# time_s  celsius  duty_pct
3.003 26.8258 40.0
3.504 26.8482 40.0
4.005 26.8928 40.0
4.506 26.9598 40.0
5.006 27.0044 40.0
5.507 27.1161 40.0
6.007 27.1161 40.0
6.508 27.1607 40.0
7.009 27.2054 40.0
7.510 27.2725 40.0
8.010 27.3845 40.0
8.511 27.4292 40.0
9.012 27.5414 40.0
9.512 27.6085 40.0
10.013 27.6984 40.0
10.513 27.7656 40.0
11.014 27.9231 40.0
11.515 28.0130 40.0
12.015 28.1708 40.0
12.516 28.2837 40.0
13.017 28.3967 40.0
13.518 28.5326 40.0
14.018 28.6912 40.0
14.519 28.8272 40.0
15.019 28.9634 40.0
15.520 29.1227 40.0
16.021 29.2596 40.0
16.521 29.4651 40.0
17.022 29.5795 40.0
17.523 29.7399 40.0
18.023 30.0152 40.0
18.524 30.1534 40.0
19.025 30.3610 40.0
19.525 30.5690 40.0
20.026 30.7789 40.0
20.527 30.9649 40.0
21.027 31.1510 40.0
21.528 31.3845 40.0
22.029 31.6186 40.0
22.529 31.8532 40.0
23.030 32.1597 40.0
23.531 32.3486 40.0
24.032 31.7829 40.0
24.532 32.7757 40.0
25.033 33.0382 40.0
25.534 33.2535 40.0
26.034 33.4933 40.0
26.535 33.7824 40.0
27.036 34.0727 40.0
27.536 34.3156 40.0
28.037 34.5837 40.0
28.538 34.8775 40.0
29.038 35.1726 40.0
29.539 35.4442 40.0
30.040 35.6673 40.0
30.540 35.9908 40.0
31.041 36.2159 40.0
31.541 36.5930 40.0
32.041 36.9469 40.0
32.542 37.1007 40.0
33.042 37.4323 40.0
33.543 37.7655 40.0
34.044 38.0749 40.0
34.544 38.3860 40.0
35.045 38.7248 40.0
35.546 39.0131 40.0
36.046 39.3033 40.0
36.547 39.6478 40.0
37.048 39.9145 40.0
37.548 40.2359 40.0
38.049 40.5596 40.0
38.550 40.8036 40.0
39.050 41.1856 40.0
39.551 41.5430 40.0
40.052 41.8471 40.0
40.553 42.1812 40.0
41.053 42.5176 40.0
41.554 42.8843 40.0
42.055 43.1969 40.0
42.555 43.5692 40.0
43.056 43.8880 40.0
43.557 44.2071 40.0
44.057 44.6166 40.0
44.558 44.9115 40.0
45.059 45.2078 40.0
45.559 45.5065 40.0
46.060 45.8973 40.0
46.561 46.2920 40.0
47.061 46.5979 40.0
47.562 46.9367 40.0
48.063 47.2158 40.0
48.564 47.6220 40.0
49.064 47.9373 40.0
49.565 48.2550 40.0
50.066 48.7035 40.0
50.566 49.0592 40.0
51.067 49.3196 40.0
51.568 49.7468 40.0
52.068 50.0780 40.0
52.569 50.5131 40.0
53.070 50.8504 40.0
53.570 51.2254 40.0
54.071 51.5345 40.0
54.572 51.9504 40.0
55.072 52.2320 40.0
55.573 52.6909 40.0
56.074 52.9401 40.0
56.574 53.2985 40.0
57.075 53.7334 40.0
57.576 54.0626 40.0
58.076 54.4319 40.0
58.577 54.8048 40.0
59.078 55.1808 40.0
59.579 55.5989 40.0
60.079 55.8675 40.0
60.580 56.2546 40.0
61.081 56.6848 40.0
61.581 57.0804 40.0
62.082 57.3195 40.0
62.583 57.8436 40.0
63.083 58.1693 40.0
63.583 58.5811 40.0
64.084 58.9975 40.0
64.585 59.2493 40.0
65.085 59.6305 40.0
65.586 59.8872 40.0
66.087 60.3183 40.0
66.587 60.4927 40.0
67.088 61.1524 40.0
67.589 61.5543 40.0
68.089 61.9156 40.0
68.590 62.1460 40.0
69.091 62.6051 40.0
69.591 62.9772 40.0
70.092 63.2585 40.0
70.593 63.7328 40.0
71.094 64.0202 40.0
71.594 64.4559 40.0
72.095 65.0456 40.0
72.596 65.0955 40.0
73.096 65.5948 40.0
73.597 65.8475 40.0
74.098 66.3584 40.0
74.599 66.6167 40.0
75.099 67.1385 40.0
75.600 67.4561 40.0
76.100 67.8832 40.0
76.601 68.3711 40.0
77.102 68.6443 40.0
77.603 68.9761 40.0
78.103 69.3105 40.0
78.604 69.7622 40.0
79.105 70.2193 40.0
79.605 70.6246 40.0
80.106 70.8582 40.0
80.607 71.2713 40.0
81.107 71.6299 40.0
81.608 71.9314 40.0
82.109 72.3579 40.0
82.609 72.4806 40.0
83.110 73.2274 40.0
83.611 73.4798 40.0
84.111 73.8619 40.0
84.612 74.1841 40.0
85.113 74.8380 40.0
85.614 74.9702 40.0
86.114 75.3698 40.0
86.615 75.7070 40.0
87.116 76.1164 40.0
87.616 76.5344 40.0
88.117 77.0950 40.0
88.618 77.2364 40.0
89.118 77.5211 40.0
89.619 77.8808 40.0
90.120 78.3172 40.0
90.620 78.9089 40.0
91.121 79.1328 40.0
91.622 79.7394 40.0
92.122 79.8926 40.0
92.623 80.2791 40.0
93.124 80.6702 40.0
93.624 81.1452 40.0
94.125 81.3050 40.0
94.625 81.5467 40.0
95.126 81.7085 40.0
95.626 82.2816 40.0
96.127 82.6133 40.0
96.627 83.0332 40.0
97.128 83.4586 40.0
97.629 83.8024 40.0
98.130 84.1509 40.0
98.630 84.4134 40.0
99.131 85.0359 40.0
99.632 85.4881 40.0
100.132 85.4881 40.0
100.633 85.9465 40.0
101.134 86.4114 40.0
101.634 86.9774 40.0
102.135 86.3175 40.0
102.636 87.5545 40.0
103.136 87.9441 40.0
103.637 88.0428 40.0
104.138 87.8456 40.0
104.638 88.7374 40.0
105.139 89.1426 40.0
105.640 89.2437 40.0
106.140 89.5515 40.0
106.641 89.9656 40.0
107.142 90.4913 40.0
107.643 90.5980 40.0
108.143 90.8111 40.0
108.644 91.7881 40.0
109.145 91.3506 40.0
109.645 92.3439 40.0
110.146 92.5686 40.0
110.647 92.4554 40.0
111.147 92.7949 40.0
111.648 93.5999 40.0
112.149 93.8333 40.0
112.649 94.3052 40.0
113.150 94.1873 40.0
113.651 95.1484 40.0
114.151 95.3946 40.0
114.652 95.5168 40.0
115.153 96.0136 40.0
115.653 95.5168 40.0
116.154 96.3918 40.0
116.655 96.2663 40.0
117.155 97.4217 40.0
117.656 97.0315 40.0
118.157 97.9480 40.0
118.657 98.2144 40.0
119.158 98.4829 40.0
119.659 98.8906 40.0
120.159 99.1646 40.0
120.660 99.5808 40.0
121.161 99.8606 40.0
121.662 100.2856 40.0
122.162 100.2856 40.0
122.663 101.2978 40.0
123.164 101.1505 40.0
123.664 101.7490 40.0
124.165 102.1990 40.0
124.666 102.5018 40.0
125.166 102.6551 40.0
125.666 102.8073 40.0
126.167 102.8073 40.0
126.667 103.7429 40.0
127.168 104.0600 40.0
127.669 103.9001 40.0
128.169 104.5403 40.0
128.670 104.7033 40.0
129.171 105.1950 40.0
129.671 105.6920 40.0
130.172 105.8607 40.0
130.673 106.1985 40.0
131.173 106.1985 40.0
131.674 106.7128 40.0
132.175 107.4094 40.0
132.675 107.5869 40.0
133.176 107.9426 40.0
133.677 108.3020 40.0
134.178 108.4843 40.0
134.678 109.2188 40.0
135.179 108.8496 40.0
135.680 109.7815 40.0
136.180 109.5921 40.0
136.681 110.1611 40.0
137.182 110.7373 40.0
137.682 110.3513 40.0
138.183 110.9332 40.0
138.684 110.5449 40.0
139.184 111.3259 40.0
139.685 111.9248 40.0
140.186 112.9461 40.0
140.686 112.7384 40.0
141.187 112.5319 40.0
141.688 112.9461 40.0
142.188 113.5718 40.0
142.689 113.3628 40.0
143.190 113.9962 40.0
143.690 114.8638 40.0
144.191 114.8638 40.0
144.692 115.5257 40.0
145.192 115.0821 40.0
145.693 116.2034 40.0
146.194 115.3046 40.0
146.695 116.6617 40.0
147.195 115.7511 40.0
147.696 116.8947 40.0
148.196 117.8364 40.0
148.697 115.7511 40.0
149.198 117.8364 40.0
149.699 117.8364 40.0
150.199 118.5613 40.0
150.700 118.8044 40.0
151.201 119.0522 40.0
151.701 119.8032 40.0
152.202 119.5500 40.0
152.703 119.8032 40.0
153.203 120.8282 40.0
153.704 120.3120 40.0
154.205 120.8282 40.0
154.706 121.8842 40.0
0.501 122.6993 40.0
1.002 122.9729 40.0
1.503 122.6993 40.0
2.003 123.5336 40.0
2.504 123.2522 40.0
0.502 125.8600 2.3
1.003 126.4600 0.0
1.503 126.4600 0.0
2.004 126.7700 0.0
2.505 126.7700 0.0
3.006 126.7700 0.0
3.507 127.3900 0.0
4.008 127.7000 0.0
4.508 128.3400 0.0
5.009 128.3400 0.0
5.510 128.3400 0.0
6.011 128.9900 0.0
6.512 128.6600 0.0
7.013 128.9900 0.0
7.514 129.3200 0.0
8.014 129.9900 0.0
8.515 128.9900 0.0
9.016 129.6500 0.0
9.517 130.3300 0.0
10.018 130.3300 0.0
10.519 130.3300 0.0
11.020 130.6700 0.0
11.520 131.3600 0.0
12.021 131.7100 0.0
12.522 131.3600 0.0
13.023 132.0700 0.0
13.524 131.7100 0.0
14.025 131.7100 0.0
14.525 132.0700 0.0
15.026 132.0700 0.0
15.527 131.7100 0.0
16.028 131.7100 0.0
16.529 133.5200 0.0
17.030 132.0700 0.0
17.531 132.4300 0.0
18.032 133.1500 0.0
18.532 132.7900 0.0
19.033 131.7100 0.0
19.534 133.1500 0.0
20.034 133.5200 0.0
20.535 132.7900 0.0
21.036 132.4300 0.0
21.536 132.7900 0.0
22.037 133.5200 0.0
22.538 133.9000 0.0
23.039 132.4300 0.0
23.540 133.5200 0.0
24.041 133.9000 0.0
24.542 133.5200 0.0
25.042 133.1500 0.0
25.543 133.1500 0.0
26.044 132.7900 0.0
26.545 133.9000 0.0
27.046 133.1500 0.0
27.547 132.7900 0.0
28.048 133.1500 0.0
28.548 133.9000 0.0
29.049 133.1500 0.0
29.550 133.1500 0.0
30.051 133.1500 0.0
30.552 133.9000 0.0
31.053 133.5200 0.0
31.554 133.9000 0.0
32.054 133.5200 0.0
32.555 133.9000 0.0
33.056 135.4300 0.0
33.557 133.5200 0.0
34.058 133.5200 0.0
34.559 133.5200 0.0
35.060 133.1500 0.0
35.560 133.1500 0.0
36.061 134.2700 0.0
36.562 132.0700 0.0
37.063 132.7900 0.0
37.564 133.1500 0.0
38.064 132.7900 0.0
38.565 133.1500 0.0
39.066 132.7900 0.0
39.567 133.1500 0.0
40.068 133.5200 0.0
40.569 132.4300 0.0
41.070 133.1500 0.0
41.570 132.4300 0.0
42.071 131.7100 0.0
42.572 133.9000 0.0
43.073 132.0700 0.0
43.574 132.7900 0.0
44.075 133.1500 0.0
44.576 131.3600 0.0
45.076 132.0700 0.0
45.576 131.7100 0.0
46.077 132.0700 0.0
46.578 131.0100 0.0
47.079 131.3600 0.0
47.580 131.7100 0.0
48.081 131.7100 0.0
48.581 130.6700 0.0
49.082 131.0100 0.0
49.583 131.3600 0.0
50.084 131.7100 0.0
50.585 131.3600 0.0
51.086 131.3600 0.0
51.587 131.0100 0.0
52.087 130.6700 0.0
52.588 131.0100 0.0
53.089 129.9900 0.0
53.590 129.3200 0.0
54.091 130.3300 0.0
54.592 129.6500 0.0
55.092 129.9900 0.0
55.593 129.9900 0.0
56.094 129.9900 0.0
56.595 129.3200 0.0
57.096 129.3200 0.0
57.597 129.6500 0.0
58.098 129.3200 0.0
58.599 129.3200 0.0
59.099 128.9900 0.0
59.600 128.0200 0.0
60.101 129.3200 0.0
60.602 128.9900 0.0
61.103 128.3400 0.0
61.604 128.0200 0.0
62.105 128.0200 0.0
62.605 127.7000 0.0
63.106 127.0800 0.0
63.607 128.0200 0.0
64.108 127.7000 0.0
64.609 128.6600 0.0
65.110 127.0800 0.0
65.610 127.0800 0.0
66.111 126.4600 0.0
66.612 126.7700 0.0
67.113 126.4600 0.0
67.614 126.4600 0.0
68.114 127.0800 0.0
68.615 126.4600 0.0
69.116 126.4600 0.0
69.617 125.5600 0.0
70.117 125.5600 0.0
70.618 126.1600 0.0
71.119 124.9700 0.0
71.619 125.5600 0.0
72.120 125.2600 0.0
72.621 125.2600 0.0
73.122 124.6700 0.0
73.623 124.6700 0.0
74.124 124.6700 0.0
74.624 124.3900 0.0
75.125 124.3900 0.0
75.626 124.1000 0.0
76.127 123.5300 0.0
76.628 123.5300 0.0
77.129 123.5300 0.0
77.630 123.5300 0.0
78.130 123.5300 0.0
78.631 122.9700 0.0
79.132 122.7000 0.0
79.633 122.7000 0.0
80.134 122.7000 0.0
80.635 122.9700 0.0
81.135 122.9700 0.0
81.636 122.4300 0.0
82.137 122.9700 0.0
82.638 122.4300 0.0
83.139 121.6200 0.0
83.640 121.8800 0.0
84.141 121.3500 0.0
84.642 121.6200 0.0
85.142 121.8800 0.0
85.643 121.3500 0.0
86.144 121.0900 0.0
86.645 120.0600 0.0
87.146 120.3100 0.0
87.647 120.0600 0.0
88.148 120.3100 0.0
88.648 120.5700 0.0
89.149 119.8000 0.0
89.650 120.0600 0.0
90.151 119.8000 0.0
90.652 119.5500 0.0
91.152 119.0500 0.0
91.653 119.0500 0.0
92.154 117.8400 0.0
92.655 118.5600 0.0
93.156 118.5600 0.0
93.657 119.0500 0.0
94.158 118.3200 0.0
94.658 117.8400 0.0
95.159 117.3600 0.0
95.659 117.8400 0.0
96.160 117.6000 0.0
96.661 118.3200 0.0
97.162 117.8400 0.0
97.662 117.6000 0.0
98.163 116.6600 0.0
98.664 116.8900 0.0
99.165 116.2000 0.0
99.666 116.4300 0.0
100.166 116.4300 0.0
100.667 115.9800 0.0
101.168 116.2000 0.0
101.669 116.2000 0.0
102.170 115.7500 0.0
102.671 115.5300 0.0
103.172 115.3000 0.0
103.672 115.5300 0.0
104.173 115.3000 0.0
104.674 114.8600 0.0
105.175 114.6400 0.0
105.676 115.3000 0.0
106.177 113.5700 0.0
106.677 113.5700 0.0
107.178 114.4300 0.0
107.679 113.7800 0.0
108.180 113.7800 0.0
108.681 112.9400 0.0
109.182 113.3600 0.0
109.683 113.1500 0.0
110.183 113.1500 0.0
110.684 113.1500 0.0
111.185 112.3300 0.0
111.686 112.9400 0.0
112.187 112.5300 0.0
112.688 112.5300 0.0
113.189 112.1300 0.0
113.690 112.1300 0.0
114.190 112.1300 0.0
114.691 111.7200 0.0
115.192 111.9200 0.0
115.693 111.5200 0.0
116.194 111.3300 0.0
116.695 111.3300 0.0
117.195 110.9300 0.0
117.696 110.9300 0.0
118.197 110.5400 0.0
118.698 110.3500 0.0
119.199 110.1600 0.0
119.700 109.7800 0.0
120.201 109.5900 0.0
120.701 109.9700 0.0
121.201 109.7800 0.0
121.702 109.4000 0.0
122.203 109.4000 0.0
122.704 109.4000 0.0
123.205 109.4000 0.0
123.706 109.0300 0.0
124.206 108.4800 0.0
124.707 108.4800 0.0
125.208 108.3000 0.0
125.709 108.1200 0.0
126.210 107.4100 0.0
126.711 108.4800 0.0
127.211 108.1200 0.0
127.712 107.4100 0.0
128.213 107.0600 0.0
128.714 107.2300 0.0
129.215 107.0600 0.0
129.716 106.8900 0.0
130.217 106.7100 0.0
130.717 106.8900 0.0
131.218 106.3700 0.0
131.719 106.2000 0.0
132.220 106.2000 0.0
132.721 106.5400 0.0
133.222 105.8600 0.0
133.722 105.8600 0.0
134.223 105.6900 0.0
134.724 105.3600 0.0
135.225 105.5300 0.0
135.726 105.3600 0.0
136.227 104.8700 0.0
136.728 104.3800 0.0
137.229 104.7000 0.0
137.730 104.5400 0.0
138.231 104.7000 0.0
138.731 104.0600 0.0
139.232 104.0600 0.0
139.733 104.0600 0.0
140.234 103.7400 0.0
140.735 103.4300 0.0
141.236 103.5800 0.0
141.737 102.9600 0.0
142.237 103.1200 0.0
142.738 102.8100 0.0
143.239 102.8100 0.0
143.740 102.5000 0.0
144.241 102.3500 0.0
144.742 102.5000 0.0
145.242 102.3500 0.0
145.742 102.3500 0.0
146.243 101.9000 0.0
146.744 101.4400 0.3
147.245 101.5900 0.0
147.746 101.0000 1.7
148.247 101.3000 0.0
148.747 101.0000 0.0
149.248 101.4400 0.0
149.749 101.1500 0.0
150.250 100.4300 1.5
150.751 100.5700 0.0
151.252 100.7100 0.0
151.753 100.7100 0.0
152.253 100.0000 1.0
152.754 99.7200 2.3
153.255 99.8600 0.0
153.756 99.7200 0.1
154.257 99.4400 1.4
154.758 99.8600 0.0
155.258 99.4400 0.0
155.759 99.1600 0.8
156.260 96.9000 18.7
156.761 98.7500 1.4
157.262 98.3500 3.8
157.763 98.7500 0.0
158.264 98.3500 1.9
158.764 98.6200 0.0
159.265 97.6800 5.6
159.766 97.6800 4.5
160.267 97.6800 3.4
160.768 97.9500 0.2
161.269 97.4200 3.8
161.769 97.1600 4.9
162.270 97.6800 0.0
162.771 97.0300 4.2
163.272 97.2900 1.0
163.773 96.7700 4.5
164.274 96.6500 4.5
164.774 96.6500 3.5
165.275 96.6500 2.6
165.776 96.1400 5.9
166.277 92.9100 31.9
166.778 95.7600 5.9
167.279 95.7600 5.0
167.779 95.7600 4.1
168.280 95.6400 4.3
168.781 95.6400 3.4
169.282 95.3900 4.7
169.783 95.3900 3.8
170.284 95.1500 5.0
170.784 94.9100 6.2
171.284 94.6600 7.3
171.785 94.7800 5.3
172.286 94.6600 5.5
172.787 94.5400 5.6
173.288 94.1900 7.7
173.788 94.1900 6.8
174.289 93.7200 9.8
174.790 94.0700 5.8
175.291 93.8300 7.0
175.792 93.8300 6.1
176.293 93.6000 7.2
176.793 94.0700 2.4
177.294 93.3700 7.6
177.795 93.2500 7.6
178.296 93.3700 5.8
178.797 93.2500 5.9
179.297 93.1400 6.1
179.798 92.7900 8.1
180.299 92.9100 6.3
180.800 92.5700 8.3
181.301 92.9100 4.5
181.802 92.5700 6.7
182.303 92.2300 8.6
182.803 92.1200 8.7
183.304 92.1200 7.8
183.805 92.0100 7.8
184.306 93.1400 0.0
184.807 92.0100 6.6
185.308 91.7900 7.6
185.808 92.1200 4.0
186.309 91.3500 9.7
186.810 91.4600 7.9
187.311 91.3500 7.9
187.812 91.0300 9.8
188.313 91.3500 6.1
188.813 91.0300 8.1
189.314 90.8100 9.0
189.815 91.0300 6.3
190.316 91.0300 5.6
190.817 90.8100 6.6
191.318 90.7000 6.7
191.819 90.3900 8.6
192.319 90.2800 8.6
192.820 90.4900 6.0
193.321 90.0700 8.8
193.822 90.0700 7.9
194.323 89.6500 10.6
194.824 90.0700 6.2
195.324 89.9700 6.3
195.825 89.3500 10.7
196.326 89.8600 5.5
196.826 89.7600 5.7
197.327 89.9700 3.2
197.828 89.4500 6.9
198.328 89.3500 7.0
198.829 89.0400 8.8
199.330 89.3500 5.3
199.831 89.2400 5.5
200.332 89.1400 5.6
200.833 89.1400 4.9
201.333 89.1400 4.2
201.834 88.8400 6.0
202.335 88.6400 7.0
202.836 88.7400 5.3
203.337 88.7400 4.6
203.838 88.9400 2.2
204.339 88.5400 5.0
204.839 88.5400 4.2
205.340 88.6400 2.7
205.841 87.9400 7.8
206.342 88.3400 3.6
206.843 88.3400 2.9
207.344 88.0400 4.7
207.844 87.7500 6.4
208.345 87.9400 4.0
208.846 88.1400 1.6
209.347 87.8500 3.4
209.848 87.8500 2.7
210.349 88.0400 0.4
210.850 87.7500 2.2
211.350 87.7500 1.5
211.851 87.4600 3.3
212.352 87.3600 3.4
212.853 88.2400 0.0
213.354 87.3600 2.2
213.855 87.2600 2.3
214.356 86.7900 5.5
214.856 87.0700 2.2
215.357 87.2600 0.0
215.858 87.1700 0.1
216.359 86.8800 1.8
216.860 87.0700 0.0
217.360 86.8800 0.4
217.861 86.8800 0.0
218.362 86.6900 0.6
218.863 86.2200 3.8
219.364 86.6000 0.0
219.865 86.6900 0.0
220.365 86.4100 0.1
220.866 86.2200 0.9
221.367 86.1300 0.9
221.867 86.1300 0.1
222.368 86.1300 0.0
222.869 86.3200 0.0
223.370 86.2200 0.0
223.871 86.0400 0.0
224.372 85.8500 0.0
224.872 85.6700 0.0
225.373 85.6700 0.0
225.874 85.6700 0.0
226.375 85.7600 0.0
226.876 85.4000 0.0
227.377 85.5800 0.0
227.878 85.4000 0.0
228.378 85.4000 0.0
228.879 85.2200 0.0
229.380 85.2200 0.0
229.881 85.1300 0.0
230.382 84.9500 0.0
230.883 85.0400 0.0
231.383 85.0400 0.0
231.884 84.7700 0.0
232.385 84.6800 0.0
232.886 84.9500 0.0
233.387 84.5900 0.0
233.888 84.3300 0.0
234.389 84.5000 0.0
234.889 84.3300 0.0
235.390 84.1500 0.0
235.891 85.4900 0.0
236.392 84.0600 0.0
236.893 83.8000 0.0
237.394 84.0600 0.0
237.895 84.1500 0.0
238.395 83.8900 0.0
238.896 83.9800 0.0
239.397 83.6300 0.0
239.898 83.8000 0.0
240.399 83.4600 0.0
240.900 83.4600 0.0
241.401 83.2900 0.0
241.901 83.2000 0.0
242.402 83.2000 0.0
242.903 83.1200 0.0
243.404 82.9500 0.0
243.905 82.7800 0.0
244.406 82.7800 0.0
244.906 82.7800 0.0
245.407 82.5300 0.0
245.908 82.3600 0.0
246.409 82.4500 0.0
246.909 82.4500 0.0
247.410 82.3600 0.0
247.911 82.2800 0.0
248.411 82.0300 0.0
248.912 82.2000 0.0
249.413 82.1200 0.0
249.914 81.9500 0.0
250.415 81.7900 0.0
250.916 81.9500 0.0
251.416 81.7100 0.0
251.917 81.7900 0.0
252.418 81.4700 0.0
252.919 81.3900 0.0
253.420 81.5500 0.0
253.921 80.8300 0.0
254.422 81.0700 0.0
254.922 80.9900 0.0
0.501 80.5900 2.4
1.002 80.4300 3.5
1.503 80.5100 2.5
2.004 80.3600 3.5
2.505 80.5900 1.3
3.006 80.3600 3.0
3.507 80.1200 4.7
4.007 80.1200 4.3
4.508 79.9700 5.2
5.009 80.0500 4.2
5.510 79.8200 5.7
6.011 79.8900 4.7
6.512 79.5900 6.8
7.013 79.5100 7.0
7.513 79.5900 5.9
8.014 79.3600 7.3
8.515 79.4300 6.2
9.016 79.2100 7.6
9.517 79.1300 7.8
10.018 79.1300 7.2
10.518 78.9800 8.0
11.019 79.0600 6.9
11.520 78.5400 10.7
12.021 78.6900 8.9
12.522 78.6100 8.9
13.023 78.4600 9.6
13.524 78.6100 7.8
14.025 78.5400 7.9
14.525 78.2400 9.9
15.026 78.0300 11.1
15.527 78.9100 3.1
16.028 77.8800 11.4
16.529 77.9500 10.2
17.030 77.8800 10.2
17.530 77.9500 9.0
18.031 77.3800 13.2
18.531 77.8100 8.9
19.032 77.7400 9.0
19.533 77.5200 10.3
20.034 77.5200 9.7
20.535 77.5900 8.5
21.035 77.4500 9.2
21.536 77.2400 10.4
22.037 77.3800 8.7
22.538 77.3800 8.1
23.039 77.2400 8.8
23.540 76.9500 10.7
24.040 77.0900 8.8
24.541 76.8100 10.7
25.042 76.8800 9.4
25.543 76.8800 8.9
26.044 76.5300 11.2
26.545 76.5300 10.6
27.045 76.6700 8.8
27.546 76.7400 7.7
28.047 76.5300 8.9
28.548 76.5300 8.4
29.049 76.3200 9.6
29.549 76.2500 9.6
30.050 76.1200 10.1
30.551 76.3200 7.8
31.052 76.1800 8.4
31.553 76.1200 8.4
32.054 76.1800 7.3
32.555 76.1200 7.3
33.055 76.1200 6.8
33.556 76.1200 6.3
34.057 76.0500 6.3
34.558 76.0500 5.8
35.059 75.5000 9.8
35.560 75.8400 6.3
36.061 75.9800 4.7
36.561 75.8400 5.3
37.062 75.6400 6.5
37.563 75.9100 3.6
38.064 75.8400 3.8
38.565 75.8400 3.3
39.066 75.6400 4.5
39.567 75.6400 4.0
40.067 75.6400 3.4
40.568 75.3700 5.1
41.069 75.5700 2.9
41.570 75.5700 2.3
42.071 75.4400 3.0
42.572 75.5000 1.9
43.072 75.7100 0.0
43.573 75.4400 1.5
44.073 75.3700 1.5
44.574 75.3700 1.0
45.075 75.2400 1.6
45.575 75.3700 0.0
46.076 75.3700 0.0
46.577 75.3000 0.0
47.078 75.3000 0.0
47.579 75.2400 0.0
48.079 75.3700 0.0
48.580 75.2400 0.0
49.081 75.1700 0.0
49.582 75.0400 0.0
50.083 75.1000 0.0
50.584 76.7400 0.0
51.084 75.1000 0.0
51.585 75.1700 0.0
52.086 74.9000 0.0
52.587 75.1000 0.0
53.088 74.8400 0.0
53.589 74.9000 0.0
54.089 74.7100 0.0
54.590 74.8400 0.0
55.091 74.7700 0.0
55.592 75.2400 0.0
56.093 74.7100 0.0
56.594 74.2500 0.0
57.094 74.5700 0.0
57.595 74.4400 0.0
58.096 74.5100 0.0
58.597 74.5100 0.0
59.098 74.3800 0.0
59.599 74.3100 0.0
60.099 74.3800 0.0
60.600 74.3100 0.0
61.101 74.2500 0.0
61.602 74.1800 0.0
62.103 74.1200 0.0
62.604 74.0500 0.0
63.104 74.0500 0.0
63.605 74.0500 0.0
64.106 74.0500 0.0
64.607 73.8600 0.0
65.108 73.9900 0.0
65.609 74.3800 0.0
66.110 73.9300 0.0
66.610 73.7300 0.0
67.111 73.8000 0.0
67.612 73.8000 0.0
68.113 73.4800 0.0
68.614 73.6100 0.0
69.115 73.6100 0.0
69.615 73.4200 0.0
70.116 73.4200 0.0
70.616 73.3500 0.0
71.117 73.2300 0.0
71.618 73.2900 0.0
72.119 73.2300 0.0
72.620 73.1600 0.0
73.120 73.1000 0.0
73.621 73.1000 0.0
74.122 72.9100 0.0
74.623 73.0400 0.0
75.124 75.8400 0.0
75.624 72.8500 0.0
76.125 72.7900 0.0
76.626 72.7300 0.0
77.127 72.6700 0.0
77.628 72.6000 0.0
78.129 72.4800 0.0
78.629 72.4800 0.0
79.130 72.4200 0.0
79.631 72.3600 0.0
80.132 72.3600 0.0
80.633 72.1700 0.0
81.133 72.3600 0.0
81.634 71.9900 0.0
82.135 70.1600 1.8
82.636 71.9300 0.0
83.137 71.9300 0.0
83.638 71.8100 0.0
84.138 71.7500 0.0
84.639 71.6900 0.0
85.140 71.6300 0.0
85.641 71.6900 0.0
86.142 71.4500 0.0
86.643 71.4500 0.0
87.143 71.3900 0.0
87.644 71.3900 0.0
88.145 71.2700 0.0
88.646 71.1500 0.0
89.147 71.2700 0.0
89.648 71.0900 0.0
90.148 71.0900 0.0
90.649 70.9800 0.0
91.150 70.9200 0.0
91.651 70.6200 0.0
92.152 70.6200 0.0
92.652 70.6200 0.0
93.153 70.6800 0.0
93.654 70.2800 0.0
94.155 70.4500 0.0
94.656 70.4500 0.0
95.156 70.4500 0.0
95.656 70.2200 0.0
96.157 70.2200 0.0
96.658 70.2800 0.0
97.159 70.0500 0.0
97.660 69.9300 0.0
98.160 69.9900 0.0
98.661 69.8800 0.0
99.162 69.7600 0.0
99.663 69.7100 0.0
100.164 69.5900 0.0
100.665 69.5900 0.0
101.166 69.7100 0.0
101.666 69.3100 0.0
102.167 69.3100 0.0
102.668 69.1400 0.0
103.169 69.3700 0.0
103.670 68.9200 0.0
104.171 69.0900 0.0
104.672 68.9800 0.0
105.172 69.0300 0.0
105.673 68.8100 0.0
106.174 68.9200 0.0
106.675 68.8700 0.0
107.176 68.6400 0.0
107.677 68.7000 0.0
108.177 68.5900 0.0
108.678 68.4800 0.0
109.179 68.3700 0.0
109.680 69.1400 0.0
110.181 68.2600 0.0
110.682 68.2100 0.0
111.183 68.1000 0.0
111.683 68.0500 0.0
112.184 67.9400 0.0
112.685 67.9900 0.0
113.186 67.7200 0.0
113.687 67.6700 0.0
114.188 67.6700 0.0
114.688 67.6700 0.0
115.189 67.5600 0.0
115.690 67.5600 0.0
116.191 67.4000 0.0
116.692 67.3000 0.0
117.193 67.3500 0.0
117.694 67.1900 0.0
118.194 67.0900 0.0
118.695 67.1900 0.0
119.196 67.0300 0.0
119.697 66.9300 0.0
120.198 66.9300 0.0
120.698 66.8200 0.0
121.199 66.8200 0.0
121.699 66.6700 0.0
122.200 66.6700 0.0
122.701 66.6200 0.0
123.202 66.5100 0.0
123.703 66.4100 0.0
124.204 66.3100 0.0
124.704 66.3100 0.0
125.205 66.0500 0.0
125.706 66.0500 0.0
126.207 66.0000 0.0
126.708 66.0500 0.0
127.209 65.8000 0.0
127.710 65.8500 0.0
128.211 65.8000 0.0
128.711 65.6000 0.0
129.212 65.7500 0.0
129.713 65.6000 0.0
130.214 65.5400 0.0
130.715 65.3900 0.0
131.216 65.3400 0.0
131.716 65.2900 0.0
132.217 65.1500 0.0
132.718 65.2900 0.0
133.219 65.1900 0.0
133.720 65.1000 0.0
134.220 65.0500 0.0
134.721 65.2400 0.0
135.222 64.8500 0.0
135.723 64.8000 0.0
136.224 64.6500 0.0
136.725 64.5500 0.0
137.226 64.6000 0.0
137.727 64.5500 0.0
138.228 64.5000 0.0
138.728 64.3600 0.0
139.229 64.1700 0.0
139.730 64.2100 0.0
140.231 64.1700 0.0
140.732 64.0700 0.0
141.233 63.8800 0.0
141.733 63.9700 0.0
142.234 63.9700 0.0
142.735 63.7800 0.0
143.236 63.6400 0.0
143.737 63.6900 0.0
144.238 63.5900 0.0
144.739 63.6400 0.0
145.239 63.4900 0.0
145.740 63.4000 0.0
146.240 63.2600 0.0
146.741 63.1600 0.0
147.242 63.2100 0.0
147.743 63.1600 0.0
148.244 63.0700 0.0
148.744 62.9300 0.0
149.245 62.9300 0.0
149.746 62.8400 0.0
150.247 62.8800 0.0
150.748 62.7400 0.0
151.249 62.5100 0.0
151.749 62.6100 0.0
152.250 62.2800 0.0
152.751 62.5100 0.0
153.252 62.4700 0.0
153.753 62.2800 0.0
154.254 62.2400 0.0
154.754 62.3300 0.0
155.255 62.1000 0.0
155.756 62.1000 0.0
156.257 62.5600 0.0
156.758 61.9600 0.0
157.259 61.9600 0.0
157.759 61.8200 0.0
158.260 61.7800 0.0
158.761 61.8700 0.0
159.262 61.6400 0.0
159.763 61.5500 0.4
160.264 61.5500 0.1
160.765 61.3800 1.2
161.265 61.3300 1.3
161.766 61.3300 0.9
162.267 61.2400 1.4
162.768 61.2400 1.1
163.269 61.1100 1.9
163.770 61.0600 2.0
164.270 60.8000 3.9
164.771 60.9800 2.0
165.272 60.8900 2.5
165.773 60.8000 3.0
166.274 61.4200 0.0
166.774 60.6700 3.8
167.275 60.6200 3.8
167.776 60.5800 3.9
168.277 60.4900 4.3
168.778 60.3600 5.2
169.279 60.3200 5.2
169.779 60.2300 5.6
170.280 60.2300 5.3
170.781 60.2300 5.1
171.281 60.0200 6.6
171.782 60.1500 5.2
172.283 59.9700 6.5
172.784 59.8900 6.9
173.284 59.9700 5.9
173.785 59.8000 7.2
174.286 59.7200 7.6
174.787 59.6300 8.1
175.288 59.5500 8.5
175.789 59.5500 8.3
176.290 79.6600 0.0
176.790 59.2900 18.3
177.291 59.4200 16.2
177.792 59.3800 15.6
178.293 59.2900 15.5
178.794 59.3300 14.4
179.295 59.2500 14.4
179.795 59.2100 14.1
180.296 59.1200 14.2
180.797 59.2900 12.2
181.298 59.0800 13.6
181.799 59.0000 13.8
182.300 58.9100 14.0
182.801 59.0400 12.6
183.302 58.8700 13.6
183.802 58.7100 14.6
184.303 58.8300 13.2
184.804 58.7500 13.6
185.305 58.7500 13.3
185.806 58.7500 13.1
186.307 58.7100 13.2
186.807 58.7100 12.9
187.308 58.7100 12.8
187.809 58.6200 13.3
188.310 58.6200 13.1
188.811 58.6200 12.9
189.312 58.6200 12.8
189.813 58.5800 13.0
190.313 58.6200 12.6
190.814 58.6200 12.5
191.315 58.5000 13.4
191.816 58.5000 13.3
192.317 58.5800 12.5
192.818 58.5000 13.2
193.319 58.4600 13.4
193.819 58.5400 12.7
194.320 58.5800 12.3
194.821 58.5000 13.0
195.322 58.5800 12.2
195.823 58.5800 12.2
196.323 58.5800 12.3
196.823 58.6200 11.9
197.324 58.6200 11.9
197.825 58.6200 12.0
198.326 58.6600 11.7
198.827 58.7500 11.0
199.328 58.7100 11.4
199.829 58.7100 11.5
200.329 58.7100 11.6
200.830 58.7100 11.6
201.331 58.7500 11.3
201.832 58.7100 11.7
202.333 58.8300 10.7
202.834 58.9600 9.8
203.334 58.9100 10.2
203.835 58.8700 10.7
204.336 58.8700 10.8
204.837 59.1200 8.8
205.338 58.9600 10.3
205.839 59.0400 9.7
206.340 59.0400 9.8
206.840 59.0800 9.6
207.341 59.0000 10.4
207.842 59.2100 8.7
208.343 59.2100 8.9
208.844 59.2500 8.6
209.345 59.2500 8.8
209.846 59.3300 8.2
210.347 59.4600 7.3
210.847 59.2900 8.9
211.348 59.3300 8.6
211.849 59.4600 7.7
212.350 59.4600 7.8
212.851 59.5900 6.9
213.352 59.5900 7.0
213.852 59.6700 6.5
214.353 59.0000 12.3
214.854 59.6700 6.6
215.355 59.6700 6.7
215.856 59.7200 6.5
216.357 59.9300 4.9
216.858 59.8400 5.8
217.358 59.8000 6.3
217.859 59.9300 5.4
218.360 59.9300 5.5
218.861 59.9700 5.3
219.362 60.1500 4.0
219.863 60.0600 5.0
220.363 60.1000 4.7
220.864 60.1000 4.9
221.365 60.4100 2.5
221.865 60.1900 4.5
222.366 60.3600 3.2
222.867 60.2700 4.1
223.368 60.4500 2.8
223.868 60.4100 3.3
224.369 60.4100 3.4
224.870 60.4900 2.8
225.371 60.5400 2.6
225.872 60.5800 2.4
226.373 60.4900 3.2
226.874 60.7100 1.5
227.374 60.6700 2.0
227.875 60.6200 2.5
228.376 60.6700 2.3
228.877 60.7100 2.0
229.378 60.5800 3.2
229.879 60.7100 2.1
230.379 60.8400 1.1
230.880 60.8400 1.2
231.381 60.8400 1.4
231.882 60.8000 1.8
232.383 61.0600 0.0
232.884 60.9800 0.6
233.385 60.9300 1.1
233.885 61.0200 0.4
234.386 61.1500 0.0
234.887 61.0600 0.3
235.388 61.0600 0.4
235.889 61.0600 0.5
236.390 61.1500 0.0
236.891 61.1500 0.0
237.391 61.2400 0.0
237.892 61.0600 0.9
238.393 61.2000 0.0
238.894 61.1500 0.3
239.395 61.2400 0.0
239.896 61.2000 0.1
240.397 61.2400 0.0
240.897 61.3300 0.0
241.398 61.2400 0.0
241.899 61.3300 0.0
242.400 61.3300 0.0
242.901 61.2900 0.0
243.402 61.3300 0.0
243.903 61.4200 0.0
244.403 61.3300 0.0
244.904 61.3800 0.0
245.405 61.3300 0.0
245.906 61.3300 0.0
246.406 61.3800 0.0
246.907 61.3300 0.0
247.407 61.4200 0.0
247.908 61.3800 0.0
248.409 61.3300 0.0
248.910 61.3800 0.0
249.411 61.2900 0.4
249.912 61.2400 0.7
250.413 61.2400 0.7
250.913 61.2000 1.0
251.414 61.3800 0.0
251.915 61.4200 0.0
252.416 61.3300 0.0
252.917 61.2000 1.0
253.418 61.2400 0.6
253.919 61.2000 0.9
254.419 61.2400 0.4
254.920 61.1100 1.5
255.421 61.2000 0.7
255.922 61.1500 1.0
256.423 61.2000 0.5
256.924 61.2000 0.5
257.424 61.0600 1.5
257.925 61.0200 1.8
258.426 61.0600 1.3
258.927 61.0200 1.6
259.428 61.0600 1.1
259.929 61.0200 1.4
260.430 61.0200 1.4
260.931 60.9300 2.0
261.432 60.9800 1.5
261.933 60.8400 2.6
262.434 60.9300 1.7
262.935 60.8900 2.0
263.436 60.8400 2.3
263.937 60.7500 2.9
264.438 60.8400 2.0
264.938 60.7100 3.0
265.440 60.7500 2.6
265.941 60.7500 2.5
266.442 60.8000 2.0
266.943 60.7100 2.7
267.443 60.6700 2.9
267.944 60.7100 2.5
268.445 60.6700 2.8
268.946 60.4900 4.1
269.447 60.6700 2.5
269.948 60.5800 3.2
270.448 60.5400 3.4
270.948 60.4900 3.7
271.449 60.5400 3.2
271.950 60.4900 3.5
272.451 60.5400 3.0
272.952 60.3600 4.4
273.453 60.1500 6.1
273.954 60.2700 4.8
274.455 60.3600 4.0
274.956 60.2700 4.6
275.456 60.1900 5.2
275.957 60.2700 4.4
276.458 60.1500 5.4
276.959 60.1500 5.3
277.460 60.2300 4.4
277.961 60.1500 5.1
278.462 60.2300 4.3
278.962 60.1000 5.3
279.463 60.0200 5.9
279.964 60.0200 5.8
280.465 60.0200 5.7
280.966 59.9300 6.3
281.467 60.1000 4.8
281.968 59.9700 5.8
282.469 59.8900 6.4
282.969 59.8000 7.0
283.470 59.9300 5.8
283.971 59.8000 6.8
284.472 59.9300 5.7
284.973 59.8000 6.7
285.474 59.8400 6.2
285.975 59.7200 7.2
286.475 59.8000 6.4
286.976 59.8000 6.3
287.477 59.6300 7.7
287.978 59.5900 8.0
288.479 59.7200 6.8
288.980 59.6700 7.1
289.481 59.5900 7.7
289.981 59.6700 6.9
290.482 59.6700 6.9
290.983 59.5000 8.3
291.484 59.4600 8.5
291.985 59.5900 7.4
292.486 59.5000 8.0
292.987 59.5000 8.0
293.487 59.5500 7.5
293.988 59.5000 7.9
294.489 59.5000 7.8
294.990 59.5000 7.8
295.490 59.4600 8.1
295.991 59.4200 8.4
296.491 59.4600 8.0
296.992 59.4200 8.3
297.493 59.5000 7.6
297.994 59.4600 7.9
298.495 59.5000 7.5
298.996 59.4200 8.2
299.497 59.3800 8.6
299.997 59.3300 8.9
300.498 59.4200 8.1
300.999 59.4200 8.1
301.500 59.3300 8.8
302.001 59.4600 7.7
302.502 59.4600 7.7
303.003 59.3300 8.8
303.504 59.3800 8.4
304.005 59.4200 8.1
304.505 59.4200 8.1
305.006 59.3800 8.4
305.507 59.5900 6.7
306.008 59.3300 8.8
306.509 59.3800 8.5
307.010 59.4600 7.8
307.510 59.3800 8.5
308.011 59.4200 8.1
308.512 59.2900 9.2
309.013 59.4200 8.1
309.514 59.5500 7.1
310.015 59.3800 8.6
310.516 59.4200 8.2
311.017 59.5500 7.2
311.517 59.5000 7.6
312.018 59.5500 7.2
312.519 59.5000 7.7
313.020 59.4600 8.1
313.521 59.3300 9.1
314.022 59.5500 7.3
314.523 59.5500 7.4
315.024 59.6300 6.7
315.525 59.5900 7.2
316.026 59.5500 7.6
316.527 59.8400 5.1
317.028 59.5500 7.7
317.529 59.6700 6.7
318.030 59.5900 7.5
318.531 59.7200 6.4
319.031 59.7600 6.1
319.531 59.6700 6.9
320.032 59.5500 8.1
320.533 59.8000 5.9
321.034 59.7200 6.7
321.535 59.7200 6.8
322.036 59.7600 6.4
322.536 59.8400 5.8
323.037 59.8000 6.2
323.538 59.8000 6.3
324.039 59.9700 4.9
324.540 59.8000 6.5
325.041 59.7600 6.8
325.542 59.9700 5.1
326.042 59.9300 5.5
326.543 59.9300 5.6
327.044 59.9700 5.3
327.545 59.9300 5.7
328.046 59.9300 5.8
328.547 59.9700 5.5
329.048 60.0600 4.8
329.548 60.0200 5.2
330.049 59.9700 5.7
330.550 59.9700 5.7
331.051 60.1500 4.3
331.552 60.0600 5.1
332.053 60.1900 4.1
332.554 60.1000 4.9
333.055 60.1000 4.9
333.555 60.1500 4.6
334.056 60.0600 5.4
334.557 60.2300 4.0
335.058 60.1900 4.4
335.559 60.3600 3.0
336.060 60.2700 3.9
336.561 60.2300 4.3
337.061 60.2700 4.0
337.562 60.0200 6.2
338.063 60.2700 4.0
338.564 60.4100 3.0
339.065 60.3200 3.8
339.566 60.2300 4.5
340.067 60.3600 3.5
340.567 60.4100 3.2
341.068 60.4500 2.9
341.569 60.4500 3.0
342.070 60.4100 3.4
342.571 60.4900 2.7
343.072 60.4100 3.5
343.573 60.8900 0.0
344.073 60.5400 2.7
344.573 60.5400 2.7
345.074 60.5400 2.8
345.575 60.5800 2.4
346.076 60.5400 2.9
346.577 60.4900 3.2
347.078 60.5800 2.5
347.578 60.5800 2.5
348.079 60.4500 3.7
348.580 60.5400 2.9
349.081 60.6200 2.2
349.582 60.5800 2.6
350.083 60.5800 2.6
350.584 60.6200 2.3
351.085 60.4900 3.4
351.585 60.6200 2.3
352.086 60.5800 2.7
352.587 60.7100 1.6
353.088 60.6200 2.4
353.589 60.5800 2.7
354.090 60.4900 3.4
354.591 60.5800 2.7
355.091 60.5800 2.7
355.592 60.7100 1.6
356.093 60.5800 2.7
356.594 60.6700 1.9
357.095 60.6700 2.0
357.596 60.6200 2.3
358.097 60.7500 1.2
358.597 61.7800 0.0
359.098 60.4900 4.0
359.599 60.5800 3.1
360.100 60.7100 2.0
360.601 60.5800 3.0
361.102 60.6700 2.2
361.603 60.7100 1.9
362.103 60.5800 3.0
362.604 60.5400 3.2
363.105 60.5800 2.8
363.606 60.5400 3.1
364.107 60.4900 3.4
364.607 60.4500 3.7
365.108 60.5800 2.6
365.609 60.5800 2.5
366.110 60.4500 3.6
366.611 60.4900 3.2
367.112 60.4900 3.1
367.613 60.4500 3.4
368.113 60.4500 3.4
368.614 60.5800 2.2
369.115 60.5400 2.6
369.615 60.4500 3.3
370.116 60.5400 2.5
370.617 60.4500 3.2
371.118 60.1900 5.3
371.619 60.3600 3.8
372.119 60.4500 3.0
372.620 60.4100 3.3
373.121 60.4100 3.3
373.622 60.4100 3.2
374.123 60.2300 4.6
374.624 60.4500 2.7
375.125 60.3200 3.8
375.625 60.2700 4.1
376.126 60.3200 3.7
376.627 60.3200 3.6
377.128 60.3200 3.6
377.629 60.3200 3.6
378.130 60.1900 4.6
378.630 60.2300 4.2
379.131 60.1900 4.5
379.632 60.1500 4.8
380.133 60.1900 4.3
380.634 60.1900 4.3
381.135 60.1900 4.2
381.635 60.1900 4.2
382.136 60.1500 4.5
382.637 59.9700 5.9
383.138 60.0600 5.1
383.639 60.1500 4.3
384.140 60.0200 5.3
384.641 60.0600 4.9
385.141 60.1000 4.5
385.642 60.0600 4.8
386.143 60.0200 5.1
386.644 60.1000 4.3
387.145 59.9700 5.4
387.646 59.9700 5.3
388.147 60.0200 4.9
388.648 59.9700 5.3
389.148 59.9700 5.2
389.649 59.9300 5.5
390.150 59.9300 5.5
390.651 59.8900 5.8
391.152 59.9300 5.4
391.653 59.9700 5.0
392.154 59.8000 6.4
392.654 59.9300 5.2
393.155 59.8400 5.9
393.656 59.8400 5.9
394.156 59.8000 6.2
394.657 59.6700 7.2
395.158 59.8400 5.7
395.659 59.6700 7.1
396.159 59.8400 5.6
396.660 59.8000 5.9
397.161 59.8000 5.9
397.662 59.8400 5.5
398.163 59.7200 6.6
398.664 59.8400 5.5
399.164 59.8000 5.8
399.665 59.8000 5.8
400.166 59.5900 7.6
400.667 59.7600 6.1
401.168 59.8000 5.7
401.669 59.6300 7.1
402.169 59.7600 6.0
402.670 59.7600 6.0
403.171 59.7600 6.0
403.672 59.7600 6.0
404.173 59.7200 6.3
404.674 59.5900 7.4
405.175 59.7600 5.9
405.676 59.7600 5.9
406.177 59.5900 7.4
406.678 59.7600 5.9
407.179 59.5900 7.3
407.679 59.7200 6.2
408.180 59.6700 6.6
408.681 59.6300 6.9
409.182 59.6300 6.9
409.683 59.7200 6.2
410.184 59.7200 6.2
410.685 59.5900 7.2
411.186 59.5900 7.2
411.687 59.6700 6.5
412.187 59.5900 7.2
412.688 59.7200 6.1
413.189 59.7200 6.1
413.690 59.5900 7.2
414.191 59.7200 6.1
414.692 59.4200 8.6
415.193 59.5900 7.1
415.693 59.8400 5.0
416.194 59.6300 6.8
416.695 59.7200 6.1
417.196 59.7200 6.2
417.697 59.5900 7.3
418.198 59.6300 6.9
418.698 59.6700 6.5
419.198 59.5500 7.6
419.699 59.6700 6.5
420.200 59.7200 6.2
420.701 59.6700 6.6
421.202 59.6300 6.9
421.703 59.7600 5.9
422.203 59.7200 6.3
422.704 59.6300 7.0
423.205 59.8900 4.9
423.706 59.7600 6.0
424.207 59.8000 5.7
424.708 59.8400 5.4
425.209 59.7600 6.2
425.709 59.7600 6.2
426.210 59.8000 5.8
426.711 59.7600 6.2
427.212 59.8000 5.9
427.713 59.7200 6.7
428.214 59.8000 5.9
428.715 59.8400 5.6
429.215 59.8900 5.3
429.716 59.7200 6.8
430.217 59.8900 5.3
430.718 59.9300 5.0
431.219 60.1000 3.6
431.720 59.9300 5.2
432.221 59.7600 6.7
432.721 59.8900 5.6
433.222 59.8400 6.0
433.723 59.8400 6.0
434.224 59.8900 5.6
434.725 59.8900 5.7
435.226 59.8900 5.7
435.726 59.8900 5.7
436.227 59.9300 5.3
436.728 59.9700 5.0
437.229 59.9300 5.4
437.730 59.9300 5.5
438.231 59.9300 5.5
438.732 60.0200 4.8
439.232 60.0200 4.8
439.733 60.0600 4.5
440.234 60.0600 4.6
440.735 60.0200 5.0
441.236 60.0600 4.7
441.737 60.0600 4.7
442.238 60.0200 5.1
442.738 60.1500 4.0
443.239 60.1000 4.4
443.740 60.1000 4.5
444.240 60.1500 4.2
444.741 60.1000 4.6
445.242 60.1900 3.9
445.743 59.8900 6.5
446.243 60.1500 4.2
446.744 60.1500 4.3
447.245 60.1500 4.3
447.746 60.1500 4.3
448.247 60.1000 4.7
448.747 60.1900 4.0
449.248 60.2300 3.7
449.749 60.1500 4.5
450.250 60.1900 4.1
450.751 60.2300 3.8
451.252 60.1900 4.2
451.753 60.1900 4.2
452.253 60.1500 4.6
452.754 60.2300 3.9
453.255 60.1900 4.2
453.756 60.2700 3.5
454.257 60.2700 3.6
454.758 60.3200 3.2
455.259 60.2700 3.6
455.759 60.1500 4.8
456.260 60.2700 3.6
456.761 60.1900 4.4
457.262 60.1500 4.8
457.763 60.3200 3.3
458.264 60.2700 3.7
458.765 60.3600 3.0
459.266 60.2300 4.1
459.766 60.2300 4.1
460.267 60.3200 3.4
460.768 60.1500 4.8
461.269 60.2700 3.7
461.770 60.3200 3.4
462.271 60.3600 3.0
462.771 60.2300 4.2
463.272 60.4100 2.7
463.773 60.2700 3.8
464.274 60.1900 4.5
464.775 60.3200 3.4
465.276 60.4100 2.7
465.776 60.2700 3.8
466.277 60.3600 3.1
466.778 60.2700 3.8
467.279 60.2700 3.8
467.780 60.3200 3.5
468.281 60.2700 3.8
468.781 60.3600 3.1
469.281 60.3200 3.5
469.782 60.3600 3.1
470.283 60.2700 3.8
470.784 60.1900 4.5
471.285 60.1900 4.5
471.786 60.3200 3.4
472.287 60.2300 4.1
472.788 60.2700 3.7
473.288 60.2300 4.1
473.789 60.1500 4.8
474.290 60.1500 4.7
474.791 60.2300 3.9
475.292 60.2300 3.9
475.793 60.3200 3.2
476.293 60.2300 3.9
476.794 60.1900 4.3
477.295 60.2700 3.5
477.796 60.1000 5.0
478.297 60.2300 3.8
478.798 60.1900 4.2
479.299 61.2000 0.0
479.799 60.1900 4.6
480.300 60.2300 4.1
480.801 60.2700 3.7
481.302 60.1500 4.8
481.803 60.2700 3.6
482.304 60.2700 3.6
482.804 60.1000 5.1
483.305 60.1500 4.6
483.806 60.1500 4.6
484.307 60.1900 4.2
484.808 60.2300 3.8
485.309 60.0600 5.2
485.810 60.1900 4.1
486.310 60.0600 5.1
486.811 60.0600 5.1
487.312 60.1500 4.3
487.813 60.1500 4.3
488.314 60.1500 4.3
488.815 60.1000 4.6
489.316 60.1000 4.6
489.816 60.0600 4.9
490.317 60.1000 4.5
490.818 60.0600 4.8
491.319 60.1000 4.5
491.820 59.9700 5.5
492.321 60.0600 4.7
492.821 60.1000 4.3
493.322 60.0600 4.7
493.823 59.9700 5.4
494.323 60.1000 4.3
494.824 60.0200 5.0
495.325 60.0200 5.0
495.826 60.0200 4.9
496.326 60.0200 4.9
496.827 60.0200 4.9
497.328 60.0600 4.5
497.829 59.9700 5.2
498.330 59.9700 5.2
498.831 59.7600 6.9
499.331 59.9700 5.0
499.832 59.9300 5.4
500.333 59.8400 6.1
500.834 60.0200 4.6
501.335 59.9700 5.0
501.836 59.9700 5.0
502.337 59.9300 5.3
502.837 59.9700 4.9
503.338 60.1900 3.1
503.839 59.8400 6.1
504.340 59.9700 4.9
504.841 60.0200 4.6
505.342 59.9300 5.3
505.843 59.9300 5.3
506.343 59.9300 5.3
506.844 59.8900 5.6
507.345 59.9300 5.2
507.846 59.8400 5.9
508.347 59.8400 5.9
508.848 59.8400 5.8
509.348 59.8000 6.2
509.849 59.8000 6.1
510.350 59.8400 5.7
510.851 59.8000 6.1
511.352 59.8400 5.7
511.853 59.8900 5.3
512.354 59.8900 5.3
512.854 59.9700 4.6
513.355 59.8400 5.7
513.856 59.8400 5.7
514.357 59.8400 5.7
514.858 59.8400 5.7
515.359 59.8000 6.0
515.860 59.7600 6.4
516.361 59.8400 5.6
516.861 59.8400 5.6
517.362 59.8000 6.0
517.863 59.8000 6.0
518.364 59.8900 5.2
518.865 59.8400 5.6
519.365 59.8900 5.2
519.865 59.8000 6.0
520.366 59.8900 5.3
520.867 59.8900 5.3
521.368 59.8400 5.7
521.869 59.8000 6.0
522.370 59.8900 5.3
522.871 59.7600 6.4
523.371 59.8900 5.3
523.872 59.7600 6.4
524.373 59.8000 6.0
524.874 59.8900 5.2
525.375 59.5500 8.1
525.876 59.7600 6.2
526.376 59.7200 6.6
526.877 59.8000 5.8
527.378 59.8400 5.5
527.879 59.8900 5.2
528.380 59.7600 6.3
528.881 59.8400 5.5
529.382 59.8900 5.2
529.882 59.8400 5.6
530.383 59.8900 5.3
530.884 59.8900 5.3
531.385 59.8400 5.7
531.886 59.8000 6.0
532.387 59.9700 4.6
532.888 59.8400 5.7
533.388 59.8900 5.4
533.889 60.0200 4.3
534.390 59.7600 6.5
534.891 59.8900 5.4
535.392 59.8000 6.2
535.893 59.8900 5.4
536.393 59.8000 6.2
536.894 59.8900 5.4
537.395 59.8400 5.8
537.896 59.9700 4.7
538.397 59.8900 5.5
538.898 59.9300 5.2
539.399 59.8900 5.5
539.899 59.9700 4.8
540.400 59.7600 6.7
540.901 59.9700 4.8
541.402 59.8900 5.6
541.903 59.8900 5.6
542.404 59.9300 5.2
542.905 59.8900 5.6
543.405 60.0200 4.5
543.906 59.9300 5.3
544.406 59.9300 5.3
544.907 60.0200 4.6
545.408 60.0200 4.7
545.909 59.9300 5.4
546.410 60.0200 4.7
546.911 59.9300 5.5
547.412 59.9700 5.1
547.912 60.0200 4.8
548.413 59.9700 5.1
548.914 59.9700 5.1
549.415 59.9300 5.5
549.916 59.9700 5.2
550.417 59.7600 7.0
550.918 59.9700 5.1
551.418 60.0200 4.8
551.919 60.0600 4.4
552.420 59.9300 5.5
552.921 60.0600 4.5
553.422 59.9700 5.2
553.923 59.8900 5.9
554.423 60.0200 4.8
554.924 60.1500 3.8
555.425 60.0200 4.9
555.926 60.0600 4.6
556.427 59.9700 5.3
556.928 60.1500 3.9
557.429 60.0200 5.0
557.929 60.1000 4.3
558.430 60.0200 5.0
558.931 60.0600 4.7
559.432 60.0600 4.7
559.933 60.0200 5.1
560.434 60.1000 4.3
560.935 60.1000 4.4
561.435 60.1000 4.4
561.936 60.1000 4.4
562.437 60.1900 3.7
562.938 60.1500 4.1
563.439 59.9700 5.6
563.940 60.1000 4.5
564.440 60.1500 4.1
564.941 60.1000 4.5
565.442 60.1500 4.2
565.943 60.0600 4.9
566.444 60.0600 4.9
566.945 60.0200 5.2
567.446 60.1900 3.8
567.946 60.0600 4.9
568.447 59.9700 5.6
568.948 60.1500 4.1
569.448 60.1500 4.2
569.949 60.1500 4.2
570.450 60.1500 4.2
570.950 60.2300 3.5
571.451 60.1000 4.6
571.952 59.9300 6.0
572.453 60.0600 4.9
572.954 60.1500 4.2
573.455 60.0600 4.9
573.956 60.1000 4.5
574.457 60.1900 3.8
574.957 60.1000 4.6
575.458 60.1500 4.2
575.959 60.1900 3.9
576.460 60.1500 4.2
576.961 60.0600 5.0
577.462 60.1900 3.9
577.963 60.1500 4.2
578.463 60.1500 4.2
578.964 60.1000 4.6
579.465 60.1000 4.6
579.966 60.1500 4.2
580.467 60.1000 4.6
580.968 60.2300 3.5
581.468 60.1000 4.6
581.969 60.0600 5.0
582.470 60.2300 3.5
582.971 60.2300 3.5
583.472 60.1000 4.7
583.973 59.9700 5.7
584.474 60.1900 3.8
584.974 60.0600 5.0
585.475 60.0200 5.3
585.976 60.1000 4.5
586.477 60.1500 4.2
586.978 60.0600 4.9
587.479 60.0600 4.9
587.980 60.1500 4.1
588.480 60.1000 4.5
588.981 60.0600 4.8
589.482 60.1900 3.7
589.983 60.0200 5.2
590.484 60.1000 4.5
590.985 60.1500 4.1
591.485 60.1900 3.7
591.986 60.0200 5.2
592.487 60.1500 4.1
592.988 60.1500 4.1
593.489 60.1500 4.1
593.990 60.0600 4.8
594.490 60.1000 4.5
594.990 60.1000 4.5
595.491 60.1900 3.7
595.992 60.0600 4.8
596.493 60.1000 4.5
596.994 60.0600 4.8
597.495 60.1000 4.4
597.995 60.1500 4.1
598.496 60.0200 5.2
598.997 60.1000 4.4
599.498 60.0600 4.8
599.999 60.1000 4.4
600.500 60.2700 2.9
601.001 59.9700 5.5
601.502 60.1900 3.7
602.002 60.0600 4.8
602.503 60.0200 5.1
603.004 60.0200 5.1
603.505 60.1000 4.3
604.006 60.0200 5.0
604.507 60.0200 5.0
605.007 60.1500 3.9
605.507 60.0200 5.0
606.009 60.0600 4.6
606.510 60.0600 4.6
607.011 60.1000 4.2
607.512 59.9300 5.7
608.013 59.9700 5.3
608.513 60.0200 4.9
609.014 59.9700 5.2
609.515 60.0600 4.5
610.016 59.9700 5.2
610.517 59.9700 5.2
611.018 59.9300 5.5
611.519 59.9300 5.5
612.019 60.0200 4.7
612.520 59.9300 5.5
613.021 60.0600 4.3
613.522 60.0200 4.7
614.023 59.9700 5.1
614.524 60.0200 4.7
615.024 60.1000 4.0
615.525 59.9300 5.5
616.026 60.0600 4.4
616.527 59.9300 5.5
617.028 59.9700 5.1
617.529 60.0200 4.7
618.030 59.9700 5.1
618.531 59.9700 5.0
619.031 59.8900 5.8
619.531 60.0600 4.3
620.032 59.7600 6.8
620.533 60.0600 4.2
621.034 59.9300 5.3
621.535 59.8900 5.7
622.035 60.0200 4.6
622.536 59.9300 5.3
623.037 59.8400 6.0
623.538 59.8400 6.0
624.039 60.1000 3.8
624.540 59.9300 5.3
625.040 59.9300 5.3
625.541 60.0200 4.5
626.042 59.9700 4.9
626.543 60.0600 4.2
627.044 59.9300 5.3
627.545 59.9300 5.3
628.046 59.8900 5.7
628.546 59.8900 5.6
629.046 59.9300 5.2
629.548 59.8900 5.6
630.048 59.9700 4.9
630.550 59.8900 5.6
631.051 59.8400 5.9
631.552 59.8400 5.9
632.053 59.8000 6.2
632.553 59.8900 5.5
633.054 59.8900 5.5
633.555 59.7600 6.5
634.056 59.8400 5.8
634.557 59.8400 5.8
635.058 59.8900 5.4
635.558 59.9300 5.0
636.059 59.8900 5.4
636.560 59.9300 5.1
637.061 60.0600 4.0
637.562 59.8400 5.9
638.063 59.9700 4.8
638.563 59.8400 5.9
639.064 59.8400 5.8
639.565 59.8900 5.5
640.066 59.8400 5.8
640.567 59.7600 6.5
641.068 59.8900 5.4
641.569 59.9300 5.1
642.069 59.7600 6.5
642.570 60.0200 4.3
643.071 59.4600 9.0
643.572 59.8400 5.7
644.073 59.9300 5.0
644.573 59.9300 5.0
645.073 59.9700 4.7
645.574 59.8900 5.4
646.075 59.8900 5.4
646.576 60.0200 4.4
647.077 59.9300 5.2
647.578 59.8900 5.5
648.079 59.9300 5.2
648.579 59.9300 5.2
649.080 59.8900 5.6
649.581 59.8400 5.9
650.082 60.1000 3.7
650.583 59.9700 4.9
651.084 59.8900 5.6
651.585 59.8900 5.6
652.086 60.0600 4.2
652.586 59.9300 5.3
653.087 59.8400 6.0
653.588 59.9700 4.9
654.089 59.9300 5.3
654.590 59.8400 6.0
655.090 59.8900 5.7
655.591 59.9300 5.3
656.092 59.9700 4.9
656.593 60.0200 4.6
657.094 59.9300 5.3
657.595 59.9700 5.0
658.096 59.8900 5.7
658.597 59.8000 6.4
659.097 60.0200 4.6
659.598 59.8900 5.7
660.099 59.9700 5.0
660.600 59.9300 5.4
661.101 59.9700 5.0
661.602 59.8900 5.7
662.102 59.9300 5.4
662.603 60.0600 4.3
663.104 59.9700 5.1
663.605 60.0600 4.3
664.106 59.9300 5.5
664.607 59.8900 5.8
665.108 59.9300 5.4
665.608 60.1000 4.0
666.109 59.9700 5.1
666.610 59.9700 5.1
667.111 59.9700 5.2
667.612 59.9700 5.2
668.113 60.1500 3.7
668.614 60.1000 4.1
669.114 60.0200 4.9
669.615 60.0600 4.5
670.115 59.9700 5.3
670.616 60.0200 4.9
671.117 59.9300 5.7
671.618 60.0200 4.9
672.118 60.1000 4.2
672.619 60.0600 4.6
673.120 60.0200 5.0
673.621 60.0600 4.6
674.122 60.0600 4.6
674.623 60.0600 4.6
675.124 59.8900 6.1
675.625 59.9300 5.7
676.125 60.1000 4.2
676.626 59.9300 5.7
677.127 60.1000 4.2
677.628 60.0600 4.6
678.129 59.9300 5.7
678.630 59.9700 5.3
679.130 60.0200 4.9
679.630 60.0600 4.6
680.132 60.1000 4.2
680.632 59.8900 6.1
681.134 60.1500 3.9
681.635 60.1000 4.3
682.136 60.0200 5.0
682.637 60.0600 4.7
683.138 60.1000 4.3
683.638 60.1000 4.3
684.139 60.1000 4.3
684.640 60.0600 4.7
685.141 60.1500 4.0
685.642 60.1000 4.4
686.143 59.9700 5.5
686.644 60.0600 4.8
687.144 60.1500 4.0
687.645 60.0600 4.8
688.146 60.1000 4.4
688.647 59.9700 5.5
689.148 60.1500 4.0
689.649 60.0600 4.8
690.149 60.1000 4.4
690.650 60.1000 4.4
691.151 60.0600 4.8
691.652 60.0600 4.8
692.153 60.1000 4.4
692.654 60.1500 4.1
693.155 60.1000 4.5
693.655 60.1000 4.5
694.156 60.1000 4.5
694.656 60.1000 4.5
695.157 60.1900 3.7
695.658 60.1500 4.1
696.159 60.0600 4.9
696.660 60.1500 4.1
697.160 60.0200 5.2
697.661 60.0600 4.8
698.162 59.9700 5.5
698.663 60.0600 4.8
699.164 60.1000 4.4
699.665 60.0600 4.8
700.166 60.0600 4.8
700.666 60.0600 4.8
701.167 60.1000 4.4
701.668 59.9300 5.8
702.169 60.1500 4.0
702.670 60.1000 4.4
703.171 60.0600 4.7
703.671 59.9700 5.5
704.172 60.1000 4.3
704.673 60.1000 4.3
705.173 60.0200 5.1
705.675 60.1000 4.3
706.176 60.0600 4.7
706.677 60.0600 4.7
707.177 60.1000 4.3
707.678 60.0200 5.1
708.179 60.1500 4.0
708.680 59.9300 5.8
709.181 60.0600 4.7
709.682 60.2700 2.9
710.182 60.0200 5.1
710.683 60.0200 5.1
711.184 60.1000 4.3
711.685 59.9700 5.4
712.186 60.0200 5.0
712.687 60.0600 4.6
713.188 59.9700 5.3
713.689 60.0200 5.0
714.189 60.1000 4.2
714.690 60.0200 5.0
715.191 60.0200 5.0
715.692 60.0200 4.9
716.193 60.0600 4.6
716.694 60.0600 4.6
717.194 60.0200 4.9
717.695 60.0600 4.6
718.196 60.2300 3.1
718.697 60.0600 4.6
719.198 60.0200 5.0
719.698 60.1500 3.9
720.199 60.0600 4.7
720.699 60.0600 4.6
721.200 59.9700 5.4
721.701 60.1000 4.2
722.202 60.0200 5.0
722.703 59.9300 5.7
723.204 60.0600 4.5
723.705 60.0200 4.9
724.205 60.1000 4.2
724.706 60.0600 4.6
725.207 60.0600 4.6
725.708 60.0600 4.6
726.209 59.8900 6.0
726.710 59.8900 6.0
727.210 60.0200 4.8
727.711 59.9300 5.5
728.212 60.0200 4.8
728.712 59.9300 5.5
729.214 60.0600 4.4
729.714 59.9700 5.1
730.214 59.9700 5.1
730.716 59.8900 5.8
731.217 60.0600 4.3
731.718 59.9700 5.1
732.219 60.0600 4.4
732.720 59.9700 5.1
733.221 59.9700 5.1
733.721 59.9300 5.5
734.222 59.9700 5.1
734.723 59.9300 5.4
735.224 59.9300 5.4
735.725 59.8400 6.1
736.226 59.8900 5.7
736.727 59.9300 5.3
737.227 59.9700 4.9
737.728 60.0600 4.2
738.229 59.9300 5.3
738.730 59.9700 5.0
739.231 59.9300 5.3
739.732 60.0200 4.6
740.233 59.9700 5.0
740.734 59.8900 5.7
741.234 59.9300 5.3
741.735 60.0200 4.6
742.236 60.0200 4.6
742.737 59.8900 5.7
743.238 59.8000 6.4
743.739 60.0200 4.6
744.239 59.9700 5.0
744.740 59.9700 5.0
745.240 60.0200 4.6
745.741 60.0200 4.6
746.242 60.0200 4.7
746.743 59.9300 5.4
747.244 59.9700 5.0
747.744 59.9700 5.0
748.245 59.9300 5.4
748.746 60.0200 4.7
749.247 59.9700 5.0
749.748 60.0600 4.3
750.249 59.9300 5.4
750.749 59.9700 5.0
751.250 59.9300 5.4
751.751 59.8900 5.8
752.252 59.9300 5.4
752.753 60.1000 3.9
753.254 59.8900 5.8
753.755 59.8900 5.7
754.255 59.8900 5.7
754.756 59.9700 5.0
755.257 59.7600 6.8
755.757 59.9700 4.9
756.259 59.9700 4.9
756.760 59.8400 6.0
757.261 59.9300 5.3
757.761 60.1500 3.5
758.262 59.8000 6.4
758.763 59.8900 5.7
759.264 60.0200 4.6
759.765 60.1000 3.9
760.266 59.9300 5.4
760.767 59.9700 5.0
761.267 59.9300 5.4
761.768 59.8900 5.7
762.269 59.8900 5.7
762.770 59.8900 5.7
763.271 59.8400 6.0
763.771 59.9300 5.3
764.272 59.9300 5.3
764.773 59.9700 4.9
765.274 59.8400 6.0
765.775 59.9300 5.3
766.276 59.8900 5.6
766.776 59.8400 6.0
767.277 59.9300 5.2
767.778 59.7200 7.0
768.279 59.8900 5.5
768.780 60.0600 4.1
769.281 59.9300 5.2
769.781 60.0200 4.5
770.281 59.9700 4.9
770.782 59.9300 5.3
771.283 60.1900 3.2
771.784 59.8000 6.5
772.285 59.9300 5.4
772.786 59.8900 5.7
773.286 59.6300 7.8
773.787 59.8400 6.0
774.288 60.0200 4.5
774.789 59.9300 5.3
775.290 59.8900 5.6
775.791 59.8900 5.6
776.292 60.1000 3.8
776.792 59.9300 5.3
777.293 59.8900 5.7
777.794 59.8900 5.7
778.295 59.9300 5.3
778.796 59.8900 5.7
779.296 59.9300 5.3
779.798 60.0200 4.6
780.298 60.0200 4.6
780.798 59.7600 6.8
781.300 59.8400 6.0
781.801 59.9700 5.0
782.302 59.9700 5.0
782.803 59.9700 5.0
783.304 60.0200 4.7
783.804 59.9300 5.4
784.305 59.9700 5.0
784.806 59.9300 5.4
785.307 60.0200 4.7
785.808 59.9300 5.5
786.309 59.8900 5.8
786.809 59.8000 6.5
787.310 60.0200 4.7
787.811 59.9700 5.1
788.312 60.0200 4.7
788.813 59.9700 5.1
789.314 59.9700 5.1
789.815 60.0600 4.4
790.315 60.0200 4.8
790.816 60.0200 4.8
791.317 59.9700 5.2
791.818 60.1000 4.1
792.319 60.0200 4.9
792.820 59.8900 6.0
793.320 60.1000 4.2
793.821 60.0200 4.9
794.322 59.9700 5.3
794.823 61.1100 0.0
795.323 60.0600 5.0
795.824 60.0600 5.0
796.325 60.0600 5.0
796.826 59.9700 5.7
797.326 60.0600 4.9
797.827 60.0600 4.9
798.328 60.0200 5.3
798.829 59.9300 6.0
799.330 60.0200 5.2
799.831 59.9700 5.5
800.331 60.1000 4.4
800.832 60.0200 5.2
801.333 60.0600 4.8
801.834 60.0200 5.2
802.335 60.0200 5.1
802.836 60.1900 3.7
803.337 59.9300 5.9
803.837 60.0600 4.8
804.338 59.8400 6.6
804.839 60.1000 4.3
805.340 60.0600 4.7
805.841 60.2300 3.3
806.342 60.1500 4.1
806.843 60.1500 4.1
807.343 60.1900 3.8
807.844 60.1000 4.5
808.345 59.9700 5.6
808.846 60.1500 4.2
809.347 60.1500 4.2
809.848 60.1500 4.2
810.349 59.9700 5.7
810.849 60.0600 4.9
811.350 60.0600 4.9
811.851 60.1000 4.5
812.352 60.0600 4.9
812.853 60.1000 4.5
813.354 60.1000 4.5
813.854 60.0200 5.2
814.355 60.1500 4.1
814.856 60.1000 4.5
815.357 60.1000 4.5
815.858 60.0200 5.2
816.359 59.9700 5.6
816.859 60.1500 4.1
817.361 60.1500 4.1
817.862 60.1000 4.5
818.362 60.0600 4.9
818.863 60.1000 4.5
819.364 60.1500 4.1
819.865 60.0600 4.9
820.365 60.1000 4.5
820.866 60.1000 4.5
821.366 60.0200 5.2
821.868 60.1000 4.5
0.502 60.1500 0.0
1.003 60.1500 0.0
1.504 60.0600 0.9
2.005 60.1000 0.7
2.506 60.1000 0.8
3.006 59.9700 2.1
3.507 60.1500 0.8
4.008 60.1000 1.3
4.509 59.9700 2.6
5.010 60.1500 1.3
5.510 60.0600 2.2
6.010 60.0600 2.4
6.512 60.1500 1.9
7.012 60.2300 1.4
7.514 60.0200 3.5
8.014 59.9300 4.4
8.516 60.1000 3.2
9.016 60.0600 3.8
9.516 60.0200 4.4
10.018 59.9700 5.0
10.519 60.0200 4.9
11.020 60.0600 4.8
11.520 59.9700 5.8
12.021 59.9700 6.0
12.521 59.9700 6.3
13.022 60.0200 6.2
13.523 60.0600 6.1
14.024 59.9700 7.2
14.525 59.9300 7.8
15.026 59.8000 9.2
15.527 59.8900 8.7
16.027 59.8400 9.4
16.527 59.8400 9.7
17.029 59.9300 9.2
17.529 59.8400 10.3
18.031 59.8900 10.3
18.531 59.8900 10.6
19.033 59.8900 10.9
19.533 59.8400 11.7
20.033 59.8000 12.4
20.535 59.8400 12.3
21.035 59.8400 12.7
21.536 59.8000 13.4
22.037 59.7600 14.2
22.537 59.8400 13.8
23.039 59.7600 14.9
23.540 59.7200 15.6
24.041 59.8400 14.9
24.542 59.8400 15.4
25.043 59.7200 16.9
25.544 59.8000 16.5
26.044 59.8000 17.0
26.545 59.7600 17.8
27.046 59.7200 18.5
27.547 59.8400 17.9
28.048 59.8400 18.3
28.549 59.7600 19.5
29.050 59.7200 20.3
29.550 59.8900 19.3
30.051 59.8000 20.5
30.552 59.7200 21.7
31.053 59.8900 20.8
31.553 59.8900 21.3
32.055 60.0200 20.7
32.555 59.8900 22.3
33.055 59.9300 22.5
33.557 59.9700 22.7
34.057 59.9700 23.2
34.559 60.1000 22.7
35.060 60.0600 23.6
35.561 60.2300 22.8
36.061 60.1500 24.1
36.562 60.0200 25.8
37.062 60.2700 24.2
37.563 60.2700 24.8
38.064 60.4100 24.4
38.564 60.4500 24.6
39.065 60.4900 25.0
39.566 60.4900 25.6
40.067 60.4500 26.7
40.568 60.5800 26.2
41.068 60.5800 26.9
41.568 60.6200 27.2
42.070 60.7500 26.8
42.570 60.7500 27.5
43.072 60.9300 26.7
43.572 60.8900 27.8
44.074 61.1500 26.3
44.574 60.5800 31.9
45.076 61.1100 28.1
45.576 61.2000 28.1
46.076 61.3300 27.8
46.578 61.3800 28.2
47.078 61.3800 29.0
47.579 61.6000 27.9
48.081 61.6400 28.4
48.581 61.7300 28.4
49.082 61.9200 27.8
49.583 62.0100 27.9
50.084 62.0500 28.4
50.585 62.1900 28.1
51.086 62.3300 27.9
51.587 62.4200 28.0
52.087 62.3700 29.3
52.588 62.6100 28.2
53.089 62.7400 28.0
53.590 62.7400 28.9
54.091 63.0200 27.5
54.592 63.1200 27.7
55.092 63.2600 27.5
55.593 63.4000 27.3
56.094 63.4000 28.3
56.594 63.4900 28.4
57.096 63.6400 28.2
57.596 63.8300 27.6
58.098 64.0700 26.5
58.598 64.1200 27.2
59.098 64.2600 27.0
59.600 64.3600 27.2
60.100 64.6000 26.2
60.602 64.7000 26.4
61.103 64.9500 25.4
61.603 65.1000 25.2
62.104 65.0000 27.1
62.604 65.2400 26.1
63.105 65.6000 24.2
63.606 65.7000 24.5
64.107 65.5400 26.9
64.608 66.0000 24.1
65.108 66.2600 23.0
65.609 66.2600 24.2
66.110 66.2000 25.7
66.611 66.4100 25.0
67.111 66.8200 22.6
67.613 66.7700 24.2
68.113 67.0900 22.7
68.613 67.1900 22.9
69.115 67.3000 23.1
69.615 67.5100 22.5
70.117 67.6700 22.3
70.617 67.8300 22.0
71.117 68.4300 18.2
71.619 68.2600 20.8
72.119 68.3700 21.1
72.620 68.7000 19.4
73.121 68.8700 19.2
73.623 68.9200 19.9
74.123 69.2500 18.3
74.624 69.3700 18.6
75.125 69.5900 17.8
75.626 69.7100 18.1
76.127 69.8800 17.8
76.627 70.0500 17.5
77.128 70.0500 18.7
77.629 70.4500 16.4
78.130 70.5100 17.1
78.631 70.5700 17.7
79.132 70.9200 15.9
79.633 71.0900 15.6
80.133 71.3300 14.8
80.634 71.5100 14.4
81.135 71.7500 13.6
81.636 71.7500 14.8
82.137 71.9300 14.4
82.637 72.1700 13.5
83.137 72.4200 12.6
83.639 72.4200 13.8
84.139 72.6700 12.8
84.641 72.8500 12.4
85.141 72.9100 13.0
85.643 73.1000 12.6
86.144 73.2300 12.6
86.644 73.4200 12.1
87.145 73.4800 12.7
87.645 73.8600 10.5
88.146 74.0500 10.0
88.647 74.0500 11.2
89.147 74.3800 9.5
89.648 74.4400 10.1
90.149 74.5100 10.7
90.650 74.7100 10.1
91.151 74.9700 8.9
91.652 74.9000 10.6
92.152 75.1000 9.9
92.652 75.2400 9.8
93.154 75.5000 8.6
93.654 75.5700 9.1
94.156 75.7100 9.0
94.656 75.4400 12.2
95.158 75.9800 8.6
95.658 76.2500 7.3
96.158 76.3200 7.8
96.660 76.4700 7.6
97.160 76.6700 6.9
97.662 76.8800 6.2
98.162 76.8800 7.2
98.662 77.0900 6.4
99.164 77.2400 6.2
99.665 77.4500 5.5
100.166 77.3800 7.1
100.667 77.5200 6.8
101.168 77.7400 6.0
101.668 77.7400 7.0
102.169 78.0300 5.5
102.670 78.1000 5.8
103.171 78.1700 6.2
103.672 77.8100 10.1
104.173 78.3200 6.6
104.673 78.6100 5.0
105.174 78.6100 6.0
105.675 78.6900 6.3
106.176 78.7600 6.5
106.677 78.9800 5.5
107.178 79.1300 5.2
107.678 78.9100 8.0
108.178 79.1300 6.9
108.680 79.5900 3.9
109.180 79.3600 6.8
109.682 79.3600 7.6
110.182 79.8200 4.5
110.684 79.4300 8.6
111.185 79.8900 5.5
111.685 79.9700 5.8
112.186 79.7400 8.5
112.687 79.8900 8.0
113.187 79.8900 8.7
113.688 79.8900 9.4
114.189 79.5100 13.3
114.689 80.0500 9.4
115.190 80.1200 9.4
115.691 79.8900 12.1
116.192 80.3600 8.8
116.693 79.9700 12.8
117.193 79.8900 14.1
117.695 80.1200 12.7
118.195 80.0500 13.9
118.695 80.0500 14.5
119.197 79.8900 16.4
119.697 79.9700 16.2
120.199 80.2000 14.8
120.699 79.9700 17.4
121.199 79.8200 19.2
121.701 80.2000 16.4
122.201 80.2000 17.0
122.703 79.9700 19.5
123.203 80.3600 16.8
123.704 80.4300 16.8
124.206 80.2800 18.7
124.706 80.2800 19.3
125.207 80.4300 18.6
125.708 80.5900 17.9
126.209 80.1200 22.4
126.710 80.4300 20.3
127.211 80.4300 20.9
127.712 80.5100 20.9
128.212 80.5900 20.8
128.713 80.5900 21.4
129.214 80.5900 22.1
129.715 81.1500 18.0
130.216 80.7500 22.1
130.717 80.7500 22.8
131.218 80.4300 26.0
131.719 80.9900 21.9
132.219 80.7500 24.6
132.719 80.3600 28.4
133.221 80.9100 24.3
133.721 80.9100 24.9
134.223 81.0700 24.3
134.723 80.8300 26.9
135.223 81.2300 24.2
135.725 81.0700 26.3
136.225 81.0700 26.9
136.727 81.0700 27.6
137.228 81.4700 24.9
137.729 81.2300 27.6
138.229 81.4700 26.3
138.730 81.2300 29.0
139.231 81.7100 25.6
139.731 81.5500 27.8
140.232 81.5500 28.5
140.733 81.7900 27.1
141.234 82.3600 23.1
141.735 81.8700 28.2
142.236 81.9500 28.2
142.736 81.9500 29.0
143.236 82.2800 27.0
143.738 82.0300 29.9
144.238 82.1200 29.9
144.740 82.5300 27.2
145.240 82.4500 28.7
145.742 82.6100 28.1
146.242 82.7000 28.3
146.742 82.6100 29.8
147.244 82.6100 30.6
147.744 82.7000 30.7
148.246 83.3700 25.8
148.746 82.9500 30.3
149.246 83.2000 29.0
149.748 83.7200 25.5
150.249 83.4600 28.5
150.750 82.9500 33.5
151.251 83.7200 27.6
151.752 83.8000 27.7
152.253 83.8900 27.7
152.753 84.0600 27.0
153.254 84.1500 27.1
153.755 84.5000 24.9
154.256 84.3300 27.2
154.757 84.5000 26.5
155.258 84.6800 25.7
155.759 84.8600 25.0
156.259 84.7700 26.5
156.760 85.0400 25.0
157.260 85.0400 25.7
157.762 85.2200 24.9
158.262 85.4000 24.1
158.764 85.5800 23.4
159.264 85.7600 22.6
159.764 85.7600 23.4
160.266 85.8500 23.3
160.766 86.1300 21.7
161.268 86.3200 20.9
161.769 86.5000 20.1
162.270 86.5000 20.8
162.770 86.7900 19.2
163.270 86.8800 19.2
163.771 87.0700 18.3
164.272 86.9800 19.9
164.773 87.0700 19.7
165.274 87.6500 15.5
165.775 87.7500 15.5
166.276 87.5500 17.9
166.776 87.4600 19.3
167.277 88.0400 15.0
167.778 87.8500 17.4
168.279 88.3400 13.8
168.779 88.5400 12.9
169.281 88.6400 12.8
169.781 88.3400 16.0
170.281 89.2400 9.0
170.783 89.0400 11.5
171.283 89.2400 10.5
171.785 90.0700 4.2
172.285 89.3500 11.2
172.787 89.7600 8.3
173.287 89.6500 9.9
173.787 89.8600 8.7
174.289 90.0700 7.6
174.790 90.1800 7.3
175.291 90.3900 6.2
175.792 90.6000 5.0
176.292 90.7000 4.7
176.793 90.4900 7.1
177.294 90.9200 4.0
177.795 90.9200 4.6
178.296 91.0300 4.2
178.797 91.0300 4.8
179.298 91.4600 1.6
179.798 91.4600 2.2
180.299 91.5700 1.8
180.800 91.5700 2.3
181.301 92.1200 0.0
181.802 91.9000 0.7
182.303 92.1200 0.0
182.803 92.0100 0.8
183.303 92.0100 1.2
183.805 91.7900 3.4
184.305 92.4600 0.0
184.807 92.4600 0.0
185.307 92.6800 0.0
185.809 92.6800 0.0
186.310 92.7900 0.0
186.810 92.9100 0.0
187.311 93.3700 0.0
187.812 93.1400 0.0
188.312 93.3700 0.0
188.813 93.1400 0.0
189.314 93.3700 0.0
189.814 93.3700 0.0
190.315 93.3700 0.0
190.816 93.3700 0.0
191.317 93.7200 0.0
191.818 93.4800 0.0
192.319 93.6000 0.0
192.820 93.6000 0.0
193.320 93.7200 0.0
193.820 93.7200 0.0
194.322 93.6000 0.0
194.822 93.7200 0.0
195.324 93.9500 0.0
195.824 94.1900 0.0
196.326 94.0700 0.0
196.826 94.1900 0.0
197.326 94.0700 0.0
197.828 93.9500 0.0
198.328 93.7200 0.0
198.830 93.8300 0.0
199.330 93.9500 0.0
199.831 94.0700 0.0
200.332 94.3100 0.0
200.833 94.0700 0.0
201.334 94.4200 0.0
201.835 93.9500 0.0
202.335 94.0700 0.0
202.836 94.1900 0.0
203.337 94.6600 0.0
203.838 94.1900 0.0
204.339 94.4200 0.0
204.840 93.9500 0.0
205.340 94.0700 0.0
205.841 94.1900 0.0
206.342 94.1900 0.0
206.843 93.8300 0.0
207.344 94.3100 0.0
207.844 94.0700 0.0
208.344 94.0700 0.0
208.846 94.0700 0.0
209.346 94.0700 0.0
209.848 94.0700 0.0
210.348 94.0700 0.0
210.848 93.9500 0.0
211.350 94.0700 0.0
211.850 93.9500 0.0
212.352 93.8300 0.0
212.853 93.7200 0.8
213.354 94.0700 0.0
213.854 93.8300 0.0
214.355 93.8300 0.0
214.855 94.1900 0.0
215.356 93.7200 0.6
215.857 93.7200 0.4
216.358 93.7200 0.2
216.859 93.8300 0.0
217.360 93.7200 0.0
217.861 93.3700 2.7
218.361 93.1400 4.4
218.861 93.3700 2.1
219.363 93.6000 0.0
219.863 93.3700 1.8
220.365 93.4800 0.6
220.865 93.4800 0.4
221.365 93.4800 0.2
221.867 92.9100 4.9
222.367 93.0200 3.6
222.869 93.0200 3.3
223.369 92.5700 6.8
223.871 92.9100 3.5
224.371 92.6800 5.2
224.871 92.3400 7.7
225.373 92.2300 8.2
225.874 92.2300 7.8
226.375 91.2400 15.7
226.876 91.5700 12.2
227.376 91.7900 9.9
227.877 92.1200 6.7
228.378 91.4600 12.0
228.879 91.3500 12.4
229.380 91.2400 12.9
229.881 91.1300 13.3
230.381 91.2400 11.9
230.882 90.4900 17.8
231.383 90.7000 15.5
231.884 91.6800 6.9
232.385 90.4900 16.7
232.885 90.4900 16.2
233.386 90.2800 17.5
233.887 90.1800 17.9
234.387 90.3900 15.7
234.889 90.2800 16.2
235.389 90.1800 16.7
235.889 89.9700 18.1
236.391 89.9700 17.7
236.891 89.7600 19.1
237.393 89.6500 19.6
237.893 89.9700 16.6
238.394 89.6500 18.9
238.895 89.1400 22.9
239.395 88.9400 24.1
239.896 89.3500 20.2
240.397 89.5500 18.2
240.897 88.7400 24.8
241.398 89.3500 19.2
241.899 89.4500 18.2
242.400 88.9400 22.3
242.901 89.3500 18.6
243.402 89.0400 21.0
243.902 88.7400 23.4
244.402 88.8400 22.2
244.904 88.7400 22.8
245.404 88.6400 23.4
245.906 88.7400 22.3
246.406 88.6400 23.0
246.906 88.7400 21.9
247.408 88.4400 24.3
247.908 88.4400 24.1
248.410 88.5400 23.1
248.910 88.7400 21.2
249.410 88.5400 22.9
249.912 88.0400 26.9
250.412 88.3400 24.1
250.914 88.4400 23.2
251.415 88.3400 23.9
251.915 88.5400 22.1
252.416 88.8400 19.6
252.917 88.5400 22.2
253.418 88.5400 22.2
253.919 88.5400 22.2
254.420 88.4400 23.0
254.920 88.3400 23.8
255.421 88.5400 22.1
255.922 88.3400 23.8
256.423 88.6400 21.2
256.924 88.3400 23.8
257.425 88.4400 22.9
257.925 88.8400 19.6
258.426 88.1400 25.6
258.927 88.8400 19.6
259.428 88.6400 21.5
259.929 88.8400 19.9
260.429 88.7400 20.8
260.930 88.5400 22.6
261.430 88.4400 23.5
261.932 88.9400 19.2
262.432 88.7400 21.1
262.934 86.6000 39.0
263.434 89.1400 17.1
263.935 89.5500 14.0
264.436 88.4400 23.7
264.937 89.1400 17.8
265.437 89.3500 16.4
265.937 88.6400 22.6
266.438 89.2400 17.5
266.939 89.5500 15.2
267.440 89.4500 16.4
267.941 89.6500 14.9
268.442 89.8600 13.5
268.942 89.7600 14.7
269.443 90.2800 10.6
269.944 89.8600 14.5
270.445 89.9700 13.9
270.945 89.9700 14.2
271.447 89.7600 16.1
271.947 90.0700 13.7
272.449 90.1800 13.0
272.949 90.0700 14.1
273.451 90.0700 14.3
273.951 90.2800 12.7
274.451 90.7000 9.4
274.953 90.4900 11.6
275.453 90.6000 10.9
275.955 90.7000 10.3
276.456 90.4900 12.3
276.957 90.0700 16.0
277.457 90.9200 8.9
277.958 90.6000 11.9
278.459 90.9200 9.3
278.960 91.0300 8.7
279.461 91.3500 6.2
279.962 90.9200 10.2
280.462 90.9200 10.3
280.963 91.1300 8.7
281.464 91.4600 6.1
281.965 91.2400 8.2
282.466 91.7900 3.9
282.967 91.4600 7.0
283.467 91.6800 5.3
283.968 91.5700 6.5
284.469 91.5700 6.7
284.970 91.5700 6.8
285.471 91.6800 6.0
285.971 91.7900 5.3
286.472 92.2300 1.7
286.973 91.9000 4.8
287.473 91.7900 5.9
287.975 91.6800 6.9
288.475 92.1200 3.3
288.977 92.3400 1.6
289.477 92.3400 1.8
289.978 91.9000 5.8
290.479 92.4600 1.1
290.979 92.6800 0.0
291.480 92.4600 1.7
291.981 92.4600 1.9
292.481 92.5700 1.1
292.982 92.5700 1.2
293.483 92.2300 4.2
293.984 92.2300 4.1
294.485 92.5700 1.3
294.986 92.5700 1.4
295.486 92.4600 2.4
295.986 92.7900 0.0
296.488 92.6800 0.8
296.988 93.6000 0.0
297.490 92.7900 0.5
297.990 93.0200 0.0
298.492 92.6800 1.7
298.992 92.6800 1.6
299.494 92.6800 1.6
299.994 92.9100 0.0
300.494 93.0200 0.0
300.996 92.6800 1.9
301.496 92.9100 0.0
301.998 92.9100 0.0
302.499 92.7900 1.0
303.000 92.5700 2.8
303.500 92.7900 0.8
304.001 92.9100 0.0
304.502 93.0200 0.0
305.003 92.9100 0.0
305.504 92.6800 1.9
306.005 92.5700 2.7
306.505 92.5700 2.5
307.006 92.7900 0.5
307.507 92.3400 4.2
308.008 93.0200 0.0
308.509 92.6800 1.3
309.010 92.7900 0.3
309.511 92.6800 1.2
310.011 92.7900 0.1
310.512 93.0200 0.0
311.012 93.0200 0.0
311.514 92.6800 1.2
312.014 92.6800 1.1
312.516 92.4600 2.9
313.016 92.1200 5.5
313.516 92.6800 0.5
314.018 92.4600 2.3
314.519 92.3400 3.1
315.020 92.1200 4.8
315.520 92.4600 1.7
316.021 92.3400 2.5
316.521 92.4600 1.4
317.022 92.3400 2.3
317.523 92.2300 3.1
318.024 92.0100 4.7
318.525 92.2300 2.6
319.026 92.0100 4.3
319.526 91.5700 7.8
320.027 92.1200 2.8
320.528 91.9000 4.6
321.029 92.0100 3.4
321.529 92.1200 2.4
322.031 91.6800 6.0
322.531 92.1200 2.0
323.031 91.6800 5.6
323.533 91.9000 3.5
324.033 91.7900 4.3
324.535 91.6800 5.1
325.035 91.5700 5.8
325.537 91.5700 5.6
326.037 91.6800 4.5
326.537 91.4600 6.1
327.039 91.2400 7.7
327.540 91.2400 7.5
328.041 91.3500 6.3
328.542 91.2400 7.0
329.042 91.4600 5.0
329.543 91.2400 6.7
330.044 91.1300 7.4
330.545 90.9200 9.0
331.046 90.7000 10.5
331.547 90.8100 9.3
332.048 90.9200 8.1
332.548 91.2400 5.2
333.049 81.4700 86.8
333.550 90.8100 5.2
334.051 90.6000 7.2
334.552 90.6000 7.2
335.053 90.1800 10.8
335.553 90.7000 6.3
336.054 90.6000 7.3
336.555 90.2800 10.0
337.055 90.3900 9.1
337.557 90.2800 9.9
338.057 90.1800 10.7
338.559 89.6500 15.0
339.059 89.8600 13.0
339.560 89.9700 11.9
340.061 90.0700 10.9
340.562 90.0700 10.9
341.062 90.2800 9.1
341.563 90.0700 10.8
342.064 89.9700 11.7
342.564 89.9700 11.6
343.065 90.0700 10.6
343.566 89.8600 12.3
344.067 90.0700 10.5
344.568 89.6500 13.9
345.068 89.8600 12.0
345.568 89.7600 12.8
346.070 89.7600 12.7
346.570 89.9700 10.9
347.072 89.5500 14.3
347.572 89.6500 13.3
348.074 89.6500 13.2
348.574 89.0400 18.3
349.074 89.5500 13.7
349.576 89.5500 13.6
350.076 89.4500 14.4
350.578 89.4500 14.3
351.078 89.5500 13.3
351.580 89.5500 13.3
352.081 89.5500 13.3
352.582 89.4500 14.1
353.082 89.8600 10.6
353.583 88.9400 18.4
354.084 89.2400 15.6
354.585 88.9400 18.0
355.086 89.0400 17.0
355.587 89.3500 14.3
356.087 89.4500 13.4
356.588 89.3500 14.3
357.089 88.4400 21.8
357.590 89.2400 14.8
358.091 88.9400 17.3
358.592 89.2400 14.6
359.092 89.2400 14.6
359.593 89.2400 14.7
360.094 89.6500 11.2
360.595 88.8400 18.2
361.096 89.2400 14.7
361.596 89.0400 16.4
362.098 89.4500 12.9
362.598 89.4500 13.0
363.098 89.5500 12.2
363.600 89.2400 14.9
364.100 89.2400 14.9
364.602 88.6400 20.0
365.103 89.1400 15.6
365.604 89.1400 15.6
366.104 89.3500 13.8
366.604 89.3500 13.9
367.105 89.1400 15.7
367.606 89.4500 13.1
368.107 89.3500 14.1
368.608 89.4500 13.3
369.109 89.3500 14.2
369.609 89.1400 16.0
370.110 89.6500 11.7
370.611 88.9400 17.8
371.111 90.1800 7.4
371.613 89.6500 12.1
372.113 89.5500 13.1
372.613 89.1400 16.5
373.115 89.7600 11.3
373.615 89.7600 11.5
374.117 89.6500 12.5
374.617 89.7600 11.7
375.119 89.6500 12.7
375.619 89.5500 13.6
376.119 89.7600 11.9
376.621 89.8600 11.2
377.121 89.6500 13.0
377.623 89.6500 13.0
378.124 89.8600 11.3
378.625 89.5500 14.1
379.125 89.8600 11.4
379.626 89.5500 14.1
380.127 89.8600 11.5
380.628 90.0700 9.9
381.129 90.1800 9.2
381.630 90.2800 8.5
382.131 89.7600 13.0
382.632 89.9700 11.3
383.132 90.1800 9.6
383.633 90.0700 10.6
384.134 89.8600 12.4
384.635 89.9700 11.6
385.136 90.1800 9.9
385.637 90.4900 7.3
386.137 90.1800 10.2
386.638 90.1800 10.3
387.139 90.2800 9.5
387.639 90.3900 8.7
388.141 90.1800 10.6
388.641 90.3900 8.8
389.143 90.2800 9.8
389.643 90.1800 10.8
390.144 90.1800 10.8
390.645 90.2800 9.9
391.145 90.6000 7.3
391.646 90.6000 7.5
392.147 90.6000 7.6
392.648 90.4900 8.6
393.149 90.4900 8.7
393.649 90.2800 10.5
394.150 90.4900 8.7
394.651 90.3900 9.7
395.152 90.3900 9.7
395.652 90.8100 6.1
396.154 90.7000 7.2
396.654 90.8100 6.4
397.154 90.6000 8.3
397.656 90.9200 5.7
398.156 90.8100 6.7
398.658 90.4900 9.5
399.158 90.7000 7.7
399.660 90.8100 6.8
400.160 90.7000 7.8
400.660 90.8100 6.9
401.162 90.8100 7.0
401.662 91.0300 5.2
402.164 90.8100 7.1
402.665 91.0300 5.4
403.166 91.0300 5.5
403.666 90.8100 7.3
404.167 90.7000 8.2
404.668 90.6000 9.1
405.169 90.8100 7.2
405.670 90.9200 6.3
406.171 91.0300 5.5
406.671 90.9200 6.4
407.172 90.7000 8.2
407.673 90.8100 7.3
408.174 90.7000 8.2
408.675 90.8100 7.2
409.176 90.4900 9.9
409.677 90.8100 7.1
410.178 91.0300 5.3
410.679 91.1300 4.5
411.180 90.6000 9.0
411.680 91.0300 5.4
412.180 91.0300 5.4
412.682 91.1300 4.6
413.182 90.9200 6.4
413.684 90.8100 7.3
414.185 90.4900 9.9
414.685 90.6000 8.9
415.186 91.1300 4.3
415.687 90.9200 6.2
416.187 90.6000 8.9
416.688 90.9200 6.1
417.189 90.9200 6.1
417.690 90.8100 7.0
418.190 90.9200 6.1
418.691 91.0300 5.2
419.192 91.1300 4.3
419.693 91.0300 5.3
420.194 90.8100 7.1
420.695 90.8100 7.0
421.195 91.0300 5.2
421.695 91.0300 5.2
422.197 91.3500 2.5
422.697 90.6000 8.9
423.199 91.0300 5.2
423.699 90.9200 6.1
424.199 91.1300 4.3
424.701 91.0300 5.2
425.201 90.4900 9.7
425.703 90.7000 7.7
426.203 90.7000 7.6
426.705 90.3900 10.2
427.206 90.6000 8.2
427.707 90.4900 9.0
428.208 90.6000 8.0
428.708 90.2800 10.5
429.209 90.7000 6.8
429.710 90.7000 6.8
430.211 90.7000 6.7
430.712 90.4900 8.5
431.213 90.7000 6.6
431.714 90.4900 8.4
432.214 90.3900 9.2
432.715 90.4900 8.2
433.216 90.3900 9.0
433.717 90.3900 8.9
434.218 90.1800 10.6
434.719 90.8100 5.1
435.219 89.8600 13.1
435.721 90.2800 9.3
436.221 90.2800 9.2
436.722 90.2800 9.2
437.223 90.4900 7.3
437.723 90.1800 9.9
438.225 90.4900 7.2
438.725 90.0700 10.7
439.225 90.1800 9.7
439.727 90.2800 8.8
440.228 89.9700 11.3
440.729 90.2800 8.6
441.229 90.1800 9.4
441.730 90.2800 8.5
442.231 90.3900 7.6
442.731 90.2800 8.5
443.232 89.7600 12.8
443.733 90.0700 10.0
444.234 90.2800 8.2
444.735 89.8600 11.7
445.236 89.5500 14.2
445.736 89.7600 12.2
446.236 89.8600 11.2
446.738 89.9700 10.2
447.238 89.9700 10.2
447.740 89.6500 12.7
448.240 90.1800 8.2
448.740 89.9700 10.1
449.242 89.7600 11.8
449.742 89.5500 13.4
450.244 89.7600 11.5
450.744 89.7600 11.4
451.246 89.5500 13.1
451.746 89.5500 13.0
452.246 89.8600 10.3
452.748 89.2400 15.4
453.249 89.4500 13.5
453.750 89.4500 13.4
454.251 89.7600 10.7
454.751 89.9700 9.0
455.252 89.6500 11.7
455.753 89.5500 12.5
456.254 89.2400 15.1
456.755 89.7600 10.6
457.256 89.4500 13.2
457.757 88.9400 17.4
458.257 89.4500 12.9
458.758 89.3500 13.7
459.259 89.5500 11.9
459.760 89.5500 11.9
460.261 89.3500 13.7
460.762 89.6500 11.0
461.262 89.0400 16.2
461.762 89.7600 10.1
462.264 89.6500 11.0
462.764 89.4500 12.8
463.266 89.2400 14.5
463.766 89.6500 11.0
464.268 89.3500 13.7
464.769 89.3500 13.6
465.269 89.6500 11.0
465.770 89.6500 11.1
466.270 89.2400 14.6
466.771 89.7600 10.2
467.272 89.6500 11.2
467.773 89.4500 12.9
468.273 89.3500 13.8
468.774 89.6500 11.2
469.275 89.6500 11.2
469.776 89.3500 13.9
470.277 89.3500 13.8
470.778 89.4500 12.9
471.279 89.6500 11.2
471.779 89.6500 11.3
472.279 89.7600 10.5
472.781 89.7600 10.6
473.281 89.1400 15.8
473.783 89.9700 8.8
474.283 89.6500 11.6
474.783 89.7600 10.8
475.285 89.7600 10.8
475.785 89.4500 13.5
476.287 89.3500 14.3
476.787 89.7600 10.8
477.287 89.8600 10.0
477.789 89.7600 11.0
478.290 89.8600 10.2
478.791 89.7600 11.1
479.292 89.8600 10.3
479.793 89.2400 15.5
480.293 89.8600 10.2
480.794 89.8600 10.3
481.295 89.5500 13.0
481.796 89.7600 11.2
482.297 89.8600 10.4
482.798 89.9700 9.6
483.299 90.0700 8.8
483.799 90.1800 8.1
484.300 89.8600 10.9
484.801 90.6000 4.8
485.302 90.0700 9.4
485.803 89.7600 12.1
486.304 90.0700 9.5
486.805 88.9400 19.0
487.305 89.7600 11.8
487.805 89.8600 10.9
488.307 90.2800 7.5
488.807 90.0700 9.4
489.309 90.1800 8.6
489.810 90.0700 9.6
490.311 89.7600 12.2
490.812 90.2800 7.8
491.312 90.0700 9.7
491.812 89.8600 11.5
492.313 89.6500 13.2
492.814 89.9700 10.5
493.315 90.0700 9.6
493.816 89.5500 14.0
494.316 90.2800 7.8
494.817 90.3900 7.1
495.318 89.9700 10.7
495.818 90.2800 8.1
496.320 90.1800 9.1
496.820 90.0700 10.0
497.322 90.1800 9.2
497.822 90.0700 10.1
498.322 90.4900 6.6
498.824 90.0700 10.2
499.324 90.1800 9.4
499.826 90.3900 7.6
500.326 90.2800 8.6
500.828 90.2800 8.7
501.328 90.3900 7.8
501.828 90.0700 10.5
502.330 90.2800 8.7
502.831 90.1800 9.7
503.332 90.2800 8.8
503.833 90.0700 10.6
504.333 90.2800 8.8
504.834 89.9700 11.4
505.335 90.2800 8.7
505.836 89.6500 14.0
506.337 90.6000 5.9
506.838 90.3900 7.8
507.338 90.1800 9.7
507.839 90.3900 7.9
508.340 90.2800 8.8
508.841 90.6000 6.2
509.342 89.9700 11.6
509.843 90.4900 7.1
510.344 90.4900 7.2
510.844 90.2800 9.0
511.345 90.8100 4.6
511.846 90.6000 6.6
512.347 90.7000 5.8
512.848 90.6000 6.8
513.349 90.7000 5.9
513.849 90.6000 6.9
514.350 91.0300 3.4
514.851 90.8100 5.4
515.352 90.7000 6.3
515.853 90.7000 6.4
516.354 90.8100 5.5
516.854 90.8100 5.6
517.354 90.6000 7.4
517.855 90.7000 6.5
518.355 91.1300 3.0
518.857 90.7000 6.7
519.357 90.8100 5.8
519.859 90.9200 4.9
520.359 90.8100 5.9
520.859 90.6000 7.7
521.361 90.8100 5.8
521.861 91.0300 4.0
522.363 90.6000 7.7
522.863 91.0300 4.0
523.363 90.8100 5.9
523.865 90.9200 5.0
524.365 90.9200 5.1
524.866 90.6000 7.8
525.367 90.9200 5.0
525.868 90.8100 5.9
526.369 91.2400 2.3
526.869 90.9200 5.1
527.370 90.9200 5.1
527.871 90.3900 9.6
528.373 91.0300 4.0
528.874 91.0300 4.1
529.375 90.6000 7.7
529.875 91.0300 4.0
530.376 90.9200 5.0
530.877 91.0300 4.1
531.378 90.8100 5.9
531.879 91.0300 4.1
532.380 90.9200 5.0
532.881 90.8100 5.9
533.382 90.7000 6.7
533.882 90.8100 5.7
534.383 90.8100 5.7
534.884 91.0300 3.9
535.385 90.6000 7.5
535.886 90.8100 5.6
536.387 90.6000 7.3
536.887 90.8100 5.4
537.388 90.8100 5.4
537.889 90.7000 6.3
538.390 90.7000 6.2
538.891 91.1300 2.6
539.392 90.7000 6.2
539.892 90.7000 6.2
540.393 91.1300 2.5
540.894 90.6000 7.1
541.394 90.6000 7.0
541.894 90.4900 7.8
542.394 90.3900 8.5
542.896 90.7000 5.7
543.396 90.7000 5.7
543.898 90.6000 6.5
544.398 90.9200 3.8
544.900 90.4900 7.4
545.400 90.4900 7.3
545.902 90.4900 7.2
546.402 90.0700 10.6
546.902 90.6000 6.0
547.404 90.1800 9.5
547.904 90.0700 10.2
548.406 90.0700 10.0
548.906 90.2800 8.1
549.408 90.1800 8.9
549.908 90.1800 8.8
550.408 90.7000 4.3
550.910 90.1800 8.8
551.410 90.7000 4.2
551.911 89.8600 11.4
552.412 90.0700 9.4
552.914 90.0700 9.3
553.414 89.6500 12.7
553.915 90.1800 8.1
554.416 90.0700 8.9
554.917 90.0700 8.8
555.418 90.1800 7.9
555.919 89.9700 9.6
556.420 89.9700 9.5
556.920 89.6500 12.1
557.421 89.9700 9.3
557.922 89.9700 9.2
558.423 89.9700 9.2
558.924 89.9700 9.1
559.425 89.7600 10.8
559.926 89.7600 10.7
560.426 89.5500 12.3
560.927 90.3900 5.2
561.428 89.7600 10.6
561.929 89.8600 9.7
562.430 89.6500 11.3
562.931 89.5500 12.1
563.432 89.5500 11.9
563.932 89.5500 11.8
564.433 90.4900 3.9
564.934 89.2400 14.5
565.435 89.6500 10.9
565.936 89.7600 10.0
566.437 89.2400 14.2
566.937 89.6500 10.6
567.437 88.9400 16.6
567.938 89.7600 9.4
568.439 89.3500 12.9
568.939 88.7400 17.9
569.441 89.4500 11.7
569.941 89.4500 11.6
570.441 89.1400 14.2
570.943 89.5500 10.6
571.443 90.0700 6.3
571.945 89.2400 13.4
572.445 86.7900 33.9
572.947 89.2400 12.4
573.447 89.5500 9.8
573.947 89.3500 11.7
574.449 89.2400 12.6
574.949 89.5500 10.0
575.450 89.3500 11.9
575.951 89.0400 14.4
576.452 89.5500 10.1
576.953 89.6500 9.3
577.453 89.5500 10.4
577.954 89.3500 12.2
578.456 89.0400 14.7
578.957 89.1400 13.8
579.458 89.1400 13.7
579.959 89.4500 11.1
580.459 89.5500 10.3
580.960 89.5500 10.5
581.461 89.2400 13.1
581.962 89.3500 12.2
582.463 89.2400 13.1
582.964 89.3500 12.2
583.464 89.4500 11.4
583.965 89.1400 14.0
584.466 89.3500 12.3
584.967 89.2400 13.2
585.468 89.2400 13.2
585.969 89.4500 11.4
586.469 89.2400 13.2
586.970 89.3500 12.3
587.471 88.9400 15.8
587.972 89.5500 10.6
588.473 89.7600 8.9
588.974 89.5500 10.8
589.474 89.5500 10.9
589.975 89.5500 11.0
590.476 89.6500 10.2
590.977 89.2400 13.8
591.478 89.5500 11.2
591.978 89.4500 12.1
592.478 89.3500 13.0
592.978 89.5500 11.2
593.480 89.3500 13.0
593.980 89.6500 10.4
594.482 89.6500 10.5
594.982 89.4500 12.3
595.484 89.7600 9.8
595.984 89.3500 13.3
596.484 89.7600 9.8
596.986 89.6500 10.8
597.486 89.5500 11.7
597.988 89.3500 13.5
598.488 89.7600 10.0
598.988 89.4500 12.7
599.490 89.6500 10.9
599.990 89.7600 10.1
600.492 90.0700 7.6
600.992 88.7400 18.9
601.494 89.9700 8.4
601.994 89.8600 9.4
602.494 89.7600 10.4
602.995 89.5500 12.2
603.496 89.8600 9.6
603.998 90.0700 8.0
604.499 89.5500 12.5
605.000 89.8600 9.8
605.500 89.9700 9.1
606.001 89.7600 10.9
606.502 89.7600 10.9
607.003 90.1800 7.5
607.504 89.9700 9.4
608.005 90.3900 6.0
608.506 90.1800 7.9
609.006 89.8600 10.7
609.507 90.1800 8.1
610.008 89.9700 9.9
610.509 90.1800 8.2
611.010 89.9700 10.0
611.511 89.9700 10.1
612.011 90.8100 3.0
612.512 89.8600 11.2
613.013 90.3900 6.8
613.514 90.7000 4.3
614.015 90.6000 5.4
614.516 90.7000 4.7
615.017 90.3900 7.5
615.517 90.0700 10.2
616.018 90.1800 9.3
616.519 90.3900 7.5
617.020 90.4900 6.7
617.520 90.4900 6.7
618.021 90.2800 8.6
618.521 90.3900 7.7
619.022 90.3900 7.7
619.523 90.6000 6.0
620.023 90.6000 6.1
620.525 90.7000 5.3
621.025 90.4900 7.2
621.527 90.4900 7.2
622.027 90.6000 6.3
622.527 90.4900 7.3
623.029 90.6000 6.4
623.529 90.6000 6.4
624.031 90.3900 8.2
624.531 90.6000 6.4
625.031 90.4900 7.3
625.533 90.6000 6.5
626.033 90.6000 6.5
626.534 90.3900 8.3
627.035 90.3900 8.2
627.536 90.4900 7.3
628.037 90.6000 6.4
628.537 90.7000 5.5
629.039 90.6000 6.5
629.540 90.6000 6.5
630.041 90.2800 9.2
630.542 90.6000 6.4
631.043 90.6000 6.4
631.544 90.4900 7.3
632.045 90.2800 9.1
632.545 90.7000 5.4
633.046 90.6000 6.4
633.547 90.2800 9.0
634.048 90.6000 6.3
634.549 90.8100 4.5
635.050 90.4900 7.3
635.550 90.7000 5.5
636.051 90.6000 6.4
636.552 90.6000 6.4
637.053 90.0700 10.8
637.554 90.6000 6.2
638.055 90.6000 6.2
638.556 90.4900 7.1
639.056 90.4900 7.1
639.557 89.8600 12.3
640.058 90.4900 6.8
640.559 90.3900 7.7
641.060 90.3900 7.7
641.561 90.3900 7.6
642.062 90.2800 8.5
642.562 90.1800 9.3
643.062 90.1800 9.2
643.562 89.8600 11.7
644.064 89.6500 13.2
644.564 89.7600 12.1
645.066 89.2400 16.2
645.566 89.9700 9.9
646.066 89.8600 10.7
646.568 89.4500 14.0
647.068 89.5500 12.9
647.570 90.3900 5.8
648.070 89.3500 14.7
648.572 89.4500 13.6
649.072 88.5400 21.0
649.572 89.3500 13.8
650.074 89.5500 11.9
650.574 88.9400 17.0
651.076 89.1400 15.0
651.576 88.9400 16.5
652.077 88.9400 16.3
652.578 88.3400 21.2
653.078 88.5400 19.1
653.579 88.9400 15.5
654.081 88.6400 17.9
654.582 88.7400 16.9
655.083 88.6400 17.6
655.584 88.5400 18.3
656.084 88.4400 18.9
656.585 88.4400 18.8
657.086 88.6400 16.9
657.587 88.2400 20.2
658.088 88.3400 19.2
658.588 88.4400 18.2
659.089 88.6400 16.5
659.590 88.4400 18.1
660.091 88.2400 19.7
660.592 88.3400 18.8
661.093 88.4400 17.9
661.594 88.2400 19.5
662.095 88.2400 19.4
662.595 88.1400 20.2
663.096 88.5400 16.8
663.597 88.1400 20.1
664.098 88.0400 20.9
664.599 88.4400 17.4
665.100 88.0400 20.8
665.600 88.2400 19.1
666.100 88.0400 20.7
666.602 88.3400 18.2
667.103 87.8500 22.3
667.604 88.0400 20.6
668.104 88.4400 17.2
668.605 88.1400 19.8
669.105 88.0400 20.6
669.606 88.0400 20.6
670.107 87.1700 27.9
670.607 88.0400 20.3
671.109 88.2400 18.7
671.609 87.8500 22.1
672.111 88.5400 16.2
672.611 88.2400 18.9
673.111 88.1400 19.9
673.613 88.0400 20.7
674.113 88.3400 18.3
674.615 88.4400 17.6
675.115 88.4400 17.7
675.616 88.3400 18.7
676.116 88.7400 15.5
676.617 88.5400 17.4
677.118 88.3400 19.2
677.619 88.6400 16.7
678.120 88.7400 16.1
678.621 88.4400 18.8
679.123 88.8400 15.5
679.623 88.6400 17.4
680.124 88.4400 19.2
680.625 88.3400 20.1
681.126 88.7400 16.7
681.627 88.9400 15.2
682.128 88.9400 15.4
682.629 88.4400 19.8
683.130 88.9400 15.6
683.631 88.9400 15.8
684.131 89.0400 15.1
684.632 89.3500 12.8
685.133 89.3500 13.0
685.634 89.4500 12.4
686.135 89.4500 12.7
686.636 89.4500 12.9
687.137 89.2400 14.9
687.637 89.2400 15.0
688.138 89.5500 12.6
688.639 89.6500 11.9
689.140 89.4500 13.9
689.641 89.9700 9.7
690.142 89.7600 11.7
690.642 89.7600 11.9
691.143 90.0700 9.5
691.644 90.0700 9.8
692.144 89.4500 15.2
692.644 89.9700 10.9
693.146 90.1800 9.4
693.646 90.0700 10.5
694.146 90.3900 8.1
694.648 89.9700 11.8
695.148 90.2800 9.3
695.650 90.3900 8.6
696.150 90.3900 8.8
696.652 90.7000 6.4
697.152 90.8100 5.8
697.652 90.7000 7.0
698.154 90.7000 7.2
698.654 90.6000 8.3
699.156 90.9200 5.7
699.656 91.0300 5.1
700.158 90.9200 6.2
700.658 90.9200 6.4
701.158 91.0300 5.7
701.660 91.0300 5.9
702.160 91.1300 5.1
702.661 91.3500 3.5
703.162 91.1300 5.5
703.664 91.2400 4.8
704.164 91.3500 4.0
704.665 91.3500 4.2
705.166 90.9200 8.0
705.667 91.1300 6.1
706.168 91.5700 2.6
706.669 91.5700 2.8
707.170 91.4600 3.9
707.670 91.5700 3.0
708.171 91.6800 2.3
708.672 91.9000 0.6
709.173 91.5700 3.6
709.674 91.6800 2.7
710.175 91.5700 3.7
710.676 91.6800 2.9
711.176 91.5700 3.9
711.677 91.7900 2.0
712.178 91.7900 2.1
712.679 91.7900 2.2
713.180 91.9000 1.4
713.681 91.7900 2.4
714.181 91.9000 1.5
714.682 91.9000 1.6
715.183 91.9000 1.6
715.684 91.9000 1.7
716.185 92.1200 0.0
716.686 92.0100 1.0
717.187 92.0100 1.0
717.687 91.6800 3.8
718.187 91.9000 1.9
718.688 91.9000 1.9
719.189 91.9000 1.9
719.689 92.0100 0.9
720.191 91.7900 2.8
720.691 91.6800 3.6
721.191 91.9000 1.7
721.693 91.7900 2.6
722.193 91.9000 1.6
722.695 91.7900 2.5
723.195 91.9000 1.5
723.697 91.6800 3.3
724.197 92.5700 0.0
724.697 91.7900 2.6
725.199 91.6800 3.4
725.699 91.7900 2.4
726.200 91.7900 2.3
726.701 91.7900 2.2
727.202 92.0100 0.3
727.703 91.7900 2.2
728.203 91.6800 3.0
728.704 91.6800 2.9
729.206 91.3500 5.5
729.707 91.5700 3.5
730.208 91.4600 4.2
730.708 91.4600 4.1
731.209 91.4600 4.0
731.710 91.4600 3.8
732.211 91.4600 3.7
732.712 90.9200 8.1
733.213 91.2400 5.1
733.714 91.2400 4.9
734.215 91.2400 4.8
734.715 91.1300 5.5
735.216 91.1300 5.4
735.717 91.1300 5.2
736.218 91.1300 5.1
736.719 90.9200 6.8
737.220 91.3500 3.0
737.721 90.9200 6.5
738.221 91.0300 5.5
738.722 90.8100 7.1
739.223 91.2400 3.3
739.724 90.8100 6.9
740.225 90.8100 6.7
740.726 90.8100 6.5
741.226 90.9200 5.5
741.727 90.4900 9.0
742.228 90.6000 7.8
742.728 90.9200 5.0
743.228 90.2800 10.2
743.728 90.2800 10.0
744.230 89.9700 12.3
744.730 90.6000 6.7
745.232 90.6000 6.7
745.732 90.1800 10.1
746.234 90.2800 9.0
746.734 90.2800 8.8
747.234 90.1800 9.6
747.736 89.8600 12.0
748.236 90.1800 9.2
748.738 89.9700 10.8
749.238 89.8600 11.5
749.740 90.0700 9.5
750.240 89.9700 10.3
750.740 89.7600 11.9
751.242 89.8600 10.8
751.742 90.1800 8.1
752.244 89.4500 14.1
752.744 89.1400 16.4
753.244 89.7600 10.9
753.745 89.5500 12.5
754.246 89.5500 12.4
754.748 89.5500 12.2
755.249 89.5500 12.1
755.750 89.4500 12.8
756.251 89.4500 12.7
756.752 89.4500 12.6
757.252 89.4500 12.5
757.753 89.1400 14.9
758.254 88.5400 19.8
758.755 89.3500 12.7
759.256 89.2400 13.4
759.757 88.7400 17.6
760.257 89.2400 13.1
760.758 89.2400 13.1
761.259 88.8400 16.4
761.760 89.2400 12.8
762.261 89.0400 14.5
762.762 89.1400 13.6
763.263 89.2400 12.7
763.763 89.0400 14.4
764.264 89.2400 12.7
764.765 88.8400 16.1
765.266 88.9400 15.1
765.767 88.9400 15.1
766.268 88.7400 16.7
766.768 88.7400 16.5
767.269 88.9400 14.8
767.770 88.4400 18.9
768.270 88.4400 18.7
768.771 89.0400 13.5
769.272 89.0400 13.6
769.773 88.8400 15.3
770.273 88.9400 14.5
770.773 88.9400 14.5
771.275 89.3500 11.1
771.775 88.5400 18.1
772.277 88.7400 16.3
772.777 88.8400 15.4
773.279 88.7400 16.2
773.779 88.6400 17.0
774.279 89.0400 13.6
774.781 88.7400 16.2
775.281 88.7400 16.2
775.783 88.9400 14.5
776.283 88.5400 17.9
776.784 88.6400 17.0
777.284 88.7400 16.1
777.785 88.5400 17.8
778.286 88.7400 16.1
778.787 88.9400 14.4
779.289 89.6500 8.5
779.790 89.1400 13.2
780.290 88.6400 17.5
780.791 88.7400 16.6
781.292 89.2400 12.4
781.793 88.8400 15.9
782.294 88.8400 15.9
782.795 89.0400 14.2
783.296 88.8400 16.0
783.796 88.7400 16.9
784.297 88.9400 15.2
784.798 89.1400 13.5
785.299 88.8400 16.2
785.800 89.3500 11.9
786.301 89.1400 13.8
786.802 89.0400 14.8
787.302 89.1400 14.0
787.803 89.1400 14.1
788.304 89.0400 15.0
788.805 89.1400 14.2
789.306 89.3500 12.6
789.807 89.1400 14.4
790.308 89.4500 11.9
790.808 89.0400 15.5
791.309 89.3500 13.0
791.810 89.6500 10.5
792.311 89.1400 15.0
792.812 89.8600 9.0
793.312 89.5500 11.9
793.812 89.7600 10.3
794.312 89.2400 14.8
794.814 89.4500 13.1
795.314 89.7600 10.5
795.816 89.9700 9.0
796.316 89.7600 10.9
796.818 89.7600 11.1
797.318 89.8600 10.3
797.818 89.8600 10.5
798.320 89.8600 10.6
798.820 89.7600 11.6
799.322 90.0700 9.1
799.822 89.9700 10.1
800.324 89.9700 10.2
800.824 90.1800 8.6
801.324 90.0700 9.6
801.826 90.2800 8.0
802.326 89.9700 10.8
802.827 90.1800 9.1
803.328 90.1800 9.2
803.828 90.2800 8.5
804.329 90.4900 6.8
804.831 89.6500 14.0
805.331 90.6000 6.0
805.833 91.0300 2.7
806.334 90.7000 5.7
806.834 90.3900 8.6
807.334 89.0400 19.9
807.835 90.1800 10.0
808.337 90.4900 7.3
808.838 90.4900 7.5
809.338 90.7000 5.8
809.839 90.7000 6.0
810.340 90.7000 6.2
810.840 90.8100 5.4
811.342 90.7000 6.5
811.842 90.6000 7.5
812.343 90.8100 5.8
812.844 90.9200 5.0
813.346 90.2800 10.5
813.846 90.4900 8.6
814.346 90.8100 5.9
814.847 90.9200 5.2
815.350 90.8100 6.2
815.850 90.9200 5.3
816.351 90.9200 5.5
816.852 90.7000 7.3
817.353 90.9200 5.5
817.854 90.9200 5.6
818.354 90.9200 5.7
818.854 90.9200 5.7
819.355 91.0300 4.9
819.856 91.5700 0.4
820.357 91.0300 5.2
820.857 90.9200 6.2
821.359 91.1300 4.4
821.859 91.0300 5.3
822.360 91.1300 4.5
822.861 91.2400 3.6
823.361 91.0300 5.5
823.863 91.0300 5.5
824.364 90.7000 8.2
824.865 91.1300 4.4
825.365 90.9200 6.3
825.865 90.9200 6.2
826.366 91.1300 4.4
826.868 91.1300 4.4
827.369 90.9200 6.2
827.869 91.0300 5.3
828.370 91.0300 5.3
828.870 91.1300 4.4
829.372 90.7000 8.0
829.873 91.1300 4.2
830.373 91.0300 5.2
830.874 90.9200 6.0
831.376 91.1300 4.2
831.877 91.2400 3.3
832.377 91.0300 5.2
832.877 91.0300 5.1
833.378 90.6000 8.7
833.880 91.2400 3.1
834.381 91.1300 4.1
834.881 91.0300 5.0
835.381 91.1300 4.1
835.882 90.9200 5.9
836.383 90.4900 9.4
836.885 90.9200 5.6
837.385 91.0300 4.6
837.886 91.7900 0.0
838.387 90.7000 7.7
838.887 90.8100 6.6
839.389 91.2400 2.9
839.889 90.8100 6.6
840.391 90.8100 6.5
840.892 90.4900 9.0
841.393 90.4900 8.8
841.894 90.4900 8.6
842.394 90.7000 6.7
842.895 90.4900 8.4
843.395 90.4900 8.2
843.896 90.4900 8.1
844.396 90.3900 8.9
844.898 90.6000 7.0
845.399 90.2800 9.5
845.899 90.4900 7.6
846.400 90.4900 7.5
846.900 90.1800 10.1
847.402 90.3900 8.2
847.903 90.4900 7.2
848.404 90.6000 6.3
848.904 90.4900 7.2
849.404 90.2800 8.9
849.906 90.0700 10.5
850.407 90.2800 8.6
850.908 90.4900 6.7
851.408 89.9700 11.1
851.910 90.6000 5.7
852.410 90.0700 10.1
852.911 89.8600 11.7
853.412 89.9700 10.7
853.912 89.7600 12.2
854.413 89.9700 10.3
854.915 90.1800 8.4
855.416 89.6500 12.8
855.916 89.6500 12.6
856.416 89.8600 10.6
856.917 90.0700 8.8
857.419 89.8600 10.6
857.920 90.0700 8.7
858.420 89.7600 11.3
858.920 89.8600 10.3
859.421 89.6500 12.0
859.922 89.7600 11.0
860.424 89.6500 11.8
860.924 89.8600 10.0
861.425 89.9700 9.1
861.926 89.4500 13.4
862.426 89.6500 11.5
862.928 89.7600 10.6
863.428 89.5500 12.3
863.929 89.2400 14.8
864.430 89.6500 11.1
864.932 89.8600 9.4
865.433 89.8600 9.4
865.933 89.8600 9.5
866.434 89.6500 11.2
866.936 89.2400 14.6
867.436 89.0400 16.1
867.937 89.8600 9.1
868.437 89.6500 10.9
868.938 89.4500 12.6
869.438 89.7600 9.9
869.939 89.5500 11.7
870.439 89.1400 15.1
870.941 89.4500 12.4
871.442 89.4500 12.3
871.943 89.4500 12.3
872.443 89.2400 14.0
872.943 89.6500 10.5
873.445 89.4500 12.2
873.946 89.4500 12.2
874.447 89.3500 13.1
874.947 89.4500 12.2
875.449 89.5500 11.3
875.949 89.3500 13.1
876.450 89.2400 13.9
876.951 89.2400 13.8
877.451 89.2400 13.7
877.952 89.4500 12.0
878.454 89.3500 12.8
878.955 89.7600 9.4
879.455 88.9400 16.4
879.955 89.3500 12.8
880.456 89.2400 13.7
880.958 89.2400 13.6
881.459 89.4500 11.9
881.959 89.4500 11.9
882.460 89.4500 12.0
882.960 89.3500 12.9
883.462 90.0700 6.8
883.963 89.4500 12.3
884.463 89.2400 14.0
884.964 89.2400 13.9
885.465 89.3500 13.1
885.965 89.2400 13.9
886.467 89.4500 12.2
886.967 89.2400 13.9
887.468 89.3500 13.0
887.969 89.1400 14.7
888.471 89.8600 8.6
888.971 89.3500 13.2
889.471 89.2400 14.0
889.972 89.4500 12.2
890.475 89.4500 12.3
890.975 89.2400 14.0
891.476 89.2400 14.0
891.977 89.4500 12.3
892.477 89.3500 13.2
892.978 89.2400 14.0
893.478 89.5500 11.4
893.978 89.4500 12.4
894.480 89.6500 10.7
894.981 89.0400 15.9
895.482 89.3500 13.3
895.982 89.3500 13.3
896.482 89.5500 11.6
896.984 89.4500 12.5
897.485 89.4500 12.6
897.986 89.5500 11.8
898.486 89.6500 11.0
898.988 89.4500 12.8
899.488 89.4500 12.8
899.989 89.4500 12.8
900.490 89.5500 12.0
900.990 89.4500 12.9
901.492 89.8600 9.5
901.993 89.5500 12.2
902.494 89.6500 11.4
902.994 89.6500 11.5
903.494 89.3500 14.1
903.995 89.6500 11.5
904.497 89.9700 8.9
904.998 90.2800 6.5
905.498 89.8600 10.3
905.998 89.9700 9.5
906.499 89.8600 10.5
907.001 89.7600 11.4
907.502 90.2800 7.1
908.002 89.8600 10.8
908.503 89.9700 9.9
909.004 90.2800 7.4
909.506 89.9700 10.2
910.006 90.3900 6.7
910.506 89.8600 11.3
911.007 89.9700 10.4
911.508 89.3500 15.6
912.010 89.9700 10.2
912.510 90.3900 6.8
913.010 90.2800 7.8
913.511 90.0700 9.7
914.012 90.0700 9.8
914.514 90.0700 9.8
915.014 90.1800 9.0
915.516 90.1800 9.0
916.018 90.4900 6.5
916.518 90.1800 9.3
917.018 90.1800 9.3
917.519 89.9700 11.1
918.020 90.1800 9.3
918.520 90.2800 8.4
919.021 90.0700 10.3
919.521 89.9700 11.1
920.022 90.6000 5.8
920.523 90.0700 10.4
921.024 90.3900 7.7
921.525 90.2800 8.7
922.025 90.6000 6.1
922.527 90.2800 8.9
923.027 90.2800 8.9
923.528 90.3900 8.0
924.029 90.4900 7.2
924.529 90.2800 9.0
925.031 90.4900 7.3
925.532 90.3900 8.2
926.033 90.8100 4.7
926.533 91.0300 3.1
927.033 90.6000 6.9
927.534 90.9200 4.3
928.036 90.7000 6.2
928.537 90.7000 6.3
929.037 90.3900 9.0
929.537 90.8100 5.4
930.038 90.8100 5.5
930.540 90.7000 6.4
931.041 90.7000 6.5
931.541 90.4900 8.3
932.042 90.8100 5.5
932.544 90.4900 8.3
933.044 90.9200 4.7
933.545 91.0300 3.9
934.045 90.8100 5.8
934.546 90.4900 8.5
935.048 90.6000 7.5
935.549 90.9200 4.8
936.049 91.2400 2.1
936.549 91.0300 4.1
937.050 90.6000 7.8
937.551 90.6000 7.7
938.053 90.4900 8.5
938.553 90.8100 5.7
939.054 90.6000 7.5
939.555 90.6000 7.5
940.055 90.2800 10.0
940.557 89.8600 13.4
941.058 90.2800 9.6
941.559 90.2800 9.4
942.060 90.3900 8.5
942.561 90.6000 6.6
943.062 90.3900 8.4
943.562 90.4900 7.5
944.062 90.4900 7.4
944.563 90.4900 7.4
945.064 90.1800 10.1
945.564 90.3900 8.2
946.066 90.6000 6.3
946.566 90.7000 5.5
947.067 90.2800 9.1
947.568 90.4900 7.2
948.068 90.4900 7.2
948.570 90.1800 9.9
949.071 90.2800 8.9
949.572 90.7000 5.3
950.072 90.0700 10.6
950.572 90.1800 9.6
951.074 90.3900 7.8
951.575 90.0700 10.4
952.076 90.0700 10.2
952.576 90.1800 9.2
953.077 90.1800 9.2
953.579 89.8600 11.7
954.080 90.1800 9.0
954.580 90.0700 9.8
955.080 89.9700 10.6
955.581 89.9700 10.5
956.083 90.0700 9.5
956.584 89.9700 10.4
957.084 89.9700 10.3
957.585 89.8600 11.1
958.085 89.8600 11.0
958.587 90.1800 8.3
959.088 89.9700 10.1
959.588 89.7600 11.7
960.089 90.1800 8.1
960.590 89.9700 9.9
961.090 89.7600 11.6
961.592 89.9700 9.8
0.501 89.6500 1.9
1.002 89.7600 1.0
1.504 89.6500 1.8
2.004 89.6500 1.8
2.505 89.7600 0.9
3.006 89.5500 2.6
3.506 89.9700 0.0
4.008 89.9700 0.0
4.508 89.6500 1.8
5.009 89.7600 0.9
5.511 89.7600 0.9
6.012 89.8600 0.0
6.513 89.5500 2.7
7.014 89.4500 3.5
7.514 89.5500 2.5
8.015 89.4500 3.3
8.516 89.6500 1.5
9.016 89.5500 2.4
9.517 89.4500 3.2
10.018 89.4500 3.1
10.518 89.5500 2.2
11.019 89.3500 3.9
11.520 89.3500 3.8
12.021 89.4500 2.9
12.522 89.4500 2.9
13.022 89.3500 3.7
13.523 89.4500 2.8
14.023 89.2400 4.5
14.525 89.1400 5.3
15.026 89.2400 4.3
15.527 89.1400 5.1
16.027 89.0400 5.9
16.527 89.0400 5.8
17.029 89.0400 5.7
17.530 88.9400 6.4
18.031 88.8400 7.2
18.531 88.8400 7.0
19.031 88.7400 7.8
19.532 88.7400 7.6
20.034 88.6400 8.3
20.535 88.2400 11.5
21.035 88.9400 5.4
21.535 88.5400 8.8
22.036 88.6400 7.8
22.538 88.5400 8.6
23.039 88.5400 8.5
23.539 88.4400 9.3
24.039 88.4400 9.2
24.540 88.4400 9.1
25.042 88.5400 8.2
25.543 88.2400 10.6
26.043 88.0400 12.2
26.544 88.1400 11.2
27.044 88.0400 11.8
27.545 88.4400 8.4
28.047 87.9400 12.6
28.547 87.7500 14.0
29.048 88.0400 11.4
29.549 88.4400 8.0
30.051 87.8500 13.1
30.551 87.9400 12.1
31.051 87.9400 12.0
31.553 87.9400 12.0
32.054 87.8500 12.7
32.555 83.2900 50.7
33.056 87.7500 11.8
33.556 87.5500 13.5
34.057 87.5500 13.5
34.557 87.5500 13.6
35.058 87.6500 12.8
35.559 87.6500 12.9
36.060 87.3600 15.4
36.560 87.2600 16.1
37.061 87.4600 14.5
37.562 86.8800 19.3
38.062 86.9800 18.3
38.564 87.4600 14.2
39.065 87.4600 14.3
39.565 87.2600 16.0
40.066 88.2400 7.8
40.566 87.1700 17.2
41.068 87.3600 15.5
41.569 87.2600 16.3
42.069 87.3600 15.5
42.570 87.2600 16.4
43.070 87.5500 14.0
43.572 87.3600 15.7
44.073 87.2600 16.6
44.574 87.0700 18.2
45.074 87.2600 16.6
45.574 87.3600 15.8
46.075 87.0700 18.3
46.577 86.8800 19.9
47.078 87.1700 17.4
47.578 87.1700 17.4
48.079 87.0700 18.3
48.579 86.8800 19.9
49.081 87.2600 16.6
49.582 86.9800 19.1
50.082 87.3600 15.9
50.583 87.2600 16.9
51.083 87.3600 16.2
51.584 87.3600 16.3
52.086 87.2600 17.2
52.586 87.3600 16.5
53.087 87.1700 18.3
53.587 87.3600 16.7
54.088 87.4600 16.0
54.590 87.0700 19.4
55.090 87.4600 16.2
55.591 87.3600 17.1
56.092 87.3600 17.2
56.594 87.4600 16.6
57.094 87.5500 15.9
57.595 87.5500 16.1
58.096 87.5500 16.2
58.597 87.2600 18.8
59.098 87.5500 16.4
59.598 87.6500 15.7
60.099 87.6500 15.9
60.599 87.8500 14.4
61.100 87.5500 17.1
61.601 87.8500 14.8
62.101 87.9400 14.2
62.602 87.8500 15.2
63.103 87.9400 14.6
63.604 87.8500 15.6
64.105 87.4600 19.0
64.605 88.0400 14.1
65.105 87.7500 16.8
65.607 87.9400 15.2
66.108 88.1400 13.8
66.609 88.2400 13.2
67.109 87.9400 15.9
67.609 88.1400 14.3
68.111 88.2400 13.7
68.612 87.7500 18.0
69.113 88.5400 11.4
69.613 88.4400 12.6
70.114 88.3400 13.7
70.616 88.3400 13.8
71.116 88.6400 11.5
71.617 88.4400 13.4
72.117 88.3400 14.4
72.618 88.6400 12.1
73.120 88.8400 10.6
73.621 88.8400 10.9
74.121 88.9400 10.3
74.621 88.8400 11.4
75.122 89.0400 9.9
75.624 88.6400 13.6
76.125 89.0400 10.3
76.625 89.1400 9.7
77.126 88.9400 11.6
77.626 89.1400 10.1
78.127 89.2400 9.4
78.629 89.2400 9.7
79.129 89.2400 9.9
79.630 89.2400 10.1
80.131 89.3500 9.4
80.631 89.3500 9.6
81.133 89.2400 10.6
81.633 89.4500 9.1
82.134 89.4500 9.2
82.636 89.4500 9.4
83.137 89.5500 8.7
83.638 89.7600 7.2
84.138 89.2400 11.7
84.639 89.7600 7.4
85.140 90.0700 5.0
85.641 89.7600 8.0
86.141 89.9700 6.4
86.641 89.7600 8.3
87.142 89.6500 9.3
87.643 89.9700 6.8
88.144 90.1800 5.2
88.645 90.2800 4.6
89.146 90.1800 5.7
89.646 90.4900 3.3
90.147 90.1800 6.2
90.648 90.4900 3.7
91.148 90.2800 5.7
91.650 90.1800 6.7
92.151 90.0700 7.7
92.652 90.3900 5.1
93.152 90.2800 6.1
93.652 90.3900 5.3
94.154 90.3900 5.4
94.655 90.6000 3.8
95.156 90.4900 4.8
95.656 90.6000 4.0
96.157 90.8100 2.4
96.657 90.7000 3.5
97.159 90.8100 2.8
97.660 90.7000 3.8
98.160 90.8100 3.0
98.661 90.7000 4.0
99.163 90.8100 3.2
99.664 90.8100 3.3
100.164 91.1300 0.7
100.664 90.9200 2.7
101.165 90.9200 2.8
101.666 91.0300 2.0
102.168 90.4900 6.6
102.668 90.6000 5.6
103.169 90.9200 2.9
103.669 91.3500 0.0
104.170 90.8100 4.1
104.672 90.6000 5.9
105.172 90.7000 4.9
105.673 90.7000 4.9
106.174 90.8100 4.0
106.674 90.9200 3.1
107.176 90.6000 5.8
107.676 90.6000 5.7
108.178 90.3900 7.4
108.679 90.6000 5.5
109.180 90.7000 4.5
109.681 90.4900 6.3
110.181 90.4900 6.2
110.682 90.4900 6.1
111.182 90.7000 4.3
111.683 90.8100 3.4
112.184 90.7000 4.3
112.684 90.2800 7.8
113.185 90.9200 2.4
113.686 90.4900 6.0
114.187 90.6000 5.0
114.688 90.6000 5.0
115.189 90.6000 5.0
115.689 90.9200 2.3
116.190 90.8100 3.2
116.691 90.6000 5.1
117.191 90.4900 5.9
117.693 90.3900 6.7
118.194 90.6000 4.8
118.694 89.8600 10.9
119.195 90.3900 6.3
119.695 90.6000 4.4
120.197 90.3900 6.2
120.698 90.6000 4.4
121.199 90.6000 4.4
121.699 90.3900 6.2
122.200 90.3900 6.1
122.700 90.2800 6.9
123.202 90.2800 6.8
123.703 90.3900 5.8
124.203 90.3900 5.8
124.704 89.8600 10.1
125.206 90.1800 7.3
125.706 90.0700 8.1
126.207 90.0700 8.0
126.707 89.8600 9.6
127.208 89.9700 8.6
127.709 90.0700 7.6
128.211 89.9700 8.4
128.711 89.9700 8.3
129.211 89.8600 9.1
129.712 89.5500 11.5
130.213 89.6500 10.5
130.715 89.8600 8.6
131.215 90.1800 5.9
131.715 89.8600 8.6
132.216 89.7600 9.4
132.717 89.7600 9.3
133.218 89.6500 10.1
133.720 89.4500 11.7
134.221 89.6500 9.8
134.722 89.7600 8.8
135.223 89.3500 12.2
135.724 89.5500 10.3
136.224 89.5500 10.3
136.724 89.2400 12.8
137.225 89.5500 10.0
137.726 89.6500 9.1
138.227 89.2400 12.5
138.728 89.5500 9.8
139.228 89.2400 12.4
139.729 89.3500 11.4
140.230 89.3500 11.3
140.730 89.4500 10.4
141.232 89.3500 11.2
141.733 88.9400 14.6
142.233 89.2400 11.8
142.734 88.7400 16.0
143.234 89.2400 11.5
143.736 89.1400 12.3
144.237 88.9400 14.0
144.737 89.0400 13.0
145.238 89.1400 12.1
145.738 88.8400 14.6
146.240 89.1400 11.9
146.741 89.0400 12.8
147.242 88.9400 13.6
147.742 88.9400 13.5
148.243 88.8400 14.3
148.743 89.1400 11.7
149.245 88.8400 14.3
149.746 88.4400 17.6
150.246 88.7400 14.8
150.747 89.0400 12.2
151.249 88.8400 14.0
151.750 88.8400 13.9
152.250 88.9400 13.1
152.750 88.8400 13.9
153.251 89.2400 10.6
153.752 88.8400 14.1
154.254 88.8400 14.1
154.754 88.9400 13.2
155.254 88.6400 15.7
155.755 88.7400 14.8
156.256 88.8400 13.9
156.758 88.7400 14.8
157.258 89.0400 12.2
157.759 88.9400 13.2
158.261 88.6400 15.7
158.761 89.0400 12.3
159.262 88.7400 14.9
159.763 89.0400 12.4
160.264 89.2400 10.8
160.765 88.8400 14.3
161.266 88.9400 13.5
161.766 88.5400 16.9
162.266 88.6400 15.9
162.767 88.9400 13.4
163.268 88.9400 13.4
163.769 88.7400 15.2
164.270 88.8400 14.3
164.771 88.8400 14.3
165.271 88.7400 15.2
165.772 88.9400 13.5
166.273 88.9400 13.6
166.773 88.7400 15.3
167.273 88.9400 13.7
167.775 89.1400 12.0
168.276 89.0400 13.0
168.777 88.9400 13.9
169.277 88.9400 14.0
169.779 88.7400 15.7
170.280 89.1400 12.3
170.780 89.3500 10.7
171.281 89.1400 12.6
171.781 88.9400 14.4
172.282 89.2400 11.9
172.784 89.1400 12.8
173.285 89.2400 12.1
173.785 89.5500 9.6
174.285 89.2400 12.4
174.786 89.2400 12.5
175.288 89.1400 13.4
175.789 89.3500 11.8
176.289 89.3500 11.8
176.790 89.2400 12.8
177.292 89.5500 10.3
177.792 89.2400 13.0
178.293 89.5500 10.5
178.793 89.3500 12.3
179.294 89.4500 11.6
179.795 89.4500 11.6
180.295 89.8600 8.3
180.797 89.8600 8.5
181.297 89.6500 10.4
181.798 89.7600 9.7
182.299 89.8600 8.9
182.801 89.1400 15.1
183.301 89.8600 9.0
183.801 89.6500 10.9
184.303 89.5500 11.8
184.804 89.5500 11.8
185.305 89.8600 9.3
185.806 89.8600 9.4
186.307 89.7600 10.4
186.807 89.8600 9.6
187.307 89.9700 8.8
187.808 90.0700 8.1
188.309 89.8600 10.0
188.810 90.1800 7.4
189.311 89.9700 9.3
189.811 89.7600 11.2
190.312 89.5500 12.9
190.812 89.7600 11.1
191.314 90.1800 7.6
191.815 90.1800 7.8
192.316 90.1800 7.9
192.816 90.2800 7.2
193.316 90.0700 9.1
193.818 90.2800 7.4
194.319 90.0700 9.2
194.820 89.9700 10.2
195.320 90.1800 8.4
195.822 90.2800 7.6
196.323 90.2800 7.7
196.823 90.2800 7.8
197.324 90.0700 9.6
197.824 90.3900 7.0
198.325 90.4900 6.2
198.827 90.2800 8.1
199.328 90.3900 7.3
199.828 90.6000 5.6
200.328 90.2800 8.4
200.829 90.2800 8.4
201.331 90.4900 6.6
201.832 90.3900 7.6
202.332 90.0700 10.3
202.833 90.4900 6.7
203.333 90.2800 8.5
203.834 90.3900 7.7
204.336 90.6000 5.9
204.836 90.4900 6.9
205.337 90.3900 7.8
205.838 90.2800 8.7
206.340 90.4900 6.9
206.840 90.3900 7.9
207.340 90.7000 5.2
207.841 90.4900 7.1
208.342 90.2800 8.9
208.844 90.6000 6.2
209.345 90.6000 6.2
209.846 90.9200 3.6
210.346 90.8100 4.7
210.847 90.6000 6.6
211.348 90.6000 6.6
211.849 90.6000 6.6
212.349 90.4900 7.5
212.850 90.6000 6.6
213.350 90.4900 7.5
213.851 90.6000 6.5
214.352 90.3900 8.3
214.853 90.8100 4.7
215.354 91.0300 3.0
215.855 90.4900 7.6
216.355 90.2800 9.3
216.855 90.6000 6.5
217.357 90.7000 5.7
217.858 90.3900 8.3
218.359 90.6000 6.5
218.859 90.4900 7.4
219.361 90.4900 7.3
219.862 90.6000 6.4
220.362 91.0300 2.8
220.863 90.6000 6.5
221.363 90.6000 6.5
221.864 90.3900 8.3
222.366 90.7000 5.5
222.867 90.4900 7.3
223.367 90.6000 6.4
223.867 90.6000 6.4
224.368 90.4900 7.3
224.870 90.6000 6.3
225.371 90.4900 7.2
225.871 90.4900 7.2
226.372 90.3900 8.0
226.872 90.4900 7.0
227.374 90.4900 7.0
227.875 90.3900 7.8
228.375 90.1800 9.5
228.876 90.3900 7.6
229.377 90.3900 7.6
229.877 90.2800 8.4
230.379 90.6000 5.7
230.879 90.2800 8.4
231.380 90.2800 8.3
231.881 90.1800 9.1
232.383 90.3900 7.2
232.883 90.1800 9.0
233.384 90.1800 8.9
233.884 90.3900 7.0
234.386 90.1800 8.8
234.887 90.3900 7.0
235.388 90.6000 5.2
235.889 90.4900 6.2
236.390 90.2800 8.0
236.891 89.9700 10.6
237.391 90.1800 8.6
237.891 90.1800 8.6
238.392 90.2800 7.6
238.893 90.2800 7.6
239.394 90.0700 9.4
239.895 90.1800 8.4
240.395 89.8600 11.0
240.896 89.8600 10.8
241.397 90.0700 8.9
241.898 89.8600 10.6
242.398 90.1800 7.9
242.900 89.9700 9.7
243.401 89.9700 9.6
243.901 89.8600 10.4
244.402 89.9700 9.4
244.902 89.7600 11.1
245.404 89.6500 11.9
245.905 90.0700 8.2
246.406 89.8600 10.0
246.906 89.7600 10.8
247.406 89.8600 9.9
247.907 89.6500 11.6
248.409 89.9700 8.8
248.910 89.5500 12.3
249.410 89.8600 9.6
249.911 89.8600 9.6
250.411 89.6500 11.3
250.913 89.7600 10.4
251.414 89.6500 11.2
251.914 89.5500 12.0
252.415 89.2400 14.5
252.916 89.5500 11.7
253.416 89.6500 10.8
253.918 89.3500 13.3
254.418 89.4500 12.3
254.919 89.4500 12.3
255.420 89.3500 13.1
255.922 89.7600 9.5
256.422 89.4500 12.2
256.922 89.5500 11.3
257.423 89.5500 11.3
257.924 89.5500 11.2
258.426 90.8100 0.7
258.926 89.5500 11.7
259.426 89.4500 12.5
259.928 89.0400 15.8
260.430 89.5500 11.3
260.930 89.4500 12.2
261.431 89.5500 11.3
261.932 89.3500 13.0
262.432 89.4500 12.1
262.932 89.7600 9.5
263.433 89.3500 13.0
263.934 89.1400 14.6
264.435 89.5500 11.1
264.936 89.3500 12.8
265.437 89.4500 11.9
265.938 89.1400 14.5
266.439 89.3500 12.7
266.940 89.4500 11.8
267.440 89.4500 11.8
267.941 89.3500 12.7
268.441 89.6500 10.1
268.943 89.3500 12.8
269.444 89.4500 11.9
269.945 89.2400 13.6
270.445 89.2400 13.6
270.945 89.3500 12.7
271.447 89.0400 15.2
271.948 89.4500 11.7
272.449 89.6500 10.0
272.949 89.3500 12.7
273.450 89.6500 10.1
273.950 89.4500 12.0
274.452 89.5500 11.1
274.953 89.1400 14.6
275.453 89.5500 11.1
275.954 89.4500 12.0
276.454 89.4500 12.1
276.956 89.6500 10.4
277.457 89.7600 9.6
277.957 89.1400 14.9
278.458 89.5500 11.3
278.959 89.8600 8.8
279.459 89.0400 15.8
279.961 89.4500 12.3
280.461 89.5500 11.4
280.962 89.5500 11.5
281.463 89.5500 11.5
281.965 89.6500 10.7
282.465 89.8600 9.1
282.965 89.4500 12.7
283.466 89.6500 10.9
283.967 89.6500 11.0
284.469 89.4500 12.8
284.970 89.8600 9.3
285.471 89.5500 12.0
285.971 89.6500 11.1
286.472 89.6500 11.2
286.973 89.7600 10.4
287.474 89.6500 11.3
287.974 89.6500 11.3
288.475 89.8600 9.6
288.975 89.6500 11.5
289.476 89.9700 8.9
289.977 89.9700 9.0
290.478 89.9700 9.1
290.979 89.4500 13.5
291.480 89.7600 10.9
291.980 89.6500 11.8
292.480 89.8600 10.0
292.982 89.8600 10.1
293.483 89.3500 14.4
293.984 89.6500 11.8
294.484 89.9700 9.1
294.986 90.0700 8.4
295.486 90.0700 8.5
295.987 89.6500 12.1
296.488 90.1800 7.7
296.988 89.8600 10.5
297.490 90.0700 8.8
297.991 90.1800 8.0
298.491 90.0700 9.0
298.992 90.3900 6.4
299.492 89.8600 11.0
299.993 89.8600 11.0
300.495 89.7600 11.8
300.996 90.0700 9.1
301.496 89.8600 10.9
301.996 89.9700 10.0
302.497 90.1800 8.3
302.999 90.0700 9.3
303.500 90.3900 6.7
304.000 90.1800 8.6
304.501 90.2800 7.8
305.001 89.9700 10.5
305.502 90.2800 7.8
306.004 90.0700 9.7
306.504 90.2800 7.9
307.005 90.1800 8.9
307.506 90.3900 7.2
308.008 90.3900 7.3
308.508 89.9700 10.9
309.008 90.0700 9.9
309.509 90.2800 8.1
310.012 90.0700 9.9
310.512 90.2800 8.2
311.013 90.3900 7.3
311.514 90.3900 7.4
312.014 90.1800 9.2
312.515 90.3900 7.5
313.016 90.3900 7.5
313.516 90.1800 9.3
314.017 90.3900 7.6
314.518 90.2800 8.5
315.019 90.1800 9.4
315.520 90.3900 7.6
316.020 90.1800 9.4
316.521 90.1800 9.3
317.022 89.5500 14.5
317.523 90.2800 8.2
318.023 90.8100 3.8
318.525 90.3900 7.6
319.025 90.3900 7.6
319.526 89.8600 12.0
320.027 90.4900 6.6
320.527 89.8600 11.9
321.029 90.3900 7.4
321.530 90.3900 7.5
322.031 90.1800 9.3
322.531 90.4900 6.6
323.031 90.3900 7.6
323.533 90.1800 9.4
324.034 90.1800 9.3
324.535 90.1800 9.3
325.035 90.2800 8.4
325.535 90.3900 7.5
326.036 90.1800 9.3
326.538 90.2800 8.4
327.039 90.2800 8.4
327.539 89.9700 11.0
328.040 90.2800 8.3
328.542 90.2800 8.3
329.042 90.1800 9.2
329.543 90.1800 9.1
330.043 90.0700 10.0
330.544 89.9700 10.8
331.045 90.1800 8.9
331.547 90.1800 8.9
332.047 90.1800 8.9
332.547 89.8600 11.5
333.048 90.0700 9.7
333.549 89.5500 14.0
334.051 89.8600 11.2
334.551 90.2800 7.6
335.053 90.2800 7.7
335.554 90.0700 9.5
336.054 89.6500 12.9
336.555 90.2800 7.5
337.056 90.2800 7.6
337.557 90.0700 9.4
338.057 90.1800 8.6
338.558 90.1800 8.6
339.058 90.4900 6.0
339.559 90.0700 9.6
340.060 90.0700 9.6
340.561 90.1800 8.7
341.062 89.9700 10.4
341.562 90.0700 9.5
342.064 90.2800 7.7
342.564 90.1800 8.7
343.065 90.1800 8.7
343.566 90.0700 9.6
344.066 89.9700 10.4
344.568 89.8600 11.2
345.069 89.9700 10.2
345.570 90.2800 7.6
346.070 89.8600 11.1
346.570 90.1800 8.4
347.072 89.8600 11.1
347.573 90.0700 9.2
348.074 90.3900 6.6
