# time_s  setpoint_c  celsius  duty_pct  err_real  err_pred
5.946 60.00 59.9900 9.0 0.016 0.024
5.967 60.00 59.9900 9.0 0.014 0.019
5.986 60.00 60.1900 9.0 -0.187 -0.544
6.008 60.00 59.9700 9.0 0.034 0.075
6.027 60.00 59.9800 9.0 0.020 0.035
6.048 60.00 59.9700 9.0 0.031 0.066
6.067 60.00 59.9900 9.0 0.011 0.010
6.088 60.00 59.9800 9.0 0.025 0.048
6.107 60.00 59.9800 9.0 0.020 0.036
6.128 60.00 59.9700 9.0 0.027 0.056
6.147 60.00 59.9900 9.0 0.016 0.023
6.168 60.00 59.9800 9.0 0.023 0.044
6.186 60.00 59.9700 9.0 0.035 0.079
6.207 60.00 60.0000 9.0 0.003 -0.012
6.226 60.00 59.9800 9.0 0.019 0.033
6.247 60.00 59.9800 9.0 0.018 0.030
6.266 60.00 60.0000 9.0 0.005 -0.008
6.287 60.00 59.9800 9.0 0.020 0.035
6.307 60.00 59.9800 9.0 0.025 0.049
6.326 60.00 59.9800 9.0 0.021 0.039
6.347 60.00 59.9800 9.0 0.026 0.052
6.366 60.00 59.9800 9.0 0.021 0.038
6.387 60.00 59.9900 9.0 0.009 0.003
6.407 60.00 59.9800 9.0 0.019 0.031
6.428 60.00 59.9800 9.0 0.018 0.030
6.447 60.00 59.9800 9.0 0.019 0.031
6.468 60.00 59.9900 9.0 0.013 0.014
6.487 60.00 59.9700 9.0 0.034 0.074
6.508 60.00 59.9800 9.0 0.026 0.050
6.526 60.00 60.0000 9.0 0.002 -0.016
6.547 60.00 59.9700 9.0 0.034 0.072
6.566 60.00 60.0000 9.0 0.001 -0.018
6.587 60.00 59.9900 9.0 0.009 0.003
6.606 60.00 59.9800 9.0 0.020 0.034
6.627 60.00 59.9800 9.0 0.025 0.047
6.646 60.00 59.9900 9.0 0.014 0.018
6.667 60.00 59.9900 9.0 0.006 -0.004
6.686 60.00 59.9800 9.0 0.024 0.046
6.709 60.00 59.9800 9.0 0.022 0.040
6.727 60.00 59.9800 9.0 0.026 0.051
6.749 60.00 59.9800 9.0 0.025 0.048
6.768 60.00 59.9800 9.0 0.025 0.047
6.789 60.00 59.9900 9.0 0.011 0.008
6.808 60.00 59.9800 9.0 0.017 0.026
6.828 60.00 59.9900 9.0 0.014 0.018
6.848 60.00 59.9900 9.0 0.014 0.016
6.867 60.00 59.9900 9.0 0.014 0.018
6.888 60.00 59.9800 9.0 0.025 0.048
6.907 60.00 59.9900 9.0 0.010 0.006
6.928 60.00 59.9800 9.0 0.020 0.033
6.947 60.00 59.9800 9.0 0.018 0.029
6.968 60.00 59.9800 9.0 0.024 0.045
6.987 60.00 59.9800 9.0 0.020 0.033
7.008 60.00 59.9900 9.0 0.012 0.011
7.027 60.00 59.9900 9.0 0.012 0.011
7.049 60.00 59.9800 9.0 0.023 0.042
7.068 60.00 59.9900 9.0 0.014 0.018
7.089 60.00 59.9900 9.0 0.009 0.004
7.108 60.00 59.9900 9.0 0.014 0.017
7.129 60.00 59.9900 9.0 0.016 0.021
7.148 60.00 59.9800 9.0 0.020 0.033
7.169 60.00 59.9800 9.0 0.020 0.034
7.187 60.00 59.9800 9.0 0.022 0.039
7.208 60.00 59.9800 9.0 0.017 0.024
7.227 60.00 59.9800 9.0 0.017 0.024
7.248 60.00 59.9900 9.0 0.009 0.003
7.267 60.00 59.9900 9.0 0.007 -0.002
7.288 60.00 59.9800 9.0 0.018 0.029
7.308 60.00 59.9700 9.0 0.036 0.078
7.328 60.00 59.9800 9.0 0.022 0.040
7.348 60.00 59.9700 9.0 0.029 0.058
7.367 60.00 59.9700 9.0 0.033 0.068
7.389 60.00 59.9900 9.0 0.014 0.015
7.408 60.00 59.9700 9.0 0.027 0.051
7.429 60.00 59.9800 9.0 0.018 0.028
7.448 60.00 59.9900 9.0 0.012 0.009
7.469 60.00 59.9700 9.0 0.029 0.057
7.488 60.00 59.9700 9.0 0.036 0.077
7.509 60.00 59.9900 9.0 0.016 0.022
7.527 60.00 59.9800 9.0 0.022 0.038
7.548 60.00 59.9800 9.0 0.019 0.030
7.567 60.00 59.9700 9.0 0.028 0.054
7.588 60.00 59.9700 9.0 0.028 0.054
7.607 60.00 59.9800 9.0 0.023 0.040
7.628 60.00 59.9800 9.0 0.022 0.039
7.647 60.00 59.9800 9.0 0.018 0.027
7.668 60.00 59.9900 9.0 0.016 0.021
7.687 60.00 59.9800 9.0 0.025 0.044
7.709 60.00 60.0000 9.0 -0.003 -0.032
7.728 60.00 59.9800 9.0 0.023 0.040
7.750 60.00 59.9800 9.0 0.022 0.037
7.769 60.00 59.9700 9.0 0.027 0.052
7.790 60.00 59.9700 9.0 0.034 0.069
7.809 60.00 59.9800 9.0 0.025 0.044
7.830 60.00 59.9800 9.0 0.018 0.027
7.849 60.00 59.9800 9.0 0.024 0.042
7.869 60.00 59.9700 9.0 0.028 0.053
7.889 60.00 59.9800 9.0 0.024 0.041
7.908 60.00 59.9800 9.0 0.023 0.039
7.929 60.00 59.9900 9.0 0.007 -0.006
7.948 60.00 59.9800 9.0 0.018 0.026
7.969 60.00 59.9900 9.0 0.016 0.020
7.988 60.00 59.9900 9.0 0.013 0.011
8.009 60.00 59.9600 9.0 0.046 0.104
8.028 60.00 59.9900 9.0 0.016 0.018
8.050 60.00 59.9800 9.0 0.022 0.038
8.069 60.00 59.9700 9.0 0.027 0.049
8.090 60.00 59.9900 9.0 0.010 0.003
8.109 60.00 59.8100 9.0 0.192 0.512
8.130 60.00 59.9800 9.0 0.017 0.021
8.148 60.00 59.9800 9.0 0.019 0.027
8.169 60.00 59.9700 9.0 0.031 0.060
8.188 60.00 59.9800 9.0 0.020 0.029
8.209 60.00 59.9800 9.0 0.026 0.046
8.228 60.00 59.9800 9.0 0.017 0.019
8.249 60.00 59.9800 9.0 0.021 0.031
8.268 60.00 59.9700 9.0 0.033 0.064
8.289 60.00 59.9800 9.0 0.026 0.046
8.308 60.00 59.9800 9.0 0.021 0.031
8.329 60.00 59.9600 9.0 0.044 0.096
8.349 60.00 59.9800 9.0 0.021 0.031
8.369 60.00 59.9800 9.0 0.019 0.027
8.390 60.00 59.9800 9.0 0.024 0.040
8.409 60.00 59.9900 9.0 0.008 -0.004
8.430 60.00 59.9700 9.0 0.027 0.048
8.449 60.00 59.9800 9.0 0.026 0.046
8.470 60.00 59.9700 9.0 0.029 0.053
8.489 60.00 59.9800 9.0 0.025 0.042
8.509 60.00 59.9700 9.0 0.029 0.053
8.528 60.00 59.9800 9.0 0.020 0.029
8.549 60.00 59.9800 9.0 0.026 0.045
8.568 60.00 59.9800 9.0 0.022 0.035
8.589 60.00 59.9700 9.0 0.032 0.062
8.608 60.00 59.9800 9.0 0.026 0.045
8.629 60.00 59.9800 9.0 0.017 0.018
8.648 60.00 59.9800 9.0 0.021 0.031
8.669 60.00 59.9700 9.0 0.031 0.059
8.688 60.00 59.9600 9.0 0.040 0.083
8.710 60.00 59.9800 9.0 0.026 0.043
8.729 60.00 59.9700 9.0 0.027 0.047
8.751 60.00 59.9700 9.0 0.036 0.072
8.769 60.00 59.9700 9.0 0.027 0.047
8.791 60.00 59.9600 9.0 0.040 0.084
8.810 60.00 59.9800 9.0 0.023 0.035
8.831 60.00 59.9800 9.0 0.019 0.025
8.849 60.00 59.9700 9.0 0.033 0.063
8.870 60.00 59.9700 9.0 0.031 0.057
8.890 60.00 59.9800 9.0 0.018 0.022
8.909 60.00 59.9800 9.0 0.025 0.039
8.930 60.00 59.9800 9.0 0.021 0.029
8.949 60.00 59.9700 9.0 0.028 0.048
8.970 60.00 59.9700 9.0 0.033 0.061
8.989 60.00 59.9800 9.0 0.017 0.018
9.010 60.00 59.9700 9.0 0.031 0.058
9.029 60.00 59.9800 9.0 0.017 0.018
9.051 60.00 59.9700 9.0 0.028 0.048
9.070 60.00 59.9600 9.0 0.038 0.076
9.091 60.00 59.9700 9.0 0.031 0.058
9.110 60.00 59.9600 9.0 0.038 0.077
9.131 60.00 59.9700 9.0 0.028 0.048
9.150 60.00 59.9700 9.0 0.027 0.044
9.171 60.00 59.9700 9.0 0.028 0.048
9.189 60.00 59.9700 9.0 0.029 0.051
9.210 60.00 59.9800 9.0 0.017 0.016
9.229 60.00 59.9700 9.0 0.030 0.053
9.250 60.00 59.9800 9.0 0.021 0.029
9.269 60.00 60.0000 9.0 -0.001 -0.033
9.290 60.00 59.9700 9.0 0.034 0.063
9.309 60.00 59.9900 9.0 0.008 -0.009
9.330 60.00 59.9700 9.0 0.031 0.057
9.350 60.00 59.9700 9.0 0.030 0.053
9.371 60.00 59.9900 9.0 0.013 0.004
9.391 60.00 59.9700 9.0 0.029 0.050
9.410 60.00 60.0000 9.0 0.003 -0.023
9.431 60.00 59.9800 9.0 0.018 0.020
9.450 60.00 59.8600 9.0 0.146 0.377
9.471 60.00 59.9700 9.0 0.035 0.067
9.489 60.00 59.9700 9.0 0.028 0.046
9.510 60.00 59.9700 9.0 0.027 0.044
9.529 60.00 59.9800 9.0 0.026 0.040
9.550 60.00 59.9700 9.0 0.027 0.042
9.569 60.00 59.9800 9.0 0.024 0.034
9.590 60.00 59.9800 9.0 0.022 0.029
9.609 60.00 59.9800 9.0 0.023 0.032
9.630 60.00 59.9900 9.0 0.016 0.011
9.649 60.00 59.9600 9.0 0.040 0.079
9.671 60.00 59.9700 9.0 0.029 0.049
9.690 60.00 59.9700 9.0 0.033 0.058
9.711 60.00 59.9700 9.0 0.033 0.058
9.730 60.00 59.9700 9.0 0.030 0.051
9.751 60.00 59.9800 9.0 0.020 0.024
9.770 60.00 59.9700 9.0 0.027 0.042
9.790 60.00 59.9600 9.0 0.041 0.083
9.810 60.00 59.9700 9.0 0.034 0.061
9.831 60.00 59.9700 9.0 0.028 0.046
9.850 60.00 59.9600 9.0 0.037 0.071
9.871 60.00 59.9700 9.0 0.032 0.056
9.891 60.00 59.9800 9.0 0.025 0.037
9.911 60.00 59.9800 9.0 0.021 0.025
9.932 60.00 59.9700 9.0 0.032 0.056
9.951 60.00 59.9700 9.0 0.028 0.045
9.972 60.00 59.9700 9.0 0.031 0.054
9.991 60.00 59.9800 9.0 0.024 0.034
10.012 60.00 60.0000 9.0 0.006 -0.018
10.031 60.00 59.9700 9.0 0.030 0.051
10.052 60.00 59.9800 9.0 0.022 0.028
10.070 60.00 59.9800 9.0 0.019 0.018
10.091 60.00 59.9800 9.0 0.021 0.026
10.110 60.00 59.9800 9.0 0.017 0.013
10.131 60.00 59.9700 9.0 0.027 0.041
10.150 60.00 59.9900 9.0 0.014 0.006
10.171 60.00 59.9700 9.0 0.035 0.065
10.190 60.00 59.9700 9.0 0.035 0.063
10.211 60.00 59.9700 9.0 0.029 0.047
10.230 60.00 59.9800 9.0 0.026 0.038
10.251 60.00 59.9700 9.0 0.030 0.049
10.270 60.00 59.9900 9.0 0.007 -0.016
10.291 60.00 59.9800 9.0 0.020 0.021
10.311 60.00 59.9700 9.0 0.031 0.052
10.332 60.00 59.9700 9.0 0.028 0.044
10.351 60.00 59.9600 9.0 0.037 0.070
10.372 60.00 59.9800 9.0 0.024 0.032
10.391 60.00 59.9600 9.0 0.041 0.081
10.412 60.00 59.9700 9.0 0.030 0.050
10.432 60.00 59.9700 9.0 0.035 0.062
10.450 60.00 59.9700 9.0 0.032 0.055
10.471 60.00 59.9600 9.0 0.037 0.067
10.490 60.00 59.9600 9.0 0.040 0.076
10.511 60.00 59.9600 9.0 0.041 0.079
10.531 60.00 59.9700 9.0 0.036 0.066
10.552 60.00 59.9700 9.0 0.034 0.058
10.571 60.00 59.9900 9.0 0.014 0.004
10.592 60.00 59.9600 9.0 0.041 0.079
10.611 60.00 59.9800 9.0 0.024 0.031
10.631 60.00 59.9600 9.0 0.040 0.076
10.650 60.00 59.9600 9.0 0.043 0.084
10.671 60.00 59.9700 9.0 0.029 0.045
10.690 60.00 60.0200 9.0 -0.020 -0.092
10.711 60.00 59.9800 9.0 0.023 0.028
10.730 60.00 59.9900 9.0 0.014 0.005
10.751 60.00 59.9500 9.0 0.049 0.102
10.770 60.00 59.9800 9.0 0.024 0.031
10.791 60.00 59.9800 9.0 0.025 0.034
10.810 60.00 59.9700 9.0 0.027 0.040
10.833 60.00 59.9600 9.0 0.043 0.084
10.852 60.00 59.9700 9.0 0.036 0.065
10.873 60.00 59.9800 9.0 0.025 0.034
10.892 60.00 59.9800 9.0 0.022 0.025
10.913 60.00 59.9800 9.0 0.025 0.032
10.933 60.00 59.9800 9.0 0.018 0.013
10.952 60.00 59.9700 9.0 0.028 0.042
10.973 60.00 59.9800 9.0 0.019 0.018
10.991 60.00 59.9800 9.0 0.021 0.022
11.012 60.00 59.9600 9.0 0.037 0.068
11.031 60.00 59.9800 9.0 0.022 0.026
11.052 60.00 59.9700 9.0 0.033 0.056
11.071 60.00 59.9700 9.0 0.036 0.064
11.092 60.00 59.9800 9.0 0.020 0.019
11.111 60.00 59.9800 9.0 0.025 0.033
11.132 60.00 59.9700 9.0 0.028 0.042
11.151 60.00 59.9600 9.0 0.037 0.067
11.172 60.00 59.9900 9.0 0.016 0.007
11.192 60.00 59.9800 9.0 0.019 0.017
11.213 60.00 59.9700 9.0 0.027 0.038
11.232 60.00 59.9700 9.0 0.031 0.049
11.253 60.00 59.9900 9.0 0.013 -0.001
11.272 60.00 59.9800 9.0 0.022 0.026
11.293 60.00 59.9600 9.0 0.038 0.068
11.312 60.00 59.9800 9.0 0.018 0.012
11.332 60.00 59.9700 9.0 0.031 0.049
11.351 60.00 59.9600 9.0 0.046 0.092
11.372 60.00 59.9700 9.0 0.028 0.040
11.391 60.00 59.9600 9.0 0.042 0.081
11.412 60.00 59.9700 9.0 0.031 0.050
11.432 60.00 59.9700 9.0 0.034 0.057
11.451 60.00 59.9600 9.0 0.038 0.069
11.472 60.00 59.9800 9.0 0.018 0.013
11.491 60.00 59.9700 9.0 0.031 0.049
11.512 60.00 59.9800 9.0 0.021 0.022
11.531 60.00 59.9800 9.0 0.021 0.020
11.552 60.00 59.9700 9.0 0.034 0.056
11.572 60.00 59.9700 9.0 0.035 0.060
11.593 60.00 59.9800 9.0 0.024 0.029
11.612 60.00 59.9700 9.0 0.030 0.045
11.633 60.00 59.9800 9.0 0.026 0.034
11.652 60.00 59.9900 9.0 0.016 0.005
11.673 60.00 59.9700 9.0 0.029 0.043
11.691 60.00 59.9800 9.0 0.018 0.013
11.712 60.00 59.9800 9.0 0.020 0.019
11.731 60.00 59.9800 9.0 0.026 0.034
11.752 60.00 59.9500 9.0 0.047 0.092
11.771 60.00 59.9700 9.0 0.030 0.046
11.792 60.00 59.9800 9.0 0.017 0.010
11.811 60.00 59.9800 9.0 0.021 0.020
11.833 60.00 59.9700 9.0 0.034 0.057
11.851 60.00 59.9700 9.0 0.028 0.040
11.874 60.00 60.0000 9.0 0.005 -0.026
11.893 60.00 59.9800 9.0 0.024 0.029
11.914 60.00 59.9700 9.0 0.030 0.046
11.933 60.00 59.9700 9.0 0.031 0.048
11.954 60.00 59.9700 9.0 0.028 0.039
11.973 60.00 59.9800 9.0 0.022 0.024
11.992 60.00 59.9900 9.0 0.009 -0.012
12.013 60.00 59.9800 9.0 0.025 0.031
12.032 60.00 59.9800 9.0 0.023 0.025
12.053 60.00 60.0000 9.0 -0.001 -0.041
12.072 60.00 59.9700 9.0 0.034 0.055
12.093 60.00 59.9900 9.0 0.014 0.002
12.112 60.00 59.9700 9.0 0.029 0.042
12.133 60.00 59.9800 9.0 0.024 0.028
12.152 60.00 59.9800 9.0 0.017 0.010
12.174 60.00 59.9900 9.0 0.012 -0.005
12.193 60.00 59.9900 9.0 0.009 -0.014
12.214 60.00 59.9800 9.0 0.018 0.013
12.233 60.00 59.9700 9.0 0.030 0.046
12.254 60.00 59.9800 9.0 0.018 0.013
12.272 60.00 60.0000 9.0 0.003 -0.030
12.293 60.00 59.9900 9.0 0.016 0.007
12.312 60.00 59.9700 9.0 0.028 0.040
12.333 60.00 59.9800 9.0 0.022 0.024
12.352 60.00 59.9700 9.0 0.027 0.038
12.373 60.00 59.9800 9.0 0.018 0.013
12.392 60.00 59.9600 9.0 0.044 0.085
12.413 60.00 59.9800 9.0 0.026 0.033
12.433 60.00 59.9800 9.0 0.026 0.033
12.453 60.00 59.9800 9.0 0.019 0.015
12.473 60.00 59.9900 9.0 0.008 -0.015
12.493 60.00 59.9900 9.0 0.012 -0.006
12.514 60.00 59.9800 9.0 0.023 0.026
12.533 60.00 59.9800 9.0 0.021 0.020
12.554 60.00 59.9600 9.0 0.040 0.074
12.573 60.00 60.0000 9.0 0.001 -0.036
12.594 60.00 60.0100 9.0 -0.010 -0.068
12.613 60.00 59.9700 9.0 0.028 0.041
12.633 60.00 59.9800 9.0 0.022 0.023
12.652 60.00 59.9900 9.0 0.009 -0.014
12.673 60.00 59.9600 9.0 0.042 0.079
12.692 60.00 59.9700 9.0 0.033 0.053
12.713 60.00 59.9800 9.0 0.018 0.013
12.732 60.00 60.0000 9.0 -0.003 -0.046
12.753 60.00 59.9800 9.0 0.026 0.035
12.772 60.00 59.9800 9.0 0.019 0.014
12.793 60.00 59.9800 9.0 0.025 0.032
12.812 60.00 59.9800 9.0 0.020 0.017
12.833 60.00 60.3900 9.0 -0.389 -1.127
12.852 60.00 59.9800 9.0 0.022 0.026
12.875 60.00 59.9700 9.0 0.027 0.039
12.894 60.00 59.9800 9.0 0.021 0.024
12.915 60.00 59.9800 9.0 0.025 0.033
12.934 60.00 59.9800 9.0 0.022 0.026
12.954 60.00 59.9800 9.0 0.017 0.011
12.974 60.00 59.9800 9.0 0.019 0.019
12.994 60.00 59.9700 9.0 0.029 0.047
13.014 60.00 59.9700 9.0 0.034 0.058
13.033 60.00 59.9900 9.0 0.011 -0.006
13.054 60.00 59.9400 9.0 0.065 0.146
13.073 60.00 59.9900 9.0 0.006 -0.018
13.094 60.00 59.9700 9.0 0.033 0.057
13.113 60.00 59.9700 9.0 0.029 0.046
13.134 60.00 59.9800 9.0 0.023 0.028
13.154 60.00 59.9800 9.0 0.024 0.031
13.175 60.00 59.9800 9.0 0.020 0.020
13.194 60.00 59.9800 9.0 0.023 0.028
13.215 60.00 59.9800 9.0 0.020 0.021
13.234 60.00 59.9800 9.0 0.018 0.015
13.255 60.00 59.9700 9.0 0.027 0.040
13.273 60.00 59.9800 9.0 0.025 0.034
13.294 60.00 59.9800 9.0 0.026 0.037
13.313 60.00 59.9800 9.0 0.022 0.025
13.334 60.00 59.9900 9.0 0.016 0.009
13.353 60.00 59.9700 9.0 0.031 0.050
13.374 60.00 59.9800 9.0 0.025 0.033
13.393 60.00 59.9800 9.0 0.023 0.028
13.414 60.00 59.9800 9.0 0.022 0.027
13.433 60.00 59.9700 9.0 0.030 0.048
13.454 60.00 59.9600 9.0 0.038 0.069
13.474 60.00 59.9800 9.0 0.024 0.031
13.495 60.00 59.9700 9.0 0.029 0.046
13.515 60.00 59.9800 9.0 0.024 0.031
13.534 60.00 60.0000 9.0 0.005 -0.023
13.555 60.00 59.9900 9.0 0.009 -0.010
13.574 60.00 59.9700 9.0 0.027 0.040
13.595 60.00 59.9700 9.0 0.035 0.060
13.614 60.00 59.9900 9.0 0.014 0.003
13.634 60.00 59.9700 9.0 0.027 0.040
13.653 60.00 59.9900 9.0 0.009 -0.012
13.674 60.00 59.9800 9.0 0.025 0.032
13.693 60.00 59.9700 9.0 0.029 0.046
13.714 60.00 59.9600 9.0 0.037 0.068
13.733 60.00 59.9700 9.0 0.035 0.063
13.754 60.00 59.9800 9.0 0.024 0.030
13.773 60.00 59.9900 9.0 0.013 -0.002
13.794 60.00 59.9700 9.0 0.027 0.039
13.813 60.00 59.9900 9.0 0.015 0.006
13.835 60.00 59.9700 9.0 0.035 0.062
13.854 60.00 60.0000 9.0 0.006 -0.021
13.876 60.00 59.9800 9.0 0.026 0.035
13.894 60.00 59.9700 9.0 0.032 0.053
13.915 60.00 59.9900 9.0 0.013 -0.000
13.934 60.00 59.9800 9.0 0.025 0.033
13.955 60.00 59.9800 9.0 0.019 0.017
13.974 60.00 59.9800 9.0 0.020 0.019
13.995 60.00 59.9800 9.0 0.024 0.030
14.015 60.00 59.9800 9.0 0.020 0.019
14.034 60.00 59.9700 9.0 0.032 0.053
14.055 60.00 59.9400 9.0 0.064 0.142
14.074 60.00 59.9600 9.0 0.040 0.074
14.096 60.00 59.9700 9.0 0.033 0.054
14.115 60.00 59.9700 9.0 0.027 0.037
14.136 60.00 59.9700 9.0 0.027 0.039
14.155 60.00 59.9500 9.0 0.052 0.109
14.176 60.00 59.9900 9.0 0.014 0.002
14.194 60.00 59.9600 9.0 0.038 0.068
14.215 60.00 59.9700 9.0 0.027 0.038
14.234 60.00 59.9800 9.0 0.024 0.029
14.255 60.00 59.9700 9.0 0.036 0.063
14.274 60.00 59.9900 9.0 0.014 0.000
14.295 60.00 59.9700 9.0 0.030 0.047
14.314 60.00 59.9800 9.0 0.019 0.014
14.335 60.00 59.9700 9.0 0.030 0.047
14.354 60.00 59.9700 9.0 0.030 0.047
14.375 60.00 59.7000 9.0 0.305 0.817
14.394 60.00 59.9700 9.0 0.029 0.041
14.416 60.00 59.9700 9.0 0.032 0.049
14.435 60.00 59.9500 9.0 0.050 0.099
14.456 60.00 59.9700 9.0 0.030 0.043
14.475 60.00 59.9800 9.0 0.026 0.033
14.496 60.00 59.9700 9.0 0.029 0.041
14.516 60.00 59.9800 9.0 0.023 0.024
14.535 60.00 60.0000 9.0 -0.003 -0.049
14.556 60.00 59.9700 9.0 0.029 0.041
14.574 60.00 59.9700 9.0 0.033 0.051
14.595 60.00 59.6100 9.0 0.395 1.065
14.614 60.00 59.9700 9.0 0.036 0.058
14.635 60.00 59.9800 9.0 0.026 0.029
14.654 60.00 59.9700 9.0 0.028 0.035
14.675 60.00 59.9700 9.0 0.030 0.041
14.694 60.00 59.9700 9.0 0.034 0.050
14.715 60.00 59.9700 9.0 0.031 0.044
14.734 60.00 59.9700 9.0 0.028 0.034
14.755 60.00 59.9700 9.0 0.031 0.044
14.774 60.00 59.9600 9.0 0.039 0.067
14.796 60.00 59.9700 9.0 0.031 0.043
14.815 60.00 59.9700 9.0 0.035 0.053
14.836 60.00 59.9600 9.0 0.037 0.060
14.855 60.00 59.9800 9.0 0.024 0.023
14.876 60.00 59.9700 9.0 0.033 0.048
14.894 60.00 59.9600 9.0 0.042 0.074
14.916 60.00 59.9700 9.0 0.028 0.035
14.934 60.00 59.9700 9.0 0.029 0.037
14.956 60.00 60.0100 9.0 -0.006 -0.061
14.975 60.00 59.9700 9.0 0.036 0.057
14.996 60.00 59.9700 9.0 0.033 0.048
15.016 60.00 59.9700 9.0 0.028 0.035
15.036 60.00 59.9800 9.0 0.023 0.020
15.056 60.00 59.9700 9.0 0.032 0.046
15.075 60.00 59.9600 9.0 0.043 0.076
15.097 60.00 59.9800 9.0 0.018 0.005
15.116 60.00 59.9700 9.0 0.029 0.038
15.137 60.00 59.9700 9.0 0.028 0.034
15.156 60.00 59.9700 9.0 0.033 0.048
15.177 60.00 59.9700 9.0 0.030 0.040
15.196 60.00 59.9800 9.0 0.020 0.011
15.217 60.00 59.9700 9.0 0.028 0.033
15.235 60.00 59.9700 9.0 0.029 0.038
15.256 60.00 59.9600 9.0 0.042 0.074
15.275 60.00 59.9600 9.0 0.038 0.062
15.296 60.00 59.9900 9.0 0.016 0.001
15.315 60.00 59.9700 9.0 0.035 0.055
15.336 60.00 59.9700 9.0 0.028 0.034
15.355 60.00 59.9800 9.0 0.024 0.022
15.376 60.00 59.9700 9.0 0.035 0.052
15.395 60.00 59.9600 9.0 0.040 0.067
15.416 60.00 59.9600 9.0 0.038 0.062
15.435 60.00 59.9700 9.0 0.031 0.042
15.456 60.00 59.9700 9.0 0.033 0.047
15.476 60.00 59.9700 9.0 0.031 0.041
15.497 60.00 59.9700 9.0 0.028 0.034
15.516 60.00 59.9700 9.0 0.030 0.040
15.537 60.00 59.9800 9.0 0.024 0.022
15.557 60.00 59.9600 9.0 0.041 0.069
15.576 60.00 59.9800 9.0 0.022 0.018
15.597 60.00 59.9600 9.0 0.041 0.070
15.616 60.00 59.9700 9.0 0.027 0.031
15.636 60.00 59.9700 9.0 0.034 0.050
15.655 60.00 59.9600 9.0 0.042 0.072
15.676 60.00 59.9700 9.0 0.027 0.029
15.695 60.00 59.9600 9.0 0.040 0.066
15.716 60.00 59.9600 9.0 0.039 0.065
15.735 60.00 59.9600 9.0 0.040 0.066
15.757 60.00 59.9600 9.0 0.038 0.060
15.776 60.00 59.9900 9.0 0.012 -0.012
15.797 60.00 59.9600 9.0 0.045 0.080
15.815 60.00 59.9800 9.0 0.026 0.027
15.836 60.00 59.9700 9.0 0.031 0.042
15.855 60.00 59.9800 9.0 0.024 0.021
15.876 60.00 59.9800 9.0 0.025 0.024
15.895 60.00 60.3500 9.0 -0.353 -1.036
15.916 60.00 59.9700 9.0 0.028 0.035
15.935 60.00 59.9700 9.0 0.031 0.043
15.957 60.00 59.9700 9.0 0.031 0.044
15.976 60.00 59.9600 9.0 0.039 0.067
15.998 60.00 59.9800 9.0 0.026 0.028
16.017 60.00 59.9700 9.0 0.035 0.056
16.038 60.00 59.9500 9.0 0.048 0.091
16.058 60.00 59.9800 9.0 0.025 0.026
16.077 60.00 59.9700 9.0 0.033 0.049
16.098 60.00 59.9700 9.0 0.034 0.051
16.116 60.00 59.9600 9.0 0.040 0.068
16.137 60.00 59.9900 9.0 0.016 0.001
16.156 60.00 59.9800 9.0 0.023 0.020
16.177 60.00 59.9600 9.0 0.039 0.064
16.196 60.00 59.9600 9.0 0.037 0.060
16.217 60.00 59.9600 9.0 0.043 0.076
16.236 60.00 59.9700 9.0 0.034 0.049
16.257 60.00 59.9700 9.0 0.035 0.054
16.276 60.00 59.9700 9.0 0.034 0.049
16.297 60.00 59.9700 9.0 0.036 0.057
16.317 60.00 59.9500 9.0 0.056 0.111
16.338 60.00 59.9700 9.0 0.032 0.045
16.357 60.00 59.9700 9.0 0.032 0.045
16.378 60.00 59.9600 9.0 0.044 0.078
16.397 60.00 59.9600 9.0 0.042 0.072
16.418 60.00 59.9800 9.0 0.022 0.016
16.436 60.00 59.9700 9.0 0.032 0.044
16.457 60.00 59.9600 9.0 0.037 0.057
16.476 60.00 59.9800 9.0 0.022 0.018
16.497 60.00 59.9900 9.0 0.006 -0.028
16.516 60.00 59.9700 9.0 0.033 0.047
16.537 60.00 59.9700 9.0 0.034 0.050
16.557 60.00 59.9800 9.0 0.017 0.003
16.576 60.00 59.9700 9.0 0.033 0.046
16.597 60.00 59.9500 9.0 0.050 0.095
16.616 60.00 59.9600 9.0 0.046 0.082
16.637 60.00 59.9700 9.0 0.028 0.033
16.656 60.00 59.9800 9.0 0.020 0.010
16.678 60.00 59.9700 9.0 0.031 0.041
16.697 60.00 59.9100 9.0 0.090 0.207
16.718 60.00 59.9800 9.0 0.018 0.005
16.737 60.00 59.9700 9.0 0.030 0.039
16.758 60.00 59.9600 9.0 0.037 0.056
16.776 60.00 59.9700 9.0 0.029 0.035
16.797 60.00 59.9700 9.0 0.027 0.030
16.816 60.00 59.9700 9.0 0.031 0.042
16.837 60.00 59.9800 9.0 0.026 0.027
16.856 60.00 59.9800 9.0 0.023 0.018
16.877 60.00 59.9700 9.0 0.033 0.046
16.896 60.00 59.9700 9.0 0.030 0.038
16.917 60.00 59.9700 9.0 0.029 0.036
16.936 60.00 59.9700 9.0 0.035 0.050
16.958 60.00 59.9700 9.0 0.027 0.028
16.976 60.00 59.9700 9.0 0.035 0.053
16.999 60.00 59.9700 9.0 0.034 0.049
17.018 60.00 59.9700 9.0 0.032 0.043
17.039 60.00 59.9800 9.0 0.024 0.021
17.058 60.00 59.9700 9.0 0.033 0.044
17.079 60.00 59.9600 9.0 0.038 0.059
17.098 60.00 59.9700 9.0 0.033 0.044
17.117 60.00 59.9800 9.0 0.020 0.010
17.138 60.00 59.9600 9.0 0.042 0.070
17.157 60.00 59.9700 9.0 0.034 0.047
17.178 60.00 59.9600 9.0 0.041 0.067
17.197 60.00 59.9500 9.0 0.048 0.088
17.218 60.00 59.9700 9.0 0.032 0.043
17.237 60.00 59.9700 9.0 0.031 0.041
17.258 60.00 59.9600 9.0 0.045 0.078
17.277 60.00 59.9800 9.0 0.026 0.025
17.298 60.00 59.9700 9.0 0.035 0.049
17.318 60.00 59.9700 9.0 0.030 0.037
17.339 60.00 60.1000 9.0 -0.096 -0.317
17.358 60.00 59.9600 9.0 0.044 0.076
17.379 60.00 59.9700 9.0 0.031 0.041
17.398 60.00 59.9800 9.0 0.021 0.013
17.419 60.00 59.9600 9.0 0.042 0.070
17.438 60.00 59.9700 9.0 0.035 0.052
17.459 60.00 59.9700 9.0 0.030 0.038
17.477 60.00 59.9700 9.0 0.029 0.034
17.498 60.00 59.9700 9.0 0.034 0.047
17.517 60.00 59.9700 9.0 0.035 0.050
17.538 60.00 59.9600 9.0 0.041 0.067
17.558 60.00 59.9500 9.0 0.054 0.104
17.578 60.00 59.9900 9.0 0.014 -0.008
17.598 60.00 59.9700 9.0 0.033 0.045
17.617 60.00 59.9700 9.0 0.035 0.049
17.638 60.00 59.9700 9.0 0.029 0.035
17.657 60.00 59.9600 9.0 0.044 0.076
17.679 60.00 59.9600 9.0 0.041 0.067
17.698 60.00 59.9700 9.0 0.035 0.052
17.719 60.00 59.9600 9.0 0.043 0.073
17.738 60.00 59.9800 9.0 0.019 0.006
17.759 60.00 59.9700 9.0 0.029 0.033
17.778 60.00 59.9700 9.0 0.030 0.037
17.798 60.00 59.9600 9.0 0.041 0.068
17.817 60.00 59.9600 9.0 0.039 0.062
17.838 60.00 59.9700 9.0 0.035 0.049
17.857 60.00 59.9700 9.0 0.030 0.036
17.878 60.00 59.9700 9.0 0.029 0.034
17.897 60.00 59.9800 9.0 0.023 0.016
17.918 60.00 59.9800 9.0 0.022 0.015
17.937 60.00 59.9700 9.0 0.036 0.053
17.958 60.00 59.9600 9.0 0.040 0.063
17.977 60.00 59.9700 9.0 0.033 0.043
18.000 60.00 59.9100 9.0 0.087 0.195
18.019 60.00 59.9500 9.0 0.049 0.088
18.040 60.00 59.9500 9.0 0.048 0.085
18.059 60.00 59.9800 9.0 0.018 0.001
18.080 60.00 59.9700 9.0 0.036 0.052
18.099 60.00 60.1500 9.0 -0.145 -0.454
18.119 60.00 59.9500 9.0 0.055 0.106
18.139 60.00 59.9700 9.0 0.027 0.027
18.158 60.00 59.9800 9.0 0.025 0.022
18.179 60.00 59.9700 9.0 0.035 0.051
18.198 60.00 59.9400 9.0 0.058 0.113
18.219 60.00 59.9800 9.0 0.024 0.019
18.238 60.00 59.9700 9.0 0.030 0.037
18.259 60.00 59.9600 9.0 0.045 0.077
18.278 60.00 59.9600 9.0 0.039 0.060
18.299 60.00 59.9800 9.0 0.026 0.025
18.318 60.00 59.9600 9.0 0.040 0.065
18.340 60.00 59.9700 9.0 0.027 0.028
18.359 60.00 59.9700 9.0 0.027 0.026
18.380 60.00 59.9600 9.0 0.046 0.080
18.399 60.00 59.9800 9.0 0.017 -0.000
18.420 60.00 59.9900 9.0 0.008 -0.025
18.439 60.00 59.9700 9.0 0.036 0.053
18.460 60.00 59.9500 9.0 0.047 0.084
18.478 60.00 59.9600 9.0 0.041 0.066
18.499 60.00 59.9600 9.0 0.043 0.072
18.518 60.00 59.9600 9.0 0.038 0.057
18.539 60.00 59.9700 9.0 0.033 0.042
18.558 60.00 59.9600 9.0 0.038 0.058
18.579 60.00 59.9600 9.0 0.037 0.053
18.599 60.00 59.9700 9.0 0.032 0.041
18.619 60.00 59.9700 9.0 0.030 0.036
18.639 60.00 59.9700 9.0 0.027 0.027
18.658 60.00 59.9700 9.0 0.035 0.049
18.679 60.00 59.9500 9.0 0.049 0.089
18.698 60.00 59.9600 9.0 0.041 0.065
18.720 60.00 59.9700 9.0 0.029 0.033
18.739 60.00 59.9600 9.0 0.040 0.062
18.760 60.00 59.9700 9.0 0.034 0.046
18.779 60.00 59.9600 9.0 0.039 0.059
18.800 60.00 59.9700 9.0 0.030 0.035
18.819 60.00 59.9700 9.0 0.033 0.041
18.840 60.00 59.9600 9.0 0.044 0.073
18.858 60.00 59.9700 9.0 0.031 0.037
18.879 60.00 59.9800 9.0 0.018 0.001
18.898 60.00 59.9700 9.0 0.027 0.025
18.919 60.00 59.9700 9.0 0.032 0.040
18.938 60.00 59.9500 9.0 0.047 0.082
18.959 60.00 59.9800 9.0 0.024 0.017
18.978 60.00 59.9800 9.0 0.025 0.019
19.000 60.00 59.9700 9.0 0.035 0.047
19.018 60.00 59.9800 9.0 0.026 0.022
19.041 60.00 59.9700 9.0 0.035 0.049
19.060 60.00 59.9600 9.0 0.039 0.060
19.081 60.00 59.9700 9.0 0.029 0.031
19.100 60.00 59.9600 9.0 0.038 0.057
19.121 60.00 59.9700 9.0 0.034 0.044
19.140 60.00 59.9700 9.0 0.028 0.029
19.159 60.00 59.9700 9.0 0.034 0.044
19.180 60.00 59.9900 9.0 0.014 -0.010
19.199 60.00 59.9800 9.0 0.020 0.007
19.220 60.00 59.9600 9.0 0.041 0.064
19.239 60.00 59.9600 9.0 0.039 0.060
19.260 60.00 59.9500 9.0 0.049 0.086
19.279 60.00 59.9800 9.0 0.024 0.017
19.300 60.00 59.9800 9.0 0.026 0.023
19.319 60.00 59.9400 9.0 0.059 0.114
19.340 60.00 59.9700 9.0 0.035 0.046
19.359 60.00 59.9700 9.0 0.032 0.039
19.381 60.00 59.9800 9.0 0.022 0.012
19.400 60.00 59.9600 9.0 0.046 0.077
19.421 60.00 59.9600 9.0 0.037 0.053
19.440 60.00 59.9700 9.0 0.028 0.028
19.461 60.00 59.9700 9.0 0.034 0.043
19.480 60.00 59.9500 9.0 0.051 0.093
19.501 60.00 59.9800 9.0 0.021 0.007
19.519 60.00 59.9500 9.0 0.049 0.087
19.540 60.00 59.9600 9.0 0.038 0.056
19.559 60.00 59.9800 9.0 0.024 0.015
19.580 60.00 59.9700 9.0 0.035 0.045
19.599 60.00 59.9800 9.0 0.022 0.010
19.620 60.00 59.9800 9.0 0.025 0.019
19.640 60.00 59.9500 9.0 0.056 0.104
19.659 60.00 59.9600 9.0 0.043 0.070
19.680 60.00 59.9700 9.0 0.034 0.042
19.699 60.00 59.9600 9.0 0.041 0.064
19.720 60.00 59.9800 9.0 0.021 0.007
19.739 60.00 59.9800 9.0 0.026 0.020
19.761 60.00 59.9600 9.0 0.037 0.053
19.780 60.00 59.9800 9.0 0.025 0.017
19.801 60.00 59.9700 9.0 0.029 0.030
19.820 60.00 59.9700 9.0 0.031 0.035
19.841 60.00 59.9700 9.0 0.030 0.032
19.860 60.00 59.9700 9.0 0.027 0.023
19.881 60.00 59.9800 9.0 0.021 0.007
19.899 60.00 59.9600 9.0 0.040 0.061
19.920 60.00 59.9600 9.0 0.042 0.067
19.939 60.00 59.9700 9.0 0.028 0.027
19.960 60.00 59.9600 9.0 0.038 0.055
19.979 60.00 59.9800 9.0 0.025 0.018
20.000 60.00 59.9700 9.0 0.035 0.048
20.019 60.00 59.9700 9.0 0.027 0.023
20.041 60.00 59.9900 9.0 0.008 -0.028
20.059 60.00 59.9600 9.0 0.042 0.067
20.082 60.00 59.9700 9.0 0.028 0.027
20.101 60.00 59.9700 9.0 0.031 0.035
20.122 60.00 59.9700 9.0 0.030 0.032
20.141 60.00 59.9700 9.0 0.035 0.047
20.162 60.00 59.9800 9.0 0.026 0.021
20.182 60.00 59.9800 9.0 0.025 0.017
20.201 60.00 59.9900 9.0 0.016 -0.006
20.222 60.00 59.9700 9.0 0.033 0.039
20.240 60.00 59.9800 9.0 0.017 -0.003
20.261 60.00 59.9700 9.0 0.034 0.044
20.280 60.00 59.9800 9.0 0.020 0.005
20.301 60.00 59.9800 9.0 0.025 0.017
20.320 60.00 59.9600 9.0 0.042 0.066
20.341 60.00 59.9600 9.0 0.038 0.054
20.360 60.00 59.9400 9.0 0.059 0.114
20.381 60.00 59.9700 9.0 0.031 0.035
20.400 60.00 59.9500 9.0 0.056 0.105
20.421 60.00 59.9700 9.0 0.027 0.023
20.440 60.00 59.9700 9.0 0.030 0.033
20.462 60.00 59.9600 9.0 0.044 0.071
20.481 60.00 59.9700 9.0 0.028 0.026
20.502 60.00 59.9600 9.0 0.040 0.061
20.521 60.00 59.9700 9.0 0.029 0.030
20.542 60.00 59.9700 9.0 0.035 0.047
20.560 60.00 59.9300 9.0 0.071 0.146
20.581 60.00 59.9700 9.0 0.028 0.025
20.600 60.00 59.9600 9.0 0.040 0.060
20.621 60.00 59.9100 9.0 0.095 0.214
20.641 60.00 59.9600 9.0 0.038 0.054
20.661 60.00 59.9700 9.0 0.032 0.036
20.681 60.00 59.9700 9.0 0.031 0.033
20.700 60.00 59.9700 9.0 0.033 0.038
20.721 60.00 59.9600 9.0 0.037 0.049
20.740 60.00 59.9600 9.0 0.037 0.051
20.761 60.00 59.9900 9.0 0.015 -0.011
20.780 60.00 59.9700 9.0 0.034 0.040
20.802 60.00 59.9600 9.0 0.043 0.067
20.821 60.00 59.9700 9.0 0.031 0.034
20.842 60.00 59.9700 9.0 0.034 0.040
20.861 60.00 59.9600 9.0 0.038 0.052
20.882 60.00 59.9700 9.0 0.033 0.038
20.900 60.00 59.9800 9.0 0.022 0.009
20.921 60.00 59.9700 9.0 0.029 0.028
20.940 60.00 59.9800 9.0 0.018 -0.004
20.961 60.00 59.9800 9.0 0.020 0.002
20.980 60.00 59.9600 9.0 0.038 0.052
21.002 60.00 59.9600 9.0 0.046 0.075
21.021 60.00 59.9700 9.0 0.029 0.028
21.042 60.00 59.9700 9.0 0.030 0.031
21.060 60.00 59.9700 9.0 0.027 0.023
21.082 60.00 59.9700 9.0 0.034 0.042
21.101 60.00 59.9800 9.0 0.026 0.018
21.122 60.00 59.9300 9.0 0.067 0.133
21.141 60.00 59.9700 9.0 0.028 0.024
21.162 60.00 59.9600 9.0 0.037 0.051
21.182 60.00 59.9700 9.0 0.029 0.027
21.201 60.00 59.9800 9.0 0.020 0.003
21.222 60.00 59.9500 9.0 0.049 0.084
21.241 60.00 60.0100 9.0 -0.008 -0.078
21.263 60.00 59.9700 9.0 0.027 0.022
21.282 60.00 59.9700 9.0 0.031 0.033
21.303 60.00 59.9600 9.0 0.037 0.049
21.322 60.00 59.9600 9.0 0.038 0.053
21.343 60.00 59.9700 9.0 0.030 0.031
21.362 60.00 59.9700 9.0 0.031 0.033
21.383 60.00 59.9600 9.0 0.042 0.065
21.401 60.00 59.9800 9.0 0.024 0.014
21.422 60.00 59.9700 9.0 0.029 0.028
21.441 60.00 59.9700 9.0 0.027 0.022
21.462 60.00 59.9900 9.0 0.011 -0.024
21.481 60.00 59.9700 9.0 0.028 0.025
21.502 60.00 59.9700 9.0 0.031 0.034
21.521 60.00 59.9800 9.0 0.022 0.009
21.542 60.00 59.9700 9.0 0.035 0.046
21.561 60.00 59.9700 9.0 0.033 0.037
21.583 60.00 59.9600 9.0 0.042 0.065
21.602 60.00 59.9700 9.0 0.032 0.036
21.623 60.00 59.9800 9.0 0.026 0.018
21.642 60.00 59.9700 9.0 0.033 0.037
21.663 60.00 59.9700 9.0 0.030 0.031
21.683 60.00 59.9800 9.0 0.020 0.002
21.702 60.00 59.9300 9.0 0.075 0.157
21.722 60.00 59.9800 9.0 0.021 0.004
21.741 60.00 59.9800 9.0 0.020 0.003
21.762 60.00 59.9600 9.0 0.037 0.049
21.781 60.00 59.9700 9.0 0.036 0.047
21.802 60.00 59.9500 9.0 0.050 0.087
21.821 60.00 59.6300 9.0 0.372 0.987
21.842 60.00 59.9700 9.0 0.028 0.022
21.861 60.00 59.9700 9.0 0.030 0.028
21.882 60.00 59.9500 9.0 0.052 0.090
21.901 60.00 59.9600 9.0 0.043 0.064
21.923 60.00 59.9700 9.0 0.035 0.043
21.942 60.00 59.9700 9.0 0.035 0.040
21.963 60.00 59.9700 9.0 0.031 0.031
21.982 60.00 59.9800 9.0 0.025 0.013
22.003 60.00 59.9800 9.0 0.024 0.011
22.022 60.00 59.9700 9.0 0.035 0.043
22.042 60.00 59.9800 9.0 0.021 0.003
22.061 60.00 59.9800 9.0 0.026 0.015
22.083 60.00 59.9700 9.0 0.027 0.020
22.101 60.00 59.9800 9.0 0.026 0.017
22.123 60.00 59.9800 9.0 0.021 0.003
22.142 60.00 59.9700 9.0 0.027 0.018
22.163 60.00 59.9700 9.0 0.031 0.030
22.183 60.00 59.9700 9.0 0.032 0.033
22.203 60.00 59.9700 9.0 0.034 0.037
22.223 60.00 59.9600 9.0 0.042 0.061
22.242 60.00 59.9600 9.0 0.045 0.068
22.263 60.00 59.9600 9.0 0.039 0.054
22.283 60.00 59.9700 9.0 0.029 0.025
22.304 60.00 59.9600 9.0 0.038 0.050
22.323 60.00 59.9600 9.0 0.037 0.046
22.344 60.00 59.9700 9.0 0.030 0.027
22.363 60.00 59.9700 9.0 0.036 0.044
22.384 60.00 59.9700 9.0 0.031 0.030
22.403 60.00 59.9600 9.0 0.037 0.046
22.423 60.00 59.9800 9.0 0.018 -0.005
22.442 60.00 59.9700 9.0 0.027 0.018
22.463 60.00 59.9900 9.0 0.015 -0.014
22.482 60.00 59.9800 9.0 0.026 0.015
22.503 60.00 59.9500 9.0 0.047 0.076
22.522 60.00 59.9800 9.0 0.026 0.017
22.543 60.00 59.9700 9.0 0.032 0.033
22.562 60.00 59.9700 9.0 0.033 0.034
22.583 60.00 59.9600 9.0 0.037 0.046
22.602 60.00 59.9700 9.0 0.027 0.019
22.623 60.00 59.9600 9.0 0.041 0.058
22.642 60.00 59.9700 9.0 0.035 0.042
22.664 60.00 59.9800 9.0 0.022 0.006
22.683 60.00 59.9800 9.0 0.018 -0.005
22.704 60.00 59.9800 9.0 0.017 -0.010
22.724 60.00 59.9700 9.0 0.027 0.020
22.743 60.00 59.9700 9.0 0.035 0.043
22.764 60.00 59.9700 9.0 0.029 0.025
22.783 60.00 59.9700 9.0 0.036 0.045
22.803 60.00 59.9500 9.0 0.056 0.100
22.822 60.00 59.9800 9.0 0.018 -0.005
22.843 60.00 59.9600 9.0 0.041 0.058
22.862 60.00 59.9600 9.0 0.039 0.054
22.883 60.00 59.9800 9.0 0.021 0.003
22.902 60.00 59.9700 9.0 0.027 0.020
22.923 60.00 59.9800 9.0 0.019 -0.004
22.942 60.00 59.9700 9.0 0.035 0.042
22.963 60.00 59.9800 9.0 0.018 -0.007
22.983 60.00 59.9600 9.0 0.046 0.071
23.004 60.00 59.9700 9.0 0.036 0.045
23.023 60.00 59.9700 9.0 0.029 0.025
23.044 60.00 59.9600 9.0 0.045 0.068
23.063 60.00 59.9800 9.0 0.022 0.006
23.084 60.00 59.9800 9.0 0.022 0.006
23.102 60.00 59.9700 9.0 0.027 0.018
23.124 60.00 60.9600 9.0 -0.955 -2.731
23.143 60.00 59.9600 9.0 0.042 0.069
23.164 60.00 59.9700 9.0 0.030 0.035
23.183 60.00 59.9900 9.0 0.016 -0.006
23.204 60.00 59.9700 9.0 0.035 0.047
23.224 60.00 59.9900 9.0 0.010 -0.021
23.244 60.00 59.9700 9.0 0.029 0.033
23.264 60.00 59.9600 9.0 0.043 0.072
23.283 60.00 59.9800 9.0 0.019 0.005
23.305 60.00 59.9700 9.0 0.035 0.047
23.324 60.00 59.9700 9.0 0.033 0.043
23.345 60.00 59.9600 9.0 0.039 0.059
23.364 60.00 59.9700 9.0 0.033 0.042
23.385 60.00 59.9800 9.0 0.020 0.006
23.404 60.00 59.9700 9.0 0.030 0.034
23.424 60.00 59.9700 9.0 0.033 0.042
23.443 60.00 59.9800 9.0 0.020 0.007
23.464 60.00 59.9800 9.0 0.025 0.021
23.483 60.00 59.9700 9.0 0.031 0.037
23.504 60.00 59.9700 9.0 0.030 0.034
23.523 60.00 59.9700 9.0 0.035 0.047
23.544 60.00 59.9800 9.0 0.024 0.018
23.563 60.00 59.9700 9.0 0.027 0.027
23.584 60.00 59.9700 9.0 0.031 0.037
23.603 60.00 59.9700 9.0 0.035 0.050
23.625 60.00 59.9800 9.0 0.022 0.012
23.644 60.00 59.9800 9.0 0.021 0.009
23.665 60.00 59.9800 9.0 0.020 0.006
23.684 60.00 59.9700 9.0 0.034 0.046
23.705 60.00 59.9900 9.0 0.009 -0.023
23.724 60.00 59.9600 9.0 0.039 0.061
23.745 60.00 59.9700 9.0 0.035 0.050
23.764 60.00 59.9700 9.0 0.033 0.043
23.783 60.00 59.9600 9.0 0.038 0.057
23.804 60.00 59.9800 9.0 0.018 -0.000
23.823 60.00 59.9800 9.0 0.020 0.006
23.844 60.00 59.9800 9.0 0.024 0.017
23.863 60.00 59.9600 9.0 0.041 0.066
23.884 60.00 59.9800 9.0 0.026 0.024
23.903 60.00 59.9600 9.0 0.038 0.057
23.924 60.00 59.9700 9.0 0.030 0.034
23.943 60.00 59.9700 9.0 0.027 0.026
23.965 60.00 59.9600 9.0 0.041 0.066
23.984 60.00 59.9700 9.0 0.031 0.038
24.005 60.00 59.9700 9.0 0.030 0.034
24.024 60.00 59.9700 9.0 0.035 0.047
24.045 60.00 59.9600 9.0 0.045 0.075
24.064 60.00 59.9700 9.0 0.030 0.034
24.085 60.00 59.9700 9.0 0.029 0.031
24.103 60.00 59.9900 9.0 0.015 -0.008
24.125 60.00 59.9800 9.0 0.018 -0.000
24.143 60.00 59.9700 9.0 0.030 0.035
24.165 60.00 59.9800 9.0 0.018 0.002
24.184 60.00 59.9800 9.0 0.024 0.018
24.205 60.00 59.9800 9.0 0.021 0.010
24.224 60.00 59.9800 9.0 0.020 0.007
24.245 60.00 60.8100 9.0 -0.808 -2.313
24.265 60.00 59.9800 9.0 0.017 0.005
24.284 60.00 59.9700 9.0 0.036 0.058
24.306 60.00 59.9700 9.0 0.031 0.044
24.325 60.00 59.9700 9.0 0.032 0.046
24.346 60.00 59.9800 9.0 0.020 0.013
24.365 60.00 59.9800 9.0 0.025 0.026
24.386 60.00 59.9700 9.0 0.034 0.050
24.404 60.00 59.9700 9.0 0.034 0.051
24.425 60.00 59.9800 9.0 0.026 0.029
24.444 60.00 59.9700 9.0 0.033 0.048
24.465 60.00 59.9700 9.0 0.032 0.046
24.484 60.00 59.9700 9.0 0.034 0.051
24.505 60.00 59.9700 9.0 0.034 0.050
24.524 60.00 59.9500 9.0 0.047 0.088
24.545 60.00 59.9700 9.0 0.031 0.044
24.564 60.00 59.9900 9.0 0.011 -0.015
24.586 60.00 59.9700 9.0 0.033 0.048
24.605 60.00 59.9800 9.0 0.023 0.020
24.626 60.00 59.9900 9.0 0.013 -0.009
24.645 60.00 59.9800 9.0 0.022 0.017
24.666 60.00 59.9800 9.0 0.017 0.002
24.684 60.00 59.9700 9.0 0.030 0.041
24.705 60.00 59.9900 9.0 0.012 -0.011
24.724 60.00 59.9800 9.0 0.025 0.026
24.745 60.00 60.0000 9.0 0.005 -0.031
24.765 60.00 59.9900 9.0 0.012 -0.012
24.784 60.00 59.9800 9.0 0.024 0.023
24.805 60.00 59.9700 9.0 0.027 0.031
24.824 60.00 59.9700 9.0 0.035 0.053
24.846 60.00 59.9900 9.0 0.014 -0.004
24.865 60.00 59.9900 9.0 0.012 -0.012
24.886 60.00 59.9900 9.0 0.007 -0.023
24.905 60.00 59.9800 9.0 0.021 0.016
24.926 60.00 59.9800 9.0 0.020 0.013
24.944 60.00 59.9700 9.0 0.028 0.035
24.965 60.00 59.9800 9.0 0.017 0.003
24.984 60.00 59.9900 9.0 0.016 0.002
25.005 60.00 59.9900 9.0 0.014 -0.003
25.024 60.00 59.9900 9.0 0.012 -0.010
25.045 60.00 59.9800 9.0 0.018 0.008
25.064 60.00 59.9800 9.0 0.017 0.005
25.086 60.00 59.9900 9.0 0.015 -0.001
25.105 60.00 59.9700 9.0 0.028 0.035
25.126 60.00 59.9600 9.0 0.038 0.062
25.145 60.00 59.9800 9.0 0.025 0.025
25.167 60.00 59.9800 9.0 0.025 0.025
25.185 60.00 59.9700 9.0 0.030 0.040
25.207 60.00 59.9800 9.0 0.024 0.024
25.225 60.00 59.9700 9.0 0.028 0.035
25.246 60.00 59.9600 9.0 0.037 0.059
25.266 60.00 59.9700 9.0 0.030 0.040
25.286 60.00 59.9700 9.0 0.027 0.033
25.306 60.00 59.9700 9.0 0.029 0.037
25.325 60.00 59.9700 9.0 0.035 0.053
25.346 60.00 59.9800 9.0 0.026 0.028
25.365 60.00 60.2300 9.0 -0.225 -0.673
25.387 60.00 59.9700 9.0 0.030 0.042
25.406 60.00 59.9900 9.0 0.011 -0.012
25.427 60.00 59.9800 9.0 0.023 0.022
25.446 60.00 59.9900 9.0 0.012 -0.010
25.467 60.00 59.9600 9.0 0.037 0.061
25.485 60.00 59.9600 9.0 0.038 0.064
25.506 60.00 59.9800 9.0 0.021 0.016
25.525 60.00 59.9800 9.0 0.019 0.012
25.546 60.00 59.9900 9.0 0.016 0.004
25.565 60.00 59.9700 9.0 0.033 0.049
25.586 60.00 59.9800 9.0 0.020 0.014
25.605 60.00 59.9900 9.0 0.012 -0.008
25.626 60.00 59.9800 9.0 0.021 0.016
25.645 60.00 59.9900 9.0 0.010 -0.014
25.666 60.00 59.9800 9.0 0.019 0.012
25.685 60.00 59.9800 9.0 0.018 0.010
25.707 60.00 59.9800 9.0 0.026 0.030
25.726 60.00 59.9800 9.0 0.023 0.023
25.747 60.00 59.9700 9.0 0.035 0.058
25.766 60.00 59.9700 9.0 0.027 0.033
25.787 60.00 59.9800 9.0 0.020 0.014
25.807 60.00 59.9900 9.0 0.016 0.004
25.825 60.00 59.9700 9.0 0.028 0.037
25.846 60.00 59.9700 9.0 0.034 0.053
25.865 60.00 59.9700 9.0 0.029 0.040
25.886 60.00 59.9800 9.0 0.019 0.012
25.905 60.00 59.9600 9.0 0.044 0.081
25.926 60.00 59.9800 9.0 0.021 0.018
25.945 60.00 59.9800 9.0 0.022 0.019
25.966 60.00 59.9900 9.0 0.013 -0.007
25.985 60.00 59.9800 9.0 0.018 0.009
26.006 60.00 59.9800 9.0 0.025 0.028
26.026 60.00 59.9800 9.0 0.018 0.010
26.047 60.00 59.9800 9.0 0.021 0.018
26.066 60.00 59.9800 9.0 0.026 0.031
26.087 60.00 59.9800 9.0 0.026 0.031
26.106 60.00 59.9800 9.0 0.022 0.021
26.127 60.00 59.9800 9.0 0.021 0.016
26.145 60.00 59.9800 9.0 0.023 0.022
26.166 60.00 59.9900 9.0 0.015 0.000
26.185 60.00 59.9700 9.0 0.031 0.046
26.207 60.00 59.9600 9.0 0.040 0.071
26.226 60.00 59.9700 9.0 0.031 0.046
26.248 60.00 59.9700 9.0 0.028 0.037
26.267 60.00 59.9700 9.0 0.028 0.036
26.288 60.00 59.9700 9.0 0.032 0.048
26.307 60.00 59.9800 9.0 0.022 0.019
26.326 60.00 59.9800 9.0 0.021 0.016
26.347 60.00 59.9700 9.0 0.036 0.059
26.366 60.00 60.0000 9.0 0.004 -0.032
26.387 60.00 59.9800 9.0 0.019 0.012
26.406 60.00 59.9800 9.0 0.022 0.019
26.427 60.00 59.9900 9.0 0.012 -0.008
26.446 60.00 59.9900 9.0 0.013 -0.006
26.467 60.00 59.9800 9.0 0.025 0.028
26.487 60.00 59.9800 9.0 0.018 0.009
26.508 60.00 59.9900 9.0 0.006 -0.024
26.527 60.00 59.9800 9.0 0.019 0.012
26.548 60.00 59.9800 9.0 0.023 0.022
26.567 60.00 59.9900 9.0 0.012 -0.009
26.587 60.00 59.9700 9.0 0.027 0.033
26.606 60.00 59.9700 9.0 0.027 0.033
26.627 60.00 60.0000 9.0 0.004 -0.032
26.646 60.00 59.9800 9.0 0.024 0.026
26.667 60.00 59.9800 9.0 0.022 0.021
26.686 60.00 59.9800 9.0 0.021 0.018
26.707 60.00 59.9700 9.0 0.035 0.055
26.726 60.00 59.9800 9.0 0.017 0.007
26.747 60.00 60.0100 9.0 -0.007 -0.061
26.766 60.00 59.9800 9.0 0.018 0.008
26.788 60.00 60.0000 9.0 -0.002 -0.046
26.808 60.00 59.9800 9.0 0.026 0.031
26.827 60.00 59.9900 9.0 0.009 -0.015
26.848 60.00 59.9800 9.0 0.020 0.014
26.867 60.00 59.9900 9.0 0.006 -0.023
26.888 60.00 59.9800 9.0 0.021 0.017
26.906 60.00 59.9700 9.0 0.028 0.038
26.927 60.00 59.9800 9.0 0.021 0.017
26.946 60.00 59.9800 9.0 0.019 0.011
26.967 60.00 60.0000 9.0 0.006 -0.025
26.986 60.00 59.9900 9.0 0.016 0.003
27.007 60.00 59.9900 9.0 0.016 0.003
27.026 60.00 59.9800 9.0 0.017 0.006
27.047 60.00 59.9900 9.0 0.016 0.005
27.067 60.00 59.9700 9.0 0.030 0.044
27.088 60.00 59.9900 9.0 0.011 -0.011
27.107 60.00 59.9900 9.0 0.014 -0.001
27.128 60.00 59.9900 9.0 0.016 0.003
27.147 60.00 59.9800 9.0 0.018 0.011
27.168 60.00 59.9900 9.0 0.009 -0.016
27.186 60.00 59.9800 9.0 0.018 0.011
27.208 60.00 59.9900 9.0 0.013 -0.004
27.226 60.00 59.9800 9.0 0.019 0.012
27.248 60.00 59.9900 9.0 0.016 0.004
27.267 60.00 59.9800 9.0 0.025 0.030
27.288 60.00 59.9700 9.0 0.028 0.039
27.308 60.00 59.9800 9.0 0.023 0.024
27.328 60.00 60.0000 9.0 0.003 -0.033
27.348 60.00 59.9600 9.0 0.041 0.074
27.367 60.00 59.9900 9.0 0.016 0.005
27.389 60.00 59.9900 9.0 0.014 -0.002
27.408 60.00 60.0000 9.0 0.004 -0.028
27.429 60.00 59.9900 9.0 0.013 -0.005
27.448 60.00 59.9900 9.0 0.014 -0.002
27.469 60.00 59.9900 9.0 0.009 -0.013
27.488 60.00 59.9900 9.0 0.010 -0.012
27.508 60.00 60.0000 9.0 -0.001 -0.043
27.527 60.00 59.9900 9.0 0.010 -0.011
27.548 60.00 60.0100 9.0 -0.004 -0.051
27.567 60.00 59.9800 9.0 0.019 0.013
27.588 60.00 59.9800 9.0 0.025 0.031
27.607 60.00 59.9800 9.0 0.019 0.013
27.628 60.00 60.0000 9.0 0.004 -0.027
27.647 60.00 59.9800 9.0 0.026 0.034
27.668 60.00 59.3700 9.0 0.632 1.731
27.687 60.00 59.9900 9.0 0.016 0.002
27.708 60.00 59.9700 9.0 0.028 0.034
27.727 60.00 59.9900 9.0 0.010 -0.015
27.749 60.00 59.9900 9.0 0.015 -0.001
27.768 60.00 59.9700 9.0 0.035 0.056
27.789 60.00 59.9800 9.0 0.017 0.005
27.808 60.00 59.9800 9.0 0.018 0.006
27.829 60.00 59.9800 9.0 0.019 0.011
27.849 60.00 60.0200 9.0 -0.015 -0.086
27.868 60.00 59.9900 9.0 0.007 -0.024
27.888 60.00 59.9900 9.0 0.011 -0.013
27.907 60.00 59.9900 9.0 0.015 -0.000
27.928 60.00 59.9900 9.0 0.016 0.003
27.947 60.00 59.9800 9.0 0.017 0.004
27.968 60.00 60.0000 9.0 0.003 -0.035
27.987 60.00 59.9700 9.0 0.029 0.040
28.008 60.00 59.9900 9.0 0.006 -0.025
28.027 60.00 59.9800 9.0 0.025 0.028
28.048 60.00 59.9800 9.0 0.025 0.026
28.068 60.00 59.9900 9.0 0.016 0.003
28.089 60.00 59.9800 9.0 0.019 0.012
28.108 60.00 59.9900 9.0 0.014 -0.004
28.129 60.00 59.9900 9.0 0.011 -0.012
28.148 60.00 59.9900 9.0 0.009 -0.018
28.168 60.00 59.9900 9.0 0.008 -0.018
28.187 60.00 60.0000 9.0 0.001 -0.039
28.208 60.00 60.0100 9.0 -0.004 -0.053
28.227 60.00 59.9800 9.0 0.018 0.008
28.249 60.00 59.9700 9.0 0.027 0.033
28.268 60.00 59.9800 9.0 0.018 0.010
28.289 60.00 59.9800 9.0 0.021 0.017
28.308 60.00 59.9800 9.0 0.018 0.010
28.329 60.00 59.9900 9.0 0.009 -0.015
28.349 60.00 59.9900 9.0 0.016 0.004
28.369 60.00 59.9900 9.0 0.012 -0.008
28.390 60.00 60.0000 9.0 -0.000 -0.041
28.409 60.00 60.0000 9.0 0.001 -0.037
28.430 60.00 59.9800 9.0 0.022 0.021
28.449 60.00 59.9800 9.0 0.020 0.015
28.470 60.00 59.9900 9.0 0.011 -0.010
28.489 60.00 59.9800 9.0 0.018 0.011
28.510 60.00 59.9800 9.0 0.019 0.013
28.528 60.00 60.0000 9.0 0.004 -0.029
28.549 60.00 60.0000 9.0 0.000 -0.039
28.568 60.00 60.0000 9.0 0.006 -0.025
28.589 60.00 59.9900 9.0 0.008 -0.017
28.608 60.00 60.0000 9.0 0.005 -0.026
28.629 60.00 59.9800 9.0 0.022 0.023
28.648 60.00 60.0000 9.0 -0.002 -0.046
28.669 60.00 59.9700 9.0 0.028 0.039
28.688 60.00 60.0000 9.0 0.005 -0.027
28.709 60.00 60.0100 9.0 -0.008 -0.062
28.728 60.00 60.0000 9.0 0.005 -0.025
28.750 60.00 59.9900 9.0 0.007 -0.019
28.769 60.00 59.9900 9.0 0.007 -0.021
28.790 60.00 59.9900 9.0 0.013 -0.003
28.809 60.00 60.0200 9.0 -0.016 -0.085
28.830 60.00 59.9800 9.0 0.019 0.015
28.849 60.00 59.9800 9.0 0.017 0.008
28.869 60.00 60.0100 9.0 -0.005 -0.053
28.889 60.00 60.0000 9.0 0.005 -0.024
28.908 60.00 60.0000 9.0 0.003 -0.031
28.929 60.00 60.0000 9.0 0.001 -0.034
28.948 60.00 59.9300 9.0 0.073 0.167
28.969 60.00 59.9900 9.0 0.011 -0.008
28.988 60.00 59.9800 9.0 0.024 0.028
29.009 60.00 59.9900 9.0 0.012 -0.006
29.028 60.00 59.9900 9.0 0.009 -0.014
29.050 60.00 59.9900 9.0 0.007 -0.018
29.069 60.00 60.0000 9.0 -0.002 -0.043
29.090 60.00 59.9900 9.0 0.007 -0.018
29.109 60.00 59.4500 9.0 0.554 1.514
29.129 60.00 59.9900 9.0 0.008 -0.018
29.148 60.00 59.9900 9.0 0.015 0.001
29.169 60.00 59.9900 9.0 0.009 -0.017
29.188 60.00 59.9900 9.0 0.007 -0.023
29.209 60.00 59.9600 9.0 0.037 0.061
29.228 60.00 60.0000 9.0 0.004 -0.030
29.250 60.00 60.0000 9.0 0.004 -0.032
29.268 60.00 60.0000 9.0 -0.002 -0.047
29.290 60.00 59.9900 9.0 0.009 -0.015
29.309 60.00 60.0100 9.0 -0.006 -0.058
29.330 60.00 60.0100 9.0 -0.006 -0.057
29.350 60.00 60.0000 9.0 0.004 -0.031
29.371 60.00 59.9900 9.0 0.008 -0.017
29.391 60.00 59.9900 9.0 0.011 -0.011
29.410 60.00 59.9700 9.0 0.027 0.034
29.431 60.00 60.0100 9.0 -0.010 -0.069
29.449 60.00 59.9800 9.0 0.022 0.021
29.470 60.00 59.9900 9.0 0.009 -0.014
29.489 60.00 60.0100 9.0 -0.013 -0.076
29.510 60.00 59.9900 9.0 0.011 -0.010
29.529 60.00 59.9900 9.0 0.011 -0.009
29.550 60.00 60.0000 9.0 0.003 -0.031
29.569 60.00 59.9900 9.0 0.009 -0.013
29.590 60.00 60.0100 9.0 -0.004 -0.051
29.609 60.00 60.0000 9.0 0.005 -0.026
29.630 60.00 60.0000 9.0 -0.002 -0.045
29.650 60.00 60.0000 9.0 0.004 -0.029
29.671 60.00 59.9900 9.0 0.010 -0.011
29.690 60.00 60.0000 9.0 0.004 -0.029
29.711 60.00 60.0100 9.0 -0.008 -0.061
29.730 60.00 60.0000 9.0 0.002 -0.033
29.751 60.00 59.9900 9.0 0.011 -0.008
29.769 60.00 59.9900 9.0 0.014 0.002
29.790 60.00 60.0000 9.0 0.004 -0.026
29.809 60.00 60.0000 9.0 0.001 -0.035
29.830 60.00 59.9900 9.0 0.008 -0.014
29.849 60.00 60.0100 9.0 -0.007 -0.057
29.870 60.00 59.9900 9.0 0.015 0.005
29.890 60.00 59.9900 9.0 0.013 -0.002
29.909 60.00 60.0100 9.0 -0.004 -0.049
29.930 60.00 59.9900 9.0 0.008 -0.015
29.949 60.00 59.9900 9.0 0.007 -0.019
29.971 60.00 59.9900 9.0 0.014 0.003
29.990 60.00 60.0000 9.0 0.006 -0.021
30.011 60.00 60.0000 9.0 -0.003 -0.044
30.030 60.00 60.0200 9.0 -0.021 -0.094
30.051 60.00 59.9800 9.0 0.018 0.013
30.070 60.00 59.9700 9.0 0.036 0.065
30.091 60.00 59.9900 9.0 0.014 0.003
30.110 60.00 60.0100 9.0 -0.005 -0.050
30.131 60.00 60.0000 9.0 0.005 -0.023
30.149 60.00 60.0000 9.0 0.003 -0.028
30.170 60.00 59.9900 9.0 0.008 -0.012
30.189 60.00 60.0000 9.0 -0.001 -0.038
30.210 60.00 59.9900 9.0 0.008 -0.012
30.229 60.00 59.9900 9.0 0.014 0.004
30.250 60.00 60.0000 9.0 -0.000 -0.036
30.269 60.00 59.9800 9.0 0.017 0.011
30.291 60.00 60.0100 9.0 -0.007 -0.055
30.310 60.00 59.9900 9.0 0.014 0.005
30.332 60.00 60.0000 9.0 -0.003 -0.044
30.351 60.00 60.0100 9.0 -0.007 -0.055
30.372 60.00 60.0000 9.0 0.001 -0.032
30.391 60.00 60.0000 9.0 -0.002 -0.041
30.412 60.00 60.0000 9.0 -0.000 -0.035
30.431 60.00 60.1500 9.0 -0.153 -0.462
30.450 60.00 60.0000 9.0 0.005 -0.020
30.471 60.00 60.0000 9.0 0.004 -0.021
30.490 60.00 60.0000 9.0 0.005 -0.020
30.511 60.00 60.0000 9.0 -0.001 -0.036
30.530 60.00 60.0100 9.0 -0.013 -0.068
30.551 60.00 60.0000 9.0 0.001 -0.030
30.570 60.00 59.9900 9.0 0.009 -0.006
30.592 60.00 59.9900 9.0 0.010 -0.004
30.611 60.00 60.0000 9.0 -0.003 -0.040
30.632 60.00 59.9900 9.0 0.007 -0.012
30.651 60.00 59.9900 9.0 0.008 -0.010
30.672 60.00 60.0000 9.0 -0.001 -0.035
30.691 60.00 59.9900 9.0 0.010 -0.004
30.712 60.00 60.0000 9.0 -0.004 -0.042
30.731 60.00 59.9900 9.0 0.010 -0.004
30.751 60.00 59.9900 9.0 0.014 0.008
30.770 60.00 59.9900 9.0 0.007 -0.011
30.791 60.00 59.9900 9.0 0.010 -0.003
30.810 60.00 60.0000 9.0 -0.002 -0.038
30.831 60.00 60.0000 9.0 0.006 -0.016
30.850 60.00 59.9800 9.0 0.020 0.024
30.871 60.00 60.0000 9.0 0.001 -0.027
30.891 60.00 59.9900 9.0 0.014 0.007
30.911 60.00 60.0000 9.0 0.003 -0.023
30.932 60.00 60.0100 9.0 -0.005 -0.045
30.951 60.00 59.9900 9.0 0.007 -0.010
30.972 60.00 60.0100 9.0 -0.005 -0.045
30.991 60.00 60.0000 9.0 0.001 -0.027
31.012 60.00 59.9900 9.0 0.009 -0.004
31.031 60.00 60.0000 9.0 0.002 -0.025
31.052 60.00 59.9900 9.0 0.008 -0.008
31.071 60.00 59.9800 9.0 0.021 0.028
31.092 60.00 60.0000 9.0 -0.001 -0.032
31.110 60.00 59.9900 9.0 0.009 -0.006
31.131 60.00 60.0100 9.0 -0.012 -0.064
31.150 60.00 60.0200 9.0 -0.015 -0.072
31.171 60.00 60.0000 9.0 0.005 -0.017
31.190 60.00 60.0100 9.0 -0.007 -0.050
31.211 60.00 60.0000 9.0 0.003 -0.022
31.230 60.00 60.0200 9.0 -0.016 -0.075
31.251 60.00 60.0100 9.0 -0.008 -0.053
31.271 60.00 60.0200 9.0 -0.018 -0.080
31.292 60.00 60.0100 9.0 -0.013 -0.065
31.311 60.00 59.9900 9.0 0.008 -0.005
31.333 60.00 60.0000 9.0 -0.001 -0.032
31.352 60.00 60.0200 9.0 -0.015 -0.070
31.373 60.00 59.9900 9.0 0.012 0.005
31.391 60.00 59.9900 9.0 0.012 0.005
31.413 60.00 60.0000 9.0 -0.002 -0.033
31.432 60.00 59.9900 9.0 0.010 0.000
31.451 60.00 60.0000 9.0 0.005 -0.013
31.472 60.00 59.9900 9.0 0.013 0.007
31.492 60.00 60.0000 9.0 0.001 -0.024
31.513 60.00 59.9900 9.0 0.008 -0.006
31.532 60.00 60.0000 9.0 0.004 -0.016
31.553 60.00 60.0100 9.0 -0.009 -0.053
31.571 60.00 60.0200 9.0 -0.017 -0.074
31.592 60.00 60.0100 9.0 -0.013 -0.063
31.611 60.00 59.9900 9.0 0.014 0.014
31.632 60.00 59.9900 9.0 0.012 0.007
31.651 60.00 59.9800 9.0 0.018 0.023
31.672 60.00 60.0100 9.0 -0.011 -0.058
31.691 60.00 60.0000 9.0 -0.002 -0.031
31.712 60.00 60.0100 9.0 -0.004 -0.038
31.731 60.00 59.9900 9.0 0.016 0.019
31.752 60.00 60.0200 9.0 -0.023 -0.092
31.772 60.00 60.0000 9.0 0.003 -0.018
31.793 60.00 59.9900 9.0 0.009 -0.002
31.812 60.00 59.9900 9.0 0.008 -0.003
31.833 60.00 60.0000 9.0 0.006 -0.010
31.852 60.00 60.0200 9.0 -0.015 -0.068
31.873 60.00 59.9900 9.0 0.010 0.002
31.892 60.00 59.9900 9.0 0.008 -0.004
31.913 60.00 60.0100 9.0 -0.004 -0.037
31.932 60.00 59.9900 9.0 0.013 0.011
31.951 60.00 60.0000 9.0 -0.002 -0.032
31.972 60.00 60.0100 9.0 -0.007 -0.045
31.991 60.00 60.0000 9.0 -0.004 -0.036
32.012 60.00 60.0000 9.0 0.005 -0.011
32.031 60.00 60.0000 9.0 -0.004 -0.035
32.052 60.00 60.0100 9.0 -0.005 -0.039
32.071 60.00 60.0100 9.0 -0.006 -0.043
32.092 60.00 60.0100 9.0 -0.014 -0.063
32.111 60.00 59.9800 9.0 0.017 0.024
32.132 60.00 60.0000 9.0 -0.002 -0.029
32.152 60.00 60.0100 9.0 -0.006 -0.042
32.173 60.00 60.0100 9.0 -0.013 -0.060
32.192 60.00 60.0100 9.0 -0.009 -0.051
32.213 60.00 60.0100 9.0 -0.013 -0.060
32.232 60.00 60.0100 9.0 -0.013 -0.060
32.253 60.00 60.0000 9.0 0.001 -0.021
32.272 60.00 59.9900 9.0 0.010 0.005
32.293 60.00 60.0000 9.0 -0.001 -0.027
32.311 60.00 60.0100 9.0 -0.007 -0.043
32.333 60.00 60.0200 9.0 -0.014 -0.063
32.351 60.00 60.0100 9.0 -0.010 -0.052
32.373 60.00 60.0000 9.0 -0.000 -0.023
32.392 60.00 59.9900 9.0 0.011 0.008
32.413 60.00 60.0100 9.0 -0.011 -0.053
32.433 60.00 60.0000 9.0 0.001 -0.020
32.453 60.00 60.0000 9.0 -0.001 -0.026
32.473 60.00 60.0000 9.0 -0.002 -0.027
32.493 60.00 60.0000 9.0 -0.000 -0.022
32.514 60.00 60.0100 9.0 -0.005 -0.036
32.533 60.00 60.0000 9.0 0.003 -0.015
32.554 60.00 60.0100 9.0 -0.012 -0.056
32.573 60.00 60.0100 9.0 -0.006 -0.038
32.594 60.00 60.0200 9.0 -0.015 -0.063
32.612 60.00 60.0200 9.0 -0.014 -0.061
32.633 60.00 60.0000 9.0 -0.001 -0.025
32.652 60.00 60.0100 9.0 -0.005 -0.036
32.673 60.00 60.0000 9.0 0.003 -0.014
32.692 60.00 60.0100 9.0 -0.005 -0.036
32.713 60.00 60.0000 9.0 -0.003 -0.030
32.732 60.00 60.0100 9.0 -0.010 -0.049
32.753 60.00 60.0200 9.0 -0.021 -0.078
32.772 60.00 60.0100 9.0 -0.014 -0.059
32.794 60.00 60.0200 9.0 -0.014 -0.060
32.813 60.00 60.0100 9.0 -0.010 -0.048
32.834 60.00 60.0000 9.0 -0.002 -0.026
32.853 60.00 60.0000 9.0 -0.004 -0.030
32.874 60.00 60.0200 9.0 -0.023 -0.085
32.893 60.00 60.0100 9.0 -0.013 -0.055
32.913 60.00 59.9900 9.0 0.014 0.020
32.933 60.00 60.0000 9.0 0.005 -0.006
32.953 60.00 60.0100 9.0 -0.005 -0.033
32.973 60.00 59.9900 9.0 0.011 0.010
32.992 60.00 60.0100 9.0 -0.008 -0.043
33.013 60.00 60.0000 9.0 -0.003 -0.026
33.032 60.00 60.0100 9.0 -0.004 -0.030
33.053 60.00 60.0200 9.0 -0.016 -0.063
33.072 60.00 60.0100 9.0 -0.013 -0.054
33.094 60.00 60.0000 9.0 -0.000 -0.019
33.113 60.00 59.9900 9.0 0.006 -0.001
33.134 60.00 60.0000 9.0 0.004 -0.007
33.153 60.00 60.0200 9.0 -0.015 -0.061
33.174 60.00 60.0100 9.0 -0.007 -0.038
33.193 60.00 60.0300 9.0 -0.028 -0.096
33.214 60.00 60.0100 9.0 -0.006 -0.036
33.232 60.00 60.0100 9.0 -0.011 -0.048
33.253 60.00 60.0000 9.0 -0.004 -0.028
33.272 60.00 60.0100 9.0 -0.009 -0.044
33.293 60.00 60.0200 9.0 -0.016 -0.063
33.312 60.00 60.0100 9.0 -0.012 -0.050
33.333 60.00 60.0100 9.0 -0.010 -0.045
33.352 60.00 60.0200 9.0 -0.023 -0.082
33.374 60.00 60.0100 9.0 -0.012 -0.049
33.393 60.00 60.0100 9.0 -0.014 -0.055
33.414 60.00 59.9900 9.0 0.009 0.008
33.433 60.00 59.9900 9.0 0.008 0.006
33.454 60.00 59.8900 9.0 0.116 0.308
33.474 60.00 60.0100 9.0 -0.009 -0.043
33.495 60.00 60.0000 9.0 -0.003 -0.024
33.515 60.00 60.0200 9.0 -0.016 -0.061
33.534 60.00 60.0200 9.0 -0.021 -0.075
33.555 60.00 60.0100 9.0 -0.005 -0.030
33.574 60.00 60.0100 9.0 -0.010 -0.046
33.595 60.00 60.0100 9.0 -0.012 -0.050
33.613 60.00 60.0000 9.0 -0.003 -0.025
33.634 60.00 60.0200 9.0 -0.014 -0.056
33.653 60.00 60.0300 9.0 -0.026 -0.089
33.674 60.00 60.0100 9.0 -0.008 -0.039
33.693 60.00 60.0000 9.0 0.000 -0.014
33.714 60.00 60.0100 9.0 -0.014 -0.054
33.733 60.00 60.0100 9.0 -0.012 -0.049
33.754 60.00 60.0200 9.0 -0.023 -0.078
33.773 60.00 60.0000 9.0 -0.002 -0.021
33.795 60.00 60.0100 9.0 -0.010 -0.043
33.814 60.00 60.0200 9.0 -0.015 -0.056
33.835 60.00 60.0300 9.0 -0.033 -0.107
33.854 60.00 60.0100 9.0 -0.010 -0.043
33.875 60.00 60.0000 9.0 -0.003 -0.021
33.894 60.00 60.0300 9.0 -0.025 -0.084
33.915 60.00 60.0100 9.0 -0.004 -0.025
33.933 60.00 60.0100 9.0 -0.006 -0.031
33.954 60.00 60.0100 9.0 -0.012 -0.048
33.974 60.00 60.0200 9.0 -0.023 -0.078
33.994 60.00 60.0200 9.0 -0.021 -0.072
34.014 60.00 60.0000 9.0 -0.003 -0.020
34.033 60.00 60.0300 9.0 -0.025 -0.083
34.054 60.00 60.0100 9.0 -0.012 -0.047
34.073 60.00 60.0000 9.0 0.004 -0.003
34.094 60.00 60.0200 9.0 -0.016 -0.058
34.113 60.00 60.0100 9.0 -0.004 -0.024
34.135 60.00 60.0100 9.0 -0.004 -0.024
34.154 60.00 60.0300 9.0 -0.027 -0.089
34.175 60.00 60.0100 9.0 -0.011 -0.043
34.194 60.00 60.0200 9.0 -0.018 -0.062
34.215 60.00 60.0200 9.0 -0.019 -0.066
34.234 60.00 60.0000 9.0 0.001 -0.009
34.255 60.00 60.0100 9.0 -0.012 -0.046
34.274 60.00 60.0300 9.0 -0.026 -0.085
34.294 60.00 60.0000 9.0 0.003 -0.002
34.313 60.00 60.0100 9.0 -0.013 -0.047
34.334 60.00 60.0300 9.0 -0.028 -0.091
34.353 60.00 60.0200 9.0 -0.017 -0.058
34.375 60.00 60.0100 9.0 -0.009 -0.036
34.393 60.00 60.0000 9.0 -0.004 -0.020
34.415 60.00 60.0100 9.0 -0.013 -0.047
34.434 60.00 60.0300 9.0 -0.024 -0.078
34.456 60.00 59.3900 9.0 0.610 1.697
34.475 60.00 60.0200 9.0 -0.019 -0.069
34.496 60.00 60.0100 9.0 -0.010 -0.042
34.516 60.00 60.0200 9.0 -0.018 -0.064
34.535 60.00 60.0100 9.0 -0.012 -0.048
34.555 60.00 60.0200 9.0 -0.014 -0.053
34.574 60.00 60.0200 9.0 -0.021 -0.072
34.595 60.00 60.0200 9.0 -0.023 -0.077
34.614 60.00 60.0200 9.0 -0.015 -0.055
34.635 60.00 60.0200 9.0 -0.018 -0.064
34.654 60.00 60.0200 9.0 -0.018 -0.063
34.675 60.00 60.0100 9.0 -0.010 -0.042
34.694 60.00 60.0100 9.0 -0.013 -0.049
34.715 60.00 60.0100 9.0 -0.012 -0.045
34.734 60.00 60.0000 9.0 -0.004 -0.022
34.755 60.00 60.0200 9.0 -0.014 -0.052
34.774 60.00 60.0300 9.0 -0.028 -0.090
34.796 60.00 60.0200 9.0 -0.021 -0.069
34.815 60.00 60.0200 9.0 -0.022 -0.073
34.836 60.00 60.0000 9.0 0.001 -0.009
34.855 60.00 60.0200 9.0 -0.017 -0.060
34.876 60.00 60.0100 9.0 -0.009 -0.036
34.895 60.00 60.0100 9.0 -0.013 -0.047
34.916 60.00 60.0000 9.0 -0.003 -0.020
34.934 60.00 60.0200 9.0 -0.022 -0.073
34.955 60.00 60.0200 9.0 -0.020 -0.066
34.974 60.00 60.0100 9.0 -0.011 -0.041
34.995 60.00 60.0000 9.0 -0.002 -0.016
35.015 60.00 60.0400 9.0 -0.038 -0.117
35.034 60.00 60.0200 9.0 -0.022 -0.072
35.055 60.00 60.0100 9.0 -0.013 -0.045
35.074 60.00 60.0400 9.0 -0.035 -0.108
35.095 60.00 60.7900 9.0 -0.792 -2.228
35.114 60.00 60.0200 9.0 -0.018 -0.054
35.135 60.00 60.0300 9.0 -0.025 -0.074
35.154 60.00 60.0200 9.0 -0.023 -0.067
35.175 60.00 60.0300 9.0 -0.030 -0.088
35.194 60.00 60.0200 9.0 -0.018 -0.054
35.216 60.00 60.0200 9.0 -0.014 -0.042
35.235 60.00 60.0100 9.0 -0.013 -0.039
35.256 60.00 60.0100 9.0 -0.012 -0.035
35.275 60.00 60.0300 9.0 -0.024 -0.070
35.296 60.00 60.0300 9.0 -0.029 -0.085
35.315 60.00 59.9900 9.0 0.007 0.017
35.336 60.00 60.0200 9.0 -0.014 -0.042
35.354 60.00 60.0300 9.0 -0.027 -0.077
35.375 60.00 60.0100 9.0 -0.014 -0.040
35.394 60.00 60.0400 9.0 -0.035 -0.100
35.416 60.00 60.0300 9.0 -0.025 -0.070
35.434 60.00 60.0200 9.0 -0.023 -0.066
35.456 60.00 60.0100 9.0 -0.006 -0.017
35.475 60.00 60.0100 9.0 -0.014 -0.039
35.496 60.00 60.0100 9.0 -0.008 -0.023
35.516 60.00 60.0100 9.0 -0.009 -0.026
35.536 60.00 60.0100 9.0 -0.013 -0.037
35.556 60.00 60.0300 9.0 -0.030 -0.086
35.576 60.00 60.0200 9.0 -0.016 -0.045
35.597 60.00 60.0300 9.0 -0.033 -0.092
35.616 60.00 60.0400 9.0 -0.034 -0.095
35.637 60.00 60.0200 9.0 -0.014 -0.039
35.656 60.00 60.0300 9.0 -0.025 -0.068
35.677 60.00 60.0200 9.0 -0.023 -0.065
35.695 60.00 60.0200 9.0 -0.015 -0.041
35.716 60.00 60.0200 9.0 -0.017 -0.047
35.735 60.00 60.0300 9.0 -0.026 -0.071
35.756 60.00 60.0300 9.0 -0.030 -0.083
35.775 60.00 60.0300 9.0 -0.026 -0.072
35.796 60.00 60.0200 9.0 -0.015 -0.041
35.815 60.00 60.0200 9.0 -0.020 -0.054
35.836 60.00 60.0200 9.0 -0.023 -0.063
35.855 60.00 60.0200 9.0 -0.018 -0.048
35.876 60.00 60.0200 9.0 -0.017 -0.045
35.895 60.00 60.0200 9.0 -0.015 -0.041
35.917 60.00 60.0100 9.0 -0.012 -0.032
35.936 60.00 60.0200 9.0 -0.022 -0.060
35.957 60.00 60.0200 9.0 -0.016 -0.043
35.976 60.00 60.0400 9.0 -0.036 -0.097
35.997 60.00 60.0100 9.0 -0.008 -0.019
36.016 60.00 60.0100 9.0 -0.013 -0.034
36.037 60.00 60.0200 9.0 -0.020 -0.053
36.056 60.00 60.0200 9.0 -0.021 -0.057
36.075 60.00 60.0100 9.0 -0.007 -0.017
36.096 60.00 60.0400 9.0 -0.042 -0.116
36.115 60.00 60.0300 9.0 -0.033 -0.089
36.136 60.00 60.0300 9.0 -0.026 -0.068
36.155 60.00 60.0400 9.0 -0.039 -0.105
36.176 60.00 60.0300 9.0 -0.030 -0.080
36.195 60.00 60.0400 9.0 -0.042 -0.113
36.216 60.00 60.0300 9.0 -0.034 -0.089
36.235 60.00 60.0300 9.0 -0.031 -0.082
36.256 60.00 60.0100 9.0 -0.013 -0.030
36.275 60.00 60.0100 9.0 -0.004 -0.006
36.297 60.00 60.0200 9.0 -0.021 -0.052
36.316 60.00 60.0200 9.0 -0.023 -0.058
36.337 60.00 60.0200 9.0 -0.016 -0.040
36.356 60.00 60.0300 9.0 -0.031 -0.082
36.377 60.00 60.0400 9.0 -0.040 -0.107
36.395 60.00 60.0400 9.0 -0.037 -0.096
36.416 60.00 60.0400 9.0 -0.037 -0.096
36.435 60.00 60.0400 9.0 -0.037 -0.096
36.457 60.00 60.0400 9.0 -0.039 -0.102
36.476 60.00 60.0300 9.0 -0.026 -0.065
36.497 60.00 60.0300 9.0 -0.027 -0.068
36.516 60.00 60.0200 9.0 -0.016 -0.037
36.537 60.00 60.0200 9.0 -0.020 -0.048
36.557 60.00 60.0400 9.0 -0.035 -0.091
36.576 60.00 60.0200 9.0 -0.023 -0.056
36.597 60.00 60.0300 9.0 -0.025 -0.061
36.617 60.00 60.0300 9.0 -0.028 -0.072
36.638 60.00 60.0400 9.0 -0.043 -0.113
36.657 60.00 60.0300 9.0 -0.030 -0.077
36.678 60.00 60.0400 9.0 -0.039 -0.101
36.697 60.00 60.0200 9.0 -0.019 -0.044
36.718 60.00 60.0400 9.0 -0.034 -0.086
36.737 60.00 60.0200 9.0 -0.022 -0.053
36.757 60.00 60.0300 9.0 -0.025 -0.061
36.776 60.00 60.0300 9.0 -0.031 -0.079
36.797 60.00 60.0300 9.0 -0.025 -0.059
36.816 60.00 60.0400 9.0 -0.034 -0.085
36.838 60.00 60.0200 9.0 -0.019 -0.043
36.857 60.00 60.0400 9.0 -0.037 -0.092
36.878 60.00 60.0200 9.0 -0.016 -0.034
36.897 60.00 60.0200 9.0 -0.023 -0.055
36.918 60.00 60.0300 9.0 -0.033 -0.082
36.937 60.00 60.0300 9.0 -0.030 -0.073
36.957 60.00 60.0100 9.0 -0.011 -0.020
36.976 60.00 60.0300 9.0 -0.028 -0.067
36.997 60.00 60.0300 9.0 -0.027 -0.064
37.016 60.00 60.0200 9.0 -0.023 -0.052
37.037 60.00 60.0200 9.0 -0.016 -0.033
37.057 60.00 60.0300 9.0 -0.027 -0.063
37.076 60.00 60.0400 9.0 -0.037 -0.091
37.097 60.00 60.0300 9.0 -0.030 -0.072
37.116 60.00 60.0200 9.0 -0.017 -0.036
37.137 60.00 60.0300 9.0 -0.025 -0.058
37.156 60.00 60.0300 9.0 -0.033 -0.079
37.177 60.00 60.0200 9.0 -0.023 -0.052
37.197 60.00 60.0200 9.0 -0.020 -0.043
37.218 60.00 60.0200 9.0 -0.022 -0.049
37.237 60.00 60.0500 9.0 -0.044 -0.111
37.258 60.00 60.0300 9.0 -0.033 -0.079
37.277 60.00 60.0300 9.0 -0.028 -0.065
37.298 60.00 60.0700 9.0 -0.070 -0.182
37.317 60.00 60.0500 9.0 -0.048 -0.122
37.337 60.00 60.0300 9.0 -0.030 -0.070
37.356 60.00 60.0200 9.0 -0.021 -0.043
37.377 60.00 60.0200 9.0 -0.015 -0.027
37.396 60.00 60.0200 9.0 -0.018 -0.037
37.417 60.00 60.0300 9.0 -0.031 -0.072
37.436 60.00 60.0200 9.0 -0.022 -0.047
37.458 60.00 60.0300 9.0 -0.024 -0.053
37.476 60.00 60.0400 9.0 -0.037 -0.090
37.498 60.00 60.0300 9.0 -0.034 -0.079
37.517 60.00 60.0300 9.0 -0.025 -0.055
37.538 60.00 60.0300 9.0 -0.028 -0.064
37.558 60.00 60.0300 9.0 -0.026 -0.058
37.579 60.00 60.0300 9.0 -0.025 -0.055
37.599 60.00 60.0200 9.0 -0.023 -0.048
37.618 60.00 60.0200 9.0 -0.023 -0.048
37.639 60.00 60.0400 9.0 -0.040 -0.096
37.658 60.00 60.0500 9.0 -0.045 -0.110
37.679 60.00 60.0300 9.0 -0.033 -0.075
37.697 60.00 60.0400 9.0 -0.043 -0.104
37.718 60.00 60.0300 9.0 -0.025 -0.052
37.737 60.00 60.0400 9.0 -0.038 -0.089
37.758 60.00 60.0300 9.0 -0.025 -0.053
37.777 60.00 60.0300 9.0 -0.027 -0.058
37.798 60.00 60.0200 9.0 -0.018 -0.033
37.817 60.00 60.0200 9.0 -0.023 -0.047
37.838 60.00 60.0300 9.0 -0.031 -0.069
37.857 60.00 60.0300 9.0 -0.028 -0.060
37.878 60.00 60.0300 9.0 -0.026 -0.054
37.898 60.00 60.0300 9.0 -0.030 -0.067
37.919 60.00 60.0200 9.0 -0.022 -0.044
37.938 60.00 60.0400 9.0 -0.041 -0.096
37.959 60.00 60.0400 9.0 -0.034 -0.077
37.978 60.00 60.0200 9.0 -0.021 -0.040
37.999 60.00 60.0400 9.0 -0.036 -0.083
38.017 60.00 60.0200 9.0 -0.015 -0.024
38.038 60.00 60.0300 9.0 -0.031 -0.069
38.058 60.00 60.0200 9.0 -0.017 -0.029
38.078 60.00 60.0300 9.0 -0.031 -0.068
38.098 60.00 60.0200 9.0 -0.017 -0.028
38.117 60.00 60.0200 9.0 -0.021 -0.038
38.138 60.00 60.0300 9.0 -0.029 -0.061
38.157 60.00 60.0300 9.0 -0.024 -0.048
38.179 60.00 60.0300 9.0 -0.026 -0.053
38.198 60.00 60.0200 9.0 -0.020 -0.036
38.219 60.00 60.0300 9.0 -0.029 -0.061
38.238 60.00 60.0300 9.0 -0.028 -0.058
38.259 60.00 60.0300 9.0 -0.033 -0.072
38.278 60.00 60.0300 9.0 -0.025 -0.050
38.299 60.00 60.0400 9.0 -0.040 -0.092
38.318 60.00 60.0400 9.0 -0.036 -0.079
38.338 60.00 60.0300 9.0 -0.033 -0.071
38.357 60.00 60.0300 9.0 -0.027 -0.056
38.378 60.00 60.0400 9.0 -0.039 -0.088
38.397 60.00 60.0400 9.0 -0.042 -0.096
38.418 60.00 60.0400 9.0 -0.035 -0.077
38.437 60.00 60.0400 9.0 -0.035 -0.076
38.458 60.00 60.0300 9.0 -0.026 -0.052
38.477 60.00 60.0300 9.0 -0.027 -0.053
38.499 60.00 60.0200 9.0 -0.017 -0.027
38.518 60.00 60.0300 9.0 -0.025 -0.048
38.540 60.00 60.0300 9.0 -0.025 -0.047
38.559 60.00 60.0300 9.0 -0.033 -0.069
38.580 60.00 60.0200 9.0 -0.021 -0.035
38.599 60.00 60.0200 9.0 -0.023 -0.043
38.620 60.00 60.0300 9.0 -0.030 -0.062
38.640 60.00 60.0300 9.0 -0.030 -0.061
38.659 60.00 60.0400 9.0 -0.037 -0.082
38.680 60.00 60.0400 9.0 -0.034 -0.073
38.698 60.00 60.0300 9.0 -0.033 -0.068
38.719 60.00 60.0500 9.0 -0.045 -0.102
38.738 60.00 60.0300 9.0 -0.033 -0.068
38.759 60.00 60.0300 9.0 -0.033 -0.069
38.778 60.00 60.0400 9.0 -0.036 -0.076
38.799 60.00 60.0400 9.0 -0.034 -0.072
38.818 60.00 60.0600 9.0 -0.059 -0.141
38.839 60.00 60.0200 9.0 -0.016 -0.021
38.858 60.00 60.0400 9.0 -0.034 -0.071
38.879 60.00 60.0500 9.0 -0.045 -0.102
38.898 60.00 60.0300 9.0 -0.032 -0.065
38.920 60.00 60.0300 9.0 -0.027 -0.052
38.939 60.00 60.0100 9.0 -0.013 -0.012
38.960 60.00 60.0500 9.0 -0.049 -0.113
38.979 60.00 60.0300 9.0 -0.033 -0.066
39.000 60.00 60.0200 9.0 -0.016 -0.020
39.018 60.00 60.0400 9.0 -0.035 -0.072
39.039 60.00 60.0400 9.0 -0.034 -0.070
39.058 60.00 60.0200 9.0 -0.016 -0.020
39.079 60.00 60.0500 9.0 -0.052 -0.120
39.099 60.00 60.0400 9.0 -0.040 -0.087
39.119 60.00 60.0100 9.0 -0.004 0.015
39.139 60.00 60.0500 9.0 -0.045 -0.100
39.158 60.00 60.0600 9.0 -0.054 -0.125
39.179 60.00 60.0400 9.0 -0.042 -0.090
39.198 60.00 60.0400 9.0 -0.035 -0.072
39.219 60.00 60.0300 9.0 -0.027 -0.048
39.238 60.00 60.0500 9.0 -0.045 -0.098
39.260 60.00 60.0400 9.0 -0.038 -0.079
39.279 60.00 60.0600 9.0 -0.054 -0.125
39.300 60.00 60.0500 9.0 -0.048 -0.108
39.319 60.00 60.0400 9.0 -0.034 -0.068
39.340 60.00 60.0400 9.0 -0.040 -0.085
39.358 60.00 60.0400 9.0 -0.042 -0.089
39.379 60.00 60.0300 9.0 -0.030 -0.057
39.398 60.00 60.0200 9.0 -0.021 -0.029
39.419 60.00 60.0500 9.0 -0.046 -0.099
39.438 60.00 60.0500 9.0 -0.049 -0.108
39.459 60.00 60.0300 9.0 -0.029 -0.052
39.478 60.00 60.0400 9.0 -0.041 -0.086
39.500 60.00 60.0300 9.0 -0.031 -0.059
39.519 60.00 60.0300 9.0 -0.032 -0.060
39.541 60.00 60.0300 9.0 -0.025 -0.040
39.560 60.00 60.0500 9.0 -0.045 -0.096
39.581 60.00 60.0400 9.0 -0.040 -0.083
39.600 60.00 60.0500 9.0 -0.045 -0.095
39.621 60.00 60.0400 9.0 -0.035 -0.067
39.640 60.00 60.0300 9.0 -0.028 -0.050
39.659 60.00 60.0500 9.0 -0.051 -0.112
39.680 60.00 60.0400 9.0 -0.035 -0.067
39.699 60.00 60.0400 9.0 -0.040 -0.083
39.720 60.00 60.0500 9.0 -0.047 -0.101
39.739 60.00 60.0400 9.0 -0.037 -0.073
39.760 60.00 60.0300 9.0 -0.031 -0.057
39.779 60.00 60.0300 9.0 -0.033 -0.060
39.800 60.00 60.0400 9.0 -0.039 -0.079
39.819 60.00 60.0500 9.0 -0.049 -0.107
39.841 60.00 60.0300 9.0 -0.030 -0.052
39.860 60.00 60.0300 9.0 -0.033 -0.059
39.881 60.00 60.0400 9.0 -0.038 -0.074
39.900 60.00 60.0400 9.0 -0.038 -0.075
39.921 60.00 60.0500 9.0 -0.053 -0.117
39.940 60.00 60.0300 9.0 -0.028 -0.046
39.960 60.00 60.0500 9.0 -0.048 -0.101
39.979 60.00 60.0500 9.0 -0.048 -0.103
40.000 60.00 60.0400 9.0 -0.035 -0.066
40.019 60.00 60.0300 9.0 -0.031 -0.054
40.040 60.00 60.0500 9.0 -0.047 -0.097
40.059 60.00 60.0400 9.0 -0.040 -0.080
40.080 60.00 60.0500 9.0 -0.050 -0.107
40.099 60.00 60.0600 9.0 -0.056 -0.122
40.120 60.00 60.0500 9.0 -0.048 -0.101
40.140 60.00 60.0400 9.0 -0.040 -0.078
40.159 60.00 60.0500 9.0 -0.053 -0.115
40.181 60.00 60.0500 9.0 -0.048 -0.101
40.200 60.00 60.0400 9.0 -0.041 -0.080
40.221 60.00 60.0600 9.0 -0.055 -0.119
40.240 60.00 60.0400 9.0 -0.038 -0.071
40.261 60.00 60.0300 9.0 -0.031 -0.053
40.280 60.00 60.0300 9.0 -0.026 -0.038
40.301 60.00 60.0600 9.0 -0.056 -0.120
40.320 60.00 60.0400 9.0 -0.036 -0.066
40.340 60.00 60.0500 9.0 -0.044 -0.088
40.359 60.00 60.0400 9.0 -0.037 -0.067
40.380 60.00 60.0400 9.0 -0.038 -0.071
40.399 60.00 60.0400 9.0 -0.039 -0.074
40.420 60.00 60.0400 9.0 -0.037 -0.068
40.439 60.00 60.0400 9.0 -0.042 -0.080
40.460 60.00 60.0400 9.0 -0.038 -0.070
40.479 60.00 60.0400 9.0 -0.040 -0.076
40.500 60.00 60.0300 9.0 -0.033 -0.055
40.519 60.00 60.0300 9.0 -0.031 -0.050
40.541 60.00 60.0400 9.0 -0.040 -0.076
40.560 60.00 60.0400 9.0 -0.039 -0.073
40.582 60.00 60.0400 9.0 -0.037 -0.065
40.601 60.00 60.0400 9.0 -0.042 -0.080
40.622 60.00 60.0300 9.0 -0.025 -0.031
40.641 60.00 60.0500 9.0 -0.048 -0.098
40.662 60.00 60.0300 9.0 -0.030 -0.046
40.681 60.00 60.0500 9.0 -0.049 -0.098
40.700 60.00 60.0300 9.0 -0.029 -0.044
40.721 60.00 60.0400 9.0 -0.038 -0.069
40.740 60.00 60.0500 9.0 -0.045 -0.088
40.761 60.00 60.0300 9.0 -0.033 -0.053
40.780 60.00 60.0400 9.0 -0.041 -0.076
40.801 60.00 60.0400 9.0 -0.035 -0.060
40.820 60.00 60.0700 9.0 -0.068 -0.151
40.841 60.00 60.0500 9.0 -0.045 -0.087
40.860 60.00 60.0500 9.0 -0.050 -0.100
40.882 60.00 60.0500 9.0 -0.049 -0.099
40.901 60.00 60.0500 9.0 -0.047 -0.091
40.922 60.00 60.0300 9.0 -0.034 -0.054
40.941 60.00 60.0500 9.0 -0.052 -0.107
40.962 60.00 60.0400 9.0 -0.034 -0.055
40.981 60.00 60.0500 9.0 -0.045 -0.086
41.002 60.00 60.0500 9.0 -0.052 -0.105
41.020 60.00 60.0400 9.0 -0.039 -0.068
41.041 60.00 60.0500 9.0 -0.047 -0.090
41.060 60.00 60.0500 9.0 -0.045 -0.085
41.081 60.00 60.0300 9.0 -0.032 -0.048
41.100 60.00 60.0300 9.0 -0.034 -0.053
41.121 60.00 60.0600 9.0 -0.054 -0.111
41.141 60.00 60.0500 9.0 -0.047 -0.090
41.161 60.00 60.0500 9.0 -0.049 -0.096
41.181 60.00 60.0700 9.0 -0.065 -0.140
41.200 60.00 60.0500 9.0 -0.048 -0.093
41.221 60.00 60.0500 9.0 -0.047 -0.088
41.240 60.00 60.0500 9.0 -0.052 -0.104
41.262 60.00 60.0500 9.0 -0.049 -0.095
41.281 60.00 60.0500 9.0 -0.050 -0.098
41.302 60.00 60.0600 9.0 -0.054 -0.109
41.321 60.00 60.0600 9.0 -0.054 -0.109
41.342 60.00 60.0600 9.0 -0.059 -0.121
41.361 60.00 60.0500 9.0 -0.052 -0.102
41.382 60.00 60.0500 9.0 -0.049 -0.092
41.400 60.00 60.0600 9.0 -0.058 -0.117
41.421 60.00 60.0400 9.0 -0.042 -0.073
41.440 60.00 60.0500 9.0 -0.049 -0.092
41.461 60.00 60.0400 9.0 -0.035 -0.052
41.480 60.00 60.0600 9.0 -0.061 -0.125
41.501 60.00 60.0400 9.0 -0.042 -0.074
41.520 60.00 60.0500 9.0 -0.047 -0.087
41.541 60.00 61.1000 9.0 -1.104 -3.045
41.560 60.00 60.0400 9.0 -0.039 -0.057
41.583 60.00 60.0500 9.0 -0.051 -0.090
41.602 60.00 60.0500 9.0 -0.044 -0.070
41.623 60.00 60.0400 9.0 -0.040 -0.060
41.642 60.00 60.0500 9.0 -0.052 -0.093
41.663 60.00 60.0500 9.0 -0.045 -0.071
41.683 60.00 60.0500 9.0 -0.050 -0.086
41.702 60.00 60.0500 9.0 -0.049 -0.084
41.723 60.00 60.0400 9.0 -0.043 -0.067
41.742 60.00 60.0400 9.0 -0.039 -0.056
41.763 60.00 60.0400 9.0 -0.044 -0.068
41.782 60.00 60.0600 9.0 -0.058 -0.107
41.802 60.00 60.0500 9.0 -0.048 -0.081
41.821 60.00 60.0600 9.0 -0.063 -0.121
41.842 60.00 60.0500 9.0 -0.050 -0.085
41.861 60.00 60.0500 9.0 -0.052 -0.090
41.882 60.00 60.0400 9.0 -0.038 -0.052
41.901 60.00 60.0500 9.0 -0.051 -0.087
41.922 60.00 60.0700 9.0 -0.065 -0.127
41.941 60.00 60.0500 9.0 -0.048 -0.078
41.962 60.00 60.0300 9.0 -0.033 -0.036
41.982 60.00 60.0500 9.0 -0.046 -0.073
42.003 60.00 60.0500 9.0 -0.049 -0.082
42.021 60.00 60.0500 9.0 -0.051 -0.087
42.042 60.00 60.0500 9.0 -0.045 -0.069
42.061 60.00 60.0800 9.0 -0.074 -0.152
42.082 60.00 60.0600 9.0 -0.058 -0.105
42.101 60.00 60.0900 9.0 -0.085 -0.181
42.122 60.00 60.0500 9.0 -0.050 -0.084
42.141 60.00 60.0500 9.0 -0.049 -0.081
42.162 60.00 60.0500 9.0 -0.047 -0.073
42.182 60.00 60.0400 9.0 -0.041 -0.057
42.201 60.00 60.0500 9.0 -0.050 -0.083
42.223 60.00 60.0500 9.0 -0.051 -0.086
42.242 60.00 60.0600 9.0 -0.055 -0.096
42.263 60.00 60.0300 9.0 -0.025 -0.012
42.282 60.00 60.0600 9.0 -0.057 -0.103
42.303 60.00 60.0600 9.0 -0.058 -0.105
42.321 60.00 60.0500 9.0 -0.050 -0.081
42.342 60.00 60.0500 9.0 -0.049 -0.080
42.361 60.00 60.0700 9.0 -0.064 -0.122
42.382 60.00 60.0500 9.0 -0.048 -0.077
42.401 60.00 60.0600 9.0 -0.061 -0.113
42.422 60.00 60.0600 9.0 -0.056 -0.096
42.441 60.00 60.0600 9.0 -0.059 -0.105
42.462 60.00 60.0400 9.0 -0.042 -0.058
42.481 60.00 60.0500 9.0 -0.048 -0.076
42.502 60.00 60.0600 9.0 -0.062 -0.114
42.521 60.00 60.0600 9.0 -0.063 -0.116
42.542 60.00 60.0600 9.0 -0.059 -0.105
42.562 60.00 60.0600 9.0 -0.056 -0.097
42.583 60.00 60.0500 9.0 -0.051 -0.083
42.602 60.00 60.0700 9.0 -0.066 -0.123
42.623 60.00 60.0700 9.0 -0.070 -0.136
42.642 60.00 60.0600 9.0 -0.054 -0.090
42.663 60.00 60.0500 9.0 -0.053 -0.088
42.682 60.00 60.0500 9.0 -0.046 -0.066
42.701 60.00 60.0500 9.0 -0.046 -0.068
42.723 60.00 60.0700 9.0 -0.068 -0.129
42.742 60.00 60.0700 9.0 -0.067 -0.126
42.763 60.00 60.0600 9.0 -0.060 -0.105
42.782 60.00 60.0600 9.0 -0.059 -0.102
42.803 60.00 60.0600 9.0 -0.054 -0.090
42.822 60.00 60.0500 9.0 -0.047 -0.069
42.843 60.00 60.0400 9.0 -0.039 -0.046
42.862 60.00 60.0600 9.0 -0.059 -0.102
42.884 60.00 60.0700 9.0 -0.064 -0.116
42.903 60.00 60.0600 9.0 -0.062 -0.110
42.924 60.00 60.0600 9.0 -0.058 -0.098
42.943 60.00 60.0600 9.0 -0.060 -0.105
42.964 60.00 60.0600 9.0 -0.055 -0.090
42.983 60.00 60.0700 9.0 -0.064 -0.116
43.003 60.00 60.0500 9.0 -0.053 -0.086
43.022 60.00 60.0600 9.0 -0.056 -0.093
43.043 60.00 60.0800 9.0 -0.078 -0.155
43.062 60.00 60.0600 9.0 -0.061 -0.106
43.083 60.00 60.0500 9.0 -0.048 -0.071
43.102 60.00 60.0700 9.0 -0.066 -0.119
43.123 60.00 60.0500 9.0 -0.052 -0.081
43.142 60.00 60.0500 9.0 -0.045 -0.060
43.163 60.00 60.0500 9.0 -0.051 -0.078
43.183 60.00 60.0600 9.0 -0.060 -0.102
43.204 60.00 60.0700 9.0 -0.065 -0.117
43.224 60.00 60.0900 9.0 -0.091 -0.190
43.243 60.00 60.0600 9.0 -0.056 -0.092
43.264 60.00 60.0700 9.0 -0.066 -0.118
43.283 60.00 60.0600 9.0 -0.055 -0.087
43.304 60.00 60.0600 9.0 -0.060 -0.102
43.322 60.00 60.0600 9.0 -0.058 -0.097
43.343 60.00 60.0700 9.0 -0.070 -0.130
43.362 60.00 60.0700 9.0 -0.066 -0.118
43.383 60.00 60.0700 9.0 -0.068 -0.122
43.402 60.00 60.0700 9.0 -0.070 -0.129
43.423 60.00 60.0700 9.0 -0.064 -0.113
43.442 60.00 60.0600 9.0 -0.060 -0.100
43.464 60.00 60.0700 9.0 -0.064 -0.113
43.483 60.00 60.0400 9.0 -0.044 -0.054
43.504 60.00 60.0700 9.0 -0.065 -0.114
43.523 60.00 60.0500 9.0 -0.049 -0.070
43.544 60.00 60.0600 9.0 -0.062 -0.105
43.563 60.00 60.0900 9.0 -0.086 -0.173
43.584 60.00 60.0500 9.0 -0.052 -0.078
43.602 60.00 60.0700 9.0 -0.064 -0.111
43.623 60.00 60.0600 9.0 -0.060 -0.099
43.642 60.00 60.0700 9.0 -0.069 -0.124
43.663 60.00 60.0700 9.0 -0.068 -0.121
43.683 60.00 60.0700 9.0 -0.070 -0.126
43.703 60.00 60.0700 9.0 -0.067 -0.116
43.723 60.00 60.0700 9.0 -0.070 -0.126
43.742 60.00 60.0500 9.0 -0.052 -0.075
43.764 60.00 60.0600 9.0 -0.061 -0.099
43.784 60.00 60.0700 9.0 -0.069 -0.122
43.805 60.00 60.0500 9.0 -0.049 -0.065
43.824 60.00 60.0700 9.0 -0.068 -0.120
43.845 60.00 60.0700 9.0 -0.066 -0.112
43.864 60.00 60.0700 9.0 -0.064 -0.109
43.885 60.00 60.0600 9.0 -0.063 -0.106
43.904 60.00 59.5100 9.0 0.492 1.450
43.924 60.00 60.0700 9.0 -0.067 -0.120
43.943 60.00 60.0800 9.0 -0.080 -0.156
43.964 60.00 60.0600 9.0 -0.062 -0.105
43.983 60.00 60.0600 9.0 -0.059 -0.096
44.004 60.00 60.0700 9.0 -0.068 -0.122
44.023 60.00 60.0700 9.0 -0.067 -0.119
44.044 60.00 60.0600 9.0 -0.060 -0.099
44.063 60.00 60.0600 9.0 -0.058 -0.094
44.085 60.00 60.0600 9.0 -0.061 -0.102
44.104 60.00 60.0600 9.0 -0.055 -0.084
44.125 60.00 60.0700 9.0 -0.066 -0.115
44.144 60.00 60.0700 9.0 -0.072 -0.131
44.165 60.00 60.0700 9.0 -0.065 -0.112
44.184 60.00 60.0600 9.0 -0.058 -0.093
44.205 60.00 60.0700 9.0 -0.071 -0.127
44.224 60.00 60.0800 9.0 -0.075 -0.139
44.244 60.00 60.0800 9.0 -0.083 -0.161
44.264 60.00 60.0700 9.0 -0.071 -0.127
44.283 60.00 60.0700 9.0 -0.065 -0.110
44.304 60.00 60.0800 9.0 -0.077 -0.143
44.323 60.00 60.0700 9.0 -0.069 -0.120
44.344 60.00 60.0700 9.0 -0.070 -0.123
44.363 60.00 60.0700 9.0 -0.070 -0.123
44.384 60.00 60.0700 9.0 -0.070 -0.124
44.403 60.00 60.0800 9.0 -0.074 -0.134
44.424 60.00 60.0600 9.0 -0.054 -0.079
44.443 60.00 60.0600 9.0 -0.058 -0.088
44.465 60.00 60.0600 9.0 -0.058 -0.090
44.484 60.00 60.0600 9.0 -0.060 -0.094
44.505 60.00 60.0900 9.0 -0.088 -0.172
44.524 60.00 60.0600 9.0 -0.058 -0.089
44.545 60.00 60.0300 9.0 -0.033 -0.017
44.564 60.00 60.0700 9.0 -0.067 -0.112
44.585 60.00 60.0700 9.0 -0.073 -0.131
44.603 60.00 60.0600 9.0 -0.055 -0.079
44.624 60.00 60.0700 9.0 -0.067 -0.112
44.643 60.00 60.0700 9.0 -0.068 -0.115
44.664 60.00 60.0700 9.0 -0.072 -0.126
44.683 60.00 60.0700 9.0 -0.070 -0.120
44.704 60.00 60.0700 9.0 -0.073 -0.130
44.724 60.00 60.0700 9.0 -0.072 -0.127
44.744 60.00 60.0800 9.0 -0.080 -0.149
44.764 60.00 59.9900 9.0 0.007 0.095
44.785 60.00 60.0800 9.0 -0.078 -0.142
44.806 60.00 60.0700 9.0 -0.066 -0.108
44.825 60.00 60.0100 9.0 -0.013 0.041
44.846 60.00 60.0900 9.0 -0.087 -0.168
44.865 60.00 60.0800 9.0 -0.082 -0.154
44.886 60.00 60.0800 9.0 -0.081 -0.150
44.904 60.00 60.0700 9.0 -0.068 -0.113
44.925 60.00 60.0800 9.0 -0.081 -0.149
44.944 60.00 60.0700 9.0 -0.072 -0.125
44.965 60.00 60.0700 9.0 -0.072 -0.124
44.984 60.00 60.0700 9.0 -0.071 -0.122
45.005 60.00 60.0700 9.0 -0.066 -0.106
45.024 60.00 60.0600 9.0 -0.063 -0.098
45.045 60.00 60.0800 9.0 -0.074 -0.129
45.065 60.00 60.0600 9.0 -0.058 -0.083
45.086 60.00 60.0700 9.0 -0.071 -0.119
45.105 60.00 60.0800 9.0 -0.077 -0.136
45.126 60.00 60.0800 9.0 -0.080 -0.145
45.145 60.00 60.0800 9.0 -0.081 -0.148
45.166 60.00 60.0800 9.0 -0.077 -0.136
45.184 60.00 60.0800 9.0 -0.081 -0.148
45.205 60.00 60.0900 9.0 -0.085 -0.159
45.224 60.00 60.0700 9.0 -0.073 -0.124
45.245 60.00 60.0900 9.0 -0.090 -0.170
45.265 60.00 60.0800 9.0 -0.077 -0.134
45.284 60.00 60.0700 9.0 -0.070 -0.116
45.305 60.00 60.0800 9.0 -0.076 -0.130
45.324 60.00 60.0900 9.0 -0.085 -0.157
45.345 60.00 60.0800 9.0 -0.078 -0.136
45.364 60.00 60.0700 9.0 -0.073 -0.122
45.385 60.00 60.0700 9.0 -0.070 -0.114
45.404 60.00 60.0800 9.0 -0.076 -0.131
45.426 60.00 60.0800 9.0 -0.083 -0.150
45.445 60.00 60.0800 9.0 -0.080 -0.141
45.466 60.00 60.0700 9.0 -0.072 -0.119
45.485 60.00 60.0800 9.0 -0.076 -0.128
45.506 60.00 60.0900 9.0 -0.084 -0.153
45.524 60.00 60.0700 9.0 -0.072 -0.119
45.545 60.00 60.0600 9.0 -0.063 -0.091
45.564 60.00 60.0800 9.0 -0.074 -0.124
45.585 60.00 60.0800 9.0 -0.081 -0.142
45.604 60.00 60.8200 9.0 -0.823 -2.220
45.625 60.00 60.0700 9.0 -0.070 -0.106
45.644 60.00 60.0800 9.0 -0.081 -0.136
45.665 60.00 60.0800 9.0 -0.078 -0.127
45.684 60.00 60.0700 9.0 -0.071 -0.109
45.705 60.00 60.0600 9.0 -0.059 -0.075
45.725 60.00 60.0700 9.0 -0.069 -0.103
45.746 60.00 60.0800 9.0 -0.076 -0.121
45.766 60.00 60.0600 9.0 -0.063 -0.084
45.785 60.00 60.0900 9.0 -0.084 -0.144
45.807 60.00 60.0800 9.0 -0.079 -0.129
45.825 60.00 60.0700 9.0 -0.066 -0.092
45.846 60.00 60.0800 9.0 -0.078 -0.126
45.865 60.00 60.0700 9.0 -0.073 -0.114
45.886 60.00 60.0600 9.0 -0.058 -0.069
45.905 60.00 60.0700 9.0 -0.073 -0.112
45.926 60.00 60.0800 9.0 -0.083 -0.140
45.945 60.00 60.0800 9.0 -0.082 -0.138
45.966 60.00 60.0700 9.0 -0.072 -0.108
45.985 60.00 60.0700 9.0 -0.072 -0.109
46.006 60.00 60.0900 9.0 -0.086 -0.149
46.026 60.00 60.0800 9.0 -0.082 -0.137
46.047 60.00 60.0900 9.0 -0.092 -0.163
46.066 60.00 60.0700 9.0 -0.067 -0.093
46.087 60.00 60.0700 9.0 -0.066 -0.091
46.106 60.00 60.0900 9.0 -0.091 -0.162
46.127 60.00 60.0800 9.0 -0.078 -0.125
46.145 60.00 60.0900 9.0 -0.085 -0.145
46.166 60.00 60.0800 9.0 -0.077 -0.121
46.185 60.00 60.0900 9.0 -0.088 -0.150
46.206 60.00 60.0800 9.0 -0.080 -0.129
46.225 60.00 60.0800 9.0 -0.074 -0.113
46.246 60.00 60.0800 9.0 -0.081 -0.132
46.266 60.00 60.0900 9.0 -0.089 -0.152
46.286 60.00 60.0800 9.0 -0.079 -0.126
46.306 60.00 60.0900 9.0 -0.084 -0.139
46.325 60.00 60.0900 9.0 -0.091 -0.157
46.347 60.00 60.0800 9.0 -0.080 -0.128
46.366 60.00 60.0900 9.0 -0.085 -0.142
46.387 60.00 60.0700 9.0 -0.070 -0.099
46.406 60.00 60.0900 9.0 -0.090 -0.154
46.427 60.00 60.1000 9.0 -0.100 -0.183
46.446 60.00 60.1000 9.0 -0.095 -0.168
46.466 60.00 60.0900 9.0 -0.086 -0.143
46.485 60.00 60.0700 9.0 -0.071 -0.100
46.506 60.00 60.0700 9.0 -0.071 -0.099
46.525 60.00 60.0800 9.0 -0.078 -0.120
46.546 60.00 60.0900 9.0 -0.084 -0.136
46.565 60.00 60.1000 9.0 -0.095 -0.168
46.586 60.00 60.1000 9.0 -0.094 -0.165
46.605 60.00 60.0800 9.0 -0.079 -0.121
46.626 60.00 60.0900 9.0 -0.089 -0.150
46.645 60.00 60.0700 9.0 -0.073 -0.104
46.666 60.00 60.0800 9.0 -0.078 -0.119
46.685 60.00 60.1000 9.0 -0.098 -0.173
46.707 60.00 60.0800 9.0 -0.079 -0.121
46.726 60.00 60.0900 9.0 -0.091 -0.153
46.747 60.00 60.0800 9.0 -0.075 -0.109
46.766 60.00 60.0700 9.0 -0.072 -0.101
46.787 60.00 60.1000 9.0 -0.095 -0.166
46.807 60.00 60.0900 9.0 -0.091 -0.152
46.826 60.00 60.0700 9.0 -0.068 -0.088
46.848 60.00 60.0600 9.0 -0.063 -0.074
46.866 60.00 60.0900 9.0 -0.089 -0.146
46.887 60.00 60.0900 9.0 -0.091 -0.151
46.906 60.00 60.1000 9.0 -0.094 -0.162
46.927 60.00 60.0800 9.0 -0.074 -0.104
46.946 60.00 60.0700 9.0 -0.068 -0.087
46.967 60.00 60.0900 9.0 -0.085 -0.137
46.986 60.00 60.0900 9.0 -0.088 -0.144
47.008 60.00 60.0900 9.0 -0.090 -0.148
47.027 60.00 60.0900 9.0 -0.086 -0.137
47.048 60.00 60.0900 9.0 -0.092 -0.153
47.067 60.00 60.0900 9.0 -0.086 -0.138
47.088 60.00 60.0600 9.0 -0.061 -0.068
47.107 60.00 60.1000 9.0 -0.103 -0.185
47.128 60.00 60.0900 9.0 -0.093 -0.155
47.147 60.00 60.0900 9.0 -0.091 -0.151
47.168 60.00 60.0300 9.0 -0.033 0.014
47.186 60.00 60.0900 9.0 -0.092 -0.154
47.207 60.00 60.0900 9.0 -0.085 -0.133
47.226 60.00 60.1000 9.0 -0.100 -0.174
47.248 60.00 60.0800 9.0 -0.077 -0.110
47.267 60.00 60.0800 9.0 -0.079 -0.115
47.288 60.00 60.1000 9.0 -0.094 -0.157
47.308 60.00 60.0800 9.0 -0.082 -0.124
47.327 60.00 60.0900 9.0 -0.091 -0.150
47.348 60.00 60.0900 9.0 -0.092 -0.152
47.366 60.00 60.1100 9.0 -0.106 -0.190
47.387 60.00 60.0900 9.0 -0.090 -0.144
47.406 60.00 60.0900 9.0 -0.087 -0.137
47.427 60.00 60.0800 9.0 -0.083 -0.126
47.446 60.00 60.0900 9.0 -0.087 -0.136
47.467 60.00 60.1000 9.0 -0.104 -0.183
47.486 60.00 60.0900 9.0 -0.093 -0.152
47.507 60.00 60.0900 9.0 -0.088 -0.138
47.526 60.00 60.1000 9.0 -0.095 -0.157
47.547 60.00 60.0900 9.0 -0.085 -0.129
47.566 60.00 60.0800 9.0 -0.082 -0.121
47.588 60.00 60.1100 9.0 -0.106 -0.189
47.607 60.00 60.0900 9.0 -0.089 -0.140
47.628 60.00 60.1000 9.0 -0.104 -0.181
47.647 60.00 60.0900 9.0 -0.084 -0.126
47.668 60.00 60.1000 9.0 -0.097 -0.161
47.687 60.00 60.0900 9.0 -0.092 -0.148
47.707 60.00 60.0900 9.0 -0.090 -0.140
47.726 60.00 60.1000 9.0 -0.096 -0.158
47.747 60.00 60.0900 9.0 -0.084 -0.124
47.766 60.00 60.1100 9.0 -0.112 -0.201
47.787 60.00 60.1000 9.0 -0.100 -0.167
47.807 60.00 60.1000 9.0 -0.101 -0.172
47.826 60.00 60.0900 9.0 -0.090 -0.139
47.848 60.00 60.0900 9.0 -0.090 -0.140
47.867 60.00 60.1100 9.0 -0.105 -0.181
47.889 60.00 60.0900 9.0 -0.089 -0.135
47.908 60.00 60.1000 9.0 -0.100 -0.166
47.929 60.00 60.0900 9.0 -0.091 -0.142
47.948 60.00 60.0900 9.0 -0.087 -0.130
47.969 60.00 60.0800 9.0 -0.074 -0.093
47.988 60.00 60.0900 9.0 -0.092 -0.145
48.009 60.00 60.1000 9.0 -0.095 -0.153
48.027 60.00 60.0900 9.0 -0.087 -0.130
48.048 60.00 60.0900 9.0 -0.087 -0.130
48.067 60.00 60.0900 9.0 -0.093 -0.147
48.088 60.00 60.0800 9.0 -0.081 -0.111
48.107 60.00 60.0800 9.0 -0.080 -0.109
48.128 60.00 60.1200 9.0 -0.119 -0.218
48.147 60.00 60.1000 9.0 -0.098 -0.158
48.168 60.00 60.1000 9.0 -0.101 -0.168
48.188 60.00 60.0900 9.0 -0.092 -0.141
48.209 60.00 60.0900 9.0 -0.085 -0.123
48.228 60.00 60.0800 9.0 -0.080 -0.107
48.249 60.00 60.0900 9.0 -0.090 -0.136
48.268 60.00 60.0900 9.0 -0.093 -0.145
48.289 60.00 60.0800 9.0 -0.075 -0.094
48.308 60.00 60.0900 9.0 -0.089 -0.133
48.329 60.00 60.1000 9.0 -0.095 -0.149
48.348 60.00 60.1000 9.0 -0.094 -0.145
48.367 60.00 60.0900 9.0 -0.091 -0.138
48.388 60.00 60.1100 9.0 -0.110 -0.190
48.407 60.00 60.0900 9.0 -0.089 -0.130
48.428 60.00 60.0800 9.0 -0.082 -0.112
48.447 60.00 60.0900 9.0 -0.091 -0.138
48.468 60.00 60.0900 9.0 -0.092 -0.138
48.487 60.00 60.1100 9.0 -0.110 -0.189
48.508 60.00 60.0700 9.0 -0.072 -0.082
48.527 60.00 60.1000 9.0 -0.095 -0.147
48.548 60.00 60.0900 9.0 -0.088 -0.128
48.567 60.00 60.1000 9.0 -0.094 -0.145
48.589 60.00 60.1000 9.0 -0.096 -0.150
48.608 60.00 60.1000 9.0 -0.104 -0.171
48.629 60.00 60.0700 9.0 -0.070 -0.077
48.648 60.00 60.0900 9.0 -0.088 -0.127
48.669 60.00 60.1100 9.0 -0.107 -0.179
48.688 60.00 60.0900 9.0 -0.090 -0.132
48.708 60.00 60.1000 9.0 -0.099 -0.157
48.727 60.00 60.1000 9.0 -0.104 -0.170
48.748 60.00 60.1000 9.0 -0.097 -0.150
48.767 60.00 60.0900 9.0 -0.090 -0.129
48.788 60.00 60.1000 9.0 -0.101 -0.161
48.808 60.00 60.0900 9.0 -0.091 -0.132
48.828 60.00 60.1000 9.0 -0.096 -0.147
48.848 60.00 60.1000 9.0 -0.097 -0.149
48.867 60.00 60.1000 9.0 -0.098 -0.152
48.889 60.00 60.0800 9.0 -0.081 -0.104
48.909 60.00 60.1100 9.0 -0.112 -0.191
48.930 60.00 60.1000 9.0 -0.101 -0.161
48.949 60.00 60.1000 9.0 -0.097 -0.148
48.970 60.00 60.1000 9.0 -0.095 -0.144
48.989 60.00 60.1000 9.0 -0.103 -0.166
49.010 60.00 60.1100 9.0 -0.112 -0.189
49.029 60.00 60.1000 9.0 -0.094 -0.138
49.050 60.00 60.1100 9.0 -0.104 -0.168
49.068 60.00 60.0800 9.0 -0.083 -0.109
49.089 60.00 60.1000 9.0 -0.096 -0.144
49.108 60.00 60.1000 9.0 -0.095 -0.142
49.129 60.00 60.1000 9.0 -0.097 -0.146
49.148 60.00 60.0900 9.0 -0.091 -0.131
49.169 60.00 60.1000 9.0 -0.100 -0.155
49.188 60.00 60.0900 9.0 -0.092 -0.131
49.209 60.00 60.0900 9.0 -0.093 -0.134
49.228 60.00 60.0900 9.0 -0.093 -0.136
49.249 60.00 60.0900 9.0 -0.085 -0.113
49.269 60.00 60.1100 9.0 -0.110 -0.182
49.290 60.00 60.1000 9.0 -0.094 -0.138
49.309 60.00 60.1100 9.0 -0.105 -0.167
49.330 60.00 60.1000 9.0 -0.095 -0.140
49.349 60.00 60.1000 9.0 -0.103 -0.162
49.369 60.00 60.0900 9.0 -0.092 -0.131
49.389 60.00 60.1000 9.0 -0.102 -0.157
49.408 60.00 60.1100 9.0 -0.105 -0.167
49.429 60.00 60.1000 9.0 -0.097 -0.143
49.448 60.00 60.1100 9.0 -0.109 -0.177
49.469 60.00 60.1100 9.0 -0.108 -0.174
49.488 60.00 60.1000 9.0 -0.096 -0.140
49.509 60.00 60.1100 9.0 -0.105 -0.165
49.528 60.00 60.1100 9.0 -0.106 -0.168
49.549 60.00 60.1000 9.0 -0.102 -0.156
49.569 60.00 60.1100 9.0 -0.110 -0.177
49.590 60.00 60.1200 9.0 -0.120 -0.208
49.609 60.00 60.1100 9.0 -0.114 -0.188
49.630 60.00 60.1000 9.0 -0.103 -0.157
49.649 60.00 60.1000 9.0 -0.104 -0.160
49.670 60.00 60.1000 9.0 -0.102 -0.155
49.688 60.00 60.1100 9.0 -0.105 -0.163
49.709 60.00 60.1000 9.0 -0.096 -0.139
49.728 60.00 60.1000 9.0 -0.100 -0.149
49.749 60.00 60.1000 9.0 -0.097 -0.140
49.768 60.00 60.0900 9.0 -0.092 -0.127
49.789 60.00 60.1000 9.0 -0.100 -0.147
49.808 60.00 60.1000 9.0 -0.104 -0.158
49.829 60.00 60.1100 9.0 -0.112 -0.180
49.849 60.00 60.1200 9.0 -0.116 -0.193
49.869 60.00 60.1000 9.0 -0.102 -0.153
49.890 60.00 60.1000 9.0 -0.100 -0.146
49.910 60.00 60.1100 9.0 -0.111 -0.176
49.931 60.00 60.1000 9.0 -0.101 -0.149
49.950 60.00 60.0600 9.0 -0.063 -0.042
49.971 60.00 60.5100 9.0 -0.509 -1.291
49.989 60.00 60.1300 9.0 -0.124 -0.211
50.010 60.00 60.1200 9.0 -0.122 -0.203
50.029 60.00 60.1000 9.0 -0.098 -0.138
50.050 60.00 60.1100 9.0 -0.113 -0.179
50.069 60.00 60.0900 9.0 -0.093 -0.122
50.090 60.00 60.1200 9.0 -0.117 -0.191
50.109 60.00 60.0800 9.0 -0.082 -0.092
50.130 60.00 60.1000 9.0 -0.103 -0.151
50.149 60.00 60.1000 9.0 -0.102 -0.146
50.170 60.00 60.1100 9.0 -0.107 -0.160
50.189 60.00 60.1100 9.0 -0.113 -0.176
50.210 60.00 60.1100 9.0 -0.110 -0.168
50.230 60.00 60.0600 9.0 -0.056 -0.019
50.251 60.00 60.1000 9.0 -0.103 -0.150
50.270 60.00 60.1100 9.0 -0.112 -0.173
50.291 60.00 60.1000 9.0 -0.095 -0.127
50.310 60.00 60.1100 9.0 -0.106 -0.158
50.331 60.00 60.1000 9.0 -0.102 -0.146
50.349 60.00 60.1100 9.0 -0.105 -0.155
50.370 60.00 60.0900 9.0 -0.089 -0.109
50.390 60.00 60.1100 9.0 -0.112 -0.172
50.409 60.00 60.1100 9.0 -0.107 -0.160
50.430 60.00 60.1200 9.0 -0.122 -0.201
50.449 60.00 60.1100 9.0 -0.104 -0.150
50.470 60.00 60.0900 9.0 -0.091 -0.114
50.489 60.00 60.1200 9.0 -0.116 -0.183
50.510 60.00 60.1100 9.0 -0.109 -0.162
50.529 60.00 60.1000 9.0 -0.100 -0.138
50.551 60.00 60.1100 9.0 -0.113 -0.175
50.570 60.00 60.1100 9.0 -0.112 -0.170
50.591 60.00 60.0800 9.0 -0.075 -0.068
50.610 60.00 60.1100 9.0 -0.114 -0.176
50.631 60.00 60.1100 9.0 -0.113 -0.173
50.650 60.00 60.1200 9.0 -0.115 -0.180
50.671 60.00 60.1200 9.0 -0.122 -0.198
50.689 60.00 60.1000 9.0 -0.101 -0.140
50.710 60.00 60.1100 9.0 -0.107 -0.157
50.729 60.00 60.1200 9.0 -0.120 -0.192
50.750 60.00 60.1100 9.0 -0.110 -0.162
50.769 60.00 60.1100 9.0 -0.112 -0.168
50.790 60.00 60.1200 9.0 -0.116 -0.180
50.809 60.00 60.1100 9.0 -0.108 -0.157
50.830 60.00 60.1100 9.0 -0.111 -0.164
50.849 60.00 60.1200 9.0 -0.120 -0.192
50.870 60.00 60.1300 9.0 -0.133 -0.228
50.890 60.00 60.1100 9.0 -0.113 -0.171
50.909 60.00 60.1100 9.0 -0.107 -0.153
50.932 60.00 60.1000 9.0 -0.097 -0.125
50.951 60.00 60.1200 9.0 -0.123 -0.197
50.972 60.00 60.1000 9.0 -0.098 -0.127
50.991 60.00 60.1100 9.0 -0.110 -0.160
51.012 60.00 60.1200 9.0 -0.115 -0.175
51.030 60.00 60.1200 9.0 -0.118 -0.183
51.051 60.00 60.1200 9.0 -0.116 -0.177
51.070 60.00 60.1100 9.0 -0.109 -0.157
51.091 60.00 60.1000 9.0 -0.103 -0.141
51.110 60.00 60.1200 9.0 -0.117 -0.180
51.131 60.00 60.1100 9.0 -0.104 -0.143
51.150 60.00 60.0900 9.0 -0.091 -0.107
51.171 60.00 60.0800 9.0 -0.083 -0.083
51.190 60.00 60.1100 9.0 -0.110 -0.159
51.211 60.00 60.1200 9.0 -0.117 -0.178
51.230 60.00 60.1100 9.0 -0.110 -0.158
51.251 60.00 60.1200 9.0 -0.115 -0.172
51.271 60.00 60.1200 9.0 -0.118 -0.180
51.292 60.00 60.1100 9.0 -0.111 -0.161
51.311 60.00 60.1100 9.0 -0.110 -0.158
51.332 60.00 60.1200 9.0 -0.118 -0.181
51.351 60.00 60.1100 9.0 -0.110 -0.157
51.372 60.00 60.1100 9.0 -0.113 -0.166
51.391 60.00 60.1100 9.0 -0.108 -0.151
51.412 60.00 60.1000 9.0 -0.100 -0.129
51.432 60.00 60.1300 9.0 -0.126 -0.202
51.450 60.00 60.1200 9.0 -0.119 -0.182
51.471 60.00 60.1100 9.0 -0.113 -0.165
51.490 60.00 60.1100 9.0 -0.113 -0.165
51.511 60.00 60.1200 9.0 -0.116 -0.174
51.530 60.00 60.1100 9.0 -0.109 -0.153
51.551 60.00 60.1100 9.0 -0.112 -0.160
51.570 60.00 60.1200 9.0 -0.123 -0.190
51.591 60.00 60.1200 9.0 -0.121 -0.186
51.610 60.00 60.1200 9.0 -0.120 -0.184
51.631 60.00 60.1100 9.0 -0.113 -0.162
51.651 60.00 60.1300 9.0 -0.126 -0.198
51.672 60.00 60.1100 9.0 -0.104 -0.138
51.691 60.00 60.1100 9.0 -0.112 -0.159
51.712 60.00 60.1200 9.0 -0.120 -0.182
51.731 60.00 60.1300 9.0 -0.124 -0.193
51.752 60.00 60.1300 9.0 -0.131 -0.212
51.771 60.00 60.1300 9.0 -0.131 -0.210
51.792 60.00 60.1100 9.0 -0.114 -0.163
51.810 60.00 60.1200 9.0 -0.123 -0.187
51.831 60.00 60.1200 9.0 -0.118 -0.175
51.850 60.00 60.1200 9.0 -0.123 -0.189
51.871 60.00 60.1100 9.0 -0.111 -0.153
51.891 60.00 60.1100 9.0 -0.114 -0.161
51.911 60.00 60.1200 9.0 -0.116 -0.168
51.931 60.00 60.1100 9.0 -0.105 -0.136
51.950 60.00 60.1200 9.0 -0.116 -0.167
51.972 60.00 60.1200 9.0 -0.122 -0.184
51.991 60.00 60.1300 9.0 -0.133 -0.213
52.013 60.00 60.1200 9.0 -0.122 -0.184
52.032 60.00 60.1100 9.0 -0.105 -0.137
52.053 60.00 60.1100 9.0 -0.107 -0.142
52.072 60.00 60.1100 9.0 -0.111 -0.152
52.093 60.00 60.1200 9.0 -0.122 -0.183
52.111 60.00 60.1100 9.0 -0.109 -0.145
52.132 60.00 60.1300 9.0 -0.125 -0.190
52.151 60.00 60.1000 9.0 -0.104 -0.131
52.172 60.00 60.1100 9.0 -0.114 -0.159
52.191 60.00 60.1300 9.0 -0.125 -0.189
52.212 60.00 60.1300 9.0 -0.132 -0.210
52.231 60.00 60.1300 9.0 -0.129 -0.201
52.252 60.00 60.1200 9.0 -0.121 -0.179
52.271 60.00 60.1100 9.0 -0.110 -0.146
52.292 60.00 60.1300 9.0 -0.125 -0.188
52.311 60.00 60.1200 9.0 -0.115 -0.161
52.332 60.00 60.1200 9.0 -0.122 -0.181
52.351 60.00 60.1000 9.0 -0.098 -0.114
52.373 60.00 60.1200 9.0 -0.116 -0.164
52.392 60.00 60.1300 9.0 -0.131 -0.204
52.413 60.00 60.1100 9.0 -0.111 -0.149
52.433 60.00 60.1200 9.0 -0.116 -0.164
52.452 60.00 60.1400 9.0 -0.141 -0.232
52.473 60.00 60.1300 9.0 -0.129 -0.198
52.491 60.00 60.1500 9.0 -0.144 -0.241
52.512 60.00 60.1300 9.0 -0.127 -0.193
52.531 60.00 60.1200 9.0 -0.116 -0.161
52.552 60.00 60.1300 9.0 -0.124 -0.184
52.572 60.00 60.1200 9.0 -0.119 -0.169
52.593 60.00 60.1300 9.0 -0.130 -0.199
52.612 60.00 60.1200 9.0 -0.120 -0.171
52.633 60.00 60.1200 9.0 -0.118 -0.167
52.652 60.00 60.1200 9.0 -0.117 -0.164
52.673 60.00 60.1200 9.0 -0.121 -0.174
52.691 60.00 60.1500 9.0 -0.145 -0.240
52.712 60.00 60.1200 9.0 -0.114 -0.154
52.731 60.00 60.1300 9.0 -0.125 -0.183
52.752 60.00 60.1300 9.0 -0.130 -0.198
52.771 60.00 60.1300 9.0 -0.129 -0.196
52.792 60.00 60.1100 9.0 -0.113 -0.150
52.811 60.00 60.1300 9.0 -0.132 -0.203
52.832 60.00 60.1200 9.0 -0.119 -0.166
52.851 60.00 60.1400 9.0 -0.135 -0.210
52.872 60.00 60.1300 9.0 -0.128 -0.190
52.891 60.00 60.1200 9.0 -0.120 -0.169
52.913 60.00 60.1300 9.0 -0.133 -0.204
52.933 60.00 60.1300 9.0 -0.128 -0.191
52.952 60.00 60.1200 9.0 -0.123 -0.176
52.974 60.00 60.1100 9.0 -0.114 -0.149
52.993 60.00 60.1200 9.0 -0.118 -0.162
53.014 60.00 60.1200 9.0 -0.122 -0.171
53.033 60.00 60.1100 9.0 -0.111 -0.142
53.053 60.00 60.1200 9.0 -0.122 -0.171
53.072 60.00 60.1200 9.0 -0.121 -0.169
53.093 60.00 60.1300 9.0 -0.129 -0.192
53.112 60.00 60.1300 9.0 -0.131 -0.195
53.133 60.00 60.1400 9.0 -0.143 -0.231
53.152 60.00 60.1400 9.0 -0.134 -0.204
53.173 60.00 60.1200 9.0 -0.123 -0.174
53.192 60.00 60.1200 9.0 -0.120 -0.165
53.213 60.00 60.1200 9.0 -0.123 -0.172
53.232 60.00 60.1300 9.0 -0.131 -0.195
53.253 60.00 60.1300 9.0 -0.132 -0.198
53.272 60.00 60.1000 9.0 -0.104 -0.118
53.294 60.00 60.1200 9.0 -0.116 -0.154
53.313 60.00 60.1500 9.0 -0.149 -0.244
53.334 60.00 60.1200 9.0 -0.123 -0.172
53.353 60.00 60.1200 9.0 -0.123 -0.172
53.374 60.00 60.1400 9.0 -0.136 -0.208
53.393 60.00 60.1300 9.0 -0.131 -0.194
53.413 60.00 60.1200 9.0 -0.115 -0.149
53.433 60.00 60.1300 9.0 -0.127 -0.183
53.453 60.00 60.1300 9.0 -0.129 -0.187
53.473 60.00 60.1200 9.0 -0.121 -0.165
53.492 60.00 60.1400 9.0 -0.137 -0.209
53.513 60.00 60.1200 9.0 -0.122 -0.167
53.532 60.00 60.1300 9.0 -0.133 -0.196
53.553 60.00 60.1200 9.0 -0.120 -0.162
53.572 60.00 60.1300 9.0 -0.133 -0.196
53.593 60.00 60.1200 9.0 -0.123 -0.168
53.612 60.00 60.1400 9.0 -0.136 -0.204
53.634 60.00 60.1300 9.0 -0.133 -0.198
53.652 60.00 60.1300 9.0 -0.129 -0.185
53.674 60.00 60.1500 9.0 -0.145 -0.229
53.693 60.00 60.1300 9.0 -0.126 -0.177
53.714 60.00 60.1400 9.0 -0.143 -0.223
53.733 60.00 60.1400 9.0 -0.135 -0.200
53.754 60.00 60.1200 9.0 -0.122 -0.164
53.773 60.00 60.1400 9.0 -0.136 -0.203
53.794 60.00 60.1400 9.0 -0.137 -0.206
53.812 60.00 60.1400 9.0 -0.137 -0.206
53.833 60.00 60.1500 9.0 -0.148 -0.235
53.852 60.00 60.1300 9.0 -0.125 -0.172
53.873 60.00 60.1300 9.0 -0.129 -0.183
53.892 60.00 60.1400 9.0 -0.137 -0.204
53.913 60.00 60.1400 9.0 -0.137 -0.204
53.933 60.00 60.1300 9.0 -0.132 -0.190
53.953 60.00 60.1300 9.0 -0.133 -0.192
53.974 60.00 60.1300 9.0 -0.127 -0.176
53.993 60.00 60.1500 9.0 -0.145 -0.225
54.015 60.00 60.1500 9.0 -0.147 -0.231
54.034 60.00 60.1300 9.0 -0.133 -0.190
54.055 60.00 60.1400 9.0 -0.139 -0.207
54.073 60.00 60.1200 9.0 -0.119 -0.152
54.094 60.00 60.1400 9.0 -0.141 -0.213
54.113 60.00 60.1400 9.0 -0.139 -0.208
54.134 60.00 60.1400 9.0 -0.134 -0.193
54.153 60.00 60.1400 9.0 -0.140 -0.209
54.174 60.00 60.1500 9.0 -0.145 -0.224
54.193 60.00 60.1300 9.0 -0.130 -0.181
54.214 60.00 60.1500 9.0 -0.153 -0.244
54.233 60.00 60.1400 9.0 -0.136 -0.197
54.254 60.00 60.1500 9.0 -0.146 -0.225
54.273 60.00 60.1300 9.0 -0.133 -0.189
54.295 60.00 60.1400 9.0 -0.139 -0.204
54.314 60.00 60.1300 9.0 -0.130 -0.179
54.335 60.00 60.1400 9.0 -0.143 -0.215
54.354 60.00 60.1600 9.0 -0.155 -0.250
54.375 60.00 60.1400 9.0 -0.143 -0.216
54.394 60.00 60.1400 9.0 -0.135 -0.191
54.415 60.00 60.1400 9.0 -0.139 -0.203
54.433 60.00 60.1400 9.0 -0.136 -0.194
54.454 60.00 60.0800 9.0 -0.082 -0.044
54.474 60.00 60.1600 9.0 -0.154 -0.246
54.494 60.00 60.1400 9.0 -0.142 -0.211
54.514 60.00 60.1400 9.0 -0.140 -0.204
54.533 60.00 60.1600 9.0 -0.155 -0.247
54.554 60.00 60.1400 9.0 -0.138 -0.200
54.573 60.00 60.1200 9.0 -0.120 -0.149
54.594 60.00 60.1300 9.0 -0.129 -0.173
54.614 60.00 60.1300 9.0 -0.130 -0.175
54.635 60.00 60.1400 9.0 -0.140 -0.204
54.654 60.00 60.1500 9.0 -0.148 -0.225
54.675 60.00 60.1500 9.0 -0.144 -0.215
54.694 60.00 60.1400 9.0 -0.140 -0.202
54.715 60.00 60.1500 9.0 -0.145 -0.217
54.734 60.00 60.1100 9.0 -0.110 -0.118
54.754 60.00 60.1400 9.0 -0.143 -0.210
54.773 60.00 60.1300 9.0 -0.133 -0.184
54.794 60.00 60.1400 9.0 -0.143 -0.211
54.813 60.00 60.1300 9.0 -0.132 -0.178
54.834 60.00 60.1500 9.0 -0.144 -0.213
54.853 60.00 60.1500 9.0 -0.152 -0.233
54.874 60.00 60.1200 9.0 -0.114 -0.128
54.893 60.00 60.1500 9.0 -0.146 -0.218
54.914 60.00 60.1400 9.0 -0.141 -0.204
54.933 60.00 60.1500 9.0 -0.145 -0.213
54.955 60.00 60.1500 9.0 -0.147 -0.220
54.974 60.00 60.1400 9.0 -0.139 -0.196
54.995 60.00 60.1400 9.0 -0.141 -0.203
55.015 60.00 60.1500 9.0 -0.145 -0.213
55.035 60.00 60.1500 9.0 -0.152 -0.232
55.054 60.00 60.1300 9.0 -0.132 -0.175
55.074 60.00 60.1400 9.0 -0.140 -0.199
55.095 60.00 60.1400 9.0 -0.143 -0.208
55.114 60.00 60.1500 9.0 -0.148 -0.220
55.135 60.00 60.1400 9.0 -0.142 -0.203
55.154 60.00 60.1400 9.0 -0.143 -0.207
55.175 60.00 60.1600 9.0 -0.156 -0.242
55.194 60.00 60.1400 9.0 -0.140 -0.196
55.215 60.00 60.1500 9.0 -0.145 -0.211
55.234 60.00 60.1600 9.0 -0.157 -0.243
55.256 60.00 60.1500 9.0 -0.150 -0.224
55.275 60.00 60.1300 9.0 -0.132 -0.172
55.296 60.00 60.1400 9.0 -0.139 -0.193
55.315 60.00 60.7500 9.0 -0.744 -1.886
55.336 60.00 60.1500 9.0 -0.153 -0.228
55.355 60.00 60.1400 9.0 -0.142 -0.196
55.376 60.00 60.1700 9.0 -0.173 -0.282
55.394 60.00 60.1600 9.0 -0.162 -0.252
55.415 60.00 60.1500 9.0 -0.153 -0.224
55.434 60.00 60.1300 9.0 -0.127 -0.153
55.455 60.00 60.1400 9.0 -0.143 -0.196
55.474 60.00 60.1600 9.0 -0.154 -0.228
55.495 60.00 60.1600 9.0 -0.155 -0.232
55.515 60.00 60.1600 9.0 -0.156 -0.233
55.534 60.00 60.1500 9.0 -0.149 -0.212
55.555 60.00 60.1500 9.0 -0.145 -0.201
55.574 60.00 60.1500 9.0 -0.150 -0.215
55.596 60.00 60.1600 9.0 -0.155 -0.229
55.615 60.00 60.1500 9.0 -0.148 -0.209
55.636 60.00 60.1600 9.0 -0.158 -0.236
55.655 60.00 60.1700 9.0 -0.166 -0.259
55.676 60.00 60.1500 9.0 -0.148 -0.208
55.695 60.00 60.1400 9.0 -0.141 -0.189
55.716 60.00 60.1600 9.0 -0.162 -0.248
55.734 60.00 60.1500 9.0 -0.145 -0.198
55.755 60.00 60.1600 9.0 -0.155 -0.228
55.774 60.00 60.1700 9.0 -0.164 -0.251
55.795 60.00 60.1500 9.0 -0.150 -0.211
55.814 60.00 60.1500 9.0 -0.150 -0.213
55.835 60.00 60.1500 9.0 -0.145 -0.197
55.854 60.00 60.1500 9.0 -0.146 -0.199
55.875 60.00 60.1400 9.0 -0.140 -0.184
55.894 60.00 60.1500 9.0 -0.150 -0.212
55.915 60.00 60.1600 9.0 -0.160 -0.238
55.934 60.00 60.1600 9.0 -0.160 -0.237
55.956 60.00 59.5400 9.0 0.459 1.495
55.975 60.00 60.1500 9.0 -0.146 -0.202
55.996 60.00 60.1600 9.0 -0.160 -0.243
56.016 60.00 60.1400 9.0 -0.139 -0.182
56.035 60.00 60.1600 9.0 -0.154 -0.226
56.057 60.00 60.1500 9.0 -0.150 -0.213
56.075 60.00 60.1600 9.0 -0.154 -0.226
56.096 60.00 60.1600 9.0 -0.154 -0.224
56.115 60.00 60.1600 9.0 -0.160 -0.240
56.136 60.00 60.1600 9.0 -0.154 -0.223
56.155 60.00 60.1900 9.0 -0.194 -0.334
56.176 60.00 60.1600 9.0 -0.162 -0.246
56.195 60.00 60.1600 9.0 -0.158 -0.233
56.216 60.00 60.1400 9.0 -0.142 -0.188
56.235 60.00 60.1600 9.0 -0.158 -0.233
56.256 60.00 60.1600 9.0 -0.156 -0.227
56.275 60.00 60.1500 9.0 -0.153 -0.220
56.296 60.00 60.1500 9.0 -0.153 -0.219
56.315 60.00 60.1600 9.0 -0.157 -0.229
56.337 60.00 60.1700 9.0 -0.166 -0.254
56.356 60.00 60.1500 9.0 -0.147 -0.201
56.377 60.00 60.1500 9.0 -0.145 -0.194
56.396 60.00 60.1600 9.0 -0.163 -0.246
56.417 60.00 60.1500 9.0 -0.147 -0.200
56.436 60.00 60.1600 9.0 -0.160 -0.235
56.457 60.00 60.1600 9.0 -0.157 -0.226
56.476 60.00 60.1600 9.0 -0.159 -0.233
56.497 60.00 60.1700 9.0 -0.167 -0.255
56.516 60.00 60.1700 9.0 -0.170 -0.263
56.536 60.00 60.1700 9.0 -0.170 -0.262
56.556 60.00 60.1600 9.0 -0.157 -0.224
56.575 60.00 60.1700 9.0 -0.170 -0.260
56.596 60.00 60.1500 9.0 -0.150 -0.204
56.615 60.00 60.1600 9.0 -0.156 -0.222
56.636 60.00 60.1600 9.0 -0.163 -0.240
56.655 60.00 60.1800 9.0 -0.174 -0.273
56.676 60.00 60.1700 9.0 -0.168 -0.255
56.695 60.00 60.1800 9.0 -0.174 -0.271
56.717 60.00 60.1700 9.0 -0.168 -0.253
56.736 60.00 60.1700 9.0 -0.169 -0.255
56.757 60.00 60.1700 9.0 -0.167 -0.249
56.776 60.00 60.2200 9.0 -0.216 -0.387
56.797 60.00 60.1800 9.0 -0.174 -0.270
56.816 60.00 60.1800 9.0 -0.181 -0.288
56.837 60.00 60.1500 9.0 -0.150 -0.201
56.856 60.00 60.1700 9.0 -0.169 -0.254
56.877 60.00 60.1600 9.0 -0.159 -0.225
56.896 60.00 60.1600 9.0 -0.161 -0.230
56.916 60.00 60.1600 9.0 -0.161 -0.230
56.935 60.00 60.1600 9.0 -0.158 -0.222
56.956 60.00 60.1700 9.0 -0.164 -0.238
56.975 60.00 60.1900 9.0 -0.187 -0.302
56.996 60.00 60.1600 9.0 -0.162 -0.233
57.016 60.00 60.1700 9.0 -0.165 -0.239
57.036 60.00 60.1700 9.0 -0.166 -0.241
57.056 60.00 60.1800 9.0 -0.174 -0.266
57.075 60.00 60.1500 9.0 -0.153 -0.207
57.097 60.00 60.1600 9.0 -0.155 -0.211
57.116 60.00 60.1800 9.0 -0.174 -0.264
57.138 60.00 60.1700 9.0 -0.170 -0.253
57.157 60.00 60.1600 9.0 -0.162 -0.230
57.178 60.00 60.1700 9.0 -0.171 -0.255
57.197 60.00 60.1700 9.0 -0.169 -0.249
57.218 60.00 60.1800 9.0 -0.182 -0.284
57.237 60.00 60.1800 9.0 -0.177 -0.270
57.258 60.00 60.1800 9.0 -0.180 -0.277
57.277 60.00 60.1700 9.0 -0.167 -0.241
57.297 60.00 60.1800 9.0 -0.183 -0.285
57.316 60.00 60.1800 9.0 -0.174 -0.262
57.337 60.00 60.1700 9.0 -0.170 -0.248
57.356 60.00 60.1700 9.0 -0.169 -0.245
57.377 60.00 60.1700 9.0 -0.166 -0.237
57.396 60.00 60.1700 9.0 -0.172 -0.255
57.417 60.00 60.1600 9.0 -0.163 -0.229
57.436 60.00 60.1800 9.0 -0.178 -0.269
57.457 60.00 60.1600 9.0 -0.155 -0.205
57.476 60.00 60.1700 9.0 -0.173 -0.256
57.497 60.00 60.1700 9.0 -0.165 -0.231
57.516 60.00 60.1800 9.0 -0.181 -0.277
57.538 60.00 60.1600 9.0 -0.160 -0.219
57.558 60.00 60.1700 9.0 -0.172 -0.251
57.577 60.00 60.1900 9.0 -0.188 -0.296
57.598 60.00 60.1700 9.0 -0.165 -0.231
57.617 60.00 60.1800 9.0 -0.175 -0.260
57.638 60.00 60.1800 9.0 -0.180 -0.273
57.657 60.00 60.1800 9.0 -0.180 -0.271
57.678 60.00 60.1800 9.0 -0.175 -0.257
57.696 60.00 60.1800 9.0 -0.181 -0.274
57.717 60.00 60.1900 9.0 -0.184 -0.281
57.736 60.00 60.1700 9.0 -0.168 -0.237
57.757 60.00 60.1800 9.0 -0.183 -0.279
57.776 60.00 60.1700 9.0 -0.170 -0.241
57.798 60.00 60.1700 9.0 -0.168 -0.236
57.817 60.00 60.1800 9.0 -0.175 -0.256
57.838 60.00 60.1700 9.0 -0.169 -0.237
57.857 60.00 60.1800 9.0 -0.175 -0.256
57.878 60.00 60.1800 9.0 -0.177 -0.260
57.897 60.00 60.1600 9.0 -0.162 -0.218
57.918 60.00 60.1700 9.0 -0.173 -0.248
57.936 60.00 60.1800 9.0 -0.180 -0.266
57.957 60.00 60.1700 9.0 -0.171 -0.241
57.976 60.00 60.1800 9.0 -0.178 -0.261
57.997 60.00 60.1800 9.0 -0.181 -0.270
58.016 60.00 60.1800 9.0 -0.178 -0.261
58.037 60.00 60.1800 9.0 -0.180 -0.267
58.057 60.00 60.1600 9.0 -0.157 -0.201
58.076 60.00 60.1900 9.0 -0.184 -0.276
58.098 60.00 60.1800 9.0 -0.180 -0.266
58.117 60.00 60.1700 9.0 -0.168 -0.231
58.139 60.00 60.1900 9.0 -0.191 -0.294
58.158 60.00 60.1900 9.0 -0.188 -0.287
58.179 60.00 60.1700 9.0 -0.173 -0.243
58.198 60.00 60.1800 9.0 -0.176 -0.253
58.219 60.00 60.1600 9.0 -0.162 -0.213
58.238 60.00 60.1900 9.0 -0.186 -0.281
58.259 60.00 60.1600 9.0 -0.158 -0.200
58.277 60.00 60.1500 9.0 -0.149 -0.175
58.298 60.00 60.1900 9.0 -0.190 -0.289
58.317 60.00 60.1900 9.0 -0.192 -0.294
58.338 60.00 60.1800 9.0 -0.177 -0.253
58.357 60.00 60.1900 9.0 -0.184 -0.271
58.378 60.00 60.5500 9.0 -0.550 -1.297
58.397 60.00 60.1700 9.0 -0.167 -0.222
58.418 60.00 60.1800 9.0 -0.180 -0.256
58.437 60.00 60.0000 9.0 -0.004 0.237
58.458 60.00 60.1800 9.0 -0.181 -0.261
58.477 60.00 60.1700 9.0 -0.172 -0.236
58.499 60.00 60.1900 9.0 -0.185 -0.271
58.518 60.00 60.2000 9.0 -0.197 -0.304
58.539 60.00 60.1800 9.0 -0.180 -0.255
58.558 60.00 60.1800 9.0 -0.177 -0.248
58.579 60.00 60.1800 9.0 -0.181 -0.259
58.599 60.00 60.1900 9.0 -0.187 -0.275
58.618 60.00 60.1800 9.0 -0.176 -0.245
58.639 60.00 60.1900 9.0 -0.190 -0.282
58.658 60.00 60.1800 9.0 -0.174 -0.238
58.678 60.00 60.1900 9.0 -0.188 -0.277
58.697 60.00 60.2000 9.0 -0.197 -0.303
58.718 60.00 60.1800 9.0 -0.174 -0.237
58.737 60.00 60.1900 9.0 -0.192 -0.286
58.758 60.00 60.1800 9.0 -0.177 -0.245
58.777 60.00 60.1900 9.0 -0.184 -0.265
58.798 60.00 60.2000 9.0 -0.199 -0.305
58.817 60.00 60.1800 9.0 -0.183 -0.260
58.838 60.00 60.1900 9.0 -0.184 -0.264
58.857 60.00 60.1900 9.0 -0.192 -0.286
58.878 60.00 60.1900 9.0 -0.191 -0.281
58.897 60.00 60.1800 9.0 -0.179 -0.247
58.919 60.00 60.1800 9.0 -0.182 -0.255
58.938 60.00 60.1900 9.0 -0.186 -0.268
58.959 60.00 60.1900 9.0 -0.190 -0.278
58.978 60.00 60.1700 9.0 -0.173 -0.231
58.999 60.00 60.2600 9.0 -0.256 -0.461
59.018 60.00 60.1900 9.0 -0.190 -0.275
59.039 60.00 60.1900 9.0 -0.193 -0.284
59.058 60.00 60.1700 9.0 -0.166 -0.207
59.078 60.00 60.1900 9.0 -0.191 -0.279
59.098 60.00 60.1800 9.0 -0.174 -0.232
59.117 60.00 60.1700 9.0 -0.171 -0.221
59.139 60.00 60.1900 9.0 -0.189 -0.272
59.158 60.00 60.1700 9.0 -0.168 -0.212
59.179 60.00 60.2100 9.0 -0.209 -0.327
59.198 60.00 60.1800 9.0 -0.179 -0.244
59.219 60.00 60.1900 9.0 -0.189 -0.271
59.238 60.00 60.2000 9.0 -0.197 -0.292
59.259 60.00 60.1900 9.0 -0.186 -0.263
59.278 60.00 60.1900 9.0 -0.190 -0.271
59.300 60.00 60.2000 9.0 -0.203 -0.309
59.319 60.00 60.2100 9.0 -0.206 -0.317
59.340 60.00 60.1900 9.0 -0.192 -0.278
59.359 60.00 60.1900 9.0 -0.186 -0.261
59.380 60.00 60.1900 9.0 -0.188 -0.266
59.399 60.00 60.1900 9.0 -0.188 -0.265
59.420 60.00 60.1700 9.0 -0.168 -0.209
59.438 60.00 60.2000 9.0 -0.196 -0.288
59.459 60.00 60.2000 9.0 -0.198 -0.292
59.478 60.00 60.2000 9.0 -0.198 -0.293
59.499 60.00 60.2000 9.0 -0.195 -0.282
59.518 60.00 60.1900 9.0 -0.188 -0.264
59.539 60.00 60.2000 9.0 -0.198 -0.290
59.558 60.00 60.2100 9.0 -0.207 -0.316
59.579 60.00 60.1900 9.0 -0.186 -0.257
59.599 60.00 60.1900 9.0 -0.184 -0.251
59.619 60.00 60.2000 9.0 -0.197 -0.286
59.640 60.00 60.2000 9.0 -0.198 -0.289
59.659 60.00 60.1900 9.0 -0.193 -0.274
59.680 60.00 60.1900 9.0 -0.192 -0.272
59.699 60.00 60.2000 9.0 -0.201 -0.295
59.720 60.00 60.2000 9.0 -0.195 -0.278
59.739 60.00 60.1900 9.0 -0.189 -0.262
59.760 60.00 60.2000 9.0 -0.196 -0.281
59.778 60.00 60.1900 9.0 -0.186 -0.254
59.799 60.00 60.2100 9.0 -0.206 -0.309
59.818 60.00 60.1900 9.0 -0.190 -0.264
59.839 60.00 60.2300 9.0 -0.228 -0.370
59.858 60.00 60.2000 9.0 -0.196 -0.279
59.879 60.00 60.2100 9.0 -0.208 -0.314
59.898 60.00 60.2000 9.0 -0.196 -0.278
59.919 60.00 60.2000 9.0 -0.200 -0.290
59.938 60.00 60.2000 9.0 -0.197 -0.282
59.960 60.00 60.1800 9.0 -0.179 -0.230
59.979 60.00 60.2000 9.0 -0.201 -0.291
60.000 60.00 60.2000 9.0 -0.200 -0.287
60.019 60.00 60.2000 9.0 -0.198 -0.283
60.040 60.00 60.1900 9.0 -0.188 -0.255
60.059 60.00 60.2000 9.0 -0.194 -0.271
60.080 60.00 60.1900 9.0 -0.194 -0.269
60.099 60.00 60.2000 9.0 -0.195 -0.273
60.120 60.00 60.2100 9.0 -0.207 -0.305
60.139 60.00 60.2000 9.0 -0.203 -0.293
60.159 60.00 60.2000 9.0 -0.202 -0.292
60.180 60.00 60.1800 9.0 -0.183 -0.238
60.199 60.00 60.2000 9.0 -0.199 -0.282
60.220 60.00 60.2100 9.0 -0.212 -0.318
60.239 60.00 60.1900 9.0 -0.193 -0.264
60.260 60.00 60.2100 9.0 -0.209 -0.309
60.279 60.00 60.1900 9.0 -0.190 -0.254
60.300 60.00 60.1900 9.0 -0.193 -0.264
60.319 60.00 60.2100 9.0 -0.205 -0.298
60.340 60.00 60.2000 9.0 -0.195 -0.268
60.360 60.00 60.2100 9.0 -0.209 -0.308
60.381 60.00 60.2100 9.0 -0.205 -0.295
60.400 60.00 60.2400 9.0 -0.234 -0.377
60.421 60.00 60.2100 9.0 -0.204 -0.293
60.440 60.00 60.2100 9.0 -0.209 -0.306
60.461 60.00 60.2000 9.0 -0.201 -0.282
60.479 60.00 60.2000 9.0 -0.197 -0.271
60.500 60.00 60.2100 9.0 -0.204 -0.290
60.519 60.00 60.2100 9.0 -0.209 -0.305
60.540 60.00 60.2100 9.0 -0.208 -0.301
60.559 60.00 60.2100 9.0 -0.209 -0.304
60.580 60.00 60.2100 9.0 -0.214 -0.316
60.599 60.00 60.2100 9.0 -0.212 -0.312
60.620 60.00 60.2100 9.0 -0.208 -0.299
60.640 60.00 60.2100 9.0 -0.207 -0.297
60.659 60.00 60.2200 9.0 -0.222 -0.338
60.681 60.00 60.2100 9.0 -0.212 -0.310
60.700 60.00 60.2000 9.0 -0.197 -0.269
60.721 60.00 60.2100 9.0 -0.209 -0.302
60.740 60.00 60.2100 9.0 -0.208 -0.298
60.761 60.00 59.9800 9.0 0.025 0.354
60.780 60.00 60.2100 9.0 -0.205 -0.291
60.801 60.00 60.2100 9.0 -0.213 -0.312
60.819 60.00 60.2000 9.0 -0.198 -0.269
60.840 60.00 60.2200 9.0 -0.216 -0.319
60.859 60.00 60.2100 9.0 -0.205 -0.288
60.880 60.00 60.2100 9.0 -0.210 -0.303
60.899 60.00 60.2000 9.0 -0.201 -0.275
60.920 60.00 60.2200 9.0 -0.219 -0.328
60.939 60.00 60.2200 9.0 -0.223 -0.336
60.960 60.00 60.2100 9.0 -0.208 -0.296
60.979 60.00 60.2200 9.0 -0.219 -0.325
61.000 60.00 60.2200 9.0 -0.216 -0.318
61.020 60.00 60.2000 9.0 -0.200 -0.270
61.041 60.00 60.2000 9.0 -0.197 -0.262
61.060 60.00 60.2300 9.0 -0.230 -0.355
61.081 60.00 60.2100 9.0 -0.209 -0.297
61.100 60.00 60.2200 9.0 -0.218 -0.322
61.121 60.00 60.2200 9.0 -0.218 -0.319
61.141 60.00 60.2200 9.0 -0.218 -0.319
61.160 60.00 60.2200 9.0 -0.216 -0.313
61.180 60.00 60.2200 9.0 -0.222 -0.330
61.200 60.00 60.2200 9.0 -0.215 -0.309
61.221 60.00 60.2200 9.0 -0.217 -0.314
61.240 60.00 60.2100 9.0 -0.207 -0.286
61.261 60.00 60.2300 9.0 -0.225 -0.337
61.280 60.00 60.2200 9.0 -0.217 -0.315
61.301 60.00 60.2200 9.0 -0.220 -0.323
61.320 60.00 60.2200 9.0 -0.223 -0.330
61.341 60.00 60.2100 9.0 -0.205 -0.280
61.360 60.00 60.2200 9.0 -0.216 -0.311
61.381 60.00 60.2200 9.0 -0.219 -0.318
61.400 60.00 60.2100 9.0 -0.205 -0.278
61.422 60.00 60.1900 9.0 -0.185 -0.223
61.441 60.00 60.2200 9.0 -0.215 -0.305
61.462 60.00 60.2200 9.0 -0.215 -0.306
61.481 60.00 60.2100 9.0 -0.206 -0.281
61.502 60.00 60.2100 9.0 -0.210 -0.292
61.521 60.00 60.2200 9.0 -0.216 -0.308
61.542 60.00 60.2100 9.0 -0.213 -0.299
61.561 60.00 60.2100 9.0 -0.206 -0.279
61.582 60.00 60.2100 9.0 -0.205 -0.276
61.600 60.00 60.2300 9.0 -0.225 -0.331
61.621 60.00 60.2300 9.0 -0.229 -0.342
61.641 60.00 60.3000 9.0 -0.299 -0.538
61.661 60.00 60.2100 9.0 -0.211 -0.290
61.681 60.00 60.2200 9.0 -0.220 -0.315
61.700 60.00 60.2200 9.0 -0.215 -0.299
61.721 60.00 60.2300 9.0 -0.232 -0.349
61.740 60.00 60.2200 9.0 -0.220 -0.315
61.761 60.00 60.2000 9.0 -0.202 -0.263
61.780 60.00 60.2100 9.0 -0.213 -0.292
61.801 60.00 60.2100 9.0 -0.212 -0.289
61.821 60.00 60.2200 9.0 -0.224 -0.323
61.842 60.00 60.2100 9.0 -0.208 -0.278
61.861 60.00 60.2200 9.0 -0.222 -0.318
61.882 60.00 60.2100 9.0 -0.210 -0.284
61.901 60.00 60.2200 9.0 -0.222 -0.317
61.922 60.00 60.2300 9.0 -0.226 -0.328
61.940 60.00 60.2300 9.0 -0.225 -0.325
61.961 60.00 60.2100 9.0 -0.210 -0.282
61.980 60.00 60.2300 9.0 -0.225 -0.324
62.001 60.00 60.2200 9.0 -0.219 -0.308
62.020 60.00 60.2400 9.0 -0.235 -0.352
62.041 60.00 60.2200 9.0 -0.216 -0.298
62.060 60.00 60.2300 9.0 -0.231 -0.340
62.081 60.00 60.2400 9.0 -0.239 -0.360
62.100 60.00 60.2400 9.0 -0.235 -0.348
62.122 60.00 60.2300 9.0 -0.233 -0.343
62.141 60.00 60.2300 9.0 -0.224 -0.318
62.162 60.00 60.2200 9.0 -0.223 -0.313
62.182 60.00 60.2200 9.0 -0.217 -0.296
62.201 60.00 60.2300 9.0 -0.231 -0.337
62.223 60.00 60.2300 9.0 -0.225 -0.318
62.242 60.00 60.2300 9.0 -0.227 -0.325
62.263 60.00 60.2200 9.0 -0.223 -0.313
62.281 60.00 60.2200 9.0 -0.219 -0.301
62.302 60.00 60.2100 9.0 -0.213 -0.284
62.321 60.00 60.2200 9.0 -0.220 -0.303
62.342 60.00 60.2300 9.0 -0.230 -0.332
62.361 60.00 60.2300 9.0 -0.230 -0.331
62.382 60.00 60.2300 9.0 -0.228 -0.324
62.401 60.00 60.2500 9.0 -0.247 -0.378
62.422 60.00 60.2300 9.0 -0.225 -0.314
62.441 60.00 60.2400 9.0 -0.234 -0.340
62.462 60.00 60.2200 9.0 -0.221 -0.303
62.481 60.00 60.2400 9.0 -0.235 -0.343
62.503 60.00 60.2200 9.0 -0.217 -0.292
62.522 60.00 60.2400 9.0 -0.242 -0.361
62.543 60.00 60.2300 9.0 -0.227 -0.319
62.562 60.00 60.2300 9.0 -0.230 -0.327
62.583 60.00 60.2300 9.0 -0.232 -0.332
62.602 60.00 60.2400 9.0 -0.237 -0.345
62.623 60.00 60.2400 9.0 -0.238 -0.348
62.641 60.00 60.2300 9.0 -0.228 -0.318
62.662 60.00 60.2400 9.0 -0.243 -0.360
62.682 60.00 60.2300 9.0 -0.232 -0.330
62.701 60.00 60.2300 9.0 -0.226 -0.313
62.722 60.00 60.2300 9.0 -0.234 -0.333
62.741 60.00 60.2100 9.0 -0.210 -0.267
62.762 60.00 60.2300 9.0 -0.232 -0.329
62.781 60.00 60.2300 9.0 -0.226 -0.310
62.803 60.00 60.2400 9.0 -0.236 -0.337
62.822 60.00 60.2200 9.0 -0.221 -0.296
62.843 60.00 60.2400 9.0 -0.238 -0.343
62.862 60.00 60.2200 9.0 -0.217 -0.285
62.883 60.00 60.2300 9.0 -0.226 -0.309
62.902 60.00 60.2300 9.0 -0.231 -0.323
62.923 60.00 60.2400 9.0 -0.241 -0.350
62.941 60.00 60.2500 9.0 -0.249 -0.371
62.962 60.00 60.2300 9.0 -0.233 -0.327
62.981 60.00 60.2400 9.0 -0.243 -0.354
63.003 60.00 60.2400 9.0 -0.236 -0.335
63.022 60.00 60.2300 9.0 -0.229 -0.316
63.043 60.00 60.2400 9.0 -0.237 -0.336
63.062 60.00 60.2300 9.0 -0.225 -0.302
63.083 60.00 60.2300 9.0 -0.230 -0.318
63.102 60.00 60.2300 9.0 -0.231 -0.320
63.122 60.00 60.2200 9.0 -0.219 -0.285
63.141 60.00 60.2400 9.0 -0.243 -0.352
63.162 60.00 60.2400 9.0 -0.240 -0.344
63.182 60.00 60.2400 9.0 -0.236 -0.332
63.201 60.00 60.2600 9.0 -0.263 -0.406
63.223 60.00 60.2400 9.0 -0.237 -0.333
63.242 60.00 60.2400 9.0 -0.239 -0.338
63.263 60.00 60.2300 9.0 -0.232 -0.320
63.282 60.00 60.2300 9.0 -0.228 -0.306
63.303 60.00 60.2400 9.0 -0.242 -0.347
63.322 60.00 60.2200 9.0 -0.224 -0.294
63.344 60.00 60.2400 9.0 -0.240 -0.339
63.363 60.00 60.2500 9.0 -0.246 -0.356
63.384 60.00 60.2500 9.0 -0.246 -0.356
63.403 60.00 60.2400 9.0 -0.239 -0.336
63.424 60.00 60.2400 9.0 -0.236 -0.326
63.443 60.00 60.2300 9.0 -0.229 -0.308
63.464 60.00 60.2500 9.0 -0.249 -0.361
63.482 60.00 60.2400 9.0 -0.240 -0.336
63.503 60.00 60.2400 9.0 -0.237 -0.328
63.522 60.00 60.2500 9.0 -0.245 -0.350
63.543 60.00 60.2400 9.0 -0.240 -0.335
63.562 60.00 60.2500 9.0 -0.248 -0.356
63.583 60.00 60.2300 9.0 -0.225 -0.292
63.602 60.00 60.2500 9.0 -0.244 -0.346
63.623 60.00 60.2500 9.0 -0.247 -0.354
63.642 60.00 60.2500 9.0 -0.244 -0.345
63.663 60.00 60.2300 9.0 -0.227 -0.298
63.683 60.00 60.2200 9.0 -0.219 -0.275
63.703 60.00 60.2300 9.0 -0.230 -0.306
63.723 60.00 60.2500 9.0 -0.250 -0.360
63.743 60.00 60.2400 9.0 -0.237 -0.323
63.764 60.00 60.2400 9.0 -0.240 -0.331
63.783 60.00 60.2400 9.0 -0.236 -0.321
63.804 60.00 60.2400 9.0 -0.235 -0.316
63.823 60.00 60.2400 9.0 -0.242 -0.337
63.844 60.00 60.2600 9.0 -0.261 -0.388
63.862 60.00 60.2400 9.0 -0.235 -0.316
63.883 60.00 60.2500 9.0 -0.244 -0.342
63.902 60.00 60.2500 9.0 -0.250 -0.358
63.923 60.00 60.2600 9.0 -0.256 -0.374
63.942 60.00 60.2300 9.0 -0.230 -0.300
63.963 60.00 60.2400 9.0 -0.240 -0.329
63.982 60.00 60.2500 9.0 -0.247 -0.346
64.003 60.00 60.2500 9.0 -0.253 -0.363
64.022 60.00 60.2400 9.0 -0.243 -0.335
64.043 60.00 60.2500 9.0 -0.252 -0.361
64.062 60.00 60.2400 9.0 -0.243 -0.334
64.084 60.00 60.2400 9.0 -0.242 -0.331
64.103 60.00 60.2500 9.0 -0.249 -0.351
64.124 60.00 60.2400 9.0 -0.243 -0.333
64.143 60.00 60.2700 9.0 -0.269 -0.406
64.164 60.00 60.2500 9.0 -0.253 -0.360
64.183 60.00 60.2600 9.0 -0.257 -0.370
64.204 60.00 60.2500 9.0 -0.252 -0.357
64.223 60.00 60.2600 9.0 -0.257 -0.369
64.242 60.00 60.1300 9.0 -0.126 -0.002
64.264 60.00 60.2500 9.0 -0.251 -0.354
64.283 60.00 60.2400 9.0 -0.239 -0.318
64.304 60.00 60.2500 9.0 -0.248 -0.343
64.323 60.00 60.2500 9.0 -0.247 -0.342
64.344 60.00 60.3700 9.0 -0.370 -0.685
64.363 60.00 60.2300 9.0 -0.232 -0.298
64.384 60.00 60.2300 9.0 -0.232 -0.298
64.403 60.00 60.2500 9.0 -0.251 -0.351
64.425 60.00 60.2500 9.0 -0.250 -0.348
64.444 60.00 60.2400 9.0 -0.242 -0.324
64.465 60.00 60.2400 9.0 -0.235 -0.303
64.484 60.00 60.2500 9.0 -0.251 -0.349
64.505 60.00 60.2400 9.0 -0.241 -0.320
64.524 60.00 60.2500 9.0 -0.245 -0.333
64.545 60.00 60.2400 9.0 -0.243 -0.326
64.563 60.00 60.2500 9.0 -0.245 -0.331
64.584 60.00 60.2500 9.0 -0.248 -0.337
64.603 60.00 60.2500 9.0 -0.247 -0.336
64.624 60.00 60.2500 9.0 -0.253 -0.353
64.643 60.00 60.2500 9.0 -0.250 -0.342
64.664 60.00 60.2600 9.0 -0.255 -0.356
64.683 60.00 60.2600 9.0 -0.256 -0.358
64.704 60.00 60.2500 9.0 -0.250 -0.343
64.724 60.00 60.2800 9.0 -0.275 -0.413
64.744 60.00 60.2700 9.0 -0.268 -0.392
64.764 60.00 60.2400 9.0 -0.240 -0.314
64.783 60.00 60.2700 9.0 -0.268 -0.391
64.805 60.00 60.2600 9.0 -0.258 -0.362
64.824 60.00 60.2400 9.0 -0.243 -0.321
64.845 60.00 60.2500 9.0 -0.252 -0.344
64.864 60.00 60.2500 9.0 -0.250 -0.338
64.885 60.00 60.2400 9.0 -0.243 -0.318
64.904 60.00 60.2400 9.0 -0.243 -0.318
64.924 60.00 60.2500 9.0 -0.250 -0.337
64.943 60.00 60.2600 9.0 -0.254 -0.350
64.964 60.00 60.2600 9.0 -0.262 -0.370
64.983 60.00 60.2500 9.0 -0.252 -0.342
65.004 60.00 60.2600 9.0 -0.255 -0.350
65.023 60.00 60.2600 9.0 -0.263 -0.372
65.044 60.00 60.2500 9.0 -0.251 -0.339
65.063 60.00 60.2600 9.0 -0.262 -0.369
65.084 60.00 60.2600 9.0 -0.262 -0.369
65.103 60.00 60.2500 9.0 -0.253 -0.342
65.124 60.00 60.2600 9.0 -0.258 -0.356
65.144 60.00 60.2600 9.0 -0.258 -0.356
65.165 60.00 60.2500 9.0 -0.244 -0.316
65.184 60.00 60.2500 9.0 -0.249 -0.331
65.205 60.00 60.2500 9.0 -0.253 -0.340
65.224 60.00 60.2600 9.0 -0.256 -0.348
65.245 60.00 60.2700 9.0 -0.272 -0.392
65.265 60.00 60.2500 9.0 -0.247 -0.323
65.285 60.00 60.2600 9.0 -0.263 -0.367
65.306 60.00 60.2700 9.0 -0.268 -0.380
65.324 60.00 60.2600 9.0 -0.254 -0.341
65.345 60.00 60.2500 9.0 -0.253 -0.339
65.364 60.00 60.2500 9.0 -0.245 -0.317
65.385 60.00 60.2600 9.0 -0.255 -0.343
65.404 60.00 60.2500 9.0 -0.252 -0.334
65.425 60.00 60.2400 9.0 -0.240 -0.300
65.444 60.00 60.2500 9.0 -0.247 -0.319
65.465 60.00 60.2700 9.0 -0.265 -0.369
65.484 60.00 60.2400 9.0 -0.237 -0.291
65.506 60.00 60.2600 9.0 -0.254 -0.338
65.525 60.00 60.2700 9.0 -0.264 -0.367
65.546 60.00 60.2500 9.0 -0.251 -0.330
65.565 60.00 60.2400 9.0 -0.235 -0.283
65.586 60.00 60.2600 9.0 -0.258 -0.350
65.605 60.00 60.2600 9.0 -0.258 -0.348
65.626 60.00 60.2800 9.0 -0.277 -0.401
65.644 60.00 60.2700 9.0 -0.268 -0.375
65.665 60.00 60.2600 9.0 -0.261 -0.356
65.684 60.00 60.2600 9.0 -0.260 -0.352
65.705 60.00 60.2500 9.0 -0.245 -0.310
65.724 60.00 60.2700 9.0 -0.264 -0.362
65.745 60.00 60.2600 9.0 -0.257 -0.341
65.765 60.00 60.2700 9.0 -0.271 -0.380
65.784 60.00 60.2700 9.0 -0.265 -0.364
65.805 60.00 60.2600 9.0 -0.258 -0.344
65.824 60.00 60.2600 9.0 -0.258 -0.345
65.846 60.00 60.2600 9.0 -0.261 -0.351
65.865 60.00 60.2400 9.0 -0.238 -0.286
65.886 60.00 60.2700 9.0 -0.272 -0.383
65.905 60.00 60.2600 9.0 -0.258 -0.342
65.926 60.00 60.2700 9.0 -0.265 -0.361
65.945 60.00 60.2700 9.0 -0.268 -0.370
65.966 60.00 60.2400 9.0 -0.242 -0.296
65.985 60.00 60.2700 9.0 -0.271 -0.378
66.005 60.00 60.2700 9.0 -0.268 -0.369
66.024 60.00 60.2700 9.0 -0.267 -0.365
66.045 60.00 60.2800 9.0 -0.274 -0.385
66.064 60.00 60.2700 9.0 -0.265 -0.359
66.085 60.00 60.2800 9.0 -0.277 -0.392
66.104 60.00 60.2900 9.0 -0.284 -0.411
66.125 60.00 60.2600 9.0 -0.257 -0.335
66.144 60.00 60.2700 9.0 -0.271 -0.375
66.166 60.00 60.2600 9.0 -0.259 -0.340
66.185 60.00 60.2700 9.0 -0.270 -0.369
66.206 60.00 60.2700 9.0 -0.268 -0.366
66.225 60.00 60.2700 9.0 -0.270 -0.370
66.246 60.00 60.2700 9.0 -0.264 -0.354
66.266 60.00 60.2700 9.0 -0.272 -0.374
66.285 60.00 60.2700 9.0 -0.267 -0.360
66.305 60.00 60.2600 9.0 -0.261 -0.342
66.325 60.00 60.2600 9.0 -0.256 -0.329
66.346 60.00 60.2500 9.0 -0.252 -0.318
66.365 60.00 60.2800 9.0 -0.277 -0.387
66.386 60.00 60.2700 9.0 -0.265 -0.354
66.405 60.00 60.2800 9.0 -0.275 -0.380
66.426 60.00 60.2800 9.0 -0.276 -0.383
66.445 60.00 60.2700 9.0 -0.268 -0.360
66.466 60.00 60.2700 9.0 -0.266 -0.355
66.485 60.00 60.2700 9.0 -0.265 -0.351
66.506 60.00 60.2800 9.0 -0.275 -0.378
66.525 60.00 60.2600 9.0 -0.257 -0.327
66.547 60.00 60.2700 9.0 -0.267 -0.356
66.566 60.00 60.2200 9.0 -0.216 -0.212
66.587 60.00 60.2700 9.0 -0.271 -0.367
66.606 60.00 60.2600 9.0 -0.263 -0.343
66.627 60.00 60.2600 9.0 -0.258 -0.329
66.646 60.00 60.2900 9.0 -0.285 -0.406
66.667 60.00 60.2700 9.0 -0.264 -0.345
66.685 60.00 60.2800 9.0 -0.275 -0.375
66.706 60.00 60.2800 9.0 -0.275 -0.375
66.725 60.00 60.2700 9.0 -0.268 -0.354
66.746 60.00 60.2700 9.0 -0.272 -0.365
66.766 60.00 60.2800 9.0 -0.275 -0.374
66.786 60.00 60.2700 9.0 -0.270 -0.361
66.806 60.00 60.2700 9.0 -0.267 -0.351
66.825 60.00 60.2700 9.0 -0.266 -0.348
66.846 60.00 60.2500 9.0 -0.253 -0.311
66.865 60.00 60.2700 9.0 -0.272 -0.365
66.887 60.00 60.2800 9.0 -0.278 -0.381
66.906 60.00 60.2700 9.0 -0.270 -0.358
66.927 60.00 60.2700 9.0 -0.269 -0.355
66.946 60.00 60.2800 9.0 -0.276 -0.374
66.967 60.00 60.2800 9.0 -0.276 -0.373
66.986 60.00 60.2700 9.0 -0.268 -0.351
67.006 60.00 60.2800 9.0 -0.281 -0.387
67.025 60.00 60.2700 9.0 -0.268 -0.350
67.046 60.00 60.2800 9.0 -0.280 -0.383
67.065 60.00 60.2700 9.0 -0.268 -0.351
67.086 60.00 60.2700 9.0 -0.271 -0.358
67.105 60.00 60.2800 9.0 -0.275 -0.369
67.126 60.00 60.2700 9.0 -0.264 -0.338
67.145 60.00 60.0800 9.0 -0.077 0.188
67.166 60.00 60.2800 9.0 -0.274 -0.367
67.185 60.00 60.2800 9.0 -0.279 -0.378
67.206 60.00 60.2900 9.0 -0.286 -0.398
67.226 60.00 60.2900 9.0 -0.284 -0.392
67.247 60.00 60.2800 9.0 -0.275 -0.368
67.266 60.00 60.3000 9.0 -0.297 -0.429
67.287 60.00 60.2800 9.0 -0.279 -0.376
67.307 60.00 60.2800 9.0 -0.278 -0.373
67.326 60.00 60.2800 9.0 -0.279 -0.375
67.348 60.00 60.2800 9.0 -0.283 -0.386
67.366 60.00 60.2800 9.0 -0.280 -0.378
67.387 60.00 60.2800 9.0 -0.283 -0.387
67.406 60.00 60.2800 9.0 -0.281 -0.380
67.427 60.00 60.2800 9.0 -0.275 -0.363
67.446 60.00 60.2800 9.0 -0.278 -0.370
67.467 60.00 60.2800 9.0 -0.280 -0.377
67.486 60.00 60.3800 9.0 -0.379 -0.653
67.507 60.00 60.2900 9.0 -0.284 -0.387
67.526 60.00 60.2800 9.0 -0.280 -0.376
67.547 60.00 60.2900 9.0 -0.285 -0.389
67.566 60.00 60.2800 9.0 -0.280 -0.374
67.588 60.00 60.2700 9.0 -0.272 -0.352
67.607 60.00 60.2800 9.0 -0.283 -0.382
67.628 60.00 60.2800 9.0 -0.281 -0.376
67.647 60.00 60.2900 9.0 -0.289 -0.399
67.668 60.00 60.2900 9.0 -0.291 -0.403
67.687 60.00 60.2900 9.0 -0.294 -0.410
67.708 60.00 60.2800 9.0 -0.281 -0.374
67.726 60.00 60.2700 9.0 -0.270 -0.341
67.747 60.00 60.2800 9.0 -0.283 -0.378
67.766 60.00 60.2800 9.0 -0.280 -0.371
67.787 60.00 60.2600 9.0 -0.262 -0.319
67.807 60.00 60.2800 9.0 -0.277 -0.361
67.826 60.00 60.2800 9.0 -0.280 -0.370
67.847 60.00 60.3000 9.0 -0.296 -0.414
67.866 60.00 60.2800 9.0 -0.279 -0.364
67.887 60.00 60.2900 9.0 -0.293 -0.403
67.906 60.00 60.2800 9.0 -0.276 -0.357
67.928 60.00 60.2600 9.0 -0.261 -0.315
67.947 60.00 60.2800 9.0 -0.274 -0.351
67.968 60.00 60.5400 9.0 -0.540 -1.095
67.987 60.00 60.2800 9.0 -0.282 -0.370
68.008 60.00 60.2800 9.0 -0.283 -0.373
68.027 60.00 60.3000 9.0 -0.296 -0.409
68.048 60.00 60.2800 9.0 -0.279 -0.360
68.066 60.00 60.2900 9.0 -0.289 -0.388
68.087 60.00 60.2900 9.0 -0.288 -0.386
68.106 60.00 60.2900 9.0 -0.285 -0.377
68.127 60.00 60.2800 9.0 -0.278 -0.356
68.146 60.00 60.2700 9.0 -0.266 -0.322
68.167 60.00 60.2800 9.0 -0.282 -0.366
68.186 60.00 60.3000 9.0 -0.295 -0.403
68.208 60.00 60.3000 9.0 -0.294 -0.400
68.226 60.00 60.2800 9.0 -0.278 -0.354
68.247 60.00 60.2600 9.0 -0.263 -0.312
68.266 60.00 60.2900 9.0 -0.290 -0.387
68.287 60.00 60.2900 9.0 -0.294 -0.397
68.307 60.00 60.2900 9.0 -0.284 -0.370
68.326 60.00 60.3100 9.0 -0.307 -0.433
68.348 60.00 60.2700 9.0 -0.269 -0.327
68.367 60.00 60.2800 9.0 -0.283 -0.367
68.388 60.00 60.3000 9.0 -0.301 -0.417
68.407 60.00 60.2900 9.0 -0.290 -0.386
68.429 60.00 60.3100 9.0 -0.310 -0.441
68.448 60.00 60.2700 9.0 -0.265 -0.315
68.469 60.00 60.2900 9.0 -0.287 -0.375
68.488 60.00 60.3000 9.0 -0.294 -0.395
68.509 60.00 60.3000 9.0 -0.296 -0.399
68.528 60.00 60.2800 9.0 -0.282 -0.360
68.549 60.00 60.2900 9.0 -0.285 -0.369
68.567 60.00 60.2900 9.0 -0.286 -0.370
68.588 60.00 60.2900 9.0 -0.292 -0.387
68.607 60.00 60.2900 9.0 -0.293 -0.390
68.628 60.00 60.2900 9.0 -0.287 -0.372
68.647 60.00 60.2900 9.0 -0.291 -0.383
68.668 60.00 60.3000 9.0 -0.295 -0.393
68.687 60.00 60.3000 9.0 -0.301 -0.412
68.708 60.00 60.2900 9.0 -0.290 -0.379
68.727 60.00 60.2900 9.0 -0.288 -0.373
68.748 60.00 60.3100 9.0 -0.306 -0.424
68.767 60.00 60.3000 9.0 -0.298 -0.400
68.789 60.00 60.2800 9.0 -0.279 -0.347
68.808 60.00 60.3000 9.0 -0.297 -0.398
68.829 60.00 60.3000 9.0 -0.294 -0.389
68.849 60.00 60.3300 9.0 -0.333 -0.498
68.868 60.00 60.3000 9.0 -0.303 -0.413
68.889 60.00 60.2800 9.0 -0.283 -0.357
68.907 60.00 60.2900 9.0 -0.290 -0.376
68.928 60.00 60.3200 9.0 -0.314 -0.442
68.947 60.00 60.2900 9.0 -0.292 -0.379
68.968 60.00 60.3000 9.0 -0.298 -0.397
68.987 60.00 60.2900 9.0 -0.291 -0.377
69.008 60.00 60.3300 9.0 -0.330 -0.484
69.027 60.00 60.2900 9.0 -0.292 -0.377
69.048 60.00 60.3000 9.0 -0.300 -0.400
69.068 60.00 60.3000 9.0 -0.297 -0.392
69.089 60.00 60.2900 9.0 -0.292 -0.376
69.108 60.00 60.3000 9.0 -0.301 -0.402
69.129 60.00 60.3100 9.0 -0.308 -0.422
69.148 60.00 60.2900 9.0 -0.293 -0.379
69.169 60.00 60.2900 9.0 -0.293 -0.378
69.188 60.00 60.2900 9.0 -0.293 -0.377
69.209 60.00 60.3000 9.0 -0.298 -0.393
69.227 60.00 60.3100 9.0 -0.305 -0.412
69.248 60.00 60.3100 9.0 -0.305 -0.411
69.267 60.00 60.3100 9.0 -0.307 -0.417
69.288 60.00 60.3100 9.0 -0.309 -0.420
69.308 60.00 60.2900 9.0 -0.289 -0.366
69.328 60.00 60.3000 9.0 -0.302 -0.402
69.348 60.00 60.2900 9.0 -0.288 -0.360
69.367 60.00 60.2900 9.0 -0.290 -0.367
69.389 60.00 60.2900 9.0 -0.289 -0.364
69.408 60.00 60.3000 9.0 -0.299 -0.392
69.430 60.00 60.3100 9.0 -0.314 -0.432
69.449 60.00 60.3000 9.0 -0.301 -0.396
69.470 60.00 60.3000 9.0 -0.296 -0.382
69.489 60.00 60.3100 9.0 -0.307 -0.411
69.510 60.00 60.3100 9.0 -0.313 -0.428
69.529 60.00 60.3000 9.0 -0.295 -0.378
69.550 60.00 60.3000 9.0 -0.297 -0.383
69.568 60.00 60.3100 9.0 -0.310 -0.418
69.589 60.00 60.3000 9.0 -0.299 -0.387
69.608 60.00 60.3100 9.0 -0.307 -0.410
69.629 60.00 60.3100 9.0 -0.306 -0.407
69.648 60.00 60.3000 9.0 -0.300 -0.389
69.669 60.00 60.3100 9.0 -0.311 -0.421
69.688 60.00 60.2900 9.0 -0.293 -0.369
69.709 60.00 60.3000 9.0 -0.301 -0.391
69.728 60.00 60.3100 9.0 -0.305 -0.402
69.749 60.00 60.3000 9.0 -0.299 -0.385
69.768 60.00 60.3100 9.0 -0.310 -0.416
69.789 60.00 60.3000 9.0 -0.296 -0.376
69.809 60.00 60.3100 9.0 -0.307 -0.405
69.830 60.00 60.3000 9.0 -0.296 -0.375
69.849 60.00 60.3100 9.0 -0.313 -0.421
69.870 60.00 60.2900 9.0 -0.288 -0.351
69.890 60.00 60.3100 9.0 -0.309 -0.409
69.909 60.00 60.3000 9.0 -0.300 -0.384
69.930 60.00 60.3000 9.0 -0.296 -0.373
69.948 60.00 60.3000 9.0 -0.301 -0.388
69.969 60.00 60.2900 9.0 -0.290 -0.356
69.988 60.00 60.3100 9.0 -0.305 -0.396
70.009 60.00 60.3000 9.0 -0.302 -0.388
70.028 60.00 60.3000 9.0 -0.302 -0.389
70.049 60.00 60.3100 9.0 -0.312 -0.417
70.068 60.00 60.2900 9.0 -0.293 -0.362
70.089 60.00 60.3100 9.0 -0.308 -0.404
70.108 60.00 60.3100 9.0 -0.309 -0.405
70.129 60.00 60.3100 9.0 -0.307 -0.399
70.149 60.00 60.3200 9.0 -0.314 -0.419
70.170 60.00 60.3000 9.0 -0.303 -0.388
70.189 60.00 60.3100 9.0 -0.306 -0.395
70.210 60.00 60.3200 9.0 -0.317 -0.425
70.229 60.00 60.3300 9.0 -0.326 -0.450
70.250 60.00 60.3200 9.0 -0.314 -0.417
70.268 60.00 60.3100 9.0 -0.308 -0.399
70.289 60.00 60.3200 9.0 -0.317 -0.424
70.308 60.00 60.3100 9.0 -0.309 -0.403
70.329 60.00 60.3100 9.0 -0.308 -0.400
70.349 60.00 60.3100 9.0 -0.307 -0.397
70.369 60.00 60.3100 9.0 -0.309 -0.402
70.389 60.00 60.2800 9.0 -0.283 -0.327
70.409 60.00 60.3100 9.0 -0.311 -0.405
70.430 60.00 60.3100 9.0 -0.307 -0.395
70.449 60.00 60.3000 9.0 -0.302 -0.381
70.471 60.00 60.3200 9.0 -0.323 -0.440
70.490 60.00 60.3100 9.0 -0.304 -0.385
70.511 60.00 60.3100 9.0 -0.312 -0.408
70.530 60.00 60.3000 9.0 -0.301 -0.376
70.551 60.00 60.3200 9.0 -0.314 -0.412
70.570 60.00 60.3200 9.0 -0.318 -0.422
70.591 60.00 60.3200 9.0 -0.322 -0.434
70.609 60.00 60.3000 9.0 -0.296 -0.361
70.630 60.00 60.3100 9.0 -0.312 -0.404
70.649 60.00 60.3200 9.0 -0.317 -0.419
70.670 60.00 60.3200 9.0 -0.314 -0.410
70.689 60.00 60.3200 9.0 -0.315 -0.412
70.710 60.00 60.3200 9.0 -0.322 -0.432
70.729 60.00 60.3100 9.0 -0.308 -0.391
70.750 60.00 60.3100 9.0 -0.314 -0.407
70.769 60.00 60.3200 9.0 -0.317 -0.416
70.790 60.00 60.3300 9.0 -0.326 -0.442
70.810 60.00 60.3200 9.0 -0.319 -0.420
70.831 60.00 60.3000 9.0 -0.300 -0.368
70.850 60.00 60.3100 9.0 -0.309 -0.393
70.871 60.00 60.3200 9.0 -0.318 -0.417
70.891 60.00 60.3200 9.0 -0.314 -0.405
70.910 60.00 60.3300 9.0 -0.328 -0.445
70.931 60.00 60.3200 9.0 -0.319 -0.419
70.950 60.00 60.3300 9.0 -0.330 -0.448
70.970 60.00 60.3100 9.0 -0.308 -0.388
70.989 60.00 60.3200 9.0 -0.320 -0.420
71.010 60.00 60.3100 9.0 -0.312 -0.398
71.029 60.00 60.5300 9.0 -0.528 -1.002
71.050 60.00 60.3000 9.0 -0.302 -0.368
71.069 60.00 60.3200 9.0 -0.322 -0.424
71.090 60.00 60.3200 9.0 -0.319 -0.413
71.109 60.00 60.3200 9.0 -0.316 -0.406
71.130 60.00 60.3200 9.0 -0.321 -0.418
71.150 60.00 60.3300 9.0 -0.324 -0.428
71.171 60.00 60.3200 9.0 -0.317 -0.406
71.190 60.00 60.3200 9.0 -0.316 -0.404
71.211 60.00 60.3200 9.0 -0.318 -0.408
71.230 60.00 60.3100 9.0 -0.312 -0.392
71.251 60.00 60.3000 9.0 -0.300 -0.358
71.270 60.00 60.3300 9.0 -0.326 -0.429
71.291 60.00 60.3200 9.0 -0.318 -0.407
71.310 60.00 60.3100 9.0 -0.307 -0.377
71.330 60.00 60.3300 9.0 -0.326 -0.431
71.349 60.00 60.3100 9.0 -0.307 -0.377
71.370 60.00 60.3200 9.0 -0.320 -0.412
71.390 60.00 60.3300 9.0 -0.327 -0.431
71.409 60.00 60.3100 9.0 -0.310 -0.384
71.431 60.00 60.3300 9.0 -0.324 -0.423
71.450 60.00 60.3300 9.0 -0.326 -0.426
71.471 60.00 60.3200 9.0 -0.320 -0.410
71.490 60.00 60.3100 9.0 -0.314 -0.392
71.511 60.00 60.3200 9.0 -0.323 -0.418
71.530 60.00 60.3200 9.0 -0.316 -0.398
71.551 60.00 60.3300 9.0 -0.326 -0.427
71.571 60.00 60.3300 9.0 -0.333 -0.446
71.592 60.00 60.3200 9.0 -0.316 -0.397
71.611 60.00 60.3300 9.0 -0.330 -0.434
71.632 60.00 60.3300 9.0 -0.329 -0.433
71.651 60.00 60.3300 9.0 -0.324 -0.419
71.672 60.00 60.3400 9.0 -0.338 -0.456
71.691 60.00 60.3200 9.0 -0.315 -0.391
71.712 60.00 60.3200 9.0 -0.318 -0.400
71.730 60.00 60.3200 9.0 -0.315 -0.392
71.751 60.00 60.3400 9.0 -0.334 -0.445
71.770 60.00 60.3300 9.0 -0.332 -0.439
71.791 60.00 60.3300 9.0 -0.328 -0.425
71.810 60.00 60.3300 9.0 -0.326 -0.421
71.831 60.00 60.3200 9.0 -0.320 -0.403
71.850 60.00 60.3300 9.0 -0.326 -0.421
71.871 60.00 60.3200 9.0 -0.321 -0.406
71.891 60.00 60.3400 9.0 -0.340 -0.457
71.911 60.00 60.3200 9.0 -0.317 -0.394
71.932 60.00 60.3300 9.0 -0.326 -0.417
71.951 60.00 60.3200 9.0 -0.323 -0.409
71.972 60.00 60.3200 9.0 -0.323 -0.410
71.991 60.00 60.3300 9.0 -0.332 -0.435
72.012 60.00 60.3300 9.0 -0.324 -0.412
72.031 60.00 60.3100 9.0 -0.313 -0.380
72.052 60.00 60.3100 9.0 -0.311 -0.375
72.070 60.00 60.3300 9.0 -0.326 -0.416
72.091 60.00 60.3300 9.0 -0.329 -0.425
72.110 60.00 60.3300 9.0 -0.329 -0.424
72.131 60.00 60.3300 9.0 -0.329 -0.424
72.150 60.00 60.3400 9.0 -0.340 -0.454
72.171 60.00 60.3200 9.0 -0.322 -0.403
72.190 60.00 60.3100 9.0 -0.308 -0.363
72.211 60.00 60.3300 9.0 -0.332 -0.429
72.230 60.00 60.3300 9.0 -0.330 -0.423
72.251 60.00 60.3400 9.0 -0.338 -0.446
72.271 60.00 60.3400 9.0 -0.343 -0.461
72.292 60.00 60.3300 9.0 -0.331 -0.426
72.311 60.00 60.3300 9.0 -0.329 -0.421
72.332 60.00 60.3400 9.0 -0.341 -0.452
72.351 60.00 60.3300 9.0 -0.332 -0.428
72.372 60.00 60.3400 9.0 -0.342 -0.455
72.391 60.00 60.3300 9.0 -0.329 -0.419
72.411 60.00 60.3300 9.0 -0.330 -0.421
72.431 60.00 60.3400 9.0 -0.336 -0.438
72.450 60.00 60.3300 9.0 -0.332 -0.426
72.472 60.00 60.3300 9.0 -0.331 -0.421
72.491 60.00 60.3300 9.0 -0.330 -0.420
72.512 60.00 60.3400 9.0 -0.339 -0.444
72.531 60.00 60.3400 9.0 -0.336 -0.434
72.552 60.00 60.3300 9.0 -0.332 -0.424
72.571 60.00 60.3400 9.0 -0.336 -0.436
72.592 60.00 60.3400 9.0 -0.341 -0.447
72.611 60.00 60.3500 9.0 -0.344 -0.456
72.633 60.00 60.3500 9.0 -0.344 -0.456
72.652 60.00 60.3400 9.0 -0.335 -0.429
72.673 60.00 60.3400 9.0 -0.340 -0.444
72.692 60.00 60.3300 9.0 -0.330 -0.414
72.713 60.00 60.3400 9.0 -0.336 -0.430
72.731 60.00 60.3500 9.0 -0.350 -0.472
72.752 60.00 60.3400 9.0 -0.341 -0.445
72.771 60.00 60.3500 9.0 -0.347 -0.461
72.792 60.00 60.3500 9.0 -0.352 -0.474
72.811 60.00 60.3500 9.0 -0.346 -0.458
72.832 60.00 60.3400 9.0 -0.338 -0.433
72.851 60.00 60.3300 9.0 -0.331 -0.414
72.872 60.00 60.3400 9.0 -0.340 -0.439
72.891 60.00 60.3400 9.0 -0.341 -0.441
72.912 60.00 60.3500 9.0 -0.346 -0.455
72.932 60.00 60.3400 9.0 -0.334 -0.421
72.951 60.00 60.3400 9.0 -0.343 -0.447
72.973 60.00 60.3400 9.0 -0.342 -0.443
72.992 60.00 60.3400 9.0 -0.334 -0.421
73.013 60.00 60.3500 9.0 -0.347 -0.456
73.032 60.00 60.3400 9.0 -0.343 -0.445
73.053 60.00 60.3100 9.0 -0.311 -0.356
73.072 60.00 60.3500 9.0 -0.353 -0.473
73.092 60.00 60.3700 9.0 -0.371 -0.522
73.111 60.00 60.3400 9.0 -0.339 -0.430
73.132 60.00 60.3400 9.0 -0.343 -0.442
73.151 60.00 60.3500 9.0 -0.353 -0.471
73.172 60.00 60.3400 9.0 -0.342 -0.439
73.191 60.00 60.3600 9.0 -0.358 -0.483
73.212 60.00 60.3400 9.0 -0.334 -0.415
73.231 60.00 60.3500 9.0 -0.350 -0.461
73.252 60.00 60.3400 9.0 -0.335 -0.417
73.271 60.00 60.3500 9.0 -0.349 -0.456
73.292 60.00 60.3500 9.0 -0.345 -0.446
73.311 60.00 60.3500 9.0 -0.346 -0.448
73.332 60.00 60.3600 9.0 -0.361 -0.488
73.352 60.00 60.3500 9.0 -0.347 -0.449
73.373 60.00 60.3500 9.0 -0.352 -0.463
73.392 60.00 60.3600 9.0 -0.360 -0.483
73.413 60.00 60.3400 9.0 -0.343 -0.437
73.433 60.00 60.3500 9.0 -0.347 -0.447
73.452 60.00 60.3600 9.0 -0.359 -0.480
73.472 60.00 60.3600 9.0 -0.356 -0.471
73.492 60.00 60.3600 9.0 -0.362 -0.487
73.513 60.00 60.3600 9.0 -0.355 -0.467
73.532 60.00 60.3500 9.0 -0.344 -0.437
73.554 60.00 60.3500 9.0 -0.348 -0.448
73.573 60.00 60.3600 9.0 -0.362 -0.485
73.594 60.00 60.3500 9.0 -0.347 -0.443
73.613 60.00 60.3500 9.0 -0.346 -0.440
73.634 60.00 60.3600 9.0 -0.362 -0.485
73.653 60.00 60.3600 9.0 -0.359 -0.476
73.674 60.00 60.3500 9.0 -0.354 -0.461
73.692 60.00 60.3600 9.0 -0.357 -0.471
73.713 60.00 60.3600 9.0 -0.363 -0.486
73.732 60.00 60.3500 9.0 -0.344 -0.433
73.753 60.00 60.3500 9.0 -0.352 -0.454
73.772 60.00 60.3500 9.0 -0.346 -0.438
73.793 60.00 60.3600 9.0 -0.359 -0.473
73.812 60.00 60.3600 9.0 -0.355 -0.461
73.833 60.00 60.3500 9.0 -0.344 -0.431
73.852 60.00 60.3600 9.0 -0.360 -0.475
73.873 60.00 60.3200 9.0 -0.323 -0.372
73.892 60.00 60.3500 9.0 -0.345 -0.432
73.914 60.00 60.3500 9.0 -0.352 -0.451
73.933 60.00 60.3500 9.0 -0.346 -0.435
73.954 60.00 60.3600 9.0 -0.356 -0.463
73.974 60.00 60.3600 9.0 -0.362 -0.478
73.993 60.00 60.3700 9.0 -0.369 -0.497
74.014 60.00 60.3600 9.0 -0.360 -0.472
74.032 60.00 60.3600 9.0 -0.358 -0.465
74.053 60.00 60.3600 9.0 -0.361 -0.474
74.072 60.00 60.3700 9.0 -0.368 -0.492
74.093 60.00 60.3500 9.0 -0.346 -0.430
74.112 60.00 60.3800 9.0 -0.375 -0.511
74.133 60.00 60.3500 9.0 -0.354 -0.451
74.152 60.00 60.3700 9.0 -0.365 -0.483
74.173 60.00 60.3500 9.0 -0.354 -0.450
74.192 60.00 60.3700 9.0 -0.364 -0.479
74.213 60.00 60.3500 9.0 -0.345 -0.425
74.232 60.00 60.3600 9.0 -0.358 -0.461
74.253 60.00 60.3400 9.0 -0.336 -0.399
74.273 60.00 60.3600 9.0 -0.363 -0.475
74.294 60.00 60.3500 9.0 -0.353 -0.447
74.313 60.00 60.3600 9.0 -0.357 -0.458
74.334 60.00 60.3600 9.0 -0.363 -0.475
74.353 60.00 60.3500 9.0 -0.351 -0.440
74.374 60.00 60.3600 9.0 -0.363 -0.473
74.393 60.00 60.3500 9.0 -0.350 -0.436
74.414 60.00 60.3600 9.0 -0.354 -0.447
74.433 60.00 60.3500 9.0 -0.347 -0.428
74.453 60.00 60.3800 9.0 -0.376 -0.508
74.473 60.00 60.3600 9.0 -0.358 -0.456
74.492 60.00 60.3600 9.0 -0.360 -0.460
74.514 60.00 60.3700 9.0 -0.365 -0.474
74.533 60.00 60.3600 9.0 -0.360 -0.460
74.554 60.00 60.3800 9.0 -0.381 -0.520
74.573 60.00 60.3600 9.0 -0.356 -0.450
74.594 60.00 60.3700 9.0 -0.367 -0.479
74.613 60.00 60.3500 9.0 -0.349 -0.430
74.634 60.00 60.3700 9.0 -0.371 -0.491
74.653 60.00 60.3700 9.0 -0.371 -0.489
74.675 60.00 60.3700 9.0 -0.365 -0.471
74.694 60.00 60.3600 9.0 -0.354 -0.441
74.715 60.00 60.3500 9.0 -0.352 -0.434
74.734 60.00 60.3700 9.0 -0.369 -0.483
74.755 60.00 60.3600 9.0 -0.360 -0.456
74.774 60.00 60.3800 9.0 -0.374 -0.495
74.795 60.00 60.3600 9.0 -0.363 -0.465
74.813 60.00 60.3600 9.0 -0.363 -0.465
74.834 60.00 60.3700 9.0 -0.369 -0.481
74.853 60.00 60.3500 9.0 -0.352 -0.431
74.874 60.00 60.3600 9.0 -0.361 -0.457
74.893 60.00 60.3700 9.0 -0.370 -0.482
74.914 60.00 60.3400 9.0 -0.336 -0.386
74.933 60.00 60.3800 9.0 -0.375 -0.495
74.954 60.00 60.3700 9.0 -0.365 -0.467
74.974 60.00 60.3600 9.0 -0.362 -0.459
74.995 60.00 60.3700 9.0 -0.370 -0.480
75.015 60.00 61.3600 9.0 -1.363 -3.260
75.034 60.00 60.3600 9.0 -0.362 -0.451
75.055 60.00 60.3800 9.0 -0.380 -0.500
75.074 60.00 60.3700 9.0 -0.370 -0.470
75.095 60.00 60.3700 9.0 -0.373 -0.478
75.114 60.00 60.3700 9.0 -0.366 -0.459
75.135 60.00 60.3600 9.0 -0.357 -0.433
75.153 60.00 60.3700 9.0 -0.372 -0.475
75.174 60.00 60.3700 9.0 -0.366 -0.458
75.193 60.00 60.3800 9.0 -0.374 -0.480
75.214 60.00 60.3800 9.0 -0.383 -0.506
75.233 60.00 60.3700 9.0 -0.366 -0.457
75.254 60.00 60.3800 9.0 -0.377 -0.488
75.273 60.00 60.3800 9.0 -0.376 -0.483
75.294 60.00 60.3600 9.0 -0.362 -0.443
75.313 60.00 60.3900 9.0 -0.389 -0.520
75.334 60.00 60.3700 9.0 -0.369 -0.462
75.353 60.00 60.3800 9.0 -0.376 -0.481
75.374 60.00 60.3700 9.0 -0.372 -0.470
75.394 60.00 60.3800 9.0 -0.375 -0.478
75.415 60.00 60.3900 9.0 -0.385 -0.506
75.434 60.00 60.3800 9.0 -0.375 -0.477
75.455 60.00 60.3700 9.0 -0.373 -0.470
75.474 60.00 60.4000 9.0 -0.394 -0.531
75.495 60.00 60.3800 9.0 -0.381 -0.494
75.515 60.00 60.3800 9.0 -0.375 -0.476
75.535 60.00 60.3800 9.0 -0.379 -0.486
75.554 60.00 60.3800 9.0 -0.378 -0.483
75.574 60.00 60.3700 9.0 -0.371 -0.464
75.595 60.00 60.3800 9.0 -0.383 -0.496
75.614 60.00 60.3700 9.0 -0.369 -0.456
75.635 60.00 60.3800 9.0 -0.374 -0.470
75.654 60.00 60.3900 9.0 -0.385 -0.502
75.675 60.00 60.3700 9.0 -0.370 -0.459
75.694 60.00 60.3700 9.0 -0.370 -0.459
75.715 60.00 60.3700 9.0 -0.373 -0.466
75.734 60.00 60.3900 9.0 -0.387 -0.504
75.755 60.00 60.3900 9.0 -0.385 -0.499
75.775 60.00 60.3900 9.0 -0.389 -0.508
75.796 60.00 60.3700 9.0 -0.371 -0.460
75.815 60.00 60.3800 9.0 -0.377 -0.476
75.836 60.00 60.3900 9.0 -0.385 -0.498
75.855 60.00 60.3300 9.0 -0.332 -0.349
75.876 60.00 60.3900 9.0 -0.385 -0.496
75.895 60.00 60.3700 9.0 -0.372 -0.459
75.916 60.00 60.3800 9.0 -0.378 -0.476
75.934 60.00 60.3800 9.0 -0.382 -0.487
75.955 60.00 60.3800 9.0 -0.380 -0.482
75.974 60.00 60.4000 9.0 -0.396 -0.527
75.995 60.00 60.3800 9.0 -0.383 -0.488
76.015 60.00 60.3800 9.0 -0.379 -0.478
76.034 60.00 60.3900 9.0 -0.388 -0.501
76.055 60.00 60.3700 9.0 -0.370 -0.452
76.074 60.00 60.3800 9.0 -0.380 -0.479
76.095 60.00 60.3800 9.0 -0.377 -0.469
76.115 60.00 60.3900 9.0 -0.384 -0.490
76.136 60.00 60.3900 9.0 -0.389 -0.501
76.155 60.00 60.3800 9.0 -0.375 -0.463
76.176 60.00 60.3800 9.0 -0.375 -0.461
76.195 60.00 60.3900 9.0 -0.384 -0.489
76.216 60.00 60.3900 9.0 -0.391 -0.505
76.234 60.00 60.3800 9.0 -0.380 -0.475
76.255 60.00 60.3800 9.0 -0.376 -0.463
76.274 60.00 60.3800 9.0 -0.380 -0.475
76.295 60.00 60.4000 9.0 -0.394 -0.513
76.314 60.00 60.3900 9.0 -0.387 -0.492
76.335 60.00 60.3900 9.0 -0.384 -0.486
76.354 60.00 60.3800 9.0 -0.374 -0.456
76.375 60.00 60.3800 9.0 -0.376 -0.462
76.394 60.00 60.3900 9.0 -0.384 -0.483
76.416 60.00 60.4000 9.0 -0.398 -0.522
76.435 60.00 60.3900 9.0 -0.391 -0.503
76.456 60.00 60.3900 9.0 -0.392 -0.505
76.475 60.00 60.3900 9.0 -0.387 -0.489
76.496 60.00 60.3900 9.0 -0.390 -0.497
76.516 60.00 60.4000 9.0 -0.400 -0.526
76.535 60.00 60.3900 9.0 -0.386 -0.486
76.555 60.00 60.3800 9.0 -0.383 -0.478
76.575 60.00 60.4000 9.0 -0.396 -0.514
76.596 60.00 60.3900 9.0 -0.393 -0.503
76.615 60.00 60.3900 9.0 -0.389 -0.491
76.636 60.00 60.3800 9.0 -0.377 -0.457
76.655 60.00 60.3900 9.0 -0.393 -0.502
76.676 60.00 60.3900 9.0 -0.393 -0.502
76.695 60.00 60.3900 9.0 -0.385 -0.480
76.716 60.00 60.3900 9.0 -0.387 -0.485
76.735 60.00 60.3900 9.0 -0.393 -0.502
76.757 60.00 60.4000 9.0 -0.400 -0.519
76.776 60.00 60.3900 9.0 -0.390 -0.491
76.797 60.00 60.3700 9.0 -0.364 -0.419
76.816 60.00 60.4000 9.0 -0.396 -0.507
76.837 60.00 60.3900 9.0 -0.391 -0.495
76.856 60.00 60.4000 9.0 -0.396 -0.506
76.877 60.00 60.4000 9.0 -0.396 -0.508
76.895 60.00 60.3900 9.0 -0.386 -0.479
76.916 60.00 60.4000 9.0 -0.400 -0.518
76.935 60.00 60.3900 9.0 -0.388 -0.484
76.956 60.00 60.3900 9.0 -0.392 -0.493
76.975 60.00 60.4000 9.0 -0.401 -0.519
76.996 60.00 60.3900 9.0 -0.390 -0.487
77.016 60.00 60.4000 9.0 -0.401 -0.518
77.036 60.00 60.3900 9.0 -0.388 -0.482
77.056 60.00 60.3800 9.0 -0.383 -0.468
77.076 60.00 60.4200 9.0 -0.414 -0.552
77.097 60.00 60.4000 9.0 -0.403 -0.523
77.116 60.00 60.3900 9.0 -0.390 -0.486
77.137 60.00 60.4000 9.0 -0.394 -0.497
77.156 60.00 60.4100 9.0 -0.411 -0.542
77.177 60.00 60.4000 9.0 -0.394 -0.495
77.196 60.00 60.4000 9.0 -0.396 -0.499
77.216 60.00 60.4000 9.0 -0.403 -0.520
77.235 60.00 60.4000 9.0 -0.399 -0.508
77.256 60.00 60.3900 9.0 -0.391 -0.484
77.275 60.00 60.3900 9.0 -0.393 -0.489
77.296 60.00 60.4000 9.0 -0.394 -0.492
77.315 60.00 60.3900 9.0 -0.387 -0.473
77.336 60.00 60.3900 9.0 -0.385 -0.466
77.355 60.00 60.4000 9.0 -0.401 -0.511
77.376 60.00 60.3900 9.0 -0.391 -0.483
77.395 60.00 60.4000 9.0 -0.398 -0.502
77.416 60.00 60.4100 9.0 -0.405 -0.522
77.435 60.00 60.3900 9.0 -0.392 -0.483
77.456 60.00 60.3900 9.0 -0.390 -0.479
77.476 60.00 60.3900 9.0 -0.393 -0.485
77.497 60.00 60.3800 9.0 -0.383 -0.459
77.516 60.00 60.4000 9.0 -0.400 -0.505
77.537 60.00 60.4200 9.0 -0.415 -0.547
77.557 60.00 60.3800 9.0 -0.383 -0.458
77.576 60.00 60.4000 9.0 -0.395 -0.489
77.598 60.00 60.4000 9.0 -0.401 -0.506
77.616 60.00 60.4100 9.0 -0.413 -0.540
77.637 60.00 60.4100 9.0 -0.405 -0.516
77.656 60.00 60.4200 9.0 -0.424 -0.568
77.677 60.00 60.3900 9.0 -0.390 -0.474
77.696 60.00 60.3900 9.0 -0.390 -0.474
77.717 60.00 60.4100 9.0 -0.406 -0.517
77.736 60.00 60.4000 9.0 -0.401 -0.502
77.757 60.00 60.4000 9.0 -0.401 -0.503
77.776 60.00 60.4000 9.0 -0.394 -0.484
77.797 60.00 60.4000 9.0 -0.402 -0.505
77.816 60.00 60.4000 9.0 -0.400 -0.498
77.838 60.00 60.4000 9.0 -0.400 -0.499
77.857 60.00 60.4000 9.0 -0.403 -0.505
77.878 60.00 60.4100 9.0 -0.406 -0.516
77.897 60.00 60.4100 9.0 -0.412 -0.531
77.918 60.00 60.4000 9.0 -0.403 -0.506
77.936 60.00 60.4100 9.0 -0.404 -0.507
77.957 60.00 60.4100 9.0 -0.404 -0.507
77.976 60.00 60.3900 9.0 -0.385 -0.455
77.997 60.00 60.4200 9.0 -0.415 -0.536
78.016 60.00 60.4100 9.0 -0.411 -0.524
78.037 60.00 60.4000 9.0 -0.403 -0.502
78.057 60.00 60.4000 9.0 -0.399 -0.490
78.076 60.00 60.4000 9.0 -0.399 -0.490
78.097 60.00 60.4000 9.0 -0.401 -0.495
78.116 60.00 60.4100 9.0 -0.407 -0.512
78.138 60.00 60.4100 9.0 -0.406 -0.510
78.157 60.00 60.4100 9.0 -0.408 -0.515
78.178 60.00 60.3900 9.0 -0.392 -0.468
78.197 60.00 60.4100 9.0 -0.404 -0.503
78.218 60.00 60.4100 9.0 -0.406 -0.509
78.237 60.00 60.4100 9.0 -0.408 -0.513
78.258 60.00 60.3900 9.0 -0.392 -0.467
78.276 60.00 60.4000 9.0 -0.401 -0.493
78.297 60.00 60.4000 9.0 -0.401 -0.491
78.316 60.00 60.4200 9.0 -0.414 -0.527
78.337 60.00 60.4000 9.0 -0.402 -0.495
78.356 60.00 60.4000 9.0 -0.403 -0.497
78.377 60.00 60.4300 9.0 -0.427 -0.563
78.396 60.00 60.4100 9.0 -0.413 -0.524
78.417 60.00 60.4100 9.0 -0.405 -0.501
78.436 60.00 60.4100 9.0 -0.413 -0.522
78.457 60.00 60.4200 9.0 -0.416 -0.532
78.477 60.00 60.4000 9.0 -0.403 -0.495
78.498 60.00 60.4100 9.0 -0.413 -0.522
78.517 60.00 60.4100 9.0 -0.410 -0.511
78.538 60.00 60.4000 9.0 -0.401 -0.486
78.558 60.00 60.4000 9.0 -0.400 -0.483
78.577 60.00 60.4100 9.0 -0.413 -0.521
78.599 60.00 60.4100 9.0 -0.408 -0.506
78.618 60.00 60.4100 9.0 -0.407 -0.503
78.638 60.00 60.4100 9.0 -0.407 -0.502
78.657 60.00 60.4000 9.0 -0.400 -0.481
78.678 60.00 60.4200 9.0 -0.414 -0.521
78.697 60.00 60.4300 9.0 -0.428 -0.561
78.719 60.00 60.4000 9.0 -0.400 -0.481
78.738 60.00 60.4100 9.0 -0.410 -0.507
78.759 60.00 60.4100 9.0 -0.408 -0.503
78.778 60.00 60.4100 9.0 -0.411 -0.509
78.799 60.00 60.4100 9.0 -0.408 -0.503
78.817 60.00 60.4200 9.0 -0.414 -0.519
78.838 60.00 60.4100 9.0 -0.407 -0.499
78.857 60.00 60.4200 9.0 -0.414 -0.518
78.878 60.00 60.4300 9.0 -0.432 -0.567
78.897 60.00 60.4200 9.0 -0.417 -0.526
78.918 60.00 60.4200 9.0 -0.417 -0.525
78.937 60.00 60.4000 9.0 -0.402 -0.481
78.958 60.00 60.4100 9.0 -0.407 -0.497
78.977 60.00 60.4000 9.0 -0.402 -0.480
78.998 60.00 60.4300 9.0 -0.427 -0.551
79.018 60.00 60.4200 9.0 -0.415 -0.517
79.039 60.00 60.4200 9.0 -0.414 -0.514
79.058 60.00 60.4300 9.0 -0.427 -0.550
79.079 60.00 60.4200 9.0 -0.414 -0.512
79.099 60.00 60.4400 9.0 -0.438 -0.579
79.118 60.00 60.4200 9.0 -0.414 -0.511
79.139 60.00 60.4200 9.0 -0.417 -0.521
79.158 60.00 60.4200 9.0 -0.424 -0.538
79.178 60.00 60.4200 9.0 -0.416 -0.515
79.197 60.00 60.4100 9.0 -0.410 -0.497
79.218 60.00 60.4100 9.0 -0.413 -0.506
79.237 60.00 60.4200 9.0 -0.414 -0.509
79.258 60.00 60.4200 9.0 -0.420 -0.525
79.277 60.00 60.4200 9.0 -0.421 -0.527
79.298 60.00 60.4200 9.0 -0.414 -0.509
79.317 60.00 60.4300 9.0 -0.428 -0.548
79.338 60.00 60.4300 9.0 -0.428 -0.546
79.357 60.00 60.4200 9.0 -0.415 -0.509
79.378 60.00 60.4100 9.0 -0.408 -0.491
79.397 60.00 60.4100 9.0 -0.412 -0.501
79.418 60.00 60.4200 9.0 -0.421 -0.524
79.437 60.00 60.4400 9.0 -0.437 -0.569
79.459 60.00 60.4100 9.0 -0.409 -0.491
79.478 60.00 60.4200 9.0 -0.423 -0.530
79.499 60.00 60.4300 9.0 -0.432 -0.556
79.518 60.00 60.4100 9.0 -0.409 -0.490
79.539 60.00 60.4500 9.0 -0.447 -0.595
79.558 60.00 60.4300 9.0 -0.427 -0.538
79.579 60.00 60.4300 9.0 -0.426 -0.536
79.598 60.00 60.4200 9.0 -0.418 -0.513
79.617 60.00 60.4600 9.0 -0.454 -0.613
79.639 60.00 60.4300 9.0 -0.432 -0.552
79.658 60.00 60.4300 9.0 -0.426 -0.533
79.679 60.00 60.4200 9.0 -0.419 -0.514
79.698 60.00 60.4400 9.0 -0.443 -0.579
79.719 60.00 60.4300 9.0 -0.425 -0.530
79.738 60.00 60.4300 9.0 -0.426 -0.533
79.759 60.00 60.4200 9.0 -0.420 -0.515
79.778 60.00 60.4300 9.0 -0.431 -0.545
79.800 60.00 60.4300 9.0 -0.429 -0.539
79.819 60.00 60.4300 9.0 -0.429 -0.540
79.840 60.00 60.4300 9.0 -0.432 -0.547
79.859 60.00 60.4400 9.0 -0.437 -0.561
79.880 60.00 60.4400 9.0 -0.438 -0.562
79.899 60.00 60.4300 9.0 -0.432 -0.545
79.920 60.00 60.4300 9.0 -0.427 -0.531
79.938 60.00 60.4400 9.0 -0.434 -0.550
79.959 60.00 60.7700 9.0 -0.769 -1.487
79.978 60.00 60.4400 9.0 -0.438 -0.557
79.999 60.00 60.4400 9.0 -0.434 -0.546
80.018 60.00 60.4300 9.0 -0.433 -0.543
80.039 60.00 60.4400 9.0 -0.437 -0.553
80.058 60.00 60.4300 9.0 -0.432 -0.539
80.079 60.00 60.4400 9.0 -0.439 -0.557
80.099 60.00 60.4400 9.0 -0.439 -0.557
80.119 60.00 60.4400 9.0 -0.435 -0.545
80.139 60.00 60.4300 9.0 -0.434 -0.542
80.158 60.00 60.4200 9.0 -0.423 -0.510
80.180 60.00 60.4300 9.0 -0.426 -0.521
80.199 60.00 60.4400 9.0 -0.442 -0.564
80.220 60.00 60.4500 9.0 -0.450 -0.585
80.239 60.00 60.4500 9.0 -0.446 -0.574
80.260 60.00 60.4300 9.0 -0.427 -0.520
80.279 60.00 60.4200 9.0 -0.417 -0.492
80.300 60.00 60.4300 9.0 -0.427 -0.521
80.319 60.00 60.4300 9.0 -0.428 -0.522
80.339 60.00 60.4500 9.0 -0.445 -0.568
80.358 60.00 60.4500 9.0 -0.451 -0.585
80.379 60.00 60.4300 9.0 -0.432 -0.532
80.398 60.00 60.4300 9.0 -0.430 -0.526
80.419 60.00 60.4400 9.0 -0.441 -0.556
80.438 60.00 60.4400 9.0 -0.439 -0.551
80.459 60.00 60.4500 9.0 -0.449 -0.577
80.478 60.00 60.4400 9.0 -0.437 -0.545
80.499 60.00 60.4400 9.0 -0.438 -0.545
80.518 60.00 60.4400 9.0 -0.438 -0.547
80.539 60.00 60.4300 9.0 -0.434 -0.533
80.558 60.00 60.4800 9.0 -0.475 -0.649
80.580 60.00 60.4500 9.0 -0.450 -0.577
80.599 60.00 60.4500 9.0 -0.450 -0.578
80.620 60.00 60.4300 9.0 -0.427 -0.513
80.640 60.00 60.4400 9.0 -0.444 -0.558
80.660 60.00 60.4400 9.0 -0.437 -0.539
80.681 60.00 60.4400 9.0 -0.438 -0.541
80.699 60.00 60.4400 9.0 -0.440 -0.547
80.720 60.00 60.4400 9.0 -0.436 -0.535
80.739 60.00 60.4400 9.0 -0.443 -0.555
80.760 60.00 60.4400 9.0 -0.443 -0.553
80.779 60.00 60.4600 9.0 -0.462 -0.608
80.800 60.00 60.4400 9.0 -0.436 -0.533
80.819 60.00 60.4500 9.0 -0.446 -0.561
80.840 60.00 60.4400 9.0 -0.443 -0.552
80.859 60.00 60.4600 9.0 -0.458 -0.595
80.880 60.00 60.4500 9.0 -0.452 -0.576
80.899 60.00 60.4400 9.0 -0.436 -0.531
80.920 60.00 60.4500 9.0 -0.450 -0.570
80.939 60.00 60.4500 9.0 -0.451 -0.572
80.961 60.00 60.4500 9.0 -0.451 -0.572
80.980 60.00 60.4500 9.0 -0.446 -0.558
81.001 60.00 60.4500 9.0 -0.449 -0.565
81.020 60.00 60.4500 9.0 -0.451 -0.570
81.041 60.00 60.4500 9.0 -0.449 -0.565
81.060 60.00 60.4500 9.0 -0.450 -0.568
81.080 60.00 60.4500 9.0 -0.453 -0.576
81.099 60.00 60.4500 9.0 -0.449 -0.564
81.120 60.00 60.4500 9.0 -0.452 -0.571
81.140 60.00 60.4600 9.0 -0.454 -0.578
81.159 60.00 60.4500 9.0 -0.445 -0.551
81.180 60.00 60.4500 9.0 -0.445 -0.550
81.199 60.00 60.4600 9.0 -0.458 -0.585
81.220 60.00 60.4600 9.0 -0.463 -0.599
81.239 60.00 60.4600 9.0 -0.456 -0.580
81.260 60.00 60.4500 9.0 -0.445 -0.547
81.279 60.00 60.4500 9.0 -0.445 -0.546
81.300 60.00 60.4700 9.0 -0.472 -0.623
81.319 60.00 60.4700 9.0 -0.469 -0.613
81.341 60.00 60.4700 9.0 -0.465 -0.601
81.360 60.00 60.4600 9.0 -0.461 -0.591
81.381 60.00 60.4500 9.0 -0.448 -0.553
81.400 60.00 60.4600 9.0 -0.458 -0.582
81.421 60.00 60.4500 9.0 -0.445 -0.543
81.440 60.00 60.4500 9.0 -0.451 -0.560
81.461 60.00 60.4500 9.0 -0.448 -0.552
81.480 60.00 60.4400 9.0 -0.437 -0.521
81.501 60.00 60.4800 9.0 -0.484 -0.651
81.519 60.00 60.4600 9.0 -0.456 -0.573
81.540 60.00 60.4400 9.0 -0.441 -0.531
81.559 60.00 60.4300 9.0 -0.434 -0.509
81.580 60.00 60.4400 9.0 -0.443 -0.535
81.599 60.00 60.4400 9.0 -0.444 -0.536
81.620 60.00 60.4500 9.0 -0.452 -0.561
81.640 60.00 60.4600 9.0 -0.460 -0.581
81.659 60.00 60.4600 9.0 -0.462 -0.588
81.681 60.00 60.4600 9.0 -0.458 -0.576
81.700 60.00 60.4600 9.0 -0.460 -0.579
81.721 60.00 60.4600 9.0 -0.456 -0.569
81.741 60.00 60.4600 9.0 -0.455 -0.565
81.762 60.00 60.4600 9.0 -0.454 -0.563
81.781 60.00 60.4600 9.0 -0.460 -0.579
81.802 60.00 60.4700 9.0 -0.465 -0.593
81.821 60.00 60.4400 9.0 -0.438 -0.517
81.842 60.00 60.4700 9.0 -0.467 -0.598
81.860 60.00 60.4500 9.0 -0.449 -0.545
81.881 60.00 60.4700 9.0 -0.465 -0.590
81.900 60.00 60.4600 9.0 -0.454 -0.560
81.921 60.00 60.4700 9.0 -0.467 -0.595
81.940 60.00 60.4600 9.0 -0.456 -0.564
81.961 60.00 60.4700 9.0 -0.467 -0.595
81.980 60.00 60.4700 9.0 -0.465 -0.586
82.001 60.00 60.4700 9.0 -0.473 -0.610
82.020 60.00 60.4600 9.0 -0.462 -0.578
82.042 60.00 60.4700 9.0 -0.467 -0.593
82.061 60.00 60.4600 9.0 -0.460 -0.571
82.082 60.00 60.4500 9.0 -0.453 -0.553
82.101 60.00 60.4700 9.0 -0.464 -0.582
82.122 60.00 60.4500 9.0 -0.446 -0.531
82.141 60.00 60.4700 9.0 -0.466 -0.587
82.162 60.00 60.4600 9.0 -0.458 -0.563
82.181 60.00 60.4600 9.0 -0.457 -0.561
82.200 60.00 60.4700 9.0 -0.469 -0.594
82.221 60.00 60.4700 9.0 -0.466 -0.585
82.240 60.00 60.4600 9.0 -0.462 -0.575
82.261 60.00 60.4600 9.0 -0.458 -0.561
82.280 60.00 60.4600 9.0 -0.463 -0.575
82.301 60.00 60.4500 9.0 -0.450 -0.538
82.320 60.00 60.5000 9.0 -0.494 -0.662
82.341 60.00 60.2600 9.0 -0.254 0.012
82.360 60.00 60.4600 9.0 -0.462 -0.573
82.381 60.00 60.4600 9.0 -0.459 -0.562
82.401 60.00 60.4500 9.0 -0.452 -0.543
82.422 60.00 60.4700 9.0 -0.465 -0.579
82.441 60.00 60.4600 9.0 -0.455 -0.551
82.462 60.00 60.4700 9.0 -0.465 -0.580
82.481 60.00 60.4700 9.0 -0.470 -0.591
82.502 60.00 60.4600 9.0 -0.459 -0.561
82.520 60.00 60.4600 9.0 -0.463 -0.571
82.541 60.00 60.4500 9.0 -0.453 -0.544
82.560 60.00 60.4600 9.0 -0.454 -0.545
82.581 60.00 60.4600 9.0 -0.458 -0.555
82.600 60.00 60.4500 9.0 -0.453 -0.542
82.621 60.00 60.4600 9.0 -0.461 -0.563
82.641 60.00 60.4700 9.0 -0.467 -0.582
82.661 60.00 60.4500 9.0 -0.450 -0.533
82.681 60.00 60.4700 9.0 -0.466 -0.578
82.700 60.00 60.4700 9.0 -0.465 -0.572
82.723 60.00 60.4700 9.0 -0.468 -0.582
82.742 60.00 60.4800 9.0 -0.474 -0.599
82.763 60.00 60.4600 9.0 -0.458 -0.551
82.782 60.00 60.4800 9.0 -0.478 -0.608
82.803 60.00 60.4800 9.0 -0.474 -0.597
82.822 60.00 60.4700 9.0 -0.467 -0.576
82.843 60.00 60.4800 9.0 -0.476 -0.601
82.861 60.00 60.4800 9.0 -0.481 -0.614
82.882 60.00 60.4700 9.0 -0.466 -0.574
82.901 60.00 60.4700 9.0 -0.470 -0.582
82.922 60.00 60.4700 9.0 -0.469 -0.579
82.941 60.00 60.4900 9.0 -0.485 -0.625
82.962 60.00 60.4700 9.0 -0.470 -0.582
82.981 60.00 60.4600 9.0 -0.459 -0.549
83.002 60.00 60.4700 9.0 -0.465 -0.568
83.021 60.00 60.4700 9.0 -0.465 -0.567
83.042 60.00 60.4700 9.0 -0.465 -0.565
83.061 60.00 60.4700 9.0 -0.473 -0.587
83.082 60.00 60.4600 9.0 -0.463 -0.561
83.102 60.00 60.4600 9.0 -0.457 -0.542
83.123 60.00 60.4700 9.0 -0.468 -0.573
83.142 60.00 60.4700 9.0 -0.472 -0.583
83.163 60.00 60.4800 9.0 -0.475 -0.592
83.183 60.00 60.5000 9.0 -0.498 -0.655
83.202 60.00 60.4700 9.0 -0.471 -0.578
83.223 60.00 60.4800 9.0 -0.477 -0.595
83.241 60.00 60.4800 9.0 -0.474 -0.587
83.262 60.00 60.5000 9.0 -0.498 -0.653
83.281 60.00 60.4700 9.0 -0.472 -0.579
83.302 60.00 60.4600 9.0 -0.459 -0.542
83.321 60.00 60.4700 9.0 -0.466 -0.562
83.342 60.00 60.4900 9.0 -0.486 -0.617
83.361 60.00 60.4800 9.0 -0.474 -0.583
83.382 60.00 60.4700 9.0 -0.467 -0.565
83.401 60.00 60.4600 9.0 -0.462 -0.549
83.422 60.00 60.4700 9.0 -0.473 -0.579
83.441 60.00 60.4900 9.0 -0.494 -0.637
83.463 60.00 60.4800 9.0 -0.483 -0.606
83.482 60.00 60.4700 9.0 -0.466 -0.560
83.503 60.00 60.4700 9.0 -0.472 -0.574
83.522 60.00 60.4800 9.0 -0.481 -0.600
83.543 60.00 60.4700 9.0 -0.465 -0.553
83.562 60.00 60.4800 9.0 -0.478 -0.591
83.583 60.00 60.4600 9.0 -0.454 -0.524
83.602 60.00 60.4600 9.0 -0.455 -0.526
83.622 60.00 60.4600 9.0 -0.459 -0.536
83.641 60.00 60.6000 9.0 -0.601 -0.934
83.662 60.00 60.4900 9.0 -0.484 -0.606
83.682 60.00 60.4500 9.0 -0.452 -0.514
83.701 60.00 60.4900 9.0 -0.488 -0.615
83.723 60.00 60.4900 9.0 -0.490 -0.622
83.742 60.00 60.4700 9.0 -0.467 -0.557
83.763 60.00 60.4700 9.0 -0.473 -0.572
83.783 60.00 60.4700 9.0 -0.473 -0.572
83.804 60.00 60.4700 9.0 -0.466 -0.553
83.823 60.00 60.4800 9.0 -0.476 -0.580
83.844 60.00 60.4800 9.0 -0.476 -0.578
83.863 60.00 60.4700 9.0 -0.465 -0.547
83.884 60.00 60.4800 9.0 -0.480 -0.590
83.903 60.00 60.4700 9.0 -0.471 -0.564
83.924 60.00 60.4800 9.0 -0.476 -0.579
83.942 60.00 60.4800 9.0 -0.478 -0.583
83.964 60.00 60.4800 9.0 -0.482 -0.594
83.983 60.00 60.4800 9.0 -0.483 -0.596
84.004 60.00 60.4900 9.0 -0.489 -0.612
84.023 60.00 60.4700 9.0 -0.470 -0.557
84.044 60.00 60.4900 9.0 -0.488 -0.610
84.062 60.00 60.4700 9.0 -0.466 -0.546
84.083 60.00 60.4700 9.0 -0.465 -0.543
84.102 60.00 60.4900 9.0 -0.492 -0.619
84.123 60.00 60.4800 9.0 -0.476 -0.574
84.142 60.00 60.4800 9.0 -0.481 -0.586
84.163 60.00 60.4800 9.0 -0.481 -0.585
84.183 60.00 60.4800 9.0 -0.477 -0.574
84.203 60.00 60.5000 9.0 -0.496 -0.627
84.223 60.00 60.5000 9.0 -0.496 -0.626
84.242 60.00 60.4800 9.0 -0.478 -0.577
84.264 60.00 60.4800 9.0 -0.474 -0.565
84.283 60.00 60.4800 9.0 -0.477 -0.572
84.304 60.00 60.4900 9.0 -0.489 -0.607
84.323 60.00 60.4800 9.0 -0.474 -0.564
84.344 60.00 60.4800 9.0 -0.481 -0.583
84.362 60.00 60.4800 9.0 -0.478 -0.575
84.383 60.00 60.4900 9.0 -0.489 -0.604
84.402 60.00 60.4900 9.0 -0.489 -0.605
84.423 60.00 60.4800 9.0 -0.483 -0.585
84.442 60.00 60.4900 9.0 -0.486 -0.595
84.463 60.00 60.4800 9.0 -0.478 -0.573
84.482 60.00 60.4900 9.0 -0.489 -0.602
84.503 60.00 60.4600 9.0 -0.454 -0.505
84.522 60.00 60.4800 9.0 -0.476 -0.564
84.543 60.00 60.4800 9.0 -0.479 -0.574
84.562 60.00 60.4800 9.0 -0.482 -0.581
84.584 60.00 60.4900 9.0 -0.491 -0.607
84.603 60.00 60.4800 9.0 -0.476 -0.563
84.624 60.00 60.4800 9.0 -0.481 -0.577
84.643 60.00 60.4900 9.0 -0.491 -0.604
84.664 60.00 60.4800 9.0 -0.475 -0.560
84.683 60.00 60.4800 9.0 -0.484 -0.583
84.704 60.00 60.5000 9.0 -0.502 -0.634
84.724 60.00 60.4900 9.0 -0.486 -0.590
84.743 60.00 60.4800 9.0 -0.474 -0.554
84.764 60.00 60.4900 9.0 -0.488 -0.593
84.783 60.00 60.5400 9.0 -0.536 -0.729
84.804 60.00 60.5000 9.0 -0.498 -0.620
84.823 60.00 60.4900 9.0 -0.494 -0.608
84.844 60.00 60.4800 9.0 -0.483 -0.576
84.863 60.00 60.4900 9.0 -0.485 -0.582
84.884 60.00 60.4900 9.0 -0.493 -0.604
84.903 60.00 60.5000 9.0 -0.497 -0.615
84.924 60.00 60.4900 9.0 -0.487 -0.587
84.943 60.00 60.4900 9.0 -0.491 -0.598
84.965 60.00 60.4900 9.0 -0.488 -0.590
84.984 60.00 60.5000 9.0 -0.495 -0.609
85.005 60.00 60.4700 9.0 -0.467 -0.529
85.024 60.00 60.5000 9.0 -0.497 -0.614
85.045 60.00 60.5000 9.0 -0.495 -0.606
85.063 60.00 60.4900 9.0 -0.492 -0.598
85.084 60.00 60.4900 9.0 -0.485 -0.577
85.103 60.00 60.4900 9.0 -0.487 -0.583
85.124 60.00 60.5000 9.0 -0.497 -0.610
85.143 60.00 60.4700 9.0 -0.473 -0.543
85.164 60.00 60.5100 9.0 -0.504 -0.630
85.183 60.00 60.5000 9.0 -0.495 -0.605
85.204 60.00 60.5000 9.0 -0.494 -0.601
85.224 60.00 60.5000 9.0 -0.495 -0.602
85.244 60.00 60.4900 9.0 -0.491 -0.591
85.265 60.00 60.5100 9.0 -0.504 -0.628
85.284 60.00 60.4900 9.0 -0.485 -0.575
85.305 60.00 60.4900 9.0 -0.488 -0.583
85.324 60.00 60.5000 9.0 -0.497 -0.606
85.345 60.00 60.4900 9.0 -0.489 -0.584
85.364 60.00 60.4900 9.0 -0.488 -0.582
85.385 60.00 60.4900 9.0 -0.486 -0.574
85.404 60.00 60.4900 9.0 -0.485 -0.572
85.425 60.00 60.4800 9.0 -0.478 -0.552
85.443 60.00 60.4900 9.0 -0.492 -0.591
85.464 60.00 60.5000 9.0 -0.500 -0.614
85.483 60.00 60.4800 9.0 -0.476 -0.544
85.504 60.00 60.5000 9.0 -0.501 -0.616
85.523 60.00 60.5100 9.0 -0.508 -0.633
85.544 60.00 60.4900 9.0 -0.491 -0.586
85.563 60.00 60.4900 9.0 -0.488 -0.578
85.584 60.00 60.5000 9.0 -0.496 -0.598
85.603 60.00 60.5000 9.0 -0.502 -0.615
85.624 60.00 60.4900 9.0 -0.493 -0.590
85.643 60.00 60.4800 9.0 -0.478 -0.549
85.664 60.00 60.5100 9.0 -0.505 -0.622
85.683 60.00 60.5100 9.0 -0.507 -0.627
85.704 60.00 60.4900 9.0 -0.485 -0.565
85.724 60.00 60.5000 9.0 -0.500 -0.607
85.745 60.00 60.5000 9.0 -0.496 -0.595
85.765 60.00 60.5000 9.0 -0.496 -0.596
85.785 60.00 60.5100 9.0 -0.508 -0.630
85.806 60.00 60.5000 9.0 -0.500 -0.605
85.825 60.00 60.5100 9.0 -0.504 -0.617
85.846 60.00 60.5100 9.0 -0.506 -0.622
85.864 60.00 60.5000 9.0 -0.500 -0.605
85.885 60.00 60.5000 9.0 -0.494 -0.588
85.904 60.00 60.5000 9.0 -0.500 -0.605
85.925 60.00 60.4800 9.0 -0.483 -0.555
85.944 60.00 60.5000 9.0 -0.498 -0.598
85.965 60.00 60.5000 9.0 -0.495 -0.588
85.984 60.00 60.6300 9.0 -0.624 -0.949
86.005 60.00 60.5200 9.0 -0.516 -0.646
86.024 60.00 60.5000 9.0 -0.496 -0.589
86.045 60.00 60.2700 9.0 -0.268 0.048
86.065 60.00 60.5000 9.0 -0.494 -0.585
86.086 60.00 60.5000 9.0 -0.495 -0.587
86.105 60.00 60.5000 9.0 -0.502 -0.607
86.126 60.00 60.5000 9.0 -0.501 -0.603
86.145 60.00 60.5000 9.0 -0.502 -0.605
86.166 60.00 60.5100 9.0 -0.504 -0.611
86.185 60.00 60.5000 9.0 -0.498 -0.593
86.206 60.00 60.5000 9.0 -0.503 -0.608
86.224 60.00 60.5000 9.0 -0.495 -0.583
86.245 60.00 60.5100 9.0 -0.506 -0.613
86.265 60.00 60.5000 9.0 -0.501 -0.601
86.284 60.00 60.5000 9.0 -0.495 -0.583
86.305 60.00 60.5200 9.0 -0.515 -0.637
86.324 60.00 60.5000 9.0 -0.503 -0.606
86.345 60.00 60.5100 9.0 -0.505 -0.608
86.364 60.00 60.5000 9.0 -0.497 -0.587
86.385 60.00 60.5100 9.0 -0.510 -0.622
86.404 60.00 60.5000 9.0 -0.494 -0.578
86.426 60.00 60.5100 9.0 -0.507 -0.614
86.445 60.00 60.5100 9.0 -0.505 -0.608
86.466 60.00 60.4900 9.0 -0.493 -0.573
86.485 60.00 60.5200 9.0 -0.521 -0.651
86.506 60.00 60.5000 9.0 -0.501 -0.596
86.525 60.00 60.5000 9.0 -0.501 -0.596
86.545 60.00 60.5000 9.0 -0.500 -0.591
86.564 60.00 60.5000 9.0 -0.500 -0.591
86.585 60.00 60.5100 9.0 -0.504 -0.602
86.604 60.00 60.5100 9.0 -0.504 -0.602
86.625 60.00 60.7300 9.0 -0.727 -1.226
86.644 60.00 60.5200 9.0 -0.515 -0.630
86.665 60.00 60.5100 9.0 -0.510 -0.615
86.684 60.00 60.5000 9.0 -0.497 -0.578
86.705 60.00 60.5100 9.0 -0.507 -0.606
86.724 60.00 60.5000 9.0 -0.503 -0.595
86.745 60.00 60.5000 9.0 -0.498 -0.580
86.765 60.00 60.5100 9.0 -0.510 -0.613
86.784 60.00 60.5000 9.0 -0.496 -0.575
86.807 60.00 60.5000 9.0 -0.498 -0.579
86.826 60.00 60.5100 9.0 -0.508 -0.606
86.847 60.00 60.5000 9.0 -0.502 -0.590
86.866 60.00 60.5100 9.0 -0.509 -0.608
86.887 60.00 60.5000 9.0 -0.498 -0.577
86.905 60.00 60.5100 9.0 -0.513 -0.621
86.926 60.00 60.5200 9.0 -0.514 -0.622
86.945 60.00 60.5100 9.0 -0.513 -0.620
86.966 60.00 60.5300 9.0 -0.524 -0.649
86.985 60.00 60.5100 9.0 -0.511 -0.613
87.006 60.00 60.5000 9.0 -0.496 -0.569
87.025 60.00 60.5200 9.0 -0.518 -0.630
87.046 60.00 60.5100 9.0 -0.505 -0.593
87.065 60.00 60.5100 9.0 -0.509 -0.604
87.087 60.00 60.5100 9.0 -0.512 -0.613
87.106 60.00 60.5100 9.0 -0.504 -0.591
87.127 60.00 60.5000 9.0 -0.502 -0.586
87.146 60.00 60.5200 9.0 -0.519 -0.631
87.167 60.00 60.5200 9.0 -0.520 -0.635
87.186 60.00 60.5200 9.0 -0.523 -0.642
87.207 60.00 60.5200 9.0 -0.517 -0.624
87.225 60.00 60.4900 9.0 -0.486 -0.538
87.246 60.00 60.5100 9.0 -0.513 -0.613
87.266 60.00 60.5100 9.0 -0.512 -0.609
87.286 60.00 60.5100 9.0 -0.509 -0.602
87.306 60.00 60.5200 9.0 -0.521 -0.633
87.325 60.00 60.5000 9.0 -0.499 -0.573
87.346 60.00 60.5200 9.0 -0.517 -0.622
87.365 60.00 60.5200 9.0 -0.515 -0.618
87.386 60.00 60.5100 9.0 -0.508 -0.595
87.405 60.00 60.5100 9.0 -0.508 -0.595
87.426 60.00 60.5000 9.0 -0.499 -0.571
87.446 60.00 60.5300 9.0 -0.529 -0.655
87.467 60.00 60.5100 9.0 -0.512 -0.607
87.486 60.00 60.5000 9.0 -0.503 -0.582
87.507 60.00 60.5200 9.0 -0.520 -0.627
87.526 60.00 60.5100 9.0 -0.511 -0.603
87.547 60.00 60.5100 9.0 -0.505 -0.584
87.565 60.00 60.5100 9.0 -0.511 -0.601
87.586 60.00 60.5200 9.0 -0.519 -0.624
87.605 60.00 60.5300 9.0 -0.529 -0.652
87.626 60.00 60.5300 9.0 -0.533 -0.663
87.645 60.00 60.5100 9.0 -0.513 -0.606
87.666 60.00 60.5100 9.0 -0.506 -0.584
87.685 60.00 60.5200 9.0 -0.521 -0.626
87.706 60.00 60.5300 9.0 -0.529 -0.649
87.725 60.00 60.5200 9.0 -0.517 -0.615
87.747 60.00 60.5200 9.0 -0.521 -0.625
87.766 60.00 60.5300 9.0 -0.526 -0.639
87.787 60.00 60.5100 9.0 -0.511 -0.596
87.807 60.00 60.5200 9.0 -0.515 -0.609
87.826 60.00 60.5100 9.0 -0.506 -0.582
87.848 60.00 60.5200 9.0 -0.523 -0.629
87.866 60.00 60.5300 9.0 -0.524 -0.632
87.887 60.00 60.5200 9.0 -0.522 -0.626
87.906 60.00 60.5300 9.0 -0.528 -0.642
87.927 60.00 60.5300 9.0 -0.527 -0.639
87.946 60.00 60.5100 9.0 -0.505 -0.575
87.967 60.00 60.5200 9.0 -0.518 -0.613
87.986 60.00 60.5100 9.0 -0.511 -0.592
88.007 60.00 60.5000 9.0 -0.503 -0.570
88.026 60.00 60.5200 9.0 -0.522 -0.624
88.047 60.00 60.5300 9.0 -0.524 -0.629
88.067 60.00 60.5200 9.0 -0.515 -0.603
88.088 60.00 60.5400 9.0 -0.538 -0.668
88.107 60.00 60.5200 9.0 -0.517 -0.606
88.128 60.00 60.5100 9.0 -0.505 -0.574
88.147 60.00 60.5200 9.0 -0.523 -0.624
88.168 60.00 60.5300 9.0 -0.525 -0.628
88.186 60.00 60.5200 9.0 -0.520 -0.613
88.207 60.00 60.5200 9.0 -0.522 -0.620
88.226 60.00 60.5300 9.0 -0.529 -0.640
88.247 60.00 60.5300 9.0 -0.525 -0.628
88.266 60.00 60.5200 9.0 -0.521 -0.615
88.287 60.00 60.5400 9.0 -0.535 -0.655
88.307 60.00 60.5200 9.0 -0.520 -0.611
88.326 60.00 60.5200 9.0 -0.520 -0.612
88.347 60.00 60.5500 9.0 -0.544 -0.679
88.366 60.00 60.5200 9.0 -0.522 -0.617
88.387 60.00 60.5300 9.0 -0.525 -0.624
88.407 60.00 60.5300 9.0 -0.526 -0.628
88.428 60.00 60.5200 9.0 -0.515 -0.594
88.447 60.00 60.5400 9.0 -0.539 -0.662
88.468 60.00 60.5400 9.0 -0.536 -0.654
88.487 60.00 60.5400 9.0 -0.535 -0.651
88.508 60.00 60.5300 9.0 -0.527 -0.627
88.526 60.00 60.5200 9.0 -0.517 -0.599
88.547 60.00 60.5200 9.0 -0.514 -0.590
88.566 60.00 60.5200 9.0 -0.520 -0.606
88.587 60.00 60.5300 9.0 -0.526 -0.624
88.606 60.00 60.5300 9.0 -0.525 -0.621
88.627 60.00 60.5300 9.0 -0.527 -0.625
88.646 60.00 60.5300 9.0 -0.525 -0.619
88.667 60.00 60.5300 9.0 -0.533 -0.640
88.686 60.00 60.5300 9.0 -0.531 -0.636
88.707 60.00 60.6100 9.0 -0.606 -0.844
88.726 60.00 60.5200 9.0 -0.519 -0.599
88.748 60.00 60.5400 9.0 -0.542 -0.663
88.767 60.00 60.5400 9.0 -0.538 -0.652
88.788 60.00 60.5300 9.0 -0.531 -0.633
88.808 60.00 60.5400 9.0 -0.544 -0.667
88.827 60.00 60.5400 9.0 -0.534 -0.641
88.847 60.00 60.5400 9.0 -0.534 -0.640
88.867 60.00 60.5200 9.0 -0.514 -0.583
88.888 60.00 60.5200 9.0 -0.522 -0.606
88.907 60.00 60.5200 9.0 -0.523 -0.607
88.928 60.00 60.5300 9.0 -0.530 -0.627
88.947 60.00 60.5300 9.0 -0.528 -0.621
88.968 60.00 60.5300 9.0 -0.531 -0.628
88.987 60.00 60.5500 9.0 -0.545 -0.668
89.008 60.00 60.5200 9.0 -0.523 -0.605
89.027 60.00 60.5400 9.0 -0.543 -0.662
89.049 60.00 60.5300 9.0 -0.526 -0.613
89.068 60.00 60.5300 9.0 -0.533 -0.632
89.089 60.00 60.5400 9.0 -0.535 -0.637
89.108 60.00 60.5300 9.0 -0.532 -0.630
89.129 60.00 60.5300 9.0 -0.528 -0.617
89.148 60.00 60.5400 9.0 -0.538 -0.644
89.169 60.00 60.5300 9.0 -0.531 -0.626
89.187 60.00 60.5500 9.0 -0.550 -0.678
89.208 60.00 60.5100 9.0 -0.510 -0.566
89.228 60.00 60.5400 9.0 -0.543 -0.658
89.249 60.00 60.5400 9.0 -0.538 -0.642
89.268 60.00 60.5200 9.0 -0.522 -0.599
89.289 60.00 60.5300 9.0 -0.526 -0.608
89.308 60.00 60.5400 9.0 -0.535 -0.634
89.329 60.00 60.5600 9.0 -0.563 -0.711
89.349 60.00 60.5500 9.0 -0.547 -0.665
89.368 60.00 60.5600 9.0 -0.562 -0.707
89.388 60.00 60.5400 9.0 -0.543 -0.653
89.407 60.00 60.5300 9.0 -0.525 -0.604
89.428 60.00 60.5800 9.0 -0.575 -0.742
89.447 60.00 60.5600 9.0 -0.554 -0.683
89.468 60.00 60.5300 9.0 -0.534 -0.626
89.487 60.00 60.5400 9.0 -0.537 -0.634
89.508 60.00 60.5400 9.0 -0.537 -0.634
89.527 60.00 60.5500 9.0 -0.546 -0.659
89.548 60.00 60.5500 9.0 -0.552 -0.677
89.567 60.00 60.5500 9.0 -0.545 -0.655
89.588 60.00 60.5400 9.0 -0.537 -0.634
89.607 60.00 60.5300 9.0 -0.532 -0.617
89.629 60.00 60.5500 9.0 -0.547 -0.661
89.648 60.00 60.5400 9.0 -0.535 -0.625
89.669 60.00 60.5700 9.0 -0.566 -0.711
89.688 60.00 60.5300 9.0 -0.533 -0.620
89.709 60.00 60.5500 9.0 -0.547 -0.659
89.727 60.00 60.5400 9.0 -0.543 -0.647
89.748 60.00 60.5500 9.0 -0.547 -0.658
89.767 60.00 60.5400 9.0 -0.540 -0.636
89.788 60.00 60.5600 9.0 -0.556 -0.682
89.808 60.00 60.5400 9.0 -0.542 -0.641
89.828 60.00 60.5500 9.0 -0.549 -0.661
89.848 60.00 60.5400 9.0 -0.535 -0.622
89.867 60.00 60.5400 9.0 -0.542 -0.640
89.889 60.00 60.5500 9.0 -0.544 -0.646
89.908 60.00 60.5500 9.0 -0.548 -0.658
89.930 60.00 60.5600 9.0 -0.554 -0.673
89.949 60.00 60.5500 9.0 -0.554 -0.671
89.970 60.00 60.5500 9.0 -0.552 -0.668
89.989 60.00 60.5500 9.0 -0.549 -0.659
90.010 60.00 60.5500 9.0 -0.551 -0.664
90.029 60.00 60.5500 9.0 -0.550 -0.661
90.050 60.00 60.5400 9.0 -0.539 -0.628
90.069 60.00 60.5400 9.0 -0.542 -0.635
90.089 60.00 60.5500 9.0 -0.550 -0.658
90.108 60.00 60.5500 9.0 -0.552 -0.665
90.129 60.00 61.7100 9.0 -1.708 -3.899
90.148 60.00 60.5600 9.0 -0.557 -0.669
90.169 60.00 60.5400 9.0 -0.536 -0.610
90.188 60.00 60.5400 9.0 -0.543 -0.627
90.209 60.00 60.5400 9.0 -0.540 -0.619
90.228 60.00 60.5400 9.0 -0.540 -0.619
90.249 60.00 60.5300 9.0 -0.531 -0.595
90.268 60.00 60.5500 9.0 -0.551 -0.650
90.290 60.00 60.5500 9.0 -0.553 -0.655
90.309 60.00 60.5400 9.0 -0.543 -0.625
90.330 60.00 60.5500 9.0 -0.547 -0.638
90.349 60.00 60.5600 9.0 -0.554 -0.657
90.370 60.00 60.5300 9.0 -0.533 -0.597
90.390 60.00 60.5500 9.0 -0.545 -0.630
90.408 60.00 60.5500 9.0 -0.550 -0.644
90.429 60.00 60.5500 9.0 -0.545 -0.630
90.448 60.00 60.5500 9.0 -0.546 -0.632
90.469 60.00 60.5600 9.0 -0.557 -0.662
90.488 60.00 60.5500 9.0 -0.550 -0.643
90.509 60.00 60.5600 9.0 -0.561 -0.674
90.528 60.00 60.5500 9.0 -0.552 -0.647
90.549 60.00 60.5600 9.0 -0.555 -0.654
90.568 60.00 60.5500 9.0 -0.549 -0.640
90.589 60.00 60.5700 9.0 -0.573 -0.705
90.608 60.00 60.4700 9.0 -0.466 -0.405
90.629 60.00 60.5600 9.0 -0.563 -0.677
90.649 60.00 60.5300 9.0 -0.534 -0.594
90.670 60.00 60.5600 9.0 -0.558 -0.663
90.689 60.00 60.5400 9.0 -0.540 -0.610
90.710 60.00 60.5500 9.0 -0.546 -0.627
90.729 60.00 60.5500 9.0 -0.548 -0.633
90.750 60.00 60.5500 9.0 -0.550 -0.640
90.768 60.00 60.5600 9.0 -0.563 -0.676
90.789 60.00 60.5600 9.0 -0.563 -0.675
90.808 60.00 60.5400 9.0 -0.540 -0.609
90.829 60.00 60.5300 9.0 -0.533 -0.589
90.849 60.00 60.5400 9.0 -0.543 -0.618
90.869 60.00 61.1500 9.0 -1.147 -2.307
90.889 60.00 60.5500 9.0 -0.545 -0.617
90.909 60.00 60.5700 9.0 -0.567 -0.678
90.930 60.00 60.5500 9.0 -0.551 -0.635
90.949 60.00 60.5700 9.0 -0.569 -0.684
90.971 60.00 60.5500 9.0 -0.549 -0.627
90.990 60.00 60.5600 9.0 -0.557 -0.650
91.011 60.00 60.5700 9.0 -0.565 -0.672
91.030 60.00 60.5400 9.0 -0.537 -0.594
91.050 60.00 60.5700 9.0 -0.573 -0.693
91.069 60.00 60.5600 9.0 -0.563 -0.666
91.090 60.00 60.5600 9.0 -0.562 -0.661
91.109 60.00 60.5600 9.0 -0.562 -0.661
91.130 60.00 60.5500 9.0 -0.554 -0.637
91.149 60.00 60.5700 9.0 -0.568 -0.677
91.170 60.00 60.5500 9.0 -0.552 -0.633
91.189 60.00 60.5500 9.0 -0.550 -0.626
91.210 60.00 60.5700 9.0 -0.567 -0.672
91.229 60.00 60.5600 9.0 -0.559 -0.650
91.250 60.00 60.5600 9.0 -0.557 -0.645
91.269 60.00 60.5600 9.0 -0.556 -0.641
91.291 60.00 60.5600 9.0 -0.563 -0.660
91.310 60.00 60.5700 9.0 -0.573 -0.688
91.331 60.00 60.5600 9.0 -0.558 -0.645
91.350 60.00 60.5600 9.0 -0.555 -0.638
91.371 60.00 60.5600 9.0 -0.562 -0.657
91.391 60.00 60.5700 9.0 -0.565 -0.665
91.410 60.00 60.5600 9.0 -0.563 -0.658
91.430 60.00 60.5600 9.0 -0.560 -0.649
91.449 60.00 60.5800 9.0 -0.581 -0.709
91.470 60.00 60.5600 9.0 -0.562 -0.654
91.489 60.00 60.5700 9.0 -0.573 -0.686
91.510 60.00 60.5600 9.0 -0.558 -0.643
91.529 60.00 60.5500 9.0 -0.547 -0.611
91.550 60.00 60.5700 9.0 -0.572 -0.682
91.569 60.00 60.5600 9.0 -0.559 -0.644
91.590 60.00 60.5800 9.0 -0.578 -0.697
91.609 60.00 60.5900 9.0 -0.592 -0.735
91.630 60.00 60.5600 9.0 -0.563 -0.655
91.650 60.00 60.5700 9.0 -0.571 -0.675
91.671 60.00 60.5800 9.0 -0.575 -0.688
91.690 60.00 60.5700 9.0 -0.571 -0.675
91.711 60.00 60.5800 9.0 -0.575 -0.686
91.730 60.00 60.5700 9.0 -0.564 -0.655
91.751 60.00 60.5600 9.0 -0.562 -0.650
91.770 60.00 60.5700 9.0 -0.564 -0.654
91.791 60.00 60.5700 9.0 -0.566 -0.658
91.809 60.00 60.5900 9.0 -0.593 -0.735
91.830 60.00 60.5700 9.0 -0.566 -0.659
91.849 60.00 60.5600 9.0 -0.561 -0.645
91.870 60.00 60.5800 9.0 -0.574 -0.680
91.890 60.00 60.5800 9.0 -0.574 -0.679
91.909 60.00 60.5600 9.0 -0.561 -0.644
91.931 60.00 60.5700 9.0 -0.568 -0.661
91.950 60.00 60.5600 9.0 -0.557 -0.632
91.971 60.00 60.5600 9.0 -0.560 -0.640
91.990 60.00 60.5700 9.0 -0.571 -0.670
92.012 60.00 60.5600 9.0 -0.560 -0.639
92.031 60.00 60.5800 9.0 -0.583 -0.701
92.052 60.00 60.5600 9.0 -0.563 -0.645
92.071 60.00 60.5700 9.0 -0.568 -0.659
92.092 60.00 60.5800 9.0 -0.583 -0.700
92.110 60.00 60.5600 9.0 -0.561 -0.638
92.131 60.00 60.5900 9.0 -0.585 -0.705
92.150 60.00 60.5700 9.0 -0.569 -0.660
92.171 60.00 60.5700 9.0 -0.572 -0.669
92.190 60.00 60.5700 9.0 -0.569 -0.660
92.211 60.00 60.4700 9.0 -0.473 -0.391
92.230 60.00 60.5700 9.0 -0.570 -0.662
92.251 60.00 60.5800 9.0 -0.576 -0.680
92.271 60.00 60.5900 9.0 -0.591 -0.719
92.292 60.00 60.5700 9.0 -0.572 -0.668
92.311 60.00 60.5600 9.0 -0.557 -0.625
92.332 60.00 60.5700 9.0 -0.567 -0.651
92.351 60.00 60.5700 9.0 -0.570 -0.661
92.372 60.00 60.5800 9.0 -0.576 -0.678
92.391 60.00 60.5800 9.0 -0.581 -0.691
92.412 60.00 60.5900 9.0 -0.590 -0.714
92.431 60.00 60.5800 9.0 -0.574 -0.670
92.450 60.00 60.5800 9.0 -0.574 -0.671
92.471 60.00 60.5600 9.0 -0.558 -0.625
92.490 60.00 60.5700 9.0 -0.573 -0.667
92.511 60.00 60.5700 9.0 -0.568 -0.651
92.530 60.00 60.5700 9.0 -0.573 -0.666
92.551 60.00 60.5900 9.0 -0.586 -0.703
92.570 60.00 60.5700 9.0 -0.568 -0.651
92.591 60.00 60.6000 9.0 -0.597 -0.731
92.610 60.00 60.5800 9.0 -0.576 -0.672
92.632 60.00 60.8200 9.0 -0.816 -1.344
92.651 60.00 60.5800 9.0 -0.583 -0.690
92.672 60.00 60.5800 9.0 -0.582 -0.685
92.691 60.00 60.5800 9.0 -0.574 -0.663
92.712 60.00 60.6000 9.0 -0.603 -0.743
92.731 60.00 60.5800 9.0 -0.574 -0.663
92.751 60.00 60.5700 9.0 -0.569 -0.648
92.770 60.00 60.5700 9.0 -0.573 -0.658
92.791 60.00 60.5800 9.0 -0.580 -0.679
92.810 60.00 60.5700 9.0 -0.570 -0.650
92.831 60.00 60.5700 9.0 -0.567 -0.641
92.850 60.00 60.5900 9.0 -0.593 -0.714
92.871 60.00 60.5800 9.0 -0.579 -0.674
92.891 60.00 60.5600 9.0 -0.557 -0.613
92.911 60.00 60.5500 9.0 -0.545 -0.577
92.931 60.00 60.5700 9.0 -0.571 -0.650
92.950 60.00 59.9900 9.0 0.009 0.973
92.973 60.00 60.5900 9.0 -0.587 -0.700
92.992 60.00 60.5800 9.0 -0.576 -0.668
93.013 60.00 60.5800 9.0 -0.576 -0.668
93.032 60.00 60.6000 9.0 -0.595 -0.721
93.053 60.00 60.5900 9.0 -0.589 -0.702
93.072 60.00 60.5800 9.0 -0.578 -0.672
93.093 60.00 60.5800 9.0 -0.584 -0.687
93.111 60.00 60.5900 9.0 -0.588 -0.699
93.132 60.00 60.5900 9.0 -0.591 -0.705
93.151 60.00 60.5700 9.0 -0.572 -0.654
93.172 60.00 60.5700 9.0 -0.570 -0.646
93.191 60.00 60.5900 9.0 -0.585 -0.690
93.212 60.00 60.5800 9.0 -0.580 -0.675
93.231 60.00 60.6000 9.0 -0.598 -0.725
93.252 60.00 60.5800 9.0 -0.576 -0.663
93.271 60.00 60.5800 9.0 -0.578 -0.669
93.293 60.00 60.5900 9.0 -0.590 -0.701
93.312 60.00 60.5900 9.0 -0.586 -0.690
93.333 60.00 60.5800 9.0 -0.578 -0.668
93.352 60.00 60.6000 9.0 -0.596 -0.717
93.373 60.00 60.5900 9.0 -0.593 -0.708
93.392 60.00 60.5900 9.0 -0.586 -0.687
93.413 60.00 60.6000 9.0 -0.599 -0.723
93.432 60.00 60.5900 9.0 -0.592 -0.704
93.451 60.00 60.5900 9.0 -0.593 -0.705
93.472 60.00 60.5600 9.0 -0.562 -0.619
93.491 60.00 60.5800 9.0 -0.575 -0.656
93.512 60.00 60.5900 9.0 -0.587 -0.687
93.531 60.00 60.6000 9.0 -0.598 -0.718
93.552 60.00 60.5900 9.0 -0.584 -0.680
93.571 60.00 60.5900 9.0 -0.590 -0.695
93.592 60.00 60.6000 9.0 -0.597 -0.715
93.611 60.00 60.5900 9.0 -0.589 -0.691
93.632 60.00 60.6100 9.0 -0.607 -0.742
93.652 60.00 60.5700 9.0 -0.568 -0.631
93.673 60.00 60.6000 9.0 -0.594 -0.705
93.692 60.00 60.6100 9.0 -0.609 -0.747
93.713 60.00 60.5900 9.0 -0.587 -0.685
93.732 60.00 60.5900 9.0 -0.591 -0.694
93.753 60.00 60.5900 9.0 -0.590 -0.690
93.772 60.00 60.5800 9.0 -0.581 -0.665
93.792 60.00 60.5900 9.0 -0.590 -0.690
93.811 60.00 60.5900 9.0 -0.591 -0.693
93.832 60.00 60.6100 9.0 -0.606 -0.735
93.851 60.00 60.5900 9.0 -0.591 -0.692
93.872 60.00 60.5900 9.0 -0.585 -0.676
93.891 60.00 60.5900 9.0 -0.590 -0.687
93.912 60.00 60.5900 9.0 -0.593 -0.697
93.932 60.00 60.6100 9.0 -0.607 -0.736
93.951 60.00 60.6000 9.0 -0.602 -0.721
93.974 60.00 60.5900 9.0 -0.593 -0.694
93.993 60.00 60.5900 9.0 -0.587 -0.677
94.014 60.00 60.6000 9.0 -0.598 -0.709
94.033 60.00 60.6000 9.0 -0.604 -0.723
94.054 60.00 60.6000 9.0 -0.598 -0.708
94.073 60.00 60.5800 9.0 -0.582 -0.661
94.094 60.00 60.6000 9.0 -0.596 -0.702
94.112 60.00 60.6000 9.0 -0.598 -0.707
94.133 60.00 60.5600 9.0 -0.558 -0.593
94.152 60.00 60.6000 9.0 -0.596 -0.701
94.173 60.00 60.6000 9.0 -0.602 -0.717
94.192 60.00 60.6000 9.0 -0.600 -0.710
94.213 60.00 60.6000 9.0 -0.601 -0.712
94.232 60.00 60.5900 9.0 -0.592 -0.687
94.253 60.00 60.6000 9.0 -0.599 -0.707
94.272 60.00 60.6100 9.0 -0.604 -0.720
94.293 60.00 60.6000 9.0 -0.600 -0.709
94.313 60.00 60.3500 9.0 -0.349 -0.006
94.334 60.00 60.6100 9.0 -0.612 -0.743
94.353 60.00 60.6100 9.0 -0.609 -0.735
94.374 60.00 60.6000 9.0 -0.597 -0.699
94.393 60.00 60.6000 9.0 -0.600 -0.707
94.414 60.00 60.5900 9.0 -0.593 -0.688
94.433 60.00 60.6200 9.0 -0.614 -0.746
94.453 60.00 60.6200 9.0 -0.615 -0.748
94.474 60.00 60.6000 9.0 -0.596 -0.695
94.493 60.00 60.6000 9.0 -0.603 -0.712
94.514 60.00 60.5900 9.0 -0.592 -0.683
94.533 60.00 60.5900 9.0 -0.591 -0.679
94.554 60.00 60.6100 9.0 -0.608 -0.725
94.573 60.00 60.5900 9.0 -0.592 -0.680
94.594 60.00 60.6000 9.0 -0.599 -0.700
94.612 60.00 60.6000 9.0 -0.596 -0.693
94.633 60.00 60.6000 9.0 -0.597 -0.694
94.652 60.00 60.6300 9.0 -0.628 -0.779
94.673 60.00 60.6100 9.0 -0.613 -0.738
94.692 60.00 60.6000 9.0 -0.601 -0.704
94.713 60.00 60.6100 9.0 -0.609 -0.725
94.732 60.00 60.6100 9.0 -0.608 -0.721
94.753 60.00 60.6000 9.0 -0.604 -0.710
94.772 60.00 60.6100 9.0 -0.604 -0.711
94.793 60.00 60.6000 9.0 -0.595 -0.685
94.813 60.00 60.6100 9.0 -0.611 -0.728
94.834 60.00 60.6100 9.0 -0.610 -0.726
94.853 60.00 60.6000 9.0 -0.601 -0.700
94.874 60.00 60.6100 9.0 -0.607 -0.716
94.893 60.00 60.6000 9.0 -0.602 -0.703
94.914 60.00 60.6200 9.0 -0.621 -0.755
94.933 60.00 60.6200 9.0 -0.619 -0.748
94.953 60.00 60.6100 9.0 -0.606 -0.711
94.973 60.00 60.6200 9.0 -0.619 -0.748
94.992 60.00 60.6000 9.0 -0.602 -0.701
95.014 60.00 60.6100 9.0 -0.610 -0.722
95.033 60.00 60.6100 9.0 -0.613 -0.731
95.054 60.00 60.6100 9.0 -0.611 -0.722
95.073 60.00 60.6100 9.0 -0.611 -0.724
95.094 60.00 60.6100 9.0 -0.610 -0.720
95.113 60.00 60.6100 9.0 -0.612 -0.725
95.135 60.00 60.6000 9.0 -0.599 -0.688
95.154 60.00 60.6100 9.0 -0.611 -0.720
95.175 60.00 60.6000 9.0 -0.594 -0.673
95.194 60.00 60.6200 9.0 -0.616 -0.735
95.215 60.00 60.6100 9.0 -0.607 -0.708
95.234 60.00 60.6000 9.0 -0.603 -0.698
95.255 60.00 60.6100 9.0 -0.611 -0.718
95.273 60.00 60.6000 9.0 -0.600 -0.688
95.294 60.00 60.6000 9.0 -0.601 -0.691
95.313 60.00 60.6100 9.0 -0.604 -0.699
95.334 60.00 60.6200 9.0 -0.622 -0.748
95.353 60.00 60.6200 9.0 -0.620 -0.744
95.374 60.00 60.6000 9.0 -0.604 -0.696
95.393 60.00 60.6100 9.0 -0.606 -0.702
95.414 60.00 60.6200 9.0 -0.623 -0.750
95.433 60.00 60.6200 9.0 -0.622 -0.746
95.454 60.00 60.6200 9.0 -0.616 -0.730
95.474 60.00 60.6200 9.0 -0.620 -0.740
95.495 60.00 60.6000 9.0 -0.604 -0.693
95.515 60.00 60.6100 9.0 -0.612 -0.717
95.534 60.00 60.6200 9.0 -0.614 -0.722
95.555 60.00 60.6100 9.0 -0.608 -0.706
95.574 60.00 60.6100 9.0 -0.606 -0.699
95.594 60.00 60.6200 9.0 -0.616 -0.725
95.613 60.00 60.6200 9.0 -0.622 -0.742
95.634 60.00 60.6100 9.0 -0.611 -0.712
95.653 60.00 60.6100 9.0 -0.613 -0.717
95.674 60.00 60.6400 9.0 -0.635 -0.778
95.693 60.00 60.6100 9.0 -0.604 -0.691
95.714 60.00 60.6000 9.0 -0.601 -0.682
95.733 60.00 60.6300 9.0 -0.629 -0.759
95.754 60.00 60.6200 9.0 -0.615 -0.719
95.773 60.00 60.6200 9.0 -0.615 -0.719
95.794 60.00 60.6300 9.0 -0.624 -0.746
95.814 60.00 60.6100 9.0 -0.613 -0.715
95.835 60.00 60.6300 9.0 -0.626 -0.749
95.854 60.00 60.6100 9.0 -0.610 -0.704
95.875 60.00 60.6200 9.0 -0.615 -0.717
95.894 60.00 60.6200 9.0 -0.623 -0.739
95.915 60.00 60.6500 9.0 -0.653 -0.822
95.934 60.00 60.6300 9.0 -0.629 -0.754
95.954 60.00 60.6200 9.0 -0.617 -0.720
95.974 60.00 60.6100 9.0 -0.605 -0.686
95.994 60.00 60.6100 9.0 -0.613 -0.709
96.014 60.00 60.6300 9.0 -0.629 -0.754
96.034 60.00 60.6400 9.0 -0.637 -0.775
96.055 60.00 60.6100 9.0 -0.611 -0.701
96.074 60.00 60.6100 9.0 -0.606 -0.688
96.095 60.00 60.6300 9.0 -0.625 -0.742
96.114 60.00 60.6300 9.0 -0.628 -0.749
96.135 60.00 60.6100 9.0 -0.611 -0.699
96.155 60.00 60.6300 9.0 -0.625 -0.740
96.176 60.00 60.6200 9.0 -0.616 -0.713
96.195 60.00 60.6100 9.0 -0.613 -0.705
96.216 60.00 60.6300 9.0 -0.626 -0.741
96.235 60.00 60.6300 9.0 -0.630 -0.750
96.256 60.00 60.6500 9.0 -0.648 -0.801
96.275 60.00 60.6300 9.0 -0.632 -0.755
96.296 60.00 60.6200 9.0 -0.615 -0.707
96.314 60.00 60.6300 9.0 -0.629 -0.747
96.335 60.00 60.6200 9.0 -0.621 -0.725
96.354 60.00 60.6300 9.0 -0.629 -0.745
96.375 60.00 60.6400 9.0 -0.641 -0.779
96.394 60.00 60.6300 9.0 -0.626 -0.737
96.415 60.00 60.6300 9.0 -0.630 -0.748
96.434 60.00 60.6300 9.0 -0.631 -0.748
96.455 60.00 60.6200 9.0 -0.621 -0.721
96.474 60.00 60.6300 9.0 -0.630 -0.745
96.495 60.00 60.6400 9.0 -0.635 -0.761
96.515 60.00 60.6300 9.0 -0.625 -0.731
96.534 60.00 60.6500 9.0 -0.647 -0.793
96.556 60.00 60.6400 9.0 -0.642 -0.777
96.575 60.00 60.6300 9.0 -0.630 -0.744
96.596 60.00 60.6200 9.0 -0.623 -0.724
96.615 60.00 60.6300 9.0 -0.628 -0.736
96.636 60.00 60.6300 9.0 -0.630 -0.742
96.655 60.00 60.6300 9.0 -0.630 -0.742
96.676 60.00 60.6200 9.0 -0.623 -0.722
96.694 60.00 60.6300 9.0 -0.629 -0.737
96.715 60.00 60.6200 9.0 -0.617 -0.703
96.734 60.00 60.6400 9.0 -0.636 -0.758
96.755 60.00 60.6200 9.0 -0.615 -0.697
96.774 60.00 60.6300 9.0 -0.628 -0.733
96.795 60.00 60.4500 9.0 -0.446 -0.224
96.814 60.00 60.6300 9.0 -0.627 -0.730
96.835 60.00 60.6600 9.0 -0.656 -0.813
96.855 60.00 60.6400 9.0 -0.641 -0.769
96.876 60.00 60.6400 9.0 -0.637 -0.758
96.895 60.00 60.5000 9.0 -0.499 -0.370
96.916 60.00 60.6400 9.0 -0.641 -0.768
96.935 60.00 60.6200 9.0 -0.615 -0.696
96.956 60.00 60.6400 9.0 -0.639 -0.763
96.975 60.00 60.6300 9.0 -0.633 -0.745
96.995 60.00 60.6400 9.0 -0.636 -0.753
97.015 60.00 60.6300 9.0 -0.630 -0.735
97.034 60.00 60.6500 9.0 -0.654 -0.802
97.056 60.00 60.6300 9.0 -0.634 -0.745
97.075 60.00 60.6300 9.0 -0.632 -0.741
97.096 60.00 60.6300 9.0 -0.626 -0.723
97.115 60.00 60.6400 9.0 -0.641 -0.764
97.136 60.00 60.6400 9.0 -0.638 -0.755
97.155 60.00 60.6500 9.0 -0.650 -0.789
97.177 60.00 60.6500 9.0 -0.646 -0.776
97.196 60.00 60.6500 9.0 -0.653 -0.795
97.217 60.00 60.6300 9.0 -0.629 -0.729
97.236 60.00 60.6400 9.0 -0.640 -0.757
97.257 60.00 60.6500 9.0 -0.648 -0.780
97.276 60.00 60.6500 9.0 -0.649 -0.783
97.297 60.00 60.6400 9.0 -0.643 -0.765
97.316 60.00 60.6300 9.0 -0.627 -0.719
97.336 60.00 60.6300 9.0 -0.632 -0.734
97.355 60.00 60.6200 9.0 -0.620 -0.699
97.376 60.00 60.6300 9.0 -0.630 -0.726
97.395 60.00 60.6400 9.0 -0.640 -0.754
97.416 60.00 60.6400 9.0 -0.635 -0.742
97.435 60.00 60.6500 9.0 -0.652 -0.788
97.456 60.00 60.6600 9.0 -0.657 -0.800
97.475 60.00 60.6500 9.0 -0.644 -0.765
97.496 60.00 60.6500 9.0 -0.650 -0.780
97.516 60.00 60.6400 9.0 -0.638 -0.746
97.536 60.00 60.6500 9.0 -0.647 -0.772
97.556 60.00 60.6400 9.0 -0.636 -0.740
97.575 60.00 60.6400 9.0 -0.638 -0.745
97.597 60.00 60.6500 9.0 -0.647 -0.771
97.616 60.00 60.6500 9.0 -0.648 -0.772
97.637 60.00 60.6500 9.0 -0.648 -0.771
97.656 60.00 60.6300 9.0 -0.624 -0.705
97.677 60.00 60.6500 9.0 -0.648 -0.771
97.695 60.00 60.6400 9.0 -0.637 -0.741
97.716 60.00 60.6600 9.0 -0.655 -0.790
97.735 60.00 60.6600 9.0 -0.656 -0.793
97.756 60.00 60.6500 9.0 -0.646 -0.764
97.775 60.00 60.6400 9.0 -0.640 -0.746
97.796 60.00 60.6300 9.0 -0.625 -0.704
97.815 60.00 60.6400 9.0 -0.637 -0.738
97.836 60.00 60.6500 9.0 -0.646 -0.761
97.855 60.00 60.6400 9.0 -0.644 -0.755
97.876 60.00 60.6600 9.0 -0.656 -0.790
97.895 60.00 60.6600 9.0 -0.657 -0.790
97.917 60.00 60.6400 9.0 -0.642 -0.749
97.936 60.00 60.6400 9.0 -0.639 -0.739
97.957 60.00 60.6500 9.0 -0.648 -0.764
97.976 60.00 60.6500 9.0 -0.646 -0.759
97.997 60.00 60.6500 9.0 -0.652 -0.775
98.016 60.00 60.6500 9.0 -0.653 -0.776
98.037 60.00 60.6200 9.0 -0.618 -0.678
98.057 60.00 60.6300 9.0 -0.628 -0.705
98.076 60.00 60.6500 9.0 -0.648 -0.762
98.097 60.00 60.6400 9.0 -0.640 -0.738
98.116 60.00 60.6500 9.0 -0.649 -0.764
98.137 60.00 60.6600 9.0 -0.654 -0.778
98.156 60.00 60.6500 9.0 -0.649 -0.764
98.177 60.00 60.6400 9.0 -0.638 -0.732
98.196 60.00 60.6600 9.0 -0.656 -0.783
98.217 60.00 60.6600 9.0 -0.657 -0.785
98.236 60.00 60.6600 9.0 -0.654 -0.776
98.257 60.00 60.6600 9.0 -0.659 -0.790
98.276 60.00 60.6400 9.0 -0.636 -0.725
98.297 60.00 60.6400 9.0 -0.644 -0.745
98.317 60.00 60.6500 9.0 -0.654 -0.773
98.338 60.00 60.6500 9.0 -0.645 -0.747
98.357 60.00 60.6500 9.0 -0.648 -0.755
98.378 60.00 60.6600 9.0 -0.657 -0.780
98.397 60.00 60.6500 9.0 -0.651 -0.763
98.418 60.00 60.6500 9.0 -0.653 -0.768
98.437 60.00 60.6500 9.0 -0.653 -0.767
98.458 60.00 60.6500 9.0 -0.648 -0.753
98.476 60.00 60.6400 9.0 -0.643 -0.738
98.497 60.00 60.6500 9.0 -0.652 -0.763
98.516 60.00 60.6400 9.0 -0.640 -0.730
98.537 60.00 60.6600 9.0 -0.657 -0.776
98.557 60.00 60.6400 9.0 -0.638 -0.723
98.576 60.00 60.6500 9.0 -0.647 -0.749
98.597 60.00 60.6500 9.0 -0.646 -0.744
98.616 60.00 60.6500 9.0 -0.647 -0.748
98.637 60.00 60.6700 9.0 -0.666 -0.801
98.656 60.00 60.6700 9.0 -0.664 -0.794
98.677 60.00 60.6500 9.0 -0.646 -0.744
98.696 60.00 60.6500 9.0 -0.653 -0.763
98.718 60.00 60.6500 9.0 -0.653 -0.762
98.737 60.00 60.6300 9.0 -0.624 -0.681
98.758 60.00 60.6500 9.0 -0.649 -0.750
98.777 60.00 60.6500 9.0 -0.653 -0.761
98.798 60.00 60.6600 9.0 -0.659 -0.777
98.817 60.00 60.6500 9.0 -0.650 -0.751
98.838 60.00 60.6500 9.0 -0.648 -0.745
98.856 60.00 60.6500 9.0 -0.652 -0.757
98.877 60.00 60.6500 9.0 -0.648 -0.744
98.896 60.00 60.6600 9.0 -0.655 -0.764
98.917 60.00 60.6500 9.0 -0.649 -0.747
98.936 60.00 60.6500 9.0 -0.647 -0.742
98.957 60.00 60.6500 9.0 -0.647 -0.740
98.976 60.00 60.6600 9.0 -0.660 -0.776
98.997 60.00 60.6500 9.0 -0.654 -0.758
99.016 60.00 60.6600 9.0 -0.657 -0.768
99.038 60.00 60.6700 9.0 -0.666 -0.791
99.058 60.00 60.6600 9.0 -0.659 -0.773
99.077 60.00 60.6600 9.0 -0.656 -0.762
99.099 60.00 60.6700 9.0 -0.665 -0.787
99.118 60.00 60.6600 9.0 -0.663 -0.783
99.139 60.00 60.6600 9.0 -0.655 -0.759
99.158 60.00 60.6600 9.0 -0.660 -0.773
99.178 60.00 60.9600 9.0 -0.957 -1.602
99.197 60.00 60.6600 9.0 -0.654 -0.754
99.218 60.00 60.6600 9.0 -0.654 -0.754
99.237 60.00 60.6600 9.0 -0.663 -0.777
99.258 60.00 60.6700 9.0 -0.666 -0.785
99.277 60.00 60.6500 9.0 -0.652 -0.745
99.298 60.00 60.6500 9.0 -0.652 -0.744
99.317 60.00 60.6500 9.0 -0.650 -0.740
99.338 60.00 60.6600 9.0 -0.659 -0.763
99.357 60.00 60.6500 9.0 -0.647 -0.731
99.378 60.00 60.6700 9.0 -0.664 -0.777
99.397 60.00 60.6700 9.0 -0.669 -0.791
99.419 60.00 60.6800 9.0 -0.675 -0.807
99.438 60.00 60.6500 9.0 -0.646 -0.724
99.459 60.00 60.6600 9.0 -0.662 -0.770
99.478 60.00 60.6600 9.0 -0.656 -0.751
99.499 60.00 60.6600 9.0 -0.654 -0.748
99.518 60.00 60.6700 9.0 -0.670 -0.792
99.538 60.00 60.6500 9.0 -0.652 -0.739
99.558 60.00 60.6600 9.0 -0.662 -0.769
99.578 60.00 60.6600 9.0 -0.654 -0.746
99.598 60.00 60.6600 9.0 -0.660 -0.761
99.617 60.00 60.6600 9.0 -0.659 -0.758
99.638 60.00 60.6400 9.0 -0.642 -0.709
99.657 60.00 60.6700 9.0 -0.666 -0.776
99.679 60.00 60.6600 9.0 -0.661 -0.762
99.698 60.00 60.6600 9.0 -0.656 -0.749
99.719 60.00 60.6500 9.0 -0.649 -0.727
99.738 60.00 60.6700 9.0 -0.670 -0.787
99.759 60.00 60.6600 9.0 -0.661 -0.760
99.777 60.00 60.6500 9.0 -0.653 -0.738
99.798 60.00 60.6600 9.0 -0.654 -0.742
99.817 60.00 60.6700 9.0 -0.665 -0.770
99.838 60.00 60.6700 9.0 -0.665 -0.771
99.857 60.00 60.6500 9.0 -0.644 -0.712
99.878 60.00 60.6700 9.0 -0.666 -0.773
99.897 60.00 60.6600 9.0 -0.656 -0.743
99.918 60.00 60.6600 9.0 -0.660 -0.756
99.937 60.00 60.6800 9.0 -0.675 -0.798
99.958 60.00 60.6600 9.0 -0.660 -0.755
99.977 60.00 60.6800 9.0 -0.679 -0.806
99.999 60.00 60.6700 9.0 -0.668 -0.775
100.018 60.00 60.6700 9.0 -0.667 -0.773
100.039 60.00 60.6600 9.0 -0.657 -0.745
100.058 60.00 60.6600 9.0 -0.654 -0.737
100.079 60.00 60.6700 9.0 -0.669 -0.778
100.099 60.00 60.6700 9.0 -0.669 -0.776
100.118 60.00 60.6700 9.0 -0.672 -0.786
100.139 60.00 60.6700 9.0 -0.668 -0.772
100.158 60.00 60.6600 9.0 -0.654 -0.734
100.179 60.00 60.6800 9.0 -0.678 -0.799
100.198 60.00 60.6700 9.0 -0.665 -0.762
100.219 60.00 60.6800 9.0 -0.674 -0.789
100.238 60.00 60.6700 9.0 -0.666 -0.766
100.259 60.00 60.6700 9.0 -0.670 -0.777
100.278 60.00 60.6700 9.0 -0.672 -0.781
100.299 60.00 60.6900 9.0 -0.687 -0.823
100.318 60.00 60.6900 9.0 -0.685 -0.818
100.339 60.00 60.6800 9.0 -0.683 -0.811
100.359 60.00 60.6900 9.0 -0.686 -0.820
100.380 60.00 60.6600 9.0 -0.663 -0.755
100.399 60.00 60.6700 9.0 -0.669 -0.771
100.420 60.00 60.6700 9.0 -0.670 -0.773
100.439 60.00 60.6600 9.0 -0.661 -0.746
100.460 60.00 60.6800 9.0 -0.675 -0.787
100.479 60.00 60.6700 9.0 -0.668 -0.766
100.500 60.00 60.6700 9.0 -0.669 -0.769
100.518 60.00 60.6700 9.0 -0.665 -0.757
100.539 60.00 60.6800 9.0 -0.675 -0.784
100.558 60.00 60.6500 9.0 -0.647 -0.705
100.579 60.00 60.6600 9.0 -0.659 -0.740
100.599 60.00 60.6700 9.0 -0.669 -0.767
100.619 60.00 60.6700 9.0 -0.667 -0.761
100.639 60.00 60.6900 9.0 -0.689 -0.822
100.658 60.00 60.6600 9.0 -0.660 -0.739
100.679 60.00 60.6800 9.0 -0.676 -0.785
100.698 60.00 60.6800 9.0 -0.678 -0.790
100.719 60.00 60.6900 9.0 -0.684 -0.806
100.739 60.00 60.6700 9.0 -0.674 -0.776
100.760 60.00 60.6800 9.0 -0.675 -0.780
100.779 60.00 60.6400 9.0 -0.636 -0.671
100.800 60.00 60.6700 9.0 -0.668 -0.760
100.819 60.00 60.6800 9.0 -0.676 -0.781
100.840 60.00 60.6800 9.0 -0.681 -0.795
100.859 60.00 60.6700 9.0 -0.672 -0.770
100.880 60.00 60.6800 9.0 -0.674 -0.776
100.898 60.00 60.6900 9.0 -0.687 -0.811
100.919 60.00 60.6700 9.0 -0.673 -0.770
100.938 60.00 60.6800 9.0 -0.678 -0.783
100.959 60.00 60.6900 9.0 -0.688 -0.813
100.978 60.00 60.6900 9.0 -0.691 -0.820
100.999 60.00 60.6700 9.0 -0.671 -0.765
101.018 60.00 60.6800 9.0 -0.682 -0.795
101.039 60.00 60.6700 9.0 -0.665 -0.746
101.058 60.00 60.6900 9.0 -0.693 -0.823
101.079 60.00 60.6800 9.0 -0.675 -0.773
101.099 60.00 60.6900 9.0 -0.686 -0.804
101.120 60.00 60.7000 9.0 -0.695 -0.829
101.140 60.00 60.6700 9.0 -0.670 -0.758
101.160 60.00 60.7000 9.0 -0.698 -0.835
101.181 60.00 60.6800 9.0 -0.682 -0.790
101.199 60.00 60.6800 9.0 -0.678 -0.779
101.221 60.00 60.7000 9.0 -0.695 -0.827
101.239 60.00 60.6800 9.0 -0.675 -0.771
101.260 60.00 60.6900 9.0 -0.689 -0.809
101.279 60.00 60.6800 9.0 -0.679 -0.779
101.300 60.00 60.6700 9.0 -0.669 -0.750
101.319 60.00 60.7000 9.0 -0.697 -0.829
101.340 60.00 60.6900 9.0 -0.684 -0.792
101.359 60.00 60.6700 9.0 -0.674 -0.763
101.381 60.00 60.7000 9.0 -0.702 -0.842
101.400 60.00 60.6900 9.0 -0.687 -0.800
101.421 60.00 60.6800 9.0 -0.682 -0.784
101.440 60.00 60.6800 9.0 -0.674 -0.764
101.461 60.00 60.6800 9.0 -0.675 -0.766
101.480 60.00 60.6900 9.0 -0.686 -0.796
101.501 60.00 60.6900 9.0 -0.693 -0.815
101.520 60.00 60.6900 9.0 -0.694 -0.816
101.540 60.00 60.6800 9.0 -0.680 -0.776
101.559 60.00 60.6700 9.0 -0.673 -0.756
101.580 60.00 60.6900 9.0 -0.686 -0.793
101.599 60.00 60.6800 9.0 -0.679 -0.773
101.620 60.00 60.6800 9.0 -0.675 -0.763
101.640 60.00 60.6800 9.0 -0.682 -0.780
101.659 60.00 60.6900 9.0 -0.691 -0.806
101.680 60.00 60.6800 9.0 -0.676 -0.763
101.699 60.00 60.6700 9.0 -0.672 -0.751
101.720 60.00 60.7000 9.0 -0.702 -0.834
101.739 60.00 60.9200 9.0 -0.920 -1.444
101.761 60.00 60.6900 9.0 -0.688 -0.795
101.780 60.00 60.6800 9.0 -0.683 -0.778
101.801 60.00 60.7000 9.0 -0.696 -0.816
101.820 60.00 60.6700 9.0 -0.670 -0.741
101.841 60.00 60.6800 9.0 -0.680 -0.770
101.860 60.00 60.7200 9.0 -0.715 -0.867
101.880 60.00 60.7000 9.0 -0.696 -0.814
101.899 60.00 60.6900 9.0 -0.689 -0.793
101.920 60.00 60.6900 9.0 -0.684 -0.779
101.939 60.00 60.6900 9.0 -0.689 -0.794
101.960 60.00 60.6900 9.0 -0.688 -0.790
101.979 60.00 60.7100 9.0 -0.706 -0.838
102.000 60.00 60.7000 9.0 -0.702 -0.827
102.019 60.00 60.7000 9.0 -0.696 -0.811
102.040 60.00 60.7100 9.0 -0.710 -0.850
102.060 60.00 60.6800 9.0 -0.679 -0.761
102.081 60.00 60.6900 9.0 -0.687 -0.784
102.100 60.00 60.7000 9.0 -0.698 -0.815
102.121 60.00 60.7000 9.0 -0.695 -0.806
102.141 60.00 60.6900 9.0 -0.693 -0.800
102.160 60.00 60.7000 9.0 -0.701 -0.821
102.182 60.00 60.7000 9.0 -0.703 -0.825
102.200 60.00 60.6900 9.0 -0.686 -0.778
102.221 60.00 60.7000 9.0 -0.697 -0.808
102.240 60.00 60.7000 9.0 -0.695 -0.801
102.261 60.00 60.7100 9.0 -0.710 -0.844
102.280 60.00 60.6800 9.0 -0.680 -0.760
102.301 60.00 60.7000 9.0 -0.702 -0.819
102.320 60.00 60.6800 9.0 -0.678 -0.753
102.341 60.00 60.6900 9.0 -0.689 -0.785
102.360 60.00 60.6900 9.0 -0.689 -0.784
102.382 60.00 60.7400 9.0 -0.734 -0.910
102.401 60.00 60.7100 9.0 -0.706 -0.830
102.422 60.00 60.7000 9.0 -0.703 -0.821
102.441 60.00 60.7000 9.0 -0.703 -0.820
102.462 60.00 60.7000 9.0 -0.697 -0.804
102.481 60.00 60.7100 9.0 -0.710 -0.840
102.502 60.00 60.7000 9.0 -0.702 -0.815
102.520 60.00 60.7000 9.0 -0.696 -0.798
102.541 60.00 60.6900 9.0 -0.685 -0.767
102.560 60.00 60.6900 9.0 -0.693 -0.790
102.581 60.00 60.7000 9.0 -0.702 -0.814
102.600 60.00 60.7300 9.0 -0.728 -0.886
102.621 60.00 60.7100 9.0 -0.705 -0.822
102.641 60.00 60.7100 9.0 -0.713 -0.845
102.661 60.00 60.7100 9.0 -0.706 -0.823
102.681 60.00 60.7000 9.0 -0.695 -0.793
102.700 60.00 60.6900 9.0 -0.690 -0.778
102.721 60.00 60.7100 9.0 -0.705 -0.820
102.741 60.00 60.7000 9.0 -0.703 -0.813
102.762 60.00 60.7300 9.0 -0.724 -0.873
102.781 60.00 60.7100 9.0 -0.706 -0.820
102.802 60.00 60.6900 9.0 -0.692 -0.780
102.821 60.00 60.6800 9.0 -0.680 -0.747
102.842 60.00 60.7000 9.0 -0.701 -0.805
102.861 60.00 60.7100 9.0 -0.711 -0.833
102.882 60.00 60.7100 9.0 -0.712 -0.837
102.900 60.00 60.7000 9.0 -0.698 -0.797
102.921 60.00 60.7000 9.0 -0.697 -0.794
102.940 60.00 60.7000 9.0 -0.703 -0.809
102.961 60.00 60.6900 9.0 -0.694 -0.783
102.980 60.00 60.7000 9.0 -0.698 -0.794
103.001 60.00 60.7000 9.0 -0.694 -0.784
103.020 60.00 60.7200 9.0 -0.715 -0.841
103.041 60.00 60.7100 9.0 -0.710 -0.827
103.060 60.00 60.7000 9.0 -0.697 -0.791
103.081 60.00 60.7100 9.0 -0.710 -0.827
103.100 60.00 60.6900 9.0 -0.686 -0.759
103.122 60.00 60.7000 9.0 -0.698 -0.791
103.141 60.00 60.7100 9.0 -0.710 -0.826
103.162 60.00 60.7100 9.0 -0.706 -0.814
103.182 60.00 60.7200 9.0 -0.716 -0.841
103.201 60.00 60.7100 9.0 -0.707 -0.816
103.223 60.00 60.7100 9.0 -0.706 -0.811
103.241 60.00 60.7200 9.0 -0.721 -0.853
103.262 60.00 60.7100 9.0 -0.709 -0.820
103.281 60.00 60.6900 9.0 -0.692 -0.770
103.302 60.00 60.7000 9.0 -0.701 -0.796
103.321 60.00 60.7200 9.0 -0.714 -0.832
103.342 60.00 60.7200 9.0 -0.715 -0.835
103.361 60.00 60.6900 9.0 -0.691 -0.766
103.382 60.00 60.7100 9.0 -0.704 -0.803
103.402 60.00 60.7200 9.0 -0.718 -0.841
103.423 60.00 60.7200 9.0 -0.722 -0.853
103.442 60.00 60.7100 9.0 -0.710 -0.818
103.463 60.00 60.7000 9.0 -0.698 -0.785
103.482 60.00 60.7100 9.0 -0.707 -0.810
103.503 60.00 60.7200 9.0 -0.714 -0.828
103.522 60.00 60.7000 9.0 -0.698 -0.784
103.542 60.00 60.7200 9.0 -0.715 -0.832
103.561 60.00 60.7100 9.0 -0.707 -0.808
103.582 60.00 60.7100 9.0 -0.709 -0.813
103.601 60.00 60.7100 9.0 -0.707 -0.806
103.622 60.00 60.7100 9.0 -0.710 -0.815
103.641 60.00 60.7100 9.0 -0.709 -0.812
103.662 60.00 60.7200 9.0 -0.722 -0.847
103.682 60.00 60.7200 9.0 -0.723 -0.849
103.701 60.00 60.7200 9.0 -0.714 -0.824
103.722 60.00 60.7100 9.0 -0.713 -0.821
103.741 60.00 60.7200 9.0 -0.714 -0.823
103.763 60.00 60.7200 9.0 -0.721 -0.841
103.782 60.00 60.7200 9.0 -0.722 -0.845
103.803 60.00 60.7200 9.0 -0.723 -0.848
103.822 60.00 60.7300 9.0 -0.727 -0.858
103.843 60.00 60.7100 9.0 -0.712 -0.816
103.862 60.00 60.7100 9.0 -0.712 -0.816
103.882 60.00 60.7200 9.0 -0.721 -0.840
103.901 60.00 60.7100 9.0 -0.710 -0.808
103.922 60.00 60.7000 9.0 -0.701 -0.782
103.941 60.00 60.7300 9.0 -0.728 -0.858
103.962 60.00 60.7200 9.0 -0.714 -0.818
103.981 60.00 60.7100 9.0 -0.709 -0.804
104.002 60.00 60.7200 9.0 -0.717 -0.825
104.021 60.00 60.7200 9.0 -0.715 -0.820
104.042 60.00 60.7200 9.0 -0.720 -0.832
104.061 60.00 60.7200 9.0 -0.721 -0.837
104.083 60.00 60.7300 9.0 -0.728 -0.855
104.102 60.00 60.7200 9.0 -0.716 -0.821
104.123 60.00 60.7100 9.0 -0.711 -0.806
104.142 60.00 60.7100 9.0 -0.712 -0.810
104.163 60.00 60.7200 9.0 -0.721 -0.834
104.183 60.00 60.7200 9.0 -0.715 -0.815
104.202 60.00 60.7200 9.0 -0.721 -0.834
104.222 60.00 60.6900 9.0 -0.688 -0.741
104.242 60.00 60.7100 9.0 -0.711 -0.805
104.263 60.00 60.7300 9.0 -0.733 -0.865
104.282 60.00 60.7300 9.0 -0.733 -0.865
104.303 60.00 60.7200 9.0 -0.720 -0.827
104.322 60.00 60.7200 9.0 -0.715 -0.815
104.343 60.00 60.7300 9.0 -0.733 -0.863
104.362 60.00 60.7200 9.0 -0.716 -0.816
104.383 60.00 60.7200 9.0 -0.718 -0.821
104.402 60.00 60.7200 9.0 -0.720 -0.827
104.423 60.00 60.7200 9.0 -0.717 -0.817
104.443 60.00 60.7200 9.0 -0.717 -0.815
104.464 60.00 60.7200 9.0 -0.717 -0.816
104.483 60.00 60.7200 9.0 -0.723 -0.833
104.504 60.00 60.7400 9.0 -0.735 -0.865
104.523 60.00 60.7100 9.0 -0.710 -0.796
104.543 60.00 60.7200 9.0 -0.718 -0.817
104.562 60.00 60.7200 9.0 -0.719 -0.818
104.583 60.00 60.7200 9.0 -0.721 -0.824
104.602 60.00 60.7300 9.0 -0.728 -0.844
104.623 60.00 60.7300 9.0 -0.733 -0.857
104.642 60.00 60.7200 9.0 -0.723 -0.828
104.663 60.00 60.7200 9.0 -0.723 -0.829
104.683 60.00 60.7300 9.0 -0.731 -0.851
104.703 60.00 60.7200 9.0 -0.723 -0.827
104.723 60.00 60.7000 9.0 -0.703 -0.771
104.742 60.00 60.7100 9.0 -0.712 -0.796
104.763 60.00 60.7400 9.0 -0.743 -0.883
104.782 60.00 60.7200 9.0 -0.722 -0.824
104.804 60.00 60.7400 9.0 -0.736 -0.863
104.823 60.00 60.7300 9.0 -0.725 -0.832
104.844 60.00 60.7300 9.0 -0.732 -0.850
104.863 60.00 60.7400 9.0 -0.737 -0.863
104.884 60.00 60.7300 9.0 -0.729 -0.840
104.903 60.00 60.7000 9.0 -0.699 -0.756
104.923 60.00 60.7200 9.0 -0.721 -0.817
104.942 60.00 60.7300 9.0 -0.725 -0.828
104.963 60.00 60.7300 9.0 -0.730 -0.842
104.982 60.00 60.7300 9.0 -0.731 -0.844
105.004 60.00 60.7400 9.0 -0.739 -0.866
105.023 60.00 60.7100 9.0 -0.711 -0.787
105.044 60.00 60.7300 9.0 -0.731 -0.843
105.063 60.00 60.7300 9.0 -0.725 -0.825
105.084 60.00 60.7200 9.0 -0.722 -0.816
105.103 60.00 60.7500 9.0 -0.746 -0.883
105.123 60.00 60.7300 9.0 -0.724 -0.822
105.142 60.00 60.7200 9.0 -0.719 -0.808
105.163 60.00 60.7400 9.0 -0.739 -0.863
105.183 60.00 60.7100 9.0 -0.705 -0.766
105.203 60.00 60.7400 9.0 -0.734 -0.849
105.223 60.00 60.7300 9.0 -0.728 -0.831
105.242 60.00 60.7300 9.0 -0.732 -0.842
105.264 60.00 60.7400 9.0 -0.738 -0.858
105.283 60.00 60.7300 9.0 -0.729 -0.833
105.304 60.00 60.7400 9.0 -0.739 -0.860
105.323 60.00 60.7400 9.0 -0.738 -0.856
105.344 60.00 60.7400 9.0 -0.740 -0.861
105.363 60.00 60.7200 9.0 -0.721 -0.809
105.385 60.00 60.7300 9.0 -0.728 -0.827
105.404 60.00 60.7200 9.0 -0.714 -0.788
105.425 60.00 60.7400 9.0 -0.739 -0.857
105.444 60.00 60.7500 9.0 -0.746 -0.877
105.465 60.00 60.7300 9.0 -0.732 -0.837
105.484 60.00 60.7600 9.0 -0.754 -0.898
105.505 60.00 60.7300 9.0 -0.733 -0.838
105.524 60.00 60.7300 9.0 -0.724 -0.812
105.544 60.00 60.7300 9.0 -0.732 -0.834
105.563 60.00 60.7200 9.0 -0.715 -0.787
105.584 60.00 60.7300 9.0 -0.728 -0.823
105.603 60.00 60.7500 9.0 -0.745 -0.871
105.624 60.00 60.7300 9.0 -0.731 -0.831
105.643 60.00 60.7300 9.0 -0.732 -0.833
105.664 60.00 60.7400 9.0 -0.736 -0.843
105.683 60.00 60.7300 9.0 -0.725 -0.814
105.704 60.00 60.7400 9.0 -0.744 -0.864
105.724 60.00 60.7300 9.0 -0.732 -0.830
105.744 60.00 60.7300 9.0 -0.731 -0.828
105.765 60.00 60.7400 9.0 -0.734 -0.837
105.784 60.00 60.7400 9.0 -0.740 -0.852
105.805 60.00 60.7400 9.0 -0.735 -0.838
105.824 60.00 60.7500 9.0 -0.753 -0.887
105.845 60.00 60.7300 9.0 -0.724 -0.807
105.864 60.00 60.7400 9.0 -0.743 -0.860
105.884 60.00 60.7500 9.0 -0.750 -0.878
105.903 60.00 60.8000 9.0 -0.795 -1.003
105.924 60.00 60.7500 9.0 -0.747 -0.870
105.943 60.00 60.7400 9.0 -0.735 -0.834
105.964 60.00 60.7100 9.0 -0.708 -0.758
105.983 60.00 60.7300 9.0 -0.730 -0.820
106.004 60.00 60.7300 9.0 -0.729 -0.817
106.023 60.00 60.7500 9.0 -0.750 -0.875
106.044 60.00 60.7400 9.0 -0.743 -0.855
106.063 60.00 60.7400 9.0 -0.736 -0.836
106.084 60.00 60.7400 9.0 -0.739 -0.843
106.103 60.00 60.7500 9.0 -0.749 -0.870
106.124 60.00 60.7400 9.0 -0.734 -0.829
106.143 60.00 60.7600 9.0 -0.759 -0.897
106.165 60.00 60.7400 9.0 -0.738 -0.838
106.184 60.00 60.7400 9.0 -0.744 -0.854
106.205 60.00 60.7300 9.0 -0.727 -0.806
106.224 60.00 60.7500 9.0 -0.747 -0.864
106.245 60.00 60.7600 9.0 -0.762 -0.905
106.265 60.00 60.7500 9.0 -0.752 -0.876
106.285 60.00 60.7400 9.0 -0.740 -0.841
106.306 60.00 60.7400 9.0 -0.736 -0.831
106.324 60.00 60.7400 9.0 -0.742 -0.845
106.345 60.00 60.7400 9.0 -0.734 -0.824
106.364 60.00 60.7500 9.0 -0.747 -0.859
106.385 60.00 60.7600 9.0 -0.757 -0.887
106.404 60.00 60.7500 9.0 -0.749 -0.865
106.425 60.00 60.7500 9.0 -0.753 -0.875
106.444 60.00 60.7400 9.0 -0.739 -0.836
106.465 60.00 60.7500 9.0 -0.752 -0.870
106.484 60.00 60.7400 9.0 -0.738 -0.831
106.505 60.00 60.7500 9.0 -0.745 -0.851
106.524 60.00 60.7500 9.0 -0.748 -0.858
106.546 60.00 60.7500 9.0 -0.748 -0.859
106.565 60.00 60.7400 9.0 -0.744 -0.846
106.586 60.00 60.7600 9.0 -0.761 -0.895
106.605 60.00 60.7400 9.0 -0.739 -0.831
106.626 60.00 60.7500 9.0 -0.748 -0.857
106.645 60.00 60.7400 9.0 -0.735 -0.819
106.666 60.00 60.7400 9.0 -0.740 -0.833
106.684 60.00 60.7400 9.0 -0.744 -0.843
106.705 60.00 60.7500 9.0 -0.753 -0.868
106.724 60.00 60.7500 9.0 -0.748 -0.854
106.745 60.00 60.7700 9.0 -0.764 -0.899
106.765 60.00 60.7400 9.0 -0.739 -0.829
106.784 60.00 60.7500 9.0 -0.750 -0.859
106.805 60.00 60.7500 9.0 -0.754 -0.868
106.824 60.00 60.7600 9.0 -0.759 -0.884
106.845 60.00 60.7500 9.0 -0.744 -0.841
106.865 60.00 60.7600 9.0 -0.756 -0.874
106.886 60.00 60.7500 9.0 -0.753 -0.865
106.905 60.00 60.7600 9.0 -0.762 -0.891
106.926 60.00 60.7500 9.0 -0.753 -0.864
106.945 60.00 60.7400 9.0 -0.736 -0.817
106.966 60.00 60.7700 9.0 -0.767 -0.901
106.985 60.00 60.7500 9.0 -0.753 -0.861
107.006 60.00 60.7600 9.0 -0.754 -0.865
107.024 60.00 60.7300 9.0 -0.733 -0.806
107.045 60.00 60.7400 9.0 -0.739 -0.822
107.064 60.00 60.7300 9.0 -0.733 -0.804
107.085 60.00 60.7600 9.0 -0.757 -0.871
107.104 60.00 60.7400 9.0 -0.735 -0.811
107.125 60.00 60.7500 9.0 -0.753 -0.859
107.144 60.00 60.7600 9.0 -0.759 -0.877
107.165 60.00 60.5000 9.0 -0.499 -0.148
107.184 60.00 60.7500 9.0 -0.747 -0.845
107.206 60.00 60.7500 9.0 -0.749 -0.849
107.225 60.00 60.7700 9.0 -0.767 -0.898
107.246 60.00 60.7500 9.0 -0.754 -0.861
107.266 60.00 60.7500 9.0 -0.749 -0.847
107.285 60.00 60.7600 9.0 -0.759 -0.875
107.307 60.00 60.7500 9.0 -0.745 -0.836
107.326 60.00 60.7600 9.0 -0.756 -0.866
107.347 60.00 60.7600 9.0 -0.756 -0.865
107.365 60.00 60.7200 9.0 -0.721 -0.766
107.386 60.00 60.7700 9.0 -0.773 -0.912
107.405 60.00 60.7500 9.0 -0.747 -0.838
107.426 60.00 60.7600 9.0 -0.757 -0.867
107.445 60.00 60.7600 9.0 -0.760 -0.876
107.466 60.00 60.7500 9.0 -0.748 -0.840
107.485 60.00 60.7400 9.0 -0.741 -0.819
107.506 60.00 60.7500 9.0 -0.753 -0.853
107.525 60.00 60.7600 9.0 -0.754 -0.857
107.546 60.00 60.7600 9.0 -0.764 -0.883
107.565 60.00 60.7500 9.0 -0.754 -0.854
107.587 60.00 60.7600 9.0 -0.757 -0.863
107.606 60.00 60.7500 9.0 -0.748 -0.838
107.627 60.00 60.7700 9.0 -0.766 -0.888
107.646 60.00 60.7500 9.0 -0.753 -0.850
107.667 60.00 60.7600 9.0 -0.762 -0.876
107.686 60.00 60.7500 9.0 -0.748 -0.837
107.707 60.00 60.6000 9.0 -0.599 -0.418
107.725 60.00 60.7700 9.0 -0.764 -0.881
107.746 60.00 61.0300 9.0 -1.024 -1.610
107.766 60.00 60.7600 9.0 -0.754 -0.851
107.786 60.00 60.7500 9.0 -0.746 -0.828
107.806 60.00 60.7500 9.0 -0.750 -0.839
107.825 60.00 60.7600 9.0 -0.762 -0.873
107.846 60.00 60.7600 9.0 -0.756 -0.854
107.865 60.00 60.7600 9.0 -0.759 -0.862
107.886 60.00 60.7500 9.0 -0.752 -0.842
107.905 60.00 60.7700 9.0 -0.764 -0.876
107.926 60.00 60.7800 9.0 -0.777 -0.910
107.946 60.00 60.7700 9.0 -0.766 -0.881
107.967 60.00 60.8000 9.0 -0.795 -0.961
107.986 60.00 60.7700 9.0 -0.771 -0.892
108.007 60.00 60.7600 9.0 -0.760 -0.863
108.026 60.00 60.7800 9.0 -0.777 -0.908
108.047 60.00 60.7700 9.0 -0.769 -0.887
108.065 60.00 60.7600 9.0 -0.760 -0.860
108.086 60.00 60.7700 9.0 -0.766 -0.877
108.105 60.00 60.7600 9.0 -0.754 -0.843
108.126 60.00 60.7700 9.0 -0.772 -0.894
108.145 60.00 60.7700 9.0 -0.770 -0.888
108.166 60.00 60.7800 9.0 -0.775 -0.902
108.185 60.00 60.7700 9.0 -0.767 -0.878
108.206 60.00 60.7700 9.0 -0.769 -0.883
108.225 60.00 60.7600 9.0 -0.764 -0.867
108.247 60.00 60.7700 9.0 -0.766 -0.872
108.266 60.00 60.7600 9.0 -0.755 -0.842
108.287 60.00 60.7500 9.0 -0.754 -0.838
108.307 60.00 60.7600 9.0 -0.761 -0.859
108.326 60.00 60.7700 9.0 -0.768 -0.878
108.348 60.00 60.7800 9.0 -0.775 -0.898
108.367 60.00 60.7800 9.0 -0.778 -0.905
108.387 60.00 60.7600 9.0 -0.759 -0.852
108.406 60.00 60.7700 9.0 -0.768 -0.876
108.427 60.00 60.7700 9.0 -0.770 -0.880
108.446 60.00 60.7700 9.0 -0.767 -0.872
108.467 60.00 60.7700 9.0 -0.772 -0.887
108.486 60.00 60.7800 9.0 -0.779 -0.905
108.507 60.00 60.7700 9.0 -0.767 -0.870
108.526 60.00 60.7700 9.0 -0.766 -0.866
108.547 60.00 60.7800 9.0 -0.774 -0.889
108.566 60.00 60.7700 9.0 -0.765 -0.862
108.587 60.00 60.7800 9.0 -0.781 -0.909
108.607 60.00 60.7700 9.0 -0.766 -0.865
108.628 60.00 60.7600 9.0 -0.762 -0.854
108.647 60.00 60.7800 9.0 -0.778 -0.899
108.668 60.00 60.7800 9.0 -0.783 -0.911
108.687 60.00 60.7700 9.0 -0.769 -0.873
108.708 60.00 60.7800 9.0 -0.775 -0.888
108.726 60.00 60.7600 9.0 -0.760 -0.846
108.747 60.00 60.7500 9.0 -0.750 -0.819
108.766 60.00 60.7800 9.0 -0.780 -0.902
108.787 60.00 60.7700 9.0 -0.770 -0.874
108.807 60.00 60.7700 9.0 -0.772 -0.878
108.826 60.00 60.7900 9.0 -0.784 -0.912
108.847 60.00 60.7700 9.0 -0.766 -0.860
108.866 60.00 60.7700 9.0 -0.770 -0.871
108.887 60.00 60.7800 9.0 -0.778 -0.892
108.906 60.00 60.7800 9.0 -0.777 -0.889
108.927 60.00 60.7700 9.0 -0.773 -0.879
108.946 60.00 60.7700 9.0 -0.771 -0.873
108.967 60.00 60.7800 9.0 -0.777 -0.888
108.987 60.00 60.7800 9.0 -0.783 -0.906
109.008 60.00 60.7900 9.0 -0.791 -0.927
109.027 60.00 60.7700 9.0 -0.765 -0.854
109.048 60.00 60.7900 9.0 -0.787 -0.916
109.067 60.00 60.7700 9.0 -0.770 -0.866
109.088 60.00 60.7700 9.0 -0.769 -0.863
109.106 60.00 60.7800 9.0 -0.777 -0.884
109.127 60.00 60.7700 9.0 -0.764 -0.849
109.146 60.00 60.7700 9.0 -0.765 -0.851
109.167 60.00 60.7700 9.0 -0.773 -0.874
109.186 60.00 60.7700 9.0 -0.769 -0.861
109.207 60.00 60.7600 9.0 -0.760 -0.837
109.226 60.00 60.7800 9.0 -0.776 -0.881
109.247 60.00 60.7900 9.0 -0.789 -0.917
109.266 60.00 60.7800 9.0 -0.776 -0.880
109.287 60.00 60.7900 9.0 -0.789 -0.917
109.307 60.00 60.7700 9.0 -0.767 -0.853
109.326 60.00 60.7800 9.0 -0.775 -0.876
109.349 60.00 60.7800 9.0 -0.775 -0.875
109.368 60.00 60.7700 9.0 -0.771 -0.863
109.389 60.00 60.7800 9.0 -0.775 -0.874
109.408 60.00 60.7800 9.0 -0.774 -0.873
109.429 60.00 60.7700 9.0 -0.765 -0.846
109.448 60.00 60.7900 9.0 -0.785 -0.902
109.469 60.00 60.7600 9.0 -0.761 -0.835
109.487 60.00 60.7700 9.0 -0.771 -0.861
109.508 60.00 60.7800 9.0 -0.778 -0.881
109.527 60.00 60.7700 9.0 -0.768 -0.851
109.548 60.00 60.7800 9.0 -0.776 -0.875
109.567 60.00 60.7800 9.0 -0.775 -0.871
109.588 60.00 60.7800 9.0 -0.780 -0.885
109.607 60.00 60.7800 9.0 -0.779 -0.880
109.628 60.00 60.7800 9.0 -0.776 -0.873
109.647 60.00 60.7900 9.0 -0.787 -0.904
109.668 60.00 60.8000 9.0 -0.797 -0.931
109.687 60.00 60.7800 9.0 -0.781 -0.884
109.709 60.00 60.7800 9.0 -0.781 -0.884
109.728 60.00 60.7900 9.0 -0.792 -0.915
109.749 60.00 60.7800 9.0 -0.774 -0.864
109.768 60.00 60.7900 9.0 -0.791 -0.912
109.789 60.00 60.7800 9.0 -0.775 -0.868
109.808 60.00 60.7800 9.0 -0.779 -0.876
109.829 60.00 60.7700 9.0 -0.772 -0.857
109.848 60.00 60.7700 9.0 -0.771 -0.855
109.867 60.00 60.7800 9.0 -0.782 -0.885
109.888 60.00 60.7900 9.0 -0.787 -0.898
109.907 60.00 60.8000 9.0 -0.795 -0.920
109.928 60.00 60.8000 9.0 -0.798 -0.927
109.947 60.00 60.7800 9.0 -0.776 -0.866
109.968 60.00 60.7800 9.0 -0.777 -0.867
109.987 60.00 60.7900 9.0 -0.794 -0.915
110.008 60.00 60.7900 9.0 -0.792 -0.908
110.027 60.00 60.8000 9.0 -0.797 -0.924
110.048 60.00 60.7900 9.0 -0.790 -0.903
110.067 60.00 60.7800 9.0 -0.774 -0.859
110.089 60.00 60.7900 9.0 -0.790 -0.902
110.108 60.00 60.7900 9.0 -0.787 -0.893
110.129 60.00 60.7900 9.0 -0.784 -0.885
110.148 60.00 60.8000 9.0 -0.796 -0.918
110.169 60.00 60.7900 9.0 -0.788 -0.894
110.187 60.00 60.7900 9.0 -0.786 -0.890
110.208 60.00 60.7800 9.0 -0.782 -0.878
110.227 60.00 60.7900 9.0 -0.793 -0.908
110.248 60.00 60.7800 9.0 -0.783 -0.880
110.267 60.00 60.7800 9.0 -0.779 -0.866
110.288 60.00 60.7800 9.0 -0.784 -0.880
110.308 60.00 60.7900 9.0 -0.789 -0.896
110.329 60.00 60.7800 9.0 -0.781 -0.871
110.349 60.00 60.8000 9.0 -0.796 -0.912
110.368 60.00 60.8000 9.0 -0.796 -0.914
110.390 60.00 60.7800 9.0 -0.774 -0.852
110.409 60.00 60.7900 9.0 -0.787 -0.888
110.429 60.00 60.8100 9.0 -0.805 -0.938
110.448 60.00 60.8000 9.0 -0.801 -0.927
110.469 60.00 60.7900 9.0 -0.789 -0.892
110.488 60.00 60.7900 9.0 -0.792 -0.898
110.509 60.00 60.7900 9.0 -0.793 -0.902
110.528 60.00 60.7500 9.0 -0.745 -0.766
110.549 60.00 60.7800 9.0 -0.778 -0.858
110.568 60.00 60.8200 9.0 -0.817 -0.967
110.589 60.00 60.8000 9.0 -0.799 -0.916
110.608 60.00 60.8000 9.0 -0.803 -0.928
110.629 60.00 60.7800 9.0 -0.777 -0.855
110.649 60.00 60.8000 9.0 -0.804 -0.929
110.670 60.00 60.7900 9.0 -0.785 -0.877
110.689 60.00 60.7900 9.0 -0.791 -0.893
110.710 60.00 60.8000 9.0 -0.801 -0.920
110.729 60.00 60.8000 9.0 -0.796 -0.906
110.749 60.00 60.7900 9.0 -0.792 -0.893
110.768 60.00 60.7900 9.0 -0.791 -0.891
110.789 60.00 60.7900 9.0 -0.792 -0.892
110.808 60.00 60.7900 9.0 -0.793 -0.896
110.829 60.00 60.7900 9.0 -0.786 -0.876
110.849 60.00 60.7900 9.0 -0.784 -0.871
110.869 60.00 60.7900 9.0 -0.791 -0.889
110.889 60.00 60.7900 9.0 -0.786 -0.875
110.908 60.00 60.8000 9.0 -0.801 -0.916
110.929 60.00 60.8000 9.0 -0.797 -0.904
110.949 60.00 60.7900 9.0 -0.785 -0.871
110.970 60.00 60.7900 9.0 -0.791 -0.886
110.989 60.00 60.8000 9.0 -0.799 -0.908
111.010 60.00 60.8100 9.0 -0.807 -0.931
111.029 60.00 60.7900 9.0 -0.792 -0.888
111.050 60.00 60.7900 9.0 -0.788 -0.878
111.068 60.00 60.8000 9.0 -0.799 -0.907
111.089 60.00 60.7900 9.0 -0.792 -0.886
111.108 60.00 60.7900 9.0 -0.785 -0.867
111.129 60.00 60.8000 9.0 -0.801 -0.912
111.148 60.00 60.8000 9.0 -0.796 -0.896
111.169 60.00 60.7900 9.0 -0.793 -0.887
111.188 60.00 60.8000 9.0 -0.804 -0.918
111.209 60.00 60.8000 9.0 -0.796 -0.897
111.228 60.00 60.8000 9.0 -0.802 -0.914
111.249 60.00 60.7700 9.0 -0.772 -0.828
111.269 60.00 60.8000 9.0 -0.796 -0.896
111.290 60.00 60.7800 9.0 -0.775 -0.835
111.309 60.00 60.8000 9.0 -0.795 -0.891
111.330 60.00 60.7900 9.0 -0.787 -0.868
111.349 60.00 60.8000 9.0 -0.802 -0.912
111.370 60.00 60.8100 9.0 -0.807 -0.923
111.390 60.00 60.7900 9.0 -0.785 -0.863
111.410 60.00 60.8000 9.0 -0.798 -0.897
111.429 60.00 60.7800 9.0 -0.778 -0.840
111.449 60.00 60.8300 9.0 -0.824 -0.971
111.470 60.00 60.8000 9.0 -0.796 -0.892
111.489 60.00 60.7900 9.0 -0.789 -0.872
111.510 60.00 60.8000 9.0 -0.796 -0.889
111.529 60.00 60.8100 9.0 -0.804 -0.912
111.550 60.00 60.8000 9.0 -0.796 -0.888
111.569 60.00 60.8100 9.0 -0.805 -0.915
111.590 60.00 60.8100 9.0 -0.806 -0.917
111.609 60.00 60.7800 9.0 -0.784 -0.854
111.631 60.00 60.8000 9.0 -0.797 -0.892
111.650 60.00 60.8000 9.0 -0.803 -0.907
111.671 60.00 60.8000 9.0 -0.801 -0.903
111.690 60.00 60.8200 9.0 -0.820 -0.953
111.711 60.00 60.7900 9.0 -0.789 -0.867
111.730 60.00 60.8000 9.0 -0.795 -0.883
111.750 60.00 60.7900 9.0 -0.793 -0.878
111.769 60.00 60.8100 9.0 -0.810 -0.925
111.790 60.00 60.8000 9.0 -0.800 -0.896
111.809 60.00 60.7800 9.0 -0.779 -0.838
111.830 60.00 60.8000 9.0 -0.799 -0.894
111.849 60.00 60.7800 9.0 -0.783 -0.848
111.870 60.00 60.7900 9.0 -0.791 -0.870
111.890 60.00 60.8000 9.0 -0.803 -0.903
111.909 60.00 60.8000 9.0 -0.795 -0.880
111.930 60.00 60.8000 9.0 -0.801 -0.898
111.949 60.00 60.8200 9.0 -0.822 -0.956
111.971 60.00 60.8100 9.0 -0.809 -0.917
111.990 60.00 60.8000 9.0 -0.795 -0.879
112.011 60.00 60.7900 9.0 -0.786 -0.852
112.030 60.00 60.8100 9.0 -0.805 -0.905
112.051 60.00 60.8000 9.0 -0.800 -0.893
112.070 60.00 60.8000 9.0 -0.800 -0.892
112.090 60.00 60.8100 9.0 -0.805 -0.905
112.109 60.00 60.8200 9.0 -0.814 -0.929
112.130 60.00 60.8200 9.0 -0.821 -0.949
112.149 60.00 60.8200 9.0 -0.814 -0.928
112.170 60.00 60.8200 9.0 -0.816 -0.933
112.189 60.00 60.8000 9.0 -0.799 -0.887
112.210 60.00 60.8000 9.0 -0.802 -0.893
112.229 60.00 60.8000 9.0 -0.801 -0.892
112.250 60.00 60.8100 9.0 -0.809 -0.913
112.269 60.00 60.8000 9.0 -0.799 -0.884
112.290 60.00 60.8000 9.0 -0.797 -0.877
112.310 60.00 60.8100 9.0 -0.811 -0.918
112.331 60.00 60.8200 9.0 -0.822 -0.948
112.350 60.00 60.8100 9.0 -0.812 -0.920
112.371 60.00 60.8300 9.0 -0.829 -0.966
112.391 60.00 60.8000 9.0 -0.803 -0.893
112.410 60.00 60.8100 9.0 -0.809 -0.910
112.432 60.00 60.8100 9.0 -0.811 -0.915
112.450 60.00 60.8100 9.0 -0.812 -0.916
112.471 60.00 60.8200 9.0 -0.816 -0.926
112.490 60.00 60.8200 9.0 -0.817 -0.930
112.511 60.00 60.8200 9.0 -0.819 -0.934
112.530 60.00 60.8200 9.0 -0.823 -0.945
112.551 60.00 60.8200 9.0 -0.819 -0.933
112.570 60.00 60.8000 9.0 -0.799 -0.877
112.591 60.00 60.8100 9.0 -0.806 -0.897
112.611 60.00 60.8100 9.0 -0.813 -0.916
112.632 60.00 60.8100 9.0 -0.804 -0.890
112.651 60.00 60.8000 9.0 -0.797 -0.871
112.672 60.00 60.8000 9.0 -0.803 -0.887
112.691 60.00 60.8100 9.0 -0.810 -0.906
112.712 60.00 60.8200 9.0 -0.820 -0.934
112.730 60.00 60.8200 9.0 -0.818 -0.928
112.751 60.00 60.8000 9.0 -0.802 -0.884
112.770 60.00 60.8100 9.0 -0.806 -0.894
112.791 60.00 60.8100 9.0 -0.809 -0.901
112.810 60.00 60.8300 9.0 -0.828 -0.954
112.831 60.00 60.8300 9.0 -0.826 -0.949
112.850 60.00 60.8200 9.0 -0.817 -0.921
112.871 60.00 60.8000 9.0 -0.800 -0.875
112.891 60.00 60.8300 9.0 -0.824 -0.943
112.911 60.00 60.8100 9.0 -0.808 -0.897
112.931 60.00 60.8200 9.0 -0.818 -0.924
112.950 60.00 60.8300 9.0 -0.824 -0.940
112.971 60.00 60.8200 9.0 -0.823 -0.936
112.990 60.00 60.8200 9.0 -0.819 -0.924
113.012 60.00 60.8300 9.0 -0.832 -0.962
113.031 60.00 60.8200 9.0 -0.817 -0.918
113.052 60.00 60.8300 9.0 -0.826 -0.943
113.071 60.00 60.8100 9.0 -0.813 -0.906
113.092 60.00 60.8300 9.0 -0.827 -0.945
113.111 60.00 60.8400 9.0 -0.834 -0.965
113.132 60.00 60.8000 9.0 -0.802 -0.876
113.150 60.00 60.8200 9.0 -0.820 -0.925
113.171 60.00 60.8400 9.0 -0.840 -0.982
113.190 60.00 60.8200 9.0 -0.819 -0.921
113.211 60.00 60.8200 9.0 -0.817 -0.914
113.230 60.00 60.8300 9.0 -0.833 -0.958
113.251 60.00 60.8200 9.0 -0.814 -0.906
113.270 60.00 60.8300 9.0 -0.824 -0.934
113.291 60.00 60.8300 9.0 -0.830 -0.950
113.310 60.00 60.8400 9.0 -0.844 -0.987
113.331 60.00 60.8300 9.0 -0.829 -0.946
113.350 60.00 60.8200 9.0 -0.823 -0.930
113.372 60.00 60.8100 9.0 -0.809 -0.888
113.391 60.00 60.8400 9.0 -0.836 -0.965
113.412 60.00 60.8000 9.0 -0.800 -0.863
113.432 60.00 60.8200 9.0 -0.818 -0.913
113.451 60.00 60.8100 9.0 -0.812 -0.895
113.473 60.00 60.8000 9.0 -0.799 -0.859
113.492 60.00 60.8200 9.0 -0.823 -0.927
113.513 60.00 60.8400 9.0 -0.837 -0.966
113.531 60.00 60.8300 9.0 -0.834 -0.955
113.552 60.00 60.8300 9.0 -0.824 -0.928
113.571 60.00 60.8300 9.0 -0.828 -0.940
113.592 60.00 60.8400 9.0 -0.835 -0.956
113.611 60.00 60.8200 9.0 -0.818 -0.909
113.632 60.00 60.8000 9.0 -0.797 -0.851
113.651 60.00 60.8800 9.0 -0.882 -1.088
113.672 60.00 60.8100 9.0 -0.808 -0.879
113.691 60.00 60.8200 9.0 -0.816 -0.902
113.713 60.00 60.8400 9.0 -0.838 -0.964
113.732 60.00 60.8400 9.0 -0.838 -0.964
113.753 60.00 60.8300 9.0 -0.824 -0.923
113.772 60.00 60.8300 9.0 -0.830 -0.940
113.793 60.00 60.8300 9.0 -0.824 -0.923
113.812 60.00 60.8200 9.0 -0.820 -0.909
113.833 60.00 60.8400 9.0 -0.834 -0.950
113.852 60.00 60.8300 9.0 -0.827 -0.931
113.873 60.00 60.8300 9.0 -0.832 -0.942
113.891 60.00 60.8200 9.0 -0.821 -0.913
113.912 60.00 60.8300 9.0 -0.830 -0.937
113.932 60.00 60.8200 9.0 -0.820 -0.909
113.951 60.00 60.8200 9.0 -0.816 -0.895
113.972 60.00 60.8400 9.0 -0.837 -0.954
113.991 60.00 60.8400 9.0 -0.840 -0.963
114.012 60.00 60.8300 9.0 -0.824 -0.917
114.032 60.00 60.8300 9.0 -0.833 -0.943
114.053 60.00 60.8300 9.0 -0.827 -0.927
114.072 60.00 60.8400 9.0 -0.840 -0.960
114.093 60.00 60.8400 9.0 -0.840 -0.962
114.112 60.00 60.8200 9.0 -0.817 -0.896
114.133 60.00 60.8400 9.0 -0.838 -0.954
114.151 60.00 60.8200 9.0 -0.823 -0.911
114.172 60.00 60.8300 9.0 -0.828 -0.926
114.191 60.00 60.8300 9.0 -0.828 -0.925
114.212 60.00 60.8300 9.0 -0.830 -0.929
114.231 60.00 60.8300 9.0 -0.827 -0.921
114.252 60.00 60.8400 9.0 -0.836 -0.946
114.271 60.00 60.8200 9.0 -0.814 -0.885
114.292 60.00 60.8500 9.0 -0.844 -0.968
114.311 60.00 60.8300 9.0 -0.830 -0.927
114.333 60.00 60.8200 9.0 -0.821 -0.904
114.352 60.00 60.8300 9.0 -0.834 -0.938
114.373 60.00 60.8400 9.0 -0.837 -0.946
114.392 60.00 60.8300 9.0 -0.828 -0.921
114.413 60.00 60.8400 9.0 -0.838 -0.949
114.433 60.00 60.8300 9.0 -0.828 -0.922
114.452 60.00 60.8500 9.0 -0.845 -0.968
114.472 60.00 60.8500 9.0 -0.845 -0.966
114.492 60.00 60.8300 9.0 -0.825 -0.912
114.513 60.00 60.8300 9.0 -0.833 -0.933
114.532 60.00 60.8400 9.0 -0.837 -0.944
114.553 60.00 60.8400 9.0 -0.840 -0.950
114.572 60.00 60.8300 9.0 -0.832 -0.928
114.593 60.00 60.8500 9.0 -0.849 -0.977
114.612 60.00 60.8500 9.0 -0.852 -0.983
114.633 60.00 60.8400 9.0 -0.841 -0.952
114.652 60.00 60.8300 9.0 -0.824 -0.905
114.674 60.00 60.8400 9.0 -0.840 -0.950
114.693 60.00 60.8300 9.0 -0.833 -0.929
114.714 60.00 60.8600 9.0 -0.854 -0.987
114.733 60.00 60.8300 9.0 -0.831 -0.922
114.754 60.00 60.8400 9.0 -0.836 -0.935
114.773 60.00 60.8600 9.0 -0.863 -1.011
114.794 60.00 60.8400 9.0 -0.844 -0.956
114.813 60.00 60.8400 9.0 -0.837 -0.938
114.833 60.00 60.8400 9.0 -0.838 -0.939
114.852 60.00 60.8400 9.0 -0.836 -0.933
114.873 60.00 60.8400 9.0 -0.836 -0.934
114.892 60.00 60.8400 9.0 -0.838 -0.938
114.913 60.00 60.8300 9.0 -0.832 -0.920
114.933 60.00 60.8400 9.0 -0.838 -0.937
114.953 60.00 60.8400 9.0 -0.842 -0.948
114.973 60.00 60.8500 9.0 -0.848 -0.964
114.992 60.00 60.8700 9.0 -0.866 -1.015
115.014 60.00 60.8200 9.0 -0.818 -0.880
115.033 60.00 60.8500 9.0 -0.850 -0.969
115.054 60.00 60.8400 9.0 -0.840 -0.941
115.073 60.00 60.8400 9.0 -0.837 -0.933
115.094 60.00 60.8500 9.0 -0.846 -0.957
115.113 60.00 60.8500 9.0 -0.846 -0.957
115.134 60.00 60.8400 9.0 -0.840 -0.939
115.152 60.00 60.8500 9.0 -0.847 -0.959
115.173 60.00 60.8400 9.0 -0.843 -0.946
115.192 60.00 60.8500 9.0 -0.846 -0.955
115.213 60.00 60.8600 9.0 -0.856 -0.983
115.232 60.00 60.8300 9.0 -0.833 -0.918
115.253 60.00 60.8500 9.0 -0.849 -0.963
115.272 60.00 60.8400 9.0 -0.837 -0.927
115.293 60.00 60.8600 9.0 -0.861 -0.994
115.312 60.00 61.0600 9.0 -1.057 -1.542
115.333 60.00 60.8400 9.0 -0.840 -0.935
115.352 60.00 60.8400 9.0 -0.837 -0.924
115.373 60.00 60.8500 9.0 -0.845 -0.945
115.392 60.00 60.8300 9.0 -0.834 -0.914
115.414 60.00 60.8400 9.0 -0.840 -0.930
115.433 60.00 60.8400 9.0 -0.841 -0.934
115.453 60.00 60.8300 9.0 -0.833 -0.911
115.473 60.00 60.8500 9.0 -0.851 -0.963
115.492 60.00 60.8400 9.0 -0.842 -0.936
115.514 60.00 60.8500 9.0 -0.850 -0.957
115.533 60.00 60.8500 9.0 -0.853 -0.967
115.554 60.00 60.8500 9.0 -0.847 -0.948
115.573 60.00 60.8500 9.0 -0.852 -0.963
115.594 60.00 60.8400 9.0 -0.836 -0.918
115.613 60.00 60.8400 9.0 -0.835 -0.914
115.635 60.00 60.8400 9.0 -0.841 -0.930
115.654 60.00 60.8400 9.0 -0.844 -0.937
115.675 60.00 60.8400 9.0 -0.843 -0.935
115.694 60.00 60.8600 9.0 -0.861 -0.986
115.715 60.00 60.8400 9.0 -0.843 -0.934
115.734 60.00 60.8500 9.0 -0.848 -0.949
115.755 60.00 60.8500 9.0 -0.846 -0.943
115.774 60.00 60.8600 9.0 -0.863 -0.989
115.795 60.00 60.8500 9.0 -0.846 -0.942
115.813 60.00 60.5800 9.0 -0.582 -0.202
115.834 60.00 60.8500 9.0 -0.848 -0.947
115.853 60.00 60.8500 9.0 -0.848 -0.948
115.874 60.00 60.8600 9.0 -0.862 -0.986
115.893 60.00 60.8500 9.0 -0.844 -0.936
115.914 60.00 60.8500 9.0 -0.852 -0.958
115.933 60.00 60.8400 9.0 -0.840 -0.923
115.954 60.00 60.8700 9.0 -0.864 -0.991
115.974 60.00 60.8600 9.0 -0.855 -0.965
115.994 60.00 60.8500 9.0 -0.848 -0.944
116.014 60.00 60.8600 9.0 -0.854 -0.961
116.034 60.00 60.8400 9.0 -0.843 -0.930
116.055 60.00 60.8500 9.0 -0.852 -0.954
116.074 60.00 60.8500 9.0 -0.853 -0.958
116.095 60.00 60.8400 9.0 -0.842 -0.927
116.114 60.00 60.8600 9.0 -0.863 -0.984
116.135 60.00 60.7300 9.0 -0.729 -0.609
116.153 60.00 60.8600 9.0 -0.854 -0.960
116.174 60.00 60.8600 9.0 -0.861 -0.978
116.193 60.00 60.8600 9.0 -0.854 -0.958
116.214 60.00 60.8600 9.0 -0.862 -0.980
116.233 60.00 60.8500 9.0 -0.846 -0.934
116.254 60.00 60.8600 9.0 -0.862 -0.979
116.273 60.00 60.8700 9.0 -0.866 -0.991
116.294 60.00 60.8400 9.0 -0.841 -0.919
116.313 60.00 60.8600 9.0 -0.856 -0.961
116.334 60.00 60.8600 9.0 -0.861 -0.974
116.354 60.00 60.8600 9.0 -0.857 -0.963
116.375 60.00 60.8700 9.0 -0.864 -0.983
116.394 60.00 60.8700 9.0 -0.864 -0.983
116.415 60.00 60.8600 9.0 -0.854 -0.953
116.434 60.00 60.8700 9.0 -0.865 -0.983
116.455 60.00 60.8500 9.0 -0.846 -0.929
116.474 60.00 60.8600 9.0 -0.854 -0.953
116.494 60.00 60.8600 9.0 -0.854 -0.953
116.514 60.00 60.8600 9.0 -0.857 -0.959
116.534 60.00 60.8700 9.0 -0.871 -0.999
116.555 60.00 60.8700 9.0 -0.867 -0.987
116.574 60.00 60.8700 9.0 -0.873 -1.002
116.595 60.00 60.8700 9.0 -0.871 -0.997
116.614 60.00 60.8700 9.0 -0.869 -0.991
116.635 60.00 60.2400 9.0 -0.235 0.785
116.654 60.00 60.8700 9.0 -0.871 -0.999
116.675 60.00 60.8800 9.0 -0.876 -1.013
116.694 60.00 60.8700 9.0 -0.865 -0.983
116.715 60.00 60.8700 9.0 -0.867 -0.987
116.734 60.00 60.8600 9.0 -0.861 -0.971
116.756 60.00 60.8800 9.0 -0.877 -1.015
116.775 60.00 60.8700 9.0 -0.871 -0.997
116.796 60.00 60.8800 9.0 -0.883 -1.029
116.815 60.00 60.8700 9.0 -0.866 -0.983
116.836 60.00 60.8600 9.0 -0.860 -0.963
116.855 60.00 61.1000 9.0 -1.099 -1.634
116.875 60.00 60.8700 9.0 -0.866 -0.979
116.894 60.00 60.8600 9.0 -0.858 -0.956
116.915 60.00 60.8600 9.0 -0.862 -0.966
116.934 60.00 60.8800 9.0 -0.875 -1.002
116.955 60.00 60.8400 9.0 -0.844 -0.914
116.974 60.00 60.8700 9.0 -0.869 -0.984
116.995 60.00 60.8800 9.0 -0.879 -1.013
117.015 60.00 60.8700 9.0 -0.871 -0.989
117.034 60.00 60.8700 9.0 -0.871 -0.990
117.055 60.00 60.8800 9.0 -0.876 -1.003
117.074 60.00 60.8200 9.0 -0.816 -0.833
117.095 60.00 60.8700 9.0 -0.871 -0.989
117.114 60.00 60.8500 9.0 -0.849 -0.926
117.136 60.00 60.8700 9.0 -0.871 -0.986
117.155 60.00 60.8600 9.0 -0.862 -0.961
117.176 60.00 60.8600 9.0 -0.856 -0.945
117.195 60.00 60.8800 9.0 -0.875 -0.998
117.216 60.00 60.8800 9.0 -0.875 -0.998
117.235 60.00 60.8500 9.0 -0.852 -0.932
117.256 60.00 60.8700 9.0 -0.869 -0.978
117.275 60.00 60.8500 9.0 -0.847 -0.918
117.295 60.00 60.8700 9.0 -0.869 -0.979
117.314 60.00 60.8600 9.0 -0.863 -0.963
117.335 60.00 60.8500 9.0 -0.853 -0.933
117.354 60.00 60.8600 9.0 -0.856 -0.942
117.375 60.00 60.8800 9.0 -0.877 -1.000
117.394 60.00 60.8700 9.0 -0.869 -0.975
117.415 60.00 60.8800 9.0 -0.875 -0.994
117.434 60.00 60.8700 9.0 -0.867 -0.970
117.455 60.00 60.8600 9.0 -0.861 -0.953
117.474 60.00 60.8700 9.0 -0.866 -0.966
117.496 60.00 60.8600 9.0 -0.858 -0.944
117.516 60.00 60.8700 9.0 -0.864 -0.960
117.535 60.00 60.8700 9.0 -0.867 -0.968
117.557 60.00 60.8700 9.0 -0.864 -0.961
117.576 60.00 60.8700 9.0 -0.873 -0.984
117.597 60.00 60.8700 9.0 -0.872 -0.981
117.616 60.00 60.8700 9.0 -0.871 -0.977
117.637 60.00 60.8700 9.0 -0.872 -0.980
117.655 60.00 60.8700 9.0 -0.864 -0.959
117.676 60.00 60.8600 9.0 -0.860 -0.946
117.695 60.00 60.8700 9.0 -0.871 -0.977
117.716 60.00 60.8700 9.0 -0.872 -0.978
117.735 60.00 60.8800 9.0 -0.875 -0.986
117.756 60.00 60.8700 9.0 -0.866 -0.962
117.775 60.00 60.8600 9.0 -0.857 -0.936
117.796 60.00 60.8900 9.0 -0.887 -1.020
117.815 60.00 60.8700 9.0 -0.872 -0.976
117.837 60.00 60.8700 9.0 -0.873 -0.978
117.856 60.00 60.8800 9.0 -0.880 -0.999
117.877 60.00 60.8800 9.0 -0.874 -0.981
117.896 60.00 60.8800 9.0 -0.875 -0.984
117.917 60.00 60.8800 9.0 -0.880 -0.997
117.936 60.00 60.3900 9.0 -0.393 0.368
117.957 60.00 60.8800 9.0 -0.880 -1.000
117.976 60.00 60.8700 9.0 -0.864 -0.953
117.997 60.00 60.8900 9.0 -0.885 -1.011
118.016 60.00 60.8800 9.0 -0.877 -0.990
118.036 60.00 60.9000 9.0 -0.896 -1.041
118.056 60.00 60.8800 9.0 -0.878 -0.991
118.075 60.00 60.8800 9.0 -0.878 -0.992
118.096 60.00 60.8800 9.0 -0.877 -0.987
118.115 60.00 60.8700 9.0 -0.869 -0.963
118.136 60.00 60.8700 9.0 -0.873 -0.976
118.155 60.00 60.8800 9.0 -0.880 -0.996
118.176 60.00 60.8800 9.0 -0.880 -0.995
118.196 60.00 60.8700 9.0 -0.864 -0.950
118.217 60.00 60.8800 9.0 -0.879 -0.991
118.236 60.00 60.8700 9.0 -0.865 -0.952
118.257 60.00 60.8800 9.0 -0.880 -0.993
118.276 60.00 60.8900 9.0 -0.890 -1.020
118.297 60.00 60.8800 9.0 -0.876 -0.980
118.316 60.00 60.8800 9.0 -0.882 -0.996
118.337 60.00 60.8700 9.0 -0.871 -0.966
118.355 60.00 60.8700 9.0 -0.866 -0.952
118.376 60.00 60.8800 9.0 -0.883 -0.998
118.395 60.00 60.8800 9.0 -0.880 -0.991
118.416 60.00 60.8900 9.0 -0.886 -1.007
118.435 60.00 60.9000 9.0 -0.896 -1.034
118.456 60.00 60.8900 9.0 -0.888 -1.010
118.475 60.00 60.8900 9.0 -0.884 -0.999
118.496 60.00 60.8900 9.0 -0.891 -1.019
118.516 60.00 60.8800 9.0 -0.881 -0.990
118.537 60.00 60.8800 9.0 -0.876 -0.975
118.557 60.00 60.8900 9.0 -0.885 -1.000
118.576 60.00 60.8800 9.0 -0.882 -0.991
118.598 60.00 60.9000 9.0 -0.898 -1.034
118.617 60.00 60.8700 9.0 -0.872 -0.961
118.638 60.00 60.9000 9.0 -0.900 -1.039
118.657 60.00 60.9000 9.0 -0.895 -1.026
118.678 60.00 60.8700 9.0 -0.873 -0.964
118.696 60.00 60.9000 9.0 -0.895 -1.023
118.717 60.00 60.8900 9.0 -0.894 -1.020
118.736 60.00 60.8900 9.0 -0.891 -1.013
118.757 60.00 60.8700 9.0 -0.870 -0.952
118.776 60.00 60.8900 9.0 -0.884 -0.992
118.797 60.00 60.8800 9.0 -0.883 -0.989
118.816 60.00 60.9000 9.0 -0.900 -1.037
118.837 60.00 60.8900 9.0 -0.885 -0.992
118.856 60.00 60.8800 9.0 -0.879 -0.976
118.878 60.00 60.8800 9.0 -0.874 -0.962
118.897 60.00 60.8900 9.0 -0.893 -1.015
118.918 60.00 60.8800 9.0 -0.883 -0.985
118.937 60.00 60.9000 9.0 -0.903 -1.040
118.958 60.00 60.8900 9.0 -0.894 -1.015
118.977 60.00 60.8900 9.0 -0.887 -0.997
118.998 60.00 60.8800 9.0 -0.882 -0.982
119.016 60.00 60.9200 9.0 -0.916 -1.077
119.037 60.00 60.8900 9.0 -0.891 -1.005
119.057 60.00 60.9000 9.0 -0.897 -1.021
119.076 60.00 60.8900 9.0 -0.891 -1.006
119.097 60.00 60.8600 9.0 -0.861 -0.920
119.116 60.00 60.8900 9.0 -0.891 -1.005
119.137 60.00 60.9000 9.0 -0.894 -1.012
119.156 60.00 60.8800 9.0 -0.883 -0.980
119.178 60.00 60.9000 9.0 -0.895 -1.013
119.197 60.00 60.8800 9.0 -0.882 -0.976
119.218 60.00 60.8900 9.0 -0.894 -1.009
119.237 60.00 60.9000 9.0 -0.900 -1.027
119.258 60.00 60.8900 9.0 -0.892 -1.004
119.276 60.00 60.9000 9.0 -0.903 -1.034
119.297 60.00 60.9000 9.0 -0.898 -1.020
119.316 60.00 60.8900 9.0 -0.889 -0.993
119.337 60.00 60.9000 9.0 -0.898 -1.019
119.356 60.00 60.8900 9.0 -0.892 -1.002
119.377 60.00 60.8900 9.0 -0.890 -0.996
119.396 60.00 60.8900 9.0 -0.887 -0.986
119.417 60.00 60.9000 9.0 -0.895 -1.007
119.436 60.00 60.9100 9.0 -0.909 -1.046
119.457 60.00 60.8900 9.0 -0.887 -0.985
119.477 60.00 60.8900 9.0 -0.887 -0.985
119.498 60.00 60.9100 9.0 -0.909 -1.045
119.517 60.00 60.8900 9.0 -0.888 -0.988
119.538 60.00 60.9000 9.0 -0.898 -1.013
119.558 60.00 60.9200 9.0 -0.915 -1.062
119.577 60.00 60.9100 9.0 -0.909 -1.044
119.597 60.00 60.9000 9.0 -0.898 -1.012
119.617 60.00 60.8900 9.0 -0.889 -0.986
119.638 60.00 60.8900 9.0 -0.887 -0.981
119.657 60.00 60.9000 9.0 -0.895 -1.002
119.678 60.00 60.9000 9.0 -0.899 -1.013
119.697 60.00 60.8200 9.0 -0.816 -0.781
119.718 60.00 60.9100 9.0 -0.905 -1.030
119.737 60.00 60.8900 9.0 -0.891 -0.991
119.759 60.00 60.9000 9.0 -0.894 -0.999
119.778 60.00 60.9000 9.0 -0.897 -1.007
119.799 60.00 60.8800 9.0 -0.882 -0.963
119.818 60.00 60.8900 9.0 -0.890 -0.986
119.839 60.00 60.9000 9.0 -0.896 -1.001
119.858 60.00 60.9100 9.0 -0.910 -1.040
119.879 60.00 60.9000 9.0 -0.901 -1.016
119.897 60.00 60.8900 9.0 -0.890 -0.984
119.918 60.00 60.9000 9.0 -0.900 -1.011
119.937 60.00 60.9000 9.0 -0.902 -1.016
119.958 60.00 60.8800 9.0 -0.877 -0.946
119.977 60.00 60.9000 9.0 -0.898 -1.004
119.998 60.00 60.9100 9.0 -0.906 -1.028
120.017 60.00 60.9100 9.0 -0.908 -1.031
120.038 60.00 60.9000 9.0 -0.896 -0.999
120.058 60.00 60.9000 9.0 -0.897 -1.000
120.078 60.00 60.9000 9.0 -0.898 -1.004
120.098 60.00 60.9100 9.0 -0.906 -1.026
120.118 60.00 60.9300 9.0 -0.925 -1.078
120.139 60.00 60.9000 9.0 -0.903 -1.014
120.158 60.00 60.8800 9.0 -0.874 -0.933
120.179 60.00 60.9100 9.0 -0.910 -1.033
120.198 60.00 60.9100 9.0 -0.913 -1.042
120.219 60.00 60.8800 9.0 -0.883 -0.957
120.237 60.00 60.9000 9.0 -0.901 -1.007
120.258 60.00 60.9100 9.0 -0.908 -1.026
120.277 60.00 60.8700 9.0 -0.870 -0.919
120.298 60.00 60.9200 9.0 -0.918 -1.054
120.317 60.00 60.9000 9.0 -0.903 -1.013
120.338 60.00 60.9100 9.0 -0.910 -1.031
120.357 60.00 60.9200 9.0 -0.916 -1.048
120.378 60.00 60.9100 9.0 -0.913 -1.038
120.397 60.00 60.9100 9.0 -0.911 -1.031
120.418 60.00 60.9200 9.0 -0.915 -1.044
120.437 60.00 60.9000 9.0 -0.903 -1.008
120.458 60.00 60.9100 9.0 -0.904 -1.011
120.477 60.00 60.9000 9.0 -0.897 -0.990
120.498 60.00 60.9000 9.0 -0.898 -0.993
120.518 60.00 60.9200 9.0 -0.914 -1.037
120.539 60.00 60.9000 9.0 -0.899 -0.996
120.558 60.00 60.9100 9.0 -0.913 -1.034
120.579 60.00 60.9300 9.0 -0.928 -1.077
120.599 60.00 60.9100 9.0 -0.910 -1.025
120.618 60.00 60.9100 9.0 -0.913 -1.032
120.640 60.00 60.9200 9.0 -0.920 -1.052
120.658 60.00 60.9200 9.0 -0.920 -1.050
120.679 60.00 60.9100 9.0 -0.904 -1.006
120.698 60.00 60.9400 9.0 -0.939 -1.103
120.720 60.00 60.9200 9.0 -0.922 -1.054
120.739 60.00 60.9100 9.0 -0.904 -1.004
120.760 60.00 60.9200 9.0 -0.914 -1.031
120.779 60.00 60.9300 9.0 -0.927 -1.069
120.800 60.00 60.9100 9.0 -0.911 -1.022
120.819 60.00 60.9300 9.0 -0.927 -1.068
120.840 60.00 60.9200 9.0 -0.914 -1.031
120.858 60.00 60.9000 9.0 -0.903 -0.997
120.879 60.00 60.9100 9.0 -0.913 -1.027
120.898 60.00 60.9100 9.0 -0.913 -1.025
120.919 60.00 60.9200 9.0 -0.924 -1.055
120.938 60.00 60.9100 9.0 -0.911 -1.020
120.959 60.00 60.9200 9.0 -0.921 -1.047
120.978 60.00 60.9300 9.0 -0.924 -1.055
120.999 60.00 60.9300 9.0 -0.927 -1.062
121.018 60.00 60.9200 9.0 -0.917 -1.034
121.040 60.00 60.9300 9.0 -0.928 -1.066
121.059 60.00 61.1100 9.0 -1.107 -1.565
121.080 60.00 60.9200 9.0 -0.921 -1.043
121.099 60.00 60.9100 9.0 -0.911 -1.014
121.120 60.00 60.9100 9.0 -0.909 -1.007
121.140 60.00 60.9400 9.0 -0.936 -1.082
121.158 60.00 60.9200 9.0 -0.923 -1.045
121.179 60.00 60.9300 9.0 -0.929 -1.064
121.198 60.00 60.9100 9.0 -0.909 -1.006
121.219 60.00 60.9100 9.0 -0.912 -1.013
121.238 60.00 60.9400 9.0 -0.941 -1.096
121.259 60.00 60.9100 9.0 -0.911 -1.011
121.278 60.00 60.9300 9.0 -0.926 -1.051
121.299 60.00 60.9100 9.0 -0.910 -1.007
121.318 60.00 60.9200 9.0 -0.920 -1.033
121.339 60.00 60.9100 9.0 -0.911 -1.008
121.359 60.00 60.9200 9.0 -0.923 -1.042
121.380 60.00 60.9300 9.0 -0.927 -1.053
121.399 60.00 60.9200 9.0 -0.914 -1.015
121.420 60.00 60.9200 9.0 -0.920 -1.032
121.439 60.00 60.9200 9.0 -0.920 -1.031
121.460 60.00 60.9200 9.0 -0.917 -1.024
121.479 60.00 60.9200 9.0 -0.920 -1.029
121.500 60.00 60.9300 9.0 -0.926 -1.047
121.519 60.00 60.9100 9.0 -0.912 -1.008
121.539 60.00 60.9200 9.0 -0.915 -1.015
121.558 60.00 60.9300 9.0 -0.925 -1.043
121.579 60.00 60.9200 9.0 -0.920 -1.028
121.599 60.00 60.9200 9.0 -0.918 -1.022
121.619 60.00 60.9200 9.0 -0.923 -1.037
121.639 60.00 60.9300 9.0 -0.925 -1.042
121.659 60.00 60.9300 9.0 -0.928 -1.049
121.680 60.00 60.9300 9.0 -0.925 -1.040
121.699 60.00 60.9200 9.0 -0.922 -1.030
121.721 60.00 60.9100 9.0 -0.906 -0.987
121.740 60.00 60.9100 9.0 -0.912 -1.002
121.761 60.00 60.9200 9.0 -0.923 -1.034
121.780 60.00 60.9200 9.0 -0.924 -1.034
121.801 60.00 60.9300 9.0 -0.924 -1.035
121.819 60.00 60.9100 9.0 -0.908 -0.988
121.840 60.00 60.9200 9.0 -0.923 -1.032
121.859 60.00 60.9200 9.0 -0.917 -1.014
121.880 60.00 60.9200 9.0 -0.923 -1.029
121.899 60.00 60.9200 9.0 -0.924 -1.032
121.920 60.00 60.9300 9.0 -0.926 -1.038
121.939 60.00 60.9200 9.0 -0.919 -1.018
121.960 60.00 60.9200 9.0 -0.923 -1.028
121.979 60.00 60.9400 9.0 -0.934 -1.059
122.001 60.00 60.9300 9.0 -0.925 -1.034
122.020 60.00 60.9200 9.0 -0.924 -1.029
122.041 60.00 60.9300 9.0 -0.927 -1.039
122.060 60.00 60.9400 9.0 -0.938 -1.069
122.081 60.00 60.9300 9.0 -0.927 -1.037
122.099 60.00 60.9300 9.0 -0.928 -1.041
122.120 60.00 60.9200 9.0 -0.922 -1.021
122.140 60.00 60.9200 9.0 -0.919 -1.014
122.159 60.00 60.9300 9.0 -0.932 -1.050
122.180 60.00 60.9200 9.0 -0.923 -1.023
122.199 60.00 60.9200 9.0 -0.923 -1.024
122.220 60.00 60.9400 9.0 -0.935 -1.056
122.239 60.00 60.9300 9.0 -0.925 -1.028
122.260 60.00 60.9300 9.0 -0.928 -1.037
122.279 60.00 60.9200 9.0 -0.917 -1.006
122.300 60.00 60.9300 9.0 -0.932 -1.048
122.320 60.00 60.9300 9.0 -0.930 -1.040
122.341 60.00 60.9200 9.0 -0.919 -1.010
122.360 60.00 60.9300 9.0 -0.928 -1.034
122.381 60.00 60.9300 9.0 -0.930 -1.040
122.400 60.00 60.9300 9.0 -0.933 -1.047
122.421 60.00 60.9300 9.0 -0.932 -1.045
122.440 60.00 60.9400 9.0 -0.935 -1.051
122.460 60.00 60.9300 9.0 -0.930 -1.037
122.479 60.00 60.9300 9.0 -0.934 -1.047
122.500 60.00 60.9300 9.0 -0.930 -1.038
122.519 60.00 60.9300 9.0 -0.926 -1.025
122.540 60.00 60.9400 9.0 -0.937 -1.056
122.559 60.00 60.9000 9.0 -0.903 -0.959
122.580 60.00 60.9300 9.0 -0.924 -1.019
122.599 60.00 60.9400 9.0 -0.934 -1.046
122.620 60.00 60.9300 9.0 -0.928 -1.030
122.640 60.00 60.9400 9.0 -0.940 -1.061
122.659 60.00 60.9300 9.0 -0.927 -1.026
122.681 60.00 60.9500 9.0 -0.948 -1.083
122.701 60.00 60.9400 9.0 -0.938 -1.055
122.722 60.00 60.9400 9.0 -0.940 -1.061
122.741 60.00 60.9400 9.0 -0.939 -1.057
122.762 60.00 60.9500 9.0 -0.948 -1.081
122.781 60.00 60.9300 9.0 -0.929 -1.027
122.802 60.00 60.9500 9.0 -0.946 -1.075
122.820 60.00 60.9300 9.0 -0.932 -1.035
122.841 60.00 60.9500 9.0 -0.951 -1.087
122.860 60.00 60.9400 9.0 -0.940 -1.056
122.881 60.00 60.9400 9.0 -0.941 -1.058
122.900 60.00 60.9400 9.0 -0.934 -1.039
122.921 60.00 60.9300 9.0 -0.934 -1.037
122.940 60.00 60.9500 9.0 -0.945 -1.070
122.961 60.00 60.9300 9.0 -0.929 -1.025
122.980 60.00 60.9400 9.0 -0.941 -1.056
123.001 60.00 60.9300 9.0 -0.933 -1.034
123.021 60.00 60.9300 9.0 -0.932 -1.031
123.042 60.00 60.9400 9.0 -0.939 -1.050
123.061 60.00 60.9400 9.0 -0.939 -1.049
123.082 60.00 60.9400 9.0 -0.936 -1.039
123.101 60.00 60.9400 9.0 -0.934 -1.035
123.122 60.00 60.9500 9.0 -0.944 -1.064
123.141 60.00 60.9400 9.0 -0.941 -1.054
123.161 60.00 60.9400 9.0 -0.937 -1.040
123.181 60.00 60.9300 9.0 -0.927 -1.014
123.200 60.00 60.9300 9.0 -0.934 -1.031
123.221 60.00 60.9400 9.0 -0.936 -1.038
123.240 60.00 60.9600 9.0 -0.955 -1.090
123.261 60.00 60.9400 9.0 -0.934 -1.031
123.280 60.00 60.9400 9.0 -0.936 -1.037
123.301 60.00 60.9400 9.0 -0.937 -1.037
123.320 60.00 60.9500 9.0 -0.951 -1.078
123.341 60.00 60.9400 9.0 -0.936 -1.036
123.360 60.00 60.9400 9.0 -0.942 -1.051
123.381 60.00 60.9400 9.0 -0.939 -1.043
123.401 60.00 60.9400 9.0 -0.934 -1.029
123.422 60.00 60.9200 9.0 -0.919 -0.986
123.441 60.00 60.9400 9.0 -0.940 -1.044
123.462 60.00 60.9400 9.0 -0.941 -1.048
123.481 60.00 60.9400 9.0 -0.936 -1.033
123.502 60.00 60.9400 9.0 -0.938 -1.038
123.520 60.00 60.9400 9.0 -0.941 -1.045
123.541 60.00 60.9600 9.0 -0.956 -1.087
123.560 60.00 60.9300 9.0 -0.930 -1.013
123.581 60.00 60.9600 9.0 -0.963 -1.105
123.600 60.00 60.9400 9.0 -0.941 -1.043
123.621 60.00 60.9300 9.0 -0.933 -1.021
123.641 60.00 60.9400 9.0 -0.943 -1.048
123.661 60.00 60.9400 9.0 -0.939 -1.037
123.681 60.00 60.9400 9.0 -0.943 -1.047
123.700 60.00 60.9400 9.0 -0.939 -1.035
123.722 60.00 60.9600 9.0 -0.961 -1.096
123.742 60.00 60.9400 9.0 -0.939 -1.034
123.763 60.00 60.9600 9.0 -0.956 -1.082
123.782 60.00 60.9600 9.0 -0.960 -1.093
123.803 60.00 60.9500 9.0 -0.945 -1.052
123.822 60.00 60.9400 9.0 -0.942 -1.041
123.842 60.00 60.9400 9.0 -0.940 -1.037
123.861 60.00 60.9600 9.0 -0.954 -1.074
123.882 60.00 60.9500 9.0 -0.946 -1.053
123.901 60.00 60.9600 9.0 -0.954 -1.073
123.922 60.00 60.9500 9.0 -0.952 -1.067
123.941 60.00 60.9400 9.0 -0.943 -1.041
123.962 60.00 60.9300 9.0 -0.930 -1.006
123.981 60.00 60.9500 9.0 -0.953 -1.070
124.002 60.00 60.9400 9.0 -0.941 -1.036
124.021 60.00 60.9600 9.0 -0.960 -1.087
124.043 60.00 60.9400 9.0 -0.937 -1.022
124.062 60.00 60.9400 9.0 -0.936 -1.019
124.083 60.00 60.9600 9.0 -0.955 -1.072
124.102 60.00 60.9600 9.0 -0.958 -1.082
124.122 60.00 60.9500 9.0 -0.950 -1.058
124.141 60.00 60.9400 9.0 -0.942 -1.034
124.162 60.00 60.9500 9.0 -0.953 -1.065
124.182 60.00 60.9600 9.0 -0.959 -1.082
124.201 60.00 60.9300 9.0 -0.932 -1.006
124.222 60.00 60.9600 9.0 -0.958 -1.078
124.241 60.00 60.9600 9.0 -0.954 -1.066
124.262 60.00 60.9500 9.0 -0.952 -1.060
124.281 60.00 60.9500 9.0 -0.950 -1.053
124.302 60.00 60.9600 9.0 -0.958 -1.076
124.321 60.00 60.9700 9.0 -0.972 -1.116
124.342 60.00 60.9600 9.0 -0.964 -1.091
124.362 60.00 60.9600 9.0 -0.957 -1.073
124.383 60.00 60.9500 9.0 -0.951 -1.055
124.402 60.00 60.9500 9.0 -0.951 -1.054
124.423 60.00 60.9900 9.0 -0.993 -1.173
124.442 60.00 60.9500 9.0 -0.950 -1.051
124.463 60.00 60.9500 9.0 -0.944 -1.033
124.481 60.00 60.9600 9.0 -0.955 -1.063
124.502 60.00 60.9600 9.0 -0.956 -1.066
124.521 60.00 60.9500 9.0 -0.947 -1.040
124.542 60.00 60.9900 9.0 -0.986 -1.151
124.561 60.00 60.9600 9.0 -0.963 -1.084
124.582 60.00 60.9600 9.0 -0.961 -1.077
124.601 60.00 60.9600 9.0 -0.959 -1.072
124.622 60.00 60.9600 9.0 -0.958 -1.068
124.641 60.00 60.9700 9.0 -0.968 -1.097
124.662 60.00 60.9700 9.0 -0.968 -1.097
124.682 60.00 60.9500 9.0 -0.953 -1.053
124.702 60.00 60.9500 9.0 -0.952 -1.049
124.724 60.00 60.9800 9.0 -0.980 -1.129
124.743 60.00 60.7200 9.0 -0.721 -0.402
124.764 60.00 60.9600 9.0 -0.960 -1.073
124.783 60.00 60.9500 9.0 -0.951 -1.046
124.803 60.00 60.9600 9.0 -0.964 -1.082
124.822 60.00 60.9800 9.0 -0.981 -1.132
124.843 60.00 60.9600 9.0 -0.964 -1.081
124.862 60.00 60.9700 9.0 -0.971 -1.101
124.883 60.00 60.9700 9.0 -0.973 -1.106
124.902 60.00 60.9600 9.0 -0.962 -1.074
124.923 60.00 60.9700 9.0 -0.966 -1.085
124.942 60.00 60.9500 9.0 -0.947 -1.033
124.963 60.00 60.9400 9.0 -0.941 -1.016
124.982 60.00 60.9600 9.0 -0.958 -1.062
125.003 60.00 60.9600 9.0 -0.956 -1.057
125.023 60.00 60.9600 9.0 -0.960 -1.067
125.044 60.00 60.9500 9.0 -0.950 -1.039
125.063 60.00 60.9600 9.0 -0.963 -1.073
125.084 60.00 60.9700 9.0 -0.968 -1.089
125.102 60.00 60.9600 9.0 -0.960 -1.064
125.123 60.00 60.9600 9.0 -0.962 -1.069
125.142 60.00 60.9600 9.0 -0.963 -1.073
125.163 60.00 60.9500 9.0 -0.945 -1.023
125.183 60.00 60.9500 9.0 -0.952 -1.042
125.203 60.00 60.9700 9.0 -0.968 -1.085
125.223 60.00 60.9600 9.0 -0.956 -1.051
125.242 60.00 60.9600 9.0 -0.961 -1.064
125.263 60.00 60.9600 9.0 -0.954 -1.045
125.282 60.00 60.9300 9.0 -0.934 -0.988
125.303 60.00 60.9600 9.0 -0.957 -1.053
125.323 60.00 60.9700 9.0 -0.971 -1.093
125.344 60.00 60.9600 9.0 -0.962 -1.066
125.363 60.00 61.0000 9.0 -0.995 -1.158
125.384 60.00 60.9600 9.0 -0.961 -1.063
125.403 60.00 60.9700 9.0 -0.967 -1.080
125.424 60.00 61.3900 9.0 -1.384 -2.247
125.442 60.00 60.9900 9.0 -0.991 -1.143
125.463 60.00 60.9800 9.0 -0.977 -1.103
125.482 60.00 60.9900 9.0 -0.984 -1.122
125.503 60.00 60.9800 9.0 -0.980 -1.110
125.522 60.00 60.9800 9.0 -0.980 -1.110
125.543 60.00 61.0100 9.0 -1.004 -1.176
125.562 60.00 61.0000 9.0 -0.999 -1.161
125.583 60.00 60.9800 9.0 -0.981 -1.111
125.602 60.00 61.0000 9.0 -0.995 -1.150
125.624 60.00 61.0000 9.0 -0.996 -1.152
125.643 60.00 60.9800 9.0 -0.975 -1.092
125.664 60.00 60.9900 9.0 -0.992 -1.140
125.683 60.00 60.9900 9.0 -0.992 -1.139
125.704 60.00 61.0000 9.0 -0.995 -1.147
125.724 60.00 60.9900 9.0 -0.993 -1.139
125.743 60.00 60.9900 9.0 -0.991 -1.132
125.765 60.00 60.9800 9.0 -0.974 -1.087
125.783 60.00 60.9900 9.0 -0.993 -1.137
125.804 60.00 61.0000 9.0 -0.996 -1.147
125.823 60.00 60.9900 9.0 -0.992 -1.135
125.844 60.00 60.9800 9.0 -0.978 -1.093
125.863 60.00 61.0000 9.0 -0.999 -1.151
125.884 60.00 61.0000 9.0 -1.001 -1.157
125.904 60.00 60.9800 9.0 -0.979 -1.096
125.925 60.00 61.0000 9.0 -0.994 -1.136
125.944 60.00 61.0000 9.0 -1.001 -1.156
125.964 60.00 61.0100 9.0 -1.010 -1.182
125.983 60.00 61.0000 9.0 -1.003 -1.159
126.004 60.00 61.0100 9.0 -1.011 -1.182
126.023 60.00 60.9900 9.0 -0.987 -1.116
126.044 60.00 61.0000 9.0 -0.995 -1.137
126.063 60.00 60.9700 9.0 -0.967 -1.058
126.084 60.00 61.0000 9.0 -1.003 -1.158
126.103 60.00 61.0000 9.0 -0.997 -1.141
126.124 60.00 61.0000 9.0 -1.004 -1.158
126.143 60.00 60.9900 9.0 -0.988 -1.114
126.165 60.00 61.0100 9.0 -1.007 -1.167
126.184 60.00 61.0100 9.0 -1.011 -1.177
126.205 60.00 60.9900 9.0 -0.986 -1.106
126.224 60.00 61.0100 9.0 -1.010 -1.173
126.245 60.00 61.0100 9.0 -1.006 -1.160
126.265 60.00 60.9800 9.0 -0.981 -1.092
126.284 60.00 61.0200 9.0 -1.021 -1.202
126.304 60.00 61.0000 9.0 -0.995 -1.129
126.323 60.00 61.0000 9.0 -1.001 -1.144
126.344 60.00 61.0100 9.0 -1.010 -1.171
126.363 60.00 60.9900 9.0 -0.992 -1.119
126.384 60.00 61.0000 9.0 -0.994 -1.124
126.403 60.00 61.0200 9.0 -1.020 -1.196
126.424 60.00 61.0200 9.0 -1.022 -1.200
126.443 60.00 61.0100 9.0 -1.009 -1.163
126.464 60.00 61.0100 9.0 -1.010 -1.167
126.483 60.00 61.0100 9.0 -1.010 -1.165
126.504 60.00 61.0100 9.0 -1.014 -1.174
126.523 60.00 60.9700 9.0 -0.966 -1.040
126.545 60.00 61.0000 9.0 -1.002 -1.140
126.564 60.00 61.0100 9.0 -1.007 -1.154
126.585 60.00 61.0000 9.0 -1.002 -1.139
126.604 60.00 61.0100 9.0 -1.007 -1.153
126.625 60.00 61.0100 9.0 -1.007 -1.152
126.644 60.00 61.0100 9.0 -1.005 -1.146
126.665 60.00 61.0100 9.0 -1.009 -1.158
126.683 60.00 61.0000 9.0 -1.000 -1.132
126.704 60.00 60.9900 9.0 -0.993 -1.112
126.724 60.00 61.0100 9.0 -1.007 -1.149
126.744 60.00 61.0000 9.0 -1.003 -1.137
126.764 60.00 61.0200 9.0 -1.015 -1.170
126.784 60.00 61.0000 9.0 -1.003 -1.136
126.805 60.00 61.0000 9.0 -1.000 -1.128
126.824 60.00 61.0100 9.0 -1.014 -1.166
126.845 60.00 61.0100 9.0 -1.010 -1.156
126.865 60.00 61.0100 9.0 -1.011 -1.157
126.886 60.00 61.0100 9.0 -1.013 -1.162
126.905 60.00 61.0100 9.0 -1.006 -1.143
126.926 60.00 61.0200 9.0 -1.022 -1.186
126.945 60.00 61.0000 9.0 -0.994 -1.108
126.966 60.00 61.0200 9.0 -1.014 -1.163
126.985 60.00 61.0200 9.0 -1.018 -1.174
127.006 60.00 61.0100 9.0 -1.013 -1.159
127.024 60.00 61.0000 9.0 -1.001 -1.124
127.045 60.00 61.0000 9.0 -1.002 -1.127
127.064 60.00 61.0100 9.0 -1.011 -1.153
127.085 60.00 61.0100 9.0 -1.011 -1.151
127.104 60.00 61.0000 9.0 -1.003 -1.127
127.125 60.00 61.0200 9.0 -1.017 -1.168
127.144 60.00 61.0200 9.0 -1.017 -1.167
127.165 60.00 61.0100 9.0 -1.006 -1.135
127.184 60.00 61.0000 9.0 -1.003 -1.125
127.206 60.00 61.0000 9.0 -1.002 -1.123
127.225 60.00 61.0100 9.0 -1.009 -1.143
127.246 60.00 61.0200 9.0 -1.015 -1.158
127.266 60.00 61.0300 9.0 -1.026 -1.188
127.285 60.00 61.0200 9.0 -1.016 -1.160
127.306 60.00 61.0200 9.0 -1.014 -1.154
127.324 60.00 61.0100 9.0 -1.012 -1.147
127.345 60.00 61.0200 9.0 -1.016 -1.158
127.364 60.00 61.0200 9.0 -1.016 -1.156
127.385 60.00 60.9700 9.0 -0.973 -1.036
127.404 60.00 61.0100 9.0 -1.005 -1.125
127.425 60.00 61.0200 9.0 -1.016 -1.156
127.444 60.00 61.0300 9.0 -1.030 -1.194
127.465 60.00 61.0200 9.0 -1.022 -1.172
127.484 60.00 61.0200 9.0 -1.015 -1.150
127.505 60.00 61.0100 9.0 -1.006 -1.125
127.524 60.00 61.0300 9.0 -1.026 -1.180
127.546 60.00 61.0200 9.0 -1.015 -1.150
127.565 60.00 61.0200 9.0 -1.020 -1.163
127.586 60.00 61.0200 9.0 -1.018 -1.156
127.605 60.00 61.0200 9.0 -1.018 -1.156
127.626 60.00 61.0200 9.0 -1.019 -1.159
127.645 60.00 61.0200 9.0 -1.015 -1.147
127.666 60.00 61.0100 9.0 -1.008 -1.128
127.684 60.00 61.0200 9.0 -1.016 -1.148
127.705 60.00 61.0200 9.0 -1.020 -1.159
127.724 60.00 61.0200 9.0 -1.019 -1.155
127.745 60.00 61.0200 9.0 -1.022 -1.164
127.765 60.00 61.0300 9.0 -1.030 -1.186
127.784 60.00 61.0200 9.0 -1.020 -1.158
127.806 60.00 61.0200 9.0 -1.018 -1.152
127.825 60.00 60.9900 9.0 -0.988 -1.067
127.846 60.00 61.0200 9.0 -1.020 -1.156
127.865 60.00 61.0300 9.0 -1.029 -1.180
127.887 60.00 61.0100 9.0 -1.007 -1.119
127.906 60.00 61.0200 9.0 -1.023 -1.163
127.927 60.00 61.0300 9.0 -1.027 -1.173
127.946 60.00 61.0200 9.0 -1.014 -1.136
127.967 60.00 61.0100 9.0 -1.014 -1.135
127.986 60.00 61.0100 9.0 -1.011 -1.127
128.007 60.00 61.0300 9.0 -1.024 -1.164
128.025 60.00 61.0700 9.0 -1.071 -1.293
128.046 60.00 61.0100 9.0 -1.010 -1.123
128.065 60.00 61.0200 9.0 -1.020 -1.149
128.086 60.00 61.0200 9.0 -1.022 -1.154
128.105 60.00 61.0500 9.0 -1.053 -1.242
128.126 60.00 61.0300 9.0 -1.028 -1.169
128.145 60.00 61.0200 9.0 -1.021 -1.151
128.166 60.00 61.0300 9.0 -1.029 -1.171
128.185 60.00 61.0400 9.0 -1.035 -1.189
128.207 60.00 61.0400 9.0 -1.036 -1.190
128.226 60.00 61.0600 9.0 -1.060 -1.258
128.247 60.00 61.0100 9.0 -1.007 -1.108
128.266 60.00 61.0300 9.0 -1.028 -1.165
128.287 60.00 60.5900 9.0 -0.593 0.052
128.307 60.00 61.0200 9.0 -1.020 -1.146
128.326 60.00 61.0100 9.0 -1.009 -1.115
128.347 60.00 61.0200 9.0 -1.015 -1.130
128.365 60.00 61.0100 9.0 -1.014 -1.126
128.386 60.00 61.0500 9.0 -1.046 -1.216
128.405 60.00 61.0400 9.0 -1.038 -1.193
128.426 60.00 61.0400 9.0 -1.034 -1.182
128.445 60.00 61.0200 9.0 -1.021 -1.146
128.466 60.00 61.0300 9.0 -1.028 -1.164
128.485 60.00 61.0300 9.0 -1.032 -1.175
128.506 60.00 61.0300 9.0 -1.030 -1.170
128.525 60.00 61.0000 9.0 -0.997 -1.075
128.546 60.00 61.0400 9.0 -1.034 -1.180
128.565 60.00 61.0300 9.0 -1.027 -1.159
128.587 60.00 61.0200 9.0 -1.021 -1.142
128.606 60.00 61.0300 9.0 -1.024 -1.149
128.627 60.00 61.0300 9.0 -1.030 -1.166
128.646 60.00 61.0300 9.0 -1.029 -1.162
128.667 60.00 61.0300 9.0 -1.028 -1.159
128.686 60.00 61.0400 9.0 -1.038 -1.188
128.707 60.00 61.0300 9.0 -1.029 -1.159
128.726 60.00 61.0300 9.0 -1.026 -1.150
128.746 60.00 61.0500 9.0 -1.051 -1.222
128.766 60.00 61.0200 9.0 -1.023 -1.142
128.786 60.00 61.0300 9.0 -1.026 -1.150
128.806 60.00 61.0500 9.0 -1.046 -1.206
128.825 60.00 61.0400 9.0 -1.036 -1.178
128.847 60.00 61.0300 9.0 -1.029 -1.155
128.866 60.00 61.0400 9.0 -1.035 -1.174
128.887 60.00 61.0200 9.0 -1.023 -1.139
128.906 60.00 61.0400 9.0 -1.036 -1.174
128.927 60.00 61.0200 9.0 -1.017 -1.120
128.946 60.00 61.0200 9.0 -1.022 -1.134
128.967 60.00 61.0300 9.0 -1.027 -1.148
128.987 60.00 61.0400 9.0 -1.036 -1.174
129.008 60.00 61.0400 9.0 -1.038 -1.179
129.027 60.00 61.0500 9.0 -1.052 -1.216
129.048 60.00 61.0500 9.0 -1.048 -1.206
129.067 60.00 61.0300 9.0 -1.030 -1.155
129.088 60.00 61.0600 9.0 -1.055 -1.223
129.106 60.00 61.0100 9.0 -1.008 -1.090
129.127 60.00 61.0400 9.0 -1.036 -1.168
129.146 60.00 61.0600 9.0 -1.055 -1.222
129.167 60.00 61.0300 9.0 -1.026 -1.140
129.186 60.00 61.0300 9.0 -1.030 -1.150
129.207 60.00 61.0400 9.0 -1.037 -1.171
129.226 60.00 61.0300 9.0 -1.030 -1.149
129.247 60.00 61.0400 9.0 -1.041 -1.179
129.266 60.00 61.0300 9.0 -1.031 -1.152
129.288 60.00 61.0300 9.0 -1.024 -1.132
129.308 60.00 61.0200 9.0 -1.019 -1.117
129.327 60.00 61.0400 9.0 -1.034 -1.158
129.348 60.00 61.0500 9.0 -1.045 -1.189
129.367 60.00 61.0200 9.0 -1.015 -1.103
129.388 60.00 61.0200 9.0 -1.023 -1.127
129.406 60.00 61.0400 9.0 -1.042 -1.179
129.427 60.00 61.0300 9.0 -1.028 -1.139
129.446 60.00 61.0500 9.0 -1.052 -1.206
129.467 60.00 61.0400 9.0 -1.035 -1.157
129.486 60.00 61.0300 9.0 -1.028 -1.136
129.507 60.00 61.0300 9.0 -1.029 -1.139
129.526 60.00 61.0400 9.0 -1.043 -1.179
129.547 60.00 61.0500 9.0 -1.046 -1.186
129.566 60.00 61.0300 9.0 -1.030 -1.140
129.587 60.00 61.0400 9.0 -1.034 -1.153
129.606 60.00 61.0500 9.0 -1.050 -1.198
129.628 60.00 61.0100 9.0 -1.014 -1.094
129.647 60.00 61.0000 9.0 -0.999 -1.052
129.668 60.00 61.0400 9.0 -1.034 -1.150
129.687 60.00 61.0300 9.0 -1.033 -1.148
129.708 60.00 61.0500 9.0 -1.053 -1.202
129.727 60.00 61.0500 9.0 -1.047 -1.185
129.748 60.00 61.0200 9.0 -1.023 -1.117
129.767 60.00 61.0300 9.0 -1.026 -1.126
129.787 60.00 61.0400 9.0 -1.042 -1.169
129.807 60.00 61.0500 9.0 -1.049 -1.190
129.826 60.00 61.0400 9.0 -1.043 -1.171
129.848 60.00 61.0500 9.0 -1.046 -1.178
129.867 60.00 61.0300 9.0 -1.026 -1.123
129.888 60.00 61.0300 9.0 -1.030 -1.134
129.907 60.00 61.0400 9.0 -1.037 -1.152
129.928 60.00 61.0600 9.0 -1.057 -1.208
129.947 60.00 61.0300 9.0 -1.032 -1.137
129.969 60.00 61.0500 9.0 -1.052 -1.195
129.988 60.00 61.0500 9.0 -1.053 -1.197
130.009 60.00 61.0400 9.0 -1.043 -1.168
130.028 60.00 61.0400 9.0 -1.038 -1.152
130.049 60.00 61.0500 9.0 -1.052 -1.193
130.067 60.00 61.0300 9.0 -1.031 -1.133
130.088 60.00 61.0500 9.0 -1.048 -1.179
130.107 60.00 61.0400 9.0 -1.038 -1.152
130.128 60.00 61.0400 9.0 -1.036 -1.146
130.147 60.00 61.0500 9.0 -1.047 -1.174
130.168 60.00 61.0400 9.0 -1.034 -1.139
130.187 60.00 61.0400 9.0 -1.044 -1.165
130.208 60.00 61.0700 9.0 -1.069 -1.234
130.227 60.00 61.0400 9.0 -1.040 -1.153
130.248 60.00 61.0500 9.0 -1.050 -1.182
130.268 60.00 61.0600 9.0 -1.055 -1.195
130.289 60.00 61.0400 9.0 -1.036 -1.142
130.308 60.00 61.0500 9.0 -1.047 -1.170
130.329 60.00 61.0500 9.0 -1.051 -1.182
130.349 60.00 61.0800 9.0 -1.079 -1.260
130.368 60.00 61.0500 9.0 -1.051 -1.182
130.388 60.00 61.0500 9.0 -1.051 -1.180
130.407 60.00 61.0600 9.0 -1.063 -1.214
130.428 60.00 61.0500 9.0 -1.045 -1.161
130.447 60.00 61.0500 9.0 -1.049 -1.172
130.468 60.00 61.0600 9.0 -1.059 -1.201
130.487 60.00 61.0500 9.0 -1.045 -1.159
130.508 60.00 61.0600 9.0 -1.059 -1.200
130.527 60.00 61.0400 9.0 -1.041 -1.147
130.548 60.00 61.0500 9.0 -1.053 -1.181
130.567 60.00 61.0600 9.0 -1.059 -1.198
130.588 60.00 61.0500 9.0 -1.049 -1.170
130.607 60.00 61.0600 9.0 -1.058 -1.193
130.629 60.00 61.0500 9.0 -1.051 -1.174
130.648 60.00 61.0500 9.0 -1.049 -1.169
130.669 60.00 61.0700 9.0 -1.069 -1.223
130.688 60.00 61.0600 9.0 -1.057 -1.189
130.709 60.00 61.0600 9.0 -1.057 -1.189
130.728 60.00 61.0400 9.0 -1.041 -1.142
130.748 60.00 61.0500 9.0 -1.051 -1.171
130.767 60.00 61.0500 9.0 -1.050 -1.169
130.788 60.00 61.0700 9.0 -1.073 -1.231
130.808 60.00 61.0500 9.0 -1.048 -1.162
130.828 60.00 61.0500 9.0 -1.048 -1.160
130.848 60.00 61.0400 9.0 -1.042 -1.142
130.867 60.00 61.0400 9.0 -1.042 -1.141
130.889 60.00 61.0500 9.0 -1.048 -1.159
130.908 60.00 61.0500 9.0 -1.046 -1.154
130.930 60.00 61.0700 9.0 -1.071 -1.222
130.949 60.00 61.0600 9.0 -1.062 -1.197
130.970 60.00 61.0400 9.0 -1.039 -1.133
130.989 60.00 61.0600 9.0 -1.061 -1.194
131.010 60.00 61.0600 9.0 -1.061 -1.192
131.029 60.00 61.0500 9.0 -1.053 -1.169
131.049 60.00 61.0600 9.0 -1.059 -1.187
131.068 60.00 61.0600 9.0 -1.059 -1.185
131.089 60.00 61.0600 9.0 -1.057 -1.178
131.108 60.00 61.0600 9.0 -1.060 -1.188
131.129 60.00 61.0400 9.0 -1.043 -1.138
131.149 60.00 61.0800 9.0 -1.076 -1.232
131.170 60.00 61.0400 9.0 -1.042 -1.135
131.188 60.00 61.0600 9.0 -1.059 -1.182
131.209 60.00 61.0400 9.0 -1.040 -1.129
131.228 60.00 61.0700 9.0 -1.064 -1.195
131.249 60.00 61.0600 9.0 -1.060 -1.185
131.268 60.00 61.0600 9.0 -1.061 -1.186
131.289 60.00 61.0600 9.0 -1.057 -1.174
131.308 60.00 61.0700 9.0 -1.071 -1.214
131.329 60.00 61.0600 9.0 -1.061 -1.184
131.349 60.00 61.0700 9.0 -1.065 -1.197
131.369 60.00 61.0600 9.0 -1.063 -1.189
131.389 60.00 61.0600 9.0 -1.058 -1.174
131.408 60.00 61.0600 9.0 -1.055 -1.165
131.430 60.00 61.0700 9.0 -1.068 -1.202
131.449 60.00 61.0700 9.0 -1.065 -1.193
131.470 60.00 61.0600 9.0 -1.060 -1.179
131.489 60.00 61.0700 9.0 -1.069 -1.202
131.510 60.00 61.0600 9.0 -1.063 -1.185
131.529 60.00 61.0800 9.0 -1.079 -1.230
131.549 60.00 61.0600 9.0 -1.060 -1.177
131.568 60.00 61.0800 9.0 -1.074 -1.216
131.589 60.00 61.0900 9.0 -1.087 -1.251
131.608 60.00 61.0800 9.0 -1.083 -1.238
131.629 60.00 61.0600 9.0 -1.061 -1.176
131.648 60.00 61.0500 9.0 -1.046 -1.133
131.669 60.00 61.0700 9.0 -1.064 -1.185
131.688 60.00 61.0800 9.0 -1.074 -1.212
131.709 60.00 61.0800 9.0 -1.076 -1.218
131.728 60.00 61.0700 9.0 -1.073 -1.209
131.749 60.00 61.0900 9.0 -1.085 -1.240
131.768 60.00 61.0600 9.0 -1.059 -1.168
131.789 60.00 61.0600 9.0 -1.063 -1.178
131.808 60.00 61.0700 9.0 -1.064 -1.182
131.830 60.00 61.0800 9.0 -1.076 -1.215
131.849 60.00 61.0700 9.0 -1.066 -1.187
131.870 60.00 61.0800 9.0 -1.075 -1.211
131.890 60.00 61.0600 9.0 -1.062 -1.172
131.910 60.00 61.0600 9.0 -1.063 -1.175
131.931 60.00 61.0900 9.0 -1.088 -1.244
131.950 60.00 61.0800 9.0 -1.074 -1.205
131.971 60.00 61.0600 9.0 -1.058 -1.160
131.989 60.00 61.0700 9.0 -1.071 -1.195
132.010 60.00 61.0800 9.0 -1.076 -1.210
132.029 60.00 61.0800 9.0 -1.074 -1.203
132.050 60.00 61.0600 9.0 -1.062 -1.168
132.069 60.00 61.0800 9.0 -1.076 -1.208
132.090 60.00 61.0700 9.0 -1.065 -1.176
132.109 60.00 61.0800 9.0 -1.075 -1.205
132.130 60.00 61.0700 9.0 -1.069 -1.186
132.149 60.00 61.0800 9.0 -1.081 -1.220
132.170 60.00 61.0800 9.0 -1.081 -1.219
132.189 60.00 61.0800 9.0 -1.075 -1.202
132.211 60.00 61.0800 9.0 -1.082 -1.221
132.230 60.00 61.0900 9.0 -1.086 -1.231
132.251 60.00 61.0600 9.0 -1.059 -1.155
132.270 60.00 61.0800 9.0 -1.074 -1.197
132.291 60.00 61.0900 9.0 -1.086 -1.231
132.310 60.00 61.0800 9.0 -1.077 -1.206
132.330 60.00 61.0800 9.0 -1.076 -1.201
132.349 60.00 61.0700 9.0 -1.066 -1.173
132.370 60.00 61.0700 9.0 -1.070 -1.182
132.390 60.00 61.0600 9.0 -1.063 -1.163
132.409 60.00 61.0600 9.0 -1.058 -1.149
132.430 60.00 61.0700 9.0 -1.072 -1.187
132.449 60.00 61.0800 9.0 -1.078 -1.205
132.470 60.00 61.0700 9.0 -1.070 -1.181
132.489 60.00 61.1000 9.0 -1.098 -1.260
132.510 60.00 61.0800 9.0 -1.077 -1.199
132.529 60.00 61.0800 9.0 -1.083 -1.215
132.551 60.00 61.0800 9.0 -1.075 -1.194
132.570 60.00 61.0800 9.0 -1.076 -1.195
132.591 60.00 61.0800 9.0 -1.083 -1.216
132.610 60.00 61.1000 9.0 -1.098 -1.255
132.631 60.00 61.0600 9.0 -1.058 -1.144
132.650 60.00 61.0700 9.0 -1.073 -1.186
132.671 60.00 61.0700 9.0 -1.072 -1.181
132.690 60.00 61.0800 9.0 -1.080 -1.204
132.710 60.00 61.0800 9.0 -1.075 -1.190
132.729 60.00 61.0800 9.0 -1.074 -1.186
132.750 60.00 61.0700 9.0 -1.066 -1.164
132.769 60.00 61.0900 9.0 -1.087 -1.222
132.790 60.00 61.0800 9.0 -1.077 -1.194
132.809 60.00 61.1000 9.0 -1.099 -1.253
132.830 60.00 61.0700 9.0 -1.070 -1.171
132.849 60.00 61.0600 9.0 -1.055 -1.130
132.870 60.00 61.0900 9.0 -1.091 -1.231
132.890 60.00 61.0800 9.0 -1.083 -1.206
132.909 60.00 61.0900 9.0 -1.089 -1.223
132.931 60.00 61.0900 9.0 -1.085 -1.213
132.951 60.00 61.0700 9.0 -1.065 -1.155
132.972 60.00 61.0900 9.0 -1.087 -1.216
132.991 60.00 61.0800 9.0 -1.075 -1.182
133.012 60.00 61.0800 9.0 -1.081 -1.200
133.031 60.00 61.1000 9.0 -1.098 -1.247
133.052 60.00 61.0900 9.0 -1.091 -1.227
133.071 60.00 61.0800 9.0 -1.074 -1.179
133.092 60.00 61.1000 9.0 -1.098 -1.243
133.110 60.00 61.0900 9.0 -1.090 -1.221
133.131 60.00 61.1000 9.0 -1.095 -1.236
133.150 60.00 61.1000 9.0 -1.098 -1.242
133.171 60.00 61.0800 9.0 -1.075 -1.179
133.190 60.00 61.1200 9.0 -1.116 -1.292
133.211 60.00 61.1000 9.0 -1.103 -1.255
133.230 60.00 61.0700 9.0 -1.068 -1.155
133.251 60.00 61.0900 9.0 -1.085 -1.203
133.270 60.00 61.0800 9.0 -1.083 -1.198
133.291 60.00 61.1100 9.0 -1.113 -1.282
133.310 60.00 61.0900 9.0 -1.085 -1.201
133.332 60.00 61.1000 9.0 -1.095 -1.231
133.351 60.00 61.1000 9.0 -1.096 -1.232
133.372 60.00 61.0800 9.0 -1.078 -1.181
133.391 60.00 61.0900 9.0 -1.084 -1.198
133.412 60.00 61.0900 9.0 -1.090 -1.215
133.432 60.00 61.1000 9.0 -1.094 -1.224
133.451 60.00 61.1000 9.0 -1.095 -1.226
133.472 60.00 61.0900 9.0 -1.092 -1.217
133.491 60.00 61.1000 9.0 -1.098 -1.233
133.511 60.00 61.0800 9.0 -1.079 -1.180
133.530 60.00 61.0800 9.0 -1.083 -1.191
133.551 60.00 61.0900 9.0 -1.093 -1.220
133.570 60.00 61.1000 9.0 -1.095 -1.224
133.591 60.00 61.0900 9.0 -1.089 -1.208
133.610 60.00 61.1000 9.0 -1.098 -1.232
133.631 60.00 61.1000 9.0 -1.095 -1.224
133.650 60.00 61.0900 9.0 -1.087 -1.200
133.671 60.00 61.1000 9.0 -1.098 -1.230
133.690 60.00 61.0900 9.0 -1.091 -1.210
133.712 60.00 61.1000 9.0 -1.103 -1.242
133.731 60.00 61.1000 9.0 -1.097 -1.224
133.752 60.00 61.1000 9.0 -1.099 -1.230
133.771 60.00 61.1000 9.0 -1.102 -1.239
133.792 60.00 61.0900 9.0 -1.091 -1.208
133.811 60.00 61.1100 9.0 -1.106 -1.248
133.832 60.00 61.1100 9.0 -1.113 -1.267
133.850 60.00 61.1000 9.0 -1.102 -1.237
133.871 60.00 61.1000 9.0 -1.103 -1.240
133.891 60.00 61.1000 9.0 -1.099 -1.226
133.911 60.00 61.0900 9.0 -1.088 -1.196
133.931 60.00 61.1000 9.0 -1.097 -1.220
133.950 60.00 61.1000 9.0 -1.094 -1.211
133.972 60.00 61.0900 9.0 -1.090 -1.199
133.991 60.00 61.0800 9.0 -1.081 -1.174
134.012 60.00 61.1000 9.0 -1.101 -1.229
134.031 60.00 61.1200 9.0 -1.114 -1.265
134.052 60.00 61.0900 9.0 -1.093 -1.207
134.072 60.00 61.0900 9.0 -1.093 -1.207
134.093 60.00 61.0800 9.0 -1.083 -1.179
134.112 60.00 61.1100 9.0 -1.108 -1.246
134.133 60.00 61.1000 9.0 -1.101 -1.228
134.152 60.00 61.1000 9.0 -1.095 -1.211
134.173 60.00 61.0700 9.0 -1.071 -1.142
134.192 60.00 61.1100 9.0 -1.105 -1.238
134.213 60.00 61.1100 9.0 -1.113 -1.259
134.232 60.00 61.0900 9.0 -1.093 -1.202
134.252 60.00 61.0900 9.0 -1.086 -1.181
134.271 60.00 61.1000 9.0 -1.096 -1.210
134.292 60.00 61.1100 9.0 -1.112 -1.253
134.311 60.00 61.1100 9.0 -1.109 -1.244
134.332 60.00 61.0800 9.0 -1.077 -1.156
134.351 60.00 61.0900 9.0 -1.089 -1.187
134.372 60.00 61.0900 9.0 -1.089 -1.189
134.391 60.00 61.1000 9.0 -1.100 -1.217
134.412 60.00 61.1200 9.0 -1.116 -1.262
134.432 60.00 61.1000 9.0 -1.103 -1.225
134.451 60.00 61.1100 9.0 -1.110 -1.245
134.472 60.00 61.1200 9.0 -1.123 -1.280
134.491 60.00 61.1200 9.0 -1.116 -1.259
134.513 60.00 61.1200 9.0 -1.116 -1.261
134.532 60.00 61.0900 9.0 -1.089 -1.184
134.553 60.00 61.1200 9.0 -1.116 -1.258
134.572 60.00 61.1100 9.0 -1.107 -1.233
134.593 60.00 61.1100 9.0 -1.108 -1.234
134.612 60.00 61.1000 9.0 -1.104 -1.223
134.633 60.00 61.1000 9.0 -1.098 -1.205
134.652 60.00 61.1000 9.0 -1.101 -1.214
134.672 60.00 61.1300 9.0 -1.125 -1.281
134.691 60.00 61.1000 9.0 -1.094 -1.193
134.712 60.00 61.1000 9.0 -1.099 -1.208
134.731 60.00 61.1000 9.0 -1.100 -1.208
134.752 60.00 61.1000 9.0 -1.101 -1.211
134.771 60.00 61.1100 9.0 -1.112 -1.241
134.792 60.00 61.1000 9.0 -1.102 -1.214
134.811 60.00 61.1000 9.0 -1.097 -1.199
134.832 60.00 61.1200 9.0 -1.116 -1.253
134.851 60.00 61.0900 9.0 -1.087 -1.171
134.873 60.00 61.1200 9.0 -1.118 -1.256
134.892 60.00 61.1100 9.0 -1.109 -1.231
134.913 60.00 61.1200 9.0 -1.121 -1.264
134.933 60.00 61.1300 9.0 -1.127 -1.279
134.952 60.00 61.1200 9.0 -1.122 -1.265
134.974 60.00 61.0800 9.0 -1.078 -1.143
134.993 60.00 61.1100 9.0 -1.112 -1.237
135.013 60.00 61.1200 9.0 -1.122 -1.265
135.032 60.00 61.1200 9.0 -1.121 -1.260
135.053 60.00 61.1100 9.0 -1.104 -1.214
135.072 60.00 61.1100 9.0 -1.113 -1.237
135.093 60.00 61.1300 9.0 -1.129 -1.282
135.112 60.00 61.1400 9.0 -1.136 -1.302
135.133 60.00 61.1200 9.0 -1.114 -1.239
135.152 60.00 61.1300 9.0 -1.130 -1.284
135.173 60.00 61.1200 9.0 -1.118 -1.250
135.192 60.00 61.1200 9.0 -1.124 -1.264
135.214 60.00 61.1500 9.0 -1.144 -1.321
135.233 60.00 61.1200 9.0 -1.118 -1.248
135.254 60.00 61.1200 9.0 -1.117 -1.243
135.273 60.00 61.1400 9.0 -1.136 -1.296
135.294 60.00 61.1300 9.0 -1.128 -1.272
135.313 60.00 61.1200 9.0 -1.116 -1.238
135.334 60.00 61.1300 9.0 -1.128 -1.271
135.352 60.00 61.1300 9.0 -1.133 -1.287
135.373 60.00 61.1200 9.0 -1.121 -1.251
135.392 60.00 61.1100 9.0 -1.109 -1.216
135.413 60.00 61.1100 9.0 -1.113 -1.228
135.433 60.00 61.1200 9.0 -1.122 -1.254
135.453 60.00 61.1200 9.0 -1.114 -1.229
135.473 60.00 61.1300 9.0 -1.131 -1.277
135.492 60.00 61.1200 9.0 -1.124 -1.256
135.513 60.00 61.1200 9.0 -1.119 -1.242
135.532 60.00 61.1300 9.0 -1.128 -1.266
135.553 60.00 61.1300 9.0 -1.129 -1.269
135.572 60.00 61.1600 9.0 -1.154 -1.339
135.594 60.00 61.1200 9.0 -1.122 -1.247
135.613 60.00 61.4800 9.0 -1.480 -2.252
135.634 60.00 61.1100 9.0 -1.109 -1.207
135.653 60.00 61.1300 9.0 -1.125 -1.252
135.674 60.00 61.1200 9.0 -1.123 -1.246
135.693 60.00 61.1600 9.0 -1.156 -1.338
135.714 60.00 61.1200 9.0 -1.119 -1.236
135.732 60.00 61.1200 9.0 -1.118 -1.231
135.753 60.00 61.1300 9.0 -1.131 -1.267
135.772 60.00 61.0800 9.0 -1.076 -1.113
135.793 60.00 61.1300 9.0 -1.132 -1.270
135.812 60.00 61.1300 9.0 -1.129 -1.260
135.833 60.00 61.1300 9.0 -1.129 -1.259
135.852 60.00 61.1400 9.0 -1.137 -1.282
135.873 60.00 61.1300 9.0 -1.127 -1.253
135.892 60.00 61.1200 9.0 -1.123 -1.241
135.913 60.00 61.1300 9.0 -1.128 -1.254
135.933 60.00 61.1400 9.0 -1.140 -1.288
135.954 60.00 61.1200 9.0 -1.116 -1.219
135.974 60.00 61.1300 9.0 -1.132 -1.266
135.993 60.00 61.1200 9.0 -1.114 -1.214
136.015 60.00 61.1300 9.0 -1.130 -1.259
136.034 60.00 61.1400 9.0 -1.138 -1.280
136.055 60.00 61.1200 9.0 -1.123 -1.237
136.073 60.00 61.1400 9.0 -1.137 -1.276
136.094 60.00 61.1200 9.0 -1.119 -1.225
136.113 60.00 61.1300 9.0 -1.131 -1.258
136.134 60.00 61.1400 9.0 -1.138 -1.277
136.153 60.00 61.1100 9.0 -1.108 -1.192
136.174 60.00 61.1400 9.0 -1.136 -1.271
136.193 60.00 61.1400 9.0 -1.134 -1.264
136.214 60.00 61.1200 9.0 -1.118 -1.219
136.233 60.00 61.1300 9.0 -1.130 -1.252
136.254 60.00 61.1400 9.0 -1.141 -1.282
136.273 60.00 61.1400 9.0 -1.138 -1.274
136.294 60.00 61.1300 9.0 -1.128 -1.246
136.313 60.00 61.1400 9.0 -1.137 -1.270
136.334 60.00 61.1400 9.0 -1.135 -1.264
136.353 60.00 61.1300 9.0 -1.128 -1.244
136.375 60.00 61.1200 9.0 -1.120 -1.221
136.394 60.00 61.1300 9.0 -1.128 -1.242
136.414 60.00 61.1300 9.0 -1.131 -1.250
136.433 60.00 61.1300 9.0 -1.127 -1.238
136.454 60.00 61.1400 9.0 -1.135 -1.261
136.474 60.00 61.1400 9.0 -1.137 -1.267
136.494 60.00 61.1400 9.0 -1.137 -1.266
136.514 60.00 61.1300 9.0 -1.130 -1.245
136.533 60.00 61.1400 9.0 -1.140 -1.274
136.554 60.00 61.1400 9.0 -1.135 -1.260
136.573 60.00 61.1300 9.0 -1.132 -1.251
136.595 60.00 61.1400 9.0 -1.139 -1.269
136.614 60.00 61.1400 9.0 -1.136 -1.260
136.635 60.00 61.1300 9.0 -1.132 -1.250
136.654 60.00 61.1400 9.0 -1.137 -1.262
136.675 60.00 61.1400 9.0 -1.140 -1.268
136.694 60.00 61.1400 9.0 -1.134 -1.252
136.715 60.00 61.1500 9.0 -1.154 -1.307
136.733 60.00 61.1400 9.0 -1.134 -1.252
136.754 60.00 61.1300 9.0 -1.125 -1.225
136.773 60.00 61.1300 9.0 -1.131 -1.242
136.794 60.00 61.1500 9.0 -1.152 -1.299
136.813 60.00 61.1400 9.0 -1.142 -1.272
136.834 60.00 61.1300 9.0 -1.127 -1.228
136.853 60.00 61.1400 9.0 -1.135 -1.251
136.874 60.00 61.1300 9.0 -1.131 -1.239
136.893 60.00 61.1400 9.0 -1.135 -1.250
136.914 60.00 61.1200 9.0 -1.119 -1.206
136.934 60.00 61.1300 9.0 -1.130 -1.235
136.955 60.00 61.1300 9.0 -1.127 -1.227
136.974 60.00 61.1400 9.0 -1.135 -1.250
136.995 60.00 61.1300 9.0 -1.125 -1.219
137.015 60.00 61.1400 9.0 -1.142 -1.268
137.035 60.00 61.1500 9.0 -1.151 -1.292
137.056 60.00 61.1300 9.0 -1.131 -1.235
137.074 60.00 61.1400 9.0 -1.143 -1.268
137.095 60.00 61.1500 9.0 -1.144 -1.272
137.114 60.00 61.1400 9.0 -1.139 -1.257
137.135 60.00 61.1600 9.0 -1.159 -1.313
137.154 60.00 61.1300 9.0 -1.132 -1.236
137.175 60.00 61.1600 9.0 -1.154 -1.297
137.194 60.00 61.1500 9.0 -1.148 -1.280
137.215 60.00 61.1500 9.0 -1.150 -1.284
137.234 60.00 61.1500 9.0 -1.144 -1.267
137.255 60.00 61.1400 9.0 -1.143 -1.263
137.274 60.00 61.1300 9.0 -1.131 -1.231
137.295 60.00 61.1300 9.0 -1.130 -1.227
137.315 60.00 61.1600 9.0 -1.154 -1.294
137.336 60.00 61.1500 9.0 -1.147 -1.273
137.355 60.00 61.1400 9.0 -1.134 -1.238
137.376 60.00 61.1600 9.0 -1.156 -1.297
137.395 60.00 61.1600 9.0 -1.157 -1.301
137.416 60.00 61.1500 9.0 -1.150 -1.279
137.435 60.00 61.1400 9.0 -1.140 -1.252
137.456 60.00 61.1300 9.0 -1.132 -1.228
137.475 60.00 61.1600 9.0 -1.161 -1.310
137.496 60.00 61.1500 9.0 -1.150 -1.277
137.516 60.00 61.1400 9.0 -1.134 -1.234
137.535 60.00 61.1500 9.0 -1.147 -1.270
137.555 60.00 61.1500 9.0 -1.154 -1.287
137.574 60.00 61.1500 9.0 -1.150 -1.275
137.595 60.00 61.1500 9.0 -1.153 -1.284
137.614 60.00 61.1500 9.0 -1.150 -1.275
137.635 60.00 61.1500 9.0 -1.153 -1.282
137.654 60.00 61.1600 9.0 -1.161 -1.304
137.675 60.00 61.1500 9.0 -1.149 -1.271
137.694 60.00 61.1600 9.0 -1.159 -1.299
137.715 60.00 61.1700 9.0 -1.173 -1.338
137.734 60.00 61.1500 9.0 -1.150 -1.270
137.755 60.00 61.1700 9.0 -1.165 -1.313
137.774 60.00 61.1600 9.0 -1.158 -1.293
137.795 60.00 61.1500 9.0 -1.148 -1.266
137.814 60.00 61.1600 9.0 -1.161 -1.300
137.836 60.00 61.1600 9.0 -1.157 -1.288
137.855 60.00 61.1500 9.0 -1.151 -1.271
137.876 60.00 61.1700 9.0 -1.165 -1.310
137.895 60.00 61.1600 9.0 -1.156 -1.285
137.916 60.00 61.1600 9.0 -1.155 -1.281
137.935 60.00 61.1600 9.0 -1.161 -1.297
137.956 60.00 61.1700 9.0 -1.167 -1.313
137.975 60.00 61.1500 9.0 -1.153 -1.274
137.996 60.00 61.1600 9.0 -1.156 -1.281
138.015 60.00 61.1600 9.0 -1.156 -1.282
138.034 60.00 61.1600 9.0 -1.163 -1.300
138.056 60.00 61.1700 9.0 -1.165 -1.305
138.075 60.00 61.1500 9.0 -1.150 -1.261
138.096 60.00 61.1500 9.0 -1.152 -1.268
138.115 60.00 61.1600 9.0 -1.159 -1.288
138.136 60.00 61.1600 9.0 -1.154 -1.273
138.155 60.00 61.1600 9.0 -1.164 -1.299
138.176 60.00 61.4100 9.0 -1.405 -1.974
138.195 60.00 61.1500 9.0 -1.153 -1.267
138.216 60.00 61.1700 9.0 -1.166 -1.301
138.236 60.00 61.1400 9.0 -1.134 -1.213
138.257 60.00 61.1500 9.0 -1.146 -1.245
138.276 60.00 61.1700 9.0 -1.166 -1.300
138.297 60.00 61.1600 9.0 -1.158 -1.278
138.316 60.00 61.1800 9.0 -1.177 -1.331
138.337 60.00 61.1800 9.0 -1.177 -1.331
138.355 60.00 61.0900 9.0 -1.088 -1.081
138.376 60.00 61.1600 9.0 -1.161 -1.284
138.395 60.00 61.1800 9.0 -1.181 -1.339
138.416 60.00 61.1700 9.0 -1.169 -1.306
138.435 60.00 61.1500 9.0 -1.151 -1.255
138.456 60.00 61.1400 9.0 -1.143 -1.233
138.475 60.00 61.1600 9.0 -1.161 -1.283
138.496 60.00 61.1600 9.0 -1.162 -1.285
138.516 60.00 61.1600 9.0 -1.164 -1.289
138.536 60.00 61.1600 9.0 -1.161 -1.282
138.556 60.00 61.1600 9.0 -1.157 -1.270
138.575 60.00 61.1600 9.0 -1.160 -1.277
138.597 60.00 61.1900 9.0 -1.185 -1.347
138.616 60.00 61.1700 9.0 -1.169 -1.300
138.637 60.00 61.1500 9.0 -1.147 -1.240
138.656 60.00 61.1600 9.0 -1.163 -1.284
138.677 60.00 61.1600 9.0 -1.154 -1.259
138.696 60.00 61.1800 9.0 -1.174 -1.315
138.717 60.00 61.1600 9.0 -1.164 -1.284
138.735 60.00 61.1700 9.0 -1.170 -1.302
138.756 60.00 61.1700 9.0 -1.168 -1.296
138.775 60.00 61.1700 9.0 -1.165 -1.285
138.796 60.00 61.1700 9.0 -1.172 -1.305
138.815 60.00 61.1600 9.0 -1.159 -1.267
138.836 60.00 61.1700 9.0 -1.169 -1.296
138.855 60.00 61.1700 9.0 -1.167 -1.290
138.876 60.00 61.1500 9.0 -1.153 -1.249
138.895 60.00 61.1700 9.0 -1.166 -1.285
138.916 60.00 61.1700 9.0 -1.165 -1.283
138.935 60.00 61.1800 9.0 -1.178 -1.319
138.956 60.00 61.1800 9.0 -1.179 -1.321
138.975 60.00 61.1800 9.0 -1.176 -1.312
138.996 60.00 61.1600 9.0 -1.156 -1.256
139.016 60.00 61.1600 9.0 -1.161 -1.269
139.037 60.00 61.1600 9.0 -1.163 -1.275
139.057 60.00 61.1700 9.0 -1.170 -1.294
139.076 60.00 61.1700 9.0 -1.168 -1.286
139.098 60.00 61.1600 9.0 -1.161 -1.268
139.117 60.00 61.1600 9.0 -1.161 -1.266
139.138 60.00 61.1700 9.0 -1.168 -1.286
139.156 60.00 61.1600 9.0 -1.158 -1.259
139.177 60.00 61.1700 9.0 -1.172 -1.297
139.196 60.00 61.1800 9.0 -1.175 -1.304
139.217 60.00 61.1700 9.0 -1.168 -1.283
139.236 60.00 61.1900 9.0 -1.185 -1.331
139.257 60.00 61.1700 9.0 -1.168 -1.284
139.276 60.00 61.1800 9.0 -1.176 -1.306
139.297 60.00 61.1700 9.0 -1.166 -1.275
139.316 60.00 61.1700 9.0 -1.167 -1.279
139.337 60.00 61.1700 9.0 -1.167 -1.279
139.356 60.00 61.1600 9.0 -1.160 -1.259
139.378 60.00 61.2000 9.0 -1.194 -1.353
139.397 60.00 61.1700 9.0 -1.173 -1.295
139.418 60.00 61.1800 9.0 -1.176 -1.303
139.437 60.00 61.1600 9.0 -1.162 -1.263
139.458 60.00 61.1700 9.0 -1.171 -1.286
139.477 60.00 61.1600 9.0 -1.162 -1.262
139.498 60.00 61.1900 9.0 -1.184 -1.323
139.517 60.00 61.1900 9.0 -1.187 -1.329
139.538 60.00 61.1800 9.0 -1.177 -1.301
139.558 60.00 61.1800 9.0 -1.174 -1.294
139.577 60.00 61.1800 9.0 -1.182 -1.314
139.598 60.00 61.1700 9.0 -1.172 -1.287
139.616 60.00 61.1800 9.0 -1.180 -1.308
139.637 60.00 61.1800 9.0 -1.181 -1.309
139.656 60.00 61.1800 9.0 -1.180 -1.307
139.677 60.00 61.1800 9.0 -1.175 -1.294
139.696 60.00 61.1900 9.0 -1.189 -1.331
139.717 60.00 61.1200 9.0 -1.122 -1.142
139.736 60.00 61.2100 9.0 -1.211 -1.392
139.757 60.00 61.1700 9.0 -1.169 -1.273
139.776 60.00 61.2000 9.0 -1.202 -1.365
139.798 60.00 61.1800 9.0 -1.179 -1.301
139.817 60.00 61.1500 9.0 -1.144 -1.202
139.838 60.00 61.1800 9.0 -1.183 -1.312
139.857 60.00 61.1900 9.0 -1.185 -1.317
139.878 60.00 61.1700 9.0 -1.165 -1.259
139.897 60.00 61.1800 9.0 -1.181 -1.303
139.918 60.00 61.1900 9.0 -1.190 -1.330
139.937 60.00 61.1800 9.0 -1.182 -1.306
139.957 60.00 61.2000 9.0 -1.196 -1.344
139.976 60.00 61.1800 9.0 -1.177 -1.291
139.997 60.00 61.1800 9.0 -1.176 -1.287
140.016 60.00 61.1900 9.0 -1.184 -1.309
140.037 60.00 61.1800 9.0 -1.183 -1.307
140.057 60.00 61.2700 9.0 -1.269 -1.547
140.076 60.00 61.1700 9.0 -1.169 -1.264
140.098 60.00 61.2000 9.0 -1.194 -1.335
140.117 60.00 61.1700 9.0 -1.165 -1.253
140.138 60.00 61.1900 9.0 -1.184 -1.307
140.157 60.00 61.1700 9.0 -1.170 -1.267
140.179 60.00 61.1900 9.0 -1.185 -1.307
140.198 60.00 61.1800 9.0 -1.180 -1.293
140.219 60.00 61.2100 9.0 -1.206 -1.365
140.238 60.00 61.1700 9.0 -1.168 -1.258
140.259 60.00 61.1900 9.0 -1.184 -1.304
140.278 60.00 61.2000 9.0 -1.198 -1.343
140.298 60.00 61.2100 9.0 -1.212 -1.381
140.318 60.00 61.1900 9.0 -1.184 -1.301
140.338 60.00 61.2000 9.0 -1.202 -1.351
140.357 60.00 61.2000 9.0 -1.199 -1.342
140.378 60.00 61.1900 9.0 -1.190 -1.316
140.397 60.00 61.1900 9.0 -1.190 -1.315
140.418 60.00 61.1900 9.0 -1.193 -1.324
140.437 60.00 61.1900 9.0 -1.188 -1.309
140.458 60.00 61.1900 9.0 -1.189 -1.312
140.477 60.00 61.1800 9.0 -1.176 -1.276
140.498 60.00 61.2000 9.0 -1.196 -1.330
140.517 60.00 61.1900 9.0 -1.190 -1.313
140.538 60.00 61.2100 9.0 -1.205 -1.355
140.558 60.00 61.1900 9.0 -1.192 -1.318
140.579 60.00 61.1800 9.0 -1.183 -1.292
140.599 60.00 61.1900 9.0 -1.193 -1.320
140.618 60.00 61.1900 9.0 -1.193 -1.319
140.639 60.00 61.1900 9.0 -1.187 -1.301
140.658 60.00 61.1900 9.0 -1.191 -1.312
140.679 60.00 61.1900 9.0 -1.192 -1.314
140.698 60.00 61.1900 9.0 -1.185 -1.295
140.719 60.00 61.2100 9.0 -1.207 -1.355
140.738 60.00 61.1800 9.0 -1.179 -1.277
140.759 60.00 61.1800 9.0 -1.180 -1.278
140.777 60.00 61.2000 9.0 -1.196 -1.323
140.798 60.00 61.1900 9.0 -1.191 -1.309
140.817 60.00 61.2000 9.0 -1.200 -1.335
140.838 60.00 61.1900 9.0 -1.190 -1.304
140.857 60.00 61.1900 9.0 -1.184 -1.288
140.878 60.00 61.1900 9.0 -1.189 -1.302
140.897 60.00 61.1900 9.0 -1.187 -1.296
140.918 60.00 61.1800 9.0 -1.182 -1.280
140.937 60.00 61.1900 9.0 -1.188 -1.297
140.958 60.00 61.1900 9.0 -1.188 -1.297
140.977 60.00 61.2000 9.0 -1.195 -1.317
140.998 60.00 61.2000 9.0 -1.199 -1.326
141.017 60.00 61.2000 9.0 -1.195 -1.315
141.039 60.00 61.1800 9.0 -1.182 -1.279
141.058 60.00 61.1700 9.0 -1.171 -1.248
141.079 60.00 61.2000 9.0 -1.200 -1.328
141.099 60.00 61.2000 9.0 -1.195 -1.314
141.118 60.00 61.2000 9.0 -1.203 -1.335
141.140 60.00 61.2000 9.0 -1.195 -1.311
141.159 60.00 61.1900 9.0 -1.193 -1.305
141.180 60.00 61.1800 9.0 -1.182 -1.275
141.198 60.00 61.2100 9.0 -1.207 -1.345
141.219 60.00 61.1900 9.0 -1.188 -1.292
141.238 60.00 61.1900 9.0 -1.187 -1.287
141.259 60.00 61.1900 9.0 -1.189 -1.293
141.278 60.00 61.2000 9.0 -1.201 -1.326
141.299 60.00 61.2000 9.0 -1.199 -1.320
141.318 60.00 61.1800 9.0 -1.183 -1.275
141.339 60.00 61.2000 9.0 -1.198 -1.317
141.358 60.00 61.1700 9.0 -1.173 -1.245
141.379 60.00 61.2000 9.0 -1.196 -1.311
141.398 60.00 61.1900 9.0 -1.190 -1.294
141.419 60.00 61.2100 9.0 -1.207 -1.339
141.439 60.00 61.2000 9.0 -1.196 -1.308
141.460 60.00 61.1900 9.0 -1.188 -1.287
141.479 60.00 61.2000 9.0 -1.195 -1.305
141.500 60.00 61.2200 9.0 -1.218 -1.369
141.519 60.00 61.1800 9.0 -1.182 -1.267
141.540 60.00 61.1900 9.0 -1.190 -1.289
141.559 60.00 61.2000 9.0 -1.196 -1.305
141.579 60.00 61.1900 9.0 -1.184 -1.273
141.599 60.00 61.2000 9.0 -1.202 -1.322
141.619 60.00 61.2200 9.0 -1.214 -1.355
141.639 60.00 61.3200 9.0 -1.321 -1.656
141.659 60.00 61.1900 9.0 -1.185 -1.272
141.680 60.00 61.1900 9.0 -1.184 -1.270
141.699 60.00 61.2200 9.0 -1.216 -1.359
141.720 60.00 61.2000 9.0 -1.202 -1.318
141.739 60.00 61.2100 9.0 -1.208 -1.334
141.760 60.00 61.1900 9.0 -1.192 -1.290
141.778 60.00 61.2000 9.0 -1.196 -1.300
141.799 60.00 61.2100 9.0 -1.208 -1.334
141.818 60.00 61.2100 9.0 -1.208 -1.333
141.839 60.00 60.8500 9.0 -0.846 -0.318
141.858 60.00 61.2100 9.0 -1.213 -1.349
141.879 60.00 61.2000 9.0 -1.203 -1.320
141.898 60.00 61.2100 9.0 -1.208 -1.333
141.919 60.00 61.2000 9.0 -1.201 -1.313
141.938 60.00 62.0700 9.0 -2.066 -3.736
141.959 60.00 61.2000 9.0 -1.199 -1.302
141.978 60.00 61.2100 9.0 -1.208 -1.325
141.999 60.00 61.2000 9.0 -1.200 -1.304
142.019 60.00 61.1700 9.0 -1.165 -1.205
142.040 60.00 61.2200 9.0 -1.223 -1.365
142.059 60.00 61.2000 9.0 -1.203 -1.311
142.080 60.00 61.2100 9.0 -1.207 -1.321
142.099 60.00 61.2100 9.0 -1.209 -1.325
142.120 60.00 61.2000 9.0 -1.197 -1.291
142.139 60.00 61.2000 9.0 -1.196 -1.288
142.159 60.00 61.2100 9.0 -1.205 -1.313
142.180 60.00 61.1900 9.0 -1.187 -1.263
142.199 60.00 61.2000 9.0 -1.198 -1.293
142.220 60.00 61.2200 9.0 -1.214 -1.337
142.239 60.00 61.2100 9.0 -1.204 -1.311
142.260 60.00 61.2400 9.0 -1.238 -1.404
142.279 60.00 61.2300 9.0 -1.227 -1.373
142.300 60.00 61.2100 9.0 -1.204 -1.307
142.319 60.00 61.2200 9.0 -1.217 -1.345
142.341 60.00 61.1900 9.0 -1.193 -1.276
142.360 60.00 61.2100 9.0 -1.206 -1.312
142.381 60.00 61.2100 9.0 -1.210 -1.322
142.400 60.00 61.2200 9.0 -1.218 -1.344
142.421 60.00 61.2100 9.0 -1.207 -1.313
142.440 60.00 61.2000 9.0 -1.203 -1.301
142.461 60.00 61.2200 9.0 -1.215 -1.336
142.480 60.00 61.2000 9.0 -1.203 -1.300
142.500 60.00 61.2000 9.0 -1.201 -1.294
142.519 60.00 61.2100 9.0 -1.209 -1.316
142.540 60.00 61.2200 9.0 -1.215 -1.334
142.559 60.00 61.2200 9.0 -1.219 -1.344
142.580 60.00 61.2200 9.0 -1.222 -1.351
142.599 60.00 61.2100 9.0 -1.213 -1.325
142.620 60.00 61.2000 9.0 -1.195 -1.274
142.640 60.00 61.2100 9.0 -1.207 -1.309
142.659 60.00 61.2100 9.0 -1.211 -1.320
142.680 60.00 61.2100 9.0 -1.209 -1.312
142.699 60.00 61.2100 9.0 -1.213 -1.325
142.720 60.00 61.2100 9.0 -1.211 -1.317
142.740 60.00 61.2200 9.0 -1.222 -1.347
142.761 60.00 61.3800 9.0 -1.379 -1.788
142.780 60.00 61.2100 9.0 -1.209 -1.310
142.801 60.00 61.2100 9.0 -1.212 -1.318
142.820 60.00 61.2200 9.0 -1.217 -1.333
142.841 60.00 61.2100 9.0 -1.206 -1.299
142.860 60.00 61.2300 9.0 -1.224 -1.351
142.881 60.00 61.2200 9.0 -1.218 -1.333
142.899 60.00 61.2200 9.0 -1.215 -1.325
142.920 60.00 61.2000 9.0 -1.195 -1.268
142.939 60.00 61.2200 9.0 -1.224 -1.348
142.960 60.00 61.2000 9.0 -1.201 -1.285
142.979 60.00 61.2000 9.0 -1.202 -1.286
143.000 60.00 61.2200 9.0 -1.218 -1.330
143.019 60.00 60.8200 9.0 -0.815 -0.201
143.040 60.00 61.2200 9.0 -1.219 -1.337
143.059 60.00 61.2000 9.0 -1.201 -1.285
143.080 60.00 61.2100 9.0 -1.213 -1.318
143.100 60.00 61.2200 9.0 -1.219 -1.334
143.121 60.00 61.2200 9.0 -1.221 -1.339
143.141 60.00 61.2100 9.0 -1.212 -1.313
143.160 60.00 61.2100 9.0 -1.210 -1.308
143.182 60.00 61.2200 9.0 -1.216 -1.324
143.200 60.00 61.2300 9.0 -1.233 -1.371
143.221 60.00 61.2100 9.0 -1.213 -1.315
143.240 60.00 61.2100 9.0 -1.204 -1.290
143.261 60.00 61.2300 9.0 -1.226 -1.351
143.280 60.00 61.2200 9.0 -1.224 -1.343
143.301 60.00 61.2300 9.0 -1.225 -1.347
143.320 60.00 61.2200 9.0 -1.223 -1.339
143.341 60.00 61.2300 9.0 -1.232 -1.366
143.360 60.00 61.2300 9.0 -1.233 -1.368
143.381 60.00 61.2200 9.0 -1.220 -1.332
143.400 60.00 61.2200 9.0 -1.217 -1.323
143.421 60.00 61.2200 9.0 -1.220 -1.331
143.440 60.00 61.2100 9.0 -1.211 -1.304
143.461 60.00 61.1900 9.0 -1.189 -1.242
143.480 60.00 61.2200 9.0 -1.215 -1.316
143.502 60.00 61.2100 9.0 -1.207 -1.292
143.521 60.00 61.2200 9.0 -1.214 -1.311
143.542 60.00 61.2200 9.0 -1.215 -1.314
143.561 60.00 61.2200 9.0 -1.215 -1.313
143.582 60.00 61.2200 9.0 -1.223 -1.336
143.601 60.00 61.2200 9.0 -1.215 -1.313
143.622 60.00 61.2200 9.0 -1.216 -1.314
143.641 60.00 61.2300 9.0 -1.224 -1.338
143.662 60.00 61.2200 9.0 -1.221 -1.328
143.681 60.00 61.2200 9.0 -1.216 -1.314
143.700 60.00 61.2300 9.0 -1.227 -1.344
143.721 60.00 61.2300 9.0 -1.229 -1.350
143.740 60.00 61.2300 9.0 -1.231 -1.355
143.761 60.00 61.2400 9.0 -1.241 -1.383
143.780 60.00 61.2400 9.0 -1.236 -1.367
143.801 60.00 61.2200 9.0 -1.218 -1.316
143.820 60.00 61.2300 9.0 -1.228 -1.343
143.841 60.00 61.2300 9.0 -1.227 -1.341
143.860 60.00 61.2400 9.0 -1.234 -1.360
143.881 60.00 61.2300 9.0 -1.224 -1.332
143.900 60.00 61.2200 9.0 -1.217 -1.311
143.921 60.00 61.2200 9.0 -1.218 -1.313
143.941 60.00 61.2300 9.0 -1.229 -1.345
143.962 60.00 61.2200 9.0 -1.224 -1.328
143.981 60.00 61.2300 9.0 -1.230 -1.347
144.002 60.00 61.2300 9.0 -1.228 -1.340
144.021 60.00 61.2200 9.0 -1.220 -1.317
144.042 60.00 61.2300 9.0 -1.224 -1.328
144.061 60.00 61.2100 9.0 -1.208 -1.282
144.082 60.00 61.2300 9.0 -1.229 -1.342
144.101 60.00 61.2500 9.0 -1.246 -1.388
144.122 60.00 61.2400 9.0 -1.234 -1.354
144.141 60.00 61.2400 9.0 -1.235 -1.356
144.161 60.00 61.2300 9.0 -1.230 -1.343
144.181 60.00 61.6000 9.0 -1.601 -2.380
144.200 60.00 61.2400 9.0 -1.241 -1.368
144.222 60.00 61.2200 9.0 -1.215 -1.296
144.241 60.00 61.2300 9.0 -1.227 -1.330
144.262 60.00 61.2300 9.0 -1.233 -1.347
144.281 60.00 61.2400 9.0 -1.241 -1.367
144.302 60.00 61.2400 9.0 -1.239 -1.360
144.321 60.00 61.2300 9.0 -1.224 -1.320
144.343 60.00 61.2700 9.0 -1.269 -1.445
144.362 60.00 61.2500 9.0 -1.245 -1.376
144.383 60.00 61.2200 9.0 -1.223 -1.315
144.402 60.00 61.2300 9.0 -1.229 -1.330
144.423 60.00 61.2500 9.0 -1.250 -1.388
144.442 60.00 61.2300 9.0 -1.230 -1.334
144.463 60.00 61.2200 9.0 -1.224 -1.314
144.482 60.00 61.2400 9.0 -1.239 -1.356
144.503 60.00 61.2200 9.0 -1.218 -1.299
144.521 60.00 61.2400 9.0 -1.237 -1.351
144.542 60.00 61.2300 9.0 -1.233 -1.339
144.561 60.00 61.4400 9.0 -1.439 -1.914
144.582 60.00 61.2400 9.0 -1.238 -1.351
144.601 60.00 61.2300 9.0 -1.228 -1.321
144.622 60.00 61.2400 9.0 -1.241 -1.357
144.641 60.00 61.2300 9.0 -1.226 -1.315
144.662 60.00 61.2200 9.0 -1.221 -1.302
144.682 60.00 61.2400 9.0 -1.241 -1.356
144.701 60.00 61.2300 9.0 -1.231 -1.328
144.722 60.00 61.2500 9.0 -1.245 -1.368
144.741 60.00 61.2500 9.0 -1.244 -1.365
144.763 60.00 61.2500 9.0 -1.254 -1.391
144.782 60.00 61.2300 9.0 -1.228 -1.318
144.803 60.00 61.2500 9.0 -1.248 -1.374
144.822 60.00 61.2300 9.0 -1.228 -1.318
144.843 60.00 61.2400 9.0 -1.234 -1.334
144.862 60.00 61.2600 9.0 -1.262 -1.411
144.883 60.00 61.2500 9.0 -1.247 -1.370
144.901 60.00 61.2500 9.0 -1.245 -1.363
144.922 60.00 61.2400 9.0 -1.241 -1.351
144.941 60.00 61.3400 9.0 -1.334 -1.612
144.962 60.00 61.2500 9.0 -1.250 -1.377
144.981 60.00 61.2300 9.0 -1.231 -1.323
145.002 60.00 61.2400 9.0 -1.240 -1.346
145.021 60.00 61.2400 9.0 -1.235 -1.332
145.042 60.00 61.2400 9.0 -1.240 -1.345
145.061 60.00 61.2300 9.0 -1.226 -1.307
145.082 60.00 61.2400 9.0 -1.241 -1.347
145.101 60.00 61.2500 9.0 -1.250 -1.374
145.122 60.00 61.2300 9.0 -1.226 -1.305
145.141 60.00 61.2500 9.0 -1.247 -1.363
145.163 60.00 61.2400 9.0 -1.237 -1.333
145.183 60.00 61.2400 9.0 -1.241 -1.347
145.202 60.00 61.2400 9.0 -1.239 -1.340
145.224 60.00 61.2300 9.0 -1.232 -1.321
145.243 60.00 61.2500 9.0 -1.252 -1.374
145.264 60.00 61.2500 9.0 -1.246 -1.357
145.283 60.00 61.2600 9.0 -1.257 -1.389
145.304 60.00 61.2400 9.0 -1.236 -1.329
145.322 60.00 61.2600 9.0 -1.262 -1.402
145.343 60.00 61.2500 9.0 -1.250 -1.368
145.362 60.00 61.2400 9.0 -1.238 -1.333
145.383 60.00 61.2600 9.0 -1.262 -1.400
145.402 60.00 61.2500 9.0 -1.252 -1.370
145.423 60.00 61.2600 9.0 -1.260 -1.394
145.442 60.00 61.2600 9.0 -1.256 -1.382
145.463 60.00 61.2400 9.0 -1.235 -1.322
145.482 60.00 61.2500 9.0 -1.245 -1.349
145.503 60.00 61.2500 9.0 -1.244 -1.348
145.522 60.00 61.2400 9.0 -1.242 -1.340
145.543 60.00 61.2500 9.0 -1.245 -1.349
145.562 60.00 61.2500 9.0 -1.253 -1.371
145.584 60.00 61.2700 9.0 -1.265 -1.404
145.603 60.00 61.2500 9.0 -1.252 -1.366
145.624 60.00 61.2600 9.0 -1.255 -1.376
145.643 60.00 61.2400 9.0 -1.240 -1.332
145.664 60.00 61.1800 9.0 -1.179 -1.161
145.683 60.00 61.2500 9.0 -1.252 -1.366
145.704 60.00 61.2500 9.0 -1.252 -1.364
145.724 60.00 61.2600 9.0 -1.259 -1.385
145.743 60.00 61.2700 9.0 -1.271 -1.416
145.764 60.00 61.2500 9.0 -1.249 -1.355
145.782 60.00 61.2300 9.0 -1.230 -1.301
145.803 60.00 61.2600 9.0 -1.259 -1.384
145.822 60.00 61.2600 9.0 -1.257 -1.377
145.843 60.00 61.2500 9.0 -1.249 -1.352
145.862 60.00 61.2500 9.0 -1.245 -1.343
145.883 60.00 61.2500 9.0 -1.253 -1.365
145.902 60.00 61.2600 9.0 -1.259 -1.380
145.923 60.00 61.2300 9.0 -1.233 -1.308
145.942 60.00 61.2500 9.0 -1.252 -1.359
145.963 60.00 61.2600 9.0 -1.259 -1.380
145.982 60.00 61.2600 9.0 -1.263 -1.389
146.004 60.00 61.2600 9.0 -1.262 -1.387
146.023 60.00 61.2400 9.0 -1.239 -1.322
146.044 60.00 61.2600 9.0 -1.260 -1.380
146.063 60.00 61.2500 9.0 -1.250 -1.353
146.084 60.00 61.2600 9.0 -1.255 -1.364
146.103 60.00 61.2500 9.0 -1.253 -1.360
146.124 60.00 61.2800 9.0 -1.277 -1.425
146.143 60.00 61.2600 9.0 -1.264 -1.388
146.163 60.00 61.2100 9.0 -1.209 -1.235
146.183 60.00 61.2400 9.0 -1.235 -1.307
146.203 60.00 61.2500 9.0 -1.246 -1.339
146.223 60.00 61.2500 9.0 -1.249 -1.346
146.242 60.00 61.2700 9.0 -1.266 -1.392
146.264 60.00 61.2800 9.0 -1.282 -1.438
146.283 60.00 61.2600 9.0 -1.261 -1.377
146.304 60.00 61.2600 9.0 -1.258 -1.368
146.323 60.00 61.2600 9.0 -1.255 -1.361
146.344 60.00 61.2700 9.0 -1.270 -1.403
146.363 60.00 61.2700 9.0 -1.267 -1.393
146.384 60.00 61.2600 9.0 -1.257 -1.364
146.403 60.00 61.2600 9.0 -1.263 -1.380
146.425 60.00 61.2600 9.0 -1.259 -1.368
146.444 60.00 61.2600 9.0 -1.257 -1.364
146.465 60.00 61.2700 9.0 -1.270 -1.400
146.484 60.00 61.2700 9.0 -1.271 -1.402
146.505 60.00 61.2700 9.0 -1.273 -1.406
146.524 60.00 61.2700 9.0 -1.272 -1.404
146.545 60.00 61.2700 9.0 -1.273 -1.405
146.563 60.00 61.2700 9.0 -1.272 -1.403
146.584 60.00 61.2700 9.0 -1.265 -1.380
146.603 60.00 61.2600 9.0 -1.259 -1.364
146.624 60.00 61.2700 9.0 -1.267 -1.385
146.643 60.00 61.2500 9.0 -1.244 -1.322
146.664 60.00 61.2600 9.0 -1.259 -1.364
146.683 60.00 61.2600 9.0 -1.262 -1.371
146.704 60.00 61.2700 9.0 -1.270 -1.392
146.724 60.00 61.2600 9.0 -1.263 -1.373
146.744 60.00 61.2700 9.0 -1.265 -1.378
146.764 60.00 61.2700 9.0 -1.266 -1.379
146.783 60.00 61.2700 9.0 -1.271 -1.393
146.804 60.00 61.2700 9.0 -1.268 -1.384
146.823 60.00 61.2700 9.0 -1.268 -1.384
146.844 60.00 61.2800 9.0 -1.275 -1.404
146.863 60.00 61.2600 9.0 -1.258 -1.355
146.885 60.00 61.2500 9.0 -1.252 -1.339
146.903 60.00 61.2500 9.0 -1.254 -1.343
146.924 60.00 61.2800 9.0 -1.282 -1.421
146.943 60.00 61.2800 9.0 -1.274 -1.399
146.964 60.00 61.2500 9.0 -1.245 -1.317
146.983 60.00 61.2800 9.0 -1.282 -1.419
147.004 60.00 61.2700 9.0 -1.273 -1.394
147.023 60.00 61.2400 9.0 -1.236 -1.289
147.044 60.00 61.2700 9.0 -1.270 -1.385
147.063 60.00 61.2700 9.0 -1.272 -1.390
147.084 60.00 61.2700 9.0 -1.271 -1.387
147.104 60.00 61.2800 9.0 -1.282 -1.418
147.125 60.00 61.2800 9.0 -1.277 -1.402
147.144 60.00 61.2800 9.0 -1.278 -1.406
147.165 60.00 61.2900 9.0 -1.286 -1.427
147.184 60.00 61.2600 9.0 -1.258 -1.348
147.205 60.00 61.2900 9.0 -1.292 -1.442
147.224 60.00 61.2700 9.0 -1.273 -1.391
147.245 60.00 61.2800 9.0 -1.275 -1.394
147.264 60.00 61.2800 9.0 -1.283 -1.416
147.284 60.00 61.2600 9.0 -1.254 -1.336
147.305 60.00 61.2800 9.0 -1.279 -1.405
147.324 60.00 61.2700 9.0 -1.272 -1.384
147.345 60.00 61.2900 9.0 -1.292 -1.440
147.364 60.00 61.2800 9.0 -1.281 -1.408
147.385 60.00 61.2800 9.0 -1.277 -1.396
147.404 60.00 61.2800 9.0 -1.280 -1.405
147.425 60.00 61.2900 9.0 -1.285 -1.418
147.444 60.00 61.2800 9.0 -1.275 -1.389
147.465 60.00 61.2800 9.0 -1.284 -1.414
147.484 60.00 61.2700 9.0 -1.272 -1.382
147.506 60.00 61.2700 9.0 -1.265 -1.359
147.525 60.00 61.2700 9.0 -1.271 -1.377
147.546 60.00 61.2800 9.0 -1.281 -1.405
147.565 60.00 61.2700 9.0 -1.269 -1.371
147.586 60.00 61.2700 9.0 -1.270 -1.372
147.605 60.00 61.2600 9.0 -1.255 -1.329
147.626 60.00 61.2600 9.0 -1.256 -1.334
147.645 60.00 61.2700 9.0 -1.272 -1.377
147.666 60.00 61.2800 9.0 -1.281 -1.401
147.685 60.00 61.2900 9.0 -1.284 -1.410
147.705 60.00 61.2900 9.0 -1.290 -1.425
147.724 60.00 61.2600 9.0 -1.260 -1.341
147.745 60.00 61.2900 9.0 -1.290 -1.424
147.765 60.00 61.2600 9.0 -1.262 -1.345
147.784 60.00 61.2900 9.0 -1.294 -1.435
147.805 60.00 61.2800 9.0 -1.278 -1.390
147.824 60.00 61.3000 9.0 -1.297 -1.443
147.845 60.00 61.2700 9.0 -1.271 -1.370
147.864 60.00 61.3000 9.0 -1.298 -1.444
147.885 60.00 61.2800 9.0 -1.284 -1.404
147.904 60.00 61.2600 9.0 -1.255 -1.322
147.925 60.00 61.2700 9.0 -1.271 -1.368
147.944 60.00 61.3000 9.0 -1.294 -1.432
147.965 60.00 61.2900 9.0 -1.291 -1.422
147.984 60.00 61.2800 9.0 -1.277 -1.383
148.005 60.00 61.2900 9.0 -1.286 -1.409
148.024 60.00 61.2800 9.0 -1.276 -1.380
148.046 60.00 61.2800 9.0 -1.275 -1.377
148.065 60.00 61.3100 9.0 -1.304 -1.457
148.086 60.00 61.2900 9.0 -1.287 -1.410
148.105 60.00 61.3000 9.0 -1.300 -1.444
148.126 60.00 61.2900 9.0 -1.285 -1.402
148.145 60.00 61.2900 9.0 -1.289 -1.413
148.165 60.00 61.2700 9.0 -1.269 -1.356
148.184 60.00 61.2800 9.0 -1.279 -1.384
148.205 60.00 61.2700 9.0 -1.267 -1.349
148.224 60.00 61.2800 9.0 -1.275 -1.373
148.245 60.00 61.2900 9.0 -1.288 -1.408
148.265 60.00 61.2800 9.0 -1.280 -1.385
148.284 60.00 61.2900 9.0 -1.286 -1.403
148.306 60.00 61.2700 9.0 -1.272 -1.363
148.325 60.00 61.2800 9.0 -1.274 -1.367
148.346 60.00 61.2800 9.0 -1.282 -1.388
148.366 60.00 61.2900 9.0 -1.291 -1.414
148.387 60.00 61.2900 9.0 -1.291 -1.414
148.406 60.00 61.3000 9.0 -1.299 -1.435
148.427 60.00 61.2800 9.0 -1.278 -1.376
148.446 60.00 61.2800 9.0 -1.275 -1.367
148.467 60.00 61.2900 9.0 -1.290 -1.409
148.486 60.00 61.2900 9.0 -1.289 -1.405
148.507 60.00 61.2800 9.0 -1.279 -1.377
148.525 60.00 61.2900 9.0 -1.289 -1.405
148.546 60.00 61.3000 9.0 -1.300 -1.436
148.565 60.00 61.2600 9.0 -1.262 -1.329
148.586 60.00 61.2800 9.0 -1.282 -1.383
148.605 60.00 61.2800 9.0 -1.278 -1.371
148.626 60.00 61.2800 9.0 -1.284 -1.388
148.645 60.00 61.2800 9.0 -1.282 -1.383
148.666 60.00 61.2800 9.0 -1.283 -1.386
148.685 60.00 61.3000 9.0 -1.300 -1.432
148.706 60.00 61.2900 9.0 -1.290 -1.404
148.725 60.00 61.2700 9.0 -1.271 -1.351
148.747 60.00 61.2800 9.0 -1.281 -1.379
148.766 60.00 61.2900 9.0 -1.285 -1.388
148.787 60.00 61.2800 9.0 -1.284 -1.385
148.807 60.00 61.3100 9.0 -1.306 -1.445
148.826 60.00 61.2800 9.0 -1.274 -1.358
148.847 60.00 61.3000 9.0 -1.295 -1.414
148.866 60.00 61.2900 9.0 -1.291 -1.402
148.887 60.00 61.2800 9.0 -1.275 -1.359
148.905 60.00 61.3000 9.0 -1.302 -1.433
148.926 60.00 61.2800 9.0 -1.282 -1.376
148.945 60.00 61.3000 9.0 -1.296 -1.414
148.966 60.00 61.3100 9.0 -1.309 -1.452
148.985 60.00 61.2700 9.0 -1.273 -1.351
149.006 60.00 61.5500 9.0 -1.546 -2.115
149.025 60.00 61.3100 9.0 -1.306 -1.439
149.046 60.00 61.3000 9.0 -1.295 -1.409
149.065 60.00 61.2900 9.0 -1.288 -1.390
149.086 60.00 61.2900 9.0 -1.286 -1.383
149.105 60.00 61.2900 9.0 -1.290 -1.392
149.126 60.00 61.3000 9.0 -1.294 -1.404
149.146 60.00 61.2900 9.0 -1.286 -1.382
149.167 60.00 61.2900 9.0 -1.288 -1.388
149.186 60.00 61.2900 9.0 -1.288 -1.387
149.207 60.00 61.2900 9.0 -1.287 -1.382
149.226 60.00 61.2900 9.0 -1.291 -1.394
149.247 60.00 61.3000 9.0 -1.295 -1.405
149.266 60.00 61.2800 9.0 -1.283 -1.371
149.286 60.00 61.2800 9.0 -1.282 -1.366
149.306 60.00 61.2800 9.0 -1.283 -1.370
149.325 60.00 61.2700 9.0 -1.273 -1.343
149.347 60.00 61.3000 9.0 -1.303 -1.425
149.366 60.00 61.2900 9.0 -1.292 -1.394
149.387 60.00 61.2900 9.0 -1.285 -1.373
149.406 60.00 61.5900 9.0 -1.589 -2.223
149.427 60.00 61.3100 9.0 -1.306 -1.430
149.446 60.00 61.2800 9.0 -1.279 -1.354
149.467 60.00 61.2900 9.0 -1.291 -1.387
149.486 60.00 61.2900 9.0 -1.285 -1.369
149.507 60.00 61.2800 9.0 -1.283 -1.363
149.527 60.00 61.2800 9.0 -1.281 -1.359
149.548 60.00 61.3000 9.0 -1.303 -1.419
149.567 60.00 61.3000 9.0 -1.298 -1.405
149.588 60.00 61.2900 9.0 -1.294 -1.392
149.607 60.00 61.3000 9.0 -1.298 -1.404
149.628 60.00 61.2900 9.0 -1.289 -1.378
149.647 60.00 61.3000 9.0 -1.296 -1.396
149.668 60.00 61.3000 9.0 -1.301 -1.412
149.686 60.00 61.3100 9.0 -1.305 -1.422
149.707 60.00 61.2800 9.0 -1.282 -1.356
149.726 60.00 61.2800 9.0 -1.278 -1.344
149.747 60.00 61.3000 9.0 -1.298 -1.402
149.766 60.00 61.3000 9.0 -1.299 -1.404
149.787 60.00 61.2900 9.0 -1.294 -1.388
149.807 60.00 61.3100 9.0 -1.310 -1.433
149.826 60.00 61.3200 9.0 -1.318 -1.455
149.847 60.00 61.3100 9.0 -1.310 -1.432
149.866 60.00 61.2900 9.0 -1.294 -1.386
149.887 60.00 61.3000 9.0 -1.303 -1.412
149.906 60.00 61.2900 9.0 -1.290 -1.375
149.927 60.00 61.3100 9.0 -1.310 -1.430
149.946 60.00 61.3000 9.0 -1.303 -1.411
149.967 60.00 61.3100 9.0 -1.306 -1.419
149.986 60.00 61.2900 9.0 -1.292 -1.379
150.007 60.00 61.3100 9.0 -1.304 -1.414
150.027 60.00 61.3100 9.0 -1.311 -1.432
150.048 60.00 61.3000 9.0 -1.300 -1.401
150.067 60.00 61.3000 9.0 -1.300 -1.399
150.088 60.00 61.3100 9.0 -1.307 -1.418
150.107 60.00 61.3000 9.0 -1.298 -1.394
150.128 60.00 61.3000 9.0 -1.296 -1.388
150.147 60.00 61.3100 9.0 -1.313 -1.435
150.168 60.00 61.2900 9.0 -1.290 -1.370
150.186 60.00 61.3200 9.0 -1.314 -1.436
150.207 60.00 61.3200 9.0 -1.317 -1.444
150.226 60.00 61.3100 9.0 -1.307 -1.418
150.247 60.00 61.2900 9.0 -1.294 -1.378
150.266 60.00 61.3400 9.0 -1.338 -1.501
150.287 60.00 61.3100 9.0 -1.306 -1.412
150.307 60.00 61.3000 9.0 -1.302 -1.400
150.326 60.00 61.3100 9.0 -1.307 -1.413
150.348 60.00 61.3000 9.0 -1.300 -1.393
150.367 60.00 61.3200 9.0 -1.319 -1.447
150.388 60.00 61.3100 9.0 -1.305 -1.407
150.407 60.00 61.3200 9.0 -1.320 -1.450
150.429 60.00 61.3000 9.0 -1.298 -1.386
150.448 60.00 61.3000 9.0 -1.301 -1.395
150.469 60.00 61.3200 9.0 -1.314 -1.431
150.488 60.00 61.3100 9.0 -1.307 -1.410
150.509 60.00 61.3100 9.0 -1.306 -1.407
150.528 60.00 61.3100 9.0 -1.312 -1.424
150.549 60.00 61.3100 9.0 -1.307 -1.408
150.568 60.00 61.3000 9.0 -1.301 -1.391
150.588 60.00 61.3000 9.0 -1.299 -1.385
150.607 60.00 61.3000 9.0 -1.303 -1.397
150.628 60.00 61.3100 9.0 -1.304 -1.399
150.647 60.00 61.3100 9.0 -1.311 -1.418
150.668 60.00 61.3100 9.0 -1.311 -1.417
150.687 60.00 61.3100 9.0 -1.304 -1.398
150.708 60.00 61.3100 9.0 -1.311 -1.418
150.727 60.00 61.3200 9.0 -1.323 -1.449
150.748 60.00 61.3100 9.0 -1.312 -1.420
150.767 60.00 61.3100 9.0 -1.305 -1.399
150.788 60.00 61.3200 9.0 -1.319 -1.437
150.808 60.00 61.3200 9.0 -1.314 -1.424
150.828 60.00 61.3100 9.0 -1.312 -1.418
150.849 60.00 61.3300 9.0 -1.333 -1.476
150.868 60.00 61.3200 9.0 -1.324 -1.449
150.889 60.00 61.3200 9.0 -1.318 -1.432
150.908 60.00 61.3200 9.0 -1.314 -1.421
150.929 60.00 61.3100 9.0 -1.306 -1.397
150.948 60.00 61.3200 9.0 -1.314 -1.420
150.969 60.00 61.3300 9.0 -1.329 -1.461
150.988 60.00 61.3100 9.0 -1.309 -1.405
151.008 60.00 61.3000 9.0 -1.302 -1.385
151.027 60.00 61.3200 9.0 -1.324 -1.446
151.048 60.00 61.3200 9.0 -1.317 -1.426
151.067 60.00 61.3200 9.0 -1.319 -1.430
151.088 60.00 61.3200 9.0 -1.317 -1.427
151.107 60.00 61.5900 9.0 -1.591 -2.191
151.128 60.00 61.3100 9.0 -1.309 -1.400
151.147 60.00 61.3200 9.0 -1.315 -1.418
151.168 60.00 61.3200 9.0 -1.319 -1.428
151.187 60.00 61.3200 9.0 -1.320 -1.430
151.208 60.00 61.3300 9.0 -1.331 -1.460
151.227 60.00 61.3200 9.0 -1.315 -1.416
151.248 60.00 61.3300 9.0 -1.325 -1.442
151.268 60.00 61.3200 9.0 -1.323 -1.436
151.289 60.00 61.3200 9.0 -1.316 -1.416
151.308 60.00 61.3200 9.0 -1.319 -1.423
151.329 60.00 61.3100 9.0 -1.312 -1.405
151.349 60.00 61.3300 9.0 -1.329 -1.451
151.368 60.00 61.3100 9.0 -1.305 -1.384
151.390 60.00 61.3200 9.0 -1.320 -1.424
151.409 60.00 61.3300 9.0 -1.332 -1.459
151.429 60.00 61.3300 9.0 -1.330 -1.454
151.448 60.00 61.3200 9.0 -1.323 -1.433
151.469 60.00 61.3200 9.0 -1.320 -1.425
151.488 60.00 61.3000 9.0 -1.295 -1.354
151.509 60.00 61.3300 9.0 -1.324 -1.435
151.528 60.00 61.3300 9.0 -1.330 -1.452
151.549 60.00 61.3000 9.0 -1.302 -1.373
151.568 60.00 61.3200 9.0 -1.320 -1.421
151.589 60.00 61.3200 9.0 -1.320 -1.420
151.608 60.00 61.3300 9.0 -1.324 -1.433
151.629 60.00 61.3300 9.0 -1.327 -1.440
151.648 60.00 61.3200 9.0 -1.324 -1.430
151.669 60.00 61.3200 9.0 -1.322 -1.425
151.689 60.00 61.3200 9.0 -1.322 -1.425
151.710 60.00 61.3200 9.0 -1.323 -1.426
151.729 60.00 61.3400 9.0 -1.340 -1.474
151.750 60.00 61.3300 9.0 -1.332 -1.451
151.769 60.00 61.3300 9.0 -1.331 -1.450
151.790 60.00 61.3400 9.0 -1.337 -1.465
151.809 60.00 61.3400 9.0 -1.335 -1.459
151.830 60.00 61.3200 9.0 -1.320 -1.416
151.849 60.00 61.3200 9.0 -1.316 -1.405
151.869 60.00 61.3300 9.0 -1.328 -1.439
151.889 60.00 61.3200 9.0 -1.314 -1.398
151.908 60.00 61.3200 9.0 -1.315 -1.401
151.929 60.00 61.3300 9.0 -1.325 -1.428
151.948 60.00 61.3300 9.0 -1.327 -1.434
151.969 60.00 61.3400 9.0 -1.341 -1.473
151.988 60.00 61.3300 9.0 -1.333 -1.450
152.009 60.00 61.3300 9.0 -1.327 -1.432
152.028 60.00 61.3200 9.0 -1.320 -1.412
152.049 60.00 61.3000 9.0 -1.301 -1.359
152.068 60.00 61.3300 9.0 -1.325 -1.425
152.089 60.00 61.3100 9.0 -1.312 -1.389
152.109 60.00 61.3400 9.0 -1.338 -1.461
152.130 60.00 61.3300 9.0 -1.325 -1.423
152.148 60.00 61.3300 9.0 -1.331 -1.442
152.169 60.00 61.3200 9.0 -1.315 -1.396
152.188 60.00 61.3300 9.0 -1.331 -1.439
152.209 60.00 61.3400 9.0 -1.339 -1.461
152.228 60.00 61.3300 9.0 -1.333 -1.445
152.249 60.00 61.3300 9.0 -1.328 -1.431
152.268 60.00 61.3300 9.0 -1.333 -1.445
152.289 60.00 61.3200 9.0 -1.319 -1.403
152.309 60.00 61.3300 9.0 -1.330 -1.434
152.330 60.00 61.3300 9.0 -1.326 -1.423
152.349 60.00 61.3400 9.0 -1.338 -1.455
152.370 60.00 61.3300 9.0 -1.330 -1.434
152.390 60.00 61.3400 9.0 -1.341 -1.463
152.410 60.00 61.3300 9.0 -1.330 -1.432
152.431 60.00 61.3300 9.0 -1.325 -1.417
152.449 60.00 61.3300 9.0 -1.333 -1.440
152.470 60.00 61.3200 9.0 -1.321 -1.406
152.489 60.00 61.3400 9.0 -1.339 -1.456
152.510 60.00 61.3400 9.0 -1.340 -1.459
152.529 60.00 61.3500 9.0 -1.348 -1.482
152.550 60.00 61.3400 9.0 -1.338 -1.451
152.569 60.00 61.3400 9.0 -1.340 -1.457
152.590 60.00 61.3500 9.0 -1.346 -1.474
152.609 60.00 61.3300 9.0 -1.325 -1.414
152.630 60.00 61.3300 9.0 -1.326 -1.416
152.649 60.00 61.3400 9.0 -1.338 -1.448
152.670 60.00 61.3400 9.0 -1.338 -1.449
152.689 60.00 61.3300 9.0 -1.330 -1.426
152.710 60.00 61.3300 9.0 -1.332 -1.431
152.730 60.00 61.3500 9.0 -1.354 -1.492
152.751 60.00 61.3500 9.0 -1.351 -1.483
152.770 60.00 61.3300 9.0 -1.333 -1.434
152.791 60.00 61.3300 9.0 -1.332 -1.429
152.810 60.00 61.3500 9.0 -1.349 -1.477
152.831 60.00 61.3400 9.0 -1.337 -1.442
152.850 60.00 61.3600 9.0 -1.360 -1.507
152.870 60.00 61.3300 9.0 -1.332 -1.427
152.890 60.00 61.3200 9.0 -1.320 -1.392
152.909 60.00 61.3400 9.0 -1.339 -1.447
152.930 60.00 61.3400 9.0 -1.335 -1.435
152.949 60.00 61.3400 9.0 -1.342 -1.454
152.970 60.00 61.3500 9.0 -1.352 -1.481
152.989 60.00 61.3400 9.0 -1.336 -1.437
153.010 60.00 61.3500 9.0 -1.344 -1.460
153.029 60.00 61.3400 9.0 -1.337 -1.437
153.050 60.00 61.3500 9.0 -1.354 -1.485
153.069 60.00 61.3300 9.0 -1.333 -1.427
153.090 60.00 61.3500 9.0 -1.353 -1.482
153.109 60.00 61.3400 9.0 -1.342 -1.451
153.131 60.00 61.3600 9.0 -1.358 -1.494
153.150 60.00 61.3400 9.0 -1.342 -1.450
153.171 60.00 61.3200 9.0 -1.316 -1.376
153.190 60.00 61.3500 9.0 -1.351 -1.473
153.211 60.00 61.3400 9.0 -1.337 -1.435
153.230 60.00 61.3800 9.0 -1.379 -1.552
153.250 60.00 61.3500 9.0 -1.348 -1.466
153.269 60.00 61.3400 9.0 -1.340 -1.442
153.290 60.00 61.3500 9.0 -1.347 -1.461
153.309 60.00 61.3400 9.0 -1.339 -1.436
153.330 60.00 61.3400 9.0 -1.340 -1.439
153.349 60.00 61.3500 9.0 -1.348 -1.462
153.370 60.00 61.3400 9.0 -1.337 -1.431
153.390 60.00 61.3300 9.0 -1.328 -1.405
153.409 60.00 61.3300 9.0 -1.331 -1.414
153.431 60.00 61.3400 9.0 -1.338 -1.433
153.450 60.00 61.3700 9.0 -1.366 -1.511
153.472 60.00 61.3500 9.0 -1.354 -1.476
153.491 60.00 61.3600 9.0 -1.356 -1.482
153.512 60.00 61.3600 9.0 -1.359 -1.490
153.531 60.00 61.3400 9.0 -1.338 -1.430
153.552 60.00 61.3400 9.0 -1.340 -1.436
153.571 60.00 61.3500 9.0 -1.352 -1.469
153.592 60.00 61.3600 9.0 -1.355 -1.477
153.611 60.00 61.3600 9.0 -1.356 -1.478
153.632 60.00 61.3600 9.0 -1.354 -1.473
153.650 60.00 61.3500 9.0 -1.348 -1.457
153.671 60.00 61.3500 9.0 -1.345 -1.448
153.690 60.00 61.3500 9.0 -1.349 -1.457
153.711 60.00 61.3500 9.0 -1.348 -1.454
153.730 60.00 61.3400 9.0 -1.343 -1.440
153.751 60.00 61.3600 9.0 -1.355 -1.474
153.770 60.00 61.3600 9.0 -1.355 -1.472
153.791 60.00 61.3700 9.0 -1.366 -1.503
153.810 60.00 61.3500 9.0 -1.349 -1.455
153.831 60.00 61.3600 9.0 -1.363 -1.495
153.850 60.00 61.3600 9.0 -1.357 -1.476
153.872 60.00 61.3600 9.0 -1.358 -1.478
153.891 60.00 61.3600 9.0 -1.362 -1.489
153.912 60.00 61.3600 9.0 -1.363 -1.491
153.932 60.00 61.4000 9.0 -1.403 -1.604
153.951 60.00 61.3500 9.0 -1.350 -1.454
153.972 60.00 61.3500 9.0 -1.344 -1.436
153.991 60.00 61.3400 9.0 -1.341 -1.427
154.012 60.00 61.3700 9.0 -1.370 -1.508
154.030 60.00 61.3600 9.0 -1.363 -1.490
154.051 60.00 62.3300 9.0 -2.327 -4.187
154.070 60.00 61.3600 9.0 -1.354 -1.456
154.091 60.00 61.3900 9.0 -1.386 -1.544
154.110 60.00 61.3600 9.0 -1.362 -1.478
154.131 60.00 61.3800 9.0 -1.379 -1.523
154.150 60.00 60.9800 9.0 -0.974 -0.390
154.171 60.00 61.3700 9.0 -1.373 -1.509
154.190 60.00 61.3500 9.0 -1.348 -1.440
154.211 60.00 61.3700 9.0 -1.366 -1.487
154.230 60.00 61.3600 9.0 -1.359 -1.469
154.252 60.00 61.3600 9.0 -1.360 -1.471
154.271 60.00 61.3500 9.0 -1.353 -1.451
154.292 60.00 61.3700 9.0 -1.370 -1.498
154.311 60.00 61.3700 9.0 -1.368 -1.491
154.332 60.00 61.3700 9.0 -1.369 -1.493
154.351 60.00 61.3500 9.0 -1.344 -1.423
154.372 60.00 61.3700 9.0 -1.364 -1.480
154.391 60.00 61.3600 9.0 -1.358 -1.463
154.411 60.00 61.3600 9.0 -1.360 -1.468
154.431 60.00 61.3700 9.0 -1.371 -1.498
154.450 60.00 61.3600 9.0 -1.361 -1.470
154.472 60.00 61.2800 9.0 -1.282 -1.246
154.491 60.00 61.3700 9.0 -1.364 -1.477
154.512 60.00 61.3500 9.0 -1.350 -1.438
154.531 60.00 61.3700 9.0 -1.367 -1.483
154.552 60.00 61.3700 9.0 -1.368 -1.487
154.571 60.00 61.3500 9.0 -1.349 -1.433
154.592 60.00 61.3600 9.0 -1.356 -1.453
154.611 60.00 61.3800 9.0 -1.375 -1.505
154.632 60.00 61.3700 9.0 -1.365 -1.477
154.652 60.00 61.3700 9.0 -1.372 -1.497
154.673 60.00 61.3700 9.0 -1.372 -1.496
154.692 60.00 61.3800 9.0 -1.375 -1.504
154.713 60.00 61.3800 9.0 -1.375 -1.504
154.732 60.00 61.3700 9.0 -1.368 -1.482
154.753 60.00 61.3700 9.0 -1.364 -1.471
154.772 60.00 61.3700 9.0 -1.368 -1.481
154.793 60.00 61.3700 9.0 -1.367 -1.479
154.811 60.00 61.3700 9.0 -1.368 -1.481
154.832 60.00 61.3700 9.0 -1.368 -1.480
154.851 60.00 61.1000 9.0 -1.099 -0.727
154.872 60.00 61.5300 9.0 -1.533 -1.944
154.891 60.00 61.3800 9.0 -1.379 -1.511
154.912 60.00 61.3600 9.0 -1.362 -1.464
154.932 60.00 61.3600 9.0 -1.359 -1.455
154.951 60.00 61.3600 9.0 -1.357 -1.447
154.972 60.00 61.3800 9.0 -1.378 -1.506
154.991 60.00 61.3700 9.0 -1.370 -1.483
155.012 60.00 61.3700 9.0 -1.368 -1.476
155.032 60.00 61.3700 9.0 -1.371 -1.485
155.053 60.00 61.3700 9.0 -1.369 -1.480
155.072 60.00 61.3600 9.0 -1.359 -1.450
155.093 60.00 61.3600 9.0 -1.357 -1.444
155.112 60.00 61.3900 9.0 -1.385 -1.524
155.133 60.00 61.3800 9.0 -1.378 -1.503
155.152 60.00 61.3800 9.0 -1.375 -1.495
155.173 60.00 61.3900 9.0 -1.385 -1.521
155.191 60.00 61.5200 9.0 -1.515 -1.884
155.212 60.00 61.3700 9.0 -1.364 -1.462
155.231 60.00 61.3800 9.0 -1.380 -1.504
155.252 60.00 61.3700 9.0 -1.372 -1.481
155.271 60.00 61.3800 9.0 -1.380 -1.503
155.292 60.00 61.3500 9.0 -1.352 -1.424
155.311 60.00 61.3800 9.0 -1.377 -1.495
155.332 60.00 61.3900 9.0 -1.386 -1.521
155.351 60.00 61.3800 9.0 -1.376 -1.491
155.372 60.00 61.3900 9.0 -1.388 -1.525
155.391 60.00 61.3700 9.0 -1.373 -1.482
155.412 60.00 61.3800 9.0 -1.383 -1.508
155.432 60.00 61.3800 9.0 -1.376 -1.489
155.452 60.00 61.3800 9.0 -1.375 -1.485
155.474 60.00 61.3700 9.0 -1.372 -1.478
155.493 60.00 61.3700 9.0 -1.368 -1.464
155.514 60.00 61.3600 9.0 -1.360 -1.443
155.533 60.00 61.3800 9.0 -1.384 -1.508
155.554 60.00 61.3700 9.0 -1.373 -1.479
155.572 60.00 61.3700 9.0 -1.372 -1.476
155.593 60.00 61.4000 9.0 -1.396 -1.541
155.612 60.00 61.3800 9.0 -1.376 -1.486
155.633 60.00 61.4000 9.0 -1.394 -1.536
155.652 60.00 61.3900 9.0 -1.391 -1.527
155.673 60.00 61.3700 9.0 -1.373 -1.476
155.692 60.00 61.3700 9.0 -1.373 -1.475
155.713 60.00 61.3900 9.0 -1.393 -1.530
155.732 60.00 61.3800 9.0 -1.376 -1.483
155.753 60.00 61.3900 9.0 -1.394 -1.531
155.772 60.00 61.3800 9.0 -1.375 -1.479
155.793 60.00 61.3800 9.0 -1.375 -1.479
155.812 60.00 61.4000 9.0 -1.400 -1.546
155.833 60.00 61.4000 9.0 -1.397 -1.539
155.853 60.00 61.3700 9.0 -1.369 -1.459
155.874 60.00 61.3900 9.0 -1.388 -1.512
155.893 60.00 61.3900 9.0 -1.385 -1.505
155.914 60.00 61.3900 9.0 -1.393 -1.526
155.933 60.00 61.3900 9.0 -1.393 -1.525
155.954 60.00 61.3800 9.0 -1.374 -1.471
155.974 60.00 61.4000 9.0 -1.403 -1.551
155.993 60.00 61.3800 9.0 -1.382 -1.491
156.014 60.00 61.3900 9.0 -1.393 -1.523
156.032 60.00 61.3700 9.0 -1.373 -1.467
156.053 60.00 61.4000 9.0 -1.395 -1.526
156.072 60.00 61.3900 9.0 -1.390 -1.514
156.093 60.00 61.4000 9.0 -1.401 -1.544
156.112 60.00 61.3900 9.0 -1.393 -1.521
156.133 60.00 61.3700 9.0 -1.373 -1.465
156.152 60.00 61.4000 9.0 -1.399 -1.537
156.173 60.00 61.3800 9.0 -1.382 -1.487
156.192 60.00 61.3900 9.0 -1.393 -1.519
156.213 60.00 61.3800 9.0 -1.375 -1.469
156.232 60.00 61.3900 9.0 -1.389 -1.507
156.253 60.00 61.3900 9.0 -1.390 -1.508
156.273 60.00 61.4000 9.0 -1.395 -1.521
156.294 60.00 61.3900 9.0 -1.385 -1.493
156.313 60.00 61.4000 9.0 -1.396 -1.525
156.334 60.00 61.4000 9.0 -1.399 -1.532
156.353 60.00 61.4000 9.0 -1.397 -1.525
156.374 60.00 61.3900 9.0 -1.387 -1.497
156.393 60.00 61.4000 9.0 -1.396 -1.521
156.414 60.00 61.3900 9.0 -1.390 -1.506
156.433 60.00 61.4100 9.0 -1.407 -1.552
156.453 60.00 61.4100 9.0 -1.406 -1.549
156.473 60.00 61.4000 9.0 -1.399 -1.527
156.492 60.00 61.3900 9.0 -1.386 -1.493
156.514 60.00 61.3900 9.0 -1.392 -1.508
156.533 60.00 61.4000 9.0 -1.401 -1.532
156.554 60.00 61.4000 9.0 -1.401 -1.531
156.573 60.00 61.3900 9.0 -1.390 -1.500
156.594 60.00 61.4100 9.0 -1.406 -1.546
156.613 60.00 61.3900 9.0 -1.390 -1.501
156.634 60.00 61.3800 9.0 -1.380 -1.472
156.653 60.00 61.4000 9.0 -1.403 -1.536
156.674 60.00 61.4000 9.0 -1.397 -1.519
156.693 60.00 61.3900 9.0 -1.388 -1.492
156.714 60.00 61.4100 9.0 -1.404 -1.536
156.734 60.00 61.4000 9.0 -1.401 -1.527
156.755 60.00 61.4000 9.0 -1.396 -1.514
156.774 60.00 61.4200 9.0 -1.415 -1.565
156.795 60.00 61.3900 9.0 -1.393 -1.504
156.814 60.00 61.4000 9.0 -1.397 -1.515
156.835 60.00 61.4000 9.0 -1.403 -1.531
156.854 60.00 61.4200 9.0 -1.416 -1.567
156.874 60.00 61.4000 9.0 -1.403 -1.531
156.893 60.00 61.3900 9.0 -1.387 -1.486
156.915 60.00 61.3900 9.0 -1.389 -1.489
156.933 60.00 61.4100 9.0 -1.412 -1.555
156.954 60.00 61.3900 9.0 -1.385 -1.479
156.974 60.00 61.4100 9.0 -1.406 -1.537
156.994 60.00 61.4000 9.0 -1.401 -1.521
157.014 60.00 61.4000 9.0 -1.402 -1.523
157.033 60.00 61.3900 9.0 -1.386 -1.478
157.054 60.00 61.4100 9.0 -1.406 -1.535
157.073 60.00 61.4000 9.0 -1.396 -1.505
157.094 60.00 61.4200 9.0 -1.414 -1.555
157.114 60.00 61.3700 9.0 -1.367 -1.422
157.135 60.00 61.4000 9.0 -1.400 -1.517
157.154 60.00 61.4100 9.0 -1.411 -1.547
157.175 60.00 61.4100 9.0 -1.405 -1.530
157.194 60.00 61.4100 9.0 -1.413 -1.551
157.215 60.00 61.4200 9.0 -1.414 -1.553
157.233 60.00 61.4100 9.0 -1.413 -1.549
157.254 60.00 61.4100 9.0 -1.405 -1.528
157.273 60.00 61.4000 9.0 -1.395 -1.497
157.294 60.00 61.4100 9.0 -1.410 -1.540
157.313 60.00 61.4000 9.0 -1.397 -1.502
157.334 60.00 61.4000 9.0 -1.399 -1.507
157.353 60.00 61.4000 9.0 -1.399 -1.508
157.375 60.00 61.4100 9.0 -1.412 -1.544
157.394 60.00 61.4200 9.0 -1.414 -1.549
157.415 60.00 61.4100 9.0 -1.405 -1.523
157.434 60.00 61.4100 9.0 -1.406 -1.526
157.455 60.00 61.4000 9.0 -1.403 -1.515
157.474 60.00 61.4100 9.0 -1.405 -1.521
157.494 60.00 61.4200 9.0 -1.415 -1.549
157.514 60.00 61.4200 9.0 -1.417 -1.553
157.534 60.00 61.4200 9.0 -1.415 -1.548
157.555 60.00 61.4100 9.0 -1.407 -1.525
157.574 60.00 61.4000 9.0 -1.400 -1.506
157.595 60.00 61.4200 9.0 -1.416 -1.548
157.614 60.00 61.4100 9.0 -1.411 -1.534
157.635 60.00 61.4000 9.0 -1.403 -1.513
157.654 60.00 61.4100 9.0 -1.409 -1.527
157.675 60.00 61.4100 9.0 -1.413 -1.539
157.694 60.00 61.4100 9.0 -1.412 -1.536
157.715 60.00 61.4200 9.0 -1.418 -1.551
157.735 60.00 61.4200 9.0 -1.420 -1.558
157.756 60.00 61.8200 9.0 -1.819 -2.673
157.775 60.00 61.4200 9.0 -1.417 -1.544
157.796 60.00 61.4200 9.0 -1.418 -1.546
157.815 60.00 61.4400 9.0 -1.434 -1.590
157.836 60.00 61.4000 9.0 -1.400 -1.496
157.855 60.00 61.4100 9.0 -1.412 -1.527
157.876 60.00 61.4200 9.0 -1.418 -1.546
157.895 60.00 61.4300 9.0 -1.425 -1.564
157.915 60.00 61.4200 9.0 -1.414 -1.532
157.934 60.00 61.4200 9.0 -1.419 -1.547
157.955 60.00 61.4200 9.0 -1.416 -1.536
157.974 60.00 61.4200 9.0 -1.417 -1.540
157.995 60.00 61.4000 9.0 -1.402 -1.497
158.015 60.00 61.4200 9.0 -1.415 -1.534
158.034 60.00 61.4000 9.0 -1.401 -1.494
158.055 60.00 61.4300 9.0 -1.427 -1.565
158.074 60.00 61.4200 9.0 -1.424 -1.555
158.095 60.00 61.0000 9.0 -0.994 -0.352
158.115 60.00 61.4200 9.0 -1.424 -1.557
158.136 60.00 61.4000 9.0 -1.402 -1.496
158.155 60.00 61.4300 9.0 -1.430 -1.576
158.176 60.00 61.4200 9.0 -1.424 -1.556
158.195 60.00 61.4200 9.0 -1.418 -1.541
158.216 60.00 61.4400 9.0 -1.437 -1.593
158.235 60.00 61.4100 9.0 -1.408 -1.511
158.256 60.00 61.4300 9.0 -1.425 -1.558
158.275 60.00 61.4100 9.0 -1.410 -1.514
158.296 60.00 61.4100 9.0 -1.410 -1.516
158.314 60.00 61.4200 9.0 -1.421 -1.545
158.335 60.00 61.4300 9.0 -1.427 -1.561
158.354 60.00 61.4000 9.0 -1.403 -1.495
158.375 60.00 61.4200 9.0 -1.422 -1.546
158.394 60.00 61.4300 9.0 -1.428 -1.562
158.415 60.00 61.4300 9.0 -1.428 -1.564
158.434 60.00 61.4300 9.0 -1.425 -1.555
158.455 60.00 61.4000 9.0 -1.402 -1.488
158.474 60.00 61.4100 9.0 -1.411 -1.513
158.495 60.00 61.4200 9.0 -1.416 -1.528
158.515 60.00 61.4100 9.0 -1.413 -1.518
158.534 60.00 61.4300 9.0 -1.430 -1.565
158.557 60.00 61.4300 9.0 -1.424 -1.549
158.576 60.00 61.4100 9.0 -1.409 -1.504
158.597 60.00 61.4300 9.0 -1.427 -1.555
158.616 60.00 61.4100 9.0 -1.407 -1.499
158.637 60.00 61.4700 9.0 -1.466 -1.664
158.656 60.00 61.4500 9.0 -1.446 -1.607
158.676 60.00 61.4200 9.0 -1.423 -1.542
158.695 60.00 61.4800 9.0 -1.477 -1.694
158.716 60.00 61.4300 9.0 -1.433 -1.568
158.735 60.00 61.4500 9.0 -1.454 -1.626
158.756 60.00 61.4200 9.0 -1.422 -1.537
158.775 60.00 61.4200 9.0 -1.418 -1.526
158.796 60.00 61.4200 9.0 -1.419 -1.529
158.815 60.00 61.4300 9.0 -1.433 -1.566
158.836 60.00 61.4200 9.0 -1.420 -1.531
158.855 60.00 61.5100 9.0 -1.510 -1.781
158.876 60.00 61.4400 9.0 -1.440 -1.584
158.895 60.00 61.4200 9.0 -1.422 -1.532
158.916 60.00 61.4300 9.0 -1.428 -1.550
158.935 60.00 61.4400 9.0 -1.440 -1.583
158.957 60.00 61.4200 9.0 -1.423 -1.533
158.976 60.00 61.4300 9.0 -1.427 -1.546
158.997 60.00 61.4400 9.0 -1.443 -1.589
159.016 60.00 61.4200 9.0 -1.416 -1.512
159.037 60.00 61.4400 9.0 -1.434 -1.563
159.057 60.00 61.4200 9.0 -1.419 -1.522
159.076 60.00 61.4300 9.0 -1.430 -1.552
159.097 60.00 61.4100 9.0 -1.407 -1.487
159.115 60.00 61.4100 9.0 -1.409 -1.492
159.136 60.00 61.4600 9.0 -1.458 -1.629
159.155 60.00 61.4400 9.0 -1.443 -1.587
159.176 60.00 61.4300 9.0 -1.425 -1.533
159.195 60.00 61.4600 9.0 -1.462 -1.637
159.216 60.00 61.4300 9.0 -1.432 -1.553
159.235 60.00 61.4400 9.0 -1.434 -1.559
159.256 60.00 61.4400 9.0 -1.442 -1.581
159.275 60.00 61.4500 9.0 -1.448 -1.596
159.296 60.00 61.4500 9.0 -1.448 -1.597
159.315 60.00 61.4400 9.0 -1.438 -1.568
159.336 60.00 61.4500 9.0 -1.449 -1.599
159.355 60.00 61.0100 9.0 -1.007 -0.358
159.377 60.00 61.4300 9.0 -1.429 -1.544
159.396 60.00 61.4300 9.0 -1.431 -1.548
159.417 60.00 61.4400 9.0 -1.439 -1.570
159.436 60.00 61.4300 9.0 -1.432 -1.551
159.457 60.00 61.4400 9.0 -1.435 -1.559
159.476 60.00 61.4500 9.0 -1.446 -1.588
159.497 60.00 61.4400 9.0 -1.442 -1.578
159.516 60.00 61.4300 9.0 -1.429 -1.539
159.536 60.00 61.4400 9.0 -1.439 -1.566
159.556 60.00 61.4400 9.0 -1.440 -1.570
159.575 60.00 61.4800 9.0 -1.477 -1.672
159.597 60.00 61.4500 9.0 -1.445 -1.583
159.616 60.00 61.4300 9.0 -1.433 -1.549
159.637 60.00 61.4500 9.0 -1.448 -1.590
159.656 60.00 61.4600 9.0 -1.455 -1.608
159.677 60.00 61.4400 9.0 -1.440 -1.567
159.696 60.00 61.4500 9.0 -1.447 -1.587
159.717 60.00 61.4500 9.0 -1.452 -1.600
159.736 60.00 61.4400 9.0 -1.441 -1.568
159.758 60.00 61.4500 9.0 -1.447 -1.583
159.777 60.00 61.4400 9.0 -1.438 -1.557
159.798 60.00 61.4400 9.0 -1.439 -1.559
159.817 60.00 61.4500 9.0 -1.446 -1.579
159.838 60.00 61.4400 9.0 -1.442 -1.568
159.857 60.00 61.4600 9.0 -1.456 -1.607
159.878 60.00 61.4500 9.0 -1.445 -1.574
159.897 60.00 61.4500 9.0 -1.445 -1.574
159.917 60.00 61.4400 9.0 -1.442 -1.564
159.936 60.00 61.4400 9.0 -1.435 -1.547
159.957 60.00 61.4500 9.0 -1.450 -1.588
159.976 60.00 61.4500 9.0 -1.452 -1.591
159.997 60.00 61.4500 9.0 -1.449 -1.583
160.016 60.00 61.4700 9.0 -1.469 -1.639
160.037 60.00 61.4500 9.0 -1.451 -1.587
160.057 60.00 61.4500 9.0 -1.447 -1.575
160.076 60.00 61.4600 9.0 -1.457 -1.604
160.097 60.00 61.4500 9.0 -1.452 -1.590
160.116 60.00 61.4100 9.0 -1.412 -1.477
160.138 60.00 61.4600 9.0 -1.459 -1.608
160.157 60.00 61.4500 9.0 -1.452 -1.587
160.178 60.00 61.4300 9.0 -1.430 -1.525
160.197 60.00 61.4300 9.0 -1.428 -1.518
160.218 60.00 61.4400 9.0 -1.440 -1.551
160.237 60.00 61.4700 9.0 -1.466 -1.625
160.258 60.00 61.4600 9.0 -1.457 -1.598
160.277 60.00 61.4500 9.0 -1.454 -1.589
160.298 60.00 61.4500 9.0 -1.453 -1.587
160.316 60.00 61.4600 9.0 -1.461 -1.609
160.337 60.00 61.4600 9.0 -1.457 -1.596
160.356 60.00 61.4400 9.0 -1.440 -1.547
160.377 60.00 61.4500 9.0 -1.447 -1.569
160.396 60.00 61.4500 9.0 -1.446 -1.565
160.417 60.00 61.4500 9.0 -1.446 -1.563
160.436 60.00 61.4500 9.0 -1.448 -1.570
160.457 60.00 61.4500 9.0 -1.453 -1.583
160.476 60.00 61.4600 9.0 -1.458 -1.597
160.497 60.00 61.4600 9.0 -1.462 -1.606
160.516 60.00 61.4500 9.0 -1.447 -1.563
160.538 60.00 61.4500 9.0 -1.448 -1.568
160.558 60.00 61.4500 9.0 -1.449 -1.570
160.577 60.00 61.4500 9.0 -1.450 -1.571
160.599 60.00 61.4500 9.0 -1.448 -1.565
160.618 60.00 61.4400 9.0 -1.442 -1.547
160.639 60.00 61.4600 9.0 -1.457 -1.588
160.658 60.00 61.4600 9.0 -1.462 -1.604
160.678 60.00 61.4500 9.0 -1.452 -1.573
160.697 60.00 61.4500 9.0 -1.450 -1.569
160.718 60.00 61.4600 9.0 -1.456 -1.585
160.737 60.00 61.4600 9.0 -1.459 -1.593
160.758 60.00 61.4600 9.0 -1.458 -1.588
160.777 60.00 61.4600 9.0 -1.463 -1.602
160.798 60.00 61.4700 9.0 -1.464 -1.604
160.817 60.00 61.4600 9.0 -1.460 -1.592
160.838 60.00 61.4500 9.0 -1.444 -1.548
160.857 60.00 61.4600 9.0 -1.459 -1.590
160.878 60.00 61.4500 9.0 -1.447 -1.554
160.897 60.00 61.4600 9.0 -1.462 -1.598
160.918 60.00 61.4500 9.0 -1.452 -1.568
160.937 60.00 61.4500 9.0 -1.452 -1.569
160.958 60.00 61.4600 9.0 -1.454 -1.573
160.977 60.00 61.4600 9.0 -1.458 -1.584
160.998 60.00 61.4500 9.0 -1.450 -1.562
161.017 60.00 61.4600 9.0 -1.457 -1.579
161.039 60.00 61.4600 9.0 -1.456 -1.577
161.058 60.00 61.4400 9.0 -1.444 -1.542
161.079 60.00 61.4600 9.0 -1.461 -1.590
161.099 60.00 61.4700 9.0 -1.465 -1.600
161.118 60.00 61.4700 9.0 -1.473 -1.621
161.139 60.00 61.4600 9.0 -1.456 -1.573
161.158 60.00 61.4700 9.0 -1.468 -1.607
161.179 60.00 61.4700 9.0 -1.468 -1.607
161.197 60.00 61.4700 9.0 -1.471 -1.613
161.218 60.00 61.4600 9.0 -1.454 -1.567
161.237 60.00 61.4600 9.0 -1.459 -1.580
161.258 60.00 61.4700 9.0 -1.466 -1.600
161.277 60.00 61.4700 9.0 -1.465 -1.594
161.298 60.00 61.4600 9.0 -1.455 -1.567
161.317 60.00 61.4800 9.0 -1.475 -1.623
161.338 60.00 61.4700 9.0 -1.472 -1.613
161.357 60.00 61.4600 9.0 -1.460 -1.580
161.378 60.00 61.4700 9.0 -1.472 -1.612
161.397 60.00 61.4800 9.0 -1.476 -1.622
161.419 60.00 61.4800 9.0 -1.475 -1.621
161.438 60.00 61.4500 9.0 -1.448 -1.545
161.459 60.00 61.4700 9.0 -1.472 -1.611
161.478 60.00 61.4600 9.0 -1.460 -1.577
161.499 60.00 61.4600 9.0 -1.462 -1.581
161.518 60.00 61.4700 9.0 -1.468 -1.598
161.539 60.00 61.4800 9.0 -1.478 -1.625
161.558 60.00 61.4400 9.0 -1.442 -1.523
161.579 60.00 61.4700 9.0 -1.470 -1.602
161.598 60.00 61.4700 9.0 -1.472 -1.607
161.617 60.00 61.4700 9.0 -1.465 -1.587
161.639 60.00 61.4700 9.0 -1.470 -1.600
161.658 60.00 61.4600 9.0 -1.460 -1.573
161.679 60.00 61.4700 9.0 -1.467 -1.591
161.698 60.00 61.4500 9.0 -1.449 -1.540
161.719 60.00 61.4600 9.0 -1.462 -1.575
161.738 60.00 61.4800 9.0 -1.474 -1.610
161.759 60.00 61.4800 9.0 -1.484 -1.636
161.778 60.00 61.4600 9.0 -1.463 -1.577
161.799 60.00 61.4700 9.0 -1.465 -1.584
161.818 60.00 61.4800 9.0 -1.477 -1.615
161.839 60.00 61.5100 9.0 -1.504 -1.690
161.858 60.00 61.4600 9.0 -1.460 -1.566
161.879 60.00 61.4700 9.0 -1.472 -1.600
161.898 60.00 61.4800 9.0 -1.482 -1.626
161.919 60.00 61.4800 9.0 -1.478 -1.617
161.939 60.00 61.4700 9.0 -1.466 -1.583
161.960 60.00 61.4700 9.0 -1.471 -1.595
161.979 60.00 61.4800 9.0 -1.474 -1.604
162.000 60.00 61.4800 9.0 -1.475 -1.606
162.019 60.00 61.4700 9.0 -1.471 -1.594
162.040 60.00 61.4800 9.0 -1.474 -1.601
162.058 60.00 61.4700 9.0 -1.470 -1.590
162.079 60.00 61.4900 9.0 -1.490 -1.646
162.099 60.00 61.4800 9.0 -1.475 -1.602
162.119 60.00 61.8900 9.0 -1.894 -2.774
162.139 60.00 61.4800 9.0 -1.480 -1.612
162.158 60.00 61.4800 9.0 -1.475 -1.597
162.179 60.00 61.4900 9.0 -1.488 -1.633
162.198 60.00 61.4800 9.0 -1.478 -1.605
162.219 60.00 61.4800 9.0 -1.477 -1.601
162.238 60.00 61.4600 9.0 -1.463 -1.562
162.259 60.00 61.4800 9.0 -1.474 -1.592
162.279 60.00 61.4800 9.0 -1.482 -1.614
162.300 60.00 61.4800 9.0 -1.479 -1.607
162.319 60.00 61.4600 9.0 -1.461 -1.554
162.340 60.00 61.5000 9.0 -1.496 -1.654
162.359 60.00 61.4600 9.0 -1.463 -1.560
162.380 60.00 61.4800 9.0 -1.484 -1.617
162.399 60.00 61.4800 9.0 -1.482 -1.610
162.420 60.00 61.4800 9.0 -1.476 -1.594
162.439 60.00 61.4700 9.0 -1.471 -1.579
162.460 60.00 61.4900 9.0 -1.486 -1.622
162.478 60.00 61.4800 9.0 -1.480 -1.605
162.499 60.00 61.4800 9.0 -1.477 -1.596
162.518 60.00 61.4800 9.0 -1.479 -1.600
162.539 60.00 61.4900 9.0 -1.484 -1.614
162.558 60.00 61.4800 9.0 -1.476 -1.590
162.579 60.00 61.4900 9.0 -1.485 -1.614
162.599 60.00 61.4800 9.0 -1.479 -1.598
162.620 60.00 61.4700 9.0 -1.473 -1.580
162.640 60.00 61.4800 9.0 -1.483 -1.607
162.660 60.00 61.5000 9.0 -1.495 -1.642
162.679 60.00 61.4800 9.0 -1.478 -1.595
162.699 60.00 61.4800 9.0 -1.478 -1.593
162.720 60.00 61.5000 9.0 -1.499 -1.650
162.739 60.00 61.4800 9.0 -1.479 -1.596
162.760 60.00 61.5000 9.0 -1.495 -1.640
162.779 60.00 61.5000 9.0 -1.503 -1.660
162.800 60.00 61.4700 9.0 -1.472 -1.574
162.819 60.00 61.4900 9.0 -1.490 -1.625
162.840 60.00 61.5000 9.0 -1.500 -1.651
162.859 60.00 61.4700 9.0 -1.464 -1.549
162.880 60.00 61.4800 9.0 -1.475 -1.581
162.899 60.00 61.4900 9.0 -1.490 -1.621
162.920 60.00 61.4900 9.0 -1.486 -1.610
162.940 60.00 61.5000 9.0 -1.501 -1.652
162.961 60.00 61.5100 9.0 -1.507 -1.669
162.980 60.00 61.5000 9.0 -1.499 -1.643
163.001 60.00 61.4900 9.0 -1.484 -1.603
163.020 60.00 61.4900 9.0 -1.493 -1.626
163.041 60.00 61.5600 9.0 -1.556 -1.802
163.060 60.00 61.4800 9.0 -1.480 -1.590
163.081 60.00 61.4900 9.0 -1.490 -1.617
163.099 60.00 61.5000 9.0 -1.499 -1.640
163.120 60.00 61.5000 9.0 -1.498 -1.638
163.140 60.00 61.5000 9.0 -1.495 -1.630
163.159 60.00 61.4700 9.0 -1.473 -1.567
163.180 60.00 61.5000 9.0 -1.495 -1.628
163.199 60.00 61.5100 9.0 -1.509 -1.666
163.220 60.00 61.4900 9.0 -1.486 -1.602
163.239 60.00 61.4700 9.0 -1.473 -1.565
163.260 60.00 61.5000 9.0 -1.502 -1.644
163.280 60.00 61.4900 9.0 -1.490 -1.610
163.301 60.00 61.5000 9.0 -1.494 -1.623
163.320 60.00 61.4900 9.0 -1.488 -1.605
163.341 60.00 61.6900 9.0 -1.685 -2.156
163.360 60.00 61.4900 9.0 -1.493 -1.616
163.381 60.00 61.5000 9.0 -1.503 -1.643
163.400 60.00 61.4900 9.0 -1.488 -1.600
163.421 60.00 61.5000 9.0 -1.501 -1.638
163.440 60.00 61.5000 9.0 -1.496 -1.624
163.460 60.00 61.5000 9.0 -1.503 -1.642
163.479 60.00 61.5000 9.0 -1.499 -1.630
163.500 60.00 61.4900 9.0 -1.491 -1.607
163.519 60.00 61.5000 9.0 -1.496 -1.622
163.540 60.00 61.4900 9.0 -1.492 -1.608
163.559 60.00 61.4900 9.0 -1.485 -1.588
163.580 60.00 61.5000 9.0 -1.500 -1.631
163.599 60.00 61.5000 9.0 -1.498 -1.624
163.620 60.00 61.5000 9.0 -1.500 -1.630
163.640 60.00 61.5000 9.0 -1.500 -1.628
163.659 60.00 61.5000 9.0 -1.500 -1.627
163.681 60.00 61.5000 9.0 -1.498 -1.622
163.701 60.00 61.5100 9.0 -1.510 -1.657
163.722 60.00 61.5000 9.0 -1.497 -1.618
163.741 60.00 61.4900 9.0 -1.491 -1.601
163.762 60.00 61.4900 9.0 -1.484 -1.582
163.781 60.00 61.5100 9.0 -1.511 -1.656
163.802 60.00 61.5100 9.0 -1.504 -1.635
163.821 60.00 61.5000 9.0 -1.498 -1.617
163.842 60.00 61.4700 9.0 -1.470 -1.539
163.861 60.00 61.4900 9.0 -1.488 -1.591
163.882 60.00 61.5300 9.0 -1.524 -1.691
163.901 60.00 61.5000 9.0 -1.496 -1.611
163.921 60.00 61.5100 9.0 -1.513 -1.659
163.940 60.00 61.5100 9.0 -1.505 -1.636
163.961 60.00 61.5100 9.0 -1.504 -1.633
163.980 60.00 61.5100 9.0 -1.509 -1.647
164.001 60.00 61.5100 9.0 -1.512 -1.653
164.020 60.00 61.5200 9.0 -1.515 -1.662
164.041 60.00 61.4900 9.0 -1.492 -1.596
164.060 60.00 61.5100 9.0 -1.514 -1.656
164.081 60.00 61.5000 9.0 -1.499 -1.615
164.100 60.00 61.5100 9.0 -1.508 -1.641
164.121 60.00 61.5000 9.0 -1.495 -1.604
164.141 60.00 61.5100 9.0 -1.511 -1.648
164.162 60.00 61.5300 9.0 -1.527 -1.691
164.182 60.00 61.4900 9.0 -1.491 -1.591
164.201 60.00 61.5200 9.0 -1.516 -1.658
164.222 60.00 61.5100 9.0 -1.505 -1.629
164.241 60.00 61.5100 9.0 -1.509 -1.640
164.262 60.00 61.5100 9.0 -1.507 -1.632
164.281 60.00 61.5100 9.0 -1.510 -1.642
164.302 60.00 61.5100 9.0 -1.504 -1.624
164.321 60.00 61.5000 9.0 -1.496 -1.600
164.342 60.00 61.5100 9.0 -1.513 -1.646
164.361 60.00 61.5100 9.0 -1.508 -1.634
164.381 60.00 61.5000 9.0 -1.496 -1.598
164.400 60.00 61.5100 9.0 -1.507 -1.628
164.421 60.00 61.5100 9.0 -1.514 -1.647
164.440 60.00 61.5200 9.0 -1.515 -1.651
164.461 60.00 61.5100 9.0 -1.514 -1.646
164.480 60.00 61.5200 9.0 -1.518 -1.657
164.501 60.00 61.5000 9.0 -1.503 -1.614
164.520 60.00 61.5200 9.0 -1.523 -1.670
164.541 60.00 61.5200 9.0 -1.523 -1.670
164.560 60.00 61.5100 9.0 -1.509 -1.632
164.581 60.00 61.5000 9.0 -1.499 -1.603
164.600 60.00 61.5200 9.0 -1.520 -1.662
164.621 60.00 61.5100 9.0 -1.509 -1.629
164.641 60.00 61.5100 9.0 -1.511 -1.635
164.662 60.00 61.5100 9.0 -1.510 -1.631
164.682 60.00 61.5100 9.0 -1.506 -1.620
164.701 60.00 61.5200 9.0 -1.517 -1.649
164.723 60.00 61.5000 9.0 -1.501 -1.605
164.742 60.00 61.5300 9.0 -1.528 -1.680
164.763 60.00 61.5200 9.0 -1.518 -1.650
164.782 60.00 61.5000 9.0 -1.502 -1.605
164.802 60.00 61.5200 9.0 -1.516 -1.643
164.821 60.00 61.5200 9.0 -1.517 -1.646
164.842 60.00 61.5200 9.0 -1.523 -1.664
164.861 60.00 61.5200 9.0 -1.516 -1.642
164.882 60.00 61.5400 9.0 -1.535 -1.695
164.901 60.00 61.5300 9.0 -1.531 -1.684
164.922 60.00 61.5200 9.0 -1.520 -1.653
164.941 60.00 61.5100 9.0 -1.509 -1.622
164.962 60.00 61.5100 9.0 -1.510 -1.624
164.981 60.00 61.5300 9.0 -1.527 -1.670
165.002 60.00 61.5100 9.0 -1.513 -1.631
165.021 60.00 61.5100 9.0 -1.511 -1.626
165.042 60.00 61.5200 9.0 -1.520 -1.650
165.062 60.00 61.5100 9.0 -1.511 -1.625
165.083 60.00 61.5300 9.0 -1.527 -1.667
165.102 60.00 61.5200 9.0 -1.521 -1.651
165.123 60.00 61.5200 9.0 -1.514 -1.631
165.142 60.00 61.5100 9.0 -1.514 -1.629
165.163 60.00 61.5300 9.0 -1.527 -1.665
165.183 60.00 61.5100 9.0 -1.513 -1.625
165.202 60.00 61.5100 9.0 -1.513 -1.626
165.222 60.00 61.5300 9.0 -1.527 -1.665
165.241 60.00 61.5100 9.0 -1.511 -1.620
165.262 60.00 61.5200 9.0 -1.523 -1.653
165.281 60.00 61.5200 9.0 -1.518 -1.637
165.302 60.00 61.5300 9.0 -1.528 -1.664
165.321 60.00 61.5300 9.0 -1.533 -1.679
165.342 60.00 61.5700 9.0 -1.570 -1.783
165.361 60.00 61.5200 9.0 -1.523 -1.650
165.382 60.00 60.9100 9.0 -0.910 0.068
165.401 60.00 61.5200 9.0 -1.518 -1.638
165.423 60.00 61.5400 9.0 -1.541 -1.703
165.442 60.00 61.5100 9.0 -1.506 -1.605
165.463 60.00 61.5300 9.0 -1.530 -1.671
165.482 60.00 61.5300 9.0 -1.525 -1.656
165.503 60.00 61.5200 9.0 -1.520 -1.641
165.522 60.00 61.5200 9.0 -1.521 -1.645
165.543 60.00 61.5300 9.0 -1.530 -1.669
165.561 60.00 61.5300 9.0 -1.532 -1.673
165.582 60.00 61.5300 9.0 -1.529 -1.665
165.601 60.00 61.5300 9.0 -1.524 -1.650
165.622 60.00 61.5300 9.0 -1.530 -1.666
165.641 60.00 61.5600 9.0 -1.556 -1.737
165.662 60.00 61.5200 9.0 -1.517 -1.630
165.682 60.00 61.5400 9.0 -1.541 -1.694
165.701 60.00 61.5400 9.0 -1.539 -1.691
165.723 60.00 61.5200 9.0 -1.520 -1.637
165.742 60.00 61.5300 9.0 -1.527 -1.655
165.763 60.00 61.5300 9.0 -1.528 -1.657
165.782 60.00 61.5400 9.0 -1.537 -1.682
165.803 60.00 61.5500 9.0 -1.545 -1.704
165.823 60.00 61.5300 9.0 -1.532 -1.667
165.844 60.00 61.5300 9.0 -1.532 -1.665
165.863 60.00 61.5300 9.0 -1.528 -1.654
165.884 60.00 61.5400 9.0 -1.537 -1.680
165.903 60.00 61.5200 9.0 -1.522 -1.635
165.924 60.00 61.5400 9.0 -1.539 -1.685
165.943 60.00 61.5500 9.0 -1.545 -1.699
165.964 60.00 61.5200 9.0 -1.521 -1.633
165.982 60.00 61.5400 9.0 -1.541 -1.686
166.003 60.00 61.5400 9.0 -1.542 -1.690
166.022 60.00 61.5400 9.0 -1.539 -1.680
166.043 60.00 61.5300 9.0 -1.533 -1.662
166.062 60.00 61.5300 9.0 -1.527 -1.645
166.083 60.00 61.5500 9.0 -1.550 -1.709
166.102 60.00 61.5300 9.0 -1.530 -1.652
166.123 60.00 61.5400 9.0 -1.542 -1.687
166.142 60.00 61.5400 9.0 -1.538 -1.676
166.163 60.00 61.5400 9.0 -1.538 -1.673
166.183 60.00 61.5400 9.0 -1.538 -1.675
166.204 60.00 61.5200 9.0 -1.518 -1.616
166.224 60.00 61.5500 9.0 -1.547 -1.697
166.243 60.00 61.5400 9.0 -1.543 -1.686
166.264 60.00 61.5500 9.0 -1.547 -1.697
166.283 60.00 61.5400 9.0 -1.542 -1.681
166.304 60.00 61.5400 9.0 -1.537 -1.668
166.323 60.00 61.5200 9.0 -1.523 -1.629
166.343 60.00 61.5300 9.0 -1.524 -1.629
166.362 60.00 61.7300 9.0 -1.731 -2.208
166.383 60.00 61.5400 9.0 -1.540 -1.672
166.402 60.00 61.5300 9.0 -1.531 -1.648
166.423 60.00 61.5100 9.0 -1.513 -1.596
166.442 60.00 61.5300 9.0 -1.533 -1.652
166.463 60.00 61.5300 9.0 -1.527 -1.634
166.482 60.00 61.5500 9.0 -1.553 -1.708
166.503 60.00 61.5500 9.0 -1.545 -1.684
166.522 60.00 61.5500 9.0 -1.545 -1.683
166.544 60.00 61.5500 9.0 -1.548 -1.690
166.563 60.00 61.5300 9.0 -1.534 -1.650
166.584 60.00 61.5400 9.0 -1.535 -1.654
166.603 60.00 61.5600 9.0 -1.557 -1.716
166.624 60.00 61.5600 9.0 -1.554 -1.705
166.643 60.00 61.5500 9.0 -1.551 -1.698
166.664 60.00 61.5600 9.0 -1.557 -1.714
166.683 60.00 61.5400 9.0 -1.542 -1.672
166.703 60.00 61.5400 9.0 -1.536 -1.652
166.723 60.00 61.5300 9.0 -1.534 -1.646
166.742 60.00 61.5600 9.0 -1.560 -1.720
166.764 60.00 61.5600 9.0 -1.557 -1.711
166.783 60.00 61.5600 9.0 -1.557 -1.709
166.804 60.00 61.5400 9.0 -1.539 -1.658
166.823 60.00 61.5400 9.0 -1.544 -1.671
166.844 60.00 61.5500 9.0 -1.551 -1.691
166.863 60.00 61.5500 9.0 -1.547 -1.679
166.884 60.00 61.5500 9.0 -1.546 -1.675
166.903 60.00 61.5500 9.0 -1.551 -1.689
166.924 60.00 61.5500 9.0 -1.547 -1.677
166.943 60.00 61.5500 9.0 -1.551 -1.688
166.964 60.00 61.5500 9.0 -1.548 -1.678
166.983 60.00 61.5500 9.0 -1.549 -1.683
167.004 60.00 61.5600 9.0 -1.556 -1.702
167.024 60.00 61.5600 9.0 -1.556 -1.699
167.045 60.00 61.5600 9.0 -1.556 -1.701
167.064 60.00 61.5600 9.0 -1.557 -1.702
167.085 60.00 61.5500 9.0 -1.548 -1.677
167.104 60.00 61.5400 9.0 -1.542 -1.657
167.125 60.00 61.5600 9.0 -1.558 -1.703
167.144 60.00 61.5500 9.0 -1.550 -1.679
167.164 60.00 61.5600 9.0 -1.559 -1.705
167.183 60.00 61.5600 9.0 -1.563 -1.716
167.204 60.00 61.5500 9.0 -1.551 -1.681
167.224 60.00 61.5600 9.0 -1.557 -1.699
167.244 60.00 61.5600 9.0 -1.562 -1.710
167.264 60.00 61.5600 9.0 -1.556 -1.693
167.283 60.00 61.5500 9.0 -1.552 -1.683
167.304 60.00 61.5600 9.0 -1.562 -1.708
167.323 60.00 61.5500 9.0 -1.552 -1.682
167.344 60.00 61.5600 9.0 -1.562 -1.709
167.363 60.00 61.5500 9.0 -1.552 -1.681
167.384 60.00 61.5600 9.0 -1.556 -1.689
167.403 60.00 61.5600 9.0 -1.557 -1.693
167.424 60.00 61.5500 9.0 -1.550 -1.671
167.444 60.00 61.5700 9.0 -1.565 -1.714
167.465 60.00 61.5600 9.0 -1.561 -1.703
167.484 60.00 61.5600 9.0 -1.554 -1.682
167.505 60.00 61.5600 9.0 -1.563 -1.707
167.524 60.00 61.5700 9.0 -1.570 -1.726
167.545 60.00 61.5500 9.0 -1.550 -1.670
167.564 60.00 61.5700 9.0 -1.568 -1.719
167.585 60.00 61.5600 9.0 -1.562 -1.701
167.604 60.00 61.5500 9.0 -1.550 -1.668
167.625 60.00 61.5500 9.0 -1.544 -1.650
167.644 60.00 61.5600 9.0 -1.556 -1.683
167.664 60.00 61.5600 9.0 -1.557 -1.687
167.683 60.00 61.5700 9.0 -1.565 -1.707
167.704 60.00 61.5700 9.0 -1.566 -1.711
167.724 60.00 61.5700 9.0 -1.571 -1.723
167.744 60.00 61.5800 9.0 -1.576 -1.735
167.764 60.00 61.5600 9.0 -1.560 -1.690
167.784 60.00 61.5600 9.0 -1.559 -1.688
167.805 60.00 61.5600 9.0 -1.560 -1.689
167.824 60.00 61.5700 9.0 -1.567 -1.708
167.845 60.00 61.5800 9.0 -1.583 -1.754
167.865 60.00 61.5600 9.0 -1.560 -1.689
167.885 60.00 61.5600 9.0 -1.562 -1.693
167.904 60.00 61.5700 9.0 -1.565 -1.700
167.925 60.00 61.5600 9.0 -1.557 -1.680
167.944 60.00 61.5600 9.0 -1.559 -1.684
167.965 60.00 61.5600 9.0 -1.556 -1.675
167.984 60.00 61.5800 9.0 -1.578 -1.736
168.005 60.00 61.5700 9.0 -1.564 -1.697
168.024 60.00 61.5900 9.0 -1.585 -1.754
168.045 60.00 61.5700 9.0 -1.567 -1.704
168.064 60.00 61.5900 9.0 -1.585 -1.754
168.085 60.00 61.5700 9.0 -1.570 -1.712
168.105 60.00 61.5700 9.0 -1.573 -1.719
168.126 60.00 61.5600 9.0 -1.560 -1.682
168.145 60.00 61.5700 9.0 -1.565 -1.695
168.166 60.00 61.5700 9.0 -1.572 -1.715
168.185 60.00 61.5600 9.0 -1.557 -1.671
168.206 60.00 61.5800 9.0 -1.582 -1.741
168.224 60.00 61.5800 9.0 -1.580 -1.735
168.245 60.00 61.5700 9.0 -1.568 -1.700
168.265 60.00 61.5800 9.0 -1.575 -1.718
168.284 60.00 61.5700 9.0 -1.573 -1.714
168.305 60.00 61.5700 9.0 -1.568 -1.699
168.324 60.00 61.5600 9.0 -1.558 -1.670
168.345 60.00 61.5700 9.0 -1.572 -1.710
168.364 60.00 61.5700 9.0 -1.564 -1.687
168.385 60.00 61.5900 9.0 -1.584 -1.742
168.404 60.00 61.5600 9.0 -1.561 -1.675
168.425 60.00 61.5800 9.0 -1.581 -1.731
168.444 60.00 61.5800 9.0 -1.581 -1.732
168.465 60.00 61.5800 9.0 -1.575 -1.713
168.484 60.00 61.5900 9.0 -1.586 -1.745
168.505 60.00 61.5800 9.0 -1.581 -1.730
168.524 60.00 61.5900 9.0 -1.587 -1.746
168.546 60.00 61.5900 9.0 -1.594 -1.763
168.565 60.00 61.5800 9.0 -1.583 -1.734
168.586 60.00 61.5900 9.0 -1.585 -1.738
168.605 60.00 61.5800 9.0 -1.578 -1.719
168.626 60.00 61.5700 9.0 -1.570 -1.696
168.645 60.00 61.5800 9.0 -1.583 -1.730
168.666 60.00 61.5900 9.0 -1.587 -1.742
168.685 60.00 61.5800 9.0 -1.581 -1.723
168.706 60.00 61.5800 9.0 -1.574 -1.704
168.724 60.00 61.5800 9.0 -1.581 -1.722
168.745 60.00 61.5800 9.0 -1.581 -1.723
168.765 60.00 61.5800 9.0 -1.582 -1.724
168.784 60.00 61.5800 9.0 -1.575 -1.705
168.806 60.00 61.5900 9.0 -1.591 -1.749
168.825 60.00 61.5700 9.0 -1.570 -1.691
168.846 60.00 61.5900 9.0 -1.587 -1.737
168.865 60.00 61.6000 9.0 -1.596 -1.760
168.886 60.00 61.5900 9.0 -1.586 -1.734
168.905 60.00 61.5700 9.0 -1.570 -1.687
168.926 60.00 61.5900 9.0 -1.591 -1.745
168.945 60.00 61.5700 9.0 -1.566 -1.676
168.966 60.00 61.5900 9.0 -1.592 -1.747
168.986 60.00 61.5900 9.0 -1.585 -1.727
169.007 60.00 61.5800 9.0 -1.580 -1.712
169.026 60.00 61.5900 9.0 -1.591 -1.741
169.047 60.00 61.5900 9.0 -1.591 -1.743
169.066 60.00 61.5700 9.0 -1.566 -1.672
169.087 60.00 61.5900 9.0 -1.589 -1.735
169.106 60.00 61.5800 9.0 -1.580 -1.710
169.127 60.00 61.5800 9.0 -1.576 -1.698
169.145 60.00 61.6000 9.0 -1.599 -1.762
169.166 60.00 61.5800 9.0 -1.580 -1.709
169.185 60.00 61.5900 9.0 -1.584 -1.719
169.206 60.00 61.5900 9.0 -1.586 -1.725
169.225 60.00 61.5700 9.0 -1.570 -1.678
169.246 60.00 61.5900 9.0 -1.593 -1.743
169.266 60.00 61.5900 9.0 -1.591 -1.735
169.286 60.00 61.5900 9.0 -1.590 -1.733
169.306 60.00 61.5900 9.0 -1.586 -1.722
169.325 60.00 61.5900 9.0 -1.588 -1.726
169.346 60.00 61.6100 9.0 -1.613 -1.795
169.366 60.00 61.6000 9.0 -1.595 -1.745
169.387 60.00 61.5900 9.0 -1.587 -1.721
169.406 60.00 61.5900 9.0 -1.591 -1.731
169.427 60.00 61.5900 9.0 -1.593 -1.736
169.446 60.00 61.5900 9.0 -1.591 -1.732
169.467 60.00 61.5900 9.0 -1.591 -1.732
169.486 60.00 61.6100 9.0 -1.607 -1.773
169.507 60.00 61.5900 9.0 -1.588 -1.721
169.526 60.00 61.5900 9.0 -1.594 -1.736
169.547 60.00 61.6100 9.0 -1.610 -1.780
169.565 60.00 61.6000 9.0 -1.597 -1.745
169.586 60.00 61.6000 9.0 -1.598 -1.746
169.605 60.00 61.5800 9.0 -1.581 -1.697
169.626 60.00 61.6000 9.0 -1.594 -1.735
169.645 60.00 61.5800 9.0 -1.580 -1.695
169.666 60.00 61.5900 9.0 -1.584 -1.706
169.685 60.00 61.6000 9.0 -1.599 -1.747
169.706 60.00 61.5900 9.0 -1.590 -1.719
169.725 60.00 61.5900 9.0 -1.593 -1.728
169.746 60.00 61.6000 9.0 -1.595 -1.733
169.766 60.00 61.5900 9.0 -1.589 -1.716
169.787 60.00 61.6000 9.0 -1.600 -1.746
169.807 60.00 61.6000 9.0 -1.599 -1.743
169.826 60.00 61.6100 9.0 -1.610 -1.774
169.848 60.00 61.6400 9.0 -1.637 -1.847
169.867 60.00 61.6000 9.0 -1.596 -1.732
169.888 60.00 61.6000 9.0 -1.600 -1.743
169.907 60.00 61.6000 9.0 -1.597 -1.735
169.928 60.00 61.5900 9.0 -1.591 -1.718
169.946 60.00 61.5900 9.0 -1.593 -1.722
169.967 60.00 61.6000 9.0 -1.600 -1.741
169.986 60.00 61.6000 9.0 -1.599 -1.739
170.007 60.00 61.6100 9.0 -1.607 -1.759
170.026 60.00 61.6100 9.0 -1.612 -1.773
170.047 60.00 61.6100 9.0 -1.606 -1.756
170.066 60.00 61.6100 9.0 -1.605 -1.753
170.087 60.00 61.6200 9.0 -1.622 -1.798
170.106 60.00 61.5800 9.0 -1.581 -1.683
170.127 60.00 61.6200 9.0 -1.614 -1.776
170.147 60.00 61.6100 9.0 -1.608 -1.759
170.168 60.00 61.7300 9.0 -1.724 -2.082
170.187 60.00 61.6100 9.0 -1.609 -1.760
170.208 60.00 61.6000 9.0 -1.600 -1.734
170.227 60.00 61.5900 9.0 -1.593 -1.713
170.248 60.00 61.6000 9.0 -1.602 -1.738
170.267 60.00 61.6200 9.0 -1.617 -1.779
170.288 60.00 61.6200 9.0 -1.619 -1.784
170.307 60.00 61.6000 9.0 -1.600 -1.730
170.326 60.00 61.6300 9.0 -1.632 -1.820
170.347 60.00 61.6200 9.0 -1.614 -1.768
170.366 60.00 61.6100 9.0 -1.612 -1.763
170.387 60.00 61.5900 9.0 -1.591 -1.703
170.406 60.00 61.6100 9.0 -1.610 -1.756
170.427 60.00 61.6000 9.0 -1.603 -1.735
170.446 60.00 61.6000 9.0 -1.604 -1.736
170.467 60.00 61.6200 9.0 -1.614 -1.766
170.486 60.00 61.6100 9.0 -1.612 -1.760
170.507 60.00 61.6100 9.0 -1.607 -1.743
170.526 60.00 61.6100 9.0 -1.607 -1.743
170.547 60.00 61.6300 9.0 -1.625 -1.793
170.566 60.00 61.6100 9.0 -1.608 -1.745
170.588 60.00 61.6000 9.0 -1.602 -1.728
170.607 60.00 61.6000 9.0 -1.596 -1.710
170.628 60.00 61.6200 9.0 -1.621 -1.780
170.647 60.00 61.6100 9.0 -1.610 -1.747
170.668 60.00 61.6100 9.0 -1.610 -1.747
170.687 60.00 61.6100 9.0 -1.604 -1.731
170.708 60.00 61.6200 9.0 -1.616 -1.764
170.727 60.00 61.6200 9.0 -1.623 -1.783
170.747 60.00 61.6100 9.0 -1.605 -1.732
170.766 60.00 61.6200 9.0 -1.615 -1.760
170.787 60.00 61.6200 9.0 -1.618 -1.767
170.807 60.00 61.6100 9.0 -1.608 -1.737
170.826 60.00 61.6000 9.0 -1.600 -1.716
170.848 60.00 61.6200 9.0 -1.614 -1.756
170.867 60.00 61.6100 9.0 -1.607 -1.735
170.888 60.00 61.6100 9.0 -1.612 -1.747
170.907 60.00 61.6200 9.0 -1.617 -1.762
170.928 60.00 61.6100 9.0 -1.607 -1.733
170.947 60.00 61.5900 9.0 -1.588 -1.678
170.968 60.00 61.6100 9.0 -1.610 -1.741
170.987 60.00 61.6200 9.0 -1.616 -1.756
171.008 60.00 61.6300 9.0 -1.630 -1.796
171.028 60.00 61.6300 9.0 -1.627 -1.787
171.049 60.00 61.6100 9.0 -1.613 -1.746
171.068 60.00 61.6300 9.0 -1.632 -1.799
171.089 60.00 61.6100 9.0 -1.612 -1.742
171.108 60.00 61.6000 9.0 -1.601 -1.711
171.129 60.00 61.6200 9.0 -1.615 -1.751
171.148 60.00 61.6300 9.0 -1.625 -1.776
171.169 60.00 61.6100 9.0 -1.610 -1.735
171.187 60.00 61.6300 9.0 -1.626 -1.778
171.208 60.00 61.6300 9.0 -1.625 -1.774
171.227 60.00 61.6300 9.0 -1.625 -1.775
171.248 60.00 61.6200 9.0 -1.617 -1.751
171.267 60.00 61.6200 9.0 -1.619 -1.757
171.288 60.00 61.6200 9.0 -1.620 -1.759
171.308 60.00 61.6300 9.0 -1.633 -1.796
171.328 60.00 61.6200 9.0 -1.619 -1.756
171.348 60.00 61.6300 9.0 -1.628 -1.780
171.367 60.00 61.6200 9.0 -1.624 -1.767
171.388 60.00 61.6300 9.0 -1.630 -1.784
171.408 60.00 61.6300 9.0 -1.628 -1.779
171.429 60.00 61.6400 9.0 -1.642 -1.817
171.448 60.00 61.6300 9.0 -1.625 -1.767
171.469 60.00 61.6200 9.0 -1.618 -1.748
171.488 60.00 61.6400 9.0 -1.637 -1.799
171.509 60.00 61.6200 9.0 -1.619 -1.750
171.528 60.00 61.6200 9.0 -1.619 -1.748
171.549 60.00 61.6300 9.0 -1.626 -1.769
171.567 60.00 61.6200 9.0 -1.617 -1.742
171.588 60.00 61.6200 9.0 -1.617 -1.743
171.607 60.00 61.6300 9.0 -1.633 -1.788
171.628 60.00 61.6000 9.0 -1.602 -1.700
171.647 60.00 61.6300 9.0 -1.629 -1.775
171.668 60.00 61.6400 9.0 -1.640 -1.804
171.687 60.00 61.6300 9.0 -1.628 -1.769
171.708 60.00 61.6300 9.0 -1.633 -1.783
171.727 60.00 61.6300 9.0 -1.628 -1.768
171.748 60.00 61.6100 9.0 -1.610 -1.718
171.767 60.00 61.6300 9.0 -1.631 -1.777
171.789 60.00 61.6300 9.0 -1.629 -1.771
171.808 60.00 61.6300 9.0 -1.625 -1.759
171.829 60.00 61.6500 9.0 -1.652 -1.832
171.849 60.00 61.6200 9.0 -1.615 -1.729
171.868 60.00 61.6500 9.0 -1.644 -1.810
171.890 60.00 61.6400 9.0 -1.639 -1.794
171.909 60.00 61.6200 9.0 -1.620 -1.741
171.930 60.00 61.6400 9.0 -1.638 -1.792
171.949 60.00 61.6500 9.0 -1.645 -1.810
171.969 60.00 61.6300 9.0 -1.629 -1.764
171.988 60.00 61.6300 9.0 -1.630 -1.768
172.009 60.00 61.6400 9.0 -1.639 -1.792
172.028 60.00 61.6400 9.0 -1.641 -1.797
172.049 60.00 61.6300 9.0 -1.625 -1.750
172.068 60.00 61.6300 9.0 -1.626 -1.754
172.089 60.00 61.6300 9.0 -1.626 -1.752
172.108 60.00 61.6400 9.0 -1.638 -1.787
172.129 60.00 61.6200 9.0 -1.616 -1.725
172.148 60.00 61.6300 9.0 -1.627 -1.755
172.169 60.00 61.6500 9.0 -1.652 -1.822
172.188 60.00 61.6500 9.0 -1.645 -1.804
172.209 60.00 61.6300 9.0 -1.629 -1.758
172.228 60.00 61.6500 9.0 -1.650 -1.815
172.249 60.00 61.6200 9.0 -1.619 -1.727
172.268 60.00 61.6300 9.0 -1.632 -1.766
172.290 60.00 61.6300 9.0 -1.633 -1.768
172.309 60.00 61.6300 9.0 -1.631 -1.761
172.330 60.00 61.6300 9.0 -1.630 -1.757
172.349 60.00 61.6200 9.0 -1.616 -1.719
172.370 60.00 61.6300 9.0 -1.628 -1.750
172.390 60.00 61.6500 9.0 -1.645 -1.799
172.409 60.00 61.6500 9.0 -1.649 -1.809
172.429 60.00 61.6300 9.0 -1.625 -1.740
172.448 60.00 61.6400 9.0 -1.634 -1.766
172.469 60.00 61.6300 9.0 -1.632 -1.760
172.488 60.00 61.6500 9.0 -1.645 -1.795
172.509 60.00 61.6400 9.0 -1.640 -1.782
172.528 60.00 61.6400 9.0 -1.638 -1.775
172.549 60.00 61.6300 9.0 -1.631 -1.755
172.568 60.00 61.6600 9.0 -1.655 -1.820
172.589 60.00 61.6500 9.0 -1.653 -1.815
172.608 60.00 61.6500 9.0 -1.645 -1.792
172.629 60.00 61.6500 9.0 -1.645 -1.792
172.648 60.00 61.5900 9.0 -1.592 -1.643
172.669 60.00 61.6400 9.0 -1.634 -1.760
172.689 60.00 61.6400 9.0 -1.640 -1.775
172.710 60.00 61.6300 9.0 -1.630 -1.747
172.729 60.00 61.6500 9.0 -1.646 -1.793
172.750 60.00 61.6300 9.0 -1.625 -1.733
172.769 60.00 61.6500 9.0 -1.653 -1.809
172.790 60.00 61.6500 9.0 -1.648 -1.795
172.809 60.00 61.6500 9.0 -1.648 -1.795
172.830 60.00 61.6300 9.0 -1.629 -1.741
172.849 60.00 61.6500 9.0 -1.644 -1.782
172.869 60.00 61.6600 9.0 -1.658 -1.821
172.889 60.00 61.6400 9.0 -1.636 -1.760
172.909 60.00 61.6400 9.0 -1.640 -1.771
172.930 60.00 61.6300 9.0 -1.632 -1.747
172.949 60.00 61.6400 9.0 -1.642 -1.774
172.970 60.00 61.6500 9.0 -1.651 -1.799
172.989 60.00 61.6600 9.0 -1.659 -1.822
173.010 60.00 61.6400 9.0 -1.640 -1.768
173.029 60.00 61.6400 9.0 -1.643 -1.775
173.050 60.00 61.6400 9.0 -1.640 -1.766
173.069 60.00 61.6700 9.0 -1.673 -1.857
173.091 60.00 61.6600 9.0 -1.657 -1.812
173.110 60.00 61.6500 9.0 -1.652 -1.798
173.130 60.00 61.6600 9.0 -1.661 -1.823
173.149 60.00 61.6600 9.0 -1.659 -1.816
173.170 60.00 61.6500 9.0 -1.647 -1.783
173.189 60.00 61.6600 9.0 -1.655 -1.804
173.210 60.00 61.6400 9.0 -1.639 -1.759
173.229 60.00 61.6500 9.0 -1.644 -1.771
173.250 60.00 61.6600 9.0 -1.658 -1.811
173.269 60.00 61.6500 9.0 -1.649 -1.785
173.290 60.00 61.6500 9.0 -1.649 -1.783
173.309 60.00 61.6500 9.0 -1.652 -1.791
173.331 60.00 61.6500 9.0 -1.652 -1.790
173.350 60.00 61.6500 9.0 -1.651 -1.789
173.371 60.00 61.6700 9.0 -1.669 -1.837
173.391 60.00 61.6600 9.0 -1.657 -1.803
173.410 60.00 61.6600 9.0 -1.662 -1.819
173.431 60.00 61.6500 9.0 -1.645 -1.769
173.450 60.00 61.6600 9.0 -1.661 -1.814
173.470 60.00 61.6700 9.0 -1.665 -1.823
173.489 60.00 61.6500 9.0 -1.653 -1.788
173.510 60.00 61.6700 9.0 -1.666 -1.826
173.529 60.00 61.6600 9.0 -1.662 -1.813
173.550 60.00 61.6900 9.0 -1.684 -1.875
173.569 60.00 61.6400 9.0 -1.643 -1.760
173.590 60.00 61.6700 9.0 -1.667 -1.825
173.609 60.00 61.6500 9.0 -1.651 -1.781
173.630 60.00 61.6500 9.0 -1.653 -1.786
173.649 60.00 61.6600 9.0 -1.660 -1.804
173.670 60.00 61.6500 9.0 -1.653 -1.785
173.689 60.00 61.6700 9.0 -1.667 -1.823
173.710 60.00 61.6500 9.0 -1.654 -1.785
173.729 60.00 61.6400 9.0 -1.642 -1.753
173.751 60.00 61.6600 9.0 -1.657 -1.794
173.770 60.00 61.6600 9.0 -1.661 -1.805
173.791 60.00 61.6600 9.0 -1.657 -1.792
173.810 60.00 61.6700 9.0 -1.665 -1.814
173.831 60.00 61.6600 9.0 -1.663 -1.808
173.850 60.00 61.6800 9.0 -1.680 -1.854
173.871 60.00 61.6600 9.0 -1.659 -1.795
173.890 60.00 61.6600 9.0 -1.657 -1.790
173.909 60.00 61.6800 9.0 -1.677 -1.846
173.931 60.00 61.6700 9.0 -1.674 -1.835
173.950 60.00 61.6500 9.0 -1.645 -1.754
173.971 60.00 61.6800 9.0 -1.675 -1.837
173.990 60.00 61.6700 9.0 -1.664 -1.806
174.011 60.00 61.6700 9.0 -1.664 -1.805
174.030 60.00 61.7100 9.0 -1.706 -1.923
174.051 60.00 61.6800 9.0 -1.676 -1.837
174.070 60.00 61.6900 9.0 -1.691 -1.880
174.091 60.00 61.6700 9.0 -1.673 -1.829
174.110 60.00 61.6600 9.0 -1.660 -1.791
174.131 60.00 61.6800 9.0 -1.683 -1.855
174.150 60.00 61.6800 9.0 -1.684 -1.856
174.172 60.00 61.6700 9.0 -1.669 -1.813
174.191 60.00 61.6600 9.0 -1.657 -1.779
174.212 60.00 61.6700 9.0 -1.669 -1.814
174.231 60.00 61.6700 9.0 -1.671 -1.819
174.252 60.00 61.6700 9.0 -1.666 -1.802
174.271 60.00 61.6700 9.0 -1.672 -1.820
174.292 60.00 61.6700 9.0 -1.668 -1.808
174.310 60.00 61.6700 9.0 -1.667 -1.803
174.331 60.00 61.6800 9.0 -1.675 -1.826
174.350 60.00 61.6700 9.0 -1.671 -1.814
174.371 60.00 61.6700 9.0 -1.669 -1.809
174.391 60.00 61.6800 9.0 -1.675 -1.826
174.411 60.00 61.6800 9.0 -1.679 -1.835
174.431 60.00 61.6800 9.0 -1.681 -1.839
174.450 60.00 61.6800 9.0 -1.682 -1.844
174.471 60.00 61.6700 9.0 -1.670 -1.807
174.490 60.00 61.6800 9.0 -1.677 -1.827
174.511 60.00 61.6800 9.0 -1.678 -1.831
174.530 60.00 61.6800 9.0 -1.675 -1.820
174.551 60.00 61.6700 9.0 -1.672 -1.812
174.571 60.00 61.6800 9.0 -1.680 -1.832
174.592 60.00 61.6800 9.0 -1.678 -1.828
174.611 60.00 61.6800 9.0 -1.680 -1.832
174.632 60.00 61.6600 9.0 -1.659 -1.774
174.651 60.00 61.6600 9.0 -1.663 -1.785
174.672 60.00 61.6700 9.0 -1.673 -1.810
174.691 60.00 61.6700 9.0 -1.671 -1.806
174.712 60.00 61.6800 9.0 -1.682 -1.835
174.731 60.00 61.6900 9.0 -1.689 -1.855
174.751 60.00 61.6900 9.0 -1.685 -1.841
174.770 60.00 61.6800 9.0 -1.680 -1.826
174.791 60.00 61.6900 9.0 -1.688 -1.849
174.810 60.00 61.6600 9.0 -1.656 -1.759
174.831 60.00 61.6800 9.0 -1.680 -1.825
174.850 60.00 61.6900 9.0 -1.686 -1.841
174.871 60.00 61.7000 9.0 -1.702 -1.886
174.891 60.00 61.6700 9.0 -1.671 -1.800
174.911 60.00 61.6800 9.0 -1.678 -1.819
174.931 60.00 61.6800 9.0 -1.678 -1.817
174.950 60.00 61.6700 9.0 -1.674 -1.805
174.972 60.00 61.6900 9.0 -1.686 -1.838
174.991 60.00 61.6800 9.0 -1.678 -1.815
175.013 60.00 61.6800 9.0 -1.680 -1.820
175.032 60.00 61.6800 9.0 -1.674 -1.804
175.053 60.00 61.6700 9.0 -1.674 -1.802
175.072 60.00 61.6800 9.0 -1.683 -1.827
175.093 60.00 61.6800 9.0 -1.681 -1.823
175.112 60.00 61.6800 9.0 -1.674 -1.802
175.133 60.00 61.6900 9.0 -1.688 -1.839
175.152 60.00 61.7000 9.0 -1.700 -1.872
175.173 60.00 61.6700 9.0 -1.668 -1.783
175.192 60.00 61.7000 9.0 -1.697 -1.865
175.212 60.00 61.6400 9.0 -1.642 -1.708
175.231 60.00 61.6900 9.0 -1.693 -1.851
175.252 60.00 61.6900 9.0 -1.686 -1.830
175.271 60.00 61.6800 9.0 -1.683 -1.822
175.292 60.00 61.6900 9.0 -1.687 -1.832
175.311 60.00 61.6900 9.0 -1.693 -1.849
175.332 60.00 61.6700 9.0 -1.673 -1.791
175.351 60.00 61.6800 9.0 -1.680 -1.811
175.372 60.00 61.6900 9.0 -1.688 -1.832
175.391 60.00 61.6900 9.0 -1.690 -1.837
175.412 60.00 61.7000 9.0 -1.696 -1.856
175.432 60.00 61.6900 9.0 -1.688 -1.831
175.451 60.00 61.6700 9.0 -1.666 -1.768
175.472 60.00 61.6900 9.0 -1.686 -1.824
175.491 60.00 61.6800 9.0 -1.682 -1.814
175.512 60.00 61.6800 9.0 -1.681 -1.809
175.532 60.00 61.6900 9.0 -1.692 -1.841
175.553 60.00 61.6800 9.0 -1.678 -1.800
175.572 60.00 61.7100 9.0 -1.708 -1.883
175.593 60.00 61.6800 9.0 -1.680 -1.803
175.612 60.00 61.6900 9.0 -1.689 -1.828
175.633 60.00 61.7000 9.0 -1.697 -1.853
175.652 60.00 61.6900 9.0 -1.693 -1.839
175.673 60.00 61.6900 9.0 -1.688 -1.826
175.692 60.00 61.7000 9.0 -1.700 -1.857
175.712 60.00 61.7000 9.0 -1.698 -1.852
175.731 60.00 61.7000 9.0 -1.696 -1.847
175.752 60.00 61.7000 9.0 -1.696 -1.846
175.771 60.00 61.6800 9.0 -1.681 -1.802
175.792 60.00 61.6900 9.0 -1.686 -1.815
175.811 60.00 61.6900 9.0 -1.692 -1.833
175.832 60.00 61.6900 9.0 -1.685 -1.813
175.851 60.00 61.6900 9.0 -1.692 -1.832
175.872 60.00 61.6900 9.0 -1.692 -1.830
175.891 60.00 61.3300 9.0 -1.328 -0.811
175.912 60.00 61.7000 9.0 -1.695 -1.842
175.932 60.00 61.6900 9.0 -1.689 -1.823
175.951 60.00 61.7000 9.0 -1.701 -1.855
175.973 60.00 61.6900 9.0 -1.692 -1.830
175.993 60.00 61.7000 9.0 -1.700 -1.851
176.014 60.00 61.6900 9.0 -1.686 -1.811
176.033 60.00 61.6800 9.0 -1.684 -1.805
176.054 60.00 61.6900 9.0 -1.688 -1.816
176.073 60.00 61.7000 9.0 -1.703 -1.859
176.094 60.00 61.6900 9.0 -1.688 -1.815
176.113 60.00 61.6900 9.0 -1.688 -1.814
176.133 60.00 61.6900 9.0 -1.689 -1.818
176.152 60.00 61.6900 9.0 -1.692 -1.826
176.173 60.00 61.6800 9.0 -1.682 -1.798
176.192 60.00 61.7100 9.0 -1.708 -1.868
176.213 60.00 61.7100 9.0 -1.707 -1.867
176.232 60.00 61.6900 9.0 -1.691 -1.821
176.253 60.00 61.7100 9.0 -1.705 -1.860
176.272 60.00 61.7000 9.0 -1.699 -1.840
176.293 60.00 61.7000 9.0 -1.702 -1.848
176.312 60.00 61.7000 9.0 -1.696 -1.832
176.333 60.00 61.6900 9.0 -1.692 -1.821
176.352 60.00 61.7000 9.0 -1.697 -1.835
176.373 60.00 61.6900 9.0 -1.693 -1.823
176.393 60.00 61.6800 9.0 -1.681 -1.789
176.414 60.00 61.7100 9.0 -1.704 -1.851
176.433 60.00 61.7100 9.0 -1.709 -1.865
176.454 60.00 62.5300 9.0 -2.531 -4.166
176.474 60.00 61.7100 9.0 -1.713 -1.868
176.493 60.00 61.7000 9.0 -1.694 -1.815
176.514 60.00 61.7100 9.0 -1.714 -1.870
176.533 60.00 61.7100 9.0 -1.713 -1.866
176.554 60.00 61.6700 9.0 -1.670 -1.747
176.572 60.00 61.7100 9.0 -1.704 -1.841
176.593 60.00 61.7000 9.0 -1.702 -1.834
176.612 60.00 61.7000 9.0 -1.701 -1.831
176.633 60.00 61.7100 9.0 -1.707 -1.849
176.652 60.00 61.7000 9.0 -1.701 -1.830
176.673 60.00 61.7100 9.0 -1.707 -1.847
176.692 60.00 61.7000 9.0 -1.696 -1.816
176.713 60.00 61.7200 9.0 -1.723 -1.892
176.732 60.00 61.7100 9.0 -1.712 -1.860
176.753 60.00 61.7300 9.0 -1.726 -1.899
176.772 60.00 61.7000 9.0 -1.703 -1.834
176.793 60.00 61.7100 9.0 -1.704 -1.836
176.813 60.00 61.7100 9.0 -1.711 -1.856
176.834 60.00 61.7200 9.0 -1.722 -1.884
176.853 60.00 61.7000 9.0 -1.701 -1.824
176.874 60.00 61.7000 9.0 -1.701 -1.823
176.893 60.00 61.7100 9.0 -1.706 -1.837
176.914 60.00 61.7000 9.0 -1.699 -1.818
176.933 60.00 61.7000 9.0 -1.694 -1.805
176.954 60.00 61.7000 9.0 -1.695 -1.806
176.974 60.00 61.7000 9.0 -1.700 -1.820
176.993 60.00 61.7100 9.0 -1.706 -1.836
177.015 60.00 61.7200 9.0 -1.721 -1.877
177.033 60.00 61.7200 9.0 -1.719 -1.872
177.054 60.00 61.7100 9.0 -1.709 -1.842
177.073 60.00 61.7100 9.0 -1.704 -1.829
177.094 60.00 61.7200 9.0 -1.719 -1.868
177.113 60.00 61.6900 9.0 -1.693 -1.796
177.134 60.00 61.7200 9.0 -1.717 -1.864
177.153 60.00 61.7300 9.0 -1.725 -1.884
177.174 60.00 61.7200 9.0 -1.720 -1.869
177.193 60.00 61.7200 9.0 -1.719 -1.865
177.214 60.00 61.7200 9.0 -1.715 -1.853
177.234 60.00 61.7200 9.0 -1.720 -1.869
177.255 60.00 61.7300 9.0 -1.733 -1.903
177.274 60.00 61.7100 9.0 -1.714 -1.849
177.295 60.00 61.7200 9.0 -1.723 -1.876
177.314 60.00 61.7300 9.0 -1.725 -1.881
177.335 60.00 61.7200 9.0 -1.715 -1.851
177.354 60.00 61.7200 9.0 -1.715 -1.849
177.375 60.00 61.7100 9.0 -1.707 -1.829
177.394 60.00 61.7100 9.0 -1.709 -1.832
177.414 60.00 61.7200 9.0 -1.715 -1.849
177.433 60.00 61.7100 9.0 -1.706 -1.824
177.454 60.00 61.7200 9.0 -1.716 -1.851
177.474 60.00 61.7100 9.0 -1.711 -1.838
177.494 60.00 61.7300 9.0 -1.725 -1.874
177.514 60.00 61.7300 9.0 -1.726 -1.877
177.533 60.00 61.7400 9.0 -1.738 -1.911
177.554 60.00 61.7200 9.0 -1.716 -1.847
177.573 60.00 61.7100 9.0 -1.713 -1.839
177.594 60.00 61.7300 9.0 -1.731 -1.888
177.613 60.00 61.7300 9.0 -1.726 -1.875
177.634 60.00 61.7300 9.0 -1.727 -1.876
177.654 60.00 61.7200 9.0 -1.721 -1.859
177.675 60.00 61.7900 9.0 -1.792 -2.058
177.694 60.00 61.7400 9.0 -1.735 -1.896
177.715 60.00 61.7200 9.0 -1.723 -1.862
177.734 60.00 61.7200 9.0 -1.721 -1.856
177.755 60.00 61.7300 9.0 -1.730 -1.881
177.774 60.00 61.7200 9.0 -1.717 -1.844
177.795 60.00 61.7300 9.0 -1.727 -1.873
177.814 60.00 61.7300 9.0 -1.733 -1.888
177.834 60.00 61.7000 9.0 -1.703 -1.804
177.853 60.00 61.7100 9.0 -1.709 -1.820
177.874 60.00 61.7200 9.0 -1.718 -1.845
177.893 60.00 61.7200 9.0 -1.723 -1.857
177.914 60.00 61.7300 9.0 -1.733 -1.885
177.933 60.00 61.7400 9.0 -1.740 -1.904
177.954 60.00 61.7300 9.0 -1.724 -1.858
177.974 60.00 61.7300 9.0 -1.733 -1.884
177.994 60.00 61.7100 9.0 -1.713 -1.826
178.014 60.00 61.7000 9.0 -1.696 -1.780
178.034 60.00 61.7400 9.0 -1.734 -1.885
178.055 60.00 61.7500 9.0 -1.745 -1.915
178.074 60.00 61.7300 9.0 -1.732 -1.877
178.096 60.00 61.7400 9.0 -1.736 -1.889
178.115 60.00 61.7200 9.0 -1.716 -1.831
178.136 60.00 61.7300 9.0 -1.727 -1.863
178.155 60.00 61.7300 9.0 -1.725 -1.857
178.176 60.00 61.7300 9.0 -1.728 -1.865
178.195 60.00 61.7400 9.0 -1.736 -1.885
178.215 60.00 61.7200 9.0 -1.720 -1.841
178.234 60.00 61.7200 9.0 -1.722 -1.846
178.255 60.00 61.7300 9.0 -1.724 -1.851
178.274 60.00 61.7200 9.0 -1.720 -1.840
178.295 60.00 61.7400 9.0 -1.735 -1.881
178.314 60.00 61.7400 9.0 -1.735 -1.880
178.335 60.00 61.7300 9.0 -1.727 -1.858
178.355 60.00 61.7300 9.0 -1.729 -1.862
178.376 60.00 61.7500 9.0 -1.746 -1.908
178.395 60.00 61.7200 9.0 -1.721 -1.839
178.416 60.00 61.7300 9.0 -1.733 -1.872
178.434 60.00 61.7300 9.0 -1.732 -1.868
178.455 60.00 61.7200 9.0 -1.720 -1.835
178.474 60.00 61.7300 9.0 -1.725 -1.848
178.495 60.00 61.7300 9.0 -1.733 -1.868
178.515 60.00 61.7300 9.0 -1.729 -1.858
178.534 60.00 61.7200 9.0 -1.717 -1.825
178.555 60.00 61.7400 9.0 -1.737 -1.880
178.574 60.00 61.7200 9.0 -1.716 -1.820
178.595 60.00 61.7500 9.0 -1.752 -1.920
178.614 60.00 61.7400 9.0 -1.738 -1.881
178.635 60.00 61.7300 9.0 -1.725 -1.843
178.654 60.00 61.7200 9.0 -1.719 -1.827
178.675 60.00 61.6700 9.0 -1.669 -1.685
178.694 60.00 61.7200 9.0 -1.717 -1.820
178.715 60.00 61.7400 9.0 -1.744 -1.894
178.734 60.00 61.7300 9.0 -1.734 -1.865
178.756 60.00 61.7300 9.0 -1.732 -1.859
178.775 60.00 61.7200 9.0 -1.716 -1.816
178.796 60.00 61.7400 9.0 -1.735 -1.867
178.815 60.00 61.7400 9.0 -1.740 -1.881
178.836 60.00 61.7100 9.0 -1.706 -1.786
178.855 60.00 61.7200 9.0 -1.717 -1.816
178.876 60.00 61.7300 9.0 -1.728 -1.848
178.894 60.00 61.7400 9.0 -1.738 -1.875
178.915 60.00 61.7300 9.0 -1.727 -1.842
178.934 60.00 61.7200 9.0 -1.722 -1.829
178.955 60.00 61.7200 9.0 -1.717 -1.814
178.974 60.00 61.7500 9.0 -1.748 -1.899
178.995 60.00 61.7300 9.0 -1.731 -1.852
179.015 60.00 61.7400 9.0 -1.739 -1.874
179.034 60.00 61.7300 9.0 -1.727 -1.841
179.056 60.00 61.7200 9.0 -1.718 -1.814
179.075 60.00 61.7100 9.0 -1.714 -1.801
179.096 60.00 61.7200 9.0 -1.720 -1.820
179.115 60.00 61.7200 9.0 -1.720 -1.818
179.136 60.00 61.7300 9.0 -1.732 -1.851
179.156 60.00 61.7300 9.0 -1.728 -1.841
179.177 60.00 61.7200 9.0 -1.719 -1.813
179.196 60.00 61.7300 9.0 -1.730 -1.845
179.217 60.00 61.7300 9.0 -1.725 -1.831
179.236 60.00 61.7300 9.0 -1.728 -1.838
179.257 60.00 61.7300 9.0 -1.724 -1.826
179.276 60.00 61.7300 9.0 -1.733 -1.850
179.296 60.00 61.7400 9.0 -1.738 -1.865
179.315 60.00 61.7200 9.0 -1.721 -1.818
179.336 60.00 61.7300 9.0 -1.725 -1.827
179.355 60.00 61.7200 9.0 -1.723 -1.823
179.376 60.00 61.7400 9.0 -1.740 -1.869
179.395 60.00 61.7200 9.0 -1.714 -1.796
179.416 60.00 61.7400 9.0 -1.737 -1.859
179.435 60.00 61.7400 9.0 -1.736 -1.857
179.456 60.00 61.7400 9.0 -1.738 -1.862
179.475 60.00 61.7300 9.0 -1.727 -1.830
179.496 60.00 61.7300 9.0 -1.728 -1.834
179.516 60.00 61.7300 9.0 -1.727 -1.831
179.537 60.00 61.7400 9.0 -1.737 -1.857
179.556 60.00 61.7300 9.0 -1.731 -1.840
179.576 60.00 61.7500 9.0 -1.744 -1.875
179.597 60.00 61.7500 9.0 -1.746 -1.881
179.616 60.00 61.7200 9.0 -1.723 -1.817
179.637 60.00 61.7300 9.0 -1.733 -1.842
179.656 60.00 61.7500 9.0 -1.745 -1.877
179.677 60.00 61.7300 9.0 -1.733 -1.843
179.696 60.00 61.7500 9.0 -1.747 -1.881
179.717 60.00 61.7300 9.0 -1.724 -1.817
179.735 60.00 61.7300 9.0 -1.728 -1.828
179.756 60.00 61.7400 9.0 -1.740 -1.861
179.775 60.00 61.7300 9.0 -1.732 -1.836
179.796 60.00 61.7500 9.0 -1.746 -1.875
179.815 60.00 61.7400 9.0 -1.739 -1.856
179.836 60.00 61.7200 9.0 -1.722 -1.809
179.855 60.00 61.7400 9.0 -1.741 -1.861
179.876 60.00 61.7300 9.0 -1.732 -1.836
179.895 60.00 61.7400 9.0 -1.742 -1.862
179.916 60.00 61.7400 9.0 -1.742 -1.862
179.935 60.00 61.7500 9.0 -1.747 -1.876
179.956 60.00 61.7400 9.0 -1.741 -1.860
179.975 60.00 61.7400 9.0 -1.739 -1.853
179.997 60.00 61.7300 9.0 -1.726 -1.816
180.016 60.00 61.7500 9.0 -1.750 -1.882
180.037 60.00 61.7500 9.0 -1.748 -1.876
180.057 60.00 61.7500 9.0 -1.747 -1.873
180.076 60.00 61.7300 9.0 -1.734 -1.835
180.098 60.00 61.7500 9.0 -1.748 -1.875
180.117 60.00 61.7400 9.0 -1.740 -1.852
180.137 60.00 61.7500 9.0 -1.751 -1.881
180.156 60.00 61.7600 9.0 -1.754 -1.890
180.177 60.00 61.7500 9.0 -1.746 -1.867
180.196 60.00 61.7400 9.0 -1.743 -1.858
180.217 60.00 61.7500 9.0 -1.747 -1.869
180.236 60.00 61.7500 9.0 -1.747 -1.869
180.257 60.00 61.7400 9.0 -1.739 -1.846
180.276 60.00 61.7500 9.0 -1.744 -1.859
180.297 60.00 61.7500 9.0 -1.748 -1.870
180.316 60.00 61.7600 9.0 -1.754 -1.886
180.337 60.00 61.1500 9.0 -1.152 -0.200
180.356 60.00 61.7600 9.0 -1.760 -1.906
180.377 60.00 61.7400 9.0 -1.741 -1.854
180.396 60.00 61.7400 9.0 -1.736 -1.839
180.418 60.00 61.7500 9.0 -1.748 -1.872
180.437 60.00 61.7400 9.0 -1.738 -1.842
180.458 60.00 61.7300 9.0 -1.724 -1.803
180.477 60.00 61.7400 9.0 -1.735 -1.834
180.498 60.00 61.7300 9.0 -1.724 -1.803
180.517 60.00 61.7400 9.0 -1.738 -1.842
180.538 60.00 61.7300 9.0 -1.730 -1.819
180.558 60.00 61.7600 9.0 -1.758 -1.898
180.577 60.00 61.7600 9.0 -1.758 -1.898
180.597 60.00 61.7600 9.0 -1.761 -1.903
180.616 60.00 61.7300 9.0 -1.728 -1.812
180.637 60.00 61.7400 9.0 -1.737 -1.835
180.656 60.00 61.7300 9.0 -1.731 -1.818
180.677 60.00 61.7400 9.0 -1.741 -1.847
180.696 60.00 61.7400 9.0 -1.736 -1.832
180.717 60.00 61.7400 9.0 -1.741 -1.845
180.736 60.00 61.7400 9.0 -1.740 -1.843
180.757 60.00 61.7300 9.0 -1.731 -1.816
180.776 60.00 61.7300 9.0 -1.727 -1.806
180.797 60.00 61.7600 9.0 -1.754 -1.880
180.816 60.00 61.7500 9.0 -1.745 -1.855
180.837 60.00 61.7400 9.0 -1.736 -1.828
180.856 60.00 61.7200 9.0 -1.723 -1.792
180.878 60.00 61.7600 9.0 -1.754 -1.878
180.897 60.00 62.8400 9.0 -2.836 -4.907
180.918 60.00 61.7400 9.0 -1.744 -1.841
180.937 60.00 61.7600 9.0 -1.759 -1.885
180.958 60.00 61.7500 9.0 -1.746 -1.846
180.977 60.00 61.7500 9.0 -1.753 -1.865
180.997 60.00 61.7500 9.0 -1.744 -1.840
181.016 60.00 61.7500 9.0 -1.753 -1.864
181.037 60.00 61.7600 9.0 -1.761 -1.886
181.057 60.00 61.7600 9.0 -1.756 -1.874
181.076 60.00 61.7500 9.0 -1.746 -1.844
181.098 60.00 61.7600 9.0 -1.755 -1.868
181.117 60.00 61.7500 9.0 -1.751 -1.858
181.138 60.00 61.7500 9.0 -1.752 -1.860
181.157 60.00 61.7300 9.0 -1.724 -1.782
181.178 60.00 61.7500 9.0 -1.748 -1.848
181.197 60.00 61.7500 9.0 -1.749 -1.849
181.218 60.00 61.7400 9.0 -1.735 -1.811
181.238 60.00 61.7600 9.0 -1.756 -1.869
181.259 60.00 61.7600 9.0 -1.757 -1.871
181.278 60.00 61.7500 9.0 -1.748 -1.845
181.299 60.00 61.7600 9.0 -1.762 -1.884
181.318 60.00 61.7600 9.0 -1.760 -1.878
181.339 60.00 61.7700 9.0 -1.773 -1.914
181.358 60.00 61.7700 9.0 -1.770 -1.906
181.379 60.00 61.7400 9.0 -1.739 -1.819
181.398 60.00 61.7500 9.0 -1.751 -1.850
181.418 60.00 61.7500 9.0 -1.749 -1.845
181.437 60.00 61.7500 9.0 -1.753 -1.855
181.458 60.00 61.7600 9.0 -1.762 -1.881
181.477 60.00 61.7500 9.0 -1.753 -1.856
181.498 60.00 61.7500 9.0 -1.750 -1.847
181.517 60.00 61.7600 9.0 -1.754 -1.858
181.538 60.00 61.7600 9.0 -1.757 -1.867
181.558 60.00 61.7400 9.0 -1.743 -1.826
181.578 60.00 61.7500 9.0 -1.752 -1.851
181.598 60.00 61.7600 9.0 -1.761 -1.874
181.617 60.00 61.7600 9.0 -1.758 -1.868
181.638 60.00 61.7600 9.0 -1.759 -1.870
181.657 60.00 61.7500 9.0 -1.753 -1.851
181.678 60.00 61.7600 9.0 -1.756 -1.861
181.698 60.00 61.7600 9.0 -1.759 -1.869
181.719 60.00 61.7600 9.0 -1.755 -1.857
181.738 60.00 61.7600 9.0 -1.761 -1.872
181.759 60.00 61.7600 9.0 -1.756 -1.858
181.778 60.00 61.7600 9.0 -1.758 -1.864
181.799 60.00 61.7700 9.0 -1.768 -1.891
181.818 60.00 61.7600 9.0 -1.754 -1.852
181.838 60.00 61.7500 9.0 -1.745 -1.825
181.857 60.00 61.7600 9.0 -1.759 -1.866
181.878 60.00 61.7600 9.0 -1.764 -1.877
181.897 60.00 61.7600 9.0 -1.763 -1.873
181.918 60.00 61.7500 9.0 -1.750 -1.837
181.937 60.00 61.7600 9.0 -1.763 -1.874
181.958 60.00 61.7600 9.0 -1.758 -1.859
181.977 60.00 61.7500 9.0 -1.751 -1.840
181.998 60.00 61.7700 9.0 -1.764 -1.875
182.017 60.00 61.7600 9.0 -1.761 -1.868
182.038 60.00 61.7400 9.0 -1.738 -1.803
182.058 60.00 61.7600 9.0 -1.763 -1.870
182.079 60.00 61.7600 9.0 -1.761 -1.867
182.099 60.00 61.7600 9.0 -1.759 -1.861
182.118 60.00 61.7600 9.0 -1.754 -1.846
182.140 60.00 61.7500 9.0 -1.750 -1.833
182.159 60.00 61.7700 9.0 -1.771 -1.893
182.180 60.00 61.7700 9.0 -1.768 -1.882
182.199 60.00 61.7600 9.0 -1.757 -1.851
182.219 60.00 61.7600 9.0 -1.758 -1.856
182.238 60.00 61.7600 9.0 -1.758 -1.854
182.259 60.00 61.7500 9.0 -1.750 -1.830
182.278 60.00 61.7500 9.0 -1.748 -1.825
182.299 60.00 61.7500 9.0 -1.752 -1.836
182.318 60.00 61.7500 9.0 -1.753 -1.839
182.339 60.00 61.7600 9.0 -1.761 -1.862
182.358 60.00 61.7500 9.0 -1.752 -1.835
182.379 60.00 61.7600 9.0 -1.758 -1.853
182.398 60.00 61.7700 9.0 -1.767 -1.875
182.419 60.00 61.7700 9.0 -1.769 -1.881
182.438 60.00 61.7700 9.0 -1.768 -1.877
182.459 60.00 61.7600 9.0 -1.762 -1.861
182.478 60.00 61.7700 9.0 -1.770 -1.882
182.500 60.00 62.0300 9.0 -2.027 -2.602
182.519 60.00 61.7700 9.0 -1.769 -1.878
182.540 60.00 61.7700 9.0 -1.766 -1.868
182.559 60.00 61.7700 9.0 -1.768 -1.873
182.580 60.00 61.7600 9.0 -1.758 -1.847
182.599 60.00 61.7400 9.0 -1.737 -1.786
182.620 60.00 61.7500 9.0 -1.748 -1.816
182.640 60.00 61.7700 9.0 -1.770 -1.879
182.658 60.00 61.7700 9.0 -1.768 -1.871
182.679 60.00 61.7600 9.0 -1.759 -1.848
182.698 60.00 61.7600 9.0 -1.764 -1.859
182.719 60.00 61.7700 9.0 -1.766 -1.864
182.738 60.00 61.7700 9.0 -1.768 -1.871
182.759 60.00 61.7600 9.0 -1.754 -1.830
182.778 60.00 61.7700 9.0 -1.768 -1.869
182.799 60.00 61.7700 9.0 -1.773 -1.885
182.818 60.00 61.7600 9.0 -1.758 -1.841
182.839 60.00 61.7700 9.0 -1.765 -1.861
182.858 60.00 61.7700 9.0 -1.770 -1.873
182.879 60.00 61.7700 9.0 -1.767 -1.864
182.898 60.00 61.7700 9.0 -1.765 -1.858
182.919 60.00 61.7600 9.0 -1.755 -1.830
182.939 60.00 61.7800 9.0 -1.782 -1.907
182.960 60.00 61.7800 9.0 -1.782 -1.906
182.979 60.00 61.7600 9.0 -1.761 -1.846
183.000 60.00 61.7700 9.0 -1.773 -1.881
183.019 60.00 61.7900 9.0 -1.787 -1.919
183.040 60.00 61.7600 9.0 -1.755 -1.829
183.059 60.00 61.7700 9.0 -1.769 -1.868
183.080 60.00 61.7700 9.0 -1.771 -1.872
183.099 60.00 61.7700 9.0 -1.771 -1.871
183.119 60.00 61.7700 9.0 -1.767 -1.859
183.139 60.00 61.7500 9.0 -1.752 -1.818
183.159 60.00 61.7700 9.0 -1.770 -1.868
183.180 60.00 61.7900 9.0 -1.787 -1.915
183.199 60.00 61.7700 9.0 -1.773 -1.877
183.220 60.00 61.7500 9.0 -1.748 -1.805
183.239 60.00 61.7700 9.0 -1.771 -1.869
183.260 60.00 61.7700 9.0 -1.771 -1.868
183.279 60.00 61.7800 9.0 -1.775 -1.879
183.301 60.00 61.7600 9.0 -1.758 -1.833
183.320 60.00 61.7700 9.0 -1.773 -1.873
183.341 60.00 61.7700 9.0 -1.770 -1.864
183.360 60.00 61.7600 9.0 -1.761 -1.840
183.381 60.00 61.7800 9.0 -1.777 -1.882
183.400 60.00 61.7800 9.0 -1.775 -1.877
183.421 60.00 61.7700 9.0 -1.773 -1.871
183.440 60.00 61.7800 9.0 -1.776 -1.878
183.461 60.00 61.7800 9.0 -1.780 -1.891
183.480 60.00 61.7700 9.0 -1.769 -1.858
183.500 60.00 61.7800 9.0 -1.779 -1.888
183.519 60.00 61.7800 9.0 -1.781 -1.892
183.540 60.00 61.7900 9.0 -1.784 -1.901
183.559 60.00 61.7700 9.0 -1.769 -1.856
183.580 60.00 61.7700 9.0 -1.767 -1.850
183.600 60.00 61.7900 9.0 -1.788 -1.909
183.621 60.00 61.7800 9.0 -1.779 -1.885
183.641 60.00 61.7800 9.0 -1.781 -1.890
183.660 60.00 61.7700 9.0 -1.772 -1.863
183.681 60.00 61.7800 9.0 -1.777 -1.877
183.700 60.00 61.7900 9.0 -1.786 -1.903
183.721 60.00 61.7800 9.0 -1.777 -1.875
183.740 60.00 61.7700 9.0 -1.769 -1.855
183.760 60.00 61.7900 9.0 -1.790 -1.912
183.780 60.00 61.7900 9.0 -1.788 -1.907
183.800 60.00 61.7700 9.0 -1.772 -1.860
183.819 60.00 61.7800 9.0 -1.783 -1.890
183.840 60.00 61.7800 9.0 -1.778 -1.877
183.859 60.00 61.7700 9.0 -1.771 -1.856
183.880 60.00 61.7800 9.0 -1.784 -1.892
183.899 60.00 61.7800 9.0 -1.774 -1.865
183.920 60.00 61.7900 9.0 -1.784 -1.893
183.939 60.00 61.7700 9.0 -1.770 -1.853
183.960 60.00 61.7600 9.0 -1.764 -1.834
183.979 60.00 61.7700 9.0 -1.768 -1.845
184.000 60.00 61.7600 9.0 -1.755 -1.810
184.019 60.00 61.7700 9.0 -1.772 -1.856
184.041 60.00 61.7800 9.0 -1.778 -1.874
184.060 60.00 61.7600 9.0 -1.763 -1.831
184.081 60.00 61.7600 9.0 -1.758 -1.818
184.100 60.00 61.7800 9.0 -1.781 -1.881
184.121 60.00 61.7700 9.0 -1.769 -1.848
184.141 60.00 61.7700 9.0 -1.769 -1.848
184.160 60.00 61.8000 9.0 -1.794 -1.916
184.182 60.00 61.7700 9.0 -1.766 -1.836
184.200 60.00 61.7800 9.0 -1.780 -1.877
184.221 60.00 61.7800 9.0 -1.781 -1.879
184.240 60.00 61.8000 9.0 -1.797 -1.923
184.261 60.00 61.7800 9.0 -1.778 -1.870
184.280 60.00 61.7800 9.0 -1.782 -1.881
184.301 60.00 61.7900 9.0 -1.788 -1.897
184.320 60.00 61.7800 9.0 -1.781 -1.875
184.341 60.00 61.7800 9.0 -1.783 -1.882
184.360 60.00 61.7800 9.0 -1.779 -1.869
184.381 60.00 61.7900 9.0 -1.788 -1.894
184.400 60.00 61.7900 9.0 -1.786 -1.888
184.421 60.00 61.7800 9.0 -1.781 -1.873
184.440 60.00 61.7700 9.0 -1.770 -1.843
184.461 60.00 61.7300 9.0 -1.725 -1.718
184.481 60.00 61.7900 9.0 -1.788 -1.894
184.502 60.00 61.7800 9.0 -1.779 -1.866
184.521 60.00 61.7900 9.0 -1.794 -1.908
184.542 60.00 61.8000 9.0 -1.796 -1.913
184.561 60.00 61.8100 9.0 -1.804 -1.938
184.582 60.00 61.7800 9.0 -1.777 -1.860
184.601 60.00 61.7900 9.0 -1.794 -1.907
184.622 60.00 61.7800 9.0 -1.783 -1.877
184.641 60.00 61.7700 9.0 -1.770 -1.840
184.661 60.00 61.8000 9.0 -1.794 -1.907
184.681 60.00 61.7900 9.0 -1.786 -1.883
184.700 60.00 61.7800 9.0 -1.784 -1.877
184.721 60.00 61.7800 9.0 -1.783 -1.874
184.740 60.00 61.7700 9.0 -1.767 -1.830
184.761 60.00 61.7900 9.0 -1.786 -1.881
184.780 60.00 61.8000 9.0 -1.798 -1.916
184.801 60.00 61.7900 9.0 -1.788 -1.886
184.820 60.00 61.7800 9.0 -1.782 -1.871
184.841 60.00 61.7800 9.0 -1.783 -1.873
184.860 60.00 61.7800 9.0 -1.784 -1.874
184.881 60.00 61.7900 9.0 -1.794 -1.901
184.901 60.00 61.7700 9.0 -1.773 -1.844
184.922 60.00 61.7800 9.0 -1.779 -1.860
184.941 60.00 61.7900 9.0 -1.790 -1.890
184.962 60.00 61.8000 9.0 -1.795 -1.903
184.981 60.00 61.7900 9.0 -1.793 -1.898
185.002 60.00 61.7600 9.0 -1.762 -1.810
185.021 60.00 61.7800 9.0 -1.778 -1.856
185.041 60.00 61.7900 9.0 -1.788 -1.884
185.060 60.00 61.7700 9.0 -1.769 -1.829
185.081 60.00 61.7900 9.0 -1.793 -1.897
185.100 60.00 61.8100 9.0 -1.809 -1.942
185.121 60.00 61.7800 9.0 -1.784 -1.869
185.141 60.00 61.8000 9.0 -1.795 -1.901
185.161 60.00 61.7900 9.0 -1.786 -1.876
185.181 60.00 61.7900 9.0 -1.787 -1.877
185.200 60.00 61.7800 9.0 -1.783 -1.866
185.223 60.00 61.7900 9.0 -1.792 -1.889
185.242 60.00 61.7900 9.0 -1.784 -1.869
185.263 60.00 61.8000 9.0 -1.795 -1.899
185.282 60.00 61.8000 9.0 -1.801 -1.914
185.303 60.00 61.8100 9.0 -1.804 -1.922
185.322 60.00 61.7800 9.0 -1.783 -1.864
185.343 60.00 61.7900 9.0 -1.792 -1.887
185.361 60.00 61.8000 9.0 -1.796 -1.899
185.382 60.00 61.8000 9.0 -1.803 -1.919
185.401 60.00 61.7900 9.0 -1.794 -1.892
185.422 60.00 61.8000 9.0 -1.798 -1.902
185.441 60.00 61.7900 9.0 -1.789 -1.879
185.462 60.00 61.8100 9.0 -1.809 -1.934
185.481 60.00 61.8000 9.0 -1.802 -1.913
185.502 60.00 61.8100 9.0 -1.807 -1.927
185.521 60.00 61.8000 9.0 -1.800 -1.908
185.542 60.00 61.7900 9.0 -1.790 -1.878
185.561 60.00 61.7900 9.0 -1.790 -1.878
185.583 60.00 61.8100 9.0 -1.811 -1.937
185.602 60.00 61.7800 9.0 -1.778 -1.842
185.623 60.00 61.7900 9.0 -1.792 -1.881
185.642 60.00 61.8000 9.0 -1.798 -1.900
185.663 60.00 61.8000 9.0 -1.799 -1.902
185.683 60.00 61.7900 9.0 -1.788 -1.871
185.702 60.00 61.8000 9.0 -1.794 -1.887
185.722 60.00 61.7900 9.0 -1.791 -1.878
185.741 60.00 61.7900 9.0 -1.794 -1.885
185.762 60.00 61.7900 9.0 -1.789 -1.871
185.781 60.00 61.8000 9.0 -1.803 -1.910
185.802 60.00 61.8000 9.0 -1.795 -1.888
185.821 60.00 61.8000 9.0 -1.798 -1.896
185.842 60.00 61.8100 9.0 -1.805 -1.916
185.861 60.00 61.8000 9.0 -1.797 -1.892
185.882 60.00 61.8000 9.0 -1.803 -1.909
185.901 60.00 61.8000 9.0 -1.799 -1.895
185.922 60.00 61.8100 9.0 -1.807 -1.919
185.941 60.00 61.7900 9.0 -1.792 -1.875
185.962 60.00 61.8000 9.0 -1.796 -1.887
185.982 60.00 61.8000 9.0 -1.795 -1.884
186.003 60.00 61.8000 9.0 -1.801 -1.901
186.022 60.00 61.8000 9.0 -1.797 -1.888
186.043 60.00 62.0100 9.0 -2.013 -2.492
186.062 60.00 61.8200 9.0 -1.818 -1.946
186.083 60.00 61.8100 9.0 -1.805 -1.908
186.102 60.00 61.7900 9.0 -1.789 -1.863
186.123 60.00 61.8100 9.0 -1.805 -1.907
186.141 60.00 61.7800 9.0 -1.780 -1.838
186.162 60.00 61.8200 9.0 -1.816 -1.937
186.182 60.00 61.8000 9.0 -1.800 -1.893
186.201 60.00 61.7900 9.0 -1.792 -1.869
186.223 60.00 61.7900 9.0 -1.790 -1.865
186.242 60.00 61.8000 9.0 -1.803 -1.901
186.263 60.00 61.8000 9.0 -1.795 -1.876
186.282 60.00 61.8100 9.0 -1.812 -1.923
186.303 60.00 61.7600 9.0 -1.754 -1.761
186.322 60.00 61.8000 9.0 -1.800 -1.890
186.343 60.00 61.8000 9.0 -1.798 -1.885
186.362 60.00 61.7900 9.0 -1.792 -1.868
186.384 60.00 61.8100 9.0 -1.809 -1.916
186.403 60.00 61.8200 9.0 -1.820 -1.946
186.424 60.00 61.8100 9.0 -1.804 -1.899
186.443 60.00 61.8000 9.0 -1.795 -1.874
186.464 60.00 61.8100 9.0 -1.809 -1.914
186.483 60.00 61.7900 9.0 -1.787 -1.850
186.504 60.00 61.6300 9.0 -1.627 -1.402
186.523 60.00 61.8200 9.0 -1.814 -1.928
186.544 60.00 61.8200 9.0 -1.815 -1.930
186.563 60.00 61.8000 9.0 -1.796 -1.876
186.583 60.00 61.8000 9.0 -1.803 -1.896
186.602 60.00 61.8000 9.0 -1.796 -1.874
186.623 60.00 61.8100 9.0 -1.805 -1.900
186.642 60.00 61.8100 9.0 -1.804 -1.897
186.663 60.00 61.8100 9.0 -1.806 -1.903
186.683 60.00 61.8100 9.0 -1.806 -1.903
186.703 60.00 61.8300 9.0 -1.831 -1.972
186.723 60.00 61.8100 9.0 -1.814 -1.922
186.742 60.00 61.8100 9.0 -1.814 -1.922
186.763 60.00 61.8100 9.0 -1.806 -1.900
186.782 60.00 61.8000 9.0 -1.802 -1.888
186.803 60.00 61.8100 9.0 -1.809 -1.909
186.822 60.00 61.8000 9.0 -1.803 -1.892
186.844 60.00 61.8200 9.0 -1.820 -1.937
186.863 60.00 61.8000 9.0 -1.802 -1.888
186.884 60.00 61.8000 9.0 -1.799 -1.879
186.903 60.00 61.8000 9.0 -1.802 -1.886
186.924 60.00 61.8100 9.0 -1.806 -1.897
186.943 60.00 61.8000 9.0 -1.803 -1.888
186.964 60.00 61.8100 9.0 -1.809 -1.905
186.983 60.00 61.8100 9.0 -1.805 -1.893
187.003 60.00 61.8200 9.0 -1.814 -1.918
187.022 60.00 61.8000 9.0 -1.803 -1.886
187.043 60.00 61.8200 9.0 -1.815 -1.920
187.062 60.00 61.8100 9.0 -1.804 -1.888
187.083 60.00 61.8200 9.0 -1.817 -1.924
187.102 60.00 61.8300 9.0 -1.831 -1.963
187.123 60.00 61.8200 9.0 -1.818 -1.927
187.142 60.00 61.8000 9.0 -1.803 -1.885
187.163 60.00 61.8200 9.0 -1.819 -1.928
187.183 60.00 61.8200 9.0 -1.815 -1.916
187.203 60.00 61.8100 9.0 -1.811 -1.906
187.223 60.00 61.8200 9.0 -1.818 -1.924
187.242 60.00 61.8300 9.0 -1.830 -1.957
187.265 60.00 61.8200 9.0 -1.818 -1.923
187.284 60.00 61.8400 9.0 -1.836 -1.975
187.305 60.00 61.8200 9.0 -1.823 -1.937
187.324 60.00 61.8200 9.0 -1.818 -1.922
187.345 60.00 61.8200 9.0 -1.814 -1.911
187.364 60.00 61.8200 9.0 -1.821 -1.931
187.385 60.00 61.8200 9.0 -1.822 -1.934
187.404 60.00 61.8300 9.0 -1.825 -1.940
187.425 60.00 61.8100 9.0 -1.811 -1.901
187.444 60.00 61.8100 9.0 -1.808 -1.893
187.464 60.00 61.8300 9.0 -1.830 -1.952
187.483 60.00 61.8200 9.0 -1.816 -1.914
187.504 60.00 61.8200 9.0 -1.819 -1.922
187.523 60.00 61.8100 9.0 -1.806 -1.886
187.544 60.00 61.8000 9.0 -1.800 -1.867
187.563 60.00 61.8200 9.0 -1.815 -1.910
187.584 60.00 61.8200 9.0 -1.816 -1.912
187.603 60.00 61.8200 9.0 -1.823 -1.931
187.624 60.00 61.8100 9.0 -1.812 -1.900
187.643 60.00 61.8300 9.0 -1.833 -1.959
187.664 60.00 61.8300 9.0 -1.833 -1.957
187.683 60.00 61.8300 9.0 -1.829 -1.945
187.704 60.00 61.8300 9.0 -1.828 -1.943
187.724 60.00 61.8100 9.0 -1.809 -1.889
187.745 60.00 61.8200 9.0 -1.814 -1.903
187.765 60.00 61.8200 9.0 -1.816 -1.908
187.784 60.00 61.2000 9.0 -1.195 -0.169
187.805 60.00 61.8300 9.0 -1.827 -1.941
187.824 60.00 61.8000 9.0 -1.795 -1.851
187.845 60.00 61.8400 9.0 -1.834 -1.962
187.864 60.00 61.8200 9.0 -1.817 -1.914
187.885 60.00 61.8200 9.0 -1.817 -1.912
187.904 60.00 61.8100 9.0 -1.813 -1.900
187.925 60.00 61.8200 9.0 -1.817 -1.911
187.943 60.00 62.3800 9.0 -2.374 -3.471
187.964 60.00 61.8200 9.0 -1.816 -1.904
187.983 60.00 61.8200 9.0 -1.821 -1.918
188.004 60.00 61.8200 9.0 -1.819 -1.912
188.023 60.00 61.8200 9.0 -1.820 -1.916
188.044 60.00 61.8200 9.0 -1.822 -1.920
188.063 60.00 61.8200 9.0 -1.820 -1.913
188.084 60.00 61.8200 9.0 -1.818 -1.907
188.103 60.00 61.8200 9.0 -1.817 -1.904
188.124 60.00 61.8300 9.0 -1.828 -1.935
188.143 60.00 61.8200 9.0 -1.820 -1.912
188.164 60.00 61.8200 9.0 -1.819 -1.909
188.184 60.00 61.8200 9.0 -1.815 -1.897
188.205 60.00 61.8200 9.0 -1.816 -1.900
188.224 60.00 61.8500 9.0 -1.845 -1.981
188.245 60.00 61.8300 9.0 -1.826 -1.926
188.265 60.00 61.8100 9.0 -1.812 -1.888
188.285 60.00 61.8200 9.0 -1.816 -1.899
188.304 60.00 61.8200 9.0 -1.815 -1.896
188.325 60.00 61.8100 9.0 -1.814 -1.891
188.345 60.00 61.8100 9.0 -1.808 -1.876
188.364 60.00 61.8300 9.0 -1.827 -1.928
188.385 60.00 61.8300 9.0 -1.831 -1.940
188.404 60.00 61.8300 9.0 -1.827 -1.926
188.425 60.00 61.8400 9.0 -1.837 -1.956
188.444 60.00 61.8200 9.0 -1.814 -1.890
188.465 60.00 61.8200 9.0 -1.818 -1.900
188.484 60.00 61.8200 9.0 -1.823 -1.914
188.505 60.00 61.8200 9.0 -1.819 -1.903
188.524 60.00 61.8300 9.0 -1.827 -1.926
188.545 60.00 61.8500 9.0 -1.846 -1.978
188.564 60.00 61.8200 9.0 -1.819 -1.903
188.585 60.00 61.8200 9.0 -1.822 -1.911
188.605 60.00 61.8200 9.0 -1.823 -1.913
188.626 60.00 61.8300 9.0 -1.825 -1.916
188.645 60.00 61.8200 9.0 -1.819 -1.900
188.666 60.00 61.8400 9.0 -1.834 -1.943
188.685 60.00 61.8300 9.0 -1.833 -1.939
188.705 60.00 61.8300 9.0 -1.825 -1.916
188.724 60.00 61.8100 9.0 -1.809 -1.871
188.745 60.00 61.8300 9.0 -1.829 -1.927
188.765 60.00 61.8300 9.0 -1.825 -1.915
188.784 60.00 61.8300 9.0 -1.833 -1.936
188.805 60.00 61.8400 9.0 -1.838 -1.952
188.824 60.00 61.8300 9.0 -1.827 -1.921
188.846 60.00 61.8300 9.0 -1.825 -1.913
188.865 60.00 61.8300 9.0 -1.825 -1.912
188.886 60.00 61.8300 9.0 -1.827 -1.920
188.905 60.00 61.8100 9.0 -1.809 -1.869
188.926 60.00 61.8400 9.0 -1.838 -1.948
188.945 60.00 61.8300 9.0 -1.827 -1.919
188.965 60.00 61.8300 9.0 -1.833 -1.933
188.984 60.00 61.8300 9.0 -1.832 -1.931
189.005 60.00 61.8300 9.0 -1.833 -1.932
189.024 60.00 61.8300 9.0 -1.829 -1.920
189.045 60.00 61.8300 9.0 -1.829 -1.920
189.064 60.00 61.8200 9.0 -1.821 -1.898
189.085 60.00 61.8400 9.0 -1.840 -1.950
189.104 60.00 61.8200 9.0 -1.822 -1.901
189.125 60.00 61.8300 9.0 -1.834 -1.933
189.144 60.00 61.8300 9.0 -1.832 -1.928
189.165 60.00 61.8400 9.0 -1.838 -1.945
189.184 60.00 61.8400 9.0 -1.838 -1.943
189.205 60.00 61.8300 9.0 -1.833 -1.928
189.224 60.00 61.8300 9.0 -1.825 -1.906
189.245 60.00 61.8300 9.0 -1.827 -1.912
189.265 60.00 61.8400 9.0 -1.841 -1.950
189.285 60.00 61.8300 9.0 -1.832 -1.925
189.307 60.00 61.8300 9.0 -1.832 -1.924
189.326 60.00 61.8200 9.0 -1.821 -1.893
189.347 60.00 61.8300 9.0 -1.828 -1.912
189.366 60.00 61.8300 9.0 -1.831 -1.920
189.387 60.00 61.8400 9.0 -1.834 -1.930
189.406 60.00 61.8400 9.0 -1.837 -1.938
189.427 60.00 61.8400 9.0 -1.840 -1.946
189.445 60.00 61.8400 9.0 -1.834 -1.928
189.466 60.00 61.8400 9.0 -1.843 -1.953
189.485 60.00 61.8300 9.0 -1.826 -1.903
189.506 60.00 61.8300 9.0 -1.829 -1.911
189.525 60.00 61.8400 9.0 -1.837 -1.934
189.546 60.00 61.8600 9.0 -1.859 -1.996
189.565 60.00 61.8300 9.0 -1.832 -1.920
189.586 60.00 61.8500 9.0 -1.845 -1.956
189.605 60.00 61.8300 9.0 -1.824 -1.896
189.626 60.00 61.8400 9.0 -1.842 -1.948
189.645 60.00 61.8500 9.0 -1.847 -1.960
189.666 60.00 61.8300 9.0 -1.832 -1.918
189.685 60.00 61.8400 9.0 -1.837 -1.932
189.707 60.00 61.8500 9.0 -1.844 -1.950
189.726 60.00 61.8400 9.0 -1.836 -1.928
189.747 60.00 61.8200 9.0 -1.823 -1.892
189.766 60.00 61.8400 9.0 -1.838 -1.932
189.787 60.00 61.8400 9.0 -1.840 -1.938
189.807 60.00 61.8400 9.0 -1.835 -1.925
189.826 60.00 61.8500 9.0 -1.846 -1.953
189.847 60.00 61.8600 9.0 -1.855 -1.978
189.865 60.00 61.8500 9.0 -1.849 -1.960
189.886 60.00 61.8300 9.0 -1.832 -1.913
189.905 60.00 61.8400 9.0 -1.835 -1.923
189.926 60.00 61.8400 9.0 -1.842 -1.942
189.945 60.00 61.8300 9.0 -1.833 -1.915
189.966 60.00 61.8300 9.0 -1.827 -1.899
189.985 60.00 61.8400 9.0 -1.835 -1.921
190.006 60.00 61.8500 9.0 -1.846 -1.949
190.025 60.00 61.8100 9.0 -1.804 -1.832
190.046 60.00 61.8400 9.0 -1.837 -1.926
190.065 60.00 61.8600 9.0 -1.855 -1.976
190.086 60.00 61.8400 9.0 -1.835 -1.918
190.106 60.00 61.8500 9.0 -1.850 -1.959
190.127 60.00 61.8300 9.0 -1.830 -1.904
190.146 60.00 61.8500 9.0 -1.846 -1.947
190.167 60.00 61.8200 9.0 -1.822 -1.880
190.186 60.00 61.8300 9.0 -1.833 -1.910
190.207 60.00 61.8400 9.0 -1.842 -1.937
190.226 60.00 61.8400 9.0 -1.840 -1.930
190.246 60.00 61.8500 9.0 -1.845 -1.942
190.266 60.00 61.8400 9.0 -1.841 -1.932
190.286 60.00 61.8600 9.0 -1.856 -1.975
190.306 60.00 61.8500 9.0 -1.848 -1.950
190.325 60.00 61.8300 9.0 -1.833 -1.907
190.347 60.00 61.7800 9.0 -1.778 -1.753
190.366 60.00 61.8400 9.0 -1.837 -1.920
190.387 60.00 61.8500 9.0 -1.844 -1.938
190.406 60.00 61.8400 9.0 -1.843 -1.937
190.427 60.00 61.8400 9.0 -1.837 -1.919
190.446 60.00 61.8500 9.0 -1.854 -1.965
190.467 60.00 61.8500 9.0 -1.846 -1.941
190.487 60.00 61.8400 9.0 -1.835 -1.911
190.508 60.00 61.8400 9.0 -1.843 -1.935
190.527 60.00 61.8300 9.0 -1.831 -1.900
190.548 60.00 61.8500 9.0 -1.846 -1.940
190.567 60.00 61.8500 9.0 -1.846 -1.940
190.588 60.00 61.8400 9.0 -1.843 -1.932
190.607 60.00 61.8400 9.0 -1.837 -1.914
190.628 60.00 61.8400 9.0 -1.840 -1.923
190.647 60.00 61.8600 9.0 -1.855 -1.966
190.667 60.00 61.8200 9.0 -1.820 -1.867
190.686 60.00 61.8500 9.0 -1.852 -1.955
190.707 60.00 61.8400 9.0 -1.842 -1.927
190.726 60.00 61.8500 9.0 -1.846 -1.937
190.747 60.00 61.8500 9.0 -1.853 -1.958
190.766 60.00 61.8500 9.0 -1.853 -1.956
190.787 60.00 61.8400 9.0 -1.840 -1.921
190.807 60.00 61.8500 9.0 -1.849 -1.946
190.826 60.00 61.8500 9.0 -1.848 -1.943
190.847 60.00 61.8500 9.0 -1.853 -1.955
190.866 60.00 61.8500 9.0 -1.844 -1.930
190.887 60.00 61.8500 9.0 -1.850 -1.947
190.907 60.00 61.8500 9.0 -1.844 -1.929
190.928 60.00 61.8500 9.0 -1.852 -1.950
190.947 60.00 61.8500 9.0 -1.848 -1.940
190.968 60.00 61.8400 9.0 -1.841 -1.920
190.987 60.00 61.8600 9.0 -1.860 -1.973
191.008 60.00 61.8500 9.0 -1.846 -1.933
191.027 60.00 61.8400 9.0 -1.843 -1.925
191.048 60.00 61.8800 9.0 -1.878 -2.021
191.066 60.00 61.8500 9.0 -1.846 -1.932
191.087 60.00 61.8500 9.0 -1.846 -1.932
191.106 60.00 61.8500 9.0 -1.852 -1.947
191.127 60.00 61.8500 9.0 -1.844 -1.925
191.146 60.00 61.8500 9.0 -1.848 -1.935
191.167 60.00 61.8500 9.0 -1.853 -1.950
191.186 60.00 61.8500 9.0 -1.852 -1.946
191.207 60.00 61.8500 9.0 -1.844 -1.923
191.226 60.00 61.8500 9.0 -1.849 -1.936
191.247 60.00 61.8600 9.0 -1.863 -1.976
191.267 60.00 61.8400 9.0 -1.842 -1.917
191.288 60.00 61.8500 9.0 -1.847 -1.930
191.308 60.00 61.8700 9.0 -1.867 -1.985
191.327 60.00 61.8500 9.0 -1.849 -1.934
191.349 60.00 61.8500 9.0 -1.851 -1.940
191.368 60.00 61.8600 9.0 -1.855 -1.953
191.389 60.00 61.8500 9.0 -1.851 -1.940
191.408 60.00 61.8400 9.0 -1.835 -1.894
191.429 60.00 61.8500 9.0 -1.852 -1.941
191.447 60.00 61.8500 9.0 -1.847 -1.927
191.468 60.00 61.8500 9.0 -1.848 -1.929
191.487 60.00 61.8500 9.0 -1.854 -1.946
191.508 60.00 61.8500 9.0 -1.851 -1.939
191.527 60.00 61.8400 9.0 -1.840 -1.908
191.548 60.00 61.8500 9.0 -1.853 -1.944
191.567 60.00 61.8500 9.0 -1.848 -1.927
191.588 60.00 61.8400 9.0 -1.837 -1.897
191.607 60.00 61.8500 9.0 -1.846 -1.921
191.628 60.00 61.8700 9.0 -1.865 -1.976
191.647 60.00 61.8600 9.0 -1.856 -1.949
191.669 60.00 61.5200 9.0 -1.521 -1.012
191.688 60.00 61.8500 9.0 -1.848 -1.930
191.709 60.00 61.7400 9.0 -1.740 -1.627
191.728 60.00 61.8500 9.0 -1.849 -1.932
191.749 60.00 61.8400 9.0 -1.843 -1.916
191.768 60.00 61.8700 9.0 -1.865 -1.977
191.789 60.00 61.8400 9.0 -1.840 -1.907
191.808 60.00 61.8400 9.0 -1.841 -1.908
191.828 60.00 61.8500 9.0 -1.851 -1.936
191.848 60.00 61.8600 9.0 -1.857 -1.953
191.867 60.00 61.8500 9.0 -1.849 -1.930
191.888 60.00 61.8500 9.0 -1.846 -1.921
191.907 60.00 61.8500 9.0 -1.853 -1.941
191.928 60.00 61.8500 9.0 -1.849 -1.929
191.947 60.00 61.8600 9.0 -1.862 -1.966
191.968 60.00 61.8500 9.0 -1.848 -1.924
191.987 60.00 61.8600 9.0 -1.859 -1.954
192.008 60.00 61.8500 9.0 -1.848 -1.923
192.027 60.00 61.8400 9.0 -1.841 -1.906
192.048 60.00 61.8500 9.0 -1.848 -1.923
192.068 60.00 61.8600 9.0 -1.855 -1.942
192.089 60.00 61.8500 9.0 -1.849 -1.927
192.108 60.00 61.8500 9.0 -1.848 -1.922
192.129 60.00 61.8500 9.0 -1.851 -1.931
192.148 60.00 61.8500 9.0 -1.853 -1.937
192.169 60.00 61.8600 9.0 -1.861 -1.957
192.187 60.00 61.8500 9.0 -1.848 -1.922
192.208 60.00 61.8600 9.0 -1.855 -1.940
192.227 60.00 61.8400 9.0 -1.843 -1.907
192.248 60.00 61.8500 9.0 -1.853 -1.935
192.267 60.00 61.8500 9.0 -1.846 -1.915
192.288 60.00 61.8400 9.0 -1.835 -1.885
192.308 60.00 61.8500 9.0 -1.846 -1.913
192.328 60.00 61.8600 9.0 -1.860 -1.953
192.348 60.00 61.8600 9.0 -1.859 -1.950
192.367 60.00 61.8600 9.0 -1.858 -1.947
192.389 60.00 61.8600 9.0 -1.856 -1.941
192.408 60.00 61.8600 9.0 -1.854 -1.936
192.429 60.00 61.8500 9.0 -1.850 -1.924
192.448 60.00 61.8700 9.0 -1.867 -1.970
192.470 60.00 61.8600 9.0 -1.859 -1.948
192.489 60.00 61.8500 9.0 -1.849 -1.920
192.510 60.00 61.8500 9.0 -1.848 -1.915
192.529 60.00 61.8500 9.0 -1.849 -1.918
192.550 60.00 61.8500 9.0 -1.845 -1.906
192.569 60.00 61.8600 9.0 -1.861 -1.952
192.590 60.00 61.8700 9.0 -1.866 -1.965
192.609 60.00 61.8600 9.0 -1.857 -1.940
192.630 60.00 61.8500 9.0 -1.849 -1.916
192.649 60.00 61.8500 9.0 -1.847 -1.912
192.670 60.00 61.8700 9.0 -1.868 -1.969
192.688 60.00 61.8400 9.0 -1.842 -1.898
192.709 60.00 61.8500 9.0 -1.851 -1.922
192.728 60.00 61.8500 9.0 -1.852 -1.925
192.749 60.00 61.8500 9.0 -1.851 -1.922
192.768 60.00 61.8600 9.0 -1.855 -1.931
192.789 60.00 61.8500 9.0 -1.847 -1.910
192.808 60.00 61.8600 9.0 -1.857 -1.937
192.829 60.00 61.8700 9.0 -1.868 -1.967
192.849 60.00 61.8600 9.0 -1.863 -1.953
192.869 60.00 62.5000 9.0 -2.495 -3.722
192.889 60.00 61.8600 9.0 -1.862 -1.946
192.908 60.00 61.8700 9.0 -1.872 -1.974
192.930 60.00 61.9200 9.0 -1.914 -2.091
192.949 60.00 61.8700 9.0 -1.869 -1.964
192.970 60.00 61.8900 9.0 -1.892 -2.027
192.989 60.00 61.8500 9.0 -1.851 -1.911
193.010 60.00 61.8600 9.0 -1.859 -1.934
193.029 60.00 61.8600 9.0 -1.859 -1.932
193.050 60.00 61.8600 9.0 -1.855 -1.922
193.068 60.00 61.8500 9.0 -1.853 -1.916
193.089 60.00 61.8700 9.0 -1.865 -1.950
193.108 60.00 61.8700 9.0 -1.866 -1.952
193.129 60.00 61.8600 9.0 -1.859 -1.931
193.148 60.00 61.8700 9.0 -1.865 -1.948
193.169 60.00 61.8500 9.0 -1.851 -1.909
193.188 60.00 61.8600 9.0 -1.855 -1.920
193.209 60.00 61.8600 9.0 -1.860 -1.933
193.228 60.00 61.8600 9.0 -1.859 -1.931
193.249 60.00 61.8700 9.0 -1.864 -1.945
193.268 60.00 61.8600 9.0 -1.859 -1.930
193.289 60.00 61.8800 9.0 -1.874 -1.972
193.308 60.00 61.8600 9.0 -1.862 -1.938
193.330 60.00 61.8700 9.0 -1.871 -1.963
193.349 60.00 61.8600 9.0 -1.856 -1.922
193.370 60.00 61.8700 9.0 -1.867 -1.952
193.390 60.00 61.8600 9.0 -1.862 -1.937
193.410 60.00 61.8600 9.0 -1.861 -1.932
193.431 60.00 61.8400 9.0 -1.839 -1.871
193.450 60.00 61.8600 9.0 -1.862 -1.937
193.471 60.00 61.8500 9.0 -1.848 -1.895
193.489 60.00 61.8700 9.0 -1.872 -1.965
193.510 60.00 61.8600 9.0 -1.860 -1.930
193.529 60.00 61.8700 9.0 -1.866 -1.947
193.550 60.00 61.8600 9.0 -1.854 -1.913
193.569 60.00 61.8700 9.0 -1.869 -1.953
193.590 60.00 61.8700 9.0 -1.865 -1.943
193.609 60.00 61.8700 9.0 -1.865 -1.941
193.630 60.00 61.8400 9.0 -1.836 -1.860
193.649 60.00 61.8600 9.0 -1.860 -1.928
193.670 60.00 61.8600 9.0 -1.859 -1.923
193.689 60.00 61.8500 9.0 -1.853 -1.909
193.710 60.00 61.8500 9.0 -1.850 -1.898
193.729 60.00 61.8600 9.0 -1.861 -1.928
193.750 60.00 61.8600 9.0 -1.864 -1.937
193.769 60.00 61.8700 9.0 -1.868 -1.949
193.791 60.00 61.8700 9.0 -1.868 -1.948
193.810 60.00 61.8500 9.0 -1.852 -1.904
193.831 60.00 61.8600 9.0 -1.859 -1.921
193.850 60.00 61.8700 9.0 -1.871 -1.956
193.871 60.00 61.8600 9.0 -1.862 -1.929
193.891 60.00 61.8600 9.0 -1.864 -1.935
193.910 60.00 61.8700 9.0 -1.873 -1.960
193.931 60.00 61.8700 9.0 -1.872 -1.958
193.950 60.00 61.8700 9.0 -1.871 -1.954
193.970 60.00 61.8700 9.0 -1.864 -1.935
193.989 60.00 61.8700 9.0 -1.872 -1.958
194.010 60.00 61.8700 9.0 -1.866 -1.940
194.029 60.00 61.8600 9.0 -1.864 -1.932
194.050 60.00 61.8800 9.0 -1.883 -1.985
194.069 60.00 61.8900 9.0 -1.887 -1.998
194.091 60.00 61.8700 9.0 -1.871 -1.952
194.110 60.00 61.8700 9.0 -1.872 -1.954
194.131 60.00 61.8800 9.0 -1.881 -1.978
194.150 60.00 61.8700 9.0 -1.868 -1.942
194.171 60.00 61.8800 9.0 -1.877 -1.966
194.190 60.00 61.8800 9.0 -1.879 -1.973
194.211 60.00 61.8800 9.0 -1.880 -1.974
194.229 60.00 61.8900 9.0 -1.891 -2.005
194.250 60.00 61.8800 9.0 -1.876 -1.963
194.269 60.00 61.8700 9.0 -1.873 -1.954
194.290 60.00 61.8800 9.0 -1.876 -1.962
194.309 60.00 61.8800 9.0 -1.877 -1.965
194.330 60.00 61.8800 9.0 -1.877 -1.963
194.349 60.00 61.8900 9.0 -1.886 -1.989
194.370 60.00 61.8700 9.0 -1.867 -1.935
194.390 60.00 61.8800 9.0 -1.881 -1.974
194.409 60.00 61.8700 9.0 -1.873 -1.951
194.431 60.00 61.8800 9.0 -1.879 -1.968
194.450 60.00 61.8800 9.0 -1.875 -1.957
194.471 60.00 61.8800 9.0 -1.874 -1.953
194.490 60.00 61.8800 9.0 -1.877 -1.961
194.512 60.00 61.8700 9.0 -1.867 -1.932
194.531 60.00 61.8800 9.0 -1.877 -1.960
194.552 60.00 61.8700 9.0 -1.872 -1.948
194.571 60.00 61.8800 9.0 -1.874 -1.953
194.592 60.00 61.8900 9.0 -1.886 -1.985
194.611 60.00 61.8800 9.0 -1.881 -1.970
194.632 60.00 61.8800 9.0 -1.883 -1.977
194.651 60.00 61.8600 9.0 -1.856 -1.900
194.672 60.00 61.8800 9.0 -1.883 -1.975
194.690 60.00 61.8700 9.0 -1.872 -1.944
194.711 60.00 61.8800 9.0 -1.878 -1.961
194.730 60.00 61.8800 9.0 -1.882 -1.972
194.751 60.00 61.8800 9.0 -1.879 -1.962
194.770 60.00 61.8900 9.0 -1.885 -1.979
194.791 60.00 61.8900 9.0 -1.887 -1.984
194.810 60.00 61.8900 9.0 -1.886 -1.981
194.831 60.00 61.8800 9.0 -1.883 -1.972
194.850 60.00 61.8800 9.0 -1.878 -1.957
194.871 60.00 61.8900 9.0 -1.889 -1.988
194.891 60.00 61.8900 9.0 -1.893 -2.000
194.911 60.00 61.8600 9.0 -1.859 -1.903
194.931 60.00 61.8900 9.0 -1.884 -1.973
194.951 60.00 61.8900 9.0 -1.891 -1.993
194.972 60.00 61.8800 9.0 -1.874 -1.945
194.991 60.00 61.8900 9.0 -1.890 -1.989
195.012 60.00 61.8900 9.0 -1.887 -1.980
195.031 60.00 61.8700 9.0 -1.872 -1.940
195.052 60.00 61.8800 9.0 -1.875 -1.947
195.071 60.00 61.9000 9.0 -1.901 -2.020
195.092 60.00 61.8800 9.0 -1.882 -1.966
195.110 60.00 61.8700 9.0 -1.870 -1.931
195.131 60.00 61.8200 9.0 -1.816 -1.779
195.150 60.00 61.8800 9.0 -1.883 -1.967
195.171 60.00 61.8800 9.0 -1.882 -1.964
195.190 60.00 61.8800 9.0 -1.883 -1.966
195.211 60.00 61.8900 9.0 -1.885 -1.972
195.230 60.00 61.8900 9.0 -1.890 -1.985
195.251 60.00 61.8800 9.0 -1.880 -1.958
195.270 60.00 61.9000 9.0 -1.895 -1.998
195.291 60.00 61.8900 9.0 -1.885 -1.970
195.310 60.00 61.8900 9.0 -1.885 -1.970
195.331 60.00 61.8700 9.0 -1.872 -1.934
195.350 60.00 61.8800 9.0 -1.876 -1.945
195.372 60.00 61.8800 9.0 -1.878 -1.949
195.391 60.00 61.8800 9.0 -1.881 -1.959
195.412 60.00 61.8900 9.0 -1.892 -1.989
195.432 60.00 61.8800 9.0 -1.880 -1.955
195.451 60.00 61.9100 9.0 -1.904 -2.023
195.473 60.00 61.8800 9.0 -1.877 -1.945
195.491 60.00 61.8900 9.0 -1.886 -1.972
195.512 60.00 61.8700 9.0 -1.870 -1.925
195.531 60.00 61.8900 9.0 -1.893 -1.990
195.552 60.00 61.8800 9.0 -1.881 -1.955
195.571 60.00 61.8900 9.0 -1.886 -1.970
195.592 60.00 61.8900 9.0 -1.890 -1.979
195.611 60.00 61.8800 9.0 -1.878 -1.946
195.632 60.00 61.8700 9.0 -1.870 -1.924
195.651 60.00 61.8900 9.0 -1.887 -1.971
195.672 60.00 61.9000 9.0 -1.895 -1.993
195.691 60.00 61.9000 9.0 -1.901 -2.010
195.712 60.00 61.8800 9.0 -1.877 -1.941
195.731 60.00 61.9000 9.0 -1.896 -1.994
195.753 60.00 61.9000 9.0 -1.895 -1.991
195.772 60.00 61.9000 9.0 -1.896 -1.994
195.793 60.00 61.8900 9.0 -1.893 -1.984
195.812 60.00 61.8800 9.0 -1.876 -1.937
195.833 60.00 61.8800 9.0 -1.875 -1.935
195.852 60.00 61.8800 9.0 -1.882 -1.953
195.873 60.00 61.9000 9.0 -1.895 -1.990
195.892 60.00 61.8900 9.0 -1.891 -1.978
195.913 60.00 61.9000 9.0 -1.901 -2.007
195.932 60.00 61.8800 9.0 -1.874 -1.931
195.951 60.00 61.9000 9.0 -1.896 -1.990
195.972 60.00 61.9000 9.0 -1.895 -1.987
195.991 60.00 61.8800 9.0 -1.883 -1.954
196.012 60.00 61.8800 9.0 -1.875 -1.933
196.031 60.00 61.8900 9.0 -1.893 -1.982
196.052 60.00 61.6500 9.0 -1.649 -1.297
196.071 60.00 61.9100 9.0 -1.909 -2.028
196.092 60.00 61.8900 9.0 -1.888 -1.969
196.111 60.00 61.9000 9.0 -1.895 -1.987
196.132 60.00 61.8900 9.0 -1.887 -1.965
196.151 60.00 61.8900 9.0 -1.884 -1.956
196.173 60.00 61.8900 9.0 -1.889 -1.969
196.192 60.00 61.8900 9.0 -1.887 -1.965
196.213 60.00 61.8900 9.0 -1.889 -1.968
196.232 60.00 61.9000 9.0 -1.897 -1.992
196.253 60.00 61.8900 9.0 -1.885 -1.956
196.272 60.00 61.8800 9.0 -1.878 -1.937
196.293 60.00 61.8900 9.0 -1.889 -1.967
196.312 60.00 61.9000 9.0 -1.902 -2.003
196.332 60.00 61.8800 9.0 -1.874 -1.924
196.351 60.00 61.8900 9.0 -1.893 -1.978
196.372 60.00 61.9100 9.0 -1.913 -2.034
196.391 60.00 61.8900 9.0 -1.887 -1.960
196.412 60.00 61.8900 9.0 -1.890 -1.967
196.432 60.00 61.8800 9.0 -1.875 -1.927
196.451 60.00 61.8900 9.0 -1.891 -1.972
196.473 60.00 61.9000 9.0 -1.901 -1.998
196.492 60.00 61.9000 9.0 -1.895 -1.980
196.513 60.00 61.8900 9.0 -1.885 -1.952
196.532 60.00 61.8900 9.0 -1.890 -1.966
196.553 60.00 61.8900 9.0 -1.886 -1.956
196.572 60.00 61.8900 9.0 -1.886 -1.956
196.594 60.00 61.9000 9.0 -1.898 -1.987
196.613 60.00 61.8800 9.0 -1.883 -1.945
196.634 60.00 61.9000 9.0 -1.900 -1.994
196.653 60.00 61.9000 9.0 -1.895 -1.978
196.674 60.00 61.9100 9.0 -1.905 -2.008
196.693 60.00 61.8900 9.0 -1.886 -1.954
196.714 60.00 61.9000 9.0 -1.898 -1.985
196.733 60.00 61.8800 9.0 -1.881 -1.937
196.754 60.00 61.9000 9.0 -1.903 -1.999
196.772 60.00 61.9000 9.0 -1.903 -1.999
196.793 60.00 61.8900 9.0 -1.887 -1.955
196.812 60.00 61.9000 9.0 -1.897 -1.983
196.833 60.00 61.9100 9.0 -1.904 -2.000
196.852 60.00 61.9000 9.0 -1.896 -1.979
196.873 60.00 61.9000 9.0 -1.903 -1.997
196.892 60.00 61.8600 9.0 -1.856 -1.867
196.913 60.00 61.9000 9.0 -1.899 -1.985
196.933 60.00 61.8900 9.0 -1.894 -1.970
196.953 60.00 61.9100 9.0 -1.904 -1.999
196.973 60.00 61.9000 9.0 -1.899 -1.985
196.992 60.00 61.9000 9.0 -1.897 -1.978
197.013 60.00 61.9100 9.0 -1.911 -2.019
197.033 60.00 61.9000 9.0 -1.899 -1.983
197.054 60.00 61.9100 9.0 -1.908 -2.009
197.073 60.00 61.9000 9.0 -1.903 -1.995
197.094 60.00 61.9100 9.0 -1.907 -2.005
197.113 60.00 61.9500 9.0 -1.949 -2.123
197.134 60.00 61.9000 9.0 -1.895 -1.970
197.153 60.00 61.9100 9.0 -1.906 -2.001
197.174 60.00 61.9100 9.0 -1.913 -2.021
197.192 60.00 61.9200 9.0 -1.915 -2.024
197.213 60.00 61.9100 9.0 -1.904 -1.993
197.232 60.00 61.9100 9.0 -1.912 -2.017
197.253 60.00 61.9100 9.0 -1.913 -2.019
197.272 60.00 61.9200 9.0 -1.918 -2.033
197.293 60.00 61.9200 9.0 -1.915 -2.022
197.312 60.00 61.9100 9.0 -1.906 -1.999
197.333 60.00 61.9000 9.0 -1.902 -1.985
197.352 60.00 61.9100 9.0 -1.909 -2.005
197.373 60.00 61.9000 9.0 -1.895 -1.965
197.392 60.00 61.9000 9.0 -1.897 -1.972
197.413 60.00 61.9100 9.0 -1.906 -1.997
197.433 60.00 61.9100 9.0 -1.911 -2.008
197.454 60.00 61.9000 9.0 -1.896 -1.966
197.474 60.00 61.8800 9.0 -1.880 -1.921
197.493 60.00 61.8800 9.0 -1.877 -1.912
197.515 60.00 61.9000 9.0 -1.898 -1.971
197.534 60.00 61.9000 9.0 -1.896 -1.965
197.555 60.00 61.9100 9.0 -1.909 -2.002
197.573 60.00 61.9100 9.0 -1.911 -2.006
197.594 60.00 61.9000 9.0 -1.903 -1.986
197.613 60.00 61.9000 9.0 -1.903 -1.986
197.634 60.00 61.9000 9.0 -1.903 -1.985
197.653 60.00 61.9300 9.0 -1.927 -2.051
197.674 60.00 61.9000 9.0 -1.902 -1.981
197.693 60.00 61.8900 9.0 -1.891 -1.949
197.714 60.00 61.9000 9.0 -1.896 -1.962
197.733 60.00 61.9100 9.0 -1.909 -1.998
197.754 60.00 61.9000 9.0 -1.900 -1.973
197.773 60.00 61.9000 9.0 -1.898 -1.967
197.794 60.00 61.8900 9.0 -1.890 -1.945
197.813 60.00 61.9000 9.0 -1.902 -1.978
197.834 60.00 61.9200 9.0 -1.922 -2.035
197.854 60.00 61.9000 9.0 -1.900 -1.971
197.875 60.00 61.9200 9.0 -1.923 -2.036
197.894 60.00 61.9100 9.0 -1.911 -2.001
197.915 60.00 61.9200 9.0 -1.914 -2.011
197.934 60.00 61.9000 9.0 -1.894 -1.954
197.955 60.00 61.9100 9.0 -1.910 -1.999
197.974 60.00 61.9000 9.0 -1.899 -1.966
197.995 60.00 61.9000 9.0 -1.899 -1.966
198.014 60.00 61.9000 9.0 -1.895 -1.955
198.033 60.00 61.9000 9.0 -1.900 -1.970
198.054 60.00 61.8800 9.0 -1.877 -1.903
198.073 60.00 61.8900 9.0 -1.891 -1.944
198.094 60.00 61.9000 9.0 -1.898 -1.963
198.113 60.00 61.9000 9.0 -1.901 -1.972
198.134 60.00 61.9100 9.0 -1.910 -1.997
198.153 60.00 61.9200 9.0 -1.918 -2.019
198.174 60.00 61.9100 9.0 -1.904 -1.978
198.193 60.00 61.9000 9.0 -1.900 -1.968
198.214 60.00 61.9000 9.0 -1.896 -1.956
198.233 60.00 61.9100 9.0 -1.905 -1.980
198.255 60.00 61.8500 9.0 -1.851 -1.830
198.274 60.00 61.9200 9.0 -1.919 -2.019
198.295 60.00 61.9000 9.0 -1.902 -1.972
198.314 60.00 61.9200 9.0 -1.917 -2.014
198.335 60.00 61.9100 9.0 -1.907 -1.985
198.354 60.00 61.9100 9.0 -1.909 -1.989
198.375 60.00 61.9100 9.0 -1.906 -1.983
198.393 60.00 61.9100 9.0 -1.911 -1.995
198.414 60.00 61.9100 9.0 -1.909 -1.988
198.433 60.00 61.9000 9.0 -1.896 -1.953
198.454 60.00 61.9100 9.0 -1.912 -1.998
198.474 60.00 61.8900 9.0 -1.891 -1.938
198.494 60.00 61.9000 9.0 -1.895 -1.949
198.514 60.00 61.9100 9.0 -1.913 -2.000
198.534 60.00 61.9000 9.0 -1.894 -1.946
198.555 60.00 61.9000 9.0 -1.903 -1.970
198.574 60.00 61.9100 9.0 -1.906 -1.978
198.595 60.00 61.9100 9.0 -1.906 -1.978
198.614 60.00 61.9200 9.0 -1.920 -2.018
198.635 60.00 61.9100 9.0 -1.906 -1.979
198.654 60.00 61.9000 9.0 -1.901 -1.964
198.676 60.00 61.9200 9.0 -1.922 -2.023
198.695 60.00 61.8900 9.0 -1.891 -1.935
198.716 60.00 61.9100 9.0 -1.904 -1.970
198.735 60.00 61.9100 9.0 -1.912 -1.994
198.756 60.00 61.9200 9.0 -1.915 -2.000
198.775 60.00 61.9200 9.0 -1.917 -2.006
198.795 60.00 61.9100 9.0 -1.906 -1.976
198.814 60.00 61.9100 9.0 -1.910 -1.987
198.835 60.00 61.9100 9.0 -1.909 -1.983
198.854 60.00 61.9100 9.0 -1.911 -1.989
198.875 60.00 61.9200 9.0 -1.916 -2.001
198.894 60.00 61.9100 9.0 -1.914 -1.995
198.915 60.00 61.9200 9.0 -1.920 -2.012
198.934 60.00 61.9100 9.0 -1.911 -1.988
198.955 60.00 61.9200 9.0 -1.919 -2.010
198.974 60.00 61.9100 9.0 -1.906 -1.974
198.995 60.00 61.9300 9.0 -1.930 -2.038
199.016 60.00 61.9300 9.0 -1.924 -2.023
199.035 60.00 61.9200 9.0 -1.922 -2.016
199.056 60.00 61.9200 9.0 -1.918 -2.004
199.075 60.00 61.9200 9.0 -1.917 -2.000
199.096 60.00 61.9200 9.0 -1.924 -2.019
199.115 60.00 61.9100 9.0 -1.911 -1.985
199.136 60.00 61.9200 9.0 -1.921 -2.013
199.155 60.00 61.9300 9.0 -1.929 -2.034
199.175 60.00 61.9200 9.0 -1.921 -2.010
199.194 60.00 61.9100 9.0 -1.907 -1.972
199.215 60.00 61.9100 9.0 -1.912 -1.986
199.234 60.00 61.9100 9.0 -1.911 -1.980
199.255 60.00 61.9000 9.0 -1.898 -1.944
199.274 60.00 61.9200 9.0 -1.917 -1.997
199.295 60.00 61.9300 9.0 -1.925 -2.022
199.314 60.00 61.9300 9.0 -1.931 -2.037
199.336 60.00 61.9300 9.0 -1.928 -2.028
199.354 60.00 61.9200 9.0 -1.922 -2.011
199.375 60.00 61.9200 9.0 -1.924 -2.014
199.394 60.00 61.9300 9.0 -1.929 -2.028
199.415 60.00 61.9100 9.0 -1.908 -1.970
199.434 60.00 61.9100 9.0 -1.914 -1.986
199.455 60.00 61.9100 9.0 -1.911 -1.977
199.474 60.00 61.9200 9.0 -1.916 -1.992
199.495 60.00 61.9200 9.0 -1.919 -2.000
199.515 60.00 61.9100 9.0 -1.910 -1.975
199.534 60.00 61.9200 9.0 -1.914 -1.986
199.557 60.00 61.9200 9.0 -1.915 -1.989
199.576 60.00 61.9200 9.0 -1.919 -1.999
199.597 60.00 61.9200 9.0 -1.919 -1.998
199.616 60.00 61.9300 9.0 -1.931 -2.032
199.637 60.00 61.9300 9.0 -1.927 -2.020
199.655 60.00 61.9200 9.0 -1.923 -2.009
199.676 60.00 61.9300 9.0 -1.927 -2.019
199.695 60.00 61.9200 9.0 -1.915 -1.985
199.716 60.00 61.9200 9.0 -1.921 -2.002
199.735 60.00 61.9300 9.0 -1.926 -2.017
199.756 60.00 61.9200 9.0 -1.922 -2.005
199.775 60.00 61.9100 9.0 -1.911 -1.972
199.796 60.00 61.9200 9.0 -1.919 -1.995
199.815 60.00 61.9300 9.0 -1.932 -2.030
199.836 60.00 61.9100 9.0 -1.909 -1.967
199.855 60.00 61.9200 9.0 -1.916 -1.986
199.877 60.00 61.9200 9.0 -1.921 -2.001
199.896 60.00 61.9200 9.0 -1.919 -1.994
199.917 60.00 61.9200 9.0 -1.916 -1.986
199.936 60.00 61.9100 9.0 -1.911 -1.972
199.957 60.00 61.9300 9.0 -1.928 -2.018
199.976 60.00 61.9100 9.0 -1.909 -1.965
199.997 60.00 61.9300 9.0 -1.927 -2.014
200.016 60.00 61.9100 9.0 -1.911 -1.970
200.037 60.00 61.9000 9.0 -1.903 -1.946
200.056 60.00 61.9200 9.0 -1.921 -1.997
200.075 60.00 61.9200 9.0 -1.914 -1.978
200.096 60.00 61.9300 9.0 -1.924 -2.006
200.115 60.00 61.9100 9.0 -1.913 -1.973
200.136 60.00 61.9400 9.0 -1.937 -2.042
200.155 60.00 61.9100 9.0 -1.913 -1.974
200.176 60.00 61.9200 9.0 -1.921 -1.995
200.195 60.00 61.9200 9.0 -1.919 -1.989
200.216 60.00 61.9300 9.0 -1.928 -2.015
200.235 60.00 61.9300 9.0 -1.926 -2.010
200.256 60.00 61.9400 9.0 -1.934 -2.030
200.276 60.00 61.9400 9.0 -1.940 -2.047
200.297 60.00 61.9400 9.0 -1.934 -2.030
200.316 60.00 61.9400 9.0 -1.940 -2.046
200.337 60.00 61.9300 9.0 -1.933 -2.027
200.356 60.00 61.9400 9.0 -1.937 -2.038
200.377 60.00 61.9500 9.0 -1.944 -2.056
200.396 60.00 61.9400 9.0 -1.939 -2.042
200.416 60.00 61.9400 9.0 -1.938 -2.038
200.435 60.00 61.9500 9.0 -1.947 -2.063
200.456 60.00 61.9700 9.0 -1.967 -2.118
200.475 60.00 61.9400 9.0 -1.942 -2.047
200.496 60.00 61.9200 9.0 -1.918 -1.980
200.516 60.00 61.9400 9.0 -1.939 -2.039
200.536 60.00 61.9300 9.0 -1.933 -2.023
200.556 60.00 61.9400 9.0 -1.944 -2.051
200.575 60.00 61.9400 9.0 -1.942 -2.046
200.597 60.00 61.9300 9.0 -1.929 -2.010
200.616 60.00 61.9300 9.0 -1.929 -2.008
200.637 60.00 61.9300 9.0 -1.932 -2.018
200.657 60.00 61.9200 9.0 -1.917 -1.976
200.678 60.00 61.9200 9.0 -1.924 -1.993
200.697 60.00 61.9300 9.0 -1.925 -1.998
200.718 60.00 61.9300 9.0 -1.926 -2.001
200.737 60.00 61.9300 9.0 -1.933 -2.019
200.758 60.00 61.9400 9.0 -1.940 -2.039
200.777 60.00 61.9300 9.0 -1.931 -2.013
200.797 60.00 61.9300 9.0 -1.931 -2.012
200.816 60.00 61.9400 9.0 -1.937 -2.028
200.837 60.00 61.9300 9.0 -1.927 -2.000
200.856 60.00 61.9200 9.0 -1.914 -1.964
200.877 60.00 61.9400 9.0 -1.934 -2.020
200.896 60.00 61.9300 9.0 -1.932 -2.012
200.917 60.00 61.9400 9.0 -1.937 -2.028
200.936 60.00 61.9200 9.0 -1.919 -1.977
200.957 60.00 61.9300 9.0 -1.924 -1.990
200.976 60.00 61.9300 9.0 -1.927 -1.999
200.997 60.00 61.9300 9.0 -1.924 -1.991
201.016 60.00 61.9300 9.0 -1.932 -2.012
201.038 60.00 61.9400 9.0 -1.937 -2.025
201.057 60.00 61.9200 9.0 -1.922 -1.983
201.076 60.00 61.9300 9.0 -1.925 -1.992
201.098 60.00 61.9300 9.0 -1.932 -2.009
201.117 60.00 61.9200 9.0 -1.922 -1.982
201.138 60.00 61.9300 9.0 -1.928 -1.999
201.157 60.00 61.9300 9.0 -1.933 -2.012
201.178 60.00 61.9400 9.0 -1.935 -2.018
201.197 60.00 61.9500 9.0 -1.950 -2.058
201.218 60.00 61.9300 9.0 -1.930 -2.002
201.237 60.00 61.9400 9.0 -1.943 -2.038
201.258 60.00 61.9300 9.0 -1.930 -2.003
201.276 60.00 61.9300 9.0 -1.929 -1.999
201.297 60.00 61.9400 9.0 -1.936 -2.019
201.316 60.00 61.9300 9.0 -1.929 -1.999
201.337 60.00 61.9000 9.0 -1.902 -1.923
201.356 60.00 61.9400 9.0 -1.935 -2.016
201.377 60.00 61.9400 9.0 -1.939 -2.026
201.396 60.00 61.9200 9.0 -1.922 -1.978
201.417 60.00 61.9400 9.0 -1.935 -2.015
201.436 60.00 61.9200 9.0 -1.920 -1.971
201.457 60.00 61.9800 9.0 -1.978 -2.133
201.476 60.00 61.9500 9.0 -1.950 -2.054
201.498 60.00 61.9300 9.0 -1.933 -2.008
201.517 60.00 61.9400 9.0 -1.941 -2.029
201.538 60.00 61.9500 9.0 -1.949 -2.052
201.558 60.00 61.9400 9.0 -1.935 -2.011
201.577 60.00 61.9300 9.0 -1.927 -1.988
201.599 60.00 61.9400 9.0 -1.939 -2.022
201.618 60.00 61.9500 9.0 -1.949 -2.050
201.639 60.00 61.9500 9.0 -1.950 -2.053
201.657 60.00 61.9300 9.0 -1.931 -1.998
201.678 60.00 61.9400 9.0 -1.934 -2.006
201.697 60.00 61.9400 9.0 -1.940 -2.023
201.718 60.00 61.9500 9.0 -1.945 -2.035
201.737 60.00 61.9400 9.0 -1.941 -2.025
201.758 60.00 61.9400 9.0 -1.935 -2.007
201.777 60.00 61.9400 9.0 -1.935 -2.008
201.798 60.00 61.9200 9.0 -1.922 -1.972
201.817 60.00 61.9400 9.0 -1.940 -2.022
201.839 60.00 61.9300 9.0 -1.932 -1.999
201.858 60.00 61.9400 9.0 -1.938 -2.015
201.879 60.00 61.9500 9.0 -1.951 -2.051
201.898 60.00 61.9300 9.0 -1.929 -1.988
201.919 60.00 61.9400 9.0 -1.942 -2.024
201.938 60.00 61.9500 9.0 -1.949 -2.045
201.959 60.00 61.9500 9.0 -1.945 -2.034
201.977 60.00 61.9500 9.0 -1.952 -2.053
201.998 60.00 61.9400 9.0 -1.944 -2.028
202.017 60.00 61.9700 9.0 -1.966 -2.090
202.038 60.00 61.9700 9.0 -1.968 -2.095
202.058 60.00 61.9600 9.0 -1.956 -2.061
202.078 60.00 61.9500 9.0 -1.952 -2.049
202.098 60.00 61.9600 9.0 -1.954 -2.057
202.117 60.00 61.9600 9.0 -1.956 -2.062
202.138 60.00 61.9500 9.0 -1.945 -2.028
202.157 60.00 61.9500 9.0 -1.946 -2.032
202.178 60.00 61.9700 9.0 -1.971 -2.101
202.197 60.00 61.9500 9.0 -1.944 -2.025
202.218 60.00 61.9500 9.0 -1.953 -2.050
202.237 60.00 61.9500 9.0 -1.949 -2.039
202.259 60.00 61.9600 9.0 -1.956 -2.057
202.278 60.00 61.9500 9.0 -1.947 -2.031
202.299 60.00 61.9500 9.0 -1.952 -2.047
202.318 60.00 61.9500 9.0 -1.947 -2.031
202.339 60.00 61.9600 9.0 -1.964 -2.077
202.358 60.00 61.9500 9.0 -1.950 -2.040
202.379 60.00 61.9500 9.0 -1.953 -2.048
202.398 60.00 61.9500 9.0 -1.949 -2.036
202.419 60.00 61.9600 9.0 -1.963 -2.075
202.437 60.00 61.9500 9.0 -1.948 -2.031
202.458 60.00 61.9500 9.0 -1.944 -2.020
202.477 60.00 61.9500 9.0 -1.946 -2.026
202.498 60.00 61.9600 9.0 -1.961 -2.068
202.517 60.00 61.9600 9.0 -1.960 -2.064
202.538 60.00 61.9600 9.0 -1.958 -2.058
202.558 60.00 61.9500 9.0 -1.945 -2.021
202.578 60.00 61.9500 9.0 -1.948 -2.031
202.598 60.00 61.9600 9.0 -1.964 -2.073
202.617 60.00 61.9600 9.0 -1.964 -2.072
202.640 60.00 61.9600 9.0 -1.961 -2.065
202.659 60.00 61.9700 9.0 -1.965 -2.076
202.680 60.00 61.9700 9.0 -1.973 -2.097
202.699 60.00 61.9500 9.0 -1.945 -2.020
202.720 60.00 61.9600 9.0 -1.960 -2.059
202.739 60.00 61.9700 9.0 -1.968 -2.081
202.760 60.00 61.9500 9.0 -1.951 -2.035
202.779 60.00 61.9700 9.0 -1.965 -2.072
202.800 60.00 61.9600 9.0 -1.954 -2.041
202.818 60.00 61.9600 9.0 -1.962 -2.064
202.839 60.00 61.9700 9.0 -1.964 -2.070
202.858 60.00 61.9500 9.0 -1.948 -2.025
202.879 60.00 61.9600 9.0 -1.956 -2.047
202.898 60.00 61.9600 9.0 -1.964 -2.067
202.919 60.00 61.9700 9.0 -1.968 -2.078
202.938 60.00 61.9600 9.0 -1.962 -2.060
202.959 60.00 61.9600 9.0 -1.960 -2.056
202.978 60.00 61.9500 9.0 -1.950 -2.026
202.999 60.00 61.9700 9.0 -1.972 -2.089
203.019 60.00 61.9700 9.0 -1.972 -2.088
203.040 60.00 61.9800 9.0 -1.979 -2.108
203.059 60.00 61.9700 9.0 -1.970 -2.082
203.080 60.00 61.9600 9.0 -1.961 -2.056
203.099 60.00 61.9500 9.0 -1.953 -2.032
203.120 60.00 61.9700 9.0 -1.973 -2.090
203.140 60.00 61.9400 9.0 -1.940 -1.995
203.159 60.00 61.9600 9.0 -1.959 -2.049
203.179 60.00 61.9600 9.0 -1.964 -2.061
203.199 60.00 61.9700 9.0 -1.966 -2.068
203.219 60.00 61.9600 9.0 -1.963 -2.059
203.238 60.00 61.9600 9.0 -1.963 -2.057
203.259 60.00 61.9700 9.0 -1.966 -2.067
203.278 60.00 61.9700 9.0 -1.968 -2.073
203.299 60.00 61.9500 9.0 -1.952 -2.027
203.318 60.00 61.9700 9.0 -1.964 -2.060
203.339 60.00 61.9800 9.0 -1.979 -2.100
203.358 60.00 61.9600 9.0 -1.960 -2.049
203.379 60.00 61.9700 9.0 -1.972 -2.080
203.398 60.00 61.9600 9.0 -1.963 -2.055
203.419 60.00 62.1900 9.0 -2.191 -2.692
203.438 60.00 61.9700 9.0 -1.972 -2.079
203.460 60.00 61.9600 9.0 -1.954 -2.027
203.479 60.00 61.9600 9.0 -1.960 -2.045
203.500 60.00 61.9700 9.0 -1.968 -2.065
203.519 60.00 61.9600 9.0 -1.958 -2.037
203.540 60.00 61.9700 9.0 -1.968 -2.066
203.559 60.00 61.9600 9.0 -1.960 -2.041
203.580 60.00 61.9600 9.0 -1.958 -2.035
203.599 60.00 61.9600 9.0 -1.956 -2.030
203.619 60.00 61.9600 9.0 -1.954 -2.024
203.639 60.00 61.9600 9.0 -1.961 -2.044
203.659 60.00 61.9600 9.0 -1.958 -2.037
203.680 60.00 61.9600 9.0 -1.958 -2.036
203.699 60.00 61.9700 9.0 -1.970 -2.068
203.720 60.00 61.9700 9.0 -1.967 -2.059
203.739 60.00 61.9700 9.0 -1.973 -2.075
203.760 60.00 61.9600 9.0 -1.956 -2.029
203.779 60.00 61.9700 9.0 -1.968 -2.060
203.800 60.00 61.9500 9.0 -1.948 -2.006
203.819 60.00 61.9600 9.0 -1.964 -2.048
203.841 60.00 61.9600 9.0 -1.962 -2.044
203.860 60.00 61.9600 9.0 -1.957 -2.029
203.881 60.00 61.9600 9.0 -1.957 -2.028
203.900 60.00 61.9400 9.0 -1.943 -1.989
203.921 60.00 61.9400 9.0 -1.940 -1.982
203.940 60.00 61.9500 9.0 -1.950 -2.009
203.961 60.00 61.9700 9.0 -1.964 -2.048
203.980 60.00 61.9500 9.0 -1.952 -2.014
204.000 60.00 61.9600 9.0 -1.963 -2.043
204.019 60.00 61.9900 9.0 -1.990 -2.120
204.040 60.00 61.9700 9.0 -1.965 -2.049
204.059 60.00 61.9700 9.0 -1.970 -2.062
204.080 60.00 61.9600 9.0 -1.958 -2.030
204.099 60.00 61.9700 9.0 -1.968 -2.057
204.120 60.00 61.9600 9.0 -1.956 -2.023
204.140 60.00 61.9600 9.0 -1.955 -2.019
204.159 60.00 61.9700 9.0 -1.965 -2.046
204.180 60.00 61.9600 9.0 -1.962 -2.037
204.200 60.00 61.9600 9.0 -1.954 -2.017
204.221 60.00 61.9500 9.0 -1.952 -2.011
204.240 60.00 61.9600 9.0 -1.957 -2.023
204.261 60.00 61.9600 9.0 -1.955 -2.019
204.280 60.00 61.9400 9.0 -1.938 -1.969
204.301 60.00 61.9500 9.0 -1.952 -2.010
204.319 60.00 61.9600 9.0 -1.954 -2.015
204.340 60.00 61.9500 9.0 -1.952 -2.009
204.359 60.00 61.9600 9.0 -1.960 -2.029
204.380 60.00 61.9600 9.0 -1.955 -2.017
204.399 60.00 61.9600 9.0 -1.962 -2.034
204.420 60.00 61.9700 9.0 -1.968 -2.051
204.439 60.00 61.9500 9.0 -1.949 -1.998
204.460 60.00 61.9500 9.0 -1.952 -2.008
204.479 60.00 61.9300 9.0 -1.933 -1.953
204.501 60.00 63.0300 9.0 -3.033 -5.034
204.520 60.00 61.9700 9.0 -1.967 -2.041
204.541 60.00 61.9500 9.0 -1.944 -1.976
204.560 60.00 61.9600 9.0 -1.957 -2.012
204.581 60.00 61.9600 9.0 -1.962 -2.026
204.599 60.00 61.9700 9.0 -1.964 -2.032
204.620 60.00 61.9900 9.0 -1.985 -2.089
204.640 60.00 61.9700 9.0 -1.965 -2.032
204.659 60.00 61.9700 9.0 -1.973 -2.056
204.682 60.00 61.9700 9.0 -1.968 -2.040
204.700 60.00 61.9700 9.0 -1.967 -2.038
204.722 60.00 61.9700 9.0 -1.968 -2.039
204.741 60.00 61.9600 9.0 -1.964 -2.028
204.762 60.00 61.9800 9.0 -1.983 -2.081
204.781 60.00 61.9700 9.0 -1.972 -2.050
204.802 60.00 61.9600 9.0 -1.963 -2.025
204.821 60.00 61.9600 9.0 -1.958 -2.011
204.841 60.00 61.9700 9.0 -1.966 -2.032
204.861 60.00 61.9800 9.0 -1.978 -2.067
204.881 60.00 61.9700 9.0 -1.966 -2.033
204.900 60.00 61.9700 9.0 -1.970 -2.043
204.921 60.00 61.9800 9.0 -1.981 -2.074
204.940 60.00 61.9700 9.0 -1.969 -2.040
204.961 60.00 61.9700 9.0 -1.973 -2.052
204.980 60.00 61.9800 9.0 -1.978 -2.063
205.001 60.00 61.9700 9.0 -1.971 -2.044
205.020 60.00 62.1900 9.0 -2.188 -2.651
205.041 60.00 61.9700 9.0 -1.965 -2.026
205.060 60.00 61.9600 9.0 -1.962 -2.017
205.081 60.00 61.9700 9.0 -1.969 -2.037
205.100 60.00 61.9600 9.0 -1.958 -2.007
205.122 60.00 61.9600 9.0 -1.956 -2.001
205.141 60.00 61.9600 9.0 -1.963 -2.019
205.162 60.00 61.9700 9.0 -1.967 -2.030
205.182 60.00 61.9800 9.0 -1.974 -2.051
205.201 60.00 61.9700 9.0 -1.967 -2.029
205.222 60.00 61.9900 9.0 -1.986 -2.082
205.241 60.00 61.9700 9.0 -1.964 -2.021
205.261 60.00 61.9700 9.0 -1.964 -2.021
205.280 60.00 61.9700 9.0 -1.967 -2.029
205.301 60.00 61.9800 9.0 -1.979 -2.062
205.320 60.00 61.9900 9.0 -1.988 -2.086
205.341 60.00 61.9800 9.0 -1.975 -2.050
205.360 60.00 61.9700 9.0 -1.968 -2.029
205.381 60.00 61.9800 9.0 -1.980 -2.062
205.400 60.00 61.9500 9.0 -1.951 -1.983
205.421 60.00 61.9700 9.0 -1.972 -2.041
205.440 60.00 61.9700 9.0 -1.968 -2.030
205.461 60.00 61.9700 9.0 -1.971 -2.037
205.480 60.00 61.9800 9.0 -1.980 -2.062
205.502 60.00 61.9900 9.0 -1.987 -2.081
205.521 60.00 61.9800 9.0 -1.974 -2.046
205.542 60.00 61.9900 9.0 -1.991 -2.092
205.561 60.00 61.9800 9.0 -1.982 -2.065
205.582 60.00 61.9800 9.0 -1.977 -2.052
205.601 60.00 61.9800 9.0 -1.982 -2.065
205.622 60.00 61.9800 9.0 -1.980 -2.060
205.641 60.00 61.9600 9.0 -1.963 -2.010
205.661 60.00 61.9800 9.0 -1.977 -2.051
205.681 60.00 61.9700 9.0 -1.970 -2.032
205.700 60.00 61.9900 9.0 -1.988 -2.080
205.722 60.00 61.9900 9.0 -1.990 -2.086
205.741 60.00 61.9700 9.0 -1.967 -2.022
205.762 60.00 61.9800 9.0 -1.978 -2.051
205.781 60.00 61.9600 9.0 -1.961 -2.004
205.802 60.00 61.9800 9.0 -1.982 -2.062
205.821 60.00 61.9800 9.0 -1.976 -2.047
205.842 60.00 61.9800 9.0 -1.982 -2.061
205.862 60.00 61.9900 9.0 -1.993 -2.091
205.883 60.00 61.9800 9.0 -1.977 -2.048
205.902 60.00 61.9900 9.0 -1.989 -2.081
205.923 60.00 61.9900 9.0 -1.993 -2.091
205.942 60.00 61.9900 9.0 -1.989 -2.080
205.963 60.00 61.9900 9.0 -1.985 -2.069
205.982 60.00 61.9900 9.0 -1.993 -2.090
206.002 60.00 61.9800 9.0 -1.982 -2.058
206.021 60.00 61.9800 9.0 -1.975 -2.041
206.042 60.00 61.9800 9.0 -1.975 -2.039
206.061 60.00 61.9900 9.0 -1.992 -2.086
206.082 60.00 61.9900 9.0 -1.984 -2.063
206.101 60.00 61.9900 9.0 -1.984 -2.064
206.122 60.00 61.9900 9.0 -1.991 -2.084
206.141 60.00 61.9800 9.0 -1.980 -2.052
206.162 60.00 61.9800 9.0 -1.977 -2.043
206.182 60.00 62.0000 9.0 -1.998 -2.101
206.202 60.00 61.9700 9.0 -1.968 -2.018
206.223 60.00 61.9900 9.0 -1.990 -2.079
206.242 60.00 61.9900 9.0 -1.988 -2.073
206.263 60.00 61.9900 9.0 -1.991 -2.082
206.282 60.00 62.0000 9.0 -1.998 -2.100
206.303 60.00 61.9900 9.0 -1.986 -2.067
206.322 60.00 61.9900 9.0 -1.985 -2.063
206.343 60.00 61.9800 9.0 -1.979 -2.045
206.361 60.00 61.9700 9.0 -1.972 -2.026
206.382 60.00 61.9800 9.0 -1.979 -2.045
206.401 60.00 61.9900 9.0 -1.989 -2.072
206.422 60.00 61.9900 9.0 -1.987 -2.066
206.441 60.00 61.9900 9.0 -1.988 -2.070
206.462 60.00 62.0000 9.0 -1.996 -2.090
206.481 60.00 61.9900 9.0 -1.987 -2.067
206.502 60.00 62.0000 9.0 -1.995 -2.088
206.521 60.00 61.9900 9.0 -1.993 -2.081
206.543 60.00 61.9900 9.0 -1.991 -2.076
206.562 60.00 62.0000 9.0 -1.996 -2.089
206.583 60.00 62.0000 9.0 -1.996 -2.089
206.602 60.00 61.9900 9.0 -1.989 -2.069
206.623 60.00 61.9800 9.0 -1.983 -2.051
206.642 60.00 61.9900 9.0 -1.987 -2.064
206.663 60.00 61.9900 9.0 -1.991 -2.074
206.683 60.00 61.9900 9.0 -1.994 -2.081
206.702 60.00 61.9800 9.0 -1.981 -2.046
206.722 60.00 61.9900 9.0 -1.989 -2.069
206.742 60.00 61.9900 9.0 -1.988 -2.064
206.763 60.00 61.9900 9.0 -1.987 -2.062
206.782 60.00 62.0000 9.0 -2.002 -2.104
206.803 60.00 61.9800 9.0 -1.980 -2.041
206.822 60.00 62.0000 9.0 -2.000 -2.096
206.843 60.00 62.0000 9.0 -1.998 -2.091
206.862 60.00 61.9800 9.0 -1.981 -2.042
206.883 60.00 62.0000 9.0 -2.001 -2.099
206.902 60.00 62.0000 9.0 -1.994 -2.078
206.923 60.00 61.9900 9.0 -1.994 -2.077
206.943 60.00 62.0100 9.0 -2.004 -2.107
206.964 60.00 61.9700 9.0 -1.970 -2.011
206.983 60.00 62.0000 9.0 -1.998 -2.088
207.004 60.00 62.0000 9.0 -2.000 -2.094
207.023 60.00 61.9900 9.0 -1.992 -2.070
207.043 60.00 61.9900 9.0 -1.987 -2.058
207.062 60.00 61.9900 9.0 -1.986 -2.053
207.083 60.00 61.9900 9.0 -1.987 -2.055
207.102 60.00 61.9900 9.0 -1.994 -2.074
207.123 60.00 61.9900 9.0 -1.987 -2.057
207.142 60.00 62.0000 9.0 -1.994 -2.075
207.163 60.00 62.0100 9.0 -2.004 -2.103
207.183 60.00 62.0000 9.0 -1.999 -2.087
207.203 60.00 61.9900 9.0 -1.986 -2.052
207.223 60.00 61.9900 9.0 -1.985 -2.047
207.242 60.00 61.9900 9.0 -1.994 -2.072
207.263 60.00 62.0000 9.0 -1.999 -2.087
207.282 60.00 62.0100 9.0 -2.005 -2.103
207.304 60.00 62.0000 9.0 -2.003 -2.098
207.323 60.00 62.0100 9.0 -2.006 -2.105
207.344 60.00 61.9900 9.0 -1.987 -2.053
207.363 60.00 61.9900 9.0 -1.993 -2.068
207.384 60.00 62.0000 9.0 -2.001 -2.091
207.403 60.00 62.0200 9.0 -2.018 -2.137
207.424 60.00 62.0000 9.0 -1.999 -2.084
207.442 60.00 62.0100 9.0 -2.007 -2.107
207.463 60.00 62.0000 9.0 -1.997 -2.076
207.482 60.00 62.0100 9.0 -2.012 -2.119
207.503 60.00 62.0100 9.0 -2.010 -2.114
207.522 60.00 62.0200 9.0 -2.020 -2.140
207.543 60.00 62.0000 9.0 -2.001 -2.086
207.562 60.00 61.4000 9.0 -1.394 -0.386
207.583 60.00 62.0000 9.0 -1.998 -2.083
207.602 60.00 62.0100 9.0 -2.004 -2.098
207.623 60.00 62.0000 9.0 -2.002 -2.094
207.642 60.00 62.0000 9.0 -2.003 -2.096
207.663 60.00 62.0100 9.0 -2.007 -2.106
207.683 60.00 62.0100 9.0 -2.009 -2.111
207.703 60.00 62.0000 9.0 -1.996 -2.074
207.724 60.00 62.0000 9.0 -1.997 -2.076
207.743 60.00 62.0100 9.0 -2.005 -2.100
207.765 60.00 62.0000 9.0 -2.003 -2.094
207.784 60.00 62.0000 9.0 -2.001 -2.088
207.805 60.00 62.0000 9.0 -2.002 -2.090
207.824 60.00 62.0000 9.0 -1.998 -2.079
207.845 60.00 62.0100 9.0 -2.008 -2.107
207.863 60.00 62.0100 9.0 -2.007 -2.103
207.884 60.00 62.0200 9.0 -2.016 -2.128
207.903 60.00 62.0000 9.0 -2.000 -2.081
207.924 60.00 62.0200 9.0 -2.019 -2.134
207.943 60.00 62.0000 9.0 -1.996 -2.069
207.964 60.00 62.0000 9.0 -2.002 -2.086
207.983 60.00 62.0200 9.0 -2.015 -2.122
208.004 60.00 62.0100 9.0 -2.007 -2.098
208.023 60.00 62.0100 9.0 -2.013 -2.115
208.044 60.00 61.9900 9.0 -1.991 -2.055
208.064 60.00 61.9900 9.0 -1.984 -2.035
208.085 60.00 62.0200 9.0 -2.022 -2.141
208.104 60.00 62.0200 9.0 -2.016 -2.124
208.125 60.00 62.0000 9.0 -2.001 -2.082
208.144 60.00 62.0100 9.0 -2.010 -2.107
0.021 62.03 62.0300 9.0 -0.003 -0.080
0.040 62.03 62.0300 9.0 0.006 -0.072
0.062 62.03 62.0200 9.0 0.006 -0.100
0.081 62.03 62.0200 9.0 0.015 -0.085
0.102 62.03 62.0300 9.0 0.002 -0.180
0.121 62.03 62.0400 9.0 -0.011 -0.255
0.142 62.03 62.0100 9.0 0.015 -0.176
0.160 62.03 62.0400 9.0 -0.007 -0.302
0.181 62.03 62.0200 9.0 0.010 -0.261
0.200 62.03 62.0200 9.0 0.006 -0.295
0.221 62.03 62.0300 9.0 0.003 -0.337
0.240 62.03 62.0300 9.0 0.002 -0.371
0.261 62.03 61.9700 9.0 0.061 -0.153
0.280 62.03 62.0200 9.0 0.004 -0.412
0.301 62.03 62.0400 9.0 -0.010 -0.514
0.320 62.03 62.0100 9.0 0.013 -0.435
0.341 62.02 62.0200 9.0 0.001 -0.499
0.361 62.02 62.0200 9.0 -0.000 -0.533
0.382 62.02 62.0400 9.0 -0.016 -0.628
0.401 62.02 62.0300 9.0 -0.008 -0.622
0.422 62.02 62.0300 9.0 -0.008 -0.641
0.442 62.02 62.0400 9.0 -0.021 -0.708
0.461 62.02 62.0300 9.0 -0.006 -0.675
0.483 62.02 62.0400 9.0 -0.019 -0.758
0.501 62.02 62.0400 9.0 -0.026 -0.806
0.522 62.02 62.0500 9.0 -0.030 -0.847
0.541 62.02 62.0300 9.0 -0.012 -0.786
0.562 62.02 62.0300 9.0 -0.013 -0.804
0.581 62.01 62.0300 9.0 -0.016 -0.844
0.602 62.01 62.0300 9.0 -0.014 -0.865
0.621 62.01 62.0400 9.0 -0.027 -0.932
0.642 62.01 62.0400 9.0 -0.026 -0.945
0.661 62.01 62.0200 9.0 -0.015 -0.919
0.682 62.01 62.0300 9.0 -0.023 -0.974
0.702 62.01 62.0200 9.0 -0.012 -0.939
0.723 62.01 62.0300 9.0 -0.021 -1.003
0.742 62.01 62.0400 9.0 -0.030 -1.054
0.763 62.00 62.0200 9.0 -0.020 -1.037
0.782 62.00 62.0300 9.0 -0.024 -1.070
0.803 62.00 62.0300 9.0 -0.029 -1.101
0.821 62.00 62.0200 9.0 -0.022 -1.096
0.842 62.00 62.0300 9.0 -0.030 -1.147
0.861 62.00 62.0400 9.0 -0.043 -1.214
0.882 62.00 62.0300 9.0 -0.031 -1.184
0.901 61.99 62.0200 9.0 -0.027 -1.171
0.922 61.99 62.0200 9.0 -0.024 -1.183
0.942 61.99 62.0400 9.0 -0.053 -1.315
0.961 61.99 62.0400 9.0 -0.051 -1.319
0.982 61.99 62.0200 9.0 -0.035 -1.277
1.001 61.99 62.0400 9.0 -0.058 -1.373
1.022 61.98 62.0400 9.0 -0.059 -1.400
1.041 61.98 62.0200 9.0 -0.038 -1.325
1.062 61.98 62.0600 9.0 -0.075 -1.494
1.082 61.98 62.0400 9.0 -0.057 -1.441
1.103 61.98 62.0200 9.0 -0.044 -1.383
1.122 61.98 62.0300 9.0 -0.054 -1.448
1.143 61.97 62.0400 9.0 -0.063 -1.500
1.162 61.97 62.0300 9.0 -0.060 -1.498
1.183 61.97 62.0400 9.0 -0.069 -1.548
1.202 61.97 62.0400 9.0 -0.071 -1.565
1.223 61.97 62.0300 9.0 -0.058 -1.522
1.242 61.97 62.0300 9.0 -0.065 -1.575
1.263 61.96 62.0400 9.0 -0.074 -1.612
1.281 61.96 62.0500 9.0 -0.090 -1.686
1.302 61.96 62.0200 9.0 -0.065 -1.589
1.321 61.96 62.0400 9.0 -0.082 -1.673
1.342 61.96 62.0300 9.0 -0.078 -1.665
1.361 61.95 62.0400 9.0 -0.090 -1.724
1.382 61.95 62.0300 9.0 -0.082 -1.700
1.401 61.95 62.0500 9.0 -0.097 -1.772
1.422 61.95 62.0200 9.0 -0.076 -1.696
1.442 61.95 62.0400 9.0 -0.096 -1.787
1.461 61.94 62.0400 9.0 -0.098 -1.807
1.483 61.94 62.0400 9.0 -0.095 -1.806
1.503 61.94 62.0400 9.0 -0.104 -1.849
1.524 61.94 62.0500 9.0 -0.118 -1.916
1.543 61.93 62.0500 9.0 -0.120 -1.935
1.564 61.93 62.0500 9.0 -0.121 -1.951
1.583 61.93 62.0400 9.0 -0.110 -1.897
1.604 61.93 62.0400 9.0 -0.109 -1.912
1.623 61.93 62.0500 9.0 -0.123 -1.969
1.644 61.92 62.0500 9.0 -0.127 -1.993
1.663 61.92 62.0400 9.0 -0.114 -1.947
1.683 61.92 62.0300 9.0 -0.113 -1.953
1.702 61.92 62.0400 9.0 -0.127 -2.018
1.723 61.91 62.0500 9.0 -0.131 -2.044
1.742 61.91 62.0400 9.0 -0.132 -2.045
1.763 61.91 62.0500 9.0 -0.141 -2.101
1.782 61.91 62.0300 9.0 -0.126 -2.033
1.803 61.90 62.0500 9.0 -0.140 -2.090
1.822 61.90 62.0300 9.0 -0.127 -2.052
1.843 61.90 62.0400 9.0 -0.143 -2.115
1.862 61.90 62.0500 9.0 -0.148 -2.142
1.884 61.90 62.0500 9.0 -0.159 -2.195
1.903 61.89 62.0500 9.0 -0.154 -2.172
1.924 61.89 62.0400 9.0 -0.149 -2.171
1.943 61.89 62.0500 9.0 -0.160 -2.212
1.964 61.89 62.0400 9.0 -0.160 -2.216
1.984 61.88 62.0500 9.0 -0.164 -2.242
2.003 61.88 62.0600 9.0 -0.178 -2.293
2.024 61.88 62.0500 9.0 -0.170 -2.268
2.043 61.87 62.0400 9.0 -0.166 -2.259
2.063 61.87 61.9800 9.0 -0.103 -1.990
2.082 61.87 62.0400 9.0 -0.173 -2.290
2.103 61.87 62.0400 9.0 -0.174 -2.297
2.122 61.86 62.0700 9.0 -0.207 -2.434
2.143 61.86 62.0400 9.0 -0.177 -2.310
2.162 61.86 62.0600 9.0 -0.199 -2.410
2.183 61.86 62.0500 9.0 -0.194 -2.400
2.202 61.85 62.0400 9.0 -0.185 -2.356
2.223 61.85 62.0600 9.0 -0.205 -2.441
2.242 61.85 62.0400 9.0 -0.193 -2.400
2.263 61.85 62.0700 9.0 -0.220 -2.505
2.282 61.84 62.0400 9.0 -0.200 -2.428
2.303 61.84 62.0400 9.0 -0.204 -2.451
2.322 61.84 62.0600 9.0 -0.224 -2.528
2.343 61.83 62.0500 9.0 -0.211 -2.479
2.362 61.83 62.0600 9.0 -0.231 -2.554
2.383 61.83 62.0300 9.0 -0.199 -2.428
2.402 61.83 62.0500 9.0 -0.227 -2.538
2.424 61.82 62.0500 9.0 -0.229 -2.548
2.443 61.82 62.0500 9.0 -0.228 -2.541
2.464 61.82 62.0600 9.0 -0.238 -2.587
2.484 61.81 62.0500 9.0 -0.232 -2.563
2.503 61.81 62.0300 9.0 -0.220 -2.513
2.525 61.81 62.0700 9.0 -0.256 -2.667
2.544 61.81 62.0400 9.0 -0.235 -2.582
2.565 61.80 62.0600 9.0 -0.257 -2.671
2.583 61.80 62.0600 9.0 -0.262 -2.680
2.604 61.80 62.0400 9.0 -0.242 -2.603
2.623 61.79 62.0600 9.0 -0.264 -2.686
2.644 61.79 62.0600 9.0 -0.268 -2.706
2.663 61.79 62.0700 9.0 -0.278 -2.744
2.684 61.79 62.0500 9.0 -0.269 -2.709
2.703 61.78 62.0500 9.0 -0.268 -2.695
2.724 61.78 62.0500 9.0 -0.274 -2.728
2.743 61.78 62.0600 9.0 -0.282 -2.751
2.764 61.77 62.0700 9.0 -0.292 -2.797
2.783 61.77 62.0500 9.0 -0.276 -2.725
2.804 61.77 62.0500 9.0 -0.281 -2.746
2.823 61.76 62.0600 9.0 -0.296 -2.802
2.844 61.76 62.0500 9.0 -0.289 -2.780
2.864 61.76 62.0500 9.0 -0.293 -2.788
2.885 61.76 62.0500 9.0 -0.294 -2.797
2.904 61.75 62.0600 9.0 -0.303 -2.827
2.925 61.75 62.0400 9.0 -0.293 -2.786
2.944 61.75 62.0600 9.0 -0.310 -2.851
2.965 61.74 62.0700 9.0 -0.326 -2.908
2.984 61.74 62.0500 9.0 -0.307 -2.832
3.005 61.74 62.0400 9.0 -0.306 -2.818
3.024 61.73 62.0600 9.0 -0.328 -2.914
3.043 61.73 62.0500 9.0 -0.319 -2.884
3.064 61.73 62.0600 9.0 -0.332 -2.931
3.083 61.72 62.0400 9.0 -0.321 -2.872
3.104 61.72 62.0500 9.0 -0.333 -2.916
3.123 61.72 62.0500 9.0 -0.328 -2.900
3.144 61.71 62.0600 9.0 -0.342 -2.948
3.163 61.71 62.0600 9.0 -0.345 -2.962
3.184 61.71 62.0600 9.0 -0.357 -3.002
3.203 61.71 62.0500 9.0 -0.343 -2.938
3.224 61.70 62.0600 9.0 -0.357 -2.997
3.243 61.70 62.0500 9.0 -0.354 -2.979
3.264 61.70 62.0700 9.0 -0.372 -3.058
3.283 61.69 62.0600 9.0 -0.363 -3.011
3.305 61.69 62.0500 9.0 -0.364 -3.017
3.324 61.69 62.0600 9.0 -0.374 -3.048
3.345 61.68 62.0700 9.0 -0.385 -3.088
3.364 61.68 62.0800 9.0 -0.401 -3.156
3.385 61.68 62.0500 9.0 -0.371 -3.023
3.404 61.67 62.0600 9.0 -0.390 -3.091
3.425 61.67 62.0700 9.0 -0.399 -3.118
3.444 61.67 62.0700 9.0 -0.403 -3.140
3.465 61.66 62.0600 9.0 -0.401 -3.123
3.484 61.66 62.0700 9.0 -0.413 -3.176
3.504 61.66 62.0600 9.0 -0.406 -3.133
3.524 61.65 62.0800 9.0 -0.429 -3.224
3.544 61.65 62.0600 9.0 -0.410 -3.145
3.565 61.65 62.0700 9.0 -0.424 -3.195
3.584 61.64 62.0700 9.0 -0.429 -3.207
3.605 61.64 62.0600 9.0 -0.423 -3.181
3.624 61.64 62.0600 9.0 -0.426 -3.187
3.645 61.63 62.0400 9.0 -0.409 -3.109
3.664 61.63 62.0600 9.0 -0.432 -3.191
3.685 61.63 62.0600 9.0 -0.439 -3.223
3.704 61.62 62.0600 9.0 -0.437 -3.219
3.725 61.62 62.0500 9.0 -0.432 -3.175
3.744 61.62 62.0500 9.0 -0.435 -3.188
3.765 61.61 62.0700 9.0 -0.457 -3.271
3.784 61.61 62.0600 9.0 -0.453 -3.246
3.806 61.61 62.0700 9.0 -0.469 -3.316
3.825 61.60 62.0600 9.0 -0.460 -3.267
3.846 61.60 61.8000 9.0 -0.196 -2.149
3.865 61.60 62.0700 9.0 -0.471 -3.307
3.886 61.59 62.0700 9.0 -0.479 -3.330
3.905 61.59 62.0600 9.0 -0.467 -3.273
3.926 61.59 62.0800 9.0 -0.491 -3.373
3.945 61.58 62.0600 9.0 -0.479 -3.316
3.966 61.58 62.0600 9.0 -0.484 -3.326
3.984 61.57 62.0700 9.0 -0.493 -3.353
4.005 61.57 62.0600 9.0 -0.486 -3.323
4.025 61.57 62.0400 9.0 -0.474 -3.266
4.044 61.56 62.0600 9.0 -0.497 -3.352
4.065 61.56 62.0600 9.0 -0.502 -3.363
4.084 61.56 62.0500 9.0 -0.493 -3.311
4.105 61.55 62.0500 9.0 -0.500 -3.343
4.124 61.55 62.0600 9.0 -0.515 -3.394
4.145 61.55 62.0700 9.0 -0.520 -3.406
4.164 61.54 62.0600 9.0 -0.520 -3.406
4.185 61.54 62.0600 9.0 -0.518 -3.375
4.204 61.54 62.0600 9.0 -0.523 -3.398
4.225 61.53 62.0700 9.0 -0.538 -3.453
4.245 61.53 62.0700 9.0 -0.541 -3.452
4.266 61.53 62.0700 9.0 -0.542 -3.460
4.285 61.52 62.0600 9.0 -0.537 -3.430
4.306 61.52 62.0700 9.0 -0.551 -3.478
4.325 61.52 62.0500 9.0 -0.536 -3.400
4.346 61.51 62.2200 9.0 -0.711 -4.124
4.365 61.51 62.0800 9.0 -0.574 -3.552
4.386 61.50 62.0600 9.0 -0.558 -3.471
4.404 61.50 62.4500 9.0 -0.952 -5.116
4.425 61.50 62.0600 9.0 -0.567 -3.495
4.444 61.49 62.0600 9.0 -0.566 -3.466
4.465 61.49 62.0600 9.0 -0.569 -3.480
4.484 61.49 62.0700 9.0 -0.582 -3.525
4.505 61.48 62.0600 9.0 -0.575 -3.485
4.525 61.48 62.0800 9.0 -0.597 -3.578
4.544 61.48 62.0500 9.0 -0.573 -3.470
4.566 61.47 62.0700 9.0 -0.597 -3.558
4.585 61.47 62.0700 9.0 -0.604 -3.574
4.606 61.46 62.0600 9.0 -0.595 -3.528
4.625 61.46 62.0500 9.0 -0.586 -3.477
4.647 61.46 62.0600 9.0 -0.607 -3.552
4.666 61.45 62.0700 9.0 -0.614 -3.586
4.687 61.45 62.0600 9.0 -0.607 -3.543
4.706 61.45 62.0700 9.0 -0.621 -3.596
4.727 61.44 62.2600 9.0 -0.819 -4.410
4.746 61.44 62.0800 9.0 -0.644 -3.679
4.767 61.44 62.0800 9.0 -0.642 -3.661
4.786 61.43 62.0700 9.0 -0.634 -3.613
4.807 61.43 62.0800 9.0 -0.649 -3.663
4.825 61.42 62.0600 9.0 -0.633 -3.599
4.846 61.42 62.0700 9.0 -0.646 -3.642
4.865 61.42 62.0700 9.0 -0.649 -3.646
4.886 61.41 61.8600 9.0 -0.443 -2.766
4.905 61.41 62.0800 9.0 -0.665 -3.692
4.926 61.41 62.0600 9.0 -0.653 -3.628
4.945 61.40 62.0600 9.0 -0.661 -3.653
4.966 61.40 62.0700 9.0 -0.675 -3.696
4.985 61.40 62.0800 9.0 -0.687 -3.736
5.006 61.39 62.0700 9.0 -0.673 -3.681
5.026 61.39 62.0600 9.0 -0.668 -3.645
5.046 61.38 62.0600 9.0 -0.680 -3.689
5.066 61.38 62.0500 9.0 -0.667 -3.620
5.085 61.38 62.0700 9.0 -0.694 -3.733
5.106 61.37 62.0600 9.0 -0.689 -3.688
5.126 61.37 62.0500 9.0 -0.684 -3.669
5.147 61.37 62.0700 9.0 -0.702 -3.736
5.166 61.36 62.0800 9.0 -0.713 -3.770
5.187 61.36 62.0600 9.0 -0.705 -3.722
5.206 61.36 62.0600 9.0 -0.707 -3.733
5.227 61.35 62.0700 9.0 -0.718 -3.768
5.246 61.35 62.0800 9.0 -0.729 -3.803
5.267 61.34 62.0700 9.0 -0.731 -3.799
5.285 61.34 62.0700 9.0 -0.731 -3.788
5.306 61.34 62.0600 9.0 -0.724 -3.744
5.325 61.33 62.0600 9.0 -0.724 -3.735
5.346 61.33 62.0700 9.0 -0.743 -3.805
5.366 61.33 62.0700 9.0 -0.749 -3.814
5.387 61.32 62.0600 9.0 -0.739 -3.760
5.406 61.32 62.0800 9.0 -0.762 -3.844
5.427 61.31 62.0800 9.0 -0.764 -3.856
5.446 61.31 62.0700 9.0 -0.760 -3.825
5.467 61.31 62.0900 9.0 -0.788 -3.930
5.486 61.30 62.0700 9.0 -0.769 -3.843
5.506 61.30 62.0700 9.0 -0.775 -3.866
5.526 61.30 62.0700 9.0 -0.772 -3.831
5.546 61.29 62.0600 9.0 -0.768 -3.813
5.566 61.29 62.0800 9.0 -0.794 -3.898
5.585 61.28 62.0700 9.0 -0.785 -3.860
5.607 61.28 62.0800 9.0 -0.796 -3.897
5.626 61.28 62.0700 9.0 -0.795 -3.880
5.647 61.27 62.0700 9.0 -0.800 -3.888
5.666 61.27 62.0700 9.0 -0.801 -3.893
5.687 61.27 62.0800 9.0 -0.818 -3.938
5.706 61.26 62.0800 9.0 -0.814 -3.910
5.727 61.26 62.0700 9.0 -0.815 -3.902
5.746 61.25 62.0800 9.0 -0.825 -3.944
5.767 61.25 62.0700 9.0 -0.822 -3.922
5.787 61.25 62.0700 9.0 -0.826 -3.928
5.808 61.24 62.0700 9.0 -0.825 -3.909
5.827 61.24 62.0800 9.0 -0.843 -3.974
5.848 61.23 62.0800 9.0 -0.844 -3.969
5.867 61.23 62.0600 9.0 -0.831 -3.899
5.887 61.23 62.0800 9.0 -0.857 -3.995
5.906 61.22 62.0800 9.0 -0.861 -3.999
5.927 61.22 62.0700 9.0 -0.854 -3.959
5.946 61.22 62.0900 9.0 -0.878 -4.060
5.967 61.21 62.0800 9.0 -0.868 -4.005
5.986 61.21 62.0700 9.0 -0.860 -3.960
6.007 61.20 62.0800 9.0 -0.875 -4.015
6.026 61.20 62.0900 9.0 -0.888 -4.053
6.047 61.20 62.0700 9.0 -0.877 -3.995
6.067 61.19 62.0700 9.0 -0.881 -4.000
6.086 61.19 62.0800 9.0 -0.893 -4.050
6.107 61.19 62.0800 9.0 -0.896 -4.040
6.127 61.18 62.0600 9.0 -0.882 -3.978
6.148 61.18 62.0700 9.0 -0.896 -4.028
6.167 61.17 62.0900 9.0 -0.912 -4.070
6.188 61.17 62.0800 9.0 -0.914 -4.075
6.207 61.17 62.0700 9.0 -0.907 -4.039
6.228 61.16 62.0800 9.0 -0.916 -4.060
6.247 61.16 62.0700 9.0 -0.908 -4.015
6.268 61.16 62.0800 9.0 -0.924 -4.073
6.286 61.15 62.0900 9.0 -0.935 -4.106
6.307 61.15 62.0700 9.0 -0.927 -4.073
6.326 61.14 62.0800 9.0 -0.940 -4.115
6.347 61.14 62.0800 9.0 -0.944 -4.119
6.366 61.14 62.0800 9.0 -0.940 -4.092
6.387 61.13 62.0800 9.0 -0.944 -4.096
6.406 61.13 62.0600 9.0 -0.933 -4.036
6.427 61.12 62.0900 9.0 -0.968 -4.169
6.446 61.12 62.0800 9.0 -0.958 -4.117
6.467 61.12 62.1000 9.0 -0.982 -4.203
6.486 61.11 62.0800 9.0 -0.972 -4.150
6.507 61.11 62.0900 9.0 -0.978 -4.162
6.526 61.11 62.0800 9.0 -0.974 -4.134
6.548 61.10 62.0800 9.0 -0.981 -4.147
6.568 61.10 62.0800 9.0 -0.979 -4.129
6.587 61.09 62.0900 9.0 -0.998 -4.195
6.609 61.09 62.0900 9.0 -1.002 -4.199
6.628 61.09 62.0800 9.0 -0.999 -4.172
6.649 61.08 62.0800 9.0 -0.995 -4.145
6.668 61.08 62.0900 9.0 -1.013 -4.207
6.689 61.07 62.0800 9.0 -1.008 -4.188
6.708 61.07 62.0800 9.0 -1.014 -4.201
6.729 61.07 62.0800 9.0 -1.016 -4.195
6.747 61.06 62.0800 9.0 -1.022 -4.213
6.768 61.06 62.0900 9.0 -1.028 -4.222
6.787 61.05 62.0900 9.0 -1.038 -4.252
6.808 61.05 62.0700 9.0 -1.018 -4.155
6.827 61.05 62.0800 9.0 -1.035 -4.211
6.848 61.04 62.0800 9.0 -1.037 -4.210
6.867 61.04 62.0700 9.0 -1.035 -4.188
6.888 61.04 62.0800 9.0 -1.047 -4.241
6.907 61.03 62.0900 9.0 -1.056 -4.255
6.928 61.03 62.0900 9.0 -1.066 -4.296
6.947 61.02 62.0900 9.0 -1.065 -4.265
6.968 61.02 62.0800 9.0 -1.059 -4.238
6.987 61.02 62.1100 9.0 -1.091 -4.364
7.008 61.01 62.0700 9.0 -1.059 -4.200
7.027 61.01 62.0700 9.0 -1.059 -4.201
7.048 61.00 62.0900 9.0 -1.081 -4.286
7.068 61.00 62.1000 9.0 -1.097 -4.334
7.088 61.00 62.0800 9.0 -1.083 -4.268
7.108 60.99 62.0800 9.0 -1.091 -4.288
7.127 60.99 62.0900 9.0 -1.104 -4.330
7.148 60.99 62.0900 9.0 -1.105 -4.317
7.167 60.98 62.0700 9.0 -1.090 -4.244
7.188 60.98 62.0600 9.0 -1.088 -4.222
7.207 60.97 62.0800 9.0 -1.109 -4.313
7.228 60.97 62.0800 9.0 -1.114 -4.306
7.247 60.97 62.1000 9.0 -1.134 -4.378
7.268 60.96 62.0800 9.0 -1.122 -4.316
7.287 60.96 62.0800 9.0 -1.123 -4.321
7.308 60.95 62.0900 9.0 -1.134 -4.356
7.327 60.95 62.0900 9.0 -1.143 -4.378
7.348 60.95 62.0900 9.0 -1.141 -4.360
7.367 60.94 62.0800 9.0 -1.140 -4.342
7.389 60.94 62.0800 9.0 -1.141 -4.335
7.408 60.93 62.0900 9.0 -1.151 -4.365
7.429 60.93 62.1000 9.0 -1.165 -4.409
7.448 60.93 62.0900 9.0 -1.166 -4.400
7.469 60.92 62.0900 9.0 -1.164 -4.379
7.488 60.92 62.1400 9.0 -1.222 -4.608
7.509 60.91 62.0800 9.0 -1.170 -4.375
7.528 60.91 62.0700 9.0 -1.162 -4.331
7.549 60.91 62.0800 9.0 -1.169 -4.348
7.568 60.90 62.0800 9.0 -1.176 -4.367
7.589 60.90 62.0900 9.0 -1.190 -4.408
7.609 60.90 62.0900 9.0 -1.193 -4.411
7.628 60.89 62.0900 9.0 -1.195 -4.405
7.650 60.89 62.0900 9.0 -1.200 -4.416
7.669 60.88 62.0900 9.0 -1.210 -4.441
7.690 60.88 62.0800 9.0 -1.195 -4.369
7.708 60.88 62.1000 9.0 -1.229 -4.497
7.729 60.87 62.0900 9.0 -1.221 -4.451
7.748 60.87 62.1000 9.0 -1.229 -4.469
7.769 60.86 62.0800 9.0 -1.216 -4.402
7.788 60.86 62.0900 9.0 -1.229 -4.447
7.809 60.86 62.0900 9.0 -1.236 -4.476
7.828 60.85 62.0700 9.0 -1.220 -4.398
7.849 60.85 62.0900 9.0 -1.246 -4.492
7.868 60.84 62.0800 9.0 -1.240 -4.443
7.889 60.84 62.0800 9.0 -1.236 -4.424
7.908 60.84 62.0700 9.0 -1.234 -4.405
7.929 60.83 62.0900 9.0 -1.258 -4.492
7.948 60.83 62.0700 9.0 -1.238 -4.397
7.969 60.82 62.0800 9.0 -1.258 -4.467
7.988 60.82 62.0800 9.0 -1.262 -4.470
8.009 60.82 62.1000 9.0 -1.279 -4.531
8.028 60.81 62.1000 9.0 -1.286 -4.544
8.049 60.81 62.0800 9.0 -1.267 -4.458
8.068 60.81 62.0700 9.0 -1.266 -4.435
8.089 60.80 62.0900 9.0 -1.291 -4.529
8.109 60.80 62.0700 9.0 -1.277 -4.459
8.129 60.79 62.0900 9.0 -1.300 -4.541
8.149 60.79 62.0900 9.0 -1.304 -4.558
8.168 60.79 62.0700 9.0 -1.284 -4.452
8.189 60.78 62.0800 9.0 -1.302 -4.524
8.208 60.78 62.1000 9.0 -1.318 -4.569
8.229 60.77 62.1000 9.0 -1.327 -4.604
8.248 60.77 62.0800 9.0 -1.315 -4.529
8.269 60.77 62.0900 9.0 -1.326 -4.573
8.288 60.76 62.0800 9.0 -1.315 -4.504
8.310 60.76 62.1000 9.0 -1.340 -4.606
8.329 60.75 62.0900 9.0 -1.335 -4.560
8.350 60.75 62.0800 9.0 -1.331 -4.542
8.369 60.75 62.0800 9.0 -1.336 -4.538
8.390 60.74 62.1200 9.0 -1.375 -4.703
8.409 60.74 62.0800 9.0 -1.341 -4.549
8.430 60.73 62.0900 9.0 -1.357 -4.590
8.449 60.73 62.1000 9.0 -1.367 -4.629
8.470 60.73 62.0900 9.0 -1.368 -4.610
8.489 60.72 62.0900 9.0 -1.365 -4.598
8.510 60.72 62.1000 9.0 -1.377 -4.634
8.529 60.71 62.0900 9.0 -1.371 -4.596
8.550 60.71 62.0900 9.0 -1.378 -4.615
8.569 60.71 62.1300 9.0 -1.419 -4.773
8.590 60.70 62.0900 9.0 -1.389 -4.630
8.609 60.70 62.0900 9.0 -1.388 -4.619
8.630 60.69 62.2600 9.0 -1.565 -5.349
8.650 60.69 62.1100 9.0 -1.416 -4.708
8.670 60.69 62.0800 9.0 -1.398 -4.614
8.691 60.68 62.5000 9.0 -1.815 -6.357
8.710 60.68 62.1000 9.0 -1.422 -4.686
8.731 60.68 62.1000 9.0 -1.424 -4.681
8.750 60.67 62.0900 9.0 -1.419 -4.650
8.771 60.67 62.1000 9.0 -1.428 -4.673
8.790 60.66 62.0900 9.0 -1.431 -4.672
8.811 60.66 62.1000 9.0 -1.436 -4.680
8.830 60.66 62.0900 9.0 -1.430 -4.643
8.851 60.65 62.0900 9.0 -1.434 -4.661
8.869 60.65 62.0800 9.0 -1.432 -4.627
8.890 60.64 62.1000 9.0 -1.455 -4.708
8.909 60.64 62.1000 9.0 -1.456 -4.699
8.930 60.64 62.1000 9.0 -1.462 -4.725
8.949 60.63 62.0900 9.0 -1.461 -4.695
8.970 60.63 62.0900 9.0 -1.466 -4.704
8.989 60.62 62.1000 9.0 -1.477 -4.739
9.010 60.62 62.1000 9.0 -1.478 -4.739
9.029 60.62 62.0800 9.0 -1.463 -4.667
9.050 60.61 62.1100 9.0 -1.494 -4.785
9.069 60.61 62.1000 9.0 -1.495 -4.778
9.090 60.60 62.1000 9.0 -1.492 -4.749
9.109 60.60 62.1000 9.0 -1.501 -4.774
9.130 60.60 62.1100 9.0 -1.512 -4.808
9.150 60.59 62.1000 9.0 -1.509 -4.781
9.169 60.59 62.1100 9.0 -1.523 -4.826
9.190 60.58 62.0900 9.0 -1.506 -4.745
9.209 60.58 62.1000 9.0 -1.517 -4.777
9.230 60.58 62.1000 9.0 -1.524 -4.795
9.249 60.57 62.1000 9.0 -1.528 -4.799
9.270 60.57 62.0900 9.0 -1.524 -4.765
9.289 60.56 62.0900 9.0 -1.525 -4.759
9.310 60.56 62.1000 9.0 -1.538 -4.799
9.329 60.56 62.1000 9.0 -1.541 -4.799
9.350 60.55 62.1000 9.0 -1.552 -4.832
9.369 60.55 62.0900 9.0 -1.545 -4.791
9.390 60.54 62.1000 9.0 -1.555 -4.818
9.409 60.54 62.0800 9.0 -1.543 -4.757
9.430 60.54 62.0900 9.0 -1.552 -4.780
9.449 60.53 62.0900 9.0 -1.561 -4.804
9.470 60.53 62.0900 9.0 -1.563 -4.802
9.489 60.52 62.1000 9.0 -1.574 -4.832
9.510 60.52 62.0800 9.0 -1.562 -4.771
9.529 60.52 62.0900 9.0 -1.578 -4.825
9.550 60.51 62.0900 9.0 -1.578 -4.811
9.569 60.51 62.0900 9.0 -1.586 -4.832
9.590 60.50 62.0900 9.0 -1.588 -4.830
9.609 60.50 62.1100 9.0 -1.610 -4.907
9.631 60.50 62.1000 9.0 -1.599 -4.849
9.651 60.49 62.0900 9.0 -1.601 -4.842
9.670 60.49 62.0900 9.0 -1.602 -4.835
9.692 60.49 62.1000 9.0 -1.611 -4.858
9.711 60.48 62.1000 9.0 -1.620 -4.886
9.732 60.48 62.1000 9.0 -1.623 -4.883
9.751 60.47 62.1000 9.0 -1.624 -4.873
9.772 60.47 62.0900 9.0 -1.621 -4.851
9.791 60.47 62.1000 9.0 -1.635 -4.894
9.812 60.46 62.0900 9.0 -1.629 -4.856
9.831 60.46 62.1200 9.0 -1.658 -4.968
9.852 60.45 62.1000 9.0 -1.643 -4.891
9.871 60.45 62.1000 9.0 -1.653 -4.919
9.892 60.45 62.0900 9.0 -1.645 -4.871
9.911 60.44 62.1000 9.0 -1.663 -4.935
9.932 60.44 62.1100 9.0 -1.673 -4.965
9.951 60.43 62.1100 9.0 -1.681 -4.986
9.972 60.43 62.1100 9.0 -1.683 -4.978
9.990 60.43 62.1000 9.0 -1.675 -4.934
10.011 60.42 62.0800 9.0 -1.659 -4.853
10.030 60.42 62.0900 9.0 -1.677 -4.914
10.051 60.41 62.1000 9.0 -1.691 -4.960
10.070 60.41 62.0900 9.0 -1.679 -4.898
10.091 60.41 62.1100 9.0 -1.702 -4.980
10.110 60.40 62.1000 9.0 -1.700 -4.960
10.131 60.40 62.1000 9.0 -1.697 -4.936
10.151 60.39 62.1000 9.0 -1.706 -4.959
10.171 60.39 62.0900 9.0 -1.701 -4.906
10.191 60.39 62.1400 9.0 -1.758 -5.103
10.210 60.38 62.0900 9.0 -1.712 -4.864
10.231 60.38 62.1100 9.0 -1.728 -4.888
10.250 60.37 62.1000 9.0 -1.724 -4.824
10.271 60.37 62.1000 9.0 -1.731 -4.809
10.290 60.37 62.1000 9.0 -1.730 -4.774
10.311 60.36 62.1000 9.0 -1.740 -4.761
10.330 60.36 62.1100 9.0 -1.753 -4.782
10.351 60.36 62.1000 9.0 -1.744 -4.702
10.370 60.35 62.1100 9.0 -1.756 -4.704
10.391 60.35 62.0900 9.0 -1.742 -4.606
10.410 60.35 62.0900 9.0 -1.743 -4.581
10.431 60.34 62.1100 9.0 -1.764 -4.628
10.450 60.34 62.0900 9.0 -1.754 -4.539
10.471 60.34 62.1000 9.0 -1.762 -4.533
10.491 60.33 62.1200 9.0 -1.793 -4.630
10.511 60.33 62.1000 9.0 -1.772 -4.503
10.530 60.33 62.1000 9.0 -1.776 -4.475
10.551 60.32 62.0900 9.0 -1.769 -4.415
10.570 60.32 62.1000 9.0 -1.781 -4.428
10.591 60.32 62.1100 9.0 -1.790 -4.436
10.610 60.31 62.1100 9.0 -1.797 -4.421
10.631 60.31 62.1300 9.0 -1.823 -4.490
10.651 60.31 62.1100 9.0 -1.802 -4.371
10.671 60.30 62.1100 9.0 -1.805 -4.358
10.691 60.30 62.1000 9.0 -1.800 -4.296
10.710 60.30 62.1000 9.0 -1.803 -4.280
10.732 60.29 62.0900 9.0 -1.799 -4.224
10.751 60.29 62.0900 9.0 -1.801 -4.203
10.772 60.29 62.1000 9.0 -1.817 -4.230
10.791 60.29 62.0900 9.0 -1.808 -4.167
10.812 60.28 62.1000 9.0 -1.821 -4.180
10.831 60.28 62.1000 9.0 -1.823 -4.160
10.852 60.28 62.1000 9.0 -1.827 -4.156
10.871 60.27 62.1100 9.0 -1.838 -4.161
10.892 60.27 62.1000 9.0 -1.833 -4.112
10.911 60.27 62.1000 9.0 -1.826 -4.057
10.932 60.27 62.1200 9.0 -1.858 -4.152
10.951 60.26 62.1200 9.0 -1.852 -4.102
10.972 60.26 62.1000 9.0 -1.843 -4.035
10.991 60.26 62.1200 9.0 -1.863 -4.082
11.013 60.26 62.1100 9.0 -1.856 -4.022
11.032 60.25 62.1000 9.0 -1.851 -3.981
11.053 60.25 62.1100 9.0 -1.858 -3.968
11.072 60.25 62.1000 9.0 -1.850 -3.908
11.093 60.25 62.1000 9.0 -1.859 -3.919
11.112 60.24 62.1100 9.0 -1.867 -3.919
11.133 60.24 62.1000 9.0 -1.863 -3.889
11.152 60.24 62.1000 9.0 -1.866 -3.864
11.173 60.24 62.0800 9.0 -1.847 -3.759
11.193 60.23 62.1100 9.0 -1.878 -3.862
11.212 60.23 62.1000 9.0 -1.870 -3.792
11.233 60.23 62.1100 9.0 -1.886 -3.847
11.252 60.23 62.1000 9.0 -1.874 -3.761
11.273 60.22 62.1000 9.0 -1.873 -3.732
11.292 60.22 62.1000 9.0 -1.876 -3.723
11.313 60.22 62.1100 9.0 -1.895 -3.776
11.332 60.22 62.1100 9.0 -1.893 -3.746
11.353 60.22 62.1000 9.0 -1.883 -3.677
11.372 60.21 62.1100 9.0 -1.899 -3.727
11.393 60.21 62.1000 9.0 -1.889 -3.657
11.412 60.21 62.0900 9.0 -1.885 -3.616
11.433 60.21 62.1000 9.0 -1.898 -3.636
11.452 60.20 62.1000 9.0 -1.899 -3.627
11.473 60.20 62.1000 9.0 -1.896 -3.595
11.491 60.20 62.1100 9.0 -1.909 -3.624
11.512 60.20 62.1100 9.0 -1.911 -3.613
11.531 60.20 62.1100 9.0 -1.918 -3.618
11.552 60.19 62.1100 9.0 -1.919 -3.597
11.571 60.19 62.1100 9.0 -1.920 -3.582
11.592 60.19 62.1100 9.0 -1.924 -3.574
11.611 60.19 62.1100 9.0 -1.925 -3.555
11.632 60.19 62.1100 9.0 -1.922 -3.520
11.651 60.19 62.1000 9.0 -1.911 -3.452
11.672 60.18 62.1300 9.0 -1.947 -3.584
11.692 60.18 62.1100 9.0 -1.930 -3.484
11.711 60.18 62.1200 9.0 -1.938 -3.509
11.733 60.18 62.1100 9.0 -1.934 -3.458
11.752 60.18 62.1200 9.0 -1.940 -3.461
11.773 60.17 62.1100 9.0 -1.938 -3.430
11.792 60.17 62.1200 9.0 -1.944 -3.445
11.813 60.17 62.1200 9.0 -1.948 -3.443
11.832 60.17 62.1100 9.0 -1.942 -3.396
11.853 60.17 62.1100 9.0 -1.942 -3.376
11.872 60.17 62.1100 9.0 -1.941 -3.351
11.893 60.16 62.1200 9.0 -1.956 -3.388
11.912 60.16 62.1100 9.0 -1.944 -3.332
11.934 60.16 62.1000 9.0 -1.943 -3.308
11.953 60.16 62.1100 9.0 -1.949 -3.312
11.974 60.16 62.1200 9.0 -1.963 -3.349
11.993 60.16 62.1000 9.0 -1.939 -3.239
12.014 60.15 62.1100 9.0 -1.952 -3.278
12.033 60.15 62.1100 9.0 -1.959 -3.283
12.054 60.15 62.0900 9.0 -1.937 -3.172
12.073 60.15 62.1000 9.0 -1.954 -3.234
12.094 60.15 62.1100 9.0 -1.964 -3.258
12.113 60.15 62.1200 9.0 -1.972 -3.268
12.134 60.15 62.1000 9.0 -1.959 -3.197
12.153 60.14 62.1100 9.0 -1.966 -3.214
12.174 60.14 62.1200 9.0 -1.975 -3.233
12.193 60.14 62.1000 9.0 -1.961 -3.154
12.214 60.14 62.1100 9.0 -1.971 -3.174
12.234 60.14 62.1200 9.0 -1.985 -3.226
12.253 60.14 62.1200 9.0 -1.980 -3.188
12.274 60.14 62.1100 9.0 -1.978 -3.157
12.293 60.13 62.0900 9.0 -1.955 -3.052
12.314 60.13 62.1200 9.0 -1.986 -3.165
12.333 60.13 62.1300 9.0 -1.996 -3.187
12.354 60.13 62.1000 9.0 -1.975 -3.089
12.373 60.13 62.1300 9.0 -1.998 -3.169
12.394 60.13 62.1200 9.0 -1.993 -3.128
12.413 60.13 62.1300 9.0 -1.999 -3.145
12.434 60.13 62.1200 9.0 -2.000 -3.131
12.453 60.12 62.1100 9.0 -1.991 -3.074
12.473 60.12 62.1300 9.0 -2.003 -3.117
12.492 60.12 62.1200 9.0 -2.003 -3.096
12.513 60.12 62.1300 9.0 -2.014 -3.127
12.532 60.12 62.1200 9.0 -1.997 -3.044
12.553 60.12 62.1300 9.0 -2.009 -3.081
12.572 60.12 62.1200 9.0 -2.008 -3.069
12.593 60.12 62.1200 9.0 -2.007 -3.044
12.612 60.11 62.1200 9.0 -2.009 -3.049
12.633 60.11 62.1300 9.0 -2.017 -3.063
12.652 60.11 62.1200 9.0 -2.005 -3.004
12.673 60.11 62.1300 9.0 -2.016 -3.036
12.693 60.11 62.1200 9.0 -2.006 -2.970
12.713 60.11 62.1100 9.0 -2.003 -2.957
12.733 60.11 62.1200 9.0 -2.010 -2.976
12.752 60.11 62.1400 9.0 -2.030 -3.044
12.774 60.11 62.1300 9.0 -2.022 -2.994
12.793 60.10 62.1300 9.0 -2.023 -2.988
12.814 60.10 62.1200 9.0 -2.019 -2.955
12.833 60.10 62.1200 9.0 -2.017 -2.940
12.854 60.10 62.1200 9.0 -2.023 -2.948
12.873 60.10 62.1200 9.0 -2.016 -2.911
12.894 60.10 62.1100 9.0 -2.013 -2.885
12.914 60.10 62.1200 9.0 -2.019 -2.902
12.935 60.10 62.1200 9.0 -2.023 -2.901
12.954 60.10 62.1300 9.0 -2.032 -2.935
12.975 60.10 62.1300 9.0 -2.034 -2.925
12.994 60.09 62.1200 9.0 -2.028 -2.894
13.015 60.09 62.1600 9.0 -2.062 -3.019
13.034 60.09 62.1300 9.0 -2.037 -2.906
13.055 60.09 62.1300 9.0 -2.040 -2.915
13.074 60.09 62.1200 9.0 -2.029 -2.852
13.095 60.09 62.1300 9.0 -2.042 -2.902
13.114 60.09 62.1100 9.0 -2.023 -2.806
13.135 60.09 62.1300 9.0 -2.039 -2.866
13.153 60.09 62.1200 9.0 -2.035 -2.835
13.174 60.09 62.1300 9.0 -2.041 -2.851
13.193 60.09 62.1100 9.0 -2.027 -2.791
13.214 60.08 62.1100 9.0 -2.028 -2.777
13.234 60.08 62.1300 9.0 -2.049 -2.864
13.254 60.08 62.1300 9.0 -2.043 -2.817
13.274 60.08 62.1200 9.0 -2.038 -2.780
13.293 60.08 62.1200 9.0 -2.039 -2.775
13.314 60.08 62.1300 9.0 -2.053 -2.834
13.333 60.08 62.1200 9.0 -2.040 -2.773
13.354 60.08 62.1200 9.0 -2.044 -2.776
13.373 60.08 62.1200 9.0 -2.045 -2.771
13.394 60.08 62.1200 9.0 -2.038 -2.744
13.413 60.08 62.1200 9.0 -2.043 -2.744
13.434 60.08 62.1100 9.0 -2.034 -2.691
13.453 60.08 62.1300 9.0 -2.056 -2.776
13.474 60.07 62.1300 9.0 -2.052 -2.758
13.493 60.07 62.1200 9.0 -2.048 -2.739
13.514 60.07 62.1300 9.0 -2.057 -2.760
13.533 60.07 62.1300 9.0 -2.061 -2.769
13.555 60.07 62.1200 9.0 -2.049 -2.719
13.573 60.07 62.1200 9.0 -2.047 -2.690
13.595 60.07 62.1200 9.0 -2.047 -2.673
13.614 60.07 62.1300 9.0 -2.060 -2.723
13.635 60.07 61.8200 9.0 -1.748 -1.409
13.654 60.07 62.1300 9.0 -2.065 -2.744
13.675 60.07 62.1200 9.0 -2.053 -2.676
13.694 60.07 62.1200 9.0 -2.049 -2.656
13.715 60.07 62.1100 9.0 -2.047 -2.641
13.734 60.07 62.1500 9.0 -2.084 -2.797
13.755 60.06 62.1100 9.0 -2.041 -2.598
13.775 60.06 62.1200 9.0 -2.052 -2.628
13.795 60.06 62.1200 9.0 -2.061 -2.674
13.816 60.06 62.1200 9.0 -2.061 -2.660
13.835 60.06 62.1200 9.0 -2.056 -2.635
13.856 60.06 62.1300 9.0 -2.066 -2.657
13.874 60.06 62.1200 9.0 -2.061 -2.634
13.895 60.06 62.1200 9.0 -2.059 -2.625
13.914 60.06 62.1700 9.0 -2.108 -2.813
13.935 60.06 62.1300 9.0 -2.069 -2.658
13.954 60.06 62.1400 9.0 -2.083 -2.703
13.975 60.06 62.1200 9.0 -2.059 -2.584
13.994 60.06 62.1300 9.0 -2.077 -2.668
14.015 60.06 62.1200 9.0 -2.065 -2.606
14.034 60.06 62.1400 9.0 -2.081 -2.665
14.055 60.06 62.1200 9.0 -2.063 -2.591
14.074 60.05 62.1400 9.0 -2.081 -2.649
14.095 60.05 62.1300 9.0 -2.074 -2.616
14.114 60.05 62.1200 9.0 -2.064 -2.571
14.135 60.05 62.1300 9.0 -2.078 -2.613
14.154 60.05 62.1300 9.0 -2.079 -2.613
14.175 60.05 62.3900 9.0 -2.336 -3.691
14.194 60.05 62.1200 9.0 -2.069 -2.551
14.215 60.05 62.1300 9.0 -2.078 -2.600
14.234 60.05 62.1200 9.0 -2.074 -2.568
14.255 60.05 62.1300 9.0 -2.079 -2.585
14.275 60.05 62.1200 9.0 -2.072 -2.552
14.294 60.05 62.1200 9.0 -2.074 -2.557
14.315 60.05 62.1300 9.0 -2.080 -2.569
14.334 60.05 62.1100 9.0 -2.067 -2.508
14.355 60.05 62.1200 9.0 -2.077 -2.546
14.374 60.05 62.1200 9.0 -2.075 -2.541
14.396 60.05 62.1200 9.0 -2.071 -2.504
14.415 60.05 62.1400 9.0 -2.089 -2.580
14.436 60.05 62.1400 9.0 -2.093 -2.589
14.455 60.05 62.1100 9.0 -2.062 -2.446
14.476 60.04 62.1300 9.0 -2.084 -2.551
14.495 60.04 62.1400 9.0 -2.100 -2.601
14.516 60.04 62.1100 9.0 -2.070 -2.471
14.535 60.04 62.1100 9.0 -2.070 -2.471
14.556 60.04 62.1400 9.0 -2.097 -2.570
14.575 60.04 62.1000 9.0 -2.062 -2.417
14.596 60.04 62.1400 9.0 -2.095 -2.556
14.615 60.04 62.1400 9.0 -2.102 -2.579
14.636 60.04 62.1300 9.0 -2.091 -2.534
14.654 60.04 62.1200 9.0 -2.083 -2.502
14.675 60.04 62.1300 9.0 -2.094 -2.527
14.694 60.04 62.1200 9.0 -2.085 -2.488
14.715 60.04 62.1300 9.0 -2.086 -2.490
14.734 60.04 62.1300 9.0 -2.086 -2.476
14.755 60.04 62.1500 9.0 -2.107 -2.572
14.775 60.04 62.1200 9.0 -2.078 -2.436
14.794 60.04 62.1100 9.0 -2.075 -2.419
14.816 60.04 62.1200 9.0 -2.086 -2.467
14.835 60.04 62.1400 9.0 -2.098 -2.502
14.856 60.04 62.1200 9.0 -2.084 -2.441
14.875 60.04 62.1200 9.0 -2.083 -2.432
14.896 60.04 62.1300 9.0 -2.098 -2.497
14.915 60.04 62.1200 9.0 -2.085 -2.434
14.936 60.04 62.1200 9.0 -2.089 -2.456
14.955 60.04 62.1300 9.0 -2.098 -2.491
14.977 60.03 62.1200 9.0 -2.088 -2.432
14.996 60.03 62.1200 9.0 -2.089 -2.436
15.017 60.03 62.1200 9.0 -2.084 -2.412
15.036 60.03 62.1300 9.0 -2.096 -2.457
15.057 60.03 62.1300 9.0 -2.094 -2.434
15.076 60.03 62.1200 9.0 -2.092 -2.438
15.097 60.03 62.1100 9.0 -2.078 -2.366
15.116 60.03 62.1300 9.0 -2.098 -2.447
15.137 60.03 62.1200 9.0 -2.091 -2.414
15.156 60.03 62.1400 9.0 -2.103 -2.467
15.177 60.03 62.1100 9.0 -2.081 -2.359
15.196 60.03 62.1200 9.0 -2.092 -2.401
15.217 60.03 62.1300 9.0 -2.100 -2.432
15.236 60.03 62.1400 9.0 -2.110 -2.475
15.257 60.03 62.1200 9.0 -2.091 -2.393
15.276 60.03 62.1500 9.0 -2.120 -2.513
15.297 60.03 62.1400 9.0 -2.109 -2.463
15.317 60.03 62.1300 9.0 -2.098 -2.419
15.336 60.03 62.1300 9.0 -2.102 -2.435
15.357 60.03 62.1400 9.0 -2.112 -2.457
15.376 60.03 62.1400 9.0 -2.109 -2.444
15.397 60.03 62.1300 9.0 -2.099 -2.402
15.415 60.03 62.1300 9.0 -2.105 -2.423
15.436 60.03 62.1400 9.0 -2.108 -2.422
15.455 60.03 62.1100 9.0 -2.082 -2.321
15.476 60.03 62.1300 9.0 -2.106 -2.409
15.495 60.03 62.1100 9.0 -2.080 -2.299
15.516 60.03 62.1200 9.0 -2.096 -2.378
15.535 60.03 62.1200 9.0 -2.098 -2.372
15.556 60.03 62.1400 9.0 -2.115 -2.443
15.575 60.03 62.1300 9.0 -2.100 -2.377
15.596 60.03 62.1400 9.0 -2.118 -2.441
15.615 60.03 62.1500 9.0 -2.122 -2.451
15.636 60.03 62.1300 9.0 -2.105 -2.377
15.655 60.02 62.1400 9.0 -2.112 -2.406
15.676 60.02 62.1300 9.0 -2.105 -2.377
15.695 60.02 62.1300 9.0 -2.108 -2.390
15.717 60.02 62.1400 9.0 -2.114 -2.411
15.736 60.02 62.1300 9.0 -2.103 -2.363
15.757 60.02 62.1500 9.0 -2.122 -2.444
15.776 60.02 62.1400 9.0 -2.113 -2.404
15.796 60.02 62.1400 9.0 -2.115 -2.410
15.816 60.02 62.1300 9.0 -2.108 -2.383
15.835 60.02 62.1300 9.0 -2.110 -2.374
15.857 60.02 62.1500 9.0 -2.126 -2.438
15.876 60.02 62.1300 9.0 -2.104 -2.344
15.897 60.02 62.1400 9.0 -2.116 -2.391
15.916 60.02 62.1400 9.0 -2.120 -2.410
15.937 60.02 62.1300 9.0 -2.110 -2.363
15.956 60.02 62.1300 9.0 -2.109 -2.362
15.977 60.02 62.1500 9.0 -2.130 -2.433
15.996 60.02 62.1300 9.0 -2.109 -2.356
16.017 60.02 62.1300 9.0 -2.111 -2.351
16.036 60.02 62.1400 9.0 -2.120 -2.386
16.057 60.02 62.1300 9.0 -2.108 -2.336
16.076 60.02 62.1300 9.0 -2.107 -2.330
16.097 60.02 62.1500 9.0 -2.125 -2.408
16.116 60.02 62.1100 9.0 -2.095 -2.275
16.138 60.02 62.1300 9.0 -2.113 -2.353
16.156 60.02 62.1500 9.0 -2.128 -2.401
16.178 60.02 62.1300 9.0 -2.109 -2.320
16.196 60.02 62.1500 9.0 -2.128 -2.396
16.218 60.02 62.1400 9.0 -2.117 -2.350
16.237 60.02 62.1100 9.0 -2.096 -2.259
16.258 60.02 62.1300 9.0 -2.116 -2.343
16.277 60.02 62.1300 9.0 -2.112 -2.327
16.298 60.02 62.1200 9.0 -2.104 -2.291
16.318 60.02 62.1400 9.0 -2.121 -2.360
16.337 60.02 62.1200 9.0 -2.102 -2.280
16.358 60.02 62.1100 9.0 -2.094 -2.248
16.377 60.02 62.1400 9.0 -2.121 -2.360
16.398 60.02 62.1300 9.0 -2.110 -2.315
16.417 60.02 62.1300 9.0 -2.109 -2.308
16.438 60.02 62.1400 9.0 -2.121 -2.341
16.457 60.02 62.1300 9.0 -2.116 -2.321
16.478 60.02 62.1100 9.0 -2.092 -2.217
16.497 60.02 62.1400 9.0 -2.120 -2.335
16.518 60.02 62.1500 9.0 -2.133 -2.388
16.537 60.02 62.1400 9.0 -2.121 -2.334
16.558 60.02 62.1400 9.0 -2.120 -2.334
16.577 60.02 62.1400 9.0 -2.125 -2.337
16.598 60.02 62.1300 9.0 -2.112 -2.297
16.617 60.02 62.1400 9.0 -2.123 -2.328
16.638 60.02 62.1200 9.0 -2.105 -2.263
16.657 60.02 62.1200 9.0 -2.107 -2.259
16.678 60.01 62.1300 9.0 -2.118 -2.319
16.696 60.01 62.1400 9.0 -2.125 -2.333
16.718 60.01 62.1200 9.0 -2.110 -2.266
16.736 60.01 62.1400 9.0 -2.127 -2.336
16.757 60.01 62.1400 9.0 -2.122 -2.320
16.776 60.01 62.1400 9.0 -2.122 -2.316
16.797 60.01 62.1200 9.0 -2.102 -2.231
16.817 60.01 62.1400 9.0 -2.123 -2.317
16.836 60.01 62.1500 9.0 -2.134 -2.351
16.858 60.01 62.1200 9.0 -2.107 -2.249
16.877 60.01 62.1200 9.0 -2.111 -2.265
16.898 60.01 62.1300 9.0 -2.121 -2.308
16.917 60.01 62.1400 9.0 -2.123 -2.304
16.938 60.01 62.1500 9.0 -2.132 -2.336
16.957 60.01 62.1300 9.0 -2.119 -2.279
16.978 60.01 62.1300 9.0 -2.121 -2.288
16.997 60.01 62.1300 9.0 -2.118 -2.276
17.018 60.01 62.1400 9.0 -2.124 -2.300
17.037 60.01 62.1400 9.0 -2.123 -2.297
17.058 60.01 62.1400 9.0 -2.126 -2.307
17.077 60.01 62.1200 9.0 -2.106 -2.222
17.098 60.01 62.1400 9.0 -2.127 -2.311
17.117 60.01 62.1400 9.0 -2.123 -2.294
17.138 60.01 62.1300 9.0 -2.119 -2.275
17.157 60.01 62.1500 9.0 -2.141 -2.364
17.178 60.01 62.1400 9.0 -2.129 -2.315
17.197 60.01 62.1300 9.0 -2.123 -2.290
17.218 60.01 62.1400 9.0 -2.131 -2.321
17.237 60.01 62.1300 9.0 -2.122 -2.284
17.258 60.01 62.1400 9.0 -2.131 -2.321
17.277 60.01 62.1500 9.0 -2.136 -2.342
17.298 60.01 62.1500 9.0 -2.142 -2.367
17.318 60.01 62.1400 9.0 -2.132 -2.324
17.338 60.01 62.1400 9.0 -2.130 -2.300
17.358 60.01 62.1400 9.0 -2.129 -2.293
17.377 60.01 62.1500 9.0 -2.143 -2.353
17.398 60.01 62.1300 9.0 -2.119 -2.263
17.418 60.01 62.1300 9.0 -2.123 -2.264
17.439 60.01 62.1400 9.0 -2.128 -2.285
17.458 60.01 62.1500 9.0 -2.136 -2.321
17.479 60.01 62.1400 9.0 -2.135 -2.310
17.498 60.01 62.1500 9.0 -2.136 -2.317
17.519 60.01 62.1500 9.0 -2.137 -2.319
17.538 60.01 62.1300 9.0 -2.122 -2.256
17.559 60.01 62.1600 9.0 -2.154 -2.377
17.578 60.01 62.1400 9.0 -2.132 -2.294
17.599 60.01 62.1200 9.0 -2.113 -2.203
17.618 60.01 62.1500 9.0 -2.142 -2.335
17.639 60.01 62.1400 9.0 -2.127 -2.261
17.658 60.01 62.1300 9.0 -2.117 -2.230
17.679 60.01 62.1300 9.0 -2.123 -2.241
17.698 60.01 62.1400 9.0 -2.133 -2.297
17.719 60.01 62.1300 9.0 -2.125 -2.250
17.738 60.01 62.1400 9.0 -2.128 -2.259
17.759 60.01 62.1400 9.0 -2.129 -2.277
17.777 60.01 62.1400 9.0 -2.131 -2.273
17.799 60.01 62.1500 9.0 -2.139 -2.304
17.818 60.01 62.1500 9.0 -2.141 -2.314
17.838 60.01 62.1500 9.0 -2.139 -2.303
17.858 60.01 62.1400 9.0 -2.133 -2.276
17.877 60.01 62.1400 9.0 -2.133 -2.278
17.899 60.01 62.1500 9.0 -2.146 -2.331
17.918 60.01 62.1600 9.0 -2.151 -2.349
17.939 60.01 62.1500 9.0 -2.139 -2.300
17.958 60.01 62.1600 9.0 -2.157 -2.376
17.979 60.01 62.1400 9.0 -2.133 -2.273
17.998 60.01 62.1200 9.0 -2.113 -2.187
18.019 60.01 62.1500 9.0 -2.145 -2.310
18.038 60.01 62.1300 9.0 -2.127 -2.244
18.059 60.01 62.1500 9.0 -2.146 -2.324
18.078 60.01 62.1500 9.0 -2.143 -2.311
18.099 60.01 62.1400 9.0 -2.135 -2.264
18.118 60.01 62.1900 9.0 -2.186 -2.474
18.139 60.01 62.1400 9.0 -2.133 -2.252
18.158 60.01 62.1500 9.0 -2.144 -2.296
18.179 60.01 62.1700 9.0 -2.162 -2.374
18.198 60.01 62.1500 9.0 -2.142 -2.287
18.219 60.01 62.1500 9.0 -2.144 -2.297
18.238 60.01 62.1400 9.0 -2.138 -2.268
18.259 60.01 62.1400 9.0 -2.136 -2.262
18.278 60.01 62.1600 9.0 -2.153 -2.331
18.299 60.01 62.1400 9.0 -2.136 -2.259
18.318 60.01 62.1400 9.0 -2.136 -2.259
18.340 60.01 62.1400 9.0 -2.137 -2.263
18.359 60.01 62.1600 9.0 -2.158 -2.349
18.380 60.01 62.1500 9.0 -2.142 -2.282
18.400 60.01 62.1500 9.0 -2.145 -2.294
18.419 60.01 62.1500 9.0 -2.146 -2.297
18.440 60.01 62.1600 9.0 -2.156 -2.341
18.459 60.01 62.1700 9.0 -2.165 -2.377
18.480 60.01 62.1600 9.0 -2.151 -2.319
18.499 60.01 62.1600 9.0 -2.150 -2.314
18.520 60.01 62.1600 9.0 -2.151 -2.318
18.539 60.01 62.1600 9.0 -2.156 -2.335
18.560 60.01 62.1600 9.0 -2.156 -2.336
18.579 60.01 62.1600 9.0 -2.150 -2.308
18.600 60.01 62.1500 9.0 -2.146 -2.289
18.619 60.01 62.1600 9.0 -2.150 -2.307
18.640 60.01 62.1500 9.0 -2.141 -2.272
18.659 60.01 62.1600 9.0 -2.159 -2.343
18.680 60.01 62.1600 9.0 -2.150 -2.308
18.698 60.01 62.1600 9.0 -2.150 -2.307
18.719 60.01 62.1500 9.0 -2.148 -2.296
18.738 60.01 62.1600 9.0 -2.158 -2.339
18.759 60.01 62.1300 9.0 -2.126 -2.203
18.778 60.01 62.1500 9.0 -2.142 -2.269
18.799 60.01 62.1600 9.0 -2.150 -2.304
18.818 60.01 62.1500 9.0 -2.145 -2.280
18.839 60.01 62.1500 9.0 -2.146 -2.286
18.859 60.01 62.1800 9.0 -2.178 -2.418
18.879 60.00 62.1600 9.0 -2.152 -2.307
18.899 60.00 62.1700 9.0 -2.160 -2.343
18.919 60.00 62.1600 9.0 -2.156 -2.325
18.940 60.00 62.1600 9.0 -2.151 -2.303
18.959 60.00 62.1500 9.0 -2.145 -2.261
18.980 60.00 62.1700 9.0 -2.162 -2.333
18.999 60.00 62.1500 9.0 -2.141 -2.244
19.020 60.00 62.1600 9.0 -2.156 -2.320
19.039 60.00 62.1600 9.0 -2.160 -2.323
19.060 60.00 62.1500 9.0 -2.150 -2.279
19.079 60.00 62.1600 9.0 -2.152 -2.289
19.100 60.00 62.1600 9.0 -2.154 -2.308
19.119 60.00 62.1600 9.0 -2.160 -2.319
19.140 60.00 62.1400 9.0 -2.136 -2.219
19.159 60.00 62.1500 9.0 -2.148 -2.267
19.180 60.00 62.1700 9.0 -2.166 -2.339
19.199 60.00 62.1600 9.0 -2.152 -2.283
19.220 60.00 62.1600 9.0 -2.155 -2.295
19.239 60.00 62.1600 9.0 -2.153 -2.286
19.260 60.00 62.1700 9.0 -2.162 -2.323
19.279 60.00 62.1600 9.0 -2.155 -2.296
19.300 60.00 62.1600 9.0 -2.156 -2.296
19.319 60.00 62.1600 9.0 -2.156 -2.296
19.340 60.00 62.1600 9.0 -2.156 -2.295
19.359 60.00 62.1800 9.0 -2.172 -2.365
19.380 60.00 62.1600 9.0 -2.156 -2.294
19.400 60.00 62.1600 9.0 -2.154 -2.285
19.419 60.00 62.1600 9.0 -2.160 -2.313
19.440 60.00 62.1700 9.0 -2.162 -2.321
19.459 60.00 62.1600 9.0 -2.156 -2.290
19.480 60.00 62.1700 9.0 -2.164 -2.325
19.499 60.00 62.1600 9.0 -2.155 -2.274
19.520 60.00 62.1800 9.0 -2.173 -2.360
19.539 60.00 62.1600 9.0 -2.154 -2.269
19.560 60.00 62.1900 9.0 -2.182 -2.395
19.579 60.00 62.1600 9.0 -2.155 -2.272
19.601 60.00 62.1700 9.0 -2.164 -2.319
19.620 60.00 62.1600 9.0 -2.159 -2.285
19.641 60.00 62.1800 9.0 -2.176 -2.367
19.660 60.00 62.1500 9.0 -2.149 -2.242
19.681 60.00 62.5600 9.0 -2.556 -3.966
19.700 60.00 62.1500 9.0 -2.150 -2.239
19.721 60.00 62.1400 9.0 -2.141 -2.214
19.740 60.00 62.1500 9.0 -2.149 -2.234
19.761 60.00 62.1500 9.0 -2.148 -2.244
19.780 60.00 62.1500 9.0 -2.147 -2.225
19.801 60.00 62.1600 9.0 -2.152 -2.261
19.820 60.00 62.1400 9.0 -2.135 -2.177
19.841 60.00 62.1400 9.0 -2.140 -2.211
19.860 60.00 62.1400 9.0 -2.135 -2.177
19.881 60.00 62.1600 9.0 -2.153 -2.263
19.901 60.00 62.1400 9.0 -2.142 -2.202
19.920 60.00 62.1500 9.0 -2.150 -2.249
19.942 60.00 62.1500 9.0 -2.148 -2.230
19.961 60.00 62.1700 9.0 -2.167 -2.320
19.982 60.00 62.1500 9.0 -2.149 -2.233
20.001 60.00 62.1400 9.0 -2.141 -2.209
20.022 60.00 62.1600 9.0 -2.159 -2.274
20.041 60.00 62.1400 9.0 -2.141 -2.195
20.062 60.00 62.1500 9.0 -2.148 -2.239
20.081 60.00 62.1500 9.0 -2.152 -2.241
20.101 60.00 62.1600 9.0 -2.160 -2.288
20.120 60.00 62.1400 9.0 -2.142 -2.199
20.141 60.00 62.1500 9.0 -2.147 -2.231
20.160 60.00 62.1500 9.0 -2.143 -2.204
20.181 60.00 61.8500 9.0 -1.852 -0.995
20.200 60.00 62.1500 9.0 -2.152 -2.244
20.221 60.00 62.1500 9.0 -2.147 -2.234
20.240 60.00 62.1300 9.0 -2.130 -2.153
20.261 60.00 62.1500 9.0 -2.147 -2.221
20.280 60.00 62.1500 9.0 -2.149 -2.233
20.301 60.00 62.1600 9.0 -2.162 -2.283
20.320 60.00 62.1600 9.0 -2.153 -2.244
20.341 60.00 62.1700 9.0 -2.165 -2.297
20.360 60.00 62.1300 9.0 -2.124 -2.122
20.381 60.00 62.1600 9.0 -2.154 -2.248
20.401 60.00 62.1400 9.0 -2.142 -2.200
20.421 60.00 62.1600 9.0 -2.154 -2.245
20.441 60.00 62.1700 9.0 -2.170 -2.312
20.460 60.00 62.1500 9.0 -2.151 -2.236
20.481 60.00 62.1500 9.0 -2.151 -2.231
20.500 60.00 62.1600 9.0 -2.154 -2.246
20.521 60.00 62.1500 9.0 -2.152 -2.238
20.540 60.00 62.1600 9.0 -2.155 -2.247
20.561 60.00 62.1600 9.0 -2.156 -2.254
20.580 60.00 62.1500 9.0 -2.145 -2.211
20.601 60.00 62.1500 9.0 -2.147 -2.212
20.620 60.00 62.1500 9.0 -2.144 -2.199
20.641 60.00 62.1600 9.0 -2.159 -2.263
20.660 60.00 62.1400 9.0 -2.140 -2.187
20.681 60.00 62.1500 9.0 -2.146 -2.209
20.700 60.00 62.1400 9.0 -2.141 -2.188
20.721 60.00 62.1400 9.0 -2.137 -2.173
20.740 60.00 62.1500 9.0 -2.148 -2.215
20.761 60.00 62.1600 9.0 -2.161 -2.271
20.780 60.00 62.1500 9.0 -2.151 -2.233
20.801 60.00 62.1400 9.0 -2.137 -2.169
20.820 60.00 62.1600 9.0 -2.154 -2.241
20.841 60.00 62.1700 9.0 -2.166 -2.293
20.860 60.00 62.1400 9.0 -2.138 -2.173
20.881 60.00 62.1600 9.0 -2.162 -2.272
20.901 60.00 62.1700 9.0 -2.164 -2.286
20.921 60.00 62.1500 9.0 -2.144 -2.196
20.942 60.00 62.1600 9.0 -2.154 -2.239
20.961 60.00 62.1600 9.0 -2.154 -2.242
20.983 60.00 62.1400 9.0 -2.141 -2.184
21.002 60.00 62.1700 9.0 -2.165 -2.284
21.023 60.00 62.1700 9.0 -2.165 -2.271
21.042 60.00 62.1500 9.0 -2.150 -2.218
21.063 60.00 62.1600 9.0 -2.155 -2.240
21.082 60.00 62.1500 9.0 -2.148 -2.209
21.103 60.00 62.1700 9.0 -2.165 -2.270
21.121 60.00 62.1500 9.0 -2.146 -2.200
21.142 60.00 62.1500 9.0 -2.152 -2.225
21.161 60.00 62.1500 9.0 -2.152 -2.225
21.182 60.00 62.1600 9.0 -2.154 -2.224
21.201 60.00 62.1600 9.0 -2.159 -2.257
21.222 60.00 62.1500 9.0 -2.151 -2.220
21.241 60.00 62.1500 9.0 -2.151 -2.219
21.262 60.00 62.1500 9.0 -2.148 -2.197
21.281 60.00 62.1600 9.0 -2.159 -2.256
21.302 60.00 62.0600 9.0 -2.062 -1.848
21.321 60.00 62.1600 9.0 -2.159 -2.253
21.342 60.00 62.1700 9.0 -2.167 -2.275
21.361 60.00 62.1500 9.0 -2.148 -2.209
21.382 60.00 62.1600 9.0 -2.162 -2.265
21.401 60.00 62.1600 9.0 -2.157 -2.243
21.422 60.00 62.1500 9.0 -2.152 -2.213
21.442 60.00 62.1800 9.0 -2.179 -2.338
21.461 60.00 62.1500 9.0 -2.151 -2.217
21.482 60.00 62.1700 9.0 -2.171 -2.300
21.501 60.00 62.1500 9.0 -2.144 -2.175
21.522 60.00 62.1500 9.0 -2.144 -2.187
21.541 60.00 62.1700 9.0 -2.172 -2.303
21.562 60.00 62.1700 9.0 -2.166 -2.280
21.581 60.00 62.1700 9.0 -2.169 -2.280
21.602 60.00 62.1600 9.0 -2.156 -2.223
21.621 60.00 62.1600 9.0 -2.157 -2.226
21.642 60.00 62.1600 9.0 -2.162 -2.245
21.661 60.00 62.1500 9.0 -2.150 -2.196
21.682 60.00 62.1600 9.0 -2.157 -2.226
21.701 60.00 62.1600 9.0 -2.157 -2.223
21.722 60.00 62.1500 9.0 -2.149 -2.190
21.741 60.00 62.1700 9.0 -2.173 -2.291
21.762 60.00 62.1600 9.0 -2.161 -2.239
21.781 60.00 62.3400 9.0 -2.342 -2.999
21.802 60.00 62.1500 9.0 -2.148 -2.183
21.821 60.00 62.1600 9.0 -2.160 -2.232
21.842 60.00 62.1600 9.0 -2.155 -2.213
21.861 60.00 62.1700 9.0 -2.167 -2.264
21.882 60.00 62.1600 9.0 -2.159 -2.229
21.901 60.00 62.1500 9.0 -2.148 -2.183
21.922 60.00 62.1600 9.0 -2.160 -2.230
21.942 60.00 62.1700 9.0 -2.171 -2.276
21.961 60.00 62.1600 9.0 -2.161 -2.236
21.984 60.00 62.1700 9.0 -2.171 -2.275
22.003 60.00 62.1600 9.0 -2.162 -2.240
22.024 60.00 62.1600 9.0 -2.161 -2.235
22.043 60.00 62.1700 9.0 -2.164 -2.248
22.064 60.00 62.1500 9.0 -2.150 -2.186
22.083 60.00 62.1500 9.0 -2.150 -2.187
22.104 60.00 62.1600 9.0 -2.155 -2.207
22.123 60.00 62.1600 9.0 -2.157 -2.215
22.144 60.00 62.1600 9.0 -2.162 -2.236
22.163 60.00 62.1500 9.0 -2.154 -2.202
22.184 60.00 62.1600 9.0 -2.162 -2.238
22.203 60.00 62.1600 9.0 -2.160 -2.229
22.224 60.00 62.1500 9.0 -2.144 -2.159
22.243 60.00 62.1600 9.0 -2.163 -2.240
22.264 60.00 62.1600 9.0 -2.155 -2.207
22.283 60.00 62.1500 9.0 -2.151 -2.189
22.304 60.00 62.1500 9.0 -2.150 -2.183
22.323 60.00 62.1400 9.0 -2.139 -2.139
22.344 60.00 62.1500 9.0 -2.152 -2.193
22.363 60.00 62.1500 9.0 -2.154 -2.200
22.384 60.00 62.1600 9.0 -2.159 -2.221
22.403 60.00 62.1600 9.0 -2.155 -2.204
22.424 60.00 62.1700 9.0 -2.168 -2.261
22.443 60.00 62.1700 9.0 -2.171 -2.272
22.464 60.00 62.1500 9.0 -2.151 -2.187
22.484 60.00 62.1500 9.0 -2.147 -2.172
22.503 60.00 62.1600 9.0 -2.158 -2.215
22.524 60.00 62.1600 9.0 -2.160 -2.223
22.543 60.00 62.1500 9.0 -2.150 -2.181
22.564 60.00 62.1800 9.0 -2.179 -2.303
22.583 60.00 62.1600 9.0 -2.162 -2.231
22.604 60.00 62.1700 9.0 -2.168 -2.258
22.623 60.00 62.1600 9.0 -2.160 -2.225
22.644 60.00 62.1500 9.0 -2.148 -2.172
22.663 60.00 62.1700 9.0 -2.168 -2.257
22.684 60.00 62.1700 9.0 -2.166 -2.248
22.703 60.00 62.1700 9.0 -2.166 -2.245
22.724 60.00 62.1600 9.0 -2.157 -2.208
22.743 60.00 62.1700 9.0 -2.164 -2.238
22.764 60.00 62.1600 9.0 -2.160 -2.223
22.783 60.00 61.5300 9.0 -1.528 0.433
22.804 60.00 62.1600 9.0 -2.157 -2.217
22.822 60.00 62.1600 9.0 -2.161 -2.232
22.843 60.00 62.1600 9.0 -2.158 -2.218
22.862 60.00 62.1600 9.0 -2.158 -2.221
22.883 60.00 62.1700 9.0 -2.171 -2.272
22.902 60.00 62.1500 9.0 -2.148 -2.179
22.923 60.00 62.1600 9.0 -2.160 -2.226
22.943 60.00 62.1700 9.0 -2.172 -2.276
22.963 60.00 62.1700 9.0 -2.166 -2.252
22.983 60.00 62.1700 9.0 -2.166 -2.253
23.002 60.00 62.1700 9.0 -2.170 -2.266
23.024 60.00 62.1700 9.0 -2.168 -2.261
23.043 60.00 62.1600 9.0 -2.161 -2.231
23.064 60.00 62.1600 9.0 -2.160 -2.226
23.083 60.00 62.1600 9.0 -2.162 -2.232
23.104 60.00 62.1800 9.0 -2.181 -2.315
23.123 60.00 62.1600 9.0 -2.157 -2.212
23.144 60.00 62.1600 9.0 -2.154 -2.199
23.163 60.00 62.1600 9.0 -2.160 -2.222
23.184 60.00 62.1700 9.0 -2.165 -2.244
23.203 60.00 62.1600 9.0 -2.157 -2.211
23.224 60.00 62.1700 9.0 -2.164 -2.239
23.243 60.00 62.1700 9.0 -2.164 -2.241
23.264 60.00 62.1700 9.0 -2.166 -2.247
23.283 60.00 62.1600 9.0 -2.155 -2.202
23.304 60.00 62.1700 9.0 -2.169 -2.260
23.323 60.00 62.1600 9.0 -2.155 -2.199
23.344 60.00 62.1600 9.0 -2.157 -2.207
23.363 60.00 62.1700 9.0 -2.167 -2.250
23.384 60.00 62.1700 9.0 -2.167 -2.252
23.403 60.00 62.3300 9.0 -2.324 -2.910
23.424 60.00 62.1800 9.0 -2.182 -2.311
23.443 60.00 62.1700 9.0 -2.166 -2.242
23.464 60.00 62.1800 9.0 -2.174 -2.276
23.484 60.00 62.1600 9.0 -2.163 -2.231
23.504 60.00 62.1600 9.0 -2.161 -2.222
23.524 60.00 62.1700 9.0 -2.171 -2.261
23.543 60.00 62.1500 9.0 -2.153 -2.184
23.564 60.00 62.3300 9.0 -2.324 -2.904
23.583 60.00 62.1600 9.0 -2.163 -2.226
23.604 60.00 62.1600 9.0 -2.163 -2.225
23.623 60.00 62.1700 9.0 -2.164 -2.231
23.645 60.00 62.1700 9.0 -2.174 -2.270
23.664 60.00 62.1600 9.0 -2.162 -2.220
23.685 60.00 62.1800 9.0 -2.182 -2.306
23.704 60.00 62.1900 9.0 -2.184 -2.312
23.725 60.00 62.1700 9.0 -2.171 -2.255
23.744 60.00 62.1600 9.0 -2.161 -2.214
23.765 60.00 62.1600 9.0 -2.161 -2.216
23.784 60.00 62.1700 9.0 -2.167 -2.239
23.805 60.00 62.1700 9.0 -2.168 -2.245
23.824 60.00 62.1800 9.0 -2.183 -2.306
23.845 60.00 62.1800 9.0 -2.176 -2.277
23.864 60.00 62.1800 9.0 -2.179 -2.290
23.885 60.00 62.1800 9.0 -2.176 -2.274
23.904 60.00 62.1800 9.0 -2.179 -2.289
23.925 60.00 62.1800 9.0 -2.175 -2.271
23.944 60.00 62.1900 9.0 -2.186 -2.317
23.965 60.00 62.1600 9.0 -2.157 -2.195
23.984 60.00 62.1400 9.0 -2.134 -2.098
24.005 60.00 62.1700 9.0 -2.164 -2.223
24.025 60.00 62.2000 9.0 -2.194 -2.350
24.045 60.00 62.1900 9.0 -2.190 -2.332
24.066 60.00 62.1600 9.0 -2.162 -2.213
24.084 60.00 62.1800 9.0 -2.182 -2.296
24.105 60.00 62.1800 9.0 -2.178 -2.279
24.124 60.00 62.1800 9.0 -2.177 -2.274
24.145 60.00 62.1900 9.0 -2.192 -2.336
24.164 60.00 62.1700 9.0 -2.166 -2.226
24.185 60.00 62.1400 9.0 -2.141 -2.124
24.204 60.00 62.1900 9.0 -2.187 -2.316
24.225 60.00 61.8600 9.0 -1.860 -0.940
24.244 60.00 62.2000 9.0 -2.197 -2.361
24.265 60.00 62.1900 9.0 -2.184 -2.306
24.284 60.00 62.2000 9.0 -2.196 -2.355
24.305 60.00 62.1800 9.0 -2.180 -2.287
24.324 60.00 62.1900 9.0 -2.189 -2.324
24.345 60.00 62.1900 9.0 -2.191 -2.334
24.364 60.00 62.1500 9.0 -2.153 -2.171
24.385 60.00 62.1900 9.0 -2.189 -2.323
24.404 60.00 62.1800 9.0 -2.177 -2.272
24.425 60.00 62.1900 9.0 -2.187 -2.314
24.444 60.00 62.1800 9.0 -2.178 -2.276
24.465 60.00 62.1900 9.0 -2.184 -2.301
24.484 60.00 62.1800 9.0 -2.180 -2.286
24.505 60.00 62.1900 9.0 -2.189 -2.320
24.525 60.00 62.1800 9.0 -2.181 -2.290
24.544 60.00 62.1900 9.0 -2.188 -2.317
24.565 60.00 62.1900 9.0 -2.187 -2.311
24.584 60.00 62.1900 9.0 -2.185 -2.302
24.605 60.00 62.2000 9.0 -2.198 -2.359
24.624 60.00 62.1700 9.0 -2.173 -2.251
24.645 60.00 62.2000 9.0 -2.196 -2.349
24.664 60.00 62.1900 9.0 -2.187 -2.307
24.685 60.00 62.1900 9.0 -2.185 -2.300
24.704 60.00 62.1700 9.0 -2.171 -2.239
24.725 60.00 62.1700 9.0 -2.170 -2.235
24.744 60.00 62.1800 9.0 -2.177 -2.267
24.765 60.00 62.1700 9.0 -2.171 -2.238
24.784 60.00 62.1700 9.0 -2.172 -2.242
24.805 60.00 62.1900 9.0 -2.192 -2.328
24.824 60.00 62.1800 9.0 -2.175 -2.255
24.845 60.00 62.1700 9.0 -2.169 -2.231
24.864 60.00 62.1800 9.0 -2.181 -2.283
24.886 60.00 62.1800 9.0 -2.179 -2.271
24.905 60.00 62.1900 9.0 -2.187 -2.303
24.926 60.00 62.1800 9.0 -2.178 -2.266
24.945 60.00 62.1700 9.0 -2.164 -2.209
24.966 60.00 62.1700 9.0 -2.167 -2.222
24.985 60.00 62.1900 9.0 -2.186 -2.300
25.006 60.00 62.1700 9.0 -2.166 -2.217
25.026 60.00 62.1800 9.0 -2.176 -2.258
25.045 60.00 62.1700 9.0 -2.171 -2.234
25.067 60.00 62.1800 9.0 -2.176 -2.257
25.086 60.00 62.1800 9.0 -2.174 -2.248
25.107 60.00 62.1700 9.0 -2.166 -2.214
25.126 60.00 62.1800 9.0 -2.176 -2.257
25.147 60.00 62.1800 9.0 -2.180 -2.273
25.166 60.00 62.1900 9.0 -2.184 -2.290
25.187 60.00 62.1700 9.0 -2.169 -2.225
25.206 60.00 62.1700 9.0 -2.167 -2.218
25.227 60.00 62.1800 9.0 -2.174 -2.246
25.246 60.00 62.1600 9.0 -2.161 -2.190
25.267 60.00 62.1800 9.0 -2.174 -2.246
25.286 60.00 62.1800 9.0 -2.177 -2.258
25.307 60.00 62.1700 9.0 -2.168 -2.220
25.326 60.00 62.1900 9.0 -2.184 -2.286
25.347 60.00 62.1700 9.0 -2.173 -2.240
25.366 60.00 62.1900 9.0 -2.184 -2.287
25.387 60.00 62.1700 9.0 -2.164 -2.201
25.406 60.00 62.1800 9.0 -2.179 -2.263
25.427 60.00 62.1600 9.0 -2.157 -2.172
25.445 60.00 62.1700 9.0 -2.166 -2.207
25.466 60.00 62.1800 9.0 -2.176 -2.250
25.485 60.00 62.1900 9.0 -2.184 -2.284
25.506 60.00 62.1900 9.0 -2.188 -2.301
25.526 60.00 62.1700 9.0 -2.169 -2.221
25.546 60.00 62.1800 9.0 -2.181 -2.270
25.566 60.00 62.1400 9.0 -2.137 -2.084
25.585 60.00 62.1800 9.0 -2.180 -2.266
25.606 60.00 62.1700 9.0 -2.172 -2.230
25.625 60.00 62.1700 9.0 -2.166 -2.208
25.646 60.00 62.1800 9.0 -2.176 -2.250
25.665 60.00 62.1900 9.0 -2.187 -2.293
25.686 60.00 62.2000 9.0 -2.203 -2.363
25.705 60.00 62.1800 9.0 -2.179 -2.261
25.726 60.00 62.2000 9.0 -2.194 -2.323
25.745 60.00 62.1800 9.0 -2.181 -2.267
25.766 60.00 62.1800 9.0 -2.179 -2.258
25.785 60.00 62.1800 9.0 -2.178 -2.253
25.806 60.00 62.1700 9.0 -2.173 -2.232
25.825 60.00 62.1800 9.0 -2.177 -2.248
25.846 60.00 62.1800 9.0 -2.178 -2.252
25.865 60.00 62.1800 9.0 -2.182 -2.269
25.886 60.00 62.2000 9.0 -2.195 -2.323
25.905 60.00 62.1900 9.0 -2.188 -2.295
25.926 60.00 62.2000 9.0 -2.197 -2.333
25.945 60.00 62.1800 9.0 -2.183 -2.272
25.966 60.00 62.1900 9.0 -2.194 -2.316
25.985 60.00 62.1900 9.0 -2.192 -2.307
26.006 60.00 62.1800 9.0 -2.177 -2.245
26.026 60.00 62.2100 9.0 -2.204 -2.361
26.046 60.00 62.1900 9.0 -2.191 -2.305
26.066 60.00 62.2000 9.0 -2.195 -2.319
26.085 60.00 62.2100 9.0 -2.205 -2.362
26.107 60.00 62.2000 9.0 -2.196 -2.322
26.126 60.00 62.2000 9.0 -2.200 -2.339
26.147 60.00 62.1900 9.0 -2.193 -2.310
26.167 60.00 62.1800 9.0 -2.178 -2.245
26.188 60.00 62.1900 9.0 -2.187 -2.283
26.206 60.00 62.1800 9.0 -2.180 -2.255
26.227 60.00 62.1800 9.0 -2.182 -2.261
26.246 60.00 62.1800 9.0 -2.181 -2.257
26.267 60.00 62.1900 9.0 -2.188 -2.287
26.286 60.00 62.1900 9.0 -2.188 -2.287
26.307 60.00 62.2000 9.0 -2.195 -2.316
26.326 60.00 62.1900 9.0 -2.192 -2.302
26.347 60.00 62.1900 9.0 -2.185 -2.272
26.366 60.00 62.2000 9.0 -2.203 -2.349
26.387 60.00 62.2100 9.0 -2.206 -2.360
26.406 60.00 62.2000 9.0 -2.203 -2.348
26.427 60.00 62.1900 9.0 -2.194 -2.306
26.446 60.00 62.2000 9.0 -2.202 -2.342
0.501 62.20 62.2000 9.0 -0.002 -0.355
1.001 62.18 62.2000 9.0 -0.024 -0.564
1.501 62.16 62.2000 9.0 -0.042 -0.741
2.001 62.13 62.2200 9.0 -0.090 -0.985
2.501 62.10 62.2100 9.0 -0.111 -1.129
3.001 62.06 62.2100 9.0 -0.151 -1.313
3.501 62.02 62.1900 9.0 -0.167 -1.406
4.001 61.98 62.2200 9.0 -0.243 -1.668
4.501 61.93 62.2200 9.0 -0.297 -1.846
5.001 61.88 62.2300 9.0 -0.349 -2.004
5.500 61.82 62.2200 9.0 -0.401 -2.148
6.001 61.77 62.2300 9.0 -0.462 -2.308
6.501 61.71 62.2300 9.0 -0.527 -2.469
7.001 61.64 62.2300 9.0 -0.586 -2.600
7.501 61.58 62.2200 9.0 -0.635 -2.692
8.001 61.51 62.2400 9.0 -0.729 -2.915
8.501 61.45 62.2100 9.0 -0.769 -2.961
9.001 61.37 62.1900 9.0 -0.811 -3.007
9.501 61.30 62.2100 9.0 -0.909 -3.221
10.001 61.23 62.2100 9.0 -0.985 -3.355
10.501 61.15 62.2200 9.0 -1.064 -3.490
11.001 61.08 62.2100 9.0 -1.129 -3.422
11.501 61.01 62.2300 9.0 -1.213 -3.394
12.001 60.95 62.2100 9.0 -1.260 -3.273
12.501 60.89 62.2000 9.0 -1.312 -3.185
13.002 60.84 62.2100 9.0 -1.365 -2.927
13.501 60.80 62.2100 9.0 -1.406 -2.672
14.000 60.77 62.2100 9.0 -1.445 -2.449
14.501 60.75 62.2100 9.0 -1.463 -2.194
15.001 60.73 62.2000 9.0 -1.466 -1.926
15.501 60.72 62.2100 9.0 -1.485 -1.737
16.001 60.72 62.1900 9.0 -1.470 -1.473
16.501 60.73 62.2100 9.0 -1.482 -1.320
17.001 60.74 62.2000 9.0 -1.460 -1.086
17.501 60.75 62.2100 9.0 -1.460 -0.942
18.001 60.78 62.1900 9.0 -1.418 -0.691
0.501 62.18 62.2100 0.0 -0.025 -0.426
1.001 62.16 62.2000 0.0 -0.037 -0.603
1.501 62.14 62.1900 0.0 -0.049 -0.758
2.001 62.11 62.2100 0.0 -0.096 -0.997
2.501 62.08 62.2000 0.0 -0.123 -1.159
3.001 62.04 62.2300 0.0 -0.180 -1.394
3.501 62.00 62.2200 0.0 -0.211 -1.528
4.001 61.96 62.2000 0.0 -0.237 -1.635
4.501 61.91 62.1900 0.0 -0.275 -1.767
5.001 61.86 62.2000 0.0 -0.338 -1.961
5.501 61.81 62.1900 0.0 -0.377 -2.071
6.000 61.75 62.1800 0.0 -0.428 -2.203
6.501 61.69 62.1800 0.0 -0.484 -2.343
7.001 61.63 62.1600 0.0 -0.532 -2.445
7.501 61.57 62.1500 0.0 -0.589 -2.567
8.001 61.50 62.1500 0.0 -0.653 -2.703
8.501 61.43 62.1500 0.0 -0.717 -2.830
9.001 61.36 62.1200 0.0 -0.762 -2.891
9.501 61.29 62.1300 0.0 -0.842 -3.053
10.001 61.21 62.1000 0.0 -0.887 -3.101
10.501 61.14 62.1000 0.0 -0.963 -3.239
11.000 61.07 62.0800 0.0 -1.014 -3.106
11.501 61.00 62.0700 0.0 -1.066 -2.999
12.001 60.94 62.0700 0.0 -1.128 -2.941
12.501 60.88 62.0300 0.0 -1.152 -2.781
13.001 60.82 62.0300 0.0 -1.208 -2.739
13.501 60.77 62.0100 0.0 -1.241 -2.639
14.001 60.72 61.9900 0.0 -1.265 -2.527
14.501 60.68 61.9800 0.0 -1.303 -2.470
15.001 60.64 61.9500 0.0 -1.311 -2.338
15.501 60.60 61.9400 0.0 -1.347 -2.301
16.001 60.56 61.9000 0.0 -1.340 -2.147
16.501 60.52 61.8700 0.0 -1.350 -2.055
17.001 60.49 61.8700 0.0 -1.379 -2.032
17.501 60.46 61.8500 0.0 -1.385 -1.948
18.001 60.43 61.8200 0.0 -1.386 -1.859
18.501 60.40 61.8000 0.0 -1.397 -1.810
19.001 60.38 61.7700 0.0 -1.394 -1.725
19.501 60.36 61.7300 0.0 -1.379 -1.610
20.001 60.33 61.7300 0.0 -1.392 -1.591
20.501 60.31 61.7000 0.0 -1.387 -1.521
21.001 60.29 61.6800 0.0 -1.388 -1.475
21.501 60.27 61.6400 0.0 -1.364 -1.362
22.001 60.26 61.6200 0.0 -1.364 -1.327
22.501 60.24 61.5800 0.0 -1.342 -1.232
23.001 60.23 61.5400 0.0 -1.313 -1.122
23.501 60.21 61.5200 0.0 -1.309 -1.093
24.001 60.20 61.4900 0.0 -1.289 -1.020
24.501 60.19 61.4600 0.0 -1.275 -0.971
25.001 60.17 61.4300 0.0 -1.255 -0.908
25.501 60.16 61.4000 0.0 -1.236 -0.850
26.001 60.15 61.3600 0.0 -1.208 -0.768
26.501 60.14 61.3300 0.0 -1.181 -0.697
27.001 60.14 61.2800 0.0 -1.149 -0.612
27.501 60.13 61.2500 0.0 -1.123 -0.550
28.001 60.12 61.2100 0.0 -1.089 -0.467
28.501 60.11 61.1800 0.0 -1.066 -0.425
29.001 60.10 61.1300 0.0 -1.023 -0.319
29.500 60.10 61.1000 0.0 -1.007 -0.304
30.001 60.09 61.0700 0.0 -0.974 -0.238
30.501 60.09 61.0200 0.0 -0.937 -0.160
31.001 60.08 60.9800 0.0 -0.897 -0.078
31.501 60.08 60.9500 0.0 -0.878 -0.063
32.000 60.07 60.9000 0.3 -0.829 0.045
32.501 60.07 60.8500 0.8 -0.786 0.126
33.001 60.06 60.8300 0.9 -0.766 0.139
33.500 60.06 60.7900 1.2 -0.732 0.191
34.001 60.05 60.7600 1.3 -0.707 0.215
34.501 60.05 60.7100 2.0 -0.656 0.318
35.001 60.05 60.6700 2.3 -0.621 0.368
35.501 60.05 60.6300 2.6 -0.586 0.419
36.000 60.04 60.5900 3.0 -0.548 0.476
36.501 60.04 60.5400 3.5 -0.498 0.566
37.001 60.04 60.5100 3.7 -0.472 0.583
37.501 60.03 60.4500 4.3 -0.417 0.685
38.001 60.03 60.4100 4.6 -0.382 0.727
38.501 60.03 60.3800 4.9 -0.346 0.769
39.001 60.03 60.3500 5.0 -0.317 0.789
39.501 60.03 60.3000 5.4 -0.275 0.852
40.001 60.03 60.2700 5.5 -0.247 0.867
40.501 60.02 60.2300 6.0 -0.202 0.938
41.001 60.02 60.1700 6.6 -0.149 1.028
41.500 60.02 60.1300 7.0 -0.106 1.085
42.001 60.02 60.0900 7.2 -0.070 1.121
42.501 60.02 60.0600 7.3 -0.043 1.131
43.000 60.02 60.0200 7.7 -0.001 1.184
43.501 60.02 59.9700 8.2 0.050 1.266
44.001 60.02 59.9100 8.7 0.101 1.345
44.501 60.01 59.8900 8.7 0.123 1.335
45.001 60.01 59.8600 8.8 0.155 1.356
45.501 60.01 59.8200 9.1 0.194 1.400
46.001 60.01 59.7600 9.7 0.247 1.488
46.501 60.01 59.7700 9.1 0.237 1.379
47.001 60.01 59.7000 10.0 0.310 1.528
47.501 60.01 59.6700 10.2 0.340 1.545
48.001 60.01 59.6100 10.8 0.397 1.642
48.501 60.01 59.5800 11.0 0.428 1.657
49.001 60.01 59.5400 11.2 0.464 1.691
49.500 60.01 59.5200 11.2 0.487 1.684
50.001 60.01 59.4700 11.8 0.539 1.765
50.501 60.01 59.4400 11.9 0.569 1.779
51.001 60.01 59.3900 12.4 0.618 1.852
51.501 60.01 59.3600 12.4 0.643 1.852
52.002 60.01 59.3300 12.6 0.678 1.880
52.501 60.01 59.3000 12.8 0.707 1.894
53.001 60.00 59.2700 12.9 0.735 1.902
53.501 60.00 59.2400 13.1 0.767 1.926
54.001 60.00 59.1800 13.6 0.819 2.012
54.501 60.00 59.1800 13.4 0.826 1.959
55.001 60.00 59.1200 14.0 0.881 2.053
55.501 60.00 59.1000 14.0 0.905 2.052
56.001 60.00 59.0800 14.0 0.925 2.040
56.501 60.00 59.0500 14.2 0.953 2.056
57.001 60.00 59.0300 14.1 0.969 2.035
57.501 60.00 59.0000 14.3 1.002 2.067
58.001 60.00 58.9600 14.8 1.047 2.136
58.501 60.00 58.9500 14.6 1.055 2.093
59.001 60.00 58.9300 14.5 1.069 2.070
59.501 60.00 58.9300 14.3 1.075 2.026
60.001 60.00 58.8800 14.8 1.119 2.100
60.501 60.00 58.8700 14.7 1.134 2.081
61.001 60.00 58.8600 14.6 1.144 2.054
61.501 60.00 58.8500 14.5 1.151 2.019
62.001 60.00 58.8400 14.3 1.161 1.993
62.501 60.00 58.8200 14.5 1.184 2.010
63.001 60.00 58.7900 14.7 1.207 2.028
63.501 60.00 58.7800 14.6 1.220 2.016
64.001 60.00 58.7900 14.2 1.208 1.931
64.501 60.00 58.7700 14.3 1.230 1.951
65.001 60.00 58.7700 14.1 1.227 1.897
65.501 60.00 58.7700 14.0 1.234 1.877
66.001 60.00 58.7400 14.2 1.259 1.913
66.500 60.00 58.7500 13.9 1.253 1.853
67.001 60.00 58.7300 14.0 1.268 1.860
67.501 60.00 58.7400 13.7 1.261 1.802
68.001 60.00 58.7300 13.7 1.270 1.796
68.501 60.00 58.7400 13.3 1.258 1.727
69.001 60.00 58.7400 13.2 1.260 1.705
69.501 60.00 58.7500 12.8 1.246 1.634
70.001 60.00 58.7500 12.9 1.255 1.638
70.501 60.00 58.7800 12.2 1.224 1.520
71.001 60.00 58.7500 12.6 1.247 1.570
71.501 60.00 58.7600 12.3 1.237 1.519
72.001 60.00 58.7700 12.1 1.227 1.475
72.501 60.00 58.7800 11.8 1.220 1.436
73.001 60.00 58.7900 11.6 1.210 1.393
73.501 60.00 58.8000 11.4 1.202 1.358
74.001 60.00 58.8000 11.3 1.196 1.329
74.501 60.00 58.8100 11.2 1.193 1.311
75.001 60.00 58.8400 10.6 1.159 1.205
75.501 60.00 58.8200 10.9 1.176 1.252
76.001 60.00 58.8300 10.8 1.171 1.231
76.501 60.00 58.8500 10.4 1.149 1.164
77.001 60.00 58.8500 10.5 1.152 1.170
77.501 60.00 58.8600 10.2 1.137 1.123
78.001 60.00 58.8800 10.0 1.123 1.083
78.501 60.00 58.8800 10.0 1.119 1.073
79.002 60.01 58.8900 11.1 1.115 1.253
79.501 60.02 58.9000 12.2 1.118 1.428
80.001 60.04 58.9400 12.7 1.092 1.495
80.501 60.06 58.9500 13.8 1.105 1.663
81.001 60.09 58.9700 14.6 1.113 1.799
81.501 60.12 59.0000 15.4 1.121 1.913
82.001 60.15 58.9900 16.7 1.161 2.111
82.501 60.20 59.0200 17.4 1.176 2.218
83.001 60.24 59.0300 18.3 1.205 2.352
83.501 60.29 59.0600 19.0 1.231 2.463
84.001 60.34 59.0500 20.2 1.284 2.642
84.500 60.39 59.0900 20.7 1.305 2.712
85.001 60.45 59.0900 21.8 1.360 2.877
85.501 60.51 59.1200 22.2 1.388 2.946
86.001 60.57 59.1200 23.3 1.447 3.103
86.501 60.63 59.1500 23.8 1.479 3.167
87.001 60.70 59.1500 24.9 1.551 3.343
87.501 60.77 59.1800 25.4 1.587 3.401
88.001 60.84 59.1900 26.3 1.648 3.531
88.501 60.91 59.1900 27.3 1.720 3.683
89.001 60.99 59.2500 27.3 1.739 3.671
89.501 61.06 59.2600 28.1 1.799 3.777
90.001 61.14 59.3000 28.4 1.838 3.815
90.501 61.22 59.3300 28.9 1.888 3.883
91.001 61.30 59.3700 29.2 1.926 3.914
91.501 61.38 59.3900 29.9 1.986 4.007
92.001 61.46 59.4100 30.7 2.054 4.120
92.501 61.55 59.4300 31.3 2.114 4.203
93.001 61.63 59.4900 31.3 2.143 4.191
93.501 61.72 59.5000 32.1 2.211 4.297
94.001 61.80 59.5600 32.0 2.239 4.276
94.501 61.89 59.6000 32.4 2.285 4.313
95.001 61.98 59.6500 32.7 2.333 4.353
95.501 62.07 59.7000 32.9 2.371 4.362
96.000 62.16 59.7400 33.2 2.417 4.396
96.501 62.25 59.8000 33.3 2.450 4.392
97.001 62.34 59.8500 33.5 2.488 4.403
97.501 62.43 59.8900 34.0 2.543 4.466
98.001 62.52 59.9500 34.0 2.575 4.458
98.501 62.61 59.9800 34.6 2.633 4.529
99.001 62.71 60.0500 34.5 2.654 4.488
99.500 62.80 60.0900 34.9 2.705 4.540
100.001 62.89 60.1900 34.3 2.699 4.421
100.501 62.99 60.2400 34.8 2.752 4.483
101.001 63.08 60.3000 34.7 2.777 4.462
101.501 63.18 60.3700 34.9 2.812 4.469
102.001 63.27 60.4400 34.8 2.833 4.440
102.501 63.37 60.5000 35.0 2.865 4.443
103.001 63.46 60.6100 34.4 2.857 4.331
103.501 63.56 60.6400 35.2 2.922 4.441
104.001 63.66 60.4700 39.7 3.189 5.154
104.501 63.75 60.8100 34.5 2.941 4.294
105.001 63.85 60.9000 34.2 2.946 4.231
105.501 63.95 60.9700 34.4 2.973 4.239
106.001 64.04 61.0900 33.6 2.953 4.106
106.501 64.14 61.1800 33.4 2.956 4.046
107.001 64.24 61.2800 33.0 2.954 3.976
107.501 64.34 61.3400 33.5 2.991 4.030
108.001 64.43 61.4600 32.9 2.977 3.926
108.501 64.53 61.5500 32.9 2.985 3.896
109.001 64.63 61.6600 32.3 2.967 3.790
109.501 64.73 61.7500 32.2 2.975 3.765
110.000 64.83 61.8600 31.8 2.964 3.685
110.501 64.92 61.9700 31.4 2.951 3.606
111.001 65.02 62.0800 31.1 2.943 3.543
111.501 65.12 62.1800 31.0 2.942 3.506
112.001 65.22 62.3000 30.5 2.922 3.411
112.500 65.32 62.3800 30.8 2.940 3.440
113.001 65.42 62.5200 29.8 2.894 3.272
113.501 65.52 62.6100 30.1 2.910 3.299
114.000 65.61 62.7500 29.2 2.865 3.140
114.501 65.71 62.8500 29.2 2.865 3.126
115.001 65.81 62.9900 28.4 2.826 2.995
115.501 65.91 63.0900 28.3 2.819 2.964
116.001 66.01 63.2300 27.7 2.783 2.848
116.501 66.11 63.3300 27.8 2.785 2.853
117.001 66.21 63.4800 26.9 2.734 2.698
117.501 66.31 63.5800 26.9 2.728 2.683
118.001 66.41 63.7000 26.5 2.704 2.616
118.501 66.51 63.8500 25.8 2.658 2.482
119.001 66.61 63.9800 25.4 2.632 2.416
119.501 66.71 64.0700 25.6 2.634 2.437
120.001 66.81 64.2200 24.8 2.584 2.302
120.501 66.91 64.3300 24.8 2.571 2.281
121.001 67.01 64.4800 24.1 2.528 2.172
121.501 67.10 64.5800 24.2 2.524 2.182
122.001 67.20 64.7300 23.4 2.470 2.041
122.500 67.30 64.8600 23.2 2.446 1.997
123.001 67.40 65.0000 22.7 2.405 1.902
123.501 67.50 65.1100 22.7 2.394 1.902
124.000 67.60 65.2400 22.3 2.360 1.830
124.501 67.70 65.3700 22.1 2.333 1.782
125.001 67.80 65.5100 21.5 2.289 1.688
125.501 67.90 65.6300 21.5 2.272 1.672
126.001 68.00 65.7700 21.0 2.232 1.593
126.501 68.10 65.8900 20.9 2.212 1.571
127.001 68.20 66.0200 20.6 2.179 1.514
127.500 68.30 66.1700 20.1 2.132 1.414
128.001 68.40 66.2700 20.3 2.129 1.452
128.501 68.50 66.4400 19.3 2.058 1.281
129.001 68.60 66.5400 19.7 2.063 1.344
129.501 68.70 66.6600 19.6 2.040 1.319
130.001 68.80 66.8000 19.1 1.998 1.238
130.501 68.90 66.9200 19.1 1.977 1.225
131.001 69.00 66.6500 26.2 2.346 2.379
131.500 69.10 67.1900 18.2 1.912 1.073
132.001 69.20 67.3100 18.2 1.892 1.067
132.501 69.30 67.4300 18.1 1.867 1.043
133.002 69.40 67.5500 18.1 1.845 1.030
133.501 69.50 67.6800 17.9 1.817 0.998
134.001 69.60 67.8100 17.7 1.787 0.959
134.501 69.70 67.9300 17.6 1.766 0.949
135.001 69.80 68.0700 17.4 1.734 0.901
135.501 69.90 68.1700 17.6 1.728 0.936
136.001 70.00 68.3000 17.5 1.703 0.911
136.501 70.10 68.4200 17.4 1.681 0.894
137.001 70.20 68.5300 17.5 1.668 0.905
137.501 70.30 68.6500 17.4 1.647 0.889
138.001 70.40 68.7700 17.4 1.632 0.892
138.501 70.50 68.9100 16.9 1.586 0.800
139.001 70.60 69.0000 17.4 1.598 0.887
139.501 70.70 69.1300 17.2 1.567 0.838
140.001 70.80 69.2200 17.6 1.576 0.909
140.501 70.90 69.3500 17.5 1.553 0.882
141.001 71.00 69.4600 17.6 1.541 0.890
141.501 71.10 69.5800 17.4 1.520 0.866
142.001 71.20 69.6600 18.1 1.541 0.969
142.501 71.30 69.7900 17.8 1.513 0.921
143.001 71.40 69.8800 18.1 1.516 0.970
143.501 71.50 70.0100 17.9 1.491 0.928
144.001 71.60 70.1100 18.2 1.493 0.969
144.501 71.70 70.2100 18.3 1.489 0.989
145.001 71.80 70.3000 18.8 1.503 1.062
145.501 71.90 70.4200 18.5 1.473 1.002
146.001 72.00 70.5100 19.0 1.489 1.079
146.501 72.10 70.6200 18.9 1.477 1.067
147.001 72.20 70.7000 19.5 1.499 1.159
147.501 72.30 70.8000 19.6 1.494 1.166
148.001 72.40 70.9100 19.6 1.489 1.171
148.501 72.50 71.0100 19.7 1.484 1.176
149.001 72.60 71.1100 20.0 1.492 1.220
149.501 72.70 71.1900 20.4 1.508 1.284
150.001 72.80 71.2800 20.8 1.521 1.338
150.501 72.90 71.3800 20.9 1.519 1.344
151.001 73.00 71.4700 21.1 1.525 1.373
151.501 73.10 71.5700 21.2 1.530 1.395
152.001 73.20 71.7100 20.6 1.493 1.293
152.501 73.30 71.8100 20.7 1.492 1.302
153.001 73.40 71.9000 20.9 1.497 1.329
153.501 73.50 72.0000 21.1 1.497 1.342
154.001 73.60 72.1000 21.1 1.495 1.343
154.501 73.70 72.1700 21.8 1.527 1.450
155.001 73.80 72.2600 22.0 1.535 1.477
155.501 73.90 72.3700 21.9 1.528 1.462
156.001 74.00 72.4500 22.4 1.550 1.532
156.501 74.10 72.5000 23.3 1.596 1.672
157.001 74.20 72.6300 22.8 1.567 1.580
157.502 74.30 72.6900 23.6 1.611 1.710
158.001 74.40 72.8000 23.4 1.601 1.675
158.501 74.50 72.8700 23.9 1.628 1.749
159.001 74.60 72.9700 23.9 1.623 1.727
159.501 74.70 73.0500 24.3 1.645 1.787
160.001 74.80 73.1300 24.6 1.663 1.832
160.501 74.90 73.2200 24.9 1.682 1.880
161.001 75.00 73.3100 25.0 1.687 1.882
161.501 75.10 73.3800 25.4 1.713 1.947
162.001 75.20 73.4700 25.7 1.728 1.978
162.501 75.30 73.5500 26.0 1.746 2.016
163.001 75.40 73.6500 25.9 1.748 2.006
163.501 75.50 73.7200 26.5 1.779 2.081
164.001 75.60 73.8000 26.7 1.796 2.113
164.501 75.70 73.9100 26.5 1.789 2.073
165.000 75.80 73.9900 26.9 1.812 2.123
165.501 75.90 74.0900 26.6 1.802 2.076
166.001 76.00 74.1800 26.9 1.819 2.108
166.501 76.10 74.2700 27.0 1.827 2.116
167.001 76.20 74.3500 27.3 1.847 2.155
167.501 76.30 74.4600 27.0 1.835 2.102
168.001 76.40 74.5600 27.0 1.836 2.086
168.501 76.50 74.6500 27.2 1.852 2.121
169.001 76.60 74.7400 27.3 1.860 2.127
169.501 76.70 74.8400 27.2 1.855 2.096
170.000 76.80 74.9400 27.2 1.856 2.084
170.501 76.90 75.0500 26.9 1.844 2.034
171.001 77.00 75.1400 27.1 1.854 2.051
171.501 77.10 75.2500 26.9 1.843 2.007
172.001 77.20 75.3200 27.4 1.874 2.090
172.502 77.30 75.4700 26.4 1.823 1.923
173.001 77.40 75.5500 26.8 1.843 1.977
173.501 77.50 75.7000 26.0 1.801 1.842
174.001 77.60 75.7700 26.5 1.823 1.905
174.501 77.70 75.8700 26.5 1.824 1.902
175.001 77.80 75.9900 26.3 1.812 1.861
175.501 77.90 76.0900 26.1 1.802 1.829
176.001 78.00 76.1900 26.3 1.810 1.853
176.502 78.10 76.2900 26.3 1.809 1.846
177.001 78.20 76.4100 25.9 1.787 1.776
177.501 78.30 76.5200 25.8 1.776 1.744
178.001 78.40 76.6000 26.3 1.798 1.812
178.501 78.50 76.7100 26.0 1.782 1.765
179.001 78.60 76.8200 25.9 1.773 1.738
179.501 78.70 76.9400 25.6 1.757 1.692
180.001 78.80 77.0300 25.9 1.766 1.725
180.502 78.90 77.1400 25.8 1.757 1.698
181.001 79.00 77.2600 25.4 1.734 1.633
181.501 79.10 77.3600 25.5 1.734 1.641
182.001 79.20 77.4700 25.4 1.725 1.620
182.501 79.30 77.5800 25.3 1.713 1.590
183.001 79.40 77.6900 25.2 1.707 1.578
183.501 79.50 77.7900 25.3 1.708 1.589
184.001 79.60 77.9100 25.1 1.687 1.535
184.502 79.70 78.0100 25.1 1.684 1.535
185.001 79.80 78.1000 25.4 1.696 1.581
185.501 79.90 78.2200 25.2 1.680 1.540
186.001 80.00 78.3200 25.2 1.675 1.534
186.501 80.10 78.4400 25.0 1.659 1.495
187.000 80.20 78.5500 24.9 1.647 1.468
187.501 80.30 78.6600 24.8 1.640 1.458
188.001 80.40 78.7500 25.1 1.645 1.486
188.502 80.50 78.8600 25.0 1.640 1.479
189.001 80.60 78.9700 24.9 1.626 1.449
189.501 80.70 79.0800 24.8 1.617 1.431
190.001 80.80 79.1900 24.8 1.611 1.425
190.501 80.90 79.3000 24.6 1.595 1.391
191.001 81.00 79.4100 24.5 1.583 1.365
191.501 81.10 79.5100 24.8 1.591 1.402
192.000 81.20 79.6300 24.4 1.563 1.331
192.501 81.30 79.7300 24.6 1.569 1.363
193.001 81.40 79.8200 24.9 1.576 1.399
193.501 81.50 79.9600 24.2 1.537 1.293
194.001 81.60 80.0600 24.4 1.537 1.307
194.501 81.70 80.1700 24.3 1.527 1.292
195.001 81.80 80.2600 24.6 1.535 1.331
195.501 81.90 80.3900 24.2 1.507 1.258
196.001 82.00 80.4900 24.3 1.509 1.280
196.501 82.10 80.6000 24.2 1.496 1.255
197.001 82.20 80.6800 24.7 1.517 1.334
197.501 82.30 80.8000 24.4 1.495 1.278
198.001 82.40 80.8900 24.8 1.508 1.332
198.501 82.50 81.0100 24.5 1.488 1.283
199.001 82.60 81.1000 24.8 1.499 1.330
199.501 82.70 81.2300 24.3 1.465 1.237
200.001 82.80 81.3300 24.5 1.470 1.266
200.501 82.90 81.4400 24.4 1.460 1.248
201.001 83.00 81.5300 24.6 1.465 1.277
201.501 83.10 81.6500 24.4 1.444 1.227
202.001 83.20 81.7400 24.6 1.452 1.265
202.501 83.30 81.8400 24.7 1.452 1.275
203.001 83.40 81.9600 24.5 1.434 1.231
203.501 83.50 82.0500 24.8 1.446 1.280
204.001 83.60 82.1500 24.8 1.441 1.278
204.501 83.70 82.2700 24.7 1.430 1.255
205.001 83.80 82.3500 25.1 1.448 1.318
205.501 83.90 82.4700 24.9 1.428 1.268
206.001 84.00 82.5500 25.3 1.447 1.333
206.501 84.10 82.6600 25.2 1.436 1.308
207.001 84.20 82.7600 25.2 1.434 1.310
207.501 84.30 82.8600 25.3 1.432 1.312
208.001 84.40 83.0100 24.5 1.385 1.179
208.501 84.50 83.0700 25.2 1.421 1.298
209.001 84.60 83.2000 24.8 1.393 1.223
209.501 84.70 83.2700 25.5 1.425 1.328
210.001 84.80 83.3800 25.3 1.411 1.292
210.501 84.90 83.4900 25.3 1.407 1.288
211.001 85.00 83.6100 25.1 1.389 1.243
211.501 85.10 83.7200 24.9 1.378 1.219
212.001 85.20 83.8000 25.3 1.393 1.273
212.501 85.30 83.8900 25.7 1.409 1.330
213.001 85.40 84.0200 25.2 1.378 1.242
213.501 85.49 84.1000 25.6 1.394 1.299
214.001 85.59 84.2000 25.6 1.392 1.298
214.501 85.69 84.3000 25.7 1.394 1.309
215.001 85.79 84.3900 25.9 1.401 1.335
215.501 85.89 84.5100 25.6 1.381 1.279
216.001 85.99 84.6100 25.8 1.387 1.303
216.501 86.09 84.7000 26.0 1.398 1.342
217.001 86.19 84.8000 26.1 1.399 1.349
217.501 86.29 84.8800 26.5 1.416 1.404
218.001 86.39 84.9700 26.6 1.422 1.420
218.501 86.49 85.1000 26.1 1.394 1.339
219.000 86.59 85.1800 26.5 1.413 1.397
219.501 86.69 85.2800 26.6 1.411 1.394
220.001 86.79 85.3900 26.4 1.401 1.363
220.501 86.89 85.5000 26.4 1.399 1.360
221.001 86.99 85.5900 26.6 1.407 1.388
221.501 87.09 85.6800 26.8 1.414 1.410
222.001 87.19 85.7600 27.1 1.431 1.460
222.501 87.29 85.8600 27.2 1.434 1.467
223.001 87.39 85.9500 27.5 1.448 1.508
223.501 87.49 86.0400 27.6 1.451 1.512
224.001 87.59 86.1400 27.6 1.453 1.516
224.501 87.69 86.2600 27.2 1.432 1.447
225.001 87.79 86.3500 27.6 1.449 1.497
225.501 87.89 86.4300 27.9 1.468 1.551
226.001 87.99 86.5800 27.0 1.414 1.384
226.501 88.09 86.6200 28.1 1.473 1.565
227.001 88.19 86.7100 28.2 1.480 1.579
227.500 88.29 86.8200 28.2 1.476 1.561
228.001 88.39 86.9200 28.1 1.471 1.541
228.501 88.49 87.0000 28.6 1.496 1.610
229.001 88.59 87.1200 27.0 1.471 1.353
229.501 88.68 87.2100 26.0 1.472 1.185
230.001 88.76 87.3100 24.7 1.449 0.970
230.501 88.84 87.4000 23.6 1.432 0.796
231.001 88.91 87.5100 22.4 1.399 0.590
231.501 88.98 87.6100 21.3 1.366 0.405
232.001 89.04 87.7100 20.1 1.328 0.223
232.501 89.10 87.8400 18.7 1.266 -0.014
233.001 89.16 87.9500 17.4 1.205 -0.229
233.501 89.21 88.0500 16.5 1.164 -0.368
234.001 89.26 88.1500 15.4 1.105 -0.546
234.501 89.31 88.2400 14.8 1.071 -0.640
235.000 89.35 88.3400 13.7 1.005 -0.816
235.501 89.39 88.4400 12.9 0.953 -0.941
236.001 89.43 88.5200 12.3 0.906 -1.040
236.501 89.46 88.6300 11.3 0.838 -1.192
237.001 89.50 88.7300 10.3 0.768 -1.342
237.501 89.53 88.8100 9.9 0.722 -1.413
238.001 89.56 88.8900 9.2 0.664 -1.512
238.501 89.59 88.9800 8.6 0.606 -1.605
239.000 89.61 89.0800 7.8 0.534 -1.734
239.501 89.64 89.1700 7.1 0.471 -1.831
240.001 89.66 89.2500 6.5 0.405 -1.930
240.501 89.68 89.3600 5.5 0.319 -2.084
241.001 89.70 89.4300 5.2 0.271 -2.117
241.501 89.72 89.5000 4.9 0.218 -2.164
242.001 89.74 89.5800 4.3 0.151 -2.251
242.501 89.75 89.6800 3.5 0.070 -2.378
243.001 89.77 89.7700 2.9 0.001 -2.465
243.501 89.78 89.8400 2.6 -0.053 -2.499
244.000 89.80 89.9200 2.0 -0.123 -2.585
244.501 89.81 90.0000 1.5 -0.191 -2.661
245.001 89.82 90.0700 1.1 -0.248 -2.701
245.500 89.83 90.1400 0.8 -0.306 -2.742
246.001 89.84 90.2000 0.6 -0.356 -2.761
246.501 89.85 90.2700 0.2 -0.420 -2.825
247.001 89.86 90.3100 0.4 -0.446 -2.770
247.501 89.87 90.3800 0.1 -0.506 -2.822
248.000 89.88 90.4500 0.0 -0.570 -2.885
248.501 89.89 90.5000 0.0 -0.618 -2.899
249.001 89.89 90.5500 0.0 -0.660 -2.897
249.501 89.90 90.6000 0.0 -0.698 -2.886
250.001 89.91 90.6600 0.0 -0.753 -2.924
250.501 89.91 90.7200 0.0 -0.809 -2.970
251.001 89.92 90.7300 0.0 -0.811 -2.851
251.501 89.92 90.7800 0.0 -0.859 -2.878
252.001 89.93 90.8300 0.0 -0.900 -2.885
252.501 89.93 90.8500 0.0 -0.919 -2.827
253.001 89.94 90.8900 0.0 -0.955 -2.822
253.501 89.94 90.9200 0.2 -0.978 -2.783
254.001 89.94 90.9500 0.2 -1.011 -2.779
254.501 89.95 90.9700 0.5 -1.027 -2.723
255.001 89.95 91.0000 0.7 -1.046 -2.679
255.500 89.95 91.0200 0.9 -1.063 -2.634
256.001 89.96 91.0300 1.2 -1.071 -2.567
256.501 89.96 91.1000 0.3 -1.144 -2.697
257.001 89.96 91.0500 1.9 -1.086 -2.432
257.501 89.96 91.0700 2.0 -1.104 -2.407
258.001 89.97 91.0700 2.4 -1.108 -2.342
258.501 89.97 91.0800 2.8 -1.107 -2.266
259.000 89.97 91.1000 2.8 -1.126 -2.253
259.502 89.97 91.1000 3.1 -1.130 -2.199
260.001 89.97 91.0900 3.6 -1.117 -2.097
260.501 89.98 91.0700 4.4 -1.094 -1.970
261.001 89.98 91.0800 4.4 -1.108 -1.959
261.501 89.98 91.0700 4.9 -1.095 -1.870
262.001 89.98 91.0800 5.0 -1.104 -1.851
262.501 89.98 91.0700 5.5 -1.084 -1.748
263.001 89.98 91.0500 6.1 -1.065 -1.651
263.501 89.98 91.0500 6.2 -1.071 -1.634
264.001 89.98 91.0500 6.4 -1.069 -1.596
264.500 89.99 91.0200 7.2 -1.031 -1.451
265.001 89.99 91.0000 7.7 -1.013 -1.373
265.501 89.99 90.9900 7.9 -1.004 -1.325
266.001 89.99 90.9700 8.4 -0.982 -1.239
266.501 89.99 90.9700 8.6 -0.977 -1.210
267.001 89.99 90.9600 8.8 -0.967 -1.168
267.501 89.99 90.9200 9.5 -0.932 -1.053
268.000 89.99 90.8900 10.1 -0.903 -0.957
268.501 89.99 90.8600 10.6 -0.872 -0.863
269.001 89.99 90.8500 10.8 -0.859 -0.825
269.501 89.99 90.8100 11.5 -0.818 -0.705
270.001 89.99 90.8100 11.5 -0.815 -0.703
270.501 89.99 90.7700 12.2 -0.776 -0.596
271.001 89.99 90.7400 12.6 -0.746 -0.518
271.501 89.99 90.7100 13.0 -0.720 -0.454
272.001 89.99 90.6900 13.4 -0.692 -0.388
272.501 89.99 90.6600 13.7 -0.668 -0.336
273.001 90.00 90.6400 14.1 -0.641 -0.275
273.500 90.00 90.6100 14.4 -0.616 -0.226
274.001 90.00 90.5600 15.3 -0.561 -0.084
274.501 90.00 90.5400 15.4 -0.542 -0.056
275.001 90.00 90.5100 15.8 -0.512 0.002
275.501 90.00 90.4800 16.1 -0.482 0.058
276.000 90.00 90.4500 16.5 -0.450 0.122
276.501 90.00 90.4200 16.9 -0.419 0.178
277.001 90.00 90.3900 17.2 -0.391 0.224
277.501 90.00 90.3500 17.6 -0.354 0.297
278.001 90.00 90.3200 18.0 -0.318 0.362
278.501 90.00 90.2700 18.6 -0.276 0.447
279.001 90.00 90.2500 18.8 -0.248 0.484
279.501 90.00 90.2100 19.2 -0.214 0.540
280.001 90.00 90.1800 19.4 -0.184 0.583
280.501 90.00 90.1400 19.9 -0.144 0.654
281.001 90.00 90.1300 19.9 -0.127 0.655
281.501 90.00 90.0800 20.5 -0.083 0.738
282.001 90.00 90.0600 20.6 -0.060 0.758
282.500 90.00 90.0300 20.8 -0.035 0.779
283.001 90.00 90.0100 21.0 -0.007 0.814
283.501 90.00 89.9800 21.2 0.022 0.849
284.001 90.00 89.9500 21.4 0.049 0.878
284.501 90.00 89.9200 21.6 0.075 0.904
285.000 90.00 89.9000 21.7 0.097 0.917
285.501 90.00 89.9000 21.5 0.104 0.887
286.001 90.00 89.8600 22.0 0.143 0.955
286.501 90.00 89.8100 22.5 0.185 1.030
287.001 90.00 89.8000 22.4 0.195 1.007
287.501 90.00 89.7800 22.6 0.223 1.041
288.001 90.00 89.3400 30.4 0.659 2.299
288.501 90.00 89.7400 22.3 0.254 0.981
289.000 90.00 89.7200 22.5 0.277 1.003
289.501 90.00 89.7100 22.5 0.294 1.010
290.001 90.00 89.6900 22.6 0.312 1.019
290.502 90.00 89.6800 22.5 0.317 0.990
291.001 90.00 89.6600 22.7 0.344 1.026
291.501 90.00 89.6500 22.6 0.348 0.998
292.001 90.00 89.6400 22.5 0.359 0.990
292.501 90.00 89.6400 22.4 0.362 0.958
293.000 90.00 89.6200 22.5 0.381 0.979
293.501 90.00 89.6000 22.7 0.401 1.000
294.001 90.00 89.6000 22.4 0.395 0.946
294.501 90.00 89.5800 22.6 0.417 0.977
295.001 90.00 89.5900 22.3 0.411 0.922
295.501 90.00 89.5800 22.2 0.416 0.906
296.001 90.00 89.5700 22.3 0.430 0.917
296.501 90.00 89.5600 22.3 0.438 0.912
297.001 90.00 89.5500 22.4 0.453 0.928
297.501 90.00 89.5700 21.8 0.428 0.823
298.002 90.00 89.5700 21.8 0.435 0.817
298.502 90.00 89.5700 21.6 0.432 0.785
299.001 90.00 89.5600 21.6 0.442 0.792
299.502 90.00 89.5700 21.3 0.428 0.729
300.000 90.00 89.5700 21.2 0.428 0.710
300.501 90.00 89.5700 21.1 0.430 0.701
301.002 90.00 89.5900 20.6 0.408 0.616
301.502 90.00 89.5900 20.6 0.409 0.606
302.001 90.00 89.6000 20.3 0.396 0.554
302.501 90.00 89.6000 20.2 0.396 0.546
303.002 90.00 89.6100 20.1 0.392 0.524
303.501 90.00 89.6300 19.8 0.374 0.463
304.001 90.00 89.6300 19.5 0.365 0.428
304.502 90.00 89.6300 19.6 0.366 0.427
305.002 90.00 89.6500 19.3 0.352 0.381
305.501 90.00 89.6500 19.3 0.354 0.385
306.002 90.00 89.6400 19.4 0.356 0.391
306.502 90.00 89.6700 18.9 0.331 0.314
307.001 90.00 89.7000 18.3 0.297 0.214
307.502 90.00 89.7000 18.3 0.297 0.216
308.002 90.00 89.7200 18.0 0.279 0.168
308.501 90.00 89.7200 18.0 0.278 0.173
309.002 90.00 89.7700 17.2 0.229 0.033
309.502 90.00 89.7500 17.7 0.253 0.115
310.001 90.00 89.7700 17.3 0.229 0.054
310.501 90.00 89.7700 17.3 0.227 0.057
311.002 90.00 89.7700 17.5 0.234 0.091
311.501 90.00 89.8000 16.9 0.195 -0.019
312.001 90.00 89.8100 16.8 0.186 -0.031
312.502 90.00 89.8300 16.6 0.174 -0.054
313.000 90.00 89.8400 16.5 0.160 -0.081
313.501 90.00 89.8400 16.6 0.164 -0.055
314.002 90.00 89.8700 16.0 0.127 -0.151
314.502 90.00 89.9000 15.7 0.105 -0.202
315.001 90.00 89.9400 15.0 0.062 -0.312
315.502 90.00 89.9200 15.6 0.083 -0.224
316.002 90.00 89.9300 15.3 0.065 -0.260
316.501 90.00 89.9700 14.9 0.033 -0.336
317.001 90.00 89.9900 14.6 0.012 -0.376
317.502 90.00 89.9900 14.6 0.005 -0.371
318.001 90.00 90.0500 13.8 -0.047 -0.506
318.501 90.00 90.0300 14.2 -0.034 -0.437
319.002 90.00 90.0300 14.4 -0.034 -0.412
319.501 90.00 90.0700 13.8 -0.069 -0.494
320.001 90.00 90.0700 14.0 -0.071 -0.472
320.502 90.00 90.1100 13.3 -0.113 -0.574
321.000 90.00 90.1200 13.4 -0.120 -0.565
321.501 90.00 90.1600 12.8 -0.156 -0.646
322.002 90.00 90.1500 13.1 -0.149 -0.595
322.502 90.00 90.1700 12.8 -0.175 -0.643
323.001 90.00 90.1900 12.8 -0.188 -0.655
323.501 90.00 90.1900 12.8 -0.193 -0.641
324.002 90.00 90.2100 12.6 -0.214 -0.674
324.501 90.00 90.2100 12.8 -0.212 -0.639
325.001 90.00 90.2500 12.2 -0.251 -0.731
325.502 90.00 90.2700 12.0 -0.273 -0.767
326.002 90.00 90.2700 12.2 -0.268 -0.720
326.501 90.00 90.2700 12.4 -0.268 -0.693
327.002 90.00 90.2900 12.2 -0.286 -0.718
327.502 90.00 90.3100 11.9 -0.313 -0.773
328.001 90.00 90.3000 12.3 -0.297 -0.697
328.501 90.00 90.3100 12.2 -0.307 -0.703
329.002 90.00 90.3100 12.4 -0.307 -0.679
329.501 90.00 90.3200 12.2 -0.322 -0.699
330.001 90.00 90.3300 12.2 -0.332 -0.705
330.502 90.00 90.3200 12.6 -0.318 -0.640
331.002 90.00 90.3400 12.3 -0.340 -0.686
331.501 90.00 90.3400 12.3 -0.344 -0.675
332.002 90.00 90.3700 11.9 -0.373 -0.744
332.502 90.00 89.9900 19.2 0.012 0.437
333.001 90.00 90.3800 11.7 -0.380 -0.767
333.502 90.00 90.3700 12.0 -0.373 -0.723
334.002 90.00 90.3900 11.9 -0.386 -0.738
334.501 90.00 90.3900 11.9 -0.393 -0.737
335.001 90.00 90.3900 12.0 -0.391 -0.709
335.502 90.00 90.4000 12.0 -0.396 -0.705
336.001 90.00 90.7300 5.9 -0.730 -1.689
336.502 90.00 90.4100 12.3 -0.406 -0.655
337.002 90.00 90.4300 11.9 -0.428 -0.707
337.501 90.00 90.4200 12.3 -0.416 -0.652
338.001 90.00 90.4200 12.2 -0.421 -0.655
338.502 90.00 90.4200 12.3 -0.419 -0.634
339.000 90.00 90.4200 12.3 -0.422 -0.630
339.501 90.00 90.4200 12.4 -0.423 -0.618
340.002 90.00 90.4400 12.2 -0.437 -0.647
340.500 90.00 90.4300 12.3 -0.435 -0.630
341.001 90.00 90.4200 12.7 -0.418 -0.567
341.502 90.00 90.4300 12.5 -0.428 -0.587
342.002 90.00 90.4400 12.4 -0.437 -0.604
342.501 90.00 90.4300 12.7 -0.425 -0.559
343.001 90.00 90.4300 12.6 -0.434 -0.575
343.502 90.00 90.4300 12.7 -0.429 -0.552
344.001 90.00 90.1700 17.6 -0.166 0.244
344.501 90.00 90.4300 12.6 -0.427 -0.564
345.002 90.00 90.3400 14.3 -0.337 -0.285
345.501 90.00 90.4100 13.0 -0.408 -0.502
346.001 90.00 90.4300 12.6 -0.428 -0.555
346.502 90.00 90.4300 12.6 -0.431 -0.557
347.002 90.00 90.4200 12.8 -0.420 -0.515
347.501 90.00 90.4300 12.8 -0.426 -0.529
348.002 90.00 90.4100 13.1 -0.411 -0.477
348.502 90.00 90.4100 13.1 -0.410 -0.470
349.001 90.00 90.4000 13.3 -0.399 -0.434
349.502 90.00 90.3900 13.5 -0.389 -0.399
350.002 90.00 90.3800 13.7 -0.380 -0.373
350.501 90.00 90.3800 13.7 -0.380 -0.373
351.001 90.00 90.3800 13.6 -0.380 -0.374
351.502 90.00 90.3600 13.9 -0.364 -0.326
352.001 90.00 90.3600 14.0 -0.357 -0.309
352.502 90.00 90.3600 13.9 -0.360 -0.318
353.002 90.00 90.3400 14.3 -0.340 -0.261
353.501 90.00 90.3400 14.2 -0.344 -0.278
354.001 90.00 90.3000 14.9 -0.302 -0.157
354.502 90.00 90.2900 15.0 -0.295 -0.146
355.001 90.00 90.2700 15.5 -0.266 -0.069
355.501 90.00 90.2700 15.3 -0.273 -0.100
356.002 90.00 90.2400 15.8 -0.241 -0.017
356.500 90.00 90.2400 15.7 -0.239 -0.025
357.001 90.00 90.2100 16.1 -0.212 0.043
357.502 90.00 90.2100 16.2 -0.206 0.047
358.002 90.00 90.1700 16.7 -0.174 0.126
358.501 90.00 90.1700 16.6 -0.174 0.109
359.002 90.00 90.1800 16.4 -0.176 0.083
359.502 90.00 90.2800 14.4 -0.280 -0.244
360.001 90.00 90.1300 17.1 -0.133 0.194
360.501 90.00 90.1000 17.5 -0.104 0.261
361.002 90.00 90.1100 17.2 -0.115 0.204
361.501 90.00 90.0800 17.8 -0.077 0.300
362.001 90.00 90.0800 17.6 -0.078 0.272
362.502 90.00 90.1000 17.0 -0.105 0.171
363.000 90.00 90.0400 18.0 -0.044 0.336
363.501 90.00 90.0400 17.9 -0.039 0.327
364.002 90.00 90.0100 18.4 -0.006 0.402
364.502 90.00 90.0100 18.1 -0.015 0.351
365.001 90.00 90.0100 18.0 -0.013 0.334
365.502 90.00 89.9700 18.8 0.034 0.452
366.002 90.00 89.9600 18.6 0.035 0.430
366.501 90.00 89.9500 18.7 0.048 0.445
367.001 90.00 89.9400 18.8 0.060 0.454
367.502 90.00 89.9200 19.0 0.080 0.489
368.001 90.00 89.9100 19.1 0.090 0.494
368.501 90.00 89.9100 18.9 0.087 0.460
369.002 90.00 89.8700 19.5 0.126 0.556
369.501 90.00 89.8500 19.7 0.145 0.585
370.001 90.00 89.8700 19.2 0.130 0.511
370.502 90.00 89.8700 19.1 0.129 0.484
371.002 90.00 89.8200 19.9 0.180 0.616
371.501 90.00 89.8200 19.8 0.185 0.602
372.002 90.00 89.8000 20.0 0.203 0.632
372.502 90.00 89.8000 19.8 0.200 0.595
373.001 90.00 89.8100 19.5 0.191 0.543
373.502 90.00 89.7800 19.9 0.217 0.599
374.002 90.00 89.7800 19.7 0.215 0.571
374.501 90.00 90.8100 0.7 -0.806 -2.515
375.001 90.00 89.7800 20.2 0.216 0.658
375.502 90.00 89.7500 20.7 0.252 0.739
376.001 90.00 89.7300 20.8 0.267 0.753
376.502 90.00 89.7400 20.6 0.263 0.710
377.002 90.00 89.7500 20.1 0.248 0.636
377.501 90.00 89.7100 20.7 0.286 0.728
378.001 90.00 89.7200 20.5 0.282 0.689
378.502 90.00 89.7200 20.4 0.282 0.663
379.001 90.00 89.7300 20.0 0.272 0.607
379.501 90.00 89.7200 20.1 0.281 0.613
380.002 90.00 89.7300 19.8 0.272 0.567
380.501 90.00 89.7300 19.7 0.273 0.551
381.001 90.00 89.7000 20.1 0.297 0.604
381.502 90.00 89.7300 19.5 0.273 0.515
382.000 90.00 89.3400 26.6 0.662 1.666
382.501 90.00 89.7200 19.1 0.275 0.443
383.002 90.00 89.7200 19.2 0.284 0.459
383.502 90.00 89.7100 19.2 0.286 0.454
384.001 90.00 89.7200 19.0 0.277 0.418
384.502 90.00 89.7100 19.1 0.286 0.435
385.002 90.00 89.7300 18.7 0.265 0.362
385.501 90.00 89.7600 18.3 0.243 0.289
386.002 90.00 89.7300 18.7 0.268 0.361
386.502 90.00 89.7300 18.7 0.268 0.355
387.001 90.00 89.7400 18.4 0.255 0.311
387.501 90.00 89.7500 18.2 0.246 0.282
388.002 90.00 89.7400 18.4 0.256 0.311
388.501 90.00 89.7600 18.2 0.243 0.267
389.001 90.00 89.7700 17.9 0.229 0.224
389.502 90.00 89.7600 18.1 0.239 0.254
390.002 90.00 89.7600 18.1 0.237 0.247
390.501 90.00 89.7900 17.5 0.205 0.150
391.002 90.00 89.7800 17.8 0.219 0.196
391.501 90.00 89.7900 17.5 0.205 0.155
392.001 90.00 89.8100 17.2 0.189 0.109
392.502 90.00 89.8100 17.3 0.190 0.118
393.000 90.00 89.8100 17.4 0.192 0.128
393.501 90.00 89.8000 17.6 0.201 0.159
394.002 90.00 89.8200 17.2 0.181 0.102
394.502 90.00 89.8300 17.0 0.168 0.068
395.001 90.00 89.8400 16.9 0.158 0.045
395.502 90.00 89.8400 16.9 0.161 0.060
396.002 90.00 89.8500 16.8 0.153 0.043
396.501 90.00 89.8200 17.4 0.180 0.132
397.001 90.00 89.8500 16.9 0.154 0.056
397.502 90.00 89.8500 16.9 0.151 0.052
398.001 90.00 89.8600 16.8 0.144 0.037
398.501 90.00 89.8500 16.9 0.148 0.058
399.002 90.00 89.8700 16.7 0.131 0.013
399.501 90.00 89.8800 16.5 0.121 -0.010
400.001 90.00 89.8800 16.5 0.116 -0.017
400.502 90.00 89.8800 16.5 0.116 -0.010
401.000 90.00 89.8900 16.4 0.108 -0.027
401.501 90.00 89.9200 16.0 0.085 -0.088
402.002 90.00 89.9300 15.9 0.074 -0.109
402.502 90.00 89.9200 16.1 0.083 -0.070
403.001 90.00 89.9300 15.9 0.067 -0.108
403.502 90.00 89.9700 15.3 0.030 -0.208
404.002 90.00 89.9700 15.4 0.032 -0.189
404.501 90.00 89.9600 15.7 0.043 -0.142
405.002 90.00 89.9600 15.7 0.040 -0.139
405.502 90.00 89.9900 15.2 0.007 -0.227
406.001 90.00 90.0000 15.2 0.002 -0.228
406.502 90.00 90.0200 14.8 -0.020 -0.278
407.002 90.00 90.0200 14.9 -0.022 -0.270
407.501 90.00 90.0300 14.8 -0.029 -0.274
408.002 90.00 90.0300 14.9 -0.029 -0.259
408.502 90.00 90.0300 14.9 -0.035 -0.262
409.001 90.00 90.0500 14.7 -0.050 -0.291
409.502 90.00 90.0400 14.9 -0.043 -0.258
410.002 90.00 90.0800 14.4 -0.075 -0.341
410.501 90.00 90.0900 14.2 -0.093 -0.376
411.001 90.00 90.0800 14.4 -0.084 -0.333
411.502 90.00 90.0700 14.7 -0.073 -0.283
412.001 90.00 90.0900 14.4 -0.094 -0.333
412.501 90.00 90.0900 14.5 -0.091 -0.311
413.002 90.00 90.1200 14.1 -0.117 -0.373
413.500 90.00 90.1100 14.3 -0.115 -0.353
414.001 90.00 90.1100 14.3 -0.115 -0.338
414.502 90.00 90.1300 14.1 -0.131 -0.372
415.002 90.00 90.1400 14.1 -0.137 -0.375
415.501 90.00 90.1500 13.9 -0.150 -0.399
416.002 90.00 90.1500 14.1 -0.147 -0.374
416.502 90.00 90.1400 14.4 -0.136 -0.325
417.001 90.00 90.1600 14.1 -0.156 -0.373
417.501 90.00 90.1400 14.3 -0.144 -0.326
418.002 90.00 90.1500 14.3 -0.149 -0.328
418.500 90.00 90.1600 14.2 -0.157 -0.342
419.001 90.00 90.1500 14.5 -0.147 -0.300
419.502 90.00 90.1500 14.5 -0.148 -0.293
420.002 90.00 90.1700 14.2 -0.168 -0.345
420.501 90.00 90.1500 14.7 -0.147 -0.270
421.002 90.00 90.1500 14.7 -0.146 -0.260
421.502 90.00 90.1700 14.3 -0.169 -0.323
422.001 90.00 90.1600 14.6 -0.158 -0.279
422.501 90.00 90.1600 14.6 -0.161 -0.281
423.002 90.00 90.1700 14.4 -0.172 -0.305
423.500 90.00 90.1700 14.5 -0.170 -0.291
424.001 90.00 90.1700 14.6 -0.167 -0.274
424.502 90.00 90.1700 14.6 -0.167 -0.269
425.002 90.00 90.1800 14.4 -0.180 -0.299
425.501 90.00 90.1900 14.3 -0.190 -0.323
426.002 90.00 90.1700 14.6 -0.175 -0.270
426.502 90.00 90.1900 14.4 -0.186 -0.298
427.001 90.00 90.1800 14.6 -0.179 -0.268
427.501 90.00 90.1700 14.8 -0.166 -0.224
428.002 90.00 90.1600 14.9 -0.164 -0.214
428.501 90.00 90.1600 14.9 -0.163 -0.208
429.001 90.00 90.1800 14.7 -0.178 -0.251
429.502 90.00 90.1900 14.4 -0.190 -0.283
430.003 90.00 90.1600 15.0 -0.160 -0.187
430.501 90.00 89.9400 19.1 0.060 0.474
431.002 90.00 90.1600 14.8 -0.164 -0.222
431.502 90.00 90.1700 14.8 -0.168 -0.232
432.001 90.00 90.1400 15.2 -0.143 -0.153
432.502 90.00 90.1500 15.1 -0.153 -0.182
433.002 90.00 90.1300 15.6 -0.127 -0.102
433.501 90.00 90.1300 15.5 -0.128 -0.108
434.002 90.00 90.1000 16.0 -0.103 -0.032
434.502 90.00 90.1100 15.8 -0.113 -0.066
435.001 90.00 90.0900 16.1 -0.091 -0.003
435.501 90.00 90.1000 16.0 -0.095 -0.023
436.002 90.00 90.0600 16.6 -0.065 0.065
436.500 90.00 90.0600 16.6 -0.061 0.067
437.001 90.00 90.0600 16.6 -0.056 0.076
437.502 90.00 90.0600 16.5 -0.063 0.046
438.003 90.00 90.0300 17.0 -0.030 0.139
438.501 90.00 90.0300 17.0 -0.027 0.138
439.002 90.00 90.0400 16.8 -0.038 0.092
439.502 90.00 90.0400 16.7 -0.037 0.087
440.001 90.00 90.0300 16.8 -0.029 0.105
440.501 90.00 90.0100 17.0 -0.015 0.137
441.002 90.00 90.0100 17.0 -0.012 0.137
441.501 90.00 90.0000 17.1 -0.005 0.150
442.001 90.00 90.0000 17.2 0.000 0.156
442.502 90.00 90.0000 17.1 0.001 0.148
443.001 90.00 90.0100 16.8 -0.012 0.099
443.501 90.00 89.9800 17.3 0.015 0.173
444.002 90.00 89.9900 17.0 0.005 0.134
444.502 90.00 90.0000 17.0 0.004 0.122
445.001 90.00 90.0000 16.9 0.003 0.111
445.502 90.00 89.9900 17.0 0.011 0.129
446.002 90.00 89.9800 17.1 0.015 0.135
446.501 90.00 89.9700 17.3 0.032 0.178
447.002 90.00 90.0000 16.7 -0.001 0.071
447.502 90.00 89.9700 17.1 0.026 0.146
448.001 90.00 89.9900 16.8 0.010 0.090
448.501 90.00 89.9700 17.1 0.031 0.147
449.002 90.00 90.0000 16.6 0.003 0.056
449.501 90.00 89.9900 16.7 0.011 0.078
450.001 90.00 89.9600 17.2 0.037 0.152
450.502 90.00 89.9800 16.9 0.025 0.107
451.001 90.00 89.9800 16.8 0.021 0.092
451.501 90.00 89.9700 16.9 0.025 0.099
452.002 90.00 89.9800 16.8 0.025 0.093
452.500 90.00 89.9800 16.7 0.019 0.073
453.001 90.00 90.0000 16.3 -0.002 0.007
453.502 90.00 89.9800 16.7 0.019 0.068
454.002 90.00 90.0000 16.3 -0.002 0.004
454.501 90.00 89.9800 16.6 0.017 0.060
455.002 90.00 89.9900 16.5 0.009 0.031
455.502 90.00 90.0000 16.4 0.004 0.015
456.001 90.00 89.9900 16.4 0.006 0.020
456.501 90.00 90.0000 16.2 -0.003 -0.007
457.002 90.00 90.0000 16.3 0.003 0.010
457.501 90.00 90.0000 16.2 -0.004 -0.010
458.001 90.00 90.0000 16.2 -0.002 -0.004
458.502 90.00 90.0100 16.2 -0.006 -0.014
459.001 90.00 90.0100 16.1 -0.011 -0.030
459.501 90.00 90.0100 16.2 -0.006 -0.013
460.002 90.00 90.0200 15.9 -0.019 -0.053
460.502 90.00 90.0200 15.9 -0.022 -0.059
461.001 90.00 90.0200 16.0 -0.019 -0.049
461.502 90.00 90.0200 16.0 -0.016 -0.037
462.002 90.00 90.0300 15.7 -0.033 -0.087
462.501 90.00 90.0300 15.8 -0.032 -0.081
463.002 90.00 90.0900 14.6 -0.093 -0.262
463.502 90.00 90.0200 16.1 -0.019 -0.027
464.001 90.00 90.0200 16.0 -0.021 -0.034
464.501 90.00 90.0100 16.2 -0.015 -0.016
465.002 90.00 90.0400 15.7 -0.039 -0.086
465.500 90.00 90.0200 16.0 -0.025 -0.041
466.001 90.00 90.0500 15.6 -0.046 -0.103
466.502 90.00 90.0200 16.1 -0.023 -0.031
467.002 90.00 90.0300 16.0 -0.026 -0.039
467.501 90.00 90.0400 15.8 -0.040 -0.080
468.002 90.00 90.0500 15.6 -0.046 -0.097
468.502 90.00 90.0400 15.7 -0.042 -0.081
469.001 90.00 90.0500 15.6 -0.050 -0.103
469.501 90.00 90.0500 15.5 -0.055 -0.113
0.501 90.02 90.0700 0.0 -0.051 -0.504
1.001 90.00 90.0700 0.0 -0.069 -0.692
1.500 89.98 90.1000 0.0 -0.124 -0.974
2.000 89.95 90.1000 0.0 -0.152 -1.149
2.500 89.92 90.1000 0.0 -0.184 -1.319
3.000 89.88 90.1400 0.0 -0.253 -1.582
3.501 89.84 90.1700 0.0 -0.326 -1.838
4.001 89.80 90.1400 0.0 -0.337 -1.888
4.501 89.75 90.1000 0.0 -0.352 -1.942
5.001 89.70 90.1000 0.0 -0.403 -2.093
5.501 89.65 90.1000 0.0 -0.457 -2.240
6.000 89.59 90.1400 0.0 -0.546 -2.483
6.500 89.53 90.1000 0.0 -0.573 -2.525
7.000 89.47 90.1000 0.0 -0.635 -2.665
7.500 89.40 90.3000 0.0 -0.895 -3.390
0.500 89.99 90.0100 0.0 -0.018 -0.405
1.000 89.97 90.0100 0.0 -0.036 -0.598
1.500 89.95 90.0100 0.0 -0.059 -0.786
2.001 89.92 90.0100 0.0 -0.086 -0.969
2.501 89.89 89.9100 0.0 -0.020 -0.852
3.001 89.85 89.9400 0.0 -0.089 -1.133
3.501 89.81 89.9700 0.0 -0.162 -1.407
4.000 89.77 89.8800 0.0 -0.108 -1.278
4.500 89.72 89.8100 0.0 -0.091 -1.259
5.000 89.67 89.8100 0.0 -0.142 -1.436
5.500 89.61 89.7800 0.0 -0.163 -1.510
6.000 89.56 89.7800 0.0 -0.220 -1.683
6.500 89.50 89.7100 0.0 -0.214 -1.656
7.001 89.44 89.7100 0.0 -0.276 -1.828
7.501 89.37 89.6500 0.0 -0.275 -1.799
8.001 89.31 89.6500 0.0 -0.342 -1.971
8.501 89.24 89.4800 0.0 -0.248 -1.649
9.000 89.17 89.5200 0.0 -0.351 -1.930
9.500 89.09 89.4800 0.0 -0.391 -2.007
10.000 89.02 89.3900 0.0 -0.367 -1.887
10.500 88.94 89.3500 0.0 -0.411 -1.970
11.000 88.87 89.3500 0.0 -0.488 -2.150
11.500 88.79 89.2200 0.0 -0.437 -1.934
12.000 88.71 89.2200 0.0 -0.517 -2.120
12.500 88.63 89.2200 0.0 -0.598 -2.301
13.001 88.54 89.0900 0.0 -0.551 -2.088
13.501 88.46 89.2200 0.0 -0.764 -2.664
14.000 88.38 89.0000 0.0 -0.622 -2.150
14.500 88.29 89.0000 0.0 -0.707 -2.340
15.000 88.20 89.0600 0.0 -0.858 -2.718
15.500 88.12 88.7700 0.0 -0.654 -2.013
16.000 88.03 88.7400 0.0 -0.710 -2.120
16.500 87.94 88.7700 0.0 -0.831 -2.417
17.001 87.85 88.6700 0.0 -0.823 -2.317
17.501 87.76 88.6100 0.0 -0.849 -2.320
18.001 87.67 88.5400 0.0 -0.875 -2.325
18.501 87.58 88.5100 0.0 -0.934 -2.427
19.001 87.49 88.4100 0.0 -0.929 -2.335
19.501 87.39 88.3500 0.0 -0.957 -2.346
20.000 87.30 88.2800 0.0 -0.985 -2.358
20.500 87.21 88.3200 0.0 -1.110 -2.663
21.000 87.11 88.1600 0.0 -1.043 -2.375
21.500 87.02 88.0900 0.0 -1.072 -2.392
22.001 86.92 87.9300 0.0 -1.006 -2.120
22.501 86.83 87.8700 0.0 -1.036 -2.151
23.001 86.73 87.8000 0.0 -1.067 -2.185
23.501 86.64 87.5400 0.0 -0.903 -1.631
24.001 86.54 87.5100 0.0 -0.966 -1.785
24.501 86.45 87.2200 0.0 -0.773 -1.162
25.000 86.35 87.0300 0.0 -0.677 -0.857
25.500 86.25 86.8400 0.0 -0.581 -0.564
26.000 86.16 86.6400 0.0 -0.485 -0.285
26.500 86.06 86.4500 0.0 -0.390 -0.019
27.000 85.96 86.2600 1.5 -0.296 0.237
27.500 85.87 85.9700 4.8 -0.106 0.768
28.001 85.77 85.8100 5.5 -0.043 0.894
28.501 85.67 85.6200 6.9 0.050 1.112
29.001 85.57 85.3300 10.0 0.239 1.607
29.501 85.48 85.1100 11.8 0.364 1.892
30.001 85.38 84.9500 12.4 0.424 1.975
30.500 85.28 84.6700 15.3 0.612 2.437
31.000 85.18 84.4500 16.9 0.736 2.690
31.500 85.08 84.1000 20.8 0.986 3.315
32.000 84.98 84.0300 19.3 0.950 3.061
32.500 84.89 83.5600 25.5 1.326 4.054
33.000 84.79 83.5900 22.1 1.196 3.490
33.501 84.69 83.1200 28.3 1.570 4.467
34.001 84.59 82.8300 30.7 1.756 4.840
34.501 84.49 82.5800 32.4 1.909 5.104
35.001 84.39 82.3300 34.1 2.061 5.360
35.500 84.29 82.2000 33.5 2.088 5.233
36.000 84.19 81.8300 37.5 2.366 5.868
36.500 84.09 81.5100 40.3 2.581 6.293
37.000 84.00 81.2000 43.0 2.796 6.703
37.500 83.90 80.7600 48.0 3.135 7.476
38.000 83.80 80.2900 53.3 3.506 8.314
38.500 83.70 79.7600 59.7 3.938 9.310
39.001 83.60 79.2900 64.7 4.309 10.086
39.501 83.50 78.6600 72.4 4.834 11.300
40.001 83.40 78.1700 77.6 5.234 12.094
40.501 83.30 77.5700 84.4 5.727 13.143
41.001 83.20 77.0700 89.3 6.127 13.877
41.501 83.10 76.5100 95.2 6.588 14.776
42.000 83.00 76.0100 99.8 6.987 15.461
42.500 82.90 75.4200 100.0 7.480 16.407
43.000 82.80 74.9200 100.0 7.879 17.048
43.500 82.70 74.4900 100.0 8.216 17.485
44.000 82.60 73.9200 100.0 8.678 18.291
44.500 82.50 73.6100 100.0 8.891 18.327
45.000 82.40 73.1100 100.0 9.291 18.937
45.500 82.30 72.7400 100.0 9.566 19.161
46.001 82.20 72.2400 100.0 9.967 19.763
46.501 82.10 71.8600 100.0 10.243 19.978
47.001 82.00 71.3600 100.0 10.647 20.580
47.501 81.90 71.0100 100.0 10.893 20.696
48.001 81.81 70.7000 100.0 11.107 20.726
48.500 81.71 70.3500 100.0 11.353 20.863
49.000 81.61 70.0100 100.0 11.600 21.007
49.500 81.51 69.6900 100.0 11.815 21.065
50.000 81.41 69.2500 100.0 12.157 21.513
50.501 81.31 69.1200 100.0 12.183 21.007
51.001 81.21 68.6500 100.0 12.558 21.579
51.501 81.11 68.2700 100.0 12.838 21.856
52.001 81.01 68.0100 100.0 12.992 21.754
52.501 80.91 67.7300 100.0 13.178 21.765
53.001 80.81 67.4400 100.0 13.365 21.788
53.500 80.71 67.0900 100.0 13.615 22.012
54.000 80.61 66.8400 100.0 13.771 21.954
54.500 80.51 66.5200 100.0 13.991 22.102
55.000 80.41 66.2600 100.0 14.147 22.063
55.500 80.31 65.9400 100.0 14.367 22.229
56.001 80.21 65.7100 100.0 14.492 22.113
56.501 80.11 65.5200 100.0 14.585 21.915
57.001 80.01 65.1700 100.0 14.840 22.221
57.501 79.91 64.9700 100.0 14.933 22.039
58.001 79.81 64.1300 100.0 15.675 23.819
58.501 79.71 64.4900 100.0 15.218 21.942
59.000 79.61 64.5500 100.0 15.053 21.026
59.500 79.51 63.9700 100.0 15.537 22.104
60.000 79.41 63.6800 100.0 15.730 22.272
60.501 79.31 63.4200 100.0 15.893 22.351
61.001 79.21 63.2800 100.0 15.923 22.040
61.501 79.11 63.0600 100.0 16.052 22.043
62.001 79.01 62.8300 100.0 16.181 22.055
62.500 78.91 62.6000 100.0 16.310 22.077
63.000 78.81 62.4000 100.0 16.408 22.008
63.500 78.71 62.2400 100.0 16.472 21.852
64.000 78.61 61.9100 100.0 16.702 22.203
64.500 78.51 61.7700 100.0 16.734 21.955
65.001 78.41 61.5400 100.0 16.865 22.023
65.501 78.31 61.3100 100.0 16.997 22.096
66.001 78.21 61.1500 100.0 17.063 21.975
66.501 78.11 60.9100 100.0 17.195 22.066
67.001 78.01 60.7100 100.0 17.295 22.061
67.500 77.91 60.5500 100.0 17.362 21.964
68.000 77.81 60.3500 100.0 17.462 21.977
68.500 77.71 60.1500 100.0 17.563 21.997
69.000 77.61 60.0100 100.0 17.597 21.822
69.500 77.51 59.7400 100.0 17.766 22.064
70.000 77.41 59.5400 100.0 17.868 22.101
70.500 77.31 59.4400 100.0 17.869 21.840
71.000 77.21 59.1700 100.0 18.039 22.102
71.501 77.11 58.9700 100.0 18.142 22.157
72.001 77.01 58.8700 100.0 18.143 21.911
72.501 76.91 58.6600 100.0 18.247 21.986
73.001 76.81 58.4200 100.0 18.385 22.167
73.501 76.71 58.3900 100.0 18.319 21.733
74.001 76.61 58.1500 100.0 18.458 21.936
74.500 76.51 57.9800 100.0 18.529 21.931
75.000 76.41 57.8400 100.0 18.566 21.830
75.500 76.31 57.6700 100.0 18.637 21.840
76.000 76.21 57.5000 100.0 18.709 21.855
76.500 76.11 57.3300 100.0 18.781 21.874
77.001 76.01 57.0900 100.0 18.923 22.105
77.501 75.91 56.9100 100.0 18.995 22.125
78.001 75.81 56.8400 100.0 18.965 21.837
78.501 75.71 56.6400 100.0 19.073 21.981
79.001 75.61 56.5000 100.0 19.111 21.916
79.501 75.51 56.2900 100.0 19.220 22.067
80.000 75.41 56.1800 100.0 19.225 21.903
80.500 75.31 56.0100 100.0 19.300 21.959
81.000 75.21 55.8700 100.0 19.340 21.913
81.500 75.11 55.6200 100.0 19.485 22.189
82.000 75.01 55.5200 100.0 19.490 22.036
82.501 74.91 55.4100 100.0 19.496 21.894
83.001 74.81 55.2000 100.0 19.607 22.078
83.501 74.71 55.1300 100.0 19.578 21.835
84.001 74.61 54.9200 100.0 19.690 22.031
84.501 74.51 54.8500 100.0 19.661 21.797
85.000 74.41 54.5600 100.0 19.847 22.223
85.500 74.31 54.3800 100.0 19.925 22.308
86.000 74.21 54.3100 100.0 19.897 22.073
86.500 74.11 54.2100 100.0 19.904 21.959
87.001 74.01 54.0300 100.0 19.983 22.066
87.501 73.91 53.8100 100.0 20.098 22.282
88.001 73.81 53.7400 100.0 20.069 22.060
88.501 73.71 53.5600 100.0 20.149 22.175
89.001 73.61 53.3800 100.0 20.230 22.290
89.500 73.51 53.3100 100.0 20.202 22.078
90.000 73.41 53.1600 100.0 20.247 22.095
90.500 73.31 53.0500 100.0 20.255 22.006
91.000 73.21 52.8700 100.0 20.337 22.141
91.500 73.11 52.6500 100.0 20.455 22.383
92.000 73.01 52.5400 100.0 20.465 22.291
92.501 72.91 52.4000 100.0 20.511 22.315
93.001 72.81 52.3600 100.0 20.448 22.013
93.501 72.71 52.2500 100.0 20.458 21.945
94.001 72.61 52.0700 100.0 20.541 22.102
94.500 72.51 51.8800 100.0 20.625 22.257
95.000 72.41 51.7400 100.0 20.672 22.297
95.500 72.31 51.6600 100.0 20.646 22.117
96.000 72.21 51.5500 100.0 20.657 22.058
96.500 72.11 51.5200 100.0 20.595 21.782
97.000 72.01 51.2200 100.0 20.791 22.299
97.501 71.91 51.1100 100.0 20.803 22.240
98.001 71.81 51.0700 100.0 20.740 21.961
98.501 71.71 50.8500 100.0 20.864 22.257
99.001 71.61 50.5500 100.0 21.064 22.769
99.501 71.51 50.6600 100.0 20.852 22.026
100.000 71.41 50.5100 100.0 20.902 22.102
100.500 71.31 50.5100 100.0 20.802 21.727
101.000 71.21 50.2800 100.0 20.928 22.048
101.500 71.11 50.1700 100.0 20.941 22.017
102.000 71.01 50.0900 100.0 20.917 21.877
102.500 70.91 49.9800 100.0 20.930 21.858
103.001 70.81 49.7900 100.0 21.020 22.068
103.501 70.71 49.7100 100.0 20.996 21.931
104.001 70.61 49.5600 100.0 21.048 22.030
104.501 70.51 49.4900 100.0 21.024 21.897
105.001 70.41 49.3700 100.0 21.039 21.887
105.501 70.31 49.2200 100.0 21.092 21.993
106.000 70.21 49.2200 100.0 20.992 21.637
106.500 70.11 49.1000 100.0 21.007 21.642
107.000 70.01 48.9500 100.0 21.061 21.764
107.500 69.91 49.0600 100.0 20.846 21.074
108.000 69.81 48.5600 100.0 21.247 22.264
108.500 69.71 48.5600 100.0 21.147 21.901
109.001 69.61 48.5200 100.0 21.086 21.670
109.501 69.51 48.4100 100.0 21.102 21.682
110.001 69.41 48.1700 100.0 21.236 22.046
110.501 69.31 48.1000 100.0 21.214 21.929
111.001 69.21 48.1000 100.0 21.114 21.585
111.501 69.11 47.9400 100.0 21.170 21.725
112.000 69.01 47.6700 100.0 21.345 22.213
112.500 68.91 47.5900 100.0 21.323 22.095
113.000 68.81 47.6700 100.0 21.145 21.511
113.500 68.71 47.5500 100.0 21.163 21.542
114.000 68.61 47.4700 100.0 21.142 21.455
114.500 68.51 47.1500 100.0 21.358 22.084
115.000 68.41 47.0700 100.0 21.337 21.976
115.501 68.31 47.1500 100.0 21.158 21.399
116.001 68.21 47.0300 100.0 21.177 21.441
116.501 68.11 46.9900 100.0 21.117 21.244
117.001 68.01 46.8000 100.0 21.216 21.533
117.501 67.91 46.5600 100.0 21.355 21.932
118.000 67.81 46.5600 100.0 21.255 21.596
118.500 67.71 46.4400 100.0 21.276 21.636
119.000 67.61 46.2700 100.0 21.337 21.796
119.500 67.51 46.1900 100.0 21.317 21.708
120.000 67.41 46.2700 100.0 21.137 21.143
120.500 67.31 46.0300 100.0 21.278 21.567
121.000 67.21 46.3100 100.0 20.896 20.403
121.500 67.11 45.8700 100.0 21.240 21.466
122.000 67.01 45.7100 100.0 21.303 21.639
122.501 66.91 45.7900 100.0 21.122 21.075
123.001 66.81 45.6300 100.0 21.184 21.265
123.501 66.71 45.5900 100.0 21.125 21.083
124.001 66.61 45.7100 100.0 20.903 20.419
124.501 66.51 45.3400 100.0 21.170 21.250
125.000 66.41 45.2200 100.0 21.193 21.313
125.500 66.31 45.1800 100.0 21.134 21.129
126.000 66.21 45.1000 100.0 21.116 21.076
126.500 66.11 44.9300 100.0 21.183 21.280
127.000 66.01 45.0100 100.0 21.001 20.727
127.500 65.91 44.8500 100.0 21.065 20.938
128.001 65.81 44.8000 100.0 21.007 20.770
128.501 65.71 44.6800 100.0 21.031 20.857
129.001 65.61 44.5600 100.0 21.055 20.941
129.501 65.51 44.4700 100.0 21.038 20.898
130.001 65.41 44.3900 100.0 21.021 20.856
130.500 65.31 44.4300 100.0 20.880 20.442
131.000 65.21 44.1800 100.0 21.030 20.919
131.500 65.11 44.1000 100.0 21.014 20.877
132.001 65.01 44.0600 100.0 20.956 20.712
132.500 64.91 43.8000 100.0 21.107 21.182
133.000 64.81 43.9300 100.0 20.881 20.499
133.500 64.71 43.7600 100.0 20.949 20.728
134.000 64.61 43.7200 100.0 20.892 20.568
134.500 64.51 43.5900 100.0 20.918 20.668
135.000 64.41 43.5100 100.0 20.903 20.637
135.501 64.31 43.4200 100.0 20.888 20.608
136.001 64.21 43.3400 100.0 20.872 20.580
136.501 64.11 43.2500 100.0 20.857 20.554
137.001 64.01 43.1300 100.0 20.885 20.655
137.501 63.91 43.0800 100.0 20.828 20.498
138.000 63.81 42.9600 100.0 20.856 20.603
138.500 63.71 42.9100 100.0 20.799 20.448
139.000 63.61 42.7800 100.0 20.827 20.555
139.500 63.51 42.7400 100.0 20.770 20.401
140.000 63.41 42.8300 100.0 20.584 19.866
140.500 63.31 42.6600 100.0 20.656 20.127
141.001 63.21 42.4000 100.0 20.815 20.636
141.501 63.11 42.4400 100.0 20.672 20.218
142.001 63.01 42.3500 100.0 20.658 20.205
142.501 62.91 42.1800 100.0 20.732 20.454
143.001 62.81 42.1800 100.0 20.632 20.172
143.500 62.71 42.0900 100.0 20.619 20.161
144.000 62.61 41.9200 100.0 20.693 20.412
144.500 62.51 41.9200 100.0 20.593 20.129
145.000 62.41 41.9200 100.0 20.493 19.858
145.500 62.31 41.9600 100.0 20.349 19.468
146.000 62.21 41.6600 100.0 20.555 20.141
146.501 62.11 41.6600 100.0 20.455 19.867
147.001 62.01 41.5200 100.0 20.487 19.999
147.501 61.91 41.4400 100.0 20.475 19.994
148.001 61.81 41.3000 100.0 20.508 20.121
148.501 61.71 41.3900 100.0 20.319 19.580
149.001 61.61 41.2200 100.0 20.396 19.857
149.500 61.51 41.0400 100.0 20.474 20.123
150.000 61.42 41.1300 100.0 20.290 19.759
150.500 61.33 40.9900 100.0 20.335 20.104
151.000 61.25 41.1300 100.0 20.119 19.635
151.500 61.17 40.8600 100.0 20.308 20.388
152.000 61.10 40.5900 100.0 20.503 21.115
152.500 61.03 40.7300 100.0 20.300 20.605
153.001 60.96 40.6400 100.0 20.325 20.790
153.501 60.90 40.5000 100.0 20.400 21.105
154.001 60.85 40.4100 100.0 20.433 21.274
154.501 60.79 40.2300 100.0 20.561 21.709
155.001 60.74 40.2800 100.0 20.466 21.453
155.500 60.70 40.2300 100.0 20.465 21.480
156.000 60.65 40.2300 100.0 20.421 21.373
156.500 60.61 40.1400 100.0 20.471 21.545
157.000 60.57 40.0500 100.0 20.523 21.711
157.500 60.54 39.9600 100.0 20.578 21.873
158.000 60.50 39.8700 100.0 20.635 22.031
158.501 60.47 39.8700 100.0 20.604 21.912
159.001 60.44 39.7300 100.0 20.711 22.212
159.501 60.42 39.9600 100.0 20.456 21.407
160.001 60.39 39.6000 100.0 20.795 22.416
0.500 39.34 39.3700 0.0 -0.028 -0.028
1.001 39.36 39.1400 1.4 0.221 0.221
1.501 39.38 39.0900 1.8 0.290 0.290
2.001 39.41 39.0400 2.3 0.364 0.364
2.501 39.44 38.9500 3.0 0.488 0.488
3.000 39.47 38.8100 4.1 0.664 0.664
3.500 39.52 38.8600 4.1 0.658 0.658
4.000 39.56 38.8100 4.7 0.749 0.749
4.500 39.61 38.6700 5.8 0.936 0.936
5.000 39.66 38.7200 5.9 0.940 0.940
5.501 39.71 38.6200 6.8 1.088 1.088
0.500 38.41 38.3400 0.4 0.065 0.065
1.001 38.43 38.1500 1.7 0.271 0.271
1.501 38.45 38.2500 1.2 0.200 0.200
2.001 38.48 38.0100 2.9 0.464 0.464
2.500 38.51 38.0600 2.8 0.449 0.449
3.000 38.54 38.0100 3.3 0.532 0.532
3.500 38.58 38.0100 3.6 0.573 0.573
4.000 38.63 37.9200 4.5 0.712 0.712
4.500 38.68 37.8200 5.3 0.854 0.854
5.001 38.73 37.7700 6.0 0.953 0.953
5.501 38.78 37.7300 6.6 1.054 1.054
6.001 38.84 37.6800 7.3 1.159 1.159
6.501 38.90 37.5400 8.6 1.362 1.362
7.000 38.96 37.5400 9.0 1.424 1.424
7.500 39.02 37.3900 10.3 1.632 1.632
8.000 39.09 37.3900 10.7 1.699 1.699
8.500 39.16 37.2900 11.8 1.864 1.864
9.000 39.23 37.2900 12.2 1.934 1.934
9.500 39.30 37.1500 13.6 2.151 2.151
10.001 39.38 37.2500 13.5 2.129 2.129
10.501 39.45 37.1500 14.6 2.301 2.301
11.001 39.53 37.1500 15.2 2.379 2.379
11.501 39.61 36.9600 16.9 2.651 2.651
12.000 39.69 36.9600 17.4 2.731 2.731
12.500 39.77 36.8100 18.9 2.959 2.959
13.000 39.85 36.9100 18.9 2.944 2.944
13.500 39.94 36.6600 20.9 3.271 3.271
14.000 40.02 36.6600 21.5 3.356 3.356
14.500 40.11 36.6600 22.1 3.441 3.441
15.001 40.19 36.6200 23.0 3.577 3.577
15.501 40.28 36.5200 24.2 3.762 3.762
16.001 40.37 36.4700 25.2 3.899 3.899
16.501 40.46 36.4200 26.1 4.037 4.037
17.000 40.55 36.4200 26.7 4.127 4.127
17.500 40.64 36.2700 28.3 4.365 4.365
18.000 40.73 36.4700 27.7 4.259 4.259
18.500 40.82 36.3200 29.3 4.498 4.498
19.000 40.91 36.2200 30.6 4.688 4.688
19.500 41.00 36.1700 31.5 4.830 4.830
20.001 41.10 35.9200 33.7 5.171 5.171
20.501 41.19 35.9700 34.1 5.214 5.214
21.001 41.28 35.9700 34.8 5.308 5.308
21.501 41.38 36.1700 34.2 5.204 5.204
22.001 41.47 35.8800 36.8 5.596 5.596
22.501 41.57 35.7300 38.4 5.840 5.840
23.000 41.66 35.7800 38.8 5.886 5.886
23.500 41.76 35.7300 39.8 6.031 6.031
24.000 41.85 35.6800 40.8 6.177 6.177
24.500 41.95 35.8800 40.3 6.074 6.074
25.001 42.04 35.7800 41.6 6.269 6.269
25.501 42.14 35.7300 42.7 6.416 6.416
26.001 42.24 35.6800 43.7 6.563 6.563
