# time_s  setpoint_c  celsius  duty_pct  err_real  err_pred
2.451 38.03 37.8100 15.2 0.219 1.846
2.501 38.04 37.7900 16.1 0.250 1.958
2.551 38.04 37.8300 15.2 0.212 1.847
2.601 38.04 37.8100 15.9 0.234 1.935
2.651 38.05 37.8100 16.0 0.236 1.945
2.701 38.05 37.7900 16.8 0.261 2.038
2.752 38.06 37.8100 16.4 0.244 1.993
2.802 38.06 37.7600 17.9 0.299 2.177
2.851 38.07 37.8400 16.2 0.229 1.965
2.901 38.07 37.7900 17.6 0.281 2.140
2.950 38.07 37.7800 18.1 0.295 2.193
3.001 38.08 37.8000 17.8 0.281 2.160
3.051 38.08 37.8000 17.8 0.280 2.160
3.101 38.09 37.7400 19.6 0.344 2.376
3.151 38.09 37.8500 17.0 0.245 2.063
3.200 38.10 37.7900 18.8 0.309 2.276
3.252 38.10 37.8200 18.1 0.281 2.188
3.302 38.11 37.7600 20.0 0.352 2.426
3.351 38.11 37.7800 19.6 0.336 2.383
3.401 38.12 37.8100 18.9 0.308 2.295
3.450 38.12 37.8000 19.4 0.325 2.353
3.501 38.13 37.7900 19.8 0.336 2.396
3.551 38.13 37.8100 19.5 0.323 2.358
3.601 38.14 37.7700 20.9 0.373 2.529
3.651 38.14 37.7600 21.3 0.387 2.576
3.701 38.15 37.7700 20.9 0.375 2.537
3.752 38.15 37.7900 20.8 0.365 2.512
3.802 38.16 37.7800 21.2 0.380 2.562
3.851 38.17 37.7400 22.4 0.424 2.706
3.901 38.17 37.7300 22.7 0.438 2.753
3.950 38.18 37.7500 22.5 0.426 2.719
4.001 38.18 37.7600 22.4 0.422 2.709
4.051 38.19 37.7400 23.1 0.449 2.797
4.101 38.19 37.7500 22.9 0.440 2.771
4.151 38.20 37.7500 23.0 0.445 2.785
4.200 38.20 37.7400 23.5 0.460 2.838
4.251 38.21 37.7300 24.1 0.484 2.916
4.301 38.22 37.7600 23.3 0.454 2.811
4.351 38.22 37.7500 23.7 0.469 2.865
4.401 38.23 37.8400 21.6 0.391 2.614
4.451 38.23 37.7000 25.4 0.534 3.078
4.502 38.24 37.7400 24.5 0.502 2.965
4.551 38.25 37.7400 24.7 0.508 2.989
4.601 38.25 37.7400 24.8 0.511 3.000
4.651 38.26 37.7400 25.1 0.520 3.027
4.700 38.26 37.7000 26.3 0.568 3.182
4.751 38.27 37.7000 26.4 0.571 3.184
4.801 38.28 37.7000 26.6 0.580 3.212
4.851 38.28 37.6800 27.2 0.604 3.289
4.901 38.29 37.7400 25.9 0.554 3.122
4.950 38.30 37.7100 26.8 0.590 3.238
5.002 38.30 37.7200 26.6 0.581 3.208
5.052 38.31 37.7300 26.6 0.582 3.203
5.101 38.31 37.6700 28.2 0.642 3.400
5.151 38.32 37.7000 27.6 0.625 3.337
5.200 38.33 37.7000 27.6 0.625 3.335
5.251 38.33 37.7200 27.3 0.614 3.295
5.301 38.34 37.6700 28.7 0.668 3.464
5.351 38.35 37.6900 28.4 0.657 3.423
5.401 38.35 37.6500 29.5 0.700 3.558
5.451 38.36 37.7100 28.1 0.650 3.386
5.502 38.37 37.6700 29.4 0.698 3.540
5.551 38.37 37.6500 30.1 0.729 3.630
5.601 38.38 37.6500 30.2 0.732 3.638
5.651 38.39 37.6700 29.7 0.715 3.579
5.700 38.39 37.6800 29.7 0.716 3.573
5.751 38.40 37.7000 29.2 0.702 3.516
5.801 38.41 37.6500 30.8 0.763 3.710
5.851 38.42 37.6800 29.9 0.734 3.605
5.901 38.42 37.6900 29.8 0.729 3.585
5.951 38.43 37.6800 30.1 0.745 3.627
6.002 38.44 37.7000 30.0 0.740 3.607
6.051 38.44 37.6800 30.4 0.759 3.659
6.101 38.45 37.6500 31.5 0.802 3.794
6.151 38.46 37.6500 31.6 0.809 3.806
6.201 38.47 37.6600 31.6 0.807 3.796
6.252 38.47 37.7000 30.5 0.770 3.663
6.301 38.48 37.6400 32.3 0.840 3.885
6.351 38.49 37.6500 32.3 0.841 3.879
6.401 38.49 37.6500 32.3 0.845 3.880
6.450 38.50 37.6200 33.2 0.879 3.987
6.501 38.51 37.6300 33.1 0.881 3.980
6.551 38.52 37.6200 33.4 0.894 4.012
6.601 38.52 37.6200 33.6 0.904 4.038
6.652 38.53 37.7400 30.4 0.786 3.644
6.701 38.54 37.6300 33.5 0.907 4.027
6.751 38.55 37.6000 34.5 0.948 4.145
6.801 38.55 37.6000 34.6 0.955 4.163
6.851 38.56 37.6000 34.7 0.960 4.166
6.901 38.57 37.6500 33.6 0.922 4.033
6.950 38.58 37.6500 33.5 0.921 4.021
7.001 38.58 37.6700 33.3 0.917 3.990
7.051 38.59 37.5800 35.7 1.011 4.290
7.101 38.60 37.6100 35.1 0.992 4.215
7.152 38.61 37.5900 35.8 1.020 4.295
7.201 38.61 37.6200 34.9 0.989 4.186
7.251 38.62 37.6000 35.6 1.021 4.271
7.301 38.63 37.5900 36.0 1.037 4.318
7.351 38.64 37.5800 36.5 1.060 4.379
7.401 38.64 37.5300 37.8 1.113 4.536
7.450 38.65 37.6200 35.5 1.031 4.257
7.501 38.66 37.6000 36.4 1.065 4.356
7.551 38.67 37.6200 35.8 1.046 4.282
7.602 38.68 37.5500 37.8 1.126 4.533
7.652 38.68 37.5400 38.0 1.140 4.559
7.700 38.69 37.5800 37.2 1.112 4.459
7.751 38.70 37.5900 37.1 1.114 4.446
7.801 38.71 37.5600 37.9 1.146 4.543
7.851 38.72 37.6100 36.6 1.103 4.383
7.901 38.72 37.5500 38.4 1.171 4.595
7.950 38.73 37.5700 38.1 1.167 4.564
8.002 38.74 37.5700 38.0 1.166 4.552
8.052 38.75 37.6300 36.6 1.117 4.374
8.102 38.76 37.5700 38.2 1.182 4.571
8.151 38.76 37.5500 38.9 1.211 4.658
8.201 38.77 37.5400 39.4 1.234 4.712
8.252 38.78 37.6000 37.8 1.179 4.520
8.302 38.79 37.5600 39.1 1.229 4.670
8.351 38.80 37.5400 39.5 1.252 4.728
8.401 38.80 37.5400 39.8 1.266 4.761
8.450 38.81 37.5900 38.7 1.227 4.617
8.501 38.82 37.5600 39.5 1.262 4.719
8.551 38.83 37.6000 38.5 1.228 4.594
8.601 38.84 37.5600 39.6 1.276 4.734
8.651 38.85 37.5500 40.1 1.299 4.789
8.701 38.85 37.5600 39.8 1.292 4.752
8.752 38.86 37.5700 39.8 1.297 4.754
8.801 38.87 37.5500 40.3 1.321 4.815
8.851 38.88 37.5400 40.9 1.344 4.876
8.901 38.89 37.5100 41.8 1.382 4.986
8.950 38.90 37.6000 39.4 1.301 4.701
9.001 38.90 37.4800 42.6 1.426 5.092
9.051 38.91 37.5800 40.0 1.329 4.763
9.101 38.92 37.5600 40.7 1.362 4.853
9.152 38.93 37.4300 44.2 1.499 5.280
9.200 38.94 37.5500 41.0 1.385 4.890
9.251 38.95 37.5400 41.4 1.402 4.933
9.301 38.95 37.5400 41.7 1.420 4.975
9.351 38.96 37.5200 42.2 1.440 5.025
9.401 38.97 37.5500 41.5 1.419 4.940
9.450 38.98 37.5500 41.7 1.433 4.967
9.502 38.99 37.5100 42.7 1.475 5.087
9.552 39.00 37.5300 42.5 1.471 5.060
9.601 39.01 37.5000 43.3 1.507 5.154
9.651 39.01 37.5500 42.0 1.464 5.000
9.700 39.02 37.5100 43.2 1.512 5.138
9.751 39.03 37.5300 42.8 1.503 5.088
9.801 39.04 37.5500 42.3 1.490 5.031
9.851 39.05 37.5300 43.1 1.523 5.122
9.901 39.06 37.5100 43.6 1.547 5.184
9.951 39.07 37.5400 42.9 1.528 5.102
10.001 39.08 37.5700 42.3 1.510 5.021
10.051 39.08 37.5000 44.2 1.585 5.254
10.101 39.09 37.4900 44.5 1.602 5.290
10.151 39.10 37.4800 44.7 1.617 5.315
10.200 39.11 37.5100 44.2 1.605 5.259
10.251 39.12 37.5800 42.5 1.542 5.038
10.301 39.13 37.5000 44.6 1.628 5.304
10.351 39.14 37.5400 43.6 1.595 5.175
10.401 39.15 37.5200 44.4 1.628 5.266
10.450 39.15 37.5200 44.3 1.631 5.259
10.501 39.16 37.5200 44.5 1.646 5.286
10.552 39.17 37.5000 45.2 1.675 5.365
10.601 39.18 37.5100 44.9 1.672 5.333
10.651 39.19 37.5300 44.6 1.663 5.288
10.700 39.20 37.5100 45.2 1.690 5.359
10.751 39.21 37.5200 45.0 1.690 5.338
10.801 39.22 37.5100 45.4 1.711 5.387
10.851 39.22 37.5000 45.6 1.723 5.405
10.901 39.23 37.5100 45.5 1.725 5.391
10.950 39.24 37.5500 44.5 1.692 5.267
11.002 39.25 37.5300 45.1 1.719 5.340
11.051 39.26 37.5100 45.9 1.755 5.435
11.101 39.27 37.5100 46.0 1.764 5.446
11.151 39.28 37.5400 45.2 1.743 5.357
11.200 39.29 37.5100 46.2 1.782 5.467
11.251 39.30 37.5000 46.3 1.794 5.483
11.301 39.31 37.5300 45.6 1.773 5.399
11.352 39.31 37.5200 46.0 1.794 5.446
11.401 39.32 37.5700 44.9 1.755 5.302
11.450 39.33 37.5500 45.5 1.785 5.379
11.501 39.34 37.5000 46.9 1.842 5.548
11.551 39.35 37.4900 47.3 1.863 5.593
11.601 39.36 37.5200 46.5 1.839 5.499
11.651 39.37 37.4900 47.5 1.881 5.614
11.701 39.38 37.5300 46.5 1.848 5.489
11.752 39.39 37.5300 46.5 1.854 5.488
11.802 39.40 37.4600 48.4 1.932 5.718
11.851 39.40 37.5000 47.4 1.903 5.605
11.901 39.41 37.5500 46.1 1.861 5.445
11.950 39.42 37.5400 46.5 1.879 5.489
12.001 39.43 37.5200 47.3 1.912 5.581
12.051 39.44 37.5200 47.4 1.921 5.589
12.101 39.45 37.5100 47.8 1.945 5.644
12.152 39.46 37.5100 47.7 1.948 5.631
12.201 39.47 37.5100 47.8 1.957 5.645
12.251 39.48 37.5600 46.6 1.916 5.486
12.302 39.49 37.5300 47.6 1.961 5.617
12.352 39.50 37.5100 48.1 1.982 5.670
12.401 39.51 37.6800 43.9 1.830 5.153
12.450 39.51 37.5300 47.8 1.982 5.629
12.501 39.52 37.5600 47.1 1.965 5.549
12.551 39.53 37.5300 48.1 2.007 5.670
12.601 39.54 37.5800 46.7 1.959 5.492
12.651 39.55 37.5300 48.3 2.025 5.692
12.701 39.56 37.5300 48.4 2.035 5.699
12.752 39.57 37.5200 48.5 2.047 5.717
12.801 39.58 37.5500 48.0 2.032 5.652
12.851 39.59 37.5600 47.8 2.029 5.622
12.901 39.60 37.5100 49.3 2.092 5.804
12.950 39.61 37.5500 48.1 2.054 5.662
13.001 39.62 37.5700 47.8 2.045 5.611
13.051 39.63 37.5700 48.0 2.060 5.646
13.101 39.63 37.5700 48.0 2.064 5.634
13.152 39.64 37.6000 47.2 2.040 5.537
13.200 39.65 37.5700 48.3 2.088 5.676
13.251 39.66 37.5800 48.1 2.086 5.647
13.301 39.67 37.5900 47.9 2.083 5.616
13.351 39.68 37.6000 47.7 2.083 5.601
13.401 39.69 37.5700 48.6 2.123 5.708
13.450 39.70 37.5600 49.0 2.144 5.756
13.501 39.71 37.5600 49.1 2.150 5.760
13.552 39.72 37.5700 49.0 2.154 5.748
13.601 39.73 37.5900 48.4 2.136 5.670
13.651 39.74 37.5900 48.5 2.145 5.684
13.700 39.75 37.6000 48.3 2.143 5.655
13.751 39.76 37.5600 49.5 2.194 5.800
13.801 39.77 37.5800 49.2 2.189 5.764
13.851 39.78 37.6300 47.8 2.144 5.599
13.901 39.78 37.6100 48.5 2.175 5.677
13.950 39.79 37.5800 49.4 2.217 5.791
14.002 39.80 37.6000 49.1 2.208 5.748
14.051 39.81 37.6000 49.1 2.215 5.746
14.101 39.82 37.5900 49.3 2.230 5.776
14.151 39.83 37.6100 48.9 2.219 5.722
14.200 39.84 37.6200 48.7 2.216 5.693
14.251 39.85 37.6100 49.1 2.238 5.741
14.301 39.86 37.6100 49.3 2.250 5.765
14.351 39.87 37.6200 49.1 2.250 5.746
14.401 39.88 37.6300 49.0 2.251 5.726
14.450 39.89 37.6500 48.5 2.237 5.659
14.502 39.90 37.6200 49.3 2.276 5.764
14.552 39.91 37.6200 49.4 2.282 5.770
14.601 39.92 37.6300 49.3 2.286 5.760
14.651 39.93 37.6400 49.1 2.283 5.731
14.700 39.94 37.6900 48.0 2.248 5.600
14.751 39.95 37.7000 47.8 2.243 5.563
14.802 39.95 37.6400 49.4 2.312 5.767
14.851 39.96 37.6600 49.0 2.301 5.714
14.901 39.97 37.6300 49.9 2.340 5.822
14.951 39.98 37.6800 48.9 2.308 5.695
15.002 39.99 37.7100 48.2 2.287 5.610
15.051 40.00 37.6900 48.6 2.309 5.657
15.101 40.01 37.7400 47.6 2.277 5.532
15.151 40.02 37.6500 50.0 2.370 5.821
15.200 40.03 37.6800 49.2 2.349 5.733
15.251 40.04 37.6700 49.7 2.374 5.793
15.301 40.05 37.7400 48.0 2.312 5.575
15.352 40.06 37.7500 47.7 2.309 5.542
15.401 40.07 37.7200 48.6 2.349 5.655
15.450 40.08 37.7400 48.1 2.334 5.589
15.501 40.09 37.6900 49.6 2.395 5.764
15.551 40.10 37.7200 49.1 2.380 5.703
15.601 40.11 37.7600 48.1 2.351 5.589
15.651 40.12 37.7400 48.8 2.382 5.667
15.700 40.13 37.7500 48.6 2.379 5.641
15.752 40.14 37.7400 48.8 2.392 5.659
15.802 40.15 37.7700 48.3 2.378 5.600
15.851 40.16 37.7700 48.4 2.387 5.611
15.901 40.17 37.8000 47.5 2.361 5.507
15.950 40.17 37.7900 48.1 2.389 5.575
16.001 40.18 37.7800 48.4 2.404 5.613
16.051 40.19 37.7200 50.0 2.470 5.809
16.101 40.20 37.7900 48.4 2.414 5.607
16.152 40.21 37.8000 48.3 2.415 5.589
16.201 40.22 37.7700 49.2 2.455 5.703
16.252 40.23 37.7700 49.3 2.464 5.715
16.302 40.24 37.8000 48.6 2.444 5.630
16.351 40.25 37.8300 48.0 2.424 5.544
16.401 40.26 37.7900 49.2 2.475 5.692
16.450 40.27 37.7900 49.2 2.482 5.694
16.501 40.28 37.8400 47.9 2.438 5.530
16.551 40.29 37.8400 48.0 2.448 5.542
16.601 40.30 37.7900 49.5 2.508 5.725
16.652 40.31 37.8200 48.7 2.485 5.630
16.700 40.32 37.8500 48.2 2.471 5.564
16.751 40.33 37.8500 48.2 2.477 5.568
16.801 40.34 37.8600 48.1 2.475 5.547
16.851 40.35 37.8800 47.7 2.467 5.496
16.901 40.36 37.8800 47.9 2.480 5.524
16.950 40.37 37.9100 47.2 2.460 5.441
17.001 40.38 37.9100 47.3 2.467 5.445
17.052 40.39 37.9100 47.3 2.473 5.448
17.102 40.40 37.9000 47.7 2.492 5.495
17.151 40.41 37.9200 47.5 2.487 5.461
17.200 40.42 37.9200 47.6 2.499 5.484
17.251 40.43 37.9300 47.4 2.494 5.448
17.301 40.44 37.9500 47.1 2.489 5.413
17.351 40.45 37.9400 47.3 2.502 5.436
17.401 40.45 37.9700 46.8 2.488 5.373
17.450 40.46 37.9400 47.6 2.524 5.472
17.502 40.47 37.9700 46.9 2.501 5.380
17.552 40.48 37.9700 47.1 2.514 5.409
17.601 40.49 37.9700 47.2 2.521 5.413
17.651 40.50 37.9900 46.9 2.516 5.379
17.700 40.51 37.9800 47.2 2.531 5.413
17.751 40.52 38.0300 46.2 2.496 5.288
17.801 40.53 38.0100 46.6 2.521 5.345
17.851 40.54 38.0100 47.0 2.537 5.383
17.901 40.55 38.0100 47.0 2.543 5.389
17.951 40.56 38.0600 45.8 2.506 5.242
18.002 40.57 38.0700 45.7 2.504 5.224
18.051 40.58 38.0700 45.8 2.514 5.240
18.101 40.59 38.1300 44.3 2.461 5.052
18.151 40.60 38.0500 46.5 2.548 5.323
18.200 40.61 38.0800 45.9 2.528 5.243
18.251 40.62 38.0700 46.4 2.553 5.306
18.301 40.63 38.1100 45.5 2.521 5.186
18.351 40.64 38.0600 46.9 2.581 5.364
18.401 40.65 38.1200 45.5 2.532 5.186
18.450 40.66 38.0900 46.3 2.568 5.288
18.501 40.67 38.1100 46.0 2.560 5.246
18.551 40.68 38.1300 45.6 2.552 5.203
18.602 40.69 38.1200 45.9 2.568 5.237
18.651 40.70 38.1600 45.0 2.539 5.127
18.700 40.71 38.1400 45.8 2.572 5.219
18.751 40.72 38.1600 45.5 2.561 5.174
18.801 40.73 38.1800 45.0 2.551 5.123
18.851 40.74 38.1200 46.7 2.617 5.321
18.901 40.75 38.1800 45.3 2.570 5.155
18.951 40.76 38.1900 45.2 2.571 5.140
19.001 40.77 38.1900 45.2 2.575 5.137
19.051 40.78 38.2400 44.2 2.541 5.015
19.101 40.79 38.2300 44.5 2.559 5.055
19.151 40.80 38.2100 45.3 2.590 5.144
19.200 40.81 38.2500 44.4 2.561 5.030
19.251 40.82 38.2500 44.4 2.565 5.032
19.301 40.83 38.2500 44.6 2.578 5.060
19.352 40.84 38.2400 45.1 2.599 5.115
19.402 40.85 38.2500 45.0 2.600 5.101
19.450 40.86 38.2700 44.5 2.587 5.042
19.501 40.87 38.3000 43.8 2.564 4.953
19.551 40.87 38.3100 43.7 2.562 4.937
19.601 40.88 38.3100 43.9 2.575 4.965
19.651 40.89 38.3500 43.1 2.549 4.867
19.700 40.90 38.3100 44.2 2.594 4.999
19.752 40.91 38.3000 44.7 2.616 5.055
19.801 40.92 38.3500 43.3 2.570 4.890
19.851 40.93 38.3500 43.5 2.580 4.907
19.901 40.94 38.3100 44.8 2.634 5.068
19.950 40.95 38.3700 43.3 2.582 4.885
20.001 40.96 38.3700 43.6 2.598 4.921
20.051 40.97 38.3500 44.2 2.622 4.986
20.101 40.98 38.4100 42.8 2.573 4.812
20.152 40.99 38.4200 42.6 2.571 4.792
20.201 41.00 38.4700 41.5 2.534 4.657
20.251 41.01 38.3900 43.8 2.623 4.940
20.302 41.02 38.4600 42.1 2.563 4.729
20.352 41.03 38.4300 43.1 2.605 4.852
20.401 41.04 38.4800 41.9 2.562 4.700
20.450 41.05 38.4800 42.1 2.574 4.726
20.501 41.06 38.4900 42.0 2.573 4.708
20.551 41.07 38.4700 42.5 2.597 4.773
20.601 41.08 38.5300 41.3 2.551 4.618
20.651 41.09 38.5600 40.7 2.535 4.545
20.700 41.10 38.5500 41.1 2.554 4.599
20.752 41.11 38.5300 41.6 2.578 4.661
20.802 41.12 38.5400 41.7 2.582 4.666
20.851 41.13 38.5400 41.8 2.589 4.677
20.901 41.14 38.5500 41.7 2.590 4.661
20.950 41.15 38.5700 41.3 2.576 4.609
21.001 41.16 38.5700 41.4 2.586 4.630
21.051 41.17 38.6000 40.8 2.567 4.553
21.101 41.18 38.5900 41.2 2.586 4.603
21.152 41.19 38.6100 41.1 2.584 4.583
21.201 41.20 38.6500 40.2 2.553 4.470
21.251 41.21 38.5800 42.2 2.630 4.714
21.301 41.22 38.6900 39.4 2.529 4.367
21.351 41.23 38.7000 39.4 2.533 4.369
21.401 41.24 38.7200 38.9 2.516 4.304
21.450 41.25 38.6900 40.1 2.564 4.454
21.502 41.26 38.7400 38.8 2.519 4.295
21.552 41.27 38.7300 39.4 2.543 4.364
21.601 41.28 38.7600 38.5 2.515 4.261
21.651 41.29 38.7500 39.0 2.536 4.320
21.700 41.30 38.7700 38.7 2.529 4.284
21.751 41.31 38.7800 38.8 2.533 4.286
21.801 41.32 38.7300 40.1 2.587 4.449
21.851 41.33 38.7500 39.9 2.582 4.423
21.902 41.34 38.8100 38.4 2.528 4.236
21.950 41.35 38.8000 38.8 2.547 4.286
22.001 41.36 38.8400 38.1 2.521 4.195
22.051 41.37 38.8300 38.5 2.543 4.252
22.101 41.38 38.8700 37.6 2.512 4.142
22.151 41.39 38.8500 38.2 2.536 4.211
22.200 41.40 38.8800 37.7 2.520 4.147
22.251 41.41 38.8800 37.8 2.527 4.160
22.301 41.42 38.8900 37.6 2.523 4.135
22.351 41.43 38.9100 37.4 2.518 4.110
22.401 41.44 38.9300 37.0 2.505 4.057
22.450 41.45 38.9200 37.6 2.529 4.133
22.501 41.46 38.9600 36.7 2.498 4.023
22.551 41.47 38.9400 37.3 2.523 4.093
22.602 41.48 39.0000 35.9 2.472 3.912
22.652 41.49 39.0000 36.3 2.490 3.968
22.700 41.50 38.9800 37.0 2.518 4.048
22.751 41.51 38.9700 37.3 2.533 4.090
22.801 41.52 39.0300 36.1 2.488 3.935
22.851 41.53 39.0700 35.2 2.457 3.824
22.901 41.54 39.0000 37.1 2.531 4.057
22.950 41.55 39.0900 35.1 2.460 3.815
23.001 41.56 39.1900 32.6 2.366 3.507
23.051 41.57 39.0800 35.8 2.489 3.893
23.102 41.58 39.1000 35.4 2.475 3.847
23.151 41.59 39.1100 35.2 2.474 3.827
23.200 41.60 39.0900 36.1 2.507 3.932
23.251 41.61 39.1000 36.0 2.505 3.912
23.301 41.62 39.1600 34.7 2.460 3.762
23.351 41.63 39.2100 33.5 2.418 3.612
23.401 41.64 39.1900 34.2 2.442 3.690
23.450 41.65 39.2100 33.8 2.432 3.649
23.502 41.66 39.2200 33.8 2.433 3.639
23.551 41.67 39.2200 34.2 2.449 3.688
23.601 41.67 39.2700 33.0 2.407 3.538
23.651 41.68 39.2300 34.2 2.454 3.691
23.700 41.69 39.2700 33.5 2.430 3.604
23.751 41.70 39.3000 32.8 2.405 3.515
23.801 41.71 39.2800 33.6 2.438 3.616
23.851 41.72 39.3000 33.3 2.428 3.576
23.902 41.73 39.3100 33.3 2.429 3.573
23.951 41.74 39.3100 33.2 2.430 3.569
24.001 41.75 39.3500 32.5 2.406 3.483
24.051 41.76 39.3700 32.2 2.396 3.443
24.101 41.77 39.3800 32.3 2.397 3.446
24.151 41.78 39.3500 33.2 2.435 3.560
24.200 41.79 39.4000 32.0 2.394 3.417
24.251 41.80 39.4300 31.6 2.378 3.359
24.301 41.81 39.4300 31.7 2.382 3.372
24.351 41.82 39.4300 31.9 2.392 3.392
24.401 41.83 39.4600 31.5 2.379 3.344
24.450 41.84 39.4800 30.9 2.360 3.277
24.502 41.85 39.4800 31.4 2.376 3.327
24.552 41.86 39.5400 29.8 2.320 3.141
24.601 41.87 39.5200 30.6 2.350 3.233
24.651 41.88 39.5700 29.7 2.317 3.120
24.700 41.89 39.5400 30.7 2.358 3.250
24.751 41.90 39.5600 30.4 2.348 3.212
24.801 41.91 39.5900 29.7 2.321 3.117
24.851 41.92 39.6800 27.6 2.245 2.866
24.902 41.93 39.6000 30.0 2.335 3.155
24.951 41.94 39.5900 30.4 2.353 3.210
25.001 41.95 39.6200 29.9 2.335 3.144
25.051 41.96 39.6600 29.0 2.302 3.032
25.101 41.97 39.6900 28.6 2.286 2.976
25.151 41.98 39.7000 28.5 2.285 2.967
25.200 41.99 39.7100 28.5 2.286 2.967
25.251 42.00 39.7400 28.0 2.267 2.903
25.302 42.01 39.7400 28.2 2.277 2.931
25.352 42.02 39.7400 28.2 2.279 2.931
25.401 42.03 39.7600 27.9 2.269 2.894
25.450 42.04 39.8200 26.8 2.228 2.757
25.501 42.05 39.7700 28.3 2.283 2.934
25.551 42.06 39.8100 27.5 2.256 2.841
25.601 42.07 39.8200 27.5 2.257 2.844
25.651 42.08 39.8300 27.5 2.256 2.834
25.701 42.09 39.8400 27.3 2.252 2.816
25.752 42.10 39.9100 25.6 2.188 2.605
25.801 42.11 39.9100 26.0 2.203 2.653
25.851 42.12 39.9000 26.5 2.224 2.719
25.901 42.13 39.9000 26.8 2.234 2.749
25.950 42.14 39.9100 26.7 2.233 2.741
26.001 42.15 39.9700 25.3 2.181 2.567
26.051 42.16 39.9500 26.0 2.208 2.653
26.102 42.17 40.0100 24.8 2.163 2.506
26.152 42.18 39.9800 25.9 2.205 2.638
26.201 42.19 40.0300 24.7 2.161 2.493
26.251 42.20 40.0000 25.7 2.199 2.615
26.301 42.21 40.0500 24.8 2.164 2.497
26.352 42.22 40.0500 24.9 2.171 2.518
26.401 42.23 40.0700 24.8 2.166 2.502
26.450 42.24 40.1300 23.4 2.111 2.321
26.501 42.25 40.0800 25.0 2.172 2.524
26.551 42.26 40.1200 24.2 2.143 2.426
26.601 42.27 40.1400 23.9 2.133 2.392
26.651 42.28 40.1500 23.9 2.131 2.380
26.700 42.29 40.1900 23.1 2.102 2.288
26.752 42.30 40.1900 23.4 2.112 2.319
26.802 42.31 40.1900 23.6 2.122 2.351
26.851 42.32 40.1600 24.7 2.163 2.478
26.901 42.33 40.2300 23.0 2.099 2.274
26.950 42.34 40.2600 22.4 2.078 2.205
27.001 42.35 40.2400 23.3 2.111 2.310
27.051 42.36 40.2500 23.3 2.109 2.306
27.101 42.37 40.2500 23.6 2.122 2.345
27.151 42.38 40.2700 23.4 2.115 2.321
27.201 42.39 40.3000 22.9 2.094 2.252
27.252 42.40 40.3600 21.4 2.039 2.071
27.301 42.41 40.3600 21.6 2.049 2.104
27.351 42.42 40.3900 21.2 2.031 2.046
27.401 42.43 40.3600 22.3 2.072 2.178
27.450 42.44 40.3600 22.6 2.085 2.220
27.501 42.45 40.4200 21.1 2.030 2.040
27.551 42.46 40.3800 22.5 2.080 2.200
27.602 42.47 40.4200 21.6 2.047 2.096
27.652 42.48 40.4800 20.4 2.001 1.944
27.700 42.49 40.4700 20.9 2.019 2.004
27.751 42.50 40.4900 20.7 2.012 1.983
27.801 42.51 40.4900 21.0 2.025 2.023
27.851 42.52 40.5300 20.1 1.987 1.907
27.901 42.53 40.5500 19.8 1.978 1.871
27.950 42.54 40.5500 20.1 1.988 1.910
28.001 42.55 40.6800 16.9 1.866 1.510
28.052 42.56 40.5600 20.6 2.005 1.968
28.102 42.57 40.5900 19.9 1.981 1.886
28.151 42.58 40.5800 20.6 2.003 1.961
28.201 42.59 40.6400 19.1 1.951 1.788
28.252 42.60 40.6500 19.2 1.950 1.790
28.301 42.61 40.6800 18.6 1.932 1.728
28.351 42.62 40.7000 18.4 1.922 1.703
28.401 42.63 40.6500 19.9 1.979 1.886
28.450 42.64 40.7000 19.0 1.942 1.770
28.501 42.65 40.7200 18.7 1.932 1.734
28.551 42.66 40.7400 18.5 1.923 1.710
28.602 42.67 40.7500 18.4 1.919 1.693
28.652 42.68 40.7900 17.6 1.887 1.596
28.700 42.69 40.7900 18.0 1.902 1.643
28.751 42.70 40.8100 17.8 1.893 1.619
28.801 42.71 40.8000 18.3 1.914 1.684
28.851 42.72 40.8100 18.2 1.907 1.669
28.901 42.73 40.8400 17.9 1.895 1.625
28.950 42.74 40.9400 15.5 1.805 1.338
29.001 42.75 40.8700 17.4 1.876 1.567
29.052 42.76 40.8900 17.2 1.866 1.544
29.102 42.77 40.9400 16.1 1.826 1.410
29.151 42.78 40.9300 16.7 1.847 1.486
29.200 42.79 40.9600 16.2 1.827 1.423
29.251 42.80 40.9700 16.2 1.828 1.424
29.301 42.81 41.0200 15.2 1.788 1.302
29.351 42.82 41.0100 15.8 1.810 1.368
29.401 42.83 41.0200 15.9 1.811 1.382
29.451 42.84 41.0400 15.6 1.802 1.348
29.502 42.85 41.0400 15.8 1.806 1.371
29.551 42.86 41.0500 15.9 1.810 1.382
29.601 42.87 41.0900 15.3 1.784 1.306
29.651 42.88 41.1100 14.9 1.772 1.264
29.700 42.89 41.1000 15.6 1.793 1.341
29.751 42.90 41.1400 14.6 1.756 1.217
29.801 42.91 41.1700 14.2 1.738 1.169
29.851 42.92 41.1500 15.2 1.773 1.287
29.902 42.93 41.1600 15.2 1.775 1.294
29.951 42.94 41.1800 14.8 1.757 1.241
30.001 42.95 41.2100 14.3 1.737 1.178
30.051 42.96 41.2100 14.6 1.747 1.213
30.101 42.97 41.2400 14.1 1.729 1.160
30.151 42.98 41.2400 14.4 1.739 1.196
30.200 42.99 41.2500 14.4 1.738 1.194
30.251 43.00 41.2600 14.4 1.737 1.196
30.301 43.01 41.3500 12.4 1.661 0.953
30.351 43.02 41.3400 12.9 1.677 1.007
30.401 43.03 41.3600 12.7 1.667 0.982
30.450 43.04 41.3600 13.1 1.680 1.028
30.501 43.05 41.4000 12.4 1.654 0.946
30.552 43.06 41.4000 12.5 1.656 0.958
30.602 43.07 41.4100 12.7 1.663 0.986
30.651 43.08 41.4500 11.8 1.629 0.879
30.700 43.09 41.4600 11.8 1.626 0.870
30.751 43.10 41.4600 12.2 1.638 0.918
30.801 43.11 41.5200 11.0 1.593 0.776
30.851 43.12 41.4900 12.1 1.633 0.910
30.901 43.13 41.5200 11.5 1.608 0.832
30.950 43.14 41.5500 11.0 1.588 0.772
31.001 43.15 41.5400 11.7 1.614 0.861
31.052 43.16 41.6000 10.4 1.563 0.703
31.102 43.17 41.5800 11.1 1.587 0.786
31.151 43.18 41.6300 10.2 1.553 0.679
31.200 43.19 41.6200 10.8 1.574 0.754
31.251 43.20 41.6100 11.2 1.587 0.801
31.301 43.21 41.6700 10.0 1.539 0.649
31.351 43.22 41.6800 10.2 1.544 0.671
31.401 43.23 41.6900 10.0 1.535 0.647
31.450 43.24 41.6900 10.4 1.550 0.701
31.502 43.25 41.6900 10.7 1.557 0.731
31.552 43.26 41.7600 9.1 1.496 0.538
31.601 43.27 41.7400 9.9 1.525 0.644
31.651 43.28 41.7600 9.9 1.522 0.632
31.700 43.29 41.7700 9.9 1.521 0.634
31.751 43.30 41.8100 9.0 1.487 0.530
31.801 43.31 41.8000 9.8 1.511 0.618
31.851 43.32 41.8200 9.4 1.499 0.580
31.901 43.33 41.8500 9.0 1.481 0.529
31.950 43.34 41.8300 9.7 1.505 0.612
32.002 43.35 41.9000 8.4 1.452 0.452
32.052 43.36 41.8900 8.7 1.465 0.494
32.102 43.37 41.9200 8.2 1.445 0.434
32.151 43.38 41.9600 7.6 1.420 0.358
32.201 43.39 41.9500 8.1 1.435 0.421
32.252 43.40 41.9700 8.0 1.429 0.401
32.302 43.41 42.0000 7.4 1.406 0.334
32.350 43.42 42.0100 7.6 1.410 0.355
32.400 43.43 42.0500 6.9 1.380 0.268
32.449 43.44 42.0300 7.8 1.414 0.381
32.500 43.45 42.0400 7.8 1.413 0.384
32.550 43.46 42.0900 6.7 1.366 0.237
32.600 43.47 42.0800 7.4 1.390 0.327
32.650 43.48 42.1100 6.8 1.367 0.254
32.700 43.49 42.1500 6.1 1.339 0.170
32.751 43.50 42.1500 6.6 1.355 0.228
32.800 43.51 42.1600 6.4 1.346 0.211
32.850 43.52 41.9500 12.4 1.570 0.943
32.900 43.53 42.1800 6.6 1.349 0.228
32.949 43.54 42.2100 6.2 1.332 0.180
33.000 43.55 42.2300 6.0 1.320 0.154
33.050 43.56 42.2600 5.6 1.303 0.107
33.100 43.57 42.2700 5.5 1.297 0.094
33.150 43.58 42.2800 5.7 1.302 0.117
33.199 43.59 42.3100 5.1 1.279 0.051
33.251 43.60 42.3200 5.2 1.278 0.056
33.300 43.61 42.3200 5.7 1.294 0.114
33.350 43.62 42.3500 5.0 1.266 0.031
33.400 43.63 42.3800 4.6 1.249 -0.017
33.449 43.64 42.3700 5.3 1.272 0.068
33.500 43.65 42.4100 4.4 1.236 -0.042
33.550 43.66 42.4000 5.1 1.260 0.043
33.600 43.67 42.4300 4.5 1.235 -0.031
33.650 43.68 42.4200 5.1 1.256 0.045
33.700 43.69 42.4600 4.3 1.225 -0.047
33.751 43.70 42.4000 6.3 1.297 0.196
33.800 43.71 42.5000 4.1 1.213 -0.072
33.850 43.72 42.5000 4.5 1.223 -0.032
33.900 43.73 42.5200 4.3 1.214 -0.053
33.949 43.74 42.5500 3.8 1.194 -0.109
34.000 43.75 42.5300 4.5 1.218 -0.024
34.050 43.76 42.5600 4.0 1.196 -0.089
34.100 43.77 42.5900 3.8 1.184 -0.118
34.150 43.78 42.5900 4.0 1.191 -0.087
34.199 43.79 42.6200 3.6 1.174 -0.133
34.250 43.80 42.6200 3.9 1.182 -0.101
34.300 43.81 42.6700 2.8 1.138 -0.236
34.350 43.82 42.6800 2.8 1.137 -0.229
34.400 43.83 42.7000 2.7 1.128 -0.250
34.449 43.84 42.6800 3.5 1.157 -0.147
34.501 43.85 42.6700 4.1 1.178 -0.072
34.551 43.86 42.7300 2.8 1.126 -0.232
34.600 43.87 42.7500 2.6 1.117 -0.252
34.650 43.88 42.7500 3.1 1.133 -0.194
34.699 43.89 42.7900 2.2 1.097 -0.301
34.750 43.90 42.8200 1.8 1.078 -0.356
34.800 43.91 42.8100 2.6 1.104 -0.262
34.850 43.92 42.8600 1.4 1.058 -0.403
34.900 43.93 42.8300 2.5 1.097 -0.266
34.949 43.94 42.8700 1.8 1.067 -0.356
35.001 43.95 42.8800 2.1 1.074 -0.323
35.051 43.96 42.9200 1.3 1.044 -0.412
35.101 43.97 42.9100 1.8 1.060 -0.353
35.150 43.98 42.9600 0.9 1.024 -0.459
35.199 43.99 42.9300 1.9 1.058 -0.339
35.250 44.00 42.9600 1.6 1.044 -0.376
35.300 44.01 42.9700 1.6 1.041 -0.378
35.350 44.02 43.0100 0.9 1.011 -0.467
35.400 44.03 43.0300 0.6 0.997 -0.503
35.449 44.04 43.0700 0.1 0.975 -0.566
35.501 44.05 43.0700 0.4 0.985 -0.523
35.551 44.06 43.0800 0.5 0.984 -0.516
35.601 44.07 43.0500 1.5 1.018 -0.396
35.650 44.08 43.0900 0.7 0.985 -0.493
35.699 44.09 43.1200 0.4 0.974 -0.521
35.750 44.10 43.1200 0.6 0.979 -0.497
35.800 44.11 43.1300 0.8 0.983 -0.472
35.850 44.12 43.1800 0.0 0.943 -0.595
35.900 44.13 43.1600 0.7 0.971 -0.492
35.949 44.14 43.2000 0.0 0.942 -0.580
36.000 44.15 43.2100 0.0 0.941 -0.573
36.050 44.16 43.2200 0.1 0.943 -0.557
36.101 44.17 43.2400 0.0 0.926 -0.602
36.151 44.18 43.2400 0.1 0.936 -0.560
36.200 44.19 43.2500 0.2 0.938 -0.543
36.250 44.20 43.2800 0.0 0.925 -0.579
36.300 44.21 43.2800 0.2 0.932 -0.546
36.351 44.22 43.3300 0.0 0.891 -0.668
36.401 44.23 43.3400 0.0 0.893 -0.651
36.448 44.24 43.3500 0.0 0.888 -0.661
36.499 44.25 43.4000 0.0 0.855 -0.757
36.549 44.26 43.3700 0.0 0.889 -0.636
36.599 44.27 43.4100 0.0 0.865 -0.707
36.649 44.28 43.4000 0.0 0.880 -0.647
36.698 44.29 43.4500 0.0 0.845 -0.751
36.749 44.30 43.4700 0.0 0.831 -0.786
36.799 44.31 43.4600 0.0 0.846 -0.726
36.850 44.32 43.4900 0.0 0.830 -0.770
36.900 44.33 43.5400 0.0 0.795 -0.874
36.948 44.34 43.5400 0.0 0.797 -0.856
36.999 44.35 43.5400 0.0 0.812 -0.796
37.049 44.36 43.5500 0.0 0.814 -0.779
37.099 44.37 43.5700 0.0 0.803 -0.806
37.149 44.38 43.6100 0.0 0.768 -0.909
37.198 44.39 43.5700 0.0 0.818 -0.737
37.249 44.40 43.6100 0.0 0.794 -0.806
37.299 44.41 43.6100 0.0 0.801 -0.773
37.350 44.42 43.6700 0.0 0.753 -0.919
37.400 44.43 43.6900 0.0 0.745 -0.936
37.448 44.44 43.6700 0.0 0.773 -0.833
37.499 44.45 43.6900 0.0 0.757 -0.876
37.549 44.46 43.6900 0.0 0.767 -0.833
37.599 44.47 43.7400 0.0 0.732 -0.936
37.649 44.48 43.7400 0.0 0.737 -0.911
37.698 44.49 43.7500 0.0 0.736 -0.902
37.749 44.50 43.7900 0.0 0.715 -0.962
37.799 44.51 43.7800 0.0 0.735 -0.884
37.850 44.52 43.8000 0.0 0.716 -0.935
37.900 44.53 43.8000 0.0 0.732 -0.876
37.948 44.54 43.8300 0.0 0.710 -0.936
37.999 44.55 43.8300 0.0 0.718 -0.901
38.049 44.56 43.8700 0.0 0.691 -0.978
38.099 44.57 43.8700 0.0 0.698 -0.944
38.149 44.58 43.9100 0.0 0.671 -1.021
38.198 44.59 43.8800 0.0 0.707 -0.892
38.249 44.60 43.9600 0.0 0.641 -1.097
38.299 44.61 43.9000 0.0 0.706 -0.875
38.349 44.62 43.9500 0.0 0.669 -0.986
38.399 44.63 43.9900 0.0 0.637 -1.079
38.448 44.64 44.0100 0.0 0.626 -1.104
38.499 44.65 44.0100 0.0 0.636 -1.060
38.549 44.66 44.0000 0.0 0.657 -0.983
38.600 44.67 44.0100 0.0 0.656 -0.974
38.649 44.68 44.0300 0.0 0.648 -0.992
38.698 44.69 44.0600 0.0 0.635 -1.025
38.749 44.70 44.0600 0.0 0.642 -0.991
38.799 44.71 44.1100 0.0 0.605 -1.101
38.849 44.72 44.1200 0.0 0.599 -1.109
38.899 44.73 44.1300 0.0 0.601 -1.091
38.948 44.74 44.1100 0.0 0.630 -0.988
38.999 44.75 44.1800 0.0 0.574 -1.158
39.049 44.76 44.1700 0.0 0.587 -1.107
39.100 44.77 44.1900 0.0 0.584 -1.106
39.150 44.78 44.2100 0.0 0.568 -1.147
39.199 44.79 44.2200 0.0 0.575 -1.113
39.249 44.80 44.2400 0.0 0.562 -1.146
39.299 44.81 44.2400 0.0 0.572 -1.102
39.349 44.82 44.1900 0.0 0.629 -0.907
39.399 44.83 44.3700 0.0 0.456 -1.458
39.448 44.84 44.2700 0.0 0.570 -1.075
39.499 44.85 44.2900 0.0 0.562 -1.091
39.549 44.86 44.2800 0.0 0.583 -1.014
39.599 44.87 44.3100 0.0 0.559 -1.082
39.650 44.88 44.3600 0.0 0.525 -1.183
39.699 44.89 44.4300 0.0 0.456 -1.394
39.750 44.90 44.3600 0.0 0.545 -1.095
39.799 44.91 44.4000 0.0 0.508 -1.205
39.849 44.92 44.3800 0.0 0.539 -1.095
39.899 44.93 44.4100 0.0 0.523 -1.136
39.948 44.94 44.4300 0.0 0.509 -1.169
39.999 44.95 44.4300 0.0 0.519 -1.126
40.049 44.96 44.4700 0.0 0.488 -1.218
40.099 44.97 44.4700 0.0 0.498 -1.175
40.150 44.98 44.5000 0.0 0.479 -1.226
40.199 44.99 44.5300 0.0 0.463 -1.267
40.249 45.00 44.5200 0.0 0.481 -1.198
40.299 45.01 44.5600 0.0 0.455 -1.273
40.349 45.02 44.5300 0.0 0.488 -1.154
40.400 45.03 44.5700 0.0 0.462 -1.229
40.449 45.04 44.5600 0.0 0.480 -1.160
40.499 45.05 44.5800 0.0 0.469 -1.185
40.548 45.06 44.6000 0.0 0.461 -1.201
40.598 45.07 44.6400 0.0 0.429 -1.293
40.648 45.08 44.6400 0.0 0.445 -1.232
40.698 45.09 44.6400 0.0 0.452 -1.198
40.748 45.10 44.6300 0.0 0.470 -1.130
40.798 45.11 44.7500 0.0 0.361 -1.474
40.848 45.12 44.6300 0.0 0.487 -1.052
40.899 45.13 44.7200 0.0 0.407 -1.304
40.948 45.14 44.7200 0.0 0.417 -1.261
40.998 45.15 44.7200 0.0 0.434 -1.193
41.048 45.16 44.7200 0.0 0.439 -1.167
41.098 45.17 44.7800 0.0 0.387 -1.326
41.148 45.18 44.7700 0.0 0.413 -1.232
41.198 45.19 44.7700 0.0 0.423 -1.189
41.248 45.20 44.8100 0.0 0.386 -1.298
41.298 45.21 44.8100 0.0 0.401 -1.238
41.349 45.22 44.8000 0.0 0.417 -1.178
41.398 45.23 44.8200 0.0 0.414 -1.178
41.448 45.24 44.8700 0.0 0.375 -1.295
41.498 45.25 44.8800 0.0 0.372 -1.293
41.548 45.26 44.8800 0.0 0.382 -1.250
41.598 45.27 44.9100 0.0 0.364 -1.300
41.648 45.28 44.9300 0.0 0.355 -1.315
41.698 45.29 44.9400 0.0 0.347 -1.331
41.748 45.30 44.9300 0.0 0.375 -1.229
41.799 45.31 44.9600 0.0 0.355 -1.287
41.849 45.32 44.9900 0.0 0.331 -1.353
41.898 45.33 44.9900 0.0 0.346 -1.294
41.948 45.34 45.0000 0.0 0.346 -1.284
41.998 45.35 45.0100 0.0 0.343 -1.284
42.048 45.36 45.0300 0.0 0.335 -1.301
42.098 45.37 45.0500 0.0 0.324 -1.325
42.148 45.38 45.0600 0.0 0.323 -1.317
42.198 45.39 45.0500 0.0 0.346 -1.233
42.248 45.40 45.0700 0.0 0.330 -1.275
42.298 45.41 45.1000 0.0 0.314 -1.317
42.348 45.42 45.0900 0.0 0.332 -1.248
42.398 45.43 45.1500 0.0 0.284 -1.393
42.448 45.44 45.1300 0.0 0.310 -1.298
42.498 45.45 45.1400 0.0 0.315 -1.274
42.549 45.46 45.1700 0.0 0.294 -1.332
42.599 45.47 45.2000 0.0 0.271 -1.397
42.648 45.48 45.1700 0.0 0.307 -1.270
42.698 45.49 45.1700 0.0 0.319 -1.220
42.748 45.50 45.1900 0.0 0.311 -1.236
42.798 45.51 45.2200 0.0 0.293 -1.286
42.848 45.52 45.2500 0.0 0.267 -1.359
42.898 45.53 45.1500 0.0 0.382 -0.976
42.948 45.54 45.2600 0.0 0.284 -1.285
42.998 45.55 45.2600 0.0 0.292 -1.251
43.048 45.56 45.2700 0.0 0.287 -1.258
43.099 45.57 45.2700 0.0 0.297 -1.216
43.148 45.58 45.3200 0.0 0.263 -1.315
43.198 45.59 45.3400 0.0 0.250 -1.348
43.248 45.60 45.3300 0.0 0.270 -1.272
43.298 45.61 45.3300 0.0 0.283 -1.222
43.348 45.62 45.3600 0.0 0.265 -1.271
43.398 45.63 45.3900 0.0 0.244 -1.329
43.448 45.64 45.4200 0.0 0.221 -1.394
43.498 45.65 45.4200 0.0 0.231 -1.351
43.549 45.66 45.4100 0.0 0.251 -1.276
43.599 45.67 45.4800 0.0 0.187 -1.474
43.648 45.68 45.4600 0.0 0.223 -1.348
43.698 45.69 45.4400 0.0 0.248 -1.256
43.748 45.70 45.4800 0.0 0.222 -1.330
43.798 45.71 45.4900 0.0 0.225 -1.313
43.848 45.72 45.4600 0.0 0.260 -1.188
43.898 45.73 45.5100 0.0 0.224 -1.296
43.948 45.74 45.5400 0.0 0.199 -1.370
43.998 45.75 45.5600 0.0 0.196 -1.369
44.049 45.76 45.5400 0.0 0.221 -1.276
44.098 45.77 45.5500 0.0 0.221 -1.268
44.148 45.78 45.5500 0.0 0.231 -1.226
44.198 45.79 45.5900 0.0 0.206 -1.300
44.249 45.80 45.5600 0.0 0.246 -1.159
44.299 45.81 45.6400 0.0 0.170 -1.399
44.348 45.82 45.6500 0.0 0.172 -1.381
44.398 45.83 45.6200 0.0 0.212 -1.240
44.448 45.84 45.6400 0.0 0.205 -1.256
44.498 45.85 45.6800 0.0 0.171 -1.355
44.548 45.86 45.6600 0.0 0.202 -1.247
44.598 45.87 45.6900 0.0 0.179 -1.313
44.647 45.88 45.6800 0.0 0.201 -1.230
44.698 45.89 45.7200 0.0 0.171 -1.320
44.747 45.90 45.6900 0.0 0.214 -1.171
44.797 45.91 45.7400 0.0 0.176 -1.286
44.847 45.92 45.7600 0.0 0.163 -1.319
44.897 45.93 45.7500 0.0 0.178 -1.261
44.947 45.94 45.7700 0.0 0.175 -1.260
44.996 45.95 45.8100 0.0 0.144 -1.351
45.047 45.96 45.7900 0.0 0.167 -1.268
45.097 45.97 45.8000 0.0 0.167 -1.259
45.147 45.98 45.8400 0.0 0.144 -1.325
45.198 45.99 45.7800 0.0 0.210 -1.102
45.247 46.00 45.9000 0.0 0.101 -1.448
45.297 46.01 45.8500 0.0 0.159 -1.250
45.347 46.02 45.8500 0.0 0.172 -1.200
45.397 46.03 45.8500 0.0 0.179 -1.167
45.447 46.04 45.8600 0.0 0.184 -1.142
45.496 46.05 45.9200 0.0 0.133 -1.299
45.547 46.06 45.8900 0.0 0.174 -1.159
45.597 46.07 45.9500 0.0 0.125 -1.307
45.647 46.08 45.9300 0.0 0.148 -1.225
45.698 46.09 45.9400 0.0 0.153 -1.200
45.747 46.10 45.9500 0.0 0.148 -1.208
45.797 46.11 45.9700 0.0 0.145 -1.208
45.847 46.12 45.9900 0.0 0.135 -1.233
45.897 46.13 45.9800 0.0 0.155 -1.160
45.947 46.14 46.0200 0.0 0.122 -1.258
45.996 46.15 46.0200 0.0 0.130 -1.225
46.047 46.16 46.0200 0.0 0.145 -1.168
46.097 46.17 46.0700 0.0 0.104 -1.291
46.148 46.18 46.0200 0.0 0.157 -1.110
46.198 46.19 46.0700 0.0 0.124 -1.209
46.247 46.20 46.0700 0.0 0.132 -1.177
46.297 46.21 46.0900 0.0 0.127 -1.185
46.347 46.22 46.0800 0.0 0.139 -1.136
46.398 46.23 46.1200 0.0 0.109 -1.227
46.448 46.24 46.1300 0.0 0.111 -1.210
46.496 46.25 46.1500 0.0 0.106 -1.219
46.547 46.26 46.1100 0.0 0.151 -1.064
46.597 46.27 46.1600 0.0 0.108 -1.196
46.647 46.28 46.1500 0.0 0.134 -1.105
46.697 46.29 46.1800 0.0 0.111 -1.172
46.746 46.30 46.2000 0.0 0.106 -1.180
46.797 46.31 46.2100 0.0 0.101 -1.189
46.847 46.32 46.2500 0.0 0.076 -1.263
46.897 46.33 46.2300 0.0 0.106 -1.156
46.948 46.34 46.2300 0.0 0.108 -1.141
46.997 46.35 46.2400 0.0 0.111 -1.125
47.047 46.36 46.2400 0.0 0.118 -1.093
47.097 46.37 46.2600 0.0 0.108 -1.118
47.147 46.38 46.2600 0.0 0.123 -1.062
47.197 46.39 46.3100 0.0 0.085 -1.177
47.246 46.40 46.2600 0.0 0.143 -0.981
47.297 46.41 46.3100 0.0 0.105 -1.097
47.347 46.42 46.3100 0.0 0.110 -1.073
47.398 46.43 46.3200 0.0 0.110 -1.066
47.448 46.44 46.3100 0.0 0.128 -1.002
47.496 46.45 46.2900 0.0 0.163 -0.880
47.547 46.46 46.3500 0.0 0.112 -1.037
47.597 46.47 46.3400 0.0 0.130 -0.973
47.647 46.48 46.3800 0.0 0.100 -1.064
47.697 46.49 46.4000 0.0 0.097 -1.065
47.746 46.50 46.4000 0.0 0.102 -1.042
47.797 46.51 46.4400 0.0 0.077 -1.116
47.847 46.52 46.4200 0.0 0.102 -1.027
47.897 46.53 46.4400 0.0 0.097 -1.036
47.948 46.54 46.4400 0.0 0.102 -1.013
47.997 46.55 46.4700 0.0 0.087 -1.055
48.047 46.56 46.4400 0.0 0.122 -0.934
48.097 46.57 46.4800 0.0 0.092 -1.025
48.147 46.58 46.4700 0.0 0.110 -0.961
48.198 46.59 46.5000 0.0 0.097 -0.995
48.247 46.60 46.4900 0.0 0.112 -0.939
48.297 46.61 46.5300 0.0 0.087 -1.014
48.347 46.62 46.5400 0.0 0.087 -1.007
48.397 46.63 46.4800 0.0 0.157 -0.773
48.447 46.64 46.5300 0.0 0.110 -0.922
48.496 46.65 46.5400 0.0 0.112 -0.907
48.547 46.66 46.5900 0.0 0.070 -1.038
48.597 46.67 46.5600 0.0 0.110 -0.902
48.647 46.68 46.6000 0.0 0.082 -0.985
48.698 46.69 46.5900 0.0 0.100 -0.921
48.745 46.70 46.6100 0.0 0.090 -0.948
48.796 46.71 46.6200 0.0 0.095 -0.924
48.846 46.72 46.6000 0.0 0.122 -0.829
48.896 46.73 46.6300 0.0 0.102 -0.888
48.946 46.74 46.6300 0.0 0.112 -0.849
48.995 46.75 46.6400 0.0 0.112 -0.843
49.046 46.76 46.6800 0.0 0.082 -0.934
49.096 46.77 46.7000 0.0 0.075 -0.953
49.147 46.78 46.6900 0.0 0.097 -0.873
49.197 46.79 46.6900 0.0 0.102 -0.851
49.245 46.80 46.7200 0.0 0.087 -0.893
49.296 46.81 46.7300 0.0 0.082 -0.903
49.346 46.82 46.7300 0.0 0.092 -0.865
49.396 46.83 46.7500 0.0 0.080 -0.900
49.446 46.84 46.7200 0.0 0.122 -0.755
49.495 46.85 46.8000 0.0 0.058 -0.960
49.546 46.86 46.7800 0.0 0.085 -0.865
49.596 46.87 46.8000 0.0 0.068 -0.915
49.647 46.88 46.8100 0.0 0.070 -0.901
49.697 46.89 46.8300 0.0 0.065 -0.911
49.746 46.90 46.8100 0.0 0.093 -0.815
49.797 46.91 46.8100 0.0 0.103 -0.777
49.846 46.92 46.8200 0.0 0.100 -0.780
49.896 46.93 46.8400 0.0 0.095 -0.790
49.946 46.94 46.8600 0.0 0.078 -0.841
49.995 46.95 46.9100 0.0 0.046 -0.941
50.046 46.96 46.8700 0.0 0.096 -0.772
50.096 46.97 46.8600 0.0 0.108 -0.726
50.146 46.98 46.8700 0.0 0.116 -0.697
50.197 46.99 46.9000 0.0 0.091 -0.773
50.245 47.00 46.9300 0.0 0.076 -0.816
50.296 47.01 46.9300 0.0 0.083 -0.785
50.346 47.02 46.9300 0.0 0.096 -0.740
50.396 47.03 46.9300 0.0 0.098 -0.726
50.446 47.04 46.9300 0.0 0.111 -0.680
50.495 47.05 46.9400 0.0 0.113 -0.667
50.547 47.06 46.9600 0.0 0.104 -0.694
50.597 47.07 46.9300 0.0 0.138 -0.576
50.646 47.08 46.9700 0.0 0.109 -0.668
50.696 47.09 46.9900 0.0 0.106 -0.670
50.745 47.10 47.0000 0.0 0.101 -0.682
50.796 47.11 47.0000 0.0 0.114 -0.636
50.846 47.12 47.0100 0.0 0.117 -0.623
50.896 47.13 47.0400 0.0 0.097 -0.683
50.946 47.14 47.0300 0.0 0.117 -0.613
50.995 47.15 47.0300 0.0 0.124 -0.584
51.047 47.16 47.0500 0.0 0.109 -0.628
51.097 47.17 47.0600 0.0 0.109 -0.623
51.147 47.18 47.0900 0.0 0.095 -0.667
51.196 47.19 47.0900 0.0 0.107 -0.621
51.245 47.20 47.0900 0.0 0.110 -0.608
51.296 47.21 47.0900 0.2 0.127 -0.547
51.346 47.22 47.1000 0.1 0.120 -0.567
51.396 47.23 47.1100 0.1 0.122 -0.554
51.446 47.24 47.1300 0.1 0.118 -0.566
51.495 47.25 47.1200 0.4 0.130 -0.520
51.547 47.26 47.1500 0.1 0.118 -0.557
51.597 47.27 47.1800 0.0 0.095 -0.625
51.646 47.28 47.1700 0.0 0.111 -0.571
51.696 47.29 47.1700 0.4 0.125 -0.519
51.745 47.30 47.1900 0.1 0.113 -0.554
51.796 47.31 47.1900 0.5 0.126 -0.510
51.846 47.32 47.2100 0.2 0.113 -0.545
51.896 47.33 47.2000 0.8 0.133 -0.477
51.946 47.34 47.2200 0.5 0.121 -0.513
51.995 47.35 47.2200 0.9 0.136 -0.460
52.047 47.36 47.2600 0.1 0.106 -0.552
52.096 47.37 47.2400 1.0 0.136 -0.452
52.146 47.38 47.2400 1.1 0.139 -0.440
52.197 47.39 47.2700 0.8 0.127 -0.476
52.246 47.40 47.2700 0.9 0.129 -0.464
52.297 47.41 47.3100 0.3 0.107 -0.532
52.346 47.42 47.2800 1.3 0.144 -0.406
52.396 47.43 47.3000 1.1 0.135 -0.435
52.446 47.44 47.3100 1.2 0.137 -0.423
52.495 47.45 47.3200 1.2 0.135 -0.427
52.546 47.46 47.3200 1.3 0.140 -0.408
52.596 47.47 47.3100 1.9 0.160 -0.339
52.646 47.48 47.3300 1.9 0.157 -0.344
52.697 47.49 47.3700 1.1 0.128 -0.436
52.746 47.50 47.3800 1.1 0.128 -0.432
52.797 47.51 47.3900 1.1 0.128 -0.428
52.846 47.52 47.3900 1.3 0.133 -0.408
52.895 47.53 47.3600 2.3 0.170 -0.285
52.945 47.54 47.4100 1.4 0.136 -0.393
52.994 47.55 47.3900 2.2 0.163 -0.301
53.045 47.56 47.4100 1.9 0.153 -0.330
53.095 47.57 47.4500 1.2 0.124 -0.423
53.145 47.58 47.4100 2.6 0.176 -0.251
53.195 47.59 47.4300 2.2 0.161 -0.295
53.245 47.60 47.4100 3.2 0.198 -0.172
53.296 47.61 47.4400 2.5 0.171 -0.257
53.345 47.62 47.4300 3.0 0.189 -0.198
53.395 47.63 47.4700 2.4 0.164 -0.275
53.445 47.64 47.4700 2.8 0.177 -0.232
53.494 47.65 47.5100 2.0 0.147 -0.325
53.545 47.66 47.4700 3.1 0.189 -0.185
53.595 47.67 47.5300 1.9 0.140 -0.343
53.645 47.68 47.5000 3.0 0.185 -0.195
53.695 47.69 47.5100 3.1 0.185 -0.192
53.745 47.70 47.5200 3.0 0.183 -0.198
53.796 47.71 47.5400 2.9 0.178 -0.210
53.846 47.72 47.5100 3.9 0.215 -0.088
53.895 47.73 47.5400 3.5 0.198 -0.141
53.945 47.74 47.5600 3.2 0.186 -0.178
53.994 47.75 47.5500 3.6 0.201 -0.128
54.045 47.76 47.5900 2.8 0.171 -0.221
54.095 47.77 47.5700 3.8 0.206 -0.106
54.145 47.78 47.5800 3.8 0.206 -0.103
54.195 47.79 47.6200 3.0 0.177 -0.197
54.244 47.80 47.5900 4.1 0.216 -0.066
54.295 47.81 47.6200 3.6 0.197 -0.128
54.345 47.82 47.6200 3.7 0.200 -0.117
54.395 47.83 47.6000 4.5 0.232 -0.011
54.445 47.84 47.6100 4.6 0.232 -0.008
54.494 47.85 47.6400 4.0 0.210 -0.079
54.546 47.86 47.6400 4.4 0.225 -0.028
54.596 47.87 47.6500 4.3 0.220 -0.042
54.645 47.88 47.6200 5.4 0.262 0.097
54.695 47.89 47.6700 4.5 0.225 -0.022
54.744 47.90 47.6800 4.5 0.228 -0.012
54.795 47.91 47.6900 4.4 0.221 -0.034
54.845 47.92 47.7000 4.5 0.226 -0.015
54.895 47.93 47.6800 5.2 0.251 0.067
54.945 47.94 47.7000 5.0 0.244 0.045
54.994 47.95 47.7000 5.3 0.254 0.078
55.046 47.96 47.7200 4.9 0.239 0.032
55.096 47.97 47.7000 5.8 0.274 0.146
55.145 47.98 47.7400 5.0 0.242 0.043
55.195 47.99 47.7200 5.9 0.276 0.156
55.244 48.00 47.7400 5.7 0.267 0.126
55.295 48.01 47.7600 5.4 0.257 0.096
55.345 48.02 47.7300 6.4 0.292 0.210
55.395 48.03 47.7600 5.8 0.272 0.146
55.445 48.04 47.7700 6.0 0.277 0.164
55.494 48.05 47.7900 5.6 0.263 0.118
55.546 48.06 47.8000 5.7 0.266 0.127
55.596 48.07 47.7900 6.2 0.283 0.184
55.645 48.08 47.8000 6.3 0.288 0.202
55.695 48.09 47.8000 6.4 0.291 0.211
55.744 48.10 47.8000 6.8 0.308 0.268
55.795 48.11 47.8100 6.7 0.303 0.253
55.845 48.12 47.8400 6.2 0.284 0.190
55.895 48.13 47.8300 6.9 0.309 0.271
55.945 48.14 47.8500 6.5 0.297 0.232
55.994 48.15 47.8600 6.5 0.295 0.225
56.046 48.16 47.8500 7.0 0.312 0.282
56.095 48.17 47.8700 6.8 0.305 0.259
56.145 48.18 47.8900 6.6 0.298 0.236
56.196 48.19 47.7900 9.4 0.406 0.588
56.244 48.20 47.8900 7.0 0.315 0.292
56.296 48.21 47.8800 7.5 0.332 0.349
56.345 48.22 47.9100 7.1 0.318 0.302
56.395 48.23 47.9300 6.8 0.306 0.263
56.445 48.24 47.9200 7.3 0.323 0.319
56.494 48.25 47.9100 7.7 0.341 0.376
56.545 48.26 47.9700 6.6 0.297 0.234
56.595 48.27 47.9300 7.7 0.341 0.378
56.645 48.28 47.9600 7.3 0.324 0.323
56.695 48.29 47.9600 7.7 0.339 0.371
56.745 48.30 47.9500 8.0 0.352 0.411
56.796 48.31 47.9600 8.0 0.349 0.404
56.845 48.32 48.0000 7.3 0.325 0.325
56.895 48.33 47.9500 8.9 0.386 0.524
56.944 48.34 47.9800 8.2 0.360 0.437
56.993 48.35 48.0000 8.2 0.358 0.429
57.044 48.36 47.9700 9.0 0.390 0.533
57.094 48.37 48.0300 7.8 0.344 0.382
57.144 48.38 48.0100 8.5 0.371 0.469
57.194 48.39 48.0200 8.6 0.376 0.486
57.243 48.40 48.0300 8.5 0.371 0.470
57.295 48.41 48.0600 8.0 0.352 0.407
57.345 48.42 48.0500 8.7 0.379 0.494
57.394 48.43 48.0500 8.9 0.386 0.518
57.444 48.44 48.0900 8.1 0.357 0.423
57.493 48.45 48.0700 8.9 0.387 0.518
57.544 48.46 48.0600 9.2 0.399 0.558
57.594 48.47 48.0800 9.1 0.395 0.542
57.644 48.48 48.1000 8.7 0.380 0.494
57.694 48.49 48.0900 9.4 0.405 0.574
57.743 48.50 48.1200 8.8 0.386 0.510
57.795 48.51 48.0800 10.1 0.432 0.661
57.845 48.52 48.1200 9.4 0.406 0.573
57.895 48.53 48.1300 9.2 0.401 0.557
57.944 48.54 48.1300 9.7 0.418 0.612
57.993 48.55 48.1400 9.7 0.419 0.612
58.044 48.56 48.1500 9.6 0.414 0.596
58.094 48.57 48.1400 10.1 0.434 0.659
58.144 48.58 48.1900 9.0 0.393 0.524
58.194 48.59 48.1400 10.6 0.454 0.721
58.243 48.60 48.1600 10.4 0.449 0.705
58.294 48.61 48.1800 10.1 0.435 0.657
58.344 48.62 48.2000 9.9 0.428 0.632
58.394 48.63 48.1700 10.7 0.460 0.735
58.444 48.64 48.2000 10.3 0.445 0.687
58.493 48.65 48.2200 10.1 0.436 0.655
58.545 48.66 48.2300 10.0 0.434 0.646
58.595 48.67 48.2300 10.3 0.446 0.685
58.644 48.68 48.2300 10.4 0.451 0.700
58.694 48.69 48.2300 10.7 0.462 0.731
58.743 48.70 48.2400 10.7 0.462 0.731
58.794 48.71 48.2200 11.6 0.496 0.841
58.844 48.72 48.2600 10.7 0.465 0.737
58.894 48.73 48.2700 10.7 0.465 0.736
58.944 48.74 48.2600 11.2 0.482 0.790
58.993 48.75 48.2700 11.2 0.485 0.797
59.044 48.76 48.3000 10.6 0.463 0.725
59.095 48.77 48.3000 10.8 0.471 0.748
59.145 48.78 48.2800 11.7 0.505 0.858
59.194 48.79 48.3100 11.1 0.481 0.778
59.243 48.80 48.3100 11.4 0.494 0.816
59.294 48.81 48.2600 12.9 0.550 0.997
59.344 48.82 48.3200 11.7 0.507 0.853
59.394 48.83 48.3000 12.5 0.536 0.946
59.444 48.84 48.3100 12.3 0.531 0.929
59.493 48.85 48.3200 12.3 0.532 0.927
59.544 48.86 48.3400 12.2 0.527 0.910
59.595 48.87 48.3400 12.4 0.537 0.940
59.645 48.88 48.3500 12.3 0.535 0.931
59.694 48.89 48.3500 12.5 0.543 0.953
59.743 48.90 48.3800 11.9 0.521 0.880
59.794 48.91 48.3500 13.0 0.563 1.013
59.844 48.92 48.3700 12.7 0.551 0.972
59.894 48.93 48.3800 12.8 0.556 0.986
59.944 48.94 48.3800 13.1 0.566 1.016
59.993 48.95 48.4200 12.3 0.540 0.927
60.044 48.96 48.4200 12.5 0.547 0.950
60.094 48.97 48.4100 12.9 0.564 1.003
60.145 48.98 48.4500 12.0 0.531 0.891
60.195 48.99 48.4200 13.1 0.572 1.024
60.243 49.00 48.4200 13.4 0.585 1.061
60.294 49.01 48.4700 12.4 0.549 0.941
60.344 49.02 48.4300 13.5 0.590 1.073
60.395 49.03 48.4200 14.0 0.610 1.135
60.445 49.04 48.4400 13.9 0.608 1.124
60.493 49.05 48.4500 13.8 0.603 1.107
60.544 49.06 48.4500 14.1 0.613 1.136
60.594 49.07 48.4700 13.8 0.606 1.110
60.644 49.08 48.4900 13.5 0.595 1.069
60.694 49.09 48.4800 14.1 0.619 1.146
60.743 49.10 48.4900 13.9 0.612 1.120
60.794 49.11 48.5000 14.1 0.617 1.134
60.844 49.12 48.5200 13.6 0.603 1.084
60.894 49.14 48.5100 14.1 0.620 1.137
60.945 49.15 48.5100 14.5 0.638 1.190
60.993 49.16 48.5400 13.9 0.616 1.116
61.043 49.17 48.5400 14.0 0.621 1.130
61.093 49.18 48.5400 14.3 0.631 1.159
61.143 49.19 48.5200 15.0 0.661 1.252
61.193 49.20 48.5500 14.6 0.644 1.194
61.242 49.21 48.5500 14.9 0.657 1.231
61.293 49.22 48.6400 12.7 0.577 0.969
61.343 49.23 48.5600 15.2 0.669 1.266
61.394 49.24 48.5800 14.7 0.653 1.208
61.443 49.25 48.5600 15.5 0.685 1.309
61.492 49.26 48.5500 16.0 0.704 1.369
61.543 49.27 48.5800 15.3 0.680 1.287
61.593 49.28 48.6100 14.9 0.664 1.230
61.643 49.29 48.6000 15.3 0.681 1.282
61.693 49.30 48.6200 15.0 0.672 1.248
61.742 49.31 48.5800 16.4 0.723 1.410
61.794 49.32 48.6400 15.1 0.677 1.257
61.844 49.33 48.6200 15.8 0.704 1.342
61.894 49.34 48.6100 16.3 0.724 1.402
61.943 49.35 48.6200 16.3 0.724 1.399
61.992 49.36 48.6500 15.9 0.710 1.348
62.043 49.37 48.6400 16.2 0.725 1.392
62.093 49.38 48.6800 15.5 0.699 1.303
62.143 49.39 48.6700 16.0 0.718 1.363
62.193 49.40 48.6700 16.2 0.726 1.384
62.242 49.41 48.6800 16.1 0.726 1.381
62.293 49.42 48.7300 15.0 0.683 1.237
62.343 49.43 48.6600 17.1 0.766 1.502
62.393 49.44 48.6900 16.5 0.744 1.427
62.443 49.45 48.7100 16.2 0.735 1.393
62.493 49.46 48.7000 16.8 0.757 1.460
62.544 49.47 48.7100 16.9 0.760 1.465
62.593 49.48 48.6900 17.4 0.782 1.532
62.643 49.49 48.7200 17.1 0.770 1.489
62.693 49.50 48.7400 16.6 0.753 1.431
62.742 49.51 48.7200 17.4 0.788 1.538
62.793 49.52 48.7500 16.9 0.768 1.471
62.843 49.53 48.7600 16.8 0.766 1.460
62.893 49.54 48.7600 17.1 0.779 1.497
62.943 49.55 48.7500 17.4 0.791 1.532
62.993 49.56 48.8000 16.6 0.760 1.427
63.044 49.57 48.8000 16.7 0.766 1.440
63.093 49.58 48.7600 18.1 0.819 1.609
63.143 49.59 48.7600 18.1 0.824 1.621
63.193 49.60 48.7900 17.6 0.803 1.547
63.242 49.61 48.8000 17.7 0.810 1.566
63.293 49.62 48.7900 18.2 0.830 1.625
63.343 49.63 48.8000 18.2 0.830 1.622
63.393 49.64 48.8300 17.4 0.804 1.532
63.443 49.65 48.8300 17.7 0.814 1.560
63.493 49.66 48.8200 18.2 0.834 1.619
63.544 49.67 48.7900 19.4 0.880 1.764
63.593 49.68 48.8100 19.0 0.868 1.721
63.643 49.69 48.8400 18.5 0.850 1.654
63.693 49.70 48.8700 17.9 0.828 1.580
63.742 49.71 48.8600 18.2 0.843 1.624
63.793 49.72 48.8700 18.2 0.843 1.619
63.843 49.73 48.8600 18.6 0.861 1.671
63.893 49.74 48.8600 18.9 0.873 1.707
63.944 49.75 48.8700 18.9 0.876 1.710
63.993 49.76 48.8700 19.1 0.883 1.729
64.043 49.77 48.8700 19.4 0.896 1.764
64.093 49.78 48.8900 19.1 0.887 1.729
64.143 49.79 48.8800 19.5 0.904 1.780
64.194 49.80 48.9200 18.6 0.871 1.666
64.243 49.81 48.9000 19.5 0.905 1.772
64.293 49.82 48.9200 19.2 0.895 1.736
64.343 49.83 48.9000 19.9 0.925 1.827
64.393 49.84 48.9300 19.4 0.906 1.759
64.443 49.85 48.9200 19.9 0.928 1.825
64.492 49.86 48.9500 19.3 0.907 1.751
64.543 49.87 48.9400 19.9 0.929 1.817
64.593 49.88 48.9800 18.9 0.893 1.695
64.643 49.89 48.9300 20.6 0.958 1.903
64.694 49.90 48.9400 20.4 0.954 1.883
64.743 49.91 48.9500 20.3 0.952 1.870
64.793 49.92 48.9600 20.3 0.952 1.865
64.843 49.93 49.0000 19.5 0.924 1.768
64.893 49.94 48.9800 20.4 0.960 1.881
64.943 49.95 48.9900 20.2 0.953 1.853
64.992 49.96 49.0000 20.3 0.959 1.865
65.043 49.97 49.0000 20.3 0.961 1.868
65.093 49.98 48.9900 20.8 0.983 1.933
65.144 49.99 48.9800 21.4 1.008 2.007
65.193 50.00 49.0200 20.6 0.977 1.900
65.243 50.01 49.0200 20.8 0.987 1.927
65.293 50.02 49.0000 21.4 1.011 2.001
65.344 50.03 49.0000 21.7 1.024 2.035
65.394 50.04 49.0300 21.3 1.010 1.983
65.443 50.05 49.0700 20.3 0.974 1.861
65.493 50.06 49.0400 21.3 1.015 1.989
65.544 50.07 49.0400 21.6 1.025 2.016
65.595 50.08 49.1000 20.2 0.975 1.847
65.645 50.09 49.0700 21.1 1.012 1.960
65.694 50.10 49.0900 20.9 1.007 1.940
65.743 50.11 49.0900 21.2 1.017 1.967
65.794 50.12 49.0800 21.7 1.039 2.032
65.844 50.13 49.0700 22.0 1.052 2.066
65.894 50.14 49.0800 21.9 1.052 2.061
65.944 50.15 49.1100 21.5 1.038 2.010
65.993 50.16 49.1200 21.4 1.034 1.989
66.045 50.17 49.1000 22.3 1.070 2.102
66.095 50.18 49.1100 22.0 1.061 2.065
66.144 50.19 49.1300 21.8 1.057 2.045
66.195 50.20 49.1400 21.7 1.052 2.024
66.244 50.21 49.1100 22.9 1.101 2.176
66.295 50.22 49.1400 22.3 1.080 2.100
66.344 50.23 49.1500 22.3 1.080 2.095
66.394 50.24 49.1500 22.4 1.085 2.106
66.444 50.25 49.1600 22.3 1.086 2.101
66.493 50.26 49.1800 21.9 1.072 2.049
66.544 50.27 49.1500 23.1 1.118 2.192
66.594 50.28 49.2000 21.8 1.073 2.039
66.644 50.29 49.1700 22.9 1.116 2.174
66.695 50.30 49.2100 22.1 1.088 2.075
66.744 50.31 49.2100 22.4 1.100 2.110
66.794 50.32 49.1700 23.7 1.151 2.268
66.844 50.33 49.1900 23.3 1.137 2.216
66.894 50.34 49.2200 22.8 1.118 2.148
66.944 50.35 49.2000 23.5 1.147 2.237
66.993 50.36 49.2500 22.4 1.107 2.099
67.044 50.37 49.2300 23.2 1.141 2.203
67.095 50.38 49.2500 22.7 1.122 2.136
67.144 50.39 49.2500 23.0 1.137 2.177
67.194 50.40 49.2500 23.3 1.149 2.211
67.243 50.41 49.2400 23.7 1.167 2.260
67.294 50.42 49.2700 23.0 1.143 2.178
67.344 50.43 49.2900 22.7 1.132 2.133
67.394 50.44 49.2900 23.1 1.151 2.190
67.444 50.45 49.2800 23.5 1.166 2.232
67.494 50.46 49.2900 23.4 1.166 2.227
67.545 50.47 49.2800 23.9 1.184 2.276
67.594 50.48 49.3200 23.1 1.158 2.185
67.644 50.49 49.3000 23.8 1.185 2.266
67.694 50.50 49.3200 23.5 1.178 2.237
67.743 50.51 49.3100 24.1 1.200 2.302
67.794 50.52 49.3000 24.6 1.219 2.359
67.844 50.53 49.3300 24.0 1.201 2.291
67.894 50.54 49.3400 23.8 1.196 2.270
67.945 50.55 49.3500 23.7 1.192 2.249
67.993 50.56 49.3700 23.4 1.185 2.221
68.044 50.57 49.3600 23.9 1.205 2.278
68.094 50.58 49.3600 24.1 1.212 2.296
68.144 50.59 49.3700 24.1 1.218 2.306
68.194 50.60 49.3800 24.2 1.221 2.309
68.243 50.61 49.3800 24.3 1.228 2.326
68.294 50.62 49.4000 24.0 1.217 2.283
68.344 50.63 49.4300 23.5 1.200 2.223
68.394 50.64 49.3900 24.7 1.249 2.373
68.444 50.65 49.4400 23.7 1.211 2.244
68.494 50.66 49.4200 24.3 1.235 2.316
68.544 50.67 49.4200 24.6 1.250 2.357
68.594 50.68 49.4400 24.1 1.234 2.297
68.644 50.69 49.4300 24.8 1.260 2.378
68.694 50.70 49.4300 24.9 1.266 2.388
68.743 50.71 49.4500 24.6 1.259 2.359
68.794 50.72 49.4600 24.5 1.255 2.338
68.844 50.73 49.4500 24.9 1.272 2.387
68.895 50.74 49.4500 25.2 1.284 2.421
68.944 50.75 49.4500 25.4 1.297 2.453
68.993 50.76 49.4700 25.2 1.290 2.425
69.044 50.77 49.4800 25.1 1.288 2.412
69.094 50.78 49.4800 25.2 1.293 2.421
69.144 50.79 49.4700 25.7 1.315 2.486
69.194 50.80 49.4800 25.6 1.313 2.472
69.244 50.81 49.5200 24.8 1.285 2.374
69.295 50.82 49.5300 24.9 1.290 2.383
69.344 50.83 49.5200 25.2 1.305 2.425
69.394 50.84 49.5100 25.8 1.330 2.497
69.444 50.85 49.5300 25.3 1.313 2.437
69.493 50.86 49.5400 25.3 1.314 2.431
69.544 50.87 49.5300 25.9 1.338 2.503
69.594 50.88 49.5800 24.6 1.293 2.350
69.645 50.89 49.5700 25.3 1.320 2.430
69.694 50.90 49.5500 25.9 1.344 2.502
69.743 50.91 49.5600 25.9 1.347 2.505
69.794 50.92 49.5800 25.6 1.338 2.468
69.844 50.93 49.5700 26.0 1.355 2.517
69.894 50.94 49.5700 26.4 1.370 2.557
69.944 50.95 49.5900 25.9 1.354 2.498
69.994 50.96 49.5900 26.1 1.364 2.523
70.044 50.97 49.6200 25.6 1.348 2.463
70.094 50.98 49.6100 26.1 1.367 2.519
70.144 50.99 49.6000 26.6 1.387 2.576
70.195 51.00 49.6100 26.4 1.382 2.555
70.243 51.01 49.6600 25.3 1.345 2.425
70.294 51.02 49.6100 26.8 1.402 2.605
70.344 51.03 49.6300 26.5 1.393 2.569
70.394 51.04 49.6500 26.3 1.387 2.539
70.444 51.05 49.6500 26.4 1.394 2.557
70.494 51.06 49.6700 26.1 1.385 2.521
70.545 51.07 49.6600 26.5 1.403 2.569
70.594 51.08 49.6600 26.9 1.420 2.618
70.644 51.09 49.7100 25.8 1.380 2.480
70.694 51.10 49.6900 26.5 1.409 2.568
70.743 51.11 49.6900 26.8 1.419 2.593
70.794 51.12 49.7100 26.5 1.410 2.557
70.844 51.13 49.7100 26.7 1.420 2.582
70.895 51.14 49.7300 26.2 1.404 2.522
70.945 51.15 49.7000 27.3 1.447 2.656
70.993 51.16 49.6900 27.7 1.464 2.704
71.044 51.17 49.7600 26.0 1.403 2.497
71.094 51.18 49.7500 26.6 1.427 2.569
71.144 51.19 49.7800 26.1 1.411 2.509
71.194 51.20 49.7500 27.1 1.449 2.628
71.243 51.21 49.7800 26.4 1.424 2.537
71.294 51.22 49.7400 27.6 1.474 2.694
71.345 51.23 49.7800 26.9 1.449 2.603
71.396 51.24 49.8100 26.2 1.423 2.513
71.444 51.25 49.8000 26.9 1.452 2.600
71.494 51.26 49.8000 26.9 1.455 2.602
71.545 51.27 49.8000 27.1 1.465 2.628
71.594 51.28 49.8000 27.5 1.480 2.669
71.645 51.29 49.8300 26.9 1.461 2.601
71.695 51.30 49.8300 27.0 1.466 2.611
71.745 51.31 49.8700 26.2 1.438 2.513
71.796 51.32 49.8600 26.7 1.458 2.569
71.845 51.33 49.8500 27.1 1.475 2.619
71.895 51.34 49.9000 26.1 1.440 2.498
71.945 51.35 49.8400 27.7 1.502 2.693
71.994 51.36 49.8400 28.0 1.517 2.733
72.045 51.37 49.8600 27.7 1.508 2.696
72.095 51.38 49.8800 27.4 1.499 2.660
72.146 51.39 49.9100 26.8 1.476 2.578
72.196 51.40 49.8800 27.9 1.522 2.719
72.244 51.41 49.9100 27.2 1.498 2.636
72.295 51.42 49.9200 27.1 1.494 2.615
72.346 51.43 49.9100 27.6 1.514 2.671
72.396 51.44 49.9200 27.6 1.519 2.681
72.445 51.45 49.9200 27.8 1.527 2.699
72.494 51.46 49.9500 27.3 1.511 2.640
72.545 51.47 49.9600 27.1 1.504 2.611
72.595 51.48 49.9700 27.2 1.511 2.629
72.645 51.49 49.9700 27.4 1.519 2.647
72.695 51.50 49.9600 27.8 1.536 2.695
72.745 51.51 49.9600 27.9 1.544 2.713
72.796 51.52 50.0000 27.1 1.514 2.607
72.845 51.53 50.0100 27.1 1.517 2.610
72.895 51.54 50.0200 27.1 1.519 2.613
72.945 51.55 49.9900 28.1 1.558 2.730
72.994 51.56 50.0000 28.1 1.561 2.733
73.045 51.57 50.0300 27.4 1.535 2.643
73.096 51.58 50.0400 27.3 1.533 2.630
73.145 51.59 50.0300 27.9 1.558 2.701
73.195 51.60 50.0600 27.3 1.537 2.627
73.244 51.61 50.0400 28.1 1.571 2.730
73.295 51.62 50.0500 28.0 1.566 2.709
73.345 51.63 50.0800 27.4 1.548 2.642
73.395 51.64 50.0400 28.6 1.596 2.791
73.445 51.65 50.0800 27.9 1.568 2.693
73.495 51.66 50.0900 27.7 1.564 2.672
73.545 51.67 50.0900 27.9 1.574 2.698
73.595 51.68 50.1100 27.6 1.565 2.662
73.645 51.69 50.0900 28.4 1.596 2.756
73.695 51.70 50.1300 27.5 1.564 2.644
73.744 51.71 50.1200 28.1 1.590 2.723
73.795 51.72 50.1400 27.7 1.577 2.672
73.846 51.73 50.1400 27.9 1.584 2.690
73.895 51.74 50.1700 27.4 1.568 2.631
73.945 51.75 50.1500 28.1 1.595 2.711
73.994 51.76 50.1100 29.4 1.648 2.875
74.045 51.77 50.1700 28.0 1.596 2.700
74.095 51.78 50.1900 27.7 1.587 2.664
74.145 51.79 50.1800 28.3 1.611 2.736
74.195 51.80 50.2100 27.5 1.584 2.638
74.244 51.81 50.2000 28.1 1.608 2.711
74.295 51.82 50.1900 28.6 1.627 2.767
74.345 51.83 50.2400 27.5 1.590 2.639
74.395 51.84 50.2100 28.4 1.624 2.741
74.446 51.85 50.2700 27.1 1.579 2.591
74.494 51.86 50.2300 28.4 1.630 2.748
74.545 51.87 50.2500 28.1 1.618 2.704
74.595 51.88 50.2700 27.7 1.607 2.661
74.645 51.89 50.2900 27.4 1.598 2.626
74.695 51.90 50.3000 27.4 1.599 2.621
74.744 51.91 50.2700 28.5 1.642 2.754
74.796 51.92 50.3100 27.6 1.609 2.642
74.846 51.93 50.3000 28.1 1.629 2.699
74.896 51.94 50.3200 27.7 1.618 2.655
74.945 51.95 50.3300 27.6 1.616 2.643
74.994 51.96 50.3400 27.7 1.621 2.655
75.045 51.97 50.3300 28.1 1.638 2.703
75.095 51.98 50.3400 28.0 1.637 2.691
75.145 51.99 50.3400 28.2 1.647 2.717
75.195 52.00 50.3700 27.7 1.628 2.651
75.245 52.01 50.3600 28.1 1.645 2.700
75.296 52.02 50.3500 28.7 1.670 2.772
75.345 52.03 50.3700 28.2 1.653 2.713
75.395 52.04 50.4300 26.9 1.605 2.548
75.445 52.05 50.4300 27.3 1.622 2.597
75.494 52.06 50.3900 28.4 1.665 2.731
75.545 52.07 50.4000 28.4 1.666 2.727
75.595 52.08 50.4300 27.9 1.652 2.675
75.645 52.09 50.4300 28.1 1.660 2.695
75.696 52.10 50.4500 27.8 1.651 2.659
75.744 52.11 50.4700 27.5 1.642 2.624
75.795 52.12 50.5000 26.8 1.617 2.537
75.845 52.13 50.4200 29.1 1.704 2.815
75.895 52.14 50.4800 27.9 1.663 2.673
75.945 52.15 50.4600 28.7 1.691 2.760
75.994 52.16 50.4700 28.5 1.687 2.740
76.045 52.17 50.5200 27.3 1.643 2.590
76.096 52.18 50.5200 27.7 1.660 2.640
76.145 52.19 50.5000 28.3 1.684 2.712
76.196 52.20 50.5300 27.9 1.671 2.662
76.245 52.21 50.5300 27.9 1.674 2.665
76.295 52.22 50.5300 28.1 1.684 2.691
76.345 52.23 50.5300 28.4 1.694 2.717
76.395 52.24 50.5600 28.0 1.683 2.675
76.445 52.25 50.5500 28.4 1.698 2.717
76.494 52.26 50.5600 28.3 1.698 2.712
76.545 52.27 50.5600 28.5 1.706 2.731
76.596 52.28 50.5900 28.0 1.690 2.674
76.646 52.29 50.6100 27.8 1.681 2.639
76.695 52.30 50.6300 27.2 1.663 2.574
76.744 52.31 50.6300 27.4 1.673 2.601
76.795 52.32 50.6500 27.2 1.664 2.566
76.845 52.33 50.6400 27.7 1.686 2.631
76.895 52.34 50.6100 28.9 1.731 2.772
76.945 52.35 50.6200 28.6 1.725 2.745
76.995 52.36 50.6300 28.7 1.728 2.748
77.046 52.37 50.6700 27.8 1.698 2.645
77.095 52.38 50.6500 28.6 1.729 2.740
77.145 52.39 50.6900 27.9 1.702 2.644
77.195 52.40 50.6700 28.5 1.728 2.724
77.244 52.41 50.6900 28.2 1.719 2.689
77.295 52.42 50.6800 28.7 1.739 2.747
77.345 52.43 50.7200 27.9 1.709 2.644
77.395 52.44 50.7100 28.3 1.728 2.700
77.446 52.45 50.7100 28.4 1.734 2.712
77.494 52.46 50.7500 27.7 1.709 2.624
77.545 52.47 50.7500 27.8 1.714 2.636
77.595 52.48 50.7300 28.8 1.752 2.754
77.646 52.49 50.7400 28.7 1.750 2.742
77.696 52.50 50.7900 27.6 1.709 2.601
77.744 52.51 50.7900 27.8 1.719 2.628
77.796 52.52 50.7800 28.3 1.740 2.693
77.847 52.53 50.8100 27.7 1.720 2.621
77.896 52.54 50.8000 28.3 1.742 2.686
77.946 52.55 50.7800 28.8 1.764 2.751
77.995 52.56 50.8300 27.9 1.729 2.633
78.046 52.57 50.8300 28.0 1.737 2.652
78.096 52.58 50.8400 28.0 1.738 2.648
78.146 52.59 50.8700 27.5 1.722 2.591
78.197 52.60 50.8600 28.0 1.741 2.649
78.245 52.61 50.8700 28.0 1.742 2.645
78.296 52.62 50.9200 26.8 1.698 2.497
78.346 52.63 50.9200 27.1 1.710 2.533
78.397 52.64 50.8800 28.4 1.762 2.697
78.446 52.65 50.9100 27.7 1.737 2.610
78.495 52.66 50.9000 28.2 1.757 2.667
78.546 52.67 50.9000 28.4 1.767 2.694
78.596 52.68 50.9200 28.3 1.763 2.675
78.646 52.69 50.9800 26.9 1.712 2.505
78.696 52.70 50.9300 28.2 1.764 2.669
78.746 52.71 50.9400 28.2 1.767 2.673
78.796 52.72 50.9600 28.1 1.761 2.647
78.846 52.73 50.9700 28.0 1.762 2.643
78.896 52.74 50.9600 28.4 1.776 2.686
78.946 52.75 50.9700 28.4 1.777 2.682
78.995 52.76 51.0000 27.8 1.759 2.618
79.046 52.77 51.0200 27.5 1.748 2.577
79.096 52.78 51.0500 27.1 1.732 2.521
79.147 52.79 51.0300 27.6 1.756 2.594
79.197 52.80 51.0500 27.3 1.745 2.553
79.245 52.81 51.0300 28.2 1.779 2.656
79.296 52.82 51.0700 27.3 1.749 2.554
79.346 52.83 51.0700 27.4 1.754 2.567
79.396 52.84 51.0500 28.4 1.790 2.678
79.446 52.85 51.0800 27.9 1.772 2.614
79.495 52.86 51.1600 25.9 1.698 2.369
79.546 52.87 51.1300 26.8 1.736 2.488
79.597 52.88 51.1200 27.4 1.760 2.561
79.646 52.89 51.1300 27.2 1.754 2.536
79.696 52.90 51.1400 27.4 1.761 2.555
79.745 52.91 51.1300 27.8 1.776 2.599
79.796 52.92 51.1600 27.3 1.761 2.543
79.846 52.93 51.1700 27.1 1.754 2.517
79.896 52.94 51.1500 27.9 1.785 2.613
79.947 52.95 51.1800 27.3 1.765 2.542
79.996 52.96 51.1900 27.5 1.773 2.562
80.046 52.97 51.1900 27.6 1.778 2.575
80.096 52.98 51.1800 28.0 1.795 2.625
80.146 52.99 51.2400 26.7 1.747 2.464
80.196 53.00 51.2300 27.2 1.766 2.522
80.245 53.01 51.2300 27.3 1.774 2.542
80.296 53.02 51.2100 28.2 1.807 2.646
80.346 53.03 51.2500 27.3 1.775 2.536
80.396 53.04 51.2600 27.2 1.774 2.527
80.446 53.05 51.2400 28.0 1.805 2.622
80.495 53.06 51.2700 27.4 1.785 2.552
80.546 53.07 51.3000 27.1 1.774 2.511
80.597 53.08 51.2900 27.4 1.786 2.547
80.647 53.09 51.3100 27.2 1.778 2.515
80.696 53.10 51.3200 27.1 1.776 2.504
80.745 53.11 51.3300 27.0 1.774 2.495
80.796 53.12 51.3200 27.7 1.803 2.583
80.846 53.13 51.3400 27.3 1.790 2.535
80.896 53.14 51.3500 27.3 1.790 2.533
80.946 53.15 51.3700 26.9 1.775 2.478
80.996 53.16 51.3600 27.4 1.794 2.537
81.047 53.17 51.3800 27.2 1.788 2.512
81.096 53.18 51.4100 26.7 1.770 2.449
81.146 53.19 51.4000 27.1 1.790 2.508
81.196 53.20 51.4000 27.4 1.802 2.543
81.245 53.21 51.4500 26.3 1.761 2.405
81.296 53.22 51.4400 26.8 1.780 2.464
81.346 53.23 51.4300 27.2 1.797 2.515
81.397 53.24 51.4400 27.3 1.800 2.520
81.447 53.25 51.4700 26.6 1.778 2.443
81.495 53.26 51.4600 27.2 1.802 2.516
81.546 53.27 51.4800 26.9 1.791 2.476
81.596 53.28 51.4900 26.9 1.791 2.474
81.646 53.29 51.4900 27.2 1.801 2.503
81.696 53.30 51.4900 27.2 1.804 2.509
81.745 53.31 51.5200 26.9 1.794 2.469
81.796 53.32 51.4900 27.8 1.829 2.580
81.847 53.33 51.5600 26.2 1.770 2.383
81.897 53.34 51.5300 27.2 1.810 2.509
81.946 53.35 51.5400 27.1 1.806 2.492
81.995 53.36 51.5600 26.8 1.797 2.460
82.046 53.37 51.5900 26.3 1.777 2.391
82.096 53.38 51.5500 27.8 1.834 2.569
82.146 53.39 51.5900 26.8 1.797 2.447
82.196 53.40 51.5900 27.0 1.807 2.476
82.245 53.41 51.6000 26.9 1.806 2.466
82.296 53.42 51.6000 27.3 1.821 2.510
82.346 53.43 51.6300 26.8 1.803 2.448
82.397 53.44 51.6400 26.6 1.797 2.424
82.447 53.45 51.6600 26.4 1.791 2.400
82.495 53.46 51.6800 26.0 1.777 2.353
82.546 53.47 51.7000 25.7 1.767 2.315
82.596 53.48 51.7100 25.8 1.772 2.329
82.646 53.49 51.7100 26.1 1.782 2.358
82.696 53.50 51.6900 26.8 1.811 2.448
82.745 53.51 51.7300 26.1 1.784 2.356
82.796 53.52 51.7500 25.7 1.771 2.310
82.847 53.53 51.7400 26.1 1.785 2.354
82.897 53.54 51.7500 26.1 1.786 2.353
82.946 53.55 51.7600 26.1 1.789 2.360
82.995 53.56 51.7800 25.8 1.778 2.321
83.046 53.57 51.7500 27.0 1.823 2.463
83.096 53.58 51.7800 26.3 1.798 2.379
83.146 53.59 51.8100 25.7 1.778 2.310
83.196 53.60 51.8100 25.9 1.786 2.331
83.246 53.61 51.8300 25.8 1.782 2.316
83.296 53.62 51.8100 26.6 1.813 2.412
83.346 53.63 51.8200 26.4 1.809 2.396
83.396 53.64 51.8700 25.4 1.771 2.268
83.446 53.65 51.8500 26.3 1.804 2.372
83.495 53.66 51.8600 26.2 1.802 2.364
83.547 53.67 51.8600 26.3 1.806 2.371
83.597 53.68 51.8800 26.0 1.797 2.339
83.646 53.69 51.9100 25.6 1.782 2.287
83.697 53.70 51.9200 25.6 1.782 2.286
83.745 53.71 51.9200 25.8 1.790 2.308
83.797 53.72 51.9300 25.8 1.793 2.314
83.847 53.73 51.9600 25.2 1.771 2.239
83.896 53.74 51.9500 25.8 1.793 2.306
83.947 53.75 51.9600 25.6 1.789 2.290
83.997 53.76 51.9800 25.3 1.778 2.253
84.048 53.77 51.9700 25.8 1.795 2.305
84.097 53.78 52.0100 25.1 1.773 2.229
84.147 53.79 52.0000 25.5 1.785 2.267
84.198 53.80 52.0500 24.4 1.747 2.139
84.246 53.81 52.0600 24.4 1.748 2.139
84.297 53.82 52.0100 26.1 1.811 2.341
84.347 53.83 51.9600 27.6 1.867 2.520
84.397 53.84 52.0400 25.7 1.796 2.287
84.447 53.85 52.0800 24.9 1.770 2.197
84.496 53.86 52.0700 25.5 1.793 2.272
84.548 53.87 52.1100 24.8 1.764 2.174
84.597 53.88 52.0900 25.3 1.786 2.242
84.647 53.89 52.1100 25.0 1.775 2.204
84.697 53.90 52.1000 25.6 1.797 2.272
84.746 53.91 52.1300 25.1 1.779 2.211
84.797 53.92 52.1300 25.4 1.791 2.249
84.847 53.93 52.1400 25.3 1.790 2.241
84.897 53.94 52.1600 25.0 1.779 2.203
84.947 53.95 52.1800 24.8 1.771 2.173
84.997 53.96 52.1900 24.7 1.767 2.159
85.048 53.97 52.1900 25.1 1.784 2.211
85.097 53.98 52.2000 25.0 1.780 2.196
85.147 53.99 52.2200 24.6 1.767 2.152
85.197 54.00 52.2200 24.9 1.777 2.182
85.246 54.01 52.2700 23.9 1.742 2.064
85.297 54.02 52.2400 24.8 1.777 2.176
85.347 54.03 52.2300 25.5 1.803 2.258
85.398 54.04 52.2700 24.7 1.774 2.161
85.447 54.05 52.2800 24.7 1.775 2.162
85.496 54.06 52.2300 26.2 1.831 2.341
85.547 54.07 52.3300 23.6 1.735 2.028
85.597 54.08 52.3200 24.3 1.759 2.103
85.647 54.09 52.3300 24.3 1.760 2.103
85.697 54.10 52.3500 24.0 1.752 2.075
85.746 54.11 52.3400 24.5 1.771 2.134
85.798 54.12 52.3300 25.1 1.794 2.209
85.847 54.13 52.3700 24.1 1.756 2.083
85.897 54.14 52.3700 24.4 1.769 2.121
85.947 54.15 52.4100 23.8 1.744 2.040
85.996 54.16 52.4200 23.7 1.743 2.034
86.047 54.17 52.4200 23.9 1.751 2.057
86.097 54.18 52.4100 24.3 1.765 2.102
86.147 54.19 52.4300 24.2 1.764 2.096
86.198 54.20 52.4300 24.4 1.771 2.118
86.247 54.21 52.4700 23.5 1.736 2.000
86.297 54.22 52.4600 24.1 1.760 2.076
86.348 54.23 52.4900 23.7 1.744 2.025
86.398 54.24 52.4800 24.1 1.761 2.078
86.447 54.25 52.4900 24.1 1.760 2.071
86.496 54.26 52.5100 23.7 1.747 2.028
86.547 54.27 52.5000 24.2 1.766 2.088
86.597 54.28 52.5200 24.0 1.758 2.060
86.647 54.29 52.5600 23.2 1.729 1.964
86.697 54.30 52.5400 24.1 1.764 2.077
86.747 54.31 52.5300 24.4 1.777 2.114
86.798 54.32 52.5700 23.8 1.752 2.034
86.847 54.33 52.5400 24.8 1.790 2.153
86.897 54.34 52.5900 23.6 1.745 2.006
86.947 54.35 52.5900 23.9 1.760 2.052
86.996 54.36 52.6100 23.6 1.747 2.008
87.047 54.37 52.6300 23.5 1.743 1.995
87.097 54.38 52.6200 23.9 1.758 2.040
87.147 54.39 52.6500 23.5 1.745 1.997
87.198 54.40 52.6500 23.7 1.750 2.013
87.246 54.41 52.6700 23.2 1.735 1.963
87.297 54.42 52.6700 23.6 1.748 2.002
87.347 54.43 52.7000 23.0 1.728 1.936
87.397 54.44 52.7300 22.6 1.713 1.886
87.447 54.45 52.7000 23.6 1.750 2.006
87.496 54.46 52.7200 23.3 1.740 1.971
87.547 54.47 52.7600 22.5 1.709 1.869
87.598 54.48 52.7000 24.3 1.776 2.085
87.647 54.49 52.7500 23.2 1.738 1.960
87.697 54.50 52.7800 22.7 1.716 1.888
87.746 54.51 52.7600 23.5 1.747 1.985
87.797 54.52 52.7800 23.3 1.741 1.965
87.847 54.53 52.8300 22.2 1.701 1.833
87.897 54.54 52.8000 23.3 1.740 1.961
87.948 54.55 52.8500 22.3 1.703 1.837
87.997 54.56 52.8300 23.0 1.729 1.921
88.047 54.57 52.8700 22.1 1.695 1.812
88.097 54.58 52.8500 23.1 1.733 1.932
88.147 54.59 52.8800 22.5 1.713 1.867
88.197 54.60 52.8700 22.9 1.725 1.906
88.246 54.61 52.9200 21.8 1.685 1.775
88.297 54.62 52.9000 22.8 1.725 1.903
88.347 54.63 52.9100 22.8 1.724 1.898
88.397 54.64 52.9300 22.5 1.713 1.863
88.447 54.65 52.9200 22.9 1.728 1.910
88.496 54.66 52.9500 22.4 1.711 1.852
88.548 54.67 52.9200 23.4 1.745 1.965
88.598 54.68 52.9900 21.8 1.687 1.775
88.647 54.69 52.9800 22.5 1.713 1.859
88.697 54.70 53.0000 22.2 1.701 1.816
88.746 54.71 53.0000 22.5 1.713 1.855
88.797 54.72 53.0000 22.6 1.716 1.865
88.847 54.73 52.9900 23.2 1.740 1.941
88.897 54.74 53.0600 21.6 1.682 1.751
88.948 54.75 53.0600 21.9 1.692 1.783
88.997 54.76 53.0500 22.4 1.711 1.845
89.047 54.77 53.0700 22.3 1.705 1.825
89.097 54.78 53.0800 22.2 1.704 1.820
89.147 54.79 53.0900 22.1 1.700 1.807
89.197 54.80 53.0700 22.9 1.731 1.906
89.246 54.81 53.1100 22.2 1.702 1.812
89.297 54.82 53.1200 22.1 1.698 1.800
89.347 54.83 53.1300 22.2 1.704 1.817
89.398 54.84 53.1500 21.9 1.691 1.775
89.447 54.85 53.1400 22.3 1.706 1.821
89.496 54.86 53.1600 22.1 1.700 1.802
89.547 54.87 53.1800 21.8 1.690 1.768
89.597 54.88 53.1800 22.1 1.702 1.807
89.647 54.89 53.2200 21.2 1.667 1.692
89.697 54.90 53.2200 21.7 1.684 1.747
89.747 54.91 53.2200 22.0 1.696 1.786
89.798 54.92 53.2700 20.9 1.654 1.648
89.848 54.93 53.2900 20.5 1.639 1.600
89.897 54.94 53.2700 21.4 1.672 1.707
89.948 54.95 53.2500 22.0 1.697 1.790
89.998 54.96 53.2900 21.4 1.673 1.712
90.047 54.97 53.2900 21.7 1.683 1.745
90.098 54.98 53.3200 21.2 1.664 1.681
90.149 54.99 53.3500 20.4 1.636 1.589
90.198 55.00 53.3300 21.2 1.666 1.688
90.248 55.01 53.3400 21.4 1.674 1.713
90.298 55.02 53.3900 20.3 1.632 1.577
90.349 55.03 53.3600 21.4 1.671 1.705
90.399 55.04 53.4000 20.7 1.645 1.620
90.448 55.05 53.3900 21.2 1.664 1.682
90.498 55.06 53.4100 20.8 1.649 1.633
90.548 55.07 53.4200 20.7 1.646 1.622
90.598 55.08 53.4300 20.9 1.654 1.647
90.648 55.09 53.4700 20.1 1.623 1.548
90.698 55.10 53.4300 21.4 1.671 1.706
90.748 55.11 53.4700 20.6 1.641 1.606
90.799 55.12 53.4700 20.7 1.646 1.625
90.848 55.13 53.4900 20.5 1.636 1.592
90.898 55.14 53.4900 21.0 1.655 1.653
90.948 55.15 53.5200 20.5 1.636 1.590
90.998 55.16 53.5200 20.5 1.637 1.595
91.048 55.17 53.5400 20.4 1.631 1.576
91.098 55.18 53.5600 20.1 1.621 1.542
91.148 55.19 53.5900 19.5 1.599 1.473
91.198 55.20 53.5600 20.8 1.645 1.624
91.248 55.21 53.5900 20.1 1.622 1.547
91.298 55.22 53.5900 20.3 1.629 1.572
91.348 55.23 53.6000 20.5 1.635 1.590
91.398 55.24 53.6600 19.1 1.582 1.418
91.448 55.25 53.6500 19.7 1.605 1.496
91.498 55.26 53.6400 20.2 1.622 1.551
91.549 55.27 53.6500 20.2 1.621 1.548
91.599 55.28 53.6500 20.6 1.635 1.596
91.648 55.29 53.6700 20.2 1.621 1.547
91.698 55.30 53.6800 20.1 1.617 1.537
91.748 55.31 53.6800 20.4 1.627 1.570
91.798 55.32 53.7200 19.7 1.604 1.493
91.848 55.33 53.7100 20.3 1.625 1.563
91.898 55.34 53.7400 19.7 1.601 1.486
91.948 55.35 53.7400 19.9 1.609 1.513
91.998 55.36 53.7600 19.6 1.599 1.480
92.048 55.37 53.7800 19.4 1.591 1.455
92.098 55.38 53.7900 19.5 1.592 1.459
92.148 55.39 53.7500 20.8 1.642 1.623
92.198 55.40 53.8100 19.6 1.596 1.474
92.248 55.41 53.8400 19.0 1.572 1.397
92.298 55.42 53.7900 20.4 1.627 1.578
92.348 55.43 53.8400 19.5 1.592 1.464
92.398 55.44 53.8300 20.1 1.614 1.534
92.448 55.45 53.8600 19.5 1.592 1.465
92.498 55.46 53.8500 20.2 1.616 1.542
92.549 55.47 53.8500 20.4 1.624 1.568
92.599 55.48 53.9300 18.6 1.555 1.346
92.648 55.49 53.9000 19.6 1.592 1.466
92.698 55.50 53.9300 19.1 1.575 1.413
92.748 55.51 53.9400 19.2 1.576 1.417
92.798 55.52 53.9400 19.3 1.579 1.429
92.848 55.53 53.9400 19.5 1.589 1.462
92.898 55.54 53.9600 19.3 1.579 1.430
92.948 55.55 53.9800 19.1 1.574 1.413
92.999 55.56 53.9700 19.5 1.588 1.461
93.048 55.57 54.0100 18.8 1.560 1.371
93.098 55.58 54.0300 18.7 1.554 1.353
93.148 55.59 54.0200 19.0 1.567 1.395
93.198 55.60 54.0300 19.0 1.568 1.399
93.248 55.61 54.0500 19.0 1.564 1.389
93.298 55.62 54.0800 18.5 1.545 1.328
93.348 55.63 54.1000 18.1 1.533 1.289
93.399 55.64 54.0800 18.9 1.559 1.375
93.448 55.65 54.1100 18.4 1.542 1.321
93.498 55.66 54.1300 18.2 1.534 1.297
93.548 55.67 54.1300 18.4 1.540 1.316
93.598 55.68 54.1500 18.1 1.527 1.277
93.648 55.69 54.1300 18.9 1.557 1.377
93.698 55.70 54.1400 19.0 1.563 1.396
93.748 55.71 54.1400 19.3 1.570 1.422
93.798 55.72 54.2600 16.4 1.464 1.078
93.848 55.73 54.2000 18.3 1.535 1.309
93.898 55.74 54.2200 18.1 1.525 1.278
93.948 55.75 54.2100 18.7 1.546 1.348
93.998 55.76 54.2100 18.8 1.549 1.360
94.048 55.77 54.2400 18.3 1.530 1.300
94.098 55.78 54.2700 17.8 1.511 1.239
94.149 55.79 54.2600 18.3 1.530 1.303
94.198 55.80 54.2700 18.3 1.529 1.300
94.248 55.81 54.2800 18.4 1.532 1.312
94.298 55.82 54.2700 18.8 1.549 1.368
94.349 55.83 54.3100 18.1 1.519 1.271
94.398 55.84 54.3000 18.6 1.538 1.334
94.448 55.85 54.3200 18.4 1.532 1.318
94.498 55.86 54.3500 17.9 1.511 1.250
94.548 55.87 54.3900 17.2 1.485 1.168
94.598 55.88 54.3600 18.1 1.518 1.275
94.648 55.89 54.3900 17.7 1.501 1.223
94.698 55.90 54.3800 18.2 1.522 1.292
94.748 55.91 54.4000 17.9 1.510 1.254
94.798 55.92 54.4100 18.1 1.515 1.274
94.848 55.93 54.4600 17.0 1.472 1.134
94.898 55.94 54.4300 18.0 1.511 1.263
94.948 55.95 54.4500 17.8 1.503 1.239
94.998 55.96 54.4800 17.4 1.486 1.186
95.049 55.97 54.4600 18.0 1.507 1.257
95.099 55.98 54.4600 18.4 1.524 1.313
95.148 55.99 54.4300 19.4 1.559 1.426
95.198 56.00 54.4800 18.5 1.524 1.315
95.248 56.01 54.5200 17.6 1.490 1.204
95.298 56.02 54.5400 17.5 1.486 1.196
95.348 56.03 54.5400 17.8 1.496 1.230
95.398 56.04 54.5700 17.1 1.471 1.148
95.448 56.05 54.5600 17.8 1.496 1.233
95.499 56.06 54.5900 17.1 1.469 1.145
95.548 56.07 54.6000 17.1 1.467 1.143
95.598 56.08 54.6300 16.8 1.455 1.106
95.648 56.09 54.6200 17.2 1.470 1.155
95.698 56.10 54.6200 17.4 1.480 1.189
95.748 56.11 54.6400 17.1 1.467 1.151
95.798 56.12 54.6800 16.5 1.444 1.077
95.849 56.13 54.6800 16.8 1.454 1.113
95.899 56.14 54.6700 17.4 1.473 1.176
95.948 56.15 54.7000 16.8 1.452 1.109
95.998 56.16 54.7000 17.1 1.462 1.144
96.048 56.17 54.7000 17.5 1.477 1.193
96.099 56.18 54.7300 16.9 1.453 1.119
96.149 56.19 54.7600 16.5 1.437 1.067
96.198 56.20 54.7400 17.1 1.458 1.138
96.249 56.21 54.7600 17.0 1.454 1.128
96.299 56.22 54.7800 16.6 1.440 1.084
96.349 56.23 54.7700 17.2 1.461 1.155
96.399 56.24 54.8100 16.4 1.428 1.051
96.449 56.25 54.7800 17.6 1.474 1.201
96.500 56.26 54.8700 15.4 1.392 0.936
96.549 56.27 54.8700 15.7 1.399 0.964
96.599 56.28 54.8600 16.2 1.418 1.028
96.649 56.29 54.8800 15.9 1.409 0.999
96.698 56.30 54.8700 16.5 1.427 1.063
96.749 56.31 54.8900 16.4 1.426 1.061
96.799 56.32 54.9100 16.2 1.416 1.031
96.850 56.33 54.9400 15.6 1.391 0.950
96.900 56.34 54.9300 16.1 1.410 1.014
96.948 56.35 54.9200 16.7 1.431 1.086
96.999 56.36 54.9300 16.8 1.436 1.106
97.049 56.37 54.9700 16.0 1.404 1.004
97.099 56.38 54.9700 16.3 1.414 1.039
97.149 56.39 55.0200 15.3 1.376 0.916
97.198 56.40 55.0200 15.4 1.379 0.930
97.249 56.41 55.0500 14.9 1.358 0.864
97.299 56.42 55.0700 14.6 1.348 0.836
97.350 56.43 55.0400 15.9 1.394 0.986
97.400 56.44 55.0600 15.5 1.379 0.942
97.448 56.45 55.0800 15.3 1.369 0.913
97.499 56.46 55.0800 15.7 1.386 0.969
97.549 56.47 55.0900 15.7 1.385 0.969
97.599 56.48 55.0900 15.8 1.388 0.982
97.649 56.49 55.1200 15.4 1.370 0.924
97.698 56.50 55.1500 14.9 1.351 0.866
97.749 56.51 55.1400 15.5 1.375 0.945
97.799 56.52 55.1900 14.5 1.336 0.822
97.850 56.53 55.1800 15.1 1.355 0.887
97.900 56.54 55.1800 15.4 1.367 0.930
97.948 56.55 55.2000 15.1 1.355 0.893
97.999 56.56 55.2200 14.9 1.347 0.871
98.049 56.57 55.2300 14.8 1.340 0.849
98.099 56.58 55.2300 15.2 1.354 0.899
98.149 56.59 55.2300 15.4 1.362 0.927
98.198 56.60 55.2700 14.8 1.337 0.848
98.249 56.61 55.2400 15.8 1.373 0.970
98.299 56.62 55.2700 15.1 1.348 0.890
98.349 56.63 55.2900 15.1 1.347 0.889
98.399 56.64 55.3000 15.1 1.344 0.882
98.448 56.65 55.2900 15.5 1.358 0.932
98.499 56.66 55.3100 15.2 1.348 0.902
98.549 56.67 55.3100 15.6 1.362 0.952
98.600 56.68 55.3500 15.0 1.337 0.873
98.649 56.69 55.3600 15.0 1.336 0.873
98.698 56.70 55.3600 15.1 1.340 0.886
98.749 56.71 55.3700 15.2 1.343 0.901
98.799 56.72 55.3800 15.1 1.338 0.885
98.849 56.73 55.4000 14.9 1.330 0.864
98.899 56.74 55.3800 15.7 1.358 0.956
98.948 56.75 55.4300 14.7 1.321 0.841
98.999 56.76 55.4100 15.5 1.349 0.934
99.049 56.77 55.4300 15.4 1.346 0.926
99.100 56.78 55.4600 14.7 1.319 0.840
99.149 56.79 55.4700 14.7 1.318 0.839
99.198 56.80 55.4700 15.2 1.334 0.897
99.249 56.81 55.4600 15.7 1.353 0.960
99.299 56.82 55.4900 15.2 1.334 0.902
99.349 56.83 55.5000 15.2 1.331 0.895
99.399 56.84 55.4600 16.5 1.381 1.059
99.448 56.85 55.5400 14.7 1.310 0.829
99.500 56.86 55.5300 15.3 1.333 0.907
99.550 56.87 55.5500 15.1 1.325 0.885
99.599 56.88 55.5500 15.2 1.329 0.899
99.649 56.89 55.5800 14.8 1.310 0.842
99.698 56.90 55.6000 14.7 1.307 0.834
99.749 56.91 55.4900 17.9 1.427 1.227
99.799 56.92 55.6300 14.5 1.296 0.804
99.849 56.93 55.6400 14.3 1.291 0.790
99.899 56.94 55.6400 14.6 1.299 0.818
99.948 56.95 55.6300 15.3 1.326 0.911
100.000 56.96 55.7100 13.5 1.255 0.682
100.049 56.97 55.6800 14.4 1.289 0.797
100.099 56.98 55.6800 14.8 1.303 0.846
100.149 56.99 55.7000 14.6 1.296 0.825
100.199 57.00 55.7300 14.2 1.278 0.768
100.250 57.01 55.7300 14.3 1.281 0.782
100.299 57.02 55.7400 14.4 1.282 0.789
100.349 57.03 55.8600 11.6 1.176 0.448
100.399 57.04 55.7900 13.6 1.252 0.698
100.448 57.05 55.7500 15.0 1.304 0.869
100.499 57.06 55.7600 14.9 1.298 0.855
100.549 57.07 55.7800 14.8 1.295 0.847
100.599 57.08 55.7900 14.8 1.292 0.840
100.650 57.09 55.8300 14.1 1.265 0.754
100.699 57.10 55.7900 15.4 1.312 0.911
100.749 57.11 55.8400 14.3 1.272 0.783
100.799 57.12 55.8600 14.1 1.264 0.761
100.849 57.13 55.8400 14.8 1.290 0.847
100.899 57.14 55.8800 14.1 1.260 0.754
100.948 57.15 55.8800 14.3 1.268 0.782
100.999 57.16 55.9000 14.2 1.263 0.768
101.049 57.17 55.9000 14.4 1.268 0.790
101.099 57.18 55.9100 14.4 1.270 0.797
101.150 57.19 55.9300 14.4 1.266 0.790
101.199 57.20 55.9400 14.4 1.268 0.797
101.249 57.21 55.9600 14.1 1.254 0.754
101.299 57.22 55.9400 14.8 1.279 0.840
101.349 57.23 55.9800 14.2 1.256 0.768
101.399 57.24 55.9800 14.4 1.264 0.797
101.448 57.25 55.9900 14.4 1.261 0.790
101.499 57.26 55.8800 17.6 1.383 1.188
101.549 57.27 56.0000 14.7 1.270 0.823
101.599 57.28 56.0300 14.2 1.249 0.759
101.650 57.29 56.0200 14.8 1.275 0.844
101.699 57.30 56.0600 14.0 1.243 0.745
101.750 57.31 56.0600 14.3 1.251 0.773
101.799 57.32 56.0900 13.9 1.235 0.724
101.849 57.33 56.0900 14.0 1.238 0.738
101.899 57.34 56.1100 13.9 1.235 0.731
101.948 57.35 56.0900 14.6 1.261 0.817
101.999 57.36 56.1100 14.3 1.249 0.781
102.049 57.37 56.1200 14.5 1.254 0.802
102.099 57.38 56.1500 14.1 1.236 0.746
102.150 57.39 56.1500 14.2 1.242 0.767
102.199 57.40 56.1800 13.7 1.219 0.696
102.250 57.41 56.1600 14.7 1.257 0.824
102.300 57.42 56.1700 14.5 1.250 0.803
102.350 57.43 56.2200 13.5 1.210 0.676
102.400 57.44 56.2500 13.1 1.194 0.626
102.450 57.45 56.2600 13.2 1.195 0.634
102.501 57.46 56.2600 13.3 1.201 0.656
102.550 57.47 56.2400 14.3 1.235 0.769
102.600 57.48 56.2600 14.1 1.227 0.749
102.650 57.49 56.3100 13.1 1.187 0.621
102.699 57.50 56.3000 13.5 1.201 0.671
102.750 57.51 56.2800 14.5 1.238 0.793
102.800 57.52 56.2800 14.6 1.241 0.806
102.850 57.53 56.3100 14.2 1.225 0.757
102.900 57.54 56.3300 13.8 1.209 0.707
102.950 57.55 56.3400 13.8 1.210 0.714
103.001 57.56 56.3300 14.5 1.233 0.792
103.050 57.57 56.3500 14.3 1.226 0.771
103.100 57.58 56.3700 14.0 1.214 0.736
103.150 57.59 56.3200 15.6 1.272 0.927
103.199 57.60 56.3700 14.5 1.230 0.792
103.250 57.61 56.4200 13.6 1.196 0.686
103.300 57.62 56.4200 13.8 1.202 0.707
103.350 57.63 56.4000 14.5 1.229 0.800
103.400 57.64 56.4100 14.7 1.235 0.821
103.449 57.65 56.4500 14.0 1.206 0.729
103.501 57.66 56.4500 14.1 1.212 0.750
103.551 57.67 56.4500 14.4 1.222 0.786
103.600 57.68 56.4900 13.8 1.197 0.708
103.650 57.69 56.4700 14.5 1.224 0.800
103.699 57.70 56.5300 13.3 1.176 0.644
103.750 57.71 56.5400 13.2 1.172 0.637
103.800 57.72 56.5300 13.8 1.191 0.702
103.850 57.73 56.5300 14.2 1.206 0.752
103.900 57.74 56.5400 14.2 1.205 0.752
103.950 57.75 56.5600 13.9 1.195 0.724
104.001 57.76 56.6000 13.0 1.160 0.611
104.050 57.77 56.5800 13.8 1.189 0.710
104.100 57.78 56.5900 13.9 1.193 0.725
104.150 57.79 56.5900 14.2 1.201 0.754
104.200 57.80 56.6100 13.9 1.189 0.718
104.250 57.81 56.6100 14.3 1.203 0.767
104.300 57.82 56.6400 13.9 1.187 0.718
104.350 57.83 56.6500 13.7 1.180 0.697
104.400 57.84 56.6500 14.1 1.194 0.747
104.449 57.85 56.6500 14.4 1.202 0.775
104.500 57.86 56.7000 13.4 1.164 0.655
104.550 57.87 56.6800 14.3 1.198 0.769
104.600 57.88 56.7000 14.0 1.184 0.726
104.650 57.89 56.7100 14.1 1.188 0.741
104.700 57.90 56.7100 14.2 1.191 0.755
104.751 57.91 56.7600 13.3 1.156 0.642
104.800 57.92 56.7300 14.3 1.194 0.770
104.850 57.93 56.7600 13.9 1.176 0.713
104.900 57.94 56.7800 13.5 1.160 0.664
104.949 57.95 56.7900 13.5 1.161 0.671
105.000 57.96 56.8000 13.5 1.160 0.672
105.050 57.97 56.8100 13.6 1.162 0.679
105.100 57.98 56.8100 13.9 1.172 0.714
105.150 57.99 56.8300 13.7 1.162 0.687
105.200 58.00 56.8600 13.3 1.149 0.645
105.251 58.01 56.8700 13.3 1.146 0.639
105.300 58.02 56.8700 13.4 1.149 0.654
105.350 58.03 56.8600 14.2 1.179 0.752
105.400 58.04 56.8900 13.6 1.156 0.682
105.449 58.05 56.9000 13.6 1.155 0.682
105.500 58.06 56.9000 13.8 1.161 0.704
105.550 58.07 56.9000 14.2 1.173 0.746
105.600 58.08 56.9100 14.2 1.175 0.753
105.650 58.09 56.9200 14.2 1.174 0.753
105.699 58.10 56.9400 13.9 1.162 0.718
105.751 58.11 56.9300 14.6 1.187 0.802
105.800 58.12 56.9700 13.7 1.152 0.691
105.851 58.13 56.9800 13.8 1.155 0.704
105.901 58.14 57.0200 13.1 1.127 0.613
105.950 58.15 57.0000 13.9 1.156 0.713
106.000 58.16 57.0000 14.2 1.168 0.755
106.050 58.17 57.0200 14.0 1.157 0.720
106.100 58.18 57.0000 14.7 1.184 0.811
106.150 58.19 57.0400 13.8 1.151 0.706
106.199 58.20 57.0600 13.7 1.143 0.684
106.250 58.21 57.0900 13.2 1.125 0.629
106.300 58.22 57.0700 14.1 1.157 0.735
106.350 58.23 57.0900 13.8 1.143 0.693
106.400 58.24 57.0800 14.3 1.164 0.763
106.449 58.25 57.1100 13.8 1.142 0.693
106.500 58.26 57.1000 14.5 1.169 0.784
106.550 58.27 57.1300 14.0 1.149 0.721
106.600 58.28 57.1300 14.1 1.150 0.728
106.651 58.29 57.1500 13.9 1.145 0.714
106.700 58.30 57.1500 14.2 1.155 0.750
106.750 58.31 57.1600 14.2 1.152 0.742
106.800 58.32 57.1500 14.7 1.173 0.813
106.850 58.33 57.1800 14.3 1.155 0.756
106.900 58.34 57.2000 14.1 1.148 0.735
106.949 58.35 57.1900 14.6 1.166 0.799
107.000 58.36 57.2100 14.2 1.150 0.749
107.050 58.37 57.1900 15.3 1.188 0.875
107.101 58.38 57.2400 14.2 1.147 0.742
107.151 58.39 57.2400 14.3 1.150 0.756
107.199 58.40 57.2500 14.5 1.156 0.777
107.250 58.41 57.2600 14.5 1.155 0.777
107.300 58.42 57.2700 14.4 1.152 0.770
107.350 58.43 57.2800 14.3 1.149 0.763
107.400 58.44 57.3000 14.1 1.140 0.735
107.449 58.45 57.3100 14.3 1.146 0.756
107.500 58.46 57.3200 14.3 1.145 0.755
107.550 58.47 57.3400 13.9 1.131 0.714
107.601 58.48 57.3300 14.7 1.158 0.804
107.650 58.49 57.3600 14.0 1.132 0.721
107.699 58.50 57.3600 14.4 1.146 0.770
107.750 58.51 57.3900 13.8 1.124 0.700
107.800 58.52 57.3800 14.4 1.143 0.763
107.850 58.53 57.3900 14.4 1.144 0.770
107.900 58.54 57.4000 14.5 1.146 0.777
107.949 58.55 57.4200 14.3 1.138 0.755
108.000 58.56 57.4400 14.0 1.127 0.720
108.051 58.57 57.4400 14.1 1.130 0.735
108.101 58.58 57.4500 14.4 1.138 0.763
108.150 58.59 57.4800 13.7 1.114 0.686
108.200 58.60 57.4700 14.2 1.130 0.742
108.250 58.61 57.4900 14.2 1.127 0.735
108.301 58.62 57.5100 13.8 1.114 0.694
108.352 58.63 57.5100 14.1 1.124 0.729
108.401 58.64 57.5000 14.6 1.142 0.791
108.450 58.65 57.5100 14.6 1.142 0.791
108.501 58.66 57.5400 14.3 1.128 0.749
108.551 58.67 57.5500 14.1 1.121 0.728
108.601 58.68 57.5600 14.3 1.129 0.756
108.651 58.69 57.5600 14.4 1.130 0.763
108.700 58.70 57.5600 14.9 1.149 0.826
108.751 58.71 57.5700 14.7 1.139 0.798
108.802 58.72 57.6000 14.4 1.128 0.763
108.852 58.73 57.6100 14.4 1.127 0.763
108.902 58.74 57.6100 14.5 1.131 0.776
108.950 58.75 57.6100 14.9 1.145 0.825
109.001 58.76 57.6100 15.1 1.153 0.852
109.051 58.77 57.6300 14.9 1.144 0.824
109.101 58.78 57.6500 14.6 1.130 0.782
109.151 58.79 57.6800 14.2 1.117 0.741
109.200 58.80 57.6800 14.4 1.122 0.761
109.251 58.81 57.6900 14.5 1.126 0.775
109.301 58.82 57.6800 15.1 1.147 0.845
109.351 58.83 57.6900 15.1 1.148 0.851
109.402 58.84 57.7100 14.8 1.135 0.809
109.451 58.85 57.7300 14.7 1.129 0.795
109.501 58.86 57.7000 15.7 1.167 0.920
109.551 58.87 57.7600 14.4 1.119 0.765
109.601 58.88 57.7800 14.2 1.108 0.731
109.651 58.89 57.7500 15.1 1.142 0.842
109.700 58.90 57.7800 14.7 1.128 0.800
109.751 58.91 57.7800 14.8 1.132 0.814
109.801 58.92 57.7900 15.0 1.135 0.828
109.851 58.93 57.8200 14.6 1.119 0.778
109.901 58.94 57.8300 14.5 1.117 0.772
109.951 58.95 57.8100 15.3 1.148 0.876
110.002 58.96 57.8300 15.1 1.137 0.841
110.051 58.97 57.8400 15.1 1.138 0.847
110.101 58.98 57.8300 15.6 1.157 0.909
110.151 58.99 57.8400 15.5 1.152 0.895
110.201 59.00 57.8900 14.6 1.117 0.783
110.252 59.01 57.9000 14.4 1.114 0.755
110.301 59.02 57.8900 14.5 1.130 0.771
110.351 59.03 57.9000 14.3 1.133 0.749
110.401 59.04 57.9100 14.2 1.137 0.732
110.450 59.05 57.9300 13.7 1.127 0.668
110.501 59.06 57.9300 13.5 1.132 0.650
110.551 59.07 57.9500 13.1 1.122 0.591
110.601 59.08 57.9700 12.5 1.110 0.520
110.652 59.09 57.9500 12.9 1.137 0.574
110.701 59.10 57.9800 12.1 1.116 0.479
110.751 59.11 57.9800 12.2 1.125 0.482
110.801 59.12 57.9800 12.3 1.138 0.494
110.851 59.13 58.0200 11.3 1.110 0.373
110.901 59.14 58.0200 11.2 1.115 0.362
110.950 59.14 58.0100 11.5 1.134 0.400
111.001 59.15 58.0600 10.3 1.096 0.251
111.051 59.16 58.0500 10.5 1.113 0.283
111.101 59.17 58.0600 10.3 1.113 0.252
111.151 59.18 58.0700 9.8 1.104 0.199
111.200 59.19 58.0800 9.7 1.106 0.182
111.252 59.19 58.1100 8.9 1.082 0.079
111.302 59.20 58.1000 9.4 1.107 0.139
111.352 59.21 58.1100 9.1 1.104 0.108
111.401 59.22 58.1300 8.4 1.084 0.019
111.450 59.23 58.1300 8.4 1.092 0.022
111.501 59.23 58.1400 8.3 1.094 0.005
111.551 59.24 58.1500 8.1 1.091 -0.021
111.601 59.25 58.1500 8.1 1.100 -0.011
111.651 59.26 58.1600 7.9 1.097 -0.042
111.700 59.26 58.1600 7.8 1.100 -0.049
111.751 59.27 58.1900 7.1 1.078 -0.142
111.802 59.28 58.1900 7.2 1.091 -0.119
111.852 59.29 58.2200 6.5 1.067 -0.215
111.902 59.29 58.1800 7.5 1.112 -0.088
111.950 59.30 58.2400 5.8 1.055 -0.294
112.001 59.31 58.2100 6.7 1.092 -0.182
112.051 59.31 58.2300 6.3 1.082 -0.234
112.101 59.32 58.2400 6.0 1.076 -0.274
112.151 59.33 58.2700 5.4 1.057 -0.350
112.200 59.33 58.2900 4.8 1.040 -0.417
112.251 59.34 58.2700 5.5 1.071 -0.332
112.301 59.35 58.2700 5.4 1.073 -0.344
112.351 59.35 58.2900 5.1 1.065 -0.384
112.401 59.36 58.3200 4.3 1.039 -0.480
112.450 59.37 58.3100 4.6 1.054 -0.444
112.501 59.37 58.3300 4.1 1.041 -0.505
112.552 59.38 58.3400 4.0 1.043 -0.511
112.602 59.39 58.3400 4.0 1.047 -0.510
112.651 59.39 58.3600 3.6 1.036 -0.558
112.700 59.40 58.3900 2.9 1.013 -0.646
112.751 59.40 58.3700 3.5 1.038 -0.575
112.801 59.41 58.4100 2.3 0.997 -0.721
112.851 59.42 58.4000 2.7 1.016 -0.671
112.901 59.42 58.3900 3.1 1.032 -0.629
112.950 59.43 58.4300 2.2 1.000 -0.740
113.001 59.43 58.4200 2.3 1.010 -0.717
113.051 59.44 58.4300 2.1 1.005 -0.744
113.102 59.44 58.4500 1.8 0.995 -0.786
113.151 59.45 58.4800 0.9 0.967 -0.887
113.200 59.46 58.4700 1.4 0.987 -0.833
113.251 59.46 58.4700 1.6 0.995 -0.812
113.301 59.47 58.4900 1.0 0.977 -0.881
113.351 59.47 58.5100 0.6 0.963 -0.934
113.401 59.48 58.5100 0.7 0.970 -0.915
113.450 59.48 58.5200 0.5 0.965 -0.941
113.502 59.49 58.5200 0.4 0.964 -0.955
113.552 59.49 58.5300 0.4 0.965 -0.955
113.601 59.50 58.5400 0.1 0.957 -0.990
113.651 59.50 58.5600 0.0 0.943 -1.039
113.700 59.51 58.5700 0.0 0.937 -1.060
113.751 59.51 58.5400 0.5 0.976 -0.941
113.801 59.52 58.5800 0.0 0.941 -1.060
113.851 59.52 58.5900 0.0 0.931 -1.095
113.901 59.53 58.6100 0.0 0.912 -1.163
113.950 59.53 58.6100 0.0 0.921 -1.136
114.001 59.54 58.6200 0.0 0.913 -1.171
114.051 59.54 58.6400 0.0 0.903 -1.206
114.102 59.55 58.6400 0.0 0.905 -1.199
114.152 59.55 58.6600 0.0 0.888 -1.262
114.201 59.55 58.6500 0.0 0.904 -1.214
114.251 59.56 58.6800 0.0 0.883 -1.284
114.301 59.56 58.7000 0.0 0.868 -1.333
114.352 59.57 58.6800 0.0 0.885 -1.279
114.402 59.57 58.7000 0.0 0.874 -1.314
114.452 59.58 58.7100 0.0 0.866 -1.348
114.502 59.58 58.7300 0.0 0.853 -1.391
114.551 59.58 58.7200 0.0 0.866 -1.350
114.602 59.59 58.7600 0.0 0.832 -1.462
114.652 59.59 58.7400 0.0 0.857 -1.380
114.701 59.60 58.7600 0.0 0.834 -1.456
114.752 59.60 58.7800 0.0 0.825 -1.485
114.802 59.61 58.7800 0.0 0.829 -1.472
114.853 59.61 58.7700 0.0 0.839 -1.438
114.903 59.61 58.7900 0.0 0.822 -1.496
114.952 59.62 58.7700 0.0 0.843 -1.428
115.002 59.62 58.8100 0.0 0.809 -1.539
115.052 59.62 58.8000 0.0 0.827 -1.479
115.102 59.63 58.8000 0.0 0.831 -1.460
115.152 59.63 58.8200 0.0 0.814 -1.516
115.201 59.64 58.8800 0.0 0.758 -1.698
115.252 59.64 58.8700 0.0 0.768 -1.664
115.302 59.64 58.8700 0.0 0.776 -1.631
115.352 59.65 58.8800 0.0 0.769 -1.660
115.403 59.65 58.8700 0.0 0.777 -1.627
115.451 59.65 58.8900 0.0 0.765 -1.664
115.502 59.66 58.9100 0.0 0.750 -1.713
115.552 59.66 58.9200 0.0 0.738 -1.743
115.602 59.66 58.9600 0.0 0.706 -1.847
115.652 59.67 58.9200 0.0 0.743 -1.725
115.701 59.67 58.9400 0.0 0.729 -1.762
115.752 59.67 58.9600 0.0 0.718 -1.797
115.802 59.68 58.9700 0.0 0.706 -1.833
115.853 59.68 58.9700 0.0 0.711 -1.808
115.903 59.68 58.9800 0.0 0.702 -1.838
115.952 59.69 58.9700 0.0 0.720 -1.770
116.003 59.69 58.9900 0.0 0.696 -1.850
116.052 59.69 59.0000 0.0 0.697 -1.837
116.102 59.70 59.0000 0.0 0.693 -1.846
116.152 59.70 59.0200 0.0 0.675 -1.904
116.201 59.70 59.0700 0.0 0.632 -2.037
116.252 59.71 59.0500 0.0 0.660 -1.942
116.302 59.71 59.0500 0.0 0.655 -1.951
116.352 59.71 59.0500 0.0 0.657 -1.939
116.402 59.71 59.0600 0.0 0.658 -1.929
116.451 59.72 59.0800 0.0 0.634 -2.006
116.502 59.72 59.1000 0.0 0.615 -2.058
116.552 59.72 59.1000 0.0 0.622 -2.025
116.603 59.73 59.0900 0.0 0.631 -1.987
116.653 59.73 59.1000 0.0 0.632 -1.981
116.701 59.73 59.1200 0.0 0.607 -2.055
116.752 59.73 59.1400 0.0 0.591 -2.098
116.802 59.74 59.1400 0.0 0.600 -2.065
116.852 59.74 59.1500 0.0 0.592 -2.083
116.902 59.74 59.1600 0.0 0.584 -2.098
116.951 59.74 59.1700 0.0 0.572 -2.135
117.002 59.75 59.1900 0.0 0.555 -2.180
117.052 59.75 59.1800 0.0 0.566 -2.135
117.102 59.75 59.2100 0.0 0.539 -2.218
117.153 59.75 59.2100 0.0 0.548 -2.175
117.202 59.76 59.2000 0.0 0.559 -2.135
117.252 59.76 59.2000 0.0 0.557 -2.132
117.302 59.76 59.2300 0.0 0.532 -2.205
117.352 59.76 59.2800 0.0 0.486 -2.350
117.402 59.77 59.2400 0.0 0.522 -2.218
117.451 59.77 59.2600 0.0 0.504 -2.274
117.502 59.77 59.2800 0.0 0.487 -2.319
117.552 59.77 59.2800 0.0 0.496 -2.281
117.603 59.78 59.2900 0.0 0.481 -2.323
117.653 59.78 59.3000 0.0 0.479 -2.316
117.701 59.78 59.3200 0.0 0.456 -2.385
117.752 59.78 59.3100 0.0 0.469 -2.334
117.802 59.78 59.3500 0.0 0.435 -2.433
117.852 59.79 59.3400 0.0 0.450 -2.375
117.902 59.79 59.3700 0.0 0.420 -2.460
117.951 59.79 59.3700 0.0 0.424 -2.436
118.002 59.79 59.3800 0.0 0.414 -2.460
118.052 59.79 59.3700 0.0 0.422 -2.421
118.102 59.80 59.3700 0.0 0.431 -2.384
118.153 59.80 59.3900 0.0 0.410 -2.443
118.202 59.80 59.4200 0.0 0.376 -2.542
118.252 59.80 59.4100 0.0 0.393 -2.475
118.302 59.80 59.4000 0.0 0.401 -2.439
118.353 59.81 59.4200 0.0 0.388 -2.470
118.403 59.81 59.4200 0.0 0.388 -2.459
118.451 59.81 59.4300 0.0 0.381 -2.471
118.502 59.81 59.4500 0.0 0.360 -2.529
118.552 59.81 59.4500 0.0 0.368 -2.491
118.602 59.82 59.4600 0.0 0.359 -2.510
118.652 59.82 59.4600 0.0 0.361 -2.493
118.701 59.82 59.4800 0.0 0.338 -2.558
118.752 59.82 59.5000 0.0 0.325 -2.583
118.802 59.82 59.5000 0.0 0.318 -2.593
118.852 59.83 59.4900 0.0 0.331 -2.542
118.903 59.83 59.5300 0.0 0.299 -2.635
118.952 59.83 59.5300 0.0 0.294 -2.638
119.002 59.83 59.5400 0.0 0.289 -2.643
119.052 59.83 59.5400 0.0 0.287 -2.634
119.102 59.83 59.5400 0.0 0.293 -2.609
119.152 59.84 59.5500 0.0 0.286 -2.614
119.201 59.84 59.5800 0.0 0.252 -2.714
119.252 59.84 59.5700 0.0 0.273 -2.635
119.302 59.84 59.5400 0.0 0.299 -2.531
119.352 59.84 59.5900 0.0 0.253 -2.678
119.403 59.84 59.6000 0.0 0.248 -2.678
119.452 59.84 59.6000 0.0 0.243 -2.680
119.502 59.85 59.6200 0.0 0.224 -2.732
119.552 59.85 59.6600 0.0 0.185 -2.846
119.602 59.85 59.6400 0.0 0.206 -2.762
119.652 59.85 59.6300 0.0 0.218 -2.711
119.701 59.85 59.6500 0.0 0.198 -2.763
119.752 59.85 59.6600 0.0 0.195 -2.761
119.802 59.86 59.6800 0.0 0.174 -2.814
119.852 59.86 59.6800 0.0 0.182 -2.776
119.903 59.86 59.6800 0.0 0.183 -2.759
119.952 59.86 59.6900 0.0 0.174 -2.779
120.003 59.86 59.6700 0.0 0.192 -2.701
120.052 59.86 59.6900 0.0 0.177 -2.735
120.102 59.86 59.7300 0.0 0.136 -2.861
120.152 59.87 59.7200 0.0 0.148 -2.805
120.202 59.87 59.7300 0.0 0.141 -2.816
120.253 59.87 59.7500 0.0 0.115 -2.882
120.302 59.87 59.7400 0.0 0.127 -2.832
120.352 59.87 59.7300 0.0 0.145 -2.756
120.402 59.87 59.7500 0.0 0.125 -2.814
120.451 59.87 59.7500 0.0 0.120 -2.814
120.502 59.87 59.7700 0.0 0.104 -2.847
120.552 59.88 59.7800 0.0 0.099 -2.851
120.603 59.88 59.7900 0.0 0.088 -2.875
120.652 59.88 59.8100 0.0 0.070 -2.923
120.702 59.88 59.8000 0.0 0.084 -2.861
120.753 59.88 59.8000 0.0 0.081 -2.857
120.803 59.88 59.8300 0.0 0.047 -2.958
120.854 59.88 59.8200 0.0 0.065 -2.882
120.904 59.88 59.8200 0.0 0.059 -2.881
120.952 59.89 59.8000 0.0 0.088 -2.776
121.003 59.89 59.8500 0.0 0.035 -2.939
121.053 59.89 59.8500 0.0 0.042 -2.898
121.103 59.89 59.8500 0.0 0.039 -2.895
121.153 59.89 59.8900 0.0 -0.002 -3.010
121.202 59.89 59.8700 0.0 0.022 -2.920
121.253 59.89 59.8700 0.0 0.021 -2.904
121.303 59.89 59.9000 0.0 -0.009 -2.992
121.353 59.89 59.9000 0.0 -0.002 -2.951
121.404 59.90 59.9000 0.0 -0.005 -2.948
121.453 59.90 59.9300 0.0 -0.035 -3.030
121.503 59.90 59.9000 0.0 -0.005 -2.919
121.553 59.90 59.9100 0.0 -0.012 -2.932
121.603 59.90 59.9400 0.0 -0.045 -3.019
121.653 59.90 59.9300 0.0 -0.033 -2.965
121.702 59.90 59.9400 0.0 -0.039 -2.970
121.753 59.90 59.9500 0.0 -0.046 -2.982
121.803 59.90 59.9600 0.0 -0.058 -3.002
121.853 59.90 59.9500 0.0 -0.044 -2.941
121.903 59.91 59.9900 0.0 -0.085 -3.062
121.953 59.91 59.9900 0.0 -0.088 -3.061
122.004 59.91 59.9800 0.0 -0.077 -3.006
122.054 59.91 60.0100 0.0 -0.103 -3.074
122.103 59.91 60.0400 0.0 -0.130 -3.147
122.153 59.91 60.0200 0.0 -0.106 -3.050
122.203 59.91 60.0000 0.0 -0.092 -2.995
122.254 59.91 60.0300 0.0 -0.116 -3.057
122.304 59.91 60.0300 0.0 -0.113 -3.034
122.353 59.91 60.0300 0.0 -0.112 -3.015
122.403 59.91 60.0500 0.0 -0.135 -3.069
122.452 59.92 60.0600 0.0 -0.146 -3.094
122.503 59.92 60.0400 0.0 -0.120 -2.994
122.553 59.92 60.0400 0.0 -0.128 -3.006
122.603 59.92 60.0800 0.0 -0.167 -3.115
122.653 59.92 60.0600 0.0 -0.145 -3.027
122.702 59.92 60.1100 0.0 -0.186 -3.147
122.753 59.92 60.0900 0.0 -0.173 -3.087
122.803 59.92 60.1100 0.0 -0.185 -3.114
122.854 59.92 60.1100 0.0 -0.188 -3.107
122.904 59.92 60.1100 0.0 -0.185 -3.086
122.953 59.92 60.0900 0.0 -0.168 -3.010
123.003 59.92 60.1400 0.0 -0.213 -3.142
123.053 59.92 60.1400 0.0 -0.212 -3.126
123.103 59.93 60.1200 0.0 -0.199 -3.066
123.153 59.93 60.1600 0.0 -0.229 -3.148
123.202 59.93 60.1500 0.0 -0.218 -3.100
123.253 59.93 60.1500 0.0 -0.226 -3.107
123.303 59.93 60.1700 0.0 -0.244 -3.154
123.354 59.93 60.1600 0.0 -0.227 -3.079
123.404 59.93 60.1800 0.0 -0.251 -3.142
123.452 59.93 60.2100 0.0 -0.282 -3.230
123.503 59.93 60.2000 0.0 -0.271 -3.176
123.553 59.93 60.2100 0.0 -0.276 -3.176
123.603 59.93 60.2100 0.0 -0.275 -3.156
123.653 59.93 60.2200 0.0 -0.283 -3.170
123.702 59.93 60.2400 0.0 -0.310 -3.238
123.753 59.93 60.2100 0.0 -0.278 -3.116
123.803 59.94 60.2400 0.0 -0.302 -3.184
123.854 59.94 60.2500 0.0 -0.316 -3.211
123.904 59.94 60.2400 0.0 -0.305 -3.159
123.952 59.94 60.2600 0.0 -0.319 -3.192
124.003 59.94 60.2500 0.0 -0.310 -3.146
124.053 59.94 60.2700 0.0 -0.328 -3.187
124.103 59.94 60.2600 0.0 -0.325 -3.166
124.153 59.94 60.2700 0.0 -0.331 -3.168
124.202 59.94 60.2900 0.0 -0.345 -3.197
124.253 59.94 60.2800 0.0 -0.334 -3.149
124.303 59.94 60.2800 0.0 -0.340 -3.150
124.353 59.94 60.3000 0.0 -0.358 -3.193
124.403 59.94 60.3200 0.0 -0.374 -3.233
124.453 59.94 60.3100 0.0 -0.367 -3.194
124.504 59.94 60.3300 0.0 -0.383 -3.229
124.554 59.94 60.3300 0.0 -0.381 -3.208
124.603 59.94 60.3200 0.0 -0.378 -3.184
124.653 59.95 60.3300 0.0 -0.388 -3.198
124.702 59.95 60.3100 0.0 -0.365 -3.105
124.753 59.95 60.3400 0.0 -0.397 -3.194
124.803 59.95 60.3500 0.0 -0.407 -3.216
124.853 59.95 60.3600 0.0 -0.413 -3.217
124.903 59.95 60.3700 0.0 -0.421 -3.226
124.952 59.95 60.3800 0.0 -0.427 -3.232
125.004 59.95 60.3700 0.0 -0.424 -3.201
125.054 59.95 60.3700 0.0 -0.419 -3.174
125.103 59.95 60.3800 0.0 -0.425 -3.177
125.153 59.95 60.3900 0.0 -0.437 -3.199
125.202 59.95 60.3800 0.0 -0.428 -3.158
125.253 59.95 60.3900 0.0 -0.438 -3.174
125.303 59.95 60.4100 0.0 -0.459 -3.225
125.353 59.95 60.4100 0.0 -0.454 -3.191
125.403 59.95 60.4000 0.0 -0.445 -3.152
125.452 59.95 60.4000 0.0 -0.451 -3.154
125.504 59.95 60.4400 0.0 -0.488 -3.259
125.554 59.95 60.4100 0.0 -0.454 -3.137
125.603 59.96 60.4200 0.0 -0.468 -3.161
125.653 59.96 60.4600 0.0 -0.501 -3.257
125.702 59.96 60.4500 0.0 -0.499 -3.233
125.753 59.96 60.4500 0.0 -0.494 -3.201
125.803 59.96 60.4800 0.0 -0.527 -3.296
125.853 59.96 60.4500 0.0 -0.497 -3.184
125.903 59.96 60.4700 0.0 -0.512 -3.213
125.952 59.96 60.4800 0.0 -0.520 -3.224
126.003 59.96 60.4900 0.0 -0.528 -3.231
126.053 59.96 60.4900 0.0 -0.533 -3.233
126.104 59.96 60.4900 0.0 -0.535 -3.229
126.153 59.96 60.4900 0.0 -0.532 -3.204
126.203 59.96 60.4900 0.0 -0.530 -3.180
126.253 59.96 60.5400 0.0 -0.584 -3.344
126.303 59.96 60.5200 0.0 -0.563 -3.253
126.353 59.96 60.5000 0.0 -0.539 -3.165
126.404 59.96 60.5200 0.0 -0.556 -3.203
126.453 59.96 60.5300 0.0 -0.566 -3.219
126.503 59.96 60.5300 0.0 -0.567 -3.214
126.553 59.96 60.5400 0.0 -0.582 -3.245
126.603 59.96 60.5300 0.0 -0.571 -3.193
126.653 59.96 60.5500 0.0 -0.587 -3.230
126.702 59.96 60.5300 0.0 -0.570 -3.158
126.753 59.96 60.5500 0.0 -0.591 -3.210
126.803 59.96 60.5500 0.0 -0.590 -3.191
126.854 59.97 60.5800 0.0 -0.615 -3.254
126.904 59.97 60.6000 0.0 -0.631 -3.298
126.953 59.97 60.5900 0.0 -0.629 -3.273
127.005 59.97 60.5800 0.0 -0.618 -3.223
127.055 59.97 60.6000 0.0 -0.630 -3.245
127.104 59.97 60.6000 0.0 -0.636 -3.255
127.154 59.97 60.5700 0.0 -0.602 -3.130
127.203 59.97 60.6200 0.0 -0.648 -3.262
127.254 59.97 60.5800 0.0 -0.616 -3.142
127.304 59.97 60.6200 0.0 -0.649 -3.235
127.354 59.97 60.6200 0.0 -0.655 -3.238
127.404 59.97 60.6500 0.0 -0.684 -3.316
127.453 59.97 60.6600 0.0 -0.690 -3.324
127.505 59.97 60.6300 0.0 -0.659 -3.207
127.554 59.97 60.6500 0.0 -0.677 -3.250
127.604 59.97 60.6300 0.0 -0.664 -3.193
127.654 59.97 60.6700 0.0 -0.695 -3.279
127.703 59.97 60.6700 0.0 -0.699 -3.274
127.754 59.97 60.6700 0.0 -0.701 -3.264
127.804 59.97 60.6900 0.0 -0.723 -3.328
127.854 59.97 60.6800 0.0 -0.711 -3.270
127.906 59.97 60.6900 0.0 -0.721 -3.287
127.955 59.97 60.6700 0.0 -0.702 -3.211
128.006 59.97 60.7000 0.0 -0.731 -3.287
128.055 59.97 60.7000 0.0 -0.732 -3.279
128.105 59.97 60.6900 0.0 -0.722 -3.234
128.155 59.97 60.7100 0.0 -0.740 -3.272
128.204 59.97 60.7100 0.0 -0.734 -3.241
128.255 59.97 60.7000 0.0 -0.729 -3.212
128.305 59.97 60.7300 0.0 -0.752 -3.270
128.355 59.97 60.7400 0.0 -0.762 -3.293
128.405 59.97 60.7300 0.0 -0.753 -3.244
128.454 59.97 60.7400 0.0 -0.768 -3.275
128.505 59.97 60.7500 0.0 -0.772 -3.272
128.555 59.98 60.7300 0.0 -0.755 -3.207
128.605 59.98 60.7500 0.0 -0.771 -3.246
128.656 59.98 60.7500 0.0 -0.777 -3.250
128.704 59.98 60.7600 0.0 -0.787 -3.268
128.755 59.98 60.7500 0.0 -0.770 -3.199
128.805 59.98 60.7700 0.0 -0.795 -3.262
128.855 59.98 60.7600 0.0 -0.787 -3.219
128.906 59.98 60.7700 0.0 -0.791 -3.217
128.956 59.98 60.7700 0.0 -0.794 -3.214
129.006 59.98 60.7800 0.0 -0.805 -3.239
129.056 59.98 60.7800 0.0 -0.802 -3.216
129.106 59.98 60.8000 0.0 -0.823 -3.268
129.156 59.98 60.8100 0.0 -0.831 -3.281
129.206 59.98 60.7900 0.0 -0.812 -3.203
129.257 59.98 60.8100 0.0 -0.828 -3.242
129.307 59.98 60.8200 0.0 -0.843 -3.279
129.356 59.98 60.8600 0.0 -0.880 -3.379
129.406 59.98 60.8200 0.0 -0.838 -3.234
129.456 59.98 60.8200 0.0 -0.844 -3.232
129.506 59.98 60.8200 0.0 -0.844 -3.222
129.556 59.98 60.8300 0.0 -0.852 -3.235
129.606 59.98 60.8500 0.0 -0.866 -3.267
129.656 59.98 60.8400 0.0 -0.864 -3.243
129.706 59.98 60.8400 0.0 -0.860 -3.215
129.757 59.98 60.8300 0.0 -0.845 -3.153
129.806 59.98 60.8400 0.0 -0.864 -3.204
129.856 59.98 60.8600 0.0 -0.882 -3.251
129.906 59.98 60.8800 0.0 -0.896 -3.282
129.957 59.98 60.8600 0.0 -0.875 -3.200
130.007 59.98 60.8700 0.0 -0.892 -3.238
130.057 59.98 60.8700 0.0 -0.888 -3.210
130.107 59.98 60.8800 0.0 -0.894 -3.215
130.156 59.98 60.8800 0.0 -0.902 -3.227
130.208 59.98 60.8800 0.0 -0.902 -3.214
130.257 59.98 60.9000 0.0 -0.916 -3.244
130.307 59.98 60.8900 0.0 -0.912 -3.216
130.357 59.98 60.8900 0.0 -0.909 -3.194
130.406 59.98 60.9000 0.0 -0.913 -3.192
130.458 59.98 60.9100 0.0 -0.928 -3.225
130.508 59.98 60.9100 0.0 -0.930 -3.223
130.557 59.98 60.9200 0.0 -0.936 -3.229
130.607 59.98 60.9000 0.0 -0.921 -3.167
130.656 59.98 60.9200 0.0 -0.933 -3.194
130.707 59.98 60.9200 0.0 -0.937 -3.191
130.757 59.98 60.9300 0.0 -0.943 -3.198
130.807 59.98 60.9300 0.0 -0.941 -3.176
130.857 59.98 60.9400 0.0 -0.951 -3.202
130.907 59.98 60.9500 0.0 -0.970 -3.243
130.959 59.98 60.9500 0.0 -0.968 -3.226
131.009 59.98 60.9500 0.0 -0.970 -3.214
131.058 59.98 60.9500 0.0 -0.966 -3.191
131.108 59.99 60.9600 0.0 -0.974 -3.205
131.157 59.99 60.9500 0.0 -0.967 -3.163
131.208 59.99 60.9700 0.0 -0.982 -3.202
131.258 59.99 60.9700 0.0 -0.986 -3.203
131.308 59.99 60.9700 0.0 -0.985 -3.187
131.358 59.99 60.9900 0.0 -1.000 -3.221
131.407 59.99 60.9700 0.0 -0.987 -3.166
131.459 59.99 60.9800 0.0 -0.995 -3.179
131.509 59.99 61.0100 0.0 -1.024 -3.265
131.558 59.99 60.9800 0.0 -0.995 -3.151
131.608 59.99 60.9800 0.0 -0.997 -3.143
131.657 59.99 60.9700 0.0 -0.986 -3.096
131.708 59.99 61.0200 0.0 -1.030 -3.230
131.758 59.99 60.9800 0.0 -0.995 -3.102
131.808 59.99 61.0200 0.0 -1.034 -3.217
131.858 59.99 61.0100 0.0 -1.028 -3.183
131.908 59.99 61.0000 0.0 -1.017 -3.135
131.960 59.99 61.0200 0.0 -1.036 -3.182
132.010 59.99 61.0100 0.0 -1.025 -3.134
132.059 59.99 61.0300 0.0 -1.038 -3.162
132.109 59.99 60.9900 0.0 -1.006 -3.046
132.158 59.99 61.0200 0.0 -1.031 -3.115
132.209 59.99 61.0300 0.0 -1.037 -3.121
132.259 59.99 61.0500 0.0 -1.060 -3.183
132.309 59.99 61.0500 0.0 -1.060 -3.168
132.359 59.99 61.0300 0.0 -1.039 -3.088
132.408 59.99 61.0500 0.0 -1.062 -3.148
132.459 59.99 61.0500 0.0 -1.066 -3.148
132.509 59.99 61.0600 0.0 -1.070 -3.148
132.560 59.99 61.0500 0.0 -1.057 -3.094
132.609 59.99 61.0700 0.0 -1.082 -3.162
132.658 59.99 61.0500 0.0 -1.059 -3.075
132.709 59.99 61.0700 0.0 -1.080 -3.136
132.759 59.99 61.0600 0.0 -1.075 -3.109
132.809 59.99 61.0800 0.0 -1.090 -3.144
132.859 59.99 61.0100 0.0 -1.023 -2.909
132.909 59.99 61.0700 0.0 -1.083 -3.099
132.960 59.99 61.0900 0.0 -1.102 -3.146
133.011 59.99 61.1100 0.0 -1.120 -3.194
133.061 59.99 61.0800 0.0 -1.093 -3.094
133.110 59.99 61.0800 0.0 -1.085 -3.053
133.159 59.99 61.1000 0.0 -1.108 -3.116
133.210 59.99 61.1000 0.0 -1.112 -3.115
133.260 59.99 61.1500 0.0 -1.163 -3.270
133.310 59.99 61.1200 0.0 -1.126 -3.137
133.361 59.99 61.1200 0.0 -1.130 -3.137
133.410 59.99 61.1200 0.0 -1.128 -3.124
133.460 59.99 61.1100 0.0 -1.122 -3.085
133.510 59.99 61.1100 0.0 -1.124 -3.085
133.560 59.99 61.1200 0.0 -1.128 -3.080
133.610 59.99 61.1300 0.0 -1.140 -3.114
133.659 59.99 61.1100 0.0 -1.123 -3.041
133.710 59.99 61.1200 0.0 -1.127 -3.048
133.760 59.99 61.1300 0.0 -1.142 -3.085
133.811 59.99 61.1600 0.0 -1.167 -3.146
133.861 59.99 61.1600 0.0 -1.164 -3.132
133.909 59.99 61.1400 0.0 -1.144 -3.054
133.960 59.99 61.1600 0.0 -1.164 -3.107
134.011 59.99 61.1500 0.0 -1.160 -3.083
134.061 59.99 61.1600 0.0 -1.166 -3.091
134.111 59.99 61.1600 0.0 -1.166 -3.077
134.160 59.99 61.1600 0.0 -1.172 -3.087
134.211 59.99 61.1700 0.0 -1.178 -3.094
134.261 59.99 61.2100 0.0 -1.218 -3.211
134.311 59.99 61.1700 0.0 -1.176 -3.062
134.361 59.99 61.1700 0.0 -1.176 -3.051
134.411 59.99 61.1600 0.0 -1.172 -3.026
134.462 59.99 61.1800 0.0 -1.184 -3.060
134.511 59.99 61.2200 0.0 -1.224 -3.171
134.561 59.99 61.2000 0.0 -1.209 -3.111
134.611 59.99 61.1900 0.0 -1.201 -3.072
134.660 59.99 61.2000 0.0 -1.211 -3.099
134.711 59.99 61.1900 0.0 -1.201 -3.055
134.761 59.99 61.2000 0.0 -1.207 -3.063
134.811 59.99 61.2000 0.0 -1.209 -3.058
134.862 59.99 61.2100 0.0 -1.221 -3.086
134.910 59.99 61.2100 0.0 -1.213 -3.048
134.961 59.99 61.2100 0.0 -1.221 -3.063
135.011 59.99 61.2000 0.0 -1.210 -3.017
135.062 59.99 61.2100 0.0 -1.215 -3.020
135.112 59.99 61.2200 0.0 -1.227 -3.048
135.161 59.99 61.1700 0.0 -1.181 -2.889
135.212 59.99 61.2200 0.0 -1.227 -3.026
135.262 59.99 61.2100 0.0 -1.214 -2.974
135.313 59.99 61.2100 0.0 -1.220 -2.983
135.362 59.99 61.2500 0.0 -1.256 -3.087
135.411 59.99 61.2300 0.0 -1.235 -3.007
135.462 59.99 61.2200 0.0 -1.231 -2.983
135.512 59.99 61.2400 0.0 -1.247 -3.026
135.562 59.99 61.2600 0.0 -1.266 -3.075
135.612 59.99 61.2600 0.0 -1.266 -3.063
135.662 59.99 61.2500 0.0 -1.253 -3.011
135.713 59.99 61.2500 0.0 -1.259 -3.020
135.762 59.99 61.2300 0.0 -1.241 -2.948
135.812 59.99 61.2500 0.0 -1.257 -2.992
135.862 59.99 61.2700 0.0 -1.272 -3.029
135.911 59.99 61.2800 0.0 -1.288 -3.071
135.962 59.99 61.2500 0.0 -1.257 -2.958
136.012 59.99 61.2600 0.0 -1.263 -2.968
136.064 59.99 61.2700 0.0 -1.273 -2.990
136.114 59.99 61.2800 0.0 -1.282 -3.006
136.162 59.99 61.2900 0.0 -1.292 -3.029
136.214 59.99 61.2700 0.0 -1.275 -2.964
136.264 59.99 61.2900 0.0 -1.294 -3.014
136.313 59.99 61.2600 0.0 -1.263 -2.902
136.363 59.99 61.2900 0.0 -1.298 -3.007
136.412 59.99 61.2700 0.0 -1.273 -2.914
136.463 59.99 61.3100 0.0 -1.312 -3.032
136.513 59.99 61.3100 0.0 -1.318 -3.041
136.563 60.00 61.2800 0.0 -1.289 -2.936
136.614 60.00 61.2800 0.0 -1.289 -2.925
136.662 60.00 61.2800 0.0 -1.281 -2.888
136.713 60.00 61.2900 0.0 -1.293 -2.918
136.763 60.00 61.3100 0.0 -1.316 -2.989
136.813 60.00 61.3100 0.0 -1.310 -2.958
136.863 60.00 61.2900 0.0 -1.298 -2.908
136.912 60.00 61.3200 0.0 -1.322 -2.972
136.964 60.00 61.3000 0.0 -1.308 -2.920
137.013 60.00 61.2900 0.0 -1.295 -2.870
137.065 60.00 61.2900 0.0 -1.291 -2.846
137.115 60.00 61.3000 0.0 -1.301 -2.864
137.163 60.00 61.3200 0.0 -1.322 -2.927
137.214 60.00 61.3200 0.0 -1.328 -2.937
137.264 60.00 61.3100 0.0 -1.312 -2.873
137.314 60.00 61.3200 0.0 -1.326 -2.912
137.364 60.00 61.3000 0.0 -1.301 -2.819
137.413 60.00 61.3200 0.0 -1.320 -2.871
137.465 60.00 61.3200 0.0 -1.326 -2.882
137.514 60.00 61.2500 0.0 -1.256 -2.642
137.564 60.00 61.3300 0.0 -1.338 -2.903
137.614 60.00 61.3200 0.0 -1.326 -2.854
137.663 60.00 61.3200 0.0 -1.320 -2.823
137.714 60.00 61.3200 0.0 -1.326 -2.834
137.764 60.00 61.3500 0.0 -1.359 -2.931
137.814 60.00 61.3500 0.0 -1.350 -2.894
137.865 60.00 61.3400 0.0 -1.346 -2.872
137.913 60.00 61.3400 0.0 -1.348 -2.868
137.964 60.00 61.3400 0.0 -1.348 -2.859
138.014 60.00 61.3600 0.0 -1.361 -2.891
138.064 60.00 61.3400 0.0 -1.344 -2.826
138.115 60.00 61.3400 0.0 -1.348 -2.830
138.165 60.00 61.3500 0.0 -1.354 -2.842
138.215 60.00 61.3600 0.0 -1.367 -2.872
138.265 60.00 61.3600 0.0 -1.360 -2.849
138.315 60.00 61.3400 0.0 -1.342 -2.773
138.365 60.00 61.3400 0.0 -1.346 -2.783
138.415 60.00 61.3400 0.0 -1.342 -2.755
138.466 60.00 61.3500 0.0 -1.356 -2.799
138.515 60.00 61.3600 0.0 -1.367 -2.818
138.565 60.00 61.3800 0.0 -1.381 -2.862
138.615 60.00 61.3700 0.0 -1.369 -2.807
138.665 60.00 61.3600 0.0 -1.362 -2.782
138.715 60.00 61.3800 0.0 -1.385 -2.842
138.765 60.00 61.3700 0.0 -1.375 -2.805
138.816 60.00 61.3800 0.0 -1.385 -2.824
138.865 60.00 61.3800 0.0 -1.383 -2.814
138.915 60.00 61.4500 0.0 -1.457 -3.041
138.965 60.00 61.3700 0.0 -1.377 -2.774
139.015 60.00 61.3900 0.0 -1.389 -2.800
139.065 60.00 61.3800 0.0 -1.387 -2.790
139.115 60.00 61.4000 0.0 -1.401 -2.823
139.166 60.00 61.3800 0.0 -1.381 -2.752
139.216 60.00 61.3700 0.0 -1.370 -2.704
139.267 60.00 61.3800 0.0 -1.381 -2.735
139.316 60.00 61.3900 0.0 -1.393 -2.761
139.365 60.00 61.3900 0.0 -1.395 -2.765
139.416 60.00 61.3900 0.0 -1.393 -2.751
139.466 60.00 61.3800 0.0 -1.380 -2.695
139.516 60.00 61.3900 0.0 -1.395 -2.739
139.566 60.00 61.3800 0.0 -1.385 -2.692
139.616 60.00 61.3900 0.0 -1.389 -2.702
139.667 60.00 61.3900 0.0 -1.395 -2.709
139.716 60.00 61.4000 0.0 -1.399 -2.720
139.766 60.00 61.4000 0.0 -1.407 -2.732
139.816 60.00 61.4200 0.0 -1.426 -2.790
139.865 60.00 61.3900 0.0 -1.395 -2.675
139.916 60.00 61.4100 0.0 -1.413 -2.733
139.966 60.00 61.4000 0.0 -1.401 -2.679
140.016 60.00 61.4000 0.0 -1.407 -2.696
140.067 60.00 61.4100 0.0 -1.415 -2.717
140.115 60.00 61.3800 0.0 -1.382 -2.600
140.167 60.00 61.4200 0.0 -1.424 -2.728
140.218 60.00 61.4000 0.0 -1.407 -2.665
140.268 60.00 61.4000 0.0 -1.401 -2.636
140.317 60.00 61.4200 0.0 -1.421 -2.697
140.366 60.00 61.4300 0.0 -1.436 -2.736
140.417 60.00 61.4200 0.0 -1.417 -2.666
140.467 60.00 61.4300 0.0 -1.432 -2.707
140.517 60.00 61.4200 0.0 -1.421 -2.665
140.567 60.00 61.4100 0.0 -1.409 -2.615
140.616 60.00 61.4200 0.0 -1.419 -2.642
140.668 60.00 61.4200 0.0 -1.419 -2.635
140.718 60.00 61.4100 0.0 -1.411 -2.599
140.767 60.00 61.4300 0.0 -1.432 -2.661
140.817 60.00 61.4400 0.0 -1.442 -2.686
140.866 60.00 61.4300 0.0 -1.432 -2.644
140.917 60.00 61.4500 0.0 -1.452 -2.704
140.967 60.00 61.4300 0.0 -1.436 -2.642
141.017 60.00 61.4200 0.0 -1.423 -2.595
141.068 60.00 61.4400 0.0 -1.440 -2.640
141.117 60.00 61.4400 0.0 -1.440 -2.634
141.168 60.00 61.4500 0.0 -1.450 -2.659
141.218 60.00 61.4500 0.0 -1.456 -2.671
141.268 60.00 61.4400 0.0 -1.440 -2.611
141.318 60.00 61.4300 0.0 -1.432 -2.577
141.367 60.00 61.4400 0.0 -1.446 -2.615
141.419 60.00 61.4300 0.0 -1.432 -2.562
141.469 60.00 61.4400 0.0 -1.444 -2.595
141.518 60.00 61.4300 0.0 -1.429 -2.540
141.568 60.00 61.4400 0.0 -1.444 -2.581
141.617 60.00 61.4400 0.0 -1.440 -2.560
141.668 60.00 61.4500 0.0 -1.456 -2.606
141.718 60.00 61.4400 0.0 -1.444 -2.559
141.768 60.00 61.4400 0.0 -1.442 -2.546
141.819 60.00 61.4400 0.0 -1.446 -2.557
141.868 60.00 61.4500 0.0 -1.452 -2.565
141.918 60.00 61.4700 0.0 -1.470 -2.618
141.968 60.00 61.4600 0.0 -1.462 -2.584
142.018 60.00 61.4500 0.0 -1.448 -2.536
142.068 60.00 61.4700 0.0 -1.475 -2.611
142.117 60.00 61.4800 0.0 -1.481 -2.624
142.168 60.00 61.4600 0.0 -1.462 -2.556
142.219 60.00 61.4600 0.0 -1.466 -2.568
142.269 60.00 61.4500 0.0 -1.452 -2.509
142.319 60.00 61.4700 0.0 -1.470 -2.562
142.368 60.00 61.4600 0.0 -1.466 -2.542
142.419 60.00 61.4900 0.0 -1.487 -2.609
142.470 60.00 61.4800 0.0 -1.481 -2.576
142.519 60.00 61.4600 0.0 -1.464 -2.515
142.569 60.00 61.4500 0.0 -1.456 -2.482
142.618 60.00 61.4600 0.0 -1.458 -2.487
142.669 60.00 61.4700 0.0 -1.468 -2.509
142.719 60.00 61.4600 0.0 -1.464 -2.489
142.769 60.00 61.4900 0.0 -1.487 -2.557
142.819 60.00 61.4700 0.0 -1.474 -2.515
142.869 60.00 61.4700 0.0 -1.468 -2.483
142.920 60.00 61.4800 0.0 -1.481 -2.516
142.970 60.00 61.4400 0.0 -1.439 -2.376
143.019 60.00 61.4700 0.0 -1.470 -2.476
143.069 60.00 61.4600 0.0 -1.464 -2.444
143.118 60.00 61.4600 0.0 -1.464 -2.438
143.169 60.00 61.4800 0.0 -1.476 -2.472
143.219 60.00 61.4800 0.0 -1.480 -2.485
143.271 60.00 61.4800 0.0 -1.476 -2.466
143.321 60.00 61.4800 0.0 -1.484 -2.487
143.369 60.00 61.4900 0.0 -1.491 -2.501
143.420 60.00 61.5000 0.0 -1.497 -2.515
143.470 60.00 61.4600 0.0 -1.458 -2.380
143.520 60.00 61.4700 0.0 -1.472 -2.422
143.570 60.00 61.4600 0.0 -1.466 -2.396
143.619 60.00 61.5000 0.0 -1.503 -2.511
143.671 60.00 61.4900 0.0 -1.489 -2.458
143.721 60.00 61.4800 0.0 -1.483 -2.432
143.770 60.00 61.4800 0.0 -1.476 -2.405
143.820 60.00 61.4700 0.0 -1.470 -2.379
143.869 60.00 61.4700 0.0 -1.474 -2.387
143.920 60.00 61.4900 0.0 -1.487 -2.422
143.970 60.00 61.5000 0.0 -1.503 -2.470
144.020 60.00 61.5000 0.0 -1.497 -2.444
144.070 60.00 61.5000 0.0 -1.499 -2.444
144.120 60.00 61.4800 0.0 -1.483 -2.385
144.170 60.00 61.4800 0.0 -1.483 -2.379
144.221 60.00 61.4800 0.0 -1.484 -2.380
144.272 60.00 61.5000 0.0 -1.501 -2.428
144.321 60.00 61.5000 0.0 -1.501 -2.422
144.370 60.00 61.4700 0.0 -1.474 -2.329
144.421 60.00 61.5000 0.0 -1.503 -2.418
144.471 60.00 61.5000 0.0 -1.501 -2.406
144.521 60.00 61.4700 0.0 -1.470 -2.299
144.571 60.00 61.5000 0.0 -1.499 -2.388
144.620 60.00 61.4800 0.0 -1.483 -2.329
144.672 60.00 61.5000 0.0 -1.505 -2.397
144.722 60.00 61.5000 0.0 -1.505 -2.392
144.771 60.00 61.4800 0.0 -1.480 -2.306
144.821 60.00 61.4800 0.0 -1.484 -2.314
144.870 60.00 61.5000 0.0 -1.499 -2.356
144.921 60.00 61.4800 0.0 -1.483 -2.297
144.971 60.00 61.4700 0.0 -1.472 -2.258
145.021 60.00 61.4800 0.0 -1.484 -2.293
145.072 60.00 61.4900 0.0 -1.489 -2.302
145.120 60.00 61.4700 0.0 -1.468 -2.230
145.171 60.00 61.4900 0.0 -1.493 -2.306
145.221 60.00 61.4900 0.0 -1.489 -2.287
145.271 60.00 61.4900 0.0 -1.489 -2.282
145.322 60.00 61.4800 0.0 -1.483 -2.257
145.371 60.00 61.5000 0.0 -1.505 -2.326
145.422 60.00 61.4800 0.0 -1.484 -2.253
145.473 60.00 61.4900 0.0 -1.493 -2.276
145.523 60.00 61.4900 0.0 -1.489 -2.257
145.572 60.00 61.5100 0.0 -1.516 -2.340
145.621 60.00 61.4900 0.0 -1.493 -2.261
145.672 60.00 61.5000 0.0 -1.497 -2.270
145.722 60.00 61.5000 0.0 -1.505 -2.291
145.772 60.00 61.5000 0.0 -1.505 -2.286
145.823 60.00 61.5000 0.0 -1.499 -2.261
145.871 60.00 61.5000 0.0 -1.501 -2.263
145.922 60.00 61.4800 0.0 -1.478 -2.185
145.972 60.00 61.4900 0.0 -1.493 -2.228
146.022 60.00 61.4800 0.0 -1.484 -2.196
146.072 60.00 61.5000 0.0 -1.499 -2.238
146.121 60.00 61.5000 0.0 -1.501 -2.240
146.172 60.00 61.5100 0.0 -1.507 -2.256
146.223 60.00 61.5000 0.0 -1.499 -2.224
146.273 60.00 61.5000 0.0 -1.505 -2.240
146.323 60.00 61.5000 0.0 -1.501 -2.222
146.373 60.00 61.4900 0.0 -1.495 -2.197
146.423 60.00 61.4700 0.0 -1.474 -2.126
146.474 60.00 61.4900 0.0 -1.493 -2.183
146.523 60.00 61.5100 0.0 -1.507 -2.225
146.573 60.00 61.4900 0.0 -1.491 -2.167
146.623 60.00 61.5000 0.0 -1.501 -2.196
146.673 60.00 61.4800 0.0 -1.480 -2.125
146.723 60.00 61.5000 0.0 -1.505 -2.201
146.773 60.00 61.4900 0.0 -1.489 -2.143
146.823 60.00 61.4900 0.0 -1.487 -2.133
146.873 60.00 61.5000 0.0 -1.503 -2.182
146.924 60.00 61.4900 0.0 -1.489 -2.131
146.973 60.00 61.4800 0.0 -1.483 -2.107
147.023 60.00 61.5000 0.0 -1.505 -2.176
147.073 60.00 61.5100 0.0 -1.507 -2.179
147.123 60.00 61.5000 0.0 -1.499 -2.148
147.173 60.00 61.5000 0.0 -1.499 -2.144
147.224 60.00 61.3900 0.0 -1.389 -1.783
147.274 60.00 61.4800 0.0 -1.483 -2.084
147.323 60.00 61.4900 0.0 -1.491 -2.107
147.374 60.00 61.4900 0.0 -1.491 -2.103
147.424 60.00 61.5000 0.0 -1.503 -2.140
147.474 60.00 61.4900 0.0 -1.495 -2.109
147.524 60.00 61.4900 0.0 -1.487 -2.078
147.573 60.00 61.5300 0.0 -1.530 -2.215
147.624 60.00 61.4600 0.0 -1.458 -1.976
147.675 60.00 61.4900 0.0 -1.489 -2.074
147.725 60.00 61.5100 0.0 -1.509 -2.137
147.774 60.00 61.4700 0.0 -1.474 -2.019
147.823 60.00 61.4900 0.0 -1.489 -2.063
147.874 60.00 61.4900 0.0 -1.495 -2.079
147.924 60.00 61.5100 0.0 -1.511 -2.129
147.974 60.00 61.5000 0.0 -1.497 -2.078
148.024 60.00 61.4900 0.0 -1.495 -2.068
148.074 60.00 61.4900 0.0 -1.493 -2.058
148.125 60.00 61.4900 0.0 -1.493 -2.054
148.175 60.00 61.4800 0.0 -1.483 -2.017
148.225 60.00 61.4600 0.0 -1.466 -1.960
148.275 60.00 61.5000 0.0 -1.501 -2.071
148.324 60.00 61.5000 0.0 -1.497 -2.054
148.375 60.00 61.4800 0.0 -1.480 -1.997
148.425 60.00 61.4900 0.0 -1.495 -2.041
148.475 60.00 61.4900 0.0 -1.491 -2.024
148.525 60.00 61.4400 0.0 -1.441 -1.859
148.574 60.00 61.4900 0.0 -1.487 -2.005
148.625 60.00 61.5000 0.0 -1.497 -2.035
148.675 60.00 61.5000 0.0 -1.497 -2.032
148.726 60.00 61.4000 0.0 -1.406 -1.732
148.775 60.00 61.4800 0.0 -1.478 -1.965
148.824 60.00 61.4800 0.0 -1.478 -1.962
148.875 60.00 61.5000 0.0 -1.499 -2.026
148.925 60.00 61.4800 0.0 -1.478 -1.956
148.975 60.00 61.5200 0.0 -1.526 -2.108
149.025 60.00 61.4800 0.0 -1.478 -1.949
149.075 60.00 61.5000 0.0 -1.499 -2.014
149.126 60.00 61.4700 0.0 -1.470 -1.916
149.175 60.00 61.4900 0.0 -1.491 -1.981
149.225 60.00 61.4800 0.0 -1.476 -1.931
149.275 60.00 61.5000 0.0 -1.499 -2.002
149.324 60.00 61.4900 0.0 -1.487 -1.959
149.376 60.00 61.5200 0.0 -1.522 -2.070
149.426 60.00 61.4700 0.0 -1.474 -1.912
149.476 60.00 61.4600 0.0 -1.460 -1.862
149.527 60.00 61.4800 0.0 -1.484 -1.940
149.575 60.00 61.4800 0.0 -1.484 -1.937
149.626 60.00 61.4700 0.0 -1.474 -1.901
149.676 60.00 61.4700 0.0 -1.470 -1.884
149.726 60.00 61.4900 0.0 -1.493 -1.956
149.776 60.00 61.4700 0.0 -1.468 -1.872
149.825 60.00 61.4900 0.0 -1.487 -1.931
149.877 60.00 61.4800 0.0 -1.480 -1.907
149.927 60.00 61.4800 0.0 -1.483 -1.912
149.977 60.00 61.4800 0.0 -1.480 -1.902
150.026 60.00 61.4700 0.0 -1.468 -1.859
150.075 60.00 61.4500 0.0 -1.456 -1.817
150.126 60.00 61.4700 0.0 -1.472 -1.868
150.176 60.00 61.4800 0.0 -1.484 -1.905
150.226 60.00 61.4700 0.0 -1.470 -1.856
150.276 60.00 61.4700 0.0 -1.474 -1.867
150.325 60.00 61.4700 0.0 -1.474 -1.865
150.376 60.00 61.4800 0.0 -1.483 -1.889
150.427 60.00 61.4900 0.0 -1.495 -1.927
150.477 60.00 61.4900 0.0 -1.487 -1.898
150.527 60.00 61.5000 0.0 -1.497 -1.929
150.577 60.00 61.4700 0.0 -1.470 -1.838
150.627 60.00 61.4800 0.0 -1.483 -1.876
150.677 60.00 61.4700 0.0 -1.474 -1.847
150.727 60.00 61.4600 0.0 -1.466 -1.818
150.777 60.00 61.4600 0.0 -1.460 -1.795
150.826 60.00 61.4800 0.0 -1.478 -1.854
150.877 60.00 61.4700 0.0 -1.472 -1.831
150.927 60.00 61.4600 0.0 -1.462 -1.795
150.978 60.00 61.4900 0.0 -1.489 -1.881
151.027 60.00 61.4600 0.0 -1.458 -1.777
151.076 60.00 61.4600 0.0 -1.466 -1.802
151.127 60.00 61.4700 0.0 -1.472 -1.820
151.177 60.00 61.4600 0.0 -1.460 -1.778
151.227 60.00 61.4500 0.0 -1.447 -1.735
151.277 60.00 61.4700 0.0 -1.470 -1.807
151.326 60.00 61.4400 0.0 -1.445 -1.725
151.378 60.00 61.4600 0.0 -1.458 -1.763
151.428 60.00 61.4400 0.0 -1.439 -1.701
151.478 60.00 61.4600 0.0 -1.466 -1.787
151.528 60.00 61.5300 0.0 -1.530 -1.993
151.577 60.00 61.4400 0.0 -1.437 -1.688
151.628 60.00 61.4600 0.0 -1.460 -1.760
151.678 60.00 61.4800 0.0 -1.476 -1.812
151.728 60.00 61.4700 0.0 -1.474 -1.803
151.779 60.00 61.4600 0.0 -1.462 -1.761
151.828 60.00 61.4600 0.0 -1.460 -1.752
151.878 60.00 61.4600 0.0 -1.458 -1.744
151.928 60.00 61.4600 0.0 -1.464 -1.762
151.978 60.00 61.4600 0.0 -1.458 -1.740
152.028 60.00 61.4700 0.0 -1.472 -1.785
152.077 60.00 61.4500 0.0 -1.447 -1.702
152.128 60.00 61.4400 0.0 -1.437 -1.667
152.178 60.00 61.4400 0.0 -1.441 -1.680
152.229 60.00 61.4500 0.0 -1.447 -1.698
152.278 60.00 61.4300 0.0 -1.433 -1.650
152.327 60.00 61.4600 0.0 -1.466 -1.756
152.378 60.00 61.4500 0.0 -1.447 -1.693
152.429 60.00 61.4400 0.0 -1.445 -1.685
152.479 60.00 61.4300 0.0 -1.435 -1.650
152.529 60.00 61.4500 0.0 -1.453 -1.709
152.578 60.00 61.4400 0.0 -1.437 -1.654
152.629 60.00 61.4500 0.0 -1.456 -1.713
152.679 60.00 61.4300 0.0 -1.433 -1.638
152.729 60.00 61.4500 0.0 -1.451 -1.697
152.780 60.00 61.4400 0.0 -1.445 -1.675
152.829 60.00 61.3900 0.0 -1.387 -1.485
152.880 60.00 61.4500 0.0 -1.451 -1.693
152.929 60.00 61.4300 0.0 -1.429 -1.618
152.979 60.00 61.4300 0.0 -1.431 -1.624
153.029 60.00 61.4500 0.0 -1.449 -1.682
153.078 60.00 61.4200 0.0 -1.425 -1.600
153.129 60.00 61.4400 0.0 -1.441 -1.653
153.179 60.00 61.4500 0.0 -1.451 -1.685
153.230 60.00 61.4100 0.0 -1.410 -1.549
153.280 60.00 61.4200 0.0 -1.422 -1.589
153.328 60.00 61.4200 0.0 -1.422 -1.588
153.379 60.00 61.4200 0.0 -1.425 -1.594
153.429 60.00 61.4200 0.0 -1.422 -1.586
153.479 60.00 61.4300 0.0 -1.429 -1.605
153.530 60.00 61.4300 0.0 -1.433 -1.617
153.579 60.00 61.4400 0.0 -1.445 -1.656
153.631 60.00 61.4200 0.0 -1.422 -1.581
153.681 60.00 61.4100 0.0 -1.412 -1.546
153.730 60.00 61.4400 0.0 -1.439 -1.633
153.780 60.00 61.4300 0.0 -1.431 -1.606
153.829 60.00 61.4200 0.0 -1.425 -1.584
153.880 60.00 61.4000 0.0 -1.400 -1.502
153.930 60.00 61.4100 0.0 -1.412 -1.541
153.980 60.00 61.4200 0.0 -1.416 -1.554
154.030 60.00 61.3900 0.0 -1.391 -1.473
154.080 60.00 61.3900 0.0 -1.391 -1.472
154.131 60.00 61.4000 0.0 -1.404 -1.512
154.180 60.00 61.4000 0.0 -1.400 -1.498
154.231 60.00 61.4300 0.0 -1.433 -1.605
154.281 60.00 61.4300 0.0 -1.427 -1.584
154.330 60.00 61.4000 0.0 -1.398 -1.489
154.380 60.00 61.4100 0.0 -1.412 -1.535
154.430 60.00 61.4000 0.0 -1.406 -1.514
154.480 60.00 61.4100 0.0 -1.410 -1.527
154.531 60.00 61.4200 0.0 -1.418 -1.553
154.581 60.00 61.3900 0.0 -1.394 -1.472
154.631 60.00 61.4100 0.0 -1.408 -1.518
154.681 60.00 61.4100 0.0 -1.412 -1.531
154.732 60.00 61.4000 0.0 -1.404 -1.503
154.781 60.00 61.4100 0.0 -1.412 -1.529
154.831 60.00 61.3900 0.0 -1.394 -1.468
154.881 60.00 61.4100 0.0 -1.408 -1.515
154.931 60.00 61.3800 0.0 -1.379 -1.420
154.981 60.00 61.3800 0.0 -1.377 -1.413
155.031 60.00 61.3900 0.0 -1.387 -1.447
155.081 60.00 61.4000 0.0 -1.400 -1.486
155.132 60.00 61.4000 0.0 -1.404 -1.500
155.182 60.00 61.3700 0.0 -1.367 -1.378
155.231 60.00 61.3900 0.0 -1.391 -1.458
155.281 60.00 61.3900 0.0 -1.389 -1.451
155.331 60.00 61.3900 0.0 -1.396 -1.471
155.381 60.00 61.3800 0.0 -1.377 -1.410
155.431 60.00 61.3800 0.0 -1.385 -1.436
155.481 60.00 61.3900 0.0 -1.391 -1.456
155.532 60.00 61.3800 0.0 -1.385 -1.435
155.582 60.00 61.4000 0.0 -1.404 -1.496
155.632 60.00 61.3800 0.0 -1.379 -1.415
155.682 60.00 61.3700 0.0 -1.371 -1.388
155.732 60.00 61.3700 0.0 -1.375 -1.401
155.781 60.00 61.3600 0.0 -1.363 -1.361
155.832 60.00 61.3600 0.0 -1.365 -1.367
155.883 60.00 61.3500 0.0 -1.356 -1.340
155.933 60.00 61.3600 0.0 -1.360 -1.354
155.982 60.00 61.3700 0.0 -1.369 -1.381
156.031 60.00 61.3600 0.0 -1.358 -1.347
156.082 60.00 61.3700 0.0 -1.371 -1.388
156.132 60.00 61.3700 0.0 -1.367 -1.374
156.182 60.00 61.3800 0.0 -1.383 -1.428
156.232 60.00 61.3500 0.0 -1.354 -1.333
156.281 60.00 61.3600 0.0 -1.365 -1.367
156.332 60.00 61.3500 0.0 -1.352 -1.326
156.382 60.00 61.3700 0.0 -1.375 -1.401
156.432 60.00 61.3600 0.0 -1.360 -1.353
156.483 60.00 61.3500 0.0 -1.352 -1.326
156.531 60.00 61.3700 0.0 -1.371 -1.387
156.583 60.00 61.3200 0.0 -1.321 -1.226
156.633 60.00 61.3400 0.0 -1.340 -1.287
156.683 60.00 61.3500 0.0 -1.354 -1.334
156.733 60.00 61.3500 0.0 -1.350 -1.321
156.782 60.00 61.3500 0.0 -1.354 -1.335
156.834 60.00 61.3400 0.0 -1.340 -1.288
156.883 60.00 61.3500 0.0 -1.356 -1.342
156.933 60.00 61.3400 0.0 -1.342 -1.294
156.983 60.00 61.3300 0.0 -1.336 -1.275
157.032 60.00 61.3300 0.0 -1.333 -1.268
157.083 60.00 61.3400 0.0 -1.338 -1.282
157.133 60.00 61.3400 0.0 -1.340 -1.289
157.183 60.00 61.3400 0.0 -1.346 -1.310
157.234 60.00 61.3200 0.0 -1.323 -1.236
157.283 60.00 61.3400 0.0 -1.340 -1.291
157.333 60.00 61.3300 0.0 -1.333 -1.270
157.383 60.00 61.3500 0.0 -1.356 -1.345
157.433 60.00 61.3500 0.0 -1.348 -1.318
157.483 60.00 61.3200 0.0 -1.323 -1.238
157.532 60.00 61.3100 0.0 -1.311 -1.198
157.584 60.00 61.3300 0.0 -1.327 -1.253
157.634 60.00 61.3300 0.0 -1.327 -1.253
157.685 60.00 61.3100 0.0 -1.315 -1.213
157.734 60.00 61.3100 0.0 -1.313 -1.207
157.783 60.00 61.2900 0.0 -1.296 -1.154
157.834 60.00 61.3000 0.0 -1.300 -1.168
157.884 60.00 61.3100 0.0 -1.309 -1.196
157.934 60.00 61.3100 0.0 -1.311 -1.203
157.984 60.00 61.3000 0.0 -1.302 -1.177
158.033 60.00 61.2900 0.0 -1.294 -1.151
158.085 60.00 61.2900 0.0 -1.290 -1.138
158.135 60.00 61.3100 0.0 -1.315 -1.220
158.184 60.00 61.3000 0.0 -1.300 -1.174
158.235 60.00 61.2900 0.0 -1.296 -1.161
158.284 60.00 61.3000 0.0 -1.302 -1.182
158.335 60.00 61.3000 0.0 -1.298 -1.169
158.384 60.00 61.3100 0.0 -1.313 -1.217
158.434 60.00 61.2900 0.0 -1.294 -1.157
158.484 60.00 61.2800 0.0 -1.284 -1.124
158.533 60.00 61.3000 0.0 -1.304 -1.193
158.584 60.00 61.2800 0.0 -1.284 -1.126
158.635 60.00 61.2800 0.0 -1.280 -1.113
158.686 60.00 61.2700 0.0 -1.275 -1.101
158.735 60.00 61.2900 0.0 -1.292 -1.156
158.784 60.00 61.2800 0.0 -1.286 -1.136
158.835 60.00 61.2600 0.0 -1.259 -1.050
158.885 60.00 61.2500 0.0 -1.255 -1.038
158.935 60.00 61.3000 0.0 -1.298 -1.180
158.985 60.00 61.2800 0.0 -1.277 -1.114
159.034 60.00 61.2700 0.0 -1.275 -1.108
159.086 60.00 61.2500 0.0 -1.246 -1.015
159.136 60.00 61.2700 0.0 -1.275 -1.111
159.185 60.00 61.2900 0.0 -1.288 -1.152
159.235 60.00 61.3000 0.0 -1.304 -1.207
159.284 60.00 61.2600 0.0 -1.265 -1.079
159.335 60.00 61.2500 0.0 -1.251 -1.034
159.385 60.00 61.2600 0.0 -1.265 -1.082
159.435 60.00 61.2700 0.0 -1.271 -1.103
159.486 60.00 61.2600 0.0 -1.265 -1.084
159.534 60.00 61.2400 0.0 -1.244 -1.018
159.585 60.00 61.2500 0.0 -1.255 -1.053
159.636 60.00 61.2300 0.1 -1.236 -0.993
159.686 60.00 61.2600 0.0 -1.261 -1.076
159.736 60.00 61.2700 0.0 -1.271 -1.111
159.785 60.00 61.2300 0.2 -1.228 -0.971
159.836 60.00 61.2700 0.0 -1.267 -1.100
159.887 60.00 61.2400 0.0 -1.244 -1.027
159.936 60.00 61.2400 0.0 -1.242 -1.022
159.986 60.00 61.2500 0.0 -1.253 -1.057
160.035 60.00 61.2200 0.4 -1.220 -0.950
160.086 60.00 61.2300 0.1 -1.232 -0.992
160.136 60.00 61.2700 0.0 -1.269 -1.115
160.186 60.00 61.2400 0.0 -1.244 -1.035
160.236 60.00 61.2600 0.0 -1.259 -1.084
160.285 60.00 61.2300 0.0 -1.234 -1.004
160.336 60.00 61.2400 0.0 -1.238 -1.019
160.386 60.00 61.2200 0.2 -1.224 -0.973
160.436 60.00 61.2100 0.4 -1.215 -0.948
160.486 60.00 61.2300 0.0 -1.230 -0.996
160.535 60.00 61.1900 1.1 -1.190 -0.870
160.587 60.00 61.2100 0.4 -1.215 -0.953
160.637 60.00 61.2100 0.5 -1.211 -0.941
160.687 60.00 61.1900 1.1 -1.188 -0.868
160.737 60.00 61.2100 0.3 -1.215 -0.958
160.786 60.00 61.2300 0.0 -1.228 -1.000
160.837 60.00 61.2100 0.3 -1.215 -0.961
160.887 60.00 61.2000 0.6 -1.205 -0.929
160.937 60.00 61.2100 0.3 -1.215 -0.964
160.987 60.00 61.2100 0.5 -1.207 -0.939
161.036 60.00 61.2100 0.5 -1.207 -0.941
161.088 60.00 61.2000 0.6 -1.201 -0.922
161.138 60.00 61.1800 1.1 -1.180 -0.856
161.188 60.00 61.2000 0.6 -1.201 -0.926
161.237 60.00 61.1700 1.3 -1.174 -0.840
161.286 60.00 61.1800 1.0 -1.182 -0.869
161.337 60.00 61.1900 0.9 -1.188 -0.891
161.387 60.00 61.1700 1.2 -1.174 -0.846
161.437 60.00 61.1700 1.3 -1.172 -0.841
161.487 60.00 61.1600 1.5 -1.161 -0.809
161.536 60.00 61.1700 1.2 -1.172 -0.845
161.587 60.00 61.1600 1.5 -1.159 -0.807
161.637 60.00 61.1200 2.4 -1.126 -0.701
161.689 60.00 61.1600 1.5 -1.159 -0.812
161.739 60.00 61.1700 1.1 -1.172 -0.854
161.787 60.00 61.1400 1.9 -1.143 -0.762
161.838 60.00 61.1600 1.3 -1.166 -0.839
161.888 60.00 61.1600 1.2 -1.166 -0.841
161.938 60.00 61.1800 0.9 -1.178 -0.883
161.988 60.00 61.1400 1.9 -1.138 -0.757
162.037 60.00 61.1600 1.3 -1.161 -0.833
162.088 60.00 61.1700 1.0 -1.172 -0.869
162.138 60.00 61.1600 1.3 -1.159 -0.831
162.189 60.00 61.1200 2.2 -1.126 -0.725
162.239 60.00 61.1600 1.3 -1.159 -0.835
162.287 60.00 61.1500 1.5 -1.151 -0.810
162.338 60.00 61.1500 1.6 -1.147 -0.799
162.388 60.00 61.0200 5.0 -1.018 -0.383
162.439 60.00 61.1400 1.6 -1.143 -0.792
162.489 60.00 61.1500 1.5 -1.147 -0.807
162.538 60.00 61.1300 2.0 -1.128 -0.749
162.588 60.00 61.1000 2.7 -1.101 -0.663
162.638 60.00 61.1000 2.7 -1.099 -0.659
162.688 60.00 61.1400 1.6 -1.138 -0.790
162.739 60.00 61.1200 2.1 -1.120 -0.732
162.788 60.00 61.1400 1.6 -1.138 -0.795
162.839 60.00 61.1100 2.4 -1.107 -0.696
162.889 60.00 61.1000 2.6 -1.097 -0.665
162.939 60.00 61.1200 1.9 -1.124 -0.755
162.989 60.00 61.1100 2.1 -1.116 -0.730
163.039 60.00 61.0800 3.0 -1.081 -0.618
163.090 60.00 61.0900 2.8 -1.089 -0.648
163.140 60.00 61.1200 1.9 -1.120 -0.752
163.189 60.00 61.0900 2.7 -1.091 -0.660
163.239 60.00 61.1200 1.8 -1.122 -0.764
163.288 60.00 61.1000 2.4 -1.101 -0.698
163.339 60.00 61.0700 3.1 -1.072 -0.606
163.389 60.00 61.0900 2.5 -1.095 -0.684
163.439 60.00 61.1000 2.2 -1.105 -0.720
163.489 60.00 61.0800 2.7 -1.085 -0.655
163.539 60.00 61.0700 3.1 -1.068 -0.604
163.590 60.00 61.0900 2.5 -1.091 -0.681
163.639 60.00 61.0700 3.1 -1.068 -0.609
163.689 60.00 61.0700 3.0 -1.072 -0.625
163.740 60.00 61.0700 2.9 -1.074 -0.635
163.790 60.00 61.0500 3.4 -1.054 -0.570
163.840 60.00 61.0800 2.6 -1.083 -0.668
163.890 60.00 61.0800 2.8 -1.076 -0.651
163.940 60.00 61.0600 3.2 -1.060 -0.599
163.990 60.00 61.0700 2.8 -1.072 -0.642
164.040 60.00 61.0500 3.5 -1.047 -0.564
164.091 60.00 61.0800 2.5 -1.081 -0.675
164.141 60.00 61.0500 3.2 -1.055 -0.596
164.191 60.00 61.0600 3.0 -1.060 -0.613
164.240 60.00 61.0500 3.3 -1.049 -0.582
164.290 60.00 61.0400 3.5 -1.041 -0.558
164.340 60.00 61.0600 3.0 -1.060 -0.622
164.391 60.00 61.0600 2.9 -1.062 -0.631
164.441 60.00 61.0200 3.9 -1.024 -0.512
164.490 60.00 61.0100 4.1 -1.016 -0.488
164.540 60.00 60.9900 4.8 -0.989 -0.404
164.590 60.00 61.0500 3.2 -1.047 -0.596
164.640 60.00 61.0300 3.6 -1.031 -0.545
164.690 60.00 61.0400 3.4 -1.037 -0.569
164.740 60.00 61.0300 3.6 -1.026 -0.538
164.791 60.00 61.0200 3.7 -1.022 -0.527
164.841 60.00 61.0100 3.9 -1.014 -0.503
164.891 60.00 61.0200 3.6 -1.024 -0.541
164.941 60.00 61.0200 3.8 -1.018 -0.523
164.990 60.00 61.0100 3.9 -1.012 -0.506
165.041 60.00 61.0000 4.2 -0.999 -0.468
165.092 60.00 61.0000 4.1 -1.004 -0.485
165.142 60.00 61.0100 3.7 -1.016 -0.529
165.192 60.00 61.0000 4.0 -1.006 -0.498
165.240 60.00 61.0100 3.7 -1.014 -0.529
165.291 60.00 60.9900 4.2 -0.993 -0.464
165.341 60.00 61.0000 4.1 -0.997 -0.481
165.391 60.00 60.9800 4.6 -0.979 -0.423
165.441 60.00 61.0100 3.7 -1.012 -0.535
165.490 60.00 61.0300 3.2 -1.026 -0.585
165.541 60.00 61.0000 3.9 -1.001 -0.507
165.591 60.00 60.9800 4.4 -0.981 -0.443
165.642 60.00 60.9900 4.2 -0.987 -0.466
165.691 60.00 60.9700 4.5 -0.974 -0.429
165.740 60.00 61.0000 3.8 -0.999 -0.513
165.792 60.00 60.9900 4.0 -0.991 -0.489
165.842 60.00 60.9800 4.2 -0.985 -0.472
165.892 60.00 60.9700 4.5 -0.970 -0.428
165.942 60.00 60.9800 4.1 -0.985 -0.479
165.991 60.00 60.9700 4.4 -0.972 -0.442
166.042 60.00 60.9900 4.0 -0.987 -0.492
166.092 60.00 60.9500 4.9 -0.954 -0.387
166.142 60.00 60.9900 3.9 -0.987 -0.499
166.193 60.00 60.9300 5.4 -0.931 -0.320
166.242 60.00 60.9700 4.2 -0.974 -0.465
166.292 60.00 60.9600 4.6 -0.958 -0.415
166.342 60.00 60.9600 4.5 -0.960 -0.424
166.392 60.00 60.8500 7.5 -0.848 -0.063
166.442 60.00 60.9600 4.4 -0.962 -0.440
166.492 60.00 60.9200 5.6 -0.918 -0.300
166.543 60.00 60.9300 5.1 -0.933 -0.352
166.592 60.00 60.9300 5.2 -0.929 -0.342
166.642 60.00 60.9500 4.6 -0.952 -0.420
166.692 60.00 60.9300 5.0 -0.933 -0.362
166.741 60.00 60.9100 5.6 -0.912 -0.298
166.793 60.00 60.9300 5.2 -0.927 -0.350
166.843 60.00 60.9200 5.2 -0.925 -0.346
166.893 60.00 60.9400 4.8 -0.937 -0.391
166.943 60.00 60.9200 5.1 -0.925 -0.353
166.992 60.00 60.9100 5.4 -0.912 -0.316
167.044 60.00 60.9300 5.0 -0.927 -0.368
167.094 60.00 60.8900 5.9 -0.893 -0.263
167.144 60.00 60.9200 5.2 -0.918 -0.348
167.193 60.00 60.9100 5.3 -0.912 -0.331
167.242 60.00 60.9000 5.7 -0.898 -0.288
167.293 60.00 60.9000 5.6 -0.898 -0.291
167.343 60.00 60.8900 5.7 -0.893 -0.282
167.393 60.00 60.9000 5.5 -0.900 -0.306
167.443 60.00 60.8900 5.7 -0.891 -0.283
167.492 60.00 60.9000 5.4 -0.900 -0.313
167.544 60.00 60.8900 5.5 -0.896 -0.304
167.594 60.00 60.8900 5.6 -0.891 -0.294
167.643 60.00 60.8800 5.8 -0.883 -0.270
167.693 60.00 60.8900 5.4 -0.896 -0.315
167.742 60.00 60.8700 6.2 -0.866 -0.224
167.793 60.00 60.8700 6.1 -0.868 -0.235
167.844 60.00 60.8700 6.1 -0.866 -0.232
167.894 60.00 60.8500 6.3 -0.856 -0.202
167.944 60.00 60.8900 5.4 -0.891 -0.321
167.993 60.00 60.8800 5.6 -0.881 -0.290
168.044 60.00 60.8600 6.2 -0.858 -0.220
168.094 60.00 60.8600 6.0 -0.864 -0.244
168.144 60.00 60.8400 6.5 -0.844 -0.181
168.195 60.00 60.8700 5.9 -0.866 -0.259
168.244 60.00 60.8400 6.5 -0.841 -0.182
168.294 60.00 60.8100 7.2 -0.814 -0.098
168.344 60.00 60.8600 5.8 -0.864 -0.265
168.394 60.00 60.8500 6.1 -0.854 -0.235
168.445 60.00 60.8500 6.0 -0.856 -0.245
168.494 60.00 60.8300 6.6 -0.833 -0.175
168.545 60.00 60.8400 6.3 -0.841 -0.206
168.594 60.00 60.8200 6.7 -0.825 -0.156
168.644 60.00 60.8200 6.7 -0.825 -0.160
168.694 60.00 60.8300 6.5 -0.831 -0.184
168.743 60.00 60.8100 6.9 -0.814 -0.134
168.794 60.00 60.8500 6.0 -0.848 -0.247
168.844 60.00 60.8400 6.2 -0.837 -0.217
168.895 60.00 60.8300 6.4 -0.829 -0.193
168.945 60.00 60.8000 7.2 -0.800 -0.103
168.994 60.00 60.8100 6.8 -0.812 -0.148
169.046 60.00 60.8000 7.0 -0.802 -0.119
169.096 60.00 60.8100 6.7 -0.814 -0.163
169.145 60.00 60.8200 6.4 -0.823 -0.194
169.195 60.00 60.8200 6.5 -0.819 -0.185
169.244 60.00 60.8000 7.0 -0.798 -0.121
169.295 60.00 60.7800 7.3 -0.785 -0.085
169.345 60.00 60.8000 6.7 -0.806 -0.157
169.395 60.00 60.8000 6.8 -0.802 -0.147
169.445 60.00 60.8000 6.9 -0.798 -0.137
169.494 60.00 60.7800 7.3 -0.781 -0.088
169.546 60.00 60.8100 6.5 -0.808 -0.180
169.596 60.00 60.8000 6.6 -0.802 -0.164
169.646 60.00 60.7700 7.3 -0.775 -0.080
169.695 60.00 60.7700 7.3 -0.775 -0.084
169.744 60.00 60.7600 7.5 -0.764 -0.054
169.795 60.00 60.7800 7.1 -0.781 -0.113
169.845 60.00 60.7700 7.3 -0.769 -0.077
169.896 60.00 60.7700 7.3 -0.771 -0.088
169.946 60.00 60.7700 7.2 -0.773 -0.099
169.995 60.00 60.7800 6.9 -0.781 -0.130
170.046 60.00 60.7800 7.0 -0.777 -0.121
170.096 60.00 60.7500 7.5 -0.756 -0.057
170.146 60.00 60.7500 7.5 -0.756 -0.061
170.197 60.00 60.7500 7.4 -0.756 -0.066
170.246 60.00 60.7600 7.3 -0.758 -0.077
170.296 60.00 60.7600 7.2 -0.764 -0.101
170.346 60.00 60.7500 7.6 -0.748 -0.051
170.396 60.00 60.7400 7.7 -0.740 -0.029
170.446 60.00 60.7700 6.8 -0.773 -0.141
170.496 60.00 60.7400 7.6 -0.744 -0.051
170.547 60.00 60.7300 7.8 -0.733 -0.021
170.596 60.00 60.7300 7.7 -0.735 -0.032
170.646 60.00 60.7500 7.1 -0.756 -0.104
170.696 60.00 60.7400 7.5 -0.740 -0.054
170.745 60.00 60.7200 7.9 -0.723 -0.005
170.796 60.00 60.7200 8.0 -0.719 0.004
170.846 60.00 60.7100 8.2 -0.710 0.027
170.896 60.00 60.7000 8.3 -0.704 0.043
170.947 60.00 60.7000 8.4 -0.700 0.051
170.996 60.00 60.7100 8.0 -0.713 0.006
171.047 60.00 60.6900 8.4 -0.696 0.056
171.097 60.00 60.7300 7.4 -0.733 -0.070
171.147 60.00 60.7100 7.9 -0.713 -0.007
171.198 60.00 60.6900 8.4 -0.692 0.056
171.247 60.00 60.6900 8.5 -0.687 0.065
171.298 60.00 60.6800 8.6 -0.681 0.081
171.347 60.00 60.7000 8.1 -0.702 0.008
171.397 60.00 60.6500 9.2 -0.656 0.153
171.447 60.00 60.6700 8.7 -0.675 0.087
171.496 60.00 60.6700 8.7 -0.673 0.089
171.547 60.00 60.6700 8.6 -0.675 0.077
171.597 60.00 60.6700 8.7 -0.669 0.093
171.647 60.00 60.6800 8.4 -0.679 0.055
171.697 60.00 60.6800 8.2 -0.685 0.029
171.747 60.00 60.6700 8.5 -0.673 0.066
171.798 60.00 60.6800 8.2 -0.685 0.020
171.848 60.00 60.6700 8.6 -0.669 0.070
171.897 60.00 60.6700 8.5 -0.669 0.065
171.948 60.00 60.6900 8.0 -0.687 -0.000
171.998 60.00 60.6700 8.5 -0.667 0.063
172.048 60.00 60.6700 8.3 -0.671 0.045
172.098 60.00 60.6600 8.6 -0.660 0.074
172.148 60.00 60.6600 8.6 -0.658 0.077
172.198 60.00 60.6300 9.2 -0.635 0.147
172.248 60.00 60.6300 9.2 -0.633 0.149
172.298 60.00 60.6400 8.9 -0.644 0.110
172.348 60.00 60.6500 8.6 -0.652 0.078
172.398 60.00 60.6200 9.4 -0.621 0.175
172.448 60.00 60.6200 9.4 -0.621 0.170
172.498 60.00 60.6500 8.6 -0.648 0.077
172.548 60.00 60.6500 8.6 -0.648 0.073
172.598 60.00 60.6500 8.4 -0.654 0.048
172.649 60.00 60.6300 9.0 -0.629 0.124
172.698 60.00 60.6100 9.5 -0.610 0.181
172.748 60.00 60.6300 8.8 -0.635 0.095
172.798 60.00 60.6100 9.3 -0.612 0.165
172.848 60.00 60.6200 9.0 -0.625 0.119
172.898 60.00 60.6200 8.9 -0.625 0.115
172.948 60.00 60.5900 9.7 -0.596 0.205
172.999 60.00 60.6000 9.3 -0.606 0.166
173.049 60.00 60.6000 9.4 -0.602 0.175
173.099 60.00 60.6100 9.1 -0.612 0.136
173.150 60.00 60.5900 9.5 -0.596 0.186
173.199 60.00 60.5900 9.6 -0.592 0.194
173.250 60.00 60.6000 9.3 -0.600 0.162
173.299 60.00 60.5800 9.7 -0.583 0.211
173.349 60.00 60.5800 9.7 -0.581 0.214
173.399 60.00 60.6000 9.2 -0.598 0.154
173.448 60.00 60.5600 10.1 -0.564 0.258
173.499 60.00 60.5900 9.2 -0.596 0.151
173.549 60.00 60.5800 9.5 -0.585 0.180
173.599 60.00 60.5800 9.4 -0.585 0.176
173.650 60.00 60.5600 10.0 -0.562 0.245
173.699 60.00 60.5700 9.7 -0.571 0.213
173.750 60.00 60.5500 10.2 -0.552 0.269
173.799 60.00 60.5800 9.4 -0.581 0.170
173.849 60.00 60.5600 9.8 -0.564 0.219
173.899 60.00 60.5400 10.5 -0.537 0.302
173.948 60.00 60.5800 9.3 -0.579 0.162
174.000 60.00 60.5700 9.6 -0.567 0.197
174.050 60.00 60.5400 10.2 -0.541 0.274
174.100 60.00 60.5400 10.2 -0.541 0.269
174.150 60.00 60.5400 10.3 -0.537 0.277
174.200 60.00 60.5500 9.9 -0.548 0.238
174.251 60.00 60.5300 10.2 -0.535 0.274
174.300 60.00 60.5400 10.0 -0.544 0.242
174.350 60.00 60.5400 9.9 -0.544 0.237
174.400 60.00 60.5300 10.3 -0.529 0.280
174.450 60.00 60.5400 9.9 -0.541 0.234
174.500 60.00 60.5300 10.2 -0.531 0.263
174.550 60.00 60.5200 10.4 -0.519 0.299
174.600 60.00 60.5300 10.1 -0.529 0.260
174.650 60.00 60.5300 9.9 -0.535 0.234
174.699 60.00 60.5400 9.8 -0.539 0.216
174.750 60.00 60.5300 9.9 -0.531 0.238
174.800 60.00 60.5200 10.3 -0.516 0.281
174.851 60.00 60.5200 10.2 -0.521 0.262
174.901 60.00 60.5300 9.7 -0.535 0.210
174.949 60.00 60.4900 10.8 -0.491 0.348
175.001 60.00 60.5200 10.1 -0.516 0.261
175.051 60.00 60.5000 10.5 -0.500 0.310
175.101 60.00 60.5200 10.0 -0.519 0.244
175.151 60.00 60.5000 10.3 -0.506 0.280
175.200 60.00 60.4900 10.6 -0.493 0.316
175.251 60.00 60.4800 10.8 -0.483 0.345
175.301 60.00 60.4900 10.7 -0.487 0.326
175.351 60.00 60.5000 10.2 -0.502 0.274
175.402 60.00 60.4700 11.0 -0.473 0.364
175.451 60.00 60.4900 10.6 -0.487 0.311
175.501 60.00 60.4700 10.8 -0.475 0.347
175.551 60.00 60.4800 10.8 -0.477 0.335
175.601 60.00 60.4900 10.2 -0.496 0.269
175.651 60.00 60.4700 10.9 -0.466 0.359
175.700 60.00 60.4800 10.5 -0.483 0.299
175.751 60.00 60.4500 11.3 -0.450 0.404
175.801 60.00 60.4700 10.7 -0.473 0.323
175.851 60.00 60.4600 10.9 -0.460 0.359
175.902 60.00 60.4500 11.1 -0.452 0.381
175.951 60.00 60.4600 10.9 -0.458 0.356
176.002 60.00 60.4600 10.9 -0.458 0.350
176.053 60.00 60.4600 10.7 -0.462 0.332
176.102 60.00 60.4600 10.6 -0.464 0.320
176.152 60.00 60.4300 11.4 -0.435 0.410
176.201 60.00 60.4400 11.1 -0.443 0.378
176.253 60.00 60.4400 11.1 -0.443 0.373
176.303 60.00 60.4300 11.5 -0.427 0.422
176.352 60.00 60.4800 10.1 -0.477 0.253
176.402 60.00 60.4600 10.6 -0.458 0.310
176.451 60.00 60.4000 12.0 -0.402 0.488
176.502 60.00 60.4500 10.6 -0.454 0.313
176.552 60.00 60.4400 11.0 -0.437 0.363
176.602 60.00 60.4300 11.2 -0.427 0.392
176.652 60.00 60.4400 10.9 -0.437 0.353
176.701 60.00 60.4300 11.0 -0.433 0.361
176.753 60.00 60.4100 11.5 -0.412 0.424
176.803 60.00 60.4300 10.9 -0.433 0.351
176.852 60.00 60.4100 11.4 -0.414 0.407
176.902 60.00 60.4100 11.4 -0.410 0.416
176.951 60.00 60.4000 11.5 -0.406 0.424
177.002 60.00 60.4000 11.6 -0.402 0.432
177.052 60.00 60.3900 11.8 -0.391 0.462
177.103 60.00 60.4000 11.5 -0.400 0.429
177.153 60.00 60.4100 11.2 -0.412 0.383
177.202 60.00 60.4000 11.3 -0.404 0.405
177.253 60.00 60.4300 10.6 -0.429 0.318
177.303 60.00 60.4000 11.3 -0.404 0.396
177.354 60.00 60.4300 10.6 -0.427 0.316
177.404 60.00 60.3900 11.6 -0.389 0.433
177.452 60.00 60.3900 11.4 -0.395 0.408
177.503 60.00 60.3800 11.8 -0.379 0.457
177.553 60.00 60.3700 11.9 -0.370 0.479
177.603 60.00 60.3700 12.0 -0.368 0.480
177.653 60.00 60.3600 12.0 -0.366 0.482
177.702 60.00 60.3700 11.8 -0.372 0.456
177.753 60.00 60.3900 11.2 -0.393 0.383
177.803 60.00 60.3800 11.4 -0.385 0.405
177.854 60.00 60.3900 11.2 -0.389 0.386
177.904 60.00 60.3800 11.5 -0.377 0.423
177.952 60.00 60.3700 11.5 -0.374 0.425
178.003 60.00 60.3600 11.8 -0.362 0.460
178.053 60.00 60.3900 11.1 -0.387 0.374
178.104 60.00 60.3900 10.8 -0.395 0.342
178.154 60.00 60.3600 11.8 -0.360 0.452
178.203 60.00 60.3600 11.6 -0.364 0.433
178.255 60.00 60.3400 12.1 -0.343 0.497
178.304 60.00 60.3300 12.4 -0.331 0.532
178.354 60.00 60.3600 11.5 -0.362 0.425
178.404 60.00 60.3400 12.0 -0.343 0.481
178.453 60.00 60.3800 11.1 -0.377 0.367
178.504 60.00 60.3600 11.5 -0.358 0.424
178.554 60.00 60.3400 11.9 -0.343 0.466
178.604 60.00 60.3600 11.4 -0.360 0.407
178.654 60.00 60.3300 12.0 -0.335 0.484
178.703 60.00 60.3600 11.4 -0.358 0.404
178.755 60.00 60.3300 12.2 -0.326 0.501
178.805 60.00 60.3300 12.0 -0.331 0.482
178.855 60.00 60.3100 12.3 -0.316 0.524
178.904 60.00 60.3200 12.1 -0.322 0.499
178.953 60.00 60.3000 12.6 -0.306 0.548
179.004 60.00 60.3200 12.2 -0.318 0.502
179.054 60.00 60.3400 11.5 -0.341 0.422
179.104 60.00 60.3200 12.1 -0.318 0.492
179.155 60.00 60.3000 12.5 -0.301 0.542
179.204 60.00 60.3300 11.7 -0.331 0.441
179.255 60.00 60.3000 12.3 -0.306 0.518
179.305 60.00 60.3100 12.0 -0.316 0.478
179.355 60.00 60.3200 11.8 -0.320 0.460
179.406 60.00 60.3000 12.2 -0.306 0.503
179.455 60.00 60.3000 12.3 -0.299 0.518
179.506 60.00 60.2800 12.7 -0.285 0.561
179.555 60.00 60.3100 12.0 -0.308 0.481
179.605 60.00 60.2800 12.6 -0.283 0.558
179.655 60.00 60.3100 11.9 -0.310 0.463
179.704 60.00 60.3500 10.8 -0.347 0.336
179.755 60.00 60.3100 11.7 -0.314 0.441
179.805 60.00 60.2800 12.6 -0.278 0.552
179.855 60.00 60.3000 12.1 -0.297 0.486
179.905 60.00 60.2800 12.6 -0.276 0.548
179.954 60.00 60.3000 11.8 -0.306 0.448
180.005 60.00 60.2900 12.2 -0.289 0.498
180.055 60.00 60.2900 12.1 -0.289 0.493
180.106 60.00 60.2900 12.0 -0.293 0.475
180.156 60.00 60.2800 12.2 -0.285 0.497
180.206 60.00 60.2900 12.0 -0.289 0.478
180.257 60.00 60.2900 12.0 -0.289 0.474
180.306 60.00 60.2900 11.9 -0.289 0.469
180.356 60.00 60.2700 12.3 -0.274 0.512
180.406 60.00 60.2800 12.0 -0.283 0.480
180.457 60.00 60.2600 12.5 -0.262 0.543
180.506 60.00 60.2800 11.9 -0.283 0.470
180.556 60.00 60.2800 11.8 -0.285 0.458
180.606 60.00 60.2700 12.2 -0.270 0.501
180.656 60.00 60.2600 12.3 -0.264 0.517
180.706 60.00 60.2800 11.8 -0.281 0.457
180.756 60.00 60.2800 11.8 -0.283 0.446
180.806 60.00 60.2600 12.3 -0.260 0.516
180.856 60.00 60.2700 12.0 -0.270 0.477
180.906 60.00 60.2700 12.0 -0.270 0.473
180.956 60.00 60.3100 10.9 -0.308 0.346
181.007 60.00 60.2500 12.5 -0.247 0.539
181.056 60.00 60.2600 12.0 -0.264 0.480
181.106 60.00 60.2500 12.3 -0.251 0.516
181.156 60.00 60.2400 12.5 -0.243 0.538
181.207 60.00 60.2500 12.3 -0.249 0.513
181.257 60.00 60.2400 12.5 -0.241 0.536
181.307 60.00 60.2500 12.1 -0.253 0.490
181.357 60.00 60.2500 12.2 -0.249 0.499
181.406 60.00 60.2500 12.1 -0.251 0.488
181.458 60.00 60.2600 11.8 -0.262 0.449
181.508 60.00 60.2500 11.9 -0.255 0.465
181.557 60.00 60.2700 11.5 -0.268 0.419
181.607 60.00 60.2600 11.6 -0.264 0.428
181.656 60.00 60.2700 11.5 -0.268 0.411
181.707 60.00 60.2400 12.1 -0.243 0.488
181.757 60.00 60.2100 12.9 -0.212 0.585
181.807 60.00 60.2300 12.3 -0.233 0.512
181.857 60.00 60.2500 11.8 -0.251 0.447
181.906 60.00 60.2300 12.2 -0.235 0.496
181.957 60.00 60.2400 12.1 -0.237 0.485
182.007 60.00 60.2500 11.6 -0.253 0.427
182.058 60.00 60.2000 13.1 -0.197 0.605
182.108 60.00 60.2000 12.9 -0.201 0.587
182.156 60.00 60.2300 12.0 -0.235 0.473
182.208 60.00 60.2300 12.1 -0.228 0.489
182.259 60.00 60.2100 12.5 -0.212 0.539
182.309 60.00 60.2200 12.2 -0.224 0.493
182.358 60.00 60.2200 12.1 -0.226 0.482
182.407 60.00 60.2100 12.4 -0.212 0.525
182.458 60.00 60.2000 12.6 -0.205 0.541
182.508 60.00 60.1100 15.1 -0.109 0.850
182.558 60.00 60.2000 12.5 -0.203 0.537
182.608 60.00 60.1900 12.8 -0.193 0.567
182.657 60.00 60.2000 12.6 -0.199 0.541
182.708 60.00 60.1900 12.6 -0.195 0.550
182.758 60.00 60.2100 12.1 -0.216 0.478
182.809 60.00 60.2300 11.7 -0.228 0.432
182.859 60.00 60.2000 12.3 -0.203 0.510
182.907 60.00 60.2100 12.1 -0.209 0.486
182.958 60.00 60.1900 12.5 -0.193 0.535
183.008 60.00 60.1900 12.4 -0.195 0.524
183.058 60.00 60.2000 12.3 -0.197 0.513
183.108 60.00 60.2000 12.2 -0.199 0.501
183.157 60.00 60.2000 12.1 -0.205 0.477
183.209 60.00 60.1800 12.6 -0.182 0.548
183.259 60.00 60.1900 12.4 -0.191 0.515
183.309 60.00 60.1800 12.5 -0.184 0.531
183.360 60.00 60.1600 13.0 -0.163 0.595
183.409 60.00 60.2000 12.0 -0.199 0.475
183.459 60.00 60.1600 12.9 -0.163 0.586
183.509 60.00 60.1900 12.1 -0.193 0.486
183.559 60.00 60.1500 13.1 -0.155 0.604
183.609 60.00 60.1300 13.7 -0.130 0.681
183.658 60.00 60.1700 12.5 -0.176 0.527
183.709 60.00 60.1700 12.5 -0.172 0.536
183.759 60.00 60.1800 12.3 -0.180 0.504
183.809 60.00 60.1700 12.6 -0.167 0.541
183.859 60.00 60.1800 12.2 -0.182 0.489
183.909 60.00 60.1700 12.4 -0.172 0.519
183.960 60.00 60.1900 11.9 -0.188 0.460
184.010 60.00 60.1700 12.4 -0.167 0.524
184.059 60.00 60.1800 12.1 -0.178 0.485
184.109 60.00 60.0700 14.8 -0.076 0.814
184.158 60.00 60.1600 12.4 -0.165 0.517
184.209 60.00 60.1600 12.4 -0.163 0.519
184.261 60.00 60.1500 12.6 -0.155 0.542
184.310 60.00 60.1500 12.8 -0.147 0.564
184.360 60.00 60.1700 12.2 -0.167 0.493
184.409 60.00 60.1600 12.4 -0.159 0.516
184.460 60.00 60.1700 12.0 -0.174 0.464
184.510 60.00 60.1600 12.2 -0.163 0.494
184.560 60.00 60.1500 12.4 -0.155 0.517
184.610 60.00 60.1500 12.4 -0.155 0.512
184.659 60.00 60.1700 12.0 -0.167 0.468
184.711 60.00 60.1600 12.2 -0.159 0.491
184.761 60.00 60.1000 13.7 -0.103 0.670
184.810 60.00 60.1400 12.6 -0.142 0.537
184.860 60.00 60.1800 11.4 -0.184 0.396
184.909 60.00 60.1400 12.6 -0.138 0.542
184.960 60.00 60.1400 12.5 -0.142 0.524
185.010 60.00 60.1400 12.4 -0.142 0.520
185.060 60.00 60.1500 12.1 -0.155 0.475
185.110 60.00 60.1400 12.3 -0.145 0.505
185.159 60.00 60.1600 11.8 -0.163 0.440
185.211 60.00 60.1500 12.0 -0.155 0.463
185.262 60.00 60.1700 11.4 -0.174 0.398
185.311 60.00 60.1400 12.4 -0.138 0.510
185.361 60.00 60.1900 11.1 -0.186 0.350
185.410 60.00 60.1400 12.1 -0.145 0.482
185.461 60.00 60.1600 11.8 -0.157 0.438
185.511 60.00 60.1600 11.6 -0.161 0.421
185.561 60.00 60.1400 12.2 -0.138 0.491
185.611 60.00 60.1600 11.7 -0.157 0.427
185.661 60.00 60.1600 11.7 -0.157 0.423
185.712 60.00 60.1100 12.8 -0.113 0.562
185.761 60.00 60.1500 11.7 -0.155 0.422
185.811 60.00 60.0000 15.7 0.000 0.922
185.861 60.00 60.1400 12.0 -0.140 0.460
185.910 60.00 60.1100 12.6 -0.115 0.538
185.961 60.00 60.1300 12.2 -0.130 0.486
186.011 60.00 60.1100 12.5 -0.115 0.530
186.061 60.00 60.1200 12.4 -0.119 0.512
186.111 60.00 60.1300 12.0 -0.134 0.461
186.160 60.00 60.1300 12.0 -0.132 0.464
186.211 60.00 60.1400 11.8 -0.138 0.440
186.263 60.00 60.1200 12.1 -0.126 0.477
186.312 60.00 60.1300 11.9 -0.134 0.446
186.362 60.00 60.1200 12.1 -0.126 0.469
186.411 60.00 60.1400 11.5 -0.145 0.404
186.462 60.00 60.1300 11.8 -0.132 0.442
186.512 60.00 60.1100 12.2 -0.115 0.493
186.563 60.00 60.1300 11.7 -0.134 0.428
186.612 60.00 60.1200 11.9 -0.126 0.451
186.661 60.00 60.1500 11.2 -0.151 0.367
186.712 60.00 60.1300 11.7 -0.132 0.424
186.762 60.00 60.1500 11.3 -0.147 0.373
186.812 60.00 60.1100 12.1 -0.115 0.472
186.862 60.00 60.0800 12.8 -0.086 0.564
186.911 60.00 60.1200 11.8 -0.124 0.437
186.962 60.00 60.1300 11.7 -0.128 0.420
187.012 60.00 60.1600 10.8 -0.157 0.321
187.062 60.00 60.1200 11.8 -0.119 0.441
187.113 60.00 60.1200 11.8 -0.117 0.444
187.162 60.00 60.1400 11.3 -0.138 0.372
187.213 60.00 60.1400 11.2 -0.138 0.369
187.262 60.00 60.1000 12.2 -0.100 0.489
187.313 60.00 60.1200 11.6 -0.122 0.417
187.363 60.00 60.1200 11.7 -0.117 0.427
187.412 60.00 60.1200 11.6 -0.119 0.417
187.463 60.00 60.0800 12.5 -0.086 0.522
187.513 60.00 60.1000 12.1 -0.098 0.478
187.563 60.00 60.1300 11.2 -0.132 0.365
187.613 60.00 60.1100 11.8 -0.111 0.430
187.662 60.00 60.1100 11.8 -0.109 0.434
187.714 60.00 60.1100 11.6 -0.113 0.417
187.764 60.00 60.1100 11.7 -0.109 0.427
187.814 60.00 60.1100 11.6 -0.111 0.417
187.863 60.00 60.1200 11.4 -0.119 0.386
187.912 60.00 60.1100 11.6 -0.111 0.410
187.963 60.00 60.1200 11.2 -0.124 0.366
188.013 60.00 60.1200 11.4 -0.117 0.383
188.063 60.00 60.1200 11.2 -0.122 0.367
188.113 60.00 60.0800 12.2 -0.086 0.479
188.162 60.00 60.1100 11.5 -0.111 0.394
188.213 60.00 60.1200 11.2 -0.122 0.357
188.264 60.00 60.0900 12.0 -0.090 0.456
188.314 60.00 60.1100 11.5 -0.107 0.399
188.364 60.00 60.1000 11.7 -0.098 0.423
188.413 60.00 60.1100 11.4 -0.109 0.385
188.464 60.00 60.1000 11.7 -0.098 0.416
188.514 60.00 60.1000 11.5 -0.103 0.399
188.565 60.00 60.1000 11.5 -0.103 0.396
188.615 60.00 60.1000 11.5 -0.103 0.393
188.663 60.00 60.1300 10.7 -0.132 0.295
188.714 60.00 60.1100 11.1 -0.115 0.346
188.764 60.00 60.1100 11.3 -0.107 0.371
188.814 60.00 60.0900 11.6 -0.094 0.409
188.864 60.00 60.1100 11.1 -0.113 0.344
188.913 60.00 60.0900 11.6 -0.094 0.403
188.964 60.00 60.0800 11.8 -0.084 0.434
189.014 60.00 60.0900 11.6 -0.090 0.410
189.064 60.00 59.9900 14.1 0.004 0.713
189.114 60.00 60.1100 11.1 -0.109 0.341
189.164 60.00 60.0900 11.5 -0.092 0.393
189.215 60.00 60.0800 11.8 -0.080 0.431
189.265 60.00 60.0900 11.4 -0.094 0.380
189.314 60.00 60.0900 11.3 -0.094 0.377
189.365 60.00 60.1000 11.2 -0.100 0.354
189.415 60.00 60.1100 10.8 -0.111 0.316
189.465 60.00 60.1000 11.1 -0.103 0.341
189.515 60.00 60.0800 11.6 -0.080 0.413
189.565 60.00 60.0800 11.4 -0.086 0.390
189.615 60.00 60.0900 11.3 -0.090 0.373
189.665 60.00 60.0800 11.5 -0.084 0.391
189.715 60.00 60.1000 10.9 -0.103 0.326
189.765 60.00 60.1000 11.1 -0.096 0.344
189.816 60.00 60.0900 11.2 -0.092 0.355
189.865 60.00 60.1100 10.8 -0.107 0.305
189.915 60.00 60.0700 11.6 -0.073 0.411
189.965 60.00 60.0700 11.6 -0.073 0.408
190.015 60.00 60.1100 10.5 -0.115 0.269
190.065 60.00 60.0700 11.6 -0.073 0.403
190.115 60.00 60.0800 11.3 -0.084 0.365
190.165 60.00 60.0800 11.3 -0.082 0.370
190.215 60.00 60.0700 11.5 -0.073 0.394
190.265 60.00 60.0900 10.9 -0.094 0.323
190.315 60.00 60.0800 11.2 -0.084 0.354
190.365 60.00 60.0900 11.0 -0.090 0.331
190.416 60.00 60.1100 10.5 -0.109 0.267
190.466 60.00 60.1000 10.6 -0.103 0.285
190.516 60.00 60.0800 11.2 -0.082 0.351
190.566 60.00 60.1000 10.6 -0.100 0.287
190.615 60.00 60.0900 10.9 -0.090 0.318
190.666 60.00 60.1100 10.4 -0.107 0.262
190.717 60.00 60.0700 11.2 -0.076 0.361
190.767 60.00 60.1000 10.4 -0.105 0.263
190.816 60.00 60.0700 11.2 -0.076 0.356
190.865 60.00 60.0500 11.7 -0.055 0.422
190.916 60.00 60.0700 11.3 -0.069 0.371
190.966 60.00 60.1200 10.0 -0.119 0.205
191.016 60.00 60.1100 10.1 -0.113 0.223
191.066 60.00 60.1200 9.8 -0.126 0.180
191.115 60.00 60.0800 10.9 -0.082 0.322
191.166 60.00 60.0900 10.7 -0.090 0.292
191.216 60.00 60.0800 10.9 -0.080 0.323
191.267 60.00 60.0800 10.9 -0.082 0.314
191.317 60.00 60.0900 10.6 -0.090 0.284
191.366 60.00 60.0700 11.2 -0.069 0.350
191.418 60.00 60.0800 10.8 -0.082 0.307
191.468 60.00 60.1000 10.3 -0.098 0.250
191.517 60.00 60.1100 10.0 -0.109 0.214
191.567 60.00 60.0900 10.5 -0.092 0.266
191.616 60.00 60.0800 10.7 -0.084 0.291
191.667 60.00 60.0600 11.3 -0.061 0.363
191.717 60.00 60.0800 10.6 -0.086 0.279
191.767 60.00 60.0700 10.9 -0.071 0.324
191.817 60.00 60.0700 11.0 -0.069 0.329
191.866 60.00 60.1400 9.1 -0.140 0.095
191.917 60.00 60.0800 10.7 -0.080 0.291
191.967 60.00 60.0800 10.5 -0.084 0.275
192.018 60.00 60.1000 10.0 -0.105 0.204
192.068 60.00 60.0900 10.2 -0.094 0.237
192.116 60.00 60.0800 10.6 -0.082 0.276
192.167 60.00 60.0800 10.5 -0.084 0.266
192.217 60.00 60.1000 10.1 -0.096 0.224
192.268 60.00 60.0600 11.0 -0.063 0.330
192.317 60.00 60.0800 10.4 -0.086 0.253
192.367 60.00 60.0700 10.6 -0.076 0.285
192.419 60.00 60.1100 9.7 -0.111 0.167
192.469 60.00 60.0800 10.4 -0.082 0.261
192.518 60.00 60.0900 10.2 -0.090 0.231
192.568 60.00 60.0800 10.5 -0.078 0.270
192.617 60.00 60.0900 10.1 -0.092 0.220
192.668 60.00 60.1000 9.9 -0.098 0.198
192.718 60.00 60.0700 10.6 -0.073 0.278
192.768 60.00 60.1000 9.9 -0.096 0.201
192.818 60.00 60.0800 10.3 -0.082 0.246
192.867 60.00 60.0900 10.0 -0.092 0.210
192.919 60.00 60.0800 10.3 -0.082 0.242
192.969 60.00 60.0800 10.3 -0.082 0.240
193.019 60.00 60.0800 10.1 -0.086 0.225
193.068 60.00 60.0700 10.6 -0.067 0.284
193.117 60.00 60.1000 9.6 -0.105 0.159
193.168 60.00 60.0800 10.2 -0.082 0.233
193.218 60.00 60.0800 10.3 -0.078 0.244
193.268 60.00 60.1000 9.7 -0.098 0.174
193.318 60.00 60.0600 10.7 -0.061 0.295
193.367 60.00 60.0900 9.9 -0.090 0.197
193.418 60.00 60.0900 10.0 -0.088 0.202
193.469 60.00 60.0700 10.5 -0.067 0.269
193.520 60.00 60.0800 10.1 -0.082 0.219
193.570 60.00 60.0900 9.9 -0.088 0.197
193.618 60.00 60.0800 10.1 -0.080 0.222
193.669 60.00 60.0800 10.0 -0.084 0.207
193.719 60.00 60.0900 9.9 -0.088 0.191
193.769 60.00 60.1000 9.5 -0.100 0.149
193.819 60.00 60.0800 9.9 -0.086 0.195
193.868 60.00 60.0700 10.2 -0.073 0.234
193.919 60.00 60.0800 9.9 -0.086 0.191
193.969 60.00 60.1100 9.2 -0.111 0.107
194.019 60.00 60.0700 10.2 -0.071 0.235
194.070 60.00 60.0900 9.7 -0.090 0.172
194.119 60.00 60.0900 9.7 -0.090 0.171
194.170 60.00 60.1000 9.4 -0.100 0.136
194.219 60.00 60.1000 9.3 -0.105 0.120
194.270 60.00 60.1200 8.9 -0.119 0.071
194.319 60.00 60.1200 8.9 -0.117 0.076
194.369 60.00 60.1200 8.8 -0.124 0.055
194.420 60.00 60.0900 9.7 -0.090 0.163
194.470 60.00 60.1100 9.1 -0.109 0.100
194.520 60.00 60.0800 9.9 -0.080 0.194
194.570 60.00 60.1000 9.2 -0.105 0.110
194.619 60.00 60.0900 9.5 -0.094 0.143
194.670 60.00 60.0800 9.9 -0.078 0.196
194.720 60.00 60.0900 9.5 -0.092 0.147
194.770 60.00 60.0900 9.5 -0.092 0.146
194.820 60.00 60.1100 9.1 -0.107 0.096
194.869 60.00 60.0800 9.7 -0.086 0.163
194.920 60.00 60.1000 9.2 -0.103 0.107
194.971 60.00 60.1000 9.2 -0.103 0.106
195.021 60.00 60.1000 9.2 -0.100 0.112
195.071 60.00 60.0900 9.5 -0.090 0.144
195.120 60.00 60.0900 9.5 -0.090 0.142
195.170 60.00 60.0900 9.4 -0.092 0.134
195.220 60.00 60.0800 9.6 -0.084 0.160
195.270 60.00 60.1200 8.7 -0.117 0.049
195.320 60.00 60.1000 9.1 -0.105 0.089
195.369 60.00 60.1000 9.3 -0.096 0.115
195.420 60.00 60.0900 9.4 -0.092 0.128
195.470 60.00 60.0900 9.3 -0.094 0.120
195.521 60.00 60.1000 9.1 -0.103 0.091
195.571 60.00 60.1000 9.1 -0.103 0.090
195.620 60.00 60.0900 9.4 -0.090 0.129
195.671 60.00 60.1300 8.3 -0.130 -0.001
195.722 60.00 60.0100 11.5 -0.010 0.386
195.772 60.00 60.1100 8.9 -0.107 0.070
195.822 60.00 60.1100 8.7 -0.115 0.042
195.870 60.00 60.1000 9.1 -0.100 0.089
195.921 60.00 60.1200 8.5 -0.119 0.026
195.971 60.00 60.1100 8.8 -0.109 0.059
196.021 60.00 60.1000 9.1 -0.096 0.099
196.071 60.00 60.1100 8.8 -0.109 0.057
196.120 60.00 60.1500 7.7 -0.151 -0.080
196.171 60.00 60.1000 9.0 -0.100 0.083
196.221 60.00 60.1300 8.2 -0.130 -0.014
196.271 60.00 60.1100 8.8 -0.107 0.061
196.321 60.00 60.1000 9.1 -0.096 0.094
196.370 60.00 60.1200 8.4 -0.122 0.010
196.421 60.00 60.1200 8.5 -0.117 0.023
196.471 60.00 60.1200 8.4 -0.122 0.009
196.521 60.00 60.1100 8.6 -0.115 0.028
196.572 60.00 60.1100 8.7 -0.109 0.048
196.622 60.00 60.1000 9.0 -0.098 0.081
196.673 60.00 60.1100 8.6 -0.111 0.039
196.723 60.00 60.1300 8.0 -0.136 -0.043
196.772 60.00 60.1100 8.5 -0.115 0.024
196.822 60.00 60.1100 8.7 -0.107 0.051
196.871 60.00 60.1300 8.0 -0.134 -0.039
196.922 60.00 60.0900 9.2 -0.088 0.110
196.972 60.00 60.1000 8.9 -0.098 0.075
197.022 60.00 60.1100 8.7 -0.107 0.047
197.072 60.00 60.1100 8.6 -0.111 0.031
197.121 60.00 60.1100 8.7 -0.107 0.045
197.172 60.00 60.1100 8.5 -0.115 0.016
197.223 60.00 60.1200 8.3 -0.119 0.002
197.273 60.00 60.1200 8.2 -0.126 -0.020
197.323 60.00 60.1300 7.9 -0.134 -0.047
197.371 60.00 60.1300 8.0 -0.132 -0.041
197.422 60.00 60.1200 8.2 -0.124 -0.014
197.472 60.00 60.1200 8.4 -0.117 0.005
197.522 60.00 60.1200 8.3 -0.119 -0.002
197.573 60.00 60.1300 7.9 -0.136 -0.057
197.623 60.00 60.1200 8.1 -0.126 -0.024
197.673 60.00 60.1200 8.1 -0.126 -0.025
197.723 60.00 60.1400 7.7 -0.142 -0.079
197.773 60.00 60.1400 7.6 -0.145 -0.087
197.823 60.00 60.1300 7.8 -0.136 -0.059
197.874 60.00 60.1000 8.8 -0.098 0.062
197.923 60.00 60.1300 8.0 -0.130 -0.041
197.973 60.00 60.1300 7.9 -0.132 -0.048
198.023 60.00 60.0900 8.9 -0.094 0.074
198.073 60.00 60.1200 8.1 -0.126 -0.030
198.123 60.00 60.1200 8.3 -0.117 -0.003
198.173 60.00 60.1100 8.3 -0.115 0.003
198.223 60.00 60.1100 8.3 -0.115 0.003
198.274 60.00 60.1500 7.5 -0.147 -0.101
198.323 60.00 60.1200 8.1 -0.126 -0.033
198.373 60.00 60.1200 8.1 -0.126 -0.033
198.423 60.00 60.1500 7.5 -0.147 -0.102
198.473 60.00 60.1400 7.7 -0.138 -0.075
198.523 60.00 60.1300 8.0 -0.128 -0.041
198.573 60.00 60.1400 7.6 -0.142 -0.089
198.624 60.00 60.1300 7.8 -0.134 -0.062
198.674 60.00 60.1200 8.1 -0.124 -0.029
198.724 60.00 60.1100 8.4 -0.111 0.011
198.774 60.00 60.1100 8.3 -0.115 -0.003
198.824 60.00 60.1200 8.1 -0.122 -0.024
198.875 60.00 60.1200 8.2 -0.119 -0.018
198.924 60.00 60.1400 7.6 -0.142 -0.093
198.974 60.00 60.1300 7.8 -0.134 -0.067
199.024 60.00 60.1400 7.7 -0.138 -0.081
199.073 60.00 60.1300 7.7 -0.136 -0.074
199.124 60.00 60.1400 7.7 -0.138 -0.081
199.174 60.00 60.1500 7.3 -0.151 -0.122
199.224 60.00 60.1600 7.1 -0.159 -0.150
199.274 60.00 60.1400 7.7 -0.138 -0.082
199.323 60.00 60.0800 9.2 -0.082 0.102
199.375 60.00 60.1600 7.0 -0.161 -0.158
199.425 60.00 60.1400 7.6 -0.138 -0.084
199.475 60.00 60.1500 7.4 -0.147 -0.111
199.524 60.00 60.1500 7.2 -0.153 -0.131
199.573 60.00 60.1400 7.5 -0.145 -0.105
199.625 60.00 60.1500 7.2 -0.153 -0.132
199.675 60.00 60.1300 7.8 -0.132 -0.064
199.725 60.00 60.1500 7.2 -0.153 -0.132
199.775 60.00 60.1300 7.9 -0.128 -0.051
199.824 60.00 60.1300 7.7 -0.134 -0.072
199.875 60.00 60.1800 6.5 -0.182 -0.228
199.925 60.00 60.1200 8.0 -0.126 -0.045
199.976 60.00 60.1600 7.1 -0.157 -0.147
200.026 60.00 60.1400 7.5 -0.145 -0.107
200.075 60.00 60.1400 7.5 -0.142 -0.100
200.125 60.00 60.1700 6.8 -0.167 -0.182
200.175 60.00 60.1600 7.1 -0.159 -0.154
200.225 60.00 60.1700 6.7 -0.172 -0.195
200.276 60.00 60.1500 7.2 -0.155 -0.141
200.325 60.00 60.1400 7.5 -0.142 -0.100
200.375 60.00 60.1700 6.6 -0.176 -0.209
200.425 60.00 60.1700 6.7 -0.172 -0.195
200.475 60.00 60.1500 7.2 -0.155 -0.141
200.525 60.00 60.1800 6.5 -0.180 -0.223
200.574 60.00 60.1700 6.7 -0.174 -0.202
200.626 60.00 60.1200 8.1 -0.119 -0.025
200.676 60.00 60.1500 7.2 -0.153 -0.134
200.726 60.00 60.1700 6.8 -0.167 -0.182
200.776 60.00 60.1500 7.3 -0.149 -0.121
200.826 60.00 60.1600 6.9 -0.163 -0.168
200.877 60.00 60.1700 6.7 -0.172 -0.195
200.926 60.00 60.1500 7.2 -0.155 -0.141
200.976 60.00 60.1400 7.4 -0.145 -0.108
201.026 60.00 60.1800 6.4 -0.182 -0.230
201.075 60.00 60.1700 6.8 -0.170 -0.189
201.126 60.00 60.1900 6.3 -0.188 -0.250
201.176 60.00 60.1400 7.5 -0.140 -0.093
201.226 60.00 60.1700 6.8 -0.167 -0.181
201.276 60.00 60.1600 7.0 -0.161 -0.161
201.326 60.00 60.1900 6.2 -0.191 -0.257
201.377 60.00 60.1700 6.8 -0.170 -0.188
201.426 60.00 60.1900 6.1 -0.195 -0.270
201.476 60.00 60.1800 6.6 -0.178 -0.215
201.526 60.00 60.1200 8.0 -0.126 -0.045
201.575 60.00 60.1500 7.2 -0.155 -0.140
201.626 60.00 60.1700 6.8 -0.167 -0.181
201.677 60.00 60.1800 6.4 -0.184 -0.236
201.727 60.00 60.1700 6.6 -0.176 -0.208
201.778 60.00 60.1800 6.5 -0.180 -0.221
201.827 60.00 60.1800 6.5 -0.182 -0.227
201.878 60.00 60.1700 6.8 -0.170 -0.187
201.927 60.00 60.1700 6.8 -0.170 -0.187
201.977 60.00 60.1600 6.9 -0.165 -0.172
202.027 60.00 60.1700 6.7 -0.172 -0.193
202.076 60.00 60.1700 6.7 -0.172 -0.193
202.127 60.00 60.1900 6.2 -0.191 -0.255
202.177 60.00 60.2000 5.8 -0.205 -0.301
202.227 60.00 60.1900 6.2 -0.193 -0.260
202.278 60.00 60.1800 6.5 -0.182 -0.225
202.326 60.00 60.1900 6.2 -0.193 -0.259
202.377 60.00 60.1600 7.1 -0.157 -0.143
202.427 60.00 60.1800 6.5 -0.182 -0.225
202.477 60.00 60.1900 6.4 -0.186 -0.238
202.527 60.00 60.2000 6.1 -0.197 -0.272
202.577 60.00 60.1900 6.2 -0.191 -0.252
202.628 60.00 60.1900 6.4 -0.186 -0.237
202.677 60.00 60.1800 6.6 -0.178 -0.210
202.728 60.00 60.1900 6.3 -0.188 -0.243
202.778 60.00 60.1900 6.4 -0.186 -0.236
202.827 60.00 60.2100 5.7 -0.212 -0.318
202.878 60.00 60.1900 6.2 -0.195 -0.263
202.928 60.00 60.2100 5.8 -0.207 -0.303
202.978 60.00 60.1900 6.2 -0.195 -0.262
203.029 60.00 60.2400 4.9 -0.241 -0.410
203.078 60.00 60.2100 5.6 -0.216 -0.328
203.129 60.00 60.2000 6.1 -0.197 -0.266
203.178 60.00 60.2200 5.3 -0.226 -0.361
203.228 60.00 60.2100 5.8 -0.209 -0.305
203.278 60.00 60.2100 5.7 -0.212 -0.312
203.327 60.00 60.1900 6.4 -0.188 -0.236
203.378 60.00 60.2000 6.0 -0.201 -0.277
203.428 60.00 60.1900 6.2 -0.195 -0.256
203.478 60.00 60.2300 5.3 -0.230 -0.371
203.528 60.00 60.1900 6.2 -0.195 -0.255
203.578 60.00 60.2100 5.8 -0.212 -0.309
203.629 60.00 60.1900 6.4 -0.186 -0.226
203.678 60.00 60.2100 5.7 -0.214 -0.315
203.729 60.00 60.2000 5.9 -0.205 -0.287
203.779 60.00 60.2100 5.8 -0.212 -0.307
203.828 60.00 60.2100 5.8 -0.212 -0.306
203.879 60.00 60.2100 5.7 -0.216 -0.319
203.929 60.00 60.2100 5.8 -0.212 -0.305
203.979 60.00 60.1800 6.6 -0.182 -0.209
204.030 60.00 60.2100 5.9 -0.207 -0.291
204.079 60.00 60.2100 5.9 -0.207 -0.290
204.130 60.00 60.2000 6.1 -0.199 -0.263
204.179 60.00 60.2200 5.6 -0.220 -0.330
204.229 60.00 60.2600 4.5 -0.260 -0.458
204.280 60.00 60.2200 5.7 -0.218 -0.321
204.329 60.00 60.2000 6.0 -0.205 -0.280
204.380 60.00 60.2200 5.6 -0.220 -0.327
204.429 60.00 60.2100 5.7 -0.216 -0.312
204.479 60.00 60.2800 4.1 -0.278 -0.516
204.529 60.00 60.2300 5.3 -0.233 -0.365
204.578 60.00 60.2200 5.5 -0.226 -0.344
204.629 60.00 60.2400 5.2 -0.237 -0.377
204.679 60.00 60.2100 5.9 -0.209 -0.287
204.729 60.00 60.2200 5.7 -0.218 -0.314
204.781 60.00 60.2200 5.7 -0.220 -0.321
204.829 60.00 60.2100 5.9 -0.212 -0.293
204.880 60.00 60.1900 6.4 -0.191 -0.225
204.930 60.00 60.2300 5.4 -0.228 -0.347
204.980 60.00 60.2200 5.6 -0.222 -0.325
205.030 60.00 60.2200 5.6 -0.222 -0.325
205.079 60.00 60.2300 5.3 -0.235 -0.365
205.130 60.00 60.2300 5.3 -0.233 -0.358
205.180 60.00 60.2100 5.8 -0.214 -0.295
205.230 60.00 60.2400 5.2 -0.239 -0.376
205.280 60.00 60.2400 5.2 -0.239 -0.376
205.330 60.00 60.2400 5.2 -0.241 -0.381
205.381 60.00 60.2500 5.0 -0.247 -0.400
205.430 60.00 60.2400 5.2 -0.241 -0.379
205.480 60.00 60.2300 5.4 -0.233 -0.352
205.530 60.00 60.2200 5.6 -0.224 -0.324
205.579 60.00 60.2500 5.0 -0.247 -0.397
205.630 60.00 60.2300 5.4 -0.233 -0.350
205.680 60.00 60.2200 5.7 -0.222 -0.315
205.730 60.00 60.2300 5.4 -0.235 -0.355
205.781 60.00 60.2500 5.0 -0.247 -0.394
205.832 60.00 60.2400 5.3 -0.237 -0.360
205.881 60.00 60.2600 4.8 -0.257 -0.427
205.931 60.00 60.2400 5.3 -0.239 -0.365
205.981 60.00 60.2200 5.7 -0.224 -0.317
206.031 60.00 60.2600 4.8 -0.257 -0.424
206.081 60.00 60.2600 4.8 -0.257 -0.423
206.131 60.00 60.2300 5.6 -0.228 -0.328
206.181 60.00 60.2600 4.8 -0.260 -0.429
206.231 60.00 60.2100 6.0 -0.212 -0.271
206.281 60.00 60.2500 5.0 -0.251 -0.400
206.331 60.00 60.2500 5.0 -0.249 -0.392
206.381 60.00 60.2400 5.3 -0.241 -0.364
206.431 60.00 60.2400 5.3 -0.241 -0.363
206.481 60.00 60.2500 5.1 -0.249 -0.390
206.531 60.00 60.2400 5.2 -0.245 -0.375
206.582 60.00 60.2600 4.8 -0.260 -0.422
206.631 60.00 60.2400 5.4 -0.239 -0.353
206.681 60.00 60.2600 4.7 -0.264 -0.434
206.731 60.00 60.2400 5.2 -0.245 -0.372
206.781 60.00 60.2600 4.8 -0.260 -0.419
206.832 60.00 60.2700 4.5 -0.270 -0.452
206.882 60.00 60.2400 5.2 -0.245 -0.369
206.932 60.00 60.2600 4.8 -0.262 -0.422
206.982 60.00 60.2400 5.3 -0.243 -0.361
207.032 60.00 60.2600 4.8 -0.264 -0.428
207.083 60.00 60.2700 4.6 -0.270 -0.447
207.133 60.00 60.2500 5.1 -0.251 -0.384
207.182 60.00 60.2600 4.8 -0.264 -0.425
207.232 60.00 60.2700 4.6 -0.272 -0.451
207.281 60.00 60.2600 4.7 -0.266 -0.429
207.332 60.00 60.2500 5.1 -0.253 -0.387
207.382 60.00 60.2500 5.0 -0.255 -0.393
207.432 60.00 60.2400 5.5 -0.237 -0.331
207.482 60.00 60.2600 5.0 -0.257 -0.399
207.532 60.00 60.2200 5.9 -0.222 -0.282
207.583 60.00 60.2800 4.4 -0.281 -0.472
207.633 60.00 60.2500 5.1 -0.253 -0.382
207.682 60.00 60.2600 4.9 -0.262 -0.409
207.732 60.00 60.2700 4.7 -0.268 -0.428
207.781 60.00 60.2700 4.7 -0.270 -0.435
207.833 60.00 60.2600 5.0 -0.260 -0.399
207.883 60.00 60.3000 3.9 -0.301 -0.534
207.933 60.00 60.2500 5.2 -0.251 -0.369
207.983 60.00 60.2600 5.0 -0.260 -0.396
208.032 60.00 60.2700 4.7 -0.270 -0.430
208.083 60.00 60.2800 4.4 -0.281 -0.463
208.134 60.00 60.2800 4.4 -0.283 -0.468
208.184 60.00 60.2600 4.9 -0.264 -0.406
208.233 60.00 60.2600 4.9 -0.264 -0.405
208.283 60.00 60.3000 3.9 -0.301 -0.526
208.333 60.00 60.2500 5.2 -0.253 -0.368
208.384 60.00 60.2700 4.7 -0.274 -0.436
208.434 60.00 60.3000 4.0 -0.299 -0.516
208.483 60.00 60.2800 4.6 -0.278 -0.447
208.532 60.00 60.2600 5.1 -0.260 -0.385
208.583 60.00 60.2800 4.5 -0.281 -0.452
208.633 60.00 60.2600 4.9 -0.266 -0.403
208.683 60.00 60.2900 4.2 -0.293 -0.490
208.733 60.00 60.2400 5.5 -0.245 -0.333
208.782 60.00 60.2800 4.5 -0.281 -0.448
208.834 60.00 60.3000 4.1 -0.299 -0.508
208.884 60.00 60.2800 4.5 -0.285 -0.459
208.935 60.00 60.2900 4.3 -0.289 -0.472
208.984 60.00 60.2900 4.4 -0.289 -0.471
209.033 60.00 60.2900 4.4 -0.289 -0.470
209.084 60.00 60.2800 4.5 -0.283 -0.448
209.134 60.00 60.2900 4.3 -0.293 -0.481
209.184 60.00 60.2800 4.7 -0.276 -0.426
209.234 60.00 60.2800 4.6 -0.281 -0.438
209.283 60.00 60.2700 4.8 -0.274 -0.417
209.334 60.00 60.2900 4.4 -0.291 -0.470
209.384 60.00 60.2900 4.4 -0.291 -0.469
209.435 60.00 60.3000 4.0 -0.306 -0.516
209.485 60.00 60.2500 5.3 -0.255 -0.351
209.533 60.00 60.2700 4.9 -0.272 -0.405
209.584 60.00 60.2800 4.6 -0.285 -0.445
209.634 60.00 60.2600 5.1 -0.266 -0.383
209.684 60.00 60.3000 4.2 -0.297 -0.484
209.734 60.00 60.2800 4.7 -0.281 -0.429
209.783 60.00 60.2900 4.5 -0.289 -0.455
209.834 60.00 60.2900 4.4 -0.291 -0.460
209.885 60.00 60.2900 4.4 -0.291 -0.459
209.936 60.00 60.2900 4.4 -0.293 -0.465
209.986 60.00 60.3100 3.9 -0.312 -0.525
210.035 60.00 60.3100 4.0 -0.308 -0.511
210.086 60.00 60.2800 4.9 -0.276 -0.407
210.135 60.00 60.3000 4.3 -0.297 -0.474
210.185 60.00 60.3200 3.6 -0.325 -0.562
210.235 60.00 60.2900 4.4 -0.295 -0.465
210.284 60.00 60.3000 4.1 -0.306 -0.498
210.335 60.00 60.2900 4.5 -0.291 -0.449
210.385 60.00 60.3000 4.2 -0.301 -0.482
210.435 60.00 60.2900 4.4 -0.295 -0.461
210.485 60.00 60.3000 4.4 -0.297 -0.466
210.534 60.00 60.3000 4.3 -0.301 -0.479
210.585 60.00 60.3000 4.3 -0.299 -0.471
210.635 60.00 60.3100 4.1 -0.308 -0.497
210.686 60.00 60.3100 3.9 -0.316 -0.523
210.736 60.00 60.3100 4.0 -0.314 -0.515
210.784 60.00 60.2900 4.5 -0.293 -0.445
210.835 60.00 60.3000 4.3 -0.301 -0.472
210.886 60.00 60.3100 4.2 -0.308 -0.491
210.936 60.00 60.3200 3.7 -0.325 -0.545
210.986 60.00 60.3100 4.0 -0.314 -0.509
211.035 60.00 60.3100 4.1 -0.310 -0.495
211.086 60.00 60.2900 4.6 -0.293 -0.438
211.136 60.00 60.3000 4.3 -0.304 -0.472
211.186 60.00 60.3000 4.4 -0.301 -0.464
211.237 60.00 60.3100 4.2 -0.310 -0.490
211.286 60.00 60.3000 4.3 -0.304 -0.469
211.336 60.00 60.3200 3.9 -0.320 -0.522
211.386 60.00 60.3200 3.9 -0.320 -0.521
211.436 60.00 60.3100 4.0 -0.316 -0.506
211.486 60.00 60.3000 4.4 -0.304 -0.464
211.535 60.00 60.3100 4.1 -0.314 -0.497
211.586 60.00 60.3200 4.0 -0.318 -0.509
211.636 60.00 60.3100 4.2 -0.310 -0.481
211.686 60.00 60.3100 4.2 -0.312 -0.487
211.737 60.00 60.3300 3.8 -0.326 -0.533
211.786 60.00 60.3200 4.0 -0.320 -0.512
211.836 60.00 60.3100 4.3 -0.310 -0.477
211.886 60.00 60.3100 4.2 -0.314 -0.489
211.937 60.00 60.3100 4.1 -0.316 -0.495
211.987 60.00 60.3300 3.8 -0.329 -0.534
212.036 60.00 60.3100 4.2 -0.314 -0.485
212.087 60.00 60.3000 4.5 -0.304 -0.450
212.137 60.00 60.3200 4.1 -0.318 -0.497
212.187 60.00 60.3200 4.0 -0.322 -0.510
212.237 60.00 60.3200 4.1 -0.318 -0.495
212.287 60.00 60.3200 4.0 -0.320 -0.501
212.337 60.00 60.3300 3.9 -0.326 -0.520
212.387 60.00 60.3200 4.0 -0.322 -0.505
212.437 60.00 60.3300 3.7 -0.335 -0.544
212.487 60.00 60.3300 3.9 -0.329 -0.523
212.537 60.00 60.3000 4.5 -0.306 -0.447
212.588 60.00 60.3200 4.0 -0.322 -0.501
212.637 60.00 60.3200 4.2 -0.318 -0.486
212.687 60.00 60.3200 4.1 -0.322 -0.498
212.737 60.00 60.3200 4.1 -0.320 -0.490
212.786 60.00 60.3100 4.2 -0.316 -0.476
212.837 60.00 60.3200 4.1 -0.320 -0.488
212.887 60.00 60.3900 2.4 -0.387 -0.704
212.938 60.00 60.3300 4.0 -0.326 -0.505
212.989 60.00 60.2800 5.3 -0.276 -0.341
213.038 60.00 60.3300 4.0 -0.326 -0.504
213.089 60.00 60.3400 3.6 -0.341 -0.550
213.138 60.00 60.3200 4.2 -0.320 -0.481
213.188 60.00 60.3400 3.6 -0.343 -0.555
213.238 60.00 60.3100 4.5 -0.310 -0.445
213.287 60.00 60.3300 3.9 -0.331 -0.512
213.338 60.00 60.3200 4.3 -0.318 -0.470
213.388 60.00 60.3300 4.0 -0.329 -0.503
213.438 60.00 60.2800 5.2 -0.285 -0.359
213.488 60.00 60.3400 3.8 -0.337 -0.529
213.538 60.00 60.3100 4.6 -0.308 -0.433
213.589 60.00 60.3100 4.6 -0.308 -0.432
213.639 60.00 60.3000 4.7 -0.306 -0.424
213.688 60.00 60.3400 3.8 -0.339 -0.532
213.738 60.00 60.3200 4.2 -0.325 -0.484
213.787 60.00 60.3200 4.2 -0.322 -0.476
213.838 60.00 60.3600 3.2 -0.362 -0.604
213.888 60.00 60.3100 4.4 -0.316 -0.453
213.938 60.00 60.3200 4.3 -0.320 -0.466
213.990 60.00 60.3300 3.9 -0.335 -0.512
214.039 60.00 60.3400 3.8 -0.339 -0.524
214.090 60.00 60.3300 4.2 -0.326 -0.483
214.139 60.00 60.3300 4.1 -0.329 -0.488
214.189 60.00 60.4200 1.7 -0.421 -0.786
214.239 60.00 60.3300 4.2 -0.326 -0.478
214.289 60.00 60.3300 4.1 -0.331 -0.491
214.340 60.00 60.3500 3.6 -0.349 -0.551
214.390 60.00 60.3300 4.0 -0.333 -0.496
214.439 60.00 60.3400 3.8 -0.343 -0.528
214.489 60.00 60.3400 3.7 -0.345 -0.534
214.538 60.00 60.3000 4.8 -0.306 -0.404
214.589 60.00 60.3600 3.3 -0.362 -0.587
214.639 60.00 60.3000 4.8 -0.306 -0.402
214.689 60.00 60.3300 4.1 -0.333 -0.490
214.739 60.00 60.3100 4.7 -0.312 -0.420
214.788 60.00 60.3200 4.4 -0.322 -0.454
214.840 60.00 60.3300 4.2 -0.331 -0.480
214.890 60.00 60.3300 4.1 -0.333 -0.486
214.940 60.00 60.3600 3.4 -0.360 -0.574
214.990 60.00 60.3300 4.1 -0.333 -0.484
215.040 60.00 60.3400 3.8 -0.345 -0.524
215.090 60.00 60.3200 4.4 -0.322 -0.448
215.140 60.00 60.3600 3.3 -0.364 -0.583
215.190 60.00 60.3600 3.3 -0.364 -0.582
215.240 60.00 60.3300 4.2 -0.331 -0.471
215.290 60.00 60.3300 4.2 -0.331 -0.471
215.340 60.00 60.3000 5.0 -0.304 -0.381
215.390 60.00 60.3400 4.0 -0.339 -0.496
215.440 60.00 60.3400 4.0 -0.339 -0.495
215.490 60.00 60.3300 4.2 -0.333 -0.474
215.541 60.00 60.3400 3.9 -0.345 -0.514
215.590 60.00 60.3600 3.5 -0.360 -0.561
215.640 60.00 60.3500 3.8 -0.349 -0.525
215.690 60.00 60.3400 3.9 -0.345 -0.511
215.740 60.00 60.3300 4.2 -0.335 -0.475
215.790 60.00 60.3400 4.0 -0.341 -0.495
215.840 60.00 60.3200 4.5 -0.322 -0.433
215.890 60.00 60.3300 4.3 -0.333 -0.466
215.940 60.00 60.3200 4.6 -0.320 -0.425
215.991 60.00 60.3500 3.7 -0.354 -0.533
216.042 60.00 60.3300 4.4 -0.329 -0.450
216.092 60.00 60.3400 4.1 -0.339 -0.483
216.141 60.00 60.3000 5.2 -0.299 -0.353
216.191 60.00 60.3600 3.6 -0.358 -0.543
216.240 60.00 60.3500 3.8 -0.354 -0.529
216.292 60.00 60.3300 4.3 -0.335 -0.466
216.342 60.00 60.3300 4.4 -0.331 -0.452
216.392 60.00 60.3200 4.7 -0.318 -0.410
216.441 60.00 60.3300 4.4 -0.331 -0.450
216.490 60.00 60.3300 4.4 -0.329 -0.443
216.541 60.00 60.3500 3.8 -0.352 -0.517
216.591 60.00 60.3300 4.3 -0.335 -0.461
216.641 60.00 60.3600 3.6 -0.362 -0.549
216.691 60.00 60.3400 4.1 -0.343 -0.487
216.740 60.00 60.3800 3.1 -0.379 -0.601
216.792 60.00 60.3300 4.5 -0.329 -0.437
216.842 60.00 60.3400 4.1 -0.343 -0.484
216.892 60.00 60.3500 3.9 -0.349 -0.503
216.941 60.00 60.3300 4.6 -0.326 -0.427
216.990 60.00 60.3300 4.5 -0.329 -0.434
217.042 60.00 60.3300 4.3 -0.335 -0.453
217.092 60.00 60.3600 3.5 -0.366 -0.554
217.142 60.00 60.3300 4.5 -0.331 -0.438
217.192 60.00 60.3300 4.5 -0.331 -0.437
217.241 60.00 60.3500 3.9 -0.352 -0.504
217.292 60.00 60.3300 4.5 -0.331 -0.436
217.342 60.00 60.3400 4.3 -0.337 -0.455
217.393 60.00 60.3400 4.1 -0.345 -0.482
217.443 60.00 60.3400 4.2 -0.341 -0.467
217.491 60.00 60.3400 4.2 -0.343 -0.473
217.542 60.00 60.3300 4.4 -0.335 -0.445
217.592 60.00 60.3200 4.7 -0.325 -0.411
217.642 60.00 60.3400 4.2 -0.343 -0.471
217.692 60.00 60.3200 4.9 -0.318 -0.389
217.741 60.00 60.3500 3.9 -0.356 -0.511
217.792 60.00 60.3400 4.3 -0.341 -0.462
217.842 60.00 60.3500 3.9 -0.356 -0.509
217.893 60.00 60.3300 4.5 -0.331 -0.427
217.943 60.00 60.3400 4.3 -0.341 -0.460
217.991 60.00 60.3300 4.7 -0.326 -0.412
218.043 60.00 60.3400 4.2 -0.343 -0.466
218.093 60.00 60.3300 4.6 -0.331 -0.424
218.143 60.00 60.3600 3.9 -0.358 -0.512
218.193 60.00 60.3400 4.4 -0.337 -0.443
218.242 60.00 60.3400 4.4 -0.339 -0.449
218.293 60.00 60.3400 4.3 -0.341 -0.455
218.343 60.00 60.3700 3.5 -0.370 -0.549
218.393 60.00 60.3500 4.1 -0.349 -0.480
218.443 60.00 60.3300 4.5 -0.333 -0.425
218.492 60.00 60.3500 3.9 -0.356 -0.499
218.543 60.00 60.3400 4.2 -0.345 -0.465
218.593 60.00 60.2800 6.1 -0.276 -0.240
218.643 60.00 60.3400 4.5 -0.337 -0.437
218.694 60.00 60.3300 4.6 -0.331 -0.416
218.743 60.00 60.3300 4.6 -0.333 -0.422
218.794 60.00 60.3500 4.0 -0.354 -0.490
218.843 60.00 60.3300 4.6 -0.333 -0.421
218.893 60.00 60.3600 3.7 -0.366 -0.528
218.943 60.00 60.3500 4.2 -0.349 -0.473
218.992 60.00 60.3500 4.2 -0.347 -0.466
219.043 60.00 60.3400 4.4 -0.341 -0.445
219.094 60.00 60.3400 4.3 -0.345 -0.458
219.144 60.00 60.3400 4.3 -0.343 -0.450
219.194 60.00 60.3400 4.3 -0.343 -0.450
219.243 60.00 60.3700 3.6 -0.372 -0.544
219.295 60.00 60.3300 4.6 -0.333 -0.414
219.345 60.00 60.3400 4.4 -0.341 -0.440
219.395 60.00 60.3500 4.2 -0.349 -0.467
219.444 60.00 60.3200 5.0 -0.320 -0.371
219.493 60.00 60.3400 4.4 -0.341 -0.439
219.544 60.00 60.3500 4.2 -0.352 -0.472
219.594 60.00 60.3600 4.0 -0.358 -0.492
219.644 60.00 60.3500 4.3 -0.347 -0.457
219.694 60.00 60.3300 4.7 -0.331 -0.402
219.743 60.00 60.3200 4.9 -0.325 -0.381
219.794 60.00 60.3300 4.7 -0.333 -0.408
219.845 60.00 60.3300 4.6 -0.335 -0.414
219.895 60.00 60.3300 4.7 -0.333 -0.407
219.944 60.00 60.3200 5.1 -0.318 -0.359
219.993 60.00 60.3200 5.0 -0.320 -0.366
220.044 60.00 60.3200 5.0 -0.320 -0.365
220.094 60.00 60.3100 5.3 -0.310 -0.331
220.145 60.00 60.3200 5.0 -0.322 -0.372
220.195 60.00 60.3500 4.2 -0.349 -0.459
220.244 60.00 60.3400 4.4 -0.343 -0.439
220.295 60.00 60.3500 4.2 -0.349 -0.458
220.345 60.00 60.3300 4.9 -0.326 -0.383
220.395 60.00 60.3400 4.4 -0.345 -0.444
220.445 60.00 60.3200 5.0 -0.322 -0.369
220.494 60.00 60.3400 4.4 -0.345 -0.443
220.546 60.00 60.3200 4.9 -0.325 -0.375
220.596 60.00 60.3100 5.4 -0.308 -0.320
220.645 60.00 60.3100 5.2 -0.314 -0.340
220.695 60.00 60.3200 5.1 -0.318 -0.353
220.744 60.00 60.3100 5.2 -0.314 -0.339
220.795 60.00 60.3000 5.5 -0.304 -0.305
220.845 60.00 60.3200 5.0 -0.322 -0.367
220.895 60.00 60.3000 5.4 -0.306 -0.312
220.945 60.00 60.3300 4.7 -0.333 -0.400
220.994 60.00 60.2800 6.0 -0.283 -0.236
221.046 60.00 60.3000 5.6 -0.299 -0.291
221.096 60.00 60.3300 4.8 -0.329 -0.387
221.147 60.00 60.3100 5.2 -0.314 -0.339
221.196 60.00 60.3200 5.0 -0.322 -0.366
221.245 60.00 60.3200 4.9 -0.325 -0.372
221.296 60.00 60.3400 4.6 -0.337 -0.412
221.346 60.00 60.3200 5.1 -0.318 -0.351
221.396 60.00 60.3500 4.2 -0.354 -0.467
221.446 60.00 60.3200 5.0 -0.322 -0.364
221.495 60.00 60.3400 4.6 -0.339 -0.418
221.547 60.00 60.3500 4.2 -0.352 -0.458
221.597 60.00 60.2700 6.3 -0.274 -0.206
221.647 60.00 60.3200 5.1 -0.320 -0.356
221.697 60.00 60.3300 4.8 -0.329 -0.383
221.745 60.00 60.3400 4.6 -0.337 -0.409
221.796 60.00 60.3100 5.2 -0.316 -0.342
221.846 60.00 60.3300 4.7 -0.333 -0.396
221.896 60.00 60.3000 5.6 -0.299 -0.286
221.946 60.00 60.3400 4.5 -0.341 -0.422
221.995 60.00 60.3400 4.6 -0.337 -0.408
222.046 60.00 60.3400 4.6 -0.337 -0.408
222.096 60.00 60.3300 4.8 -0.331 -0.387
222.148 60.00 60.3300 4.8 -0.331 -0.387
222.198 60.00 60.3100 5.2 -0.316 -0.339
222.246 60.00 60.3300 4.9 -0.326 -0.372
222.298 60.00 60.3000 5.5 -0.306 -0.304
222.347 60.00 60.3000 5.5 -0.304 -0.298
222.397 60.00 60.3300 4.8 -0.331 -0.386
222.448 60.00 60.3100 5.3 -0.312 -0.324
222.497 60.00 60.3100 5.4 -0.308 -0.311
222.547 60.00 60.3100 5.4 -0.310 -0.318
222.597 60.00 60.3400 4.5 -0.341 -0.419
222.647 60.00 60.3000 5.5 -0.306 -0.304
222.697 60.00 60.3100 5.4 -0.310 -0.317
222.746 60.00 60.3200 5.0 -0.322 -0.358
222.797 60.00 60.2900 5.8 -0.295 -0.269
222.847 60.00 60.3100 5.2 -0.316 -0.338
222.897 60.00 60.3200 5.2 -0.318 -0.344
222.948 60.00 60.3000 5.7 -0.299 -0.283
222.996 60.00 60.3300 4.9 -0.329 -0.378
223.047 60.00 60.3100 5.3 -0.312 -0.323
223.097 60.00 60.3200 5.0 -0.325 -0.364
223.147 60.00 60.2700 6.4 -0.270 -0.187
223.198 60.00 60.2900 6.0 -0.287 -0.242
223.248 60.00 60.3000 5.5 -0.304 -0.296
223.298 60.00 60.3000 5.5 -0.306 -0.303
223.348 60.00 60.3000 5.7 -0.297 -0.276
223.398 60.00 60.2800 6.1 -0.281 -0.222
223.448 60.00 60.3200 5.0 -0.325 -0.365
223.498 60.00 60.3100 5.4 -0.308 -0.311
223.548 60.00 60.3000 5.5 -0.306 -0.304
223.598 60.00 60.3100 5.3 -0.312 -0.324
223.648 60.00 60.3000 5.7 -0.297 -0.276
223.698 60.00 60.3100 5.4 -0.308 -0.311
223.748 60.00 60.3100 5.2 -0.316 -0.338
223.799 60.00 60.3000 5.6 -0.299 -0.283
223.849 60.00 60.3400 4.5 -0.341 -0.419
223.898 60.00 60.2900 5.8 -0.293 -0.262
223.948 60.00 60.3100 5.3 -0.310 -0.317
223.998 60.00 60.3000 5.5 -0.306 -0.303
224.048 60.00 60.2800 6.1 -0.281 -0.222
224.098 60.00 60.3000 5.5 -0.304 -0.297
224.148 60.00 60.3400 4.6 -0.337 -0.405
224.198 60.00 60.3000 5.6 -0.299 -0.283
224.249 60.00 60.3100 5.2 -0.314 -0.330
224.299 60.00 60.3000 5.6 -0.301 -0.290
224.349 60.00 60.2900 5.8 -0.291 -0.255
224.399 60.00 60.2900 5.9 -0.289 -0.249
224.448 60.00 60.2800 6.1 -0.281 -0.222
224.499 60.00 60.2900 5.8 -0.293 -0.263
224.549 60.00 60.2800 6.0 -0.285 -0.236
224.599 60.00 60.2800 6.2 -0.276 -0.210
224.650 60.00 60.3000 5.4 -0.306 -0.305
224.699 60.00 60.3000 5.4 -0.306 -0.305
224.749 60.00 60.2900 5.9 -0.289 -0.251
224.799 60.00 60.2800 6.2 -0.278 -0.217
224.849 60.00 60.2900 5.8 -0.291 -0.258
224.899 60.00 60.3000 5.5 -0.304 -0.299
224.948 60.00 60.2700 6.3 -0.274 -0.204
224.999 60.00 60.2900 5.8 -0.291 -0.258
225.049 60.00 60.2900 5.9 -0.289 -0.252
225.099 60.00 60.3000 5.4 -0.306 -0.307
225.150 60.00 60.3000 5.5 -0.301 -0.293
225.199 60.00 60.2900 5.8 -0.291 -0.259
225.251 60.00 60.2900 5.9 -0.287 -0.246
225.300 60.00 60.2700 6.4 -0.270 -0.192
225.350 60.00 60.2900 5.8 -0.293 -0.267
225.400 60.00 60.3000 5.6 -0.297 -0.281
225.449 60.00 60.2800 6.0 -0.285 -0.240
225.500 60.00 60.2900 5.7 -0.295 -0.275
225.550 60.00 60.2200 7.6 -0.222 -0.037
225.600 60.00 60.2500 6.7 -0.255 -0.146
225.650 60.00 60.2900 5.7 -0.295 -0.277
225.699 60.00 60.2900 5.8 -0.291 -0.262
225.751 60.00 60.2800 5.9 -0.285 -0.242
225.801 60.00 60.2700 6.4 -0.268 -0.188
225.850 60.00 60.2700 6.3 -0.270 -0.196
225.900 60.00 60.2800 6.2 -0.276 -0.217
225.949 60.00 60.2800 6.1 -0.278 -0.224
226.000 60.00 60.2900 5.9 -0.287 -0.251
226.050 60.00 60.2700 6.2 -0.274 -0.211
226.100 60.00 60.3100 5.3 -0.308 -0.320
226.150 60.00 60.2900 5.9 -0.287 -0.252
226.199 60.00 60.2500 6.7 -0.255 -0.150
226.251 60.00 60.2700 6.3 -0.270 -0.199
226.301 60.00 60.2700 6.3 -0.270 -0.199
226.351 60.00 60.2800 6.0 -0.283 -0.240
226.401 60.00 60.3000 5.5 -0.299 -0.295
226.450 60.00 60.2800 5.9 -0.285 -0.247
226.501 60.00 60.2800 6.1 -0.278 -0.227
226.552 60.00 60.2800 6.1 -0.278 -0.227
226.602 60.00 60.2800 6.1 -0.276 -0.221
226.651 60.00 60.2700 6.2 -0.272 -0.207
226.700 60.00 60.2600 6.5 -0.262 -0.174
226.751 60.00 60.2600 6.5 -0.260 -0.168
226.801 60.00 60.2600 6.5 -0.260 -0.168
226.851 60.00 60.2600 6.4 -0.264 -0.183
226.901 60.00 60.2800 5.9 -0.283 -0.244
226.950 60.00 60.2800 6.1 -0.276 -0.224
227.002 60.00 60.2800 6.0 -0.281 -0.238
227.052 60.00 60.2900 5.6 -0.295 -0.286
227.102 60.00 60.2800 6.0 -0.278 -0.232
227.151 60.00 60.2500 6.7 -0.253 -0.150
227.200 60.00 60.2500 6.7 -0.253 -0.151
227.251 60.00 60.2400 6.9 -0.245 -0.124
227.302 60.00 60.2900 5.8 -0.287 -0.261
227.352 60.00 60.2700 6.2 -0.270 -0.207
227.402 60.00 60.2600 6.5 -0.260 -0.173
227.451 60.00 60.2500 6.6 -0.255 -0.160
227.502 60.00 60.2700 6.2 -0.272 -0.215
227.552 60.00 60.2600 6.5 -0.257 -0.168
227.603 60.00 60.2600 6.5 -0.257 -0.168
227.653 60.00 60.2600 6.3 -0.266 -0.196
227.701 60.00 60.2800 6.0 -0.278 -0.238
227.752 60.00 60.2400 7.1 -0.237 -0.102
227.802 60.00 60.2500 6.6 -0.255 -0.164
227.852 60.00 60.2700 6.2 -0.268 -0.205
227.902 60.00 60.2600 6.3 -0.264 -0.192
227.951 60.00 60.2500 6.6 -0.253 -0.158
228.002 60.00 60.2300 7.1 -0.235 -0.098
228.052 60.00 60.2500 6.7 -0.251 -0.153
228.102 60.00 60.2500 6.5 -0.255 -0.167
228.152 60.00 60.2600 6.4 -0.262 -0.188
228.202 60.00 60.2400 7.0 -0.239 -0.114
228.253 60.00 60.2600 6.5 -0.257 -0.176
228.303 60.00 60.2500 6.7 -0.249 -0.149
228.353 60.00 60.2500 6.7 -0.247 -0.142
228.403 60.00 60.2600 6.5 -0.257 -0.177
228.453 60.00 60.2600 6.2 -0.266 -0.205
228.504 60.00 60.2500 6.6 -0.253 -0.165
228.554 60.00 60.2500 6.5 -0.253 -0.165
228.603 60.00 60.2400 6.8 -0.245 -0.139
228.653 60.00 60.2400 6.9 -0.241 -0.126
228.702 60.00 60.2500 6.5 -0.255 -0.174
228.753 60.00 60.2300 7.0 -0.235 -0.107
228.803 60.00 60.2500 6.5 -0.253 -0.168
228.853 60.00 60.2500 6.5 -0.253 -0.169
228.903 60.00 60.2500 6.6 -0.251 -0.163
228.953 60.00 60.2400 6.8 -0.243 -0.137
229.003 60.00 60.2400 6.8 -0.243 -0.137
229.053 60.00 60.2400 6.8 -0.243 -0.138
229.103 60.00 60.2500 6.5 -0.251 -0.165
229.153 60.00 60.2800 5.9 -0.276 -0.248
229.202 60.00 60.2500 6.6 -0.249 -0.159
229.253 60.00 60.2400 6.8 -0.241 -0.133
229.303 60.00 60.2400 6.7 -0.245 -0.147
229.354 60.00 60.2500 6.6 -0.249 -0.161
229.404 60.00 60.2400 6.8 -0.241 -0.134
229.454 60.00 60.2400 6.9 -0.237 -0.122
229.505 60.00 60.2400 6.8 -0.241 -0.136
229.554 60.00 60.2400 6.7 -0.245 -0.150
229.604 60.00 60.2100 7.6 -0.209 -0.035
229.654 60.00 60.2200 7.3 -0.222 -0.077
229.703 60.00 60.2300 7.0 -0.233 -0.113
229.754 60.00 60.2300 7.0 -0.233 -0.113
229.804 60.00 60.2300 6.9 -0.235 -0.121
229.854 60.00 60.2300 7.0 -0.233 -0.115
229.904 60.00 60.2400 6.7 -0.241 -0.142
229.954 60.00 60.2200 7.3 -0.218 -0.068
230.005 60.00 60.2300 7.0 -0.228 -0.103
230.055 60.00 60.2500 6.5 -0.247 -0.164
230.104 60.00 60.2500 6.5 -0.247 -0.165
230.154 60.00 60.2200 7.1 -0.226 -0.098
230.203 60.00 60.2100 7.5 -0.212 -0.051
230.254 60.00 60.2400 6.6 -0.243 -0.154
230.305 60.00 60.2200 7.2 -0.220 -0.080
230.355 60.00 60.2200 7.2 -0.222 -0.088
230.405 60.00 60.2100 7.3 -0.216 -0.068
230.454 60.00 60.2000 7.6 -0.205 -0.035
230.505 60.00 60.2500 6.5 -0.247 -0.171
230.555 60.00 60.2400 6.7 -0.239 -0.146
230.605 60.00 60.2000 7.6 -0.205 -0.037
230.655 60.00 60.2300 6.9 -0.230 -0.120
230.704 60.00 60.1900 8.0 -0.191 0.008
230.755 60.00 60.2200 7.0 -0.226 -0.108
230.805 60.00 60.2200 7.2 -0.218 -0.082
230.856 60.00 60.2300 6.9 -0.228 -0.117
230.906 60.00 60.2400 6.7 -0.237 -0.144
230.954 60.00 60.2300 6.9 -0.230 -0.124
231.005 60.00 60.2000 7.5 -0.205 -0.044
231.055 60.00 60.1900 7.8 -0.195 -0.011
231.105 60.00 60.2200 7.0 -0.224 -0.107
231.155 60.00 60.2400 6.7 -0.237 -0.149
231.204 60.00 60.1900 8.0 -0.188 0.007
231.255 60.00 60.2200 7.0 -0.222 -0.103
231.305 60.00 60.2100 7.3 -0.214 -0.076
231.355 60.00 60.2000 7.5 -0.203 -0.043
231.406 60.00 60.2200 7.0 -0.222 -0.105
231.456 60.00 60.2100 7.2 -0.216 -0.085
231.507 60.00 60.2100 7.3 -0.209 -0.066
231.557 60.00 60.2200 6.9 -0.226 -0.122
231.606 60.00 60.2100 7.3 -0.212 -0.075
231.656 60.00 60.2100 7.2 -0.216 -0.089
231.706 60.00 60.2000 7.6 -0.199 -0.035
231.756 60.00 60.1900 7.8 -0.193 -0.016
231.806 60.00 60.2100 7.3 -0.209 -0.071
231.856 60.00 60.2100 7.2 -0.212 -0.079
231.906 60.00 60.1900 7.8 -0.188 -0.005
231.956 60.00 60.2500 6.3 -0.247 -0.196
232.007 60.00 60.2000 7.4 -0.205 -0.061
232.057 60.00 60.2000 7.5 -0.199 -0.042
232.107 60.00 60.2100 7.3 -0.207 -0.070
232.156 60.00 60.2100 7.3 -0.207 -0.070
232.206 60.00 60.2600 6.0 -0.257 -0.234
232.256 60.00 60.2000 7.5 -0.199 -0.044
232.307 60.00 60.2400 6.5 -0.239 -0.175
232.357 60.00 60.2000 7.6 -0.197 -0.039
232.406 60.00 60.1800 8.0 -0.180 0.014
232.457 60.00 60.1900 7.6 -0.195 -0.034
232.507 60.00 60.2000 7.4 -0.201 -0.055
232.557 60.00 60.2000 7.4 -0.201 -0.056
232.607 60.00 60.2200 6.9 -0.220 -0.119
232.656 60.00 60.2000 7.3 -0.205 -0.072
232.707 60.00 60.1500 8.7 -0.153 0.098
232.757 60.00 60.1900 7.6 -0.193 -0.033
232.807 60.00 60.2100 7.2 -0.209 -0.088
232.857 60.00 60.1900 7.8 -0.186 -0.014
232.907 60.00 60.1900 7.6 -0.191 -0.030
232.958 60.00 60.2000 7.3 -0.203 -0.071
233.008 60.00 60.1900 7.6 -0.191 -0.032
233.057 60.00 60.1900 7.6 -0.191 -0.033
233.107 60.00 60.1900 7.6 -0.193 -0.040
233.156 60.00 60.1000 10.1 -0.098 0.265
233.207 60.00 60.1600 8.3 -0.163 0.052
233.257 60.00 60.1800 7.9 -0.180 -0.004
233.307 60.00 60.2400 6.2 -0.241 -0.202
233.357 60.00 60.1800 7.8 -0.180 -0.005
233.406 60.00 60.2000 7.4 -0.197 -0.061
233.458 60.00 60.2000 7.2 -0.205 -0.089
233.509 60.00 60.1900 7.4 -0.195 -0.055
233.559 60.00 60.2000 7.3 -0.201 -0.076
233.609 60.00 60.1800 7.7 -0.184 -0.023
233.657 60.00 60.1800 7.8 -0.182 -0.017
233.708 60.00 60.1800 7.7 -0.184 -0.025
233.758 60.00 60.1800 7.8 -0.180 -0.013
233.808 60.00 60.1800 7.7 -0.182 -0.020
233.858 60.00 60.1900 7.4 -0.193 -0.055
233.907 60.00 60.1900 7.6 -0.186 -0.036
233.958 60.00 60.1900 7.6 -0.186 -0.036
234.008 60.00 60.1800 7.7 -0.180 -0.017
234.059 60.00 60.2000 7.3 -0.197 -0.073
234.109 60.00 60.1800 7.6 -0.184 -0.033
234.158 60.00 60.1800 7.8 -0.178 -0.013
234.208 60.00 60.1700 8.1 -0.167 0.020
234.258 60.00 60.1800 7.6 -0.184 -0.036
234.309 60.00 60.1900 7.4 -0.193 -0.064
234.358 60.00 60.1900 7.5 -0.188 -0.051
234.408 60.00 60.2100 7.0 -0.207 -0.113
234.460 60.00 60.2000 7.2 -0.197 -0.080
234.510 60.00 60.1700 7.8 -0.174 -0.006
234.559 60.00 60.1700 7.9 -0.170 0.007
234.609 60.00 60.1800 7.7 -0.178 -0.021
234.658 60.00 60.1700 8.0 -0.167 0.012
234.709 60.00 60.1700 7.9 -0.170 0.003
234.759 60.00 60.1700 8.0 -0.167 0.010
234.809 60.00 60.1700 7.8 -0.174 -0.012
234.859 60.00 60.1900 7.5 -0.186 -0.054
234.908 60.00 60.1700 7.8 -0.174 -0.014
234.960 60.00 60.1800 7.7 -0.178 -0.029
235.010 60.00 60.1800 7.6 -0.178 -0.029
235.060 60.00 60.1600 8.0 -0.165 0.011
235.109 60.00 60.1700 7.9 -0.167 0.003
235.158 60.00 60.2000 6.9 -0.205 -0.121
235.209 60.00 60.1600 8.1 -0.159 0.028
235.259 60.00 60.1600 7.9 -0.165 0.007
235.309 60.00 60.1500 8.3 -0.151 0.053
235.359 60.00 60.1600 7.9 -0.165 0.005
235.408 60.00 60.1100 9.5 -0.107 0.194
235.459 60.00 60.1600 8.0 -0.163 0.008
235.510 60.00 60.1400 8.6 -0.138 0.088
235.560 60.00 60.1800 7.5 -0.178 -0.042
235.610 60.00 60.1600 7.9 -0.163 0.005
235.660 60.00 60.1600 8.1 -0.157 0.024
235.711 60.00 60.1800 7.5 -0.178 -0.045
235.760 60.00 60.1400 8.6 -0.138 0.083
235.810 60.00 60.1600 8.0 -0.159 0.014
235.860 60.00 60.1600 7.9 -0.161 0.006
235.909 60.00 60.1700 7.7 -0.172 -0.029
235.960 60.00 60.1700 7.6 -0.172 -0.030
236.010 60.00 60.1600 8.0 -0.159 0.010
236.060 60.00 60.1700 7.6 -0.172 -0.032
236.110 60.00 60.1700 7.7 -0.167 -0.019
236.159 60.00 60.1500 8.2 -0.149 0.041
236.210 60.00 60.1500 8.2 -0.151 0.034
236.261 60.00 60.1600 7.9 -0.161 -0.002
236.311 60.00 60.1400 8.4 -0.142 0.058
236.360 60.00 60.1400 8.4 -0.140 0.064
236.409 60.00 60.0600 10.4 -0.065 0.307
236.460 60.00 60.1500 8.1 -0.153 0.020
236.511 60.00 60.1600 7.8 -0.161 -0.009
236.561 60.00 60.1700 7.5 -0.174 -0.051
236.611 60.00 60.1500 8.1 -0.151 0.024
236.661 60.00 60.1400 8.4 -0.138 0.063
236.712 60.00 60.1400 8.3 -0.140 0.055
236.761 60.00 60.1400 8.3 -0.140 0.054
236.811 60.00 60.1300 8.4 -0.136 0.067
236.861 60.00 60.1300 8.4 -0.136 0.065
236.910 60.00 60.1500 8.0 -0.151 0.016
236.961 60.00 60.1400 8.2 -0.145 0.035
237.011 60.00 60.1400 8.3 -0.138 0.055
237.061 60.00 60.1400 8.3 -0.138 0.053
237.111 60.00 60.1400 8.1 -0.145 0.031
237.160 60.00 60.1700 7.5 -0.170 -0.051
237.212 60.00 60.1400 8.2 -0.140 0.043
237.262 60.00 60.1400 8.2 -0.140 0.042
237.312 60.00 60.1300 8.4 -0.132 0.069
237.361 60.00 60.1300 8.5 -0.130 0.074
237.410 60.00 60.1300 8.3 -0.136 0.053
237.461 60.00 60.1500 7.9 -0.151 0.004
237.511 60.00 60.1500 7.9 -0.153 -0.004
237.562 60.00 60.0400 10.8 -0.040 0.362
237.612 60.00 60.1300 8.5 -0.128 0.074
237.661 60.00 60.1400 8.2 -0.138 0.039
237.712 60.00 60.1500 7.9 -0.149 0.004
237.762 60.00 60.1400 8.0 -0.145 0.016
237.813 60.00 60.1600 7.7 -0.157 -0.025
237.863 60.00 60.1000 9.1 -0.105 0.144
237.911 60.00 60.1400 8.1 -0.140 0.026
237.962 60.00 60.1700 7.2 -0.174 -0.083
238.012 60.00 60.1400 8.1 -0.140 0.025
238.062 60.00 60.1200 8.6 -0.119 0.092
238.112 60.00 60.1400 8.0 -0.142 0.016
238.161 60.00 60.1300 8.3 -0.130 0.056
238.212 60.00 60.1400 8.1 -0.140 0.020
238.262 60.00 60.1300 8.4 -0.128 0.060
238.312 60.00 60.1300 8.3 -0.130 0.052
238.362 60.00 60.1300 8.2 -0.132 0.044
238.411 60.00 60.1400 7.9 -0.145 0.002
238.462 60.00 60.1300 8.3 -0.130 0.049
238.512 60.00 60.1300 8.2 -0.134 0.034
238.563 60.00 60.1200 8.5 -0.122 0.074
238.613 60.00 60.1300 8.1 -0.136 0.026
238.663 60.00 60.1400 7.9 -0.142 0.004
238.714 60.00 60.1300 8.1 -0.136 0.024
238.763 60.00 60.1400 8.0 -0.138 0.015
238.813 60.00 60.1400 8.0 -0.140 0.008
238.863 60.00 60.1300 8.1 -0.136 0.021
238.912 60.00 60.1000 9.1 -0.096 0.149
238.963 60.00 60.1200 8.4 -0.124 0.059
239.013 60.00 60.1200 8.4 -0.122 0.064
239.063 60.00 60.1100 8.8 -0.107 0.111
239.113 60.00 60.1500 7.6 -0.151 -0.033
239.162 60.00 60.1600 7.4 -0.159 -0.061
239.214 60.00 60.1300 8.2 -0.130 0.033
239.264 60.00 60.1200 8.3 -0.126 0.046
239.314 60.00 60.1200 8.5 -0.117 0.072
239.363 60.00 60.1500 7.6 -0.149 -0.031
239.412 60.00 60.1400 7.7 -0.145 -0.019
239.463 60.00 60.1000 9.0 -0.096 0.138
239.513 60.00 60.1100 8.6 -0.113 0.082
239.563 60.00 60.1200 8.3 -0.122 0.053
239.614 60.00 60.1100 8.7 -0.107 0.100
239.663 60.00 60.1300 8.0 -0.134 0.010
239.714 60.00 60.1300 8.0 -0.134 0.009
239.764 60.00 60.1200 8.2 -0.124 0.042
239.815 60.00 60.0900 9.0 -0.094 0.137
239.865 60.00 60.1200 8.4 -0.117 0.060
239.913 60.00 60.1100 8.5 -0.113 0.073
239.964 60.00 60.1500 7.5 -0.149 -0.044
240.014 60.00 60.1100 8.5 -0.111 0.077
240.064 60.00 60.1000 8.7 -0.105 0.097
240.114 60.00 60.1200 8.2 -0.122 0.041
240.163 60.00 60.1200 8.3 -0.119 0.047
240.214 60.00 60.1100 8.4 -0.113 0.066
240.264 60.00 60.1000 8.8 -0.100 0.107
240.315 60.00 60.1000 8.8 -0.100 0.105
240.364 60.00 60.1200 8.2 -0.119 0.042
240.413 60.00 60.0900 8.9 -0.092 0.130
240.464 60.00 60.1100 8.3 -0.115 0.053
240.514 60.00 60.1000 8.7 -0.103 0.093
240.564 60.00 60.1000 8.8 -0.098 0.106
240.615 60.00 60.1200 8.2 -0.117 0.043
240.666 60.00 60.1000 8.6 -0.103 0.090
240.715 60.00 60.1100 8.3 -0.113 0.055
240.765 60.00 60.1000 8.6 -0.103 0.087
240.815 60.00 60.1100 8.4 -0.111 0.059
240.865 60.00 60.1000 8.6 -0.103 0.085
240.915 60.00 60.1000 8.7 -0.098 0.098
240.965 60.00 60.0900 8.8 -0.094 0.110
241.015 60.00 60.1400 7.6 -0.140 -0.041
241.065 60.00 60.1200 8.1 -0.119 0.026
241.115 60.00 60.1100 8.4 -0.107 0.067
241.165 60.00 60.1400 7.6 -0.138 -0.037
241.216 60.00 60.0900 8.9 -0.090 0.119
241.266 60.00 60.1000 8.7 -0.096 0.098
241.316 60.00 60.0800 9.0 -0.084 0.137
241.365 60.00 60.1100 8.3 -0.109 0.054
241.415 60.00 60.1000 8.6 -0.100 0.081
241.465 60.00 60.1100 8.4 -0.107 0.059
241.515 60.00 60.1000 8.5 -0.103 0.071
241.565 60.00 60.1000 8.6 -0.096 0.091
241.615 60.00 60.1000 8.6 -0.098 0.083
241.666 60.00 60.1200 8.0 -0.122 0.006
241.716 60.00 60.1100 8.2 -0.111 0.039
241.766 60.00 60.1100 8.1 -0.115 0.025
241.817 60.00 60.1000 8.5 -0.100 0.072
241.866 60.00 60.0800 9.0 -0.080 0.139
241.916 60.00 60.0900 8.7 -0.092 0.097
241.966 60.00 60.1200 7.8 -0.124 -0.007
242.016 60.00 60.0800 8.8 -0.086 0.115
242.066 60.00 60.1000 8.6 -0.096 0.080
242.115 60.00 60.0700 9.1 -0.076 0.147
242.166 60.00 60.0700 9.3 -0.067 0.173
242.216 60.00 60.1300 7.7 -0.128 -0.026
242.266 60.00 60.1000 8.5 -0.096 0.076
242.316 60.00 60.0900 8.6 -0.094 0.081
242.365 60.00 60.1000 8.4 -0.100 0.060
242.416 60.00 60.1000 8.3 -0.103 0.052
242.466 60.00 60.0600 9.4 -0.063 0.180
242.516 60.00 60.0700 9.0 -0.076 0.138
242.566 60.00 60.0900 8.6 -0.090 0.089
242.615 60.00 60.1000 8.2 -0.105 0.040
242.668 60.00 60.1100 7.9 -0.115 0.005
242.718 60.00 60.1000 8.3 -0.103 0.045
242.768 60.00 60.1200 7.7 -0.126 -0.031
242.817 60.00 60.0800 8.7 -0.086 0.098
242.866 60.00 60.1000 8.4 -0.096 0.063
242.917 60.00 60.0800 8.7 -0.086 0.096
242.967 60.00 60.1000 8.2 -0.105 0.033
243.017 60.00 60.0900 8.6 -0.088 0.087
243.067 60.00 60.0900 8.4 -0.094 0.066
243.116 60.00 60.1100 8.0 -0.111 0.010
243.167 60.00 60.0800 8.7 -0.084 0.098
243.217 60.00 60.1100 7.9 -0.113 0.002
243.267 60.00 60.0600 9.2 -0.063 0.164
243.318 60.00 60.0900 8.5 -0.090 0.074
243.367 60.00 60.0800 8.7 -0.084 0.094
243.418 60.00 60.0600 9.3 -0.059 0.174
243.467 60.00 60.1000 8.2 -0.103 0.030
243.517 60.00 60.0800 8.6 -0.086 0.083
243.567 60.00 60.0800 8.8 -0.078 0.109
243.616 60.00 60.0800 8.8 -0.078 0.108
243.668 60.00 60.0800 8.7 -0.080 0.101
243.718 60.00 60.1200 7.7 -0.117 -0.024
243.768 60.00 60.0900 8.4 -0.090 0.065
243.818 60.00 60.1300 7.4 -0.130 -0.066
243.868 60.00 60.1100 7.8 -0.113 -0.011
243.919 60.00 60.0600 9.1 -0.063 0.151
243.969 60.00 60.0800 8.6 -0.082 0.089
244.018 60.00 60.0800 8.6 -0.084 0.081
244.068 60.00 60.0800 8.6 -0.084 0.080
244.117 60.00 60.0700 8.9 -0.071 0.119
244.168 60.00 60.0900 8.4 -0.090 0.057
244.218 60.00 60.0800 8.7 -0.078 0.097
244.268 60.00 60.1100 7.7 -0.113 -0.020
244.318 60.00 60.0800 8.5 -0.084 0.075
244.367 60.00 60.0700 8.9 -0.067 0.128
244.418 60.00 60.0800 8.5 -0.084 0.073
244.468 60.00 60.0900 8.3 -0.092 0.045
244.518 60.00 60.0600 9.0 -0.065 0.132
244.568 60.00 60.0900 8.4 -0.088 0.056
244.617 60.00 60.0500 9.3 -0.052 0.171
244.668 60.00 60.0700 8.7 -0.076 0.094
244.719 60.00 60.1000 8.1 -0.096 0.026
244.770 60.00 60.0800 8.4 -0.084 0.066
244.819 60.00 60.0700 8.8 -0.071 0.105
244.869 60.00 60.0600 9.0 -0.063 0.132
244.920 60.00 60.1000 8.0 -0.098 0.015
244.969 60.00 60.0900 8.3 -0.088 0.048
245.019 60.00 60.0800 8.6 -0.078 0.081
245.069 60.00 60.0700 8.6 -0.076 0.087
245.118 60.00 60.0800 8.4 -0.082 0.066
245.169 60.00 60.0800 8.4 -0.084 0.058
245.219 60.00 60.0800 8.3 -0.086 0.050
245.269 60.00 60.0900 8.1 -0.092 0.029
245.319 60.00 60.0600 9.1 -0.057 0.144
245.368 60.00 60.0500 9.2 -0.050 0.163
245.420 60.00 60.0700 8.6 -0.073 0.087
245.470 60.00 60.0700 8.7 -0.069 0.099
245.520 60.00 60.0700 8.7 -0.069 0.098
245.569 60.00 60.0900 8.2 -0.088 0.036
245.618 60.00 60.0700 8.6 -0.073 0.083
245.669 60.00 60.0800 8.3 -0.084 0.048
245.719 60.00 60.0800 8.3 -0.084 0.047
245.770 60.00 60.0800 8.4 -0.078 0.066
245.820 60.00 60.0700 8.6 -0.071 0.086
245.869 60.00 60.0500 9.2 -0.048 0.160
245.920 60.00 60.1000 7.9 -0.098 -0.005
245.970 60.00 60.0700 8.7 -0.069 0.090
246.021 60.00 60.0500 9.1 -0.052 0.144
246.071 60.00 60.0500 9.1 -0.052 0.142
246.119 60.00 60.0800 8.2 -0.086 0.032
246.170 60.00 60.0800 8.3 -0.080 0.052
246.220 60.00 60.0600 8.7 -0.065 0.098
246.270 60.00 60.1800 5.7 -0.180 -0.277
246.320 60.00 60.0700 8.6 -0.071 0.078
246.369 60.00 60.0700 8.4 -0.076 0.063
246.420 60.00 60.0700 8.6 -0.067 0.090
246.470 60.00 60.0800 8.3 -0.078 0.054
246.520 60.00 60.0600 8.8 -0.061 0.108
246.570 60.00 60.0600 8.9 -0.057 0.121
246.619 60.00 60.0700 8.4 -0.073 0.066
246.670 60.00 60.0400 9.2 -0.046 0.153
246.720 60.00 60.0700 8.5 -0.069 0.077
246.771 60.00 60.0000 10.3 -0.004 0.287
246.821 60.00 60.0700 8.4 -0.073 0.061
246.871 60.00 60.0600 8.7 -0.063 0.094
246.922 60.00 60.0800 8.1 -0.084 0.025
246.972 60.00 60.0600 8.7 -0.063 0.092
247.022 60.00 60.0700 8.5 -0.069 0.071
247.071 60.00 60.0700 8.5 -0.067 0.077
247.120 60.00 60.0900 7.9 -0.090 0.001
247.171 60.00 60.0800 8.1 -0.082 0.028
247.221 60.00 60.0700 8.5 -0.067 0.074
247.271 60.00 60.0700 8.3 -0.076 0.046
247.321 60.00 60.0700 8.3 -0.073 0.053
247.370 60.00 60.0600 8.6 -0.063 0.086
247.421 60.00 60.0300 9.3 -0.035 0.174
247.471 60.00 60.0700 8.4 -0.071 0.056
247.521 60.00 60.0600 8.5 -0.065 0.075
247.572 60.00 60.0600 8.6 -0.063 0.082
247.621 60.00 60.0800 8.2 -0.078 0.033
247.672 60.00 60.0500 8.9 -0.050 0.121
247.721 60.00 60.0900 7.9 -0.088 -0.003
247.771 60.00 60.0900 7.8 -0.092 -0.017
247.822 60.00 60.0900 7.8 -0.090 -0.011
247.871 60.00 60.0600 8.6 -0.061 0.084
247.922 60.00 60.0900 7.9 -0.088 -0.005
247.972 60.00 60.0600 8.5 -0.065 0.069
248.022 60.00 60.0500 8.8 -0.052 0.109
248.072 60.00 60.0600 8.6 -0.059 0.088
248.121 60.00 60.0600 8.6 -0.059 0.087
248.172 60.00 60.0700 8.4 -0.067 0.059
248.222 60.00 60.0700 8.2 -0.073 0.038
248.273 60.00 60.0500 8.7 -0.055 0.098
248.323 60.00 60.0100 9.9 -0.010 0.241
248.372 60.00 60.0600 8.6 -0.057 0.089
248.422 60.00 60.0900 7.7 -0.092 -0.028
248.472 60.00 60.0600 8.5 -0.063 0.067
248.523 60.00 60.0600 8.4 -0.065 0.059
248.573 60.00 60.0500 8.8 -0.048 0.113
248.621 60.00 60.0800 7.9 -0.082 0.003
248.672 60.00 60.0600 8.5 -0.061 0.071
248.722 60.00 60.0700 8.3 -0.069 0.043
248.772 60.00 60.0500 8.8 -0.048 0.110
248.823 60.00 60.0700 8.1 -0.076 0.020
248.873 60.00 60.0400 8.9 -0.046 0.115
248.923 60.00 60.0900 7.7 -0.088 -0.022
248.973 60.00 60.0500 8.8 -0.048 0.107
249.023 60.00 60.0600 8.4 -0.063 0.059
249.073 60.00 60.0100 9.8 -0.010 0.228
249.124 60.00 60.0800 7.8 -0.084 -0.012
249.174 60.00 60.0400 9.0 -0.040 0.131
249.223 60.00 60.0600 8.5 -0.059 0.068
249.273 60.00 60.0500 8.7 -0.050 0.095
249.323 60.00 60.0800 7.8 -0.084 -0.015
249.373 60.00 60.0400 8.8 -0.046 0.107
249.423 60.00 60.0200 9.3 -0.025 0.174
249.473 60.00 60.0600 8.3 -0.063 0.051
249.523 60.00 60.0600 8.4 -0.061 0.056
249.573 60.00 60.0900 7.6 -0.090 -0.040
249.623 60.00 60.0700 8.2 -0.067 0.035
249.673 60.00 60.0400 8.9 -0.040 0.123
249.723 60.00 60.0500 8.5 -0.055 0.074
249.774 60.00 60.0700 8.1 -0.071 0.019
249.823 60.00 60.0500 8.7 -0.048 0.093
249.874 60.00 60.1000 7.2 -0.103 -0.085
249.924 60.00 60.0300 9.0 -0.035 0.134
249.974 60.00 60.0300 9.1 -0.031 0.146
250.024 60.00 60.0600 8.4 -0.059 0.056
250.073 60.00 60.0700 8.0 -0.071 0.014
250.124 60.00 60.0500 8.5 -0.055 0.068
250.174 60.00 60.0200 9.5 -0.017 0.190
250.224 60.00 60.0600 8.3 -0.059 0.053
250.274 60.00 60.0400 8.9 -0.038 0.120
250.323 60.00 60.0700 8.1 -0.069 0.017
250.374 60.00 60.0600 8.2 -0.063 0.037
250.424 60.00 60.0400 8.9 -0.038 0.118
250.474 60.00 60.0600 8.3 -0.059 0.049
250.524 60.00 60.0500 8.5 -0.050 0.076
250.573 60.00 60.0500 8.6 -0.048 0.082
250.624 60.00 60.0300 9.1 -0.027 0.149
250.675 60.00 60.0300 9.0 -0.034 0.127
250.725 60.00 60.0700 8.0 -0.069 0.010
250.775 60.00 60.0500 8.5 -0.050 0.071
250.824 60.00 59.9800 10.3 0.017 0.288
250.875 60.00 60.0600 8.3 -0.059 0.041
250.925 60.00 60.0600 8.3 -0.059 0.041
250.975 60.00 60.0400 8.8 -0.038 0.108
251.025 60.00 60.0600 8.3 -0.057 0.046
251.074 60.00 60.0700 7.9 -0.071 -0.002
251.125 60.00 60.0500 8.3 -0.055 0.052
251.175 60.00 60.0400 8.8 -0.038 0.106
251.225 60.00 60.0800 7.6 -0.082 -0.038
251.275 60.00 59.9600 10.9 0.042 0.364
251.324 60.00 60.0400 8.5 -0.046 0.075
251.375 60.00 60.0400 8.5 -0.046 0.074
251.425 60.00 60.0600 8.1 -0.061 0.026
251.476 60.00 60.0100 9.4 -0.013 0.182
251.526 60.00 60.0500 8.5 -0.048 0.065
251.574 60.00 60.0500 8.3 -0.052 0.051
251.625 60.00 60.0800 7.5 -0.086 -0.059
251.675 60.00 60.0300 9.0 -0.027 0.132
251.725 60.00 60.0300 9.0 -0.027 0.131
251.775 60.00 60.0600 8.2 -0.057 0.034
251.824 60.00 60.1200 6.6 -0.117 -0.164
251.876 60.00 60.0500 8.4 -0.050 0.055
251.926 60.00 60.0300 8.8 -0.034 0.109
251.976 60.00 60.0600 8.0 -0.063 0.012
252.026 60.00 60.0600 8.0 -0.065 0.005
252.076 60.00 60.0500 8.2 -0.055 0.039
252.127 60.00 60.0500 8.2 -0.055 0.038
252.177 60.00 60.0400 8.6 -0.042 0.079
252.226 60.00 60.0600 8.0 -0.065 0.002
252.276 60.00 60.0800 7.6 -0.080 -0.045
252.326 60.00 60.0600 8.0 -0.063 0.009
252.376 60.00 60.0600 8.1 -0.059 0.022
252.427 60.00 60.0400 8.6 -0.042 0.076
252.477 60.00 60.0600 8.0 -0.061 0.014
252.527 60.00 60.0500 8.4 -0.048 0.054
252.575 60.00 60.0500 8.3 -0.050 0.047
252.626 60.00 60.0400 8.6 -0.040 0.080
252.676 60.00 60.0400 8.4 -0.046 0.059
252.726 60.00 60.0400 8.5 -0.044 0.065
252.776 60.00 60.0400 8.6 -0.038 0.085
252.825 60.00 60.0500 8.3 -0.050 0.043
252.876 60.00 60.0600 7.9 -0.065 -0.005
252.927 60.00 60.0600 8.1 -0.059 0.015
252.977 60.00 60.0400 8.4 -0.044 0.062
253.028 60.00 60.0600 7.9 -0.063 0.001
253.077 60.00 60.0700 7.6 -0.076 -0.041
253.128 60.00 60.0300 8.7 -0.035 0.089
253.178 60.00 60.0800 7.4 -0.082 -0.062
253.228 60.00 60.0700 7.8 -0.067 -0.015
253.277 60.00 60.0700 7.7 -0.071 -0.029
253.326 60.00 60.0400 8.4 -0.044 0.059
253.377 60.00 60.0600 8.0 -0.061 0.004
253.427 60.00 60.0500 8.2 -0.050 0.038
253.477 60.00 60.0300 8.6 -0.035 0.086
253.527 60.00 60.0500 8.2 -0.050 0.037
253.576 60.00 60.0700 7.7 -0.071 -0.032
253.627 60.00 60.0200 8.9 -0.025 0.118
253.677 60.00 60.0600 7.9 -0.061 0.001
253.727 60.00 60.0500 8.2 -0.052 0.028
253.778 60.00 60.0600 7.9 -0.063 -0.006
253.827 60.00 60.0700 7.6 -0.073 -0.041
253.877 60.00 60.0600 7.9 -0.063 -0.007
253.927 60.00 60.1600 5.3 -0.159 -0.320
253.978 60.00 60.0300 8.8 -0.029 0.103
254.028 60.00 60.0500 8.2 -0.050 0.034
254.077 60.00 60.0400 8.5 -0.040 0.067
254.128 60.00 60.0700 7.7 -0.069 -0.029
254.178 60.00 60.0600 7.8 -0.065 -0.016
254.228 60.00 60.0400 8.3 -0.046 0.045
254.278 60.00 60.0700 7.5 -0.076 -0.051
254.328 60.00 60.0800 7.3 -0.084 -0.078
254.378 60.00 60.0500 8.1 -0.052 0.024
254.428 60.00 60.0700 7.7 -0.069 -0.031
254.478 60.00 60.0600 8.0 -0.059 0.003
254.528 60.00 60.0400 8.4 -0.042 0.058
254.577 60.00 60.0600 7.8 -0.065 -0.019
254.629 60.00 60.0500 8.2 -0.048 0.036
254.679 60.00 60.0800 7.4 -0.080 -0.067
254.729 60.00 60.0600 7.8 -0.063 -0.012
254.778 60.00 60.0200 8.9 -0.023 0.117
254.827 60.00 60.0600 7.8 -0.063 -0.013
254.878 60.00 60.0700 7.7 -0.067 -0.027
254.928 60.00 60.0300 8.6 -0.034 0.081
254.978 60.00 60.0500 8.2 -0.048 0.033
255.028 60.00 60.0700 7.7 -0.067 -0.029
255.077 60.00 60.0500 8.1 -0.052 0.018
255.128 60.00 60.0300 8.6 -0.034 0.079
255.178 60.00 60.0500 8.1 -0.052 0.017
255.229 60.00 60.0400 8.3 -0.042 0.051
255.279 60.00 60.0800 7.3 -0.082 -0.079
255.328 60.00 60.0200 8.8 -0.023 0.111
255.378 60.00 60.0600 7.9 -0.057 0.002
255.428 60.00 60.0600 7.9 -0.059 -0.006
255.478 60.00 60.0500 8.1 -0.050 0.022
255.528 60.00 60.1000 6.7 -0.103 -0.149
255.577 60.00 60.0600 7.9 -0.057 0.001
255.628 60.00 60.0400 8.4 -0.040 0.055
255.678 60.00 60.0600 7.9 -0.057 -0.000
255.728 60.00 60.0700 7.4 -0.076 -0.062
255.779 60.00 60.0700 7.7 -0.067 -0.034
255.828 60.00 60.0400 8.2 -0.044 0.040
255.877 60.00 60.0500 8.0 -0.055 0.006
255.928 60.00 60.0500 8.1 -0.050 0.019
255.978 60.00 60.0300 8.5 -0.035 0.067
256.027 60.00 60.0600 7.7 -0.063 -0.023
256.076 60.00 60.0800 7.2 -0.084 -0.091
256.127 60.00 60.0600 7.8 -0.059 -0.010
256.177 60.00 60.0800 7.2 -0.082 -0.085
256.227 60.00 60.0400 8.3 -0.042 0.045
256.277 60.00 60.0500 8.1 -0.050 0.017
256.327 60.00 60.0400 8.3 -0.042 0.044
256.377 60.00 60.0600 7.8 -0.059 -0.012
256.427 60.00 60.0500 8.1 -0.050 0.016
256.477 60.00 60.0600 7.7 -0.065 -0.033
256.527 60.00 60.0500 7.9 -0.055 0.001
256.577 60.00 60.0600 7.7 -0.065 -0.033
256.628 60.00 60.0500 7.9 -0.055 0.001
256.678 60.00 60.0500 7.9 -0.055 0.000
256.727 60.00 60.0600 7.8 -0.059 -0.014
256.777 60.00 60.0700 7.4 -0.076 -0.069
256.826 60.00 60.0600 7.8 -0.061 -0.021
256.877 60.00 60.0700 7.5 -0.071 -0.055
256.927 60.00 60.0600 7.9 -0.057 -0.008
256.977 60.00 60.0500 8.0 -0.052 0.006
257.027 60.00 60.0200 8.9 -0.017 0.121
257.076 60.00 60.0700 7.3 -0.076 -0.070
257.128 60.00 60.0800 7.1 -0.086 -0.104
257.178 60.00 60.0500 8.0 -0.052 0.005
257.228 60.00 60.0400 8.3 -0.038 0.052
257.278 60.00 60.0400 8.2 -0.042 0.038
257.326 60.00 60.0600 7.7 -0.061 -0.024
257.377 60.00 60.0500 8.0 -0.052 0.003
257.427 60.00 60.0300 8.6 -0.027 0.085
257.478 60.00 60.0500 8.1 -0.048 0.016
257.526 60.00 60.0400 8.2 -0.044 0.029
257.576 60.00 60.0800 7.2 -0.080 -0.087
257.627 60.00 60.0700 7.5 -0.069 -0.053
257.676 60.00 60.0500 8.1 -0.048 0.015
257.726 60.00 60.0500 7.9 -0.052 0.001
257.776 60.00 60.0700 7.5 -0.067 -0.047
257.825 60.00 60.0900 6.9 -0.090 -0.122
257.876 60.00 60.0700 7.5 -0.069 -0.054
257.926 60.00 60.0800 7.3 -0.078 -0.082
257.976 60.00 60.0400 8.3 -0.040 0.041
258.026 60.00 60.0400 8.2 -0.042 0.034
258.076 60.00 60.0500 8.0 -0.050 0.006
258.127 60.00 60.0600 7.7 -0.061 -0.028
258.177 60.00 60.0600 7.7 -0.061 -0.029
258.226 60.00 60.0600 7.6 -0.063 -0.035
258.276 60.00 60.0500 8.0 -0.050 0.005
258.326 60.00 60.0600 7.6 -0.065 -0.043
258.377 60.00 60.0500 7.8 -0.055 -0.009
258.427 60.00 60.0700 7.4 -0.071 -0.064
258.476 60.00 60.0700 7.5 -0.069 -0.057
258.526 60.00 60.0800 7.1 -0.082 -0.098
258.575 60.00 60.0700 7.5 -0.067 -0.050
258.626 60.00 60.0700 7.5 -0.067 -0.050
258.676 60.00 60.0500 8.0 -0.048 0.011
258.726 60.00 60.0800 7.2 -0.080 -0.091
258.776 60.00 60.1000 6.7 -0.096 -0.146
258.825 60.00 60.0600 7.8 -0.057 -0.016
258.876 60.00 60.0500 7.8 -0.055 -0.010
258.926 60.00 60.0600 7.6 -0.063 -0.037
258.977 60.00 60.0700 7.5 -0.069 -0.058
259.027 60.00 60.0600 7.8 -0.057 -0.017
259.074 60.00 60.0700 7.4 -0.071 -0.065
259.125 60.00 60.0600 7.8 -0.057 -0.017
259.175 60.00 60.0600 7.6 -0.065 -0.045
259.225 60.00 60.0800 7.1 -0.082 -0.099
259.275 60.00 60.0900 7.0 -0.088 -0.120
259.324 60.00 60.0700 7.5 -0.069 -0.058
259.375 60.00 60.0500 7.9 -0.052 -0.004
259.425 60.00 60.0600 7.8 -0.057 -0.018
259.475 60.00 60.0800 7.2 -0.078 -0.086
259.526 60.00 60.0800 7.2 -0.078 -0.086
259.575 60.00 60.0600 7.7 -0.061 -0.032
259.625 60.00 60.0600 7.5 -0.065 -0.046
259.675 60.00 60.0800 7.1 -0.082 -0.100
259.725 60.00 60.0600 7.7 -0.059 -0.025
259.775 60.00 60.0700 7.5 -0.067 -0.052
259.824 60.00 60.0700 7.4 -0.069 -0.059
259.875 60.00 60.0700 7.5 -0.067 -0.052
259.925 60.00 60.0800 7.1 -0.082 -0.100
259.975 60.00 60.0800 7.0 -0.084 -0.107
260.026 60.00 60.0600 7.7 -0.061 -0.032
260.075 60.00 60.0700 7.3 -0.073 -0.072
260.125 60.00 60.0800 7.2 -0.078 -0.087
260.175 60.00 60.0600 7.7 -0.061 -0.032
260.225 60.00 60.0600 7.8 -0.057 -0.019
260.275 60.00 60.0600 7.5 -0.065 -0.046
260.325 60.00 60.0700 7.3 -0.073 -0.073
260.376 60.00 60.0700 7.4 -0.071 -0.067
260.425 60.00 60.0500 7.8 -0.055 -0.012
260.475 60.00 60.0800 7.2 -0.078 -0.088
260.525 60.00 60.0700 7.4 -0.069 -0.060
260.573 60.00 60.0800 7.2 -0.080 -0.094
260.624 60.00 60.0700 7.3 -0.073 -0.073
260.674 60.00 60.0700 7.3 -0.076 -0.081
260.724 60.00 60.0600 7.8 -0.057 -0.019
260.774 60.00 60.0600 7.7 -0.059 -0.026
260.823 60.00 60.1000 6.6 -0.100 -0.162
260.875 60.00 60.0900 6.9 -0.090 -0.128
260.925 60.00 60.0900 6.8 -0.094 -0.141
260.975 60.00 60.0600 7.7 -0.061 -0.032
261.024 60.00 60.0600 7.8 -0.057 -0.019
261.073 60.00 60.0000 9.3 0.002 0.172
261.124 60.00 60.0500 7.8 -0.055 -0.013
261.174 60.00 60.0500 7.8 -0.055 -0.014
261.224 60.00 60.0500 7.9 -0.052 -0.007
261.274 60.00 60.0600 7.6 -0.061 -0.035
261.323 60.00 60.1000 6.7 -0.096 -0.150
261.374 60.00 60.0700 7.5 -0.067 -0.055
261.424 60.00 60.0600 7.6 -0.061 -0.035
261.474 60.00 60.0800 7.2 -0.078 -0.089
261.525 60.00 60.0600 7.6 -0.063 -0.041
261.574 60.00 60.0500 7.8 -0.055 -0.014
261.624 60.00 60.0700 7.4 -0.069 -0.062
261.674 60.00 60.0800 7.1 -0.082 -0.103
261.724 60.00 60.0900 6.8 -0.094 -0.143
261.774 60.00 60.0600 7.7 -0.059 -0.028
261.823 60.00 60.0900 6.8 -0.092 -0.136
261.874 60.00 60.1000 6.7 -0.096 -0.150
261.924 60.00 60.0700 7.3 -0.073 -0.074
261.974 60.00 60.0700 7.4 -0.069 -0.061
262.024 60.00 60.0800 7.2 -0.078 -0.089
262.073 60.00 60.1300 5.7 -0.134 -0.272
262.124 60.00 60.0900 6.8 -0.092 -0.135
262.174 60.00 60.0800 7.1 -0.082 -0.101
262.223 60.00 60.0900 6.8 -0.094 -0.141
262.273 60.00 60.0800 7.0 -0.084 -0.107
262.323 60.00 60.0900 6.9 -0.088 -0.121
262.374 60.00 60.0500 7.9 -0.052 -0.005
262.424 60.00 60.0900 6.8 -0.094 -0.141
262.474 60.00 60.0900 6.9 -0.088 -0.121
262.523 60.00 60.0800 7.1 -0.082 -0.100
262.573 60.00 60.0900 6.9 -0.088 -0.120
262.623 60.00 60.0600 7.5 -0.065 -0.046
262.673 60.00 60.0900 6.8 -0.094 -0.140
262.723 60.00 60.0800 7.2 -0.078 -0.086
262.773 60.00 60.0700 7.5 -0.067 -0.052
262.823 60.00 60.0600 7.5 -0.065 -0.045
262.873 60.00 60.0800 7.1 -0.082 -0.099
262.923 60.00 60.0900 6.9 -0.088 -0.120
262.974 60.00 60.0800 7.1 -0.082 -0.099
263.024 60.00 60.0700 7.3 -0.076 -0.079
263.073 60.00 60.1000 6.7 -0.096 -0.147
263.123 60.00 60.0700 7.4 -0.069 -0.058
263.173 60.00 60.1000 6.7 -0.096 -0.146
263.223 60.00 60.0700 7.4 -0.071 -0.065
263.273 60.00 60.0900 6.8 -0.092 -0.132
263.323 60.00 60.0800 7.2 -0.080 -0.091
263.373 60.00 60.0500 7.9 -0.050 0.004
263.423 60.00 60.0900 6.9 -0.090 -0.126
263.473 60.00 60.0800 7.1 -0.082 -0.098
263.523 60.00 60.0800 7.0 -0.084 -0.105
263.573 60.00 60.0800 7.2 -0.078 -0.085
263.622 60.00 60.0700 7.3 -0.076 -0.078
263.673 60.00 60.0800 7.2 -0.078 -0.085
263.722 60.00 60.0800 7.2 -0.078 -0.085
263.772 60.00 60.1000 6.7 -0.096 -0.146
263.822 60.00 60.0800 7.1 -0.084 -0.104
263.871 60.00 60.0900 7.0 -0.088 -0.118
263.922 60.00 60.0900 6.9 -0.090 -0.125
263.972 60.00 60.0800 7.0 -0.086 -0.111
264.022 60.00 60.0700 7.3 -0.076 -0.077
264.072 60.00 60.0900 7.0 -0.088 -0.118
264.121 60.00 60.2000 4.0 -0.199 -0.478
264.173 60.00 60.0800 7.2 -0.080 -0.088
264.223 60.00 60.0700 7.4 -0.073 -0.067
264.272 60.00 60.0800 7.2 -0.078 -0.082
264.323 60.00 60.0900 6.8 -0.094 -0.136
264.372 60.00 60.0800 7.2 -0.080 -0.088
264.423 60.00 60.0900 6.8 -0.094 -0.135
264.473 60.00 60.0800 7.0 -0.086 -0.108
264.522 60.00 60.0800 7.0 -0.086 -0.108
264.572 60.00 60.0900 7.0 -0.088 -0.115
264.621 60.00 60.0900 6.8 -0.094 -0.135
264.672 60.00 60.1200 6.0 -0.126 -0.237
264.722 60.00 60.1000 6.7 -0.098 -0.147
264.772 60.00 60.1000 6.7 -0.100 -0.154
264.822 60.00 60.0800 7.0 -0.086 -0.106
264.871 60.00 60.1000 6.6 -0.103 -0.160
264.923 60.00 60.0800 7.0 -0.086 -0.106
264.973 60.00 60.0900 6.8 -0.094 -0.133
265.022 60.00 60.1100 6.5 -0.107 -0.173
265.072 60.00 60.1100 6.3 -0.113 -0.193
265.121 60.00 60.0700 7.5 -0.067 -0.043
265.171 60.00 60.0900 6.9 -0.092 -0.125
265.221 60.00 60.0800 7.3 -0.078 -0.077
265.271 60.00 60.0900 6.9 -0.090 -0.118
265.321 60.00 60.0900 6.9 -0.092 -0.124
265.370 60.00 60.1000 6.6 -0.103 -0.158
265.422 60.00 60.1000 6.8 -0.096 -0.137
265.472 60.00 60.0800 7.3 -0.078 -0.076
265.521 60.00 60.1000 6.8 -0.096 -0.137
265.571 60.00 60.1200 6.1 -0.124 -0.226
265.620 60.00 60.1000 6.6 -0.103 -0.157
265.671 60.00 60.0700 7.6 -0.067 -0.041
265.721 60.00 60.0900 7.0 -0.088 -0.109
265.771 60.00 60.0800 7.3 -0.078 -0.075
265.821 60.00 60.0900 6.8 -0.094 -0.129
265.870 60.00 60.1000 6.6 -0.103 -0.156
265.921 60.00 60.0800 7.1 -0.084 -0.095
265.972 60.00 60.1000 6.6 -0.103 -0.156
266.022 60.00 60.0900 7.0 -0.088 -0.108
266.072 60.00 60.1000 6.6 -0.105 -0.162
266.120 60.00 60.0700 7.5 -0.071 -0.053
266.171 60.00 60.0700 7.4 -0.073 -0.060
266.221 60.00 60.1000 6.6 -0.105 -0.162
266.271 60.00 60.0900 6.9 -0.092 -0.121
266.322 60.00 60.1000 6.6 -0.103 -0.155
266.371 60.00 60.0800 7.2 -0.082 -0.086
266.421 60.00 60.0700 7.4 -0.076 -0.066
266.471 60.00 60.1000 6.8 -0.096 -0.134
266.521 60.00 60.1000 6.7 -0.100 -0.147
266.571 60.00 60.0900 7.0 -0.090 -0.113
266.620 60.00 60.0900 7.0 -0.090 -0.113
266.670 60.00 60.1200 6.2 -0.119 -0.208
266.721 60.00 60.1200 6.2 -0.117 -0.201
266.771 60.00 60.1300 5.8 -0.136 -0.261
266.820 60.00 60.0900 6.9 -0.092 -0.118
266.870 60.00 60.1000 6.8 -0.096 -0.131
266.921 60.00 60.0800 7.3 -0.078 -0.070
266.971 60.00 60.1000 6.6 -0.105 -0.158
267.020 60.00 60.0600 7.9 -0.057 -0.002
267.070 60.00 60.0900 7.0 -0.090 -0.111
267.119 60.00 60.1100 6.4 -0.113 -0.185
267.170 60.00 60.1000 6.8 -0.096 -0.130
267.220 60.00 60.0800 7.2 -0.084 -0.089
267.270 60.00 60.0700 7.4 -0.076 -0.062
267.320 60.00 60.1100 6.5 -0.107 -0.164
267.369 60.00 60.0800 7.2 -0.082 -0.082
267.420 60.00 60.1100 6.3 -0.115 -0.191
267.470 60.00 60.1200 6.2 -0.119 -0.204
267.521 60.00 60.1100 6.5 -0.109 -0.170
267.571 60.00 60.1000 6.7 -0.100 -0.142
267.619 60.00 60.1200 6.3 -0.117 -0.197
267.670 60.00 60.1000 6.8 -0.096 -0.128
267.720 60.00 60.0900 7.0 -0.092 -0.114
267.770 60.00 60.1000 6.7 -0.100 -0.141
267.820 60.00 60.1100 6.3 -0.115 -0.188
267.869 60.00 60.1000 6.8 -0.098 -0.133
267.920 60.00 60.1100 6.3 -0.115 -0.188
267.971 60.00 60.0700 7.4 -0.076 -0.058
268.021 60.00 60.1000 6.8 -0.098 -0.133
268.070 60.00 60.0700 7.5 -0.073 -0.051
268.119 60.00 60.1000 6.8 -0.100 -0.139
268.169 60.00 60.0800 7.4 -0.078 -0.065
268.220 60.00 60.1000 6.6 -0.105 -0.153
268.270 60.00 60.1100 6.6 -0.107 -0.159
268.319 60.00 60.0800 7.1 -0.086 -0.091
268.368 60.00 60.1100 6.6 -0.107 -0.159
268.419 60.00 60.1300 6.0 -0.128 -0.227
268.469 60.00 60.0900 7.0 -0.092 -0.110
268.519 60.00 60.1000 6.8 -0.098 -0.131
268.569 60.00 60.1000 6.7 -0.105 -0.151
268.618 60.00 60.1100 6.4 -0.113 -0.178
268.669 60.00 60.1200 6.2 -0.122 -0.205
268.720 60.00 60.1000 6.7 -0.105 -0.150
268.770 60.00 60.0900 7.1 -0.088 -0.095
268.819 60.00 60.1300 5.9 -0.134 -0.245
268.868 60.00 60.1000 6.9 -0.096 -0.122
268.919 60.00 60.0900 7.0 -0.094 -0.115
268.969 60.00 60.1100 6.5 -0.113 -0.176
269.019 60.00 60.0900 7.0 -0.092 -0.107
269.069 60.00 60.0900 7.1 -0.088 -0.094
269.118 60.00 60.1200 6.1 -0.126 -0.217
269.169 60.00 60.1500 5.6 -0.147 -0.284
269.219 60.00 60.1000 6.8 -0.100 -0.133
269.269 60.00 60.1300 6.0 -0.130 -0.228
269.320 60.00 60.1200 6.2 -0.124 -0.207
269.369 60.00 60.1000 6.7 -0.105 -0.146
269.419 60.00 60.1000 6.8 -0.103 -0.138
269.469 60.00 60.1200 6.3 -0.119 -0.193
269.519 60.00 60.1000 6.9 -0.096 -0.117
269.569 60.00 60.1300 6.0 -0.130 -0.226
269.618 60.00 60.1200 6.3 -0.122 -0.198
269.669 60.00 60.1300 6.1 -0.128 -0.218
269.719 60.00 60.1200 6.3 -0.119 -0.190
269.769 60.00 60.1000 6.9 -0.096 -0.115
269.819 60.00 60.1000 6.9 -0.096 -0.115
269.867 60.00 60.1000 6.9 -0.096 -0.115
269.918 60.00 60.0800 7.3 -0.082 -0.067
269.968 60.00 60.1100 6.6 -0.109 -0.155
270.018 60.00 60.1100 6.6 -0.109 -0.155
270.068 60.00 60.0900 7.2 -0.088 -0.087
270.117 60.00 60.0900 7.1 -0.090 -0.094
270.168 60.00 60.1100 6.6 -0.109 -0.155
270.218 60.00 60.0900 7.1 -0.090 -0.094
270.268 60.00 60.1100 6.5 -0.113 -0.168
270.318 60.00 60.0900 7.1 -0.090 -0.093
270.367 60.00 60.1200 6.3 -0.122 -0.195
270.418 60.00 60.1100 6.5 -0.115 -0.174
270.468 60.00 60.1100 6.6 -0.109 -0.153
270.518 60.00 60.1300 6.1 -0.128 -0.214
270.569 60.00 60.1200 6.2 -0.126 -0.207
270.618 60.00 60.1000 7.0 -0.096 -0.111
270.669 60.00 60.1000 6.9 -0.100 -0.124
270.718 60.00 60.0900 7.1 -0.092 -0.097
270.768 60.00 60.1000 7.0 -0.096 -0.111
270.818 60.00 60.1200 6.4 -0.117 -0.180
270.867 60.00 60.1300 6.1 -0.128 -0.213
270.918 60.00 60.1000 6.8 -0.105 -0.137
270.968 60.00 60.1100 6.6 -0.109 -0.151
271.018 60.00 60.1100 6.6 -0.111 -0.158
271.068 60.00 60.1000 7.0 -0.096 -0.109
271.118 60.00 60.1100 6.5 -0.113 -0.164
271.169 60.00 60.1200 6.4 -0.117 -0.178
271.218 60.00 60.1100 6.5 -0.113 -0.163
271.268 60.00 60.1200 6.3 -0.122 -0.190
271.318 60.00 60.1000 6.8 -0.103 -0.128
271.366 60.00 60.1100 6.5 -0.113 -0.162
271.417 60.00 60.1100 6.5 -0.115 -0.169
271.467 60.00 60.1100 6.5 -0.113 -0.161
271.517 60.00 60.1800 4.8 -0.180 -0.379
271.567 60.00 60.1100 6.7 -0.107 -0.139
271.616 60.00 60.1300 6.0 -0.134 -0.228
271.668 60.00 60.1100 6.6 -0.113 -0.159
271.718 60.00 60.1300 6.1 -0.130 -0.213
271.767 60.00 60.1200 6.4 -0.119 -0.179
271.817 60.00 60.1100 6.6 -0.111 -0.151
271.866 60.00 60.0900 7.1 -0.092 -0.089
271.917 60.00 60.1000 6.9 -0.100 -0.116
271.967 60.00 60.1100 6.6 -0.113 -0.158
272.017 60.00 60.1100 6.6 -0.113 -0.157
272.067 60.00 60.1200 6.5 -0.117 -0.171
272.116 60.00 60.1100 6.8 -0.107 -0.136
272.168 60.00 60.1000 6.9 -0.100 -0.115
272.218 60.00 60.1000 7.0 -0.098 -0.109
272.267 60.00 60.1200 6.4 -0.122 -0.184
272.318 60.00 60.1200 6.2 -0.126 -0.197
272.366 60.00 60.1200 6.4 -0.122 -0.183
272.418 60.00 60.0600 7.9 -0.063 0.008
272.468 60.00 60.1300 6.2 -0.128 -0.203
272.517 60.00 60.1100 6.7 -0.109 -0.141
272.567 60.00 60.1200 6.5 -0.117 -0.169
272.616 60.00 60.1200 6.3 -0.124 -0.189
272.667 60.00 60.1200 6.4 -0.122 -0.182
272.717 60.00 60.1100 6.8 -0.107 -0.133
272.767 60.00 60.0800 7.5 -0.080 -0.045
272.817 60.00 60.1100 6.5 -0.115 -0.161
272.865 60.00 60.1200 6.4 -0.122 -0.181
272.917 60.00 60.1300 6.1 -0.132 -0.214
272.967 60.00 60.1400 5.9 -0.138 -0.235
273.016 60.00 60.1100 6.8 -0.107 -0.131
273.066 60.00 60.1000 7.0 -0.098 -0.104
273.115 60.00 60.1400 5.9 -0.140 -0.241
273.166 60.00 60.1400 5.8 -0.142 -0.246
273.216 60.00 60.1300 6.2 -0.128 -0.198
273.266 60.00 60.1100 6.6 -0.115 -0.157
273.316 60.00 60.1200 6.5 -0.117 -0.164
273.365 60.00 60.0500 8.4 -0.048 0.061
273.416 60.00 60.1300 6.1 -0.134 -0.219
273.466 60.00 60.1200 6.5 -0.119 -0.170
273.517 60.00 60.1000 7.0 -0.100 -0.108
273.567 60.00 60.1200 6.5 -0.119 -0.170
273.615 60.00 60.0900 7.3 -0.088 -0.068
273.666 60.00 60.1100 6.8 -0.109 -0.135
273.716 60.00 60.1200 6.5 -0.117 -0.163
273.766 60.00 60.1300 6.2 -0.128 -0.196
273.816 60.00 60.1200 6.5 -0.117 -0.163
273.865 60.00 60.1100 6.7 -0.111 -0.142
273.916 60.00 60.1100 6.6 -0.113 -0.148
273.967 60.00 60.1100 6.7 -0.113 -0.148
274.017 60.00 60.1100 6.8 -0.109 -0.134
274.066 60.00 60.1300 6.2 -0.132 -0.209
274.115 60.00 60.1100 6.7 -0.113 -0.147
274.166 60.00 60.1400 5.8 -0.145 -0.249
274.216 60.00 60.1300 6.1 -0.134 -0.214
274.266 60.00 60.1300 6.2 -0.130 -0.200
274.316 60.00 60.0800 7.4 -0.084 -0.050
274.365 60.00 60.1300 6.2 -0.132 -0.206
274.415 60.00 60.1300 6.2 -0.132 -0.206
274.465 60.00 60.1100 6.7 -0.113 -0.144
274.515 60.00 60.1100 6.7 -0.111 -0.138
274.565 60.00 60.1200 6.6 -0.117 -0.158
274.615 60.00 60.1300 6.2 -0.132 -0.205
274.665 60.00 60.1100 6.8 -0.109 -0.129
274.715 60.00 60.1400 5.8 -0.145 -0.246
274.766 60.00 60.1200 6.4 -0.124 -0.177
274.815 60.00 60.1100 6.7 -0.113 -0.142
274.865 60.00 60.1500 5.7 -0.149 -0.258
274.915 60.00 60.1200 6.5 -0.122 -0.169
274.965 60.00 60.1200 6.4 -0.126 -0.182
275.015 60.00 60.1300 6.3 -0.128 -0.188
275.065 60.00 60.1200 6.6 -0.117 -0.154
275.115 60.00 60.1300 6.2 -0.132 -0.201
275.165 60.00 60.1200 6.4 -0.126 -0.181
275.215 60.00 60.1100 6.8 -0.111 -0.133
275.266 60.00 60.1200 6.4 -0.124 -0.173
275.316 60.00 60.1100 6.9 -0.107 -0.118
275.365 60.00 60.0700 7.9 -0.069 0.004
275.415 60.00 60.1200 6.4 -0.126 -0.180
275.465 60.00 60.1200 6.6 -0.117 -0.153
275.515 60.00 60.1200 6.5 -0.119 -0.159
275.565 60.00 60.1600 5.5 -0.159 -0.288
275.615 60.00 60.1500 5.8 -0.147 -0.247
275.665 60.00 60.1400 5.9 -0.145 -0.239
275.715 60.00 60.1200 6.5 -0.124 -0.171
275.766 60.00 60.1100 6.8 -0.111 -0.130
275.815 60.00 60.1200 6.5 -0.124 -0.170
275.865 60.00 60.1100 6.8 -0.111 -0.129
275.914 60.00 60.1300 6.3 -0.128 -0.183
275.964 60.00 60.1200 6.4 -0.126 -0.176
276.014 60.00 60.1300 6.3 -0.128 -0.182
276.064 60.00 60.1200 6.5 -0.124 -0.169
276.114 60.00 60.1100 6.7 -0.115 -0.141
276.163 60.00 60.1100 6.7 -0.113 -0.134
276.215 60.00 60.1400 6.1 -0.138 -0.216
276.265 60.00 60.0900 7.2 -0.094 -0.072
276.315 60.00 60.1200 6.6 -0.119 -0.154
276.364 60.00 60.1400 6.0 -0.142 -0.229
276.413 60.00 60.1300 6.3 -0.130 -0.187
276.465 60.00 60.1100 6.8 -0.111 -0.126
276.515 60.00 60.1000 7.0 -0.103 -0.098
276.565 60.00 60.1300 6.2 -0.132 -0.194
276.615 60.00 60.1200 6.6 -0.117 -0.146
276.663 60.00 60.1100 6.8 -0.111 -0.125
276.714 60.00 60.1200 6.6 -0.117 -0.146
276.764 60.00 60.1300 6.2 -0.136 -0.206
276.814 60.00 60.0300 8.9 -0.034 0.128
276.864 60.00 60.1000 7.2 -0.096 -0.078
276.913 60.00 60.1200 6.6 -0.117 -0.146
276.964 60.00 60.1500 5.9 -0.147 -0.241
277.014 60.00 60.1300 6.2 -0.136 -0.206
277.065 60.00 60.1500 5.8 -0.149 -0.247
277.115 60.00 60.1200 6.4 -0.126 -0.172
277.164 60.00 60.1200 6.5 -0.124 -0.164
277.215 60.00 60.1000 7.0 -0.103 -0.096
277.265 60.00 60.1300 6.2 -0.136 -0.205
277.314 60.00 60.1200 6.5 -0.124 -0.164
277.364 60.00 60.1200 6.7 -0.117 -0.143
277.413 60.00 60.1400 5.9 -0.145 -0.232
277.463 60.00 60.0900 7.3 -0.094 -0.067
277.513 60.00 60.1300 6.3 -0.132 -0.190
277.563 60.00 60.1100 6.8 -0.113 -0.128
277.613 60.00 60.1200 6.5 -0.124 -0.163
277.663 60.00 60.1000 7.2 -0.096 -0.073
277.714 60.00 60.1500 5.8 -0.149 -0.244
277.763 60.00 60.1000 7.0 -0.105 -0.101
277.813 60.00 60.1200 6.5 -0.124 -0.162
277.863 60.00 60.1300 6.2 -0.134 -0.196
277.912 60.00 60.1100 6.8 -0.111 -0.121
277.963 60.00 60.1500 5.8 -0.149 -0.243
278.013 60.00 60.1300 6.3 -0.132 -0.188
278.063 60.00 60.1200 6.5 -0.124 -0.160
278.113 60.00 60.1200 6.5 -0.126 -0.167
278.163 60.00 60.1200 6.6 -0.119 -0.146
278.214 60.00 60.1200 6.5 -0.124 -0.160
278.264 60.00 60.1300 6.2 -0.134 -0.193
278.314 60.00 60.1500 5.8 -0.151 -0.247
278.363 60.00 60.1000 7.0 -0.105 -0.097
278.412 60.00 60.1400 6.1 -0.138 -0.206
278.463 60.00 60.1200 6.5 -0.126 -0.165
278.514 60.00 60.1200 6.6 -0.122 -0.151
278.564 60.00 60.1200 6.5 -0.126 -0.164
278.613 60.00 60.1300 6.4 -0.128 -0.171
278.662 60.00 60.1300 6.4 -0.130 -0.177
278.713 60.00 60.1200 6.5 -0.124 -0.157
278.763 60.00 60.1400 6.1 -0.140 -0.211
278.813 60.00 60.1200 6.5 -0.124 -0.156
278.863 60.00 60.1200 6.5 -0.126 -0.163
278.912 60.00 60.1200 6.5 -0.126 -0.163
278.962 60.00 60.1200 6.7 -0.119 -0.142
279.013 60.00 60.1200 6.5 -0.126 -0.162
279.063 60.00 60.1400 6.2 -0.138 -0.203
279.112 60.00 60.1200 6.5 -0.126 -0.162
279.161 60.00 60.1400 6.1 -0.142 -0.215
279.212 60.00 60.1200 6.6 -0.124 -0.154
279.262 60.00 60.1000 7.1 -0.103 -0.086
279.312 60.00 60.1100 6.9 -0.111 -0.113
279.362 60.00 60.1300 6.3 -0.134 -0.188
279.411 60.00 60.1300 6.5 -0.128 -0.167
279.462 60.00 60.1300 6.3 -0.132 -0.180
279.513 60.00 60.1300 6.5 -0.128 -0.166
279.563 60.00 60.1300 6.4 -0.130 -0.173
279.612 60.00 60.0400 8.7 -0.044 0.106
279.661 60.00 60.1300 6.3 -0.132 -0.180
279.712 60.00 60.1200 6.7 -0.119 -0.139
279.762 60.00 60.1200 6.6 -0.122 -0.146
279.812 60.00 60.1300 6.4 -0.130 -0.173
279.862 60.00 60.1000 7.2 -0.098 -0.071
279.911 60.00 60.1500 5.8 -0.153 -0.248
279.962 60.00 60.1200 6.6 -0.124 -0.152
280.013 60.00 60.1500 5.9 -0.149 -0.234
280.063 60.00 60.1300 6.4 -0.130 -0.172
280.113 60.00 60.1300 6.4 -0.132 -0.178
280.161 60.00 60.1200 6.7 -0.117 -0.131
280.212 60.00 60.1400 6.0 -0.145 -0.219
280.262 60.00 60.1400 6.0 -0.145 -0.219
280.313 60.00 60.1500 6.0 -0.147 -0.225
280.362 60.00 60.1300 6.4 -0.132 -0.176
280.411 60.00 60.1300 6.3 -0.136 -0.189
280.461 60.00 60.1300 6.4 -0.132 -0.176
280.512 60.00 60.1400 6.2 -0.138 -0.196
280.562 60.00 60.1500 6.0 -0.147 -0.223
280.611 60.00 60.1300 6.4 -0.132 -0.175
280.660 60.00 60.1700 5.3 -0.174 -0.310
280.712 60.00 60.1300 6.5 -0.128 -0.160
280.762 60.00 60.1400 6.2 -0.138 -0.194
280.812 60.00 60.1200 6.7 -0.119 -0.132
280.861 60.00 60.1500 6.0 -0.149 -0.228
280.910 60.00 60.1200 6.7 -0.122 -0.139
280.961 60.00 60.1300 6.3 -0.134 -0.179
281.011 60.00 60.1200 6.8 -0.117 -0.125
281.061 60.00 60.2000 4.6 -0.199 -0.390
281.111 60.00 60.1300 6.3 -0.136 -0.184
281.160 60.00 60.1200 6.6 -0.124 -0.144
281.212 60.00 60.1300 6.4 -0.132 -0.170
281.262 60.00 60.1200 6.7 -0.122 -0.136
281.311 60.00 60.1200 6.8 -0.117 -0.123
281.361 60.00 60.1300 6.4 -0.132 -0.170
281.410 60.00 60.1300 6.5 -0.130 -0.163
281.461 60.00 60.1400 6.1 -0.142 -0.204
281.511 60.00 60.1200 6.6 -0.126 -0.149
281.561 60.00 60.1400 6.1 -0.145 -0.210
281.611 60.00 60.1200 6.8 -0.119 -0.128
281.660 60.00 60.1400 6.2 -0.142 -0.203
281.711 60.00 60.1400 6.3 -0.138 -0.189
281.762 60.00 60.1100 6.9 -0.115 -0.114
281.812 60.00 60.1300 6.4 -0.132 -0.168
281.861 60.00 60.1200 6.7 -0.122 -0.134
281.910 60.00 60.1400 6.2 -0.142 -0.202
281.961 60.00 60.1200 6.6 -0.126 -0.147
282.011 60.00 60.1300 6.3 -0.136 -0.180
282.061 60.00 60.1300 6.4 -0.132 -0.167
282.111 60.00 60.1000 7.4 -0.096 -0.051
282.159 60.00 60.1300 6.5 -0.130 -0.160
282.210 60.00 60.1100 7.0 -0.111 -0.099
282.261 60.00 60.1200 6.6 -0.126 -0.147
282.311 60.00 60.1200 6.7 -0.124 -0.140
282.360 60.00 60.1200 6.7 -0.124 -0.140
282.409 60.00 60.1200 6.7 -0.122 -0.133
282.460 60.00 60.1100 6.9 -0.115 -0.112
282.510 60.00 60.1300 6.3 -0.136 -0.180
282.561 60.00 60.1100 6.9 -0.113 -0.105
282.611 60.00 60.1400 6.3 -0.138 -0.187
282.659 60.00 60.1200 6.7 -0.124 -0.139
282.710 60.00 60.1100 7.0 -0.111 -0.098
282.760 60.00 60.1400 6.2 -0.140 -0.193
282.810 60.00 60.1100 6.9 -0.115 -0.111
282.860 60.00 60.1200 6.7 -0.124 -0.139
282.909 60.00 60.1200 6.6 -0.126 -0.145
282.960 60.00 60.1100 7.1 -0.107 -0.083
283.010 60.00 60.1300 6.5 -0.128 -0.152
283.060 60.00 60.1300 6.4 -0.132 -0.165
283.111 60.00 60.1300 6.5 -0.130 -0.158
283.160 60.00 60.1100 6.9 -0.113 -0.104
283.211 60.00 60.1300 6.4 -0.132 -0.165
283.260 60.00 60.1300 6.6 -0.128 -0.151
283.310 60.00 60.1200 6.7 -0.122 -0.131
283.360 60.00 60.1200 6.8 -0.119 -0.124
283.409 60.00 60.1300 6.5 -0.130 -0.158
283.460 60.00 60.1200 6.6 -0.126 -0.144
283.510 60.00 60.1200 6.6 -0.126 -0.144
283.560 60.00 60.1000 7.2 -0.105 -0.076
283.610 60.00 60.1300 6.5 -0.132 -0.164
283.659 60.00 60.1400 6.3 -0.138 -0.185
283.710 60.00 60.1300 6.5 -0.132 -0.164
283.759 60.00 60.1000 7.3 -0.098 -0.055
283.809 60.00 60.1100 7.1 -0.109 -0.089
283.859 60.00 60.1300 6.4 -0.134 -0.171
283.908 60.00 60.1400 6.3 -0.138 -0.184
283.959 60.00 60.1100 7.0 -0.113 -0.102
284.009 60.00 60.1300 6.4 -0.134 -0.171
284.059 60.00 60.1300 6.5 -0.130 -0.157
284.110 60.00 60.1500 6.0 -0.149 -0.218
284.158 60.00 60.1200 6.7 -0.122 -0.129
284.210 60.00 60.1200 6.8 -0.119 -0.122
284.260 60.00 60.1000 7.4 -0.096 -0.047
284.310 60.00 60.1100 7.0 -0.113 -0.102
284.359 60.00 60.1300 6.5 -0.132 -0.163
284.408 60.00 60.1300 6.4 -0.134 -0.170
284.460 60.00 60.1200 6.8 -0.119 -0.122
284.510 60.00 60.1200 6.6 -0.126 -0.143
284.559 60.00 60.1300 6.3 -0.136 -0.176
284.609 60.00 60.1300 6.5 -0.130 -0.156
284.658 60.00 60.1200 6.8 -0.117 -0.115
284.709 60.00 60.1400 6.3 -0.138 -0.183
284.759 60.00 60.1200 6.8 -0.117 -0.115
284.809 60.00 60.1400 6.2 -0.140 -0.189
284.859 60.00 60.1300 6.3 -0.136 -0.175
284.908 60.00 60.1200 6.6 -0.126 -0.141
284.960 60.00 60.1000 7.3 -0.098 -0.052
285.010 60.00 60.1200 6.6 -0.126 -0.141
285.060 60.00 60.1100 7.1 -0.109 -0.086
285.110 60.00 60.1200 6.8 -0.119 -0.121
285.157 60.00 60.1300 6.5 -0.132 -0.162
285.208 60.00 60.1100 7.0 -0.111 -0.094
285.258 60.00 60.1100 6.9 -0.115 -0.107
285.308 60.00 60.1100 7.0 -0.111 -0.094
285.358 60.00 60.1400 6.1 -0.145 -0.203
285.407 60.00 60.1200 6.8 -0.117 -0.114
285.458 60.00 60.1200 6.8 -0.119 -0.121
285.508 60.00 60.1500 6.0 -0.149 -0.216
285.558 60.00 60.1200 6.8 -0.117 -0.114
285.609 60.00 60.1200 6.7 -0.122 -0.127
285.657 60.00 60.1200 6.7 -0.122 -0.127
285.708 60.00 60.1500 6.0 -0.151 -0.222
285.758 60.00 60.1000 7.2 -0.103 -0.065
285.808 60.00 60.1300 6.5 -0.132 -0.161
285.858 60.00 60.1400 6.2 -0.142 -0.194
285.907 60.00 60.1300 6.4 -0.134 -0.167
285.958 60.00 60.0700 8.2 -0.067 0.051
286.008 60.00 60.1200 6.7 -0.124 -0.134
286.058 60.00 60.1200 6.7 -0.122 -0.127
286.108 60.00 60.1400 6.1 -0.145 -0.202
286.157 60.00 60.1300 6.6 -0.128 -0.147
286.209 60.00 60.1200 6.7 -0.124 -0.133
286.259 60.00 60.1100 7.0 -0.113 -0.099
286.309 60.00 60.1200 6.8 -0.119 -0.119
286.358 60.00 60.1300 6.5 -0.132 -0.160
286.407 60.00 60.1300 6.5 -0.130 -0.153
286.458 60.00 60.1000 7.2 -0.103 -0.065
286.509 60.00 60.1200 6.7 -0.122 -0.126
286.559 60.00 60.1300 6.6 -0.128 -0.146
286.609 60.00 60.1100 7.0 -0.113 -0.099
286.657 60.00 60.1500 5.8 -0.155 -0.235
286.707 60.00 60.1200 6.8 -0.122 -0.126
286.757 60.00 60.1100 7.1 -0.107 -0.078
286.807 60.00 60.1300 6.4 -0.134 -0.167
286.857 60.00 60.1300 6.5 -0.132 -0.159
286.906 60.00 60.1300 6.4 -0.134 -0.166
286.957 60.00 60.1200 6.6 -0.126 -0.139
287.008 60.00 60.1200 6.9 -0.117 -0.112
287.058 60.00 60.1300 6.4 -0.136 -0.172
287.107 60.00 60.1200 6.7 -0.124 -0.132
287.156 60.00 60.1200 6.9 -0.117 -0.112
287.207 60.00 60.1200 6.8 -0.119 -0.118
287.257 60.00 60.1100 7.0 -0.113 -0.098
287.307 60.00 60.1300 6.6 -0.128 -0.145
287.357 60.00 60.1400 6.3 -0.138 -0.179
287.406 60.00 60.1400 6.2 -0.140 -0.186
287.457 60.00 60.1300 6.6 -0.128 -0.145
287.507 60.00 60.1200 6.7 -0.124 -0.131
287.558 60.00 60.1000 7.2 -0.105 -0.070
287.608 60.00 60.0900 7.5 -0.094 -0.036
287.656 60.00 60.1300 6.6 -0.128 -0.145
287.707 60.00 60.1400 6.2 -0.140 -0.186
287.757 60.00 60.1300 6.6 -0.128 -0.145
287.807 60.00 60.1200 6.6 -0.126 -0.138
287.857 60.00 60.1300 6.5 -0.130 -0.151
287.906 60.00 60.1000 7.2 -0.103 -0.063
287.957 60.00 60.1100 6.9 -0.115 -0.104
288.007 60.00 60.1000 7.2 -0.105 -0.070
288.058 60.00 60.1300 6.5 -0.130 -0.152
288.108 60.00 60.1400 6.3 -0.138 -0.179
288.156 60.00 60.1200 6.8 -0.119 -0.117
288.206 60.00 60.1400 6.3 -0.138 -0.179
288.256 60.00 60.1300 6.6 -0.128 -0.144
288.307 60.00 60.1300 6.4 -0.134 -0.165
288.357 60.00 60.1300 6.5 -0.130 -0.151
288.406 60.00 60.1100 7.0 -0.113 -0.096
288.456 60.00 60.1200 6.8 -0.122 -0.124
288.506 60.00 60.0900 7.6 -0.090 -0.022
288.556 60.00 60.1300 6.6 -0.128 -0.144
288.606 60.00 60.1300 6.5 -0.130 -0.151
288.656 60.00 60.1200 6.8 -0.119 -0.117
288.706 60.00 60.1300 6.5 -0.132 -0.158
288.757 60.00 60.1100 7.1 -0.107 -0.076
288.807 60.00 60.1400 6.3 -0.138 -0.178
288.857 60.00 60.0900 7.5 -0.094 -0.035
288.906 60.00 60.0800 7.9 -0.080 0.012
288.956 60.00 60.1300 6.6 -0.128 -0.145
289.006 60.00 60.1100 6.9 -0.115 -0.104
289.056 60.00 60.1100 7.1 -0.107 -0.077
289.106 60.00 60.1300 6.6 -0.128 -0.145
289.156 60.00 60.1300 6.4 -0.134 -0.165
289.206 60.00 60.1200 6.8 -0.117 -0.111
289.256 60.00 60.1300 6.4 -0.136 -0.172
289.307 60.00 60.1300 6.5 -0.130 -0.151
289.357 60.00 60.1300 6.6 -0.128 -0.144
289.406 60.00 60.1400 6.2 -0.142 -0.192
289.456 60.00 60.1100 7.1 -0.107 -0.076
289.506 60.00 60.1100 7.0 -0.113 -0.096
289.556 60.00 60.1000 7.2 -0.105 -0.070
289.606 60.00 60.1200 6.7 -0.122 -0.124
289.656 60.00 60.1200 6.7 -0.122 -0.124
289.706 60.00 60.1100 7.0 -0.113 -0.097
289.756 60.00 60.1200 6.8 -0.117 -0.111
289.806 60.00 60.1300 6.4 -0.134 -0.165
289.856 60.00 60.1000 7.2 -0.103 -0.063
289.905 60.00 60.1300 6.4 -0.134 -0.165
289.954 60.00 60.1500 6.1 -0.147 -0.206
290.005 60.00 60.1300 6.5 -0.130 -0.151
290.055 60.00 60.1100 7.1 -0.109 -0.083
290.105 60.00 60.1400 6.2 -0.142 -0.192
290.155 60.00 60.1100 6.9 -0.115 -0.103
290.204 60.00 60.1200 6.7 -0.122 -0.124
290.255 60.00 60.1200 6.8 -0.117 -0.110
290.305 60.00 60.1300 6.5 -0.132 -0.158
290.355 60.00 60.1100 7.1 -0.109 -0.082
290.405 60.00 60.1300 6.4 -0.136 -0.171
290.454 60.00 60.1300 6.5 -0.130 -0.151
290.505 60.00 60.1200 6.6 -0.126 -0.137
290.555 60.00 60.1500 6.1 -0.147 -0.205
290.605 60.00 60.1300 6.5 -0.132 -0.157
290.655 60.00 60.1300 6.4 -0.134 -0.164
