# time_s  setpoint_c  celsius  duty_pct  err_real  err_pred
2.110 30.67 30.6400 4.0 0.030 0.651
2.209 30.68 30.6400 4.5 0.041 0.729
2.309 30.69 30.6100 6.0 0.077 0.977
2.409 30.69 30.6300 5.4 0.064 0.869
2.509 30.70 30.6500 4.7 0.051 0.765
2.610 30.71 30.6500 5.1 0.062 0.832
2.709 30.72 30.6700 4.7 0.053 0.753
2.810 30.73 30.6600 5.2 0.068 0.850
2.909 30.74 30.6500 5.9 0.084 0.948
3.009 30.75 30.6600 5.8 0.084 0.933
3.110 30.76 30.6700 5.8 0.088 0.943
3.209 30.77 30.7100 4.3 0.056 0.700
3.309 30.78 30.6600 6.8 0.115 1.103
3.409 30.79 30.6700 6.6 0.114 1.069
3.509 30.80 30.6700 7.2 0.131 1.166
3.610 30.81 30.7000 6.0 0.109 0.978
3.709 30.82 30.6900 6.5 0.123 1.059
3.809 30.83 30.6700 7.9 0.158 1.272
3.909 30.84 30.6700 8.1 0.167 1.304
4.009 30.85 30.7000 7.0 0.148 1.135
4.110 30.86 30.6800 8.3 0.181 1.336
4.209 30.87 30.6900 8.2 0.186 1.335
4.309 30.89 30.6900 8.4 0.194 1.352
4.409 30.90 30.6900 8.5 0.203 1.375
4.510 30.91 30.6900 9.2 0.225 1.487
4.610 30.92 30.6900 9.1 0.229 1.469
4.708 30.93 30.7000 8.9 0.230 1.435
4.810 30.95 30.7100 9.0 0.239 1.453
4.908 30.96 30.7100 9.4 0.255 1.519
5.010 30.97 30.7100 9.3 0.260 1.506
5.110 30.99 30.7300 9.1 0.261 1.470
5.208 31.00 30.7100 9.9 0.286 1.600
5.310 31.01 30.7200 9.8 0.291 1.586
5.409 31.03 30.6800 12.1 0.351 1.956
5.509 31.04 30.7100 10.7 0.328 1.732
5.610 31.05 30.7200 10.4 0.329 1.683
5.709 31.07 30.7100 11.2 0.355 1.807
5.809 31.08 30.7600 9.6 0.325 1.544
5.909 31.09 30.7100 11.7 0.381 1.887
6.009 31.11 30.7300 11.4 0.382 1.834
6.110 31.12 30.7400 11.2 0.387 1.809
6.209 31.14 30.7400 11.3 0.397 1.818
6.309 31.15 30.7400 11.5 0.411 1.857
6.409 31.17 30.7200 12.8 0.448 2.061
6.509 31.18 30.7500 11.7 0.432 1.880
6.610 31.20 30.7500 11.9 0.446 1.916
6.709 31.21 30.7500 12.0 0.458 1.938
6.809 31.23 30.7600 12.2 0.471 1.966
6.909 31.24 30.7500 12.7 0.492 2.051
7.009 31.26 30.7500 12.9 0.505 2.077
7.110 31.27 30.7500 13.3 0.523 2.136
7.209 31.29 30.7600 12.9 0.525 2.079
7.309 31.30 30.7600 13.2 0.541 2.120
7.409 31.32 30.7600 13.6 0.560 2.188
7.509 31.33 30.7700 13.3 0.564 2.143
7.610 31.35 30.7700 13.8 0.585 2.217
7.709 31.37 30.7400 15.3 0.630 2.463
7.810 31.38 30.8600 10.1 0.522 1.624
7.909 31.40 30.7800 14.1 0.620 2.267
8.009 31.41 30.7700 14.6 0.641 2.342
8.110 31.43 30.7800 14.3 0.646 2.299
8.209 31.45 30.7900 14.4 0.659 2.316
8.309 31.46 30.7800 14.9 0.681 2.395
8.409 31.48 30.7900 14.9 0.692 2.392
8.510 31.50 30.7900 14.9 0.704 2.402
8.610 31.51 30.8000 15.0 0.717 2.415
8.708 31.53 30.8000 15.0 0.728 2.413
8.810 31.55 30.7900 15.9 0.758 2.548
8.908 31.56 30.8000 15.6 0.764 2.511
9.009 31.58 30.8000 15.6 0.775 2.509
9.110 31.60 30.8000 15.9 0.794 2.561
9.208 31.61 30.8200 15.3 0.791 2.454
9.310 31.63 30.8300 15.2 0.799 2.434
9.409 31.65 30.8300 15.3 0.813 2.458
9.509 31.66 30.8200 16.1 0.841 2.580
9.610 31.68 30.8400 15.8 0.846 2.537
9.709 31.70 30.8200 16.7 0.878 2.679
9.810 31.72 30.8300 16.6 0.888 2.666
9.909 31.73 30.8300 16.6 0.899 2.661
10.009 31.75 30.8400 16.4 0.906 2.627
10.110 31.77 30.8600 16.2 0.912 2.592
10.209 31.79 30.8500 16.8 0.936 2.683
10.309 31.80 30.8600 16.6 0.945 2.659
10.409 31.82 30.8700 16.4 0.951 2.624
10.509 31.84 30.8700 16.8 0.971 2.683
10.610 31.86 30.8700 17.1 0.989 2.734
10.709 31.87 30.8800 16.7 0.991 2.663
10.809 31.89 30.8800 17.0 1.010 2.717
10.909 31.91 30.8800 17.5 1.032 2.792
11.009 31.93 30.8800 17.5 1.045 2.799
11.110 31.95 30.8900 17.5 1.056 2.794
11.209 31.96 30.9000 17.2 1.062 2.754
11.309 31.98 30.9000 17.7 1.083 2.821
11.409 32.00 30.9000 17.9 1.099 2.850
11.509 32.02 30.9100 17.6 1.104 2.801
11.610 32.04 30.9100 18.1 1.128 2.889
11.709 32.05 30.9200 17.8 1.134 2.845
11.810 32.07 30.9300 17.6 1.139 2.802
11.909 32.09 30.9400 17.6 1.151 2.803
12.009 32.11 30.9500 17.4 1.156 2.762
12.110 32.13 30.9500 17.6 1.172 2.799
12.209 32.14 30.9600 17.8 1.188 2.832
12.309 32.16 30.9600 18.0 1.203 2.859
12.409 32.18 31.0500 14.3 1.130 2.270
12.510 32.20 30.9700 18.4 1.231 2.922
12.610 32.22 30.9800 18.4 1.242 2.918
12.709 32.24 30.9800 18.7 1.261 2.968
12.810 32.26 31.0000 18.1 1.259 2.874
12.908 32.27 31.0000 18.5 1.279 2.938
13.010 32.29 31.0000 18.8 1.297 2.982
13.110 32.31 31.0100 18.5 1.301 2.931
13.208 32.33 31.0300 18.1 1.304 2.875
13.310 32.35 31.0200 18.7 1.329 2.970
13.409 32.37 31.0200 18.9 1.343 2.996
13.509 32.39 31.0400 18.3 1.341 2.903
13.610 32.40 31.0500 18.4 1.354 2.913
13.708 32.42 31.0600 18.3 1.361 2.890
13.810 32.44 31.0900 17.4 1.352 2.750
13.909 32.46 31.0700 18.6 1.390 2.951
14.009 32.48 31.1000 17.8 1.380 2.804
14.110 32.50 31.1200 17.2 1.377 2.716
14.208 32.52 31.1200 17.6 1.396 2.784
14.310 32.54 31.1000 18.9 1.434 2.983
14.409 32.56 31.1200 18.6 1.439 2.944
14.509 32.57 31.1200 18.7 1.450 2.952
14.610 32.59 31.1400 18.5 1.456 2.920
14.709 32.61 31.1400 18.9 1.476 2.986
14.810 32.63 31.1400 19.1 1.489 3.007
14.909 32.65 31.1800 17.9 1.473 2.820
15.009 32.67 31.1700 18.8 1.502 2.959
15.110 32.69 31.1700 19.0 1.517 2.993
15.209 32.71 31.1800 18.9 1.526 2.983
15.309 32.73 31.1900 18.9 1.535 2.972
15.409 32.75 31.2200 18.2 1.529 2.859
15.509 32.77 31.2100 18.9 1.554 2.970
15.610 32.78 31.2300 18.7 1.559 2.941
15.709 32.80 31.2400 18.5 1.564 2.907
15.810 32.82 31.2400 19.0 1.584 2.980
15.909 32.84 31.2500 18.8 1.589 2.946
16.009 32.86 31.2600 18.9 1.600 2.962
16.110 32.88 31.2700 18.8 1.609 2.954
16.209 32.90 31.2900 18.5 1.610 2.897
16.309 32.92 31.2900 19.0 1.630 2.975
16.409 32.94 31.3100 18.4 1.626 2.880
16.510 32.96 31.3200 18.4 1.635 2.884
16.610 32.98 31.3200 19.0 1.657 2.974
16.709 33.00 31.3500 18.2 1.647 2.843
16.810 33.02 31.3500 18.8 1.669 2.938
16.908 33.03 31.3600 18.8 1.678 2.939
17.010 33.05 31.3600 19.1 1.692 2.978
17.110 33.07 31.3900 18.2 1.681 2.838
17.208 33.09 31.4000 18.4 1.694 2.873
17.310 33.11 31.4200 18.1 1.695 2.822
17.409 33.13 31.4200 18.5 1.711 2.877
17.509 33.15 31.4300 18.4 1.717 2.861
17.610 33.17 31.4500 18.4 1.724 2.854
17.709 33.19 31.4500 18.8 1.741 2.916
17.810 33.21 31.4400 19.6 1.769 3.059
17.909 33.23 31.4700 18.6 1.755 2.894
18.009 33.25 31.4900 18.4 1.757 2.856
18.110 33.27 31.5200 17.8 1.749 2.748
18.209 33.29 31.5200 18.4 1.771 2.853
18.309 33.31 31.5400 18.0 1.770 2.789
18.409 33.33 31.5500 18.0 1.776 2.786
18.509 33.35 31.5600 18.3 1.790 2.832
18.610 33.37 31.5700 18.0 1.791 2.786
18.709 33.39 31.5700 18.7 1.813 2.892
18.809 33.40 31.6000 17.9 1.801 2.754
18.909 33.42 31.6000 18.5 1.821 2.850
19.009 33.44 31.6300 17.8 1.813 2.738
19.110 33.46 31.6300 18.2 1.829 2.810
19.209 33.48 31.6400 18.5 1.841 2.846
19.309 33.50 31.6700 17.8 1.831 2.727
19.409 33.52 31.6800 17.9 1.840 2.745
19.510 33.54 31.7000 17.7 1.843 2.721
19.609 33.56 31.7100 18.0 1.855 2.762
19.709 33.58 31.7300 17.7 1.855 2.719
19.809 33.60 31.7500 17.4 1.854 2.669
19.909 33.62 31.7900 16.3 1.833 2.480
20.009 33.64 31.7800 17.4 1.862 2.651
20.110 33.66 31.8000 17.2 1.862 2.618
20.209 33.68 31.8300 16.6 1.854 2.521
20.309 33.70 31.8200 17.3 1.875 2.634
20.409 33.72 31.8300 17.7 1.889 2.698
20.511 33.74 31.8500 17.6 1.893 2.683
20.610 33.76 31.8700 17.0 1.885 2.586
20.708 33.78 31.9200 15.8 1.863 2.397
20.810 33.80 31.9000 17.1 1.893 2.589
20.909 33.82 31.9200 17.1 1.899 2.595
21.009 33.84 31.9300 17.2 1.906 2.607
21.110 33.86 31.9600 16.6 1.897 2.510
21.209 33.88 31.9500 17.5 1.922 2.655
21.309 33.90 32.0000 16.3 1.900 2.466
21.409 33.92 32.0200 16.1 1.898 2.424
21.510 33.94 32.0400 16.1 1.901 2.417
21.610 33.96 32.0500 16.1 1.904 2.416
21.709 33.98 32.0600 16.5 1.917 2.479
21.809 33.99 32.0800 16.0 1.910 2.407
21.909 34.01 32.1000 15.9 1.911 2.387
22.010 34.03 32.1100 16.2 1.920 2.425
22.109 34.05 32.1300 16.1 1.921 2.409
22.209 34.07 32.1500 15.9 1.919 2.373
22.310 34.09 32.1600 16.2 1.930 2.424
22.408 34.11 32.1900 15.9 1.928 2.383
22.510 34.13 32.2000 15.9 1.929 2.372
22.610 34.15 32.2300 15.7 1.927 2.339
22.708 34.17 32.2400 15.6 1.928 2.326
22.810 34.19 32.2600 15.5 1.929 2.307
22.909 34.21 32.2800 15.6 1.932 2.312
23.010 34.23 32.3000 15.6 1.935 2.316
23.111 34.25 32.3200 15.3 1.932 2.275
23.210 34.27 32.3300 15.7 1.942 2.329
23.310 34.29 32.3500 15.4 1.938 2.285
23.410 34.31 32.3700 15.4 1.941 2.285
23.511 34.33 32.3900 15.4 1.942 2.276
23.610 34.35 32.4200 15.0 1.934 2.204
23.710 34.37 32.4400 14.9 1.935 2.200
23.811 34.39 32.4400 15.4 1.947 2.271
23.910 34.41 32.4800 14.4 1.926 2.109
24.011 34.43 32.5000 14.7 1.935 2.161
24.110 34.45 32.5100 14.9 1.941 2.190
24.210 34.47 32.5300 15.0 1.944 2.200
24.311 34.49 32.5400 15.0 1.945 2.198
24.409 34.51 32.5700 14.5 1.935 2.115
24.511 34.53 32.6000 14.1 1.927 2.048
24.610 34.55 32.6200 14.2 1.931 2.071
24.710 34.57 32.6500 13.8 1.920 1.987
24.811 34.59 32.6600 14.2 1.929 2.051
24.909 34.61 32.6800 14.3 1.934 2.076
25.011 34.63 32.7100 13.8 1.922 1.987
25.111 34.65 32.7300 13.6 1.918 1.956
25.209 34.67 32.7500 13.8 1.923 1.988
25.311 34.69 32.7700 13.6 1.918 1.949
25.410 34.71 32.7900 13.8 1.922 1.978
25.510 34.73 32.8100 13.5 1.917 1.937
25.611 34.75 32.8400 13.3 1.910 1.892
25.710 34.77 32.8700 12.8 1.898 1.808
25.810 34.79 32.9000 12.5 1.891 1.764
25.910 34.81 32.9000 13.2 1.907 1.879
26.011 34.83 33.0100 9.3 1.816 1.248
26.111 34.85 32.9500 12.9 1.894 1.820
26.210 34.87 32.9800 12.7 1.889 1.786
26.310 34.89 32.9900 12.9 1.893 1.826
26.410 34.91 33.0200 12.7 1.887 1.782
26.510 34.93 33.0400 12.7 1.886 1.784
26.611 34.95 33.0400 13.7 1.909 1.947
26.710 34.97 33.0900 12.4 1.879 1.733
26.810 34.99 33.1100 12.4 1.877 1.728
26.910 35.01 33.1300 12.2 1.873 1.708
27.010 35.03 33.1700 11.6 1.857 1.607
27.111 35.05 33.1900 11.9 1.862 1.656
27.210 35.07 33.2000 12.2 1.865 1.689
27.310 35.09 33.2300 11.8 1.856 1.630
27.410 35.11 33.2700 11.2 1.840 1.531
27.511 35.13 33.3000 10.8 1.829 1.470
27.611 35.15 33.3100 11.2 1.834 1.525
27.710 35.17 33.3400 10.8 1.824 1.467
27.810 35.19 33.3600 11.2 1.828 1.516
27.910 35.21 33.4200 9.6 1.789 1.256
28.011 35.23 33.4300 9.9 1.793 1.311
28.110 35.25 33.4400 10.6 1.805 1.421
28.210 35.27 33.4600 10.7 1.803 1.428
28.311 35.29 33.5000 10.1 1.788 1.341
28.409 35.31 33.5200 10.3 1.789 1.367
28.511 35.33 33.5400 10.5 1.790 1.398
28.611 35.35 33.5600 10.4 1.785 1.383
28.710 35.37 33.6000 9.8 1.769 1.288
28.810 35.39 33.6000 10.6 1.782 1.402
28.910 35.41 33.6500 9.6 1.757 1.248
29.011 35.43 33.6700 9.7 1.755 1.262
29.111 35.45 33.7000 9.3 1.743 1.200
29.210 35.47 33.7200 9.5 1.743 1.230
29.310 35.49 33.7600 8.9 1.724 1.121
29.410 35.51 33.8400 6.5 1.666 0.744
29.511 35.53 33.7900 9.8 1.733 1.261
29.610 35.55 33.8300 9.3 1.719 1.191
29.710 35.57 33.8400 9.7 1.723 1.246
29.811 35.59 33.8700 9.4 1.712 1.193
29.909 35.61 33.9000 9.1 1.702 1.143
30.011 35.63 33.9300 9.0 1.696 1.131
30.111 35.65 33.9400 9.5 1.704 1.214
30.209 35.67 33.9700 9.2 1.694 1.168
30.311 35.69 33.9700 10.4 1.716 1.351
30.410 35.71 34.0200 9.1 1.685 1.149
30.510 35.73 34.0500 8.8 1.672 1.086
30.611 35.75 34.0700 9.2 1.678 1.159
30.710 35.77 34.1000 8.8 1.664 1.087
30.810 35.79 34.1200 9.1 1.668 1.142
30.910 35.81 34.1500 8.8 1.657 1.094
31.010 35.83 34.1700 8.9 1.654 1.097
31.111 35.84 34.1900 8.9 1.650 1.101
31.210 35.86 34.2200 8.8 1.643 1.077
31.310 35.88 34.2500 8.6 1.636 1.055
31.410 35.90 34.2700 8.9 1.638 1.101
31.511 35.92 34.3100 8.3 1.619 0.993
31.611 35.94 34.3500 7.6 1.598 0.881
31.710 35.96 34.3500 8.7 1.619 1.060
31.810 35.98 34.3800 8.1 1.600 0.957
31.910 36.00 34.4000 8.4 1.603 1.008
32.011 36.02 34.4100 8.9 1.611 1.092
32.110 36.04 34.4400 8.8 1.603 1.064
32.210 36.06 34.4900 7.8 1.577 0.912
32.310 36.08 34.5000 8.4 1.586 1.006
32.410 36.10 34.5200 8.7 1.589 1.055
32.511 36.12 34.5700 7.6 1.559 0.875
32.611 36.14 34.5900 7.7 1.555 0.881
32.710 36.16 34.6100 7.8 1.552 0.891
32.810 36.18 34.6200 8.5 1.564 1.008
32.910 36.20 34.6700 7.6 1.539 0.864
33.010 36.22 34.6600 8.9 1.564 1.074
33.111 36.24 34.7300 7.0 1.516 0.758
33.210 36.26 34.7400 7.5 1.522 0.840
33.310 36.28 34.7700 7.2 1.510 0.795
33.410 36.30 34.8000 7.4 1.509 0.819
33.510 36.32 34.8300 7.2 1.499 0.785
33.611 36.34 34.8600 6.9 1.487 0.734
33.710 36.36 34.8800 7.0 1.484 0.754
33.810 36.38 34.9000 7.3 1.485 0.797
33.910 36.40 34.9200 7.6 1.489 0.857
34.011 36.42 34.9400 7.5 1.480 0.830
34.111 36.44 34.9700 7.2 1.470 0.789
34.210 36.46 35.0200 6.5 1.448 0.671
34.310 36.48 35.0300 7.2 1.457 0.774
34.410 36.50 35.0600 6.7 1.442 0.704
34.511 36.52 35.0800 7.1 1.444 0.755
34.611 36.54 35.1000 7.2 1.441 0.769
34.710 36.56 35.1300 7.0 1.434 0.751
34.810 36.58 35.2400 3.5 1.347 0.178
34.910 36.60 35.1800 7.1 1.422 0.760
35.011 36.62 35.2000 7.2 1.420 0.780
35.110 36.64 35.2500 6.5 1.398 0.656
35.210 36.66 35.2700 6.5 1.391 0.647
35.310 36.68 35.2900 6.7 1.391 0.683
35.410 36.70 35.3300 6.2 1.374 0.597
35.511 36.72 35.3600 6.1 1.366 0.585
35.611 36.74 35.3900 5.9 1.356 0.553
35.710 36.76 35.4100 6.0 1.352 0.567
35.810 36.78 35.4300 6.3 1.353 0.609
35.910 36.80 35.4700 5.5 1.329 0.481
36.010 36.82 35.4900 5.9 1.333 0.546
36.111 36.84 35.5100 6.2 1.333 0.590
36.210 36.86 35.5400 5.9 1.321 0.539
36.310 36.88 35.5700 6.0 1.317 0.552
36.410 36.90 35.6000 5.8 1.308 0.529
36.512 36.92 35.6200 5.7 1.300 0.513
36.611 36.94 35.6400 5.9 1.300 0.547
36.709 36.96 35.6700 6.0 1.295 0.554
36.811 36.98 35.6900 6.1 1.292 0.571
36.910 37.00 35.7200 5.8 1.281 0.529
37.010 37.02 35.7500 5.6 1.269 0.481
37.111 37.04 35.7700 6.0 1.274 0.556
37.210 37.06 35.8000 6.0 1.268 0.546
37.310 37.08 35.8300 5.7 1.256 0.501
37.410 37.10 35.8600 5.5 1.245 0.464
37.510 37.12 35.8700 5.9 1.249 0.531
37.611 37.14 35.9000 6.0 1.248 0.555
37.710 37.16 35.9200 5.9 1.239 0.533
37.810 37.18 35.9600 5.5 1.223 0.456
37.910 37.20 35.9800 5.6 1.220 0.475
38.010 37.22 36.0100 5.6 1.215 0.474
38.111 37.24 36.0400 5.4 1.205 0.439
38.210 37.26 36.0700 5.0 1.192 0.385
38.310 37.28 36.1300 3.6 1.151 0.143
38.410 37.30 36.1000 6.1 1.202 0.547
38.511 37.32 36.1500 5.2 1.177 0.403
38.611 37.34 36.1500 6.1 1.192 0.547
38.710 37.36 36.2000 5.2 1.166 0.402
38.810 37.38 36.2300 4.9 1.155 0.358
38.910 37.40 36.2600 4.6 1.140 0.300
39.010 37.42 36.3000 4.1 1.124 0.228
39.111 37.44 36.3000 5.2 1.142 0.393
39.210 37.46 36.3400 4.6 1.123 0.300
39.310 37.48 36.3700 4.6 1.117 0.299
39.410 37.50 36.3800 5.0 1.119 0.359
39.511 37.52 36.4200 4.7 1.107 0.308
39.610 37.54 36.4300 5.2 1.114 0.399
39.710 37.56 36.4600 5.2 1.108 0.388
39.810 37.58 36.4800 5.0 1.099 0.366
39.910 37.60 36.5100 5.1 1.095 0.371
40.011 37.62 36.5500 4.6 1.077 0.288
40.111 37.64 36.5600 5.0 1.083 0.364
40.210 37.66 36.5800 5.1 1.079 0.376
40.310 37.68 36.6100 4.9 1.070 0.345
40.410 37.70 36.6400 4.8 1.062 0.328
40.512 37.72 36.6500 5.3 1.068 0.406
40.611 37.74 36.6900 4.8 1.052 0.329
40.709 37.76 36.7100 4.9 1.049 0.342
40.811 37.78 36.7700 3.5 1.010 0.103
40.910 37.80 36.7500 5.5 1.049 0.425
41.010 37.82 36.7900 4.9 1.032 0.331
41.111 37.84 36.7900 6.1 1.054 0.521
41.210 37.86 36.8400 5.0 1.025 0.347
41.311 37.88 36.8600 5.2 1.024 0.371
41.410 37.90 36.8800 5.2 1.020 0.379
41.510 37.92 36.9000 5.4 1.019 0.407
41.611 37.94 36.9400 4.9 1.005 0.335
41.710 37.96 36.9600 5.1 1.004 0.364
41.810 37.98 36.9900 4.8 0.991 0.305
41.910 38.00 37.0200 4.8 0.986 0.305
42.010 38.02 37.0400 5.0 0.985 0.334
42.111 38.04 37.0800 4.3 0.967 0.234
42.210 38.06 37.1000 4.5 0.966 0.267
42.309 38.08 37.1300 4.1 0.951 0.198
42.409 38.10 37.1600 4.2 0.947 0.208
42.510 38.12 37.1700 4.5 0.950 0.262
42.609 38.14 37.1900 4.9 0.953 0.317
42.709 38.16 37.2100 5.1 0.952 0.344
42.809 38.18 37.2500 4.5 0.935 0.255
42.909 38.20 37.2300 6.5 0.976 0.575
43.010 38.22 37.2800 5.4 0.947 0.392
43.109 38.24 37.3200 4.4 0.921 0.239
43.209 38.26 37.3300 5.1 0.932 0.352
43.310 38.28 37.3700 4.5 0.913 0.245
43.408 38.30 37.3900 4.5 0.909 0.252
43.510 38.32 37.4200 4.5 0.903 0.240
43.609 38.34 37.4400 4.7 0.902 0.271
43.709 38.36 37.4700 4.5 0.894 0.241
43.810 38.38 37.4900 4.7 0.894 0.275
43.908 38.40 37.5100 4.8 0.891 0.289
44.010 38.42 37.5500 4.3 0.875 0.208
44.110 38.44 37.5700 4.4 0.872 0.221
44.208 38.46 37.6000 4.3 0.866 0.209
44.310 38.48 37.6200 4.6 0.867 0.250
44.409 38.50 37.6400 4.7 0.866 0.276
44.510 38.52 37.7000 3.1 0.824 0.008
44.609 38.54 37.6900 4.7 0.855 0.265
44.709 38.56 37.7200 4.2 0.840 0.192
44.810 38.58 37.7300 5.0 0.853 0.312
44.908 38.60 37.7700 4.4 0.836 0.222
45.010 38.62 37.7900 4.5 0.834 0.241
45.109 38.64 37.8200 4.4 0.827 0.218
45.209 38.66 37.8600 3.8 0.808 0.114
45.310 38.68 37.8700 4.2 0.814 0.191
45.408 38.70 37.9000 4.0 0.805 0.160
45.510 38.72 37.9200 4.0 0.799 0.148
45.610 38.74 37.9400 4.5 0.805 0.224
45.708 38.76 37.9500 4.9 0.811 0.296
45.810 38.78 37.9900 4.1 0.789 0.165
45.908 38.80 38.0000 4.9 0.802 0.292
46.010 38.82 38.0400 4.2 0.782 0.176
46.110 38.84 38.0600 4.4 0.783 0.214
46.208 38.86 38.0700 5.2 0.796 0.333
46.310 38.88 38.1100 4.5 0.778 0.230
46.409 38.90 38.1200 4.7 0.779 0.264
46.509 38.92 38.1400 5.0 0.780 0.298
46.610 38.94 38.1700 4.8 0.773 0.272
46.709 38.96 38.2000 4.5 0.763 0.224
46.809 38.98 38.2100 5.1 0.772 0.319
46.909 39.00 38.2500 4.2 0.749 0.181
47.009 39.02 38.2600 5.2 0.767 0.335
47.110 39.04 38.2800 5.2 0.764 0.337
47.209 39.06 38.3100 4.9 0.754 0.285
47.309 39.08 38.3200 5.3 0.759 0.343
47.409 39.10 38.3500 5.0 0.749 0.293
47.510 39.12 38.3700 5.4 0.756 0.367
47.610 39.14 38.4100 4.5 0.732 0.214
47.709 39.16 38.4200 5.1 0.742 0.314
47.809 39.18 38.4600 4.5 0.725 0.215
47.909 39.20 38.4600 5.3 0.740 0.345
48.009 39.22 38.5000 4.6 0.720 0.229
48.110 39.24 38.5100 5.4 0.735 0.357
48.209 39.26 38.5400 4.8 0.719 0.263
48.309 39.28 38.5400 5.8 0.739 0.427
48.409 39.30 38.5800 5.1 0.719 0.304
48.511 39.32 38.6100 4.8 0.710 0.258
48.610 39.34 38.6400 4.6 0.702 0.224
48.708 39.36 38.6500 5.2 0.712 0.319
48.810 39.38 38.6800 5.0 0.704 0.285
48.909 39.40 38.7100 4.6 0.692 0.222
49.009 39.42 38.7200 5.2 0.702 0.314
49.110 39.44 38.7500 5.1 0.697 0.299
49.209 39.46 38.7700 5.1 0.696 0.308
49.309 39.48 38.7800 5.4 0.700 0.358
49.409 39.50 38.8100 5.2 0.693 0.325
49.509 39.52 38.8400 4.9 0.683 0.274
49.610 39.54 38.8600 5.0 0.683 0.292
49.709 39.56 38.8700 5.5 0.692 0.375
49.809 39.58 38.9000 5.2 0.681 0.313
49.909 39.60 38.9200 5.3 0.681 0.334
50.009 39.62 38.9500 4.9 0.669 0.265
50.110 39.64 38.9700 5.4 0.678 0.349
50.209 39.66 38.9900 5.3 0.672 0.328
50.309 39.68 39.0400 4.0 0.640 0.121
50.409 39.70 39.0400 5.4 0.668 0.339
50.510 39.72 39.0500 5.6 0.671 0.382
50.610 39.74 39.0800 5.3 0.661 0.325
50.709 39.76 39.0900 5.7 0.669 0.397
50.809 39.78 39.1200 5.5 0.662 0.358
50.909 39.80 39.1500 5.3 0.656 0.331
51.010 39.82 39.1700 5.3 0.654 0.333
51.109 39.84 39.2000 5.0 0.642 0.268
51.209 39.86 39.2300 4.6 0.632 0.218
51.309 39.88 39.2600 4.5 0.627 0.201
51.409 39.90 39.2800 4.5 0.622 0.188
51.510 39.92 39.3000 4.8 0.626 0.235
51.609 39.94 39.3200 4.9 0.626 0.258
51.709 39.96 39.3300 5.4 0.635 0.342
51.809 39.98 39.3700 4.7 0.617 0.229
51.909 40.00 39.4200 3.5 0.586 0.030
52.010 40.02 39.4300 3.8 0.589 0.078
52.110 40.04 39.4600 3.7 0.582 0.056
52.209 40.06 39.4800 3.9 0.583 0.091
52.309 40.08 39.5100 3.6 0.573 0.043
52.409 40.10 39.5400 3.3 0.563 -0.002
52.511 40.12 39.5900 2.2 0.533 -0.178
52.610 40.14 39.5800 3.5 0.559 0.034
52.708 40.16 39.6100 3.5 0.553 0.018
52.810 40.18 39.6300 3.8 0.558 0.080
52.909 40.20 39.6500 3.9 0.556 0.094
53.009 40.22 39.6600 4.2 0.559 0.133
53.110 40.24 39.6800 4.3 0.559 0.155
53.208 40.26 39.7100 4.2 0.554 0.143
53.310 40.28 39.7400 3.9 0.543 0.084
53.409 40.30 39.7500 4.3 0.550 0.156
53.509 40.32 39.7800 4.4 0.548 0.161
53.610 40.34 39.8000 4.5 0.548 0.182
53.709 40.36 39.8100 4.6 0.548 0.204
53.809 40.38 39.8400 4.3 0.538 0.151
53.909 40.40 39.8700 4.2 0.533 0.135
54.009 40.42 39.8800 4.6 0.540 0.199
54.110 40.44 39.9000 4.8 0.542 0.231
54.209 40.46 39.9200 5.0 0.543 0.256
54.309 40.48 39.9500 4.5 0.531 0.187
54.409 40.50 39.9800 4.3 0.524 0.155
54.510 40.52 39.9900 5.0 0.536 0.258
54.609 40.54 40.0100 4.7 0.528 0.216
54.709 40.56 40.0400 4.7 0.525 0.208
54.810 40.58 40.0500 5.0 0.531 0.263
54.909 40.60 40.0800 4.7 0.520 0.206
55.010 40.62 40.1000 5.1 0.528 0.273
55.109 40.64 40.1300 4.7 0.518 0.215
55.209 40.66 40.1400 5.2 0.525 0.280
55.309 40.68 40.1600 5.2 0.524 0.287
55.409 40.70 40.1700 5.7 0.535 0.372
55.510 40.72 40.2000 5.4 0.525 0.317
55.609 40.74 40.1900 6.6 0.551 0.508
55.709 40.76 40.2300 5.8 0.532 0.377
55.810 40.78 40.2600 5.6 0.527 0.351
55.909 40.80 40.2800 5.3 0.519 0.302
56.010 40.82 40.2900 5.9 0.532 0.402
56.109 40.84 40.3100 5.8 0.529 0.389
56.209 40.86 40.3400 5.7 0.525 0.368
56.310 40.88 40.3500 6.3 0.536 0.455
56.408 40.90 40.3700 6.2 0.534 0.442
56.510 40.92 40.3900 6.2 0.534 0.447
56.610 40.94 40.4200 5.9 0.526 0.396
56.709 40.96 40.4300 6.0 0.528 0.418
56.809 40.98 40.4500 6.5 0.537 0.484
56.909 41.00 40.4700 6.5 0.537 0.487
57.009 41.02 40.4900 6.5 0.537 0.489
57.110 41.04 40.5200 5.9 0.524 0.398
57.209 41.06 40.5300 6.2 0.528 0.438
57.309 41.08 40.5500 6.6 0.537 0.501
57.409 41.10 40.5700 6.3 0.530 0.457
57.510 41.12 40.5900 6.5 0.534 0.486
57.609 41.14 40.6200 6.1 0.524 0.423
57.709 41.16 40.6300 6.4 0.531 0.473
57.809 41.18 40.6500 6.6 0.536 0.510
57.909 41.20 40.6700 6.4 0.531 0.477
58.010 41.22 40.7000 6.2 0.525 0.437
58.109 41.24 40.7100 6.6 0.533 0.502
58.209 41.26 40.7400 6.3 0.526 0.455
58.309 41.28 40.7500 6.4 0.529 0.474
58.409 41.30 40.7800 6.2 0.524 0.443
58.510 41.32 40.8000 6.4 0.528 0.474
58.609 41.34 40.8100 6.7 0.533 0.510
58.709 41.36 40.8300 6.9 0.538 0.549
58.810 41.38 40.8400 7.0 0.540 0.562
58.909 41.40 40.8700 6.8 0.535 0.526
59.010 41.42 40.8900 6.8 0.534 0.523
59.109 41.44 40.9000 7.2 0.543 0.585
59.209 41.46 40.9200 7.0 0.541 0.568
59.310 41.48 40.9400 7.1 0.542 0.577
59.408 41.50 40.9700 6.9 0.538 0.543
59.510 41.52 40.9800 7.0 0.541 0.566
59.610 41.54 40.9900 7.6 0.554 0.653
59.709 41.56 41.0200 7.2 0.546 0.595
59.810 41.58 41.0300 7.4 0.550 0.618
59.908 41.60 41.0600 7.2 0.546 0.587
60.010 41.62 41.0800 6.9 0.540 0.543
60.110 41.64 41.0800 7.8 0.562 0.694
60.208 41.66 41.1000 7.7 0.559 0.671
60.310 41.68 41.1200 7.8 0.562 0.688
60.408 41.70 41.1200 8.8 0.587 0.855
60.510 41.72 41.1600 7.5 0.558 0.639
60.609 41.74 41.1900 7.4 0.557 0.623
60.709 41.76 41.2000 7.6 0.561 0.649
60.810 41.78 41.2200 7.6 0.562 0.656
60.908 41.80 41.2300 7.9 0.569 0.701
61.010 41.82 41.2600 7.7 0.566 0.671
61.109 41.84 41.2700 8.0 0.574 0.718
61.209 41.86 41.2900 8.0 0.573 0.705
61.310 41.88 41.2700 9.5 0.609 0.952
61.408 41.90 41.3300 8.0 0.576 0.703
61.510 41.92 41.3400 8.4 0.587 0.772
61.610 41.94 41.3600 8.2 0.584 0.741
61.708 41.96 41.3900 7.9 0.578 0.693
61.810 41.98 41.4300 6.6 0.549 0.486
61.908 42.00 41.4100 8.3 0.589 0.767
62.010 42.02 41.4400 8.0 0.582 0.708
62.110 42.04 41.4700 7.7 0.575 0.653
62.208 42.06 41.4700 8.6 0.596 0.801
62.310 42.08 41.4900 8.6 0.597 0.797
62.409 42.10 41.5100 8.2 0.591 0.743
62.510 42.12 41.5300 8.4 0.595 0.766
62.610 42.14 41.5400 8.6 0.602 0.802
62.708 42.16 41.5700 8.2 0.593 0.730
62.810 42.18 41.5800 8.6 0.605 0.808
62.909 42.20 41.6000 8.6 0.605 0.800
63.009 42.22 41.6200 8.6 0.607 0.805
63.110 42.24 41.6400 8.6 0.607 0.792
63.209 42.26 41.6400 9.1 0.620 0.876
63.309 42.28 41.6700 8.6 0.610 0.793
63.409 42.30 41.6800 8.9 0.618 0.842
63.508 42.32 41.7100 8.6 0.614 0.800
63.609 42.34 41.7400 8.2 0.605 0.727
63.708 42.36 41.7300 9.3 0.632 0.908
63.808 42.38 41.7500 9.4 0.637 0.928
63.908 42.40 41.7700 9.1 0.630 0.868
64.009 42.42 41.7900 9.1 0.634 0.882
64.108 42.44 41.8700 6.3 0.570 0.420
64.208 42.46 41.8300 9.1 0.633 0.875
64.308 42.48 41.8400 9.5 0.644 0.935
64.408 42.50 41.8500 9.6 0.650 0.962
64.509 42.52 41.8900 9.0 0.638 0.863
64.609 42.54 41.8800 9.9 0.661 1.011
64.708 42.56 41.9100 9.5 0.652 0.936
64.809 42.58 41.9100 10.2 0.671 1.052
64.908 42.60 41.9400 9.9 0.667 1.005
65.008 42.62 41.9600 9.6 0.661 0.946
65.109 42.64 42.0000 8.9 0.647 0.834
65.208 42.66 42.0000 9.5 0.662 0.927
65.308 42.68 42.0200 9.6 0.666 0.943
65.408 42.70 42.0100 10.5 0.689 1.095
65.509 42.72 42.0600 9.0 0.658 0.856
65.608 42.74 42.0700 9.4 0.668 0.917
65.708 42.76 42.0900 9.7 0.676 0.956
65.808 42.78 42.1200 9.2 0.667 0.884
65.908 42.80 42.1500 8.4 0.651 0.759
66.009 42.82 42.1500 9.5 0.676 0.929
66.108 42.84 42.1700 9.3 0.673 0.898
66.208 42.86 42.1800 9.6 0.682 0.945
66.308 42.88 42.2000 9.7 0.686 0.960
66.408 42.90 42.2200 9.3 0.679 0.899
66.509 42.92 42.2300 9.9 0.694 0.993
66.608 42.94 42.2600 9.6 0.688 0.934
66.708 42.96 42.2800 9.3 0.683 0.890
66.808 42.98 42.2800 10.0 0.701 1.002
66.908 43.00 42.3000 9.8 0.698 0.968
67.009 43.02 42.3300 9.6 0.696 0.940
67.108 43.04 42.3400 9.9 0.705 0.990
67.208 43.06 42.3600 9.9 0.707 0.991
67.308 43.08 42.3700 9.9 0.709 0.994
67.408 43.10 42.3800 10.3 0.721 1.057
67.509 43.12 42.4000 10.2 0.719 1.030
67.608 43.14 42.4100 10.8 0.735 1.125
67.707 43.16 42.4300 10.5 0.731 1.076
67.808 43.18 42.4500 10.3 0.729 1.049
67.907 43.20 42.4700 10.2 0.729 1.028
68.008 43.22 42.5000 9.8 0.722 0.969
68.107 43.24 42.5100 10.1 0.731 1.015
68.207 43.26 42.5200 10.6 0.743 1.088
68.307 43.28 42.5500 10.1 0.735 1.013
68.407 43.30 42.5600 10.5 0.746 1.077
68.508 43.32 42.5600 11.2 0.765 1.192
68.608 43.34 42.5900 10.4 0.749 1.062
68.707 43.36 42.6100 10.6 0.756 1.095
68.808 43.38 42.6300 10.6 0.757 1.083
68.907 43.40 42.6500 10.4 0.756 1.063
69.007 43.42 42.6700 10.0 0.749 0.994
69.108 43.44 42.6800 10.6 0.763 1.080
69.207 43.46 42.7100 10.2 0.757 1.024
69.307 43.48 42.7200 10.3 0.762 1.045
69.407 43.50 42.7300 10.8 0.774 1.116
69.507 43.52 42.7500 10.6 0.772 1.084
69.608 43.54 42.7800 9.9 0.759 0.976
69.707 43.56 42.8000 10.0 0.762 0.985
69.807 43.58 42.8200 10.2 0.768 1.017
69.907 43.60 42.8300 10.3 0.772 1.034
70.008 43.62 42.8500 10.1 0.769 0.997
70.107 43.64 42.8600 10.5 0.779 1.061
70.207 43.66 42.8800 10.5 0.782 1.066
70.307 43.68 42.9100 10.2 0.777 1.019
70.407 43.70 42.9200 10.5 0.784 1.056
70.508 43.72 42.9100 11.7 0.814 1.249
70.607 43.74 42.9500 10.6 0.793 1.079
70.707 43.76 42.9700 10.6 0.794 1.077
70.808 43.78 42.9900 10.6 0.795 1.067
70.907 43.80 43.0100 10.5 0.796 1.062
71.008 43.82 43.0300 10.4 0.797 1.051
71.107 43.84 43.0400 10.5 0.799 1.052
71.207 43.86 43.0500 11.1 0.814 1.148
71.308 43.88 43.0800 10.3 0.800 1.031
71.407 43.90 43.1000 10.4 0.803 1.045
71.508 43.92 43.1000 11.0 0.818 1.137
71.607 43.94 43.1300 10.8 0.815 1.095
71.706 43.96 43.1500 10.7 0.816 1.088
71.807 43.98 43.1600 11.1 0.827 1.153
71.906 44.00 43.2100 9.5 0.792 0.891
72.007 44.02 43.2100 10.6 0.818 1.070
72.106 44.04 43.2100 11.0 0.829 1.137
72.206 44.06 43.2000 12.2 0.860 1.334
72.307 44.08 43.2600 10.6 0.824 1.059
72.405 44.10 43.2800 10.6 0.825 1.057
72.507 44.12 43.2900 10.7 0.829 1.073
72.607 44.14 43.3100 10.7 0.831 1.072
72.706 44.16 43.2900 12.3 0.871 1.341
72.807 44.18 43.3500 10.6 0.835 1.064
72.906 44.20 43.3600 10.9 0.842 1.105
73.006 44.22 43.3800 10.8 0.843 1.097
73.107 44.24 43.4100 10.5 0.836 1.036
73.206 44.26 43.4200 10.8 0.846 1.096
73.306 44.28 43.4400 10.5 0.841 1.048
73.406 44.30 43.4800 9.8 0.826 0.930
73.507 44.32 43.4800 10.7 0.846 1.068
73.606 44.34 43.4900 10.9 0.853 1.103
73.706 44.36 43.5100 10.6 0.848 1.061
73.806 44.38 43.5400 10.4 0.844 1.019
73.906 44.40 43.5500 10.9 0.857 1.101
74.007 44.42 43.5700 10.6 0.852 1.057
74.106 44.44 43.6200 9.2 0.822 0.832
74.206 44.46 43.6100 10.8 0.858 1.084
74.307 44.48 43.6200 10.8 0.859 1.080
74.406 44.50 43.6400 11.0 0.864 1.109
74.507 44.52 43.6600 10.9 0.865 1.099
74.606 44.54 43.6800 10.8 0.865 1.089
74.706 44.56 43.6900 11.0 0.870 1.116
74.807 44.58 43.7100 11.1 0.873 1.124
74.906 44.60 43.7300 10.9 0.872 1.102
75.007 44.62 43.7400 11.5 0.887 1.198
75.106 44.64 43.7400 12.3 0.907 1.318
75.206 44.66 43.7900 10.7 0.872 1.056
75.307 44.68 43.8100 10.7 0.874 1.060
75.406 44.70 43.8200 11.0 0.883 1.112
75.507 44.72 43.8500 10.7 0.876 1.054
75.606 44.74 43.8500 11.4 0.893 1.165
75.706 44.76 43.8800 10.8 0.882 1.069
75.806 44.78 43.8900 11.1 0.890 1.120
75.905 44.80 43.9300 10.5 0.877 1.019
76.006 44.82 43.9300 11.2 0.895 1.133
76.105 44.84 43.9400 11.4 0.901 1.164
76.205 44.86 43.9700 10.9 0.892 1.091
76.306 44.88 43.9800 11.4 0.905 1.170
76.405 44.90 44.0000 11.1 0.898 1.109
76.506 44.92 44.0300 10.8 0.893 1.066
76.606 44.94 44.0400 11.1 0.902 1.119
76.705 44.96 44.0700 10.8 0.897 1.070
76.806 44.98 44.0800 11.2 0.906 1.125
76.905 45.00 44.1100 10.7 0.897 1.048
77.005 45.02 44.1100 11.3 0.912 1.146
77.106 45.04 44.1500 10.6 0.897 1.033
77.205 45.06 44.1700 10.6 0.897 1.023
77.305 45.08 44.1700 11.1 0.909 1.106
77.405 45.10 44.2000 10.8 0.904 1.056
77.506 45.12 44.2100 10.9 0.908 1.079
77.605 45.14 44.2400 10.8 0.906 1.055
77.705 45.16 44.2600 10.8 0.907 1.056
77.805 45.18 44.2800 10.7 0.906 1.042
77.905 45.20 44.2800 11.2 0.919 1.125
78.006 45.22 44.3100 11.1 0.917 1.103
78.105 45.24 44.3300 11.1 0.917 1.092
78.205 45.26 44.3400 11.2 0.923 1.122
78.306 45.28 44.3600 11.1 0.922 1.105
78.405 45.30 44.3800 11.0 0.919 1.078
78.506 45.32 44.4000 11.0 0.920 1.077
78.605 45.34 44.4200 11.2 0.926 1.114
78.705 45.36 44.4400 11.2 0.928 1.115
78.806 45.38 44.4700 10.6 0.914 1.009
78.905 45.40 44.4800 10.8 0.921 1.049
79.006 45.42 44.5300 9.4 0.889 0.824
79.105 45.44 44.5200 11.1 0.927 1.087
79.205 45.46 44.5300 11.3 0.932 1.119
79.306 45.48 44.5500 11.0 0.928 1.082
79.405 45.50 44.5800 11.0 0.928 1.071
79.506 45.52 44.5900 11.1 0.931 1.085
79.605 45.54 44.6100 10.9 0.929 1.064
79.705 45.56 44.6300 11.2 0.936 1.106
79.805 45.58 44.6600 10.5 0.921 0.996
79.905 45.60 44.6600 11.4 0.941 1.129
80.004 45.62 44.6900 11.2 0.938 1.096
80.104 45.64 44.7100 10.8 0.931 1.044
80.204 45.66 44.7200 11.1 0.938 1.086
80.305 45.68 44.7500 10.9 0.935 1.057
80.405 45.70 44.7700 10.6 0.928 1.003
80.504 45.72 44.8000 10.6 0.927 0.992
80.605 45.74 44.8200 10.5 0.925 0.976
80.704 45.76 44.8300 10.6 0.929 1.000
80.804 45.78 44.8600 10.2 0.920 0.935
80.905 45.80 44.8700 10.8 0.934 1.029
81.004 45.82 44.9000 10.4 0.925 0.963
81.105 45.84 44.9200 10.1 0.919 0.921
81.204 45.86 44.9300 10.9 0.936 1.041
81.304 45.88 44.9500 10.8 0.935 1.029
81.405 45.90 44.9700 10.8 0.936 1.026
81.504 45.92 44.9600 11.9 0.961 1.200
81.604 45.94 45.0100 10.5 0.930 0.972
81.704 45.96 45.0300 10.4 0.930 0.966
81.804 45.98 45.0500 10.6 0.933 0.986
81.905 46.00 45.0700 10.6 0.933 0.985
82.004 46.02 45.0800 10.9 0.941 1.035
82.104 46.04 45.1100 10.5 0.933 0.977
82.204 46.06 45.1300 10.7 0.937 1.006
82.304 46.08 45.1400 11.0 0.944 1.050
82.405 46.10 45.1600 11.0 0.944 1.044
82.504 46.12 45.1700 11.2 0.951 1.084
82.604 46.14 45.1900 11.2 0.952 1.089
82.704 46.16 45.2200 10.7 0.940 0.998
82.805 46.18 45.2300 11.1 0.950 1.060
82.904 46.20 45.2600 10.8 0.944 1.017
83.004 46.22 45.2800 10.8 0.945 1.020
83.104 46.24 45.3000 10.6 0.940 0.977
83.204 46.26 45.3200 10.6 0.940 0.977
83.305 46.28 45.3400 10.7 0.943 0.999
83.404 46.30 45.3600 10.6 0.941 0.982
83.504 46.32 45.4200 9.1 0.906 0.737
83.604 46.34 45.4000 10.7 0.941 0.989
83.704 46.36 45.4500 9.6 0.916 0.810
83.805 46.38 45.4400 10.6 0.939 0.977
83.904 46.40 45.4600 10.9 0.945 1.019
84.003 46.42 45.4900 10.4 0.934 0.938
84.104 46.44 45.5100 10.4 0.935 0.941
84.202 46.46 45.5300 10.5 0.936 0.947
84.304 46.48 45.5500 10.4 0.934 0.934
84.403 46.50 45.5800 10.1 0.927 0.887
84.503 46.52 45.5800 10.7 0.942 0.989
84.603 46.54 45.6000 10.6 0.939 0.968
84.703 46.56 45.6500 9.4 0.912 0.779
84.804 46.58 45.6600 10.2 0.927 0.891
84.904 46.60 45.6700 10.3 0.930 0.914
85.003 46.62 45.6900 10.5 0.935 0.947
85.103 46.64 45.7100 10.4 0.932 0.930
85.203 46.66 45.7300 10.2 0.928 0.900
85.304 46.68 45.7500 10.3 0.930 0.918
85.403 46.70 45.7700 10.6 0.936 0.958
85.503 46.72 45.7900 10.3 0.930 0.914
85.603 46.74 45.8100 10.2 0.928 0.901
85.703 46.76 45.8300 10.7 0.937 0.967
85.804 46.78 45.8600 10.2 0.926 0.891
85.903 46.80 45.8800 10.1 0.924 0.874
86.003 46.82 45.8900 10.4 0.930 0.923
86.103 46.84 45.9100 10.6 0.935 0.957
86.203 46.86 45.9200 10.9 0.943 1.008
86.304 46.88 45.9600 10.2 0.927 0.893
86.403 46.90 46.0400 7.5 0.864 0.454
86.503 46.92 46.0000 10.4 0.928 0.922
86.603 46.94 46.0100 10.7 0.934 0.968
86.703 46.96 46.0400 10.2 0.923 0.890
86.804 46.98 46.0600 10.3 0.924 0.897
86.903 47.00 46.0500 11.6 0.955 1.112
87.003 47.02 46.1000 10.2 0.923 0.885
87.103 47.04 46.1300 9.9 0.915 0.829
87.203 47.06 46.1700 9.1 0.897 0.709
87.304 47.08 46.1600 10.4 0.925 0.911
87.403 47.10 46.1800 10.2 0.920 0.880
87.503 47.12 46.2000 10.2 0.919 0.876
87.604 47.14 46.2300 10.1 0.917 0.860
87.703 47.16 46.2400 10.5 0.925 0.917
87.804 47.18 46.2600 10.3 0.922 0.900
87.903 47.20 46.3000 9.7 0.906 0.785
88.003 47.22 46.3000 10.3 0.920 0.890
88.102 47.24 46.3400 9.8 0.907 0.805
88.202 47.26 46.3500 10.1 0.914 0.854
88.303 47.28 46.3600 10.5 0.922 0.917
88.402 47.30 46.3900 10.2 0.915 0.866
88.502 47.32 46.4000 10.7 0.926 0.944
88.603 47.34 46.4200 10.4 0.920 0.903
88.702 47.36 46.4500 10.3 0.917 0.884
88.802 47.38 46.4600 10.4 0.920 0.905
88.903 47.40 46.4900 10.3 0.917 0.884
89.001 47.42 46.5100 10.2 0.915 0.872
89.103 47.44 46.5200 10.5 0.920 0.914
89.202 47.46 46.5500 10.2 0.913 0.859
89.302 47.48 46.5700 10.1 0.910 0.843
89.403 47.50 46.6000 9.8 0.902 0.791
89.502 47.52 46.5800 11.4 0.940 1.064
89.602 47.54 46.6300 10.3 0.914 0.874
89.702 47.56 46.6500 10.1 0.910 0.845
89.803 47.58 46.6700 10.4 0.916 0.895
89.902 47.60 46.6900 10.4 0.915 0.886
90.002 47.62 46.7200 9.8 0.901 0.790
90.103 47.64 46.7400 10.0 0.906 0.830
90.202 47.66 46.7600 9.9 0.903 0.813
90.303 47.68 46.7900 9.5 0.892 0.742
90.402 47.70 46.8100 9.6 0.892 0.752
90.502 47.72 46.8200 10.1 0.904 0.840
90.603 47.74 46.8500 9.9 0.898 0.799
90.701 47.76 46.8700 9.8 0.894 0.780
90.803 47.78 46.8800 10.1 0.900 0.826
90.902 47.80 46.9100 9.7 0.891 0.764
91.002 47.82 46.9400 9.6 0.887 0.747
91.103 47.84 46.9600 9.5 0.885 0.737
91.202 47.86 46.9700 9.7 0.889 0.772
91.303 47.88 46.9700 10.9 0.914 0.953
91.402 47.90 47.0200 9.5 0.883 0.739
91.502 47.92 47.0700 8.1 0.849 0.507
91.603 47.94 47.0600 9.8 0.885 0.777
91.702 47.96 47.0700 10.1 0.892 0.828
91.803 47.98 47.1000 9.8 0.885 0.784
91.902 48.00 47.1200 9.6 0.879 0.747
92.002 48.02 47.1500 9.5 0.875 0.721
92.102 48.04 47.1700 9.5 0.875 0.732
92.201 48.06 47.1900 9.6 0.876 0.745
92.302 48.08 47.2100 9.3 0.868 0.698
92.401 48.10 47.2300 9.6 0.872 0.736
92.501 48.12 47.2600 9.3 0.866 0.698
92.602 48.14 47.2700 9.9 0.877 0.781
92.701 48.16 47.2900 9.7 0.871 0.748
92.801 48.18 47.3000 10.0 0.879 0.806
92.902 48.20 47.3300 9.7 0.871 0.758
93.001 48.22 47.3600 9.3 0.861 0.693
93.101 48.24 47.3900 9.2 0.858 0.677
93.201 48.26 47.4000 9.5 0.861 0.712
93.301 48.28 47.4200 9.4 0.858 0.699
93.402 48.30 47.4500 9.3 0.855 0.684
93.501 48.32 47.4700 9.2 0.851 0.661
93.601 48.34 47.4900 9.4 0.856 0.706
93.701 48.36 47.5100 9.4 0.853 0.694
93.802 48.38 47.5400 9.1 0.846 0.655
93.901 48.40 47.5500 9.4 0.851 0.699
94.001 48.42 47.5800 9.3 0.847 0.677
94.101 48.44 47.5900 9.4 0.849 0.702
94.201 48.46 47.6200 9.4 0.847 0.690
94.302 48.48 47.6400 9.3 0.845 0.684
94.401 48.50 47.6500 9.7 0.852 0.741
94.501 48.52 47.6500 10.6 0.870 0.879
94.602 48.54 47.6900 9.6 0.848 0.721
94.701 48.56 47.7200 9.5 0.845 0.704
94.802 48.58 47.7500 9.2 0.836 0.653
94.901 48.60 47.7600 9.6 0.844 0.714
95.001 48.62 47.8400 7.0 0.784 0.299
95.102 48.64 47.8000 9.9 0.846 0.762
95.201 48.66 47.8300 9.5 0.837 0.704
95.302 48.68 47.8500 9.5 0.837 0.708
95.401 48.70 47.8600 9.6 0.838 0.722
95.501 48.72 47.8900 9.5 0.834 0.703
95.602 48.74 47.9100 9.6 0.837 0.724
95.700 48.76 47.9300 9.3 0.829 0.676
95.802 48.78 47.9500 9.5 0.831 0.699
95.902 48.80 47.9800 9.3 0.825 0.666
96.001 48.82 47.9900 9.5 0.830 0.705
96.102 48.84 48.0100 9.6 0.831 0.719
96.200 48.86 48.0500 8.8 0.810 0.578
96.301 48.88 48.0600 9.4 0.824 0.687
96.401 48.90 48.0800 9.5 0.824 0.692
96.500 48.92 48.1100 8.8 0.808 0.589
96.600 48.94 48.1300 9.0 0.810 0.617
96.700 48.96 48.1500 9.3 0.815 0.660
96.801 48.98 48.1700 9.3 0.814 0.661
96.900 49.00 48.1900 9.2 0.810 0.638
97.000 49.02 48.2200 9.1 0.806 0.621
97.100 49.04 48.2400 8.9 0.801 0.593
97.200 49.06 48.2500 9.6 0.815 0.704
97.301 49.08 48.2700 9.7 0.816 0.711
97.400 49.10 48.3000 9.0 0.801 0.611
97.500 49.12 48.3100 9.7 0.815 0.726
97.601 49.14 48.3500 9.0 0.798 0.605
97.700 49.16 48.3600 9.2 0.801 0.641
97.801 49.18 48.4100 7.9 0.769 0.419
97.900 49.20 48.4100 9.0 0.793 0.608
98.000 49.22 48.4300 9.3 0.797 0.646
98.101 49.24 48.4800 8.0 0.766 0.433
98.200 49.26 48.4700 9.3 0.793 0.644
98.301 49.28 48.5000 9.1 0.787 0.609
98.400 49.30 48.5200 8.7 0.779 0.557
98.500 49.32 48.5400 8.8 0.779 0.569
98.601 49.34 48.5700 8.8 0.776 0.559
98.699 49.36 48.5900 8.8 0.774 0.558
98.801 49.38 48.6100 8.6 0.769 0.531
98.901 49.40 48.6300 9.0 0.777 0.602
99.000 49.42 48.6500 9.1 0.777 0.607
99.101 49.44 48.6700 9.1 0.776 0.612
99.199 49.46 48.7000 8.6 0.764 0.534
99.301 49.48 48.7100 8.9 0.768 0.578
99.401 49.50 48.7400 8.9 0.768 0.582
99.499 49.52 48.7600 8.8 0.764 0.565
99.601 49.54 48.7800 8.7 0.760 0.548
99.700 49.56 48.7900 9.2 0.770 0.630
99.800 49.58 48.8300 8.5 0.753 0.514
99.901 49.60 48.8400 9.0 0.763 0.595
100.000 49.62 48.8700 8.6 0.751 0.519
100.101 49.64 48.8900 8.8 0.754 0.558
100.200 49.66 48.9000 9.4 0.768 0.660
100.300 49.68 48.9400 8.6 0.746 0.514
100.400 49.70 48.9500 8.9 0.752 0.570
100.499 49.72 48.9700 8.8 0.749 0.558
100.600 49.74 48.9900 9.0 0.751 0.581
100.698 49.76 49.0100 9.1 0.753 0.598
100.800 49.78 49.0300 9.0 0.748 0.578
100.900 49.80 49.0300 10.2 0.775 0.775
100.998 49.82 49.0700 9.0 0.748 0.585
101.100 49.84 49.1000 8.6 0.738 0.522
101.199 49.86 49.1500 7.5 0.711 0.340
101.299 49.88 49.1400 9.2 0.747 0.615
101.400 49.90 49.1600 8.9 0.738 0.560
101.499 49.92 49.1900 8.6 0.730 0.510
101.599 49.94 49.2000 9.2 0.742 0.603
101.699 49.96 49.2500 8.1 0.717 0.435
101.800 49.98 49.2700 8.2 0.716 0.444
101.899 50.00 49.2800 8.6 0.723 0.504
101.999 50.02 49.3000 8.6 0.722 0.510
102.099 50.04 49.3200 8.8 0.725 0.542
102.199 50.06 49.3400 8.6 0.719 0.506
102.300 50.08 49.3700 8.2 0.709 0.451
102.399 50.10 49.3900 8.7 0.717 0.521
102.499 50.12 49.4100 8.4 0.709 0.476
102.600 50.14 49.4300 8.6 0.713 0.511
102.698 50.16 49.4500 8.8 0.715 0.533
102.800 50.18 49.4700 8.6 0.710 0.509
102.899 50.20 49.5000 8.6 0.707 0.499
102.999 50.22 49.5100 8.7 0.709 0.527
103.100 50.24 49.5300 9.0 0.713 0.564
103.198 50.26 49.5600 8.3 0.698 0.463
103.300 50.28 49.5800 8.5 0.700 0.489
103.400 50.30 49.6000 8.6 0.700 0.498
103.498 50.32 49.6300 8.5 0.697 0.489
103.600 50.34 49.6400 8.7 0.699 0.512
103.698 50.36 49.6600 8.7 0.698 0.518
103.800 50.38 49.6800 8.8 0.700 0.540
103.900 50.40 49.7100 8.4 0.689 0.470
103.998 50.42 49.7300 8.8 0.695 0.524
104.100 50.44 49.7500 8.7 0.693 0.516
104.199 50.46 49.7700 9.0 0.698 0.559
104.299 50.48 49.8000 8.6 0.687 0.488
104.400 50.50 49.8100 9.0 0.696 0.564
104.499 50.52 49.8300 8.8 0.690 0.531
104.599 50.54 49.8600 8.5 0.681 0.473
104.697 50.56 49.8800 8.6 0.683 0.499
104.799 50.58 49.9000 8.5 0.679 0.477
104.898 50.60 49.9300 8.2 0.671 0.432
104.998 50.62 49.9400 8.6 0.678 0.494
105.099 50.64 49.9700 8.5 0.674 0.479
105.197 50.66 49.9900 8.6 0.675 0.492
105.299 50.68 50.0100 8.6 0.674 0.494
105.398 50.70 50.0400 8.3 0.665 0.438
105.498 50.72 50.0600 8.2 0.662 0.428
105.599 50.74 50.0800 8.1 0.658 0.413
105.697 50.76 50.1000 8.3 0.659 0.435
105.799 50.78 50.1300 8.1 0.654 0.407
105.898 50.80 50.1500 8.2 0.654 0.422
105.998 50.82 50.1800 7.9 0.646 0.377
106.099 50.84 50.1900 8.2 0.649 0.413
106.197 50.86 50.2100 8.2 0.649 0.427
106.299 50.88 50.2500 7.8 0.637 0.351
106.398 50.90 50.2600 8.0 0.640 0.388
106.498 50.92 50.2800 8.1 0.641 0.405
106.599 50.94 50.3000 8.1 0.639 0.405
106.697 50.96 50.3400 7.5 0.623 0.300
106.799 50.98 50.3500 8.1 0.633 0.393
106.898 51.00 50.3600 8.3 0.638 0.436
106.998 51.02 50.3900 8.3 0.636 0.436
107.099 51.04 50.4200 8.0 0.627 0.381
107.197 51.06 50.4100 9.0 0.649 0.547
107.299 51.08 50.4600 8.1 0.627 0.399
107.398 51.10 50.4800 8.1 0.626 0.400
107.498 51.12 50.5000 7.9 0.620 0.370
107.599 51.14 50.5300 7.8 0.615 0.350
107.697 51.16 50.5400 8.0 0.618 0.382
107.799 51.18 50.5700 8.0 0.616 0.383
107.898 51.20 50.5900 7.8 0.610 0.347
107.998 51.22 50.6100 8.2 0.615 0.401
108.099 51.24 50.6400 7.7 0.602 0.320
108.197 51.26 50.6600 7.9 0.607 0.364
108.299 51.28 50.6600 8.5 0.618 0.455
108.398 51.30 50.6800 8.6 0.620 0.478
108.497 51.32 50.7000 8.7 0.620 0.487
108.597 51.34 50.7400 8.1 0.606 0.392
108.697 51.36 50.7500 8.7 0.617 0.483
108.798 51.38 50.7800 8.2 0.605 0.407
108.897 51.40 50.7900 8.7 0.615 0.487
108.997 51.42 50.8100 8.7 0.614 0.485
109.098 51.44 50.8200 9.1 0.621 0.541
109.197 51.46 50.8500 8.6 0.610 0.464
109.298 51.48 50.8800 8.4 0.605 0.441
109.397 51.50 50.8900 8.8 0.612 0.496
109.497 51.52 50.9100 8.7 0.608 0.475
109.598 51.54 50.9300 8.7 0.609 0.486
109.697 51.56 50.9500 8.8 0.609 0.492
109.798 51.58 50.9900 8.3 0.597 0.418
109.897 51.60 50.9900 8.9 0.610 0.516
109.997 51.62 51.0300 8.3 0.595 0.414
110.098 51.64 51.0300 8.9 0.608 0.519
110.197 51.66 51.0700 8.4 0.595 0.430
110.298 51.68 51.0900 8.6 0.598 0.455
110.398 51.70 51.1100 8.5 0.595 0.443
110.497 51.72 51.1300 8.5 0.595 0.451
110.598 51.74 51.1100 10.3 0.635 0.739
110.697 51.76 51.1600 8.7 0.598 0.474
110.798 51.78 51.1900 8.5 0.592 0.437
110.898 51.80 51.2000 8.8 0.599 0.495
110.997 51.82 51.2300 8.6 0.594 0.464
111.098 51.84 51.2600 8.4 0.587 0.424
111.197 51.86 51.2700 8.7 0.593 0.474
111.298 51.88 51.2900 8.7 0.591 0.467
111.398 51.90 51.3100 8.8 0.594 0.490
111.496 51.92 51.3300 8.9 0.595 0.506
111.598 51.94 51.3500 8.7 0.590 0.475
111.697 51.96 51.3700 9.1 0.597 0.532
111.798 51.98 51.3800 9.3 0.601 0.560
111.898 52.00 51.4100 9.1 0.596 0.528
111.996 52.02 51.4300 9.1 0.597 0.538
112.098 52.04 51.4400 9.3 0.601 0.566
112.197 52.06 51.4700 9.2 0.598 0.547
112.298 52.08 51.4800 9.6 0.606 0.607
112.398 52.10 51.5100 9.2 0.597 0.545
112.497 52.12 51.5200 9.5 0.604 0.600
112.597 52.14 51.5400 9.5 0.605 0.601
112.696 52.16 51.5700 9.2 0.596 0.542
112.796 52.18 51.5700 9.7 0.608 0.629
112.896 52.20 51.6100 9.2 0.595 0.536
112.996 52.22 51.6300 9.1 0.593 0.523
113.097 52.24 51.6500 9.1 0.592 0.520
113.196 52.26 51.6600 9.5 0.602 0.598
113.296 52.28 51.6500 10.7 0.630 0.789
113.397 52.30 51.7100 9.0 0.590 0.506
113.496 52.32 51.7200 9.5 0.601 0.584
113.597 52.34 51.7400 9.5 0.601 0.588
113.696 52.36 51.7600 9.4 0.600 0.577
113.796 52.38 51.8100 8.3 0.575 0.402
113.897 52.40 51.8000 9.4 0.598 0.576
113.996 52.42 51.8200 9.5 0.599 0.582
114.097 52.44 51.8500 9.3 0.594 0.549
114.196 52.46 51.8600 9.5 0.599 0.582
114.296 52.48 51.8800 9.6 0.601 0.601
114.397 52.50 51.9000 9.4 0.598 0.577
114.496 52.52 51.9200 9.6 0.600 0.594
114.597 52.54 51.9400 9.8 0.606 0.638
114.696 52.56 51.9600 9.5 0.599 0.588
114.796 52.58 51.9800 9.8 0.605 0.630
114.897 52.60 51.9900 9.9 0.609 0.655
114.996 52.62 52.0100 10.1 0.612 0.674
115.097 52.64 52.0400 9.7 0.604 0.612
115.196 52.66 52.0600 9.5 0.599 0.577
115.296 52.68 52.0800 9.8 0.607 0.636
115.397 52.70 52.0900 10.0 0.611 0.664
115.496 52.72 52.1200 9.8 0.605 0.622
115.597 52.74 52.1400 9.7 0.604 0.614
115.696 52.76 52.1500 10.1 0.614 0.681
115.796 52.78 52.1800 9.7 0.605 0.613
115.897 52.80 52.1900 10.1 0.615 0.681
115.996 52.82 52.2200 9.7 0.604 0.602
116.097 52.84 52.2300 10.1 0.614 0.675
116.196 52.86 52.2600 9.7 0.606 0.612
116.296 52.88 52.2700 10.1 0.614 0.668
116.397 52.90 52.2900 10.1 0.614 0.664
116.496 52.92 52.3100 9.8 0.609 0.630
116.596 52.94 52.3300 10.1 0.615 0.670
116.696 52.96 52.3500 10.0 0.613 0.654
116.795 52.98 52.3600 10.2 0.619 0.692
116.895 53.00 52.3900 10.1 0.616 0.668
116.995 53.02 52.4100 9.9 0.611 0.629
117.095 53.04 52.4300 10.0 0.614 0.652
117.196 53.06 52.4500 10.1 0.617 0.667
117.295 53.08 52.4800 9.6 0.604 0.580
117.395 53.10 52.4900 10.1 0.616 0.663
117.495 53.12 52.4700 11.8 0.656 0.941
117.596 53.14 52.5200 10.1 0.618 0.658
117.695 53.16 52.5400 10.4 0.625 0.707
117.795 53.18 52.6000 8.7 0.587 0.438
117.896 53.20 52.5800 10.4 0.626 0.720
117.995 53.22 52.6000 10.4 0.625 0.709
118.096 53.24 52.6200 10.3 0.624 0.697
118.195 53.26 52.6400 10.3 0.625 0.701
118.295 53.28 52.6600 10.2 0.622 0.673
118.396 53.30 52.6900 9.8 0.613 0.607
118.495 53.32 52.7000 10.1 0.620 0.660
118.596 53.34 52.7100 10.7 0.634 0.752
118.695 53.36 52.7300 10.7 0.635 0.756
118.795 53.38 52.7500 10.6 0.633 0.731
118.896 53.40 52.7800 10.3 0.627 0.686
118.995 53.42 52.7900 10.3 0.629 0.696
119.096 53.44 52.8100 10.5 0.633 0.723
119.195 53.46 52.8300 10.3 0.629 0.692
119.295 53.48 52.8500 10.4 0.632 0.708
119.396 53.50 52.8700 10.5 0.634 0.718
119.494 53.52 52.9000 10.2 0.627 0.666
119.596 53.54 52.9200 10.2 0.627 0.665
119.695 53.56 52.9300 10.4 0.633 0.703
119.795 53.58 52.9500 10.6 0.637 0.730
119.896 53.60 52.9600 10.6 0.638 0.728
119.995 53.62 53.0000 10.0 0.625 0.633
120.096 53.64 53.0100 10.5 0.637 0.718
120.195 53.66 53.0200 10.5 0.638 0.721
120.295 53.68 53.0400 10.6 0.639 0.726
120.396 53.70 53.0700 10.4 0.636 0.699
120.495 53.72 53.0800 10.8 0.646 0.768
120.595 53.74 53.1000 10.8 0.646 0.757
120.696 53.76 53.1200 10.7 0.644 0.742
120.794 53.78 53.1400 10.7 0.645 0.742
120.894 53.80 53.1600 10.4 0.640 0.704
120.994 53.82 53.1700 10.8 0.649 0.765
121.094 53.84 53.1900 10.9 0.651 0.772
121.195 53.86 53.2100 10.9 0.653 0.778
121.294 53.88 53.2400 10.6 0.647 0.727
121.394 53.90 53.2500 10.8 0.651 0.751
121.494 53.92 53.2700 10.8 0.653 0.761
121.595 53.94 53.2900 10.7 0.650 0.734
121.694 53.96 53.3100 10.7 0.651 0.740
121.794 53.98 53.3300 10.8 0.655 0.761
121.895 54.00 53.3600 10.5 0.647 0.700
121.994 54.02 53.3700 10.6 0.650 0.722
122.095 54.04 53.4000 10.4 0.646 0.685
122.194 54.06 53.4100 10.7 0.653 0.735
122.294 54.08 53.4400 10.1 0.641 0.643
122.395 54.10 53.4500 10.6 0.650 0.711
122.493 54.12 53.4700 10.7 0.655 0.742
122.595 54.14 53.4900 10.5 0.650 0.705
122.694 54.16 53.5100 10.6 0.653 0.720
122.794 54.18 53.5200 11.1 0.666 0.805
122.895 54.20 53.5400 11.1 0.665 0.792
122.994 54.22 53.5600 10.8 0.660 0.750
123.095 54.24 53.5800 10.9 0.663 0.767
123.194 54.26 53.6000 10.7 0.659 0.735
123.294 54.28 53.6200 10.7 0.659 0.733
123.395 54.30 53.6300 11.2 0.670 0.804
123.493 54.32 53.6600 10.9 0.664 0.759
123.595 54.34 53.6700 11.3 0.674 0.822
123.695 54.36 53.6900 11.3 0.675 0.823
123.793 54.38 53.7000 11.4 0.680 0.849
123.895 54.40 53.7300 11.1 0.673 0.795
123.993 54.42 53.7400 11.3 0.679 0.828
124.095 54.44 53.7600 11.6 0.685 0.864
124.195 54.46 53.7900 11.1 0.676 0.790
124.293 54.48 53.8000 11.3 0.681 0.819
124.395 54.50 53.8200 11.4 0.684 0.833
124.494 54.52 53.8300 11.5 0.688 0.854
124.595 54.54 53.8900 9.8 0.649 0.570
124.694 54.56 53.8700 11.6 0.690 0.861
124.794 54.58 53.9000 11.4 0.687 0.836
124.894 54.60 53.9100 11.6 0.692 0.863
124.992 54.62 53.9400 11.2 0.686 0.808
125.094 54.64 53.9600 11.0 0.680 0.765
125.193 54.66 53.9900 10.7 0.673 0.712
125.293 54.68 53.9900 11.4 0.692 0.838
125.394 54.70 54.0200 11.2 0.686 0.790
125.492 54.72 54.0400 10.9 0.681 0.750
125.594 54.74 54.0600 11.0 0.683 0.759
125.693 54.76 54.0800 10.9 0.681 0.741
125.793 54.78 54.1000 10.9 0.681 0.745
125.894 54.80 54.1200 11.0 0.685 0.769
125.992 54.82 54.1400 10.9 0.682 0.744
126.094 54.84 54.1500 11.5 0.696 0.837
126.193 54.86 54.1700 11.5 0.698 0.839
126.293 54.88 54.1900 11.3 0.695 0.813
126.394 54.90 54.2100 11.1 0.689 0.770
126.492 54.92 54.2400 10.9 0.687 0.747
126.594 54.94 54.2500 10.9 0.688 0.751
126.693 54.96 54.2600 11.4 0.698 0.822
126.793 54.98 54.3000 10.6 0.680 0.689
126.894 55.00 54.3000 11.4 0.699 0.820
126.992 55.02 54.3200 11.4 0.699 0.817
127.094 55.04 54.3400 11.3 0.698 0.800
127.193 55.06 54.3600 11.4 0.701 0.814
127.293 55.08 54.3800 11.6 0.706 0.844
127.394 55.10 54.3900 11.7 0.711 0.873
127.492 55.12 54.4200 11.5 0.707 0.840
127.594 55.14 54.4300 11.7 0.712 0.866
127.694 55.16 54.4500 11.5 0.709 0.840
127.793 55.18 54.4800 11.4 0.706 0.814
127.894 55.20 54.4900 11.6 0.711 0.840
127.992 55.22 54.5100 11.6 0.713 0.849
128.094 55.24 54.5400 11.1 0.702 0.765
128.194 55.26 54.5500 11.4 0.709 0.811
128.293 55.28 54.5800 11.1 0.703 0.764
128.394 55.30 54.6000 11.1 0.703 0.761
128.493 55.32 54.6100 11.5 0.712 0.821
128.593 55.34 54.6400 11.1 0.705 0.767
128.694 55.36 54.6500 11.4 0.712 0.809
128.793 55.38 54.6700 11.2 0.708 0.775
128.893 55.40 54.6700 12.4 0.736 0.967
128.993 55.42 54.7300 10.4 0.692 0.648
129.093 55.44 54.7300 11.3 0.713 0.797
129.194 55.46 54.7400 11.6 0.720 0.844
129.293 55.48 54.7700 11.4 0.716 0.808
129.393 55.50 54.8000 11.0 0.707 0.743
129.493 55.52 54.8200 10.7 0.700 0.691
129.595 55.54 54.8500 10.6 0.697 0.676
129.694 55.56 54.8600 11.0 0.706 0.736
129.794 55.58 54.8800 10.7 0.700 0.694
129.895 55.60 54.9000 10.7 0.698 0.682
129.993 55.62 54.9200 10.7 0.699 0.684
130.095 55.64 54.9400 10.7 0.700 0.692
130.194 55.66 54.9700 10.6 0.696 0.665
130.294 55.68 54.9800 10.8 0.701 0.701
130.395 55.70 55.0100 10.6 0.696 0.672
130.493 55.72 55.0200 10.7 0.698 0.686
130.595 55.74 55.0600 9.9 0.680 0.561
130.694 55.76 55.0600 10.7 0.698 0.691
130.794 55.78 55.0800 11.0 0.704 0.732
130.895 55.80 55.1100 10.4 0.690 0.635
130.993 55.82 55.1500 9.8 0.675 0.533
131.095 55.84 55.1700 9.6 0.670 0.503
131.194 55.86 55.1700 10.7 0.694 0.677
131.294 55.88 55.1900 10.6 0.691 0.661
131.395 55.90 55.1900 11.4 0.711 0.800
131.493 55.92 55.2200 10.9 0.699 0.711
131.595 55.94 55.2500 10.8 0.697 0.695
131.695 55.96 55.2700 10.8 0.696 0.688
131.793 55.98 55.2700 11.3 0.708 0.775
131.895 56.00 55.3000 11.1 0.703 0.737
131.993 56.02 55.3300 10.8 0.697 0.692
132.095 56.04 55.3400 11.1 0.704 0.740
132.195 56.06 55.3600 10.9 0.700 0.715
132.293 56.08 55.3800 11.1 0.704 0.741
132.395 56.10 55.4200 10.0 0.678 0.557
132.495 56.12 55.4200 11.0 0.701 0.724
132.595 56.14 55.4400 10.9 0.698 0.700
132.694 56.16 55.4500 11.3 0.708 0.769
132.794 56.18 55.4800 11.0 0.702 0.722
132.895 56.20 55.4900 11.5 0.712 0.795
132.994 56.22 55.5200 11.2 0.707 0.758
133.095 56.24 55.5300 11.3 0.709 0.766
133.194 56.26 55.5600 11.2 0.707 0.749
133.294 56.28 55.5800 11.0 0.703 0.721
133.395 56.30 55.6000 11.1 0.705 0.731
133.493 56.32 55.6200 11.2 0.707 0.749
133.595 56.34 55.6400 11.2 0.707 0.744
133.694 56.36 55.6500 11.3 0.710 0.764
133.794 56.38 55.6800 11.2 0.707 0.741
133.895 56.40 55.7000 11.1 0.706 0.732
133.993 56.42 55.7100 11.2 0.708 0.741
134.095 56.44 55.7400 11.1 0.707 0.732
134.194 56.46 55.7700 10.7 0.697 0.666
134.294 56.48 55.7800 10.9 0.702 0.701
134.395 56.50 55.8000 11.1 0.706 0.729
134.493 56.52 55.8200 11.0 0.704 0.713
134.595 56.54 55.8400 10.7 0.698 0.667
134.694 56.56 55.8600 11.1 0.705 0.718
134.794 56.58 55.8800 10.9 0.701 0.694
134.895 56.60 55.8900 11.4 0.711 0.765
134.993 56.62 55.9200 10.8 0.698 0.669
135.095 56.64 55.9400 11.0 0.703 0.702
135.194 56.66 55.9500 11.2 0.709 0.744
135.294 56.68 55.9300 12.9 0.748 1.016
135.395 56.70 56.0000 11.0 0.705 0.702
135.494 56.72 56.0100 11.2 0.709 0.734
135.595 56.74 56.0400 11.0 0.705 0.706
135.695 56.76 56.0600 11.1 0.707 0.719
135.795 56.78 56.1000 10.0 0.682 0.543
135.896 56.80 56.0800 11.6 0.718 0.798
135.994 56.82 56.1100 11.6 0.717 0.791
136.096 56.84 56.1200 11.8 0.723 0.826
136.195 56.86 56.1500 11.4 0.715 0.763
136.295 56.88 56.1900 10.5 0.694 0.621
136.396 56.90 56.1900 11.2 0.708 0.722
136.495 56.92 56.2100 11.5 0.715 0.770
136.595 56.94 56.2300 11.2 0.711 0.736
136.696 56.96 56.2600 10.9 0.704 0.682
136.795 56.98 56.2700 11.2 0.710 0.732
136.895 57.00 56.2900 11.3 0.711 0.736
136.995 57.02 56.3100 11.5 0.716 0.771
137.095 57.04 56.3300 11.2 0.710 0.725
137.196 57.06 56.3500 11.3 0.712 0.737
137.295 57.08 56.3700 11.3 0.713 0.743
137.395 57.10 56.3900 11.2 0.710 0.718
137.495 57.12 56.4200 11.0 0.706 0.695
137.596 57.14 56.4300 11.2 0.711 0.729
137.695 57.16 56.4600 11.0 0.705 0.688
137.795 57.18 56.4700 11.3 0.713 0.744
137.896 57.20 56.4900 11.3 0.712 0.736
137.995 57.22 56.4800 12.7 0.744 0.957
138.096 57.24 56.5300 11.3 0.713 0.729
138.195 57.26 56.5500 11.0 0.707 0.689
138.295 57.28 56.5700 11.3 0.715 0.741
138.395 57.30 56.5900 11.1 0.709 0.701
138.495 57.32 56.6100 11.1 0.708 0.695
138.596 57.34 56.6300 11.1 0.708 0.691
138.695 57.36 56.6600 11.0 0.705 0.676
138.795 57.38 56.6700 11.4 0.715 0.748
138.896 57.40 56.6900 11.4 0.715 0.741
138.995 57.42 56.6800 12.5 0.740 0.919
139.096 57.44 56.7400 10.8 0.702 0.641
139.195 57.46 56.7600 10.8 0.703 0.653
139.295 57.48 56.7700 11.4 0.715 0.738
139.396 57.50 56.7900 11.5 0.717 0.753
139.494 57.52 56.8200 10.8 0.703 0.650
139.596 57.54 56.8400 10.8 0.702 0.649
139.695 57.56 56.8600 10.8 0.701 0.644
139.795 57.58 56.8800 11.1 0.706 0.684
139.896 57.60 56.9000 10.8 0.701 0.645
139.995 57.62 56.9100 11.2 0.710 0.712
140.096 57.64 56.9400 11.1 0.706 0.682
140.195 57.66 56.9700 10.7 0.697 0.625
140.295 57.68 56.9800 10.8 0.700 0.648
140.396 57.70 56.9900 11.4 0.712 0.731
140.495 57.72 57.0200 10.9 0.700 0.651
140.595 57.74 57.0300 11.3 0.710 0.720
140.696 57.76 57.0500 11.5 0.715 0.757
140.795 57.78 57.0800 11.1 0.706 0.689
140.896 57.80 57.0900 11.2 0.708 0.703
140.995 57.82 57.1200 11.1 0.705 0.687
141.095 57.84 57.1400 11.2 0.707 0.698
141.196 57.86 57.1400 11.8 0.721 0.794
141.294 57.88 57.1700 11.4 0.712 0.728
141.396 57.90 57.1900 11.2 0.708 0.703
141.495 57.92 57.2100 11.3 0.709 0.708
141.595 57.94 57.2300 11.3 0.709 0.707
141.696 57.96 57.2500 11.4 0.711 0.725
141.795 57.98 57.2700 11.3 0.709 0.710
141.895 58.00 57.3200 10.1 0.681 0.517
141.996 58.02 57.3400 10.2 0.682 0.529
142.096 58.04 57.3400 11.2 0.705 0.697
142.197 58.06 57.3600 11.2 0.705 0.699
142.296 58.08 57.3900 10.8 0.695 0.625
142.396 58.10 57.4100 10.7 0.693 0.614
142.496 58.12 57.4300 10.6 0.688 0.588
142.597 58.14 57.4400 11.2 0.701 0.684
142.696 58.16 57.4700 11.0 0.696 0.651
142.796 58.18 57.4800 11.1 0.700 0.676
142.896 58.20 57.4900 11.6 0.709 0.746
142.996 58.22 57.5100 11.6 0.710 0.748
143.097 58.24 57.5400 11.2 0.702 0.693
143.196 58.26 57.5600 11.4 0.706 0.718
143.296 58.28 57.5800 11.3 0.704 0.704
143.397 58.30 57.6000 11.4 0.706 0.719
143.495 58.32 57.6100 11.5 0.708 0.732
143.597 58.34 57.6400 11.4 0.706 0.716
143.696 58.36 57.6600 11.1 0.699 0.669
143.796 58.38 57.7100 10.2 0.677 0.513
143.897 58.40 57.7000 11.2 0.700 0.680
143.996 58.42 57.7100 11.8 0.714 0.785
144.097 58.44 57.7500 11.1 0.697 0.662
144.196 58.46 57.7600 11.3 0.702 0.697
144.296 58.48 57.7800 11.1 0.698 0.667
144.397 58.50 57.7900 12.0 0.717 0.805
144.496 58.52 57.8100 11.5 0.707 0.732
144.596 58.54 57.8500 10.9 0.692 0.623
144.697 58.56 57.8700 11.1 0.697 0.662
144.796 58.58 57.8900 10.9 0.692 0.626
144.896 58.60 57.9100 10.9 0.691 0.626
144.996 58.62 57.9300 10.8 0.689 0.611
145.097 58.64 57.9400 11.3 0.699 0.689
145.196 58.66 57.9800 10.7 0.686 0.596
145.296 58.68 57.9800 11.2 0.698 0.682
145.396 58.70 58.0000 11.3 0.699 0.695
145.496 58.72 58.0300 11.1 0.694 0.660
145.597 58.74 58.0400 11.3 0.699 0.695
145.696 58.76 58.0700 11.1 0.692 0.646
145.796 58.78 58.0900 11.2 0.694 0.663
145.897 58.80 58.1200 10.7 0.682 0.581
145.996 58.82 58.1300 11.3 0.696 0.683
146.097 58.84 58.1400 11.4 0.699 0.701
146.196 58.86 58.1800 10.7 0.682 0.587
146.296 58.88 58.2000 10.9 0.687 0.626
146.397 58.90 58.2100 11.3 0.695 0.685
146.495 58.92 58.2300 11.4 0.696 0.694
146.597 58.94 58.2500 11.0 0.688 0.637
146.696 58.96 58.2700 11.3 0.693 0.675
146.796 58.98 58.2900 11.2 0.692 0.670
146.897 59.00 58.3100 11.1 0.689 0.645
146.995 59.02 58.3300 11.0 0.688 0.636
147.097 59.04 58.3500 11.1 0.695 0.643
147.196 59.06 58.3600 11.0 0.698 0.626
147.296 59.08 58.4000 10.0 0.682 0.472
147.397 59.10 58.4400 9.0 0.663 0.304
147.495 59.12 58.4400 9.4 0.676 0.374
147.597 59.13 58.4600 9.1 0.673 0.322
147.697 59.15 58.4800 9.0 0.673 0.302
147.797 59.17 58.4900 9.0 0.676 0.299
147.897 59.18 58.5200 8.6 0.670 0.239
147.996 59.20 58.5400 8.3 0.664 0.181
148.097 59.22 58.5500 8.1 0.663 0.161
148.197 59.23 58.6000 6.8 0.635 -0.049
148.298 59.25 58.6000 7.3 0.645 0.021
148.398 59.26 58.6200 7.0 0.640 -0.018
148.497 59.28 58.6300 7.2 0.644 0.011
148.597 59.29 58.6600 6.7 0.632 -0.075
148.697 59.31 58.6700 6.7 0.632 -0.075
148.797 59.32 58.6900 6.5 0.626 -0.114
148.898 59.33 58.7200 6.2 0.619 -0.157
148.997 59.35 58.7400 5.9 0.610 -0.206
149.097 59.36 58.7500 6.0 0.611 -0.192
149.197 59.37 58.7700 5.7 0.603 -0.239
149.298 59.39 58.7900 5.3 0.592 -0.301
149.397 59.40 58.8100 5.2 0.588 -0.315
149.497 59.41 58.8300 4.8 0.576 -0.383
149.598 59.42 58.8600 4.3 0.560 -0.474
149.697 59.43 58.8800 3.9 0.549 -0.528
149.798 59.44 58.9000 4.2 0.550 -0.493
149.897 59.46 58.9300 3.2 0.525 -0.642
149.997 59.47 58.9500 3.2 0.520 -0.644
150.098 59.48 58.9700 3.0 0.508 -0.689
150.197 59.49 58.9900 2.9 0.503 -0.693
150.298 59.50 59.0100 2.6 0.491 -0.739
150.398 59.51 59.0300 2.5 0.483 -0.758
150.496 59.52 59.0400 2.5 0.477 -0.758
150.598 59.53 59.0600 2.2 0.464 -0.808
150.697 59.54 59.0900 1.6 0.443 -0.918
150.798 59.55 59.1100 1.8 0.441 -0.884
150.898 59.56 59.0900 3.0 0.463 -0.685
150.996 59.56 59.1500 1.2 0.416 -0.975
151.098 59.57 59.1700 0.8 0.401 -1.035
151.197 59.58 59.1800 1.2 0.401 -0.980
151.298 59.59 59.2000 1.0 0.390 -1.008
151.398 59.60 59.2200 0.8 0.378 -1.043
151.496 59.61 59.2500 0.4 0.360 -1.113
151.598 59.61 59.2800 0.0 0.333 -1.248
151.697 59.62 59.3000 0.0 0.322 -1.262
151.798 59.63 59.3200 0.0 0.309 -1.294
151.898 59.64 59.3400 0.0 0.301 -1.289
151.996 59.64 59.3700 0.0 0.276 -1.403
152.098 59.65 59.3800 0.0 0.269 -1.384
152.197 59.66 59.3900 0.0 0.265 -1.341
152.298 59.66 59.4200 0.0 0.240 -1.454
152.398 59.67 59.4400 0.0 0.229 -1.459
152.497 59.68 59.4600 0.0 0.213 -1.502
152.597 59.68 59.4800 0.0 0.208 -1.471
152.697 59.69 59.5000 0.0 0.189 -1.533
152.798 59.70 59.5200 0.0 0.178 -1.535
152.897 59.70 59.5500 0.0 0.157 -1.614
152.997 59.71 59.5700 0.0 0.142 -1.645
153.098 59.71 59.5900 0.0 0.129 -1.658
153.197 59.72 59.6000 0.0 0.116 -1.671
153.298 59.73 59.6300 0.0 0.098 -1.725
153.398 59.73 59.6500 0.0 0.085 -1.737
153.496 59.74 59.6700 0.0 0.070 -1.762
153.598 59.74 59.6800 0.0 0.062 -1.743
153.697 59.75 59.7000 0.0 0.047 -1.764
153.798 59.75 59.7200 0.0 0.031 -1.800
153.898 59.76 59.7500 0.0 0.012 -1.851
153.997 59.76 59.7600 0.0 0.005 -1.820
154.098 59.77 59.7800 0.0 -0.011 -1.848
154.197 59.77 59.7900 0.0 -0.022 -1.849
154.299 59.78 59.8200 0.0 -0.039 -1.887
154.399 59.78 59.8300 0.0 -0.050 -1.882
154.497 59.79 59.8500 0.0 -0.070 -1.939
154.599 59.79 59.8700 0.0 -0.083 -1.947
154.697 59.79 59.8900 0.0 -0.097 -1.964
154.799 59.80 59.9100 0.0 -0.112 -1.985
154.899 59.80 59.9300 0.0 -0.129 -2.020
154.997 59.81 59.9500 0.0 -0.144 -2.035
155.099 59.81 59.9700 0.0 -0.158 -2.051
155.197 59.81 59.9800 0.0 -0.163 -1.995
155.299 59.82 60.0000 0.0 -0.184 -2.063
155.399 59.82 60.0200 0.0 -0.195 -2.055
155.497 59.82 60.0400 0.0 -0.212 -2.087
155.599 59.83 60.0600 0.0 -0.233 -2.149
155.697 59.83 60.0800 0.0 -0.249 -2.176
155.799 59.83 60.0900 0.0 -0.259 -2.154
155.899 59.84 60.1100 0.0 -0.272 -2.159
155.997 59.84 60.1300 0.0 -0.286 -2.174
156.099 59.84 60.1600 0.0 -0.314 -2.278
156.197 59.85 60.1700 0.0 -0.321 -2.237
156.299 59.85 60.1900 0.0 -0.339 -2.273
156.399 59.85 60.2100 0.0 -0.358 -2.318
156.498 59.86 60.2300 0.0 -0.374 -2.338
156.598 59.86 60.2400 0.0 -0.384 -2.318
156.698 59.86 60.2500 0.0 -0.393 -2.288
156.799 59.86 60.2700 0.0 -0.407 -2.301
156.898 59.87 60.2900 0.0 -0.419 -2.296
156.998 59.87 60.3100 0.0 -0.440 -2.352
157.099 59.87 60.3300 0.0 -0.456 -2.381
157.197 59.88 60.3500 0.0 -0.471 -2.393
157.299 59.88 60.3600 0.0 -0.478 -2.351
157.399 59.88 60.3800 0.0 -0.500 -2.414
157.498 59.88 60.3900 0.0 -0.512 -2.408
157.599 59.89 60.4200 0.0 -0.530 -2.447
157.697 59.89 60.4300 0.0 -0.542 -2.438
157.799 59.89 60.4500 0.0 -0.559 -2.466
157.899 59.89 60.4600 0.0 -0.570 -2.456
157.997 59.89 60.4800 0.0 -0.587 -2.488
158.099 59.90 60.4900 0.0 -0.599 -2.479
158.197 59.90 60.5100 0.0 -0.611 -2.475
158.299 59.90 60.5300 0.0 -0.629 -2.516
158.399 59.90 60.5500 0.0 -0.645 -2.535
158.497 59.90 60.5600 0.0 -0.659 -2.541
158.599 59.91 60.5800 0.0 -0.669 -2.524
158.697 59.91 60.6000 0.0 -0.691 -2.592
158.799 59.91 60.6200 0.0 -0.707 -2.608
158.899 59.91 60.6400 0.0 -0.726 -2.652
158.997 59.91 60.6400 0.0 -0.727 -2.563
159.099 59.92 60.6600 0.0 -0.744 -2.595
159.197 59.92 60.6700 0.0 -0.757 -2.598
159.299 59.92 60.6900 0.0 -0.774 -2.631
159.399 59.92 60.7100 0.0 -0.787 -2.637
159.497 59.92 60.7200 0.0 -0.802 -2.647
159.599 59.92 60.7500 0.0 -0.822 -2.704
159.697 59.92 60.7600 0.0 -0.834 -2.696
159.799 59.93 60.7700 0.0 -0.844 -2.672
159.899 59.93 60.7800 0.0 -0.852 -2.640
159.998 59.93 60.7900 0.0 -0.864 -2.642
160.099 59.93 60.8200 0.0 -0.885 -2.702
160.198 59.93 60.8400 0.0 -0.904 -2.747
160.300 59.93 60.8500 0.0 -0.917 -2.747
160.400 59.93 60.8500 0.0 -0.920 -2.679
160.499 59.94 60.8600 0.0 -0.929 -2.658
160.599 59.94 60.8900 0.0 -0.950 -2.722
160.699 59.94 60.9000 0.0 -0.964 -2.736
160.800 59.94 60.9200 0.0 -0.978 -2.746
160.899 59.94 60.9300 0.0 -0.990 -2.748
160.999 59.94 60.9400 0.0 -0.998 -2.714
161.100 59.94 60.9600 0.0 -1.018 -2.778
161.198 59.94 60.9700 0.0 -1.025 -2.736
161.300 59.95 60.9900 0.0 -1.040 -2.757
161.400 59.95 61.0000 0.0 -1.056 -2.790
161.498 59.95 61.0100 0.0 -1.064 -2.764
161.600 59.95 61.0300 0.0 -1.080 -2.791
161.698 59.95 61.0400 0.0 -1.090 -2.775
161.800 59.95 61.0500 0.0 -1.101 -2.771
161.900 59.95 61.0700 0.0 -1.118 -2.813
161.998 59.95 61.0900 0.0 -1.132 -2.829
162.100 59.95 61.0900 0.0 -1.137 -2.778
162.199 59.95 61.1100 0.0 -1.155 -2.822
162.299 59.96 61.1200 0.0 -1.167 -2.824
162.400 59.96 61.1400 0.0 -1.187 -2.885
162.499 59.96 61.1500 0.0 -1.196 -2.869
162.599 59.96 61.1600 0.0 -1.203 -2.833
162.699 59.96 61.1800 0.0 -1.219 -2.864
162.800 59.96 61.1900 0.0 -1.229 -2.857
162.899 59.96 61.2000 0.0 -1.241 -2.860
162.999 59.96 61.2100 0.0 -1.252 -2.856
163.100 59.96 61.2200 0.0 -1.262 -2.852
163.198 59.96 61.2500 0.0 -1.283 -2.920
163.300 59.96 61.2600 0.0 -1.295 -2.923
163.400 59.96 61.2700 0.0 -1.303 -2.896
163.499 59.97 61.2800 0.0 -1.312 -2.880
163.600 59.97 61.2900 0.0 -1.322 -2.876
163.698 59.97 61.3000 0.0 -1.335 -2.892
163.799 59.97 61.3100 0.0 -1.344 -2.880
163.900 59.97 61.3300 0.0 -1.360 -2.913
163.998 59.97 61.3300 0.0 -1.361 -2.845
164.100 59.97 61.3500 0.0 -1.379 -2.898
164.199 59.97 61.3600 0.0 -1.386 -2.872
164.299 59.97 61.3700 0.0 -1.397 -2.878
164.400 59.97 61.3800 0.0 -1.409 -2.889
164.499 59.97 61.3900 0.0 -1.417 -2.877
164.600 59.97 61.4100 0.0 -1.434 -2.921
164.699 59.97 61.4000 0.0 -1.432 -2.832
164.799 59.97 61.4200 0.0 -1.450 -2.888
164.900 59.97 61.4400 0.0 -1.466 -2.932
164.999 59.97 61.4500 0.0 -1.474 -2.913
165.100 59.97 61.4500 0.0 -1.473 -2.837
165.199 59.98 61.4700 0.0 -1.492 -2.906
165.299 59.98 61.4700 0.0 -1.494 -2.850
165.400 59.98 61.4800 0.0 -1.508 -2.878
165.499 59.98 61.5000 0.0 -1.523 -2.921
165.600 59.98 61.5100 0.0 -1.530 -2.897
165.698 59.98 61.5100 0.0 -1.537 -2.880
165.800 59.98 61.5300 0.0 -1.549 -2.899
165.900 59.98 61.5400 0.0 -1.557 -2.884
165.998 59.98 61.5500 0.0 -1.572 -2.926
166.100 59.98 61.5600 0.0 -1.579 -2.906
166.198 59.98 61.5700 0.0 -1.586 -2.890
166.301 59.98 61.5800 0.0 -1.598 -2.909
166.401 59.98 61.5900 0.0 -1.608 -2.918
166.499 59.98 61.5900 0.0 -1.610 -2.869
166.601 59.98 61.6100 0.0 -1.629 -2.939
166.700 59.98 61.6200 0.0 -1.634 -2.910
166.800 59.98 61.6300 0.0 -1.644 -2.916
166.901 59.98 61.6400 0.0 -1.660 -2.963
167.000 59.98 61.6500 0.0 -1.668 -2.955
167.101 59.98 61.6500 0.0 -1.671 -2.913
167.200 59.98 61.6700 0.0 -1.684 -2.939
167.300 59.98 61.6800 0.0 -1.697 -2.969
167.401 59.98 61.6900 0.0 -1.704 -2.960
167.500 59.98 61.6900 0.0 -1.710 -2.936
167.600 59.98 61.7000 0.0 -1.716 -2.919
167.700 59.99 61.7200 0.0 -1.736 -3.000
167.801 59.99 61.7300 0.0 -1.742 -2.979
167.900 59.99 61.7300 0.0 -1.748 -2.956
168.000 59.99 61.7400 0.0 -1.758 -2.973
168.101 59.99 61.7600 0.0 -1.770 -2.992
168.199 59.99 61.7600 0.0 -1.774 -2.961
168.301 59.99 61.7600 0.0 -1.777 -2.926
168.401 59.99 61.7700 0.0 -1.786 -2.933
168.500 59.99 61.7900 0.0 -1.798 -2.960
168.600 59.99 61.7900 0.0 -1.799 -2.910
168.700 59.99 61.8000 0.0 -1.814 -2.959
168.801 59.99 61.8100 0.0 -1.819 -2.936
168.900 59.99 61.8100 0.0 -1.823 -2.907
169.000 59.99 61.8300 0.0 -1.838 -2.959
169.101 59.99 61.8300 0.0 -1.841 -2.928
169.199 59.99 61.8400 0.0 -1.852 -2.952
169.301 59.99 61.8500 0.0 -1.857 -2.926
169.401 59.99 61.8600 0.0 -1.867 -2.947
169.500 59.99 61.8600 0.0 -1.869 -2.909
169.601 59.99 61.8700 0.0 -1.879 -2.929
169.699 59.99 61.8800 0.0 -1.885 -2.916
169.801 59.99 61.8800 0.0 -1.892 -2.913
169.901 59.99 61.8800 0.0 -1.892 -2.866
169.999 59.99 61.9000 0.0 -1.907 -2.921
170.101 59.99 61.9100 0.0 -1.915 -2.927
170.200 59.99 61.9100 0.0 -1.923 -2.929
170.301 59.99 61.9200 0.0 -1.931 -2.934
170.401 59.99 61.9300 0.0 -1.938 -2.938
170.499 59.99 61.9300 0.0 -1.937 -2.876
170.600 59.99 61.9400 0.0 -1.946 -2.895
170.700 59.99 61.9400 0.0 -1.951 -2.881
170.801 59.99 61.9500 0.0 -1.958 -2.884
170.900 59.99 61.9500 0.0 -1.960 -2.854
171.000 59.99 61.9600 0.0 -1.969 -2.872
171.101 59.99 61.9700 0.0 -1.977 -2.887
171.199 59.99 61.9800 0.0 -1.984 -2.890
171.301 59.99 61.9800 0.0 -1.987 -2.864
171.400 59.99 61.9900 0.0 -2.001 -2.918
171.499 59.99 61.9900 0.0 -1.998 -2.853
171.601 59.99 62.0000 0.0 -2.008 -2.879
171.699 59.99 62.0000 0.0 -2.009 -2.848
171.801 59.99 62.0100 0.0 -2.021 -2.885
171.901 59.99 62.0200 0.0 -2.025 -2.873
171.999 59.99 62.0300 0.0 -2.035 -2.900
172.101 59.99 62.0300 0.0 -2.041 -2.897
172.200 59.99 62.0400 0.0 -2.047 -2.898
172.300 59.99 62.0500 0.0 -2.053 -2.896
172.401 59.99 62.0400 0.0 -2.049 -2.826
172.501 59.99 62.0500 0.0 -2.060 -2.863
172.602 59.99 62.0600 0.0 -2.065 -2.861
172.700 59.99 62.0600 0.0 -2.064 -2.812
172.802 59.99 62.0700 0.0 -2.072 -2.833
172.901 59.99 62.0700 0.0 -2.076 -2.825
173.001 59.99 62.0800 0.0 -2.083 -2.838
173.102 59.99 62.0800 0.0 -2.087 -2.824
173.200 60.00 62.0800 0.0 -2.087 -2.788
173.302 60.00 62.0900 0.0 -2.096 -2.815
173.402 60.00 62.1000 0.0 -2.107 -2.855
173.501 60.00 62.1000 0.0 -2.103 -2.791
173.602 60.00 62.1100 0.0 -2.117 -2.857
173.700 60.00 62.1100 0.0 -2.112 -2.788
173.802 60.00 62.1200 0.0 -2.120 -2.805
173.902 60.00 62.1300 0.0 -2.130 -2.846
174.000 60.00 62.1300 0.0 -2.130 -2.810
174.102 60.00 62.1300 0.0 -2.135 -2.812
174.201 60.00 62.1400 0.0 -2.143 -2.831
174.301 60.00 62.1400 0.0 -2.142 -2.792
174.402 60.00 62.1400 0.0 -2.146 -2.789
174.501 60.00 62.1400 0.0 -2.149 -2.774
174.601 60.00 62.1500 0.0 -2.151 -2.755
174.701 60.00 62.1600 0.0 -2.160 -2.793
174.802 60.00 62.1600 0.0 -2.159 -2.749
174.901 60.00 62.1600 0.0 -2.162 -2.747
175.001 60.00 62.1600 0.0 -2.168 -2.760
175.102 60.00 62.1700 0.0 -2.174 -2.770
175.200 60.00 62.1800 0.0 -2.180 -2.785
175.302 60.00 62.1800 0.0 -2.184 -2.783
175.402 60.00 62.1900 0.0 -2.192 -2.805
175.501 60.00 62.1900 0.0 -2.194 -2.789
175.602 60.00 62.2000 0.0 -2.199 -2.798
175.700 60.00 62.2000 0.0 -2.198 -2.761
175.802 60.00 62.2000 0.0 -2.205 -2.776
175.902 60.00 62.2100 0.0 -2.210 -2.785
176.000 60.00 62.2100 0.0 -2.213 -2.781
176.102 60.00 62.2200 0.0 -2.221 -2.802
176.201 60.00 62.2100 0.0 -2.217 -2.750
176.301 60.00 62.2100 0.0 -2.216 -2.715
176.402 60.00 62.2200 0.0 -2.225 -2.751
176.501 60.00 62.2200 0.0 -2.226 -2.734
176.602 60.00 62.2200 0.0 -2.223 -2.688
176.700 60.00 62.2400 0.0 -2.238 -2.767
176.802 60.00 62.2400 0.0 -2.238 -2.746
176.902 60.00 62.2400 0.0 -2.240 -2.736
177.001 60.00 62.2300 0.0 -2.234 -2.670
177.102 60.00 62.2400 0.0 -2.242 -2.700
177.200 60.00 62.2500 0.0 -2.248 -2.716
177.302 60.00 62.2500 0.0 -2.252 -2.724
177.402 60.00 62.2500 0.0 -2.247 -2.667
177.500 60.00 62.2500 0.0 -2.255 -2.704
177.602 60.00 62.2500 0.0 -2.252 -2.659
177.701 60.00 62.2500 0.0 -2.253 -2.641
177.801 60.00 62.2500 0.0 -2.257 -2.651
177.902 60.00 62.2600 0.0 -2.265 -2.689
178.001 60.00 62.2600 0.0 -2.259 -2.627
178.102 60.00 62.2600 0.0 -2.265 -2.649
178.201 60.00 62.2700 0.0 -2.267 -2.643
178.301 60.00 62.2700 0.0 -2.269 -2.645
178.402 60.00 62.2700 0.0 -2.268 -2.617
178.501 60.00 62.2700 0.0 -2.272 -2.627
178.601 60.00 62.2700 0.0 -2.270 -2.596
178.701 60.00 62.2700 0.0 -2.269 -2.574
178.803 60.00 62.2800 0.0 -2.283 -2.654
178.902 60.00 62.2800 0.0 -2.281 -2.625
179.002 60.00 62.2800 0.0 -2.283 -2.617
179.103 60.00 62.2800 0.0 -2.281 -2.590
179.201 60.00 62.2800 0.0 -2.283 -2.582
179.303 60.00 62.2800 0.0 -2.282 -2.563
179.403 60.00 62.2900 0.0 -2.290 -2.606
179.502 60.00 62.2900 0.0 -2.287 -2.566
179.603 60.00 62.2900 0.0 -2.290 -2.573
179.701 60.00 62.2900 0.0 -2.294 -2.587
179.803 60.00 62.2900 0.0 -2.287 -2.528
179.903 60.00 62.2900 0.0 -2.290 -2.532
180.001 60.00 62.2900 0.0 -2.290 -2.522
180.103 60.00 62.3000 0.0 -2.298 -2.570
180.202 60.00 62.2900 0.0 -2.290 -2.501
180.302 60.00 62.2900 0.0 -2.295 -2.520
180.403 60.00 62.3000 0.0 -2.297 -2.526
180.503 60.00 62.3000 0.0 -2.302 -2.551
180.603 60.00 62.3000 0.0 -2.298 -2.510
180.701 60.00 62.3000 0.0 -2.299 -2.508
180.803 60.00 62.3000 0.0 -2.301 -2.505
180.903 60.00 62.3100 0.0 -2.308 -2.549
181.002 60.00 62.3100 0.0 -2.308 -2.534
181.103 60.00 62.3000 0.0 -2.306 -2.508
181.201 60.00 62.3000 0.0 -2.301 -2.465
181.303 60.00 62.3000 0.0 -2.303 -2.472
181.403 60.00 62.3000 0.0 -2.302 -2.456
181.501 60.00 62.3000 0.0 -2.302 -2.447
181.603 60.00 62.3100 0.0 -2.308 -2.486
181.702 60.00 62.3100 0.0 -2.307 -2.469
181.802 60.00 62.3000 0.0 -2.300 -2.407
181.903 60.00 62.3000 0.0 -2.304 -2.431
182.001 60.00 62.3100 0.0 -2.314 -2.494
182.103 60.00 62.3100 0.0 -2.312 -2.472
182.202 60.00 62.3100 0.0 -2.315 -2.484
182.302 60.00 62.3200 0.0 -2.317 -2.489
182.403 60.00 62.3100 0.0 -2.307 -2.412
182.502 60.00 62.3100 0.0 -2.310 -2.432
182.602 60.00 62.3100 0.0 -2.314 -2.452
182.702 60.00 62.3100 0.0 -2.309 -2.410
182.803 60.00 62.3000 0.0 -2.304 -2.369
182.902 60.00 62.3100 0.0 -2.308 -2.398
183.002 60.00 62.3100 0.0 -2.312 -2.416
183.103 60.00 62.3000 0.0 -2.305 -2.366
183.201 60.00 62.3100 0.0 -2.315 -2.426
183.303 60.00 62.3100 0.0 -2.313 -2.415
183.403 60.00 62.3100 0.0 -2.308 -2.370
183.501 60.00 62.3000 0.0 -2.305 -2.350
183.603 60.00 62.3100 0.0 -2.312 -2.392
183.702 60.00 62.3100 0.0 -2.312 -2.394
183.802 60.00 62.3100 0.0 -2.308 -2.357
183.903 60.00 62.3000 0.0 -2.304 -2.327
184.002 60.00 62.3100 0.0 -2.309 -2.360
184.103 60.00 62.3100 0.0 -2.309 -2.359
184.202 60.00 62.3100 0.0 -2.311 -2.369
184.302 60.00 62.3100 0.0 -2.312 -2.378
184.403 60.00 62.3100 0.0 -2.308 -2.341
184.502 60.00 62.3000 0.0 -2.303 -2.308
184.603 60.00 62.3000 0.0 -2.302 -2.302
184.702 60.00 62.3000 0.0 -2.302 -2.299
184.802 60.00 62.3100 0.0 -2.307 -2.332
184.904 60.00 62.3000 0.0 -2.301 -2.292
185.002 60.00 62.3000 0.0 -2.303 -2.307
185.104 60.00 62.3000 0.0 -2.300 -2.284
185.203 60.00 62.3000 0.0 -2.297 -2.265
185.303 60.00 62.2900 0.0 -2.296 -2.256
185.404 60.00 62.3000 0.0 -2.298 -2.275
185.503 60.00 62.3000 0.0 -2.302 -2.305
185.603 60.00 62.3000 0.0 -2.298 -2.276
185.703 60.00 62.3000 0.0 -2.298 -2.277
185.804 60.00 62.2900 0.0 -2.292 -2.239
185.903 60.00 62.3000 0.0 -2.299 -2.288
186.003 60.00 62.3000 0.0 -2.298 -2.283
186.104 60.00 62.2900 0.0 -2.295 -2.259
186.202 60.00 62.2900 0.0 -2.292 -2.241
186.304 60.00 62.2900 0.0 -2.292 -2.248
186.403 60.00 62.2900 0.0 -2.295 -2.269
186.503 60.00 62.2900 0.0 -2.286 -2.207
186.604 60.00 62.2800 0.0 -2.284 -2.200
186.702 60.00 62.2900 0.0 -2.292 -2.257
186.804 60.00 62.2800 0.0 -2.280 -2.174
186.904 60.00 62.2800 0.0 -2.279 -2.171
187.002 60.00 62.2800 0.0 -2.280 -2.184
187.104 60.00 62.2800 0.0 -2.283 -2.207
187.203 60.00 62.2800 0.0 -2.282 -2.210
187.303 60.00 62.2800 0.0 -2.279 -2.187
187.404 60.00 62.2800 0.0 -2.277 -2.183
187.503 60.00 62.2700 0.0 -2.274 -2.166
187.604 60.00 62.2700 0.0 -2.273 -2.163
187.703 60.00 62.2700 0.0 -2.275 -2.180
187.803 60.00 62.2700 0.0 -2.275 -2.187
187.904 60.00 62.2800 0.0 -2.276 -2.202
188.003 60.00 62.2600 0.0 -2.265 -2.123
188.103 60.00 62.2600 0.0 -2.265 -2.131
188.203 60.00 62.2600 0.0 -2.261 -2.112
188.304 60.00 62.2700 0.0 -2.269 -2.172
188.403 60.00 62.2600 0.0 -2.263 -2.137
188.503 60.00 62.2600 0.0 -2.258 -2.108
188.603 60.00 62.2500 0.0 -2.254 -2.088
188.703 60.00 62.2500 0.0 -2.251 -2.076
188.803 60.00 62.2500 0.0 -2.252 -2.092
188.904 60.00 62.2400 0.0 -2.243 -2.038
189.003 60.00 62.2400 0.0 -2.245 -2.063
189.103 60.00 62.2400 0.0 -2.241 -2.040
189.203 60.00 62.2400 0.0 -2.243 -2.064
189.304 60.00 62.2400 0.0 -2.241 -2.062
189.403 60.00 62.2300 0.0 -2.234 -2.020
189.503 60.00 62.2300 0.0 -2.232 -2.017
189.604 60.00 62.2300 0.0 -2.234 -2.045
189.702 60.00 62.2300 0.0 -2.230 -2.023
189.804 60.00 62.2200 0.0 -2.223 -1.986
189.904 60.00 62.2200 0.0 -2.221 -1.981
190.003 60.00 62.2200 0.0 -2.225 -2.024
190.104 60.00 62.2200 0.0 -2.217 -1.974
190.202 60.00 62.2100 0.0 -2.212 -1.951
190.304 60.00 62.2100 0.0 -2.209 -1.943
190.404 60.00 62.2100 0.0 -2.211 -1.973
190.503 60.00 62.2100 0.0 -2.212 -1.993
190.604 60.00 62.2000 0.0 -2.199 -1.912
190.703 60.00 62.2000 0.0 -2.201 -1.942
190.804 60.00 62.2000 0.0 -2.197 -1.924
190.904 60.00 62.2000 0.0 -2.197 -1.940
191.003 60.00 62.1900 0.0 -2.193 -1.920
191.105 60.00 62.1900 0.0 -2.195 -1.949
191.203 60.00 62.1800 0.0 -2.181 -1.866
191.305 60.00 62.1700 0.0 -2.174 -1.831
191.405 60.00 62.1700 0.0 -2.169 -1.813
191.505 60.00 62.1700 0.0 -2.173 -1.864
191.605 60.00 62.1700 0.0 -2.174 -1.882
191.703 60.00 62.1700 0.0 -2.170 -1.872
191.805 60.00 62.1700 0.0 -2.167 -1.862
191.905 60.00 62.1700 0.0 -2.168 -1.884
192.004 60.00 62.1600 0.0 -2.164 -1.873
192.105 60.00 62.1500 0.0 -2.152 -1.801
192.204 60.00 62.1500 0.0 -2.147 -1.782
192.305 60.00 62.1400 0.0 -2.145 -1.790
192.405 60.00 62.1400 0.0 -2.136 -1.743
192.505 60.00 62.1400 0.0 -2.138 -1.776
192.605 60.00 62.1300 0.0 -2.134 -1.765
192.703 60.00 62.1300 0.0 -2.134 -1.783
192.805 60.00 62.1300 0.0 -2.126 -1.746
192.905 60.00 62.1300 0.0 -2.131 -1.805
193.005 60.00 62.1200 0.0 -2.125 -1.775
193.105 60.00 62.1200 0.0 -2.123 -1.782
193.203 60.00 62.1100 0.0 -2.115 -1.738
193.305 60.00 62.1100 0.0 -2.108 -1.707
193.405 60.00 62.1000 0.0 -2.104 -1.700
193.504 60.00 62.1100 0.0 -2.109 -1.755
193.605 60.00 62.1000 0.0 -2.102 -1.724
193.703 60.00 62.0900 0.0 -2.090 -1.664
193.805 60.00 62.0900 0.0 -2.092 -1.698
193.905 60.00 62.0900 0.0 -2.087 -1.678
194.004 60.00 62.0800 0.0 -2.079 -1.643
194.105 60.00 62.0800 0.0 -2.083 -1.693
194.204 60.00 62.0700 0.0 -2.072 -1.639
194.304 60.00 62.0700 0.0 -2.068 -1.635
194.405 60.00 62.0700 0.0 -2.073 -1.685
194.504 60.00 62.0600 0.0 -2.062 -1.633
194.605 60.00 62.0700 0.0 -2.067 -1.690
194.704 60.00 62.0600 0.0 -2.062 -1.672
194.804 60.00 62.0500 0.0 -2.055 -1.640
194.905 60.00 62.0500 0.0 -2.049 -1.620
195.004 60.00 62.0400 0.0 -2.045 -1.612
195.104 60.00 62.0300 0.0 -2.034 -1.556
195.204 60.00 62.0400 0.0 -2.036 -1.596
195.305 60.00 62.0200 0.0 -2.025 -1.539
195.404 60.00 62.0300 0.0 -2.028 -1.587
195.504 60.00 62.0100 0.0 -2.013 -1.503
195.605 60.00 62.0200 0.0 -2.022 -1.589
195.703 60.00 62.0100 0.0 -2.010 -1.531
195.805 60.00 62.0100 0.0 -2.011 -1.560
195.904 60.00 62.0100 0.0 -2.011 -1.582
196.003 60.00 62.0000 0.0 -1.996 -1.499
196.105 60.00 61.9900 0.0 -1.993 -1.505
196.203 60.00 61.9900 0.0 -1.989 -1.502
196.305 60.00 61.9900 0.0 -1.987 -1.510
196.405 60.00 61.9800 0.0 -1.981 -1.490
196.505 60.00 61.9700 0.0 -1.974 -1.469
196.604 60.00 61.9700 0.0 -1.972 -1.477
196.704 60.00 61.9600 0.0 -1.964 -1.445
196.805 60.00 61.9600 0.0 -1.961 -1.453
196.905 60.00 61.9500 0.0 -1.954 -1.428
197.005 60.00 61.9500 0.0 -1.949 -1.423
197.105 60.00 61.9400 0.0 -1.945 -1.416
197.204 60.00 61.9400 0.0 -1.941 -1.414
197.305 60.00 61.9400 0.0 -1.944 -1.465
197.405 60.00 61.9400 0.0 -1.940 -1.461
197.506 60.00 61.9300 0.0 -1.928 -1.400
197.606 60.00 61.9200 0.0 -1.925 -1.405
197.704 60.00 61.9300 0.0 -1.927 -1.447
197.806 60.00 61.9100 0.0 -1.913 -1.370
197.905 60.00 61.9100 0.0 -1.913 -1.401
198.005 60.00 61.9000 0.0 -1.902 -1.351
198.106 60.00 61.9000 0.0 -1.903 -1.381
198.204 60.00 61.8900 0.0 -1.894 -1.344
198.306 60.00 61.8900 0.0 -1.888 -1.329
198.405 60.00 61.8900 0.0 -1.887 -1.350
198.505 60.00 61.8800 0.0 -1.880 -1.331
198.606 60.00 61.8800 0.0 -1.882 -1.370
198.705 60.00 61.8700 0.0 -1.872 -1.329
198.805 60.00 61.8700 0.0 -1.872 -1.351
198.905 60.00 61.8700 0.0 -1.866 -1.340
199.005 60.00 61.8500 0.0 -1.849 -1.248
199.106 60.00 61.8500 0.0 -1.847 -1.262
199.205 60.00 61.8400 0.0 -1.841 -1.251
199.305 60.00 61.8400 0.0 -1.843 -1.294
199.405 60.00 61.8400 0.0 -1.839 -1.288
199.505 60.00 61.8400 0.0 -1.838 -1.308
199.606 60.00 61.8300 0.0 -1.828 -1.269
199.705 60.00 61.8200 0.0 -1.819 -1.234
199.805 60.00 61.8100 0.0 -1.813 -1.218
199.905 60.00 61.8100 0.0 -1.811 -1.237
200.006 60.00 61.8000 0.0 -1.800 -1.185
200.105 60.00 61.8000 0.0 -1.802 -1.232
200.205 60.00 61.7900 0.0 -1.795 -1.209
200.306 60.00 61.7900 0.0 -1.793 -1.229
200.405 60.00 61.7800 0.0 -1.785 -1.203
200.506 60.00 61.7800 0.1 -1.776 -1.164
200.606 60.00 61.7700 0.0 -1.775 -1.187
200.705 60.00 61.7700 0.0 -1.772 -1.198
200.805 60.00 61.7600 0.3 -1.758 -1.127
200.905 60.00 61.7500 0.3 -1.753 -1.122
201.005 60.00 61.7500 0.2 -1.752 -1.147
201.106 60.00 61.7400 0.3 -1.744 -1.123
201.205 60.00 61.7400 0.1 -1.743 -1.147
201.305 60.00 61.7300 0.3 -1.734 -1.116
201.405 60.00 61.7300 0.3 -1.730 -1.115
201.505 60.00 61.7200 0.4 -1.723 -1.101
201.606 60.00 61.7200 0.3 -1.720 -1.113
201.705 60.00 61.7100 0.4 -1.713 -1.093
201.805 60.00 61.7000 0.8 -1.701 -1.035
201.905 60.00 61.6900 1.0 -1.691 -1.000
202.005 60.00 61.7000 0.5 -1.696 -1.071
202.106 60.00 61.6800 0.9 -1.684 -1.014
202.205 60.00 61.6800 0.6 -1.684 -1.054
202.305 60.00 61.6800 0.5 -1.682 -1.067
202.405 60.00 61.6800 0.4 -1.680 -1.087
202.505 60.00 61.6600 0.9 -1.665 -1.011
202.606 60.00 61.6800 0.0 -1.681 -1.158
202.705 60.00 61.6500 1.2 -1.648 -0.947
202.805 60.00 61.6500 1.0 -1.649 -0.989
202.905 60.00 61.6300 1.6 -1.630 -0.891
203.006 60.00 61.6300 1.2 -1.633 -0.952
203.105 60.00 61.6200 1.7 -1.617 -0.874
203.205 60.00 61.6200 1.4 -1.618 -0.916
203.306 60.00 61.6100 1.3 -1.615 -0.929
203.405 60.00 61.6100 1.2 -1.611 -0.940
203.507 60.00 61.5900 1.9 -1.590 -0.826
203.606 60.00 61.5500 3.2 -1.554 -0.610
203.706 60.00 61.5800 1.7 -1.584 -0.866
203.807 60.00 61.5800 1.6 -1.580 -0.876
203.905 60.00 61.5700 1.8 -1.570 -0.839
204.007 60.00 61.5700 1.6 -1.568 -0.862
204.107 60.00 61.5600 1.6 -1.564 -0.872
204.205 60.00 61.5600 1.4 -1.564 -0.902
204.307 60.00 61.5500 1.7 -1.551 -0.846
204.405 60.00 61.5400 2.0 -1.539 -0.795
204.507 60.00 61.5300 2.1 -1.532 -0.788
204.606 60.00 61.5300 1.9 -1.531 -0.815
204.706 60.00 61.5300 1.7 -1.529 -0.838
204.807 60.00 61.5200 1.9 -1.520 -0.807
204.905 60.00 61.5200 1.7 -1.521 -0.849
205.007 60.00 61.5100 1.9 -1.510 -0.811
205.106 60.00 61.5000 2.0 -1.503 -0.797
205.206 60.00 61.4900 2.3 -1.491 -0.748
205.307 60.00 61.4900 2.0 -1.492 -0.787
205.405 60.00 61.4800 2.2 -1.481 -0.749
205.507 60.00 61.4800 2.0 -1.480 -0.778
205.607 60.00 61.4700 2.4 -1.466 -0.716
205.705 60.00 61.4600 2.4 -1.462 -0.721
205.807 60.00 61.4600 2.4 -1.456 -0.720
205.905 60.00 61.4700 1.7 -1.466 -0.823
206.007 60.00 61.4400 2.4 -1.444 -0.707
206.107 60.00 61.4300 2.7 -1.434 -0.671
206.205 60.00 61.4400 2.1 -1.442 -0.763
206.307 60.00 61.4400 2.1 -1.436 -0.758
206.406 60.00 61.4200 2.4 -1.424 -0.704
206.507 60.00 61.4100 2.9 -1.407 -0.625
206.607 60.00 61.4100 2.5 -1.412 -0.695
206.705 60.00 61.3900 3.0 -1.394 -0.611
206.807 60.00 61.4000 2.6 -1.397 -0.669
206.906 60.00 61.3900 2.7 -1.390 -0.653
207.007 60.00 61.3800 2.9 -1.380 -0.625
207.107 60.00 61.3800 2.6 -1.382 -0.673
207.205 60.00 61.3700 2.8 -1.372 -0.641
207.307 60.00 61.3600 3.0 -1.361 -0.598
207.406 60.00 61.3600 2.8 -1.360 -0.634
207.507 60.00 61.3600 2.7 -1.357 -0.645
207.607 60.00 61.3500 3.0 -1.346 -0.603
207.705 60.00 61.3400 2.9 -1.342 -0.616
207.807 60.00 61.3200 3.4 -1.325 -0.534
207.906 60.00 61.3200 3.1 -1.325 -0.571
208.007 60.00 61.3700 1.0 -1.368 -0.910
208.107 60.00 61.3100 3.2 -1.314 -0.555
208.205 60.00 61.3000 3.8 -1.296 -0.466
208.307 60.00 61.3000 3.5 -1.297 -0.512
208.405 60.00 61.2800 4.1 -1.276 -0.410
208.507 60.00 61.2800 3.4 -1.286 -0.517
208.606 60.00 61.2800 3.6 -1.276 -0.491
208.706 60.00 61.2800 3.4 -1.276 -0.525
208.807 60.00 61.2400 4.4 -1.245 -0.350
208.905 60.00 61.2500 4.1 -1.246 -0.400
209.007 60.00 61.2500 3.5 -1.255 -0.504
209.106 60.00 61.2500 3.4 -1.250 -0.509
209.206 60.00 61.2400 3.7 -1.239 -0.470
209.307 60.00 61.2300 3.8 -1.230 -0.445
209.406 60.00 61.2200 3.9 -1.222 -0.429
209.508 60.00 61.2100 4.0 -1.215 -0.417
209.608 60.00 61.2100 3.8 -1.213 -0.445
209.706 60.00 61.2000 4.0 -1.203 -0.410
209.808 60.00 61.2000 3.8 -1.201 -0.439
209.906 60.00 61.2000 3.8 -1.197 -0.450
210.008 60.00 61.1900 3.9 -1.188 -0.420
210.108 60.00 61.1800 3.9 -1.183 -0.422
210.206 60.00 61.1900 3.3 -1.191 -0.519
210.308 60.00 61.1600 4.2 -1.164 -0.367
210.406 60.00 61.1600 4.0 -1.163 -0.399
210.508 60.00 61.1400 4.6 -1.145 -0.306
210.608 60.00 61.1400 4.5 -1.141 -0.322
210.706 60.00 61.1400 4.5 -1.136 -0.326
210.808 60.00 61.1300 4.4 -1.130 -0.328
210.907 60.00 61.1200 4.7 -1.120 -0.294
211.008 60.00 61.1200 4.5 -1.116 -0.308
211.108 60.00 61.1100 4.5 -1.112 -0.322
211.206 60.00 61.1000 4.7 -1.102 -0.289
211.308 60.00 61.0900 4.7 -1.095 -0.286
211.407 60.00 61.0900 4.8 -1.087 -0.267
211.508 60.00 61.0800 4.6 -1.084 -0.289
211.608 60.00 61.0800 4.7 -1.078 -0.284
211.706 60.00 61.0700 4.8 -1.068 -0.257
211.808 60.00 61.0700 4.7 -1.066 -0.280
211.906 60.00 61.0600 4.9 -1.056 -0.250
212.008 60.00 61.0500 5.0 -1.047 -0.225
212.108 60.00 61.0400 5.0 -1.041 -0.229
212.206 60.00 61.0400 4.9 -1.037 -0.238
212.308 60.00 61.0300 5.0 -1.028 -0.218
212.406 60.00 61.0200 5.2 -1.018 -0.189
212.508 60.00 61.0100 5.2 -1.012 -0.187
212.607 60.00 61.0000 5.3 -1.005 -0.176
212.707 60.00 61.0000 5.2 -1.000 -0.185
212.807 60.00 60.9900 5.5 -0.986 -0.131
212.907 60.00 60.9900 5.3 -0.987 -0.176
213.008 60.00 60.9800 5.3 -0.979 -0.164
213.108 60.00 60.9700 5.2 -0.975 -0.179
213.207 60.00 60.9600 5.5 -0.963 -0.128
213.307 60.00 60.9500 5.7 -0.952 -0.098
213.407 60.00 60.9500 5.4 -0.954 -0.150
213.507 60.00 60.9500 5.5 -0.946 -0.137
213.608 60.00 60.9300 5.8 -0.933 -0.088
213.707 60.00 60.9400 5.2 -0.940 -0.181
213.807 60.00 60.9200 5.6 -0.924 -0.107
213.907 60.00 60.9200 5.8 -0.916 -0.086
214.007 60.00 60.9000 6.2 -0.900 -0.017
214.108 60.00 60.9100 5.4 -0.911 -0.142
214.207 60.00 60.8900 5.9 -0.895 -0.066
214.307 60.00 60.9000 5.4 -0.900 -0.144
214.407 60.00 60.8900 5.6 -0.889 -0.102
214.507 60.00 60.8800 5.7 -0.882 -0.093
214.608 60.00 60.8700 5.8 -0.873 -0.071
214.707 60.00 60.8900 5.0 -0.887 -0.208
214.807 60.00 60.8700 5.7 -0.866 -0.094
214.907 60.00 60.8500 6.0 -0.853 -0.046
215.008 60.00 60.8200 7.3 -0.816 0.177
215.108 60.00 60.8400 6.0 -0.841 -0.047
215.207 60.00 60.8300 6.1 -0.832 -0.025
215.307 60.00 60.8300 5.8 -0.831 -0.061
215.407 60.00 60.8300 5.8 -0.827 -0.071
215.507 60.00 60.8200 5.9 -0.818 -0.046
215.608 60.00 60.8100 5.9 -0.813 -0.046
215.708 60.00 60.8000 6.3 -0.798 0.016
215.808 60.00 60.7900 6.2 -0.794 0.006
215.908 60.00 60.7900 6.1 -0.790 -0.009
216.008 60.00 60.7900 5.9 -0.790 -0.042
216.109 60.00 60.7800 6.2 -0.777 0.010
216.207 60.00 60.7700 6.4 -0.768 0.032
216.309 60.00 60.7700 6.1 -0.769 -0.013
216.408 60.00 60.7600 6.2 -0.762 0.000
216.509 60.00 60.7600 6.2 -0.756 -0.002
216.608 60.00 60.7500 6.1 -0.751 -0.005
216.708 60.00 60.7500 6.1 -0.747 -0.009
216.809 60.00 60.7400 6.0 -0.743 -0.019
216.907 60.00 60.7300 6.2 -0.733 0.010
217.009 60.00 60.7200 6.5 -0.722 0.051
217.108 60.00 60.7300 6.1 -0.726 -0.011
217.208 60.00 60.7100 6.6 -0.709 0.073
217.309 60.00 60.7100 6.2 -0.713 0.003
217.407 60.00 60.6900 7.1 -0.686 0.154
217.509 60.00 60.6900 6.6 -0.692 0.075
217.608 60.00 60.6900 6.3 -0.693 0.028
217.708 60.00 60.6800 6.4 -0.685 0.045
217.809 60.00 60.6800 6.3 -0.683 0.027
217.907 60.00 60.6700 6.4 -0.674 0.052
218.009 60.00 60.6700 6.3 -0.671 0.036
218.108 60.00 60.6800 5.5 -0.685 -0.095
218.208 60.00 60.6600 6.3 -0.663 0.030
218.309 60.00 60.6500 6.5 -0.652 0.071
218.407 60.00 60.6400 6.9 -0.639 0.123
218.509 60.00 60.6400 6.7 -0.638 0.094
218.609 60.00 60.6300 6.9 -0.628 0.127
218.707 60.00 60.6200 6.8 -0.624 0.119
218.809 60.00 60.6300 6.3 -0.630 0.040
218.907 60.00 60.6200 6.7 -0.616 0.102
219.009 60.00 60.6000 7.0 -0.605 0.142
219.109 60.00 60.6100 6.5 -0.611 0.067
219.207 60.00 60.6000 6.6 -0.604 0.082
219.309 60.00 60.5500 8.5 -0.554 0.398
219.407 60.00 60.5900 6.7 -0.589 0.099
219.509 60.00 60.5800 6.7 -0.585 0.097
219.609 60.00 60.5800 6.7 -0.578 0.109
219.707 60.00 60.5700 6.9 -0.569 0.139
219.809 60.00 60.5600 7.2 -0.558 0.181
219.908 60.00 60.5600 6.9 -0.558 0.142
220.009 60.00 60.5500 6.9 -0.554 0.137
220.109 60.00 60.5400 7.0 -0.545 0.163
220.207 60.00 60.5400 7.1 -0.539 0.173
220.309 60.00 60.5300 7.0 -0.535 0.162
220.407 60.00 60.5300 6.8 -0.535 0.129
220.509 60.00 60.5300 6.7 -0.533 0.108
220.608 60.00 60.5200 7.0 -0.521 0.162
220.708 60.00 60.5200 6.9 -0.519 0.143
220.809 60.00 60.5100 6.9 -0.514 0.147
220.908 60.00 60.5000 7.2 -0.504 0.185
221.009 60.00 60.5000 7.2 -0.498 0.191
221.108 60.00 60.4900 7.1 -0.494 0.182
221.208 60.00 60.4900 7.0 -0.491 0.167
221.309 60.00 60.4700 7.6 -0.474 0.255
221.407 60.00 60.5400 4.7 -0.536 -0.216
221.509 60.00 60.4800 7.1 -0.477 0.185
221.609 60.00 60.4800 6.9 -0.477 0.148
221.708 60.00 60.4700 7.1 -0.468 0.178
221.810 60.00 60.4700 6.9 -0.468 0.146
221.908 60.00 60.4600 7.1 -0.460 0.172
222.010 60.00 60.4500 7.3 -0.450 0.210
222.110 60.00 60.4500 7.2 -0.447 0.201
222.208 60.00 60.4300 7.7 -0.432 0.273
222.310 60.00 60.4400 7.2 -0.439 0.188
222.408 60.00 60.4400 7.1 -0.437 0.174
222.510 60.00 60.4300 7.0 -0.433 0.171
222.610 60.00 60.4300 7.1 -0.428 0.175
222.708 60.00 60.4300 6.8 -0.430 0.130
222.810 60.00 60.4200 6.8 -0.425 0.139
222.908 60.00 60.4100 7.2 -0.411 0.205
223.010 60.00 60.4100 7.0 -0.412 0.168
223.110 60.00 60.4100 7.1 -0.406 0.179
223.208 60.00 60.4000 7.1 -0.402 0.182
223.310 60.00 60.4000 6.9 -0.403 0.147
223.408 60.00 60.3900 7.2 -0.392 0.195
223.510 60.00 60.3900 6.9 -0.395 0.146
223.610 60.00 60.3900 7.0 -0.386 0.178
223.708 60.00 60.3800 7.0 -0.383 0.170
223.810 60.00 60.3700 7.2 -0.375 0.203
223.908 60.00 60.3700 7.2 -0.370 0.208
224.010 60.00 60.3700 7.1 -0.369 0.183
224.110 60.00 60.3700 6.9 -0.369 0.155
224.208 60.00 60.3700 6.8 -0.368 0.139
224.310 60.00 60.3600 6.8 -0.363 0.147
224.409 60.00 60.3600 7.0 -0.357 0.165
224.510 60.00 60.3600 6.8 -0.358 0.134
224.609 60.00 60.3500 6.8 -0.354 0.137
224.709 60.00 60.3500 6.9 -0.347 0.158
224.810 60.00 60.3700 5.9 -0.367 -0.004
224.908 60.00 60.3500 6.7 -0.347 0.118
225.010 60.00 60.3400 6.9 -0.338 0.156
225.109 60.00 60.3400 6.8 -0.336 0.145
225.209 60.00 60.3200 7.2 -0.325 0.199
225.310 60.00 60.3300 6.8 -0.328 0.151
225.408 60.00 60.3200 6.9 -0.323 0.162
225.510 60.00 60.3200 6.8 -0.322 0.145
225.610 60.00 60.3000 7.5 -0.303 0.251
225.708 60.00 60.3200 6.6 -0.319 0.115
225.810 60.00 60.3100 7.0 -0.307 0.175
225.908 60.00 60.3000 6.9 -0.306 0.162
226.010 60.00 60.3000 6.8 -0.304 0.146
226.110 60.00 60.3600 4.2 -0.361 -0.269
226.208 60.00 60.3000 6.8 -0.302 0.138
226.310 60.00 60.2900 6.9 -0.295 0.167
226.408 60.00 60.3100 6.0 -0.312 0.021
226.510 60.00 60.2800 7.2 -0.284 0.202
226.610 60.00 60.2800 7.3 -0.277 0.222
226.708 60.00 60.2900 6.7 -0.287 0.129
226.810 60.00 60.2800 6.8 -0.283 0.139
226.909 60.00 60.2700 7.3 -0.267 0.230
227.009 60.00 60.2700 7.1 -0.268 0.193
227.110 60.00 60.2800 6.5 -0.280 0.092
227.208 60.00 60.2300 8.5 -0.229 0.429
227.310 60.00 60.2700 6.7 -0.266 0.138
227.409 60.00 60.2600 6.8 -0.262 0.147
227.509 60.00 60.2700 6.4 -0.267 0.089
227.610 60.00 60.2600 6.6 -0.260 0.121
227.709 60.00 60.2200 8.4 -0.217 0.400
227.810 60.00 60.2600 6.3 -0.260 0.067
227.910 60.00 60.2500 6.7 -0.248 0.136
228.010 60.00 60.2500 6.6 -0.249 0.113
228.111 60.00 60.2400 6.8 -0.240 0.157
228.210 60.00 60.2400 6.9 -0.236 0.164
228.310 60.00 60.2500 6.3 -0.246 0.075
228.410 60.00 60.2100 7.7 -0.212 0.298
228.512 60.00 60.2400 6.5 -0.236 0.102
228.611 60.00 60.2400 6.4 -0.236 0.083
228.709 60.00 60.2300 6.6 -0.229 0.117
228.811 60.00 60.2300 6.5 -0.230 0.094
228.910 60.00 60.2400 6.0 -0.239 0.013
229.010 60.00 60.2300 6.3 -0.230 0.065
229.111 60.00 60.2300 6.3 -0.227 0.073
229.209 60.00 60.2200 6.6 -0.218 0.122
229.311 60.00 60.2200 6.4 -0.221 0.080
229.410 60.00 60.2200 6.4 -0.218 0.088
229.510 60.00 60.2100 6.5 -0.213 0.108
229.611 60.00 60.2100 6.5 -0.211 0.105
229.710 60.00 60.2700 4.0 -0.268 -0.309
229.810 60.00 60.2100 6.5 -0.209 0.105
229.910 60.00 60.2100 6.2 -0.213 0.062
230.010 60.00 60.2000 6.6 -0.203 0.119
230.111 60.00 60.2000 6.4 -0.205 0.092
230.210 60.00 60.2100 6.3 -0.206 0.069
230.310 60.00 60.1900 6.6 -0.195 0.128
230.410 60.00 60.2000 6.5 -0.196 0.107
230.510 60.00 60.1900 6.5 -0.193 0.111
230.611 60.00 60.2000 6.0 -0.203 0.030
230.710 60.00 60.2000 6.1 -0.198 0.048
230.810 60.00 60.1900 6.5 -0.187 0.113
230.910 60.00 60.1900 6.2 -0.192 0.064
231.010 60.00 60.1900 6.4 -0.186 0.097
231.111 60.00 60.1900 6.3 -0.186 0.079
231.210 60.00 60.1800 6.3 -0.185 0.076
231.310 60.00 60.1800 6.2 -0.185 0.062
231.410 60.00 60.1900 6.1 -0.186 0.041
231.510 60.00 60.1900 6.0 -0.188 0.019
231.611 60.00 60.1800 6.3 -0.178 0.076
231.710 60.00 60.1700 6.5 -0.171 0.116
231.810 60.00 60.1800 6.2 -0.176 0.060
231.910 60.00 60.1800 5.9 -0.181 0.016
232.010 60.00 60.1800 6.0 -0.178 0.027
232.111 60.00 60.1700 6.1 -0.175 0.037
232.209 60.00 60.1600 6.4 -0.165 0.096
232.311 60.00 60.1700 6.0 -0.174 0.022
232.410 60.00 60.1700 6.0 -0.173 0.019
232.511 60.00 60.1700 6.2 -0.166 0.055
232.610 60.00 60.1700 5.9 -0.170 0.019
232.710 60.00 60.1600 6.2 -0.164 0.054
232.811 60.00 60.1700 6.0 -0.166 0.024
232.909 60.00 60.1700 5.9 -0.167 0.009
233.011 60.00 60.1600 6.0 -0.162 0.035
233.111 60.00 60.1600 5.9 -0.164 0.016
233.209 60.00 60.1600 6.0 -0.161 0.024
233.311 60.00 60.1600 6.1 -0.156 0.048
233.409 60.00 60.1600 5.7 -0.165 -0.025
233.511 60.00 60.1500 6.1 -0.155 0.043
233.611 60.00 60.1600 5.8 -0.160 -0.008
233.709 60.00 60.1600 5.6 -0.163 -0.035
233.812 60.00 60.1600 5.7 -0.160 -0.019
233.910 60.00 60.1500 6.1 -0.150 0.044
234.011 60.00 60.1500 5.9 -0.154 0.007
234.112 60.00 60.1500 6.0 -0.150 0.030
234.210 60.00 60.1600 5.6 -0.158 -0.040
234.312 60.00 60.1600 5.6 -0.157 -0.040
234.410 60.00 60.1500 5.8 -0.152 -0.009
234.512 60.00 60.1800 4.3 -0.184 -0.236
234.612 60.00 60.1600 5.6 -0.156 -0.040
234.710 60.00 60.1500 5.8 -0.149 0.002
234.812 60.00 60.1500 5.7 -0.151 -0.019
234.910 60.00 60.1500 5.7 -0.151 -0.026
235.012 60.00 60.1500 5.5 -0.152 -0.041
235.112 60.00 60.1500 5.4 -0.155 -0.066
235.210 60.00 60.1500 5.5 -0.152 -0.051
235.312 60.00 60.1600 5.3 -0.156 -0.080
235.410 60.00 60.1400 5.7 -0.146 -0.013
235.512 60.00 60.1500 5.6 -0.148 -0.037
235.612 60.00 60.1600 5.2 -0.156 -0.101
235.710 60.00 60.1400 5.8 -0.142 -0.004
235.812 60.00 60.1500 5.5 -0.148 -0.053
235.910 60.00 60.1400 5.7 -0.142 -0.011
236.012 60.00 60.1500 5.4 -0.149 -0.070
236.112 60.00 60.1500 5.3 -0.150 -0.081
236.210 60.00 60.1500 5.2 -0.151 -0.095
236.312 60.00 60.1500 5.3 -0.149 -0.082
236.410 60.00 60.1500 5.3 -0.150 -0.087
236.512 60.00 60.1500 5.1 -0.153 -0.116
236.611 60.00 60.1500 5.1 -0.153 -0.116
236.711 60.00 60.1500 5.1 -0.152 -0.115
236.812 60.00 60.1500 5.0 -0.154 -0.127
236.910 60.00 60.1500 5.2 -0.150 -0.100
237.012 60.00 60.1500 5.1 -0.151 -0.114
237.112 60.00 60.1500 5.3 -0.147 -0.085
237.211 60.00 60.1500 5.2 -0.147 -0.087
237.312 60.00 60.1700 4.3 -0.168 -0.234
237.410 60.00 60.1400 5.3 -0.145 -0.072
237.512 60.00 60.1600 4.7 -0.160 -0.181
237.612 60.00 60.1500 5.1 -0.149 -0.104
237.710 60.00 60.1500 5.1 -0.150 -0.115
237.812 60.00 60.1500 5.0 -0.151 -0.125
237.911 60.00 60.1500 4.9 -0.155 -0.150
238.012 60.00 60.1600 4.7 -0.159 -0.180
238.112 60.00 60.1500 5.1 -0.150 -0.112
238.210 60.00 60.1500 5.1 -0.149 -0.107
238.312 60.00 60.1500 4.9 -0.154 -0.147
238.411 60.00 60.1500 5.0 -0.152 -0.131
238.512 60.00 60.1500 4.8 -0.154 -0.151
238.612 60.00 60.1600 4.4 -0.165 -0.228
238.710 60.00 60.1300 5.8 -0.133 -0.001
238.812 60.00 60.1600 4.6 -0.159 -0.189
238.911 60.00 60.1600 4.4 -0.165 -0.225
239.012 60.00 60.1500 5.0 -0.151 -0.130
239.112 60.00 60.1600 4.6 -0.160 -0.194
239.210 60.00 60.1600 4.7 -0.158 -0.174
239.312 60.00 60.1500 4.9 -0.153 -0.140
239.411 60.00 60.1500 4.8 -0.155 -0.156
239.512 60.00 60.1600 4.7 -0.158 -0.171
239.612 60.00 60.1600 4.4 -0.164 -0.217
239.710 60.00 60.1600 4.4 -0.165 -0.223
239.812 60.00 60.1600 4.5 -0.163 -0.200
239.911 60.00 60.1500 4.9 -0.154 -0.142
240.012 60.00 60.1700 4.4 -0.166 -0.226
240.113 60.00 60.1600 4.5 -0.163 -0.199
240.211 60.00 60.1600 4.4 -0.165 -0.214
240.313 60.00 60.1600 4.7 -0.160 -0.171
240.411 60.00 60.1600 4.8 -0.158 -0.162
240.513 60.00 60.1600 4.6 -0.162 -0.186
240.612 60.00 60.1600 4.6 -0.161 -0.182
240.712 60.00 60.1600 4.5 -0.164 -0.203
240.813 60.00 60.1600 4.8 -0.159 -0.161
240.911 60.00 60.1700 4.3 -0.170 -0.236
241.013 60.00 60.1700 4.3 -0.171 -0.239
241.112 60.00 60.1700 4.2 -0.173 -0.253
241.212 60.00 60.1600 4.6 -0.164 -0.187
241.313 60.00 60.1700 4.3 -0.171 -0.236
241.411 60.00 60.1700 4.5 -0.166 -0.197
241.513 60.00 60.1700 4.4 -0.170 -0.223
241.613 60.00 60.1700 4.3 -0.172 -0.230
241.711 60.00 60.1800 4.1 -0.177 -0.263
241.813 60.00 60.1800 4.1 -0.179 -0.272
241.912 60.00 60.1800 4.0 -0.182 -0.289
242.013 60.00 60.1800 4.2 -0.177 -0.253
242.113 60.00 60.1700 4.5 -0.171 -0.209
242.211 60.00 60.1800 4.3 -0.176 -0.238
242.313 60.00 60.1800 4.1 -0.180 -0.267
242.412 60.00 60.1800 4.1 -0.180 -0.260
242.512 60.00 60.1800 4.0 -0.183 -0.277
242.613 60.00 60.1800 4.2 -0.180 -0.250
242.711 60.00 60.1800 4.2 -0.179 -0.242
242.813 60.00 60.1900 4.0 -0.186 -0.285
242.912 60.00 60.1700 4.5 -0.174 -0.199
243.012 60.00 60.2400 1.8 -0.237 -0.635
243.113 60.00 60.1800 4.3 -0.182 -0.229
243.211 60.00 60.1800 4.2 -0.185 -0.251
243.313 60.00 60.1800 4.5 -0.179 -0.204
243.412 60.00 60.1700 4.9 -0.168 -0.128
243.512 60.00 60.1800 4.2 -0.185 -0.248
243.613 60.00 60.1800 4.4 -0.181 -0.220
243.712 60.00 60.1800 4.4 -0.181 -0.218
243.812 60.00 60.1900 4.1 -0.187 -0.257
243.912 60.00 60.1700 5.1 -0.166 -0.106
244.012 60.00 60.1800 4.5 -0.179 -0.201
244.113 60.00 60.1800 4.5 -0.179 -0.201
244.212 60.00 60.1900 4.2 -0.186 -0.243
244.312 60.00 60.1900 4.0 -0.192 -0.285
244.412 60.00 60.1800 4.4 -0.182 -0.210
244.514 60.00 60.2000 3.7 -0.198 -0.321
244.613 60.00 60.1900 4.0 -0.193 -0.282
244.711 60.00 60.1900 4.3 -0.187 -0.231
244.813 60.00 60.1900 4.0 -0.195 -0.285
244.912 60.00 60.2500 1.6 -0.249 -0.659
245.013 60.00 60.1900 4.2 -0.192 -0.241
245.113 60.00 60.2000 4.0 -0.196 -0.269
245.211 60.00 60.2100 3.5 -0.209 -0.354
245.313 60.00 60.2000 3.7 -0.205 -0.320
245.412 60.00 60.2000 3.9 -0.202 -0.290
245.512 60.00 60.2000 3.9 -0.203 -0.296
245.613 60.00 60.2000 4.0 -0.201 -0.276
245.711 60.00 60.2100 3.8 -0.206 -0.307
245.813 60.00 60.2100 3.7 -0.210 -0.330
245.912 60.00 60.2000 4.1 -0.201 -0.258
246.012 60.00 60.2100 3.5 -0.215 -0.359
246.113 60.00 60.2100 3.8 -0.209 -0.307
246.212 60.00 60.2100 3.9 -0.208 -0.296
246.312 60.00 60.2100 3.9 -0.207 -0.284
246.413 60.00 60.2100 3.6 -0.215 -0.334
246.513 60.00 60.2100 4.0 -0.207 -0.276
246.614 60.00 60.2100 3.9 -0.209 -0.285
246.713 60.00 60.2100 3.9 -0.212 -0.298
246.813 60.00 60.2100 3.8 -0.214 -0.314
246.913 60.00 60.2100 3.9 -0.212 -0.293
247.014 60.00 60.2200 3.6 -0.218 -0.330
247.113 60.00 60.2100 3.8 -0.215 -0.302
247.213 60.00 60.2400 2.6 -0.243 -0.495
247.313 60.00 60.2200 3.8 -0.218 -0.310
247.413 60.00 60.2200 3.7 -0.221 -0.326
247.514 60.00 60.2200 3.7 -0.221 -0.317
247.613 60.00 60.1900 5.1 -0.191 -0.101
247.713 60.00 60.2200 3.7 -0.222 -0.326
247.814 60.00 60.2200 3.6 -0.223 -0.330
247.912 60.00 60.2200 3.8 -0.221 -0.305
248.014 60.00 60.2200 3.7 -0.224 -0.326
248.114 60.00 60.2200 3.8 -0.222 -0.303
248.214 60.00 60.2200 3.7 -0.225 -0.320
248.314 60.00 60.2300 3.5 -0.231 -0.358
248.412 60.00 60.2300 3.7 -0.227 -0.326
248.514 60.00 60.2200 3.9 -0.223 -0.295
248.613 60.00 60.2300 3.6 -0.230 -0.338
248.713 60.00 60.2200 3.8 -0.225 -0.297
248.814 60.00 60.2200 3.9 -0.225 -0.291
248.912 60.00 60.2300 3.7 -0.229 -0.316
249.014 60.00 60.2200 4.1 -0.221 -0.257
249.114 60.00 60.2300 3.9 -0.227 -0.295
249.213 60.00 60.2300 3.5 -0.235 -0.352
249.314 60.00 60.2300 3.6 -0.233 -0.331
249.412 60.00 60.2900 0.9 -0.295 -0.763
249.514 60.00 60.2400 3.3 -0.244 -0.380
249.614 60.00 60.2400 3.5 -0.241 -0.351
249.713 60.00 60.2400 3.5 -0.242 -0.353
249.814 60.00 60.2500 3.2 -0.248 -0.391
249.912 60.00 60.2400 3.6 -0.241 -0.336
250.014 60.00 60.2400 3.5 -0.243 -0.343
250.114 60.00 60.2400 3.6 -0.241 -0.325
250.213 60.00 60.2500 3.3 -0.250 -0.386
250.314 60.00 60.2400 3.5 -0.245 -0.341
250.412 60.00 60.2300 4.1 -0.233 -0.249
250.514 60.00 60.2400 3.5 -0.246 -0.339
250.614 60.00 60.2400 3.6 -0.245 -0.330
250.713 60.00 60.2500 3.3 -0.252 -0.378
250.814 60.00 60.2500 3.5 -0.248 -0.339
250.913 60.00 60.2500 3.5 -0.251 -0.355
251.014 60.00 60.2500 3.5 -0.250 -0.345
251.114 60.00 60.2500 3.5 -0.250 -0.344
251.213 60.00 60.2500 3.5 -0.252 -0.347
251.314 60.00 60.2500 3.8 -0.246 -0.305
251.412 60.00 60.2500 3.6 -0.249 -0.323
251.514 60.00 60.2600 3.4 -0.256 -0.365
251.614 60.00 60.2500 3.8 -0.246 -0.290
251.713 60.00 60.2600 3.1 -0.264 -0.412
251.814 60.00 60.2600 3.2 -0.261 -0.388
251.912 60.00 60.2600 3.5 -0.256 -0.343
252.014 60.00 60.2600 3.5 -0.258 -0.353
252.114 60.00 60.2600 3.5 -0.257 -0.341
252.213 60.00 60.2600 3.6 -0.256 -0.330
252.314 60.00 60.2600 3.2 -0.265 -0.389
252.414 60.00 60.2600 3.2 -0.265 -0.385
252.515 60.00 60.2600 3.3 -0.265 -0.381
252.614 60.00 60.2800 2.8 -0.277 -0.460
252.715 60.00 60.2600 3.6 -0.260 -0.328
252.814 60.00 60.2600 3.5 -0.263 -0.344
252.913 60.00 60.2800 2.9 -0.278 -0.448
253.015 60.00 60.2700 3.2 -0.272 -0.394
253.114 60.00 60.2600 3.5 -0.266 -0.346
253.215 60.00 60.2800 2.9 -0.279 -0.435
253.315 60.00 60.2500 4.0 -0.254 -0.254
253.413 60.00 60.2700 3.5 -0.267 -0.344
253.515 60.00 60.2700 3.3 -0.272 -0.377
253.614 60.00 60.2800 3.1 -0.276 -0.399
253.714 60.00 60.2700 3.6 -0.267 -0.329
253.815 60.00 60.2700 3.2 -0.275 -0.382
253.914 60.00 60.2800 3.2 -0.277 -0.389
254.015 60.00 60.2700 3.3 -0.275 -0.373
254.114 60.00 60.2800 3.1 -0.279 -0.397
254.214 60.00 60.2700 3.4 -0.275 -0.357
254.315 60.00 60.2800 3.1 -0.282 -0.407
254.413 60.00 60.2800 3.4 -0.277 -0.361
254.515 60.00 60.2800 3.1 -0.284 -0.407
254.614 60.00 60.2800 3.3 -0.280 -0.372
254.714 60.00 60.2900 3.0 -0.287 -0.421
254.815 60.00 60.2900 3.0 -0.287 -0.415
254.913 60.00 60.2900 3.1 -0.287 -0.407
255.015 60.00 60.2800 3.4 -0.281 -0.360
255.114 60.00 60.2800 3.3 -0.282 -0.363
255.214 60.00 60.2800 3.3 -0.283 -0.365
255.315 60.00 60.2800 3.3 -0.284 -0.365
255.414 60.00 60.2900 3.0 -0.292 -0.420
255.516 60.00 60.2900 3.2 -0.289 -0.390
255.615 60.00 60.2900 3.3 -0.287 -0.375
255.715 60.00 60.2900 3.3 -0.287 -0.365
255.816 60.00 60.3000 2.9 -0.296 -0.429
255.914 60.00 60.2900 3.4 -0.287 -0.359
256.016 60.00 60.2900 3.2 -0.290 -0.376
256.115 60.00 60.2900 3.2 -0.292 -0.387
256.215 60.00 60.3100 2.2 -0.316 -0.544
256.316 60.00 60.2900 3.3 -0.293 -0.372
256.414 60.00 60.2900 3.4 -0.291 -0.357
256.517 60.00 60.2900 3.2 -0.294 -0.377
256.615 60.00 60.2900 3.4 -0.291 -0.350
256.717 60.00 60.2800 3.8 -0.283 -0.292
256.817 60.00 60.2900 3.2 -0.295 -0.376
256.915 60.00 60.3000 2.9 -0.304 -0.435
257.017 60.00 60.3000 3.2 -0.297 -0.376
257.115 60.00 60.3000 2.9 -0.305 -0.428
257.217 60.00 60.3000 3.2 -0.299 -0.379
257.317 60.00 60.3000 3.2 -0.298 -0.372
257.415 60.00 60.3000 3.3 -0.297 -0.356
257.517 60.00 60.3000 3.1 -0.301 -0.387
257.617 60.00 60.3000 3.0 -0.305 -0.407
257.717 60.00 60.3000 3.2 -0.301 -0.375
257.818 60.00 60.3100 3.0 -0.308 -0.419
257.916 60.00 60.3000 3.1 -0.304 -0.391
258.018 60.00 60.3000 3.1 -0.305 -0.388
258.117 60.00 60.3000 3.3 -0.303 -0.368
258.217 60.00 60.3000 3.2 -0.303 -0.371
258.318 60.00 60.2800 4.4 -0.277 -0.182
258.416 60.00 60.3000 3.2 -0.305 -0.382
258.518 60.00 60.3000 3.4 -0.300 -0.343
258.618 60.00 60.3000 3.3 -0.303 -0.364
258.718 60.00 60.3100 3.0 -0.309 -0.403
258.819 60.00 60.3100 3.0 -0.311 -0.413
258.917 60.00 60.3000 3.4 -0.301 -0.338
259.019 60.00 60.3000 3.4 -0.303 -0.350
259.118 60.00 60.3100 3.2 -0.306 -0.366
259.219 60.00 60.3000 3.4 -0.303 -0.341
259.319 60.00 60.3100 3.1 -0.309 -0.383
259.417 60.00 60.3000 3.4 -0.303 -0.337
259.519 60.00 60.3000 3.4 -0.304 -0.342
259.619 60.00 60.3100 3.1 -0.310 -0.385
259.719 60.00 60.3100 3.2 -0.308 -0.367
259.820 60.00 60.3100 3.2 -0.308 -0.364
259.918 60.00 60.3000 3.6 -0.300 -0.307
260.020 60.00 60.3100 3.3 -0.308 -0.360
260.119 60.00 60.3100 3.1 -0.313 -0.393
260.220 60.00 60.3100 3.3 -0.308 -0.352
260.320 60.00 60.3100 3.4 -0.306 -0.340
260.418 60.00 60.3100 3.3 -0.310 -0.362
260.520 60.00 60.3000 3.5 -0.305 -0.325
260.619 60.00 60.3600 1.1 -0.359 -0.706
260.721 60.00 60.3000 3.8 -0.301 -0.277
260.820 60.00 60.3000 3.6 -0.305 -0.310
260.920 60.00 60.3000 3.7 -0.303 -0.294
261.021 60.00 60.3100 3.4 -0.309 -0.338
261.119 60.00 60.3100 3.4 -0.310 -0.340
261.221 60.00 60.3100 3.5 -0.307 -0.321
261.321 60.00 60.3000 3.7 -0.302 -0.284
261.419 60.00 60.3100 3.4 -0.309 -0.332
261.521 60.00 60.3100 3.5 -0.307 -0.320
261.620 60.00 60.3100 3.5 -0.307 -0.320
261.722 60.00 60.3100 3.5 -0.306 -0.311
261.822 60.00 60.3100 3.2 -0.314 -0.363
261.921 60.00 60.3100 3.5 -0.307 -0.318
262.022 60.00 60.3100 3.4 -0.311 -0.340
262.121 60.00 60.3000 3.8 -0.302 -0.277
262.222 60.00 60.3100 3.5 -0.308 -0.322
262.322 60.00 60.3000 3.6 -0.304 -0.296
262.421 60.00 60.3000 3.6 -0.304 -0.294
262.522 60.00 60.3100 3.4 -0.309 -0.329
262.621 60.00 60.3100 3.2 -0.313 -0.358
262.723 60.00 60.3100 3.2 -0.314 -0.358
262.822 60.00 60.3000 3.7 -0.304 -0.287
262.922 60.00 60.2700 4.9 -0.275 -0.082
263.023 60.00 60.3100 3.5 -0.306 -0.315
263.121 60.00 60.3100 3.5 -0.306 -0.314
263.223 60.00 60.3000 3.5 -0.305 -0.306
263.322 60.00 60.3000 3.6 -0.304 -0.296
263.422 60.00 60.3100 3.5 -0.306 -0.310
263.523 60.00 60.3100 3.5 -0.307 -0.317
263.622 60.00 60.3100 3.2 -0.314 -0.367
263.724 60.00 60.3100 3.3 -0.312 -0.348
263.823 60.00 60.3100 3.5 -0.306 -0.308
263.923 60.00 60.3100 3.5 -0.308 -0.321
264.024 60.00 60.3100 3.3 -0.313 -0.352
264.123 60.00 60.3100 3.5 -0.306 -0.306
264.224 60.00 60.3100 3.5 -0.308 -0.319
264.323 60.00 60.3300 2.7 -0.326 -0.442
264.423 60.00 60.3000 4.0 -0.297 -0.238
264.524 60.00 60.3000 3.7 -0.302 -0.275
264.623 60.00 60.3100 3.3 -0.311 -0.339
264.725 60.00 60.2800 4.8 -0.278 -0.104
264.823 60.00 60.3100 3.4 -0.309 -0.330
264.925 60.00 60.3000 3.7 -0.301 -0.274
265.025 60.00 60.3100 3.5 -0.307 -0.318
265.123 60.00 60.3100 3.4 -0.309 -0.331
265.225 60.00 60.3100 3.4 -0.309 -0.327
265.324 60.00 60.3000 3.6 -0.304 -0.295
265.424 60.00 60.3000 3.6 -0.304 -0.292
265.525 60.00 60.3100 3.5 -0.306 -0.306
265.623 60.00 60.3100 3.4 -0.310 -0.332
265.725 60.00 60.3000 3.9 -0.296 -0.240
265.825 60.00 60.3100 3.5 -0.307 -0.315
265.925 60.00 60.3100 3.4 -0.309 -0.331
266.026 60.00 60.3100 3.4 -0.308 -0.325
266.124 60.00 60.3100 3.5 -0.306 -0.309
266.226 60.00 60.3100 3.5 -0.307 -0.316
266.325 60.00 60.3100 3.3 -0.310 -0.335
266.425 60.00 60.3100 3.5 -0.307 -0.311
266.526 60.00 60.3000 3.7 -0.302 -0.275
266.624 60.00 60.3000 3.7 -0.301 -0.270
266.726 60.00 60.3100 3.4 -0.308 -0.322
266.826 60.00 60.3000 3.9 -0.296 -0.239
266.926 60.00 60.3000 3.5 -0.305 -0.304
267.027 60.00 60.3000 3.6 -0.303 -0.287
267.126 60.00 60.3000 3.5 -0.306 -0.308
267.227 60.00 60.3000 3.7 -0.300 -0.266
267.326 60.00 60.3100 3.5 -0.306 -0.312
267.426 60.00 60.3000 3.8 -0.297 -0.251
267.527 60.00 60.3000 3.8 -0.298 -0.256
267.626 60.00 60.3000 3.8 -0.298 -0.262
267.726 60.00 60.3200 2.7 -0.323 -0.434
267.827 60.00 60.3000 3.9 -0.296 -0.243
267.927 60.00 60.3000 3.7 -0.299 -0.270
268.027 60.00 60.3000 3.6 -0.300 -0.278
268.127 60.00 60.2900 3.9 -0.295 -0.238
268.227 60.00 60.2900 3.9 -0.295 -0.245
268.327 60.00 60.2900 3.9 -0.294 -0.242
268.428 60.00 60.3100 3.4 -0.306 -0.324
268.528 60.00 60.3000 3.6 -0.301 -0.287
268.626 60.00 60.3000 3.6 -0.300 -0.285
268.728 60.00 60.3000 3.7 -0.299 -0.275
268.827 60.00 60.2900 3.9 -0.292 -0.233
268.928 60.00 60.2900 3.8 -0.296 -0.258
269.029 60.00 60.3500 1.4 -0.350 -0.643
269.127 60.00 60.2900 4.0 -0.291 -0.213
269.229 60.00 60.3000 3.5 -0.303 -0.298
269.328 60.00 60.3000 3.7 -0.298 -0.269
269.428 60.00 60.2600 5.4 -0.258 0.012
269.529 60.00 60.3000 3.5 -0.300 -0.292
269.627 60.00 60.3200 2.8 -0.318 -0.418
269.729 60.00 60.2900 3.9 -0.293 -0.241
269.828 60.00 60.2900 3.8 -0.295 -0.256
269.929 60.00 60.2800 4.3 -0.281 -0.164
270.030 60.00 60.2900 3.7 -0.296 -0.270
270.129 60.00 60.2900 3.8 -0.293 -0.254
270.230 60.00 60.2900 4.0 -0.288 -0.223
270.329 60.00 60.2900 4.0 -0.286 -0.210
270.429 60.00 60.2800 4.2 -0.283 -0.191
270.530 60.00 60.2900 3.7 -0.291 -0.256
270.629 60.00 60.2900 3.7 -0.292 -0.259
270.729 60.00 60.2900 3.7 -0.291 -0.256
270.829 60.00 60.2900 3.9 -0.286 -0.225
270.930 60.00 60.2900 3.7 -0.291 -0.264
271.030 60.00 60.2800 4.0 -0.283 -0.210
271.131 60.00 60.2800 4.1 -0.281 -0.196
271.230 60.00 60.2900 3.7 -0.289 -0.256
271.330 60.00 60.2900 3.8 -0.287 -0.242
271.431 60.00 60.2800 3.9 -0.285 -0.234
271.530 60.00 60.2800 4.3 -0.276 -0.169
271.631 60.00 60.2700 4.2 -0.275 -0.174
271.730 60.00 60.2800 3.9 -0.283 -0.232
271.830 60.00 60.2900 3.7 -0.287 -0.263
271.932 60.00 60.3000 3.2 -0.297 -0.336
272.030 60.00 60.2700 4.3 -0.274 -0.167
272.132 60.00 60.2800 4.0 -0.279 -0.213
272.232 60.00 60.2700 4.2 -0.273 -0.172
272.330 60.00 60.2800 4.1 -0.276 -0.199
272.432 60.00 60.2800 3.9 -0.279 -0.225
272.532 60.00 60.3000 3.1 -0.298 -0.356
272.632 60.00 60.2700 4.2 -0.272 -0.171
272.731 60.00 60.3000 2.8 -0.304 -0.404
272.831 60.00 60.2800 4.0 -0.278 -0.217
272.932 60.00 60.2700 4.1 -0.274 -0.192
273.032 60.00 60.2700 4.4 -0.266 -0.141
273.133 60.00 60.2700 4.3 -0.269 -0.166
273.232 60.00 60.2800 3.6 -0.284 -0.276
273.332 60.00 60.2600 4.5 -0.264 -0.135
273.433 60.00 60.2700 4.1 -0.270 -0.185
273.531 60.00 60.3100 2.3 -0.312 -0.485
273.633 60.00 60.2600 4.5 -0.262 -0.121
273.733 60.00 60.2700 4.2 -0.267 -0.168
273.831 60.00 60.2700 4.1 -0.271 -0.197
273.934 60.00 60.2700 4.2 -0.267 -0.177
274.033 60.00 60.2600 4.5 -0.259 -0.124
274.133 60.00 60.2600 4.5 -0.258 -0.123
274.234 60.00 60.2600 4.2 -0.265 -0.179
274.332 60.00 60.2600 4.4 -0.258 -0.137
274.434 60.00 60.2500 4.8 -0.248 -0.074
274.533 60.00 60.2600 4.3 -0.258 -0.150
274.633 60.00 60.2600 4.4 -0.256 -0.142
274.734 60.00 60.2700 3.8 -0.270 -0.242
274.833 60.00 60.2500 4.5 -0.252 -0.122
274.934 60.00 60.2700 3.5 -0.274 -0.277
275.034 60.00 60.2500 4.6 -0.248 -0.100
275.134 60.00 60.2500 4.6 -0.247 -0.100
275.235 60.00 60.2500 4.3 -0.255 -0.161
275.333 60.00 60.2500 4.6 -0.246 -0.102
275.435 60.00 60.2500 4.3 -0.253 -0.160
275.534 60.00 60.2500 4.5 -0.247 -0.120
275.634 60.00 60.2500 4.4 -0.249 -0.144
275.735 60.00 60.2500 4.3 -0.250 -0.158
275.833 60.00 60.2400 4.7 -0.241 -0.096
275.935 60.00 60.2400 4.4 -0.246 -0.136
276.035 60.00 60.2500 4.2 -0.250 -0.173
276.135 60.00 60.2400 4.5 -0.243 -0.127
276.236 60.00 60.2500 4.3 -0.246 -0.154
276.334 60.00 60.2400 4.6 -0.237 -0.097
276.436 60.00 60.2300 4.7 -0.235 -0.090
276.535 60.00 60.2400 4.4 -0.241 -0.139
276.636 60.00 60.2400 4.4 -0.240 -0.133
276.735 60.00 60.2400 4.2 -0.244 -0.171
276.835 60.00 60.2400 4.3 -0.241 -0.154
276.936 60.00 60.2300 4.6 -0.232 -0.096
277.035 60.00 60.2400 4.2 -0.241 -0.164
277.137 60.00 60.2300 4.7 -0.229 -0.083
277.237 60.00 60.2300 4.4 -0.234 -0.128
277.335 60.00 60.2300 4.5 -0.231 -0.110
277.437 60.00 60.2300 4.7 -0.226 -0.083
277.536 60.00 60.2300 4.4 -0.232 -0.129
277.637 60.00 60.2200 4.8 -0.223 -0.073
277.737 60.00 60.2200 4.7 -0.224 -0.084
277.835 60.00 60.2300 4.5 -0.228 -0.119
277.937 60.00 60.2200 4.6 -0.223 -0.095
278.036 60.00 60.2300 4.5 -0.226 -0.118
278.137 60.00 60.2200 4.6 -0.222 -0.095
278.238 60.00 60.2200 4.8 -0.218 -0.075
278.336 60.00 60.2200 4.7 -0.219 -0.087
278.438 60.00 60.2200 4.4 -0.224 -0.130
278.537 60.00 60.2200 4.6 -0.218 -0.094
278.637 60.00 60.2200 4.6 -0.217 -0.095
278.738 60.00 60.2200 4.5 -0.218 -0.106
278.836 60.00 60.2100 4.8 -0.211 -0.062
278.938 60.00 60.2100 4.6 -0.214 -0.092
279.037 60.00 60.2300 3.8 -0.233 -0.227
279.138 60.00 60.2100 4.5 -0.215 -0.107
279.239 60.00 60.2100 4.7 -0.212 -0.089
279.338 60.00 60.2200 4.3 -0.219 -0.144
279.439 60.00 60.2100 4.5 -0.213 -0.106
279.538 60.00 60.2100 4.8 -0.206 -0.065
279.639 60.00 60.2100 4.7 -0.207 -0.074
279.739 60.00 60.2100 4.6 -0.209 -0.097
279.838 60.00 60.2100 4.5 -0.209 -0.105
279.939 60.00 60.1900 5.2 -0.193 0.005
280.038 60.00 60.2000 4.7 -0.204 -0.084
280.140 60.00 60.2000 4.6 -0.204 -0.090
280.239 60.00 60.2200 3.8 -0.223 -0.227
280.339 60.00 60.1900 5.0 -0.195 -0.033
280.440 60.00 60.2000 4.8 -0.199 -0.067
280.540 60.00 60.2000 4.7 -0.200 -0.083
280.640 60.00 60.2000 4.5 -0.202 -0.102
280.739 60.00 60.1900 5.0 -0.192 -0.036
280.840 60.00 60.2200 3.9 -0.216 -0.214
280.940 60.00 60.1900 5.0 -0.189 -0.025
281.039 60.00 60.1900 4.7 -0.195 -0.071
281.141 60.00 60.1900 4.9 -0.189 -0.040
281.239 60.00 60.1900 4.8 -0.191 -0.057
281.341 60.00 60.1900 4.7 -0.192 -0.075
281.441 60.00 60.1900 4.7 -0.192 -0.079
281.539 60.00 60.1900 4.8 -0.188 -0.055
281.641 60.00 60.1900 4.6 -0.193 -0.096
281.740 60.00 60.1800 4.9 -0.185 -0.046
281.840 60.00 60.1800 4.8 -0.185 -0.053
281.941 60.00 60.1900 4.7 -0.188 -0.080
282.039 60.00 60.1800 4.8 -0.185 -0.068
282.142 60.00 60.1800 4.9 -0.181 -0.045
282.241 60.00 60.1800 4.7 -0.185 -0.081
282.341 60.00 60.1800 4.8 -0.182 -0.060
282.442 60.00 60.1800 4.7 -0.183 -0.072
282.540 60.00 60.1800 4.8 -0.179 -0.055
282.642 60.00 60.1700 5.0 -0.175 -0.031
282.741 60.00 60.2000 3.9 -0.200 -0.209
282.841 60.00 60.1800 4.6 -0.182 -0.088
282.942 60.00 60.1800 4.8 -0.176 -0.052
283.040 60.00 60.1700 5.1 -0.169 -0.003
283.142 60.00 60.1700 4.9 -0.174 -0.047
283.242 60.00 60.1700 5.0 -0.169 -0.024
283.342 60.00 60.1700 4.7 -0.175 -0.068
283.443 60.00 60.1700 4.7 -0.175 -0.075
283.541 60.00 60.1700 4.8 -0.172 -0.062
283.643 60.00 60.1700 4.8 -0.171 -0.058
283.742 60.00 60.1600 5.1 -0.164 -0.013
283.842 60.00 60.1600 5.2 -0.159 0.011
283.943 60.00 60.1700 4.5 -0.175 -0.107
284.041 60.00 60.1600 5.1 -0.161 -0.014
284.143 60.00 60.1600 5.0 -0.162 -0.027
284.243 60.00 60.1600 4.9 -0.163 -0.043
284.343 60.00 60.1600 5.1 -0.158 -0.015
284.444 60.00 60.1600 5.1 -0.157 -0.011
284.543 60.00 60.1600 4.9 -0.159 -0.034
284.644 60.00 60.1600 4.7 -0.164 -0.073
284.742 60.00 60.1600 5.0 -0.156 -0.024
284.844 60.00 60.1700 4.4 -0.170 -0.126
284.944 60.00 60.1600 4.7 -0.162 -0.075
285.042 60.00 60.1500 5.2 -0.151 0.001
285.144 60.00 60.1600 4.8 -0.158 -0.058
285.243 60.00 60.1500 5.0 -0.153 -0.027
285.345 60.00 60.1500 5.2 -0.147 0.006
285.445 60.00 60.1500 4.9 -0.153 -0.042
285.543 60.00 60.1600 4.6 -0.158 -0.086
285.645 60.00 60.1400 5.2 -0.145 0.007
285.744 60.00 60.1500 4.8 -0.152 -0.052
285.844 60.00 60.1500 4.8 -0.153 -0.061
285.945 60.00 60.1400 5.2 -0.142 0.006
286.043 60.00 60.1500 5.0 -0.146 -0.030
286.145 60.00 60.1500 4.9 -0.147 -0.040
286.244 60.00 60.1400 5.1 -0.142 -0.011
286.345 60.00 60.1400 5.0 -0.142 -0.013
286.446 60.00 60.1400 4.9 -0.145 -0.043
286.544 60.00 60.1600 4.3 -0.156 -0.129
286.646 60.00 60.1700 3.6 -0.173 -0.244
286.745 60.00 60.1500 4.8 -0.147 -0.062
286.845 60.00 60.1400 5.0 -0.140 -0.018
286.946 60.00 60.1400 4.9 -0.142 -0.038
287.044 60.00 60.1400 4.8 -0.143 -0.048
287.146 60.00 60.1400 4.7 -0.145 -0.065
287.245 60.00 60.1400 4.8 -0.142 -0.048
287.346 60.00 60.1400 5.0 -0.138 -0.028
287.447 60.00 60.1500 4.3 -0.153 -0.136
287.546 60.00 60.1400 4.7 -0.144 -0.076
287.647 60.00 60.1400 4.9 -0.138 -0.035
287.746 60.00 60.1400 4.6 -0.144 -0.081
287.846 60.00 60.1300 5.0 -0.135 -0.021
287.947 60.00 60.1400 4.9 -0.137 -0.043
288.046 60.00 60.1300 5.0 -0.133 -0.023
288.147 60.00 60.1300 5.1 -0.130 -0.005
288.246 60.00 60.1300 4.8 -0.135 -0.045
288.348 60.00 60.1300 4.8 -0.135 -0.052
288.447 60.00 60.1300 4.8 -0.134 -0.047
288.548 60.00 60.1300 4.8 -0.134 -0.053
288.648 60.00 60.1300 5.0 -0.128 -0.011
288.747 60.00 60.1200 5.5 -0.117 0.058
288.848 60.00 60.1300 4.7 -0.132 -0.060
288.947 60.00 60.1300 4.7 -0.132 -0.061
289.048 60.00 60.1400 4.5 -0.138 -0.105
289.148 60.00 60.1300 4.9 -0.127 -0.028
289.247 60.00 60.1400 4.4 -0.139 -0.118
289.349 60.00 60.1300 4.7 -0.132 -0.073
289.447 60.00 60.1300 4.7 -0.131 -0.067
289.549 60.00 60.1200 5.0 -0.123 -0.015
289.649 60.00 60.1300 4.8 -0.126 -0.043
289.747 60.00 60.1300 4.8 -0.127 -0.052
289.849 60.00 60.1200 4.9 -0.123 -0.029
289.948 60.00 60.1200 4.9 -0.123 -0.031
290.048 60.00 60.1200 4.9 -0.123 -0.037
290.149 60.00 60.1200 4.9 -0.121 -0.028
290.248 60.00 60.1300 4.6 -0.127 -0.075
290.348 60.00 60.1200 4.9 -0.120 -0.029
290.449 60.00 60.1300 4.6 -0.126 -0.075
290.549 60.00 60.1200 4.8 -0.121 -0.044
290.650 60.00 60.1200 4.7 -0.125 -0.072
290.749 60.00 60.1300 4.5 -0.128 -0.099
290.850 60.00 60.1200 4.7 -0.123 -0.065
290.949 60.00 60.1200 4.7 -0.122 -0.058
291.049 60.00 60.1200 4.9 -0.118 -0.038
291.150 60.00 60.1300 4.4 -0.129 -0.114
291.249 60.00 60.1200 4.7 -0.122 -0.071
291.350 60.00 60.1200 4.9 -0.117 -0.038
291.450 60.00 60.1200 4.6 -0.122 -0.073
291.550 60.00 60.1200 4.5 -0.125 -0.099
291.651 60.00 60.1300 4.2 -0.130 -0.136
291.750 60.00 60.1300 4.4 -0.127 -0.113
291.851 60.00 60.1200 4.5 -0.124 -0.094
291.950 60.00 60.1100 4.9 -0.115 -0.034
292.050 60.00 60.1300 4.4 -0.126 -0.114
292.151 60.00 60.1200 4.7 -0.118 -0.056
292.250 60.00 60.1200 4.5 -0.122 -0.090
292.351 60.00 60.1200 4.4 -0.124 -0.104
292.451 60.00 60.1200 4.5 -0.123 -0.098
292.552 60.00 60.1200 4.7 -0.118 -0.067
292.651 60.00 60.1100 4.9 -0.112 -0.025
292.751 60.00 60.1100 5.1 -0.107 0.005
292.852 60.00 60.1100 5.0 -0.109 -0.013
292.950 60.00 60.1200 4.3 -0.125 -0.133
293.052 60.00 60.1100 4.9 -0.110 -0.028
293.152 60.00 60.1200 4.6 -0.116 -0.073
293.250 60.00 60.1200 4.6 -0.118 -0.085
293.352 60.00 60.1200 4.6 -0.116 -0.077
293.452 60.00 60.1100 4.8 -0.112 -0.049
293.553 60.00 60.1100 4.9 -0.109 -0.031
293.653 60.00 60.1100 4.9 -0.108 -0.031
293.751 60.00 60.1100 4.8 -0.111 -0.053
293.853 60.00 60.1100 4.7 -0.112 -0.065
293.952 60.00 60.1100 4.8 -0.108 -0.040
294.052 60.00 60.1100 4.5 -0.114 -0.085
294.153 60.00 60.0900 5.7 -0.088 0.100
294.251 60.00 60.1100 4.7 -0.110 -0.065
294.353 60.00 60.1200 4.4 -0.117 -0.115
294.452 60.00 60.1100 4.6 -0.112 -0.084
294.553 60.00 60.1100 4.5 -0.113 -0.087
294.654 60.00 60.1100 4.6 -0.112 -0.082
294.752 60.00 60.1000 4.8 -0.105 -0.037
294.854 60.00 60.1100 4.8 -0.106 -0.047
294.953 60.00 60.1100 4.5 -0.112 -0.094
295.053 60.00 60.1100 4.7 -0.107 -0.058
295.154 60.00 60.1100 4.4 -0.114 -0.108
295.252 60.00 60.1100 4.5 -0.111 -0.090
295.354 60.00 60.1100 4.7 -0.107 -0.062
295.453 60.00 60.1100 4.7 -0.106 -0.059
295.554 60.00 60.1300 3.5 -0.134 -0.258
295.655 60.00 60.1100 4.4 -0.113 -0.101
295.754 60.00 60.1000 4.8 -0.105 -0.045
295.855 60.00 60.1100 4.3 -0.115 -0.117
295.954 60.00 60.1100 4.4 -0.113 -0.103
296.054 60.00 60.1100 4.6 -0.109 -0.080
296.155 60.00 60.1100 4.5 -0.112 -0.100
296.254 60.00 60.1100 4.4 -0.112 -0.104
296.355 60.00 60.1000 4.7 -0.105 -0.055
296.454 60.00 60.1000 4.7 -0.105 -0.052
296.556 60.00 60.1100 4.4 -0.112 -0.110
296.655 60.00 60.1100 4.5 -0.110 -0.095
296.756 60.00 60.1000 4.8 -0.103 -0.047
296.856 60.00 60.1000 4.7 -0.104 -0.052
296.954 60.00 60.1000 4.8 -0.102 -0.044
297.056 60.00 60.1000 4.7 -0.105 -0.065
297.155 60.00 60.1100 4.4 -0.110 -0.101
297.255 60.00 60.1100 4.5 -0.109 -0.099
297.356 60.00 60.0700 6.0 -0.072 0.159
297.455 60.00 60.1200 4.1 -0.116 -0.162
297.557 60.00 60.1000 4.7 -0.103 -0.063
297.656 60.00 60.1000 4.8 -0.101 -0.050
297.756 60.00 60.1000 4.6 -0.103 -0.067
297.857 60.00 60.1000 4.7 -0.102 -0.062
297.955 60.00 60.1100 4.4 -0.107 -0.102
298.057 60.00 60.1000 4.6 -0.103 -0.072
298.156 60.00 60.1000 4.6 -0.104 -0.079
298.256 60.00 60.1100 4.1 -0.113 -0.149
298.357 60.00 60.0900 5.2 -0.089 0.022
298.456 60.00 60.1000 4.6 -0.102 -0.076
298.558 60.00 60.1000 4.7 -0.101 -0.065
298.657 60.00 60.1000 4.7 -0.100 -0.059
298.757 60.00 60.1000 4.6 -0.102 -0.078
298.858 60.00 60.1000 4.6 -0.101 -0.069
298.956 60.00 60.1100 4.2 -0.109 -0.130
299.057 60.00 60.1100 4.2 -0.110 -0.137
299.157 60.00 60.1000 4.8 -0.096 -0.039
299.257 60.00 60.1100 4.2 -0.110 -0.141
299.358 60.00 60.1000 4.6 -0.100 -0.067
299.457 60.00 60.1000 4.6 -0.101 -0.075
299.558 60.00 60.1000 4.5 -0.103 -0.088
299.658 60.00 60.1100 4.1 -0.111 -0.150
299.758 60.00 60.1100 4.2 -0.110 -0.139
299.859 60.00 60.1100 4.2 -0.109 -0.133
299.958 60.00 60.1000 4.5 -0.103 -0.088
300.058 60.00 60.1000 4.5 -0.103 -0.088
300.158 60.00 60.1100 4.2 -0.111 -0.143
300.258 60.00 60.1100 4.2 -0.111 -0.145
300.359 60.00 60.1100 4.2 -0.110 -0.135
300.458 60.00 60.1600 1.9 -0.165 -0.515
300.559 60.00 60.1100 4.3 -0.110 -0.113
300.658 60.00 60.1100 4.3 -0.110 -0.115
300.760 60.00 60.1100 4.3 -0.110 -0.116
300.859 60.00 60.1400 2.8 -0.146 -0.363
300.959 60.00 60.1100 4.4 -0.109 -0.096
301.060 60.00 60.1100 4.6 -0.106 -0.076
301.158 60.00 60.1100 4.3 -0.112 -0.122
301.260 60.00 60.1100 4.4 -0.110 -0.106
301.360 60.00 60.1000 4.8 -0.102 -0.045
301.458 60.00 60.1100 4.4 -0.108 -0.096
301.560 60.00 60.1100 4.4 -0.109 -0.101
301.660 60.00 60.1100 4.2 -0.113 -0.128
301.760 60.00 60.1100 4.2 -0.114 -0.135
301.861 60.00 60.1100 4.2 -0.114 -0.138
301.959 60.00 60.1100 4.2 -0.113 -0.129
302.061 60.00 60.1200 4.1 -0.117 -0.154
302.160 60.00 60.1100 4.2 -0.115 -0.137
302.260 60.00 60.1100 4.2 -0.114 -0.133
302.361 60.00 60.1100 4.2 -0.115 -0.137
302.459 60.00 60.1100 4.3 -0.113 -0.118
302.561 60.00 60.1000 4.7 -0.103 -0.053
302.661 60.00 60.1100 4.5 -0.107 -0.084
302.761 60.00 60.1100 4.2 -0.114 -0.133
302.862 60.00 60.1100 4.3 -0.112 -0.115
302.961 60.00 60.1200 4.0 -0.118 -0.158
303.062 60.00 60.1200 4.0 -0.118 -0.157
303.161 60.00 60.1100 4.3 -0.111 -0.108
303.261 60.00 60.1100 4.3 -0.112 -0.111
303.362 60.00 60.1100 4.4 -0.109 -0.095
303.461 60.00 60.1200 4.1 -0.117 -0.147
303.562 60.00 60.1200 4.0 -0.119 -0.161
303.661 60.00 60.1200 4.1 -0.118 -0.151
303.762 60.00 60.1100 4.4 -0.111 -0.104
303.863 60.00 60.1100 4.3 -0.112 -0.111
303.962 60.00 60.1100 4.4 -0.112 -0.107
304.063 60.00 60.1200 4.0 -0.120 -0.164
304.162 60.00 60.1100 4.5 -0.110 -0.090
304.262 60.00 60.1200 4.1 -0.119 -0.155
304.363 60.00 60.1200 4.1 -0.118 -0.147
304.461 60.00 60.1200 4.0 -0.120 -0.161
304.563 60.00 60.1200 4.0 -0.121 -0.164
304.662 60.00 60.1200 4.1 -0.118 -0.142
304.764 60.00 60.1200 4.2 -0.118 -0.138
304.864 60.00 60.1500 2.9 -0.147 -0.340
304.964 60.00 60.1200 4.2 -0.119 -0.139
305.064 60.00 60.1200 4.0 -0.122 -0.158
305.162 60.00 60.1100 4.3 -0.115 -0.109
305.264 60.00 60.1100 4.4 -0.115 -0.104
305.364 60.00 60.1200 4.2 -0.118 -0.129
305.463 60.00 60.1300 3.9 -0.126 -0.184
305.564 60.00 60.1200 4.1 -0.122 -0.151
305.663 60.00 60.1200 4.3 -0.117 -0.115
305.765 60.00 60.1200 4.1 -0.121 -0.142
305.864 60.00 60.1200 4.2 -0.120 -0.134
305.964 60.00 60.1700 1.8 -0.176 -0.525
306.065 60.00 60.1200 4.2 -0.122 -0.135
306.164 60.00 60.1200 4.2 -0.121 -0.121
306.264 60.00 60.1100 4.6 -0.112 -0.062
306.364 60.00 60.1200 4.3 -0.120 -0.118
306.464 60.00 60.1200 4.0 -0.126 -0.159
306.565 60.00 60.1200 4.1 -0.123 -0.142
306.664 60.00 60.1200 4.1 -0.124 -0.148
306.765 60.00 60.1100 4.6 -0.112 -0.063
306.865 60.00 60.1300 3.8 -0.132 -0.201
306.965 60.00 60.1200 4.1 -0.124 -0.141
307.066 60.00 60.1200 4.3 -0.121 -0.118
307.165 60.00 60.1300 3.8 -0.132 -0.197
307.265 60.00 60.1300 3.9 -0.129 -0.171
307.365 60.00 60.1200 4.5 -0.117 -0.087
307.465 60.00 60.1200 4.1 -0.125 -0.144
307.566 60.00 60.1200 4.1 -0.126 -0.149
307.665 60.00 60.1300 3.8 -0.132 -0.192
307.765 60.00 60.1300 3.9 -0.131 -0.181
307.866 60.00 60.1300 4.1 -0.126 -0.147
307.966 60.00 60.1300 3.9 -0.130 -0.175
308.067 60.00 60.1300 3.9 -0.132 -0.182
308.166 60.00 60.1200 4.2 -0.123 -0.122
308.266 60.00 60.1300 4.0 -0.130 -0.164
308.366 60.00 60.1300 4.1 -0.127 -0.146
308.466 60.00 60.1300 4.0 -0.129 -0.159
308.567 60.00 60.1300 3.9 -0.133 -0.184
308.665 60.00 60.1300 4.0 -0.130 -0.157
308.767 60.00 60.1300 3.8 -0.135 -0.193
308.867 60.00 60.1300 4.0 -0.131 -0.165
308.968 60.00 60.1300 3.9 -0.134 -0.181
309.068 60.00 60.1300 4.1 -0.129 -0.143
309.166 60.00 60.1200 4.2 -0.125 -0.120
309.268 60.00 60.1300 3.9 -0.133 -0.170
309.367 60.00 60.1300 4.0 -0.131 -0.157
309.467 60.00 60.1300 3.9 -0.133 -0.170
309.568 60.00 60.1300 4.2 -0.128 -0.132
309.666 60.00 60.1300 3.9 -0.134 -0.175
309.767 60.00 60.1200 4.7 -0.117 -0.053
309.868 60.00 60.1300 4.1 -0.129 -0.143
309.968 60.00 60.1300 4.0 -0.132 -0.159
310.069 60.00 60.1500 3.2 -0.149 -0.279
310.168 60.00 60.1300 4.1 -0.130 -0.141
310.269 60.00 60.1400 3.7 -0.140 -0.206
310.368 60.00 60.1300 4.1 -0.130 -0.136
310.468 60.00 60.1400 3.8 -0.138 -0.190
310.569 60.00 60.1300 3.9 -0.135 -0.169
310.668 60.00 60.0900 5.7 -0.095 0.113
310.769 60.00 60.1300 3.9 -0.135 -0.174
310.869 60.00 60.1300 4.3 -0.127 -0.115
310.969 60.00 60.1400 3.8 -0.137 -0.192
311.070 60.00 60.1400 3.7 -0.139 -0.200
311.169 60.00 60.1300 4.0 -0.134 -0.159
311.270 60.00 60.1300 4.1 -0.132 -0.148
311.369 60.00 60.1400 3.9 -0.137 -0.181
311.469 60.00 60.1400 3.7 -0.141 -0.207
311.570 60.00 60.1400 3.9 -0.136 -0.166
311.669 60.00 60.1200 4.4 -0.126 -0.094
311.770 60.00 60.1400 3.9 -0.137 -0.173
311.869 60.00 60.1400 3.8 -0.140 -0.193
311.970 60.00 60.1400 3.7 -0.141 -0.199
312.071 60.00 60.1300 4.0 -0.134 -0.150
312.170 60.00 60.1400 3.8 -0.139 -0.182
312.271 60.00 60.1400 3.7 -0.143 -0.208
312.370 60.00 60.1400 3.8 -0.141 -0.187
312.470 60.00 60.1400 3.8 -0.141 -0.190
312.571 60.00 60.1400 3.9 -0.139 -0.171
312.670 60.00 60.1400 3.7 -0.144 -0.206
312.771 60.00 60.1600 3.0 -0.160 -0.314
312.870 60.00 60.1300 4.2 -0.134 -0.126
312.972 60.00 60.1400 3.9 -0.140 -0.169
313.072 60.00 60.1400 3.9 -0.140 -0.168
313.171 60.00 60.1500 3.6 -0.147 -0.214
313.272 60.00 60.1500 3.7 -0.146 -0.203
313.371 60.00 60.1400 3.8 -0.145 -0.190
313.472 60.00 60.1400 4.0 -0.140 -0.153
313.572 60.00 60.1500 3.6 -0.150 -0.221
313.671 60.00 60.1500 3.7 -0.147 -0.199
313.772 60.00 60.1400 3.9 -0.142 -0.163
313.871 60.00 60.1200 5.1 -0.116 0.023
313.972 60.00 60.1400 3.9 -0.141 -0.162
314.072 60.00 60.1500 3.6 -0.149 -0.218
314.173 60.00 60.1500 3.7 -0.148 -0.206
314.273 60.00 60.1500 3.7 -0.148 -0.203
314.372 60.00 60.1500 3.7 -0.149 -0.204
314.472 60.00 60.1500 3.5 -0.153 -0.235
314.572 60.00 60.1500 3.6 -0.152 -0.224
314.672 60.00 60.1500 3.5 -0.155 -0.235
314.773 60.00 60.1500 3.9 -0.146 -0.172
314.872 60.00 60.1500 3.8 -0.149 -0.188
314.973 60.00 60.1500 3.7 -0.150 -0.198
315.073 60.00 60.1600 3.5 -0.156 -0.235
315.174 60.00 60.1500 3.9 -0.148 -0.175
315.274 60.00 60.1400 4.0 -0.144 -0.147
315.373 60.00 60.1500 3.7 -0.151 -0.199
315.473 60.00 60.2000 1.4 -0.205 -0.570
315.573 60.00 60.1500 3.8 -0.153 -0.187
315.673 60.00 60.1500 3.8 -0.153 -0.187
315.774 60.00 60.1500 3.8 -0.153 -0.186
315.873 60.00 60.1500 4.1 -0.146 -0.135
315.973 60.00 60.1500 4.0 -0.148 -0.146
316.074 60.00 60.1500 3.8 -0.153 -0.183
316.174 60.00 60.1600 3.6 -0.157 -0.207
316.275 60.00 60.1400 4.5 -0.137 -0.070
316.374 60.00 60.1500 3.9 -0.152 -0.174
316.474 60.00 60.1600 3.6 -0.158 -0.220
316.574 60.00 60.1500 3.9 -0.151 -0.169
316.675 60.00 60.1500 3.9 -0.152 -0.171
316.775 60.00 60.1600 3.6 -0.157 -0.208
316.873 60.00 60.1500 3.8 -0.155 -0.190
316.975 60.00 60.1500 3.8 -0.154 -0.182
317.075 60.00 60.1500 4.0 -0.151 -0.156
317.176 60.00 60.1600 3.5 -0.161 -0.227
317.276 60.00 60.1500 4.1 -0.148 -0.136
317.374 60.00 60.1500 3.8 -0.154 -0.174
317.476 60.00 60.1500 4.1 -0.148 -0.133
317.575 60.00 60.1600 3.7 -0.157 -0.193
317.675 60.00 60.1500 3.9 -0.152 -0.163
317.776 60.00 60.1500 4.0 -0.151 -0.153
317.875 60.00 60.1400 4.5 -0.138 -0.063
317.975 60.00 60.1500 4.0 -0.151 -0.155
318.076 60.00 60.1500 4.0 -0.149 -0.142
318.176 60.00 60.1500 4.0 -0.150 -0.147
318.277 60.00 60.1600 3.7 -0.158 -0.202
318.376 60.00 60.1500 3.9 -0.151 -0.157
318.476 60.00 60.2100 1.4 -0.209 -0.560
318.576 60.00 60.1600 3.8 -0.157 -0.177
318.676 60.00 60.1500 4.0 -0.152 -0.140
318.777 60.00 60.1600 3.6 -0.161 -0.203
318.876 60.00 60.1600 3.7 -0.159 -0.192
318.976 60.00 60.1500 4.0 -0.154 -0.154
319.077 60.00 60.1500 4.0 -0.153 -0.147
319.177 60.00 60.1600 3.8 -0.157 -0.173
319.278 60.00 60.1600 3.7 -0.160 -0.196
319.377 60.00 60.1600 3.7 -0.160 -0.192
319.477 60.00 60.1600 3.7 -0.160 -0.194
319.577 60.00 60.1500 4.1 -0.151 -0.124
319.677 60.00 60.1500 4.0 -0.152 -0.138
319.778 60.00 60.1700 3.5 -0.166 -0.233
319.877 60.00 60.1500 4.0 -0.154 -0.146
319.977 60.00 60.1500 4.2 -0.150 -0.119
320.077 60.00 60.1300 5.0 -0.130 0.020
320.178 60.00 60.1700 3.4 -0.167 -0.248
320.279 60.00 60.1600 3.6 -0.161 -0.201
320.377 60.00 60.1600 3.5 -0.164 -0.223
320.479 60.00 60.1600 3.8 -0.158 -0.173
320.578 60.00 60.1500 4.0 -0.154 -0.145
320.679 60.00 60.1600 3.7 -0.160 -0.190
320.779 60.00 60.1500 3.9 -0.155 -0.153
320.877 60.00 60.1600 3.8 -0.160 -0.184
320.979 60.00 60.1600 3.7 -0.160 -0.187
321.078 60.00 60.1600 3.6 -0.163 -0.207
321.180 60.00 60.1600 3.7 -0.161 -0.191
321.280 60.00 60.1500 4.0 -0.155 -0.145
321.379 60.00 60.1600 3.8 -0.160 -0.183
321.480 60.00 60.1500 4.0 -0.155 -0.144
321.579 60.00 60.1600 3.7 -0.161 -0.190
321.679 60.00 60.1500 4.0 -0.154 -0.137
321.780 60.00 60.1500 4.1 -0.153 -0.128
321.879 60.00 60.1400 4.7 -0.139 -0.033
321.980 60.00 60.1600 3.8 -0.158 -0.172
322.079 60.00 60.1600 3.5 -0.165 -0.222
322.180 60.00 60.1600 3.7 -0.161 -0.193
322.280 60.00 60.1600 3.8 -0.159 -0.173
322.381 60.00 60.1500 4.2 -0.149 -0.101
322.481 60.00 60.1600 3.9 -0.156 -0.153
322.580 60.00 60.1500 4.0 -0.154 -0.143
322.680 60.00 60.1500 4.0 -0.155 -0.146
322.780 60.00 60.1600 3.9 -0.156 -0.159
322.881 60.00 60.1500 3.9 -0.155 -0.152
322.981 60.00 60.1600 3.9 -0.156 -0.154
323.080 60.00 60.1600 3.9 -0.157 -0.160
323.181 60.00 60.1500 3.9 -0.155 -0.152
323.281 60.00 60.1500 4.0 -0.154 -0.145
323.382 60.00 60.1500 4.0 -0.154 -0.142
323.482 60.00 60.1600 3.8 -0.159 -0.177
323.581 60.00 60.1500 4.0 -0.153 -0.135
323.681 60.00 60.1600 3.8 -0.158 -0.168
323.781 60.00 60.1600 3.8 -0.159 -0.181
323.881 60.00 60.1600 3.9 -0.156 -0.158
323.982 60.00 60.1500 4.2 -0.149 -0.107
324.081 60.00 60.1500 4.1 -0.151 -0.126
324.182 60.00 60.1500 4.1 -0.151 -0.124
324.282 60.00 60.1600 3.8 -0.157 -0.169
324.382 60.00 60.1600 3.9 -0.156 -0.160
324.483 60.00 60.1600 3.6 -0.161 -0.196
324.582 60.00 60.1500 4.2 -0.149 -0.108
324.683 60.00 60.1600 3.9 -0.156 -0.159
324.781 60.00 60.1600 3.5 -0.165 -0.220
324.883 60.00 60.1500 4.0 -0.153 -0.137
324.983 60.00 60.1600 3.5 -0.164 -0.210
325.081 60.00 60.1600 3.9 -0.157 -0.161
325.184 60.00 60.1400 4.5 -0.141 -0.050
325.283 60.00 60.1500 4.1 -0.150 -0.118
325.383 60.00 60.1600 3.6 -0.162 -0.205
325.484 60.00 60.1600 3.7 -0.160 -0.184
325.582 60.00 60.1600 3.7 -0.160 -0.187
325.684 60.00 60.1500 3.9 -0.155 -0.148
325.783 60.00 60.1600 3.7 -0.160 -0.186
325.883 60.00 60.1600 3.9 -0.157 -0.160
325.984 60.00 60.1100 5.7 -0.115 0.131
326.083 60.00 60.1500 3.9 -0.155 -0.160
326.183 60.00 60.1600 3.6 -0.161 -0.204
326.284 60.00 60.1600 3.7 -0.158 -0.180
326.384 60.00 60.1500 4.0 -0.153 -0.143
326.485 60.00 60.1400 4.4 -0.144 -0.078
326.584 60.00 60.1500 4.1 -0.148 -0.114
326.684 60.00 60.1600 3.8 -0.156 -0.170
326.784 60.00 60.1600 3.6 -0.161 -0.201
326.884 60.00 60.2100 1.6 -0.207 -0.523
326.985 60.00 60.1500 4.0 -0.153 -0.130
327.084 60.00 60.1600 3.6 -0.163 -0.199
327.184 60.00 60.1600 3.8 -0.159 -0.172
327.285 60.00 60.1600 3.6 -0.163 -0.200
327.385 60.00 60.1600 3.9 -0.156 -0.147
327.486 60.00 60.1500 3.9 -0.156 -0.145
327.585 60.00 60.1600 3.7 -0.160 -0.178
327.685 60.00 60.1500 4.0 -0.155 -0.138
327.785 60.00 60.1600 3.6 -0.164 -0.204
327.885 60.00 60.1500 4.2 -0.149 -0.095
327.986 60.00 60.1800 2.7 -0.184 -0.344
328.085 60.00 60.1600 3.8 -0.159 -0.162
328.185 60.00 60.1600 3.9 -0.156 -0.143
328.286 60.00 60.1600 3.8 -0.160 -0.172
328.386 60.00 60.1600 3.6 -0.164 -0.194
328.487 60.00 60.1200 5.3 -0.124 0.082
328.587 60.00 60.1200 5.5 -0.120 0.103
328.687 60.00 60.1600 3.6 -0.162 -0.204
328.785 60.00 60.1700 3.3 -0.167 -0.239
328.887 60.00 60.1700 3.4 -0.167 -0.233
328.987 60.00 60.1600 3.8 -0.157 -0.159
329.085 60.00 60.1600 3.9 -0.157 -0.156
329.187 60.00 60.1600 3.9 -0.157 -0.156
329.286 60.00 60.1600 3.6 -0.161 -0.189
329.387 60.00 60.1600 3.8 -0.158 -0.167
329.488 60.00 60.1600 3.9 -0.157 -0.157
329.586 60.00 60.1600 3.6 -0.163 -0.198
329.687 60.00 60.1700 3.4 -0.168 -0.230
329.787 60.00 60.1500 4.0 -0.153 -0.126
329.887 60.00 60.1500 4.0 -0.155 -0.139
329.988 60.00 60.1600 3.7 -0.160 -0.174
330.087 60.00 60.1600 3.6 -0.164 -0.200
330.188 60.00 60.1700 3.4 -0.168 -0.230
330.287 60.00 60.1600 3.6 -0.164 -0.201
330.388 60.00 60.1500 4.0 -0.155 -0.130
330.489 60.00 60.1500 4.2 -0.149 -0.095
330.588 60.00 60.1600 3.7 -0.160 -0.175
330.689 60.00 60.1600 3.6 -0.162 -0.187
330.788 60.00 60.1600 3.7 -0.160 -0.172
330.888 60.00 60.1600 3.6 -0.163 -0.191
330.989 60.00 60.1600 3.9 -0.158 -0.151
331.088 60.00 60.1600 3.8 -0.158 -0.157
331.189 60.00 60.1600 3.8 -0.158 -0.155
331.288 60.00 60.1600 3.6 -0.163 -0.188
331.389 60.00 60.1600 3.6 -0.163 -0.190
331.489 60.00 60.1600 3.6 -0.164 -0.195
331.590 60.00 60.1500 4.1 -0.152 -0.112
331.690 60.00 60.1500 4.1 -0.152 -0.108
331.789 60.00 60.1600 3.9 -0.158 -0.152
331.889 60.00 60.2100 1.7 -0.208 -0.506
331.989 60.00 60.1600 4.0 -0.157 -0.130
332.090 60.00 60.1600 3.9 -0.158 -0.144
332.190 60.00 60.1600 3.9 -0.159 -0.152
332.289 60.00 60.1500 4.1 -0.154 -0.118
332.390 60.00 60.1600 3.9 -0.159 -0.152
332.490 60.00 60.1600 3.8 -0.160 -0.156
332.592 60.00 60.1500 4.1 -0.154 -0.117
332.691 60.00 60.1500 4.0 -0.154 -0.121
332.789 60.00 60.1600 3.7 -0.161 -0.171
332.891 60.00 60.1600 3.9 -0.158 -0.150
332.990 60.00 60.1600 3.9 -0.158 -0.149
333.090 60.00 60.1500 4.1 -0.152 -0.108
333.191 60.00 60.1500 4.0 -0.154 -0.126
333.290 60.00 60.1400 4.8 -0.137 -0.003
333.390 60.00 60.1600 3.9 -0.156 -0.148
333.491 60.00 60.1600 3.8 -0.157 -0.154
333.591 60.00 60.1600 3.8 -0.159 -0.167
333.692 60.00 60.1600 3.9 -0.157 -0.149
333.791 60.00 60.1600 3.8 -0.157 -0.155
333.891 60.00 60.2200 1.2 -0.217 -0.576
333.991 60.00 60.1600 3.8 -0.160 -0.155
334.091 60.00 60.1500 4.4 -0.147 -0.065
334.192 60.00 60.1500 4.0 -0.155 -0.127
334.291 60.00 60.1500 4.0 -0.154 -0.123
334.391 60.00 60.1500 4.1 -0.151 -0.104
334.492 60.00 60.1500 4.1 -0.151 -0.104
334.592 60.00 60.1500 4.0 -0.153 -0.117
334.693 60.00 60.1500 4.3 -0.146 -0.073
334.792 60.00 60.1400 4.6 -0.138 -0.022
334.892 60.00 60.1500 4.3 -0.146 -0.079
334.992 60.00 60.1500 4.1 -0.148 -0.101
335.092 60.00 60.1500 4.1 -0.148 -0.102
335.193 60.00 60.1500 4.2 -0.146 -0.091
335.292 60.00 60.1400 4.4 -0.141 -0.060
335.392 60.00 60.1500 3.9 -0.151 -0.135
335.493 60.00 60.1400 4.3 -0.144 -0.081
335.593 60.00 60.1400 4.3 -0.142 -0.074
335.694 60.00 60.1400 4.4 -0.140 -0.062
335.793 60.00 60.1500 4.1 -0.146 -0.105
335.893 60.00 60.1500 3.9 -0.151 -0.142
335.993 60.00 60.1500 4.0 -0.147 -0.118
336.093 60.00 60.1400 4.2 -0.142 -0.085
336.194 60.00 60.1400 4.3 -0.140 -0.073
336.293 60.00 60.1700 3.0 -0.169 -0.280
336.393 60.00 60.1400 4.2 -0.142 -0.086
336.494 60.00 60.1300 4.5 -0.135 -0.037
336.595 60.00 60.1400 4.2 -0.140 -0.081
336.695 60.00 60.1400 4.3 -0.138 -0.069
336.793 60.00 60.1400 4.0 -0.144 -0.114
336.895 60.00 60.1300 4.6 -0.130 -0.019
336.993 60.00 60.1300 4.4 -0.136 -0.060
337.095 60.00 60.1500 3.9 -0.146 -0.138
337.195 60.00 60.1400 4.2 -0.140 -0.094
337.293 60.00 60.1500 3.9 -0.147 -0.144
337.395 60.00 60.2000 1.7 -0.197 -0.500
337.494 60.00 60.1300 4.5 -0.135 -0.045
337.595 60.00 60.1400 4.2 -0.141 -0.094
337.696 60.00 60.1300 4.5 -0.133 -0.038
337.795 60.00 60.1100 5.3 -0.113 0.092
337.896 60.00 60.0900 6.2 -0.091 0.235
337.995 60.00 60.1300 4.5 -0.130 -0.048
338.095 60.00 60.1800 2.1 -0.184 -0.431
338.196 60.00 60.1300 4.3 -0.133 -0.067
338.295 60.00 60.1300 4.4 -0.130 -0.049
338.395 60.00 60.1300 4.4 -0.130 -0.054
338.495 60.00 60.1300 4.4 -0.129 -0.049
338.596 60.00 60.1400 4.1 -0.137 -0.105
338.697 60.00 60.1300 4.3 -0.131 -0.068
338.797 60.00 60.1300 4.4 -0.129 -0.052
338.896 60.00 60.1200 4.6 -0.124 -0.028
338.996 60.00 60.1200 4.6 -0.122 -0.018
339.097 60.00 60.1200 4.5 -0.126 -0.046
339.196 60.00 60.1200 4.6 -0.122 -0.026
339.296 60.00 60.1300 4.3 -0.127 -0.062
339.396 60.00 60.1200 4.4 -0.125 -0.057
339.496 60.00 60.1300 4.2 -0.130 -0.094
339.598 60.00 60.1200 4.3 -0.125 -0.062
339.697 60.00 60.1200 4.6 -0.120 -0.024
339.798 60.00 60.1300 4.0 -0.133 -0.122
339.897 60.00 60.1400 3.8 -0.138 -0.159
339.997 60.00 60.1200 4.5 -0.120 -0.032
340.098 60.00 60.1200 4.5 -0.121 -0.044
340.197 60.00 60.1300 4.2 -0.127 -0.089
340.298 60.00 60.1200 4.3 -0.124 -0.069
340.398 60.00 60.1100 4.7 -0.114 -0.001
340.497 60.00 60.1100 4.7 -0.112 0.003
340.598 60.00 60.1100 4.8 -0.110 0.017
340.698 60.00 60.1000 5.0 -0.105 0.045
340.798 60.00 60.1100 4.9 -0.106 0.026
340.899 60.00 60.1200 4.3 -0.119 -0.071
340.998 60.00 60.1100 4.7 -0.110 -0.008
341.098 60.00 60.1100 4.8 -0.106 0.016
341.198 60.00 60.1100 4.5 -0.113 -0.039
341.298 60.00 60.1100 4.7 -0.107 -0.000
341.399 60.00 60.1000 4.8 -0.104 0.013
341.498 60.00 60.1100 4.4 -0.112 -0.051
341.598 60.00 60.1100 4.5 -0.110 -0.036
341.699 60.00 60.1100 4.6 -0.107 -0.023
341.799 60.00 60.1100 4.2 -0.114 -0.076
341.900 60.00 60.1100 4.4 -0.111 -0.053
341.999 60.00 60.1200 4.1 -0.118 -0.106
342.099 60.00 60.1700 2.0 -0.166 -0.445
342.199 60.00 60.1100 4.2 -0.116 -0.076
342.299 60.00 60.1100 4.5 -0.109 -0.035
342.400 60.00 60.1100 4.4 -0.112 -0.055
342.499 60.00 60.1100 4.5 -0.110 -0.043
342.599 60.00 60.1100 4.4 -0.109 -0.044
342.700 60.00 60.1100 4.3 -0.112 -0.068
342.800 60.00 60.1000 4.6 -0.106 -0.023
342.901 60.00 60.1000 4.5 -0.105 -0.026
343.000 60.00 60.1100 4.2 -0.113 -0.083
343.100 60.00 60.1100 4.3 -0.110 -0.064
343.200 60.00 60.1100 4.2 -0.112 -0.082
343.300 60.00 60.1100 4.1 -0.114 -0.098
343.401 60.00 60.1100 4.3 -0.111 -0.073
343.499 60.00 60.1000 4.7 -0.101 -0.008
343.601 60.00 60.0800 5.6 -0.080 0.138
343.701 60.00 60.1100 4.3 -0.106 -0.058
343.801 60.00 60.1100 4.2 -0.110 -0.089
343.902 60.00 60.1100 4.1 -0.110 -0.091
344.001 60.00 60.1000 4.5 -0.102 -0.036
344.101 60.00 60.1100 4.3 -0.107 -0.072
344.201 60.00 60.1000 4.3 -0.106 -0.065
344.301 60.00 60.1100 4.1 -0.109 -0.090
344.402 60.00 60.1000 4.3 -0.104 -0.058
344.501 60.00 60.1000 4.3 -0.105 -0.068
344.602 60.00 60.1200 3.5 -0.123 -0.195
344.702 60.00 60.1000 4.4 -0.103 -0.051
344.803 60.00 60.1000 4.3 -0.105 -0.069
344.902 60.00 60.1100 4.1 -0.109 -0.098
345.002 60.00 60.1000 4.3 -0.105 -0.070
345.103 60.00 60.1100 4.2 -0.107 -0.087
345.202 60.00 60.1200 3.4 -0.125 -0.212
345.303 60.00 60.1000 4.5 -0.101 -0.037
345.402 60.00 60.1000 4.4 -0.102 -0.049
345.502 60.00 60.1000 4.3 -0.105 -0.070
345.602 60.00 60.0900 4.9 -0.090 0.033
345.702 60.00 60.1100 4.1 -0.108 -0.101
345.804 60.00 60.1000 4.4 -0.101 -0.055
345.903 60.00 60.1100 4.0 -0.108 -0.107
346.003 60.00 60.1000 4.2 -0.104 -0.075
346.104 60.00 60.1000 4.2 -0.105 -0.084
346.203 60.00 60.1100 4.0 -0.109 -0.118
346.304 60.00 60.1100 4.0 -0.108 -0.109
346.403 60.00 60.1000 4.4 -0.099 -0.043
346.503 60.00 60.1000 4.3 -0.100 -0.056
346.604 60.00 60.1000 4.3 -0.102 -0.067
346.704 60.00 60.0900 4.7 -0.091 0.004
346.805 60.00 60.1000 4.2 -0.102 -0.077
346.904 60.00 60.1000 4.5 -0.096 -0.033
347.004 60.00 60.1000 4.4 -0.096 -0.040
347.105 60.00 60.1000 4.3 -0.099 -0.062
347.204 60.00 60.1000 4.1 -0.104 -0.101
347.305 60.00 60.1100 3.9 -0.109 -0.132
347.404 60.00 60.1000 4.3 -0.098 -0.055
347.504 60.00 60.1000 4.2 -0.101 -0.077
347.605 60.00 60.1100 3.8 -0.110 -0.142
347.705 60.00 60.1000 4.2 -0.101 -0.080
347.806 60.00 60.1000 4.0 -0.105 -0.111
347.905 60.00 60.1000 4.3 -0.099 -0.064
348.006 60.00 60.1000 4.4 -0.097 -0.052
348.106 60.00 60.1100 3.9 -0.106 -0.119
348.204 60.00 60.1000 4.1 -0.103 -0.098
348.306 60.00 60.1000 4.1 -0.103 -0.095
348.405 60.00 60.1000 4.2 -0.101 -0.082
348.506 60.00 60.1000 4.1 -0.102 -0.088
348.606 60.00 60.1000 4.0 -0.104 -0.105
348.705 60.00 60.1000 4.2 -0.099 -0.074
348.806 60.00 60.1100 3.6 -0.112 -0.166
348.906 60.00 60.1000 4.4 -0.096 -0.051
349.007 60.00 60.1200 3.5 -0.116 -0.190
349.107 60.00 60.1000 4.2 -0.101 -0.080
349.206 60.00 60.1200 3.5 -0.117 -0.198
349.307 60.00 60.0900 4.5 -0.094 -0.028
349.406 60.00 60.1000 4.3 -0.097 -0.053
349.506 60.00 60.1000 4.1 -0.102 -0.090
349.607 60.00 60.1000 4.0 -0.106 -0.118
349.706 60.00 60.1000 4.0 -0.105 -0.112
349.807 60.00 60.1000 4.4 -0.096 -0.047
349.907 60.00 60.1000 4.0 -0.104 -0.105
350.008 60.00 60.1000 4.2 -0.099 -0.076
350.108 60.00 60.1000 4.2 -0.101 -0.085
350.207 60.00 60.1000 4.1 -0.102 -0.093
350.308 60.00 60.1000 4.1 -0.101 -0.087
350.407 60.00 60.1000 4.2 -0.099 -0.074
350.507 60.00 60.1000 4.2 -0.098 -0.069
350.608 60.00 60.1000 4.0 -0.103 -0.108
350.707 60.00 60.1000 4.1 -0.100 -0.087
350.807 60.00 60.1000 4.1 -0.100 -0.087
350.908 60.00 60.0900 4.3 -0.095 -0.050
351.008 60.00 60.1000 4.0 -0.103 -0.109
351.109 60.00 60.0900 4.3 -0.095 -0.056
351.208 60.00 60.0900 4.6 -0.088 -0.010
351.309 60.00 60.0900 4.3 -0.095 -0.060
351.408 60.00 60.1000 4.1 -0.098 -0.085
351.508 60.00 60.1000 4.2 -0.096 -0.066
351.609 60.00 60.0700 5.2 -0.075 0.080
351.708 60.00 60.0900 4.3 -0.093 -0.059
351.808 60.00 60.1000 4.1 -0.097 -0.089
351.909 60.00 60.1000 4.0 -0.100 -0.106
352.010 60.00 60.0900 4.3 -0.092 -0.055
352.110 60.00 60.1000 4.1 -0.096 -0.084
352.209 60.00 60.0900 4.6 -0.086 -0.015
352.310 60.00 60.1200 3.2 -0.118 -0.240
352.409 60.00 60.0900 4.4 -0.091 -0.042
352.510 60.00 60.0900 4.3 -0.092 -0.056
352.609 60.00 60.0900 4.4 -0.091 -0.047
352.709 60.00 60.0900 4.4 -0.090 -0.046
352.810 60.00 60.1000 4.0 -0.099 -0.108
352.909 60.00 60.0800 4.8 -0.079 0.029
353.011 60.00 60.0900 4.4 -0.089 -0.048
353.111 60.00 60.0900 4.1 -0.094 -0.084
353.210 60.00 60.0900 4.3 -0.090 -0.053
353.311 60.00 60.0900 4.4 -0.088 -0.040
353.409 60.00 60.0900 4.3 -0.090 -0.060
353.511 60.00 60.0900 4.4 -0.088 -0.047
353.610 60.00 60.0800 4.5 -0.085 -0.029
353.710 60.00 60.0900 4.3 -0.088 -0.052
353.811 60.00 60.0900 4.2 -0.090 -0.070
353.910 60.00 60.0900 4.1 -0.094 -0.093
354.012 60.00 60.0800 4.5 -0.085 -0.032
354.112 60.00 60.0900 4.4 -0.086 -0.040
354.211 60.00 60.0900 4.3 -0.087 -0.051
354.312 60.00 60.0900 4.1 -0.092 -0.088
354.410 60.00 60.0900 4.0 -0.094 -0.105
354.512 60.00 60.0800 4.4 -0.085 -0.037
354.612 60.00 60.0900 4.3 -0.088 -0.061
354.710 60.00 60.0800 4.4 -0.085 -0.043
354.812 60.00 60.0900 4.3 -0.088 -0.062
354.911 60.00 60.0900 4.2 -0.088 -0.068
355.012 60.00 60.1200 2.9 -0.118 -0.280
355.113 60.00 60.0800 4.4 -0.085 -0.039
355.211 60.00 60.0800 4.5 -0.083 -0.025
355.313 60.00 60.0800 4.4 -0.085 -0.041
355.412 60.00 60.0800 4.4 -0.083 -0.033
355.512 60.00 60.1400 2.1 -0.137 -0.413
355.613 60.00 60.0800 4.6 -0.082 -0.012
355.712 60.00 60.0900 4.3 -0.088 -0.057
355.812 60.00 60.0400 6.2 -0.042 0.259
355.912 60.00 60.0800 4.4 -0.084 -0.045
356.013 60.00 60.0900 4.2 -0.086 -0.064
356.114 60.00 60.0800 4.4 -0.082 -0.036
356.213 60.00 60.0800 4.4 -0.082 -0.040
356.314 60.00 60.0900 4.0 -0.091 -0.105
356.413 60.00 60.0900 4.0 -0.091 -0.105
356.514 60.00 60.0800 4.2 -0.085 -0.064
356.613 60.00 60.0800 4.3 -0.085 -0.059
356.713 60.00 60.0800 4.5 -0.079 -0.018
356.814 60.00 60.0900 4.1 -0.088 -0.086
356.913 60.00 60.1000 3.6 -0.098 -0.159
357.015 60.00 60.0800 4.5 -0.080 -0.030
357.114 60.00 60.0800 4.5 -0.080 -0.030
357.214 60.00 60.0800 4.3 -0.082 -0.045
357.315 60.00 60.0800 4.3 -0.083 -0.059
357.413 60.00 60.0800 4.4 -0.081 -0.042
357.515 60.00 60.0800 4.3 -0.083 -0.058
357.614 60.00 60.0800 4.5 -0.078 -0.023
357.714 60.00 60.0800 4.2 -0.084 -0.071
357.815 60.00 60.0800 4.3 -0.081 -0.053
357.914 60.00 60.0900 4.1 -0.087 -0.092
358.015 60.00 60.0800 4.2 -0.085 -0.078
358.115 60.00 60.0900 4.1 -0.087 -0.091
358.216 60.00 60.0800 4.3 -0.081 -0.049
358.316 60.00 60.0800 4.1 -0.086 -0.085
358.415 60.00 60.1000 3.3 -0.103 -0.210
358.515 60.00 60.0700 4.7 -0.072 0.013
358.615 60.00 60.0800 4.2 -0.084 -0.071
358.715 60.00 60.0900 3.9 -0.089 -0.112
358.816 60.00 60.0800 4.5 -0.077 -0.023
358.915 60.00 60.1000 3.4 -0.103 -0.206
359.015 60.00 60.0800 4.5 -0.078 -0.026
359.116 60.00 60.0900 4.1 -0.087 -0.090
359.216 60.00 60.0800 4.1 -0.085 -0.080
359.317 60.00 60.0900 3.8 -0.092 -0.128
359.416 60.00 60.0800 4.2 -0.084 -0.074
359.516 60.00 60.0800 4.5 -0.076 -0.018
359.616 60.00 60.0800 4.3 -0.081 -0.053
359.716 60.00 60.0800 4.3 -0.080 -0.044
359.817 60.00 60.0800 4.1 -0.085 -0.084
359.916 60.00 60.0800 4.3 -0.079 -0.045
360.016 60.00 60.0700 4.6 -0.073 -0.005
360.117 60.00 60.0800 4.1 -0.085 -0.089
360.217 60.00 60.0600 4.9 -0.066 0.047
360.318 60.00 60.0800 4.3 -0.078 -0.046
360.417 60.00 60.0800 4.4 -0.077 -0.042
360.518 60.00 60.0700 4.5 -0.074 -0.024
360.616 60.00 60.0800 4.3 -0.078 -0.054
360.718 60.00 60.0800 4.4 -0.076 -0.038
360.818 60.00 60.0800 4.1 -0.082 -0.083
360.916 60.00 60.0800 4.2 -0.079 -0.063
361.018 60.00 60.0600 4.9 -0.063 0.052
361.118 60.00 60.0700 4.4 -0.074 -0.036
361.219 60.00 60.0800 4.3 -0.076 -0.048
361.319 60.00 60.0800 4.3 -0.077 -0.055
361.417 60.00 60.0800 4.2 -0.077 -0.058
361.519 60.00 60.0700 4.4 -0.073 -0.031
361.618 60.00 60.0800 4.2 -0.077 -0.065
361.718 60.00 60.0800 4.1 -0.081 -0.087
361.819 60.00 60.0800 4.0 -0.083 -0.105
361.918 60.00 60.0800 3.9 -0.085 -0.119
362.018 60.00 60.0700 4.5 -0.072 -0.024
362.119 60.00 60.0800 3.9 -0.085 -0.116
362.219 60.00 60.0800 4.1 -0.080 -0.078
362.320 60.00 60.0700 4.3 -0.075 -0.049
362.419 60.00 60.0500 5.4 -0.050 0.129
362.519 60.00 60.0800 4.0 -0.082 -0.105
362.619 60.00 60.0800 4.0 -0.081 -0.101
362.719 60.00 60.0800 4.0 -0.082 -0.103
362.820 60.00 60.0700 4.3 -0.074 -0.044
362.919 60.00 60.0700 4.4 -0.072 -0.036
363.019 60.00 60.0800 4.2 -0.076 -0.066
363.119 60.00 60.0700 4.4 -0.072 -0.036
363.220 60.00 60.0800 4.0 -0.082 -0.106
363.321 60.00 60.0700 4.6 -0.066 0.006
363.420 60.00 60.0900 3.7 -0.088 -0.149
363.520 60.00 60.0900 3.6 -0.089 -0.156
363.620 60.00 60.0700 4.5 -0.070 -0.019
363.720 60.00 60.0800 4.1 -0.079 -0.082
363.821 60.00 60.0700 4.3 -0.075 -0.056
363.920 60.00 60.0700 4.2 -0.075 -0.060
364.020 60.00 60.0700 4.2 -0.075 -0.059
364.120 60.00 60.0800 4.0 -0.080 -0.095
364.221 60.00 60.0700 4.6 -0.068 -0.007
364.322 60.00 60.0800 4.1 -0.078 -0.086
364.421 60.00 60.0700 4.5 -0.069 -0.017
364.522 60.00 60.0700 4.2 -0.075 -0.061
364.620 60.00 60.0700 4.3 -0.072 -0.043
364.722 60.00 60.0800 3.9 -0.081 -0.109
364.822 60.00 60.0700 4.3 -0.073 -0.053
364.921 60.00 60.0800 4.0 -0.080 -0.100
365.022 60.00 60.1000 3.3 -0.096 -0.215
365.121 60.00 60.0800 4.0 -0.081 -0.100
365.222 60.00 60.0700 4.6 -0.066 0.002
365.322 60.00 60.0700 4.3 -0.074 -0.055
365.423 60.00 60.0700 4.3 -0.073 -0.047
365.524 60.00 60.0800 4.2 -0.076 -0.071
365.622 60.00 60.0700 4.5 -0.067 -0.008
365.723 60.00 60.0800 4.0 -0.078 -0.090
365.822 60.00 60.0700 4.2 -0.074 -0.061
365.923 60.00 60.0700 4.2 -0.073 -0.056
366.023 60.00 60.0800 4.1 -0.077 -0.084
366.123 60.00 60.0800 4.1 -0.078 -0.087
366.224 60.00 60.0700 4.3 -0.072 -0.046
366.322 60.00 60.0700 4.5 -0.067 -0.016
366.424 60.00 60.0700 4.2 -0.073 -0.058
366.524 60.00 60.0700 4.3 -0.072 -0.050
366.622 60.00 60.0700 4.4 -0.070 -0.038
366.724 60.00 60.0700 4.1 -0.075 -0.073
366.822 60.00 60.0600 4.8 -0.061 0.026
366.924 60.00 60.0800 4.0 -0.077 -0.095
367.024 60.00 60.0700 4.4 -0.068 -0.027
367.122 60.00 60.0700 4.3 -0.069 -0.041
367.225 60.00 60.0800 4.0 -0.077 -0.096
367.323 60.00 60.0800 3.9 -0.080 -0.118
367.425 60.00 60.0700 4.3 -0.069 -0.040
367.525 60.00 60.0700 4.3 -0.071 -0.054
367.623 60.00 60.0800 3.8 -0.082 -0.129
367.725 60.00 60.0700 4.2 -0.073 -0.062
367.824 60.00 60.0700 4.2 -0.073 -0.067
367.924 60.00 60.0700 4.4 -0.068 -0.029
368.025 60.00 60.0800 3.9 -0.079 -0.107
368.125 60.00 60.0700 4.4 -0.068 -0.031
368.225 60.00 60.0800 3.8 -0.081 -0.122
368.325 60.00 60.0600 4.8 -0.059 0.031
368.426 60.00 60.0700 4.2 -0.072 -0.063
368.525 60.00 60.0700 4.2 -0.072 -0.062
368.625 60.00 60.0700 4.2 -0.073 -0.070
368.726 60.00 60.0800 4.0 -0.077 -0.101
368.824 60.00 60.0800 3.9 -0.080 -0.117
368.926 60.00 60.1200 1.9 -0.125 -0.435
369.025 60.00 60.0800 4.1 -0.076 -0.077
369.125 60.00 60.0800 4.1 -0.077 -0.078
369.226 60.00 60.0600 4.6 -0.065 0.001
369.325 60.00 60.0300 6.2 -0.027 0.265
369.427 60.00 60.0700 4.2 -0.071 -0.060
369.526 60.00 60.0600 4.5 -0.064 -0.010
369.626 60.00 60.0700 4.3 -0.069 -0.046
369.727 60.00 60.0700 4.1 -0.072 -0.071
369.825 60.00 60.0800 4.0 -0.076 -0.094
369.927 60.00 60.0700 4.3 -0.068 -0.039
370.026 60.00 60.0700 4.2 -0.072 -0.067
370.126 60.00 60.0800 4.0 -0.076 -0.099
370.227 60.00 60.0700 4.1 -0.073 -0.074
370.326 60.00 60.0800 4.0 -0.076 -0.098
370.428 60.00 60.0700 4.1 -0.073 -0.075
370.527 60.00 60.0700 4.2 -0.072 -0.067
370.627 60.00 60.0700 4.1 -0.073 -0.071
370.728 60.00 60.0700 4.3 -0.069 -0.049
370.826 60.00 60.0700 4.4 -0.067 -0.030
370.928 60.00 60.0700 4.2 -0.072 -0.068
371.028 60.00 60.0600 4.6 -0.062 0.002
371.127 60.00 60.0600 4.5 -0.063 -0.013
371.228 60.00 60.0500 5.0 -0.051 0.071
371.327 60.00 60.0700 4.3 -0.066 -0.041
371.429 60.00 60.0800 3.7 -0.080 -0.139
371.529 60.00 60.0600 4.5 -0.063 -0.015
371.627 60.00 60.0800 3.7 -0.080 -0.135
371.729 60.00 60.0700 4.0 -0.074 -0.095
371.828 60.00 60.0400 5.2 -0.045 0.110
371.929 60.00 60.0700 4.0 -0.072 -0.086
372.029 60.00 60.0700 4.1 -0.070 -0.075
372.127 60.00 60.0700 3.9 -0.075 -0.109
372.229 60.00 60.0700 4.3 -0.067 -0.045
372.328 60.00 60.0700 4.1 -0.070 -0.071
372.430 60.00 60.0700 3.9 -0.075 -0.108
372.529 60.00 60.0700 4.0 -0.073 -0.092
372.629 60.00 60.1200 2.1 -0.118 -0.404
372.730 60.00 60.0700 4.3 -0.068 -0.043
372.828 60.00 60.0700 4.1 -0.073 -0.077
372.930 60.00 60.0700 4.2 -0.070 -0.052
373.029 60.00 60.0600 4.4 -0.065 -0.024
373.128 60.00 60.0800 3.6 -0.084 -0.153
373.230 60.00 60.0700 4.2 -0.071 -0.063
373.329 60.00 60.0800 3.9 -0.077 -0.101
373.431 60.00 60.0800 3.9 -0.077 -0.103
373.530 60.00 60.0800 3.9 -0.078 -0.107
373.630 60.00 60.0700 4.2 -0.071 -0.061
373.731 60.00 60.0700 4.3 -0.068 -0.041
373.830 60.00 60.0700 4.4 -0.067 -0.032
373.931 60.00 60.0700 4.2 -0.070 -0.054
374.030 60.00 60.0600 4.4 -0.065 -0.021
374.130 60.00 60.0700 4.0 -0.074 -0.087
374.231 60.00 60.0700 4.3 -0.069 -0.049
374.330 60.00 60.0800 3.8 -0.081 -0.132
374.431 60.00 60.0700 4.3 -0.069 -0.047
374.531 60.00 60.0700 4.0 -0.075 -0.088
374.631 60.00 60.0800 3.9 -0.076 -0.101
374.732 60.00 60.0800 3.8 -0.081 -0.132
374.831 60.00 60.0500 5.0 -0.053 0.069
374.931 60.00 60.0600 4.4 -0.065 -0.024
375.031 60.00 60.0700 4.3 -0.067 -0.038
375.132 60.00 60.0700 4.2 -0.069 -0.058
375.231 60.00 60.0600 4.5 -0.063 -0.011
375.331 60.00 60.0700 4.3 -0.068 -0.047
375.432 60.00 60.0300 5.9 -0.029 0.219
375.532 60.00 60.0700 4.0 -0.072 -0.095
375.633 60.00 60.0700 4.2 -0.067 -0.060
375.732 60.00 60.0400 5.5 -0.038 0.150
375.832 60.00 60.0600 4.3 -0.063 -0.041
375.932 60.00 60.0600 4.2 -0.065 -0.050
376.032 60.00 60.0700 3.8 -0.075 -0.123
376.133 60.00 60.1100 2.1 -0.113 -0.389
376.233 60.00 60.0700 4.2 -0.068 -0.061
376.331 60.00 60.0700 3.9 -0.075 -0.111
376.434 60.00 60.0800 3.8 -0.076 -0.115
376.533 60.00 60.0700 4.2 -0.068 -0.055
376.633 60.00 60.0700 4.0 -0.073 -0.091
376.734 60.00 60.0700 4.0 -0.072 -0.084
376.833 60.00 60.0800 3.8 -0.077 -0.119
376.933 60.00 60.0700 4.1 -0.070 -0.067
377.033 60.00 60.0700 4.1 -0.070 -0.069
377.133 60.00 60.0600 4.3 -0.065 -0.033
377.234 60.00 60.0600 4.5 -0.063 -0.016
377.333 60.00 60.0600 4.3 -0.065 -0.038
377.433 60.00 60.0600 4.3 -0.065 -0.035
377.534 60.00 60.0800 3.8 -0.078 -0.129
377.635 60.00 60.0700 3.9 -0.074 -0.100
377.735 60.00 60.0700 4.2 -0.069 -0.062
377.834 60.00 60.0700 4.1 -0.070 -0.071
377.934 60.00 60.0700 4.0 -0.073 -0.093
378.034 60.00 60.0700 4.3 -0.067 -0.047
378.135 60.00 60.0700 3.9 -0.074 -0.098
378.234 60.00 60.0700 3.9 -0.075 -0.100
378.334 60.00 60.0900 3.4 -0.086 -0.182
378.434 60.00 60.0600 4.4 -0.064 -0.018
378.535 60.00 60.0600 4.3 -0.065 -0.032
378.636 60.00 60.0800 3.8 -0.077 -0.119
378.736 60.00 60.0700 4.2 -0.069 -0.055
378.835 60.00 60.0700 4.1 -0.070 -0.066
378.935 60.00 60.0600 4.4 -0.064 -0.025
379.035 60.00 60.0600 4.4 -0.064 -0.025
379.136 60.00 60.1200 1.8 -0.123 -0.439
379.235 60.00 60.0700 4.3 -0.068 -0.038
379.335 60.00 60.0700 4.4 -0.066 -0.026
379.435 60.00 60.0600 4.6 -0.060 0.010
379.536 60.00 60.0700 4.0 -0.073 -0.082
379.637 60.00 60.0700 4.0 -0.075 -0.095
379.737 60.00 60.1000 2.8 -0.101 -0.276
379.836 60.00 60.0700 4.4 -0.067 -0.029
379.936 60.00 60.0600 4.5 -0.065 -0.014
380.036 60.00 60.0700 4.0 -0.074 -0.085
380.137 60.00 60.0700 4.0 -0.074 -0.079
380.237 60.00 60.0900 3.5 -0.087 -0.171
380.335 60.00 60.0800 3.9 -0.077 -0.099
380.437 60.00 60.0700 4.2 -0.070 -0.051
380.536 60.00 60.0600 4.6 -0.061 0.016
380.638 60.00 60.0700 4.1 -0.073 -0.076
380.738 60.00 60.0700 4.3 -0.067 -0.032
380.836 60.00 60.0700 4.1 -0.072 -0.068
380.938 60.00 60.0700 4.2 -0.070 -0.053
381.037 60.00 60.0700 4.2 -0.070 -0.056
381.137 60.00 60.0700 4.2 -0.070 -0.054
381.238 60.00 60.0700 4.1 -0.073 -0.077
381.337 60.00 60.0700 4.0 -0.075 -0.092
381.438 60.00 60.0600 4.5 -0.064 -0.013
381.537 60.00 60.0700 4.2 -0.069 -0.054
381.638 60.00 60.0700 4.1 -0.072 -0.076
381.739 60.00 60.0600 4.4 -0.065 -0.024
381.838 60.00 60.0700 4.1 -0.071 -0.067
381.938 60.00 60.0800 3.5 -0.085 -0.167
382.038 60.00 60.0600 4.7 -0.059 0.022
382.138 60.00 60.0700 4.2 -0.070 -0.059
382.239 60.00 60.0700 4.1 -0.072 -0.074
382.338 60.00 60.0700 4.0 -0.072 -0.079
382.438 60.00 60.0700 4.0 -0.073 -0.082
382.538 60.00 60.0700 4.3 -0.066 -0.032
382.639 60.00 60.0700 4.3 -0.066 -0.035
382.739 60.00 60.0700 4.2 -0.069 -0.059
382.840 60.00 60.0600 4.3 -0.065 -0.032
382.939 60.00 60.0700 3.9 -0.075 -0.098
383.039 60.00 60.0700 4.0 -0.072 -0.078
383.139 60.00 60.0700 4.2 -0.069 -0.057
383.239 60.00 60.0800 3.8 -0.077 -0.117
383.340 60.00 60.0700 4.2 -0.068 -0.053
383.439 60.00 60.0800 3.8 -0.077 -0.113
383.539 60.00 60.0800 3.6 -0.082 -0.147
383.640 60.00 60.0700 4.0 -0.073 -0.077
383.740 60.00 60.0700 4.1 -0.071 -0.068
383.841 60.00 60.0800 3.7 -0.080 -0.131
383.940 60.00 60.0700 4.3 -0.067 -0.039
384.040 60.00 60.0700 4.0 -0.074 -0.086
384.140 60.00 60.0700 4.1 -0.071 -0.062
384.240 60.00 60.0700 4.2 -0.069 -0.051
384.341 60.00 60.0800 3.8 -0.078 -0.113
384.441 60.00 60.1000 3.0 -0.098 -0.254
384.539 60.00 60.0700 4.3 -0.069 -0.042
384.642 60.00 60.0800 3.8 -0.079 -0.112
384.740 60.00 60.0800 3.9 -0.078 -0.104
384.841 60.00 60.0800 3.8 -0.080 -0.118
384.942 60.00 60.0700 4.4 -0.066 -0.017
385.040 60.00 60.0900 3.2 -0.093 -0.210
385.141 60.00 60.0500 5.0 -0.052 0.086
385.241 60.00 60.0800 3.7 -0.082 -0.135
385.341 60.00 60.0700 4.2 -0.070 -0.050
385.442 60.00 60.0800 3.9 -0.077 -0.096
385.541 60.00 60.1000 3.1 -0.096 -0.226
385.641 60.00 60.0600 4.5 -0.065 -0.006
385.742 60.00 60.0700 4.2 -0.070 -0.043
385.843 60.00 60.0800 4.0 -0.077 -0.091
385.943 60.00 60.0800 3.8 -0.080 -0.112
386.042 60.00 60.0800 3.9 -0.077 -0.094
386.142 60.00 60.0700 4.3 -0.069 -0.034
386.242 60.00 60.0700 4.3 -0.069 -0.038
386.343 60.00 60.1200 1.8 -0.126 -0.434
386.443 60.00 60.0700 4.3 -0.071 -0.034
386.542 60.00 60.0700 4.2 -0.072 -0.047
386.642 60.00 60.0800 4.0 -0.078 -0.089
386.743 60.00 60.0800 3.8 -0.083 -0.120
386.844 60.00 60.0700 4.1 -0.074 -0.060
386.943 60.00 60.0800 4.0 -0.077 -0.082
387.043 60.00 60.0700 4.1 -0.075 -0.064
387.144 60.00 60.0800 3.9 -0.080 -0.102
387.242 60.00 60.0800 4.0 -0.078 -0.084
387.344 60.00 60.0800 4.0 -0.078 -0.086
387.443 60.00 60.0700 4.1 -0.074 -0.059
387.543 60.00 60.0800 3.9 -0.081 -0.105
387.644 60.00 60.0600 4.9 -0.056 0.067
387.743 60.00 60.0700 4.2 -0.073 -0.053
387.845 60.00 60.0700 4.3 -0.070 -0.039
387.944 60.00 60.0800 3.7 -0.082 -0.125
388.044 60.00 60.0800 4.0 -0.078 -0.090
388.145 60.00 60.1300 1.7 -0.130 -0.456
388.244 60.00 60.0800 4.1 -0.076 -0.063
388.345 60.00 60.0700 4.5 -0.067 -0.002
388.445 60.00 60.0800 4.0 -0.079 -0.088
388.544 60.00 60.0700 4.3 -0.072 -0.039
388.644 60.00 60.0700 4.2 -0.074 -0.049
388.744 60.00 60.0800 3.9 -0.079 -0.091
388.846 60.00 60.0700 4.1 -0.075 -0.062
388.946 60.00 60.0700 4.3 -0.072 -0.039
389.045 60.00 60.0900 3.6 -0.088 -0.151
389.145 60.00 60.0800 3.9 -0.081 -0.097
389.245 60.00 60.0800 4.0 -0.078 -0.078
389.346 60.00 60.0800 3.8 -0.082 -0.110
389.446 60.00 60.0800 3.8 -0.083 -0.111
389.545 60.00 60.0800 3.7 -0.085 -0.124
389.645 60.00 60.0800 3.8 -0.083 -0.110
389.745 60.00 60.0700 4.4 -0.070 -0.014
389.846 60.00 60.0800 4.0 -0.080 -0.087
389.947 60.00 60.0800 4.0 -0.078 -0.073
390.046 60.00 60.0800 4.0 -0.079 -0.080
390.146 60.00 60.0700 4.2 -0.074 -0.047
390.246 60.00 60.0800 3.8 -0.083 -0.115
390.347 60.00 60.0800 4.0 -0.079 -0.080
390.447 60.00 60.0800 3.8 -0.083 -0.112
390.546 60.00 60.0800 4.1 -0.077 -0.065
390.646 60.00 60.0700 4.3 -0.072 -0.031
390.746 60.00 60.0800 3.8 -0.082 -0.107
390.847 60.00 60.0800 4.0 -0.079 -0.079
390.947 60.00 60.0800 4.0 -0.080 -0.089
391.048 60.00 60.0800 4.0 -0.078 -0.071
391.147 60.00 60.0800 4.0 -0.079 -0.083
391.247 60.00 60.0800 4.1 -0.077 -0.065
391.347 60.00 60.0900 3.4 -0.092 -0.172
391.447 60.00 60.0800 4.0 -0.080 -0.088
391.548 60.00 60.0700 4.2 -0.075 -0.050
391.647 60.00 60.0700 4.2 -0.075 -0.047
391.747 60.00 60.0800 4.1 -0.076 -0.058
391.849 60.00 60.0800 4.0 -0.080 -0.085
391.947 60.00 60.0800 4.1 -0.076 -0.062
392.049 60.00 60.0700 4.4 -0.070 -0.022
392.148 60.00 60.0800 4.0 -0.078 -0.074
392.248 60.00 60.0800 4.1 -0.076 -0.066
392.349 60.00 60.0700 4.2 -0.072 -0.039
392.448 60.00 60.0800 4.1 -0.076 -0.068
392.548 60.00 60.0700 4.2 -0.073 -0.047
392.649 60.00 60.0600 4.6 -0.064 0.018
392.748 60.00 60.0700 4.5 -0.066 -0.004
392.848 60.00 60.0700 4.3 -0.070 -0.035
392.949 60.00 60.0800 4.0 -0.076 -0.078
393.049 60.00 60.0700 4.2 -0.072 -0.046
393.150 60.00 60.0600 4.5 -0.065 0.003
393.249 60.00 60.0600 4.5 -0.065 -0.003
393.349 60.00 60.0700 4.0 -0.075 -0.077
393.449 60.00 60.0700 4.4 -0.067 -0.017
393.550 60.00 60.0700 4.4 -0.066 -0.016
393.650 60.00 60.0900 3.4 -0.088 -0.171
393.749 60.00 60.0700 4.0 -0.075 -0.077
393.849 60.00 60.0700 4.1 -0.073 -0.062
393.950 60.00 60.0700 4.1 -0.073 -0.061
394.051 60.00 60.0700 4.2 -0.071 -0.050
394.150 60.00 60.0600 4.4 -0.066 -0.013
394.250 60.00 60.0500 4.8 -0.055 0.059
394.350 60.00 60.0700 4.0 -0.073 -0.076
394.450 60.00 60.0800 3.9 -0.076 -0.096
394.551 60.00 60.0600 4.5 -0.062 0.002
394.650 60.00 60.0600 4.4 -0.063 -0.009
394.750 60.00 60.0700 4.2 -0.068 -0.041
394.850 60.00 60.0600 4.3 -0.066 -0.028
394.951 60.00 60.0600 4.4 -0.063 -0.009
395.052 60.00 60.0600 4.4 -0.062 -0.011
395.151 60.00 60.0600 4.5 -0.061 -0.004
395.251 60.00 60.0600 4.6 -0.058 0.015
395.351 60.00 60.1100 2.1 -0.114 -0.380
395.451 60.00 60.0600 4.6 -0.059 0.020
395.552 60.00 60.0700 4.0 -0.072 -0.080
395.651 60.00 60.0700 3.9 -0.073 -0.086
395.751 60.00 60.0500 4.7 -0.055 0.043
395.851 60.00 60.0600 4.4 -0.061 -0.007
395.952 60.00 60.0600 4.4 -0.062 -0.016
396.053 60.00 60.0600 4.5 -0.060 -0.002
396.152 60.00 60.0700 4.0 -0.070 -0.072
396.252 60.00 60.0600 4.3 -0.062 -0.020
396.353 60.00 60.0500 4.7 -0.055 0.029
396.452 60.00 60.0600 4.6 -0.056 0.018
396.552 60.00 60.0600 4.5 -0.058 -0.001
396.653 60.00 60.0600 4.1 -0.066 -0.057
396.751 60.00 60.0600 4.2 -0.064 -0.045
396.853 60.00 60.0600 4.2 -0.064 -0.046
396.952 60.00 60.0700 4.0 -0.069 -0.085
397.053 60.00 60.0700 4.0 -0.068 -0.075
397.154 60.00 60.0700 3.9 -0.071 -0.095
397.253 60.00 60.1300 1.2 -0.132 -0.524
397.353 60.00 60.0600 4.5 -0.060 0.004
397.453 60.00 60.0600 4.3 -0.065 -0.033
397.553 60.00 60.0500 4.8 -0.051 0.061
397.654 60.00 60.0600 4.6 -0.056 0.016
397.753 60.00 60.0600 4.5 -0.057 0.008
397.853 60.00 60.0600 4.3 -0.061 -0.024
397.953 60.00 60.0600 4.5 -0.058 -0.002
398.054 60.00 60.0600 4.5 -0.057 0.003
398.155 60.00 60.0400 5.0 -0.045 0.084
398.254 60.00 60.0600 4.3 -0.059 -0.019
398.354 60.00 60.0600 4.3 -0.060 -0.029
398.454 60.00 60.0500 4.6 -0.053 0.017
398.554 60.00 60.0600 4.3 -0.058 -0.025
398.655 60.00 60.0600 4.3 -0.057 -0.019
398.754 60.00 60.0600 4.0 -0.064 -0.071
398.854 60.00 60.0300 5.6 -0.029 0.180
398.954 60.00 60.0500 4.4 -0.055 -0.014
399.056 60.00 60.0800 3.2 -0.081 -0.199
399.155 60.00 60.0500 4.6 -0.051 0.016
399.256 60.00 60.0500 4.5 -0.052 0.008
399.355 60.00 60.0600 4.2 -0.059 -0.042
399.455 60.00 60.0600 4.0 -0.063 -0.077
399.556 60.00 60.0600 4.1 -0.061 -0.057
399.655 60.00 60.0600 4.2 -0.059 -0.045
399.756 60.00 60.0600 4.2 -0.059 -0.048
399.855 60.00 60.0600 4.1 -0.060 -0.052
399.955 60.00 60.0500 4.4 -0.053 -0.003
400.057 60.00 60.0600 4.2 -0.058 -0.042
400.156 60.00 60.0700 3.9 -0.066 -0.098
400.257 60.00 60.0500 4.4 -0.053 -0.004
400.357 60.00 60.0500 4.3 -0.056 -0.028
400.455 60.00 60.0500 4.3 -0.055 -0.026
400.557 60.00 60.0600 4.2 -0.057 -0.041
400.656 60.00 60.0600 4.2 -0.057 -0.040
400.756 60.00 60.0700 3.7 -0.069 -0.126
400.857 60.00 60.0600 4.2 -0.056 -0.034
400.956 60.00 60.0500 4.3 -0.055 -0.026
401.058 60.00 60.0500 4.4 -0.052 -0.005
401.157 60.00 60.0500 4.3 -0.055 -0.029
401.257 60.00 60.0500 4.3 -0.055 -0.032
401.358 60.00 60.0600 3.9 -0.063 -0.091
401.456 60.00 60.0500 4.3 -0.055 -0.032
401.558 60.00 60.0500 4.5 -0.049 0.010
401.657 60.00 60.0500 4.4 -0.051 -0.007
401.757 60.00 60.0600 4.1 -0.057 -0.053
401.858 60.00 60.0500 4.5 -0.050 0.000
401.957 60.00 60.0500 4.2 -0.055 -0.041
402.057 60.00 60.0500 4.3 -0.054 -0.031
402.158 60.00 60.0500 4.4 -0.051 -0.013
402.258 60.00 60.0500 4.2 -0.054 -0.038
402.359 60.00 60.0600 4.1 -0.056 -0.051
402.458 60.00 60.0400 4.9 -0.039 0.067
402.558 60.00 60.0500 4.4 -0.049 -0.010
402.658 60.00 60.0500 4.4 -0.049 -0.013
402.759 60.00 60.0600 4.0 -0.058 -0.078
402.859 60.00 60.0500 4.3 -0.051 -0.022
402.958 60.00 60.0500 4.4 -0.049 -0.015
403.058 60.00 60.0600 4.1 -0.056 -0.062
403.159 60.00 60.0500 4.4 -0.047 -0.003
403.260 60.00 60.0800 2.9 -0.082 -0.247
403.359 60.00 60.0600 3.9 -0.061 -0.095
403.459 60.00 60.0500 4.4 -0.049 -0.006
403.559 60.00 60.0600 4.1 -0.056 -0.059
403.659 60.00 60.0300 5.0 -0.035 0.087
403.760 60.00 60.0500 4.1 -0.054 -0.050
403.859 60.00 60.0500 4.5 -0.046 0.003
403.959 60.00 60.0600 4.0 -0.058 -0.078
404.059 60.00 60.0600 4.0 -0.057 -0.074
404.160 60.00 60.0600 3.9 -0.060 -0.092
404.261 60.00 60.0600 4.0 -0.058 -0.073
404.361 60.00 60.0600 4.1 -0.056 -0.061
404.459 60.00 60.0400 4.7 -0.041 0.040
404.561 60.00 60.0500 4.2 -0.052 -0.037
404.660 60.00 60.0500 4.4 -0.047 -0.007
404.760 60.00 60.0600 3.7 -0.063 -0.117
404.861 60.00 60.0600 4.0 -0.057 -0.074
404.960 60.00 60.0500 4.2 -0.051 -0.033
405.060 60.00 60.0800 2.9 -0.082 -0.248
405.161 60.00 60.0500 4.4 -0.049 -0.010
405.261 60.00 60.0600 3.9 -0.059 -0.082
405.362 60.00 60.0500 4.1 -0.055 -0.053
405.461 60.00 60.0500 4.4 -0.048 -0.005
405.561 60.00 60.0500 4.4 -0.049 -0.010
405.661 60.00 60.0600 3.9 -0.060 -0.092
405.762 60.00 60.0600 3.7 -0.065 -0.121
405.861 60.00 60.0600 4.1 -0.056 -0.057
405.961 60.00 60.0500 4.2 -0.054 -0.043
406.061 60.00 60.0300 5.4 -0.026 0.151
406.161 60.00 60.0600 3.9 -0.058 -0.083
406.263 60.00 60.0600 3.7 -0.064 -0.122
406.363 60.00 60.0500 4.5 -0.046 0.005
406.462 60.00 60.0600 4.0 -0.057 -0.071
406.562 60.00 60.0600 3.9 -0.059 -0.088
406.662 60.00 60.0600 3.8 -0.061 -0.102
406.763 60.00 60.0500 4.2 -0.053 -0.040
406.862 60.00 60.0500 4.3 -0.051 -0.024
406.962 60.00 60.0600 4.0 -0.057 -0.071
407.062 60.00 60.0600 3.9 -0.060 -0.091
407.162 60.00 60.0500 4.1 -0.056 -0.059
407.264 60.00 60.0700 3.5 -0.068 -0.147
407.363 60.00 60.0600 3.8 -0.063 -0.104
407.463 60.00 60.0600 3.7 -0.066 -0.122
407.563 60.00 60.0700 3.6 -0.068 -0.135
407.663 60.00 60.0700 3.5 -0.071 -0.157
407.763 60.00 60.0500 4.2 -0.055 -0.041
407.864 60.00 60.0600 3.8 -0.063 -0.097
407.963 60.00 60.0600 4.2 -0.056 -0.043
408.063 60.00 60.0600 3.9 -0.061 -0.082
408.163 60.00 60.0500 4.2 -0.054 -0.030
408.266 60.00 60.0600 3.9 -0.063 -0.096
408.364 60.00 60.0600 4.0 -0.059 -0.065
408.464 60.00 60.0700 3.7 -0.066 -0.115
408.565 60.00 60.0700 3.7 -0.067 -0.117
408.664 60.00 60.0700 3.6 -0.070 -0.135
408.765 60.00 60.0600 4.0 -0.060 -0.064
408.864 60.00 60.0600 4.1 -0.059 -0.057
408.964 60.00 60.0600 3.9 -0.064 -0.090
409.065 60.00 60.0600 3.8 -0.065 -0.095
409.164 60.00 60.0600 3.9 -0.064 -0.085
409.265 60.00 60.0700 3.8 -0.066 -0.100
409.365 60.00 60.0600 4.0 -0.061 -0.064
409.466 60.00 60.0600 4.1 -0.060 -0.054
409.565 60.00 60.0700 3.8 -0.066 -0.098
409.665 60.00 60.0600 4.1 -0.060 -0.057
409.765 60.00 60.0600 4.1 -0.060 -0.052
409.865 60.00 60.0600 3.9 -0.064 -0.087
409.966 60.00 60.0700 3.8 -0.067 -0.103
410.065 60.00 60.0600 4.2 -0.058 -0.039
410.165 60.00 60.0600 4.1 -0.060 -0.054
410.267 60.00 60.0600 4.0 -0.061 -0.062
410.366 60.00 60.0600 3.9 -0.065 -0.086
410.467 60.00 60.0700 3.9 -0.066 -0.094
410.566 60.00 60.0600 4.1 -0.061 -0.059
410.666 60.00 60.0600 4.2 -0.058 -0.041
410.767 60.00 60.0700 3.8 -0.066 -0.095
410.865 60.00 60.0600 4.1 -0.059 -0.047
410.967 60.00 60.0600 4.3 -0.056 -0.026
411.066 60.00 60.0700 3.8 -0.067 -0.101
411.166 60.00 60.0400 4.8 -0.044 0.062
411.267 60.00 60.0800 3.0 -0.084 -0.226
411.367 60.00 60.0600 4.0 -0.063 -0.073
411.468 60.00 60.0600 4.0 -0.062 -0.067
411.567 60.00 60.0700 3.9 -0.066 -0.090
411.667 60.00 60.0600 4.2 -0.058 -0.034
411.768 60.00 60.0600 4.0 -0.062 -0.065
411.867 60.00 60.0600 4.2 -0.057 -0.030
411.968 60.00 60.0600 4.0 -0.062 -0.062
412.067 60.00 60.0800 3.1 -0.082 -0.208
412.167 60.00 60.0700 3.8 -0.067 -0.097
412.269 60.00 60.0700 3.9 -0.067 -0.092
412.368 60.00 60.0600 4.2 -0.060 -0.041
412.468 60.00 60.0700 3.9 -0.066 -0.082
412.569 60.00 60.0600 4.2 -0.060 -0.039
412.668 60.00 60.0500 4.4 -0.054 -0.002
412.769 60.00 60.0600 4.3 -0.057 -0.023
412.868 60.00 60.0300 5.5 -0.029 0.173
412.968 60.00 60.0600 4.1 -0.060 -0.058
413.069 60.00 60.0500 4.3 -0.055 -0.023
413.168 60.00 60.0600 4.1 -0.058 -0.047
413.268 60.00 60.0400 4.7 -0.044 0.052
413.369 60.00 60.0600 4.0 -0.060 -0.062
413.470 60.00 60.0500 4.6 -0.046 0.036
413.570 60.00 60.0200 5.6 -0.023 0.191
413.669 60.00 60.0600 3.9 -0.062 -0.090
413.769 60.00 60.0600 3.7 -0.066 -0.116
413.869 60.00 60.0600 3.8 -0.065 -0.107
413.970 60.00 60.0600 3.8 -0.063 -0.093
414.069 60.00 60.0700 3.4 -0.073 -0.161
414.169 60.00 60.0600 3.8 -0.064 -0.093
414.269 60.00 60.0600 4.1 -0.058 -0.053
414.369 60.00 60.0600 4.2 -0.056 -0.039
414.471 60.00 60.0500 4.3 -0.053 -0.016
414.570 60.00 60.0600 3.9 -0.062 -0.081
414.670 60.00 60.0600 3.8 -0.066 -0.106
414.770 60.00 60.0600 3.8 -0.064 -0.095
414.870 60.00 60.0500 4.2 -0.055 -0.031
414.971 60.00 60.0600 4.1 -0.057 -0.046
415.070 60.00 60.0600 4.0 -0.060 -0.067
415.170 60.00 60.0600 4.1 -0.059 -0.057
415.270 60.00 60.0600 4.2 -0.057 -0.043
415.370 60.00 60.1000 2.2 -0.102 -0.358
415.472 60.00 60.0500 4.3 -0.054 -0.013
415.571 60.00 60.0600 4.0 -0.061 -0.060
415.671 60.00 60.0600 4.2 -0.057 -0.036
415.771 60.00 60.0600 4.2 -0.056 -0.031
415.871 60.00 60.0600 4.2 -0.056 -0.029
415.972 60.00 60.0500 4.4 -0.052 -0.002
416.071 60.00 60.0600 4.1 -0.058 -0.050
416.171 60.00 60.0600 4.1 -0.059 -0.056
416.272 60.00 60.0500 4.5 -0.048 0.023
416.371 60.00 60.0500 4.4 -0.051 -0.004
416.473 60.00 60.0400 4.6 -0.045 0.036
416.572 60.00 60.0600 4.1 -0.057 -0.049
416.672 60.00 60.0500 4.5 -0.049 0.006
416.773 60.00 60.0500 4.5 -0.048 0.010
416.872 60.00 60.0500 4.3 -0.052 -0.021
416.972 60.00 60.0500 4.4 -0.048 0.005
417.072 60.00 60.0500 4.3 -0.050 -0.014
417.173 60.00 60.0400 4.5 -0.045 0.021
417.272 60.00 60.0500 4.4 -0.048 -0.007
417.372 60.00 60.0500 4.3 -0.050 -0.017
417.473 60.00 60.0400 4.6 -0.043 0.030
417.573 60.00 60.0400 4.5 -0.046 0.007
417.674 60.00 60.0500 4.3 -0.048 -0.016
417.773 60.00 60.0500 4.2 -0.051 -0.035
417.873 60.00 60.0500 4.3 -0.047 -0.012
417.974 60.00 60.0500 4.3 -0.048 -0.018
418.073 60.00 60.0400 4.5 -0.042 0.024
418.174 60.00 60.0300 5.0 -0.031 0.099
418.273 60.00 60.0400 4.4 -0.045 -0.008
418.373 60.00 60.0600 3.6 -0.063 -0.137
418.475 60.00 60.0400 4.5 -0.043 0.009
418.574 60.00 60.0400 4.4 -0.044 -0.003
418.675 60.00 60.0400 4.4 -0.044 -0.006
418.774 60.00 60.1000 2.1 -0.097 -0.375
418.874 60.00 60.0400 4.7 -0.038 0.049
418.975 60.00 60.0000 6.1 -0.005 0.281
419.074 60.00 60.0500 4.3 -0.046 -0.022
419.175 60.00 60.0400 4.4 -0.043 -0.004
419.274 60.00 60.0400 4.5 -0.040 0.014
419.374 60.00 60.0400 4.5 -0.041 0.008
419.475 60.00 60.0400 4.4 -0.041 0.004
419.575 60.00 60.0400 4.3 -0.043 -0.016
419.676 60.00 60.0400 4.4 -0.040 0.005
419.775 60.00 60.0300 4.6 -0.035 0.037
419.875 60.00 60.0400 4.6 -0.036 0.029
419.976 60.00 60.0200 5.2 -0.020 0.137
420.075 60.00 60.0500 3.9 -0.050 -0.080
420.176 60.00 60.0400 4.3 -0.042 -0.023
420.276 60.00 60.0400 4.5 -0.037 0.014
420.374 60.00 60.0400 4.3 -0.040 -0.012
420.476 60.00 60.0400 4.2 -0.043 -0.038
420.576 60.00 60.0300 4.6 -0.034 0.029
420.676 60.00 60.0400 4.2 -0.041 -0.023
420.777 60.00 60.0300 4.6 -0.033 0.032
420.876 60.00 60.0400 4.3 -0.039 -0.013
420.976 60.00 60.0900 2.2 -0.088 -0.361
421.076 60.00 60.0300 4.6 -0.033 0.039
421.177 60.00 60.0300 4.5 -0.035 0.023
421.276 60.00 60.0300 4.6 -0.033 0.030
421.376 60.00 60.0400 4.2 -0.042 -0.036
421.476 60.00 60.0300 4.6 -0.033 0.030
421.577 60.00 60.0300 4.5 -0.034 0.021
421.678 60.00 60.0400 4.3 -0.039 -0.018
421.777 60.00 60.0300 4.5 -0.034 0.016
421.877 60.00 60.0300 4.6 -0.032 0.030
421.977 60.00 60.0300 4.5 -0.032 0.022
422.077 60.00 60.0400 4.4 -0.036 -0.006
422.178 60.00 60.0400 4.3 -0.038 -0.019
422.277 60.00 60.0300 4.5 -0.032 0.017
422.377 60.00 60.0300 4.5 -0.032 0.014
422.477 60.00 60.0300 4.4 -0.034 0.002
422.577 60.00 60.0300 4.7 -0.027 0.044
422.679 60.00 60.0800 2.1 -0.085 -0.364
422.778 60.00 60.0400 4.4 -0.036 -0.006
422.878 60.00 60.0300 4.5 -0.033 0.012
422.978 60.00 60.0300 4.7 -0.029 0.043
423.078 60.00 60.0400 4.2 -0.038 -0.028
423.179 60.00 60.0300 4.4 -0.034 0.002
423.278 60.00 60.0400 4.2 -0.038 -0.027
423.378 60.00 60.0400 4.3 -0.037 -0.019
423.478 60.00 60.0300 4.5 -0.032 0.009
423.578 60.00 60.0300 4.6 -0.029 0.029
423.680 60.00 60.0300 4.7 -0.026 0.050
423.779 60.00 60.0300 4.6 -0.027 0.035
423.879 60.00 60.0300 4.5 -0.029 0.018
423.979 60.00 60.0200 4.8 -0.022 0.067
424.079 60.00 60.0900 1.9 -0.088 -0.401
424.180 60.00 60.0300 4.7 -0.027 0.044
424.280 60.00 60.0300 4.3 -0.035 -0.014
424.379 60.00 60.0300 4.5 -0.029 0.024
424.480 60.00 60.0300 4.6 -0.027 0.037
424.579 60.00 60.0300 4.6 -0.026 0.040
424.681 60.00 60.0300 4.4 -0.031 0.004
424.780 60.00 60.0300 4.6 -0.026 0.036
424.880 60.00 60.0400 4.0 -0.040 -0.069
424.981 60.00 60.0300 4.3 -0.032 -0.010
425.080 60.00 60.0200 4.6 -0.026 0.036
425.180 60.00 60.0200 5.0 -0.017 0.091
425.280 60.00 60.0300 4.4 -0.029 0.002
425.381 60.00 60.0200 4.6 -0.025 0.029
425.480 60.00 60.0200 4.5 -0.025 0.024
425.580 60.00 60.0200 4.6 -0.025 0.028
425.681 60.00 60.0200 4.7 -0.021 0.048
425.781 60.00 60.0300 4.4 -0.027 0.004
425.882 60.00 59.9600 7.1 0.035 0.437
425.981 60.00 60.0200 4.5 -0.021 0.026
426.081 60.00 60.0200 4.6 -0.020 0.029
426.182 60.00 60.0200 4.5 -0.022 0.014
426.280 60.00 60.0400 3.6 -0.042 -0.126
426.382 60.00 60.0400 3.5 -0.044 -0.142
426.481 60.00 60.0200 4.4 -0.026 -0.005
426.581 60.00 60.0300 4.3 -0.026 -0.011
426.683 60.00 60.0300 3.9 -0.035 -0.074
426.782 60.00 60.0200 4.5 -0.023 0.016
426.883 60.00 60.0200 4.6 -0.019 0.038
426.982 60.00 60.0200 4.6 -0.020 0.027
427.082 60.00 60.0200 4.5 -0.021 0.020
427.183 60.00 60.0200 4.5 -0.022 0.010
427.282 60.00 60.0300 4.2 -0.027 -0.025
427.383 60.00 60.0300 4.2 -0.028 -0.032
427.482 60.00 60.0200 4.4 -0.024 -0.001
427.582 60.00 60.0200 4.5 -0.020 0.024
427.684 60.00 60.0500 3.2 -0.050 -0.189
427.783 60.00 60.0200 4.6 -0.020 0.027
427.884 60.00 60.0100 4.8 -0.014 0.068
427.983 60.00 60.0500 3.2 -0.049 -0.185
428.083 60.00 60.0200 4.7 -0.016 0.057
428.184 60.00 60.0700 2.3 -0.071 -0.336
428.283 60.00 59.9900 6.1 0.014 0.274
428.383 60.00 60.0200 4.7 -0.017 0.044
428.484 60.00 60.0300 4.2 -0.028 -0.038
428.582 60.00 60.0200 4.5 -0.020 0.023
428.684 60.00 60.0300 4.2 -0.028 -0.039
428.784 60.00 60.0100 4.8 -0.013 0.066
428.884 60.00 60.0200 4.5 -0.019 0.023
428.985 60.00 60.0200 4.4 -0.023 -0.004
429.083 60.00 60.0200 4.4 -0.021 0.008
429.184 60.00 60.0200 4.6 -0.017 0.034
429.284 60.00 60.0100 4.9 -0.010 0.077
429.384 60.00 60.0100 4.9 -0.009 0.079
429.485 60.00 60.0100 4.8 -0.010 0.069
429.584 60.00 60.0200 4.4 -0.020 -0.004
429.684 60.00 60.0100 4.8 -0.010 0.065
429.785 60.00 60.0100 4.6 -0.014 0.032
429.885 60.00 60.0200 4.5 -0.016 0.018
429.986 60.00 60.0200 4.3 -0.021 -0.018
430.085 60.00 60.0100 4.7 -0.010 0.055
430.185 60.00 60.0200 4.4 -0.018 -0.003
430.285 60.00 60.0200 4.2 -0.022 -0.028
430.386 60.00 60.0100 4.5 -0.015 0.017
430.485 60.00 60.0200 4.3 -0.019 -0.013
430.585 60.00 60.0100 4.5 -0.015 0.014
430.685 60.00 60.0400 3.5 -0.038 -0.147
430.786 60.00 60.0100 4.8 -0.008 0.070
430.887 60.00 60.0100 4.7 -0.010 0.054
430.986 60.00 60.0100 4.7 -0.010 0.052
431.086 60.00 60.0100 4.7 -0.008 0.057
431.187 60.00 60.0100 4.5 -0.014 0.017
431.286 60.00 60.0100 4.7 -0.010 0.043
431.387 60.00 60.0100 4.5 -0.012 0.021
431.486 60.00 60.0000 4.9 -0.004 0.078
431.586 60.00 60.0100 4.4 -0.014 0.007
431.686 60.00 59.9900 5.4 0.009 0.162
431.786 60.00 60.0100 4.4 -0.012 0.006
431.888 60.00 60.0000 4.9 -0.001 0.083
431.987 60.00 60.0100 4.6 -0.008 0.032
432.087 60.00 60.0000 4.8 -0.003 0.069
432.188 60.00 60.0100 4.6 -0.007 0.034
432.287 60.00 60.0100 4.6 -0.006 0.040
432.387 60.00 60.0100 4.5 -0.008 0.022
432.488 60.00 60.0100 4.3 -0.012 -0.005
432.586 60.00 60.0000 5.0 0.004 0.107
432.688 60.00 60.0000 4.6 -0.005 0.037
432.787 60.00 60.0100 4.5 -0.006 0.024
432.888 60.00 60.0100 4.4 -0.009 0.003
432.989 60.00 60.0000 4.8 0.001 0.072
433.088 60.00 60.0000 4.8 0.002 0.075
433.188 60.00 60.0200 3.9 -0.021 -0.086
433.288 60.00 60.0000 4.8 0.000 0.066
433.389 60.00 59.9900 5.0 0.005 0.097
433.489 60.00 60.0100 4.5 -0.006 0.010
433.588 60.00 60.0000 4.6 -0.003 0.037
433.688 60.00 60.0000 4.6 -0.003 0.031
433.788 60.00 60.0000 4.8 0.002 0.063
433.890 60.00 60.0000 4.6 -0.003 0.030
433.989 60.00 59.9800 5.5 0.020 0.184
434.090 60.00 60.0100 4.3 -0.007 -0.014
434.189 60.00 60.0100 4.4 -0.006 -0.002
434.289 60.00 60.0000 4.6 -0.001 0.028
434.390 60.00 60.0000 4.7 0.002 0.052
434.489 60.00 60.0000 4.7 0.002 0.046
434.590 60.00 60.0000 4.7 0.003 0.052
434.689 60.00 60.0000 4.5 -0.002 0.019
434.789 60.00 59.9900 4.9 0.009 0.091
434.891 60.00 59.9900 4.7 0.004 0.056
434.989 60.00 60.0000 4.6 0.002 0.033
435.091 60.00 60.0100 4.1 -0.009 -0.045
435.190 60.00 60.0000 4.3 -0.004 -0.008
435.290 60.00 60.0000 4.7 0.004 0.052
435.391 60.00 59.9900 4.8 0.007 0.068
435.489 60.00 60.0000 4.6 0.003 0.037
435.591 60.00 60.0000 4.5 -0.001 0.011
435.690 60.00 60.0000 4.5 0.001 0.024
435.790 60.00 59.9900 4.8 0.007 0.059
435.892 60.00 60.0000 4.5 0.001 0.015
435.990 60.00 59.9900 4.7 0.006 0.054
436.092 60.00 60.0200 3.4 -0.023 -0.155
436.191 60.00 60.0000 4.6 0.003 0.032
436.291 60.00 60.0000 4.6 0.003 0.033
436.392 60.00 59.9900 4.7 0.006 0.052
436.491 60.00 59.9900 4.8 0.008 0.063
436.591 60.00 59.9900 4.7 0.006 0.048
436.692 60.00 59.9900 4.6 0.005 0.038
436.790 60.00 59.9900 5.0 0.013 0.094
436.892 60.00 59.9900 4.7 0.007 0.044
436.992 60.00 59.9900 4.7 0.008 0.054
437.092 60.00 59.9900 5.0 0.014 0.091
437.193 60.00 59.9900 4.6 0.007 0.041
437.292 60.00 60.0500 2.3 -0.046 -0.331
437.392 60.00 60.0000 4.5 0.002 0.019
437.492 60.00 59.9900 4.6 0.005 0.040
437.593 60.00 59.9900 4.9 0.011 0.078
437.692 60.00 59.9900 5.0 0.014 0.092
437.792 60.00 59.9900 4.6 0.006 0.032
437.892 60.00 59.9900 4.6 0.006 0.032
437.993 60.00 59.9900 4.6 0.007 0.036
438.094 60.00 59.9900 4.8 0.011 0.067
438.193 60.00 59.9900 4.9 0.013 0.078
438.293 60.00 59.9900 4.7 0.009 0.047
438.394 60.00 59.9900 4.9 0.014 0.080
438.493 60.00 60.0100 3.7 -0.012 -0.107
438.594 60.00 59.9900 4.8 0.011 0.060
438.693 60.00 59.9800 5.1 0.020 0.118
438.793 60.00 59.9900 4.5 0.007 0.022
438.894 60.00 60.0000 4.4 0.004 0.002
438.994 60.00 59.9900 4.7 0.011 0.055
439.095 60.00 59.9900 4.4 0.004 0.004
439.194 60.00 59.9800 4.9 0.016 0.087
439.294 60.00 59.9900 4.6 0.009 0.031
439.395 60.00 59.9900 4.6 0.010 0.039
439.493 60.00 59.9900 4.7 0.012 0.050
439.595 60.00 59.9900 4.5 0.007 0.013
439.694 60.00 59.9900 4.7 0.013 0.054
439.794 60.00 59.9900 4.4 0.006 0.004
439.895 60.00 59.9900 4.6 0.010 0.030
439.995 60.00 59.9900 4.7 0.012 0.044
440.096 60.00 60.0000 4.2 0.002 -0.024
440.195 60.00 59.9900 4.6 0.010 0.031
440.295 60.00 59.9900 4.3 0.005 -0.008
440.396 60.00 59.9900 4.7 0.014 0.055
440.495 60.00 59.9900 4.4 0.007 0.005
440.595 60.00 59.9900 4.7 0.012 0.044
440.696 60.00 59.9900 4.7 0.012 0.043
440.795 60.00 59.9800 4.8 0.015 0.062
440.895 60.00 59.9900 4.4 0.007 0.000
440.995 60.00 59.9900 4.6 0.012 0.039
441.097 60.00 59.9900 4.4 0.007 0.004
441.196 60.00 59.9900 4.3 0.006 -0.008
441.296 60.00 59.9900 4.6 0.011 0.028
441.396 60.00 60.0000 4.3 0.004 -0.020
441.496 60.00 59.9900 4.3 0.006 -0.007
441.597 60.00 59.9900 4.5 0.008 0.012
441.696 60.00 59.9900 4.5 0.008 0.011
441.796 60.00 59.9900 4.4 0.006 -0.003
441.896 60.00 59.9900 4.6 0.013 0.042
441.996 60.00 60.0000 4.2 0.001 -0.038
442.098 60.00 60.0000 4.2 0.001 -0.036
442.197 60.00 59.9900 4.6 0.011 0.033
442.298 60.00 59.9900 4.3 0.006 -0.006
442.398 60.00 59.9900 4.4 0.007 0.004
442.497 60.00 59.9800 4.8 0.015 0.059
442.598 60.00 59.9900 4.6 0.013 0.042
442.697 60.00 60.0000 4.2 0.003 -0.025
442.798 60.00 59.9900 4.5 0.009 0.017
442.897 60.00 59.9900 4.3 0.005 -0.009
442.997 60.00 59.9900 4.6 0.011 0.034
443.099 60.00 59.9900 4.5 0.009 0.016
443.197 60.00 59.9900 4.3 0.006 -0.006
443.299 60.00 59.9900 4.4 0.007 0.005
443.398 60.00 59.9900 4.6 0.011 0.033
443.498 60.00 59.9900 4.4 0.007 -0.002
443.599 60.00 59.9900 4.7 0.014 0.051
443.697 60.00 60.0000 4.2 0.003 -0.027
443.799 60.00 60.0000 4.1 0.001 -0.044
443.898 60.00 59.9900 4.4 0.007 0.001
443.998 60.00 59.9900 4.4 0.007 0.003
444.100 60.00 59.9900 4.6 0.011 0.033
444.198 60.00 59.9800 5.0 0.020 0.097
444.300 60.00 59.9900 4.3 0.006 -0.010
444.400 60.00 59.9900 4.5 0.010 0.023
444.499 60.00 60.0100 3.7 -0.009 -0.112
444.599 60.00 60.0000 4.3 0.004 -0.018
444.699 60.00 59.9800 4.8 0.015 0.063
444.799 60.00 59.9900 4.6 0.011 0.030
444.900 60.00 59.9900 4.3 0.006 -0.005
444.999 60.00 59.9900 4.7 0.014 0.049
445.099 60.00 59.9900 4.7 0.013 0.045
445.200 60.00 59.9900 4.5 0.010 0.020
445.301 60.00 59.9800 4.8 0.016 0.064
445.400 60.00 60.0000 4.2 0.004 -0.025
445.500 60.00 60.0000 4.1 0.001 -0.045
445.600 60.00 59.9900 4.5 0.010 0.022
445.700 60.00 59.9900 4.5 0.009 0.015
445.801 60.00 59.9900 4.4 0.007 -0.001
445.900 60.00 59.9900 4.5 0.009 0.015
446.000 60.00 60.0000 4.2 0.004 -0.022
446.101 60.00 59.9900 4.5 0.009 0.016
446.201 60.00 59.9900 4.6 0.012 0.036
446.302 60.00 59.9900 4.3 0.004 -0.019
446.401 60.00 60.0000 4.1 0.001 -0.040
446.501 60.00 60.0000 4.2 0.002 -0.030
446.602 60.00 60.0000 4.1 -0.001 -0.049
446.700 60.00 60.0000 4.2 0.001 -0.037
446.802 60.00 60.0000 4.3 0.003 -0.017
446.901 60.00 60.0000 4.1 -0.000 -0.043
447.001 60.00 59.9900 4.5 0.008 0.015
447.102 60.00 60.0000 4.3 0.004 -0.011
447.201 60.00 60.0000 4.3 0.003 -0.013
447.303 60.00 60.0000 4.3 0.003 -0.015
447.402 60.00 60.0000 4.3 0.003 -0.017
447.502 60.00 60.0000 4.1 -0.002 -0.049
447.602 60.00 59.9900 4.7 0.013 0.056
447.702 60.00 60.0000 4.1 -0.003 -0.052
447.803 60.00 60.0000 4.2 0.001 -0.027
447.902 60.00 59.9900 4.5 0.008 0.027
448.002 60.00 60.0000 4.3 0.002 -0.015
448.103 60.00 60.0000 4.2 0.000 -0.028
448.202 60.00 60.0000 4.3 0.003 -0.006
448.304 60.00 60.0000 4.2 -0.000 -0.029
448.404 60.00 60.0000 4.1 -0.003 -0.049
448.503 60.00 60.0100 4.0 -0.006 -0.067
448.604 60.00 60.0100 4.0 -0.006 -0.062
448.703 60.00 59.9900 4.8 0.012 0.067
448.803 60.00 60.0000 4.1 -0.004 -0.046
448.904 60.00 60.0000 4.2 -0.001 -0.024
449.003 60.00 60.0000 4.2 -0.002 -0.031
449.103 60.00 60.0100 4.0 -0.006 -0.059
449.203 60.00 60.0300 3.2 -0.026 -0.194
449.304 60.00 60.0100 4.0 -0.008 -0.060
449.405 60.00 60.0000 4.2 -0.004 -0.029
449.504 60.00 60.0000 4.4 0.001 0.007
449.604 60.00 60.0100 4.0 -0.009 -0.066
449.704 60.00 60.0000 4.2 -0.004 -0.028
449.805 60.00 60.0100 3.8 -0.013 -0.088
449.904 60.00 60.0100 4.0 -0.010 -0.062
450.004 60.00 60.0100 4.0 -0.009 -0.054
450.104 60.00 60.0200 3.5 -0.022 -0.142
450.204 60.00 60.0000 4.4 -0.002 0.002
450.306 60.00 60.0400 2.8 -0.039 -0.255
450.405 60.00 60.0100 4.0 -0.012 -0.060
450.506 60.00 60.0100 4.2 -0.009 -0.033
450.605 60.00 59.9700 5.6 0.024 0.202
450.705 60.00 60.0000 4.4 -0.003 0.000
450.806 60.00 59.9900 4.9 0.009 0.086
450.905 60.00 60.0000 4.3 -0.004 -0.009
451.006 60.00 60.0100 3.9 -0.014 -0.077
451.105 60.00 60.0100 4.3 -0.006 -0.019
451.205 60.00 60.0100 4.0 -0.013 -0.071
451.307 60.00 60.0000 4.3 -0.005 -0.008
451.405 60.00 60.0100 4.1 -0.011 -0.050
451.507 60.00 60.0100 4.2 -0.008 -0.032
451.606 60.00 60.0100 4.1 -0.012 -0.054
451.706 60.00 60.0100 4.0 -0.013 -0.064
451.807 60.00 60.0200 3.8 -0.019 -0.101
451.905 60.00 60.0100 4.1 -0.012 -0.051
452.007 60.00 60.0200 3.9 -0.018 -0.084
452.106 60.00 60.0300 3.4 -0.028 -0.154
452.206 60.00 60.0100 4.1 -0.013 -0.041
452.308 60.00 60.0100 4.2 -0.011 -0.028
452.407 60.00 60.0200 4.0 -0.016 -0.062
452.507 60.00 60.0100 4.0 -0.015 -0.054
452.608 60.00 60.0200 3.9 -0.020 -0.084
452.706 60.00 60.0200 4.0 -0.017 -0.062
452.807 60.00 60.0200 4.0 -0.017 -0.058
452.907 60.00 60.0200 3.8 -0.022 -0.089
453.007 60.00 60.0100 4.4 -0.009 -0.000
453.108 60.00 60.0100 4.2 -0.013 -0.025
453.207 60.00 60.0200 3.9 -0.021 -0.079
453.307 60.00 60.0200 3.9 -0.020 -0.073
453.408 60.00 60.0100 4.2 -0.013 -0.022
453.509 60.00 60.0200 4.0 -0.019 -0.062
453.609 60.00 59.9900 5.1 0.007 0.122
453.708 60.00 60.0100 4.5 -0.008 0.013
453.808 60.00 60.0200 4.0 -0.019 -0.064
453.908 60.00 60.0200 3.8 -0.023 -0.094
454.009 60.00 60.0200 4.0 -0.019 -0.060
454.108 60.00 60.0200 4.1 -0.018 -0.049
454.208 60.00 60.0300 3.6 -0.029 -0.129
454.309 60.00 59.9800 5.7 0.018 0.209
454.409 60.00 60.0200 4.1 -0.016 -0.042
454.510 60.00 60.0300 3.5 -0.030 -0.136
454.609 60.00 60.0200 3.8 -0.024 -0.089
454.709 60.00 60.0300 3.7 -0.027 -0.110
454.809 60.00 60.0300 3.8 -0.026 -0.100
454.909 60.00 60.0200 4.1 -0.020 -0.049
455.010 60.00 60.0300 3.7 -0.030 -0.117
455.109 60.00 60.0300 3.5 -0.034 -0.141
455.209 60.00 60.0300 3.6 -0.033 -0.129
455.310 60.00 60.0200 4.0 -0.025 -0.068
455.410 60.00 60.0300 3.8 -0.030 -0.101
455.511 60.00 60.0300 3.6 -0.034 -0.126
455.610 60.00 60.0500 3.0 -0.050 -0.232
455.710 60.00 60.0900 1.3 -0.089 -0.496
455.811 60.00 60.0400 3.6 -0.038 -0.118
455.909 60.00 60.0300 4.2 -0.026 -0.035
456.011 60.00 60.0200 4.6 -0.017 0.028
456.110 60.00 60.0300 4.0 -0.031 -0.067
456.210 60.00 60.0300 4.0 -0.029 -0.057
456.311 60.00 60.0400 3.5 -0.042 -0.146
456.411 60.00 60.0300 3.8 -0.035 -0.088
456.511 60.00 60.0300 3.9 -0.034 -0.079
456.612 60.00 60.0200 4.4 -0.023 -0.003
456.711 60.00 60.0200 4.4 -0.022 0.006
456.811 60.00 60.0300 4.2 -0.028 -0.037
456.911 60.00 60.0300 4.1 -0.029 -0.041
457.011 60.00 60.0300 4.0 -0.033 -0.070
457.112 60.00 60.0300 4.0 -0.031 -0.053
457.211 60.00 60.0300 4.2 -0.028 -0.032
457.311 60.00 60.0300 4.1 -0.029 -0.039
457.411 60.00 60.0300 4.2 -0.029 -0.037
457.513 60.00 60.0200 4.3 -0.024 -0.005
457.612 60.00 60.0300 4.1 -0.029 -0.039
457.712 60.00 60.0300 4.1 -0.029 -0.041
457.812 60.00 60.0300 4.0 -0.031 -0.052
457.912 60.00 60.0200 4.6 -0.018 0.035
458.013 60.00 60.0200 4.4 -0.023 0.002
458.112 60.00 60.0300 3.9 -0.035 -0.086
458.212 60.00 60.0200 4.3 -0.025 -0.014
458.313 60.00 60.0300 3.9 -0.034 -0.073
458.413 60.00 60.0200 4.6 -0.018 0.038
458.514 60.00 60.0300 4.1 -0.030 -0.046
458.613 60.00 60.0300 4.2 -0.027 -0.029
458.713 60.00 60.0300 4.1 -0.029 -0.041
458.814 60.00 60.0300 4.0 -0.033 -0.066
458.913 60.00 60.0300 4.1 -0.029 -0.041
459.014 60.00 60.0200 4.3 -0.025 -0.006
459.113 60.00 60.0400 3.8 -0.038 -0.101
459.213 60.00 60.0200 4.4 -0.024 -0.002
459.314 60.00 60.0300 4.1 -0.031 -0.048
459.414 60.00 60.0400 3.7 -0.039 -0.108
459.515 60.00 60.0200 4.4 -0.023 0.011
459.614 60.00 60.0500 3.2 -0.051 -0.190
459.715 60.00 60.0300 4.2 -0.030 -0.033
459.815 60.00 60.0400 3.8 -0.038 -0.088
459.914 60.00 60.0400 3.8 -0.039 -0.094
460.015 60.00 60.0200 4.4 -0.025 0.010
460.114 60.00 60.0600 2.7 -0.065 -0.273
460.215 60.00 60.0500 3.6 -0.046 -0.129
460.316 60.00 60.0400 3.9 -0.038 -0.072
460.415 60.00 60.0400 3.8 -0.041 -0.092
460.515 60.00 60.0400 3.9 -0.040 -0.082
460.615 60.00 60.0000 5.5 -0.004 0.176
460.715 60.00 60.0400 4.0 -0.036 -0.058
460.816 60.00 60.0400 3.9 -0.039 -0.081
460.915 60.00 60.0300 4.0 -0.035 -0.053
461.015 60.00 60.0400 4.0 -0.037 -0.066
461.115 60.00 60.0400 3.9 -0.040 -0.081
461.216 60.00 60.0400 3.8 -0.043 -0.100
461.315 60.00 60.0300 4.3 -0.030 -0.010
461.415 60.00 60.0300 4.2 -0.032 -0.025
461.515 60.00 60.0900 1.9 -0.086 -0.401
461.616 60.00 60.0300 4.2 -0.034 -0.021
461.717 60.00 60.0300 4.4 -0.030 0.004
461.816 60.00 60.0400 4.1 -0.036 -0.038
461.916 60.00 60.0400 4.0 -0.040 -0.063
462.017 60.00 60.0300 4.4 -0.029 0.011
462.115 60.00 60.0400 4.1 -0.037 -0.042
462.217 60.00 60.0300 4.2 -0.035 -0.030
462.316 60.00 60.0400 4.0 -0.039 -0.060
462.416 60.00 60.0400 4.1 -0.036 -0.039
462.517 60.00 60.0400 3.9 -0.041 -0.072
462.616 60.00 60.0400 4.1 -0.037 -0.039
462.718 60.00 60.0400 4.2 -0.036 -0.034
462.817 60.00 60.0400 4.0 -0.041 -0.068
462.917 60.00 60.0300 4.2 -0.034 -0.020
463.018 60.00 60.0400 4.0 -0.039 -0.056
463.116 60.00 60.0300 4.3 -0.033 -0.012
463.218 60.00 60.0600 3.2 -0.057 -0.184
463.317 60.00 60.0400 4.2 -0.037 -0.034
463.417 60.00 60.0300 4.5 -0.029 0.017
463.518 60.00 60.0400 3.8 -0.045 -0.095
463.618 60.00 60.0400 4.2 -0.037 -0.033
463.719 60.00 60.0300 4.4 -0.030 0.013
463.818 60.00 60.0300 4.3 -0.032 -0.004
463.918 60.00 60.0400 4.0 -0.041 -0.065
464.019 60.00 60.0300 4.3 -0.034 -0.016
464.117 60.00 60.0100 5.1 -0.015 0.118
464.219 60.00 60.0200 4.6 -0.024 0.043
464.319 60.00 60.0300 4.2 -0.033 -0.022
464.418 60.00 60.0300 4.1 -0.035 -0.037
464.518 60.00 60.0300 4.4 -0.030 -0.001
464.619 60.00 60.0500 3.2 -0.055 -0.180
464.719 60.00 60.0400 4.1 -0.036 -0.036
464.820 60.00 60.0300 4.2 -0.034 -0.021
464.919 60.00 60.0300 4.3 -0.032 -0.008
465.019 60.00 60.0300 4.1 -0.035 -0.036
465.119 60.00 60.0400 4.0 -0.038 -0.050
465.220 60.00 60.0300 4.2 -0.035 -0.029
465.319 60.00 60.0400 4.0 -0.038 -0.051
465.419 60.00 60.0300 4.5 -0.027 0.021
465.519 60.00 60.0300 4.5 -0.028 0.016
465.619 60.00 60.0300 4.2 -0.033 -0.021
465.721 60.00 60.0300 4.5 -0.028 0.014
465.820 60.00 60.0300 4.3 -0.030 -0.006
465.920 60.00 60.0300 4.2 -0.032 -0.021
466.021 60.00 60.0300 4.2 -0.032 -0.022
466.119 60.00 60.0300 4.4 -0.028 0.008
466.221 60.00 60.0300 4.3 -0.031 -0.014
466.320 60.00 60.0300 4.3 -0.031 -0.014
466.420 60.00 60.0200 4.5 -0.025 0.023
466.521 60.00 60.0300 4.5 -0.026 0.015
466.621 60.00 60.0300 4.2 -0.032 -0.027
466.722 60.00 60.0400 4.0 -0.037 -0.060
466.821 60.00 60.0300 4.3 -0.030 -0.014
466.921 60.00 60.0400 4.0 -0.036 -0.056
467.022 60.00 60.0300 4.3 -0.030 -0.016
467.120 60.00 60.0300 4.2 -0.031 -0.020
467.222 60.00 60.0300 4.4 -0.027 0.007
467.321 60.00 60.0400 3.9 -0.038 -0.073
467.421 60.00 60.0500 3.4 -0.051 -0.160
467.521 60.00 60.0300 4.3 -0.029 -0.001
467.621 60.00 60.0300 4.3 -0.030 -0.008
467.723 60.00 60.0200 4.9 -0.016 0.086
467.822 60.00 60.0200 4.5 -0.024 0.025
467.923 60.00 60.0300 4.3 -0.029 -0.012
468.023 60.00 60.0200 4.5 -0.025 0.015
468.121 60.00 60.0300 4.0 -0.034 -0.049
468.223 60.00 60.0400 3.9 -0.039 -0.080
468.322 60.00 60.0300 4.0 -0.035 -0.056
468.423 60.00 60.0300 4.3 -0.029 -0.014
468.522 60.00 60.0300 4.2 -0.032 -0.034
468.622 60.00 60.0300 4.2 -0.030 -0.021
468.723 60.00 60.0300 4.3 -0.029 -0.013
468.823 60.00 60.0300 4.2 -0.032 -0.030
468.924 60.00 60.0300 4.1 -0.034 -0.048
469.023 60.00 60.0300 4.2 -0.031 -0.024
469.123 60.00 60.0400 3.9 -0.038 -0.077
469.224 60.00 60.0300 4.0 -0.035 -0.051
469.322 60.00 60.0300 4.4 -0.026 0.008
469.424 60.00 60.0400 4.0 -0.036 -0.061
469.523 60.00 60.0300 4.4 -0.027 0.004
469.623 60.00 60.0300 4.4 -0.027 0.002
469.725 60.00 60.0300 4.3 -0.029 -0.015
469.823 60.00 60.0200 4.4 -0.025 0.014
469.925 60.00 60.0300 4.3 -0.027 -0.005
470.024 60.00 60.0300 4.2 -0.031 -0.029
470.124 60.00 60.0400 4.0 -0.036 -0.064
470.225 60.00 60.0300 4.2 -0.032 -0.033
470.323 60.00 60.0200 4.5 -0.023 0.025
470.425 60.00 60.0200 4.5 -0.023 0.022
470.524 60.00 60.0300 4.4 -0.026 0.001
470.624 60.00 60.0200 4.5 -0.022 0.028
470.725 60.00 60.0300 4.3 -0.026 -0.003
470.824 60.00 60.0200 4.4 -0.025 0.000
470.926 60.00 60.0300 4.3 -0.027 -0.013
471.026 60.00 60.0200 4.4 -0.023 0.013
471.125 60.00 60.0200 4.6 -0.019 0.041
471.226 60.00 60.0200 4.5 -0.021 0.027
471.324 60.00 60.0000 5.5 0.001 0.178
471.426 60.00 60.0300 4.2 -0.026 -0.023
471.525 60.00 60.0500 3.3 -0.047 -0.171
471.625 60.00 60.0200 4.5 -0.020 0.023
471.726 60.00 60.0300 4.1 -0.030 -0.047
471.825 60.00 60.0300 3.9 -0.034 -0.071
471.927 60.00 60.0700 2.2 -0.074 -0.353
472.026 60.00 60.0300 4.2 -0.029 -0.026
472.126 60.00 60.0300 4.1 -0.031 -0.035
472.227 60.00 60.0300 4.2 -0.029 -0.025
472.326 60.00 60.0200 4.8 -0.016 0.066
472.426 60.00 60.0200 4.5 -0.023 0.016
472.527 60.00 60.0100 5.1 -0.008 0.117
472.626 60.00 60.0200 4.7 -0.016 0.056
472.726 60.00 60.0200 4.3 -0.026 -0.014
472.827 60.00 60.0800 1.8 -0.083 -0.418
472.928 60.00 60.0300 4.3 -0.027 -0.010
473.027 60.00 60.0200 4.4 -0.025 0.008
473.127 60.00 60.0200 4.5 -0.023 0.017
473.228 60.00 60.0200 4.5 -0.021 0.030
473.326 60.00 60.0200 4.6 -0.019 0.043
473.428 60.00 60.0300 4.2 -0.027 -0.019
473.527 60.00 60.0200 4.4 -0.024 0.002
473.627 60.00 60.0500 3.0 -0.054 -0.212
473.728 60.00 59.9900 6.0 0.012 0.262
473.827 60.00 60.0200 4.4 -0.023 0.006
473.929 60.00 60.0100 4.7 -0.015 0.056
474.028 60.00 60.0200 4.3 -0.024 -0.009
474.128 60.00 60.0200 4.4 -0.022 0.002
474.229 60.00 60.0400 3.5 -0.041 -0.133
474.327 60.00 60.0100 4.7 -0.014 0.060
474.429 60.00 59.9900 5.6 0.007 0.204
474.528 60.00 60.0300 4.1 -0.026 -0.037
474.628 60.00 60.0200 4.3 -0.021 0.001
474.729 60.00 60.0200 4.4 -0.020 0.009
474.828 60.00 60.0200 4.2 -0.024 -0.021
474.930 60.00 60.0200 4.4 -0.020 0.007
475.029 60.00 60.0200 4.2 -0.025 -0.031
475.129 60.00 60.0400 3.7 -0.036 -0.108
475.230 60.00 60.0200 4.4 -0.020 0.009
475.328 60.00 60.0200 4.2 -0.024 -0.018
475.430 60.00 60.0300 4.1 -0.027 -0.045
475.530 60.00 60.0200 4.4 -0.020 0.009
475.629 60.00 60.0200 4.3 -0.022 -0.010
475.730 60.00 60.0100 4.8 -0.009 0.082
475.829 60.00 60.0200 4.2 -0.023 -0.022
475.931 60.00 60.0200 4.2 -0.022 -0.016
476.030 60.00 60.0200 4.4 -0.019 0.004
476.130 60.00 60.0300 4.0 -0.028 -0.060
476.231 60.00 60.0200 4.2 -0.023 -0.022
476.330 60.00 60.0300 3.9 -0.030 -0.068
476.431 60.00 60.0200 4.2 -0.023 -0.017
476.530 60.00 60.0300 3.9 -0.031 -0.074
476.631 60.00 60.0200 4.2 -0.025 -0.027
476.730 60.00 60.0200 4.5 -0.017 0.024
476.830 60.00 60.0200 4.2 -0.025 -0.032
476.932 60.00 60.0200 4.2 -0.023 -0.016
477.030 60.00 60.0300 4.1 -0.026 -0.038
477.132 60.00 60.0200 4.3 -0.020 0.000
477.232 60.00 60.0200 4.3 -0.021 -0.004
477.330 60.00 60.0200 4.2 -0.023 -0.022
477.432 60.00 60.0200 4.1 -0.025 -0.036
477.530 60.00 60.0200 4.2 -0.024 -0.029
477.632 60.00 60.0300 4.1 -0.027 -0.047
477.732 60.00 60.0200 4.4 -0.020 0.002
477.831 60.00 60.0200 4.5 -0.018 0.018
477.933 60.00 60.0100 4.6 -0.014 0.040
478.031 60.00 60.0200 4.2 -0.022 -0.017
478.133 60.00 60.0100 4.6 -0.014 0.042
478.233 60.00 60.0200 4.2 -0.022 -0.020
478.331 60.00 60.0300 4.0 -0.026 -0.047
478.433 60.00 60.0300 4.0 -0.026 -0.050
478.531 60.00 60.0200 4.5 -0.017 0.020
478.633 60.00 60.0200 4.2 -0.023 -0.027
478.733 60.00 60.0200 4.5 -0.016 0.021
478.831 60.00 60.0300 4.1 -0.026 -0.047
478.934 60.00 60.0200 4.4 -0.019 0.002
479.033 60.00 60.0200 4.1 -0.024 -0.034
479.133 60.00 60.0200 4.4 -0.018 0.011
479.234 60.00 60.0200 4.2 -0.023 -0.026
479.332 60.00 60.0200 4.3 -0.019 0.002
479.434 60.00 60.0200 4.3 -0.019 -0.001
479.533 60.00 60.0200 4.2 -0.022 -0.022
479.633 60.00 60.0200 4.2 -0.021 -0.019
479.734 60.00 60.0200 4.4 -0.017 0.013
479.832 60.00 60.0200 4.4 -0.017 0.012
479.934 60.00 60.0200 4.1 -0.024 -0.041
480.034 60.00 60.0100 4.5 -0.014 0.029
480.134 60.00 60.0200 4.0 -0.025 -0.049
480.235 60.00 60.0200 4.3 -0.020 -0.014
480.334 60.00 60.0200 4.2 -0.021 -0.021
480.435 60.00 60.0100 4.5 -0.015 0.020
480.533 60.00 60.0300 3.9 -0.029 -0.079
480.635 60.00 60.0200 4.2 -0.022 -0.025
480.734 60.00 60.0300 3.9 -0.028 -0.068
480.834 60.00 60.0200 4.1 -0.025 -0.042
480.935 60.00 60.0200 4.0 -0.025 -0.047
481.034 60.00 60.0100 4.5 -0.015 0.024
481.136 60.00 60.0200 4.3 -0.020 -0.010
481.236 60.00 60.0200 4.2 -0.022 -0.022
481.335 60.00 60.0200 4.4 -0.018 0.007
481.436 60.00 60.0200 4.2 -0.022 -0.026
481.534 60.00 60.0100 4.5 -0.015 0.026
481.636 60.00 60.0200 4.2 -0.022 -0.031
481.735 60.00 60.0200 4.3 -0.018 0.001
481.835 60.00 60.0200 4.2 -0.021 -0.020
481.936 60.00 60.0200 4.1 -0.023 -0.035
482.035 60.00 60.0200 4.1 -0.023 -0.036
482.137 60.00 60.0200 4.2 -0.021 -0.019
482.237 60.00 60.0200 4.0 -0.025 -0.047
482.336 60.00 60.0400 3.6 -0.036 -0.122
482.437 60.00 60.0200 4.2 -0.022 -0.020
482.535 60.00 60.0200 4.4 -0.017 0.016
482.637 60.00 60.0200 4.2 -0.022 -0.025
482.736 60.00 60.0200 4.3 -0.020 -0.009
482.836 60.00 60.0200 4.2 -0.022 -0.027
482.937 60.00 60.0200 4.4 -0.018 0.005
483.036 60.00 60.0200 4.4 -0.018 0.007
483.138 60.00 60.0200 4.4 -0.018 0.003
483.238 60.00 59.9900 5.7 0.012 0.213
483.337 60.00 60.0200 4.0 -0.024 -0.049
483.438 60.00 60.0000 5.2 0.003 0.139
483.536 60.00 60.0300 3.8 -0.029 -0.090
483.638 60.00 60.0300 3.9 -0.026 -0.068
483.737 60.00 60.0100 4.4 -0.014 0.017
483.837 60.00 60.0200 4.1 -0.022 -0.036
483.938 60.00 60.0200 4.1 -0.022 -0.040
484.037 60.00 60.0200 4.1 -0.023 -0.045
484.139 60.00 60.0200 4.4 -0.016 0.007
484.238 60.00 60.0100 4.4 -0.014 0.017
484.338 60.00 60.0300 3.9 -0.026 -0.070
484.438 60.00 60.0200 4.0 -0.025 -0.058
484.538 60.00 60.0200 4.0 -0.026 -0.060
484.638 60.00 60.0300 4.0 -0.026 -0.061
484.739 60.00 60.0200 4.2 -0.022 -0.030
484.838 60.00 60.0300 3.7 -0.032 -0.104
484.939 60.00 60.0300 3.7 -0.033 -0.106
485.038 60.00 60.0200 4.2 -0.022 -0.026
485.139 60.00 60.0400 3.5 -0.037 -0.129
485.239 60.00 60.0200 4.1 -0.025 -0.040
485.340 60.00 60.0300 4.0 -0.027 -0.053
485.439 60.00 60.0200 4.2 -0.023 -0.023
485.539 60.00 60.0400 3.5 -0.038 -0.132
485.640 60.00 60.0300 4.1 -0.026 -0.044
485.739 60.00 60.0200 4.3 -0.022 -0.009
485.840 60.00 60.0300 4.1 -0.026 -0.040
485.940 60.00 60.0300 4.1 -0.026 -0.043
486.040 60.00 60.0300 3.9 -0.030 -0.064
486.141 60.00 60.0400 3.6 -0.037 -0.112
486.239 60.00 60.0300 4.1 -0.026 -0.037
486.341 60.00 60.0300 4.0 -0.029 -0.057
486.441 60.00 60.0200 4.2 -0.025 -0.026
486.539 60.00 60.0300 4.0 -0.029 -0.053
486.641 60.00 60.0300 4.1 -0.028 -0.043
486.739 60.00 60.0200 4.3 -0.023 -0.009
486.841 60.00 60.0300 4.1 -0.028 -0.042
486.941 60.00 60.0300 3.9 -0.031 -0.067
487.039 60.00 60.0200 4.2 -0.025 -0.021
487.142 60.00 60.0300 4.2 -0.026 -0.027
487.240 60.00 60.0100 4.8 -0.011 0.075
487.342 60.00 60.0300 4.0 -0.029 -0.050
487.442 60.00 60.0200 4.4 -0.020 0.011
487.541 60.00 60.0400 3.7 -0.036 -0.103
487.642 60.00 60.0300 4.0 -0.031 -0.062
487.740 60.00 60.0200 4.4 -0.020 0.013
487.842 60.00 60.0300 3.9 -0.032 -0.070
487.942 60.00 60.0300 4.2 -0.026 -0.027
488.040 60.00 60.0400 3.7 -0.036 -0.097
488.142 60.00 60.0300 4.1 -0.028 -0.040
488.241 60.00 60.0300 4.0 -0.030 -0.051
488.343 60.00 60.0200 4.2 -0.025 -0.016
488.443 60.00 60.0300 3.8 -0.035 -0.085
488.542 60.00 60.0300 4.1 -0.028 -0.035
488.642 60.00 60.0800 2.0 -0.077 -0.379
488.742 60.00 60.0300 4.0 -0.033 -0.053
488.843 60.00 60.0300 4.3 -0.026 -0.005
488.942 60.00 60.0300 4.3 -0.027 -0.012
489.042 60.00 60.0300 4.3 -0.026 -0.008
489.142 60.00 60.0200 4.5 -0.021 0.027
489.243 60.00 60.0400 3.7 -0.038 -0.095
489.344 60.00 60.0300 4.0 -0.034 -0.060
489.443 60.00 60.0300 4.3 -0.027 -0.012
489.543 60.00 60.0300 4.2 -0.028 -0.020
489.644 60.00 60.0300 4.2 -0.029 -0.028
489.742 60.00 60.0400 3.7 -0.040 -0.106
489.844 60.00 60.0300 4.0 -0.034 -0.057
489.943 60.00 60.0400 3.7 -0.040 -0.103
490.043 60.00 60.0300 4.1 -0.031 -0.033
490.144 60.00 60.0400 3.9 -0.037 -0.073
490.243 60.00 60.0300 4.2 -0.028 -0.014
490.345 60.00 60.0300 4.1 -0.031 -0.032
490.445 60.00 60.0300 4.3 -0.026 0.000
490.544 60.00 60.0700 2.4 -0.071 -0.316
490.645 60.00 60.0200 4.5 -0.025 0.020
490.743 60.00 60.0300 4.3 -0.028 -0.005
490.845 60.00 60.0300 4.3 -0.029 -0.011
490.945 60.00 60.0300 4.2 -0.030 -0.016
491.044 60.00 60.0400 3.8 -0.038 -0.078
491.145 60.00 60.0300 4.3 -0.028 -0.007
491.244 60.00 60.0400 3.7 -0.043 -0.108
491.346 60.00 60.0300 4.3 -0.029 -0.009
491.446 60.00 60.0300 4.4 -0.027 0.005
491.545 60.00 60.0400 3.9 -0.039 -0.078
491.646 60.00 60.0300 4.1 -0.033 -0.041
491.744 60.00 60.0300 4.2 -0.031 -0.025
491.846 60.00 60.0800 1.9 -0.084 -0.394
491.945 60.00 60.0400 4.1 -0.036 -0.041
492.045 60.00 60.0400 4.0 -0.038 -0.053
492.146 60.00 60.0300 4.3 -0.031 -0.006
492.245 60.00 60.0400 3.9 -0.039 -0.065
492.347 60.00 60.0400 4.0 -0.037 -0.048
492.447 60.00 60.0400 4.0 -0.038 -0.053
492.546 60.00 60.0300 4.2 -0.032 -0.011
492.646 60.00 60.0300 4.2 -0.032 -0.016
492.746 60.00 60.0300 4.1 -0.034 -0.029
492.847 60.00 60.0300 4.4 -0.028 0.014
492.946 60.00 60.0300 4.1 -0.035 -0.035
493.046 60.00 60.0400 3.7 -0.043 -0.094
493.147 60.00 60.0400 3.9 -0.039 -0.063
493.246 60.00 60.0400 4.0 -0.038 -0.053
493.348 60.00 60.0300 4.3 -0.030 0.004
493.447 60.00 60.0400 4.1 -0.036 -0.042
493.548 60.00 60.0300 4.2 -0.032 -0.016
493.648 60.00 60.0300 4.2 -0.032 -0.013
493.746 60.00 60.0400 3.9 -0.040 -0.069
493.848 60.00 60.0400 4.0 -0.037 -0.049
493.947 60.00 60.0600 3.2 -0.057 -0.189
494.048 60.00 60.0400 3.9 -0.042 -0.074
494.148 60.00 60.0400 3.8 -0.043 -0.085
494.247 60.00 60.0400 3.9 -0.043 -0.077
494.349 60.00 60.0400 4.1 -0.038 -0.041
494.447 60.00 60.0400 4.0 -0.039 -0.051
494.549 60.00 60.0300 4.2 -0.036 -0.025
494.649 60.00 60.0300 4.2 -0.034 -0.013
494.747 60.00 60.0400 3.9 -0.041 -0.066
494.849 60.00 60.0400 4.1 -0.036 -0.030
494.947 60.00 60.0300 4.3 -0.033 -0.008
495.049 60.00 60.0400 3.9 -0.041 -0.067
495.149 60.00 60.0400 3.9 -0.043 -0.075
495.247 60.00 60.0400 4.0 -0.040 -0.056
495.350 60.00 60.0300 4.4 -0.031 0.007
495.448 60.00 60.0400 4.0 -0.040 -0.058
495.550 60.00 60.0300 4.3 -0.033 -0.010
495.650 60.00 60.0300 4.4 -0.030 0.011
495.748 60.00 60.0400 4.0 -0.040 -0.060
495.850 60.00 60.0400 3.9 -0.042 -0.075
495.948 60.00 60.0400 3.9 -0.041 -0.064
496.050 60.00 60.0400 4.1 -0.037 -0.032
496.150 60.00 60.0300 4.3 -0.033 -0.006
496.248 60.00 60.0300 4.3 -0.032 0.003
496.350 60.00 60.0300 4.5 -0.026 0.036
496.450 60.00 60.0300 4.2 -0.033 -0.016
496.551 60.00 60.0200 4.7 -0.023 0.057
496.650 60.00 60.0400 4.0 -0.039 -0.056
496.750 60.00 60.0300 4.1 -0.035 -0.034
496.850 60.00 60.0400 4.0 -0.037 -0.044
496.950 60.00 60.0400 4.0 -0.039 -0.056
497.051 60.00 60.0300 4.3 -0.030 0.006
497.150 60.00 60.0300 4.3 -0.031 -0.002
497.250 60.00 60.0300 4.2 -0.033 -0.016
497.351 60.00 60.0300 4.2 -0.034 -0.025
497.450 60.00 60.0400 4.0 -0.036 -0.043
497.552 60.00 60.0300 4.2 -0.032 -0.015
497.652 60.00 60.0400 4.0 -0.038 -0.057
497.751 60.00 60.0400 3.9 -0.041 -0.074
497.852 60.00 60.0300 4.3 -0.031 -0.005
497.950 60.00 60.0300 4.3 -0.030 0.000
498.052 60.00 60.0400 4.0 -0.039 -0.059
498.152 60.00 60.0200 4.6 -0.024 0.043
498.250 60.00 60.0300 4.4 -0.028 0.012
498.352 60.00 60.0400 3.8 -0.041 -0.083
498.451 60.00 60.0000 5.6 -0.000 0.205
498.553 60.00 60.0200 4.5 -0.023 0.036
498.653 60.00 60.0300 4.4 -0.026 0.012
498.751 60.00 60.0400 3.9 -0.036 -0.060
498.853 60.00 60.0300 4.2 -0.029 -0.010
498.951 60.00 60.0200 4.6 -0.021 0.045
499.053 60.00 60.0300 4.3 -0.026 0.004
499.153 60.00 60.0100 4.8 -0.015 0.082
499.252 60.00 60.0300 4.3 -0.027 -0.007
499.353 60.00 60.0300 4.2 -0.028 -0.013
499.452 60.00 60.0300 4.2 -0.028 -0.012
499.554 60.00 60.0200 4.4 -0.025 0.009
499.654 60.00 60.0300 4.1 -0.031 -0.039
499.753 60.00 60.0300 4.3 -0.026 -0.006
499.854 60.00 60.0400 3.8 -0.038 -0.089
499.952 60.00 60.0200 4.3 -0.025 0.006
500.054 60.00 60.0200 4.4 -0.023 0.016
500.154 60.00 60.0300 4.2 -0.027 -0.011
500.253 60.00 60.0300 4.2 -0.029 -0.026
500.354 60.00 60.0300 4.0 -0.032 -0.046
500.454 60.00 60.0300 4.2 -0.028 -0.020
500.554 60.00 60.0200 4.3 -0.025 0.002
500.655 60.00 60.0300 4.0 -0.032 -0.050
500.754 60.00 60.0200 4.6 -0.018 0.051
500.854 60.00 60.0200 4.4 -0.022 0.022
500.954 60.00 60.0200 4.3 -0.024 0.003
501.055 60.00 60.0200 4.5 -0.019 0.038
501.154 60.00 60.0200 4.4 -0.021 0.019
501.254 60.00 60.0200 4.3 -0.024 -0.002
501.355 60.00 60.0300 3.9 -0.032 -0.059
501.454 60.00 60.0300 4.1 -0.028 -0.033
501.556 60.00 60.0200 4.4 -0.022 0.009
501.655 60.00 60.0200 4.4 -0.021 0.016
501.756 60.00 60.0200 4.2 -0.025 -0.016
501.856 60.00 60.0100 4.9 -0.009 0.099
501.954 60.00 60.0200 4.4 -0.020 0.018
502.056 60.00 60.0300 4.0 -0.029 -0.047
502.155 60.00 60.0200 4.4 -0.019 0.020
502.256 60.00 60.0200 4.2 -0.025 -0.022
502.356 60.00 60.0200 4.3 -0.022 -0.003
502.455 60.00 60.0200 4.2 -0.025 -0.025
502.557 60.00 60.0300 4.0 -0.028 -0.047
502.655 60.00 60.0200 4.2 -0.025 -0.020
502.757 60.00 60.0200 4.5 -0.018 0.025
502.857 60.00 60.0200 4.4 -0.019 0.016
502.955 60.00 60.0100 4.6 -0.014 0.049
503.057 60.00 59.9900 5.7 0.010 0.218
503.155 60.00 60.0200 4.2 -0.022 -0.022
503.257 60.00 59.9800 5.9 0.017 0.254
503.357 60.00 59.9900 5.6 0.011 0.203
503.456 60.00 60.0100 4.5 -0.012 0.027
503.558 60.00 60.0200 4.0 -0.023 -0.052
503.656 60.00 60.0200 4.0 -0.024 -0.055
503.758 60.00 60.0100 4.6 -0.010 0.042
503.858 60.00 60.0200 4.1 -0.020 -0.029
503.956 60.00 60.0100 4.4 -0.015 0.010
504.058 60.00 60.0700 2.1 -0.066 -0.353
504.156 60.00 60.0100 4.4 -0.015 0.022
504.258 60.00 60.0100 4.5 -0.012 0.036
504.358 60.00 60.0100 4.6 -0.010 0.051
504.457 60.00 60.0200 4.3 -0.017 -0.001
504.557 60.00 60.0100 4.4 -0.014 0.017
504.658 60.00 60.0200 4.2 -0.019 -0.017
504.759 60.00 60.0100 4.4 -0.013 0.023
504.858 60.00 60.0200 4.1 -0.021 -0.034
504.958 60.00 60.0200 4.2 -0.019 -0.018
505.059 60.00 60.0200 4.2 -0.019 -0.018
505.157 60.00 60.0300 3.8 -0.028 -0.083
505.259 60.00 60.0200 4.3 -0.016 0.006
505.359 60.00 60.0300 3.9 -0.026 -0.066
505.458 60.00 60.0200 4.1 -0.022 -0.035
505.559 60.00 60.0200 4.2 -0.019 -0.014
505.658 60.00 60.0200 4.1 -0.021 -0.030
505.760 60.00 60.0100 4.5 -0.013 0.028
505.860 60.00 60.0100 4.4 -0.015 0.015
505.959 60.00 60.0200 3.9 -0.025 -0.062
506.060 60.00 60.0100 4.3 -0.016 0.008
506.158 60.00 60.0200 4.3 -0.018 -0.007
506.260 60.00 60.0200 4.2 -0.018 -0.012
506.360 60.00 60.0200 4.2 -0.019 -0.019
506.458 60.00 60.0100 4.4 -0.014 0.020
506.560 60.00 60.0200 4.1 -0.021 -0.031
506.659 60.00 60.0200 4.0 -0.025 -0.058
506.761 60.00 60.0100 4.6 -0.009 0.050
506.861 60.00 60.0200 4.3 -0.016 0.000
506.959 60.00 60.0200 4.3 -0.017 -0.004
507.061 60.00 60.0200 4.2 -0.017 -0.008
507.159 60.00 60.0100 4.4 -0.013 0.018
507.261 60.00 60.0200 4.1 -0.020 -0.034
507.361 60.00 60.0200 4.2 -0.019 -0.024
507.459 60.00 60.0200 4.2 -0.018 -0.014
507.561 60.00 60.0200 4.2 -0.018 -0.013
507.660 60.00 60.0100 4.5 -0.011 0.030
507.762 60.00 60.0200 4.1 -0.020 -0.033
507.862 60.00 60.0300 3.5 -0.033 -0.126
507.961 60.00 60.0200 4.2 -0.019 -0.018
508.062 60.00 60.0100 4.4 -0.015 0.010
508.160 60.00 60.0200 4.1 -0.021 -0.034
508.262 60.00 60.0200 4.1 -0.021 -0.035
508.363 60.00 60.0200 4.1 -0.020 -0.030
508.461 60.00 60.0200 4.2 -0.019 -0.020
508.561 60.00 60.0100 4.4 -0.014 0.014
508.661 60.00 60.0100 4.4 -0.014 0.016
508.763 60.00 60.0200 4.2 -0.018 -0.013
508.862 60.00 60.0200 4.2 -0.019 -0.020
508.962 60.00 60.0200 4.2 -0.019 -0.023
509.062 60.00 60.0200 3.9 -0.024 -0.059
509.162 60.00 60.0200 4.1 -0.021 -0.032
509.263 60.00 60.0200 4.0 -0.023 -0.047
509.362 60.00 60.0200 4.3 -0.016 0.002
509.462 60.00 60.0100 4.4 -0.014 0.015
509.563 60.00 60.0200 4.0 -0.023 -0.047
509.662 60.00 60.0400 3.3 -0.040 -0.168
509.764 60.00 60.0300 3.8 -0.030 -0.089
509.863 60.00 60.0200 4.0 -0.023 -0.040
509.963 60.00 60.0200 4.2 -0.021 -0.023
510.064 60.00 60.0200 4.2 -0.020 -0.014
510.162 60.00 60.0200 4.1 -0.022 -0.029
510.264 60.00 60.0200 4.4 -0.016 0.013
510.364 60.00 60.0100 4.6 -0.011 0.043
510.464 60.00 60.0200 4.0 -0.024 -0.049
510.564 60.00 60.0500 3.0 -0.046 -0.204
510.663 60.00 60.0100 4.5 -0.014 0.032
510.765 60.00 60.0200 4.0 -0.025 -0.051
510.864 60.00 60.0300 3.6 -0.034 -0.110
510.964 60.00 60.0100 4.7 -0.010 0.061
511.065 60.00 60.0200 4.2 -0.020 -0.013
511.162 60.00 60.0100 4.5 -0.015 0.024
511.264 60.00 60.0200 4.3 -0.019 -0.005
511.364 60.00 60.0200 4.2 -0.020 -0.013
511.464 60.00 60.0200 4.2 -0.020 -0.017
511.564 60.00 60.0100 4.5 -0.013 0.035
511.662 60.00 60.0200 4.3 -0.017 0.005
511.764 60.00 60.0200 4.2 -0.019 -0.010
511.864 60.00 60.0200 4.0 -0.025 -0.051
511.964 60.00 60.0200 4.1 -0.023 -0.036
512.064 60.00 60.0200 4.1 -0.021 -0.025
512.162 60.00 60.0200 4.0 -0.023 -0.040
512.264 60.00 60.0200 4.0 -0.025 -0.048
512.364 60.00 60.0200 4.3 -0.017 0.008
512.463 60.00 60.0200 4.1 -0.022 -0.032
512.563 60.00 60.0200 4.1 -0.023 -0.039
512.662 60.00 60.0200 4.2 -0.020 -0.013
512.763 60.00 60.0200 4.3 -0.018 0.002
512.862 60.00 60.0200 4.0 -0.025 -0.054
512.962 60.00 60.0600 2.4 -0.062 -0.307
513.062 60.00 60.0300 4.0 -0.027 -0.052
513.162 60.00 60.0200 4.2 -0.023 -0.023
513.263 60.00 60.0200 4.1 -0.023 -0.024
513.362 60.00 60.0300 3.8 -0.031 -0.077
513.462 60.00 60.0300 4.0 -0.027 -0.049
513.563 60.00 60.0300 4.0 -0.026 -0.044
513.661 60.00 60.0400 3.6 -0.036 -0.109
513.763 60.00 60.0300 4.1 -0.026 -0.036
513.862 60.00 60.0300 4.1 -0.026 -0.033
513.961 60.00 60.0300 3.7 -0.035 -0.101
514.062 60.00 60.0200 4.3 -0.020 0.009
514.160 60.00 60.0200 4.2 -0.024 -0.016
514.262 60.00 60.0300 4.0 -0.027 -0.041
514.362 60.00 60.0200 4.2 -0.022 -0.008
514.460 60.00 60.0300 3.9 -0.029 -0.057
514.562 60.00 60.0300 4.1 -0.026 -0.033
514.660 60.00 60.0200 4.2 -0.025 -0.021
514.762 60.00 60.0300 4.0 -0.029 -0.056
514.862 60.00 60.0200 4.2 -0.023 -0.007
514.960 60.00 60.0300 3.9 -0.032 -0.072
515.062 60.00 60.0300 4.0 -0.028 -0.042
515.160 60.00 60.0300 3.9 -0.031 -0.061
515.262 60.00 60.0300 3.8 -0.034 -0.082
515.362 60.00 60.0300 3.8 -0.034 -0.079
515.460 60.00 60.0300 3.9 -0.031 -0.057
515.562 60.00 60.0200 4.3 -0.024 -0.005
515.659 60.00 60.0500 3.2 -0.047 -0.169
515.761 60.00 60.0700 2.1 -0.074 -0.351
515.861 60.00 60.0300 4.1 -0.030 -0.027
515.959 60.00 60.0300 4.1 -0.030 -0.031
516.061 60.00 60.0300 4.0 -0.032 -0.043
516.159 60.00 60.0300 4.0 -0.033 -0.053
516.261 60.00 60.0300 4.0 -0.032 -0.044
516.362 60.00 60.0300 4.1 -0.030 -0.031
516.460 60.00 60.0300 4.0 -0.033 -0.048
516.560 60.00 60.0300 4.0 -0.032 -0.044
516.660 60.00 60.0300 4.3 -0.026 0.001
516.760 60.00 60.0300 3.9 -0.035 -0.066
516.861 60.00 60.0300 4.0 -0.032 -0.038
516.960 60.00 60.0300 4.2 -0.027 -0.008
517.060 60.00 60.0400 3.9 -0.036 -0.070
517.159 60.00 60.0800 2.0 -0.078 -0.363
517.260 60.00 60.0500 3.3 -0.051 -0.157
517.359 60.00 60.0300 4.1 -0.033 -0.026
517.459 60.00 60.0300 4.2 -0.030 -0.007
517.559 60.00 60.0300 4.1 -0.033 -0.032
517.659 60.00 60.0300 4.3 -0.028 0.008
517.760 60.00 60.0400 4.0 -0.036 -0.053
517.859 60.00 60.0300 4.2 -0.030 -0.011
517.959 60.00 60.0500 3.3 -0.052 -0.161
518.060 60.00 60.0200 4.5 -0.025 0.029
518.158 60.00 60.0300 4.3 -0.028 0.004
518.260 60.00 60.0300 4.3 -0.029 -0.002
518.360 60.00 60.0400 3.8 -0.040 -0.079
518.459 60.00 60.0300 4.2 -0.030 -0.010
518.560 60.00 60.0400 3.8 -0.039 -0.073
518.657 60.00 60.0200 4.4 -0.025 0.026
518.759 60.00 60.0400 3.9 -0.037 -0.059
518.859 60.00 60.0400 3.8 -0.041 -0.083
518.957 60.00 60.0300 4.1 -0.034 -0.034
519.059 60.00 60.0300 4.1 -0.033 -0.028
519.157 60.00 60.0400 3.9 -0.037 -0.055
519.259 60.00 60.0300 4.0 -0.035 -0.041
519.359 60.00 60.0400 4.0 -0.037 -0.052
519.458 60.00 60.0400 4.0 -0.037 -0.051
519.559 60.00 60.0400 4.0 -0.036 -0.046
519.657 60.00 60.0300 4.2 -0.031 -0.013
519.759 60.00 60.0400 4.0 -0.037 -0.050
519.859 60.00 60.0400 3.7 -0.043 -0.094
519.957 60.00 60.0300 4.2 -0.031 -0.011
520.059 60.00 60.0300 4.1 -0.034 -0.030
520.157 60.00 60.0400 3.7 -0.042 -0.087
520.258 60.00 60.0400 3.8 -0.041 -0.080
520.359 60.00 60.0400 3.8 -0.041 -0.073
520.457 60.00 60.0300 4.3 -0.031 -0.003
520.557 60.00 60.0400 3.9 -0.040 -0.069
520.657 60.00 60.0300 4.1 -0.035 -0.030
520.757 60.00 60.0300 4.1 -0.035 -0.035
520.858 60.00 60.0400 4.0 -0.036 -0.038
520.957 60.00 60.0400 3.7 -0.043 -0.088
521.057 60.00 60.0400 3.8 -0.042 -0.077
521.157 60.00 60.0400 3.8 -0.042 -0.076
521.258 60.00 60.0400 3.9 -0.039 -0.055
521.357 60.00 60.0400 4.0 -0.037 -0.038
521.457 60.00 60.0500 3.6 -0.047 -0.112
521.557 60.00 60.0300 4.3 -0.032 0.000
521.657 60.00 60.0400 3.9 -0.041 -0.063
521.757 60.00 60.0400 3.8 -0.043 -0.079
521.857 60.00 60.0500 3.6 -0.048 -0.115
521.956 60.00 60.0400 3.8 -0.043 -0.076
522.056 60.00 60.0300 4.2 -0.035 -0.015
522.156 60.00 60.0300 4.2 -0.034 -0.008
522.257 60.00 60.0400 4.0 -0.038 -0.037
522.356 60.00 60.0500 3.6 -0.048 -0.107
522.456 60.00 60.0400 3.8 -0.044 -0.078
522.557 60.00 60.0600 3.0 -0.063 -0.207
522.655 60.00 60.0500 3.7 -0.048 -0.100
522.757 60.00 60.0300 4.2 -0.035 -0.004
522.857 60.00 60.0300 4.6 -0.026 0.057
522.955 60.00 60.0400 4.2 -0.036 -0.017
523.057 60.00 60.0400 3.9 -0.042 -0.056
523.155 60.00 60.0400 4.0 -0.040 -0.045
523.256 60.00 59.9700 7.0 0.030 0.447
523.357 60.00 60.0700 2.7 -0.067 -0.257
523.454 60.00 60.0400 3.9 -0.040 -0.054
523.556 60.00 60.0000 5.7 0.000 0.228
523.655 60.00 60.0400 4.0 -0.037 -0.048
523.756 60.00 60.0400 4.0 -0.036 -0.038
523.856 60.00 60.0400 3.8 -0.041 -0.076
523.954 60.00 60.0300 4.2 -0.032 -0.007
524.056 60.00 60.0400 3.9 -0.040 -0.064
524.155 60.00 60.0400 4.0 -0.037 -0.042
524.256 60.00 60.0400 3.8 -0.041 -0.074
524.356 60.00 60.0300 4.4 -0.028 0.025
524.455 60.00 60.0400 3.9 -0.039 -0.059
524.556 60.00 60.0200 4.8 -0.018 0.091
524.655 60.00 60.0400 4.0 -0.036 -0.041
524.755 60.00 60.0400 4.0 -0.037 -0.049
524.855 60.00 60.0400 3.6 -0.046 -0.107
524.954 60.00 60.0400 3.7 -0.044 -0.096
525.055 60.00 60.0400 3.9 -0.040 -0.066
525.154 60.00 60.0400 3.8 -0.042 -0.076
525.254 60.00 60.0400 3.9 -0.040 -0.061
525.355 60.00 60.0400 3.8 -0.043 -0.079
525.453 60.00 60.0500 3.5 -0.051 -0.133
525.555 60.00 60.0400 3.9 -0.040 -0.054
525.654 60.00 60.0400 3.9 -0.041 -0.061
525.754 60.00 60.0500 3.7 -0.046 -0.092
525.855 60.00 60.0400 3.9 -0.041 -0.057
525.953 60.00 60.0200 4.9 -0.018 0.103
526.055 60.00 60.0200 4.6 -0.025 0.049
526.155 60.00 60.0800 2.3 -0.077 -0.320
526.254 60.00 60.0500 3.5 -0.051 -0.122
526.355 60.00 60.0400 3.9 -0.042 -0.055
526.452 60.00 60.0500 3.5 -0.051 -0.121
526.554 60.00 60.0400 4.0 -0.041 -0.046
526.654 60.00 60.0500 3.5 -0.052 -0.123
526.752 60.00 60.0500 3.8 -0.046 -0.076
526.854 60.00 60.0500 3.6 -0.051 -0.112
526.952 60.00 60.0400 4.1 -0.040 -0.031
527.054 60.00 60.0600 3.0 -0.065 -0.202
527.154 60.00 60.0500 3.9 -0.046 -0.064
527.252 60.00 60.0600 3.3 -0.059 -0.154
527.354 60.00 60.0600 3.3 -0.060 -0.155
527.452 60.00 60.0500 3.9 -0.047 -0.064
527.554 60.00 60.0500 3.9 -0.047 -0.061
527.654 60.00 60.0400 4.0 -0.044 -0.041
527.752 60.00 60.0500 3.9 -0.047 -0.062
527.854 60.00 60.0400 4.2 -0.039 -0.005
527.951 60.00 60.0500 3.8 -0.049 -0.078
528.053 60.00 60.0400 4.1 -0.043 -0.033
528.153 60.00 60.0400 4.1 -0.042 -0.024
528.251 60.00 60.0500 3.9 -0.047 -0.060
528.353 60.00 60.0400 4.0 -0.045 -0.045
528.452 60.00 60.0400 4.2 -0.041 -0.018
528.553 60.00 60.0400 4.1 -0.042 -0.025
528.652 60.00 60.0400 4.0 -0.043 -0.035
528.752 60.00 60.0400 4.0 -0.045 -0.049
528.853 60.00 60.0500 3.5 -0.055 -0.117
528.951 60.00 60.0300 4.4 -0.034 0.029
529.053 60.00 60.0400 4.0 -0.045 -0.050
529.152 60.00 60.0500 3.9 -0.047 -0.065
529.252 60.00 60.0400 4.2 -0.041 -0.017
529.353 60.00 60.0500 3.9 -0.046 -0.054
529.450 60.00 60.0400 4.0 -0.044 -0.038
529.552 60.00 60.0500 3.6 -0.052 -0.099
529.652 60.00 60.0400 4.1 -0.043 -0.033
529.750 60.00 60.0900 2.1 -0.089 -0.353
529.852 60.00 60.0500 3.9 -0.047 -0.051
529.950 60.00 60.0500 3.9 -0.048 -0.053
530.052 60.00 60.0800 2.6 -0.079 -0.269
530.152 60.00 60.0400 4.5 -0.036 0.041
530.250 60.00 60.0400 4.4 -0.038 0.020
530.352 60.00 60.0500 3.9 -0.049 -0.057
530.450 60.00 60.0400 4.2 -0.042 -0.010
530.552 60.00 60.0500 3.8 -0.052 -0.080
530.652 60.00 60.0400 4.1 -0.044 -0.025
530.750 60.00 60.0500 4.0 -0.047 -0.044
530.852 60.00 60.0700 3.1 -0.068 -0.190
530.949 60.00 60.0500 3.9 -0.049 -0.052
531.051 60.00 60.0400 4.3 -0.040 0.011
531.151 60.00 60.0500 3.9 -0.050 -0.062
531.249 60.00 60.0400 4.4 -0.039 0.018
531.351 60.00 60.0400 4.1 -0.045 -0.029
531.450 60.00 60.0500 3.9 -0.048 -0.053
531.551 60.00 60.0500 4.0 -0.046 -0.037
531.651 60.00 60.0400 4.1 -0.044 -0.022
531.749 60.00 60.0400 4.3 -0.040 0.004
531.851 60.00 60.0300 4.5 -0.035 0.037
531.950 60.00 60.0400 4.3 -0.038 0.013
532.051 60.00 60.0400 4.2 -0.041 -0.011
532.151 60.00 60.0500 3.9 -0.048 -0.062
532.249 60.00 60.0400 4.3 -0.037 0.012
532.351 60.00 60.0400 4.2 -0.040 -0.010
532.450 60.00 60.0500 3.9 -0.047 -0.057
532.550 60.00 60.0500 3.9 -0.047 -0.059
532.649 60.00 60.0500 3.9 -0.047 -0.061
532.749 60.00 60.0400 4.1 -0.043 -0.028
532.850 60.00 60.0400 4.1 -0.042 -0.025
532.948 60.00 60.0900 1.8 -0.095 -0.394
533.050 60.00 60.0400 4.2 -0.043 -0.013
533.150 60.00 60.0500 4.0 -0.047 -0.045
533.249 60.00 60.0500 4.0 -0.047 -0.048
533.350 60.00 60.0400 4.1 -0.044 -0.022
533.448 60.00 60.0500 3.8 -0.050 -0.067
533.550 60.00 60.0500 4.0 -0.047 -0.042
533.650 60.00 60.0400 4.1 -0.044 -0.022
533.748 60.00 60.0500 4.0 -0.047 -0.044
533.850 60.00 60.0500 3.9 -0.049 -0.064
533.948 60.00 60.0400 4.2 -0.042 -0.011
534.049 60.00 60.0300 4.7 -0.029 0.075
534.150 60.00 60.0400 4.2 -0.040 -0.005
534.247 60.00 60.0500 3.9 -0.046 -0.051
534.349 60.00 60.0400 4.1 -0.044 -0.031
534.448 60.00 60.0500 3.9 -0.048 -0.060
534.549 60.00 60.0400 4.2 -0.041 -0.012
534.649 60.00 60.0400 4.2 -0.039 -0.000
534.747 60.00 60.0400 4.4 -0.036 0.019
534.849 60.00 60.0000 5.8 -0.003 0.247
534.948 60.00 60.0400 4.1 -0.039 -0.017
535.049 60.00 60.0500 3.7 -0.050 -0.095
535.149 60.00 60.0500 3.6 -0.052 -0.106
535.247 60.00 60.0500 3.6 -0.052 -0.106
535.349 60.00 60.0600 3.3 -0.058 -0.147
535.448 60.00 60.0500 3.8 -0.048 -0.068
535.547 60.00 60.0500 3.5 -0.055 -0.116
535.649 60.00 60.0600 3.3 -0.060 -0.153
535.746 60.00 60.0500 3.7 -0.052 -0.088
535.848 60.00 60.0400 4.4 -0.036 0.025
535.947 60.00 60.0400 4.1 -0.042 -0.018
536.047 60.00 60.0300 4.4 -0.035 0.025
536.148 60.00 60.0400 4.3 -0.038 0.003
536.246 60.00 60.0500 3.6 -0.052 -0.097
536.348 60.00 60.0400 4.0 -0.043 -0.034
536.447 60.00 60.0400 4.2 -0.040 -0.013
536.548 60.00 60.0400 4.3 -0.037 0.011
536.647 60.00 60.0400 4.0 -0.045 -0.048
536.747 60.00 60.0400 4.0 -0.044 -0.042
536.848 60.00 60.0400 4.1 -0.041 -0.022
536.947 60.00 60.0500 3.8 -0.047 -0.067
537.047 60.00 60.0400 3.9 -0.046 -0.053
537.147 60.00 60.0500 3.6 -0.053 -0.102
537.246 60.00 60.0500 3.8 -0.049 -0.076
537.347 60.00 60.0500 3.9 -0.046 -0.052
537.446 60.00 60.0400 4.2 -0.040 -0.009
537.546 60.00 60.0400 4.1 -0.042 -0.024
537.647 60.00 60.0400 4.0 -0.045 -0.047
537.745 60.00 60.0500 3.9 -0.047 -0.059
537.847 60.00 60.0400 4.1 -0.042 -0.024
537.946 60.00 60.0100 5.3 -0.013 0.178
538.046 60.00 60.0400 4.0 -0.043 -0.043
538.147 60.00 60.0500 3.7 -0.049 -0.084
538.245 60.00 60.0400 4.0 -0.044 -0.045
538.347 60.00 60.0500 3.6 -0.053 -0.109
538.447 60.00 60.0400 4.0 -0.044 -0.046
538.545 60.00 60.0400 3.9 -0.045 -0.050
538.647 60.00 60.0500 3.5 -0.054 -0.111
538.744 60.00 60.0400 4.0 -0.044 -0.042
538.846 60.00 60.0400 4.1 -0.041 -0.019
538.946 60.00 60.0500 3.9 -0.046 -0.055
539.044 60.00 60.0400 4.2 -0.039 -0.005
539.146 60.00 60.0400 4.0 -0.044 -0.041
539.245 60.00 60.0500 3.6 -0.052 -0.099
539.346 60.00 60.0500 3.5 -0.054 -0.111
539.446 60.00 60.0400 4.0 -0.043 -0.035
539.544 60.00 60.0400 4.0 -0.044 -0.042
539.646 60.00 60.0700 2.8 -0.071 -0.231
539.745 60.00 60.0500 3.9 -0.046 -0.047
539.845 60.00 60.0400 4.1 -0.042 -0.020
539.946 60.00 60.0500 3.8 -0.050 -0.076
540.045 60.00 60.0500 3.8 -0.051 -0.078
540.146 60.00 60.0400 4.3 -0.039 0.005
540.244 60.00 60.0300 4.5 -0.032 0.049
540.345 60.00 60.0500 3.9 -0.046 -0.052
540.444 60.00 60.0500 3.9 -0.047 -0.061
540.544 60.00 60.0500 3.5 -0.055 -0.111
540.645 60.00 60.0400 4.3 -0.038 0.008
540.743 60.00 60.0500 3.9 -0.047 -0.059
540.845 60.00 60.0400 4.0 -0.046 -0.045
540.945 60.00 60.0400 4.3 -0.038 0.006
541.043 60.00 60.0400 4.0 -0.044 -0.034
541.145 60.00 60.0400 4.0 -0.045 -0.044
541.243 60.00 60.0400 4.1 -0.041 -0.018
541.345 60.00 60.0400 4.0 -0.043 -0.032
541.445 60.00 60.0400 3.9 -0.045 -0.047
541.543 60.00 60.0400 4.3 -0.038 0.005
541.645 60.00 60.0400 4.2 -0.040 -0.012
541.742 60.00 60.0400 4.1 -0.041 -0.024
541.844 60.00 60.0400 4.2 -0.045 0.001
541.944 60.00 60.0500 4.3 -0.048 0.020
542.043 60.00 60.0500 4.8 -0.043 0.091
542.143 60.00 60.0400 5.3 -0.036 0.178
542.243 60.01 60.0400 5.5 -0.037 0.204
542.344 60.01 60.0400 5.6 -0.037 0.229
542.443 60.01 60.0400 6.0 -0.033 0.285
542.543 60.01 60.0400 6.2 -0.032 0.320
542.643 60.02 60.0400 6.5 -0.028 0.367
542.743 60.02 60.0500 6.6 -0.029 0.381
542.844 60.02 60.0900 4.9 -0.070 0.110
542.943 60.03 60.0200 8.3 0.005 0.663
543.043 60.03 60.0400 7.9 -0.005 0.592
543.144 60.04 60.0500 7.8 -0.009 0.574
543.241 60.04 60.0400 8.1 -0.001 0.631
543.343 60.05 60.0500 8.3 0.002 0.659
543.443 60.05 60.0500 8.5 0.008 0.697
543.542 60.06 60.0400 9.0 0.019 0.774
543.643 60.07 60.0400 9.3 0.028 0.828
543.741 60.07 60.0500 9.2 0.025 0.800
543.843 60.08 60.0400 9.7 0.039 0.886
543.943 60.09 60.0400 10.1 0.049 0.948
544.041 60.10 60.0400 10.3 0.056 0.981
544.143 60.10 60.0400 10.4 0.061 0.994
544.242 60.11 60.0600 10.0 0.054 0.930
544.343 60.12 60.0500 10.7 0.073 1.044
544.442 60.13 60.0400 11.0 0.083 1.094
544.542 60.14 60.0300 11.8 0.106 1.231
544.643 60.15 60.0400 11.5 0.103 1.177
544.740 60.15 60.0500 11.6 0.109 1.192
544.842 60.16 60.0500 11.8 0.118 1.225
544.942 60.17 60.0400 12.2 0.131 1.289
545.040 60.18 60.0400 12.3 0.138 1.304
545.142 60.19 60.0400 12.6 0.149 1.347
545.240 60.20 60.0400 12.8 0.162 1.395
545.342 60.21 60.0400 12.9 0.169 1.405
545.442 60.22 60.0500 13.1 0.178 1.434
545.540 60.23 60.0400 13.4 0.191 1.478
545.642 60.25 60.0500 13.2 0.194 1.459
545.741 60.26 60.0400 13.8 0.214 1.553
545.841 60.27 60.0500 13.8 0.220 1.551
545.942 60.28 60.0400 14.2 0.236 1.614
546.040 60.29 60.0500 14.2 0.241 1.605
546.142 60.30 60.0500 14.5 0.255 1.654
546.241 60.31 60.0500 14.8 0.269 1.701
546.340 60.33 60.0400 15.1 0.285 1.759
546.442 60.34 60.0400 15.3 0.297 1.784
546.539 60.35 60.0800 13.9 0.273 1.563
546.641 60.36 60.0400 15.8 0.325 1.874
546.740 60.38 60.0500 15.5 0.326 1.820
546.840 60.39 60.0500 15.6 0.337 1.842
546.941 60.40 60.0500 15.9 0.351 1.880
547.039 60.42 60.0500 16.1 0.365 1.917
547.141 60.43 60.0500 16.5 0.382 1.975
547.240 60.44 60.0500 16.6 0.395 2.002
547.340 60.46 60.0500 16.5 0.402 1.983
547.441 60.47 60.0600 16.5 0.411 1.985
547.539 60.48 60.0500 17.1 0.433 2.075
547.641 60.50 60.0500 17.3 0.448 2.112
547.740 60.51 60.0500 17.5 0.463 2.145
547.839 60.53 60.0500 17.5 0.473 2.146
547.941 60.54 60.0500 18.0 0.494 2.222
548.038 60.55 60.0500 18.0 0.505 2.225
548.140 60.57 60.0600 17.9 0.512 2.201
548.240 60.58 60.0600 18.0 0.524 2.215
548.340 60.60 60.0500 18.6 0.549 2.321
548.439 60.61 60.0600 18.4 0.554 2.277
548.539 60.63 60.0600 18.5 0.568 2.298
548.640 60.64 60.0600 18.9 0.588 2.361
548.739 60.66 60.0600 18.9 0.599 2.362
548.840 60.67 60.0700 18.7 0.605 2.333
548.940 60.69 60.0500 19.7 0.639 2.489
549.038 60.70 60.0600 19.3 0.642 2.429
549.140 60.72 60.0400 20.4 0.678 2.604
549.239 60.74 60.0700 19.4 0.667 2.444
549.338 60.75 60.0700 19.6 0.683 2.470
549.440 60.77 60.0700 19.9 0.701 2.524
549.537 60.78 60.0600 20.2 0.719 2.562
549.639 60.80 60.0300 21.9 0.771 2.845
549.739 60.81 60.0300 21.9 0.785 2.848
549.838 60.83 60.0700 20.4 0.762 2.592
549.939 60.85 60.0800 20.2 0.769 2.563
550.037 60.86 60.0800 20.2 0.782 2.568
550.139 60.88 60.0800 20.7 0.804 2.644
550.239 60.90 60.0800 20.7 0.816 2.644
550.338 60.91 60.0800 20.9 0.834 2.684
550.439 60.93 60.0800 21.0 0.847 2.696
550.537 60.95 60.0900 21.1 0.860 2.701
550.639 60.96 60.0900 21.2 0.875 2.722
550.739 60.98 60.0900 21.4 0.892 2.752
550.837 61.00 60.0900 21.3 0.903 2.745
550.939 61.01 60.1000 21.5 0.918 2.764
551.036 61.03 60.1000 21.6 0.933 2.785
551.138 61.05 60.0900 22.1 0.956 2.860
551.238 61.06 60.1600 19.3 0.904 2.407
551.336 61.08 60.1100 21.6 0.967 2.778
551.438 61.10 60.1100 22.0 0.989 2.851
551.537 61.12 60.1100 22.1 1.004 2.870
551.637 61.13 60.1100 22.3 1.020 2.898
551.738 61.15 60.1200 22.2 1.029 2.872
551.837 61.17 60.1100 23.0 1.061 3.007
551.937 61.18 60.1300 22.4 1.059 2.905
552.037 61.20 60.1100 23.4 1.096 3.076
552.137 61.22 60.1200 22.9 1.097 2.991
552.238 61.24 60.1300 22.9 1.109 2.982
552.336 61.26 60.1400 22.8 1.119 2.963
552.438 61.27 60.1400 23.0 1.137 3.006
552.536 61.29 60.1400 23.2 1.154 3.036
552.637 61.31 60.1500 23.0 1.162 3.004
552.737 61.33 60.1700 22.0 1.151 2.839
552.835 61.34 60.1500 23.3 1.193 3.051
552.937 61.36 60.1600 23.4 1.205 3.051
553.036 61.38 60.1600 23.4 1.219 3.057
553.136 61.40 60.1700 23.5 1.232 3.067
553.237 61.42 60.1700 23.6 1.248 3.086
553.336 61.43 60.1800 23.4 1.256 3.059
553.436 61.45 60.1900 23.2 1.263 3.022
553.536 61.47 60.1900 23.6 1.284 3.082
553.637 61.49 60.1900 23.8 1.301 3.117
553.736 61.51 60.1900 24.1 1.320 3.161
553.836 61.52 60.2200 23.0 1.308 2.989
553.937 61.54 60.2000 24.3 1.348 3.189
554.034 61.56 60.2000 24.2 1.358 3.172
554.136 61.58 60.2100 24.0 1.367 3.147
554.236 61.60 60.2200 24.1 1.381 3.161
554.334 61.62 60.2300 24.0 1.390 3.142
554.436 61.64 60.2300 24.4 1.410 3.195
554.535 61.65 60.2300 24.2 1.419 3.174
554.636 61.67 60.2300 24.7 1.442 3.249
554.736 61.69 60.2400 24.3 1.446 3.189
554.834 61.71 60.2400 24.7 1.467 3.254
554.936 61.73 60.2500 24.8 1.479 3.255
555.035 61.75 60.2600 24.6 1.489 3.232
555.136 61.77 60.2600 24.8 1.505 3.259
555.236 61.78 60.2700 24.6 1.513 3.232
555.334 61.80 60.2800 24.7 1.527 3.246
555.436 61.82 60.2800 24.7 1.538 3.243
555.534 61.84 60.2900 24.9 1.554 3.271
555.634 61.86 60.2900 25.0 1.567 3.282
555.735 61.88 60.3000 25.0 1.579 3.279
555.833 61.90 60.3100 24.9 1.587 3.259
555.935 61.92 60.3300 24.5 1.591 3.199
556.034 61.93 60.3000 25.7 1.630 3.396
556.134 61.95 60.3300 24.9 1.622 3.257
556.235 61.97 60.3500 24.5 1.626 3.201
556.334 61.99 60.3500 24.6 1.637 3.208
556.435 62.01 60.3500 25.1 1.661 3.295
556.533 62.03 60.3700 24.8 1.663 3.232
556.635 62.05 60.3700 24.9 1.677 3.256
556.735 62.07 60.3800 24.9 1.687 3.248
556.833 62.09 60.3800 25.0 1.702 3.272
556.935 62.11 60.3900 25.2 1.716 3.297
557.034 62.12 60.4000 25.0 1.723 3.270
557.133 62.14 60.4200 24.7 1.726 3.217
557.234 62.16 60.4200 25.0 1.743 3.263
557.332 62.18 60.4300 24.8 1.748 3.225
557.434 62.20 60.4400 24.9 1.761 3.245
557.533 62.22 60.4500 25.0 1.774 3.259
557.633 62.24 60.4600 24.9 1.781 3.235
557.734 62.26 60.4700 24.9 1.792 3.246
557.832 62.28 60.4800 24.9 1.800 3.232
557.934 62.30 60.4900 24.7 1.806 3.203
558.033 62.32 60.5000 24.8 1.818 3.217
558.133 62.34 60.5000 24.9 1.831 3.239
558.234 62.35 60.5200 24.7 1.834 3.195
558.333 62.37 60.5700 23.0 1.804 2.915
558.433 62.39 60.5600 23.9 1.832 3.060
558.533 62.41 60.5500 24.8 1.861 3.201
558.633 62.43 60.5500 25.2 1.879 3.265
558.732 62.45 60.5800 24.4 1.872 3.144
558.832 62.47 60.5800 24.7 1.887 3.188
558.933 62.49 60.5900 25.1 1.905 3.248
559.031 62.51 60.6000 24.8 1.908 3.202
559.133 62.53 60.6000 25.3 1.927 3.279
559.233 62.55 60.6400 24.2 1.912 3.102
559.331 62.57 60.6500 24.2 1.920 3.103
559.433 62.59 60.6600 24.2 1.928 3.099
559.532 62.61 60.6600 24.9 1.951 3.204
559.633 62.63 60.6800 24.4 1.948 3.122
559.733 62.65 60.7000 23.9 1.946 3.049
559.831 62.67 60.7100 24.0 1.954 3.055
559.933 62.68 60.7200 24.2 1.967 3.087
560.032 62.70 60.7300 24.0 1.970 3.058
560.131 62.72 60.7400 24.1 1.981 3.076
560.233 62.74 60.7600 24.0 1.984 3.048
560.331 62.76 60.8000 23.0 1.968 2.879
560.432 62.78 60.8000 23.6 1.987 2.973
560.530 62.80 60.8000 23.9 2.002 3.028
560.632 62.82 60.8100 24.2 2.015 3.072
560.732 62.84 60.8200 24.0 2.019 3.046
560.830 62.86 60.8400 23.8 2.021 3.009
560.932 62.88 60.8500 23.8 2.027 2.997
561.031 62.90 60.8600 23.9 2.037 3.024
561.131 62.92 60.8800 23.6 2.035 2.963
561.232 62.94 60.8900 23.7 2.045 2.983
561.330 62.96 60.9200 23.2 2.039 2.900
561.432 62.98 60.9200 23.6 2.054 2.962
561.531 63.00 60.9400 23.3 2.054 2.916
561.630 63.02 60.9500 23.6 2.066 2.954
561.732 63.04 60.9700 23.3 2.065 2.906
561.830 63.06 60.9400 25.1 2.113 3.200
561.930 63.08 61.0000 23.2 2.077 2.897
562.030 63.10 61.0200 23.0 2.078 2.859
562.130 63.12 61.0300 23.2 2.087 2.887
562.231 63.14 61.0500 23.1 2.090 2.872
562.330 63.16 61.0700 22.7 2.086 2.806
562.430 63.17 61.0800 23.1 2.099 2.857
562.530 63.19 61.0900 23.1 2.104 2.857
562.631 63.21 61.1200 22.6 2.099 2.784
562.730 63.23 61.1300 22.7 2.105 2.796
562.830 63.25 61.1400 23.0 2.116 2.839
562.931 63.27 61.1700 22.3 2.105 2.724
563.030 63.29 61.1600 23.3 2.132 2.882
563.130 63.31 61.2000 22.2 2.112 2.703
563.231 63.33 61.2100 22.4 2.120 2.729
563.328 63.35 61.2200 22.6 2.129 2.764
563.430 63.37 61.2500 22.3 2.127 2.718
563.530 63.39 61.2700 21.9 2.121 2.651
563.629 63.41 61.2800 22.1 2.127 2.670
563.730 63.43 61.3000 22.1 2.133 2.679
563.828 63.45 61.3200 22.0 2.134 2.658
563.930 63.47 61.3400 21.9 2.135 2.643
564.030 63.49 61.3300 22.8 2.159 2.787
564.129 63.51 61.3700 21.6 2.136 2.591
564.230 63.53 61.3900 21.8 2.142 2.611
564.328 63.55 61.4100 21.7 2.144 2.602
564.430 63.57 61.4200 21.7 2.146 2.598
564.530 63.59 61.4500 21.5 2.143 2.558
564.629 63.61 61.4600 21.6 2.150 2.578
564.730 63.63 61.4700 21.7 2.155 2.598
564.827 63.65 61.5000 21.5 2.153 2.560
564.929 63.67 61.5200 21.3 2.151 2.527
565.029 63.69 61.5200 22.0 2.169 2.632
565.127 63.71 61.5500 21.3 2.156 2.521
565.229 63.73 61.5800 21.0 2.152 2.473
565.328 63.75 61.6000 20.9 2.151 2.454
565.428 63.77 61.6300 20.4 2.142 2.372
565.529 63.79 61.6400 20.7 2.150 2.417
565.627 63.81 61.6600 20.4 2.143 2.359
565.729 63.83 61.6900 20.2 2.140 2.328
565.828 63.85 61.7000 20.6 2.150 2.388
565.928 63.87 61.7300 20.1 2.141 2.312
566.029 63.89 61.7400 20.3 2.147 2.344
566.128 63.91 61.7700 19.7 2.133 2.238
566.228 63.93 61.7900 19.9 2.138 2.273
566.327 63.95 61.8100 19.9 2.139 2.270
566.428 63.97 61.8300 19.8 2.138 2.258
566.527 63.99 61.8500 19.8 2.139 2.257
566.627 64.01 61.8800 19.2 2.124 2.146
566.728 64.03 61.8900 19.5 2.131 2.200
566.826 64.05 61.9200 19.3 2.127 2.164
566.928 64.07 61.9400 19.3 2.127 2.162
567.028 64.09 61.9600 19.3 2.126 2.155
567.126 64.11 61.9800 19.4 2.130 2.183
567.228 64.13 62.0000 19.4 2.130 2.181
567.327 64.15 62.0200 19.1 2.122 2.120
567.427 64.17 62.0500 19.0 2.120 2.109
567.528 64.19 62.0600 19.4 2.128 2.160
567.626 64.21 62.0900 18.9 2.117 2.088
567.728 64.23 62.1100 18.9 2.117 2.086
567.826 64.25 62.1300 19.0 2.117 2.095
567.926 64.27 62.1800 17.6 2.086 1.875
568.027 64.29 62.1800 18.5 2.104 2.010
568.125 64.31 62.2100 18.0 2.093 1.936
568.227 64.32 62.2300 18.2 2.096 1.968
568.325 64.34 62.2500 18.0 2.090 1.929
568.427 64.36 62.2700 18.2 2.092 1.952
568.527 64.38 62.3000 17.9 2.083 1.903
568.625 64.40 62.3300 17.8 2.079 1.884
568.727 64.42 62.3500 17.7 2.078 1.877
568.825 64.44 62.3700 17.5 2.070 1.841
568.927 64.46 62.4000 17.6 2.069 1.841
569.027 64.48 62.4200 17.5 2.066 1.832
569.125 64.50 62.4500 17.2 2.058 1.788
569.227 64.52 62.4700 17.4 2.058 1.805
569.326 64.54 62.4900 17.2 2.054 1.787
569.425 64.56 62.5200 17.1 2.049 1.763
569.526 64.58 62.5300 17.3 2.050 1.785
569.625 64.60 62.5600 17.1 2.043 1.754
569.725 64.62 62.5800 17.0 2.039 1.740
569.825 64.64 62.6200 16.6 2.027 1.669
569.926 64.66 62.6400 16.7 2.026 1.679
570.025 64.68 62.6600 16.7 2.023 1.680
570.125 64.70 62.6900 16.4 2.013 1.625
570.225 64.72 62.7100 16.4 2.012 1.636
570.325 64.74 62.7400 16.2 2.004 1.599
570.426 64.76 62.7700 16.0 1.995 1.561
570.525 64.78 62.7900 16.1 1.995 1.577
570.625 64.80 62.8200 15.8 1.984 1.524
570.726 64.82 62.8500 15.6 1.978 1.499
570.824 64.84 62.9200 13.4 1.921 1.133
570.925 64.86 62.9000 15.6 1.968 1.496
571.026 64.88 62.9300 15.2 1.955 1.431
571.123 64.90 62.9800 14.2 1.926 1.252
571.225 64.92 62.9700 15.4 1.949 1.448
571.324 64.94 63.0000 15.3 1.943 1.429
571.424 64.96 63.0300 14.9 1.931 1.372
571.525 64.98 63.0500 15.2 1.933 1.417
571.624 65.00 63.0900 14.6 1.916 1.320
571.725 65.02 63.1000 15.0 1.920 1.383
571.824 65.04 63.1300 14.8 1.911 1.345
571.924 65.06 63.1500 15.0 1.912 1.381
572.025 65.08 63.1800 14.9 1.905 1.355
572.123 65.10 63.2100 14.6 1.894 1.310
572.225 65.12 63.2400 14.3 1.883 1.262
572.323 65.14 63.2700 14.0 1.871 1.208
572.424 65.16 63.3000 14.0 1.866 1.209
572.525 65.18 63.3200 14.0 1.861 1.201
572.622 65.20 63.3500 13.8 1.852 1.171
572.724 65.22 63.3800 13.7 1.843 1.145
572.823 65.24 63.4100 13.6 1.837 1.139
572.923 65.26 63.4300 13.8 1.836 1.162
573.024 65.28 63.4500 13.7 1.829 1.153
573.122 65.30 63.4800 13.7 1.824 1.148
573.224 65.32 63.5000 13.8 1.820 1.156
573.323 65.34 63.5300 13.8 1.816 1.161
573.423 65.36 63.5800 12.5 1.781 0.945
573.524 65.38 63.5800 13.6 1.800 1.125
573.623 65.40 63.6200 13.3 1.787 1.067
573.724 65.42 63.6500 13.1 1.777 1.030
573.823 65.44 63.7200 10.8 1.718 0.657
573.922 65.46 63.7000 13.0 1.761 1.013
574.024 65.48 63.7200 13.2 1.760 1.042
574.122 65.50 63.7500 13.1 1.754 1.031
574.223 65.52 63.7800 12.7 1.739 0.968
574.322 65.54 63.8100 12.7 1.733 0.969
574.422 65.56 63.8700 11.2 1.692 0.714
574.523 65.58 63.8700 12.4 1.713 0.911
574.622 65.60 63.8900 12.7 1.715 0.962
574.723 65.62 63.9200 12.3 1.699 0.890
574.823 65.64 63.9200 13.4 1.720 1.074
574.923 65.66 63.9700 12.4 1.691 0.905
575.022 65.68 64.0100 11.9 1.674 0.829
575.122 65.70 64.0300 12.2 1.674 0.868
575.222 65.72 64.0600 11.9 1.661 0.825
575.322 65.74 64.0900 11.8 1.652 0.803
575.422 65.76 64.1200 11.6 1.641 0.766
575.522 65.78 64.1400 12.0 1.645 0.836
575.621 65.80 64.1800 11.5 1.627 0.754
575.721 65.82 64.2000 11.7 1.624 0.775
575.822 65.84 64.2300 11.4 1.612 0.737
575.921 65.86 64.2600 11.4 1.605 0.728
576.021 65.88 64.2800 11.6 1.603 0.759
576.121 65.90 64.3000 11.7 1.600 0.782
576.222 65.92 64.3400 11.1 1.579 0.670
576.322 65.94 64.3700 11.1 1.572 0.668
576.421 65.96 64.4000 11.1 1.565 0.669
576.522 65.98 64.4300 10.7 1.550 0.604
576.621 66.00 64.4600 10.7 1.544 0.609
576.722 66.02 64.4800 10.8 1.538 0.617
576.822 66.04 64.5100 10.9 1.535 0.638
576.920 66.06 64.5100 11.9 1.551 0.795
577.022 66.08 64.5700 10.7 1.518 0.602
577.120 66.10 64.5900 10.9 1.515 0.627
577.220 66.12 64.6200 10.5 1.500 0.568
577.321 66.14 64.6400 10.8 1.500 0.615
577.419 66.16 64.6700 10.9 1.495 0.622
577.521 66.18 64.7000 10.8 1.486 0.604
577.620 66.20 64.7200 11.0 1.485 0.639
577.721 66.22 64.7500 10.9 1.475 0.617
577.821 66.24 64.7900 10.2 1.454 0.511
577.919 66.26 64.8200 9.9 1.439 0.455
578.021 66.28 64.8700 9.2 1.416 0.342
578.120 66.30 64.8700 10.3 1.435 0.526
578.220 66.32 64.9000 10.1 1.424 0.493
578.321 66.34 64.9300 10.2 1.418 0.498
578.419 66.36 64.9500 10.2 1.411 0.498
578.521 66.38 64.9800 10.0 1.401 0.474
578.619 66.40 64.9900 10.8 1.413 0.605
578.719 66.42 65.0400 9.9 1.386 0.456
578.820 66.44 65.0600 9.9 1.379 0.451
578.918 66.46 65.0900 9.8 1.369 0.426
579.020 66.48 65.1300 9.6 1.357 0.393
579.119 66.50 65.1100 11.3 1.391 0.679
579.219 66.52 65.1800 9.6 1.346 0.397
579.320 66.54 65.2000 9.6 1.339 0.394
579.418 66.56 65.2400 9.2 1.322 0.324
579.520 66.58 65.2600 9.6 1.323 0.384
579.619 66.60 65.2900 9.5 1.316 0.379
579.719 66.62 65.3300 8.7 1.290 0.245
579.820 66.64 65.3500 9.1 1.291 0.302
579.918 66.66 65.3800 8.9 1.279 0.273
580.020 66.68 65.3700 10.8 1.315 0.571
580.118 66.70 65.4400 8.8 1.264 0.254
580.219 66.72 65.4700 8.6 1.253 0.223
580.318 66.74 65.4900 8.9 1.251 0.262
580.417 66.76 65.5400 8.0 1.225 0.128
580.519 66.78 65.5500 8.7 1.232 0.232
580.617 66.80 65.5700 9.2 1.235 0.305
580.719 66.82 65.6000 8.9 1.222 0.264
580.819 66.84 65.6300 8.8 1.214 0.250
580.917 66.86 65.6600 8.9 1.208 0.256
581.019 66.88 65.6500 10.5 1.237 0.513
581.118 66.90 65.7100 8.9 1.196 0.261
581.218 66.92 65.7400 8.6 1.183 0.212
581.319 66.94 65.7700 8.5 1.174 0.200
581.417 66.96 65.8400 6.6 1.121 -0.123
581.519 66.98 65.8300 8.2 1.150 0.140
581.617 67.00 65.8500 8.5 1.149 0.187
581.717 67.02 65.8900 8.1 1.134 0.128
581.818 67.04 65.9100 8.6 1.136 0.195
581.916 67.06 65.9300 8.7 1.132 0.214
582.018 67.08 65.9600 8.7 1.126 0.218
582.117 67.10 65.9900 8.2 1.109 0.144
582.217 67.12 66.0300 8.0 1.097 0.104
582.318 67.14 66.0500 8.1 1.092 0.123
582.416 67.16 66.0800 8.2 1.086 0.131
582.518 67.18 66.1000 8.5 1.086 0.179
582.617 67.20 66.1300 8.2 1.073 0.128
582.717 67.22 66.1600 8.2 1.066 0.132
582.818 67.24 66.1900 7.8 1.050 0.067
582.916 67.26 66.2100 8.3 1.055 0.146
583.018 67.28 66.2400 8.2 1.044 0.119
583.117 67.30 66.2700 8.0 1.034 0.093
583.216 67.32 66.2900 8.1 1.029 0.107
583.317 67.34 66.3200 8.1 1.022 0.101
583.416 67.36 66.3800 6.6 0.981 -0.136
583.517 67.38 66.3400 9.6 1.042 0.346
583.616 67.40 66.4300 7.0 0.979 -0.065
583.716 67.42 66.4400 7.8 0.987 0.049
583.817 67.44 66.4700 7.5 0.975 0.008
583.915 67.46 66.5000 7.5 0.969 0.012
584.017 67.48 66.5200 7.7 0.965 0.035
584.116 67.50 66.5400 7.9 0.962 0.063
584.217 67.52 66.5700 7.7 0.953 0.043
584.316 67.54 66.6000 7.7 0.944 0.027
584.416 67.56 66.6200 7.8 0.942 0.057
584.517 67.58 66.6400 8.2 0.945 0.122
584.615 67.60 66.6800 7.8 0.928 0.042
584.716 67.62 66.7000 7.9 0.924 0.061
584.817 67.64 66.7000 8.9 0.942 0.232
584.914 67.66 66.7600 7.5 0.904 -0.002
585.016 67.68 66.7900 7.5 0.898 -0.000
585.115 67.70 66.8100 7.5 0.890 -0.006
585.215 67.72 66.8300 8.0 0.895 0.068
585.316 67.74 66.8400 8.4 0.900 0.148
585.415 67.76 66.8900 7.6 0.875 0.013
585.516 67.78 66.9200 7.3 0.862 -0.040
585.615 67.80 66.9500 7.2 0.854 -0.052
585.715 67.82 66.9800 7.3 0.849 -0.035
585.816 67.84 67.0000 7.4 0.844 -0.028
585.914 67.86 67.0300 7.3 0.836 -0.044
586.016 67.88 67.0500 7.6 0.836 0.005
586.115 67.90 67.0800 7.5 0.828 -0.012
586.214 67.92 67.1000 7.7 0.827 0.022
586.316 67.94 67.1300 7.7 0.820 0.012
586.413 67.96 67.1400 8.3 0.829 0.115
586.514 67.98 67.1800 7.6 0.807 -0.003
586.614 68.00 67.2000 7.6 0.802 0.003
586.714 68.02 67.2300 7.8 0.799 0.026
586.815 68.04 67.2500 7.8 0.794 0.026
586.914 68.06 67.2800 7.5 0.781 -0.022
587.015 68.08 67.3000 7.8 0.782 0.025
587.114 68.10 67.3300 7.6 0.773 -0.000
587.214 68.12 67.3600 7.5 0.766 -0.013
587.315 68.15 67.3900 7.4 0.757 -0.039
587.414 68.17 67.4100 7.5 0.753 -0.023
587.515 68.19 67.4400 7.3 0.743 -0.059
587.614 68.21 67.4700 7.4 0.739 -0.045
587.713 68.23 67.4900 7.6 0.739 -0.004
587.815 68.25 67.5200 7.3 0.727 -0.052
587.913 68.27 67.5300 7.8 0.732 0.021
588.013 68.29 67.5600 7.7 0.725 0.005
588.114 68.31 67.6000 7.0 0.703 -0.110
588.214 68.33 67.6300 6.8 0.694 -0.136
588.313 68.35 67.6600 6.7 0.685 -0.157
588.413 68.37 67.6800 7.0 0.687 -0.100
588.514 68.39 67.7000 7.3 0.686 -0.068
588.613 68.41 67.7300 7.2 0.679 -0.079
588.713 68.43 67.7500 7.3 0.676 -0.062
588.814 68.45 67.7800 7.0 0.663 -0.115
588.912 68.47 67.8000 7.3 0.664 -0.068
589.014 68.49 67.8200 7.3 0.661 -0.055
589.114 68.51 67.8500 7.2 0.653 -0.072
589.212 68.53 67.8800 7.3 0.650 -0.058
589.314 68.55 67.9000 7.3 0.644 -0.067
589.412 68.57 67.9200 7.4 0.641 -0.049
589.512 68.59 67.9700 6.7 0.619 -0.172
589.613 68.61 67.9800 7.2 0.626 -0.081
589.711 68.63 68.0300 5.9 0.591 -0.293
589.813 68.65 68.0400 6.8 0.606 -0.144
589.912 68.67 68.0500 7.5 0.616 -0.034
590.012 68.69 68.0800 7.5 0.610 -0.045
590.113 68.71 68.1000 7.5 0.605 -0.046
590.211 68.73 68.1300 7.4 0.599 -0.057
590.313 68.75 68.1500 7.6 0.600 -0.016
590.412 68.77 68.1700 7.7 0.596 -0.014
590.512 68.79 68.2000 7.5 0.588 -0.039
590.613 68.81 68.2200 7.7 0.588 -0.006
590.711 68.83 68.2400 7.8 0.585 0.005
590.813 68.85 68.2700 7.5 0.576 -0.034
590.911 68.87 68.2800 8.0 0.583 0.047
591.011 68.89 68.3100 7.7 0.571 -0.010
591.112 68.91 68.3400 7.8 0.570 0.011
591.210 68.93 68.3700 7.4 0.556 -0.058
591.312 68.95 68.4000 7.0 0.541 -0.133
591.411 68.97 68.4200 7.6 0.550 -0.034
591.511 68.99 68.4400 7.3 0.541 -0.069
591.612 69.01 68.4600 7.5 0.541 -0.038
591.710 69.03 68.4900 7.4 0.534 -0.061
591.812 69.05 68.5100 7.5 0.532 -0.046
591.911 69.07 68.5400 7.7 0.531 -0.023
592.011 69.09 68.5600 7.6 0.525 -0.033
592.112 69.11 68.5800 7.6 0.521 -0.032
592.211 69.13 68.5400 10.7 0.589 0.469
592.312 69.15 68.6200 8.0 0.526 0.036
592.409 69.17 68.6500 7.7 0.514 -0.024
592.511 69.19 68.6700 7.8 0.514 -0.000
592.611 69.21 68.6900 8.1 0.516 0.041
592.709 69.23 68.7600 6.0 0.466 -0.286
592.811 69.25 68.7300 8.2 0.511 0.068
592.909 69.27 68.7600 8.1 0.505 0.045
593.011 69.29 68.7800 8.3 0.507 0.083
593.111 69.31 68.8100 8.1 0.498 0.039
593.209 69.33 68.8300 8.3 0.499 0.072
593.311 69.35 68.8500 8.3 0.498 0.086
593.410 69.37 68.8700 8.6 0.501 0.126
593.510 69.39 68.8900 8.7 0.499 0.133
593.611 69.41 68.9400 7.5 0.469 -0.057
593.709 69.43 68.9500 8.1 0.479 0.035
593.811 69.45 68.9700 8.2 0.480 0.066
593.909 69.47 68.9900 8.4 0.481 0.094
594.009 69.49 69.0100 8.4 0.477 0.087
594.110 69.51 69.0300 8.5 0.476 0.099
594.208 69.53 69.0500 8.5 0.475 0.112
594.310 69.55 69.0800 8.3 0.468 0.081
594.409 69.57 69.1000 8.5 0.470 0.109
594.509 69.59 69.1200 8.6 0.467 0.111
594.610 69.61 69.1400 8.5 0.465 0.110
594.708 69.63 69.1500 9.0 0.472 0.181
594.810 69.65 69.1800 8.9 0.469 0.172
594.909 69.67 69.2000 9.0 0.469 0.187
595.009 69.69 69.2200 9.0 0.466 0.180
595.110 69.71 69.2300 9.7 0.479 0.290
595.209 69.73 69.2700 8.7 0.455 0.129
595.310 69.75 69.2900 8.9 0.458 0.166
595.409 69.77 69.3100 8.8 0.453 0.146
595.508 69.79 69.3400 8.7 0.449 0.134
595.609 69.81 69.3500 9.2 0.458 0.215
595.707 69.83 69.3800 8.9 0.450 0.165
595.809 69.85 69.3900 9.2 0.455 0.216
595.908 69.87 69.4100 9.3 0.454 0.225
596.008 69.89 69.4500 8.8 0.441 0.144
596.109 69.91 69.4900 7.8 0.416 -0.018
596.208 69.93 69.4900 8.7 0.433 0.125
596.309 69.95 69.5000 9.3 0.446 0.231
596.407 69.97 69.5300 9.2 0.440 0.201
596.509 69.99 69.5500 9.2 0.439 0.206
596.609 70.01 69.5700 9.1 0.435 0.189
596.707 70.03 69.5900 9.2 0.437 0.210
596.809 70.05 69.6000 9.6 0.444 0.270
596.908 70.07 69.6300 9.4 0.438 0.243
597.007 70.09 69.6900 7.7 0.396 -0.042
597.109 70.11 69.6700 9.8 0.442 0.298
597.206 70.13 69.6800 9.9 0.445 0.328
597.308 70.15 69.7100 9.8 0.440 0.302
597.407 70.17 69.7100 10.7 0.460 0.446
597.507 70.19 69.7500 9.8 0.439 0.297
597.608 70.21 69.7700 9.9 0.441 0.322
597.707 70.23 69.7800 10.0 0.443 0.341
597.808 70.25 69.8300 9.1 0.419 0.179
597.907 70.27 69.8300 10.1 0.442 0.350
598.007 70.29 69.8500 10.1 0.441 0.351
598.108 70.31 69.8700 10.0 0.438 0.330
598.207 70.33 69.8800 10.2 0.443 0.373
598.308 70.35 69.9100 10.2 0.442 0.368
598.407 70.37 69.9300 10.1 0.438 0.341
598.506 70.39 69.9500 10.0 0.436 0.332
598.608 70.41 69.9700 10.2 0.440 0.365
598.706 70.43 69.9800 10.4 0.442 0.389
598.806 70.45 70.0100 10.1 0.436 0.345
598.906 70.47 70.0400 9.9 0.432 0.322
599.006 70.49 70.0500 10.2 0.437 0.366
599.107 70.51 70.0600 10.5 0.444 0.415
599.206 70.53 70.0800 10.8 0.449 0.450
599.306 70.55 70.1100 10.4 0.440 0.393
599.406 70.57 70.1500 9.6 0.421 0.258
599.506 70.59 70.1400 10.6 0.444 0.429
599.607 70.61 70.1600 10.8 0.448 0.460
599.706 70.63 70.1800 10.9 0.451 0.475
599.806 70.65 70.2000 10.7 0.446 0.440
599.906 70.67 70.2200 10.7 0.446 0.443
600.005 70.69 70.2400 10.7 0.447 0.446
600.107 70.71 70.2500 11.0 0.453 0.488
600.204 70.73 70.2800 11.0 0.452 0.483
600.306 70.75 70.3000 10.7 0.445 0.429
600.405 70.77 70.3100 11.3 0.459 0.533
600.505 70.79 70.3400 10.9 0.450 0.465
600.606 70.81 70.3500 11.2 0.458 0.522
600.704 70.83 70.3700 11.0 0.453 0.481
600.806 70.85 70.4000 10.9 0.451 0.463
600.905 70.87 70.4100 11.2 0.458 0.512
601.005 70.89 70.4400 10.9 0.452 0.470
601.106 70.91 70.4600 10.9 0.452 0.470
601.205 70.93 70.4700 11.1 0.456 0.498
601.305 70.95 70.4900 11.0 0.454 0.476
601.405 70.97 70.5100 11.2 0.460 0.519
601.504 70.99 70.5300 11.2 0.459 0.510
601.606 71.01 70.5500 11.3 0.462 0.525
601.704 71.03 70.5600 11.4 0.465 0.550
601.804 71.05 70.5800 11.5 0.467 0.558
601.905 71.07 70.6000 11.5 0.467 0.553
602.004 71.09 70.6200 11.6 0.472 0.583
602.105 71.11 70.6200 12.4 0.490 0.700
602.204 71.13 70.6600 11.5 0.472 0.565
602.304 71.15 70.6700 12.0 0.483 0.638
602.405 71.17 70.6900 11.8 0.479 0.606
602.504 71.19 70.7000 12.2 0.490 0.675
602.605 71.21 70.7300 11.8 0.482 0.608
602.704 71.23 70.7400 11.9 0.485 0.625
602.804 71.25 70.7600 11.9 0.486 0.623
602.905 71.27 70.7700 12.2 0.494 0.673
603.003 71.29 70.8100 11.3 0.474 0.526
603.105 71.31 70.8200 11.8 0.486 0.604
603.203 71.33 70.8200 12.8 0.509 0.759
603.303 71.35 70.8500 12.1 0.496 0.657
603.404 71.37 70.8700 12.2 0.498 0.659
603.502 71.39 70.8900 12.1 0.498 0.654
603.604 71.41 70.9100 12.0 0.496 0.633
603.703 71.43 70.9400 11.8 0.492 0.594
603.803 71.45 70.9500 12.1 0.500 0.649
603.904 71.47 70.9700 11.9 0.497 0.622
604.002 71.49 70.9800 12.4 0.508 0.692
604.104 71.51 71.0200 11.6 0.491 0.559
604.202 71.53 71.0200 12.4 0.510 0.694
604.304 71.55 71.0400 12.3 0.509 0.673
604.404 71.57 71.0600 12.4 0.513 0.694
604.502 71.59 71.0800 12.2 0.509 0.657
604.604 71.61 71.0900 12.7 0.523 0.749
604.702 71.63 71.1000 12.7 0.523 0.741
604.803 71.65 71.1400 12.0 0.510 0.633
604.903 71.67 71.1500 12.5 0.521 0.710
605.001 71.69 71.1500 13.0 0.535 0.792
605.103 71.71 71.1900 12.0 0.514 0.632
605.202 71.73 71.2000 12.8 0.531 0.750
605.302 71.75 71.2100 12.8 0.534 0.760
605.403 71.77 71.2300 12.9 0.536 0.764
605.502 71.79 71.2500 12.7 0.535 0.740
605.603 71.81 71.2600 13.1 0.545 0.800
605.702 71.83 71.2800 13.1 0.546 0.798
605.802 71.85 71.3000 13.1 0.548 0.800
605.903 71.87 71.3200 12.9 0.546 0.774
606.002 71.89 71.3400 13.1 0.552 0.803
606.103 71.91 71.3600 12.7 0.545 0.740
606.201 71.93 71.3800 12.9 0.551 0.771
606.301 71.95 71.3900 13.1 0.557 0.805
606.402 71.97 71.4200 12.9 0.553 0.763
606.501 71.99 71.4400 12.8 0.552 0.748
606.602 72.01 71.4500 13.0 0.559 0.786
606.701 72.03 71.4600 13.3 0.567 0.829
606.801 72.05 71.4900 12.9 0.559 0.760
606.902 72.07 71.5100 12.9 0.561 0.761
607.001 72.09 71.5200 13.4 0.574 0.844
607.102 72.11 71.5400 13.1 0.569 0.796
607.201 72.13 71.5500 13.3 0.575 0.826
607.301 72.15 71.5800 12.9 0.568 0.768
607.402 72.17 71.6000 13.1 0.572 0.787
607.500 72.19 71.6400 12.0 0.550 0.619
607.602 72.21 71.6500 12.2 0.556 0.656
607.701 72.23 71.6900 11.5 0.538 0.530
607.800 72.25 71.7100 11.5 0.539 0.537
607.901 72.27 71.7300 11.3 0.534 0.501
608.000 72.29 71.7700 10.7 0.520 0.400
608.101 72.31 71.8000 10.4 0.512 0.351
608.199 72.33 71.8000 11.1 0.526 0.458
608.301 72.35 71.8200 11.1 0.527 0.472
608.401 72.37 71.8400 11.3 0.532 0.504
608.499 72.39 71.8600 11.3 0.531 0.500
608.601 72.41 71.8800 11.4 0.532 0.512
608.700 72.43 71.9000 11.5 0.534 0.527
608.800 72.45 71.9200 11.4 0.533 0.516
608.901 72.47 71.9400 11.4 0.532 0.513
608.999 72.49 71.9500 11.7 0.539 0.564
609.101 72.51 71.9700 11.9 0.544 0.596
609.200 72.53 72.0000 11.4 0.532 0.508
609.299 72.55 72.0100 11.7 0.538 0.556
609.401 72.57 72.0200 12.3 0.552 0.652
609.499 72.59 72.0400 12.0 0.547 0.611
609.599 72.61 72.0600 12.3 0.554 0.654
609.699 72.63 72.0700 12.7 0.564 0.719
609.799 72.65 72.0900 12.5 0.561 0.692
609.900 72.67 72.1100 12.6 0.562 0.695
609.999 72.69 72.1200 12.6 0.565 0.704
610.099 72.71 72.1400 12.7 0.567 0.715
610.199 72.73 72.1600 12.8 0.571 0.734
610.299 72.75 72.1800 12.8 0.572 0.733
610.400 72.77 72.2000 12.6 0.568 0.694
610.499 72.79 72.2100 13.0 0.579 0.767
610.600 72.81 72.2200 13.5 0.591 0.846
610.699 72.83 72.2500 13.1 0.584 0.781
610.798 72.85 72.2600 13.2 0.587 0.795
610.900 72.87 72.2800 13.1 0.586 0.778
610.998 72.89 72.2900 13.5 0.596 0.834
611.098 72.91 72.3100 13.3 0.595 0.814
611.198 72.93 72.2900 15.1 0.637 1.101
611.298 72.95 72.3400 13.7 0.609 0.877
611.399 72.97 72.3600 13.7 0.609 0.863
611.498 72.99 72.4000 12.9 0.593 0.740
611.599 73.01 72.4100 13.2 0.600 0.781
611.698 73.03 72.4200 13.7 0.613 0.864
611.798 73.05 72.4400 13.4 0.608 0.817
611.899 73.07 72.4500 13.7 0.616 0.864
611.998 73.09 72.4800 13.5 0.613 0.829
612.099 73.11 72.4900 13.7 0.620 0.870
612.197 73.13 72.5200 13.1 0.607 0.765
612.298 73.15 72.5300 13.8 0.625 0.880
612.399 73.17 72.5500 13.4 0.618 0.822
612.496 73.19 72.5600 13.7 0.626 0.865
612.598 73.21 72.5800 14.0 0.635 0.916
612.697 73.23 72.5900 13.9 0.635 0.905
612.798 73.25 72.6200 13.7 0.631 0.862
612.898 73.27 72.6300 14.1 0.641 0.921
612.996 73.29 72.6500 13.9 0.640 0.903
613.098 73.31 72.6700 13.8 0.638 0.874
613.197 73.33 72.6900 13.9 0.644 0.900
613.298 73.35 72.7000 14.1 0.649 0.924
613.398 73.37 72.7200 14.1 0.651 0.928
613.496 73.39 72.7300 14.3 0.657 0.955
613.598 73.41 72.7600 13.9 0.651 0.896
613.697 73.43 72.7300 15.8 0.697 1.203
613.796 73.45 72.8300 12.5 0.623 0.660
613.898 73.47 72.8000 14.5 0.669 0.984
613.996 73.49 72.8200 14.3 0.668 0.960
614.096 73.51 72.8400 14.2 0.666 0.932
614.197 73.53 72.8600 14.1 0.667 0.923
614.296 73.55 72.8700 14.7 0.682 1.015
614.397 73.57 72.8900 14.6 0.681 0.996
614.496 73.59 72.9200 14.1 0.674 0.926
614.596 73.61 72.9300 14.3 0.678 0.946
614.697 73.63 72.9400 14.9 0.695 1.052
614.796 73.65 72.9800 13.9 0.675 0.891
614.897 73.67 73.0300 12.6 0.644 0.666
614.996 73.69 73.0000 14.4 0.688 0.971
615.096 73.71 73.0200 14.3 0.686 0.940
615.197 73.73 73.0400 14.3 0.688 0.944
615.295 73.75 73.0600 14.2 0.688 0.933
615.397 73.77 73.0700 14.5 0.697 0.980
615.495 73.79 73.0400 16.7 0.749 1.334
615.595 73.81 73.1100 14.6 0.704 0.987
615.696 73.83 73.1300 14.3 0.701 0.951
615.794 73.85 73.1500 14.2 0.699 0.928
615.896 73.87 73.1600 14.4 0.706 0.964
615.995 73.89 73.1800 14.4 0.708 0.966
616.096 73.91 73.2000 14.5 0.712 0.981
616.195 73.93 73.2100 14.7 0.718 1.006
616.295 73.95 73.2400 14.5 0.715 0.971
616.396 73.97 73.2600 14.4 0.715 0.963
616.494 73.99 73.2700 14.4 0.717 0.961
616.596 74.01 73.2900 14.7 0.723 0.995
616.696 74.03 73.3000 14.9 0.730 1.027
616.794 74.05 73.2900 16.0 0.759 1.215
616.896 74.07 73.3500 14.4 0.725 0.952
616.993 74.09 73.3600 14.6 0.731 0.984
617.095 74.11 73.3800 14.6 0.733 0.989
617.195 74.13 73.3900 14.9 0.740 1.025
617.293 74.15 73.4200 14.6 0.736 0.979
617.395 74.17 73.4400 14.3 0.731 0.933
617.494 74.19 73.4800 13.4 0.713 0.794
617.595 74.21 73.4300 16.3 0.778 1.250
617.695 74.23 73.4900 14.3 0.737 0.939
617.793 74.25 73.5100 14.5 0.742 0.964
617.895 74.27 73.5300 14.2 0.738 0.921
617.994 74.29 73.5500 14.5 0.744 0.954
618.094 74.31 73.5500 15.0 0.757 1.040
618.195 74.33 73.5900 14.3 0.744 0.934
618.294 74.35 73.6000 14.7 0.755 0.998
618.395 74.37 73.6100 14.8 0.758 1.007
618.493 74.39 73.6400 14.6 0.755 0.976
618.593 74.41 73.6200 16.1 0.792 1.221
618.694 74.43 73.6700 14.7 0.763 0.996
618.793 74.45 73.6800 15.1 0.772 1.053
618.894 74.47 73.6900 15.2 0.778 1.076
618.993 74.49 73.7200 14.7 0.767 0.988
619.093 74.51 73.7300 15.1 0.778 1.054
619.194 74.53 73.7600 14.7 0.770 0.981
619.293 74.55 73.7700 15.3 0.786 1.084
619.393 74.57 73.7900 15.2 0.786 1.066
619.493 74.59 73.8100 14.9 0.781 1.019
619.593 74.61 73.8300 15.1 0.785 1.039
619.694 74.63 73.8400 15.2 0.792 1.072
619.793 74.65 73.8600 15.1 0.791 1.047
619.894 74.67 73.8800 15.1 0.792 1.041
619.992 74.69 73.8900 15.3 0.797 1.070
620.093 74.71 73.9200 15.1 0.795 1.040
620.193 74.73 73.9400 15.0 0.795 1.030
620.291 74.75 73.9600 14.9 0.794 1.012
620.393 74.77 74.0000 13.8 0.770 0.827
620.491 74.79 73.9900 15.1 0.800 1.034
620.593 74.81 74.0100 15.2 0.805 1.058
620.693 74.83 74.0200 15.3 0.808 1.066
620.791 74.85 74.0500 15.0 0.804 1.027
620.893 74.87 74.0700 15.1 0.806 1.033
620.992 74.89 74.0800 15.1 0.808 1.034
621.092 74.91 74.1000 15.3 0.814 1.066
621.193 74.93 74.1200 15.3 0.815 1.061
621.291 74.95 74.1300 15.3 0.818 1.066
621.393 74.97 74.1700 14.6 0.804 0.957
621.492 74.99 74.1700 15.2 0.819 1.056
621.591 75.01 74.2000 15.0 0.816 1.024
621.692 75.03 74.2300 14.2 0.799 0.889
621.791 75.05 74.2200 15.5 0.829 1.095
621.892 75.07 74.2400 15.4 0.830 1.088
621.991 75.09 74.2900 14.2 0.802 0.884
622.091 75.11 74.2800 15.4 0.832 1.085
622.192 75.13 74.2900 15.6 0.838 1.115
622.291 75.15 74.3600 13.7 0.794 0.794
622.391 75.17 74.3300 15.5 0.837 1.099
622.491 75.19 74.3500 15.5 0.838 1.093
622.591 75.21 74.3700 15.4 0.838 1.079
622.692 75.23 74.4000 15.0 0.831 1.016
622.791 75.25 74.4100 15.5 0.843 1.090
622.891 75.27 74.4200 15.7 0.850 1.125
622.991 75.29 74.4500 15.2 0.839 1.036
623.090 75.31 74.4700 15.3 0.844 1.062
623.192 75.33 74.4900 15.3 0.844 1.054
623.290 75.35 74.5000 15.5 0.851 1.087
623.390 75.37 74.5200 15.3 0.847 1.051
623.490 75.39 74.5300 15.9 0.862 1.144
623.591 75.41 74.5600 15.4 0.852 1.060
623.690 75.43 74.5700 15.5 0.857 1.088
623.790 75.45 74.5900 15.7 0.863 1.116
623.890 75.47 74.6100 15.4 0.857 1.063
623.990 75.49 74.6300 15.5 0.860 1.073
624.091 75.51 74.6500 15.6 0.866 1.101
624.191 75.53 74.6700 15.5 0.863 1.072
624.289 75.55 74.6600 16.6 0.890 1.248
624.391 75.57 74.7000 15.6 0.870 1.089
624.490 75.59 74.7200 15.6 0.872 1.094
624.589 75.61 74.7400 15.5 0.870 1.072
624.691 75.63 74.7500 15.9 0.882 1.146
624.789 75.65 74.7700 15.8 0.880 1.114
624.889 75.67 74.7900 15.7 0.880 1.103
624.989 75.69 74.8000 16.0 0.888 1.148
625.089 75.71 74.8300 15.7 0.883 1.103
625.190 75.73 74.8400 16.0 0.892 1.150
625.289 75.75 74.8600 16.0 0.893 1.145
625.389 75.77 74.8800 15.7 0.888 1.096
625.489 75.79 74.9100 15.4 0.882 1.050
625.590 75.81 74.9300 15.2 0.878 1.014
625.690 75.83 74.9500 15.2 0.881 1.024
625.789 75.85 74.9700 15.4 0.885 1.047
625.889 75.87 74.9700 16.2 0.905 1.177
625.989 75.89 75.0100 15.3 0.887 1.036
626.088 75.91 75.0200 15.4 0.889 1.048
626.190 75.93 75.0400 15.5 0.894 1.068
626.288 75.95 75.0600 15.6 0.895 1.072
626.388 75.97 75.0800 15.5 0.895 1.062
626.489 75.99 75.1000 15.3 0.891 1.027
626.588 76.01 75.1200 15.5 0.896 1.056
626.689 76.03 75.1400 15.4 0.897 1.049
626.788 76.05 75.1600 15.4 0.896 1.037
626.888 76.07 75.1800 15.4 0.897 1.039
626.989 76.09 75.1900 15.6 0.903 1.071
627.088 76.11 75.2100 15.7 0.906 1.086
627.189 76.13 75.2300 15.5 0.902 1.050
627.288 76.15 75.2700 14.6 0.884 0.913
627.388 76.17 75.2200 17.8 0.957 1.421
627.489 76.19 75.2900 15.4 0.904 1.033
627.587 76.21 75.3000 15.6 0.910 1.063
627.689 76.23 75.3200 15.5 0.910 1.056
627.787 76.25 75.3500 15.3 0.904 1.010
627.887 76.27 75.3600 15.7 0.915 1.081
627.988 76.29 75.3800 15.7 0.915 1.072
628.087 76.31 75.4000 15.5 0.913 1.049
628.188 76.33 75.4300 15.1 0.905 0.987
628.286 76.35 75.4400 15.3 0.910 1.016
628.388 76.37 75.4600 15.5 0.915 1.044
628.488 76.39 75.4800 15.2 0.909 1.000
628.586 76.41 75.5000 15.6 0.918 1.057
628.688 76.43 75.5200 15.3 0.913 1.015
628.786 76.45 75.5400 15.1 0.909 0.983
628.888 76.47 75.5600 15.5 0.918 1.040
628.988 76.49 75.5800 15.4 0.917 1.027
629.086 76.51 75.6000 15.3 0.916 1.013
629.188 76.53 75.6200 15.2 0.913 0.991
629.286 76.55 75.6500 14.9 0.908 0.948
629.386 76.57 75.6600 15.2 0.912 0.980
629.487 76.59 75.6500 16.4 0.942 1.187
629.586 76.61 75.7000 15.0 0.911 0.956
629.687 76.63 75.7200 15.0 0.911 0.951
629.786 76.65 75.7500 14.7 0.904 0.900
629.886 76.67 75.7700 14.9 0.908 0.930
629.987 76.69 75.7900 14.7 0.904 0.900
630.086 76.71 75.8100 14.5 0.899 0.869
630.187 76.73 75.8300 14.8 0.907 0.925
630.286 76.75 75.8500 14.7 0.904 0.903
630.386 76.77 75.8600 15.0 0.911 0.951
630.487 76.79 75.8800 14.9 0.909 0.935
630.586 76.81 75.9100 14.5 0.900 0.872
630.687 76.83 75.9300 14.6 0.901 0.880
630.785 76.85 75.9500 14.6 0.900 0.875
630.885 76.87 75.9700 14.9 0.908 0.928
630.986 76.89 75.9900 14.7 0.902 0.886
631.085 76.91 76.0100 14.8 0.905 0.906
631.186 76.93 76.0300 14.7 0.902 0.888
631.285 76.95 76.0500 14.6 0.899 0.869
631.385 76.97 76.0700 14.9 0.906 0.921
631.486 76.99 76.0500 16.6 0.946 1.197
631.585 77.01 76.1000 14.9 0.909 0.923
631.685 77.03 76.1700 12.8 0.860 0.581
631.785 77.05 76.1400 15.3 0.915 0.981
631.885 77.07 76.1700 14.9 0.906 0.916
631.986 77.09 76.1900 14.8 0.904 0.902
632.086 77.11 76.1900 15.4 0.919 1.004
632.186 77.13 76.2200 15.1 0.911 0.946
632.283 77.15 76.2400 15.2 0.913 0.958
632.385 77.17 76.2600 15.3 0.917 0.983
632.485 77.19 76.2800 15.3 0.918 0.986
632.583 77.21 76.3000 15.0 0.910 0.926
632.685 77.23 76.3200 15.2 0.916 0.970
632.784 77.25 76.3100 16.2 0.939 1.129
632.884 77.27 76.3500 15.4 0.921 0.990
632.985 77.29 76.3800 14.9 0.910 0.912
633.084 77.31 76.4000 15.0 0.913 0.932
633.184 77.33 76.4300 14.7 0.906 0.880
633.284 77.35 76.4500 14.5 0.900 0.839
633.384 77.37 76.4600 15.2 0.916 0.960
633.485 77.39 76.4900 14.8 0.907 0.892
633.584 77.41 76.5200 14.3 0.896 0.811
633.684 77.43 76.5400 14.5 0.898 0.836
633.784 77.45 76.5400 15.0 0.909 0.914
633.883 77.47 76.5900 13.9 0.885 0.744
633.984 77.49 76.5900 14.7 0.902 0.869
634.083 77.51 76.6100 14.7 0.901 0.868
634.183 77.53 76.6300 14.8 0.903 0.883
634.283 77.55 76.6500 14.8 0.903 0.880
634.383 77.57 76.6700 14.8 0.902 0.876
634.484 77.59 76.6800 15.1 0.910 0.935
634.583 77.61 76.7100 14.9 0.905 0.898
634.683 77.63 76.7400 14.5 0.897 0.839
634.783 77.65 76.7600 14.5 0.895 0.833
634.883 77.67 76.8000 13.5 0.872 0.672
634.984 77.69 76.7900 14.8 0.900 0.881
635.083 77.71 76.8200 14.6 0.895 0.847
635.183 77.73 76.8400 14.8 0.899 0.872
635.283 77.75 76.8600 14.6 0.893 0.835
635.382 77.77 76.8800 14.8 0.897 0.866
635.484 77.79 76.8900 14.9 0.901 0.894
635.582 77.81 76.9300 14.1 0.882 0.760
635.682 77.83 76.9400 14.7 0.894 0.853
635.782 77.85 76.9600 14.7 0.893 0.849
635.882 77.87 76.9900 14.5 0.889 0.825
635.983 77.89 77.0000 14.7 0.893 0.851
636.082 77.91 77.0300 14.4 0.886 0.804
636.183 77.93 77.0400 14.6 0.890 0.835
636.281 77.95 77.0500 15.4 0.908 0.963
636.382 77.97 77.0900 14.5 0.887 0.819
636.483 77.99 77.1100 14.4 0.885 0.805
636.581 78.01 77.1100 15.2 0.903 0.935
636.683 78.03 77.1500 14.6 0.889 0.839
636.782 78.05 77.1600 14.8 0.893 0.866
636.881 78.07 77.1900 14.4 0.883 0.796
636.983 78.09 77.2200 14.3 0.879 0.774
637.081 78.11 77.2300 14.4 0.882 0.801
637.181 78.13 77.2500 14.5 0.882 0.807
637.281 78.15 77.2600 14.8 0.890 0.866
637.381 78.17 77.2900 14.4 0.881 0.802
637.482 78.19 77.3000 15.1 0.896 0.912
637.581 78.21 77.3400 14.4 0.880 0.797
637.681 78.23 77.3600 14.3 0.876 0.779
637.781 78.25 77.3800 14.1 0.872 0.749
637.881 78.27 77.4100 13.9 0.866 0.713
637.982 78.29 77.4200 14.3 0.873 0.770
638.081 78.31 77.4500 14.1 0.868 0.741
638.181 78.33 77.4600 14.3 0.872 0.775
638.281 78.35 77.5000 13.5 0.852 0.640
638.381 78.37 77.5100 14.1 0.863 0.730
638.482 78.40 77.5200 14.5 0.872 0.801
638.580 78.42 77.5600 14.0 0.860 0.716
638.680 78.44 77.5700 14.3 0.866 0.770
638.780 78.46 77.5900 14.2 0.862 0.745
638.880 78.48 77.6200 14.1 0.859 0.731
638.981 78.50 77.6300 14.2 0.862 0.756
639.080 78.52 77.6600 14.2 0.860 0.746
639.180 78.54 77.6800 14.0 0.855 0.723
639.280 78.56 77.7000 14.0 0.853 0.709
639.381 78.58 77.7100 14.4 0.863 0.788
639.480 78.60 77.7100 15.6 0.890 0.979
639.580 78.62 77.7500 14.4 0.862 0.780
639.680 78.64 77.8200 12.4 0.815 0.458
639.780 78.66 77.7900 14.6 0.862 0.802
639.880 78.68 77.8200 14.3 0.856 0.765
639.980 78.70 77.8400 14.3 0.855 0.759
640.079 78.72 77.8600 14.6 0.860 0.798
640.180 78.74 77.8800 14.4 0.855 0.770
640.280 78.76 77.9200 13.7 0.837 0.651
640.379 78.78 77.9300 13.9 0.842 0.692
640.480 78.80 77.9500 14.0 0.843 0.707
640.579 78.82 77.9700 14.1 0.843 0.717
640.679 78.84 77.9900 14.3 0.848 0.757
640.780 78.86 78.0000 14.5 0.852 0.788
640.879 78.88 78.0200 14.6 0.854 0.801
640.980 78.90 78.0500 14.4 0.849 0.775
641.079 78.92 78.0700 14.3 0.844 0.743
641.179 78.94 78.0900 14.4 0.847 0.769
641.280 78.96 78.1200 14.2 0.840 0.724
641.378 78.98 78.1300 14.3 0.843 0.746
641.479 79.00 78.1500 14.3 0.841 0.742
641.578 79.02 78.1700 14.3 0.842 0.750
641.678 79.04 78.1900 14.5 0.844 0.773
641.779 79.06 78.2200 14.3 0.840 0.747
641.878 79.08 78.2300 14.5 0.844 0.777
641.979 79.10 78.2600 14.2 0.835 0.722
642.078 79.12 78.2700 14.5 0.841 0.769
642.178 79.14 78.2800 15.2 0.859 0.895
642.279 79.16 78.3200 14.4 0.839 0.752
642.378 79.18 78.3400 14.3 0.836 0.737
642.478 79.20 78.3600 14.2 0.832 0.715
642.578 79.22 78.3900 13.9 0.825 0.673
642.678 79.24 78.4100 13.9 0.824 0.670
642.779 79.26 78.4300 14.0 0.825 0.686
642.878 79.28 78.4600 13.8 0.821 0.664
642.978 79.30 78.4700 14.1 0.826 0.708
643.077 79.32 78.5400 12.2 0.780 0.391
643.177 79.34 78.5300 13.5 0.808 0.605
643.278 79.36 78.5400 13.9 0.816 0.677
643.377 79.38 78.5500 14.2 0.822 0.724
643.477 79.40 78.6000 13.3 0.799 0.566
643.577 79.42 78.6000 14.2 0.818 0.714
643.677 79.44 78.6200 14.0 0.813 0.685
643.778 79.46 78.6500 13.9 0.810 0.667
643.877 79.48 78.6600 14.1 0.813 0.699
643.977 79.50 78.6800 14.3 0.816 0.724
644.077 79.52 78.7000 14.2 0.814 0.716
644.178 79.54 78.7200 14.3 0.816 0.733
644.278 79.56 78.7400 14.2 0.813 0.716
644.376 79.58 78.7600 14.5 0.818 0.755
644.478 79.60 78.7900 14.2 0.810 0.700
644.576 79.62 78.8000 14.4 0.816 0.746
644.676 79.64 78.8200 14.5 0.816 0.750
644.777 79.66 78.8500 14.1 0.807 0.692
644.875 79.68 78.8600 14.4 0.813 0.743
644.977 79.70 78.8900 14.2 0.808 0.707
645.076 79.72 78.9100 14.2 0.805 0.697
645.176 79.74 78.9300 14.3 0.809 0.724
645.277 79.76 78.9500 14.1 0.803 0.688
645.376 79.78 78.9700 14.2 0.805 0.706
645.476 79.80 79.0200 13.1 0.778 0.527
645.576 79.82 79.0200 14.2 0.801 0.696
645.676 79.84 79.0400 14.2 0.801 0.702
645.777 79.86 79.0600 13.9 0.792 0.649
645.876 79.88 79.0800 14.1 0.796 0.680
645.976 79.90 79.1000 14.3 0.799 0.710
646.076 79.92 79.1300 13.9 0.790 0.649
646.175 79.94 79.1300 14.5 0.802 0.739
646.276 79.96 79.1700 13.8 0.786 0.633
646.375 79.98 79.1700 14.7 0.806 0.780
646.475 80.00 79.2000 14.2 0.794 0.698
646.575 80.02 79.2200 14.4 0.797 0.724
646.676 80.04 79.2500 14.1 0.790 0.677
646.776 80.06 79.2700 14.2 0.790 0.684
646.875 80.08 79.2900 13.9 0.783 0.636
646.975 80.10 79.3100 13.9 0.784 0.651
647.075 80.12 79.3200 14.5 0.795 0.735
647.175 80.14 79.3900 12.6 0.751 0.431
647.276 80.16 79.3700 14.3 0.788 0.708
647.375 80.18 79.4000 13.8 0.775 0.618
647.475 80.20 79.4200 14.1 0.781 0.668
647.575 80.22 79.4200 14.9 0.799 0.802
647.675 80.24 79.4600 13.9 0.775 0.634
647.775 80.26 79.4800 14.1 0.779 0.665
647.874 80.28 79.4900 14.3 0.784 0.706
647.974 80.30 79.5200 14.1 0.776 0.659
648.074 80.32 79.5400 14.1 0.776 0.660
648.175 80.34 79.5600 14.1 0.775 0.660
648.275 80.36 79.5800 14.0 0.773 0.656
648.373 80.38 79.6000 14.3 0.778 0.692
648.475 80.40 79.6200 14.3 0.777 0.690
648.574 80.42 79.6300 14.7 0.786 0.761
648.674 80.44 79.6500 14.5 0.782 0.732
648.775 80.46 79.6500 15.5 0.805 0.892
648.874 80.48 79.7000 14.4 0.780 0.714
648.974 80.50 79.7100 14.8 0.788 0.778
649.074 80.52 79.7400 14.5 0.780 0.721
649.173 80.54 79.7600 14.2 0.774 0.683
649.275 80.56 79.7800 14.5 0.778 0.716
649.373 80.58 79.7800 15.5 0.801 0.879
649.473 80.60 79.8200 14.4 0.778 0.711
649.573 80.62 79.8400 14.4 0.777 0.707
649.674 80.64 79.8700 14.2 0.772 0.677
649.773 80.66 79.8900 14.3 0.772 0.680
649.873 80.68 79.9000 14.4 0.774 0.702
649.973 80.70 79.9200 14.3 0.773 0.694
650.073 80.72 79.9500 14.1 0.766 0.653
650.174 80.74 79.9700 14.3 0.770 0.686
650.273 80.76 79.9900 14.0 0.763 0.639
650.373 80.78 80.0100 14.2 0.766 0.668
650.473 80.80 80.0300 14.1 0.763 0.650
650.573 80.82 80.0500 14.1 0.763 0.655
650.673 80.84 80.0800 14.0 0.758 0.630
650.774 80.86 80.0900 14.3 0.764 0.680
650.872 80.88 80.1100 14.5 0.769 0.715
650.972 80.90 80.1300 14.4 0.766 0.696
651.072 80.92 80.1500 14.4 0.765 0.695
651.173 80.94 80.1700 14.4 0.765 0.695
651.272 80.96 80.2000 14.2 0.761 0.670
651.372 80.98 80.2100 14.5 0.766 0.710
651.472 81.00 80.2400 14.3 0.760 0.675
651.572 81.02 80.2500 14.5 0.764 0.706
651.673 81.04 80.2700 14.8 0.771 0.756
651.772 81.06 80.3300 12.7 0.723 0.421
651.872 81.08 80.3200 14.4 0.760 0.698
651.973 81.10 80.3400 14.4 0.760 0.698
652.072 81.12 80.3500 14.7 0.764 0.730
652.171 81.14 80.3700 14.7 0.764 0.730
652.273 81.16 80.3900 14.7 0.764 0.731
652.371 81.18 80.4200 14.3 0.754 0.665
652.471 81.20 80.4200 15.4 0.780 0.854
652.572 81.22 80.4600 14.4 0.757 0.689
652.671 81.24 80.4700 14.8 0.766 0.751
652.772 81.26 80.5100 14.1 0.748 0.631
652.871 81.28 80.5300 14.3 0.752 0.664
652.971 81.30 80.5500 14.2 0.751 0.658
653.072 81.32 80.5600 14.5 0.756 0.698
653.171 81.34 80.5800 14.5 0.755 0.692
653.271 81.36 80.6000 14.4 0.753 0.687
653.371 81.38 80.6200 14.6 0.757 0.714
653.471 81.40 80.6400 14.5 0.754 0.696
653.572 81.42 80.6600 14.6 0.755 0.709
653.670 81.44 80.6800 14.6 0.754 0.701
653.771 81.46 80.7000 14.7 0.756 0.721
653.870 81.48 80.7300 14.3 0.747 0.659
653.970 81.50 80.7500 14.4 0.749 0.678
654.071 81.52 80.7700 14.4 0.748 0.669
654.170 81.54 80.7900 14.4 0.748 0.679
654.270 81.56 80.8100 14.6 0.753 0.713
654.370 81.58 80.8200 14.8 0.756 0.739
654.470 81.60 80.8500 14.5 0.749 0.690
654.571 81.62 80.8700 14.7 0.752 0.712
654.670 81.64 80.8900 14.7 0.753 0.720
654.771 81.66 80.9100 14.5 0.747 0.684
654.870 81.68 80.9400 14.0 0.736 0.609
654.970 81.70 80.9500 14.6 0.748 0.699
655.071 81.72 80.9700 14.7 0.749 0.708
655.170 81.74 80.9900 14.4 0.744 0.676
655.270 81.76 81.0200 14.4 0.742 0.667
655.369 81.78 81.0300 14.9 0.752 0.740
655.469 81.80 81.0500 14.7 0.748 0.709
655.570 81.82 81.0800 14.2 0.737 0.635
655.669 81.84 81.1000 14.5 0.743 0.685
655.770 81.86 81.1200 14.5 0.743 0.682
655.869 81.88 81.1400 14.4 0.740 0.670
655.969 81.90 81.1500 14.6 0.744 0.700
656.070 81.92 81.1800 14.5 0.741 0.680
656.168 81.94 81.2100 14.1 0.731 0.617
656.270 81.96 81.2200 14.6 0.741 0.687
656.369 81.98 81.2400 14.6 0.740 0.686
656.469 82.00 81.2600 14.6 0.740 0.686
656.570 82.02 81.2800 14.4 0.736 0.662
656.669 82.04 81.2900 14.8 0.744 0.721
656.770 82.06 81.3300 14.3 0.732 0.639
656.868 82.08 81.3400 14.7 0.741 0.708
656.968 82.10 81.3700 14.3 0.730 0.635
657.069 82.12 81.3900 14.4 0.732 0.651
657.168 82.14 81.4000 14.5 0.734 0.668
657.268 82.16 81.4300 14.4 0.731 0.648
657.368 82.18 81.4500 14.2 0.727 0.628
657.468 82.20 81.4600 14.6 0.735 0.687
657.569 82.22 81.5100 13.7 0.713 0.538
657.668 82.24 81.5100 14.6 0.732 0.677
657.768 82.26 81.5300 14.6 0.732 0.682
657.868 82.28 81.5500 14.6 0.731 0.674
657.968 82.30 81.5600 14.9 0.739 0.733
658.069 82.32 81.6000 14.2 0.723 0.624
658.168 82.34 81.6000 14.9 0.738 0.732
658.268 82.36 81.6500 13.7 0.710 0.541
658.367 82.38 81.6400 15.2 0.742 0.771
658.468 82.40 81.6600 14.9 0.736 0.727
658.567 82.42 81.6800 14.9 0.737 0.734
658.667 82.44 81.7000 15.0 0.738 0.744
658.767 82.46 81.7200 15.0 0.737 0.736
658.867 82.48 81.7400 14.9 0.736 0.730
658.968 82.50 81.7700 14.8 0.732 0.702
659.068 82.52 81.7900 14.8 0.733 0.705
659.167 82.54 81.8100 14.6 0.728 0.674
659.267 82.56 81.8300 14.8 0.733 0.709
659.367 82.58 81.8500 14.8 0.733 0.712
659.468 82.60 81.8700 14.8 0.731 0.700
659.568 82.62 81.8500 16.5 0.770 0.976
659.667 82.64 81.9100 14.4 0.724 0.644
659.767 82.66 81.9400 14.4 0.722 0.630
659.867 82.68 81.9200 16.1 0.761 0.913
659.966 82.70 81.9700 14.7 0.729 0.676
660.067 82.72 81.9900 14.7 0.729 0.683
660.165 82.74 82.0200 14.3 0.719 0.615
660.267 82.76 82.0400 14.4 0.722 0.640
660.366 82.78 82.0600 14.2 0.717 0.607
660.466 82.80 82.1300 12.2 0.668 0.269
660.567 82.82 82.1000 14.3 0.715 0.619
660.666 82.84 82.1100 15.1 0.732 0.741
660.767 82.86 82.1400 14.7 0.723 0.680
660.866 82.88 82.1600 14.8 0.724 0.690
660.966 82.90 82.1800 14.8 0.724 0.691
661.067 82.92 82.2000 14.8 0.723 0.688
661.166 82.94 82.2200 14.7 0.721 0.676
661.266 82.96 82.2400 14.8 0.724 0.694
661.366 82.98 82.2600 14.7 0.720 0.670
661.466 83.00 82.2800 14.6 0.719 0.663
661.565 83.02 82.2900 15.2 0.730 0.748
661.665 83.04 82.3200 14.7 0.720 0.672
661.765 83.06 82.3400 14.8 0.722 0.695
661.865 83.08 82.3600 14.6 0.716 0.648
661.966 83.10 82.3800 14.6 0.715 0.649
662.065 83.12 82.3500 16.8 0.767 1.017
662.165 83.14 82.4200 14.5 0.715 0.641
662.265 83.16 82.4500 14.3 0.710 0.604
662.365 83.18 82.4600 14.6 0.715 0.648
662.466 83.20 82.4900 14.4 0.712 0.627
662.565 83.22 82.5100 14.5 0.711 0.629
662.665 83.24 82.5100 15.3 0.731 0.770
662.766 83.26 82.5500 14.3 0.707 0.603
662.865 83.28 82.5700 14.6 0.712 0.641
662.965 83.30 82.5800 14.9 0.719 0.696
663.065 83.32 82.6000 14.8 0.717 0.679
663.164 83.34 82.6200 14.8 0.716 0.676
663.265 83.36 82.6500 14.7 0.714 0.662
663.364 83.38 82.6700 14.7 0.714 0.664
663.465 83.40 82.6800 15.0 0.719 0.706
663.565 83.42 82.7100 14.6 0.709 0.637
663.663 83.44 82.7300 14.6 0.710 0.643
663.765 83.46 82.7500 14.6 0.709 0.642
663.864 83.48 82.7600 14.9 0.716 0.693
663.965 83.50 82.7800 14.9 0.717 0.700
664.065 83.52 82.8100 14.9 0.715 0.686
664.164 83.54 82.8200 14.9 0.715 0.692
664.264 83.56 82.8500 14.9 0.714 0.683
664.364 83.58 82.8700 14.9 0.714 0.685
664.464 83.60 82.8800 15.0 0.716 0.701
664.564 83.62 82.9200 14.5 0.704 0.620
664.663 83.64 82.9300 14.6 0.707 0.643
664.763 83.66 82.9900 13.2 0.674 0.414
664.864 83.68 82.9700 15.0 0.714 0.707
664.963 83.70 82.9900 14.8 0.708 0.665
665.063 83.72 83.0200 14.7 0.705 0.648
665.163 83.74 83.0300 14.8 0.708 0.673
665.263 83.76 83.0900 13.0 0.666 0.379
665.364 83.78 83.0700 15.1 0.713 0.719
665.463 83.80 83.0900 14.8 0.705 0.669
665.563 83.82 83.1100 15.2 0.715 0.735
665.663 83.84 83.1400 14.8 0.705 0.669
665.764 83.86 83.1500 15.2 0.714 0.731
665.864 83.88 83.1700 15.1 0.710 0.705
665.962 83.90 83.1900 15.1 0.710 0.706
666.063 83.92 83.2100 15.1 0.710 0.707
666.162 83.94 83.2200 15.4 0.719 0.765
666.263 83.96 83.2600 14.8 0.704 0.657
666.362 83.98 83.2700 15.2 0.712 0.718
666.462 84.00 83.3000 14.7 0.701 0.643
666.562 84.02 83.3100 15.2 0.712 0.719
666.662 84.04 83.3300 15.3 0.715 0.740
666.763 84.06 83.3500 15.1 0.709 0.701
666.862 84.08 83.3800 14.8 0.702 0.652
666.962 84.10 83.4000 14.8 0.704 0.663
667.063 84.12 83.4200 14.6 0.697 0.617
667.162 84.14 83.4100 16.0 0.730 0.854
667.263 84.16 83.4600 14.9 0.705 0.671
667.362 84.18 83.4900 14.4 0.693 0.593
667.461 84.20 83.4900 15.0 0.706 0.684
667.562 84.22 83.5200 14.9 0.704 0.674
667.660 84.24 83.5500 14.2 0.688 0.559
667.762 84.26 83.5700 14.6 0.694 0.610
667.862 84.28 83.5800 15.0 0.705 0.689
667.960 84.30 83.5400 17.4 0.758 1.064
668.062 84.32 83.6200 14.8 0.700 0.641
668.161 84.34 83.6900 12.8 0.654 0.325
668.262 84.36 83.6700 14.4 0.689 0.587
668.361 84.38 83.6900 14.6 0.692 0.609
668.461 84.40 83.7200 14.3 0.685 0.563
668.561 84.42 83.7400 14.2 0.682 0.554
668.661 84.44 83.7700 14.0 0.676 0.514
668.762 84.46 83.7800 14.4 0.685 0.586
668.861 84.48 83.8000 14.4 0.684 0.586
668.961 84.50 83.8500 12.9 0.649 0.342
669.062 84.52 83.8400 14.6 0.685 0.614
669.159 84.54 83.8600 14.3 0.678 0.568
669.261 84.56 83.8800 14.5 0.682 0.598
669.361 84.58 83.9100 14.3 0.676 0.560
669.459 84.60 83.9200 14.7 0.684 0.625
669.561 84.62 83.9400 14.4 0.677 0.578
669.660 84.64 83.9600 14.5 0.679 0.595
669.760 84.66 83.9900 14.4 0.674 0.569
669.861 84.68 84.0100 14.3 0.672 0.557
669.959 84.70 84.0300 14.5 0.675 0.586
670.061 84.72 84.0500 14.2 0.668 0.537
670.160 84.74 84.0600 14.8 0.680 0.632
670.260 84.76 84.0900 14.3 0.668 0.551
670.361 84.78 84.1100 14.3 0.668 0.558
670.460 84.80 84.1400 14.0 0.661 0.511
670.560 84.82 84.1400 14.8 0.678 0.636
670.659 84.84 84.1700 14.5 0.671 0.588
670.760 84.86 84.1900 14.5 0.670 0.586
670.860 84.88 84.2100 14.7 0.673 0.615
670.959 84.90 84.2300 14.7 0.673 0.613
671.059 84.92 84.2500 14.8 0.674 0.625
671.159 84.94 84.2700 14.9 0.676 0.640
671.260 84.96 84.2900 14.7 0.672 0.619
671.360 84.98 84.3100 14.7 0.670 0.604
671.459 85.00 84.3400 14.2 0.659 0.529
671.559 85.02 84.3400 15.0 0.677 0.665
671.659 85.04 84.3700 14.8 0.671 0.620
671.760 85.06 84.3800 15.1 0.678 0.677
671.859 85.08 84.4100 14.7 0.668 0.604
671.959 85.10 84.4400 14.6 0.666 0.595
672.060 85.12 84.4600 14.3 0.658 0.540
672.159 85.14 84.4700 15.0 0.674 0.657
672.258 85.16 84.4900 14.9 0.672 0.647
672.359 85.18 84.5100 15.0 0.673 0.656
672.458 85.20 84.5300 14.9 0.670 0.633
672.558 85.22 84.5500 14.8 0.667 0.615
672.658 85.24 84.5800 14.8 0.667 0.615
672.758 85.26 84.5900 15.1 0.674 0.666
672.859 85.28 84.6200 14.5 0.660 0.569
672.958 85.30 84.6300 15.0 0.670 0.645
673.058 85.32 84.6600 14.7 0.663 0.595
673.158 85.34 84.6700 15.0 0.671 0.654
673.259 85.36 84.6900 15.1 0.672 0.662
673.358 85.38 84.7200 14.7 0.663 0.603
673.458 85.40 84.7400 14.9 0.667 0.630
673.558 85.42 84.7500 15.0 0.668 0.644
673.658 85.44 84.7600 15.5 0.679 0.722
673.758 85.46 84.8000 14.9 0.666 0.626
673.857 85.48 84.8200 14.8 0.663 0.610
673.957 85.50 84.8300 15.0 0.669 0.653
674.057 85.52 84.8500 15.3 0.674 0.691
674.157 85.54 84.8800 14.8 0.663 0.608
674.258 85.56 84.9000 14.9 0.666 0.637
674.357 85.58 84.9400 13.7 0.638 0.440
674.457 85.60 84.9900 12.8 0.615 0.292
674.557 85.62 84.9500 15.2 0.668 0.679
674.657 85.64 84.9800 14.9 0.662 0.634
674.758 85.66 85.0000 15.1 0.665 0.656
674.857 85.68 85.0400 14.3 0.646 0.525
674.957 85.70 85.0400 15.1 0.664 0.653
675.057 85.72 85.0700 14.6 0.653 0.579
675.157 85.74 85.0800 15.0 0.661 0.642
675.257 85.76 85.0900 15.5 0.672 0.717
675.357 85.78 85.1100 15.4 0.669 0.697
675.456 85.80 85.1300 15.3 0.668 0.688
675.556 85.82 85.1500 15.4 0.670 0.696
675.656 85.84 85.1700 15.5 0.674 0.721
675.757 85.86 85.2000 15.0 0.662 0.636
675.856 85.88 85.2100 15.6 0.674 0.727
675.956 85.90 85.2300 15.5 0.673 0.714
676.057 85.92 85.2600 14.8 0.658 0.610
676.156 85.94 85.2700 15.6 0.676 0.734
676.256 85.96 85.2900 15.4 0.671 0.700
676.357 85.98 85.3200 15.2 0.667 0.670
676.455 86.00 85.3300 15.4 0.671 0.695
676.556 86.02 85.3500 15.4 0.671 0.694
676.656 86.04 85.3700 15.3 0.670 0.686
676.755 86.06 85.3900 15.5 0.674 0.711
676.857 86.08 85.3900 16.3 0.692 0.836
676.955 86.10 85.3900 17.3 0.715 0.994
677.055 86.12 85.4600 14.9 0.664 0.619
677.155 86.14 85.4700 15.3 0.671 0.671
677.256 86.16 85.4900 15.2 0.670 0.663
677.355 86.18 85.5000 15.8 0.683 0.757
677.455 86.20 85.5300 15.3 0.671 0.670
677.555 86.22 85.5500 15.4 0.673 0.685
677.655 86.24 85.5700 15.2 0.668 0.650
677.756 86.26 85.5900 15.2 0.668 0.651
677.855 86.28 85.6100 15.6 0.677 0.712
677.955 86.30 85.6300 15.6 0.677 0.712
678.056 86.32 85.6500 15.4 0.675 0.695
678.155 86.34 85.6600 15.9 0.685 0.761
678.255 86.36 85.6900 15.2 0.670 0.654
678.355 86.38 85.7000 15.8 0.684 0.755
678.454 86.40 85.7300 15.2 0.671 0.660
678.555 86.42 85.7400 15.8 0.683 0.746
678.655 86.44 85.7600 15.7 0.682 0.732
678.754 86.46 85.7900 15.4 0.676 0.686
678.854 86.48 85.8000 15.6 0.679 0.709
678.954 86.50 85.8200 15.8 0.686 0.753
679.055 86.52 85.8400 15.7 0.683 0.733
679.155 86.54 85.8500 16.1 0.692 0.791
679.254 86.56 85.8700 15.9 0.689 0.767
679.354 86.58 85.8700 16.8 0.709 0.904
679.454 86.60 85.9100 15.9 0.691 0.767
679.555 86.62 85.9300 15.9 0.691 0.764
679.654 86.64 85.9500 15.8 0.689 0.743
679.753 86.66 85.9700 15.9 0.690 0.753
679.854 86.68 86.0000 15.7 0.687 0.723
679.953 86.70 86.0200 15.6 0.685 0.710
680.054 86.72 86.0400 15.6 0.685 0.709
680.154 86.74 86.0500 15.8 0.690 0.744
680.253 86.76 86.0700 16.0 0.693 0.763
680.353 86.78 86.0900 15.9 0.692 0.750
680.453 86.80 86.1100 15.7 0.688 0.722
680.553 86.82 86.1400 15.5 0.684 0.688
680.654 86.84 86.2000 13.8 0.645 0.416
680.753 86.86 86.1700 15.8 0.688 0.731
680.853 86.88 86.1900 15.8 0.690 0.740
680.953 86.90 86.2200 15.7 0.687 0.715
681.054 86.92 86.2300 15.8 0.690 0.737
681.154 86.94 86.2400 16.2 0.699 0.795
681.253 86.96 86.2700 16.0 0.696 0.769
681.353 86.98 86.2900 16.0 0.695 0.764
681.452 87.00 86.3100 16.0 0.696 0.766
681.553 87.02 86.3300 15.9 0.695 0.752
681.653 87.04 86.3500 15.9 0.695 0.750
681.752 87.06 86.3600 16.1 0.699 0.775
681.852 87.08 86.3800 16.1 0.700 0.778
681.952 87.10 86.4000 16.2 0.703 0.794
682.053 87.12 86.4300 15.9 0.695 0.737
682.153 87.14 86.4500 15.9 0.697 0.745
682.252 87.16 86.4600 16.4 0.707 0.816
682.352 87.18 86.4800 16.2 0.705 0.793
682.452 87.20 86.5000 16.2 0.704 0.787
682.553 87.22 86.5200 15.9 0.699 0.746
682.653 87.24 86.5400 15.9 0.699 0.745
682.752 87.26 86.5600 16.0 0.701 0.759
682.852 87.28 86.5800 15.9 0.699 0.736
682.951 87.30 86.6000 16.3 0.708 0.802
683.052 87.32 86.6200 16.1 0.704 0.764
683.151 87.34 86.6400 16.0 0.702 0.747
683.251 87.36 86.6600 16.2 0.708 0.786
683.351 87.38 86.6700 16.6 0.716 0.841
683.451 87.40 86.6900 16.2 0.709 0.790
683.552 87.42 86.7100 16.3 0.712 0.805
683.651 87.44 86.7400 15.9 0.704 0.740
683.751 87.46 86.7400 16.7 0.721 0.861
683.852 87.48 86.7700 16.2 0.710 0.778
683.950 87.50 86.7800 16.7 0.724 0.868
684.052 87.52 86.8100 16.2 0.711 0.775
684.152 87.54 86.8200 16.6 0.722 0.847
684.251 87.56 86.8500 16.2 0.714 0.786
684.351 87.58 86.8600 16.6 0.723 0.841
684.451 87.60 86.8800 16.4 0.720 0.814
684.551 87.62 86.9100 16.1 0.712 0.756
684.650 87.64 86.9200 16.5 0.721 0.817
684.750 87.66 86.9400 16.4 0.721 0.813
684.850 87.68 86.9700 16.2 0.717 0.780
684.950 87.70 86.9900 16.2 0.716 0.768
685.051 87.72 87.0000 16.4 0.720 0.797
685.150 87.74 86.9900 17.9 0.756 1.043
685.250 87.76 87.0400 16.5 0.727 0.824
685.351 87.78 87.0600 16.4 0.725 0.807
685.449 87.80 87.0800 16.3 0.722 0.782
685.551 87.82 87.1100 16.1 0.718 0.752
685.651 87.84 87.1200 16.5 0.728 0.815
685.750 87.86 87.1400 16.4 0.727 0.807
685.851 87.88 87.1600 16.4 0.727 0.800
685.949 87.90 87.1800 16.4 0.726 0.793
686.050 87.92 87.2100 16.0 0.717 0.729
686.151 87.94 87.2200 16.5 0.729 0.808
686.248 87.96 87.2300 16.9 0.738 0.872
686.350 87.98 87.2600 16.4 0.729 0.800
686.449 88.00 87.2800 16.2 0.726 0.771
686.549 88.02 87.3000 16.2 0.725 0.766
686.650 88.04 87.3100 16.6 0.734 0.823
686.749 88.06 87.3200 16.9 0.741 0.870
686.849 88.08 87.3300 17.4 0.754 0.952
686.949 88.10 87.3700 16.5 0.734 0.805
687.050 88.12 87.3900 16.5 0.736 0.812
687.150 88.14 87.4100 16.6 0.736 0.815
687.249 88.16 87.3900 18.4 0.779 1.107
687.349 88.18 87.4500 16.5 0.739 0.813
687.449 88.20 87.4600 16.6 0.742 0.829
687.549 88.22 87.5000 16.0 0.727 0.721
687.649 88.24 87.5100 16.4 0.736 0.783
687.748 88.26 87.5200 16.6 0.743 0.828
687.849 88.28 87.5500 16.2 0.734 0.760
687.947 88.30 87.5700 16.2 0.732 0.750
688.049 88.32 87.5900 16.4 0.737 0.783
688.149 88.34 87.6200 15.9 0.727 0.712
688.248 88.36 87.6300 16.4 0.737 0.780
688.348 88.38 87.6500 16.2 0.733 0.752
688.448 88.40 87.6700 16.1 0.731 0.734
688.549 88.42 87.7000 16.0 0.729 0.722
688.648 88.44 87.7200 16.0 0.728 0.713
688.748 88.46 87.7500 15.3 0.712 0.605
688.848 88.48 87.7900 14.4 0.690 0.454
688.948 88.50 87.8200 14.2 0.685 0.431
689.048 88.52 87.8400 14.2 0.682 0.426
689.148 88.54 87.8500 14.7 0.690 0.495
689.247 88.56 87.8900 14.0 0.675 0.394
689.348 88.58 87.9100 14.2 0.677 0.425
689.447 88.60 87.9300 14.4 0.679 0.448
689.548 88.62 87.9500 14.4 0.679 0.460
689.647 88.65 87.9600 14.8 0.686 0.521
689.747 88.67 87.9800 14.8 0.685 0.524
689.848 88.69 88.0000 14.8 0.684 0.522
689.947 88.71 87.9800 16.8 0.728 0.841
690.048 88.73 88.0500 14.7 0.679 0.492
690.147 88.75 88.0600 15.1 0.687 0.560
690.247 88.77 88.1000 14.4 0.669 0.441
690.347 88.79 88.1100 14.6 0.672 0.473
690.447 88.81 88.1300 14.6 0.672 0.481
690.547 88.83 88.1500 14.8 0.676 0.517
690.647 88.85 88.1700 14.8 0.674 0.512
690.746 88.87 88.1900 15.0 0.677 0.543
690.847 88.89 88.2100 15.0 0.677 0.546
690.947 88.91 88.2800 12.8 0.625 0.188
691.046 88.93 88.1900 17.6 0.733 0.968
691.146 88.95 88.2600 15.3 0.681 0.594
691.246 88.97 88.2800 15.3 0.680 0.592
691.347 88.99 88.3000 15.6 0.685 0.632
691.446 89.01 88.3300 15.3 0.679 0.587
691.546 89.03 88.3400 15.3 0.680 0.590
691.647 89.04 88.3600 15.2 0.683 0.565
691.746 89.06 88.3800 15.2 0.688 0.564
691.847 89.08 88.4000 14.8 0.685 0.502
691.946 89.10 88.4300 14.2 0.675 0.404
692.045 89.12 88.4400 14.1 0.676 0.382
692.146 89.14 88.4600 13.7 0.672 0.328
692.245 89.15 88.4700 14.1 0.683 0.382
692.345 89.17 88.5000 13.2 0.667 0.248
692.446 89.19 88.5100 13.5 0.677 0.295
692.545 89.20 88.5400 13.0 0.667 0.207
692.645 89.22 88.5600 12.4 0.655 0.108
692.745 89.24 88.5900 12.0 0.648 0.047
692.846 89.25 88.6000 12.0 0.648 0.046
692.945 89.27 88.6300 11.6 0.640 -0.016
693.045 89.28 88.6500 11.4 0.634 -0.058
693.145 89.29 88.6600 11.2 0.630 -0.082
693.245 89.31 88.6800 11.3 0.631 -0.074
693.346 89.32 88.6900 11.2 0.628 -0.090
693.445 89.34 88.7100 10.9 0.621 -0.136
693.545 89.35 88.7400 10.6 0.612 -0.195
693.645 89.36 88.7400 10.9 0.618 -0.144
693.744 89.38 88.7700 10.4 0.606 -0.219
693.845 89.39 88.7900 9.9 0.593 -0.300
693.944 89.40 88.8100 9.9 0.589 -0.310
694.044 89.41 88.8400 9.2 0.571 -0.416
694.145 89.42 88.8500 9.6 0.576 -0.357
694.243 89.44 88.8700 9.4 0.568 -0.392
694.345 89.45 88.8900 9.0 0.558 -0.445
694.445 89.46 88.9100 8.9 0.552 -0.466
694.543 89.47 88.9200 8.8 0.545 -0.485
694.645 89.48 88.9500 8.2 0.528 -0.582
694.744 89.49 88.9700 8.2 0.522 -0.586
694.844 89.50 88.9800 8.1 0.517 -0.594
694.945 89.51 89.0100 7.7 0.501 -0.672
695.044 89.52 89.0300 7.5 0.493 -0.691
695.144 89.53 89.0500 7.3 0.484 -0.721
695.243 89.54 89.0700 6.8 0.467 -0.804
695.343 89.55 89.0900 6.9 0.461 -0.800
695.444 89.56 89.1000 6.8 0.453 -0.812
695.543 89.57 89.1200 6.9 0.449 -0.794
695.643 89.57 89.1400 6.4 0.430 -0.884
695.743 89.58 89.1700 6.0 0.416 -0.940
695.844 89.59 89.1900 5.7 0.402 -0.990
695.943 89.60 89.2100 5.7 0.394 -0.998
696.043 89.61 89.2300 5.5 0.382 -1.028
696.144 89.62 89.2500 5.2 0.369 -1.067
696.243 89.62 89.2700 4.9 0.354 -1.117
696.343 89.63 89.3000 4.4 0.334 -1.201
696.444 89.64 89.3100 4.7 0.331 -1.162
696.543 89.65 89.3100 5.1 0.334 -1.086
696.644 89.65 89.3400 4.7 0.316 -1.163
696.742 89.66 89.3600 4.5 0.302 -1.198
696.842 89.67 89.3800 4.3 0.290 -1.218
696.943 89.67 89.4000 4.1 0.276 -1.259
697.042 89.68 89.4200 3.8 0.262 -1.298
697.142 89.69 89.4400 3.6 0.247 -1.338
697.242 89.69 89.4500 3.7 0.241 -1.317
697.343 89.70 89.4700 3.4 0.225 -1.366
697.442 89.70 89.4900 3.2 0.210 -1.403
697.542 89.71 89.5100 3.0 0.196 -1.435
697.642 89.72 89.5400 2.5 0.175 -1.518
697.742 89.72 89.5500 3.0 0.176 -1.437
697.843 89.73 89.5700 2.5 0.155 -1.513
697.942 89.73 89.5700 3.1 0.159 -1.419
698.042 89.74 89.6100 2.3 0.131 -1.550
698.142 89.74 89.6300 1.8 0.108 -1.633
698.242 89.75 89.6400 2.0 0.103 -1.592
698.342 89.75 89.6600 1.9 0.090 -1.615
698.441 89.76 89.6900 1.2 0.064 -1.717
698.541 89.76 89.7000 1.5 0.059 -1.680
698.641 89.77 89.7300 1.1 0.040 -1.741
698.741 89.77 89.7400 1.2 0.031 -1.723
698.842 89.78 89.7600 1.2 0.018 -1.732
698.941 89.78 89.7800 1.0 0.003 -1.762
699.041 89.79 89.7900 0.9 -0.009 -1.767
699.141 89.79 89.8200 0.7 -0.027 -1.813
699.241 89.79 89.8300 0.8 -0.035 -1.793
699.342 89.80 89.8500 0.6 -0.050 -1.821
699.441 89.80 89.8700 0.3 -0.069 -1.876
699.541 89.81 89.8900 0.2 -0.083 -1.890
699.641 89.81 89.8700 1.6 -0.063 -1.668
699.741 89.81 89.9300 0.0 -0.117 -1.976
699.841 89.82 89.9500 0.0 -0.131 -1.988
699.941 89.82 89.9700 0.0 -0.144 -1.993
700.040 89.82 89.9800 0.0 -0.159 -2.014
700.141 89.83 90.0000 0.0 -0.173 -2.027
700.239 89.83 90.0200 0.0 -0.191 -2.069
700.341 89.84 90.0300 0.0 -0.195 -2.014
700.441 89.84 90.0500 0.0 -0.212 -2.050
700.539 89.84 90.0700 0.0 -0.227 -2.068
700.641 89.84 90.0900 0.0 -0.242 -2.092
700.740 89.85 90.1100 0.0 -0.262 -2.145
700.841 89.85 90.1300 0.0 -0.281 -2.195
700.941 89.85 90.1500 0.0 -0.296 -2.204
701.039 89.86 90.1700 0.0 -0.316 -2.254
701.141 89.86 90.1900 0.0 -0.329 -2.253
701.240 89.86 90.2000 0.0 -0.338 -2.228
701.340 89.87 90.2300 0.0 -0.360 -2.297
701.441 89.87 90.2400 0.0 -0.374 -2.306
701.538 89.87 90.2600 0.0 -0.390 -2.323
701.639 89.87 90.2700 0.0 -0.398 -2.295
701.739 89.88 90.3000 0.0 -0.423 -2.377
701.839 89.88 90.3200 0.0 -0.440 -2.403
701.940 89.88 90.3300 0.0 -0.448 -2.368
702.039 89.88 90.3500 0.0 -0.462 -2.375
702.139 89.89 90.3600 0.0 -0.477 -2.392
702.239 89.89 90.3800 0.0 -0.494 -2.416
702.340 89.89 90.3900 0.0 -0.503 -2.388
702.439 89.89 90.4100 0.0 -0.522 -2.437
702.539 89.89 90.4300 0.0 -0.533 -2.424
702.639 89.90 90.4400 0.0 -0.547 -2.430
702.739 89.90 90.4600 0.0 -0.560 -2.431
702.839 89.90 90.4800 0.0 -0.578 -2.469
702.940 89.90 90.4900 0.0 -0.585 -2.428
703.038 89.90 90.5100 0.0 -0.605 -2.476
703.138 89.91 90.5300 0.0 -0.625 -2.529
703.239 89.91 90.5500 0.0 -0.643 -2.566
703.338 89.91 90.5600 0.0 -0.652 -2.541
703.438 89.91 90.5700 0.0 -0.658 -2.491
703.538 89.91 90.5900 0.0 -0.675 -2.523
703.639 89.92 90.6000 0.0 -0.688 -2.528
703.738 89.92 90.6200 0.0 -0.708 -2.574
703.838 89.92 90.6400 0.0 -0.719 -2.563
703.938 89.92 90.6500 0.0 -0.734 -2.578
704.038 89.92 90.6700 0.0 -0.748 -2.587
704.139 89.92 90.6900 0.0 -0.766 -2.625
704.239 89.93 90.6900 0.0 -0.768 -2.555
704.337 89.93 90.7200 0.0 -0.794 -2.646
704.439 89.93 90.7300 0.0 -0.803 -2.624
704.537 89.93 90.7500 0.0 -0.823 -2.672
704.637 89.93 90.7600 0.0 -0.831 -2.638
704.738 89.93 90.7800 0.0 -0.848 -2.673
704.837 89.93 90.7900 0.0 -0.856 -2.644
704.937 89.93 90.8000 0.0 -0.865 -2.619
705.037 89.94 90.8200 0.0 -0.888 -2.697
705.138 89.94 90.8300 0.0 -0.897 -2.670
705.237 89.94 90.8500 0.0 -0.914 -2.702
705.337 89.94 90.8600 0.0 -0.920 -2.658
705.437 89.94 90.8800 0.0 -0.934 -2.674
705.537 89.94 90.8900 0.0 -0.950 -2.701
705.638 89.94 90.9000 0.0 -0.956 -2.659
705.737 89.94 90.9200 0.0 -0.976 -2.713
705.836 89.95 90.9300 0.0 -0.980 -2.656
705.937 89.95 90.9400 0.0 -0.995 -2.687
706.036 89.95 90.9600 0.0 -1.015 -2.735
706.137 89.95 90.9700 0.0 -1.024 -2.718
706.236 89.95 90.9800 0.0 -1.033 -2.700
706.336 89.95 91.0000 0.0 -1.045 -2.702
706.436 89.95 91.0200 0.0 -1.066 -2.766
706.536 89.95 91.0300 0.0 -1.078 -2.768
706.637 89.95 91.0400 0.0 -1.082 -2.712
706.736 89.95 91.0500 0.0 -1.093 -2.719
706.836 89.96 91.0600 0.0 -1.107 -2.735
706.936 89.96 91.0800 0.0 -1.122 -2.754
707.036 89.96 91.0800 0.0 -1.123 -2.681
707.137 89.96 91.1000 0.0 -1.139 -2.720
707.236 89.96 91.1000 0.0 -1.146 -2.688
707.336 89.96 91.1200 0.0 -1.165 -2.748
707.436 89.96 91.1300 0.0 -1.174 -2.736
707.535 89.96 91.1500 0.0 -1.188 -2.759
707.636 89.96 91.1700 0.0 -1.204 -2.790
707.735 89.96 91.1700 0.0 -1.211 -2.765
707.835 89.96 91.1800 0.0 -1.216 -2.721
707.936 89.96 91.1900 0.0 -1.229 -2.741
708.035 89.97 91.2100 0.0 -1.241 -2.749
708.135 89.97 91.2300 0.0 -1.263 -2.829
708.236 89.97 91.2300 0.0 -1.265 -2.770
708.335 89.97 91.2400 0.0 -1.271 -2.737
708.435 89.97 91.2500 0.0 -1.283 -2.749
708.535 89.97 91.2600 0.0 -1.294 -2.752
708.636 89.97 91.2800 0.0 -1.307 -2.777
708.735 89.97 91.2900 0.0 -1.318 -2.778
708.835 89.97 91.2900 0.0 -1.324 -2.745
708.935 89.97 91.3100 0.0 -1.334 -2.754
709.034 89.97 91.3200 0.0 -1.348 -2.776
709.135 89.97 91.3300 0.0 -1.355 -2.753
709.234 89.97 91.3300 0.0 -1.361 -2.732
709.334 89.97 91.3400 0.0 -1.367 -2.705
709.435 89.97 91.3500 0.0 -1.377 -2.708
709.533 89.97 91.3700 0.0 -1.393 -2.757
709.635 89.97 91.3700 0.0 -1.400 -2.734
709.735 89.98 91.3800 0.0 -1.402 -2.681
709.833 89.98 91.3900 0.0 -1.412 -2.692
709.935 89.98 91.4000 0.0 -1.424 -2.712
710.033 89.98 91.4100 0.0 -1.431 -2.701
710.135 89.98 91.4200 0.0 -1.447 -2.750
710.235 89.98 91.4300 0.0 -1.450 -2.706
710.333 89.98 91.4400 0.0 -1.465 -2.751
710.435 89.98 91.4500 0.0 -1.471 -2.729
710.534 89.98 91.4500 0.0 -1.470 -2.660
710.633 89.98 91.4600 0.0 -1.485 -2.705
710.733 89.98 91.4700 0.0 -1.488 -2.670
710.833 89.98 91.4800 0.0 -1.497 -2.675
710.933 89.98 91.4800 0.0 -1.501 -2.638
711.033 89.98 91.4900 0.0 -1.512 -2.668
711.134 89.98 91.4900 0.0 -1.513 -2.616
711.233 89.98 91.5100 0.0 -1.531 -2.686
711.333 89.98 91.5300 0.0 -1.544 -2.719
711.434 89.98 91.5300 0.0 -1.546 -2.672
711.532 89.98 91.5400 0.0 -1.553 -2.668
711.634 89.98 91.5500 0.0 -1.564 -2.686
711.734 89.98 91.5500 0.0 -1.569 -2.673
711.832 89.98 91.5600 0.0 -1.579 -2.684
711.934 89.98 91.5700 0.0 -1.587 -2.690
712.033 89.98 91.5800 0.0 -1.595 -2.684
712.133 89.98 91.5900 0.0 -1.602 -2.687
712.232 89.99 91.5900 0.0 -1.602 -2.628
712.332 89.99 91.5900 0.0 -1.607 -2.619
712.433 89.99 91.6000 0.0 -1.614 -2.618
712.531 89.99 91.6000 0.0 -1.619 -2.599
712.633 89.99 91.6100 0.0 -1.624 -2.586
712.733 89.99 91.6300 0.0 -1.639 -2.649
712.831 89.99 91.6300 0.0 -1.641 -2.610
712.933 89.99 91.6300 0.0 -1.646 -2.598
713.031 89.99 91.6400 0.0 -1.656 -2.618
713.133 89.99 91.6500 0.0 -1.664 -2.630
713.233 89.99 91.6600 0.0 -1.673 -2.644
713.331 89.99 91.6600 0.0 -1.669 -2.564
713.433 89.99 91.6700 0.0 -1.677 -2.577
713.532 89.99 91.6700 0.0 -1.681 -2.562
713.631 89.99 91.6700 0.0 -1.685 -2.546
713.733 89.99 91.6900 0.0 -1.698 -2.593
713.831 89.99 91.6900 0.0 -1.705 -2.593
713.931 89.99 91.7000 0.0 -1.708 -2.575
714.031 89.99 91.7100 0.0 -1.720 -2.617
714.132 89.99 91.7100 0.0 -1.725 -2.607
714.231 89.99 91.7200 0.0 -1.731 -2.608
714.331 89.99 91.7200 0.0 -1.730 -2.552
714.432 89.99 91.7300 0.0 -1.737 -2.562
714.530 89.99 91.7300 0.0 -1.741 -2.551
714.632 89.99 91.7400 0.0 -1.749 -2.570
714.732 89.99 91.7400 0.0 -1.752 -2.546
714.830 89.99 91.7500 0.0 -1.756 -2.538
714.932 89.99 91.7500 0.0 -1.757 -2.509
715.030 89.99 91.7500 0.0 -1.762 -2.501
715.130 89.99 91.7600 0.0 -1.769 -2.512
715.232 89.99 91.7700 0.0 -1.774 -2.512
715.329 89.99 91.7600 0.0 -1.773 -2.467
715.430 89.99 91.7700 0.0 -1.781 -2.488
715.530 89.99 91.7800 0.0 -1.784 -2.476
715.631 89.99 91.7800 0.0 -1.786 -2.454
715.730 89.99 91.7900 0.0 -1.794 -2.481
715.830 89.99 91.7900 0.0 -1.794 -2.450
715.931 89.99 91.7900 0.0 -1.799 -2.449
716.030 89.99 91.7900 0.0 -1.798 -2.415
716.130 89.99 91.7900 0.0 -1.799 -2.385
716.231 89.99 91.8000 0.0 -1.807 -2.411
716.330 89.99 91.8100 0.0 -1.817 -2.457
716.430 89.99 91.8100 0.0 -1.813 -2.397
716.530 89.99 91.8100 0.0 -1.820 -2.414
716.630 89.99 91.8200 0.0 -1.823 -2.406
716.730 89.99 91.8200 0.0 -1.823 -2.380
716.829 89.99 91.8200 0.0 -1.827 -2.375
716.930 89.99 91.8200 0.0 -1.829 -2.360
717.029 89.99 91.8300 0.0 -1.835 -2.383
717.129 89.99 91.8300 0.0 -1.831 -2.324
717.229 89.99 91.8400 0.0 -1.844 -2.387
717.329 89.99 91.8300 0.0 -1.840 -2.331
717.430 89.99 91.8300 0.0 -1.837 -2.292
717.529 89.99 91.8400 0.0 -1.844 -2.318
717.629 89.99 91.8400 0.0 -1.846 -2.305
717.729 90.00 91.8400 0.0 -1.844 -2.269
717.829 90.00 91.8400 0.0 -1.847 -2.267
717.930 90.00 91.8400 0.0 -1.848 -2.254
718.029 90.00 91.8500 0.0 -1.852 -2.263
718.128 90.00 91.8400 0.0 -1.847 -2.213
718.229 90.00 91.8500 0.0 -1.850 -2.210
718.327 90.00 91.8500 0.0 -1.850 -2.193
718.429 90.00 91.8600 0.0 -1.860 -2.251
718.528 90.00 91.8600 0.0 -1.861 -2.236
718.627 90.00 91.8500 0.0 -1.853 -2.158
718.729 90.00 91.8600 0.0 -1.863 -2.220
718.827 90.00 91.8600 0.0 -1.864 -2.205
718.929 90.00 91.8500 0.0 -1.858 -2.148
719.029 90.00 91.8500 0.0 -1.858 -2.132
719.127 90.00 91.8600 0.0 -1.867 -2.181
719.229 90.00 91.8600 0.0 -1.866 -2.158
719.328 90.00 91.8500 0.0 -1.858 -2.087
719.428 90.00 91.8600 0.0 -1.864 -2.120
719.529 90.00 91.8600 0.0 -1.859 -2.073
719.628 90.00 91.8600 0.0 -1.862 -2.082
719.728 90.00 91.8600 0.0 -1.858 -2.045
719.827 90.00 91.8600 0.0 -1.863 -2.069
719.928 90.00 91.8600 0.0 -1.865 -2.073
720.028 90.00 91.8600 0.0 -1.861 -2.035
720.127 90.00 91.8600 0.0 -1.864 -2.044
720.227 90.00 91.8500 0.0 -1.857 -1.990
720.327 90.00 91.8600 0.0 -1.859 -1.993
720.428 90.00 91.8700 0.0 -1.873 -2.090
720.527 90.00 91.8600 0.0 -1.867 -2.037
720.627 90.00 91.8600 0.0 -1.859 -1.969
720.728 90.00 91.8600 0.0 -1.861 -1.981
720.827 90.00 91.8600 0.0 -1.867 -2.013
720.928 90.00 91.8600 0.0 -1.863 -1.981
721.027 90.00 91.8500 0.1 -1.854 -1.909
721.127 90.00 91.8600 0.0 -1.861 -1.958
721.227 90.00 91.8500 0.1 -1.853 -1.896
721.326 90.00 91.8500 0.1 -1.855 -1.907
721.427 90.00 91.8600 0.0 -1.858 -1.927
721.526 90.00 91.8500 0.1 -1.855 -1.906
721.626 90.00 91.8500 0.2 -1.852 -1.878
721.727 90.00 91.8400 0.5 -1.845 -1.833
721.825 90.00 91.8500 0.3 -1.849 -1.860
721.927 90.00 91.8400 0.7 -1.839 -1.791
722.026 90.00 91.8400 0.5 -1.845 -1.833
722.126 90.00 91.8300 1.0 -1.833 -1.746
722.227 90.00 91.8400 0.4 -1.846 -1.844
722.325 90.00 91.8400 0.7 -1.837 -1.784
722.427 90.00 91.8300 0.7 -1.837 -1.782
722.527 90.00 91.8300 1.1 -1.827 -1.718
722.625 90.00 91.8300 0.9 -1.831 -1.748
722.727 90.00 91.8200 1.1 -1.825 -1.713
722.826 90.00 91.8200 1.0 -1.826 -1.725
722.925 90.00 91.8200 1.3 -1.819 -1.680
723.026 90.00 91.8200 1.2 -1.821 -1.702
723.125 90.00 91.8200 1.3 -1.818 -1.684
723.225 90.00 91.8100 1.3 -1.816 -1.683
723.325 90.00 91.8100 1.4 -1.813 -1.663
723.426 90.00 91.8100 1.4 -1.810 -1.652
723.525 90.00 91.8000 1.8 -1.801 -1.599
723.625 90.00 91.8000 1.6 -1.801 -1.614
723.725 90.00 91.7900 2.0 -1.793 -1.560
723.825 90.00 91.8000 1.6 -1.799 -1.615
723.926 90.00 91.7900 1.7 -1.795 -1.594
724.026 90.00 91.7900 1.7 -1.794 -1.601
724.125 90.00 91.7900 1.7 -1.793 -1.603
724.226 90.00 91.7800 2.2 -1.778 -1.507
724.325 90.00 91.7800 2.1 -1.779 -1.527
724.424 90.00 91.7500 3.1 -1.753 -1.362
724.526 90.00 91.7700 2.1 -1.773 -1.519
724.624 90.00 91.7600 2.6 -1.760 -1.445
724.724 90.00 91.7600 2.6 -1.758 -1.445
724.824 90.00 91.7500 2.8 -1.750 -1.405
724.925 90.00 91.7600 2.3 -1.760 -1.490
725.024 90.00 91.7700 1.6 -1.774 -1.604
725.124 90.00 91.7500 2.6 -1.749 -1.434
725.225 90.00 91.7400 2.6 -1.746 -1.430
725.323 90.00 91.7400 2.9 -1.737 -1.386
725.425 90.00 91.7400 2.8 -1.736 -1.397
725.524 90.00 91.7400 2.6 -1.739 -1.434
725.624 90.00 91.7300 2.9 -1.730 -1.384
725.725 90.00 91.7200 3.0 -1.724 -1.362
725.823 90.00 91.7300 2.6 -1.730 -1.422
725.924 90.00 91.7300 2.7 -1.726 -1.411
726.024 90.00 91.7200 3.0 -1.717 -1.357
726.123 90.00 91.7100 3.2 -1.710 -1.326
726.224 90.00 91.7000 3.3 -1.705 -1.312
726.322 90.00 91.6900 3.7 -1.692 -1.245
726.424 90.00 91.6900 3.6 -1.691 -1.255
726.523 90.00 91.6900 3.4 -1.692 -1.287
726.623 90.00 91.6900 3.4 -1.690 -1.290
726.724 90.00 91.6800 3.6 -1.681 -1.252
726.822 90.00 91.6700 3.8 -1.673 -1.212
726.924 90.00 91.6500 4.7 -1.649 -1.073
727.023 90.00 91.6700 3.6 -1.670 -1.247
727.123 90.00 91.6600 4.0 -1.658 -1.182
727.224 90.00 91.6500 4.1 -1.652 -1.168
727.322 90.00 91.6500 4.2 -1.646 -1.148
727.423 90.00 91.6400 4.2 -1.642 -1.145
727.524 90.00 91.6200 4.8 -1.625 -1.051
727.621 90.00 91.6300 4.4 -1.630 -1.111
727.723 90.00 91.6400 3.8 -1.639 -1.205
727.822 90.00 91.6000 5.3 -1.600 -0.951
727.923 90.00 91.6100 4.5 -1.614 -1.081
728.023 90.00 91.5900 5.2 -1.595 -0.977
728.122 90.00 91.6000 4.8 -1.599 -1.035
728.223 90.00 91.5900 5.0 -1.590 -1.001
728.322 90.00 91.5900 4.9 -1.588 -1.017
728.423 90.00 91.5800 4.9 -1.583 -1.010
728.522 90.00 91.6200 3.0 -1.623 -1.317
728.622 90.00 91.5800 4.9 -1.577 -1.007
728.723 90.00 91.5700 4.8 -1.575 -1.022
728.822 90.00 91.5500 5.5 -1.555 -0.912
728.922 90.00 91.5500 5.4 -1.552 -0.920
729.022 90.00 91.5500 5.3 -1.551 -0.945
729.121 90.00 91.5300 5.7 -1.536 -0.873
729.222 90.00 91.5400 5.3 -1.540 -0.933
729.321 90.00 91.5300 5.7 -1.528 -0.878
729.421 90.00 91.5200 5.6 -1.523 -0.881
729.521 90.00 91.5100 6.0 -1.509 -0.815
729.621 90.00 91.5100 5.7 -1.512 -0.866
729.722 90.00 91.5000 6.0 -1.501 -0.824
729.821 90.00 91.4900 6.0 -1.496 -0.823
729.921 90.00 91.4800 6.2 -1.485 -0.782
730.021 90.00 91.4800 6.1 -1.482 -0.794
730.121 90.00 91.4700 6.3 -1.474 -0.771
730.222 90.00 91.4600 6.5 -1.464 -0.739
730.321 90.00 91.4700 6.0 -1.468 -0.802
730.420 90.00 91.4600 6.3 -1.458 -0.767
730.521 90.00 91.4500 6.2 -1.454 -0.773
730.619 90.00 91.4400 6.4 -1.446 -0.746
730.721 90.00 91.4400 6.4 -1.440 -0.743
730.821 90.00 91.4400 6.1 -1.443 -0.795
730.920 90.00 91.4300 6.2 -1.434 -0.769
731.021 90.00 91.4200 6.6 -1.421 -0.711
731.119 90.00 91.4100 6.6 -1.414 -0.698
731.221 90.00 91.4100 6.7 -1.408 -0.689
731.321 90.00 91.3900 7.0 -1.396 -0.639
731.419 90.00 91.3800 7.2 -1.385 -0.606
731.521 90.00 91.3300 9.3 -1.331 -0.265
731.620 90.00 91.3700 7.3 -1.368 -0.576
731.720 90.00 91.4000 5.7 -1.400 -0.843
731.821 90.00 91.3700 6.8 -1.371 -0.667
731.919 90.00 91.3500 7.2 -1.355 -0.588
732.021 90.00 91.3500 7.2 -1.351 -0.597
732.118 90.00 91.3400 7.4 -1.341 -0.566
732.220 90.00 91.3300 7.5 -1.332 -0.540
732.319 90.00 91.3300 7.5 -1.327 -0.549
732.419 90.00 91.3200 7.4 -1.323 -0.557
732.520 90.00 91.3100 7.6 -1.312 -0.520
732.618 90.00 91.2900 8.2 -1.294 -0.428
732.720 90.00 91.2900 7.9 -1.295 -0.480
732.819 90.00 91.2900 7.6 -1.296 -0.527
732.919 90.00 91.3000 7.2 -1.299 -0.586
733.020 90.00 91.2700 8.1 -1.272 -0.434
733.119 90.00 91.2700 8.1 -1.267 -0.445
733.220 90.00 91.2700 7.8 -1.267 -0.483
733.319 90.00 91.2600 8.0 -1.256 -0.449
733.419 90.00 91.2400 8.4 -1.241 -0.383
733.520 90.00 91.2400 8.0 -1.246 -0.456
733.617 90.00 91.2300 8.3 -1.231 -0.394
733.719 90.00 91.2300 8.1 -1.229 -0.423
733.818 90.00 91.2200 8.2 -1.222 -0.412
733.918 90.00 91.2000 8.7 -1.204 -0.329
734.019 90.00 91.2100 8.3 -1.207 -0.393
734.118 90.00 91.2000 8.2 -1.202 -0.401
734.219 90.00 91.1800 8.8 -1.184 -0.311
734.318 90.00 91.1800 8.5 -1.184 -0.356
734.418 90.00 91.1700 9.0 -1.166 -0.273
734.519 90.00 91.1500 9.2 -1.155 -0.237
734.617 90.00 91.1600 8.8 -1.157 -0.300
734.719 90.00 91.1400 9.4 -1.139 -0.215
734.818 90.00 91.1400 8.8 -1.145 -0.306
734.918 90.00 91.1300 9.2 -1.130 -0.242
735.019 90.00 91.1200 9.3 -1.120 -0.214
735.116 90.00 91.1000 9.7 -1.106 -0.159
735.218 90.00 91.1000 9.5 -1.102 -0.184
735.317 90.00 91.1000 9.1 -1.106 -0.256
735.417 90.00 91.0900 9.4 -1.092 -0.203
735.518 90.00 91.0900 9.2 -1.090 -0.230
735.616 90.00 91.0700 9.8 -1.071 -0.137
735.718 90.00 91.0100 12.2 -1.007 0.259
735.817 90.00 91.0300 10.8 -1.032 0.023
735.917 90.00 91.0500 9.8 -1.046 -0.130
736.019 90.00 91.0300 10.1 -1.033 -0.084
736.117 90.00 91.0300 10.1 -1.026 -0.084
736.217 90.00 91.0400 9.0 -1.044 -0.251
736.318 90.00 91.0100 10.0 -1.015 -0.094
736.417 90.00 91.0100 9.9 -1.012 -0.114
736.517 90.00 91.0000 10.0 -1.002 -0.088
736.617 90.00 91.0000 9.8 -1.001 -0.128
736.717 90.00 91.0000 9.6 -0.998 -0.151
736.816 90.00 90.9700 10.4 -0.975 -0.033
736.916 90.00 90.9700 10.1 -0.973 -0.070
737.016 90.00 90.9500 10.7 -0.953 0.025
737.116 90.00 90.9500 10.3 -0.955 -0.032
737.217 90.00 90.9400 10.5 -0.944 -0.004
737.316 90.00 90.9300 10.9 -0.929 0.054
737.416 90.00 90.9200 10.8 -0.923 0.044
737.517 90.00 90.9200 10.7 -0.920 0.019
737.615 90.00 90.9100 10.8 -0.910 0.042
737.717 90.00 90.9100 10.4 -0.912 -0.016
737.816 90.00 90.8900 10.9 -0.893 0.068
737.916 90.00 90.8900 10.7 -0.892 0.024
738.017 90.00 90.8800 10.8 -0.881 0.056
738.115 90.00 90.8700 11.2 -0.867 0.113
738.216 90.00 90.8600 11.0 -0.864 0.081
738.315 90.00 90.8700 10.5 -0.869 -0.003
738.415 90.00 90.8500 10.9 -0.853 0.067
738.516 90.00 90.8500 10.9 -0.847 0.064
738.614 90.00 90.8300 11.1 -0.835 0.102
738.716 90.00 90.8000 12.2 -0.803 0.278
738.815 90.00 90.8200 10.9 -0.825 0.070
738.915 90.00 90.8200 10.8 -0.821 0.054
739.016 90.00 90.8100 11.0 -0.809 0.093
739.114 90.00 90.8000 11.0 -0.803 0.089
739.216 90.00 90.7900 11.2 -0.792 0.123
739.315 90.00 90.7800 11.3 -0.782 0.147
739.415 90.00 90.7800 11.1 -0.781 0.113
739.516 90.00 90.7800 10.9 -0.780 0.075
739.614 90.00 90.7700 11.1 -0.768 0.112
739.715 90.00 90.8000 9.5 -0.799 -0.148
739.816 90.00 90.7600 10.9 -0.761 0.086
739.913 90.00 90.7500 11.3 -0.748 0.136
740.015 90.00 90.7300 11.5 -0.735 0.180
740.114 90.00 90.7200 11.8 -0.723 0.219
740.215 90.00 90.7300 10.9 -0.736 0.082
740.314 90.00 90.7100 11.7 -0.713 0.202
740.414 90.00 90.7000 11.8 -0.703 0.229
740.515 90.00 90.6900 11.9 -0.695 0.237
740.614 90.00 90.6900 11.6 -0.694 0.197
740.715 90.00 90.6800 11.7 -0.685 0.211
740.814 90.00 90.6800 11.6 -0.682 0.192
740.914 90.00 90.6700 11.7 -0.673 0.208
741.015 90.00 90.6600 12.1 -0.657 0.274
741.114 90.00 90.6600 11.6 -0.661 0.202
741.214 90.00 90.6500 11.6 -0.656 0.193
741.314 90.00 90.6400 12.0 -0.641 0.259
741.413 90.00 90.6400 11.7 -0.641 0.215
741.514 90.00 90.6800 9.8 -0.677 -0.084
741.613 90.00 90.6300 11.7 -0.631 0.212
741.713 90.00 90.6600 9.9 -0.665 -0.072
741.814 90.00 90.6100 12.1 -0.611 0.281
741.913 90.00 90.6100 11.8 -0.610 0.240
742.014 90.00 90.5900 12.2 -0.595 0.300
742.113 90.00 90.5800 12.4 -0.583 0.343
742.213 90.00 90.5800 12.2 -0.581 0.309
742.314 90.00 90.5700 12.4 -0.571 0.333
742.413 90.00 90.5800 11.8 -0.578 0.240
742.514 90.00 90.5500 12.6 -0.554 0.367
742.613 90.00 90.5500 12.3 -0.553 0.327
742.712 90.00 90.5500 12.3 -0.549 0.316
742.813 90.00 90.5400 12.4 -0.538 0.345
742.912 90.00 90.5400 12.0 -0.543 0.266
743.013 90.00 90.5300 12.1 -0.535 0.285
743.112 90.00 90.5200 12.6 -0.517 0.365
743.212 90.00 90.5200 12.3 -0.517 0.323
743.313 90.00 90.5100 12.3 -0.510 0.331
743.411 90.00 90.5100 11.9 -0.513 0.266
743.513 90.00 90.4900 12.6 -0.494 0.365
743.612 90.00 90.5000 11.9 -0.501 0.269
743.712 90.00 90.4900 12.2 -0.489 0.312
743.813 90.00 90.4800 12.3 -0.481 0.331
743.911 90.00 90.4800 12.2 -0.478 0.315
744.013 90.00 90.4800 12.0 -0.476 0.283
744.113 90.00 90.4900 11.2 -0.489 0.154
744.211 90.00 90.4500 12.5 -0.455 0.363
744.312 90.00 90.4500 12.5 -0.450 0.359
744.411 90.00 90.4400 12.6 -0.442 0.373
744.512 90.00 90.4400 12.2 -0.445 0.314
744.611 90.00 90.4300 12.6 -0.430 0.381
744.711 90.00 90.4300 12.2 -0.433 0.318
744.812 90.00 90.4300 12.3 -0.427 0.323
744.911 90.00 90.4300 12.0 -0.427 0.285
745.012 90.00 90.4200 12.1 -0.420 0.295
745.111 90.00 90.4100 12.1 -0.416 0.292
745.211 90.00 90.4100 12.2 -0.407 0.314
745.311 90.00 90.3900 12.8 -0.388 0.414
745.411 90.00 90.4000 12.2 -0.397 0.312
745.512 90.00 90.3800 12.5 -0.384 0.366
745.611 90.00 90.3800 12.2 -0.386 0.316
745.711 90.00 90.3800 12.3 -0.379 0.328
745.812 90.00 90.3600 12.6 -0.366 0.387
745.910 90.00 90.3600 12.5 -0.363 0.369
746.011 90.00 90.3600 12.3 -0.362 0.337
746.110 90.00 90.4000 10.6 -0.396 0.064
746.210 90.00 90.3600 12.1 -0.358 0.309
746.311 90.00 90.3400 12.7 -0.339 0.406
746.409 90.00 90.3400 12.5 -0.339 0.369
746.511 90.00 90.3400 12.4 -0.336 0.354
746.611 90.00 90.3300 12.3 -0.334 0.338
746.709 90.00 90.3200 12.7 -0.321 0.396
746.811 90.00 90.3200 12.5 -0.319 0.371
746.909 90.00 90.3100 12.5 -0.314 0.370
747.011 90.00 90.3100 12.2 -0.316 0.325
747.111 90.00 90.3100 12.4 -0.307 0.355
747.209 90.00 90.3000 12.4 -0.303 0.350
747.311 90.00 90.2900 12.7 -0.291 0.401
747.408 90.00 90.2900 12.7 -0.286 0.399
747.510 90.00 90.2700 12.9 -0.276 0.438
747.610 90.00 90.2300 14.5 -0.234 0.698
747.708 90.00 90.2700 12.4 -0.275 0.362
747.810 90.00 90.2600 12.8 -0.263 0.412
747.909 90.00 90.2600 12.6 -0.262 0.384
748.010 90.00 90.2400 13.1 -0.246 0.468
748.109 90.00 90.2500 12.5 -0.253 0.379
748.209 90.00 90.2400 12.8 -0.243 0.418
748.310 90.00 90.2400 12.6 -0.242 0.391
748.408 90.00 90.2400 12.6 -0.238 0.392
748.510 90.00 90.2400 12.5 -0.236 0.370
748.609 90.00 90.2700 10.6 -0.276 0.064
748.709 90.00 90.2300 12.5 -0.229 0.378
748.810 90.00 90.2200 12.6 -0.222 0.396
748.907 90.00 90.2200 12.6 -0.218 0.393
749.009 90.00 90.2200 12.4 -0.218 0.357
749.109 90.00 90.2200 12.2 -0.218 0.331
749.208 90.00 90.2100 12.4 -0.209 0.365
749.309 90.00 90.2000 12.7 -0.199 0.408
749.407 90.00 90.2000 12.4 -0.201 0.364
749.509 90.00 90.2000 12.4 -0.197 0.363
749.609 90.00 90.1900 12.4 -0.195 0.353
749.708 90.00 90.1800 12.8 -0.180 0.424
749.809 90.00 90.1800 12.7 -0.178 0.411
749.907 90.00 90.1800 12.2 -0.185 0.329
750.009 90.00 90.1700 12.5 -0.176 0.370
750.109 90.00 90.1800 12.2 -0.177 0.334
750.208 90.00 90.1800 12.1 -0.177 0.310
750.309 90.00 90.1700 12.2 -0.170 0.331
750.407 90.00 90.1500 12.8 -0.153 0.428
750.508 90.00 90.1500 12.6 -0.155 0.385
750.609 90.00 90.1600 12.3 -0.157 0.341
750.706 90.00 90.1500 12.3 -0.153 0.349
750.808 90.00 90.1500 12.3 -0.150 0.342
750.907 90.00 90.1400 12.5 -0.142 0.375
751.008 90.00 90.1400 12.2 -0.145 0.331
751.108 90.00 90.1400 12.3 -0.139 0.343
751.206 90.00 90.1300 12.4 -0.132 0.370
751.308 90.00 90.0800 14.7 -0.077 0.734
751.407 90.00 90.1300 12.1 -0.130 0.318
751.507 90.00 90.1300 12.1 -0.127 0.320
751.608 90.00 90.1200 12.2 -0.121 0.339
751.706 90.00 90.1200 12.1 -0.121 0.315
751.808 90.00 90.1200 12.0 -0.120 0.301
751.907 90.00 90.1100 12.1 -0.116 0.306
752.007 90.00 90.0700 13.8 -0.074 0.582
752.107 90.00 90.1100 12.0 -0.110 0.298
752.206 90.00 90.1100 11.9 -0.109 0.278
752.307 90.00 90.1000 12.0 -0.104 0.294
752.405 90.00 90.1000 12.0 -0.100 0.303
752.507 90.00 90.1000 11.8 -0.103 0.262
752.607 90.00 90.0800 12.5 -0.084 0.382
752.706 90.00 90.0900 12.2 -0.087 0.338
752.807 90.00 90.1000 11.7 -0.097 0.245
752.905 90.00 90.0900 11.8 -0.092 0.264
753.007 90.00 90.0900 11.5 -0.096 0.217
753.107 90.00 90.0800 12.1 -0.080 0.313
753.206 90.00 90.0900 11.7 -0.087 0.243
753.307 90.00 90.0700 12.1 -0.075 0.310
753.405 90.00 90.0700 11.9 -0.076 0.287
753.506 90.00 90.0600 12.4 -0.062 0.366
753.606 90.00 90.0700 11.8 -0.073 0.264
753.705 90.00 90.0700 11.8 -0.070 0.268
753.806 90.00 90.1100 10.1 -0.108 -0.011
753.905 90.00 90.0700 11.8 -0.068 0.261
754.006 90.00 90.0600 11.8 -0.066 0.262
754.106 90.00 90.0700 11.5 -0.069 0.223
754.205 90.00 90.0700 11.3 -0.071 0.195
754.306 90.00 90.0600 11.8 -0.060 0.259
754.405 90.00 90.0600 11.4 -0.065 0.204
754.506 90.00 90.0600 11.6 -0.059 0.233
754.606 90.00 90.0600 11.2 -0.066 0.175
754.705 90.00 90.0500 11.6 -0.054 0.240
754.806 90.00 90.0600 11.2 -0.063 0.165
754.905 90.00 90.0500 11.7 -0.049 0.255
755.005 90.00 90.0600 11.1 -0.062 0.148
755.106 90.00 90.0500 11.5 -0.050 0.219
755.204 90.00 90.1000 9.4 -0.096 -0.119
755.305 90.00 90.0500 11.5 -0.048 0.218
755.404 90.00 90.0400 11.6 -0.045 0.228
755.504 90.00 90.0400 11.4 -0.046 0.207
755.605 90.00 90.0500 11.3 -0.047 0.186
755.703 90.00 90.0400 11.6 -0.039 0.231
755.805 90.00 90.0500 11.0 -0.050 0.143
755.904 90.00 90.0500 11.0 -0.049 0.137
756.004 90.00 90.0400 11.3 -0.041 0.184
756.105 90.00 90.0400 11.0 -0.046 0.143
756.204 90.00 90.0400 11.2 -0.040 0.171
756.304 90.00 90.0300 11.3 -0.036 0.191
756.405 90.00 90.0400 10.9 -0.044 0.122
756.503 90.00 90.0500 10.6 -0.051 0.067
756.604 90.00 90.0400 11.1 -0.038 0.152
756.703 90.00 90.0300 11.3 -0.031 0.190
756.804 90.00 90.0400 10.6 -0.046 0.074
756.903 90.00 90.0400 10.8 -0.041 0.101
757.003 90.00 90.0400 10.6 -0.045 0.067
757.104 90.00 90.0400 10.8 -0.040 0.099
757.203 90.00 90.0300 11.0 -0.032 0.143
757.304 90.00 90.0400 10.6 -0.040 0.080
757.403 90.00 90.0300 10.8 -0.035 0.113
757.503 90.00 90.0300 10.8 -0.034 0.111
757.604 90.00 90.0300 10.9 -0.031 0.124
757.702 90.00 90.0400 10.5 -0.038 0.065
757.804 90.00 90.0400 10.4 -0.040 0.050
757.903 90.00 90.0300 10.6 -0.035 0.079
758.003 90.00 90.0300 10.7 -0.032 0.091
758.104 90.00 90.0400 10.5 -0.037 0.052
758.201 90.00 90.0400 10.4 -0.037 0.049
758.303 90.00 90.0300 10.5 -0.036 0.052
758.403 90.00 90.0300 10.6 -0.031 0.082
758.502 90.00 90.0300 10.6 -0.031 0.076
758.603 90.00 90.0300 10.6 -0.030 0.078
758.701 90.00 90.0300 10.4 -0.033 0.048
758.803 90.00 90.0300 10.5 -0.031 0.064
758.902 90.00 90.0300 10.5 -0.030 0.063
759.002 90.00 90.0400 10.2 -0.038 0.004
759.103 90.00 90.0300 10.2 -0.036 0.013
759.201 90.00 90.0300 10.3 -0.034 0.023
759.303 90.00 90.0300 10.4 -0.030 0.051
759.402 90.00 90.0400 10.1 -0.038 -0.011
759.502 90.00 90.0400 10.1 -0.038 -0.009
759.603 90.00 90.0700 8.8 -0.068 -0.220
759.700 90.00 90.0400 10.2 -0.036 0.008
759.802 90.00 90.0300 10.2 -0.035 0.016
759.902 90.00 90.0400 9.9 -0.041 -0.033
760.001 90.00 90.0400 10.0 -0.039 -0.019
760.101 90.00 90.0300 10.2 -0.034 0.015
760.201 90.00 90.0300 10.2 -0.034 0.018
760.301 90.00 90.0400 10.1 -0.037 -0.010
760.402 90.00 90.0300 10.1 -0.036 -0.002
760.501 90.00 90.0400 10.1 -0.037 -0.010
760.601 90.00 90.0500 9.7 -0.046 -0.078
760.701 90.00 90.0500 9.6 -0.048 -0.089
760.802 90.00 90.0400 10.1 -0.037 -0.008
760.901 90.00 90.0500 9.6 -0.048 -0.090
761.001 90.00 90.0400 9.9 -0.042 -0.040
761.101 90.00 90.0400 9.7 -0.045 -0.068
761.201 90.00 90.0400 10.0 -0.040 -0.026
761.301 90.00 90.0400 9.8 -0.044 -0.055
761.400 90.00 90.0500 9.5 -0.050 -0.096
761.500 90.00 90.0400 9.8 -0.043 -0.048
761.601 90.00 90.0600 9.0 -0.062 -0.182
761.699 90.00 90.0400 9.8 -0.044 -0.048
761.801 90.00 90.0400 9.8 -0.046 -0.063
761.901 90.00 90.0500 9.5 -0.051 -0.096
762.000 90.00 90.0400 9.9 -0.044 -0.044
762.101 90.00 90.0400 9.8 -0.046 -0.056
762.199 90.00 90.0500 9.7 -0.047 -0.065
762.301 90.00 90.0600 9.1 -0.062 -0.171
762.401 90.00 90.0000 11.7 -0.003 0.252
762.500 90.00 90.0600 9.2 -0.058 -0.147
762.601 90.00 90.0600 9.2 -0.059 -0.150
762.699 90.00 90.0700 8.8 -0.069 -0.219
762.800 90.00 90.0300 10.3 -0.035 0.027
762.901 90.00 90.0600 9.2 -0.060 -0.148
762.999 90.00 90.0600 9.1 -0.064 -0.171
763.100 90.00 90.0600 9.0 -0.066 -0.182
763.198 90.00 90.0600 9.1 -0.064 -0.160
763.300 90.00 90.0700 8.9 -0.071 -0.204
763.400 90.00 90.0600 9.2 -0.064 -0.147
763.499 90.00 90.0600 9.5 -0.058 -0.105
763.600 90.00 90.0800 8.5 -0.081 -0.262
763.698 90.00 90.0700 9.1 -0.068 -0.160
763.800 90.00 90.0600 9.3 -0.066 -0.140
763.900 90.00 90.0700 9.2 -0.067 -0.145
763.999 90.00 90.0800 8.6 -0.083 -0.252
764.099 90.00 90.0700 9.0 -0.074 -0.184
764.199 90.00 90.0800 8.8 -0.078 -0.209
764.298 90.00 90.0800 8.8 -0.080 -0.210
764.400 90.00 90.0800 9.0 -0.077 -0.183
764.498 90.00 90.0700 9.1 -0.076 -0.174
764.598 90.00 90.0800 9.0 -0.079 -0.189
764.698 90.00 90.0900 8.4 -0.092 -0.276
764.799 90.00 90.0800 8.9 -0.083 -0.202
764.898 90.00 90.1300 6.9 -0.130 -0.528
764.998 90.00 90.0900 8.5 -0.094 -0.257
765.099 90.00 90.0900 8.5 -0.095 -0.256
765.197 90.00 90.0400 11.0 -0.040 0.141
765.299 90.00 90.1000 8.3 -0.100 -0.292
765.398 90.00 90.1000 8.5 -0.098 -0.263
765.498 90.00 90.0900 8.7 -0.094 -0.228
765.599 90.00 90.0900 8.8 -0.094 -0.222
765.697 90.00 90.0900 8.8 -0.094 -0.214
765.798 90.00 90.1000 8.3 -0.106 -0.292
765.899 90.00 90.1000 8.7 -0.099 -0.237
765.997 90.00 90.1000 8.5 -0.103 -0.256
766.098 90.00 90.1000 8.5 -0.104 -0.256
766.197 90.00 90.1100 8.3 -0.111 -0.298
766.298 90.00 90.1100 8.5 -0.108 -0.265
766.398 90.00 90.1100 8.3 -0.113 -0.291
766.496 90.00 90.1200 8.1 -0.119 -0.327
766.598 90.00 90.1200 8.2 -0.117 -0.306
766.697 90.00 90.1100 8.3 -0.116 -0.285
766.798 90.00 90.1100 8.5 -0.114 -0.266
766.898 90.00 90.1200 8.1 -0.124 -0.325
766.996 90.00 90.1300 8.0 -0.128 -0.342
767.098 90.00 90.1200 8.4 -0.119 -0.270
767.197 90.00 90.1300 7.8 -0.134 -0.367
767.296 90.00 90.1200 8.4 -0.122 -0.270
767.398 90.00 90.1200 8.5 -0.120 -0.254
767.495 90.00 90.1300 8.2 -0.129 -0.309
767.596 90.00 90.1300 8.0 -0.135 -0.343
767.697 90.00 90.1400 8.0 -0.136 -0.339
767.796 90.00 90.1400 8.0 -0.138 -0.341
767.897 90.00 90.1400 8.1 -0.137 -0.323
767.996 90.00 90.1400 8.0 -0.140 -0.338
768.097 90.00 90.1300 8.3 -0.135 -0.294
768.196 90.00 90.1400 8.3 -0.136 -0.292
768.296 90.00 90.1300 8.4 -0.135 -0.278
768.397 90.00 90.1400 8.4 -0.137 -0.282
768.495 90.00 90.1400 8.2 -0.141 -0.305
768.597 90.00 90.1400 8.1 -0.146 -0.327
768.696 90.00 90.1400 8.2 -0.143 -0.303
768.795 90.00 90.1600 7.7 -0.157 -0.392
768.896 90.00 90.1500 8.0 -0.152 -0.340
768.994 90.00 90.1900 6.2 -0.194 -0.627
769.096 90.00 90.1700 7.5 -0.166 -0.413
769.195 90.00 90.1500 8.4 -0.148 -0.268
769.295 90.00 90.1600 7.8 -0.162 -0.365
769.396 90.00 90.1600 7.9 -0.163 -0.358
769.494 90.00 90.1600 8.0 -0.161 -0.335
769.596 90.00 90.1900 6.9 -0.187 -0.512
769.695 90.00 90.1600 8.3 -0.157 -0.283
769.795 90.00 90.1600 8.2 -0.161 -0.307
769.896 90.00 90.1600 8.2 -0.161 -0.297
769.994 90.00 90.2100 6.2 -0.210 -0.636
770.096 90.00 90.1600 8.4 -0.160 -0.266
770.195 90.00 90.1700 8.0 -0.171 -0.332
770.295 90.00 90.1700 8.2 -0.168 -0.306
770.396 90.00 90.1500 9.0 -0.151 -0.182
770.493 90.00 90.1700 8.2 -0.170 -0.311
770.595 90.00 90.1700 8.2 -0.169 -0.300
770.694 90.00 90.1700 8.2 -0.172 -0.312
770.794 90.00 90.1700 8.2 -0.173 -0.309
770.895 90.00 90.1800 7.6 -0.186 -0.394
770.993 90.00 90.1900 7.6 -0.188 -0.396
771.095 90.00 90.1600 8.6 -0.166 -0.233
771.194 90.00 90.1800 8.0 -0.181 -0.336
771.294 90.00 90.1900 7.8 -0.187 -0.369
771.395 90.00 90.1600 8.7 -0.166 -0.215
771.493 90.00 90.1900 7.8 -0.189 -0.372
771.595 90.00 90.1800 8.1 -0.183 -0.324
771.695 90.00 90.2100 6.8 -0.213 -0.522
771.794 90.00 90.1900 7.8 -0.194 -0.376
771.895 90.00 90.1900 7.8 -0.195 -0.373
771.993 90.00 90.2000 7.7 -0.198 -0.390
772.093 90.00 90.2000 7.8 -0.198 -0.373
772.194 90.00 90.2000 7.7 -0.200 -0.383
772.293 90.00 90.2000 7.8 -0.199 -0.366
772.393 90.00 90.2000 7.6 -0.204 -0.395
772.493 90.00 90.2100 7.5 -0.208 -0.413
772.594 90.00 90.1900 8.2 -0.193 -0.297
772.693 90.00 90.2100 7.5 -0.209 -0.405
772.793 90.00 90.2100 7.8 -0.206 -0.374
772.894 90.00 90.2200 7.3 -0.217 -0.437
772.993 90.00 90.2100 7.6 -0.212 -0.398
773.094 90.00 90.2100 7.5 -0.216 -0.414
773.193 90.00 90.2200 7.5 -0.216 -0.405
773.293 90.00 90.2600 5.7 -0.260 -0.705
773.394 90.00 90.2200 7.5 -0.222 -0.411
773.491 90.00 90.2100 8.1 -0.209 -0.315
773.593 90.00 90.2200 7.7 -0.219 -0.381
773.693 90.00 90.2200 7.7 -0.219 -0.373
773.791 90.00 90.2300 7.4 -0.229 -0.433
773.893 90.00 90.2100 8.4 -0.208 -0.273
773.991 90.00 90.2200 8.0 -0.217 -0.336
774.093 90.00 90.2200 7.8 -0.222 -0.361
774.193 90.00 90.2300 7.4 -0.232 -0.426
774.292 90.00 90.2300 7.4 -0.234 -0.430
774.393 90.00 90.2300 7.7 -0.228 -0.381
774.491 90.00 90.2200 8.2 -0.217 -0.293
774.593 90.00 90.2300 7.5 -0.234 -0.413
774.693 90.00 90.2300 7.5 -0.235 -0.409
774.792 90.00 90.2400 7.5 -0.236 -0.409
774.893 90.00 90.2500 6.9 -0.251 -0.505
774.990 90.00 90.2300 7.8 -0.232 -0.357
775.092 90.00 90.2200 8.1 -0.226 -0.310
775.191 90.00 90.2400 7.6 -0.238 -0.388
775.291 90.00 90.2400 7.5 -0.242 -0.407
775.392 90.00 90.2400 7.5 -0.243 -0.407
775.490 90.00 90.2500 7.3 -0.248 -0.433
775.592 90.00 90.2500 7.3 -0.250 -0.437
775.692 90.00 90.2500 7.5 -0.246 -0.404
775.791 90.00 90.2500 7.5 -0.247 -0.403
775.892 90.00 90.2600 7.1 -0.259 -0.477
775.991 90.00 90.2400 7.7 -0.246 -0.375
776.091 90.00 90.2500 7.5 -0.250 -0.398
776.192 90.00 90.2400 8.0 -0.241 -0.327
776.291 90.00 90.2500 7.4 -0.256 -0.428
776.391 90.00 90.2600 7.3 -0.259 -0.439
776.491 90.00 90.2600 7.4 -0.259 -0.430
776.591 90.00 90.2600 7.3 -0.262 -0.442
776.690 90.00 90.2700 7.1 -0.267 -0.468
776.790 90.00 90.2600 7.2 -0.266 -0.449
776.891 90.00 90.2600 7.3 -0.265 -0.438
776.989 90.00 90.2600 7.6 -0.260 -0.392
777.091 90.00 90.2700 7.3 -0.268 -0.444
777.191 90.00 90.2600 7.6 -0.262 -0.389
777.289 90.00 90.2600 7.7 -0.260 -0.374
777.391 90.00 90.2700 7.4 -0.268 -0.419
777.489 90.00 90.2700 7.3 -0.272 -0.441
777.591 90.00 90.2700 7.5 -0.269 -0.410
777.691 90.00 90.2700 7.2 -0.276 -0.454
777.789 90.00 90.2700 7.4 -0.273 -0.426
777.891 90.00 90.2800 7.0 -0.282 -0.480
777.989 90.00 90.2700 7.4 -0.274 -0.413
778.090 90.00 90.2800 7.3 -0.278 -0.436
778.191 90.00 90.2700 7.5 -0.274 -0.398
778.288 90.00 90.2800 7.4 -0.278 -0.422
778.390 90.00 90.2800 7.1 -0.286 -0.469
778.489 90.00 90.2800 7.3 -0.282 -0.433
778.589 90.00 90.2800 7.2 -0.285 -0.446
778.690 90.00 90.2800 7.4 -0.283 -0.421
778.788 90.00 90.2900 7.1 -0.290 -0.468
778.890 90.00 90.2900 7.1 -0.291 -0.462
778.989 90.00 90.2800 7.5 -0.283 -0.399
779.089 90.00 90.2900 7.3 -0.289 -0.436
779.190 90.00 90.3000 6.8 -0.301 -0.510
779.289 90.00 90.2900 7.3 -0.292 -0.436
779.389 90.00 90.2900 7.5 -0.286 -0.392
779.489 90.00 90.2900 7.5 -0.287 -0.393
779.588 90.00 90.2900 7.3 -0.293 -0.424
779.690 90.00 90.2900 7.5 -0.289 -0.392
779.788 90.00 90.2900 7.3 -0.295 -0.433
779.888 90.00 90.3000 7.3 -0.296 -0.432
779.989 90.00 90.3000 7.2 -0.300 -0.450
780.088 90.00 90.2900 7.6 -0.290 -0.375
780.189 90.00 90.2900 7.7 -0.290 -0.367
780.287 90.00 90.3300 6.1 -0.327 -0.624
780.389 90.00 90.3500 5.3 -0.347 -0.747
780.489 90.00 90.2900 7.8 -0.293 -0.353
780.588 90.00 90.3000 7.6 -0.297 -0.374
780.689 90.00 90.3100 7.2 -0.306 -0.438
780.788 90.00 90.3000 7.6 -0.299 -0.378
780.889 90.00 90.3000 7.3 -0.306 -0.424
780.989 90.00 90.3000 7.7 -0.298 -0.365
781.087 90.00 90.3000 7.5 -0.303 -0.394
781.189 90.00 90.3100 7.3 -0.309 -0.431
781.287 90.00 90.3100 7.1 -0.313 -0.456
781.387 90.00 90.3000 7.6 -0.303 -0.379
781.488 90.00 90.3000 7.6 -0.305 -0.385
781.587 90.00 90.3100 7.3 -0.312 -0.430
781.688 90.00 90.3000 7.6 -0.305 -0.375
781.787 90.00 90.3100 7.3 -0.312 -0.425
781.887 90.00 90.3100 7.2 -0.314 -0.433
781.988 90.00 90.3100 7.5 -0.310 -0.401
782.087 90.00 90.3100 7.5 -0.311 -0.398
782.187 90.00 90.3000 7.8 -0.305 -0.352
782.287 90.00 90.3100 7.5 -0.311 -0.395
782.388 90.00 90.3100 7.6 -0.310 -0.382
782.487 90.00 90.3000 7.8 -0.305 -0.344
782.586 90.00 90.3100 7.7 -0.308 -0.361
782.687 90.00 90.3000 8.1 -0.299 -0.295
782.785 90.00 90.3100 7.5 -0.312 -0.390
782.887 90.00 90.3200 7.3 -0.317 -0.422
782.986 90.00 90.3000 8.2 -0.297 -0.273
783.086 90.00 90.3100 7.5 -0.314 -0.392
783.187 90.00 90.3200 7.3 -0.319 -0.423
783.285 90.00 90.3100 7.8 -0.308 -0.345
783.387 90.00 90.3100 7.5 -0.316 -0.395
783.486 90.00 90.3200 7.4 -0.318 -0.410
783.586 90.00 90.3200 7.4 -0.318 -0.403
783.687 90.00 90.3100 7.7 -0.312 -0.353
783.785 90.00 90.3000 8.1 -0.303 -0.293
783.887 90.00 90.3400 6.5 -0.340 -0.551
783.987 90.00 90.3600 5.7 -0.359 -0.672
784.086 90.00 90.3100 7.9 -0.311 -0.320
784.186 90.00 90.3200 7.5 -0.321 -0.391
784.285 90.00 90.3200 7.6 -0.319 -0.376
784.386 90.00 90.3100 8.0 -0.311 -0.313
784.485 90.00 90.3100 7.8 -0.314 -0.332
784.585 90.00 90.3200 7.6 -0.319 -0.369
784.686 90.00 90.3100 7.9 -0.312 -0.319
784.784 90.00 90.3200 7.3 -0.325 -0.408
784.886 90.00 90.3200 7.6 -0.319 -0.362
784.985 90.00 90.3200 7.4 -0.324 -0.393
785.085 90.00 90.3200 7.5 -0.323 -0.381
785.186 90.00 90.3200 7.8 -0.317 -0.337
785.284 90.00 90.3100 8.0 -0.311 -0.299
785.386 90.00 90.3100 7.9 -0.314 -0.320
785.486 90.00 90.3200 7.5 -0.323 -0.379
785.585 90.00 90.3100 7.9 -0.314 -0.312
785.686 90.00 90.3100 7.9 -0.314 -0.317
785.783 90.00 90.3200 7.6 -0.320 -0.360
785.885 90.00 90.3200 7.6 -0.321 -0.364
785.985 90.00 90.3100 7.9 -0.314 -0.309
786.083 90.00 90.3300 7.1 -0.334 -0.450
786.185 90.00 90.3200 7.8 -0.317 -0.326
786.284 90.00 90.3200 7.5 -0.325 -0.380
786.384 90.00 90.3100 7.9 -0.316 -0.314
786.485 90.00 90.3100 8.1 -0.312 -0.290
786.583 90.00 90.3100 8.1 -0.312 -0.288
786.685 90.00 90.3200 7.6 -0.322 -0.361
786.784 90.00 90.3300 7.2 -0.331 -0.423
786.884 90.00 90.3100 7.9 -0.315 -0.307
786.985 90.00 90.3200 7.7 -0.320 -0.340
787.083 90.00 90.3200 7.5 -0.326 -0.382
787.185 90.00 90.3100 8.0 -0.315 -0.303
787.284 90.00 90.3200 7.6 -0.323 -0.361
787.383 90.00 90.3200 7.6 -0.323 -0.357
787.484 90.00 90.3100 8.2 -0.310 -0.263
787.583 90.00 90.3100 8.0 -0.315 -0.299
787.683 90.00 90.3100 8.0 -0.314 -0.292
787.783 90.00 90.3100 8.1 -0.313 -0.287
787.883 90.00 90.3300 7.2 -0.332 -0.425
787.984 90.00 90.3100 8.0 -0.315 -0.302
788.083 90.00 90.3000 8.5 -0.302 -0.207
788.184 90.00 90.3100 8.2 -0.309 -0.265
788.282 90.00 90.3100 7.9 -0.315 -0.307
788.384 90.00 90.3100 8.0 -0.313 -0.295
788.483 90.00 90.3200 7.8 -0.317 -0.320
788.583 90.00 90.3100 8.2 -0.309 -0.265
788.684 90.00 90.3100 7.9 -0.315 -0.311
788.782 90.00 90.3100 7.9 -0.315 -0.311
788.883 90.00 90.3100 7.9 -0.314 -0.302
788.982 90.00 90.3000 8.4 -0.303 -0.225
789.082 90.00 90.3000 8.3 -0.304 -0.238
789.183 90.00 90.3100 7.9 -0.314 -0.313
789.281 90.00 90.3000 8.4 -0.303 -0.232
789.383 90.00 90.3200 7.7 -0.318 -0.343
789.483 90.00 90.3100 8.1 -0.309 -0.278
789.581 90.00 90.3100 8.1 -0.307 -0.268
789.683 90.00 90.3100 7.9 -0.311 -0.299
789.781 90.00 90.3000 8.4 -0.301 -0.230
789.883 90.00 90.3000 8.2 -0.304 -0.253
789.983 90.00 90.3000 8.3 -0.302 -0.242
790.081 90.00 90.3000 8.5 -0.297 -0.208
790.183 90.00 90.3000 8.2 -0.304 -0.262
790.281 90.00 90.3300 7.2 -0.327 -0.422
790.382 90.00 90.3000 8.1 -0.306 -0.274
790.483 90.00 90.3100 8.0 -0.308 -0.291
790.580 90.00 90.3100 8.0 -0.308 -0.289
790.682 90.00 90.3100 7.9 -0.309 -0.296
790.780 90.00 90.3000 8.2 -0.303 -0.260
790.881 90.00 90.3000 8.2 -0.302 -0.253
790.982 90.00 90.3000 8.1 -0.304 -0.268
791.080 90.00 90.3000 8.3 -0.300 -0.243
791.182 90.00 90.3100 8.0 -0.306 -0.288
791.280 90.00 90.3100 7.9 -0.308 -0.304
791.382 90.00 90.3200 7.5 -0.318 -0.371
791.482 90.00 90.3000 8.2 -0.302 -0.259
791.580 90.00 90.3000 8.2 -0.301 -0.251
791.682 90.00 90.2900 8.5 -0.294 -0.204
791.781 90.00 90.3000 8.2 -0.301 -0.257
791.881 90.00 90.2900 8.5 -0.293 -0.202
791.983 90.00 90.3000 8.1 -0.301 -0.265
792.080 90.00 90.2900 8.3 -0.295 -0.227
792.180 90.00 90.3000 7.9 -0.306 -0.303
792.280 90.00 90.3000 8.0 -0.303 -0.284
792.381 90.00 90.2900 8.4 -0.293 -0.217
792.480 90.00 90.3000 8.2 -0.298 -0.258
792.580 90.00 90.2900 8.5 -0.289 -0.195
792.681 90.00 90.3000 8.1 -0.298 -0.262
792.780 90.00 90.2900 8.3 -0.294 -0.233
792.881 90.00 90.2900 8.3 -0.293 -0.233
792.981 90.00 90.3000 8.0 -0.299 -0.279
793.079 90.00 90.3100 7.7 -0.306 -0.329
793.181 90.00 90.3000 8.1 -0.298 -0.269
793.280 90.00 90.2900 8.5 -0.287 -0.196
793.380 90.00 90.2900 8.4 -0.290 -0.218
793.481 90.00 90.2900 8.3 -0.290 -0.224
793.578 90.00 90.3000 7.8 -0.302 -0.311
793.680 90.00 90.2900 8.2 -0.294 -0.252
793.780 90.00 90.2900 8.2 -0.293 -0.250
793.880 90.00 90.2900 8.3 -0.289 -0.224
793.980 90.00 90.2900 8.4 -0.288 -0.220
794.078 90.00 90.2800 8.5 -0.285 -0.202
794.180 90.00 90.2800 8.6 -0.281 -0.176
794.279 90.00 90.2800 8.5 -0.284 -0.201
794.379 90.00 90.2800 8.4 -0.285 -0.212
794.480 90.00 90.2700 8.8 -0.275 -0.149
794.578 90.00 90.2800 8.6 -0.278 -0.178
794.680 90.00 90.2800 8.4 -0.282 -0.210
794.780 90.00 90.2700 8.8 -0.274 -0.154
794.879 90.00 90.2800 8.4 -0.281 -0.209
794.980 90.00 90.2800 8.4 -0.281 -0.215
795.077 90.00 90.2800 8.1 -0.286 -0.253
795.179 90.00 90.2800 8.4 -0.280 -0.212
795.279 90.00 90.2800 8.3 -0.281 -0.222
795.377 90.00 90.2800 8.1 -0.285 -0.252
795.479 90.00 90.2800 8.2 -0.282 -0.237
795.577 90.00 90.2800 8.4 -0.277 -0.201
795.679 90.00 90.2800 8.3 -0.281 -0.232
795.779 90.00 90.2700 8.5 -0.275 -0.196
795.877 90.00 90.2800 8.1 -0.284 -0.262
795.979 90.00 90.2800 8.3 -0.279 -0.226
796.078 90.00 90.2700 8.4 -0.275 -0.202
796.179 90.00 90.2700 8.4 -0.274 -0.200
796.278 90.00 90.2700 8.5 -0.272 -0.190
796.378 90.00 90.2700 8.4 -0.275 -0.211
796.479 90.00 90.2700 8.4 -0.274 -0.213
796.576 90.00 90.2700 8.5 -0.271 -0.194
796.678 90.00 90.2700 8.3 -0.274 -0.220
796.778 90.00 90.2600 8.8 -0.262 -0.139
796.876 90.00 90.2700 8.2 -0.276 -0.238
796.978 90.00 90.2700 8.4 -0.271 -0.208
797.076 90.00 90.2700 8.5 -0.269 -0.194
797.178 90.00 90.2700 8.4 -0.269 -0.200
797.278 90.00 90.2700 8.5 -0.266 -0.184
797.376 90.00 90.2700 8.5 -0.267 -0.195
797.478 90.00 90.2700 8.4 -0.268 -0.206
797.576 90.00 90.2700 8.5 -0.266 -0.195
797.678 90.00 90.2700 8.4 -0.268 -0.209
797.778 90.00 90.2600 8.4 -0.266 -0.196
797.876 90.00 90.2600 8.6 -0.262 -0.174
797.978 90.00 90.2300 10.0 -0.229 0.050
798.075 90.00 90.2900 7.1 -0.294 -0.414
798.177 90.00 90.2600 8.7 -0.258 -0.156
798.277 90.00 90.2600 8.4 -0.264 -0.209
798.375 90.00 90.2600 8.7 -0.257 -0.161
798.477 90.00 90.2600 8.3 -0.264 -0.214
798.575 90.00 90.2600 8.2 -0.266 -0.229
798.676 90.00 90.2600 8.3 -0.263 -0.214
798.777 90.00 90.2600 8.5 -0.260 -0.193
798.875 90.00 90.2700 8.1 -0.268 -0.254
798.977 90.00 90.2600 8.3 -0.264 -0.224
799.076 90.00 90.2600 8.5 -0.259 -0.188
799.176 90.00 90.2600 8.3 -0.262 -0.217
799.277 90.00 90.2600 8.4 -0.260 -0.202
799.375 90.00 90.2700 8.0 -0.268 -0.265
799.477 90.00 90.2600 8.3 -0.260 -0.207
799.576 90.00 90.2600 8.3 -0.260 -0.210
799.675 90.00 90.2500 8.5 -0.256 -0.183
799.776 90.00 90.2600 8.4 -0.259 -0.206
799.875 90.00 90.2600 8.4 -0.257 -0.195
799.976 90.00 90.2500 8.6 -0.252 -0.164
800.074 90.00 90.2600 8.4 -0.257 -0.202
800.176 90.00 90.2500 8.5 -0.253 -0.182
800.276 90.00 90.2500 8.7 -0.248 -0.149
800.374 90.00 90.2600 8.2 -0.259 -0.230
800.476 90.00 90.2600 8.2 -0.258 -0.225
800.574 90.00 90.2500 8.4 -0.253 -0.192
800.676 90.00 90.2600 8.1 -0.261 -0.249
800.776 90.00 90.2500 8.3 -0.256 -0.213
800.874 90.00 90.2500 8.3 -0.256 -0.219
800.976 90.00 90.2500 8.5 -0.250 -0.175
801.075 90.00 90.2400 8.7 -0.246 -0.153
801.174 90.00 90.2500 8.5 -0.248 -0.175
801.276 90.00 90.2500 8.6 -0.247 -0.171
801.374 90.00 90.2400 8.6 -0.245 -0.158
801.474 90.00 90.2500 8.5 -0.248 -0.183
801.574 90.00 90.2500 8.3 -0.251 -0.207
801.674 90.00 90.2400 8.6 -0.245 -0.171
801.775 90.00 90.2500 8.3 -0.251 -0.213
801.874 90.00 90.2500 8.4 -0.248 -0.194
801.974 90.00 90.2500 8.1 -0.254 -0.243
802.074 90.00 90.2600 8.0 -0.256 -0.258
802.174 90.00 90.2500 8.2 -0.252 -0.228
802.275 90.00 90.1900 10.9 -0.188 0.219
802.374 90.00 90.2400 8.4 -0.245 -0.196
802.474 90.00 90.2400 8.4 -0.243 -0.190
802.574 90.00 90.2500 8.1 -0.251 -0.247
802.674 90.00 90.2400 8.3 -0.246 -0.212
802.775 90.00 90.2400 8.3 -0.245 -0.205
802.873 90.00 90.2400 8.5 -0.241 -0.180
802.973 90.00 90.2400 8.4 -0.243 -0.195
803.073 90.00 90.2400 8.6 -0.237 -0.156
803.174 90.00 90.2400 8.3 -0.243 -0.206
803.273 90.00 90.2100 9.7 -0.211 0.020
803.373 90.00 90.2400 8.3 -0.241 -0.204
803.474 90.00 90.2400 8.2 -0.243 -0.218
803.572 90.00 90.2400 8.3 -0.241 -0.207
803.674 90.00 90.2400 8.2 -0.243 -0.225
803.774 90.00 90.2400 8.3 -0.241 -0.212
803.872 90.00 90.2500 8.1 -0.246 -0.248
803.974 90.00 90.2400 8.1 -0.244 -0.232
804.073 90.00 90.2400 8.2 -0.243 -0.222
804.173 90.00 90.2300 8.6 -0.234 -0.165
804.273 90.00 90.2200 9.2 -0.218 -0.058
804.372 90.00 90.2400 8.2 -0.242 -0.230
804.472 90.00 90.2400 8.0 -0.246 -0.258
804.572 90.00 90.2400 8.4 -0.236 -0.191
804.673 90.00 90.2200 9.2 -0.218 -0.066
804.772 90.00 90.2400 8.0 -0.245 -0.261
804.872 90.00 90.2400 8.1 -0.241 -0.232
804.973 90.00 90.2400 8.3 -0.236 -0.201
805.072 90.00 90.2400 8.1 -0.241 -0.232
805.173 90.00 90.2500 7.9 -0.246 -0.272
805.273 90.00 90.2400 8.2 -0.239 -0.216
805.371 90.00 90.2400 8.1 -0.242 -0.241
805.473 90.00 90.2400 8.2 -0.239 -0.220
805.572 90.00 90.2400 8.0 -0.243 -0.250
805.672 90.00 90.2400 8.2 -0.238 -0.215
805.773 90.00 90.2400 8.3 -0.236 -0.204
805.870 90.00 90.2300 8.3 -0.236 -0.204
805.972 90.00 90.2400 8.1 -0.240 -0.236
806.072 90.00 90.2300 8.3 -0.235 -0.197
806.172 90.00 90.2500 7.8 -0.246 -0.279
806.272 90.00 90.2400 8.0 -0.243 -0.254
806.370 90.00 90.2400 7.9 -0.245 -0.267
806.472 90.00 90.2300 8.3 -0.236 -0.202
806.572 90.00 90.2400 8.0 -0.241 -0.244
806.672 90.00 90.2500 7.8 -0.246 -0.279
806.772 90.00 90.2400 8.0 -0.241 -0.242
806.870 90.00 90.2400 8.0 -0.242 -0.249
806.972 90.00 90.2300 8.4 -0.233 -0.181
807.072 90.00 90.2500 7.8 -0.247 -0.285
807.171 90.00 90.2300 8.3 -0.235 -0.195
807.272 90.00 90.2300 8.3 -0.235 -0.196
807.369 90.00 90.2400 8.2 -0.237 -0.216
807.471 90.00 90.2500 7.6 -0.252 -0.319
807.571 90.00 90.2200 8.9 -0.222 -0.105
807.669 90.00 90.2400 8.2 -0.237 -0.218
807.771 90.00 90.2400 8.1 -0.238 -0.223
807.869 90.00 90.2400 8.2 -0.237 -0.219
807.971 90.00 90.2200 8.8 -0.222 -0.115
808.070 90.00 90.2400 8.0 -0.239 -0.244
808.170 90.00 90.2400 8.1 -0.239 -0.237
808.271 90.00 90.2400 8.1 -0.238 -0.236
808.369 90.00 90.2300 8.2 -0.234 -0.205
808.471 90.00 90.2400 7.9 -0.241 -0.259
808.570 90.00 90.2400 8.0 -0.241 -0.252
808.670 90.00 90.2300 8.6 -0.227 -0.155
808.771 90.00 90.2400 8.0 -0.239 -0.241
808.868 90.00 90.2300 8.2 -0.234 -0.209
808.970 90.00 90.2300 8.2 -0.233 -0.203
809.070 90.00 90.2300 8.1 -0.236 -0.225
809.169 90.00 90.2400 7.9 -0.241 -0.262
809.270 90.00 90.2300 8.3 -0.232 -0.201
809.368 90.00 90.2300 8.1 -0.235 -0.222
809.470 90.00 90.2300 8.4 -0.230 -0.182
809.570 90.00 90.2400 7.9 -0.241 -0.262
809.668 90.00 90.2500 7.3 -0.255 -0.360
809.770 90.00 90.2500 7.6 -0.249 -0.313
809.868 90.00 90.2400 7.8 -0.244 -0.275
809.970 90.00 90.2400 8.0 -0.240 -0.249
810.070 90.00 90.2300 8.5 -0.228 -0.163
810.169 90.00 90.2400 8.0 -0.239 -0.239
810.270 90.00 90.2400 8.0 -0.238 -0.234
810.367 90.00 90.1900 9.9 -0.194 0.073
810.469 90.00 90.2400 8.0 -0.238 -0.248
810.569 90.00 90.2300 8.1 -0.234 -0.220
810.667 90.00 90.2300 8.3 -0.229 -0.187
810.769 90.00 90.2400 8.0 -0.238 -0.248
810.867 90.00 90.2300 8.3 -0.230 -0.192
810.969 90.00 90.2300 8.3 -0.230 -0.195
811.069 90.00 90.2400 7.9 -0.238 -0.257
811.167 90.00 90.2300 8.4 -0.226 -0.173
811.269 90.00 90.2300 8.1 -0.234 -0.226
811.367 90.00 90.2500 7.3 -0.251 -0.346
811.469 90.00 90.2300 8.2 -0.231 -0.201
811.569 90.00 90.2300 8.3 -0.228 -0.185
811.667 90.00 90.2300 8.2 -0.230 -0.200
811.769 90.00 90.2300 8.1 -0.234 -0.229
811.866 90.00 90.2300 8.2 -0.231 -0.207
811.968 90.00 90.2200 8.5 -0.223 -0.153
812.067 90.00 90.2300 8.4 -0.226 -0.180
812.167 90.00 90.2200 8.4 -0.225 -0.173
812.268 90.00 90.2300 8.3 -0.228 -0.194
812.366 90.00 90.2300 8.2 -0.229 -0.204
812.468 90.00 90.2300 7.9 -0.235 -0.252
812.568 90.00 90.2300 8.0 -0.233 -0.232
812.666 90.00 90.2200 8.3 -0.225 -0.180
812.768 90.00 90.1800 10.1 -0.186 0.095
812.866 90.00 90.2200 8.4 -0.222 -0.170
812.968 90.00 90.2200 8.5 -0.219 -0.151
813.068 90.00 90.2300 8.2 -0.226 -0.211
813.166 90.00 90.2300 8.0 -0.230 -0.233
813.268 90.00 90.2200 8.4 -0.220 -0.163
813.365 90.00 90.2300 7.8 -0.235 -0.276
813.467 90.00 90.1900 9.7 -0.190 0.047
813.567 90.00 90.2400 7.6 -0.237 -0.296
813.665 90.00 90.2300 7.9 -0.230 -0.244
813.767 90.00 90.2200 8.3 -0.221 -0.179
813.866 90.00 90.1800 9.9 -0.185 0.070
813.966 90.00 90.2300 7.9 -0.228 -0.246
814.067 90.00 90.2300 7.8 -0.230 -0.260
814.165 90.00 90.2300 7.8 -0.231 -0.264
814.267 90.00 90.2300 8.0 -0.227 -0.233
814.366 90.00 90.2200 8.1 -0.224 -0.216
814.466 90.00 90.2300 7.8 -0.232 -0.273
814.567 90.00 90.2200 8.1 -0.224 -0.213
814.666 90.00 90.2200 8.2 -0.221 -0.194
814.766 90.00 90.2200 8.1 -0.225 -0.221
814.866 90.00 90.2000 9.2 -0.199 -0.039
814.965 90.00 90.2300 7.8 -0.229 -0.258
815.067 90.00 90.2400 7.5 -0.237 -0.314
815.165 90.00 90.2300 8.0 -0.227 -0.240
815.265 90.00 90.2300 7.8 -0.231 -0.264
815.365 90.00 90.2200 8.1 -0.224 -0.214
815.466 90.00 90.2200 8.0 -0.226 -0.225
815.565 90.00 90.2300 8.0 -0.227 -0.237
815.665 90.00 90.2300 7.7 -0.233 -0.275
815.766 90.00 90.2200 8.2 -0.223 -0.203
815.864 90.00 90.2100 8.5 -0.214 -0.144
815.966 90.00 90.2200 8.2 -0.221 -0.199
816.066 90.00 90.2200 8.1 -0.223 -0.211
816.165 90.00 90.2200 8.1 -0.224 -0.216
816.265 90.00 90.2200 8.2 -0.221 -0.198
816.365 90.00 90.2500 7.0 -0.249 -0.397
816.464 90.00 90.2200 8.3 -0.219 -0.181
816.566 90.00 90.2300 8.0 -0.227 -0.237
816.664 90.00 90.2300 7.8 -0.230 -0.256
816.764 90.00 90.2600 6.4 -0.263 -0.487
816.864 90.00 90.2200 8.1 -0.226 -0.212
816.965 90.00 90.2200 8.3 -0.221 -0.182
817.065 90.00 90.2400 7.6 -0.237 -0.295
817.164 90.00 90.2300 7.7 -0.236 -0.283
817.264 90.00 90.2100 8.5 -0.216 -0.143
817.364 90.00 90.2400 7.4 -0.241 -0.321
817.465 90.00 90.2200 8.3 -0.222 -0.182
817.564 90.00 90.2200 8.3 -0.220 -0.172
817.664 90.00 90.2200 8.2 -0.222 -0.188
817.765 90.00 90.2200 8.2 -0.223 -0.197
817.864 90.00 90.2100 8.6 -0.214 -0.134
817.964 90.00 90.2100 8.6 -0.212 -0.128
818.065 90.00 90.2200 8.2 -0.221 -0.196
818.162 90.00 90.2200 8.3 -0.219 -0.177
818.264 90.00 90.2200 8.3 -0.218 -0.173
818.364 90.00 90.2100 8.5 -0.213 -0.141
818.463 90.00 90.2200 8.3 -0.217 -0.174
818.564 90.00 90.2200 8.3 -0.216 -0.172
818.662 90.00 90.2000 8.8 -0.204 -0.090
818.764 90.00 90.2100 8.4 -0.213 -0.155
818.864 90.00 90.2100 8.4 -0.212 -0.151
818.963 90.00 90.2000 8.7 -0.205 -0.104
819.064 90.00 90.2100 8.6 -0.207 -0.127
819.162 90.00 90.2100 8.3 -0.213 -0.170
819.264 90.00 90.2100 8.4 -0.210 -0.155
819.364 90.00 90.2000 8.6 -0.206 -0.127
819.462 90.00 90.2000 8.7 -0.204 -0.116
819.564 90.00 90.2000 8.7 -0.202 -0.107
819.661 90.00 90.2200 8.1 -0.216 -0.213
819.763 90.00 90.2400 6.8 -0.245 -0.412
819.863 90.00 90.2500 6.8 -0.247 -0.421
819.962 90.00 90.2000 9.0 -0.196 -0.056
820.062 90.00 90.2000 8.7 -0.203 -0.112
820.162 90.00 90.2000 8.8 -0.199 -0.083
820.263 90.00 90.1900 9.0 -0.195 -0.062
820.362 90.00 90.1800 9.4 -0.185 -0.000
820.462 90.00 90.1900 9.1 -0.191 -0.052
820.563 90.00 90.2000 8.6 -0.201 -0.131
820.661 90.00 90.1900 9.0 -0.191 -0.062
820.763 90.00 90.2000 8.5 -0.202 -0.144
820.863 90.00 90.1900 8.9 -0.191 -0.070
820.961 90.00 90.1800 9.2 -0.185 -0.034
821.063 90.00 90.1900 8.8 -0.193 -0.097
821.160 90.00 90.2000 8.2 -0.205 -0.190
821.262 90.00 90.1800 9.1 -0.185 -0.048
821.362 90.00 90.1800 9.2 -0.182 -0.034
821.460 90.00 90.1800 9.2 -0.181 -0.033
821.562 90.00 90.1900 8.7 -0.189 -0.101
821.660 90.00 90.1700 9.4 -0.174 0.004
821.762 90.00 90.1700 9.6 -0.169 0.032
821.862 90.00 90.1800 9.0 -0.180 -0.060
821.960 90.00 90.1800 8.8 -0.184 -0.091
822.062 90.00 90.1900 8.4 -0.192 -0.155
822.160 90.00 90.1700 9.2 -0.175 -0.033
822.262 90.00 90.1700 9.1 -0.175 -0.041
822.362 90.00 90.1800 8.9 -0.178 -0.074
822.460 90.00 90.1600 9.8 -0.156 0.075
822.562 90.00 90.1700 9.1 -0.171 -0.036
822.659 90.00 90.1700 9.1 -0.171 -0.045
822.760 90.00 90.1700 9.0 -0.171 -0.051
822.861 90.00 90.1700 9.1 -0.170 -0.047
822.959 90.00 90.1700 8.8 -0.174 -0.086
823.061 90.00 90.1600 9.2 -0.165 -0.027
823.159 90.00 90.1700 9.1 -0.166 -0.043
823.261 90.00 90.1600 9.1 -0.166 -0.047
823.361 90.00 90.1600 9.1 -0.165 -0.046
823.459 90.00 90.1600 9.1 -0.162 -0.033
823.561 90.00 90.1700 8.8 -0.170 -0.093
823.659 90.00 90.1600 9.2 -0.160 -0.025
823.761 90.00 90.1600 9.1 -0.161 -0.039
823.861 90.00 90.1700 8.6 -0.172 -0.126
823.960 90.00 90.1500 9.3 -0.156 -0.010
824.060 90.00 90.1600 9.1 -0.159 -0.044
824.159 90.00 90.1400 9.7 -0.144 0.054
824.260 90.00 90.1500 9.4 -0.149 0.010
824.359 90.00 90.1500 9.1 -0.156 -0.041
824.459 90.00 90.1500 9.3 -0.149 -0.002
824.560 90.00 90.1400 9.4 -0.145 0.016
824.658 90.00 90.2000 7.0 -0.201 -0.380
824.760 90.00 90.1500 9.1 -0.153 -0.034
824.860 90.00 90.1400 9.5 -0.144 0.023
824.958 90.00 90.1400 9.3 -0.146 -0.000
825.060 90.00 90.1500 9.0 -0.152 -0.052
825.158 90.00 90.1400 9.6 -0.137 0.051
825.260 90.00 90.1500 9.1 -0.149 -0.044
825.360 90.00 90.1400 9.3 -0.143 -0.005
825.458 90.00 90.1500 9.1 -0.147 -0.040
825.560 90.00 90.1400 9.2 -0.143 -0.017
825.657 90.00 90.1400 9.2 -0.142 -0.022
825.759 90.00 90.1200 10.0 -0.122 0.118
825.859 90.00 90.1400 9.2 -0.138 -0.011
825.957 90.00 90.1400 9.0 -0.142 -0.044
826.059 90.00 90.1500 8.8 -0.146 -0.079
826.158 90.00 90.1300 9.3 -0.136 -0.008
826.259 90.00 90.1300 9.3 -0.135 -0.009
826.359 90.00 90.1500 8.5 -0.151 -0.128
826.457 90.00 90.1300 9.2 -0.135 -0.013
826.559 90.00 90.1300 9.3 -0.132 -0.002
826.658 90.00 90.1300 9.1 -0.136 -0.034
826.759 90.00 90.1400 9.0 -0.138 -0.054
826.859 90.00 90.1300 9.4 -0.128 0.013
826.957 90.00 90.1400 8.7 -0.144 -0.105
827.059 90.00 90.1300 9.2 -0.131 -0.016
827.157 90.00 90.1300 9.1 -0.132 -0.032
827.257 90.00 90.1300 9.0 -0.133 -0.043
827.359 90.00 90.1300 9.2 -0.129 -0.021
827.456 90.00 90.1200 9.5 -0.121 0.029
827.558 90.00 90.1200 9.3 -0.125 -0.006
827.657 90.00 90.1300 9.1 -0.128 -0.033
827.757 90.00 90.1200 9.2 -0.125 -0.019
827.858 90.00 90.1200 9.6 -0.116 0.040
827.957 90.00 90.1200 9.2 -0.124 -0.021
828.057 90.00 90.1100 9.5 -0.115 0.033
828.157 90.00 90.1100 9.5 -0.114 0.034
828.258 90.00 90.1100 9.5 -0.113 0.033
828.357 90.00 90.1100 9.4 -0.115 0.011
828.457 90.00 90.1100 9.4 -0.113 0.025
828.558 90.00 90.1100 9.6 -0.109 0.042
828.656 90.00 90.1000 9.7 -0.105 0.060
828.757 90.00 90.1100 9.2 -0.114 -0.012
828.858 90.00 90.1100 9.1 -0.116 -0.027
828.956 90.00 90.1100 9.5 -0.107 0.033
829.057 90.00 90.0900 9.9 -0.096 0.102
829.155 90.00 90.1000 9.6 -0.102 0.050
829.257 90.00 90.1300 8.1 -0.135 -0.189
829.357 90.00 90.1000 9.7 -0.100 0.061
829.455 90.00 90.1100 9.2 -0.108 -0.007
829.557 90.00 90.1000 9.5 -0.101 0.038
829.656 90.00 90.0900 9.8 -0.093 0.085
829.756 90.00 90.1000 9.6 -0.098 0.044
829.857 90.00 90.0900 9.6 -0.096 0.051
829.955 90.00 90.1000 9.4 -0.099 0.021
830.057 90.00 90.1000 9.5 -0.096 0.035
830.156 90.00 90.1100 9.0 -0.107 -0.048
830.255 90.00 90.0900 9.5 -0.094 0.039
830.357 90.00 90.1000 9.4 -0.096 0.019
830.454 90.00 90.0700 10.5 -0.070 0.197
830.556 90.00 90.0900 9.7 -0.087 0.061
830.655 90.00 90.0900 9.6 -0.087 0.054
830.755 90.00 90.0900 9.6 -0.088 0.046
830.856 90.00 90.0900 9.5 -0.089 0.029
830.954 90.00 90.1000 8.9 -0.101 -0.062
831.056 90.00 90.0800 9.5 -0.086 0.042
831.155 90.00 90.0900 9.4 -0.088 0.025
831.255 90.00 90.0800 9.5 -0.085 0.036
831.356 90.00 90.0700 9.9 -0.076 0.097
831.454 90.00 90.1000 8.6 -0.104 -0.112
831.556 90.00 90.0700 9.8 -0.075 0.091
831.655 90.00 90.0800 9.6 -0.080 0.050
831.754 90.00 90.0800 9.6 -0.078 0.057
831.856 90.00 90.0700 9.8 -0.073 0.089
831.954 90.00 90.0800 9.5 -0.079 0.037
832.054 90.00 90.0700 9.9 -0.069 0.098
832.155 90.00 90.0700 9.6 -0.074 0.056
832.254 90.00 90.0700 9.8 -0.068 0.089
832.354 90.00 90.0700 9.5 -0.074 0.042
832.454 90.00 90.0700 9.6 -0.071 0.056
832.554 90.00 90.0500 10.5 -0.050 0.195
832.655 90.00 90.0600 10.1 -0.058 0.128
832.754 90.00 90.0700 9.6 -0.068 0.050
832.854 90.00 90.0700 9.6 -0.067 0.054
832.954 90.00 90.0600 9.7 -0.063 0.072
833.054 90.00 90.0800 8.8 -0.082 -0.068
833.155 90.00 90.0600 9.7 -0.063 0.069
833.253 90.00 90.0500 10.0 -0.056 0.111
833.355 90.00 90.0600 9.7 -0.060 0.070
833.453 90.00 90.0700 9.3 -0.068 0.007
833.553 90.00 90.0600 9.6 -0.061 0.056
833.654 90.00 90.0600 9.5 -0.062 0.041
833.752 90.00 90.0500 9.9 -0.052 0.109
833.854 90.00 90.0500 10.0 -0.048 0.125
833.953 90.00 90.0500 9.8 -0.053 0.082
834.054 90.00 90.0500 9.9 -0.050 0.097
834.154 90.00 90.0500 9.7 -0.053 0.069
834.252 90.00 90.0400 10.0 -0.045 0.121
834.354 90.00 90.0500 9.8 -0.049 0.080
834.453 90.00 90.0500 9.6 -0.052 0.059
834.554 90.00 90.0500 9.7 -0.049 0.071
834.654 90.00 90.0500 9.5 -0.053 0.039
834.752 90.00 90.0500 9.6 -0.049 0.060
834.854 90.00 90.0500 9.4 -0.053 0.023
834.952 90.00 90.0400 9.7 -0.046 0.074
835.053 90.00 90.0500 9.4 -0.052 0.020
835.153 90.00 90.0500 9.6 -0.047 0.054
835.251 90.00 90.0500 9.5 -0.049 0.038
835.353 90.00 90.0500 9.2 -0.056 -0.018
835.451 90.00 90.0500 9.3 -0.053 0.002
835.553 90.00 90.0500 9.5 -0.047 0.038
835.653 90.00 90.0500 9.5 -0.047 0.036
835.751 90.00 90.0400 9.9 -0.036 0.107
835.853 90.00 90.0400 9.6 -0.043 0.052
835.953 90.00 90.0500 9.2 -0.051 -0.005
836.052 90.00 90.0500 9.3 -0.048 0.013
836.153 90.00 90.0400 9.6 -0.041 0.056
836.252 90.00 90.0600 8.6 -0.064 -0.109
836.352 90.00 90.0500 9.2 -0.052 -0.019
836.451 90.00 90.0400 9.6 -0.040 0.058
836.552 90.00 90.0400 9.6 -0.040 0.057
836.651 90.00 90.0400 9.4 -0.043 0.028
836.751 90.00 90.0400 9.4 -0.044 0.018
836.851 90.00 90.0400 9.4 -0.042 0.028
836.951 90.00 90.0300 9.7 -0.036 0.069
837.052 90.00 90.0400 9.2 -0.045 -0.003
837.151 90.00 90.0400 9.6 -0.038 0.046
837.251 90.00 90.0400 9.6 -0.037 0.051
837.352 90.00 90.0400 9.5 -0.037 0.043
837.450 90.00 90.0300 9.6 -0.035 0.057
837.552 90.00 90.0300 9.7 -0.032 0.068
837.652 90.00 90.0400 9.4 -0.039 0.020
837.750 90.00 90.0400 9.3 -0.040 0.005
837.852 90.00 90.0400 9.3 -0.039 0.009
837.949 90.00 90.0400 9.1 -0.045 -0.029
838.051 90.00 90.0400 9.3 -0.039 0.008
838.151 90.00 90.0400 9.3 -0.039 0.005
838.249 90.00 90.0400 9.4 -0.037 0.016
838.351 90.00 90.0300 9.4 -0.035 0.031
838.449 90.00 90.0000 10.7 -0.005 0.237
838.551 90.00 90.0400 9.3 -0.037 0.002
838.651 90.00 90.0300 9.4 -0.034 0.020
838.749 90.00 90.0300 9.3 -0.035 0.011
838.851 90.00 90.0300 9.4 -0.033 0.022
838.950 90.00 90.0400 9.2 -0.037 -0.010
839.050 90.00 90.0300 9.5 -0.030 0.042
839.151 90.00 90.0400 9.1 -0.039 -0.030
839.249 90.00 90.0400 9.2 -0.037 -0.013
839.351 90.00 90.0300 9.4 -0.031 0.023
839.450 90.00 90.0200 9.6 -0.025 0.062
839.549 90.00 90.0300 9.6 -0.027 0.048
839.651 90.00 90.0300 9.4 -0.030 0.022
839.748 90.00 90.0300 9.4 -0.029 0.027
839.850 90.00 90.0200 9.6 -0.025 0.053
839.949 90.00 90.0300 9.1 -0.035 -0.020
840.050 90.00 90.0200 9.7 -0.021 0.078
840.149 90.00 90.0300 9.3 -0.030 0.007
840.249 90.00 90.0300 9.2 -0.032 -0.008
840.350 90.00 90.0300 9.2 -0.031 -0.002
840.448 90.00 90.0200 9.6 -0.023 0.053
840.550 90.00 90.0300 9.3 -0.028 0.012
840.650 90.00 90.0300 9.1 -0.033 -0.027
840.748 90.00 90.0200 9.6 -0.022 0.054
840.850 90.00 90.0300 9.0 -0.035 -0.045
840.948 90.00 90.0300 9.2 -0.030 -0.007
841.049 90.00 90.0300 9.3 -0.027 0.015
841.150 90.00 90.0300 9.3 -0.027 0.014
841.247 90.00 90.0400 8.8 -0.038 -0.070
841.349 90.00 90.0300 9.2 -0.031 -0.017
841.448 90.00 90.0300 9.2 -0.029 -0.003
841.548 90.00 90.0200 9.4 -0.026 0.018
841.649 90.00 90.0300 9.3 -0.027 0.008
841.747 90.00 90.0400 8.8 -0.037 -0.066
841.849 90.00 90.0300 8.9 -0.036 -0.056
841.948 90.00 90.0300 9.0 -0.033 -0.034
842.048 90.00 90.0600 8.0 -0.057 -0.205
842.149 90.00 90.0200 9.5 -0.024 0.039
842.247 90.00 90.0300 9.3 -0.027 0.012
842.349 90.00 90.0400 8.8 -0.039 -0.075
842.448 90.00 90.0300 9.2 -0.029 -0.003
842.547 90.00 90.0400 8.9 -0.037 -0.058
842.649 90.00 90.0300 9.3 -0.028 0.007
842.746 90.00 90.0300 9.1 -0.031 -0.022
842.848 90.00 90.0300 9.0 -0.035 -0.046
842.947 90.00 90.0300 9.2 -0.030 -0.011
843.047 90.00 90.0300 9.0 -0.033 -0.036
843.148 90.00 90.0300 8.9 -0.035 -0.049
843.246 90.00 90.0500 8.2 -0.053 -0.176
843.348 90.00 90.0300 9.2 -0.030 -0.005
843.447 90.00 90.0300 9.2 -0.031 -0.010
843.547 90.00 90.0300 9.1 -0.032 -0.025
843.648 90.00 90.0400 8.7 -0.041 -0.088
843.747 90.00 90.0300 9.2 -0.032 -0.017
843.848 90.00 90.0300 9.1 -0.033 -0.030
843.947 90.00 90.0300 9.0 -0.034 -0.037
844.047 90.00 90.0400 8.8 -0.040 -0.078
844.147 90.00 90.0300 9.0 -0.035 -0.038
844.246 90.00 90.0300 9.1 -0.033 -0.028
844.347 90.00 90.0400 8.7 -0.042 -0.087
844.446 90.00 90.0400 8.7 -0.043 -0.090
844.546 90.00 90.0300 9.1 -0.032 -0.017
844.647 90.00 90.0200 9.5 -0.023 0.047
844.745 90.00 90.0500 8.3 -0.050 -0.147
844.847 90.00 90.0600 8.0 -0.060 -0.208
844.946 90.00 90.0500 8.5 -0.048 -0.119
845.046 90.00 90.0400 8.7 -0.045 -0.090
845.147 90.00 90.0400 8.7 -0.044 -0.082
845.245 90.00 90.0400 8.7 -0.044 -0.085
845.347 90.00 90.0400 8.7 -0.046 -0.094
845.447 90.00 90.0500 8.6 -0.048 -0.106
845.545 90.00 90.0300 9.2 -0.034 -0.004
845.647 90.00 90.0500 8.3 -0.055 -0.151
845.744 90.00 90.0500 8.3 -0.055 -0.149
845.846 90.00 90.0500 8.7 -0.047 -0.091
845.946 90.00 90.0600 8.0 -0.063 -0.197
846.044 90.00 90.0600 8.3 -0.058 -0.157
846.146 90.00 90.0500 8.5 -0.053 -0.119
846.245 90.00 90.0600 8.3 -0.058 -0.147
846.346 90.00 90.0600 8.4 -0.057 -0.135
846.446 90.00 90.0600 8.3 -0.061 -0.158
846.544 90.00 90.0700 7.9 -0.071 -0.225
846.646 90.00 90.0700 7.9 -0.072 -0.225
846.745 90.00 90.0600 8.4 -0.061 -0.139
846.846 90.00 90.0600 8.2 -0.065 -0.162
846.946 90.00 90.0700 7.9 -0.073 -0.214
847.044 90.00 90.0700 7.9 -0.075 -0.222
847.146 90.00 90.0700 8.1 -0.071 -0.185
847.243 90.00 90.0700 8.1 -0.073 -0.193
847.344 90.00 90.0800 7.8 -0.079 -0.234
847.445 90.00 90.0700 8.0 -0.076 -0.202
847.543 90.00 90.0700 8.1 -0.074 -0.180
847.645 90.00 90.0700 8.3 -0.071 -0.154
847.744 90.00 90.0800 7.9 -0.080 -0.211
847.845 90.00 90.0800 8.0 -0.080 -0.205
847.945 90.00 90.1300 6.0 -0.127 -0.530
848.044 90.00 90.0700 8.3 -0.076 -0.151
848.145 90.00 90.0900 7.5 -0.095 -0.281
848.243 90.00 90.0800 8.1 -0.083 -0.189
848.345 90.00 90.0800 8.3 -0.079 -0.156
848.444 90.00 90.0800 8.1 -0.083 -0.178
848.544 90.00 90.0900 7.9 -0.088 -0.212
848.645 90.00 90.1000 7.4 -0.101 -0.292
848.742 90.00 90.0800 8.1 -0.086 -0.182
848.844 90.00 90.0900 7.9 -0.092 -0.221
848.944 90.00 90.1100 7.2 -0.109 -0.328
849.042 90.00 90.0900 8.1 -0.089 -0.183
849.144 90.00 90.0900 8.2 -0.088 -0.166
849.243 90.00 90.1100 7.3 -0.108 -0.306
849.343 90.00 90.1000 7.8 -0.098 -0.224
849.444 90.00 90.0900 8.0 -0.095 -0.197
849.542 90.00 90.0900 8.0 -0.095 -0.195
849.644 90.00 90.1000 7.9 -0.100 -0.222
849.743 90.00 90.1100 7.6 -0.107 -0.263
849.843 90.00 90.1300 6.5 -0.133 -0.442
849.944 90.00 90.1000 7.8 -0.105 -0.229
850.042 90.00 90.1000 8.1 -0.099 -0.181
850.144 90.00 90.1100 7.8 -0.107 -0.229
850.242 90.00 90.1100 7.7 -0.111 -0.250
850.342 90.00 90.1200 7.4 -0.118 -0.292
850.443 90.00 90.1100 7.8 -0.110 -0.231
850.541 90.00 90.1100 7.7 -0.114 -0.249
850.643 90.00 90.1100 7.9 -0.109 -0.212
850.742 90.00 90.1200 7.4 -0.122 -0.298
850.842 90.00 90.1100 7.8 -0.114 -0.235
850.943 90.00 90.1100 7.8 -0.115 -0.236
851.041 90.00 90.1200 7.4 -0.126 -0.302
851.143 90.00 90.1200 7.4 -0.125 -0.291
851.242 90.00 90.1200 7.7 -0.121 -0.249
851.342 90.00 90.1200 7.5 -0.125 -0.275
851.443 90.00 90.1200 7.6 -0.124 -0.258
851.541 90.00 90.1200 7.6 -0.126 -0.268
851.643 90.00 90.1300 7.2 -0.136 -0.328
851.742 90.00 90.1300 7.4 -0.132 -0.291
851.841 90.00 90.1300 7.5 -0.131 -0.277
851.942 90.00 90.1200 7.8 -0.125 -0.227
852.041 90.00 90.1300 7.6 -0.131 -0.262
852.142 90.00 90.1400 7.2 -0.142 -0.332
852.240 90.00 90.1300 7.6 -0.132 -0.255
852.342 90.00 90.1300 7.6 -0.134 -0.263
852.442 90.00 90.1400 7.5 -0.137 -0.278
852.540 90.00 90.1800 5.7 -0.181 -0.576
852.642 90.00 90.1300 7.8 -0.135 -0.237
852.741 90.00 90.1500 7.3 -0.147 -0.313
852.841 90.00 90.1500 7.3 -0.147 -0.306
852.942 90.00 90.1500 7.2 -0.149 -0.317
853.040 90.00 90.1400 7.5 -0.145 -0.277
853.142 90.00 90.1500 7.3 -0.150 -0.304
853.241 90.00 90.1600 6.8 -0.164 -0.393
853.340 90.00 90.1500 7.4 -0.151 -0.295
853.442 90.00 90.1500 7.5 -0.149 -0.271
853.539 90.00 90.1500 7.5 -0.149 -0.269
853.640 90.00 90.1400 7.8 -0.145 -0.229
853.740 90.00 90.1500 7.7 -0.147 -0.238
853.840 90.00 90.1500 7.4 -0.155 -0.291
853.941 90.00 90.1500 7.7 -0.149 -0.248
854.040 90.00 90.2000 5.7 -0.197 -0.575
854.140 90.00 90.1600 7.3 -0.161 -0.306
854.240 90.00 90.1700 7.1 -0.166 -0.334
854.340 90.00 90.1600 7.5 -0.159 -0.273
854.441 90.00 90.1600 7.4 -0.163 -0.296
854.540 90.00 90.1600 7.3 -0.164 -0.301
854.640 90.00 90.1600 7.6 -0.160 -0.264
854.740 90.00 90.1600 7.8 -0.156 -0.233
854.840 90.00 90.1700 7.3 -0.167 -0.303
854.940 90.00 90.1700 7.3 -0.168 -0.303
855.039 90.00 90.1800 7.0 -0.177 -0.359
855.139 90.00 90.1600 7.7 -0.162 -0.244
855.239 90.00 90.1700 7.4 -0.170 -0.293
855.340 90.00 90.1700 7.3 -0.173 -0.309
855.439 90.00 90.1700 7.4 -0.170 -0.287
855.539 90.00 90.1400 8.6 -0.145 -0.102
855.640 90.00 90.1600 7.7 -0.164 -0.238
855.739 90.00 90.2000 6.2 -0.200 -0.487
855.840 90.00 90.1700 7.4 -0.173 -0.281
855.941 90.00 90.1700 7.8 -0.166 -0.232
856.039 90.00 90.1800 7.2 -0.179 -0.316
856.139 90.00 90.1700 7.6 -0.171 -0.256
856.239 90.00 90.1700 7.7 -0.169 -0.234
856.339 90.00 90.1800 7.3 -0.179 -0.305
856.439 90.00 90.1700 7.6 -0.174 -0.259
856.538 90.00 90.1700 7.7 -0.173 -0.247
856.638 90.00 90.1800 7.4 -0.178 -0.282
856.739 90.00 90.1800 7.2 -0.184 -0.320
856.838 90.00 90.1700 7.6 -0.176 -0.256
856.938 90.00 90.1800 7.2 -0.186 -0.322
857.038 90.00 90.1600 8.5 -0.157 -0.112
857.139 90.00 90.1800 7.3 -0.184 -0.301
857.238 90.00 90.2100 6.2 -0.211 -0.486
857.338 90.00 90.1800 7.6 -0.180 -0.258
857.439 90.00 90.1900 7.2 -0.189 -0.315
857.537 90.00 90.1800 7.7 -0.179 -0.235
857.639 90.00 90.1900 7.1 -0.193 -0.333
857.739 90.00 90.1800 7.6 -0.182 -0.248
857.837 90.00 90.1800 7.6 -0.184 -0.258
857.939 90.00 90.1900 7.4 -0.188 -0.281
858.036 90.00 90.1900 7.3 -0.190 -0.294
858.138 90.00 90.1900 7.4 -0.190 -0.285
858.238 90.00 90.1900 7.5 -0.188 -0.268
858.336 90.00 90.1900 7.4 -0.191 -0.285
858.438 90.00 90.1900 7.2 -0.195 -0.310
858.537 90.00 90.1900 7.4 -0.193 -0.289
858.638 90.00 90.2100 6.7 -0.210 -0.401
858.738 90.00 90.1600 8.7 -0.164 -0.072
858.836 90.00 90.1900 7.4 -0.194 -0.287
858.938 90.00 90.2000 7.2 -0.198 -0.310
859.037 90.00 90.2000 7.1 -0.202 -0.335
859.138 90.00 90.2000 7.1 -0.203 -0.332
859.238 90.00 90.2000 7.2 -0.201 -0.310
859.336 90.00 90.1900 7.5 -0.194 -0.260
859.438 90.00 90.1900 7.5 -0.196 -0.269
859.536 90.00 90.2000 7.1 -0.206 -0.334
859.636 90.00 90.2000 7.2 -0.204 -0.314
859.737 90.00 90.2000 7.3 -0.202 -0.298
859.835 90.00 90.2000 7.3 -0.202 -0.290
859.937 90.00 90.2000 7.5 -0.199 -0.265
860.035 90.00 90.2000 7.5 -0.200 -0.272
860.137 90.00 90.2100 7.0 -0.212 -0.346
860.236 90.00 90.2400 5.5 -0.246 -0.581
860.336 90.00 90.2100 7.1 -0.212 -0.325
860.437 90.00 90.2100 7.3 -0.208 -0.292
860.535 90.00 90.2200 6.9 -0.218 -0.357
860.637 90.00 90.2100 7.3 -0.209 -0.290
860.737 90.00 90.2100 7.1 -0.215 -0.328
860.835 90.00 90.2100 7.5 -0.208 -0.270
860.937 90.00 90.2100 7.4 -0.210 -0.281
861.035 90.00 90.2100 7.4 -0.210 -0.277
861.135 90.00 90.2000 8.0 -0.197 -0.181
861.236 90.00 90.2100 7.5 -0.208 -0.265
861.334 90.00 90.2100 7.3 -0.214 -0.300
861.436 90.00 90.2100 7.5 -0.210 -0.271
861.535 90.00 90.2100 7.2 -0.216 -0.307
861.635 90.00 90.1600 9.6 -0.163 0.070
861.736 90.00 90.2200 6.9 -0.223 -0.366
861.834 90.00 90.2200 7.0 -0.221 -0.342
861.936 90.00 90.2200 7.0 -0.222 -0.347
862.035 90.00 90.2200 7.3 -0.216 -0.297
862.135 90.00 90.2200 7.1 -0.222 -0.333
862.236 90.00 90.2300 6.8 -0.228 -0.372
862.334 90.00 90.2200 7.0 -0.225 -0.340
862.436 90.00 90.2200 7.2 -0.221 -0.309
862.534 90.00 90.2200 7.1 -0.224 -0.323
862.634 90.00 90.2200 7.1 -0.225 -0.328
862.735 90.00 90.2200 7.5 -0.216 -0.260
862.833 90.00 90.2200 7.5 -0.217 -0.265
862.935 90.00 90.2400 6.5 -0.239 -0.415
863.034 90.00 90.2200 7.4 -0.221 -0.278
863.134 90.00 90.2300 7.1 -0.227 -0.321
863.235 90.00 90.2300 7.1 -0.228 -0.323
863.333 90.00 90.2300 7.1 -0.229 -0.322
863.435 90.00 90.2400 6.7 -0.240 -0.394
863.534 90.00 90.2200 7.4 -0.223 -0.272
863.634 90.00 90.2300 7.0 -0.233 -0.335
863.735 90.00 90.2200 7.5 -0.222 -0.256
863.833 90.00 90.2300 7.2 -0.229 -0.304
863.935 90.00 90.2300 7.1 -0.232 -0.323
864.032 90.00 90.2300 7.3 -0.228 -0.288
864.134 90.00 90.2200 7.6 -0.223 -0.247
864.233 90.00 90.2300 7.2 -0.232 -0.310
864.333 90.00 90.2300 7.3 -0.230 -0.293
864.434 90.00 90.2200 7.8 -0.219 -0.213
864.532 90.00 90.2200 7.5 -0.225 -0.253
864.634 90.00 90.2200 7.7 -0.220 -0.218
864.734 90.00 90.2300 7.0 -0.236 -0.330
864.832 90.00 90.2300 7.3 -0.230 -0.286
864.934 90.00 90.2300 7.3 -0.230 -0.283
865.033 90.00 90.2200 7.6 -0.225 -0.243
865.133 90.00 90.2300 7.5 -0.227 -0.254
865.234 90.00 90.2200 7.8 -0.220 -0.210
865.332 90.00 90.2300 7.1 -0.236 -0.318
865.434 90.00 90.2200 7.7 -0.224 -0.231
865.533 90.00 90.2300 7.2 -0.233 -0.296
865.632 90.00 90.2200 7.7 -0.223 -0.223
865.734 90.00 90.2400 7.1 -0.236 -0.314
865.832 90.00 90.2200 7.7 -0.225 -0.229
865.933 90.00 90.2300 7.4 -0.231 -0.269
866.032 90.00 90.2300 7.4 -0.231 -0.269
866.132 90.00 90.2300 7.5 -0.229 -0.256
866.233 90.00 90.2400 7.0 -0.241 -0.336
866.332 90.00 90.1900 9.3 -0.188 0.037
866.433 90.00 90.2700 5.5 -0.275 -0.583
866.532 90.00 90.2300 7.3 -0.235 -0.287
866.632 90.00 90.2400 7.2 -0.238 -0.304
866.733 90.00 90.2400 7.0 -0.242 -0.331
866.832 90.00 90.2300 7.7 -0.228 -0.228
866.933 90.00 90.2300 7.3 -0.236 -0.283
867.032 90.00 90.2200 7.8 -0.224 -0.197
867.131 90.00 90.2300 7.5 -0.232 -0.256
867.233 90.00 90.2300 7.4 -0.234 -0.266
867.330 90.00 90.2300 7.3 -0.236 -0.280
867.432 90.00 90.2300 7.5 -0.233 -0.256
867.531 90.00 90.2300 7.4 -0.234 -0.263
867.631 90.00 90.2300 7.3 -0.236 -0.275
867.732 90.00 90.2300 7.6 -0.231 -0.240
867.831 90.00 90.2400 7.2 -0.239 -0.292
867.932 90.00 90.2300 7.5 -0.234 -0.255
868.030 90.00 90.2300 7.5 -0.233 -0.246
868.132 90.00 90.2100 8.4 -0.213 -0.105
868.232 90.00 90.2300 7.4 -0.235 -0.269
868.330 90.00 90.2200 7.8 -0.226 -0.200
868.432 90.00 90.2200 7.9 -0.224 -0.188
868.531 90.00 90.2300 7.5 -0.231 -0.242
868.630 90.00 90.2300 7.4 -0.234 -0.260
868.732 90.00 90.2400 7.3 -0.237 -0.282
868.829 90.00 90.2200 7.9 -0.223 -0.179
868.931 90.00 90.2300 7.6 -0.231 -0.235
869.030 90.00 90.2200 7.9 -0.223 -0.182
869.130 90.00 90.2300 7.4 -0.233 -0.257
869.231 90.00 90.2300 7.3 -0.236 -0.271
869.330 90.00 90.2300 7.5 -0.232 -0.247
869.430 90.00 90.2300 7.4 -0.234 -0.260
869.530 90.00 90.2300 7.6 -0.230 -0.228
869.630 90.00 90.2400 7.3 -0.237 -0.274
869.731 90.00 90.2300 7.4 -0.235 -0.258
869.830 90.00 90.2400 7.3 -0.238 -0.283
869.930 90.00 90.2300 7.6 -0.231 -0.228
870.030 90.00 90.2200 7.8 -0.225 -0.189
870.129 90.00 90.2300 7.6 -0.231 -0.231
870.231 90.00 90.2300 7.5 -0.232 -0.242
870.329 90.00 90.2300 7.8 -0.227 -0.201
870.429 90.00 90.2300 7.6 -0.230 -0.225
870.530 90.00 90.2300 7.5 -0.232 -0.236
870.629 90.00 90.2100 8.4 -0.213 -0.104
870.730 90.00 90.2300 7.7 -0.226 -0.206
870.829 90.00 90.2100 8.5 -0.208 -0.080
870.929 90.00 90.2300 7.5 -0.230 -0.236
871.030 90.00 90.2200 7.8 -0.224 -0.198
871.129 90.00 90.2300 7.5 -0.232 -0.250
871.230 90.00 90.2300 7.6 -0.229 -0.229
871.329 90.00 90.2200 7.9 -0.221 -0.172
871.429 90.00 90.2300 7.6 -0.228 -0.228
871.530 90.00 90.2200 7.8 -0.224 -0.200
871.628 90.00 90.2300 7.7 -0.226 -0.217
871.730 90.00 90.2300 7.5 -0.231 -0.249
871.828 90.00 90.2300 7.5 -0.230 -0.243
871.929 90.00 90.2200 7.7 -0.225 -0.203
872.028 90.00 90.2200 7.8 -0.224 -0.196
872.128 90.00 90.2300 7.4 -0.231 -0.253
872.229 90.00 90.2200 7.7 -0.225 -0.209
872.327 90.00 90.2200 7.9 -0.221 -0.179
872.429 90.00 90.2100 8.1 -0.216 -0.147
872.529 90.00 90.1900 9.2 -0.191 0.027
872.627 90.00 90.2200 7.8 -0.219 -0.183
872.729 90.00 90.2200 7.6 -0.225 -0.226
872.827 90.00 90.2100 8.1 -0.213 -0.143
872.928 90.00 90.2200 7.9 -0.217 -0.171
873.029 90.00 90.2200 7.6 -0.224 -0.224
873.127 90.00 90.2200 7.5 -0.226 -0.240
873.229 90.00 90.2200 7.6 -0.223 -0.217
873.327 90.00 90.2600 6.1 -0.258 -0.460
873.427 90.00 90.2500 6.3 -0.255 -0.430
873.528 90.00 90.2100 8.1 -0.215 -0.142
873.627 90.00 90.2100 8.2 -0.213 -0.131
873.728 90.00 90.2100 8.2 -0.210 -0.118
873.827 90.00 90.1900 9.1 -0.190 0.022
873.927 90.00 90.2100 7.9 -0.216 -0.173
874.028 90.00 90.2100 8.1 -0.212 -0.145
874.126 90.00 90.2100 7.9 -0.215 -0.169
874.228 90.00 90.2100 7.9 -0.214 -0.169
874.327 90.00 90.2100 8.1 -0.210 -0.143
874.427 90.00 90.2100 8.2 -0.207 -0.121
874.528 90.00 90.2100 8.1 -0.210 -0.145
874.626 90.00 90.2100 8.1 -0.209 -0.147
874.728 90.00 90.2100 8.1 -0.207 -0.133
874.826 90.00 90.2000 8.3 -0.203 -0.107
874.926 90.00 90.2000 8.3 -0.203 -0.113
875.027 90.00 90.2100 8.0 -0.209 -0.157
875.125 90.00 90.2100 7.9 -0.211 -0.177
875.227 90.00 90.2100 7.9 -0.209 -0.165
875.326 90.00 90.2000 8.2 -0.203 -0.124
875.426 90.00 90.2100 8.0 -0.206 -0.152
875.527 90.00 90.1800 8.9 -0.184 -0.001
875.625 90.00 90.1800 9.1 -0.180 0.021
875.727 90.00 90.2000 8.0 -0.202 -0.146
875.826 90.00 90.2000 8.0 -0.202 -0.149
875.927 90.00 90.2000 8.0 -0.202 -0.148
876.026 90.00 90.2000 8.1 -0.200 -0.141
876.126 90.00 90.2000 8.1 -0.200 -0.140
876.227 90.00 90.1900 8.3 -0.195 -0.109
876.324 90.00 90.2000 7.9 -0.203 -0.172
876.426 90.00 90.2000 8.1 -0.198 -0.133
876.526 90.00 90.1900 8.2 -0.196 -0.122
876.624 90.00 90.1900 8.2 -0.194 -0.115
876.726 90.00 90.1900 8.5 -0.188 -0.076
876.825 90.00 90.1900 8.1 -0.195 -0.128
876.926 90.00 90.1900 8.3 -0.190 -0.101
877.026 90.00 90.2000 7.8 -0.201 -0.184
877.124 90.00 90.2300 6.4 -0.234 -0.416
877.226 90.00 90.1800 8.6 -0.184 -0.056
877.324 90.00 90.1800 8.5 -0.186 -0.074
877.426 90.00 90.1900 8.2 -0.192 -0.120
877.526 90.00 90.1800 8.5 -0.185 -0.076
877.624 90.00 90.1700 8.8 -0.176 -0.019
877.726 90.00 90.1800 8.7 -0.177 -0.034
877.825 90.00 90.1800 8.4 -0.184 -0.087
877.924 90.00 90.1500 10.0 -0.147 0.167
878.026 90.00 90.1800 8.6 -0.177 -0.058
878.123 90.00 90.1800 8.2 -0.183 -0.111
878.225 90.00 90.1700 8.7 -0.173 -0.040
878.324 90.00 90.1800 8.3 -0.180 -0.098
878.424 90.00 90.1700 8.6 -0.174 -0.059
878.525 90.00 90.1800 8.3 -0.179 -0.101
878.624 90.00 90.1800 8.3 -0.178 -0.098
878.725 90.00 90.1700 8.4 -0.175 -0.084
878.824 90.00 90.1700 8.7 -0.168 -0.034
878.924 90.00 90.1700 8.4 -0.174 -0.086
879.025 90.00 90.1700 8.5 -0.171 -0.072
879.123 90.00 90.1700 8.4 -0.172 -0.082
879.225 90.00 90.1600 8.7 -0.164 -0.031
879.324 90.00 90.1700 8.5 -0.169 -0.073
879.423 90.00 90.1700 8.5 -0.167 -0.059
879.525 90.00 90.1700 8.5 -0.168 -0.071
879.623 90.00 90.1300 10.2 -0.127 0.210
879.723 90.00 90.2000 6.9 -0.200 -0.321
879.823 90.00 90.1500 9.2 -0.149 0.041
879.924 90.00 90.1500 8.9 -0.154 0.001
880.024 90.00 90.1500 8.9 -0.153 -0.000
880.123 90.00 90.1500 9.0 -0.150 0.014
880.224 90.00 90.1500 8.8 -0.154 -0.022
880.322 90.00 90.1500 8.7 -0.154 -0.032
880.424 90.00 90.1500 8.7 -0.153 -0.029
880.524 90.00 90.1600 8.5 -0.156 -0.061
880.622 90.00 90.1500 8.9 -0.147 -0.002
880.724 90.00 90.1400 9.0 -0.144 0.011
880.823 90.00 90.1400 8.9 -0.145 -0.002
880.922 90.00 90.1200 9.7 -0.126 0.124
881.024 90.00 90.1500 8.5 -0.152 -0.071
881.121 90.00 90.1500 8.6 -0.149 -0.051
881.223 90.00 90.1500 8.5 -0.150 -0.062
881.322 90.00 90.1500 8.6 -0.148 -0.054
881.422 90.00 90.1400 8.8 -0.141 -0.010
881.523 90.00 90.1500 8.5 -0.148 -0.068
881.622 90.00 90.1400 8.6 -0.145 -0.049
881.722 90.00 90.1400 8.7 -0.143 -0.039
881.822 90.00 90.1400 8.6 -0.143 -0.048
881.922 90.00 90.1400 8.6 -0.143 -0.053
882.023 90.00 90.1500 8.4 -0.147 -0.080
882.122 90.00 90.1400 8.7 -0.139 -0.026
882.223 90.00 90.1300 9.1 -0.128 0.040
882.322 90.00 90.1200 9.2 -0.125 0.056
882.421 90.00 90.1300 9.0 -0.128 0.023
882.523 90.00 90.1300 8.9 -0.129 0.009
882.621 90.00 90.1200 9.1 -0.124 0.035
882.721 90.00 90.1300 8.7 -0.133 -0.033
882.822 90.00 90.1300 8.9 -0.127 0.003
882.921 90.00 90.1200 9.1 -0.122 0.034
883.022 90.00 90.1300 8.7 -0.130 -0.029
883.121 90.00 90.1700 7.1 -0.167 -0.295
883.221 90.00 90.0700 11.3 -0.069 0.399
883.322 90.00 90.1200 9.1 -0.117 0.035
883.421 90.00 90.1200 8.9 -0.121 0.003
883.522 90.00 90.1300 8.5 -0.129 -0.059
883.621 90.00 90.1100 9.1 -0.115 0.031
883.721 90.00 90.1200 8.6 -0.125 -0.045
883.822 90.00 90.1200 8.8 -0.121 -0.017
883.921 90.00 90.1100 9.1 -0.112 0.039
884.022 90.00 90.1300 8.4 -0.128 -0.082
884.119 90.00 90.1300 8.2 -0.132 -0.111
884.221 90.00 90.1200 8.5 -0.124 -0.053
884.320 90.00 90.1100 8.9 -0.115 0.006
884.420 90.00 90.1100 9.0 -0.112 0.022
884.521 90.00 90.1700 6.6 -0.167 -0.370
884.619 90.00 90.1100 8.9 -0.114 0.007
884.721 90.00 90.1100 9.1 -0.109 0.040
884.821 90.00 90.1000 9.3 -0.104 0.063
884.919 90.00 90.1000 9.2 -0.104 0.058
885.021 90.00 90.0600 11.0 -0.061 0.347
885.119 90.00 90.1100 8.9 -0.108 0.002
885.221 90.00 90.0900 9.4 -0.094 0.090
885.321 90.00 90.1100 8.8 -0.107 -0.007
885.419 90.00 90.1100 8.6 -0.112 -0.045
885.521 90.00 90.1000 8.8 -0.106 -0.008
885.619 90.00 90.1000 9.0 -0.101 0.019
885.719 90.00 90.1100 8.7 -0.108 -0.033
885.820 90.00 90.1200 8.2 -0.119 -0.115
885.918 90.00 90.1300 7.7 -0.130 -0.193
886.020 90.00 90.1000 9.1 -0.099 0.030
886.119 90.00 90.1100 8.7 -0.107 -0.032
886.219 90.00 90.1000 8.7 -0.105 -0.021
886.320 90.00 90.0900 9.1 -0.095 0.040
886.418 90.00 90.0900 9.3 -0.090 0.067
886.520 90.00 90.0900 9.0 -0.096 0.023
886.619 90.00 90.1000 8.6 -0.105 -0.048
886.719 90.00 90.0900 9.1 -0.093 0.036
886.820 90.00 90.1000 8.8 -0.097 -0.000
886.919 90.00 90.1000 8.8 -0.096 -0.002
887.020 90.00 90.0900 9.2 -0.088 0.050
887.118 90.00 90.0800 9.4 -0.081 0.090
887.218 90.00 90.0900 8.8 -0.093 -0.002
887.319 90.00 90.0800 9.4 -0.080 0.087
887.418 90.00 90.0800 9.2 -0.082 0.064
887.519 90.00 90.0900 9.0 -0.087 0.021
887.618 90.00 90.0900 8.6 -0.096 -0.047
887.718 90.00 90.0800 9.1 -0.083 0.041
887.819 90.00 90.0800 9.2 -0.080 0.058
887.919 90.00 90.0800 9.3 -0.078 0.068
888.019 90.00 90.0700 9.4 -0.074 0.088
888.117 90.00 90.0700 9.4 -0.073 0.083
888.219 90.00 90.0700 9.4 -0.072 0.083
888.319 90.00 90.0800 9.0 -0.079 0.028
888.417 90.00 90.0600 9.8 -0.061 0.145
888.519 90.00 90.0700 9.1 -0.075 0.036
888.616 90.00 90.0700 9.1 -0.075 0.034
888.718 90.00 90.0700 9.0 -0.076 0.024
888.818 90.00 90.0700 9.0 -0.074 0.027
888.916 90.00 90.0700 9.1 -0.073 0.033
889.018 90.00 90.0600 9.4 -0.063 0.096
889.117 90.00 90.0700 8.9 -0.075 0.007
889.217 90.00 90.0700 9.0 -0.072 0.021
889.318 90.00 90.0700 9.2 -0.067 0.051
889.416 90.00 90.0700 9.0 -0.071 0.020
889.518 90.00 90.0800 8.6 -0.079 -0.039
889.617 90.00 90.0700 9.1 -0.067 0.042
889.717 90.00 90.0700 8.9 -0.069 0.017
889.818 90.00 90.0600 9.4 -0.059 0.084
889.916 90.00 90.0500 9.8 -0.049 0.149
890.017 90.00 90.0600 9.4 -0.057 0.084
890.117 90.00 90.0400 9.8 -0.045 0.162
890.216 90.00 90.0600 9.2 -0.058 0.059
890.317 90.00 90.0400 9.7 -0.045 0.144
890.416 90.00 90.0000 11.4 -0.005 0.417
890.517 90.00 90.0100 11.1 -0.010 0.361
890.616 90.00 90.0400 9.4 -0.045 0.097
890.716 90.00 90.0400 9.7 -0.039 0.131
890.817 90.00 90.0500 9.1 -0.050 0.044
890.916 90.00 90.0500 9.1 -0.050 0.042
891.017 90.00 90.0400 9.4 -0.043 0.086
891.116 90.00 90.0400 9.3 -0.043 0.080
891.216 90.00 90.0400 9.3 -0.043 0.073
891.317 90.00 90.0500 8.9 -0.050 0.018
891.416 90.00 90.0400 9.1 -0.045 0.046
891.517 90.00 90.0400 9.1 -0.044 0.049
891.616 90.00 90.0400 9.1 -0.046 0.034
891.715 90.00 90.0400 9.0 -0.045 0.032
891.817 90.00 90.0400 9.1 -0.044 0.038
891.916 90.00 90.0400 9.2 -0.040 0.060
892.016 90.00 90.0400 9.0 -0.044 0.026
892.114 90.00 90.0400 8.9 -0.045 0.017
892.216 90.00 90.0400 9.2 -0.038 0.063
892.316 90.00 90.0700 7.6 -0.075 -0.202
892.415 90.00 90.0300 9.7 -0.027 0.139
892.516 90.00 90.0500 8.4 -0.055 -0.065
892.614 90.00 90.0400 9.2 -0.038 0.055
892.716 90.00 90.0300 9.5 -0.031 0.102
892.816 90.00 90.0200 9.7 -0.025 0.136
892.914 90.00 90.0400 9.1 -0.037 0.043
893.016 90.00 90.0300 9.3 -0.033 0.069
893.115 90.00 90.0400 9.0 -0.039 0.020
893.214 90.00 90.0300 9.4 -0.029 0.089
893.316 90.00 90.0300 9.2 -0.033 0.058
893.414 90.00 90.0300 9.2 -0.033 0.051
893.514 90.00 90.0300 9.0 -0.035 0.033
893.614 90.00 90.0200 9.5 -0.024 0.103
893.714 90.00 90.0200 9.7 -0.019 0.135
893.815 90.00 90.0200 9.5 -0.022 0.106
893.914 90.00 90.0200 9.3 -0.025 0.078
894.014 90.00 90.0300 9.1 -0.030 0.037
894.114 90.00 90.0200 9.3 -0.025 0.069
894.214 90.00 90.0200 9.4 -0.020 0.097
894.315 90.00 90.0300 9.1 -0.027 0.048
894.414 90.00 90.0200 9.2 -0.025 0.057
894.514 90.00 90.0200 9.2 -0.024 0.062
894.614 90.00 90.0200 9.5 -0.016 0.108
894.713 90.00 90.0300 9.0 -0.027 0.030
894.815 90.00 90.0200 9.2 -0.023 0.053
894.913 90.00 90.0200 9.3 -0.019 0.076
895.013 90.00 90.0200 9.4 -0.017 0.089
895.114 90.00 90.0300 8.8 -0.030 -0.008
895.213 90.00 90.0200 9.2 -0.019 0.068
895.314 90.00 90.0100 9.4 -0.013 0.100
895.413 90.00 90.0200 9.2 -0.019 0.057
895.513 90.00 90.0200 9.0 -0.022 0.030
895.614 90.00 90.0200 9.1 -0.020 0.040
895.713 90.00 90.0300 8.4 -0.036 -0.071
895.814 90.00 89.9600 11.7 0.041 0.465
895.913 90.00 90.0100 9.4 -0.009 0.096
896.014 90.00 90.0100 9.3 -0.012 0.071
896.113 90.00 90.0200 8.7 -0.025 -0.026
896.212 90.00 90.0100 9.4 -0.007 0.101
896.313 90.00 90.0100 9.4 -0.008 0.090
896.411 90.00 90.0100 9.2 -0.010 0.068
896.513 90.00 90.0200 8.8 -0.019 0.002
896.613 90.00 90.0300 8.2 -0.033 -0.096
896.711 90.00 90.0100 9.3 -0.009 0.078
896.813 90.00 90.0100 9.3 -0.008 0.081
896.911 90.00 90.0100 9.3 -0.007 0.079
897.013 90.00 90.0000 9.5 -0.003 0.106
897.113 90.00 90.0100 9.3 -0.006 0.075
897.211 90.00 90.0000 9.3 -0.005 0.079
897.313 90.00 90.0100 9.1 -0.010 0.038
897.412 90.00 90.0000 9.5 -0.001 0.103
897.512 90.00 90.0000 9.4 -0.002 0.088
897.613 90.00 90.0100 9.0 -0.009 0.034
897.711 90.00 90.0100 9.1 -0.007 0.047
897.813 90.00 90.0000 9.4 0.001 0.098
897.911 90.00 89.9900 9.6 0.004 0.116
898.011 90.00 90.0000 9.1 -0.006 0.043
898.112 90.00 90.0100 8.9 -0.009 0.018
898.210 90.00 90.0100 8.8 -0.011 -0.000
898.312 90.00 90.0000 9.4 0.003 0.101
898.411 90.00 90.0000 9.2 -0.003 0.056
898.511 90.00 90.0000 9.2 -0.001 0.063
898.612 90.00 90.0000 9.2 -0.001 0.062
898.711 90.00 90.0000 9.2 -0.000 0.062
898.812 90.00 89.9700 10.4 0.027 0.254
898.911 90.00 90.0000 8.9 -0.005 0.018
899.011 90.00 90.0000 9.2 0.001 0.054
899.112 90.00 90.0000 9.2 0.002 0.058
899.210 90.00 90.0000 9.0 -0.002 0.028
899.312 90.00 90.0000 9.2 0.003 0.065
899.410 90.00 90.0000 9.2 0.002 0.054
899.510 90.00 90.0000 9.0 -0.002 0.025
899.611 90.00 90.0000 9.0 -0.000 0.034
899.710 90.00 90.0000 9.0 -0.001 0.028
899.811 90.00 90.0100 8.6 -0.011 -0.043
899.910 90.00 89.9900 9.4 0.008 0.092
900.011 90.00 90.0000 8.8 -0.006 -0.012
900.110 90.00 90.0100 8.6 -0.010 -0.039
900.210 90.00 90.0400 7.4 -0.037 -0.226
900.311 90.00 89.9900 9.6 0.012 0.128
900.409 90.00 90.0000 8.9 -0.003 0.017
900.511 90.00 90.0000 9.1 0.002 0.048
900.610 90.00 90.0000 9.2 0.004 0.057
900.709 90.00 89.9800 9.9 0.022 0.180
900.811 90.00 90.0100 8.6 -0.008 -0.034
900.909 90.00 90.0400 7.1 -0.044 -0.286
901.009 90.00 90.0000 9.0 -0.002 0.022
901.110 90.00 90.0000 8.8 -0.006 -0.009
901.208 90.00 89.9900 9.2 0.004 0.065
901.310 90.00 89.9500 11.0 0.047 0.357
901.409 90.00 90.0000 8.9 -0.001 0.006
901.509 90.00 90.0000 9.0 0.002 0.026
901.610 90.00 90.0000 9.0 0.002 0.028
901.709 90.00 89.9900 9.2 0.007 0.064
901.809 90.00 89.9900 9.2 0.007 0.056
901.909 90.00 90.0000 8.7 -0.004 -0.022
902.009 90.00 90.0000 9.0 0.003 0.029
902.110 90.00 89.9900 9.3 0.010 0.073
902.209 90.00 90.0000 8.9 0.001 0.010
902.310 90.00 89.9700 9.9 0.024 0.175
902.409 90.00 90.0000 8.7 -0.003 -0.024
902.508 90.00 90.0000 8.6 -0.006 -0.045
902.609 90.00 90.0000 8.8 0.000 -0.001
902.708 90.00 90.0000 8.6 -0.004 -0.030
902.808 90.00 89.9900 9.2 0.009 0.062
902.908 90.00 90.0000 8.6 -0.006 -0.044
903.008 90.00 89.9500 10.9 0.048 0.333
903.109 90.00 90.0000 8.9 0.003 0.006
903.207 90.00 89.9900 8.9 0.004 0.012
903.309 90.00 89.9900 9.0 0.006 0.026
903.408 90.00 90.0000 8.7 0.000 -0.015
903.508 90.00 89.9900 9.1 0.009 0.050
903.609 90.00 90.0000 8.5 -0.004 -0.047
903.708 90.00 90.0000 8.7 -0.001 -0.024
903.808 90.00 90.0000 8.6 -0.003 -0.038
903.908 90.00 90.0000 8.7 -0.001 -0.018
904.008 90.00 90.0000 8.8 -0.000 -0.014
904.109 90.00 90.0000 8.5 -0.005 -0.047
904.206 90.00 90.0000 8.6 -0.003 -0.033
904.308 90.00 90.0100 8.2 -0.013 -0.101
904.406 90.00 90.0100 8.5 -0.007 -0.049
904.508 90.00 89.9800 9.8 0.022 0.154
904.608 90.00 89.9900 8.9 0.004 0.019
904.706 90.00 89.9900 9.0 0.005 0.030
904.808 90.00 90.0000 8.7 -0.001 -0.016
904.907 90.00 90.0000 8.6 -0.005 -0.044
905.007 90.00 90.0100 8.1 -0.015 -0.115
905.108 90.00 90.0300 7.7 -0.027 -0.192
905.207 90.00 90.0000 8.8 -0.002 -0.010
905.307 90.00 90.0100 8.6 -0.007 -0.043
905.407 90.00 89.9400 11.5 0.060 0.432
905.506 90.00 90.0000 8.6 -0.004 -0.037
905.608 90.00 90.0100 8.3 -0.011 -0.084
905.706 90.00 90.0100 8.4 -0.008 -0.061
905.806 90.00 89.9900 9.1 0.006 0.041
905.906 90.00 89.9800 9.7 0.020 0.139
906.006 90.00 90.0100 8.5 -0.007 -0.057
906.107 90.00 90.0100 8.3 -0.011 -0.088
906.206 90.00 90.0100 8.3 -0.011 -0.080
906.306 90.00 90.0100 8.3 -0.011 -0.080
906.406 90.00 90.0000 8.7 -0.004 -0.023
906.506 90.00 90.0200 8.1 -0.018 -0.119
906.607 90.00 90.0100 8.5 -0.010 -0.061
906.706 90.00 90.0000 8.8 -0.001 0.002
906.806 90.00 90.0100 8.4 -0.011 -0.065
906.906 90.00 90.0100 8.6 -0.007 -0.036
907.006 90.00 90.0200 8.2 -0.017 -0.103
907.107 90.00 90.0100 8.6 -0.009 -0.044
907.205 90.00 90.0100 8.3 -0.016 -0.090
907.305 90.00 90.0100 8.6 -0.009 -0.040
907.405 90.00 90.0300 7.7 -0.030 -0.180
907.506 90.00 90.0500 6.9 -0.050 -0.316
907.606 90.00 90.0100 8.4 -0.016 -0.064
907.705 90.00 90.0200 8.3 -0.019 -0.080
907.805 90.00 90.0300 8.0 -0.027 -0.133
907.905 90.00 90.0200 8.5 -0.017 -0.058
908.006 90.00 90.0200 8.3 -0.020 -0.081
908.106 90.00 90.0100 8.6 -0.015 -0.040
908.204 90.00 90.0200 8.3 -0.020 -0.078
908.306 90.00 90.0200 8.2 -0.024 -0.097
908.405 90.00 90.0200 8.3 -0.023 -0.087
908.504 90.00 90.0200 8.2 -0.026 -0.105
908.606 90.00 90.0300 7.8 -0.034 -0.162
908.703 90.00 90.0300 8.0 -0.032 -0.142
908.805 90.00 90.0300 8.0 -0.032 -0.131
908.905 90.00 90.0200 8.3 -0.025 -0.083
909.004 90.00 90.0300 8.1 -0.031 -0.115
909.105 90.00 90.0000 9.2 -0.006 0.060
909.204 90.00 90.0400 7.8 -0.037 -0.162
909.304 90.00 90.0500 7.5 -0.047 -0.223
909.405 90.00 90.0300 8.2 -0.030 -0.097
909.504 90.00 90.0400 7.9 -0.039 -0.153
909.605 90.00 90.0400 7.7 -0.044 -0.182
909.704 90.00 90.0400 7.9 -0.041 -0.156
909.804 90.00 90.0100 9.2 -0.012 0.054
909.905 90.00 90.0400 7.7 -0.046 -0.187
910.003 90.00 90.0500 7.5 -0.052 -0.221
910.105 90.00 90.0400 7.9 -0.042 -0.148
910.203 90.00 90.0400 7.8 -0.045 -0.162
910.303 90.00 90.0500 7.6 -0.052 -0.206
910.404 90.00 90.0500 7.6 -0.051 -0.192
910.502 90.00 90.0500 7.9 -0.046 -0.150
910.604 90.00 90.0500 7.6 -0.053 -0.192
910.703 90.00 90.0500 7.6 -0.054 -0.191
910.803 90.00 90.0300 8.7 -0.031 -0.024
910.904 90.00 90.0300 8.5 -0.036 -0.058
911.003 90.00 90.0600 7.4 -0.061 -0.235
911.104 90.00 90.0400 8.1 -0.045 -0.113
911.203 90.00 90.0600 7.4 -0.062 -0.225
911.303 90.00 90.0600 7.3 -0.065 -0.239
911.404 90.00 90.0100 9.8 -0.010 0.156
911.503 90.00 90.0600 7.6 -0.060 -0.204
911.604 90.00 90.0600 7.3 -0.066 -0.238
911.702 90.00 90.0700 7.3 -0.068 -0.244
911.802 90.00 90.0600 7.5 -0.064 -0.208
911.903 90.00 90.0700 7.3 -0.070 -0.242
912.001 90.00 90.0700 7.4 -0.068 -0.224
912.103 90.00 90.0600 7.7 -0.064 -0.183
912.201 90.00 90.0600 7.6 -0.066 -0.192
912.303 90.00 90.0600 7.8 -0.063 -0.165
912.403 90.00 90.0800 7.0 -0.082 -0.293
912.501 90.00 90.0600 7.8 -0.065 -0.165
912.603 90.00 90.0700 7.5 -0.073 -0.219
912.701 90.00 90.0700 7.4 -0.075 -0.223
912.803 90.00 90.0800 7.0 -0.085 -0.287
912.903 90.00 90.0700 7.6 -0.074 -0.201
913.001 90.00 90.0700 7.9 -0.068 -0.149
913.103 90.00 90.0700 7.8 -0.071 -0.163
913.200 90.00 90.0800 7.3 -0.083 -0.245
913.302 90.00 90.0700 7.7 -0.076 -0.189
913.402 90.00 90.0800 7.5 -0.080 -0.207
913.500 90.00 90.0800 7.3 -0.086 -0.245
913.602 90.00 90.0900 7.2 -0.090 -0.264
913.701 90.00 90.0800 7.5 -0.084 -0.217
913.801 90.00 90.0800 7.4 -0.086 -0.224
913.902 90.00 90.0900 7.1 -0.094 -0.274
914.001 90.00 90.0800 7.6 -0.085 -0.201
914.102 90.00 90.0800 7.6 -0.085 -0.197
914.201 90.00 90.0900 7.5 -0.088 -0.211
914.301 90.00 90.0600 8.5 -0.066 -0.047
914.402 90.00 90.0900 7.5 -0.090 -0.218
914.500 90.00 90.0600 8.5 -0.066 -0.045
914.602 90.00 90.0700 8.5 -0.067 -0.052
914.701 90.00 90.0900 7.3 -0.094 -0.242
914.800 90.00 90.1000 7.1 -0.100 -0.273
914.901 90.00 90.1000 7.3 -0.098 -0.251
915.000 90.00 90.1400 5.6 -0.138 -0.525
915.100 90.00 90.1000 7.2 -0.102 -0.253
915.200 90.00 90.1000 7.3 -0.100 -0.236
915.300 90.00 90.1000 7.5 -0.098 -0.211
915.401 90.00 90.0700 8.6 -0.074 -0.041
915.500 90.00 90.1000 7.4 -0.100 -0.220
915.600 90.00 90.1000 7.5 -0.099 -0.207
915.700 90.00 90.1000 7.3 -0.105 -0.248
915.800 90.00 90.1000 7.3 -0.106 -0.247
915.901 90.00 90.1100 7.3 -0.107 -0.247
915.999 90.00 90.1100 7.1 -0.112 -0.271
916.101 90.00 90.1100 7.3 -0.109 -0.246
916.200 90.00 90.1000 7.7 -0.100 -0.173
916.300 90.00 90.1000 7.8 -0.098 -0.160
916.401 90.00 90.1000 7.7 -0.102 -0.184
916.498 90.00 90.1100 7.5 -0.107 -0.216
916.600 90.00 90.1000 7.7 -0.104 -0.185
916.699 90.00 90.1500 5.7 -0.149 -0.496
916.799 90.00 90.1000 7.9 -0.101 -0.143
916.900 90.00 90.1000 7.7 -0.105 -0.172
916.999 90.00 90.0900 8.2 -0.095 -0.094
917.099 90.00 90.1100 7.5 -0.111 -0.212
917.199 90.00 90.1100 7.5 -0.113 -0.218
917.299 90.00 90.1100 7.5 -0.112 -0.203
917.400 90.00 90.1200 7.3 -0.118 -0.245
917.499 90.00 90.1100 7.7 -0.109 -0.175
917.599 90.00 90.1100 7.6 -0.113 -0.199
917.699 90.00 90.1200 7.4 -0.116 -0.218
917.798 90.00 90.1100 7.7 -0.112 -0.185
917.900 90.00 90.1200 7.3 -0.120 -0.235
917.998 90.00 90.1100 7.8 -0.109 -0.153
918.098 90.00 90.1100 7.7 -0.114 -0.184
918.198 90.00 90.1100 7.8 -0.112 -0.167
918.299 90.00 90.1300 7.1 -0.127 -0.267
918.399 90.00 90.1000 8.1 -0.106 -0.114
918.498 90.00 90.1100 7.9 -0.110 -0.146
918.598 90.00 90.1100 8.0 -0.107 -0.121
918.698 90.00 90.1100 7.9 -0.111 -0.145
918.799 90.00 90.1000 8.1 -0.105 -0.106
918.899 90.00 90.1100 7.7 -0.115 -0.172
918.998 90.00 90.1200 7.7 -0.116 -0.180
919.098 90.00 90.1100 8.0 -0.110 -0.136
919.198 90.00 90.1100 8.0 -0.110 -0.132
919.298 90.00 90.1000 8.1 -0.106 -0.104
919.399 90.00 90.1000 8.2 -0.105 -0.097
919.497 90.00 90.1100 8.1 -0.108 -0.114
919.597 90.00 90.1100 8.1 -0.107 -0.107
919.697 90.00 90.0900 9.0 -0.087 0.034
919.798 90.00 90.1000 8.3 -0.102 -0.078
919.898 90.00 90.1000 8.2 -0.104 -0.099
919.996 90.00 90.1000 8.3 -0.101 -0.076
920.098 90.00 90.1100 7.9 -0.110 -0.142
920.197 90.00 90.1000 8.1 -0.106 -0.111
920.298 90.00 90.1000 8.3 -0.100 -0.069
920.398 90.00 90.1000 8.1 -0.106 -0.110
920.496 90.00 90.1000 8.2 -0.102 -0.086
920.598 90.00 90.1100 7.7 -0.115 -0.174
920.697 90.00 90.1100 8.0 -0.108 -0.120
920.796 90.00 90.1000 8.4 -0.099 -0.060
920.898 90.00 90.0900 8.6 -0.094 -0.025
920.996 90.00 90.1000 8.5 -0.096 -0.045
921.096 90.00 90.1000 8.3 -0.099 -0.068
921.197 90.00 90.0900 8.7 -0.091 -0.012
921.296 90.00 90.1100 8.0 -0.107 -0.126
921.397 90.00 90.0900 8.5 -0.096 -0.049
921.496 90.00 90.1000 8.2 -0.101 -0.090
921.596 90.00 90.0900 8.7 -0.090 -0.011
921.697 90.00 90.0800 8.9 -0.085 0.019
921.796 90.00 90.0800 9.1 -0.078 0.061
921.897 90.00 90.0900 8.7 -0.088 -0.011
921.996 90.00 90.0800 9.0 -0.081 0.032
922.096 90.00 90.0800 8.9 -0.082 0.016
922.197 90.00 90.0800 9.1 -0.078 0.045
922.295 90.00 90.0800 8.9 -0.081 0.015
922.397 90.00 90.0800 9.0 -0.077 0.035
922.495 90.00 90.0600 9.8 -0.057 0.172
922.595 90.00 90.0700 9.0 -0.076 0.031
922.696 90.00 90.0800 8.7 -0.081 -0.012
922.795 90.00 90.0700 9.2 -0.070 0.063
922.895 90.00 90.0600 9.4 -0.062 0.109
922.995 90.00 90.0400 10.1 -0.045 0.220
923.095 90.00 90.0700 8.9 -0.071 0.024
923.196 90.00 90.0500 10.0 -0.046 0.194
923.295 90.00 90.0400 10.0 -0.043 0.204
923.396 90.00 90.0600 9.2 -0.061 0.069
923.495 90.00 90.0300 10.3 -0.033 0.257
923.595 90.00 90.0500 9.3 -0.054 0.092
923.696 90.00 90.0500 9.2 -0.056 0.076
923.795 90.00 90.0600 9.0 -0.060 0.040
923.896 90.00 90.0200 10.6 -0.023 0.296
923.993 90.00 90.0500 9.2 -0.053 0.069
924.095 90.00 90.0500 9.1 -0.054 0.051
924.195 90.00 90.1000 7.2 -0.097 -0.251
924.293 90.00 90.0500 9.3 -0.051 0.080
924.395 90.00 90.0400 9.5 -0.044 0.120
924.494 90.00 90.0400 9.5 -0.043 0.117
924.594 90.00 90.0400 9.6 -0.040 0.132
924.695 90.00 90.0400 9.3 -0.045 0.087
924.794 90.00 90.0300 9.8 -0.032 0.172
924.895 90.00 90.0100 10.7 -0.010 0.317
924.994 90.00 90.0200 10.2 -0.019 0.238
925.094 90.00 90.0300 9.7 -0.029 0.157
925.195 90.00 90.0300 9.6 -0.031 0.134
925.294 90.00 90.0300 9.7 -0.027 0.152
925.395 90.00 90.0200 10.0 -0.018 0.206
925.493 90.00 90.0300 9.5 -0.028 0.124
925.593 90.00 90.0300 9.5 -0.027 0.122
925.694 90.00 90.0200 9.7 -0.022 0.149
925.793 90.00 90.0100 10.0 -0.013 0.206
925.893 90.00 90.0100 10.0 -0.012 0.199
925.993 90.00 90.0200 9.6 -0.019 0.144
926.093 90.00 90.0200 9.3 -0.024 0.095
926.194 90.00 90.0100 10.1 -0.007 0.211
926.293 90.00 90.0000 10.4 0.004 0.275
926.393 90.00 89.9900 10.4 0.004 0.264
926.493 90.00 89.9900 10.3 0.004 0.250
926.593 90.00 90.0300 8.8 -0.029 0.009
926.694 90.00 90.0000 10.0 -0.001 0.199
926.793 90.00 89.9900 10.4 0.009 0.262
926.893 90.00 89.9900 10.3 0.010 0.255
926.992 90.00 89.9800 10.5 0.015 0.281
927.092 90.00 89.9800 10.6 0.020 0.303
927.193 90.00 89.9800 10.3 0.014 0.247
927.292 90.00 89.9600 11.3 0.039 0.405
927.392 90.00 89.9700 10.6 0.027 0.302
927.492 90.00 89.9800 10.4 0.023 0.261
927.592 90.00 89.9700 10.6 0.030 0.301
927.693 90.00 89.9700 10.3 0.025 0.253
927.792 90.00 89.9700 10.4 0.030 0.272
927.893 90.00 89.9600 10.6 0.034 0.294
927.991 90.00 89.9600 10.5 0.035 0.286
928.093 90.00 89.9600 10.5 0.037 0.285
928.193 90.00 89.9500 10.8 0.044 0.325
928.291 90.00 89.9200 12.0 0.074 0.523
928.393 90.00 89.9600 10.5 0.043 0.282
928.492 90.00 89.9600 10.1 0.035 0.209
928.591 90.00 89.9500 10.7 0.050 0.309
928.692 90.00 89.9500 10.5 0.048 0.279
928.791 90.00 89.9500 10.7 0.053 0.306
928.891 90.00 89.9500 10.4 0.050 0.272
928.991 90.00 89.9400 10.8 0.059 0.327
929.091 90.00 89.9400 10.7 0.060 0.317
929.192 90.00 89.9300 10.9 0.067 0.351
929.291 90.00 89.9400 10.7 0.063 0.312
929.391 90.00 89.9500 9.8 0.045 0.170
929.491 90.00 89.9300 10.8 0.069 0.332
929.591 90.00 89.9400 10.2 0.056 0.233
929.692 90.00 89.9300 10.8 0.071 0.328
929.791 90.00 89.9300 10.7 0.071 0.311
929.891 90.00 89.9300 10.6 0.070 0.291
929.991 90.00 89.9200 10.8 0.078 0.338
930.091 90.00 89.9200 10.9 0.080 0.339
930.191 90.00 89.9200 10.6 0.075 0.294
930.290 90.00 89.9200 10.6 0.077 0.298
930.390 90.00 89.9200 10.6 0.079 0.299
930.490 90.00 89.9500 9.4 0.052 0.100
930.591 90.00 89.9200 10.7 0.083 0.313
930.691 90.00 89.9200 10.6 0.083 0.302
930.790 90.00 89.9300 10.1 0.072 0.211
930.890 90.00 89.9100 10.6 0.086 0.303
930.990 90.00 89.9200 10.3 0.080 0.250
931.091 90.00 89.9000 10.9 0.095 0.345
931.191 90.00 89.9100 10.5 0.086 0.275
931.290 90.00 89.9100 10.7 0.093 0.311
931.390 90.00 89.9000 10.8 0.096 0.325
931.490 90.00 89.9100 10.6 0.093 0.292
931.590 90.00 89.9000 10.6 0.096 0.298
931.691 90.00 89.9100 10.3 0.090 0.251
931.789 90.00 89.9000 10.6 0.098 0.297
931.890 90.00 89.9000 10.6 0.100 0.303
931.989 90.00 89.9000 10.4 0.097 0.270
932.090 90.00 89.9000 10.6 0.101 0.288
932.190 90.00 89.9000 10.3 0.097 0.254
932.288 90.00 89.9000 10.5 0.102 0.277
932.390 90.00 89.9100 10.1 0.093 0.208
932.489 90.00 89.9100 9.8 0.088 0.164
932.589 90.00 89.9000 10.4 0.102 0.259
932.690 90.00 89.9000 10.4 0.103 0.261
932.788 90.00 89.8800 10.8 0.114 0.328
932.889 90.00 89.8900 10.5 0.109 0.283
932.989 90.00 89.9000 10.0 0.099 0.203
933.088 90.00 89.8900 10.4 0.108 0.260
933.190 90.00 89.8900 10.3 0.108 0.251
933.288 90.00 89.8900 10.5 0.112 0.274
933.388 90.00 89.8900 10.2 0.108 0.237
933.489 90.00 89.8900 10.3 0.111 0.251
933.588 90.00 89.8900 10.3 0.112 0.251
933.688 90.00 89.8800 10.7 0.122 0.314
933.788 90.00 89.8800 10.5 0.117 0.275
933.888 90.00 89.8800 10.4 0.117 0.265
933.989 90.00 89.9000 9.8 0.103 0.161
934.088 90.00 89.8700 10.8 0.126 0.318
934.189 90.00 89.8800 10.4 0.119 0.261
934.288 90.00 89.8700 10.6 0.125 0.295
934.388 90.00 89.8800 10.1 0.116 0.219
934.489 90.00 89.8800 10.3 0.120 0.247
934.587 90.00 89.8700 10.8 0.133 0.327
934.688 90.00 89.8700 10.4 0.125 0.263
934.787 90.00 89.8600 10.8 0.134 0.320
934.888 90.00 89.8600 10.7 0.134 0.313
934.987 90.00 89.8700 10.2 0.124 0.230
935.087 90.00 89.8700 10.5 0.132 0.283
935.187 90.00 89.8600 10.8 0.138 0.320
935.287 90.00 89.8700 10.4 0.131 0.259
935.388 90.00 89.8700 10.2 0.128 0.232
935.487 90.00 89.8600 10.5 0.136 0.281
935.587 90.00 89.8700 10.2 0.129 0.227
935.688 90.00 89.8700 10.1 0.128 0.215
935.786 90.00 89.8700 10.3 0.132 0.238
935.888 90.00 89.8600 10.5 0.138 0.274
935.988 90.00 89.8600 10.4 0.136 0.253
936.086 90.00 89.8600 10.4 0.138 0.261
936.187 90.00 89.8500 10.7 0.145 0.302
936.286 90.00 89.8600 10.4 0.141 0.265
936.386 90.00 89.8500 10.5 0.144 0.282
936.487 90.00 89.8500 10.7 0.148 0.303
936.586 90.00 89.8500 10.7 0.150 0.308
936.686 90.00 89.8600 10.3 0.141 0.242
936.786 90.00 89.8500 10.6 0.148 0.283
936.886 90.00 89.8600 10.1 0.138 0.206
936.987 90.00 89.8600 10.3 0.143 0.235
937.086 90.00 89.8500 10.5 0.149 0.278
937.186 90.00 89.8500 10.5 0.150 0.276
937.286 90.00 89.8500 10.4 0.147 0.252
937.386 90.00 89.9000 8.4 0.104 -0.059
937.487 90.00 89.8500 10.4 0.148 0.258
937.586 90.00 89.8600 10.0 0.139 0.192
937.686 90.00 89.8500 10.3 0.146 0.234
937.785 90.00 89.8000 12.4 0.195 0.576
937.885 90.00 89.8500 10.1 0.146 0.215
937.986 90.00 89.8400 10.5 0.154 0.269
938.085 90.00 89.8500 10.0 0.144 0.189
938.185 90.00 89.8500 10.3 0.152 0.241
938.285 90.00 89.8500 10.1 0.147 0.204
938.386 90.00 89.8500 10.2 0.151 0.232
938.485 90.00 89.8700 9.3 0.131 0.083
938.585 90.00 89.8500 10.2 0.151 0.231
938.685 90.00 89.8500 10.2 0.151 0.223
938.785 90.00 89.8600 9.7 0.141 0.147
938.886 90.00 89.8600 9.7 0.139 0.138
938.985 90.00 89.8500 9.9 0.144 0.171
939.085 90.00 89.8500 10.0 0.146 0.187
939.186 90.00 89.8500 9.9 0.146 0.181
939.283 90.00 89.8700 9.4 0.134 0.093
939.385 90.00 89.8300 11.1 0.172 0.364
939.485 90.00 89.8500 9.8 0.144 0.160
939.583 90.00 89.8600 9.7 0.142 0.143
939.685 90.00 89.8500 9.8 0.145 0.165
939.784 90.00 89.8800 8.9 0.123 0.012
939.885 90.00 89.8400 10.4 0.158 0.261
939.984 90.00 89.8600 9.5 0.137 0.111
940.084 90.00 89.8600 9.4 0.135 0.095
940.185 90.00 89.8600 9.7 0.141 0.137
940.284 90.00 89.8600 9.6 0.138 0.122
940.385 90.00 89.8700 9.3 0.131 0.071
940.484 90.00 89.8700 9.1 0.127 0.047
940.584 90.00 89.8700 9.2 0.128 0.058
940.685 90.00 89.8600 9.6 0.136 0.119
940.782 90.00 89.8700 9.4 0.133 0.093
940.884 90.00 89.8500 10.0 0.146 0.190
940.984 90.00 89.8700 9.4 0.132 0.090
941.082 90.00 89.8700 9.4 0.132 0.091
941.184 90.00 89.8600 9.5 0.134 0.107
941.282 90.00 89.8700 9.4 0.132 0.091
941.384 90.00 89.8700 9.1 0.125 0.048
941.484 90.00 89.8800 9.1 0.123 0.040
941.582 90.00 89.8700 9.4 0.130 0.089
941.684 90.00 89.8800 8.9 0.117 0.004
941.783 90.00 89.8900 8.6 0.111 -0.035
941.883 90.00 89.8800 9.1 0.120 0.034
941.984 90.00 89.8700 9.4 0.128 0.093
942.083 90.00 89.8700 9.3 0.124 0.070
942.183 90.00 89.8800 8.9 0.115 0.011
942.283 90.00 89.8900 8.8 0.111 -0.012
942.382 90.00 89.8800 9.0 0.115 0.019
942.484 90.00 89.8900 8.8 0.110 -0.010
942.582 90.00 89.8900 9.0 0.114 0.021
942.682 90.00 89.8700 9.6 0.127 0.121
942.782 90.00 89.8900 8.9 0.112 0.013
942.883 90.00 89.8900 8.9 0.110 0.003
942.982 90.00 89.8900 8.9 0.110 0.012
943.082 90.00 89.8900 8.9 0.110 0.013
943.182 90.00 89.8900 9.1 0.112 0.033
943.282 90.00 89.8900 8.8 0.106 -0.005
943.382 90.00 89.8900 8.9 0.106 0.003
943.483 90.00 89.9000 8.7 0.102 -0.018
943.582 90.00 89.9000 8.7 0.101 -0.019
943.682 90.00 89.8900 9.0 0.107 0.024
943.782 90.00 89.9000 8.7 0.099 -0.025
943.883 90.00 89.9000 8.6 0.095 -0.047
943.983 90.00 89.9000 8.6 0.095 -0.040
944.080 90.00 89.9000 8.7 0.096 -0.027
944.182 90.00 89.9100 8.6 0.092 -0.049
944.280 90.00 89.9000 8.8 0.097 -0.008
944.382 90.00 89.9000 9.0 0.101 0.026
944.482 90.00 89.9100 8.7 0.093 -0.027
944.580 90.00 89.9000 8.9 0.096 0.000
944.682 90.00 89.9000 8.9 0.095 0.003
944.781 90.00 89.9100 8.8 0.092 -0.019
944.881 90.00 89.9100 8.4 0.084 -0.067
944.982 90.00 89.9200 8.4 0.081 -0.082
945.080 90.00 89.9100 8.7 0.087 -0.033
945.182 90.00 89.9100 8.9 0.090 -0.001
945.281 90.00 89.9100 8.8 0.088 -0.013
945.380 90.00 89.9000 9.3 0.098 0.065
945.482 90.00 89.9100 8.8 0.088 -0.003
945.580 90.00 89.9100 8.9 0.088 0.002
945.681 90.00 89.9200 8.4 0.077 -0.074
945.780 90.00 89.9200 8.4 0.076 -0.074
945.880 90.00 89.9200 8.6 0.080 -0.041
945.981 90.00 89.9200 8.7 0.082 -0.021
946.080 90.00 89.9200 8.8 0.081 -0.019
946.180 90.00 89.9200 8.6 0.076 -0.047
946.280 90.00 89.9200 8.6 0.076 -0.041
946.381 90.00 89.9200 8.7 0.077 -0.031
946.481 90.00 89.9200 8.8 0.078 -0.017
946.580 90.00 89.9300 8.4 0.070 -0.072
946.680 90.00 89.9300 8.3 0.066 -0.092
946.780 90.00 89.9300 8.5 0.070 -0.057
946.880 90.00 89.9300 8.6 0.071 -0.041
946.980 90.00 89.9300 8.5 0.067 -0.065
947.079 90.00 89.9400 8.2 0.060 -0.105
947.179 90.00 89.9300 8.7 0.069 -0.033
947.280 90.00 89.9400 8.2 0.058 -0.110
947.379 90.00 89.9400 8.3 0.059 -0.095
947.479 90.00 89.9300 8.6 0.064 -0.046
947.579 90.00 89.9400 8.3 0.056 -0.099
947.680 90.00 89.9400 8.4 0.059 -0.071
947.780 90.00 89.9500 8.0 0.047 -0.148
947.879 90.00 89.9500 7.9 0.044 -0.158
947.980 90.00 89.9500 8.1 0.048 -0.124
948.078 90.00 89.9400 8.4 0.054 -0.070
948.180 90.00 89.9500 8.3 0.051 -0.085
948.280 90.00 89.9600 8.1 0.043 -0.133
948.378 90.00 89.9500 8.3 0.047 -0.097
948.480 90.00 89.9600 8.0 0.039 -0.144
948.577 90.00 89.9500 8.4 0.048 -0.074
948.679 90.00 89.9600 8.2 0.042 -0.109
948.779 90.00 89.9600 8.0 0.035 -0.150
948.877 90.00 89.9500 8.5 0.047 -0.061
948.979 90.00 89.9600 8.2 0.039 -0.112
949.078 90.00 89.9600 8.3 0.040 -0.095
949.178 90.00 89.9700 8.0 0.032 -0.141
949.279 90.00 89.9700 8.0 0.031 -0.140
949.378 90.00 89.9700 7.9 0.028 -0.158
949.479 90.00 89.9700 8.0 0.029 -0.141
949.578 90.00 89.9700 8.2 0.033 -0.102
949.678 90.00 89.9700 8.3 0.033 -0.094
949.779 90.00 89.9700 8.2 0.029 -0.118
949.878 90.00 89.9600 8.7 0.041 -0.027
949.978 90.00 89.9900 7.4 0.010 -0.240
950.077 90.00 89.9700 8.1 0.024 -0.127
950.177 90.00 89.9900 7.6 0.011 -0.213
950.278 90.00 90.0300 5.9 -0.030 -0.488
950.377 90.00 90.0000 7.3 0.001 -0.251
950.477 90.00 89.9900 7.9 0.012 -0.156
950.577 90.00 89.9900 7.8 0.009 -0.168
950.677 90.00 90.0100 7.0 -0.012 -0.311
950.778 90.00 89.9800 8.2 0.015 -0.102
950.877 90.00 89.9800 8.6 0.022 -0.049
950.977 90.00 89.9500 9.7 0.049 0.139
951.077 90.00 89.9400 10.3 0.062 0.226
951.178 90.00 89.9900 8.1 0.013 -0.122
951.277 90.00 89.9900 7.9 0.006 -0.164
951.377 90.00 90.0000 7.5 -0.004 -0.227
951.477 90.00 90.0000 7.6 -0.003 -0.206
951.576 90.00 90.0000 7.6 -0.004 -0.203
951.677 90.00 90.0100 7.3 -0.012 -0.253
951.776 90.00 90.0100 7.6 -0.007 -0.204
951.876 90.00 90.0100 7.5 -0.010 -0.215
951.977 90.00 90.0200 7.2 -0.018 -0.264
952.076 90.00 90.0200 7.4 -0.017 -0.240
952.176 90.00 90.0200 7.2 -0.023 -0.272
952.277 90.00 90.0100 7.8 -0.012 -0.183
952.375 90.00 90.0100 7.7 -0.014 -0.188
952.477 90.00 90.0200 7.4 -0.024 -0.246
952.576 90.00 90.0200 7.5 -0.023 -0.232
952.676 90.00 90.0200 7.4 -0.026 -0.243
952.777 90.00 90.0200 7.5 -0.026 -0.232
952.876 90.00 90.0200 7.7 -0.022 -0.193
952.976 90.00 90.0200 7.7 -0.024 -0.195
953.076 90.00 90.0300 7.5 -0.030 -0.232
953.175 90.00 90.0300 7.6 -0.028 -0.209
953.276 90.00 90.0300 7.5 -0.031 -0.220
953.375 90.00 90.0400 7.2 -0.040 -0.275
953.475 90.00 90.0400 7.2 -0.042 -0.273
953.575 90.00 90.0400 7.2 -0.044 -0.278
953.675 90.00 90.0400 7.2 -0.046 -0.280
953.776 90.00 90.0500 7.2 -0.047 -0.275
953.875 90.00 90.0400 7.4 -0.043 -0.238
953.975 90.00 90.0400 7.6 -0.040 -0.206
954.075 90.00 90.0400 7.6 -0.042 -0.208
954.176 90.00 90.0500 7.2 -0.052 -0.276
954.276 90.00 90.0900 5.4 -0.094 -0.558
954.375 90.00 90.0500 7.3 -0.055 -0.262
954.475 90.00 90.0600 7.1 -0.060 -0.283
954.575 90.00 90.0600 7.2 -0.059 -0.265
954.674 90.00 90.0600 7.1 -0.064 -0.291
954.775 90.00 90.0600 7.1 -0.065 -0.284
954.874 90.00 90.0600 7.3 -0.062 -0.256
954.974 90.00 90.0800 6.7 -0.077 -0.350
955.074 90.00 90.0700 7.2 -0.067 -0.269
955.175 90.00 90.0700 6.9 -0.076 -0.316
955.274 90.00 90.0800 6.8 -0.081 -0.340
955.374 90.00 90.0800 6.7 -0.084 -0.348
955.474 90.00 90.0600 7.9 -0.059 -0.164
955.574 90.00 90.0800 6.9 -0.081 -0.314
955.675 90.00 90.1000 6.2 -0.099 -0.425
955.774 90.00 90.0200 9.5 -0.026 0.105
955.874 90.00 90.0900 6.8 -0.087 -0.331
955.975 90.00 90.0800 7.0 -0.085 -0.305
956.074 90.00 90.1000 6.5 -0.097 -0.377
956.173 90.00 90.0900 7.0 -0.088 -0.302
956.275 90.00 90.1000 6.7 -0.097 -0.351
956.373 90.00 90.0500 8.9 -0.049 -0.002
956.474 90.00 90.1000 6.5 -0.102 -0.380
956.573 90.00 90.1000 6.7 -0.101 -0.353
956.673 90.00 90.1000 6.5 -0.106 -0.381
956.774 90.00 90.1000 6.9 -0.098 -0.312
956.873 90.00 90.1000 7.1 -0.097 -0.291
956.973 90.00 90.1000 7.1 -0.097 -0.284
957.073 90.00 90.1100 6.7 -0.108 -0.351
957.174 90.00 90.1100 6.5 -0.115 -0.387
957.274 90.00 90.1000 7.0 -0.105 -0.306
957.373 90.00 90.1100 6.7 -0.114 -0.357
957.473 90.00 90.1200 6.6 -0.117 -0.363
957.573 90.00 90.1200 6.7 -0.117 -0.352
957.673 90.00 90.1200 6.5 -0.123 -0.385
957.773 90.00 90.1200 6.6 -0.123 -0.373
957.872 90.00 90.1200 6.5 -0.126 -0.380
957.973 90.00 90.1200 6.7 -0.123 -0.347
958.072 90.00 90.1200 6.8 -0.123 -0.335
958.173 90.00 90.1300 6.5 -0.132 -0.383
958.272 90.00 90.1100 7.3 -0.115 -0.252
958.372 90.00 90.1300 6.5 -0.134 -0.379
958.473 90.00 90.1500 5.6 -0.156 -0.522
958.572 90.00 90.1200 7.2 -0.122 -0.263
958.673 90.00 90.1300 6.9 -0.131 -0.319
958.773 90.00 90.1300 6.9 -0.131 -0.310
958.871 90.00 90.1300 6.8 -0.136 -0.337
958.973 90.00 90.1300 6.9 -0.135 -0.318
959.072 90.00 90.1300 6.9 -0.136 -0.318
959.172 90.00 90.1300 7.0 -0.135 -0.303
959.273 90.00 90.1400 6.9 -0.138 -0.319
959.370 90.00 90.1400 6.8 -0.142 -0.335
959.472 90.00 90.1000 8.8 -0.097 -0.007
959.572 90.00 90.1500 6.6 -0.147 -0.363
959.671 90.00 90.1500 6.6 -0.149 -0.370
959.772 90.00 90.1400 6.8 -0.144 -0.325
959.872 90.00 90.1400 6.8 -0.146 -0.327
959.972 90.00 90.1500 6.8 -0.147 -0.327
960.071 90.00 90.1400 6.9 -0.146 -0.308
960.171 90.00 90.1500 6.9 -0.149 -0.321
960.272 90.00 90.1500 6.8 -0.151 -0.324
960.370 90.00 90.1500 6.8 -0.154 -0.337
960.472 90.00 90.1700 6.1 -0.171 -0.450
960.571 90.00 90.1600 6.8 -0.157 -0.337
960.670 90.00 90.1500 7.1 -0.150 -0.281
960.771 90.00 90.1600 6.5 -0.166 -0.385
960.869 90.00 90.1600 6.7 -0.162 -0.343
960.971 90.00 90.1600 6.6 -0.166 -0.365
961.071 90.00 90.1800 6.2 -0.177 -0.435
961.169 90.00 90.1500 7.2 -0.156 -0.271
961.271 90.00 90.1600 7.0 -0.159 -0.289
961.370 90.00 90.1600 7.0 -0.160 -0.290
961.471 90.00 90.1600 7.0 -0.163 -0.303
961.571 90.00 90.1500 7.4 -0.155 -0.236
961.669 90.00 90.1700 6.8 -0.169 -0.333
961.770 90.00 90.1600 7.2 -0.160 -0.263
961.870 90.00 90.1700 6.7 -0.174 -0.352
961.970 90.00 90.1700 6.7 -0.174 -0.345
962.071 90.00 90.1700 6.9 -0.171 -0.317
962.170 90.00 90.1500 7.6 -0.155 -0.196
962.270 90.00 90.1500 8.0 -0.147 -0.139
962.369 90.00 90.1600 7.5 -0.158 -0.214
962.469 90.00 90.1700 7.0 -0.171 -0.302
962.570 90.00 90.1700 7.1 -0.169 -0.282
962.669 90.00 90.1600 7.2 -0.166 -0.255
962.769 90.00 90.1600 7.4 -0.163 -0.229
962.869 90.00 90.1800 6.7 -0.179 -0.340
962.970 90.00 90.1700 7.2 -0.170 -0.270
963.069 90.00 90.1600 7.6 -0.159 -0.190
963.169 90.00 90.1600 7.6 -0.160 -0.191
963.269 90.00 90.1500 8.1 -0.148 -0.109
963.369 90.00 90.1600 7.7 -0.159 -0.186
963.470 90.00 90.1600 7.6 -0.161 -0.198
963.569 90.00 90.1600 7.8 -0.157 -0.171
963.669 90.00 90.1400 8.4 -0.142 -0.060
963.769 90.00 90.1600 7.5 -0.163 -0.212
963.868 90.00 90.1700 7.1 -0.173 -0.284
963.969 90.00 90.1700 7.4 -0.166 -0.229
964.069 90.00 90.1600 7.7 -0.159 -0.177
964.167 90.00 90.1600 7.8 -0.157 -0.160
964.269 90.00 90.1700 7.3 -0.168 -0.237
964.368 90.00 90.1700 7.4 -0.168 -0.231
964.468 90.00 90.1600 7.7 -0.160 -0.174
964.569 90.00 90.1700 7.2 -0.172 -0.261
964.668 90.00 90.1600 7.6 -0.164 -0.198
964.768 90.00 90.1500 8.0 -0.155 -0.132
964.868 90.00 90.1700 7.4 -0.168 -0.223
964.969 90.00 90.1600 7.5 -0.166 -0.206
965.068 90.00 90.1600 7.7 -0.163 -0.185
965.168 90.00 90.1700 7.5 -0.167 -0.209
965.268 90.00 90.1700 7.5 -0.166 -0.206
965.367 90.00 90.1700 7.5 -0.167 -0.211
965.468 90.00 90.1600 7.7 -0.162 -0.173
965.567 90.00 90.1600 7.6 -0.166 -0.198
965.667 90.00 90.1600 7.9 -0.159 -0.149
965.767 90.00 90.2000 6.1 -0.201 -0.439
965.867 90.00 90.1500 8.3 -0.151 -0.081
965.968 90.00 90.1600 7.9 -0.159 -0.138
966.067 90.00 90.1600 7.8 -0.162 -0.164
966.167 90.00 90.1700 7.4 -0.171 -0.227
966.268 90.00 90.1600 8.0 -0.158 -0.130
966.366 90.00 90.1700 7.5 -0.168 -0.201
966.468 90.00 90.1600 8.0 -0.157 -0.121
966.567 90.00 90.1600 7.7 -0.165 -0.182
966.667 90.00 90.1700 7.6 -0.166 -0.189
966.768 90.00 90.1600 7.9 -0.159 -0.136
966.865 90.00 90.1600 8.0 -0.158 -0.131
966.967 90.00 90.1600 8.0 -0.157 -0.129
967.067 90.00 90.1600 8.0 -0.158 -0.132
967.165 90.00 90.1600 7.8 -0.162 -0.165
967.267 90.00 90.1600 7.6 -0.166 -0.191
967.365 90.00 90.1600 7.8 -0.161 -0.153
967.467 90.00 90.1500 8.1 -0.155 -0.110
967.567 90.00 90.1500 8.1 -0.155 -0.118
967.665 90.00 90.1500 8.1 -0.154 -0.111
967.767 90.00 90.1500 8.1 -0.154 -0.113
967.866 90.00 90.1600 7.9 -0.158 -0.144
967.967 90.00 90.1600 7.6 -0.164 -0.183
968.066 90.00 90.1600 7.8 -0.161 -0.165
968.166 90.00 90.1600 7.7 -0.162 -0.172
968.267 90.00 90.1600 7.9 -0.157 -0.134
968.365 90.00 90.1600 7.9 -0.158 -0.144
968.466 90.00 90.1600 7.9 -0.156 -0.133
968.565 90.00 90.1600 7.8 -0.161 -0.165
968.664 90.00 90.1500 8.2 -0.149 -0.085
968.766 90.00 90.1500 8.1 -0.153 -0.110
968.864 90.00 90.1500 8.2 -0.150 -0.092
968.966 90.00 90.1500 8.0 -0.154 -0.125
969.066 90.00 90.1500 8.0 -0.154 -0.123
969.164 90.00 90.1500 7.9 -0.156 -0.138
969.266 90.00 90.1500 8.0 -0.153 -0.122
969.365 90.00 90.1600 7.8 -0.158 -0.160
969.465 90.00 90.1400 8.3 -0.146 -0.071
969.566 90.00 90.1500 8.2 -0.147 -0.088
969.664 90.00 90.1500 7.9 -0.155 -0.143
969.765 90.00 90.1800 6.9 -0.177 -0.295
969.865 90.00 90.1500 8.2 -0.149 -0.095
969.964 90.00 90.1500 8.1 -0.150 -0.108
970.065 90.00 90.1500 8.2 -0.148 -0.097
970.164 90.00 90.1500 8.0 -0.151 -0.115
970.264 90.00 90.1600 7.4 -0.165 -0.216
970.364 90.00 90.1400 8.6 -0.137 -0.021
970.465 90.00 90.1400 8.4 -0.141 -0.053
970.564 90.00 90.1400 8.3 -0.144 -0.076
970.664 90.00 90.1400 8.2 -0.145 -0.092
970.765 90.00 90.1400 8.3 -0.142 -0.070
970.864 90.00 90.1400 8.3 -0.142 -0.073
970.965 90.00 90.1400 8.2 -0.144 -0.091
971.064 90.00 90.1400 8.2 -0.142 -0.081
971.164 90.00 90.1400 8.3 -0.140 -0.072
971.265 90.00 90.1400 8.1 -0.144 -0.104
971.364 90.00 90.1400 8.3 -0.140 -0.072
971.464 90.00 90.1400 8.2 -0.142 -0.092
971.564 90.00 90.1400 8.3 -0.139 -0.076
971.663 90.00 90.1400 8.2 -0.139 -0.079
971.764 90.00 90.1400 8.0 -0.144 -0.113
971.864 90.00 90.1400 8.1 -0.143 -0.108
971.963 90.00 90.1300 8.4 -0.135 -0.052
972.064 90.00 90.1300 8.4 -0.135 -0.056
972.163 90.00 90.1300 8.4 -0.135 -0.062
972.263 90.00 90.1300 8.4 -0.134 -0.056
972.364 90.00 90.1300 8.6 -0.129 -0.026
972.463 90.00 90.1300 8.3 -0.133 -0.062
972.563 90.00 90.0700 10.9 -0.074 0.350
972.663 90.00 90.1700 6.8 -0.166 -0.320
972.763 90.00 90.1300 8.3 -0.131 -0.062
972.864 90.00 90.1300 8.4 -0.129 -0.053
972.962 90.00 90.1200 8.6 -0.124 -0.020
973.063 90.00 90.1300 8.4 -0.128 -0.054
973.162 90.00 90.1200 8.6 -0.122 -0.018
973.263 90.00 90.1200 8.5 -0.123 -0.032
973.362 90.00 90.1200 8.4 -0.125 -0.047
973.462 90.00 90.1200 8.5 -0.122 -0.032
973.562 90.00 90.1200 8.5 -0.122 -0.037
973.662 90.00 90.1200 8.6 -0.120 -0.025
973.763 90.00 90.1100 8.9 -0.113 0.021
973.862 90.00 90.1200 8.6 -0.117 -0.017
973.962 90.00 90.1200 8.5 -0.118 -0.031
974.062 90.00 90.1200 8.5 -0.118 -0.036
974.162 90.00 90.1200 8.5 -0.117 -0.031
974.263 90.00 90.1100 8.7 -0.114 -0.010
974.363 90.00 90.1100 8.8 -0.111 0.005
974.461 90.00 90.1100 8.8 -0.109 0.013
974.562 90.00 90.1400 7.4 -0.140 -0.212
974.661 90.00 90.1000 8.9 -0.106 0.030
974.762 90.00 90.1100 8.8 -0.107 0.013
974.861 90.00 90.1000 9.0 -0.101 0.048
974.961 90.00 90.1000 8.8 -0.106 0.007
975.061 90.00 90.1100 8.6 -0.110 -0.024
975.161 90.00 90.1100 8.6 -0.109 -0.023
975.262 90.00 90.1000 8.7 -0.105 0.004
975.362 90.00 90.1000 8.8 -0.103 0.012
975.461 90.00 90.0900 9.2 -0.092 0.081
975.561 90.00 90.1200 8.1 -0.116 -0.098
975.661 90.00 90.0900 9.2 -0.092 0.073
975.762 90.00 90.0900 9.0 -0.094 0.049
975.862 90.00 90.1000 8.6 -0.103 -0.018
975.960 90.00 90.0900 8.9 -0.096 0.026
976.062 90.00 90.0900 9.2 -0.088 0.074
976.160 90.00 90.1100 8.1 -0.112 -0.099
976.260 90.00 90.0800 9.3 -0.083 0.101
976.361 90.00 90.0900 9.1 -0.088 0.056
976.459 90.00 90.0900 9.0 -0.089 0.042
976.561 90.00 90.0800 9.1 -0.084 0.070
976.660 90.00 90.0800 9.3 -0.079 0.099
976.760 90.00 90.0800 9.3 -0.078 0.093
976.861 90.00 90.0800 9.1 -0.080 0.070
976.959 90.00 90.0900 8.5 -0.094 -0.034
977.061 90.00 90.0700 9.6 -0.069 0.139
977.160 90.00 90.0900 8.6 -0.089 -0.011
977.260 90.00 90.0800 8.8 -0.085 0.012
977.361 90.00 90.0800 8.7 -0.086 0.002
977.460 90.00 90.0700 9.5 -0.067 0.127
977.560 90.00 90.0800 8.8 -0.081 0.019
977.659 90.00 90.0700 9.2 -0.073 0.071
977.760 90.00 90.0800 8.8 -0.079 0.024
977.860 90.00 90.0700 9.1 -0.072 0.069
977.959 90.00 90.0800 8.9 -0.077 0.026
978.059 90.00 90.0700 9.2 -0.070 0.072
978.159 90.00 90.0600 9.3 -0.065 0.095
978.260 90.00 90.0700 9.1 -0.069 0.060
978.359 90.00 90.0600 9.4 -0.061 0.109
978.459 90.00 90.0700 8.7 -0.075 0.005
978.559 90.00 90.0700 9.0 -0.069 0.043
978.659 90.00 90.0700 9.1 -0.066 0.056
978.760 90.00 90.0500 9.5 -0.055 0.132
978.859 90.00 90.0700 8.7 -0.073 -0.005
978.959 90.00 90.0500 9.4 -0.056 0.110
979.059 90.00 90.0500 9.5 -0.052 0.132
979.159 90.00 90.0600 9.2 -0.057 0.086
979.259 90.00 90.0600 9.1 -0.058 0.068
979.358 90.00 90.0500 9.2 -0.055 0.082
979.458 90.00 90.0500 9.4 -0.051 0.108
979.558 90.00 90.0300 10.1 -0.034 0.218
979.658 90.00 90.0600 8.9 -0.058 0.035
979.759 90.00 90.0400 9.6 -0.041 0.148
979.859 90.00 90.0500 9.1 -0.053 0.058
979.957 90.00 90.0400 9.5 -0.041 0.136
980.059 90.00 90.0400 9.6 -0.037 0.153
980.158 90.00 90.0400 9.2 -0.045 0.088
980.258 90.00 90.0400 9.5 -0.038 0.133
980.359 90.00 90.0500 8.8 -0.053 0.019
980.457 90.00 90.0500 8.8 -0.053 0.015
980.559 90.00 90.0400 9.3 -0.041 0.096
980.658 90.00 90.0400 9.2 -0.042 0.080
980.757 90.00 90.0200 10.0 -0.023 0.210
980.859 90.00 90.0300 9.4 -0.035 0.110
980.957 90.00 90.0200 10.0 -0.020 0.212
981.057 90.00 90.0300 9.6 -0.027 0.153
981.157 90.00 90.0200 9.7 -0.024 0.161
981.258 90.00 90.0300 9.5 -0.027 0.134
981.357 90.00 90.0200 9.6 -0.025 0.140
981.457 90.00 90.0200 9.6 -0.023 0.142
981.557 90.00 90.0200 9.7 -0.019 0.165
981.657 90.00 89.9700 11.7 0.027 0.479
981.758 90.00 90.0200 9.5 -0.018 0.138
981.857 90.00 90.0200 9.3 -0.022 0.103
981.957 90.00 90.0100 9.6 -0.016 0.138
982.058 90.00 90.0100 9.7 -0.012 0.160
982.157 90.00 90.0100 9.5 -0.015 0.127
982.257 90.00 90.0200 9.1 -0.023 0.066
982.357 90.00 90.0100 9.4 -0.016 0.112
982.456 90.00 90.0100 9.4 -0.015 0.110
982.556 90.00 90.0000 9.8 -0.004 0.180
982.656 90.00 90.0000 9.8 -0.002 0.188
982.757 90.00 90.0000 9.6 -0.006 0.150
982.856 90.00 90.0100 9.5 -0.007 0.132
982.956 90.00 90.0000 9.6 -0.005 0.141
983.057 90.00 90.0100 9.4 -0.009 0.110
983.155 90.00 90.0000 9.6 -0.003 0.144
983.257 90.00 90.0000 9.6 -0.001 0.148
983.356 90.00 90.0000 9.5 -0.003 0.129
983.456 90.00 90.0000 9.5 -0.001 0.137
983.557 90.00 89.9900 10.1 0.013 0.224
983.656 90.00 90.0000 9.6 0.004 0.150
983.756 90.00 90.0000 9.4 -0.001 0.108
983.857 90.00 90.0000 9.5 0.002 0.128
983.955 90.00 89.9600 11.0 0.039 0.379
984.056 90.00 90.0000 9.3 0.002 0.103
984.155 90.00 90.0000 9.2 0.000 0.085
984.255 90.00 89.9900 9.5 0.008 0.133
984.356 90.00 89.9900 9.5 0.008 0.129
984.455 90.00 89.9800 9.7 0.014 0.168
984.555 90.00 89.9800 9.7 0.015 0.162
984.655 90.00 89.9600 10.6 0.036 0.304
984.756 90.00 89.9900 9.2 0.007 0.085
984.856 90.00 89.9800 9.6 0.016 0.143
984.955 90.00 89.9800 9.7 0.018 0.156
985.055 90.00 90.0000 8.9 0.001 0.029
985.155 90.00 89.9800 9.6 0.017 0.141
985.255 90.00 89.9800 9.5 0.016 0.128
985.355 90.00 89.9800 9.6 0.019 0.140
985.454 90.00 89.9700 9.8 0.024 0.171
985.555 90.00 89.9800 9.6 0.022 0.150
985.654 90.00 89.9800 9.5 0.021 0.134
985.754 90.00 89.9800 9.5 0.022 0.135
985.854 90.00 89.9800 9.2 0.014 0.074
985.954 90.00 89.9800 9.5 0.022 0.130
986.055 90.00 89.9900 8.9 0.009 0.031
986.154 90.00 89.9800 9.4 0.020 0.109
986.254 90.00 89.9700 9.8 0.031 0.182
986.354 90.00 89.9600 10.0 0.036 0.205
986.454 90.00 89.9800 9.0 0.014 0.048
986.555 90.00 89.9700 9.6 0.029 0.145
986.655 90.00 89.9600 10.0 0.039 0.211
986.753 90.00 89.9700 9.7 0.034 0.166
986.854 90.00 89.9600 9.8 0.036 0.176
986.953 90.00 89.9700 9.5 0.031 0.134
987.054 90.00 89.9600 9.6 0.034 0.149
987.153 90.00 89.9600 9.8 0.038 0.175
987.253 90.00 89.9600 9.6 0.035 0.143
987.354 90.00 89.9700 9.2 0.027 0.084
987.453 90.00 89.9600 9.6 0.036 0.146
987.554 90.00 89.9600 9.6 0.036 0.139
987.653 90.00 89.9700 9.4 0.033 0.114
987.753 90.00 89.9500 10.0 0.047 0.207
987.854 90.00 89.9600 9.5 0.038 0.135
987.953 90.00 89.9600 9.5 0.039 0.134
988.053 90.00 89.9500 10.0 0.051 0.216
988.154 90.00 89.9500 9.7 0.045 0.164
988.253 90.00 89.9500 9.8 0.047 0.177
988.353 90.00 89.9600 9.5 0.042 0.134
988.452 90.00 89.9600 9.5 0.041 0.123
988.552 90.00 89.9500 9.7 0.047 0.160
988.653 90.00 89.9500 9.6 0.045 0.140
988.752 90.00 89.9500 9.7 0.049 0.159
988.852 90.00 89.9600 9.3 0.041 0.103
988.952 90.00 89.9600 9.1 0.036 0.065
989.053 90.00 89.9400 9.9 0.055 0.193
989.152 90.00 89.9600 9.1 0.037 0.064
989.252 90.00 89.9600 9.3 0.043 0.104
989.353 90.00 89.9600 9.3 0.044 0.104
989.452 90.00 89.9600 9.2 0.041 0.085
989.553 90.00 89.9400 9.8 0.055 0.177
989.652 90.00 89.9500 9.6 0.052 0.150
989.752 90.00 89.9400 9.8 0.057 0.180
989.852 90.00 89.9600 9.1 0.040 0.059
989.951 90.00 89.9500 9.4 0.048 0.108
990.052 90.00 89.9500 9.2 0.045 0.085
990.151 90.00 89.9500 9.3 0.046 0.095
990.251 90.00 89.9500 9.5 0.051 0.125
990.352 90.00 89.9200 10.8 0.081 0.332
990.451 90.00 89.9400 9.8 0.060 0.173
990.552 90.00 89.9700 8.3 0.027 -0.068
990.651 90.00 89.9500 9.4 0.052 0.111
990.751 90.00 89.9200 10.7 0.082 0.322
990.852 90.00 89.9500 9.3 0.051 0.091
990.951 90.00 89.9400 9.5 0.056 0.127
991.052 90.00 89.9600 8.9 0.044 0.036
991.151 90.00 89.9500 9.3 0.052 0.095
991.251 90.00 89.9400 9.7 0.061 0.155
991.352 90.00 89.9400 9.5 0.057 0.124
991.449 90.00 89.9500 9.3 0.053 0.092
991.551 90.00 89.9400 9.4 0.058 0.121
991.650 90.00 89.9400 9.7 0.063 0.158
991.750 90.00 89.9400 9.5 0.060 0.128
991.852 90.00 89.9300 9.8 0.067 0.177
991.950 90.00 89.9400 9.3 0.056 0.093
992.050 90.00 89.9300 9.8 0.068 0.173
992.151 90.00 89.9400 9.5 0.062 0.127
992.250 90.00 89.9200 10.0 0.074 0.209
992.350 90.00 89.9300 9.8 0.070 0.172
992.450 90.00 89.9400 9.3 0.059 0.089
992.550 90.00 89.9200 9.9 0.074 0.199
992.650 90.00 89.9300 9.5 0.065 0.129
992.750 90.00 89.9300 9.5 0.065 0.125
992.850 90.00 89.9300 9.6 0.067 0.135
992.950 90.00 89.9300 9.4 0.064 0.112
993.050 90.00 89.9300 9.7 0.072 0.164
993.149 90.00 89.9200 9.8 0.074 0.175
993.249 90.00 89.9300 9.6 0.070 0.141
993.350 90.00 89.8900 11.3 0.109 0.412
993.449 90.00 89.9300 9.4 0.069 0.115
993.550 90.00 89.9300 9.6 0.073 0.138
993.649 90.00 89.9300 9.3 0.067 0.096
993.749 90.00 89.8800 11.4 0.115 0.429
993.850 90.00 89.9300 9.3 0.070 0.099
993.948 90.00 89.9300 9.3 0.070 0.094
994.050 90.00 89.9300 9.3 0.070 0.093
994.149 90.00 89.9200 9.5 0.075 0.132
994.249 90.00 89.9200 9.8 0.082 0.177
994.350 90.00 89.9200 9.4 0.074 0.115
994.449 90.00 89.9200 9.5 0.075 0.123
994.549 90.00 89.9200 9.7 0.081 0.157
994.649 90.00 89.9100 9.9 0.087 0.194
994.748 90.00 89.9100 9.8 0.084 0.172
994.849 90.00 89.9200 9.7 0.082 0.150
994.947 90.00 89.9200 9.3 0.074 0.097
995.049 90.00 89.9100 10.0 0.091 0.210
995.148 90.00 89.9000 10.5 0.102 0.281
995.248 90.00 89.9000 10.3 0.099 0.255
995.349 90.00 89.9000 10.1 0.096 0.226
995.447 90.00 89.9000 10.1 0.096 0.218
995.549 90.00 89.9000 10.1 0.098 0.226
995.648 90.00 89.9000 10.3 0.103 0.256
995.748 90.00 89.8900 10.3 0.104 0.253
995.849 90.00 89.9000 10.1 0.101 0.224
995.948 90.00 89.8900 10.6 0.114 0.307
996.048 90.00 89.8900 10.4 0.111 0.276
996.149 90.00 89.8800 10.5 0.114 0.294
996.247 90.00 89.8800 10.7 0.118 0.314
996.347 90.00 89.8800 10.5 0.116 0.288
996.447 90.00 89.8800 10.5 0.117 0.288
996.548 90.00 89.8700 10.8 0.125 0.335
996.647 90.00 89.8700 10.7 0.125 0.323
996.747 90.00 89.8700 10.9 0.132 0.359
996.848 90.00 89.8600 11.1 0.136 0.378
996.947 90.00 89.8600 10.9 0.134 0.354
997.048 90.00 89.8500 11.6 0.152 0.465
997.147 90.00 89.8600 10.9 0.138 0.352
997.247 90.00 89.8600 11.1 0.143 0.378
997.348 90.00 89.8900 9.6 0.110 0.132
997.447 90.00 89.8400 11.5 0.154 0.441
997.547 90.00 89.8500 11.1 0.147 0.376
997.647 90.00 89.8400 11.5 0.159 0.448
997.746 90.00 89.8500 11.1 0.151 0.382
997.847 90.00 89.8400 11.3 0.157 0.411
997.946 90.00 89.8400 11.4 0.162 0.433
998.046 90.00 89.8300 11.7 0.170 0.473
998.147 90.00 89.8300 11.4 0.166 0.434
998.246 90.00 89.8300 11.7 0.173 0.471
998.347 90.00 89.8300 11.4 0.170 0.433
998.446 90.00 89.8300 11.3 0.170 0.417
998.546 90.00 89.8200 11.4 0.174 0.434
998.647 90.00 89.7700 13.8 0.231 0.822
998.746 90.00 89.7700 13.4 0.226 0.755
998.847 90.00 89.8200 11.4 0.184 0.433
998.946 90.00 89.8100 11.4 0.186 0.437
999.045 90.00 89.8200 11.2 0.182 0.398
999.146 90.00 89.8100 11.5 0.190 0.443
999.244 90.00 89.8100 11.4 0.189 0.425
999.346 90.00 89.7900 12.1 0.208 0.542
999.445 90.00 89.8000 11.6 0.198 0.457
999.545 90.00 89.8100 11.2 0.192 0.403
999.646 90.00 89.8000 11.4 0.198 0.436
999.745 90.00 89.7900 11.7 0.206 0.479
999.846 90.00 89.7900 11.7 0.207 0.470
999.946 90.00 89.7900 11.6 0.207 0.455
1000.045 90.00 89.7900 11.5 0.206 0.441
1000.146 90.00 89.8000 11.3 0.204 0.410
1000.245 90.00 89.7900 11.6 0.211 0.452
1000.345 90.00 89.8200 10.2 0.180 0.224
1000.446 90.00 89.7800 11.6 0.214 0.460
1000.544 90.00 89.7900 11.4 0.212 0.430
1000.646 90.00 89.7800 11.7 0.219 0.466
1000.744 90.00 89.7600 12.5 0.239 0.600
1000.845 90.00 89.7900 11.2 0.214 0.402
1000.945 90.00 89.7700 11.7 0.225 0.474
1001.043 90.00 89.7800 11.3 0.219 0.416
1001.145 90.00 89.7800 11.2 0.217 0.392
1001.243 90.00 89.7800 11.3 0.221 0.415
1001.345 90.00 89.7800 11.1 0.216 0.367
1001.445 90.00 89.7800 11.1 0.219 0.382
1001.544 90.00 89.7900 10.8 0.213 0.332
1001.645 90.00 89.7700 11.3 0.225 0.408
1001.743 90.00 89.7800 11.2 0.223 0.386
1001.845 90.00 89.8000 10.2 0.201 0.227
1001.945 90.00 89.7800 10.9 0.218 0.343
1002.044 90.00 89.7700 11.3 0.228 0.404
1002.145 90.00 89.7800 11.0 0.223 0.359
1002.242 90.00 89.7700 11.3 0.230 0.401
1002.344 90.00 89.7700 11.1 0.227 0.374
1002.443 90.00 89.7600 11.4 0.235 0.425
1002.543 90.00 89.7700 11.1 0.228 0.367
1002.644 90.00 89.7700 10.9 0.225 0.339
1002.743 90.00 89.7700 11.1 0.230 0.368
1002.844 90.00 89.7700 10.8 0.225 0.321
1002.943 90.00 89.7700 11.0 0.230 0.356
1003.043 90.00 89.7700 10.7 0.225 0.313
1003.143 90.00 89.7700 10.9 0.229 0.335
1003.243 90.00 89.7600 11.5 0.243 0.430
1003.344 90.00 89.7700 10.9 0.232 0.341
1003.443 90.00 89.7800 10.4 0.220 0.254
1003.543 90.00 89.7700 10.6 0.226 0.290
1003.643 90.00 89.7700 10.5 0.224 0.276
1003.742 90.00 89.7700 10.9 0.233 0.333
1003.843 90.00 89.7700 10.8 0.231 0.319
1003.943 90.00 89.7700 10.7 0.229 0.298
1004.041 90.00 89.7700 10.8 0.232 0.315
1004.143 90.00 89.7700 10.4 0.224 0.259
1004.242 90.00 89.7700 10.6 0.229 0.288
1004.343 90.00 89.7700 10.6 0.228 0.282
1004.443 90.00 89.7700 10.4 0.225 0.257
1004.542 90.00 89.7600 10.8 0.235 0.322
1004.643 90.00 89.7700 10.7 0.232 0.297
1004.741 90.00 89.7700 10.4 0.227 0.263
1004.843 90.00 89.7700 10.5 0.229 0.272
1004.942 90.00 89.7700 10.3 0.225 0.243
1005.042 90.00 89.7800 10.2 0.223 0.231
1005.143 90.00 89.7700 10.6 0.230 0.279
1005.240 90.00 89.7700 10.4 0.227 0.252
1005.342 90.00 89.7700 10.3 0.226 0.244
1005.441 90.00 89.7700 10.5 0.230 0.274
1005.541 90.00 89.7800 9.9 0.215 0.166
1005.641 90.00 89.8200 8.5 0.183 -0.057
1005.741 90.00 89.7700 10.3 0.224 0.245
1005.842 90.00 89.7900 9.8 0.211 0.152
1005.941 90.00 89.7700 10.6 0.231 0.292
1006.041 90.00 89.7700 10.3 0.224 0.241
1006.141 90.00 89.7300 12.2 0.267 0.544
1006.241 90.00 89.7800 10.2 0.222 0.215
1006.342 90.00 89.7800 10.0 0.218 0.184
1006.441 90.00 89.7700 10.4 0.228 0.255
1006.541 90.00 89.7800 10.0 0.219 0.194
1006.641 90.00 89.7800 9.9 0.217 0.177
1006.741 90.00 89.7800 10.2 0.222 0.216
1006.841 90.00 89.7800 10.2 0.222 0.217
1006.940 90.00 89.7800 10.2 0.223 0.225
1007.040 90.00 89.7900 9.8 0.213 0.157
1007.141 90.00 89.7800 10.2 0.221 0.216
1007.239 90.00 89.7800 10.0 0.216 0.179
1007.341 90.00 89.7800 10.0 0.217 0.184
1007.440 90.00 89.7900 9.5 0.206 0.110
1007.540 90.00 89.7900 9.9 0.213 0.164
1007.641 90.00 89.7900 9.8 0.211 0.152
1007.740 90.00 89.7900 9.8 0.211 0.155
1007.841 90.00 89.7900 9.8 0.210 0.153
1007.941 90.00 89.7900 9.9 0.212 0.172
1008.039 90.00 89.7900 9.7 0.207 0.140
1008.141 90.00 89.8000 9.4 0.200 0.094
1008.240 90.00 89.7900 9.9 0.210 0.165
1008.339 90.00 89.8000 9.3 0.196 0.067
1008.441 90.00 89.8000 9.3 0.196 0.074
1008.538 90.00 89.8000 9.3 0.194 0.070
1008.640 90.00 89.8000 9.4 0.196 0.086
1008.739 90.00 89.8000 9.6 0.199 0.116
1008.840 90.00 89.8100 9.1 0.186 0.031
1008.939 90.00 89.8100 9.2 0.189 0.059
1009.039 90.00 89.8100 9.2 0.187 0.052
1009.140 90.00 89.8000 9.6 0.195 0.110
1009.239 90.00 89.8100 9.4 0.192 0.094
1009.340 90.00 89.8200 9.1 0.182 0.033
1009.439 90.00 89.8200 9.0 0.180 0.026
1009.539 90.00 89.8200 9.1 0.180 0.034
1009.640 90.00 89.8600 7.3 0.138 -0.251
1009.739 90.00 89.8000 9.9 0.196 0.169
1009.839 90.00 89.8300 8.9 0.172 0.002
1009.939 90.00 89.8300 8.7 0.167 -0.025
1010.038 90.00 89.8300 8.7 0.166 -0.022
1010.138 90.00 89.8300 8.9 0.167 -0.003
1010.239 90.00 89.8300 8.9 0.168 0.009
1010.338 90.00 89.8300 9.2 0.172 0.046
1010.438 90.00 89.8400 8.6 0.158 -0.044
1010.538 90.00 89.8400 8.6 0.155 -0.053
1010.638 90.00 89.8400 8.7 0.157 -0.032
1010.739 90.00 89.8500 8.6 0.152 -0.055
1010.838 90.00 89.8600 7.9 0.136 -0.157
1010.939 90.00 89.9000 6.6 0.103 -0.372
1011.038 90.00 89.8500 8.5 0.144 -0.064
1011.138 90.00 89.8700 8.0 0.131 -0.143
1011.239 90.00 89.8700 8.0 0.129 -0.143
1011.337 90.00 89.8600 8.4 0.136 -0.079
1011.439 90.00 89.8700 8.3 0.133 -0.094
1011.537 90.00 89.8800 7.9 0.122 -0.156
1011.637 90.00 89.8600 8.7 0.137 -0.038
1011.738 90.00 89.8700 8.4 0.130 -0.076
1011.837 90.00 89.8700 8.4 0.128 -0.081
1011.938 90.00 89.8700 8.4 0.128 -0.073
1012.037 90.00 89.8800 8.1 0.119 -0.123
1012.138 90.00 89.8800 8.2 0.118 -0.117
1012.237 90.00 89.8900 8.0 0.113 -0.141
1012.337 90.00 89.9000 7.6 0.101 -0.212
1012.437 90.00 89.8900 8.0 0.109 -0.145
1012.537 90.00 89.8900 8.0 0.107 -0.142
1012.638 90.00 89.9000 7.8 0.099 -0.185
1012.738 90.00 89.8900 8.1 0.104 -0.136
1012.836 90.00 89.8900 8.2 0.105 -0.117
1012.937 90.00 89.9000 8.0 0.100 -0.144
1013.036 90.00 89.9100 7.7 0.091 -0.191
1013.137 90.00 89.9200 7.3 0.080 -0.259
1013.236 90.00 89.9100 7.7 0.086 -0.197
1013.336 90.00 89.9300 7.1 0.071 -0.288
1013.436 90.00 89.9200 7.6 0.080 -0.205
1013.536 90.00 89.9200 7.5 0.074 -0.234
1013.636 90.00 89.9300 7.4 0.070 -0.246
1013.737 90.00 89.9300 7.3 0.067 -0.254
1013.836 90.00 89.9300 7.5 0.069 -0.221
1013.937 90.00 89.9400 7.2 0.059 -0.280
1014.036 90.00 89.9100 8.6 0.088 -0.057
1014.136 90.00 89.9800 5.6 0.019 -0.531
1014.237 90.00 89.9400 7.5 0.059 -0.223
1014.335 90.00 89.9400 7.5 0.056 -0.231
1014.437 90.00 89.9400 7.6 0.056 -0.216
1014.535 90.00 89.9500 7.5 0.053 -0.223
1014.636 90.00 89.9600 7.1 0.042 -0.291
1014.736 90.00 89.9600 7.0 0.038 -0.303
1014.834 90.00 89.9700 6.9 0.033 -0.319
1014.936 90.00 89.9000 9.9 0.100 0.168
1015.034 90.00 89.9600 7.1 0.034 -0.298
1015.136 90.00 89.9700 7.0 0.031 -0.302
1015.236 90.00 89.9700 7.2 0.033 -0.271
1015.334 90.00 89.9600 7.4 0.034 -0.246
1015.436 90.00 89.9700 7.2 0.028 -0.277
1015.534 90.00 89.9200 9.6 0.080 0.104
1015.636 90.00 89.9800 6.8 0.016 -0.347
1015.736 90.00 89.9800 7.0 0.019 -0.308
1015.835 90.00 89.9900 6.8 0.012 -0.338
1015.935 90.00 89.9900 6.7 0.008 -0.353
1016.034 90.00 89.9900 7.0 0.010 -0.318
1016.134 90.00 89.9900 7.0 0.010 -0.304
1016.235 90.00 90.0300 5.3 -0.032 -0.584
1016.333 90.00 89.9900 7.2 0.006 -0.284
1016.435 90.00 90.0000 6.9 -0.001 -0.323
1016.533 90.00 90.0000 7.1 0.002 -0.288
1016.635 90.00 89.9800 8.1 0.021 -0.136
1016.735 90.00 90.0200 6.4 -0.018 -0.406
1016.833 90.00 90.0200 6.5 -0.018 -0.384
1016.935 90.00 90.0100 6.8 -0.014 -0.335
1017.033 90.00 90.0000 7.3 -0.006 -0.263
1017.135 90.00 90.0100 6.9 -0.016 -0.322
1017.235 90.00 90.0200 7.0 -0.017 -0.315
1017.334 90.00 90.0200 6.8 -0.024 -0.347
1017.435 90.00 90.0200 7.0 -0.021 -0.313
1017.533 90.00 90.0200 6.9 -0.025 -0.325
1017.634 90.00 90.0400 6.4 -0.040 -0.413
1017.733 90.00 90.0300 6.7 -0.035 -0.360
1017.833 90.00 90.0300 6.8 -0.034 -0.334
1017.933 90.00 90.0300 6.9 -0.034 -0.322
1018.033 90.00 90.0300 7.0 -0.035 -0.318
1018.134 90.00 90.0400 6.9 -0.038 -0.320
1018.233 90.00 90.0400 7.0 -0.039 -0.312
1018.333 90.00 90.0400 6.8 -0.045 -0.339
1018.433 90.00 90.0500 6.8 -0.047 -0.339
1018.533 90.00 90.0500 6.8 -0.050 -0.349
1018.633 90.00 90.0500 7.0 -0.047 -0.311
1018.734 90.00 90.0500 7.1 -0.047 -0.299
1018.833 90.00 90.0600 6.6 -0.059 -0.368
1018.934 90.00 90.0800 5.8 -0.080 -0.499
1019.033 90.00 90.0600 6.8 -0.061 -0.350
1019.132 90.00 90.0600 6.9 -0.060 -0.325
1019.234 90.00 90.0600 6.8 -0.065 -0.349
1019.331 90.00 90.0600 7.0 -0.063 -0.317
1019.433 90.00 90.0600 6.9 -0.065 -0.323
1019.532 90.00 90.0700 6.8 -0.070 -0.342
1019.633 90.00 90.0800 6.5 -0.078 -0.389
1019.733 90.00 90.0700 6.8 -0.074 -0.346
1019.832 90.00 90.0900 6.0 -0.095 -0.478
1019.932 90.00 90.0800 6.7 -0.080 -0.351
1020.032 90.00 90.0600 7.6 -0.062 -0.214
1020.133 90.00 90.1000 6.0 -0.100 -0.473
1020.233 90.00 90.0800 6.8 -0.083 -0.335
1020.332 90.00 90.0800 7.1 -0.080 -0.296
1020.432 90.00 90.0800 6.9 -0.085 -0.324
1020.532 90.00 90.0900 6.7 -0.091 -0.351
1020.631 90.00 90.0900 6.9 -0.090 -0.331
1020.733 90.00 90.1000 6.6 -0.098 -0.376
1020.831 90.00 90.1000 6.6 -0.100 -0.376
1020.931 90.00 90.1000 6.6 -0.102 -0.377
1021.031 90.00 90.1100 6.4 -0.109 -0.411
1021.131 90.00 90.1200 6.0 -0.118 -0.463
1021.232 90.00 90.1100 6.7 -0.107 -0.365
1021.331 90.00 90.1200 6.3 -0.117 -0.426
1021.432 90.00 90.1100 6.6 -0.113 -0.377
1021.531 90.00 90.1000 6.9 -0.106 -0.316
1021.631 90.00 90.1100 6.7 -0.113 -0.359
1021.732 90.00 90.1200 6.3 -0.123 -0.414
1021.830 90.00 90.1200 6.3 -0.125 -0.414
1021.932 90.00 90.1200 6.8 -0.116 -0.340
1022.031 90.00 90.1200 6.5 -0.125 -0.387
1022.130 90.00 90.1200 6.8 -0.120 -0.343
1022.232 90.00 90.1400 6.0 -0.140 -0.468
1022.329 90.00 90.1300 6.5 -0.130 -0.381
1022.431 90.00 90.1300 6.5 -0.133 -0.388
1022.530 90.00 90.1700 4.7 -0.176 -0.680
1022.630 90.00 90.1400 6.3 -0.142 -0.414
1022.731 90.00 90.1400 6.4 -0.143 -0.409
1022.829 90.00 90.1400 6.4 -0.143 -0.396
1022.931 90.00 90.0900 8.7 -0.092 -0.027
1023.030 90.00 90.1400 6.4 -0.146 -0.407
1023.130 90.00 90.1700 5.5 -0.169 -0.552
1023.230 90.00 90.1500 6.5 -0.147 -0.383
1023.327 90.00 90.1600 6.0 -0.162 -0.474
1023.429 90.00 90.1500 6.5 -0.151 -0.384
1023.528 90.00 90.1400 6.8 -0.146 -0.336
1023.626 90.00 90.1400 6.9 -0.146 -0.325
1023.728 90.00 90.1600 6.2 -0.163 -0.438
1023.826 90.00 90.1600 6.4 -0.160 -0.404
1023.927 90.00 90.1600 6.5 -0.160 -0.388
1024.025 90.00 90.1700 6.0 -0.174 -0.474
1024.125 90.00 90.1700 6.2 -0.170 -0.430
1024.225 90.00 90.1600 6.6 -0.163 -0.375
1024.324 90.00 90.1600 6.5 -0.165 -0.376
1024.425 90.00 90.1800 6.1 -0.177 -0.446
1024.523 90.00 90.1600 6.7 -0.166 -0.358
1024.623 90.00 90.1600 6.8 -0.165 -0.341
1024.724 90.00 90.1800 6.3 -0.177 -0.413
1024.822 90.00 90.1800 6.1 -0.182 -0.442
1024.922 90.00 90.1800 6.4 -0.178 -0.396
1025.021 90.00 90.1800 6.3 -0.181 -0.408
1025.121 90.00 90.1800 6.3 -0.184 -0.420
1025.222 90.00 90.1900 6.1 -0.189 -0.442
1025.320 90.00 90.1800 6.5 -0.182 -0.383
1025.420 90.00 90.1900 6.2 -0.191 -0.434
1025.521 90.00 90.1800 6.5 -0.185 -0.381
1025.618 90.00 90.1800 6.5 -0.186 -0.376
1025.720 90.00 90.2000 6.0 -0.199 -0.455
1025.818 90.00 90.1900 6.3 -0.194 -0.407
1025.918 90.00 90.2000 6.2 -0.198 -0.425
1026.019 90.00 90.1900 6.6 -0.191 -0.370
1026.116 90.00 90.1900 6.6 -0.193 -0.370
1026.218 90.00 90.2000 6.4 -0.198 -0.394
1026.316 90.00 90.2000 6.3 -0.200 -0.405
1026.416 90.00 90.2000 6.4 -0.201 -0.402
1026.517 90.00 90.2000 6.5 -0.200 -0.379
1026.614 90.00 90.2000 6.4 -0.202 -0.390
1026.716 90.00 90.2000 6.7 -0.197 -0.343
1026.814 90.00 90.2000 6.7 -0.199 -0.350
1026.914 90.00 90.2000 6.7 -0.200 -0.352
1027.015 90.00 90.2100 6.5 -0.207 -0.389
1027.113 90.00 90.2100 6.5 -0.207 -0.381
1027.213 90.00 90.2000 6.8 -0.201 -0.333
1027.313 90.00 90.2000 6.9 -0.200 -0.318
1027.412 90.00 90.2000 6.9 -0.201 -0.318
1027.513 90.00 90.2100 6.6 -0.209 -0.366
1027.611 90.00 90.2000 6.9 -0.203 -0.316
1027.711 90.00 90.2100 6.6 -0.210 -0.364
1027.812 90.00 90.2000 6.9 -0.205 -0.321
1027.910 90.00 90.2000 7.0 -0.203 -0.298
1028.010 90.00 90.2100 6.7 -0.210 -0.345
1028.110 90.00 90.2000 6.9 -0.206 -0.307
1028.208 90.00 90.2000 7.1 -0.202 -0.275
1028.310 90.00 90.2100 6.9 -0.208 -0.313
1028.408 90.00 90.2100 6.6 -0.215 -0.359
1028.508 90.00 90.2000 7.1 -0.204 -0.276
1028.608 90.00 90.2200 6.3 -0.224 -0.409
1028.706 90.00 90.2100 6.8 -0.213 -0.322
1028.808 90.00 90.2200 6.4 -0.224 -0.396
1028.906 90.00 90.2000 7.3 -0.205 -0.252
1029.006 90.00 90.2200 6.5 -0.222 -0.371
1029.107 90.00 90.2200 6.6 -0.222 -0.360
1029.204 90.00 90.2200 6.8 -0.218 -0.326
1029.306 90.00 90.1800 8.3 -0.184 -0.085
1029.405 90.00 90.2100 7.1 -0.211 -0.281
1029.504 90.00 90.2000 7.6 -0.200 -0.197
1029.605 90.00 90.2100 7.1 -0.211 -0.273
1029.703 90.00 90.2100 7.0 -0.214 -0.296
1029.804 90.00 90.2000 7.8 -0.196 -0.165
1029.902 90.00 90.2100 7.1 -0.211 -0.272
1030.002 90.00 90.2200 6.8 -0.219 -0.319
1030.103 90.00 90.2200 6.6 -0.226 -0.364
1030.200 90.00 90.2200 6.8 -0.221 -0.324
1030.302 90.00 90.2100 7.0 -0.216 -0.285
1030.400 90.00 90.2200 6.9 -0.219 -0.302
1030.500 90.00 90.2200 7.1 -0.217 -0.282
1030.601 90.00 90.2100 7.3 -0.211 -0.237
1030.698 90.00 90.2200 6.8 -0.223 -0.320
1030.800 90.00 90.2100 7.2 -0.215 -0.263
1030.898 90.00 90.2200 6.8 -0.226 -0.331
1030.998 90.00 90.2100 7.4 -0.211 -0.224
1031.099 90.00 90.2200 7.2 -0.216 -0.260
1031.197 90.00 90.2300 6.6 -0.230 -0.353
1031.298 90.00 90.2300 6.7 -0.229 -0.342
1031.398 90.00 90.2100 7.4 -0.213 -0.226
1031.496 90.00 90.2200 7.1 -0.220 -0.270
1031.597 90.00 90.2200 7.0 -0.224 -0.297
1031.695 90.00 90.2200 7.0 -0.223 -0.290
1031.795 90.00 90.2200 7.0 -0.223 -0.283
1031.896 90.00 90.2200 7.3 -0.216 -0.233
1031.994 90.00 90.2200 7.3 -0.216 -0.232
1032.094 90.00 90.2200 7.3 -0.218 -0.244
1032.194 90.00 90.2200 7.1 -0.222 -0.274
1032.292 90.00 90.2200 7.3 -0.217 -0.232
1032.394 90.00 90.2100 7.6 -0.212 -0.198
1032.492 90.00 90.2200 7.3 -0.217 -0.235
1032.593 90.00 90.2200 7.0 -0.224 -0.280
1032.692 90.00 90.2100 7.6 -0.211 -0.188
1032.790 90.00 90.2100 7.8 -0.208 -0.166
1032.892 90.00 90.2200 7.3 -0.218 -0.239
1032.990 90.00 90.2100 7.6 -0.212 -0.193
1033.091 90.00 90.2100 7.5 -0.214 -0.210
1033.190 90.00 90.2100 7.4 -0.215 -0.222
1033.288 90.00 90.2100 7.7 -0.208 -0.172
1033.390 90.00 90.2200 7.1 -0.222 -0.269
1033.489 90.00 90.2100 7.8 -0.207 -0.165
1033.588 90.00 90.2100 7.6 -0.211 -0.191
1033.689 90.00 90.2100 7.6 -0.210 -0.186
1033.786 90.00 90.1600 9.8 -0.159 0.171
1033.888 90.00 90.2100 7.4 -0.212 -0.220
1033.987 90.00 90.2200 7.2 -0.218 -0.257
1034.085 90.00 90.2100 7.3 -0.216 -0.240
1034.187 90.00 90.2000 7.9 -0.201 -0.137
1034.284 90.00 90.2100 7.4 -0.212 -0.220
1034.386 90.00 90.2100 7.4 -0.212 -0.217
1034.485 90.00 90.2100 7.6 -0.208 -0.186
1034.583 90.00 90.2100 7.6 -0.208 -0.193
1034.685 90.00 90.2000 7.7 -0.205 -0.172
1034.782 90.00 90.2100 7.6 -0.208 -0.194
1034.884 90.00 90.2000 7.7 -0.205 -0.171
1034.983 90.00 90.2100 7.6 -0.207 -0.190
1035.082 90.00 90.2200 7.2 -0.217 -0.259
1035.183 90.00 90.2000 7.8 -0.201 -0.147
1035.280 90.00 90.1900 8.2 -0.192 -0.087
1035.382 90.00 90.2000 8.0 -0.198 -0.128
1035.482 90.00 90.2000 7.9 -0.198 -0.135
1035.579 90.00 90.2800 4.2 -0.282 -0.729
1035.681 90.00 90.1800 8.6 -0.186 -0.030
1035.780 90.00 90.1900 8.4 -0.187 -0.049
1035.879 90.00 90.1800 8.8 -0.178 0.010
1035.980 90.00 90.1900 8.1 -0.193 -0.107
1036.078 90.00 90.1700 8.9 -0.173 0.028
1036.178 90.00 90.1800 8.5 -0.181 -0.037
1036.278 90.00 90.1800 8.4 -0.182 -0.049
1036.376 90.00 90.1900 8.1 -0.190 -0.111
1036.478 90.00 90.1700 9.0 -0.168 0.041
1036.576 90.00 90.1800 8.5 -0.177 -0.032
1036.676 90.00 90.1700 8.6 -0.174 -0.023
1036.776 90.00 90.1700 8.6 -0.174 -0.027
1036.874 90.00 90.1700 8.6 -0.172 -0.024
1036.976 90.00 90.1700 8.7 -0.169 -0.009
1037.074 90.00 90.1800 7.9 -0.186 -0.134
1037.175 90.00 90.1700 8.5 -0.172 -0.038
1037.274 90.00 90.1700 8.4 -0.172 -0.050
1037.372 90.00 90.1700 8.3 -0.175 -0.075
1037.474 90.00 90.1700 8.3 -0.173 -0.063
1037.572 90.00 90.1700 8.4 -0.170 -0.046
1037.672 90.00 90.1600 8.9 -0.158 0.025
1037.773 90.00 90.1600 8.6 -0.164 -0.025
1037.870 90.00 90.1500 9.0 -0.153 0.049
1037.972 90.00 90.1500 9.2 -0.147 0.080
1038.070 90.00 90.1600 8.4 -0.163 -0.046
1038.170 90.00 90.1400 9.3 -0.143 0.090
1038.271 90.00 90.1600 8.6 -0.156 -0.016
1038.368 90.00 90.1500 8.7 -0.153 0.004
1038.470 90.00 90.1600 8.4 -0.159 -0.047
1038.568 90.00 90.1500 8.6 -0.153 -0.014
1038.668 90.00 90.1500 8.8 -0.148 0.017
1038.769 90.00 90.1300 9.3 -0.135 0.095
1038.866 90.00 90.1400 8.8 -0.145 0.014
1038.968 90.00 90.1400 8.9 -0.143 0.025
1039.066 90.00 90.1400 9.0 -0.138 0.049
1039.166 90.00 90.1500 8.5 -0.149 -0.036
1039.267 90.00 90.1400 8.9 -0.139 0.026
1039.364 90.00 90.1400 8.9 -0.138 0.026
1039.466 90.00 90.1400 8.5 -0.146 -0.035
1039.564 90.00 90.1400 8.8 -0.138 0.013
1039.664 90.00 90.1400 8.7 -0.138 0.002
1039.765 90.00 90.1400 8.7 -0.139 -0.008
1039.864 90.00 90.1200 9.2 -0.126 0.076
1039.963 90.00 90.1300 8.9 -0.132 0.026
1040.064 90.00 90.1400 8.4 -0.142 -0.056
1040.161 90.00 90.1300 8.8 -0.133 0.007
1040.263 90.00 90.1300 8.7 -0.133 -0.002
1040.362 90.00 90.1300 8.6 -0.135 -0.023
1040.460 90.00 90.1300 8.6 -0.133 -0.012
1040.562 90.00 90.1300 8.6 -0.132 -0.011
1040.659 90.00 90.1100 9.3 -0.116 0.091
1040.761 90.00 90.1300 8.7 -0.128 -0.000
1040.860 90.00 90.1300 8.5 -0.132 -0.034
1040.959 90.00 90.1200 9.0 -0.119 0.052
1041.060 90.00 90.1300 8.4 -0.133 -0.054
1041.157 90.00 90.1200 9.0 -0.117 0.052
1041.259 90.00 90.1200 8.7 -0.122 0.005
1041.357 90.00 90.1100 9.0 -0.115 0.052
1041.457 90.00 90.1300 8.4 -0.127 -0.044
1041.558 90.00 90.1200 8.8 -0.117 0.024
1041.655 90.00 90.1200 8.6 -0.121 -0.013
1041.756 90.00 90.0900 10.1 -0.087 0.220
1041.855 90.00 90.1200 8.6 -0.120 -0.023
1041.955 90.00 90.1100 9.1 -0.107 0.060
1042.056 90.00 90.1000 9.1 -0.105 0.068
1042.154 90.00 90.1100 8.9 -0.109 0.027
1042.254 90.00 90.1100 8.8 -0.110 0.015
1042.354 90.00 90.1000 9.1 -0.101 0.073
1042.453 90.00 90.1000 8.9 -0.105 0.039
1042.554 90.00 90.1000 8.9 -0.105 0.027
1042.652 90.00 90.0900 9.5 -0.089 0.134
1042.752 90.00 90.1000 9.0 -0.099 0.055
1042.852 90.00 90.0900 9.1 -0.096 0.066
1042.951 90.00 90.1000 9.0 -0.098 0.046
1043.052 90.00 90.0900 9.2 -0.091 0.083
1043.150 90.00 90.1000 8.6 -0.104 -0.012
1043.250 90.00 90.1000 8.5 -0.106 -0.030
1043.351 90.00 90.1000 8.6 -0.102 -0.011
1043.448 90.00 90.0900 8.9 -0.095 0.039
1043.550 90.00 90.1000 8.7 -0.099 0.004
1043.648 90.00 90.1000 8.6 -0.100 -0.009
1043.748 90.00 90.1000 8.6 -0.101 -0.019
1043.849 90.00 90.1000 8.7 -0.097 0.002
1043.947 90.00 90.0900 9.0 -0.089 0.056
1044.048 90.00 90.0900 9.0 -0.088 0.052
1044.148 90.00 90.0900 9.0 -0.088 0.046
1044.245 90.00 90.1000 8.5 -0.099 -0.036
1044.347 90.00 90.0900 8.6 -0.094 -0.008
1044.445 90.00 90.0900 8.7 -0.091 0.008
1044.545 90.00 90.0800 8.9 -0.086 0.042
1044.646 90.00 90.1100 7.7 -0.114 -0.164
1044.743 90.00 90.0900 8.8 -0.088 0.020
1044.845 90.00 90.0800 8.9 -0.085 0.040
1044.943 90.00 90.0900 8.6 -0.090 -0.006
1045.043 90.00 90.0900 8.7 -0.087 0.011
1045.144 90.00 90.0900 8.6 -0.089 -0.008
1045.241 90.00 90.0800 9.0 -0.080 0.055
1045.343 90.00 90.0800 8.9 -0.082 0.034
1045.441 90.00 90.0700 9.2 -0.073 0.092
1045.541 90.00 90.0700 9.2 -0.073 0.080
1045.641 90.00 90.0800 9.0 -0.077 0.050
1045.740 90.00 90.0700 9.0 -0.075 0.051
1045.841 90.00 90.0800 8.8 -0.080 0.013
1045.939 90.00 90.0800 8.9 -0.077 0.032
1046.039 90.00 90.0700 9.1 -0.070 0.074
1046.139 90.00 90.0800 8.8 -0.077 0.014
1046.239 90.00 90.0700 9.0 -0.072 0.048
1046.338 90.00 90.0800 8.6 -0.079 -0.010
1046.438 90.00 90.0600 9.3 -0.062 0.109
1046.537 90.00 90.0700 9.0 -0.069 0.052
1046.637 90.00 90.0500 9.7 -0.052 0.160
1046.737 90.00 90.0700 8.9 -0.069 0.032
1046.836 90.00 90.0700 8.6 -0.074 -0.006
1046.936 90.00 90.0700 8.7 -0.073 -0.002
1047.035 90.00 90.0600 9.1 -0.061 0.077
1047.135 90.00 90.0700 8.9 -0.067 0.031
1047.235 90.00 90.0700 8.8 -0.067 0.021
1047.334 90.00 90.0700 8.7 -0.069 0.008
1047.434 90.00 90.0600 9.2 -0.058 0.079
1047.533 90.00 90.0800 8.2 -0.078 -0.071
1047.633 90.00 90.0700 8.4 -0.075 -0.050
1047.733 90.00 90.0600 8.8 -0.064 0.026
1047.832 90.00 90.0600 8.8 -0.065 0.019
1047.933 90.00 90.0500 9.2 -0.054 0.086
1048.030 90.00 90.0600 9.0 -0.058 0.052
1048.132 90.00 90.0500 9.3 -0.051 0.101
1048.230 90.00 90.0500 9.4 -0.047 0.117
1048.330 90.00 90.0500 9.2 -0.050 0.089
1048.431 90.00 90.0500 9.0 -0.054 0.051
1048.529 90.00 90.0500 9.0 -0.054 0.051
1048.629 90.00 90.0300 9.8 -0.034 0.182
1048.729 90.00 90.0400 9.5 -0.039 0.136
1048.828 90.00 90.0500 9.0 -0.050 0.049
1048.929 90.00 90.0500 9.0 -0.048 0.059
1049.027 90.00 90.0500 8.7 -0.055 0.009
1049.127 90.00 90.0400 9.4 -0.038 0.120
1049.227 90.00 90.0500 8.7 -0.053 0.011
1049.326 90.00 90.0500 8.8 -0.050 0.030
1049.427 90.00 90.0400 9.1 -0.043 0.072
1049.525 90.00 90.0300 9.4 -0.035 0.124
1049.625 90.00 90.0400 9.2 -0.039 0.084
1049.725 90.00 90.0400 9.2 -0.038 0.089
1049.824 90.00 90.0300 9.5 -0.031 0.130
1049.925 90.00 90.0300 9.3 -0.033 0.107
1050.024 90.00 90.0300 9.5 -0.029 0.130
1050.123 90.00 90.0100 10.1 -0.012 0.240
1050.223 90.00 90.0300 9.3 -0.030 0.104
1050.322 90.00 90.0300 9.2 -0.031 0.091
1050.422 90.00 90.0200 9.5 -0.024 0.132
1050.523 90.00 90.0200 9.7 -0.018 0.162
1050.620 90.00 90.0200 9.3 -0.025 0.105
1050.722 90.00 90.0100 9.8 -0.012 0.193
1050.821 90.00 90.0100 9.6 -0.016 0.154
1050.919 90.00 90.0200 9.5 -0.017 0.140
1051.021 90.00 90.0100 9.6 -0.013 0.156
1051.118 90.00 90.0200 9.3 -0.018 0.112
1051.220 90.00 90.0200 9.1 -0.023 0.073
1051.319 90.00 89.9900 10.3 0.006 0.268
1051.417 90.00 90.0100 9.4 -0.012 0.129
1051.519 90.00 90.0000 9.8 -0.003 0.186
1051.616 90.00 90.0100 9.6 -0.008 0.144
1051.718 90.00 89.9900 10.1 0.006 0.232
1051.817 90.00 90.0100 9.2 -0.013 0.088
1051.916 90.00 89.9700 10.9 0.027 0.362
1052.016 90.00 89.9800 10.3 0.014 0.260
1052.115 90.00 89.9900 9.9 0.009 0.209
1052.215 90.00 90.0000 9.7 0.004 0.162
1052.315 90.00 89.9800 10.2 0.017 0.250
1052.414 90.00 89.9900 9.9 0.011 0.196
1052.515 90.00 90.0000 9.2 -0.002 0.095
1052.614 90.00 89.9800 10.0 0.016 0.217
1052.713 90.00 89.9800 10.0 0.017 0.211
1052.814 90.00 89.9800 9.8 0.015 0.187
1052.911 90.00 89.9900 9.5 0.010 0.143
1053.013 90.00 90.0200 8.1 -0.023 -0.090
1053.112 90.00 89.9700 10.1 0.024 0.240
1053.211 90.00 89.9700 10.3 0.030 0.273
1053.312 90.00 89.9700 10.1 0.027 0.239
1053.409 90.00 89.9400 11.3 0.056 0.431
1053.511 90.00 89.9700 9.9 0.026 0.198
1053.609 90.00 89.9700 9.8 0.026 0.190
1053.709 90.00 89.9700 9.7 0.025 0.175
1053.810 90.00 89.9600 10.2 0.037 0.256
1053.907 90.00 89.9500 10.5 0.044 0.291
1054.009 90.00 89.9600 10.0 0.034 0.212
1054.108 90.00 89.9500 10.4 0.046 0.283
1054.207 90.00 89.9400 11.1 0.064 0.395
1054.308 90.00 89.9600 10.0 0.041 0.218
1054.405 90.00 89.9900 8.5 0.007 -0.027
1054.506 90.00 89.9500 10.3 0.049 0.270
1054.605 90.00 89.9100 11.9 0.088 0.529
1054.705 90.00 89.9400 10.3 0.054 0.270
1054.806 90.00 89.9500 9.9 0.044 0.193
1054.904 90.00 89.9400 10.3 0.055 0.260
1055.004 90.00 89.9400 10.3 0.056 0.259
1055.104 90.00 89.9400 10.2 0.056 0.244
1055.203 90.00 89.9200 11.1 0.078 0.394
1055.304 90.00 89.9400 10.2 0.060 0.250
1055.402 90.00 89.9300 10.4 0.066 0.285
1055.502 90.00 89.9400 10.0 0.057 0.211
1055.602 90.00 89.9400 10.1 0.061 0.228
1055.701 90.00 89.9800 8.3 0.020 -0.065
1055.801 90.00 89.9000 11.8 0.101 0.503
1055.901 90.00 89.9500 9.4 0.049 0.121
1055.999 90.00 89.9300 10.4 0.073 0.285
1056.101 90.00 89.9300 10.3 0.071 0.257
1056.198 90.00 89.9100 10.8 0.084 0.342
1056.300 90.00 89.9300 9.9 0.066 0.202
1056.399 90.00 89.9300 10.2 0.073 0.245
1056.497 90.00 89.9200 10.2 0.075 0.249
1056.599 90.00 89.9200 10.4 0.081 0.285
1056.697 90.00 89.9100 10.5 0.085 0.300
1056.798 90.00 89.9300 9.9 0.071 0.194
1056.898 90.00 89.8900 11.3 0.106 0.429
1056.995 90.00 89.9000 10.9 0.097 0.355
1057.097 90.00 89.9200 10.1 0.082 0.236
1057.195 90.00 89.9200 9.9 0.078 0.197
1057.295 90.00 89.9100 10.5 0.092 0.294
1057.396 90.00 89.9100 10.3 0.090 0.266
1057.493 90.00 89.9100 10.1 0.085 0.225
1057.595 90.00 89.9100 10.3 0.092 0.266
1057.693 90.00 89.9100 10.2 0.090 0.240
1057.793 90.00 89.9000 10.7 0.102 0.322
1057.893 90.00 89.9000 10.4 0.099 0.287
1057.992 90.00 89.9000 10.3 0.097 0.264
1058.093 90.00 89.8900 10.7 0.107 0.323
1058.191 90.00 89.9000 10.2 0.098 0.254
1058.291 90.00 89.8900 10.6 0.109 0.318
1058.391 90.00 89.8800 10.9 0.115 0.356
1058.490 90.00 89.8900 10.5 0.109 0.301
1058.591 90.00 89.8900 10.5 0.110 0.296
1058.689 90.00 89.8800 10.7 0.115 0.325
1058.789 90.00 89.8700 11.1 0.126 0.388
1058.890 90.00 89.8800 10.8 0.122 0.347
1058.988 90.00 89.8700 10.9 0.126 0.362
1059.088 90.00 89.8800 10.7 0.122 0.326
1059.188 90.00 89.8900 10.2 0.112 0.243
1059.287 90.00 89.8700 10.7 0.125 0.327
1059.388 90.00 89.8700 10.8 0.127 0.334
1059.486 90.00 89.8700 10.8 0.130 0.345
1059.586 90.00 89.8700 10.7 0.130 0.329
1059.688 90.00 89.8700 10.5 0.126 0.295
1059.785 90.00 89.8700 10.5 0.127 0.289
1059.885 90.00 89.8700 10.5 0.129 0.299
1059.985 90.00 89.8700 10.7 0.133 0.318
1060.084 90.00 89.8700 10.4 0.129 0.281
1060.185 90.00 89.8600 10.9 0.140 0.351
1060.283 90.00 89.8600 10.6 0.136 0.311
1060.383 90.00 89.8600 10.8 0.143 0.348
1060.483 90.00 89.8600 10.6 0.139 0.313
1060.581 90.00 89.8600 10.7 0.141 0.318
1060.683 90.00 89.8600 10.4 0.136 0.271
1060.780 90.00 89.8600 10.4 0.137 0.275
1060.882 90.00 89.8600 10.6 0.142 0.302
1060.982 90.00 89.8600 10.6 0.143 0.305
1061.079 90.00 89.8500 10.6 0.144 0.300
1061.181 90.00 89.8500 10.5 0.144 0.295
1061.279 90.00 89.8500 10.6 0.148 0.315
1061.379 90.00 89.8500 10.6 0.149 0.313
1061.480 90.00 89.8500 10.6 0.150 0.310
1061.577 90.00 89.8500 10.4 0.147 0.284
1061.679 90.00 89.8600 10.1 0.141 0.232
1061.777 90.00 89.8500 10.4 0.149 0.284
1061.877 90.00 89.8500 10.3 0.146 0.256
1061.978 90.00 89.8400 11.0 0.162 0.366
1062.075 90.00 89.8500 10.1 0.144 0.227
1062.177 90.00 89.8800 9.1 0.121 0.060
1062.275 90.00 89.8600 10.1 0.143 0.221
1062.375 90.00 89.8500 10.5 0.153 0.286
1062.476 90.00 89.8500 10.1 0.146 0.227
1062.573 90.00 89.8600 9.7 0.136 0.159
1062.675 90.00 89.8500 10.3 0.151 0.261
1062.774 90.00 89.8500 10.3 0.152 0.263
1062.872 90.00 89.8500 10.1 0.148 0.230
1062.974 90.00 89.8400 10.4 0.154 0.268
1063.072 90.00 89.8500 10.1 0.148 0.217
1063.172 90.00 89.8400 10.4 0.156 0.268
1063.273 90.00 89.8400 10.3 0.155 0.258
1063.370 90.00 89.8400 10.2 0.154 0.246
1063.472 90.00 89.8500 10.1 0.153 0.231
1063.571 90.00 89.8500 10.2 0.153 0.232
1063.670 90.00 89.8500 9.9 0.148 0.192
1063.770 90.00 89.8500 9.8 0.145 0.171
1063.869 90.00 89.8400 10.3 0.158 0.258
1063.970 90.00 89.8400 10.3 0.158 0.253
1064.068 90.00 89.8400 10.2 0.156 0.234
1064.168 90.00 89.8400 10.1 0.154 0.219
1064.269 90.00 89.8300 10.8 0.172 0.340
1064.367 90.00 89.8500 9.8 0.150 0.178
1064.468 90.00 89.8600 9.2 0.136 0.080
1064.566 90.00 89.8400 10.2 0.158 0.237
1064.666 90.00 89.8600 9.3 0.139 0.098
1064.767 90.00 89.8500 9.7 0.148 0.159
1064.864 90.00 89.8400 10.1 0.156 0.218
1064.966 90.00 89.8500 9.6 0.146 0.144
1065.064 90.00 89.8500 9.9 0.153 0.192
1065.164 90.00 89.8500 9.8 0.151 0.179
1065.265 90.00 89.8500 9.5 0.144 0.129
1065.363 90.00 89.8400 10.0 0.154 0.198
1065.463 90.00 89.9000 7.8 0.103 -0.160
1065.564 90.00 89.8500 9.7 0.147 0.159
1065.661 90.00 89.8500 9.8 0.148 0.167
1065.763 90.00 89.8500 9.9 0.151 0.185
1065.861 90.00 89.8900 8.0 0.107 -0.122
1065.961 90.00 89.8500 10.0 0.152 0.204
1066.062 90.00 89.8500 9.8 0.148 0.171
1066.159 90.00 89.8500 9.9 0.152 0.196
1066.261 90.00 89.8500 10.0 0.152 0.199
1066.359 90.00 89.8500 9.7 0.147 0.159
1066.458 90.00 89.8500 9.6 0.145 0.143
1066.560 90.00 89.8700 8.8 0.126 0.012
1066.657 90.00 89.8600 9.5 0.141 0.123
1066.759 90.00 89.8500 9.7 0.144 0.147
1066.858 90.00 89.8500 9.8 0.147 0.164
1066.956 90.00 89.8600 9.6 0.143 0.139
1067.058 90.00 89.8900 8.2 0.112 -0.080
1067.155 90.00 89.8400 10.1 0.154 0.226
1067.256 90.00 89.8500 10.0 0.151 0.202
1067.357 90.00 89.8500 9.7 0.145 0.153
1067.454 90.00 89.8500 9.9 0.150 0.191
1067.556 90.00 89.8500 9.7 0.145 0.153
1067.655 90.00 89.8500 9.9 0.150 0.185
1067.754 90.00 89.9000 7.8 0.100 -0.163
1067.855 90.00 89.8500 9.9 0.148 0.183
1067.953 90.00 89.8500 9.9 0.149 0.188
1068.053 90.00 89.8600 9.5 0.140 0.127
1068.153 90.00 89.8500 9.8 0.147 0.173
1068.251 90.00 89.8700 8.9 0.127 0.031
1068.353 90.00 89.8100 11.8 0.193 0.497
1068.451 90.00 89.8500 10.0 0.154 0.208
1068.551 90.00 89.8600 9.4 0.139 0.102
1068.651 90.00 89.9100 7.4 0.092 -0.225
1068.749 90.00 89.8500 9.8 0.146 0.170
1068.851 90.00 89.8600 9.3 0.135 0.094
1068.948 90.00 89.8600 9.5 0.139 0.124
1069.050 90.00 89.8600 9.3 0.134 0.087
1069.149 90.00 89.8600 9.4 0.136 0.101
1069.247 90.00 89.8500 9.8 0.144 0.160
1069.349 90.00 89.8600 9.6 0.141 0.143
1069.447 90.00 89.8600 9.7 0.142 0.145
1069.548 90.00 89.8500 9.8 0.144 0.159
1069.648 90.00 89.8700 9.3 0.133 0.083
1069.745 90.00 89.8700 9.3 0.133 0.086
1069.847 90.00 89.8600 9.5 0.138 0.126
1069.945 90.00 89.8600 9.5 0.138 0.125
1070.045 90.00 89.8600 9.6 0.138 0.127
1070.146 90.00 89.8600 9.4 0.135 0.104
1070.243 90.00 89.8700 9.3 0.133 0.092
1070.345 90.00 89.8500 9.8 0.144 0.170
1070.444 90.00 89.8700 9.3 0.132 0.086
1070.543 90.00 89.8900 8.4 0.111 -0.059
1070.644 90.00 89.8700 9.4 0.133 0.101
1070.741 90.00 89.9000 8.0 0.100 -0.124
1070.843 90.00 89.8500 10.2 0.148 0.222
1070.941 90.00 89.8800 8.7 0.115 -0.012
1071.041 90.00 89.8800 9.1 0.123 0.048
1071.142 90.00 89.8800 8.9 0.118 0.019
1071.239 90.00 89.8600 9.8 0.137 0.158
1071.341 90.00 89.8900 8.7 0.113 -0.015
1071.440 90.00 89.9300 7.0 0.073 -0.290
1071.538 90.00 89.8800 9.1 0.119 0.052
1071.640 90.00 89.8800 9.1 0.119 0.059
1071.739 90.00 89.8900 8.7 0.108 -0.017
1071.838 90.00 89.8900 8.9 0.113 0.020
1071.939 90.00 89.8800 9.0 0.115 0.038
1072.037 90.00 89.8900 8.8 0.108 0.000
1072.137 90.00 89.8900 8.8 0.108 -0.000
1072.237 90.00 89.9100 8.2 0.093 -0.097
1072.335 90.00 89.8900 9.1 0.113 0.052
1072.437 90.00 89.8400 11.0 0.157 0.363
1072.535 90.00 89.9000 8.5 0.101 -0.040
1072.636 90.00 89.8900 9.1 0.113 0.049
1072.735 90.00 89.8900 8.8 0.106 0.007
1072.833 90.00 89.9000 8.6 0.100 -0.033
1072.935 90.00 89.9000 8.6 0.098 -0.036
1073.032 90.00 89.8900 8.9 0.106 0.022
1073.134 90.00 89.9000 8.7 0.101 -0.010
1073.233 90.00 89.9000 8.7 0.098 -0.019
1073.331 90.00 89.9000 8.9 0.103 0.017
1073.433 90.00 89.9000 8.8 0.101 0.006
1073.530 90.00 89.9000 8.9 0.102 0.023
1073.632 90.00 89.9300 7.5 0.068 -0.215
1073.732 90.00 89.9000 8.8 0.096 -0.006
1073.829 90.00 89.9000 9.0 0.100 0.028
1073.931 90.00 89.9000 9.0 0.099 0.029
1074.029 90.00 89.9100 8.6 0.090 -0.030
1074.129 90.00 89.9000 8.9 0.097 0.022
1074.230 90.00 89.9000 8.9 0.096 0.022
1074.327 90.00 89.8900 9.3 0.105 0.087
1074.429 90.00 89.9100 8.8 0.092 -0.005
1074.527 90.00 89.9200 8.3 0.081 -0.079
1074.627 90.00 89.9100 8.6 0.086 -0.032
1074.728 90.00 89.9200 8.3 0.080 -0.072
1074.825 90.00 89.9100 8.7 0.086 -0.022
1074.927 90.00 89.9100 8.8 0.088 -0.001
1075.025 90.00 89.9200 8.3 0.075 -0.084
1075.125 90.00 89.9200 8.7 0.083 -0.021
1075.226 90.00 89.9200 8.5 0.079 -0.047
1075.323 90.00 89.9200 8.6 0.079 -0.038
1075.425 90.00 89.9300 8.2 0.071 -0.090
1075.524 90.00 89.9300 8.4 0.073 -0.071
1075.623 90.00 89.9200 8.5 0.075 -0.047
1075.723 90.00 89.9200 8.6 0.077 -0.027
1075.822 90.00 89.9100 9.0 0.085 0.033
1075.922 90.00 89.9100 9.1 0.087 0.055
1076.023 90.00 89.9300 8.5 0.073 -0.044
1076.120 90.00 89.9200 8.6 0.074 -0.034
1076.222 90.00 89.9200 8.7 0.076 -0.013
1076.321 90.00 89.9200 8.8 0.077 0.001
1076.419 90.00 89.9200 8.9 0.079 0.019
1076.521 90.00 89.9400 8.2 0.063 -0.092
1076.618 90.00 89.9300 8.6 0.071 -0.029
1076.720 90.00 89.9300 8.7 0.071 -0.022
1076.818 90.00 89.9300 8.8 0.073 -0.004
1076.918 90.00 89.9300 8.4 0.065 -0.058
1077.019 90.00 89.9300 8.7 0.071 -0.012
1077.116 90.00 89.9200 9.1 0.079 0.052
1077.218 90.00 89.9400 8.2 0.058 -0.093
1077.317 90.00 89.9200 9.1 0.077 0.045
1077.415 90.00 89.9300 8.8 0.069 -0.010
1077.517 90.00 89.9300 8.7 0.068 -0.014
1077.614 90.00 89.9400 8.5 0.062 -0.050
1077.716 90.00 89.9400 8.6 0.064 -0.033
1077.815 90.00 89.9300 8.9 0.069 0.008
1077.913 90.00 89.9200 9.2 0.077 0.072
1078.015 90.00 89.9500 7.9 0.045 -0.154
1078.113 90.00 89.9300 8.9 0.068 0.018
1078.213 90.00 89.9300 8.9 0.068 0.017
1078.313 90.00 89.9800 6.9 0.020 -0.313
1078.412 90.00 89.9400 8.8 0.063 0.006
1078.513 90.00 89.9300 8.9 0.064 0.015
1078.611 90.00 89.9300 9.0 0.066 0.032
1078.711 90.00 89.9300 9.2 0.070 0.057
1078.811 90.00 89.9400 8.7 0.059 -0.014
1078.910 90.00 89.9300 9.3 0.071 0.072
1079.011 90.00 89.9300 9.2 0.071 0.067
1079.109 90.00 89.9300 9.2 0.069 0.055
1079.209 90.00 89.9800 7.0 0.019 -0.291
1079.310 90.00 89.9400 8.9 0.061 0.020
1079.407 90.00 89.9300 9.2 0.067 0.059
1079.509 90.00 89.9300 9.2 0.067 0.060
1079.608 90.00 89.9300 9.3 0.069 0.076
1079.707 90.00 89.9300 9.4 0.072 0.093
1079.808 90.00 89.9300 9.2 0.068 0.064
1079.906 90.00 89.9400 8.9 0.060 0.011
1080.006 90.00 89.9700 7.6 0.031 -0.193
1080.107 90.00 89.9400 9.1 0.063 0.049
1080.204 90.00 89.9300 9.3 0.068 0.083
1080.306 90.00 89.9300 9.6 0.073 0.118
1080.405 90.00 89.9300 9.3 0.068 0.076
1080.504 90.00 89.9300 9.5 0.073 0.110
1080.605 90.00 89.9200 9.7 0.078 0.149
1080.702 90.00 89.9300 9.5 0.073 0.105
1080.804 90.00 89.9200 9.5 0.074 0.113
1080.902 90.00 89.9400 8.9 0.059 0.006
1081.002 90.00 89.9200 9.7 0.077 0.138
1081.103 90.00 89.9100 10.0 0.086 0.195
1081.200 90.00 89.9200 9.8 0.083 0.166
1081.302 90.00 89.9300 9.2 0.069 0.065
1081.401 90.00 89.9200 9.7 0.080 0.146
1081.499 90.00 89.9200 9.7 0.081 0.148
1081.601 90.00 89.9200 9.4 0.075 0.099
1081.698 90.00 89.9200 9.6 0.078 0.122
1081.800 90.00 89.9200 9.8 0.083 0.155
1081.898 90.00 89.9100 10.0 0.089 0.192
1081.998 90.00 89.9200 9.6 0.079 0.119
1082.099 90.00 89.9200 9.6 0.080 0.121
1082.197 90.00 89.9300 9.0 0.068 0.035
1082.298 90.00 89.9200 9.6 0.079 0.118
1082.396 90.00 89.9000 10.3 0.098 0.246
1082.496 90.00 89.9100 10.0 0.090 0.185
1082.597 90.00 89.9100 9.7 0.084 0.139
1082.695 90.00 89.9100 9.7 0.086 0.144
1082.795 90.00 89.9100 9.9 0.090 0.173
1082.895 90.00 89.9400 8.5 0.059 -0.050
1082.994 90.00 89.9100 10.1 0.094 0.199
1083.095 90.00 89.9400 8.3 0.054 -0.080
1083.193 90.00 89.9000 10.4 0.101 0.254
1083.293 90.00 89.9100 9.9 0.091 0.174
1083.393 90.00 89.9000 10.1 0.096 0.206
1083.492 90.00 89.9000 10.2 0.100 0.226
1083.593 90.00 89.9000 10.3 0.102 0.238
1083.692 90.00 89.9000 10.2 0.100 0.217
1083.790 90.00 89.9000 9.9 0.096 0.178
1083.892 90.00 89.9000 10.2 0.103 0.224
1083.990 90.00 89.9000 10.1 0.100 0.201
1084.090 90.00 89.9000 10.0 0.098 0.182
1084.190 90.00 89.8900 10.3 0.108 0.243
1084.288 90.00 89.8900 10.6 0.114 0.279
1084.390 90.00 89.8800 10.7 0.118 0.300
1084.489 90.00 89.8900 10.1 0.106 0.209
1084.588 90.00 89.8700 11.0 0.126 0.344
1084.689 90.00 89.9300 8.5 0.071 -0.053
1084.786 90.00 89.8900 10.3 0.111 0.232
1084.888 90.00 89.8900 10.2 0.111 0.227
1084.987 90.00 89.8800 10.4 0.115 0.250
1085.086 90.00 89.8700 10.8 0.125 0.310
1085.187 90.00 89.8800 10.5 0.119 0.262
1085.284 90.00 89.8800 10.3 0.115 0.229
1085.386 90.00 89.8800 10.2 0.115 0.222
1085.485 90.00 89.8500 11.5 0.145 0.424
1085.583 90.00 89.8800 10.3 0.120 0.238
1085.685 90.00 89.8800 10.4 0.123 0.249
1085.782 90.00 89.8700 10.8 0.134 0.318
1085.884 90.00 89.8700 10.4 0.125 0.247
1085.983 90.00 89.8700 10.5 0.128 0.265
1086.081 90.00 89.8600 10.8 0.136 0.315
1086.183 90.00 89.8600 10.7 0.135 0.301
1086.281 90.00 89.9000 9.2 0.101 0.053
1086.382 90.00 89.8700 10.4 0.129 0.247
1086.482 90.00 89.8700 10.5 0.133 0.268
1086.579 90.00 89.8600 10.6 0.136 0.284
1086.681 90.00 89.8600 10.6 0.137 0.288
1086.780 90.00 89.8600 10.6 0.137 0.281
1086.879 90.00 89.8600 10.5 0.137 0.269
1086.980 90.00 89.8800 9.8 0.122 0.157
1087.077 90.00 89.8600 10.4 0.135 0.247
1087.179 90.00 89.8800 9.8 0.123 0.156
1087.278 90.00 89.8600 10.3 0.134 0.234
1087.376 90.00 89.8700 10.2 0.132 0.217
1087.478 90.00 89.8600 10.6 0.142 0.283
1087.576 90.00 89.8600 10.4 0.138 0.245
1087.677 90.00 89.8800 9.7 0.122 0.129
1087.776 90.00 89.8700 9.8 0.126 0.153
1087.875 90.00 89.8700 9.8 0.124 0.144
1087.975 90.00 89.8600 10.3 0.138 0.237
1088.074 90.00 89.8600 10.5 0.142 0.260
1088.174 90.00 89.8700 9.9 0.129 0.161
1088.274 90.00 89.8800 9.4 0.118 0.083
1088.373 90.00 89.8700 9.9 0.131 0.175
1088.473 90.00 89.8700 10.1 0.134 0.193
1088.572 90.00 89.8500 10.8 0.150 0.304
1088.672 90.00 89.8700 9.7 0.126 0.128
1088.773 90.00 89.8700 9.8 0.130 0.155
1088.870 90.00 89.8700 9.8 0.130 0.157
1088.972 90.00 89.8800 9.4 0.119 0.081
1089.071 90.00 89.8800 9.2 0.114 0.047
1089.169 90.00 89.8800 9.4 0.120 0.093
1089.271 90.00 89.8800 9.3 0.116 0.063
1089.368 90.00 89.8800 9.5 0.120 0.096
1089.470 90.00 89.8500 10.7 0.149 0.298
1089.569 90.00 89.8800 9.2 0.116 0.059
1089.667 90.00 89.8700 9.6 0.125 0.123
1089.769 90.00 89.8900 9.1 0.112 0.035
1089.866 90.00 89.8700 9.7 0.126 0.139
1089.968 90.00 89.9300 7.1 0.065 -0.291
1090.067 90.00 89.8900 9.2 0.113 0.060
1090.165 90.00 89.8800 9.4 0.115 0.080
1090.267 90.00 89.8900 9.1 0.109 0.037
1090.364 90.00 89.8800 9.7 0.121 0.128
1090.466 90.00 89.9000 8.9 0.103 0.003
1090.565 90.00 89.8900 9.2 0.108 0.044
1090.663 90.00 89.8900 9.1 0.107 0.035
1090.765 90.00 89.8900 9.1 0.106 0.035
1090.863 90.00 89.9000 9.0 0.103 0.018
1090.963 90.00 89.8900 9.1 0.105 0.033
1091.064 90.00 89.8800 9.6 0.117 0.120
1091.161 90.00 89.9000 8.7 0.095 -0.034
1091.263 90.00 89.9100 8.6 0.092 -0.044
1091.361 90.00 89.8800 9.7 0.116 0.131
1091.461 90.00 89.9000 8.8 0.095 -0.021
1091.563 90.00 89.9100 8.6 0.090 -0.046
1091.660 90.00 89.9100 8.5 0.087 -0.060
1091.760 90.00 89.9200 8.2 0.079 -0.109
1091.860 90.00 89.9100 8.5 0.085 -0.062
1091.958 90.00 89.9100 8.6 0.086 -0.043
1092.060 90.00 89.9300 8.0 0.070 -0.150
1092.158 90.00 89.9300 7.8 0.064 -0.183
1092.259 90.00 89.9200 8.4 0.077 -0.076
1092.358 90.00 89.9300 8.1 0.069 -0.130
1092.456 90.00 89.9300 8.3 0.072 -0.100
1092.558 90.00 89.9300 8.1 0.066 -0.128
1092.655 90.00 89.9400 7.9 0.059 -0.167
1092.756 90.00 89.9400 7.8 0.057 -0.170
1092.857 90.00 89.9400 7.9 0.057 -0.161
1092.954 90.00 89.9500 7.8 0.053 -0.180
1093.056 90.00 89.9400 8.1 0.059 -0.124
1093.154 90.00 89.9500 7.9 0.052 -0.164
1093.254 90.00 89.9500 7.9 0.050 -0.167
1093.355 90.00 89.9500 7.9 0.049 -0.164
1093.452 90.00 89.9500 7.9 0.048 -0.159
1093.554 90.00 89.9600 7.7 0.043 -0.186
1093.652 90.00 89.9600 7.5 0.036 -0.220
1093.752 90.00 89.9400 8.7 0.062 -0.025
1093.853 90.00 89.9700 7.3 0.029 -0.252
1093.951 90.00 89.9600 7.8 0.037 -0.183
1094.052 90.00 89.9600 7.7 0.034 -0.195
1094.150 90.00 89.9600 8.2 0.043 -0.118
1094.250 90.00 89.9700 7.4 0.025 -0.239
1094.351 90.00 89.9800 7.3 0.019 -0.264
1094.448 90.00 89.9700 7.8 0.031 -0.170
1094.550 90.00 89.9800 7.6 0.024 -0.209
1094.649 90.00 89.9800 7.5 0.019 -0.231
1094.748 90.00 89.9800 7.6 0.020 -0.209
1094.849 90.00 90.0300 5.6 -0.028 -0.537
1094.947 90.00 89.9900 7.5 0.012 -0.229
1095.048 90.00 89.9900 7.6 0.012 -0.214
1095.148 90.00 89.9900 7.7 0.014 -0.195
1095.245 90.00 89.9900 7.5 0.008 -0.227
1095.347 90.00 90.0000 7.0 -0.005 -0.305
1095.445 90.00 90.0000 7.3 -0.001 -0.263
1095.545 90.00 90.0100 6.8 -0.015 -0.345
1095.646 90.00 90.0000 7.4 -0.002 -0.235
1095.744 90.00 90.0000 7.4 -0.005 -0.244
1095.845 90.00 89.9900 7.9 0.006 -0.159
1095.944 90.00 90.0200 7.0 -0.018 -0.315
1096.042 90.00 90.0100 7.1 -0.016 -0.288
1096.144 90.00 90.0200 7.2 -0.016 -0.278
1096.241 90.00 90.0200 7.1 -0.019 -0.285
1096.343 90.00 90.0200 7.0 -0.024 -0.305
1096.442 90.00 90.0100 7.5 -0.015 -0.230
1096.540 90.00 90.0300 7.0 -0.029 -0.314
1096.642 90.00 90.0200 7.2 -0.026 -0.278
1096.739 90.00 90.0300 7.1 -0.030 -0.295
1096.841 90.00 90.0400 6.7 -0.040 -0.350
1096.940 90.00 90.0400 6.8 -0.040 -0.335
1097.038 90.00 90.0400 7.0 -0.038 -0.310
1097.140 90.00 90.0400 7.0 -0.040 -0.305
1097.239 90.00 90.0400 7.0 -0.041 -0.300
1097.338 90.00 90.0300 7.4 -0.035 -0.246
1097.439 90.00 90.0400 7.0 -0.044 -0.302
1097.536 90.00 90.0400 7.1 -0.045 -0.297
1097.638 90.00 90.0500 6.8 -0.054 -0.347
1097.736 90.00 90.0500 6.8 -0.055 -0.339
1097.836 90.00 90.0500 7.1 -0.051 -0.291
1097.937 90.00 90.0600 6.8 -0.059 -0.339
1098.034 90.00 90.0700 6.2 -0.074 -0.431
1098.136 90.00 90.0600 7.1 -0.057 -0.292
1098.235 90.00 90.0600 6.9 -0.063 -0.322
1098.333 90.00 90.0600 6.8 -0.066 -0.330
1098.435 90.00 90.0700 6.9 -0.067 -0.325
1098.532 90.00 90.0700 6.7 -0.073 -0.353
1098.634 90.00 90.0800 6.6 -0.078 -0.377
1098.733 90.00 90.0800 6.7 -0.078 -0.356
1098.831 90.00 90.0700 7.1 -0.070 -0.288
1098.933 90.00 90.0800 6.7 -0.080 -0.349
1099.030 90.00 90.0800 6.6 -0.085 -0.368
1099.132 90.00 90.0900 6.5 -0.088 -0.378
1099.232 90.00 90.0800 7.2 -0.076 -0.280
1099.329 90.00 90.0800 6.9 -0.084 -0.326
1099.431 90.00 90.0400 8.9 -0.039 0.002
1099.530 90.00 90.0800 6.8 -0.086 -0.329
1099.630 90.00 90.0900 6.7 -0.091 -0.351
1099.729 90.00 90.1000 6.5 -0.097 -0.383
1099.828 90.00 90.1000 6.6 -0.098 -0.373
1099.928 90.00 90.1000 6.6 -0.100 -0.373
1100.028 90.00 90.1000 6.8 -0.097 -0.340
1100.126 90.00 90.0900 6.9 -0.096 -0.319
1100.228 90.00 90.1000 7.0 -0.096 -0.310
1100.326 90.00 90.1000 6.8 -0.101 -0.329
1100.427 90.00 90.1500 4.8 -0.149 -0.660
1100.526 90.00 90.1100 6.6 -0.111 -0.363
1100.624 90.00 90.1000 7.0 -0.103 -0.299
1100.726 90.00 90.1100 7.0 -0.107 -0.313
1100.823 90.00 90.1000 7.1 -0.105 -0.289
1100.925 90.00 90.1200 6.6 -0.118 -0.373
1101.024 90.00 90.1500 5.0 -0.156 -0.626
1101.122 90.00 90.1100 6.9 -0.115 -0.319
1101.224 90.00 90.1200 6.5 -0.126 -0.381
1101.322 90.00 90.1200 6.9 -0.120 -0.325
1101.422 90.00 90.1300 6.6 -0.127 -0.364
1101.523 90.00 90.1200 6.9 -0.121 -0.315
1101.620 90.00 90.1300 6.7 -0.129 -0.356
1101.722 90.00 90.1200 6.9 -0.125 -0.317
1101.821 90.00 90.1200 7.1 -0.122 -0.287
1101.919 90.00 90.1200 7.1 -0.122 -0.284
1102.021 90.00 90.1300 6.7 -0.133 -0.350
1102.118 90.00 90.1300 6.8 -0.134 -0.342
1102.220 90.00 90.1400 6.6 -0.139 -0.369
1102.319 90.00 90.1300 7.2 -0.127 -0.276
1102.417 90.00 90.1400 6.7 -0.140 -0.356
1102.519 90.00 90.0800 9.1 -0.086 0.033
1102.617 90.00 90.1400 6.6 -0.142 -0.364
1102.718 90.00 90.1200 7.5 -0.123 -0.222
1102.817 90.00 90.1400 6.8 -0.139 -0.331
1102.915 90.00 90.1400 6.7 -0.143 -0.351
1103.017 90.00 90.1500 6.6 -0.147 -0.365
1103.115 90.00 90.1400 6.9 -0.142 -0.324
1103.216 90.00 90.1500 6.5 -0.153 -0.390
1103.315 90.00 90.1500 6.6 -0.152 -0.371
1103.413 90.00 90.1200 7.8 -0.126 -0.175
1103.515 90.00 90.1500 6.8 -0.150 -0.341
1103.614 90.00 90.1500 6.6 -0.156 -0.371
1103.713 90.00 90.1600 6.5 -0.158 -0.377
1103.814 90.00 90.1500 6.7 -0.156 -0.354
1103.912 90.00 90.1500 6.9 -0.152 -0.312
1104.012 90.00 90.1600 6.5 -0.162 -0.378
1104.112 90.00 90.1500 6.9 -0.154 -0.313
1104.211 90.00 90.1600 6.5 -0.166 -0.387
1104.312 90.00 90.1500 7.2 -0.150 -0.262
1104.410 90.00 90.1600 6.7 -0.163 -0.350
1104.510 90.00 90.1600 6.8 -0.163 -0.339
1104.610 90.00 90.1700 6.6 -0.167 -0.360
1104.708 90.00 90.1700 6.6 -0.169 -0.359
1104.810 90.00 90.1700 6.5 -0.172 -0.375
1104.908 90.00 90.1700 6.5 -0.174 -0.375
1105.008 90.00 90.1800 6.3 -0.179 -0.406
1105.108 90.00 90.1700 7.0 -0.167 -0.307
1105.206 90.00 90.1800 6.2 -0.184 -0.422
1105.308 90.00 90.1700 6.8 -0.174 -0.336
1105.406 90.00 90.1800 6.3 -0.185 -0.405
1105.506 90.00 90.1800 6.5 -0.182 -0.377
1105.607 90.00 90.1900 6.2 -0.191 -0.429
1105.704 90.00 90.1900 6.4 -0.188 -0.395
1105.806 90.00 90.1800 7.0 -0.177 -0.304
1105.905 90.00 90.1900 6.6 -0.186 -0.367
1106.004 90.00 90.1800 6.7 -0.185 -0.349
1106.105 90.00 90.2000 6.0 -0.203 -0.465
1106.202 90.00 90.1900 6.6 -0.189 -0.355
1106.304 90.00 90.1900 6.4 -0.195 -0.391
1106.403 90.00 90.1400 8.7 -0.143 -0.018
1106.501 90.00 90.1900 6.5 -0.195 -0.383
1106.603 90.00 90.2000 6.2 -0.201 -0.421
1106.700 90.00 90.2000 6.5 -0.198 -0.382
1106.802 90.00 90.1800 7.0 -0.186 -0.290
1106.901 90.00 90.2000 6.5 -0.200 -0.385
1106.999 90.00 90.2000 6.4 -0.202 -0.393
1107.101 90.00 90.2000 6.5 -0.200 -0.370
1107.199 90.00 90.1900 6.8 -0.195 -0.322
1107.300 90.00 90.2000 6.5 -0.203 -0.372
1107.399 90.00 90.2000 6.5 -0.204 -0.374
1107.498 90.00 90.2000 6.9 -0.197 -0.314
1107.599 90.00 90.2000 6.6 -0.205 -0.363
1107.697 90.00 90.1900 7.1 -0.194 -0.276
1107.798 90.00 90.2000 6.8 -0.202 -0.330
1107.897 90.00 90.2000 6.8 -0.201 -0.320
1107.996 90.00 90.1900 7.2 -0.193 -0.253
1108.096 90.00 90.2000 7.0 -0.200 -0.299
1108.196 90.00 90.1800 8.0 -0.177 -0.132
1108.294 90.00 90.2100 6.4 -0.214 -0.396
1108.396 90.00 90.2100 6.7 -0.208 -0.344
1108.494 90.00 90.2100 6.8 -0.207 -0.333
1108.594 90.00 90.2100 6.5 -0.214 -0.376
1108.694 90.00 90.2100 6.7 -0.210 -0.339
1108.792 90.00 90.2100 6.6 -0.213 -0.353
1108.894 90.00 90.2100 6.6 -0.214 -0.355
1108.992 90.00 90.2000 7.2 -0.202 -0.261
1109.092 90.00 90.2000 7.2 -0.202 -0.258
1109.192 90.00 90.2100 6.9 -0.210 -0.311
1109.290 90.00 90.2000 7.2 -0.204 -0.264
1109.392 90.00 90.2000 7.3 -0.201 -0.241
1109.490 90.00 90.2000 7.3 -0.200 -0.235
1109.590 90.00 90.2000 7.2 -0.203 -0.254
1109.690 90.00 90.2100 7.1 -0.207 -0.275
1109.788 90.00 90.2000 7.5 -0.198 -0.207
1109.890 90.00 90.2000 7.2 -0.205 -0.257
1109.989 90.00 90.2000 7.2 -0.205 -0.259
1110.088 90.00 90.2100 6.9 -0.212 -0.299
1110.189 90.00 90.2000 7.3 -0.204 -0.241
1110.286 90.00 90.2000 7.3 -0.203 -0.233
1110.388 90.00 90.2400 5.6 -0.243 -0.515
1110.487 90.00 90.2000 7.6 -0.199 -0.191
1110.585 90.00 90.2000 7.5 -0.201 -0.208
1110.687 90.00 90.1900 7.8 -0.196 -0.167
1110.784 90.00 90.2000 7.6 -0.199 -0.189
1110.886 90.00 90.2000 7.4 -0.203 -0.219
1110.985 90.00 90.2000 7.6 -0.200 -0.198
1111.083 90.00 90.1900 8.0 -0.189 -0.121
1111.185 90.00 90.1900 7.8 -0.195 -0.164
1111.283 90.00 90.2000 7.6 -0.198 -0.193
1111.383 90.00 90.1800 8.3 -0.182 -0.080
1111.483 90.00 90.1900 8.0 -0.188 -0.123
1111.582 90.00 90.1800 8.1 -0.185 -0.109
1111.682 90.00 90.1900 7.9 -0.189 -0.142
1111.781 90.00 90.1800 8.2 -0.183 -0.098
1111.882 90.00 90.1800 8.2 -0.181 -0.089
1111.980 90.00 90.1900 7.9 -0.188 -0.145
1112.080 90.00 90.1700 8.6 -0.170 -0.022
1112.180 90.00 90.1700 8.5 -0.173 -0.045
1112.280 90.00 90.1700 8.5 -0.171 -0.042
1112.379 90.00 90.1600 8.8 -0.163 0.008
1112.479 90.00 90.1600 8.8 -0.163 -0.000
1112.578 90.00 90.1600 8.7 -0.163 -0.005
1112.679 90.00 90.1500 9.2 -0.152 0.065
1112.778 90.00 90.1600 8.7 -0.160 -0.007
1112.877 90.00 90.1500 8.9 -0.154 0.027
1112.977 90.00 90.1500 9.1 -0.149 0.053
1113.076 90.00 90.1400 9.2 -0.146 0.068
1113.176 90.00 90.1600 8.6 -0.157 -0.021
1113.276 90.00 90.1500 8.8 -0.151 0.012
1113.375 90.00 90.1400 9.1 -0.143 0.062
1113.475 90.00 90.1400 9.2 -0.139 0.076
1113.574 90.00 90.1400 9.2 -0.138 0.075
1113.674 90.00 90.1200 9.9 -0.121 0.186
1113.774 90.00 90.1300 9.5 -0.128 0.118
1113.872 90.00 90.1200 9.6 -0.124 0.132
1113.974 90.00 90.1200 9.7 -0.120 0.151
1114.072 90.00 90.1100 9.8 -0.114 0.176
1114.172 90.00 90.1200 9.4 -0.123 0.098
1114.273 90.00 90.1200 9.6 -0.117 0.129
1114.370 90.00 90.1200 9.3 -0.121 0.095
1114.472 90.00 90.1000 10.0 -0.104 0.202
1114.571 90.00 90.1100 9.8 -0.107 0.163
1114.669 90.00 90.1100 9.7 -0.107 0.151
1114.771 90.00 90.1000 9.9 -0.101 0.183
1114.868 90.00 90.0900 10.1 -0.094 0.217
1114.970 90.00 90.0900 10.1 -0.092 0.212
1115.069 90.00 90.0900 9.8 -0.095 0.174
1115.167 90.00 90.0800 10.2 -0.085 0.232
1115.269 90.00 90.0800 10.1 -0.085 0.217
1115.366 90.00 90.0800 10.1 -0.082 0.223
1115.468 90.00 90.0800 10.2 -0.078 0.237
1115.566 90.00 90.0800 10.2 -0.077 0.230
1115.666 90.00 90.0700 10.2 -0.074 0.231
1115.766 90.00 90.0600 10.6 -0.062 0.300
1115.865 90.00 90.0600 10.5 -0.061 0.288
1115.965 90.00 90.0600 10.2 -0.065 0.244
1116.065 90.00 90.0800 9.7 -0.076 0.151
1116.163 90.00 90.0600 10.1 -0.064 0.223
1116.265 90.00 90.0600 10.0 -0.066 0.199
1116.364 90.00 90.0300 11.4 -0.031 0.427
1116.463 90.00 90.0600 10.2 -0.056 0.228
1116.564 90.00 90.0600 9.9 -0.059 0.193
1116.661 90.00 89.9900 12.7 0.006 0.640
1116.763 90.00 90.0400 10.5 -0.041 0.280
1116.862 90.00 90.0400 10.3 -0.043 0.246
1116.960 90.00 90.0200 11.3 -0.017 0.413
1117.062 90.00 90.0300 10.4 -0.035 0.265
1117.159 90.00 90.0300 10.3 -0.036 0.246
1117.261 90.00 90.0300 10.2 -0.034 0.245
1117.360 90.00 90.1100 6.8 -0.112 -0.314
1117.458 90.00 90.0200 10.7 -0.023 0.317
1117.560 90.00 90.0300 10.3 -0.030 0.252
1117.658 90.00 90.0300 10.1 -0.031 0.228
1117.758 90.00 90.0200 10.5 -0.021 0.289
1117.858 90.00 90.0200 10.3 -0.025 0.247
1117.956 90.00 90.0100 10.6 -0.015 0.301
1118.058 90.00 90.0200 10.3 -0.021 0.246
1118.156 90.00 90.0200 10.2 -0.019 0.243
1118.256 90.00 90.0100 10.3 -0.015 0.257
1118.357 90.00 90.0200 9.9 -0.023 0.192
1118.454 90.00 90.0100 10.3 -0.013 0.249
1118.556 90.00 90.0000 10.7 -0.001 0.320
1118.655 90.00 90.0100 10.4 -0.006 0.265
1118.754 90.00 90.0100 10.2 -0.008 0.241
1118.855 90.00 90.0000 10.3 -0.005 0.252
1118.952 90.00 90.0200 9.7 -0.018 0.148
1119.054 90.00 90.0000 10.3 -0.001 0.258
1119.153 90.00 90.0000 10.4 0.004 0.276
1119.251 90.00 90.0000 10.3 0.004 0.261
1119.353 90.00 90.0000 9.9 -0.006 0.184
1119.451 90.00 90.0000 10.0 -0.001 0.208
1119.551 90.00 89.9900 10.6 0.013 0.294
1119.651 90.00 89.9900 10.3 0.009 0.255
1119.750 90.00 89.9900 10.1 0.007 0.224
1119.851 90.00 89.9900 10.1 0.009 0.226
1119.949 90.00 89.9900 10.1 0.009 0.221
1120.050 90.00 89.9900 9.8 0.005 0.178
1120.149 90.00 89.9900 9.9 0.007 0.185
1120.247 90.00 89.9900 10.0 0.011 0.203
1120.349 90.00 89.9800 10.4 0.022 0.270
1120.447 90.00 89.9900 9.8 0.009 0.168
1120.547 90.00 89.9700 10.7 0.032 0.324
1120.648 90.00 89.9800 10.1 0.019 0.219
1120.745 90.00 89.9800 9.9 0.016 0.188
1120.847 90.00 89.9800 9.9 0.018 0.193
1120.946 90.00 89.9800 10.1 0.023 0.214
1121.045 90.00 90.0100 8.7 -0.007 -0.003
1121.146 90.00 89.9800 9.9 0.020 0.184
1121.243 90.00 89.9700 10.2 0.028 0.235
1121.345 90.00 89.9800 9.8 0.020 0.169
1121.444 90.00 89.9800 9.8 0.022 0.175
1121.542 90.00 89.9800 9.8 0.022 0.164
1121.644 90.00 89.9700 10.0 0.029 0.205
1121.741 90.00 89.9700 9.8 0.024 0.164
1121.843 90.00 89.9800 9.4 0.018 0.114
1121.941 90.00 89.9700 9.7 0.025 0.157
1122.041 90.00 89.9700 9.9 0.031 0.195
1122.142 90.00 89.9200 11.9 0.077 0.507
1122.239 90.00 89.9700 9.5 0.025 0.121
1122.341 90.00 89.9800 9.4 0.023 0.102
1122.439 90.00 89.9700 9.4 0.025 0.112
1122.539 90.00 89.9500 10.5 0.051 0.292
1122.640 90.00 89.9600 9.9 0.039 0.195
1122.739 90.00 89.9700 9.3 0.026 0.098
1122.838 90.00 89.9700 9.5 0.030 0.122
1122.938 90.00 89.9700 9.5 0.032 0.129
1123.037 90.00 89.9800 9.2 0.024 0.068
1123.137 90.00 89.9700 9.3 0.026 0.085
1123.237 90.00 89.9700 9.4 0.031 0.114
1123.336 90.00 89.9600 9.6 0.036 0.144
1123.437 90.00 89.9800 9.0 0.022 0.043
1123.534 90.00 89.9700 9.1 0.025 0.059
1123.636 90.00 89.9500 10.0 0.046 0.204
1123.734 90.00 89.9600 9.5 0.036 0.126
1123.834 90.00 89.9700 9.2 0.028 0.067
1123.935 90.00 89.9700 9.0 0.025 0.046
1124.032 90.00 89.9700 9.3 0.033 0.098
1124.134 90.00 89.9600 9.6 0.039 0.139
1124.232 90.00 89.9700 9.2 0.030 0.068
1124.332 90.00 89.9700 9.0 0.026 0.039
1124.433 90.00 89.9700 9.2 0.031 0.075
1124.530 90.00 89.9700 9.0 0.026 0.041
1124.632 90.00 89.9700 9.2 0.032 0.076
1124.730 90.00 89.9700 9.0 0.026 0.036
1124.830 90.00 89.9800 8.8 0.023 0.015
1124.931 90.00 89.9700 9.1 0.030 0.063
1125.029 90.00 89.9700 9.1 0.028 0.049
1125.129 90.00 89.9700 8.9 0.025 0.026
1125.229 90.00 89.9700 9.2 0.032 0.078
1125.328 90.00 89.9700 9.1 0.031 0.062
1125.429 90.00 89.9700 9.0 0.029 0.047
1125.527 90.00 89.9800 8.7 0.022 -0.003
1125.627 90.00 89.9800 8.7 0.020 -0.010
1125.727 90.00 89.9800 8.6 0.018 -0.029
1125.826 90.00 89.9700 9.1 0.030 0.058
1125.926 90.00 89.9500 9.8 0.047 0.179
1126.026 90.00 89.9800 8.7 0.022 -0.002
1126.124 90.00 89.9700 8.8 0.024 0.013
1126.226 90.00 89.9700 8.9 0.026 0.029
1126.324 90.00 89.9800 8.7 0.020 -0.014
1126.424 90.00 89.9700 8.9 0.025 0.022
1126.524 90.00 89.9700 8.9 0.025 0.019
1126.622 90.00 89.9700 8.9 0.025 0.019
1126.724 90.00 89.9800 8.6 0.018 -0.027
1126.822 90.00 89.9800 8.7 0.019 -0.016
1126.922 90.00 89.9800 8.6 0.017 -0.031
1127.023 90.00 89.9800 8.7 0.020 -0.005
1127.120 90.00 89.9900 8.4 0.013 -0.054
1127.222 90.00 89.9800 8.7 0.018 -0.016
1127.321 90.00 89.9800 8.5 0.014 -0.040
1127.420 90.00 89.9800 8.7 0.019 -0.002
1127.520 90.00 90.0100 7.5 -0.010 -0.210
1127.619 90.00 89.9800 8.8 0.019 0.009
1127.720 90.00 89.9800 8.7 0.017 -0.007
1127.818 90.00 89.9900 8.3 0.008 -0.070
1127.918 90.00 89.9900 8.5 0.011 -0.047
1128.019 90.00 89.9800 8.7 0.015 -0.016
1128.116 90.00 89.9900 8.3 0.007 -0.066
1128.218 90.00 89.9900 8.2 0.004 -0.083
1128.316 90.00 89.9800 8.7 0.015 -0.001
1128.416 90.00 90.0000 8.1 -0.000 -0.111
1128.517 90.00 90.0000 8.2 0.002 -0.090
1128.614 90.00 89.9900 8.4 0.007 -0.050
1128.716 90.00 89.9900 8.6 0.011 -0.018
1128.814 90.00 90.0000 8.2 0.001 -0.088
1128.914 90.00 89.9900 8.5 0.006 -0.046
1129.015 90.00 89.9800 8.8 0.014 0.014
1129.113 90.00 89.9900 8.8 0.012 0.001
1129.213 90.00 90.0000 8.3 0.001 -0.076
1129.313 90.00 90.0000 8.1 -0.003 -0.102
1129.412 90.00 90.0000 8.3 0.000 -0.076
1129.513 90.00 89.9900 8.6 0.007 -0.024
1129.612 90.00 90.0000 8.3 0.001 -0.068
1129.711 90.00 90.0000 8.5 0.003 -0.047
1129.811 90.00 89.9900 8.7 0.009 -0.001
1129.910 90.00 90.0000 8.4 0.002 -0.053
1130.010 90.00 90.0000 8.4 0.001 -0.054
1130.110 90.00 90.0000 8.2 -0.003 -0.083
1130.209 90.00 90.0000 8.5 0.002 -0.039
1130.309 90.00 90.0000 8.6 0.004 -0.029
1130.408 90.00 90.0100 8.0 -0.010 -0.124
1130.508 90.00 90.0200 7.7 -0.017 -0.163
1130.608 90.00 90.0100 8.2 -0.007 -0.091
1130.707 90.00 90.0100 8.2 -0.009 -0.096
1130.808 90.00 90.0100 8.1 -0.011 -0.106
1130.906 90.00 90.0100 8.1 -0.011 -0.103
1131.006 90.00 90.0100 8.0 -0.015 -0.126
1131.107 90.00 90.0100 8.4 -0.007 -0.062
1131.204 90.00 90.0100 8.1 -0.013 -0.102
1131.306 90.00 90.0100 8.3 -0.009 -0.068
1131.405 90.00 90.0100 8.2 -0.011 -0.084
1131.504 90.00 90.0100 8.4 -0.007 -0.051
1131.604 90.00 90.0100 8.1 -0.015 -0.106
1131.703 90.00 90.0100 8.3 -0.010 -0.065
1131.804 90.00 90.0200 7.8 -0.023 -0.150
1131.903 90.00 90.0300 7.7 -0.026 -0.171
1132.002 90.00 90.0100 8.3 -0.014 -0.075
1132.102 90.00 90.0200 8.0 -0.020 -0.116
1132.201 90.00 90.0200 8.2 -0.018 -0.097
1132.301 90.00 90.0100 8.4 -0.012 -0.050
1132.401 90.00 90.0300 7.8 -0.028 -0.161
1132.500 90.00 90.0200 8.1 -0.021 -0.106
1132.600 90.00 90.0200 8.3 -0.017 -0.076
1132.699 90.00 90.0200 8.2 -0.019 -0.087
1132.800 90.00 90.0200 8.3 -0.017 -0.070
1132.899 90.00 90.0100 8.6 -0.011 -0.025
1132.998 90.00 90.0400 7.1 -0.046 -0.264
1133.099 90.00 90.0200 8.1 -0.024 -0.099
1133.197 90.00 90.0400 7.5 -0.039 -0.203
1133.297 90.00 90.0200 8.2 -0.023 -0.083
1133.398 90.00 90.0200 8.4 -0.020 -0.061
1133.495 90.00 90.0200 8.3 -0.022 -0.067
1133.597 90.00 90.0400 7.5 -0.041 -0.204
1133.696 90.00 90.0000 9.4 0.002 0.108
1133.794 90.00 90.0300 8.0 -0.030 -0.118
1133.896 90.00 90.0300 7.9 -0.033 -0.138
1133.993 90.00 90.0300 8.2 -0.028 -0.096
1134.095 90.00 90.0300 8.0 -0.031 -0.119
1134.194 90.00 90.0200 8.3 -0.026 -0.077
1134.292 90.00 90.0300 7.9 -0.035 -0.139
1134.394 90.00 90.0200 8.6 -0.021 -0.030
1134.491 90.00 90.0300 8.2 -0.028 -0.083
1134.593 90.00 90.0300 8.1 -0.032 -0.107
1134.692 90.00 90.0200 8.7 -0.019 -0.014
1134.790 90.00 90.0400 7.7 -0.041 -0.168
1134.892 90.00 90.0400 7.8 -0.039 -0.148
1134.989 90.00 90.0300 8.2 -0.032 -0.092
1135.091 90.00 90.0400 7.9 -0.038 -0.130
1135.190 90.00 90.0300 8.1 -0.035 -0.108
1135.288 90.00 90.0300 8.3 -0.031 -0.070
1135.390 90.00 90.0400 7.9 -0.040 -0.133
1135.489 90.00 90.0300 8.3 -0.031 -0.065
1135.588 90.00 90.0300 8.2 -0.033 -0.079
1135.688 90.00 90.0400 7.9 -0.042 -0.137
1135.787 90.00 90.0300 8.2 -0.035 -0.085
1135.887 90.00 90.0400 8.1 -0.039 -0.111
1135.987 90.00 90.0400 8.2 -0.037 -0.093
1136.085 90.00 90.0700 6.8 -0.068 -0.305
1136.187 90.00 90.0400 8.1 -0.041 -0.109
1136.285 90.00 90.0400 8.0 -0.044 -0.127
1136.385 90.00 90.0400 8.0 -0.045 -0.125
1136.485 90.00 90.0500 7.7 -0.050 -0.161
1136.583 90.00 90.0400 8.0 -0.046 -0.125
1136.685 90.00 90.0400 8.3 -0.039 -0.074
1136.783 90.00 90.0500 7.9 -0.048 -0.134
1136.884 90.00 90.0400 8.1 -0.044 -0.099
1136.983 90.00 90.0500 7.7 -0.054 -0.171
1137.081 90.00 90.0400 8.3 -0.040 -0.065
1137.183 90.00 90.0700 7.2 -0.068 -0.258
1137.281 90.00 90.0400 8.4 -0.041 -0.060
1137.382 90.00 90.0500 8.0 -0.049 -0.113
1137.482 90.00 90.0500 8.0 -0.051 -0.127
1137.579 90.00 90.0500 8.1 -0.048 -0.102
1137.681 90.00 90.0400 8.3 -0.044 -0.072
1137.780 90.00 90.0500 8.2 -0.047 -0.089
1137.879 90.00 90.0500 8.2 -0.047 -0.092
1137.980 90.00 90.0500 8.2 -0.047 -0.087
1138.077 90.00 90.0600 7.7 -0.058 -0.164
1138.179 90.00 90.0400 8.3 -0.046 -0.072
1138.278 90.00 90.0400 8.5 -0.042 -0.042
1138.376 90.00 90.0500 8.2 -0.049 -0.090
1138.478 90.00 90.0400 8.3 -0.046 -0.070
1138.575 90.00 90.0500 8.0 -0.055 -0.128
1138.677 90.00 90.0500 8.3 -0.047 -0.074
1138.776 90.00 90.0500 8.3 -0.048 -0.077
1138.874 90.00 90.0500 8.0 -0.054 -0.118
1138.976 90.00 90.0500 8.0 -0.055 -0.122
1139.073 90.00 90.0600 7.6 -0.065 -0.189
1139.175 90.00 90.0500 8.0 -0.056 -0.118
1139.274 90.00 90.0600 7.9 -0.059 -0.139
1139.373 90.00 90.0600 8.0 -0.057 -0.118
1139.473 90.00 90.0500 8.2 -0.052 -0.080
1139.572 90.00 90.0400 8.7 -0.043 -0.013
1139.672 90.00 90.0500 8.1 -0.054 -0.095
1139.772 90.00 90.0700 7.6 -0.068 -0.188
1139.871 90.00 90.0600 8.0 -0.058 -0.116
1139.971 90.00 90.0600 7.8 -0.064 -0.150
1140.071 90.00 90.0600 7.8 -0.065 -0.159
1140.169 90.00 90.0600 8.0 -0.061 -0.122
1140.271 90.00 90.0600 8.1 -0.058 -0.098
1140.369 90.00 90.0600 8.1 -0.059 -0.107
1140.469 90.00 90.0600 7.8 -0.066 -0.150
1140.569 90.00 90.0600 8.0 -0.061 -0.114
1140.667 90.00 90.0600 7.9 -0.064 -0.133
1140.769 90.00 90.0700 7.8 -0.068 -0.154
1140.866 90.00 90.0600 8.1 -0.062 -0.110
1140.968 90.00 90.0800 7.3 -0.079 -0.225
1141.067 90.00 90.0700 7.7 -0.072 -0.171
1141.165 90.00 90.0600 8.0 -0.065 -0.113
1141.267 90.00 90.0600 8.0 -0.065 -0.110
1141.364 90.00 90.0500 8.8 -0.048 0.007
1141.466 90.00 90.0800 7.3 -0.081 -0.225
1141.565 90.00 90.0800 7.4 -0.080 -0.207
1141.663 90.00 90.0800 7.6 -0.076 -0.178
1141.765 90.00 90.0700 8.0 -0.067 -0.111
1141.863 90.00 90.0800 7.7 -0.077 -0.173
1141.963 90.00 90.0400 9.2 -0.041 0.078
1142.064 90.00 90.0700 7.7 -0.076 -0.171
1142.161 90.00 90.0700 8.1 -0.068 -0.107
1142.263 90.00 90.0800 7.7 -0.076 -0.165
1142.361 90.00 90.0700 8.0 -0.070 -0.119
1142.461 90.00 90.0700 7.8 -0.076 -0.155
1142.562 90.00 90.0700 8.2 -0.067 -0.087
1142.659 90.00 90.0700 7.8 -0.076 -0.151
1142.761 90.00 90.0700 7.9 -0.075 -0.138
1142.860 90.00 90.0800 7.8 -0.077 -0.149
1142.958 90.00 90.0800 7.8 -0.076 -0.143
1143.060 90.00 90.0700 8.0 -0.073 -0.116
1143.157 90.00 90.0800 7.8 -0.078 -0.150
1143.259 90.00 90.0800 7.6 -0.083 -0.179
1143.358 90.00 90.0700 7.9 -0.076 -0.125
1143.457 90.00 90.0700 8.2 -0.071 -0.088
1143.557 90.00 90.0700 8.1 -0.073 -0.101
1143.656 90.00 90.0700 8.2 -0.072 -0.092
1143.756 90.00 90.0700 8.2 -0.070 -0.082
1143.857 90.00 90.0700 8.1 -0.074 -0.104
1143.954 90.00 90.0800 7.9 -0.077 -0.129
1144.056 90.00 90.0700 8.2 -0.071 -0.081
1144.155 90.00 90.0800 7.6 -0.086 -0.184
1144.254 90.00 90.0700 8.2 -0.073 -0.088
1144.355 90.00 90.0700 8.4 -0.068 -0.056
1144.453 90.00 90.0700 8.1 -0.073 -0.092
1144.554 90.00 90.0700 8.1 -0.074 -0.097
1144.653 90.00 90.0800 8.0 -0.078 -0.123
1144.751 90.00 90.0800 8.0 -0.076 -0.109
1144.853 90.00 90.0600 8.5 -0.066 -0.035
1144.950 90.00 90.0600 8.5 -0.065 -0.028
1145.052 90.00 90.0800 7.9 -0.080 -0.135
1145.151 90.00 90.0700 8.3 -0.070 -0.065
1145.249 90.00 90.0700 8.3 -0.071 -0.069
1145.351 90.00 90.0700 8.2 -0.073 -0.085
1145.449 90.00 90.0300 10.1 -0.028 0.230
1145.550 90.00 90.0700 8.1 -0.072 -0.092
1145.649 90.00 90.0600 8.4 -0.066 -0.049
1145.747 90.00 90.0900 7.1 -0.096 -0.257
1145.849 90.00 90.0800 7.7 -0.084 -0.163
1145.947 90.00 90.0700 8.2 -0.071 -0.074
1146.048 90.00 90.0700 8.3 -0.069 -0.059
1146.148 90.00 90.0700 8.3 -0.070 -0.062
1146.245 90.00 90.0700 8.4 -0.067 -0.043
1146.347 90.00 90.0700 8.2 -0.072 -0.082
1146.446 90.00 90.0800 8.0 -0.077 -0.114
1146.544 90.00 90.0700 8.3 -0.069 -0.058
1146.646 90.00 90.0600 8.6 -0.063 -0.014
1146.743 90.00 90.0700 8.3 -0.071 -0.072
1146.845 90.00 90.0700 8.4 -0.068 -0.051
1146.944 90.00 90.0700 8.4 -0.068 -0.056
1147.042 90.00 90.0700 8.2 -0.072 -0.079
1147.144 90.00 90.0600 8.4 -0.066 -0.041
1147.241 90.00 90.0700 8.3 -0.070 -0.069
1147.343 90.00 90.0700 8.1 -0.074 -0.098
1147.441 90.00 90.0700 8.2 -0.073 -0.087
1147.541 90.00 90.0700 8.3 -0.069 -0.058
1147.641 90.00 90.0700 8.4 -0.067 -0.050
1147.740 90.00 90.0600 8.8 -0.058 0.013
1147.841 90.00 90.0700 8.2 -0.072 -0.088
1147.940 90.00 90.0700 8.4 -0.066 -0.046
1148.039 90.00 90.0600 8.6 -0.062 -0.018
1148.139 90.00 90.0600 8.6 -0.061 -0.009
1148.239 90.00 90.0700 8.1 -0.072 -0.093
1148.338 90.00 90.0500 8.8 -0.056 0.021
1148.439 90.00 90.0700 8.3 -0.068 -0.067
1148.537 90.00 90.0600 8.5 -0.064 -0.036
1148.637 90.00 90.0700 8.1 -0.072 -0.095
1148.737 90.00 90.0600 8.6 -0.060 -0.009
1148.835 90.00 90.0900 7.4 -0.087 -0.205
1148.937 90.00 90.0700 8.2 -0.071 -0.084
1149.034 90.00 90.0600 8.8 -0.056 0.019
1149.136 90.00 90.0700 8.1 -0.073 -0.101
1149.235 90.00 90.0600 8.4 -0.065 -0.045
1149.333 90.00 90.0700 8.3 -0.066 -0.055
1149.435 90.00 90.0600 8.5 -0.064 -0.038
1149.533 90.00 90.0600 8.8 -0.056 0.014
1149.633 90.00 90.0700 8.1 -0.071 -0.091
1149.733 90.00 90.0600 8.4 -0.065 -0.047
1149.831 90.00 90.0600 8.5 -0.062 -0.030
1149.933 90.00 90.0700 8.3 -0.066 -0.062
1150.031 90.00 90.0600 8.5 -0.062 -0.033
1150.131 90.00 90.0600 8.6 -0.059 -0.010
1150.232 90.00 90.0600 8.5 -0.062 -0.033
1150.329 90.00 90.0700 8.0 -0.074 -0.118
1150.431 90.00 90.0800 7.7 -0.080 -0.157
1150.530 90.00 90.0500 8.8 -0.054 0.025
1150.629 90.00 90.0700 8.0 -0.073 -0.112
1150.730 90.00 90.0600 8.6 -0.060 -0.020
1150.827 90.00 90.0600 8.3 -0.066 -0.061
1150.929 90.00 90.0500 8.9 -0.052 0.036
1151.028 90.00 90.0600 8.6 -0.060 -0.022
1151.126 90.00 90.0600 8.4 -0.064 -0.053
1151.228 90.00 90.0600 8.6 -0.059 -0.018
1151.326 90.00 90.0600 8.3 -0.065 -0.066
1151.427 90.00 90.0600 8.4 -0.062 -0.045
1151.525 90.00 90.0500 8.7 -0.056 -0.003
1151.625 90.00 90.0700 8.2 -0.067 -0.083
1151.725 90.00 90.0500 8.7 -0.055 0.000
1151.824 90.00 90.0600 8.5 -0.059 -0.030
1151.924 90.00 90.0600 8.2 -0.066 -0.077
1152.024 90.00 90.0600 8.5 -0.060 -0.037
1152.123 90.00 90.0300 9.6 -0.033 0.149
1152.224 90.00 90.0800 7.3 -0.086 -0.225
1152.322 90.00 90.0600 8.5 -0.059 -0.031
1152.422 90.00 90.0600 8.4 -0.061 -0.049
1152.523 90.00 90.0600 8.4 -0.060 -0.039
1152.621 90.00 90.0800 7.5 -0.081 -0.188
1152.721 90.00 90.0600 8.4 -0.061 -0.042
1152.821 90.00 90.0500 8.6 -0.056 -0.007
1152.919 90.00 90.0600 8.3 -0.063 -0.059
1153.021 90.00 90.0500 8.8 -0.052 0.012
1153.119 90.00 90.0800 7.5 -0.080 -0.182
1153.219 90.00 90.0600 8.5 -0.060 -0.036
1153.319 90.00 90.0700 8.0 -0.071 -0.117
1153.417 90.00 90.0600 8.4 -0.061 -0.042
1153.519 90.00 90.0600 8.6 -0.057 -0.020
1153.617 90.00 90.0500 8.9 -0.050 0.030
1153.718 90.00 90.0600 8.5 -0.058 -0.029
1153.817 90.00 90.0600 8.2 -0.064 -0.072
1153.915 90.00 90.0600 8.5 -0.058 -0.030
1154.017 90.00 90.0600 8.5 -0.058 -0.031
1154.115 90.00 90.0600 8.5 -0.058 -0.033
1154.215 90.00 90.0500 8.6 -0.055 -0.017
1154.315 90.00 90.0500 8.6 -0.053 -0.005
1154.413 90.00 90.0500 8.8 -0.049 0.023
1154.515 90.00 90.0500 8.5 -0.055 -0.023
1154.614 90.00 90.0600 8.4 -0.057 -0.040
1154.714 90.00 90.0400 8.9 -0.045 0.044
1154.814 90.00 90.0500 8.7 -0.051 -0.001
1154.912 90.00 90.0500 8.5 -0.054 -0.028
1155.013 90.00 90.0600 8.3 -0.058 -0.056
1155.111 90.00 90.0600 8.4 -0.057 -0.049
1155.211 90.00 90.0400 8.9 -0.045 0.039
1155.312 90.00 90.0500 8.5 -0.053 -0.024
1155.410 90.00 90.0500 8.8 -0.047 0.015
1155.511 90.00 90.0500 8.5 -0.052 -0.021
1155.610 90.00 90.0500 8.4 -0.055 -0.041
1155.708 90.00 90.0500 8.4 -0.056 -0.051
1155.810 90.00 90.0500 8.5 -0.052 -0.027
1155.908 90.00 90.0500 8.6 -0.051 -0.015
1156.009 90.00 90.0500 8.7 -0.049 -0.003
1156.108 90.00 90.0300 9.6 -0.028 0.142
1156.206 90.00 90.0500 8.5 -0.051 -0.029
1156.308 90.00 90.0400 8.8 -0.044 0.016
1156.406 90.00 90.0600 8.2 -0.057 -0.073
1156.506 90.00 90.0300 9.2 -0.035 0.080
1156.607 90.00 90.0400 8.7 -0.045 0.004
1156.704 90.00 90.0500 8.6 -0.047 -0.016
1156.806 90.00 90.0400 8.9 -0.040 0.034
1156.905 90.00 90.0600 8.1 -0.058 -0.093
1157.004 90.00 90.0400 8.8 -0.042 0.018
1157.105 90.00 90.0400 8.8 -0.041 0.024
1157.202 90.00 90.0400 8.7 -0.043 0.003
1157.304 90.00 90.0400 8.7 -0.043 0.001
1157.403 90.00 90.0400 8.6 -0.044 -0.008
1157.501 90.00 90.0400 8.5 -0.046 -0.024
1157.603 90.00 90.0400 8.9 -0.036 0.043
1157.701 90.00 90.0400 8.7 -0.041 0.006
1157.802 90.00 90.0400 8.9 -0.037 0.035
1157.901 90.00 90.0400 8.7 -0.041 0.002
1157.999 90.00 90.0400 8.7 -0.040 0.007
1158.101 90.00 90.0400 8.7 -0.040 0.006
1158.198 90.00 90.0400 8.8 -0.037 0.020
1158.300 90.00 90.0300 9.2 -0.029 0.079
1158.399 90.00 90.0500 8.3 -0.047 -0.059
1158.497 90.00 90.0300 8.8 -0.035 0.026
1158.599 90.00 90.0400 8.5 -0.042 -0.022
1158.697 90.00 90.0300 9.1 -0.028 0.076
1158.797 90.00 90.0300 9.0 -0.029 0.061
1158.898 90.00 90.0400 8.6 -0.038 -0.005
1158.995 90.00 90.0300 9.0 -0.030 0.048
1159.097 90.00 90.0300 8.9 -0.030 0.044
1159.196 90.00 90.0300 8.8 -0.032 0.023
1159.295 90.00 90.0300 9.0 -0.028 0.050
1159.395 90.00 90.0100 9.5 -0.015 0.139
1159.494 90.00 90.0300 8.6 -0.035 -0.008
1159.594 90.00 90.0200 9.1 -0.025 0.062
1159.694 90.00 90.0300 8.6 -0.033 -0.004
1159.793 90.00 90.0300 8.7 -0.032 0.002
1159.894 90.00 90.0300 8.9 -0.028 0.032
1159.992 90.00 90.0200 9.1 -0.021 0.077
1160.092 90.00 90.0300 8.6 -0.033 -0.011
1160.192 90.00 90.0300 8.8 -0.029 0.018
1160.291 90.00 90.0200 9.1 -0.022 0.065
1160.391 90.00 90.0200 8.9 -0.025 0.039
1160.490 90.00 90.0400 8.4 -0.037 -0.050
1160.590 90.00 90.0200 9.0 -0.023 0.048
1160.690 90.00 90.0200 8.8 -0.025 0.027
1160.789 90.00 90.0300 8.5 -0.032 -0.024
1160.889 90.00 90.0200 9.0 -0.021 0.056
1160.989 90.00 90.0200 9.0 -0.020 0.059
1161.088 90.00 90.0300 8.7 -0.028 0.002
1161.189 90.00 90.0200 8.8 -0.023 0.030
1161.287 90.00 90.0300 8.7 -0.028 -0.002
1161.388 90.00 90.0200 8.9 -0.020 0.047
1161.487 90.00 90.0200 8.8 -0.023 0.028
1161.585 90.00 90.0200 9.0 -0.017 0.062
1161.687 90.00 90.0200 8.8 -0.024 0.015
1161.785 90.00 90.0200 9.0 -0.018 0.054
1161.886 90.00 90.0100 9.1 -0.015 0.070
1161.985 90.00 90.0100 9.1 -0.014 0.072
1162.083 90.00 90.0200 8.9 -0.018 0.042
1162.185 90.00 90.0200 8.5 -0.026 -0.019
1162.283 90.00 90.0200 8.8 -0.021 0.016
1162.383 90.00 90.0100 9.2 -0.010 0.088
1162.483 90.00 90.0100 9.0 -0.015 0.049
1162.581 90.00 90.0100 9.3 -0.008 0.098
1162.683 90.00 90.0100 8.9 -0.014 0.047
1162.781 90.00 90.0000 9.4 -0.004 0.115
1162.882 90.00 90.0000 9.2 -0.006 0.095
1162.982 90.00 90.0100 9.1 -0.010 0.063
1163.079 90.00 90.0100 9.1 -0.008 0.076
1163.181 90.00 90.0100 9.1 -0.007 0.073
1163.280 90.00 90.0000 9.3 -0.002 0.108
1163.380 90.00 90.0000 9.2 -0.004 0.086
1163.479 90.00 90.0000 9.2 -0.004 0.082
1163.578 90.00 90.0000 9.3 -0.001 0.102
1163.679 90.00 90.0000 9.2 -0.002 0.090
1163.778 90.00 90.0100 8.8 -0.011 0.017
1163.877 90.00 90.0000 9.1 -0.004 0.066
1163.977 90.00 90.0000 9.1 -0.003 0.069
1164.076 90.00 90.0100 8.9 -0.007 0.039
1164.176 90.00 90.0000 9.0 -0.005 0.054
1164.276 90.00 90.0000 9.0 -0.004 0.058
1164.375 90.00 90.0000 9.3 0.003 0.098
1164.475 90.00 90.0500 7.0 -0.049 -0.265
1164.574 90.00 90.0000 9.2 -0.001 0.081
1164.674 90.00 90.0000 9.2 0.002 0.096
1164.774 90.00 90.0000 9.0 -0.003 0.057
1164.873 90.00 90.0000 9.0 -0.003 0.051
1164.974 90.00 90.0000 9.2 0.003 0.089
1165.072 90.00 89.9900 9.6 0.013 0.158
1165.172 90.00 89.9900 9.3 0.006 0.099
1165.273 90.00 90.0000 9.2 0.004 0.081
1165.371 90.00 89.9900 9.5 0.012 0.135
1165.472 90.00 89.9900 9.5 0.012 0.130
1165.571 90.00 89.9900 9.4 0.012 0.125
1165.669 90.00 89.9900 9.3 0.011 0.111
1165.771 90.00 89.9900 9.3 0.011 0.106
1165.868 90.00 89.9900 9.3 0.012 0.106
1165.970 90.00 89.9900 9.3 0.013 0.110
1166.069 90.00 90.0000 8.9 0.003 0.038
1166.167 90.00 89.9800 9.7 0.021 0.161
1166.269 90.00 89.9800 9.3 0.015 0.109
1166.367 90.00 89.9800 9.5 0.018 0.129
1166.467 90.00 89.9800 9.4 0.018 0.120
1166.567 90.00 89.9800 9.3 0.017 0.112
1166.665 90.00 89.9800 9.2 0.015 0.093
1166.767 90.00 89.9700 9.7 0.027 0.173
1166.865 90.00 89.9800 9.2 0.017 0.096
1166.965 90.00 89.9800 9.3 0.020 0.112
1167.065 90.00 89.9800 9.1 0.015 0.074
1167.163 90.00 89.9800 9.2 0.017 0.081
1167.265 90.00 89.9800 9.3 0.020 0.103
1167.363 90.00 89.9800 9.3 0.022 0.111
1167.463 90.00 89.9800 9.3 0.022 0.107
1167.563 90.00 89.9800 9.3 0.022 0.099
1167.662 90.00 89.9800 9.3 0.023 0.101
1167.762 90.00 89.9700 9.4 0.025 0.114
1167.862 90.00 89.9800 9.0 0.018 0.061
1167.961 90.00 89.9700 9.3 0.025 0.108
1168.062 90.00 89.9800 8.9 0.016 0.041
1168.160 90.00 89.9700 9.6 0.032 0.151
1168.260 90.00 89.9700 9.3 0.026 0.101
1168.360 90.00 89.9700 9.2 0.024 0.087
1168.459 90.00 89.9700 9.3 0.026 0.098
1168.559 90.00 89.9700 9.2 0.026 0.093
1168.658 90.00 89.9800 8.8 0.017 0.029
1168.758 90.00 89.9800 9.1 0.022 0.062
1168.858 90.00 89.9800 9.1 0.023 0.064
1168.956 90.00 89.9500 10.0 0.045 0.217
1169.058 90.00 89.9700 9.2 0.027 0.081
1169.156 90.00 89.9700 9.1 0.026 0.073
1169.256 90.00 89.9600 9.5 0.034 0.130
1169.357 90.00 89.9700 9.0 0.025 0.057
1169.454 90.00 89.9800 8.9 0.022 0.038
1169.556 90.00 89.9700 9.4 0.033 0.113
1169.655 90.00 89.9700 9.1 0.027 0.067
1169.754 90.00 89.9800 8.9 0.023 0.035
1169.855 90.00 89.9800 8.9 0.023 0.038
1169.953 90.00 89.9800 8.9 0.023 0.037
1170.054 90.00 89.9800 8.8 0.021 0.023
1170.153 90.00 89.9700 9.0 0.026 0.058
1170.251 90.00 89.9800 8.7 0.018 0.001
1170.353 90.00 89.9700 9.3 0.032 0.101
1170.450 90.00 89.9700 9.2 0.032 0.090
1170.551 90.00 90.0000 7.8 -0.000 -0.136
1170.651 90.00 89.9600 9.3 0.034 0.110
1170.749 90.00 89.9800 8.9 0.024 0.034
1170.851 90.00 89.9800 8.7 0.020 0.008
1170.949 90.00 89.9700 9.1 0.029 0.072
1171.050 90.00 89.9700 8.9 0.024 0.037
1171.149 90.00 89.9600 9.6 0.041 0.153
1171.248 90.00 89.9700 9.1 0.030 0.068
1171.349 90.00 89.9700 8.9 0.026 0.041
1171.447 90.00 89.9700 9.2 0.031 0.079
1171.548 90.00 89.9300 10.6 0.064 0.307
1171.646 90.00 89.9700 8.9 0.029 0.045
1171.746 90.00 89.9700 9.1 0.031 0.064
1171.847 90.00 89.9700 8.8 0.025 0.014
1171.945 90.00 89.9700 9.0 0.030 0.051
1172.045 90.00 89.9700 8.8 0.026 0.021
1172.145 90.00 89.9700 8.8 0.027 0.028
1172.244 90.00 89.9700 9.0 0.031 0.058
1172.344 90.00 89.9700 8.9 0.028 0.033
1172.444 90.00 89.9800 8.7 0.023 0.001
1172.543 90.00 89.9700 8.8 0.025 0.019
1172.644 90.00 89.9700 9.1 0.033 0.075
1172.742 90.00 89.9700 9.0 0.030 0.048
1172.842 90.00 89.9700 8.9 0.028 0.034
1172.942 90.00 89.9600 9.2 0.035 0.083
1173.041 90.00 89.9600 9.5 0.043 0.138
1173.142 90.00 89.9700 9.0 0.032 0.057
1173.240 90.00 89.9700 9.0 0.033 0.060
1173.340 90.00 89.9600 9.2 0.038 0.094
1173.440 90.00 89.9600 9.2 0.036 0.078
1173.539 90.00 89.9200 11.0 0.079 0.378
1173.640 90.00 90.0200 6.7 -0.018 -0.316
1173.739 90.00 89.9600 9.2 0.036 0.078
1173.838 90.00 89.9600 9.1 0.035 0.064
1173.939 90.00 89.9600 9.1 0.035 0.066
1174.036 90.00 89.9700 8.8 0.030 0.026
1174.138 90.00 89.9700 9.0 0.033 0.050
1174.237 90.00 89.9500 9.5 0.046 0.141
1174.335 90.00 89.9500 9.5 0.047 0.139
1174.437 90.00 89.9500 9.6 0.049 0.151
1174.534 90.00 89.9500 9.5 0.047 0.133
1174.636 90.00 90.0000 7.2 -0.005 -0.237
1174.735 90.00 89.9600 9.1 0.038 0.073
1174.833 90.00 89.9600 9.2 0.041 0.094
1174.935 90.00 89.9500 9.6 0.050 0.156
1175.032 90.00 89.9600 9.0 0.037 0.056
1175.134 90.00 89.9600 9.0 0.037 0.055
1175.234 90.00 89.9500 9.6 0.050 0.149
1175.332 90.00 89.9600 9.0 0.036 0.046
1175.432 90.00 89.9600 9.3 0.044 0.099
1175.531 90.00 89.9500 9.7 0.053 0.165
1175.631 90.00 89.9600 8.9 0.035 0.033
1175.732 90.00 89.9500 9.3 0.045 0.102
1175.830 90.00 89.9500 9.3 0.046 0.102
1175.930 90.00 89.9500 9.5 0.051 0.137
1176.030 90.00 89.9500 9.3 0.048 0.108
1176.129 90.00 89.9500 9.4 0.050 0.122
1176.229 90.00 89.9500 9.4 0.049 0.112
1176.328 90.00 89.9500 9.5 0.052 0.130
1176.428 90.00 89.9500 9.3 0.048 0.098
1176.528 90.00 89.9400 9.7 0.058 0.166
1176.627 90.00 89.9500 9.5 0.053 0.128
1176.727 90.00 89.9400 9.7 0.060 0.171
1176.826 90.00 89.9400 9.7 0.059 0.161
1176.926 90.00 89.9400 9.5 0.057 0.135
1177.026 90.00 89.9400 9.5 0.057 0.135
1177.125 90.00 89.9400 9.4 0.056 0.123
1177.225 90.00 89.9400 9.4 0.056 0.117
1177.324 90.00 89.9400 9.4 0.055 0.110
1177.424 90.00 89.9400 9.3 0.055 0.107
1177.524 90.00 89.9000 11.4 0.103 0.439
1177.623 90.00 89.9500 9.1 0.052 0.070
1177.723 90.00 89.9400 9.4 0.058 0.109
1177.822 90.00 89.9400 9.4 0.060 0.123
1177.922 90.00 89.9400 9.4 0.060 0.115
1178.023 90.00 89.9400 9.2 0.055 0.078
1178.121 90.00 89.9500 9.0 0.052 0.056
1178.221 90.00 89.9300 9.8 0.070 0.183
1178.321 90.00 89.9400 9.5 0.063 0.127
1178.419 90.00 89.9400 9.4 0.061 0.111
1178.521 90.00 89.9400 9.3 0.060 0.104
1178.619 90.00 89.9500 8.8 0.049 0.022
1178.720 90.00 89.9400 9.2 0.059 0.091
1178.819 90.00 89.9400 9.0 0.054 0.055
1178.917 90.00 89.9400 9.3 0.059 0.094
1179.019 90.00 89.9400 9.1 0.055 0.063
1179.117 90.00 89.9400 9.4 0.063 0.114
1179.218 90.00 89.9400 9.2 0.057 0.075
1179.316 90.00 89.9400 9.3 0.060 0.095
1179.416 90.00 89.9400 9.4 0.063 0.110
1179.516 90.00 89.9400 9.1 0.057 0.066
1179.615 90.00 89.9300 9.5 0.065 0.126
1179.715 90.00 89.9500 8.9 0.053 0.037
1179.815 90.00 89.9300 9.6 0.069 0.150
1179.914 90.00 89.9400 9.0 0.055 0.048
1180.014 90.00 89.9400 9.2 0.059 0.078
1180.114 90.00 89.9400 9.1 0.058 0.069
1180.213 90.00 89.9400 9.2 0.060 0.081
1180.314 90.00 89.9400 9.0 0.056 0.050
1180.412 90.00 89.9500 8.8 0.051 0.014
1180.512 90.00 89.9900 6.8 0.006 -0.299
1180.612 90.00 89.9500 8.9 0.052 0.038
1180.710 90.00 89.9500 8.8 0.048 0.011
1180.812 90.00 89.9400 9.1 0.055 0.064
1180.910 90.00 89.9300 9.6 0.066 0.144
1181.010 90.00 89.9400 9.4 0.063 0.118
1181.110 90.00 89.9400 9.2 0.058 0.079
1181.208 90.00 89.9400 9.2 0.058 0.078
1181.310 90.00 89.9400 9.2 0.058 0.079
1181.408 90.00 89.9400 9.4 0.063 0.110
1181.508 90.00 89.9600 8.2 0.035 -0.086
1181.608 90.00 89.9500 8.8 0.050 0.020
1181.707 90.00 89.9300 9.6 0.067 0.144
1181.808 90.00 89.9300 9.4 0.064 0.118
1181.906 90.00 89.9400 9.1 0.057 0.070
1182.006 90.00 89.9400 9.2 0.059 0.081
1182.107 90.00 89.9400 9.2 0.060 0.086
1182.204 90.00 89.9400 9.3 0.062 0.101
1182.306 90.00 89.9400 9.2 0.059 0.075
1182.405 90.00 89.9400 9.2 0.059 0.079
1182.504 90.00 89.9400 9.3 0.062 0.098
1182.605 90.00 89.9400 9.3 0.063 0.103
1182.703 90.00 89.9400 9.2 0.061 0.088
1182.804 90.00 89.9400 9.3 0.062 0.093
1182.903 90.00 89.9500 8.9 0.053 0.028
1183.001 90.00 89.9300 9.4 0.065 0.114
1183.103 90.00 89.9400 9.3 0.063 0.097
1183.201 90.00 89.9400 9.3 0.063 0.092
1183.302 90.00 89.9400 8.9 0.055 0.033
1183.400 90.00 89.9300 9.4 0.066 0.117
1183.500 90.00 89.9300 9.6 0.070 0.141
1183.600 90.00 89.9400 9.1 0.059 0.061
1183.699 90.00 89.9200 9.7 0.074 0.164
1183.800 90.00 89.9500 8.8 0.053 0.015
1183.899 90.00 89.9400 9.2 0.061 0.073
1183.998 90.00 89.9400 8.9 0.055 0.030
1184.098 90.00 89.9300 9.3 0.065 0.101
1184.197 90.00 89.9600 8.3 0.042 -0.061
1184.298 90.00 89.9400 8.9 0.056 0.039
1184.396 90.00 89.9400 9.1 0.059 0.064
1184.496 90.00 89.9300 9.3 0.065 0.104
1184.596 90.00 89.9500 8.8 0.052 0.013
1184.696 90.00 89.9600 8.1 0.035 -0.105
1184.795 90.00 89.9400 9.1 0.058 0.062
1184.895 90.00 89.9400 8.9 0.055 0.038
1184.994 90.00 89.9300 9.4 0.065 0.113
1185.094 90.00 89.9500 8.8 0.053 0.021
1185.194 90.00 89.9400 9.0 0.056 0.044
1185.293 90.00 89.9400 9.1 0.059 0.066
1185.393 90.00 89.9400 9.1 0.059 0.071
1185.492 90.00 89.9600 8.0 0.034 -0.108
1185.592 90.00 89.9500 8.9 0.053 0.035
1185.692 90.00 89.9400 9.1 0.058 0.066
1185.791 90.00 89.9400 9.2 0.060 0.084
1185.892 90.00 89.9400 9.3 0.062 0.095
1185.990 90.00 89.9500 8.9 0.053 0.033
1186.090 90.00 89.9400 9.2 0.060 0.081
1186.190 90.00 89.9500 8.9 0.053 0.030
1186.289 90.00 89.9500 8.9 0.052 0.025
1186.389 90.00 89.9400 9.1 0.056 0.056
1186.489 90.00 89.9500 8.9 0.052 0.024
1186.588 90.00 89.9400 9.1 0.056 0.055
1186.689 90.00 89.9500 8.8 0.049 0.006
1186.787 90.00 89.9400 9.3 0.061 0.095
1186.888 90.00 89.9400 9.0 0.055 0.051
1186.987 90.00 89.9500 8.9 0.052 0.028
1187.085 90.00 89.9400 9.0 0.055 0.049
1187.187 90.00 89.9400 9.2 0.058 0.072
1187.284 90.00 89.9600 8.2 0.037 -0.080
1187.386 90.00 89.9400 9.1 0.057 0.066
1187.484 90.00 89.9500 9.0 0.053 0.044
1187.584 90.00 89.9500 9.0 0.054 0.046
1187.685 90.00 89.9500 8.7 0.047 0.000
1187.782 90.00 89.9400 9.2 0.058 0.079
1187.884 90.00 89.9500 9.0 0.053 0.043
1187.982 90.00 89.9400 9.2 0.059 0.085
1188.082 90.00 89.9500 8.7 0.046 -0.008
1188.183 90.00 89.9500 8.8 0.048 0.007
1188.281 90.00 89.9300 9.8 0.073 0.184
1188.382 90.00 89.9700 7.9 0.027 -0.138
1188.480 90.00 89.9500 8.7 0.046 -0.002
1188.580 90.00 89.9400 9.2 0.056 0.074
1188.680 90.00 89.9000 11.0 0.099 0.371
1188.780 90.00 89.9500 8.7 0.048 -0.000
1188.879 90.00 89.9500 8.8 0.050 0.016
1188.979 90.00 89.9500 8.8 0.050 0.020
1189.078 90.00 89.9500 8.7 0.046 -0.008
1189.178 90.00 89.9400 9.1 0.055 0.057
1189.278 90.00 89.9400 9.1 0.056 0.066
1189.377 90.00 89.9600 8.6 0.043 -0.027
1189.477 90.00 89.9600 8.4 0.040 -0.045
1189.576 90.00 89.9600 8.3 0.037 -0.062
1189.676 90.00 89.9500 8.8 0.047 0.016
1189.776 90.00 89.9500 8.8 0.047 0.017
1189.875 90.00 89.9600 8.4 0.036 -0.058
1189.975 90.00 89.9500 8.8 0.047 0.021
1190.074 90.00 89.9500 8.9 0.047 0.022
1190.174 90.00 89.9600 8.7 0.043 -0.001
1190.274 90.00 89.9500 8.8 0.045 0.015
1190.373 90.00 89.9500 8.8 0.044 0.010
1190.473 90.00 90.0100 6.4 -0.011 -0.378
1190.572 90.00 89.9600 8.8 0.042 0.017
1190.672 90.00 89.9700 8.2 0.028 -0.085
1190.773 90.00 89.9600 8.6 0.035 -0.025
1190.871 90.00 89.9700 8.3 0.030 -0.063
1190.972 90.00 89.9600 8.6 0.035 -0.022
1191.071 90.00 89.9600 8.6 0.035 -0.014
1191.170 90.00 89.9700 8.5 0.032 -0.032
1191.270 90.00 89.9700 8.4 0.029 -0.055
1191.369 90.00 89.9700 8.4 0.029 -0.051
1191.470 90.00 89.9700 8.6 0.033 -0.020
1191.568 90.00 89.9700 8.6 0.033 -0.016
1191.668 90.00 89.9800 8.1 0.021 -0.098
1191.768 90.00 89.9700 8.7 0.032 -0.010
1191.867 90.00 89.9700 8.4 0.027 -0.048
1191.967 90.00 89.9700 8.4 0.025 -0.055
1192.067 90.00 89.9700 8.5 0.026 -0.043
1192.166 90.00 89.9800 8.4 0.024 -0.058
1192.266 90.00 89.9800 8.1 0.016 -0.105
1192.365 90.00 89.9800 8.4 0.024 -0.048
1192.466 90.00 89.9800 8.4 0.024 -0.044
1192.565 90.00 89.9800 8.2 0.018 -0.082
1192.664 90.00 89.9900 7.8 0.008 -0.148
1192.764 90.00 89.9800 8.3 0.017 -0.075
1192.864 90.00 89.9800 8.5 0.022 -0.037
1192.963 90.00 89.9800 8.3 0.017 -0.068
1193.064 90.00 89.9800 8.3 0.017 -0.064
1193.162 90.00 89.9800 8.2 0.014 -0.081
1193.262 90.00 89.9900 8.0 0.009 -0.111
1193.362 90.00 89.9900 8.1 0.008 -0.109
1193.460 90.00 89.9500 9.9 0.050 0.189
1193.562 90.00 89.9800 8.4 0.016 -0.054
1193.660 90.00 89.9900 8.0 0.008 -0.112
1193.760 90.00 89.9900 8.3 0.013 -0.065
1193.860 90.00 90.0000 7.8 0.000 -0.154
1193.959 90.00 89.9900 8.2 0.009 -0.085
1194.059 90.00 90.0000 7.7 -0.002 -0.159
1194.158 90.00 90.0000 7.6 -0.006 -0.175
1194.258 90.00 89.9900 8.1 0.004 -0.099
1194.358 90.00 90.0000 8.1 0.002 -0.109
1194.457 90.00 90.0100 7.7 -0.007 -0.167
1194.557 90.00 90.0000 7.9 -0.003 -0.126
1194.656 90.00 90.0100 7.7 -0.010 -0.170
1194.756 90.00 90.0000 8.0 -0.004 -0.124
1194.857 90.00 90.0100 7.6 -0.014 -0.188
1194.955 90.00 90.0100 7.7 -0.013 -0.172
1195.055 90.00 90.0100 7.8 -0.010 -0.144
1195.155 90.00 90.0200 7.6 -0.017 -0.180
1195.254 90.00 90.0000 8.2 -0.005 -0.088
1195.355 90.00 90.0100 7.9 -0.011 -0.132
1195.452 90.00 90.0200 7.5 -0.021 -0.193
1195.554 90.00 90.0200 7.8 -0.017 -0.157
1195.652 90.00 90.0100 8.1 -0.010 -0.097
1195.752 90.00 90.0200 7.5 -0.024 -0.196
1195.853 90.00 90.0200 7.5 -0.025 -0.191
1195.951 90.00 90.0200 7.8 -0.021 -0.154
1196.052 90.00 90.0200 7.6 -0.025 -0.178
1196.150 90.00 90.0300 7.6 -0.028 -0.188
1196.250 90.00 90.0300 7.4 -0.033 -0.217
1196.350 90.00 90.0300 7.5 -0.031 -0.198
1196.449 90.00 90.0300 7.6 -0.030 -0.179
1196.550 90.00 90.0200 7.9 -0.025 -0.136
1196.648 90.00 90.0200 7.9 -0.025 -0.130
1196.748 90.00 90.0300 7.6 -0.033 -0.181
1196.848 90.00 90.0400 7.4 -0.039 -0.220
1196.947 90.00 90.0400 7.5 -0.037 -0.196
1197.047 90.00 90.0400 7.5 -0.038 -0.191
1197.148 90.00 90.0300 7.8 -0.034 -0.154
1197.246 90.00 90.0300 7.7 -0.036 -0.164
1197.346 90.00 90.0400 7.6 -0.040 -0.185
1197.446 90.00 90.0400 7.5 -0.042 -0.194
1197.545 90.00 90.0400 7.7 -0.038 -0.160
1197.646 90.00 90.0400 7.5 -0.045 -0.202
1197.744 90.00 90.0500 7.3 -0.050 -0.225
1197.844 90.00 90.0400 7.7 -0.042 -0.162
1197.944 90.00 90.0500 7.2 -0.056 -0.254
1198.042 90.00 90.0500 7.5 -0.050 -0.205
1198.144 90.00 90.0500 7.5 -0.049 -0.189
1198.242 90.00 90.0500 7.5 -0.052 -0.199
1198.342 90.00 90.0500 7.7 -0.049 -0.172
1198.442 90.00 90.0200 8.7 -0.026 -0.005
1198.540 90.00 90.0500 7.4 -0.055 -0.210
1198.642 90.00 90.0600 7.3 -0.058 -0.226
1198.740 90.00 90.0500 7.7 -0.050 -0.161
1198.840 90.00 90.0600 7.3 -0.061 -0.233
1198.940 90.00 90.0600 7.4 -0.061 -0.220
1199.039 90.00 90.0600 7.4 -0.061 -0.215
1199.140 90.00 90.0500 7.7 -0.054 -0.161
1199.238 90.00 90.0500 7.7 -0.056 -0.166
1199.338 90.00 90.0500 7.8 -0.054 -0.144
1199.439 90.00 90.0600 7.4 -0.063 -0.208
1199.537 90.00 90.0600 7.6 -0.060 -0.179
1199.638 90.00 90.0600 7.6 -0.061 -0.179
1199.736 90.00 90.0500 7.9 -0.056 -0.137
1199.836 90.00 90.0600 7.8 -0.057 -0.139
1199.936 90.00 90.0600 7.6 -0.064 -0.185
1200.035 90.00 90.0600 7.6 -0.063 -0.175
1200.136 90.00 90.0600 7.6 -0.064 -0.175
1200.234 90.00 90.0500 8.1 -0.055 -0.104
1200.334 90.00 90.0900 6.6 -0.089 -0.341
1200.434 90.00 90.0600 7.8 -0.064 -0.155
1200.533 90.00 90.0600 7.8 -0.063 -0.140
1200.634 90.00 90.0600 8.1 -0.057 -0.098
1200.732 90.00 90.0600 7.8 -0.064 -0.143
1200.832 90.00 90.0600 8.2 -0.056 -0.085
1200.932 90.00 90.0500 8.4 -0.052 -0.057
1201.031 90.00 90.0400 8.9 -0.041 0.026
1201.132 90.00 90.0600 8.2 -0.057 -0.090
1201.230 90.00 90.0500 8.4 -0.052 -0.051
1201.330 90.00 90.0500 8.3 -0.055 -0.073
1201.430 90.00 90.0500 8.3 -0.053 -0.058
1201.530 90.00 90.0500 8.3 -0.054 -0.068
1201.629 90.00 90.0500 8.4 -0.052 -0.052
1201.729 90.00 90.0500 8.6 -0.048 -0.025
1201.828 90.00 90.0500 8.5 -0.049 -0.030
1201.929 90.00 90.0500 8.5 -0.049 -0.034
1202.028 90.00 90.0400 8.6 -0.046 -0.011
1202.127 90.00 90.0400 8.9 -0.039 0.035
1202.227 90.00 90.0300 9.3 -0.030 0.093
1202.326 90.00 90.0300 9.2 -0.032 0.073
1202.426 90.00 90.0200 9.6 -0.021 0.144
1202.526 90.00 90.0200 9.6 -0.019 0.150
1202.625 90.00 90.0100 10.0 -0.010 0.205
1202.725 90.00 90.0200 9.4 -0.022 0.112
1202.824 90.00 90.0100 9.9 -0.009 0.195
1202.924 90.00 89.9900 10.4 0.004 0.279
1203.024 90.00 90.0100 9.7 -0.011 0.157
1203.123 90.00 90.0100 9.7 -0.010 0.153
1203.224 90.00 89.9900 10.2 0.004 0.245
1203.322 90.00 89.9900 10.2 0.006 0.248
1203.422 90.00 89.9900 10.1 0.004 0.224
1203.521 90.00 89.9900 10.1 0.005 0.220
1203.621 90.00 89.9900 10.3 0.013 0.262
1203.722 90.00 89.9800 10.7 0.024 0.325
1203.821 90.00 89.9700 10.9 0.030 0.351
1203.920 90.00 89.9900 9.9 0.008 0.186
1204.020 90.00 89.9600 11.2 0.041 0.408
1204.119 90.00 89.9800 10.2 0.020 0.243
1204.219 90.00 89.9600 11.1 0.042 0.385
1204.319 90.00 89.9500 11.1 0.044 0.379
1204.418 90.00 89.9400 11.4 0.054 0.437
1204.518 90.00 89.9300 11.7 0.065 0.488
1204.617 90.00 89.9400 11.5 0.063 0.455
1204.717 90.00 89.9000 12.7 0.094 0.652
1204.817 90.00 89.9400 11.0 0.058 0.374
1204.916 90.00 89.9200 11.8 0.079 0.506
1205.017 90.00 89.9100 11.9 0.085 0.522
1205.115 90.00 89.9200 11.7 0.083 0.487
1205.215 90.00 89.9100 12.0 0.092 0.529
1205.315 90.00 89.9000 12.0 0.096 0.538
1205.414 90.00 89.9000 12.2 0.103 0.567
1205.515 90.00 89.8900 12.3 0.108 0.575
1205.614 90.00 89.8800 12.4 0.115 0.599
1205.713 90.00 89.8800 12.4 0.117 0.596
1205.814 90.00 89.8800 12.2 0.116 0.563
1205.911 90.00 89.8700 12.5 0.127 0.618
1206.013 90.00 89.8700 12.7 0.134 0.638
1206.112 90.00 89.8900 11.3 0.107 0.424
1206.211 90.00 89.8600 12.7 0.140 0.641
1206.312 90.00 89.8500 12.8 0.145 0.655
1206.409 90.00 89.8500 12.9 0.152 0.674
1206.511 90.00 89.8400 12.9 0.156 0.677
1206.610 90.00 89.8400 12.8 0.158 0.668
1206.708 90.00 89.8400 12.8 0.162 0.667
1206.810 90.00 89.8400 12.7 0.163 0.651
1206.907 90.00 89.8300 13.0 0.173 0.692
1207.009 90.00 89.8800 10.6 0.121 0.307
1207.109 90.00 89.8200 13.1 0.180 0.707
1207.207 90.00 89.8200 13.1 0.183 0.700
1207.307 90.00 89.8100 13.2 0.190 0.728
1207.406 90.00 89.8100 13.1 0.191 0.704
1207.506 90.00 89.8000 13.2 0.197 0.724
1207.605 90.00 89.8000 13.0 0.196 0.690
1207.705 90.00 89.7900 13.2 0.204 0.720
1207.805 90.00 89.7800 13.7 0.220 0.808
1207.905 90.00 89.7900 13.2 0.213 0.727
1208.004 90.00 89.7800 13.2 0.217 0.729
1208.104 90.00 89.7800 13.1 0.218 0.711
1208.203 90.00 89.7700 13.6 0.233 0.790
1208.303 90.00 89.7600 13.6 0.235 0.781
1208.403 90.00 89.7700 13.3 0.234 0.742
1208.502 90.00 89.7500 13.7 0.245 0.796
1208.602 90.00 89.7500 13.6 0.247 0.786
1208.701 90.00 89.7600 13.2 0.243 0.725
1208.801 90.00 89.7500 13.4 0.251 0.760
1208.901 90.00 89.7400 13.5 0.255 0.764
1209.000 90.00 89.7400 13.4 0.257 0.748
1209.101 90.00 89.7300 13.7 0.267 0.795
1209.199 90.00 89.7200 13.9 0.276 0.833
1209.300 90.00 89.7200 13.7 0.275 0.798
1209.399 90.00 89.7100 14.0 0.286 0.846
1209.498 90.00 89.7100 13.8 0.285 0.811
1209.599 90.00 89.7100 13.9 0.291 0.830
1209.697 90.00 89.6800 14.7 0.315 0.969
1209.797 90.00 89.7100 13.6 0.292 0.778
1209.898 90.00 89.6900 14.0 0.305 0.843
1209.995 90.00 89.6900 14.0 0.309 0.843
1210.097 90.00 89.6800 14.3 0.320 0.892
1210.196 90.00 89.6800 14.0 0.318 0.850
1210.294 90.00 89.6700 14.1 0.324 0.871
1210.396 90.00 89.6700 14.4 0.333 0.905
1210.493 90.00 89.6700 14.2 0.333 0.876
1210.595 90.00 89.6500 14.6 0.347 0.945
1210.694 90.00 89.6600 14.2 0.341 0.874
1210.792 90.00 89.6400 14.6 0.356 0.950
1210.894 90.00 89.6300 14.9 0.367 0.997
1210.991 90.00 89.6300 14.7 0.366 0.964
1211.093 90.00 89.6300 14.5 0.366 0.932
1211.191 90.00 89.6200 14.9 0.379 0.990
1211.291 90.00 89.6200 14.6 0.376 0.941
1211.391 90.00 89.6200 14.6 0.381 0.948
1211.490 90.00 89.6200 14.5 0.382 0.930
1211.591 90.00 89.6100 14.7 0.389 0.952
1211.689 90.00 89.6000 15.1 0.403 1.021
1211.789 90.00 89.6500 12.6 0.349 0.608
1211.889 90.00 89.5900 15.1 0.409 1.018
1211.989 90.00 89.5900 14.7 0.404 0.951
1212.088 90.00 89.5900 14.9 0.413 0.987
1212.189 90.00 89.5800 15.2 0.424 1.033
1212.287 90.00 89.5700 15.2 0.428 1.033
1212.387 90.00 89.5700 15.1 0.430 1.018
1212.487 90.00 89.5600 15.2 0.437 1.036
1212.586 90.00 89.5500 15.4 0.446 1.071
1212.686 90.00 89.5500 15.5 0.451 1.075
1212.785 90.00 89.5400 15.6 0.458 1.093
1212.885 90.00 89.5300 15.8 0.468 1.126
1212.985 90.00 89.5300 15.8 0.473 1.134
1213.084 90.00 89.5300 15.6 0.472 1.092
1213.185 90.00 89.5200 15.7 0.479 1.112
1213.283 90.00 89.5100 15.9 0.489 1.150
1213.383 90.00 89.5100 15.5 0.485 1.086
1213.483 90.00 89.5000 15.8 0.494 1.120
1213.582 90.00 89.5100 15.5 0.494 1.085
1213.682 90.00 89.4900 16.2 0.512 1.185
1213.781 90.00 89.4900 16.0 0.514 1.163
1213.881 90.00 89.4900 15.8 0.513 1.129
1213.982 90.00 89.4800 15.8 0.518 1.132
1214.080 90.00 89.4800 15.7 0.518 1.100
1214.180 90.00 89.4700 16.0 0.531 1.159
1214.280 90.00 89.4700 15.9 0.531 1.133
1214.379 90.00 89.4300 17.1 0.566 1.342
1214.480 90.00 89.4500 16.3 0.551 1.198
1214.578 90.00 89.4400 16.4 0.559 1.223
1214.678 90.00 89.4600 15.2 0.535 1.025
1214.778 90.00 89.4300 16.5 0.568 1.229
1214.877 90.00 89.4300 16.1 0.565 1.174
1214.978 90.00 89.4300 16.2 0.572 1.191
1215.076 90.00 89.4200 16.4 0.580 1.216
1215.177 90.00 89.4200 16.3 0.582 1.202
1215.275 90.00 89.4000 16.9 0.599 1.291
1215.375 90.00 89.4000 16.7 0.601 1.268
1215.475 90.00 89.4000 16.6 0.603 1.251
1215.574 90.00 89.3900 16.7 0.609 1.261
1215.675 90.00 89.3900 16.6 0.611 1.238
1215.773 90.00 89.3800 16.6 0.617 1.253
1215.873 90.00 89.3800 16.6 0.620 1.239
1215.973 90.00 89.3800 16.5 0.622 1.222
1216.072 90.00 89.3700 16.4 0.625 1.213
1216.172 90.00 89.3700 16.4 0.628 1.203
1216.271 90.00 89.3600 16.7 0.639 1.255
1216.371 90.00 89.3500 16.9 0.648 1.289
1216.471 90.00 89.3100 18.4 0.689 1.539
1216.571 90.00 89.3500 16.5 0.649 1.218
1216.670 90.00 89.3300 17.1 0.669 1.328
1216.770 90.00 89.3300 16.8 0.666 1.279
1216.869 90.00 89.3400 16.4 0.661 1.208
1216.970 90.00 89.3300 16.4 0.665 1.211
1217.068 90.00 89.3200 16.7 0.674 1.248
1217.168 90.00 89.3300 16.3 0.669 1.185
1217.268 90.00 89.3200 16.6 0.682 1.246
1217.367 90.00 89.3100 16.6 0.684 1.233
1217.468 90.00 89.3100 16.8 0.692 1.261
1217.566 90.00 89.3100 16.7 0.694 1.246
1217.666 90.00 89.3000 16.5 0.694 1.224
1217.766 90.00 89.2900 17.0 0.708 1.292
1217.865 90.00 89.2900 17.0 0.713 1.296
1217.966 90.00 89.2900 16.5 0.706 1.222
1218.064 90.00 89.3000 16.3 0.704 1.177
1218.164 90.00 89.2800 16.8 0.719 1.260
1218.264 90.00 89.2200 19.1 0.776 1.637
1218.364 90.00 89.2700 16.8 0.728 1.255
1218.463 90.00 89.2700 16.8 0.733 1.265
1218.563 90.00 89.2700 16.5 0.730 1.217
1218.662 90.00 89.2500 17.1 0.746 1.302
1218.762 90.00 89.2700 16.2 0.731 1.170
1218.862 90.00 89.2700 16.1 0.730 1.143
1218.961 90.00 89.2600 16.4 0.740 1.191
1219.062 90.00 89.2500 16.6 0.749 1.230
1219.159 90.00 89.2600 16.1 0.740 1.143
1219.261 90.00 89.2700 15.6 0.732 1.069
1219.359 90.00 89.2500 16.3 0.749 1.170
1219.459 90.00 89.2500 16.4 0.754 1.182
1219.560 90.00 89.2500 15.9 0.747 1.113
1219.657 90.00 89.2500 16.1 0.753 1.135
1219.759 90.00 89.2500 16.0 0.753 1.117
1219.857 90.00 89.2500 15.7 0.750 1.077
1219.957 90.00 89.2500 15.8 0.754 1.088
1220.058 90.00 89.2000 17.6 0.797 1.377
1220.156 90.00 89.2400 15.7 0.759 1.077
1220.256 90.00 89.2400 15.4 0.754 1.030
1220.355 90.00 89.2400 15.4 0.756 1.027
1220.455 90.00 89.2400 15.6 0.760 1.047
1220.555 90.00 89.2400 15.3 0.756 1.000
1220.655 90.00 89.2300 15.6 0.765 1.054
1220.754 90.00 89.2800 13.5 0.719 0.718
1220.854 90.00 89.2300 15.5 0.765 1.041
1220.953 90.00 89.2300 15.4 0.764 1.020
1221.053 90.00 89.2300 15.5 0.769 1.040
1221.153 90.00 89.2400 15.2 0.763 0.983
1221.252 90.00 89.2300 15.3 0.766 0.996
1221.352 90.00 89.2300 15.4 0.770 1.011
1221.451 90.00 89.2400 14.9 0.762 0.941
1221.551 90.00 89.2400 14.9 0.763 0.940
1221.651 90.00 89.2300 15.1 0.767 0.958
1221.750 90.00 89.2300 14.9 0.765 0.937
1221.850 90.00 89.2300 15.2 0.774 0.988
1221.949 90.00 89.2300 14.8 0.765 0.919
1222.050 90.00 89.2100 15.6 0.785 1.046
1222.148 90.00 89.2200 15.2 0.778 0.984
1222.248 90.00 89.2300 14.8 0.768 0.909
1222.348 90.00 89.2800 12.7 0.721 0.572
1222.447 90.00 89.2200 15.1 0.775 0.957
1222.548 90.00 89.2200 15.3 0.781 0.991
1222.646 90.00 89.2200 15.0 0.776 0.941
1222.746 90.00 89.2200 15.1 0.779 0.954
1222.847 90.00 89.2200 15.1 0.781 0.958
1222.946 90.00 89.2100 15.2 0.785 0.980
1223.045 90.00 89.2200 15.1 0.782 0.951
1223.146 90.00 89.2700 12.5 0.724 0.534
1223.243 90.00 89.2100 15.2 0.785 0.974
1223.345 90.00 89.2200 14.9 0.779 0.923
1223.444 90.00 89.2100 15.1 0.785 0.956
1223.542 90.00 89.2200 14.9 0.782 0.924
1223.644 90.00 89.2200 14.8 0.780 0.905
1223.741 90.00 89.2200 14.8 0.781 0.905
1223.843 90.00 89.2200 14.8 0.781 0.901
1223.941 90.00 89.2100 15.0 0.787 0.933
1224.041 90.00 89.2200 14.4 0.774 0.837
1224.142 90.00 89.2100 14.9 0.786 0.917
1224.240 90.00 89.2200 14.6 0.780 0.869
1224.341 90.00 89.2200 14.7 0.783 0.886
1224.439 90.00 89.2200 14.6 0.781 0.866
1224.539 90.00 89.2200 14.5 0.780 0.854
1224.640 90.00 89.2200 14.5 0.779 0.844
1224.738 90.00 89.2200 14.5 0.780 0.849
1224.838 90.00 89.2100 14.7 0.785 0.879
1224.938 90.00 89.2200 14.6 0.782 0.853
1225.037 90.00 89.2200 14.4 0.780 0.834
1225.138 90.00 89.1700 16.7 0.833 1.204
1225.236 90.00 89.2100 14.6 0.786 0.856
1225.336 90.00 89.2200 14.4 0.783 0.833
1225.436 90.00 89.2100 14.5 0.785 0.841
1225.535 90.00 89.2200 14.3 0.780 0.806
1225.636 90.00 89.2100 14.5 0.785 0.843
1225.734 90.00 89.2100 14.7 0.791 0.876
1225.834 90.00 89.2000 15.1 0.800 0.936
1225.935 90.00 89.2000 14.8 0.794 0.888
1226.033 90.00 89.2100 14.6 0.789 0.853
1226.134 90.00 89.2100 14.6 0.791 0.857
1226.232 90.00 89.2100 14.6 0.789 0.845
1226.332 90.00 89.2200 14.3 0.783 0.797
1226.432 90.00 89.2100 14.6 0.791 0.852
1226.531 90.00 89.2000 14.8 0.795 0.877
1226.632 90.00 89.2100 14.4 0.787 0.821
1226.730 90.00 89.2100 14.4 0.787 0.819
1226.830 90.00 89.2100 14.4 0.787 0.815
1226.931 90.00 89.2100 14.6 0.791 0.842
1227.030 90.00 89.2200 14.2 0.782 0.774
1227.129 90.00 89.2100 14.5 0.791 0.837
1227.230 90.00 89.2100 14.3 0.785 0.798
1227.328 90.00 89.2100 14.2 0.784 0.787
1227.428 90.00 89.2100 14.4 0.787 0.805
1227.528 90.00 89.2100 14.3 0.786 0.801
1227.626 90.00 89.2100 14.4 0.788 0.812
1227.728 90.00 89.2100 14.3 0.786 0.799
1227.826 90.00 89.2100 14.3 0.786 0.797
1227.926 90.00 89.2100 14.3 0.785 0.787
1228.026 90.00 89.2200 14.0 0.778 0.742
1228.125 90.00 89.2200 14.2 0.782 0.770
1228.226 90.00 89.2200 13.9 0.776 0.727
1228.324 90.00 89.2200 14.3 0.783 0.784
1228.424 90.00 89.2000 15.0 0.800 0.897
1228.524 90.00 89.2200 14.2 0.782 0.767
1228.623 90.00 89.2200 14.2 0.782 0.767
1228.724 90.00 89.2200 13.9 0.776 0.729
1228.822 90.00 89.2200 14.0 0.776 0.731
1228.922 90.00 89.2300 13.8 0.771 0.699
1229.023 90.00 89.2200 14.3 0.783 0.787
1229.120 90.00 89.2200 14.2 0.780 0.765
1229.222 90.00 89.2300 13.8 0.770 0.694
1229.321 90.00 89.2300 13.6 0.764 0.660
1229.419 90.00 89.2300 13.6 0.765 0.667
1229.521 90.00 89.2300 13.6 0.764 0.669
1229.618 90.00 89.2400 13.2 0.755 0.610
1229.720 90.00 89.2300 13.7 0.765 0.685
1229.819 90.00 89.2400 13.4 0.757 0.631
1229.917 90.00 89.2400 13.5 0.758 0.649
1230.019 90.00 89.2500 13.2 0.750 0.599
1230.116 90.00 89.2700 12.3 0.729 0.456
1230.218 90.00 89.2500 13.5 0.753 0.640
1230.317 90.00 89.2500 13.3 0.748 0.612
1230.415 90.00 89.2600 13.1 0.742 0.578
1230.517 90.00 89.2500 13.4 0.748 0.624
1230.614 90.00 89.2600 12.8 0.734 0.534
1230.716 90.00 89.2700 12.8 0.733 0.537
1230.815 90.00 89.2600 13.2 0.741 0.602
1230.914 90.00 89.2800 12.5 0.723 0.484
1231.015 90.00 89.2700 12.8 0.729 0.536
1231.114 90.00 89.2600 13.3 0.738 0.610
1231.213 90.00 89.2800 12.7 0.722 0.506
1231.314 90.00 89.2800 12.5 0.716 0.472
1231.412 90.00 89.2700 13.3 0.733 0.603
1231.512 90.00 89.2800 12.6 0.716 0.490
1231.612 90.00 89.2900 12.5 0.713 0.479
1231.710 90.00 89.2500 14.0 0.746 0.723
1231.812 90.00 89.3000 12.2 0.703 0.427
1231.910 90.00 89.2900 12.6 0.711 0.494
1232.010 90.00 89.2900 12.8 0.712 0.514
1232.110 90.00 89.2900 12.5 0.705 0.476
1232.209 90.00 89.3000 12.4 0.702 0.462
1232.309 90.00 89.3100 12.1 0.691 0.400
1232.408 90.00 89.3000 12.3 0.695 0.444
1232.508 90.00 89.3100 12.0 0.686 0.391
1232.608 90.00 89.3100 12.2 0.688 0.420
1232.707 90.00 89.3200 11.9 0.678 0.365
1232.807 90.00 89.3200 11.9 0.676 0.365
1232.906 90.00 89.3200 12.1 0.679 0.401
1233.006 90.00 89.3300 11.8 0.671 0.358
1233.107 90.00 89.3300 11.8 0.669 0.360
1233.205 90.00 89.3400 11.6 0.662 0.325
1233.305 90.00 89.3300 12.3 0.674 0.426
1233.405 90.00 89.3500 11.5 0.654 0.298
1233.504 90.00 89.3500 11.5 0.652 0.305
1233.604 90.00 89.3400 12.1 0.662 0.392
1233.703 90.00 89.3400 12.1 0.662 0.404
1233.803 90.00 89.3500 11.7 0.649 0.330
1233.903 90.00 89.3600 11.3 0.639 0.272
1234.002 90.00 89.3600 11.4 0.638 0.287
1234.103 90.00 89.3800 10.6 0.616 0.151
1234.201 90.00 89.3600 11.6 0.637 0.318
1234.301 90.00 89.3700 11.6 0.633 0.306
1234.401 90.00 89.3600 11.8 0.635 0.340
1234.500 90.00 89.3800 11.3 0.622 0.259
1234.600 90.00 89.3600 11.9 0.635 0.367
1234.699 90.00 89.3800 11.4 0.619 0.273
1234.800 90.00 89.3800 11.6 0.623 0.315
1234.899 90.00 89.3800 11.5 0.617 0.292
1234.998 90.00 89.3900 11.2 0.609 0.247
1235.099 90.00 89.3900 11.5 0.612 0.289
1235.197 90.00 89.4000 10.8 0.595 0.184
1235.298 90.00 89.3900 11.4 0.606 0.281
1235.396 90.00 89.4000 11.2 0.597 0.239
1235.496 90.00 89.4100 11.0 0.590 0.205
1235.597 90.00 89.4100 11.0 0.587 0.207
1235.695 90.00 89.4100 11.1 0.588 0.229
1235.795 90.00 89.4100 11.2 0.586 0.231
1235.895 90.00 89.4200 10.9 0.578 0.196
1235.994 90.00 89.4300 10.8 0.572 0.173
1236.094 90.00 89.4200 11.0 0.574 0.209
1236.194 90.00 89.4300 10.8 0.568 0.180
1236.293 90.00 89.4400 10.7 0.561 0.152
1236.393 90.00 89.4300 11.0 0.566 0.210
1236.492 90.00 89.4400 10.6 0.554 0.145
1236.593 90.00 89.4400 11.0 0.560 0.207
1236.691 90.00 89.4500 10.6 0.548 0.139
1236.791 90.00 89.4600 10.3 0.537 0.084
1236.891 90.00 89.5000 8.9 0.502 -0.142
1236.990 90.00 89.4600 10.9 0.543 0.180
1237.091 90.00 89.4700 10.3 0.528 0.095
1237.189 90.00 89.4800 10.3 0.524 0.082
1237.289 90.00 89.5100 9.0 0.490 -0.127
1237.389 90.00 89.4700 11.0 0.532 0.197
1237.489 90.00 89.4800 10.6 0.522 0.142
1237.588 90.00 89.4700 10.9 0.525 0.185
1237.688 90.00 89.4900 10.4 0.511 0.097
1237.787 90.00 89.4800 10.9 0.519 0.179
1237.888 90.00 89.4900 10.6 0.510 0.133
1237.987 90.00 89.4900 10.8 0.511 0.158
1238.086 90.00 89.5500 8.2 0.449 -0.262
1238.186 90.00 89.5100 10.3 0.492 0.078
1238.285 90.00 89.4900 10.9 0.505 0.186
1238.386 90.00 89.5100 10.2 0.485 0.068
1238.484 90.00 89.5100 10.7 0.493 0.139
1238.584 90.00 89.5200 10.1 0.478 0.055
1238.684 90.00 89.5200 10.3 0.478 0.074
1238.783 90.00 89.5300 10.0 0.469 0.036
1238.884 90.00 89.5300 10.2 0.471 0.068
1238.983 90.00 89.5300 10.1 0.465 0.047
1239.081 90.00 89.5400 9.8 0.456 0.006
1239.183 90.00 89.5500 9.5 0.446 -0.045
1239.280 90.00 89.6400 6.1 0.363 -0.603
1239.382 90.00 89.5600 9.8 0.441 -0.002
1239.482 90.00 89.5700 9.6 0.433 -0.039
1239.579 90.00 89.5700 9.4 0.425 -0.071
1239.681 90.00 89.5800 9.2 0.416 -0.110
1239.780 90.00 89.5800 9.3 0.417 -0.077
1239.880 90.00 89.6000 8.9 0.403 -0.147
1239.980 90.00 89.5800 9.7 0.417 -0.026
1240.077 90.00 89.6100 8.6 0.389 -0.199
1240.179 90.00 89.6000 9.3 0.400 -0.088
1240.278 90.00 89.6000 9.2 0.394 -0.109
1240.376 90.00 89.6100 9.3 0.393 -0.095
1240.478 90.00 89.6100 9.2 0.386 -0.112
1240.575 90.00 89.6200 8.9 0.377 -0.156
1240.677 90.00 89.6100 9.4 0.384 -0.078
1240.776 90.00 89.6400 8.4 0.359 -0.231
1240.875 90.00 89.6400 8.8 0.363 -0.171
1240.976 90.00 89.6400 8.9 0.362 -0.151
1241.073 90.00 89.6500 8.6 0.352 -0.197
1241.175 90.00 89.6600 8.4 0.344 -0.228
1241.273 90.00 89.6600 8.5 0.342 -0.214
1241.373 90.00 89.6600 8.6 0.339 -0.207
1241.474 90.00 89.6700 8.3 0.328 -0.255
1241.572 90.00 89.6700 8.5 0.329 -0.215
1241.672 90.00 89.6700 8.8 0.332 -0.170
1241.771 90.00 89.6800 8.5 0.320 -0.226
1241.871 90.00 89.6800 8.8 0.323 -0.177
1241.971 90.00 89.6400 10.3 0.355 0.071
1242.071 90.00 89.6900 8.4 0.308 -0.245
1242.170 90.00 89.6900 8.4 0.305 -0.236
1242.270 90.00 89.7000 8.4 0.301 -0.242
1242.369 90.00 89.7000 8.5 0.301 -0.216
1242.469 90.00 89.7100 8.2 0.289 -0.274
1242.569 90.00 89.7100 8.3 0.287 -0.259
1242.668 90.00 89.7200 8.1 0.278 -0.291
1242.768 90.00 89.7200 8.4 0.282 -0.234
1242.867 90.00 89.7300 8.2 0.273 -0.277
1242.968 90.00 89.7300 8.3 0.272 -0.253
1243.067 90.00 89.7300 8.4 0.270 -0.239
1243.166 90.00 89.7700 6.9 0.232 -0.481
1243.267 90.00 89.7400 8.2 0.256 -0.277
1243.364 90.00 89.7500 8.2 0.253 -0.272
1243.466 90.00 89.7500 8.1 0.247 -0.285
1243.564 90.00 89.7500 8.3 0.249 -0.250
1243.664 90.00 89.7500 8.3 0.245 -0.252
1243.765 90.00 89.7600 8.3 0.241 -0.256
1243.863 90.00 89.7600 8.5 0.240 -0.232
1243.963 90.00 89.7600 8.4 0.236 -0.239
1244.063 90.00 89.7600 8.6 0.236 -0.217
1244.162 90.00 89.7700 8.4 0.229 -0.244
1244.263 90.00 89.7700 8.5 0.227 -0.234
1244.361 90.00 89.7700 8.8 0.232 -0.177
1244.461 90.00 89.7800 8.5 0.222 -0.224
1244.561 90.00 89.7900 8.1 0.209 -0.292
1244.660 90.00 89.7900 8.4 0.212 -0.248
1244.761 90.00 89.7600 9.7 0.238 -0.043
1244.859 90.00 89.7900 8.4 0.208 -0.240
1244.959 90.00 89.8000 8.0 0.195 -0.308
1245.059 90.00 89.8000 8.4 0.201 -0.240
1245.158 90.00 89.8100 8.0 0.188 -0.307
1245.258 90.00 89.8100 8.2 0.189 -0.279
1245.358 90.00 89.8100 8.2 0.187 -0.270
1245.457 90.00 89.8100 8.5 0.189 -0.232
1245.557 90.00 89.8100 8.6 0.188 -0.217
1245.656 90.00 89.8200 8.5 0.183 -0.230
1245.756 90.00 89.8700 6.1 0.125 -0.618
1245.855 90.00 89.8200 8.7 0.180 -0.196
1245.955 90.00 89.8200 8.8 0.178 -0.191
1246.055 90.00 89.8400 7.9 0.155 -0.331
1246.155 90.00 89.8300 8.6 0.169 -0.212
1246.254 90.00 89.8300 8.9 0.172 -0.169
1246.354 90.00 89.8400 8.5 0.162 -0.226
1246.453 90.00 89.8400 8.4 0.156 -0.245
1246.553 90.00 89.8400 8.7 0.160 -0.198
1246.653 90.00 89.8500 8.6 0.154 -0.223
1246.752 90.00 89.8400 8.8 0.156 -0.189
1246.852 90.00 89.8500 8.6 0.150 -0.210
1246.951 90.00 89.8500 8.5 0.144 -0.236
1247.052 90.00 89.8600 8.2 0.135 -0.281
1247.151 90.00 89.8600 8.6 0.141 -0.217
1247.249 90.00 89.8600 8.8 0.143 -0.183
1247.351 90.00 89.8500 9.1 0.148 -0.133
1247.448 90.00 89.8600 8.9 0.142 -0.165
1247.550 90.00 89.8600 8.7 0.134 -0.204
1247.649 90.00 89.8600 9.0 0.139 -0.149
1247.748 90.00 89.8700 8.6 0.129 -0.210
1247.849 90.00 89.8600 9.1 0.136 -0.138
1247.947 90.00 89.8600 9.1 0.135 -0.138
1248.048 90.00 89.8700 8.8 0.125 -0.191
1248.146 90.00 89.8800 8.6 0.119 -0.217
1248.246 90.00 89.8800 8.8 0.120 -0.193
1248.347 90.00 89.8800 8.9 0.122 -0.161
1248.445 90.00 89.8800 8.7 0.115 -0.200
1248.545 90.00 89.9000 8.2 0.100 -0.289
1248.645 90.00 89.8900 8.6 0.108 -0.215
1248.744 90.00 89.8900 8.8 0.110 -0.183
1248.845 90.00 89.8900 8.8 0.108 -0.185
1248.943 90.00 89.8900 9.1 0.112 -0.139
1249.043 90.00 89.9000 8.8 0.103 -0.188
1249.143 90.00 89.9000 8.7 0.099 -0.203
1249.242 90.00 89.9000 8.8 0.099 -0.189
1249.343 90.00 89.9300 7.6 0.070 -0.378
1249.441 90.00 89.9100 8.6 0.090 -0.212
1249.541 90.00 89.9100 8.7 0.090 -0.200
1249.642 90.00 89.8900 9.6 0.107 -0.064
1249.739 90.00 89.9000 9.2 0.097 -0.129
1249.841 90.00 89.9100 8.8 0.087 -0.189
1249.939 90.00 89.9100 8.8 0.086 -0.182
1250.039 90.00 89.9200 8.6 0.079 -0.216
1250.139 90.00 89.8900 9.9 0.106 -0.009
1250.239 90.00 89.9200 8.8 0.079 -0.195
1250.338 90.00 89.9300 8.5 0.071 -0.236
1250.439 90.00 89.9300 8.6 0.072 -0.216
1250.537 90.00 89.9300 8.7 0.072 -0.198
1250.637 90.00 89.9300 8.6 0.067 -0.219
1250.737 90.00 89.9300 8.9 0.073 -0.165
1250.836 90.00 89.9400 8.5 0.062 -0.230
1250.937 90.00 89.9400 8.6 0.062 -0.217
1251.034 90.00 89.9500 8.2 0.050 -0.283
1251.136 90.00 89.9500 8.3 0.050 -0.266
1251.234 90.00 89.9400 8.8 0.059 -0.193
1251.334 90.00 89.9500 8.5 0.050 -0.241
1251.435 90.00 89.9500 8.4 0.046 -0.253
1251.533 90.00 89.9600 8.3 0.042 -0.269
1251.634 90.00 89.9600 8.4 0.041 -0.256
1251.732 90.00 89.9600 8.5 0.041 -0.242
1251.832 90.00 89.9100 10.4 0.085 0.076
1251.933 90.00 89.9700 8.2 0.032 -0.290
1252.031 90.00 89.9600 8.4 0.035 -0.254
1252.132 90.00 89.9700 8.2 0.028 -0.292
1252.230 90.00 89.9700 8.4 0.032 -0.247
1252.330 90.00 89.9600 8.8 0.038 -0.190
1252.431 90.00 89.9700 8.4 0.028 -0.251
1252.529 90.00 89.9800 8.2 0.021 -0.281
1252.629 90.00 89.9800 8.0 0.014 -0.314
1252.729 90.00 89.9900 7.8 0.007 -0.347
1252.828 90.00 89.9800 8.3 0.016 -0.270
1252.929 90.00 89.9700 8.9 0.028 -0.168
1253.027 90.00 89.9900 8.0 0.006 -0.314
1253.127 90.00 89.9800 8.5 0.014 -0.241
1253.227 90.00 89.9900 8.2 0.006 -0.283
1253.326 90.00 89.9900 8.2 0.004 -0.284
1253.427 90.00 90.0100 7.8 -0.007 -0.349
1253.525 90.00 90.0100 7.9 -0.008 -0.338
1253.625 90.00 90.0000 8.2 -0.003 -0.289
1253.725 90.00 89.9900 8.7 0.006 -0.207
1253.824 90.00 90.0100 8.1 -0.010 -0.309
1253.924 90.00 90.0200 7.6 -0.022 -0.376
1254.024 90.00 90.0300 7.5 -0.028 -0.407
1254.123 90.00 90.0200 7.9 -0.021 -0.339
1254.224 90.00 90.0200 7.9 -0.023 -0.334
1254.322 90.00 90.0300 7.7 -0.031 -0.374
1254.422 90.00 90.0400 7.4 -0.038 -0.409
1254.523 90.00 90.0300 7.7 -0.034 -0.359
1254.621 90.00 90.0300 7.9 -0.033 -0.340
1254.722 90.00 90.0400 7.6 -0.042 -0.387
1254.821 90.00 90.0500 7.5 -0.046 -0.397
1254.920 90.00 90.0400 7.7 -0.045 -0.368
1255.020 90.00 90.0500 7.5 -0.052 -0.403
1255.119 90.00 90.0500 7.4 -0.056 -0.413
1255.220 90.00 90.0600 7.5 -0.057 -0.405
1255.318 90.00 90.0700 6.9 -0.072 -0.488
1255.418 90.00 90.0800 6.7 -0.079 -0.521
1255.518 90.00 90.0700 7.1 -0.075 -0.468
1255.617 90.00 90.0800 6.8 -0.085 -0.519
1255.718 90.00 90.0900 6.5 -0.093 -0.556
1255.816 90.00 90.1000 6.5 -0.097 -0.556
1255.916 90.00 90.1000 6.4 -0.102 -0.572
1256.016 90.00 90.1000 6.5 -0.105 -0.566
1256.115 90.00 90.1000 6.7 -0.102 -0.526
1256.216 90.00 90.0900 7.2 -0.094 -0.449
1256.314 90.00 90.1200 6.2 -0.119 -0.603
1256.414 90.00 90.1200 6.2 -0.124 -0.616
1256.514 90.00 90.1300 5.9 -0.133 -0.650
1256.614 90.00 90.1300 6.2 -0.130 -0.607
1256.713 90.00 90.1400 5.7 -0.144 -0.683
1256.813 90.00 90.1500 5.8 -0.146 -0.669
1256.912 90.00 90.1500 5.9 -0.148 -0.658
1257.012 90.00 90.1400 6.2 -0.145 -0.608
1257.112 90.00 90.1600 5.7 -0.160 -0.693
1257.211 90.00 90.1600 5.9 -0.158 -0.648
1257.311 90.00 90.1700 5.7 -0.168 -0.694
1257.410 90.00 90.1700 5.6 -0.172 -0.697
1257.511 90.00 90.1700 5.7 -0.176 -0.695
1257.609 90.00 90.1800 5.5 -0.182 -0.714
1257.709 90.00 90.1900 5.4 -0.189 -0.735
1257.809 90.00 90.1900 5.7 -0.186 -0.691
1257.908 90.00 90.1900 5.7 -0.190 -0.693
1258.009 90.00 90.2200 4.5 -0.220 -0.877
1258.107 90.00 90.2100 5.3 -0.206 -0.749
1258.207 90.00 90.2100 5.3 -0.211 -0.752
1258.307 90.00 90.2200 5.2 -0.216 -0.764
1258.406 90.00 90.2100 5.4 -0.216 -0.732
1258.506 90.00 90.2200 5.3 -0.222 -0.751
1258.605 90.00 90.1900 6.7 -0.194 -0.525
1258.705 90.00 90.2300 5.3 -0.228 -0.746
1258.805 90.00 90.2200 5.8 -0.220 -0.667
1258.905 90.00 90.2400 4.9 -0.244 -0.816
1259.004 90.00 90.2400 5.3 -0.238 -0.741
1259.105 90.00 90.2400 5.2 -0.245 -0.769
1259.202 90.00 90.2500 5.3 -0.246 -0.750
1259.304 90.00 90.2500 5.4 -0.247 -0.728
1259.403 90.00 90.2400 5.7 -0.243 -0.680
1259.501 90.00 90.2300 6.6 -0.226 -0.538
1259.603 90.00 90.2600 5.1 -0.262 -0.774
1259.700 90.00 90.2600 5.5 -0.258 -0.716
1259.802 90.00 90.2700 5.2 -0.268 -0.765
1259.901 90.00 90.2800 5.0 -0.277 -0.804
1260.000 90.00 90.2600 5.6 -0.266 -0.697
1260.101 90.00 90.2700 5.4 -0.274 -0.736
1260.198 90.00 90.2800 5.2 -0.282 -0.766
1260.300 90.00 90.2700 5.7 -0.274 -0.686
1260.398 90.00 90.2800 5.4 -0.282 -0.723
1260.498 90.00 90.2800 5.7 -0.279 -0.677
1260.599 90.00 90.2900 5.3 -0.291 -0.745
1260.697 90.00 90.2800 5.7 -0.286 -0.687
1260.798 90.00 90.2700 6.2 -0.276 -0.595
1260.898 90.00 90.2900 5.7 -0.290 -0.677
1260.996 90.00 90.2900 6.0 -0.287 -0.637
1261.097 90.00 90.2900 5.9 -0.292 -0.654
1261.195 90.00 90.2900 5.9 -0.293 -0.645
1261.295 90.00 90.3000 5.7 -0.301 -0.681
1261.395 90.00 90.2900 6.2 -0.292 -0.598
1261.494 90.00 90.3000 5.9 -0.301 -0.651
1261.595 90.00 90.2800 7.0 -0.277 -0.463
1261.693 90.00 90.3100 5.7 -0.310 -0.683
1261.793 90.00 90.3100 5.8 -0.310 -0.668
1261.894 90.00 90.3000 6.1 -0.305 -0.615
1261.992 90.00 90.3000 6.2 -0.304 -0.590
1262.093 90.00 90.3000 6.6 -0.298 -0.534
1262.191 90.00 90.3100 5.9 -0.315 -0.643
1262.291 90.00 90.3100 6.0 -0.314 -0.620
1262.392 90.00 90.2600 8.5 -0.260 -0.225
1262.489 90.00 90.3100 6.4 -0.308 -0.563
1262.591 90.00 90.3300 5.5 -0.332 -0.716
1262.689 90.00 90.3000 6.9 -0.301 -0.484
1262.789 90.00 90.3000 6.8 -0.304 -0.497
1262.891 90.00 90.3100 6.6 -0.309 -0.522
1262.989 90.00 90.3100 6.7 -0.309 -0.507
1263.088 90.00 90.3100 6.8 -0.309 -0.497
1263.189 90.00 90.3100 6.6 -0.315 -0.528
1263.286 90.00 90.3100 6.9 -0.309 -0.481
1263.388 90.00 90.3000 7.3 -0.302 -0.420
1263.487 90.00 90.3100 7.1 -0.306 -0.446
1263.585 90.00 90.3100 6.8 -0.315 -0.500
1263.687 90.00 90.3100 7.0 -0.311 -0.461
1263.784 90.00 90.3100 7.1 -0.310 -0.449
1263.886 90.00 90.3100 7.1 -0.312 -0.451
1263.985 90.00 90.3000 7.4 -0.304 -0.394
1264.084 90.00 90.3100 7.3 -0.308 -0.415
1264.185 90.00 90.3000 7.6 -0.302 -0.367
1264.282 90.00 90.3000 7.4 -0.306 -0.391
1264.384 90.00 90.3100 7.4 -0.307 -0.397
1264.482 90.00 90.3000 7.5 -0.305 -0.375
1264.582 90.00 90.3000 7.9 -0.298 -0.321
1264.683 90.00 90.3000 7.5 -0.306 -0.379
1264.780 90.00 90.3000 7.7 -0.302 -0.344
1264.882 90.00 90.3000 7.9 -0.298 -0.316
1264.980 90.00 90.3100 7.5 -0.308 -0.385
1265.080 90.00 90.2900 8.2 -0.291 -0.266
1265.181 90.00 90.2900 8.0 -0.295 -0.290
1265.279 90.00 90.3000 7.8 -0.299 -0.323
1265.379 90.00 90.2900 8.0 -0.295 -0.289
1265.480 90.00 90.3000 7.7 -0.302 -0.338
1265.577 90.00 90.3000 7.8 -0.300 -0.322
1265.679 90.00 90.3000 7.8 -0.300 -0.326
1265.777 90.00 90.2900 8.1 -0.293 -0.275
1265.877 90.00 90.2900 8.2 -0.292 -0.269
1265.978 90.00 90.2900 8.4 -0.286 -0.229
1266.076 90.00 90.2800 8.6 -0.282 -0.202
1266.177 90.00 90.2800 8.4 -0.285 -0.227
1266.275 90.00 90.2900 8.3 -0.286 -0.239
1266.375 90.00 90.2900 8.0 -0.295 -0.302
1266.476 90.00 90.2300 10.8 -0.230 0.157
1266.573 90.00 90.2800 8.5 -0.278 -0.204
1266.675 90.00 90.2800 8.2 -0.286 -0.260
1266.773 90.00 90.2800 8.2 -0.286 -0.262
1266.873 90.00 90.2800 8.6 -0.277 -0.198
1266.974 90.00 90.2800 8.6 -0.276 -0.201
1267.072 90.00 90.2800 8.4 -0.279 -0.224
1267.172 90.00 90.2800 8.5 -0.276 -0.206
1267.273 90.00 90.2600 9.0 -0.265 -0.130
1267.370 90.00 90.2700 8.6 -0.274 -0.198
1267.472 90.00 90.2600 9.0 -0.263 -0.130
1267.571 90.00 90.2600 8.9 -0.264 -0.140
1267.669 90.00 90.2700 8.7 -0.267 -0.170
1267.771 90.00 90.2600 9.2 -0.256 -0.099
1267.869 90.00 90.2600 8.8 -0.264 -0.159
1267.970 90.00 90.2500 9.2 -0.253 -0.087
1268.069 90.00 90.2600 8.9 -0.260 -0.145
1268.167 90.00 90.2500 9.4 -0.247 -0.062
1268.269 90.00 90.2600 8.9 -0.258 -0.143
1268.366 90.00 90.2500 9.2 -0.249 -0.088
1268.468 90.00 90.2600 8.8 -0.258 -0.161
1268.567 90.00 90.2400 9.7 -0.237 -0.021
1268.665 90.00 90.2400 9.3 -0.244 -0.078
1268.767 90.00 90.2400 9.3 -0.242 -0.075
1268.865 90.00 90.2400 9.2 -0.243 -0.085
1268.966 90.00 90.2400 9.1 -0.244 -0.102
1269.065 90.00 90.2300 9.7 -0.231 -0.020
1269.163 90.00 90.2300 9.4 -0.235 -0.060
1269.265 90.00 90.2200 9.7 -0.226 -0.004
1269.363 90.00 90.2300 9.3 -0.235 -0.079
1269.463 90.00 90.2300 9.6 -0.226 -0.025
1269.563 90.00 90.2500 8.5 -0.250 -0.200
1269.662 90.00 90.2400 9.0 -0.240 -0.129
1269.763 90.00 90.2300 9.2 -0.233 -0.090
1269.861 90.00 90.2200 9.6 -0.224 -0.032
1269.961 90.00 90.2200 9.7 -0.219 -0.009
1270.061 90.00 90.2200 9.7 -0.219 -0.018
1270.160 90.00 90.2200 9.7 -0.216 -0.009
1270.261 90.00 90.2200 9.6 -0.217 -0.024
1270.359 90.00 90.2100 9.8 -0.210 0.016
1270.459 90.00 90.2000 10.2 -0.199 0.081
1270.559 90.00 90.2200 9.2 -0.220 -0.081
1270.658 90.00 90.2100 9.8 -0.206 0.009
1270.759 90.00 90.2100 9.5 -0.212 -0.040
1270.858 90.00 90.2100 9.6 -0.208 -0.025
1270.956 90.00 90.2100 9.5 -0.210 -0.045
1271.058 90.00 90.1900 10.2 -0.192 0.074
1271.155 90.00 90.1900 10.1 -0.193 0.054
1271.256 90.00 90.1900 9.9 -0.194 0.032
1271.357 90.00 90.2000 9.8 -0.197 0.003
1271.455 90.00 90.2000 9.6 -0.200 -0.031
1271.556 90.00 90.1900 9.9 -0.190 0.029
1271.654 90.00 90.1900 9.8 -0.193 0.001
1271.754 90.00 90.1900 9.6 -0.194 -0.015
1271.855 90.00 90.1900 9.7 -0.190 -0.000
1271.952 90.00 90.1700 10.6 -0.170 0.133
1272.054 90.00 90.1900 9.6 -0.189 -0.015
1272.152 90.00 90.1800 9.8 -0.183 0.018
1272.252 90.00 90.1900 9.5 -0.190 -0.041
1272.353 90.00 90.1800 9.8 -0.182 0.007
1272.451 90.00 90.1700 10.0 -0.175 0.044
1272.552 90.00 90.1800 9.5 -0.185 -0.034
1272.650 90.00 90.1700 10.0 -0.172 0.046
1272.750 90.00 90.1800 9.4 -0.184 -0.050
1272.851 90.00 90.1800 9.6 -0.180 -0.028
1272.948 90.00 90.1700 9.9 -0.172 0.021
1273.050 90.00 90.1800 9.6 -0.177 -0.018
1273.148 90.00 90.1800 9.4 -0.179 -0.047
1273.248 90.00 90.1700 9.6 -0.176 -0.027
1273.349 90.00 90.1800 9.3 -0.181 -0.074
1273.447 90.00 90.1600 10.1 -0.162 0.053
1273.548 90.00 90.1700 9.6 -0.172 -0.022
1273.646 90.00 90.1700 9.3 -0.176 -0.060
1273.746 90.00 90.1700 9.5 -0.172 -0.035
1273.847 90.00 90.1700 9.6 -0.169 -0.022
1273.945 90.00 90.1600 9.8 -0.163 0.010
1274.045 90.00 90.1600 9.6 -0.165 -0.012
1274.145 90.00 90.1700 9.4 -0.170 -0.051
1274.244 90.00 90.1600 9.7 -0.161 0.003
1274.345 90.00 90.1600 9.5 -0.165 -0.035
1274.443 90.00 90.1600 9.6 -0.161 -0.014
1274.543 90.00 90.1500 9.8 -0.156 0.018
1274.643 90.00 90.1700 9.3 -0.167 -0.071
1274.742 90.00 90.1600 9.4 -0.164 -0.053
1274.843 90.00 90.1500 10.0 -0.148 0.050
1274.942 90.00 90.1600 9.3 -0.162 -0.058
1275.040 90.00 90.1500 9.8 -0.152 0.011
1275.142 90.00 90.1600 9.5 -0.157 -0.035
1275.239 90.00 90.1500 9.8 -0.150 0.008
1275.341 90.00 90.1600 9.4 -0.157 -0.048
1275.440 90.00 90.2000 7.6 -0.198 -0.344
1275.538 90.00 90.1400 10.1 -0.142 0.061
1275.640 90.00 90.1500 9.8 -0.147 0.015
1275.738 90.00 90.1500 9.6 -0.151 -0.024
1275.838 90.00 90.1400 9.7 -0.146 0.007
1275.939 90.00 90.1400 9.7 -0.146 0.002
1276.036 90.00 90.1400 9.9 -0.141 0.027
1276.138 90.00 90.1300 10.0 -0.136 0.053
1276.236 90.00 90.1400 9.9 -0.136 0.040
1276.336 90.00 90.1400 9.7 -0.142 -0.006
1276.437 90.00 90.1400 9.8 -0.136 0.026
1276.534 90.00 90.1400 9.5 -0.144 -0.035
1276.636 90.00 90.1300 9.9 -0.132 0.042
1276.734 90.00 90.1200 10.2 -0.125 0.085
1276.834 90.00 90.1200 10.5 -0.117 0.129
1276.935 90.00 90.1200 10.2 -0.121 0.089
1277.033 90.00 90.1200 10.3 -0.117 0.104
1277.134 90.00 90.1000 10.8 -0.106 0.173
1277.232 90.00 90.1200 10.2 -0.118 0.074
1277.332 90.00 90.1100 10.5 -0.109 0.129
1277.433 90.00 90.1100 10.5 -0.108 0.124
1277.530 90.00 90.1100 10.3 -0.110 0.097
1277.632 90.00 90.1000 10.8 -0.098 0.172
1277.730 90.00 90.0800 11.2 -0.085 0.247
1277.830 90.00 90.1000 10.6 -0.098 0.141
1277.931 90.00 90.1000 10.4 -0.100 0.116
1278.029 90.00 90.0900 10.5 -0.096 0.132
1278.129 90.00 90.1000 10.4 -0.097 0.112
1278.229 90.00 90.1300 9.0 -0.128 -0.116
1278.328 90.00 90.0900 10.5 -0.093 0.128
1278.429 90.00 90.0700 11.2 -0.075 0.244
1278.527 90.00 90.0800 10.9 -0.079 0.202
1278.627 90.00 90.0800 10.8 -0.081 0.173
1278.727 90.00 90.0700 11.2 -0.068 0.252
1278.826 90.00 90.0600 11.2 -0.066 0.252
1278.927 90.00 90.0700 11.1 -0.066 0.230
1279.026 90.00 90.0700 10.7 -0.073 0.172
1279.125 90.00 90.0700 10.8 -0.071 0.173
1279.226 90.00 90.0600 11.0 -0.063 0.215
1279.323 90.00 90.0600 11.1 -0.059 0.227
1279.425 90.00 90.0600 11.0 -0.059 0.212
1279.523 90.00 90.0500 11.2 -0.053 0.243
1279.623 90.00 90.0400 11.5 -0.044 0.294
1279.724 90.00 90.0500 11.1 -0.051 0.225
1279.822 90.00 90.0400 11.3 -0.045 0.256
1279.922 90.00 90.0500 10.8 -0.053 0.179
1280.021 90.00 90.0500 10.8 -0.052 0.174
1280.121 90.00 90.0400 11.2 -0.042 0.238
1280.222 90.00 90.0400 11.0 -0.044 0.207
1280.320 90.00 90.0400 10.9 -0.044 0.199
1280.420 90.00 90.0300 11.4 -0.031 0.278
1280.520 90.00 90.0300 11.1 -0.035 0.233
1280.619 90.00 90.0400 10.9 -0.037 0.201
1280.720 90.00 90.0200 11.6 -0.020 0.309
1280.818 90.00 90.0300 11.1 -0.029 0.231
1280.918 90.00 90.0300 11.1 -0.026 0.236
1281.019 90.00 90.0200 11.2 -0.024 0.239
1281.117 90.00 90.0200 11.4 -0.017 0.276
1281.218 90.00 90.0200 11.2 -0.020 0.242
1281.316 90.00 90.0300 10.7 -0.028 0.173
1281.416 90.00 90.0100 11.4 -0.010 0.287
1281.516 90.00 90.0200 11.0 -0.019 0.212
1281.615 90.00 90.0100 11.3 -0.009 0.271
1281.716 90.00 90.0100 11.1 -0.012 0.230
1281.814 90.00 90.0100 11.0 -0.013 0.215
1281.914 90.00 90.0000 11.3 -0.004 0.263
1282.015 90.00 90.0100 11.0 -0.009 0.217
1282.114 90.00 90.0000 11.3 -0.001 0.264
1282.213 90.00 90.0000 11.0 -0.005 0.219
1282.313 90.00 90.0000 11.2 0.001 0.253
1282.412 90.00 90.0000 11.1 -0.001 0.227
1282.512 90.00 89.9900 11.5 0.010 0.293
1282.612 90.00 90.0000 10.8 -0.002 0.190
1282.711 90.00 89.9800 11.5 0.015 0.302
1282.812 90.00 89.9900 11.3 0.011 0.258
1282.909 90.00 89.9900 11.2 0.010 0.242
1283.011 90.00 89.9800 11.4 0.016 0.273
1283.109 90.00 89.9900 11.0 0.010 0.218
1283.209 90.00 89.9800 11.3 0.018 0.260
1283.310 90.00 89.9700 11.7 0.030 0.333
1283.407 90.00 89.9700 11.7 0.032 0.334
1283.509 90.00 89.9800 11.1 0.019 0.229
1283.607 90.00 90.0000 10.2 0.000 0.084
1283.707 90.00 89.9600 11.7 0.035 0.325
1283.808 90.00 89.9100 13.8 0.086 0.665
1283.905 90.00 89.9700 11.2 0.031 0.250
1284.006 90.00 89.9700 11.3 0.033 0.257
1284.105 90.00 89.9700 11.0 0.029 0.218
1284.205 90.00 89.9800 10.5 0.019 0.138
1284.306 90.00 89.9600 11.4 0.041 0.286
1284.404 90.00 89.9600 11.2 0.038 0.253
1284.504 90.00 89.9500 11.5 0.045 0.292
1284.604 90.00 89.9600 11.3 0.043 0.262
1284.703 90.00 89.9500 11.5 0.049 0.293
1284.804 90.00 89.9500 11.5 0.050 0.291
1284.902 90.00 89.9500 11.2 0.047 0.253
1285.002 90.00 89.9500 11.3 0.049 0.256
1285.102 90.00 89.9200 12.3 0.075 0.433
1285.201 90.00 89.9400 11.5 0.059 0.299
1285.302 90.00 89.9400 11.3 0.056 0.267
1285.400 90.00 89.9500 11.0 0.051 0.219
1285.500 90.00 89.9400 11.4 0.061 0.287
1285.600 90.00 89.9500 11.0 0.053 0.214
1285.699 90.00 89.9400 11.2 0.057 0.239
1285.800 90.00 89.9300 11.4 0.065 0.280
1285.898 90.00 89.9300 11.4 0.066 0.279
1285.998 90.00 89.9300 11.4 0.068 0.285
1286.099 90.00 89.9300 11.3 0.067 0.267
1286.197 90.00 89.9300 11.4 0.070 0.277
1286.298 90.00 89.9400 10.9 0.061 0.201
1286.396 90.00 89.9200 11.4 0.074 0.286
1286.496 90.00 89.9200 11.5 0.077 0.300
1286.597 90.00 89.9300 11.2 0.070 0.238
1286.695 90.00 89.9200 11.3 0.074 0.257
1286.795 90.00 89.9200 11.4 0.078 0.273
1286.896 90.00 89.9200 11.4 0.080 0.282
1286.994 90.00 89.9200 11.1 0.074 0.228
1287.095 90.00 89.9200 11.1 0.075 0.227
1287.194 90.00 89.9200 11.0 0.075 0.219
1287.293 90.00 89.9100 11.5 0.086 0.287
1287.394 90.00 89.9200 11.3 0.083 0.259
1287.491 90.00 89.9100 11.3 0.084 0.259
1287.593 90.00 89.9100 11.3 0.087 0.270
1287.691 90.00 89.9000 11.7 0.097 0.333
1287.791 90.00 89.9200 11.0 0.081 0.208
1287.892 90.00 89.9500 9.6 0.051 -0.010
1287.989 90.00 89.9100 11.2 0.087 0.248
1288.091 90.00 89.9200 10.9 0.082 0.202
1288.189 90.00 89.9200 10.9 0.083 0.201
1288.289 90.00 89.9200 10.7 0.078 0.164
1288.390 90.00 89.9100 11.0 0.085 0.208
1288.488 90.00 89.9100 11.0 0.087 0.215
1288.588 90.00 89.9100 10.8 0.084 0.187
1288.689 90.00 89.9100 11.2 0.092 0.237
1288.787 90.00 89.9200 10.4 0.076 0.117
1288.888 90.00 89.9200 10.4 0.076 0.116
1288.986 90.00 89.9100 10.8 0.087 0.188
1289.086 90.00 89.9100 11.1 0.093 0.230
1289.186 90.00 89.9100 11.1 0.093 0.224
1289.285 90.00 89.9000 11.1 0.096 0.234
1289.386 90.00 89.9100 10.9 0.090 0.188
1289.484 90.00 89.9000 11.0 0.095 0.217
1289.584 90.00 89.9000 11.0 0.096 0.217
1289.684 90.00 89.9100 10.7 0.089 0.165
1289.783 90.00 89.9000 10.9 0.094 0.193
1289.884 90.00 89.9100 10.7 0.090 0.162
1289.982 90.00 89.9100 10.8 0.093 0.177
1290.082 90.00 89.9000 11.0 0.098 0.208
1290.182 90.00 89.9100 10.5 0.088 0.136
1290.281 90.00 89.9000 10.8 0.094 0.175
1290.382 90.00 89.9000 10.9 0.098 0.197
1290.481 90.00 89.9000 11.0 0.100 0.207
1290.580 90.00 89.9000 10.9 0.099 0.193
1290.680 90.00 89.9000 11.0 0.102 0.209
1290.780 90.00 89.9000 10.6 0.094 0.151
1290.879 90.00 89.9100 10.5 0.091 0.127
1290.980 90.00 89.9000 10.8 0.100 0.186
1291.077 90.00 89.9300 9.6 0.071 -0.023
1291.179 90.00 89.9100 10.5 0.091 0.127
1291.278 90.00 89.9000 10.7 0.096 0.156
1291.377 90.00 89.9100 10.4 0.089 0.108
1291.478 90.00 89.9000 10.9 0.102 0.195
1291.575 90.00 89.8900 11.2 0.109 0.240
1291.677 90.00 89.9000 10.7 0.097 0.152
1291.775 90.00 89.9100 10.3 0.089 0.093
1291.875 90.00 89.9000 10.8 0.101 0.173
1291.976 90.00 89.9100 10.3 0.089 0.090
1292.073 90.00 89.8900 10.9 0.104 0.194
1292.175 90.00 89.9000 10.6 0.098 0.147
1292.273 90.00 89.9000 10.8 0.103 0.179
1292.373 90.00 89.9100 10.2 0.090 0.086
1292.474 90.00 89.9000 10.8 0.103 0.172
1292.572 90.00 89.9200 9.7 0.079 0.005
1292.672 90.00 89.8800 11.4 0.117 0.273
1292.771 90.00 89.9100 10.0 0.087 0.052
1292.871 90.00 89.9100 10.3 0.092 0.090
1292.972 90.00 89.9000 10.5 0.097 0.127
1293.070 90.00 89.9000 10.6 0.099 0.138
1293.170 90.00 89.9100 10.2 0.090 0.077
1293.271 90.00 89.9000 10.4 0.094 0.106
1293.368 90.00 89.9000 10.4 0.094 0.104
1293.470 90.00 89.9100 10.3 0.093 0.095
1293.568 90.00 89.9100 10.3 0.094 0.098
1293.668 90.00 89.9000 10.7 0.102 0.156
1293.769 90.00 89.9000 10.4 0.095 0.109
1293.866 90.00 89.9000 10.3 0.095 0.102
1293.968 90.00 89.8900 10.8 0.104 0.170
1294.066 90.00 89.9000 10.6 0.100 0.135
1294.166 90.00 89.8900 11.0 0.110 0.205
1294.267 90.00 89.8900 10.9 0.109 0.190
1294.364 90.00 89.8900 10.7 0.106 0.165
1294.466 90.00 89.9000 10.4 0.098 0.109
1294.564 90.00 89.8900 10.8 0.108 0.181
1294.664 90.00 89.8900 10.7 0.105 0.155
1294.765 90.00 89.9000 10.5 0.100 0.118
1294.864 90.00 89.8900 10.7 0.105 0.149
1294.963 90.00 89.9000 10.3 0.097 0.092
1295.064 90.00 89.8900 11.0 0.113 0.202
1295.162 90.00 89.8900 10.6 0.106 0.149
1295.263 90.00 89.9000 10.5 0.102 0.119
1295.362 90.00 89.9000 10.4 0.101 0.111
1295.460 90.00 89.8900 10.7 0.108 0.159
1295.562 90.00 89.8900 10.7 0.108 0.158
1295.660 90.00 89.8900 10.7 0.108 0.154
1295.760 90.00 89.8900 10.7 0.109 0.162
1295.860 90.00 89.8900 10.7 0.109 0.155
1295.959 90.00 89.8900 10.8 0.113 0.182
1296.060 90.00 89.8900 10.7 0.111 0.163
1296.158 90.00 89.8800 11.0 0.118 0.212
1296.259 90.00 89.8900 10.6 0.108 0.136
1296.358 90.00 89.8800 11.2 0.121 0.230
1296.456 90.00 89.8800 11.0 0.118 0.203
1296.558 90.00 89.8800 10.9 0.118 0.195
1296.656 90.00 89.8800 11.1 0.121 0.214
1296.756 90.00 89.8800 11.0 0.121 0.208
1296.857 90.00 89.9000 10.1 0.101 0.064
1296.955 90.00 89.8800 10.7 0.115 0.161
1297.056 90.00 89.8800 11.1 0.123 0.217
1297.154 90.00 89.8900 10.6 0.112 0.138
1297.254 90.00 89.8800 10.8 0.116 0.163
1297.355 90.00 89.8900 10.3 0.106 0.091
1297.453 90.00 89.8800 10.9 0.120 0.191
1297.554 90.00 89.8900 10.6 0.114 0.142
1297.652 90.00 89.8800 11.0 0.122 0.201
1297.752 90.00 89.8800 10.9 0.121 0.187
1297.853 90.00 89.8800 10.8 0.119 0.171
1297.950 90.00 89.8700 11.1 0.125 0.211
1298.052 90.00 89.8800 10.7 0.119 0.161
1298.150 90.00 89.8700 11.0 0.125 0.204
1298.250 90.00 89.8700 11.1 0.129 0.225
1298.351 90.00 89.8800 10.7 0.118 0.145
1298.448 90.00 89.8700 11.0 0.126 0.202
1298.550 90.00 89.8800 10.8 0.123 0.179
1298.648 90.00 89.8800 10.6 0.118 0.137
1298.748 90.00 89.8800 10.7 0.121 0.160
1298.848 90.00 89.8700 10.9 0.127 0.195
1298.947 90.00 89.8800 10.7 0.121 0.150
1299.047 90.00 89.8700 10.9 0.126 0.184
1299.148 90.00 89.8800 10.6 0.119 0.135
1299.246 90.00 89.8800 10.7 0.122 0.153
1299.347 90.00 89.8900 10.1 0.109 0.059
1299.446 90.00 89.8700 11.1 0.131 0.216
1299.544 90.00 89.8800 10.7 0.122 0.154
1299.646 90.00 89.8800 10.5 0.117 0.117
1299.744 90.00 89.8800 10.6 0.119 0.128
1299.844 90.00 89.8700 10.8 0.125 0.173
1299.944 90.00 89.8700 11.0 0.130 0.204
1300.042 90.00 89.8700 11.0 0.130 0.196
1300.144 90.00 89.8700 10.9 0.129 0.187
1300.242 90.00 89.8800 10.6 0.123 0.141
1300.342 90.00 89.8800 10.7 0.123 0.146
1300.442 90.00 89.8700 10.9 0.128 0.178
1300.540 90.00 89.8700 10.9 0.129 0.182
1300.642 90.00 89.8700 10.9 0.131 0.190
1300.740 90.00 89.8700 11.0 0.133 0.204
1300.840 90.00 89.8700 10.9 0.131 0.188
1300.940 90.00 89.8700 10.8 0.130 0.174
1301.039 90.00 89.8700 11.0 0.133 0.195
1301.140 90.00 89.8600 11.3 0.141 0.250
1301.239 90.00 89.8700 10.9 0.132 0.177
1301.338 90.00 89.8600 11.2 0.140 0.236
1301.439 90.00 89.8600 10.9 0.134 0.187
1301.537 90.00 89.8600 11.2 0.140 0.228
1301.638 90.00 89.8600 11.1 0.139 0.217
1301.737 90.00 89.8600 11.0 0.137 0.200
1301.835 90.00 89.8600 11.1 0.139 0.207
1301.937 90.00 89.8500 11.3 0.146 0.254
1302.034 90.00 89.8600 11.1 0.141 0.212
1302.136 90.00 89.8300 12.5 0.173 0.436
1302.235 90.00 89.8500 11.1 0.144 0.220
1302.334 90.00 89.8600 10.8 0.137 0.164
1302.435 90.00 89.8600 10.8 0.137 0.166
1302.532 90.00 89.8600 11.0 0.141 0.192
1302.634 90.00 89.8500 11.2 0.148 0.235
1302.734 90.00 89.8400 11.5 0.155 0.280
1302.832 90.00 89.8600 10.9 0.142 0.184
1302.932 90.00 89.8500 11.3 0.151 0.246
1303.031 90.00 89.8600 10.8 0.139 0.158
1303.131 90.00 89.8400 11.7 0.160 0.302
1303.232 90.00 89.8400 11.4 0.155 0.258
1303.329 90.00 89.8700 10.4 0.132 0.095
1303.431 90.00 89.8500 11.2 0.151 0.226
1303.530 90.00 89.8500 11.0 0.147 0.198
1303.629 90.00 89.8500 10.9 0.146 0.186
1303.730 90.00 89.8300 11.8 0.166 0.327
1303.828 90.00 89.8400 11.4 0.158 0.262
1303.929 90.00 89.8500 11.0 0.150 0.198
1304.028 90.00 89.8400 11.4 0.158 0.256
1304.126 90.00 89.8300 11.7 0.166 0.303
1304.228 90.00 89.8400 11.3 0.159 0.249
1304.325 90.00 89.8400 11.4 0.162 0.265
1304.427 90.00 89.8300 11.5 0.165 0.282
1304.526 90.00 89.8300 11.8 0.173 0.332
1304.624 90.00 89.8300 11.5 0.167 0.279
1304.726 90.00 89.8300 11.4 0.164 0.257
1304.824 90.00 89.8700 9.7 0.125 -0.021
1304.924 90.00 89.8300 11.6 0.169 0.290
1305.024 90.00 89.8300 11.5 0.168 0.281
1305.122 90.00 89.8100 12.2 0.185 0.393
1305.224 90.00 89.8200 11.8 0.176 0.320
1305.322 90.00 89.8200 11.7 0.175 0.304
1305.422 90.00 89.8300 11.5 0.171 0.271
1305.523 90.00 89.8200 11.6 0.175 0.291
1305.620 90.00 89.8100 12.0 0.184 0.351
1305.722 90.00 89.8200 11.7 0.178 0.300
1305.820 90.00 89.8200 11.8 0.183 0.329
1305.920 90.00 89.8200 11.7 0.181 0.307
1306.021 90.00 89.8100 12.0 0.188 0.349
1306.118 90.00 89.8200 11.5 0.177 0.269
1306.220 90.00 89.8200 11.6 0.182 0.294
1306.318 90.00 89.8100 11.8 0.187 0.326
1306.418 90.00 89.7900 12.6 0.206 0.449
1306.519 90.00 89.8100 12.0 0.193 0.350
1306.616 90.00 89.8200 11.5 0.184 0.274
1306.718 90.00 89.7900 12.5 0.206 0.430
1306.817 90.00 89.8200 11.4 0.183 0.257
1306.916 90.00 89.8100 11.6 0.189 0.292
1307.017 90.00 89.8200 11.2 0.180 0.227
1307.115 90.00 89.8100 11.7 0.193 0.311
1307.215 90.00 89.8100 11.7 0.193 0.309
1307.315 90.00 89.8000 11.8 0.195 0.314
1307.414 90.00 89.8000 12.0 0.200 0.347
1307.515 90.00 89.8000 11.7 0.195 0.303
1307.614 90.00 89.8100 11.5 0.191 0.266
1307.713 90.00 89.8100 11.3 0.187 0.236
1307.814 90.00 89.8000 11.6 0.195 0.288
1307.912 90.00 89.7900 12.1 0.206 0.365
1308.013 90.00 89.8000 11.7 0.198 0.299
1308.112 90.00 89.7900 12.1 0.207 0.359
1308.210 90.00 89.7900 11.9 0.204 0.328
1308.312 90.00 89.8000 11.6 0.199 0.291
1308.410 90.00 89.7900 11.8 0.204 0.317
1308.510 90.00 89.8100 11.2 0.192 0.229
1308.610 90.00 89.8000 11.4 0.196 0.251
1308.708 90.00 89.8000 11.6 0.201 0.286
1308.810 90.00 89.8000 11.6 0.200 0.278
1308.908 90.00 89.8100 11.2 0.193 0.220
1309.008 90.00 89.8100 11.2 0.194 0.225
1309.108 90.00 89.8000 11.3 0.195 0.231
1309.206 90.00 89.8000 11.6 0.203 0.286
1309.308 90.00 89.8000 11.4 0.198 0.249
1309.406 90.00 89.8000 11.3 0.197 0.239
1309.506 90.00 89.8000 11.3 0.196 0.231
1309.607 90.00 89.8100 11.1 0.193 0.204
1309.704 90.00 89.8000 11.4 0.199 0.248
1309.806 90.00 89.8000 11.3 0.197 0.229
1309.904 90.00 89.8000 11.2 0.195 0.217
1310.004 90.00 89.8000 11.2 0.197 0.227
1310.105 90.00 89.8000 11.3 0.198 0.238
1310.202 90.00 89.8000 11.5 0.202 0.260
1310.304 90.00 89.8000 11.3 0.198 0.232
1310.402 90.00 89.8000 11.5 0.203 0.262
1310.502 90.00 89.8100 10.9 0.191 0.174
1310.603 90.00 89.8100 11.0 0.192 0.185
1310.701 90.00 89.8000 11.2 0.196 0.213
1310.801 90.00 89.8000 11.2 0.198 0.222
1310.901 90.00 89.8000 11.4 0.201 0.248
1311.000 90.00 89.8100 10.8 0.188 0.153
1311.101 90.00 89.8000 11.1 0.194 0.196
1311.199 90.00 89.8000 11.3 0.199 0.233
1311.300 90.00 89.7600 13.1 0.242 0.531
1311.399 90.00 89.8200 10.5 0.183 0.099
1311.497 90.00 89.8000 11.1 0.197 0.205
1311.599 90.00 89.8100 10.9 0.192 0.171
1311.697 90.00 89.8000 11.3 0.200 0.229
1311.798 90.00 89.8000 11.2 0.198 0.214
1311.898 90.00 89.8100 10.8 0.191 0.159
1311.995 90.00 89.8100 10.9 0.192 0.171
1312.097 90.00 89.8200 10.5 0.181 0.094
1312.195 90.00 89.8000 11.2 0.197 0.207
1312.295 90.00 89.8000 11.1 0.195 0.196
1312.396 90.00 89.8000 11.2 0.197 0.206
1312.493 90.00 89.7900 11.9 0.213 0.324
1312.595 90.00 89.8100 11.0 0.194 0.180
1312.693 90.00 89.8000 11.2 0.198 0.208
1312.793 90.00 89.8100 10.9 0.192 0.170
1312.894 90.00 89.8000 11.2 0.198 0.212
1312.991 90.00 89.8300 10.1 0.172 0.030
1313.093 90.00 89.7400 13.8 0.257 0.628
1313.191 90.00 89.7700 12.4 0.227 0.405
1313.291 90.00 89.8000 11.0 0.197 0.182
1313.392 90.00 89.8100 10.7 0.189 0.130
1313.489 90.00 89.8000 11.2 0.199 0.204
1313.591 90.00 89.8100 10.8 0.190 0.140
1313.690 90.00 89.8100 10.8 0.190 0.140
1313.788 90.00 89.8100 10.8 0.191 0.149
1313.890 90.00 89.8100 10.8 0.190 0.143
1313.988 90.00 89.8600 8.6 0.139 -0.206
1314.088 90.00 89.8100 10.8 0.188 0.150
1314.189 90.00 89.8000 11.4 0.201 0.243
1314.287 90.00 89.8000 11.3 0.199 0.231
1314.388 90.00 89.8000 11.4 0.201 0.239
1314.486 90.00 89.8000 11.2 0.196 0.204
1314.586 90.00 89.8000 11.4 0.201 0.237
1314.687 90.00 89.7900 11.5 0.204 0.260
1314.785 90.00 89.8000 11.1 0.196 0.195
1314.885 90.00 89.7900 11.5 0.205 0.259
1314.985 90.00 89.8000 11.3 0.201 0.230
1315.083 90.00 89.7900 11.6 0.208 0.280
1315.185 90.00 89.7900 11.5 0.206 0.258
1315.283 90.00 89.7900 11.6 0.208 0.271
1315.384 90.00 89.7900 11.6 0.210 0.280
1315.483 90.00 89.8000 11.3 0.202 0.226
1315.581 90.00 89.7800 11.9 0.216 0.317
1315.683 90.00 89.8000 11.3 0.204 0.229
1315.780 90.00 89.7900 11.4 0.205 0.233
1315.882 90.00 89.7900 11.4 0.206 0.240
1315.982 90.00 89.7900 11.6 0.211 0.275
1316.079 90.00 89.7700 12.5 0.232 0.420
1316.181 90.00 89.7800 11.8 0.217 0.304
1316.279 90.00 89.7900 11.4 0.209 0.242
1316.379 90.00 89.7900 11.5 0.211 0.259
1316.480 90.00 89.7900 11.4 0.209 0.242
1316.577 90.00 89.7800 11.8 0.218 0.299
1316.679 90.00 89.7800 11.6 0.215 0.274
1316.777 90.00 89.7800 11.7 0.217 0.287
1316.877 90.00 89.7800 11.6 0.214 0.264
1316.978 90.00 89.7900 11.4 0.212 0.243
1317.075 90.00 89.7800 11.7 0.217 0.279
1317.177 90.00 89.7900 11.3 0.209 0.219
1317.275 90.00 89.7900 11.4 0.212 0.245
1317.375 90.00 89.7800 11.6 0.216 0.266
1317.476 90.00 89.7800 11.5 0.214 0.250
1317.573 90.00 89.7800 11.7 0.219 0.285
1317.675 90.00 89.7800 11.7 0.219 0.279
1317.774 90.00 89.7800 11.5 0.215 0.250
1317.873 90.00 89.7800 11.6 0.219 0.274
1317.974 90.00 89.7800 11.5 0.217 0.257
1318.072 90.00 89.7700 11.9 0.225 0.314
1318.172 90.00 89.7800 11.6 0.219 0.264
1318.273 90.00 89.8200 9.9 0.180 -0.007
1318.370 90.00 89.7800 11.8 0.223 0.302
1318.472 90.00 89.7700 11.9 0.225 0.312
1318.570 90.00 89.7700 12.1 0.232 0.354
1318.670 90.00 89.7700 12.2 0.233 0.356
1318.770 90.00 89.7700 12.1 0.233 0.353
1318.869 90.00 89.7800 11.7 0.223 0.279
1318.969 90.00 89.7700 11.9 0.228 0.310
1319.069 90.00 89.7600 12.2 0.237 0.368
1319.168 90.00 89.7700 11.7 0.227 0.289
1319.269 90.00 89.7700 11.8 0.228 0.296
1319.367 90.00 89.7700 11.8 0.229 0.296
1319.467 90.00 89.7700 11.8 0.231 0.307
1319.567 90.00 89.7700 11.9 0.232 0.310
1319.666 90.00 89.7600 12.2 0.239 0.354
1319.767 90.00 89.7700 11.8 0.230 0.289
1319.865 90.00 89.7600 12.0 0.236 0.328
1319.965 90.00 89.7600 12.1 0.239 0.342
1320.065 90.00 89.7700 11.8 0.233 0.298
1320.163 90.00 89.7600 11.8 0.234 0.301
1320.265 90.00 89.7700 11.5 0.228 0.254
1320.364 90.00 89.7600 11.9 0.238 0.321
1320.464 90.00 89.7600 11.8 0.235 0.299
1320.564 90.00 89.7600 11.9 0.237 0.306
1320.661 90.00 89.7700 11.7 0.234 0.282
1320.763 90.00 89.7600 11.9 0.239 0.319
1320.861 90.00 89.7600 12.1 0.243 0.342
1320.961 90.00 89.7600 11.7 0.235 0.278
1321.062 90.00 89.7700 11.4 0.227 0.224
1321.159 90.00 89.7700 11.6 0.233 0.262
1321.261 90.00 89.7900 10.7 0.211 0.109
1321.359 90.00 89.7700 11.3 0.225 0.211
1321.459 90.00 89.7600 11.7 0.234 0.276
1321.560 90.00 89.7600 12.1 0.243 0.337
1321.657 90.00 89.7600 11.8 0.237 0.292
1321.759 90.00 89.7600 11.7 0.237 0.284
1321.857 90.00 89.8100 9.7 0.191 -0.041
1321.957 90.00 89.7600 11.9 0.240 0.315
1322.058 90.00 89.7700 11.6 0.233 0.266
1322.155 90.00 89.7600 11.9 0.239 0.302
1322.256 90.00 89.7600 11.9 0.240 0.305
1322.357 90.00 89.7700 11.4 0.230 0.236
1322.454 90.00 89.7700 11.5 0.231 0.243
1322.556 90.00 89.7700 11.4 0.230 0.235
1322.655 90.00 89.7600 11.7 0.236 0.275
1322.754 90.00 89.7700 11.4 0.229 0.224
1322.854 90.00 89.7600 11.7 0.236 0.272
1322.953 90.00 89.7700 11.6 0.234 0.256
1323.053 90.00 89.7700 11.5 0.231 0.235
1323.153 90.00 89.7600 11.6 0.234 0.259
1323.251 90.00 89.7700 11.5 0.232 0.244
1323.353 90.00 89.7600 11.8 0.239 0.290
1323.451 90.00 89.7700 11.5 0.232 0.237
1323.551 90.00 89.7600 11.7 0.237 0.271
1323.651 90.00 89.7700 11.2 0.224 0.184
1323.749 90.00 89.8000 10.1 0.200 0.015
1323.851 90.00 89.7600 11.7 0.236 0.276
1323.948 90.00 89.7700 11.4 0.230 0.231
1324.050 90.00 89.7700 11.5 0.232 0.244
1324.149 90.00 89.7600 11.8 0.237 0.282
1324.247 90.00 89.7600 11.7 0.236 0.272
1324.349 90.00 89.7700 11.3 0.228 0.216
1324.447 90.00 89.7700 11.3 0.228 0.213
1324.548 90.00 89.7700 11.6 0.233 0.250
1324.648 90.00 89.7700 11.5 0.232 0.240
1324.745 90.00 89.7700 11.5 0.232 0.240
1324.847 90.00 89.8200 9.1 0.175 -0.157
1324.945 90.00 89.7700 11.4 0.227 0.223
1325.045 90.00 89.7600 11.8 0.237 0.293
1325.146 90.00 89.7200 13.8 0.283 0.612
1325.243 90.00 89.7800 11.0 0.221 0.162
1325.345 90.00 89.7700 11.2 0.225 0.195
1325.443 90.00 89.7800 11.1 0.221 0.170
1325.543 90.00 89.7700 11.4 0.228 0.217
1325.644 90.00 89.7700 11.3 0.225 0.200
1325.741 90.00 89.7800 11.2 0.223 0.188
1325.843 90.00 89.7800 11.0 0.219 0.159
1325.942 90.00 89.7900 10.7 0.210 0.098
1326.041 90.00 89.7900 10.5 0.206 0.074
1326.142 90.00 89.7900 10.7 0.209 0.107
1326.239 90.00 89.8000 10.1 0.195 0.012
1326.341 90.00 89.7900 10.7 0.206 0.098
1326.439 90.00 89.8000 10.6 0.204 0.086
1326.539 90.00 89.7900 10.9 0.209 0.132
1326.640 90.00 89.8000 10.6 0.202 0.083
1326.739 90.00 89.8000 10.4 0.198 0.059
1326.838 90.00 89.8000 10.4 0.196 0.056
1326.939 90.00 89.8100 10.2 0.191 0.030
1327.037 90.00 89.8000 10.5 0.197 0.078
1327.138 90.00 89.8100 10.2 0.187 0.015
1327.237 90.00 89.8200 10.1 0.184 -0.001
1327.335 90.00 89.8000 10.6 0.194 0.082
1327.437 90.00 89.8200 10.0 0.181 -0.002
1327.534 90.00 89.8200 10.1 0.181 0.003
1327.636 90.00 89.8300 9.5 0.166 -0.091
1327.735 90.00 89.8100 10.4 0.185 0.055
1327.834 90.00 89.8300 9.6 0.165 -0.081
1327.935 90.00 89.8200 10.0 0.174 -0.004
1328.032 90.00 89.8300 10.0 0.172 -0.009
1328.134 90.00 89.8300 9.8 0.165 -0.050
1328.232 90.00 89.8300 9.8 0.165 -0.039
1328.332 90.00 89.8400 9.6 0.157 -0.081
1328.433 90.00 89.8400 9.6 0.156 -0.080
1328.530 90.00 89.8200 10.8 0.182 0.116
1328.632 90.00 89.8400 9.8 0.160 -0.036
1328.732 90.00 89.8500 9.5 0.151 -0.091
1328.830 90.00 89.8500 9.4 0.147 -0.104
1328.931 90.00 89.8600 9.3 0.142 -0.126
1329.029 90.00 89.8600 9.4 0.142 -0.116
1329.129 90.00 89.8700 9.0 0.132 -0.175
1329.230 90.00 89.8900 8.3 0.114 -0.286
1329.327 90.00 89.8700 9.1 0.128 -0.167
1329.429 90.00 89.8700 9.1 0.126 -0.166
1329.527 90.00 89.8600 9.5 0.134 -0.093
1329.627 90.00 89.8700 9.2 0.126 -0.140
1329.728 90.00 89.8900 8.8 0.113 -0.213
1329.825 90.00 89.8900 8.9 0.114 -0.196
1329.927 90.00 89.8800 9.3 0.121 -0.131
1330.025 90.00 89.8800 9.1 0.115 -0.158
1330.125 90.00 89.9000 8.6 0.102 -0.236
1330.226 90.00 89.8900 9.0 0.108 -0.175
1330.323 90.00 89.8900 9.0 0.106 -0.179
1330.425 90.00 89.9000 8.7 0.096 -0.232
1330.523 90.00 89.9100 8.3 0.086 -0.288
1330.623 90.00 89.9100 8.4 0.086 -0.270
1330.723 90.00 89.9100 8.6 0.088 -0.235
1330.822 90.00 89.9200 8.3 0.078 -0.287
1330.922 90.00 89.9200 8.5 0.081 -0.252
1331.023 90.00 89.9300 8.1 0.069 -0.316
1331.120 90.00 89.9300 8.2 0.067 -0.313
1331.222 90.00 89.9300 8.2 0.065 -0.307
1331.320 90.00 89.9400 8.2 0.062 -0.307
1331.420 90.00 89.9400 8.2 0.060 -0.301
1331.521 90.00 89.9400 8.3 0.059 -0.290
1331.618 90.00 89.9500 8.0 0.050 -0.338
1331.720 90.00 89.9500 8.2 0.053 -0.297
1331.819 90.00 89.9600 7.9 0.042 -0.356
1331.917 90.00 89.9300 9.0 0.065 -0.174
1332.019 90.00 89.9500 8.2 0.045 -0.307
1332.116 90.00 89.9600 7.9 0.035 -0.358
1332.218 90.00 89.9700 7.9 0.033 -0.352
1332.317 90.00 89.9700 7.9 0.031 -0.350
1332.415 90.00 89.9600 8.3 0.037 -0.287
1332.517 90.00 89.9900 7.2 0.010 -0.459
1332.614 90.00 89.9700 8.1 0.025 -0.329
1332.716 90.00 89.9700 8.4 0.030 -0.280
1332.815 90.00 89.9800 7.9 0.016 -0.360
1332.914 90.00 89.9800 7.9 0.014 -0.353
1333.015 90.00 89.9900 7.8 0.010 -0.362
1333.114 90.00 90.0000 7.6 0.003 -0.398
1333.213 90.00 89.9900 7.9 0.006 -0.353
1333.313 90.00 89.9900 8.0 0.005 -0.343
1333.412 90.00 90.0000 7.9 0.001 -0.356
1333.512 90.00 90.0200 7.2 -0.017 -0.464
1333.612 90.00 90.0100 7.5 -0.015 -0.428
1333.711 90.00 90.0100 7.8 -0.010 -0.373
1333.812 90.00 90.0200 7.5 -0.019 -0.413
1333.910 90.00 90.0100 7.9 -0.014 -0.358
1334.010 90.00 90.0100 8.0 -0.013 -0.335
1334.110 90.00 90.0100 8.0 -0.016 -0.339
1334.208 90.00 89.9900 9.1 0.008 -0.155
1334.310 90.00 90.0200 7.8 -0.024 -0.374
1334.408 90.00 90.0300 7.7 -0.029 -0.388
1334.508 90.00 90.0800 5.5 -0.083 -0.751
1334.608 90.00 90.0300 7.9 -0.032 -0.359
1334.707 90.00 90.0400 7.6 -0.040 -0.397
1334.808 90.00 89.9900 9.7 0.005 -0.063
1334.905 90.00 90.0400 7.9 -0.038 -0.361
1335.006 90.00 90.0500 7.4 -0.050 -0.428
1335.105 90.00 90.0500 7.3 -0.055 -0.445
1335.205 90.00 90.0500 7.5 -0.054 -0.424
1335.306 90.00 90.0500 7.7 -0.052 -0.390
1335.404 90.00 90.0600 7.2 -0.066 -0.466
1335.504 90.00 90.0600 7.7 -0.057 -0.389
1335.604 90.00 90.0700 7.2 -0.070 -0.460
1335.703 90.00 90.0700 7.4 -0.068 -0.429
1335.804 90.00 90.0700 7.6 -0.067 -0.401
1335.902 90.00 90.0800 7.0 -0.084 -0.506
1336.002 90.00 90.0600 7.9 -0.066 -0.358
1336.102 90.00 90.0800 7.2 -0.083 -0.465
1336.201 90.00 90.0800 7.2 -0.085 -0.458
1336.302 90.00 90.0700 7.8 -0.075 -0.371
1336.400 90.00 90.0900 7.0 -0.095 -0.496
1336.500 90.00 90.1000 7.0 -0.098 -0.494
1336.600 90.00 90.1000 7.2 -0.098 -0.473
1336.699 90.00 90.1300 5.7 -0.134 -0.707
1336.800 90.00 90.1000 7.3 -0.101 -0.448
1336.898 90.00 90.0900 7.8 -0.092 -0.370
1336.998 90.00 90.1000 7.6 -0.099 -0.403
1337.099 90.00 90.1100 7.2 -0.110 -0.468
1337.197 90.00 90.1100 7.2 -0.114 -0.472
1337.298 90.00 90.1100 7.2 -0.116 -0.471
1337.396 90.00 90.1100 7.4 -0.113 -0.435
1337.496 90.00 90.1200 7.1 -0.122 -0.479
1337.597 90.00 90.1000 8.3 -0.096 -0.281
1337.696 90.00 90.1100 7.5 -0.116 -0.410
1337.795 90.00 90.1300 7.2 -0.127 -0.474
1337.895 90.00 90.1300 7.1 -0.130 -0.477
1337.994 90.00 90.1200 7.7 -0.120 -0.389
1338.094 90.00 90.1400 6.9 -0.140 -0.516
1338.194 90.00 90.1300 7.5 -0.127 -0.408
1338.293 90.00 90.1200 7.8 -0.124 -0.369
1338.393 90.00 90.1300 7.7 -0.127 -0.378
1338.492 90.00 90.1100 8.5 -0.111 -0.257
1338.593 90.00 90.1200 8.1 -0.121 -0.320
1338.691 90.00 90.1600 6.3 -0.163 -0.601
1338.791 90.00 90.1400 7.5 -0.140 -0.419
1338.892 90.00 90.1200 8.5 -0.119 -0.258
1338.989 90.00 90.1300 8.0 -0.131 -0.333
1339.091 90.00 90.1400 7.8 -0.137 -0.364
1339.189 90.00 90.1400 7.5 -0.145 -0.412
1339.289 90.00 90.1300 8.1 -0.133 -0.311
1339.390 90.00 90.1400 7.8 -0.143 -0.372
1339.488 90.00 90.1500 7.6 -0.148 -0.401
1339.588 90.00 90.1500 7.5 -0.152 -0.416
1339.689 90.00 90.1500 7.6 -0.152 -0.402
1339.786 90.00 90.1400 8.1 -0.143 -0.325
1339.888 90.00 90.1600 7.4 -0.160 -0.438
1339.986 90.00 90.1500 7.7 -0.154 -0.381
1340.086 90.00 90.1200 9.1 -0.123 -0.151
1340.187 90.00 90.1600 7.5 -0.160 -0.407
1340.284 90.00 90.1600 7.8 -0.156 -0.372
1340.386 90.00 90.1600 7.4 -0.166 -0.425
1340.485 90.00 90.1600 7.8 -0.159 -0.364
1340.584 90.00 90.1600 7.6 -0.165 -0.398
1340.685 90.00 90.1500 8.2 -0.152 -0.293
1340.782 90.00 90.1600 7.8 -0.162 -0.360
1340.884 90.00 90.1700 7.6 -0.168 -0.391
1340.983 90.00 90.1700 7.5 -0.172 -0.407
1341.081 90.00 90.1700 7.6 -0.171 -0.391
1341.183 90.00 90.1600 8.0 -0.165 -0.332
1341.280 90.00 90.1600 8.0 -0.166 -0.331
1341.382 90.00 90.1700 7.8 -0.170 -0.356
1341.482 90.00 90.1800 7.6 -0.177 -0.389
1341.579 90.00 90.1800 7.6 -0.180 -0.400
1341.681 90.00 90.1700 8.1 -0.169 -0.312
1341.779 90.00 90.1800 7.8 -0.177 -0.360
1341.879 90.00 90.1900 7.3 -0.190 -0.447
1341.980 90.00 90.1600 8.4 -0.165 -0.259
1342.077 90.00 90.1800 7.9 -0.178 -0.347
1342.179 90.00 90.1700 8.1 -0.175 -0.314
1342.277 90.00 90.1700 8.1 -0.176 -0.313
1342.377 90.00 90.1800 8.1 -0.177 -0.312
1342.478 90.00 90.1700 8.4 -0.170 -0.261
1342.576 90.00 90.1700 8.3 -0.173 -0.276
1342.676 90.00 90.1800 8.0 -0.181 -0.326
1342.776 90.00 90.1700 8.5 -0.170 -0.246
1342.875 90.00 90.1700 8.4 -0.174 -0.264
1342.976 90.00 90.1800 8.3 -0.177 -0.283
1343.074 90.00 90.1800 8.2 -0.179 -0.292
1343.174 90.00 90.1800 8.3 -0.177 -0.275
1343.274 90.00 90.1700 8.8 -0.168 -0.204
1343.372 90.00 90.1600 8.9 -0.166 -0.189
1343.474 90.00 90.1300 10.3 -0.134 0.040
1343.572 90.00 90.1700 8.5 -0.173 -0.243
1343.672 90.00 90.1800 8.3 -0.177 -0.273
1343.773 90.00 90.1600 9.1 -0.161 -0.151
1343.870 90.00 90.1600 9.2 -0.159 -0.139
1343.972 90.00 90.1700 8.6 -0.171 -0.224
1344.071 90.00 90.1200 10.9 -0.120 0.138
1344.170 90.00 90.1600 8.9 -0.164 -0.186
1344.271 90.00 90.1700 8.6 -0.170 -0.226
1344.368 90.00 90.1600 9.1 -0.160 -0.156
1344.470 90.00 90.1700 8.5 -0.173 -0.242
1344.569 90.00 90.1600 8.9 -0.165 -0.185
1344.667 90.00 90.1600 8.8 -0.166 -0.191
1344.769 90.00 90.1600 9.2 -0.158 -0.136
1344.866 90.00 90.1700 8.8 -0.166 -0.193
1344.968 90.00 90.1600 8.9 -0.164 -0.178
1345.067 90.00 90.1600 9.1 -0.161 -0.156
1345.165 90.00 90.1600 9.2 -0.158 -0.133
1345.267 90.00 90.1600 9.2 -0.158 -0.138
1345.364 90.00 90.1500 9.5 -0.150 -0.077
1345.466 90.00 90.1600 9.1 -0.159 -0.145
1345.565 90.00 90.1500 9.4 -0.153 -0.105
1345.663 90.00 90.1400 9.7 -0.146 -0.057
1345.765 90.00 90.1500 9.5 -0.148 -0.075
1345.863 90.00 90.1500 9.5 -0.148 -0.078
1345.963 90.00 90.1400 9.7 -0.143 -0.052
1346.064 90.00 90.1400 9.7 -0.143 -0.052
1346.161 90.00 90.1400 9.6 -0.145 -0.072
1346.263 90.00 90.1400 9.7 -0.142 -0.054
1346.361 90.00 90.1400 9.5 -0.146 -0.088
1346.461 90.00 90.1400 9.7 -0.140 -0.049
1346.563 90.00 90.1300 10.0 -0.133 -0.000
1346.660 90.00 90.1400 9.6 -0.140 -0.059
1346.760 90.00 90.1400 9.6 -0.141 -0.070
1346.860 90.00 90.1200 10.3 -0.123 0.053
1346.959 90.00 90.1400 9.5 -0.141 -0.081
1347.060 90.00 90.1400 9.6 -0.138 -0.066
1347.158 90.00 90.1400 9.4 -0.142 -0.093
1347.259 90.00 90.1400 9.4 -0.143 -0.103
1347.358 90.00 90.1300 9.8 -0.133 -0.037
1347.456 90.00 90.1300 9.8 -0.132 -0.036
1347.558 90.00 90.1400 9.5 -0.137 -0.076
1347.655 90.00 90.1300 9.6 -0.135 -0.064
1347.756 90.00 90.1400 9.4 -0.138 -0.090
1347.857 90.00 90.1300 9.8 -0.129 -0.026
1347.954 90.00 90.1300 9.8 -0.128 -0.024
1348.056 90.00 90.1300 9.6 -0.132 -0.060
1348.154 90.00 90.1300 9.5 -0.134 -0.077
1348.254 90.00 90.1200 9.9 -0.124 -0.012
1348.355 90.00 90.1200 9.9 -0.123 -0.012
1348.452 90.00 90.1200 9.8 -0.125 -0.026
1348.554 90.00 90.1300 9.7 -0.128 -0.052
1348.653 90.00 90.1300 9.3 -0.135 -0.109
1348.752 90.00 90.1200 9.9 -0.122 -0.017
1348.853 90.00 90.1300 9.5 -0.130 -0.079
1348.950 90.00 90.1300 9.6 -0.127 -0.061
1349.052 90.00 90.1200 9.9 -0.120 -0.017
1349.151 90.00 90.1400 9.2 -0.136 -0.134
1349.249 90.00 90.1300 9.3 -0.133 -0.110
1349.351 90.00 90.1300 9.4 -0.131 -0.096
1349.448 90.00 90.1200 9.7 -0.124 -0.051
1349.550 90.00 90.1300 9.3 -0.131 -0.105
1349.649 90.00 90.1000 10.4 -0.106 0.069
1349.747 90.00 90.1200 9.8 -0.119 -0.032
1349.849 90.00 90.1100 9.9 -0.116 -0.013
1349.947 90.00 90.1100 9.9 -0.115 -0.012
1350.048 90.00 90.1100 9.8 -0.116 -0.021
1350.148 90.00 90.1200 9.8 -0.116 -0.030
1350.245 90.00 90.1200 9.6 -0.120 -0.060
1350.347 90.00 90.1100 9.8 -0.114 -0.022
1350.446 90.00 90.1100 9.9 -0.112 -0.008
1350.545 90.00 90.1100 9.8 -0.114 -0.027
1350.645 90.00 90.1400 8.7 -0.138 -0.201
1350.744 90.00 90.1100 9.9 -0.110 -0.004
1350.844 90.00 90.1100 9.8 -0.113 -0.029
1350.944 90.00 90.1000 10.3 -0.100 0.054
1351.043 90.00 90.1100 10.0 -0.107 0.002
1351.144 90.00 90.1000 10.0 -0.105 0.007
1351.241 90.00 90.1000 10.0 -0.105 0.001
1351.343 90.00 90.0500 12.4 -0.048 0.396
1351.442 90.00 90.0200 13.2 -0.026 0.528
1351.540 90.00 89.9700 15.6 0.032 0.907
1351.642 90.00 89.9700 15.1 0.027 0.828
1351.739 90.00 89.9500 15.9 0.053 0.969
1351.841 90.00 89.9300 16.3 0.066 1.019
1351.940 90.00 89.9300 15.9 0.065 0.962
1352.038 90.00 89.9400 15.5 0.062 0.893
1352.140 90.00 89.9400 15.2 0.062 0.855
1352.238 90.00 89.9300 15.1 0.064 0.828
1352.338 90.00 89.9300 14.8 0.064 0.789
1352.439 90.00 89.9400 14.5 0.060 0.727
1352.536 90.00 89.9400 14.3 0.062 0.708
1352.638 90.00 89.9300 14.4 0.067 0.711
1352.736 90.00 89.9200 14.7 0.081 0.772
1352.836 90.00 89.9200 14.7 0.084 0.759
1352.937 90.00 89.9200 14.2 0.079 0.693
1353.034 90.00 89.9200 14.2 0.084 0.693
1353.136 90.00 89.9200 13.8 0.078 0.626
1353.235 90.00 89.9300 13.1 0.064 0.499
1353.333 90.00 89.9200 13.4 0.075 0.556
1353.435 90.00 89.9200 13.3 0.075 0.533
1353.532 90.00 89.9300 12.9 0.071 0.477
1353.634 90.00 89.9300 12.7 0.068 0.439
1353.733 90.00 89.9300 12.7 0.072 0.448
1353.831 90.00 89.9300 12.7 0.073 0.435
1353.933 90.00 89.9300 12.6 0.073 0.420
1354.030 90.00 89.9300 12.3 0.071 0.384
1354.132 90.00 89.9300 12.1 0.068 0.346
1354.232 90.00 89.9300 12.2 0.072 0.364
1354.330 90.00 89.9300 12.0 0.069 0.325
1354.431 90.00 89.9300 11.8 0.067 0.299
1354.530 90.00 89.9300 11.7 0.065 0.273
1354.629 90.00 89.9200 12.0 0.074 0.326
1354.730 90.00 89.9300 11.6 0.066 0.262
1354.828 90.00 89.9300 11.6 0.068 0.261
1354.928 90.00 89.9400 11.1 0.058 0.185
1355.028 90.00 89.9300 11.4 0.066 0.237
1355.126 90.00 89.9400 11.2 0.062 0.196
1355.228 90.00 89.9400 11.1 0.061 0.182
1355.326 90.00 89.9200 11.8 0.077 0.288
1355.427 90.00 89.9300 11.6 0.073 0.254
1355.526 90.00 89.9300 11.4 0.071 0.224
1355.624 90.00 89.9300 11.3 0.070 0.214
1355.726 90.00 89.9300 11.1 0.067 0.186
1355.824 90.00 89.9300 11.0 0.065 0.167
1355.925 90.00 89.9400 10.7 0.059 0.121
1356.024 90.00 89.9300 11.1 0.068 0.175
1356.122 90.00 89.9300 10.9 0.065 0.154
1356.224 90.00 89.9200 11.4 0.076 0.227
1356.322 90.00 89.9200 11.3 0.076 0.216
1356.422 90.00 89.9300 11.0 0.070 0.168
1356.523 90.00 89.9300 11.1 0.072 0.173
1356.620 90.00 89.9400 10.7 0.063 0.111
1356.722 90.00 89.9300 11.1 0.073 0.172
1356.821 90.00 89.9200 11.1 0.075 0.183
1356.920 90.00 89.9200 11.2 0.076 0.188
1357.021 90.00 89.9300 10.9 0.072 0.153
1357.118 90.00 89.9100 11.5 0.086 0.247
1357.220 90.00 89.9100 11.6 0.090 0.268
1357.319 90.00 89.9100 11.6 0.091 0.262
1357.418 90.00 89.9100 11.4 0.087 0.226
1357.519 90.00 89.9000 11.8 0.097 0.288
1357.616 90.00 89.8900 12.0 0.104 0.330
1357.718 90.00 89.8900 12.2 0.108 0.351
1357.817 90.00 89.8800 12.6 0.120 0.420
1357.915 90.00 89.8700 12.9 0.129 0.465
1358.017 90.00 89.8700 12.9 0.132 0.469
1358.114 90.00 89.8700 12.8 0.132 0.452
1358.216 90.00 89.8600 13.1 0.142 0.508
1358.315 90.00 89.8400 13.7 0.157 0.595
1358.413 90.00 89.8300 14.1 0.171 0.671
1358.515 90.00 89.8300 14.1 0.174 0.664
1358.614 90.00 89.8100 14.6 0.188 0.740
1358.713 90.00 89.8000 15.0 0.202 0.814
1358.814 90.00 89.7800 15.6 0.221 0.912
1358.912 90.00 89.7700 15.7 0.228 0.927
1359.012 90.00 89.7600 16.2 0.244 1.003
1359.112 90.00 89.7400 16.5 0.257 1.055
1359.210 90.00 89.7200 17.3 0.280 1.181
1359.312 90.00 89.7100 17.5 0.292 1.216
1359.410 90.00 89.6800 18.2 0.315 1.333
1359.511 90.00 89.6700 18.5 0.328 1.370
1359.610 90.00 89.6500 19.1 0.349 1.467
1359.708 90.00 89.6200 20.0 0.378 1.616
1359.810 90.00 89.6100 20.2 0.392 1.648
1359.907 90.00 89.5900 20.7 0.413 1.732
1360.009 90.00 89.5600 21.6 0.443 1.880
1360.108 90.00 89.5300 22.2 0.467 1.972
1360.206 90.00 89.5100 22.7 0.488 2.050
1360.308 90.00 89.4900 23.2 0.511 2.134
1360.405 90.00 89.4500 24.4 0.550 2.322
1360.506 90.00 89.4300 24.8 0.572 2.388
1360.607 90.00 89.4100 25.0 0.589 2.419
1360.704 90.00 89.3800 25.6 0.617 2.520
1360.806 90.00 89.3400 26.6 0.654 2.684
1360.904 90.00 89.3300 26.8 0.672 2.707
1361.004 90.00 89.2900 27.8 0.709 2.866
1361.105 90.00 89.2600 28.5 0.741 2.985
1361.202 90.00 89.2400 28.6 0.761 3.010
1361.304 90.00 89.2100 29.1 0.788 3.089
1361.402 90.00 89.1700 30.1 0.828 3.249
1361.502 90.00 89.1400 30.5 0.854 3.313
1361.603 90.00 89.1200 31.1 0.884 3.397
1361.700 90.00 89.0700 32.0 0.924 3.553
1361.802 90.00 89.0500 32.3 0.949 3.597
1361.900 90.00 89.0100 33.4 0.993 3.770
1362.000 90.00 88.9800 33.5 1.014 3.784
1362.101 90.00 88.9400 34.6 1.060 3.963
1362.198 90.00 88.9100 35.1 1.094 4.054
1362.300 90.00 88.8700 35.9 1.131 4.169
1362.398 90.00 88.8400 36.3 1.163 4.244
1362.498 90.00 88.8100 36.6 1.193 4.294
1362.598 90.00 88.7700 37.1 1.225 4.364
1362.697 90.00 88.7300 37.9 1.266 4.496
1362.797 90.00 88.7000 38.4 1.300 4.573
1362.898 90.00 88.6600 38.9 1.336 4.661
1362.995 90.00 88.6300 39.5 1.373 4.755
1363.097 90.00 88.5900 39.9 1.407 4.818
1363.196 90.00 88.5500 40.8 1.450 4.951
1363.294 90.00 88.5100 41.4 1.490 5.055
1363.396 90.00 88.4800 41.8 1.524 5.114
1363.493 90.00 88.4300 42.6 1.569 5.251
1363.595 90.00 88.3900 43.1 1.607 5.332
1363.694 90.00 88.3600 43.4 1.639 5.369
1363.792 90.00 88.3200 44.0 1.679 5.467
1363.894 90.00 88.2700 44.8 1.725 5.599
1363.991 90.00 88.2400 45.3 1.763 5.673
1364.093 90.00 88.1900 45.9 1.805 5.772
1364.192 90.00 88.1600 46.1 1.838 5.799
1364.290 90.00 88.1200 46.6 1.878 5.881
1364.392 90.00 88.0800 47.1 1.917 5.958
1364.489 90.00 88.0400 47.5 1.956 6.029
1364.591 90.00 87.9900 48.4 2.006 6.171
1364.690 90.00 87.9500 48.9 2.046 6.245
1364.788 90.00 87.9000 49.8 2.096 6.385
1364.890 90.00 87.8600 50.4 2.142 6.494
1364.989 90.00 87.8100 51.2 2.190 6.613
1365.088 90.00 87.7300 53.3 2.271 6.959
1365.189 90.00 87.6800 54.0 2.320 7.064
1365.286 90.00 87.6300 54.5 2.365 7.145
1365.388 90.00 87.5900 54.8 2.406 7.189
1365.487 90.00 87.5400 55.6 2.457 7.311
1365.585 90.00 87.5000 55.7 2.496 7.338
1365.687 90.00 87.4500 56.4 2.545 7.437
1365.784 90.00 87.4200 56.6 2.584 7.467
1365.886 90.00 87.3700 57.2 2.632 7.563
1365.985 90.00 87.3300 57.4 2.673 7.602
1366.083 90.00 87.2800 57.7 2.714 7.644
1366.185 90.00 87.2300 58.4 2.765 7.755
1366.282 90.00 87.2000 58.5 2.803 7.767
1366.384 90.00 87.1500 59.1 2.853 7.872
1366.483 90.00 87.1000 59.5 2.897 7.931
1366.582 90.00 87.0600 59.9 2.942 7.993
1366.682 90.00 87.0100 60.2 2.985 8.039
1366.781 90.00 86.9700 60.5 3.028 8.087
1366.882 90.00 86.9200 61.3 3.080 8.199
1366.980 90.00 86.8700 61.6 3.125 8.260
1367.080 90.00 86.8300 62.1 3.171 8.324
1367.180 90.00 86.7900 62.1 3.208 8.325
1367.280 90.00 86.7400 62.5 3.255 8.396
1367.379 90.00 86.7000 62.9 3.300 8.458
1367.479 90.00 86.6600 63.2 3.344 8.502
1367.578 90.00 86.6100 63.8 3.392 8.583
1367.678 90.00 86.5700 63.9 3.432 8.607
1367.778 90.00 86.5300 64.0 3.471 8.619
1367.877 90.00 86.4700 64.7 3.524 8.731
1367.977 90.00 86.4200 65.3 3.574 8.822
1368.076 90.00 86.3800 65.6 3.618 8.865
1368.176 90.00 86.3300 66.0 3.664 8.930
1368.276 90.00 86.2900 66.3 3.707 8.968
1368.375 90.00 86.2400 66.7 3.756 9.042
1368.476 90.00 86.1900 67.3 3.805 9.123
1368.574 90.00 86.1500 67.4 3.846 9.146
1368.674 90.00 86.1100 67.8 3.893 9.210
1368.774 90.00 86.0500 68.5 3.946 9.313
1368.872 90.00 86.0100 68.9 3.992 9.370
1368.974 90.00 85.9700 69.0 4.033 9.386
1369.072 90.00 85.9100 69.9 4.092 9.529
1369.172 90.00 85.8600 70.3 4.141 9.599
1369.273 90.00 85.8100 70.8 4.189 9.663
1369.370 90.00 85.7700 70.7 4.226 9.650
1369.472 90.00 85.7200 71.5 4.281 9.765
1369.571 90.00 85.6800 71.6 4.323 9.783
1369.669 90.00 85.6300 72.0 4.370 9.839
1369.771 90.00 85.5900 71.9 4.407 9.829
1369.868 90.00 85.5400 72.6 4.462 9.943
1369.970 90.00 85.4900 73.0 4.508 9.989
1370.069 90.00 85.4400 73.3 4.554 10.035
1370.167 90.00 85.3900 73.8 4.606 10.122
1370.269 90.00 85.3400 74.5 4.659 10.223
1370.366 90.00 85.3000 74.6 4.702 10.243
1370.468 90.00 85.2500 74.9 4.748 10.290
1370.566 90.00 85.2100 75.1 4.792 10.317
1370.666 90.00 85.1600 75.6 4.841 10.386
1370.767 90.00 85.1100 76.1 4.893 10.471
1370.864 90.00 85.0500 76.7 4.945 10.555
1370.966 90.00 85.0100 77.0 4.991 10.597
1371.064 90.00 84.9700 77.0 5.031 10.597
1371.164 90.00 84.9100 77.7 5.086 10.703
1371.265 90.00 84.8600 78.3 5.140 10.801
1371.363 90.00 84.8100 78.6 5.186 10.841
1371.463 90.00 84.7600 79.0 5.235 10.903
1371.563 90.00 84.7200 79.1 5.277 10.910
1371.662 90.00 84.6700 79.7 5.330 11.001
1371.763 90.00 84.6300 79.6 5.367 10.980
1371.861 90.00 84.5900 79.8 5.413 11.021
1371.961 90.00 84.5300 80.5 5.469 11.129
1372.062 90.00 84.4900 80.5 5.508 11.117
1372.160 90.00 84.4300 81.6 5.573 11.295
1372.261 90.00 84.3800 81.8 5.617 11.320
1372.359 90.00 84.3300 82.2 5.667 11.379
1372.459 90.00 84.2800 82.8 5.721 11.476
1372.560 90.00 84.2300 83.1 5.767 11.508
1372.657 90.00 84.1900 83.3 5.814 11.548
1372.759 90.00 84.1400 83.7 5.862 11.596
1372.858 90.00 84.1000 83.7 5.902 11.590
1372.956 90.00 84.0500 84.0 5.949 11.641
1373.058 90.00 84.0000 84.5 6.002 11.722
1373.155 90.00 83.9500 85.0 6.052 11.787
1373.256 90.00 83.8900 85.6 6.107 11.885
1373.357 90.00 83.8500 85.9 6.154 11.923
1373.454 90.00 83.8100 85.7 6.189 11.880
1373.556 90.00 83.7500 86.5 6.247 12.006
1373.655 90.00 83.7000 86.9 6.297 12.065
1373.754 90.00 83.6500 87.3 6.348 12.137
1373.855 90.00 83.6000 87.8 6.401 12.214
1373.952 90.00 83.5400 88.6 6.459 12.329
1374.054 90.00 83.4900 88.9 6.506 12.366
1374.153 90.00 83.4400 89.2 6.556 12.424
1374.251 90.00 83.3900 89.7 6.607 12.488
1374.353 90.00 83.3400 90.1 6.657 12.547
1374.451 90.00 83.2900 90.5 6.707 12.601
1374.552 90.00 83.2500 90.6 6.751 12.614
1374.651 90.00 83.2000 90.7 6.796 12.632
1374.750 90.00 83.1600 90.7 6.837 12.627
1374.850 90.00 83.1000 91.5 6.894 12.739
1374.949 90.00 83.0600 91.7 6.939 12.763
1375.050 90.00 83.0100 92.0 6.988 12.810
1375.148 90.00 82.9600 92.3 7.036 12.861
1375.248 90.00 82.9100 92.7 7.085 12.912
1375.348 90.00 82.8600 93.4 7.142 13.018
1375.447 90.00 82.8100 93.4 7.184 13.020
1375.548 90.00 82.7500 94.2 7.244 13.147
1375.646 90.00 82.7100 94.3 7.287 13.150
1375.746 90.00 82.6600 94.8 7.338 13.215
1375.846 90.00 82.6200 94.9 7.382 13.228
1375.946 90.00 82.5800 94.9 7.423 13.227
1376.045 90.00 82.5300 95.2 7.470 13.263
1376.146 90.00 82.4700 95.8 7.526 13.363
1376.244 90.00 82.4300 95.9 7.569 13.375
1376.344 90.00 82.3800 96.1 7.614 13.400
1376.444 90.00 82.3400 96.5 7.663 13.457
1376.542 90.00 82.2800 97.3 7.721 13.573
1376.644 90.00 82.2400 97.3 7.762 13.565
1376.742 90.00 82.1900 97.8 7.813 13.633
1376.842 90.00 82.1400 98.1 7.862 13.681
1376.942 90.00 82.0900 98.2 7.906 13.699
1377.040 90.00 82.0400 98.7 7.958 13.773
1377.142 90.00 82.0000 98.8 8.000 13.781
1377.240 90.00 81.9400 99.7 8.061 13.919
1377.340 90.00 81.8900 99.9 8.107 13.942
1377.440 90.00 81.8400 100.0 8.158 14.011
1377.538 90.00 81.7900 100.0 8.210 14.084
1377.640 90.00 81.7400 100.0 8.262 14.153
1377.739 90.00 81.6900 100.0 8.307 14.170
1377.838 90.00 81.6500 100.0 8.351 14.186
1377.939 90.00 81.6000 100.0 8.400 14.236
1378.036 90.00 81.5600 100.0 8.438 14.211
1378.138 90.00 81.5100 100.0 8.484 14.247
1378.237 90.00 81.4700 100.0 8.533 14.303
1378.335 90.00 81.4200 100.0 8.583 14.364
1378.437 90.00 81.3600 100.0 8.637 14.454
1378.535 90.00 81.3200 100.0 8.680 14.464
1378.636 90.00 81.2600 100.0 8.735 14.557
1378.734 90.00 81.2100 100.0 8.786 14.622
1378.834 90.00 81.1600 100.0 8.837 14.685
1378.934 90.00 81.1100 100.0 8.885 14.731
1379.033 90.00 81.0700 100.0 8.925 14.717
1379.134 90.00 81.0300 100.0 8.973 14.764
1379.233 90.00 80.9800 100.0 9.021 14.814
1379.332 90.00 80.9200 100.0 9.078 14.923
1379.432 90.00 80.8700 100.0 9.129 14.984
1379.531 90.00 80.8300 100.0 9.172 14.996
1379.631 90.00 80.7800 100.0 9.221 15.050
1379.732 90.00 80.7300 100.0 9.271 15.107
1379.830 90.00 80.6800 100.0 9.321 15.161
1379.930 90.00 80.6300 100.0 9.368 15.200
1380.030 90.00 80.5900 100.0 9.413 15.223
1380.129 90.00 80.5300 100.0 9.467 15.312
1380.230 90.00 80.4900 100.0 9.513 15.339
1380.328 90.00 80.4400 100.0 9.561 15.384
1380.428 90.00 80.3900 100.0 9.613 15.459
1380.528 90.00 80.3400 100.0 9.663 15.514
1380.626 90.00 80.2900 100.0 9.711 15.561
1380.728 90.00 80.2400 100.0 9.760 15.607
1380.826 90.00 80.1900 100.0 9.806 15.641
1380.926 90.00 80.1400 100.0 9.863 15.747
1381.026 90.00 80.1000 100.0 9.901 15.716
1381.125 90.00 80.0400 100.0 9.960 15.839
1381.226 90.00 80.0000 100.0 9.998 15.813
1381.324 90.00 79.9500 100.0 10.050 15.886
1381.424 90.00 79.9000 100.0 10.100 15.944
1381.524 90.00 79.8500 100.0 10.153 16.024
1381.622 90.00 79.8000 100.0 10.202 16.070
1381.724 90.00 79.7400 100.0 10.258 16.168
1381.822 90.00 79.7000 100.0 10.300 16.168
1381.922 90.00 79.6500 100.0 10.345 16.191
1382.023 90.00 79.6100 100.0 10.390 16.217
1382.120 90.00 79.5600 100.0 10.440 16.272
1382.222 90.00 79.5100 100.0 10.484 16.290
1382.321 90.00 79.4700 100.0 10.533 16.342
1382.420 90.00 79.4100 100.0 10.588 16.434
1382.521 90.00 79.3600 100.0 10.642 16.522
1382.618 90.00 79.3200 100.0 10.680 16.497
1382.720 90.00 79.2600 100.0 10.738 16.608
1382.819 90.00 79.2200 100.0 10.779 16.602
1382.917 90.00 79.1700 100.0 10.827 16.645
1383.019 90.00 79.1200 100.0 10.882 16.739
1383.116 90.00 79.0700 100.0 10.931 16.792
1383.218 90.00 79.0100 100.0 10.990 16.911
1383.317 90.00 78.9700 100.0 11.028 16.880
1383.415 90.00 78.9200 100.0 11.075 16.921
1383.517 90.00 78.8600 100.0 11.138 17.066
1383.615 90.00 78.8200 100.0 11.183 17.086
1383.716 90.00 78.7700 100.0 11.232 17.130
1383.815 90.00 78.7200 100.0 11.278 17.162
1383.913 90.00 78.6700 100.0 11.329 17.220
1384.015 90.00 78.6200 100.0 11.374 17.242
1384.114 90.00 78.5700 100.0 11.426 17.313
1384.213 90.00 78.5300 100.0 11.472 17.341
1384.314 90.00 78.4800 100.0 11.518 17.371
1384.411 90.00 78.4400 100.0 11.562 17.389
1384.513 90.00 78.3700 100.0 11.624 17.529
1384.612 90.00 78.3300 100.0 11.672 17.572
1384.710 90.00 78.2800 100.0 11.714 17.567
1384.812 90.00 78.2300 100.0 11.768 17.657
1384.910 90.00 78.1800 100.0 11.817 17.703
1385.010 90.00 78.1400 100.0 11.859 17.705
1385.110 90.00 78.0800 100.0 11.915 17.803
1385.208 90.00 78.0400 100.0 11.957 17.801
1385.310 90.00 77.9900 100.0 12.011 17.886
1385.408 90.00 77.9400 100.0 12.056 17.905
1385.508 90.00 77.8900 100.0 12.108 17.977
1385.608 90.00 77.8400 100.0 12.159 18.046
1385.706 90.00 77.8000 100.0 12.204 18.061
1385.808 90.00 77.7400 100.0 12.259 18.156
1385.906 90.00 77.6900 100.0 12.304 18.176
1386.006 90.00 77.6500 100.0 12.346 18.176
1386.107 90.00 77.6000 100.0 12.395 18.230
1386.204 90.00 77.5500 100.0 12.445 18.289
1386.306 90.00 77.5100 100.0 12.488 18.294
1386.405 90.00 77.4600 100.0 12.540 18.367
1386.504 90.00 77.4100 100.0 12.586 18.397
1386.604 90.00 77.3600 100.0 12.643 18.504
1386.703 90.00 77.3100 100.0 12.687 18.525
1386.804 90.00 77.2600 100.0 12.742 18.616
1386.902 90.00 77.2100 100.0 12.784 18.616
1387.002 90.00 77.1600 100.0 12.838 18.700
1387.102 90.00 77.1100 100.0 12.889 18.764
1387.201 90.00 77.0700 100.0 12.929 18.755
1387.301 90.00 77.0200 100.0 12.983 18.841
1387.401 90.00 76.9700 100.0 13.025 18.838
1387.500 90.00 76.9200 100.0 13.075 18.900
1387.600 90.00 76.8700 100.0 13.127 18.974
1387.699 90.00 76.8200 100.0 13.183 19.074
1387.800 90.00 76.7600 100.0 13.236 19.147
1387.898 90.00 76.7200 100.0 13.277 19.143
1387.998 90.00 76.6800 100.0 13.322 19.159
1388.098 90.00 76.6300 100.0 13.369 19.198
1388.197 90.00 76.5900 100.0 13.413 19.219
1388.298 90.00 76.5400 100.0 13.462 19.268
1388.396 90.00 76.4800 100.0 13.518 19.373
1388.496 90.00 76.4400 100.0 13.558 19.359
1388.596 90.00 76.3900 100.0 13.610 19.432
1388.696 90.00 76.3400 100.0 13.664 19.516
1388.795 90.00 76.2900 100.0 13.712 19.558
1388.896 90.00 76.2400 100.0 13.757 19.586
1388.994 90.00 76.2000 100.0 13.802 19.607
1389.094 90.00 76.1400 100.0 13.855 19.687
1389.194 90.00 76.1000 100.0 13.900 19.713
1389.293 90.00 76.0500 100.0 13.948 19.761
1389.394 90.00 76.0000 100.0 13.997 19.806
1389.492 90.00 75.9500 100.0 14.046 19.860
1389.592 90.00 75.9000 100.0 14.101 19.959
1389.692 90.00 75.8500 100.0 14.151 20.011
1389.790 90.00 75.8000 100.0 14.198 20.053
1389.892 90.00 75.7500 100.0 14.249 20.112
1389.990 90.00 75.7100 100.0 14.292 20.120
1390.090 90.00 75.6500 100.0 14.350 20.239
1390.190 90.00 75.5900 100.0 14.407 20.344
1390.289 90.00 75.5500 100.0 14.446 20.320
1390.390 90.00 75.4900 100.0 14.505 20.434
1390.488 90.00 75.4600 100.0 14.543 20.405
1390.588 90.00 75.4100 100.0 14.591 20.452
1390.688 90.00 75.3500 100.0 14.652 20.585
1390.787 90.00 75.3000 100.0 14.698 20.609
1390.888 90.00 75.2500 100.0 14.747 20.659
1390.986 90.00 75.2100 100.0 14.789 20.652
1391.086 90.00 75.1600 100.0 14.838 20.707
1391.187 90.00 75.1100 100.0 14.890 20.775
1391.285 90.00 75.0600 100.0 14.934 20.790
1391.386 90.00 75.0100 100.0 14.984 20.846
1391.484 90.00 74.9800 100.0 15.019 20.800
1391.584 90.00 74.9300 100.0 15.073 20.887
1391.684 90.00 74.8800 100.0 15.122 20.936
1391.783 90.00 74.8300 100.0 15.172 21.001
1391.884 90.00 74.7800 100.0 15.222 21.054
1391.982 90.00 74.7300 100.0 15.267 21.080
1392.082 90.00 74.6800 100.0 15.320 21.160
1392.182 90.00 74.6300 100.0 15.364 21.179
1392.281 90.00 74.5900 100.0 15.412 21.224
1392.382 90.00 74.5500 100.0 15.451 21.207
1392.480 90.00 74.5000 100.0 15.499 21.251
1392.580 90.00 74.4500 100.0 15.548 21.306
1392.681 90.00 74.4000 100.0 15.597 21.361
1392.779 90.00 74.3400 100.0 15.654 21.474
1392.879 90.00 74.3000 100.0 15.697 21.484
1392.980 90.00 74.2500 100.0 15.748 21.553
1393.077 90.00 74.2000 100.0 15.797 21.606
1393.179 90.00 74.1600 100.0 15.836 21.588
1393.277 90.00 74.1100 100.0 15.888 21.661
1393.377 90.00 74.0700 100.0 15.928 21.652
1393.478 90.00 74.0100 100.0 15.984 21.761
1393.575 90.00 73.9700 100.0 16.027 21.769
1393.677 90.00 73.9300 100.0 16.071 21.790
1393.776 90.00 73.8700 100.0 16.128 21.905
1393.874 90.00 73.8200 100.0 16.176 21.953
1393.976 90.00 73.7800 100.0 16.223 21.996
1394.073 90.00 73.7300 100.0 16.267 22.012
1394.175 90.00 73.6900 100.0 16.312 22.038
1394.274 90.00 73.6400 100.0 16.361 22.094
1394.373 90.00 73.6000 100.0 16.402 22.095
1394.473 90.00 73.5500 100.0 16.447 22.125
1394.572 90.00 73.5100 100.0 16.494 22.171
1394.672 90.00 73.4600 100.0 16.540 22.213
1394.771 90.00 73.4100 100.0 16.594 22.302
1394.871 90.00 73.3600 100.0 16.639 22.338
1394.971 90.00 73.3100 100.0 16.687 22.388
1395.071 90.00 73.2600 100.0 16.739 22.466
1395.170 90.00 73.2200 100.0 16.775 22.427
1395.270 90.00 73.1700 100.0 16.830 22.535
1395.369 90.00 73.1300 100.0 16.869 22.518
1395.469 90.00 73.0800 100.0 16.915 22.559
1395.569 90.00 73.0300 100.0 16.965 22.626
1395.668 90.00 72.9900 100.0 17.007 22.637
1395.768 90.00 72.9400 100.0 17.056 22.703
1395.867 90.00 72.8900 100.0 17.106 22.765
1395.967 90.00 72.8400 100.0 17.157 22.842
1396.067 90.00 72.7900 100.0 17.207 22.906
1396.166 90.00 72.7500 100.0 17.250 22.922
1396.266 90.00 72.7000 100.0 17.295 22.958
1396.365 90.00 72.6600 100.0 17.342 23.004
1396.465 90.00 72.6200 100.0 17.380 22.982
1396.565 90.00 72.5700 100.0 17.431 23.064
1396.664 90.00 72.5200 100.0 17.476 23.097
1396.764 90.00 72.4800 100.0 17.518 23.107
1396.864 90.00 72.4300 100.0 17.564 23.151
1396.963 90.00 72.3800 100.0 17.618 23.249
1397.064 90.00 72.3300 100.0 17.666 23.301
1397.162 90.00 72.2800 100.0 17.715 23.361
1397.262 90.00 72.2400 100.0 17.754 23.358
1397.362 90.00 72.2000 100.0 17.803 23.419
1397.460 90.00 72.1500 100.0 17.852 23.481
1397.562 90.00 72.1100 100.0 17.890 23.465
1397.660 90.00 72.0600 100.0 17.939 23.530
1397.760 90.00 72.0200 100.0 17.984 23.562
1397.860 90.00 71.9700 100.0 18.028 23.596
1397.959 90.00 71.9300 100.0 18.071 23.616
1398.060 90.00 71.8800 100.0 18.117 23.663
1398.158 90.00 71.8300 100.0 18.173 23.778
1398.258 90.00 71.7800 100.0 18.214 23.783
1398.358 90.00 71.7300 100.0 18.273 23.918
1398.457 90.00 71.6500 100.0 18.351 24.183
1398.558 90.00 71.5800 100.0 18.421 24.378
1398.655 90.00 71.5300 100.0 18.469 24.420
1398.756 90.00 71.4900 100.0 18.512 24.424
1398.857 90.00 71.4400 100.0 18.558 24.449
1398.954 90.00 71.3900 100.0 18.605 24.483
1399.056 90.00 71.3400 100.0 18.654 24.530
1399.154 90.00 71.3000 100.0 18.697 24.538
1399.254 90.00 71.2500 100.0 18.749 24.608
1399.355 90.00 71.2100 100.0 18.789 24.595
1399.452 90.00 71.1600 100.0 18.838 24.650
1399.554 90.00 71.1200 100.0 18.876 24.625
1399.653 90.00 71.0800 100.0 18.921 24.656
1399.751 90.00 71.0300 100.0 18.965 24.671
1399.853 90.00 70.9900 100.0 19.012 24.720
1399.950 90.00 70.9400 100.0 19.058 24.752
1400.051 90.00 70.8900 100.0 19.110 24.830
1400.151 90.00 70.8400 100.0 19.161 24.907
1400.249 90.00 70.8000 100.0 19.201 24.896
1400.351 90.00 70.7600 100.0 19.241 24.895
1400.449 90.00 70.7100 100.0 19.286 24.924
1400.550 90.00 70.6600 100.0 19.337 25.000
1400.649 90.00 70.6200 100.0 19.378 25.001
1400.747 90.00 70.5800 100.0 19.422 25.030
1400.849 90.00 70.5300 100.0 19.468 25.071
1400.947 90.00 70.4900 100.0 19.509 25.079
1401.047 90.00 70.4400 100.0 19.555 25.125
1401.148 90.00 70.4000 100.0 19.595 25.122
1401.245 90.00 70.3500 100.0 19.648 25.219
1401.347 90.00 70.3000 100.0 19.694 25.262
1401.446 90.00 70.2700 100.0 19.728 25.223
1401.544 90.00 70.2200 100.0 19.778 25.294
1401.646 90.00 70.1700 100.0 19.824 25.343
1401.744 90.00 70.1200 100.0 19.874 25.415
1401.844 90.00 70.0900 100.0 19.909 25.387
1401.944 90.00 70.0500 100.0 19.954 25.423
1402.042 90.00 70.0000 100.0 19.999 25.466
1402.144 90.00 69.9500 100.0 20.047 25.528
1402.242 90.00 69.9100 100.0 20.087 25.539
1402.343 90.00 69.8600 100.0 20.137 25.613
1402.441 90.00 69.8200 100.0 20.182 25.654
1402.541 90.00 69.7700 100.0 20.230 25.715
1402.642 90.00 69.7200 100.0 20.278 25.776
1402.739 90.00 69.6900 100.0 20.313 25.747
1402.841 90.00 69.6400 100.0 20.362 25.821
1402.939 90.00 69.5900 100.0 20.406 25.858
1403.039 90.00 69.5600 100.0 20.438 25.805
1403.140 90.00 69.5100 100.0 20.490 25.902
1403.238 90.00 69.4600 100.0 20.534 25.943
1403.338 90.00 69.4200 100.0 20.576 25.966
1403.439 90.00 69.3800 100.0 20.621 26.009
1403.536 90.00 69.3300 100.0 20.667 26.063
1403.638 90.00 69.2900 100.0 20.706 26.067
1403.736 90.00 69.2500 100.0 20.748 26.093
1403.836 90.00 69.2000 100.0 20.800 26.188
1403.937 90.00 69.1500 100.0 20.845 26.234
1404.034 90.00 69.1100 100.0 20.884 26.238
1404.136 90.00 69.0600 100.0 20.934 26.319
1404.235 90.00 69.0300 100.0 20.966 26.271
1404.333 90.00 68.9800 100.0 21.014 26.347
1404.435 90.00 68.9300 100.0 21.066 26.445
1404.532 90.00 68.8900 100.0 21.108 26.463
1404.634 90.00 68.8400 100.0 21.158 26.549
1404.733 90.00 68.8000 100.0 21.200 26.573
1404.831 90.00 68.7500 100.0 21.252 26.667
1404.933 90.00 68.7100 100.0 21.290 26.666
1405.031 90.00 68.6600 100.0 21.337 26.722
1405.132 90.00 68.6200 100.0 21.379 26.747
1405.232 90.00 68.5800 100.0 21.419 26.763
1405.329 90.00 68.5500 100.0 21.453 26.732
1405.431 90.00 68.5000 100.0 21.499 26.790
1405.530 90.00 68.4500 100.0 21.545 26.845
1405.629 90.00 68.4100 100.0 21.585 26.861
1405.730 90.00 68.3600 100.0 21.638 26.970
1405.827 90.00 68.3100 100.0 21.684 27.028
1405.929 90.00 68.2700 100.0 21.733 27.098
1406.028 90.00 68.2300 100.0 21.771 27.100
1406.126 90.00 68.1900 100.0 21.807 27.084
1406.228 90.00 68.1500 100.0 21.849 27.111
1406.327 90.00 68.1000 100.0 21.900 27.204
1406.427 90.00 68.0600 100.0 21.939 27.218
1406.525 90.00 68.0200 100.0 21.976 27.208
1406.625 90.00 67.9800 100.0 22.021 27.264
1406.725 90.00 67.9400 100.0 22.063 27.295
1406.824 90.00 67.8900 100.0 22.108 27.349
1406.925 90.00 67.8400 100.0 22.159 27.441
1407.023 90.00 67.8000 100.0 22.203 27.491
1407.123 90.00 67.7500 100.0 22.245 27.514
1407.223 90.00 67.7100 100.0 22.288 27.554
1407.322 90.00 67.6700 100.0 22.325 27.552
1407.422 90.00 67.6300 100.0 22.370 27.607
1407.523 90.00 67.5700 100.0 22.424 27.721
1407.621 90.00 67.5400 100.0 22.459 27.700
1407.721 90.00 67.4900 100.0 22.513 27.819
1407.821 90.00 67.4500 100.0 22.549 27.801
1407.919 90.00 67.4000 100.0 22.598 27.887
1408.021 90.00 67.3600 100.0 22.636 27.889
1408.119 90.00 67.3200 100.0 22.683 27.951
1408.219 90.00 67.2700 100.0 22.727 27.999
1408.319 90.00 67.2300 100.0 22.766 28.003
1408.417 90.00 67.1900 100.0 22.808 28.038
1408.519 90.00 67.1500 100.0 22.851 28.076
1408.617 90.00 67.1000 100.0 22.897 28.140
1408.717 90.00 67.0600 100.0 22.935 28.141
1408.817 90.00 67.0300 100.0 22.973 28.151
1408.915 90.00 66.9800 100.0 23.018 28.206
1409.017 90.00 66.9400 100.0 23.061 28.243
1409.115 90.00 66.9000 100.0 23.096 28.232
1409.215 90.00 66.8600 100.0 23.142 28.296
1409.315 90.00 66.8100 100.0 23.188 28.361
1409.413 90.00 66.7800 100.0 23.222 28.340
1409.515 90.00 66.7300 100.0 23.271 28.424
1409.614 90.00 66.7000 100.0 23.302 28.386
1409.713 90.00 66.6600 100.0 23.342 28.411
1409.814 90.00 66.6100 100.0 23.387 28.476
1409.911 90.00 66.5700 100.0 23.426 28.495
1410.013 90.00 66.5400 100.0 23.461 28.487
1410.112 90.00 66.4900 100.0 23.505 28.541
1410.210 90.00 66.4600 100.0 23.540 28.537
1410.312 90.00 66.4300 100.0 23.573 28.516
1410.410 90.00 66.3900 100.0 23.610 28.524
1410.511 90.00 66.3400 100.0 23.656 28.605
1410.609 90.00 66.3100 100.0 23.690 28.596
1410.709 90.00 66.2700 100.0 23.726 28.600
1410.810 90.00 66.2300 100.0 23.766 28.636
1410.907 90.00 66.1900 100.0 23.808 28.687
1411.009 90.00 66.1600 100.0 23.839 28.662
1411.107 90.00 66.1200 100.0 23.879 28.699
1411.207 90.00 66.0800 100.0 23.919 28.736
1411.308 90.00 66.0500 100.0 23.948 28.697
1411.405 90.00 66.0100 100.0 23.987 28.734
1411.506 90.00 65.9700 100.0 24.025 28.766
1411.605 90.00 65.9400 100.0 24.061 28.778
1411.705 90.00 65.9100 100.0 24.093 28.770
1411.806 90.00 65.8700 100.0 24.125 28.758
1411.904 90.00 65.8300 100.0 24.167 28.819
1412.004 90.00 65.8000 100.0 24.202 28.832
1412.105 90.00 65.7600 100.0 24.235 28.831
1412.203 90.00 65.7300 100.0 24.268 28.837
1412.304 90.00 65.6900 100.0 24.305 28.865
1412.402 90.00 65.6600 100.0 24.337 28.858
1412.502 90.00 65.6300 100.0 24.369 28.857
1412.603 90.00 65.6000 100.0 24.403 28.873
1412.701 90.00 65.5700 100.0 24.433 28.858
1412.802 90.00 65.5300 100.0 24.465 28.859
1412.900 90.00 65.5000 100.0 24.495 28.849
1413.000 90.00 65.4800 100.0 24.517 28.787
1413.101 90.00 65.4400 100.0 24.555 28.842
1413.198 90.00 65.4100 100.0 24.587 28.848
1413.300 90.00 65.4000 100.0 24.601 28.733
1413.399 90.00 65.3600 100.0 24.641 28.807
1413.498 90.00 65.3300 100.0 24.670 28.801
1413.599 90.00 65.3000 100.0 24.703 28.830
1413.697 90.00 65.2600 100.0 24.736 28.852
1413.798 90.00 65.2300 100.0 24.767 28.865
1413.898 90.00 65.2000 100.0 24.801 28.893
1413.995 90.00 65.1700 100.0 24.825 28.861
1414.097 90.00 65.1500 100.0 24.854 28.859
1414.196 90.00 65.1100 100.0 24.887 28.894
1414.295 90.00 65.0800 100.0 24.918 28.911
1414.395 90.00 65.0600 100.0 24.939 28.853
1414.494 90.00 65.0300 100.0 24.970 28.876
1414.594 90.00 65.0000 100.0 24.998 28.876
1414.694 90.00 64.9800 100.0 25.022 28.853
1414.793 90.00 64.9500 100.0 25.051 28.862
1414.893 90.00 64.9200 100.0 25.076 28.849
1414.992 90.00 64.9000 100.0 25.099 28.819
1415.093 90.00 64.8700 100.0 25.130 28.854
1415.192 90.00 64.8400 100.0 25.157 28.856
1415.291 90.00 64.8200 100.0 25.179 28.826
1415.392 90.00 64.7900 100.0 25.211 28.862
1415.490 90.00 64.7600 100.0 25.237 28.861
1415.590 90.00 64.7300 100.0 25.267 28.889
1415.690 90.00 64.7000 100.0 25.299 28.932
1415.789 90.00 64.6700 100.0 25.326 28.944
1415.889 90.00 64.6500 100.0 25.346 28.903
1415.989 90.00 64.6300 100.0 25.372 28.909
1416.088 90.00 64.6100 100.0 25.393 28.875
1416.189 90.00 64.5800 100.0 25.418 28.874
1416.287 90.00 64.5500 100.0 25.450 28.929
1416.387 90.00 64.5300 100.0 25.472 28.911
1416.487 90.00 64.5000 100.0 25.495 28.895
1416.585 90.00 64.4800 100.0 25.516 28.874
1416.687 90.00 64.4600 100.0 25.540 28.874
1416.785 90.00 64.4300 100.0 25.566 28.886
1416.885 90.00 64.4200 100.0 25.582 28.834
1416.985 90.00 64.3900 100.0 25.611 28.877
1417.083 90.00 64.3600 100.0 25.638 28.901
1417.185 90.00 64.3400 100.0 25.663 28.912
1417.283 90.00 64.3100 100.0 25.688 28.928
1417.383 90.00 64.3000 100.0 25.704 28.874
1417.483 90.00 64.2700 100.0 25.730 28.899
1417.581 90.00 64.2400 100.0 25.762 28.967
1417.683 90.00 64.2100 100.0 25.785 28.963
1417.781 90.00 64.2000 100.0 25.801 28.920
1417.881 90.00 64.1700 100.0 25.832 28.978
1417.982 90.00 64.1500 100.0 25.847 28.925
1418.080 90.00 64.1200 100.0 25.874 28.963
1418.181 90.00 64.1000 100.0 25.900 28.992
1418.280 90.00 64.0800 100.0 25.917 28.955
1418.380 90.00 64.0500 100.0 25.946 29.006
1418.479 90.00 64.0400 100.0 25.960 28.949
1418.578 90.00 64.0200 100.0 25.978 28.927
1418.679 90.00 63.9900 100.0 26.011 29.012
1418.777 90.00 63.9700 100.0 26.025 28.961
1418.877 90.00 63.9500 100.0 26.051 28.991
1418.978 90.00 63.9300 100.0 26.066 28.955
1419.075 90.00 63.9100 100.0 26.088 28.963
1419.177 90.00 63.8900 100.0 26.113 28.995
1419.275 90.00 63.8600 100.0 26.137 29.015
1419.375 90.00 63.8500 100.0 26.153 28.987
1419.476 90.00 63.8300 100.0 26.170 28.966
1419.573 90.00 63.8000 100.0 26.198 29.017
1419.675 90.00 63.7900 100.0 26.208 28.948
1419.774 90.00 63.7600 100.0 26.240 29.031
1419.872 90.00 63.7500 100.0 26.253 28.987
1419.974 90.00 63.7200 100.0 26.278 29.025
1420.072 90.00 63.7000 100.0 26.300 29.038
1420.172 90.00 63.6800 100.0 26.316 29.019
1420.273 90.00 63.6700 100.0 26.333 29.003
1420.370 90.00 63.6400 100.0 26.354 29.015
1420.472 90.00 63.6300 100.0 26.373 29.011
1420.571 90.00 63.6100 100.0 26.386 28.969
1420.670 90.00 63.5900 100.0 26.408 28.995
1420.771 90.00 63.5700 100.0 26.425 28.987
1420.868 90.00 63.5500 100.0 26.446 29.006
1420.970 90.00 63.5400 100.0 26.463 28.994
1421.069 90.00 63.5200 100.0 26.481 28.998
1421.167 90.00 63.5000 100.0 26.504 29.028
1421.269 90.00 63.4900 100.0 26.513 28.967
1421.367 90.00 63.4700 100.0 26.533 28.985
1421.467 90.00 63.4500 100.0 26.547 28.960
1421.567 90.00 63.4300 100.0 26.569 28.997
1421.665 90.00 63.4200 100.0 26.581 28.959
1421.767 90.00 63.3900 100.0 26.605 29.005
1421.865 90.00 63.3800 100.0 26.622 29.005
1421.965 90.00 63.3700 100.0 26.633 28.963
1422.065 90.00 63.3400 100.0 26.654 28.994
1422.164 90.00 63.3300 100.0 26.673 29.009
1422.265 90.00 63.3100 100.0 26.690 29.014
1422.364 90.00 63.3000 100.0 26.701 28.972
1422.463 90.00 63.2800 100.0 26.719 28.981
1422.563 90.00 63.2600 100.0 26.740 29.021
1422.662 90.00 63.2400 100.0 26.760 29.045
1422.762 90.00 63.2200 100.0 26.781 29.077
1422.862 90.00 63.2100 100.0 26.793 29.046
1422.961 90.00 63.1900 100.0 26.808 29.037
1423.062 90.00 63.1700 100.0 26.825 29.046
1423.160 90.00 63.1500 100.0 26.845 29.072
1423.261 90.00 63.1400 100.0 26.862 29.086
1423.360 90.00 63.1200 100.0 26.883 29.116
1423.458 90.00 63.1000 100.0 26.895 29.093
1423.560 90.00 63.0800 100.0 26.917 29.133
1423.658 90.00 63.0700 100.0 26.924 29.075
1423.758 90.00 63.0600 100.0 26.942 29.095
1423.858 90.00 63.0300 100.0 26.965 29.146
1423.956 90.00 63.0300 100.0 26.972 29.082
1424.058 90.00 63.0000 100.0 26.994 29.136
1424.156 90.00 62.9900 100.0 27.008 29.126
1424.256 90.00 62.9800 100.0 27.023 29.122
1424.357 90.00 62.9600 100.0 27.035 29.106
1424.454 90.00 62.9400 100.0 27.056 29.148
1424.556 90.00 62.9300 100.0 27.070 29.142
1424.655 90.00 62.9100 100.0 27.086 29.151
1424.754 90.00 62.9000 100.0 27.102 29.154
1424.855 90.00 62.8800 100.0 27.115 29.145
1424.953 90.00 62.8700 100.0 27.128 29.132
1425.053 90.00 62.8500 100.0 27.148 29.173
1425.153 90.00 62.8400 100.0 27.159 29.151
1425.251 90.00 62.8300 100.0 27.169 29.119
1425.353 90.00 62.8200 100.0 27.183 29.124
1425.451 90.00 62.8000 100.0 27.203 29.165
1425.552 90.00 62.7800 100.0 27.218 29.168
1425.651 90.00 62.7700 100.0 27.227 29.135
1425.749 90.00 62.7500 100.0 27.247 29.181
1425.851 90.00 62.7400 100.0 27.260 29.172
1425.949 90.00 62.7300 100.0 27.273 29.169
1426.050 90.00 62.7100 100.0 27.292 29.209
1426.149 90.00 62.6900 100.0 27.309 29.234
1426.249 90.00 62.6800 100.0 27.319 29.205
1426.349 90.00 62.6700 100.0 27.332 29.205
1426.447 90.00 62.6600 100.0 27.340 29.164
1426.548 90.00 62.6400 100.0 27.360 29.217
1426.646 90.00 62.6300 100.0 27.373 29.215
1426.746 90.00 62.6100 100.0 27.388 29.227
1426.847 90.00 62.6000 100.0 27.404 29.243
1426.945 90.00 62.5800 100.0 27.414 29.225
1427.045 90.00 62.5700 100.0 27.430 29.244
1427.146 90.00 62.5500 100.0 27.445 29.259
1427.243 90.00 62.5400 100.0 27.455 29.237
1427.345 90.00 62.5300 100.0 27.467 29.231
1427.443 90.00 62.5200 100.0 27.481 29.243
1427.543 90.00 62.5000 100.0 27.494 29.248
1427.644 90.00 62.4900 100.0 27.508 29.257
1427.741 90.00 62.4800 100.0 27.520 29.255
1427.843 90.00 62.4600 100.0 27.535 29.269
1427.942 90.00 62.4600 100.0 27.537 29.199
1428.040 90.00 62.4400 100.0 27.554 29.234
1428.142 90.00 62.4300 100.0 27.567 29.238
1428.240 90.00 62.4100 100.0 27.588 29.307
1428.340 90.00 62.4000 100.0 27.598 29.285
1428.440 90.00 62.3900 100.0 27.605 29.255
1428.539 90.00 62.3800 100.0 27.622 29.288
1428.640 90.00 62.3700 100.0 27.631 29.266
1428.739 90.00 62.3500 100.0 27.652 29.332
1428.838 90.00 62.3500 100.0 27.653 29.260
1428.939 90.00 62.3300 100.0 27.666 29.265
1429.037 90.00 62.3300 100.0 27.674 29.241
1429.137 90.00 62.3000 100.0 27.698 29.331
1429.237 90.00 62.2900 100.0 27.709 29.328
1429.335 90.00 62.2700 100.0 27.725 29.361
1429.437 90.00 62.2600 100.0 27.734 29.340
1429.535 90.00 62.2500 100.0 27.750 29.375
1429.635 90.00 62.2400 100.0 27.760 29.363
1429.735 90.00 62.2300 100.0 27.765 29.316
1429.833 90.00 62.2300 100.0 27.773 29.294
1429.935 90.00 62.2100 100.0 27.785 29.302
1430.033 90.00 62.1900 100.0 27.804 29.363
1430.133 90.00 62.1900 100.0 27.809 29.318
1430.233 90.00 62.1700 100.0 27.833 29.412
1430.332 90.00 62.1600 100.0 27.840 29.377
1430.433 90.00 62.1400 100.0 27.854 29.399
1430.530 90.00 62.1400 100.0 27.863 29.387
1430.632 90.00 62.1300 100.0 27.872 29.372
1430.732 90.00 62.1100 100.0 27.891 29.434
1430.829 90.00 62.1000 100.0 27.896 29.392
1430.931 90.00 62.0900 100.0 27.906 29.385
1431.029 90.00 62.0800 100.0 27.922 29.420
1431.129 90.00 62.0700 100.0 27.933 29.424
1431.230 90.00 62.0500 100.0 27.950 29.469
1431.327 90.00 62.0400 100.0 27.959 29.456
1431.429 90.00 62.0200 100.0 27.975 29.491
1431.527 90.00 62.0100 100.0 27.985 29.490
1431.627 90.00 62.0000 100.0 27.999 29.509
1431.728 90.00 62.0000 100.0 28.002 29.455
1431.825 90.00 61.9900 100.0 28.011 29.446
1431.927 90.00 61.9800 100.0 28.022 29.454
1432.025 90.00 61.9600 100.0 28.040 29.506
1432.125 90.00 61.9500 100.0 28.049 29.494
1432.226 90.00 61.9300 100.0 28.065 29.535
1432.323 90.00 61.9300 100.0 28.071 29.502
1432.425 90.00 61.9200 100.0 28.083 29.519
1432.523 90.00 61.9000 100.0 28.097 29.541
1432.623 90.00 61.8900 100.0 28.113 29.583
1432.724 90.00 61.8800 100.0 28.123 29.581
1432.822 90.00 61.8600 100.0 28.137 29.604
1432.922 90.00 61.8500 100.0 28.148 29.609
1433.021 90.00 61.8400 100.0 28.161 29.625
1433.121 90.00 61.8400 100.0 28.160 29.545
1433.222 90.00 61.8200 100.0 28.183 29.640
1433.321 90.00 61.8100 100.0 28.192 29.628
1433.420 90.00 61.7900 100.0 28.205 29.645
1433.520 90.00 61.7800 100.0 28.214 29.640
1433.619 90.00 61.7800 100.0 28.218 29.592
1433.720 90.00 61.7700 100.0 28.226 29.580
1433.818 90.00 61.7600 100.0 28.240 29.610
1433.918 90.00 61.7400 100.0 28.257 29.659
1434.018 90.00 61.7300 100.0 28.270 29.685
1434.117 90.00 61.7200 100.0 28.279 29.676
1434.218 90.00 61.7100 100.0 28.291 29.691
1434.317 90.00 61.7000 100.0 28.300 29.685
1434.415 90.00 61.6900 100.0 28.312 29.698
1434.517 90.00 61.6800 100.0 28.321 29.689
1434.615 90.00 61.6600 100.0 28.335 29.720
1434.715 90.00 61.6500 100.0 28.350 29.755
1434.815 90.00 61.6400 100.0 28.361 29.762
1434.914 90.00 61.6300 100.0 28.371 29.764
1435.015 90.00 61.6200 100.0 28.377 29.732
1435.114 90.00 61.6100 100.0 28.391 29.763
1435.213 90.00 61.6000 100.0 28.401 29.768
1435.314 90.00 61.5900 100.0 28.413 29.780
1435.411 90.00 61.5700 100.0 28.427 29.812
1435.513 90.00 61.5600 100.0 28.437 29.815
1435.612 90.00 61.5500 100.0 28.446 29.807
1435.710 90.00 61.5500 100.0 28.452 29.784
1435.812 90.00 61.5400 100.0 28.464 29.796
1435.910 90.00 61.5200 100.0 28.476 29.817
1436.010 90.00 61.5200 100.0 28.483 29.799
1436.110 90.00 61.5000 100.0 28.494 29.812
1436.209 90.00 61.4900 100.0 28.505 29.821
1436.310 90.00 61.4800 100.0 28.518 29.844
1436.408 90.00 61.4700 100.0 28.532 29.880
1436.508 90.00 61.4600 100.0 28.540 29.868
1436.608 90.00 61.4500 100.0 28.549 29.863
1436.707 90.00 61.4400 100.0 28.560 29.871
1436.807 90.00 61.4300 100.0 28.568 29.864
1436.906 90.00 61.4200 100.0 28.575 29.846
1437.006 90.00 61.4200 100.0 28.584 29.846
1437.107 90.00 61.4000 100.0 28.600 29.899
1437.205 90.00 61.3900 100.0 28.612 29.916
1437.305 90.00 61.3800 100.0 28.614 29.866
1437.405 90.00 61.3800 100.0 28.622 29.857
1437.504 90.00 61.3700 100.0 28.633 29.876
1437.605 90.00 61.3500 100.0 28.644 29.888
1437.703 90.00 61.3400 100.0 28.661 29.944
1437.803 90.00 61.3400 100.0 28.660 29.871
1437.903 90.00 61.3300 100.0 28.674 29.908
1438.001 90.00 61.3200 100.0 28.680 29.889
1438.103 90.00 61.3100 100.0 28.691 29.910
1438.201 90.00 61.3000 100.0 28.700 29.910
1438.302 90.00 61.2800 100.0 28.719 29.986
1438.400 90.00 61.2800 100.0 28.723 29.948
1438.500 90.00 61.2600 100.0 28.739 30.000
1438.601 90.00 61.2500 100.0 28.753 30.033
1438.698 90.00 61.2400 100.0 28.758 30.001
1438.800 90.00 61.2300 100.0 28.772 30.041
1438.899 90.00 61.2200 100.0 28.780 30.035
1438.997 90.00 61.2100 100.0 28.784 29.997
1439.099 90.00 61.2000 100.0 28.797 30.027
1439.197 90.00 61.1900 100.0 28.812 30.069
1439.298 90.00 61.1900 100.0 28.813 30.014
1439.398 90.00 61.1700 100.0 28.829 30.070
1439.495 90.00 61.1600 100.0 28.836 30.056
1439.597 90.00 61.1500 100.0 28.846 30.063
1439.695 90.00 61.1400 100.0 28.864 30.125
1439.795 90.00 61.1300 100.0 28.868 30.095
1439.896 90.00 61.1200 100.0 28.881 30.122
1439.993 90.00 61.1100 100.0 28.888 30.113
1440.095 90.00 61.1000 100.0 28.901 30.140
1440.194 90.00 61.0900 100.0 28.907 30.123
1440.293 90.00 61.0800 100.0 28.918 30.135
1440.394 90.00 61.0700 100.0 28.928 30.146
1440.491 90.00 61.0500 100.0 28.948 30.228
1440.593 90.00 61.0500 100.0 28.950 30.172
1440.692 90.00 61.0300 100.0 28.964 30.210
1440.790 90.00 61.0300 100.0 28.971 30.195
1440.892 90.00 61.0100 100.0 28.986 30.239
1440.989 90.00 61.0100 100.0 28.986 30.176
1441.091 90.00 61.0000 100.0 28.997 30.193
1441.190 90.00 60.9900 100.0 29.006 30.199
1441.288 90.00 60.9800 100.0 29.019 30.234
1441.390 90.00 60.9700 100.0 29.032 30.258
1441.489 90.00 60.9700 100.0 29.033 30.205
1441.588 90.00 60.9500 100.0 29.049 30.260
1441.689 90.00 60.9400 100.0 29.059 30.272
1441.786 90.00 60.9300 100.0 29.068 30.271
1441.888 90.00 60.9300 100.0 29.071 30.234
1441.987 90.00 60.9100 100.0 29.092 30.322
1442.085 90.00 60.9100 100.0 29.091 30.255
1442.187 90.00 60.8900 100.0 29.105 30.295
1442.285 90.00 60.8800 100.0 29.120 30.339
1442.386 90.00 60.8700 100.0 29.128 30.332
1442.484 90.00 60.8600 100.0 29.138 30.347
1442.584 90.00 60.8600 100.0 29.143 30.317
1442.684 90.00 60.8500 100.0 29.149 30.298
1442.783 90.00 60.8400 100.0 29.163 30.341
1442.884 90.00 60.8300 100.0 29.169 30.326
1442.982 90.00 60.8200 100.0 29.178 30.327
1443.082 90.00 60.8100 100.0 29.189 30.348
1443.182 90.00 60.7900 100.0 29.208 30.425
1443.281 90.00 60.7800 100.0 29.218 30.431
1443.382 90.00 60.7800 100.0 29.223 30.409
1443.481 90.00 60.7700 100.0 29.230 30.396
1443.580 90.00 60.7500 100.0 29.247 30.459
1443.680 90.00 60.7500 100.0 29.252 30.431
1443.780 90.00 60.7400 100.0 29.261 30.440
1443.879 90.00 60.7300 100.0 29.272 30.457
1443.979 90.00 60.7200 100.0 29.280 30.450
1444.078 90.00 60.7100 100.0 29.290 30.462
1444.179 90.00 60.6900 100.0 29.310 30.544
1444.278 90.00 60.6800 100.0 29.319 30.543
1444.377 90.00 60.6800 100.0 29.321 30.497
1444.478 90.00 60.6600 100.0 29.338 30.557
1444.576 90.00 60.6500 100.0 29.347 30.564
1444.676 90.00 60.6500 100.0 29.351 30.530
1444.776 90.00 60.6400 100.0 29.358 30.522
1444.875 90.00 60.6300 100.0 29.368 30.530
1444.975 90.00 60.6200 100.0 29.382 30.571
1445.074 90.00 60.6000 100.0 29.394 30.597
1445.174 90.00 60.5900 100.0 29.410 30.646
1445.274 90.00 60.5800 100.0 29.421 30.664
1445.373 90.00 60.5700 100.0 29.425 30.624
1445.473 90.00 60.5600 100.0 29.439 30.665
1445.572 90.00 60.5500 100.0 29.446 30.654
1445.672 90.00 60.5400 100.0 29.456 30.659
1445.773 90.00 60.5300 100.0 29.466 30.671
1445.871 90.00 60.5200 100.0 29.482 30.722
1445.971 90.00 60.5200 100.0 29.481 30.657
1446.071 90.00 60.5000 100.0 29.501 30.735
1446.170 90.00 60.4900 100.0 29.511 30.742
1446.271 90.00 60.4800 100.0 29.514 30.707
1446.368 90.00 60.4800 100.0 29.522 30.702
1446.470 90.00 60.4700 100.0 29.531 30.703
1446.568 90.00 60.4500 100.0 29.548 30.768
1446.668 90.00 60.4500 100.0 29.551 30.722
1446.769 90.00 60.4300 100.0 29.564 30.759
1446.866 90.00 60.4300 100.0 29.571 30.745
1446.968 90.00 60.4200 100.0 29.583 30.771
1447.067 90.00 60.4100 100.0 29.593 30.781
1447.166 90.00 60.3900 100.0 29.608 30.831
1447.267 90.00 60.3800 100.0 29.617 30.828
1447.364 90.00 60.3700 100.0 29.625 30.828
1447.466 90.00 60.3600 100.0 29.635 30.833
1447.565 90.00 60.3500 100.0 29.644 30.837
1447.663 90.00 60.3500 100.0 29.654 30.846
1447.765 90.00 60.3400 100.0 29.662 30.842
1447.863 90.00 60.3300 100.0 29.671 30.847
1447.963 90.00 60.3100 100.0 29.686 30.898
1448.064 90.00 60.3000 100.0 29.702 30.944
1448.161 90.00 60.3000 100.0 29.702 30.885
1448.263 90.00 60.2800 100.0 29.718 30.938
1448.361 90.00 60.2700 100.0 29.731 30.969
1448.461 90.00 60.2500 100.0 29.744 30.997
1448.562 90.00 60.2500 100.0 29.746 30.951
1448.659 90.00 60.2400 100.0 29.762 30.996
1448.761 90.00 60.2200 100.0 29.775 31.027
1448.859 90.00 60.2200 100.0 29.776 30.977
1448.959 90.00 60.2000 100.0 29.795 31.044
1449.060 90.00 60.2000 100.0 29.802 31.033
1449.157 90.00 60.1800 100.0 29.815 31.065
1449.259 90.00 60.1800 100.0 29.819 31.029
1449.357 90.00 60.1700 100.0 29.830 31.041
1449.457 90.00 60.1600 100.0 29.838 31.040
1449.558 90.00 60.1500 100.0 29.853 31.087
1449.655 90.00 60.1300 100.0 29.872 31.153
1449.756 90.00 60.1200 100.0 29.876 31.118
1449.857 90.00 60.1200 100.0 29.882 31.097
1449.955 90.00 60.1100 100.0 29.891 31.103
1450.056 90.00 60.0900 100.0 29.909 31.168
1450.155 90.00 60.0800 100.0 29.923 31.201
1450.254 90.00 60.0700 100.0 29.929 31.184
1450.355 90.00 60.0500 100.0 29.948 31.248
1450.453 90.00 60.0400 100.0 29.958 31.254
1450.553 90.00 60.0300 100.0 29.971 31.281
1450.653 90.00 60.0200 100.0 29.981 31.285
1450.751 90.00 60.0100 100.0 29.987 31.260
1450.853 90.00 60.0000 100.0 29.995 31.253
1450.951 90.00 59.9800 100.0 30.016 31.339
1451.051 90.00 59.9700 100.0 30.031 31.377
1451.151 90.00 59.9700 100.0 30.033 31.329
1451.250 90.00 59.9500 100.0 30.047 31.360
1451.351 90.00 59.9400 100.0 30.059 31.375
1451.449 90.00 59.9300 100.0 30.072 31.399
1451.550 90.00 59.9200 100.0 30.082 31.408
1451.649 90.00 59.9000 100.0 30.095 31.430
1451.748 90.00 59.9000 100.0 30.095 31.364
1451.848 90.00 59.8800 100.0 30.115 31.443
1451.947 90.00 59.8800 100.0 30.120 31.410
1452.047 90.00 59.8700 100.0 30.129 31.411
1452.148 90.00 59.8500 100.0 30.146 31.460
1452.246 90.00 59.8500 100.0 30.151 31.434
1452.346 90.00 59.8400 100.0 30.163 31.449
1452.446 90.00 59.8200 100.0 30.181 31.512
1452.544 90.00 59.8100 100.0 30.184 31.468
1452.646 90.00 59.8000 100.0 30.197 31.491
1452.744 90.00 59.7900 100.0 30.207 31.498
1452.844 90.00 59.7900 100.0 30.212 31.473
1452.944 90.00 59.7700 100.0 30.233 31.555
1453.043 90.00 59.7600 100.0 30.240 31.538
1453.143 90.00 59.7500 100.0 30.251 31.546
1453.242 90.00 59.7400 100.0 30.261 31.551
1453.342 90.00 59.7300 100.0 30.273 31.572
1453.442 90.00 59.7100 100.0 30.286 31.599
1453.541 90.00 59.7100 100.0 30.294 31.588
1453.641 90.00 59.6900 100.0 30.305 31.605
1453.740 90.00 59.6800 100.0 30.315 31.609
1453.840 90.00 59.6700 100.0 30.325 31.610
1453.940 90.00 59.6600 100.0 30.342 31.667
1454.039 90.00 59.6500 100.0 30.348 31.646
1454.140 90.00 59.6400 100.0 30.360 31.663
1454.238 90.00 59.6400 100.0 30.364 31.623
1454.338 90.00 59.6200 100.0 30.375 31.641
1454.439 90.00 59.6100 100.0 30.385 31.644
1454.536 90.00 59.6000 100.0 30.395 31.655
1454.638 90.00 59.5900 100.0 30.413 31.714
1454.736 90.00 59.5800 100.0 30.416 31.675
1454.835 90.00 59.5600 100.0 30.437 31.753
1454.937 90.00 59.5500 100.0 30.447 31.763
1455.034 90.00 59.5400 100.0 30.454 31.745
1455.136 90.00 59.5400 100.0 30.462 31.733
1455.235 90.00 59.5300 100.0 30.473 31.750
1455.333 90.00 59.5100 100.0 30.492 31.821
1455.435 90.00 59.5000 100.0 30.504 31.833
1455.533 90.00 59.4900 100.0 30.513 31.835
1455.634 90.00 59.4700 100.0 30.524 31.845
1455.733 90.00 59.4600 100.0 30.540 31.888
1455.831 90.00 59.4500 100.0 30.546 31.866
1455.933 90.00 59.4400 100.0 30.559 31.886
1456.031 90.00 59.4300 100.0 30.572 31.911
1456.131 90.00 59.4200 100.0 30.581 31.911
1456.232 90.00 59.4100 100.0 30.591 31.915
1456.329 90.00 59.4000 100.0 30.600 31.908
1456.431 90.00 59.3900 100.0 30.609 31.907
1456.530 90.00 59.3800 100.0 30.622 31.931
1456.629 90.00 59.3600 100.0 30.635 31.955
1456.730 90.00 59.3600 100.0 30.638 31.914
1456.828 90.00 59.3500 100.0 30.647 31.913
1456.928 90.00 59.3400 100.0 30.662 31.951
1457.028 90.00 59.3200 100.0 30.678 32.001
1457.126 90.00 59.3100 100.0 30.690 32.019
1457.228 90.00 59.3000 100.0 30.694 31.984
1457.326 90.00 59.2900 100.0 30.711 32.036
1457.426 90.00 59.2900 100.0 30.713 31.982
1457.526 90.00 59.2700 100.0 30.725 32.003
1457.625 90.00 59.2500 100.0 30.744 32.075
1457.726 90.00 59.2400 100.0 30.758 32.104
1457.824 90.00 59.2300 100.0 30.764 32.082
1457.924 90.00 59.2300 100.0 30.774 32.080
1458.024 90.00 59.2000 100.0 30.794 32.159
1458.124 90.00 59.1900 100.0 30.808 32.187
1458.224 90.00 59.1900 100.0 30.807 32.113
1458.322 90.00 59.1800 100.0 30.823 32.159
1458.422 90.00 59.1700 100.0 30.834 32.167
1458.521 90.00 59.1600 100.0 30.839 32.137
1458.621 90.00 59.1500 100.0 30.851 32.158
1458.721 90.00 59.1300 100.0 30.869 32.216
1458.821 90.00 59.1200 100.0 30.875 32.189
1458.920 90.00 59.1100 100.0 30.890 32.228
1459.020 90.00 59.1100 100.0 30.893 32.183
1459.119 90.00 59.1000 100.0 30.903 32.191
1459.219 90.00 59.0900 100.0 30.909 32.166
1459.319 90.00 59.0700 100.0 30.925 32.215
1459.418 90.00 59.0600 100.0 30.934 32.218
1459.518 90.00 59.0600 100.0 30.942 32.210
1459.617 90.00 59.0400 100.0 30.961 32.278
1459.717 90.00 59.0300 100.0 30.968 32.263
1459.817 90.00 59.0200 100.0 30.975 32.247
1459.916 90.00 59.0100 100.0 30.986 32.255
1460.016 90.00 59.0000 100.0 30.997 32.270
1460.115 90.00 58.9900 100.0 31.008 32.285
1460.215 90.00 58.9800 100.0 31.016 32.274
1460.315 90.00 58.9600 100.0 31.035 32.350
1460.414 90.00 58.9700 100.0 31.033 32.270
1460.514 90.00 58.9500 100.0 31.052 32.341
1460.614 90.00 58.9400 100.0 31.060 32.331
1460.713 90.00 58.9300 100.0 31.070 32.336
1460.814 90.00 58.9100 100.0 31.088 32.401
1460.912 90.00 58.9000 100.0 31.097 32.397
1461.012 90.00 58.8900 100.0 31.109 32.415
1461.112 90.00 58.8800 100.0 31.115 32.392
1461.211 90.00 58.8800 100.0 31.122 32.381
1461.311 90.00 58.8600 100.0 31.137 32.423
1461.410 90.00 58.8600 100.0 31.143 32.398
1461.510 90.00 58.8500 100.0 31.150 32.381
1461.610 90.00 58.8300 100.0 31.169 32.457
1461.709 90.00 58.8300 100.0 31.170 32.395
1461.809 90.00 58.8100 100.0 31.191 32.481
1461.908 90.00 58.8000 100.0 31.195 32.444
1462.009 90.00 58.7900 100.0 31.211 32.498
1462.108 90.00 58.7800 100.0 31.222 32.512
1462.206 90.00 58.7700 100.0 31.224 32.458
1462.308 90.00 58.7600 100.0 31.237 32.489
1462.405 90.00 58.7500 100.0 31.244 32.475
1462.506 90.00 58.7400 100.0 31.259 32.520
1462.607 90.00 58.7300 100.0 31.269 32.527
1462.704 90.00 58.7300 100.0 31.272 32.483
1462.806 90.00 58.7100 100.0 31.288 32.537
1462.904 90.00 58.7000 100.0 31.297 32.537
1463.004 90.00 58.6900 100.0 31.308 32.552
1463.105 90.00 58.6800 100.0 31.322 32.586
1463.202 90.00 58.6700 100.0 31.328 32.564
1463.304 90.00 58.6700 100.0 31.333 32.537
1463.402 90.00 58.6600 100.0 31.341 32.533
1463.502 90.00 58.6500 100.0 31.348 32.524
1463.603 90.00 58.6400 100.0 31.360 32.550
1463.700 90.00 58.6300 100.0 31.373 32.579
1463.802 90.00 58.6200 100.0 31.381 32.573
1463.901 90.00 58.6100 100.0 31.390 32.579
1463.999 90.00 58.5900 100.0 31.405 32.624
1464.101 90.00 58.5900 100.0 31.405 32.562
1464.198 90.00 58.5800 100.0 31.422 32.622
1464.300 90.00 58.5700 100.0 31.429 32.613
1464.399 90.00 58.5600 100.0 31.441 32.635
1464.497 90.00 58.5500 100.0 31.449 32.633
1464.599 90.00 58.5300 100.0 31.465 32.688
1464.697 90.00 58.5200 100.0 31.475 32.695
1464.798 90.00 58.5200 100.0 31.484 32.696
1464.898 90.00 58.5100 100.0 31.492 32.696
1464.995 90.00 58.5000 100.0 31.499 32.683
1465.097 90.00 58.4800 100.0 31.517 32.748
1465.196 90.00 58.4700 100.0 31.528 32.765
1465.295 90.00 58.4700 100.0 31.531 32.724
1465.396 90.00 58.4600 100.0 31.539 32.717
1465.493 90.00 58.4500 100.0 31.549 32.732
1465.595 90.00 58.4400 100.0 31.563 32.772
1465.694 90.00 58.4200 100.0 31.581 32.834
1465.792 90.00 58.4200 100.0 31.579 32.757
1465.894 90.00 58.4100 100.0 31.588 32.764
1465.991 90.00 58.3900 100.0 31.604 32.819
1466.093 90.00 58.3800 100.0 31.614 32.826
1466.191 90.00 58.3700 100.0 31.630 32.874
1466.291 90.00 58.3600 100.0 31.642 32.899
1466.391 90.00 58.3500 100.0 31.645 32.855
1466.490 90.00 58.3500 100.0 31.652 32.845
1466.591 90.00 58.3300 100.0 31.669 32.906
1466.689 90.00 58.3200 100.0 31.681 32.927
1466.789 90.00 58.3200 100.0 31.683 32.879
1466.889 90.00 58.3000 100.0 31.701 32.948
1466.989 90.00 58.2900 100.0 31.708 32.931
1467.088 90.00 58.2800 100.0 31.722 32.968
1467.188 90.00 58.2800 100.0 31.718 32.880
1467.287 90.00 58.2700 100.0 31.733 32.927
1467.387 90.00 58.2600 100.0 31.740 32.913
1467.487 90.00 58.2400 100.0 31.754 32.952
1467.586 90.00 58.2300 100.0 31.764 32.966
1467.686 90.00 58.2200 100.0 31.775 32.978
1467.785 90.00 58.2100 100.0 31.786 32.997
1467.885 90.00 58.2100 100.0 31.791 32.975
1467.985 90.00 58.1900 100.0 31.808 33.034
1468.084 90.00 58.1800 100.0 31.817 33.034
1468.184 90.00 58.1800 100.0 31.817 32.976
1468.283 90.00 58.1600 100.0 31.834 33.035
1468.383 90.00 58.1600 100.0 31.842 33.030
1468.483 90.00 58.1500 100.0 31.847 33.008
1468.582 90.00 58.1300 100.0 31.864 33.066
1468.682 90.00 58.1300 100.0 31.874 33.073
1468.781 90.00 58.1200 100.0 31.876 33.029
1468.881 90.00 58.1000 100.0 31.896 33.113
1468.982 90.00 58.1000 100.0 31.903 33.099
1469.080 90.00 58.0800 100.0 31.915 33.127
1469.180 90.00 58.0700 100.0 31.924 33.129
1469.280 90.00 58.0700 100.0 31.931 33.113
1469.379 90.00 58.0500 100.0 31.946 33.159
1469.480 90.00 58.0500 100.0 31.945 33.096
1469.578 90.00 58.0400 100.0 31.959 33.133
1469.678 90.00 58.0300 100.0 31.972 33.168
1469.778 90.00 58.0300 100.0 31.971 33.100
1469.877 90.00 58.0100 100.0 31.990 33.178
1469.977 90.00 57.9900 100.0 32.004 33.216
1470.076 90.00 57.9900 100.0 32.008 33.182
1470.177 90.00 57.9800 100.0 32.015 33.176
1470.276 90.00 57.9700 100.0 32.033 33.241
1470.375 90.00 57.9600 100.0 32.039 33.223
1470.476 90.00 57.9500 100.0 32.053 33.258
1470.573 90.00 57.9500 100.0 32.053 33.199
1470.675 90.00 57.9200 100.0 32.074 33.294
1470.774 90.00 57.9100 100.0 32.085 33.307
1470.872 90.00 57.9100 100.0 32.093 33.299
1470.974 90.00 57.9000 100.0 32.101 33.297
1471.072 90.00 57.8900 100.0 32.110 33.298
1471.172 90.00 57.8700 100.0 32.124 33.341
1471.273 90.00 57.8600 100.0 32.138 33.376
1471.370 90.00 57.8500 100.0 32.150 33.402
1471.472 90.00 57.8400 100.0 32.155 33.371
1471.570 90.00 57.8400 100.0 32.161 33.351
1471.670 90.00 57.8200 100.0 32.178 33.415
1471.771 90.00 57.8100 100.0 32.184 33.391
1471.868 90.00 57.8000 100.0 32.196 33.412
1471.970 90.00 57.7900 100.0 32.212 33.468
1472.069 90.00 57.7800 100.0 32.217 33.441
1472.167 90.00 57.7700 100.0 32.229 33.460
1472.269 90.00 57.7600 100.0 32.241 33.485
1472.366 90.00 57.7500 100.0 32.247 33.461
1472.468 90.00 57.7500 100.0 32.253 33.446
1472.567 90.00 57.7300 100.0 32.272 33.516
1472.665 90.00 57.7100 100.0 32.285 33.547
1472.767 90.00 57.7100 100.0 32.286 33.494
1472.864 90.00 57.7000 100.0 32.303 33.551
1472.966 90.00 57.6900 100.0 32.308 33.525
1473.065 90.00 57.6800 100.0 32.321 33.554
1473.163 90.00 57.6700 100.0 32.332 33.567
1473.265 90.00 57.6600 100.0 32.337 33.539
1473.364 90.00 57.6500 100.0 32.346 33.544
1473.463 90.00 57.6400 100.0 32.356 33.553
1473.564 90.00 57.6300 100.0 32.370 33.593
1473.661 90.00 57.6100 100.0 32.385 33.633
1473.763 90.00 57.6100 100.0 32.384 33.567
1473.862 90.00 57.6000 100.0 32.394 33.581
1473.960 90.00 57.5900 100.0 32.408 33.614
1474.062 90.00 57.5900 100.0 32.413 33.593
1474.159 90.00 57.5700 100.0 32.429 33.647
1474.261 90.00 57.5600 100.0 32.440 33.663
1474.359 90.00 57.5500 100.0 32.448 33.655
1474.459 90.00 57.5400 100.0 32.461 33.683
1474.560 90.00 57.5300 100.0 32.468 33.672
1474.657 90.00 57.5300 100.0 32.471 33.633
1474.759 90.00 57.5100 100.0 32.487 33.691
1474.857 90.00 57.5000 100.0 32.495 33.681
1474.957 90.00 57.4900 100.0 32.505 33.696
1475.058 90.00 57.4900 100.0 32.513 33.690
1475.155 90.00 57.4700 100.0 32.525 33.714
1475.256 90.00 57.4700 100.0 32.533 33.711
1475.355 90.00 57.4600 100.0 32.540 33.705
1475.455 90.00 57.4400 100.0 32.556 33.756
1475.556 90.00 57.4300 100.0 32.571 33.803
1475.654 90.00 57.4200 100.0 32.582 33.816
1475.754 90.00 57.4100 100.0 32.593 33.832
1475.855 90.00 57.4000 100.0 32.601 33.824
1475.952 90.00 57.3900 100.0 32.611 33.836
1476.054 90.00 57.3800 100.0 32.618 33.824
1476.152 90.00 57.3600 100.0 32.634 33.875
1476.252 90.00 57.3600 100.0 32.641 33.863
1476.352 90.00 57.3400 100.0 32.657 33.909
1476.451 90.00 57.3400 100.0 32.657 33.849
1476.552 90.00 57.3300 100.0 32.666 33.852
1476.651 90.00 57.3000 100.0 32.694 33.993
1476.750 90.00 57.2900 100.0 32.707 34.013
1476.850 90.00 57.2900 100.0 32.706 33.945
1476.949 90.00 57.2900 100.0 32.711 33.916
1477.050 90.00 57.2700 100.0 32.732 34.003
1477.148 90.00 57.2600 100.0 32.742 34.011
1477.248 90.00 57.2600 100.0 32.743 33.953
1477.348 90.00 57.2500 100.0 32.751 33.952
1477.447 90.00 57.2200 100.0 32.775 34.058
1477.548 90.00 57.2300 100.0 32.772 33.974
1477.646 90.00 57.2200 100.0 32.784 33.993
1477.746 90.00 57.2000 100.0 32.797 34.024
1477.846 90.00 57.1900 100.0 32.813 34.075
1477.946 90.00 57.1800 100.0 32.817 34.039
1478.045 90.00 57.1700 100.0 32.831 34.076
1478.146 90.00 57.1700 100.0 32.834 34.036
1478.243 90.00 57.1500 100.0 32.851 34.096
1478.345 90.00 57.1400 100.0 32.863 34.116
1478.443 90.00 57.1300 100.0 32.871 34.112
1478.543 90.00 57.1200 100.0 32.876 34.084
1478.644 90.00 57.1200 100.0 32.883 34.074
1478.741 90.00 57.0900 100.0 32.907 34.183
1478.843 90.00 57.1000 100.0 32.904 34.094
1478.942 90.00 57.0800 100.0 32.914 34.107
1479.041 90.00 57.0700 100.0 32.932 34.171
1479.142 90.00 57.0600 100.0 32.939 34.159
1479.239 90.00 57.0600 100.0 32.942 34.124
1479.341 90.00 57.0400 100.0 32.957 34.165
1479.439 90.00 57.0400 100.0 32.958 34.113
1479.539 90.00 57.0200 100.0 32.979 34.202
1479.640 90.00 57.0100 100.0 32.986 34.193
1479.738 90.00 57.0100 100.0 32.989 34.152
1479.838 90.00 56.9900 100.0 33.004 34.199
1479.939 90.00 56.9800 100.0 33.015 34.217
1480.036 90.00 56.9800 100.0 33.019 34.183
1480.138 90.00 56.9700 100.0 33.028 34.186
1480.236 90.00 56.9500 100.0 33.046 34.259
1480.336 90.00 56.9500 100.0 33.051 34.227
1480.437 90.00 56.9400 100.0 33.060 34.235
1480.534 90.00 56.9300 100.0 33.066 34.215
1480.636 90.00 56.9200 100.0 33.082 34.274
1480.734 90.00 56.9100 100.0 33.085 34.232
1480.834 90.00 56.8900 100.0 33.107 34.332
1480.935 90.00 56.8900 100.0 33.109 34.286
1481.032 90.00 56.8800 100.0 33.120 34.304
1481.134 90.00 56.8700 100.0 33.128 34.295
1481.232 90.00 56.8500 100.0 33.147 34.370
1481.332 90.00 56.8500 100.0 33.148 34.320
1481.433 90.00 56.8400 100.0 33.159 34.339
1481.530 90.00 56.8300 100.0 33.170 34.357
1481.632 90.00 56.8200 100.0 33.180 34.365
1481.732 90.00 56.8000 100.0 33.197 34.424
1481.829 90.00 56.8000 100.0 33.195 34.353
1481.931 90.00 56.7900 100.0 33.211 34.404
1482.030 90.00 56.7700 100.0 33.229 34.470
1482.129 90.00 56.7600 100.0 33.234 34.446
1482.229 90.00 56.7600 100.0 33.241 34.435
1482.328 90.00 56.7400 100.0 33.261 34.512
1482.428 90.00 56.7200 100.0 33.274 34.542
1482.528 90.00 56.7200 100.0 33.282 34.536
1482.627 90.00 56.7100 100.0 33.288 34.514
1482.727 90.00 56.7000 100.0 33.298 34.520
1482.826 90.00 56.6900 100.0 33.312 34.557
1482.926 90.00 56.6800 100.0 33.318 34.538
1483.026 90.00 56.6700 100.0 33.330 34.563
1483.125 90.00 56.6700 100.0 33.328 34.482
1483.225 90.00 56.6600 100.0 33.343 34.529
1483.324 90.00 56.6400 100.0 33.357 34.572
1483.425 90.00 56.6400 100.0 33.363 34.549
1483.524 90.00 56.6300 100.0 33.373 34.565
1483.623 90.00 56.6200 100.0 33.379 34.543
1483.723 90.00 56.6100 100.0 33.393 34.586
1483.822 90.00 56.6000 100.0 33.402 34.586
1483.922 90.00 56.5800 100.0 33.420 34.658
1484.021 90.00 56.5700 100.0 33.425 34.627
1484.121 90.00 56.5600 100.0 33.439 34.669
1484.221 90.00 56.5500 100.0 33.445 34.647
1484.321 90.00 56.5400 100.0 33.454 34.650
1484.420 90.00 56.5400 100.0 33.462 34.643
1484.520 90.00 56.5300 100.0 33.469 34.636
1484.619 90.00 56.5100 100.0 33.485 34.692
1484.720 90.00 56.5100 100.0 33.490 34.661
1484.818 90.00 56.5000 100.0 33.499 34.667
1484.918 90.00 56.4800 100.0 33.517 34.739
1485.018 90.00 56.4800 100.0 33.519 34.690
1485.117 90.00 56.4600 100.0 33.540 34.776
1485.218 90.00 56.4600 100.0 33.538 34.701
1485.316 90.00 56.4400 100.0 33.556 34.767
1485.416 90.00 56.4400 100.0 33.561 34.743
1485.516 90.00 56.4300 100.0 33.569 34.743
1485.615 90.00 56.4200 100.0 33.579 34.754
1485.716 90.00 56.4000 100.0 33.594 34.802
1485.814 90.00 56.3900 100.0 33.604 34.807
1485.914 90.00 56.3800 100.0 33.616 34.834
1486.015 90.00 56.3700 100.0 33.624 34.827
1486.114 90.00 56.3600 100.0 33.638 34.868
1486.214 90.00 56.3600 100.0 33.643 34.841
1486.314 90.00 56.3400 100.0 33.657 34.880
1486.411 90.00 56.3400 100.0 33.657 34.812
1486.513 90.00 56.3200 100.0 33.674 34.880
1486.612 90.00 56.3100 100.0 33.687 34.906
1486.710 90.00 56.3100 100.0 33.690 34.869
1486.812 90.00 56.2900 100.0 33.705 34.916
1486.910 90.00 56.2900 100.0 33.709 34.883
1487.010 90.00 56.2800 100.0 33.718 34.883
1487.110 90.00 56.2700 100.0 33.728 34.899
1487.209 90.00 56.2500 100.0 33.746 34.967
1487.309 90.00 56.2400 100.0 33.756 34.971
1487.408 90.00 56.2300 100.0 33.766 34.985
1487.508 90.00 56.2300 100.0 33.769 34.946
1487.608 90.00 56.2200 100.0 33.779 34.956
1487.707 90.00 56.2000 100.0 33.797 35.023
1487.807 90.00 56.1900 100.0 33.807 35.033
1487.906 90.00 56.1800 100.0 33.815 35.025
1488.006 90.00 56.1700 100.0 33.825 35.034
1488.107 90.00 56.1600 100.0 33.841 35.086
1488.205 90.00 56.1500 100.0 33.853 35.108
1488.305 90.00 56.1500 100.0 33.847 35.006
1488.405 90.00 56.1400 100.0 33.862 35.047
1488.504 90.00 56.1200 100.0 33.878 35.104
1488.605 90.00 56.1100 100.0 33.889 35.121
1488.703 90.00 56.1100 100.0 33.893 35.087
1488.803 90.00 56.1000 100.0 33.899 35.065
1488.903 90.00 56.0800 100.0 33.920 35.154
1489.002 90.00 56.0800 100.0 33.916 35.064
1489.102 90.00 56.0600 100.0 33.936 35.151
1489.201 90.00 56.0500 100.0 33.947 35.163
1489.301 90.00 56.0500 100.0 33.951 35.134
1489.401 90.00 56.0400 100.0 33.960 35.134
1489.500 90.00 56.0300 100.0 33.972 35.161
1489.600 90.00 56.0200 100.0 33.983 35.180
1489.699 90.00 56.0000 100.0 33.994 35.196
1489.800 90.00 56.0000 100.0 33.997 35.160
1489.898 90.00 55.9800 100.0 34.016 35.229
1489.998 90.00 55.9700 100.0 34.026 35.241
1490.099 90.00 55.9700 100.0 34.029 35.199
1490.197 90.00 55.9600 100.0 34.037 35.198
1490.297 90.00 55.9400 100.0 34.055 35.266
1490.398 90.00 55.9400 100.0 34.060 35.240
1490.495 90.00 55.9300 100.0 34.070 35.251
1490.597 90.00 55.9200 100.0 34.081 35.272
1490.696 90.00 55.9200 100.0 34.082 35.218
1490.794 90.00 55.9100 100.0 34.090 35.214
1490.896 90.00 55.8900 100.0 34.104 35.260
1490.994 90.00 55.8900 100.0 34.111 35.247
1491.094 90.00 55.8700 100.0 34.126 35.297
1491.194 90.00 55.8700 100.0 34.129 35.261
1491.293 90.00 55.8500 100.0 34.149 35.345
1491.394 90.00 55.8400 100.0 34.159 35.354
1491.492 90.00 55.8300 100.0 34.165 35.337
1491.592 90.00 55.8300 100.0 34.170 35.314
1491.692 90.00 55.8200 100.0 34.184 35.351
1491.791 90.00 55.8100 100.0 34.190 35.338
1491.891 90.00 55.7900 100.0 34.207 35.397
1491.990 90.00 55.7900 100.0 34.210 35.357
1492.091 90.00 55.7700 100.0 34.228 35.426
1492.189 90.00 55.7600 100.0 34.234 35.414
1492.289 90.00 55.7600 100.0 34.243 35.416
1492.389 90.00 55.7400 100.0 34.256 35.444
1492.489 90.00 55.7400 100.0 34.262 35.428
1492.588 90.00 55.7300 100.0 34.273 35.450
1492.689 90.00 55.7200 100.0 34.281 35.442
1492.787 90.00 55.7000 100.0 34.296 35.494
1492.887 90.00 55.7000 100.0 34.299 35.451
1492.987 90.00 55.6900 100.0 34.310 35.473
1493.086 90.00 55.6700 100.0 34.329 35.547
1493.186 90.00 55.6700 100.0 34.332 35.510
1493.285 90.00 55.6500 100.0 34.344 35.533
1493.385 90.00 55.6500 100.0 34.348 35.499
1493.485 90.00 55.6400 100.0 34.360 35.531
1493.584 90.00 55.6300 100.0 34.371 35.549
1493.684 90.00 55.6100 100.0 34.386 35.593
1493.783 90.00 55.6100 100.0 34.392 35.571
1493.884 90.00 55.5900 100.0 34.411 35.649
1493.983 90.00 55.5800 100.0 34.421 35.656
1494.081 90.00 55.5700 100.0 34.426 35.630
1494.183 90.00 55.5600 100.0 34.438 35.652
1494.281 90.00 55.5600 100.0 34.442 35.622
1494.382 90.00 55.5400 100.0 34.454 35.646
1494.482 90.00 55.5300 100.0 34.470 35.696
1494.579 90.00 55.5300 100.0 34.473 35.661
1494.681 90.00 55.5100 100.0 34.489 35.711
1494.779 90.00 55.5000 100.0 34.496 35.698
1494.879 90.00 55.5000 100.0 34.503 35.687
1494.980 90.00 55.4800 100.0 34.514 35.707
1495.077 90.00 55.4800 100.0 34.522 35.700
1495.179 90.00 55.4700 100.0 34.529 35.689
1495.278 90.00 55.4600 100.0 34.539 35.701
1495.376 90.00 55.4500 100.0 34.552 35.733
1495.478 90.00 55.4400 100.0 34.561 35.740
1495.576 90.00 55.4300 100.0 34.569 35.737
1495.677 90.00 55.4200 100.0 34.579 35.746
1495.776 90.00 55.4100 100.0 34.592 35.781
1495.874 90.00 55.3900 100.0 34.609 35.840
1495.976 90.00 55.3800 100.0 34.622 35.868
1496.074 90.00 55.3700 100.0 34.624 35.821
1496.174 90.00 55.3600 100.0 34.638 35.864
1496.274 90.00 55.3600 100.0 34.643 35.833
1496.372 90.00 55.3400 100.0 34.654 35.852
1496.474 90.00 55.3400 100.0 34.660 35.837
1496.572 90.00 55.3300 100.0 34.669 35.841
1496.672 90.00 55.3200 100.0 34.683 35.875
1496.773 90.00 55.3000 100.0 34.696 35.910
1496.870 90.00 55.2900 100.0 34.710 35.948
1496.972 90.00 55.2800 100.0 34.715 35.918
1497.071 90.00 55.2800 100.0 34.719 35.887
1497.169 90.00 55.2600 100.0 34.737 35.952
1497.271 90.00 55.2600 100.0 34.740 35.912
1497.368 90.00 55.2500 100.0 34.752 35.941
1497.470 90.00 55.2300 100.0 34.767 35.985
1497.569 90.00 55.2300 100.0 34.772 35.960
1497.667 90.00 55.2100 100.0 34.788 36.010
1497.769 90.00 55.2100 100.0 34.788 35.952
1497.867 90.00 55.2000 100.0 34.799 35.967
1497.968 90.00 55.1900 100.0 34.807 35.968
1498.066 90.00 55.1700 100.0 34.826 36.045
1498.166 90.00 55.1700 100.0 34.831 36.016
1498.267 90.00 55.1500 100.0 34.851 36.094
1498.365 90.00 55.1400 100.0 34.858 36.087
1498.466 90.00 55.1400 100.0 34.855 35.999
1498.564 90.00 55.1200 100.0 34.874 36.077
1498.664 90.00 55.1000 100.0 34.894 36.160
1498.764 90.00 55.1000 100.0 34.899 36.129
1498.864 90.00 55.0900 100.0 34.909 36.135
1498.963 90.00 55.0700 100.0 34.927 36.205
1499.063 90.00 55.0700 100.0 34.925 36.127
1499.162 90.00 55.0600 100.0 34.940 36.169
1499.263 90.00 55.0400 100.0 34.957 36.229
1499.361 90.00 55.0300 100.0 34.968 36.243
1499.461 90.00 55.0200 100.0 34.974 36.221
1499.561 90.00 55.0100 100.0 34.987 36.250
1499.660 90.00 55.0000 100.0 34.994 36.233
1499.761 90.00 55.0000 100.0 34.998 36.202
1499.859 90.00 54.9900 100.0 35.007 36.203
1499.959 90.00 54.9700 100.0 35.026 36.276
1500.059 90.00 54.9700 100.0 35.030 36.238
1500.158 90.00 54.9600 100.0 35.041 36.256
1500.259 90.00 54.9400 100.0 35.054 36.286
1500.357 90.00 54.9400 100.0 35.060 36.269
1500.457 90.00 54.9300 100.0 35.072 36.288
1500.557 90.00 54.9200 100.0 35.081 36.296
1500.656 90.00 54.9000 100.0 35.097 36.342
1500.756 90.00 54.9000 100.0 35.098 36.288
1500.855 90.00 54.8800 100.0 35.117 36.366
1500.955 90.00 54.8700 100.0 35.132 36.408
1501.056 90.00 54.8600 100.0 35.136 36.367
1501.154 90.00 54.8500 100.0 35.145 36.370
1501.254 90.00 54.8400 100.0 35.163 36.433
1501.354 90.00 54.8200 100.0 35.183 36.513
1501.453 90.00 54.8200 100.0 35.183 36.447
1501.554 90.00 54.8000 100.0 35.195 36.468
1501.652 90.00 54.7900 100.0 35.208 36.493
1501.752 90.00 54.7700 100.0 35.227 36.565
1501.852 90.00 54.7700 100.0 35.230 36.517
1501.951 90.00 54.7500 100.0 35.251 36.603
1502.052 90.00 54.7400 100.0 35.257 36.576
1502.151 90.00 54.7300 100.0 35.273 36.617
1502.249 90.00 54.7200 100.0 35.280 36.605
1502.351 90.00 54.7100 100.0 35.292 36.618
1502.448 90.00 54.7000 100.0 35.296 36.579
1502.550 90.00 54.6900 100.0 35.313 36.637
1502.649 90.00 54.6800 100.0 35.316 36.589
1502.747 90.00 54.6700 100.0 35.325 36.592
1502.849 90.00 54.6500 100.0 35.345 36.667
1502.947 90.00 54.6500 100.0 35.353 36.660
1503.048 90.00 54.6400 100.0 35.362 36.652
1503.148 90.00 54.6300 100.0 35.372 36.657
1503.245 90.00 54.6200 100.0 35.380 36.650
1503.347 90.00 54.6100 100.0 35.384 36.619
1503.446 90.00 54.6100 100.0 35.392 36.611
1503.544 90.00 54.5900 100.0 35.407 36.658
1503.646 90.00 54.5800 100.0 35.422 36.700
1503.743 90.00 54.5700 100.0 35.429 36.681
1503.845 90.00 54.5600 100.0 35.440 36.697
1503.944 90.00 54.5500 100.0 35.444 36.664
1504.042 90.00 54.5400 100.0 35.456 36.684
1504.144 90.00 54.5200 100.0 35.475 36.754
1504.241 90.00 54.5200 100.0 35.478 36.713
1504.343 90.00 54.5100 100.0 35.492 36.751
1504.442 90.00 54.4900 100.0 35.505 36.779
1504.541 90.00 54.4900 100.0 35.510 36.753
1504.642 90.00 54.4800 100.0 35.518 36.743
1504.739 90.00 54.4600 100.0 35.537 36.812
1504.841 90.00 54.4500 100.0 35.545 36.811
1504.940 90.00 54.4500 100.0 35.553 36.802
1505.038 90.00 54.4400 100.0 35.559 36.780
1505.140 90.00 54.4200 100.0 35.579 36.859
1505.238 90.00 54.4200 100.0 35.582 36.814
1505.338 90.00 54.4000 100.0 35.601 36.889
1505.439 90.00 54.4000 100.0 35.601 36.822
1505.536 90.00 54.3900 100.0 35.609 36.816
1505.638 90.00 54.3700 100.0 35.626 36.878
1505.736 90.00 54.3700 100.0 35.626 36.810
1505.836 90.00 54.3600 100.0 35.643 36.873
1505.937 90.00 54.3500 100.0 35.650 36.858
1506.035 90.00 54.3500 100.0 35.653 36.824
1506.135 90.00 54.3300 100.0 35.665 36.850
1506.235 90.00 54.3200 100.0 35.678 36.876
1506.334 90.00 54.3000 100.0 35.696 36.943
1506.434 90.00 54.2900 100.0 35.704 36.938
1506.533 90.00 54.2800 100.0 35.715 36.955
1506.634 90.00 54.2900 100.0 35.713 36.878
1506.732 90.00 54.2800 100.0 35.722 36.884
1506.832 90.00 54.2600 100.0 35.734 36.909
1506.932 90.00 54.2600 100.0 35.744 36.917
1507.031 90.00 54.2500 100.0 35.751 36.908
1507.132 90.00 54.2300 100.0 35.770 36.983
1507.230 90.00 54.2200 100.0 35.774 36.952
1507.330 90.00 54.2000 100.0 35.794 37.032
1507.430 90.00 54.2100 100.0 35.790 36.945
1507.529 90.00 54.1900 100.0 35.811 37.035
1507.629 90.00 54.1800 100.0 35.817 37.012
1507.729 90.00 54.1700 100.0 35.829 37.038
1507.828 90.00 54.1600 100.0 35.840 37.054
1507.928 90.00 54.1500 100.0 35.848 37.052
1508.028 90.00 54.1500 100.0 35.850 37.005
1508.127 90.00 54.1300 100.0 35.869 37.077
1508.227 90.00 54.1300 100.0 35.869 37.016
1508.326 90.00 54.1100 100.0 35.884 37.067
1508.427 90.00 54.1000 100.0 35.897 37.097
1508.526 90.00 54.0900 100.0 35.905 37.096
1508.625 90.00 54.0800 100.0 35.916 37.113
1508.725 90.00 54.0800 100.0 35.922 37.094
1508.824 90.00 54.0700 100.0 35.926 37.065
1508.925 90.00 54.0600 100.0 35.944 37.129
1509.023 90.00 54.0500 100.0 35.945 37.079
1509.123 90.00 54.0400 100.0 35.958 37.113
1509.223 90.00 54.0300 100.0 35.972 37.155
1509.322 90.00 54.0200 100.0 35.974 37.110
1509.422 90.00 54.0100 100.0 35.985 37.132
1509.521 90.00 54.0000 100.0 35.995 37.142
1509.621 90.00 53.9900 100.0 36.007 37.169
1509.721 90.00 53.9900 100.0 36.012 37.149
1509.821 90.00 53.9700 100.0 36.030 37.217
1509.920 90.00 53.9600 100.0 36.042 37.238
1510.021 90.00 53.9500 100.0 36.052 37.253
1510.118 90.00 53.9400 100.0 36.056 37.220
1510.220 90.00 53.9300 100.0 36.065 37.224
1510.319 90.00 53.9200 100.0 36.084 37.294
1510.417 90.00 53.9100 100.0 36.088 37.263
1510.519 90.00 53.9000 100.0 36.096 37.262
1510.616 90.00 53.8900 100.0 36.104 37.258
1510.718 90.00 53.8800 100.0 36.121 37.320
1510.817 90.00 53.8700 100.0 36.130 37.327
1510.915 90.00 53.8600 100.0 36.143 37.353
1511.017 90.00 53.8500 100.0 36.149 37.333
1511.114 90.00 53.8400 100.0 36.159 37.351
1511.215 90.00 53.8400 100.0 36.162 37.311
1511.315 90.00 53.8300 100.0 36.173 37.329
1511.413 90.00 53.8200 100.0 36.180 37.323
1511.515 90.00 53.8000 100.0 36.195 37.368
1511.614 90.00 53.7900 100.0 36.210 37.415
1511.713 90.00 53.7800 100.0 36.215 37.386
1511.814 90.00 53.7800 100.0 36.219 37.358
1511.911 90.00 53.7700 100.0 36.228 37.367
1512.013 90.00 53.7600 100.0 36.234 37.350
1512.112 90.00 53.7500 100.0 36.252 37.420
1512.210 90.00 53.7400 100.0 36.261 37.425
1512.312 90.00 53.7400 100.0 36.261 37.369
1512.409 90.00 53.7300 100.0 36.269 37.370
1512.511 90.00 53.7100 100.0 36.287 37.438
1512.610 90.00 53.7100 100.0 36.289 37.391
1512.708 90.00 53.6900 100.0 36.307 37.464
1512.810 90.00 53.6900 100.0 36.308 37.416
1512.907 90.00 53.6900 100.0 36.313 37.394
1513.009 90.00 53.6700 100.0 36.328 37.444
1513.108 90.00 53.6600 100.0 36.342 37.486
1513.206 90.00 53.6600 100.0 36.343 37.439
1513.308 90.00 53.6400 100.0 36.356 37.469
1513.406 90.00 53.6300 100.0 36.366 37.486
1513.506 90.00 53.6300 100.0 36.371 37.468
1513.607 90.00 53.6200 100.0 36.383 37.498
1513.704 90.00 53.6100 100.0 36.391 37.498
1513.806 90.00 53.5900 100.0 36.406 37.543
1513.905 90.00 53.5900 100.0 36.411 37.521
1514.004 90.00 53.5700 100.0 36.427 37.579
1514.104 90.00 53.5700 100.0 36.427 37.522
1514.203 90.00 53.5700 100.0 36.433 37.512
1514.303 90.00 53.5500 100.0 36.444 37.533
1514.403 90.00 53.5400 100.0 36.455 37.556
1514.502 90.00 53.5300 100.0 36.470 37.604
1514.602 90.00 53.5200 100.0 36.474 37.579
1514.701 90.00 53.5100 100.0 36.484 37.591
1514.802 90.00 53.5000 100.0 36.499 37.643
1514.900 90.00 53.4900 100.0 36.504 37.620
1515.000 90.00 53.4900 100.0 36.512 37.620
1515.100 90.00 53.4800 100.0 36.524 37.645
1515.199 90.00 53.4700 100.0 36.528 37.616
1515.300 90.00 53.4600 100.0 36.536 37.620
1515.398 90.00 53.4600 100.0 36.542 37.610
1515.498 90.00 53.4400 100.0 36.563 37.703
1515.599 90.00 53.4300 100.0 36.571 37.702
1515.697 90.00 53.4200 100.0 36.579 37.703
1515.798 90.00 53.4200 100.0 36.579 37.647
1515.896 90.00 53.4000 100.0 36.595 37.706
1515.996 90.00 53.3900 100.0 36.610 37.755
1516.097 90.00 53.3900 100.0 36.610 37.697
1516.195 90.00 53.3700 100.0 36.624 37.741
1516.295 90.00 53.3600 100.0 36.638 37.782
1516.395 90.00 53.3500 100.0 36.649 37.799
1516.494 90.00 53.3400 100.0 36.657 37.803
1516.595 90.00 53.3300 100.0 36.670 37.837
1516.693 90.00 53.3200 100.0 36.678 37.831
1516.793 90.00 53.3100 100.0 36.688 37.846
1516.893 90.00 53.3100 100.0 36.692 37.811
1516.992 90.00 53.2900 100.0 36.706 37.856
1517.093 90.00 53.2900 100.0 36.712 37.839
1517.191 90.00 53.2800 100.0 36.718 37.822
1517.291 90.00 53.2700 100.0 36.727 37.831
1517.392 90.00 53.2600 100.0 36.739 37.861
1517.490 90.00 53.2500 100.0 36.745 37.850
1517.591 90.00 53.2500 100.0 36.753 37.851
1517.689 90.00 53.2300 100.0 36.765 37.878
1517.789 90.00 53.2200 100.0 36.778 37.914
1517.891 90.00 53.2200 100.0 36.782 37.883
1517.989 90.00 53.2100 100.0 36.787 37.861
1518.088 90.00 53.1900 100.0 36.804 37.933
1518.189 90.00 53.1900 100.0 36.814 37.941
1518.287 90.00 53.1800 100.0 36.816 37.899
1518.387 90.00 53.1700 100.0 36.830 37.942
1518.487 90.00 53.1700 100.0 36.834 37.915
1518.585 90.00 53.1500 100.0 36.847 37.955
1518.687 90.00 53.1400 100.0 36.858 37.978
1518.785 90.00 53.1300 100.0 36.868 37.992
1518.885 90.00 53.1300 100.0 36.869 37.942
1518.985 90.00 53.1200 100.0 36.882 37.981
1519.084 90.00 53.1100 100.0 36.887 37.958
1519.184 90.00 53.1000 100.0 36.896 37.966
1519.283 90.00 53.1000 100.0 36.902 37.959
1519.383 90.00 53.0800 100.0 36.921 38.034
1519.483 90.00 53.0800 100.0 36.922 37.990
1519.582 90.00 53.0600 100.0 36.936 38.031
1519.682 90.00 53.0600 100.0 36.943 38.027
1519.781 90.00 53.0500 100.0 36.948 38.007
1519.881 90.00 53.0300 100.0 36.964 38.069
1519.982 90.00 53.0300 100.0 36.972 38.070
1520.080 90.00 53.0200 100.0 36.982 38.082
1520.180 90.00 53.0100 100.0 36.989 38.078
1520.280 90.00 53.0000 100.0 37.001 38.102
1520.379 90.00 53.0000 100.0 37.002 38.059
1520.479 90.00 52.9900 100.0 37.011 38.067
1520.578 90.00 52.9700 100.0 37.028 38.134
1520.678 90.00 52.9600 100.0 37.035 38.125
1520.778 90.00 52.9600 100.0 37.041 38.117
1520.877 90.00 52.9500 100.0 37.050 38.126
1520.977 90.00 52.9400 100.0 37.060 38.142
1521.076 90.00 52.9300 100.0 37.068 38.140
1521.177 90.00 52.9200 100.0 37.080 38.172
1521.275 90.00 52.9100 100.0 37.085 38.154
1521.375 90.00 52.9100 100.0 37.092 38.149
1521.475 90.00 52.9000 100.0 37.099 38.146
1521.574 90.00 52.8900 100.0 37.112 38.182
1521.675 90.00 52.8800 100.0 37.118 38.169
1521.773 90.00 52.8600 100.0 37.136 38.242
1521.873 90.00 52.8600 100.0 37.138 38.204
1521.974 90.00 52.8500 100.0 37.147 38.212
1522.072 90.00 52.8400 100.0 37.156 38.224
1522.172 90.00 52.8300 100.0 37.170 38.265
1522.273 90.00 52.8200 100.0 37.183 38.304
1522.370 90.00 52.8100 100.0 37.190 38.300
1522.472 90.00 52.8000 100.0 37.194 38.272
1522.570 90.00 52.7900 100.0 37.204 38.285
1522.670 90.00 52.7800 100.0 37.217 38.320
1522.771 90.00 52.7700 100.0 37.230 38.359
1522.868 90.00 52.7600 100.0 37.239 38.362
1522.970 90.00 52.7600 100.0 37.241 38.325
1523.069 90.00 52.7400 100.0 37.254 38.361
1523.167 90.00 52.7400 100.0 37.262 38.360
1523.269 90.00 52.7300 100.0 37.268 38.346
1523.366 90.00 52.7200 100.0 37.284 38.404
1523.468 90.00 52.7100 100.0 37.292 38.405
1523.566 90.00 52.7000 100.0 37.294 38.367
1523.666 90.00 52.6900 100.0 37.306 38.397
1523.766 90.00 52.6800 100.0 37.317 38.419
1523.865 90.00 52.6800 100.0 37.324 38.408
1523.966 90.00 52.6700 100.0 37.332 38.412
1524.064 90.00 52.6600 100.0 37.341 38.420
1524.164 90.00 52.6500 100.0 37.353 38.449
1524.265 90.00 52.6300 100.0 37.370 38.513
1524.363 90.00 52.6200 100.0 37.377 38.504
1524.463 90.00 52.6200 100.0 37.377 38.449
1524.563 90.00 52.6100 100.0 37.391 38.498
1524.662 90.00 52.6000 100.0 37.394 38.463
1524.763 90.00 52.6000 100.0 37.404 38.475
1524.861 90.00 52.5800 100.0 37.417 38.512
1524.961 90.00 52.5800 100.0 37.419 38.471
1525.061 90.00 52.5700 100.0 37.426 38.470
1525.160 90.00 52.5500 100.0 37.445 38.549
1525.261 90.00 52.5500 100.0 37.452 38.546
1525.359 90.00 52.5500 100.0 37.450 38.478
1525.459 90.00 52.5400 100.0 37.460 38.492
1525.559 90.00 52.5300 100.0 37.473 38.533
1525.658 90.00 52.5100 100.0 37.485 38.569
1525.759 90.00 52.5000 100.0 37.497 38.594
1525.858 90.00 52.5000 100.0 37.498 38.545
1525.956 90.00 52.5000 100.0 37.501 38.518
1526.058 90.00 52.4900 100.0 37.512 38.542
1526.156 90.00 52.4800 100.0 37.521 38.552
1526.256 90.00 52.4700 100.0 37.527 38.547
1526.357 90.00 52.4600 100.0 37.541 38.590
1526.455 90.00 52.4600 100.0 37.544 38.557
1526.556 90.00 52.4500 100.0 37.549 38.542
1526.655 90.00 52.4400 100.0 37.561 38.582
1526.754 90.00 52.4200 100.0 37.577 38.637
1526.855 90.00 52.4200 100.0 37.580 38.608
1526.952 90.00 52.4100 100.0 37.588 38.613
1527.054 90.00 52.4000 100.0 37.600 38.644
1527.153 90.00 52.4000 100.0 37.602 38.605
1527.251 90.00 52.3900 100.0 37.613 38.631
1527.353 90.00 52.3700 100.0 37.628 38.691
1527.450 90.00 52.3700 100.0 37.631 38.653
1527.552 90.00 52.3600 100.0 37.639 38.659
1527.651 90.00 52.3500 100.0 37.653 38.707
1527.749 90.00 52.3400 100.0 37.661 38.711
1527.851 90.00 52.3300 100.0 37.664 38.679
1527.948 90.00 52.3200 100.0 37.679 38.735
1528.050 90.00 52.3200 100.0 37.683 38.710
1528.149 90.00 52.3100 100.0 37.692 38.724
1528.247 90.00 52.3100 100.0 37.693 38.679
1528.349 90.00 52.2900 100.0 37.710 38.746
1528.447 90.00 52.2800 100.0 37.715 38.732
1528.548 90.00 52.2700 100.0 37.727 38.759
1528.648 90.00 52.2700 100.0 37.732 38.744
1528.745 90.00 52.2500 100.0 37.744 38.780
1528.847 90.00 52.2500 100.0 37.749 38.764
1528.946 90.00 52.2300 100.0 37.767 38.834
1529.044 90.00 52.2200 100.0 37.775 38.837
1529.146 90.00 52.2200 100.0 37.780 38.822
1529.243 90.00 52.2100 100.0 37.789 38.836
1529.345 90.00 52.2000 100.0 37.803 38.878
1529.444 90.00 52.1900 100.0 37.804 38.835
1529.542 90.00 52.1800 100.0 37.822 38.908
1529.644 90.00 52.1700 100.0 37.830 38.910
1529.741 90.00 52.1600 100.0 37.841 38.928
1529.843 90.00 52.1600 100.0 37.843 38.892
1529.941 90.00 52.1500 100.0 37.852 38.898
1530.041 90.00 52.1300 100.0 37.867 38.954
1530.141 90.00 52.1300 100.0 37.865 38.889
1530.240 90.00 52.1200 100.0 37.882 38.950
1530.341 90.00 52.1100 100.0 37.887 38.933
1530.439 90.00 52.1000 100.0 37.898 38.961
1530.539 90.00 52.0900 100.0 37.905 38.954
1530.640 90.00 52.0800 100.0 37.916 38.978
1530.738 90.00 52.0700 100.0 37.925 38.990
1530.838 90.00 52.0700 100.0 37.924 38.932
1530.938 90.00 52.0600 100.0 37.939 38.983
1531.037 90.00 52.0500 100.0 37.949 38.998
1531.138 90.00 52.0500 100.0 37.950 38.955
1531.236 90.00 52.0300 100.0 37.964 39.006
1531.336 90.00 52.0200 100.0 37.975 39.029
1531.437 90.00 52.0200 100.0 37.977 38.989
1531.535 90.00 52.0100 100.0 37.992 39.048
1531.636 90.00 52.0100 100.0 37.990 38.977
1531.734 90.00 52.0000 100.0 38.000 38.998
1531.834 90.00 51.9900 100.0 38.012 39.034
1531.934 90.00 51.9800 100.0 38.018 39.024
1532.033 90.00 51.9700 100.0 38.031 39.061
1532.134 90.00 51.9600 100.0 38.041 39.082
1532.232 90.00 51.9600 100.0 38.040 39.026
1532.332 90.00 51.9500 100.0 38.050 39.045
1532.433 90.00 51.9400 100.0 38.061 39.070
1532.531 90.00 51.9200 100.0 38.077 39.134
1532.632 90.00 51.9200 100.0 38.075 39.070
1532.730 90.00 51.9100 100.0 38.090 39.122
1532.830 90.00 51.9000 100.0 38.095 39.105
1532.931 90.00 51.9000 100.0 38.102 39.102
1533.029 90.00 51.8800 100.0 38.115 39.145
1533.129 90.00 51.8700 100.0 38.127 39.178
1533.229 90.00 51.8700 100.0 38.134 39.170
1533.328 90.00 51.8600 100.0 38.138 39.151
1533.429 90.00 51.8500 100.0 38.146 39.154
1533.527 90.00 51.8500 100.0 38.152 39.150
1533.627 90.00 51.8300 100.0 38.169 39.215
1533.727 90.00 51.8300 100.0 38.170 39.172
1533.826 90.00 51.8200 100.0 38.179 39.185
1533.927 90.00 51.8100 100.0 38.185 39.174
1534.026 90.00 51.8000 100.0 38.200 39.232
1534.124 90.00 51.7900 100.0 38.208 39.235
1534.226 90.00 51.7900 100.0 38.212 39.213
1534.324 90.00 51.7700 100.0 38.224 39.248
1534.424 90.00 51.7700 100.0 38.226 39.208
1534.524 90.00 51.7600 100.0 38.236 39.229
1534.622 90.00 51.7600 100.0 38.243 39.228
1534.724 90.00 51.7400 100.0 38.256 39.270
1534.822 90.00 51.7400 100.0 38.257 39.226
1534.922 90.00 51.7300 100.0 38.267 39.246
1535.023 90.00 51.7200 100.0 38.281 39.297
1535.120 90.00 51.7100 100.0 38.291 39.314
1535.222 90.00 51.7100 100.0 38.294 39.284
1535.321 90.00 51.7000 100.0 38.301 39.285
1535.419 90.00 51.6900 100.0 38.309 39.295
1535.521 90.00 51.6800 100.0 38.316 39.293
1535.618 90.00 51.6600 100.0 38.335 39.377
1535.720 90.00 51.6700 100.0 38.329 39.281
1535.819 90.00 51.6600 100.0 38.338 39.298
1535.917 90.00 51.6500 100.0 38.352 39.350
1536.019 90.00 51.6400 100.0 38.363 39.372
1536.116 90.00 51.6200 100.0 38.376 39.415
1536.218 90.00 51.6200 100.0 38.382 39.403
1536.317 90.00 51.6000 100.0 38.401 39.486
1536.415 90.00 51.5600 100.0 38.439 39.697
1536.517 90.00 51.5900 100.0 38.410 39.436
1536.615 90.00 51.5700 100.0 38.429 39.515
1536.715 90.00 51.5700 100.0 38.432 39.481
1536.815 90.00 51.5500 100.0 38.445 39.522
1536.913 90.00 51.5600 100.0 38.442 39.446
1537.015 90.00 51.5400 100.0 38.458 39.507
1537.114 90.00 51.5400 100.0 38.463 39.491
1537.213 90.00 51.5200 100.0 38.475 39.520
1537.314 90.00 51.5200 100.0 38.476 39.479
1537.411 90.00 51.5000 100.0 38.497 39.573
1537.513 90.00 51.5000 100.0 38.498 39.529
1537.611 90.00 51.4900 100.0 38.507 39.539
1537.710 90.00 51.4900 100.0 38.507 39.484
1537.812 90.00 51.4800 100.0 38.515 39.495
1537.910 90.00 51.4700 100.0 38.532 39.563
1538.011 90.00 51.4600 100.0 38.538 39.557
1538.109 90.00 51.4500 100.0 38.544 39.546
1538.209 90.00 51.5100 100.0 38.492 39.131
1538.310 90.00 51.4500 100.0 38.547 39.484
1538.408 90.00 51.4400 100.0 38.562 39.546
1538.509 90.00 51.4200 100.0 38.576 39.595
1538.607 90.00 51.4200 100.0 38.582 39.580
1538.707 90.00 51.4000 100.0 38.595 39.623
1538.808 90.00 51.4000 100.0 38.600 39.610
1538.905 90.00 51.3900 100.0 38.608 39.612
1539.006 90.00 51.3800 100.0 38.617 39.629
1539.105 90.00 51.3800 100.0 38.615 39.563
1539.205 90.00 51.3700 100.0 38.631 39.626
1539.306 90.00 51.3700 100.0 38.633 39.588
1539.404 90.00 51.3500 100.0 38.647 39.638
1539.504 90.00 51.3500 100.0 38.653 39.634
1539.604 90.00 51.3300 100.0 38.665 39.666
1539.703 90.00 51.3300 100.0 38.669 39.645
1539.804 90.00 51.3200 100.0 38.678 39.659
1539.902 90.00 51.3100 100.0 38.691 39.698
1540.002 90.00 51.3000 100.0 38.697 39.696
1540.102 90.00 51.3000 100.0 38.703 39.687
1540.201 90.00 51.2900 100.0 38.710 39.684
1540.302 90.00 51.2700 100.0 38.725 39.738
1540.400 90.00 51.2700 100.0 38.730 39.723
1540.500 90.00 51.2700 100.0 38.733 39.698
1540.601 90.00 51.2500 100.0 38.747 39.748
1540.698 90.00 51.2400 100.0 38.762 39.802
1540.800 90.00 51.2400 100.0 38.758 39.722
1540.898 90.00 51.2200 100.0 38.778 39.816
1540.998 90.00 51.2100 100.0 38.788 39.834
1541.099 90.00 51.2000 100.0 38.800 39.863
1541.197 90.00 51.1900 100.0 38.810 39.879
1541.298 90.00 51.1800 100.0 38.821 39.901
1541.396 90.00 51.1700 100.0 38.828 39.898
1541.496 90.00 51.1600 100.0 38.840 39.928
1541.597 90.00 51.1600 100.0 38.841 39.880
1541.695 90.00 51.1400 100.0 38.855 39.928
1541.795 90.00 51.1400 100.0 38.861 39.917
1541.896 90.00 51.1300 100.0 38.865 39.894
1541.994 90.00 51.1200 100.0 38.882 39.958
1542.094 90.00 51.1100 100.0 38.886 39.932
1542.194 90.00 51.1000 100.0 38.898 39.968
1542.293 90.00 51.0900 100.0 38.907 39.976
1542.394 90.00 51.0900 100.0 38.913 39.964
1542.492 90.00 51.0800 100.0 38.919 39.951
1542.592 90.00 51.0600 100.0 38.934 40.005
1542.692 90.00 51.0500 100.0 38.949 40.058
1542.790 90.00 51.0400 100.0 38.960 40.076
1542.892 90.00 51.0300 100.0 38.969 40.086
1542.990 90.00 51.0200 100.0 38.982 40.122
1543.090 90.00 51.0200 100.0 38.979 40.042
1543.190 90.00 51.0100 100.0 38.990 40.070
1543.288 90.00 51.0000 100.0 38.996 40.057
1543.390 90.00 51.0000 100.0 39.003 40.050
1543.489 90.00 50.9900 100.0 39.012 40.061
1543.588 90.00 50.9700 100.0 39.029 40.130
1543.689 90.00 50.9600 100.0 39.034 40.110
1543.786 90.00 50.9600 100.0 39.043 40.119
1543.888 90.00 50.9400 100.0 39.057 40.161
1543.987 90.00 50.9400 100.0 39.064 40.154
1544.085 90.00 50.9400 100.0 39.062 40.087
1544.187 90.00 50.9300 100.0 39.069 40.085
1544.285 90.00 50.9100 100.0 39.090 40.179
1544.386 90.00 50.9000 100.0 39.101 40.201
1544.485 90.00 50.8900 100.0 39.107 40.190
1544.583 90.00 50.8900 100.0 39.110 40.158
1544.685 90.00 50.8700 100.0 39.125 40.210
1544.782 90.00 50.8700 100.0 39.126 40.164
1544.884 90.00 50.8600 100.0 39.136 40.183
1544.983 90.00 50.8500 100.0 39.145 40.191
1545.081 90.00 50.8400 100.0 39.154 40.205
1545.183 90.00 50.8300 100.0 39.171 40.272
1545.280 90.00 50.8200 100.0 39.176 40.246
1545.382 90.00 50.8200 100.0 39.178 40.212
1545.482 90.00 50.8100 100.0 39.188 40.229
1545.579 90.00 50.8000 100.0 39.197 40.238
1545.681 90.00 50.8000 100.0 39.200 40.209
1545.780 90.00 50.7800 100.0 39.214 40.258
1545.879 90.00 50.7800 100.0 39.217 40.225
1545.979 90.00 50.7700 100.0 39.228 40.252
1546.078 90.00 50.7500 100.0 39.244 40.310
1546.179 90.00 50.7500 100.0 39.253 40.319
1546.277 90.00 50.7400 100.0 39.255 40.282
1546.377 90.00 50.7300 100.0 39.272 40.347
1546.478 90.00 50.7200 100.0 39.278 40.336
1546.575 90.00 50.7200 100.0 39.283 40.317
1546.677 90.00 50.7000 100.0 39.300 40.387
1546.775 90.00 50.7000 100.0 39.303 40.351
1546.875 90.00 50.6900 100.0 39.313 40.369
1546.976 90.00 50.6800 100.0 39.318 40.354
1547.073 90.00 50.6700 100.0 39.326 40.360
1547.175 90.00 50.6600 100.0 39.339 40.397
1547.273 90.00 50.6600 100.0 39.340 40.348
1547.373 90.00 50.6500 100.0 39.350 40.369
1547.474 90.00 50.6400 100.0 39.354 40.350
1547.572 90.00 50.6300 100.0 39.364 40.368
1547.672 90.00 50.6200 100.0 39.381 40.434
1547.773 90.00 50.6100 100.0 39.389 40.439
1547.870 90.00 50.6000 100.0 39.397 40.444
1547.972 90.00 50.5900 100.0 39.410 40.481
1548.070 90.00 50.5900 100.0 39.411 40.436
1548.170 90.00 50.5800 100.0 39.419 40.440
1548.271 90.00 50.5700 100.0 39.434 40.491
1548.368 90.00 50.5700 100.0 39.431 40.423
1548.470 90.00 50.5600 100.0 39.443 40.453
1548.569 90.00 50.5500 100.0 39.454 40.478
1548.668 90.00 50.5400 100.0 39.460 40.472
1548.769 90.00 50.5300 100.0 39.469 40.486
1548.866 90.00 50.5200 100.0 39.477 40.487
1548.968 90.00 50.5100 100.0 39.492 40.543
1549.066 90.00 50.5000 100.0 39.500 40.548
1549.166 90.00 50.4900 100.0 39.506 40.539
1549.267 90.00 50.4800 100.0 39.521 40.592
1549.364 90.00 50.4700 100.0 39.527 40.576
1549.466 90.00 50.4600 100.0 39.536 40.591
1549.564 90.00 50.4600 100.0 39.538 40.547
1549.664 90.00 50.4400 100.0 39.555 40.617
1549.765 90.00 50.4400 100.0 39.563 40.622
1549.864 90.00 50.4300 100.0 39.571 40.624
1549.963 90.00 50.4200 100.0 39.581 40.644
1550.064 90.00 50.4100 100.0 39.585 40.619
1550.162 90.00 50.4100 100.0 39.593 40.620
1550.262 90.00 50.4000 100.0 39.598 40.604
1550.362 90.00 50.3900 100.0 39.610 40.636
1550.461 90.00 50.3800 100.0 39.616 40.630
1550.561 90.00 50.3800 100.0 39.617 40.588
1550.660 90.00 50.3800 100.0 39.619 40.550
1550.761 90.00 50.3700 100.0 39.629 40.572
1550.859 90.00 50.3700 100.0 39.626 40.507
1550.959 90.00 50.3500 100.0 39.649 40.621
1551.060 90.00 50.3400 100.0 39.661 40.656
1551.157 90.00 50.3400 100.0 39.657 40.580
1551.259 90.00 50.3300 100.0 39.667 40.608
1551.357 90.00 50.3200 100.0 39.682 40.662
1551.457 90.00 50.3100 100.0 39.685 40.637
1551.558 90.00 50.3000 100.0 39.697 40.668
1551.655 90.00 50.2900 100.0 39.706 40.682
1551.756 90.00 50.2900 100.0 39.712 40.680
1551.857 90.00 50.2800 100.0 39.719 40.676
1551.955 90.00 50.2700 100.0 39.731 40.714
1552.056 90.00 50.2600 100.0 39.742 40.742
1552.154 90.00 50.2500 100.0 39.747 40.731
1552.254 90.00 50.2500 100.0 39.748 40.688
1552.355 90.00 50.2400 100.0 39.756 40.696
1552.452 90.00 50.2300 100.0 39.766 40.720
1552.554 90.00 50.2200 100.0 39.778 40.752
1552.652 90.00 50.2100 100.0 39.788 40.775
1552.752 90.00 50.2000 100.0 39.799 40.804
1552.853 90.00 50.1900 100.0 39.805 40.794
1552.950 90.00 50.1800 100.0 39.816 40.821
1553.052 90.00 50.1800 100.0 39.822 40.816
1553.150 90.00 50.1700 100.0 39.829 40.811
1553.250 90.00 50.1600 100.0 39.843 40.860
1553.351 90.00 50.1400 100.0 39.860 40.932
1553.448 90.00 50.1300 100.0 39.867 40.926
1553.550 90.00 50.1300 100.0 39.868 40.880
1553.649 90.00 50.1100 100.0 39.889 40.974
1553.748 90.00 50.0900 100.0 39.908 41.059
1553.848 90.00 50.0900 100.0 39.911 41.021
1553.947 90.00 50.0800 100.0 39.918 41.012
1554.048 90.00 50.0600 100.0 39.934 41.072
1554.146 90.00 50.0600 100.0 39.944 41.080
1554.246 90.00 50.0500 100.0 39.949 41.065
1554.346 90.00 50.0400 100.0 39.958 41.070
1554.446 90.00 50.0400 100.0 39.960 41.026
1554.545 90.00 50.0200 100.0 39.981 41.122
1554.645 90.00 50.0200 100.0 39.980 41.055
1554.744 90.00 50.0200 100.0 39.983 41.024
1554.844 90.00 50.0000 100.0 39.998 41.079
1554.944 90.00 49.9800 100.0 40.016 41.148
1555.043 90.00 49.9800 100.0 40.023 41.142
1555.143 90.00 49.9800 100.0 40.023 41.083
1555.242 90.00 49.9600 100.0 40.037 41.127
1555.343 90.00 49.9600 100.0 40.034 41.055
1555.441 90.00 49.9400 100.0 40.058 41.174
1555.541 90.00 49.9400 100.0 40.057 41.108
1555.641 90.00 49.9300 100.0 40.066 41.117
1555.740 90.00 49.9200 100.0 40.079 41.154
1555.841 90.00 49.9100 100.0 40.084 41.141
1555.939 90.00 49.9100 100.0 40.092 41.144
1556.039 90.00 49.9100 100.0 40.087 41.056
1556.140 90.00 49.9000 100.0 40.099 41.089
1556.238 90.00 49.9000 100.0 40.095 41.014
1556.338 90.00 49.8900 100.0 40.106 41.042
1556.439 90.00 49.8800 100.0 40.118 41.079
1556.537 90.00 49.8700 100.0 40.128 41.100
1556.638 90.00 49.8600 100.0 40.139 41.129
1556.736 90.00 49.8600 100.0 40.136 41.060
1556.836 90.00 49.8400 100.0 40.157 41.159
1556.937 90.00 49.8400 100.0 40.154 41.089
1557.034 90.00 49.8200 100.0 40.174 41.184
1557.136 90.00 49.8300 100.0 40.174 41.131
1557.235 90.00 49.8200 100.0 40.180 41.130
1557.334 90.00 49.8100 100.0 40.187 41.130
1557.435 90.00 49.7900 100.0 40.209 41.236
1557.532 90.00 49.7800 100.0 40.214 41.218
1557.634 90.00 49.7700 100.0 40.228 41.265
1557.734 90.00 49.7700 100.0 40.233 41.249
1557.832 90.00 49.7600 100.0 40.241 41.258
1557.932 90.00 49.7600 100.0 40.240 41.197
1558.031 90.00 49.7500 100.0 40.251 41.225
1558.132 90.00 49.7500 100.0 40.254 41.196
1558.230 90.00 49.7400 100.0 40.264 41.219
1558.330 90.00 49.7300 100.0 40.273 41.238
1558.431 90.00 49.7200 100.0 40.280 41.235
1558.529 90.00 49.7000 100.0 40.296 41.305
1558.629 90.00 49.7000 100.0 40.302 41.294
1558.729 90.00 49.6800 100.0 40.316 41.343
1558.828 90.00 49.6800 100.0 40.321 41.326
1558.929 90.00 49.6700 100.0 40.331 41.348
1559.027 90.00 49.6600 100.0 40.343 41.376
1559.127 90.00 49.6600 100.0 40.334 41.267
1559.228 90.00 49.6500 100.0 40.348 41.318
1559.325 90.00 49.6400 100.0 40.357 41.326
1559.427 90.00 49.6300 100.0 40.365 41.336
1559.525 90.00 49.6200 100.0 40.381 41.400
1559.625 90.00 49.6200 100.0 40.383 41.364
1559.726 90.00 49.6100 100.0 40.393 41.386
1559.823 90.00 49.6000 100.0 40.398 41.368
1559.925 90.00 49.5900 100.0 40.411 41.410
1560.024 90.00 49.5800 100.0 40.417 41.402
1560.122 90.00 49.5800 100.0 40.416 41.351
1560.224 90.00 49.5600 100.0 40.436 41.439
1560.322 90.00 49.5600 100.0 40.440 41.421
1560.422 90.00 49.5500 100.0 40.451 41.450
1560.523 90.00 49.5400 100.0 40.456 41.430
1560.620 90.00 49.5300 100.0 40.464 41.443
1560.722 90.00 49.5200 100.0 40.474 41.460
1560.820 90.00 49.5200 100.0 40.474 41.411
1560.920 90.00 49.5100 100.0 40.489 41.470
1561.021 90.00 49.5000 100.0 40.497 41.477
1561.118 90.00 49.5000 100.0 40.500 41.448
1561.220 90.00 49.4900 100.0 40.509 41.463
1561.319 90.00 49.4800 100.0 40.523 41.512
1561.418 90.00 49.4700 100.0 40.526 41.485
1561.519 90.00 49.4600 100.0 40.541 41.544
1561.616 90.00 49.4600 100.0 40.536 41.458
1561.718 90.00 49.4500 100.0 40.547 41.491
1561.816 90.00 49.4400 100.0 40.558 41.520
1561.916 90.00 49.4300 100.0 40.564 41.514
1562.016 90.00 49.4300 100.0 40.573 41.528
1562.115 90.00 49.4200 100.0 40.578 41.518
1562.216 90.00 49.4100 100.0 40.584 41.512
1562.314 90.00 49.4000 100.0 40.598 41.560
1562.414 90.00 49.4000 100.0 40.603 41.547
1562.515 90.00 49.3800 100.0 40.616 41.592
1562.613 90.00 49.3800 100.0 40.621 41.580
1562.713 90.00 49.3700 100.0 40.632 41.610
1562.813 90.00 49.3600 100.0 40.643 41.635
1562.912 90.00 49.3500 100.0 40.650 41.633
1563.013 90.00 49.3400 100.0 40.661 41.666
1563.111 90.00 49.3400 100.0 40.662 41.621
1563.211 90.00 49.3200 100.0 40.679 41.691
1563.312 90.00 49.3100 100.0 40.684 41.676
1563.409 90.00 49.3100 100.0 40.686 41.637
1563.511 90.00 49.3000 100.0 40.694 41.651
1563.609 90.00 49.3000 100.0 40.702 41.654
1563.709 90.00 49.2800 100.0 40.718 41.722
1563.810 90.00 49.2700 100.0 40.726 41.723
1563.907 90.00 49.2600 100.0 40.735 41.743
1564.009 90.00 49.2600 100.0 40.742 41.736
1564.107 90.00 49.2600 100.0 40.743 41.694
1564.206 90.00 49.2500 100.0 40.754 41.723
1564.308 90.00 49.2300 100.0 40.770 41.787
1564.405 90.00 49.2200 100.0 40.775 41.774
1564.506 90.00 49.2200 100.0 40.776 41.730
1564.607 90.00 49.2100 100.0 40.789 41.773
1564.704 90.00 49.2000 100.0 40.795 41.769
1564.806 90.00 49.1900 100.0 40.809 41.818
1564.904 90.00 49.1800 100.0 40.819 41.834
1565.004 90.00 49.1700 100.0 40.826 41.834
1565.105 90.00 49.1700 100.0 40.833 41.835
1565.202 90.00 49.1600 100.0 40.836 41.799
1565.304 90.00 49.1500 100.0 40.851 41.861
1565.402 90.00 49.1400 100.0 40.856 41.845
1565.502 90.00 49.1400 100.0 40.864 41.847
1565.603 90.00 49.1300 100.0 40.866 41.819
1565.701 90.00 49.1200 100.0 40.875 41.832
1565.801 90.00 49.1100 100.0 40.892 41.901
1565.901 90.00 49.1100 100.0 40.891 41.847
1566.000 90.00 49.1000 100.0 40.902 41.874
1566.100 90.00 49.0900 100.0 40.910 41.883
1566.199 90.00 49.0900 100.0 40.913 41.854
1566.300 90.00 49.0800 100.0 40.920 41.852
1566.399 90.00 49.0700 100.0 40.932 41.891
1566.498 90.00 49.0600 100.0 40.941 41.905
1566.598 90.00 49.0500 100.0 40.944 41.880
1566.697 90.00 49.0400 100.0 40.963 41.964
1566.797 90.00 49.0400 100.0 40.958 41.884
1566.898 90.00 49.0300 100.0 40.970 41.916
1566.996 90.00 49.0200 100.0 40.974 41.899
1567.096 90.00 49.0100 100.0 40.989 41.961
1567.196 90.00 49.0100 100.0 40.991 41.925
1567.294 90.00 49.0000 100.0 40.999 41.935
1567.396 90.00 48.9800 100.0 41.020 42.037
1567.494 90.00 48.9700 100.0 41.025 42.015
1567.595 90.00 48.9700 100.0 41.032 42.018
1567.694 90.00 48.9600 100.0 41.037 42.002
1567.792 90.00 48.9500 100.0 41.046 42.015
1567.894 90.00 48.9500 100.0 41.050 41.999
1567.991 90.00 48.9400 100.0 41.062 42.034
1568.093 90.00 48.9300 100.0 41.072 42.052
1568.192 90.00 48.9200 100.0 41.075 42.030
1568.290 90.00 48.9200 100.0 41.079 42.007
1568.392 90.00 48.9100 100.0 41.084 41.996
1568.489 90.00 48.9100 100.0 41.093 42.015
1568.591 90.00 48.8900 100.0 41.107 42.065
1568.690 90.00 48.8900 100.0 41.109 42.029
1568.788 90.00 48.8800 100.0 41.122 42.075
1568.890 90.00 48.8700 100.0 41.126 42.055
1568.988 90.00 48.8600 100.0 41.140 42.109
1569.088 90.00 48.8600 100.0 41.143 42.082
1569.189 90.00 48.8500 100.0 41.147 42.064
1569.286 90.00 48.8500 100.0 41.152 42.050
1569.388 90.00 48.8300 100.0 41.165 42.099
1569.486 90.00 48.8300 100.0 41.173 42.110
1569.586 90.00 48.8200 100.0 41.182 42.126
1569.687 90.00 48.8100 100.0 41.187 42.108
1569.785 90.00 48.8100 100.0 41.193 42.105
1569.885 90.00 48.8000 100.0 41.203 42.130
1569.985 90.00 48.7900 100.0 41.212 42.145
1570.084 90.00 48.7800 100.0 41.215 42.123
1570.184 90.00 48.7700 100.0 41.228 42.170
1570.283 90.00 48.7700 100.0 41.233 42.152
1570.384 90.00 48.7500 100.0 41.245 42.196
1570.483 90.00 48.7400 100.0 41.259 42.245
1570.582 90.00 48.7400 100.0 41.255 42.164
1570.682 90.00 48.7300 100.0 41.270 42.228
1570.781 90.00 48.7300 100.0 41.272 42.189
1570.882 90.00 48.7200 100.0 41.276 42.172
1570.980 90.00 48.7000 100.0 41.294 42.256
1571.080 90.00 48.7000 100.0 41.303 42.267
1571.181 90.00 48.6900 100.0 41.305 42.239
1571.279 90.00 48.6800 100.0 41.315 42.259
1571.379 90.00 48.6800 100.0 41.317 42.225
1571.480 90.00 48.6700 100.0 41.330 42.269
1571.577 90.00 48.6700 100.0 41.333 42.246
1571.679 90.00 48.6500 100.0 41.347 42.297
1571.777 90.00 48.6500 100.0 41.352 42.288
1571.877 90.00 48.6400 100.0 41.360 42.292
1571.978 90.00 48.6300 100.0 41.371 42.323
1572.075 90.00 48.6100 100.0 41.385 42.376
1572.177 90.00 48.6100 100.0 41.388 42.350
1572.276 90.00 48.6000 100.0 41.397 42.360
1572.375 90.00 48.5900 100.0 41.404 42.363
1572.476 90.00 48.5900 100.0 41.408 42.346
1572.573 90.00 48.5800 100.0 41.420 42.378
1572.675 90.00 48.5700 100.0 41.433 42.424
1572.774 90.00 48.5600 100.0 41.443 42.443
1572.873 90.00 48.5500 100.0 41.448 42.429
1572.974 90.00 48.5500 100.0 41.452 42.407
1573.072 90.00 48.5400 100.0 41.461 42.421
1573.172 90.00 48.5300 100.0 41.467 42.418
1573.273 90.00 48.5300 100.0 41.471 42.401
1573.370 90.00 48.5100 100.0 41.490 42.482
1573.472 90.00 48.5100 100.0 41.487 42.414
1573.570 90.00 48.5100 100.0 41.493 42.407
1573.670 90.00 48.5000 100.0 41.503 42.436
1573.770 90.00 48.4900 100.0 41.512 42.448
1573.869 90.00 48.4800 100.0 41.522 42.474
1573.969 90.00 48.4700 100.0 41.533 42.503
1574.069 90.00 48.4600 100.0 41.540 42.501
1574.168 90.00 48.4500 100.0 41.548 42.509
1574.268 90.00 48.4400 100.0 41.554 42.508
1574.367 90.00 48.4400 100.0 41.563 42.519
1574.467 90.00 48.4300 100.0 41.574 42.546
1574.567 90.00 48.4100 100.0 41.585 42.580
1574.665 90.00 48.4200 100.0 41.582 42.505
1574.767 90.00 48.4100 100.0 41.592 42.528
1574.865 90.00 48.3900 100.0 41.606 42.581
1574.965 90.00 48.3900 100.0 41.613 42.579
1575.065 90.00 48.3800 100.0 41.619 42.575
1575.163 90.00 48.3800 100.0 41.623 42.555
1575.265 90.00 48.3700 100.0 41.631 42.568
1575.364 90.00 48.3700 100.0 41.632 42.527
1575.463 90.00 48.3600 100.0 41.643 42.561
1575.564 90.00 48.3400 100.0 41.655 42.595
1575.661 90.00 48.3400 100.0 41.663 42.607
1575.763 90.00 48.3300 100.0 41.673 42.626
1575.862 90.00 48.3200 100.0 41.678 42.615
1575.961 90.00 48.3100 100.0 41.686 42.625
1576.062 90.00 48.3100 100.0 41.690 42.602
1576.159 90.00 48.3000 100.0 41.701 42.634
1576.261 90.00 48.2900 100.0 41.710 42.654
1576.360 90.00 48.2900 100.0 41.710 42.608
1576.458 90.00 48.2700 100.0 41.724 42.661
1576.560 90.00 48.2700 100.0 41.732 42.669
1576.657 90.00 48.2600 100.0 41.736 42.646
1576.759 90.00 48.2500 100.0 41.751 42.711
1576.858 90.00 48.2400 100.0 41.757 42.700
1576.956 90.00 48.2400 100.0 41.763 42.697
1577.058 90.00 48.2200 100.0 41.778 42.756
1577.155 90.00 48.2200 100.0 41.778 42.705
1577.256 90.00 48.2100 100.0 41.788 42.733
1577.357 90.00 48.2000 100.0 41.800 42.766
1577.454 90.00 48.2000 100.0 41.800 42.721
1577.556 90.00 48.1900 100.0 41.810 42.745
1577.655 90.00 48.1800 100.0 41.819 42.761
1577.754 90.00 48.1600 100.0 41.842 42.870
1577.855 90.00 48.1500 100.0 41.846 42.853
1577.953 90.00 48.1400 100.0 41.863 42.921
1578.053 90.00 48.1300 100.0 41.868 42.898
1578.153 90.00 48.1200 100.0 41.876 42.907
1578.252 90.00 48.1200 100.0 41.882 42.898
1578.353 90.00 48.1100 100.0 41.889 42.894
1578.451 90.00 48.1100 100.0 41.892 42.864
1578.551 90.00 48.0900 100.0 41.913 42.964
1578.651 90.00 48.0900 100.0 41.913 42.911
1578.749 90.00 48.0700 100.0 41.924 42.939
1578.851 90.00 48.0700 100.0 41.925 42.895
1578.949 90.00 48.0600 100.0 41.939 42.940
1579.050 90.00 48.0600 100.0 41.943 42.918
1579.149 90.00 48.0400 100.0 41.957 42.971
1579.247 90.00 48.0300 100.0 41.966 42.982
1579.349 90.00 48.0300 100.0 41.966 42.929
1579.447 90.00 48.0200 100.0 41.977 42.964
1579.547 90.00 48.0200 100.0 41.979 42.924
1579.648 90.00 48.0100 100.0 41.991 42.960
1579.745 90.00 48.0100 100.0 41.992 42.924
1579.847 90.00 47.9900 100.0 42.005 42.963
1579.945 90.00 47.9800 100.0 42.017 42.999
1580.045 90.00 47.9700 100.0 42.024 43.004
1580.146 90.00 47.9600 100.0 42.037 43.045
1580.243 90.00 47.9500 100.0 42.045 43.046
1580.345 90.00 47.9400 100.0 42.056 43.075
1580.444 90.00 47.9400 100.0 42.056 43.024
1580.543 90.00 47.9400 100.0 42.059 43.000
1580.644 90.00 47.9200 100.0 42.074 43.056
1580.741 90.00 47.9100 100.0 42.084 43.078
1580.843 90.00 47.9000 100.0 42.094 43.096
1580.942 90.00 47.8900 100.0 42.105 43.121
1581.040 90.00 47.9000 100.0 42.099 43.033
1581.142 90.00 47.8900 100.0 42.107 43.038
1581.239 90.00 47.8800 100.0 42.119 43.078
1581.341 90.00 47.8800 100.0 42.123 43.059
1581.440 90.00 47.8700 100.0 42.127 43.039
1581.538 90.00 47.8600 100.0 42.138 43.068
1581.640 90.00 47.8500 100.0 42.147 43.088
1581.739 90.00 47.8400 100.0 42.162 43.143
1581.838 90.00 47.8400 100.0 42.163 43.100
1581.939 90.00 47.8300 100.0 42.172 43.116
1582.037 90.00 47.8200 100.0 42.182 43.143
1582.137 90.00 47.8100 100.0 42.190 43.152
1582.237 90.00 47.8100 100.0 42.192 43.114
1582.336 90.00 47.7900 100.0 42.204 43.152
1582.437 90.00 47.8000 100.0 42.201 43.088
1582.535 90.00 47.7900 100.0 42.206 43.073
1582.635 90.00 47.7900 100.0 42.212 43.070
1582.735 90.00 47.7900 100.0 42.208 43.006
1582.833 90.00 47.7800 100.0 42.214 43.005
1582.935 90.00 47.7700 100.0 42.224 43.036
1583.033 90.00 47.7600 100.0 42.237 43.086
1583.133 90.00 47.7500 100.0 42.247 43.110
1583.233 90.00 47.7500 100.0 42.248 43.079
1583.331 90.00 47.7500 100.0 42.250 43.048
1583.433 90.00 47.7400 100.0 42.261 43.087
1583.531 90.00 47.7300 100.0 42.271 43.116
1583.631 90.00 47.7200 100.0 42.276 43.108
1583.732 90.00 47.7200 100.0 42.281 43.103
1583.829 90.00 47.7000 100.0 42.295 43.161
1583.931 90.00 47.7000 100.0 42.302 43.168
1584.030 90.00 47.7000 100.0 42.303 43.129
1584.130 90.00 47.6800 100.0 42.318 43.189
1584.230 90.00 47.6600 100.0 42.334 43.261
1584.327 90.00 47.6500 100.0 42.348 43.311
1584.429 90.00 47.6400 100.0 42.361 43.355
1584.528 90.00 47.6400 100.0 42.362 43.309
1584.626 90.00 47.6300 100.0 42.365 43.284
1584.728 90.00 47.6100 100.0 42.386 43.387
1584.825 90.00 47.6100 100.0 42.386 43.338
1584.927 90.00 47.6100 100.0 42.392 43.333
1585.026 90.00 47.6000 100.0 42.396 43.310
1585.124 90.00 47.6000 100.0 42.402 43.308
1585.226 90.00 47.5900 100.0 42.412 43.336
1585.323 90.00 47.5800 100.0 42.422 43.354
1585.425 90.00 47.5800 100.0 42.420 43.297
1585.524 90.00 47.5600 100.0 42.439 43.383
1585.623 90.00 47.5600 100.0 42.438 43.332
1585.723 90.00 47.5500 100.0 42.444 43.331
1585.822 90.00 47.5500 100.0 42.451 43.334
1585.922 90.00 47.5400 100.0 42.459 43.348
1586.023 90.00 47.5300 100.0 42.470 43.375
1586.121 90.00 47.5200 100.0 42.480 43.404
1586.221 90.00 47.5200 100.0 42.476 43.325
1586.321 90.00 47.5000 100.0 42.497 43.430
1586.420 90.00 47.5000 100.0 42.497 43.388
1586.520 90.00 47.4900 100.0 42.510 43.430
1586.619 90.00 47.4800 100.0 42.514 43.416
1586.720 90.00 47.4800 100.0 42.523 43.432
1586.818 90.00 47.4600 100.0 42.534 43.467
1586.918 90.00 47.4600 100.0 42.540 43.458
1587.018 90.00 47.4600 100.0 42.544 43.439
1587.117 90.00 47.4500 100.0 42.551 43.442
1587.218 90.00 47.4400 100.0 42.557 43.445
1587.316 90.00 47.4400 100.0 42.564 43.445
1587.416 90.00 47.4300 100.0 42.571 43.452
1587.517 90.00 47.4200 100.0 42.577 43.449
1587.614 90.00 47.4100 100.0 42.585 43.464
1587.716 90.00 47.4000 100.0 42.595 43.491
1587.815 90.00 47.4000 100.0 42.603 43.498
1587.913 90.00 47.4000 100.0 42.602 43.450
1588.015 90.00 47.3900 100.0 42.612 43.476
1588.113 90.00 47.3800 100.0 42.615 43.457
1588.213 90.00 47.3800 100.0 42.623 43.466
1588.314 90.00 47.3600 100.0 42.634 43.503
1588.411 90.00 47.3600 100.0 42.637 43.479
1588.513 90.00 47.3400 100.0 42.654 43.560
1588.611 90.00 47.3300 100.0 42.665 43.587
1588.710 90.00 47.3300 100.0 42.664 43.538
1588.812 90.00 47.3200 100.0 42.682 43.616
1588.909 90.00 47.3200 100.0 42.682 43.570
1589.011 90.00 47.3000 100.0 42.696 43.625
1589.110 90.00 47.3000 100.0 42.695 43.568
1589.208 90.00 47.2900 100.0 42.711 43.636
1589.310 90.00 47.2900 100.0 42.711 43.593
1589.407 90.00 47.2700 100.0 42.730 43.680
1589.509 90.00 47.2600 100.0 42.734 43.664
1589.608 90.00 47.2500 100.0 42.750 43.729
1589.707 90.00 47.2500 100.0 42.747 43.661
1589.807 90.00 47.2400 100.0 42.754 43.661
1589.906 90.00 47.2400 100.0 42.763 43.682
1590.006 90.00 47.2300 100.0 42.764 43.642
1590.105 90.00 47.2200 100.0 42.774 43.670
1590.205 90.00 47.2100 100.0 42.786 43.707
1590.306 90.00 47.2000 100.0 42.794 43.716
1590.404 90.00 47.2000 100.0 42.801 43.716
1590.504 90.00 47.1900 100.0 42.810 43.736
1590.604 90.00 47.1800 100.0 42.818 43.745
1590.703 90.00 47.1700 100.0 42.825 43.747
1590.804 90.00 47.1700 100.0 42.827 43.713
1590.902 90.00 47.1700 100.0 42.834 43.719
1591.002 90.00 47.1500 100.0 42.848 43.774
1591.103 90.00 47.1400 100.0 42.856 43.783
1591.200 90.00 47.1400 100.0 42.859 43.758
1591.302 90.00 47.1300 100.0 42.867 43.769
1591.400 90.00 47.1300 100.0 42.873 43.768
1591.499 90.00 47.1200 100.0 42.882 43.782
1591.601 90.00 47.1000 100.0 42.896 43.838
1591.698 90.00 47.1000 100.0 42.901 43.824
1591.800 90.00 47.0900 100.0 42.907 43.825
1591.899 90.00 47.0900 100.0 42.907 43.778
1591.997 90.00 47.0800 100.0 42.919 43.813
1592.099 90.00 47.0700 100.0 42.927 43.831
1592.197 90.00 47.0600 100.0 42.935 43.839
1592.298 90.00 47.0600 100.0 42.941 43.834
1592.398 90.00 47.0400 100.0 42.956 43.899
1592.496 90.00 47.0500 100.0 42.950 43.810
1592.597 90.00 47.0300 100.0 42.970 43.903
1592.695 90.00 47.0300 100.0 42.968 43.841
1592.795 90.00 47.0200 100.0 42.982 43.894
1592.896 90.00 47.0200 100.0 42.983 43.856
1592.993 90.00 47.0100 100.0 42.989 43.854
1593.095 90.00 47.0000 100.0 43.001 43.896
1593.194 90.00 46.9800 100.0 43.016 43.960
1593.293 90.00 46.9800 100.0 43.019 43.931
1593.394 90.00 46.9700 100.0 43.024 43.923
1593.492 90.00 46.9700 100.0 43.033 43.937
1593.593 90.00 46.9700 100.0 43.033 43.892
1593.692 90.00 46.9600 100.0 43.037 43.878
1593.791 90.00 46.9600 100.0 43.044 43.884
1593.891 90.00 46.9400 100.0 43.056 43.931
1593.990 90.00 46.9300 100.0 43.069 43.972
1594.090 90.00 46.9300 100.0 43.068 43.926
1594.190 90.00 46.9200 100.0 43.082 43.976
1594.289 90.00 46.9200 100.0 43.078 43.902
1594.389 90.00 46.9200 100.0 43.080 43.877
1594.489 90.00 46.9000 100.0 43.095 43.946
1594.588 90.00 46.9000 100.0 43.100 43.938
1594.689 90.00 46.8900 100.0 43.106 43.938
1594.787 90.00 46.8800 100.0 43.121 44.002
1594.887 90.00 46.8800 100.0 43.121 43.957
1594.987 90.00 46.8700 100.0 43.128 43.964
1595.085 90.00 46.8600 100.0 43.143 44.024
1595.187 90.00 46.8500 100.0 43.146 44.005
1595.285 90.00 46.8300 100.0 43.165 44.091
1595.385 90.00 46.8300 100.0 43.167 44.061
1595.485 90.00 46.8200 100.0 43.179 44.102
1595.584 90.00 46.8100 100.0 43.189 44.125
1595.685 90.00 46.8100 100.0 43.192 44.099
1595.783 90.00 46.8000 100.0 43.198 44.098
1595.883 90.00 46.8000 100.0 43.203 44.083
1595.983 90.00 46.7800 100.0 43.218 44.148
1596.082 90.00 46.7800 100.0 43.218 44.098
1596.183 90.00 46.7600 100.0 43.235 44.176
1596.281 90.00 46.7500 100.0 43.244 44.190
1596.381 90.00 46.7500 100.0 43.244 44.145
1596.482 90.00 46.7500 100.0 43.251 44.143
1596.580 90.00 46.7300 100.0 43.270 44.237
1596.680 90.00 46.7300 100.0 43.266 44.156
1596.780 90.00 46.7200 100.0 43.281 44.221
1596.879 90.00 46.7100 100.0 43.286 44.210
1596.980 90.00 46.7100 100.0 43.293 44.213
1597.078 90.00 46.7000 100.0 43.301 44.219
1597.178 90.00 46.6900 100.0 43.308 44.222
1597.278 90.00 46.6800 100.0 43.315 44.224
1597.377 90.00 46.6800 100.0 43.316 44.191
1597.478 90.00 46.6700 100.0 43.324 44.203
1597.576 90.00 46.6600 100.0 43.337 44.248
1597.677 90.00 46.6500 100.0 43.346 44.264
1597.775 90.00 46.6500 100.0 43.350 44.243
1597.875 90.00 46.6400 100.0 43.358 44.259
1597.976 90.00 46.6300 100.0 43.371 44.306
1598.073 90.00 46.6200 100.0 43.376 44.294
1598.175 90.00 46.6200 100.0 43.380 44.275
1598.274 90.00 46.6000 100.0 43.395 44.336
1598.372 90.00 46.6000 100.0 43.400 44.326
1598.474 90.00 46.5900 100.0 43.408 44.333
1598.572 90.00 46.5800 100.0 43.417 44.348
1598.672 90.00 46.5800 100.0 43.416 44.298
1598.773 90.00 46.5700 100.0 43.426 44.320
1598.870 90.00 46.5600 100.0 43.442 44.390
1598.972 90.00 46.5600 100.0 43.434 44.286
1599.071 90.00 46.5500 100.0 43.452 44.370
1599.169 90.00 46.5400 100.0 43.463 44.397
1599.271 90.00 46.5300 100.0 43.471 44.412
1599.368 90.00 46.5300 100.0 43.471 44.365
1599.470 90.00 46.5100 100.0 43.485 44.416
1599.569 90.00 46.5100 100.0 43.491 44.410
1599.667 90.00 46.5000 100.0 43.500 44.429
1599.769 90.00 46.5000 100.0 43.502 44.395
1599.866 90.00 46.4800 100.0 43.517 44.457
1599.968 90.00 46.4800 100.0 43.519 44.420
1600.067 90.00 46.4800 100.0 43.521 44.390
1600.165 90.00 46.4700 100.0 43.531 44.419
1600.267 90.00 46.4600 100.0 43.534 44.396
1600.365 90.00 46.4500 100.0 43.546 44.435
1600.466 90.00 46.4400 100.0 43.557 44.465
1600.565 90.00 46.4400 100.0 43.556 44.418
1600.663 90.00 46.4400 100.0 43.560 44.401
1600.765 90.00 46.4300 100.0 43.572 44.445
1600.864 90.00 46.4200 100.0 43.582 44.470
1600.964 90.00 46.4100 100.0 43.593 44.503
1601.064 90.00 46.4000 100.0 43.595 44.471
1601.161 90.00 46.4000 100.0 43.602 44.475
1601.263 90.00 46.3900 100.0 43.607 44.467
1601.362 90.00 46.3800 100.0 43.618 44.500
1601.460 90.00 46.3700 100.0 43.632 44.555
1601.562 90.00 46.3600 100.0 43.638 44.549
1601.660 90.00 46.3600 100.0 43.639 44.515
1601.761 90.00 46.3500 100.0 43.648 44.529
1601.859 90.00 46.3500 100.0 43.653 44.524
1601.959 90.00 46.3400 100.0 43.660 44.527
1602.059 90.00 46.3300 100.0 43.668 44.542
1602.158 90.00 46.3200 100.0 43.678 44.564
1602.259 90.00 46.3100 100.0 43.687 44.587
1602.357 90.00 46.3100 100.0 43.693 44.583
1602.457 90.00 46.3100 100.0 43.692 44.533
1602.557 90.00 46.3000 100.0 43.704 44.569
1602.656 90.00 46.2900 100.0 43.712 44.587
1602.756 90.00 46.2800 100.0 43.717 44.578
1602.855 90.00 46.2700 100.0 43.726 44.600
1602.955 90.00 46.2700 100.0 43.731 44.586
1603.055 90.00 46.2600 100.0 43.743 44.632
1603.155 90.00 46.2500 100.0 43.749 44.629
1603.254 90.00 46.2500 100.0 43.752 44.604
1603.355 90.00 46.2400 100.0 43.759 44.610
1603.453 90.00 46.2400 100.0 43.761 44.581
1603.553 90.00 46.2200 100.0 43.779 44.667
1603.653 90.00 46.2200 100.0 43.782 44.647
1603.752 90.00 46.2100 100.0 43.791 44.665
1603.853 90.00 46.2100 100.0 43.790 44.614
1603.951 90.00 46.2000 100.0 43.802 44.654
1604.051 90.00 46.1900 100.0 43.812 44.685
1604.151 90.00 46.1800 100.0 43.819 44.690
1604.249 90.00 46.1700 100.0 43.833 44.741
1604.351 90.00 46.1700 100.0 43.832 44.688
1604.449 90.00 46.1500 100.0 43.852 44.786
1604.550 90.00 46.1500 100.0 43.852 44.741
1604.649 90.00 46.1400 100.0 43.858 44.739
1604.747 90.00 46.1300 100.0 43.868 44.766
1604.849 90.00 46.1200 100.0 43.874 44.762
1604.947 90.00 46.1200 100.0 43.875 44.723
1605.047 90.00 46.1200 100.0 43.882 44.730
1605.148 90.00 46.1000 100.0 43.897 44.792
1605.245 90.00 46.1000 100.0 43.895 44.737
1605.347 90.00 46.0800 100.0 43.914 44.826
1605.446 90.00 46.0700 100.0 43.931 44.901
1605.545 90.00 46.0700 100.0 43.926 44.812
1605.645 90.00 46.0600 100.0 43.943 44.892
1605.744 90.00 46.0500 100.0 43.946 44.862
1605.844 90.00 46.0500 100.0 43.953 44.869
1605.944 90.00 46.0400 100.0 43.961 44.874
1606.043 90.00 46.0300 100.0 43.966 44.864
1606.143 90.00 46.0300 100.0 43.972 44.866
1606.242 90.00 46.0100 100.0 43.986 44.914
1606.342 90.00 46.0000 100.0 43.997 44.946
1606.442 90.00 46.0000 100.0 44.000 44.918
1606.541 90.00 46.0000 100.0 44.003 44.897
1606.641 90.00 45.9900 100.0 44.013 44.922
1606.740 90.00 45.9800 100.0 44.018 44.909
1606.840 90.00 45.9700 100.0 44.030 44.948
1606.940 90.00 45.9700 100.0 44.032 44.916
1607.039 90.00 45.9600 100.0 44.039 44.923
1607.139 90.00 45.9500 100.0 44.050 44.952
1607.239 90.00 45.9400 100.0 44.055 44.948
1607.338 90.00 45.9300 100.0 44.067 44.986
1607.439 90.00 45.9300 100.0 44.065 44.926
1607.537 90.00 45.9200 100.0 44.078 44.970
1607.637 90.00 45.9200 100.0 44.080 44.945
1607.737 90.00 45.9100 100.0 44.085 44.932
1607.835 90.00 45.9000 100.0 44.098 44.983
1607.937 90.00 45.8800 100.0 44.116 45.064
1608.034 90.00 45.8800 100.0 44.115 45.010
1608.136 90.00 45.8700 100.0 44.125 45.032
1608.235 90.00 45.8700 100.0 44.129 45.017
1608.333 90.00 45.8600 100.0 44.136 45.019
1608.435 90.00 45.8600 100.0 44.138 44.992
1608.532 90.00 45.8500 100.0 44.149 45.026
1608.634 90.00 45.8300 100.0 44.166 45.099
1608.733 90.00 45.8300 100.0 44.164 45.043
1608.831 90.00 45.8200 100.0 44.175 45.071
1608.933 90.00 45.8200 100.0 44.182 45.081
1609.030 90.00 45.8100 100.0 44.190 45.088
1609.132 90.00 45.8000 100.0 44.194 45.074
1609.232 90.00 45.8000 100.0 44.198 45.059
1609.329 90.00 45.8000 100.0 44.203 45.051
1609.431 90.00 45.7900 100.0 44.213 45.078
1609.530 90.00 45.7700 100.0 44.226 45.123
1609.630 90.00 45.7600 100.0 44.236 45.146
1609.729 90.00 45.7600 100.0 44.238 45.114
1609.828 90.00 45.7500 100.0 44.250 45.156
1609.929 90.00 45.7400 100.0 44.260 45.179
1610.027 90.00 45.7400 100.0 44.262 45.151
1610.127 90.00 45.7200 100.0 44.274 45.189
1610.227 90.00 45.7200 100.0 44.281 45.193
1610.326 90.00 45.7100 100.0 44.289 45.206
1610.427 90.00 45.7100 100.0 44.292 45.177
1610.525 90.00 45.7000 100.0 44.297 45.167
1610.625 90.00 45.6900 100.0 44.310 45.217
1610.725 90.00 45.6900 100.0 44.310 45.171
1610.824 90.00 45.6800 100.0 44.319 45.193
1610.925 90.00 45.6700 100.0 44.333 45.248
1611.023 90.00 45.6600 100.0 44.339 45.244
1611.123 90.00 45.6500 100.0 44.347 45.252
1611.224 90.00 45.6500 100.0 44.352 45.241
1611.322 90.00 45.6400 100.0 44.357 45.231
1611.422 90.00 45.6400 100.0 44.363 45.228
1611.523 90.00 45.6300 100.0 44.368 45.226
1611.620 90.00 45.6200 100.0 44.379 45.256
1611.722 90.00 45.6200 100.0 44.381 45.227
1611.820 90.00 45.6100 100.0 44.391 45.256
1611.920 90.00 45.5900 100.0 44.407 45.326
1612.021 90.00 45.5800 100.0 44.418 45.352
1612.118 90.00 45.5800 100.0 44.414 45.279
1612.220 90.00 45.5700 100.0 44.425 45.316
1612.319 90.00 45.5600 100.0 44.435 45.343
1612.417 90.00 45.5500 100.0 44.448 45.385
1612.519 90.00 45.5500 100.0 44.452 45.365
1612.616 90.00 45.5400 100.0 44.456 45.348
1612.718 90.00 45.5400 100.0 44.461 45.341
1612.817 90.00 45.5300 100.0 44.470 45.355
1612.915 90.00 45.5100 100.0 44.485 45.416
1613.017 90.00 45.5100 100.0 44.486 45.376
1613.115 90.00 45.5000 100.0 44.495 45.397
1613.216 90.00 45.4900 100.0 44.507 45.436
1613.315 90.00 45.4800 100.0 44.518 45.470
1613.413 90.00 45.4800 100.0 44.517 45.415
1613.515 90.00 45.4700 100.0 44.527 45.435
1613.614 90.00 45.4700 100.0 44.533 45.437
1613.713 90.00 45.4600 100.0 44.540 45.439
1613.813 90.00 45.4500 100.0 44.545 45.429
1613.912 90.00 45.4400 100.0 44.555 45.451
1614.013 90.00 45.4300 100.0 44.573 45.536
1614.111 90.00 45.4200 100.0 44.577 45.512
1614.211 90.00 45.4100 100.0 44.585 45.527
1614.311 90.00 45.4100 100.0 44.590 45.514
1614.410 90.00 45.4000 100.0 44.604 45.562
1614.511 90.00 45.3800 100.0 44.614 45.589
1614.609 90.00 45.3800 100.0 44.624 45.606
1614.709 90.00 45.3800 100.0 44.622 45.542
1614.809 90.00 45.3700 100.0 44.627 45.532
1614.908 90.00 45.3500 100.0 44.646 45.624
1615.009 90.00 45.3400 100.0 44.656 45.645
1615.107 90.00 45.3500 100.0 44.649 45.545
1615.207 90.00 45.3400 100.0 44.662 45.592
1615.307 90.00 45.3200 100.0 44.677 45.647
1615.406 90.00 45.3200 100.0 44.681 45.627
1615.506 90.00 45.3200 100.0 44.680 45.573
1615.605 90.00 45.3100 100.0 44.693 45.617
1615.705 90.00 45.2900 100.0 44.709 45.682
1615.805 90.00 45.2900 100.0 44.711 45.649
1615.905 90.00 45.2800 100.0 44.720 45.667
1616.004 90.00 45.2700 100.0 44.728 45.679
1616.104 90.00 45.2600 100.0 44.734 45.670
1616.203 90.00 45.2500 100.0 44.745 45.699
1616.303 90.00 45.2500 100.0 44.751 45.693
1616.403 90.00 45.2400 100.0 44.762 45.723
1616.502 90.00 45.2300 100.0 44.770 45.730
1616.603 90.00 45.2300 100.0 44.769 45.680
1616.701 90.00 45.2300 100.0 44.773 45.661
1616.801 90.00 45.2000 100.0 44.795 45.771
1616.901 90.00 45.2100 100.0 44.791 45.691
1616.999 90.00 45.2000 100.0 44.801 45.720
1617.101 90.00 45.1800 100.0 44.816 45.780
1617.199 90.00 45.1700 100.0 44.824 45.784
1617.300 90.00 45.1700 100.0 44.831 45.788
1617.399 90.00 45.1700 100.0 44.833 45.751
1617.498 90.00 45.1600 100.0 44.839 45.746
1617.599 90.00 45.1400 100.0 44.859 45.843
1617.697 90.00 45.1500 100.0 44.850 45.730
1617.798 90.00 45.1300 100.0 44.867 45.805
1617.898 90.00 45.1300 100.0 44.872 45.792
1617.995 90.00 45.1200 100.0 44.878 45.790
1618.097 90.00 45.1200 100.0 44.884 45.784
1618.195 90.00 45.1100 100.0 44.889 45.775
1618.295 90.00 45.1000 100.0 44.900 45.812
1618.396 90.00 45.1000 100.0 44.903 45.783
1618.493 90.00 45.0900 100.0 44.909 45.783
1618.595 90.00 45.0800 100.0 44.915 45.780
1618.694 90.00 45.0800 100.0 44.920 45.773
1618.793 90.00 45.0700 100.0 44.928 45.787
1618.894 90.00 45.0600 100.0 44.942 45.838
1618.991 90.00 45.0500 100.0 44.946 45.826
1619.093 90.00 45.0400 100.0 44.955 45.840
1619.192 90.00 45.0400 100.0 44.955 45.796
1619.290 90.00 45.0300 100.0 44.967 45.841
1619.392 90.00 45.0200 100.0 44.978 45.874
1619.489 90.00 45.0200 100.0 44.977 45.820
1619.591 90.00 45.0100 100.0 44.992 45.884
1619.690 90.00 45.0100 100.0 44.993 45.846
1619.788 90.00 45.0100 100.0 44.993 45.805
1619.890 90.00 44.9900 100.0 45.006 45.855
1619.989 90.00 44.9800 100.0 45.019 45.902
1620.088 90.00 44.9700 100.0 45.025 45.900
1620.189 90.00 44.9700 100.0 45.026 45.865
1620.286 90.00 44.9500 100.0 45.044 45.948
1620.388 90.00 44.9500 100.0 45.052 45.959
1620.487 90.00 44.9400 100.0 45.060 45.967
1620.586 90.00 44.9300 100.0 45.068 45.978
1620.687 90.00 44.9300 100.0 45.070 45.946
1620.784 90.00 44.9200 100.0 45.074 45.935
1620.886 90.00 44.9200 100.0 45.081 45.941
1620.985 90.00 44.9100 100.0 45.085 45.921
1621.083 90.00 44.9000 100.0 45.095 45.952
1621.185 90.00 44.8900 100.0 45.110 46.012
1621.282 90.00 44.8800 100.0 45.118 46.022
1621.384 90.00 44.8800 100.0 45.117 45.971
1621.483 90.00 44.8700 100.0 45.132 46.038
1621.582 90.00 44.8600 100.0 45.140 46.045
1621.682 90.00 44.8600 100.0 45.142 46.017
1621.781 90.00 44.8500 100.0 45.148 46.013
1621.882 90.00 44.8400 100.0 45.155 46.020
1621.980 90.00 44.8400 100.0 45.156 45.979
1622.080 90.00 44.8300 100.0 45.164 45.999
1622.181 90.00 44.8100 100.0 45.187 46.114
1622.279 90.00 44.8200 100.0 45.183 46.041
1622.379 90.00 44.8000 100.0 45.199 46.109
1622.479 90.00 44.7900 100.0 45.206 46.118
1622.578 90.00 44.7900 100.0 45.210 46.094
1622.679 90.00 44.7800 100.0 45.223 46.143
1622.777 90.00 44.7600 100.0 45.239 46.210
1622.877 90.00 44.7600 100.0 45.243 46.192
1622.977 90.00 44.7500 100.0 45.248 46.179
1623.076 90.00 44.7400 100.0 45.260 46.214
1623.177 90.00 44.7300 100.0 45.268 46.219
1623.275 90.00 44.7300 100.0 45.268 46.176
1623.375 90.00 44.7100 100.0 45.288 46.270
1623.476 90.00 44.7100 100.0 45.289 46.228
1623.574 90.00 44.7100 100.0 45.292 46.203
1623.675 90.00 44.6900 100.0 45.310 46.281
1623.773 90.00 44.6800 100.0 45.320 46.301
1623.873 90.00 44.6800 100.0 45.322 46.267
1623.974 90.00 44.6700 100.0 45.329 46.273
1624.072 90.00 44.6700 100.0 45.333 46.251
1624.172 90.00 44.6500 100.0 45.344 46.283
1624.273 90.00 44.6500 100.0 45.347 46.256
1624.370 90.00 44.6400 100.0 45.355 46.265
1624.472 90.00 44.6400 100.0 45.355 46.220
1624.570 90.00 44.6300 100.0 45.370 46.286
1624.670 90.00 44.6200 100.0 45.375 46.274
1624.771 90.00 44.6100 100.0 45.386 46.301
1624.868 90.00 44.6000 100.0 45.396 46.327
1624.970 90.00 44.6000 100.0 45.400 46.309
1625.069 90.00 44.5900 100.0 45.407 46.317
1625.167 90.00 44.5900 100.0 45.413 46.308
1625.269 90.00 44.5800 100.0 45.421 46.324
1625.366 90.00 44.5800 100.0 45.423 46.289
1625.468 90.00 44.5600 100.0 45.434 46.326
1625.566 90.00 44.5500 100.0 45.446 46.360
1625.666 90.00 44.5600 100.0 45.443 46.295
1625.766 90.00 44.5400 100.0 45.457 46.350
1625.865 90.00 44.5300 100.0 45.464 46.359
1625.966 90.00 44.5300 100.0 45.469 46.350
1626.064 90.00 44.5100 100.0 45.490 46.447
1626.164 90.00 44.5100 100.0 45.493 46.420
1626.264 90.00 44.5000 100.0 45.499 46.421
1626.364 90.00 44.4900 100.0 45.511 46.460
1626.463 90.00 44.4800 100.0 45.516 46.446
1626.563 90.00 44.4900 100.0 45.513 46.376
1626.662 90.00 44.4700 100.0 45.526 46.423
1626.762 90.00 44.4700 100.0 45.530 46.404
1626.862 90.00 44.4500 100.0 45.544 46.463
1626.961 90.00 44.4500 100.0 45.549 46.452
1627.061 90.00 44.4400 100.0 45.559 46.472
1627.160 90.00 44.4400 100.0 45.558 46.422
1627.260 90.00 44.4300 100.0 45.567 46.441
1627.359 90.00 44.4200 100.0 45.584 46.515
1627.459 90.00 44.4200 100.0 45.581 46.449
1627.559 90.00 44.4000 100.0 45.596 46.511
1627.658 90.00 44.4000 100.0 45.602 46.510
1627.759 90.00 44.3900 100.0 45.612 46.532
1627.857 90.00 44.3800 100.0 45.614 46.504
1627.957 90.00 44.3700 100.0 45.628 46.552
1628.057 90.00 44.3700 100.0 45.629 46.515
1628.156 90.00 44.3500 100.0 45.645 46.585
1628.256 90.00 44.3500 100.0 45.644 46.530
1628.355 90.00 44.3400 100.0 45.655 46.562
1628.455 90.00 44.3400 100.0 45.657 46.532
1628.555 90.00 44.3300 100.0 45.666 46.548
1628.655 90.00 44.3400 100.0 45.663 46.483
1628.754 90.00 44.3200 100.0 45.683 46.581
1628.855 90.00 44.3100 100.0 45.689 46.578
1628.953 90.00 44.3100 100.0 45.692 46.559
1629.054 90.00 44.3000 100.0 45.698 46.559
1629.153 90.00 44.2900 100.0 45.706 46.569
1629.251 90.00 44.2900 100.0 45.710 46.553
1629.353 90.00 44.2700 100.0 45.725 46.617
1629.451 90.00 44.2500 100.0 45.744 46.705
1629.552 90.00 44.2500 100.0 45.745 46.662
1629.651 90.00 44.2400 100.0 45.764 46.748
1629.750 90.00 44.2300 100.0 45.770 46.745
1629.850 90.00 44.2200 100.0 45.775 46.730
1629.949 90.00 44.2100 100.0 45.785 46.750
1630.050 90.00 44.2100 100.0 45.791 46.748
1630.148 90.00 44.2100 100.0 45.791 46.698
1630.248 90.00 44.1900 100.0 45.804 46.743
1630.348 90.00 44.1900 100.0 45.812 46.750
1630.447 90.00 44.1800 100.0 45.817 46.740
1630.548 90.00 44.1700 100.0 45.828 46.774
1630.646 90.00 44.1700 100.0 45.834 46.764
1630.746 90.00 44.1600 100.0 45.839 46.752
1630.847 90.00 44.1600 100.0 45.841 46.724
1630.945 90.00 44.1400 100.0 45.861 46.819
1631.045 90.00 44.1400 100.0 45.860 46.761
1631.145 90.00 44.1300 100.0 45.872 46.800
1631.244 90.00 44.1200 100.0 45.882 46.824
1631.345 90.00 44.1100 100.0 45.891 46.843
1631.443 90.00 44.1100 100.0 45.892 46.802
1631.543 90.00 44.0900 100.0 45.910 46.880
1631.643 90.00 44.1000 100.0 45.903 46.787
1631.742 90.00 44.0900 100.0 45.914 46.815
1631.843 90.00 44.0800 100.0 45.923 46.833
1631.941 90.00 44.0700 100.0 45.931 46.845
1632.041 90.00 44.0600 100.0 45.934 46.824
1632.141 90.00 44.0500 100.0 45.952 46.906
1632.240 90.00 44.0400 100.0 45.954 46.872
1632.341 90.00 44.0400 100.0 45.955 46.829
1632.439 90.00 44.0300 100.0 45.970 46.890
1632.539 90.00 44.0200 100.0 45.978 46.900
1632.639 90.00 44.0200 100.0 45.983 46.890
1632.739 90.00 44.0100 100.0 45.985 46.860
1632.838 90.00 44.0100 100.0 45.993 46.869
1632.939 90.00 43.9900 100.0 46.008 46.933
1633.037 90.00 43.9900 100.0 46.011 46.904
1633.137 90.00 43.9800 100.0 46.017 46.904
1633.237 90.00 43.9700 100.0 46.027 46.933
1633.335 90.00 43.9600 100.0 46.037 46.954
1633.437 90.00 43.9500 100.0 46.044 46.961
1633.535 90.00 43.9500 100.0 46.053 46.975
1633.636 90.00 43.9400 100.0 46.056 46.947
1633.734 90.00 43.9400 100.0 46.059 46.923
1633.834 90.00 43.9300 100.0 46.071 46.964
1633.934 90.00 43.9200 100.0 46.080 46.985
1634.033 90.00 43.9100 100.0 46.088 47.000
1634.134 90.00 43.9100 100.0 46.092 46.979
1634.232 90.00 43.9000 100.0 46.096 46.966
1634.332 90.00 43.8900 100.0 46.106 46.989
1634.433 90.00 43.8800 100.0 46.117 47.023
1634.530 90.00 43.8700 100.0 46.125 47.031
1634.632 90.00 43.8600 100.0 46.134 47.049
1634.730 90.00 43.8600 100.0 46.139 47.040
1634.830 90.00 43.8600 100.0 46.141 47.005
1634.931 90.00 43.8400 100.0 46.155 47.064
1635.029 90.00 43.8400 100.0 46.156 47.023
1635.129 90.00 43.8300 100.0 46.164 47.040
1635.230 90.00 43.8200 100.0 46.176 47.076
1635.327 90.00 43.8300 100.0 46.173 47.012
1635.429 90.00 43.8100 100.0 46.187 47.068
1635.528 90.00 43.8100 100.0 46.193 47.065
1635.626 90.00 43.7900 100.0 46.206 47.112
1635.728 90.00 43.7900 100.0 46.205 47.060
1635.825 90.00 43.7800 100.0 46.219 47.117
1635.926 90.00 43.7900 100.0 46.208 46.996
1636.026 90.00 43.7700 100.0 46.227 47.088
1636.124 90.00 43.7600 100.0 46.238 47.121
1636.226 90.00 43.7600 100.0 46.241 47.101
1636.324 90.00 43.7400 100.0 46.255 47.154
1636.424 90.00 43.7500 100.0 46.254 47.099
1636.524 90.00 43.7400 100.0 46.262 47.115
1636.622 90.00 43.7300 100.0 46.272 47.142
1636.724 90.00 43.7200 100.0 46.280 47.152
1636.822 90.00 43.7200 100.0 46.283 47.132
1636.922 90.00 43.7100 100.0 46.291 47.148
1637.023 90.00 43.7000 100.0 46.298 47.153
1637.120 90.00 43.7000 100.0 46.298 47.112
1637.221 90.00 43.6900 100.0 46.304 47.113
1637.321 90.00 43.6900 100.0 46.312 47.124
1637.420 90.00 43.6800 100.0 46.322 47.154
1637.520 90.00 43.6700 100.0 46.329 47.164
1637.619 90.00 43.6600 100.0 46.339 47.190
1637.720 90.00 43.6500 100.0 46.351 47.235
1637.818 90.00 43.6400 100.0 46.360 47.249
1637.918 90.00 43.6400 100.0 46.359 47.198
1638.019 90.00 43.6300 100.0 46.365 47.198
1638.116 90.00 43.6200 100.0 46.379 47.258
1638.218 90.00 43.6200 100.0 46.374 47.176
1638.317 90.00 43.6100 100.0 46.387 47.227
1638.415 90.00 43.5900 100.0 46.405 47.315
1638.517 90.00 43.6000 100.0 46.400 47.233
1638.614 90.00 43.5900 100.0 46.411 47.267
1638.716 90.00 43.5800 100.0 46.422 47.299
1638.815 90.00 43.5700 100.0 46.430 47.317
1638.913 90.00 43.5600 100.0 46.434 47.299
1639.015 90.00 43.5700 100.0 46.433 47.246
1639.114 90.00 43.5600 100.0 46.440 47.252
1639.213 90.00 43.5500 100.0 46.451 47.295
1639.314 90.00 43.5500 100.0 46.449 47.239
1639.411 90.00 43.5300 100.0 46.466 47.317
1639.513 90.00 43.5300 100.0 46.473 47.320
1639.612 90.00 43.5200 100.0 46.479 47.321
1639.710 90.00 43.5100 100.0 46.484 47.314
1639.812 90.00 43.5100 100.0 46.493 47.333
1639.910 90.00 43.5000 100.0 46.499 47.338
1640.010 90.00 43.4900 100.0 46.509 47.363
1640.110 90.00 43.4800 100.0 46.520 47.397
1640.208 90.00 43.4800 100.0 46.516 47.323
1640.310 90.00 43.4700 100.0 46.528 47.369
1640.408 90.00 43.4600 100.0 46.537 47.390
1640.508 90.00 43.4500 100.0 46.545 47.408
1640.608 90.00 43.4500 100.0 46.553 47.420
1640.707 90.00 43.4400 100.0 46.560 47.423
1640.808 90.00 43.4400 100.0 46.562 47.393
1640.906 90.00 43.4200 100.0 46.576 47.448
1641.006 90.00 43.4200 100.0 46.576 47.407
1641.107 90.00 43.4200 100.0 46.583 47.412
1641.205 90.00 43.4100 100.0 46.586 47.392
1641.306 90.00 43.4000 100.0 46.597 47.427
1641.405 90.00 43.3900 100.0 46.607 47.460
1641.504 90.00 43.3800 100.0 46.623 47.530
1641.604 90.00 43.3700 100.0 46.624 47.488
1641.703 90.00 43.3800 100.0 46.623 47.441
1641.804 90.00 43.3600 100.0 46.637 47.500
1641.902 90.00 43.3700 100.0 46.633 47.422
1642.002 90.00 43.3600 100.0 46.643 47.453
1642.102 90.00 43.3400 100.0 46.659 47.527
1642.201 90.00 43.3300 100.0 46.665 47.528
1642.302 90.00 43.3300 100.0 46.671 47.527
1642.400 90.00 43.3200 100.0 46.677 47.524
1642.500 90.00 43.3200 100.0 46.681 47.509
1642.600 90.00 43.3100 100.0 46.691 47.536
1642.699 90.00 43.3000 100.0 46.695 47.525
1642.800 90.00 43.3000 100.0 46.703 47.541
1642.898 90.00 43.2900 100.0 46.709 47.540
1642.998 90.00 43.2800 100.0 46.719 47.567
1643.099 90.00 43.2800 100.0 46.715 47.500
1643.197 90.00 43.2800 100.0 46.721 47.499
1643.298 90.00 43.2700 100.0 46.733 47.544
1643.396 90.00 43.2600 100.0 46.741 47.563
1643.496 90.00 43.2600 100.0 46.744 47.538
1643.597 90.00 43.2500 100.0 46.747 47.523
1643.695 90.00 43.2500 100.0 46.754 47.528
1643.795 90.00 43.2300 100.0 46.768 47.589
1643.895 90.00 43.2200 100.0 46.780 47.633
1643.994 90.00 43.2200 100.0 46.782 47.604
1644.095 90.00 43.2100 100.0 46.789 47.612
1644.193 90.00 43.2100 100.0 46.792 47.590
1644.293 90.00 43.2000 100.0 46.794 47.567
1644.394 90.00 43.2000 100.0 46.799 47.562
1644.491 90.00 43.1900 100.0 46.809 47.596
1644.593 90.00 43.1800 100.0 46.820 47.635
1644.692 90.00 43.1700 100.0 46.826 47.631
1644.790 90.00 43.1600 100.0 46.834 47.649
1644.892 90.00 43.1500 100.0 46.846 47.694
1644.990 90.00 43.1500 100.0 46.846 47.649
1645.090 90.00 43.1400 100.0 46.854 47.665
1645.190 90.00 43.1400 100.0 46.863 47.686
1645.289 90.00 43.1300 100.0 46.866 47.672
1645.390 90.00 43.1200 100.0 46.874 47.684
1645.488 90.00 43.1300 100.0 46.872 47.632
1645.588 90.00 43.1200 100.0 46.876 47.623
1645.689 90.00 43.1100 100.0 46.885 47.647
1645.786 90.00 43.1000 100.0 46.897 47.688
1645.888 90.00 43.1000 100.0 46.900 47.674
1645.987 90.00 43.0900 100.0 46.912 47.715
1646.085 90.00 43.0900 100.0 46.908 47.650
1646.187 90.00 43.0700 100.0 46.926 47.741
1646.284 90.00 43.0800 100.0 46.919 47.647
1646.386 90.00 43.0600 100.0 46.935 47.724
1646.485 90.00 43.0600 100.0 46.937 47.698
1646.583 90.00 43.0500 100.0 46.950 47.751
1646.685 90.00 43.0400 100.0 46.958 47.767
1646.782 90.00 43.0300 100.0 46.965 47.777
1646.884 90.00 43.0300 100.0 46.965 47.739
1646.983 90.00 43.0200 100.0 46.975 47.765
1647.081 90.00 43.0200 100.0 46.983 47.784
1647.183 90.00 43.0200 100.0 46.982 47.739
1647.281 90.00 43.0100 100.0 46.987 47.734
1647.381 90.00 43.0000 100.0 46.999 47.784
1647.482 90.00 42.9900 100.0 47.010 47.816
1647.579 90.00 42.9900 100.0 47.009 47.771
1647.681 90.00 42.9800 100.0 47.018 47.798
1647.780 90.00 42.9700 100.0 47.028 47.828
1647.879 90.00 42.9800 100.0 47.022 47.745
1647.980 90.00 42.9700 100.0 47.029 47.757
1648.077 90.00 42.9600 100.0 47.044 47.823
1648.179 90.00 42.9500 100.0 47.047 47.808
1648.278 90.00 42.9400 100.0 47.054 47.819
1648.376 90.00 42.9400 100.0 47.057 47.803
1648.478 90.00 42.9400 100.0 47.055 47.754
1648.576 90.00 42.9300 100.0 47.072 47.836
1648.677 90.00 42.9300 100.0 47.070 47.783
1648.776 90.00 42.9200 100.0 47.083 47.838
1648.874 90.00 42.9000 100.0 47.094 47.881
1648.976 90.00 42.9000 100.0 47.094 47.837
1649.074 90.00 42.9000 100.0 47.102 47.853
1649.174 90.00 42.8900 100.0 47.104 47.832
1649.274 90.00 42.8900 100.0 47.111 47.849
1649.373 90.00 42.8800 100.0 47.123 47.895
1649.474 90.00 42.8700 100.0 47.133 47.924
1649.572 90.00 42.8600 100.0 47.139 47.929
1649.672 90.00 42.8500 100.0 47.148 47.947
1649.771 90.00 42.8500 100.0 47.147 47.906
1649.871 90.00 42.8400 100.0 47.155 47.922
1649.972 90.00 42.8400 100.0 47.158 47.904
1650.070 90.00 42.8300 100.0 47.165 47.913
1650.170 90.00 42.8300 100.0 47.173 47.935
1650.271 90.00 42.8200 100.0 47.179 47.938
1650.368 90.00 42.8200 100.0 47.178 47.893
1650.470 90.00 42.8100 100.0 47.190 47.941
1650.569 90.00 42.8000 100.0 47.195 47.940
1650.667 90.00 42.8000 100.0 47.200 47.935
1650.769 90.00 42.7800 100.0 47.218 48.024
1650.866 90.00 42.7800 100.0 47.215 47.965
1650.968 90.00 42.7700 100.0 47.228 48.017
1651.067 90.00 42.7800 100.0 47.223 47.942
1651.165 90.00 42.7600 100.0 47.240 48.027
1651.267 90.00 42.7600 100.0 47.241 47.998
1651.365 90.00 42.7400 100.0 47.254 48.049
1651.465 90.00 42.7300 100.0 47.265 48.086
1651.565 90.00 42.7300 100.0 47.270 48.080
1651.663 90.00 42.7300 100.0 47.272 48.053
1651.765 90.00 42.7300 100.0 47.272 48.010
1651.864 90.00 42.7200 100.0 47.281 48.036
1651.963 90.00 42.7100 100.0 47.294 48.089
1652.064 90.00 42.6900 100.0 47.310 48.168
1652.161 90.00 42.7000 100.0 47.302 48.063
1652.263 90.00 42.6800 100.0 47.319 48.148
1652.362 90.00 42.6800 100.0 47.318 48.102
1652.460 90.00 42.6700 100.0 47.325 48.107
1652.562 90.00 42.6700 100.0 47.332 48.117
1652.660 90.00 42.6600 100.0 47.338 48.118
1652.760 90.00 42.6600 100.0 47.339 48.090
1652.860 90.00 42.6500 100.0 47.347 48.107
1652.959 90.00 42.6400 100.0 47.354 48.119
1653.060 90.00 42.6400 100.0 47.358 48.106
1653.158 90.00 42.6300 100.0 47.364 48.112
1653.258 90.00 42.6200 100.0 47.379 48.178
1653.358 90.00 42.6100 100.0 47.387 48.197
1653.457 90.00 42.6000 100.0 47.394 48.204
1653.558 90.00 42.6000 100.0 47.394 48.163
1653.655 90.00 42.6000 100.0 47.403 48.192
1653.756 90.00 42.6000 100.0 47.402 48.143
1653.857 90.00 42.5900 100.0 47.409 48.154
1653.954 90.00 42.5900 100.0 47.410 48.124
1654.056 90.00 42.5800 100.0 47.417 48.137
1654.155 90.00 42.5800 100.0 47.423 48.145
1654.254 90.00 42.5700 100.0 47.429 48.153
1654.355 90.00 42.5600 100.0 47.442 48.202
1654.453 90.00 42.5500 100.0 47.446 48.192
1654.554 90.00 42.5400 100.0 47.456 48.226
1654.653 90.00 42.5400 100.0 47.454 48.175
1654.751 90.00 42.5400 100.0 47.463 48.204
1654.853 90.00 42.5300 100.0 47.465 48.176
1654.951 90.00 42.5300 100.0 47.471 48.184
1655.052 90.00 42.5200 100.0 47.481 48.217
1655.151 90.00 42.5100 100.0 47.490 48.244
1655.249 90.00 42.5000 100.0 47.503 48.300
1655.351 90.00 42.5000 100.0 47.498 48.226
1655.449 90.00 42.4900 100.0 47.505 48.234
1655.550 90.00 42.4800 100.0 47.518 48.293
1655.649 90.00 42.4800 100.0 47.523 48.287
1655.747 90.00 42.4700 100.0 47.527 48.274
1655.849 90.00 42.4700 100.0 47.526 48.236
1655.947 90.00 42.4700 100.0 47.532 48.242
1656.047 90.00 42.4600 100.0 47.539 48.255
1656.148 90.00 42.4500 100.0 47.548 48.281
1656.245 90.00 42.4500 100.0 47.551 48.264
1656.347 90.00 42.4300 100.0 47.564 48.322
1656.446 90.00 42.4400 100.0 47.560 48.255
1656.544 90.00 42.4300 100.0 47.570 48.291
1656.646 90.00 42.4200 100.0 47.580 48.321
1656.743 90.00 42.4000 100.0 47.596 48.401
1656.845 90.00 42.4000 100.0 47.595 48.351
1656.944 90.00 42.4100 100.0 47.592 48.289
1657.042 90.00 42.4000 100.0 47.599 48.307
1657.144 90.00 42.3800 100.0 47.615 48.386
1657.242 90.00 42.3800 100.0 47.618 48.368
1657.343 90.00 42.3700 100.0 47.626 48.382
1657.441 90.00 42.3700 100.0 47.624 48.334
1657.541 90.00 42.3700 100.0 47.628 48.323
1657.642 90.00 42.3700 100.0 47.632 48.320
1657.739 90.00 42.3500 100.0 47.646 48.383
1657.841 90.00 42.3400 100.0 47.654 48.402
1657.939 90.00 42.3400 100.0 47.661 48.412
1658.039 90.00 42.3400 100.0 47.660 48.369
1658.140 90.00 42.3300 100.0 47.669 48.393
1658.238 90.00 42.3300 100.0 47.674 48.391
1658.338 90.00 42.3200 100.0 47.678 48.387
1658.439 90.00 42.3100 100.0 47.685 48.403
1658.536 90.00 42.3000 100.0 47.696 48.443
1658.638 90.00 42.3000 100.0 47.700 48.433
1658.737 90.00 42.3000 100.0 47.699 48.389
1658.835 90.00 42.2800 100.0 47.715 48.466
1658.937 90.00 42.2800 100.0 47.715 48.430
1659.035 90.00 42.2800 100.0 47.723 48.450
1659.136 90.00 42.2600 100.0 47.736 48.500
1659.235 90.00 42.2600 100.0 47.738 48.476
1659.333 90.00 42.2500 100.0 47.748 48.512
1659.435 90.00 42.2600 100.0 47.741 48.425
1659.533 90.00 42.2500 100.0 47.754 48.479
1659.633 90.00 42.2400 100.0 47.763 48.511
1659.733 90.00 42.2300 100.0 47.765 48.486
1659.832 90.00 42.2300 100.0 47.774 48.509
1659.933 90.00 42.2200 100.0 47.779 48.509
1660.031 90.00 42.2100 100.0 47.790 48.551
1660.131 90.00 42.2100 100.0 47.794 48.538
1660.232 90.00 42.2100 100.0 47.790 48.472
1660.330 90.00 42.1900 100.0 47.806 48.552
1660.430 90.00 42.1800 100.0 47.815 48.576
1660.530 90.00 42.1800 100.0 47.823 48.600
1660.629 90.00 42.1800 100.0 47.818 48.523
1660.730 90.00 42.1600 100.0 47.839 48.634
1660.828 90.00 42.1700 100.0 47.834 48.558
1660.928 90.00 42.1700 100.0 47.832 48.512
1661.028 90.00 42.1500 100.0 47.850 48.598
1661.126 90.00 42.1400 100.0 47.856 48.603
1661.228 90.00 42.1400 100.0 47.858 48.580
1661.326 90.00 42.1300 100.0 47.873 48.654
1661.427 90.00 42.1300 100.0 47.866 48.561
1661.525 90.00 42.1200 100.0 47.882 48.640
1661.625 90.00 42.1200 100.0 47.881 48.594
1661.726 90.00 42.1100 100.0 47.893 48.642
1661.823 90.00 42.1000 100.0 47.901 48.660
1661.925 90.00 42.1000 100.0 47.904 48.644
1662.023 90.00 42.1000 100.0 47.903 48.600
1662.123 90.00 42.0900 100.0 47.908 48.603
1662.224 90.00 42.0800 100.0 47.923 48.675
1662.322 90.00 42.0600 100.0 47.934 48.714
1662.422 90.00 42.0700 100.0 47.929 48.641
1662.523 90.00 42.0600 100.0 47.937 48.655
1662.620 90.00 42.0500 100.0 47.951 48.718
1662.722 90.00 42.0500 100.0 47.946 48.649
1662.820 90.00 42.0400 100.0 47.957 48.686
1662.920 90.00 42.0400 100.0 47.964 48.698
1663.021 90.00 42.0200 100.0 47.977 48.757
1663.118 90.00 42.0200 100.0 47.975 48.701
1663.220 90.00 42.0100 100.0 47.989 48.761
1663.319 90.00 42.0100 100.0 47.986 48.706
1663.417 90.00 42.0000 100.0 47.996 48.736
1663.519 90.00 41.9900 100.0 48.006 48.771
1663.617 90.00 41.9900 100.0 48.012 48.776
1663.717 90.00 41.9800 100.0 48.018 48.776
1663.817 90.00 41.9800 100.0 48.024 48.781
1663.915 90.00 41.9700 100.0 48.031 48.792
1664.017 90.00 41.9700 100.0 48.032 48.764
1664.115 90.00 41.9600 100.0 48.043 48.805
1664.215 90.00 41.9500 100.0 48.048 48.801
1664.315 90.00 41.9500 100.0 48.051 48.785
1664.414 90.00 41.9500 100.0 48.052 48.751
1664.515 90.00 41.9300 100.0 48.069 48.835
1664.614 90.00 41.9200 100.0 48.078 48.861
1664.714 90.00 41.9200 100.0 48.075 48.806
1664.814 90.00 41.9100 100.0 48.087 48.847
1664.911 90.00 41.9100 100.0 48.091 48.840
1665.013 90.00 41.9000 100.0 48.098 48.854
1665.112 90.00 41.8900 100.0 48.106 48.871
1665.210 90.00 41.9000 100.0 48.102 48.802
1665.312 90.00 41.8900 100.0 48.111 48.832
1665.410 90.00 41.8900 100.0 48.112 48.805
1665.511 90.00 41.8800 100.0 48.118 48.810
1665.609 90.00 41.8700 100.0 48.132 48.874
1665.709 90.00 41.8600 100.0 48.143 48.911
1665.810 90.00 41.8600 100.0 48.138 48.842
1665.907 90.00 41.8600 100.0 48.141 48.828
1666.009 90.00 41.8500 100.0 48.153 48.877
1666.108 90.00 41.8400 100.0 48.159 48.884
1666.206 90.00 41.8400 100.0 48.162 48.868
1666.308 90.00 41.8200 100.0 48.176 48.925
1666.405 90.00 41.8300 100.0 48.169 48.842
1666.506 90.00 41.8300 100.0 48.172 48.827
1666.607 90.00 41.8100 100.0 48.191 48.926
1666.704 90.00 41.8100 100.0 48.194 48.911
1666.806 90.00 41.8000 100.0 48.197 48.901
1666.905 90.00 41.7800 100.0 48.215 48.990
1667.004 90.00 41.7900 100.0 48.211 48.923
1667.105 90.00 41.7800 100.0 48.217 48.930
1667.202 90.00 41.7800 100.0 48.221 48.920
1667.304 90.00 41.7700 100.0 48.227 48.928
1667.403 90.00 41.7600 100.0 48.235 48.949
1667.501 90.00 41.7600 100.0 48.235 48.915
1667.603 90.00 41.7500 100.0 48.252 49.001
1667.701 90.00 41.7400 100.0 48.257 48.997
1667.802 90.00 41.7300 100.0 48.268 49.039
1667.901 90.00 41.7300 100.0 48.271 49.016
1667.999 90.00 41.7300 100.0 48.270 48.973
1668.101 90.00 41.7100 100.0 48.286 49.052
1668.199 90.00 41.7200 100.0 48.283 48.992
1668.300 90.00 41.7000 100.0 48.296 49.051
1668.399 90.00 41.7000 100.0 48.295 49.004
1668.498 90.00 41.6900 100.0 48.312 49.085
1668.599 90.00 41.6900 100.0 48.312 49.051
1668.697 90.00 41.6800 100.0 48.319 49.062
1668.797 90.00 41.6700 100.0 48.325 49.067
1668.898 90.00 41.6700 100.0 48.329 49.058
1668.996 90.00 41.6600 100.0 48.337 49.074
1669.097 90.00 41.6600 100.0 48.337 49.041
1669.196 90.00 41.6600 100.0 48.339 49.018
1669.295 90.00 41.6500 100.0 48.348 49.049
1669.395 90.00 41.6500 100.0 48.350 49.024
1669.494 90.00 41.6400 100.0 48.363 49.085
1669.595 90.00 41.6300 100.0 48.367 49.076
1669.693 90.00 41.6200 100.0 48.375 49.098
1669.793 90.00 41.6200 100.0 48.382 49.106
1669.893 90.00 41.6200 100.0 48.378 49.045
1669.992 90.00 41.6100 100.0 48.387 49.071
1670.093 90.00 41.6000 100.0 48.395 49.097
1670.191 90.00 41.5900 100.0 48.410 49.164
1670.291 90.00 41.5900 100.0 48.407 49.110
1670.391 90.00 41.5800 100.0 48.414 49.124
1670.490 90.00 41.5700 100.0 48.426 49.169
1670.591 90.00 41.5800 100.0 48.422 49.106
1670.689 90.00 41.5700 100.0 48.431 49.135
1670.789 90.00 41.5600 100.0 48.440 49.158
1670.889 90.00 41.5600 100.0 48.437 49.105
1670.989 90.00 41.5500 100.0 48.453 49.185
1671.088 90.00 41.5400 100.0 48.455 49.159
1671.188 90.00 41.5400 100.0 48.454 49.117
1671.287 90.00 41.5300 100.0 48.468 49.181
1671.388 90.00 41.5300 100.0 48.470 49.157
1671.486 90.00 41.5300 100.0 48.472 49.141
1671.586 90.00 41.5100 100.0 48.485 49.197
1671.686 90.00 41.5100 100.0 48.488 49.180
1671.785 90.00 41.5100 100.0 48.493 49.186
1671.886 90.00 41.5000 100.0 48.494 49.157
1671.984 90.00 41.4900 100.0 48.505 49.202
1672.084 90.00 41.4900 100.0 48.512 49.213
1672.185 90.00 41.4900 100.0 48.511 49.175
1672.282 90.00 41.4800 100.0 48.514 49.159
1672.384 90.00 41.4600 100.0 48.534 49.270
1672.482 90.00 41.4700 100.0 48.533 49.223
1672.582 90.00 41.4600 100.0 48.536 49.207
1672.683 90.00 41.4400 100.0 48.554 49.306
1672.780 90.00 41.4400 100.0 48.556 49.280
1672.882 90.00 41.4400 100.0 48.563 49.292
1672.980 90.00 41.4400 100.0 48.559 49.226
1673.080 90.00 41.4200 100.0 48.575 49.309
1673.181 90.00 41.4200 100.0 48.581 49.312
1673.280 90.00 41.4200 100.0 48.576 49.240
1673.379 90.00 41.4200 100.0 48.582 49.248
1673.480 90.00 41.4100 100.0 48.585 49.239
1673.578 90.00 41.4100 100.0 48.593 49.259
1673.678 90.00 41.4000 100.0 48.600 49.278
1673.778 90.00 41.4000 100.0 48.603 49.260
1673.877 90.00 41.3800 100.0 48.614 49.310
1673.978 90.00 41.3800 100.0 48.614 49.272
1674.076 90.00 41.3800 100.0 48.614 49.239
1674.176 90.00 41.3800 100.0 48.620 49.252
1674.276 90.00 41.3700 100.0 48.630 49.288
1674.375 90.00 41.3600 100.0 48.635 49.289
1674.475 90.00 41.3600 100.0 48.643 49.310
1674.574 90.00 41.3400 100.0 48.654 49.357
1674.674 90.00 41.3400 100.0 48.656 49.336
1674.774 90.00 41.3400 100.0 48.663 49.348
1674.873 90.00 41.3400 100.0 48.663 49.313
1674.974 90.00 41.3200 100.0 48.679 49.396
1675.072 90.00 41.3100 100.0 48.686 49.411
1675.172 90.00 41.3100 100.0 48.684 49.361
1675.273 90.00 41.3100 100.0 48.692 49.381
1675.371 90.00 41.2900 100.0 48.705 49.436
1675.471 90.00 41.2900 100.0 48.707 49.415
1675.571 90.00 41.2900 100.0 48.709 49.391
1675.670 90.00 41.2900 100.0 48.706 49.335
1675.771 90.00 41.2800 100.0 48.716 49.375
1675.869 90.00 41.2800 100.0 48.720 49.373
1675.969 90.00 41.2700 100.0 48.726 49.380
1676.069 90.00 41.2700 100.0 48.724 49.337
1676.168 90.00 41.2600 100.0 48.743 49.437
1676.269 90.00 41.2600 100.0 48.740 49.384
1676.367 90.00 41.2500 100.0 48.752 49.435
1676.467 90.00 41.2500 100.0 48.746 49.359
1676.567 90.00 41.2400 100.0 48.759 49.414
1676.666 90.00 41.2300 100.0 48.766 49.435
1676.767 90.00 41.2400 100.0 48.763 49.379
1676.865 90.00 41.2300 100.0 48.768 49.381
1676.965 90.00 41.2200 100.0 48.776 49.406
1677.065 90.00 41.2200 100.0 48.783 49.427
1677.164 90.00 41.2000 100.0 48.799 49.508
1677.265 90.00 41.1900 100.0 48.806 49.520
1677.363 90.00 41.2000 100.0 48.803 49.461
1677.463 90.00 41.1900 100.0 48.811 49.484
1677.564 90.00 41.1900 100.0 48.810 49.443
1677.661 90.00 41.1900 100.0 48.805 49.382
1677.763 90.00 41.1800 100.0 48.816 49.426
1677.861 90.00 41.1700 100.0 48.833 49.517
1677.961 90.00 41.1700 100.0 48.832 49.475
1678.062 90.00 41.1500 100.0 48.849 49.559
1678.159 90.00 41.1500 100.0 48.850 49.535
1678.261 90.00 41.1400 100.0 48.859 49.563
1678.360 90.00 41.1300 100.0 48.868 49.592
1678.458 90.00 41.1300 100.0 48.870 49.566
1678.560 90.00 41.1300 100.0 48.866 49.503
1678.658 90.00 41.1300 100.0 48.868 49.489
1678.759 90.00 41.1200 100.0 48.880 49.540
1678.858 90.00 41.1100 100.0 48.885 49.538
1678.956 90.00 41.1000 100.0 48.899 49.609
1679.058 90.00 41.1000 100.0 48.896 49.548
1679.156 90.00 41.1000 100.0 48.902 49.557
1679.256 90.00 41.0900 100.0 48.904 49.540
1679.357 90.00 41.0800 100.0 48.914 49.580
1679.455 90.00 41.0800 100.0 48.923 49.609
1679.556 90.00 41.0800 100.0 48.920 49.553
1679.655 90.00 41.0700 100.0 48.929 49.584
1679.754 90.00 41.0700 100.0 48.926 49.533
1679.855 90.00 41.0600 100.0 48.941 49.602
1679.953 90.00 41.0400 100.0 48.955 49.672
1680.053 90.00 41.0500 100.0 48.948 49.582
1680.153 90.00 41.0400 100.0 48.956 49.608
1680.251 90.00 41.0400 100.0 48.961 49.610
1680.353 90.00 41.0300 100.0 48.971 49.653
1680.451 90.00 41.0200 100.0 48.981 49.688
1680.551 90.00 41.0100 100.0 48.984 49.670
1680.651 90.00 41.0000 100.0 48.995 49.713
1680.749 90.00 41.0100 100.0 48.991 49.650
1680.851 90.00 41.0000 100.0 49.003 49.699
1680.949 90.00 40.9800 100.0 49.014 49.744
1681.050 90.00 40.9800 100.0 49.017 49.726
1681.149 90.00 40.9800 100.0 49.014 49.672
1681.249 90.00 40.9800 100.0 49.024 49.706
1681.349 90.00 40.9700 100.0 49.031 49.727
1681.447 90.00 40.9700 100.0 49.029 49.672
1681.548 90.00 40.9500 100.0 49.047 49.768
1681.646 90.00 40.9500 100.0 49.046 49.729
1681.746 90.00 40.9500 100.0 49.051 49.725
1681.847 90.00 40.9400 100.0 49.060 49.759
1681.945 90.00 40.9300 100.0 49.068 49.777
1682.045 90.00 40.9300 100.0 49.071 49.759
1682.145 90.00 40.9200 100.0 49.074 49.749
1682.244 90.00 40.9200 100.0 49.081 49.763
1682.345 90.00 40.9100 100.0 49.089 49.786
1682.443 90.00 40.9100 100.0 49.093 49.780
1682.543 90.00 40.9000 100.0 49.096 49.769
1682.643 90.00 40.9000 100.0 49.096 49.735
1682.742 90.00 40.8900 100.0 49.109 49.791
1682.842 90.00 40.8900 100.0 49.105 49.726
1682.942 90.00 40.8800 100.0 49.118 49.790
1683.041 90.00 40.8800 100.0 49.120 49.767
1683.141 90.00 40.8700 100.0 49.127 49.789
1683.240 90.00 40.8600 100.0 49.137 49.823
1683.340 90.00 40.8600 100.0 49.135 49.773
1683.440 90.00 40.8600 100.0 49.140 49.775
1683.539 90.00 40.8500 100.0 49.151 49.826
1683.640 90.00 40.8500 100.0 49.148 49.771
1683.739 90.00 40.8400 100.0 49.162 49.836
1683.838 90.00 40.8300 100.0 49.171 49.866
1683.939 90.00 40.8400 100.0 49.161 49.759
1684.037 90.00 40.8300 100.0 49.171 49.801
1684.137 90.00 40.8200 100.0 49.175 49.797
1684.237 90.00 40.8200 100.0 49.183 49.820
1684.335 90.00 40.8200 100.0 49.183 49.792
1684.437 90.00 40.8100 100.0 49.192 49.819
1684.535 90.00 40.8100 100.0 49.193 49.795
1684.635 90.00 40.8000 100.0 49.201 49.821
1684.735 90.00 40.7900 100.0 49.212 49.866
1684.833 90.00 40.7800 100.0 49.219 49.886
1684.935 90.00 40.7800 100.0 49.219 49.849
1685.033 90.00 40.7700 100.0 49.227 49.876
1685.133 90.00 40.7700 100.0 49.226 49.836
1685.233 90.00 40.7700 100.0 49.232 49.850
1685.332 90.00 40.7500 100.0 49.244 49.901
1685.433 90.00 40.7500 100.0 49.250 49.910
1685.530 90.00 40.7400 100.0 49.258 49.935
1685.632 90.00 40.7300 100.0 49.264 49.943
1685.732 90.00 40.7400 100.0 49.260 49.881
1685.829 90.00 40.7300 100.0 49.270 49.920
1685.931 90.00 40.7200 100.0 49.278 49.942
1686.029 90.00 40.7200 100.0 49.279 49.915
1686.129 90.00 40.7100 100.0 49.291 49.968
1686.230 90.00 40.7100 100.0 49.291 49.935
1686.327 90.00 40.7100 100.0 49.293 49.914
1686.429 90.00 40.7100 100.0 49.294 49.891
1686.528 90.00 40.6900 100.0 49.310 49.974
1686.626 90.00 40.6800 100.0 49.318 50.000
1686.728 90.00 40.6800 100.0 49.321 49.983
1686.825 90.00 40.6600 100.0 49.338 50.068
1686.927 90.00 40.6600 100.0 49.335 50.015
1687.026 90.00 40.6600 100.0 49.335 49.977
1687.124 90.00 40.6600 100.0 49.343 50.003
1687.226 90.00 40.6500 100.0 49.347 50.001
1687.323 90.00 40.6400 100.0 49.355 50.020
1687.425 90.00 40.6400 100.0 49.358 50.007
1687.524 90.00 40.6400 100.0 49.362 50.005
1687.622 90.00 40.6300 100.0 49.369 50.018
1687.724 90.00 40.6200 100.0 49.376 50.039
1687.822 90.00 40.6100 100.0 49.384 50.061
1687.922 90.00 40.6100 100.0 49.389 50.063
1688.023 90.00 40.6100 100.0 49.392 50.049
1688.120 90.00 40.6000 100.0 49.399 50.068
1688.221 90.00 40.5900 100.0 49.406 50.083
1688.321 90.00 40.5900 100.0 49.408 50.062
1688.419 90.00 40.5800 100.0 49.417 50.088
1688.521 90.00 40.5800 100.0 49.417 50.059
1688.619 90.00 40.5700 100.0 49.434 50.142
1688.719 90.00 40.5500 100.0 49.447 50.197
1688.819 90.00 40.5600 100.0 49.441 50.123
1688.917 90.00 40.5500 100.0 49.445 50.112
1689.019 90.00 40.5500 100.0 49.448 50.102
1689.117 90.00 40.5400 100.0 49.455 50.121
1689.218 90.00 40.5400 100.0 49.463 50.142
1689.316 90.00 40.5400 100.0 49.459 50.081
1689.416 90.00 40.5200 100.0 49.476 50.166
1689.517 90.00 40.5200 100.0 49.483 50.180
1689.614 90.00 40.5100 100.0 49.485 50.162
1689.716 90.00 40.5200 100.0 49.479 50.088
1689.814 90.00 40.5100 100.0 49.489 50.127
1689.914 90.00 40.5000 100.0 49.496 50.140
1690.015 90.00 40.4900 100.0 49.509 50.200
1690.113 90.00 40.4900 100.0 49.507 50.151
1690.213 90.00 40.4900 100.0 49.508 50.126
1690.314 90.00 40.4800 100.0 49.522 50.192
1690.411 90.00 40.4700 100.0 49.528 50.203
1690.513 90.00 40.4700 100.0 49.528 50.166
1690.611 90.00 40.4600 100.0 49.536 50.193
1690.711 90.00 40.4600 100.0 49.539 50.181
1690.811 90.00 40.4500 100.0 49.545 50.192
1690.910 90.00 40.4600 100.0 49.543 50.144
1691.011 90.00 40.4400 100.0 49.562 50.246
1691.109 90.00 40.4400 100.0 49.557 50.181
1691.209 90.00 40.4200 100.0 49.579 50.298
1691.310 90.00 40.4300 100.0 49.573 50.220
1691.407 90.00 40.4100 100.0 49.592 50.321
1691.509 90.00 40.4100 100.0 49.591 50.279
1691.608 90.00 40.4000 100.0 49.598 50.294
1691.706 90.00 40.3900 100.0 49.604 50.304
1691.808 90.00 40.4000 100.0 49.597 50.221
1691.905 90.00 40.3900 100.0 49.604 50.239
1692.006 90.00 40.3900 100.0 49.613 50.265
1692.107 90.00 40.3800 100.0 49.618 50.273
1692.204 90.00 40.3900 100.0 49.613 50.202
1692.306 90.00 40.3800 100.0 49.624 50.247
1692.405 90.00 40.3700 100.0 49.625 50.227
1692.504 90.00 40.3700 100.0 49.629 50.223
1692.605 90.00 40.3700 100.0 49.632 50.217
1692.703 90.00 40.3800 100.0 49.621 50.109
1692.804 90.00 40.3700 100.0 49.632 50.161
1692.903 90.00 40.3600 100.0 49.638 50.176
1693.001 90.00 40.3400 100.0 49.656 50.278
1693.103 90.00 40.3400 100.0 49.658 50.259
1693.201 90.00 40.3300 100.0 49.666 50.283
1693.302 90.00 40.3300 100.0 49.672 50.293
1693.400 90.00 40.3200 100.0 49.675 50.287
1693.500 90.00 40.3100 100.0 49.691 50.368
1693.601 90.00 40.3100 100.0 49.687 50.305
1693.698 90.00 40.3000 100.0 49.695 50.331
1693.800 90.00 40.2900 100.0 49.708 50.390
1693.899 90.00 40.2900 100.0 49.707 50.348
1693.997 90.00 40.2800 100.0 49.719 50.399
1694.099 90.00 40.2900 100.0 49.710 50.305
1694.197 90.00 40.2600 100.0 49.734 50.442
1694.297 90.00 40.2700 100.0 49.726 50.351
1694.398 90.00 40.2600 100.0 49.734 50.376
1694.495 90.00 40.2600 100.0 49.738 50.373
1694.597 90.00 40.2500 100.0 49.749 50.413
1694.696 90.00 40.2500 100.0 49.754 50.414
1694.794 90.00 40.2400 100.0 49.757 50.404
1694.896 90.00 40.2500 100.0 49.750 50.321
1694.994 90.00 40.2400 100.0 49.755 50.332
1695.094 90.00 40.2300 100.0 49.773 50.429
1695.194 90.00 40.2200 100.0 49.780 50.441
1695.293 90.00 40.2200 100.0 49.775 50.379
1695.394 90.00 40.2200 100.0 49.777 50.359
1695.492 90.00 40.2100 100.0 49.790 50.423
1695.592 90.00 40.2000 100.0 49.797 50.439
1695.692 90.00 40.2000 100.0 49.802 50.442
1695.791 90.00 40.2000 100.0 49.794 50.355
1695.892 90.00 40.1900 100.0 49.814 50.463
1695.990 90.00 40.1900 100.0 49.811 50.414
1696.090 90.00 40.1800 100.0 49.820 50.447
1696.190 90.00 40.1800 100.0 49.822 50.426
1696.289 90.00 40.1700 100.0 49.832 50.470
1696.389 90.00 40.1800 100.0 49.823 50.373
1696.489 90.00 40.1500 100.0 49.844 50.496
1696.588 90.00 40.1500 100.0 49.850 50.499
1696.689 90.00 40.1500 100.0 49.852 50.487
1696.787 90.00 40.1500 100.0 49.849 50.430
1696.887 90.00 40.1400 100.0 49.861 50.486
1696.987 90.00 40.1300 100.0 49.865 50.480
1697.086 90.00 40.1300 100.0 49.871 50.490
1697.187 90.00 40.1200 100.0 49.874 50.485
1697.284 90.00 40.1200 100.0 49.875 50.457
1697.386 90.00 40.1200 100.0 49.880 50.463
1697.485 90.00 40.1100 100.0 49.886 50.482
1697.583 90.00 40.1100 100.0 49.888 50.464
1697.685 90.00 40.1000 100.0 49.904 50.543
1697.782 90.00 40.0900 100.0 49.905 50.522
1697.884 90.00 40.0900 100.0 49.912 50.539
1697.983 90.00 40.0900 100.0 49.912 50.509
1698.081 90.00 40.0800 100.0 49.914 50.491
1698.183 90.00 40.0700 100.0 49.929 50.568
1698.280 90.00 40.0600 100.0 49.939 50.608
1698.382 90.00 40.0600 100.0 49.937 50.561
1698.482 90.00 40.0600 100.0 49.943 50.568
1698.579 90.00 40.0400 100.0 49.956 50.629
1698.681 90.00 40.0500 100.0 49.953 50.578
1698.779 90.00 40.0400 100.0 49.956 50.561
1698.879 90.00 40.0300 100.0 49.964 50.593
1698.980 90.00 40.0300 100.0 49.972 50.617
1699.077 90.00 40.0200 100.0 49.981 50.647
1699.179 90.00 40.0200 100.0 49.982 50.619
1699.277 90.00 40.0100 100.0 49.992 50.660
1699.377 90.00 40.0100 100.0 49.985 50.575
1699.478 90.00 40.0000 100.0 49.994 50.609
1699.575 90.00 40.0000 100.0 49.997 50.598
1699.677 90.00 40.0000 100.0 49.997 50.568
1699.775 90.00 39.9800 100.0 50.015 50.669
1699.875 90.00 39.9800 100.0 50.018 50.653
1699.976 90.00 39.9700 100.0 50.026 50.682
1700.073 90.00 39.9800 100.0 50.021 50.613
1700.175 90.00 39.9700 100.0 50.027 50.621
1700.273 90.00 39.9600 100.0 50.037 50.663
1700.373 90.00 39.9500 100.0 50.050 50.720
1700.474 90.00 39.9500 100.0 50.052 50.701
1700.572 90.00 39.9500 100.0 50.046 50.628
1700.672 90.00 39.9300 100.0 50.065 50.731
1700.771 90.00 39.9300 100.0 50.066 50.709
1700.871 90.00 39.9200 100.0 50.078 50.761
1700.971 90.00 39.9200 100.0 50.081 50.749
1701.071 90.00 39.9100 100.0 50.084 50.735
1701.170 90.00 39.9100 100.0 50.089 50.733
1701.271 90.00 39.9000 100.0 50.097 50.763
1701.368 90.00 39.9000 100.0 50.101 50.751
1701.470 90.00 39.9000 100.0 50.100 50.717
1701.569 90.00 39.8900 100.0 50.112 50.768
1701.667 90.00 39.8800 100.0 50.117 50.773
1701.769 90.00 39.8900 100.0 50.114 50.713
1701.867 90.00 39.8700 100.0 50.129 50.791
1701.967 90.00 39.8600 100.0 50.135 50.800
1702.067 90.00 39.8700 100.0 50.128 50.716
1702.165 90.00 39.8600 100.0 50.139 50.768
1702.267 90.00 39.8500 100.0 50.146 50.781
1702.365 90.00 39.8500 100.0 50.146 50.751
1702.465 90.00 39.8500 100.0 50.153 50.768
1702.565 90.00 39.8400 100.0 50.155 50.754
1702.664 90.00 39.8300 100.0 50.167 50.806
1702.764 90.00 39.8300 100.0 50.166 50.769
1702.864 90.00 39.8200 100.0 50.181 50.841
1702.963 90.00 39.8100 100.0 50.184 50.834
1703.064 90.00 39.8000 100.0 50.196 50.884
1703.162 90.00 39.8000 100.0 50.199 50.873
1703.262 90.00 39.8000 100.0 50.202 50.855
1703.362 90.00 39.8000 100.0 50.200 50.808
1703.460 90.00 39.7900 100.0 50.210 50.850
1703.562 90.00 39.7900 100.0 50.212 50.829
1703.660 90.00 39.7900 100.0 50.210 50.789
1703.760 90.00 39.7900 100.0 50.213 50.781
1703.860 90.00 39.7700 100.0 50.229 50.861
1703.959 90.00 39.7700 100.0 50.228 50.821
1704.059 90.00 39.7600 100.0 50.243 50.896
1704.158 90.00 39.7600 100.0 50.242 50.859
1704.258 90.00 39.7500 100.0 50.247 50.861
1704.358 90.00 39.7500 100.0 50.245 50.822
1704.457 90.00 39.7400 100.0 50.263 50.919
1704.557 90.00 39.7400 100.0 50.259 50.855
1704.656 90.00 39.7300 100.0 50.270 50.903
1704.756 90.00 39.7200 100.0 50.283 50.960
1704.856 90.00 39.7200 100.0 50.277 50.883
1704.955 90.00 39.7200 100.0 50.274 50.835
1705.055 90.00 39.7100 100.0 50.289 50.913
1705.155 90.00 39.7000 100.0 50.299 50.951
1705.254 90.00 39.7000 100.0 50.294 50.885
1705.355 90.00 39.7000 100.0 50.300 50.896
1705.452 90.00 39.6900 100.0 50.308 50.920
1705.554 90.00 39.6900 100.0 50.308 50.893
1705.653 90.00 39.6900 100.0 50.313 50.896
1705.751 90.00 39.6800 100.0 50.320 50.919
1705.853 90.00 39.6700 100.0 50.329 50.946
1705.951 90.00 39.6600 100.0 50.335 50.959
1706.051 90.00 39.6700 100.0 50.332 50.908
1706.151 90.00 39.6500 100.0 50.350 51.002
1706.250 90.00 39.6600 100.0 50.343 50.924
1706.350 90.00 39.6500 100.0 50.348 50.928
1706.449 90.00 39.6400 100.0 50.354 50.942
1706.550 90.00 39.6400 100.0 50.362 50.967
1706.649 90.00 39.6400 100.0 50.363 50.946
1706.748 90.00 39.6300 100.0 50.368 50.951
1706.848 90.00 39.6200 100.0 50.375 50.969
1706.947 90.00 39.6100 100.0 50.389 51.038
1707.047 90.00 39.6200 100.0 50.377 50.922
1707.148 90.00 39.6100 100.0 50.392 51.000
1707.246 90.00 39.6000 100.0 50.398 51.014
1707.346 90.00 39.6000 100.0 50.403 51.019
1707.446 90.00 39.5900 100.0 50.413 51.059
1707.544 90.00 39.5900 100.0 50.407 50.984
1707.645 90.00 39.5800 100.0 50.422 51.056
1707.744 90.00 39.5700 100.0 50.424 51.042
1707.844 90.00 39.5700 100.0 50.427 51.027
1707.944 90.00 39.5600 100.0 50.437 51.074
1708.043 90.00 39.5600 100.0 50.439 51.054
1708.143 90.00 39.5400 100.0 50.457 51.147
1708.242 90.00 39.5500 100.0 50.449 51.058
1708.342 90.00 39.5400 100.0 50.456 51.078
1708.442 90.00 39.5300 100.0 50.470 51.145
1708.541 90.00 39.5300 100.0 50.467 51.085
1708.641 90.00 39.5200 100.0 50.483 51.170
1708.740 90.00 39.5200 100.0 50.477 51.094
1708.840 90.00 39.5100 100.0 50.485 51.119
1708.940 90.00 39.5100 100.0 50.490 51.118
1709.039 90.00 39.4900 100.0 50.504 51.189
1709.140 90.00 39.4900 100.0 50.505 51.158
1709.239 90.00 39.5000 100.0 50.502 51.108
1709.338 90.00 39.4800 100.0 50.515 51.168
1709.439 90.00 39.4800 100.0 50.521 51.175
1709.536 90.00 39.4800 100.0 50.517 51.114
1709.638 90.00 39.4700 100.0 50.526 51.152
1709.737 90.00 39.4700 100.0 50.530 51.143
1709.835 90.00 39.4700 100.0 50.533 51.139
1709.937 90.00 39.4500 100.0 50.544 51.184
1710.035 90.00 39.4600 100.0 50.539 51.120
1710.135 90.00 39.4600 100.0 50.540 51.092
1710.235 90.00 39.4600 100.0 50.543 51.087
1710.333 90.00 39.4300 100.0 50.568 51.233
1710.435 90.00 39.4300 100.0 50.568 51.204
1710.533 90.00 39.4300 100.0 50.570 51.185
1710.633 90.00 39.4200 100.0 50.576 51.199
1710.733 90.00 39.4200 100.0 50.583 51.213
1710.832 90.00 39.4200 100.0 50.582 51.177
1710.933 90.00 39.4100 100.0 50.591 51.209
1711.031 90.00 39.4000 100.0 50.597 51.220
1711.131 90.00 39.4000 100.0 50.599 51.202
1711.232 90.00 39.3900 100.0 50.610 51.252
1711.330 90.00 39.4000 100.0 50.601 51.156
1711.430 90.00 39.3900 100.0 50.610 51.191
1711.530 90.00 39.3800 100.0 50.619 51.220
1711.629 90.00 39.3700 100.0 50.625 51.234
1711.730 90.00 39.3800 100.0 50.620 51.169
1711.828 90.00 39.3700 100.0 50.628 51.202
1711.928 90.00 39.3700 100.0 50.629 51.174
1712.028 90.00 39.3700 100.0 50.629 51.151
1712.127 90.00 39.3500 100.0 50.646 51.239
1712.227 90.00 39.3500 100.0 50.647 51.221
1712.326 90.00 39.3500 100.0 50.653 51.232
1712.426 90.00 39.3400 100.0 50.654 51.214
1712.526 90.00 39.3400 100.0 50.656 51.195
1712.625 90.00 39.3400 100.0 50.655 51.160
1712.725 90.00 39.3300 100.0 50.666 51.214
1712.824 90.00 39.3300 100.0 50.674 51.242
1712.924 90.00 39.3100 100.0 50.686 51.299
1713.024 90.00 39.3200 100.0 50.677 51.202
1713.123 90.00 39.3200 100.0 50.682 51.213
1713.224 90.00 39.3000 100.0 50.699 51.309
1713.322 90.00 39.3200 100.0 50.682 51.156
1713.422 90.00 39.3000 100.0 50.696 51.228
1713.523 90.00 39.2900 100.0 50.705 51.264
1713.620 90.00 39.3000 100.0 50.700 51.208
1713.721 90.00 39.2900 100.0 50.712 51.267
1713.821 90.00 39.2800 100.0 50.715 51.257
1713.919 90.00 39.2700 100.0 50.726 51.304
1714.020 90.00 39.2700 100.0 50.734 51.331
1714.119 90.00 39.2700 100.0 50.732 51.290
1714.219 90.00 39.2600 100.0 50.743 51.336
1714.319 90.00 39.2500 100.0 50.744 51.319
1714.418 90.00 39.2500 100.0 50.744 51.290
1714.518 90.00 39.2400 100.0 50.758 51.358
1714.617 90.00 39.2400 100.0 50.757 51.320
1714.718 90.00 39.2300 100.0 50.767 51.361
1714.817 90.00 39.2300 100.0 50.767 51.331
1714.916 90.00 39.2300 100.0 50.772 51.340
1715.016 90.00 39.2300 100.0 50.770 51.295
1715.115 90.00 39.2100 100.0 50.787 51.393
1715.216 90.00 39.2100 100.0 50.788 51.368
1715.314 90.00 39.2100 100.0 50.793 51.370
1715.414 90.00 39.1900 100.0 50.805 51.427
1715.514 90.00 39.2100 100.0 50.791 51.301
1715.614 90.00 39.2000 100.0 50.801 51.340
1715.713 90.00 39.1700 100.0 50.824 51.478
1715.813 90.00 39.1900 100.0 50.811 51.356
1715.912 90.00 39.1700 100.0 50.827 51.440
1716.012 90.00 39.1700 100.0 50.825 51.397
1716.112 90.00 39.1600 100.0 50.837 51.446
1716.211 90.00 39.1500 100.0 50.844 51.467
1716.311 90.00 39.1600 100.0 50.841 51.413
1716.410 90.00 39.1400 100.0 50.856 51.494
1716.511 90.00 39.1400 100.0 50.856 51.462
1716.610 90.00 39.1400 100.0 50.855 51.423
1716.709 90.00 39.1500 100.0 50.852 51.372
1716.809 90.00 39.1400 100.0 50.860 51.404
1716.908 90.00 39.1400 100.0 50.855 51.341
1717.009 90.00 39.1200 100.0 50.876 51.462
1717.108 90.00 39.1300 100.0 50.874 51.418
1717.206 90.00 39.1200 100.0 50.877 51.414
1717.308 90.00 39.1200 100.0 50.883 51.430
1717.406 90.00 39.1200 100.0 50.883 51.399
1717.506 90.00 39.1200 100.0 50.884 51.382
1717.607 90.00 39.1000 100.0 50.896 51.443
1717.705 90.00 39.1100 100.0 50.889 51.368
1717.806 90.00 39.1100 100.0 50.886 51.321
1717.905 90.00 39.1200 100.0 50.879 51.252
1718.004 90.00 39.1000 100.0 50.896 51.351
1718.105 90.00 39.1000 100.0 50.902 51.368
1718.203 90.00 39.1000 100.0 50.899 51.324
1718.303 90.00 39.1000 100.0 50.900 51.309
1718.403 90.00 39.0900 100.0 50.907 51.337
1718.501 90.00 39.0800 100.0 50.914 51.370
1718.603 90.00 39.0900 100.0 50.910 51.318
1718.701 90.00 39.0800 100.0 50.921 51.375
1718.801 90.00 39.0800 100.0 50.922 51.360
1718.901 90.00 39.0700 100.0 50.933 51.413
1718.999 90.00 39.0700 100.0 50.929 51.359
1719.101 90.00 39.0700 100.0 50.933 51.370
1719.199 90.00 39.0600 100.0 50.939 51.389
1719.300 90.00 39.0500 100.0 50.946 51.415
1719.399 90.00 39.0500 100.0 50.951 51.427
1719.498 90.00 39.0500 100.0 50.951 51.405
1719.598 90.00 39.0400 100.0 50.956 51.414
1719.697 90.00 39.0400 100.0 50.960 51.417
1719.798 90.00 39.0400 100.0 50.957 51.376
1719.897 90.00 39.0300 100.0 50.969 51.442
1719.996 90.00 39.0200 100.0 50.977 51.473
1720.096 90.00 39.0100 100.0 50.986 51.506
1720.196 90.00 39.0100 100.0 50.984 51.471
1720.295 90.00 39.0100 100.0 50.989 51.482
1720.395 90.00 39.0100 100.0 50.990 51.460
1720.494 90.00 39.0100 100.0 50.990 51.442
1720.594 90.00 39.0000 100.0 51.000 51.487
1720.694 90.00 39.0000 100.0 51.001 51.467
1720.793 90.00 38.9900 100.0 51.005 51.471
1720.894 90.00 38.9800 100.0 51.016 51.530
1720.992 90.00 38.9900 100.0 51.011 51.468
1721.093 90.00 38.9800 100.0 51.021 51.511
1721.191 90.00 38.9800 100.0 51.023 51.502
1721.291 90.00 38.9700 100.0 51.033 51.549
1721.392 90.00 38.9700 100.0 51.027 51.479
1721.489 90.00 38.9600 100.0 51.041 51.558
1721.591 90.00 38.9600 100.0 51.041 51.529
1721.689 90.00 38.9500 100.0 51.045 51.533
1721.789 90.00 38.9500 100.0 51.044 51.506
1721.890 90.00 38.9400 100.0 51.054 51.550
1721.988 90.00 38.9400 100.0 51.062 51.578
1722.088 90.00 38.9300 100.0 51.068 51.598
1722.188 90.00 38.9200 100.0 51.077 51.632
1722.287 90.00 38.9200 100.0 51.079 51.618
1722.388 90.00 38.9100 100.0 51.086 51.641
1722.486 90.00 38.9100 100.0 51.092 51.657
1722.586 90.00 38.9000 100.0 51.094 51.644
1722.687 90.00 38.8900 100.0 51.105 51.694
1722.785 90.00 38.8900 100.0 51.108 51.681
1722.886 90.00 38.8800 100.0 51.118 51.725
1722.984 90.00 38.8800 100.0 51.120 51.708
1723.084 90.00 38.8800 100.0 51.114 51.640
1723.185 90.00 38.8800 100.0 51.124 51.678
1723.282 90.00 38.8700 100.0 51.133 51.714
1723.384 90.00 38.8600 100.0 51.137 51.718
1723.482 90.00 38.8600 100.0 51.135 51.671
1723.582 90.00 38.8500 100.0 51.144 51.710
1723.683 90.00 38.8500 100.0 51.148 51.709
1723.780 90.00 38.8500 100.0 51.145 51.657
1723.882 90.00 38.8400 100.0 51.155 51.704
1723.980 90.00 38.8400 100.0 51.160 51.708
1724.079 90.00 38.8400 100.0 51.158 51.669
1724.181 90.00 38.8300 100.0 51.164 51.684
1724.279 90.00 38.8300 100.0 51.170 51.700
1724.379 90.00 38.8200 100.0 51.176 51.717
1724.480 90.00 38.8200 100.0 51.177 51.699
1724.577 90.00 38.8100 100.0 51.185 51.730
1724.679 90.00 38.8200 100.0 51.183 51.686
1724.778 90.00 38.8200 100.0 51.179 51.636
1724.876 90.00 38.8100 100.0 51.185 51.650
1724.978 90.00 38.8100 100.0 51.186 51.637
1725.077 90.00 38.8100 100.0 51.184 51.600
1725.177 90.00 38.8100 100.0 51.186 51.593
1725.275 90.00 38.8100 100.0 51.188 51.584
1725.375 90.00 38.8100 100.0 51.190 51.579
1725.476 90.00 38.8100 100.0 51.193 51.583
1725.573 90.00 38.8000 100.0 51.203 51.635
1725.675 90.00 38.7800 100.0 51.217 51.709
1725.773 90.00 38.7900 100.0 51.212 51.647
1725.873 90.00 38.7800 100.0 51.215 51.645
1725.974 90.00 38.7800 100.0 51.216 51.634
1726.072 90.00 38.7800 100.0 51.219 51.634
1726.172 90.00 38.7800 100.0 51.219 51.615
1726.271 90.00 38.7700 100.0 51.229 51.666
1726.371 90.00 38.7600 100.0 51.234 51.675
1726.472 90.00 38.7500 100.0 51.247 51.743
1726.570 90.00 38.7400 100.0 51.258 51.798
1726.670 90.00 38.7300 100.0 51.264 51.815
1726.771 90.00 38.7300 100.0 51.267 51.805
1726.869 90.00 38.7200 100.0 51.275 51.836
1726.970 90.00 38.7300 100.0 51.273 51.793
1727.068 90.00 38.7200 100.0 51.276 51.785
1727.168 90.00 38.7300 100.0 51.270 51.720
1727.269 90.00 38.7200 100.0 51.279 51.760
1727.366 90.00 38.7200 100.0 51.279 51.734
1727.468 90.00 38.7200 100.0 51.282 51.734
1727.566 90.00 38.7100 100.0 51.285 51.731
1727.666 90.00 38.7100 100.0 51.289 51.741
1727.767 90.00 38.7000 100.0 51.299 51.784
1727.864 90.00 38.7000 100.0 51.299 51.763
1727.966 90.00 38.7000 100.0 51.302 51.757
1728.064 90.00 38.6800 100.0 51.316 51.837
1728.164 90.00 38.6700 100.0 51.324 51.869
1728.265 90.00 38.6800 100.0 51.322 51.821
1728.363 90.00 38.6700 100.0 51.331 51.859
1728.463 90.00 38.6700 100.0 51.329 51.824
1728.564 90.00 38.6700 100.0 51.327 51.782
1728.661 90.00 38.6600 100.0 51.342 51.866
1728.763 90.00 38.6500 100.0 51.346 51.867
1728.861 90.00 38.6400 100.0 51.358 51.923
1728.961 90.00 38.6500 100.0 51.351 51.844
1729.063 90.00 38.6400 100.0 51.363 51.904
1729.160 90.00 38.6400 100.0 51.356 51.834
1729.260 90.00 38.6300 100.0 51.367 51.882
1729.360 90.00 38.6300 100.0 51.364 51.838
1729.459 90.00 38.6300 100.0 51.369 51.846
1729.559 90.00 38.6300 100.0 51.368 51.817
1729.658 90.00 38.6300 100.0 51.372 51.822
1729.759 90.00 38.6200 100.0 51.377 51.835
1729.857 90.00 38.6300 100.0 51.372 51.777
1729.957 90.00 38.6300 100.0 51.372 51.754
1730.057 90.00 38.6100 100.0 51.388 51.854
1730.156 90.00 38.6100 100.0 51.385 51.808
1730.256 90.00 38.6100 100.0 51.390 51.820
1730.355 90.00 38.6100 100.0 51.386 51.774
1730.455 90.00 38.6000 100.0 51.401 51.857
1730.555 90.00 38.6000 100.0 51.396 51.796
1730.655 90.00 38.6000 100.0 51.400 51.809
1730.754 90.00 38.5900 100.0 51.413 51.878
1730.854 90.00 38.5900 100.0 51.413 51.854
1730.953 90.00 38.5800 100.0 51.423 51.899
1731.053 90.00 38.5900 100.0 51.413 51.810
1731.153 90.00 38.5800 100.0 51.420 51.837
1731.252 90.00 38.5800 100.0 51.420 51.820
1731.352 90.00 38.5700 100.0 51.431 51.874
1731.451 90.00 38.5600 100.0 51.434 51.871
1731.552 90.00 38.5700 100.0 51.431 51.828
1731.650 90.00 38.5500 100.0 51.447 51.918
1731.750 90.00 38.5500 100.0 51.446 51.891
1731.850 90.00 38.5500 100.0 51.453 51.915
1731.949 90.00 38.5500 100.0 51.454 51.899
1732.050 90.00 38.5400 100.0 51.460 51.921
1732.148 90.00 38.5300 100.0 51.471 51.977
1732.248 90.00 38.5400 100.0 51.462 51.885
1732.349 90.00 38.5200 100.0 51.477 51.968
1732.447 90.00 38.5300 100.0 51.471 51.904
1732.548 90.00 38.5200 100.0 51.482 51.962
1732.646 90.00 38.5100 100.0 51.488 51.974
1732.746 90.00 38.5200 100.0 51.482 51.913
1732.847 90.00 38.5100 100.0 51.490 51.948
1732.946 90.00 38.5100 100.0 51.491 51.932
1733.045 90.00 38.5000 100.0 51.498 51.959
1733.146 90.00 38.5000 100.0 51.495 51.914
1733.243 90.00 38.5000 100.0 51.503 51.948
1733.345 90.00 38.4900 100.0 51.510 51.972
1733.444 90.00 38.4800 100.0 51.521 52.027
1733.542 90.00 38.4800 100.0 51.518 51.980
1733.644 90.00 38.4700 100.0 51.533 52.066
1733.742 90.00 38.4600 100.0 51.534 52.044
1733.842 90.00 38.4800 100.0 51.522 51.938
1733.942 90.00 38.4700 100.0 51.530 51.973
1734.040 90.00 38.4700 100.0 51.532 51.964
1734.142 90.00 38.4600 100.0 51.536 51.970
1734.240 90.00 38.4500 100.0 51.548 52.034
1734.340 90.00 38.4600 100.0 51.540 51.948
1734.440 90.00 38.4400 100.0 51.554 52.029
1734.539 90.00 38.4400 100.0 51.561 52.053
1734.639 90.00 38.4400 100.0 51.558 52.009
1734.739 90.00 38.4400 100.0 51.564 52.025
1734.838 90.00 38.4200 100.0 51.577 52.094
1734.938 90.00 38.4300 100.0 51.573 52.045
1735.037 90.00 38.4200 100.0 51.574 52.028
1735.137 90.00 38.4100 100.0 51.588 52.103
1735.237 90.00 38.4100 100.0 51.589 52.081
1735.336 90.00 38.4100 100.0 51.592 52.080
1735.436 90.00 38.4100 100.0 51.591 52.047
1735.535 90.00 38.4000 100.0 51.601 52.092
1735.635 90.00 38.3900 100.0 51.609 52.124
1735.735 90.00 38.3900 100.0 51.612 52.118
1735.834 90.00 38.4000 100.0 51.603 52.035
1735.934 90.00 38.3900 100.0 51.609 52.053
1736.033 90.00 38.3900 100.0 51.612 52.050
1736.133 90.00 38.3700 100.0 51.624 52.115
1736.233 90.00 38.3700 100.0 51.631 52.140
1736.332 90.00 38.3700 100.0 51.629 52.098
1736.432 90.00 38.3700 100.0 51.633 52.101
1736.531 90.00 38.3600 100.0 51.644 52.154
1736.632 90.00 38.3500 100.0 51.646 52.144
1736.731 90.00 38.3600 100.0 51.644 52.103
1736.830 90.00 38.3500 100.0 51.646 52.095
1736.930 90.00 38.3500 100.0 51.646 52.072
1737.030 90.00 38.3400 100.0 51.661 52.157
1737.130 90.00 38.3400 100.0 51.657 52.105
1737.230 90.00 38.3300 100.0 51.664 52.135
1737.327 90.00 38.3300 100.0 51.671 52.158
1737.429 90.00 38.3300 100.0 51.669 52.122
1737.528 90.00 38.3200 100.0 51.679 52.166
1737.626 90.00 38.3200 100.0 51.675 52.114
1737.728 90.00 38.3100 100.0 51.687 52.177
1737.826 90.00 38.3100 100.0 51.692 52.186
1737.927 90.00 38.3100 100.0 51.691 52.156
1738.026 90.00 38.3100 100.0 51.691 52.134
1738.124 90.00 38.3000 100.0 51.700 52.173
1738.226 90.00 38.3000 100.0 51.701 52.157
1738.324 90.00 38.2900 100.0 51.706 52.171
1738.425 90.00 38.2900 100.0 51.708 52.162
1738.524 90.00 38.2800 100.0 51.717 52.202
1738.622 90.00 38.2800 100.0 51.721 52.203
1738.724 90.00 38.2800 100.0 51.720 52.175
1738.822 90.00 38.2800 100.0 51.721 52.156
1738.922 90.00 38.2800 100.0 51.719 52.122
1739.023 90.00 38.2700 100.0 51.728 52.162
1739.120 90.00 38.2600 100.0 51.734 52.186
1739.221 90.00 38.2600 100.0 51.737 52.183
1739.321 90.00 38.2500 100.0 51.746 52.225
1739.419 90.00 38.2500 100.0 51.749 52.217
1739.521 90.00 38.2500 100.0 51.753 52.224
1739.619 90.00 38.2500 100.0 51.752 52.193
1739.719 90.00 38.2400 100.0 51.759 52.222
1739.819 90.00 38.2300 100.0 51.767 52.251
1739.918 90.00 38.2300 100.0 51.772 52.266
1740.019 90.00 38.2200 100.0 51.781 52.299
1740.117 90.00 38.2100 100.0 51.785 52.305
1740.217 90.00 38.2100 100.0 51.788 52.302
1740.317 90.00 38.2100 100.0 51.792 52.304
1740.416 90.00 38.2000 100.0 51.799 52.328
1740.516 90.00 38.1900 100.0 51.807 52.352
1740.615 90.00 38.1900 100.0 51.804 52.305
1740.715 90.00 38.1800 100.0 51.816 52.368
1740.815 90.00 38.1900 100.0 51.812 52.308
1740.914 90.00 38.1700 100.0 51.825 52.375
1741.015 90.00 38.1700 100.0 51.830 52.386
1741.113 90.00 38.1700 100.0 51.824 52.314
1741.213 90.00 38.1700 100.0 51.831 52.341
1741.314 90.00 38.1600 100.0 51.837 52.355
1741.411 90.00 38.1600 100.0 51.843 52.372
1741.513 90.00 38.1600 100.0 51.836 52.293
1741.612 90.00 38.1500 100.0 51.845 52.338
1741.710 90.00 38.1500 100.0 51.851 52.354
1741.812 90.00 38.1500 100.0 51.849 52.312
1741.909 90.00 38.1400 100.0 51.858 52.353
1742.011 90.00 38.1500 100.0 51.849 52.269
1742.110 90.00 38.1400 100.0 51.856 52.293
1742.208 90.00 38.1300 100.0 51.869 52.362
1742.310 90.00 38.1500 100.0 51.852 52.218
1742.408 90.00 38.1300 100.0 51.869 52.317
1742.508 90.00 38.1400 100.0 51.864 52.259
1742.608 90.00 38.1200 100.0 51.874 52.313
1742.706 90.00 38.1200 100.0 51.875 52.301
1742.808 90.00 38.1200 100.0 51.876 52.287
1742.906 90.00 38.1300 100.0 51.871 52.226
1743.006 90.00 38.1200 100.0 51.881 52.279
1743.107 90.00 38.1200 100.0 51.883 52.275
1743.204 90.00 38.1100 100.0 51.892 52.317
1743.305 90.00 38.1100 100.0 51.890 52.285
1743.405 90.00 38.1000 100.0 51.901 52.339
1743.504 90.00 38.1000 100.0 51.904 52.336
1743.605 90.00 38.0900 100.0 51.906 52.328
1743.703 90.00 38.0900 100.0 51.906 52.310
1743.803 90.00 38.0900 100.0 51.912 52.331
1743.903 90.00 38.0900 100.0 51.908 52.286
1744.001 90.00 38.0800 100.0 51.919 52.338
1744.103 90.00 38.0800 100.0 51.922 52.344
1744.201 90.00 38.0700 100.0 51.925 52.343
1744.301 90.00 38.0700 100.0 51.932 52.367
1744.401 90.00 38.0700 100.0 51.930 52.332
1744.499 90.00 38.0600 100.0 51.935 52.352
1744.601 90.00 38.0600 100.0 51.936 52.333
1744.699 90.00 38.0600 100.0 51.941 52.349
1744.800 90.00 38.0600 100.0 51.941 52.331
1744.899 90.00 38.0400 100.0 51.955 52.407
1744.999 90.00 38.0400 100.0 51.954 52.379
1745.099 90.00 38.0400 100.0 51.963 52.423
1745.197 90.00 38.0400 100.0 51.961 52.380
1745.298 90.00 38.0400 100.0 51.956 52.329
1745.398 90.00 38.0300 100.0 51.969 52.403
1745.495 90.00 38.0300 100.0 51.970 52.388
1745.597 90.00 38.0200 100.0 51.979 52.429
1745.695 90.00 38.0200 100.0 51.977 52.391
1745.795 90.00 38.0200 100.0 51.974 52.351
1745.896 90.00 38.0300 100.0 51.974 52.327
1745.993 90.00 38.0100 100.0 51.988 52.412
1746.095 90.00 38.0100 100.0 51.985 52.369
1746.193 90.00 38.0200 100.0 51.982 52.326
1746.293 90.00 38.0100 100.0 51.991 52.376
1746.394 90.00 38.0000 100.0 52.001 52.425
1746.491 90.00 37.9900 100.0 52.011 52.472
1746.593 90.00 37.9900 100.0 52.010 52.447
1746.692 90.00 37.9800 100.0 52.015 52.453
1746.791 90.00 37.9800 100.0 52.015 52.437
1746.892 90.00 37.9900 100.0 52.012 52.394
1746.989 90.00 37.9800 100.0 52.023 52.450
1747.091 90.00 37.9700 100.0 52.028 52.464
1747.189 90.00 37.9700 100.0 52.029 52.451
1747.289 90.00 37.9700 100.0 52.028 52.418
1747.390 90.00 37.9600 100.0 52.039 52.477
1747.488 90.00 37.9500 100.0 52.048 52.517
1747.588 90.00 37.9500 100.0 52.051 52.517
1747.689 90.00 37.9500 100.0 52.050 52.486
1747.786 90.00 37.9500 100.0 52.050 52.464
1747.888 90.00 37.9400 100.0 52.057 52.490
1747.986 90.00 37.9400 100.0 52.058 52.476
1748.086 90.00 37.9300 100.0 52.064 52.499
1748.186 90.00 37.9300 100.0 52.069 52.515
1748.285 90.00 37.9300 100.0 52.073 52.515
1748.386 90.00 37.9300 100.0 52.069 52.471
1748.484 90.00 37.9100 100.0 52.085 52.559
1748.584 90.00 37.9200 100.0 52.081 52.507
1748.684 90.00 37.9200 100.0 52.081 52.491
1748.783 90.00 37.9100 100.0 52.088 52.515
1748.884 90.00 37.9100 100.0 52.093 52.532
1748.983 90.00 37.9000 100.0 52.102 52.573
1749.081 90.00 37.8900 100.0 52.113 52.623
1749.183 90.00 37.8900 100.0 52.111 52.582
1749.281 90.00 37.8800 100.0 52.116 52.597
1749.381 90.00 37.8800 100.0 52.114 52.557
1749.482 90.00 37.8800 100.0 52.118 52.563
1749.579 90.00 37.8700 100.0 52.126 52.596
1749.681 90.00 37.8700 100.0 52.125 52.569
1749.780 90.00 37.8800 100.0 52.122 52.527
1749.879 90.00 37.8700 100.0 52.125 52.526
1749.980 90.00 37.8600 100.0 52.137 52.586
1750.078 90.00 37.8600 100.0 52.139 52.581
1750.178 90.00 37.8700 100.0 52.132 52.506
1750.278 90.00 37.8600 100.0 52.139 52.540
1750.377 90.00 37.8500 100.0 52.147 52.573
1750.477 90.00 37.8500 100.0 52.154 52.600
1750.576 90.00 37.8500 100.0 52.152 52.565
1750.677 90.00 37.8400 100.0 52.158 52.588
1750.775 90.00 37.8300 100.0 52.171 52.659
1750.875 90.00 37.8300 100.0 52.164 52.585
1750.975 90.00 37.8400 100.0 52.163 52.558
1751.074 90.00 37.8200 100.0 52.182 52.669
1751.175 90.00 37.8100 100.0 52.189 52.695
1751.273 90.00 37.8200 100.0 52.180 52.603
1751.373 90.00 37.8000 100.0 52.202 52.739
1751.473 90.00 37.7900 100.0 52.212 52.783
1751.572 90.00 37.7800 100.0 52.221 52.819
1751.672 90.00 37.7700 100.0 52.225 52.817
1751.771 90.00 37.7800 100.0 52.219 52.739
1751.871 90.00 37.7700 100.0 52.227 52.775
1751.972 90.00 37.7600 100.0 52.234 52.797
1752.070 90.00 37.7600 100.0 52.241 52.818
1752.170 90.00 37.7700 100.0 52.233 52.729
1752.270 90.00 37.7600 100.0 52.234 52.713
1752.369 90.00 37.7500 100.0 52.245 52.767
1752.470 90.00 37.7500 100.0 52.245 52.737
1752.568 90.00 37.7500 100.0 52.248 52.738
1752.668 90.00 37.7400 100.0 52.260 52.795
1752.768 90.00 37.7400 100.0 52.262 52.782
1752.867 90.00 37.7300 100.0 52.269 52.807
1752.968 90.00 37.7400 100.0 52.258 52.703
1753.067 90.00 37.7400 100.0 52.255 52.660
1753.165 90.00 37.7400 100.0 52.259 52.666
1753.267 90.00 37.7500 100.0 52.254 52.608
1753.365 90.00 37.7400 100.0 52.257 52.613
1753.465 90.00 37.7400 100.0 52.261 52.625
1753.565 90.00 37.7300 100.0 52.273 52.689
1753.664 90.00 37.7300 100.0 52.265 52.612
1753.764 90.00 37.7300 100.0 52.274 52.656
1753.864 90.00 37.7200 100.0 52.275 52.645
1753.963 90.00 37.7200 100.0 52.283 52.683
1754.064 90.00 37.7100 100.0 52.288 52.698
1754.162 90.00 37.7100 100.0 52.287 52.671
1754.262 90.00 37.7000 100.0 52.296 52.714
1754.362 90.00 37.7000 100.0 52.303 52.740
1754.461 90.00 37.7000 100.0 52.303 52.724
1754.561 90.00 37.6900 100.0 52.304 52.706
1754.660 90.00 37.6900 100.0 52.310 52.733
1754.761 90.00 37.6800 100.0 52.321 52.788
1754.860 90.00 37.6700 100.0 52.327 52.802
1754.959 90.00 37.6700 100.0 52.332 52.814
1755.059 90.00 37.6600 100.0 52.334 52.807
1755.158 90.00 37.6700 100.0 52.333 52.773
1755.259 90.00 37.6600 100.0 52.336 52.775
1755.357 90.00 37.6600 100.0 52.337 52.760
1755.457 90.00 37.6500 100.0 52.344 52.786
1755.557 90.00 37.6500 100.0 52.353 52.827
1755.656 90.00 37.6500 100.0 52.349 52.774
1755.756 90.00 37.6400 100.0 52.355 52.798
1755.856 90.00 37.6400 100.0 52.361 52.816
1755.955 90.00 37.6300 100.0 52.370 52.853
1756.055 90.00 37.6300 100.0 52.370 52.832
1756.155 90.00 37.6300 100.0 52.367 52.788
1756.254 90.00 37.6200 100.0 52.375 52.825
1756.354 90.00 37.6200 100.0 52.383 52.854
1756.453 90.00 37.6200 100.0 52.380 52.814
1756.554 90.00 37.6100 100.0 52.392 52.872
1756.652 90.00 37.6000 100.0 52.395 52.872
1756.752 90.00 37.6000 100.0 52.399 52.877
1756.852 90.00 37.5900 100.0 52.404 52.887
1756.951 90.00 37.5900 100.0 52.405 52.868
1757.052 90.00 37.6000 100.0 52.402 52.823
1757.151 90.00 37.5800 100.0 52.416 52.904
1757.249 90.00 37.5800 100.0 52.418 52.894
1757.351 90.00 37.5800 100.0 52.420 52.881
1757.449 90.00 37.5800 100.0 52.418 52.845
1757.550 90.00 37.5800 100.0 52.423 52.857
1757.649 90.00 37.5800 100.0 52.423 52.840
1757.748 90.00 37.5700 100.0 52.428 52.851
1757.849 90.00 37.5600 100.0 52.439 52.905
1757.947 90.00 37.5600 100.0 52.441 52.899
1758.047 90.00 37.5600 100.0 52.442 52.885
1758.148 90.00 37.5600 100.0 52.436 52.816
1758.246 90.00 37.5600 100.0 52.441 52.831
1758.346 90.00 37.5500 100.0 52.452 52.894
1758.446 90.00 37.5400 100.0 52.460 52.924
1758.544 90.00 37.5300 100.0 52.467 52.949
1758.646 90.00 37.5400 100.0 52.463 52.901
1758.744 90.00 37.5300 100.0 52.466 52.895
1758.844 90.00 37.5300 100.0 52.466 52.879
1758.944 90.00 37.5200 100.0 52.477 52.931
1759.043 90.00 37.5300 100.0 52.473 52.879
1759.144 90.00 37.5100 100.0 52.487 52.959
1759.242 90.00 37.5100 100.0 52.485 52.923
1759.342 90.00 37.5100 100.0 52.486 52.907
1759.442 90.00 37.5200 100.0 52.482 52.856
1759.541 90.00 37.5000 100.0 52.499 52.957
1759.641 90.00 37.5000 100.0 52.499 52.936
1759.740 90.00 37.5000 100.0 52.495 52.887
1759.841 90.00 37.5000 100.0 52.500 52.903
1759.939 90.00 37.4900 100.0 52.513 52.969
1760.039 90.00 37.5000 100.0 52.504 52.883
1760.140 90.00 37.4800 100.0 52.523 53.001
1760.238 90.00 37.4800 100.0 52.518 52.940
1760.338 90.00 37.4800 100.0 52.522 52.946
1760.438 90.00 37.4700 100.0 52.531 52.993
1760.537 90.00 37.4600 100.0 52.537 53.011
1760.638 90.00 37.4600 100.0 52.537 52.983
1760.736 90.00 37.4700 100.0 52.530 52.911
1760.836 90.00 37.4600 100.0 52.536 52.939
1760.937 90.00 37.4600 100.0 52.537 52.923
1761.035 90.00 37.4500 100.0 52.545 52.964
1761.135 90.00 37.4500 100.0 52.549 52.967
1761.235 90.00 37.4400 100.0 52.555 52.989
1761.333 90.00 37.4400 100.0 52.556 52.977
1761.435 90.00 37.4400 100.0 52.559 52.971
1761.533 90.00 37.4400 100.0 52.563 52.983
1761.633 90.00 37.4300 100.0 52.566 52.978
1761.733 90.00 37.4200 100.0 52.575 53.027
1761.832 90.00 37.4300 100.0 52.573 52.985
1761.932 90.00 37.4200 100.0 52.581 53.026
1762.031 90.00 37.4200 100.0 52.579 52.987
1762.132 90.00 37.4100 100.0 52.589 53.038
1762.230 90.00 37.4100 100.0 52.584 52.979
1762.330 90.00 37.4100 100.0 52.585 52.968
1762.431 90.00 37.4000 100.0 52.596 53.022
1762.529 90.00 37.4000 100.0 52.601 53.035
1762.629 90.00 37.4000 100.0 52.596 52.983
1762.729 90.00 37.4000 100.0 52.602 53.005
1762.828 90.00 37.3800 100.0 52.615 53.073
1762.929 90.00 37.3900 100.0 52.608 52.999
1763.027 90.00 37.3800 100.0 52.617 53.043
1763.127 90.00 37.3800 100.0 52.623 53.066
1763.227 90.00 37.3800 100.0 52.622 53.037
1763.326 90.00 37.3700 100.0 52.625 53.036
1763.427 90.00 37.3600 100.0 52.634 53.081
1763.525 90.00 37.3600 100.0 52.640 53.096
1763.625 90.00 37.3600 100.0 52.636 53.047
1763.726 90.00 37.3600 100.0 52.636 53.028
1763.824 90.00 37.3400 100.0 52.655 53.142
1763.925 90.00 37.3600 100.0 52.637 52.990
1764.023 90.00 37.3500 100.0 52.654 53.089
1764.123 90.00 37.3500 100.0 52.646 53.018
1764.224 90.00 37.3400 100.0 52.654 53.053
1764.322 90.00 37.3400 100.0 52.657 53.053
1764.422 90.00 37.3400 100.0 52.662 53.066
1764.521 90.00 37.3300 100.0 52.664 53.064
1764.621 90.00 37.3300 100.0 52.671 53.093
1764.722 90.00 37.3200 100.0 52.677 53.114
1764.820 90.00 37.3000 100.0 52.699 53.241
1764.920 90.00 37.2900 100.0 52.706 53.268
1765.021 90.00 37.2900 100.0 52.711 53.271
1765.119 90.00 37.2900 100.0 52.709 53.229
1765.220 90.00 37.2800 100.0 52.722 53.296
1765.319 90.00 37.2800 100.0 52.719 53.243
1765.417 90.00 37.2800 100.0 52.722 53.244
1765.519 90.00 37.2800 100.0 52.724 53.226
1765.617 90.00 37.2600 100.0 52.734 53.273
1765.717 90.00 37.2700 100.0 52.731 53.227
1765.817 90.00 37.2600 100.0 52.742 53.281
1765.916 90.00 37.2500 100.0 52.749 53.299
1766.017 90.00 37.2500 100.0 52.744 53.240
1766.115 90.00 37.2500 100.0 52.752 53.272
1766.215 90.00 37.2600 100.0 52.742 53.174
1766.315 90.00 37.2600 100.0 52.743 53.161
1766.414 90.00 37.2400 100.0 52.760 53.255
1766.514 90.00 37.2400 100.0 52.758 53.217
1766.614 90.00 37.2400 100.0 52.762 53.225
1766.713 90.00 37.2300 100.0 52.768 53.240
1766.813 90.00 37.2200 100.0 52.778 53.289
1766.912 90.00 37.2200 100.0 52.779 53.266
1767.012 90.00 37.2200 100.0 52.775 53.220
1767.112 90.00 37.2100 100.0 52.788 53.285
1767.211 90.00 37.2200 100.0 52.779 53.197
1767.311 90.00 37.2100 100.0 52.785 53.222
1767.410 90.00 37.2200 100.0 52.780 53.161
1767.511 90.00 37.2200 100.0 52.779 53.138
1767.609 90.00 37.2100 100.0 52.791 53.201
1767.709 90.00 37.2100 100.0 52.792 53.192
1767.810 90.00 37.2100 100.0 52.786 53.125
1767.907 90.00 37.2100 100.0 52.791 53.144
1768.009 90.00 37.2000 100.0 52.796 53.163
1768.107 90.00 37.2000 100.0 52.794 53.132
1768.207 90.00 37.2100 100.0 52.791 53.089
1768.308 90.00 37.2000 100.0 52.795 53.106
1768.405 90.00 37.2000 100.0 52.803 53.145
1768.506 90.00 37.2000 100.0 52.802 53.121
1768.605 90.00 37.1900 100.0 52.811 53.170
1768.705 90.00 37.1800 100.0 52.817 53.191
1768.806 90.00 37.1800 100.0 52.819 53.187
1768.905 90.00 37.1700 100.0 52.827 53.225
1769.004 90.00 37.1700 100.0 52.825 53.192
1769.105 90.00 37.1800 100.0 52.822 53.149
1769.202 90.00 37.1700 100.0 52.824 53.153
1769.304 90.00 37.1700 100.0 52.827 53.155
1769.403 90.00 37.1600 100.0 52.841 53.235
1769.501 90.00 37.1500 100.0 52.846 53.251
1769.603 90.00 37.1600 100.0 52.839 53.185
1769.701 90.00 37.1500 100.0 52.850 53.244
1769.802 90.00 37.1400 100.0 52.859 53.287
1769.901 90.00 37.1500 100.0 52.850 53.199
1769.999 90.00 37.1400 100.0 52.856 53.223
1770.101 90.00 37.1400 100.0 52.860 53.235
1770.198 90.00 37.1300 100.0 52.869 53.278
1770.300 90.00 37.1400 100.0 52.858 53.185
1770.399 90.00 37.1300 100.0 52.865 53.216
1770.497 90.00 37.1200 100.0 52.875 53.268
1770.599 90.00 37.1300 100.0 52.871 53.219
1770.697 90.00 37.1100 100.0 52.884 53.293
1770.797 90.00 37.1100 100.0 52.887 53.293
1770.898 90.00 37.1100 100.0 52.885 53.261
1770.995 90.00 37.1200 100.0 52.883 53.228
1771.097 90.00 37.1100 100.0 52.887 53.238
1771.196 90.00 37.1000 100.0 52.894 53.270
1771.294 90.00 37.1100 100.0 52.891 53.228
1771.396 90.00 37.1100 100.0 52.893 53.229
1771.494 90.00 37.0900 100.0 52.908 53.315
1771.594 90.00 37.0900 100.0 52.908 53.291
1771.694 90.00 37.0900 100.0 52.913 53.308
1771.792 90.00 37.0900 100.0 52.913 53.292
1771.894 90.00 37.0800 100.0 52.916 53.291
1771.992 90.00 37.0800 100.0 52.924 53.326
1772.092 90.00 37.0700 100.0 52.931 53.357
1772.192 90.00 37.0700 100.0 52.929 53.320
1772.291 90.00 37.0700 100.0 52.927 53.291
1772.391 90.00 37.0700 100.0 52.930 53.293
1772.490 90.00 37.0600 100.0 52.938 53.332
1772.591 90.00 37.0600 100.0 52.934 53.284
1772.689 90.00 37.0500 100.0 52.952 53.389
1772.789 90.00 37.0500 100.0 52.950 53.352
1772.890 90.00 37.0500 100.0 52.946 53.307
1772.988 90.00 37.0500 100.0 52.945 53.283
1773.088 90.00 37.0400 100.0 52.958 53.357
1773.189 90.00 37.0400 100.0 52.963 53.372
1773.287 90.00 37.0400 100.0 52.959 53.319
1773.388 90.00 37.0300 100.0 52.970 53.381
1773.486 90.00 37.0200 100.0 52.975 53.397
1773.586 90.00 37.0100 100.0 52.984 53.436
1773.687 90.00 37.0100 100.0 52.990 53.457
1773.785 90.00 37.0200 100.0 52.980 53.366
1773.886 90.00 37.0100 100.0 52.990 53.414
1773.984 90.00 37.0100 100.0 52.991 53.403
1774.084 90.00 37.0100 100.0 52.993 53.391
1774.184 90.00 37.0100 100.0 52.992 53.365
1774.283 90.00 37.0000 100.0 52.996 53.374
1774.384 90.00 36.9900 100.0 53.010 53.453
1774.482 90.00 36.9800 100.0 53.016 53.473
1774.582 90.00 36.9800 100.0 53.016 53.449
1774.683 90.00 36.9700 100.0 53.025 53.492
1774.781 90.00 36.9800 100.0 53.019 53.428
1774.882 90.00 36.9700 100.0 53.031 53.490
1774.980 90.00 36.9700 100.0 53.030 53.464
1775.080 90.00 36.9700 100.0 53.026 53.412
1775.181 90.00 36.9600 100.0 53.041 53.497
1775.279 90.00 36.9600 100.0 53.036 53.442
1775.379 90.00 36.9600 100.0 53.038 53.432
1775.479 90.00 36.9600 100.0 53.040 53.429
1775.578 90.00 36.9600 100.0 53.042 53.420
1775.679 90.00 36.9500 100.0 53.046 53.432
1775.777 90.00 36.9500 100.0 53.053 53.464
1775.877 90.00 36.9400 100.0 53.063 53.509
1775.977 90.00 36.9400 100.0 53.056 53.442
1776.076 90.00 36.9400 100.0 53.060 53.447
1776.177 90.00 36.9300 100.0 53.069 53.492
1776.275 90.00 36.9300 100.0 53.071 53.481
1776.375 90.00 36.9200 100.0 53.079 53.522
1776.475 90.00 36.9200 100.0 53.083 53.527
1776.574 90.00 36.9100 100.0 53.086 53.522
1776.675 90.00 36.9000 100.0 53.096 53.572
1776.773 90.00 36.8900 100.0 53.107 53.627
1776.873 90.00 36.8900 100.0 53.111 53.628
1776.974 90.00 36.8700 100.0 53.126 53.705
1777.072 90.00 36.8700 100.0 53.130 53.707
1777.172 90.00 36.8700 100.0 53.129 53.668
1777.273 90.00 36.8700 100.0 53.129 53.641
1777.370 90.00 36.8600 100.0 53.142 53.705
1777.472 90.00 36.8600 100.0 53.136 53.638
1777.571 90.00 36.8600 100.0 53.140 53.641
1777.669 90.00 36.8500 100.0 53.147 53.667
1777.771 90.00 36.8500 100.0 53.153 53.679
1777.869 90.00 36.8400 100.0 53.156 53.676
1777.969 90.00 36.8400 100.0 53.159 53.669
1778.069 90.00 36.8300 100.0 53.167 53.700
1778.167 90.00 36.8400 100.0 53.160 53.625
1778.269 90.00 36.8300 100.0 53.167 53.651
1778.367 90.00 36.8200 100.0 53.176 53.689
1778.467 90.00 36.8300 100.0 53.171 53.631
1778.567 90.00 36.8300 100.0 53.170 53.601
1778.666 90.00 36.8200 100.0 53.180 53.649
1778.766 90.00 36.8100 100.0 53.184 53.655
1778.865 90.00 36.8100 100.0 53.184 53.630
1778.965 90.00 36.8100 100.0 53.188 53.637
1779.065 90.00 36.8100 100.0 53.187 53.605
1779.164 90.00 36.8100 100.0 53.188 53.593
1779.264 90.00 36.8000 100.0 53.194 53.615
1779.364 90.00 36.8200 100.0 53.177 53.470
1779.463 90.00 36.8200 100.0 53.184 53.504
1779.564 90.00 36.8100 100.0 53.188 53.518
1779.662 90.00 36.8100 100.0 53.188 53.504
1779.762 90.00 36.8100 100.0 53.188 53.485
1779.862 90.00 36.8100 100.0 53.188 53.471
1779.961 90.00 36.8100 100.0 53.191 53.479
1780.061 90.00 36.8100 100.0 53.189 53.449
1780.160 90.00 36.7900 100.0 53.210 53.582
1780.261 90.00 36.7900 100.0 53.211 53.570
1780.359 90.00 36.7900 100.0 53.206 53.518
1780.459 90.00 36.7800 100.0 53.218 53.590
1780.560 90.00 36.7800 100.0 53.215 53.547
1780.657 90.00 36.7800 100.0 53.220 53.569
1780.759 90.00 36.7700 100.0 53.229 53.613
1780.858 90.00 36.7700 100.0 53.226 53.572
1780.957 90.00 36.7600 100.0 53.237 53.632
1781.058 90.00 36.7600 100.0 53.237 53.610
1781.156 90.00 36.7500 100.0 53.245 53.648
1781.256 90.00 36.7500 100.0 53.247 53.647
1781.357 90.00 36.7500 100.0 53.249 53.640
1781.455 90.00 36.7500 100.0 53.250 53.624
1781.555 90.00 36.7500 100.0 53.249 53.603
1781.655 90.00 36.7400 100.0 53.258 53.647
1781.754 90.00 36.7400 100.0 53.256 53.615
1781.855 90.00 36.7400 100.0 53.260 53.623
1781.953 90.00 36.7300 100.0 53.266 53.645
1782.053 90.00 36.7300 100.0 53.271 53.660
1782.153 90.00 36.7200 100.0 53.280 53.703
1782.252 90.00 36.7200 100.0 53.275 53.647
1782.352 90.00 36.7100 100.0 53.285 53.703
1782.451 90.00 36.7100 100.0 53.286 53.688
1782.552 90.00 36.7100 100.0 53.287 53.670
1782.650 90.00 36.7100 100.0 53.285 53.637
1782.750 90.00 36.7000 100.0 53.296 53.701
1782.851 90.00 36.7000 100.0 53.294 53.664
1782.948 90.00 36.7100 100.0 53.293 53.640
1783.050 90.00 36.6900 100.0 53.306 53.713
1783.148 90.00 36.6700 100.0 53.329 53.851
1783.248 90.00 36.6800 100.0 53.321 53.771
1783.349 90.00 36.6700 100.0 53.324 53.770
1783.447 90.00 36.6700 100.0 53.329 53.782
1783.548 90.00 36.6600 100.0 53.340 53.835
1783.648 90.00 36.6700 100.0 53.333 53.766
1783.746 90.00 36.6500 100.0 53.349 53.853
1783.847 90.00 36.6300 100.0 53.364 53.934
1783.945 90.00 36.6400 100.0 53.355 53.841
1784.045 90.00 36.6300 100.0 53.373 53.942
1784.146 90.00 36.6200 100.0 53.380 53.964
1784.243 90.00 36.6200 100.0 53.377 53.913
1784.345 90.00 36.6200 100.0 53.374 53.870
1784.443 90.00 36.6300 100.0 53.373 53.833
1784.543 90.00 36.6200 100.0 53.380 53.860
1784.644 90.00 36.6000 100.0 53.394 53.938
1784.741 90.00 36.6000 100.0 53.398 53.934
1784.843 90.00 36.6000 100.0 53.399 53.919
1784.942 90.00 36.6000 100.0 53.403 53.920
1785.040 90.00 36.5800 100.0 53.421 54.019
1785.142 90.00 36.5800 100.0 53.416 53.955
1785.240 90.00 36.5800 100.0 53.416 53.923
1785.340 90.00 36.5700 100.0 53.429 53.989
1785.440 90.00 36.5800 100.0 53.420 53.902
1785.539 90.00 36.5700 100.0 53.429 53.942
1785.639 90.00 36.5700 100.0 53.429 53.915
1785.739 90.00 36.5700 100.0 53.425 53.859
1785.838 90.00 36.5600 100.0 53.436 53.919
1785.938 90.00 36.5600 100.0 53.441 53.931
1786.037 90.00 36.5600 100.0 53.442 53.913
1786.137 90.00 36.5500 100.0 53.451 53.950
1786.236 90.00 36.5500 100.0 53.451 53.924
1786.336 90.00 36.5400 100.0 53.459 53.959
1786.436 90.00 36.5400 100.0 53.456 53.912
1786.535 90.00 36.5300 100.0 53.467 53.966
1786.636 90.00 36.5400 100.0 53.461 53.901
1786.734 90.00 36.5300 100.0 53.469 53.931
1786.834 90.00 36.5300 100.0 53.471 53.923
1786.935 90.00 36.5300 100.0 53.466 53.863
1787.032 90.00 36.5200 100.0 53.475 53.906
1787.134 90.00 36.5200 100.0 53.478 53.912
1787.232 90.00 36.5200 100.0 53.476 53.874
1787.332 90.00 36.5100 100.0 53.488 53.937
1787.433 90.00 36.5200 100.0 53.483 53.880
1787.530 90.00 36.5100 100.0 53.491 53.913
1787.632 90.00 36.5100 100.0 53.493 53.908
1787.730 90.00 36.4900 100.0 53.506 53.981
1787.830 90.00 36.5000 100.0 53.503 53.932
1787.931 90.00 36.4900 100.0 53.507 53.941
1788.029 90.00 36.4900 100.0 53.506 53.910
1788.129 90.00 36.4900 100.0 53.505 53.883
1788.230 90.00 36.4900 100.0 53.513 53.920
1788.327 90.00 36.4900 100.0 53.512 53.896
1788.429 90.00 36.4800 100.0 53.516 53.904
1788.527 90.00 36.4700 100.0 53.530 53.979
1788.627 90.00 36.4700 100.0 53.525 53.922
1788.728 90.00 36.4700 100.0 53.532 53.953
1788.826 90.00 36.4600 100.0 53.534 53.946
1788.926 90.00 36.4600 100.0 53.537 53.948
1789.026 90.00 36.4600 100.0 53.544 53.973
1789.125 90.00 36.4600 100.0 53.539 53.917
1789.225 90.00 36.4700 100.0 53.532 53.851
1789.324 90.00 36.4400 100.0 53.560 54.033
1789.425 90.00 36.4500 100.0 53.553 53.956
1789.523 90.00 36.4500 100.0 53.553 53.937
1789.623 90.00 36.4400 100.0 53.559 53.960
1789.723 90.00 36.4400 100.0 53.563 53.967
1789.822 90.00 36.4400 100.0 53.563 53.949
1789.922 90.00 36.4400 100.0 53.563 53.930
1790.021 90.00 36.4300 100.0 53.571 53.964
1790.121 90.00 36.4200 100.0 53.578 53.996
1790.222 90.00 36.4300 100.0 53.571 53.928
1790.320 90.00 36.4100 100.0 53.587 54.022
1790.420 90.00 36.4100 100.0 53.592 54.032
1790.521 90.00 36.4100 100.0 53.585 53.962
1790.618 90.00 36.4000 100.0 53.597 54.031
1790.720 90.00 36.4000 100.0 53.598 54.014
1790.818 90.00 36.4000 100.0 53.601 54.016
1790.918 90.00 36.4000 100.0 53.603 54.010
1791.018 90.00 36.4000 100.0 53.602 53.982
1791.117 90.00 36.3900 100.0 53.609 54.009
1791.218 90.00 36.3800 100.0 53.615 54.035
1791.316 90.00 36.3800 100.0 53.619 54.036
1791.416 90.00 36.3900 100.0 53.613 53.976
1791.517 90.00 36.3800 100.0 53.616 53.981
1791.614 90.00 36.3700 100.0 53.630 54.056
1791.716 90.00 36.3700 100.0 53.632 54.052
1791.814 90.00 36.3700 100.0 53.633 54.034
1791.914 90.00 36.3600 100.0 53.637 54.046
1792.015 90.00 36.3600 100.0 53.642 54.061
1792.113 90.00 36.3600 100.0 53.639 54.019
1792.213 90.00 36.3600 100.0 53.641 54.015
1792.313 90.00 36.3400 100.0 53.657 54.109
1792.412 90.00 36.3600 100.0 53.640 53.967
1792.513 90.00 36.3400 100.0 53.654 54.045
1792.611 90.00 36.3400 100.0 53.659 54.062
1792.711 90.00 36.3300 100.0 53.665 54.084
1792.813 90.00 36.3300 100.0 53.664 54.058
1792.910 90.00 36.3400 100.0 53.660 54.011
1793.010 90.00 36.3300 100.0 53.674 54.086
1793.110 90.00 36.3300 100.0 53.670 54.041
1793.208 90.00 36.3100 100.0 53.693 54.183
1793.310 90.00 36.3100 100.0 53.688 54.124
1793.408 90.00 36.3200 100.0 53.676 54.014
1793.508 90.00 36.3100 100.0 53.688 54.082
1793.608 90.00 36.3000 100.0 53.699 54.143
1793.707 90.00 36.3100 100.0 53.692 54.071
1793.807 90.00 36.3000 100.0 53.696 54.079
1793.906 90.00 36.2900 100.0 53.706 54.130
1794.006 90.00 36.3000 100.0 53.703 54.085
1794.107 90.00 36.2800 100.0 53.716 54.160
1794.205 90.00 36.3000 100.0 53.702 54.042
1794.306 90.00 36.2700 100.0 53.725 54.182
1794.405 90.00 36.2700 100.0 53.730 54.195
1794.504 90.00 36.2700 100.0 53.726 54.148
1794.605 90.00 36.2700 100.0 53.724 54.112
1794.703 90.00 36.2700 100.0 53.729 54.127
1794.803 90.00 36.2600 100.0 53.734 54.141
1794.903 90.00 36.2700 100.0 53.726 54.065
1795.001 90.00 36.2600 100.0 53.742 54.156
1795.103 90.00 36.2600 100.0 53.744 54.150
1795.201 90.00 36.2600 100.0 53.740 54.107
1795.302 90.00 36.2500 100.0 53.749 54.147
1795.401 90.00 36.2500 100.0 53.752 54.146
1795.499 90.00 36.2400 100.0 53.758 54.170
1795.601 90.00 36.2300 100.0 53.764 54.193
1795.699 90.00 36.2400 100.0 53.764 54.169
1795.800 90.00 36.2400 100.0 53.758 54.108
1795.899 90.00 36.2300 100.0 53.766 54.145
1795.998 90.00 36.2200 100.0 53.780 54.225
1796.099 90.00 36.2200 100.0 53.783 54.227
1796.197 90.00 36.2200 100.0 53.777 54.162
1796.297 90.00 36.2200 100.0 53.781 54.173
1796.398 90.00 36.2100 100.0 53.790 54.213
1796.496 90.00 36.2000 100.0 53.797 54.240
1796.596 90.00 36.2000 100.0 53.797 54.218
1796.696 90.00 36.2100 100.0 53.794 54.175
1796.796 90.00 36.1900 100.0 53.807 54.246
1796.896 90.00 36.2100 100.0 53.792 54.125
1796.993 90.00 36.2000 100.0 53.801 54.168
1797.095 90.00 36.1900 100.0 53.805 54.178
1797.193 90.00 36.1900 100.0 53.804 54.156
1797.293 90.00 36.1800 100.0 53.816 54.216
1797.394 90.00 36.1900 100.0 53.807 54.139
1797.491 90.00 36.1700 100.0 53.826 54.250
1797.593 90.00 36.1700 100.0 53.829 54.251
1797.691 90.00 36.1800 100.0 53.823 54.186
1797.790 90.00 36.1700 100.0 53.834 54.246
1797.892 90.00 36.1600 100.0 53.843 54.291
1797.989 90.00 36.1500 100.0 53.853 54.339
1798.091 90.00 36.1500 100.0 53.849 54.287
1798.190 90.00 36.1600 100.0 53.838 54.188
1798.288 90.00 36.1600 100.0 53.838 54.167
1798.390 90.00 36.1500 100.0 53.853 54.261
1798.488 90.00 36.1500 100.0 53.848 54.200
1798.588 90.00 36.1500 100.0 53.853 54.223
1798.689 90.00 36.1300 100.0 53.865 54.283
1798.786 90.00 36.1300 100.0 53.865 54.264
1798.888 90.00 36.1300 100.0 53.872 54.291
1798.986 90.00 36.1200 100.0 53.883 54.350
1799.086 90.00 36.1200 100.0 53.884 54.330
1799.187 90.00 36.1100 100.0 53.891 54.359
1799.284 90.00 36.1100 100.0 53.888 54.313
1799.386 90.00 36.1200 100.0 53.881 54.242
1799.484 90.00 36.1000 100.0 53.897 54.341
1799.584 90.00 36.1100 100.0 53.887 54.247
1799.685 90.00 36.1000 100.0 53.900 54.319
1799.782 90.00 36.0900 100.0 53.905 54.335
1799.884 90.00 36.0900 100.0 53.910 54.349
1799.982 90.00 36.0900 100.0 53.912 54.342
1800.082 90.00 36.0700 100.0 53.925 54.412
1800.183 90.00 36.0800 100.0 53.921 54.354
1800.280 90.00 36.0600 100.0 53.935 54.435
1800.382 90.00 36.0600 100.0 53.934 54.403
1800.480 90.00 36.0700 100.0 53.933 54.368
1800.579 90.00 36.0600 100.0 53.937 54.374
1800.681 90.00 36.0700 100.0 53.929 54.296
1800.780 90.00 36.0600 100.0 53.941 54.365
1800.879 90.00 36.0600 100.0 53.936 54.309
1800.980 90.00 36.0500 100.0 53.944 54.346
1801.078 90.00 36.0600 100.0 53.941 54.304
1801.178 90.00 36.0500 100.0 53.948 54.334
1801.278 90.00 36.0500 100.0 53.952 54.343
1801.377 90.00 36.0500 100.0 53.949 54.303
1801.477 90.00 36.0500 100.0 53.952 54.307
1801.576 90.00 36.0300 100.0 53.966 54.385
1801.677 90.00 36.0400 100.0 53.959 54.318
1801.775 90.00 36.0200 100.0 53.975 54.414
1801.875 90.00 36.0300 100.0 53.971 54.362
1801.975 90.00 36.0300 100.0 53.972 54.348
1802.074 90.00 36.0100 100.0 53.990 54.458
1802.175 90.00 36.0100 100.0 53.986 54.404
1802.273 90.00 36.0100 100.0 53.988 54.395
1802.373 90.00 36.0200 100.0 53.984 54.347
1802.473 90.00 36.0100 100.0 53.985 54.340
1802.572 90.00 36.0000 100.0 53.994 54.386
1802.672 90.00 36.0000 100.0 54.002 54.417
1802.771 90.00 36.0000 100.0 54.001 54.391
1802.871 90.00 35.9900 100.0 54.013 54.460
1802.972 90.00 35.9900 100.0 54.008 54.401
1803.070 90.00 35.9900 100.0 54.007 54.370
1803.170 90.00 35.9700 100.0 54.027 54.492
1803.271 90.00 35.9800 100.0 54.016 54.392
1803.368 90.00 35.9700 100.0 54.029 54.465
1803.470 90.00 35.9700 100.0 54.024 54.410
1803.568 90.00 35.9700 100.0 54.027 54.414
1803.668 90.00 35.9700 100.0 54.031 54.420
1803.769 90.00 35.9700 100.0 54.031 54.402
1803.866 90.00 35.9600 100.0 54.034 54.406
1803.968 90.00 35.9700 100.0 54.028 54.344
1804.066 90.00 35.9700 100.0 54.032 54.354
1804.166 90.00 35.9600 100.0 54.039 54.391
1804.267 90.00 35.9600 100.0 54.041 54.384
1804.364 90.00 35.9400 100.0 54.057 54.480
1804.466 90.00 35.9400 100.0 54.055 54.442
1804.565 90.00 35.9400 100.0 54.061 54.466
1804.663 90.00 35.9400 100.0 54.062 54.451
1804.765 90.00 35.9300 100.0 54.067 54.469
1804.864 90.00 35.9200 100.0 54.078 54.525
1804.963 90.00 35.9200 100.0 54.078 54.502
1805.064 90.00 35.9200 100.0 54.079 54.489
1805.162 90.00 35.9000 100.0 54.095 54.578
1805.262 90.00 35.9100 100.0 54.088 54.506
1805.362 90.00 35.9200 100.0 54.079 54.426
1805.460 90.00 35.9000 100.0 54.095 54.520
1805.562 90.00 35.9000 100.0 54.095 54.496
1805.660 90.00 35.9100 100.0 54.094 54.467
1805.760 90.00 35.9000 100.0 54.103 54.515
1805.860 90.00 35.9000 100.0 54.102 54.487
1805.959 90.00 35.8800 100.0 54.116 54.565
1806.059 90.00 35.8800 100.0 54.118 54.554
1806.158 90.00 35.8900 100.0 54.109 54.469
1806.259 90.00 35.8800 100.0 54.119 54.522
1806.357 90.00 35.8900 100.0 54.113 54.462
1806.457 90.00 35.8800 100.0 54.116 54.467
1806.557 90.00 35.8700 100.0 54.125 54.509
1806.656 90.00 35.8700 100.0 54.131 54.536
1806.756 90.00 35.8800 100.0 54.123 54.455
1806.855 90.00 35.8700 100.0 54.124 54.446
1806.955 90.00 35.8800 100.0 54.124 54.429
1807.056 90.00 35.8600 100.0 54.135 54.492
1807.154 90.00 35.8600 100.0 54.138 54.499
1807.254 90.00 35.8700 100.0 54.133 54.446
1807.354 90.00 35.8500 100.0 54.147 54.525
1807.453 90.00 35.8300 100.0 54.165 54.633
1807.554 90.00 35.8500 100.0 54.152 54.519
1807.652 90.00 35.8400 100.0 54.161 54.561
1807.752 90.00 35.8400 100.0 54.164 54.561
1807.853 90.00 35.8400 100.0 54.161 54.526
1807.950 90.00 35.8300 100.0 54.165 54.533
1808.052 90.00 35.8300 100.0 54.169 54.540
1808.151 90.00 35.8200 100.0 54.181 54.611
1808.250 90.00 35.8100 100.0 54.187 54.627
1808.351 90.00 35.8100 100.0 54.186 54.597
1808.448 90.00 35.8100 100.0 54.188 54.591
1808.550 90.00 35.8000 100.0 54.195 54.622
1808.649 90.00 35.8000 100.0 54.195 54.602
1808.748 90.00 35.8000 100.0 54.196 54.584
1808.848 90.00 35.8000 100.0 54.198 54.578
1808.947 90.00 35.8000 100.0 54.203 54.597
1809.047 90.00 35.8000 100.0 54.200 54.560
1809.148 90.00 35.7800 100.0 54.214 54.637
1809.246 90.00 35.7900 100.0 54.205 54.552
1809.346 90.00 35.7900 100.0 54.213 54.590
1809.446 90.00 35.7800 100.0 54.224 54.648
1809.544 90.00 35.7800 100.0 54.222 54.614
1809.646 90.00 35.7700 100.0 54.229 54.641
1809.744 90.00 35.7700 100.0 54.227 54.612
1809.844 90.00 35.7600 100.0 54.237 54.657
1809.944 90.00 35.7800 100.0 54.221 54.530
1810.042 90.00 35.7600 100.0 54.235 54.612
1810.144 90.00 35.7700 100.0 54.228 54.545
1810.242 90.00 35.7600 100.0 54.236 54.579
1810.342 90.00 35.7600 100.0 54.234 54.554
1810.442 90.00 35.7600 100.0 54.234 54.536
1810.540 90.00 35.7500 100.0 54.253 54.654
1810.642 90.00 35.7500 100.0 54.254 54.636
1810.740 90.00 35.7500 100.0 54.252 54.609
1810.840 90.00 35.7400 100.0 54.259 54.637
1810.940 90.00 35.7400 100.0 54.257 54.605
1811.039 90.00 35.7300 100.0 54.268 54.665
1811.139 90.00 35.7200 100.0 54.280 54.726
1811.239 90.00 35.7300 100.0 54.271 54.640
1811.338 90.00 35.7300 100.0 54.269 54.608
1811.439 90.00 35.7200 100.0 54.283 54.694
1811.537 90.00 35.7100 100.0 54.290 54.719
1811.637 90.00 35.7100 100.0 54.288 54.686
1811.737 90.00 35.7100 100.0 54.286 54.653
1811.836 90.00 35.7100 100.0 54.289 54.652
1811.937 90.00 35.7100 100.0 54.289 54.637
1812.035 90.00 35.7000 100.0 54.299 54.689
1812.135 90.00 35.6900 100.0 54.305 54.711
1812.235 90.00 35.7000 100.0 54.302 54.667
1812.334 90.00 35.7000 100.0 54.303 54.661
1812.434 90.00 35.6900 100.0 54.313 54.708
1812.533 90.00 35.6900 100.0 54.306 54.642
1812.633 90.00 35.6800 100.0 54.315 54.689
1812.733 90.00 35.6800 100.0 54.322 54.716
1812.831 90.00 35.6800 100.0 54.316 54.659
1812.933 90.00 35.6700 100.0 54.326 54.710
1813.030 90.00 35.6700 100.0 54.328 54.706
1813.132 90.00 35.6600 100.0 54.335 54.731
1813.232 90.00 35.6600 100.0 54.335 54.712
1813.329 90.00 35.6700 100.0 54.329 54.650
1813.431 90.00 35.6600 100.0 54.337 54.694
1813.529 90.00 35.6500 100.0 54.346 54.738
1813.629 90.00 35.6500 100.0 54.348 54.733
1813.730 90.00 35.6500 100.0 54.351 54.735
1813.827 90.00 35.6500 100.0 54.350 54.707
1813.929 90.00 35.6500 100.0 54.351 54.700
1814.027 90.00 35.6500 100.0 54.354 54.699
1814.127 90.00 35.6400 100.0 54.355 54.692
1814.228 90.00 35.6400 100.0 54.358 54.695
1814.325 90.00 35.6300 100.0 54.366 54.737
1814.427 90.00 35.6400 100.0 54.364 54.698
1814.526 90.00 35.6300 100.0 54.369 54.720
1814.624 90.00 35.6300 100.0 54.368 54.698
1814.726 90.00 35.6200 100.0 54.381 54.767
1814.823 90.00 35.6200 100.0 54.377 54.724
1814.925 90.00 35.6300 100.0 54.371 54.665
1815.024 90.00 35.6200 100.0 54.378 54.696
1815.122 90.00 35.6100 100.0 54.391 54.773
1815.224 90.00 35.6100 100.0 54.385 54.714
1815.322 90.00 35.6000 100.0 54.395 54.763
1815.422 90.00 35.6000 100.0 54.396 54.756
1815.523 90.00 35.6100 100.0 54.391 54.702
1815.620 90.00 35.6000 100.0 54.400 54.750
1815.722 90.00 35.5900 100.0 54.406 54.772
1815.820 90.00 35.6000 100.0 54.402 54.725
1815.920 90.00 35.5900 100.0 54.413 54.789
1816.021 90.00 35.5900 100.0 54.408 54.733
1816.118 90.00 35.5800 100.0 54.414 54.761
1816.220 90.00 35.5800 100.0 54.418 54.768
1816.319 90.00 35.5900 100.0 54.408 54.683
1816.417 90.00 35.5900 100.0 54.411 54.686
1816.519 90.00 35.5800 100.0 54.414 54.699
1816.616 90.00 35.5700 100.0 54.427 54.775
1816.718 90.00 35.5900 100.0 54.413 54.658
1816.816 90.00 35.5700 100.0 54.429 54.761
1816.916 90.00 35.5700 100.0 54.425 54.716
1817.017 90.00 35.5600 100.0 54.438 54.791
1817.114 90.00 35.5600 100.0 54.443 54.807
1817.216 90.00 35.5500 100.0 54.446 54.810
1817.314 90.00 35.5600 100.0 54.436 54.722
1817.413 90.00 35.5500 100.0 54.449 54.802
1817.515 90.00 35.5500 100.0 54.447 54.767
1817.613 90.00 35.5500 100.0 54.448 54.759
1817.713 90.00 35.5400 100.0 54.460 54.823
1817.814 90.00 35.5400 100.0 54.457 54.785
1817.911 90.00 35.5300 100.0 54.465 54.828
1818.013 90.00 35.5300 100.0 54.468 54.831
1818.111 90.00 35.5300 100.0 54.469 54.818
1818.211 90.00 35.5200 100.0 54.475 54.840
1818.312 90.00 35.5200 100.0 54.478 54.845
1818.409 90.00 35.5200 100.0 54.483 54.860
1818.511 90.00 35.5100 100.0 54.484 54.851
1818.610 90.00 35.5100 100.0 54.490 54.875
1818.708 90.00 35.5100 100.0 54.493 54.879
1818.810 90.00 35.5100 100.0 54.484 54.794
1818.907 90.00 35.5000 100.0 54.497 54.866
1819.009 90.00 35.5100 100.0 54.492 54.817
1819.108 90.00 35.4900 100.0 54.508 54.912
1819.206 90.00 35.4800 100.0 54.514 54.935
1819.308 90.00 35.4900 100.0 54.510 54.883
1819.405 90.00 35.5000 100.0 54.504 54.821
1819.506 90.00 35.4700 100.0 54.530 54.986
1819.607 90.00 35.4700 100.0 54.531 54.975
1819.704 90.00 35.4800 100.0 54.523 54.893
1819.806 90.00 35.4700 100.0 54.527 54.902
1819.904 90.00 35.4700 100.0 54.526 54.882
1820.004 90.00 35.4600 100.0 54.535 54.925
1820.105 90.00 35.4700 100.0 54.533 54.893
1820.202 90.00 35.4600 100.0 54.543 54.946
1820.304 90.00 35.4600 100.0 54.542 54.917
1820.402 90.00 35.4600 100.0 54.536 54.858
1820.502 90.00 35.4500 100.0 54.553 54.961
1820.603 90.00 35.4500 100.0 54.548 54.900
1820.701 90.00 35.4400 100.0 54.554 54.930
1820.801 90.00 35.4300 100.0 54.567 54.997
1820.901 90.00 35.4400 100.0 54.559 54.922
1821.000 90.00 35.4400 100.0 54.554 54.870
1821.100 90.00 35.4300 100.0 54.569 54.958
1821.199 90.00 35.4200 100.0 54.578 55.000
1821.300 90.00 35.4200 100.0 54.577 54.974
1821.398 90.00 35.4300 100.0 54.567 54.881
1821.498 90.00 35.4200 100.0 54.582 54.972
1821.599 90.00 35.4100 100.0 54.587 54.987
1821.697 90.00 35.4000 100.0 54.595 55.024
1821.798 90.00 35.4100 100.0 54.586 54.942
1821.898 90.00 35.4100 100.0 54.591 54.957
1821.995 90.00 35.4100 100.0 54.593 54.955
1822.097 90.00 35.3900 100.0 54.606 55.025
1822.195 90.00 35.4100 100.0 54.591 54.902
1822.295 90.00 35.3900 100.0 54.607 54.997
1822.396 90.00 35.3900 100.0 54.605 54.964
1822.493 90.00 35.3900 100.0 54.605 54.947
1822.595 90.00 35.3800 100.0 54.622 55.043
1822.694 90.00 35.3700 100.0 54.627 55.062
1822.792 90.00 35.3700 100.0 54.626 55.031
1822.894 90.00 35.3800 100.0 54.623 54.988
1822.991 90.00 35.3700 100.0 54.633 55.045
1823.093 90.00 35.3600 100.0 54.635 55.037
1823.192 90.00 35.3700 100.0 54.626 54.954
1823.290 90.00 35.3700 100.0 54.630 54.966
1823.392 90.00 35.3600 100.0 54.639 55.013
1823.489 90.00 35.3500 100.0 54.650 55.072
1823.591 90.00 35.3500 100.0 54.647 55.026
1823.690 90.00 35.3400 100.0 54.656 55.069
1823.788 90.00 35.3300 100.0 54.665 55.112
1823.890 90.00 35.3300 100.0 54.665 55.094
1823.988 90.00 35.3300 100.0 54.667 55.085
1824.088 90.00 35.3300 100.0 54.673 55.102
1824.189 90.00 35.3300 100.0 54.668 55.048
1824.286 90.00 35.3300 100.0 54.672 55.054
1824.388 90.00 35.3200 100.0 54.676 55.067
1824.487 90.00 35.3200 100.0 54.680 55.077
1824.586 90.00 35.3100 100.0 54.691 55.130
1824.687 90.00 35.3000 100.0 54.700 55.175
1824.785 90.00 35.3000 100.0 54.695 55.112
1824.886 90.00 35.2900 100.0 54.705 55.159
1824.985 90.00 35.2900 100.0 54.706 55.146
1825.084 90.00 35.2900 100.0 54.713 55.173
1825.184 90.00 35.2900 100.0 54.707 55.106
1825.283 90.00 35.2900 100.0 54.708 55.098
1825.384 90.00 35.2800 100.0 54.715 55.127
1825.482 90.00 35.2700 100.0 54.724 55.169
1825.582 90.00 35.2800 100.0 54.716 55.092
1825.683 90.00 35.2800 100.0 54.719 55.088
1825.781 90.00 35.2800 100.0 54.721 55.089
1825.882 90.00 35.2700 100.0 54.729 55.125
1825.980 90.00 35.2700 100.0 54.729 55.108
1826.080 90.00 35.2600 100.0 54.743 55.185
1826.181 90.00 35.2600 100.0 54.734 55.100
1826.279 90.00 35.2600 100.0 54.740 55.121
1826.379 90.00 35.2500 100.0 54.754 55.200
1826.480 90.00 35.2400 100.0 54.754 55.179
1826.577 90.00 35.2400 100.0 54.759 55.194
1826.679 90.00 35.2400 100.0 54.759 55.171
1826.778 90.00 35.2400 100.0 54.755 55.123
1826.877 90.00 35.2400 100.0 54.757 55.117
1826.978 90.00 35.2400 100.0 54.758 55.106
1827.075 90.00 35.2300 100.0 54.768 55.159
1827.177 90.00 35.2300 100.0 54.766 55.129
1827.276 90.00 35.2300 100.0 54.768 55.125
1827.374 90.00 35.2300 100.0 54.773 55.138
1827.476 90.00 35.2300 100.0 54.771 55.108
1827.573 90.00 35.2300 100.0 54.765 55.051
1827.675 90.00 35.2100 100.0 54.784 55.170
1827.774 90.00 35.2100 100.0 54.788 55.177
1827.873 90.00 35.2100 100.0 54.791 55.178
1827.974 90.00 35.2100 100.0 54.790 55.152
1828.072 90.00 35.2100 100.0 54.785 55.101
1828.172 90.00 35.2100 100.0 54.789 55.109
1828.273 90.00 35.2000 100.0 54.800 55.168
1828.370 90.00 35.2000 100.0 54.800 55.150
1828.472 90.00 35.2000 100.0 54.803 55.158
1828.571 90.00 35.1900 100.0 54.807 55.166
1828.670 90.00 35.1800 100.0 54.819 55.236
1828.770 90.00 35.1900 100.0 54.810 55.152
1828.869 90.00 35.1700 100.0 54.825 55.238
1828.970 90.00 35.1800 100.0 54.817 55.158
1829.068 90.00 35.1700 100.0 54.825 55.202
1829.168 90.00 35.1700 100.0 54.827 55.192
1829.268 90.00 35.1800 100.0 54.821 55.131
1829.367 90.00 35.1800 100.0 54.822 55.122
1829.468 90.00 35.1600 100.0 54.834 55.196
1829.566 90.00 35.1600 100.0 54.836 55.188
1829.666 90.00 35.1600 100.0 54.838 55.186
1829.767 90.00 35.1700 100.0 54.829 55.108
1829.864 90.00 35.1500 100.0 54.845 55.204
1829.966 90.00 35.1500 100.0 54.851 55.227
1830.065 90.00 35.1500 100.0 54.844 55.164
1830.164 90.00 35.1500 100.0 54.851 55.195
1830.265 90.00 35.1500 100.0 54.849 55.162
1830.363 90.00 35.1400 100.0 54.859 55.217
1830.463 90.00 35.1400 100.0 54.858 55.191
1830.564 90.00 35.1400 100.0 54.863 55.210
1830.661 90.00 35.1300 100.0 54.872 55.259
1830.763 90.00 35.1300 100.0 54.866 55.192
1830.862 90.00 35.1300 100.0 54.872 55.217
1830.960 90.00 35.1200 100.0 54.877 55.239
1831.062 90.00 35.1200 100.0 54.875 55.203
1831.159 90.00 35.1200 100.0 54.878 55.212
1831.261 90.00 35.1100 100.0 54.889 55.270
1831.360 90.00 35.1200 100.0 54.878 55.176
1831.458 90.00 35.1100 100.0 54.887 55.223
1831.560 90.00 35.1100 100.0 54.893 55.248
1831.657 90.00 35.1100 100.0 54.892 55.223
1831.759 90.00 35.1000 100.0 54.894 55.219
1831.858 90.00 35.0900 100.0 54.906 55.285
1831.956 90.00 35.1000 100.0 54.902 55.241
1832.058 90.00 35.1000 100.0 54.902 55.225
1832.155 90.00 35.0900 100.0 54.905 55.231
1832.256 90.00 35.0800 100.0 54.914 55.275
1832.357 90.00 35.0800 100.0 54.924 55.326
1832.454 90.00 35.0900 100.0 54.913 55.229
1832.556 90.00 35.0800 100.0 54.918 55.253
1832.655 90.00 35.0700 100.0 54.928 55.303
1832.754 90.00 35.0800 100.0 54.922 55.245
1832.854 90.00 35.0800 100.0 54.916 55.183
1832.953 90.00 35.0600 100.0 54.937 55.320
1833.054 90.00 35.0600 100.0 54.934 55.278
1833.152 90.00 35.0700 100.0 54.932 55.248
1833.252 90.00 35.0600 100.0 54.937 55.268
1833.352 90.00 35.0500 100.0 54.947 55.316
1833.451 90.00 35.0600 100.0 54.939 55.243
1833.552 90.00 35.0400 100.0 54.954 55.334
1833.650 90.00 35.0500 100.0 54.945 55.253
1833.750 90.00 35.0500 100.0 54.952 55.286
1833.851 90.00 35.0500 100.0 54.950 55.253
1833.948 90.00 35.0400 100.0 54.962 55.324
1834.050 90.00 35.0400 100.0 54.958 55.277
1834.149 90.00 35.0400 100.0 54.959 55.268
1834.247 90.00 35.0300 100.0 54.971 55.338
1834.349 90.00 35.0300 100.0 54.968 55.300
1834.447 90.00 35.0300 100.0 54.971 55.305
1834.548 90.00 35.0200 100.0 54.974 55.310
1834.648 90.00 35.0200 100.0 54.979 55.324
1834.745 90.00 35.0200 100.0 54.977 55.293
1834.847 90.00 35.0200 100.0 54.983 55.324
1834.945 90.00 35.0100 100.0 54.991 55.363
1835.045 90.00 35.0200 100.0 54.983 55.283
1835.146 90.00 35.0100 100.0 54.988 55.303
1835.243 90.00 35.0100 100.0 54.991 55.312
1835.345 90.00 35.0000 100.0 55.001 55.362
1835.444 90.00 35.0000 100.0 54.996 55.311
1835.542 90.00 34.9900 100.0 55.006 55.365
1835.644 90.00 34.9900 100.0 55.005 55.342
1835.741 90.00 35.0000 100.0 55.004 55.313
1835.843 90.00 34.9900 100.0 55.011 55.348
1835.942 90.00 34.9800 100.0 55.019 55.389
1836.040 90.00 34.9800 100.0 55.021 55.382
1836.142 90.00 34.9800 100.0 55.015 55.325
1836.239 90.00 34.9800 100.0 55.019 55.339
1836.341 90.00 34.9800 100.0 55.018 55.316
1836.440 90.00 34.9700 100.0 55.027 55.363
1836.538 90.00 34.9700 100.0 55.031 55.371
1836.640 90.00 34.9700 100.0 55.033 55.370
1836.739 90.00 34.9600 100.0 55.042 55.418
1836.838 90.00 34.9600 100.0 55.043 55.407
1836.938 90.00 34.9600 100.0 55.041 55.370
1837.037 90.00 34.9600 100.0 55.038 55.334
1837.138 90.00 34.9500 100.0 55.049 55.394
1837.236 90.00 34.9500 100.0 55.048 55.375
1837.336 90.00 34.9500 100.0 55.047 55.350
1837.437 90.00 34.9400 100.0 55.063 55.446
1837.534 90.00 34.9500 100.0 55.051 55.345
1837.636 90.00 34.9300 100.0 55.064 55.422
1837.735 90.00 34.9300 100.0 55.068 55.427
1837.834 90.00 34.9300 100.0 55.071 55.435
1837.935 90.00 34.9300 100.0 55.069 55.400
1838.032 90.00 34.9200 100.0 55.076 55.432
1838.134 90.00 34.9300 100.0 55.070 55.370
1838.233 90.00 34.9200 100.0 55.075 55.392
1838.331 90.00 34.9100 100.0 55.084 55.443
1838.433 90.00 34.9200 100.0 55.081 55.400
1838.530 90.00 34.9100 100.0 55.092 55.464
1838.631 90.00 34.9100 100.0 55.084 55.389
1838.732 90.00 34.8900 100.0 55.104 55.516
1838.829 90.00 34.8900 100.0 55.105 55.498
1838.931 90.00 34.9000 100.0 55.098 55.430
1839.029 90.00 34.9000 100.0 55.102 55.442
1839.129 90.00 34.8900 100.0 55.106 55.452
1839.230 90.00 34.8900 100.0 55.105 55.427
1839.327 90.00 34.8900 100.0 55.109 55.441
1839.429 90.00 34.8800 100.0 55.120 55.499
1839.528 90.00 34.8900 100.0 55.112 55.428
1839.626 90.00 34.8700 100.0 55.124 55.495
1839.728 90.00 34.8800 100.0 55.120 55.447
1839.825 90.00 34.8600 100.0 55.135 55.533
1839.927 90.00 34.8800 100.0 55.122 55.424
1840.026 90.00 34.8600 100.0 55.134 55.493
1840.124 90.00 34.8700 100.0 55.124 55.407
1840.226 90.00 34.8600 100.0 55.143 55.526
1840.324 90.00 34.8600 100.0 55.143 55.505
1840.425 90.00 34.8600 100.0 55.138 55.456
1840.524 90.00 34.8500 100.0 55.149 55.513
1840.623 90.00 34.8500 100.0 55.150 55.504
1840.723 90.00 34.8400 100.0 55.157 55.537
1840.822 90.00 34.8400 100.0 55.157 55.515
1840.922 90.00 34.8500 100.0 55.154 55.473
1841.021 90.00 34.8400 100.0 55.163 55.526
1841.121 90.00 34.8400 100.0 55.162 55.499
1841.222 90.00 34.8300 100.0 55.172 55.552
1841.320 90.00 34.8300 100.0 55.169 55.508
1841.420 90.00 34.8200 100.0 55.177 55.550
1841.521 90.00 34.8200 100.0 55.178 55.536
1841.618 90.00 34.8200 100.0 55.182 55.548
1841.720 90.00 34.8100 100.0 55.188 55.573
1841.819 90.00 34.8100 100.0 55.188 55.556
1841.917 90.00 34.8100 100.0 55.190 55.547
1842.019 90.00 34.8000 100.0 55.194 55.562
1842.116 90.00 34.8000 100.0 55.194 55.541
1842.218 90.00 34.7900 100.0 55.210 55.633
1842.317 90.00 34.7900 100.0 55.207 55.591
1842.415 90.00 34.7900 100.0 55.208 55.583
1842.517 90.00 34.8000 100.0 55.204 55.532
1842.614 90.00 34.7900 100.0 55.213 55.584
1842.716 90.00 34.7800 100.0 55.219 55.607
1842.815 90.00 34.7800 100.0 55.218 55.576
1842.913 90.00 34.7800 100.0 55.218 55.557
1843.015 90.00 34.7800 100.0 55.223 55.575
1843.114 90.00 34.7700 100.0 55.225 55.571
1843.213 90.00 34.7700 100.0 55.228 55.576
1843.314 90.00 34.7700 100.0 55.226 55.550
1843.411 90.00 34.7600 100.0 55.236 55.600
1843.513 90.00 34.7700 100.0 55.230 55.539
1843.612 90.00 34.7600 100.0 55.237 55.574
1843.710 90.00 34.7600 100.0 55.243 55.602
1843.812 90.00 34.7500 100.0 55.245 55.597
1843.909 90.00 34.7400 100.0 55.256 55.652
1844.011 90.00 34.7500 100.0 55.253 55.614
1844.110 90.00 34.7500 100.0 55.251 55.583
1844.208 90.00 34.7300 100.0 55.266 55.670
1844.310 90.00 34.7400 100.0 55.262 55.623
1844.408 90.00 34.7300 100.0 55.269 55.653
1844.509 90.00 34.7300 100.0 55.270 55.638
1844.608 90.00 34.7300 100.0 55.269 55.614
1844.707 90.00 34.7200 100.0 55.280 55.674
1844.807 90.00 34.7300 100.0 55.268 55.570
1844.906 90.00 34.7200 100.0 55.274 55.601
1845.006 90.00 34.7200 100.0 55.280 55.622
1845.105 90.00 34.7200 100.0 55.282 55.623
1845.205 90.00 34.7200 100.0 55.283 55.614
1845.305 90.00 34.7100 100.0 55.292 55.655
1845.405 90.00 34.7100 100.0 55.291 55.635
1845.504 90.00 34.7000 100.0 55.301 55.682
1845.604 90.00 34.7100 100.0 55.294 55.613
1845.703 90.00 34.7000 100.0 55.301 55.649
1845.803 90.00 34.7000 100.0 55.304 55.651
1845.903 90.00 34.6800 100.0 55.322 55.762
1846.002 90.00 34.6900 100.0 55.310 55.655
1846.103 90.00 34.6800 100.0 55.316 55.684
1846.201 90.00 34.6900 100.0 55.314 55.645
1846.301 90.00 34.6800 100.0 55.318 55.662
1846.401 90.00 34.6800 100.0 55.315 55.621
1846.500 90.00 34.6800 100.0 55.323 55.663
1846.600 90.00 34.6700 100.0 55.333 55.714
1846.699 90.00 34.6700 100.0 55.333 55.694
1846.800 90.00 34.6700 100.0 55.326 55.632
1846.898 90.00 34.6600 100.0 55.341 55.720
1846.998 90.00 34.6600 100.0 55.337 55.673
1847.098 90.00 34.6500 100.0 55.350 55.748
1847.197 90.00 34.6600 100.0 55.342 55.667
1847.298 90.00 34.6500 100.0 55.349 55.702
1847.396 90.00 34.6400 100.0 55.355 55.725
1847.496 90.00 34.6400 100.0 55.355 55.711
1847.597 90.00 34.6500 100.0 55.351 55.662
1847.695 90.00 34.6400 100.0 55.361 55.715
1847.795 90.00 34.6400 100.0 55.360 55.692
1847.895 90.00 34.6400 100.0 55.363 55.700
1847.994 90.00 34.6300 100.0 55.365 55.692
1848.095 90.00 34.6300 100.0 55.370 55.714
1848.193 90.00 34.6300 100.0 55.371 55.705
1848.293 90.00 34.6200 100.0 55.380 55.749
1848.394 90.00 34.6100 100.0 55.385 55.762
1848.491 90.00 34.6200 100.0 55.379 55.706
1848.593 90.00 34.6100 100.0 55.389 55.761
1848.691 90.00 34.6100 100.0 55.386 55.722
1848.791 90.00 34.6100 100.0 55.385 55.694
1848.891 90.00 34.6100 100.0 55.390 55.714
1848.990 90.00 34.6000 100.0 55.403 55.786
1849.091 90.00 34.5900 100.0 55.409 55.812
1849.189 90.00 34.5900 100.0 55.412 55.816
1849.289 90.00 34.6000 100.0 55.403 55.727
1849.389 90.00 34.5900 100.0 55.408 55.752
1849.489 90.00 34.5800 100.0 55.419 55.810
1849.588 90.00 34.5900 100.0 55.411 55.732
1849.688 90.00 34.5800 100.0 55.419 55.771
1849.787 90.00 34.5700 100.0 55.424 55.793
1849.887 90.00 34.5700 100.0 55.428 55.802
1849.987 90.00 34.5700 100.0 55.430 55.793
1850.086 90.00 34.5700 100.0 55.430 55.775
1850.187 90.00 34.5700 100.0 55.432 55.772
1850.285 90.00 34.5600 100.0 55.439 55.804
1850.385 90.00 34.5500 100.0 55.444 55.823
1850.485 90.00 34.5600 100.0 55.436 55.750
1850.584 90.00 34.5600 100.0 55.443 55.783
1850.685 90.00 34.5500 100.0 55.445 55.778
1850.783 90.00 34.5600 100.0 55.436 55.700
1850.883 90.00 34.5500 100.0 55.450 55.785
1850.983 90.00 34.5400 100.0 55.459 55.828
1851.082 90.00 34.5400 100.0 55.459 55.811
1851.182 90.00 34.5400 100.0 55.459 55.795
1851.281 90.00 34.5400 100.0 55.456 55.754
1851.381 90.00 34.5300 100.0 55.470 55.842
1851.482 90.00 34.5300 100.0 55.471 55.827
1851.580 90.00 34.5300 100.0 55.471 55.812
1851.680 90.00 34.5200 100.0 55.477 55.836
1851.780 90.00 34.5100 100.0 55.488 55.893
1851.879 90.00 34.5200 100.0 55.479 55.812
1851.979 90.00 34.5200 100.0 55.480 55.803
1852.078 90.00 34.5100 100.0 55.488 55.837
1852.179 90.00 34.5000 100.0 55.495 55.874
1852.277 90.00 34.5100 100.0 55.485 55.781
1852.377 90.00 34.4900 100.0 55.504 55.902
1852.477 90.00 34.5000 100.0 55.504 55.877
1852.576 90.00 34.4900 100.0 55.510 55.903
1852.677 90.00 34.4900 100.0 55.508 55.869
1852.776 90.00 34.4900 100.0 55.513 55.891
1852.874 90.00 34.4900 100.0 55.512 55.860
1852.976 90.00 34.4700 100.0 55.524 55.928
1853.073 90.00 34.4700 100.0 55.528 55.933
1853.175 90.00 34.4700 100.0 55.524 55.890
1853.274 90.00 34.4700 100.0 55.525 55.879
1853.372 90.00 34.4700 100.0 55.526 55.863
1853.474 90.00 34.4700 100.0 55.529 55.873
1853.572 90.00 34.4700 100.0 55.531 55.867
1853.672 90.00 34.4500 100.0 55.545 55.946
1853.773 90.00 34.4600 100.0 55.534 55.850
1853.870 90.00 34.4500 100.0 55.549 55.937
1853.972 90.00 34.4500 100.0 55.546 55.897
1854.071 90.00 34.4600 100.0 55.539 55.832
1854.169 90.00 34.4500 100.0 55.552 55.911
1854.271 90.00 34.4400 100.0 55.558 55.935
1854.369 90.00 34.4400 100.0 55.554 55.886
1854.470 90.00 34.4400 100.0 55.560 55.910
1854.569 90.00 34.4400 100.0 55.560 55.892
1854.667 90.00 34.4300 100.0 55.572 55.962
1854.769 90.00 34.4400 100.0 55.560 55.855
1854.867 90.00 34.4300 100.0 55.568 55.900
1854.968 90.00 34.4300 100.0 55.566 55.870
1855.067 90.00 34.4400 100.0 55.562 55.823
1855.165 90.00 34.4200 100.0 55.575 55.902
1855.267 90.00 34.4200 100.0 55.579 55.917
1855.364 90.00 34.4200 100.0 55.576 55.879
1855.465 90.00 34.4100 100.0 55.585 55.927
1855.565 90.00 34.4100 100.0 55.589 55.937
1855.663 90.00 34.4100 100.0 55.593 55.945
1855.765 90.00 34.4100 100.0 55.586 55.880
1855.864 90.00 34.4100 100.0 55.590 55.891
1855.963 90.00 34.4000 100.0 55.602 55.961
1856.064 90.00 34.3900 100.0 55.608 55.984
1856.161 90.00 34.4000 100.0 55.602 55.922
1856.263 90.00 34.4000 100.0 55.600 55.897
1856.362 90.00 34.4000 100.0 55.599 55.874
1856.460 90.00 34.3900 100.0 55.606 55.909
1856.562 90.00 34.4000 100.0 55.603 55.874
1856.660 90.00 34.3900 100.0 55.613 55.930
1856.761 90.00 34.3800 100.0 55.614 55.919
1856.859 90.00 34.3700 100.0 55.625 55.985
1856.959 90.00 34.3800 100.0 55.622 55.944
1857.059 90.00 34.3700 100.0 55.633 56.005
1857.158 90.00 34.3700 100.0 55.624 55.926
1857.259 90.00 34.3700 100.0 55.628 55.939
1857.357 90.00 34.3600 100.0 55.636 55.975
1857.457 90.00 34.3600 100.0 55.643 56.011
1857.558 90.00 34.3600 100.0 55.636 55.942
1857.655 90.00 34.3600 100.0 55.634 55.914
1857.756 90.00 34.3600 100.0 55.642 55.951
1857.857 90.00 34.3500 100.0 55.653 56.014
1857.955 90.00 34.3500 100.0 55.650 55.975
1858.056 90.00 34.3500 100.0 55.650 55.961
1858.154 90.00 34.3400 100.0 55.655 55.977
1858.254 90.00 34.3400 100.0 55.655 55.963
1858.355 90.00 34.3500 100.0 55.653 55.933
1858.452 90.00 34.3400 100.0 55.662 55.982
1858.554 90.00 34.3400 100.0 55.655 55.919
1858.653 90.00 34.3400 100.0 55.660 55.937
1858.751 90.00 34.3300 100.0 55.670 55.998
1858.853 90.00 34.3300 100.0 55.671 55.985
1858.951 90.00 34.3200 100.0 55.678 56.017
1859.052 90.00 34.3200 100.0 55.677 55.992
1859.151 90.00 34.3200 100.0 55.681 56.006
1859.249 90.00 34.3100 100.0 55.686 56.030
1859.351 90.00 34.3200 100.0 55.682 55.980
1859.449 90.00 34.3100 100.0 55.687 56.004
1859.550 90.00 34.3100 100.0 55.685 55.974
1859.649 90.00 34.2900 100.0 55.704 56.089
1859.747 90.00 34.3000 100.0 55.701 56.052
1859.849 90.00 34.3000 100.0 55.703 56.045
1859.947 90.00 34.2900 100.0 55.707 56.060
1860.048 90.00 34.3000 100.0 55.699 55.986
1860.148 90.00 34.2900 100.0 55.708 56.034
1860.245 90.00 34.2900 100.0 55.714 56.055
1860.347 90.00 34.2900 100.0 55.714 56.038
1860.446 90.00 34.2800 100.0 55.723 56.087
1860.545 90.00 34.2800 100.0 55.714 56.006
1860.645 90.00 34.2700 100.0 55.726 56.073
1860.744 90.00 34.2700 100.0 55.726 56.061
1860.844 90.00 34.2700 100.0 55.732 56.080
1860.944 90.00 34.2800 100.0 55.724 56.008
1861.043 90.00 34.2700 100.0 55.732 56.051
1861.143 90.00 34.2700 100.0 55.731 56.028
1861.242 90.00 34.2500 100.0 55.746 56.119
1861.342 90.00 34.2600 100.0 55.736 56.033
1861.442 90.00 34.2700 100.0 55.730 55.974
1861.541 90.00 34.2500 100.0 55.751 56.110
1861.641 90.00 34.2400 100.0 55.755 56.116
1861.740 90.00 34.2500 100.0 55.750 56.067
1861.840 90.00 34.2400 100.0 55.760 56.119
1861.940 90.00 34.2400 100.0 55.762 56.113
1862.039 90.00 34.2400 100.0 55.760 56.081
1862.139 90.00 34.2300 100.0 55.768 56.126
1862.239 90.00 34.2400 100.0 55.764 56.076
1862.338 90.00 34.2400 100.0 55.762 56.051
1862.438 90.00 34.2200 100.0 55.776 56.133
1862.537 90.00 34.2300 100.0 55.770 56.073
1862.637 90.00 34.2300 100.0 55.774 56.083
1862.737 90.00 34.2300 100.0 55.774 56.066
1862.836 90.00 34.2300 100.0 55.773 56.048
1862.937 90.00 34.2200 100.0 55.783 56.107
1863.035 90.00 34.2100 100.0 55.791 56.145
1863.135 90.00 34.2200 100.0 55.783 56.072
1863.235 90.00 34.2000 100.0 55.795 56.143
1863.333 90.00 34.2100 100.0 55.789 56.084
1863.435 90.00 34.2000 100.0 55.799 56.139
1863.533 90.00 34.2000 100.0 55.798 56.109
1863.633 90.00 34.1900 100.0 55.807 56.157
1863.733 90.00 34.2000 100.0 55.800 56.095
1863.831 90.00 34.1900 100.0 55.811 56.157
1863.933 90.00 34.1900 100.0 55.811 56.136
1864.031 90.00 34.1900 100.0 55.810 56.113
1864.131 90.00 34.1900 100.0 55.806 56.072
1864.232 90.00 34.1800 100.0 55.820 56.156
1864.329 90.00 34.1800 100.0 55.816 56.109
1864.431 90.00 34.1800 100.0 55.817 56.106
1864.530 90.00 34.1800 100.0 55.817 56.090
1864.630 90.00 34.1700 100.0 55.826 56.139
1864.729 90.00 34.1700 100.0 55.826 56.126
1864.828 90.00 34.1600 100.0 55.840 56.207
1864.929 90.00 34.1700 100.0 55.825 56.081
1865.027 90.00 34.1700 100.0 55.828 56.090
1865.127 90.00 34.1700 100.0 55.833 56.111
1865.227 90.00 34.1600 100.0 55.837 56.124
1865.326 90.00 34.1600 100.0 55.840 56.130
1865.427 90.00 34.1700 100.0 55.831 56.058
1865.525 90.00 34.1600 100.0 55.840 56.108
1865.625 90.00 34.1500 100.0 55.844 56.122
1865.726 90.00 34.1600 100.0 55.842 56.093
1865.823 90.00 34.1400 100.0 55.856 56.177
1865.925 90.00 34.1400 100.0 55.859 56.183
1866.024 90.00 34.1400 100.0 55.862 56.188
1866.123 90.00 34.1300 100.0 55.865 56.191
1866.224 90.00 34.1400 100.0 55.855 56.108
1866.322 90.00 34.1400 100.0 55.862 56.141
1866.422 90.00 34.1400 100.0 55.862 56.127
1866.523 90.00 34.1300 100.0 55.867 56.154
1866.620 90.00 34.1300 100.0 55.869 56.151
1866.722 90.00 34.1200 100.0 55.874 56.172
1866.821 90.00 34.1200 100.0 55.874 56.159
1866.919 90.00 34.1300 100.0 55.870 56.114
1867.021 90.00 34.1100 100.0 55.885 56.206
1867.118 90.00 34.1100 100.0 55.893 56.245
1867.220 90.00 34.1100 100.0 55.887 56.187
1867.319 90.00 34.1100 100.0 55.886 56.170
1867.417 90.00 34.1000 100.0 55.895 56.214
1867.519 90.00 34.1000 100.0 55.900 56.234
1867.617 90.00 34.1000 100.0 55.904 56.243
1867.717 90.00 34.0900 100.0 55.908 56.255
1867.817 90.00 34.0900 100.0 55.910 56.252
1867.915 90.00 34.0800 100.0 55.916 56.278
1868.017 90.00 34.0800 100.0 55.915 56.251
1868.115 90.00 34.0900 100.0 55.912 56.214
1868.216 90.00 34.1000 100.0 55.904 56.142
1868.315 90.00 34.0800 100.0 55.916 56.215
1868.413 90.00 34.0800 100.0 55.914 56.188
1868.515 90.00 34.0700 100.0 55.932 56.299
1868.614 90.00 34.0700 100.0 55.931 56.274
1868.713 90.00 34.0700 100.0 55.927 56.227
1868.813 90.00 34.0700 100.0 55.924 56.192
1868.912 90.00 34.0700 100.0 55.930 56.224
1869.012 90.00 34.0600 100.0 55.934 56.236
1869.112 90.00 34.0600 100.0 55.939 56.257
1869.211 90.00 34.0500 100.0 55.945 56.279
1869.312 90.00 34.0600 100.0 55.940 56.232
1869.410 90.00 34.0500 100.0 55.946 56.257
1869.510 90.00 34.0500 100.0 55.950 56.266
1869.610 90.00 34.0600 100.0 55.941 56.191
1869.709 90.00 34.0400 100.0 55.958 56.296
1869.809 90.00 34.0400 100.0 55.955 56.261
1869.908 90.00 34.0500 100.0 55.952 56.221
1870.009 90.00 34.0500 100.0 55.952 56.210
1870.108 90.00 34.0400 100.0 55.955 56.216
1870.207 90.00 34.0400 100.0 55.955 56.201
1870.307 90.00 34.0500 100.0 55.953 56.178
1870.406 90.00 34.0300 100.0 55.967 56.264
1870.506 90.00 34.0300 100.0 55.966 56.240
1870.605 90.00 34.0300 100.0 55.969 56.251
1870.705 90.00 34.0200 100.0 55.976 56.285
1870.805 90.00 34.0300 100.0 55.969 56.217
1870.905 90.00 34.0300 100.0 55.974 56.240
1871.004 90.00 34.0300 100.0 55.970 56.203
1871.105 90.00 34.0200 100.0 55.976 56.233
1871.203 90.00 34.0100 100.0 55.985 56.282
1871.303 90.00 34.0200 100.0 55.974 56.189
1871.403 90.00 34.0200 100.0 55.978 56.206
1871.501 90.00 34.0200 100.0 55.976 56.181
1871.603 90.00 34.0200 100.0 55.980 56.203
1871.701 90.00 34.0100 100.0 55.990 56.257
1871.801 90.00 34.0100 100.0 55.993 56.269
1871.901 90.00 34.0100 100.0 55.989 56.227
1871.999 90.00 34.0200 100.0 55.981 56.158
1872.101 90.00 34.0200 100.0 55.979 56.137
1872.199 90.00 34.0100 100.0 55.988 56.187
1872.300 90.00 33.9900 100.0 56.008 56.321
1872.399 90.00 33.9900 100.0 56.011 56.328
1872.498 90.00 33.9800 100.0 56.015 56.339
1872.599 90.00 33.9800 100.0 56.015 56.318
1872.697 90.00 33.9800 100.0 56.021 56.348
1872.798 90.00 33.9900 100.0 56.012 56.266
1872.898 90.00 33.9800 100.0 56.015 56.279
1872.996 90.00 33.9900 100.0 56.011 56.236
1873.097 90.00 33.9800 100.0 56.017 56.265
1873.195 90.00 33.9700 100.0 56.026 56.319
1873.295 90.00 33.9700 100.0 56.031 56.334
1873.396 90.00 33.9700 100.0 56.025 56.277
1873.493 90.00 33.9700 100.0 56.026 56.273
1873.595 90.00 33.9600 100.0 56.037 56.338
1873.694 90.00 33.9700 100.0 56.031 56.285
1873.792 90.00 33.9600 100.0 56.041 56.337
1873.894 90.00 33.9500 100.0 56.047 56.366
1873.991 90.00 33.9500 100.0 56.047 56.352
1874.093 90.00 33.9600 100.0 56.040 56.288
1874.192 90.00 33.9600 100.0 56.042 56.286
1874.290 90.00 33.9500 100.0 56.051 56.335
1874.392 90.00 33.9400 100.0 56.061 56.397
1874.490 90.00 33.9500 100.0 56.052 56.313
1874.590 90.00 33.9400 100.0 56.056 56.327
1874.690 90.00 33.9400 100.0 56.057 56.324
1874.789 90.00 33.9400 100.0 56.062 56.343
1874.890 90.00 33.9200 100.0 56.074 56.416
1874.989 90.00 33.9300 100.0 56.064 56.330
1875.088 90.00 33.9300 100.0 56.071 56.365
1875.189 90.00 33.9400 100.0 56.062 56.287
1875.286 90.00 33.9300 100.0 56.070 56.331
1875.387 90.00 33.9200 100.0 56.077 56.363
1875.487 90.00 33.9200 100.0 56.080 56.375
1875.585 90.00 33.9000 100.0 56.094 56.456
1875.687 90.00 33.9000 100.0 56.094 56.440
1875.785 90.00 33.9000 100.0 56.099 56.452
1875.885 90.00 33.9000 100.0 56.099 56.437
1875.985 90.00 33.9000 100.0 56.103 56.451
1876.083 90.00 33.9000 100.0 56.094 56.367
1876.185 90.00 33.8900 100.0 56.105 56.429
1876.283 90.00 33.8900 100.0 56.109 56.447
1876.384 90.00 33.9100 100.0 56.092 56.308
1876.483 90.00 33.8900 100.0 56.108 56.410
1876.582 90.00 33.8900 100.0 56.107 56.387
1876.683 90.00 33.8700 100.0 56.124 56.494
1876.780 90.00 33.8800 100.0 56.117 56.427
1876.882 90.00 33.8800 100.0 56.119 56.424
1876.982 90.00 33.8800 100.0 56.118 56.398
1877.079 90.00 33.8800 100.0 56.117 56.380
1877.181 90.00 33.8700 100.0 56.133 56.477
1877.279 90.00 33.8700 100.0 56.128 56.428
1877.379 90.00 33.8600 100.0 56.138 56.481
1877.480 90.00 33.8600 100.0 56.137 56.459
1877.577 90.00 33.8600 100.0 56.141 56.469
1877.678 90.00 33.8500 100.0 56.146 56.486
1877.778 90.00 33.8500 100.0 56.146 56.469
1877.876 90.00 33.8500 100.0 56.145 56.449
1877.978 90.00 33.8600 100.0 56.142 56.410
1878.076 90.00 33.8700 100.0 56.132 56.327
1878.176 90.00 33.8700 100.0 56.133 56.328
1878.276 90.00 33.8600 100.0 56.143 56.386
1878.374 90.00 33.8700 100.0 56.132 56.299
1878.476 90.00 33.8700 100.0 56.128 56.259
1878.574 90.00 33.8700 100.0 56.127 56.247
1878.674 90.00 33.8600 100.0 56.135 56.298
1878.774 90.00 33.8700 100.0 56.134 56.278
1878.873 90.00 33.8600 100.0 56.137 56.295
1878.974 90.00 33.8600 100.0 56.139 56.299
1879.072 90.00 33.8500 100.0 56.150 56.371
1879.172 90.00 33.8500 100.0 56.150 56.360
1879.273 90.00 33.8500 100.0 56.147 56.324
1879.371 90.00 33.8500 100.0 56.147 56.320
1879.472 90.00 33.8400 100.0 56.156 56.370
1879.571 90.00 33.8400 100.0 56.157 56.369
1879.669 90.00 33.8500 100.0 56.154 56.335
1879.771 90.00 33.8300 100.0 56.172 56.455
1879.869 90.00 33.8300 100.0 56.173 56.450
1879.970 90.00 33.8400 100.0 56.163 56.365
1880.069 90.00 33.8300 100.0 56.166 56.376
1880.167 90.00 33.8200 100.0 56.174 56.420
1880.269 90.00 33.8300 100.0 56.171 56.384
1880.367 90.00 33.8300 100.0 56.170 56.370
1880.468 90.00 33.8300 100.0 56.174 56.384
1880.566 90.00 33.8100 100.0 56.186 56.459
1880.666 90.00 33.8100 100.0 56.193 56.497
1880.767 90.00 33.8200 100.0 56.180 56.393
1880.864 90.00 33.8100 100.0 56.193 56.468
1880.966 90.00 33.8100 100.0 56.185 56.398
1881.064 90.00 33.8100 100.0 56.185 56.388
1881.164 90.00 33.8100 100.0 56.187 56.393
1881.264 90.00 33.8000 100.0 56.196 56.443
1881.364 90.00 33.8100 100.0 56.190 56.394
1881.463 90.00 33.8100 100.0 56.184 56.342
1881.563 90.00 33.8100 100.0 56.190 56.372
1881.662 90.00 33.7900 100.0 56.210 56.501
1881.763 90.00 33.8000 100.0 56.203 56.438
1881.861 90.00 33.8000 100.0 56.203 56.429
1881.961 90.00 33.7800 100.0 56.215 56.504
1882.061 90.00 33.7800 100.0 56.221 56.533
1882.160 90.00 33.7800 100.0 56.217 56.483
1882.261 90.00 33.7800 100.0 56.214 56.452
1882.359 90.00 33.7800 100.0 56.215 56.447
1882.459 90.00 33.7700 100.0 56.229 56.535
1882.559 90.00 33.7700 100.0 56.227 56.502
1882.658 90.00 33.7700 100.0 56.230 56.514
1882.759 90.00 33.7600 100.0 56.238 56.550
1882.857 90.00 33.7600 100.0 56.238 56.534
1882.957 90.00 33.7600 100.0 56.241 56.542
1883.058 90.00 33.7700 100.0 56.232 56.463
1883.155 90.00 33.7500 100.0 56.244 56.539
1883.256 90.00 33.7500 100.0 56.247 56.547
1883.355 90.00 33.7600 100.0 56.242 56.496
1883.455 90.00 33.8700 100.0 56.129 55.694
1883.556 90.00 33.7400 100.0 56.261 56.640
1883.654 90.00 33.7500 100.0 56.247 56.522
1883.754 90.00 33.7400 100.0 56.254 56.556
1883.854 90.00 33.7400 100.0 56.261 56.592
1883.953 90.00 33.7300 100.0 56.266 56.607
1884.054 90.00 33.7300 100.0 56.268 56.600
1884.152 90.00 33.7400 100.0 56.264 56.556
1884.252 90.00 33.7400 100.0 56.263 56.536
1884.353 90.00 33.7200 100.0 56.274 56.604
1884.451 90.00 33.7300 100.0 56.271 56.565
1884.551 90.00 33.7200 100.0 56.282 56.627
1884.651 90.00 33.7100 100.0 56.285 56.627
1884.750 90.00 33.7000 100.0 56.297 56.697
1884.851 90.00 33.7000 100.0 56.295 56.661
1884.949 90.00 33.7100 100.0 56.288 56.594
1885.050 90.00 33.7000 100.0 56.298 56.650
1885.149 90.00 33.7100 100.0 56.293 56.595
1885.247 90.00 33.7100 100.0 56.289 56.554
1885.349 90.00 33.6900 100.0 56.305 56.652
1885.447 90.00 33.6900 100.0 56.312 56.686
1885.547 90.00 33.7000 100.0 56.302 56.599
1885.648 90.00 33.6900 100.0 56.310 56.633
1885.745 90.00 33.6900 100.0 56.309 56.616
1885.847 90.00 33.6800 100.0 56.320 56.676
1885.946 90.00 33.6900 100.0 56.307 56.569
1886.044 90.00 33.6800 100.0 56.319 56.639
1886.146 90.00 33.6800 100.0 56.317 56.609
1886.244 90.00 33.6800 100.0 56.316 56.587
1886.344 90.00 33.6800 100.0 56.322 56.611
1886.444 90.00 33.6800 100.0 56.320 56.583
1886.542 90.00 33.6700 100.0 56.333 56.662
1886.644 90.00 33.6600 100.0 56.334 56.657
1886.742 90.00 33.6800 100.0 56.321 56.549
1886.842 90.00 33.6600 100.0 56.335 56.633
1886.942 90.00 33.6600 100.0 56.339 56.645
1887.040 90.00 33.6600 100.0 56.336 56.610
1887.142 90.00 33.6600 100.0 56.342 56.639
1887.240 90.00 33.6500 100.0 56.349 56.672
1887.340 90.00 33.6600 100.0 56.343 56.613
1887.440 90.00 33.6600 100.0 56.338 56.564
1887.539 90.00 33.6600 100.0 56.335 56.533
1887.639 90.00 33.6500 100.0 56.354 56.654
1887.739 90.00 33.6500 100.0 56.350 56.611
1887.838 90.00 33.6400 100.0 56.357 56.650
1887.939 90.00 33.6400 100.0 56.355 56.622
1888.037 90.00 33.6400 100.0 56.361 56.647
1888.138 90.00 33.6400 100.0 56.359 56.621
1888.237 90.00 33.6400 100.0 56.356 56.590
1888.335 90.00 33.6300 100.0 56.370 56.676
1888.437 90.00 33.6300 100.0 56.365 56.627
1888.534 90.00 33.6300 100.0 56.366 56.621
1888.636 90.00 33.6200 100.0 56.377 56.683
1888.734 90.00 33.6200 100.0 56.384 56.712
1888.834 90.00 33.6200 100.0 56.381 56.675
1888.935 90.00 33.6100 100.0 56.385 56.690
1889.032 90.00 33.6100 100.0 56.387 56.690
1889.134 90.00 33.6200 100.0 56.383 56.646
1889.233 90.00 33.6000 100.0 56.399 56.744
1889.331 90.00 33.6100 100.0 56.387 56.644
1889.433 90.00 33.6100 100.0 56.389 56.647
1889.531 90.00 33.6100 100.0 56.392 56.653
1889.631 90.00 33.6000 100.0 56.398 56.683
1889.732 90.00 33.5900 100.0 56.408 56.737
1889.829 90.00 33.6000 100.0 56.403 56.684
1889.931 90.00 33.6000 100.0 56.399 56.643
1890.030 90.00 33.5800 100.0 56.417 56.762
1890.129 90.00 33.6000 100.0 56.398 56.610
1890.230 90.00 33.5800 100.0 56.414 56.709
1890.327 90.00 33.5900 100.0 56.406 56.641
1890.429 90.00 33.5800 100.0 56.419 56.718
1890.528 90.00 33.5800 100.0 56.415 56.678
1890.626 90.00 33.5700 100.0 56.431 56.774
1890.728 90.00 33.5800 100.0 56.422 56.697
1890.826 90.00 33.5700 100.0 56.425 56.698
1890.926 90.00 33.5700 100.0 56.431 56.730
1891.026 90.00 33.5600 100.0 56.437 56.756
1891.124 90.00 33.5700 100.0 56.433 56.715
1891.226 90.00 33.5700 100.0 56.430 56.681
1891.324 90.00 33.5700 100.0 56.432 56.681
1891.424 90.00 33.5500 100.0 56.451 56.797
1891.524 90.00 33.5600 100.0 56.442 56.717
1891.623 90.00 33.5600 100.0 56.439 56.687
1891.724 90.00 33.5600 100.0 56.436 56.652
1891.822 90.00 33.5500 100.0 56.449 56.731
1891.922 90.00 33.5500 100.0 56.449 56.721
1892.023 90.00 33.5500 100.0 56.446 56.680
1892.121 90.00 33.5400 100.0 56.462 56.781
1892.221 90.00 33.5400 100.0 56.458 56.738
1892.321 90.00 33.5500 100.0 56.454 56.694
1892.420 90.00 33.5300 100.0 56.468 56.786
1892.521 90.00 33.5300 100.0 56.470 56.785
1892.618 90.00 33.5300 100.0 56.470 56.762
1892.720 90.00 33.5200 100.0 56.478 56.806
1892.819 90.00 33.5000 100.0 56.495 56.912
1892.917 90.00 33.5100 100.0 56.491 56.863
1893.019 90.00 33.4900 100.0 56.505 56.943
1893.116 90.00 33.5000 100.0 56.503 56.901
1893.218 90.00 33.5000 100.0 56.501 56.868
1893.317 90.00 33.5100 100.0 56.492 56.792
1893.415 90.00 33.5000 100.0 56.498 56.815
1893.517 90.00 33.4900 100.0 56.507 56.860
1893.615 90.00 33.4800 100.0 56.522 56.952
1893.715 90.00 33.4800 100.0 56.520 56.913
1893.815 90.00 33.4800 100.0 56.517 56.873
1893.914 90.00 33.4700 100.0 56.526 56.919
1894.015 90.00 33.4800 100.0 56.524 56.882
1894.114 90.00 33.4700 100.0 56.533 56.932
1894.213 90.00 33.4700 100.0 56.524 56.848
1894.314 90.00 33.4800 100.0 56.522 56.816
1894.411 90.00 33.4600 100.0 56.536 56.899
1894.513 90.00 33.4700 100.0 56.531 56.848
1894.612 90.00 33.4600 100.0 56.543 56.914
1894.710 90.00 33.4500 100.0 56.544 56.907
1894.812 90.00 33.4600 100.0 56.538 56.843
1894.910 90.00 33.4600 100.0 56.540 56.846
1895.010 90.00 33.4500 100.0 56.550 56.896
1895.110 90.00 33.4500 100.0 56.544 56.839
1895.209 90.00 33.4500 100.0 56.549 56.860
1895.310 90.00 33.4500 100.0 56.552 56.866
1895.408 90.00 33.4500 100.0 56.554 56.860
1895.508 90.00 33.4400 100.0 56.560 56.888
1895.608 90.00 33.4400 100.0 56.561 56.882
1895.707 90.00 33.4400 100.0 56.562 56.869
1895.808 90.00 33.4400 100.0 56.558 56.828
1895.906 90.00 33.4400 100.0 56.554 56.788
1896.006 90.00 33.4300 100.0 56.565 56.849
1896.107 90.00 33.4400 100.0 56.562 56.819
1896.205 90.00 33.4200 100.0 56.575 56.897
1896.305 90.00 33.4300 100.0 56.573 56.861
1896.405 90.00 33.4300 100.0 56.572 56.844
1896.504 90.00 33.4200 100.0 56.582 56.898
1896.605 90.00 33.4200 100.0 56.577 56.851
1896.702 90.00 33.4300 100.0 56.566 56.759
1896.804 90.00 33.4200 100.0 56.577 56.823
1896.902 90.00 33.4100 100.0 56.589 56.895
1897.002 90.00 33.4200 100.0 56.582 56.835
1897.103 90.00 33.4100 100.0 56.588 56.863
1897.200 90.00 33.4100 100.0 56.585 56.828
1897.302 90.00 33.4200 100.0 56.581 56.785
1897.401 90.00 33.4100 100.0 56.591 56.844
1897.499 90.00 33.4000 100.0 56.594 56.858
1897.601 90.00 33.4100 100.0 56.585 56.776
1897.699 90.00 33.4000 100.0 56.595 56.842
1897.800 90.00 33.4000 100.0 56.599 56.852
1897.899 90.00 33.4000 100.0 56.600 56.852
1897.997 90.00 33.3900 100.0 56.609 56.901
1898.099 90.00 33.4000 100.0 56.597 56.803
1898.197 90.00 33.3900 100.0 56.610 56.880
1898.297 90.00 33.3900 100.0 56.607 56.850
1898.398 90.00 33.3800 100.0 56.618 56.914
1898.496 90.00 33.3700 100.0 56.625 56.945
1898.596 90.00 33.3800 100.0 56.619 56.885
1898.696 90.00 33.3800 100.0 56.615 56.850
1898.794 90.00 33.3700 100.0 56.628 56.928
1898.896 90.00 33.3700 100.0 56.624 56.884
1898.994 90.00 33.3700 100.0 56.631 56.921
1899.095 90.00 33.3600 100.0 56.642 56.982
1899.194 90.00 33.3700 100.0 56.633 56.902
1899.292 90.00 33.3600 100.0 56.638 56.923
1899.394 90.00 33.3600 100.0 56.643 56.945
1899.492 90.00 33.3600 100.0 56.635 56.875
1899.592 90.00 33.3400 100.0 56.655 57.003
1899.692 90.00 33.3600 100.0 56.643 56.902
1899.791 90.00 33.3400 100.0 56.655 56.970
1899.892 90.00 33.3400 100.0 56.661 57.000
1899.990 90.00 33.3400 100.0 56.658 56.960
1900.090 90.00 33.3500 100.0 56.649 56.879
1900.190 90.00 33.3200 100.0 56.676 57.059
1900.289 90.00 33.3200 100.0 56.679 57.063
1900.390 90.00 33.3100 100.0 56.691 57.123
1900.488 90.00 33.3200 100.0 56.675 56.994
1900.588 90.00 33.3100 100.0 56.691 57.089
1900.689 90.00 33.3200 100.0 56.684 57.016
1900.786 90.00 33.3100 100.0 56.688 57.032
1900.888 90.00 33.3000 100.0 56.694 57.053
1900.987 90.00 33.3000 100.0 56.696 57.052
1901.085 90.00 33.3000 100.0 56.697 57.042
1901.187 90.00 33.3000 100.0 56.699 57.034
1901.284 90.00 33.3000 100.0 56.702 57.044
1901.386 90.00 33.3000 100.0 56.701 57.016
1901.485 90.00 33.2900 100.0 56.712 57.081
1901.583 90.00 33.2900 100.0 56.713 57.064
1901.685 90.00 33.2800 100.0 56.716 57.071
1901.783 90.00 33.2900 100.0 56.707 56.991
1901.883 90.00 33.2800 100.0 56.719 57.058
1901.983 90.00 33.2700 100.0 56.729 57.111
1902.081 90.00 33.2700 100.0 56.732 57.112
1902.183 90.00 33.2500 100.0 56.749 57.217
1902.281 90.00 33.2500 100.0 56.749 57.194
1902.381 90.00 33.2500 100.0 56.747 57.157
1902.482 90.00 33.2600 100.0 56.740 57.082
1902.580 90.00 33.2400 100.0 56.759 57.202
1902.680 90.00 33.2600 100.0 56.744 57.072
1902.780 90.00 33.2500 100.0 56.748 57.085
1902.879 90.00 33.2300 100.0 56.768 57.205
1902.980 90.00 33.2400 100.0 56.757 57.110
1903.078 90.00 33.2300 100.0 56.765 57.151
1903.178 90.00 33.2300 100.0 56.773 57.185
1903.278 90.00 33.2400 100.0 56.760 57.072
1903.377 90.00 33.2200 100.0 56.776 57.168
1903.478 90.00 33.2200 100.0 56.781 57.182
1903.576 90.00 33.2300 100.0 56.773 57.107
1903.676 90.00 33.2100 100.0 56.785 57.175
1903.776 90.00 33.1900 100.0 56.812 57.344
1903.875 90.00 33.1700 100.0 56.830 57.447
1903.975 90.00 33.1600 100.0 56.843 57.503
1904.074 90.00 33.1600 100.0 56.838 57.437
1904.174 90.00 33.1500 100.0 56.845 57.456
1904.274 90.00 33.1500 100.0 56.845 57.425
1904.374 90.00 33.1600 100.0 56.837 57.338
1904.474 90.00 33.1600 100.0 56.840 57.334
1904.572 90.00 33.1500 100.0 56.848 57.369
1904.672 90.00 33.1500 100.0 56.847 57.334
1904.773 90.00 33.1500 100.0 56.849 57.327
1904.870 90.00 33.1400 100.0 56.861 57.386
1904.972 90.00 33.1400 100.0 56.859 57.343
1905.071 90.00 33.1400 100.0 56.864 57.352
1905.169 90.00 33.1300 100.0 56.869 57.363
1905.271 90.00 33.1300 100.0 56.865 57.312
1905.369 90.00 33.1300 100.0 56.872 57.343
1905.469 90.00 33.1400 100.0 56.857 57.214
1905.569 90.00 33.1300 100.0 56.864 57.242
1905.667 90.00 33.1600 100.0 56.841 57.059
1905.769 90.00 33.1600 100.0 56.837 57.027
1905.867 90.00 33.1500 100.0 56.845 57.070
1905.967 90.00 33.1500 100.0 56.844 57.052
1906.067 90.00 33.1400 100.0 56.858 57.141
1906.166 90.00 33.1500 100.0 56.845 57.038
1906.267 90.00 33.1400 100.0 56.860 57.129
1906.365 90.00 33.1300 100.0 56.868 57.170
1906.465 90.00 33.1400 100.0 56.856 57.071
1906.565 90.00 33.1300 100.0 56.869 57.150
1906.664 90.00 33.1200 100.0 56.880 57.217
1906.764 90.00 33.1300 100.0 56.872 57.147
1906.864 90.00 33.1200 100.0 56.882 57.201
1906.963 90.00 33.1200 100.0 56.878 57.159
1907.064 90.00 33.1200 100.0 56.882 57.169
1907.162 90.00 33.1200 100.0 56.877 57.123
1907.262 90.00 33.1100 100.0 56.889 57.195
1907.362 90.00 33.1100 100.0 56.890 57.185
1907.461 90.00 33.1000 100.0 56.898 57.223
1907.562 90.00 33.1000 100.0 56.894 57.183
1907.660 90.00 33.1000 100.0 56.903 57.229
1907.760 90.00 33.1000 100.0 56.900 57.193
1907.860 90.00 33.1000 100.0 56.899 57.169
1907.959 90.00 33.0900 100.0 56.913 57.257
1908.060 90.00 33.0800 100.0 56.918 57.274
1908.158 90.00 33.0900 100.0 56.913 57.219
1908.258 90.00 33.0900 100.0 56.906 57.154
1908.358 90.00 33.0900 100.0 56.912 57.188
1908.456 90.00 33.0700 100.0 56.932 57.310
1908.558 90.00 33.0800 100.0 56.918 57.197
1908.655 90.00 33.0600 100.0 56.934 57.291
1908.756 90.00 33.0800 100.0 56.924 57.202
1908.857 90.00 33.0700 100.0 56.926 57.206
1908.954 90.00 33.0600 100.0 56.942 57.304
1909.056 90.00 33.0600 100.0 56.940 57.272
1909.155 90.00 33.0800 100.0 56.923 57.132
1909.254 90.00 33.0500 100.0 56.946 57.282
1909.355 90.00 33.0500 100.0 56.945 57.260
1909.452 90.00 33.0800 100.0 56.923 57.094
1909.554 90.00 33.0600 100.0 56.942 57.216
1909.653 90.00 33.0400 100.0 56.959 57.322
1909.751 90.00 33.0400 100.0 56.961 57.314
1909.853 90.00 33.0200 100.0 56.980 57.436
1909.951 90.00 33.0300 100.0 56.972 57.351
1910.051 90.00 33.0200 100.0 56.974 57.352
1910.151 90.00 33.0500 100.0 56.954 57.187
1910.250 90.00 33.0300 100.0 56.967 57.270
1910.351 90.00 33.0300 100.0 56.973 57.297
1910.449 90.00 33.0300 100.0 56.973 57.279
1910.550 90.00 33.0100 100.0 56.991 57.389
1910.649 90.00 33.0100 100.0 56.989 57.354
1910.748 90.00 33.0100 100.0 56.992 57.359
1910.848 90.00 33.0100 100.0 56.985 57.292
1910.947 90.00 33.0100 100.0 56.986 57.285
1911.047 90.00 33.0100 100.0 56.988 57.283
1911.148 90.00 32.9900 100.0 57.007 57.399
1911.246 90.00 33.0000 100.0 56.999 57.325
1911.346 90.00 33.0200 100.0 56.983 57.199
1911.446 90.00 33.0200 100.0 56.975 57.130
1911.544 90.00 33.0200 100.0 56.979 57.149
1911.646 90.00 33.0200 100.0 56.977 57.132
1911.744 90.00 33.0500 100.0 56.947 56.912
1911.844 90.00 33.0000 100.0 56.997 57.266
1911.944 90.00 32.9900 100.0 57.008 57.329
1912.043 90.00 32.9800 100.0 57.015 57.357
1912.144 90.00 32.9700 100.0 57.027 57.423
1912.242 90.00 32.9500 100.0 57.050 57.569
1912.343 90.00 32.9500 100.0 57.053 57.563
1912.442 90.00 32.9400 100.0 57.054 57.543
1912.541 90.00 32.9500 100.0 57.052 57.502
1912.642 90.00 32.9300 100.0 57.066 57.582
1912.739 90.00 32.9300 100.0 57.073 57.607
1912.841 90.00 32.9400 100.0 57.062 57.499
1912.940 90.00 32.9100 100.0 57.086 57.644
1913.038 90.00 32.9200 100.0 57.074 57.536
1913.140 90.00 32.9100 100.0 57.086 57.593
1913.239 90.00 32.9200 100.0 57.084 57.554
1913.338 90.00 32.9100 100.0 57.087 57.557
1913.439 90.00 32.9100 100.0 57.088 57.540
1913.537 90.00 32.9100 100.0 57.087 57.511
1913.637 90.00 32.9200 100.0 57.081 57.446
1913.737 90.00 32.9100 100.0 57.090 57.490
1913.835 90.00 32.9100 100.0 57.086 57.439
1913.937 90.00 32.9200 100.0 57.083 57.401
1914.035 90.00 32.9100 100.0 57.094 57.460
1914.135 90.00 32.9000 100.0 57.096 57.461
1914.235 90.00 32.9100 100.0 57.091 57.403
1914.333 90.00 32.9000 100.0 57.101 57.458
1914.435 90.00 32.8900 100.0 57.109 57.496
1914.533 90.00 32.8900 100.0 57.111 57.490
1914.633 90.00 32.8800 100.0 57.122 57.548
1914.733 90.00 32.8900 100.0 57.108 57.428
1914.832 90.00 32.8700 100.0 57.126 57.543
1914.932 90.00 32.8900 100.0 57.112 57.420
1915.031 90.00 32.8800 100.0 57.116 57.434
1915.131 90.00 32.8800 100.0 57.122 57.460
1915.232 90.00 32.8800 100.0 57.122 57.448
1915.330 90.00 32.8800 100.0 57.120 57.414
1915.430 90.00 32.8800 100.0 57.120 57.398
1915.530 90.00 32.8600 100.0 57.136 57.494
1915.629 90.00 32.8600 100.0 57.138 57.491
1915.730 90.00 32.8600 100.0 57.137 57.467
1915.828 90.00 32.8600 100.0 57.141 57.479
1915.928 90.00 32.8600 100.0 57.143 57.480
1916.028 90.00 32.8400 100.0 57.159 57.572
1916.126 90.00 32.8500 100.0 57.150 57.487
1916.228 90.00 32.8300 100.0 57.172 57.629
1916.326 90.00 32.8300 100.0 57.165 57.555
1916.427 90.00 32.8300 100.0 57.171 57.575
1916.525 90.00 32.8400 100.0 57.162 57.494
1916.625 90.00 32.8200 100.0 57.177 57.579
1916.726 90.00 32.8300 100.0 57.171 57.521
1916.823 90.00 32.8300 100.0 57.173 57.516
1916.925 90.00 32.8100 100.0 57.187 57.598
1917.024 90.00 32.8200 100.0 57.178 57.510
1917.123 90.00 32.8100 100.0 57.184 57.542
1917.224 90.00 32.8000 100.0 57.199 57.630
1917.322 90.00 32.8000 100.0 57.203 57.632
1917.422 90.00 32.7900 100.0 57.211 57.669
1917.521 90.00 32.8000 100.0 57.202 57.581
1917.621 90.00 32.7800 100.0 57.217 57.668
1917.722 90.00 32.7900 100.0 57.204 57.557
1917.820 90.00 32.7800 100.0 57.215 57.613
1917.920 90.00 32.7800 100.0 57.221 57.636
1918.021 90.00 32.7700 100.0 57.226 57.653
1918.118 90.00 32.7700 100.0 57.225 57.624
1918.220 90.00 32.7700 100.0 57.232 57.650
1918.318 90.00 32.7700 100.0 57.233 57.639
1918.418 90.00 32.7600 100.0 57.235 57.633
1918.519 90.00 32.7600 100.0 57.237 57.624
1918.616 90.00 32.7600 100.0 57.237 57.604
1918.718 90.00 32.7600 100.0 57.239 57.598
1918.817 90.00 32.7600 100.0 57.237 57.566
1918.915 90.00 32.7700 100.0 57.233 57.527
1919.017 90.00 32.7400 100.0 57.257 57.679
1919.115 90.00 32.7500 100.0 57.247 57.588
1919.215 90.00 32.7600 100.0 57.243 57.542
1919.315 90.00 32.7500 100.0 57.252 57.591
1919.414 90.00 32.7300 100.0 57.265 57.666
1919.515 90.00 32.7400 100.0 57.261 57.617
1919.614 90.00 32.7400 100.0 57.261 57.600
1919.713 90.00 32.7400 100.0 57.259 57.566
1919.814 90.00 32.7300 100.0 57.270 57.630
1919.912 90.00 32.7300 100.0 57.272 57.627
1920.012 90.00 32.7300 100.0 57.265 57.559
1920.112 90.00 32.7300 100.0 57.272 57.590
1920.210 90.00 32.7300 100.0 57.273 57.584
1920.312 90.00 32.7200 100.0 57.276 57.591
1920.409 90.00 32.7200 100.0 57.278 57.590
1920.511 90.00 32.7300 100.0 57.267 57.491
1920.610 90.00 32.7200 100.0 57.281 57.583
1920.708 90.00 32.7200 100.0 57.279 57.552
1920.810 90.00 32.7200 100.0 57.279 57.535
1920.907 90.00 32.7000 100.0 57.300 57.673
1921.009 90.00 32.7000 100.0 57.301 57.663
1921.108 90.00 32.6900 100.0 57.305 57.674
1921.206 90.00 32.6900 100.0 57.306 57.659
1921.308 90.00 32.6900 100.0 57.306 57.641
1921.406 90.00 32.7000 100.0 57.301 57.589
1921.506 90.00 32.6900 100.0 57.308 57.627
1921.607 90.00 32.6900 100.0 57.307 57.599
1921.705 90.00 32.6800 100.0 57.314 57.635
1921.805 90.00 32.6800 100.0 57.318 57.651
1921.905 90.00 32.6800 100.0 57.323 57.670
1922.004 90.00 32.6700 100.0 57.324 57.658
1922.105 90.00 32.6800 100.0 57.321 57.617
1922.203 90.00 32.6600 100.0 57.342 57.753
1922.303 90.00 32.6700 100.0 57.327 57.623
1922.403 90.00 32.6600 100.0 57.338 57.686
1922.501 90.00 32.6600 100.0 57.341 57.691
1922.603 90.00 32.6700 100.0 57.328 57.579
1922.701 90.00 32.6600 100.0 57.340 57.653
1922.801 90.00 32.6500 100.0 57.347 57.690
1922.901 90.00 32.6500 100.0 57.354 57.716
1923.000 90.00 32.6600 100.0 57.341 57.609
1923.100 90.00 32.6500 100.0 57.354 57.684
1923.199 90.00 32.6500 100.0 57.349 57.634
1923.300 90.00 32.6500 100.0 57.353 57.651
1923.399 90.00 32.6400 100.0 57.356 57.656
1923.498 90.00 32.6300 100.0 57.366 57.711
1923.598 90.00 32.6400 100.0 57.361 57.660
1923.697 90.00 32.6400 100.0 57.358 57.623
1923.798 90.00 32.6300 100.0 57.371 57.699
1923.897 90.00 32.6300 100.0 57.365 57.641
1923.996 90.00 32.6300 100.0 57.372 57.679
1924.096 90.00 32.6200 100.0 57.375 57.684
1924.196 90.00 32.6200 100.0 57.377 57.679
1924.296 90.00 32.6200 100.0 57.375 57.650
1924.396 90.00 32.6100 100.0 57.385 57.708
1924.493 90.00 32.6100 100.0 57.385 57.694
1924.595 90.00 32.6100 100.0 57.387 57.690
1924.694 90.00 32.6000 100.0 57.398 57.753
1924.792 90.00 32.6100 100.0 57.391 57.686
1924.894 90.00 32.6000 100.0 57.399 57.724
1924.991 90.00 32.6000 100.0 57.402 57.729
1925.093 90.00 32.6100 100.0 57.393 57.655
1925.192 90.00 32.6000 100.0 57.394 57.647
1925.290 90.00 32.5900 100.0 57.408 57.729
1925.392 90.00 32.5900 100.0 57.411 57.739
1925.490 90.00 32.5900 100.0 57.406 57.685
1925.590 90.00 32.5800 100.0 57.416 57.744
1925.690 90.00 32.5900 100.0 57.410 57.680
1925.789 90.00 32.5800 100.0 57.420 57.738
1925.889 90.00 32.5800 100.0 57.420 57.725
1925.989 90.00 32.5800 100.0 57.418 57.696
1926.088 90.00 32.5800 100.0 57.423 57.715
1926.189 90.00 32.5700 100.0 57.432 57.761
1926.287 90.00 32.5600 100.0 57.435 57.772
1926.387 90.00 32.5600 100.0 57.440 57.787
1926.487 90.00 32.5600 100.0 57.439 57.764
1926.586 90.00 32.5500 100.0 57.447 57.802
1926.687 90.00 32.5500 100.0 57.453 57.825
1926.785 90.00 32.5500 100.0 57.447 57.762
1926.885 90.00 32.5700 100.0 57.431 57.639
1926.985 90.00 32.5500 100.0 57.446 57.734
1927.084 90.00 32.5600 100.0 57.443 57.694
1927.185 90.00 32.5600 100.0 57.440 57.665
1927.283 90.00 32.5600 100.0 57.441 57.657
1927.383 90.00 32.5500 100.0 57.450 57.712
1927.483 90.00 32.5300 100.0 57.466 57.813
1927.582 90.00 32.5500 100.0 57.453 57.699
1927.682 90.00 32.5400 100.0 57.461 57.745
1927.781 90.00 32.5300 100.0 57.473 57.817
1927.881 90.00 32.5300 100.0 57.471 57.784
1927.982 90.00 32.5300 100.0 57.473 57.782
1928.080 90.00 32.5200 100.0 57.478 57.804
1928.180 90.00 32.5100 100.0 57.486 57.842
1928.280 90.00 32.5200 100.0 57.475 57.750
1928.380 90.00 32.5200 100.0 57.480 57.766
1928.480 90.00 32.5200 100.0 57.480 57.752
1928.577 90.00 32.5200 100.0 57.478 57.728
1928.678 90.00 32.5000 100.0 57.494 57.825
1928.778 90.00 32.5100 100.0 57.488 57.767
1928.876 90.00 32.5100 100.0 57.492 57.784
1928.977 90.00 32.5100 100.0 57.487 57.733
1929.076 90.00 32.5100 100.0 57.485 57.705
1929.176 90.00 32.5100 100.0 57.484 57.690
1929.276 90.00 32.5100 100.0 57.492 57.736
1929.375 90.00 32.5000 100.0 57.501 57.781
1929.475 90.00 32.4900 100.0 57.509 57.828
1929.574 90.00 32.4900 100.0 57.505 57.783
1929.674 90.00 32.4900 100.0 57.507 57.780
1929.774 90.00 32.4900 100.0 57.511 57.799
1929.873 90.00 32.4900 100.0 57.513 57.799
1929.973 90.00 32.4900 100.0 57.510 57.762
1930.072 90.00 32.4800 100.0 57.516 57.792
1930.172 90.00 32.4800 100.0 57.521 57.810
1930.273 90.00 32.4800 100.0 57.516 57.761
1930.371 90.00 32.4700 100.0 57.526 57.821
1930.471 90.00 32.4700 100.0 57.527 57.813
1930.571 90.00 32.4700 100.0 57.532 57.833
1930.670 90.00 32.4600 100.0 57.539 57.868
1930.770 90.00 32.4700 100.0 57.525 57.753
1930.869 90.00 32.4700 100.0 57.527 57.752
1930.969 90.00 32.4600 100.0 57.540 57.837
1931.069 90.00 32.4600 100.0 57.543 57.839
1931.168 90.00 32.4500 100.0 57.548 57.862
1931.268 90.00 32.4500 100.0 57.547 57.839
1931.367 90.00 32.4600 100.0 57.537 57.751
1931.467 90.00 32.4600 100.0 57.542 57.777
1931.567 90.00 32.4400 100.0 57.559 57.883
1931.666 90.00 32.4400 100.0 57.559 57.868
1931.766 90.00 32.4500 100.0 57.550 57.792
1931.865 90.00 32.4600 100.0 57.541 57.718
1931.965 90.00 32.4400 100.0 57.554 57.796
1932.065 90.00 32.4400 100.0 57.555 57.794
1932.164 90.00 32.4500 100.0 57.553 57.770
1932.265 90.00 32.4400 100.0 57.558 57.793
1932.363 90.00 32.4400 100.0 57.560 57.792
1932.463 90.00 32.4400 100.0 57.556 57.753
1932.564 90.00 32.4300 100.0 57.564 57.799
1932.661 90.00 32.4400 100.0 57.562 57.773
1932.763 90.00 32.4400 100.0 57.554 57.707
1932.861 90.00 32.4300 100.0 57.570 57.813
1932.960 90.00 32.4300 100.0 57.570 57.800
1933.062 90.00 32.4200 100.0 57.581 57.861
1933.159 90.00 32.4200 100.0 57.578 57.830
1933.261 90.00 32.4300 100.0 57.574 57.787
1933.360 90.00 32.4100 100.0 57.588 57.874
1933.458 90.00 32.4200 100.0 57.575 57.771
1933.560 90.00 32.4100 100.0 57.584 57.825
1933.658 90.00 32.4000 100.0 57.596 57.900
1933.758 90.00 32.4100 100.0 57.590 57.836
1933.858 90.00 32.4100 100.0 57.584 57.788
1933.957 90.00 32.4100 100.0 57.587 57.799
1934.058 90.00 32.3900 100.0 57.609 57.937
1934.156 90.00 32.4000 100.0 57.595 57.828
1934.256 90.00 32.4000 100.0 57.598 57.834
1934.357 90.00 32.4000 100.0 57.596 57.809
1934.455 90.00 32.4000 100.0 57.597 57.805
1934.555 90.00 32.4000 100.0 57.597 57.796
1934.655 90.00 32.3900 100.0 57.606 57.847
1934.754 90.00 32.3900 100.0 57.613 57.882
1934.855 90.00 32.3800 100.0 57.615 57.881
1934.953 90.00 32.3900 100.0 57.609 57.831
1935.053 90.00 32.3800 100.0 57.617 57.878
1935.153 90.00 32.3700 100.0 57.629 57.947
1935.251 90.00 32.3700 100.0 57.626 57.910
1935.353 90.00 32.3800 100.0 57.623 57.871
1935.451 90.00 32.3600 100.0 57.640 57.983
1935.551 90.00 32.3600 100.0 57.637 57.942
1935.651 90.00 32.3600 100.0 57.637 57.926
1935.750 90.00 32.3700 100.0 57.632 57.879
1935.850 90.00 32.3700 100.0 57.630 57.848
1935.949 90.00 32.3500 100.0 57.644 57.940
1936.050 90.00 32.3500 100.0 57.649 57.957
1936.148 90.00 32.3600 100.0 57.637 57.860
1936.248 90.00 32.3500 100.0 57.645 57.906
1936.349 90.00 32.3500 100.0 57.645 57.889
1936.447 90.00 32.3400 100.0 57.661 57.993
1936.548 90.00 32.3400 100.0 57.658 57.951
1936.648 90.00 32.3400 100.0 57.655 57.917
1936.745 90.00 32.3400 100.0 57.663 57.962
1936.847 90.00 32.3300 100.0 57.672 58.009
1936.946 90.00 32.3200 100.0 57.677 58.023
1937.044 90.00 32.3100 100.0 57.688 58.084
1937.146 90.00 32.3100 100.0 57.684 58.037
1937.244 90.00 32.3000 100.0 57.694 58.090
1937.344 90.00 32.3100 100.0 57.692 58.054
1937.444 90.00 32.3000 100.0 57.694 58.054
1937.543 90.00 32.2900 100.0 57.705 58.112
1937.644 90.00 32.2900 100.0 57.711 58.136
1937.742 90.00 32.2700 100.0 57.730 58.243
1937.842 90.00 32.2600 100.0 57.735 58.254
1937.942 90.00 32.2600 100.0 57.736 58.236
1938.041 90.00 32.2700 100.0 57.728 58.152
1938.141 90.00 32.2800 100.0 57.722 58.092
1938.240 90.00 32.2800 100.0 57.717 58.038
1938.340 90.00 32.2900 100.0 57.711 57.978
1938.440 90.00 32.2800 100.0 57.723 58.053
1938.539 90.00 32.2900 100.0 57.712 57.957
1938.639 90.00 32.2700 100.0 57.724 58.029
1938.739 90.00 32.2600 100.0 57.736 58.098
1938.838 90.00 32.2700 100.0 57.733 58.059
1938.939 90.00 32.2600 100.0 57.743 58.113
1939.037 90.00 32.2700 100.0 57.732 58.014
1939.137 90.00 32.2700 100.0 57.731 57.997
1939.237 90.00 32.2700 100.0 57.733 57.995
1939.336 90.00 32.2700 100.0 57.727 57.940
1939.436 90.00 32.3100 100.0 57.692 57.686
1939.535 90.00 32.2900 100.0 57.708 57.801
1939.635 90.00 32.2900 100.0 57.706 57.779
1939.735 90.00 32.2900 100.0 57.708 57.791
1939.834 90.00 32.2800 100.0 57.721 57.876
1939.934 90.00 32.2800 100.0 57.718 57.849
1940.033 90.00 32.2700 100.0 57.729 57.921
1940.134 90.00 32.2700 100.0 57.730 57.914
1940.233 90.00 32.2600 100.0 57.737 57.956
1940.331 90.00 32.2600 100.0 57.736 57.934
1940.433 90.00 32.2500 100.0 57.746 57.995
1940.531 90.00 32.2700 100.0 57.731 57.881
1940.631 90.00 32.2600 100.0 57.738 57.918
1940.732 90.00 32.2600 100.0 57.739 57.917
1940.830 90.00 32.2600 100.0 57.735 57.881
1940.930 90.00 32.2700 100.0 57.729 57.835
1941.030 90.00 32.2700 100.0 57.734 57.860
1941.129 90.00 32.2600 100.0 57.737 57.880
1941.230 90.00 32.2500 100.0 57.746 57.930
1941.328 90.00 32.2500 100.0 57.751 57.958
1941.428 90.00 32.2500 100.0 57.745 57.909
1941.528 90.00 32.2600 100.0 57.734 57.822
1941.627 90.00 32.2600 100.0 57.741 57.867
1941.727 90.00 32.2500 100.0 57.745 57.886
1941.826 90.00 32.2600 100.0 57.734 57.803
1941.926 90.00 32.2500 100.0 57.752 57.924
1942.026 90.00 32.2500 100.0 57.752 57.916
1942.125 90.00 32.2600 100.0 57.743 57.849
1942.225 90.00 32.2400 100.0 57.756 57.929
1942.324 90.00 32.2500 100.0 57.752 57.893
1942.424 90.00 32.2400 100.0 57.757 57.922
1942.524 90.00 32.2300 100.0 57.771 58.010
1942.623 90.00 32.2400 100.0 57.757 57.900
1942.723 90.00 32.2400 100.0 57.757 57.898
1942.822 90.00 32.2400 100.0 57.755 57.876
1942.922 90.00 32.2400 100.0 57.761 57.909
1943.021 90.00 32.2400 100.0 57.755 57.865
1943.121 90.00 32.2400 100.0 57.760 57.888
1943.221 90.00 32.2400 100.0 57.758 57.868
1943.321 90.00 32.2400 100.0 57.754 57.837
1943.420 90.00 32.2500 100.0 57.747 57.783
1943.520 90.00 32.2400 100.0 57.758 57.856
