# time_s  setpoint_c  celsius  duty_pct  err_real  err_pred  predicted_c  rate_c_s
1.717 35.22 35.5200 0.0 -0.298 0.031 36.17 0.0405
1.811 35.23 35.5500 0.0 -0.325 -0.011 36.26 0.0441
1.909 35.23 35.5700 0.0 -0.335 -0.001 36.30 0.0456
2.010 35.24 35.5800 0.0 -0.345 0.008 36.34 0.0471
2.108 35.25 35.6100 0.0 -0.360 -0.003 36.40 0.0493
2.210 35.25 35.6300 0.0 -0.372 -0.001 36.45 0.0512
2.310 35.26 35.6500 0.0 -0.392 -0.026 36.52 0.0540
2.409 35.27 35.6800 0.0 -0.406 -0.032 36.57 0.0560
2.510 35.28 35.6900 0.0 -0.407 -0.004 36.59 0.0565
2.608 35.29 35.7000 0.0 -0.419 -0.007 36.64 0.0583
2.710 35.29 35.7100 0.0 -0.417 0.028 36.65 0.0584
2.810 35.30 35.7400 0.0 -0.434 0.011 36.71 0.0609
2.909 35.31 35.7500 0.0 -0.436 0.035 36.73 0.0615
3.010 35.32 35.7800 0.0 -0.454 0.009 36.80 0.0642
3.108 35.33 35.8000 0.0 -0.467 -0.002 36.86 0.0662
3.210 35.34 35.8200 0.0 -0.474 0.002 36.90 0.0675
3.309 35.35 35.8300 0.0 -0.475 0.026 36.91 0.0680
3.409 35.36 35.8600 0.0 -0.494 -0.005 36.99 0.0708
3.509 35.37 35.8600 0.0 -0.488 0.038 36.99 0.0705
3.609 35.38 35.8700 0.0 -0.490 0.057 37.01 0.0712
3.710 35.39 35.9000 0.0 -0.508 0.027 37.08 0.0738
3.809 35.40 35.9200 0.0 -0.517 0.022 37.13 0.0754
3.909 35.41 35.9300 0.0 -0.517 0.042 37.15 0.0759
4.010 35.43 35.9600 0.0 -0.530 0.027 37.20 0.0779
4.109 35.44 35.9700 0.0 -0.530 0.047 37.22 0.0783
4.210 35.45 35.9900 0.0 -0.538 0.039 37.27 0.0799
4.309 35.46 35.9800 0.0 -0.517 0.123 37.22 0.0777
4.409 35.47 36.0000 0.0 -0.526 0.116 37.27 0.0793
4.509 35.49 36.0200 0.0 -0.532 0.116 37.31 0.0806
4.609 35.50 36.0300 0.0 -0.533 0.128 37.33 0.0813
4.710 35.51 36.0500 0.0 -0.543 0.114 37.38 0.0831
4.810 35.52 36.0700 0.0 -0.550 0.106 37.42 0.0845
4.909 35.54 36.0900 0.0 -0.550 0.124 37.45 0.0850
5.009 35.55 36.1100 0.0 -0.561 0.107 37.50 0.0869
5.109 35.56 36.1100 0.0 -0.549 0.154 37.49 0.0860
5.209 35.57 36.1400 0.0 -0.563 0.128 37.55 0.0883
5.310 35.59 36.1500 0.0 -0.563 0.141 37.57 0.0888
5.409 35.60 36.1700 0.0 -0.564 0.151 37.60 0.0896
5.510 35.61 36.1900 0.0 -0.578 0.121 37.66 0.0918
5.609 35.63 36.2100 0.0 -0.579 0.128 37.69 0.0925
5.709 35.64 36.2200 0.0 -0.578 0.142 37.71 0.0930
5.810 35.66 36.2300 0.0 -0.575 0.160 37.72 0.0932
5.908 35.67 36.2400 0.0 -0.571 0.183 37.73 0.0932
6.010 35.68 36.2600 0.0 -0.580 0.165 37.78 0.0950
6.109 35.70 36.2700 0.0 -0.573 0.197 37.79 0.0947
6.210 35.71 36.3000 0.0 -0.585 0.168 37.85 0.0969
6.310 35.73 36.3100 0.0 -0.586 0.174 37.87 0.0976
6.408 35.74 36.3300 0.0 -0.585 0.185 37.89 0.0980
6.510 35.76 36.3500 0.0 -0.591 0.175 37.94 0.0994
6.608 35.77 36.3600 0.0 -0.588 0.190 37.95 0.0997
6.710 35.79 36.3700 0.0 -0.579 0.224 37.95 0.0992
6.809 35.80 36.3800 0.0 -0.580 0.226 37.98 0.1000
6.909 35.82 36.3900 0.0 -0.578 0.238 38.00 0.1003
7.010 35.83 36.4200 0.0 -0.585 0.224 38.05 0.1018
7.109 35.85 36.4300 0.0 -0.581 0.240 38.06 0.1019
7.210 35.86 36.4400 0.0 -0.574 0.264 38.07 0.1018
7.309 35.88 36.4600 0.0 -0.582 0.247 38.11 0.1034
7.409 35.89 36.4700 0.0 -0.573 0.278 38.11 0.1029
7.509 35.91 36.4800 0.0 -0.571 0.286 38.14 0.1034
7.609 35.92 36.4800 0.0 -0.557 0.328 38.12 0.1024
7.709 35.94 36.5000 0.0 -0.562 0.319 38.16 0.1036
7.810 35.96 36.5200 0.0 -0.562 0.320 38.19 0.1044
7.909 35.97 36.5300 0.0 -0.553 0.347 38.19 0.1039
8.010 35.99 36.5400 0.0 -0.552 0.352 38.21 0.1046
8.109 36.01 36.5600 0.0 -0.552 0.354 38.24 0.1052
8.209 36.02 36.5700 0.0 -0.544 0.378 38.24 0.1049
8.310 36.04 36.5800 0.0 -0.544 0.379 38.27 0.1057
8.408 36.05 36.6000 0.0 -0.547 0.372 38.31 0.1067
8.510 36.07 36.6000 0.0 -0.533 0.413 38.29 0.1057
8.608 36.09 36.6200 0.0 -0.534 0.408 38.33 0.1066
8.710 36.10 36.6300 0.0 -0.530 0.421 38.34 0.1068
8.809 36.12 36.6500 0.0 -0.525 0.434 38.36 0.1070
8.909 36.14 36.6600 0.0 -0.520 0.446 38.37 0.1071
9.010 36.15 36.6700 0.0 -0.512 0.470 38.38 0.1069
9.109 36.17 36.6800 0.0 -0.512 0.467 38.41 0.1077
9.210 36.19 36.6900 0.0 -0.504 0.490 38.41 0.1074
9.309 36.20 36.7000 0.0 -0.495 0.511 38.41 0.1071
9.409 36.22 36.7100 0.0 -0.490 0.527 38.43 0.1072
9.509 36.24 36.7300 0.0 -0.492 0.513 38.46 0.1083
9.609 36.26 36.7400 0.0 -0.485 0.532 38.47 0.1083
9.709 36.27 36.7500 0.0 -0.477 0.552 38.48 0.1081
9.811 36.29 36.7600 0.0 -0.469 0.573 38.48 0.1078
9.908 36.31 36.7800 0.0 -0.471 0.563 38.52 0.1089
10.010 36.33 36.7900 0.0 -0.464 0.579 38.53 0.1088
10.108 36.34 36.8000 0.0 -0.457 0.595 38.54 0.1088
10.210 36.36 36.8200 0.0 -0.456 0.591 38.57 0.1095
10.309 36.38 36.8200 0.2 -0.442 0.630 38.56 0.1086
10.409 36.40 36.8300 0.3 -0.432 0.654 38.56 0.1081
10.510 36.41 36.8400 0.3 -0.431 0.651 38.59 0.1090
10.609 36.43 36.8600 0.3 -0.430 0.647 38.62 0.1097
10.710 36.45 36.8800 0.2 -0.429 0.645 38.64 0.1103
10.809 36.47 36.8800 0.5 -0.411 0.693 38.62 0.1090
10.909 36.48 36.8900 0.6 -0.406 0.698 38.64 0.1092
11.009 36.50 36.9200 0.2 -0.420 0.651 38.71 0.1118
11.109 36.52 36.9300 0.5 -0.405 0.689 38.70 0.1108
11.210 36.54 36.9300 0.7 -0.389 0.732 38.68 0.1096
11.310 36.56 36.9100 1.3 -0.357 0.819 38.62 0.1065
11.409 36.57 36.9600 0.7 -0.383 0.733 38.73 0.1107
11.510 36.59 36.9800 0.6 -0.384 0.724 38.76 0.1116
11.609 36.61 36.9900 0.7 -0.375 0.743 38.77 0.1114
11.709 36.63 36.9900 0.9 -0.363 0.769 38.76 0.1108
11.810 36.65 36.9900 1.3 -0.339 0.833 38.72 0.1087
11.908 36.66 37.0100 1.2 -0.341 0.816 38.77 0.1099
12.010 36.68 37.0200 1.3 -0.332 0.833 38.77 0.1097
12.108 36.70 37.0200 1.4 -0.320 0.864 38.77 0.1091
12.210 36.72 37.0400 1.3 -0.322 0.849 38.80 0.1102
12.310 36.74 37.0500 1.4 -0.315 0.856 38.82 0.1103
12.409 36.76 37.0500 1.7 -0.295 0.909 38.79 0.1087
12.510 36.77 37.0800 1.5 -0.300 0.885 38.84 0.1103
12.608 36.79 37.0700 1.9 -0.278 0.942 38.81 0.1085
12.710 36.81 37.0900 1.8 -0.279 0.926 38.84 0.1096
12.809 36.83 37.1100 1.8 -0.275 0.928 38.86 0.1100
12.909 36.85 37.0800 2.5 -0.233 1.046 38.77 0.1056
13.010 36.87 37.1200 2.1 -0.251 0.982 38.86 0.1089
13.109 36.89 37.1300 2.1 -0.244 0.990 38.87 0.1090
13.210 36.90 37.1300 2.4 -0.229 1.025 38.86 0.1081
13.310 36.92 37.1400 2.5 -0.217 1.048 38.86 0.1075
13.409 36.94 37.1600 2.4 -0.217 1.037 38.90 0.1086
13.509 36.96 37.1700 2.5 -0.208 1.050 38.91 0.1085
13.609 36.98 37.1700 2.7 -0.190 1.092 38.89 0.1072
13.709 37.00 37.1900 2.6 -0.191 1.079 38.92 0.1084
13.810 37.02 37.1900 2.9 -0.176 1.113 38.91 0.1074
13.909 37.04 37.2000 3.0 -0.163 1.139 38.91 0.1068
14.010 37.05 37.2200 2.9 -0.163 1.125 38.94 0.1079
14.109 37.07 37.2300 2.9 -0.160 1.121 38.97 0.1085
14.209 37.09 37.2400 3.1 -0.143 1.159 38.95 0.1074
14.310 37.11 37.2300 3.5 -0.117 1.227 38.91 0.1052
14.408 37.13 37.2400 3.5 -0.113 1.224 38.93 0.1057
14.510 37.15 37.2500 3.6 -0.103 1.242 38.94 0.1055
14.609 37.17 37.2600 3.7 -0.091 1.263 38.94 0.1050
14.710 37.19 37.2700 3.8 -0.085 1.271 38.96 0.1053
14.810 37.21 37.2800 3.8 -0.076 1.279 38.97 0.1053
14.908 37.23 37.2800 4.2 -0.054 1.335 38.94 0.1036
15.010 37.24 37.3500 3.1 -0.102 1.176 39.12 0.1106
15.108 37.26 37.3000 4.3 -0.039 1.351 38.96 0.1038
15.210 37.28 37.3100 4.4 -0.027 1.372 38.96 0.1034
15.309 37.30 37.3200 4.4 -0.020 1.379 38.98 0.1036
15.409 37.32 37.3300 4.5 -0.011 1.390 38.99 0.1036
15.510 37.34 37.3900 3.6 -0.051 1.257 39.15 0.1097
15.609 37.36 37.3500 4.8 0.014 1.439 38.99 0.1026
15.710 37.38 37.3500 4.9 0.027 1.460 38.99 0.1021
15.809 37.40 37.3600 5.1 0.042 1.494 38.98 0.1013
15.909 37.42 37.3800 4.9 0.039 1.468 39.02 0.1028
16.009 37.44 37.3700 5.3 0.064 1.527 38.99 0.1008
16.109 37.46 37.3900 5.1 0.061 1.502 39.03 0.1024
16.210 37.47 37.4000 5.2 0.070 1.512 39.04 0.1024
16.310 37.49 37.4000 5.5 0.092 1.565 39.01 0.1007
16.409 37.51 37.4000 5.8 0.112 1.608 38.99 0.0994
16.510 37.53 37.4100 5.9 0.123 1.623 39.00 0.0992
16.609 37.55 37.4500 5.4 0.105 1.552 39.09 0.1026
16.709 37.57 37.4300 6.0 0.139 1.640 39.02 0.0995
16.810 37.59 37.4300 6.3 0.162 1.692 38.99 0.0978
16.908 37.61 37.4400 6.4 0.170 1.699 39.01 0.0980
17.010 37.63 37.4500 6.4 0.181 1.714 39.01 0.0978
17.109 37.65 37.4700 6.3 0.181 1.698 39.05 0.0990
17.210 37.67 37.4600 6.7 0.206 1.757 39.01 0.0970
17.310 37.69 37.4500 7.2 0.235 1.825 38.97 0.0947
17.409 37.71 37.4700 7.1 0.240 1.824 38.99 0.0953
17.510 37.73 37.4700 7.4 0.259 1.862 38.97 0.0941
17.608 37.75 37.5000 6.9 0.242 1.793 39.06 0.0975
17.710 37.76 37.5200 6.9 0.248 1.794 39.08 0.0979
17.809 37.78 37.5100 7.2 0.273 1.851 39.05 0.0961
17.909 37.80 37.5300 7.1 0.274 1.835 39.08 0.0971
18.009 37.82 37.5300 7.3 0.291 1.869 39.07 0.0962
18.109 37.84 37.5300 7.7 0.317 1.927 39.03 0.0943
18.210 37.86 37.5400 7.8 0.325 1.935 39.05 0.0945
18.309 37.88 37.5400 7.9 0.339 1.957 39.05 0.0940
18.409 37.90 37.5300 8.5 0.375 2.047 38.98 0.0908
18.509 37.92 37.5500 8.4 0.376 2.029 39.02 0.0920
18.609 37.94 37.5500 8.5 0.389 2.050 39.02 0.0917
18.710 37.96 37.5800 8.2 0.384 2.015 39.07 0.0936
18.810 37.98 37.5900 8.3 0.394 2.027 39.08 0.0936
18.909 38.00 37.5800 8.8 0.424 2.097 39.03 0.0911
19.009 38.02 37.5900 8.7 0.426 2.084 39.07 0.0921
19.110 38.04 37.6100 8.5 0.425 2.060 39.11 0.0936
19.210 38.06 37.6100 8.8 0.448 2.112 39.08 0.0919
19.310 38.08 37.6400 8.4 0.436 2.056 39.16 0.0947
19.408 38.10 37.6500 8.5 0.447 2.072 39.16 0.0946
19.510 38.12 37.6100 9.6 0.506 2.226 39.03 0.0886
19.608 38.14 37.6500 9.0 0.487 2.148 39.13 0.0923
19.710 38.16 37.6400 9.5 0.518 2.223 39.07 0.0897
19.810 38.18 37.6400 9.7 0.534 2.250 39.07 0.0891
19.909 38.20 37.6700 9.3 0.523 2.198 39.14 0.0917
20.010 38.21 37.7200 8.6 0.492 2.085 39.27 0.0969
20.109 38.23 37.6900 9.4 0.544 2.220 39.16 0.0917
20.210 38.25 37.6800 10.0 0.579 2.309 39.09 0.0886
20.309 38.27 37.7000 9.7 0.571 2.264 39.16 0.0909
20.409 38.29 37.6900 10.2 0.603 2.339 39.10 0.0883
20.509 38.31 37.6800 10.6 0.629 2.397 39.07 0.0864
20.609 38.33 37.7400 9.7 0.594 2.272 39.21 0.0921
20.710 38.35 37.7200 10.4 0.634 2.369 39.14 0.0885
20.810 38.37 37.7100 10.8 0.661 2.431 39.10 0.0865
20.909 38.39 37.7300 10.7 0.665 2.422 39.12 0.0873
21.009 38.41 37.7200 11.0 0.689 2.471 39.10 0.0858
21.109 38.43 37.7600 10.4 0.668 2.386 39.20 0.0898
21.209 38.45 37.7400 11.2 0.713 2.504 39.10 0.0854
21.310 38.47 37.7700 10.9 0.703 2.451 39.18 0.0881
21.408 38.49 37.7600 11.2 0.730 2.511 39.14 0.0861
21.510 38.51 37.7700 11.3 0.740 2.522 39.15 0.0862
21.608 38.53 37.7800 11.3 0.750 2.526 39.16 0.0864
21.710 38.55 37.8000 11.2 0.752 2.512 39.20 0.0875
21.810 38.57 37.8000 11.5 0.772 2.552 39.18 0.0864
21.908 38.59 37.8000 11.6 0.788 2.576 39.17 0.0858
22.010 38.61 37.8000 11.8 0.804 2.606 39.17 0.0851
22.108 38.63 37.8100 11.9 0.815 2.616 39.18 0.0852
22.210 38.65 37.8200 11.9 0.824 2.622 39.19 0.0854
22.309 38.67 37.8200 12.3 0.850 2.675 39.16 0.0837
22.409 38.69 37.8600 11.7 0.832 2.598 39.25 0.0873
22.510 38.71 37.8400 12.4 0.871 2.696 39.18 0.0839
22.609 38.73 37.8500 12.4 0.881 2.704 39.19 0.0840
22.710 38.75 37.8500 12.7 0.900 2.740 39.18 0.0830
22.810 38.77 37.8600 12.6 0.905 2.731 39.20 0.0838
22.910 38.79 37.8400 13.3 0.947 2.838 39.12 0.0800
23.010 38.81 37.8700 12.9 0.939 2.789 39.19 0.0825
23.110 38.83 37.9300 12.0 0.899 2.647 39.35 0.0889
23.211 38.85 37.8900 13.0 0.959 2.804 39.21 0.0829
23.311 38.87 37.9000 13.1 0.971 2.819 39.22 0.0828
23.410 38.89 37.8900 13.4 0.995 2.869 39.19 0.0812
23.510 38.91 37.9100 13.3 0.996 2.849 39.23 0.0826
23.610 38.93 37.9100 13.5 1.014 2.879 39.22 0.0818
23.710 38.95 37.9200 13.6 1.027 2.894 39.23 0.0816
23.811 38.97 37.9400 13.5 1.030 2.881 39.26 0.0827
23.909 38.99 37.9400 13.7 1.050 2.918 39.24 0.0816
24.011 39.01 37.9400 13.9 1.070 2.954 39.23 0.0806
24.110 39.03 37.9400 14.2 1.089 2.987 39.21 0.0797
24.211 39.05 37.9600 14.0 1.087 2.961 39.26 0.0814
24.311 39.07 37.9600 14.1 1.100 2.978 39.26 0.0812
24.410 39.08 37.9700 14.1 1.110 2.985 39.28 0.0814
24.511 39.10 37.9800 14.2 1.122 2.997 39.28 0.0814
24.609 39.12 37.9800 14.5 1.145 3.045 39.26 0.0800
24.711 39.14 38.0300 13.7 1.114 2.926 39.40 0.0853
24.810 39.16 38.0200 14.1 1.143 2.993 39.35 0.0831
24.910 39.18 38.0000 14.9 1.188 3.105 39.26 0.0790
25.011 39.20 38.0000 14.9 1.201 3.119 39.27 0.0789
25.110 39.22 38.0100 15.1 1.215 3.138 39.27 0.0786
25.211 39.24 38.0100 15.2 1.229 3.157 39.27 0.0783
25.311 39.26 38.0300 15.0 1.230 3.134 39.31 0.0798
25.410 39.28 38.0300 15.2 1.249 3.167 39.30 0.0789
25.510 39.30 38.0400 15.4 1.264 3.192 39.29 0.0784
25.610 39.32 38.0500 15.5 1.278 3.210 39.30 0.0782
25.710 39.34 38.0600 15.5 1.288 3.215 39.31 0.0785
25.811 39.36 38.0600 15.6 1.301 3.230 39.32 0.0784
25.910 39.38 38.0700 15.8 1.318 3.257 39.31 0.0778
26.011 39.40 38.0700 15.9 1.330 3.269 39.32 0.0778
26.110 39.42 38.0800 16.0 1.344 3.288 39.32 0.0775
26.210 39.44 38.0900 16.0 1.353 3.290 39.34 0.0779
26.311 39.46 38.1000 15.9 1.358 3.281 39.37 0.0788
26.409 39.48 38.1000 16.1 1.378 3.317 39.35 0.0778
26.511 39.50 38.1100 16.3 1.396 3.345 39.34 0.0771
26.610 39.52 38.1200 16.2 1.397 3.326 39.38 0.0784
26.711 39.54 38.1300 16.3 1.413 3.349 39.38 0.0780
26.811 39.56 38.1300 16.5 1.430 3.378 39.37 0.0774
26.909 39.58 38.1400 16.6 1.442 3.390 39.38 0.0774
27.011 39.60 38.1400 16.8 1.461 3.421 39.37 0.0766
27.109 39.62 38.1700 16.5 1.455 3.380 39.43 0.0789
27.211 39.64 38.1700 16.7 1.475 3.417 39.41 0.0778
27.310 39.66 38.2200 15.8 1.440 3.286 39.56 0.0838
27.410 39.68 38.1800 16.9 1.497 3.436 39.43 0.0780
27.511 39.70 38.1900 16.9 1.508 3.446 39.45 0.0782
27.610 39.72 38.2000 17.0 1.520 3.457 39.45 0.0781
27.711 39.74 38.2000 17.2 1.540 3.495 39.44 0.0772
27.810 39.76 38.2200 17.1 1.546 3.485 39.46 0.0780
27.910 39.78 38.2200 17.4 1.566 3.524 39.45 0.0770
28.010 39.80 38.2400 17.2 1.564 3.495 39.50 0.0787
28.110 39.82 38.2400 17.3 1.581 3.516 39.49 0.0782
28.210 39.84 38.2500 17.4 1.594 3.536 39.49 0.0780
28.311 39.86 38.2500 17.6 1.610 3.559 39.49 0.0776
28.410 39.88 38.2700 17.4 1.610 3.535 39.54 0.0790
28.511 39.90 38.2700 17.7 1.633 3.580 39.51 0.0777
28.609 39.92 38.2900 17.6 1.635 3.561 39.55 0.0790
28.711 39.94 38.2900 17.7 1.649 3.580 39.55 0.0787
28.811 39.96 38.3000 17.8 1.663 3.595 39.56 0.0786
28.910 39.98 38.3100 17.9 1.674 3.607 39.56 0.0786
29.011 40.00 38.3100 18.0 1.689 3.627 39.56 0.0783
29.109 40.02 38.3200 18.0 1.699 3.634 39.58 0.0786
29.211 40.04 38.3300 18.1 1.709 3.640 39.59 0.0789
29.310 40.06 38.3500 17.9 1.709 3.616 39.64 0.0804
29.410 40.08 38.3600 18.0 1.722 3.631 39.64 0.0802
29.511 40.10 38.3800 17.9 1.723 3.612 39.68 0.0815
29.610 40.12 38.3500 18.6 1.768 3.724 39.59 0.0774
29.711 40.14 38.3900 18.0 1.747 3.636 39.70 0.0815
29.810 40.16 38.3900 18.4 1.775 3.697 39.66 0.0795
29.910 40.18 38.4100 18.2 1.773 3.666 39.71 0.0813
30.010 40.20 38.4000 18.5 1.796 3.712 39.68 0.0799
30.110 40.22 38.4300 18.3 1.795 3.684 39.73 0.0815
30.211 40.24 38.4300 18.5 1.815 3.720 39.71 0.0805
30.311 40.26 38.4500 18.3 1.812 3.688 39.77 0.0824
30.410 40.28 38.4600 18.3 1.822 3.694 39.78 0.0826
30.510 40.30 38.4700 18.4 1.832 3.700 39.79 0.0828
30.610 40.32 38.4800 18.4 1.842 3.706 39.81 0.0830
30.710 40.34 38.4900 18.4 1.849 3.704 39.83 0.0836
30.811 40.36 38.4800 18.8 1.876 3.762 39.79 0.0817
30.909 40.38 38.5000 18.7 1.882 3.756 39.82 0.0824
31.011 40.40 38.5000 18.9 1.901 3.792 39.80 0.0814
31.110 40.42 38.5300 18.6 1.890 3.735 39.88 0.0843
31.211 40.44 38.5400 18.7 1.903 3.751 39.88 0.0841
31.311 40.46 38.5500 18.6 1.906 3.736 39.92 0.0852
31.410 40.48 38.5600 18.8 1.925 3.769 39.90 0.0843
31.511 40.50 38.5800 18.6 1.922 3.739 39.95 0.0860
31.609 40.52 38.5900 18.6 1.930 3.739 39.97 0.0865
31.711 40.54 38.6000 18.7 1.944 3.759 39.97 0.0862
31.810 40.56 38.6000 18.8 1.959 3.780 39.97 0.0857
31.910 40.58 38.6200 18.8 1.964 3.774 40.00 0.0865
32.011 40.60 38.6300 18.7 1.967 3.760 40.03 0.0875
32.110 40.62 38.6400 18.7 1.978 3.771 40.04 0.0875
32.211 40.64 38.6600 18.7 1.984 3.766 40.07 0.0882
32.311 40.66 38.6600 18.8 1.997 3.783 40.07 0.0880
32.410 40.68 38.6800 18.7 2.000 3.771 40.10 0.0889
32.510 40.70 38.6800 18.9 2.016 3.797 40.10 0.0884
32.610 40.72 38.7000 18.8 2.020 3.787 40.13 0.0893
32.710 40.74 38.7100 18.8 2.029 3.792 40.14 0.0896
32.811 40.76 38.7300 18.6 2.027 3.763 40.19 0.0911
32.910 40.78 38.7200 19.2 2.061 3.844 40.13 0.0883
33.010 40.80 38.7500 18.8 2.051 3.794 40.20 0.0909
33.110 40.82 38.7500 19.0 2.067 3.819 40.20 0.0903
33.210 40.84 38.7900 18.4 2.048 3.738 40.29 0.0940
33.311 40.86 38.7900 18.8 2.072 3.793 40.26 0.0923
33.409 40.88 38.8000 18.8 2.078 3.788 40.29 0.0929
33.511 40.90 38.8100 18.9 2.091 3.805 40.29 0.0926
33.610 40.92 38.8200 19.0 2.102 3.817 40.30 0.0926
33.711 40.94 38.8400 18.7 2.098 3.782 40.35 0.0945
33.811 40.96 38.8500 18.9 2.114 3.810 40.35 0.0938
33.910 40.98 38.8600 18.8 2.117 3.798 40.38 0.0947
34.011 41.00 38.8700 18.9 2.126 3.803 40.39 0.0949
34.109 41.02 38.8800 19.0 2.140 3.825 40.39 0.0945
34.211 41.04 38.9000 18.8 2.137 3.795 40.44 0.0962
34.310 41.06 38.9100 18.9 2.148 3.808 40.45 0.0960
34.410 41.08 38.9300 18.8 2.151 3.796 40.48 0.0970
34.511 41.10 38.9500 18.7 2.152 3.779 40.52 0.0981
34.609 41.12 38.9600 18.6 2.158 3.775 40.54 0.0987
34.711 41.14 38.9600 18.8 2.175 3.806 40.53 0.0978
34.810 41.16 38.9800 18.7 2.176 3.788 40.57 0.0990
34.910 41.18 39.0000 18.6 2.176 3.768 40.61 0.1003
35.011 41.20 39.0200 18.4 2.175 3.747 40.65 0.1016
35.110 41.22 38.9900 19.3 2.227 3.882 40.53 0.0963
35.211 41.24 39.0400 18.6 2.195 3.770 40.67 0.1016
35.310 41.26 39.0400 18.8 2.216 3.809 40.65 0.1002
35.410 41.28 39.0800 18.3 2.194 3.727 40.75 0.1042
35.510 41.30 39.0900 18.3 2.204 3.735 40.76 0.1041
35.610 41.32 39.1200 18.2 2.203 3.715 40.80 0.1055
35.711 41.34 39.1200 18.3 2.216 3.732 40.80 0.1050
35.811 41.36 39.1300 18.4 2.228 3.751 40.81 0.1048
35.910 41.38 39.1500 18.2 2.225 3.721 40.86 0.1063
36.010 41.40 39.1600 18.3 2.236 3.738 40.86 0.1061
36.110 41.42 39.1900 18.1 2.230 3.699 40.92 0.1080
36.210 41.44 39.2000 18.1 2.237 3.705 40.93 0.1082
36.311 41.46 39.2200 18.0 2.241 3.696 40.96 0.1089
36.410 41.48 39.2500 17.6 2.226 3.635 41.04 0.1119
36.510 41.50 39.2500 17.9 2.249 3.684 41.01 0.1101
36.610 41.52 39.2500 18.2 2.266 3.718 41.00 0.1092
36.710 41.54 39.2800 17.9 2.258 3.675 41.06 0.1113
36.811 41.56 39.3100 17.7 2.253 3.644 41.11 0.1130
36.910 41.58 39.3100 17.9 2.272 3.680 41.10 0.1118
37.011 41.60 39.3400 17.6 2.263 3.638 41.16 0.1140
37.110 41.62 39.3800 17.1 2.242 3.557 41.26 0.1177
37.211 41.64 39.3700 17.5 2.266 3.616 41.22 0.1156
37.311 41.66 39.3800 17.5 2.275 3.622 41.23 0.1156
37.409 41.68 39.3900 17.6 2.285 3.639 41.24 0.1154
37.511 41.70 39.4200 17.3 2.275 3.587 41.31 0.1178
37.609 41.72 39.4400 17.3 2.279 3.587 41.33 0.1182
37.712 41.74 39.4500 17.4 2.292 3.606 41.33 0.1177
37.811 41.76 39.4800 17.0 2.275 3.542 41.42 0.1208
37.910 41.78 39.4800 17.3 2.299 3.596 41.38 0.1188
38.010 41.80 39.5000 17.1 2.294 3.566 41.43 0.1205
38.110 41.82 39.5200 17.1 2.298 3.560 41.46 0.1210
38.210 41.84 39.5600 16.5 2.274 3.476 41.56 0.1249
38.311 41.86 39.5600 17.0 2.302 3.543 41.51 0.1223
38.409 41.88 39.5800 16.7 2.294 3.505 41.57 0.1243
38.511 41.90 39.6000 16.7 2.298 3.498 41.60 0.1248
38.610 41.92 39.6400 16.2 2.280 3.433 41.68 0.1279
38.711 41.94 39.6300 16.6 2.306 3.493 41.64 0.1256
38.811 41.96 39.6500 16.6 2.308 3.488 41.67 0.1262
38.910 41.98 39.6800 16.3 2.299 3.446 41.73 0.1283
39.011 42.00 39.7000 16.3 2.302 3.439 41.76 0.1288
39.109 42.02 39.7200 16.2 2.303 3.428 41.79 0.1296
39.211 42.04 39.7300 16.2 2.310 3.435 41.80 0.1296
39.310 42.06 39.7500 16.1 2.307 3.414 41.84 0.1308
39.410 42.08 39.7700 16.0 2.306 3.393 41.88 0.1319
39.511 42.10 39.7900 15.8 2.303 3.374 41.92 0.1330
39.610 42.12 39.8000 16.1 2.320 3.408 41.91 0.1318
39.711 42.14 39.8200 15.9 2.316 3.387 41.95 0.1331
39.810 42.16 39.8500 15.7 2.312 3.356 42.00 0.1345
39.910 42.18 39.8600 15.7 2.314 3.354 42.02 0.1350
40.010 42.20 39.8900 15.5 2.307 3.317 42.08 0.1367
40.110 42.22 39.9000 15.7 2.323 3.355 42.06 0.1355
40.210 42.24 39.9300 15.4 2.311 3.304 42.13 0.1378
40.311 42.26 39.9500 15.3 2.309 3.287 42.17 0.1389
40.409 42.28 39.9600 15.3 2.315 3.291 42.18 0.1388
40.511 42.30 39.9900 15.1 2.309 3.262 42.24 0.1404
40.610 42.32 40.0000 15.2 2.319 3.279 42.24 0.1398
40.711 42.34 40.0200 15.0 2.313 3.251 42.29 0.1413
40.811 42.36 40.0400 15.0 2.316 3.247 42.31 0.1418
40.909 42.38 40.0700 14.8 2.308 3.213 42.36 0.1434
41.011 42.40 40.0800 14.9 2.318 3.230 42.37 0.1430
41.109 42.42 40.1000 14.9 2.323 3.234 42.38 0.1430
41.211 42.44 40.1200 14.7 2.315 3.198 42.44 0.1448
41.310 42.46 40.1200 15.2 2.342 3.270 42.39 0.1420
41.410 42.48 40.1500 14.8 2.328 3.215 42.46 0.1445
41.511 42.50 40.1700 14.7 2.325 3.196 42.50 0.1456
41.610 42.52 40.2100 14.2 2.307 3.132 42.59 0.1485
41.711 42.54 40.2200 14.5 2.322 3.167 42.57 0.1472
41.810 42.56 40.2500 14.1 2.306 3.107 42.65 0.1499
41.910 42.58 40.2700 14.1 2.312 3.115 42.66 0.1498
42.011 42.60 40.2800 14.2 2.319 3.126 42.67 0.1496
42.110 42.62 40.3000 14.1 2.317 3.110 42.71 0.1504
42.211 42.64 40.3100 14.2 2.326 3.127 42.71 0.1500
42.310 42.66 40.3000 14.7 2.355 3.203 42.65 0.1470
42.410 42.68 40.3400 14.3 2.336 3.137 42.74 0.1499
42.510 42.70 40.3700 14.0 2.323 3.088 42.81 0.1522
42.609 42.72 40.4300 13.3 2.293 2.987 42.93 0.1566
42.709 42.74 40.4300 13.5 2.307 3.021 42.92 0.1554
42.810 42.76 40.4400 13.8 2.322 3.056 42.90 0.1541
42.908 42.78 40.4600 13.6 2.316 3.031 42.95 0.1553
43.010 42.80 40.4800 13.6 2.321 3.036 42.96 0.1553
43.109 42.82 40.5000 13.5 2.317 3.016 43.00 0.1563
43.210 42.84 40.5200 13.5 2.321 3.017 43.02 0.1565
43.310 42.86 40.5500 13.3 2.313 2.984 43.07 0.1580
43.409 42.88 40.5700 13.2 2.312 2.974 43.10 0.1586
43.510 42.90 40.5800 13.3 2.317 2.981 43.12 0.1585
43.608 42.92 40.6100 13.1 2.309 2.949 43.17 0.1600
43.710 42.94 40.6600 12.4 2.280 2.855 43.28 0.1641
43.809 42.96 40.6600 12.8 2.298 2.902 43.26 0.1623
43.909 42.98 40.6900 12.4 2.284 2.850 43.33 0.1646
44.010 43.00 40.7000 12.7 2.297 2.883 43.31 0.1634
44.109 43.02 40.7200 12.6 2.297 2.876 43.34 0.1638
44.210 43.04 40.7300 12.8 2.308 2.901 43.34 0.1629
44.310 43.06 40.7600 12.4 2.294 2.851 43.41 0.1651
44.409 43.08 40.7900 12.3 2.289 2.829 43.45 0.1662
44.510 43.10 40.8100 12.3 2.291 2.829 43.47 0.1664
44.609 43.12 40.8300 12.1 2.283 2.800 43.52 0.1677
44.709 43.14 40.9100 11.0 2.230 2.632 43.71 0.1749
44.810 43.16 40.8700 12.1 2.286 2.794 43.56 0.1682
44.908 43.18 40.8900 12.0 2.283 2.782 43.60 0.1689
45.010 43.20 40.9200 11.9 2.282 2.772 43.63 0.1694
45.109 43.22 40.9300 12.0 2.285 2.773 43.64 0.1694
45.210 43.24 40.9700 11.6 2.270 2.724 43.71 0.1716
45.310 43.26 40.9900 11.5 2.267 2.708 43.75 0.1724
45.409 43.28 41.0100 11.6 2.270 2.712 43.77 0.1723
45.510 43.30 41.0300 11.5 2.268 2.700 43.80 0.1730
45.608 43.32 41.0600 11.3 2.260 2.672 43.85 0.1743
45.710 43.34 41.0700 11.3 2.264 2.677 43.86 0.1741
45.809 43.36 41.0900 11.3 2.264 2.674 43.88 0.1744
45.909 43.38 41.1100 11.3 2.264 2.669 43.91 0.1747
46.009 43.40 41.1400 11.2 2.259 2.647 43.95 0.1757
46.109 43.42 41.1600 11.1 2.258 2.641 43.98 0.1761
46.210 43.44 41.1900 10.9 2.250 2.611 44.03 0.1774
46.310 43.46 41.2200 10.7 2.239 2.573 44.08 0.1791
46.409 43.48 41.2400 10.6 2.238 2.566 44.11 0.1795
46.509 43.50 41.2700 10.5 2.232 2.545 44.15 0.1804
46.609 43.52 41.2900 10.3 2.226 2.522 44.20 0.1815
46.709 43.54 41.3200 10.2 2.220 2.500 44.24 0.1825
46.810 43.56 41.3400 10.2 2.221 2.502 44.26 0.1825
46.909 43.58 41.3700 10.0 2.209 2.461 44.32 0.1842
47.011 43.60 41.3900 9.8 2.204 2.442 44.36 0.1851
47.108 43.62 41.4200 9.7 2.200 2.426 44.39 0.1858
47.210 43.64 41.4500 9.5 2.190 2.394 44.44 0.1872
47.309 43.66 41.4700 9.4 2.183 2.373 44.49 0.1882
47.409 43.68 41.5000 9.3 2.181 2.362 44.52 0.1887
47.510 43.70 41.5100 9.6 2.193 2.395 44.50 0.1873
47.609 43.72 41.5300 9.4 2.184 2.368 44.55 0.1885
47.710 43.74 41.5600 9.2 2.177 2.344 44.59 0.1896
47.809 43.76 41.6000 8.8 2.157 2.281 44.68 0.1922
47.909 43.78 41.5900 9.4 2.184 2.362 44.62 0.1889
48.009 43.80 41.6200 9.2 2.174 2.330 44.67 0.1903
48.109 43.82 41.6500 9.1 2.173 2.322 44.70 0.1906
48.209 43.84 41.6900 8.7 2.152 2.260 44.78 0.1933
48.310 43.86 41.6900 8.9 2.165 2.296 44.76 0.1918
48.409 43.88 41.7300 8.7 2.152 2.256 44.82 0.1935
48.510 43.90 41.7700 8.3 2.133 2.198 44.90 0.1960
48.609 43.92 41.7700 8.5 2.144 2.229 44.89 0.1947
48.710 43.94 41.7900 8.6 2.146 2.233 44.90 0.1945
48.810 43.96 41.8200 8.5 2.143 2.225 44.93 0.1949
48.909 43.98 41.8500 8.2 2.130 2.186 44.99 0.1965
49.010 44.00 41.8900 7.8 2.107 2.114 45.08 0.1995
49.108 44.02 41.8800 8.5 2.140 2.214 45.00 0.1954
49.210 44.04 41.9100 8.2 2.127 2.174 45.06 0.1970
49.309 44.06 41.9200 8.5 2.140 2.212 45.05 0.1955
49.409 44.08 41.9600 8.1 2.120 2.152 45.13 0.1980
49.510 44.10 41.9900 7.8 2.107 2.113 45.18 0.1996
49.609 44.12 42.0100 7.8 2.107 2.112 45.21 0.1997
49.710 44.14 42.0300 7.8 2.107 2.112 45.23 0.1997
49.810 44.16 42.0400 8.0 2.116 2.140 45.22 0.1985
49.909 44.18 42.0700 7.8 2.104 2.104 45.27 0.2000
50.009 44.20 42.0800 8.0 2.115 2.136 45.26 0.1987
50.109 44.22 42.1100 7.9 2.111 2.122 45.30 0.1993
50.209 44.24 42.1300 7.9 2.107 2.111 45.33 0.1997
50.310 44.26 42.1700 7.5 2.087 2.052 45.41 0.2022
50.409 44.28 42.1800 7.6 2.096 2.078 45.40 0.2011
50.510 44.30 42.1800 8.1 2.115 2.136 45.36 0.1987
50.609 44.32 42.2300 7.5 2.090 2.061 45.46 0.2018
50.709 44.34 42.2700 7.1 2.066 1.990 45.55 0.2048
50.810 44.36 42.2800 7.3 2.076 2.018 45.54 0.2035
50.908 44.38 42.3000 7.4 2.081 2.037 45.54 0.2028
51.010 44.40 42.3400 7.0 2.059 1.970 45.63 0.2056
51.109 44.42 42.3500 7.1 2.064 1.985 45.63 0.2049
51.210 44.44 42.3700 7.1 2.064 1.987 45.65 0.2048
51.310 44.46 42.3800 7.4 2.079 2.034 45.62 0.2028
51.409 44.48 42.4100 7.2 2.070 2.006 45.67 0.2040
51.510 44.50 42.4300 7.3 2.071 2.012 45.69 0.2037
51.608 44.52 42.4700 6.9 2.051 1.953 45.77 0.2062
51.710 44.54 42.4900 6.8 2.046 1.938 45.80 0.2067
51.810 44.56 42.5100 6.8 2.046 1.940 45.82 0.2067
51.909 44.58 42.5400 6.7 2.037 1.914 45.86 0.2077
52.010 44.60 42.5500 6.9 2.047 1.945 45.85 0.2064
52.108 44.62 42.5900 6.5 2.029 1.893 45.93 0.2085
52.210 44.64 42.6100 6.6 2.031 1.900 45.94 0.2082
52.309 44.66 42.6200 6.7 2.037 1.919 45.94 0.2074
52.409 44.68 42.6500 6.5 2.024 1.883 45.99 0.2088
52.510 44.70 42.6800 6.5 2.022 1.877 46.02 0.2090
52.609 44.72 42.7100 6.3 2.011 1.847 46.07 0.2102
52.710 44.74 42.7300 6.3 2.012 1.852 46.09 0.2100
52.809 44.76 42.7600 6.1 2.002 1.823 46.14 0.2112
52.909 44.78 42.7800 6.1 2.000 1.818 46.16 0.2113
53.009 44.80 42.7900 6.2 2.003 1.831 46.17 0.2107
53.109 44.82 42.8600 5.4 1.963 1.712 46.31 0.2156
53.209 44.84 42.8500 5.9 1.984 1.780 46.26 0.2127
53.310 44.86 42.8800 5.9 1.983 1.779 46.28 0.2128
53.409 44.88 42.8900 6.0 1.985 1.788 46.29 0.2123
53.510 44.90 42.9200 5.8 1.978 1.769 46.33 0.2130
53.609 44.92 42.9400 5.8 1.974 1.760 46.36 0.2134
53.709 44.94 42.9700 5.7 1.968 1.744 46.39 0.2140
53.810 44.96 42.9900 5.8 1.971 1.755 46.40 0.2135
53.908 44.98 43.0200 5.6 1.959 1.723 46.46 0.2148
54.010 45.00 43.0300 5.7 1.965 1.745 46.45 0.2138
54.109 45.02 43.0600 5.6 1.958 1.725 46.49 0.2145
54.210 45.04 43.0900 5.5 1.952 1.711 46.53 0.2151
54.310 45.06 43.1100 5.5 1.948 1.701 46.56 0.2154
54.409 45.08 43.1400 5.3 1.938 1.674 46.60 0.2165
54.510 45.10 43.1600 5.3 1.937 1.674 46.62 0.2164
54.608 45.12 43.1700 5.5 1.948 1.710 46.61 0.2149
54.710 45.14 43.2000 5.3 1.934 1.670 46.67 0.2164
54.809 45.16 43.2300 5.3 1.933 1.672 46.69 0.2163
54.909 45.18 43.2500 5.3 1.929 1.664 46.71 0.2166
55.009 45.20 43.2800 5.2 1.922 1.646 46.75 0.2172
55.109 45.22 43.3000 5.2 1.923 1.651 46.77 0.2170
55.210 45.24 43.3200 5.1 1.917 1.638 46.80 0.2174
55.310 45.26 43.3400 5.2 1.917 1.641 46.82 0.2172
55.409 45.28 43.3700 5.0 1.907 1.616 46.86 0.2182
55.510 45.30 43.3900 5.0 1.908 1.622 46.88 0.2179
55.609 45.32 43.4100 5.2 1.913 1.638 46.88 0.2171
55.710 45.34 43.4400 5.0 1.901 1.609 46.93 0.2183
55.810 45.36 43.4800 4.4 1.873 1.528 47.03 0.2216
55.908 45.38 43.4800 5.0 1.899 1.609 46.97 0.2181
56.010 45.40 43.5100 4.9 1.892 1.592 47.01 0.2187
56.108 45.42 43.5200 5.0 1.895 1.605 47.01 0.2181
56.210 45.44 43.5600 4.7 1.878 1.557 47.08 0.2200
56.310 45.46 43.5800 4.8 1.881 1.571 47.09 0.2194
56.409 45.48 43.5900 5.0 1.889 1.598 47.08 0.2182
56.509 45.50 43.6200 4.8 1.878 1.567 47.13 0.2194
56.609 45.52 43.6400 4.9 1.882 1.585 47.13 0.2186
56.709 45.54 43.6500 5.0 1.887 1.603 47.13 0.2177
56.810 45.56 43.6800 4.8 1.876 1.572 47.18 0.2189
56.908 45.58 43.6900 5.0 1.884 1.603 47.18 0.2176
57.010 45.60 43.7200 4.9 1.874 1.575 47.22 0.2187
57.109 45.62 43.7300 5.2 1.888 1.621 47.20 0.2166
57.210 45.64 43.7600 5.0 1.876 1.590 47.25 0.2179
57.310 45.66 43.7800 5.1 1.881 1.606 47.25 0.2172
57.409 45.68 43.7700 5.7 1.908 1.691 47.19 0.2135
57.510 45.70 43.8400 4.7 1.856 1.539 47.36 0.2198
57.608 45.72 43.8300 5.3 1.888 1.637 47.28 0.2157
57.710 45.74 43.8600 5.2 1.877 1.607 47.33 0.2168
57.809 45.76 43.8800 5.2 1.879 1.618 47.34 0.2163
57.909 45.78 43.9000 5.2 1.878 1.617 47.36 0.2163
58.010 45.80 43.9400 4.8 1.856 1.554 47.44 0.2188
58.109 45.82 43.9400 5.4 1.881 1.634 47.38 0.2154
58.210 45.84 43.9600 5.3 1.873 1.614 47.42 0.2162
58.310 45.86 44.0000 5.0 1.859 1.575 47.48 0.2177
58.409 45.88 43.9900 5.5 1.885 1.655 47.42 0.2144
58.509 45.90 44.0300 5.3 1.870 1.613 47.48 0.2160
58.609 45.92 44.0500 5.3 1.870 1.618 47.50 0.2158
58.709 45.94 44.0600 5.5 1.877 1.642 47.50 0.2147
58.810 45.96 44.0900 5.3 1.868 1.616 47.54 0.2157
58.908 45.98 44.0800 5.9 1.894 1.699 47.48 0.2122
59.010 46.00 44.1300 5.4 1.869 1.624 47.57 0.2153
59.109 46.02 44.2000 4.5 1.821 1.486 47.73 0.2210
59.210 46.04 44.1700 5.5 1.868 1.629 47.61 0.2149
59.310 46.06 44.1800 5.6 1.874 1.651 47.61 0.2139
59.408 46.08 44.2100 5.6 1.872 1.647 47.63 0.2140
59.510 46.10 44.2600 4.9 1.835 1.540 47.76 0.2184
59.608 46.12 44.2500 5.5 1.863 1.628 47.69 0.2147
59.710 46.14 44.2600 5.7 1.873 1.661 47.68 0.2133
59.809 46.16 44.2800 5.8 1.879 1.679 47.68 0.2124
59.909 46.18 44.3000 5.9 1.881 1.690 47.69 0.2119
60.010 46.20 44.3300 5.8 1.872 1.665 47.73 0.2129
60.109 46.22 44.3400 5.9 1.877 1.681 47.74 0.2122
60.210 46.24 44.3600 6.0 1.880 1.694 47.74 0.2117
60.309 46.26 44.3700 6.1 1.886 1.715 47.74 0.2107
60.409 46.28 44.3900 6.1 1.885 1.712 47.77 0.2108
60.509 46.30 44.4200 6.0 1.878 1.694 47.80 0.2115
60.609 46.32 44.4300 6.3 1.890 1.733 47.79 0.2098
60.710 46.34 44.4600 6.0 1.878 1.697 47.84 0.2113
60.810 46.36 44.4700 6.4 1.892 1.744 47.81 0.2093
60.909 46.38 44.5000 6.1 1.877 1.701 47.88 0.2110
61.009 46.40 44.5100 6.3 1.887 1.731 47.87 0.2097
61.109 46.42 44.5300 6.3 1.885 1.728 47.89 0.2098
61.209 46.44 44.5500 6.5 1.893 1.753 47.88 0.2087
61.310 46.46 44.5600 6.5 1.894 1.757 47.90 0.2085
61.408 46.48 44.5800 6.6 1.897 1.769 47.91 0.2080
61.510 46.50 44.6100 6.4 1.887 1.742 47.96 0.2091
61.609 46.52 44.6200 6.7 1.899 1.779 47.94 0.2075
61.710 46.54 44.6400 6.6 1.896 1.772 47.97 0.2078
61.810 46.56 44.6500 6.8 1.903 1.794 47.96 0.2068
61.908 46.58 44.6800 6.8 1.902 1.792 47.98 0.2068
62.010 46.60 44.7000 6.8 1.900 1.787 48.01 0.2071
62.108 46.62 44.7100 6.9 1.904 1.802 48.02 0.2064
62.210 46.64 44.7000 7.5 1.934 1.892 47.95 0.2026
62.309 46.66 44.7500 7.0 1.910 1.822 48.04 0.2055
62.409 46.68 44.7700 6.9 1.904 1.804 48.07 0.2062
62.510 46.70 44.7900 7.0 1.910 1.821 48.08 0.2055
62.609 46.72 44.8100 6.9 1.904 1.806 48.11 0.2061
62.710 46.74 44.8300 7.1 1.912 1.833 48.11 0.2050
62.810 46.76 44.8600 7.0 1.903 1.804 48.15 0.2062
62.909 46.78 44.8600 7.2 1.914 1.840 48.14 0.2046
63.009 46.80 44.8600 7.8 1.942 1.923 48.08 0.2012
63.109 46.82 44.9000 7.3 1.917 1.849 48.17 0.2042
63.210 46.84 44.9300 7.2 1.911 1.832 48.21 0.2049
63.310 46.86 44.9400 7.4 1.919 1.859 48.20 0.2038
63.409 46.88 44.9700 7.2 1.910 1.830 48.25 0.2050
63.509 46.90 45.0100 6.7 1.885 1.757 48.34 0.2080
63.608 46.92 45.0100 7.2 1.911 1.837 48.28 0.2046
63.708 46.94 45.0200 7.5 1.921 1.867 48.27 0.2033
63.809 46.96 45.0200 7.8 1.937 1.918 48.24 0.2012
63.907 46.98 45.0900 6.9 1.892 1.781 48.40 0.2069
64.009 47.00 45.0600 7.9 1.941 1.928 48.27 0.2007
64.108 47.02 45.0700 8.0 1.947 1.947 48.27 0.2000
64.209 47.04 45.0800 8.2 1.955 1.973 48.26 0.1989
64.309 47.06 45.1000 8.2 1.958 1.979 48.28 0.1986
64.408 47.08 45.1200 8.3 1.959 1.984 48.29 0.1984
64.509 47.10 45.1200 8.7 1.976 2.036 48.26 0.1963
64.607 47.12 45.1200 9.1 2.001 2.107 48.21 0.1933
64.709 47.14 45.1600 8.7 1.980 2.045 48.29 0.1960
64.808 47.16 45.1800 8.7 1.976 2.032 48.33 0.1965
64.908 47.18 45.2000 8.6 1.976 2.029 48.35 0.1966
65.009 47.20 45.2100 8.8 1.984 2.054 48.34 0.1956
65.108 47.22 45.2200 9.1 1.999 2.099 48.32 0.1938
65.209 47.24 45.2400 9.1 1.998 2.094 48.34 0.1940
65.308 47.26 45.2600 9.1 2.000 2.098 48.36 0.1939
65.408 47.28 45.2700 9.3 2.009 2.124 48.35 0.1928
65.508 47.30 45.2900 9.2 2.005 2.112 48.39 0.1933
65.609 47.32 45.3000 9.5 2.020 2.154 48.36 0.1916
65.709 47.34 45.3200 9.5 2.020 2.152 48.39 0.1917
65.809 47.36 45.3400 9.5 2.019 2.149 48.41 0.1919
65.907 47.38 45.3500 9.6 2.026 2.167 48.41 0.1912
66.009 47.40 45.3600 9.8 2.033 2.188 48.41 0.1903
66.108 47.42 45.3900 9.8 2.032 2.182 48.44 0.1906
66.209 47.44 45.3900 10.2 2.052 2.242 48.40 0.1882
66.309 47.46 45.4100 10.1 2.051 2.235 48.42 0.1885
66.408 47.48 45.4400 9.8 2.038 2.194 48.48 0.1902
66.509 47.50 45.4500 10.1 2.052 2.234 48.46 0.1886
66.607 47.52 45.4600 10.3 2.061 2.259 48.46 0.1876
66.709 47.54 45.4700 10.5 2.071 2.285 48.45 0.1866
66.808 47.56 45.4900 10.5 2.072 2.285 48.47 0.1867
66.908 47.58 45.5000 10.6 2.080 2.306 48.47 0.1858
67.009 47.60 45.5200 10.6 2.080 2.304 48.49 0.1860
67.108 47.62 45.5300 10.7 2.083 2.311 48.51 0.1857
67.209 47.64 45.5400 10.9 2.096 2.348 48.49 0.1843
67.308 47.66 45.5600 10.9 2.098 2.348 48.51 0.1843
67.408 47.68 45.5700 11.2 2.111 2.386 48.49 0.1828
67.508 47.70 45.5800 11.3 2.115 2.396 48.50 0.1825
67.607 47.72 45.5900 11.5 2.125 2.420 48.50 0.1815
67.708 47.74 45.6200 11.3 2.119 2.399 48.54 0.1825
67.808 47.76 45.6200 11.7 2.138 2.454 48.50 0.1803
67.907 47.78 45.6400 11.7 2.140 2.455 48.52 0.1803
68.007 47.80 45.6400 12.0 2.153 2.491 48.51 0.1789
68.107 47.82 45.6700 11.8 2.149 2.473 48.54 0.1797
68.207 47.84 45.6800 11.9 2.155 2.486 48.55 0.1793
68.308 47.86 45.6900 12.3 2.171 2.533 48.53 0.1774
68.407 47.88 45.7000 12.4 2.179 2.550 48.53 0.1768
68.508 47.90 45.7000 12.7 2.194 2.590 48.51 0.1752
68.607 47.92 45.7300 12.5 2.188 2.568 48.55 0.1763
68.708 47.94 45.7300 12.9 2.210 2.631 48.51 0.1737
68.808 47.96 45.7200 13.5 2.241 2.716 48.44 0.1703
68.906 47.98 45.7600 13.1 2.221 2.653 48.53 0.1731
69.008 48.00 45.7700 13.2 2.226 2.661 48.54 0.1728
69.106 48.02 45.7800 13.3 2.237 2.688 48.53 0.1718
69.208 48.04 45.7900 13.5 2.244 2.704 48.53 0.1713
69.307 48.06 45.8000 13.6 2.253 2.725 48.53 0.1705
69.407 48.08 45.8100 13.9 2.268 2.765 48.51 0.1689
69.508 48.10 45.8300 13.8 2.266 2.753 48.54 0.1696
69.607 48.12 45.8400 14.1 2.279 2.787 48.53 0.1683
69.708 48.14 45.8500 14.2 2.290 2.811 48.53 0.1674
69.807 48.16 45.8700 14.2 2.290 2.806 48.55 0.1678
69.907 48.18 45.8800 14.3 2.300 2.830 48.55 0.1669
70.007 48.20 45.8700 14.9 2.327 2.903 48.49 0.1640
70.107 48.22 45.8900 14.7 2.324 2.885 48.53 0.1649
70.208 48.24 45.9000 14.9 2.335 2.914 48.52 0.1639
70.307 48.26 45.9200 14.9 2.337 2.912 48.55 0.1641
70.407 48.28 45.9700 14.2 2.305 2.808 48.67 0.1686
70.507 48.30 45.9300 15.4 2.363 2.977 48.52 0.1616
70.607 48.32 45.9500 15.4 2.368 2.983 48.53 0.1615
70.707 48.34 45.9600 15.7 2.381 3.016 48.52 0.1603
70.808 48.36 45.9600 15.9 2.395 3.047 48.51 0.1592
70.907 48.38 45.9800 16.0 2.402 3.060 48.52 0.1588
71.008 48.40 45.9900 16.0 2.407 3.067 48.53 0.1587
71.107 48.42 46.0000 16.1 2.414 3.080 48.54 0.1583
71.207 48.44 46.0100 16.3 2.426 3.107 48.53 0.1574
71.308 48.46 46.0200 16.5 2.438 3.136 48.52 0.1564
71.406 48.48 46.0300 16.6 2.445 3.148 48.53 0.1561
71.508 48.50 46.0800 16.0 2.421 3.068 48.63 0.1596
71.607 48.52 46.0500 16.9 2.465 3.193 48.52 0.1545
71.707 48.54 46.0700 17.0 2.472 3.204 48.53 0.1543
71.807 48.56 46.0600 17.4 2.496 3.265 48.49 0.1519
71.906 48.58 46.0800 17.4 2.499 3.266 48.51 0.1521
72.007 48.60 46.0900 17.5 2.506 3.278 48.52 0.1518
72.105 48.62 46.1000 17.7 2.522 3.314 48.50 0.1504
72.207 48.64 46.1000 18.0 2.541 3.361 48.48 0.1487
72.306 48.66 46.1300 17.8 2.532 3.325 48.53 0.1504
72.406 48.68 46.1200 18.2 2.553 3.379 48.50 0.1484
72.507 48.70 46.1300 18.4 2.567 3.409 48.49 0.1474
72.606 48.72 46.1400 18.6 2.578 3.434 48.48 0.1465
72.707 48.74 46.1600 18.5 2.579 3.426 48.51 0.1471
72.806 48.76 46.1700 18.6 2.586 3.435 48.52 0.1469
72.906 48.78 46.1700 18.9 2.606 3.485 48.49 0.1451
73.006 48.80 46.1900 19.0 2.613 3.494 48.50 0.1449
73.106 48.82 46.1900 19.1 2.623 3.514 48.50 0.1443
73.207 48.84 46.1900 19.6 2.651 3.586 48.45 0.1415
73.307 48.86 46.2200 19.3 2.640 3.542 48.52 0.1436
73.406 48.88 46.2000 20.0 2.677 3.641 48.44 0.1397
73.507 48.90 46.2000 20.4 2.699 3.697 48.40 0.1377
73.606 48.92 46.2300 20.1 2.690 3.654 48.46 0.1397
73.706 48.94 46.2500 20.0 2.691 3.647 48.49 0.1402
73.807 48.96 46.2600 20.1 2.700 3.662 48.50 0.1399
73.905 48.98 46.2100 21.4 2.768 3.854 48.32 0.1321
74.007 49.00 46.2700 20.6 2.730 3.727 48.47 0.1377
74.105 49.02 46.2800 20.6 2.736 3.733 48.48 0.1377
74.207 49.04 46.2900 20.9 2.753 3.769 48.47 0.1365
74.307 49.06 46.3100 20.7 2.748 3.742 48.52 0.1378
74.406 49.08 46.3100 20.9 2.765 3.781 48.50 0.1365
74.507 49.10 46.3100 21.3 2.786 3.831 48.47 0.1347
74.605 49.12 46.3200 21.4 2.793 3.840 48.48 0.1346
74.707 49.14 46.3300 21.6 2.809 3.875 48.46 0.1334
74.806 49.16 46.3300 21.8 2.823 3.902 48.45 0.1325
74.907 49.18 46.3300 22.2 2.847 3.961 48.42 0.1304
75.007 49.20 46.3600 21.9 2.836 3.914 48.48 0.1326
75.106 49.22 46.3800 21.7 2.833 3.892 48.53 0.1338
75.207 49.24 46.3700 22.3 2.865 3.975 48.46 0.1306
75.307 49.26 46.3800 22.4 2.875 3.991 48.47 0.1303
75.405 49.28 46.4000 22.4 2.880 3.991 48.49 0.1305
75.507 49.30 46.4100 22.5 2.889 4.007 48.49 0.1302
75.605 49.32 46.4100 22.8 2.909 4.052 48.47 0.1286
75.707 49.34 46.4200 22.9 2.917 4.060 48.48 0.1285
75.806 49.36 46.4300 23.0 2.926 4.075 48.48 0.1282
75.905 49.38 46.4400 23.1 2.937 4.093 48.48 0.1278
76.006 49.40 46.4600 23.0 2.938 4.081 48.52 0.1285
76.105 49.42 46.4700 23.0 2.944 4.084 48.53 0.1288
76.206 49.44 46.4800 23.3 2.959 4.117 48.52 0.1277
76.305 49.46 46.4900 23.4 2.972 4.139 48.52 0.1270
76.405 49.48 46.4900 23.6 2.985 4.164 48.51 0.1263
76.505 49.50 46.5100 23.6 2.991 4.169 48.53 0.1264
76.605 49.52 46.5300 23.4 2.984 4.131 48.59 0.1282
76.705 49.54 46.5200 23.9 3.013 4.205 48.53 0.1255
76.806 49.56 46.5400 23.9 3.019 4.208 48.55 0.1257
76.905 49.58 46.5500 23.9 3.026 4.215 48.56 0.1257
77.005 49.60 46.5700 23.9 3.026 4.199 48.60 0.1267
77.105 49.62 46.5500 24.5 3.064 4.297 48.52 0.1229
77.205 49.64 46.5900 24.2 3.052 4.245 48.59 0.1254
77.306 49.66 46.6000 24.2 3.060 4.255 48.60 0.1253
77.405 49.68 46.6200 24.2 3.062 4.248 48.63 0.1259
77.506 49.70 46.6300 24.3 3.071 4.258 48.64 0.1258
77.605 49.72 46.6400 24.3 3.076 4.259 48.66 0.1261
77.706 49.74 46.6500 24.4 3.087 4.277 48.66 0.1256
77.806 49.76 46.6700 24.3 3.085 4.256 48.70 0.1268
77.904 49.78 46.6800 24.5 3.100 4.287 48.69 0.1258
78.006 49.80 46.7000 24.4 3.103 4.280 48.72 0.1264
78.104 49.82 46.7100 24.5 3.110 4.286 48.73 0.1264
78.206 49.84 46.7300 24.4 3.112 4.278 48.76 0.1271
78.306 49.86 46.7400 24.4 3.118 4.283 48.78 0.1272
78.405 49.88 46.7600 24.4 3.120 4.273 48.80 0.1279
78.506 49.90 46.7700 24.5 3.128 4.283 48.82 0.1278
78.605 49.92 46.7900 24.4 3.129 4.273 48.85 0.1285
78.706 49.94 46.8000 24.5 3.139 4.287 48.85 0.1282
78.805 49.96 46.8200 24.3 3.134 4.260 48.90 0.1297
78.905 49.98 46.8400 24.3 3.140 4.264 48.91 0.1298
79.005 50.00 46.8400 24.5 3.155 4.291 48.91 0.1289
79.105 50.02 46.8600 24.4 3.154 4.275 48.94 0.1299
79.206 50.04 46.8800 24.3 3.154 4.262 48.98 0.1307
79.305 50.06 46.9100 24.1 3.148 4.229 49.03 0.1324
79.405 50.08 46.9100 24.4 3.163 4.262 49.02 0.1313
79.505 50.10 46.9300 24.3 3.166 4.255 49.04 0.1319
79.605 50.12 46.9500 24.3 3.168 4.249 49.07 0.1324
79.705 50.14 46.9700 24.3 3.171 4.246 49.09 0.1329
79.806 50.16 46.9800 24.2 3.174 4.240 49.12 0.1334
79.905 50.18 47.0000 24.1 3.173 4.223 49.15 0.1343
80.005 50.20 47.0200 24.1 3.175 4.216 49.18 0.1349
80.104 50.22 47.0600 23.7 3.160 4.159 49.26 0.1376
80.205 50.24 47.0700 23.8 3.172 4.181 49.26 0.1369
80.305 50.26 47.0800 23.9 3.180 4.192 49.27 0.1367
80.403 50.28 47.1000 23.8 3.176 4.169 49.31 0.1379
80.505 50.30 47.1100 23.9 3.189 4.195 49.30 0.1371
80.604 50.32 47.1300 23.8 3.184 4.168 49.35 0.1385
80.705 50.34 47.1600 23.6 3.182 4.149 49.39 0.1395
80.804 50.36 47.1700 23.6 3.183 4.142 49.42 0.1401
80.904 50.38 47.1900 23.6 3.185 4.135 49.44 0.1406
81.005 50.40 47.2200 23.4 3.182 4.115 49.48 0.1417
81.104 50.42 47.2400 23.3 3.180 4.096 49.52 0.1427
81.205 50.44 47.2500 23.4 3.187 4.107 49.53 0.1425
81.304 50.46 47.2600 23.5 3.195 4.119 49.54 0.1423
81.404 50.48 47.2900 23.2 3.186 4.079 49.60 0.1442
81.504 50.50 47.3100 23.1 3.183 4.061 49.64 0.1452
81.604 50.52 47.3400 23.0 3.183 4.047 49.67 0.1460
81.705 50.54 47.3700 22.7 3.170 3.999 49.74 0.1482
81.805 50.56 47.3800 22.8 3.180 4.019 49.74 0.1476
81.904 50.58 47.3900 22.9 3.186 4.026 49.75 0.1475
82.004 50.60 47.4200 22.7 3.180 3.998 49.80 0.1489
82.104 50.62 47.4400 22.6 3.178 3.980 49.84 0.1498
82.204 50.64 47.4700 22.3 3.169 3.943 49.89 0.1516
82.305 50.66 47.4900 22.2 3.165 3.922 49.94 0.1526
82.404 50.68 47.5100 22.2 3.169 3.926 49.95 0.1527
82.505 50.70 47.5300 22.1 3.165 3.904 49.99 0.1538
82.604 50.72 47.5600 22.0 3.162 3.885 50.03 0.1548
82.705 50.74 47.5800 21.9 3.160 3.869 50.07 0.1556
82.805 50.76 47.5900 21.9 3.165 3.876 50.08 0.1556
82.904 50.78 47.6300 21.6 3.152 3.827 50.15 0.1577
83.005 50.80 47.6400 21.8 3.161 3.848 50.15 0.1571
83.104 50.82 47.6600 21.6 3.153 3.815 50.20 0.1586
83.205 50.84 47.6900 21.5 3.152 3.802 50.24 0.1593
83.304 50.86 47.7200 21.2 3.141 3.762 50.30 0.1612
83.404 50.88 47.7400 21.0 3.133 3.731 50.35 0.1626
83.505 50.90 47.7800 20.6 3.115 3.669 50.43 0.1653
83.604 50.92 47.8200 20.2 3.097 3.608 50.51 0.1680
83.705 50.94 47.8500 19.9 3.086 3.567 50.57 0.1699
83.804 50.96 47.8800 19.7 3.077 3.535 50.62 0.1714
83.904 50.98 47.9300 19.0 3.045 3.435 50.74 0.1757
84.003 51.00 47.9700 18.6 3.023 3.364 50.83 0.1787
84.104 51.02 48.0200 18.0 2.997 3.280 50.94 0.1823
84.204 51.04 48.0600 17.7 2.981 3.229 51.01 0.1845
84.304 51.06 48.1000 17.1 2.955 3.149 51.11 0.1879
84.402 51.08 48.1500 16.6 2.929 3.066 51.21 0.1914
84.504 51.10 48.1900 16.2 2.908 3.004 51.29 0.1940
84.603 51.12 48.2400 15.6 2.879 2.914 51.40 0.1978
84.703 51.14 48.2800 15.2 2.857 2.848 51.49 0.2005
84.804 51.16 48.3300 14.7 2.833 2.775 51.58 0.2036
84.903 51.18 48.3800 14.0 2.800 2.677 51.70 0.2077
85.004 51.20 48.4300 13.4 2.767 2.580 51.82 0.2116
85.103 51.22 48.4700 13.0 2.745 2.516 51.90 0.2143
85.203 51.24 48.5200 12.6 2.722 2.452 51.99 0.2169
85.303 51.26 48.5700 11.9 2.690 2.359 52.10 0.2207
85.403 51.28 48.6300 11.2 2.649 2.240 52.24 0.2256
85.503 51.30 48.6800 10.6 2.620 2.158 52.34 0.2289
85.604 51.32 48.7300 10.1 2.591 2.075 52.44 0.2322
85.704 51.34 48.7800 9.5 2.559 1.987 52.55 0.2358
85.804 51.36 48.8500 8.5 2.509 1.844 52.71 0.2416
85.903 51.38 48.8800 8.3 2.493 1.805 52.77 0.2430
86.003 51.40 48.9800 6.8 2.416 1.583 53.01 0.2521
86.104 51.42 48.9800 7.3 2.438 1.657 52.96 0.2488
86.203 51.44 49.0400 6.7 2.401 1.556 53.08 0.2528
86.304 51.46 49.0900 6.0 2.366 1.461 53.20 0.2565
86.403 51.48 49.1400 5.6 2.342 1.401 53.28 0.2588
86.504 51.50 49.2000 4.9 2.302 1.293 53.40 0.2630
86.604 51.52 49.2600 4.2 2.261 1.184 53.53 0.2673
86.703 51.54 49.3100 3.6 2.228 1.097 53.64 0.2707
86.804 51.56 49.3600 3.2 2.203 1.035 53.72 0.2729
86.902 51.58 49.4100 2.7 2.170 0.952 53.83 0.2761
87.004 51.60 49.4700 1.9 2.127 0.840 53.96 0.2805
87.103 51.62 49.5200 1.6 2.101 0.777 54.04 0.2827
87.203 51.64 49.5800 0.9 2.062 0.676 54.16 0.2866
87.304 51.66 49.6300 0.4 2.031 0.599 54.26 0.2895
87.403 51.68 49.6800 0.0 1.996 0.513 54.36 0.2926
87.504 51.70 49.7400 0.0 1.959 0.420 54.48 0.2962
87.604 51.72 49.7900 0.0 1.927 0.345 54.57 0.2989
87.704 51.74 49.8500 0.0 1.883 0.231 54.71 0.3032
87.803 51.76 49.9100 0.0 1.853 0.162 54.80 0.3057
87.903 51.78 49.9700 0.0 1.812 0.060 54.92 0.3095
88.004 51.80 50.0100 0.0 1.785 0.002 54.99 0.3114
88.103 51.82 50.0700 0.0 1.750 -0.082 55.10 0.3145
88.202 51.84 50.1300 0.0 1.712 -0.173 55.21 0.3178
88.302 51.86 50.2000 0.0 1.661 -0.303 55.36 0.3227
88.402 51.88 50.2500 0.0 1.630 -0.369 55.45 0.3249
88.503 51.90 50.3000 0.0 1.597 -0.444 55.54 0.3276
88.603 51.92 50.3600 0.0 1.557 -0.540 55.66 0.3310
88.702 51.94 50.4100 0.0 1.528 -0.599 55.74 0.3330
88.803 51.96 50.4700 0.0 1.483 -0.707 55.87 0.3369
88.902 51.98 50.5200 0.0 1.457 -0.758 55.94 0.3384
89.002 52.00 50.5800 0.0 1.421 -0.840 56.04 0.3413
89.103 52.02 50.6300 0.0 1.386 -0.916 56.13 0.3439
89.201 52.04 50.6800 0.0 1.355 -0.980 56.22 0.3459
89.303 52.06 50.7300 0.0 1.323 -1.046 56.30 0.3481
89.401 52.08 50.7900 0.0 1.292 -1.110 56.39 0.3501
89.503 52.10 50.8400 0.0 1.261 -1.174 56.47 0.3521
89.602 52.12 50.8900 0.0 1.229 -1.237 56.56 0.3542
89.702 52.14 50.9400 0.0 1.196 -1.305 56.64 0.3563
89.803 52.16 51.0000 0.0 1.157 -1.393 56.75 0.3593
89.902 52.18 51.0500 0.0 1.131 -1.437 56.82 0.3605
90.003 52.20 51.1000 0.0 1.094 -1.518 56.92 0.3632
90.102 52.22 51.1600 0.0 1.055 -1.603 57.02 0.3661
90.202 52.24 51.2100 0.0 1.029 -1.647 57.08 0.3672
90.302 52.26 51.2600 0.0 0.994 -1.718 57.18 0.3695
90.402 52.28 51.3100 0.0 0.969 -1.761 57.24 0.3706
90.503 52.30 51.3600 0.0 0.940 -1.813 57.31 0.3720
90.603 52.32 51.4100 0.0 0.907 -1.876 57.39 0.3740
90.702 52.34 51.4600 0.0 0.879 -1.927 57.46 0.3753
90.802 52.36 51.5100 0.0 0.850 -1.977 57.53 0.3767
90.902 52.38 51.5500 0.0 0.832 -1.996 57.57 0.3768
91.003 52.40 51.6000 0.0 0.794 -2.074 57.67 0.3793
91.103 52.42 51.6600 0.0 0.756 -2.154 57.77 0.3819
91.202 52.44 51.7100 0.0 0.731 -2.193 57.83 0.3827
91.302 52.46 51.7600 0.0 0.702 -2.244 57.90 0.3841
91.402 52.48 51.8100 0.0 0.671 -2.298 57.98 0.3856
91.502 52.50 51.8500 0.0 0.643 -2.345 58.04 0.3867
91.603 52.52 51.9000 0.0 0.619 -2.379 58.10 0.3874
91.701 52.54 51.9400 0.0 0.596 -2.410 58.15 0.3879
91.803 52.56 51.9900 0.0 0.571 -2.448 58.21 0.3887
91.902 52.58 52.0400 0.0 0.542 -2.500 58.28 0.3901
92.003 52.60 52.0800 0.0 0.519 -2.528 58.33 0.3905
92.103 52.62 52.1200 0.0 0.497 -2.558 58.38 0.3909
92.201 52.64 52.1700 0.0 0.468 -2.607 58.44 0.3921
92.302 52.66 52.2200 0.0 0.437 -2.660 58.52 0.3936
92.401 52.68 52.2700 0.0 0.412 -2.696 58.57 0.3943
92.502 52.70 52.3100 0.0 0.390 -2.724 58.62 0.3946
92.602 52.72 52.3600 0.0 0.361 -2.771 58.69 0.3958
92.700 52.74 52.3900 0.0 0.346 -2.777 58.72 0.3952
92.802 52.76 52.4400 0.0 0.320 -2.816 58.77 0.3960
92.900 52.78 52.4800 0.0 0.300 -2.839 58.82 0.3961
93.002 52.80 52.5200 0.0 0.277 -2.866 58.86 0.3965
93.101 52.82 52.5600 0.0 0.260 -2.879 58.90 0.3962
93.201 52.84 52.6000 0.0 0.233 -2.920 58.96 0.3971
93.302 52.86 52.6500 0.0 0.210 -2.951 59.01 0.3976
93.401 52.88 52.6900 0.0 0.191 -2.968 59.05 0.3974
93.502 52.90 52.7300 0.0 0.171 -2.988 59.09 0.3974
93.602 52.92 52.7700 0.0 0.150 -3.011 59.13 0.3976
93.701 52.94 52.8100 0.0 0.129 -3.037 59.17 0.3978
93.802 52.96 52.8500 0.0 0.103 -3.075 59.23 0.3986
93.901 52.98 52.8900 0.0 0.088 -3.080 59.26 0.3980
94.001 53.00 52.9300 0.0 0.071 -3.092 59.29 0.3976
94.102 53.02 52.9600 0.0 0.053 -3.104 59.32 0.3974
94.201 53.04 53.0100 0.0 0.026 -3.147 59.38 0.3983
94.302 53.06 53.0500 0.0 0.011 -3.151 59.41 0.3976
94.401 53.08 53.0800 0.0 -0.003 -3.153 59.43 0.3969
94.502 53.10 53.1100 0.0 -0.016 -3.155 59.45 0.3962
94.602 53.12 53.1500 0.0 -0.034 -3.169 59.49 0.3959
94.700 53.14 53.1800 0.0 -0.044 -3.161 59.50 0.3948
94.802 53.16 53.2200 0.0 -0.066 -3.185 59.54 0.3950
94.900 53.18 53.2600 0.0 -0.079 -3.187 59.56 0.3942
95.002 53.20 53.2900 0.0 -0.090 -3.179 59.58 0.3931
95.102 53.22 53.3400 0.0 -0.119 -3.228 59.65 0.3943
95.201 53.24 53.3700 0.0 -0.129 -3.220 59.66 0.3932
95.302 53.26 53.4000 0.0 -0.140 -3.214 59.67 0.3921
95.400 53.28 53.4300 0.0 -0.154 -3.219 59.70 0.3916
95.502 53.30 53.4700 0.0 -0.170 -3.228 59.73 0.3911
95.601 53.32 53.5000 0.0 -0.185 -3.234 59.75 0.3906
95.701 53.34 53.5400 0.0 -0.202 -3.248 59.79 0.3904
95.802 53.36 53.5800 0.0 -0.219 -3.259 59.82 0.3900
95.901 53.38 53.6100 0.0 -0.228 -3.249 59.83 0.3888
96.002 53.40 53.6300 0.0 -0.237 -3.239 59.84 0.3876
96.101 53.42 53.6600 0.0 -0.244 -3.224 59.84 0.3862
96.201 53.44 53.7000 0.0 -0.259 -3.230 59.87 0.3857
96.300 53.46 53.7300 0.0 -0.272 -3.232 59.89 0.3850
96.400 53.48 53.7600 0.0 -0.286 -3.239 59.92 0.3845
96.500 53.50 53.7900 0.0 -0.292 -3.217 59.91 0.3828
96.601 53.52 53.8200 0.0 -0.298 -3.198 59.92 0.3813
96.700 53.54 53.8500 0.0 -0.311 -3.204 59.94 0.3807
96.800 53.56 53.8800 0.0 -0.322 -3.199 59.96 0.3798
96.900 53.58 53.9000 0.0 -0.327 -3.177 59.95 0.3782
97.000 53.60 53.9400 0.0 -0.339 -3.179 59.98 0.3775
97.101 53.62 53.9600 0.0 -0.346 -3.162 59.98 0.3761
97.200 53.64 53.9900 0.0 -0.350 -3.141 59.98 0.3744
97.301 53.66 54.0200 0.0 -0.366 -3.155 60.01 0.3743
97.400 53.68 54.0500 0.0 -0.369 -3.126 60.00 0.3724
97.500 53.70 54.0800 0.0 -0.378 -3.122 60.02 0.3715
97.601 53.72 54.1100 0.0 -0.388 -3.117 60.03 0.3705
97.699 53.74 54.1300 0.0 -0.393 -3.096 60.03 0.3690
97.801 53.76 54.1500 0.0 -0.395 -3.069 60.03 0.3671
97.899 53.78 54.1800 0.0 -0.402 -3.057 60.03 0.3659
98.001 53.80 54.2100 0.0 -0.411 -3.050 60.05 0.3649
98.101 53.82 54.2300 0.0 -0.409 -3.011 60.03 0.3626
98.200 53.84 54.2500 0.0 -0.415 -2.997 60.03 0.3613
98.301 53.86 54.2800 0.0 -0.423 -2.989 60.05 0.3604
98.399 53.88 54.3000 0.0 -0.423 -2.956 60.03 0.3583
98.501 53.90 54.3200 0.0 -0.422 -2.922 60.02 0.3562
98.600 53.92 54.3500 0.0 -0.428 -2.907 60.03 0.3550
98.700 53.94 54.3700 0.0 -0.433 -2.892 60.03 0.3537
98.800 53.96 54.3900 0.0 -0.432 -2.860 60.02 0.3517
98.900 53.98 54.4100 0.0 -0.437 -2.844 60.02 0.3504
99.001 54.00 54.4400 0.0 -0.439 -2.820 60.02 0.3488
99.100 54.02 54.4600 0.0 -0.442 -2.801 60.02 0.3474
99.200 54.04 54.4900 0.0 -0.449 -2.790 60.03 0.3463
99.300 54.06 54.5100 0.0 -0.450 -2.765 60.02 0.3447
99.400 54.08 54.5300 0.0 -0.450 -2.736 60.01 0.3428
99.500 54.10 54.5500 0.0 -0.454 -2.717 60.02 0.3415
99.601 54.12 54.5700 0.0 -0.451 -2.682 60.00 0.3394
99.700 54.14 54.5900 0.0 -0.453 -2.661 60.00 0.3379
99.801 54.16 54.6100 0.0 -0.454 -2.635 59.99 0.3363
99.900 54.18 54.6200 0.0 -0.445 -2.581 59.96 0.3335
100.000 54.20 54.6500 0.0 -0.452 -2.575 59.97 0.3326
100.101 54.22 54.6700 0.0 -0.457 -2.563 59.98 0.3316
100.200 54.24 54.6800 0.0 -0.447 -2.508 59.95 0.3288
100.301 54.26 54.7200 0.0 -0.458 -2.514 59.97 0.3285
100.400 54.28 54.7300 0.0 -0.451 -2.466 59.94 0.3260
100.500 54.30 54.7500 0.0 -0.454 -2.451 59.95 0.3248
100.600 54.32 54.7600 0.0 -0.442 -2.392 59.91 0.3218
100.698 54.34 54.7800 0.0 -0.444 -2.371 59.91 0.3204
100.800 54.36 54.8200 0.0 -0.458 -2.390 59.95 0.3207
100.898 54.38 54.8200 0.0 -0.447 -2.333 59.91 0.3179
101.000 54.40 54.8400 0.0 -0.445 -2.304 59.90 0.3162
101.099 54.42 54.8700 0.0 -0.452 -2.300 59.92 0.3155
101.199 54.44 54.8900 0.0 -0.455 -2.288 59.93 0.3145
101.300 54.46 54.9100 0.0 -0.450 -2.249 59.91 0.3124
101.398 54.48 54.9100 0.0 -0.437 -2.186 59.86 0.3094
101.500 54.50 54.9500 0.0 -0.449 -2.201 59.90 0.3095
101.599 54.52 54.9500 0.0 -0.435 -2.138 59.86 0.3064
101.699 54.54 54.9800 0.0 -0.441 -2.134 59.87 0.3058
101.799 54.56 54.9900 0.0 -0.429 -2.077 59.83 0.3030
101.899 54.58 55.0100 0.0 -0.428 -2.054 59.83 0.3016
102.000 54.60 55.0100 0.0 -0.411 -1.982 59.78 0.2982
102.099 54.62 55.0400 0.0 -0.422 -1.997 59.81 0.2984
102.199 54.64 55.0500 0.0 -0.409 -1.938 59.78 0.2955
102.299 54.66 55.0600 0.0 -0.407 -1.911 59.77 0.2940
102.399 54.68 55.0700 0.0 -0.394 -1.854 59.73 0.2912
102.499 54.70 55.0900 0.0 -0.389 -1.821 59.72 0.2895
102.600 54.72 55.1100 0.0 -0.388 -1.799 59.72 0.2882
102.699 54.74 55.1200 0.0 -0.385 -1.774 59.71 0.2868
102.801 54.76 55.1400 0.0 -0.378 -1.734 59.69 0.2848
102.898 54.78 55.1500 0.0 -0.372 -1.699 59.68 0.2829
103.000 54.80 55.1600 0.0 -0.362 -1.654 59.65 0.2807
103.099 54.82 55.1800 0.0 -0.359 -1.627 59.64 0.2793
103.199 54.84 55.1900 0.0 -0.351 -1.588 59.63 0.2773
103.300 54.86 55.2000 0.0 -0.338 -1.534 59.59 0.2747
103.399 54.88 55.2000 0.0 -0.323 -1.473 59.55 0.2719
103.500 54.90 55.2200 0.0 -0.324 -1.464 59.56 0.2712
103.600 54.92 55.2300 0.0 -0.315 -1.421 59.54 0.2691
103.699 54.94 55.2400 0.0 -0.307 -1.383 59.52 0.2673
103.799 54.96 55.2500 0.0 -0.292 -1.326 59.48 0.2646
103.899 54.98 55.2700 0.0 -0.288 -1.301 59.48 0.2633
104.000 55.00 55.2800 0.0 -0.282 -1.270 59.47 0.2617
104.100 55.02 55.2900 0.0 -0.270 -1.221 59.44 0.2594
104.199 55.04 55.3000 0.0 -0.258 -1.173 59.41 0.2572
104.300 55.06 55.3100 0.0 -0.251 -1.142 59.40 0.2557
104.399 55.08 55.3100 0.0 -0.237 -1.088 59.37 0.2532
104.498 55.10 55.3300 0.0 -0.230 -1.055 59.35 0.2516
104.599 55.12 55.3300 0.0 -0.212 -0.990 59.31 0.2487
104.697 55.14 55.3400 0.0 -0.202 -0.951 59.29 0.2468
104.799 55.16 55.3500 0.0 -0.188 -0.902 59.26 0.2446
104.898 55.18 55.3600 0.0 -0.181 -0.872 59.25 0.2432
104.999 55.20 55.3700 0.0 -0.175 -0.843 59.24 0.2418
105.099 55.22 55.3800 0.0 -0.158 -0.786 59.20 0.2392
105.197 55.24 55.3900 0.0 -0.149 -0.749 59.19 0.2375
105.299 55.26 55.3900 0.0 -0.136 -0.703 59.16 0.2355
105.397 55.28 55.4000 0.0 -0.125 -0.664 59.14 0.2337
105.499 55.30 55.4100 0.0 -0.109 -0.607 59.11 0.2312
105.598 55.32 55.4200 0.0 -0.100 -0.576 59.09 0.2297
105.698 55.34 55.4200 0.0 -0.077 -0.502 59.04 0.2265
105.798 55.36 55.4400 0.0 -0.079 -0.501 59.06 0.2264
105.898 55.38 55.4300 0.0 -0.051 -0.412 58.99 0.2226
105.999 55.40 55.4400 0.0 -0.045 -0.390 58.99 0.2215
106.099 55.42 55.4500 0.0 -0.030 -0.341 58.96 0.2194
106.198 55.44 55.4500 0.0 -0.016 -0.293 58.93 0.2173
106.298 55.46 55.4600 0.0 -0.004 -0.257 58.91 0.2157
106.398 55.48 55.4800 0.0 -0.000 -0.240 58.92 0.2150
106.498 55.50 55.4800 0.0 0.017 -0.185 58.88 0.2126
106.599 55.52 55.4900 0.0 0.031 -0.140 58.86 0.2107
106.698 55.54 55.4900 0.0 0.052 -0.075 58.81 0.2080
106.799 55.56 55.4900 0.0 0.067 -0.030 58.79 0.2060
106.898 55.58 55.5000 0.0 0.076 -0.000 58.78 0.2048
106.998 55.60 55.5100 0.2 0.092 0.047 58.75 0.2028
107.099 55.62 55.5100 0.5 0.105 0.087 58.73 0.2011
107.197 55.64 55.5200 0.7 0.114 0.115 58.72 0.1999
107.299 55.66 55.5300 0.9 0.128 0.156 58.70 0.1982
107.397 55.68 55.5300 1.4 0.149 0.220 58.66 0.1956
107.499 55.70 55.5400 1.6 0.159 0.248 58.65 0.1944
107.599 55.72 55.5400 1.9 0.178 0.304 58.61 0.1921
107.698 55.74 55.5500 2.2 0.190 0.340 58.60 0.1907
107.799 55.76 55.5500 2.5 0.207 0.389 58.57 0.1886
107.897 55.78 55.5600 2.8 0.222 0.430 58.55 0.1870
107.999 55.80 55.5700 3.0 0.231 0.457 58.54 0.1859
108.098 55.82 55.5400 3.8 0.273 0.577 58.44 0.1810
108.198 55.84 55.5800 3.5 0.263 0.543 58.49 0.1825
108.298 55.86 55.5800 3.9 0.281 0.595 58.46 0.1804
108.398 55.88 55.5800 4.2 0.300 0.647 58.43 0.1783
108.499 55.90 55.5900 4.4 0.309 0.670 58.43 0.1774
108.598 55.92 55.5900 4.7 0.323 0.709 58.41 0.1759
108.697 55.94 55.6000 4.9 0.336 0.742 58.40 0.1746
108.798 55.96 55.6100 5.2 0.352 0.787 58.37 0.1729
108.897 55.98 55.6100 5.5 0.370 0.835 58.34 0.1710
108.997 56.00 55.6000 6.0 0.398 0.910 58.29 0.1679
109.098 56.02 55.6100 6.1 0.404 0.923 58.29 0.1675
109.196 56.04 55.6100 6.5 0.427 0.985 58.25 0.1651
109.298 56.06 55.6200 6.8 0.442 1.023 58.23 0.1637
109.397 56.08 55.6000 7.4 0.474 1.113 58.16 0.1601
109.498 56.10 55.6100 7.5 0.484 1.136 58.16 0.1593
109.597 56.12 55.6300 7.5 0.488 1.137 58.18 0.1594
109.697 56.14 55.6200 8.1 0.516 1.214 58.12 0.1564
109.798 56.16 55.6300 8.2 0.529 1.245 58.11 0.1553
109.897 56.18 55.6000 9.2 0.580 1.390 57.99 0.1494
109.998 56.20 55.6200 9.0 0.573 1.357 58.04 0.1510
110.097 56.22 55.6300 9.3 0.591 1.402 58.02 0.1493
110.197 56.24 55.6300 9.6 0.611 1.450 57.99 0.1475
110.297 56.26 55.6300 10.0 0.632 1.504 57.95 0.1455
110.397 56.28 55.6300 10.3 0.651 1.552 57.93 0.1437
110.497 56.30 55.6200 10.8 0.682 1.631 57.87 0.1406
110.598 56.32 55.6400 10.8 0.682 1.619 57.90 0.1414
110.697 56.34 55.6300 11.2 0.709 1.691 57.85 0.1387
110.798 56.36 55.6300 11.4 0.725 1.724 57.83 0.1375
110.897 56.38 55.6300 11.7 0.743 1.766 57.81 0.1360
110.998 56.40 55.6300 12.1 0.766 1.822 57.78 0.1340
111.098 56.42 55.6400 12.3 0.780 1.850 57.77 0.1331
111.196 56.44 55.6400 12.7 0.802 1.905 57.73 0.1311
111.298 56.46 55.6300 13.1 0.828 1.968 57.69 0.1287
111.396 56.48 55.6400 13.2 0.838 1.985 57.69 0.1283
111.498 56.50 55.6500 13.2 0.843 1.986 57.71 0.1286
111.597 56.52 55.6400 13.8 0.878 2.076 57.64 0.1251
111.697 56.54 55.6400 14.1 0.899 2.124 57.61 0.1234
111.798 56.56 55.6400 14.4 0.919 2.169 57.59 0.1219
111.896 56.58 55.6300 14.8 0.945 2.232 57.55 0.1196
111.998 56.60 55.6400 15.0 0.961 2.263 57.53 0.1186
112.098 56.62 55.6400 15.3 0.981 2.308 57.51 0.1171
112.196 56.64 55.6400 15.6 1.001 2.352 57.49 0.1156
112.298 56.66 55.6500 15.7 1.011 2.362 57.50 0.1155
112.397 56.68 55.6400 16.2 1.041 2.436 57.44 0.1128
112.498 56.70 55.6400 16.4 1.057 2.467 57.43 0.1119
112.598 56.72 55.6400 16.6 1.074 2.501 57.42 0.1108
112.696 56.74 55.6400 16.9 1.097 2.553 57.38 0.1090
112.797 56.76 55.6300 17.3 1.124 2.613 57.34 0.1069
112.895 56.78 55.6300 17.7 1.147 2.666 57.31 0.1051
112.997 56.80 55.6400 17.8 1.159 2.680 57.32 0.1049
113.097 56.82 55.6300 18.2 1.188 2.749 57.27 0.1024
113.196 56.84 55.6400 18.3 1.198 2.761 57.28 0.1023
113.297 56.86 55.6400 18.5 1.216 2.793 57.26 0.1014
113.395 56.88 55.6500 18.6 1.228 2.812 57.27 0.1010
113.497 56.90 55.6300 19.2 1.263 2.894 57.20 0.0980
113.596 56.92 55.6400 19.3 1.277 2.919 57.20 0.0974
113.696 56.94 55.6500 19.4 1.288 2.931 57.21 0.0973
113.796 56.96 55.6400 19.8 1.313 2.985 57.17 0.0955
113.896 56.98 55.6400 20.1 1.339 3.042 57.14 0.0936
113.997 57.00 55.6500 20.2 1.349 3.050 57.15 0.0937
114.096 57.02 55.6500 20.5 1.370 3.093 57.12 0.0923
114.196 57.04 55.6500 20.6 1.385 3.117 57.12 0.0918
114.296 57.06 55.6400 21.0 1.414 3.180 57.08 0.0896
114.396 57.08 55.6600 20.9 1.417 3.168 57.11 0.0905
114.496 57.10 55.6500 21.3 1.444 3.226 57.07 0.0886
114.597 57.12 55.6600 21.6 1.462 3.259 57.06 0.0877
114.695 57.14 55.6600 21.7 1.477 3.279 57.06 0.0873
114.797 57.16 55.6500 22.1 1.506 3.346 57.01 0.0850
114.896 57.18 55.6700 22.1 1.512 3.340 57.04 0.0857
114.996 57.20 55.6500 22.6 1.545 3.417 56.98 0.0830
115.097 57.22 55.6500 22.8 1.565 3.455 56.96 0.0819
115.195 57.24 55.6800 22.6 1.561 3.419 57.02 0.0839
115.297 57.26 55.6600 23.1 1.596 3.498 56.96 0.0811
115.395 57.28 55.6600 23.3 1.615 3.534 56.94 0.0801
115.497 57.30 55.6600 23.5 1.634 3.565 56.93 0.0793
115.596 57.32 55.6400 24.2 1.675 3.665 56.85 0.0756
115.696 57.34 55.6600 24.0 1.675 3.640 56.90 0.0772
115.797 57.36 55.6700 24.2 1.690 3.661 56.90 0.0768
115.896 57.38 55.6700 24.3 1.705 3.681 56.90 0.0765
115.997 57.40 55.6700 24.6 1.731 3.735 56.86 0.0748
116.096 57.42 55.6800 24.6 1.741 3.738 56.88 0.0752
116.196 57.44 55.6800 24.8 1.758 3.765 56.87 0.0745
116.297 57.46 55.6800 25.1 1.779 3.803 56.85 0.0735
116.396 57.48 55.6800 25.2 1.794 3.824 56.85 0.0732
116.497 57.50 55.6800 25.4 1.815 3.861 56.84 0.0721
116.596 57.52 55.7000 25.4 1.820 3.850 56.87 0.0731
116.696 57.54 55.7000 25.6 1.842 3.890 56.85 0.0720
116.795 57.56 55.7000 25.8 1.857 3.910 56.85 0.0717
116.895 57.58 55.7300 25.4 1.850 3.862 56.92 0.0742
116.996 57.60 55.7100 26.0 1.888 3.951 56.85 0.0711
117.095 57.62 55.7200 26.1 1.901 3.964 56.85 0.0710
117.195 57.64 55.7200 26.3 1.920 3.996 56.84 0.0703
117.296 57.66 55.7100 26.6 1.944 4.044 56.81 0.0688
117.395 57.68 55.7200 26.7 1.958 4.058 56.82 0.0687
117.495 57.70 55.7300 26.7 1.967 4.058 56.84 0.0693
117.596 57.72 55.7400 26.7 1.977 4.063 56.85 0.0697
117.694 57.74 55.7400 26.9 1.998 4.098 56.84 0.0687
117.796 57.76 55.7500 26.9 2.004 4.090 56.87 0.0696
117.895 57.78 55.7500 27.2 2.027 4.133 56.84 0.0684
117.995 57.80 55.7500 27.3 2.045 4.160 56.84 0.0677
118.096 57.82 55.7700 27.2 2.049 4.148 56.87 0.0688
118.194 57.84 55.7800 27.2 2.058 4.147 56.89 0.0694
118.296 57.86 55.7900 27.3 2.069 4.156 56.90 0.0696
118.395 57.88 55.7900 27.5 2.087 4.185 56.89 0.0689
118.496 57.90 55.7900 27.7 2.106 4.214 56.88 0.0682
118.595 57.92 55.8100 27.6 2.112 4.204 56.91 0.0692
118.695 57.94 55.8100 27.8 2.130 4.233 56.90 0.0686
118.796 57.96 55.8200 27.8 2.142 4.243 56.91 0.0687
118.895 57.98 55.8300 27.7 2.144 4.223 56.95 0.0701
118.996 58.00 55.8300 28.0 2.166 4.264 56.93 0.0689
119.095 58.02 55.8500 27.7 2.164 4.230 56.99 0.0709
119.195 58.04 55.8500 28.1 2.191 4.284 56.95 0.0691
119.295 58.06 55.8600 28.1 2.199 4.282 56.98 0.0698
119.395 58.08 55.8700 28.1 2.209 4.289 56.99 0.0700
119.496 58.10 55.8800 28.1 2.219 4.290 57.01 0.0705
119.596 58.12 55.8800 28.2 2.234 4.311 57.01 0.0702
119.695 58.14 55.9000 28.2 2.242 4.308 57.03 0.0709
119.796 58.16 55.9000 28.3 2.254 4.318 57.04 0.0709
119.895 58.18 55.9200 28.1 2.257 4.301 57.08 0.0722
119.995 58.20 55.9300 28.2 2.269 4.313 57.08 0.0722
120.096 58.22 55.9400 28.3 2.280 4.320 57.10 0.0725
120.194 58.24 55.9600 28.1 2.282 4.300 57.14 0.0739
120.296 58.26 55.9600 28.2 2.294 4.310 57.15 0.0740
120.395 58.28 55.9800 28.1 2.299 4.302 57.18 0.0748
120.496 58.30 55.9900 28.1 2.308 4.303 57.19 0.0753
120.596 58.32 56.0000 28.2 2.322 4.321 57.20 0.0751
120.694 58.34 56.0300 27.7 2.305 4.244 57.29 0.0788
120.795 58.36 56.0300 28.1 2.332 4.300 57.26 0.0770
120.894 58.38 56.0400 28.1 2.342 4.306 57.27 0.0773
120.994 58.40 56.0600 27.9 2.342 4.282 57.32 0.0788
121.094 58.42 56.0600 28.1 2.357 4.301 57.32 0.0785
121.194 58.44 56.0800 27.8 2.354 4.269 57.37 0.0803
121.295 58.46 56.1000 27.8 2.360 4.262 57.39 0.0811
121.395 58.48 56.1100 27.9 2.371 4.271 57.41 0.0812
121.494 58.50 56.1300 27.6 2.366 4.234 57.46 0.0833
121.595 58.52 56.1400 27.6 2.376 4.238 57.48 0.0835
121.694 58.54 56.1500 27.6 2.385 4.243 57.49 0.0839
121.795 58.56 56.1700 27.5 2.386 4.223 57.53 0.0852
121.894 58.58 56.1900 27.3 2.384 4.194 57.58 0.0868
121.994 58.60 56.2200 27.1 2.381 4.164 57.63 0.0886
122.094 58.62 56.2300 27.2 2.392 4.175 57.64 0.0886
122.194 58.64 56.2500 26.9 2.387 4.136 57.70 0.0907
122.295 58.66 56.2700 26.9 2.392 4.131 57.73 0.0913
122.395 58.68 56.2800 26.8 2.397 4.124 57.75 0.0921
122.495 58.70 56.2900 26.8 2.403 4.118 57.78 0.0928
122.594 58.72 56.3500 25.8 2.364 3.980 57.94 0.0990
122.694 58.74 56.3400 26.4 2.398 4.063 57.87 0.0959
122.794 58.76 56.3600 26.1 2.393 4.027 57.93 0.0978
122.895 58.78 56.3800 26.1 2.398 4.021 57.96 0.0985
122.994 58.80 56.4000 25.9 2.397 3.999 58.00 0.0999
123.095 58.82 56.4300 25.6 2.390 3.956 58.06 0.1021
123.194 58.84 56.4400 25.7 2.399 3.965 58.07 0.1021
123.295 58.86 56.4500 25.8 2.411 3.982 58.08 0.1018
123.395 58.88 56.4700 25.5 2.403 3.937 58.14 0.1041
123.494 58.90 56.5000 25.2 2.395 3.895 58.20 0.1063
123.595 58.92 56.5200 25.1 2.395 3.876 58.24 0.1074
123.693 58.94 56.5400 25.0 2.395 3.858 58.28 0.1086
123.795 58.96 56.5700 24.7 2.387 3.815 58.34 0.1107
123.894 58.98 56.5900 24.6 2.388 3.799 58.38 0.1118
123.994 59.00 56.6100 24.4 2.386 3.777 58.42 0.1131
124.095 59.02 56.6200 24.6 2.400 3.800 58.42 0.1125
124.193 59.04 56.6600 23.8 2.379 3.666 58.52 0.1161
124.295 59.06 56.6800 23.3 2.378 3.584 58.55 0.1171
124.394 59.08 56.7100 22.6 2.366 3.472 58.62 0.1196
124.494 59.09 56.7300 22.1 2.363 3.389 58.66 0.1208
124.594 59.11 56.7400 21.9 2.372 3.345 58.67 0.1204
124.694 59.13 56.7900 20.8 2.339 3.178 58.79 0.1252
124.795 59.15 56.8100 20.5 2.341 3.118 58.82 0.1256
0.110 57.26 57.2800 0.0 -0.019 -0.217 57.60 0.0203
0.210 57.26 57.3300 0.0 -0.066 -0.935 58.38 0.0661
0.308 57.26 57.3500 0.0 -0.085 -1.115 58.63 0.0799
0.409 57.26 57.3800 0.0 -0.119 -1.544 59.12 0.1084
0.508 57.27 57.4200 0.0 -0.158 -2.004 59.64 0.1382
0.609 57.27 57.4500 0.0 -0.184 -2.212 59.90 0.1532
0.710 57.27 57.4700 0.0 -0.202 -2.265 60.02 0.1589
0.809 57.28 57.5100 0.0 -0.239 -2.650 60.46 0.1838
0.910 57.28 57.5500 0.0 -0.269 -2.865 60.73 0.1988
1.009 57.28 57.5800 0.0 -0.297 -3.040 60.96 0.2113
1.109 57.29 57.6100 0.0 -0.324 -3.175 61.15 0.2213
1.210 57.29 57.6500 0.0 -0.354 -3.354 61.38 0.2337
1.308 57.30 57.6800 0.0 -0.382 -3.479 61.56 0.2428
1.410 57.30 57.7100 0.0 -0.408 -3.577 61.71 0.2503
1.508 57.31 57.7400 0.0 -0.437 -3.714 61.90 0.2599
1.610 57.31 57.7700 0.0 -0.460 -3.728 61.97 0.2624
1.710 57.32 57.8100 0.0 -0.489 -3.846 62.14 0.2709
1.809 57.33 57.8500 0.0 -0.525 -4.091 62.44 0.2866
1.910 57.33 57.8800 0.0 -0.544 -4.021 62.42 0.2838
2.008 57.34 57.9100 0.0 -0.575 -4.156 62.60 0.2930
2.110 57.35 57.9600 0.0 -0.613 -4.410 62.91 0.3091
2.209 57.35 57.9800 0.0 -0.630 -4.281 62.82 0.3025
2.309 57.36 58.0100 0.0 -0.648 -4.190 62.78 0.2982
2.409 57.37 58.0500 0.0 -0.681 -4.355 62.99 0.3089
2.509 57.38 58.0800 0.0 -0.701 -4.297 62.98 0.3065
2.610 57.39 58.1200 0.0 -0.733 -4.440 63.17 0.3158
2.710 57.39 58.1500 0.0 -0.756 -4.431 63.21 0.3161
2.809 57.40 58.1800 0.0 -0.777 -4.389 63.21 0.3143
2.910 57.41 58.2200 0.0 -0.805 -4.478 63.35 0.3205
3.009 57.42 58.2500 0.0 -0.830 -4.504 63.41 0.3226
3.109 57.43 58.2800 0.0 -0.848 -4.407 63.36 0.3177
3.210 57.44 58.3200 0.0 -0.874 -4.459 63.46 0.3215
3.309 57.45 58.3400 0.0 -0.889 -4.334 63.38 0.3148
3.410 57.46 58.3700 0.0 -0.911 -4.330 63.41 0.3150
3.510 57.47 58.4100 0.0 -0.933 -4.340 63.47 0.3163
3.611 57.48 58.4500 0.0 -0.965 -4.505 63.67 0.3266
3.711 57.49 58.4800 0.0 -0.989 -4.531 63.74 0.3286
3.809 57.50 58.5100 0.0 -1.007 -4.455 63.70 0.3246
3.911 57.52 58.5300 0.0 -1.017 -4.264 63.55 0.3138
4.009 57.53 58.5700 0.0 -1.047 -4.421 63.75 0.3234
4.111 57.54 58.6000 0.0 -1.062 -4.309 63.68 0.3173
4.210 57.55 58.6400 0.0 -1.091 -4.457 63.87 0.3265
4.310 57.56 58.6700 0.0 -1.106 -4.354 63.80 0.3208
4.410 57.57 58.6900 0.0 -1.120 -4.245 63.73 0.3147
4.510 57.59 58.7300 0.0 -1.144 -4.307 63.83 0.3187
4.611 57.60 58.7600 0.0 -1.163 -4.287 63.85 0.3179
4.711 57.61 58.7900 0.0 -1.175 -4.168 63.76 0.3112
4.810 57.62 58.8100 0.0 -1.187 -4.042 63.67 0.3040
4.910 57.64 58.8500 0.0 -1.211 -4.151 63.82 0.3109
5.010 57.65 58.8700 0.0 -1.225 -4.077 63.78 0.3068
5.110 57.66 58.9100 0.0 -1.245 -4.101 63.84 0.3085
5.211 57.67 58.9300 0.0 -1.254 -3.951 63.73 0.3000
5.310 57.69 58.9700 0.0 -1.278 -4.074 63.89 0.3076
5.411 57.70 59.0000 0.0 -1.295 -4.055 63.90 0.3068
5.510 57.71 59.0300 0.0 -1.314 -4.086 63.97 0.3088
5.611 57.73 59.0500 0.0 -1.325 -3.982 63.90 0.3028
5.711 57.74 59.0800 0.0 -1.339 -3.935 63.88 0.3002
5.809 57.76 59.1100 0.0 -1.357 -3.972 63.95 0.3026
5.911 57.77 59.1300 0.0 -1.362 -3.778 63.79 0.2914
6.009 57.78 59.1700 0.0 -1.382 -3.851 63.90 0.2959
6.111 57.80 59.1800 0.0 -1.386 -3.659 63.74 0.2849
6.210 57.81 59.2200 0.0 -1.407 -3.768 63.88 0.2916
6.310 57.83 59.2400 0.0 -1.410 -3.563 63.71 0.2797
6.410 57.84 59.2700 0.0 -1.433 -3.724 63.90 0.2893
6.510 57.86 59.3000 0.0 -1.439 -3.592 63.81 0.2818
6.611 57.87 59.3300 0.0 -1.454 -3.613 63.86 0.2833
6.711 57.89 59.3400 0.0 -1.457 -3.431 63.71 0.2727
6.810 57.90 59.3800 0.0 -1.476 -3.536 63.84 0.2791
6.910 57.92 59.4000 0.0 -1.486 -3.495 63.83 0.2769
7.010 57.93 59.4200 0.0 -1.489 -3.323 63.69 0.2670
7.110 57.95 59.4500 0.0 -1.503 -3.367 63.77 0.2697
7.211 57.96 59.4700 0.0 -1.507 -3.231 63.66 0.2619
7.309 57.98 59.5000 0.0 -1.523 -3.319 63.78 0.2675
7.411 57.99 59.5200 0.0 -1.530 -3.244 63.74 0.2632
7.509 58.01 59.5400 0.0 -1.532 -3.093 63.62 0.2546
7.611 58.03 59.5600 0.0 -1.531 -2.906 63.45 0.2437
7.711 58.04 59.5900 0.0 -1.546 -3.024 63.60 0.2509
7.810 58.06 59.6100 0.0 -1.552 -2.967 63.58 0.2479
7.911 58.07 59.6200 0.0 -1.550 -2.769 63.41 0.2365
8.009 58.09 59.6500 0.0 -1.559 -2.784 63.45 0.2377
8.111 58.11 59.6700 0.0 -1.564 -2.737 63.43 0.2351
8.210 58.12 59.6900 0.0 -1.569 -2.700 63.42 0.2333
8.310 58.14 59.7100 0.0 -1.571 -2.619 63.37 0.2288
8.410 58.15 59.7400 0.0 -1.583 -2.691 63.47 0.2334
8.510 58.17 59.7500 0.0 -1.581 -2.540 63.35 0.2247
8.611 58.19 59.7700 0.0 -1.583 -2.472 63.31 0.2210
8.711 58.20 59.7900 0.0 -1.588 -2.460 63.32 0.2207
8.810 58.22 59.8100 0.0 -1.585 -2.307 63.20 0.2120
8.911 58.24 59.8200 0.0 -1.587 -2.270 63.19 0.2101
9.010 58.25 59.8500 0.0 -1.592 -2.262 63.21 0.2101
9.110 58.27 59.8600 0.0 -1.592 -2.194 63.17 0.2065
9.211 58.29 59.8800 0.0 -1.594 -2.159 63.16 0.2048
9.309 58.30 59.9000 0.0 -1.595 -2.117 63.14 0.2027
9.411 58.32 59.9100 0.0 -1.589 -1.953 63.01 0.1935
9.510 58.34 59.9400 0.0 -1.597 -2.044 63.12 0.1992
9.612 58.36 59.9600 0.0 -1.602 -2.074 63.18 0.2012
9.712 58.37 59.9700 0.0 -1.594 -1.872 63.01 0.1899
9.811 58.39 59.9900 0.0 -1.594 -1.845 63.00 0.1887
9.911 58.41 60.0100 0.0 -1.602 -1.946 63.13 0.1950
10.011 58.43 60.0200 0.0 -1.595 -1.784 62.99 0.1858
10.112 58.44 60.0400 0.0 -1.595 -1.759 62.99 0.1848
10.211 58.46 60.0600 0.0 -1.598 -1.782 63.04 0.1865
10.311 58.48 60.0800 0.0 -1.599 -1.783 63.07 0.1870
10.411 58.50 60.0900 0.0 -1.597 -1.722 63.03 0.1838
10.511 58.51 60.1100 0.0 -1.594 -1.655 62.99 0.1804
10.611 58.53 60.1200 0.0 -1.586 -1.500 62.86 0.1716
0.109 60.30 60.3200 0.0 -0.020 -0.452 60.63 0.0190
0.209 60.30 60.3300 0.0 -0.025 -0.550 60.66 0.0210
0.310 60.30 60.3400 0.0 -0.043 -0.857 60.91 0.0354
0.408 60.30 60.3500 0.0 -0.050 -0.949 60.94 0.0369
0.509 60.29 60.3500 0.0 -0.055 -0.982 60.91 0.0351
0.609 60.29 60.3700 0.0 -0.075 -1.294 61.16 0.0497
0.709 60.29 60.3700 0.0 -0.078 -1.269 61.08 0.0446
0.810 60.29 60.3900 0.0 -0.101 -1.586 61.34 0.0596
0.909 60.28 60.3900 0.0 -0.108 -1.612 61.31 0.0574
1.010 60.28 60.4000 0.0 -0.119 -1.691 61.33 0.0584
1.109 60.27 60.4000 0.0 -0.130 -1.761 61.34 0.0589
1.209 60.27 60.4200 0.0 -0.147 -1.945 61.47 0.0661
1.309 60.26 60.4200 0.0 -0.154 -1.926 61.40 0.0615
1.409 60.26 60.4300 0.0 -0.171 -2.081 61.50 0.0671
1.510 60.25 60.4400 0.0 -0.187 -2.152 61.58 0.0711
1.610 60.25 60.4300 0.0 -0.185 -1.897 61.33 0.0563
1.709 60.24 60.4400 0.0 -0.196 -1.900 61.35 0.0569
1.809 60.24 60.4500 0.0 -0.211 -1.978 61.44 0.0618
1.909 60.23 60.4700 0.0 -0.234 -2.177 61.65 0.0737
2.009 60.23 60.4600 0.0 -0.230 -1.907 61.39 0.0580
2.110 60.22 60.4800 0.0 -0.253 -2.110 61.60 0.0703
2.208 60.22 60.4900 0.0 -0.266 -2.124 61.63 0.0714
2.310 60.22 60.4900 0.0 -0.271 -2.018 61.53 0.0652
2.408 60.21 60.4800 0.0 -0.274 -1.876 61.40 0.0571
2.510 60.21 60.5000 0.0 -0.290 -1.979 61.51 0.0633
2.610 60.20 60.5000 0.0 -0.298 -1.938 61.48 0.0610
2.708 60.20 60.5100 0.0 -0.308 -1.934 61.48 0.0611
2.810 60.19 60.5100 0.0 -0.314 -1.854 61.41 0.0566
2.908 60.19 60.5100 0.0 -0.316 -1.721 61.29 0.0490
3.010 60.19 60.5200 0.0 -0.331 -1.825 61.40 0.0552
3.110 60.18 60.5300 0.0 -0.344 -1.890 61.47 0.0592
3.210 60.18 60.5200 0.0 -0.344 -1.729 61.32 0.0499
3.311 60.18 60.5400 0.0 -0.361 -1.869 61.47 0.0583
3.410 60.17 60.5400 0.0 -0.364 -1.756 61.37 0.0518
3.511 60.17 60.5500 0.0 -0.376 -1.808 61.43 0.0551
3.611 60.17 60.5400 0.0 -0.378 -1.688 61.31 0.0481
3.710 60.16 60.5500 0.0 -0.388 -1.717 61.35 0.0499
3.810 60.16 60.5500 0.0 -0.387 -1.559 61.20 0.0407
3.910 60.16 60.5600 0.0 -0.401 -1.668 61.32 0.0474
4.010 60.15 60.5600 0.0 -0.408 -1.651 61.31 0.0466
4.111 60.15 60.5600 0.0 -0.408 -1.520 61.18 0.0390
4.210 60.15 60.5700 0.0 -0.420 -1.606 61.27 0.0442
4.311 60.14 60.5700 0.0 -0.423 -1.528 61.20 0.0398
4.410 60.14 60.5600 0.0 -0.422 -1.400 61.08 0.0324
4.511 60.14 60.5700 0.0 -0.431 -1.446 61.13 0.0353
4.611 60.14 60.5700 0.0 -0.432 -1.355 61.05 0.0300
4.709 60.13 60.5700 0.0 -0.434 -1.283 60.98 0.0260
4.811 60.13 60.5800 0.0 -0.451 -1.476 61.18 0.0376
4.909 60.13 60.5800 0.0 -0.453 -1.400 61.11 0.0332
5.011 60.12 60.5800 0.0 -0.454 -1.324 61.04 0.0289
5.111 60.12 60.5800 0.0 -0.454 -1.226 60.95 0.0232
5.210 60.12 60.5800 0.0 -0.463 -1.289 61.02 0.0272
5.311 60.12 60.5800 0.0 -0.465 -1.236 60.97 0.0242
5.409 60.12 60.5800 0.0 -0.465 -1.155 60.89 0.0197
5.511 60.11 60.5800 0.0 -0.472 -1.193 60.94 0.0219
5.610 60.11 60.5800 0.0 -0.468 -1.041 60.79 0.0132
5.710 60.11 60.5800 0.0 -0.473 -1.059 60.82 0.0147
5.811 60.11 60.5800 0.0 -0.476 -1.050 60.81 0.0142
5.910 60.10 60.5800 0.0 -0.473 -0.946 60.71 0.0084
6.011 60.10 60.5800 0.0 -0.479 -0.989 60.76 0.0111
6.110 60.10 60.5800 0.0 -0.480 -0.950 60.72 0.0088
6.210 60.10 60.5800 0.0 -0.482 -0.934 60.71 0.0083
6.310 60.10 60.5800 0.0 -0.483 -0.889 60.67 0.0057
6.410 60.09 60.5800 0.0 -0.490 -0.972 60.76 0.0110
6.510 60.09 60.5800 0.0 -0.487 -0.864 60.66 0.0048
6.611 60.09 60.5800 0.0 -0.487 -0.819 60.61 0.0022
6.710 60.09 60.5800 0.0 -0.490 -0.841 60.64 0.0038
6.811 60.09 60.5700 0.0 -0.480 -0.623 60.43 -0.0088
6.910 60.09 60.5700 0.0 -0.486 -0.703 60.51 -0.0037
7.011 60.08 60.5700 0.0 -0.489 -0.730 60.54 -0.0019
7.111 60.08 60.5700 0.0 -0.489 -0.703 60.52 -0.0033
7.209 60.08 60.5700 0.0 -0.494 -0.760 60.58 0.0003
7.311 60.08 60.5700 0.0 -0.491 -0.674 60.50 -0.0046
7.409 60.08 60.5600 0.0 -0.484 -0.535 60.36 -0.0125
7.511 60.08 60.5600 0.0 -0.482 -0.495 60.33 -0.0145
7.610 60.07 60.5500 0.0 -0.480 -0.452 60.29 -0.0168
7.710 60.07 60.5500 0.0 -0.478 -0.422 60.26 -0.0183
7.811 60.07 60.5400 0.0 -0.471 -0.306 60.15 -0.0248
7.910 60.07 60.5400 0.0 -0.474 -0.360 60.20 -0.0214
8.011 60.07 60.5400 0.0 -0.473 -0.348 60.19 -0.0218
8.110 60.07 60.5400 0.0 -0.476 -0.414 60.26 -0.0175
8.210 60.07 60.5400 0.0 -0.477 -0.421 60.27 -0.0167
8.310 60.06 60.5300 0.3 -0.466 -0.237 60.09 -0.0273
8.410 60.06 60.5300 0.0 -0.469 -0.309 60.17 -0.0228
8.511 60.06 60.5300 0.0 -0.471 -0.363 60.22 -0.0193
8.611 60.06 60.5300 0.0 -0.467 -0.298 60.16 -0.0228
8.710 60.06 60.5200 0.7 -0.460 -0.191 60.06 -0.0290
8.811 60.06 60.5200 0.0 -0.466 -0.327 60.20 -0.0205
8.910 60.06 60.5200 0.0 -0.464 -0.299 60.17 -0.0219
9.010 60.06 60.5000 1.9 -0.449 -0.050 59.92 -0.0363
9.111 60.05 60.5100 1.0 -0.453 -0.150 60.03 -0.0299
9.209 60.05 60.5000 1.3 -0.448 -0.107 59.98 -0.0323
9.312 60.05 60.5000 1.9 -0.443 -0.044 59.92 -0.0357
9.411 60.05 60.5000 1.1 -0.446 -0.134 60.02 -0.0300
9.511 60.05 60.5000 0.8 -0.446 -0.164 60.05 -0.0280
9.612 60.05 60.4800 2.5 -0.433 0.032 59.86 -0.0390
9.710 60.05 60.4800 1.9 -0.434 -0.031 59.92 -0.0352
9.813 60.05 60.4800 1.7 -0.433 -0.049 59.94 -0.0338
9.911 60.05 60.4500 5.5 -0.406 0.375 59.52 -0.0582
10.012 60.05 60.4700 1.9 -0.425 -0.022 59.92 -0.0343
10.111 60.04 60.4600 2.9 -0.416 0.089 59.81 -0.0407
10.211 60.04 60.4700 1.4 -0.423 -0.075 59.97 -0.0307
10.311 60.04 60.4600 1.8 -0.418 -0.024 59.93 -0.0333
10.411 60.04 60.4600 2.0 -0.415 -0.007 59.91 -0.0341
10.512 60.04 60.4500 3.2 -0.405 0.127 59.78 -0.0417
10.612 60.04 60.4400 3.3 -0.401 0.143 59.77 -0.0421
10.711 60.04 60.4300 3.8 -0.394 0.202 59.71 -0.0454
10.811 60.04 60.4300 4.1 -0.389 0.243 59.67 -0.0474
10.911 60.04 60.4300 3.6 -0.388 0.183 59.73 -0.0434
11.011 60.04 60.4200 3.2 -0.388 0.141 59.77 -0.0407
11.112 60.04 60.4100 4.2 -0.378 0.263 59.66 -0.0474
11.210 60.04 60.4100 4.3 -0.374 0.268 59.65 -0.0474
11.312 60.03 60.4100 4.1 -0.371 0.255 59.67 -0.0462
11.411 60.03 60.4000 4.2 -0.367 0.261 59.66 -0.0462
11.512 60.03 60.4000 4.4 -0.362 0.289 59.63 -0.0476
11.612 60.03 60.3900 4.1 -0.360 0.259 59.67 -0.0454
11.710 60.03 60.3800 5.0 -0.350 0.364 59.56 -0.0511
11.812 60.03 60.3700 6.1 -0.339 0.486 59.44 -0.0580
11.910 60.03 60.3700 5.6 -0.337 0.429 59.50 -0.0542
12.012 60.03 60.3700 5.2 -0.335 0.386 59.55 -0.0512
12.112 60.03 60.3600 4.9 -0.333 0.363 59.57 -0.0495
12.211 60.03 60.3600 5.2 -0.326 0.401 59.53 -0.0514
12.312 60.03 60.3500 5.7 -0.319 0.460 59.48 -0.0544
12.410 60.03 60.3400 6.2 -0.311 0.520 59.42 -0.0576
12.512 60.03 60.3400 5.7 -0.310 0.455 59.48 -0.0535
12.611 60.03 60.3200 6.8 -0.297 0.590 59.35 -0.0610
12.711 60.03 60.3200 6.2 -0.296 0.528 59.41 -0.0568
12.812 60.03 60.3000 8.7 -0.275 0.797 59.14 -0.0723
12.910 60.03 60.3000 7.2 -0.278 0.645 59.30 -0.0628
13.012 60.02 60.3000 6.7 -0.276 0.586 59.36 -0.0590
13.111 60.02 60.2900 7.5 -0.266 0.676 59.27 -0.0640
13.211 60.02 60.2900 7.3 -0.262 0.654 59.29 -0.0621
13.311 60.02 60.2800 6.8 -0.259 0.607 59.34 -0.0590
13.411 60.02 60.2400 12.3 -0.218 1.215 58.73 -0.0943
13.512 60.02 60.2700 6.1 -0.250 0.538 59.41 -0.0538
13.612 60.02 60.2600 7.7 -0.235 0.715 59.24 -0.0638
13.711 60.02 60.2500 8.2 -0.226 0.776 59.17 -0.0671
13.811 60.02 60.2500 6.5 -0.231 0.585 59.37 -0.0553
13.911 60.02 60.2400 8.0 -0.216 0.759 59.19 -0.0652
14.012 60.02 60.2300 7.5 -0.214 0.710 59.24 -0.0618
14.112 60.02 60.2200 8.5 -0.202 0.822 59.13 -0.0680
14.211 60.02 60.2200 7.7 -0.201 0.737 59.22 -0.0625
14.312 60.02 60.2200 6.8 -0.201 0.638 59.32 -0.0563
14.411 60.02 60.2100 7.6 -0.191 0.724 59.23 -0.0611
14.511 60.02 60.2200 4.9 -0.203 0.429 59.53 -0.0432
14.612 60.02 60.1800 9.9 -0.167 0.983 58.98 -0.0755
14.710 60.02 60.1800 9.0 -0.166 0.890 59.07 -0.0696
14.812 60.02 60.1700 10.1 -0.152 1.016 58.95 -0.0765
14.911 60.02 60.1700 9.6 -0.148 0.968 58.99 -0.0732
15.012 60.02 60.1600 8.7 -0.147 0.870 59.09 -0.0670
15.112 60.02 60.1600 9.0 -0.139 0.903 59.06 -0.0685
15.210 60.02 60.1500 8.4 -0.137 0.841 59.12 -0.0644
15.312 60.02 60.1500 8.4 -0.131 0.840 59.12 -0.0640
15.411 60.02 60.1300 9.8 -0.116 1.000 58.97 -0.0729
15.512 60.02 60.1300 8.7 -0.117 0.881 59.08 -0.0654
15.612 60.01 60.1200 9.2 -0.108 0.940 59.03 -0.0685
15.712 60.01 60.1200 9.0 -0.102 0.923 59.04 -0.0672
15.813 60.01 60.1100 8.9 -0.097 0.910 59.06 -0.0658
15.912 60.01 60.1000 9.2 -0.089 0.951 59.02 -0.0679
16.013 60.01 60.0900 10.9 -0.072 1.136 58.83 -0.0783
16.112 60.01 60.0800 11.0 -0.064 1.151 58.82 -0.0786
16.212 60.01 60.0800 9.8 -0.064 1.032 58.94 -0.0711
16.312 60.01 60.0600 11.3 -0.048 1.194 58.78 -0.0803
16.412 60.01 60.0700 8.4 -0.059 0.877 59.10 -0.0610
16.513 60.01 60.0500 10.2 -0.042 1.079 58.89 -0.0725
16.613 60.01 60.0500 10.1 -0.036 1.073 58.90 -0.0717
16.712 60.01 60.0400 11.0 -0.024 1.172 58.80 -0.0771
16.812 60.01 60.0300 11.0 -0.016 1.175 58.80 -0.0769
16.912 60.01 60.0200 11.1 -0.009 1.187 58.79 -0.0770
17.013 60.01 60.0100 11.3 0.000 1.222 58.75 -0.0786
17.113 60.01 60.0100 10.4 0.002 1.124 58.85 -0.0724
17.212 60.01 60.0000 11.5 0.016 1.246 58.73 -0.0791
17.312 60.01 60.0000 10.1 0.014 1.097 58.88 -0.0697
17.412 60.01 59.9900 10.2 0.021 1.105 58.87 -0.0698
17.512 60.01 59.9800 11.3 0.034 1.231 58.75 -0.0768
17.613 60.01 59.9800 9.7 0.031 1.058 58.92 -0.0662
17.712 60.01 59.9600 11.4 0.048 1.245 58.73 -0.0767
17.813 60.01 59.9600 10.2 0.048 1.114 58.87 -0.0685
17.912 60.01 59.9600 10.2 0.054 1.118 58.86 -0.0683
18.013 60.01 59.9500 9.7 0.057 1.064 58.92 -0.0647
18.113 60.01 59.9400 10.4 0.068 1.151 58.83 -0.0695
18.211 60.01 59.9800 4.1 0.034 0.456 59.52 -0.0282
18.313 60.01 59.9300 10.2 0.076 1.133 58.85 -0.0679
18.411 60.01 59.9300 10.2 0.082 1.137 58.84 -0.0677
18.513 60.01 59.9200 10.6 0.091 1.178 58.80 -0.0696
18.612 60.01 59.9000 12.9 0.113 1.438 58.54 -0.0845
18.712 60.01 59.9200 8.1 0.090 0.916 59.07 -0.0532
18.813 60.01 59.8900 11.2 0.114 1.255 58.73 -0.0730
18.911 60.01 59.8900 9.9 0.113 1.112 58.87 -0.0639
19.013 60.01 59.8900 9.5 0.116 1.076 58.91 -0.0616
19.113 60.01 59.8900 9.5 0.122 1.073 58.91 -0.0609
19.212 60.01 59.8800 9.4 0.127 1.074 58.91 -0.0605
19.313 60.01 59.8800 8.5 0.127 0.971 59.01 -0.0541
19.412 60.01 59.8700 9.1 0.136 1.036 58.95 -0.0577
19.513 60.01 59.8500 10.7 0.152 1.220 58.77 -0.0680
19.613 60.01 59.8500 9.9 0.153 1.129 58.86 -0.0622
19.711 60.01 59.8500 9.4 0.155 1.079 58.91 -0.0589
19.813 60.01 59.8900 2.9 0.118 0.359 59.63 -0.0162
19.911 60.01 59.8400 9.2 0.161 1.063 58.92 -0.0576
20.013 60.01 59.8400 9.2 0.167 1.068 58.92 -0.0575
20.112 60.01 59.8300 9.3 0.172 1.072 58.91 -0.0575
20.212 60.01 59.8300 9.2 0.177 1.067 58.92 -0.0568
20.313 60.01 59.8200 9.0 0.182 1.047 58.94 -0.0553
20.411 60.01 59.8100 10.8 0.198 1.244 58.74 -0.0666
20.513 60.01 59.8100 9.7 0.197 1.126 58.86 -0.0592
20.612 60.01 59.8000 9.4 0.201 1.097 58.89 -0.0572
20.712 60.01 59.8100 7.7 0.196 0.917 59.07 -0.0461
20.812 60.01 59.7900 10.1 0.215 1.181 58.81 -0.0614
20.912 60.01 59.7900 9.1 0.215 1.069 58.92 -0.0544
21.013 60.00 59.7900 8.7 0.217 1.027 58.96 -0.0516
21.112 60.00 59.7900 7.7 0.215 0.916 59.07 -0.0448
21.212 60.00 59.7700 9.6 0.232 1.132 58.86 -0.0572
21.312 60.00 59.7700 8.4 0.230 1.001 58.99 -0.0492
21.412 60.00 59.7700 8.9 0.237 1.055 58.94 -0.0520
21.513 60.00 59.7700 7.8 0.236 0.945 59.04 -0.0453
21.613 60.00 59.7600 8.5 0.244 1.018 58.97 -0.0492
21.713 60.00 59.7500 8.7 0.250 1.040 58.95 -0.0502
21.813 60.00 59.7600 7.4 0.247 0.901 59.09 -0.0419
21.913 60.00 59.7500 7.3 0.250 0.892 59.10 -0.0410
22.014 60.00 59.7500 8.0 0.258 0.971 59.02 -0.0453
22.114 60.00 59.7400 8.9 0.268 1.069 58.92 -0.0509
22.214 60.00 59.7300 8.5 0.270 1.026 58.96 -0.0481
22.313 60.00 59.7300 7.8 0.270 0.950 59.04 -0.0433
22.413 60.00 59.7300 7.0 0.269 0.867 59.12 -0.0381
22.513 60.00 59.7400 6.2 0.268 0.780 59.21 -0.0327
22.614 60.00 59.7300 6.6 0.273 0.823 59.17 -0.0350
22.714 60.00 59.7300 6.5 0.276 0.814 59.18 -0.0342
22.814 60.00 59.7300 5.9 0.275 0.753 59.24 -0.0305
22.913 60.00 59.7200 6.9 0.285 0.868 59.13 -0.0370
23.013 60.00 59.7200 6.4 0.285 0.808 59.19 -0.0333
23.114 60.00 59.7200 6.1 0.286 0.777 59.22 -0.0313
23.214 60.00 59.7100 6.5 0.292 0.824 59.17 -0.0339
23.314 60.00 59.7200 5.5 0.288 0.709 59.28 -0.0269
23.413 60.00 59.7100 6.0 0.294 0.768 59.23 -0.0302
23.514 60.00 59.7200 4.6 0.288 0.612 59.38 -0.0209
23.614 60.00 59.7100 4.8 0.291 0.633 59.36 -0.0220
23.713 60.00 59.7100 5.1 0.295 0.667 59.33 -0.0239
23.814 60.00 59.7000 5.9 0.303 0.760 59.23 -0.0291
23.913 60.00 59.7000 5.8 0.304 0.746 59.25 -0.0282
24.014 60.00 59.7000 5.0 0.302 0.662 59.33 -0.0231
24.114 60.00 59.7000 4.1 0.299 0.567 59.43 -0.0174
24.213 60.00 59.7000 4.2 0.301 0.575 59.42 -0.0178
24.314 60.00 59.6900 5.5 0.311 0.726 59.27 -0.0266
24.412 60.00 59.6900 5.1 0.310 0.672 59.32 -0.0232
24.514 60.00 59.6800 6.0 0.319 0.776 59.22 -0.0292
24.614 60.00 59.6900 5.0 0.315 0.669 59.32 -0.0227
24.713 60.00 59.6800 5.5 0.321 0.729 59.27 -0.0260
24.814 60.00 59.6900 4.6 0.317 0.625 59.37 -0.0197
24.912 60.00 59.6800 5.1 0.322 0.684 59.31 -0.0231
25.014 60.00 59.6800 4.6 0.321 0.631 59.36 -0.0199
25.113 60.00 59.6800 4.5 0.322 0.615 59.38 -0.0187
25.213 60.00 59.6900 3.1 0.315 0.464 59.53 -0.0097
25.314 60.00 59.6800 4.6 0.325 0.628 59.37 -0.0193
25.413 60.00 59.6800 4.5 0.327 0.622 59.37 -0.0188
25.514 60.00 59.6800 3.7 0.323 0.528 59.47 -0.0132
25.613 60.00 59.6800 2.9 0.319 0.441 59.55 -0.0080
25.713 60.00 59.6800 2.8 0.319 0.436 59.56 -0.0077
25.814 60.00 59.6800 3.6 0.325 0.520 59.47 -0.0126
25.913 60.00 59.6800 3.0 0.323 0.459 59.54 -0.0089
26.014 60.00 59.7000 0.0 0.301 0.070 59.92 0.0140
26.113 60.00 59.6700 4.8 0.333 0.652 59.35 -0.0201
26.213 60.00 59.6700 3.8 0.329 0.546 59.45 -0.0139
26.313 60.00 59.6700 3.8 0.330 0.548 59.45 -0.0138
26.413 60.00 59.6700 4.2 0.334 0.587 59.41 -0.0162
26.514 60.00 59.6700 3.4 0.330 0.497 59.50 -0.0106
26.613 60.00 59.6700 3.7 0.333 0.533 59.46 -0.0129
26.713 60.00 59.6700 2.6 0.327 0.412 59.59 -0.0056
26.813 60.00 59.6600 4.7 0.341 0.642 59.35 -0.0192
26.913 60.00 59.6700 3.2 0.334 0.481 59.52 -0.0094
27.014 60.00 59.6600 3.5 0.337 0.518 59.48 -0.0117
27.114 60.00 59.6700 3.3 0.336 0.491 59.51 -0.0099
27.214 60.00 59.6600 3.9 0.341 0.561 59.43 -0.0141
27.313 60.00 59.6600 3.3 0.338 0.488 59.51 -0.0096
27.413 60.00 59.6700 2.4 0.333 0.393 59.61 -0.0039
27.513 60.00 59.6600 4.2 0.345 0.586 59.41 -0.0154
27.614 60.00 59.6600 2.8 0.338 0.442 59.56 -0.0067
27.714 60.00 59.6600 3.3 0.342 0.490 59.51 -0.0096
27.814 60.00 59.6600 3.5 0.344 0.510 59.49 -0.0106
27.914 60.00 59.6600 3.3 0.344 0.491 59.50 -0.0096
28.015 60.00 59.6600 3.2 0.344 0.478 59.52 -0.0086
28.114 60.00 59.6600 3.4 0.346 0.503 59.50 -0.0100
28.215 60.00 59.6600 2.7 0.342 0.431 59.57 -0.0058
28.314 60.00 59.6600 2.9 0.344 0.450 59.55 -0.0068
28.414 60.00 59.6600 2.9 0.344 0.445 59.55 -0.0065
28.515 60.00 59.6600 2.4 0.342 0.389 59.61 -0.0032
28.614 60.00 59.6500 3.0 0.346 0.465 59.53 -0.0076
28.714 60.00 59.6500 3.8 0.352 0.553 59.45 -0.0127
28.815 60.00 59.6500 3.7 0.353 0.540 59.46 -0.0119
28.913 60.00 59.6500 3.4 0.352 0.505 59.49 -0.0098
29.015 60.00 59.6500 3.4 0.353 0.503 59.50 -0.0096
29.114 60.00 59.6500 2.5 0.348 0.405 59.59 -0.0038
29.215 60.00 59.6600 1.9 0.345 0.345 59.65 -0.0003
29.315 60.00 59.6500 3.6 0.355 0.531 59.47 -0.0111
29.413 60.00 59.6500 2.6 0.350 0.422 59.58 -0.0047
29.515 60.00 59.6500 2.4 0.349 0.397 59.60 -0.0032
29.614 60.00 59.6500 3.1 0.354 0.478 59.52 -0.0080
29.715 60.00 59.6500 2.3 0.350 0.388 59.61 -0.0026
29.815 60.00 59.6500 2.8 0.353 0.445 59.56 -0.0058
29.913 60.00 59.6500 3.1 0.355 0.471 59.53 -0.0074
30.015 60.00 59.6500 2.5 0.352 0.410 59.59 -0.0038
30.114 60.00 59.6500 2.4 0.352 0.393 59.61 -0.0028
30.215 60.00 59.6500 2.3 0.351 0.382 59.62 -0.0020
30.314 60.00 59.6500 2.6 0.353 0.418 59.58 -0.0042
30.414 60.00 59.6400 3.2 0.358 0.483 59.51 -0.0080
30.515 60.00 59.6400 3.7 0.362 0.540 59.46 -0.0113
30.614 60.00 59.6400 3.7 0.363 0.546 59.45 -0.0115
30.715 60.00 59.6400 3.6 0.363 0.525 59.47 -0.0103
30.814 60.00 59.6500 1.6 0.351 0.310 59.69 0.0024
30.914 60.00 59.6400 3.5 0.363 0.521 59.48 -0.0100
31.015 60.00 59.6400 3.4 0.364 0.513 59.49 -0.0093
31.114 60.00 59.6400 2.4 0.358 0.399 59.60 -0.0025
31.215 60.00 59.6300 4.2 0.370 0.594 59.41 -0.0140
31.315 60.00 59.6400 3.3 0.365 0.494 59.51 -0.0081
31.414 60.00 59.6400 3.1 0.365 0.479 59.52 -0.0071
31.514 60.00 59.6400 2.6 0.362 0.423 59.58 -0.0038
31.614 60.00 59.6400 2.6 0.362 0.419 59.58 -0.0036
31.715 60.00 59.6300 3.2 0.367 0.491 59.51 -0.0078
31.815 60.00 59.6300 4.1 0.373 0.584 59.42 -0.0132
31.914 60.00 59.6300 3.7 0.372 0.543 59.46 -0.0107
32.014 60.00 59.6300 3.1 0.369 0.476 59.52 -0.0067
32.114 60.00 59.6200 5.3 0.384 0.726 59.27 -0.0213
32.215 60.00 59.6200 3.7 0.376 0.542 59.46 -0.0104
32.315 60.00 59.6400 1.4 0.362 0.288 59.71 0.0046
32.414 60.00 59.6300 3.4 0.374 0.508 59.49 -0.0084
32.514 60.00 59.6200 3.5 0.376 0.528 59.47 -0.0095
32.614 60.00 59.6300 2.7 0.372 0.435 59.57 -0.0040
32.714 60.00 59.6300 3.1 0.374 0.476 59.52 -0.0064
32.815 60.00 59.6500 0.0 0.349 0.034 59.97 0.0197
32.914 60.00 59.6200 3.9 0.378 0.561 59.44 -0.0114
33.015 60.00 59.6200 4.4 0.383 0.626 59.37 -0.0152
33.114 60.00 59.6200 3.2 0.377 0.494 59.51 -0.0073
33.214 60.00 59.6200 3.1 0.376 0.479 59.52 -0.0064
33.315 60.00 59.6100 4.5 0.386 0.638 59.36 -0.0157
33.413 60.00 59.6100 4.6 0.388 0.645 59.36 -0.0161
33.515 60.00 59.6200 3.8 0.384 0.554 59.45 -0.0106
33.614 60.00 59.6200 3.5 0.384 0.529 59.47 -0.0090
33.715 60.00 59.6100 4.3 0.390 0.613 59.39 -0.0140
33.815 60.00 59.6100 3.7 0.387 0.550 59.45 -0.0102
33.914 60.00 59.6000 4.9 0.396 0.683 59.32 -0.0179
34.015 60.00 59.6000 4.7 0.397 0.660 59.34 -0.0164
34.114 60.00 59.6000 4.8 0.398 0.666 59.33 -0.0167
34.216 60.00 59.6000 5.1 0.402 0.701 59.30 -0.0187
34.315 60.00 59.6000 4.4 0.400 0.629 59.37 -0.0144
34.415 60.00 59.5900 5.7 0.409 0.767 59.23 -0.0224
34.516 60.00 59.6000 3.7 0.399 0.554 59.45 -0.0097
34.615 60.00 59.5900 5.8 0.413 0.784 59.22 -0.0232
34.716 60.00 59.5900 4.6 0.407 0.651 59.35 -0.0152
34.815 60.00 59.5900 5.4 0.414 0.737 59.26 -0.0202
34.915 60.00 59.5900 4.1 0.407 0.594 59.41 -0.0116
35.015 60.00 59.5900 4.2 0.409 0.609 59.39 -0.0125
35.115 60.00 59.5900 4.4 0.412 0.627 59.37 -0.0135
35.215 60.00 59.5800 5.3 0.419 0.728 59.27 -0.0193
35.316 60.00 59.5800 5.7 0.424 0.777 59.22 -0.0221
35.415 60.00 59.5800 5.3 0.423 0.730 59.27 -0.0192
35.516 60.00 59.5800 4.9 0.422 0.689 59.31 -0.0167
35.615 60.00 59.5700 5.6 0.429 0.770 59.23 -0.0213
35.715 60.00 59.5600 7.8 0.445 1.015 58.99 -0.0357
35.816 60.00 59.5400 9.9 0.462 1.240 58.76 -0.0487
35.914 60.00 59.5700 4.5 0.431 0.643 59.36 -0.0132
36.016 60.00 59.5700 4.7 0.434 0.668 59.33 -0.0147
36.114 60.00 59.5600 5.5 0.440 0.758 59.24 -0.0199
36.216 60.00 59.5600 5.0 0.439 0.699 59.30 -0.0163
36.316 60.00 59.5600 4.8 0.440 0.687 59.31 -0.0154
36.415 60.00 59.5500 5.7 0.447 0.786 59.21 -0.0212
36.516 60.00 59.5500 5.8 0.449 0.794 59.21 -0.0215
36.614 60.00 59.5500 5.7 0.451 0.784 59.22 -0.0208
36.716 60.00 59.5500 5.9 0.454 0.804 59.20 -0.0219
36.815 60.00 59.5600 4.1 0.444 0.603 59.40 -0.0099
36.915 60.00 59.5600 3.5 0.442 0.545 59.46 -0.0065
37.016 60.00 59.5400 5.8 0.457 0.801 59.20 -0.0215
37.115 60.00 59.5400 6.4 0.463 0.860 59.14 -0.0248
37.216 60.00 59.5400 5.9 0.462 0.807 59.19 -0.0216
37.315 60.00 59.5400 6.0 0.465 0.819 59.18 -0.0221
37.415 60.00 59.5300 5.8 0.466 0.800 59.20 -0.0209
37.515 60.00 59.5200 7.4 0.478 0.972 59.03 -0.0309
37.615 60.00 59.5300 5.8 0.470 0.795 59.21 -0.0203
37.716 60.00 59.5200 6.9 0.480 0.926 59.07 -0.0279
37.816 60.00 59.5300 5.4 0.473 0.760 59.24 -0.0179
37.914 60.00 59.5200 6.0 0.479 0.828 59.17 -0.0218
38.016 60.00 59.5100 7.1 0.488 0.945 59.06 -0.0286
38.115 60.00 59.5200 5.5 0.480 0.775 59.23 -0.0184
38.216 60.00 59.5100 7.4 0.494 0.986 59.01 -0.0307
38.316 60.00 59.5100 6.1 0.489 0.843 59.16 -0.0221
38.415 60.00 59.5100 6.4 0.493 0.877 59.12 -0.0240
38.516 60.00 59.5100 6.3 0.494 0.863 59.14 -0.0231
38.614 60.00 59.5100 5.9 0.494 0.815 59.19 -0.0201
38.716 60.00 59.5000 7.0 0.503 0.935 59.07 -0.0270
38.815 60.00 59.4800 9.5 0.522 1.216 58.78 -0.0434
38.915 60.00 59.4900 6.4 0.506 0.875 59.13 -0.0231
39.016 60.00 59.4900 6.3 0.508 0.871 59.13 -0.0227
39.115 60.00 59.4900 6.9 0.513 0.932 59.07 -0.0262
39.216 60.00 59.4800 6.9 0.516 0.937 59.06 -0.0263
39.315 60.00 59.4900 6.0 0.513 0.839 59.16 -0.0204
39.415 60.00 59.4800 7.4 0.524 0.995 59.01 -0.0294
39.515 60.00 59.4700 7.4 0.527 0.992 59.01 -0.0291
39.615 60.00 59.4700 7.2 0.528 0.976 59.02 -0.0280
39.716 60.00 59.4700 7.3 0.532 0.987 59.01 -0.0285
39.816 60.00 59.4700 6.2 0.527 0.858 59.14 -0.0207
39.916 60.00 59.4700 6.1 0.528 0.855 59.15 -0.0204
40.016 60.00 59.4600 7.3 0.538 0.989 59.01 -0.0281
40.116 60.00 59.4600 7.6 0.543 1.019 58.98 -0.0297
40.216 60.00 59.4600 6.1 0.536 0.858 59.14 -0.0201
40.317 60.00 59.4600 6.5 0.540 0.900 59.10 -0.0225
40.415 60.00 59.4500 7.8 0.551 1.044 58.96 -0.0308
40.517 60.00 59.4600 6.1 0.543 0.854 59.15 -0.0194
40.616 60.00 59.4400 7.9 0.557 1.058 58.94 -0.0313
40.717 60.00 59.4500 7.0 0.553 0.955 59.05 -0.0251
40.817 60.00 59.4400 8.3 0.565 1.105 58.90 -0.0338
40.915 60.00 59.4300 8.0 0.566 1.074 58.93 -0.0317
41.017 60.00 59.4300 8.0 0.569 1.067 58.93 -0.0312
41.115 60.00 59.4300 7.1 0.566 0.976 59.02 -0.0256
41.217 60.00 59.4300 7.4 0.570 1.001 59.00 -0.0270
41.317 60.00 59.4200 8.5 0.580 1.132 58.87 -0.0345
41.416 60.00 59.4200 8.2 0.582 1.099 58.90 -0.0324
41.517 60.00 59.4300 6.6 0.574 0.923 59.08 -0.0218
41.615 60.00 59.4300 6.0 0.572 0.855 59.15 -0.0177
41.717 60.00 59.4200 7.4 0.583 1.009 58.99 -0.0266
41.817 60.00 59.4200 6.5 0.579 0.906 59.09 -0.0204
41.916 60.00 59.4200 6.7 0.583 0.937 59.06 -0.0221
42.017 60.00 59.4200 6.1 0.581 0.863 59.14 -0.0176
42.115 60.00 59.4100 6.8 0.587 0.943 59.06 -0.0222
42.217 60.00 59.4100 7.4 0.593 1.009 58.99 -0.0260
42.316 60.00 59.4000 7.4 0.596 1.017 58.98 -0.0263
42.416 60.00 59.4000 7.5 0.599 1.031 58.97 -0.0270
42.516 60.00 59.4000 7.3 0.601 1.010 58.99 -0.0255
42.616 60.00 59.4000 7.7 0.605 1.043 58.96 -0.0274
42.717 60.00 59.4000 6.4 0.599 0.903 59.10 -0.0190
42.817 60.00 59.3300 17.1 0.671 2.093 57.91 -0.0889
42.916 60.00 59.3900 6.8 0.613 0.952 59.05 -0.0212
43.016 60.00 59.4100 3.5 0.593 0.586 59.42 0.0005
43.116 60.00 59.3800 7.4 0.619 1.021 58.98 -0.0252
43.217 60.00 59.3800 7.5 0.621 1.031 58.97 -0.0256
43.317 60.00 59.3700 8.2 0.628 1.108 58.89 -0.0300
43.416 60.00 59.3800 7.1 0.624 0.988 59.01 -0.0228
43.517 60.00 59.3700 7.2 0.627 0.997 59.00 -0.0231
43.616 60.00 59.3700 8.0 0.634 1.084 58.92 -0.0281
43.716 60.00 59.3700 6.6 0.628 0.934 59.07 -0.0191
43.817 60.00 59.3500 10.4 0.655 1.360 58.64 -0.0441
43.915 60.00 59.3600 7.5 0.640 1.032 58.97 -0.0245
44.017 60.00 59.3600 7.2 0.640 1.001 59.00 -0.0225
44.116 60.00 59.3600 7.4 0.644 1.031 58.97 -0.0242
44.217 60.00 59.3600 7.2 0.645 1.007 58.99 -0.0226
44.317 60.00 59.3500 7.8 0.651 1.073 58.93 -0.0264
44.415 60.00 59.3500 7.7 0.653 1.066 58.93 -0.0258
44.517 60.00 59.3500 6.7 0.649 0.953 59.05 -0.0190
44.615 60.00 59.3500 6.4 0.648 0.917 59.08 -0.0168
44.717 60.00 59.3500 6.5 0.651 0.926 59.07 -0.0172
44.816 60.00 59.3500 6.5 0.653 0.935 59.07 -0.0176
44.916 60.00 59.3400 8.2 0.665 1.123 58.88 -0.0286
45.017 60.00 59.3400 7.0 0.660 0.988 59.01 -0.0205
45.115 60.00 59.3400 6.7 0.660 0.958 59.04 -0.0186
45.217 60.00 59.3000 13.1 0.703 1.662 58.34 -0.0599
45.316 60.00 59.3300 6.5 0.666 0.932 59.07 -0.0166
45.416 60.00 59.3400 6.0 0.665 0.886 59.11 -0.0138
45.517 60.00 59.3300 6.3 0.668 0.916 59.08 -0.0155
45.616 60.00 59.3300 6.9 0.674 0.986 59.01 -0.0195
45.717 60.00 59.3100 9.6 0.693 1.284 58.72 -0.0369
45.816 60.00 59.3300 5.6 0.670 0.834 59.17 -0.0103
45.916 60.00 59.3200 7.3 0.682 1.026 58.97 -0.0215
46.016 60.00 59.3300 5.6 0.674 0.842 59.16 -0.0105
46.116 60.00 59.3200 7.2 0.685 1.016 58.98 -0.0207
46.216 60.00 59.3200 5.9 0.678 0.875 59.13 -0.0123
46.317 60.00 59.3100 7.5 0.690 1.055 58.95 -0.0228
46.417 60.00 59.3100 8.0 0.695 1.106 58.89 -0.0257
46.518 60.00 59.3100 7.2 0.693 1.019 58.98 -0.0204
46.617 60.00 59.3100 6.3 0.689 0.925 59.08 -0.0147
46.717 60.00 59.3200 4.3 0.677 0.694 59.31 -0.0011
46.818 60.00 59.3100 6.5 0.692 0.944 59.06 -0.0158
46.916 60.00 59.3100 6.7 0.694 0.966 59.04 -0.0170
47.019 60.00 59.3100 6.1 0.692 0.897 59.10 -0.0128
47.116 60.00 59.3100 6.5 0.695 0.937 59.06 -0.0151
47.218 60.00 59.3000 7.6 0.704 1.063 58.94 -0.0224
47.317 60.00 59.3000 7.2 0.704 1.027 58.97 -0.0202
47.417 60.00 59.3000 6.3 0.700 0.923 59.08 -0.0139
47.518 60.00 59.3000 6.6 0.703 0.959 59.04 -0.0160
47.617 60.00 59.2900 7.3 0.709 1.035 58.97 -0.0204
47.718 60.00 59.3100 3.8 0.688 0.640 59.36 0.0030
47.817 60.00 59.2900 6.6 0.706 0.952 59.05 -0.0154
47.917 60.00 59.2900 7.4 0.713 1.041 58.96 -0.0205
48.017 60.00 59.2900 6.8 0.711 0.981 59.02 -0.0168
48.117 60.00 59.2900 5.7 0.706 0.860 59.14 -0.0096
48.218 60.00 59.2900 6.1 0.709 0.899 59.10 -0.0119
48.317 60.00 59.2800 7.1 0.717 1.011 58.99 -0.0184
48.417 60.00 59.2900 6.2 0.712 0.909 59.09 -0.0123
48.517 60.00 59.2900 6.2 0.714 0.909 59.09 -0.0122
48.617 60.00 59.2800 6.9 0.719 0.989 59.01 -0.0169
48.718 60.00 59.2900 5.8 0.714 0.874 59.13 -0.0100
48.817 60.00 59.2500 12.0 0.755 1.555 58.45 -0.0500
48.917 60.00 59.2800 5.3 0.716 0.811 59.19 -0.0059
49.017 60.00 59.2900 3.9 0.708 0.660 59.34 0.0030
49.117 60.00 59.2900 5.1 0.716 0.795 59.21 -0.0050
49.217 60.00 59.2800 5.4 0.718 0.826 59.18 -0.0067
49.318 60.00 59.2800 5.0 0.716 0.787 59.21 -0.0045
49.417 60.00 59.2800 5.4 0.719 0.822 59.18 -0.0065
49.518 60.00 59.2900 3.3 0.706 0.593 59.41 0.0070
49.617 60.00 59.2800 6.2 0.724 0.920 59.08 -0.0122
49.717 60.00 59.2700 6.5 0.727 0.942 59.06 -0.0134
49.818 60.00 59.2800 5.7 0.723 0.854 59.15 -0.0082
49.916 60.00 59.2800 5.1 0.720 0.790 59.21 -0.0044
50.018 60.00 59.2800 4.5 0.717 0.726 59.27 -0.0006
50.117 60.00 59.2800 5.6 0.724 0.846 59.15 -0.0077
50.218 60.00 59.2800 5.1 0.721 0.796 59.21 -0.0046
50.318 60.00 59.2800 5.6 0.725 0.846 59.15 -0.0076
50.416 60.00 59.2700 6.7 0.733 0.967 59.03 -0.0146
50.518 60.00 59.2700 6.8 0.735 0.976 59.02 -0.0151
50.616 60.00 59.2600 6.9 0.737 0.997 59.00 -0.0162
50.718 60.00 59.2700 5.4 0.729 0.824 59.18 -0.0060
50.818 60.00 59.2700 6.2 0.735 0.917 59.08 -0.0114
50.916 60.00 59.2700 5.1 0.729 0.796 59.20 -0.0042
51.018 60.00 59.2700 4.8 0.727 0.759 59.24 -0.0020
51.116 60.00 59.2800 4.4 0.724 0.714 59.29 0.0006
51.218 60.00 59.2600 6.2 0.736 0.914 59.09 -0.0111
51.317 60.00 59.2700 5.8 0.735 0.872 59.13 -0.0086
51.417 60.00 59.2600 6.0 0.737 0.894 59.11 -0.0098
51.518 60.00 59.2600 7.2 0.745 1.025 58.98 -0.0175
51.617 60.00 59.2600 6.9 0.745 0.997 59.00 -0.0157
51.718 60.00 59.2700 3.9 0.727 0.665 59.34 0.0039
51.817 60.00 59.2600 5.9 0.740 0.881 59.12 -0.0089
51.917 60.00 59.2600 5.2 0.736 0.809 59.19 -0.0046
52.017 60.00 59.2700 4.2 0.730 0.691 59.31 0.0024
52.117 60.00 59.2500 7.0 0.748 1.002 59.00 -0.0159
52.218 60.00 59.2600 5.0 0.737 0.785 59.22 -0.0031
52.318 60.00 59.2700 4.8 0.735 0.756 59.25 -0.0013
52.418 60.00 59.2800 2.9 0.723 0.546 59.45 0.0110
52.518 60.00 59.2500 6.6 0.746 0.957 59.04 -0.0132
52.618 60.00 59.2700 4.7 0.735 0.750 59.25 -0.0010
52.719 60.00 59.2600 4.9 0.737 0.773 59.23 -0.0023
52.819 60.00 59.2700 3.7 0.729 0.634 59.37 0.0059
52.918 60.00 59.2600 5.0 0.736 0.774 59.23 -0.0024
53.018 60.00 59.2700 4.6 0.734 0.731 59.27 0.0002
53.118 60.00 59.2800 2.4 0.720 0.491 59.51 0.0143
53.219 60.00 59.2700 3.9 0.728 0.655 59.35 0.0046
53.319 60.00 59.2700 4.0 0.728 0.665 59.34 0.0040
53.418 60.00 59.2600 5.7 0.739 0.854 59.15 -0.0072
53.518 60.00 59.2600 5.3 0.737 0.809 59.19 -0.0045
53.618 60.00 59.2700 4.2 0.730 0.686 59.32 0.0028
53.718 60.00 59.2600 5.6 0.739 0.843 59.16 -0.0065
53.819 60.00 59.2700 4.8 0.734 0.749 59.25 -0.0009
53.918 60.00 59.2600 5.2 0.737 0.795 59.21 -0.0036
54.019 60.00 59.2600 6.0 0.743 0.889 59.11 -0.0091
54.118 60.00 59.2700 4.5 0.734 0.724 59.28 0.0006
54.218 60.00 59.2700 4.2 0.732 0.684 59.32 0.0030
54.319 60.00 59.2600 5.3 0.738 0.805 59.20 -0.0041
54.417 60.00 59.2600 4.8 0.736 0.757 59.24 -0.0013
54.519 60.00 59.2700 4.2 0.732 0.691 59.31 0.0026
54.617 60.00 59.2600 5.9 0.743 0.875 59.13 -0.0083
54.719 60.00 59.2600 4.9 0.737 0.765 59.24 -0.0017
54.819 60.00 59.2700 4.3 0.733 0.693 59.31 0.0025
54.917 60.00 59.2700 4.5 0.734 0.713 59.29 0.0013
55.019 60.00 59.2600 4.8 0.736 0.752 59.25 -0.0010
55.117 60.00 59.2600 5.4 0.740 0.814 59.19 -0.0046
55.219 60.00 59.2600 5.6 0.742 0.839 59.16 -0.0061
55.318 60.00 59.2700 4.5 0.736 0.722 59.28 0.0008
55.418 60.00 59.2600 5.7 0.743 0.853 59.15 -0.0069
55.518 60.00 59.2600 5.8 0.744 0.862 59.14 -0.0073
55.618 60.00 59.2600 4.9 0.739 0.756 59.24 -0.0011
55.719 60.00 59.2600 4.5 0.737 0.716 59.29 0.0013
55.819 60.00 59.2600 5.3 0.742 0.806 59.19 -0.0040
55.918 60.00 59.2700 3.0 0.727 0.554 59.45 0.0109
56.018 60.00 59.2700 3.7 0.731 0.629 59.37 0.0064
56.118 60.00 59.2600 5.5 0.741 0.821 59.18 -0.0050
56.218 60.00 59.2600 5.5 0.742 0.822 59.18 -0.0050
56.320 60.00 59.2600 5.9 0.745 0.864 59.14 -0.0074
56.417 60.00 59.2700 3.1 0.727 0.556 59.44 0.0107
56.519 60.00 59.2200 11.5 0.781 1.483 58.52 -0.0439
56.617 60.00 59.2600 5.2 0.745 0.793 59.21 -0.0031
56.719 60.00 59.2600 5.3 0.745 0.802 59.20 -0.0036
56.818 60.00 59.2600 4.2 0.738 0.680 59.32 0.0036
56.918 60.00 59.2600 4.2 0.738 0.678 59.32 0.0038
57.019 60.00 59.2600 5.0 0.743 0.772 59.23 -0.0018
57.117 60.00 59.2600 4.9 0.742 0.755 59.25 -0.0008
57.219 60.00 59.2700 3.4 0.732 0.585 59.42 0.0092
57.318 60.00 59.2500 5.7 0.747 0.841 59.16 -0.0059
57.418 60.00 59.2500 5.6 0.746 0.829 59.17 -0.0052
57.519 60.00 59.2700 3.7 0.735 0.618 59.38 0.0073
57.618 60.00 59.2600 4.1 0.737 0.663 59.34 0.0046
57.719 60.00 59.2700 3.9 0.735 0.646 59.36 0.0056
57.818 60.00 59.2300 10.2 0.775 1.341 58.66 -0.0353
57.918 60.00 59.2700 2.6 0.729 0.502 59.50 0.0142
58.018 60.00 59.2600 3.9 0.737 0.646 59.35 0.0057
58.118 60.00 59.2500 5.7 0.748 0.846 59.15 -0.0061
58.218 60.00 59.2600 4.5 0.740 0.712 59.29 0.0018
58.319 60.00 59.2500 5.5 0.747 0.819 59.18 -0.0046
58.418 60.00 59.2500 5.4 0.747 0.812 59.19 -0.0041
58.520 60.00 59.2500 5.3 0.746 0.797 59.20 -0.0032
58.619 60.00 59.2600 4.1 0.739 0.665 59.34 0.0046
58.719 60.00 59.2500 5.6 0.748 0.833 59.17 -0.0053
58.820 60.00 59.2700 3.2 0.733 0.570 59.43 0.0102
58.919 60.00 59.2700 2.8 0.729 0.523 59.48 0.0129
59.020 60.00 59.2600 4.7 0.740 0.723 59.28 0.0011
59.119 60.00 59.2700 3.8 0.734 0.625 59.38 0.0068
59.220 60.00 59.2600 5.5 0.744 0.810 59.19 -0.0041
59.320 60.00 59.2600 5.1 0.742 0.770 59.23 -0.0018
59.418 60.00 59.2600 4.1 0.736 0.660 59.34 0.0048
59.520 60.00 59.2600 5.4 0.744 0.806 59.19 -0.0038
59.618 60.00 59.2600 5.0 0.742 0.758 59.24 -0.0010
59.720 60.00 59.2500 5.7 0.747 0.839 59.16 -0.0058
59.819 60.00 59.2600 4.1 0.737 0.659 59.34 0.0049
59.919 60.00 59.2700 3.4 0.732 0.586 59.41 0.0091
60.020 60.00 59.3100 0.0 0.688 -0.141 60.14 0.0518
60.119 60.00 59.2700 4.8 0.735 0.734 59.27 0.0001
60.220 60.00 59.2600 6.2 0.744 0.891 59.11 -0.0092
60.320 60.00 59.2600 5.5 0.740 0.807 59.19 -0.0042
60.419 60.00 59.2500 6.6 0.748 0.933 59.07 -0.0116
60.519 60.00 59.2700 4.4 0.734 0.688 59.31 0.0029
60.619 60.00 59.2600 5.8 0.743 0.842 59.16 -0.0062
60.720 60.00 59.2600 5.7 0.743 0.832 59.17 -0.0056
60.820 60.00 59.2600 4.9 0.739 0.748 59.25 -0.0006
60.919 60.00 59.2600 4.8 0.738 0.728 59.27 0.0006
61.020 60.00 59.2600 5.1 0.740 0.763 59.24 -0.0014
61.119 60.00 59.2700 4.4 0.735 0.688 59.31 0.0030
61.219 60.00 59.2600 5.5 0.742 0.803 59.20 -0.0038
61.320 60.00 59.2600 5.7 0.744 0.830 59.17 -0.0054
61.418 60.00 59.2600 4.6 0.737 0.709 59.29 0.0018
61.520 60.00 59.2500 6.7 0.751 0.941 59.06 -0.0119
61.619 60.00 59.2600 4.8 0.739 0.728 59.27 0.0007
61.720 60.00 59.2600 5.3 0.743 0.790 59.21 -0.0030
61.820 60.00 59.2500 6.2 0.749 0.885 59.12 -0.0085
61.918 60.00 59.2400 7.4 0.757 1.018 58.98 -0.0163
62.020 60.00 59.2500 6.4 0.752 0.907 59.09 -0.0096
62.118 60.00 59.2200 10.0 0.777 1.309 58.69 -0.0332
62.220 60.00 59.2500 5.7 0.752 0.835 59.17 -0.0052
62.319 60.00 59.2500 5.6 0.752 0.818 59.18 -0.0042
62.419 60.00 59.2500 5.9 0.754 0.853 59.15 -0.0062
62.520 60.00 59.2500 5.3 0.751 0.791 59.21 -0.0025
62.618 60.00 59.2100 10.8 0.786 1.390 58.61 -0.0377
62.720 60.00 59.2500 5.0 0.753 0.757 59.24 -0.0003
62.819 60.00 59.2500 5.2 0.754 0.778 59.22 -0.0015
62.919 60.00 59.2400 6.8 0.765 0.956 59.04 -0.0120
63.020 60.00 59.2400 5.7 0.759 0.835 59.17 -0.0048
63.119 60.00 59.2400 6.7 0.765 0.943 59.06 -0.0111
63.220 60.00 59.2400 5.8 0.761 0.843 59.16 -0.0051
63.320 60.00 59.2300 6.9 0.768 0.961 59.04 -0.0121
63.419 60.00 59.2300 6.5 0.766 0.915 59.09 -0.0093
63.519 60.00 59.2300 6.9 0.770 0.966 59.03 -0.0122
63.619 60.00 59.2300 6.7 0.770 0.938 59.06 -0.0105
63.720 60.00 59.2600 2.6 0.744 0.484 59.52 0.0163
63.820 60.00 59.2300 7.6 0.775 1.036 58.96 -0.0163
63.919 60.00 59.2300 6.3 0.769 0.902 59.10 -0.0083
64.019 60.00 59.2300 6.9 0.773 0.963 59.04 -0.0119
64.119 60.00 59.2200 7.8 0.780 1.060 58.94 -0.0175
64.219 60.00 59.2200 7.9 0.782 1.071 58.93 -0.0181
64.320 60.00 59.2200 6.7 0.776 0.940 59.06 -0.0102
64.419 60.00 59.2200 7.1 0.780 0.987 59.01 -0.0129
64.520 60.00 59.2200 7.5 0.784 1.028 58.97 -0.0152
64.620 60.00 59.2200 7.5 0.785 1.028 58.97 -0.0152
64.720 60.00 59.2100 7.8 0.788 1.059 58.94 -0.0169
64.821 60.00 59.2200 7.0 0.785 0.977 59.02 -0.0120
64.919 60.00 59.2100 7.0 0.786 0.982 59.02 -0.0122
65.021 60.00 59.2000 9.4 0.803 1.242 58.76 -0.0275
65.120 60.00 59.2200 5.7 0.782 0.836 59.16 -0.0034
65.221 60.00 59.2200 6.0 0.784 0.869 59.13 -0.0053
65.321 60.00 59.2100 6.5 0.787 0.918 59.08 -0.0082
65.420 60.00 59.2100 7.3 0.794 1.013 58.99 -0.0137
65.521 60.00 59.2100 6.1 0.787 0.875 59.13 -0.0055
65.620 60.00 59.2000 7.6 0.797 1.044 58.96 -0.0154
65.721 60.00 59.2100 6.0 0.789 0.872 59.13 -0.0052
65.821 60.00 59.2100 6.5 0.792 0.928 59.07 -0.0085
65.920 60.00 59.2100 6.7 0.794 0.947 59.05 -0.0096
66.020 60.00 59.2100 6.3 0.793 0.904 59.10 -0.0070
66.120 60.00 59.2100 6.2 0.793 0.893 59.11 -0.0063
66.220 60.00 59.2000 7.8 0.803 1.065 58.94 -0.0164
66.321 60.00 59.2000 6.9 0.799 0.965 59.04 -0.0104
66.419 60.00 59.2000 6.9 0.800 0.968 59.03 -0.0105
66.521 60.00 59.2000 7.5 0.805 1.036 58.96 -0.0144
66.619 60.00 59.1900 7.4 0.806 1.025 58.98 -0.0137
66.721 60.00 59.2000 6.3 0.800 0.898 59.10 -0.0061
66.821 60.00 59.2000 6.1 0.799 0.874 59.13 -0.0047
66.919 60.00 59.2000 6.6 0.803 0.935 59.07 -0.0083
67.021 60.00 59.2000 6.5 0.803 0.919 59.08 -0.0073
67.119 60.00 59.2000 6.3 0.802 0.902 59.10 -0.0062
67.221 60.00 59.2000 6.3 0.803 0.904 59.10 -0.0063
67.320 60.00 59.1900 7.1 0.809 0.990 59.01 -0.0113
67.420 60.00 59.1900 6.7 0.807 0.939 59.06 -0.0083
67.521 60.00 59.2000 6.0 0.803 0.868 59.13 -0.0040
67.619 60.00 59.2000 6.1 0.804 0.875 59.13 -0.0044
67.721 60.00 59.2000 6.1 0.805 0.882 59.12 -0.0048
67.820 60.00 59.1900 6.8 0.810 0.960 59.04 -0.0093
67.920 60.00 59.1900 7.5 0.815 1.030 58.97 -0.0135
68.021 60.00 59.1900 6.3 0.809 0.898 59.10 -0.0056
68.120 60.00 59.1800 7.8 0.819 1.069 58.93 -0.0156
68.221 60.00 59.1900 6.6 0.813 0.931 59.07 -0.0074
68.320 60.00 59.1900 6.6 0.813 0.935 59.07 -0.0076
68.420 60.00 59.1800 8.3 0.825 1.125 58.88 -0.0187
68.520 60.00 59.1700 8.2 0.826 1.107 58.89 -0.0175
68.620 60.00 59.1800 6.9 0.820 0.968 59.03 -0.0093
68.721 60.00 59.1800 7.1 0.821 0.986 59.01 -0.0103
68.821 60.00 59.1800 7.5 0.825 1.036 58.96 -0.0132
68.920 60.00 59.1800 6.7 0.821 0.949 59.05 -0.0080
69.021 60.00 59.1700 7.9 0.830 1.074 58.93 -0.0153
69.120 60.00 59.2100 1.1 0.787 0.319 59.68 0.0292
69.220 60.00 59.1800 7.4 0.825 1.016 58.98 -0.0120
69.321 60.00 59.1700 7.7 0.828 1.050 58.95 -0.0139
69.419 60.00 59.1600 9.0 0.838 1.199 58.80 -0.0226
69.521 60.00 59.1600 8.8 0.839 1.179 58.82 -0.0213
69.620 60.00 59.1600 8.4 0.838 1.129 58.87 -0.0182
69.721 60.00 59.1700 7.5 0.834 1.039 58.96 -0.0128
69.821 60.00 59.1600 8.3 0.841 1.126 58.87 -0.0178
69.919 60.00 59.1600 8.6 0.844 1.153 58.85 -0.0193
70.021 60.00 59.1600 7.6 0.840 1.045 58.96 -0.0128
70.119 60.00 59.1400 11.0 0.863 1.423 58.58 -0.0350
70.221 60.00 59.1500 8.2 0.848 1.115 58.89 -0.0167
70.321 60.00 59.1500 7.7 0.847 1.061 58.94 -0.0134
70.419 60.00 59.1400 9.2 0.857 1.222 58.78 -0.0228
70.521 60.00 59.1500 8.1 0.852 1.097 58.90 -0.0153
70.620 60.00 59.1500 7.3 0.849 1.020 58.98 -0.0107
70.721 60.00 59.1500 7.0 0.848 0.983 59.02 -0.0085
70.821 60.00 59.1500 6.6 0.846 0.936 59.06 -0.0057
70.921 60.00 59.1500 7.5 0.852 1.036 58.97 -0.0115
71.022 60.00 59.1600 5.8 0.842 0.843 59.16 -0.0000
71.121 60.00 59.1500 7.8 0.855 1.064 58.94 -0.0131
71.222 60.00 59.1500 7.1 0.852 0.996 59.00 -0.0090
71.322 60.00 59.1500 7.2 0.854 1.004 59.00 -0.0094
71.422 60.00 59.1500 6.3 0.848 0.900 59.10 -0.0032
71.521 60.00 59.1500 6.8 0.852 0.962 59.04 -0.0068
71.621 60.00 59.1500 6.0 0.847 0.865 59.14 -0.0011
71.722 60.00 59.1500 6.6 0.851 0.932 59.07 -0.0051
71.822 60.00 59.1500 7.1 0.855 0.991 59.01 -0.0085
71.922 60.00 59.1500 6.5 0.852 0.924 59.08 -0.0045
72.021 60.00 59.1500 6.3 0.851 0.906 59.09 -0.0034
72.121 60.00 59.1500 6.7 0.854 0.951 59.05 -0.0060
72.221 60.00 59.1500 6.6 0.854 0.938 59.06 -0.0053
72.322 60.00 59.1500 5.8 0.850 0.852 59.15 -0.0002
72.422 60.00 59.1600 3.8 0.836 0.622 59.38 0.0134
72.522 60.00 59.1400 7.0 0.856 0.984 59.02 -0.0080
72.621 60.00 59.1500 6.8 0.855 0.955 59.05 -0.0062
72.721 60.00 59.1600 5.0 0.844 0.751 59.25 0.0058
72.822 60.00 59.1600 4.9 0.843 0.741 59.26 0.0063
72.921 60.00 59.1500 6.0 0.849 0.862 59.14 -0.0008
73.022 60.00 59.1600 5.1 0.843 0.761 59.24 0.0052
73.121 60.00 59.1600 5.1 0.843 0.763 59.24 0.0050
73.222 60.00 59.1500 6.4 0.851 0.907 59.09 -0.0035
73.322 60.00 59.1500 6.4 0.851 0.910 59.09 -0.0037
73.421 60.00 59.1500 5.5 0.846 0.813 59.19 0.0021
73.522 60.00 59.1600 5.2 0.844 0.777 59.22 0.0042
73.620 60.00 59.1600 4.6 0.840 0.712 59.29 0.0080
73.722 60.00 59.1500 6.6 0.851 0.927 59.07 -0.0047
73.822 60.00 59.1600 5.4 0.844 0.795 59.21 0.0031
73.921 60.00 59.1600 4.9 0.841 0.742 59.26 0.0062
74.022 60.00 59.1600 5.7 0.845 0.832 59.17 0.0009
74.120 60.00 59.1600 4.9 0.840 0.742 59.26 0.0061
74.222 60.00 59.1600 4.9 0.839 0.738 59.26 0.0063
74.321 60.00 59.1600 5.2 0.840 0.767 59.23 0.0046
74.421 60.00 59.1600 5.8 0.844 0.838 59.16 0.0004
74.521 60.00 59.1600 5.1 0.840 0.761 59.24 0.0049
74.621 60.00 59.1600 5.8 0.843 0.835 59.17 0.0005
74.722 60.00 59.1800 1.6 0.816 0.369 59.63 0.0280
74.822 60.00 59.1600 5.1 0.836 0.759 59.24 0.0048
74.922 60.00 59.1600 5.2 0.836 0.767 59.23 0.0043
75.022 60.00 59.1700 4.8 0.834 0.727 59.27 0.0067
75.120 60.00 59.1600 6.2 0.842 0.876 59.12 -0.0021
75.222 60.00 59.1600 5.8 0.840 0.837 59.16 0.0002
75.322 60.00 59.1600 5.4 0.837 0.787 59.21 0.0031
75.421 60.00 59.1600 6.0 0.840 0.847 59.15 -0.0005
75.522 60.00 59.1700 5.0 0.834 0.741 59.26 0.0058
75.620 60.00 59.1700 5.4 0.835 0.781 59.22 0.0034
75.722 60.00 59.1700 5.2 0.834 0.761 59.24 0.0045
75.821 60.00 59.1700 4.4 0.829 0.677 59.32 0.0095
75.921 60.00 59.1600 5.7 0.836 0.817 59.18 0.0012
76.022 60.00 59.1600 5.9 0.837 0.841 59.16 -0.0003
76.121 60.00 59.1700 5.2 0.832 0.755 59.25 0.0048
76.222 60.00 59.1700 4.8 0.829 0.710 59.29 0.0074
76.321 60.00 59.1600 6.0 0.836 0.846 59.15 -0.0006
76.421 60.00 59.1700 5.1 0.830 0.743 59.26 0.0054
76.521 60.00 59.1700 4.6 0.827 0.688 59.31 0.0087
76.621 60.00 59.1800 3.5 0.819 0.572 59.43 0.0154
76.722 60.00 59.1700 5.3 0.829 0.771 59.23 0.0036
76.822 60.00 59.1700 6.1 0.834 0.860 59.14 -0.0016
76.922 60.00 59.1700 5.6 0.831 0.805 59.20 0.0017
77.022 60.00 59.1700 4.9 0.826 0.722 59.28 0.0065
77.122 60.00 59.1700 5.6 0.830 0.804 59.20 0.0016
77.223 60.00 59.1800 3.8 0.818 0.596 59.40 0.0139
77.322 60.00 59.1900 2.4 0.807 0.439 59.56 0.0230
77.423 60.00 59.1800 4.8 0.821 0.703 59.30 0.0074
77.522 60.00 59.1900 4.1 0.816 0.628 59.37 0.0117
77.622 60.00 59.1700 6.1 0.827 0.846 59.15 -0.0012
77.722 60.00 59.1800 5.4 0.823 0.770 59.23 0.0033
77.822 60.00 59.1900 4.2 0.815 0.634 59.37 0.0113
77.922 60.00 59.1800 5.0 0.819 0.727 59.27 0.0058
78.023 60.00 59.1800 4.6 0.816 0.681 59.32 0.0084
78.122 60.00 59.1900 4.3 0.813 0.650 59.35 0.0102
78.223 60.00 59.1800 5.4 0.819 0.769 59.23 0.0032
78.322 60.00 59.1900 4.7 0.814 0.688 59.31 0.0079
78.422 60.00 59.1900 4.9 0.815 0.709 59.29 0.0066
78.523 60.00 59.1900 4.0 0.808 0.612 59.39 0.0123
78.621 60.00 59.1900 4.5 0.811 0.673 59.33 0.0086
78.723 60.00 59.2000 3.7 0.804 0.576 59.43 0.0143
78.822 60.00 59.2300 0.0 0.775 0.103 59.90 0.0420
78.922 60.00 59.1900 5.4 0.810 0.763 59.24 0.0030
79.023 60.00 59.2000 3.4 0.796 0.537 59.46 0.0162
79.121 60.00 59.2000 3.9 0.798 0.591 59.41 0.0129
79.223 60.00 59.1900 6.2 0.812 0.852 59.15 -0.0025
79.322 60.00 59.2000 4.1 0.799 0.622 59.38 0.0111
79.423 60.00 59.2000 4.9 0.802 0.700 59.30 0.0064
79.523 60.00 59.1800 7.9 0.821 1.034 58.97 -0.0133
79.621 60.00 59.2000 5.2 0.805 0.736 59.26 0.0043
79.723 60.00 59.2000 5.2 0.805 0.735 59.27 0.0044
79.822 60.00 59.2000 4.2 0.798 0.620 59.38 0.0111
79.923 60.00 59.2100 3.4 0.791 0.533 59.47 0.0162
80.023 60.00 59.2000 4.4 0.797 0.647 59.35 0.0093
80.122 60.00 59.2100 4.2 0.794 0.626 59.37 0.0105
80.223 60.00 59.2100 4.2 0.793 0.624 59.38 0.0106
80.322 60.00 59.2100 4.3 0.793 0.630 59.37 0.0102
80.423 60.00 59.1600 11.2 0.836 1.390 58.61 -0.0346
80.522 60.00 59.2000 4.9 0.799 0.695 59.31 0.0065
80.622 60.00 59.2100 3.4 0.789 0.535 59.47 0.0159
80.722 60.00 59.2100 4.6 0.795 0.668 59.33 0.0080
80.822 60.00 59.2300 1.0 0.771 0.268 59.73 0.0314
80.923 60.00 59.2000 5.8 0.799 0.792 59.21 0.0004
81.023 60.00 59.2100 5.1 0.794 0.718 59.28 0.0048
81.122 60.00 59.2100 4.5 0.790 0.653 59.35 0.0086
81.222 60.00 59.2100 4.4 0.788 0.636 59.36 0.0095
81.322 60.00 59.2100 5.2 0.793 0.732 59.27 0.0038
81.422 60.00 59.2200 4.0 0.784 0.588 59.41 0.0122
81.523 60.00 59.2100 5.1 0.791 0.719 59.28 0.0045
81.621 60.00 59.2200 4.1 0.783 0.599 59.40 0.0115
81.723 60.00 59.2300 2.9 0.775 0.470 59.53 0.0190
81.822 60.00 59.2200 4.6 0.784 0.653 59.35 0.0081
81.922 60.00 59.2200 4.0 0.779 0.583 59.42 0.0122
82.023 60.00 59.2100 6.5 0.794 0.871 59.13 -0.0048
82.121 60.00 59.2200 3.9 0.778 0.576 59.42 0.0126
82.223 60.00 59.2100 5.8 0.789 0.787 59.21 0.0001
82.322 60.00 59.2200 4.9 0.783 0.687 59.31 0.0060
82.423 60.00 59.2200 5.2 0.784 0.722 59.28 0.0039
82.523 60.00 59.2200 4.5 0.779 0.637 59.36 0.0089
82.622 60.00 59.2200 4.5 0.778 0.643 59.36 0.0085
82.723 60.00 59.2200 4.4 0.777 0.632 59.37 0.0091
82.822 60.00 59.2100 6.5 0.790 0.862 59.14 -0.0045
82.923 60.00 59.2100 5.8 0.786 0.788 59.21 -0.0001
83.023 60.00 59.2300 3.5 0.771 0.528 59.47 0.0152
83.122 60.00 59.2300 4.3 0.774 0.616 59.38 0.0099
83.223 60.00 59.2100 6.2 0.786 0.831 59.17 -0.0028
83.322 60.00 59.2200 4.7 0.776 0.660 59.34 0.0072
83.424 60.00 59.2200 5.0 0.778 0.694 59.31 0.0052
83.523 60.00 59.2200 6.0 0.784 0.805 59.20 -0.0013
83.623 60.00 59.2200 5.7 0.782 0.772 59.23 0.0006
83.724 60.00 59.2200 6.3 0.785 0.834 59.17 -0.0031
83.823 60.00 59.2200 5.3 0.779 0.724 59.28 0.0034
83.924 60.00 59.2200 5.0 0.777 0.693 59.31 0.0052
84.023 60.00 59.2300 4.7 0.774 0.655 59.35 0.0075
84.123 60.00 59.2300 4.4 0.772 0.623 59.38 0.0093
84.224 60.00 59.2300 4.2 0.769 0.596 59.40 0.0108
84.323 60.00 59.2200 6.2 0.781 0.821 59.18 -0.0025
84.424 60.00 59.2200 5.7 0.778 0.759 59.24 0.0012
84.524 60.00 59.2200 6.0 0.780 0.799 59.20 -0.0012
84.622 60.00 59.2300 5.2 0.775 0.712 59.29 0.0040
84.724 60.00 59.2300 5.2 0.775 0.707 59.29 0.0042
84.822 60.00 59.2300 4.8 0.772 0.661 59.34 0.0069
84.924 60.00 59.2200 5.9 0.778 0.783 59.22 -0.0003
85.024 60.00 59.2200 5.7 0.777 0.766 59.23 0.0007
85.123 60.00 59.2200 5.7 0.777 0.764 59.24 0.0008
85.224 60.00 59.2500 2.2 0.754 0.378 59.62 0.0235
85.322 60.00 59.2300 5.7 0.774 0.756 59.24 0.0011
85.424 60.00 59.2000 10.1 0.803 1.247 58.75 -0.0278
85.523 60.00 59.2300 5.2 0.774 0.705 59.30 0.0043
85.623 60.00 59.2200 6.1 0.779 0.803 59.20 -0.0015
85.724 60.00 59.2200 7.0 0.785 0.900 59.10 -0.0072
85.823 60.00 59.1800 12.5 0.822 1.517 58.48 -0.0434
85.924 60.00 59.2300 4.1 0.771 0.587 59.41 0.0115
86.023 60.00 59.2200 5.6 0.779 0.744 59.26 0.0022
86.123 60.00 59.2200 5.4 0.778 0.731 59.27 0.0030
86.223 60.00 59.2200 5.2 0.777 0.705 59.30 0.0045
86.323 60.00 59.2200 6.1 0.782 0.806 59.19 -0.0015
86.424 60.00 59.2300 5.1 0.775 0.690 59.31 0.0053
86.524 60.00 59.2200 5.2 0.776 0.707 59.29 0.0043
86.623 60.00 59.2300 4.0 0.767 0.567 59.43 0.0125
86.723 60.00 59.2200 6.1 0.780 0.800 59.20 -0.0013
86.823 60.00 59.2200 6.2 0.780 0.809 59.19 -0.0018
86.924 60.00 59.2200 5.6 0.777 0.740 59.26 0.0023
87.024 60.00 59.2100 7.5 0.789 0.960 59.04 -0.0107
87.123 60.00 59.2200 6.8 0.786 0.879 59.12 -0.0059
87.224 60.00 59.2200 5.6 0.778 0.742 59.26 0.0022
87.323 60.00 59.2200 6.0 0.780 0.787 59.21 -0.0004
87.423 60.00 59.2200 5.8 0.779 0.770 59.23 0.0006
87.524 60.00 59.2200 6.4 0.783 0.829 59.17 -0.0029
87.622 60.00 59.2100 7.3 0.789 0.933 59.07 -0.0090
87.724 60.00 59.2200 6.4 0.784 0.827 59.17 -0.0027
87.823 60.00 59.2200 6.5 0.785 0.842 59.16 -0.0036
87.924 60.00 59.2200 5.8 0.781 0.764 59.24 0.0010
88.024 60.00 59.2100 7.0 0.788 0.893 59.11 -0.0066
88.122 60.00 59.2200 6.2 0.784 0.803 59.20 -0.0012
88.224 60.00 59.2100 7.8 0.794 0.980 59.02 -0.0116
88.322 60.00 59.2100 7.6 0.794 0.962 59.04 -0.0105
88.424 60.00 59.2100 6.4 0.788 0.834 59.17 -0.0029
88.524 60.00 59.2100 6.8 0.790 0.871 59.13 -0.0051
88.623 60.00 59.2100 6.8 0.791 0.880 59.12 -0.0055
88.724 60.00 59.2100 6.9 0.792 0.882 59.12 -0.0057
88.822 60.00 59.2100 6.7 0.791 0.862 59.14 -0.0044
88.924 60.00 59.2100 7.1 0.794 0.904 59.10 -0.0069
89.023 60.00 59.2000 7.3 0.796 0.924 59.08 -0.0080
89.123 60.00 59.2100 6.5 0.792 0.839 59.16 -0.0030
89.223 60.00 59.2100 7.0 0.795 0.890 59.11 -0.0059
89.323 60.00 59.2100 6.3 0.791 0.822 59.18 -0.0019
89.425 60.00 59.2000 7.1 0.796 0.902 59.10 -0.0066
89.525 60.00 59.2000 7.4 0.799 0.944 59.06 -0.0090
89.624 60.00 59.2000 7.0 0.798 0.899 59.10 -0.0064
89.725 60.00 59.2000 7.2 0.799 0.914 59.09 -0.0072
89.824 60.00 59.2100 5.5 0.789 0.728 59.27 0.0038
89.924 60.00 59.2000 7.1 0.799 0.903 59.10 -0.0065
90.025 60.00 59.2000 7.8 0.804 0.981 59.02 -0.0111
90.123 60.00 59.1900 8.3 0.808 1.038 58.96 -0.0144
90.225 60.00 59.2000 7.1 0.802 0.907 59.09 -0.0066
90.324 60.00 59.1900 7.8 0.807 0.985 59.02 -0.0111
90.424 60.00 59.2000 6.5 0.799 0.837 59.16 -0.0024
90.525 60.00 59.1900 7.7 0.807 0.966 59.03 -0.0099
90.623 60.00 59.2000 6.8 0.802 0.867 59.13 -0.0041
90.725 60.00 59.2000 6.2 0.799 0.800 59.20 -0.0001
90.823 60.00 59.2000 6.8 0.803 0.869 59.13 -0.0042
90.925 60.00 59.1900 8.0 0.811 1.003 59.00 -0.0120
91.025 60.00 59.1900 8.3 0.815 1.042 58.96 -0.0142
91.123 60.00 59.2000 6.2 0.802 0.804 59.20 -0.0001
91.225 60.00 59.1800 8.9 0.820 1.105 58.90 -0.0179
91.323 60.00 59.1900 7.6 0.813 0.958 59.04 -0.0091
91.425 60.00 59.1900 6.5 0.806 0.836 59.17 -0.0018
91.525 60.00 59.1900 6.5 0.807 0.841 59.16 -0.0021
91.624 60.00 59.1900 7.0 0.810 0.887 59.11 -0.0048
91.725 60.00 59.1800 7.9 0.816 0.987 59.01 -0.0107
91.823 60.00 59.1900 7.2 0.813 0.912 59.09 -0.0062
91.925 60.00 59.1800 7.7 0.816 0.966 59.04 -0.0093
92.025 60.00 59.1800 7.5 0.816 0.942 59.06 -0.0079
92.123 60.00 59.1900 6.8 0.812 0.866 59.13 -0.0034
92.225 60.00 59.1900 6.8 0.813 0.872 59.13 -0.0037
92.323 60.00 59.1500 12.8 0.852 1.533 58.47 -0.0425
92.425 60.00 59.1800 7.5 0.822 0.953 59.05 -0.0082
92.525 60.00 59.1900 6.1 0.813 0.791 59.21 0.0014
92.624 60.00 59.1800 7.1 0.820 0.906 59.09 -0.0054
92.725 60.00 59.1800 7.9 0.825 0.989 59.01 -0.0102
92.823 60.00 59.1700 7.9 0.826 0.992 59.01 -0.0103
92.925 60.00 59.1800 7.0 0.821 0.892 59.11 -0.0044
93.025 60.00 59.1700 8.2 0.830 1.026 58.97 -0.0123
93.124 60.00 59.1700 8.3 0.831 1.034 58.97 -0.0127
93.225 60.00 59.1700 7.6 0.828 0.959 59.04 -0.0081
93.324 60.00 59.1800 6.7 0.823 0.860 59.14 -0.0023
93.425 60.00 59.1700 7.3 0.827 0.928 59.07 -0.0063
93.525 60.00 59.1700 7.6 0.830 0.959 59.04 -0.0081
93.624 60.00 59.1700 6.9 0.826 0.886 59.12 -0.0037
93.725 60.00 59.2200 0.6 0.785 0.180 59.82 0.0378
93.824 60.00 59.1700 8.4 0.833 1.048 58.95 -0.0135
93.924 60.00 59.1800 6.9 0.824 0.880 59.12 -0.0035
94.025 60.00 59.1700 7.8 0.830 0.974 59.03 -0.0090
94.123 60.00 59.1800 6.9 0.825 0.882 59.12 -0.0035
94.225 60.00 59.1700 7.5 0.830 0.951 59.05 -0.0076
94.324 60.00 59.1700 7.0 0.827 0.892 59.11 -0.0041
94.425 60.00 59.1700 6.8 0.826 0.872 59.13 -0.0029
94.525 60.00 59.2200 0.3 0.784 0.145 59.86 0.0399
94.624 60.00 59.1600 9.0 0.836 1.108 58.89 -0.0170
94.725 60.00 59.1600 8.9 0.838 1.100 58.90 -0.0164
94.823 60.00 59.1600 8.5 0.836 1.054 58.95 -0.0136
94.925 60.00 59.1600 8.4 0.837 1.038 58.96 -0.0126
95.025 60.00 59.1700 7.8 0.834 0.974 59.03 -0.0087
95.124 60.00 59.1600 8.1 0.837 1.007 58.99 -0.0106
95.225 60.00 59.1600 8.6 0.842 1.068 58.93 -0.0141
95.323 60.00 59.1600 8.2 0.840 1.017 58.98 -0.0111
95.426 60.00 59.1400 11.2 0.861 1.356 58.64 -0.0310
95.525 60.00 59.1800 4.7 0.821 0.634 59.37 0.0117
95.625 60.00 59.1700 7.0 0.835 0.889 59.11 -0.0033
95.726 60.00 59.1700 6.7 0.833 0.850 59.15 -0.0010
95.824 60.00 59.1700 6.4 0.832 0.823 59.18 0.0005
95.926 60.00 59.1700 6.3 0.831 0.810 59.19 0.0013
96.025 60.00 59.1600 7.9 0.841 0.984 59.02 -0.0089
96.125 60.00 59.1700 6.7 0.834 0.854 59.15 -0.0012
96.226 60.00 59.1700 6.5 0.833 0.835 59.17 -0.0001
96.325 60.00 59.1700 6.4 0.832 0.818 59.18 0.0009
96.426 60.00 59.1700 6.8 0.835 0.861 59.14 -0.0017
96.525 60.00 59.1600 7.3 0.838 0.922 59.08 -0.0052
96.625 60.00 59.1600 7.0 0.837 0.883 59.12 -0.0029
96.726 60.00 59.1600 6.9 0.836 0.870 59.13 -0.0021
96.824 60.00 59.1600 6.8 0.836 0.864 59.14 -0.0017
96.926 60.00 59.1600 8.1 0.845 1.011 58.99 -0.0104
97.025 60.00 59.1600 7.8 0.844 0.977 59.02 -0.0083
97.125 60.00 59.2100 0.0 0.792 0.082 59.92 0.0444
97.226 60.00 59.1700 7.0 0.835 0.886 59.12 -0.0032
97.325 60.00 59.1600 7.6 0.839 0.953 59.05 -0.0071
97.426 60.00 59.1600 7.5 0.839 0.933 59.07 -0.0059
97.526 60.00 59.1600 7.5 0.840 0.943 59.06 -0.0064
97.625 60.00 59.1600 7.2 0.838 0.908 59.09 -0.0043
97.726 60.00 59.1700 6.5 0.834 0.829 59.17 0.0003
97.825 60.00 59.1600 6.8 0.836 0.860 59.14 -0.0015
97.926 60.00 59.1600 7.6 0.841 0.949 59.05 -0.0067
98.026 60.00 59.1700 5.9 0.831 0.758 59.24 0.0045
98.125 60.00 59.1700 6.3 0.833 0.802 59.20 0.0020
98.225 60.00 59.1600 7.3 0.839 0.910 59.09 -0.0044
98.325 60.00 59.1600 8.2 0.845 1.008 58.99 -0.0101
98.425 60.00 59.1700 6.5 0.835 0.820 59.18 0.0010
98.526 60.00 59.1700 6.3 0.834 0.800 59.20 0.0021
98.625 60.00 59.1600 8.0 0.845 0.986 59.02 -0.0088
98.726 60.00 59.1500 8.4 0.848 1.035 58.97 -0.0117
98.825 60.00 59.1700 6.2 0.835 0.792 59.21 0.0027
98.925 60.00 59.1600 7.0 0.840 0.879 59.12 -0.0025
99.026 60.00 59.1700 6.0 0.834 0.768 59.23 0.0041
99.124 60.00 59.1700 5.1 0.828 0.669 59.33 0.0099
99.226 60.00 59.1700 5.6 0.830 0.724 59.28 0.0066
99.325 60.00 59.1600 7.2 0.840 0.900 59.10 -0.0038
99.426 60.00 59.1700 5.7 0.830 0.737 59.26 0.0059
99.526 60.00 59.1700 5.2 0.826 0.680 59.32 0.0092
99.624 60.00 59.1700 6.1 0.831 0.780 59.22 0.0032
99.726 60.00 59.1700 6.0 0.830 0.769 59.23 0.0039
99.825 60.00 59.1800 4.6 0.820 0.606 59.40 0.0134
99.926 60.00 59.1700 6.5 0.832 0.824 59.18 0.0005
100.026 60.00 59.1700 7.0 0.835 0.869 59.13 -0.0021
100.124 60.00 59.1700 6.6 0.833 0.832 59.17 0.0000
100.226 60.00 59.1800 5.4 0.825 0.699 59.30 0.0079
100.324 60.00 59.1700 6.3 0.830 0.795 59.21 0.0022
100.426 60.00 59.1800 5.7 0.825 0.724 59.28 0.0064
100.526 60.00 59.1700 6.2 0.828 0.784 59.22 0.0028
100.625 60.00 59.1800 5.2 0.821 0.672 59.33 0.0093
100.726 60.00 59.1500 10.1 0.852 1.207 58.79 -0.0222
100.824 60.00 59.1700 7.0 0.834 0.867 59.13 -0.0021
100.926 60.00 59.1800 4.7 0.820 0.615 59.39 0.0128
101.025 60.00 59.1800 4.8 0.819 0.630 59.37 0.0118
101.125 60.00 59.1700 6.0 0.826 0.762 59.24 0.0040
101.225 60.00 59.1700 6.3 0.827 0.788 59.21 0.0024
101.325 60.00 59.1800 5.0 0.818 0.645 59.36 0.0108
101.426 60.00 59.1800 4.8 0.816 0.618 59.38 0.0123
101.526 60.00 59.1800 5.8 0.821 0.726 59.27 0.0059
101.626 60.00 59.1900 4.8 0.814 0.623 59.38 0.0120
101.727 60.00 59.1800 6.2 0.822 0.772 59.23 0.0031
101.826 60.00 59.1800 5.8 0.819 0.727 59.27 0.0058
101.926 60.00 59.1900 5.0 0.813 0.637 59.36 0.0110
102.027 60.00 59.1900 5.2 0.813 0.660 59.34 0.0096
102.125 60.00 59.1800 7.1 0.825 0.869 59.13 -0.0027
102.227 60.00 59.1800 6.7 0.823 0.828 59.17 -0.0004
102.325 60.00 59.1800 6.6 0.822 0.811 59.19 0.0007
102.427 60.00 59.1800 6.5 0.821 0.807 59.19 0.0009
102.527 60.00 59.1800 5.7 0.816 0.714 59.29 0.0064
102.626 60.00 59.1800 6.2 0.819 0.769 59.23 0.0031
102.727 60.00 59.1800 7.2 0.825 0.882 59.12 -0.0036
102.826 60.00 59.1900 4.2 0.806 0.552 59.45 0.0159
102.927 60.00 59.1900 4.8 0.808 0.619 59.38 0.0118
103.026 60.00 59.1900 5.5 0.812 0.693 59.31 0.0074
103.126 60.00 59.1800 6.4 0.817 0.791 59.21 0.0016
103.226 60.00 59.1900 5.4 0.810 0.683 59.32 0.0080
103.326 60.00 59.1800 6.5 0.816 0.798 59.20 0.0011
103.427 60.00 59.2000 5.2 0.805 0.674 59.39 0.0121
103.527 60.00 59.1900 6.3 0.810 0.825 59.30 0.0068
103.625 60.00 59.1900 7.5 0.816 0.985 59.20 0.0011
103.727 60.00 59.1900 6.8 0.811 0.930 59.32 0.0080
103.826 60.01 59.1900 8.4 0.820 1.131 59.18 -0.0003
103.927 60.01 59.2000 7.0 0.811 0.992 59.38 0.0114
104.027 60.01 59.1900 8.5 0.820 1.185 59.25 0.0035
104.125 60.01 59.1900 8.3 0.820 1.183 59.31 0.0070
104.227 60.02 59.2000 8.4 0.821 1.224 59.32 0.0080
104.325 60.02 59.2000 8.1 0.820 1.210 59.39 0.0120
104.427 60.03 59.2000 8.9 0.826 1.316 59.35 0.0092
104.527 60.03 59.2000 9.8 0.833 1.440 59.28 0.0050
104.626 60.03 59.2000 10.0 0.836 1.482 59.29 0.0058
104.727 60.04 59.2000 9.9 0.838 1.490 59.34 0.0085
104.825 60.04 59.2000 10.4 0.844 1.563 59.31 0.0072
104.927 60.05 59.2100 9.5 0.841 1.481 59.45 0.0151
105.026 60.06 59.1900 12.4 0.863 1.831 59.15 -0.0025
105.126 60.06 59.1900 13.4 0.873 1.957 59.08 -0.0069
105.227 60.07 59.2000 12.5 0.873 1.881 59.21 0.0007
105.326 60.07 59.2100 10.9 0.867 1.716 59.42 0.0133
105.427 60.08 59.1900 13.4 0.887 2.018 59.17 -0.0017
105.526 60.09 59.2000 12.5 0.887 1.935 59.30 0.0061
105.626 60.10 59.1900 14.2 0.903 2.138 59.15 -0.0029
105.726 60.10 59.2000 13.8 0.906 2.108 59.22 0.0016
105.826 60.11 59.2000 14.3 0.916 2.191 59.19 -0.0005
105.927 60.12 59.2100 12.5 0.910 2.002 59.42 0.0134
106.027 60.13 59.2000 14.2 0.927 2.212 59.26 0.0037
106.126 60.14 59.2000 14.9 0.938 2.307 59.21 0.0007
106.226 60.15 59.2100 14.1 0.940 2.239 59.32 0.0073
106.326 60.15 59.2100 14.2 0.948 2.265 59.34 0.0085
106.426 60.16 59.2000 15.2 0.961 2.385 59.27 0.0040
106.527 60.17 59.2000 15.5 0.970 2.436 59.26 0.0034
106.625 60.18 59.2100 15.0 0.975 2.401 59.34 0.0081
106.727 60.19 59.2100 15.4 0.985 2.462 59.32 0.0070
106.826 60.20 59.2000 16.6 1.001 2.616 59.21 0.0004
106.926 60.21 59.2100 16.1 1.006 2.570 59.30 0.0056
107.027 60.22 59.2000 17.2 1.022 2.708 59.20 -0.0000
107.125 60.24 59.2000 17.1 1.031 2.718 59.23 0.0016
107.227 60.25 59.2000 17.4 1.042 2.758 59.23 0.0018
107.325 60.26 59.2200 15.8 1.041 2.597 59.43 0.0136
107.427 60.27 59.2100 17.2 1.058 2.767 59.30 0.0058
107.528 60.28 59.2100 17.3 1.068 2.791 59.32 0.0066
107.627 60.29 59.2100 18.4 1.085 2.934 59.21 0.0004
107.728 60.30 59.2200 17.1 1.087 2.804 59.38 0.0103
107.827 60.32 59.2100 19.1 1.109 3.035 59.19 -0.0009
107.928 60.33 59.2500 12.3 1.076 2.300 59.96 0.0446
108.027 60.34 59.2200 18.5 1.123 2.999 59.30 0.0054
108.127 60.35 59.2100 19.5 1.140 3.121 59.22 0.0003
108.227 60.36 59.2200 18.9 1.147 3.065 59.31 0.0057
108.327 60.38 59.2200 18.9 1.158 3.085 59.33 0.0067
108.428 60.39 59.2200 19.0 1.170 3.109 59.34 0.0073
108.528 60.40 59.2100 20.5 1.191 3.290 59.19 -0.0012
108.627 60.42 59.2100 20.7 1.204 3.322 59.20 -0.0009
108.727 60.43 59.2000 22.6 1.228 3.546 59.01 -0.0121
108.827 60.44 59.2300 18.6 1.216 3.120 59.47 0.0151
108.928 60.46 59.2200 19.9 1.234 3.269 59.36 0.0083
109.028 60.47 59.2200 19.9 1.247 3.291 59.37 0.0090
109.127 60.48 59.2200 21.4 1.268 3.458 59.23 0.0011
109.228 60.50 59.2200 21.3 1.280 3.471 59.26 0.0024
109.327 60.51 59.2300 19.2 1.279 3.249 59.51 0.0173
109.427 60.53 59.2300 20.5 1.299 3.404 59.39 0.0100
109.528 60.54 59.2700 14.2 1.270 2.716 60.11 0.0524
109.626 60.55 59.2300 21.4 1.324 3.524 59.34 0.0066
109.728 60.57 59.2200 23.2 1.349 3.734 59.16 -0.0040
109.827 60.58 59.2300 21.3 1.351 3.540 59.38 0.0093
109.928 60.60 59.2300 22.0 1.368 3.628 59.33 0.0060
110.028 60.61 59.2200 23.3 1.389 3.777 59.21 -0.0009
110.126 60.63 59.2400 21.5 1.391 3.588 59.43 0.0120
110.228 60.64 59.2700 17.3 1.377 3.137 59.91 0.0403
110.326 60.66 59.2400 21.8 1.416 3.651 59.43 0.0117
110.428 60.67 59.2400 22.8 1.436 3.773 59.34 0.0063
110.527 60.69 59.2500 21.1 1.438 3.591 59.55 0.0187
110.627 60.70 59.2500 21.8 1.455 3.684 59.49 0.0149
110.727 60.72 59.2500 22.7 1.474 3.787 59.42 0.0106
110.827 60.74 59.2600 21.6 1.480 3.676 59.56 0.0188
110.928 60.75 59.2200 27.8 1.533 4.376 58.88 -0.0208
111.028 60.77 59.2600 20.8 1.505 3.614 59.68 0.0259
111.127 60.78 59.2700 21.0 1.518 3.639 59.68 0.0260
111.227 60.80 59.2700 21.1 1.531 3.666 59.68 0.0259
111.327 60.81 59.2500 24.8 1.567 4.080 59.30 0.0033
111.427 60.83 59.2700 21.6 1.561 3.738 59.67 0.0249
111.528 60.85 59.2800 21.2 1.572 3.707 59.73 0.0283
111.626 60.86 59.2800 21.6 1.587 3.765 59.70 0.0264
111.728 60.88 59.2900 20.6 1.593 3.660 59.83 0.0340
111.827 60.90 59.3000 19.4 1.597 3.538 59.98 0.0429
111.928 60.91 59.3000 20.0 1.612 3.612 59.94 0.0398
112.028 60.93 59.3000 20.8 1.629 3.702 59.87 0.0359
112.127 60.95 59.3200 18.8 1.628 3.492 60.11 0.0497
112.228 60.96 59.3100 21.4 1.656 3.789 59.84 0.0335
112.327 60.98 59.3200 19.8 1.658 3.621 60.04 0.0448
112.428 61.00 59.3300 19.7 1.669 3.616 60.07 0.0465
112.528 61.01 59.3300 20.8 1.687 3.745 59.97 0.0401
112.627 61.03 59.3400 20.1 1.695 3.673 60.07 0.0458
112.727 61.05 59.3500 18.9 1.699 3.549 60.22 0.0542
112.827 61.06 59.3500 19.0 1.710 3.571 60.22 0.0544
112.927 61.08 59.3600 18.8 1.720 3.558 60.26 0.0563
113.028 61.10 59.3700 18.0 1.726 3.481 60.37 0.0622
113.127 61.12 59.3700 19.7 1.747 3.674 60.20 0.0519
113.228 61.13 59.3900 17.9 1.746 3.474 60.43 0.0649
113.327 61.15 59.3900 18.8 1.762 3.585 60.34 0.0596
113.427 61.17 59.4000 18.1 1.768 3.516 60.43 0.0647
113.528 61.18 59.4000 18.6 1.782 3.573 60.41 0.0626
113.626 61.20 59.4200 16.9 1.781 3.398 60.60 0.0739
113.729 61.22 59.4300 16.4 1.787 3.344 60.68 0.0782
113.827 61.24 59.4300 17.6 1.805 3.491 60.56 0.0706
113.928 61.26 59.4500 16.9 1.810 3.418 60.66 0.0759
114.029 61.27 59.4500 17.8 1.825 3.525 60.58 0.0707
114.127 61.29 59.4600 17.1 1.830 3.444 60.69 0.0766
114.229 61.31 59.4700 16.4 1.835 3.372 60.78 0.0818
114.327 61.33 59.4900 15.7 1.840 3.309 60.87 0.0864
114.429 61.34 59.4900 16.5 1.854 3.402 60.80 0.0819
114.528 61.36 59.5100 15.3 1.855 3.275 60.95 0.0904
114.628 61.38 59.5200 15.6 1.865 3.306 60.95 0.0895
114.728 61.40 59.5300 14.7 1.868 3.214 61.06 0.0959
114.828 61.42 59.5500 12.8 1.863 3.011 61.29 0.1088
114.929 61.43 59.5500 14.6 1.882 3.215 61.11 0.0975
115.029 61.45 59.5700 13.9 1.885 3.141 61.21 0.1028
115.128 61.47 59.5900 12.0 1.880 2.932 61.44 0.1157
115.228 61.49 59.5900 13.8 1.898 3.141 61.26 0.1042
115.328 61.51 59.6100 12.4 1.896 2.989 61.43 0.1140
115.428 61.53 59.6200 12.6 1.903 3.014 61.43 0.1131
115.529 61.54 59.6400 11.9 1.906 2.948 61.52 0.1179
115.627 61.56 59.6500 11.9 1.911 2.946 61.55 0.1187
115.729 61.58 59.6600 12.6 1.922 3.030 61.49 0.1143
115.828 61.60 59.6800 11.0 1.918 2.858 61.68 0.1252
115.928 61.62 59.6900 11.7 1.928 2.932 61.63 0.1216
116.029 61.64 59.7100 10.8 1.928 2.835 61.76 0.1280
116.127 61.65 59.7200 11.4 1.937 2.910 61.70 0.1242
116.229 61.67 59.7300 11.3 1.942 2.901 61.73 0.1253
116.327 61.69 59.7400 11.4 1.949 2.918 61.74 0.1249
116.429 61.71 59.7700 9.8 1.944 2.748 61.94 0.1357
116.528 61.73 59.7600 12.4 1.965 3.034 61.67 0.1194
116.628 61.75 59.7800 11.1 1.963 2.893 61.84 0.1283
116.728 61.77 59.8000 11.2 1.969 2.907 61.84 0.1280
116.828 61.78 59.8200 9.9 1.966 2.769 62.01 0.1368
116.930 61.80 59.8300 10.2 1.973 2.799 62.00 0.1355
117.030 61.82 59.8500 8.7 1.968 2.640 62.18 0.1454
117.129 61.84 59.8600 10.7 1.985 2.861 61.98 0.1330
117.229 61.86 59.8700 10.1 1.986 2.803 62.06 0.1369
117.329 61.88 59.8900 9.7 1.988 2.756 62.13 0.1402
117.429 61.90 59.8900 11.9 2.007 2.998 61.91 0.1265
117.530 61.92 59.9200 9.1 1.994 2.691 62.24 0.1451
117.628 61.93 59.9300 9.5 2.001 2.738 62.22 0.1428
117.730 61.95 59.9600 7.6 1.993 2.537 62.44 0.1552
117.830 61.97 59.9800 7.0 1.992 2.471 62.53 0.1594
117.931 61.99 59.9900 8.4 2.004 2.622 62.40 0.1509
118.031 62.01 60.0000 8.5 2.008 2.638 62.41 0.1503
118.130 62.03 60.0200 7.4 2.005 2.516 62.55 0.1581
118.231 62.05 60.0300 8.7 2.016 2.661 62.43 0.1498
118.329 62.07 60.0500 8.2 2.017 2.615 62.50 0.1530
118.431 62.09 60.0700 7.3 2.014 2.510 62.62 0.1595
118.530 62.11 60.1000 5.9 2.008 2.363 62.79 0.1685
118.630 62.12 60.1100 6.2 2.012 2.392 62.79 0.1671
118.730 62.14 60.1100 9.1 2.033 2.721 62.48 0.1481
118.830 62.16 60.1400 7.2 2.024 2.503 62.72 0.1613
118.932 62.18 60.1500 7.4 2.029 2.529 62.72 0.1601
119.031 62.20 60.1600 8.4 2.038 2.645 62.62 0.1537
119.132 62.22 60.1900 7.0 2.032 2.485 62.80 0.1634
119.231 62.24 60.2000 7.0 2.035 2.491 62.82 0.1634
119.331 62.26 60.2200 6.5 2.035 2.441 62.89 0.1667
119.431 62.28 60.2400 6.6 2.037 2.447 62.91 0.1666
119.531 62.30 60.2600 6.5 2.039 2.438 62.94 0.1675
119.631 62.32 60.2700 6.7 2.042 2.459 62.94 0.1666
119.732 62.34 60.2900 6.4 2.043 2.430 62.99 0.1685
119.832 62.35 60.3100 6.8 2.048 2.473 62.97 0.1663
119.933 62.37 60.3200 7.0 2.052 2.501 62.96 0.1650
120.032 62.39 60.3400 6.3 2.050 2.420 63.06 0.1699
120.132 62.41 60.3600 6.3 2.052 2.426 63.08 0.1699
120.233 62.43 60.3500 9.9 2.077 2.820 62.71 0.1470
120.331 62.45 60.3900 6.6 2.060 2.461 63.09 0.1685
120.433 62.47 60.4100 5.8 2.057 2.371 63.20 0.1741
120.531 62.49 60.4200 7.1 2.068 2.517 63.07 0.1658
120.633 62.51 60.4400 6.9 2.069 2.492 63.12 0.1674
120.733 62.53 60.4600 7.2 2.073 2.531 63.10 0.1655
120.832 62.55 60.4800 5.8 2.067 2.376 63.28 0.1750
120.933 62.57 60.5000 6.4 2.073 2.443 63.23 0.1712
121.032 62.59 60.5300 4.1 2.060 2.188 63.51 0.1864
121.134 62.61 60.5300 6.4 2.075 2.440 63.28 0.1717
121.233 62.63 60.5500 5.5 2.072 2.347 63.39 0.1773
121.333 62.65 60.5700 6.0 2.076 2.396 63.36 0.1747
121.434 62.67 60.5900 5.9 2.077 2.385 63.40 0.1756
121.533 62.68 60.5900 8.0 2.093 2.623 63.18 0.1618
121.633 62.70 60.6200 5.9 2.082 2.389 63.44 0.1759
121.734 62.72 60.6400 5.1 2.079 2.301 63.55 0.1813
121.832 62.74 60.6300 10.9 2.118 2.945 62.92 0.1434
121.934 62.76 60.6700 5.7 2.089 2.375 63.51 0.1774
122.034 62.78 60.6900 5.7 2.091 2.372 63.54 0.1778
122.135 62.80 60.7100 6.1 2.095 2.415 63.51 0.1755
122.235 62.82 60.7200 7.1 2.103 2.531 63.42 0.1690
122.334 62.84 60.7300 7.4 2.108 2.564 63.41 0.1672
122.435 62.86 60.7700 3.8 2.087 2.168 63.82 0.1907
122.533 62.88 60.7700 7.1 2.109 2.529 63.48 0.1695
122.635 62.90 60.7800 7.9 2.116 2.615 63.42 0.1648
122.734 62.92 60.8100 6.5 2.110 2.461 63.59 0.1740
122.834 62.94 60.8200 8.3 2.124 2.665 63.41 0.1623
122.935 62.96 60.8400 7.1 2.119 2.535 63.56 0.1703
123.035 62.98 60.9000 0.5 2.079 1.801 64.32 0.2135
123.136 63.00 60.8700 7.9 2.125 2.615 63.52 0.1656
123.236 63.02 60.8800 8.9 2.134 2.727 63.43 0.1593
123.335 63.04 60.9000 8.6 2.136 2.697 63.48 0.1615
123.435 63.06 60.9200 8.3 2.138 2.671 63.53 0.1632
123.535 63.08 60.9400 7.9 2.138 2.625 63.60 0.1663
123.635 63.10 60.9500 8.5 2.144 2.684 63.56 0.1628
123.736 63.12 60.9700 8.9 2.150 2.738 63.53 0.1600
123.834 63.14 60.9800 9.6 2.158 2.812 63.47 0.1561
123.936 63.16 60.9800 11.3 2.173 3.004 63.30 0.1450
124.036 63.17 61.0200 8.0 2.157 2.639 63.69 0.1668
124.136 63.19 61.0300 8.5 2.163 2.695 63.65 0.1637
124.237 63.21 61.0900 2.1 2.124 1.983 64.38 0.2059
124.335 63.23 61.0700 9.0 2.168 2.754 63.63 0.1606
124.437 63.25 61.0800 8.9 2.171 2.735 63.67 0.1619
124.535 63.27 61.0900 10.5 2.185 2.914 63.51 0.1516
124.637 63.29 61.1100 10.2 2.187 2.885 63.57 0.1537
124.737 63.31 61.1200 10.5 2.193 2.922 63.55 0.1518
124.836 63.33 61.1400 9.0 2.188 2.756 63.73 0.1619
124.937 63.35 61.1600 9.9 2.197 2.860 63.65 0.1561
125.036 63.37 61.1700 9.8 2.200 2.840 63.69 0.1576
125.138 63.39 61.2100 7.1 2.186 2.547 64.01 0.1750
125.237 63.41 61.2100 9.4 2.203 2.802 63.77 0.1603
125.337 63.43 61.2200 9.9 2.210 2.861 63.73 0.1571
125.437 63.45 61.2300 11.5 2.225 3.040 63.58 0.1468
125.537 63.47 61.2500 10.5 2.223 2.927 63.71 0.1538
125.638 63.49 61.2600 11.8 2.235 3.068 63.59 0.1457
125.738 63.51 61.2700 11.5 2.239 3.041 63.63 0.1476
125.837 63.53 61.2900 10.6 2.237 2.941 63.76 0.1540
125.937 63.55 61.3100 10.1 2.238 2.886 63.83 0.1575
126.037 63.57 61.3100 12.5 2.257 3.150 63.59 0.1422
126.138 63.59 61.3300 11.6 2.257 3.051 63.71 0.1485
126.239 63.61 61.3400 12.1 2.265 3.110 63.67 0.1452
126.339 63.63 61.3600 11.3 2.265 3.027 63.77 0.1505
126.439 63.65 61.3800 11.1 2.268 3.008 63.81 0.1519
126.538 63.67 61.3800 12.9 2.284 3.205 63.63 0.1406
126.639 63.69 61.4000 12.1 2.284 3.115 63.75 0.1464
126.739 63.71 61.4300 10.8 2.281 2.971 63.91 0.1552
126.838 63.73 61.4200 13.7 2.304 3.297 63.60 0.1363
126.939 63.75 61.4500 12.5 2.302 3.162 63.76 0.1446
127.038 63.77 61.4500 14.2 2.318 3.360 63.58 0.1333
127.140 63.79 61.4700 12.7 2.315 3.190 63.77 0.1437
127.239 63.81 61.4800 13.5 2.325 3.279 63.70 0.1388
127.340 63.83 61.5000 13.4 2.330 3.275 63.73 0.1395
127.440 63.85 61.5100 13.2 2.334 3.252 63.77 0.1412
127.539 63.87 61.5300 12.7 2.336 3.191 63.85 0.1451
127.640 63.89 61.5400 14.2 2.351 3.359 63.70 0.1355
127.739 63.91 61.5600 13.2 2.351 3.254 63.83 0.1423
127.840 63.93 61.5600 15.5 2.371 3.516 63.59 0.1273
127.939 63.95 61.5700 15.2 2.376 3.482 63.64 0.1295
128.039 63.97 61.5900 14.4 2.377 3.390 63.76 0.1355
128.140 63.99 61.6000 14.9 2.387 3.447 63.72 0.1325
128.240 64.01 61.6100 15.6 2.397 3.529 63.66 0.1282
128.341 64.03 61.6000 19.3 2.428 3.940 63.27 0.1045
128.441 64.05 61.6400 13.8 2.402 3.339 63.89 0.1404
128.540 64.07 61.6700 12.6 2.399 3.199 64.05 0.1490
128.640 64.09 61.6700 15.0 2.420 3.474 63.80 0.1331
128.740 64.11 61.6800 15.0 2.426 3.474 63.82 0.1335
128.841 64.13 61.6900 15.9 2.438 3.569 63.74 0.1283
128.941 64.15 61.7000 15.5 2.442 3.532 63.80 0.1309
129.040 64.17 61.7300 13.9 2.439 3.357 63.99 0.1416
129.142 64.19 61.7400 14.8 2.449 3.449 63.92 0.1365
129.241 64.21 61.7500 14.4 2.453 3.408 63.98 0.1393
129.342 64.23 61.7500 16.5 2.473 3.650 63.76 0.1254
129.442 64.25 61.7800 14.9 2.469 3.476 63.96 0.1364
129.541 64.27 61.7900 15.0 2.476 3.485 63.97 0.1360
129.642 64.29 61.8000 15.7 2.487 3.566 63.90 0.1315
129.740 64.31 61.8100 16.3 2.496 3.628 63.86 0.1283
129.842 64.32 61.8200 16.3 2.503 3.629 63.88 0.1286
129.941 64.34 61.8200 19.2 2.529 3.957 63.57 0.1097
130.041 64.36 61.8400 16.8 2.522 3.691 63.86 0.1263
130.141 64.38 61.8500 17.5 2.533 3.777 63.80 0.1216
130.242 64.40 61.8300 23.3 2.579 4.418 63.18 0.0844
130.343 64.42 61.8800 16.7 2.546 3.685 63.92 0.1279
130.443 64.44 61.8800 17.8 2.560 3.807 63.83 0.1215
130.542 64.46 61.9100 15.1 2.550 3.509 64.14 0.1394
130.642 64.48 61.9100 18.3 2.577 3.868 63.81 0.1186
130.742 64.50 61.9200 17.6 2.580 3.794 63.90 0.1235
130.843 64.52 61.9400 16.6 2.580 3.681 64.03 0.1306
130.943 64.54 61.9500 18.0 2.596 3.842 63.89 0.1216
131.042 64.56 61.9600 18.5 2.607 3.901 63.85 0.1185
131.143 64.58 61.9800 17.4 2.608 3.781 63.99 0.1260
131.242 64.60 61.9800 18.4 2.621 3.893 63.90 0.1199
131.344 64.62 62.0100 16.8 2.619 3.721 64.09 0.1304
131.443 64.64 62.0100 18.5 2.636 3.912 63.93 0.1200
131.543 64.66 62.0200 18.7 2.645 3.934 63.92 0.1189
131.643 64.68 62.0400 17.9 2.648 3.853 64.03 0.1244
131.743 64.70 62.0500 17.4 2.651 3.787 64.11 0.1284
131.844 64.72 62.0600 18.9 2.667 3.957 63.96 0.1192
131.944 64.74 62.0700 18.9 2.676 3.961 63.97 0.1191
132.043 64.76 62.0900 18.1 2.678 3.874 64.09 0.1250
132.144 64.78 62.1100 17.0 2.678 3.757 64.22 0.1320
132.244 64.80 62.1300 15.7 2.676 3.611 64.39 0.1413
132.344 64.82 62.1300 17.9 2.696 3.856 64.16 0.1269
132.445 64.84 62.1400 18.4 2.706 3.918 64.12 0.1240
132.543 64.86 62.1500 18.0 2.711 3.871 64.18 0.1269
132.645 64.88 62.1600 18.8 2.722 3.961 64.12 0.1224
132.743 64.90 62.1900 16.8 2.717 3.746 64.35 0.1355
132.845 64.92 62.2000 16.6 2.722 3.725 64.39 0.1368
132.945 64.94 62.2100 17.1 2.731 3.783 64.36 0.1340
133.044 64.96 62.2200 18.5 2.746 3.932 64.22 0.1253
133.145 64.98 62.2300 18.4 2.753 3.922 64.26 0.1266
133.244 65.00 62.2600 16.5 2.748 3.720 64.47 0.1387
133.346 65.02 62.2700 17.2 2.758 3.797 64.42 0.1348
133.445 65.04 62.2800 17.6 2.766 3.841 64.40 0.1327
133.545 65.06 62.2900 17.9 2.775 3.881 64.38 0.1306
133.645 65.08 62.3000 17.6 2.779 3.843 64.44 0.1334
133.745 65.10 62.3200 17.8 2.787 3.868 64.43 0.1323
133.846 65.12 62.3300 18.1 2.796 3.902 64.42 0.1306
133.946 65.14 62.3400 18.4 2.804 3.942 64.40 0.1287
134.045 65.16 62.3500 18.2 2.810 3.919 64.44 0.1305
134.145 65.18 62.3700 18.2 2.817 3.924 64.45 0.1305
134.245 65.20 62.3800 17.9 2.821 3.886 64.51 0.1332
134.346 65.22 62.3900 18.3 2.830 3.934 64.49 0.1308
134.447 65.24 62.4100 17.8 2.833 3.881 64.56 0.1343
134.546 65.26 62.4300 17.3 2.836 3.821 64.64 0.1382
134.647 65.28 62.4400 17.7 2.845 3.875 64.60 0.1354
134.745 65.30 62.4500 18.5 2.856 3.962 64.54 0.1307
134.847 65.32 62.4600 19.0 2.866 4.016 64.50 0.1278
134.947 65.34 62.4700 18.6 2.870 3.979 64.56 0.1305
135.047 65.36 62.5100 15.4 2.856 3.627 64.93 0.1516
135.146 65.38 62.5100 17.2 2.872 3.825 64.76 0.1406
135.246 65.40 62.5200 17.2 2.878 3.825 64.78 0.1406
135.348 65.42 62.5400 17.7 2.887 3.879 64.74 0.1378
135.447 65.44 62.5400 18.7 2.899 3.989 64.65 0.1317
135.548 65.46 62.5700 16.9 2.894 3.796 64.87 0.1438
135.648 65.48 62.5800 17.8 2.905 3.894 64.79 0.1380
135.747 65.50 62.5900 17.5 2.909 3.866 64.83 0.1400
135.847 65.52 62.6100 16.6 2.909 3.762 64.96 0.1465
135.947 65.54 62.6200 18.0 2.923 3.924 64.82 0.1376
136.047 65.56 62.6400 17.7 2.927 3.891 64.87 0.1396
136.148 65.58 62.6600 16.4 2.924 3.739 65.04 0.1489
136.248 65.60 62.6800 15.1 2.921 3.599 65.20 0.1574
136.349 65.62 62.6900 15.8 2.929 3.682 65.14 0.1531
136.448 65.64 62.7100 15.2 2.930 3.610 65.23 0.1573
136.548 65.66 62.7300 15.8 2.938 3.677 65.18 0.1536
136.649 65.68 62.7500 14.9 2.936 3.577 65.30 0.1597
136.747 65.70 62.7600 15.5 2.944 3.645 65.26 0.1563
136.849 65.72 62.7800 14.5 2.941 3.539 65.39 0.1628
136.947 65.74 62.8000 14.6 2.945 3.549 65.40 0.1625
137.049 65.76 62.8500 8.8 2.912 2.913 66.05 0.2001
137.149 65.78 62.8200 16.1 2.959 3.721 65.26 0.1526
137.248 65.80 62.8400 15.3 2.958 3.625 65.38 0.1585
137.350 65.82 62.8600 15.0 2.960 3.592 65.43 0.1607
137.449 65.84 62.8800 15.3 2.966 3.634 65.41 0.1585
137.550 65.86 62.9000 14.8 2.967 3.578 65.49 0.1620
137.649 65.88 62.9100 14.9 2.971 3.580 65.51 0.1621
137.749 65.90 62.9300 14.8 2.974 3.572 65.53 0.1628
137.849 65.92 62.9500 14.1 2.972 3.493 65.63 0.1677
137.949 65.94 62.9600 15.8 2.987 3.679 65.47 0.1569
138.049 65.96 62.9800 14.3 2.981 3.524 65.64 0.1663
138.150 65.98 63.0000 14.0 2.982 3.486 65.70 0.1687
138.249 66.00 63.0200 13.8 2.984 3.461 65.75 0.1704
138.351 66.02 63.0300 14.2 2.989 3.505 65.72 0.1680
138.450 66.04 63.0500 14.7 2.996 3.564 65.68 0.1647
138.550 66.06 63.0700 13.2 2.990 3.401 65.86 0.1745
138.651 66.08 63.0800 14.4 3.000 3.532 65.75 0.1669
138.749 66.10 63.1100 12.7 2.992 3.340 65.97 0.1784
138.851 66.12 63.1200 14.3 3.004 3.516 65.81 0.1682
138.950 66.14 63.1500 12.8 2.997 3.348 66.00 0.1782
139.051 66.16 63.1600 13.3 3.003 3.408 65.96 0.1749
139.151 66.18 63.1900 12.1 2.997 3.267 66.12 0.1833
139.250 66.20 63.2100 11.8 2.996 3.234 66.17 0.1853
139.351 66.22 63.2200 12.8 3.004 3.347 66.08 0.1788
139.450 66.24 63.2400 12.2 3.003 3.287 66.16 0.1824
139.552 66.26 63.2600 11.8 3.002 3.242 66.22 0.1852
139.651 66.28 63.2900 10.8 2.996 3.124 66.36 0.1922
139.751 66.30 63.3000 11.3 3.000 3.180 66.33 0.1890
139.851 66.32 63.3200 11.8 3.004 3.229 66.30 0.1862
139.952 66.34 63.3400 11.9 3.007 3.248 66.30 0.1851
140.051 66.36 63.3500 13.0 3.015 3.362 66.20 0.1785
140.152 66.38 63.3800 10.9 3.004 3.134 66.45 0.1920
140.250 66.40 63.4100 9.6 2.996 2.985 66.62 0.2009
140.352 66.42 63.4200 10.9 3.004 3.130 66.50 0.1923
140.452 66.44 63.4400 11.2 3.007 3.162 66.48 0.1905
140.553 66.46 63.4500 11.8 3.012 3.232 66.43 0.1864
140.653 66.48 63.4800 9.8 3.000 3.005 66.68 0.1998
140.751 66.50 63.5000 10.8 3.006 3.110 66.60 0.1937
140.853 66.52 63.5200 10.8 3.007 3.113 66.61 0.1935
140.951 66.54 63.5300 12.4 3.017 3.285 66.46 0.1835
141.053 66.56 63.5500 11.4 3.013 3.178 66.59 0.1899
141.152 66.58 63.5700 10.6 3.009 3.092 66.69 0.1950
141.252 66.60 63.6200 6.1 2.979 2.589 67.22 0.2246
141.353 66.62 63.6100 11.8 3.014 3.217 66.61 0.1875
141.453 66.64 63.6300 11.0 3.010 3.134 66.71 0.1925
141.554 66.66 63.6400 12.4 3.020 3.285 66.58 0.1837
141.653 66.68 63.6700 10.8 3.011 3.106 66.78 0.1943
141.753 66.70 63.6900 10.6 3.010 3.085 66.82 0.1955
141.853 66.72 63.7300 8.0 2.994 2.796 67.13 0.2126
141.953 66.74 63.7400 9.2 3.000 2.920 67.03 0.2052
142.054 66.76 63.7800 7.1 2.986 2.693 67.27 0.2185
142.154 66.78 63.7900 9.0 2.997 2.899 67.09 0.2063
142.253 66.80 63.8100 9.2 2.997 2.917 67.09 0.2052
142.353 66.82 63.8300 8.9 2.995 2.884 67.14 0.2071
142.453 66.84 63.8500 9.1 2.995 2.904 67.14 0.2059
142.554 66.86 63.8700 8.4 2.990 2.829 67.24 0.2102
142.655 66.88 63.9000 7.6 2.984 2.732 67.35 0.2159
142.754 66.90 63.9200 7.5 2.981 2.721 67.39 0.2165
142.855 66.92 63.9400 7.4 2.979 2.709 67.42 0.2171
142.954 66.94 63.9600 7.7 2.979 2.736 67.41 0.2154
143.054 66.96 63.9700 9.4 2.989 2.931 67.24 0.2038
143.155 66.98 64.0100 7.0 2.973 2.663 67.52 0.2196
143.253 67.00 64.0400 6.1 2.965 2.561 67.65 0.2254
143.355 67.02 64.0500 8.1 2.976 2.779 67.45 0.2125
143.454 67.04 64.0700 7.7 2.972 2.732 67.51 0.2152
143.556 67.06 64.1000 7.0 2.965 2.646 67.62 0.2202
143.656 67.08 64.1200 7.8 2.969 2.738 67.55 0.2146
143.755 67.10 64.1200 9.6 2.979 2.936 67.37 0.2029
143.856 67.12 64.1600 7.8 2.967 2.730 67.60 0.2150
143.954 67.14 64.1900 5.7 2.952 2.502 67.85 0.2283
144.056 67.16 64.2000 8.6 2.968 2.823 67.54 0.2092
144.155 67.18 64.2300 6.7 2.955 2.608 67.78 0.2219
144.255 67.20 64.2500 6.5 2.951 2.588 67.82 0.2229
144.356 67.22 64.2700 6.7 2.950 2.596 67.83 0.2223
144.455 67.24 64.3000 6.6 2.947 2.587 67.86 0.2227
144.557 67.26 64.3200 6.9 2.947 2.623 67.84 0.2204
144.656 67.28 64.3500 5.8 2.938 2.498 67.99 0.2277
144.757 67.30 64.3700 5.8 2.935 2.492 68.02 0.2279
144.857 67.32 64.3900 5.9 2.933 2.498 68.03 0.2274
144.956 67.34 64.4100 7.2 2.938 2.638 67.91 0.2190
145.056 67.36 64.4300 7.5 2.939 2.674 67.89 0.2168
145.156 67.38 64.4500 7.4 2.937 2.667 67.92 0.2171
145.256 67.40 64.4700 8.0 2.939 2.730 67.88 0.2133
145.357 67.42 64.4900 8.2 2.939 2.751 67.88 0.2119
145.457 67.44 64.5100 8.3 2.938 2.756 67.89 0.2116
145.558 67.46 64.5300 8.2 2.937 2.746 67.92 0.2121
145.657 67.48 64.5500 8.4 2.936 2.760 67.93 0.2112
145.758 67.50 64.5700 8.6 2.937 2.786 67.92 0.2096
145.858 67.52 64.5900 8.8 2.937 2.806 67.92 0.2084
145.956 67.54 64.6200 7.7 2.929 2.678 68.07 0.2158
146.058 67.56 64.6300 8.6 2.933 2.784 67.98 0.2096
146.156 67.58 64.6600 7.1 2.923 2.616 68.17 0.2194
146.258 67.60 64.6700 9.0 2.933 2.824 67.98 0.2070
146.357 67.62 64.7000 7.6 2.923 2.666 68.16 0.2163
146.457 67.64 64.7200 8.6 2.928 2.769 68.08 0.2101
146.558 67.66 64.7400 8.5 2.926 2.755 68.11 0.2109
146.658 67.68 64.7600 8.9 2.928 2.799 68.09 0.2082
146.759 67.70 64.7800 8.2 2.922 2.724 68.18 0.2126
146.859 67.72 64.8000 9.2 2.928 2.838 68.09 0.2058
146.958 67.74 64.8100 10.0 2.932 2.919 68.03 0.2010
147.058 67.76 64.8300 10.1 2.932 2.923 68.05 0.2008
147.158 67.78 64.8600 9.4 2.928 2.846 68.14 0.2053
147.258 67.80 64.8800 8.4 2.921 2.733 68.28 0.2119
147.359 67.82 64.9000 9.3 2.926 2.840 68.19 0.2056
147.458 67.84 64.9200 9.4 2.925 2.840 68.21 0.2055
147.559 67.86 64.9300 10.3 2.931 2.943 68.13 0.1994
147.659 67.88 64.9600 10.1 2.929 2.914 68.17 0.2011
147.759 67.90 64.9700 10.6 2.933 2.973 68.13 0.1976
147.860 67.92 64.9900 11.6 2.939 3.086 68.04 0.1911
147.958 67.94 65.0100 10.6 2.933 2.969 68.18 0.1980
148.060 67.96 65.0300 11.0 2.937 3.018 68.15 0.1951
148.159 67.98 65.0400 12.0 2.943 3.123 68.06 0.1890
148.260 68.00 65.0600 12.9 2.950 3.219 67.99 0.1834
148.360 68.02 65.0800 11.9 2.945 3.117 68.11 0.1895
148.458 68.04 65.1000 11.9 2.946 3.116 68.13 0.1896
148.560 68.06 65.1200 12.1 2.948 3.127 68.14 0.1890
148.659 68.08 65.1300 13.2 2.957 3.259 68.03 0.1813
148.761 68.10 65.1500 13.1 2.958 3.245 68.06 0.1822
148.861 68.12 65.1600 13.6 2.962 3.294 68.03 0.1795
148.960 68.15 65.1800 13.5 2.964 3.286 68.06 0.1801
149.061 68.17 65.1900 15.4 2.978 3.494 67.87 0.1679
149.160 68.19 65.2200 13.0 2.965 3.227 68.16 0.1839
149.261 68.21 65.2300 14.7 2.978 3.416 67.99 0.1728
149.361 68.23 65.2500 14.5 2.979 3.389 68.04 0.1746
149.460 68.25 65.2700 13.3 2.974 3.265 68.18 0.1820
149.561 68.27 65.2900 13.1 2.974 3.233 68.24 0.1840
149.661 68.29 65.3100 13.4 2.978 3.274 68.21 0.1817
149.761 68.31 65.3100 15.8 2.995 3.535 67.97 0.1665
149.862 68.33 65.3300 15.8 2.998 3.536 67.99 0.1666
149.960 68.35 65.3600 13.6 2.987 3.289 68.26 0.1813
150.062 68.37 65.3600 15.8 3.003 3.532 68.04 0.1671
150.160 68.39 65.3800 15.2 3.002 3.468 68.12 0.1711
150.262 68.41 65.4200 12.8 2.989 3.200 68.41 0.1870
150.362 68.43 65.4100 16.1 3.012 3.569 68.06 0.1654
150.461 68.45 65.4300 16.1 3.016 3.572 68.08 0.1654
150.562 68.47 65.4500 16.2 3.019 3.577 68.09 0.1653
150.661 68.49 65.4600 16.3 3.023 3.585 68.10 0.1651
150.763 68.51 65.4800 16.1 3.025 3.570 68.14 0.1661
150.863 68.53 65.4800 18.7 3.045 3.853 67.88 0.1497
150.962 68.55 65.5000 17.9 3.045 3.764 67.98 0.1552
151.062 68.57 65.5200 17.6 3.047 3.736 68.03 0.1571
151.162 68.59 65.5500 15.8 3.040 3.535 68.25 0.1692
151.262 68.61 65.5400 18.7 3.062 3.859 67.95 0.1504
151.363 68.63 65.5600 18.4 3.064 3.829 68.00 0.1524
151.462 68.65 65.5800 18.0 3.066 3.777 68.07 0.1557
151.563 68.67 65.5800 19.7 3.081 3.966 67.90 0.1449
151.663 68.69 65.6000 18.9 3.081 3.875 68.01 0.1506
151.763 68.71 65.6300 18.0 3.080 3.779 68.13 0.1565
151.864 68.73 65.6400 18.9 3.090 3.883 68.05 0.1506
151.964 68.75 65.6600 17.2 3.084 3.699 68.25 0.1618
152.064 68.77 65.6700 18.8 3.098 3.873 68.10 0.1518
152.163 68.79 65.6900 17.9 3.096 3.768 68.22 0.1582
152.263 68.81 65.7000 18.6 3.105 3.853 68.16 0.1535
152.364 68.83 65.7200 18.0 3.105 3.781 68.25 0.1580
152.463 68.85 65.7300 19.5 3.119 3.951 68.10 0.1482
152.564 68.87 65.7500 18.6 3.119 3.854 68.21 0.1542
152.663 68.89 65.7600 19.3 3.127 3.930 68.16 0.1500
152.765 68.91 65.7700 20.0 3.137 4.007 68.10 0.1458
152.864 68.93 65.7900 18.9 3.135 3.890 68.24 0.1530
152.965 68.95 65.8100 18.5 3.137 3.845 68.30 0.1559
153.065 68.97 65.7800 25.9 3.189 4.662 67.51 0.1081
153.163 68.99 65.8400 18.6 3.150 3.854 68.34 0.1562
153.265 69.01 65.8400 20.9 3.170 4.115 68.09 0.1411
153.364 69.03 65.8700 18.0 3.156 3.788 68.44 0.1607
153.465 69.05 65.8800 19.4 3.169 3.949 68.30 0.1514
153.565 69.07 65.9000 18.8 3.169 3.877 68.39 0.1560
153.664 69.09 65.9000 20.0 3.181 4.011 68.28 0.1484
153.766 69.11 65.9300 18.3 3.175 3.823 68.49 0.1597
153.865 69.13 65.9400 18.9 3.183 3.896 68.43 0.1556
153.966 69.15 65.9500 20.8 3.200 4.102 68.25 0.1438
154.065 69.17 65.9600 20.6 3.204 4.078 68.29 0.1456
154.165 69.19 65.9800 19.6 3.203 3.974 68.42 0.1520
154.265 69.21 66.0000 19.7 3.208 3.988 68.42 0.1514
154.365 69.23 66.0200 18.7 3.206 3.869 68.56 0.1588
154.466 69.25 66.0300 20.0 3.218 4.021 68.43 0.1500
154.566 69.27 66.0400 21.1 3.230 4.137 68.33 0.1435
154.665 69.29 66.0600 19.4 3.225 3.958 68.53 0.1544
154.765 69.31 66.0700 20.4 3.235 4.059 68.45 0.1487
154.866 69.33 66.0800 20.8 3.243 4.109 68.42 0.1460
154.966 69.35 66.1000 20.6 3.246 4.081 68.47 0.1480
155.067 69.37 66.1200 20.3 3.250 4.055 68.51 0.1498
155.166 69.39 66.1300 20.4 3.255 4.063 68.53 0.1497
155.267 69.41 66.1500 19.7 3.255 3.985 68.62 0.1546
155.366 69.43 66.1500 22.0 3.274 4.241 68.39 0.1398
155.467 69.45 66.1700 21.6 3.278 4.197 68.45 0.1427
155.567 69.47 66.1900 20.0 3.273 4.028 68.64 0.1530
155.666 69.49 66.2000 21.2 3.285 4.160 68.53 0.1455
155.767 69.51 66.2200 20.7 3.287 4.106 68.60 0.1490
155.866 69.53 66.2300 21.9 3.299 4.234 68.50 0.1418
155.968 69.55 66.2500 20.6 3.297 4.094 68.66 0.1504
156.068 69.57 66.2600 21.4 3.307 4.183 68.59 0.1454
156.167 69.59 66.2800 20.3 3.305 4.059 68.73 0.1530
156.268 69.61 66.3000 19.9 3.306 4.014 68.80 0.1560
156.366 69.63 66.3100 20.6 3.315 4.098 68.73 0.1513
156.468 69.65 66.3300 19.7 3.314 3.995 68.85 0.1576
156.567 69.67 66.3500 19.7 3.318 3.999 68.87 0.1577
156.667 69.69 66.3600 19.8 3.323 4.008 68.88 0.1574
156.767 69.71 66.3800 20.2 3.329 4.053 68.86 0.1550
156.868 69.73 66.3900 20.1 3.333 4.044 68.89 0.1557
156.969 69.75 66.4000 20.9 3.342 4.131 68.82 0.1509
157.069 69.77 66.4400 17.4 3.324 3.742 69.23 0.1741
157.168 69.79 66.4500 18.8 3.336 3.900 69.09 0.1650
157.268 69.81 66.4600 19.7 3.345 3.993 69.02 0.1597
157.368 69.83 66.5100 15.5 3.322 3.535 69.49 0.1869
157.468 69.85 66.5000 19.1 3.346 3.926 69.12 0.1639
157.569 69.87 66.5100 20.9 3.361 4.128 68.94 0.1523
157.667 69.89 66.5300 19.2 3.354 3.938 69.15 0.1637
157.769 69.91 66.5600 17.8 3.349 3.785 69.32 0.1729
157.869 69.93 66.5600 19.4 3.362 3.960 69.17 0.1628
157.970 69.95 66.5600 22.8 3.388 4.341 68.81 0.1406
158.070 69.97 66.5900 20.1 3.376 4.040 69.13 0.1586
158.169 69.99 66.6100 19.6 3.376 3.988 69.20 0.1620
158.270 70.01 66.6200 20.3 3.384 4.060 69.15 0.1580
158.368 70.03 66.6400 19.9 3.386 4.014 69.22 0.1609
158.470 70.05 66.6800 16.2 3.365 3.605 69.64 0.1852
158.570 70.07 66.6800 19.2 3.386 3.938 69.33 0.1657
158.669 70.09 66.7000 18.3 3.383 3.836 69.45 0.1719
158.770 70.11 66.7000 21.9 3.410 4.239 69.07 0.1484
158.870 70.13 66.7300 19.4 3.398 3.957 69.37 0.1653
158.970 70.15 66.7500 18.2 3.394 3.832 69.52 0.1728
159.071 70.17 66.7700 18.2 3.397 3.832 69.54 0.1730
159.170 70.19 66.7900 18.2 3.399 3.827 69.56 0.1734
159.271 70.21 66.8100 17.3 3.396 3.727 69.68 0.1795
159.370 70.23 66.8200 18.1 3.403 3.818 69.61 0.1742
159.470 70.25 66.8400 17.6 3.402 3.765 69.68 0.1775
159.571 70.27 66.8600 17.4 3.403 3.740 69.73 0.1791
159.669 70.29 66.8900 16.8 3.400 3.665 69.83 0.1837
159.771 70.31 66.9100 15.9 3.396 3.572 69.94 0.1892
159.870 70.33 66.9200 17.1 3.405 3.698 69.83 0.1819
159.972 70.35 66.9400 16.7 3.404 3.652 69.90 0.1847
160.072 70.37 66.9700 15.6 3.398 3.533 70.04 0.1918
160.171 70.39 66.9800 16.8 3.407 3.667 69.92 0.1840
160.272 70.41 67.0100 14.4 3.393 3.397 70.21 0.1999
160.370 70.43 67.0300 15.3 3.399 3.499 70.13 0.1939
160.472 70.45 67.0400 15.8 3.402 3.550 70.10 0.1910
160.571 70.47 67.0600 16.4 3.407 3.618 70.05 0.1870
160.671 70.49 67.0800 15.5 3.402 3.514 70.18 0.1932
160.772 70.51 67.1100 14.9 3.399 3.450 70.26 0.1970
160.871 70.53 67.1300 14.8 3.399 3.437 70.29 0.1978
160.973 70.55 67.1400 15.9 3.406 3.560 70.19 0.1906
161.072 70.57 67.1600 15.5 3.404 3.512 70.26 0.1935
161.173 70.59 67.1800 15.2 3.403 3.473 70.32 0.1958
161.272 70.61 67.2000 15.6 3.406 3.519 70.29 0.1931
161.372 70.63 67.2200 15.2 3.403 3.469 70.36 0.1961
161.472 70.65 67.2500 14.3 3.398 3.368 70.48 0.2021
161.572 70.67 67.2800 13.1 3.390 3.238 70.63 0.2097
161.672 70.69 67.2900 13.9 3.394 3.325 70.57 0.2045
161.773 70.71 67.3100 13.8 3.393 3.307 70.60 0.2055
161.873 70.73 67.3400 12.7 3.386 3.191 70.74 0.2123
161.974 70.75 67.3700 11.8 3.378 3.089 70.86 0.2183
162.073 70.77 67.3800 13.4 3.387 3.265 70.71 0.2078
162.173 70.79 67.4100 11.9 3.376 3.094 70.90 0.2178
162.274 70.81 67.4300 11.7 3.373 3.067 70.94 0.2193
162.372 70.83 67.4600 11.2 3.368 3.015 71.02 0.2223
162.474 70.85 67.4700 12.8 3.376 3.191 70.86 0.2118
162.573 70.87 67.5000 11.7 3.368 3.060 71.01 0.2194
162.674 70.89 67.5200 12.2 3.369 3.110 70.98 0.2163
162.774 70.91 67.5400 12.6 3.370 3.161 70.95 0.2133
162.873 70.93 67.5800 9.9 3.351 2.858 71.27 0.2310
162.975 70.95 67.5900 11.7 3.360 3.057 71.09 0.2191
163.073 70.97 67.6200 10.1 3.348 2.877 71.29 0.2296
163.175 70.99 67.6400 11.1 3.351 2.985 71.21 0.2231
163.274 71.01 67.6600 10.2 3.343 2.886 71.32 0.2288
163.374 71.03 67.6800 10.5 3.343 2.903 71.30 0.2261
163.475 71.05 67.7500 3.1 3.294 2.056 72.10 0.2718
163.573 71.07 67.7500 6.9 3.313 2.441 71.67 0.2450
163.675 71.08 67.7500 10.3 3.331 2.792 71.28 0.2205
163.774 71.10 67.7700 10.3 3.330 2.766 71.27 0.2183
163.874 71.12 67.7700 14.1 3.353 3.164 70.83 0.1912
163.975 71.14 67.8200 8.0 3.314 2.466 71.48 0.2288
164.075 71.16 67.8500 6.9 3.303 2.319 71.59 0.2337
164.176 71.17 67.8700 7.6 3.303 2.368 71.51 0.2273
164.275 71.19 67.8900 6.9 3.294 2.264 71.57 0.2299
164.375 71.21 67.9200 7.0 3.291 2.254 71.55 0.2271
164.475 71.22 67.9400 5.6 3.277 2.075 71.69 0.2339
164.575 71.24 67.9600 7.1 3.281 2.215 71.51 0.2224
164.675 71.25 67.9700 8.1 3.282 2.300 71.39 0.2140
164.776 71.27 68.0200 4.0 3.251 1.826 71.83 0.2385
164.875 71.28 68.0400 3.8 3.242 1.780 71.85 0.2379
164.976 71.30 68.0600 3.7 3.234 1.744 71.85 0.2367
165.076 71.31 68.0800 4.3 3.230 1.784 71.78 0.2311
165.176 71.32 68.1000 4.5 3.224 1.782 71.75 0.2280
165.277 71.34 68.1300 2.7 3.205 1.560 71.94 0.2379
165.375 71.35 68.1500 3.8 3.203 1.659 71.81 0.2288
165.477 71.36 68.1700 2.8 3.189 1.533 71.91 0.2333
165.576 71.38 68.2000 2.7 3.179 1.498 71.92 0.2324
165.677 71.39 68.2100 3.5 3.175 1.561 71.83 0.2258
165.777 71.40 68.2400 3.3 3.166 1.520 71.84 0.2250
165.876 71.41 68.2500 4.0 3.162 1.583 71.74 0.2183
165.977 71.42 68.2800 2.4 3.142 1.374 71.93 0.2277
166.076 71.44 68.3000 3.4 3.140 1.476 71.80 0.2191
166.178 71.45 68.3200 3.2 3.129 1.425 71.83 0.2192
166.277 71.46 68.3500 1.8 3.110 1.248 71.98 0.2267
166.377 71.47 68.3600 3.0 3.108 1.364 71.84 0.2172
166.477 71.48 68.3900 1.9 3.092 1.231 71.95 0.2225
166.577 71.49 68.4200 0.1 3.069 1.005 72.15 0.2331
166.678 71.50 68.4400 0.8 3.063 1.066 72.06 0.2266
166.778 71.51 68.4500 1.8 3.058 1.151 71.96 0.2189
166.877 71.52 68.4800 1.3 3.044 1.085 72.00 0.2201
166.977 71.53 68.5000 1.0 3.031 1.032 72.03 0.2209
167.078 71.54 68.5200 1.5 3.023 1.065 71.98 0.2164
167.178 71.55 68.5400 0.3 3.004 0.918 72.10 0.2224
167.279 71.56 68.6000 0.0 2.956 0.275 72.73 0.2578
167.377 71.57 68.5800 1.3 2.984 0.993 71.99 0.2128
167.479 71.58 68.5900 2.7 2.981 1.127 71.84 0.2026
167.578 71.58 68.6200 1.3 2.962 0.959 71.98 0.2102
167.679 71.59 68.6400 1.4 2.951 0.950 71.97 0.2082
167.779 71.60 68.6600 2.1 2.945 1.014 71.89 0.2023
167.879 71.61 68.6800 1.1 2.928 0.889 72.00 0.2072
167.978 71.62 68.7000 1.1 2.915 0.868 72.00 0.2065
168.078 71.62 68.7100 2.6 2.914 1.023 71.83 0.1951
168.180 71.63 68.7400 1.2 2.894 0.846 71.99 0.2033
168.280 71.64 68.7600 0.1 2.875 0.715 72.11 0.2090
168.379 71.65 68.7800 0.5 2.865 0.741 72.06 0.2049
168.479 71.65 68.8000 0.7 2.854 0.748 72.04 0.2024
168.579 71.66 68.8200 1.0 2.844 0.760 72.01 0.1998
168.679 71.67 68.8300 1.8 2.838 0.840 71.91 0.1928
168.780 71.67 68.8600 0.2 2.815 0.646 72.10 0.2023
168.879 71.68 68.8700 1.6 2.812 0.787 71.94 0.1920
168.980 71.69 68.8900 0.5 2.793 0.647 72.06 0.1981
169.080 71.69 68.9100 0.1 2.779 0.593 72.10 0.1992
169.180 71.70 68.9300 0.2 2.766 0.584 72.10 0.1979
169.281 71.70 68.9500 1.0 2.759 0.662 72.01 0.1913
169.380 71.71 68.9600 1.2 2.748 0.672 71.98 0.1887
169.481 71.72 68.9800 0.8 2.733 0.607 72.03 0.1907
169.579 71.72 69.0100 0.1 2.717 0.521 72.11 0.1938
169.681 71.73 69.0100 1.7 2.714 0.682 71.94 0.1827
169.781 71.73 69.0300 2.0 2.704 0.704 71.90 0.1796
169.880 71.74 69.0500 2.0 2.693 0.689 71.90 0.1785
169.981 71.74 69.0600 2.5 2.685 0.734 71.84 0.1740
170.080 71.75 69.0800 1.1 2.664 0.570 72.00 0.1822
170.182 71.75 69.1000 2.1 2.658 0.658 71.90 0.1750
170.281 71.76 69.1200 1.3 2.641 0.559 71.99 0.1793
170.382 71.76 69.1300 1.2 2.629 0.544 71.99 0.1787
170.481 71.77 69.1600 0.4 2.611 0.435 72.09 0.1833
170.581 71.77 69.1600 2.3 2.611 0.636 71.88 0.1698
170.681 71.78 69.1700 2.8 2.603 0.683 71.82 0.1655
170.781 71.78 69.1900 2.8 2.591 0.666 71.83 0.1648
170.882 71.79 69.2000 3.3 2.584 0.715 71.77 0.1603
170.982 71.79 69.2100 4.2 2.578 0.797 71.68 0.1541
171.082 71.79 69.2400 2.7 2.558 0.619 71.85 0.1631
171.182 71.80 69.2400 4.8 2.561 0.846 71.61 0.1482
171.282 71.80 69.2600 4.3 2.547 0.776 71.67 0.1510
171.382 71.81 69.2800 3.3 2.531 0.663 71.78 0.1562
171.483 71.81 69.2900 3.9 2.523 0.712 71.72 0.1518
171.582 71.81 69.3000 3.7 2.511 0.680 71.74 0.1523
171.683 71.82 69.3100 4.5 2.506 0.758 71.65 0.1463
171.782 71.82 69.3200 5.1 2.500 0.813 71.59 0.1416
171.882 71.83 69.3300 5.5 2.492 0.850 71.54 0.1380
171.983 71.83 69.3500 4.8 2.478 0.766 71.62 0.1420
172.081 71.83 69.3600 5.9 2.475 0.879 71.50 0.1340
172.184 71.84 69.3700 5.8 2.465 0.849 71.52 0.1344
172.283 71.84 69.4100 2.1 2.432 0.437 71.93 0.1576
172.384 71.84 69.4100 4.6 2.436 0.703 71.65 0.1405
172.484 71.85 69.4100 5.8 2.434 0.821 71.53 0.1322
172.583 71.85 69.4200 7.0 2.432 0.953 71.39 0.1233
172.684 71.85 69.4200 7.5 2.427 1.000 71.33 0.1193
172.782 71.85 69.4500 5.5 2.405 0.769 71.56 0.1320
172.884 71.86 69.4500 7.3 2.407 0.954 71.37 0.1197
172.983 71.86 69.4600 7.9 2.403 1.014 71.30 0.1152
173.083 71.86 69.4600 9.4 2.404 1.176 71.14 0.1049
173.184 71.87 69.4700 8.8 2.393 1.095 71.21 0.1087
173.284 71.87 69.5100 5.0 2.361 0.676 71.62 0.1322
173.385 71.87 69.4900 9.4 2.380 1.152 71.14 0.1032
173.484 71.87 69.5000 9.8 2.375 1.186 71.10 0.1003
173.584 71.88 69.5100 9.8 2.368 1.176 71.10 0.0997
173.684 71.88 69.5200 9.8 2.361 1.167 71.11 0.0994
173.784 71.88 69.5300 9.5 2.352 1.137 71.13 0.1003
173.884 71.88 69.5300 11.1 2.355 1.299 70.96 0.0897
173.985 71.89 69.5300 12.1 2.355 1.402 70.86 0.0828
174.084 71.89 69.5400 12.1 2.350 1.398 70.86 0.0823
174.185 71.89 69.5500 11.6 2.341 1.342 70.91 0.0848
174.285 71.89 69.5500 12.9 2.344 1.476 70.77 0.0762
174.385 71.89 69.5600 12.4 2.336 1.421 70.82 0.0787
174.486 71.90 69.5700 12.1 2.328 1.381 70.85 0.0804
174.584 71.90 69.5700 13.5 2.331 1.521 70.71 0.0714
174.686 71.90 69.5700 13.9 2.329 1.564 70.66 0.0682
174.784 71.90 69.5700 15.0 2.332 1.680 70.54 0.0604
174.886 71.90 69.5800 14.9 2.328 1.660 70.56 0.0612
174.985 71.91 69.6300 7.9 2.278 0.884 71.33 0.1063
175.085 71.91 69.5900 15.6 2.320 1.729 70.48 0.0556
175.186 71.91 69.6100 12.8 2.298 1.412 70.79 0.0737
175.286 71.91 69.6400 9.7 2.273 1.064 71.14 0.0935
175.387 71.91 69.6000 16.7 2.311 1.832 70.36 0.0475
175.486 71.92 69.6100 16.8 2.310 1.844 70.35 0.0462
175.586 71.92 69.6200 16.0 2.301 1.750 70.44 0.0515
175.686 71.92 69.6100 17.6 2.309 1.923 70.26 0.0408
175.786 71.92 69.6100 17.5 2.306 1.908 70.27 0.0411
175.886 71.92 69.6100 18.4 2.309 2.005 70.17 0.0349
175.987 71.92 69.6100 18.8 2.310 2.037 70.13 0.0325
176.086 71.93 69.6200 17.7 2.302 1.918 70.25 0.0391
176.187 71.93 69.6100 19.7 2.312 2.139 70.03 0.0259
176.287 71.93 69.6300 17.6 2.298 1.899 70.26 0.0396
176.387 71.93 69.6300 18.9 2.303 2.032 70.13 0.0312
176.488 71.93 69.6200 20.3 2.311 2.193 69.96 0.0216
176.586 71.93 69.6300 18.6 2.300 1.999 70.15 0.0326
176.688 71.93 69.6500 15.9 2.280 1.693 70.46 0.0502
176.787 71.94 69.6400 18.4 2.293 1.969 70.18 0.0336
176.888 71.94 69.6400 19.7 2.300 2.110 70.03 0.0249
176.988 71.94 69.6400 20.2 2.302 2.162 69.98 0.0214
177.087 71.94 69.6500 18.5 2.290 1.967 70.17 0.0328
177.188 71.94 69.6400 19.9 2.298 2.128 70.01 0.0228
177.288 71.94 69.6500 19.7 2.295 2.096 70.03 0.0243
177.388 71.94 69.6500 20.0 2.296 2.129 70.00 0.0222
177.489 71.94 69.6600 18.5 2.285 1.956 70.17 0.0320
177.589 71.94 69.6500 20.5 2.296 2.179 69.95 0.0187
177.689 71.95 69.6600 19.8 2.291 2.093 70.03 0.0234
177.788 71.95 69.6600 19.8 2.290 2.086 70.03 0.0233
177.888 71.95 69.6600 19.4 2.286 2.051 70.06 0.0252
177.989 71.95 69.6200 26.9 2.334 2.877 69.24 -0.0237
178.088 71.95 69.6700 18.6 2.283 1.956 70.16 0.0306
178.189 71.95 69.6600 20.0 2.290 2.108 70.01 0.0215
178.289 71.95 69.6600 20.1 2.290 2.118 69.99 0.0205
178.390 71.95 69.6700 19.1 2.282 1.997 70.11 0.0276
178.489 71.95 69.6700 19.6 2.283 2.052 70.05 0.0238
178.590 71.95 69.6800 19.1 2.279 1.993 70.11 0.0271
178.690 71.96 69.6800 19.5 2.280 2.041 70.06 0.0239
178.789 71.96 69.6800 19.0 2.275 1.982 70.12 0.0272
178.890 71.96 69.6800 19.4 2.276 2.021 70.08 0.0248
178.989 71.96 69.6800 19.9 2.278 2.072 70.02 0.0214
179.090 71.96 69.6800 20.1 2.278 2.096 70.00 0.0199
179.189 71.96 69.6900 19.2 2.271 1.990 70.10 0.0257
179.289 71.96 69.6900 19.6 2.272 2.031 70.05 0.0228
179.390 71.96 69.6900 19.9 2.273 2.065 70.02 0.0207
179.490 71.96 69.7000 18.8 2.264 1.933 70.15 0.0284
179.591 71.96 69.6800 21.9 2.282 2.278 69.81 0.0080
179.691 71.96 69.7000 19.3 2.265 1.987 70.09 0.0248
179.790 71.96 69.7000 18.8 2.260 1.934 70.15 0.0277
179.890 71.97 69.7100 19.1 2.260 1.958 70.12 0.0262
179.990 71.97 69.7200 17.9 2.251 1.831 70.25 0.0332
180.090 71.97 69.7200 18.4 2.251 1.871 70.20 0.0303
180.191 71.97 69.6900 22.8 2.278 2.359 69.71 0.0014
180.289 71.97 69.7200 18.5 2.250 1.883 70.19 0.0294
180.392 71.97 69.7200 18.1 2.245 1.839 70.23 0.0319
180.491 71.97 69.7300 17.4 2.239 1.761 70.31 0.0360
180.592 71.97 69.7300 18.6 2.243 1.888 70.18 0.0283
180.692 71.97 69.7300 18.0 2.237 1.819 70.25 0.0322
180.790 71.97 69.7400 17.7 2.233 1.787 70.28 0.0340
180.892 71.97 69.7500 17.1 2.226 1.708 70.36 0.0381
180.990 71.97 69.7400 18.4 2.231 1.850 70.21 0.0296
181.092 71.97 69.7500 18.0 2.227 1.808 70.26 0.0318
181.192 71.97 69.7600 16.2 2.212 1.603 70.46 0.0434
181.291 71.97 69.7600 16.8 2.213 1.666 70.39 0.0394
181.392 71.97 69.7700 15.8 2.203 1.558 70.50 0.0456
181.492 71.97 69.7600 17.8 2.212 1.773 70.28 0.0324
181.593 71.98 69.7700 16.8 2.203 1.653 70.40 0.0392
181.692 71.98 69.7900 14.7 2.186 1.428 70.63 0.0522
181.792 71.98 69.8100 13.2 2.171 1.248 70.80 0.0625
181.892 71.98 69.7900 16.1 2.185 1.571 70.48 0.0432
181.992 71.98 69.8000 15.8 2.179 1.536 70.52 0.0451
182.093 71.98 69.8000 15.9 2.176 1.541 70.51 0.0442
182.193 71.98 69.8100 14.7 2.164 1.411 70.64 0.0516
182.292 71.98 69.8100 16.1 2.169 1.564 70.49 0.0422
182.392 71.98 69.8200 15.6 2.162 1.495 70.55 0.0458
182.493 71.98 69.8200 15.8 2.159 1.515 70.54 0.0446
182.593 71.98 69.8200 15.9 2.156 1.532 70.51 0.0431
182.694 71.98 69.8400 14.5 2.143 1.373 70.67 0.0522
182.792 71.98 69.8400 14.5 2.138 1.369 70.68 0.0521
182.894 71.98 69.8500 14.2 2.132 1.332 70.71 0.0538
182.992 71.98 69.8600 13.1 2.120 1.201 70.84 0.0611
183.094 71.98 69.8700 13.4 2.116 1.233 70.81 0.0589
183.194 71.98 69.8700 13.3 2.110 1.225 70.82 0.0590
183.293 71.98 69.8800 13.6 2.107 1.249 70.79 0.0572
183.394 71.98 69.8900 12.9 2.097 1.171 70.87 0.0616
183.494 71.98 69.8900 12.6 2.090 1.137 70.91 0.0632
183.595 71.98 69.9000 12.0 2.080 1.063 70.97 0.0668
183.694 71.98 69.9100 11.9 2.073 1.052 70.98 0.0671
183.794 71.98 69.9200 11.8 2.066 1.025 71.01 0.0682
183.894 71.98 69.9300 10.8 2.053 0.915 71.12 0.0744
183.994 71.98 69.9300 11.7 2.052 1.006 71.03 0.0683
184.094 71.99 69.9500 9.7 2.033 0.783 71.25 0.0813
184.195 71.99 69.9600 10.4 2.030 0.864 71.17 0.0758
184.294 71.99 69.9700 9.7 2.018 0.774 71.26 0.0806
184.395 71.99 69.9800 9.6 2.010 0.765 71.27 0.0807
184.495 71.99 69.9800 10.2 2.006 0.819 71.21 0.0770
184.595 71.99 70.0000 8.6 1.989 0.642 71.38 0.0867
184.696 71.99 69.9600 15.4 2.025 1.394 70.63 0.0419
184.794 71.99 70.0200 7.8 1.972 0.545 71.48 0.0916
184.896 71.99 70.0300 7.3 1.960 0.488 71.54 0.0945
184.995 71.99 70.0300 8.2 1.957 0.581 71.45 0.0884
185.096 71.99 70.0500 6.7 1.938 0.407 71.62 0.0981
185.196 71.99 70.0600 6.0 1.925 0.335 71.69 0.1018
185.295 71.99 70.0700 5.7 1.914 0.295 71.73 0.1035
185.396 71.99 70.0900 4.4 1.895 0.138 71.89 0.1122
185.495 71.99 70.1000 5.6 1.892 0.271 71.76 0.1038
185.597 71.99 70.1100 5.1 1.879 0.213 71.82 0.1066
185.696 71.99 70.1100 6.2 1.876 0.331 71.70 0.0990
185.796 71.99 70.1300 5.6 1.863 0.254 71.77 0.1026
185.897 71.99 70.1300 6.6 1.860 0.360 71.66 0.0958
185.996 71.99 70.1500 5.4 1.843 0.226 71.80 0.1031
186.097 71.99 70.1800 1.5 1.808 -0.213 72.23 0.1283
186.196 71.99 70.1700 5.1 1.819 0.182 71.84 0.1044
186.296 71.99 70.1800 4.9 1.808 0.151 71.87 0.1055
186.396 71.99 70.1900 5.8 1.804 0.244 71.78 0.0995
186.497 71.99 70.2100 4.4 1.785 0.082 71.94 0.1081
186.598 71.99 70.2100 5.3 1.780 0.177 71.85 0.1022
186.697 71.99 70.2300 4.5 1.766 0.084 71.93 0.1068
186.797 71.99 70.2300 5.0 1.759 0.132 71.88 0.1033
186.898 71.99 70.2400 5.2 1.750 0.154 71.87 0.1017
186.996 71.99 70.2800 0.6 1.711 -0.360 72.38 0.1311
187.098 71.99 70.2600 5.4 1.730 0.167 71.85 0.0993
187.197 71.99 70.2900 3.1 1.705 -0.089 72.11 0.1138
187.298 71.99 70.2800 5.3 1.708 0.141 71.88 0.0996
187.398 71.99 70.3100 3.4 1.687 -0.068 72.09 0.1113
187.497 71.99 70.3100 4.6 1.684 0.054 71.96 0.1034
187.599 71.99 70.3200 4.3 1.672 0.013 72.00 0.1050
187.697 71.99 70.3400 3.2 1.655 -0.110 72.12 0.1116
187.799 71.99 70.3500 2.6 1.641 -0.175 72.19 0.1147
187.898 71.99 70.3600 3.1 1.633 -0.133 72.15 0.1116
187.998 71.99 70.3700 2.6 1.619 -0.186 72.20 0.1141
188.098 71.99 70.3900 2.0 1.604 -0.264 72.28 0.1180
188.198 71.99 70.4000 2.8 1.598 -0.186 72.20 0.1127
188.299 71.99 70.4000 3.4 1.591 -0.122 72.13 0.1082
188.399 71.99 70.4300 1.2 1.566 -0.366 72.38 0.1220
188.499 71.99 70.4300 3.0 1.567 -0.171 72.18 0.1098
188.599 71.99 70.4200 5.4 1.572 0.088 71.93 0.0939
188.699 71.99 70.4500 2.1 1.541 -0.279 72.29 0.1150
188.799 71.99 70.4700 1.5 1.526 -0.349 72.36 0.1185
188.900 71.99 70.4800 1.9 1.517 -0.319 72.33 0.1159
188.999 71.99 70.4900 1.7 1.505 -0.339 72.35 0.1165
189.100 71.99 70.5000 1.6 1.493 -0.360 72.37 0.1171
189.199 71.99 70.4900 5.8 1.510 0.106 71.91 0.0889
189.300 71.99 70.5200 2.5 1.479 -0.271 72.29 0.1106
189.400 71.99 70.5300 2.1 1.466 -0.313 72.33 0.1124
189.498 71.99 70.5300 2.9 1.461 -0.230 72.24 0.1069
189.601 72.00 70.5500 2.4 1.447 -0.299 72.31 0.1104
189.699 72.00 70.5700 1.0 1.428 -0.449 72.46 0.1185
189.801 72.00 70.5700 2.4 1.425 -0.309 72.32 0.1096
189.901 72.00 70.5800 1.7 1.410 -0.386 72.39 0.1131
190.000 72.00 70.5900 2.6 1.406 -0.288 72.30 0.1067
190.101 72.00 70.6000 1.9 1.391 -0.374 72.38 0.1112
190.199 72.00 70.6100 3.0 1.387 -0.253 72.27 0.1036
190.301 72.00 70.6200 2.8 1.376 -0.285 72.29 0.1047
190.401 72.00 70.6200 3.6 1.371 -0.201 72.21 0.0991
190.500 72.00 70.6400 2.7 1.356 -0.305 72.31 0.1046
190.601 72.00 70.6500 3.1 1.348 -0.266 72.27 0.1017
190.700 72.00 70.6600 3.3 1.340 -0.249 72.26 0.1001
190.802 72.00 70.6600 4.3 1.337 -0.145 72.15 0.0934
190.901 72.00 70.6700 4.1 1.327 -0.166 72.18 0.0941
191.001 72.00 70.6800 4.2 1.318 -0.159 72.17 0.0932
191.102 72.00 70.6800 5.2 1.316 -0.053 72.06 0.0863
191.201 72.00 70.6900 4.7 1.304 -0.112 72.12 0.0894
191.302 72.00 70.7000 4.5 1.294 -0.141 72.15 0.0902
191.401 72.00 70.7100 5.3 1.291 -0.056 72.06 0.0849
191.501 72.00 70.7100 6.0 1.287 0.014 71.99 0.0800
191.602 72.00 70.7200 5.5 1.276 -0.038 72.05 0.0829
191.702 72.00 70.7300 5.7 1.270 -0.024 72.03 0.0813
191.803 72.00 70.7400 5.5 1.260 -0.055 72.06 0.0829
191.902 72.00 70.7400 5.6 1.253 -0.043 72.05 0.0815
192.002 72.00 70.7600 3.6 1.232 -0.267 72.28 0.0945
192.104 72.00 70.7500 7.8 1.250 0.181 71.82 0.0673
192.202 72.00 70.7500 7.8 1.244 0.185 71.82 0.0669
192.302 72.00 70.7500 9.0 1.245 0.301 71.70 0.0594
192.403 72.00 70.7600 8.2 1.234 0.215 71.79 0.0640
192.502 72.00 70.7700 8.7 1.231 0.263 71.75 0.0612
192.603 72.00 70.7700 8.3 1.222 0.218 71.79 0.0632
192.703 72.00 70.7800 8.4 1.217 0.227 71.78 0.0626
192.803 72.00 70.7900 8.3 1.211 0.215 71.79 0.0627
192.904 72.00 70.7900 8.8 1.208 0.270 71.74 0.0594
193.002 72.00 70.8000 8.6 1.201 0.238 71.77 0.0606
193.104 72.00 70.7900 11.1 1.211 0.503 71.50 0.0446
193.203 72.00 70.7900 11.2 1.207 0.512 71.49 0.0439
193.304 72.00 70.8000 11.0 1.201 0.487 71.52 0.0450
193.404 72.00 70.8000 10.8 1.196 0.459 71.54 0.0464
193.502 72.00 70.8100 9.8 1.185 0.352 71.65 0.0525
193.604 72.00 70.8300 7.2 1.164 0.078 71.93 0.0682
193.703 72.00 70.8000 14.2 1.201 0.813 71.19 0.0246
193.805 72.00 70.8200 11.2 1.179 0.491 71.51 0.0435
193.905 72.00 70.8300 9.9 1.168 0.357 71.65 0.0510
194.004 72.00 70.8300 11.0 1.169 0.469 71.53 0.0441
194.105 72.00 70.8200 13.3 1.179 0.706 71.30 0.0299
194.204 72.00 70.8300 12.0 1.168 0.573 71.43 0.0377
194.305 72.00 70.8200 14.8 1.182 0.856 71.15 0.0207
194.404 72.00 70.8300 12.3 1.165 0.596 71.41 0.0359
194.504 72.00 70.8200 14.6 1.176 0.843 71.16 0.0213
194.604 72.00 70.8300 13.5 1.166 0.718 71.29 0.0284
194.704 72.00 70.8200 15.1 1.173 0.882 71.12 0.0186
194.805 72.00 70.8300 14.8 1.170 0.861 71.14 0.0198
194.906 72.00 70.8200 17.1 1.182 1.091 70.91 0.0061
195.006 72.00 70.8400 13.7 1.161 0.741 71.26 0.0267
195.105 72.00 70.8400 14.2 1.162 0.789 71.21 0.0233
195.205 72.00 70.8300 15.6 1.168 0.934 71.07 0.0150
195.305 72.00 70.8300 15.9 1.168 0.964 71.04 0.0132
195.406 72.00 70.8300 15.8 1.166 0.949 71.06 0.0140
195.506 72.00 70.8300 16.1 1.167 0.983 71.02 0.0116
195.607 72.00 70.8400 14.9 1.159 0.862 71.14 0.0189
195.705 72.00 70.8300 16.3 1.165 1.001 71.00 0.0107
195.807 72.00 70.8300 17.1 1.169 1.090 70.92 0.0054
195.906 72.00 70.8300 16.5 1.165 1.016 70.98 0.0094
196.007 72.00 70.8300 17.1 1.168 1.086 70.92 0.0055
196.107 72.00 70.8400 15.9 1.160 0.962 71.04 0.0128
196.206 72.00 70.8300 17.5 1.168 1.120 70.88 0.0034
196.307 72.00 70.8300 17.9 1.171 1.165 70.83 0.0004
196.406 72.00 70.8300 17.4 1.168 1.115 70.88 0.0033
196.507 72.00 70.8300 18.0 1.171 1.170 70.83 0.0000
196.606 72.00 70.8400 15.9 1.158 0.949 71.05 0.0131
196.706 72.00 70.8400 15.7 1.156 0.934 71.07 0.0139
196.807 72.00 70.8400 16.1 1.156 0.967 71.03 0.0118
196.907 72.00 70.8300 18.0 1.167 1.168 70.83 -0.0001
197.008 72.00 70.8300 18.5 1.170 1.218 70.78 -0.0030
197.108 72.00 70.8400 16.7 1.159 1.028 70.97 0.0082
197.207 72.00 70.8400 17.3 1.162 1.091 70.91 0.0044
197.307 72.00 70.8300 17.9 1.165 1.156 70.84 0.0006
197.407 72.00 70.8300 18.2 1.167 1.185 70.81 -0.0011
197.507 72.00 70.8300 18.8 1.171 1.246 70.75 -0.0047
197.608 72.00 70.8300 17.7 1.164 1.131 70.87 0.0021
197.707 72.00 70.8300 18.4 1.169 1.212 70.79 -0.0027
197.809 72.00 70.8300 18.5 1.170 1.219 70.78 -0.0031
197.908 72.00 70.8400 17.4 1.163 1.100 70.90 0.0039
198.008 72.00 70.8300 18.9 1.172 1.261 70.74 -0.0056
198.109 72.00 70.8300 18.3 1.168 1.192 70.81 -0.0015
198.207 72.00 70.8400 16.5 1.157 1.004 70.99 0.0096
198.309 72.00 70.8300 18.9 1.172 1.260 70.74 -0.0055
198.407 72.00 70.8100 21.3 1.187 1.508 70.49 -0.0201
198.509 72.00 70.8300 17.3 1.164 1.089 70.91 0.0047
198.609 72.00 70.8400 15.9 1.155 0.944 71.05 0.0132
198.708 72.00 70.8400 17.1 1.161 1.065 70.93 0.0060
198.809 72.00 70.8400 16.7 1.158 1.025 70.97 0.0083
198.908 72.00 70.8300 18.3 1.167 1.187 70.81 -0.0013
199.010 72.00 70.8300 18.2 1.166 1.177 70.82 -0.0007
199.109 72.00 70.8400 16.8 1.158 1.035 70.96 0.0077
199.209 72.00 70.8600 13.5 1.137 0.688 71.31 0.0281
199.310 72.00 70.8700 12.5 1.128 0.575 71.42 0.0346
199.409 72.00 70.8500 16.7 1.150 1.020 70.98 0.0081
199.510 72.00 70.8500 17.2 1.153 1.072 70.93 0.0051
199.609 72.00 70.8500 16.4 1.147 0.989 71.01 0.0099
199.709 72.00 70.8600 15.9 1.143 0.933 71.07 0.0132
199.809 72.00 70.8500 17.5 1.152 1.103 70.90 0.0031
199.910 72.00 70.8600 15.6 1.140 0.900 71.10 0.0150
200.011 72.00 70.8500 17.3 1.149 1.076 70.92 0.0045
200.111 72.00 70.8600 15.8 1.139 0.915 71.08 0.0140
200.210 72.00 70.8600 15.3 1.135 0.868 71.13 0.0167
200.310 72.00 70.8600 15.5 1.134 0.881 71.12 0.0158
200.410 72.00 70.8700 15.4 1.132 0.870 71.13 0.0163
200.510 72.00 70.8700 15.3 1.130 0.861 71.14 0.0168
200.611 72.00 70.8700 15.0 1.126 0.829 71.17 0.0186
200.710 72.00 70.8700 16.0 1.131 0.934 71.07 0.0123
200.811 72.00 70.8700 15.9 1.129 0.917 71.08 0.0132
200.911 72.00 70.8800 13.7 1.114 0.692 71.31 0.0264
201.011 72.00 70.8900 13.3 1.109 0.643 71.36 0.0291
201.112 72.00 70.8900 14.5 1.114 0.773 71.23 0.0213
201.211 72.00 70.9000 12.6 1.099 0.566 71.43 0.0333
201.312 72.00 70.8900 14.0 1.105 0.719 71.28 0.0241
201.411 72.00 70.9000 13.3 1.099 0.644 71.35 0.0284
201.511 72.00 70.9200 10.7 1.079 0.360 71.64 0.0449
201.612 72.00 70.9200 11.2 1.078 0.410 71.59 0.0417
201.710 72.00 70.9200 12.7 1.084 0.574 71.43 0.0319
201.812 72.00 70.9200 12.2 1.077 0.519 71.48 0.0349
201.912 72.00 70.9400 10.0 1.060 0.288 71.71 0.0483
202.013 72.00 70.9400 11.2 1.063 0.404 71.60 0.0412
202.113 72.00 70.9400 11.2 1.059 0.411 71.59 0.0405
202.211 72.00 70.9500 10.9 1.053 0.374 71.62 0.0425
202.313 72.00 70.9500 10.3 1.045 0.309 71.69 0.0460
202.411 72.00 70.9600 10.4 1.042 0.322 71.68 0.0450
202.513 72.00 70.9700 8.4 1.025 0.109 71.89 0.0573
202.612 72.00 70.9700 10.4 1.032 0.308 71.69 0.0452
202.712 72.00 70.9900 7.2 1.007 -0.032 72.03 0.0649
202.812 72.00 70.9900 9.1 1.013 0.175 71.82 0.0524
202.912 72.00 71.0000 7.9 1.001 0.045 71.95 0.0597
203.014 72.00 71.0000 8.1 0.996 0.063 71.94 0.0583
203.113 72.00 71.0100 7.1 0.984 -0.045 72.04 0.0643
203.213 72.00 71.0300 6.0 0.971 -0.169 72.17 0.0713
203.313 72.00 71.0200 8.3 0.979 0.075 71.92 0.0565
203.413 72.00 71.0400 5.5 0.955 -0.228 72.23 0.0739
203.513 72.00 71.0400 6.5 0.955 -0.126 72.12 0.0675
203.614 72.00 71.0500 6.5 0.948 -0.129 72.13 0.0673
203.714 72.00 71.0600 6.6 0.942 -0.115 72.11 0.0661
203.813 72.00 71.0700 6.2 0.934 -0.159 72.16 0.0683
203.913 72.00 71.0700 6.3 0.928 -0.152 72.15 0.0675
204.014 72.00 71.0800 6.1 0.920 -0.177 72.18 0.0685
204.114 72.00 71.1000 4.2 0.901 -0.385 72.38 0.0804
204.215 72.00 71.1100 3.4 0.889 -0.464 72.46 0.0846
204.314 72.00 71.1100 4.1 0.885 -0.398 72.40 0.0802
204.414 72.00 71.1200 3.7 0.875 -0.441 72.44 0.0822
204.514 72.00 71.1200 5.2 0.876 -0.288 72.29 0.0727
204.614 72.00 71.1300 5.8 0.873 -0.226 72.23 0.0687
204.715 72.00 71.1400 4.5 0.858 -0.374 72.37 0.0770
204.815 72.00 71.1500 4.5 0.851 -0.372 72.37 0.0764
204.915 72.00 71.1700 2.6 0.832 -0.571 72.57 0.0877
205.016 72.00 71.1600 5.9 0.843 -0.234 72.23 0.0673
205.115 72.00 71.1800 2.9 0.818 -0.550 72.55 0.0855
205.216 72.00 71.1800 3.9 0.816 -0.452 72.45 0.0792
205.316 72.00 71.1900 4.7 0.813 -0.369 72.37 0.0739
205.414 72.00 71.2100 2.2 0.791 -0.636 72.63 0.0892
205.516 72.00 71.2100 2.6 0.785 -0.593 72.59 0.0861
205.614 72.00 71.2100 5.3 0.793 -0.311 72.31 0.0690
205.716 72.00 71.2300 2.6 0.770 -0.599 72.60 0.0856
205.815 72.00 71.2400 2.3 0.760 -0.636 72.64 0.0873
205.915 72.00 71.2500 1.5 0.746 -0.724 72.72 0.0919
206.016 72.00 71.2500 3.0 0.747 -0.566 72.56 0.0820
206.115 72.00 71.2700 1.8 0.732 -0.694 72.69 0.0891
206.217 72.00 71.2700 2.5 0.727 -0.627 72.63 0.0846
206.316 72.00 71.2800 2.7 0.720 -0.607 72.61 0.0830
206.416 72.00 71.3100 0.0 0.687 -1.042 73.04 0.1081
206.517 72.00 71.2900 3.4 0.706 -0.543 72.54 0.0781
206.616 72.00 71.3100 2.0 0.690 -0.700 72.70 0.0868
206.717 72.00 71.3200 1.8 0.680 -0.718 72.72 0.0874
206.816 72.00 71.3500 0.0 0.650 -1.088 73.09 0.1086
206.916 72.00 71.3400 2.0 0.663 -0.706 72.71 0.0856
207.016 72.00 71.3500 1.6 0.652 -0.749 72.75 0.0876
207.117 72.00 71.3700 0.0 0.631 -0.969 72.97 0.1000
207.218 72.00 71.3600 2.6 0.640 -0.651 72.65 0.0807
207.318 72.00 71.3700 1.6 0.626 -0.768 72.77 0.0871
207.417 72.00 71.3700 3.4 0.629 -0.582 72.58 0.0757
207.517 72.00 71.3900 1.5 0.610 -0.782 72.78 0.0870
207.617 72.00 71.4100 0.0 0.591 -0.955 72.95 0.0967
207.717 72.00 71.4100 1.4 0.592 -0.795 72.79 0.0867
207.818 72.00 71.4200 0.7 0.579 -0.878 72.88 0.0910
207.917 72.00 71.4300 0.8 0.571 -0.868 72.87 0.0899
208.018 72.00 71.4400 0.9 0.562 -0.865 72.86 0.0892
208.118 72.00 71.4400 1.8 0.559 -0.772 72.77 0.0832
208.218 72.00 71.4600 0.0 0.538 -1.007 73.01 0.0965
208.319 72.00 71.4600 1.1 0.538 -0.850 72.85 0.0867
208.417 72.00 71.4800 0.0 0.523 -0.968 72.97 0.0932
208.519 72.00 71.4800 0.7 0.518 -0.902 72.90 0.0888
208.617 72.00 71.4900 0.6 0.509 -0.912 72.91 0.0888
208.719 72.00 71.4900 2.4 0.511 -0.732 72.73 0.0777
208.819 72.00 71.5100 0.0 0.487 -1.017 73.02 0.0940
208.918 72.00 71.5100 0.8 0.485 -0.908 72.91 0.0870
209.019 72.00 71.5600 0.0 0.444 -1.466 73.46 0.1193
209.119 72.00 71.5400 0.0 0.456 -1.067 73.07 0.0952
209.220 72.00 71.5500 0.0 0.446 -1.081 73.08 0.0955
209.319 72.00 71.5500 0.7 0.446 -0.928 72.93 0.0859
209.419 72.00 71.5700 0.0 0.425 -1.145 73.14 0.0981
209.519 72.00 71.5700 0.3 0.426 -0.974 72.97 0.0875
209.619 72.00 71.5800 0.3 0.417 -0.986 72.99 0.0877
209.719 72.00 71.6000 0.0 0.397 -1.184 73.18 0.0988
209.820 72.00 71.6100 0.0 0.387 -1.205 73.20 0.0995
209.919 72.00 71.6100 0.2 0.389 -0.999 73.00 0.0868
210.020 72.00 71.6200 0.0 0.377 -1.076 73.07 0.0908
210.120 72.00 71.6400 0.0 0.354 -1.315 73.31 0.1043
210.220 72.00 71.6600 0.0 0.334 -1.483 73.48 0.1136
210.321 72.00 71.6700 0.0 0.331 -1.354 73.35 0.1053
210.419 72.00 71.6800 0.0 0.319 -1.388 73.39 0.1067
210.521 72.00 71.6900 0.0 0.309 -1.397 73.40 0.1066
210.620 72.00 71.7000 0.0 0.298 -1.417 73.42 0.1072
210.721 72.00 71.7100 0.0 0.290 -1.378 73.38 0.1043
210.821 72.00 71.7100 0.0 0.286 -1.270 73.27 0.0972
210.920 72.00 71.7100 0.0 0.284 -1.156 73.15 0.0900
211.021 72.00 71.7400 0.0 0.257 -1.463 73.46 0.1075
211.120 72.00 71.7300 0.0 0.267 -1.133 73.13 0.0875
211.222 72.00 71.7400 0.0 0.254 -1.209 73.21 0.0914
211.321 72.00 71.7600 0.0 0.241 -1.276 73.27 0.0948
211.421 72.00 71.7500 0.0 0.244 -1.080 73.08 0.0827
211.522 72.00 71.7600 0.0 0.234 -1.110 73.11 0.0841
211.621 72.00 71.7600 1.5 0.237 -0.926 72.92 0.0727
211.722 72.00 71.8200 0.0 0.182 -1.759 73.76 0.1213
211.821 72.00 71.7800 1.2 0.217 -0.964 72.96 0.0738
211.921 72.00 71.8100 0.0 0.190 -1.297 73.30 0.0930
212.021 72.00 71.7800 4.2 0.219 -0.662 72.66 0.0550
212.121 72.00 71.7900 4.0 0.212 -0.684 72.68 0.0560
212.223 72.00 71.7900 5.0 0.213 -0.578 72.58 0.0495
212.322 72.00 71.7800 6.1 0.215 -0.468 72.47 0.0427
212.423 72.00 71.8000 4.2 0.199 -0.668 72.67 0.0542
212.522 72.00 71.8000 5.4 0.201 -0.548 72.55 0.0469
212.622 72.00 71.8000 6.1 0.201 -0.473 72.47 0.0422
212.722 72.00 71.8100 4.7 0.189 -0.622 72.62 0.0507
212.822 72.00 71.8100 5.5 0.189 -0.538 72.54 0.0454
212.923 72.00 71.8100 6.2 0.189 -0.471 72.47 0.0412
213.023 72.00 71.8100 7.3 0.192 -0.352 72.35 0.0340
213.123 72.00 71.8100 6.6 0.184 -0.431 72.43 0.0384
213.223 72.00 71.8100 8.2 0.190 -0.264 72.26 0.0284
213.323 72.00 71.8100 8.5 0.189 -0.232 72.23 0.0264
213.423 72.00 71.7800 13.7 0.219 0.311 71.69 -0.0057
213.524 72.00 71.8100 8.6 0.188 -0.222 72.22 0.0256
213.623 72.00 71.8200 8.1 0.182 -0.275 72.27 0.0286
213.724 72.00 71.8200 7.3 0.175 -0.356 72.36 0.0332
213.823 72.00 71.8100 10.6 0.191 -0.021 72.02 0.0133
213.924 72.00 71.8100 10.6 0.191 -0.016 72.02 0.0129
214.024 72.00 71.8000 11.7 0.196 0.093 71.91 0.0064
214.123 72.00 71.8100 11.3 0.193 0.059 71.94 0.0084
214.225 72.00 71.8100 10.0 0.184 -0.083 72.08 0.0167
214.324 72.00 71.8300 7.3 0.166 -0.366 72.36 0.0332
214.425 72.00 71.8000 13.4 0.200 0.271 71.73 -0.0044
214.524 72.00 71.8200 9.3 0.176 -0.151 72.15 0.0204
214.624 72.00 71.8000 13.5 0.199 0.283 71.72 -0.0052
214.724 72.00 71.7900 14.3 0.205 0.371 71.63 -0.0104
214.824 72.00 71.7900 15.5 0.213 0.493 71.51 -0.0175
214.924 72.00 71.7800 15.8 0.217 0.526 71.47 -0.0193
215.025 72.00 71.7800 15.2 0.215 0.467 71.53 -0.0158
215.124 72.00 71.7800 15.7 0.219 0.511 71.49 -0.0183
215.226 72.00 71.7700 16.8 0.228 0.629 71.37 -0.0251
215.325 72.00 71.7700 16.4 0.228 0.591 71.41 -0.0227
215.426 72.00 71.7600 18.0 0.240 0.760 71.24 -0.0325
215.526 72.00 71.7600 17.5 0.240 0.708 71.29 -0.0292
215.624 72.00 71.7200 22.7 0.275 1.253 70.75 -0.0611
215.726 72.00 71.7500 17.4 0.248 0.704 71.29 -0.0285
215.824 72.00 71.7400 18.2 0.256 0.783 71.22 -0.0330
215.926 72.00 71.7400 17.5 0.255 0.714 71.28 -0.0287
216.026 72.00 71.7100 21.8 0.284 1.166 70.83 -0.0551
216.125 72.00 71.7100 21.7 0.289 1.161 70.84 -0.0545
216.226 72.00 71.6900 23.4 0.304 1.336 70.66 -0.0645
216.325 72.00 71.6900 23.6 0.312 1.358 70.64 -0.0654
216.427 72.00 71.6700 25.3 0.329 1.544 70.46 -0.0759
216.526 72.00 71.6600 25.4 0.336 1.549 70.45 -0.0758
216.626 72.00 71.6800 22.1 0.323 1.212 70.79 -0.0555
216.726 72.00 71.6500 26.1 0.354 1.635 70.36 -0.0801
216.826 72.00 71.6300 27.5 0.370 1.784 70.21 -0.0884
216.927 72.00 71.6200 27.5 0.378 1.781 70.22 -0.0877
217.026 72.00 71.6200 26.0 0.377 1.629 70.37 -0.0783
217.126 72.00 71.6100 27.4 0.394 1.781 70.22 -0.0867
217.226 72.00 71.5800 29.4 0.414 1.996 70.00 -0.0989
217.327 72.00 71.5700 29.8 0.427 2.043 69.96 -0.1010
217.428 72.00 71.5700 28.8 0.430 1.939 70.06 -0.0943
217.528 72.00 71.5500 29.7 0.445 2.037 69.96 -0.0996
217.627 72.00 71.5500 28.2 0.445 1.887 70.11 -0.0901
217.727 72.00 71.5400 29.9 0.464 2.058 69.94 -0.0996
217.827 72.00 71.5300 28.9 0.468 1.965 70.03 -0.0936
217.928 72.00 71.5200 29.8 0.482 2.061 69.94 -0.0987
218.027 72.00 71.5100 29.1 0.487 1.989 70.01 -0.0939
218.127 72.00 71.5100 28.2 0.490 1.897 70.10 -0.0879
218.227 72.00 71.4900 29.0 0.504 1.986 70.01 -0.0926
218.328 72.00 71.4900 28.9 0.512 1.982 70.02 -0.0918
218.428 72.00 71.4800 29.2 0.523 2.017 69.98 -0.0934
218.529 72.00 71.4700 28.8 0.529 1.970 70.03 -0.0901
218.628 72.00 71.4700 26.8 0.526 1.765 70.23 -0.0775
218.729 72.00 71.4600 27.6 0.538 1.849 70.15 -0.0819
218.828 72.00 71.4400 29.0 0.554 2.000 70.00 -0.0903
218.928 72.00 71.4400 28.1 0.558 1.914 70.09 -0.0847
219.029 72.00 71.4300 28.2 0.567 1.927 70.07 -0.0851
219.128 72.00 71.4300 26.8 0.566 1.783 70.22 -0.0761
219.228 72.00 71.4300 26.8 0.573 1.783 70.22 -0.0756
219.328 72.00 71.4200 27.1 0.582 1.817 70.18 -0.0772
219.429 72.00 71.4000 28.2 0.597 1.940 70.06 -0.0839
219.530 72.00 71.3900 28.5 0.607 1.969 70.03 -0.0851
219.629 72.00 71.3900 27.2 0.607 1.841 70.16 -0.0771
219.730 72.00 71.3800 28.5 0.622 1.975 70.02 -0.0845
219.829 72.00 71.3700 28.2 0.629 1.947 70.05 -0.0824
219.929 72.00 71.3600 28.2 0.637 1.954 70.04 -0.0823
220.030 72.00 71.3700 26.4 0.633 1.761 70.24 -0.0705
220.129 72.00 71.3700 25.1 0.632 1.635 70.36 -0.0627
220.230 72.00 71.3500 27.3 0.652 1.864 70.14 -0.0757
220.330 72.00 71.3500 25.9 0.650 1.715 70.28 -0.0665
220.430 72.00 71.3400 26.4 0.660 1.777 70.22 -0.0698
220.531 72.00 71.3400 25.9 0.663 1.724 70.28 -0.0663
220.631 72.00 71.3300 26.3 0.672 1.767 70.23 -0.0684
220.731 72.00 71.3300 25.2 0.672 1.657 70.34 -0.0616
220.830 72.00 71.3300 23.2 0.666 1.451 70.55 -0.0491
220.930 72.00 71.3200 24.7 0.679 1.605 70.39 -0.0578
221.031 72.00 71.3100 25.1 0.687 1.645 70.35 -0.0599
221.131 72.00 71.3100 23.7 0.684 1.500 70.50 -0.0510
221.231 72.00 71.3500 17.5 0.651 0.856 71.14 -0.0128
221.331 72.00 71.3100 24.0 0.692 1.536 70.46 -0.0527
221.431 72.00 71.3200 21.2 0.680 1.247 70.75 -0.0354
221.531 72.00 71.3000 23.3 0.697 1.464 70.53 -0.0480
221.631 72.00 71.3000 22.4 0.696 1.376 70.62 -0.0425
221.732 72.00 71.3100 20.1 0.686 1.137 70.86 -0.0282
221.831 72.00 71.3100 19.8 0.686 1.100 70.90 -0.0258
221.932 72.00 71.3100 19.7 0.688 1.092 70.91 -0.0252
222.031 72.00 71.3100 18.6 0.684 0.979 71.02 -0.0185
222.131 72.00 71.3100 18.8 0.687 1.002 71.00 -0.0197
222.232 72.00 71.3100 18.5 0.687 0.965 71.03 -0.0174
222.332 72.00 71.3200 16.9 0.679 0.805 71.19 -0.0079
222.433 72.00 71.3200 16.8 0.679 0.795 71.20 -0.0072
222.532 72.00 71.3200 16.0 0.675 0.709 71.29 -0.0021
222.632 72.00 71.3400 14.1 0.663 0.509 71.49 0.0097
222.733 72.00 71.3400 12.8 0.654 0.375 71.62 0.0175
222.831 72.00 71.3500 12.0 0.647 0.284 71.71 0.0227
222.933 72.00 71.3500 13.0 0.651 0.387 71.61 0.0165
223.032 72.00 71.3500 12.1 0.644 0.294 71.70 0.0219
223.132 72.00 71.3400 14.5 0.657 0.548 71.45 0.0068
223.233 72.00 71.3600 11.1 0.635 0.182 71.82 0.0283
223.331 72.00 71.3700 11.1 0.633 0.189 71.81 0.0277
223.434 72.00 71.3800 9.6 0.621 0.031 71.97 0.0369
223.533 72.00 71.4000 6.6 0.598 -0.292 72.29 0.0556
223.635 72.00 71.4000 7.7 0.600 -0.172 72.17 0.0483
223.733 72.00 71.4100 6.3 0.587 -0.325 72.32 0.0570
223.833 72.00 71.4100 7.5 0.589 -0.197 72.20 0.0491
223.934 72.00 71.4300 5.5 0.571 -0.418 72.42 0.0618
224.032 72.00 71.4500 3.1 0.551 -0.670 72.67 0.0763
224.134 72.00 71.4600 2.9 0.542 -0.689 72.69 0.0770
224.233 72.00 71.4700 2.0 0.529 -0.787 72.79 0.0823
224.333 72.00 71.4800 1.6 0.519 -0.836 72.83 0.0846
224.434 72.00 71.4800 2.5 0.516 -0.742 72.74 0.0786
224.534 72.00 71.5300 0.0 0.472 -1.368 73.37 0.1150
224.635 72.00 71.5100 1.1 0.489 -0.899 72.90 0.0868
224.734 72.00 71.5400 0.0 0.459 -1.261 73.26 0.1075
224.834 72.00 71.5500 0.0 0.446 -1.308 73.31 0.1096
224.935 72.00 71.5700 0.0 0.432 -1.370 73.37 0.1127
225.033 72.00 71.5800 0.0 0.419 -1.420 73.42 0.1149
225.135 72.00 71.6000 0.0 0.404 -1.493 73.49 0.1186
225.234 72.00 71.6200 0.0 0.375 -1.788 73.79 0.1352
225.334 72.00 71.6500 0.0 0.346 -2.072 74.07 0.1511
225.434 72.00 71.6600 0.0 0.340 -1.933 73.93 0.1420
225.535 72.00 71.7000 0.0 0.299 -2.406 74.40 0.1690
225.636 72.00 71.7300 0.0 0.268 -2.655 74.65 0.1827
225.736 72.00 71.7500 0.0 0.249 -2.687 74.69 0.1835
225.835 72.00 71.7700 0.0 0.233 -2.670 74.67 0.1814
225.935 72.00 71.8000 0.0 0.200 -2.933 74.93 0.1958
226.035 72.00 71.8100 0.0 0.187 -2.847 74.85 0.1896
226.136 72.00 71.8400 0.0 0.163 -2.944 74.94 0.1942
226.236 72.00 71.8400 0.0 0.156 -2.753 74.75 0.1818
226.335 72.00 71.8700 0.0 0.128 -2.935 74.93 0.1915
226.435 72.00 71.8800 0.0 0.123 -2.726 74.72 0.1780
226.536 72.00 71.9000 0.0 0.096 -2.897 74.90 0.1871
226.636 72.00 71.9200 0.0 0.076 -2.935 74.93 0.1882
226.737 72.00 71.9400 0.0 0.061 -2.889 74.89 0.1844
226.836 72.00 71.9600 0.0 0.039 -2.970 74.97 0.1881
226.937 72.00 71.9800 0.0 0.019 -3.010 75.01 0.1893
227.036 72.00 72.0100 0.0 -0.007 -3.144 75.14 0.1961
227.136 72.00 72.0200 0.0 -0.022 -3.082 75.08 0.1913
227.237 72.00 72.0400 0.0 -0.040 -3.091 75.09 0.1907
227.336 72.00 72.0600 0.0 -0.060 -3.127 75.13 0.1917
227.437 72.00 72.0700 0.0 -0.071 -2.994 74.99 0.1827
227.537 72.00 72.0900 0.0 -0.091 -3.051 75.05 0.1850
227.638 72.00 72.1200 0.0 -0.117 -3.197 75.20 0.1925
227.738 72.00 72.1300 0.0 -0.136 -3.213 75.21 0.1923
227.836 72.00 72.1400 0.0 -0.145 -3.049 75.05 0.1815
227.938 72.00 72.1700 0.0 -0.171 -3.207 75.21 0.1898
228.037 72.00 72.1800 0.0 -0.178 -3.022 75.02 0.1778
228.138 72.00 72.2000 0.0 -0.198 -3.078 75.08 0.1800
228.238 72.00 72.2200 0.0 -0.217 -3.114 75.11 0.1811
228.337 72.00 72.2400 0.0 -0.242 -3.256 75.25 0.1883
228.438 72.00 72.2600 0.0 -0.263 -3.309 75.31 0.1903
228.537 72.00 72.2700 0.0 -0.274 -3.192 75.19 0.1824
228.639 72.00 72.2900 0.0 -0.291 -3.183 75.18 0.1807
228.738 72.00 72.3100 0.0 -0.308 -3.181 75.18 0.1796
228.838 72.00 72.3300 0.0 -0.333 -3.315 75.31 0.1864
228.939 72.00 72.3400 0.0 -0.342 -3.182 75.18 0.1775
229.038 72.00 72.3700 0.0 -0.369 -3.344 75.34 0.1860
229.139 72.00 72.3800 0.0 -0.379 -3.232 75.23 0.1783
229.238 72.00 72.4000 0.0 -0.400 -3.301 75.30 0.1813
229.338 72.00 72.4200 0.0 -0.425 -3.431 75.43 0.1879
229.438 72.00 72.4400 0.0 -0.442 -3.418 75.42 0.1860
229.538 72.00 72.4600 0.0 -0.458 -3.389 75.39 0.1832
229.639 72.00 72.4800 0.0 -0.478 -3.436 75.44 0.1849
229.739 72.00 72.4900 0.0 -0.494 -3.420 75.42 0.1829
229.840 72.00 72.5000 0.0 -0.503 -3.271 75.27 0.1730
229.940 72.00 72.5200 0.0 -0.522 -3.329 75.33 0.1754
230.039 72.00 72.5300 0.0 -0.536 -3.281 75.28 0.1716
230.139 72.00 72.5500 0.0 -0.549 -3.220 75.22 0.1669
230.239 72.00 72.5700 0.0 -0.571 -3.334 75.33 0.1727
230.340 72.00 72.5700 0.0 -0.576 -3.141 75.14 0.1603
230.440 72.00 72.6000 0.0 -0.599 -3.269 75.27 0.1669
230.540 72.00 72.6000 0.0 -0.606 -3.132 75.13 0.1579
230.641 72.00 72.6200 0.0 -0.619 -3.092 75.09 0.1546
230.740 72.00 72.6300 0.0 -0.630 -3.031 75.03 0.1501
230.840 72.00 72.6500 0.0 -0.651 -3.156 75.15 0.1565
230.941 72.00 72.6600 0.0 -0.657 -3.013 75.01 0.1472
231.039 72.00 72.6700 0.0 -0.674 -3.060 75.06 0.1491
231.141 72.00 72.6800 0.0 -0.681 -2.940 74.94 0.1412
231.239 72.00 72.6900 0.0 -0.688 -2.830 74.83 0.1339
231.341 72.00 72.7000 0.0 -0.702 -2.854 74.85 0.1345
231.441 72.00 72.7100 0.0 -0.707 -2.719 74.72 0.1258
231.540 72.00 72.7200 0.0 -0.719 -2.728 74.73 0.1256
231.641 72.00 72.7300 0.0 -0.726 -2.655 74.65 0.1205
231.740 72.00 72.7500 0.0 -0.748 -2.833 74.83 0.1303
231.842 72.00 72.7600 0.0 -0.756 -2.760 74.76 0.1252
231.941 72.00 72.7500 0.0 -0.751 -2.473 74.47 0.1076
232.041 72.00 72.7600 0.0 -0.761 -2.462 74.46 0.1063
232.142 72.00 72.7700 0.0 -0.772 -2.485 74.48 0.1071
232.240 72.00 72.7700 0.0 -0.774 -2.356 74.35 0.0988
232.342 72.00 72.7800 0.0 -0.781 -2.300 74.30 0.0950
232.441 72.00 72.7900 0.0 -0.789 -2.297 74.30 0.0943
232.541 72.00 72.7800 0.0 -0.783 -2.047 74.05 0.0790
232.641 72.00 72.8000 0.0 -0.797 -2.147 74.15 0.0844
232.742 72.00 72.7900 0.0 -0.793 -1.943 73.94 0.0719
232.843 72.00 72.8000 0.0 -0.802 -1.983 73.98 0.0738
232.944 72.00 72.8000 0.0 -0.804 -1.909 73.91 0.0690
233.042 72.00 72.8100 0.0 -0.808 -1.860 73.86 0.0657
233.143 72.00 72.8100 0.0 -0.808 -1.746 73.74 0.0587
233.242 72.00 72.8000 0.1 -0.798 -1.497 73.50 0.0437
233.342 72.00 72.8100 0.0 -0.810 -1.621 73.62 0.0507
233.443 72.00 72.8000 1.1 -0.802 -1.399 73.40 0.0373
233.541 72.00 72.7900 2.8 -0.794 -1.217 73.22 0.0264
233.643 72.00 72.8100 1.0 -0.808 -1.413 73.41 0.0378
233.743 72.00 72.8000 2.5 -0.802 -1.253 73.25 0.0282
233.844 72.00 72.8000 2.8 -0.803 -1.219 73.22 0.0260
233.944 72.00 72.7900 5.5 -0.789 -0.934 72.93 0.0091
234.042 72.00 72.8000 3.5 -0.802 -1.152 73.15 0.0218
234.144 72.00 72.7900 5.9 -0.790 -0.901 72.90 0.0070
234.243 72.00 72.7900 5.7 -0.791 -0.915 72.91 0.0077
234.344 72.00 72.8000 4.9 -0.797 -1.002 73.00 0.0128
234.444 72.00 72.7900 5.8 -0.793 -0.910 72.91 0.0073
234.543 72.00 72.7800 8.6 -0.776 -0.616 72.61 -0.0100
234.644 72.00 72.7800 7.6 -0.781 -0.718 72.72 -0.0040
234.743 72.00 72.7800 7.4 -0.782 -0.743 72.74 -0.0024
234.845 72.00 72.7600 10.8 -0.761 -0.382 72.38 -0.0237
234.944 72.00 72.7700 8.4 -0.773 -0.627 72.63 -0.0091
235.044 72.00 72.7500 11.4 -0.754 -0.313 72.31 -0.0276
235.145 72.00 72.7500 11.6 -0.750 -0.296 72.29 -0.0284
235.243 72.00 72.7500 11.2 -0.750 -0.336 72.33 -0.0259
235.345 72.00 72.7300 13.4 -0.734 -0.101 72.10 -0.0396
235.444 72.00 72.7400 10.8 -0.746 -0.371 72.37 -0.0234
235.544 72.00 72.7200 14.6 -0.720 0.026 71.97 -0.0466
235.644 72.00 72.7300 12.8 -0.727 -0.157 72.16 -0.0356
235.744 72.00 72.7200 12.6 -0.725 -0.184 72.18 -0.0338
235.846 72.00 72.7100 14.2 -0.712 -0.011 72.01 -0.0438
235.946 72.00 72.7100 13.4 -0.712 -0.092 72.09 -0.0388
236.045 72.00 72.6900 16.4 -0.690 0.225 71.77 -0.0572
236.145 72.00 72.6900 15.3 -0.691 0.109 71.89 -0.0500
236.245 72.00 72.6800 16.5 -0.679 0.236 71.76 -0.0572
236.345 72.00 72.6700 16.8 -0.671 0.275 71.72 -0.0591
236.446 72.00 72.6700 15.4 -0.675 0.128 71.87 -0.0501
236.545 72.00 72.6700 15.6 -0.669 0.147 71.85 -0.0510
236.646 72.00 72.6600 16.4 -0.659 0.237 71.76 -0.0560
236.746 72.00 72.6700 13.5 -0.671 -0.068 72.07 -0.0377
236.847 72.00 72.6300 18.9 -0.634 0.505 71.49 -0.0712
236.947 72.00 72.6200 20.2 -0.619 0.643 71.36 -0.0789
237.046 72.00 72.6300 17.5 -0.628 0.365 71.63 -0.0620
237.147 72.00 72.6200 18.1 -0.619 0.426 71.57 -0.0653
237.246 72.00 72.6100 19.1 -0.606 0.531 71.47 -0.0711
237.347 72.00 72.6000 18.2 -0.605 0.445 71.55 -0.0656
237.447 72.00 72.6000 17.7 -0.601 0.398 71.60 -0.0625
237.546 72.00 72.5800 20.6 -0.578 0.700 71.30 -0.0798
237.647 72.00 72.5700 20.9 -0.568 0.735 71.26 -0.0815
237.746 72.00 72.5600 21.2 -0.558 0.776 71.22 -0.0834
237.848 72.00 72.5600 19.3 -0.562 0.579 71.42 -0.0713
237.947 72.00 72.5500 19.6 -0.553 0.612 71.39 -0.0728
238.048 72.00 72.5400 20.6 -0.540 0.722 71.28 -0.0789
238.148 72.00 72.5400 19.3 -0.540 0.585 71.41 -0.0703
238.247 72.00 72.5100 22.4 -0.515 0.907 71.09 -0.0889
238.348 72.00 72.5100 22.1 -0.508 0.886 71.11 -0.0871
238.447 72.00 72.4900 22.9 -0.494 0.974 71.02 -0.0918
238.548 72.00 72.4800 23.8 -0.480 1.068 70.93 -0.0967
238.647 72.00 72.4800 22.8 -0.477 0.966 71.03 -0.0902
238.747 72.00 72.4600 24.4 -0.459 1.134 70.86 -0.0995
238.849 72.00 72.4600 22.6 -0.460 0.953 71.05 -0.0883
238.948 72.00 72.4500 22.6 -0.451 0.961 71.04 -0.0882
239.049 72.00 72.4400 22.2 -0.445 0.925 71.07 -0.0856
239.148 72.00 72.4200 25.1 -0.419 1.230 70.77 -0.1031
239.248 72.00 72.4100 25.5 -0.407 1.273 70.73 -0.1050
239.348 72.00 72.4000 24.6 -0.402 1.180 70.82 -0.0989
239.448 72.00 72.3900 24.8 -0.391 1.210 70.79 -0.1001
239.549 72.00 72.3800 25.5 -0.378 1.282 70.72 -0.1037
239.649 72.00 72.3700 25.6 -0.367 1.301 70.70 -0.1043
239.749 72.00 72.3600 25.1 -0.360 1.248 70.75 -0.1005
239.849 72.00 72.3500 24.9 -0.351 1.237 70.76 -0.0992
239.949 72.00 72.3500 23.8 -0.349 1.125 70.87 -0.0921
240.049 72.00 72.3300 25.0 -0.332 1.251 70.75 -0.0990
240.150 72.00 72.3100 26.8 -0.312 1.439 70.56 -0.1094
240.249 72.00 72.3000 27.1 -0.300 1.477 70.52 -0.1110
240.349 72.00 72.2900 25.9 -0.296 1.357 70.64 -0.1033
240.449 72.00 72.2800 25.9 -0.286 1.366 70.63 -0.1033
240.549 72.00 72.2600 27.6 -0.266 1.541 70.46 -0.1130
240.650 72.00 72.2700 25.7 -0.267 1.347 70.65 -0.1008
240.749 72.00 72.2600 25.3 -0.259 1.313 70.69 -0.0982
240.851 72.00 72.2400 26.0 -0.245 1.391 70.61 -0.1023
240.950 72.00 72.2300 26.4 -0.233 1.437 70.56 -0.1044
241.050 72.00 72.2300 25.7 -0.227 1.367 70.63 -0.0997
241.151 72.00 72.2100 26.1 -0.216 1.407 70.59 -0.1014
241.249 72.00 72.2000 26.8 -0.201 1.485 70.51 -0.1054
241.351 72.00 72.1900 26.7 -0.192 1.480 70.52 -0.1045
241.449 72.00 72.1900 24.7 -0.194 1.277 70.72 -0.0919
241.551 72.00 72.1900 24.2 -0.188 1.224 70.77 -0.0883
241.651 72.00 72.1700 26.1 -0.168 1.434 70.56 -0.1001
241.750 72.00 72.1500 26.5 -0.156 1.473 70.53 -0.1018
241.851 72.00 72.1600 23.8 -0.163 1.199 70.80 -0.0851
241.950 72.00 72.1500 25.1 -0.146 1.340 70.66 -0.0929
242.052 72.00 72.1300 25.9 -0.133 1.424 70.58 -0.0973
242.152 72.00 72.1300 24.2 -0.134 1.252 70.75 -0.0866
242.252 72.00 72.1200 24.3 -0.125 1.265 70.73 -0.0869
242.351 72.00 72.1100 24.9 -0.113 1.323 70.68 -0.0897
242.451 72.00 72.1000 25.4 -0.101 1.387 70.61 -0.0930
242.551 72.00 72.0900 26.1 -0.088 1.462 70.54 -0.0969
242.652 72.00 72.0900 24.5 -0.088 1.293 70.71 -0.0864
242.751 72.00 72.0700 26.1 -0.070 1.462 70.54 -0.0958
242.852 72.00 72.0700 23.9 -0.074 1.245 70.75 -0.0825
242.952 72.00 72.0600 25.1 -0.059 1.373 70.63 -0.0895
243.052 72.00 72.0600 23.1 -0.063 1.164 70.83 -0.0767
243.153 72.00 72.0500 23.8 -0.051 1.238 70.76 -0.0805
243.251 72.00 72.0400 24.3 -0.040 1.294 70.70 -0.0834
243.353 72.00 72.0400 23.0 -0.040 1.161 70.84 -0.0751
243.452 72.00 72.0300 23.1 -0.032 1.176 70.82 -0.0755
243.553 72.00 72.0600 17.9 -0.057 0.638 71.36 -0.0434
243.653 72.00 72.0400 20.1 -0.040 0.859 71.14 -0.0562
243.751 72.00 72.0100 23.1 -0.015 1.187 70.81 -0.0751
243.853 72.00 72.0100 22.5 -0.012 1.119 70.88 -0.0707
243.952 72.00 72.0000 22.6 -0.004 1.136 70.86 -0.0713
244.054 72.00 72.0000 22.7 0.003 1.144 70.86 -0.0713
244.154 72.00 71.9900 21.9 0.005 1.063 70.94 -0.0661
244.253 72.00 71.9900 21.4 0.008 1.015 70.98 -0.0629
244.354 72.00 71.9800 21.6 0.015 1.039 70.96 -0.0640
244.452 72.00 72.0000 17.3 -0.005 0.588 71.41 -0.0371
244.554 72.00 71.9700 22.4 0.030 1.123 70.88 -0.0683
244.653 72.00 71.9700 20.9 0.028 0.975 71.02 -0.0592
244.753 72.00 71.9800 19.3 0.023 0.803 71.20 -0.0488
244.854 72.00 71.9700 19.4 0.028 0.816 71.18 -0.0492
244.953 72.00 71.9700 18.7 0.029 0.749 71.25 -0.0450
245.055 72.00 71.9700 17.6 0.027 0.638 71.36 -0.0382
245.154 72.00 71.9700 17.6 0.030 0.629 71.37 -0.0375
245.254 72.00 71.9600 18.1 0.037 0.688 71.31 -0.0407
245.354 72.00 71.9600 18.0 0.040 0.681 71.32 -0.0401
245.454 72.00 71.9600 17.9 0.044 0.675 71.32 -0.0395
245.555 72.00 71.9600 16.9 0.041 0.565 71.43 -0.0328
245.655 72.00 72.0000 9.2 -0.004 -0.245 72.24 0.0151
245.754 72.00 71.9600 16.0 0.037 0.476 71.52 -0.0274
245.854 72.00 71.9600 16.4 0.042 0.515 71.48 -0.0296
245.954 72.00 71.9600 14.6 0.034 0.327 71.67 -0.0183
246.055 72.00 71.9700 13.8 0.031 0.239 71.76 -0.0131
246.156 72.00 71.9700 13.2 0.028 0.177 71.82 -0.0093
246.256 72.00 71.9800 11.6 0.019 0.010 71.99 0.0006
246.356 72.00 71.9900 10.4 0.012 -0.114 72.11 0.0078
246.455 72.00 71.9900 10.3 0.011 -0.120 72.12 0.0082
246.555 72.00 71.9800 11.0 0.014 -0.047 72.05 0.0038
246.656 72.00 71.9900 10.1 0.008 -0.146 72.14 0.0096
246.755 72.00 71.9900 10.5 0.010 -0.102 72.10 0.0070
246.856 72.00 72.0100 7.3 -0.010 -0.434 72.43 0.0265
246.955 72.00 72.0100 8.1 -0.008 -0.350 72.35 0.0214
247.057 72.00 72.0400 3.4 -0.039 -0.848 72.85 0.0505
247.156 72.00 72.0200 6.7 -0.024 -0.504 72.50 0.0300
247.256 72.00 72.0300 5.4 -0.035 -0.644 72.64 0.0381
247.357 72.00 72.0400 4.4 -0.045 -0.749 72.75 0.0440
247.455 72.00 72.0500 4.0 -0.052 -0.795 72.79 0.0465
247.557 72.00 72.0500 4.0 -0.056 -0.795 72.79 0.0462
247.656 72.00 72.0800 1.4 -0.076 -1.070 73.07 0.0621
247.757 72.00 72.0800 1.9 -0.079 -1.020 73.02 0.0588
247.857 72.00 72.0900 0.1 -0.096 -1.208 73.21 0.0695
247.956 72.00 72.1100 0.0 -0.110 -1.343 73.34 0.0771
248.058 72.00 72.1100 0.0 -0.112 -1.242 73.24 0.0707
248.156 72.00 72.1200 0.0 -0.124 -1.331 73.33 0.0755
248.258 72.00 72.1300 0.0 -0.134 -1.379 73.38 0.0779
248.357 72.00 72.1400 0.0 -0.142 -1.396 73.39 0.0784
248.457 72.00 72.1500 0.0 -0.153 -1.453 73.45 0.0813
248.558 72.00 72.1700 0.0 -0.173 -1.663 73.66 0.0932
248.657 72.00 72.1800 0.0 -0.177 -1.597 73.60 0.0887
248.758 72.00 72.2000 0.0 -0.198 -1.809 73.81 0.1007
248.857 72.00 72.2100 0.0 -0.208 -1.806 73.80 0.0999
248.957 72.00 72.2200 0.0 -0.217 -1.807 73.81 0.0994
249.057 72.00 72.2200 0.0 -0.221 -1.722 73.72 0.0938
249.158 72.00 72.2300 0.0 -0.236 -1.813 73.81 0.0986
249.259 72.00 72.2500 0.0 -0.254 -1.974 73.97 0.1075
249.359 72.00 72.2600 0.0 -0.260 -1.899 73.90 0.1024
249.458 72.00 72.2800 0.0 -0.281 -2.097 74.10 0.1135
249.559 72.00 72.2900 0.0 -0.290 -2.068 74.07 0.1111
249.658 72.00 72.3100 0.0 -0.309 -2.208 74.21 0.1187
249.758 72.00 72.3200 0.0 -0.319 -2.184 74.18 0.1166
249.859 72.00 72.3300 0.0 -0.335 -2.277 74.28 0.1214
249.957 72.00 72.3400 0.0 -0.344 -2.241 74.24 0.1185
250.059 72.00 72.3500 0.0 -0.354 -2.209 74.21 0.1159
250.158 72.00 72.3700 0.0 -0.372 -2.336 74.33 0.1227
250.260 72.00 72.3700 0.0 -0.375 -2.181 74.18 0.1129
250.360 72.00 72.4000 0.0 -0.399 -2.413 74.41 0.1259
250.459 72.00 72.4100 0.0 -0.411 -2.422 74.42 0.1256
250.560 72.00 72.4200 0.0 -0.421 -2.381 74.38 0.1225
250.658 72.00 72.4400 0.0 -0.442 -2.547 74.55 0.1316
250.760 72.00 72.4400 0.0 -0.438 -2.262 74.26 0.1140
250.859 72.00 72.4500 0.0 -0.456 -2.390 74.39 0.1209
250.959 72.00 72.4600 0.0 -0.465 -2.354 74.35 0.1181
251.059 72.00 72.4700 0.0 -0.473 -2.292 74.29 0.1137
251.160 72.00 72.4900 0.0 -0.492 -2.437 74.44 0.1216
251.261 72.00 72.5000 0.0 -0.504 -2.447 74.45 0.1215
251.361 72.00 72.5000 0.0 -0.506 -2.292 74.29 0.1116
251.460 72.00 72.5100 0.0 -0.514 -2.243 74.24 0.1081
251.561 72.00 72.5300 0.0 -0.536 -2.452 74.45 0.1197
251.659 72.00 72.5500 0.0 -0.549 -2.473 74.47 0.1203
251.761 72.00 72.5500 0.0 -0.552 -2.328 74.33 0.1110
251.861 72.00 72.5600 0.0 -0.556 -2.233 74.23 0.1048
251.960 72.00 72.5800 0.0 -0.578 -2.436 74.44 0.1161
252.061 72.00 72.5700 0.0 -0.575 -2.198 74.20 0.1014
252.160 72.00 72.5900 0.0 -0.593 -2.332 74.33 0.1087
252.262 72.00 72.6000 0.0 -0.605 -2.363 74.36 0.1099
252.361 72.00 72.6100 0.0 -0.609 -2.264 74.26 0.1035
252.461 72.00 72.6200 0.0 -0.620 -2.281 74.28 0.1038
252.562 72.00 72.6200 0.0 -0.620 -2.110 74.11 0.0931
252.661 72.00 72.6300 0.0 -0.630 -2.132 74.13 0.0939
252.762 72.00 72.6300 0.0 -0.636 -2.090 74.09 0.0909
252.861 72.00 72.6500 0.0 -0.652 -2.210 74.21 0.0974
252.961 72.00 72.6500 0.0 -0.654 -2.093 74.09 0.0899
253.062 72.00 72.6600 0.0 -0.657 -2.004 74.00 0.0842
253.161 72.00 72.6700 0.0 -0.674 -2.149 74.15 0.0922
253.263 72.00 72.6700 0.0 -0.667 -1.883 73.88 0.0760
253.363 72.00 72.6800 0.0 -0.682 -2.029 74.03 0.0842
253.462 72.00 72.6800 0.0 -0.678 -1.828 73.83 0.0719
253.562 72.00 72.6900 0.0 -0.687 -1.866 73.86 0.0736
253.662 72.00 72.7000 0.0 -0.702 -1.999 74.00 0.0811
253.762 72.00 72.7000 0.0 -0.704 -1.897 73.90 0.0746
253.863 72.00 72.7000 0.0 -0.699 -1.692 73.69 0.0621
253.962 72.00 72.7100 0.0 -0.713 -1.828 73.83 0.0697
254.063 72.00 72.7100 0.0 -0.708 -1.634 73.63 0.0579
254.163 72.00 72.7200 0.0 -0.719 -1.732 73.73 0.0633
254.263 72.00 72.7200 0.0 -0.721 -1.664 73.66 0.0589
254.364 72.00 72.7200 0.0 -0.718 -1.511 73.51 0.0496
254.463 72.00 72.7300 0.0 -0.727 -1.593 73.59 0.0541
254.564 72.00 72.7200 0.0 -0.726 -1.489 73.49 0.0477
254.663 72.00 72.7300 0.0 -0.731 -1.499 73.50 0.0480
254.764 72.00 72.7300 0.0 -0.735 -1.488 73.49 0.0471
254.864 72.00 72.7300 0.8 -0.733 -1.380 73.38 0.0404
254.963 72.00 72.7200 2.8 -0.725 -1.177 73.18 0.0283
255.064 72.00 72.7300 1.6 -0.735 -1.303 73.30 0.0355
255.163 72.00 72.7300 2.4 -0.733 -1.219 73.22 0.0303
255.265 72.00 72.7300 2.7 -0.734 -1.190 73.19 0.0284
255.364 72.00 72.7400 2.5 -0.738 -1.205 73.20 0.0292
255.465 72.00 72.7300 4.8 -0.727 -0.973 72.97 0.0154
255.564 72.00 72.7300 3.5 -0.736 -1.101 73.10 0.0228
255.664 72.00 72.7300 4.0 -0.735 -1.050 73.05 0.0197
255.765 72.00 72.7200 5.9 -0.725 -0.850 72.85 0.0078
255.864 72.00 72.7200 6.1 -0.725 -0.835 72.83 0.0068
255.965 72.00 72.7200 7.5 -0.717 -0.680 72.68 -0.0023
256.064 72.00 72.7200 7.1 -0.719 -0.730 72.73 0.0007
256.164 72.00 72.7100 7.7 -0.716 -0.663 72.66 -0.0033
256.266 72.00 72.7200 7.4 -0.717 -0.690 72.69 -0.0017
256.364 72.00 72.7100 8.7 -0.709 -0.555 72.55 -0.0096
256.466 72.00 72.7200 7.2 -0.718 -0.720 72.72 0.0001
256.565 72.00 72.7000 9.4 -0.704 -0.487 72.49 -0.0136
256.665 72.00 72.7100 8.0 -0.711 -0.633 72.63 -0.0049
256.766 72.00 72.6800 12.5 -0.683 -0.157 72.16 -0.0329
256.865 72.00 72.6900 10.7 -0.691 -0.345 72.34 -0.0216
256.966 72.00 72.6900 10.1 -0.692 -0.404 72.40 -0.0180
257.066 72.00 72.6800 11.3 -0.683 -0.278 72.28 -0.0253
257.165 72.00 72.6700 12.1 -0.676 -0.191 72.19 -0.0303
257.265 72.00 72.6800 11.4 -0.677 -0.270 72.27 -0.0254
257.366 72.00 72.6600 13.2 -0.663 -0.076 72.07 -0.0367
257.467 72.00 72.6600 13.2 -0.660 -0.074 72.07 -0.0366
257.567 72.00 72.6500 14.3 -0.650 0.042 71.96 -0.0432
257.666 72.00 72.6500 13.9 -0.648 0.001 72.00 -0.0405
257.767 72.00 72.6500 13.1 -0.649 -0.078 72.08 -0.0357
257.866 72.00 72.6400 13.4 -0.643 -0.041 72.04 -0.0376
257.966 72.00 72.6400 13.5 -0.639 -0.035 72.03 -0.0378
258.067 72.00 72.6400 13.1 -0.638 -0.071 72.07 -0.0355
258.165 72.00 72.6200 14.9 -0.624 0.114 71.89 -0.0461
258.267 72.00 72.6100 16.3 -0.611 0.264 71.73 -0.0547
258.367 72.00 72.6100 14.8 -0.615 0.110 71.89 -0.0453
258.467 72.00 72.6000 16.3 -0.601 0.267 71.73 -0.0543
258.568 72.00 72.5900 17.5 -0.588 0.402 71.60 -0.0619
258.666 72.00 72.5900 16.4 -0.589 0.281 71.72 -0.0544
258.768 72.00 72.5600 19.3 -0.566 0.587 71.41 -0.0720
258.867 72.00 72.5700 18.1 -0.567 0.463 71.54 -0.0644
258.968 72.00 72.5500 18.9 -0.555 0.559 71.44 -0.0696
259.068 72.00 72.5400 20.1 -0.541 0.677 71.32 -0.0762
259.166 72.00 72.5300 19.8 -0.536 0.652 71.35 -0.0743
259.268 72.00 72.5300 20.1 -0.527 0.688 71.31 -0.0759
259.367 72.00 72.5200 19.3 -0.524 0.611 71.39 -0.0710
259.469 72.00 72.5000 21.7 -0.503 0.860 71.14 -0.0852
259.569 72.00 72.5000 20.3 -0.503 0.718 71.28 -0.0763
259.668 72.00 72.5000 20.0 -0.498 0.688 71.31 -0.0741
259.769 72.00 72.4900 20.1 -0.490 0.699 71.30 -0.0743
259.867 72.00 72.4700 22.2 -0.469 0.929 71.07 -0.0874
259.969 72.00 72.4600 21.6 -0.465 0.872 71.13 -0.0835
260.068 72.00 72.4600 21.2 -0.459 0.830 71.17 -0.0806
260.168 72.00 72.4500 21.5 -0.449 0.867 71.13 -0.0823
260.269 72.00 72.4300 23.0 -0.433 1.020 70.98 -0.0908
260.368 72.00 72.4300 21.7 -0.432 0.891 71.11 -0.0827
260.470 72.00 72.4100 23.9 -0.410 1.124 70.87 -0.0959
260.569 72.00 72.4000 23.3 -0.405 1.068 70.93 -0.0920
260.669 72.00 72.3900 23.6 -0.394 1.100 70.90 -0.0934
260.769 72.00 72.3800 23.9 -0.383 1.134 70.87 -0.0948
260.870 72.00 72.3900 21.7 -0.387 0.913 71.09 -0.0813
260.969 72.00 72.3500 25.8 -0.354 1.344 70.65 -0.1062
261.070 72.00 72.3400 26.5 -0.340 1.423 70.58 -0.1102
261.168 72.00 72.3300 26.8 -0.327 1.455 70.54 -0.1114
261.270 72.00 72.3100 27.1 -0.315 1.492 70.51 -0.1129
261.370 72.00 72.3100 25.1 -0.316 1.287 70.71 -0.1002
261.471 72.00 72.3000 26.7 -0.297 1.456 70.54 -0.1095
261.571 72.00 72.2900 25.5 -0.294 1.333 70.67 -0.1017
261.669 72.00 72.2800 25.4 -0.285 1.325 70.67 -0.1006
261.771 72.00 72.2600 27.4 -0.262 1.549 70.45 -0.1132
261.869 72.00 72.2600 25.7 -0.262 1.368 70.63 -0.1019
261.971 72.00 72.2400 27.9 -0.239 1.601 70.40 -0.1149
262.070 72.00 72.2400 26.4 -0.236 1.455 70.54 -0.1057
262.170 72.00 72.2300 26.3 -0.227 1.441 70.56 -0.1043
262.271 72.00 72.2100 27.7 -0.209 1.592 70.41 -0.1126
262.370 72.00 72.2000 27.4 -0.199 1.567 70.43 -0.1104
262.472 72.00 72.1900 27.1 -0.191 1.543 70.46 -0.1083
262.571 72.00 72.1800 27.1 -0.180 1.541 70.46 -0.1076
262.671 72.00 72.1600 28.3 -0.162 1.679 70.32 -0.1151
262.771 72.00 72.1500 28.9 -0.148 1.741 70.26 -0.1180
262.871 72.00 72.1400 27.9 -0.143 1.638 70.36 -0.1113
262.972 72.00 72.1300 28.7 -0.127 1.731 70.27 -0.1161
263.071 72.00 72.1300 26.9 -0.127 1.545 70.45 -0.1045
263.171 72.00 72.1100 27.9 -0.111 1.649 70.35 -0.1100
263.271 72.00 72.1000 28.0 -0.099 1.672 70.33 -0.1107
263.371 72.00 72.0900 28.3 -0.087 1.700 70.30 -0.1117
263.472 72.00 72.0700 29.2 -0.070 1.804 70.20 -0.1171
263.572 72.00 72.0600 28.6 -0.063 1.741 70.26 -0.1127
263.673 72.00 72.0500 28.9 -0.050 1.784 70.21 -0.1146
263.772 72.00 72.0500 26.8 -0.052 1.568 70.43 -0.1012
263.872 72.00 72.0200 30.1 -0.022 1.909 70.09 -0.1207
263.972 72.00 72.0300 27.3 -0.028 1.622 70.38 -0.1031
264.072 72.00 72.0100 27.5 -0.016 1.654 70.35 -0.1044
264.173 72.00 72.0200 24.5 -0.025 1.337 70.66 -0.0851
264.273 72.00 71.9800 29.6 0.015 1.879 70.12 -0.1165
264.373 72.00 71.9900 26.9 0.009 1.598 70.40 -0.0993
264.473 72.00 71.9700 27.9 0.025 1.711 70.29 -0.1053
264.573 72.00 71.9600 28.5 0.039 1.772 70.23 -0.1083
264.674 72.00 71.9400 29.4 0.055 1.872 70.13 -0.1136
264.774 72.00 71.9400 28.2 0.058 1.749 70.25 -0.1057
264.873 72.00 71.9400 27.3 0.063 1.663 70.34 -0.1000
264.973 72.00 71.9200 28.7 0.081 1.810 70.19 -0.1080
265.073 72.00 71.9200 26.6 0.079 1.596 70.40 -0.0948
265.173 72.00 71.9100 26.0 0.084 1.532 70.47 -0.0905
265.274 72.00 71.9000 26.7 0.097 1.609 70.39 -0.0945
265.374 72.00 71.9000 25.8 0.101 1.524 70.47 -0.0889
265.475 72.00 71.8800 27.9 0.122 1.742 70.26 -0.1012
265.574 72.00 71.8700 27.5 0.130 1.707 70.29 -0.0986
265.674 72.00 71.8700 25.6 0.127 1.505 70.49 -0.0861
265.775 72.00 71.8500 27.2 0.145 1.677 70.32 -0.0957
265.873 72.00 71.8500 26.8 0.152 1.646 70.35 -0.0933
265.975 72.00 71.8700 21.6 0.129 1.101 70.90 -0.0607
266.074 72.00 71.8400 25.8 0.161 1.543 70.46 -0.0864
266.175 72.00 71.8200 26.9 0.176 1.665 70.33 -0.0930
266.275 72.00 71.8300 24.6 0.170 1.419 70.58 -0.0780
266.373 72.00 71.8200 24.8 0.179 1.446 70.55 -0.0792
266.476 72.00 71.8200 23.8 0.181 1.345 70.65 -0.0727
266.574 72.00 71.8200 22.9 0.182 1.253 70.75 -0.0669
266.676 72.00 71.8100 23.4 0.192 1.312 70.69 -0.0700
266.776 72.00 71.7500 32.2 0.253 2.238 69.76 -0.1240
266.875 72.00 71.8400 15.2 0.160 0.459 71.54 -0.0187
266.976 72.00 71.7900 22.3 0.205 1.196 70.80 -0.0619
267.074 72.00 71.7900 22.6 0.213 1.230 70.77 -0.0635
267.176 72.00 71.7800 22.0 0.216 1.170 70.83 -0.0596
267.275 72.00 71.7900 19.8 0.208 0.944 71.05 -0.0460
267.375 72.00 71.7800 21.3 0.221 1.100 70.90 -0.0549
267.476 72.00 71.7800 19.4 0.215 0.904 71.09 -0.0431
267.575 72.00 71.7800 18.9 0.217 0.860 71.14 -0.0402
267.677 72.00 71.7800 18.1 0.215 0.777 71.22 -0.0351
267.776 72.00 71.7800 18.2 0.219 0.784 71.21 -0.0353
267.876 72.00 71.7800 16.8 0.214 0.642 71.36 -0.0267
267.976 72.00 71.7900 16.2 0.213 0.583 71.42 -0.0231
268.076 72.00 71.8000 14.2 0.203 0.366 71.63 -0.0102
268.177 72.00 71.7900 14.7 0.207 0.421 71.58 -0.0134
268.277 72.00 71.7900 14.2 0.205 0.369 71.63 -0.0103
268.376 72.00 71.7800 15.8 0.216 0.536 71.46 -0.0200
268.476 72.00 71.8000 12.4 0.197 0.177 71.82 0.0012
268.577 72.00 71.7900 14.1 0.207 0.356 71.64 -0.0093
268.677 72.00 71.8000 13.1 0.202 0.255 71.74 -0.0033
268.778 72.00 71.8100 11.3 0.191 0.065 71.93 0.0079
268.877 72.00 71.8200 9.7 0.180 -0.103 72.10 0.0177
268.978 72.00 71.8100 10.9 0.186 0.023 71.98 0.0102
269.077 72.00 71.8200 9.4 0.176 -0.133 72.13 0.0193
269.177 72.00 71.8300 8.9 0.171 -0.193 72.19 0.0227
269.278 72.00 71.8200 10.6 0.179 -0.015 72.01 0.0122
269.376 72.00 71.8300 9.6 0.172 -0.121 72.12 0.0183
269.478 72.00 71.8300 9.2 0.168 -0.158 72.16 0.0203
269.577 72.00 71.8400 8.4 0.161 -0.244 72.24 0.0253
269.679 72.00 71.8400 7.8 0.154 -0.312 72.31 0.0291
269.779 72.00 71.8600 6.2 0.142 -0.478 72.48 0.0387
269.878 72.00 71.8500 7.2 0.144 -0.375 72.37 0.0324
269.979 72.00 71.8700 5.4 0.130 -0.566 72.57 0.0435
270.077 72.00 71.8600 7.2 0.137 -0.378 72.38 0.0322
270.180 72.00 71.8900 2.3 0.104 -0.888 72.89 0.0620
270.278 72.00 71.9000 2.6 0.100 -0.858 72.86 0.0599
270.378 72.00 71.9000 4.1 0.103 -0.712 72.71 0.0509
270.478 72.00 71.9100 2.8 0.090 -0.849 72.85 0.0587
270.578 72.00 71.9200 1.6 0.077 -0.977 72.98 0.0659
270.680 72.00 71.9300 1.4 0.070 -0.993 72.99 0.0664
270.780 72.00 71.9300 2.8 0.072 -0.856 72.86 0.0580
270.879 72.00 71.9400 1.0 0.055 -1.046 73.04 0.0688
270.979 72.00 71.9700 0.0 0.024 -1.456 73.45 0.0925
271.079 72.00 71.9700 0.0 0.024 -1.311 73.31 0.0834
271.179 72.00 71.9900 0.0 0.012 -1.376 73.38 0.0868
271.280 72.00 71.9900 0.0 0.006 -1.345 73.34 0.0845
271.379 72.00 72.0000 0.0 -0.004 -1.387 73.39 0.0864
271.480 72.00 72.0200 0.0 -0.020 -1.520 73.52 0.0938
271.580 72.00 72.0300 0.0 -0.036 -1.636 73.63 0.1000
271.680 72.00 72.0400 0.0 -0.038 -1.504 73.50 0.0916
271.781 72.00 72.0400 0.0 -0.046 -1.498 73.50 0.0908
271.880 72.00 72.0600 0.0 -0.060 -1.602 73.60 0.0963
271.981 72.00 72.0700 0.0 -0.073 -1.661 73.66 0.0992
272.080 72.00 72.0900 0.0 -0.094 -1.867 73.87 0.1108
272.180 72.00 72.1000 0.0 -0.097 -1.726 73.72 0.1018
272.281 72.00 72.1200 0.0 -0.117 -1.912 73.91 0.1122
272.380 72.00 72.1300 0.0 -0.129 -1.931 73.93 0.1127
272.481 72.00 72.1300 0.0 -0.134 -1.840 73.84 0.1066
272.581 72.00 72.1400 0.0 -0.142 -1.810 73.81 0.1042
272.682 72.00 72.1500 0.0 -0.156 -1.879 73.88 0.1077
272.781 72.00 72.1700 0.0 -0.173 -1.986 73.98 0.1133
272.882 72.00 72.1900 0.0 -0.190 -2.092 74.09 0.1189
272.982 72.00 72.1900 0.0 -0.195 -1.988 73.99 0.1121
273.080 72.00 72.2100 0.0 -0.213 -2.127 74.13 0.1196
273.182 72.00 72.2300 0.0 -0.228 -2.187 74.19 0.1224
273.281 72.00 72.2400 0.0 -0.242 -2.226 74.23 0.1240
273.382 72.00 72.2400 0.0 -0.244 -2.069 74.07 0.1141
273.481 72.00 72.2500 0.0 -0.253 -2.042 74.04 0.1118
273.581 72.00 72.2700 0.0 -0.269 -2.129 74.13 0.1162
273.683 72.00 72.2900 0.0 -0.287 -2.253 74.25 0.1228
273.782 72.00 72.2900 0.0 -0.294 -2.172 74.17 0.1174
273.883 72.00 72.3000 0.0 -0.305 -2.167 74.17 0.1164
273.982 72.00 72.3100 0.0 -0.315 -2.158 74.16 0.1152
274.082 72.00 72.3200 0.0 -0.324 -2.123 74.12 0.1124
274.182 72.00 72.3400 0.0 -0.340 -2.220 74.22 0.1175
274.282 72.00 72.3600 0.0 -0.362 -2.403 74.40 0.1275
274.383 72.00 72.3700 0.0 -0.372 -2.362 74.36 0.1244
274.483 72.00 72.3800 0.0 -0.384 -2.371 74.37 0.1242
274.582 72.00 72.3900 0.0 -0.388 -2.235 74.23 0.1155
274.682 72.00 72.4000 0.0 -0.397 -2.203 74.20 0.1129
274.783 72.00 72.4200 0.0 -0.417 -2.371 74.37 0.1221
274.883 72.00 72.4300 0.0 -0.431 -2.413 74.41 0.1239
274.984 72.00 72.4300 0.0 -0.436 -2.293 74.29 0.1161
275.082 72.00 72.4500 0.0 -0.447 -2.290 74.29 0.1152
275.184 72.00 72.4400 0.0 -0.443 -2.039 74.04 0.0998
275.283 72.00 72.4500 0.0 -0.454 -2.070 74.07 0.1010
275.384 72.00 72.4700 0.0 -0.476 -2.277 74.28 0.1126
275.484 72.00 72.4800 0.0 -0.482 -2.207 74.21 0.1078
275.582 72.00 72.4900 0.0 -0.494 -2.245 74.24 0.1094
275.684 72.00 72.5000 0.0 -0.501 -2.178 74.18 0.1048
275.783 72.00 72.5000 0.0 -0.504 -2.063 74.06 0.0974
275.885 72.00 72.5200 0.0 -0.520 -2.186 74.19 0.1041
275.985 72.00 72.5200 0.0 -0.524 -2.089 74.09 0.0978
276.084 72.00 72.5300 0.0 -0.533 -2.076 74.07 0.0965
276.185 72.00 72.5400 0.0 -0.540 -2.049 74.05 0.0943
276.283 72.00 72.5500 0.0 -0.551 -2.081 74.08 0.0956
276.385 72.00 72.5600 0.0 -0.559 -2.064 74.06 0.0940
276.484 72.00 72.5600 0.0 -0.559 -1.913 73.91 0.0846
276.584 72.00 72.5700 0.0 -0.572 -1.991 73.99 0.0887
276.684 72.00 72.5700 0.0 -0.567 -1.766 73.76 0.0749
276.785 72.00 72.5900 0.0 -0.591 -2.061 74.06 0.0919
276.886 72.00 72.5800 0.0 -0.584 -1.798 73.80 0.0758
276.986 72.00 72.5900 0.0 -0.593 -1.817 73.82 0.0766
277.085 72.00 72.5900 0.0 -0.595 -1.734 73.73 0.0712
277.185 72.00 72.6000 0.0 -0.602 -1.742 73.74 0.0712
277.285 72.00 72.6000 0.0 -0.606 -1.691 73.69 0.0678
277.386 72.00 72.6200 0.0 -0.620 -1.818 73.82 0.0749
277.486 72.00 72.6100 0.0 -0.613 -1.593 73.59 0.0612
277.585 72.00 72.6200 0.0 -0.621 -1.631 73.63 0.0631
277.685 72.00 72.6200 0.0 -0.624 -1.568 73.57 0.0590
277.786 72.00 72.6300 0.0 -0.627 -1.532 73.53 0.0566
277.886 72.00 72.6400 0.0 -0.641 -1.685 73.68 0.0652
277.987 72.00 72.6400 0.0 -0.643 -1.614 73.61 0.0607
278.086 72.00 72.6400 0.0 -0.644 -1.522 73.52 0.0549
278.187 72.00 72.6500 0.0 -0.652 -1.570 73.57 0.0574
278.286 72.00 72.6500 0.0 -0.648 -1.420 73.42 0.0482
278.386 72.00 72.6500 0.6 -0.649 -1.357 73.36 0.0442
278.487 72.00 72.6500 1.4 -0.649 -1.278 73.28 0.0393
278.585 72.00 72.6400 2.4 -0.646 -1.173 73.17 0.0329
278.687 72.00 72.6500 2.1 -0.651 -1.206 73.21 0.0347
278.786 72.00 72.6500 1.8 -0.656 -1.231 73.23 0.0359
278.888 72.00 72.6600 1.0 -0.664 -1.317 73.32 0.0408
278.988 72.00 72.6600 2.8 -0.657 -1.133 73.13 0.0297
279.087 72.00 72.6600 2.9 -0.659 -1.119 73.12 0.0287
279.188 72.00 72.6500 4.2 -0.654 -0.984 72.98 0.0206
279.286 72.00 72.6600 4.0 -0.657 -1.007 73.01 0.0218
279.388 72.00 72.6600 3.7 -0.661 -1.041 73.04 0.0237
279.488 72.00 72.6500 5.6 -0.652 -0.842 72.84 0.0119
279.587 72.00 72.6600 3.9 -0.663 -1.017 73.02 0.0221
279.688 72.00 72.6600 5.2 -0.658 -0.890 72.89 0.0145
279.788 72.00 72.6600 5.2 -0.659 -0.889 72.89 0.0144
279.889 72.00 72.6500 6.5 -0.652 -0.745 72.74 0.0058
279.989 72.00 72.6600 5.4 -0.659 -0.860 72.86 0.0125
280.088 72.00 72.6500 6.3 -0.655 -0.771 72.77 0.0072
280.189 72.00 72.6500 6.6 -0.654 -0.734 72.73 0.0050
280.287 72.00 72.6300 10.5 -0.630 -0.325 72.32 -0.0191
280.389 72.00 72.6600 6.0 -0.657 -0.804 72.80 0.0092
280.488 72.00 72.6500 6.9 -0.652 -0.709 72.71 0.0035
280.588 72.00 72.6300 9.7 -0.635 -0.410 72.41 -0.0141
280.689 72.00 72.6400 8.2 -0.642 -0.565 72.56 -0.0048
280.788 72.00 72.6400 8.7 -0.639 -0.515 72.51 -0.0078
280.890 72.00 72.6400 8.7 -0.638 -0.513 72.51 -0.0078
280.989 72.00 72.6300 9.4 -0.633 -0.443 72.44 -0.0119
281.090 72.00 72.6200 11.1 -0.622 -0.263 72.26 -0.0224
281.190 72.00 72.6200 10.2 -0.625 -0.359 72.36 -0.0166
281.288 72.00 72.6100 11.6 -0.615 -0.212 72.21 -0.0252
281.390 72.00 72.6200 9.6 -0.625 -0.415 72.41 -0.0131
281.489 72.00 72.6000 12.5 -0.605 -0.107 72.11 -0.0311
281.590 72.00 72.6000 11.9 -0.606 -0.173 72.17 -0.0270
281.689 72.00 72.6000 13.0 -0.597 -0.053 72.05 -0.0339
281.789 72.00 72.5700 16.1 -0.574 0.271 71.73 -0.0529
281.891 72.00 72.5800 14.4 -0.580 0.093 71.91 -0.0420
281.990 72.00 72.5800 13.4 -0.582 -0.005 72.00 -0.0360
282.091 72.00 72.5700 14.2 -0.573 0.081 71.92 -0.0409
282.190 72.00 72.5700 14.1 -0.570 0.071 71.93 -0.0401
282.290 72.00 72.5600 15.7 -0.557 0.234 71.76 -0.0494
282.390 72.00 72.5600 14.9 -0.557 0.152 71.85 -0.0443
282.490 72.00 72.5400 16.6 -0.542 0.336 71.66 -0.0548
282.591 72.00 72.5400 16.3 -0.538 0.306 71.69 -0.0528
282.691 72.00 72.5300 17.2 -0.528 0.401 71.60 -0.0581
282.790 72.00 72.5200 16.6 -0.526 0.342 71.66 -0.0542
282.890 72.00 72.5200 17.1 -0.517 0.402 71.60 -0.0574
282.991 72.00 72.5100 17.4 -0.510 0.426 71.57 -0.0585
283.091 72.00 72.4900 19.8 -0.490 0.686 71.31 -0.0735
283.192 72.00 72.4900 18.2 -0.492 0.522 71.48 -0.0634
283.291 72.00 72.4800 19.6 -0.478 0.667 71.33 -0.0715
283.392 72.00 72.4800 18.6 -0.477 0.563 71.44 -0.0650
283.491 72.00 72.4700 18.8 -0.469 0.589 71.41 -0.0662
283.592 72.00 72.4700 18.0 -0.468 0.511 71.49 -0.0612
283.692 72.00 72.4500 19.5 -0.453 0.671 71.33 -0.0702
283.790 72.00 72.4400 20.7 -0.439 0.799 71.20 -0.0773
283.892 72.00 72.4300 20.7 -0.431 0.805 71.19 -0.0773
283.991 72.00 72.4400 18.4 -0.438 0.560 71.44 -0.0624
284.093 72.00 72.4100 22.1 -0.409 0.958 71.04 -0.0854
284.193 72.00 72.4000 22.0 -0.402 0.943 71.06 -0.0841
284.292 72.00 72.3900 22.2 -0.392 0.969 71.03 -0.0851
284.393 72.00 72.3900 21.6 -0.387 0.916 71.08 -0.0815
284.491 72.00 72.3700 22.8 -0.372 1.040 70.96 -0.0883
284.593 72.00 72.3600 22.4 -0.366 1.007 70.99 -0.0858
284.692 72.00 72.3500 22.8 -0.356 1.047 70.95 -0.0876
284.792 72.00 72.3400 23.0 -0.346 1.070 70.93 -0.0885
284.893 72.00 72.3400 23.0 -0.337 1.078 70.92 -0.0884
284.992 72.00 72.3300 23.2 -0.327 1.105 70.89 -0.0895
285.094 72.00 72.3100 24.5 -0.311 1.238 70.76 -0.0968
285.193 72.00 72.3100 23.2 -0.310 1.103 70.90 -0.0883
285.293 72.00 72.3000 23.4 -0.300 1.128 70.87 -0.0892
285.394 72.00 72.2800 24.3 -0.286 1.231 70.77 -0.0948
285.493 72.00 72.2700 24.8 -0.273 1.287 70.71 -0.0975
285.594 72.00 72.2500 26.5 -0.254 1.466 70.53 -0.1075
285.693 72.00 72.2600 24.0 -0.259 1.208 70.79 -0.0917
285.793 72.00 72.2400 24.7 -0.246 1.285 70.71 -0.0957
285.893 72.00 72.2300 25.0 -0.234 1.323 70.68 -0.0973
285.994 72.00 72.2200 25.3 -0.223 1.356 70.64 -0.0987
286.095 72.00 72.2100 25.7 -0.211 1.402 70.60 -0.1009
286.194 72.00 72.2100 24.7 -0.208 1.302 70.70 -0.0944
286.294 72.00 72.1900 25.7 -0.193 1.406 70.59 -0.0999
286.394 72.00 72.1900 24.6 -0.190 1.298 70.70 -0.0930
286.494 72.00 72.1800 25.1 -0.177 1.360 70.64 -0.0961
286.595 72.00 72.1700 24.2 -0.174 1.262 70.74 -0.0897
286.694 72.00 72.1500 25.7 -0.156 1.428 70.57 -0.0990
286.794 72.00 72.1500 24.2 -0.156 1.272 70.73 -0.0892
286.894 72.00 72.1400 24.6 -0.145 1.312 70.69 -0.0911
286.994 72.00 72.1300 24.9 -0.134 1.349 70.65 -0.0927
287.096 72.00 72.1300 24.2 -0.129 1.278 70.72 -0.0880
287.196 72.00 72.1100 25.2 -0.115 1.386 70.61 -0.0938
287.295 72.00 72.1000 26.3 -0.099 1.505 70.49 -0.1002
287.397 72.00 72.1000 24.7 -0.099 1.347 70.65 -0.0904
