# time_s  setpoint_c  celsius  duty_pct  err_real  err_pred
426.217 60.00 60.0000 9.2 -0.006 0.201
426.267 60.00 60.0100 9.2 -0.008 0.192
426.317 60.00 59.9900 9.5 0.006 0.239
426.365 60.00 60.0000 9.4 0.002 0.224
426.416 60.00 60.0200 8.9 -0.017 0.161
426.466 60.00 60.0200 8.7 -0.023 0.139
426.516 60.00 60.0300 8.6 -0.027 0.125
426.566 60.00 59.9800 9.7 0.015 0.260
426.615 60.00 60.0000 9.3 -0.002 0.204
426.666 60.00 59.9800 9.8 0.019 0.271
426.716 60.00 59.9900 9.6 0.010 0.242
426.766 60.00 59.9900 9.6 0.013 0.247
426.817 60.00 59.9700 10.1 0.029 0.301
426.866 60.00 60.0100 8.9 -0.013 0.162
426.916 60.00 59.9900 9.4 0.006 0.223
426.966 60.00 59.9700 9.9 0.025 0.283
427.016 60.00 59.9800 9.7 0.019 0.260
427.066 60.00 60.0200 8.8 -0.017 0.143
427.115 60.00 60.0100 9.0 -0.008 0.169
427.166 60.00 59.9800 9.7 0.019 0.257
427.216 60.00 59.9700 9.9 0.025 0.276
427.266 60.00 59.9700 9.8 0.025 0.275
427.316 60.00 59.9800 9.6 0.015 0.239
427.365 60.00 59.9700 9.9 0.029 0.286
427.416 60.00 59.9800 9.8 0.023 0.263
427.467 60.00 59.9900 9.3 0.006 0.207
427.517 60.00 59.9600 10.1 0.038 0.308
427.567 60.00 59.9500 10.3 0.046 0.333
427.615 60.00 59.9900 9.3 0.008 0.209
427.666 60.00 59.9700 9.8 0.027 0.270
427.716 60.00 59.9700 9.7 0.025 0.261
427.766 60.00 59.9500 10.3 0.046 0.327
427.816 60.00 60.0000 8.9 -0.004 0.162
427.865 60.00 59.9500 10.3 0.046 0.325
427.915 60.00 60.0100 8.7 -0.013 0.132
427.965 60.00 59.9800 9.5 0.019 0.233
428.016 60.00 60.0000 8.9 -0.004 0.157
428.066 60.00 59.9500 10.3 0.048 0.327
428.115 60.00 60.0000 8.9 -0.004 0.154
428.166 60.00 59.9600 10.0 0.038 0.290
428.216 60.00 59.9900 9.2 0.008 0.193
428.265 60.00 60.0000 8.9 -0.002 0.158
428.315 60.00 59.9700 9.7 0.027 0.252
428.365 60.00 59.9700 9.7 0.027 0.251
428.416 60.00 59.9900 9.3 0.013 0.201
428.466 60.00 59.9800 9.3 0.015 0.207
428.516 60.00 59.9500 10.1 0.046 0.308
428.565 60.00 59.9800 9.3 0.017 0.211
428.615 60.00 59.9500 10.3 0.052 0.326
428.665 60.00 59.9900 9.2 0.013 0.194
428.715 60.00 59.9700 9.6 0.029 0.248
428.765 60.00 59.9700 9.7 0.031 0.253
428.815 60.00 59.9600 9.9 0.040 0.279
428.865 60.00 59.9800 9.3 0.017 0.203
428.915 60.00 60.0200 8.3 -0.021 0.079
428.966 60.00 59.9500 10.1 0.048 0.303
429.016 60.00 59.9600 9.8 0.038 0.268
429.065 60.00 59.9700 9.6 0.029 0.239
429.115 60.00 59.9800 9.2 0.017 0.197
429.165 60.00 59.9400 10.3 0.057 0.325
429.215 60.00 59.8900 11.7 0.111 0.501
429.265 60.00 59.9600 9.8 0.040 0.266
429.315 60.00 59.9700 9.6 0.031 0.238
429.365 60.00 59.9900 8.9 0.008 0.161
429.414 60.00 59.9700 9.4 0.027 0.222
429.465 60.00 59.9600 9.8 0.040 0.261
429.515 60.00 59.9700 9.6 0.034 0.240
429.564 60.00 59.9600 9.7 0.040 0.258
429.614 60.00 59.9500 10.0 0.050 0.291
429.663 60.00 59.9900 8.9 0.008 0.154
429.714 60.00 59.9700 9.4 0.027 0.214
429.764 60.00 59.9600 9.6 0.038 0.247
429.814 60.00 59.9500 9.8 0.046 0.273
429.864 60.00 59.9700 9.4 0.029 0.217
429.913 60.00 59.9800 9.2 0.023 0.196
429.965 60.00 59.9200 10.7 0.080 0.379
430.015 60.00 59.9700 9.5 0.034 0.227
430.065 60.00 59.9700 9.3 0.027 0.205
430.114 60.00 59.9500 9.8 0.046 0.265
430.163 60.00 59.9600 9.7 0.042 0.250
430.215 60.00 59.9500 9.8 0.046 0.262
430.265 60.00 59.9700 9.3 0.029 0.207
430.315 60.00 59.9500 9.9 0.050 0.274
430.364 60.00 59.9700 9.4 0.034 0.218
430.413 60.00 59.9700 9.4 0.034 0.217
430.464 60.00 59.9600 9.4 0.036 0.222
430.514 60.00 59.9500 9.9 0.052 0.276
430.564 60.00 59.9500 9.8 0.048 0.261
430.614 60.00 59.9600 9.6 0.042 0.239
430.663 60.00 59.9400 10.0 0.057 0.285
430.714 60.00 59.9500 9.8 0.052 0.270
430.764 60.00 59.9700 9.2 0.029 0.194
430.814 60.00 59.9500 9.7 0.048 0.254
430.865 60.00 59.9600 9.4 0.036 0.212
430.914 60.00 59.9700 9.1 0.027 0.184
430.964 60.00 59.9500 9.7 0.048 0.251
431.013 60.00 59.9400 10.1 0.063 0.298
431.063 60.00 59.9400 9.9 0.057 0.275
431.113 60.00 59.9500 9.7 0.048 0.247
431.162 60.00 59.9500 9.6 0.046 0.238
431.213 60.00 59.9500 9.5 0.044 0.230
431.263 60.00 59.9500 9.6 0.046 0.236
431.313 60.00 59.9600 9.4 0.042 0.222
431.363 60.00 59.9600 9.4 0.042 0.221
431.412 60.00 59.9500 9.5 0.044 0.226
431.464 60.00 59.9400 9.9 0.061 0.279
431.514 60.00 59.9600 9.3 0.038 0.203
431.563 60.00 59.9500 9.5 0.046 0.229
431.613 60.00 59.9800 8.7 0.015 0.126
431.662 60.00 59.9500 9.4 0.044 0.220
431.713 60.00 59.9500 9.6 0.048 0.233
431.763 60.00 59.9600 9.3 0.040 0.204
431.813 60.00 59.9500 9.5 0.048 0.231
431.863 60.00 59.9500 9.6 0.050 0.237
431.912 60.00 59.9400 9.8 0.059 0.263
431.963 60.00 59.9900 8.5 0.010 0.105
432.013 60.00 59.9500 9.6 0.050 0.234
432.064 60.00 59.9300 10.1 0.069 0.294
432.113 60.00 59.9700 9.1 0.034 0.177
432.162 60.00 59.9500 9.5 0.050 0.230
432.214 60.00 59.9600 9.3 0.042 0.202
432.263 60.00 59.9200 10.2 0.076 0.310
432.314 60.00 59.9500 9.5 0.050 0.227
432.364 60.00 59.9300 10.1 0.071 0.294
432.413 60.00 59.9500 9.5 0.052 0.231
432.462 60.00 59.9400 9.6 0.057 0.244
432.513 60.00 59.9500 9.3 0.046 0.208
432.563 60.00 59.9600 9.2 0.040 0.186
432.612 60.00 59.9100 10.3 0.084 0.329
432.661 60.00 59.9500 9.5 0.052 0.225
432.712 60.00 59.9400 9.6 0.057 0.238
432.762 60.00 59.9300 9.8 0.065 0.264
432.812 60.00 59.9500 9.5 0.052 0.222
432.863 60.00 59.9500 9.5 0.052 0.221
432.912 60.00 59.9600 9.1 0.040 0.178
432.963 60.00 59.9300 9.8 0.065 0.260
433.012 60.00 59.9300 10.0 0.073 0.286
433.062 60.00 59.9300 9.8 0.065 0.257
433.112 60.00 59.9700 8.8 0.031 0.147
433.161 60.00 59.9700 8.9 0.034 0.153
433.212 60.00 59.9900 8.3 0.010 0.077
433.262 60.00 59.9300 9.8 0.069 0.268
433.312 60.00 59.9700 8.8 0.029 0.137
433.363 60.00 59.9300 9.9 0.071 0.273
433.412 60.00 59.9300 9.7 0.065 0.251
433.463 60.00 59.9700 8.7 0.027 0.127
433.513 60.00 59.9100 10.2 0.084 0.311
433.562 60.00 59.9400 9.5 0.059 0.227
433.612 60.00 59.9500 9.3 0.050 0.199
433.661 60.00 59.9400 9.4 0.057 0.219
433.712 60.00 59.9600 8.9 0.038 0.156
433.762 60.00 59.9300 9.9 0.073 0.271
433.812 60.00 59.9300 9.8 0.069 0.256
433.862 60.00 59.9500 9.3 0.052 0.201
433.912 60.00 59.9600 9.0 0.042 0.166
433.962 60.00 59.9200 10.1 0.082 0.294
434.012 60.00 59.9500 9.2 0.048 0.184
434.062 60.00 59.9500 9.1 0.046 0.176
434.111 60.00 59.9000 10.4 0.094 0.332
434.160 60.00 59.9300 9.6 0.065 0.235
434.212 60.00 59.9600 8.9 0.038 0.146
434.262 60.00 59.9300 9.7 0.069 0.247
434.311 60.00 59.9400 9.3 0.057 0.205
434.361 60.00 59.9400 9.3 0.055 0.198
434.410 60.00 59.9400 9.4 0.061 0.217
434.461 60.00 59.9500 9.0 0.044 0.161
434.511 60.00 59.9400 9.4 0.061 0.215
434.561 60.00 59.9100 10.2 0.090 0.310
434.611 60.00 59.9400 9.3 0.059 0.206
434.660 60.00 59.9000 10.4 0.099 0.335
434.711 60.00 59.9700 8.6 0.031 0.115
434.761 60.00 59.9300 9.7 0.071 0.244
434.811 60.00 59.9400 9.3 0.057 0.195
434.862 60.00 59.9400 9.2 0.055 0.188
434.910 60.00 59.9300 9.6 0.069 0.235
434.961 60.00 59.9400 9.4 0.063 0.213
435.011 60.00 59.9400 9.2 0.055 0.185
435.061 60.00 59.9500 9.1 0.052 0.177
435.111 60.00 59.9400 9.4 0.063 0.211
435.160 60.00 59.9400 9.2 0.055 0.182
435.211 60.00 59.9300 9.4 0.065 0.215
435.261 60.00 59.9200 9.8 0.080 0.263
435.312 60.00 59.9200 9.9 0.082 0.268
435.362 60.00 59.9200 9.8 0.082 0.267
435.411 60.00 59.9400 9.3 0.063 0.205
435.461 60.00 59.9300 9.6 0.073 0.238
435.511 60.00 59.8900 10.4 0.105 0.339
435.561 60.00 59.9400 9.2 0.059 0.188
435.611 60.00 59.9400 9.3 0.063 0.201
435.659 60.00 59.9500 8.9 0.048 0.152
435.710 60.00 59.9200 9.6 0.076 0.240
435.760 60.00 59.9300 9.3 0.065 0.204
435.810 60.00 59.9500 9.0 0.052 0.163
435.860 60.00 59.9200 9.7 0.078 0.244
435.910 60.00 59.9300 9.5 0.071 0.222
435.961 60.00 59.9300 9.3 0.065 0.201
436.011 60.00 59.9100 9.9 0.088 0.275
436.060 60.00 59.9400 9.1 0.057 0.172
436.110 60.00 59.9500 9.0 0.052 0.157
436.159 60.00 59.9500 8.8 0.046 0.136
436.211 60.00 59.9300 9.5 0.071 0.217
436.261 60.00 59.9400 9.2 0.063 0.190
436.310 60.00 59.9300 9.4 0.071 0.216
436.361 60.00 59.9400 9.1 0.057 0.167
436.410 60.00 59.9500 8.8 0.048 0.139
436.460 60.00 59.9300 9.3 0.065 0.193
436.510 60.00 59.9400 9.0 0.057 0.165
436.560 60.00 59.9400 9.1 0.061 0.178
436.610 60.00 59.9400 9.1 0.059 0.171
436.659 60.00 59.9400 9.2 0.063 0.184
436.710 60.00 59.9300 9.2 0.065 0.189
436.760 60.00 59.8700 10.8 0.126 0.387
436.810 60.00 59.9400 9.1 0.059 0.167
436.860 60.00 59.9500 8.7 0.046 0.125
436.910 60.00 59.9500 8.7 0.046 0.124
436.961 60.00 59.9400 8.9 0.055 0.151
437.010 60.00 59.8900 10.3 0.107 0.322
437.060 60.00 59.9400 8.9 0.055 0.150
437.110 60.00 59.9200 9.5 0.078 0.224
437.158 60.00 59.9200 9.5 0.076 0.216
437.209 60.00 59.9400 8.9 0.055 0.147
437.259 60.00 59.9400 8.9 0.057 0.153
437.309 60.00 59.9400 9.1 0.061 0.166
437.359 60.00 59.9200 9.6 0.080 0.227
437.408 60.00 59.9500 8.8 0.052 0.138
437.459 60.00 59.9400 9.0 0.061 0.164
437.509 60.00 59.9200 9.6 0.082 0.232
437.560 60.00 59.9400 9.1 0.063 0.170
437.610 60.00 59.9300 9.2 0.069 0.189
437.658 60.00 59.9400 8.9 0.057 0.148
437.709 60.00 59.9400 8.9 0.057 0.147
437.759 60.00 59.9300 9.2 0.067 0.180
437.809 60.00 59.9300 9.3 0.073 0.200
437.859 60.00 59.9200 9.5 0.080 0.220
437.908 60.00 59.9300 9.1 0.065 0.171
437.959 60.00 59.9700 8.0 0.025 0.041
438.009 60.00 59.9500 8.8 0.052 0.130
438.059 60.00 59.9600 8.4 0.038 0.082
438.110 60.00 59.9600 8.4 0.040 0.088
438.158 60.00 59.9300 9.1 0.065 0.169
438.210 60.00 59.9400 8.9 0.059 0.149
438.259 60.00 59.9400 8.9 0.059 0.148
438.309 60.00 59.9200 9.3 0.076 0.202
438.360 60.00 59.9500 8.7 0.050 0.119
438.409 60.00 59.9300 9.1 0.067 0.173
438.460 60.00 59.9700 8.1 0.029 0.050
438.510 60.00 59.9300 9.1 0.067 0.172
438.560 60.00 59.9400 8.8 0.055 0.131
438.609 60.00 59.9300 9.0 0.065 0.164
438.657 60.00 59.9300 9.3 0.073 0.191
438.708 60.00 59.9400 8.9 0.061 0.149
438.758 60.00 59.9400 9.0 0.063 0.156
438.808 60.00 59.9500 8.5 0.046 0.101
438.858 60.00 59.9500 8.7 0.052 0.121
438.907 60.00 59.9000 9.8 0.096 0.263
438.959 60.00 59.9300 9.1 0.069 0.174
439.009 60.00 59.9500 8.6 0.048 0.105
439.059 60.00 59.9500 8.7 0.052 0.118
439.108 60.00 59.9500 8.6 0.048 0.104
439.157 60.00 59.9200 9.3 0.076 0.193
439.208 60.00 59.9200 9.4 0.082 0.212
439.258 60.00 59.9300 9.0 0.067 0.164
439.308 60.00 59.9500 8.5 0.048 0.102
439.358 60.00 59.9600 8.2 0.038 0.067
439.407 60.00 59.9400 8.9 0.063 0.149
439.458 60.00 59.9400 8.7 0.055 0.121
439.508 60.00 59.9500 8.5 0.046 0.093
439.559 60.00 59.9300 9.0 0.065 0.154
439.609 60.00 59.9400 8.7 0.057 0.127
439.657 60.00 59.9400 8.7 0.055 0.120
439.708 60.00 59.9400 8.7 0.057 0.126
439.758 60.00 59.9300 8.9 0.065 0.153
439.808 60.00 59.9500 8.6 0.050 0.104
439.858 60.00 59.9600 8.2 0.036 0.056
439.907 60.00 59.9600 8.3 0.042 0.077
439.958 60.00 59.9400 8.9 0.063 0.145
440.008 60.00 59.9500 8.4 0.046 0.089
440.058 60.00 59.9300 8.9 0.065 0.151
440.108 60.00 59.9300 9.1 0.071 0.171
440.158 60.00 59.9600 8.3 0.042 0.075
440.208 60.00 59.9600 8.2 0.040 0.067
440.257 60.00 59.9300 9.0 0.067 0.156
440.307 60.00 59.9600 8.3 0.042 0.074
440.357 60.00 59.9400 8.8 0.061 0.135
440.407 60.00 59.9300 9.0 0.069 0.162
440.457 60.00 59.9400 8.8 0.059 0.127
440.508 60.00 59.9400 8.7 0.059 0.127
440.558 60.00 59.9700 8.0 0.029 0.031
440.607 60.00 59.9400 8.8 0.061 0.133
440.656 60.00 59.9300 9.1 0.071 0.167
440.707 60.00 59.9400 8.8 0.061 0.132
440.757 60.00 59.9500 8.3 0.044 0.077
440.807 60.00 59.9500 8.6 0.052 0.104
440.857 60.00 59.9500 8.5 0.050 0.097
440.906 60.00 59.9400 8.7 0.059 0.124
440.957 60.00 59.9500 8.6 0.052 0.103
441.007 60.00 59.9900 7.5 0.013 -0.027
441.057 60.00 59.9700 8.1 0.034 0.042
441.107 60.00 59.9500 8.5 0.050 0.096
441.157 60.00 59.9600 8.2 0.040 0.061
441.208 60.00 59.9400 8.6 0.055 0.109
441.257 60.00 59.9400 8.6 0.055 0.109
441.307 60.00 59.9500 8.5 0.050 0.095
441.357 60.00 59.9300 8.9 0.067 0.149
441.406 60.00 59.9500 8.4 0.048 0.087
441.457 60.00 59.9500 8.5 0.052 0.101
441.507 60.00 59.9500 8.4 0.046 0.080
441.557 60.00 59.9500 8.5 0.050 0.093
441.607 60.00 59.9300 9.0 0.069 0.154
441.657 60.00 59.9500 8.3 0.046 0.079
441.707 60.00 59.9400 8.7 0.061 0.126
441.757 60.00 59.9700 8.0 0.031 0.031
441.806 60.00 59.9700 8.0 0.031 0.031
441.856 60.00 59.9500 8.5 0.050 0.092
441.906 60.00 59.9500 8.5 0.052 0.099
441.956 60.00 59.9300 9.0 0.069 0.153
442.006 60.00 59.9600 8.2 0.040 0.056
442.056 60.00 59.9500 8.5 0.052 0.098
442.106 60.00 59.9500 8.4 0.050 0.090
442.156 60.00 59.9300 8.9 0.067 0.145
442.206 60.00 59.9700 8.0 0.034 0.035
442.256 60.00 59.9500 8.3 0.044 0.069
442.306 60.00 59.9500 8.3 0.046 0.076
442.356 60.00 59.9800 7.6 0.019 -0.013
442.406 60.00 59.9400 8.8 0.063 0.131
442.456 60.00 59.9700 8.0 0.034 0.035
442.506 60.00 59.9400 8.8 0.063 0.130
442.557 60.00 59.9800 7.7 0.023 0.000
442.606 60.00 59.9500 8.4 0.050 0.089
442.656 60.00 59.9700 8.0 0.034 0.034
442.706 60.00 59.9400 8.7 0.061 0.122
442.756 60.00 59.9400 8.8 0.063 0.129
442.806 60.00 59.9400 8.8 0.063 0.129
442.856 60.00 59.9500 8.4 0.048 0.081
442.906 60.00 59.9400 8.8 0.063 0.128
442.956 60.00 59.9500 8.4 0.048 0.080
443.007 60.00 59.9900 7.4 0.013 -0.036
443.057 60.00 59.9700 7.9 0.029 0.019
443.106 60.00 59.9300 8.8 0.065 0.135
443.156 60.00 59.9500 8.3 0.046 0.073
443.206 60.00 59.9700 7.9 0.031 0.025
443.256 60.00 59.9700 8.0 0.034 0.032
443.305 60.00 59.9600 8.1 0.038 0.046
443.355 60.00 59.9800 7.7 0.023 -0.002
443.405 60.00 59.9200 9.2 0.078 0.175
443.454 60.00 59.9500 8.2 0.044 0.065
443.505 60.00 59.9500 8.3 0.046 0.072
443.555 60.00 59.9600 8.0 0.036 0.038
443.606 60.00 59.9600 8.1 0.040 0.051
443.655 60.00 59.9500 8.5 0.052 0.092
443.704 60.00 59.9500 8.4 0.050 0.085
443.755 60.00 59.9700 8.0 0.034 0.031
443.805 60.00 59.9500 8.2 0.044 0.064
443.855 60.00 59.9400 8.6 0.059 0.112
443.905 60.00 59.9400 8.7 0.061 0.118
443.954 60.00 59.9500 8.2 0.044 0.064
444.005 60.00 59.9400 8.5 0.055 0.098
444.055 60.00 59.9700 7.8 0.029 0.016
444.106 60.00 59.9800 7.6 0.021 -0.011
444.156 60.00 59.9400 8.7 0.061 0.118
444.205 60.00 59.9500 8.4 0.050 0.084
444.255 60.00 59.9500 8.2 0.044 0.063
444.305 60.00 59.9400 8.5 0.055 0.097
444.355 60.00 59.9800 7.7 0.023 -0.005
444.406 60.00 59.9700 7.7 0.025 0.002
444.455 60.00 59.9300 8.8 0.067 0.138
444.506 60.00 59.9500 8.3 0.048 0.076
444.555 60.00 59.9700 7.8 0.027 0.008
444.605 60.00 59.9500 8.3 0.046 0.069
444.655 60.00 59.9500 8.4 0.052 0.090
444.704 60.00 59.9500 8.4 0.052 0.090
444.754 60.00 59.9700 7.7 0.025 0.001
444.804 60.00 59.9600 8.2 0.042 0.056
444.854 60.00 59.9700 8.0 0.034 0.028
444.905 60.00 59.9500 8.4 0.050 0.082
444.954 60.00 59.9300 8.9 0.069 0.144
445.005 60.00 59.9700 7.7 0.025 0.000
445.054 60.00 59.9600 8.1 0.040 0.048
445.104 60.00 59.9400 8.6 0.059 0.109
445.154 60.00 59.9700 7.9 0.031 0.020
445.203 60.00 59.9400 8.6 0.059 0.109
445.254 60.00 59.9700 7.9 0.031 0.020
445.304 60.00 59.9500 8.4 0.052 0.088
445.354 60.00 59.9600 8.1 0.038 0.040
445.404 60.00 59.9400 8.5 0.055 0.095
445.453 60.00 59.9900 7.4 0.013 -0.042
445.504 60.00 59.9700 7.9 0.031 0.020
445.554 60.00 59.9700 7.9 0.034 0.027
445.605 60.00 59.9400 8.5 0.055 0.095
445.654 60.00 59.9600 8.0 0.036 0.034
445.703 60.00 59.9400 8.6 0.057 0.102
445.754 60.00 60.0100 6.8 -0.008 -0.110
445.804 60.00 59.9600 8.0 0.036 0.034
445.854 60.00 59.9800 7.7 0.023 -0.007
445.904 60.00 59.9700 8.0 0.034 0.027
445.953 60.00 59.9600 8.0 0.036 0.034
446.004 60.00 59.9600 8.1 0.040 0.047
446.054 60.00 59.9900 7.3 0.010 -0.048
446.105 60.00 59.9600 8.0 0.036 0.034
446.155 60.00 59.9600 8.1 0.040 0.048
446.204 60.00 59.9600 8.0 0.036 0.034
446.254 60.00 59.9500 8.4 0.052 0.089
446.303 60.00 59.9400 8.6 0.059 0.109
446.353 60.00 59.9900 7.3 0.010 -0.048
446.404 60.00 59.9700 8.0 0.034 0.027
446.453 60.00 59.9700 7.9 0.031 0.021
446.504 60.00 59.9600 8.0 0.036 0.034
446.553 60.00 59.9600 8.2 0.042 0.055
446.603 60.00 59.9400 8.7 0.063 0.123
446.653 60.00 59.9600 8.2 0.042 0.055
446.702 60.00 59.9500 8.4 0.052 0.088
446.753 60.00 59.9600 8.1 0.040 0.047
446.803 60.00 59.9500 8.4 0.052 0.088
446.853 60.00 59.9600 8.2 0.042 0.054
446.903 60.00 59.9700 7.9 0.034 0.026
446.952 60.00 59.9600 8.0 0.036 0.033
447.004 60.00 59.9600 8.1 0.040 0.047
447.054 60.00 59.9700 7.9 0.034 0.026
447.103 60.00 59.9600 8.2 0.042 0.054
447.153 60.00 59.9400 8.7 0.063 0.122
447.202 60.00 60.0000 7.0 0.000 -0.083
447.253 60.00 59.9700 7.9 0.031 0.020
447.303 60.00 59.9800 7.5 0.019 -0.021
447.353 60.00 59.9600 8.0 0.036 0.034
447.403 60.00 59.9800 7.5 0.019 -0.021
447.452 60.00 59.9400 8.7 0.061 0.115
447.503 60.00 59.9800 7.5 0.019 -0.021
447.553 60.00 60.0900 4.7 -0.088 -0.368
447.603 60.00 59.9700 7.8 0.027 0.009
447.654 60.00 59.9400 8.7 0.061 0.117
447.702 60.00 59.9600 8.1 0.038 0.042
447.752 60.00 59.9500 8.3 0.048 0.076
447.803 60.00 59.9800 7.6 0.021 -0.012
447.853 60.00 59.9500 8.4 0.050 0.083
447.902 60.00 59.9700 8.0 0.034 0.028
447.951 60.00 59.9600 8.0 0.036 0.035
448.002 60.00 59.9700 7.7 0.025 0.001
448.052 60.00 59.9500 8.3 0.048 0.076
448.102 60.00 59.9600 8.1 0.038 0.042
448.152 60.00 59.9800 7.6 0.021 -0.012
448.202 60.00 59.9700 7.9 0.031 0.022
448.252 60.00 59.9800 7.6 0.021 -0.012
448.302 60.00 59.9600 8.0 0.036 0.036
448.352 60.00 59.9800 7.7 0.023 -0.005
448.402 60.00 59.9700 8.0 0.034 0.029
448.452 60.00 59.9800 7.6 0.019 -0.019
448.503 60.00 59.9600 8.1 0.038 0.043
448.553 60.00 59.9800 7.7 0.023 -0.005
448.602 60.00 59.9600 8.0 0.036 0.036
448.652 60.00 59.9600 8.2 0.042 0.057
448.701 60.00 59.9500 8.3 0.048 0.077
448.752 60.00 59.9600 8.1 0.038 0.043
448.802 60.00 59.9600 8.1 0.038 0.043
448.852 60.00 59.9600 8.1 0.038 0.043
448.902 60.00 59.9800 7.6 0.021 -0.011
448.951 60.00 59.9700 8.0 0.034 0.029
449.003 60.00 59.9800 7.5 0.017 -0.025
449.053 60.00 60.0000 7.0 -0.002 -0.086
449.102 60.00 59.9700 7.9 0.029 0.017
449.152 60.00 59.9500 8.2 0.044 0.064
449.201 60.00 59.9700 7.9 0.031 0.023
449.252 60.00 59.9900 7.3 0.008 -0.052
449.302 60.00 59.9600 8.1 0.040 0.050
449.352 60.00 59.9500 8.5 0.052 0.092
449.402 60.00 59.9800 7.6 0.019 -0.018
449.450 60.00 59.9700 8.0 0.034 0.030
449.501 60.00 59.9600 8.2 0.042 0.058
449.551 60.00 59.9500 8.2 0.044 0.064
449.601 60.00 59.9400 8.7 0.061 0.118
449.651 60.00 59.9600 8.1 0.040 0.050
449.701 60.00 59.9500 8.5 0.052 0.091
449.752 60.00 59.9600 8.1 0.040 0.050
449.801 60.00 59.9800 7.5 0.015 -0.032
449.851 60.00 59.9600 8.1 0.038 0.043
449.901 60.00 59.9500 8.3 0.046 0.070
449.950 60.00 59.9800 7.5 0.017 -0.025
450.001 60.00 59.9600 8.0 0.036 0.037
450.051 60.00 59.9700 7.9 0.031 0.023
450.101 60.00 59.9600 8.1 0.038 0.044
450.151 60.00 59.9900 7.4 0.010 -0.045
450.201 60.00 59.9600 8.2 0.042 0.058
450.251 60.00 59.9700 7.8 0.025 0.003
450.301 60.00 59.9800 7.5 0.017 -0.024
450.351 60.00 59.9700 7.9 0.029 0.017
450.401 60.00 59.9600 8.1 0.040 0.051
450.451 60.00 59.9600 8.1 0.040 0.050
450.502 60.00 60.0000 7.0 -0.004 -0.092
450.552 60.00 59.9600 8.2 0.042 0.058
450.602 60.00 59.9700 7.8 0.027 0.011
450.651 60.00 59.9700 7.9 0.031 0.024
450.700 60.00 59.9700 8.0 0.034 0.031
450.751 60.00 59.9900 7.2 0.006 -0.058
450.801 60.00 59.9700 8.0 0.034 0.031
450.851 60.00 59.9900 7.4 0.013 -0.037
450.901 60.00 59.9600 8.2 0.040 0.052
450.949 60.00 59.9800 7.7 0.021 -0.009
451.000 60.00 59.9900 7.3 0.006 -0.057
451.051 60.00 59.9400 8.6 0.057 0.107
451.101 60.00 59.9600 8.2 0.040 0.052
451.150 60.00 59.9700 8.0 0.034 0.032
451.199 60.00 59.9600 8.2 0.040 0.052
451.250 60.00 59.9600 8.2 0.040 0.052
451.300 60.00 59.9900 7.2 0.004 -0.064
451.350 60.00 60.0000 7.1 0.000 -0.077
451.400 60.00 59.9500 8.3 0.046 0.073
451.449 60.00 59.9900 7.3 0.006 -0.056
451.500 60.00 59.9900 7.3 0.008 -0.049
451.550 60.00 59.9500 8.3 0.046 0.074
451.600 60.00 59.9700 7.9 0.031 0.026
451.651 60.00 59.9700 7.9 0.029 0.020
451.700 60.00 59.9700 7.9 0.029 0.020
451.751 60.00 59.9900 7.4 0.010 -0.042
451.800 60.00 59.9600 8.1 0.038 0.047
451.850 60.00 59.9500 8.3 0.044 0.067
451.900 60.00 59.9700 7.9 0.029 0.020
451.949 60.00 59.9600 8.1 0.036 0.040
452.000 60.00 59.9700 8.0 0.034 0.033
452.050 60.00 59.9800 7.6 0.019 -0.015
452.100 60.00 59.9800 7.6 0.017 -0.021
452.151 60.00 59.9700 7.9 0.029 0.020
452.200 60.00 59.9600 8.2 0.042 0.061
452.250 60.00 59.9700 8.0 0.031 0.027
452.300 60.00 59.9800 7.7 0.021 -0.007
452.350 60.00 59.9800 7.6 0.017 -0.021
452.400 60.00 59.9800 7.7 0.021 -0.006
452.450 60.00 59.9400 8.6 0.057 0.109
452.500 60.00 59.9600 8.1 0.036 0.041
452.550 60.00 59.9700 8.0 0.034 0.034
452.599 60.00 59.9800 7.6 0.017 -0.021
452.649 60.00 59.9900 7.3 0.008 -0.048
452.698 60.00 59.9700 7.8 0.027 0.014
452.749 60.00 60.0000 7.1 0.000 -0.074
452.799 60.00 59.9700 7.9 0.029 0.022
452.849 60.00 59.9800 7.6 0.017 -0.019
452.899 60.00 60.0100 6.8 -0.013 -0.115
452.948 60.00 59.9600 8.2 0.040 0.056
453.000 60.00 60.0000 7.2 0.002 -0.066
453.050 60.00 59.9900 7.5 0.013 -0.032
453.099 60.00 59.9800 7.6 0.019 -0.012
453.149 60.00 59.9700 7.9 0.027 0.017
453.198 60.00 59.9700 8.0 0.031 0.030
453.249 60.00 59.9700 8.0 0.031 0.030
453.299 60.00 59.9800 7.6 0.017 -0.018
453.349 60.00 59.9800 7.7 0.021 -0.003
453.399 60.00 59.9600 8.1 0.036 0.044
453.448 60.00 59.9700 7.8 0.025 0.010
453.499 60.00 59.9800 7.6 0.017 -0.017
453.550 60.00 59.9800 7.8 0.023 0.004
453.600 60.00 60.0000 7.0 -0.006 -0.092
453.650 60.00 59.9600 8.1 0.036 0.045
453.698 60.00 59.9900 7.3 0.006 -0.051
453.749 60.00 59.9900 7.4 0.008 -0.044
453.799 60.00 59.9800 7.5 0.015 -0.023
453.849 60.00 59.9900 7.5 0.013 -0.029
453.899 60.00 60.0000 7.0 -0.004 -0.083
453.948 60.00 59.9700 7.9 0.027 0.020
453.998 60.00 60.0000 7.2 0.000 -0.069
454.048 60.00 59.9900 7.4 0.008 -0.042
454.099 60.00 59.9800 7.7 0.019 -0.008
454.148 60.00 59.9800 7.6 0.015 -0.021
454.198 60.00 59.9800 7.6 0.015 -0.020
454.248 60.00 59.9800 7.8 0.023 0.007
454.299 60.00 59.9900 7.5 0.010 -0.034
454.349 60.00 59.9900 7.5 0.010 -0.034
454.398 60.00 59.9900 7.3 0.006 -0.047
454.448 60.00 59.9700 8.0 0.029 0.029
454.498 60.00 59.9700 8.1 0.034 0.042
454.548 60.00 59.9700 7.8 0.025 0.015
454.598 60.00 60.0200 6.7 -0.019 -0.128
454.648 60.00 60.0100 7.0 -0.008 -0.094
454.698 60.00 59.9800 7.6 0.015 -0.018
454.748 60.00 59.9800 7.8 0.021 0.003
454.798 60.00 59.9800 7.8 0.021 0.003
454.848 60.00 59.9500 8.4 0.044 0.078
454.899 60.00 59.9900 7.5 0.010 -0.032
454.948 60.00 59.9800 7.8 0.021 0.004
454.999 60.00 59.9400 8.8 0.061 0.132
455.048 60.00 59.9600 8.2 0.038 0.057
455.098 60.00 59.9900 7.4 0.008 -0.039
455.148 60.00 59.9700 7.9 0.025 0.017
455.198 60.00 59.9700 7.9 0.027 0.024
455.248 60.00 59.9800 7.8 0.023 0.010
455.298 60.00 60.0100 6.9 -0.013 -0.106
455.348 60.00 59.9800 7.8 0.023 0.011
455.398 60.00 59.9800 7.8 0.023 0.011
455.448 60.00 59.9700 7.9 0.025 0.018
455.497 60.00 59.9700 8.1 0.034 0.045
455.547 60.00 59.9800 7.7 0.017 -0.010
455.598 60.00 59.9800 7.6 0.015 -0.017
455.648 60.00 59.9700 7.9 0.027 0.025
455.697 60.00 59.9800 7.6 0.015 -0.016
455.746 60.00 59.9600 8.2 0.036 0.052
455.797 60.00 59.9500 8.6 0.052 0.106
455.847 60.00 59.9500 8.4 0.046 0.085
455.897 60.00 59.9700 7.9 0.027 0.024
455.947 60.00 59.9800 7.8 0.021 0.004
455.996 60.00 59.9600 8.3 0.042 0.072
456.047 60.00 59.9800 7.7 0.019 -0.004
456.097 60.00 59.9900 7.5 0.013 -0.024
456.148 60.00 59.9900 7.5 0.010 -0.030
456.198 60.00 59.9900 7.5 0.013 -0.023
456.247 60.00 59.9800 7.6 0.015 -0.016
456.297 60.00 59.9800 7.6 0.015 -0.016
456.348 60.00 59.9900 7.5 0.010 -0.029
456.398 60.00 60.0000 7.0 -0.006 -0.083
456.448 60.00 59.9800 7.6 0.015 -0.015
456.497 60.00 59.9800 7.6 0.015 -0.015
456.547 60.00 59.9900 7.4 0.008 -0.035
456.597 60.00 59.9800 7.7 0.017 -0.008
456.647 60.00 59.9800 7.7 0.019 -0.001
456.697 60.00 59.9800 7.8 0.023 0.013
456.746 60.00 59.9700 7.9 0.025 0.020
456.797 60.00 59.9800 7.8 0.021 0.007
456.847 60.00 60.0000 7.3 0.002 -0.055
456.897 60.00 59.9800 7.6 0.015 -0.014
456.948 60.00 60.0000 7.2 -0.002 -0.068
456.997 60.00 60.0000 7.1 -0.004 -0.074
457.047 60.00 59.9900 7.5 0.008 -0.033
457.096 60.00 59.9900 7.6 0.013 -0.019
457.146 60.00 60.0000 7.3 0.002 -0.053
457.196 60.00 59.9900 7.3 0.004 -0.046
457.245 60.00 59.9900 7.5 0.008 -0.032
457.296 60.00 59.9600 8.3 0.040 0.070
457.346 60.00 59.9800 7.7 0.017 -0.005
457.396 60.00 59.9900 7.5 0.008 -0.032
457.446 60.00 59.9700 8.1 0.034 0.050
457.495 60.00 59.9900 7.6 0.013 -0.018
457.546 60.00 59.9800 7.7 0.017 -0.004
457.596 60.00 59.9900 7.6 0.013 -0.018
457.646 60.00 59.9700 8.0 0.029 0.038
457.696 60.00 59.9600 8.2 0.038 0.064
457.746 60.00 59.8600 11.0 0.143 0.405
457.797 60.00 60.0000 7.2 0.000 -0.060
457.846 60.00 59.9700 8.0 0.027 0.029
457.896 60.00 59.9900 7.3 0.004 -0.046
457.946 60.00 59.9900 7.3 0.004 -0.046
457.995 60.00 59.9900 7.5 0.008 -0.032
458.046 60.00 60.0100 6.8 -0.015 -0.107
458.096 60.00 59.9800 7.7 0.017 -0.004
458.146 60.00 59.9900 7.4 0.006 -0.038
458.196 60.00 59.9900 7.4 0.004 -0.045
458.245 60.00 59.9800 7.9 0.023 0.018
458.296 60.00 59.9800 7.7 0.017 -0.003
458.346 60.00 59.9600 8.3 0.040 0.072
458.396 60.00 59.9700 8.1 0.031 0.045
458.446 60.00 59.9500 8.4 0.044 0.085
458.495 60.00 59.9600 8.3 0.040 0.071
458.545 60.00 59.9800 7.8 0.021 0.011
458.596 60.00 59.9700 8.0 0.027 0.031
458.646 60.00 59.9700 8.0 0.029 0.038
458.695 60.00 59.9800 7.9 0.023 0.017
458.744 60.00 60.0200 6.8 -0.019 -0.119
458.795 60.00 59.9900 7.6 0.013 -0.017
458.845 60.00 59.9700 8.1 0.031 0.045
458.895 60.00 59.9900 7.4 0.004 -0.044
458.945 60.00 59.9800 7.7 0.015 -0.009
458.994 60.00 60.0000 7.2 -0.004 -0.071
459.045 60.00 59.9900 7.6 0.013 -0.016
459.095 60.00 59.9800 7.7 0.017 -0.002
459.146 60.00 59.9700 8.1 0.029 0.040
459.196 60.00 59.9700 7.9 0.025 0.026
459.244 60.00 59.9700 8.1 0.029 0.039
459.295 60.00 59.9700 8.2 0.034 0.053
459.345 60.00 59.9700 7.9 0.025 0.026
459.395 60.00 60.0000 7.2 -0.004 -0.070
459.445 60.00 59.9900 7.4 0.006 -0.036
459.494 60.00 59.9700 8.0 0.027 0.033
459.545 60.00 59.9900 7.4 0.006 -0.036
459.595 60.00 60.0000 7.2 -0.002 -0.062
459.645 60.00 59.9900 7.5 0.010 -0.021
459.695 60.00 60.0000 7.3 0.000 -0.055
459.745 60.00 59.9700 8.0 0.025 0.027
459.796 60.00 59.9800 7.7 0.017 -0.000
459.845 60.00 60.0000 7.2 -0.002 -0.061
459.895 60.00 59.9800 7.9 0.023 0.021
459.945 60.00 59.9900 7.5 0.006 -0.034
459.994 60.00 59.9800 7.7 0.015 -0.006
460.044 60.00 59.9900 7.5 0.006 -0.034
460.095 60.00 59.9900 7.5 0.008 -0.027
460.145 60.00 59.9900 7.5 0.008 -0.026
460.194 60.00 59.9700 8.2 0.034 0.056
460.243 60.00 59.9900 7.6 0.013 -0.012
460.294 60.00 59.9700 8.0 0.027 0.036
460.344 60.00 59.9700 8.0 0.025 0.029
460.394 60.00 59.9900 7.6 0.013 -0.012
460.444 60.00 59.9900 7.6 0.013 -0.012
460.493 60.00 59.9700 8.0 0.027 0.036
460.544 60.00 59.9800 7.8 0.019 0.008
460.594 60.00 59.9800 7.8 0.019 0.008
460.645 60.00 60.0000 7.1 -0.006 -0.073
460.695 60.00 59.9800 7.9 0.021 0.016
460.743 60.00 59.9800 7.8 0.019 0.009
460.794 60.00 59.9700 8.0 0.025 0.030
460.844 60.00 59.9900 7.6 0.013 -0.011
460.894 60.00 59.9600 8.2 0.036 0.064
460.944 60.00 59.9900 7.6 0.013 -0.012
460.993 60.00 59.9800 7.7 0.015 -0.005
461.044 60.00 59.9600 8.3 0.038 0.071
461.094 60.00 59.9800 7.8 0.019 0.009
461.144 60.00 59.9800 7.9 0.021 0.017
461.195 60.00 59.9900 7.6 0.010 -0.018
461.244 60.00 59.9800 7.8 0.017 0.003
461.295 60.00 59.9800 7.8 0.019 0.009
461.344 60.00 59.9800 7.8 0.019 0.009
461.394 60.00 59.9800 7.9 0.023 0.023
461.444 60.00 59.9800 7.9 0.021 0.017
461.493 60.00 59.9700 8.1 0.031 0.050
461.544 60.00 59.9700 8.2 0.034 0.057
461.594 60.00 59.9700 8.0 0.025 0.030
461.644 60.00 59.9600 8.2 0.036 0.064
461.694 60.00 59.9900 7.4 0.004 -0.039
461.742 60.00 60.0100 7.0 -0.010 -0.086
461.793 60.00 59.9600 8.4 0.040 0.078
461.844 60.00 59.9400 8.8 0.055 0.126
461.894 60.00 59.9800 7.9 0.023 0.023
461.943 60.00 59.9900 7.6 0.013 -0.011
461.992 60.00 59.9600 8.3 0.038 0.071
462.043 60.00 59.9900 7.5 0.006 -0.032
462.093 60.00 59.9600 8.2 0.036 0.064
462.143 60.00 60.0100 6.9 -0.015 -0.100
462.193 60.00 59.9800 7.9 0.021 0.017
462.242 60.00 59.9700 8.0 0.027 0.037
462.293 60.00 59.9800 7.7 0.015 -0.004
462.343 60.00 60.0000 7.3 0.000 -0.052
462.393 60.00 59.9400 9.0 0.063 0.154
462.443 60.00 59.9700 8.2 0.034 0.057
462.492 60.00 59.9800 7.9 0.023 0.023
462.543 60.00 59.9200 9.3 0.076 0.194
462.593 60.00 59.9800 7.8 0.019 0.008
462.643 60.00 59.9900 7.4 0.004 -0.039
462.693 60.00 59.9600 8.2 0.036 0.064
462.743 60.00 59.9600 8.2 0.036 0.063
462.794 60.00 59.9900 7.6 0.013 -0.012
462.843 60.00 59.9800 7.7 0.015 -0.005
462.893 60.00 59.9700 8.1 0.031 0.050
462.943 60.00 59.9800 7.9 0.023 0.023
462.992 60.00 59.9500 8.5 0.044 0.090
463.043 60.00 59.9600 8.4 0.042 0.084
463.093 60.00 59.9800 7.7 0.015 -0.005
463.143 60.00 59.9900 7.4 0.004 -0.040
463.193 60.00 59.9800 7.7 0.017 0.002
463.241 60.00 59.9700 8.0 0.025 0.029
463.292 60.00 59.9700 8.0 0.027 0.036
463.343 60.00 59.9900 7.4 0.004 -0.039
463.393 60.00 59.9700 8.0 0.027 0.037
463.443 60.00 59.9800 7.8 0.017 0.002
463.492 60.00 59.9700 8.2 0.034 0.057
463.542 60.00 59.9700 8.0 0.025 0.030
463.592 60.00 59.9800 7.8 0.019 0.008
463.642 60.00 59.9900 7.6 0.013 -0.012
463.692 60.00 59.9600 8.4 0.040 0.077
463.741 60.00 59.9800 7.8 0.019 0.008
463.792 60.00 59.9600 8.2 0.036 0.063
463.842 60.00 59.9900 7.5 0.008 -0.026
463.892 60.00 59.9700 8.0 0.027 0.036
463.943 60.00 59.9900 7.6 0.010 -0.019
463.991 60.00 59.9600 8.4 0.042 0.084
464.042 60.00 59.9900 7.6 0.013 -0.012
464.092 60.00 59.9800 7.8 0.017 0.002
464.142 60.00 59.9700 8.1 0.031 0.050
464.192 60.00 59.9300 9.2 0.073 0.186
464.241 60.00 59.9400 8.9 0.059 0.138
464.292 60.00 59.9500 8.6 0.048 0.103
464.342 60.00 59.9900 7.4 0.004 -0.041
464.392 60.00 59.9900 7.6 0.013 -0.013
464.442 60.00 59.9400 9.0 0.063 0.151
464.491 60.00 59.9800 7.8 0.021 0.015
464.542 60.00 59.9800 7.9 0.023 0.021
464.592 60.00 59.9900 7.6 0.013 -0.013
464.642 60.00 59.9800 7.8 0.019 0.007
464.692 60.00 59.9600 8.4 0.042 0.083
464.742 60.00 59.9700 8.1 0.031 0.048
464.791 60.00 59.9900 7.5 0.008 -0.027
464.841 60.00 59.9700 8.0 0.027 0.035
464.891 60.00 59.9500 8.6 0.048 0.103
464.941 60.00 59.9600 8.4 0.042 0.082
464.990 60.00 59.9800 7.8 0.021 0.014
465.041 60.00 60.0000 7.3 0.002 -0.048
465.091 60.00 59.9500 8.6 0.050 0.109
465.141 60.00 59.9600 8.3 0.038 0.068
465.191 60.00 59.9800 7.8 0.019 0.006
465.241 60.00 59.9800 7.9 0.023 0.020
465.292 60.00 59.9800 7.8 0.021 0.014
465.342 60.00 59.9600 8.3 0.040 0.074
465.391 60.00 59.9900 7.6 0.013 -0.014
465.441 60.00 59.9700 8.0 0.027 0.034
465.490 60.00 59.9700 8.1 0.029 0.041
465.541 60.00 59.9800 7.7 0.017 -0.000
465.591 60.00 59.9600 8.2 0.036 0.061
465.641 60.00 59.9800 7.7 0.017 -0.000
465.691 60.00 59.9700 8.0 0.027 0.034
465.740 60.00 59.9900 7.6 0.010 -0.021
465.791 60.00 59.9800 7.8 0.021 0.014
465.841 60.00 59.9700 8.1 0.031 0.048
465.891 60.00 59.9800 7.7 0.017 -0.000
465.942 60.00 59.9800 7.7 0.015 -0.007
465.990 60.00 59.9900 7.6 0.010 -0.020
466.041 60.00 59.9900 7.4 0.004 -0.041
466.091 60.00 59.9800 7.7 0.017 0.001
466.141 60.00 59.9700 8.1 0.029 0.042
466.191 60.00 59.9700 8.0 0.027 0.035
466.240 60.00 59.9800 7.9 0.023 0.021
466.290 60.00 59.9800 7.9 0.023 0.021
466.340 60.00 59.9600 8.3 0.040 0.075
466.390 60.00 59.9700 8.0 0.025 0.028
466.440 60.00 59.9700 8.2 0.034 0.055
466.490 60.00 59.9700 8.0 0.025 0.028
466.540 60.00 59.9800 7.8 0.019 0.007
466.590 60.00 59.9900 7.6 0.013 -0.013
466.640 60.00 59.9900 7.5 0.006 -0.034
466.691 60.00 59.9800 7.7 0.017 0.001
466.740 60.00 59.9500 8.5 0.046 0.096
466.791 60.00 59.9800 7.9 0.023 0.021
466.840 60.00 59.9800 7.9 0.023 0.021
466.890 60.00 59.9800 7.9 0.023 0.021
466.940 60.00 59.9500 8.6 0.048 0.103
466.990 60.00 59.9800 7.7 0.017 0.000
467.040 60.00 59.9600 8.3 0.038 0.068
467.090 60.00 59.9800 7.9 0.023 0.021
467.140 60.00 59.9800 7.7 0.015 -0.007
467.191 60.00 59.9700 8.0 0.027 0.035
467.240 60.00 59.9800 7.8 0.019 0.007
467.291 60.00 59.9700 8.0 0.025 0.028
467.340 60.00 60.0200 6.7 -0.023 -0.129
467.390 60.00 59.9700 8.1 0.029 0.042
467.440 60.00 59.9800 7.7 0.015 -0.006
467.490 60.00 59.9800 7.9 0.021 0.015
467.540 60.00 59.9800 7.7 0.017 0.001
467.590 60.00 59.9700 8.1 0.031 0.049
467.640 60.00 59.9800 7.9 0.023 0.022
467.690 60.00 59.9700 8.0 0.027 0.035
467.740 60.00 59.9800 7.7 0.015 -0.006
467.789 60.00 59.9700 8.1 0.029 0.042
467.840 60.00 59.9700 8.1 0.029 0.042
467.889 60.00 60.0000 7.1 -0.006 -0.074
467.939 60.00 59.9700 8.1 0.029 0.043
467.989 60.00 59.9900 7.6 0.010 -0.019
468.038 60.00 59.9800 7.9 0.021 0.016
468.089 60.00 59.9800 7.9 0.023 0.022
468.139 60.00 59.9700 8.1 0.029 0.043
468.189 60.00 59.9800 7.9 0.023 0.022
468.239 60.00 59.9700 8.0 0.025 0.029
468.288 60.00 59.9900 7.5 0.008 -0.026
468.339 60.00 59.9800 7.7 0.015 -0.005
468.389 60.00 59.9600 8.4 0.040 0.076
468.439 60.00 59.9900 7.5 0.006 -0.033
468.489 60.00 59.9700 8.1 0.029 0.043
468.538 60.00 59.9600 8.4 0.040 0.076
468.589 60.00 59.9800 7.9 0.023 0.022
468.639 60.00 60.0000 7.4 0.002 -0.046
468.689 60.00 59.9600 8.4 0.040 0.076
468.740 60.00 59.9700 8.0 0.027 0.036
468.789 60.00 59.9800 7.8 0.019 0.008
468.840 60.00 59.9700 8.1 0.029 0.043
468.889 60.00 59.9700 8.1 0.031 0.049
468.939 60.00 59.9700 8.0 0.025 0.029
468.989 60.00 59.9600 8.4 0.042 0.083
469.038 60.00 59.9700 8.0 0.027 0.035
469.089 60.00 59.9600 8.3 0.040 0.076
469.139 60.00 60.0200 6.8 -0.017 -0.108
469.189 60.00 59.9700 8.1 0.029 0.043
469.239 60.00 59.9800 7.9 0.021 0.016
469.289 60.00 59.9700 8.2 0.034 0.056
469.339 60.00 59.9700 8.1 0.031 0.049
469.388 60.00 59.9800 7.8 0.019 0.007
469.438 60.00 59.9800 7.8 0.017 0.001
469.488 60.00 59.9700 8.2 0.034 0.056
469.537 60.00 59.9600 8.3 0.038 0.069
469.588 60.00 59.9800 7.9 0.021 0.015
469.638 60.00 59.9800 7.7 0.015 -0.006
469.688 60.00 59.9500 8.6 0.050 0.110
469.738 60.00 59.9900 7.5 0.008 -0.027
469.787 60.00 59.9700 8.0 0.025 0.028
469.838 60.00 59.9700 8.0 0.025 0.028
469.889 60.00 59.9600 8.2 0.036 0.062
469.939 60.00 59.9800 7.9 0.021 0.015
469.988 60.00 59.9700 8.0 0.025 0.028
470.037 60.00 59.9900 7.6 0.010 -0.020
470.088 60.00 59.9700 8.1 0.031 0.049
470.138 60.00 59.9600 8.3 0.040 0.075
470.188 60.00 59.9800 7.9 0.021 0.015
470.238 60.00 59.9800 7.7 0.017 0.001
470.287 60.00 59.9700 8.2 0.034 0.055
470.338 60.00 59.9700 8.1 0.029 0.042
470.388 60.00 59.9700 8.1 0.029 0.042
470.438 60.00 59.9900 7.6 0.010 -0.020
470.488 60.00 59.9600 8.3 0.038 0.069
470.537 60.00 59.9700 8.2 0.034 0.055
470.588 60.00 59.9800 7.7 0.015 -0.007
470.638 60.00 59.9800 7.7 0.017 0.000
470.689 60.00 59.9800 7.7 0.017 0.000
470.739 60.00 59.9900 7.6 0.013 -0.013
470.787 60.00 59.9900 7.6 0.010 -0.020
470.837 60.00 59.9700 8.1 0.031 0.049
470.888 60.00 59.9700 8.0 0.027 0.035
470.938 60.00 59.9800 7.7 0.015 -0.006
470.987 60.00 59.9800 7.9 0.023 0.022
471.036 60.00 59.9800 7.9 0.021 0.015
471.087 60.00 59.9900 7.6 0.010 -0.020
471.137 60.00 59.9700 8.0 0.027 0.036
471.187 60.00 60.0100 7.1 -0.008 -0.081
471.238 60.00 59.9700 8.2 0.034 0.056
471.287 60.00 59.9600 8.4 0.040 0.076
471.337 60.00 59.9600 8.3 0.038 0.069
471.387 60.00 59.9900 7.6 0.013 -0.013
471.437 60.00 59.9700 8.2 0.034 0.056
471.487 60.00 59.9900 7.6 0.010 -0.020
471.536 60.00 59.9800 7.9 0.023 0.022
471.587 60.00 59.9700 8.1 0.029 0.042
471.637 60.00 59.9800 7.9 0.021 0.015
471.687 60.00 59.9600 8.2 0.036 0.063
471.737 60.00 59.9200 9.4 0.078 0.199
471.787 60.00 59.9700 8.0 0.025 0.028
471.838 60.00 59.9700 8.1 0.029 0.041
471.887 60.00 59.9700 8.0 0.025 0.028
471.937 60.00 59.9700 8.1 0.031 0.048
471.987 60.00 59.9900 7.4 0.004 -0.041
472.036 60.00 59.9700 8.0 0.027 0.035
472.087 60.00 59.9700 8.2 0.034 0.055
472.137 60.00 59.9700 8.1 0.031 0.048
472.187 60.00 59.9700 8.0 0.027 0.034
472.237 60.00 59.9700 8.1 0.031 0.048
472.286 60.00 59.9900 7.5 0.006 -0.034
472.336 60.00 59.9600 8.3 0.038 0.068
472.387 60.00 59.9900 7.6 0.010 -0.021
472.437 60.00 59.9900 7.5 0.006 -0.034
472.486 60.00 59.9800 7.9 0.023 0.021
472.535 60.00 59.9700 8.2 0.034 0.055
472.586 60.00 59.9700 8.0 0.025 0.028
472.637 60.00 59.9900 7.6 0.013 -0.013
472.687 60.00 59.9600 8.2 0.036 0.062
472.736 60.00 59.9900 7.4 0.004 -0.041
472.785 60.00 59.9800 7.7 0.015 -0.006
472.836 60.00 60.0000 7.2 -0.004 -0.068
472.886 60.00 59.9600 8.4 0.042 0.083
472.936 60.00 59.9600 8.2 0.036 0.062
472.986 60.00 59.9700 8.1 0.031 0.048
473.035 60.00 59.9900 7.6 0.010 -0.020
473.086 60.00 59.9800 7.9 0.023 0.021
473.136 60.00 59.9400 8.8 0.057 0.130
473.187 60.00 59.9900 7.5 0.006 -0.034
473.237 60.00 59.9700 8.1 0.031 0.048
473.285 60.00 59.9800 7.9 0.023 0.021
473.336 60.00 59.9700 8.1 0.029 0.042
473.386 60.00 60.0100 7.0 -0.010 -0.088
473.436 60.00 59.9900 7.6 0.010 -0.020
473.486 60.00 59.9800 7.9 0.021 0.015
473.535 60.00 59.9700 8.0 0.027 0.035
473.586 60.00 59.9900 7.6 0.010 -0.020
473.636 60.00 60.0000 7.3 0.000 -0.053
473.686 60.00 59.9700 8.2 0.034 0.056
473.736 60.00 59.9700 8.1 0.031 0.049
473.786 60.00 59.9900 7.5 0.008 -0.026
473.837 60.00 59.9900 7.6 0.010 -0.019
473.886 60.00 60.0100 7.1 -0.008 -0.080
473.936 60.00 59.9900 7.4 0.004 -0.039
473.986 60.00 59.9800 7.7 0.015 -0.004
474.034 60.00 60.0000 7.2 -0.004 -0.066
474.085 60.00 60.0100 7.1 -0.008 -0.079
474.135 60.00 59.9900 7.5 0.008 -0.024
474.185 60.00 59.9800 7.9 0.023 0.024
474.235 60.00 59.9600 8.3 0.038 0.072
474.284 60.00 59.9600 8.3 0.038 0.072
474.335 60.00 59.9800 7.8 0.019 0.010
474.385 60.00 60.0000 7.3 0.000 -0.051
474.435 60.00 59.9800 7.9 0.023 0.024
474.485 60.00 59.9800 7.7 0.015 -0.003
474.535 60.00 59.9800 7.8 0.019 0.010
474.586 60.00 60.0000 7.2 -0.004 -0.064
474.636 60.00 60.0000 7.3 -0.002 -0.057
474.685 60.00 60.0400 6.3 -0.038 -0.173
474.735 60.00 59.9900 7.6 0.010 -0.015
474.784 60.00 59.9800 7.8 0.017 0.005
474.835 60.00 59.9800 7.7 0.015 -0.001
474.885 60.00 59.9800 7.7 0.015 -0.001
474.935 60.00 59.9900 7.7 0.013 -0.008
474.985 60.00 59.9900 7.5 0.006 -0.029
475.034 60.00 59.9700 8.1 0.027 0.040
475.085 60.00 59.9800 7.7 0.015 -0.001
475.136 60.00 59.9700 8.1 0.027 0.040
475.186 60.00 59.9800 7.8 0.019 0.012
475.236 60.00 59.9800 7.7 0.015 -0.001
475.284 60.00 59.9900 7.7 0.013 -0.008
475.335 60.00 59.9900 7.5 0.004 -0.035
475.385 60.00 59.9800 7.8 0.017 0.006
475.435 60.00 60.0000 7.3 -0.002 -0.055
475.485 60.00 59.9700 8.1 0.029 0.048
475.533 60.00 59.9700 8.1 0.027 0.041
475.584 60.00 59.9700 8.2 0.031 0.054
475.634 60.00 59.9800 8.0 0.023 0.027
475.685 60.00 60.0000 7.2 -0.004 -0.062
475.735 60.00 59.9900 7.7 0.013 -0.007
475.783 60.00 59.9800 7.8 0.017 0.007
475.834 60.00 59.9600 8.3 0.036 0.068
475.884 60.00 59.9900 7.6 0.010 -0.014
475.934 60.00 59.9900 7.5 0.006 -0.027
475.985 60.00 59.9900 7.5 0.006 -0.027
476.033 60.00 59.9800 7.8 0.019 0.014
476.086 60.00 60.0000 7.3 0.000 -0.047
476.134 60.00 59.9900 7.5 0.006 -0.027
476.184 60.00 60.0200 6.9 -0.017 -0.101
476.234 60.00 59.9800 7.9 0.019 0.015
476.283 60.00 59.9800 7.8 0.015 0.002
476.334 60.00 59.9800 7.8 0.015 0.002
476.384 60.00 59.9900 7.7 0.013 -0.005
476.434 60.00 59.9900 7.6 0.010 -0.012
476.484 60.00 60.0000 7.2 -0.006 -0.066
476.534 60.00 60.0000 7.3 -0.002 -0.052
476.585 60.00 59.9900 7.5 0.004 -0.032
476.635 60.00 59.9800 8.0 0.023 0.030
476.684 60.00 59.9600 8.3 0.036 0.071
476.734 60.00 59.9800 7.8 0.015 0.003
476.783 60.00 59.9600 8.3 0.036 0.071
476.834 60.00 59.9700 8.0 0.025 0.037
476.884 60.00 59.9800 7.8 0.015 0.002
476.934 60.00 59.9800 7.8 0.015 0.003
476.984 60.00 59.9900 7.7 0.010 -0.011
477.032 60.00 59.9700 8.1 0.027 0.044
477.084 60.00 59.9600 8.3 0.036 0.071
477.134 60.00 59.9900 7.6 0.008 -0.018
477.184 60.00 59.9800 7.9 0.021 0.024
477.233 60.00 59.9800 7.9 0.021 0.024
477.282 60.00 59.9900 7.6 0.008 -0.018
477.333 60.00 60.0000 7.4 0.002 -0.038
477.383 60.00 60.0000 7.3 -0.002 -0.051
477.433 60.00 60.0100 7.0 -0.015 -0.092
477.483 60.00 59.9900 7.5 0.004 -0.031
477.532 60.00 60.0000 7.3 -0.002 -0.050
477.583 60.00 59.9800 7.9 0.019 0.018
477.633 60.00 60.0100 7.0 -0.013 -0.085
477.684 60.00 59.9800 7.8 0.017 0.012
477.734 60.00 59.9900 7.6 0.008 -0.016
477.782 60.00 60.0100 7.1 -0.010 -0.076
477.833 60.00 59.9900 7.5 0.004 -0.029
477.883 60.00 59.9800 7.8 0.017 0.012
477.933 60.00 60.0100 7.2 -0.008 -0.070
477.983 60.00 59.9600 8.3 0.036 0.074
478.032 60.00 60.0100 7.1 -0.013 -0.083
478.083 60.00 60.0100 7.0 -0.015 -0.090
478.133 60.00 60.0000 7.3 -0.004 -0.055
478.183 60.00 59.9900 7.7 0.010 -0.007
478.233 60.00 60.0000 7.5 0.002 -0.034
478.282 60.00 59.9900 7.7 0.010 -0.006
478.333 60.00 60.0000 7.5 0.002 -0.033
478.383 60.00 59.9900 7.6 0.008 -0.013
478.434 60.00 60.0700 5.6 -0.067 -0.258
478.484 60.00 59.9900 7.5 0.004 -0.025
478.533 60.00 60.0000 7.4 0.000 -0.039
478.582 60.00 60.0000 7.3 -0.004 -0.052
478.632 60.00 60.0300 6.6 -0.031 -0.140
478.682 60.00 60.0000 7.3 -0.006 -0.057
478.732 60.00 60.0200 7.0 -0.017 -0.091
478.781 60.00 60.0200 6.8 -0.025 -0.118
478.832 60.00 60.0100 7.1 -0.013 -0.077
478.882 60.00 59.9900 7.6 0.006 -0.015
478.932 60.00 60.0100 7.2 -0.008 -0.063
478.982 60.00 60.0100 7.2 -0.010 -0.069
479.032 60.00 60.0200 7.0 -0.017 -0.089
479.083 60.00 60.0100 7.2 -0.008 -0.062
479.132 60.00 59.9900 7.7 0.010 0.000
479.182 60.00 60.0300 6.7 -0.029 -0.129
479.232 60.00 59.9600 8.4 0.036 0.083
479.281 60.00 59.9900 7.6 0.006 -0.013
479.332 60.00 59.9900 7.7 0.008 -0.006
479.382 60.00 60.0100 7.2 -0.010 -0.067
479.432 60.00 60.0200 7.0 -0.019 -0.094
479.482 60.00 60.0100 7.1 -0.015 -0.081
479.531 60.00 59.9900 7.7 0.008 -0.005
479.582 60.00 60.0100 7.2 -0.010 -0.066
479.632 60.00 60.0100 7.2 -0.008 -0.059
479.682 60.00 60.0100 7.1 -0.013 -0.073
479.733 60.00 60.0400 6.5 -0.038 -0.154
479.782 60.00 60.0200 7.0 -0.017 -0.085
479.832 60.00 60.0200 7.0 -0.017 -0.084
479.882 60.00 60.0000 7.3 -0.006 -0.049
479.932 60.00 60.0200 6.9 -0.021 -0.097
479.982 60.00 60.0100 7.1 -0.015 -0.077
480.031 60.00 60.0200 6.9 -0.023 -0.103
480.081 60.00 60.0000 7.5 -0.002 -0.035
480.131 60.00 60.0100 7.2 -0.010 -0.061
480.181 60.00 60.0000 7.5 -0.002 -0.034
480.231 60.00 60.0200 7.0 -0.021 -0.095
480.281 60.00 60.0300 6.6 -0.034 -0.136
480.331 60.00 60.0300 6.8 -0.027 -0.114
480.381 60.00 60.0000 7.6 0.002 -0.018
480.431 60.00 60.0000 7.4 -0.006 -0.045
480.481 60.00 60.0200 6.9 -0.023 -0.100
480.531 60.00 59.9900 7.7 0.006 -0.004
480.581 60.00 60.0000 7.5 0.000 -0.024
480.632 60.00 60.0100 7.3 -0.008 -0.052
480.681 60.00 60.0000 7.5 0.000 -0.024
480.731 60.00 60.0200 6.9 -0.025 -0.106
480.781 60.00 60.0100 7.2 -0.013 -0.065
480.831 60.00 60.0400 6.4 -0.044 -0.166
480.881 60.00 60.0100 7.2 -0.013 -0.064
480.931 60.00 60.0400 6.4 -0.044 -0.165
480.981 60.00 60.0200 7.1 -0.019 -0.082
481.031 60.00 60.0300 6.8 -0.029 -0.116
481.081 60.00 60.0300 6.8 -0.029 -0.115
481.131 60.00 60.0900 5.1 -0.094 -0.326
481.182 60.00 60.0200 7.0 -0.023 -0.093
481.232 60.00 60.0300 6.9 -0.027 -0.106
481.281 60.00 60.0600 6.1 -0.057 -0.201
481.331 60.00 60.0400 6.4 -0.044 -0.160
481.381 60.00 60.0200 7.0 -0.021 -0.083
481.431 60.00 60.0300 6.9 -0.027 -0.104
481.481 60.00 60.0500 6.3 -0.048 -0.171
481.531 60.00 60.0100 7.3 -0.010 -0.048
481.581 60.00 60.0000 7.6 -0.002 -0.021
481.631 60.00 60.0400 6.5 -0.042 -0.150
481.680 60.00 59.9500 8.8 0.044 0.130
481.730 60.00 60.0300 6.8 -0.029 -0.109
481.781 60.00 60.0300 6.8 -0.029 -0.108
481.830 60.00 60.0200 7.0 -0.025 -0.095
481.880 60.00 60.0300 6.8 -0.029 -0.107
481.930 60.00 60.0500 6.2 -0.052 -0.182
481.980 60.00 60.0200 7.1 -0.019 -0.072
482.031 60.00 60.0500 6.3 -0.050 -0.174
482.080 60.00 60.0500 6.3 -0.050 -0.173
482.131 60.00 60.0300 6.8 -0.034 -0.118
482.181 60.00 60.0200 7.1 -0.021 -0.076
482.230 60.00 60.0600 6.1 -0.059 -0.199
482.280 60.00 60.0500 6.3 -0.052 -0.178
482.329 60.00 60.0300 6.8 -0.034 -0.115
482.380 60.00 60.0300 6.8 -0.031 -0.108
482.430 60.00 60.0300 7.0 -0.027 -0.094
482.480 60.00 60.0400 6.6 -0.040 -0.135
482.530 60.00 60.0600 6.2 -0.057 -0.189
482.579 60.00 60.0400 6.6 -0.042 -0.140
482.630 60.00 60.0400 6.5 -0.044 -0.146
482.680 60.00 60.0800 5.5 -0.084 -0.275
482.730 60.00 60.0400 6.7 -0.038 -0.124
482.781 60.00 60.0300 6.8 -0.035 -0.116
482.830 60.00 60.0500 6.4 -0.050 -0.164
482.881 60.00 60.0500 6.5 -0.048 -0.156
482.930 60.00 60.0500 6.5 -0.048 -0.155
482.980 60.00 60.0400 6.5 -0.046 -0.148
483.030 60.00 60.0300 6.8 -0.035 -0.113
483.079 60.00 60.0400 6.6 -0.044 -0.140
483.129 60.00 60.0700 5.9 -0.069 -0.221
483.179 60.00 60.0600 6.2 -0.059 -0.186
483.229 60.00 60.0500 6.4 -0.050 -0.158
483.279 60.00 60.0600 6.3 -0.057 -0.178
483.328 60.00 60.0400 6.7 -0.042 -0.129
483.380 60.00 60.0200 7.2 -0.023 -0.068
483.430 60.00 60.0400 6.7 -0.040 -0.122
483.480 60.00 60.0600 6.2 -0.059 -0.183
483.529 60.00 60.0500 6.5 -0.050 -0.155
483.578 60.00 60.0500 6.5 -0.048 -0.147
483.629 60.00 60.0600 6.3 -0.057 -0.174
483.679 60.00 60.0300 6.9 -0.035 -0.104
483.729 60.00 60.0500 6.5 -0.050 -0.152
483.779 60.00 60.0300 7.0 -0.029 -0.083
483.828 60.00 60.0400 6.8 -0.040 -0.117
483.879 60.00 60.0400 6.8 -0.040 -0.117
483.929 60.00 60.0400 6.8 -0.040 -0.116
483.979 60.00 60.0400 6.8 -0.040 -0.116
484.030 60.00 60.0400 6.8 -0.038 -0.108
484.078 60.00 60.0600 6.3 -0.059 -0.176
484.129 60.00 60.0600 6.2 -0.063 -0.189
484.179 60.00 60.0500 6.4 -0.055 -0.161
484.229 60.00 60.0400 6.7 -0.044 -0.126
484.279 60.00 60.0500 6.6 -0.048 -0.139
484.329 60.00 60.0600 6.1 -0.065 -0.194
484.380 60.00 60.0500 6.4 -0.055 -0.158
484.429 60.00 60.0100 7.5 -0.015 -0.029
484.479 60.00 60.0500 6.5 -0.050 -0.144
484.529 60.00 60.0300 7.2 -0.027 -0.068
484.578 60.00 60.0600 6.4 -0.057 -0.164
484.628 60.00 60.0400 6.7 -0.044 -0.122
484.679 60.00 60.0700 6.1 -0.067 -0.196
484.729 60.00 60.0400 6.7 -0.046 -0.128
484.778 60.00 60.0600 6.4 -0.057 -0.161
484.827 60.00 60.0600 6.3 -0.061 -0.174
484.879 60.00 60.0400 6.7 -0.044 -0.119
484.929 60.00 60.0700 5.9 -0.076 -0.221
484.978 60.00 60.0600 6.4 -0.059 -0.165
485.028 60.00 60.0700 6.0 -0.071 -0.205
485.077 60.00 60.0400 6.7 -0.046 -0.123
485.128 60.00 60.0300 7.2 -0.029 -0.068
485.178 60.00 60.0700 5.9 -0.076 -0.218
485.228 60.00 60.0500 6.5 -0.055 -0.149
485.278 60.00 60.0700 5.9 -0.076 -0.216
485.327 60.00 60.0600 6.3 -0.063 -0.174
485.379 60.00 60.0100 7.6 -0.015 -0.017
485.429 60.00 60.0500 6.5 -0.055 -0.146
485.479 60.00 60.0700 6.0 -0.073 -0.207
485.529 60.00 60.0700 6.0 -0.073 -0.206
485.577 60.00 60.0700 6.0 -0.073 -0.205
485.628 60.00 60.0500 6.6 -0.052 -0.136
485.678 60.00 60.0800 5.8 -0.082 -0.231
485.728 60.00 60.0800 5.9 -0.078 -0.217
485.778 60.00 60.0700 6.0 -0.073 -0.202
485.827 60.00 60.0700 6.1 -0.073 -0.201
485.878 60.00 60.0700 6.1 -0.071 -0.194
485.928 60.00 60.0900 5.5 -0.094 -0.268
485.978 60.00 60.0700 6.1 -0.071 -0.192
486.029 60.00 60.0300 7.2 -0.031 -0.062
486.077 60.00 60.0700 6.2 -0.069 -0.184
486.127 60.00 60.0800 5.9 -0.082 -0.224
486.178 60.00 60.0900 5.5 -0.094 -0.264
486.228 60.00 60.0800 5.8 -0.086 -0.236
486.278 60.00 60.0500 6.7 -0.052 -0.126
486.327 60.00 60.0700 6.3 -0.067 -0.173
486.378 60.00 60.0700 6.1 -0.076 -0.200
486.427 60.00 60.0600 6.3 -0.065 -0.165
486.477 60.00 60.0700 6.2 -0.069 -0.178
486.527 60.00 60.0700 6.1 -0.076 -0.198
486.576 60.00 60.0800 6.0 -0.080 -0.210
486.627 60.00 60.1000 5.3 -0.105 -0.292
486.677 60.00 60.0500 6.8 -0.048 -0.106
486.727 60.00 60.0800 5.8 -0.086 -0.229
486.777 60.00 60.1600 3.9 -0.159 -0.466
486.826 60.00 60.0800 5.9 -0.084 -0.219
486.878 60.00 60.0700 6.4 -0.067 -0.164
486.928 60.00 60.0600 6.4 -0.065 -0.157
486.977 60.00 60.0600 6.4 -0.065 -0.156
487.027 60.00 60.0800 6.0 -0.080 -0.203
487.076 60.00 60.0600 6.6 -0.059 -0.134
487.127 60.00 60.0700 6.3 -0.071 -0.174
487.177 60.00 60.0800 6.0 -0.082 -0.208
487.227 60.00 60.0700 6.3 -0.071 -0.173
487.277 60.00 60.0900 5.7 -0.094 -0.247
487.326 60.00 60.0700 6.3 -0.071 -0.171
487.377 60.00 60.0600 6.6 -0.059 -0.130
487.427 60.00 60.0400 7.2 -0.038 -0.061
487.478 60.00 60.0600 6.6 -0.061 -0.136
487.528 60.00 60.1000 5.5 -0.103 -0.272
487.577 60.00 60.0800 6.1 -0.078 -0.189
487.628 60.00 60.0800 5.9 -0.086 -0.216
487.677 60.00 60.0800 6.1 -0.080 -0.194
487.727 60.00 60.0500 6.8 -0.052 -0.105
487.777 60.00 60.0700 6.3 -0.071 -0.166
487.825 60.00 60.1000 5.6 -0.100 -0.260
487.876 60.00 60.1800 3.5 -0.178 -0.511
487.926 60.00 60.1000 5.6 -0.098 -0.251
487.976 60.00 60.0800 6.0 -0.086 -0.209
488.026 60.00 60.1100 5.3 -0.111 -0.290
488.075 60.00 60.0400 7.0 -0.046 -0.078
488.126 60.00 60.0800 6.2 -0.078 -0.180
488.176 60.00 60.0700 6.3 -0.073 -0.165
488.226 60.00 60.0900 5.8 -0.092 -0.226
488.276 60.00 60.0800 6.2 -0.080 -0.184
488.325 60.00 60.0700 6.3 -0.076 -0.170
488.376 60.00 60.0900 5.8 -0.094 -0.231
488.426 60.00 60.0900 5.8 -0.094 -0.230
488.476 60.00 60.0900 5.9 -0.092 -0.222
488.527 60.00 60.0700 6.4 -0.071 -0.154
488.576 60.00 60.1000 5.5 -0.105 -0.262
488.627 60.00 60.1000 5.7 -0.100 -0.247
488.676 60.00 60.0900 6.0 -0.088 -0.206
488.726 60.00 60.0600 6.7 -0.063 -0.123
488.776 60.00 60.0800 6.1 -0.086 -0.198
488.825 60.00 60.1000 5.6 -0.103 -0.251
488.876 60.00 60.1100 5.3 -0.113 -0.284
488.926 60.00 60.0600 6.6 -0.065 -0.127
488.976 60.00 60.1000 5.7 -0.100 -0.242
489.026 60.00 60.0700 6.5 -0.071 -0.146
489.076 60.00 60.0700 6.4 -0.076 -0.159
489.127 60.00 60.0600 6.7 -0.065 -0.125
489.176 60.00 60.0800 6.3 -0.080 -0.172
489.226 60.00 60.0900 6.0 -0.088 -0.199
489.276 60.00 60.0700 6.5 -0.071 -0.143
489.324 60.00 60.0500 7.0 -0.055 -0.089
489.375 60.00 60.0800 6.3 -0.080 -0.170
489.425 60.00 60.0900 6.1 -0.088 -0.197
489.475 60.00 60.0700 6.4 -0.076 -0.155
489.525 60.00 60.0900 5.9 -0.094 -0.216
489.574 60.00 60.0900 6.0 -0.092 -0.208
489.625 60.00 60.0800 6.2 -0.084 -0.180
489.675 60.00 60.0900 6.0 -0.090 -0.200
489.726 60.00 60.1000 5.8 -0.098 -0.227
489.776 60.00 60.1000 5.8 -0.100 -0.232
489.824 60.00 60.0900 5.9 -0.094 -0.211
489.875 60.00 60.1000 5.8 -0.098 -0.224
489.925 60.00 60.0400 7.2 -0.046 -0.054
489.975 60.00 60.0900 6.0 -0.092 -0.203
490.026 60.00 60.0800 6.3 -0.082 -0.168
490.075 60.00 60.1100 5.5 -0.113 -0.270
490.125 60.00 60.0600 6.9 -0.059 -0.092
490.175 60.00 60.0800 6.2 -0.084 -0.173
490.225 60.00 60.0900 6.0 -0.092 -0.200
490.275 60.00 60.0600 7.0 -0.057 -0.084
490.324 60.00 60.0800 6.4 -0.078 -0.152
490.375 60.00 60.0700 6.5 -0.073 -0.137
490.425 60.00 60.0700 6.7 -0.069 -0.124
490.475 60.00 60.1000 5.8 -0.103 -0.232
490.525 60.00 60.0900 6.0 -0.094 -0.204
490.574 60.00 60.1300 5.1 -0.130 -0.319
490.626 60.00 60.0800 6.4 -0.080 -0.154
490.676 60.00 60.0800 6.2 -0.086 -0.175
490.726 60.00 60.0800 6.3 -0.084 -0.167
490.775 60.00 60.0500 7.1 -0.052 -0.064
490.823 60.00 60.0700 6.6 -0.071 -0.126
490.874 60.00 60.1000 6.0 -0.096 -0.207
490.924 60.00 60.0800 6.3 -0.084 -0.165
490.974 60.00 60.0800 6.4 -0.080 -0.151
491.024 60.00 60.0700 6.7 -0.071 -0.124
491.073 60.00 60.1000 6.0 -0.096 -0.205
491.124 60.00 60.0600 6.8 -0.065 -0.103
491.174 60.00 60.1100 5.7 -0.107 -0.238
491.224 60.00 60.0700 6.6 -0.073 -0.128
491.275 60.00 60.0800 6.3 -0.086 -0.169
491.324 60.00 60.0600 7.1 -0.057 -0.073
491.375 60.00 59.9800 9.2 0.023 0.186
491.424 60.00 60.0800 6.3 -0.084 -0.162
491.474 60.00 60.0700 6.6 -0.073 -0.128
491.524 60.00 60.1000 6.0 -0.096 -0.202
491.573 60.00 60.1000 6.0 -0.096 -0.202
491.624 60.00 60.0600 6.9 -0.063 -0.092
491.674 60.00 60.1100 5.6 -0.111 -0.249
491.724 60.00 60.0700 6.7 -0.071 -0.119
491.774 60.00 60.0700 6.7 -0.071 -0.118
491.823 60.00 60.0800 6.5 -0.078 -0.139
491.875 60.00 60.0600 6.9 -0.065 -0.097
491.925 60.00 60.0200 7.9 -0.025 0.032
491.975 60.00 60.0600 6.9 -0.063 -0.090
492.025 60.00 60.0700 6.8 -0.067 -0.104
492.073 60.00 60.0800 6.5 -0.078 -0.138
492.124 60.00 60.0600 7.0 -0.059 -0.076
492.174 60.00 60.0500 7.3 -0.050 -0.049
492.225 60.00 60.1100 5.7 -0.109 -0.239
492.275 60.00 60.0500 7.2 -0.055 -0.062
492.323 60.00 60.0500 7.3 -0.050 -0.048
492.373 60.00 60.0700 6.7 -0.071 -0.116
492.423 60.00 60.0800 6.5 -0.078 -0.136
492.473 60.00 60.0700 6.7 -0.073 -0.122
492.523 60.00 60.0600 7.1 -0.057 -0.068
492.573 60.00 60.0800 6.4 -0.082 -0.149
492.623 60.00 60.0700 6.8 -0.069 -0.108
492.673 60.00 60.0600 7.0 -0.061 -0.080
492.723 60.00 60.0800 6.5 -0.080 -0.141
492.773 60.00 60.0600 7.0 -0.061 -0.080
492.823 60.00 60.0700 6.7 -0.073 -0.120
492.874 60.00 60.0800 6.6 -0.078 -0.134
492.923 60.00 60.0400 7.4 -0.046 -0.032
492.973 60.00 60.0800 6.5 -0.082 -0.147
493.023 60.00 60.0400 7.4 -0.046 -0.031
493.073 60.00 60.0600 7.0 -0.063 -0.085
493.123 60.00 60.0500 7.2 -0.055 -0.058
493.173 60.00 60.0600 7.0 -0.063 -0.085
493.223 60.00 60.0700 6.7 -0.071 -0.113
493.273 60.00 60.0700 6.7 -0.071 -0.112
493.323 60.00 60.0400 7.5 -0.044 -0.024
493.373 60.00 60.2100 3.0 -0.214 -0.575
493.424 60.00 60.0600 7.0 -0.063 -0.082
493.474 60.00 60.0500 7.4 -0.048 -0.035
493.524 60.00 60.0400 7.4 -0.046 -0.028
493.573 60.00 60.0800 6.4 -0.084 -0.151
493.623 60.00 60.0700 6.7 -0.073 -0.116
493.673 60.00 60.0700 6.9 -0.067 -0.096
493.723 60.00 60.0000 8.5 -0.006 0.102
493.773 60.00 60.0800 6.4 -0.086 -0.157
493.823 60.00 60.0500 7.4 -0.048 -0.034
493.872 60.00 60.0700 6.7 -0.073 -0.116
493.922 60.00 60.0800 6.6 -0.078 -0.130
493.972 60.00 60.0300 7.9 -0.029 0.028
494.022 60.00 60.0500 7.4 -0.048 -0.034
494.072 60.00 60.0600 6.9 -0.065 -0.089
494.121 60.00 60.0500 7.3 -0.050 -0.041
494.172 60.00 60.0400 7.4 -0.046 -0.028
494.222 60.00 60.0700 6.8 -0.071 -0.109
494.272 60.00 60.0600 7.2 -0.057 -0.062
494.322 60.00 60.0500 7.2 -0.055 -0.055
494.372 60.00 60.0300 7.8 -0.031 0.021
494.423 60.00 60.0600 7.0 -0.061 -0.075
494.472 60.00 60.0600 6.9 -0.065 -0.089
494.522 60.00 60.0500 7.4 -0.048 -0.034
494.572 60.00 60.0600 7.2 -0.057 -0.062
494.621 60.00 60.0600 7.0 -0.063 -0.082
494.672 60.00 60.0300 7.7 -0.035 0.007
494.722 60.00 60.0400 7.5 -0.044 -0.021
494.772 60.00 60.0700 6.7 -0.073 -0.116
494.822 60.00 60.0400 7.4 -0.046 -0.028
494.871 60.00 60.0700 6.7 -0.073 -0.116
494.923 60.00 60.0600 7.2 -0.057 -0.061
494.973 60.00 60.0300 7.9 -0.029 0.027
495.022 60.00 60.0700 6.6 -0.076 -0.123
495.072 60.00 60.0300 7.8 -0.034 0.014
495.121 60.00 60.0600 7.1 -0.059 -0.069
495.172 60.00 60.0400 7.4 -0.046 -0.028
495.222 60.00 60.0400 7.5 -0.042 -0.014
495.272 60.00 60.0900 6.2 -0.090 -0.171
495.322 60.00 60.0200 8.2 -0.019 0.061
495.371 60.00 60.0300 7.8 -0.034 0.013
495.422 60.00 60.0400 7.5 -0.044 -0.022
495.472 60.00 60.0600 6.9 -0.065 -0.090
495.522 60.00 60.0500 7.2 -0.055 -0.055
495.572 60.00 60.0400 7.6 -0.038 -0.001
495.620 60.00 60.0400 7.6 -0.038 -0.001
495.671 60.00 60.1300 5.1 -0.134 -0.315
495.721 60.00 60.0400 7.5 -0.042 -0.013
495.771 60.00 60.0500 7.3 -0.050 -0.041
495.821 60.00 60.0300 7.8 -0.034 0.013
495.870 60.00 60.0500 7.2 -0.055 -0.055
495.921 60.00 60.0600 7.1 -0.059 -0.069
495.971 60.00 60.0700 6.8 -0.069 -0.103
496.021 60.00 60.0800 6.4 -0.084 -0.150
496.071 60.00 60.0200 8.2 -0.019 0.061
496.120 60.00 60.0300 7.7 -0.035 0.007
496.171 60.00 60.0400 7.5 -0.042 -0.014
496.221 60.00 60.0300 7.9 -0.029 0.026
496.271 60.00 60.0400 7.6 -0.038 -0.001
496.322 60.00 60.0200 8.0 -0.025 0.039
496.371 60.00 60.0300 7.7 -0.035 0.005
496.422 60.00 60.0400 7.5 -0.042 -0.015
496.471 60.00 60.0300 7.7 -0.035 0.005
496.521 60.00 60.0400 7.5 -0.042 -0.016
496.571 60.00 60.0400 7.5 -0.042 -0.016
496.620 60.00 60.0300 7.7 -0.034 0.011
496.671 60.00 60.0400 7.5 -0.044 -0.024
496.721 60.00 60.0400 7.6 -0.040 -0.010
496.771 60.00 60.0300 7.7 -0.034 0.010
496.821 60.00 60.0300 7.8 -0.029 0.024
496.871 60.00 60.0400 7.5 -0.042 -0.017
496.921 60.00 60.0500 7.3 -0.048 -0.038
496.972 60.00 60.0400 7.5 -0.042 -0.018
497.021 60.00 60.0300 7.8 -0.031 0.016
497.070 60.00 60.0400 7.5 -0.040 -0.012
497.119 60.00 60.0300 7.8 -0.031 0.016
497.170 60.00 60.0400 7.4 -0.046 -0.033
497.220 60.00 59.9500 9.8 0.046 0.267
497.270 60.00 60.0200 8.2 -0.017 0.062
497.320 60.00 60.0300 7.8 -0.029 0.020
497.369 60.00 60.0300 7.9 -0.027 0.027
497.420 60.00 60.0700 6.6 -0.076 -0.131
497.471 60.00 60.0700 6.8 -0.069 -0.110
497.520 60.00 60.0000 8.5 -0.004 0.102
497.571 60.00 60.0300 7.9 -0.027 0.026
497.620 60.00 60.0200 8.0 -0.021 0.047
497.671 60.00 60.0100 8.2 -0.015 0.066
497.720 60.00 60.0400 7.5 -0.042 -0.022
497.770 60.00 60.0200 8.0 -0.021 0.046
497.820 60.00 60.0300 7.7 -0.034 0.004
497.869 60.00 60.0100 8.2 -0.015 0.065
497.920 60.00 60.0000 8.4 -0.006 0.092
497.970 60.00 60.0000 8.6 0.002 0.118
498.020 60.00 60.0200 7.9 -0.023 0.036
498.070 60.00 60.0100 8.3 -0.010 0.077
498.119 60.00 60.0300 7.8 -0.029 0.015
498.170 60.00 60.0000 8.5 -0.002 0.103
498.220 60.00 60.0100 8.3 -0.008 0.082
498.270 60.00 60.0000 8.4 -0.006 0.088
498.320 60.00 60.0100 8.2 -0.013 0.067
498.369 60.00 60.0000 8.6 0.002 0.114
498.421 60.00 60.0100 8.1 -0.015 0.059
498.471 60.00 59.9800 8.9 0.015 0.154
498.521 60.00 60.0000 8.4 -0.002 0.099
498.569 60.00 59.9800 9.0 0.019 0.166
498.618 60.00 60.0100 8.2 -0.013 0.063
498.669 60.00 60.0200 8.0 -0.019 0.042
498.719 60.00 60.0100 8.2 -0.010 0.069
498.769 60.00 59.9900 8.7 0.006 0.123
498.819 60.00 60.0000 8.4 -0.002 0.095
498.868 60.00 60.0000 8.5 0.000 0.101
498.919 60.00 60.0000 8.4 -0.004 0.087
498.970 60.00 59.9800 9.0 0.021 0.169
499.020 60.00 60.0100 8.1 -0.015 0.051
499.069 60.00 60.0200 7.9 -0.021 0.031
499.118 60.00 60.0000 8.3 -0.004 0.085
499.169 60.00 60.0000 8.3 -0.006 0.078
499.219 60.00 59.9900 8.6 0.006 0.117
499.269 60.00 59.9900 8.6 0.006 0.117
499.319 60.00 60.0000 8.3 -0.004 0.082
499.368 60.00 60.0200 7.8 -0.023 0.020
499.419 60.00 60.0000 8.3 -0.004 0.081
499.470 60.00 60.0000 8.4 0.000 0.094
499.520 60.00 59.9800 8.9 0.017 0.148
499.570 60.00 59.9800 8.8 0.015 0.141
499.618 60.00 60.0200 7.8 -0.023 0.017
499.669 60.00 60.1500 4.3 -0.153 -0.405
499.719 60.00 60.0100 8.0 -0.015 0.045
499.769 60.00 59.9900 8.6 0.006 0.113
499.819 60.00 59.9700 9.3 0.034 0.202
499.868 60.00 59.9900 8.5 0.004 0.105
499.919 60.00 60.0000 8.4 0.002 0.098
499.969 60.00 60.1000 5.6 -0.105 -0.250
500.019 60.00 59.9700 9.2 0.029 0.187
500.069 60.00 59.9800 9.0 0.023 0.165
500.117 60.00 59.9900 8.7 0.010 0.123
500.168 60.00 59.9700 9.1 0.025 0.171
500.218 60.00 60.0000 8.3 -0.004 0.074
500.268 60.00 59.9900 8.5 0.004 0.100
500.319 60.00 59.9800 8.8 0.015 0.134
500.368 60.00 59.9900 8.6 0.008 0.113
500.419 60.00 59.9800 8.8 0.019 0.146
500.468 60.00 59.9700 9.0 0.025 0.166
500.518 60.00 59.9800 8.8 0.019 0.144
500.568 60.00 59.9700 9.0 0.025 0.165
500.617 60.00 59.9700 9.0 0.025 0.164
500.668 60.00 59.9800 8.9 0.021 0.150
500.718 60.00 59.9700 9.0 0.027 0.169
500.768 60.00 59.9900 8.6 0.013 0.120
500.818 60.00 59.9900 8.4 0.004 0.092
500.867 60.00 59.9800 8.7 0.017 0.133
500.918 60.00 60.0000 8.3 0.002 0.084
500.968 60.00 59.9700 9.0 0.027 0.166
501.019 60.00 60.0300 7.6 -0.027 -0.012
501.068 60.00 59.9800 8.8 0.021 0.145
501.117 60.00 59.9800 8.7 0.017 0.130
501.168 60.00 59.9800 8.8 0.019 0.135
501.218 60.00 59.9800 8.8 0.021 0.142
501.268 60.00 59.9700 9.0 0.029 0.169
501.318 60.00 60.0600 6.6 -0.063 -0.132
501.367 60.00 60.0100 8.0 -0.008 0.045
501.418 60.00 59.9900 8.5 0.010 0.106
501.468 60.00 59.9800 8.9 0.023 0.147
501.518 60.00 59.9600 9.2 0.036 0.187
501.568 60.00 59.9700 9.0 0.029 0.166
501.617 60.00 59.9700 9.1 0.034 0.178
501.668 60.00 59.9500 9.4 0.046 0.218
501.717 60.00 59.9800 8.8 0.023 0.142
501.767 60.00 59.9600 9.3 0.042 0.203
501.817 60.00 59.9700 9.1 0.034 0.174
501.866 60.00 59.9600 9.2 0.040 0.193
501.917 60.00 59.9900 8.3 0.006 0.084
501.967 60.00 59.9800 8.8 0.023 0.138
502.017 60.00 59.9700 8.9 0.029 0.158
502.067 60.00 59.9400 9.7 0.057 0.245
502.116 60.00 59.9700 9.1 0.034 0.169
502.167 60.00 59.9600 9.2 0.040 0.188
502.217 60.00 59.9600 9.2 0.040 0.188
502.267 60.00 59.9700 8.9 0.029 0.153
502.317 60.00 59.9900 8.5 0.013 0.098
502.367 60.00 59.9700 9.0 0.034 0.165
502.418 60.00 59.9600 9.2 0.040 0.184
502.468 60.00 59.9900 8.2 0.004 0.068
502.518 60.00 59.9800 8.7 0.021 0.123
502.567 60.00 59.9500 9.4 0.050 0.217
502.616 60.00 59.9700 8.8 0.027 0.141
502.667 60.00 59.9600 9.0 0.036 0.168
502.717 60.00 59.9200 10.2 0.080 0.310
502.767 60.00 59.9700 8.8 0.027 0.138
502.817 60.00 59.9700 8.8 0.027 0.138
502.866 60.00 59.9800 8.7 0.023 0.123
502.917 60.00 59.9800 8.6 0.019 0.108
502.967 60.00 59.9600 9.1 0.038 0.170
503.017 60.00 59.9800 8.7 0.023 0.121
503.067 60.00 59.9400 9.5 0.055 0.223
503.117 60.00 59.9400 9.6 0.059 0.235
503.166 60.00 59.9700 8.7 0.025 0.125
503.216 60.00 59.9500 9.3 0.048 0.199
503.266 60.00 59.9500 9.3 0.048 0.198
503.316 60.00 59.9700 8.8 0.031 0.143
503.365 60.00 59.9500 9.3 0.048 0.197
503.416 60.00 59.9800 8.4 0.015 0.087
503.466 60.00 59.9500 9.2 0.044 0.182
503.516 60.00 59.9800 8.5 0.019 0.099
503.566 60.00 59.9300 9.7 0.065 0.248
503.616 60.00 59.9800 8.5 0.021 0.105
503.667 60.00 59.9500 9.2 0.048 0.192
503.716 60.00 59.9600 9.0 0.040 0.164
503.766 60.00 59.9900 8.2 0.010 0.068
503.816 60.00 59.9300 9.7 0.067 0.252
503.865 60.00 59.9400 9.4 0.055 0.210
503.916 60.00 59.9600 9.0 0.040 0.161
503.966 60.00 59.9700 8.8 0.034 0.140
504.016 60.00 59.9500 9.3 0.050 0.194
504.066 60.00 59.9500 9.1 0.046 0.179
504.115 60.00 59.9500 9.1 0.044 0.171
504.166 60.00 59.9400 9.5 0.061 0.225
504.216 60.00 59.9700 8.7 0.031 0.129
504.266 60.00 59.9600 8.9 0.038 0.149
504.316 60.00 59.9400 9.5 0.061 0.223
504.365 60.00 59.9300 9.6 0.065 0.235
504.417 60.00 59.9500 9.2 0.050 0.187
504.467 60.00 59.9500 9.0 0.044 0.165
504.517 60.00 59.8900 10.8 0.109 0.376
504.566 60.00 59.9300 9.7 0.069 0.245
504.615 60.00 59.9500 9.0 0.044 0.162
504.665 60.00 59.9600 8.8 0.038 0.141
504.715 60.00 59.9900 8.1 0.008 0.044
504.765 60.00 59.9500 9.2 0.052 0.188
504.815 60.00 59.9100 10.2 0.088 0.303
504.865 60.00 59.9500 9.0 0.044 0.158
504.915 60.00 59.9500 9.2 0.052 0.185
504.965 60.00 59.9500 9.0 0.044 0.156
505.016 60.00 59.9200 10.0 0.082 0.278
505.066 60.00 59.9400 9.4 0.061 0.209
505.115 60.00 59.9100 10.0 0.084 0.284
505.165 60.00 59.9400 9.3 0.057 0.193
505.215 60.00 59.9700 8.6 0.031 0.111
505.265 60.00 59.9800 8.3 0.021 0.077
505.315 60.00 59.9500 9.1 0.050 0.171
505.365 60.00 59.9600 8.9 0.042 0.143
505.415 60.00 59.9200 9.9 0.082 0.272
505.465 60.00 59.9500 9.1 0.052 0.175
505.515 60.00 59.9300 9.5 0.067 0.222
505.566 60.00 59.9500 9.1 0.050 0.167
505.615 60.00 59.9300 9.7 0.073 0.241
505.666 60.00 59.9400 9.2 0.057 0.186
505.716 60.00 59.9500 8.9 0.046 0.150
505.765 60.00 59.9400 9.1 0.055 0.177
505.815 60.00 59.9000 10.3 0.099 0.319
505.865 60.00 59.9300 9.5 0.067 0.216
505.915 60.00 59.8900 10.5 0.105 0.338
505.965 60.00 59.9100 9.9 0.084 0.269
506.015 60.00 59.9400 9.2 0.059 0.185
506.065 60.00 59.9400 9.2 0.061 0.191
506.115 60.00 59.9400 9.1 0.055 0.170
506.164 60.00 59.9400 9.2 0.061 0.189
506.214 60.00 59.9700 8.4 0.029 0.087
506.264 60.00 59.9500 8.8 0.044 0.134
506.314 60.00 59.9300 9.4 0.067 0.208
506.364 60.00 59.9400 9.2 0.061 0.187
506.414 60.00 59.9500 8.9 0.048 0.145
506.465 60.00 59.9500 9.0 0.052 0.158
506.515 60.00 59.9200 9.8 0.082 0.253
506.565 60.00 59.9400 9.3 0.063 0.191
506.614 60.00 59.9200 9.6 0.076 0.231
506.663 60.00 59.9400 9.2 0.061 0.182
506.714 60.00 59.9300 9.4 0.069 0.209
506.764 60.00 59.9300 9.3 0.065 0.194
506.814 60.00 59.9400 9.0 0.055 0.159
506.864 60.00 59.9500 8.9 0.052 0.152
506.913 60.00 59.9000 10.1 0.094 0.288
506.964 60.00 59.9600 8.7 0.042 0.116
507.014 60.00 59.9300 9.3 0.065 0.190
507.065 60.00 59.9200 9.5 0.076 0.224
507.115 60.00 59.9200 9.6 0.078 0.230
507.163 60.00 59.9200 9.6 0.078 0.229
507.214 60.00 59.9200 9.6 0.080 0.235
507.264 60.00 59.9200 9.7 0.082 0.240
507.314 60.00 59.9800 8.1 0.021 0.042
507.364 60.00 59.9100 9.7 0.084 0.246
507.413 60.00 59.9100 9.8 0.086 0.252
507.464 60.00 59.9300 9.2 0.067 0.189
507.514 60.00 59.9300 9.4 0.071 0.202
507.564 60.00 59.9400 9.1 0.063 0.175
507.614 60.00 59.8200 12.3 0.182 0.562
507.664 60.00 59.9200 9.5 0.078 0.219
507.714 60.00 59.9100 9.7 0.084 0.239
507.763 60.00 59.9200 9.4 0.076 0.210
507.813 60.00 59.9400 8.9 0.055 0.141
507.863 60.00 59.9300 9.3 0.071 0.195
507.912 60.00 59.9100 9.7 0.086 0.242
507.963 60.00 59.9300 9.3 0.073 0.200
508.013 60.00 59.9300 9.3 0.073 0.200
508.063 60.00 59.8800 10.5 0.117 0.342
508.113 60.00 59.9600 8.4 0.038 0.082
508.162 60.00 59.9300 9.2 0.067 0.176
508.213 60.00 59.9400 9.0 0.061 0.155
508.263 60.00 59.9300 9.1 0.067 0.175
508.313 60.00 59.9300 9.2 0.071 0.188
508.363 60.00 59.9600 8.3 0.036 0.072
508.413 60.00 59.9300 9.1 0.065 0.167
508.464 60.00 59.9000 9.8 0.094 0.262
508.514 60.00 59.9200 9.3 0.076 0.199
508.563 60.00 59.9200 9.5 0.082 0.219
508.613 60.00 59.9400 9.0 0.063 0.157
508.662 60.00 59.9400 8.8 0.057 0.136
508.713 60.00 59.9200 9.3 0.076 0.197
508.763 60.00 59.9400 8.8 0.057 0.135
508.813 60.00 59.8900 10.3 0.113 0.318
508.863 60.00 59.9300 9.2 0.073 0.187
508.912 60.00 59.9000 9.9 0.099 0.268
508.964 60.00 59.9300 9.1 0.067 0.165
509.014 60.00 59.9200 9.3 0.076 0.192
509.064 60.00 59.9200 9.3 0.076 0.191
509.113 60.00 59.9100 9.7 0.092 0.244
509.162 60.00 59.9100 9.7 0.092 0.243
509.212 60.00 59.9500 8.7 0.052 0.113
509.263 60.00 59.9300 9.1 0.069 0.167
509.313 60.00 59.9400 8.8 0.059 0.133
509.362 60.00 59.9100 9.6 0.090 0.235
509.411 60.00 59.9300 9.2 0.073 0.179
509.462 60.00 59.9200 9.3 0.080 0.199
509.512 60.00 59.9200 9.4 0.082 0.205
509.562 60.00 59.9100 9.4 0.084 0.211
509.613 60.00 59.9000 9.7 0.094 0.244
509.662 60.00 59.8800 10.4 0.120 0.325
509.713 60.00 59.9100 9.4 0.084 0.208
509.762 60.00 59.9200 9.4 0.082 0.200
509.812 60.00 59.9200 9.2 0.078 0.186
509.862 60.00 59.9300 9.1 0.071 0.165
509.911 60.00 59.9100 9.6 0.092 0.232
509.962 60.00 59.9300 9.0 0.069 0.157
510.012 60.00 59.9200 9.2 0.078 0.184
510.062 60.00 59.9100 9.4 0.086 0.210
510.112 60.00 59.9100 9.6 0.092 0.229
510.161 60.00 59.9200 9.2 0.076 0.174
510.212 60.00 59.8800 10.4 0.122 0.323
510.262 60.00 59.9100 9.4 0.086 0.206
510.312 60.00 59.9000 9.7 0.096 0.240
510.362 60.00 59.9200 9.2 0.078 0.178
510.411 60.00 59.8700 10.6 0.132 0.354
510.463 60.00 59.9200 9.2 0.078 0.176
510.513 60.00 59.8800 10.3 0.122 0.318
510.563 60.00 59.9000 9.7 0.099 0.242
510.612 60.00 59.9100 9.3 0.084 0.194
510.661 60.00 59.9100 9.4 0.086 0.199
510.711 60.00 59.9100 9.5 0.090 0.212
510.762 60.00 59.9100 9.5 0.092 0.218
510.811 60.00 59.9100 9.5 0.092 0.217
510.861 60.00 59.9200 9.2 0.082 0.183
510.910 60.00 59.9000 9.6 0.096 0.230
510.961 60.00 59.9100 9.4 0.090 0.209
511.011 60.00 59.9100 9.4 0.088 0.201
511.061 60.00 59.8900 9.8 0.105 0.255
511.110 60.00 59.7500 13.7 0.250 0.725
511.159 60.00 59.9000 9.6 0.096 0.223
511.210 60.00 59.9000 9.7 0.103 0.243
511.260 60.00 59.9300 8.8 0.069 0.133
511.309 60.00 59.9000 9.7 0.103 0.242
511.359 60.00 59.9200 9.0 0.076 0.153
511.408 60.00 59.8800 10.2 0.120 0.295
511.459 60.00 59.8800 10.0 0.115 0.281
511.509 60.00 59.8900 9.8 0.105 0.246
511.558 60.00 59.8900 9.8 0.107 0.252
511.609 60.00 59.9200 9.1 0.080 0.162
511.658 60.00 59.8600 10.7 0.143 0.366
511.708 60.00 59.8900 9.8 0.109 0.255
511.758 60.00 59.8800 10.2 0.122 0.295
511.808 60.00 59.8900 9.9 0.113 0.267
511.857 60.00 59.9000 9.5 0.096 0.211
511.906 60.00 59.9100 9.1 0.084 0.170
511.957 60.00 59.9000 9.4 0.094 0.203
512.007 60.00 59.9000 9.6 0.101 0.223
512.057 60.00 59.8900 9.8 0.111 0.257
512.106 60.00 59.8900 9.8 0.109 0.249
512.156 60.00 59.8900 9.8 0.109 0.248
512.206 60.00 59.8800 10.1 0.122 0.288
512.256 60.00 59.8900 9.7 0.107 0.240
512.306 60.00 59.9300 8.8 0.073 0.129
512.356 60.00 59.8900 9.6 0.105 0.232
512.406 60.00 59.8600 10.5 0.136 0.333
512.454 60.00 59.8700 10.3 0.130 0.311
512.505 60.00 59.8700 10.2 0.128 0.304
512.555 60.00 59.9000 9.4 0.096 0.199
512.604 60.00 59.8900 9.8 0.113 0.254
512.654 60.00 59.9000 9.3 0.094 0.191
512.703 60.00 59.8800 9.9 0.115 0.259
512.754 60.00 59.8700 10.2 0.128 0.299
512.804 60.00 59.8800 10.0 0.122 0.277
512.853 60.00 59.9300 8.6 0.067 0.099
512.903 60.00 59.8900 9.6 0.107 0.229
512.953 60.00 59.8800 9.9 0.117 0.262
513.004 60.00 59.8700 10.1 0.126 0.289
513.053 60.00 59.8800 9.9 0.120 0.267
513.102 60.00 59.8800 9.8 0.115 0.252
513.152 60.00 59.8600 10.5 0.141 0.333
513.201 60.00 59.8900 9.7 0.111 0.237
513.252 60.00 59.8800 9.9 0.120 0.263
513.302 60.00 59.8800 9.8 0.115 0.249
513.351 60.00 59.8700 10.2 0.130 0.295
513.401 60.00 59.8600 10.3 0.134 0.308
513.451 60.00 59.8900 9.6 0.109 0.225
513.502 60.00 59.9000 9.4 0.103 0.204
513.552 60.00 59.8700 10.0 0.126 0.279
513.600 60.00 59.8700 10.1 0.128 0.285
513.650 60.00 59.8700 10.1 0.128 0.284
513.699 60.00 59.8500 10.6 0.147 0.344
513.750 60.00 59.8500 10.7 0.153 0.362
513.800 60.00 59.9100 9.1 0.090 0.157
513.850 60.00 59.8900 9.4 0.105 0.205
513.899 60.00 59.8700 10.2 0.132 0.292
513.948 60.00 59.8500 10.5 0.147 0.339
513.999 60.00 59.8600 10.4 0.141 0.317
514.049 60.00 59.8800 9.7 0.117 0.241
514.099 60.00 59.8800 9.7 0.117 0.240
514.148 60.00 59.8900 9.4 0.107 0.206
514.198 60.00 59.8700 10.1 0.132 0.286
514.248 60.00 59.8600 10.2 0.136 0.300
514.298 60.00 59.8500 10.5 0.147 0.332
514.349 60.00 59.8500 10.5 0.149 0.338
514.398 60.00 59.9300 8.3 0.067 0.071
514.447 60.00 59.8600 10.2 0.136 0.296
514.496 60.00 59.8600 10.2 0.138 0.302
514.547 60.00 59.8900 9.6 0.113 0.219
514.597 60.00 59.8800 9.8 0.124 0.252
514.646 60.00 59.8700 10.0 0.130 0.272
514.696 60.00 59.8500 10.6 0.151 0.339
514.745 60.00 59.8900 9.5 0.113 0.216
514.796 60.00 59.8400 10.8 0.161 0.372
514.847 60.00 59.8600 10.2 0.138 0.295
514.896 60.00 59.8500 10.5 0.151 0.335
514.945 60.00 59.8600 10.3 0.143 0.307
514.994 60.00 59.8400 10.8 0.161 0.367
515.045 60.00 59.8600 10.0 0.134 0.277
515.095 60.00 59.8600 10.2 0.141 0.297
515.144 60.00 59.8600 10.2 0.141 0.296
515.194 60.00 59.8400 10.8 0.161 0.363
515.243 60.00 59.8700 9.9 0.132 0.266
515.295 60.00 59.8600 10.1 0.138 0.286
515.345 60.00 59.8600 10.2 0.143 0.299
515.394 60.00 59.8500 10.4 0.151 0.325
515.443 60.00 59.8700 9.8 0.128 0.249
515.492 60.00 59.8600 10.0 0.134 0.268
515.543 60.00 59.8500 10.4 0.149 0.315
515.593 60.00 59.9000 9.0 0.096 0.144
515.642 60.00 59.8500 10.2 0.145 0.300
515.692 60.00 59.8700 9.7 0.126 0.239
515.741 60.00 59.8400 10.6 0.159 0.346
515.792 60.00 59.9100 8.8 0.092 0.127
515.842 60.00 59.8300 10.9 0.170 0.379
515.893 60.00 59.8500 10.4 0.153 0.323
515.942 60.00 59.8600 10.0 0.138 0.274
515.991 60.00 59.8700 9.8 0.132 0.253
516.041 60.00 59.8600 10.1 0.141 0.280
516.092 60.00 59.8700 9.8 0.132 0.251
516.142 60.00 59.8500 10.3 0.149 0.305
516.190 60.00 59.8300 10.7 0.166 0.359
516.240 60.00 59.8600 9.9 0.134 0.255
516.290 60.00 59.8700 9.8 0.132 0.248
516.340 60.00 59.8500 10.3 0.149 0.302
516.390 60.00 59.8700 9.8 0.132 0.246
516.439 60.00 59.8800 9.4 0.117 0.198
516.489 60.00 59.8600 9.8 0.134 0.252
516.538 60.00 59.8400 10.5 0.159 0.333
516.590 60.00 59.8700 9.7 0.130 0.237
516.640 60.00 59.8500 10.2 0.149 0.297
516.689 60.00 59.8700 9.7 0.130 0.235
516.738 60.00 59.8600 9.9 0.138 0.261
516.787 60.00 59.8200 10.9 0.176 0.383
516.838 60.00 59.8600 10.0 0.141 0.266
516.888 60.00 59.8400 10.4 0.155 0.313
516.937 60.00 59.8500 10.2 0.149 0.292
516.987 60.00 59.8300 10.6 0.164 0.339
517.036 60.00 59.8500 10.1 0.145 0.276
517.088 60.00 59.8600 9.8 0.134 0.241
517.138 60.00 59.8300 10.8 0.172 0.363
517.186 60.00 59.8400 10.4 0.159 0.321
517.236 60.00 59.8600 9.9 0.138 0.252
517.285 60.00 59.8400 10.5 0.161 0.326
517.336 60.00 59.8600 9.9 0.141 0.257
517.386 60.00 59.8600 9.8 0.138 0.249
517.435 60.00 59.8500 10.1 0.147 0.276
517.485 60.00 59.8700 9.5 0.126 0.208
517.535 60.00 59.8700 9.5 0.126 0.207
517.586 60.00 59.8600 9.8 0.136 0.240
517.636 60.00 59.8600 9.9 0.143 0.260
517.684 60.00 59.8600 9.8 0.138 0.245
517.734 60.00 59.8600 9.9 0.141 0.252
517.783 60.00 59.8500 10.1 0.149 0.278
517.834 60.00 59.8500 10.0 0.147 0.271
517.884 60.00 59.8700 9.5 0.126 0.202
517.933 60.00 59.8500 10.0 0.147 0.269
517.983 60.00 59.8700 9.6 0.132 0.221
518.032 60.00 59.8500 10.1 0.149 0.275
518.083 60.00 59.8600 9.8 0.141 0.247
518.133 60.00 59.8300 10.4 0.164 0.322
518.183 60.00 59.8400 10.2 0.155 0.293
518.232 60.00 59.8800 9.1 0.115 0.163
518.282 60.00 59.8800 9.1 0.115 0.162
518.333 60.00 59.8300 10.5 0.166 0.326
518.383 60.00 59.8600 9.6 0.134 0.222
518.432 60.00 59.8600 9.7 0.136 0.229
518.481 60.00 59.8600 9.8 0.141 0.242
518.531 60.00 59.8700 9.4 0.126 0.194
518.581 60.00 59.8600 9.6 0.134 0.220
518.631 60.00 59.8600 9.7 0.136 0.227
518.681 60.00 59.8500 10.1 0.151 0.274
518.730 60.00 59.8400 10.2 0.155 0.286
518.780 60.00 59.8200 10.8 0.180 0.367
518.830 60.00 59.8300 10.4 0.164 0.312
518.881 60.00 59.8700 9.4 0.128 0.195
518.930 60.00 59.8500 10.0 0.151 0.270
518.979 60.00 59.8300 10.4 0.166 0.317
519.029 60.00 59.8500 10.0 0.151 0.268
519.078 60.00 59.8600 9.6 0.134 0.212
519.129 60.00 59.8500 9.9 0.147 0.253
519.179 60.00 59.8600 9.7 0.141 0.232
519.228 60.00 59.8600 9.7 0.141 0.231
519.278 60.00 59.8700 9.4 0.128 0.190
519.328 60.00 59.8500 9.9 0.149 0.258
519.379 60.00 59.8500 9.9 0.147 0.250
519.428 60.00 59.8600 9.8 0.143 0.236
519.477 60.00 59.8800 9.0 0.115 0.147
519.527 60.00 59.8600 9.7 0.143 0.235
519.576 60.00 59.8600 9.6 0.138 0.221
519.627 60.00 59.8400 10.1 0.157 0.282
519.677 60.00 59.8800 9.2 0.122 0.165
519.726 60.00 59.8600 9.6 0.136 0.213
519.776 60.00 59.8700 9.4 0.130 0.192
519.826 60.00 59.8700 9.4 0.132 0.198
519.877 60.00 59.8700 9.4 0.132 0.197
519.927 60.00 59.8500 10.0 0.153 0.265
519.976 60.00 59.8600 9.6 0.136 0.210
520.025 60.00 59.8600 9.6 0.138 0.216
520.074 60.00 59.8700 9.3 0.128 0.182
520.126 60.00 59.8600 9.5 0.134 0.202
520.176 60.00 59.8500 9.9 0.149 0.249
520.225 60.00 59.8800 9.2 0.124 0.167
520.274 60.00 59.8700 9.4 0.132 0.193
520.323 60.00 59.8600 9.7 0.143 0.227
520.374 60.00 59.8600 9.6 0.141 0.220
520.424 60.00 59.8800 9.0 0.117 0.144
520.474 60.00 59.8900 8.7 0.105 0.104
520.523 60.00 59.8600 9.6 0.138 0.213
520.573 60.00 59.8600 9.7 0.143 0.226
520.623 60.00 59.8700 9.3 0.130 0.185
520.674 60.00 59.8600 9.5 0.136 0.205
520.724 60.00 59.8800 9.2 0.124 0.163
520.772 60.00 59.8900 8.8 0.111 0.122
520.822 60.00 59.8700 9.3 0.128 0.177
520.871 60.00 59.8800 9.1 0.120 0.149
520.922 60.00 59.8500 9.8 0.149 0.244
520.972 60.00 59.8700 9.3 0.128 0.176
521.021 60.00 59.8600 9.7 0.143 0.223
521.071 60.00 59.8800 8.9 0.115 0.134
521.120 60.00 59.8700 9.3 0.128 0.175
521.171 60.00 59.8800 9.0 0.120 0.147
521.222 60.00 59.8600 9.4 0.134 0.194
521.271 60.00 59.8800 8.9 0.115 0.133
521.320 60.00 59.8600 9.5 0.136 0.201
521.369 60.00 59.8900 8.7 0.107 0.105
521.420 60.00 59.8900 8.7 0.107 0.105
521.470 60.00 59.8800 9.0 0.120 0.146
521.519 60.00 59.8700 9.4 0.132 0.186
521.569 60.00 59.7600 12.2 0.237 0.528
521.618 60.00 59.8900 8.7 0.107 0.103
521.669 60.00 59.8600 9.4 0.134 0.191
521.719 60.00 59.8800 9.0 0.120 0.143
521.769 60.00 59.8800 9.0 0.120 0.143
521.818 60.00 59.9100 8.2 0.090 0.048
521.867 60.00 59.9000 8.3 0.094 0.062
521.918 60.00 59.8700 9.2 0.126 0.164
521.969 60.00 59.8900 8.8 0.113 0.123
522.018 60.00 59.8700 9.2 0.126 0.164
522.068 60.00 59.8900 8.8 0.111 0.116
522.116 60.00 59.8800 9.1 0.122 0.150
522.167 60.00 59.9100 8.3 0.092 0.054
522.217 60.00 59.9000 8.6 0.103 0.088
522.266 60.00 59.8900 8.7 0.109 0.109
522.316 60.00 59.8800 9.0 0.120 0.143
522.365 60.00 59.8800 9.1 0.122 0.150
522.416 60.00 59.8800 8.9 0.115 0.129
522.466 60.00 59.8900 8.7 0.109 0.109
522.516 60.00 59.8800 9.1 0.124 0.156
522.565 60.00 59.8800 8.9 0.117 0.135
522.615 60.00 59.8800 8.9 0.117 0.135
522.666 60.00 59.9000 8.4 0.096 0.067
522.715 60.00 59.9000 8.5 0.101 0.081
522.765 60.00 59.9000 8.5 0.101 0.081
522.814 60.00 59.9000 8.4 0.099 0.074
522.864 60.00 59.9200 8.0 0.080 0.013
522.913 60.00 59.8800 9.1 0.124 0.157
522.964 60.00 59.9000 8.5 0.101 0.081
523.014 60.00 59.8800 9.0 0.117 0.136
523.063 60.00 59.9000 8.4 0.096 0.068
523.114 60.00 59.8900 8.8 0.113 0.123
523.163 60.00 59.9000 8.5 0.099 0.075
523.213 60.00 59.9100 8.2 0.090 0.048
523.263 60.00 59.9000 8.4 0.096 0.068
523.312 60.00 59.8800 9.1 0.122 0.150
523.362 60.00 59.9000 8.4 0.096 0.068
523.411 60.00 59.9000 8.4 0.094 0.062
523.462 60.00 59.8900 8.8 0.111 0.117
523.512 60.00 59.9000 8.4 0.096 0.069
523.561 60.00 59.9100 8.1 0.086 0.035
523.611 60.00 59.9000 8.6 0.103 0.090
523.661 60.00 59.9200 7.9 0.078 0.008
523.712 60.00 59.9000 8.6 0.103 0.090
523.762 60.00 59.9100 8.3 0.092 0.056
523.810 60.00 59.9100 8.1 0.084 0.030
523.860 60.00 59.9000 8.5 0.099 0.077
523.909 60.00 59.8900 8.9 0.113 0.125
523.961 60.00 59.8700 9.2 0.126 0.167
524.011 60.00 59.9300 7.8 0.071 -0.011
524.060 60.00 59.9000 8.4 0.096 0.071
524.109 60.00 59.9100 8.3 0.092 0.057
524.158 60.00 59.9100 8.3 0.092 0.057
524.209 60.00 59.9100 8.2 0.088 0.044
524.259 60.00 59.9200 8.0 0.080 0.017
524.308 60.00 59.9100 8.2 0.086 0.038
524.358 60.00 59.8900 8.8 0.109 0.113
524.407 60.00 59.9200 8.0 0.080 0.018
524.458 60.00 59.9000 8.4 0.094 0.066
524.509 60.00 59.9700 6.7 0.029 -0.145
524.559 60.00 59.8900 8.8 0.109 0.115
524.608 60.00 59.9100 8.2 0.088 0.047
524.656 60.00 59.9000 8.5 0.096 0.074
524.707 60.00 59.9500 7.1 0.044 -0.096
524.757 60.00 59.9100 8.3 0.090 0.055
524.807 60.00 59.9100 8.3 0.090 0.055
524.856 60.00 59.9200 8.0 0.080 0.021
524.906 60.00 59.9300 7.8 0.071 -0.006
524.956 60.00 59.9100 8.4 0.092 0.063
525.006 60.00 59.9200 8.0 0.078 0.016
525.056 60.00 59.8700 9.4 0.130 0.186
525.106 60.00 59.9200 8.0 0.080 0.022
525.156 60.00 59.9000 8.4 0.094 0.070
525.204 60.00 59.9300 7.7 0.067 -0.018
525.255 60.00 59.9300 7.8 0.071 -0.004
525.305 60.00 59.9200 8.1 0.080 0.024
525.354 60.00 59.8800 9.1 0.117 0.147
525.404 60.00 59.9100 8.3 0.088 0.051
525.453 60.00 59.9300 7.7 0.067 -0.017
525.504 60.00 59.9200 7.9 0.076 0.011
525.554 60.00 59.9300 7.8 0.069 -0.009
525.603 60.00 59.9200 8.0 0.078 0.019
525.654 60.00 59.9100 8.2 0.084 0.040
525.702 60.00 59.9400 7.5 0.059 -0.042
525.753 60.00 59.9500 7.3 0.050 -0.069
525.803 60.00 59.9200 8.1 0.080 0.028
525.852 60.00 59.9500 7.1 0.044 -0.088
525.902 60.00 59.9300 7.9 0.071 0.001
525.952 60.00 59.9300 7.7 0.065 -0.019
526.003 60.00 59.9000 8.5 0.094 0.078
526.052 60.00 59.9300 7.9 0.073 0.009
526.101 60.00 59.9600 7.0 0.038 -0.106
526.151 60.00 59.9400 7.7 0.063 -0.023
526.200 60.00 59.9600 7.0 0.038 -0.105
526.251 60.00 59.9300 7.8 0.067 -0.009
526.301 60.00 59.9300 8.0 0.073 0.013
526.350 60.00 59.9100 8.3 0.088 0.061
526.400 60.00 59.9400 7.7 0.063 -0.021
526.449 60.00 59.9400 7.5 0.055 -0.048
526.501 60.00 59.9500 7.4 0.052 -0.054
526.551 60.00 59.9300 7.9 0.069 0.001
526.601 60.00 59.9500 7.4 0.052 -0.053
526.649 60.00 59.9600 7.1 0.040 -0.093
526.698 60.00 59.9100 8.4 0.088 0.064
526.749 60.00 59.9600 7.1 0.040 -0.092
526.799 60.00 59.9300 7.8 0.065 -0.010
526.849 60.00 59.9500 7.3 0.048 -0.064
526.898 60.00 59.9200 8.2 0.080 0.040
526.948 60.00 59.9400 7.7 0.063 -0.015
526.998 60.00 59.9400 7.5 0.055 -0.042
527.049 60.00 59.9500 7.2 0.044 -0.075
527.099 60.00 59.9400 7.5 0.055 -0.040
527.147 60.00 59.9300 7.9 0.069 0.008
527.197 60.00 59.9500 7.2 0.044 -0.074
527.246 60.00 59.9600 7.1 0.040 -0.087
527.297 60.00 59.9700 6.8 0.027 -0.126
527.347 60.00 59.9700 7.0 0.034 -0.105
527.396 60.00 59.9700 7.0 0.034 -0.104
527.446 60.00 59.9600 7.1 0.036 -0.096
527.495 60.00 59.9400 7.7 0.059 -0.020
527.547 60.00 59.9700 6.8 0.025 -0.129
527.596 60.00 59.9600 7.1 0.038 -0.087
527.645 60.00 59.9600 7.1 0.038 -0.086
527.696 60.00 59.9600 7.2 0.038 -0.086
527.744 60.00 59.9400 7.7 0.057 -0.024
527.795 60.00 59.9500 7.4 0.046 -0.057
527.845 60.00 59.9700 6.9 0.029 -0.111
527.894 60.00 59.9700 7.0 0.029 -0.110
527.945 60.00 59.9700 6.8 0.025 -0.123
527.993 60.00 59.9400 7.8 0.061 -0.006
528.044 60.00 59.9700 7.1 0.034 -0.094
528.094 60.00 59.9700 7.0 0.031 -0.100
528.143 60.00 59.9600 7.2 0.040 -0.073
528.193 60.00 59.9800 6.8 0.021 -0.132
528.242 60.00 59.9700 6.9 0.027 -0.111
528.293 60.00 59.9700 7.1 0.034 -0.090
528.343 60.00 60.0000 6.2 0.000 -0.198
528.392 60.00 59.9600 7.3 0.040 -0.068
528.443 60.00 59.9600 7.4 0.042 -0.060
528.492 60.00 60.0000 6.2 0.000 -0.196
528.542 60.00 59.9500 7.7 0.052 -0.024
528.592 60.00 59.8400 10.6 0.161 0.331
528.641 60.00 59.9400 7.7 0.055 -0.018
528.691 60.00 59.9900 6.4 0.004 -0.182
528.740 60.00 59.9900 6.5 0.008 -0.167
528.791 60.00 59.9700 7.0 0.029 -0.097
528.841 60.00 59.9800 6.7 0.015 -0.144
528.891 60.00 60.0000 6.2 -0.004 -0.204
528.940 60.00 59.9600 7.3 0.040 -0.060
528.990 60.00 60.0100 6.1 -0.008 -0.216
529.040 60.00 59.9600 7.3 0.038 -0.065
529.091 60.00 59.9900 6.4 0.004 -0.174
529.140 60.00 60.0000 6.3 -0.002 -0.193
529.189 60.00 59.9800 7.0 0.023 -0.110
529.239 60.00 59.9900 6.5 0.004 -0.171
529.288 60.00 59.9900 6.7 0.013 -0.142
529.339 60.00 59.9900 6.5 0.006 -0.162
529.389 60.00 60.0000 6.4 0.002 -0.174
529.438 60.00 59.9800 6.9 0.019 -0.119
529.488 60.00 59.9900 6.7 0.013 -0.138
529.537 60.00 59.9800 6.8 0.015 -0.130
529.588 60.00 59.9900 6.7 0.010 -0.143
529.639 60.00 59.9800 7.0 0.021 -0.107
529.688 60.00 59.9900 6.6 0.008 -0.148
529.737 60.00 59.9900 6.5 0.004 -0.161
529.786 60.00 60.0300 5.6 -0.031 -0.275
529.837 60.00 59.9900 6.7 0.010 -0.138
529.887 60.00 60.0000 6.3 -0.004 -0.184
529.937 60.00 60.0000 6.5 0.000 -0.170
529.987 60.00 60.0000 6.5 0.002 -0.162
530.035 60.00 60.0000 6.3 -0.006 -0.188
530.086 60.00 59.9800 6.9 0.017 -0.112
530.136 60.00 59.9800 6.9 0.015 -0.118
530.185 60.00 60.0100 6.3 -0.008 -0.192
530.235 60.00 60.0000 6.4 -0.004 -0.177
530.284 60.00 60.0000 6.5 0.000 -0.162
530.335 60.00 60.0200 6.1 -0.017 -0.216
530.385 60.00 60.0100 6.2 -0.010 -0.194
530.434 60.00 60.0000 6.5 -0.002 -0.166
530.484 60.00 59.9900 6.8 0.008 -0.131
530.534 60.00 59.9900 6.9 0.013 -0.116
530.585 60.00 60.0200 6.1 -0.019 -0.218
530.635 60.00 60.0000 6.6 0.002 -0.148
530.683 60.00 60.0000 6.5 -0.002 -0.161
530.733 60.00 60.0000 6.5 -0.002 -0.160
530.782 60.00 60.0100 6.4 -0.008 -0.180
530.833 60.00 60.0000 6.7 0.002 -0.144
530.883 60.00 59.9900 6.8 0.006 -0.130
530.933 60.00 59.9900 6.7 0.004 -0.136
530.982 60.00 60.0400 5.6 -0.038 -0.271
531.031 60.00 60.0200 6.0 -0.025 -0.229
531.083 60.00 60.0200 6.1 -0.021 -0.213
531.133 60.00 60.0100 6.3 -0.013 -0.186
531.182 60.00 60.0200 6.0 -0.025 -0.225
531.231 60.00 60.0300 5.8 -0.034 -0.251
531.281 60.00 60.0300 6.0 -0.027 -0.229
531.331 60.00 60.0300 5.9 -0.029 -0.235
531.381 60.00 60.0100 6.4 -0.013 -0.180
531.431 60.00 60.0200 6.2 -0.021 -0.205
531.480 60.00 60.0400 5.5 -0.044 -0.279
531.530 60.00 60.0300 6.0 -0.027 -0.223
531.579 60.00 60.0300 5.9 -0.031 -0.235
531.630 60.00 60.0100 6.4 -0.013 -0.173
531.680 60.00 60.0200 6.3 -0.017 -0.186
531.730 60.00 60.0200 6.3 -0.017 -0.185
531.780 60.00 60.0200 6.2 -0.023 -0.204
531.828 60.00 60.0000 6.6 -0.006 -0.148
531.879 60.00 60.0200 6.1 -0.025 -0.209
531.930 60.00 60.0200 6.2 -0.021 -0.194
531.979 60.00 60.0000 6.8 -0.002 -0.132
532.029 60.00 60.0400 5.7 -0.042 -0.260
532.078 60.00 60.0300 6.0 -0.031 -0.225
532.128 60.00 60.0600 5.3 -0.057 -0.306
532.178 60.00 60.0300 6.0 -0.034 -0.229
532.227 60.00 60.0300 6.0 -0.034 -0.228
532.277 60.00 60.0400 5.9 -0.038 -0.240
532.326 60.00 60.0500 5.5 -0.052 -0.286
532.377 60.00 60.0100 6.5 -0.013 -0.156
532.427 60.00 60.0400 5.9 -0.038 -0.236
532.476 60.00 60.0400 5.9 -0.038 -0.235
532.527 60.00 60.0300 6.0 -0.034 -0.220
532.576 60.00 60.0400 5.8 -0.042 -0.246
532.627 60.00 60.0400 5.8 -0.042 -0.245
532.677 60.00 60.0300 6.0 -0.034 -0.217
532.725 60.00 60.0300 6.2 -0.029 -0.202
532.775 60.00 60.0400 5.9 -0.040 -0.235
532.824 60.00 60.0300 6.0 -0.035 -0.220
532.875 60.00 60.0600 5.4 -0.059 -0.294
532.925 60.00 60.0300 6.3 -0.027 -0.190
532.975 60.00 60.0400 6.0 -0.038 -0.223
533.024 60.00 60.0400 6.0 -0.038 -0.222
533.073 60.00 60.0600 5.5 -0.057 -0.282
533.125 60.00 60.0300 6.2 -0.031 -0.199
533.175 60.00 60.0300 6.1 -0.034 -0.205
533.225 60.00 60.0800 4.9 -0.082 -0.360
533.273 60.00 60.0300 6.3 -0.027 -0.181
533.323 60.00 60.0800 5.0 -0.078 -0.344
533.373 60.00 60.0400 6.0 -0.040 -0.220
533.423 60.00 60.0400 6.0 -0.040 -0.219
533.473 60.00 60.0700 5.2 -0.069 -0.313
533.522 60.00 60.0500 5.7 -0.052 -0.257
533.572 60.00 60.0200 6.5 -0.023 -0.160
533.621 60.00 60.0800 5.1 -0.078 -0.337
533.672 60.00 60.0700 5.3 -0.067 -0.301
533.722 60.00 60.0600 5.5 -0.061 -0.279
533.772 60.00 60.0500 5.7 -0.055 -0.257
533.822 60.00 60.0700 5.4 -0.067 -0.297
533.870 60.00 60.0400 6.0 -0.044 -0.221
533.922 60.00 60.0400 6.2 -0.038 -0.199
533.971 60.00 60.0600 5.7 -0.057 -0.259
534.020 60.00 60.0500 5.9 -0.050 -0.237
534.071 60.00 60.0700 5.3 -0.073 -0.311
534.120 60.00 60.0600 5.7 -0.059 -0.262
534.170 60.00 60.0600 5.7 -0.057 -0.254
534.220 60.00 60.0300 6.5 -0.029 -0.164
534.269 60.00 60.0300 6.5 -0.027 -0.156
534.319 60.00 60.0700 5.4 -0.069 -0.292
534.368 60.00 60.0600 5.7 -0.061 -0.263
534.419 60.00 60.0600 5.6 -0.063 -0.269
534.469 60.00 60.0600 5.5 -0.065 -0.275
534.518 60.00 60.0800 5.1 -0.082 -0.327
534.568 60.00 60.1000 4.7 -0.098 -0.380
534.617 60.00 60.0700 5.5 -0.069 -0.283
534.668 60.00 60.0800 5.2 -0.082 -0.323
534.718 60.00 60.0500 6.0 -0.050 -0.219
534.768 60.00 60.0700 5.5 -0.071 -0.286
534.817 60.00 60.0800 5.1 -0.086 -0.333
534.866 60.00 60.0700 5.5 -0.071 -0.283
534.917 60.00 60.0900 4.9 -0.092 -0.350
534.967 60.00 60.0700 5.6 -0.069 -0.274
535.016 60.00 60.1000 4.8 -0.096 -0.361
535.066 60.00 60.0600 5.8 -0.061 -0.244
535.115 60.00 60.0800 5.4 -0.078 -0.297
535.166 60.00 60.0700 5.4 -0.076 -0.289
535.216 60.00 60.0700 5.5 -0.071 -0.274
535.267 60.00 60.0800 5.4 -0.078 -0.293
535.316 60.00 60.0400 6.3 -0.044 -0.183
535.365 60.00 60.0800 5.2 -0.084 -0.311
535.415 60.00 60.0700 5.5 -0.073 -0.275
535.465 60.00 60.1100 4.5 -0.113 -0.404
535.515 60.00 60.0800 5.3 -0.084 -0.306
535.564 60.00 60.0800 5.3 -0.084 -0.305
535.614 60.00 60.0800 5.5 -0.078 -0.284
535.663 60.00 60.1000 4.8 -0.105 -0.371
535.714 60.00 60.1700 2.9 -0.174 -0.593
535.764 60.00 60.0800 5.5 -0.080 -0.284
535.814 60.00 60.1200 4.2 -0.126 -0.433
535.864 60.00 60.0800 5.4 -0.082 -0.288
535.913 60.00 60.1000 4.9 -0.103 -0.355
535.963 60.00 60.0900 5.2 -0.090 -0.313
536.013 60.00 60.0900 5.2 -0.090 -0.311
536.063 60.00 60.0900 5.2 -0.090 -0.310
536.113 60.00 60.0800 5.5 -0.080 -0.274
536.161 60.00 60.1000 4.9 -0.103 -0.348
536.212 60.00 60.1000 5.1 -0.098 -0.333
536.262 60.00 60.0900 5.3 -0.088 -0.297
536.311 60.00 60.0800 5.4 -0.086 -0.289
536.361 60.00 60.1000 5.1 -0.098 -0.329
536.410 60.00 60.1000 5.2 -0.096 -0.320
536.461 60.00 60.0800 5.7 -0.078 -0.258
536.511 60.00 60.0900 5.3 -0.092 -0.304
536.561 60.00 60.0900 5.3 -0.092 -0.303
536.611 60.00 60.1100 4.9 -0.109 -0.356
536.660 60.00 60.1100 4.9 -0.107 -0.348
536.710 60.00 60.1000 5.0 -0.105 -0.340
536.760 60.00 60.0800 5.6 -0.082 -0.263
536.809 60.00 60.1200 4.6 -0.119 -0.385
536.859 60.00 60.0800 5.6 -0.084 -0.267
536.908 60.00 60.1000 5.1 -0.103 -0.327
536.959 60.00 60.1000 5.3 -0.096 -0.305
537.009 60.00 60.1000 5.1 -0.103 -0.325
537.060 60.00 60.1200 4.7 -0.119 -0.378
537.109 60.00 60.1100 5.0 -0.107 -0.335
537.157 60.00 60.1100 5.0 -0.109 -0.340
537.208 60.00 60.1100 4.9 -0.111 -0.346
537.258 60.00 60.1000 5.2 -0.103 -0.317
537.308 60.00 60.1200 4.6 -0.124 -0.384
537.357 60.00 60.1000 5.1 -0.105 -0.321
537.406 60.00 60.1100 5.0 -0.109 -0.333
537.457 60.00 60.1100 5.0 -0.109 -0.332
537.507 60.00 60.1100 5.0 -0.113 -0.344
537.558 60.00 60.1300 4.4 -0.134 -0.411
537.607 60.00 60.1000 5.2 -0.103 -0.307
537.656 60.00 60.1100 5.0 -0.111 -0.333
537.706 60.00 60.1200 4.7 -0.124 -0.373
537.756 60.00 60.1100 5.2 -0.107 -0.316
537.806 60.00 60.1200 4.7 -0.126 -0.377
537.855 60.00 60.1200 4.9 -0.117 -0.348
537.905 60.00 60.1000 5.4 -0.100 -0.291
537.954 60.00 60.1000 5.5 -0.096 -0.277
538.005 60.00 60.1200 4.8 -0.124 -0.364
538.055 60.00 60.1200 4.8 -0.122 -0.356
538.104 60.00 60.1200 5.0 -0.117 -0.341
538.154 60.00 60.1200 5.0 -0.117 -0.340
538.203 60.00 60.1100 5.1 -0.113 -0.324
538.255 60.00 60.1200 4.8 -0.124 -0.357
538.305 60.00 60.1200 5.0 -0.119 -0.342
538.353 60.00 60.1400 4.5 -0.138 -0.402
538.403 60.00 60.1100 5.1 -0.115 -0.325
538.452 60.00 60.1100 5.3 -0.109 -0.303
538.503 60.00 60.1300 4.6 -0.134 -0.384
538.553 60.00 60.1200 5.0 -0.122 -0.342
538.602 60.00 60.1100 5.2 -0.113 -0.313
538.652 60.00 60.1100 5.2 -0.113 -0.312
538.701 60.00 60.1200 5.1 -0.117 -0.325
538.752 60.00 60.1100 5.2 -0.115 -0.316
538.803 60.00 60.1200 5.0 -0.122 -0.336
538.852 60.00 60.1300 4.8 -0.130 -0.361
538.901 60.00 60.1500 4.3 -0.149 -0.421
538.950 60.00 60.1300 4.7 -0.134 -0.372
539.001 60.00 60.1100 5.2 -0.115 -0.309
539.051 60.00 60.1300 4.9 -0.128 -0.348
539.100 60.00 60.1200 5.1 -0.119 -0.320
539.150 60.00 60.1400 4.6 -0.140 -0.387
539.199 60.00 60.1600 4.0 -0.161 -0.453
539.251 60.00 60.1300 4.7 -0.136 -0.369
539.301 60.00 60.1300 4.8 -0.132 -0.355
539.350 60.00 60.1300 4.7 -0.136 -0.367
539.399 60.00 60.1400 4.6 -0.140 -0.379
539.448 60.00 60.1400 4.6 -0.142 -0.384
539.499 60.00 60.1400 4.6 -0.142 -0.383
539.549 60.00 60.1200 5.1 -0.126 -0.327
539.599 60.00 60.1500 4.5 -0.147 -0.394
539.648 60.00 60.1600 4.1 -0.163 -0.447
539.698 60.00 60.1500 4.5 -0.147 -0.391
539.748 60.00 60.1500 4.3 -0.155 -0.416
539.799 60.00 60.1300 5.1 -0.128 -0.326
539.848 60.00 60.1500 4.5 -0.151 -0.399
539.898 60.00 60.1300 4.9 -0.136 -0.350
539.947 60.00 60.1200 5.2 -0.124 -0.308
539.996 60.00 60.1600 4.3 -0.159 -0.423
540.048 60.00 60.1500 4.6 -0.147 -0.381
540.098 60.00 60.1600 4.3 -0.157 -0.413
540.146 60.00 60.1600 4.1 -0.165 -0.438
540.196 60.00 60.1200 5.2 -0.126 -0.308
540.245 60.00 60.1500 4.7 -0.147 -0.375
540.296 60.00 60.1400 4.8 -0.142 -0.359
540.346 60.00 60.1400 4.8 -0.142 -0.358
540.395 60.00 60.1700 3.9 -0.176 -0.465
540.445 60.00 60.1500 4.5 -0.155 -0.396
540.495 60.00 60.1800 3.8 -0.182 -0.482
540.546 60.00 60.1500 4.6 -0.151 -0.378
540.596 60.00 60.1500 4.7 -0.147 -0.364
540.644 60.00 60.1400 4.8 -0.145 -0.356
540.694 60.00 60.1600 4.5 -0.157 -0.395
540.743 60.00 60.1600 4.4 -0.159 -0.400
540.794 60.00 60.1500 4.6 -0.155 -0.385
540.844 60.00 60.1500 4.8 -0.147 -0.357
540.893 60.00 60.1600 4.5 -0.157 -0.389
540.943 60.00 60.1800 4.0 -0.178 -0.456
540.992 60.00 60.1400 5.0 -0.140 -0.332
541.044 60.00 60.1400 5.0 -0.140 -0.331
541.094 60.00 60.1600 4.3 -0.165 -0.411
541.142 60.00 60.1500 4.9 -0.147 -0.349
541.192 60.00 60.1600 4.4 -0.163 -0.401
541.241 60.00 60.1500 4.7 -0.153 -0.365
541.292 60.00 60.1500 4.7 -0.155 -0.371
541.342 60.00 60.1500 4.8 -0.149 -0.350
541.391 60.00 60.1200 5.6 -0.122 -0.260
541.441 60.00 60.1500 4.7 -0.155 -0.368
541.491 60.00 60.1600 4.7 -0.157 -0.373
541.542 60.00 60.1500 4.8 -0.153 -0.358
541.592 60.00 60.1600 4.6 -0.159 -0.377
541.641 60.00 60.1500 4.7 -0.155 -0.363
541.690 60.00 60.1400 5.1 -0.140 -0.314
541.740 60.00 60.1500 4.9 -0.149 -0.340
541.790 60.00 60.1700 4.4 -0.167 -0.399
541.840 60.00 60.1300 5.4 -0.132 -0.283
541.890 60.00 60.1600 4.7 -0.157 -0.363
541.939 60.00 60.1600 4.7 -0.157 -0.362
541.989 60.00 60.1400 5.2 -0.138 -0.300
542.038 60.00 60.1600 4.8 -0.157 -0.360
542.089 60.00 60.1700 4.3 -0.174 -0.413
542.139 60.00 60.1400 5.2 -0.140 -0.303
542.188 60.00 60.1700 4.5 -0.167 -0.390
542.238 60.00 60.1600 4.8 -0.157 -0.354
542.288 60.00 60.1500 5.0 -0.149 -0.326
542.339 60.00 60.1800 4.3 -0.178 -0.420
542.388 60.00 60.1600 4.6 -0.165 -0.378
542.437 60.00 60.1800 4.2 -0.180 -0.424
542.487 60.00 60.1500 5.0 -0.151 -0.327
542.536 60.00 60.1100 6.0 -0.115 -0.211
542.587 60.00 60.1500 5.0 -0.151 -0.325
542.637 60.00 60.0300 8.3 -0.027 0.077
542.686 60.00 60.1500 4.9 -0.155 -0.339
542.736 60.00 60.1300 5.4 -0.136 -0.276
542.785 60.00 60.1500 5.1 -0.149 -0.317
542.837 60.00 60.1500 5.0 -0.151 -0.322
542.887 60.00 60.1800 4.3 -0.178 -0.410
542.935 60.00 60.1700 4.6 -0.167 -0.374
542.985 60.00 60.1600 4.9 -0.159 -0.346
543.034 60.00 60.1500 5.0 -0.153 -0.324
543.085 60.00 60.1500 5.0 -0.155 -0.330
543.135 60.00 60.1400 5.3 -0.145 -0.295
543.184 60.00 60.1600 5.0 -0.157 -0.334
543.234 60.00 60.1700 4.6 -0.170 -0.375
543.284 60.00 60.1800 4.4 -0.178 -0.400
543.335 60.00 60.1500 5.1 -0.153 -0.317
543.384 60.00 60.1500 5.3 -0.147 -0.296
543.433 60.00 60.1600 4.8 -0.163 -0.349
543.483 60.00 60.1500 5.2 -0.149 -0.301
543.532 60.00 60.1500 5.2 -0.151 -0.306
543.583 60.00 60.1500 5.1 -0.153 -0.312
543.633 60.00 60.1500 5.2 -0.151 -0.304
543.683 60.00 60.1700 4.8 -0.167 -0.358
543.732 60.00 60.1700 4.7 -0.170 -0.364
543.781 60.00 60.1600 4.9 -0.161 -0.335
543.833 60.00 60.1200 5.9 -0.126 -0.219
543.883 60.00 60.1500 5.2 -0.153 -0.306
543.932 60.00 60.1800 4.5 -0.178 -0.387
543.981 60.00 60.1400 5.5 -0.140 -0.263
544.031 60.00 60.1500 5.2 -0.153 -0.303
544.081 60.00 60.1600 5.0 -0.159 -0.322
544.132 60.00 60.1800 4.5 -0.178 -0.383
544.181 60.00 60.1500 5.3 -0.151 -0.293
544.230 60.00 60.1600 5.0 -0.161 -0.326
544.280 60.00 60.1500 5.2 -0.155 -0.305
544.329 60.00 60.1500 5.4 -0.147 -0.277
544.380 60.00 60.1500 5.3 -0.149 -0.283
544.430 60.00 60.1700 4.6 -0.176 -0.370
544.479 60.00 60.1400 5.7 -0.138 -0.247
544.530 60.00 60.1500 5.3 -0.151 -0.286
544.579 60.00 60.1500 5.3 -0.151 -0.285
544.630 60.00 60.1500 5.2 -0.155 -0.299
544.679 60.00 60.1400 5.6 -0.140 -0.250
544.728 60.00 60.1600 5.0 -0.163 -0.324
544.778 60.00 60.1500 5.2 -0.155 -0.296
544.827 60.00 60.1300 5.8 -0.134 -0.227
544.878 60.00 60.1300 5.8 -0.134 -0.227
544.928 60.00 60.1600 5.1 -0.159 -0.307
544.977 60.00 60.1200 6.3 -0.117 -0.171
545.027 60.00 60.1300 5.8 -0.136 -0.231
545.077 60.00 60.1600 5.1 -0.161 -0.312
545.128 60.00 60.1300 5.9 -0.132 -0.216
545.177 60.00 60.0600 7.9 -0.057 0.029
545.226 60.00 60.1400 5.7 -0.138 -0.237
545.276 60.00 60.1300 5.9 -0.132 -0.216
545.325 60.00 60.1400 5.6 -0.142 -0.249
545.376 60.00 60.1400 5.7 -0.140 -0.242
545.426 60.00 60.1500 5.5 -0.149 -0.268
545.475 60.00 60.1300 5.9 -0.132 -0.213
545.526 60.00 60.1500 5.3 -0.155 -0.288
545.575 60.00 60.1300 6.0 -0.128 -0.198
545.626 60.00 60.1300 5.9 -0.132 -0.211
545.676 60.00 60.1500 5.3 -0.155 -0.286
545.725 60.00 60.1500 5.5 -0.147 -0.258
545.774 60.00 60.1400 5.7 -0.140 -0.237
545.823 60.00 60.1500 5.4 -0.153 -0.276
545.875 60.00 60.1300 6.0 -0.132 -0.208
545.925 60.00 60.0300 8.6 -0.034 0.113
545.975 60.00 60.1300 6.1 -0.128 -0.195
546.023 60.00 60.1200 6.2 -0.122 -0.174
546.073 60.00 60.1300 6.0 -0.132 -0.208
546.123 60.00 60.1300 5.8 -0.136 -0.220
546.173 60.00 60.1300 6.0 -0.130 -0.200
546.223 60.00 60.1500 5.4 -0.153 -0.274
546.272 60.00 60.1200 6.3 -0.117 -0.158
546.322 60.00 60.1200 6.2 -0.124 -0.178
546.372 60.00 60.1500 5.4 -0.153 -0.273
546.422 60.00 60.1200 6.4 -0.117 -0.157
546.472 60.00 60.1200 6.4 -0.117 -0.157
546.521 60.00 60.1200 6.2 -0.124 -0.177
546.571 60.00 60.1300 5.9 -0.136 -0.217
546.620 60.00 60.1100 6.5 -0.113 -0.141
546.671 60.00 60.1300 5.9 -0.134 -0.210
546.721 60.00 60.1100 6.5 -0.113 -0.141
546.770 60.00 60.1100 6.5 -0.111 -0.134
546.820 60.00 60.1200 6.3 -0.119 -0.161
546.870 60.00 60.1200 6.3 -0.119 -0.161
546.920 60.00 60.1200 6.2 -0.124 -0.174
546.970 60.00 60.1200 6.3 -0.122 -0.167
547.019 60.00 60.1200 6.3 -0.122 -0.167
547.069 60.00 60.1300 6.0 -0.132 -0.200
547.118 60.00 60.1100 6.6 -0.111 -0.132
547.169 60.00 60.1200 6.3 -0.119 -0.159
547.219 60.00 60.1200 6.2 -0.126 -0.179
547.268 60.00 60.1100 6.5 -0.115 -0.145
547.319 60.00 60.1100 6.6 -0.111 -0.131
547.367 60.00 60.1200 6.4 -0.117 -0.152
547.418 60.00 60.1400 5.8 -0.140 -0.226
547.468 60.00 60.1300 6.1 -0.130 -0.191
547.517 60.00 60.1200 6.3 -0.122 -0.164
547.567 60.00 60.1200 6.4 -0.119 -0.157
547.616 60.00 60.1100 6.5 -0.115 -0.143
547.667 60.00 60.0800 7.2 -0.086 -0.047
547.717 60.00 60.1100 6.5 -0.115 -0.143
547.766 60.00 60.1200 6.4 -0.119 -0.156
547.817 60.00 60.1000 7.0 -0.096 -0.081
547.866 60.00 60.1000 6.9 -0.098 -0.088
547.916 60.00 60.1200 6.4 -0.117 -0.150
547.966 60.00 60.1200 6.2 -0.124 -0.170
548.017 60.00 60.1000 6.8 -0.103 -0.101
548.066 60.00 60.1000 6.9 -0.100 -0.094
548.115 60.00 60.1100 6.6 -0.111 -0.129
548.165 60.00 60.1000 6.9 -0.100 -0.094
548.215 60.00 60.1100 6.5 -0.115 -0.142
548.265 60.00 60.0900 7.1 -0.092 -0.067
548.314 60.00 60.1000 6.9 -0.098 -0.088
548.364 60.00 60.1000 6.8 -0.105 -0.108
548.413 60.00 60.1100 6.7 -0.107 -0.115
548.464 60.00 60.0800 7.2 -0.086 -0.047
548.515 60.00 60.0700 7.6 -0.071 0.000
548.564 60.00 60.0700 7.8 -0.067 0.014
548.614 60.00 60.0700 7.5 -0.076 -0.014
548.662 60.00 60.0800 7.3 -0.082 -0.035
548.713 60.00 60.0800 7.3 -0.082 -0.035
548.763 60.00 60.1000 6.8 -0.103 -0.104
548.812 60.00 60.1300 6.0 -0.134 -0.206
548.862 60.00 60.0900 7.0 -0.094 -0.076
548.911 60.00 60.0800 7.2 -0.086 -0.049
548.962 60.00 60.0800 7.3 -0.084 -0.042
549.012 60.00 60.0900 7.2 -0.088 -0.056
549.062 60.00 60.0900 7.2 -0.088 -0.056
549.112 60.00 60.1100 6.7 -0.107 -0.117
549.160 60.00 60.0800 7.4 -0.080 -0.029
549.211 60.00 60.0800 7.2 -0.086 -0.050
549.261 60.00 60.0700 7.6 -0.071 -0.003
549.310 60.00 60.0700 7.6 -0.071 -0.003
549.360 60.00 60.1100 6.7 -0.107 -0.119
549.409 60.00 60.0700 7.5 -0.076 -0.017
549.460 60.00 60.0700 7.5 -0.073 -0.010
549.510 60.00 60.0700 7.7 -0.069 0.003
549.559 60.00 60.0600 7.8 -0.065 0.016
549.609 60.00 60.0700 7.7 -0.067 0.009
549.659 60.00 60.0700 7.7 -0.067 0.008
549.710 60.00 60.0700 7.6 -0.069 0.001
549.760 60.00 60.0400 8.4 -0.042 0.089
549.808 60.00 60.0800 7.4 -0.078 -0.028
549.859 60.00 60.0600 7.7 -0.065 0.013
549.907 60.00 60.0800 7.4 -0.078 -0.029
549.959 60.00 60.0700 7.6 -0.071 -0.008
550.009 60.00 60.0600 8.0 -0.057 0.039
550.059 60.00 60.0600 7.9 -0.057 0.038
550.107 60.00 60.0600 7.7 -0.065 0.010
550.156 60.00 60.0700 7.5 -0.071 -0.010
550.207 60.00 60.0900 7.1 -0.088 -0.065
550.257 60.00 60.0500 8.1 -0.050 0.057
550.307 60.00 60.0300 8.5 -0.035 0.105
550.356 60.00 60.0500 8.1 -0.050 0.056
550.406 60.00 60.0700 7.6 -0.067 0.001
550.456 60.00 60.0600 7.8 -0.063 0.014
550.506 60.00 60.0300 8.5 -0.035 0.102
550.556 60.00 60.0600 7.7 -0.063 0.013
550.606 60.00 60.0500 8.0 -0.052 0.046
550.656 60.00 60.0800 7.2 -0.082 -0.050
550.704 60.00 60.0300 8.4 -0.035 0.100
550.755 60.00 60.0500 8.1 -0.048 0.058
550.805 60.00 60.0600 7.8 -0.059 0.023
550.854 60.00 60.0400 8.3 -0.042 0.078
550.904 60.00 60.0500 8.1 -0.048 0.056
550.953 60.00 60.0600 7.8 -0.061 0.014
551.004 60.00 60.0300 8.6 -0.029 0.116
551.054 60.00 60.0400 8.2 -0.044 0.067
551.103 60.00 60.0300 8.5 -0.034 0.101
551.154 60.00 60.0400 8.3 -0.040 0.080
551.203 60.00 60.0300 8.6 -0.027 0.120
551.254 60.00 60.0400 8.3 -0.038 0.085
551.303 60.00 60.0400 8.3 -0.040 0.077
551.352 60.00 60.0300 8.6 -0.027 0.118
551.402 60.00 60.0400 8.2 -0.040 0.076
551.451 60.00 60.0400 8.3 -0.038 0.082
551.502 60.00 60.0400 8.2 -0.040 0.074
551.552 60.00 60.0300 8.4 -0.034 0.094
551.601 60.00 60.0200 8.7 -0.021 0.134
551.651 60.00 60.0400 8.2 -0.042 0.065
551.700 60.00 60.0100 9.1 -0.008 0.173
551.751 60.00 60.0400 8.2 -0.040 0.070
551.802 60.00 60.0400 8.2 -0.042 0.063
551.851 60.00 59.9700 9.9 0.025 0.280
551.900 60.00 60.0200 8.8 -0.017 0.142
551.949 60.00 60.0300 8.5 -0.027 0.107
552.000 60.00 60.0200 8.7 -0.019 0.133
552.050 60.00 60.0200 8.6 -0.023 0.119
552.101 60.00 60.0300 8.4 -0.029 0.098
552.150 60.00 60.0400 8.2 -0.040 0.062
552.198 60.00 60.0400 8.2 -0.038 0.069
552.249 60.00 60.0200 8.5 -0.025 0.109
552.299 60.00 60.0100 9.0 -0.008 0.162
552.349 60.00 60.0200 8.7 -0.017 0.134
552.398 60.00 60.0300 8.4 -0.027 0.099
552.448 60.00 59.9900 9.3 0.004 0.200
552.498 60.00 59.9900 9.4 0.010 0.220
552.548 60.00 59.9900 9.3 0.004 0.198
552.598 60.00 60.0100 8.9 -0.008 0.156
552.647 60.00 60.0100 8.7 -0.015 0.134
552.697 60.00 60.0200 8.6 -0.021 0.114
552.747 60.00 59.9900 9.3 0.006 0.201
552.798 60.00 60.0000 9.1 -0.002 0.172
552.847 60.00 60.0200 8.6 -0.019 0.117
552.896 60.00 60.0000 8.9 -0.006 0.157
552.946 60.00 60.0100 8.8 -0.010 0.143
552.995 60.00 60.0100 8.8 -0.010 0.142
553.046 60.00 60.0200 8.6 -0.019 0.113
553.096 60.00 60.0200 8.5 -0.021 0.106
553.145 60.00 59.9900 9.3 0.010 0.207
553.195 60.00 60.0200 8.4 -0.025 0.090
553.244 60.00 59.9800 9.4 0.015 0.218
553.296 60.00 59.9900 9.3 0.010 0.203
553.346 60.00 60.0000 9.0 -0.002 0.162
553.395 60.00 59.9800 9.4 0.015 0.215
553.444 60.00 59.9900 9.2 0.008 0.193
553.493 60.00 60.0100 8.7 -0.010 0.131
553.544 60.00 59.9800 9.4 0.017 0.219
553.594 60.00 60.0000 8.9 -0.004 0.149
553.643 60.00 60.0000 9.0 0.002 0.169
553.693 60.00 59.9800 9.3 0.015 0.208
553.742 60.00 60.0000 8.9 0.000 0.160
553.793 60.00 59.9900 9.2 0.008 0.186
553.843 60.00 59.9800 9.5 0.021 0.226
553.892 60.00 59.9900 9.3 0.013 0.197
553.942 60.00 59.9800 9.3 0.015 0.203
553.991 60.00 59.9800 9.3 0.015 0.201
554.042 60.00 59.9500 10.1 0.044 0.296
554.092 60.00 60.0000 8.9 0.000 0.151
554.141 60.00 59.9800 9.3 0.015 0.198
554.191 60.00 60.0000 8.8 -0.002 0.142
554.241 60.00 60.0000 8.9 0.002 0.155
554.292 60.00 59.9800 9.4 0.021 0.216
554.341 60.00 59.9800 9.4 0.021 0.215
554.391 60.00 60.0000 8.7 -0.004 0.131
554.440 60.00 59.9900 9.0 0.006 0.164
554.490 60.00 60.0000 8.9 0.002 0.150
554.540 60.00 59.9700 9.5 0.027 0.231
554.590 60.00 59.9700 9.5 0.025 0.223
554.640 60.00 59.9900 9.0 0.006 0.160
554.689 60.00 59.9800 9.2 0.017 0.193
554.739 60.00 59.9500 10.2 0.052 0.308
554.788 60.00 59.9800 9.4 0.023 0.211
554.840 60.00 59.9800 9.3 0.021 0.203
554.890 60.00 60.0000 8.6 -0.004 0.120
554.938 60.00 59.9700 9.4 0.025 0.215
554.988 60.00 59.9800 9.3 0.021 0.200
555.037 60.00 59.9600 9.8 0.042 0.267
555.088 60.00 60.0600 7.2 -0.059 -0.062
555.138 60.00 59.9600 9.7 0.038 0.252
555.187 60.00 59.9600 9.7 0.038 0.250
555.237 60.00 59.9700 9.4 0.027 0.215
555.287 60.00 59.9500 10.0 0.048 0.282
555.338 60.00 59.9700 9.6 0.034 0.233
555.388 60.00 59.9500 9.9 0.048 0.279
555.436 60.00 59.9900 8.8 0.004 0.134
555.486 60.00 59.9700 9.5 0.031 0.222
555.535 60.00 59.9500 9.8 0.044 0.262
555.586 60.00 59.9900 8.8 0.006 0.138
555.636 60.00 59.9700 9.4 0.029 0.213
555.685 60.00 59.9700 9.4 0.031 0.218
555.735 60.00 59.9600 9.6 0.038 0.237
555.784 60.00 59.9800 9.2 0.021 0.182
555.835 60.00 59.9700 9.4 0.029 0.208
555.885 60.00 59.9500 9.9 0.050 0.275
555.934 60.00 59.9900 8.7 0.006 0.130
555.984 60.00 59.9900 8.9 0.013 0.150
556.033 60.00 59.9500 9.9 0.050 0.272
556.084 60.00 59.9300 10.3 0.065 0.318
556.134 60.00 59.9600 9.6 0.040 0.234
556.183 60.00 59.9000 11.1 0.099 0.424
556.234 60.00 59.9700 9.2 0.027 0.191
556.283 60.00 59.9900 8.8 0.013 0.142
556.334 60.00 59.9900 8.7 0.008 0.127
556.383 60.00 59.9500 9.8 0.050 0.263
556.433 60.00 59.9800 9.1 0.023 0.173
556.482 60.00 59.9500 9.7 0.046 0.247
556.531 60.00 59.9700 9.1 0.025 0.178
556.582 60.00 59.9500 9.8 0.052 0.265
556.632 60.00 59.9500 9.6 0.044 0.236
556.682 60.00 59.9500 9.7 0.046 0.242
556.731 60.00 59.9700 9.1 0.025 0.173
556.781 60.00 59.9600 9.5 0.042 0.227
556.831 60.00 59.9400 9.9 0.057 0.273
556.882 60.00 59.9500 9.6 0.044 0.231
556.932 60.00 59.8800 11.6 0.122 0.482
556.980 60.00 59.9500 9.7 0.048 0.241
557.030 60.00 59.9600 9.4 0.038 0.206
557.079 60.00 59.9400 10.0 0.061 0.279
557.130 60.00 59.9500 9.6 0.046 0.230
557.180 60.00 59.9400 9.8 0.057 0.264
557.229 60.00 59.9300 10.0 0.065 0.289
557.279 60.00 59.9300 10.1 0.067 0.295
557.328 60.00 59.9600 9.2 0.036 0.191
557.379 60.00 59.9500 9.5 0.044 0.217
557.429 60.00 59.9400 9.8 0.057 0.257
557.479 60.00 59.9300 10.0 0.065 0.283
557.529 60.00 59.9400 9.9 0.063 0.275
557.577 60.00 59.9300 10.0 0.065 0.280
557.628 60.00 59.9800 8.7 0.019 0.129
557.678 60.00 59.9400 9.7 0.057 0.251
557.727 60.00 59.9600 9.3 0.040 0.195
557.777 60.00 59.9300 9.9 0.065 0.276
557.826 60.00 59.9500 9.5 0.050 0.227
557.877 60.00 59.9600 9.1 0.036 0.179
557.927 60.00 59.9500 9.4 0.046 0.212
557.976 60.00 59.9400 9.9 0.063 0.266
558.026 60.00 59.9400 9.7 0.057 0.244
558.075 60.00 59.9400 9.8 0.061 0.256
558.126 60.00 59.9400 9.7 0.057 0.241
558.176 60.00 59.9300 9.9 0.065 0.267
558.225 60.00 59.9400 9.8 0.063 0.259
558.276 60.00 59.9400 9.7 0.059 0.244
558.325 60.00 59.9300 9.9 0.067 0.270
558.375 60.00 59.9200 10.2 0.078 0.303
558.425 60.00 59.9400 9.7 0.059 0.241
558.475 60.00 59.9500 9.5 0.052 0.219
558.524 60.00 59.9500 9.3 0.046 0.197
558.573 60.00 59.9400 9.5 0.055 0.224
558.624 60.00 59.9400 9.5 0.055 0.223
558.674 60.00 59.9300 9.9 0.071 0.276
558.724 60.00 59.9100 10.5 0.092 0.343
558.773 60.00 59.9500 9.3 0.048 0.198
558.823 60.00 59.9700 8.9 0.034 0.150
558.873 60.00 59.9400 9.6 0.061 0.237
558.923 60.00 59.9100 10.2 0.084 0.312
558.973 60.00 59.9200 10.2 0.082 0.303
559.022 60.00 59.9300 9.8 0.069 0.261
559.072 60.00 59.9400 9.7 0.063 0.240
559.121 60.00 59.9200 10.0 0.078 0.286
559.172 60.00 59.9500 9.4 0.052 0.203
559.222 60.00 59.9400 9.4 0.055 0.209
559.271 60.00 59.9300 9.8 0.071 0.262
559.321 60.00 59.9400 9.4 0.055 0.207
559.370 60.00 59.9300 9.8 0.069 0.253
559.422 60.00 59.9400 9.6 0.063 0.232
559.472 60.00 59.9000 10.5 0.099 0.346
559.520 60.00 59.9400 9.5 0.061 0.222
559.570 60.00 59.9400 9.6 0.063 0.228
559.619 60.00 59.9300 9.7 0.067 0.241
559.670 60.00 59.9500 9.1 0.044 0.164
559.720 60.00 59.9100 10.2 0.088 0.307
559.769 60.00 59.9400 9.5 0.063 0.224
559.819 60.00 59.9300 9.7 0.069 0.243
559.868 60.00 59.9300 9.7 0.069 0.242
559.919 60.00 59.9300 9.6 0.067 0.234
559.969 60.00 59.9300 9.6 0.065 0.226
560.018 60.00 59.9400 9.3 0.055 0.191
560.068 60.00 59.9300 9.5 0.065 0.224
560.117 60.00 59.9300 9.5 0.065 0.223
560.168 60.00 59.9200 10.0 0.082 0.277
560.218 60.00 59.9300 9.6 0.069 0.235
560.267 60.00 59.9200 9.9 0.082 0.275
560.318 60.00 59.9300 9.7 0.071 0.240
560.366 60.00 59.9400 9.4 0.061 0.204
560.417 60.00 59.9500 9.0 0.046 0.156
560.467 60.00 59.9300 9.5 0.067 0.223
560.516 60.00 59.9500 9.1 0.052 0.175
560.566 60.00 59.9300 9.6 0.069 0.228
560.615 60.00 59.9200 9.8 0.080 0.262
560.666 60.00 59.9400 9.4 0.063 0.206
560.716 60.00 59.9300 9.6 0.069 0.225
560.766 60.00 59.9500 9.0 0.048 0.156
560.815 60.00 59.9400 9.3 0.061 0.196
560.865 60.00 59.9400 9.4 0.063 0.203
560.916 60.00 59.9100 9.9 0.084 0.270
560.965 60.00 59.9300 9.5 0.067 0.214
561.015 60.00 59.9300 9.6 0.071 0.227
561.064 60.00 59.9100 9.9 0.084 0.267
561.114 60.00 59.9400 9.1 0.055 0.170
561.163 60.00 59.9400 9.3 0.063 0.197
561.214 60.00 59.9300 9.6 0.073 0.230
561.264 60.00 59.9400 9.3 0.063 0.195
561.313 60.00 59.9300 9.6 0.073 0.228
561.364 60.00 59.9100 10.0 0.088 0.275
561.413 60.00 59.9100 10.0 0.090 0.281
561.464 60.00 59.9000 10.1 0.094 0.293
561.513 60.00 59.9400 9.0 0.055 0.162
561.562 60.00 59.9500 8.9 0.050 0.148
561.612 60.00 59.9000 10.1 0.094 0.290
561.661 60.00 59.8600 11.3 0.141 0.439
561.712 60.00 59.9500 8.8 0.046 0.130
561.762 60.00 59.9000 10.1 0.096 0.293
561.811 60.00 59.9200 9.7 0.082 0.244
561.861 60.00 59.9500 8.8 0.048 0.134
561.910 60.00 59.9300 9.3 0.065 0.188
561.961 60.00 59.9200 9.6 0.078 0.229
562.011 60.00 59.9500 8.9 0.052 0.146
562.060 60.00 59.9300 9.3 0.067 0.193
562.110 60.00 59.9300 9.2 0.065 0.185
562.159 60.00 59.9400 9.0 0.055 0.151
562.211 60.00 59.9200 9.6 0.078 0.225
562.261 60.00 59.9300 9.2 0.065 0.183
562.310 60.00 59.9500 8.8 0.048 0.128
562.359 60.00 59.9300 9.3 0.067 0.189
562.408 60.00 59.9600 8.5 0.040 0.099
562.459 60.00 59.9400 9.1 0.061 0.167
562.509 60.00 59.9600 8.4 0.036 0.085
562.558 60.00 59.9200 9.6 0.082 0.234
562.608 60.00 59.9400 8.9 0.055 0.145
562.657 60.00 59.9400 9.0 0.059 0.158
562.708 60.00 59.9300 9.3 0.071 0.198
562.758 60.00 59.9200 9.5 0.078 0.218
562.808 60.00 59.9200 9.6 0.080 0.224
562.857 60.00 59.9300 9.3 0.069 0.189
562.907 60.00 59.9600 8.5 0.042 0.100
562.958 60.00 59.9700 8.2 0.029 0.059
563.007 60.00 59.9500 8.8 0.050 0.126
563.057 60.00 59.9400 8.9 0.055 0.139
563.106 60.00 59.9300 9.2 0.069 0.186
563.156 60.00 59.9400 8.9 0.055 0.138
563.206 60.00 59.9500 8.8 0.052 0.131
563.256 60.00 59.9400 8.8 0.055 0.137
563.306 60.00 59.9400 9.1 0.063 0.164
563.355 60.00 59.9400 8.8 0.055 0.136
563.405 60.00 59.9000 10.0 0.099 0.278
563.454 60.00 59.9500 8.7 0.050 0.121
563.505 60.00 59.9400 9.0 0.061 0.154
563.556 60.00 59.9400 8.9 0.059 0.147
563.605 60.00 59.9400 8.9 0.057 0.140
563.655 60.00 59.9400 9.0 0.061 0.152
563.703 60.00 59.9800 8.0 0.023 0.030
563.754 60.00 59.9400 8.9 0.057 0.138
563.805 60.00 59.9400 8.8 0.055 0.131
563.853 60.00 59.9700 8.1 0.029 0.049
563.904 60.00 59.9400 8.8 0.055 0.130
563.952 60.00 59.9500 8.6 0.046 0.102
564.003 60.00 59.9400 8.8 0.055 0.130
564.053 60.00 59.9800 7.8 0.019 0.013
564.102 60.00 59.9300 9.2 0.071 0.184
564.152 60.00 59.9300 9.1 0.067 0.169
564.201 60.00 59.9500 8.7 0.052 0.121
564.252 60.00 59.9500 8.5 0.044 0.093
564.302 60.00 59.9600 8.4 0.042 0.086
564.351 60.00 59.9300 9.3 0.073 0.188
564.402 60.00 59.9400 8.8 0.057 0.133
564.451 60.00 59.9300 9.1 0.067 0.166
564.502 60.00 59.9500 8.5 0.046 0.098
564.551 60.00 59.9500 8.6 0.050 0.111
564.600 60.00 59.9500 8.6 0.048 0.104
564.650 60.00 59.9600 8.3 0.038 0.069
564.699 60.00 59.9600 8.4 0.042 0.083
564.750 60.00 59.9700 8.0 0.027 0.035
564.800 60.00 59.9600 8.4 0.042 0.083
564.850 60.00 59.9500 8.6 0.048 0.103
564.899 60.00 59.9400 9.0 0.063 0.150
564.949 60.00 59.9600 8.2 0.036 0.061
565.000 60.00 59.9500 8.5 0.044 0.088
565.049 60.00 59.9500 8.6 0.050 0.108
565.099 60.00 59.9600 8.4 0.042 0.081
565.148 60.00 59.9400 8.8 0.057 0.128
565.198 60.00 59.9300 9.1 0.067 0.162
565.248 60.00 59.9500 8.6 0.050 0.107
565.298 60.00 59.9500 8.7 0.052 0.113
565.348 60.00 59.9400 8.9 0.063 0.147
565.397 60.00 59.9400 8.9 0.061 0.139
565.447 60.00 59.9600 8.2 0.036 0.057
565.496 60.00 60.0000 7.3 0.000 -0.059
565.548 60.00 59.9500 8.7 0.052 0.112
565.598 60.00 59.9600 8.2 0.036 0.057
565.647 60.00 59.9600 8.3 0.038 0.064
565.696 60.00 59.9800 7.8 0.019 0.002
565.745 60.00 59.9400 8.8 0.057 0.125
565.797 60.00 59.9700 8.1 0.031 0.043
565.847 60.00 59.9400 8.8 0.057 0.125
565.896 60.00 59.9600 8.3 0.038 0.063
565.945 60.00 59.9600 8.2 0.036 0.056
565.994 60.00 59.9600 8.3 0.040 0.069
566.045 60.00 59.9500 8.5 0.046 0.089
566.095 60.00 59.9800 7.6 0.015 -0.013
566.144 60.00 59.9600 8.2 0.036 0.055
566.194 60.00 59.9500 8.6 0.050 0.103
566.243 60.00 59.9800 7.6 0.015 -0.013
566.294 60.00 59.9600 8.2 0.036 0.055
566.344 60.00 59.9800 7.7 0.019 0.000
566.394 60.00 59.9800 7.9 0.023 0.014
566.444 60.00 59.9600 8.3 0.040 0.068
566.492 60.00 59.9700 8.0 0.027 0.028
566.543 60.00 59.9600 8.2 0.036 0.055
566.593 60.00 59.9600 8.2 0.036 0.055
566.642 60.00 59.9700 8.0 0.029 0.035
566.692 60.00 59.9700 8.0 0.029 0.035
566.741 60.00 59.9800 7.9 0.023 0.014
566.792 60.00 59.9700 8.0 0.029 0.035
566.842 60.00 59.9800 7.6 0.015 -0.014
566.891 60.00 59.9800 7.6 0.015 -0.013
566.942 60.00 59.9100 9.7 0.092 0.239
566.991 60.00 59.9800 7.8 0.023 0.013
567.041 60.00 59.9800 7.8 0.023 0.013
567.091 60.00 59.9700 8.0 0.029 0.034
567.141 60.00 59.9900 7.3 0.004 -0.048
567.190 60.00 59.9800 7.7 0.019 -0.000
567.240 60.00 59.9700 7.9 0.025 0.021
567.290 60.00 59.9800 7.6 0.015 -0.014
567.340 60.00 59.9900 7.5 0.008 -0.034
567.390 60.00 60.0100 7.0 -0.008 -0.088
567.440 60.00 60.0100 7.0 -0.008 -0.088
567.490 60.00 59.9700 8.2 0.034 0.049
567.539 60.00 59.9800 7.8 0.021 0.009
567.590 60.00 59.9800 7.8 0.021 0.009
567.639 60.00 59.9900 7.5 0.010 -0.026
567.688 60.00 59.9600 8.3 0.040 0.070
567.738 60.00 59.9900 7.5 0.008 -0.033
567.788 60.00 59.9700 8.0 0.027 0.029
567.839 60.00 59.9900 7.6 0.013 -0.019
567.889 60.00 59.9800 7.7 0.015 -0.012
567.937 60.00 59.9900 7.6 0.013 -0.018
567.987 60.00 59.9900 7.5 0.010 -0.025
568.036 60.00 59.9900 7.4 0.006 -0.038
568.087 60.00 59.9700 8.1 0.029 0.037
568.137 60.00 59.9800 7.9 0.023 0.017
568.186 60.00 60.0100 7.0 -0.010 -0.092
568.236 60.00 60.0000 7.1 -0.006 -0.078
568.285 60.00 60.0000 7.3 0.002 -0.051
568.337 60.00 60.0200 6.7 -0.023 -0.132
568.387 60.00 59.9800 7.8 0.019 0.004
568.435 60.00 60.0100 7.1 -0.008 -0.084
568.485 60.00 59.9800 7.8 0.019 0.005
568.534 60.00 60.0100 6.9 -0.015 -0.104
568.585 60.00 59.9900 7.5 0.008 -0.028
568.635 60.00 60.0200 6.6 -0.025 -0.137
568.684 60.00 59.9900 7.6 0.010 -0.020
568.734 60.00 59.9900 7.5 0.008 -0.027
568.783 60.00 60.0000 7.3 0.000 -0.054
568.834 60.00 60.0000 7.2 -0.002 -0.060
568.884 60.00 59.9900 7.4 0.004 -0.040
568.935 60.00 60.0000 7.2 -0.004 -0.067
568.984 60.00 60.0100 7.0 -0.010 -0.086
569.032 60.00 59.9900 7.7 0.013 -0.011
569.083 60.00 60.0000 7.3 -0.002 -0.059
569.133 60.00 60.0300 6.4 -0.035 -0.167
569.183 60.00 59.9900 7.5 0.006 -0.031
569.232 60.00 60.0000 7.3 -0.002 -0.057
569.281 60.00 60.0000 7.2 -0.006 -0.070
569.332 60.00 60.0100 7.1 -0.010 -0.084
569.382 60.00 59.9900 7.6 0.010 -0.015
569.432 60.00 60.0200 6.8 -0.019 -0.110
569.482 60.00 60.0100 7.1 -0.010 -0.082
569.531 60.00 60.0000 7.2 -0.004 -0.062
569.581 60.00 60.0100 7.1 -0.008 -0.075
569.632 60.00 60.0000 7.2 -0.004 -0.061
569.682 60.00 60.0100 7.0 -0.013 -0.088
569.730 60.00 60.0100 7.0 -0.015 -0.095
569.781 60.00 60.0500 6.0 -0.052 -0.216
569.830 60.00 60.0200 6.9 -0.019 -0.106
569.880 60.00 60.0200 6.7 -0.025 -0.126
569.931 60.00 60.0200 6.8 -0.021 -0.111
569.980 60.00 60.0400 6.3 -0.042 -0.179
570.029 60.00 60.0200 7.0 -0.017 -0.097
570.078 60.00 60.0200 6.7 -0.025 -0.124
570.129 60.00 60.0100 7.2 -0.008 -0.069
570.179 60.00 59.9900 7.5 0.004 -0.028
570.228 60.00 60.0100 7.2 -0.008 -0.068
570.278 60.00 60.0300 6.5 -0.035 -0.156
570.327 60.00 60.0000 7.4 0.000 -0.040
570.378 60.00 60.0300 6.6 -0.031 -0.141
570.428 60.00 60.0300 6.7 -0.027 -0.127
570.478 60.00 60.0200 7.0 -0.017 -0.092
570.528 60.00 60.0400 6.4 -0.038 -0.160
570.576 60.00 60.0500 6.1 -0.050 -0.200
570.627 60.00 60.0100 7.0 -0.015 -0.084
570.677 60.00 60.0400 6.3 -0.042 -0.171
570.726 60.00 60.0300 6.7 -0.027 -0.123
570.776 60.00 60.0400 6.3 -0.044 -0.177
570.825 60.00 60.0400 6.2 -0.046 -0.183
570.876 60.00 60.0400 6.5 -0.038 -0.155
570.926 60.00 60.0300 6.5 -0.035 -0.147
570.975 60.00 60.0400 6.4 -0.042 -0.167
571.025 60.00 60.0500 6.2 -0.048 -0.187
571.074 60.00 60.0500 6.0 -0.055 -0.206
571.126 60.00 60.0100 7.3 -0.008 -0.056
571.176 60.00 60.0100 7.1 -0.015 -0.076
571.226 60.00 60.0700 5.6 -0.073 -0.266
571.275 60.00 60.0400 6.3 -0.044 -0.170
571.323 60.00 60.0500 6.2 -0.050 -0.189
571.374 60.00 60.0300 6.7 -0.031 -0.127
571.424 60.00 60.0900 5.2 -0.088 -0.310
571.474 60.00 60.0600 5.9 -0.061 -0.220
571.523 60.00 60.0400 6.5 -0.038 -0.144
571.573 60.00 60.0500 6.1 -0.055 -0.198
571.623 60.00 60.0700 5.7 -0.069 -0.245
571.673 60.00 60.0200 7.1 -0.017 -0.073
571.723 60.00 60.0500 6.2 -0.050 -0.182
571.772 60.00 60.0400 6.3 -0.046 -0.168
571.822 60.00 60.0800 5.4 -0.082 -0.283
571.871 60.00 60.0800 5.5 -0.078 -0.268
571.922 60.00 60.0600 6.0 -0.061 -0.212
571.972 60.00 60.0600 6.1 -0.057 -0.198
572.021 60.00 60.0600 6.0 -0.061 -0.211
572.071 60.00 60.0500 6.2 -0.052 -0.182
572.120 60.00 60.0600 6.0 -0.063 -0.215
572.172 60.00 60.0700 5.8 -0.069 -0.235
572.222 60.00 60.0800 5.5 -0.082 -0.275
572.270 60.00 60.0600 6.0 -0.063 -0.212
572.320 60.00 60.0700 5.7 -0.076 -0.252
572.369 60.00 60.0600 6.0 -0.063 -0.210
572.420 60.00 60.0600 6.2 -0.057 -0.189
572.470 60.00 60.0700 5.8 -0.071 -0.236
572.519 60.00 60.0900 5.4 -0.088 -0.289
572.569 60.00 60.0600 6.1 -0.061 -0.200
572.618 60.00 60.0600 6.2 -0.057 -0.185
572.669 60.00 60.0700 5.8 -0.073 -0.238
572.719 60.00 60.1000 4.9 -0.105 -0.340
572.768 60.00 60.0700 5.8 -0.073 -0.236
572.819 60.00 60.0800 5.5 -0.084 -0.269
572.868 60.00 60.0600 6.2 -0.059 -0.186
572.918 60.00 60.0800 5.6 -0.082 -0.260
572.968 60.00 60.0700 5.8 -0.073 -0.232
573.017 60.00 60.0800 5.5 -0.086 -0.272
573.067 60.00 60.0700 5.8 -0.076 -0.237
573.116 60.00 60.0700 6.0 -0.067 -0.208
573.167 60.00 60.0800 5.7 -0.080 -0.248
573.217 60.00 60.2000 2.5 -0.201 -0.642
573.266 60.00 60.0700 6.0 -0.069 -0.211
573.316 60.00 60.1000 5.2 -0.100 -0.311
573.366 60.00 60.1100 5.0 -0.107 -0.331
573.417 60.00 60.1100 4.9 -0.111 -0.343
573.467 60.00 60.0800 5.8 -0.080 -0.239
573.516 60.00 60.0800 5.8 -0.080 -0.238
573.565 60.00 60.0700 6.0 -0.069 -0.203
573.615 60.00 60.0900 5.4 -0.092 -0.277
573.665 60.00 60.1100 5.1 -0.107 -0.324
573.715 60.00 60.0900 5.6 -0.088 -0.261
573.765 60.00 60.0700 5.9 -0.076 -0.220
573.814 60.00 60.0900 5.5 -0.092 -0.273
573.864 60.00 60.1000 5.4 -0.096 -0.285
573.913 60.00 60.0800 5.7 -0.086 -0.250
573.964 60.00 60.1200 4.8 -0.117 -0.352
574.014 60.00 60.1000 5.2 -0.105 -0.309
574.063 60.00 60.1100 5.1 -0.107 -0.314
574.113 60.00 60.0900 5.5 -0.094 -0.272
574.163 60.00 60.1000 5.3 -0.103 -0.299
574.214 60.00 60.1100 5.0 -0.113 -0.331
574.263 60.00 60.1200 4.8 -0.122 -0.357
574.312 60.00 60.1000 5.2 -0.105 -0.301
574.362 60.00 60.0900 5.6 -0.092 -0.259
574.411 60.00 60.1100 5.2 -0.107 -0.306
574.462 60.00 60.1200 4.9 -0.119 -0.345
574.512 60.00 60.1000 5.3 -0.105 -0.296
574.561 60.00 60.1200 5.0 -0.117 -0.337
574.611 60.00 60.1400 4.3 -0.142 -0.416
574.661 60.00 60.1300 4.6 -0.130 -0.374
574.712 60.00 60.1200 4.9 -0.122 -0.345
574.762 60.00 60.1100 5.3 -0.107 -0.296
574.810 60.00 60.1000 5.5 -0.100 -0.274
574.860 60.00 60.1200 4.9 -0.122 -0.342
574.909 60.00 60.0700 6.3 -0.069 -0.170
574.960 60.00 60.1200 5.0 -0.117 -0.326
575.010 60.00 60.1100 5.1 -0.115 -0.318
575.059 60.00 60.1300 4.6 -0.134 -0.378
575.109 60.00 60.1200 4.9 -0.124 -0.342
575.158 60.00 60.1300 4.7 -0.132 -0.368
575.210 60.00 60.1300 4.6 -0.136 -0.380
575.260 60.00 60.1500 4.3 -0.147 -0.413
575.308 60.00 60.1200 4.9 -0.124 -0.336
575.358 60.00 60.1300 4.8 -0.128 -0.348
575.407 60.00 60.1200 5.0 -0.124 -0.334
575.458 60.00 60.1000 5.5 -0.105 -0.271
575.508 60.00 60.1400 4.5 -0.140 -0.386
575.558 60.00 60.1300 4.9 -0.128 -0.343
575.607 60.00 60.1300 4.8 -0.130 -0.348
575.656 60.00 60.1300 4.8 -0.132 -0.354
575.708 60.00 60.1400 4.6 -0.138 -0.373
575.758 60.00 60.1300 4.9 -0.128 -0.337
575.807 60.00 60.1200 5.0 -0.124 -0.323
575.856 60.00 60.1500 4.4 -0.147 -0.397
575.906 60.00 60.1600 4.1 -0.161 -0.442
575.956 60.00 60.1200 5.2 -0.117 -0.298
576.007 60.00 60.1300 5.0 -0.128 -0.330
576.056 60.00 60.1300 4.8 -0.136 -0.356
576.105 60.00 60.1500 4.4 -0.149 -0.396
576.155 60.00 60.1200 5.1 -0.126 -0.320
576.204 60.00 60.1400 4.6 -0.142 -0.373
576.255 60.00 60.1600 4.1 -0.163 -0.439
576.305 60.00 60.1500 4.4 -0.151 -0.396
576.354 60.00 60.1400 4.6 -0.145 -0.375
576.404 60.00 60.1600 4.2 -0.159 -0.421
576.454 60.00 60.1400 4.7 -0.142 -0.365
576.505 60.00 60.1500 4.6 -0.147 -0.378
576.554 60.00 60.1500 4.5 -0.149 -0.383
576.603 60.00 60.0500 7.2 -0.048 -0.054
576.653 60.00 60.2400 2.0 -0.243 -0.687
576.702 60.00 60.1500 4.6 -0.147 -0.372
576.753 60.00 60.1600 4.2 -0.163 -0.424
576.803 60.00 60.1600 4.2 -0.163 -0.423
576.852 60.00 60.1500 4.6 -0.149 -0.374
576.902 60.00 60.1500 4.6 -0.151 -0.379
576.951 60.00 60.1300 5.0 -0.134 -0.323
577.003 60.00 60.1500 4.6 -0.149 -0.370
577.053 60.00 60.1500 4.7 -0.149 -0.368
577.102 60.00 60.1400 4.9 -0.138 -0.333
577.151 60.00 60.1700 4.2 -0.167 -0.427
577.200 60.00 60.1500 4.6 -0.151 -0.370
577.251 60.00 60.1700 4.1 -0.170 -0.431
577.301 60.00 60.1800 3.9 -0.180 -0.463
577.350 60.00 60.1800 3.9 -0.178 -0.454
577.400 60.00 60.1900 3.5 -0.195 -0.507
577.449 60.00 60.1500 4.6 -0.153 -0.369
577.500 60.00 60.1600 4.3 -0.165 -0.408
577.551 60.00 60.1600 4.5 -0.159 -0.387
577.601 60.00 60.2300 2.7 -0.228 -0.610
577.649 60.00 60.1800 3.9 -0.182 -0.457
577.698 60.00 60.1900 3.6 -0.195 -0.497
577.750 60.00 60.1500 4.7 -0.153 -0.359
577.800 60.00 60.1800 3.9 -0.184 -0.460
577.850 60.00 60.1800 4.0 -0.180 -0.444
577.899 60.00 60.1900 3.7 -0.193 -0.483
577.948 60.00 60.1800 3.9 -0.184 -0.455
577.998 60.00 60.1900 3.9 -0.186 -0.459
578.048 60.00 60.1700 4.4 -0.167 -0.396
578.098 60.00 60.1300 5.4 -0.132 -0.279
578.147 60.00 60.1700 4.2 -0.176 -0.421
578.197 60.00 60.1600 4.6 -0.161 -0.372
578.246 60.00 60.1800 4.2 -0.178 -0.425
578.298 60.00 60.2000 3.6 -0.201 -0.498
578.348 60.00 60.1800 4.1 -0.182 -0.435
578.397 60.00 60.1900 3.9 -0.188 -0.454
578.446 60.00 60.1800 4.2 -0.178 -0.419
578.495 60.00 60.1600 4.6 -0.165 -0.376
578.546 60.00 60.2000 3.7 -0.197 -0.477
578.596 60.00 60.1800 4.2 -0.178 -0.414
578.645 60.00 60.1600 4.7 -0.161 -0.358
578.695 60.00 60.1800 4.2 -0.182 -0.425
578.744 60.00 60.1700 4.4 -0.174 -0.396
578.796 60.00 60.1900 4.1 -0.186 -0.436
578.846 60.00 60.1900 3.9 -0.193 -0.455
578.894 60.00 60.1900 3.9 -0.193 -0.453
578.944 60.00 60.2000 3.8 -0.199 -0.472
578.993 60.00 60.1800 4.3 -0.180 -0.409
579.044 60.00 60.1900 4.1 -0.188 -0.435
579.094 60.00 60.2000 3.9 -0.197 -0.460
579.143 60.00 60.2000 3.8 -0.199 -0.466
579.193 60.00 60.2000 3.8 -0.199 -0.464
579.242 60.00 60.2000 3.9 -0.199 -0.462
579.294 60.00 60.2100 3.6 -0.207 -0.488
579.344 60.00 60.1800 4.3 -0.184 -0.411
579.392 60.00 60.2000 3.8 -0.201 -0.464
579.442 60.00 60.2100 3.5 -0.214 -0.503
579.491 60.00 60.1700 4.6 -0.172 -0.365
579.542 60.00 60.2000 3.9 -0.199 -0.453
579.592 60.00 60.2000 3.9 -0.201 -0.458
579.641 60.00 60.2000 3.8 -0.205 -0.470
579.691 60.00 60.2000 3.9 -0.201 -0.454
579.740 60.00 60.1900 4.2 -0.191 -0.419
579.791 60.00 60.1300 5.7 -0.134 -0.234
579.841 60.00 60.2100 3.6 -0.212 -0.485
579.891 60.00 60.1900 4.3 -0.186 -0.401
579.940 60.00 60.2100 3.7 -0.212 -0.482
579.990 60.00 60.2200 3.5 -0.218 -0.501
580.040 60.00 60.2100 3.8 -0.209 -0.471
580.090 60.00 60.2000 3.9 -0.205 -0.456
580.141 60.00 60.2200 3.3 -0.226 -0.523
580.189 60.00 60.2000 4.0 -0.203 -0.446
580.239 60.00 60.2100 3.8 -0.212 -0.472
580.288 60.00 60.2100 3.7 -0.214 -0.477
580.339 60.00 60.2000 4.1 -0.199 -0.428
580.389 60.00 60.2000 4.1 -0.199 -0.427
580.438 60.00 60.2300 3.2 -0.235 -0.541
580.488 60.00 60.2300 3.4 -0.228 -0.519
580.537 60.00 60.2300 3.2 -0.235 -0.537
580.589 60.00 60.2200 3.5 -0.224 -0.501
580.639 60.00 60.2000 4.1 -0.201 -0.424
580.688 60.00 60.2200 3.6 -0.220 -0.484
580.737 60.00 60.2100 3.8 -0.216 -0.469
580.786 60.00 60.2100 3.8 -0.216 -0.467
580.837 60.00 60.2300 3.3 -0.233 -0.521
580.887 60.00 60.2200 3.6 -0.224 -0.491
580.936 60.00 60.2100 4.0 -0.207 -0.435
580.986 60.00 60.2300 3.5 -0.228 -0.502
581.035 60.00 60.2200 3.6 -0.224 -0.487
581.087 60.00 60.2500 3.0 -0.247 -0.559
581.137 60.00 60.2100 3.9 -0.214 -0.449
581.185 60.00 60.2300 3.5 -0.230 -0.502
581.235 60.00 60.2400 3.3 -0.237 -0.520
581.284 60.00 60.2600 2.6 -0.266 -0.614
581.335 60.00 60.2100 4.0 -0.214 -0.442
581.385 60.00 60.2500 3.1 -0.247 -0.548
581.434 60.00 60.1500 5.5 -0.155 -0.248
581.484 60.00 60.1700 5.1 -0.172 -0.302
581.533 60.00 60.2300 3.5 -0.233 -0.499
581.585 60.00 60.2300 3.6 -0.228 -0.483
581.635 60.00 60.2300 3.6 -0.230 -0.488
581.684 60.00 60.2200 3.9 -0.218 -0.446
581.734 60.00 60.2300 3.6 -0.230 -0.485
581.782 60.00 60.2300 3.6 -0.230 -0.483
581.833 60.00 60.2800 2.2 -0.283 -0.652
581.884 60.00 60.2500 3.1 -0.249 -0.541
581.934 60.00 60.2200 4.0 -0.220 -0.444
581.982 60.00 60.2500 3.2 -0.247 -0.530
582.031 60.00 60.2200 3.9 -0.222 -0.447
582.082 60.00 60.2300 3.6 -0.233 -0.480
582.132 60.00 60.2300 3.7 -0.233 -0.479
582.182 60.00 60.2400 3.5 -0.239 -0.497
582.231 60.00 60.2200 4.0 -0.220 -0.434
582.281 60.00 60.2400 3.5 -0.239 -0.495
582.331 60.00 60.2400 3.4 -0.243 -0.507
582.382 60.00 60.2300 3.8 -0.230 -0.464
582.432 60.00 60.2600 3.1 -0.257 -0.551
582.480 60.00 60.2300 3.7 -0.233 -0.468
582.530 60.00 60.2400 3.5 -0.243 -0.500
582.579 60.00 60.2000 4.7 -0.199 -0.356
582.630 60.00 60.2400 3.4 -0.245 -0.504
582.680 60.00 60.2300 3.7 -0.235 -0.469
582.729 60.00 60.2400 3.5 -0.243 -0.495
582.779 60.00 60.2200 4.0 -0.226 -0.438
582.828 60.00 60.2500 3.3 -0.253 -0.525
582.880 60.00 60.2500 3.3 -0.251 -0.516
582.930 60.00 60.2400 3.7 -0.239 -0.475
582.978 60.00 60.2600 3.2 -0.257 -0.534
583.028 60.00 60.2500 3.5 -0.247 -0.498
583.077 60.00 60.2600 3.2 -0.257 -0.531
583.128 60.00 60.2400 3.7 -0.239 -0.468
583.178 60.00 60.2400 3.6 -0.243 -0.480
583.227 60.00 60.2400 3.6 -0.245 -0.485
583.277 60.00 60.2500 3.5 -0.247 -0.490
583.327 60.00 60.2600 3.2 -0.262 -0.536
583.378 60.00 60.2300 4.0 -0.233 -0.440
583.427 60.00 60.2300 4.1 -0.228 -0.425
583.476 60.00 60.2400 3.9 -0.237 -0.451
583.526 60.00 60.2300 4.0 -0.233 -0.436
583.575 60.00 60.2600 3.1 -0.266 -0.544
583.626 60.00 60.2400 3.7 -0.243 -0.467
583.676 60.00 60.2200 4.2 -0.226 -0.411
583.725 60.00 60.2300 4.0 -0.235 -0.438
583.775 60.00 60.2700 2.9 -0.274 -0.565
583.824 60.00 60.2300 4.0 -0.235 -0.435
583.875 60.00 60.2700 3.0 -0.270 -0.549
583.925 60.00 60.2500 3.5 -0.255 -0.499
583.975 60.00 60.2400 3.8 -0.243 -0.457
584.024 60.00 60.2600 3.2 -0.264 -0.523
584.073 60.00 60.2400 3.8 -0.243 -0.454
584.125 60.00 60.2400 3.9 -0.239 -0.439
584.174 60.00 60.2500 3.5 -0.255 -0.492
584.224 60.00 60.2400 4.0 -0.237 -0.429
584.273 60.00 60.2700 3.0 -0.274 -0.550
584.323 60.00 60.2600 3.3 -0.264 -0.515
584.373 60.00 60.2600 3.3 -0.266 -0.520
584.423 60.00 60.3600 0.7 -0.364 -0.838
584.473 60.00 60.2400 4.0 -0.241 -0.434
584.522 60.00 60.2500 3.8 -0.247 -0.453
584.572 60.00 60.2700 3.3 -0.268 -0.520
584.622 60.00 60.2600 3.6 -0.257 -0.484
584.673 60.00 60.2500 3.7 -0.253 -0.469
584.722 60.00 60.2600 3.4 -0.264 -0.502
584.771 60.00 60.2300 4.3 -0.230 -0.392
584.821 60.00 60.2900 2.6 -0.295 -0.601
584.870 60.00 60.2600 3.6 -0.257 -0.477
584.921 60.00 60.2700 3.2 -0.272 -0.523
584.971 60.00 60.2600 3.6 -0.257 -0.474
585.020 60.00 60.2500 3.8 -0.253 -0.459
585.070 60.00 60.2400 4.0 -0.243 -0.424
585.119 60.00 60.2400 4.0 -0.243 -0.423
585.171 60.00 60.2700 3.3 -0.270 -0.510
585.221 60.00 60.2700 3.3 -0.272 -0.515
585.269 60.00 60.2600 3.7 -0.257 -0.466
585.319 60.00 60.2800 3.0 -0.283 -0.546
585.368 60.00 60.2600 3.5 -0.264 -0.484
585.419 60.00 60.2500 4.0 -0.249 -0.435
585.469 60.00 60.2600 3.6 -0.262 -0.474
585.518 60.00 60.2700 3.4 -0.270 -0.500
585.568 60.00 60.2600 3.7 -0.260 -0.465
585.618 60.00 60.2600 3.7 -0.262 -0.470
585.669 60.00 60.2600 3.8 -0.257 -0.455
585.719 60.00 60.2500 3.9 -0.255 -0.447
585.767 60.00 60.2600 3.7 -0.260 -0.460
585.817 60.00 60.2800 3.3 -0.276 -0.513
585.866 60.00 60.2600 3.8 -0.260 -0.457
585.918 60.00 60.2600 3.6 -0.266 -0.476
585.967 60.00 60.2700 3.4 -0.274 -0.502
586.016 60.00 60.2500 4.0 -0.251 -0.425
586.066 60.00 60.2400 4.4 -0.237 -0.377
586.115 60.00 60.2500 3.9 -0.255 -0.437
586.166 60.00 60.2700 3.4 -0.274 -0.497
586.216 60.00 60.2800 3.4 -0.276 -0.503
586.266 60.00 60.2500 4.0 -0.253 -0.426
586.315 60.00 60.2600 3.9 -0.257 -0.439
586.365 60.00 60.2300 4.7 -0.228 -0.343
586.416 60.00 60.2400 4.4 -0.239 -0.376
586.465 60.00 60.2600 3.9 -0.257 -0.436
586.515 60.00 60.2500 4.0 -0.255 -0.428
586.564 60.00 60.2400 4.3 -0.243 -0.387
586.614 60.00 60.2800 3.3 -0.283 -0.515
586.663 60.00 60.2500 4.1 -0.253 -0.418
586.714 60.00 60.2400 4.4 -0.241 -0.376
586.764 60.00 60.2600 4.0 -0.257 -0.430
586.814 60.00 60.2700 3.5 -0.274 -0.483
586.864 60.00 60.2700 3.6 -0.272 -0.475
586.912 60.00 60.2500 4.0 -0.255 -0.419
586.963 60.00 60.2700 3.6 -0.272 -0.473
587.013 60.00 60.2700 3.7 -0.270 -0.465
587.062 60.00 60.2500 4.2 -0.249 -0.396
587.112 60.00 60.2500 4.1 -0.255 -0.415
587.161 60.00 60.2600 3.8 -0.266 -0.448
587.212 60.00 60.2700 3.7 -0.270 -0.461
587.263 60.00 60.2700 3.7 -0.270 -0.460
587.312 60.00 60.2800 3.4 -0.283 -0.499
587.361 60.00 60.2700 3.7 -0.270 -0.457
587.410 60.00 60.2700 3.7 -0.272 -0.462
587.461 60.00 60.2700 3.7 -0.272 -0.461
587.511 60.00 60.2700 3.7 -0.272 -0.460
587.560 60.00 60.2800 3.6 -0.276 -0.473
587.610 60.00 60.2800 3.6 -0.278 -0.478
587.659 60.00 60.3100 2.6 -0.314 -0.592
587.710 60.00 60.2800 3.4 -0.285 -0.495
587.760 60.00 60.2800 3.6 -0.278 -0.474
587.809 60.00 60.2900 3.2 -0.293 -0.520
587.859 60.00 60.3000 3.0 -0.301 -0.546
587.908 60.00 60.2900 3.3 -0.289 -0.504
587.960 60.00 60.2900 3.4 -0.287 -0.495
588.010 60.00 60.2900 3.3 -0.291 -0.507
588.058 60.00 60.2900 3.4 -0.287 -0.493
588.108 60.00 60.3000 2.9 -0.306 -0.553
588.157 60.00 60.2800 3.7 -0.278 -0.463
588.208 60.00 60.3000 3.0 -0.306 -0.550
588.258 60.00 60.2900 3.4 -0.289 -0.494
588.308 60.00 60.3000 3.1 -0.301 -0.534
588.357 60.00 60.3000 3.0 -0.304 -0.539
588.406 60.00 60.2800 3.6 -0.283 -0.469
588.458 60.00 60.2800 3.7 -0.281 -0.462
588.508 60.00 60.2900 3.4 -0.293 -0.501
588.557 60.00 60.2900 3.5 -0.289 -0.486
588.606 60.00 60.2800 3.6 -0.283 -0.465
588.656 60.00 60.3000 3.0 -0.306 -0.538
588.706 60.00 60.2900 3.6 -0.287 -0.476
588.756 60.00 60.3000 3.2 -0.301 -0.522
588.806 60.00 60.2900 3.4 -0.293 -0.493
588.855 60.00 60.2900 3.4 -0.293 -0.492
588.905 60.00 60.2900 3.5 -0.289 -0.477
588.954 60.00 60.2800 3.9 -0.276 -0.436
589.006 60.00 60.2900 3.5 -0.289 -0.475
589.056 60.00 60.2800 3.8 -0.278 -0.440
589.104 60.00 60.3000 3.1 -0.306 -0.528
589.154 60.00 60.2700 4.1 -0.270 -0.411
589.203 60.00 60.3000 3.3 -0.299 -0.505
589.254 60.00 60.2800 3.8 -0.281 -0.443
589.304 60.00 60.2600 4.3 -0.264 -0.387
589.353 60.00 60.3000 3.2 -0.306 -0.522
589.403 60.00 60.2900 3.7 -0.287 -0.460
589.452 60.00 60.2800 4.0 -0.276 -0.425
589.503 60.00 60.2800 4.0 -0.276 -0.424
589.553 60.00 60.2700 4.1 -0.272 -0.409
589.603 60.00 60.2900 3.7 -0.287 -0.456
589.653 60.00 60.3000 3.4 -0.297 -0.489
589.702 60.00 60.2800 3.8 -0.283 -0.440
589.752 60.00 60.2900 3.7 -0.289 -0.459
589.802 60.00 60.2900 3.7 -0.289 -0.458
589.851 60.00 60.2800 4.0 -0.278 -0.423
589.902 60.00 60.2800 4.0 -0.278 -0.422
589.950 60.00 60.3000 3.4 -0.299 -0.489
590.001 60.00 60.2000 5.9 -0.205 -0.182
590.051 60.00 60.2700 4.2 -0.272 -0.400
590.100 60.00 60.2700 4.1 -0.274 -0.406
590.150 60.00 60.2800 4.0 -0.276 -0.412
590.199 60.00 60.2700 4.1 -0.274 -0.404
590.250 60.00 60.3100 3.1 -0.312 -0.526
590.300 60.00 60.2700 4.2 -0.270 -0.389
590.351 60.00 60.2800 3.9 -0.285 -0.435
590.399 60.00 60.2700 4.1 -0.274 -0.401
590.448 60.00 60.2700 4.2 -0.270 -0.386
590.499 60.00 60.2700 4.3 -0.268 -0.378
590.549 60.00 60.2900 3.8 -0.289 -0.446
590.599 60.00 60.2800 4.0 -0.281 -0.418
590.648 60.00 60.2800 4.0 -0.281 -0.417
590.698 60.00 60.2800 4.1 -0.278 -0.409
590.748 60.00 60.2900 3.9 -0.287 -0.435
590.798 60.00 60.3100 3.2 -0.312 -0.516
590.849 60.00 60.2700 4.2 -0.272 -0.386
590.898 60.00 60.2700 4.3 -0.270 -0.379
590.948 60.00 60.2800 4.0 -0.283 -0.418
590.996 60.00 60.2800 4.1 -0.278 -0.404
591.047 60.00 60.2700 4.3 -0.270 -0.376
591.097 60.00 60.2800 4.0 -0.281 -0.409
591.146 60.00 60.2900 3.8 -0.291 -0.442
591.196 60.00 60.2800 4.1 -0.281 -0.408
591.245 60.00 60.3100 3.2 -0.314 -0.515
591.296 60.00 60.2700 4.3 -0.272 -0.378
591.346 60.00 60.2600 4.7 -0.257 -0.330
591.396 60.00 60.2600 4.5 -0.264 -0.350
591.446 60.00 60.3100 3.2 -0.314 -0.513
591.494 60.00 60.2700 4.3 -0.272 -0.375
591.545 60.00 60.2600 4.7 -0.257 -0.327
591.595 60.00 60.2700 4.5 -0.268 -0.361
591.644 60.00 60.2700 4.3 -0.274 -0.381
591.695 60.00 60.2700 4.5 -0.268 -0.359
591.743 60.00 60.2500 4.8 -0.255 -0.318
591.794 60.00 60.2600 4.7 -0.260 -0.331
591.844 60.00 60.2800 4.1 -0.281 -0.399
591.893 60.00 60.2500 4.8 -0.255 -0.316
591.943 60.00 60.2600 4.8 -0.257 -0.323
591.992 60.00 60.2500 4.9 -0.251 -0.302
592.043 60.00 60.2500 4.9 -0.253 -0.308
592.093 60.00 60.2700 4.5 -0.268 -0.356
592.143 60.00 60.2800 4.2 -0.281 -0.396
592.193 60.00 60.2600 4.5 -0.266 -0.348
592.241 60.00 60.2500 4.8 -0.255 -0.313
592.292 60.00 60.2700 4.4 -0.270 -0.361
592.342 60.00 60.2500 4.9 -0.251 -0.298
592.391 60.00 60.2600 4.6 -0.264 -0.339
592.441 60.00 60.2600 4.8 -0.257 -0.318
592.490 60.00 60.2800 4.3 -0.276 -0.379
592.541 60.00 60.2800 4.3 -0.276 -0.379
592.591 60.00 60.2400 5.3 -0.239 -0.256
592.642 60.00 60.2800 4.2 -0.281 -0.392
592.691 60.00 60.2600 4.8 -0.257 -0.316
592.740 60.00 60.3200 3.0 -0.325 -0.533
592.790 60.00 60.2400 5.1 -0.245 -0.273
592.840 60.00 60.2800 4.2 -0.281 -0.389
592.890 60.00 60.2600 4.8 -0.260 -0.320
592.939 60.00 60.2500 4.9 -0.253 -0.299
592.989 60.00 60.2700 4.5 -0.270 -0.354
593.038 60.00 60.2600 4.6 -0.266 -0.340
593.090 60.00 60.2700 4.5 -0.270 -0.353
593.140 60.00 60.2500 4.9 -0.255 -0.304
593.188 60.00 60.2300 5.5 -0.233 -0.230
593.238 60.00 60.2500 4.9 -0.253 -0.297
593.287 60.00 60.2600 4.7 -0.262 -0.324
593.338 60.00 60.2400 5.2 -0.243 -0.263
593.388 60.00 60.2500 5.0 -0.253 -0.296
593.437 60.00 60.2500 5.1 -0.247 -0.275
593.487 60.00 60.2600 4.7 -0.264 -0.330
593.536 60.00 60.2500 5.0 -0.253 -0.295
593.588 60.00 60.2500 5.0 -0.253 -0.295
593.638 60.00 60.2400 5.2 -0.245 -0.268
593.687 60.00 60.2400 5.4 -0.237 -0.241
593.736 60.00 60.2500 4.9 -0.255 -0.302
593.785 60.00 60.2500 5.0 -0.253 -0.294
593.837 60.00 60.2600 4.8 -0.257 -0.308
593.887 60.00 60.2500 4.9 -0.255 -0.301
593.935 60.00 60.2400 5.3 -0.241 -0.253
593.985 60.00 60.2500 4.9 -0.255 -0.300
594.034 60.00 60.2200 5.9 -0.218 -0.178
594.085 60.00 60.2500 5.1 -0.249 -0.280
594.135 60.00 60.2400 5.3 -0.241 -0.253
594.184 60.00 60.2300 5.5 -0.235 -0.233
594.234 60.00 60.2400 5.4 -0.237 -0.239
594.283 60.00 60.2500 5.1 -0.249 -0.280
594.335 60.00 60.2400 5.4 -0.237 -0.239
594.384 60.00 60.2300 5.5 -0.233 -0.226
594.433 60.00 60.2600 4.8 -0.257 -0.307
594.483 60.00 60.2400 5.4 -0.237 -0.239
594.532 60.00 60.2500 5.0 -0.251 -0.286
594.583 60.00 60.2400 5.3 -0.239 -0.245
594.633 60.00 60.2500 5.1 -0.247 -0.272
594.683 60.00 60.2400 5.2 -0.243 -0.259
594.732 60.00 60.2500 5.0 -0.251 -0.285
594.782 60.00 60.2500 5.1 -0.247 -0.271
594.833 60.00 60.2300 5.6 -0.230 -0.217
594.882 60.00 60.2500 5.0 -0.253 -0.292
594.932 60.00 60.2500 4.9 -0.255 -0.299
594.981 60.00 60.2300 5.5 -0.233 -0.224
595.031 60.00 60.2300 5.5 -0.235 -0.231
595.081 60.00 60.2400 5.3 -0.241 -0.251
595.131 60.00 60.2500 5.0 -0.253 -0.291
595.181 60.00 60.2200 5.9 -0.218 -0.176
595.230 60.00 60.2300 5.6 -0.230 -0.217
595.281 60.00 60.2500 4.9 -0.255 -0.298
595.330 60.00 60.2400 5.2 -0.243 -0.258
595.380 60.00 60.2200 5.7 -0.224 -0.197
595.430 60.00 60.2500 4.9 -0.255 -0.298
595.479 60.00 60.2400 5.2 -0.245 -0.264
595.529 60.00 60.2400 5.3 -0.241 -0.250
595.578 60.00 60.2200 5.9 -0.218 -0.176
595.629 60.00 60.2400 5.2 -0.245 -0.264
595.679 60.00 60.2200 5.7 -0.224 -0.196
595.728 60.00 60.2100 6.1 -0.209 -0.148
595.778 60.00 60.2300 5.6 -0.230 -0.217
595.827 60.00 60.2200 5.8 -0.222 -0.190
595.878 60.00 60.2100 6.0 -0.214 -0.163
595.928 60.00 60.2200 5.7 -0.224 -0.198
595.978 60.00 60.2400 5.2 -0.243 -0.259
596.027 60.00 60.2400 5.4 -0.237 -0.238
596.076 60.00 60.2300 5.5 -0.235 -0.232
596.127 60.00 60.2400 5.4 -0.237 -0.238
596.177 60.00 60.2000 6.3 -0.203 -0.129
596.226 60.00 60.2300 5.4 -0.235 -0.232
596.276 60.00 60.2400 5.2 -0.245 -0.266
596.325 60.00 60.2100 6.1 -0.209 -0.150
596.376 60.00 60.2200 5.9 -0.218 -0.178
596.426 60.00 60.2200 5.8 -0.220 -0.185
596.477 60.00 60.2400 5.3 -0.239 -0.246
596.526 60.00 60.2100 6.2 -0.207 -0.144
596.574 60.00 60.2200 5.7 -0.224 -0.199
596.626 60.00 60.2300 5.6 -0.228 -0.213
596.675 60.00 60.2000 6.3 -0.201 -0.124
596.725 60.00 60.2300 5.5 -0.233 -0.227
596.774 60.00 60.1900 6.5 -0.193 -0.098
596.823 60.00 60.2200 5.7 -0.224 -0.200
596.874 60.00 60.2100 6.0 -0.214 -0.167
596.924 60.00 60.2200 5.9 -0.218 -0.180
596.974 60.00 60.2200 5.8 -0.220 -0.187
597.024 60.00 60.2100 5.9 -0.216 -0.174
597.073 60.00 60.2100 6.1 -0.209 -0.153
597.123 60.00 60.2100 5.9 -0.216 -0.174
597.173 60.00 60.2200 5.8 -0.220 -0.188
597.223 60.00 60.2000 6.2 -0.203 -0.134
597.272 60.00 60.2100 6.0 -0.214 -0.169
597.322 60.00 60.2100 5.9 -0.216 -0.176
597.371 60.00 60.2400 5.3 -0.237 -0.244
597.422 60.00 60.2100 5.9 -0.216 -0.176
597.472 60.00 60.2200 5.8 -0.220 -0.190
597.522 60.00 60.2000 6.3 -0.201 -0.129
597.572 60.00 60.2000 6.3 -0.199 -0.123
597.620 60.00 60.1800 6.7 -0.184 -0.076
597.672 60.00 60.2000 6.4 -0.197 -0.117
597.721 60.00 60.2100 6.0 -0.209 -0.158
597.770 60.00 60.2100 6.0 -0.209 -0.158
597.821 60.00 60.2000 6.3 -0.201 -0.131
597.870 60.00 60.2100 6.1 -0.207 -0.152
597.920 60.00 60.1700 6.9 -0.176 -0.051
597.970 60.00 60.1900 6.5 -0.191 -0.100
598.019 60.00 60.2000 6.2 -0.203 -0.140
598.069 60.00 60.2300 5.5 -0.230 -0.229
598.118 60.00 60.1700 6.9 -0.176 -0.052
598.169 60.00 60.0500 10.2 -0.052 0.348
598.219 60.00 60.1900 6.6 -0.186 -0.090
598.268 60.00 60.2100 6.0 -0.207 -0.158
598.318 60.00 60.2200 5.8 -0.218 -0.193
598.368 60.00 60.1800 6.6 -0.184 -0.084
598.419 60.00 60.1600 7.2 -0.161 -0.010
598.468 60.00 60.1800 6.6 -0.184 -0.086
598.517 60.00 60.1900 6.3 -0.195 -0.120
598.567 60.00 60.2100 5.9 -0.212 -0.175
598.616 60.00 60.2000 6.2 -0.199 -0.135
598.667 60.00 60.1800 6.6 -0.184 -0.088
598.717 60.00 60.2100 5.8 -0.214 -0.183
598.766 60.00 60.1800 6.7 -0.180 -0.075
598.816 60.00 60.1800 6.6 -0.184 -0.089
598.866 60.00 60.1600 7.3 -0.159 -0.008
598.917 60.00 60.1800 6.7 -0.180 -0.077
598.966 60.00 60.2100 5.9 -0.212 -0.180
599.016 60.00 60.1800 6.8 -0.178 -0.071
599.065 60.00 60.1700 7.0 -0.170 -0.044
599.115 60.00 60.1800 6.7 -0.178 -0.072
599.165 60.00 60.1900 6.5 -0.188 -0.107
599.215 60.00 60.1900 6.5 -0.186 -0.100
599.265 60.00 60.1700 6.9 -0.170 -0.047
599.315 60.00 60.1700 6.9 -0.172 -0.054
599.365 60.00 60.1600 7.2 -0.161 -0.021
599.413 60.00 60.1800 6.6 -0.182 -0.090
599.464 60.00 60.1600 7.1 -0.163 -0.029
599.514 60.00 60.1600 7.2 -0.157 -0.010
599.563 60.00 60.1600 7.1 -0.161 -0.024
599.613 60.00 60.2000 6.0 -0.203 -0.161
599.663 60.00 60.1600 7.2 -0.159 -0.018
599.714 60.00 60.1600 7.2 -0.157 -0.012
599.763 60.00 60.1400 7.7 -0.140 0.041
599.812 60.00 60.1700 6.7 -0.176 -0.076
599.862 60.00 60.1900 6.2 -0.193 -0.131
599.911 60.00 60.1900 6.4 -0.186 -0.111
599.962 60.00 60.1300 7.9 -0.130 0.072
600.012 60.00 60.1800 6.6 -0.178 -0.085
600.061 60.00 60.1500 7.2 -0.155 -0.011
600.111 60.00 60.1500 7.3 -0.153 -0.005
600.160 60.00 60.1900 6.2 -0.193 -0.135
600.212 60.00 60.1500 7.2 -0.155 -0.014
600.262 60.00 60.1700 6.7 -0.174 -0.075
600.311 60.00 60.1900 6.2 -0.193 -0.137
600.360 60.00 60.1700 6.7 -0.174 -0.076
600.409 60.00 60.1900 6.1 -0.195 -0.145
600.460 60.00 60.1700 6.9 -0.167 -0.057
600.510 60.00 60.1300 7.8 -0.132 0.058
600.559 60.00 60.1600 7.0 -0.163 -0.045
600.609 60.00 60.1900 6.2 -0.191 -0.135
600.658 60.00 60.1800 6.4 -0.184 -0.115
600.709 60.00 60.1800 6.4 -0.184 -0.115
600.759 60.00 60.1800 6.5 -0.178 -0.095
600.810 60.00 60.2000 5.8 -0.205 -0.184
600.859 60.00 60.1600 7.0 -0.161 -0.041
600.907 60.00 60.1500 7.4 -0.147 0.005
600.958 60.00 60.1600 6.9 -0.163 -0.050
601.008 60.00 60.1600 7.0 -0.161 -0.043
601.058 60.00 60.1800 6.4 -0.182 -0.112
601.107 60.00 60.1800 6.3 -0.184 -0.120
601.156 60.00 60.0900 8.8 -0.090 0.186
601.207 60.00 60.1700 6.7 -0.172 -0.081
601.257 60.00 60.1600 7.0 -0.159 -0.040
601.308 60.00 60.1500 7.2 -0.151 -0.014
601.357 60.00 60.1600 6.9 -0.161 -0.049
601.406 60.00 60.1600 7.0 -0.157 -0.036
601.456 60.00 60.1200 8.1 -0.117 0.092
601.506 60.00 60.1500 7.2 -0.151 -0.017
601.556 60.00 60.1600 6.8 -0.163 -0.059
601.605 60.00 60.1500 7.0 -0.155 -0.033
601.656 60.00 60.1700 6.7 -0.170 -0.081
601.704 60.00 60.1500 7.2 -0.149 -0.014
601.755 60.00 60.1600 7.0 -0.157 -0.042
601.805 60.00 60.1400 7.4 -0.142 0.005
601.854 60.00 60.1500 7.1 -0.153 -0.029
601.904 60.00 60.1300 7.7 -0.130 0.044
601.953 60.00 60.0800 8.9 -0.082 0.200
602.004 60.00 60.1500 7.0 -0.153 -0.033
602.054 60.00 60.1400 7.3 -0.142 0.000
602.103 60.00 60.1500 7.1 -0.149 -0.022
602.154 60.00 60.1600 6.9 -0.157 -0.049
602.203 60.00 60.1500 7.1 -0.151 -0.029
602.254 60.00 60.1200 8.0 -0.117 0.078
602.303 60.00 60.1400 7.2 -0.145 -0.012
602.352 60.00 60.1600 6.8 -0.159 -0.060
602.402 60.00 60.1500 7.2 -0.147 -0.020
602.451 60.00 60.1100 8.2 -0.107 0.109
602.502 60.00 60.1400 7.2 -0.145 -0.015
602.552 60.00 60.1500 7.1 -0.147 -0.023
602.601 60.00 60.1700 6.5 -0.172 -0.105
602.651 60.00 60.1300 7.5 -0.132 0.024
602.700 60.00 60.1300 7.4 -0.136 0.010
602.752 60.00 60.1200 7.8 -0.119 0.063
602.802 60.00 60.1400 7.2 -0.145 -0.020
602.851 60.00 60.1400 7.3 -0.138 -0.000
602.900 60.00 60.1300 7.4 -0.136 0.006
602.949 60.00 60.1400 7.3 -0.138 -0.002
603.000 60.00 60.1600 6.8 -0.157 -0.064
603.050 60.00 60.1300 7.6 -0.128 0.031
603.100 60.00 60.1600 6.8 -0.157 -0.065
603.149 60.00 60.1300 7.5 -0.132 0.015
603.198 60.00 60.1200 7.6 -0.126 0.035
603.249 60.00 60.1200 7.8 -0.119 0.054
603.300 60.00 60.1300 7.5 -0.130 0.019
603.350 60.00 60.1100 7.9 -0.115 0.066
603.398 60.00 60.1300 7.5 -0.128 0.024
603.448 60.00 60.1200 7.7 -0.119 0.050
603.498 60.00 60.1200 7.5 -0.126 0.028
603.548 60.00 60.1500 6.9 -0.151 -0.053
603.598 60.00 60.1300 7.4 -0.132 0.007
603.648 60.00 60.1200 7.7 -0.119 0.047
603.697 60.00 60.1300 7.2 -0.136 -0.008
603.746 60.00 60.1400 7.1 -0.140 -0.023
603.797 60.00 60.1300 7.3 -0.132 0.003
603.847 60.00 60.1100 8.0 -0.107 0.084
603.896 60.00 60.1300 7.4 -0.130 0.008
603.946 60.00 60.1300 7.3 -0.132 0.000
603.995 60.00 60.1200 7.7 -0.119 0.040
604.046 60.00 60.1300 7.2 -0.134 -0.008
604.096 60.00 60.1300 7.4 -0.130 0.005
604.145 60.00 60.1400 7.1 -0.138 -0.024
604.196 60.00 60.1500 6.8 -0.149 -0.058
604.245 60.00 60.1200 7.5 -0.124 0.023
604.295 60.00 60.1100 7.7 -0.115 0.049
604.345 60.00 60.1200 7.4 -0.126 0.014
604.394 60.00 60.1300 7.4 -0.128 0.007
604.444 60.00 60.1200 7.5 -0.124 0.019
604.493 60.00 60.1400 7.1 -0.138 -0.029
604.544 60.00 60.1300 7.1 -0.136 -0.023
604.594 60.00 60.1300 7.3 -0.130 -0.003
604.643 60.00 60.1300 7.2 -0.132 -0.011
604.694 60.00 60.1200 7.4 -0.126 0.008
604.743 60.00 60.1300 7.3 -0.130 -0.006
604.794 60.00 60.1200 7.4 -0.126 0.007
604.843 60.00 60.1300 7.2 -0.134 -0.021
604.892 60.00 60.1300 7.2 -0.132 -0.015
604.942 60.00 60.1100 7.8 -0.111 0.052
604.991 60.00 60.1200 7.4 -0.124 0.010
605.042 60.00 60.1200 7.5 -0.122 0.016
605.092 60.00 60.1200 7.6 -0.117 0.029
605.141 60.00 60.1200 7.5 -0.119 0.021
605.191 60.00 60.1300 7.0 -0.136 -0.033
605.241 60.00 60.1100 7.6 -0.115 0.034
605.292 60.00 60.1200 7.4 -0.124 0.005
605.341 60.00 60.1000 7.9 -0.103 0.073
605.391 60.00 60.1100 7.6 -0.113 0.038
605.440 60.00 60.1000 8.1 -0.096 0.091
605.490 60.00 60.1300 7.0 -0.136 -0.039
605.540 60.00 60.1300 7.2 -0.130 -0.020
605.590 60.00 60.1300 7.2 -0.128 -0.013
605.640 60.00 60.1100 7.6 -0.113 0.034
605.689 60.00 60.1100 7.8 -0.107 0.053
605.739 60.00 60.1200 7.5 -0.117 0.017
605.788 60.00 60.1100 7.7 -0.109 0.045
605.839 60.00 60.0900 8.1 -0.092 0.098
605.889 60.00 60.0800 8.4 -0.080 0.138
605.938 60.00 60.1100 7.5 -0.113 0.027
605.988 60.00 60.1200 7.3 -0.122 -0.001
606.037 60.00 60.1100 7.6 -0.111 0.032
606.089 60.00 60.1100 7.6 -0.111 0.031
606.139 60.00 60.1200 7.3 -0.122 -0.004
606.187 60.00 60.1100 7.5 -0.115 0.016
606.237 60.00 60.1000 7.8 -0.103 0.056
606.286 60.00 60.1100 7.6 -0.109 0.035
606.337 60.00 60.0800 8.4 -0.080 0.129
606.387 60.00 60.1300 7.1 -0.128 -0.028
606.436 60.00 60.1100 7.4 -0.115 0.012
606.486 60.00 60.1100 7.5 -0.113 0.018
606.535 60.00 60.1200 7.2 -0.122 -0.011
606.586 60.00 59.9900 10.7 0.008 0.411
606.637 60.00 60.1100 7.4 -0.113 0.014
606.686 60.00 60.1100 7.5 -0.109 0.027
606.735 60.00 60.1200 7.1 -0.126 -0.029
606.784 60.00 60.1200 7.2 -0.119 -0.009
606.835 60.00 60.1100 7.4 -0.115 0.004
606.885 60.00 60.1200 7.2 -0.119 -0.011
606.934 60.00 60.0800 8.1 -0.086 0.098
606.984 60.00 60.1000 7.8 -0.096 0.063
607.033 60.00 60.1000 7.6 -0.105 0.034
607.084 60.00 60.1100 7.3 -0.115 -0.001
607.134 60.00 60.1000 7.7 -0.100 0.047
607.185 60.00 60.1000 7.6 -0.105 0.032
607.234 60.00 60.0900 7.9 -0.092 0.072
607.282 60.00 60.0900 8.0 -0.090 0.077
607.333 60.00 60.0800 8.2 -0.080 0.111
607.383 60.00 60.1100 7.5 -0.107 0.021
607.433 60.00 60.1000 7.5 -0.105 0.027
607.482 60.00 60.0800 8.0 -0.086 0.087
607.531 60.00 60.0600 8.6 -0.065 0.154
607.582 60.00 60.1000 7.5 -0.105 0.024
607.632 60.00 60.0900 7.8 -0.092 0.064
607.682 60.00 60.0800 8.2 -0.078 0.110
607.731 60.00 60.0800 8.1 -0.084 0.089
607.781 60.00 60.1000 7.6 -0.100 0.034
607.831 60.00 60.0800 8.0 -0.084 0.087
607.881 60.00 60.1000 7.5 -0.103 0.024
607.931 60.00 60.1000 7.6 -0.100 0.031
607.980 60.00 60.0800 8.0 -0.084 0.084
608.031 60.00 60.0900 7.8 -0.090 0.063
608.080 60.00 60.0900 7.8 -0.090 0.062
608.131 60.00 60.1100 7.4 -0.107 0.007
608.180 60.00 60.0900 7.8 -0.092 0.054
608.229 60.00 60.0900 7.8 -0.092 0.053
608.279 60.00 60.1100 7.3 -0.109 -0.003
608.328 60.00 60.0700 8.2 -0.076 0.105
608.379 60.00 60.0900 7.7 -0.094 0.043
608.429 60.00 60.0800 8.0 -0.082 0.083
608.478 60.00 60.0600 8.6 -0.061 0.150
608.528 60.00 60.0900 7.7 -0.092 0.047
608.577 60.00 60.0900 7.8 -0.090 0.052
608.629 60.00 60.1000 7.4 -0.105 0.004
608.679 60.00 60.0900 7.7 -0.092 0.044
608.727 60.00 60.0700 8.2 -0.073 0.105
608.777 60.00 60.0700 8.3 -0.069 0.117
608.826 60.00 60.0800 7.8 -0.086 0.061
608.877 60.00 60.1100 7.1 -0.113 -0.028
608.927 60.00 60.0800 7.9 -0.082 0.074
608.976 60.00 60.0800 7.9 -0.082 0.073
609.026 60.00 60.0900 7.7 -0.090 0.044
609.075 60.00 60.0700 8.1 -0.076 0.091
609.127 60.00 60.0900 7.7 -0.088 0.049
609.177 60.00 60.0900 7.6 -0.092 0.035
609.226 60.00 60.0400 8.8 -0.046 0.183
609.275 60.00 60.0900 7.7 -0.088 0.046
609.324 60.00 60.0500 8.7 -0.050 0.168
609.375 60.00 60.0800 8.0 -0.078 0.078
609.425 60.00 60.0800 7.9 -0.080 0.070
609.475 60.00 60.0800 7.7 -0.086 0.049
609.524 60.00 60.0800 7.9 -0.080 0.069
609.573 60.00 60.0700 8.2 -0.067 0.108
609.624 60.00 60.0800 7.9 -0.078 0.073
609.674 60.00 60.0700 8.1 -0.071 0.093
609.724 60.00 59.9800 10.4 0.017 0.378
609.773 60.00 60.0700 8.0 -0.076 0.076
609.823 60.00 60.0600 8.4 -0.059 0.129
609.873 60.00 60.0700 8.1 -0.069 0.094
609.923 60.00 60.0700 8.2 -0.067 0.100
609.974 60.00 60.0800 7.9 -0.078 0.064
610.023 60.00 60.0700 8.0 -0.073 0.078
610.072 60.00 60.0800 7.6 -0.086 0.036
610.121 60.00 60.0600 8.3 -0.059 0.123
610.172 60.00 60.0700 8.1 -0.069 0.088
610.222 60.00 60.0600 8.3 -0.061 0.114
610.271 60.00 60.0500 8.5 -0.050 0.148
610.321 60.00 60.0600 8.3 -0.059 0.119
610.370 60.00 60.0700 7.9 -0.073 0.071
610.421 60.00 60.0600 8.1 -0.065 0.096
610.471 60.00 60.0000 9.8 0.000 0.307
610.521 60.00 60.0700 7.9 -0.073 0.067
610.571 60.00 60.0600 8.3 -0.057 0.120
610.619 60.00 60.0900 7.5 -0.088 0.017
610.670 60.00 60.0700 7.8 -0.076 0.057
610.720 60.00 60.0800 7.6 -0.084 0.029
610.769 60.00 60.0500 8.3 -0.055 0.123
610.819 60.00 60.0600 8.2 -0.061 0.102
610.868 60.00 60.0800 7.6 -0.082 0.033
610.919 60.00 60.0600 8.0 -0.065 0.086
610.969 60.00 60.0400 8.7 -0.040 0.167
611.018 60.00 60.0700 7.8 -0.076 0.050
611.068 60.00 60.0500 8.3 -0.052 0.125
611.118 60.00 60.0600 8.2 -0.057 0.110
611.169 60.00 60.0500 8.4 -0.050 0.129
611.218 60.00 60.0600 8.1 -0.063 0.087
611.267 60.00 60.0600 8.2 -0.057 0.107
611.317 60.00 60.0500 8.3 -0.055 0.112
611.366 60.00 60.0400 8.5 -0.046 0.138
611.417 60.00 60.0500 8.3 -0.052 0.117
611.467 60.00 60.0400 8.4 -0.046 0.136
611.516 60.00 60.0500 8.3 -0.050 0.122
611.566 60.00 60.0800 7.6 -0.078 0.032
611.615 60.00 60.0700 7.8 -0.069 0.059
611.666 60.00 60.0500 8.2 -0.055 0.105
611.716 60.00 60.0700 7.9 -0.067 0.064
611.766 60.00 60.0300 8.7 -0.035 0.165
611.815 60.00 60.0600 8.0 -0.063 0.075
611.865 60.00 60.0700 7.8 -0.069 0.054
611.915 60.00 60.0500 8.2 -0.052 0.108
611.965 60.00 60.0800 7.5 -0.078 0.025
612.016 60.00 60.0600 7.9 -0.065 0.065
612.065 60.00 60.0700 7.8 -0.067 0.058
612.115 60.00 60.0600 8.1 -0.057 0.091
612.163 60.00 60.0100 9.2 -0.015 0.226
612.214 60.00 60.0500 8.2 -0.050 0.109
612.264 60.00 60.0500 8.1 -0.055 0.094
612.313 60.00 60.0400 8.6 -0.038 0.148
612.363 60.00 60.0500 8.2 -0.050 0.106
612.412 60.00 60.0300 8.8 -0.027 0.180
612.463 60.00 60.0500 8.1 -0.055 0.090
612.513 60.00 60.0600 7.8 -0.063 0.062
612.562 60.00 60.0700 7.7 -0.067 0.047
612.613 60.00 60.0800 7.4 -0.078 0.012
612.662 60.00 60.0600 7.9 -0.061 0.066
612.713 60.00 60.0700 7.5 -0.073 0.025
612.763 60.00 60.0400 8.3 -0.046 0.112
612.812 60.00 60.0300 8.7 -0.029 0.166
612.861 60.00 60.0600 8.0 -0.057 0.076
612.910 60.00 59.9800 10.1 0.023 0.335
612.961 60.00 60.0600 7.8 -0.061 0.060
613.011 60.00 60.0200 8.9 -0.019 0.195
613.060 60.00 60.0600 7.8 -0.063 0.051
613.110 60.00 60.0600 7.8 -0.063 0.051
613.159 60.00 60.0600 7.9 -0.059 0.063
613.210 60.00 60.0600 7.9 -0.057 0.069
613.260 60.00 60.0800 7.3 -0.078 0.000
613.310 60.00 60.0300 8.6 -0.029 0.157
613.359 60.00 60.0600 7.7 -0.065 0.039
613.408 60.00 60.0400 8.3 -0.040 0.121
613.459 60.00 60.0600 7.9 -0.057 0.065
613.509 60.00 60.0500 8.0 -0.050 0.085
613.558 60.00 60.0400 8.3 -0.042 0.112
613.608 60.00 60.0700 7.6 -0.067 0.029
613.657 60.00 60.0500 8.0 -0.050 0.083
613.708 60.00 60.0400 8.3 -0.038 0.123
613.758 60.00 60.0400 8.1 -0.046 0.094
613.808 60.00 60.0600 7.7 -0.061 0.046
613.857 60.00 60.0700 7.5 -0.067 0.025
613.906 60.00 60.0500 8.1 -0.048 0.085
613.957 60.00 60.0300 8.4 -0.035 0.126
614.007 60.00 60.0400 8.1 -0.044 0.097
614.057 60.00 60.0400 8.2 -0.042 0.103
614.107 60.00 60.0300 8.5 -0.029 0.143
614.156 60.00 60.0200 8.8 -0.017 0.183
614.207 60.00 60.0400 8.2 -0.040 0.107
614.256 60.00 59.9600 10.3 0.040 0.364
614.306 60.00 60.0400 8.2 -0.038 0.111
614.355 60.00 60.0300 8.3 -0.035 0.117
614.405 60.00 60.0400 8.1 -0.044 0.088
614.454 60.00 59.9300 11.1 0.071 0.462
614.505 60.00 60.1100 6.2 -0.115 -0.146
614.555 60.00 60.0500 7.8 -0.052 0.058
614.604 60.00 60.0400 8.2 -0.040 0.098
614.655 60.00 60.0500 7.9 -0.050 0.063
614.704 60.00 60.0600 7.6 -0.061 0.028
614.754 60.00 60.0400 8.1 -0.042 0.090
614.804 60.00 60.0700 7.3 -0.069 -0.000
614.853 60.00 60.0600 7.6 -0.059 0.033
614.903 60.00 60.1500 5.2 -0.149 -0.260
614.952 60.00 60.0500 7.8 -0.052 0.054
615.003 60.00 60.0600 7.5 -0.063 0.019
615.053 60.00 60.0400 8.1 -0.042 0.087
615.102 60.00 60.0400 7.9 -0.046 0.072
615.152 60.00 60.0500 7.8 -0.052 0.051
615.201 60.00 60.0600 7.7 -0.057 0.037
615.253 60.00 60.0400 8.2 -0.038 0.098
615.302 60.00 60.0400 8.0 -0.042 0.084
615.351 60.00 60.0500 7.8 -0.052 0.048
615.401 60.00 60.0500 7.8 -0.048 0.061
615.450 60.00 60.0300 8.3 -0.031 0.115
615.501 60.00 60.0400 8.0 -0.044 0.073
615.551 60.00 60.0400 8.0 -0.042 0.080
615.600 60.00 60.0600 7.6 -0.057 0.031
615.650 60.00 60.0300 8.2 -0.034 0.105
615.699 60.00 60.0300 8.3 -0.031 0.112
615.750 60.00 60.0400 8.1 -0.038 0.090
615.800 60.00 60.0200 8.4 -0.025 0.130
615.850 60.00 60.0400 8.1 -0.038 0.088
615.899 60.00 60.0600 7.5 -0.061 0.012
615.948 60.00 60.0500 7.8 -0.048 0.053
615.999 60.00 60.0300 8.2 -0.031 0.107
616.049 60.00 60.0800 7.0 -0.078 -0.044
616.100 60.00 60.0400 7.9 -0.044 0.065
616.149 60.00 60.0200 8.4 -0.025 0.125
616.198 60.00 60.0400 7.9 -0.042 0.070
616.248 60.00 60.0300 8.1 -0.034 0.097
616.298 60.00 60.0300 8.2 -0.031 0.103
616.348 60.00 60.0300 8.1 -0.035 0.089
616.397 60.00 60.0700 7.1 -0.073 -0.035
616.447 60.00 60.0200 8.5 -0.021 0.135
616.496 60.00 60.0200 8.6 -0.017 0.148
616.547 60.00 60.0300 8.2 -0.031 0.099
616.598 60.00 60.0300 8.1 -0.035 0.085
616.647 60.00 60.0300 8.2 -0.031 0.097
616.697 60.00 60.0500 7.6 -0.052 0.028
616.746 60.00 60.0400 7.8 -0.046 0.048
616.796 60.00 60.0000 9.0 0.002 0.204
616.846 60.00 59.9800 9.3 0.015 0.244
616.895 60.00 59.9900 9.3 0.013 0.236
616.945 60.00 60.0400 7.8 -0.044 0.050
616.994 60.00 60.0600 7.4 -0.057 0.009
617.045 60.00 60.0600 7.4 -0.057 0.008
617.095 60.00 60.0300 8.0 -0.034 0.083
617.145 60.00 60.0500 7.5 -0.052 0.021
617.195 60.00 60.0400 7.9 -0.038 0.068
617.243 60.00 60.0400 7.7 -0.044 0.047
617.294 60.00 60.0400 7.8 -0.042 0.054
617.344 60.00 60.0400 7.8 -0.040 0.059
617.393 60.00 60.0000 8.9 0.002 0.195
617.443 60.00 60.0500 7.5 -0.050 0.024
617.492 60.00 60.0200 8.2 -0.025 0.105
617.543 60.00 60.0000 8.7 -0.006 0.166
617.593 60.00 60.0300 8.0 -0.031 0.083
617.642 60.00 60.0200 8.4 -0.019 0.123
617.692 60.00 60.0200 8.4 -0.019 0.122
617.741 60.00 60.0300 8.0 -0.034 0.073
617.792 60.00 60.0100 8.4 -0.015 0.134
617.842 60.00 60.0400 7.6 -0.046 0.031
617.891 60.00 60.0400 7.7 -0.044 0.037
617.941 60.00 60.0200 8.3 -0.021 0.112
617.990 60.00 60.0400 7.8 -0.038 0.056
618.041 60.00 60.0400 7.7 -0.044 0.035
618.092 60.00 60.0300 7.9 -0.034 0.069
618.142 60.00 60.0300 7.9 -0.035 0.062
618.190 60.00 60.0400 7.7 -0.042 0.041
618.240 60.00 60.0200 8.2 -0.023 0.101
618.290 60.00 60.0400 7.8 -0.038 0.053
618.340 60.00 60.0300 7.8 -0.035 0.059
618.390 60.00 60.0500 7.5 -0.050 0.011
618.439 60.00 60.0200 8.1 -0.025 0.092
618.489 60.00 60.0300 7.9 -0.034 0.064
618.538 60.00 60.0400 7.6 -0.044 0.029
618.590 60.00 60.0700 7.0 -0.067 -0.046
618.640 60.00 60.0400 7.7 -0.040 0.042
618.689 60.00 60.0100 8.4 -0.013 0.130
618.739 60.00 60.0400 7.8 -0.038 0.048
618.787 60.00 60.0100 8.4 -0.015 0.122
618.838 60.00 60.0300 8.0 -0.027 0.081
618.888 60.00 60.0400 7.5 -0.046 0.018
618.937 60.00 60.0300 7.9 -0.031 0.066
618.987 60.00 60.0500 7.5 -0.048 0.011
619.036 60.00 60.0200 8.1 -0.023 0.092
619.087 60.00 60.0300 7.8 -0.034 0.057
619.137 60.00 60.0600 7.2 -0.057 -0.018
619.186 60.00 60.0500 7.4 -0.050 0.002
619.237 60.00 60.0000 8.6 -0.004 0.151
619.286 60.00 60.0300 8.0 -0.027 0.076
619.337 60.00 60.0100 8.3 -0.015 0.115
619.386 60.00 60.0000 8.6 -0.002 0.156
619.435 60.00 60.0300 8.0 -0.027 0.073
619.485 60.00 60.0300 7.7 -0.035 0.046
619.534 60.00 60.0200 8.1 -0.021 0.093
619.586 60.00 60.0500 7.4 -0.048 0.003
619.635 60.00 60.0400 7.6 -0.042 0.024
619.684 60.00 60.0600 7.2 -0.057 -0.025
619.734 60.00 60.0500 7.3 -0.050 -0.005
619.783 60.00 60.0300 7.8 -0.034 0.050
619.834 60.00 60.0400 7.7 -0.038 0.035
619.884 60.00 60.0400 7.7 -0.038 0.035
619.933 60.00 60.0200 8.0 -0.025 0.075
619.983 60.00 60.0300 7.9 -0.029 0.061
620.032 60.00 60.0300 7.9 -0.029 0.061
620.084 60.00 60.0200 8.2 -0.017 0.101
620.134 60.00 60.0300 7.7 -0.034 0.046
620.183 60.00 60.0500 7.3 -0.050 -0.009
620.232 60.00 60.0300 7.9 -0.027 0.066
620.281 60.00 60.0300 7.8 -0.031 0.051
620.332 60.00 60.0600 7.1 -0.057 -0.031
620.382 60.00 60.0300 7.7 -0.035 0.037
620.432 60.00 60.0100 8.2 -0.015 0.104
620.481 60.00 60.0400 7.6 -0.038 0.029
620.531 60.00 60.0200 8.1 -0.021 0.083
620.581 60.00 60.0200 7.9 -0.025 0.069
620.632 60.00 60.0300 7.8 -0.029 0.055
620.682 60.00 60.0400 7.5 -0.040 0.020
620.731 60.00 60.0300 7.8 -0.029 0.054
620.781 60.00 60.0300 7.6 -0.035 0.033
620.829 60.00 60.0500 7.2 -0.052 -0.022
620.880 60.00 60.0400 7.3 -0.046 -0.002
620.930 60.00 60.0600 6.9 -0.063 -0.057
620.979 60.00 60.0200 7.9 -0.025 0.066
621.029 60.00 60.0400 7.5 -0.042 0.011
621.078 60.00 60.0200 8.0 -0.023 0.072
621.129 60.00 60.0400 7.3 -0.046 -0.004
621.179 60.00 60.0300 7.6 -0.035 0.030
621.229 60.00 60.0300 7.8 -0.027 0.057
621.278 60.00 60.0300 7.7 -0.031 0.043
621.327 60.00 60.0300 7.7 -0.031 0.042
621.378 60.00 60.0300 7.7 -0.034 0.035
621.428 60.00 60.0500 7.2 -0.052 -0.027
621.477 60.00 60.0000 8.5 -0.002 0.136
621.527 60.00 60.0600 6.9 -0.063 -0.062
621.576 60.00 60.0500 7.2 -0.050 -0.021
621.627 60.00 60.0300 7.8 -0.027 0.054
621.677 60.00 60.0300 7.8 -0.027 0.053
621.726 60.00 60.0300 7.6 -0.034 0.032
621.776 60.00 60.0100 8.2 -0.013 0.100
621.825 60.00 60.0400 7.5 -0.040 0.011
621.876 60.00 60.0200 8.1 -0.017 0.085
621.926 60.00 60.0200 7.9 -0.023 0.064
621.975 60.00 60.0200 7.9 -0.023 0.064
622.025 60.00 60.0200 7.9 -0.023 0.063
622.075 60.00 60.0200 8.0 -0.019 0.076
622.126 60.00 60.0400 7.3 -0.046 -0.013
622.175 60.00 60.0400 7.3 -0.044 -0.007
622.225 60.00 60.0500 7.2 -0.048 -0.020
622.274 60.00 60.0000 8.5 0.000 0.136
622.323 60.00 60.0200 7.8 -0.025 0.054
622.374 60.00 60.0400 7.5 -0.038 0.012
622.424 60.00 60.0300 7.8 -0.027 0.046
622.474 60.00 60.0600 6.8 -0.063 -0.070
622.523 60.00 60.0400 7.5 -0.038 0.012
622.573 60.00 60.0500 7.1 -0.052 -0.036
622.624 60.00 60.0300 7.6 -0.031 0.032
622.674 60.00 60.0100 8.2 -0.010 0.100
622.723 60.00 60.0400 7.3 -0.044 -0.010
622.772 60.00 60.0300 7.7 -0.027 0.044
622.822 60.00 60.0400 7.5 -0.038 0.009
622.871 60.00 60.0500 7.1 -0.050 -0.032
622.922 60.00 60.0600 6.8 -0.061 -0.066
622.972 60.00 60.0400 7.4 -0.038 0.009
623.021 60.00 60.0300 7.6 -0.031 0.029
623.071 60.00 60.0900 6.0 -0.090 -0.162
623.120 60.00 60.0400 7.4 -0.040 0.002
623.172 60.00 60.0300 7.5 -0.035 0.016
623.222 60.00 60.0500 7.0 -0.055 -0.046
623.271 60.00 60.0100 8.1 -0.015 0.083
623.320 60.00 60.1100 5.5 -0.111 -0.231
623.369 60.00 60.0300 7.5 -0.034 0.022
623.420 60.00 60.0400 7.3 -0.044 -0.013
623.470 60.00 60.0600 6.7 -0.065 -0.081
623.519 60.00 60.0700 6.7 -0.067 -0.087
623.570 60.00 60.0400 7.4 -0.038 0.008
623.619 60.00 60.0500 7.0 -0.055 -0.047
623.670 60.00 60.0500 7.2 -0.048 -0.026
623.719 60.00 60.0300 7.6 -0.031 0.028
623.768 60.00 60.0500 7.1 -0.050 -0.034
623.818 60.00 60.0300 7.5 -0.034 0.021
623.867 60.00 60.0500 7.0 -0.052 -0.041
623.918 60.00 60.0400 7.2 -0.044 -0.014
623.968 60.00 60.0700 6.5 -0.073 -0.109
624.017 60.00 60.0200 7.8 -0.023 0.054
624.067 60.00 60.0300 7.7 -0.027 0.041
624.116 60.00 60.0300 7.5 -0.035 0.013
624.167 60.00 60.0400 7.3 -0.042 -0.008
624.218 60.00 60.0300 7.5 -0.034 0.019
624.267 60.00 60.0200 7.9 -0.021 0.060
624.316 60.00 60.0400 7.3 -0.040 -0.002
624.365 60.00 60.0400 7.4 -0.038 0.004
624.416 60.00 60.0500 7.0 -0.055 -0.051
624.466 60.00 60.0600 6.9 -0.057 -0.057
624.516 60.00 60.0300 7.6 -0.029 0.031
624.565 60.00 60.0300 7.7 -0.027 0.038
624.615 60.00 59.9800 8.8 0.017 0.180
624.665 60.00 60.0300 7.5 -0.035 0.009
624.715 60.00 60.0600 6.8 -0.059 -0.066
624.766 60.00 60.0500 7.0 -0.052 -0.046
624.815 60.00 60.0600 6.7 -0.065 -0.087
624.864 60.00 60.0200 7.9 -0.019 0.063
624.913 60.00 60.0700 6.4 -0.076 -0.121
624.964 60.00 60.0300 7.7 -0.027 0.036
625.014 60.00 60.0400 7.4 -0.038 0.001
625.063 60.00 60.0500 7.0 -0.052 -0.046
625.113 60.00 60.0400 7.2 -0.044 -0.020
625.162 60.00 60.0300 7.4 -0.035 0.008
625.213 60.00 60.0500 7.0 -0.052 -0.047
625.263 60.00 60.0300 7.5 -0.031 0.021
625.313 60.00 60.0400 7.3 -0.042 -0.013
625.363 60.00 60.0500 7.1 -0.048 -0.034
625.411 60.00 60.0600 6.9 -0.057 -0.061
625.462 60.00 60.0500 6.9 -0.055 -0.054
625.512 60.00 60.0800 6.3 -0.080 -0.136
625.562 60.00 60.0600 6.8 -0.059 -0.068
625.612 60.00 60.0500 7.1 -0.048 -0.033
625.661 60.00 60.0400 7.2 -0.044 -0.020
625.712 60.00 60.0300 7.5 -0.034 0.014
625.762 60.00 60.0300 7.7 -0.027 0.034
625.810 60.00 60.0500 7.1 -0.048 -0.034
625.860 60.00 60.0500 7.0 -0.050 -0.041
625.909 60.00 60.0400 7.4 -0.038 -0.001
625.960 60.00 60.0600 6.9 -0.057 -0.062
626.010 60.00 60.0400 7.1 -0.046 -0.028
626.059 60.00 60.0700 6.5 -0.071 -0.110
626.109 60.00 60.0500 7.1 -0.048 -0.035
626.158 60.00 60.0400 7.1 -0.046 -0.028
626.210 60.00 60.0500 7.0 -0.050 -0.042
626.260 60.00 60.0300 7.6 -0.029 0.027
626.308 60.00 60.0800 6.1 -0.084 -0.151
626.358 60.00 60.0500 7.1 -0.048 -0.035
626.407 60.00 60.0700 6.5 -0.071 -0.110
626.458 60.00 60.0600 6.8 -0.061 -0.076
626.508 60.00 60.0400 7.1 -0.046 -0.028
626.558 60.00 60.0700 6.5 -0.071 -0.110
626.607 60.00 60.0300 7.6 -0.027 0.034
626.656 60.00 60.0600 6.8 -0.059 -0.069
626.707 60.00 60.0600 6.8 -0.059 -0.069
626.757 60.00 60.0600 6.8 -0.061 -0.076
626.808 60.00 60.0200 7.7 -0.025 0.040
626.857 60.00 60.0500 7.1 -0.048 -0.035
626.906 60.00 60.0600 6.8 -0.059 -0.069
626.956 60.00 60.0600 6.6 -0.065 -0.090
627.006 60.00 60.0200 7.8 -0.023 0.047
627.056 60.00 60.0500 7.1 -0.048 -0.035
627.105 60.00 60.0500 6.9 -0.055 -0.056
627.155 60.00 60.0800 6.2 -0.080 -0.137
627.204 60.00 60.0500 7.0 -0.050 -0.042
627.255 60.00 60.0400 7.4 -0.038 -0.001
627.305 60.00 60.0800 6.2 -0.082 -0.144
627.355 60.00 60.0400 7.1 -0.046 -0.028
627.405 60.00 60.0600 6.8 -0.059 -0.069
627.454 60.00 60.0500 7.0 -0.052 -0.049
627.504 60.00 60.0600 6.8 -0.057 -0.062
627.555 60.00 60.0700 6.5 -0.071 -0.110
627.603 60.00 60.0500 6.9 -0.055 -0.055
627.654 60.00 60.0500 7.0 -0.052 -0.048
627.702 60.00 60.0500 7.0 -0.050 -0.042
627.754 60.00 60.0400 7.1 -0.046 -0.028
627.804 60.00 60.0600 6.7 -0.061 -0.076
627.853 60.00 60.0600 6.6 -0.065 -0.090
627.902 60.00 60.0500 7.0 -0.052 -0.048
627.951 60.00 60.0600 6.7 -0.063 -0.082
628.002 60.00 60.0600 6.8 -0.059 -0.069
628.052 60.00 60.0300 7.5 -0.031 0.020
628.101 60.00 60.0400 7.4 -0.038 -0.001
628.151 60.00 60.0800 6.2 -0.082 -0.144
628.200 60.00 60.0600 6.8 -0.057 -0.062
628.251 60.00 60.0400 7.2 -0.044 -0.021
628.302 60.00 60.0500 7.0 -0.052 -0.048
628.351 60.00 60.0300 7.5 -0.034 0.013
628.400 60.00 60.0700 6.5 -0.071 -0.110
628.449 60.00 60.0700 6.6 -0.067 -0.096
628.500 60.00 60.0600 6.8 -0.059 -0.069
628.550 60.00 60.0500 7.1 -0.048 -0.035
628.600 60.00 60.0600 6.7 -0.063 -0.082
628.649 60.00 60.0600 6.7 -0.063 -0.082
628.698 60.00 60.0400 7.1 -0.046 -0.028
628.749 60.00 60.0800 6.2 -0.082 -0.143
628.799 60.00 60.0500 7.1 -0.048 -0.034
628.849 60.00 60.0700 6.3 -0.076 -0.123
628.899 60.00 60.0600 6.8 -0.061 -0.075
628.948 60.00 60.0600 6.8 -0.059 -0.068
628.998 60.00 60.0600 6.7 -0.063 -0.081
629.048 60.00 60.0500 7.0 -0.050 -0.040
629.098 60.00 60.0000 8.2 -0.004 0.109
629.147 60.00 60.0600 6.7 -0.063 -0.082
629.197 60.00 60.0600 6.9 -0.057 -0.062
629.246 60.00 60.0700 6.5 -0.069 -0.102
629.297 60.00 60.0600 6.6 -0.065 -0.089
629.347 60.00 60.0600 6.8 -0.061 -0.075
629.396 60.00 60.0600 6.9 -0.057 -0.061
629.446 60.00 60.0400 7.2 -0.042 -0.013
629.496 60.00 60.0400 7.2 -0.044 -0.021
629.547 60.00 60.0600 6.6 -0.065 -0.089
629.596 60.00 60.0400 7.2 -0.042 -0.013
629.645 60.00 60.0800 6.2 -0.080 -0.136
629.695 60.00 60.0500 7.0 -0.050 -0.041
629.744 60.00 60.0700 6.6 -0.067 -0.095
629.796 60.00 60.0300 7.5 -0.034 0.014
629.846 60.00 60.0800 6.3 -0.078 -0.130
629.894 60.00 60.0700 6.5 -0.071 -0.109
629.944 60.00 60.0700 6.4 -0.073 -0.115
629.993 60.00 60.1000 5.7 -0.100 -0.203
630.044 60.00 60.0700 6.5 -0.071 -0.108
630.094 60.00 60.0800 6.2 -0.082 -0.141
630.143 60.00 60.0600 6.7 -0.065 -0.087
630.193 60.00 60.0500 6.9 -0.055 -0.052
630.242 60.00 60.0700 6.6 -0.067 -0.093
630.293 60.00 60.0700 6.6 -0.067 -0.093
630.344 60.00 60.0600 6.7 -0.063 -0.079
630.393 60.00 60.0500 7.0 -0.052 -0.045
630.443 60.00 60.0300 7.4 -0.035 0.010
630.491 60.00 60.0600 6.7 -0.065 -0.087
630.542 60.00 60.0700 6.4 -0.076 -0.120
630.592 60.00 60.0700 6.4 -0.073 -0.113
630.641 60.00 60.0600 6.9 -0.057 -0.058
630.691 60.00 60.0700 6.4 -0.076 -0.120
630.740 60.00 60.0600 6.9 -0.057 -0.058
630.791 60.00 60.0700 6.6 -0.067 -0.092
630.841 60.00 60.1000 5.6 -0.105 -0.215
630.891 60.00 60.0800 6.3 -0.078 -0.126
630.940 60.00 60.0600 6.7 -0.063 -0.077
630.990 60.00 60.0500 7.1 -0.048 -0.029
631.041 60.00 60.1100 5.6 -0.107 -0.220
631.090 60.00 60.1000 5.8 -0.098 -0.192
631.140 60.00 60.0700 6.6 -0.069 -0.097
631.189 60.00 60.0500 7.0 -0.055 -0.049
631.239 60.00 60.0800 6.1 -0.086 -0.151
631.288 60.00 60.0700 6.6 -0.067 -0.089
631.339 60.00 60.0700 6.6 -0.067 -0.089
631.389 60.00 60.0800 6.2 -0.082 -0.136
631.438 60.00 60.0800 6.3 -0.078 -0.123
631.488 60.00 60.0700 6.5 -0.071 -0.102
631.538 60.00 60.0700 6.5 -0.071 -0.102
631.588 60.00 60.0600 6.8 -0.061 -0.068
631.638 60.00 60.0500 7.1 -0.050 -0.033
631.687 60.00 60.0700 6.5 -0.071 -0.102
631.737 60.00 60.0900 6.0 -0.092 -0.169
631.786 60.00 60.0700 6.5 -0.073 -0.107
631.837 60.00 60.0700 6.6 -0.067 -0.087
631.887 60.00 60.0800 6.1 -0.086 -0.148
631.936 60.00 60.0800 6.2 -0.082 -0.134
631.987 60.00 60.0800 6.2 -0.084 -0.141
632.036 60.00 60.0900 6.1 -0.088 -0.154
632.086 60.00 60.0600 6.9 -0.057 -0.052
632.136 60.00 60.0700 6.5 -0.071 -0.099
632.185 60.00 60.0700 6.5 -0.073 -0.105
632.235 60.00 60.0400 7.3 -0.044 -0.010
632.284 60.00 60.0600 6.9 -0.059 -0.058
632.335 60.00 60.0700 6.5 -0.073 -0.105
632.385 60.00 60.1000 5.7 -0.105 -0.208
632.434 60.00 60.0800 6.3 -0.080 -0.125
632.485 60.00 60.0800 6.3 -0.080 -0.125
632.534 60.00 60.0900 6.1 -0.088 -0.152
632.584 60.00 60.0400 7.4 -0.040 0.005
632.634 60.00 60.0900 6.0 -0.092 -0.165
632.683 60.00 60.0600 6.8 -0.063 -0.070
632.733 60.00 60.0800 6.3 -0.082 -0.131
632.782 60.00 60.0600 6.8 -0.061 -0.063
632.833 60.00 60.0700 6.4 -0.076 -0.110
632.883 60.00 60.0900 6.1 -0.090 -0.158
632.933 60.00 60.0900 6.0 -0.092 -0.164
632.982 60.00 60.1000 5.9 -0.096 -0.177
633.032 60.00 60.0700 6.6 -0.071 -0.095
633.083 60.00 60.0700 6.6 -0.071 -0.095
633.132 60.00 60.0900 6.0 -0.094 -0.169
633.182 60.00 60.0900 6.0 -0.092 -0.162
633.231 60.00 60.0700 6.5 -0.076 -0.108
633.281 60.00 60.0600 6.8 -0.063 -0.066
633.331 60.00 60.1100 5.5 -0.113 -0.230
633.381 60.00 60.0600 6.8 -0.063 -0.065
633.431 60.00 60.0900 6.1 -0.090 -0.154
633.480 60.00 60.0900 6.0 -0.094 -0.167
633.531 60.00 60.1000 5.9 -0.096 -0.173
633.580 60.00 60.0800 6.4 -0.078 -0.112
633.630 60.00 60.0800 6.4 -0.080 -0.118
633.680 60.00 60.0700 6.5 -0.073 -0.097
633.729 60.00 60.1100 5.4 -0.115 -0.234
633.779 60.00 60.1000 5.8 -0.103 -0.192
633.828 60.00 60.0800 6.2 -0.086 -0.137
633.880 60.00 60.0700 6.5 -0.076 -0.103
633.930 60.00 60.0800 6.4 -0.080 -0.116
633.979 60.00 60.1000 5.8 -0.103 -0.191
634.028 60.00 60.0800 6.4 -0.080 -0.115
634.077 60.00 60.0800 6.4 -0.080 -0.115
634.128 60.00 60.0800 6.4 -0.080 -0.115
634.178 60.00 59.9400 10.1 0.061 0.341
634.227 60.00 60.0700 6.5 -0.076 -0.103
634.277 60.00 60.1400 4.7 -0.142 -0.320
634.326 60.00 60.0700 6.6 -0.071 -0.088
634.377 60.00 60.0700 6.7 -0.069 -0.081
634.428 60.00 60.0900 6.1 -0.092 -0.156
634.476 60.00 60.0900 6.1 -0.090 -0.149
634.526 60.00 60.0800 6.3 -0.082 -0.121
634.575 60.00 60.0800 6.5 -0.078 -0.108
634.626 60.00 60.0900 6.1 -0.090 -0.148
634.676 60.00 60.0800 6.3 -0.084 -0.127
634.725 60.00 60.0100 8.2 -0.013 0.104
634.775 60.00 60.1000 6.0 -0.096 -0.168
634.824 60.00 60.0700 6.6 -0.071 -0.086
634.875 60.00 60.0700 6.6 -0.071 -0.086
634.926 60.00 60.0700 6.6 -0.071 -0.086
634.975 60.00 60.0900 6.1 -0.092 -0.154
635.024 60.00 60.0700 6.6 -0.073 -0.092
635.073 60.00 60.0700 6.6 -0.073 -0.092
635.124 60.00 60.1100 5.6 -0.109 -0.208
635.174 60.00 60.1100 5.5 -0.113 -0.221
635.224 60.00 60.0800 6.3 -0.086 -0.132
635.273 60.00 60.1000 5.8 -0.103 -0.186
635.323 60.00 60.0900 6.2 -0.090 -0.145
635.373 60.00 60.0800 6.5 -0.078 -0.104
635.424 60.00 60.0800 6.3 -0.086 -0.131
635.474 60.00 60.0900 6.2 -0.090 -0.144
635.523 60.00 60.0700 6.5 -0.076 -0.096
635.572 60.00 60.1000 5.8 -0.105 -0.191
635.621 60.00 60.0900 6.2 -0.090 -0.143
635.672 60.00 60.0800 6.5 -0.078 -0.102
635.722 60.00 60.1100 5.6 -0.111 -0.211
635.772 60.00 60.0900 6.1 -0.092 -0.148
635.822 60.00 60.1000 6.0 -0.096 -0.162
635.870 60.00 60.0900 6.1 -0.094 -0.154
635.921 60.00 60.0900 6.2 -0.088 -0.134
635.971 60.00 60.0300 7.7 -0.034 0.044
636.020 60.00 60.0800 6.3 -0.086 -0.127
636.070 60.00 60.0900 6.1 -0.092 -0.147
636.119 60.00 60.0700 6.8 -0.067 -0.065
636.170 60.00 60.1000 6.0 -0.096 -0.160
636.220 60.00 60.0900 6.1 -0.094 -0.153
636.269 60.00 60.0900 6.1 -0.092 -0.146
636.320 60.00 60.1200 5.3 -0.124 -0.248
636.369 60.00 60.0900 6.1 -0.092 -0.145
636.419 60.00 60.0800 6.5 -0.080 -0.104
636.469 60.00 60.0900 6.2 -0.090 -0.138
636.518 60.00 60.0800 6.3 -0.086 -0.124
636.568 60.00 60.0800 6.4 -0.084 -0.117
636.617 60.00 60.0800 6.3 -0.086 -0.124
636.668 60.00 60.0700 6.6 -0.076 -0.089
636.718 60.00 60.0800 6.5 -0.078 -0.096
636.767 60.00 60.1100 5.8 -0.107 -0.191
636.817 60.00 60.0900 6.1 -0.094 -0.150
636.866 60.00 60.0900 6.2 -0.092 -0.142
636.917 60.00 60.0900 6.2 -0.092 -0.142
636.968 60.00 60.0700 6.6 -0.076 -0.088
637.017 60.00 60.1000 6.0 -0.098 -0.162
637.066 60.00 60.0800 6.5 -0.078 -0.094
637.115 60.00 60.1000 6.1 -0.096 -0.155
637.166 60.00 60.0700 6.6 -0.076 -0.087
637.216 60.00 60.1000 6.1 -0.096 -0.154
637.266 60.00 60.0800 6.4 -0.084 -0.113
637.315 60.00 60.1000 5.8 -0.105 -0.181
637.365 60.00 60.0700 6.6 -0.076 -0.086
637.415 60.00 60.0900 6.2 -0.090 -0.133
637.465 60.00 60.1000 6.0 -0.098 -0.160
637.516 60.00 60.0900 6.2 -0.090 -0.133
637.564 60.00 60.1000 5.8 -0.105 -0.180
637.614 60.00 60.1100 5.8 -0.109 -0.193
637.663 60.00 60.0800 6.5 -0.082 -0.104
637.714 60.00 60.0900 6.1 -0.094 -0.144
637.765 60.00 60.1000 5.9 -0.105 -0.178
637.814 60.00 60.1200 5.5 -0.117 -0.219
637.864 60.00 60.0600 7.0 -0.063 -0.041
637.912 60.00 60.0900 6.2 -0.092 -0.136
637.963 60.00 60.1000 6.0 -0.098 -0.157
638.013 60.00 60.1200 5.4 -0.122 -0.231
638.062 60.00 60.0900 6.3 -0.088 -0.122
638.112 60.00 60.1200 5.4 -0.124 -0.237
638.161 60.00 60.0800 6.4 -0.084 -0.107
638.212 60.00 60.1300 5.3 -0.128 -0.250
638.262 60.00 60.0900 6.2 -0.094 -0.140
638.311 60.00 60.1000 6.1 -0.098 -0.153
638.362 60.00 60.1000 6.1 -0.098 -0.153
638.411 60.00 60.0900 6.2 -0.094 -0.139
638.461 60.00 60.0900 6.2 -0.092 -0.132
638.511 60.00 60.1000 6.1 -0.098 -0.152
638.560 60.00 60.1100 5.8 -0.107 -0.179
638.610 60.00 60.1000 5.9 -0.105 -0.172
638.659 60.00 60.0900 6.4 -0.088 -0.117
638.710 60.00 60.0800 6.5 -0.082 -0.096
638.760 60.00 60.0900 6.4 -0.088 -0.117
638.809 60.00 60.1100 5.9 -0.107 -0.178
638.859 60.00 60.1000 6.0 -0.103 -0.164
638.909 60.00 60.0400 7.5 -0.046 0.020
638.960 60.00 60.1000 6.0 -0.100 -0.157
639.010 60.00 60.1100 5.6 -0.115 -0.204
639.059 60.00 60.1000 6.1 -0.098 -0.149
639.108 60.00 60.0900 6.4 -0.088 -0.115
639.157 60.00 60.0800 6.6 -0.080 -0.087
639.208 60.00 60.1100 5.8 -0.111 -0.190
639.258 60.00 60.0800 6.4 -0.086 -0.108
639.308 60.00 60.0800 6.4 -0.086 -0.107
639.357 60.00 60.1000 6.0 -0.103 -0.162
639.406 60.00 60.0800 6.4 -0.086 -0.107
639.457 60.00 60.0800 6.4 -0.086 -0.107
639.508 60.00 60.0800 6.7 -0.078 -0.080
639.557 60.00 60.1100 5.9 -0.107 -0.174
639.606 60.00 60.1000 6.0 -0.103 -0.161
639.656 60.00 60.0900 6.3 -0.092 -0.126
639.706 60.00 60.1000 6.0 -0.103 -0.160
639.756 60.00 60.1100 5.8 -0.109 -0.180
639.807 60.00 60.1100 5.9 -0.107 -0.173
639.856 60.00 60.0800 6.5 -0.086 -0.104
639.906 60.00 60.0900 6.2 -0.094 -0.131
639.954 60.00 60.0900 6.3 -0.092 -0.124
640.005 60.00 60.0800 6.7 -0.078 -0.077
640.055 60.00 60.0900 6.2 -0.094 -0.131
640.104 60.00 60.1200 5.6 -0.117 -0.206
640.154 60.00 60.1200 5.6 -0.119 -0.212
640.203 60.00 60.1000 6.0 -0.103 -0.157
640.254 60.00 60.1000 6.2 -0.096 -0.136
640.305 60.00 60.0900 6.4 -0.088 -0.109
640.354 60.00 60.1100 5.8 -0.111 -0.184
640.403 60.00 60.1100 5.8 -0.111 -0.183
640.452 60.00 60.0900 6.3 -0.094 -0.128
640.503 60.00 60.1000 6.2 -0.096 -0.134
640.553 60.00 60.0800 6.6 -0.082 -0.087
640.602 60.00 60.1200 5.6 -0.119 -0.209
640.652 60.00 60.1100 5.8 -0.111 -0.182
640.701 60.00 60.1000 6.0 -0.103 -0.154
640.752 60.00 60.1100 5.7 -0.115 -0.194
640.802 60.00 60.0800 6.5 -0.086 -0.099
640.852 60.00 60.1100 5.9 -0.107 -0.166
640.902 60.00 60.0800 6.6 -0.082 -0.084
640.950 60.00 60.1000 6.2 -0.098 -0.139
641.001 60.00 60.1000 6.1 -0.103 -0.152
641.051 60.00 60.1100 5.8 -0.111 -0.179
641.100 60.00 60.1100 5.9 -0.109 -0.172
641.150 60.00 60.0900 6.3 -0.094 -0.124
641.199 60.00 60.1100 5.9 -0.109 -0.171
641.250 60.00 60.2200 3.0 -0.220 -0.531
641.301 60.00 60.0800 6.5 -0.086 -0.094
641.351 60.00 60.1000 6.2 -0.098 -0.135
641.400 60.00 60.0800 6.5 -0.086 -0.094
641.448 60.00 60.0800 6.6 -0.082 -0.080
641.500 60.00 60.1100 5.8 -0.113 -0.182
641.549 60.00 60.1100 6.0 -0.107 -0.161
641.600 60.00 60.0900 6.4 -0.092 -0.113
641.649 60.00 60.0900 6.5 -0.088 -0.100
641.698 60.00 60.0900 6.4 -0.092 -0.113
641.748 60.00 60.0900 6.4 -0.090 -0.106
641.798 60.00 60.0800 6.5 -0.086 -0.093
641.848 60.00 60.1100 5.9 -0.111 -0.175
641.897 60.00 60.1100 5.9 -0.111 -0.174
641.947 60.00 60.1100 5.9 -0.109 -0.166
641.996 60.00 60.1200 5.5 -0.126 -0.221
642.047 60.00 60.1000 6.2 -0.100 -0.138
642.097 60.00 60.1000 6.1 -0.103 -0.145
642.146 60.00 60.0600 7.3 -0.057 0.005
642.197 60.00 60.1100 5.8 -0.115 -0.186
642.246 60.00 60.1000 6.3 -0.096 -0.124
642.297 60.00 60.1000 6.2 -0.098 -0.131
642.346 60.00 60.1000 6.1 -0.103 -0.144
642.395 60.00 60.1100 5.8 -0.113 -0.178
642.445 60.00 60.1200 5.6 -0.122 -0.205
642.494 60.00 60.0800 6.6 -0.086 -0.089
642.545 60.00 60.0900 6.5 -0.088 -0.096
642.595 60.00 60.1000 6.2 -0.098 -0.129
642.644 60.00 60.1600 4.6 -0.161 -0.333
642.694 60.00 60.1100 6.0 -0.107 -0.155
642.743 60.00 60.0700 6.9 -0.073 -0.046
642.795 60.00 60.1000 6.1 -0.103 -0.142
642.845 60.00 60.0800 6.7 -0.082 -0.073
642.893 60.00 60.1200 5.6 -0.122 -0.203
642.943 60.00 60.1300 5.4 -0.132 -0.236
642.992 60.00 60.0900 6.4 -0.092 -0.106
643.043 60.00 60.1000 6.1 -0.105 -0.147
643.093 60.00 60.1000 6.3 -0.096 -0.119
643.142 60.00 60.1100 6.0 -0.107 -0.153
643.192 60.00 60.1000 6.1 -0.105 -0.146
643.241 60.00 60.1000 6.1 -0.105 -0.146
643.293 60.00 60.0900 6.4 -0.094 -0.112
643.343 60.00 60.0800 6.7 -0.084 -0.078
643.392 60.00 60.0800 6.7 -0.084 -0.078
643.441 60.00 60.1000 6.2 -0.103 -0.139
643.491 60.00 60.0900 6.4 -0.092 -0.104
643.541 60.00 60.0800 6.6 -0.086 -0.084
643.592 60.00 60.1000 6.3 -0.098 -0.125
643.642 60.00 60.0700 6.9 -0.076 -0.050
643.690 60.00 60.0900 6.5 -0.088 -0.091
643.740 60.00 60.1100 6.0 -0.109 -0.159
643.790 60.00 60.1100 6.0 -0.107 -0.152
643.840 60.00 60.0800 6.7 -0.082 -0.070
643.890 60.00 60.1000 6.3 -0.096 -0.118
643.939 60.00 60.1000 6.3 -0.098 -0.124
643.989 60.00 60.1000 6.2 -0.100 -0.131
644.038 60.00 60.0900 6.5 -0.088 -0.090
644.089 60.00 60.1100 6.0 -0.107 -0.151
644.140 60.00 60.0900 6.5 -0.088 -0.090
644.189 60.00 60.0800 6.8 -0.078 -0.056
644.238 60.00 60.1000 6.3 -0.098 -0.124
644.287 60.00 60.1000 6.3 -0.096 -0.117
644.338 60.00 60.0800 6.6 -0.086 -0.083
644.388 60.00 60.1100 6.0 -0.109 -0.157
644.437 60.00 60.1000 6.2 -0.100 -0.130
644.487 60.00 60.0800 6.7 -0.084 -0.075
644.536 60.00 60.1000 6.1 -0.105 -0.144
644.587 60.00 60.0700 6.9 -0.076 -0.048
644.637 60.00 60.0900 6.5 -0.090 -0.096
644.686 60.00 60.1300 5.3 -0.136 -0.245
644.736 60.00 60.1000 6.3 -0.098 -0.122
644.786 60.00 60.0900 6.5 -0.090 -0.095
644.837 60.00 60.0800 6.6 -0.086 -0.081
644.886 60.00 60.0800 6.7 -0.082 -0.068
644.935 60.00 60.1000 6.3 -0.096 -0.115
644.985 60.00 60.1200 5.8 -0.117 -0.184
645.034 60.00 60.1000 6.2 -0.100 -0.128
645.085 60.00 60.0800 6.6 -0.086 -0.081
645.135 60.00 60.1500 4.8 -0.153 -0.298
645.184 60.00 60.0900 6.5 -0.090 -0.094
645.234 60.00 60.0900 6.5 -0.092 -0.100
645.283 60.00 60.0900 6.4 -0.094 -0.107
645.334 60.00 60.0800 6.8 -0.078 -0.053
645.385 60.00 60.0900 6.6 -0.088 -0.087
645.434 60.00 60.0800 6.7 -0.084 -0.073
645.484 60.00 60.0800 6.8 -0.078 -0.053
645.532 60.00 60.0900 6.4 -0.094 -0.107
645.583 60.00 60.1000 6.2 -0.100 -0.127
645.633 60.00 60.1000 6.3 -0.096 -0.114
645.684 60.00 60.1100 6.0 -0.111 -0.162
645.733 60.00 60.0900 6.6 -0.088 -0.086
645.782 60.00 60.0700 7.0 -0.073 -0.038
645.832 60.00 60.1000 6.1 -0.105 -0.141
645.882 60.00 60.1000 6.3 -0.096 -0.113
645.932 60.00 60.0900 6.4 -0.094 -0.106
645.981 60.00 60.0900 6.5 -0.092 -0.099
646.031 60.00 60.1300 5.4 -0.132 -0.229
646.081 60.00 60.0900 6.4 -0.094 -0.106
646.131 60.00 60.0900 6.5 -0.092 -0.099
646.181 60.00 60.1000 6.2 -0.100 -0.126
646.231 60.00 60.0900 6.4 -0.094 -0.105
646.281 60.00 60.0800 6.8 -0.080 -0.058
646.329 60.00 60.0700 7.0 -0.073 -0.037
646.380 60.00 60.0800 6.8 -0.080 -0.058
646.430 60.00 60.0800 6.8 -0.080 -0.058
646.479 60.00 60.0800 6.8 -0.080 -0.058
646.529 60.00 60.0700 7.1 -0.069 -0.025
646.578 60.00 60.1000 6.2 -0.100 -0.126
646.629 60.00 60.0800 6.8 -0.080 -0.059
646.679 60.00 60.0900 6.6 -0.088 -0.086
646.729 60.00 60.1000 6.2 -0.103 -0.134
646.778 60.00 60.1200 5.6 -0.124 -0.202
646.827 60.00 60.0700 7.0 -0.073 -0.037
646.878 60.00 60.0900 6.6 -0.088 -0.086
646.928 60.00 60.0700 7.1 -0.067 -0.018
646.977 60.00 60.0900 6.5 -0.090 -0.093
647.027 60.00 60.0700 7.0 -0.073 -0.038
647.076 60.00 60.0900 6.5 -0.092 -0.100
647.127 60.00 60.0600 7.2 -0.065 -0.012
647.177 60.00 60.1100 6.0 -0.109 -0.154
647.227 60.00 60.0900 6.5 -0.092 -0.100
647.277 60.00 60.0700 6.9 -0.076 -0.046
647.325 60.00 60.0700 7.0 -0.073 -0.038
647.376 60.00 60.0800 6.8 -0.078 -0.053
647.426 60.00 60.0800 6.6 -0.086 -0.080
647.476 60.00 60.0600 7.2 -0.063 -0.005
647.526 60.00 60.0800 6.8 -0.080 -0.060
647.574 60.00 60.0700 7.1 -0.069 -0.026
647.625 60.00 60.0700 7.1 -0.069 -0.026
647.675 60.00 60.0800 6.8 -0.078 -0.054
647.725 60.00 60.0700 6.9 -0.073 -0.040
647.774 60.00 60.0800 6.8 -0.078 -0.054
647.823 60.00 60.0300 8.1 -0.029 0.103
647.874 60.00 60.0700 6.9 -0.076 -0.049
647.924 60.00 60.0700 7.1 -0.067 -0.021
647.974 60.00 60.0800 6.7 -0.084 -0.076
648.024 60.00 60.0700 6.9 -0.076 -0.049
648.073 60.00 60.0800 6.8 -0.080 -0.062
648.123 60.00 60.0700 6.9 -0.076 -0.049
648.173 60.00 60.0700 7.0 -0.071 -0.036
648.223 60.00 60.0600 7.2 -0.063 -0.008
648.272 60.00 60.0700 7.1 -0.067 -0.022
648.322 60.00 60.0900 6.4 -0.094 -0.111
648.371 60.00 60.0800 6.6 -0.086 -0.084
648.422 60.00 60.0800 6.7 -0.082 -0.070
648.472 60.00 60.1100 5.9 -0.111 -0.166
648.522 60.00 60.0700 6.9 -0.073 -0.042
648.572 60.00 60.0600 7.2 -0.061 -0.002
648.620 60.00 60.0800 6.7 -0.082 -0.070
648.671 60.00 60.0800 6.6 -0.084 -0.077
648.721 60.00 60.0600 7.1 -0.065 -0.017
648.770 60.00 60.0700 7.0 -0.069 -0.030
648.820 60.00 60.0900 6.5 -0.088 -0.092
648.869 60.00 60.0800 6.6 -0.084 -0.078
648.920 60.00 60.1100 5.8 -0.113 -0.173
648.970 60.00 60.0800 6.8 -0.078 -0.058
649.019 60.00 60.0700 7.1 -0.067 -0.023
649.070 60.00 60.0900 6.5 -0.090 -0.099
649.119 60.00 60.1000 6.3 -0.096 -0.119
649.170 60.00 60.0800 6.8 -0.078 -0.058
649.219 60.00 60.0800 6.7 -0.082 -0.071
649.268 60.00 60.0800 6.6 -0.086 -0.085
649.318 60.00 60.0800 6.7 -0.080 -0.064
649.367 60.00 60.0400 7.7 -0.044 0.051
649.418 60.00 60.0600 7.1 -0.065 -0.018
649.468 60.00 60.0600 7.3 -0.059 0.002
649.517 60.00 60.0500 7.5 -0.052 0.023
649.567 60.00 60.0600 7.1 -0.065 -0.019
649.616 60.00 60.0800 6.6 -0.084 -0.080
649.667 60.00 60.0800 6.8 -0.078 -0.060
649.717 60.00 60.0500 7.4 -0.055 0.015
649.766 60.00 60.0300 7.9 -0.035 0.076
649.816 60.00 60.0400 7.8 -0.040 0.061
649.865 60.00 60.0700 6.8 -0.076 -0.055
649.916 60.00 60.0700 6.9 -0.071 -0.042
649.966 60.00 60.0500 7.5 -0.050 0.027
650.017 60.00 60.0600 7.3 -0.057 0.005
650.066 60.00 60.0800 6.6 -0.082 -0.076
650.115 60.00 60.0900 6.5 -0.088 -0.097
650.165 60.00 60.0700 6.8 -0.076 -0.056
650.215 60.00 60.0700 6.8 -0.076 -0.056
650.265 60.00 60.0800 6.5 -0.086 -0.090
650.314 60.00 60.0700 6.9 -0.071 -0.043
650.364 60.00 60.0700 6.8 -0.076 -0.057
650.413 60.00 60.0500 7.5 -0.050 0.025
650.464 60.00 60.0500 7.5 -0.050 0.025
650.514 60.00 60.0700 7.0 -0.069 -0.037
650.564 60.00 60.0700 7.0 -0.067 -0.030
650.614 60.00 60.0400 7.6 -0.044 0.044
650.662 60.00 60.0400 7.6 -0.044 0.043
650.713 60.00 60.0600 7.3 -0.057 0.002
650.763 60.00 60.0900 6.3 -0.092 -0.114
650.812 60.00 60.0700 7.0 -0.069 -0.039
650.862 60.00 60.0600 7.1 -0.063 -0.018
650.911 60.00 60.0700 7.0 -0.067 -0.032
650.962 60.00 60.0700 6.8 -0.073 -0.053
651.012 60.00 60.0700 6.9 -0.069 -0.040
651.061 60.00 60.0500 7.3 -0.055 0.008
651.112 60.00 60.0800 6.7 -0.078 -0.068
651.161 60.00 60.0500 7.3 -0.055 0.007
651.211 60.00 60.0600 7.0 -0.065 -0.027
651.261 60.00 60.0500 7.4 -0.050 0.020
651.310 60.00 60.0800 6.7 -0.078 -0.069
651.360 60.00 60.0600 7.2 -0.059 -0.008
651.409 60.00 60.0700 6.8 -0.076 -0.062
651.460 60.00 60.0600 7.2 -0.059 -0.008
651.510 60.00 60.0600 7.2 -0.059 -0.008
651.559 60.00 60.0600 7.2 -0.059 -0.009
651.609 60.00 60.0500 7.3 -0.055 0.005
651.658 60.00 60.0600 7.1 -0.063 -0.023
651.709 60.00 60.0500 7.5 -0.048 0.025
651.759 60.00 60.0700 6.8 -0.073 -0.057
651.808 60.00 60.1000 6.2 -0.096 -0.132
651.859 60.00 60.0600 7.1 -0.061 -0.017
651.908 60.00 60.0700 6.7 -0.076 -0.065
651.959 60.00 60.0500 7.5 -0.048 0.024
652.008 60.00 60.0600 7.2 -0.059 -0.011
652.058 60.00 59.9900 9.0 0.010 0.214
652.107 60.00 60.0500 7.4 -0.050 0.015
652.156 60.00 60.0700 6.9 -0.067 -0.040
652.207 60.00 60.0800 6.7 -0.078 -0.074
652.257 60.00 60.0400 7.5 -0.046 0.028
652.307 60.00 60.0500 7.4 -0.048 0.021
652.356 60.00 60.0600 7.2 -0.057 -0.007
652.406 60.00 60.0400 7.7 -0.038 0.054
652.456 60.00 60.0600 7.2 -0.057 -0.008
652.507 60.00 60.0300 7.8 -0.034 0.067
652.556 60.00 60.0700 6.7 -0.076 -0.070
652.605 60.00 60.0200 8.1 -0.021 0.108
652.655 60.00 60.0400 7.7 -0.038 0.052
652.704 60.00 60.1200 5.6 -0.117 -0.208
652.755 60.00 60.0500 7.3 -0.050 0.011
652.805 60.00 60.0700 6.9 -0.067 -0.044
652.854 60.00 60.0400 7.7 -0.038 0.051
652.904 60.00 60.0700 6.8 -0.069 -0.051
652.953 60.00 60.0500 7.4 -0.048 0.017
653.004 60.00 60.0600 7.0 -0.065 -0.039
653.054 60.00 60.0600 7.0 -0.065 -0.039
653.104 60.00 60.0700 6.8 -0.071 -0.059
653.154 60.00 60.0600 7.0 -0.065 -0.039
653.202 60.00 60.0400 7.5 -0.046 0.022
653.253 60.00 60.0600 7.1 -0.059 -0.019
653.303 60.00 60.0600 6.9 -0.065 -0.040
653.352 60.00 60.0500 7.2 -0.055 -0.006
653.402 60.00 60.0600 7.1 -0.059 -0.020
653.451 60.00 60.0500 7.2 -0.055 -0.006
653.502 60.00 60.0400 7.5 -0.042 0.035
653.552 60.00 60.0600 7.2 -0.057 -0.014
653.601 60.00 60.0600 7.0 -0.063 -0.034
653.651 60.00 60.0400 7.5 -0.044 0.026
653.700 60.00 60.0400 7.5 -0.044 0.026
653.751 60.00 60.0700 6.7 -0.073 -0.069
653.801 60.00 60.0400 7.4 -0.046 0.019
653.850 60.00 60.0400 7.6 -0.038 0.046
653.901 60.00 60.0700 6.8 -0.069 -0.057
653.950 60.00 60.0600 7.1 -0.057 -0.016
654.001 60.00 59.9700 9.4 0.027 0.256
654.050 60.00 60.0300 7.7 -0.034 0.057
654.100 60.00 60.0400 7.5 -0.042 0.030
654.149 60.00 60.0600 7.1 -0.057 -0.019
654.198 60.00 60.0500 7.3 -0.048 0.008
654.249 60.00 60.0600 7.0 -0.059 -0.026
654.299 60.00 60.0600 7.0 -0.059 -0.027
654.349 60.00 60.0500 7.3 -0.048 0.008
654.398 60.00 60.0300 7.7 -0.034 0.055
654.448 60.00 60.0600 7.1 -0.057 -0.021
654.499 60.00 60.0500 7.2 -0.052 -0.007
654.548 60.00 60.0600 7.0 -0.061 -0.035
654.598 60.00 60.0600 7.0 -0.059 -0.028
654.647 60.00 60.0500 7.3 -0.050 -0.001
654.697 60.00 60.0300 7.9 -0.027 0.074
654.746 60.00 60.0800 6.4 -0.084 -0.111
654.797 60.00 60.0400 7.5 -0.040 0.032
654.847 60.00 60.0300 7.8 -0.031 0.059
654.896 60.00 60.0400 7.5 -0.040 0.031
654.946 60.00 60.0600 7.0 -0.059 -0.031
654.995 60.00 60.0300 7.6 -0.035 0.045
655.047 60.00 60.0400 7.5 -0.040 0.030
655.097 60.00 60.0300 7.7 -0.034 0.050
655.145 60.00 60.0400 7.4 -0.044 0.015
655.195 60.00 60.0200 8.1 -0.019 0.097
655.244 60.00 60.0600 6.9 -0.061 -0.040
655.295 60.00 60.0300 7.7 -0.031 0.055
655.345 60.00 60.0400 7.4 -0.042 0.021
655.394 60.00 60.0500 7.3 -0.048 -0.000
655.444 60.00 60.0500 7.2 -0.050 -0.007
655.493 60.00 60.0300 7.8 -0.027 0.067
655.544 60.00 60.0600 7.0 -0.059 -0.036
655.594 60.00 60.0600 7.0 -0.059 -0.036
655.643 60.00 60.0600 6.9 -0.061 -0.043
655.693 60.00 60.0300 7.8 -0.027 0.066
655.742 60.00 60.0400 7.3 -0.046 0.004
655.793 60.00 60.0300 7.7 -0.029 0.059
655.844 60.00 60.1000 5.8 -0.100 -0.173
655.893 60.00 60.0200 7.8 -0.025 0.072
655.943 60.00 60.0500 7.2 -0.050 -0.010
655.991 60.00 60.0300 7.6 -0.035 0.038
656.042 60.00 60.0400 7.3 -0.044 0.009
656.092 60.00 60.0200 7.8 -0.025 0.070
656.141 60.00 60.0400 7.3 -0.044 0.008
656.191 60.00 60.0300 7.6 -0.034 0.042
656.240 60.00 60.0400 7.4 -0.042 0.015
656.291 60.00 60.0400 7.3 -0.046 0.000
656.341 60.00 60.0500 7.2 -0.048 -0.006
656.392 60.00 60.0700 6.6 -0.071 -0.082
656.441 60.00 60.0400 7.4 -0.042 0.014
656.490 60.00 60.0400 7.3 -0.044 0.006
656.540 60.00 60.0300 7.6 -0.034 0.040
656.590 60.00 60.0600 6.8 -0.063 -0.055
656.640 60.00 60.0300 7.5 -0.035 0.033
656.689 60.00 60.0400 7.4 -0.040 0.019
656.739 60.00 60.0300 7.7 -0.029 0.053
656.788 60.00 60.0500 7.0 -0.055 -0.030
656.839 60.00 60.0400 7.3 -0.044 0.004
656.889 60.00 60.0700 6.7 -0.067 -0.071
656.938 60.00 60.0400 7.4 -0.040 0.017
656.988 60.00 60.0500 7.0 -0.055 -0.031
657.038 60.00 60.0400 7.5 -0.038 0.024
657.089 60.00 60.0300 7.6 -0.034 0.037
657.138 60.00 60.0200 7.8 -0.023 0.071
657.187 60.00 60.0800 6.4 -0.078 -0.107
657.237 60.00 60.0500 7.0 -0.055 -0.032
657.286 60.00 60.0600 6.8 -0.063 -0.059
657.337 60.00 60.0300 7.6 -0.031 0.043
657.387 60.00 60.0300 7.6 -0.031 0.043
657.436 60.00 60.0300 7.5 -0.034 0.035
657.486 60.00 60.0100 8.1 -0.015 0.096
657.535 60.00 60.0100 8.0 -0.015 0.095
657.586 60.00 60.0600 6.9 -0.059 -0.049
657.636 60.00 60.0400 7.3 -0.044 -0.001
657.685 60.00 60.0300 7.6 -0.031 0.040
657.735 60.00 60.0100 8.2 -0.008 0.114
657.784 60.00 60.0400 7.4 -0.040 0.011
657.835 60.00 60.0400 7.2 -0.046 -0.010
657.885 60.00 60.0100 8.2 -0.008 0.113
657.935 60.00 60.0300 7.6 -0.031 0.038
657.985 60.00 60.0300 7.5 -0.034 0.030
658.033 60.00 60.0400 7.3 -0.040 0.009
658.084 60.00 60.0400 7.2 -0.044 -0.005
658.134 60.00 60.0200 7.9 -0.019 0.077
658.183 60.00 60.0700 6.5 -0.069 -0.087
658.233 60.00 60.0400 7.2 -0.046 -0.012
658.282 60.00 60.0100 8.1 -0.013 0.096
658.333 60.00 60.0600 6.9 -0.057 -0.047
658.383 60.00 60.0200 7.7 -0.025 0.055
658.433 60.00 60.0100 8.1 -0.010 0.102
658.483 60.00 60.0300 7.4 -0.035 0.020
658.531 60.00 60.0200 7.9 -0.019 0.074
658.582 60.00 60.0300 7.4 -0.035 0.019
658.632 60.00 60.0300 7.5 -0.034 0.025
658.682 60.00 60.0300 7.5 -0.031 0.032
658.731 60.00 60.0300 7.6 -0.029 0.038
658.781 60.00 60.0300 7.4 -0.035 0.018
658.831 60.00 60.0400 7.3 -0.040 0.003
658.881 60.00 60.0600 6.7 -0.063 -0.072
658.931 60.00 60.0200 7.7 -0.023 0.057
658.981 60.00 60.0200 7.7 -0.023 0.057
659.031 60.00 60.0300 7.4 -0.035 0.016
659.079 60.00 60.0400 7.2 -0.042 -0.005
659.130 60.00 60.0200 7.7 -0.025 0.049
659.180 60.00 60.0100 8.0 -0.013 0.089
659.229 60.00 60.0100 7.9 -0.015 0.082
659.279 60.00 60.0300 7.6 -0.027 0.041
659.328 60.00 60.0200 7.8 -0.019 0.068
659.379 60.00 60.0200 7.7 -0.023 0.053
659.429 60.00 60.0300 7.5 -0.029 0.033
659.478 60.00 60.0400 7.2 -0.040 -0.002
659.528 60.00 60.0200 7.9 -0.017 0.073
659.577 60.00 60.0000 8.1 -0.006 0.107
659.628 60.00 60.0300 7.6 -0.027 0.038
659.678 60.00 60.0200 7.8 -0.019 0.064
659.727 60.00 60.0000 8.3 0.000 0.125
659.777 60.00 60.0200 7.7 -0.021 0.057
659.827 60.00 60.0300 7.4 -0.034 0.015
659.878 60.00 60.0200 7.8 -0.019 0.062
659.927 60.00 60.0500 6.9 -0.050 -0.041
659.976 60.00 60.0100 8.0 -0.010 0.089
660.026 60.00 60.0100 7.9 -0.013 0.081
660.075 60.00 60.0100 7.9 -0.015 0.074
660.126 60.00 60.0200 7.7 -0.021 0.053
660.176 60.00 60.0200 7.8 -0.017 0.066
660.225 60.00 60.0200 7.8 -0.019 0.059
660.275 60.00 60.0200 7.8 -0.019 0.058
660.324 60.00 59.9700 8.9 0.025 0.201
660.376 60.00 60.0200 7.7 -0.019 0.057
660.426 60.00 60.0200 7.8 -0.017 0.063
660.475 60.00 60.0100 7.9 -0.013 0.076
660.524 60.00 60.0200 7.8 -0.017 0.062
660.573 60.00 60.0100 7.8 -0.015 0.068
660.624 60.00 60.0200 7.8 -0.017 0.061
660.674 60.00 60.1100 5.3 -0.109 -0.239
660.724 60.00 60.0000 8.2 -0.002 0.109
660.773 60.00 60.0300 7.5 -0.027 0.027
660.823 60.00 60.0000 8.1 -0.006 0.095
660.873 60.00 60.0300 7.5 -0.027 0.026
660.923 60.00 60.0100 8.0 -0.008 0.086
660.973 60.00 59.9900 8.4 0.008 0.140
661.023 60.00 60.0000 8.2 0.000 0.112
661.073 60.00 60.0400 7.2 -0.038 -0.011
661.121 60.00 60.0000 8.2 0.002 0.118
661.172 60.00 60.0000 8.0 -0.006 0.091
661.222 60.00 60.0200 7.6 -0.021 0.043
661.271 60.00 60.0200 7.5 -0.025 0.028
661.321 60.00 60.0000 8.1 -0.002 0.103
661.370 60.00 60.0200 7.7 -0.019 0.048
661.421 60.00 60.0200 7.7 -0.019 0.047
661.471 60.00 60.0200 7.5 -0.025 0.026
661.520 60.00 60.0400 7.2 -0.038 -0.015
661.570 60.00 60.0200 7.5 -0.023 0.033
661.619 60.00 60.0300 7.4 -0.027 0.019
661.670 60.00 60.0200 7.6 -0.021 0.039
661.720 60.00 59.9900 8.2 0.004 0.120
661.769 60.00 59.9800 8.5 0.015 0.153
661.820 60.00 60.0100 7.7 -0.015 0.057
661.869 60.00 60.0200 7.6 -0.019 0.043
661.919 60.00 60.0200 7.7 -0.017 0.050
661.969 60.00 60.0100 7.7 -0.015 0.056
662.018 60.00 60.0000 8.0 -0.004 0.090
662.068 60.00 60.0000 8.1 -0.002 0.096
662.117 60.00 60.0100 7.8 -0.010 0.068
662.168 60.00 60.0000 8.1 0.000 0.102
662.218 60.00 60.0100 7.8 -0.013 0.060
662.267 60.00 60.0200 7.7 -0.017 0.046
662.318 60.00 60.0000 7.9 -0.006 0.080
662.367 60.00 60.0000 8.0 -0.002 0.093
662.418 60.00 60.0100 7.7 -0.015 0.051
662.467 60.00 60.0300 7.4 -0.027 0.010
662.516 60.00 60.0000 8.0 -0.004 0.085
662.566 60.00 60.0200 7.6 -0.019 0.036
662.615 60.00 59.9900 8.2 0.004 0.111
662.666 60.00 60.0100 7.7 -0.015 0.049
662.716 60.00 60.0100 7.7 -0.015 0.048
662.766 60.00 59.9900 8.2 0.004 0.109
662.815 60.00 60.0000 7.9 -0.006 0.075
662.865 60.00 60.0200 7.4 -0.025 0.013
662.915 60.00 60.0200 7.5 -0.019 0.033
662.965 60.00 59.9800 8.5 0.017 0.149
663.016 60.00 59.9800 8.4 0.015 0.141
663.065 60.00 60.0100 7.7 -0.013 0.051
663.115 60.00 60.0100 7.8 -0.010 0.058
663.163 60.00 60.0000 7.9 -0.006 0.072
663.214 60.00 60.0100 7.8 -0.010 0.058
663.264 60.00 60.0100 7.8 -0.008 0.063
663.313 60.00 60.0000 7.8 -0.006 0.070
663.363 60.00 59.9900 8.1 0.004 0.103
663.412 60.00 60.0200 7.4 -0.023 0.014
663.463 60.00 60.0100 7.7 -0.013 0.048
663.513 60.00 60.0100 7.7 -0.010 0.055
663.562 60.00 59.9900 8.3 0.010 0.122
663.612 60.00 60.0200 7.5 -0.017 0.033
663.661 60.00 60.0200 7.4 -0.021 0.020
663.712 60.00 60.0300 7.2 -0.029 -0.008
663.762 60.00 59.9900 8.1 0.004 0.100
663.811 60.00 60.0300 7.2 -0.031 -0.016
663.861 60.00 60.0000 8.0 0.002 0.093
663.910 60.00 60.0300 7.3 -0.027 -0.003
663.962 60.00 59.9900 8.1 0.004 0.099
664.012 60.00 59.9900 8.2 0.008 0.112
664.061 60.00 60.0100 7.7 -0.010 0.050
664.111 60.00 59.9900 8.2 0.010 0.118
664.159 60.00 60.0300 7.0 -0.035 -0.032
664.210 60.00 60.0000 8.0 0.002 0.090
664.260 60.00 60.0200 7.3 -0.025 0.001
664.309 60.00 60.0000 7.8 -0.006 0.062
664.359 60.00 59.9800 8.5 0.021 0.151
664.408 60.00 60.0200 7.5 -0.017 0.027
664.459 60.00 60.0100 7.7 -0.008 0.054
664.509 60.00 60.0000 7.8 -0.006 0.060
664.560 60.00 59.9900 8.3 0.013 0.121
664.609 60.00 60.0200 7.3 -0.023 0.004
664.657 60.00 59.9900 8.2 0.008 0.106
664.709 60.00 60.0100 7.7 -0.010 0.045
664.758 60.00 60.0000 7.9 0.000 0.078
664.808 60.00 59.9900 8.1 0.008 0.105
664.857 60.00 60.0000 7.9 -0.002 0.070
664.906 60.00 60.0000 7.9 0.000 0.077
664.957 60.00 60.0100 7.6 -0.013 0.035
665.007 60.00 60.0200 7.5 -0.017 0.022
665.057 60.00 60.0300 7.1 -0.031 -0.026
665.106 60.00 60.0300 7.2 -0.027 -0.013
665.156 60.00 60.0200 7.5 -0.017 0.021
665.206 60.00 59.9900 8.1 0.008 0.102
665.257 60.00 60.0000 8.0 0.002 0.082
665.307 60.00 60.0000 7.8 -0.002 0.068
665.355 60.00 60.0000 7.9 0.002 0.081
665.406 60.00 60.0100 7.5 -0.015 0.025
665.455 60.00 59.9900 8.0 0.004 0.086
665.505 60.00 59.9900 8.0 0.006 0.093
665.556 60.00 59.9700 8.7 0.029 0.168
665.605 60.00 60.0000 7.8 -0.002 0.064
665.654 60.00 60.0100 7.5 -0.013 0.030
665.703 60.00 60.0000 7.9 0.002 0.077
665.754 60.00 60.0000 7.9 0.002 0.077
665.804 60.00 60.0000 7.8 0.000 0.070
665.853 60.00 60.0100 7.5 -0.013 0.028
665.903 60.00 59.9800 8.3 0.019 0.130
665.952 60.00 59.9900 8.0 0.006 0.088
666.003 60.00 59.9600 8.8 0.036 0.184
666.053 60.00 59.9800 8.4 0.021 0.136
666.103 60.00 60.0000 7.7 -0.004 0.052
666.153 60.00 59.9800 8.3 0.019 0.127
666.201 60.00 59.9800 8.3 0.017 0.120
666.252 60.00 59.9800 8.2 0.015 0.112
666.302 60.00 59.9900 8.0 0.006 0.084
666.351 60.00 59.9100 10.2 0.090 0.356
666.401 60.00 59.9700 8.6 0.029 0.157
666.450 60.00 60.0000 7.7 -0.004 0.047
666.501 60.00 59.9700 8.4 0.025 0.143
666.551 60.00 59.9900 8.1 0.010 0.094
666.600 60.00 59.9900 8.1 0.010 0.093
666.650 60.00 60.0100 7.5 -0.008 0.031
666.700 60.00 59.9800 8.2 0.015 0.106
666.751 60.00 59.9800 8.3 0.019 0.119
666.801 60.00 59.9900 7.9 0.006 0.077
666.850 60.00 59.9900 7.9 0.004 0.070
666.899 60.00 59.9800 8.1 0.015 0.104
666.948 60.00 59.9900 8.0 0.008 0.083
666.999 60.00 59.9800 8.2 0.019 0.116
667.049 60.00 59.9900 7.8 0.004 0.068
667.099 60.00 59.9800 8.3 0.021 0.123
667.148 60.00 60.0000 7.8 0.002 0.061
667.198 60.00 60.0100 7.5 -0.010 0.020
667.248 60.00 60.0000 7.8 0.002 0.060
667.298 60.00 59.9900 8.1 0.013 0.094
667.349 60.00 59.9900 7.9 0.008 0.079
667.398 60.00 59.9700 8.4 0.027 0.141
667.447 60.00 60.0000 7.7 -0.002 0.044
667.496 60.00 59.9800 8.2 0.017 0.105
667.547 60.00 59.9900 7.8 0.004 0.064
667.597 60.00 59.9900 7.9 0.008 0.077
667.647 60.00 60.0000 7.5 -0.006 0.029
667.696 60.00 59.9900 7.8 0.004 0.063
667.745 60.00 59.9800 8.2 0.019 0.110
667.796 60.00 60.0100 7.3 -0.015 0.000
667.846 60.00 59.9900 7.8 0.006 0.068
667.895 60.00 59.9900 7.8 0.006 0.068
667.945 60.00 59.9900 8.0 0.013 0.088
667.994 60.00 59.9700 8.5 0.029 0.143
668.045 60.00 59.9900 7.8 0.004 0.060
668.095 60.00 60.0400 6.5 -0.044 -0.097
668.144 60.00 60.0000 7.7 0.000 0.046
668.194 60.00 59.9700 8.5 0.031 0.148
668.244 60.00 60.0400 6.7 -0.038 -0.077
668.295 60.00 59.9900 8.0 0.013 0.086
668.345 60.00 60.0200 7.2 -0.017 -0.009
668.393 60.00 60.0000 7.5 -0.004 0.031
668.443 60.00 60.0000 7.7 0.002 0.052
668.492 60.00 60.0100 7.3 -0.013 0.003
668.543 60.00 59.9800 8.0 0.015 0.092
668.593 60.00 59.9900 7.9 0.010 0.078
668.642 60.00 59.9800 8.2 0.019 0.104
668.692 60.00 59.9900 7.9 0.008 0.070
668.741 60.00 59.9900 7.8 0.004 0.056
668.792 60.00 59.9800 8.2 0.023 0.117
668.842 60.00 59.9900 8.0 0.013 0.083
668.893 60.00 60.0100 7.3 -0.010 0.007
668.942 60.00 59.9900 7.9 0.010 0.075
668.990 60.00 59.9800 8.2 0.023 0.116
669.041 60.00 59.9700 8.5 0.034 0.149
669.091 60.00 59.9900 7.8 0.006 0.060
669.141 60.00 59.9900 8.0 0.013 0.080
669.190 60.00 59.9600 8.6 0.036 0.155
669.240 60.00 59.9700 8.4 0.031 0.140
669.290 60.00 59.9900 7.7 0.004 0.051
669.340 60.00 59.9700 8.3 0.027 0.126
669.391 60.00 60.0200 7.1 -0.019 -0.025
669.439 60.00 59.9700 8.4 0.029 0.132
669.489 60.00 59.9700 8.5 0.034 0.145
669.538 60.00 59.9300 9.5 0.071 0.267
669.589 60.00 59.9900 7.9 0.013 0.075
669.639 60.00 59.9800 8.2 0.023 0.109
669.689 60.00 59.9700 8.3 0.027 0.122
669.739 60.00 59.9900 7.8 0.010 0.066
669.787 60.00 59.9800 8.2 0.023 0.107
669.838 60.00 59.9700 8.4 0.031 0.134
669.888 60.00 59.9900 7.8 0.008 0.058
669.937 60.00 59.9600 8.6 0.038 0.153
669.987 60.00 59.9900 7.7 0.006 0.050
670.036 60.00 60.0000 7.5 0.000 0.030
670.087 60.00 59.9800 8.2 0.023 0.104
670.137 60.00 59.9700 8.2 0.025 0.111
670.186 60.00 59.9800 8.0 0.017 0.083
670.236 60.00 59.9800 8.0 0.017 0.082
670.286 60.00 59.9800 8.1 0.023 0.103
670.337 60.00 59.9900 7.7 0.006 0.047
670.386 60.00 59.9800 8.0 0.017 0.081
670.435 60.00 59.9900 7.8 0.013 0.067
670.485 60.00 59.9900 7.8 0.010 0.060
670.534 60.00 59.9800 8.0 0.017 0.080
670.585 60.00 59.9900 7.7 0.006 0.045
670.635 60.00 59.9900 7.7 0.008 0.052
670.684 60.00 60.0000 7.3 -0.006 0.005
670.734 60.00 59.9700 8.3 0.031 0.127
670.783 60.00 59.9900 7.6 0.004 0.037
670.834 60.00 59.9900 7.7 0.008 0.051
670.885 60.00 59.9600 8.4 0.036 0.139
670.934 60.00 60.0000 7.5 0.000 0.023
670.984 60.00 59.9700 8.3 0.029 0.119
671.032 60.00 59.9800 7.9 0.015 0.070
671.083 60.00 59.9800 7.9 0.015 0.070
671.133 60.00 59.9800 7.9 0.017 0.076
671.183 60.00 59.9800 7.9 0.015 0.069
671.232 60.00 59.9800 7.9 0.015 0.068
671.281 60.00 59.9600 8.4 0.036 0.136
671.332 60.00 59.9600 8.4 0.036 0.136
671.382 60.00 59.9900 7.8 0.013 0.060
671.432 60.00 59.9700 8.2 0.027 0.108
671.481 60.00 59.9700 8.1 0.025 0.101
671.531 60.00 59.9600 8.5 0.040 0.147
671.581 60.00 59.9700 8.3 0.031 0.120
671.631 60.00 59.9800 7.9 0.017 0.071
671.682 60.00 59.9100 9.9 0.092 0.316
671.731 60.00 59.9800 8.0 0.021 0.084
671.781 60.00 59.9900 7.5 0.004 0.028
671.830 60.00 60.0100 7.1 -0.013 -0.027
671.880 60.00 59.9800 8.0 0.021 0.083
671.930 60.00 59.9800 8.0 0.023 0.089
671.979 60.00 59.9900 7.6 0.006 0.034
672.029 60.00 59.9900 7.6 0.006 0.034
672.078 60.00 59.9800 7.8 0.015 0.061
672.129 60.00 59.9700 8.1 0.025 0.095
672.179 60.00 59.9900 7.6 0.008 0.040
672.229 60.00 59.9700 8.3 0.034 0.122
672.279 60.00 59.9900 7.7 0.010 0.046
672.327 60.00 59.9800 8.0 0.021 0.081
672.378 60.00 59.9900 7.6 0.008 0.038
672.428 60.00 59.9800 7.8 0.015 0.059
672.477 60.00 59.9800 7.8 0.015 0.059
672.527 60.00 59.9900 7.6 0.008 0.038
672.576 60.00 59.9800 7.8 0.017 0.065
672.627 60.00 59.9800 8.0 0.023 0.085
672.677 60.00 60.0000 7.4 0.000 0.010
672.727 60.00 59.9900 7.5 0.006 0.030
672.777 60.00 59.9900 7.7 0.010 0.043
672.825 60.00 59.9700 8.2 0.029 0.105
672.876 60.00 59.9300 9.3 0.071 0.241
672.926 60.00 59.9800 7.9 0.021 0.077
672.975 60.00 60.0000 7.3 -0.002 0.001
673.025 60.00 59.9800 7.8 0.015 0.055
673.074 60.00 59.9800 7.8 0.015 0.055
673.125 60.00 60.0100 7.0 -0.015 -0.041
673.175 60.00 59.9700 8.0 0.025 0.089
673.225 60.00 59.9700 8.0 0.025 0.089
673.275 60.00 59.9800 7.9 0.021 0.075
673.323 60.00 59.9800 7.9 0.019 0.067
673.375 60.00 60.0000 7.3 -0.002 -0.001
673.424 60.00 59.9900 7.5 0.004 0.019
673.474 60.00 59.9900 7.5 0.004 0.019
673.524 60.00 59.9800 7.8 0.019 0.066
673.573 60.00 59.9800 7.9 0.021 0.074
673.623 60.00 60.0100 7.0 -0.015 -0.043
673.673 60.00 59.9900 7.7 0.013 0.046
673.723 60.00 59.9400 8.8 0.055 0.182
673.772 60.00 59.9900 7.7 0.013 0.045
673.822 60.00 59.9900 7.6 0.010 0.038
673.871 60.00 60.0000 7.2 -0.004 -0.010
673.922 60.00 59.9800 7.8 0.017 0.058
673.972 60.00 59.9900 7.5 0.004 0.017
674.021 60.00 60.0300 6.6 -0.029 -0.092
674.072 60.00 59.9700 8.2 0.031 0.106
674.121 60.00 59.9800 8.0 0.023 0.078
674.171 60.00 59.9800 7.9 0.021 0.072
674.221 60.00 60.0000 7.4 0.002 0.010
674.270 60.00 59.9900 7.4 0.004 0.016
674.320 60.00 59.9700 8.2 0.031 0.105
674.369 60.00 59.9800 7.7 0.015 0.050
674.420 60.00 59.9900 7.7 0.013 0.043
674.470 60.00 59.9800 7.8 0.017 0.056
674.519 60.00 60.0000 7.2 -0.004 -0.012
674.570 60.00 60.0200 6.8 -0.019 -0.060
674.619 60.00 60.0000 7.2 -0.006 -0.018
674.670 60.00 59.9900 7.4 0.004 0.015
674.719 60.00 59.9800 7.9 0.021 0.070
674.768 60.00 59.9700 8.1 0.029 0.097
674.818 60.00 59.9800 7.8 0.019 0.062
674.867 60.00 60.0000 7.3 -0.002 -0.006
674.918 60.00 59.9900 7.4 0.004 0.014
674.968 60.00 60.0100 7.1 -0.008 -0.027
675.017 60.00 60.0200 6.8 -0.019 -0.060
675.067 60.00 59.9800 7.8 0.019 0.062
675.116 60.00 59.9900 7.5 0.008 0.028
675.167 60.00 59.9700 8.2 0.031 0.103
675.218 60.00 59.9900 7.4 0.004 0.014
675.267 60.00 59.9800 7.8 0.017 0.055
675.316 60.00 59.9900 7.5 0.008 0.027
675.366 60.00 59.9800 7.9 0.023 0.075
675.416 60.00 59.9800 7.7 0.015 0.047
675.466 60.00 59.9800 7.9 0.023 0.074
675.517 60.00 59.9800 7.7 0.015 0.047
675.566 60.00 59.9800 7.8 0.017 0.053
675.615 60.00 60.0000 7.2 -0.004 -0.015
675.665 60.00 60.0000 7.4 0.002 0.005
675.715 60.00 60.0000 7.3 0.000 -0.001
675.765 60.00 59.8900 10.2 0.111 0.360
675.814 60.00 60.0000 7.2 -0.004 -0.017
675.864 60.00 59.9900 7.6 0.013 0.038
675.913 60.00 59.9800 7.7 0.015 0.045
675.964 60.00 60.0000 7.1 -0.006 -0.023
676.014 60.00 59.9800 7.7 0.015 0.044
676.063 60.00 59.9800 7.8 0.019 0.058
676.114 60.00 59.9900 7.6 0.010 0.030
676.163 60.00 59.9800 7.9 0.023 0.071
676.214 60.00 59.9800 7.8 0.021 0.065
676.263 60.00 59.9800 7.7 0.015 0.043
676.312 60.00 59.9900 7.6 0.013 0.036
676.362 60.00 60.0000 7.1 -0.006 -0.025
676.411 60.00 59.9900 7.5 0.010 0.029
676.462 60.00 60.0100 6.9 -0.015 -0.053
676.512 60.00 60.0000 7.2 -0.004 -0.018
676.561 60.00 59.9800 7.8 0.021 0.064
676.612 60.00 59.9900 7.5 0.008 0.022
676.661 60.00 60.0100 7.0 -0.010 -0.038
676.712 60.00 59.9700 8.1 0.029 0.091
676.761 60.00 60.0100 7.0 -0.010 -0.039
676.810 60.00 60.0000 7.2 -0.002 -0.011
676.860 60.00 59.9900 7.5 0.008 0.022
676.909 60.00 60.0200 6.7 -0.023 -0.080
676.960 60.00 60.0000 7.2 -0.002 -0.011
677.010 60.00 59.9900 7.4 0.004 0.009
677.059 60.00 60.0000 7.3 0.000 -0.004
677.109 60.00 59.9900 7.5 0.008 0.023
677.159 60.00 60.0000 7.2 -0.004 -0.018
677.210 60.00 59.9900 7.4 0.006 0.016
677.259 60.00 60.0100 6.9 -0.013 -0.046
677.308 60.00 60.0000 7.2 -0.004 -0.018
677.359 60.00 59.9900 7.5 0.008 0.023
677.408 60.00 60.0000 7.2 -0.004 -0.018
677.459 60.00 59.9600 8.2 0.036 0.112
677.509 60.00 60.0000 7.3 0.000 -0.005
677.558 60.00 60.0000 7.3 0.000 -0.004
677.607 60.00 59.9800 7.8 0.021 0.064
677.656 60.00 60.0200 6.8 -0.019 -0.066
677.707 60.00 60.0100 7.0 -0.008 -0.032
677.757 60.00 60.0000 7.1 -0.006 -0.024
677.807 60.00 60.0000 7.2 -0.002 -0.011
677.856 60.00 59.9900 7.5 0.008 0.023
677.906 60.00 60.0100 7.0 -0.008 -0.032
677.956 60.00 60.0100 7.1 -0.008 -0.032
678.007 60.00 60.0000 7.1 -0.006 -0.024
678.057 60.00 60.0200 6.8 -0.017 -0.058
678.105 60.00 60.0100 7.0 -0.013 -0.045
678.155 60.00 60.0400 6.2 -0.042 -0.139
678.204 60.00 60.0200 6.8 -0.019 -0.064
678.255 60.00 60.0100 7.1 -0.008 -0.030
678.305 60.00 60.0100 7.0 -0.010 -0.036
678.354 60.00 60.0100 7.0 -0.013 -0.043
678.404 60.00 59.9900 7.6 0.010 0.032
678.454 60.00 60.0300 6.5 -0.031 -0.104
678.505 60.00 60.0200 6.8 -0.017 -0.056
678.554 60.00 59.9900 7.5 0.006 0.019
678.603 60.00 60.0000 7.2 -0.004 -0.015
678.653 60.00 60.0000 7.3 0.000 -0.001
678.702 60.00 60.0200 6.9 -0.017 -0.056
678.753 60.00 59.9900 7.5 0.006 0.019
678.803 60.00 60.0000 7.3 0.000 -0.001
678.852 60.00 59.9600 8.3 0.038 0.121
678.902 60.00 60.0100 6.9 -0.015 -0.050
678.951 60.00 60.0000 7.1 -0.006 -0.022
679.002 60.00 60.0000 7.2 -0.002 -0.008
679.053 60.00 60.0200 6.8 -0.019 -0.063
679.102 60.00 60.0200 6.8 -0.019 -0.062
679.151 60.00 60.0200 6.7 -0.023 -0.076
679.200 60.00 60.0200 6.8 -0.021 -0.068
679.251 60.00 60.0200 6.8 -0.019 -0.062
679.301 60.00 60.0100 6.9 -0.015 -0.048
679.351 60.00 60.0100 7.0 -0.010 -0.034
679.400 60.00 60.0100 7.0 -0.010 -0.033
679.449 60.00 60.0300 6.5 -0.029 -0.095
679.500 60.00 60.0200 6.8 -0.019 -0.060
679.550 60.00 60.0200 6.7 -0.023 -0.074
679.600 60.00 60.0400 6.3 -0.038 -0.121
679.649 60.00 60.0000 7.3 -0.002 -0.005
679.698 60.00 60.0200 6.9 -0.017 -0.052
679.749 60.00 60.0000 7.3 -0.002 -0.005
679.799 60.00 60.0300 6.4 -0.034 -0.107
679.849 60.00 60.0100 6.9 -0.015 -0.045
679.899 60.00 60.0200 6.8 -0.019 -0.058
679.948 60.00 60.0000 7.2 -0.004 -0.010
679.998 60.00 60.0200 6.7 -0.025 -0.079
680.048 60.00 60.0100 7.0 -0.013 -0.038
680.098 60.00 60.0200 6.7 -0.025 -0.078
680.147 60.00 60.0200 6.8 -0.021 -0.064
680.197 60.00 60.0200 6.8 -0.021 -0.063
680.246 60.00 60.0100 7.1 -0.008 -0.023
680.297 60.00 60.0000 7.2 -0.006 -0.015
680.347 60.00 60.0300 6.5 -0.034 -0.104
680.397 60.00 60.0100 7.1 -0.008 -0.022
680.447 60.00 60.0000 7.3 -0.002 -0.002
680.495 60.00 60.0100 7.0 -0.015 -0.043
680.546 60.00 60.0300 6.5 -0.034 -0.104
680.596 60.00 60.0600 5.7 -0.063 -0.198
680.645 60.00 60.0000 7.2 -0.006 -0.013
680.695 60.00 60.1300 3.9 -0.130 -0.415
680.744 60.00 60.0500 6.1 -0.048 -0.148
680.795 60.00 60.0300 6.5 -0.034 -0.100
680.845 60.00 60.0300 6.5 -0.034 -0.099
680.894 60.00 60.0200 6.7 -0.025 -0.072
680.944 60.00 60.0200 6.9 -0.019 -0.051
680.993 60.00 60.0100 7.2 -0.008 -0.017
681.044 60.00 60.0300 6.6 -0.029 -0.085
681.095 60.00 60.0000 7.3 -0.004 -0.003
681.144 60.00 60.0100 7.2 -0.008 -0.017
681.193 60.00 60.0100 7.1 -0.010 -0.023
681.242 60.00 60.0200 6.8 -0.021 -0.057
681.293 60.00 60.0000 7.2 -0.006 -0.009
681.344 60.00 60.0100 7.1 -0.013 -0.030
681.393 60.00 60.0200 6.8 -0.023 -0.064
681.442 60.00 60.0200 6.8 -0.021 -0.056
681.491 60.00 60.0300 6.5 -0.035 -0.103
681.542 60.00 60.0200 6.9 -0.019 -0.049
681.592 60.00 60.0100 7.0 -0.015 -0.036
681.641 60.00 60.0400 6.3 -0.042 -0.123
681.691 60.00 60.0200 6.7 -0.025 -0.069
681.740 60.00 59.9900 7.5 0.004 0.027
681.791 60.00 60.0400 6.4 -0.038 -0.109
681.841 60.00 60.0300 6.5 -0.034 -0.095
681.892 60.00 60.0200 6.8 -0.023 -0.061
681.940 60.00 60.0200 6.8 -0.023 -0.061
681.990 60.00 60.0300 6.5 -0.035 -0.101
682.040 60.00 60.0200 6.8 -0.023 -0.060
682.090 60.00 60.0600 5.9 -0.057 -0.169
682.140 60.00 60.0100 7.0 -0.015 -0.032
682.189 60.00 60.0200 6.8 -0.023 -0.059
682.239 60.00 60.0300 6.7 -0.029 -0.079
682.288 60.00 60.0500 6.1 -0.050 -0.147
682.339 60.00 60.0400 6.3 -0.044 -0.126
682.390 60.00 60.0500 6.0 -0.055 -0.160
682.439 60.00 60.0300 6.7 -0.027 -0.070
682.488 60.00 60.0600 5.8 -0.061 -0.179
682.537 60.00 60.0600 5.8 -0.061 -0.178
682.588 60.00 60.0500 6.2 -0.048 -0.137
682.638 60.00 60.0400 6.2 -0.046 -0.130
682.687 60.00 60.0300 6.6 -0.034 -0.088
682.737 60.00 60.0500 6.1 -0.050 -0.142
682.786 60.00 60.0500 6.0 -0.055 -0.155
682.837 60.00 60.0400 6.4 -0.040 -0.107
682.887 60.00 60.0200 7.0 -0.017 -0.031
682.936 60.00 60.0500 6.2 -0.048 -0.133
682.987 60.00 60.0500 6.2 -0.050 -0.140
683.036 60.00 60.0100 7.1 -0.015 -0.024
683.087 60.00 60.0300 6.6 -0.034 -0.085
683.136 60.00 60.0300 6.6 -0.035 -0.091
683.185 60.00 60.0600 5.8 -0.065 -0.187
683.235 60.00 60.0400 6.3 -0.046 -0.124
683.284 60.00 60.0300 6.7 -0.031 -0.076
683.335 60.00 60.0500 6.1 -0.055 -0.151
683.385 60.00 60.0300 6.6 -0.035 -0.088
683.434 60.00 60.0600 6.0 -0.059 -0.163
683.484 60.00 60.0600 6.0 -0.059 -0.163
683.533 60.00 60.0300 6.6 -0.035 -0.087
683.584 60.00 60.0600 5.8 -0.065 -0.182
683.634 60.00 60.0400 6.4 -0.042 -0.106
683.683 60.00 60.0300 6.7 -0.031 -0.072
683.734 60.00 60.0300 6.8 -0.029 -0.065
683.783 60.00 60.0900 5.2 -0.090 -0.262
683.834 60.00 60.0500 6.2 -0.050 -0.132
683.884 60.00 60.0500 6.2 -0.052 -0.138
683.933 60.00 60.0600 5.9 -0.063 -0.171
683.982 60.00 60.0400 6.3 -0.046 -0.117
684.031 60.00 60.0500 6.2 -0.050 -0.130
684.082 60.00 60.0600 5.8 -0.065 -0.177
684.132 60.00 60.0600 6.1 -0.057 -0.149
684.182 60.00 60.0600 5.9 -0.065 -0.176
684.231 60.00 60.0600 6.0 -0.059 -0.155
684.281 60.00 60.0700 5.7 -0.071 -0.195
684.331 60.00 60.0400 6.6 -0.038 -0.085
684.381 60.00 60.0300 6.8 -0.029 -0.057
684.432 60.00 60.0300 6.7 -0.035 -0.077
684.481 60.00 60.0500 6.2 -0.052 -0.132
684.531 60.00 60.0700 5.7 -0.071 -0.193
684.579 60.00 60.0500 6.3 -0.048 -0.117
684.630 60.00 60.1000 5.1 -0.096 -0.273
684.680 60.00 60.0500 6.2 -0.052 -0.129
684.729 60.00 60.0500 6.3 -0.048 -0.115
684.779 60.00 60.0500 6.3 -0.050 -0.121
684.828 60.00 60.0500 6.3 -0.050 -0.121
684.879 60.00 60.0300 6.7 -0.035 -0.072
684.929 60.00 60.0200 7.0 -0.025 -0.039
684.978 60.00 60.0700 5.8 -0.071 -0.188
685.029 60.00 60.0500 6.3 -0.050 -0.119
685.078 60.00 60.0500 6.2 -0.055 -0.133
685.129 60.00 60.0400 6.6 -0.040 -0.085
685.178 60.00 60.0500 6.3 -0.052 -0.125
685.227 60.00 60.0200 7.0 -0.025 -0.036
685.277 60.00 60.0700 5.7 -0.076 -0.200
685.326 60.00 60.0200 7.1 -0.021 -0.021
685.377 60.00 60.0700 5.7 -0.073 -0.191
685.427 60.00 60.0300 6.7 -0.035 -0.068
685.476 60.00 60.0400 6.6 -0.042 -0.088
685.526 60.00 60.0800 5.6 -0.080 -0.211
685.575 60.00 60.0600 6.0 -0.063 -0.156
685.626 60.00 60.0500 6.3 -0.050 -0.114
685.676 60.00 60.0600 6.1 -0.059 -0.141
685.725 60.00 60.0400 6.5 -0.046 -0.100
685.775 60.00 60.0500 6.4 -0.048 -0.106
685.824 60.00 60.0700 5.8 -0.071 -0.181
685.876 60.00 60.0600 6.0 -0.065 -0.160
685.926 60.00 60.0600 6.1 -0.061 -0.146
685.976 60.00 60.0500 6.4 -0.048 -0.104
686.024 60.00 60.0900 5.3 -0.090 -0.240
686.073 60.00 60.0600 6.0 -0.063 -0.150
686.124 60.00 60.0400 6.5 -0.046 -0.096
686.174 60.00 60.0400 6.6 -0.044 -0.089
686.224 60.00 60.0700 5.7 -0.076 -0.190
686.273 60.00 60.0700 6.0 -0.067 -0.162
686.323 60.00 60.0700 5.7 -0.076 -0.189
686.373 60.00 60.0700 5.8 -0.071 -0.175
686.423 60.00 60.0700 5.8 -0.073 -0.180
686.473 60.00 60.0300 7.0 -0.029 -0.037
686.523 60.00 60.0700 5.8 -0.073 -0.180
686.572 60.00 60.0400 6.5 -0.046 -0.091
686.621 60.00 60.0800 5.7 -0.078 -0.193
686.672 60.00 60.0900 5.4 -0.090 -0.233
686.722 60.00 60.0700 6.0 -0.067 -0.157
686.771 60.00 60.0400 6.7 -0.040 -0.068
686.821 60.00 60.0600 6.2 -0.061 -0.136
686.870 60.00 60.0500 6.3 -0.055 -0.115
686.921 60.00 60.0600 6.3 -0.057 -0.121
686.971 60.00 60.0700 6.0 -0.067 -0.155
687.020 60.00 60.0600 6.1 -0.063 -0.141
687.071 60.00 60.0600 6.2 -0.059 -0.127
687.120 60.00 60.0600 6.2 -0.059 -0.126
687.171 60.00 60.0400 6.7 -0.042 -0.071
687.220 60.00 60.0800 5.5 -0.086 -0.214
687.269 60.00 60.0600 6.2 -0.061 -0.132
687.320 60.00 60.1000 5.3 -0.096 -0.247
687.368 60.00 60.0400 6.8 -0.040 -0.062
687.420 60.00 60.0800 5.7 -0.080 -0.191
687.470 60.00 60.0600 6.3 -0.057 -0.116
687.518 60.00 60.0900 5.5 -0.088 -0.218
687.568 60.00 60.0600 6.2 -0.061 -0.128
687.617 60.00 60.1600 3.7 -0.157 -0.441
687.668 60.00 60.0300 7.1 -0.027 -0.017
687.718 60.00 60.0800 5.6 -0.086 -0.208
687.767 60.00 60.0800 5.7 -0.082 -0.193
687.817 60.00 60.1000 5.2 -0.100 -0.254
687.866 60.00 60.0300 7.0 -0.034 -0.035
687.917 60.00 60.0600 6.3 -0.061 -0.124
687.967 60.00 60.0700 6.1 -0.067 -0.144
688.018 60.00 60.0600 6.3 -0.061 -0.123
688.067 60.00 60.0600 6.2 -0.065 -0.136
688.115 60.00 60.0600 6.4 -0.057 -0.109
688.166 60.00 60.0700 6.0 -0.069 -0.149
688.216 60.00 60.0600 6.4 -0.057 -0.108
688.266 60.00 60.1500 3.9 -0.151 -0.413
688.315 60.00 60.0900 5.5 -0.090 -0.215
688.365 60.00 60.0600 6.4 -0.057 -0.105
688.415 60.00 60.0600 6.2 -0.065 -0.132
688.465 60.00 60.0500 6.5 -0.055 -0.097
688.515 60.00 60.0800 5.8 -0.080 -0.179
688.564 60.00 60.0800 5.8 -0.082 -0.185
688.615 60.00 60.0700 5.9 -0.076 -0.164
688.664 60.00 60.0600 6.2 -0.065 -0.130
688.714 60.00 60.0800 5.9 -0.078 -0.170
688.764 60.00 60.0700 6.0 -0.071 -0.149
688.813 60.00 60.0600 6.2 -0.065 -0.128
688.863 60.00 60.0700 6.2 -0.067 -0.134
688.912 60.00 60.0600 6.3 -0.063 -0.120
688.963 60.00 60.0800 5.8 -0.082 -0.181
689.013 60.00 60.0600 6.2 -0.065 -0.126
689.062 60.00 60.0800 5.8 -0.080 -0.173
689.112 60.00 60.0600 6.3 -0.061 -0.112
689.162 60.00 60.0700 6.0 -0.073 -0.152
689.213 60.00 60.1000 5.2 -0.103 -0.247
689.263 60.00 60.0800 5.8 -0.082 -0.178
689.312 60.00 60.0700 6.0 -0.076 -0.157
689.361 60.00 60.0800 5.8 -0.082 -0.177
689.410 60.00 60.0800 5.9 -0.078 -0.163
689.462 60.00 60.0600 6.5 -0.057 -0.094
689.512 60.00 60.0700 6.2 -0.069 -0.135
689.560 60.00 60.1000 5.4 -0.096 -0.222
689.610 60.00 60.0700 6.1 -0.071 -0.140
689.659 60.00 60.0600 6.4 -0.061 -0.106
689.710 60.00 60.0600 6.3 -0.063 -0.112
689.760 60.00 60.0800 6.0 -0.078 -0.160
689.809 60.00 60.0600 6.4 -0.061 -0.105
689.859 60.00 60.0700 6.1 -0.071 -0.138
689.908 60.00 60.0600 6.3 -0.065 -0.118
689.959 60.00 60.0800 5.9 -0.082 -0.171
690.009 60.00 60.0700 6.0 -0.076 -0.151
690.058 60.00 60.0600 6.3 -0.065 -0.116
690.109 60.00 60.0800 5.9 -0.082 -0.170
690.157 60.00 60.0600 6.4 -0.063 -0.108
690.208 60.00 60.0600 6.5 -0.057 -0.088
690.258 60.00 60.1000 5.5 -0.096 -0.217
690.308 60.00 60.0600 6.3 -0.065 -0.114
690.357 60.00 60.0700 6.2 -0.071 -0.134
690.406 60.00 60.0600 6.4 -0.061 -0.100
690.457 60.00 60.0500 6.8 -0.048 -0.058
690.507 60.00 60.0800 6.0 -0.078 -0.154
690.557 60.00 60.0800 5.8 -0.086 -0.181
690.606 60.00 60.0800 6.0 -0.078 -0.153
690.656 60.00 60.0800 5.8 -0.084 -0.173
690.707 60.00 60.0600 6.4 -0.063 -0.104
690.756 60.00 60.0600 6.5 -0.061 -0.097
690.806 60.00 60.0700 6.2 -0.069 -0.124
690.855 60.00 60.0600 6.5 -0.061 -0.097
690.905 60.00 60.0800 5.9 -0.084 -0.171
690.954 60.00 60.0500 6.6 -0.055 -0.075
691.005 60.00 60.0900 5.7 -0.090 -0.191
691.055 60.00 60.0600 6.6 -0.057 -0.081
691.104 60.00 60.0800 5.8 -0.086 -0.176
691.154 60.00 60.0700 6.3 -0.069 -0.121
691.203 60.00 60.0900 5.7 -0.090 -0.189
691.255 60.00 60.0600 6.5 -0.059 -0.087
691.305 60.00 60.0600 6.5 -0.059 -0.086
691.353 60.00 60.0900 5.7 -0.090 -0.188
691.403 60.00 60.0700 6.2 -0.073 -0.133
691.452 60.00 60.0600 6.4 -0.065 -0.106
691.503 60.00 60.1200 5.0 -0.117 -0.276
691.554 60.00 60.0700 6.3 -0.069 -0.118
691.603 60.00 59.9500 9.5 0.052 0.278
691.652 60.00 60.0800 6.0 -0.080 -0.153
691.701 60.00 60.0900 5.7 -0.092 -0.193
691.752 60.00 60.0600 6.5 -0.061 -0.091
691.802 60.00 60.0800 5.9 -0.084 -0.165
691.851 60.00 60.0400 7.1 -0.038 -0.015
691.901 60.00 60.0900 5.7 -0.092 -0.192
691.950 60.00 60.0800 6.0 -0.080 -0.151
692.001 60.00 60.0800 5.8 -0.086 -0.171
692.051 60.00 60.1100 5.3 -0.107 -0.238
692.100 60.00 60.0900 5.6 -0.094 -0.196
692.151 60.00 60.0700 6.3 -0.069 -0.114
692.199 60.00 60.1100 5.3 -0.109 -0.243
692.250 60.00 60.0600 6.6 -0.059 -0.079
692.300 60.00 60.0800 6.1 -0.078 -0.141
692.350 60.00 60.0800 6.0 -0.080 -0.147
692.399 60.00 60.0800 6.0 -0.082 -0.153
692.448 60.00 60.0900 5.8 -0.090 -0.180
692.499 60.00 60.0900 5.7 -0.092 -0.186
692.549 60.00 60.0800 6.1 -0.080 -0.145
692.599 60.00 60.0800 5.9 -0.086 -0.165
692.649 60.00 60.0900 5.8 -0.088 -0.171
692.698 60.00 60.0800 5.9 -0.086 -0.164
692.749 60.00 60.0800 5.9 -0.086 -0.163
692.799 60.00 60.0600 6.6 -0.061 -0.081
692.849 60.00 60.0700 6.3 -0.071 -0.115
692.898 60.00 60.0900 5.7 -0.094 -0.189
692.947 60.00 60.1100 5.2 -0.113 -0.250
692.996 60.00 60.0800 5.9 -0.086 -0.161
693.047 60.00 60.0800 5.9 -0.086 -0.160
693.097 60.00 60.0700 6.3 -0.071 -0.112
693.146 60.00 60.0600 6.5 -0.065 -0.092
693.196 60.00 60.1000 5.5 -0.103 -0.214
693.245 60.00 60.0900 5.8 -0.090 -0.173
693.296 60.00 60.0800 6.0 -0.086 -0.158
693.346 60.00 60.1000 5.6 -0.098 -0.199
693.395 60.00 60.0800 6.1 -0.082 -0.143
693.445 60.00 60.1100 5.3 -0.109 -0.231
693.494 60.00 60.0900 5.8 -0.090 -0.170
693.545 60.00 60.0900 5.8 -0.094 -0.183
693.595 60.00 60.0600 6.6 -0.063 -0.080
693.644 60.00 60.0900 5.9 -0.090 -0.169
693.695 60.00 60.1200 4.9 -0.126 -0.284
693.744 60.00 60.0800 6.2 -0.078 -0.126
693.795 60.00 60.1100 5.3 -0.111 -0.235
693.844 60.00 60.0800 6.1 -0.082 -0.139
693.893 60.00 60.0700 6.3 -0.076 -0.118
693.943 60.00 60.0900 5.8 -0.094 -0.179
693.992 60.00 60.0900 5.9 -0.088 -0.158
694.043 60.00 60.0500 6.8 -0.055 -0.049
694.093 60.00 60.0900 5.8 -0.092 -0.171
694.142 60.00 60.0500 7.0 -0.048 -0.028
694.192 60.00 60.0900 5.8 -0.092 -0.171
694.241 60.00 60.0700 6.4 -0.071 -0.102
694.293 60.00 60.0800 6.0 -0.086 -0.150
694.343 60.00 60.0700 6.5 -0.069 -0.095
694.392 60.00 60.0900 5.8 -0.092 -0.169
694.441 60.00 60.1100 5.5 -0.107 -0.216
694.490 60.00 60.0800 6.0 -0.086 -0.148
694.541 60.00 60.1000 5.6 -0.103 -0.202
694.591 60.00 60.0900 5.9 -0.090 -0.161
694.641 60.00 60.1100 5.5 -0.107 -0.214
694.690 60.00 60.1100 5.3 -0.113 -0.234
694.740 60.00 60.0700 6.4 -0.073 -0.104
694.790 60.00 60.0800 6.3 -0.078 -0.118
694.840 60.00 60.0800 6.0 -0.086 -0.145
694.890 60.00 60.0800 6.1 -0.084 -0.137
694.940 60.00 60.1100 5.3 -0.115 -0.239
694.990 60.00 60.1000 5.6 -0.103 -0.198
695.038 60.00 60.0800 6.3 -0.078 -0.116
695.089 60.00 60.0900 6.0 -0.088 -0.149
695.139 60.00 60.0800 6.1 -0.086 -0.142
695.188 60.00 60.0800 6.2 -0.082 -0.128
695.238 60.00 60.0900 6.0 -0.090 -0.155
695.288 60.00 60.0900 6.0 -0.090 -0.155
695.339 60.00 60.1000 5.6 -0.105 -0.202
695.388 60.00 60.0700 6.6 -0.067 -0.079
695.437 60.00 60.0700 6.5 -0.071 -0.092
695.487 60.00 60.0900 6.0 -0.088 -0.147
695.536 60.00 60.0900 6.0 -0.090 -0.153
695.587 60.00 60.0900 6.0 -0.088 -0.146
695.637 60.00 60.1300 4.8 -0.136 -0.302
695.686 60.00 60.1000 5.8 -0.096 -0.171
695.736 60.00 60.0800 6.1 -0.086 -0.137
695.786 60.00 60.0800 6.1 -0.086 -0.137
695.837 60.00 60.0800 6.2 -0.084 -0.130
695.887 60.00 60.0700 6.4 -0.076 -0.102
695.935 60.00 60.0600 6.7 -0.065 -0.068
695.985 60.00 60.1200 5.0 -0.126 -0.266
696.034 60.00 60.0800 6.3 -0.078 -0.108
696.085 60.00 60.1200 5.3 -0.117 -0.238
696.135 60.00 60.0700 6.5 -0.071 -0.087
696.184 60.00 60.0800 6.2 -0.084 -0.127
696.234 60.00 60.0700 6.6 -0.069 -0.079
696.283 60.00 60.1200 5.1 -0.126 -0.263
696.334 60.00 60.0700 6.6 -0.069 -0.078
696.384 60.00 60.0900 6.1 -0.088 -0.140
696.435 60.00 60.1100 5.6 -0.107 -0.200
696.483 60.00 60.0900 6.1 -0.088 -0.139
696.532 60.00 60.0800 6.3 -0.082 -0.118
696.583 60.00 60.0900 5.9 -0.094 -0.158
696.633 60.00 60.0600 6.8 -0.063 -0.056
696.683 60.00 60.0700 6.5 -0.071 -0.083
696.732 60.00 60.1200 5.1 -0.126 -0.261
696.781 60.00 60.1000 5.9 -0.096 -0.164
696.832 60.00 60.0700 6.5 -0.071 -0.082
696.882 60.00 60.1000 5.9 -0.096 -0.163
696.932 60.00 60.0800 6.2 -0.086 -0.129
696.981 60.00 60.0700 6.4 -0.076 -0.095
697.031 60.00 60.0600 6.8 -0.061 -0.047
697.082 60.00 60.0700 6.4 -0.076 -0.095
697.132 60.00 60.0900 6.1 -0.088 -0.136
697.181 60.00 60.0800 6.3 -0.082 -0.115
697.230 60.00 60.0800 6.3 -0.080 -0.108
697.281 60.00 60.1000 5.8 -0.098 -0.169
697.330 60.00 60.1000 5.9 -0.096 -0.161
697.381 60.00 60.0800 6.3 -0.082 -0.113
697.431 60.00 60.0800 6.3 -0.080 -0.106
697.479 60.00 60.0600 6.8 -0.061 -0.045
697.529 60.00 60.0900 6.1 -0.088 -0.134
697.578 60.00 60.0900 6.0 -0.094 -0.154
697.629 60.00 60.1000 5.8 -0.098 -0.167
697.679 60.00 60.1000 5.7 -0.103 -0.180
697.728 60.00 60.0700 6.5 -0.076 -0.092
697.778 60.00 60.0900 6.0 -0.094 -0.152
697.827 60.00 60.0800 6.4 -0.078 -0.098
697.878 60.00 60.0800 6.2 -0.086 -0.125
697.928 60.00 60.0900 6.1 -0.090 -0.138
697.978 60.00 60.0800 6.4 -0.078 -0.097
698.027 60.00 60.0700 6.5 -0.073 -0.083
698.076 60.00 60.0800 6.3 -0.082 -0.110
698.127 60.00 60.0800 6.4 -0.078 -0.097
698.177 60.00 60.0800 6.3 -0.082 -0.110
698.226 60.00 60.0800 6.3 -0.082 -0.110
698.276 60.00 60.1200 5.3 -0.122 -0.239
698.325 60.00 60.0800 6.2 -0.086 -0.123
698.376 60.00 60.1100 5.5 -0.113 -0.211
698.427 60.00 60.0800 6.4 -0.078 -0.095
698.476 60.00 60.0800 6.4 -0.080 -0.101
698.525 60.00 60.0900 6.0 -0.094 -0.149
698.574 60.00 60.1000 5.8 -0.100 -0.168
698.625 60.00 60.1000 5.8 -0.100 -0.168
698.675 60.00 60.0700 6.5 -0.076 -0.087
698.725 60.00 60.0800 6.3 -0.084 -0.113
698.774 60.00 60.0900 6.1 -0.092 -0.140
698.823 60.00 60.1100 5.5 -0.113 -0.208
698.874 60.00 60.0700 6.6 -0.071 -0.072
698.924 60.00 60.0800 6.2 -0.086 -0.119
698.974 60.00 60.0600 6.8 -0.063 -0.044
699.023 60.00 60.0700 6.5 -0.076 -0.085
699.073 60.00 60.1000 5.9 -0.098 -0.160
699.124 60.00 60.0900 6.1 -0.090 -0.132
699.173 60.00 60.1000 5.8 -0.100 -0.166
699.223 60.00 60.0900 6.1 -0.092 -0.138
699.273 60.00 60.0600 6.8 -0.065 -0.050
699.323 60.00 60.1000 5.9 -0.100 -0.165
699.371 60.00 60.1000 5.8 -0.103 -0.172
699.422 60.00 60.1000 6.0 -0.096 -0.151
699.472 60.00 60.0700 6.5 -0.076 -0.083
699.521 60.00 60.0700 6.6 -0.071 -0.069
699.571 60.00 60.0700 6.6 -0.073 -0.075
699.620 60.00 60.0900 6.0 -0.094 -0.144
699.671 60.00 60.0600 6.9 -0.063 -0.041
699.721 60.00 60.0800 6.4 -0.080 -0.096
699.771 60.00 60.0900 6.1 -0.092 -0.137
699.821 60.00 60.0700 6.5 -0.076 -0.082
699.870 60.00 60.0800 6.4 -0.082 -0.102
699.920 60.00 60.0800 6.4 -0.080 -0.095
699.970 60.00 60.0800 6.3 -0.084 -0.109
700.019 60.00 60.0900 6.0 -0.094 -0.143
700.069 60.00 60.0700 6.7 -0.071 -0.068
700.118 60.00 60.0500 7.3 -0.048 0.007
700.169 60.00 60.0800 6.4 -0.080 -0.095
700.219 60.00 60.0700 6.7 -0.071 -0.068
700.268 60.00 60.0900 6.2 -0.088 -0.122
700.318 60.00 60.0700 6.6 -0.073 -0.074
700.368 60.00 60.0700 6.7 -0.071 -0.068
700.419 60.00 60.1000 6.0 -0.096 -0.149
700.468 60.00 60.0700 6.5 -0.076 -0.081
700.517 60.00 60.0800 6.4 -0.082 -0.101
700.567 60.00 60.0700 6.8 -0.067 -0.054
700.616 60.00 60.0700 6.8 -0.067 -0.054
700.667 60.00 60.0800 6.3 -0.086 -0.115
700.717 60.00 60.0600 7.0 -0.057 -0.020
700.766 60.00 60.0700 6.7 -0.071 -0.068
700.816 60.00 60.0700 6.7 -0.071 -0.068
700.865 60.00 60.0700 6.7 -0.069 -0.061
700.916 60.00 60.0900 6.1 -0.092 -0.135
700.967 60.00 60.0800 6.4 -0.080 -0.094
701.017 60.00 60.0600 7.0 -0.059 -0.027
701.065 60.00 60.0800 6.4 -0.080 -0.095
701.115 60.00 60.0700 6.8 -0.067 -0.054
701.165 60.00 60.0500 7.1 -0.055 -0.013
701.215 60.00 60.0700 6.7 -0.071 -0.068
701.266 60.00 60.0700 6.8 -0.067 -0.054
701.315 60.00 60.0700 6.8 -0.067 -0.054
701.364 60.00 60.0500 7.1 -0.055 -0.013
701.413 60.00 60.0600 7.0 -0.059 -0.027
701.464 60.00 60.0700 6.8 -0.067 -0.055
701.514 60.00 60.0600 6.9 -0.063 -0.041
701.563 60.00 60.0600 6.9 -0.061 -0.035
701.613 60.00 60.0700 6.6 -0.073 -0.075
701.662 60.00 60.0600 6.9 -0.063 -0.041
701.713 60.00 60.0600 6.8 -0.065 -0.049
701.763 60.00 60.0500 7.1 -0.055 -0.015
701.812 60.00 60.0900 6.1 -0.092 -0.137
701.863 60.00 60.0800 6.4 -0.080 -0.096
701.912 60.00 60.0600 7.0 -0.057 -0.021
701.963 60.00 60.0400 7.5 -0.040 0.033
702.012 60.00 60.0800 6.5 -0.078 -0.090
702.061 60.00 60.0600 6.9 -0.063 -0.042
702.111 60.00 60.0700 6.7 -0.067 -0.056
702.160 60.00 60.0700 6.5 -0.076 -0.083
702.211 60.00 60.0600 6.9 -0.061 -0.036
702.261 60.00 60.0800 6.5 -0.078 -0.090
702.310 60.00 60.0900 6.1 -0.092 -0.137
702.361 60.00 60.0600 7.0 -0.057 -0.022
702.410 60.00 60.1000 6.0 -0.096 -0.151
702.461 60.00 60.0600 6.9 -0.063 -0.042
702.510 60.00 60.0800 6.4 -0.080 -0.096
702.559 60.00 60.0600 6.8 -0.065 -0.049
702.609 60.00 60.0700 6.7 -0.069 -0.063
702.658 60.00 60.0600 6.9 -0.061 -0.036
702.709 60.00 60.0500 7.2 -0.050 -0.001
702.759 60.00 59.9900 8.6 0.004 0.175
702.808 60.00 60.0600 6.8 -0.065 -0.051
702.858 60.00 60.0600 6.8 -0.063 -0.044
702.907 60.00 60.0500 7.2 -0.048 0.004
702.959 60.00 60.0300 7.6 -0.035 0.045
703.009 60.00 60.0700 6.6 -0.071 -0.072
703.058 60.00 60.0800 6.4 -0.078 -0.093
703.107 60.00 60.0800 6.2 -0.086 -0.120
703.156 60.00 60.0800 6.3 -0.082 -0.106
703.207 60.00 60.0800 6.3 -0.082 -0.105
703.258 60.00 60.0600 7.0 -0.059 -0.031
703.308 60.00 60.0800 6.4 -0.080 -0.099
703.356 60.00 60.0700 6.5 -0.076 -0.085
703.406 60.00 60.0700 6.6 -0.071 -0.071
703.456 60.00 60.0400 7.5 -0.040 0.031
703.506 60.00 60.0700 6.6 -0.071 -0.072
703.556 60.00 60.0000 8.4 -0.004 0.146
703.605 60.00 60.0700 6.7 -0.067 -0.059
703.655 60.00 60.0500 7.2 -0.048 0.002
703.704 60.00 60.0600 6.9 -0.059 -0.032
703.755 60.00 60.0600 6.8 -0.063 -0.046
703.806 60.00 60.0600 7.0 -0.057 -0.026
703.855 60.00 60.0700 6.5 -0.073 -0.080
703.905 60.00 60.0700 6.7 -0.067 -0.060
703.953 60.00 60.0600 7.0 -0.057 -0.026
704.004 60.00 60.0600 7.0 -0.057 -0.026
704.054 60.00 60.0800 6.4 -0.080 -0.101
704.103 60.00 60.0400 7.3 -0.046 0.008
704.153 60.00 60.0800 6.3 -0.082 -0.108
704.202 60.00 60.0900 6.0 -0.092 -0.142
704.253 60.00 60.0600 6.9 -0.059 -0.033
704.303 60.00 60.0500 7.0 -0.055 -0.019
704.353 60.00 60.0500 7.2 -0.050 -0.006
704.403 60.00 60.0400 7.3 -0.044 0.014
704.451 60.00 60.0800 6.4 -0.078 -0.095
704.502 60.00 60.0600 6.8 -0.065 -0.055
704.552 60.00 60.0500 7.0 -0.055 -0.020
704.601 60.00 60.0300 7.8 -0.027 0.068
704.651 60.00 60.0600 6.8 -0.061 -0.042
704.700 60.00 60.0600 6.9 -0.059 -0.035
704.751 60.00 60.0400 7.5 -0.038 0.033
704.801 60.00 60.0400 7.4 -0.040 0.026
704.850 60.00 60.0700 6.6 -0.071 -0.077
704.901 60.00 60.0500 7.1 -0.050 -0.008
704.950 60.00 60.0400 7.2 -0.046 0.005
705.001 60.00 60.0400 7.4 -0.040 0.025
705.050 60.00 60.0400 7.3 -0.044 0.011
705.100 60.00 60.0400 7.3 -0.042 0.018
705.149 60.00 60.0400 7.3 -0.042 0.017
705.198 60.00 60.0400 7.4 -0.040 0.023
705.249 60.00 60.0200 7.9 -0.019 0.091
705.299 60.00 60.0600 6.8 -0.061 -0.046
705.349 60.00 60.0200 7.8 -0.023 0.077
705.398 60.00 60.0300 7.5 -0.034 0.042
705.448 60.00 60.0400 7.4 -0.038 0.028
705.498 60.00 60.0700 6.5 -0.073 -0.088
705.548 60.00 60.0200 7.8 -0.023 0.075
705.598 60.00 60.0400 7.4 -0.038 0.027
705.647 60.00 60.0400 7.2 -0.044 0.006
705.697 60.00 60.0800 6.3 -0.078 -0.103
705.747 60.00 60.0700 6.4 -0.076 -0.096
705.798 60.00 60.0500 7.1 -0.050 -0.014
705.848 60.00 60.0700 6.6 -0.069 -0.076
705.896 60.00 60.0500 7.0 -0.055 -0.028
705.946 60.00 60.0300 7.5 -0.035 0.034
705.995 60.00 60.0200 7.7 -0.025 0.067
706.046 60.00 60.0700 6.5 -0.071 -0.084
706.096 60.00 60.0400 7.2 -0.046 -0.002
706.145 60.00 60.0500 7.1 -0.050 -0.016
706.195 60.00 60.0600 6.7 -0.065 -0.064
706.244 60.00 60.0600 6.7 -0.065 -0.064
706.295 60.00 60.0600 6.9 -0.057 -0.036
706.345 60.00 60.0400 7.3 -0.042 0.012
706.395 60.00 60.0300 7.5 -0.035 0.032
706.444 60.00 60.0500 6.9 -0.055 -0.031
706.493 60.00 60.0600 6.9 -0.057 -0.038
706.544 60.00 60.0300 7.5 -0.035 0.031
706.594 60.00 60.0600 6.8 -0.061 -0.052
706.643 60.00 60.0200 7.9 -0.019 0.085
706.693 60.00 60.0700 6.4 -0.073 -0.093
706.742 60.00 60.0400 7.2 -0.044 0.002
706.793 60.00 60.0400 7.4 -0.038 0.022
706.843 60.00 60.0500 6.9 -0.055 -0.032
706.892 60.00 60.0100 8.0 -0.013 0.103
706.943 60.00 60.0300 7.7 -0.027 0.056
706.992 60.00 60.0500 6.9 -0.055 -0.034
707.043 60.00 60.0300 7.5 -0.031 0.041
707.092 60.00 60.0400 7.2 -0.042 0.007
707.141 60.00 60.0500 7.1 -0.048 -0.014
707.191 60.00 60.0800 6.2 -0.080 -0.116
707.241 60.00 60.0300 7.5 -0.031 0.040
707.292 60.00 60.0300 7.4 -0.035 0.027
707.342 60.00 60.0500 6.9 -0.055 -0.036
707.392 60.00 60.0300 7.6 -0.027 0.053
707.440 60.00 60.0400 7.2 -0.044 -0.002
707.490 60.00 60.0300 7.6 -0.027 0.052
707.540 60.00 60.0400 7.3 -0.040 0.011
707.590 60.00 60.0400 7.1 -0.046 -0.010
707.640 60.00 60.0500 6.9 -0.052 -0.031
707.689 60.00 60.0500 6.9 -0.055 -0.038
707.739 60.00 60.0500 6.9 -0.052 -0.031
707.788 60.00 60.0500 6.9 -0.055 -0.038
707.840 60.00 60.0400 7.3 -0.038 0.017
707.890 60.00 60.0600 6.6 -0.065 -0.073
707.939 60.00 60.0500 7.0 -0.050 -0.024
707.989 60.00 60.0600 6.8 -0.057 -0.045
708.037 60.00 60.0400 7.2 -0.044 -0.005
708.088 60.00 60.0500 6.9 -0.055 -0.039
708.138 60.00 60.0400 7.2 -0.044 -0.005
708.187 60.00 60.0500 7.0 -0.050 -0.025
708.237 60.00 60.0300 7.5 -0.029 0.043
708.286 60.00 60.0400 7.3 -0.040 0.008
708.337 60.00 60.0000 8.3 -0.002 0.130
708.387 60.00 60.0400 7.1 -0.044 -0.007
708.436 60.00 60.0400 7.1 -0.046 -0.014
708.487 60.00 60.0400 7.2 -0.042 0.000
708.535 60.00 60.0300 7.4 -0.034 0.027
708.586 60.00 60.0400 7.2 -0.042 -0.001
708.636 60.00 60.0400 7.2 -0.040 0.006
708.685 60.00 60.0600 6.6 -0.065 -0.077
708.735 60.00 60.0400 7.1 -0.044 -0.008
708.784 60.00 60.0600 6.7 -0.059 -0.056
708.835 60.00 60.0400 7.3 -0.038 0.012
708.885 60.00 60.0300 7.6 -0.027 0.046
708.934 60.00 60.0300 7.4 -0.034 0.025
708.984 60.00 60.0400 7.2 -0.042 -0.002
709.033 60.00 60.0400 7.1 -0.044 -0.010
709.085 60.00 60.0300 7.5 -0.029 0.038
709.135 60.00 60.0500 6.8 -0.055 -0.045
709.184 60.00 60.0400 7.3 -0.038 0.010
709.234 60.00 60.0400 7.2 -0.042 -0.004
709.282 60.00 60.0200 7.8 -0.019 0.071
709.333 60.00 60.0500 6.9 -0.052 -0.039
709.384 60.00 60.0100 7.9 -0.015 0.083
709.434 60.00 60.0500 6.9 -0.050 -0.033
709.482 60.00 60.0400 7.2 -0.042 -0.005
709.531 60.00 60.0300 7.4 -0.031 0.028
709.582 60.00 60.0400 7.1 -0.044 -0.013
709.632 60.00 60.0400 7.2 -0.040 0.000
709.682 60.00 60.0400 7.1 -0.042 -0.006
709.731 60.00 60.0500 6.9 -0.052 -0.041
709.781 60.00 60.0300 7.4 -0.031 0.027
709.831 60.00 60.0400 7.2 -0.038 0.006
709.881 60.00 60.0200 7.7 -0.021 0.061
709.931 60.00 60.0400 7.1 -0.044 -0.015
709.980 60.00 60.0200 7.6 -0.025 0.046
710.031 60.00 60.0400 7.2 -0.040 -0.002
710.080 60.00 60.0400 7.1 -0.042 -0.009
710.131 60.00 60.0800 6.2 -0.078 -0.125
710.180 60.00 60.0400 7.1 -0.044 -0.016
710.229 60.00 60.0200 7.7 -0.019 0.066
710.279 60.00 60.0300 7.5 -0.027 0.038
710.328 60.00 60.0600 6.6 -0.061 -0.071
710.379 60.00 60.0100 8.0 -0.010 0.093
710.429 60.00 60.0200 7.7 -0.021 0.058
710.478 60.00 60.0500 6.9 -0.048 -0.031
710.528 60.00 60.0200 7.7 -0.019 0.064
710.577 60.00 60.0300 7.4 -0.031 0.023
710.629 60.00 60.0500 6.9 -0.048 -0.032
710.679 60.00 60.0400 7.2 -0.038 0.001
710.727 60.00 60.0300 7.4 -0.029 0.029
710.777 60.00 60.0200 7.7 -0.021 0.056
710.826 60.00 60.0200 7.8 -0.017 0.069
710.877 60.00 60.0300 7.4 -0.031 0.021
710.927 60.00 60.0200 7.6 -0.021 0.055
710.976 60.00 60.0200 7.7 -0.019 0.060
711.026 60.00 60.0200 7.6 -0.021 0.054
711.075 60.00 60.0200 7.5 -0.025 0.039
711.126 60.00 60.0400 7.1 -0.040 -0.009
711.176 60.00 60.0200 7.5 -0.025 0.038
711.225 60.00 60.0300 7.3 -0.034 0.011
711.275 60.00 60.0400 7.2 -0.038 -0.003
711.324 60.00 60.0300 7.3 -0.031 0.017
711.375 60.00 60.0000 8.1 -0.004 0.105
711.425 60.00 60.0400 7.2 -0.038 -0.004
711.476 60.00 60.0400 7.2 -0.038 -0.005
711.525 60.00 59.9900 8.4 0.008 0.145
711.573 60.00 60.0000 8.0 -0.006 0.097
711.624 60.00 60.0100 7.8 -0.013 0.075
711.674 60.00 60.0300 7.4 -0.029 0.021
711.724 60.00 59.9300 9.9 0.065 0.327
711.773 60.00 60.0200 7.5 -0.023 0.039
711.823 60.00 60.0400 7.0 -0.042 -0.022
711.873 60.00 60.0200 7.5 -0.025 0.031
711.923 60.00 60.0400 7.1 -0.040 -0.016
711.973 60.00 60.0300 7.4 -0.027 0.025
712.022 60.00 60.0500 6.8 -0.050 -0.051
712.073 60.00 60.0000 8.0 -0.004 0.099
712.122 60.00 60.0200 7.5 -0.023 0.037
712.173 60.00 60.0500 6.8 -0.050 -0.052
712.222 60.00 60.0200 7.4 -0.025 0.030
712.271 60.00 60.0000 8.0 -0.004 0.098
712.321 60.00 60.0200 7.6 -0.019 0.049
712.370 60.00 60.0200 7.7 -0.017 0.056
712.421 60.00 60.0400 7.0 -0.040 -0.020
712.471 60.00 60.0100 7.9 -0.008 0.082
712.520 60.00 60.0200 7.5 -0.021 0.041
712.570 60.00 60.0200 7.5 -0.023 0.034
712.620 60.00 60.0200 7.6 -0.019 0.047
712.671 60.00 60.0100 7.7 -0.015 0.060
712.720 60.00 60.0300 7.2 -0.034 -0.002
712.769 60.00 60.0300 7.2 -0.031 0.005
712.819 60.00 60.0200 7.6 -0.017 0.053
712.868 60.00 60.0300 7.3 -0.029 0.011
712.919 60.00 60.0400 7.0 -0.042 -0.030
712.969 60.00 60.0100 7.8 -0.010 0.072
713.018 60.00 60.0200 7.5 -0.023 0.031
713.068 60.00 60.0000 8.0 -0.004 0.092
713.117 60.00 60.0400 6.9 -0.042 -0.031
713.169 60.00 59.9900 8.3 0.008 0.132
713.219 60.00 60.0300 7.3 -0.027 0.016
713.267 60.00 60.0300 7.1 -0.035 -0.012
713.317 60.00 60.0400 7.0 -0.040 -0.026
713.366 60.00 60.0300 7.3 -0.029 0.008
713.417 60.00 60.0200 7.5 -0.019 0.042
713.468 60.00 60.0200 7.6 -0.017 0.048
713.517 60.00 60.0100 7.8 -0.008 0.075
713.566 60.00 60.0100 7.8 -0.010 0.068
713.615 60.00 60.0000 7.9 -0.006 0.081
713.666 60.00 60.0100 7.7 -0.013 0.060
713.716 60.00 60.0100 7.8 -0.008 0.073
713.766 60.00 60.0300 7.2 -0.031 -0.002
713.815 60.00 60.0100 7.6 -0.015 0.052
713.865 60.00 59.9900 8.3 0.010 0.133
713.915 60.00 60.0000 7.9 -0.004 0.085
713.965 60.00 60.0000 7.8 -0.006 0.078
714.015 60.00 60.0100 7.7 -0.013 0.056
714.064 60.00 60.0300 7.2 -0.031 -0.005
714.115 60.00 60.0300 7.2 -0.029 0.002
714.164 60.00 59.9900 8.2 0.008 0.124
714.214 60.00 60.0200 7.5 -0.019 0.035
714.264 60.00 60.0200 7.4 -0.021 0.028
714.313 60.00 60.0200 7.5 -0.019 0.034
714.363 60.00 60.0200 7.5 -0.019 0.034
714.412 60.00 60.0100 7.7 -0.010 0.061
714.463 60.00 60.0000 8.0 0.000 0.094
714.513 60.00 59.9900 8.1 0.004 0.107
714.562 60.00 60.0100 7.6 -0.013 0.052
714.612 60.00 60.0100 7.7 -0.010 0.059
714.662 60.00 60.0000 8.0 0.002 0.099
714.713 60.00 59.9900 8.1 0.006 0.112
714.762 60.00 60.0100 7.6 -0.013 0.050
714.811 60.00 60.0100 7.7 -0.010 0.057
714.861 60.00 60.0300 7.2 -0.027 0.002
714.910 60.00 60.0100 7.7 -0.010 0.056
714.961 60.00 60.0100 7.6 -0.013 0.048
715.011 60.00 60.0100 7.7 -0.008 0.062
715.060 60.00 59.9800 8.3 0.015 0.136
715.110 60.00 60.0100 7.6 -0.013 0.047
715.159 60.00 60.0200 7.4 -0.019 0.026
715.210 60.00 60.0200 7.2 -0.025 0.005
715.260 60.00 60.0200 7.4 -0.021 0.019
715.309 60.00 59.9800 8.3 0.015 0.134
715.359 60.00 60.0200 7.2 -0.025 0.004
715.408 60.00 60.0100 7.6 -0.010 0.052
715.459 60.00 60.0100 7.5 -0.015 0.037
715.509 60.00 60.0100 7.6 -0.010 0.051
715.558 60.00 60.0200 7.5 -0.017 0.030
715.608 60.00 60.0100 7.7 -0.008 0.057
715.658 60.00 60.0200 7.4 -0.017 0.030
715.709 60.00 59.9800 8.3 0.015 0.131
715.758 60.00 59.9900 8.2 0.010 0.117
715.808 60.00 60.0300 6.9 -0.035 -0.033
715.857 60.00 59.9900 8.0 0.004 0.096
715.906 60.00 60.0100 7.7 -0.008 0.054
715.957 60.00 60.0100 7.6 -0.008 0.054
716.007 60.00 60.0200 7.4 -0.017 0.027
716.057 60.00 60.0200 7.3 -0.021 0.013
716.106 60.00 59.9900 8.2 0.013 0.121
716.156 60.00 59.9100 10.1 0.084 0.353
716.206 60.00 59.9900 8.1 0.008 0.105
716.257 60.00 60.0100 7.5 -0.015 0.029
716.307 60.00 59.9900 8.0 0.006 0.097
716.356 60.00 59.9900 8.0 0.006 0.097
716.405 60.00 60.0000 7.7 -0.004 0.062
716.454 60.00 60.0200 7.4 -0.017 0.021
716.505 60.00 60.0000 7.7 -0.006 0.055
716.555 60.00 60.0100 7.5 -0.010 0.041
716.604 60.00 59.9900 8.0 0.006 0.095
716.654 60.00 60.0200 7.3 -0.019 0.013
716.703 60.00 60.0000 7.7 -0.004 0.060
716.754 60.00 59.9900 8.0 0.006 0.094
716.805 60.00 60.0000 7.7 -0.004 0.059
716.854 60.00 60.0100 7.4 -0.015 0.025
716.904 60.00 60.0000 7.8 0.002 0.079
716.952 60.00 60.0100 7.5 -0.010 0.038
717.003 60.00 59.9900 8.1 0.010 0.106
717.053 60.00 59.9900 8.0 0.006 0.091
717.102 60.00 60.0100 7.5 -0.010 0.037
717.152 60.00 60.0000 7.7 -0.004 0.057
717.201 60.00 60.0000 7.7 -0.004 0.056
717.252 60.00 60.0200 7.2 -0.021 0.002
717.302 60.00 60.0300 7.0 -0.027 -0.019
717.351 60.00 60.0000 7.7 -0.004 0.056
717.401 60.00 60.0400 6.7 -0.040 -0.061
717.450 60.00 60.0200 7.2 -0.023 -0.006
717.501 60.00 60.0000 7.7 -0.004 0.055
717.551 60.00 60.0500 6.5 -0.048 -0.088
717.600 60.00 60.0100 7.4 -0.015 0.021
717.650 60.00 60.0200 7.3 -0.017 0.014
717.700 60.00 60.0000 7.7 -0.004 0.055
717.751 60.00 60.0200 7.3 -0.017 0.014
717.800 60.00 59.9900 8.1 0.013 0.109
717.850 60.00 60.0200 7.3 -0.019 0.006
717.899 60.00 60.0300 6.9 -0.034 -0.042
717.948 60.00 60.0000 7.6 -0.006 0.047
717.999 60.00 60.0100 7.4 -0.013 0.026
718.049 60.00 60.0000 7.6 -0.004 0.053
718.099 60.00 60.0600 6.2 -0.057 -0.118
718.148 60.00 59.9600 8.8 0.038 0.189
718.198 60.00 60.0100 7.5 -0.008 0.038
718.248 60.00 59.9900 8.0 0.010 0.099
718.299 60.00 59.9800 8.3 0.021 0.134
718.349 60.00 59.9900 8.0 0.010 0.098
718.397 60.00 59.9900 8.0 0.008 0.091
718.447 60.00 60.0000 7.6 -0.004 0.049
718.496 60.00 60.0100 7.5 -0.010 0.029
718.547 60.00 60.0100 7.4 -0.013 0.021
718.597 60.00 59.9900 8.1 0.013 0.103
718.646 60.00 59.9900 7.9 0.006 0.082
718.696 60.00 60.0100 7.3 -0.015 0.013
718.746 60.00 59.9900 8.0 0.013 0.102
718.797 60.00 60.0500 6.3 -0.052 -0.110
718.848 60.00 60.0200 7.0 -0.025 -0.021
718.895 60.00 60.0200 7.1 -0.023 -0.014
718.945 60.00 60.0000 7.7 -0.002 0.054
718.994 60.00 59.9800 8.1 0.015 0.108
719.045 60.00 60.0200 7.2 -0.019 -0.001
719.096 60.00 60.0200 7.2 -0.019 -0.002
719.144 60.00 60.0000 7.6 -0.004 0.046
719.194 60.00 59.9700 8.6 0.034 0.168
719.243 60.00 59.9900 7.8 0.004 0.072
719.294 60.00 60.0100 7.5 -0.008 0.031
719.344 60.00 59.9900 7.8 0.004 0.071
719.394 60.00 60.0000 7.6 -0.004 0.044
719.444 60.00 60.0000 7.6 -0.004 0.043
719.492 60.00 60.0200 7.2 -0.019 -0.005
719.543 60.00 60.0000 7.7 0.002 0.064
719.593 60.00 60.0100 7.3 -0.015 0.008
719.642 60.00 59.8800 10.9 0.122 0.451
719.692 60.00 59.9900 7.8 0.006 0.074
719.741 60.00 59.9900 7.8 0.004 0.067
719.792 60.00 60.0000 7.7 0.000 0.053
719.842 60.00 60.0100 7.4 -0.010 0.019
719.891 60.00 60.0200 7.1 -0.019 -0.009
719.942 60.00 59.9800 8.1 0.019 0.114
719.991 60.00 60.0700 5.8 -0.069 -0.173
720.041 60.00 59.9900 7.9 0.008 0.080
720.091 60.00 59.9900 7.8 0.006 0.072
720.141 60.00 60.0100 7.3 -0.013 0.011
720.190 60.00 59.9900 7.8 0.006 0.072
720.240 60.00 60.0100 7.3 -0.013 0.010
720.290 60.00 59.9800 8.1 0.017 0.106
720.340 60.00 60.0200 7.0 -0.023 -0.024
720.390 60.00 59.9900 7.8 0.006 0.071
720.439 60.00 60.0000 7.7 0.002 0.057
720.489 60.00 60.0100 7.2 -0.015 0.002
720.539 60.00 60.0000 7.6 -0.002 0.043
720.590 60.00 60.0000 7.6 -0.002 0.043
720.640 60.00 60.0000 7.5 -0.004 0.036
720.688 60.00 59.9900 7.7 0.004 0.062
720.738 60.00 60.0200 7.2 -0.017 -0.006
720.787 60.00 60.0000 7.5 -0.006 0.028
720.838 60.00 60.0000 7.5 -0.004 0.035
720.888 60.00 59.9900 7.7 0.004 0.061
720.937 60.00 59.9900 7.8 0.006 0.068
720.987 60.00 59.9900 7.8 0.008 0.074
721.036 60.00 60.0000 7.4 -0.006 0.027
721.087 60.00 60.0100 7.4 -0.008 0.019
721.137 60.00 60.0000 7.6 0.000 0.047
721.186 60.00 59.9800 8.2 0.021 0.115
721.236 60.00 60.0100 7.4 -0.008 0.018
721.285 60.00 60.0000 7.6 0.002 0.052
721.336 60.00 59.9700 8.5 0.034 0.154
721.386 60.00 59.9900 7.7 0.004 0.058
721.435 60.00 60.0100 7.3 -0.010 0.010
721.485 60.00 60.0000 7.6 0.000 0.044
721.534 60.00 59.9800 8.0 0.017 0.098
721.586 60.00 59.9800 8.0 0.017 0.098
721.635 60.00 60.0000 7.6 0.000 0.043
721.684 60.00 59.9900 7.7 0.004 0.056
721.734 60.00 59.9800 8.1 0.021 0.111
721.783 60.00 59.9800 8.2 0.023 0.117
721.834 60.00 59.9900 7.8 0.008 0.068
721.884 60.00 59.9800 8.1 0.021 0.109
721.933 60.00 59.9900 7.7 0.006 0.060
721.983 60.00 60.0000 7.6 0.002 0.047
722.032 60.00 59.9900 7.8 0.008 0.066
722.083 60.00 60.0000 7.5 -0.002 0.032
722.133 60.00 59.9800 8.0 0.019 0.100
722.184 60.00 59.9400 9.0 0.055 0.216
722.233 60.00 60.0000 7.5 -0.002 0.030
722.281 60.00 59.9900 7.8 0.013 0.078
722.332 60.00 59.9900 7.6 0.004 0.050
722.382 60.00 59.9900 7.8 0.013 0.077
722.432 60.00 60.0000 7.3 -0.006 0.016
722.481 60.00 60.0000 7.5 0.000 0.036
722.531 60.00 59.9900 7.6 0.004 0.049
722.581 60.00 60.0000 7.3 -0.006 0.015
722.631 60.00 59.9700 8.2 0.025 0.117
722.681 60.00 60.0000 7.5 -0.002 0.028
722.730 60.00 60.0200 7.0 -0.021 -0.033
722.781 60.00 59.9900 7.6 0.004 0.048
722.830 60.00 59.9800 8.0 0.019 0.095
722.881 60.00 59.9700 8.2 0.025 0.116
722.930 60.00 59.9800 8.0 0.019 0.094
722.979 60.00 60.0000 7.5 0.002 0.040
723.029 60.00 60.0000 7.5 0.000 0.033
723.078 60.00 60.0100 7.2 -0.010 -0.001
723.129 60.00 59.9800 8.0 0.021 0.101
723.179 60.00 60.0000 7.4 -0.002 0.025
723.228 60.00 60.0000 7.4 -0.002 0.025
723.278 60.00 60.0000 7.4 -0.002 0.025
723.327 60.00 59.9900 7.7 0.008 0.058
723.378 60.00 60.0200 6.9 -0.021 -0.037
723.428 60.00 60.0000 7.5 0.000 0.031
723.477 60.00 60.0100 7.2 -0.010 -0.003
723.527 60.00 59.9700 8.1 0.025 0.113
723.577 60.00 59.9700 8.1 0.025 0.112
723.628 60.00 60.0100 7.1 -0.013 -0.012
723.677 60.00 59.9900 7.8 0.013 0.070
723.726 60.00 60.0100 7.2 -0.010 -0.004
723.776 60.00 60.0000 7.5 0.002 0.036
723.825 60.00 60.0000 7.5 0.000 0.029
723.876 60.00 59.9800 8.0 0.021 0.098
723.926 60.00 59.9800 8.0 0.019 0.089
723.975 60.00 59.9800 7.8 0.015 0.076
724.025 60.00 60.0400 6.4 -0.040 -0.102
724.074 60.00 60.0000 7.5 0.000 0.028
724.125 60.00 59.9900 7.7 0.008 0.055
724.176 60.00 59.9900 7.7 0.008 0.055
724.226 60.00 59.9800 8.1 0.023 0.102
724.274 60.00 59.9800 7.8 0.015 0.074
724.323 60.00 60.0100 7.0 -0.015 -0.022
724.374 60.00 60.0000 7.5 0.002 0.033
724.424 60.00 59.9500 8.7 0.048 0.183
724.474 60.00 59.9900 7.8 0.013 0.066
724.523 60.00 59.9900 7.8 0.013 0.066
724.573 60.00 59.9900 7.6 0.006 0.045
724.623 60.00 60.0000 7.4 -0.002 0.018
724.673 60.00 59.9800 7.9 0.017 0.079
724.724 60.00 59.9900 7.5 0.004 0.037
724.772 60.00 59.9900 7.6 0.006 0.044
724.822 60.00 60.0000 7.3 -0.004 0.010
724.871 60.00 59.9800 7.9 0.019 0.084
724.922 60.00 59.9900 7.7 0.010 0.057
724.972 60.00 59.9900 7.6 0.006 0.043
725.021 60.00 59.9700 8.2 0.031 0.125
725.071 60.00 60.0000 7.2 -0.006 0.002
725.120 60.00 59.9800 8.0 0.021 0.091
725.171 60.00 59.9800 7.9 0.019 0.082
725.221 60.00 60.0300 6.5 -0.034 -0.088
725.270 60.00 59.9900 7.5 0.004 0.035
725.320 60.00 60.0000 7.4 0.000 0.021
725.369 60.00 59.9700 8.1 0.027 0.110
725.420 60.00 59.9900 7.7 0.013 0.061
725.470 60.00 59.9700 8.1 0.027 0.109
725.520 60.00 60.0000 7.3 -0.004 0.006
725.569 60.00 59.9900 7.7 0.013 0.060
725.618 60.00 59.9900 7.7 0.013 0.060
725.669 60.00 59.9800 7.9 0.019 0.080
725.719 60.00 59.9900 7.6 0.008 0.046
725.768 60.00 59.9700 8.1 0.027 0.107
725.818 60.00 59.9800 7.8 0.015 0.066
725.867 60.00 60.0000 7.4 0.000 0.018
725.918 60.00 60.0000 7.2 -0.006 -0.003
725.968 60.00 59.9900 7.7 0.013 0.058
726.017 60.00 59.9700 8.3 0.034 0.126
726.068 60.00 59.9800 8.0 0.023 0.092
726.117 60.00 59.9800 7.9 0.019 0.077
726.167 60.00 60.0000 7.2 -0.004 0.002
726.217 60.00 59.9900 7.6 0.010 0.050
726.266 60.00 60.0000 7.2 -0.004 0.002
726.316 60.00 60.0000 7.4 0.002 0.022
726.365 60.00 60.0000 7.2 -0.004 0.002
726.416 60.00 59.9800 7.8 0.019 0.076
726.466 60.00 60.0100 7.0 -0.013 -0.026
726.516 60.00 60.0000 7.3 -0.002 0.008
726.565 60.00 59.9900 7.6 0.010 0.049
726.615 60.00 59.9900 7.5 0.004 0.028
726.666 60.00 60.0000 7.3 0.000 0.015
726.716 60.00 59.9600 8.5 0.042 0.151
726.765 60.00 59.9900 7.7 0.013 0.055
726.814 60.00 60.0000 7.2 -0.006 -0.007
726.864 60.00 60.0000 7.3 0.000 0.014
726.913 60.00 60.0100 7.1 -0.010 -0.020
726.964 60.00 59.9900 7.6 0.010 0.047
727.014 60.00 59.9900 7.4 0.004 0.027
727.063 60.00 59.9700 8.1 0.027 0.102
727.113 60.00 60.0200 6.9 -0.017 -0.042
727.162 60.00 59.9800 7.9 0.021 0.082
727.213 60.00 59.9800 7.8 0.017 0.067
727.263 60.00 60.1500 3.3 -0.153 -0.484
727.312 60.00 59.9800 7.8 0.017 0.069
727.362 60.00 59.9800 7.9 0.021 0.083
727.412 60.00 59.9700 8.1 0.027 0.102
727.463 60.00 59.9800 7.8 0.017 0.068
727.513 60.00 60.0000 7.3 0.000 0.013
727.561 60.00 59.9900 7.6 0.010 0.047
727.611 60.00 59.9900 7.7 0.013 0.053
727.660 60.00 59.9900 7.4 0.004 0.026
727.711 60.00 59.9900 7.5 0.006 0.032
727.761 60.00 60.0100 7.0 -0.010 -0.022
727.810 60.00 59.9800 7.9 0.023 0.087
727.860 60.00 60.0600 5.8 -0.057 -0.172
727.909 60.00 60.0300 6.4 -0.035 -0.103
727.960 60.00 60.0200 6.8 -0.021 -0.055
728.010 60.00 60.0000 7.3 0.000 0.013
728.060 60.00 59.9900 7.4 0.004 0.026
728.110 60.00 60.0000 7.2 -0.006 -0.007
728.158 60.00 60.0000 7.2 -0.006 -0.007
728.209 60.00 60.0000 7.2 -0.006 -0.007
728.259 60.00 60.0000 7.2 -0.006 -0.007
728.308 60.00 60.0000 7.3 -0.002 0.006
728.358 60.00 60.0600 5.8 -0.057 -0.171
728.407 60.00 60.0000 7.2 -0.004 -0.000
728.458 60.00 59.9800 7.8 0.017 0.068
728.508 60.00 60.0100 7.0 -0.013 -0.028
728.558 60.00 59.9800 7.8 0.019 0.074
728.608 60.00 60.0300 6.4 -0.035 -0.102
728.656 60.00 60.0000 7.3 -0.002 0.006
728.707 60.00 59.9900 7.4 0.004 0.026
728.757 60.00 60.0200 6.7 -0.025 -0.069
728.807 60.00 60.0200 6.7 -0.023 -0.062
728.856 60.00 59.9900 7.7 0.013 0.054
728.906 60.00 60.0300 6.6 -0.027 -0.075
728.956 60.00 59.9900 7.6 0.008 0.041
729.006 60.00 59.9900 7.4 0.004 0.027
729.056 60.00 59.9900 7.6 0.010 0.047
729.106 60.00 59.9900 7.5 0.006 0.033
729.155 60.00 60.0000 7.2 -0.004 -0.001
729.204 60.00 59.9800 7.7 0.015 0.060
729.255 60.00 60.0200 6.9 -0.017 -0.042
729.305 60.00 60.0000 7.2 -0.004 -0.001
729.355 60.00 59.9900 7.6 0.010 0.047
729.405 60.00 59.9700 8.2 0.031 0.115
729.453 60.00 60.0000 7.2 -0.006 -0.008
729.504 60.00 60.0000 7.3 0.000 0.012
729.554 60.00 60.0000 7.2 -0.004 -0.002
729.603 60.00 60.0700 5.5 -0.069 -0.213
729.653 60.00 60.0100 7.0 -0.013 -0.028
729.702 60.00 60.0000 7.2 -0.006 -0.007
729.753 60.00 60.0000 7.3 0.000 0.013
729.803 60.00 59.9800 7.8 0.017 0.067
729.852 60.00 59.9700 8.0 0.025 0.095
729.902 60.00 60.0000 7.3 -0.002 0.005
729.951 60.00 59.9900 7.5 0.006 0.032
730.003 60.00 60.0000 7.3 0.000 0.012
730.053 60.00 59.9700 8.1 0.027 0.101
730.102 60.00 60.0000 7.3 0.000 0.011
730.151 60.00 60.0000 7.3 -0.002 0.004
730.200 60.00 60.0100 7.0 -0.010 -0.023
730.251 60.00 60.0000 7.2 -0.006 -0.009
730.301 60.00 60.0100 7.0 -0.013 -0.030
730.350 60.00 59.9700 8.2 0.031 0.114
730.400 60.00 59.9900 7.6 0.010 0.045
730.449 60.00 60.0000 7.2 -0.006 -0.009
730.500 60.00 60.0000 7.3 0.000 0.011
730.550 60.00 59.9800 7.8 0.017 0.065
730.601 60.00 59.9900 7.5 0.008 0.037
730.650 60.00 59.9900 7.4 0.004 0.023
730.698 60.00 59.9800 7.8 0.017 0.065
730.749 60.00 60.0200 6.8 -0.021 -0.058
730.799 60.00 59.9900 7.4 0.004 0.023
730.849 60.00 60.0000 7.4 0.002 0.017
730.898 60.00 60.0100 7.0 -0.013 -0.031
730.948 60.00 60.0200 6.8 -0.021 -0.058
730.998 60.00 59.9800 7.9 0.023 0.085
731.048 60.00 60.0200 6.8 -0.019 -0.052
731.098 60.00 60.0300 6.4 -0.034 -0.099
731.147 60.00 60.0000 7.2 -0.006 -0.010
731.197 60.00 60.0000 7.3 0.000 0.010
731.246 60.00 60.0100 6.9 -0.015 -0.038
731.297 60.00 59.9900 7.5 0.008 0.037
731.347 60.00 60.0000 7.2 -0.002 0.003
731.396 60.00 60.0000 7.2 -0.006 -0.010
731.447 60.00 60.0000 7.4 0.002 0.017
731.496 60.00 60.0200 6.8 -0.019 -0.051
731.547 60.00 60.0100 7.1 -0.008 -0.017
731.596 60.00 59.9900 7.6 0.010 0.044
731.645 60.00 60.0200 6.7 -0.023 -0.065
731.695 60.00 60.0000 7.3 0.000 0.010
731.744 60.00 60.0100 7.0 -0.013 -0.031
731.795 60.00 60.0100 6.9 -0.015 -0.038
731.845 60.00 60.0200 6.8 -0.019 -0.051
731.894 60.00 59.9900 7.4 0.004 0.024
731.944 60.00 60.0100 7.0 -0.010 -0.023
731.993 60.00 60.0100 7.0 -0.010 -0.023
732.045 60.00 60.0100 6.9 -0.015 -0.037
732.095 60.00 60.0200 6.8 -0.021 -0.057
732.144 60.00 60.0000 7.2 -0.006 -0.009
732.193 60.00 59.9900 7.4 0.004 0.025
732.242 60.00 60.0400 6.3 -0.038 -0.112
732.293 60.00 60.0200 6.8 -0.019 -0.050
732.343 60.00 60.0200 6.7 -0.025 -0.070
732.392 60.00 60.0200 6.8 -0.019 -0.049
732.442 60.00 60.0200 6.9 -0.017 -0.042
732.491 60.00 60.0100 7.0 -0.010 -0.021
732.542 60.00 60.0100 7.0 -0.013 -0.029
732.592 60.00 59.9900 7.4 0.004 0.026
732.641 60.00 60.0300 6.5 -0.029 -0.083
732.692 60.00 60.0000 7.3 -0.002 0.006
732.741 60.00 60.0400 6.2 -0.044 -0.131
732.791 60.00 60.0000 7.3 -0.002 0.006
732.841 60.00 60.0200 6.8 -0.021 -0.055
732.891 60.00 60.0300 6.6 -0.027 -0.075
732.940 60.00 60.0000 7.2 -0.004 0.000
732.990 60.00 60.0300 6.4 -0.035 -0.102
733.040 60.00 60.0200 6.7 -0.025 -0.068
733.090 60.00 60.0600 5.8 -0.057 -0.170
733.140 60.00 60.0100 7.1 -0.008 -0.012
733.189 60.00 60.0000 7.2 -0.006 -0.005
733.239 60.00 60.0000 7.2 -0.006 -0.005
733.288 60.00 60.0200 6.8 -0.021 -0.053
733.339 60.00 60.0000 7.3 -0.002 0.008
733.389 60.00 60.0000 7.3 -0.002 0.008
733.439 60.00 60.0000 7.2 -0.006 -0.005
733.488 60.00 60.0000 7.2 -0.004 0.001
733.537 60.00 60.0000 7.3 0.000 0.015
733.588 60.00 60.0200 6.8 -0.021 -0.053
733.638 60.00 60.0300 6.6 -0.029 -0.080
733.687 60.00 60.0000 7.2 -0.004 0.002
733.737 60.00 60.0100 7.1 -0.008 -0.012
733.786 60.00 60.0100 7.0 -0.015 -0.033
733.837 60.00 60.0100 7.1 -0.010 -0.018
733.887 60.00 60.0100 7.1 -0.010 -0.018
733.936 60.00 60.0000 7.2 -0.004 0.002
733.986 60.00 60.0200 6.7 -0.023 -0.059
734.036 60.00 60.0100 7.0 -0.013 -0.025
734.087 60.00 60.0200 6.7 -0.023 -0.059
734.137 60.00 60.0000 7.2 -0.006 -0.004
734.185 60.00 60.0200 6.7 -0.025 -0.066
734.235 60.00 60.0100 7.1 -0.010 -0.017
734.284 60.00 60.0300 6.6 -0.027 -0.072
734.335 60.00 60.0000 7.2 -0.004 0.003
734.385 60.00 60.0000 7.2 -0.006 -0.003
734.434 60.00 60.0200 6.8 -0.021 -0.051
734.484 60.00 60.0100 7.1 -0.008 -0.011
734.533 60.00 60.0100 7.1 -0.010 -0.017
734.585 60.00 60.0000 7.2 -0.006 -0.003
734.635 60.00 60.0300 6.5 -0.031 -0.085
734.684 60.00 60.0000 7.2 -0.006 -0.003
734.733 60.00 60.0300 6.6 -0.027 -0.071
734.782 60.00 60.0300 6.6 -0.029 -0.078
734.833 60.00 60.0200 6.9 -0.017 -0.037
734.883 60.00 60.0000 7.2 -0.006 -0.002
734.933 60.00 60.0000 7.4 0.002 0.025
734.982 60.00 60.0500 6.0 -0.052 -0.152
735.031 60.00 60.0100 7.0 -0.015 -0.030
735.082 60.00 60.0200 6.7 -0.025 -0.063
735.132 60.00 60.0200 6.8 -0.021 -0.049
735.182 60.00 60.0200 6.7 -0.025 -0.063
735.231 60.00 60.0200 6.9 -0.019 -0.042
735.281 60.00 60.0000 7.2 -0.006 -0.001
735.331 60.00 60.0200 6.8 -0.021 -0.048
735.381 60.00 60.0200 6.8 -0.021 -0.048
735.431 60.00 60.0300 6.6 -0.029 -0.076
735.481 60.00 60.0300 6.4 -0.035 -0.095
735.531 60.00 60.0300 6.5 -0.031 -0.082
735.579 60.00 60.0400 6.2 -0.046 -0.130
735.630 60.00 60.0000 7.4 0.000 0.021
735.680 60.00 60.0200 6.8 -0.021 -0.047
735.729 60.00 60.0200 6.9 -0.019 -0.040
735.779 60.00 59.9800 7.8 0.017 0.076
735.828 60.00 60.0200 7.0 -0.017 -0.034
735.879 60.00 60.0200 7.0 -0.017 -0.033
735.929 60.00 60.0000 7.2 -0.006 0.001
735.978 60.00 60.0300 6.5 -0.035 -0.094
736.029 60.00 60.0200 7.0 -0.017 -0.033
736.078 60.00 60.0200 7.0 -0.017 -0.033
736.128 60.00 60.0300 6.6 -0.029 -0.074
736.178 60.00 60.0200 6.9 -0.019 -0.039
736.227 60.00 60.0000 7.3 -0.002 0.015
736.277 60.00 60.0100 7.2 -0.008 -0.005
736.326 60.00 60.0200 6.8 -0.023 -0.053
736.377 60.00 60.0200 6.7 -0.025 -0.060
736.427 60.00 60.0200 6.9 -0.019 -0.039
736.476 60.00 60.0300 6.6 -0.029 -0.073
736.526 60.00 60.0300 6.7 -0.027 -0.066
736.576 60.00 60.0200 7.0 -0.017 -0.031
736.627 60.00 60.0300 6.5 -0.035 -0.092
736.677 60.00 60.0100 7.2 -0.008 -0.004
736.725 60.00 60.0200 7.0 -0.017 -0.031
736.775 60.00 60.0100 7.0 -0.015 -0.025
736.824 60.00 60.0300 6.7 -0.027 -0.065
736.875 60.00 60.0200 6.9 -0.021 -0.044
736.925 60.00 60.0200 6.7 -0.025 -0.058
736.975 60.00 60.0400 6.4 -0.038 -0.099
737.024 60.00 60.0200 6.9 -0.021 -0.043
737.073 60.00 60.0300 6.5 -0.035 -0.091
737.124 60.00 60.0000 7.4 -0.002 0.018
737.174 60.00 60.0100 7.2 -0.010 -0.009
737.224 60.00 60.0200 6.9 -0.019 -0.036
737.273 60.00 59.9800 7.8 0.015 0.073
737.323 60.00 60.0300 6.5 -0.034 -0.084
737.373 60.00 60.0300 6.7 -0.027 -0.063
737.424 60.00 60.0100 7.2 -0.010 -0.009
737.474 60.00 60.0100 7.1 -0.013 -0.016
737.523 60.00 60.0200 6.8 -0.025 -0.057
737.572 60.00 60.0400 6.2 -0.044 -0.118
737.621 60.00 60.0300 6.7 -0.027 -0.063
737.672 60.00 60.0200 6.8 -0.025 -0.056
737.722 60.00 60.0300 6.7 -0.027 -0.062
737.771 60.00 60.0300 6.6 -0.031 -0.076
737.821 60.00 60.0100 7.2 -0.008 -0.001
737.870 60.00 60.0200 6.9 -0.019 -0.035
737.921 60.00 60.0400 6.2 -0.046 -0.123
737.971 60.00 60.0200 6.9 -0.019 -0.034
738.020 60.00 60.0300 6.5 -0.035 -0.088
738.071 60.00 60.0200 6.8 -0.025 -0.054
738.120 60.00 60.1700 2.8 -0.174 -0.537
738.170 60.00 60.0400 6.2 -0.046 -0.120
738.220 60.00 60.0200 6.8 -0.025 -0.051
738.269 60.00 60.0100 7.1 -0.013 -0.010
738.319 60.00 60.0400 6.3 -0.044 -0.113
738.368 60.00 60.0200 6.8 -0.025 -0.051
738.419 60.00 60.0500 6.0 -0.055 -0.146
738.469 60.00 60.0400 6.4 -0.040 -0.098
738.518 60.00 60.0200 6.9 -0.023 -0.043
738.568 60.00 60.0300 6.8 -0.027 -0.056
738.618 60.00 60.0400 6.2 -0.046 -0.118
738.669 60.00 60.0300 6.7 -0.029 -0.062
738.718 60.00 60.0100 7.1 -0.015 -0.015
738.767 60.00 60.0300 6.8 -0.027 -0.055
738.817 60.00 60.0200 6.9 -0.023 -0.042
738.866 60.00 60.0400 6.4 -0.040 -0.096
738.917 60.00 60.0500 6.2 -0.048 -0.123
738.967 60.00 60.0200 6.9 -0.021 -0.033
739.016 60.00 60.0300 6.8 -0.027 -0.054
739.066 60.00 60.0300 6.7 -0.031 -0.067
739.115 60.00 60.0400 6.3 -0.046 -0.115
739.166 60.00 60.0100 7.3 -0.008 0.008
739.216 60.00 60.0100 7.1 -0.015 -0.013
739.266 60.00 60.0300 6.7 -0.029 -0.060
739.315 60.00 60.0300 6.6 -0.034 -0.074
739.365 60.00 60.0000 7.5 0.000 0.036
739.415 60.00 60.0000 7.5 0.000 0.035
739.466 60.00 60.0300 6.7 -0.029 -0.060
739.515 60.00 60.0400 6.5 -0.038 -0.087
739.564 60.00 60.0300 6.7 -0.029 -0.060
739.614 60.00 60.0400 6.5 -0.040 -0.094
739.663 60.00 60.0300 6.8 -0.027 -0.052
739.714 60.00 60.0200 6.8 -0.025 -0.046
739.764 60.00 60.0400 6.5 -0.040 -0.093
739.813 60.00 60.0200 6.9 -0.023 -0.038
739.863 60.00 60.0200 7.0 -0.019 -0.024
739.913 60.00 60.0300 6.7 -0.029 -0.058
739.964 60.00 60.0200 6.9 -0.023 -0.038
740.014 60.00 60.0300 6.7 -0.031 -0.065
740.062 60.00 60.0300 6.6 -0.035 -0.078
740.112 60.00 60.0500 6.1 -0.055 -0.140
740.161 60.00 60.0700 5.7 -0.067 -0.180
740.212 60.00 59.9700 8.4 0.031 0.141
740.262 60.00 60.0500 6.1 -0.055 -0.139
740.311 60.00 60.0200 6.9 -0.023 -0.036
740.361 60.00 60.0500 6.1 -0.052 -0.131
740.410 60.00 60.0000 7.5 -0.002 0.032
740.461 60.00 59.9900 7.8 0.008 0.066
740.511 60.00 60.0600 5.9 -0.063 -0.165
740.561 60.00 60.0300 6.8 -0.027 -0.049
740.610 60.00 60.0100 7.1 -0.015 -0.009
740.659 60.00 60.0400 6.5 -0.038 -0.083
740.710 60.00 60.0300 6.7 -0.031 -0.062
740.760 60.00 59.9900 7.8 0.008 0.067
740.809 60.00 60.0400 6.3 -0.046 -0.111
740.859 60.00 60.0300 6.6 -0.035 -0.075
740.908 60.00 60.0400 6.5 -0.040 -0.089
740.959 60.00 60.0500 6.2 -0.050 -0.123
741.009 60.00 60.0400 6.5 -0.040 -0.089
741.058 60.00 60.0200 6.9 -0.025 -0.041
741.108 60.00 60.0300 6.8 -0.027 -0.047
741.157 60.00 60.0400 6.5 -0.040 -0.088
741.208 60.00 60.0300 6.7 -0.031 -0.060
741.258 60.00 60.0100 7.2 -0.015 -0.006
741.308 60.00 60.0200 7.1 -0.017 -0.012
741.358 60.00 60.0200 7.0 -0.021 -0.026
741.407 60.00 60.0100 7.2 -0.013 0.001
741.457 60.00 60.0400 6.5 -0.038 -0.081
741.507 60.00 60.0300 6.8 -0.027 -0.046
741.557 60.00 60.0100 7.3 -0.010 0.008
741.606 60.00 60.0300 6.8 -0.027 -0.046
741.656 60.00 60.0400 6.4 -0.042 -0.094
741.706 60.00 60.0100 7.3 -0.010 0.009
741.756 60.00 60.0400 6.4 -0.044 -0.101
741.806 60.00 60.0200 7.1 -0.017 -0.012
741.855 60.00 60.0300 6.7 -0.031 -0.059
741.906 60.00 60.0000 7.5 -0.002 0.036
741.955 60.00 60.0300 6.7 -0.034 -0.066
742.006 60.00 60.0300 6.7 -0.034 -0.066
742.055 60.00 60.0300 6.8 -0.027 -0.045
742.104 60.00 60.0100 7.3 -0.010 0.009
742.154 60.00 60.0200 6.9 -0.025 -0.039
742.203 60.00 60.0300 6.7 -0.034 -0.066
742.254 60.00 60.0500 6.2 -0.050 -0.120
742.304 60.00 60.0400 6.3 -0.046 -0.106
742.353 60.00 60.0200 6.9 -0.025 -0.038
742.404 60.00 60.0100 7.3 -0.008 0.017
742.453 60.00 60.0000 7.6 0.002 0.051
742.503 60.00 60.0300 6.7 -0.034 -0.065
742.553 60.00 60.0300 6.7 -0.031 -0.058
742.602 60.00 60.0000 7.5 -0.004 0.031
742.652 60.00 60.0200 7.1 -0.019 -0.017
742.701 60.00 60.0100 7.3 -0.010 0.010
742.752 60.00 60.0300 6.8 -0.029 -0.051
742.802 60.00 60.0200 7.1 -0.017 -0.010
742.851 60.00 60.0000 7.5 -0.004 0.030
742.901 60.00 60.0200 7.0 -0.023 -0.031
742.951 60.00 60.0300 6.8 -0.029 -0.051
743.002 60.00 60.0100 7.2 -0.013 0.003
743.052 60.00 60.0700 5.6 -0.076 -0.202
743.100 60.00 60.0000 7.6 0.000 0.045
743.151 60.00 60.0200 6.9 -0.025 -0.038
743.200 60.00 60.0300 6.6 -0.035 -0.071
743.251 60.00 60.0100 7.3 -0.010 0.011
743.300 60.00 60.0000 7.4 -0.006 0.024
743.350 60.00 60.0700 5.8 -0.067 -0.174
743.399 60.00 60.0300 6.8 -0.027 -0.043
743.448 60.00 60.0500 6.3 -0.048 -0.112
743.499 60.00 60.0200 6.9 -0.025 -0.036
743.549 60.00 60.0200 7.1 -0.017 -0.009
743.599 60.00 60.0200 7.1 -0.019 -0.016
743.648 60.00 60.0100 7.3 -0.010 0.012
743.698 60.00 60.0200 7.1 -0.019 -0.016
743.748 60.00 60.0400 6.3 -0.046 -0.105
743.799 60.00 60.0200 7.0 -0.021 -0.022
743.848 60.00 60.0100 7.3 -0.010 0.012
743.898 60.00 60.0200 6.9 -0.025 -0.036
743.948 60.00 60.0300 6.8 -0.029 -0.050
743.997 60.00 59.9900 7.9 0.010 0.080
744.047 60.00 59.9900 7.7 0.004 0.059
744.097 60.00 60.0100 7.2 -0.013 0.004
744.146 60.00 60.0300 6.8 -0.027 -0.043
744.196 60.00 60.0200 6.9 -0.025 -0.037
744.245 60.00 60.0100 7.2 -0.013 0.004
744.296 60.00 60.0000 7.5 -0.004 0.031
744.346 60.00 59.9900 7.7 0.006 0.065
744.395 60.00 60.0300 6.8 -0.027 -0.044
744.445 60.00 60.0000 7.4 -0.006 0.024
744.494 60.00 60.0200 7.0 -0.023 -0.031
744.545 60.00 60.0100 7.2 -0.015 -0.004
744.596 60.00 60.0000 7.5 -0.004 0.031
744.645 60.00 60.0300 6.8 -0.029 -0.051
744.694 60.00 60.0100 7.2 -0.015 -0.004
744.743 60.00 60.0200 7.1 -0.019 -0.017
744.794 60.00 60.0100 7.3 -0.010 0.010
744.844 60.00 59.9900 7.8 0.008 0.071
744.893 60.00 60.0200 7.0 -0.023 -0.031
744.943 60.00 60.0100 7.3 -0.008 0.016
744.992 60.00 60.0000 7.6 0.002 0.050
745.044 60.00 60.0000 7.6 0.000 0.043
745.094 60.00 60.0000 7.4 -0.006 0.023
745.142 60.00 60.0200 6.9 -0.023 -0.032
745.192 60.00 60.0000 7.4 -0.006 0.023
745.241 60.00 60.0200 6.9 -0.023 -0.032
745.292 60.00 60.0200 7.0 -0.019 -0.019
745.342 60.00 60.0000 7.6 0.002 0.050
745.391 60.00 60.0300 6.7 -0.031 -0.060
745.441 60.00 60.0000 7.5 -0.002 0.036
745.490 60.00 60.0400 6.5 -0.040 -0.087
745.541 60.00 60.0200 6.9 -0.023 -0.032
745.591 60.00 60.0200 7.1 -0.017 -0.012
745.642 60.00 59.9900 7.7 0.006 0.063
745.690 60.00 60.0000 7.6 0.002 0.049
745.740 60.00 59.9900 7.8 0.010 0.076
745.790 60.00 60.0000 7.5 0.000 0.042
745.840 60.00 59.9900 7.8 0.008 0.068
745.890 60.00 60.0000 7.5 -0.002 0.034
745.939 60.00 60.0300 6.8 -0.029 -0.055
745.989 60.00 60.0200 6.9 -0.025 -0.041
746.038 60.00 59.9800 7.9 0.015 0.089
746.089 60.00 60.0300 6.6 -0.034 -0.068
746.139 60.00 60.0200 7.0 -0.021 -0.027
746.188 60.00 60.0100 7.1 -0.015 -0.007
746.239 60.00 60.0000 7.4 -0.004 0.027
746.288 60.00 59.9800 8.1 0.021 0.109
746.339 60.00 60.0000 7.5 -0.002 0.033
746.388 60.00 60.0400 6.4 -0.042 -0.096
746.437 60.00 60.0300 6.6 -0.034 -0.069
746.487 60.00 60.0100 7.3 -0.008 0.013
746.536 60.00 60.0100 7.1 -0.015 -0.008
746.587 60.00 59.9900 7.9 0.013 0.081
746.637 60.00 60.0100 7.2 -0.010 0.006
746.686 60.00 60.0100 7.1 -0.015 -0.008
746.736 60.00 60.0000 7.6 0.002 0.046
746.786 60.00 59.9500 8.9 0.050 0.203
746.837 60.00 60.0000 7.6 0.002 0.045
746.887 60.00 60.0300 6.7 -0.031 -0.064
746.936 60.00 60.0100 7.2 -0.010 0.004
746.985 60.00 60.0000 7.5 -0.002 0.031
747.035 60.00 59.9800 8.0 0.017 0.092
747.085 60.00 60.0000 7.5 0.000 0.037
747.136 60.00 60.0000 7.3 -0.006 0.017
747.185 60.00 59.9700 8.2 0.025 0.119
747.234 60.00 60.0000 7.3 -0.006 0.016
747.283 60.00 60.0100 7.2 -0.013 -0.005
747.334 60.00 60.0100 7.2 -0.013 -0.005
747.384 60.00 59.9900 7.6 0.004 0.050
747.433 60.00 59.9900 7.8 0.010 0.070
747.483 60.00 59.9900 7.8 0.013 0.076
747.532 60.00 60.0000 7.3 -0.006 0.015
747.583 60.00 59.9900 7.7 0.006 0.055
747.633 60.00 59.9800 7.9 0.017 0.089
747.683 60.00 59.9900 7.8 0.010 0.068
747.732 60.00 59.9700 8.2 0.027 0.123
747.782 60.00 60.0100 7.3 -0.008 0.006
747.833 60.00 59.9800 7.9 0.015 0.081
747.883 60.00 60.0200 7.0 -0.019 -0.028
747.932 60.00 59.9900 7.8 0.010 0.067
747.981 60.00 60.0000 7.5 0.002 0.039
748.031 60.00 59.9900 7.8 0.010 0.066
748.081 60.00 59.9900 7.6 0.004 0.045
748.131 60.00 60.0000 7.4 -0.004 0.018
748.181 60.00 60.0000 7.3 -0.004 0.018
748.230 60.00 59.9900 7.7 0.008 0.058
748.280 60.00 59.9800 8.0 0.019 0.092
748.330 60.00 59.9800 8.1 0.023 0.106
748.381 60.00 59.9600 8.4 0.036 0.146
748.431 60.00 60.0000 7.5 0.002 0.036
748.479 60.00 59.9800 8.0 0.019 0.090
748.529 60.00 60.0100 7.2 -0.008 0.001
748.578 60.00 60.0000 7.5 0.002 0.036
748.629 60.00 59.9900 7.6 0.006 0.049
748.679 60.00 59.9900 7.6 0.006 0.048
748.728 60.00 59.9700 8.2 0.027 0.117
748.778 60.00 59.9700 8.2 0.027 0.116
748.827 60.00 59.9800 8.0 0.023 0.102
748.879 60.00 60.0000 7.3 -0.006 0.006
748.929 60.00 59.9900 7.7 0.010 0.060
748.978 60.00 60.0000 7.5 0.002 0.033
749.028 60.00 59.9800 7.9 0.019 0.087
749.076 60.00 60.0100 7.0 -0.015 -0.023
749.127 60.00 59.9800 8.0 0.023 0.101
749.177 60.00 59.9800 8.0 0.023 0.100
749.227 60.00 59.9700 8.1 0.027 0.113
749.277 60.00 59.9000 10.0 0.096 0.337
749.325 60.00 59.9600 8.3 0.036 0.138
749.376 60.00 59.9500 8.7 0.048 0.178
749.426 60.00 59.9800 7.9 0.019 0.082
749.475 60.00 60.0000 7.4 0.002 0.027
749.525 60.00 59.9800 7.9 0.019 0.081
749.574 60.00 59.9600 8.5 0.042 0.157
749.625 60.00 60.0100 7.2 -0.008 -0.008
749.675 60.00 59.9900 7.7 0.010 0.053
749.725 60.00 59.9700 8.3 0.034 0.128
749.775 60.00 60.0400 6.3 -0.040 -0.111
749.824 60.00 59.9900 7.6 0.008 0.046
749.874 60.00 59.9900 7.6 0.010 0.053
749.924 60.00 59.9900 7.6 0.008 0.045
749.974 60.00 59.9900 7.6 0.010 0.052
750.023 60.00 59.9900 7.6 0.010 0.052
750.073 60.00 59.9800 7.8 0.017 0.072
750.123 60.00 59.9900 7.6 0.008 0.044
750.173 60.00 59.9700 8.1 0.027 0.106
750.223 60.00 60.0400 6.3 -0.040 -0.113
750.272 60.00 59.9700 8.2 0.031 0.119
750.323 60.00 59.9800 7.8 0.019 0.077
750.372 60.00 59.9400 8.8 0.055 0.193
750.423 60.00 59.9800 8.0 0.023 0.090
750.472 60.00 59.9900 7.6 0.008 0.042
750.521 60.00 59.9600 8.3 0.036 0.130
750.571 60.00 59.9800 7.9 0.021 0.083
750.620 60.00 59.9800 7.8 0.017 0.068
750.671 60.00 60.0100 7.0 -0.013 -0.028
750.721 60.00 59.9900 7.6 0.010 0.047
750.770 60.00 59.9800 7.8 0.017 0.068
750.820 60.00 59.9700 8.2 0.034 0.122
750.869 60.00 60.0000 7.2 -0.006 -0.008
750.920 60.00 59.9800 7.7 0.015 0.060
750.970 60.00 59.9900 7.5 0.006 0.032
751.019 60.00 59.9900 7.7 0.013 0.053
751.069 60.00 59.9800 7.9 0.023 0.087
751.118 60.00 60.0000 7.2 -0.002 0.004
751.169 60.00 59.9600 8.3 0.038 0.134
751.219 60.00 59.9800 7.8 0.017 0.065
751.268 60.00 59.9700 8.1 0.029 0.106
751.319 60.00 59.9800 7.7 0.015 0.057
751.368 60.00 59.9700 8.0 0.025 0.092
751.418 60.00 59.9400 8.9 0.061 0.207
751.468 60.00 59.9800 7.8 0.019 0.069
751.517 60.00 59.9700 8.0 0.027 0.097
751.567 60.00 59.9600 8.4 0.042 0.144
751.616 60.00 59.9300 9.2 0.071 0.239
751.667 60.00 59.9800 7.9 0.023 0.081
751.717 60.00 59.9700 8.0 0.027 0.094
751.766 60.00 59.9800 7.8 0.019 0.066
751.816 60.00 59.9500 8.7 0.052 0.175
751.866 60.00 59.9200 9.4 0.080 0.263
751.917 60.00 59.9800 7.8 0.021 0.072
751.967 60.00 60.0900 4.9 -0.088 -0.284
752.016 60.00 59.9500 8.6 0.050 0.167
752.065 60.00 59.9700 8.0 0.027 0.092
752.115 60.00 59.9600 8.2 0.038 0.125
752.165 60.00 59.9500 8.6 0.052 0.172
752.215 60.00 59.9900 7.5 0.010 0.035
752.265 60.00 59.9800 7.7 0.017 0.056
752.314 60.00 59.9600 8.3 0.040 0.130
752.364 60.00 59.9500 8.6 0.050 0.164
752.414 60.00 59.9700 8.1 0.031 0.102
752.465 60.00 60.0200 6.6 -0.023 -0.076
752.515 60.00 59.9500 8.4 0.046 0.149
752.563 60.00 59.9700 8.1 0.034 0.108
752.613 60.00 59.9900 7.5 0.010 0.032
752.662 60.00 59.9800 7.7 0.019 0.059
752.713 60.00 59.9600 8.2 0.036 0.114
752.763 60.00 59.9500 8.6 0.052 0.168
752.812 60.00 59.9400 8.8 0.059 0.188
752.862 60.00 59.9700 7.9 0.025 0.078
752.911 60.00 59.9600 8.1 0.036 0.112
752.962 60.00 59.9700 7.8 0.025 0.077
753.013 60.00 60.0000 7.2 0.002 0.002
753.061 60.00 59.9600 8.2 0.040 0.124
753.111 60.00 59.9800 7.7 0.019 0.055
753.160 60.00 59.9700 8.0 0.029 0.090
753.211 60.00 59.9600 8.1 0.036 0.110
753.261 60.00 59.9700 8.0 0.029 0.089
753.311 60.00 59.9800 7.8 0.023 0.068
753.361 60.00 59.9700 8.1 0.034 0.102
753.409 60.00 59.9400 8.6 0.055 0.169
753.460 60.00 59.9500 8.5 0.050 0.155
753.510 60.00 59.9700 7.9 0.029 0.087
753.559 60.00 59.9600 8.3 0.042 0.127
753.609 60.00 59.9700 8.0 0.031 0.092
753.658 60.00 59.9500 8.5 0.050 0.153
753.709 60.00 59.9400 8.8 0.063 0.194
753.759 60.00 59.9700 7.9 0.027 0.077
753.808 60.00 59.9800 7.7 0.021 0.057
753.858 60.00 59.9600 8.2 0.042 0.124
753.907 60.00 59.9500 8.3 0.044 0.130
753.959 60.00 59.9900 7.5 0.013 0.027
754.009 60.00 59.9600 8.2 0.040 0.116
754.058 60.00 59.9900 7.5 0.013 0.027
754.107 60.00 59.9500 8.4 0.050 0.149
754.156 60.00 59.9700 7.9 0.031 0.087
754.207 60.00 59.9500 8.4 0.050 0.148
754.257 60.00 59.9700 8.0 0.034 0.093
754.307 60.00 59.9400 8.7 0.059 0.175
754.356 60.00 59.9300 8.8 0.065 0.194
754.406 60.00 59.9700 7.9 0.029 0.078
754.456 60.00 59.9500 8.2 0.044 0.125
754.506 60.00 59.9400 8.5 0.055 0.159
754.557 60.00 59.9500 8.5 0.052 0.151
754.606 60.00 59.9500 8.3 0.048 0.137
754.655 60.00 59.9500 8.2 0.044 0.123
754.704 60.00 59.9500 8.2 0.044 0.122
754.755 60.00 59.9600 8.1 0.038 0.102
754.805 60.00 59.9600 8.1 0.038 0.101
754.854 60.00 59.9500 8.3 0.046 0.128
754.904 60.00 59.9700 7.7 0.025 0.060
754.953 60.00 59.9400 8.6 0.059 0.168
755.004 60.00 59.9400 8.7 0.061 0.174
755.054 60.00 59.9700 7.9 0.034 0.085
755.103 60.00 59.9400 8.6 0.059 0.167
755.153 60.00 59.9400 8.5 0.055 0.152
755.202 60.00 59.9700 7.9 0.031 0.076
755.253 60.00 59.9600 8.0 0.038 0.097
755.303 60.00 59.9700 7.7 0.025 0.056
755.353 60.00 59.9400 8.5 0.055 0.151
755.402 60.00 59.9900 7.3 0.013 0.014
755.451 60.00 59.9900 7.3 0.010 0.007
755.502 60.00 59.9600 8.0 0.038 0.096
755.552 60.00 59.9400 8.6 0.059 0.163
755.601 60.00 59.9700 7.7 0.027 0.061
755.651 60.00 59.9500 8.2 0.044 0.114
755.700 60.00 59.9400 8.5 0.057 0.155
755.751 60.00 59.9300 8.7 0.065 0.182
755.801 60.00 59.9700 7.7 0.027 0.059
755.850 60.00 59.9500 8.4 0.052 0.140
755.900 60.00 59.9700 7.7 0.027 0.058
755.950 60.00 59.9400 8.5 0.059 0.160
756.001 60.00 59.9700 7.7 0.025 0.050
756.050 60.00 59.9700 7.9 0.034 0.077
756.100 60.00 59.9700 7.6 0.025 0.050
756.149 60.00 59.9500 8.4 0.052 0.138
756.198 60.00 59.9400 8.5 0.059 0.158
756.249 60.00 59.8300 11.4 0.166 0.505
756.299 60.00 59.9900 7.2 0.010 -0.002
756.349 60.00 59.9700 7.7 0.027 0.053
756.398 60.00 59.9200 9.0 0.078 0.217
756.448 60.00 59.9300 8.7 0.067 0.181
756.498 60.00 59.9800 7.4 0.017 0.017
756.549 60.00 59.9000 9.5 0.096 0.276
756.599 60.00 59.9600 7.9 0.038 0.084
756.648 60.00 59.9200 9.0 0.080 0.221
756.697 60.00 59.9500 8.2 0.050 0.124
756.746 60.00 59.9500 8.2 0.048 0.117
756.797 60.00 59.9300 8.7 0.067 0.177
756.847 60.00 59.9500 8.1 0.044 0.102
756.896 60.00 59.9200 9.0 0.078 0.211
756.946 60.00 59.9300 8.6 0.065 0.169
756.995 60.00 59.9900 7.1 0.008 -0.016
757.046 60.00 59.9100 9.3 0.092 0.257
757.096 60.00 59.9300 8.8 0.071 0.188
757.145 60.00 59.9200 8.9 0.078 0.208
757.195 60.00 59.9200 9.0 0.080 0.214
757.244 60.00 59.9500 8.0 0.044 0.097
757.295 60.00 59.9300 8.6 0.065 0.164
757.345 60.00 59.9300 8.6 0.067 0.171
757.395 60.00 59.9300 8.6 0.067 0.170
757.444 60.00 59.9500 8.1 0.048 0.108
757.493 60.00 59.9000 9.4 0.096 0.264
757.544 60.00 59.9400 8.5 0.063 0.155
757.594 60.00 59.9500 8.1 0.046 0.099
757.643 60.00 59.9500 8.1 0.046 0.099
757.693 60.00 59.9300 8.7 0.071 0.181
757.742 60.00 59.9500 8.1 0.048 0.105
757.793 60.00 59.9200 8.9 0.078 0.200
757.843 60.00 59.9400 8.3 0.055 0.124
757.892 60.00 59.9200 8.8 0.076 0.192
757.943 60.00 59.9300 8.8 0.073 0.185
757.992 60.00 59.9200 8.9 0.078 0.198
758.043 60.00 59.9300 8.7 0.071 0.176
758.092 60.00 59.9200 8.9 0.080 0.203
758.141 60.00 59.9400 8.3 0.059 0.134
758.191 60.00 59.9400 8.4 0.061 0.140
758.240 60.00 59.9200 8.9 0.080 0.201
758.291 60.00 59.9200 8.8 0.076 0.187
758.341 60.00 59.9200 8.8 0.076 0.186
758.391 60.00 59.9200 8.9 0.080 0.199
758.440 60.00 59.9500 8.2 0.052 0.110
758.490 60.00 59.9500 7.9 0.044 0.082
758.540 60.00 59.9400 8.2 0.055 0.116
758.591 60.00 59.9400 8.2 0.055 0.115
758.641 60.00 59.9100 9.1 0.090 0.231
758.690 60.00 59.9300 8.6 0.071 0.169
758.739 60.00 59.9700 7.6 0.031 0.038
758.788 60.00 59.9100 9.0 0.086 0.216
758.839 60.00 59.9400 8.3 0.061 0.133
758.889 60.00 59.9100 9.1 0.090 0.228
758.938 60.00 59.9400 8.3 0.061 0.132
758.989 60.00 59.9300 8.6 0.071 0.165
759.037 60.00 59.9600 7.8 0.040 0.062
759.088 60.00 59.9400 8.3 0.059 0.124
759.138 60.00 59.8800 9.8 0.115 0.308
759.187 60.00 59.9000 9.4 0.101 0.258
759.237 60.00 59.9200 8.8 0.080 0.190
759.286 60.00 59.9200 8.8 0.080 0.189
759.337 60.00 59.9300 8.6 0.071 0.161
759.387 60.00 59.9500 8.0 0.048 0.085
759.436 60.00 59.9200 8.7 0.078 0.181
759.486 60.00 59.9300 8.6 0.071 0.159
759.536 60.00 59.9300 8.6 0.073 0.166
759.587 60.00 59.9100 8.9 0.086 0.206
759.637 60.00 59.9200 8.8 0.082 0.191
759.685 60.00 59.9300 8.4 0.067 0.143
759.735 60.00 59.9300 8.5 0.071 0.156
759.784 60.00 59.9500 7.8 0.044 0.067
759.835 60.00 59.9100 8.9 0.084 0.197
759.885 60.00 59.9300 8.4 0.067 0.141
759.934 60.00 59.9300 8.5 0.069 0.148
759.984 60.00 59.9200 8.7 0.080 0.181
760.033 60.00 59.9200 8.7 0.078 0.174
760.084 60.00 59.9200 8.6 0.076 0.167
760.134 60.00 59.9500 7.8 0.046 0.070
760.183 60.00 59.9500 7.8 0.044 0.063
760.234 60.00 59.9000 9.1 0.094 0.227
760.282 60.00 59.9100 9.1 0.092 0.219
760.333 60.00 59.9200 8.6 0.076 0.164
760.383 60.00 59.9300 8.4 0.069 0.143
760.433 60.00 59.9000 9.1 0.094 0.224
760.482 60.00 59.9400 8.2 0.059 0.108
760.531 60.00 59.9100 8.9 0.086 0.196
760.582 60.00 59.9300 8.5 0.071 0.147
760.632 60.00 59.9300 8.3 0.067 0.133
760.682 60.00 59.9300 8.5 0.073 0.153
760.732 60.00 59.8900 9.5 0.111 0.276
760.781 60.00 59.9100 9.0 0.092 0.213
760.831 60.00 59.9100 9.0 0.092 0.212
760.881 60.00 59.9000 9.2 0.099 0.232
760.931 60.00 59.9200 8.6 0.076 0.156
760.981 60.00 59.9200 8.5 0.076 0.156
761.030 60.00 59.9100 8.8 0.084 0.183
761.079 60.00 59.9200 8.5 0.076 0.155
761.130 60.00 59.9400 8.1 0.059 0.100
761.180 60.00 59.9100 8.8 0.084 0.182
761.229 60.00 59.9200 8.5 0.076 0.153
761.279 60.00 59.9200 8.5 0.076 0.153
761.328 60.00 59.9500 7.9 0.052 0.077
761.379 60.00 59.9100 8.8 0.086 0.186
761.429 60.00 59.9300 8.5 0.073 0.145
761.479 60.00 59.9200 8.5 0.076 0.151
761.529 60.00 59.9500 7.7 0.044 0.048
761.577 60.00 59.9100 8.7 0.084 0.178
761.628 60.00 59.9800 6.9 0.017 -0.041
761.678 60.00 59.9100 8.8 0.088 0.191
761.727 60.00 59.9200 8.7 0.082 0.170
761.777 60.00 59.9200 8.7 0.082 0.169
761.826 60.00 59.9400 8.1 0.061 0.101
761.877 60.00 59.9400 8.1 0.061 0.100
761.927 60.00 59.9200 8.7 0.082 0.168
761.976 60.00 59.9100 8.8 0.086 0.182
762.027 60.00 59.9200 8.6 0.082 0.167
762.075 60.00 59.9100 8.8 0.086 0.180
762.126 60.00 59.9400 8.0 0.057 0.085
762.176 60.00 59.9100 8.7 0.086 0.180
762.225 60.00 59.9500 7.8 0.050 0.063
762.275 60.00 59.9100 8.7 0.084 0.173
762.324 60.00 59.9500 7.8 0.052 0.070
762.375 60.00 59.9500 7.7 0.046 0.049
762.425 60.00 59.9400 8.1 0.061 0.096
762.475 60.00 59.9300 8.2 0.065 0.110
762.525 60.00 59.9300 8.4 0.073 0.137
762.573 60.00 59.9400 8.1 0.061 0.096
762.624 60.00 59.9100 8.9 0.092 0.197
762.674 60.00 59.9400 7.9 0.055 0.075
762.724 60.00 59.9000 9.0 0.096 0.210
762.773 60.00 59.9100 8.8 0.088 0.183
762.823 60.00 59.9300 8.3 0.069 0.121
762.873 60.00 59.9300 8.2 0.065 0.107
762.923 60.00 59.8900 9.4 0.111 0.257
762.973 60.00 59.9200 8.6 0.082 0.160
763.022 60.00 59.9400 8.0 0.059 0.085
763.072 60.00 59.9000 9.0 0.096 0.207
763.121 60.00 59.9200 8.5 0.078 0.145
763.172 60.00 59.9100 8.7 0.088 0.179
763.222 60.00 59.9200 8.6 0.082 0.158
763.271 60.00 59.9300 8.2 0.069 0.116
763.322 60.00 59.9100 8.8 0.090 0.184
763.371 60.00 59.9100 8.7 0.088 0.177
763.422 60.00 59.9200 8.5 0.080 0.149
763.471 60.00 59.9300 8.2 0.067 0.108
763.520 60.00 59.9700 7.2 0.029 -0.015
763.570 60.00 59.9300 8.2 0.069 0.115
763.619 60.00 59.9000 8.9 0.094 0.196
763.670 60.00 59.9400 7.9 0.057 0.073
763.720 60.00 59.9000 8.9 0.094 0.195
763.769 60.00 59.9200 8.4 0.076 0.134
763.820 60.00 59.9300 8.1 0.065 0.099
763.869 60.00 59.9200 8.5 0.082 0.153
763.920 60.00 59.9200 8.5 0.082 0.153
763.969 60.00 59.9300 8.2 0.069 0.111
764.018 60.00 59.9500 7.7 0.050 0.050
764.068 60.00 59.9300 8.3 0.073 0.125
764.117 60.00 59.9500 7.6 0.048 0.043
764.168 60.00 59.9100 8.7 0.088 0.172
764.218 60.00 59.9300 8.1 0.067 0.103
764.267 60.00 59.9100 8.8 0.092 0.185
764.318 60.00 59.9300 8.3 0.073 0.123
764.367 60.00 59.9100 8.6 0.084 0.157
764.418 60.00 59.9200 8.5 0.080 0.143
764.467 60.00 59.9400 8.0 0.063 0.088
764.516 60.00 59.9300 8.1 0.067 0.101
764.566 60.00 59.9300 8.2 0.071 0.115
764.615 60.00 59.9300 8.1 0.065 0.094
764.666 60.00 59.9300 8.2 0.071 0.114
764.716 60.00 59.9200 8.3 0.076 0.128
764.766 60.00 59.9300 8.2 0.071 0.114
764.815 60.00 59.9300 8.3 0.073 0.120
764.865 60.00 59.9400 7.8 0.057 0.066
764.915 60.00 59.9400 7.9 0.059 0.072
764.966 60.00 59.9500 7.5 0.044 0.024
765.015 60.00 60.0000 6.3 0.000 -0.118
765.064 60.00 59.9300 8.2 0.069 0.107
765.114 60.00 59.9400 7.9 0.061 0.079
765.163 60.00 59.9100 8.7 0.088 0.168
765.215 60.00 59.9200 8.4 0.080 0.141
765.265 60.00 59.9100 8.6 0.084 0.154
765.315 60.00 59.9400 8.0 0.063 0.085
765.363 60.00 59.9300 8.0 0.065 0.092
765.413 60.00 59.9200 8.5 0.082 0.146
765.464 60.00 59.9500 7.7 0.050 0.043
765.513 60.00 59.9500 7.6 0.048 0.037
765.562 60.00 59.9300 8.0 0.065 0.091
765.612 60.00 59.9200 8.5 0.082 0.145
765.661 60.00 59.9300 8.3 0.073 0.118
765.712 60.00 59.9300 8.1 0.067 0.097
765.762 60.00 59.9500 7.7 0.052 0.049
765.811 60.00 59.9300 8.2 0.073 0.118
765.861 60.00 59.9200 8.4 0.078 0.131
765.910 60.00 59.9300 8.1 0.069 0.103
765.962 60.00 59.9300 8.2 0.073 0.117
766.012 60.00 59.9500 7.7 0.052 0.048
766.061 60.00 59.9500 7.7 0.052 0.048
766.110 60.00 59.9200 8.3 0.076 0.123
766.159 60.00 59.9300 8.1 0.067 0.096
766.210 60.00 59.9100 8.5 0.084 0.150
766.260 60.00 59.9400 8.0 0.063 0.082
766.309 60.00 59.9100 8.5 0.084 0.150
766.359 60.00 59.9400 7.8 0.057 0.061
766.408 60.00 59.9200 8.3 0.076 0.122
766.459 60.00 59.8600 9.9 0.136 0.319
766.509 60.00 59.9300 8.2 0.071 0.107
766.560 60.00 59.9400 7.8 0.057 0.059
766.609 60.00 59.9200 8.3 0.078 0.127
766.657 60.00 59.9200 8.3 0.076 0.120
766.708 60.00 59.9600 7.2 0.036 -0.010
766.758 60.00 59.9300 8.2 0.071 0.106
766.808 60.00 59.9500 7.4 0.044 0.017
766.858 60.00 59.9500 7.5 0.048 0.031
766.906 60.00 59.9600 7.3 0.040 0.004
766.957 60.00 59.9400 7.9 0.061 0.072
767.007 60.00 59.9400 7.8 0.059 0.066
767.057 60.00 59.9300 8.0 0.065 0.086
767.106 60.00 59.9200 8.4 0.080 0.134
767.156 60.00 59.9500 7.6 0.050 0.038
767.206 60.00 59.9500 7.5 0.046 0.024
767.256 60.00 59.9500 7.5 0.048 0.031
767.306 60.00 59.9300 8.2 0.073 0.113
767.355 60.00 59.9400 7.9 0.063 0.079
767.406 60.00 59.9500 7.4 0.044 0.017
767.455 60.00 59.9400 7.8 0.057 0.058
767.505 60.00 59.9400 7.8 0.057 0.058
767.555 60.00 59.9400 7.9 0.061 0.072
767.604 60.00 59.9200 8.4 0.080 0.133
767.654 60.00 59.9500 7.7 0.052 0.044
767.703 60.00 59.9500 7.5 0.046 0.024
767.754 60.00 59.9700 6.9 0.025 -0.044
767.804 60.00 59.9600 7.3 0.040 0.004
767.853 60.00 59.9400 7.9 0.061 0.072
767.903 60.00 59.8900 9.2 0.109 0.229
767.953 60.00 59.9800 6.7 0.015 -0.078
768.004 60.00 59.9600 7.3 0.040 0.004
768.054 60.00 59.9300 8.1 0.069 0.100
768.102 60.00 59.9500 7.5 0.046 0.024
768.152 60.00 59.9300 8.0 0.065 0.086
768.201 60.00 59.9400 7.8 0.059 0.066
768.252 60.00 59.9400 7.8 0.059 0.066
768.302 60.00 59.9200 8.3 0.078 0.127
768.351 60.00 59.9400 7.7 0.055 0.051
768.401 60.00 59.9500 7.6 0.050 0.038
768.450 60.00 59.9800 6.7 0.017 -0.071
768.502 60.00 59.9300 8.1 0.069 0.100
768.552 60.00 59.9500 7.6 0.048 0.031
768.601 60.00 59.9300 8.0 0.065 0.086
768.650 60.00 59.9500 7.6 0.050 0.038
768.699 60.00 59.9300 8.2 0.071 0.106
768.750 60.00 59.9500 7.4 0.044 0.017
768.800 60.00 59.9400 7.7 0.055 0.052
768.850 60.00 59.9700 7.0 0.027 -0.036
768.899 60.00 59.9500 7.5 0.044 0.018
768.948 60.00 59.9400 7.8 0.057 0.059
768.999 60.00 59.9400 8.0 0.063 0.080
769.049 60.00 59.9700 7.0 0.025 -0.043
769.099 60.00 59.9700 7.2 0.034 -0.015
769.148 60.00 59.9600 7.4 0.042 0.012
769.198 60.00 59.9500 7.5 0.044 0.019
769.248 60.00 59.9500 7.6 0.048 0.033
769.299 60.00 59.9300 8.0 0.065 0.087
769.349 60.00 59.9300 8.1 0.067 0.094
769.397 60.00 59.9400 7.9 0.061 0.073
769.447 60.00 59.9500 7.6 0.050 0.039
769.496 60.00 59.9400 7.7 0.055 0.053
769.547 60.00 59.9600 7.2 0.036 -0.008
769.597 60.00 59.9500 7.5 0.044 0.019
769.646 60.00 59.9500 7.7 0.052 0.047
769.696 60.00 59.9400 7.9 0.061 0.074
769.745 60.00 59.9800 6.7 0.017 -0.069
769.796 60.00 59.9600 7.3 0.040 0.006
769.847 60.00 59.9900 6.6 0.013 -0.082
769.896 60.00 59.9700 7.2 0.034 -0.013
769.945 60.00 59.9700 7.2 0.034 -0.013
769.994 60.00 59.9400 7.9 0.059 0.069
770.045 60.00 59.9800 6.8 0.017 -0.067
770.095 60.00 59.9600 7.3 0.036 -0.005
770.144 60.00 59.9500 7.6 0.048 0.036
770.194 60.00 59.9700 7.2 0.031 -0.019
770.243 60.00 59.9400 7.8 0.055 0.057
770.294 60.00 59.9400 8.0 0.063 0.084
770.344 60.00 59.9900 6.7 0.013 -0.080
770.393 60.00 59.9800 6.8 0.017 -0.066
770.444 60.00 59.9500 7.5 0.044 0.023
770.493 60.00 59.9800 6.8 0.017 -0.065
770.543 60.00 59.9700 7.2 0.031 -0.017
770.593 60.00 59.9600 7.4 0.040 0.010
770.642 60.00 59.9700 7.1 0.027 -0.030
770.692 60.00 59.9700 7.0 0.025 -0.036
770.741 60.00 59.9600 7.4 0.040 0.011
770.792 60.00 59.9800 6.7 0.015 -0.070
770.842 60.00 59.9400 7.8 0.057 0.067
770.891 60.00 59.9600 7.5 0.042 0.019
770.941 60.00 59.9800 6.8 0.019 -0.056
770.990 60.00 59.9700 7.0 0.025 -0.034
771.041 60.00 59.9700 7.1 0.029 -0.020
771.091 60.00 59.9800 7.0 0.023 -0.041
771.141 60.00 59.9800 6.9 0.019 -0.055
771.190 60.00 59.9600 7.5 0.042 0.021
771.240 60.00 59.9700 7.2 0.034 -0.006
771.291 60.00 59.9800 6.9 0.019 -0.054
771.341 60.00 59.9800 7.0 0.023 -0.039
771.390 60.00 59.9800 6.9 0.019 -0.053
771.439 60.00 59.9800 6.8 0.015 -0.066
771.489 60.00 59.9800 6.8 0.015 -0.065
771.538 60.00 59.9800 6.9 0.021 -0.044
771.589 60.00 59.9900 6.6 0.008 -0.085
771.639 60.00 59.9900 6.7 0.010 -0.077
771.688 60.00 59.9800 7.0 0.023 -0.036
771.738 60.00 59.9900 6.7 0.013 -0.070
771.788 60.00 59.9700 7.2 0.029 -0.014
771.839 60.00 59.9900 6.7 0.010 -0.076
771.889 60.00 59.9800 6.9 0.019 -0.048
771.937 60.00 59.9700 7.1 0.027 -0.020
771.987 60.00 59.9800 6.8 0.015 -0.061
772.036 60.00 59.9900 6.8 0.013 -0.067
772.087 60.00 59.9700 7.3 0.031 -0.005
772.137 60.00 59.9900 6.6 0.008 -0.080
772.186 60.00 59.9900 6.8 0.013 -0.066
772.236 60.00 59.9900 6.6 0.006 -0.086
772.285 60.00 60.0200 5.8 -0.023 -0.181
772.336 60.00 59.9800 6.9 0.017 -0.050
772.387 60.00 59.9700 7.3 0.034 0.005
772.436 60.00 59.9900 6.8 0.013 -0.063
772.485 60.00 59.9700 7.3 0.031 -0.001
772.534 60.00 60.0000 6.5 0.002 -0.096
772.585 60.00 60.0300 5.7 -0.027 -0.191
772.635 60.00 59.9900 6.7 0.008 -0.075
772.684 60.00 59.9900 6.8 0.010 -0.067
772.734 60.00 59.9900 6.7 0.008 -0.074
772.783 60.00 59.9800 7.0 0.019 -0.039
772.834 60.00 59.9600 7.4 0.036 0.016
772.884 60.00 59.9900 6.8 0.010 -0.066
772.933 60.00 59.9800 7.0 0.019 -0.038
772.983 60.00 59.9600 7.6 0.042 0.038
773.032 60.00 59.9900 6.7 0.008 -0.072
773.083 60.00 59.9900 6.8 0.013 -0.058
773.133 60.00 59.9800 7.0 0.019 -0.037
773.184 60.00 59.9900 6.8 0.013 -0.057
773.233 60.00 59.9800 7.0 0.017 -0.043
773.281 60.00 59.9900 6.8 0.010 -0.063
773.332 60.00 59.9800 7.0 0.019 -0.035
773.382 60.00 59.9800 7.1 0.023 -0.021
773.432 60.00 60.0100 6.2 -0.013 -0.137
773.481 60.00 59.9900 6.6 0.004 -0.082
773.531 60.00 60.0000 6.4 -0.004 -0.108
773.581 60.00 60.0000 6.6 0.002 -0.087
773.631 60.00 60.0000 6.5 -0.002 -0.100
773.681 60.00 59.9900 6.9 0.013 -0.052
773.730 60.00 60.0000 6.5 -0.002 -0.099
773.781 60.00 60.0000 6.6 0.002 -0.085
773.829 60.00 60.0200 5.9 -0.025 -0.173
773.880 60.00 60.0000 6.6 0.000 -0.090
773.930 60.00 60.0300 5.7 -0.031 -0.192
773.979 60.00 60.0100 6.2 -0.015 -0.137
774.029 60.00 60.0400 5.3 -0.046 -0.238
774.078 60.00 60.0000 6.6 0.000 -0.087
774.129 60.00 60.0200 6.0 -0.021 -0.154
774.179 60.00 60.0200 6.0 -0.021 -0.153
774.228 60.00 60.0200 6.0 -0.021 -0.152
774.278 60.00 60.0000 6.7 0.002 -0.077
774.328 60.00 59.9900 6.8 0.008 -0.056
774.379 60.00 60.0000 6.6 -0.002 -0.089
774.429 60.00 60.0300 5.9 -0.027 -0.170
774.477 60.00 60.0100 6.3 -0.013 -0.122
774.527 60.00 60.0400 5.6 -0.040 -0.210
774.576 60.00 60.0200 6.0 -0.023 -0.154
774.627 60.00 59.9900 6.9 0.008 -0.052
774.677 60.00 60.0000 6.5 -0.004 -0.092
774.726 60.00 60.0200 6.0 -0.025 -0.160
774.776 60.00 60.0200 6.2 -0.017 -0.131
774.825 60.00 60.0400 5.6 -0.040 -0.206
774.876 60.00 60.0200 6.2 -0.017 -0.130
774.926 60.00 59.9900 7.0 0.010 -0.040
774.975 60.00 60.0000 6.5 -0.006 -0.094
775.025 60.00 60.0000 6.7 0.002 -0.067
775.074 60.00 60.0200 6.1 -0.023 -0.148
775.125 60.00 60.0000 6.6 -0.002 -0.079
775.175 60.00 60.0200 6.3 -0.017 -0.126
775.225 60.00 60.0000 6.5 -0.006 -0.091
775.275 60.00 60.0100 6.3 -0.015 -0.119
775.324 60.00 59.9800 7.2 0.017 -0.015
775.374 60.00 60.0300 5.9 -0.031 -0.172
775.424 60.00 59.9700 7.4 0.025 0.013
775.474 60.00 60.0400 5.7 -0.038 -0.191
775.523 60.00 60.0100 6.3 -0.015 -0.116
775.573 60.00 60.0000 6.6 -0.004 -0.081
775.623 60.00 60.0200 6.1 -0.023 -0.142
775.673 60.00 60.0000 6.8 0.000 -0.066
775.723 60.00 60.0200 6.1 -0.025 -0.147
775.772 60.00 60.0100 6.4 -0.015 -0.113
775.823 60.00 60.0200 6.3 -0.019 -0.125
775.872 60.00 60.0400 5.8 -0.038 -0.186
775.923 60.00 60.0200 6.2 -0.021 -0.130
775.973 60.00 60.0300 5.9 -0.034 -0.171
776.021 60.00 60.0100 6.5 -0.013 -0.102
776.071 60.00 60.0200 6.2 -0.021 -0.128
776.120 60.00 60.0300 5.9 -0.034 -0.169
776.171 60.00 59.9700 7.6 0.031 0.043
776.221 60.00 60.0200 6.2 -0.023 -0.134
776.270 60.00 60.0200 6.3 -0.019 -0.120
776.320 60.00 60.0300 6.0 -0.029 -0.153
776.369 60.00 60.0300 5.9 -0.034 -0.166
776.421 60.00 60.0300 6.0 -0.029 -0.151
776.471 60.00 60.0400 5.8 -0.040 -0.185
776.520 60.00 60.0200 6.2 -0.025 -0.136
776.569 60.00 60.0300 6.0 -0.031 -0.156
776.618 60.00 60.0200 6.4 -0.017 -0.107
776.669 60.00 60.0500 5.6 -0.048 -0.209
776.719 60.00 60.0200 6.3 -0.021 -0.119
776.768 60.00 60.0300 6.0 -0.031 -0.153
776.819 60.00 60.0300 6.0 -0.034 -0.159
776.868 60.00 60.0300 6.1 -0.029 -0.144
776.919 60.00 60.0600 5.3 -0.059 -0.239
776.968 60.00 60.0600 5.2 -0.063 -0.252
777.017 60.00 60.0400 5.8 -0.040 -0.176
777.067 60.00 60.0300 6.1 -0.029 -0.141
777.116 60.00 60.0300 6.2 -0.027 -0.133
777.167 60.00 60.0300 6.0 -0.035 -0.159
777.217 60.00 60.0600 5.4 -0.059 -0.234
777.266 60.00 60.0300 6.2 -0.029 -0.137
777.316 60.00 60.0200 6.3 -0.025 -0.123
777.365 60.00 60.0500 5.7 -0.048 -0.197
777.417 60.00 60.0500 5.5 -0.055 -0.217
777.467 60.00 60.0400 5.8 -0.044 -0.182
777.516 60.00 60.0000 6.8 -0.006 -0.058
777.565 60.00 60.0500 5.7 -0.048 -0.194
777.615 60.00 60.0400 5.9 -0.040 -0.166
777.665 60.00 60.0400 6.0 -0.038 -0.159
777.715 60.00 60.0200 6.5 -0.019 -0.097
777.765 60.00 60.0200 6.4 -0.023 -0.110
777.814 60.00 60.0700 5.2 -0.067 -0.252
777.864 60.00 60.0500 5.7 -0.050 -0.197
777.913 60.00 60.0700 5.2 -0.069 -0.257
777.964 60.00 60.0600 5.3 -0.063 -0.235
778.015 60.00 60.0300 6.2 -0.031 -0.132
778.064 60.00 59.9600 8.1 0.040 0.100
778.113 60.00 60.0600 5.4 -0.063 -0.234
778.162 60.00 60.0400 5.9 -0.044 -0.172
778.213 60.00 60.0600 5.5 -0.059 -0.219
778.263 60.00 60.0600 5.4 -0.063 -0.231
778.312 60.00 60.0300 6.2 -0.034 -0.135
778.362 60.00 60.0600 5.5 -0.061 -0.223
778.411 60.00 60.0500 5.8 -0.048 -0.181
778.462 60.00 60.0300 6.4 -0.027 -0.112
778.512 60.00 60.0500 5.7 -0.052 -0.193
778.561 60.00 60.0600 5.5 -0.061 -0.220
778.612 60.00 60.0500 5.8 -0.050 -0.184
778.660 60.00 60.0300 6.2 -0.035 -0.135
778.711 60.00 60.0400 6.0 -0.040 -0.149
778.761 60.00 60.0600 5.6 -0.057 -0.203
778.811 60.00 60.0400 5.9 -0.046 -0.168
778.860 60.00 60.0400 6.0 -0.042 -0.153
778.910 60.00 60.0700 5.2 -0.073 -0.254
778.961 60.00 60.0600 5.5 -0.063 -0.219
779.010 60.00 60.0600 5.4 -0.065 -0.226
779.059 60.00 60.0800 5.1 -0.078 -0.266
779.109 60.00 60.0500 5.7 -0.055 -0.189
779.158 60.00 60.0300 6.3 -0.034 -0.120
779.209 60.00 60.0600 5.5 -0.065 -0.222
779.259 60.00 60.0500 5.8 -0.052 -0.180
779.308 60.00 60.0500 5.8 -0.052 -0.179
779.358 60.00 60.0800 5.1 -0.080 -0.267
779.407 60.00 60.0600 5.7 -0.057 -0.191
779.459 60.00 60.0800 5.2 -0.078 -0.258
779.509 60.00 60.0800 5.0 -0.082 -0.270
779.559 60.00 60.0600 5.5 -0.065 -0.215
779.607 60.00 60.0500 5.9 -0.050 -0.166
779.656 60.00 60.0800 5.0 -0.084 -0.274
779.707 60.00 60.0700 5.2 -0.076 -0.246
779.757 60.00 60.0700 5.4 -0.071 -0.232
779.807 60.00 60.0400 6.2 -0.042 -0.135
779.856 60.00 60.0700 5.4 -0.071 -0.230
779.906 60.00 60.0600 5.8 -0.057 -0.181
779.956 60.00 60.0900 4.9 -0.090 -0.289
780.006 60.00 60.0700 5.5 -0.069 -0.220
780.056 60.00 60.0600 5.6 -0.063 -0.199
780.106 60.00 60.0700 5.4 -0.071 -0.225
780.156 60.00 60.1000 4.7 -0.098 -0.312
780.204 60.00 60.0400 6.2 -0.044 -0.134
780.255 60.00 60.0600 5.8 -0.059 -0.182
780.305 60.00 60.0500 5.9 -0.055 -0.167
780.354 60.00 60.0700 5.5 -0.069 -0.214
780.404 60.00 60.0700 5.4 -0.073 -0.226
780.453 60.00 60.0800 5.2 -0.080 -0.246
780.504 60.00 60.0600 5.7 -0.063 -0.190
780.554 60.00 60.0700 5.5 -0.071 -0.217
780.604 60.00 60.0900 5.0 -0.090 -0.278
780.654 60.00 60.0700 5.4 -0.076 -0.229
780.702 60.00 60.0500 6.0 -0.055 -0.160
780.753 60.00 60.1000 4.8 -0.096 -0.295
780.804 60.00 60.0700 5.5 -0.073 -0.219
780.852 60.00 60.0700 5.5 -0.071 -0.211
780.903 60.00 60.0700 5.5 -0.071 -0.210
780.952 60.00 60.0900 5.0 -0.092 -0.277
781.003 60.00 60.0700 5.4 -0.076 -0.222
781.053 60.00 60.0600 5.8 -0.061 -0.174
781.101 60.00 60.0800 5.3 -0.082 -0.241
781.151 60.00 60.0900 5.1 -0.088 -0.260
781.200 60.00 60.1000 4.9 -0.096 -0.286
781.251 60.00 60.0600 5.8 -0.065 -0.183
781.301 60.00 60.1200 4.4 -0.117 -0.353
781.350 60.00 60.0700 5.5 -0.076 -0.215
781.400 60.00 60.0800 5.4 -0.078 -0.221
781.449 60.00 60.0700 5.5 -0.076 -0.213
781.501 60.00 60.0900 5.2 -0.088 -0.253
781.551 60.00 60.0900 5.1 -0.092 -0.265
781.600 60.00 60.0800 5.4 -0.082 -0.230
781.649 60.00 60.1100 4.7 -0.107 -0.311
781.698 60.00 60.0900 5.0 -0.094 -0.269
781.749 60.00 60.1100 4.7 -0.109 -0.315
781.799 60.00 60.0500 6.2 -0.052 -0.131
781.849 60.00 60.0700 5.6 -0.076 -0.205
781.898 60.00 60.0700 5.6 -0.076 -0.204
781.948 60.00 60.0800 5.3 -0.084 -0.231
781.998 60.00 60.0900 5.1 -0.092 -0.257
782.048 60.00 60.1100 4.6 -0.111 -0.317
782.098 60.00 60.0900 5.1 -0.094 -0.261
782.148 60.00 60.0900 5.3 -0.088 -0.240
782.198 60.00 60.1000 4.9 -0.103 -0.287
782.246 60.00 60.0900 5.1 -0.094 -0.258
782.297 60.00 60.0900 5.2 -0.090 -0.244
782.347 60.00 60.0800 5.6 -0.078 -0.202
782.396 60.00 60.0900 5.2 -0.092 -0.248
782.446 60.00 60.0800 5.4 -0.084 -0.220
782.495 60.00 60.1000 4.9 -0.105 -0.288
782.546 60.00 60.1000 4.9 -0.105 -0.287
782.596 60.00 60.0600 6.0 -0.063 -0.149
782.645 60.00 60.0600 6.1 -0.061 -0.142
782.695 60.00 60.0900 5.3 -0.090 -0.237
782.745 60.00 60.0700 5.8 -0.073 -0.181
782.796 60.00 60.1200 4.6 -0.117 -0.324
782.845 60.00 60.1000 5.2 -0.096 -0.254
782.894 60.00 60.0900 5.3 -0.092 -0.239
782.944 60.00 60.1100 4.8 -0.109 -0.293
782.993 60.00 60.1200 4.6 -0.117 -0.320
783.045 60.00 60.0800 5.6 -0.082 -0.202
783.095 60.00 60.1100 4.7 -0.115 -0.310
783.144 60.00 60.0900 5.3 -0.094 -0.241
783.193 60.00 60.1200 4.7 -0.117 -0.316
783.242 60.00 60.1000 5.0 -0.103 -0.266
783.293 60.00 60.1100 4.7 -0.115 -0.306
783.343 60.00 60.1100 4.9 -0.109 -0.284
783.392 60.00 60.1000 5.2 -0.096 -0.242
783.442 60.00 60.0700 6.0 -0.069 -0.153
783.491 60.00 60.1100 5.0 -0.107 -0.275
783.542 60.00 60.0800 5.7 -0.080 -0.185
783.593 60.00 60.1100 5.0 -0.107 -0.273
783.642 60.00 60.1000 5.1 -0.103 -0.259
783.692 60.00 60.1100 4.8 -0.113 -0.292
783.740 60.00 60.0900 5.4 -0.092 -0.222
783.791 60.00 60.1000 5.3 -0.096 -0.235
783.841 60.00 60.1000 5.2 -0.100 -0.248
783.891 60.00 60.1200 4.8 -0.117 -0.302
783.940 60.00 60.1100 5.0 -0.107 -0.266
783.990 60.00 60.0900 5.4 -0.094 -0.224
784.040 60.00 60.1000 5.2 -0.103 -0.251
784.090 60.00 60.0700 6.0 -0.071 -0.148
784.141 60.00 60.1300 4.3 -0.134 -0.352
784.190 60.00 60.0900 5.6 -0.088 -0.201
784.239 60.00 60.1000 5.2 -0.100 -0.240
784.288 60.00 60.0500 6.6 -0.050 -0.076
784.339 60.00 60.1100 4.9 -0.113 -0.281
784.389 60.00 60.0800 5.8 -0.082 -0.177
784.438 60.00 60.1200 4.6 -0.126 -0.320
784.488 60.00 60.1100 5.1 -0.109 -0.264
784.537 60.00 60.1300 4.3 -0.136 -0.351
784.588 60.00 60.0900 5.5 -0.092 -0.207
784.639 60.00 60.1300 4.4 -0.134 -0.343
784.688 60.00 60.1000 5.4 -0.096 -0.219
784.737 60.00 60.1200 4.9 -0.117 -0.287
784.787 60.00 60.1100 5.1 -0.109 -0.258
784.837 60.00 60.1100 5.1 -0.109 -0.257
784.887 60.00 60.1100 5.0 -0.113 -0.270
784.937 60.00 60.0600 6.4 -0.061 -0.099
784.987 60.00 60.1100 5.1 -0.109 -0.255
785.035 60.00 60.1100 5.1 -0.109 -0.254
785.086 60.00 60.1000 5.4 -0.100 -0.225
785.136 60.00 60.1300 4.6 -0.128 -0.313
785.185 60.00 60.1200 4.8 -0.124 -0.299
785.235 60.00 60.1200 4.8 -0.124 -0.298
785.284 60.00 60.1200 4.8 -0.124 -0.297
785.335 60.00 60.1000 5.3 -0.103 -0.227
785.386 60.00 60.1200 4.7 -0.126 -0.302
785.435 60.00 60.1300 4.7 -0.128 -0.307
785.484 60.00 60.1100 5.3 -0.107 -0.238
785.533 60.00 60.1200 4.8 -0.126 -0.299
785.584 60.00 60.1300 4.6 -0.132 -0.318
785.634 60.00 60.1300 4.6 -0.134 -0.324
785.683 60.00 60.1400 4.4 -0.140 -0.343
785.733 60.00 60.1200 4.8 -0.124 -0.287
785.783 60.00 60.1200 5.0 -0.117 -0.266
785.834 60.00 60.1100 5.2 -0.113 -0.251
785.884 60.00 60.1200 5.0 -0.117 -0.264
785.933 60.00 60.1300 4.7 -0.130 -0.304
785.982 60.00 60.1200 4.9 -0.124 -0.282
786.031 60.00 60.1100 5.1 -0.115 -0.254
786.082 60.00 60.1300 4.7 -0.130 -0.301
786.132 60.00 60.1200 5.0 -0.122 -0.273
786.182 60.00 60.1200 4.9 -0.124 -0.279
786.231 60.00 60.1100 5.2 -0.115 -0.250
786.281 60.00 60.1000 5.6 -0.098 -0.195
786.331 60.00 60.1200 4.9 -0.126 -0.283
786.382 60.00 60.1300 4.8 -0.128 -0.288
786.432 60.00 60.1300 4.8 -0.128 -0.287
786.480 60.00 60.1100 5.2 -0.115 -0.246
786.530 60.00 60.1200 5.0 -0.122 -0.265
786.579 60.00 60.1400 4.5 -0.140 -0.326
786.630 60.00 60.0900 5.9 -0.088 -0.154
786.680 60.00 60.1100 5.4 -0.109 -0.222
786.729 60.00 60.1500 4.2 -0.155 -0.371
786.779 60.00 60.1200 5.1 -0.119 -0.254
786.828 60.00 60.1100 5.3 -0.111 -0.226
786.879 60.00 60.1100 5.4 -0.109 -0.218
786.929 60.00 60.1200 5.2 -0.117 -0.245
786.978 60.00 60.1300 4.9 -0.130 -0.285
787.028 60.00 60.1100 5.3 -0.113 -0.229
787.077 60.00 60.1200 5.2 -0.117 -0.243
787.129 60.00 60.1500 4.4 -0.149 -0.344
787.179 60.00 60.1000 5.5 -0.105 -0.200
787.227 60.00 60.1300 4.9 -0.130 -0.281
787.277 60.00 60.1300 4.8 -0.134 -0.293
787.326 60.00 60.1000 5.7 -0.100 -0.183
787.377 60.00 60.1400 4.5 -0.145 -0.326
787.427 60.00 60.1300 5.0 -0.128 -0.270
787.476 60.00 60.1400 4.5 -0.145 -0.324
787.526 60.00 60.1300 5.0 -0.128 -0.268
787.576 60.00 60.1400 4.7 -0.138 -0.302
787.627 60.00 60.1200 5.1 -0.126 -0.260
787.676 60.00 60.1200 5.2 -0.122 -0.245
787.725 60.00 60.1100 5.5 -0.109 -0.203
787.775 60.00 60.1500 4.5 -0.147 -0.326
787.824 60.00 60.1300 5.0 -0.128 -0.263
787.875 60.00 60.1400 4.6 -0.145 -0.317
787.925 60.00 60.1200 5.2 -0.124 -0.248
787.975 60.00 60.1400 4.7 -0.142 -0.308
788.024 60.00 60.1200 5.2 -0.124 -0.246
788.073 60.00 60.1300 5.0 -0.130 -0.265
788.125 60.00 60.1400 4.7 -0.142 -0.305
788.175 60.00 60.1200 5.1 -0.126 -0.250
788.225 60.00 60.1700 4.0 -0.167 -0.385
788.273 60.00 60.1300 5.0 -0.130 -0.261
788.323 60.00 60.1400 4.8 -0.138 -0.288
788.373 60.00 60.1400 4.7 -0.142 -0.300
788.423 60.00 60.1000 5.7 -0.105 -0.177
788.473 60.00 60.1300 5.0 -0.134 -0.272
788.522 60.00 60.1200 5.2 -0.124 -0.237
788.572 60.00 60.1200 5.2 -0.124 -0.236
788.621 60.00 60.1400 4.7 -0.142 -0.297
788.673 60.00 60.1100 5.6 -0.111 -0.194
788.723 60.00 60.1100 5.5 -0.115 -0.207
788.772 60.00 60.1500 4.5 -0.153 -0.328
788.821 60.00 60.1500 4.6 -0.149 -0.314
788.870 60.00 60.1200 5.3 -0.124 -0.231
788.922 60.00 60.1300 5.2 -0.128 -0.244
788.972 60.00 60.1400 4.8 -0.142 -0.291
789.021 60.00 60.1200 5.3 -0.122 -0.222
789.070 60.00 60.1500 4.6 -0.151 -0.316
789.119 60.00 60.1300 5.1 -0.130 -0.248
789.170 60.00 60.1500 4.6 -0.149 -0.308
789.220 60.00 60.1300 5.0 -0.136 -0.266
789.269 60.00 60.1200 5.3 -0.124 -0.225
789.319 60.00 60.1300 5.0 -0.136 -0.265
789.368 60.00 60.1700 4.2 -0.167 -0.366
789.420 60.00 60.1400 4.8 -0.142 -0.283
789.470 60.00 60.1200 5.5 -0.119 -0.208
789.518 60.00 60.1500 4.5 -0.155 -0.323
789.568 60.00 60.1500 4.8 -0.147 -0.295
789.617 60.00 60.1200 5.4 -0.122 -0.212
789.668 60.00 60.1500 4.7 -0.149 -0.300
789.718 60.00 60.1400 4.9 -0.142 -0.278
789.767 60.00 60.1600 4.4 -0.161 -0.339
789.817 60.00 60.1300 5.2 -0.132 -0.242
789.866 60.00 60.1600 4.3 -0.165 -0.350
789.918 60.00 60.1300 5.1 -0.136 -0.254
789.968 60.00 60.1000 6.0 -0.103 -0.145
790.017 60.00 60.1300 5.2 -0.130 -0.233
790.067 60.00 60.1100 5.7 -0.113 -0.178
790.115 60.00 60.1500 4.8 -0.147 -0.287
790.166 60.00 60.1400 4.9 -0.145 -0.279
790.216 60.00 60.1400 4.9 -0.145 -0.278
790.266 60.00 60.1300 5.2 -0.132 -0.236
790.315 60.00 60.1200 5.6 -0.117 -0.188
790.365 60.00 60.1100 5.7 -0.115 -0.180
790.415 60.00 60.1200 5.4 -0.126 -0.214
790.465 60.00 60.1400 4.9 -0.145 -0.275
790.515 60.00 60.1700 4.1 -0.174 -0.369
790.565 60.00 60.1300 5.1 -0.136 -0.245
790.614 60.00 60.1400 5.0 -0.142 -0.265
790.663 60.00 60.1200 5.4 -0.126 -0.210
790.714 60.00 60.1700 4.3 -0.167 -0.345
790.765 60.00 60.1300 5.2 -0.136 -0.242
790.813 60.00 60.1400 5.0 -0.142 -0.262
790.863 60.00 60.1500 4.9 -0.147 -0.275
790.912 60.00 60.1300 5.3 -0.130 -0.220
790.963 60.00 60.1200 5.5 -0.124 -0.199
791.013 60.00 60.1400 5.0 -0.142 -0.259
791.062 60.00 60.1400 5.0 -0.145 -0.266
791.112 60.00 60.1600 4.4 -0.165 -0.333
791.161 60.00 60.1400 5.0 -0.142 -0.257
791.212 60.00 60.1300 5.3 -0.132 -0.222
791.263 60.00 60.1300 5.4 -0.130 -0.215
791.312 60.00 60.1200 5.5 -0.124 -0.194
791.361 60.00 60.1200 5.7 -0.117 -0.174
791.410 60.00 60.1400 5.0 -0.145 -0.262
791.461 60.00 60.1500 4.7 -0.155 -0.295
791.511 60.00 60.1500 4.7 -0.155 -0.294
791.560 60.00 60.1500 5.0 -0.147 -0.266
791.610 60.00 60.1400 5.0 -0.145 -0.258
791.659 60.00 60.1300 5.3 -0.136 -0.230
791.711 60.00 60.1500 4.8 -0.155 -0.291
791.761 60.00 60.1500 5.0 -0.147 -0.263
791.809 60.00 60.1500 4.8 -0.155 -0.289
791.859 60.00 60.1600 4.5 -0.165 -0.322
791.908 60.00 60.1400 5.2 -0.138 -0.233
791.959 60.00 60.1800 4.2 -0.178 -0.362
792.009 60.00 60.1200 5.6 -0.126 -0.191
792.058 60.00 60.1300 5.3 -0.136 -0.224
792.108 60.00 60.1700 4.3 -0.174 -0.346
792.157 60.00 60.1600 4.6 -0.163 -0.311
792.208 60.00 60.1500 5.0 -0.147 -0.256
792.258 60.00 60.1500 5.0 -0.149 -0.262
792.309 60.00 60.1600 4.7 -0.161 -0.302
792.358 60.00 60.1700 4.3 -0.176 -0.348
792.406 60.00 60.1400 5.3 -0.138 -0.225
792.457 60.00 60.2500 2.2 -0.255 -0.605
792.507 60.00 60.1600 4.8 -0.157 -0.283
792.557 60.00 60.1600 4.7 -0.163 -0.303
792.606 60.00 60.1400 5.2 -0.145 -0.241
792.656 60.00 60.1300 5.4 -0.136 -0.213
792.706 60.00 60.1400 5.3 -0.140 -0.226
792.756 60.00 60.1500 5.1 -0.149 -0.253
792.806 60.00 60.1500 5.0 -0.151 -0.259
792.855 60.00 60.1500 5.0 -0.153 -0.265
792.905 60.00 60.1500 5.1 -0.147 -0.245
792.954 60.00 60.1400 5.3 -0.140 -0.223
793.005 60.00 60.1500 5.1 -0.147 -0.243
793.055 60.00 60.1300 5.5 -0.134 -0.202
793.104 60.00 60.1400 5.2 -0.145 -0.235
793.155 60.00 60.1200 5.8 -0.124 -0.167
793.204 60.00 60.1500 5.0 -0.153 -0.261
793.254 60.00 60.1500 5.1 -0.149 -0.247
793.304 60.00 60.1500 5.2 -0.147 -0.240
793.353 60.00 60.1600 4.9 -0.157 -0.273
793.403 60.00 60.1500 5.1 -0.149 -0.245
793.452 60.00 60.1300 5.6 -0.132 -0.190
793.503 60.00 60.1300 5.6 -0.132 -0.190
793.553 60.00 60.1400 5.2 -0.145 -0.231
793.602 60.00 60.1200 5.7 -0.126 -0.169
793.653 60.00 60.1200 5.9 -0.119 -0.148
793.702 60.00 60.1900 4.1 -0.186 -0.365
793.752 60.00 60.1500 5.0 -0.153 -0.255
793.802 60.00 60.1600 4.7 -0.165 -0.295
793.851 60.00 60.1500 5.1 -0.151 -0.247
793.901 60.00 60.1400 5.3 -0.145 -0.227
793.950 60.00 60.1600 4.9 -0.157 -0.266
794.001 60.00 60.1400 5.4 -0.140 -0.212
794.051 60.00 60.1400 5.3 -0.142 -0.218
794.100 60.00 60.1300 5.6 -0.134 -0.190
794.150 60.00 60.1600 4.8 -0.161 -0.278
794.200 60.00 60.1500 5.1 -0.153 -0.250
794.251 60.00 60.1600 5.0 -0.157 -0.263
794.300 60.00 60.1500 5.0 -0.155 -0.256
794.350 60.00 60.1400 5.4 -0.142 -0.214
794.399 60.00 60.1300 5.6 -0.132 -0.180
794.448 60.00 60.1400 5.3 -0.145 -0.221
794.499 60.00 60.1400 5.4 -0.140 -0.206
794.549 60.00 60.1500 5.2 -0.151 -0.239
794.599 60.00 60.1500 5.3 -0.147 -0.226
794.648 60.00 60.1400 5.4 -0.140 -0.205
794.698 60.00 60.1500 5.2 -0.149 -0.232
794.749 60.00 60.1400 5.3 -0.145 -0.218
794.798 60.00 60.1600 4.8 -0.163 -0.278
794.848 60.00 60.1300 5.6 -0.136 -0.189
794.898 60.00 60.1400 5.3 -0.145 -0.216
794.948 60.00 60.1200 5.9 -0.124 -0.148
794.996 60.00 60.1400 5.5 -0.140 -0.202
795.047 60.00 60.1300 5.6 -0.136 -0.187
795.097 60.00 60.1300 5.7 -0.132 -0.174
795.146 60.00 60.1300 5.7 -0.130 -0.167
795.196 60.00 60.1300 5.8 -0.128 -0.160
795.245 60.00 60.1200 5.9 -0.124 -0.146
795.296 60.00 60.1300 5.6 -0.136 -0.186
795.347 60.00 60.1600 4.9 -0.161 -0.268
795.396 60.00 60.1500 5.1 -0.153 -0.240
795.445 60.00 60.1300 5.8 -0.128 -0.158
795.494 60.00 60.1500 5.3 -0.147 -0.219
795.545 60.00 60.1500 5.3 -0.147 -0.219
795.595 60.00 60.1500 5.3 -0.147 -0.218
795.644 60.00 60.1500 5.3 -0.149 -0.224
795.694 60.00 60.1200 6.0 -0.122 -0.136
795.743 60.00 60.1300 5.7 -0.132 -0.169
795.794 60.00 60.1500 5.3 -0.149 -0.224
795.845 60.00 60.1400 5.5 -0.140 -0.196
795.894 60.00 60.1300 5.6 -0.136 -0.182
795.943 60.00 60.1300 5.6 -0.136 -0.181
795.992 60.00 60.1100 6.4 -0.107 -0.086
796.043 60.00 60.1500 5.2 -0.151 -0.229
796.093 60.00 60.1500 5.3 -0.147 -0.215
796.142 60.00 60.1400 5.4 -0.145 -0.208
796.192 60.00 60.1500 5.2 -0.153 -0.234
796.241 60.00 60.1300 5.7 -0.134 -0.173
796.293 60.00 60.1700 4.7 -0.172 -0.295
796.343 60.00 60.1500 5.3 -0.147 -0.213
796.392 60.00 60.1300 5.7 -0.134 -0.172
796.441 60.00 60.1300 5.7 -0.134 -0.171
796.490 60.00 60.1500 5.2 -0.151 -0.225
796.541 60.00 60.1600 5.0 -0.161 -0.259
796.591 60.00 60.1300 5.8 -0.130 -0.156
796.641 60.00 60.1600 4.9 -0.163 -0.265
796.690 60.00 60.1300 5.7 -0.134 -0.169
796.740 60.00 60.1500 5.3 -0.151 -0.223
796.790 60.00 60.1300 5.7 -0.134 -0.169
796.840 60.00 60.1300 5.8 -0.132 -0.161
796.890 60.00 60.1500 5.2 -0.155 -0.236
796.939 60.00 60.1300 5.9 -0.128 -0.147
796.989 60.00 60.1500 5.4 -0.147 -0.209
797.038 60.00 60.1500 5.3 -0.149 -0.215
797.089 60.00 60.1600 5.1 -0.157 -0.241
797.139 60.00 60.1300 5.9 -0.128 -0.146
797.188 60.00 60.1300 5.8 -0.132 -0.159
797.239 60.00 60.1500 5.3 -0.149 -0.214
797.288 60.00 60.1500 5.2 -0.153 -0.226
797.339 60.00 60.1300 5.8 -0.132 -0.158
797.388 60.00 60.1700 4.7 -0.174 -0.294
797.437 60.00 60.1500 5.4 -0.147 -0.205
797.487 60.00 60.1700 4.9 -0.167 -0.272
797.536 60.00 60.1400 5.6 -0.140 -0.184
797.587 60.00 60.1600 5.0 -0.161 -0.251
797.637 60.00 60.1300 5.7 -0.136 -0.169
797.686 60.00 60.1500 5.4 -0.147 -0.203
797.737 60.00 60.1300 5.8 -0.134 -0.162
797.786 60.00 60.1300 5.7 -0.136 -0.168
797.837 60.00 60.1400 5.5 -0.142 -0.188
797.886 60.00 60.1100 6.3 -0.113 -0.093
797.935 60.00 60.1500 5.2 -0.155 -0.229
797.985 60.00 60.1300 5.8 -0.134 -0.161
798.034 60.00 60.1400 5.5 -0.145 -0.195
798.085 60.00 60.1400 5.5 -0.142 -0.187
798.135 60.00 60.1200 6.0 -0.126 -0.133
798.184 60.00 60.1400 5.7 -0.138 -0.174
798.234 60.00 60.1300 5.9 -0.128 -0.139
798.284 60.00 60.1400 5.7 -0.138 -0.173
798.335 60.00 60.1300 5.8 -0.132 -0.152
798.384 60.00 60.1300 5.7 -0.136 -0.166
798.433 60.00 60.1400 5.7 -0.138 -0.173
798.483 60.00 60.1300 5.9 -0.130 -0.145
798.532 60.00 60.1400 5.6 -0.140 -0.179
798.583 60.00 60.1400 5.5 -0.145 -0.193
798.633 60.00 60.1600 5.2 -0.157 -0.233
798.683 60.00 60.1500 5.3 -0.153 -0.219
798.732 60.00 60.1100 6.4 -0.111 -0.083
798.781 60.00 60.1400 5.6 -0.140 -0.178
798.832 60.00 60.1200 6.2 -0.119 -0.110
798.882 60.00 60.1400 5.7 -0.138 -0.171
798.932 60.00 60.1300 5.8 -0.132 -0.150
798.981 60.00 60.1400 5.7 -0.138 -0.171
799.031 60.00 60.1600 5.1 -0.159 -0.238
799.081 60.00 60.1400 5.6 -0.140 -0.177
799.131 60.00 60.1500 5.5 -0.147 -0.197
799.182 60.00 60.2500 2.7 -0.251 -0.536
799.231 60.00 60.1200 6.0 -0.126 -0.127
799.280 60.00 60.1400 5.6 -0.142 -0.181
799.329 60.00 60.1300 6.0 -0.128 -0.133
799.380 60.00 60.1400 5.6 -0.142 -0.181
799.430 60.00 60.1500 5.3 -0.153 -0.214
799.479 60.00 60.1300 5.8 -0.134 -0.153
799.529 60.00 60.1300 5.8 -0.136 -0.159
799.578 60.00 60.1100 6.3 -0.115 -0.091
799.629 60.00 60.1500 5.3 -0.153 -0.214
799.679 60.00 60.1300 5.9 -0.130 -0.139
799.729 60.00 60.1200 6.1 -0.124 -0.119
799.779 60.00 60.1300 6.0 -0.128 -0.132
799.827 60.00 60.1100 6.4 -0.111 -0.078
799.878 60.00 60.1200 6.2 -0.119 -0.105
799.928 60.00 60.1200 6.0 -0.126 -0.126
799.977 60.00 60.1300 6.0 -0.128 -0.132
800.027 60.00 60.1300 5.9 -0.132 -0.146
800.076 60.00 60.1500 5.3 -0.155 -0.221
800.127 60.00 60.1200 6.1 -0.124 -0.118
800.177 60.00 60.1400 5.7 -0.138 -0.166
800.227 60.00 60.1500 5.3 -0.155 -0.220
800.277 60.00 60.1200 6.1 -0.124 -0.118
800.325 60.00 60.1500 5.4 -0.149 -0.199
800.376 60.00 60.1400 5.6 -0.142 -0.178
800.426 60.00 60.1400 5.7 -0.138 -0.165
800.475 60.00 60.1300 5.9 -0.130 -0.137
800.525 60.00 60.1400 5.7 -0.138 -0.165
800.574 60.00 60.1300 5.9 -0.130 -0.137
800.625 60.00 60.1600 5.2 -0.157 -0.225
800.675 60.00 60.1200 6.2 -0.119 -0.103
800.725 60.00 60.1500 5.4 -0.149 -0.198
800.774 60.00 60.1200 6.0 -0.126 -0.123
800.823 60.00 60.1300 6.0 -0.128 -0.130
800.874 60.00 60.1200 6.0 -0.126 -0.123
800.924 60.00 60.1500 5.5 -0.147 -0.191
800.974 60.00 60.1300 6.0 -0.130 -0.136
801.024 60.00 60.1600 5.2 -0.157 -0.225
801.073 60.00 60.1300 6.0 -0.130 -0.136
801.124 60.00 60.1100 6.5 -0.111 -0.075
801.173 60.00 60.1400 5.6 -0.142 -0.177
801.223 60.00 60.1400 5.6 -0.145 -0.184
801.272 60.00 60.1400 5.7 -0.138 -0.163
801.322 60.00 60.1600 5.0 -0.165 -0.251
801.371 60.00 60.1200 6.2 -0.119 -0.101
801.422 60.00 60.1200 6.2 -0.122 -0.108
801.472 60.00 60.1200 6.2 -0.122 -0.108
801.521 60.00 60.1300 5.8 -0.136 -0.155
801.571 60.00 60.1400 5.7 -0.138 -0.162
801.621 60.00 60.1200 6.2 -0.122 -0.108
801.672 60.00 60.1400 5.6 -0.142 -0.176
801.721 60.00 60.1400 5.7 -0.138 -0.162
801.770 60.00 60.1200 6.3 -0.117 -0.094
801.820 60.00 60.1500 5.5 -0.147 -0.190
801.869 60.00 60.1300 5.8 -0.134 -0.148
801.920 60.00 60.1300 5.9 -0.132 -0.141
801.970 60.00 60.1300 6.0 -0.130 -0.134
802.019 60.00 60.1400 5.6 -0.142 -0.175
802.069 60.00 60.1200 6.3 -0.117 -0.094
802.118 60.00 60.1500 5.5 -0.149 -0.196
802.170 60.00 60.1100 6.5 -0.111 -0.073
802.220 60.00 60.1500 5.3 -0.155 -0.216
802.268 60.00 60.1500 5.3 -0.155 -0.216
802.318 60.00 60.1300 5.8 -0.134 -0.147
802.367 60.00 60.1300 5.9 -0.132 -0.140
802.418 60.00 60.1200 6.2 -0.119 -0.099
802.468 60.00 60.1300 6.0 -0.130 -0.133
802.517 60.00 60.1200 6.2 -0.122 -0.106
802.567 60.00 60.1300 5.8 -0.134 -0.147
802.616 60.00 60.1400 5.6 -0.142 -0.174
802.668 60.00 60.1200 6.2 -0.122 -0.106
802.718 60.00 60.1600 5.1 -0.163 -0.242
802.766 60.00 60.1100 6.3 -0.115 -0.085
802.816 60.00 60.1300 5.8 -0.134 -0.147
802.865 60.00 60.1500 5.5 -0.149 -0.194
802.916 60.00 60.1000 6.8 -0.098 -0.030
802.966 60.00 60.1400 5.6 -0.142 -0.174
803.017 60.00 60.1100 6.3 -0.115 -0.085
803.066 60.00 60.1000 6.7 -0.100 -0.037
803.115 60.00 60.1200 6.1 -0.126 -0.120
803.165 60.00 60.1200 6.3 -0.117 -0.093
803.215 60.00 60.1200 6.2 -0.122 -0.107
803.265 60.00 60.1300 5.8 -0.134 -0.147
803.314 60.00 60.1400 5.7 -0.140 -0.168
803.364 60.00 60.1000 6.7 -0.100 -0.038
803.413 60.00 60.1100 6.4 -0.113 -0.079
803.465 60.00 60.1300 6.0 -0.130 -0.134
803.515 60.00 60.1200 6.1 -0.126 -0.121
803.564 60.00 60.1300 5.8 -0.136 -0.154
803.613 60.00 60.1300 6.0 -0.128 -0.127
803.662 60.00 60.1300 5.8 -0.136 -0.154
803.713 60.00 60.1000 6.6 -0.105 -0.052
803.763 60.00 60.1400 5.7 -0.140 -0.168
803.812 60.00 60.1200 6.3 -0.117 -0.094
803.862 60.00 60.1200 6.1 -0.124 -0.114
803.911 60.00 60.1100 6.4 -0.113 -0.080
803.962 60.00 60.1300 5.9 -0.132 -0.141
804.012 60.00 60.1300 6.0 -0.128 -0.127
804.062 60.00 60.1300 6.0 -0.128 -0.127
804.112 60.00 60.1100 6.4 -0.111 -0.073
804.160 60.00 60.1200 6.3 -0.117 -0.094
804.211 60.00 60.0800 7.2 -0.082 0.022
804.261 60.00 60.1000 6.6 -0.105 -0.054
804.310 60.00 60.1100 6.4 -0.113 -0.081
804.360 60.00 60.1200 6.0 -0.126 -0.123
804.409 60.00 60.1300 5.8 -0.134 -0.150
804.460 60.00 60.1100 6.4 -0.111 -0.075
804.510 60.00 60.0900 7.0 -0.090 -0.007
804.560 60.00 60.1000 6.8 -0.098 -0.034
804.610 60.00 60.1100 6.3 -0.115 -0.089
804.658 60.00 60.1100 6.4 -0.113 -0.083
804.710 60.00 60.1300 5.9 -0.130 -0.137
804.759 60.00 60.1100 6.3 -0.115 -0.090
804.808 60.00 60.0900 7.0 -0.090 -0.008
804.858 60.00 60.1100 6.4 -0.113 -0.083
804.908 60.00 60.0900 7.0 -0.090 -0.009
804.959 60.00 60.1200 6.2 -0.119 -0.105
805.009 60.00 60.1100 6.5 -0.107 -0.064
805.058 60.00 60.1300 5.9 -0.130 -0.139
805.107 60.00 60.1200 6.0 -0.126 -0.126
805.156 60.00 60.0900 6.9 -0.092 -0.016
805.207 60.00 60.1000 6.7 -0.100 -0.044
805.257 60.00 60.1100 6.3 -0.115 -0.092
805.307 60.00 60.1200 6.1 -0.124 -0.120
805.356 60.00 60.1000 6.7 -0.098 -0.038
805.406 60.00 60.1100 6.3 -0.115 -0.093
805.456 60.00 60.1000 6.7 -0.098 -0.038
805.507 60.00 60.1000 6.5 -0.105 -0.059
805.557 60.00 60.0900 6.9 -0.092 -0.018
805.605 60.00 60.1100 6.4 -0.109 -0.073
805.655 60.00 60.1000 6.8 -0.096 -0.033
805.704 60.00 60.1100 6.3 -0.113 -0.088
805.755 60.00 60.1200 6.2 -0.119 -0.108
805.805 60.00 60.1100 6.3 -0.115 -0.095
805.854 60.00 60.0600 7.6 -0.065 0.068
805.904 60.00 60.1100 6.2 -0.115 -0.096
805.953 60.00 60.1500 5.2 -0.153 -0.218
806.005 60.00 60.1200 6.0 -0.124 -0.123
806.055 60.00 60.1300 5.9 -0.130 -0.143
806.104 60.00 60.1100 6.4 -0.111 -0.082
806.154 60.00 60.0900 6.9 -0.090 -0.014
806.202 60.00 60.1100 6.4 -0.109 -0.075
806.253 60.00 60.1000 6.6 -0.100 -0.048
806.303 60.00 60.1200 6.0 -0.124 -0.124
806.352 60.00 60.1100 6.4 -0.109 -0.076
806.402 60.00 60.0700 7.3 -0.076 0.032
806.451 60.00 60.0800 7.2 -0.080 0.018
806.502 60.00 60.1100 6.3 -0.113 -0.091
806.552 60.00 60.1000 6.7 -0.098 -0.044
806.601 60.00 60.1000 6.7 -0.096 -0.037
806.652 60.00 60.1100 6.3 -0.111 -0.086
806.701 60.00 60.1100 6.3 -0.111 -0.086
806.751 60.00 60.1000 6.7 -0.096 -0.038
806.801 60.00 60.1000 6.6 -0.100 -0.051
806.850 60.00 60.0800 7.0 -0.084 0.002
806.901 60.00 60.1100 6.4 -0.109 -0.080
806.950 60.00 60.0700 7.3 -0.073 0.036
807.000 60.00 60.1300 5.8 -0.132 -0.156
807.050 60.00 60.0900 6.9 -0.090 -0.020
807.100 60.00 60.1000 6.5 -0.103 -0.061
807.149 60.00 60.1200 6.1 -0.117 -0.109
807.198 60.00 60.0900 6.9 -0.088 -0.014
807.249 60.00 60.1100 6.4 -0.107 -0.075
807.299 60.00 60.1100 6.4 -0.107 -0.075
807.349 60.00 60.0800 7.0 -0.086 -0.008
807.398 60.00 60.1100 6.2 -0.115 -0.103
807.448 60.00 60.1000 6.7 -0.096 -0.042
807.499 60.00 60.1100 6.4 -0.107 -0.076
807.549 60.00 60.0600 7.7 -0.059 0.080
807.599 60.00 60.0800 7.1 -0.080 0.011
807.647 60.00 60.1000 6.6 -0.098 -0.051
807.697 60.00 60.1000 6.6 -0.100 -0.057
807.746 60.00 60.0900 6.8 -0.090 -0.024
807.797 60.00 60.0700 7.2 -0.076 0.023
807.847 60.00 60.0800 7.1 -0.080 0.009
807.896 60.00 60.0900 6.8 -0.092 -0.032
807.946 60.00 60.1000 6.5 -0.103 -0.067
807.995 60.00 60.0900 6.9 -0.088 -0.020
808.047 60.00 60.0800 7.0 -0.084 -0.006
808.097 60.00 60.1100 6.1 -0.115 -0.109
808.145 60.00 60.1000 6.6 -0.096 -0.048
808.195 60.00 60.0900 6.8 -0.092 -0.034
808.244 60.00 60.1100 6.2 -0.111 -0.096
808.295 60.00 60.0900 6.7 -0.094 -0.042
808.345 60.00 60.1000 6.6 -0.098 -0.056
808.394 60.00 60.0800 7.0 -0.082 -0.001
808.444 60.00 60.0900 6.8 -0.090 -0.029
808.494 60.00 60.0700 7.3 -0.069 0.038
808.545 60.00 60.0800 7.1 -0.080 0.004
808.594 60.00 60.0800 7.1 -0.080 0.003
808.643 60.00 60.0700 7.2 -0.076 0.016
808.694 60.00 60.1100 6.3 -0.107 -0.086
808.743 60.00 60.0900 6.8 -0.090 -0.032
808.794 60.00 60.1100 6.3 -0.107 -0.087
808.843 60.00 60.1100 6.2 -0.111 -0.101
808.892 60.00 60.1000 6.5 -0.098 -0.060
808.942 60.00 60.0800 7.1 -0.078 0.008
808.991 60.00 60.1000 6.5 -0.098 -0.060
809.042 60.00 60.0700 7.1 -0.076 0.014
809.092 60.00 60.1100 6.2 -0.111 -0.102
809.141 60.00 60.1000 6.5 -0.098 -0.061
809.191 60.00 60.0900 6.8 -0.090 -0.035
809.240 60.00 60.0900 6.7 -0.092 -0.041
809.291 60.00 60.1000 6.5 -0.100 -0.069
809.342 60.00 60.0700 7.2 -0.071 0.026
809.392 60.00 60.0700 7.2 -0.071 0.025
809.440 60.00 60.1000 6.6 -0.096 -0.057
809.490 60.00 60.0900 6.6 -0.094 -0.050
809.540 60.00 60.1100 6.1 -0.113 -0.112
809.590 60.00 60.0700 7.2 -0.073 0.018
809.640 60.00 60.0700 7.2 -0.073 0.017
809.689 60.00 60.1000 6.5 -0.096 -0.058
809.739 60.00 60.0900 6.7 -0.090 -0.039
809.788 60.00 60.0600 7.4 -0.065 0.043
809.840 60.00 60.0800 7.0 -0.078 0.001
809.890 60.00 60.0500 7.7 -0.052 0.083
809.939 60.00 60.1000 6.4 -0.103 -0.082
809.988 60.00 60.0600 7.5 -0.061 0.054
810.037 60.00 60.0700 7.2 -0.071 0.020
810.088 60.00 60.0700 7.1 -0.073 0.013
810.138 60.00 60.0800 6.8 -0.084 -0.022
810.187 60.00 60.0900 6.7 -0.090 -0.043
810.237 60.00 60.0600 7.4 -0.063 0.045
810.286 60.00 60.0800 6.8 -0.086 -0.030
810.337 60.00 60.0700 7.3 -0.067 0.031
810.387 60.00 60.0800 6.9 -0.080 -0.011
810.436 60.00 60.0700 7.3 -0.067 0.030
810.487 60.00 60.1100 6.2 -0.107 -0.100
810.536 60.00 60.0800 6.9 -0.080 -0.012
810.586 60.00 60.0600 7.4 -0.063 0.042
810.636 60.00 60.0800 7.0 -0.078 -0.007
810.686 60.00 60.0900 6.7 -0.088 -0.041
810.736 60.00 60.0400 7.8 -0.046 0.095
810.785 60.00 60.0800 6.8 -0.084 -0.028
810.836 60.00 60.0700 7.1 -0.071 0.012
810.885 60.00 60.0700 7.2 -0.067 0.025
810.934 60.00 60.0400 8.0 -0.038 0.120
810.984 60.00 60.0800 6.8 -0.084 -0.031
811.033 60.00 60.1000 6.2 -0.105 -0.099
811.084 60.00 60.0800 6.8 -0.082 -0.024
811.134 60.00 60.0800 6.9 -0.078 -0.011
811.183 60.00 60.0600 7.3 -0.063 0.036
811.233 60.00 60.0800 6.9 -0.080 -0.019
811.282 60.00 60.0400 7.8 -0.044 0.096
811.334 60.00 60.0400 7.9 -0.040 0.109
811.384 60.00 60.0400 7.9 -0.040 0.108
811.434 60.00 60.0700 7.0 -0.076 -0.009
811.483 60.00 60.0900 6.6 -0.088 -0.050
811.531 60.00 60.0700 7.0 -0.073 -0.002
811.582 60.00 60.0800 6.8 -0.082 -0.030
811.632 60.00 60.0800 6.8 -0.082 -0.030
811.682 60.00 60.0700 7.0 -0.073 -0.003
811.731 60.00 60.0700 7.1 -0.069 0.010
811.781 60.00 60.0700 7.1 -0.069 0.009
811.831 60.00 60.0600 7.4 -0.057 0.050
811.881 60.00 60.0500 7.5 -0.052 0.063
811.932 60.00 60.0500 7.5 -0.052 0.062
811.980 60.00 60.0700 6.9 -0.076 -0.014
812.031 60.00 60.0500 7.5 -0.052 0.061
812.080 60.00 60.0500 7.6 -0.050 0.067
812.130 60.00 60.0600 7.3 -0.059 0.039
812.180 60.00 60.1000 6.2 -0.103 -0.105
812.229 60.00 60.0600 7.2 -0.063 0.025
812.279 60.00 60.0800 6.7 -0.084 -0.044
812.328 60.00 60.0600 7.2 -0.063 0.024
812.379 60.00 60.0400 7.8 -0.042 0.092
812.429 60.00 60.0600 7.3 -0.059 0.036
812.478 60.00 60.0600 7.3 -0.059 0.035
812.529 60.00 60.0400 7.8 -0.042 0.090
812.578 60.00 60.0400 7.8 -0.042 0.089
812.628 60.00 60.0600 7.3 -0.059 0.033
812.679 60.00 60.0400 7.6 -0.046 0.073
812.727 60.00 60.0300 7.9 -0.035 0.107
812.778 60.00 60.0600 7.2 -0.061 0.024
812.827 60.00 60.0600 7.2 -0.063 0.017
812.878 60.00 60.0400 7.8 -0.038 0.098
812.928 60.00 60.0400 7.8 -0.038 0.097
812.976 60.00 60.0700 6.8 -0.076 -0.026
813.026 60.00 60.1000 6.2 -0.098 -0.101
813.075 60.00 60.0600 7.3 -0.059 0.028
813.126 60.00 60.0400 7.7 -0.042 0.082
813.176 60.00 60.0500 7.5 -0.048 0.061
813.225 60.00 60.0300 8.0 -0.029 0.122
813.275 60.00 60.0400 7.6 -0.044 0.073
813.324 60.00 60.0400 7.8 -0.038 0.093
813.375 60.00 60.0500 7.5 -0.048 0.058
813.425 60.00 59.9800 9.3 0.021 0.282
813.476 60.00 60.0400 7.6 -0.044 0.069
813.525 60.00 60.0600 7.2 -0.059 0.020
813.573 60.00 60.0400 7.7 -0.040 0.081
813.624 60.00 60.0600 7.1 -0.061 0.012
813.674 60.00 60.0400 7.8 -0.038 0.087
813.724 60.00 60.0400 7.6 -0.044 0.066
813.773 60.00 60.0300 7.9 -0.031 0.106
813.823 60.00 60.0600 7.2 -0.057 0.023
813.873 60.00 60.0600 7.2 -0.059 0.016
813.923 60.00 60.0300 7.8 -0.034 0.097
813.974 60.00 60.0700 6.8 -0.073 -0.032
814.023 60.00 60.0400 7.7 -0.038 0.083
814.073 60.00 60.0300 7.9 -0.031 0.103
814.121 60.00 60.0300 7.8 -0.034 0.095
814.172 60.00 60.0300 7.8 -0.034 0.094
814.222 60.00 60.0600 7.2 -0.057 0.018
814.271 60.00 60.0400 7.5 -0.046 0.052
814.321 60.00 60.0400 7.7 -0.038 0.078
814.370 60.00 60.0400 7.5 -0.044 0.057
814.421 60.00 60.0300 7.9 -0.029 0.104
814.471 60.00 60.0200 8.0 -0.025 0.117
814.520 60.00 60.0200 8.1 -0.021 0.130
814.571 60.00 60.0400 7.4 -0.046 0.047
814.620 60.00 60.0200 8.1 -0.021 0.129
814.671 60.00 60.0500 7.4 -0.048 0.039
814.720 60.00 60.0200 8.0 -0.025 0.113
814.769 60.00 60.0400 7.6 -0.040 0.065
814.819 60.00 60.0300 7.9 -0.027 0.105
814.868 60.00 60.0200 8.0 -0.023 0.118
814.920 60.00 60.0200 8.1 -0.019 0.130
814.969 60.00 60.0400 7.5 -0.042 0.055
815.019 60.00 60.0200 8.1 -0.019 0.129
815.069 60.00 60.0500 7.2 -0.050 0.026
815.117 60.00 60.0200 8.1 -0.017 0.134
815.168 60.00 60.0300 7.8 -0.029 0.093
815.218 60.00 60.0100 8.2 -0.015 0.139
815.267 60.00 60.0100 8.2 -0.015 0.138
815.317 60.00 60.0300 7.8 -0.029 0.090
815.366 60.00 60.0400 7.5 -0.038 0.062
815.417 60.00 60.0100 8.3 -0.008 0.156
815.467 60.00 60.0300 7.8 -0.029 0.088
815.518 60.00 60.0100 8.2 -0.010 0.148
815.567 60.00 60.0000 8.4 -0.006 0.161
815.616 60.00 60.0200 7.9 -0.023 0.105
815.666 60.00 60.0100 8.1 -0.015 0.131
815.716 60.00 59.9600 9.6 0.040 0.307
815.766 60.00 60.0300 7.7 -0.031 0.075
815.815 60.00 60.0200 7.8 -0.025 0.094
815.865 60.00 60.0100 8.1 -0.015 0.127
815.915 60.00 59.9900 8.6 0.004 0.188
815.965 60.00 60.0300 7.5 -0.035 0.058
816.015 60.00 60.0000 8.5 0.000 0.173
816.064 60.00 60.0200 7.8 -0.023 0.096
816.114 60.00 60.0200 7.9 -0.019 0.109
816.164 60.00 60.0200 7.8 -0.023 0.095
816.215 60.00 60.0300 7.7 -0.027 0.081
816.264 60.00 60.0000 8.4 0.000 0.169
816.313 60.00 60.0200 7.9 -0.021 0.100
816.363 60.00 60.0100 8.1 -0.013 0.125
816.412 60.00 60.0200 7.9 -0.019 0.105
816.463 60.00 60.0100 8.1 -0.010 0.131
816.513 60.00 60.0100 8.2 -0.008 0.137
816.562 60.00 60.0400 7.2 -0.044 0.020
816.612 60.00 60.0400 7.3 -0.040 0.033
816.661 60.00 60.0200 7.9 -0.017 0.108
816.712 60.00 59.9900 8.7 0.013 0.202
816.762 60.00 59.9900 8.5 0.006 0.181
816.811 60.00 59.9900 8.5 0.006 0.180
816.861 60.00 59.9900 8.7 0.013 0.199
816.910 60.00 60.0000 8.4 0.002 0.164
816.962 60.00 59.9800 8.7 0.015 0.204
817.012 60.00 59.9900 8.4 0.004 0.168
817.061 60.00 59.9800 8.9 0.023 0.229
817.110 60.00 59.9800 8.7 0.015 0.200
817.159 60.00 59.9800 8.7 0.017 0.206
817.210 60.00 59.9900 8.5 0.008 0.177
817.260 60.00 60.0200 7.7 -0.021 0.082
817.309 60.00 59.9800 8.9 0.023 0.224
817.359 60.00 59.9800 8.7 0.015 0.195
817.408 60.00 60.0000 8.2 -0.002 0.139
817.459 60.00 59.9800 8.8 0.023 0.220
817.509 60.00 60.0500 7.0 -0.048 -0.012
817.560 60.00 59.9800 8.8 0.023 0.219
817.609 60.00 59.9700 8.9 0.027 0.232
817.657 60.00 59.9700 9.1 0.034 0.250
817.708 60.00 59.9800 8.6 0.017 0.195
817.758 60.00 59.9700 8.9 0.025 0.221
817.808 60.00 59.9700 8.9 0.027 0.227
817.857 60.00 59.9500 9.4 0.046 0.286
817.906 60.00 59.9700 8.9 0.029 0.231
817.957 60.00 59.9600 9.2 0.040 0.263
818.007 60.00 59.9500 9.5 0.050 0.296
818.058 60.00 59.9800 8.7 0.023 0.206
818.107 60.00 59.9900 8.4 0.010 0.164
818.156 60.00 59.9700 8.8 0.025 0.211
818.206 60.00 59.9800 8.5 0.015 0.175
818.256 60.00 59.9600 9.0 0.036 0.242
818.306 60.00 59.9700 8.9 0.029 0.221
818.355 60.00 59.9500 9.5 0.052 0.294
818.405 60.00 59.9400 9.6 0.057 0.307
818.454 60.00 59.9600 9.1 0.040 0.250
818.505 60.00 59.9600 9.1 0.040 0.249
818.555 60.00 59.9400 9.5 0.057 0.302
818.604 60.00 59.9700 8.7 0.027 0.206
818.655 60.00 59.9400 9.5 0.055 0.293
818.703 60.00 59.9600 9.1 0.042 0.251
818.754 60.00 59.9600 9.0 0.038 0.236
818.804 60.00 59.9500 9.2 0.046 0.261
818.853 60.00 59.9700 8.9 0.034 0.219
818.903 60.00 59.9600 8.9 0.036 0.225
818.953 60.00 59.9500 9.1 0.044 0.251
819.004 60.00 59.9700 8.7 0.029 0.202
819.054 60.00 59.9700 8.7 0.029 0.201
819.102 60.00 59.9500 9.2 0.046 0.254
819.152 60.00 59.9600 8.9 0.038 0.226
819.201 60.00 59.9500 9.2 0.050 0.266
819.252 60.00 59.9500 9.1 0.046 0.250
819.302 60.00 59.9800 8.3 0.015 0.147
819.351 60.00 59.9800 8.5 0.023 0.174
819.401 60.00 59.9700 8.6 0.027 0.187
819.450 60.00 59.9800 8.3 0.017 0.151
819.502 60.00 59.9600 8.9 0.038 0.219
819.552 60.00 59.9700 8.5 0.025 0.177
819.600 60.00 59.9400 9.3 0.057 0.278
819.650 60.00 59.9400 9.4 0.059 0.283
819.699 60.00 59.9500 9.2 0.052 0.261
819.750 60.00 59.9600 8.9 0.040 0.219
819.800 60.00 59.9500 9.1 0.050 0.252
819.850 60.00 60.0000 7.8 0.002 0.094
819.899 60.00 59.9800 8.4 0.023 0.162
819.948 60.00 59.9600 8.8 0.038 0.209
819.999 60.00 59.9500 9.0 0.046 0.234
820.049 60.00 59.9400 9.2 0.055 0.261
820.100 60.00 59.9700 8.5 0.029 0.178
820.149 60.00 59.9800 8.4 0.023 0.156
820.198 60.00 59.9400 9.3 0.059 0.271
820.248 60.00 59.9600 8.8 0.042 0.216
820.298 60.00 59.9700 8.6 0.031 0.180
820.348 60.00 59.9700 8.4 0.027 0.166
820.397 60.00 59.9500 9.1 0.052 0.247
820.447 60.00 59.9500 9.1 0.052 0.246
820.496 60.00 59.9400 9.2 0.059 0.265
820.547 60.00 59.9600 8.7 0.040 0.202
820.597 60.00 59.9600 8.7 0.038 0.194
820.647 60.00 59.9600 8.6 0.036 0.186
820.696 60.00 59.9400 9.3 0.061 0.267
820.745 60.00 59.9400 9.2 0.057 0.252
820.796 60.00 59.9300 9.4 0.067 0.285
820.846 60.00 59.9600 8.6 0.038 0.189
820.895 60.00 59.9500 8.9 0.050 0.228
820.946 60.00 59.9400 9.3 0.063 0.268
820.995 60.00 59.9500 8.9 0.050 0.226
821.046 60.00 59.9800 8.2 0.023 0.136
821.095 60.00 59.9800 8.0 0.017 0.115
821.144 60.00 59.9300 9.3 0.065 0.271
821.194 60.00 59.9400 9.2 0.061 0.256
821.243 60.00 59.9700 8.4 0.031 0.160
821.294 60.00 59.9600 8.5 0.036 0.173
821.344 60.00 59.9700 8.3 0.027 0.145
821.393 60.00 59.9300 9.4 0.069 0.280
821.443 60.00 59.9700 8.2 0.025 0.136
821.492 60.00 59.9600 8.6 0.042 0.190
821.544 60.00 59.9400 9.1 0.061 0.250
821.594 60.00 59.9600 8.4 0.036 0.167
821.643 60.00 59.9600 8.6 0.040 0.179
821.692 60.00 59.9500 8.8 0.050 0.213
821.741 60.00 59.9400 9.1 0.059 0.239
821.792 60.00 59.9700 8.2 0.025 0.129
821.842 60.00 59.9300 9.3 0.069 0.271
821.891 60.00 59.9400 9.1 0.063 0.250
821.941 60.00 59.9600 8.6 0.042 0.181
821.990 60.00 59.9400 8.9 0.057 0.227
822.041 60.00 59.9600 8.5 0.040 0.171
822.091 60.00 59.9500 8.8 0.052 0.212
822.141 60.00 59.9300 9.2 0.065 0.251
822.190 60.00 59.9500 8.8 0.052 0.210
822.240 60.00 59.9400 8.9 0.055 0.215
822.290 60.00 59.9600 8.4 0.040 0.166
822.341 60.00 59.9300 9.1 0.065 0.247
822.390 60.00 59.9200 9.4 0.078 0.288
822.439 60.00 59.9300 9.1 0.065 0.245
822.489 60.00 59.9600 8.4 0.038 0.156
822.538 60.00 59.9300 9.1 0.067 0.250
822.589 60.00 59.9800 7.8 0.017 0.085
822.639 60.00 59.9400 8.9 0.059 0.221
822.688 60.00 59.9600 8.4 0.040 0.159
822.738 60.00 59.9200 9.3 0.076 0.274
822.787 60.00 59.9300 9.3 0.073 0.266
822.838 60.00 59.9600 8.4 0.042 0.163
822.888 60.00 59.9500 8.7 0.052 0.196
822.937 60.00 59.9300 9.0 0.065 0.236
822.987 60.00 59.9400 8.7 0.055 0.201
823.036 60.00 59.9400 8.8 0.059 0.214
823.088 60.00 59.9300 9.2 0.071 0.253
823.138 60.00 59.9500 8.6 0.048 0.177
823.187 60.00 59.9700 8.2 0.034 0.129
823.236 60.00 59.9100 9.5 0.084 0.292
823.285 60.00 59.9300 9.0 0.067 0.236
823.336 60.00 59.9100 9.5 0.084 0.290
823.386 60.00 59.9500 8.5 0.048 0.172
823.435 60.00 59.9400 8.9 0.063 0.219
823.485 60.00 59.9000 9.7 0.094 0.321
823.534 60.00 59.9400 8.7 0.055 0.190
823.585 60.00 59.9200 9.4 0.082 0.277
823.635 60.00 59.9400 8.9 0.063 0.215
823.685 60.00 59.9100 9.4 0.084 0.282
823.735 60.00 59.9200 9.2 0.078 0.260
823.783 60.00 59.9600 8.2 0.038 0.130
823.834 60.00 59.9400 8.6 0.055 0.184
823.884 60.00 59.9700 8.1 0.034 0.115
823.933 60.00 59.9600 8.2 0.038 0.128
823.983 60.00 59.9300 8.9 0.065 0.216
824.032 60.00 59.9400 8.6 0.057 0.188
824.083 60.00 59.9100 9.4 0.084 0.276
824.133 60.00 59.9400 8.8 0.063 0.206
824.183 60.00 59.9500 8.4 0.050 0.164
824.233 60.00 59.9200 9.2 0.080 0.259
824.282 60.00 59.9300 9.1 0.073 0.237
824.332 60.00 59.9600 8.1 0.038 0.121
824.382 60.00 59.9100 9.4 0.088 0.283
824.432 60.00 59.9500 8.5 0.052 0.166
824.481 60.00 59.9300 8.9 0.069 0.220
824.531 60.00 59.9300 8.8 0.065 0.205
824.581 60.00 59.9500 8.3 0.048 0.150
824.631 60.00 59.9600 8.0 0.036 0.109
824.681 60.00 59.9500 8.4 0.052 0.163
824.730 60.00 59.9200 9.1 0.078 0.244
824.780 60.00 59.9400 8.6 0.059 0.182
824.829 60.00 59.9000 9.5 0.094 0.297
824.880 60.00 59.9400 8.6 0.059 0.180
824.930 60.00 59.9200 9.1 0.078 0.240
824.979 60.00 59.9300 8.8 0.069 0.212
825.029 60.00 59.9200 9.0 0.076 0.232
825.078 60.00 59.9600 8.1 0.042 0.122
825.130 60.00 59.9400 8.6 0.061 0.182
825.180 60.00 59.9300 8.9 0.073 0.222
825.228 60.00 59.9100 9.3 0.086 0.262
825.278 60.00 59.9300 8.8 0.067 0.200
825.327 60.00 59.9300 8.8 0.067 0.199
825.378 60.00 59.9400 8.6 0.061 0.177
825.428 60.00 59.9300 8.7 0.065 0.190
825.477 60.00 59.9400 8.6 0.061 0.176
825.527 60.00 59.9200 9.0 0.078 0.230
825.576 60.00 59.9200 9.1 0.080 0.236
825.627 60.00 59.9500 8.3 0.050 0.139
825.678 60.00 59.9300 8.9 0.073 0.214
825.727 60.00 59.9100 9.2 0.088 0.261
825.776 60.00 59.9300 8.8 0.069 0.198
825.825 60.00 59.9300 8.8 0.073 0.211
825.876 60.00 59.9300 8.6 0.065 0.183
825.926 60.00 59.9300 8.7 0.069 0.196
825.975 60.00 59.9400 8.6 0.063 0.175
826.025 60.00 59.9200 9.0 0.080 0.229
826.074 60.00 59.9300 8.8 0.073 0.207
826.125 60.00 59.9300 8.8 0.073 0.206
826.175 60.00 59.9200 9.0 0.080 0.226
826.225 60.00 59.9400 8.5 0.063 0.171
826.275 60.00 59.9100 9.1 0.084 0.238
826.324 60.00 59.9300 8.8 0.073 0.203
826.374 60.00 59.9500 8.1 0.046 0.113
826.424 60.00 59.9200 8.9 0.078 0.215
826.474 60.00 59.9200 8.9 0.080 0.221
826.523 60.00 59.9400 8.4 0.059 0.152
826.573 60.00 59.9400 8.5 0.063 0.166
826.623 60.00 59.9300 8.7 0.071 0.192
826.673 60.00 59.9100 9.2 0.092 0.259
826.723 60.00 59.9200 8.9 0.080 0.218
826.772 60.00 59.9200 8.8 0.076 0.203
826.822 60.00 59.9100 9.1 0.088 0.243
826.871 60.00 59.9300 8.7 0.071 0.187
826.922 60.00 59.9200 8.8 0.076 0.201
826.972 60.00 59.9500 8.0 0.046 0.104
827.021 60.00 59.9100 9.2 0.090 0.247
827.071 60.00 59.9400 8.2 0.055 0.130
827.121 60.00 59.9300 8.5 0.065 0.164
827.172 60.00 59.9100 9.0 0.086 0.231
827.222 60.00 59.9300 8.5 0.067 0.169
827.270 60.00 59.9200 8.8 0.078 0.203
827.320 60.00 59.9300 8.5 0.067 0.167
827.369 60.00 59.9200 8.7 0.076 0.194
827.420 60.00 59.9200 8.7 0.076 0.194
827.470 60.00 59.9000 9.4 0.103 0.281
827.519 60.00 59.9200 8.7 0.076 0.192
827.569 60.00 59.9200 8.8 0.080 0.205
827.618 60.00 59.9300 8.5 0.067 0.163
827.670 60.00 59.9400 8.3 0.061 0.142
827.720 60.00 59.9400 8.3 0.061 0.141
827.768 60.00 59.9300 8.5 0.067 0.161
827.818 60.00 59.9000 9.2 0.094 0.249
827.867 60.00 59.9300 8.4 0.065 0.153
827.918 60.00 59.9000 9.2 0.096 0.254
827.968 60.00 59.9300 8.4 0.067 0.158
828.017 60.00 59.9200 8.7 0.078 0.192
828.067 60.00 59.9300 8.5 0.071 0.170
828.116 60.00 59.8900 9.4 0.105 0.279
828.167 60.00 59.9200 8.8 0.082 0.203
828.218 60.00 59.9200 8.7 0.078 0.189
828.267 60.00 59.9200 8.7 0.078 0.188
828.316 60.00 59.9300 8.4 0.069 0.160
828.365 60.00 59.9200 8.7 0.078 0.187
828.416 60.00 59.9200 8.6 0.076 0.179
828.466 60.00 59.9600 7.7 0.040 0.062
828.516 60.00 59.9100 8.9 0.086 0.212
828.565 60.00 59.9300 8.5 0.073 0.171
828.615 60.00 59.9200 8.7 0.078 0.184
828.665 60.00 59.9200 8.8 0.082 0.196
828.715 60.00 59.9400 8.0 0.055 0.107
828.765 60.00 59.9400 8.2 0.061 0.127
828.814 60.00 59.9100 8.8 0.084 0.202
828.864 60.00 59.9200 8.6 0.076 0.174
828.913 60.00 59.9300 8.5 0.073 0.167
828.964 60.00 59.9400 8.2 0.063 0.132
829.014 60.00 59.9100 8.9 0.090 0.220
829.064 60.00 59.9200 8.6 0.076 0.172
829.113 60.00 59.9300 8.4 0.071 0.157
829.162 60.00 59.9200 8.6 0.078 0.177
829.213 60.00 59.9200 8.5 0.076 0.170
829.263 60.00 59.9400 8.1 0.061 0.121
829.312 60.00 59.9400 8.1 0.061 0.121
829.362 60.00 59.9200 8.6 0.078 0.175
829.411 60.00 59.9200 8.5 0.076 0.168
829.462 60.00 59.9200 8.6 0.078 0.174
829.512 60.00 59.9300 8.3 0.069 0.146
829.562 60.00 59.9300 8.3 0.069 0.146
829.611 60.00 59.9100 8.9 0.090 0.213
829.660 60.00 59.9100 8.9 0.092 0.219
829.711 60.00 59.9500 7.9 0.052 0.089
829.761 60.00 59.9700 7.3 0.031 0.021
829.810 60.00 59.9400 8.0 0.057 0.103
829.860 60.00 59.9100 8.8 0.088 0.205
829.909 60.00 59.9200 8.5 0.076 0.163
829.960 60.00 59.9400 7.9 0.055 0.094
830.010 60.00 59.9500 7.6 0.044 0.060
830.060 60.00 59.9200 8.5 0.076 0.162
830.110 60.00 59.9300 8.4 0.073 0.155
830.159 60.00 59.9200 8.5 0.076 0.161
830.209 60.00 59.9100 8.7 0.084 0.188
830.259 60.00 60.0200 5.9 -0.021 -0.153
830.308 60.00 59.9200 8.5 0.078 0.168
830.358 60.00 59.9300 8.2 0.067 0.133
830.407 60.00 59.9500 7.7 0.046 0.064
830.458 60.00 59.9300 8.2 0.067 0.132
830.508 60.00 59.9100 8.8 0.088 0.200
830.558 60.00 59.9300 8.3 0.069 0.138
830.608 60.00 59.9300 8.3 0.071 0.144
830.656 60.00 59.9300 8.3 0.071 0.144
830.707 60.00 59.9200 8.6 0.080 0.171
830.757 60.00 59.9100 8.8 0.088 0.197
830.807 60.00 59.9100 8.7 0.086 0.190
830.856 60.00 59.9400 8.1 0.063 0.115
830.906 60.00 59.9000 8.9 0.094 0.216
830.957 60.00 59.9400 7.9 0.057 0.093
831.007 60.00 59.9300 8.4 0.073 0.147
831.057 60.00 59.9400 7.9 0.057 0.092
831.105 60.00 59.9700 7.1 0.025 -0.010
831.155 60.00 59.9400 8.1 0.063 0.113
831.204 60.00 59.9300 8.1 0.065 0.119
831.255 60.00 59.9100 8.8 0.090 0.201
831.305 60.00 59.9400 8.0 0.059 0.098
831.354 60.00 59.9400 7.8 0.055 0.084
831.404 60.00 59.9300 8.3 0.073 0.145
831.453 60.00 59.9500 7.6 0.046 0.056
831.504 60.00 59.9300 8.1 0.065 0.117
831.555 60.00 59.9300 8.1 0.065 0.117
831.604 60.00 59.9300 8.3 0.071 0.137
831.653 60.00 59.9400 8.0 0.061 0.102
831.702 60.00 59.9100 8.8 0.092 0.204
831.753 60.00 59.9400 8.1 0.063 0.109
831.803 60.00 59.9400 7.8 0.055 0.081
831.852 60.00 59.9300 8.3 0.073 0.142
831.902 60.00 59.9400 7.9 0.057 0.087
831.951 60.00 59.9400 8.0 0.063 0.107
832.002 60.00 59.9200 8.5 0.080 0.162
832.052 60.00 59.9400 8.0 0.061 0.099
832.101 60.00 59.9400 7.8 0.055 0.079
832.151 60.00 59.9300 8.3 0.073 0.140
832.201 60.00 59.9300 8.2 0.071 0.133
832.252 60.00 59.9200 8.5 0.080 0.160
832.302 60.00 59.9300 8.1 0.065 0.111
832.350 60.00 59.9100 8.6 0.086 0.179
832.400 60.00 59.9200 8.5 0.082 0.165
832.449 60.00 59.9100 8.8 0.092 0.198
832.500 60.00 59.9000 8.8 0.094 0.205
832.550 60.00 59.9000 8.9 0.096 0.211
832.600 60.00 59.9300 8.2 0.069 0.122
832.649 60.00 59.9300 8.3 0.073 0.135
832.698 60.00 59.9100 8.7 0.090 0.189
832.749 60.00 59.9200 8.4 0.078 0.148
832.799 60.00 59.9200 8.5 0.082 0.161
832.849 60.00 59.9300 8.0 0.065 0.106
832.898 60.00 59.9400 7.9 0.059 0.085
832.948 60.00 59.9200 8.5 0.082 0.160
832.998 60.00 59.9400 7.9 0.061 0.091
833.048 60.00 59.9100 8.6 0.086 0.173
833.099 60.00 59.9300 8.1 0.069 0.118
833.148 60.00 59.9200 8.5 0.082 0.158
833.198 60.00 59.9300 8.1 0.067 0.110
833.246 60.00 59.9000 8.9 0.099 0.212
833.297 60.00 59.9200 8.3 0.078 0.143
833.347 60.00 59.9200 8.4 0.082 0.156
833.396 60.00 59.9300 8.2 0.073 0.129
833.446 60.00 59.9400 7.8 0.057 0.074
833.495 60.00 59.9300 8.1 0.067 0.108
833.546 60.00 59.9300 8.2 0.073 0.128
833.596 60.00 59.9400 7.9 0.061 0.087
833.645 60.00 59.9300 8.1 0.069 0.114
833.696 60.00 59.9400 7.8 0.059 0.080
833.745 60.00 59.9500 7.6 0.050 0.052
833.795 60.00 59.9300 8.1 0.069 0.114
833.845 60.00 59.9400 7.9 0.061 0.086
833.894 60.00 59.9300 8.1 0.069 0.113
833.944 60.00 59.9300 8.0 0.067 0.106
833.993 60.00 59.9300 8.0 0.065 0.099
834.044 60.00 59.9200 8.4 0.080 0.147
834.094 60.00 59.9400 7.9 0.063 0.092
834.143 60.00 59.9500 7.6 0.050 0.050
834.193 60.00 59.9400 7.9 0.061 0.084
834.242 60.00 59.9400 7.8 0.057 0.071
834.294 60.00 59.9400 7.8 0.059 0.078
834.344 60.00 59.9400 7.7 0.055 0.064
834.393 60.00 59.9200 8.3 0.078 0.139
834.442 60.00 59.9600 7.2 0.038 0.009
834.491 60.00 59.9300 8.1 0.069 0.111
834.542 60.00 59.9300 8.1 0.071 0.118
834.593 60.00 59.9100 8.5 0.084 0.159
834.642 60.00 59.9400 7.9 0.063 0.090
834.692 60.00 59.9600 7.2 0.036 0.001
834.740 60.00 59.9500 7.5 0.048 0.042
834.791 60.00 59.9300 8.1 0.071 0.117
834.841 60.00 59.9100 8.5 0.084 0.158
834.891 60.00 59.9100 8.6 0.088 0.171
834.940 60.00 59.9300 8.2 0.073 0.123
834.990 60.00 59.9500 7.6 0.052 0.054
835.040 60.00 59.9200 8.3 0.078 0.136
835.090 60.00 59.9500 7.6 0.052 0.054
835.141 60.00 59.9100 8.5 0.084 0.156
835.190 60.00 59.9400 7.7 0.055 0.060
835.239 60.00 59.9400 7.7 0.055 0.060
835.288 60.00 60.0600 4.5 -0.065 -0.329
835.339 60.00 59.9300 8.2 0.073 0.123
835.389 60.00 59.9300 8.0 0.067 0.102
835.438 60.00 59.9600 7.2 0.036 -0.000
835.488 60.00 59.9300 8.2 0.073 0.123
835.537 60.00 59.9500 7.5 0.046 0.034
835.588 60.00 59.9400 7.7 0.057 0.068
835.638 60.00 59.9500 7.6 0.052 0.054
835.688 60.00 59.9400 7.7 0.055 0.061
835.737 60.00 59.9000 9.0 0.103 0.218
835.786 60.00 59.9400 7.7 0.055 0.060
835.837 60.00 59.9500 7.5 0.046 0.033
835.887 60.00 59.9300 8.2 0.073 0.122
835.936 60.00 59.9400 7.7 0.055 0.060
835.986 60.00 59.9500 7.6 0.052 0.053
836.035 60.00 59.9400 7.7 0.055 0.060
836.086 60.00 59.9400 7.7 0.057 0.067
836.136 60.00 59.9500 7.6 0.050 0.046
836.186 60.00 59.9200 8.3 0.080 0.142
836.236 60.00 59.9400 7.9 0.063 0.087
836.284 60.00 59.9500 7.5 0.048 0.039
836.335 60.00 59.9600 7.3 0.042 0.019
836.385 60.00 59.9400 7.7 0.055 0.060
836.434 60.00 59.9400 7.8 0.061 0.080
836.484 60.00 59.9300 8.1 0.069 0.107
836.533 60.00 59.9500 7.4 0.044 0.025
836.584 60.00 59.9400 7.8 0.059 0.073
836.634 60.00 59.9600 7.3 0.040 0.011
836.683 60.00 59.9300 8.1 0.069 0.107
836.733 60.00 59.9400 7.8 0.061 0.079
836.782 60.00 59.9500 7.5 0.050 0.045
836.833 60.00 59.9500 7.6 0.052 0.052
836.883 60.00 59.9500 7.4 0.044 0.025
836.934 60.00 59.9400 7.9 0.063 0.087
836.983 60.00 59.9500 7.5 0.048 0.039
837.032 60.00 59.9400 7.8 0.059 0.073
837.082 60.00 59.9400 7.9 0.063 0.087
837.132 60.00 59.9600 7.2 0.036 -0.002
837.182 60.00 59.9400 7.7 0.055 0.059
837.231 60.00 59.9500 7.6 0.050 0.045
837.281 60.00 59.9000 8.9 0.103 0.216
837.331 60.00 59.9400 7.9 0.063 0.086
837.381 60.00 59.9400 7.7 0.055 0.058
837.431 60.00 59.9500 7.5 0.050 0.045
837.480 60.00 59.9300 8.0 0.067 0.099
837.531 60.00 59.9400 7.8 0.059 0.072
837.580 60.00 59.9500 7.4 0.044 0.024
837.631 60.00 59.9500 7.5 0.048 0.038
837.680 60.00 59.9400 7.7 0.057 0.065
837.729 60.00 59.9500 7.4 0.046 0.031
837.779 60.00 59.9600 7.3 0.040 0.010
837.828 60.00 59.9400 7.8 0.059 0.072
837.879 60.00 59.9100 8.5 0.086 0.160
837.929 60.00 59.9500 7.5 0.050 0.044
837.978 60.00 59.9600 7.2 0.036 -0.003
838.028 60.00 59.9500 7.5 0.050 0.044
838.077 60.00 59.9500 7.4 0.046 0.031
838.128 60.00 59.9500 7.5 0.050 0.045
838.179 60.00 59.9600 7.3 0.042 0.018
838.228 60.00 59.9600 7.3 0.040 0.010
838.278 60.00 59.9500 7.5 0.050 0.045
838.326 60.00 59.9500 7.5 0.048 0.038
838.377 60.00 59.9500 7.4 0.044 0.024
838.427 60.00 59.9700 7.1 0.034 -0.009
838.476 60.00 59.9600 7.3 0.040 0.011
838.526 60.00 59.9400 7.8 0.061 0.080
838.575 60.00 59.9700 7.1 0.034 -0.009
838.626 60.00 59.9500 7.4 0.044 0.025
838.676 60.00 59.9500 7.4 0.044 0.025
838.725 60.00 59.9600 7.3 0.040 0.012
838.775 60.00 59.9700 7.0 0.029 -0.022
838.824 60.00 59.9400 7.7 0.057 0.067
838.875 60.00 59.9600 7.3 0.040 0.012
838.925 60.00 59.9600 7.3 0.040 0.012
838.975 60.00 59.9500 7.5 0.048 0.040
839.024 60.00 59.9500 7.5 0.046 0.033
839.074 60.00 59.9500 7.4 0.044 0.026
839.125 60.00 59.9500 7.5 0.046 0.033
839.175 60.00 59.9300 8.0 0.065 0.095
839.224 60.00 59.9500 7.4 0.044 0.026
839.273 60.00 59.9600 7.2 0.036 -0.001
839.323 60.00 59.9900 6.4 0.006 -0.096
839.373 60.00 59.9400 7.9 0.061 0.082
839.423 60.00 59.9600 7.3 0.040 0.013
839.473 60.00 59.9700 7.0 0.027 -0.027
839.522 60.00 59.9600 7.3 0.040 0.014
839.572 60.00 59.9800 6.8 0.021 -0.046
839.621 60.00 59.9300 8.0 0.065 0.096
839.673 60.00 59.9600 7.4 0.042 0.022
839.723 60.00 59.9700 7.0 0.029 -0.019
839.771 60.00 59.9600 7.3 0.040 0.015
839.821 60.00 59.9700 7.0 0.027 -0.025
839.870 60.00 59.9800 6.8 0.019 -0.053
839.921 60.00 59.9800 6.8 0.021 -0.045
839.971 60.00 59.9600 7.3 0.038 0.010
840.020 60.00 59.9700 7.2 0.034 -0.004
840.070 60.00 59.9600 7.2 0.036 0.003
840.119 60.00 59.9600 7.3 0.040 0.017
840.171 60.00 59.9300 8.0 0.065 0.099
840.221 60.00 59.9700 7.2 0.034 -0.003
840.270 60.00 59.9600 7.4 0.042 0.024
840.319 60.00 59.9400 7.9 0.061 0.085
840.368 60.00 59.9800 6.8 0.021 -0.044
840.419 60.00 59.9700 7.2 0.034 -0.003
840.469 60.00 59.9400 7.8 0.057 0.072
840.518 60.00 59.9800 6.9 0.023 -0.037
840.568 60.00 59.9700 7.0 0.027 -0.023
840.617 60.00 59.9700 7.1 0.031 -0.009
840.668 60.00 59.9600 7.4 0.042 0.026
840.718 60.00 59.9500 7.5 0.044 0.032
840.767 60.00 59.9700 7.0 0.025 -0.029
840.817 60.00 59.9600 7.2 0.036 0.006
840.866 60.00 59.9700 7.1 0.031 -0.008
840.917 60.00 59.9500 7.6 0.050 0.054
840.968 60.00 59.9700 7.0 0.027 -0.021
841.016 60.00 59.9700 7.2 0.034 -0.001
841.067 60.00 59.9600 7.3 0.040 0.020
841.116 60.00 59.9500 7.6 0.048 0.047
841.166 60.00 60.0200 5.7 -0.021 -0.177
841.216 60.00 59.9700 7.2 0.034 0.001
841.266 60.00 59.9600 7.4 0.040 0.021
841.315 60.00 59.9500 7.6 0.048 0.049
841.365 60.00 59.9800 6.9 0.021 -0.039
841.415 60.00 60.0100 6.1 -0.008 -0.135
841.465 60.00 59.9500 7.6 0.048 0.050
841.515 60.00 59.9600 7.3 0.038 0.016
841.565 60.00 59.9700 7.0 0.027 -0.018
841.614 60.00 59.9500 7.5 0.046 0.043
841.663 60.00 59.9900 6.4 0.004 -0.093
841.714 60.00 59.9800 6.9 0.021 -0.037
841.764 60.00 59.9800 6.9 0.023 -0.030
841.813 60.00 59.9700 7.2 0.034 0.004
841.863 60.00 59.9700 7.1 0.027 -0.016
841.912 60.00 60.0000 6.4 0.002 -0.098
841.963 60.00 59.9800 6.8 0.019 -0.043
842.013 60.00 59.9800 7.0 0.023 -0.028
842.063 60.00 59.9600 7.5 0.042 0.033
842.113 60.00 59.9900 6.6 0.010 -0.069
842.161 60.00 59.9900 6.7 0.013 -0.062
842.212 60.00 59.9900 6.7 0.013 -0.061
842.262 60.00 59.9500 7.5 0.044 0.041
842.311 60.00 59.9800 6.8 0.019 -0.041
842.361 60.00 60.0000 6.3 -0.002 -0.108
842.410 60.00 59.9900 6.6 0.008 -0.074
842.461 60.00 59.9800 7.0 0.023 -0.025
842.511 60.00 59.9300 8.2 0.067 0.118
842.560 60.00 59.9800 6.8 0.015 -0.053
842.610 60.00 59.9800 7.0 0.023 -0.025
842.659 60.00 59.9800 6.8 0.015 -0.052
842.710 60.00 59.9600 7.4 0.040 0.030
842.760 60.00 59.8300 10.7 0.164 0.433
842.809 60.00 59.9800 6.8 0.015 -0.053
842.859 60.00 59.9800 6.9 0.021 -0.032
842.909 60.00 59.9700 7.1 0.027 -0.011
842.960 60.00 59.9800 6.8 0.015 -0.052
843.010 60.00 59.9400 8.1 0.063 0.105
843.058 60.00 59.9800 6.8 0.015 -0.052
843.108 60.00 60.0000 6.4 0.002 -0.092
843.157 60.00 59.9900 6.5 0.006 -0.078
843.208 60.00 60.0000 6.4 0.000 -0.098
843.258 60.00 60.0200 5.8 -0.021 -0.165
843.308 60.00 60.0000 6.4 0.000 -0.097
843.357 60.00 59.9900 6.6 0.006 -0.076
843.406 60.00 59.9900 6.6 0.008 -0.068
843.457 60.00 60.0100 6.1 -0.013 -0.136
843.507 60.00 60.0000 6.4 -0.002 -0.101
843.558 60.00 60.0300 5.6 -0.031 -0.196
843.607 60.00 59.9800 6.9 0.019 -0.032
843.656 60.00 60.0200 6.0 -0.017 -0.147
843.706 60.00 60.0100 6.2 -0.008 -0.119
843.756 60.00 60.0000 6.3 -0.006 -0.111
843.806 60.00 60.0000 6.3 -0.006 -0.110
843.855 60.00 60.0000 6.3 -0.006 -0.109
843.905 60.00 60.0000 6.3 -0.006 -0.109
843.954 60.00 59.9900 6.7 0.008 -0.061
844.005 60.00 60.0200 5.8 -0.025 -0.170
844.055 60.00 59.8900 9.3 0.105 0.254
844.104 60.00 60.0100 6.2 -0.008 -0.115
844.154 60.00 60.0000 6.4 -0.002 -0.094
844.204 60.00 60.0000 6.3 -0.006 -0.107
844.255 60.00 60.0200 6.0 -0.017 -0.140
844.305 60.00 60.0000 6.4 -0.002 -0.092
844.353 60.00 59.9900 6.7 0.006 -0.064
844.403 60.00 60.0200 6.0 -0.017 -0.138
844.452 60.00 60.0100 6.1 -0.015 -0.131
844.503 60.00 60.0000 6.3 -0.006 -0.103
844.553 60.00 60.0100 6.2 -0.013 -0.123
844.602 60.00 59.9900 6.8 0.010 -0.047
844.652 60.00 60.0200 6.0 -0.021 -0.149
844.701 60.00 60.0200 6.0 -0.019 -0.141
844.752 60.00 60.0200 6.1 -0.017 -0.134
844.802 60.00 60.0100 6.2 -0.013 -0.120
844.851 60.00 60.0200 5.9 -0.023 -0.153
844.901 60.00 60.0000 6.5 -0.002 -0.084
844.951 60.00 60.0200 5.9 -0.025 -0.159
845.002 60.00 60.0200 6.1 -0.019 -0.137
845.052 60.00 60.0300 5.6 -0.035 -0.190
845.100 60.00 60.0200 6.0 -0.021 -0.142
845.150 60.00 60.0200 6.1 -0.017 -0.128
845.199 60.00 60.0200 6.1 -0.019 -0.134
845.250 60.00 60.0300 5.9 -0.027 -0.160
845.300 60.00 60.0100 6.3 -0.010 -0.105
845.350 60.00 60.0100 6.3 -0.010 -0.104
845.399 60.00 60.0000 6.5 -0.002 -0.077
845.448 60.00 60.0200 6.1 -0.021 -0.137
845.499 60.00 60.0400 5.4 -0.046 -0.219
845.549 60.00 59.9900 6.8 0.006 -0.047
845.600 60.00 60.0100 6.2 -0.015 -0.115
845.649 60.00 60.0100 6.3 -0.013 -0.108
845.698 60.00 60.0100 6.3 -0.013 -0.107
845.748 60.00 60.0600 5.1 -0.059 -0.256
845.798 60.00 60.0000 6.6 -0.002 -0.071
845.848 60.00 60.0400 5.7 -0.038 -0.186
845.897 60.00 60.0500 5.2 -0.055 -0.240
845.947 60.00 59.9000 9.2 0.094 0.245
845.996 60.00 60.0200 6.0 -0.023 -0.138
846.047 60.00 60.0300 5.9 -0.029 -0.157
846.097 60.00 60.0300 5.9 -0.029 -0.156
846.146 60.00 60.0400 5.5 -0.046 -0.211
846.197 60.00 60.0200 6.1 -0.023 -0.134
846.246 60.00 60.0300 5.8 -0.034 -0.168
846.296 60.00 60.0300 5.8 -0.034 -0.167
846.346 60.00 60.0200 6.0 -0.025 -0.139
846.395 60.00 60.0100 6.5 -0.008 -0.084
846.445 60.00 60.0300 5.8 -0.034 -0.165
846.494 60.00 60.0400 5.5 -0.046 -0.205
846.546 60.00 60.0200 6.2 -0.021 -0.122
846.596 60.00 60.0200 6.2 -0.021 -0.121
846.644 60.00 60.0300 6.0 -0.027 -0.141
846.694 60.00 60.0100 6.5 -0.010 -0.086
846.743 60.00 60.0400 5.7 -0.040 -0.181
846.794 60.00 60.0500 5.5 -0.048 -0.207
846.844 60.00 60.0300 6.0 -0.027 -0.138
846.893 60.00 60.0300 6.0 -0.029 -0.144
846.943 60.00 60.0300 5.9 -0.034 -0.157
846.992 60.00 60.0300 6.0 -0.031 -0.149
847.043 60.00 60.0200 6.3 -0.019 -0.108
847.094 60.00 60.0700 4.8 -0.073 -0.284
847.143 60.00 60.0400 5.7 -0.042 -0.181
847.192 60.00 60.0200 6.2 -0.023 -0.119
847.241 60.00 60.0300 5.9 -0.035 -0.159
847.292 60.00 60.0300 6.0 -0.029 -0.138
847.342 60.00 60.0900 4.4 -0.090 -0.335
847.391 60.00 60.0300 5.9 -0.034 -0.149
847.441 60.00 60.0300 6.0 -0.031 -0.142
847.490 60.00 60.0300 5.9 -0.035 -0.154
847.541 60.00 60.0400 5.6 -0.046 -0.188
847.591 60.00 60.0200 6.4 -0.019 -0.099
847.642 60.00 60.0400 5.8 -0.042 -0.173
847.691 60.00 60.0400 5.7 -0.044 -0.179
847.740 60.00 60.0600 5.4 -0.057 -0.219
847.790 60.00 60.0200 6.2 -0.025 -0.116
847.840 60.00 60.0200 6.4 -0.019 -0.095
847.890 60.00 60.0300 6.1 -0.029 -0.128
847.939 60.00 60.0300 6.1 -0.029 -0.128
847.989 60.00 60.0300 6.0 -0.034 -0.141
848.038 60.00 60.0500 5.5 -0.052 -0.201
848.089 60.00 60.0400 5.7 -0.044 -0.174
848.139 60.00 60.0400 5.8 -0.042 -0.165
848.189 60.00 60.0500 5.7 -0.048 -0.185
848.239 60.00 60.0400 5.8 -0.042 -0.164
848.287 60.00 60.0400 5.9 -0.038 -0.150
848.338 60.00 60.0400 5.9 -0.040 -0.156
848.388 60.00 60.0400 6.0 -0.038 -0.148
848.437 60.00 60.0400 5.8 -0.042 -0.161
848.487 60.00 60.0300 6.2 -0.027 -0.113
848.537 60.00 60.0500 5.6 -0.052 -0.194
848.588 60.00 60.0400 5.8 -0.044 -0.166
848.637 60.00 60.0500 5.7 -0.048 -0.179
848.686 60.00 60.0600 5.5 -0.057 -0.205
848.736 60.00 60.0300 6.2 -0.031 -0.122
848.785 60.00 60.0700 5.2 -0.069 -0.245
848.836 60.00 60.0400 5.9 -0.040 -0.148
848.886 60.00 60.0700 5.1 -0.073 -0.256
848.935 60.00 60.0400 5.8 -0.044 -0.160
848.985 60.00 60.0400 6.0 -0.038 -0.139
849.034 60.00 60.0400 5.9 -0.044 -0.159
849.085 60.00 60.0300 6.3 -0.029 -0.110
849.136 60.00 60.0400 6.0 -0.038 -0.137
849.185 60.00 60.0200 6.5 -0.019 -0.075
849.235 60.00 60.0400 5.9 -0.044 -0.157
849.283 60.00 60.0500 5.7 -0.050 -0.176
849.334 60.00 60.0300 6.3 -0.029 -0.107
849.384 60.00 60.0500 5.6 -0.055 -0.189
849.433 60.00 60.0500 5.7 -0.050 -0.174
849.483 60.00 60.0400 5.9 -0.044 -0.153
849.532 60.00 60.0400 6.1 -0.038 -0.132
849.583 60.00 60.0600 5.5 -0.059 -0.199
849.633 60.00 60.0600 5.6 -0.057 -0.192
849.683 60.00 60.0500 5.8 -0.050 -0.170
849.732 60.00 60.0400 6.1 -0.038 -0.129
849.782 60.00 60.0600 5.5 -0.061 -0.203
849.833 60.00 60.0500 5.7 -0.055 -0.182
849.883 60.00 60.0500 5.7 -0.052 -0.174
849.932 60.00 60.0600 5.6 -0.059 -0.194
849.981 60.00 60.0600 5.4 -0.065 -0.214
850.031 60.00 60.0600 5.6 -0.059 -0.192
850.081 60.00 60.0700 5.4 -0.067 -0.218
850.131 60.00 60.1000 4.4 -0.103 -0.333
850.181 60.00 60.0500 5.7 -0.055 -0.175
850.230 60.00 60.0600 5.6 -0.059 -0.188
850.280 60.00 60.0800 5.1 -0.078 -0.249
850.329 60.00 60.0400 6.1 -0.040 -0.125
850.380 60.00 60.0000 7.1 -0.002 -0.002
850.430 60.00 60.0600 5.6 -0.061 -0.193
850.480 60.00 60.0400 6.2 -0.038 -0.117
850.530 60.00 60.0600 5.6 -0.059 -0.184
850.578 60.00 60.0700 5.3 -0.071 -0.224
850.629 60.00 60.0600 5.5 -0.065 -0.203
850.679 60.00 60.0600 5.7 -0.059 -0.182
850.728 60.00 60.0600 5.6 -0.061 -0.188
850.778 60.00 60.0500 5.8 -0.055 -0.167
850.828 60.00 60.0600 5.6 -0.061 -0.186
850.879 60.00 60.0400 6.1 -0.044 -0.131
850.929 60.00 60.0700 5.3 -0.071 -0.219
850.977 60.00 60.0600 5.6 -0.061 -0.184
851.027 60.00 60.0700 5.5 -0.067 -0.203
851.076 60.00 60.0800 5.2 -0.080 -0.243
851.127 60.00 60.0900 4.9 -0.090 -0.277
851.177 60.00 60.0700 5.4 -0.071 -0.214
851.226 60.00 60.0800 5.1 -0.084 -0.254
851.276 60.00 60.0400 6.2 -0.040 -0.110
851.325 60.00 60.0900 4.9 -0.090 -0.273
851.376 60.00 60.0600 5.7 -0.061 -0.177
851.426 60.00 60.0700 5.5 -0.067 -0.196
851.475 60.00 60.0700 5.5 -0.067 -0.195
851.526 60.00 60.0700 5.4 -0.073 -0.215
851.575 60.00 60.0700 5.3 -0.076 -0.221
851.626 60.00 60.0800 5.2 -0.080 -0.234
851.675 60.00 60.0800 5.1 -0.084 -0.246
851.725 60.00 60.0500 6.0 -0.050 -0.136
851.774 60.00 60.0500 6.0 -0.052 -0.143
851.823 60.00 60.0800 5.3 -0.078 -0.224
851.874 60.00 60.0700 5.5 -0.069 -0.196
851.924 60.00 60.0600 5.9 -0.057 -0.154
851.974 60.00 60.0700 5.5 -0.071 -0.201
852.023 60.00 60.0700 5.5 -0.069 -0.193
852.073 60.00 60.0700 5.4 -0.076 -0.213
852.123 60.00 60.0700 5.5 -0.073 -0.205
852.174 60.00 60.0000 7.2 -0.006 0.014
852.223 60.00 60.0700 5.5 -0.073 -0.204
852.272 60.00 60.1000 4.6 -0.105 -0.306
852.322 60.00 60.0800 5.3 -0.080 -0.223
852.371 60.00 60.0700 5.7 -0.067 -0.181
852.422 60.00 60.0700 5.7 -0.067 -0.181
852.472 60.00 60.0700 5.5 -0.073 -0.200
852.521 60.00 60.0600 5.7 -0.065 -0.173
852.571 60.00 60.0800 5.3 -0.082 -0.226
852.620 60.00 60.0500 6.1 -0.050 -0.123
852.671 60.00 60.0500 6.1 -0.052 -0.129
852.721 60.00 60.0700 5.5 -0.076 -0.204
852.770 60.00 60.0800 5.2 -0.086 -0.237
852.820 60.00 60.1100 4.5 -0.111 -0.318
852.869 60.00 60.0800 5.4 -0.078 -0.208
852.921 60.00 60.1000 4.9 -0.098 -0.275
852.971 60.00 60.1000 4.8 -0.103 -0.287
853.020 60.00 60.0800 5.3 -0.082 -0.218
853.070 60.00 60.0900 5.1 -0.092 -0.251
853.118 60.00 60.0700 5.5 -0.076 -0.196
853.169 60.00 60.0800 5.4 -0.080 -0.209
853.219 60.00 60.0800 5.4 -0.080 -0.208
853.268 60.00 60.0700 5.7 -0.071 -0.180
853.318 60.00 60.0900 5.2 -0.088 -0.234
853.367 60.00 60.0800 5.4 -0.080 -0.205
853.418 60.00 60.0800 5.5 -0.078 -0.198
853.468 60.00 60.0900 5.2 -0.090 -0.238
853.517 60.00 60.0400 6.5 -0.042 -0.080
853.568 60.00 60.0800 5.5 -0.078 -0.196
853.616 60.00 60.0900 5.2 -0.090 -0.236
853.667 60.00 60.1100 4.6 -0.111 -0.304
853.717 60.00 60.0800 5.4 -0.084 -0.214
853.766 60.00 60.0700 5.6 -0.076 -0.186
853.816 60.00 60.0800 5.5 -0.080 -0.198
853.865 60.00 60.1000 5.0 -0.098 -0.259
853.916 60.00 60.1000 4.8 -0.105 -0.278
853.966 60.00 60.1200 4.5 -0.117 -0.319
854.017 60.00 60.0900 5.2 -0.090 -0.229
854.066 60.00 60.0800 5.4 -0.084 -0.207
854.115 60.00 60.1000 5.1 -0.096 -0.247
854.165 60.00 60.0700 5.8 -0.071 -0.165
854.215 60.00 60.0700 5.7 -0.076 -0.178
854.265 60.00 60.0600 5.9 -0.065 -0.143
854.314 60.00 60.0800 5.5 -0.084 -0.204
854.364 60.00 60.0700 5.8 -0.071 -0.162
854.413 60.00 60.0700 5.7 -0.073 -0.168
854.464 60.00 60.0500 6.3 -0.052 -0.100
854.514 60.00 60.0800 5.5 -0.084 -0.201
854.563 60.00 60.0700 5.8 -0.071 -0.160
854.613 60.00 60.1100 4.7 -0.113 -0.295
854.662 60.00 60.0900 5.4 -0.088 -0.213
854.713 60.00 60.1000 5.1 -0.098 -0.246
854.763 60.00 60.0800 5.6 -0.080 -0.184
854.812 60.00 60.1000 5.1 -0.100 -0.251
854.862 60.00 60.1200 4.5 -0.122 -0.318
854.911 60.00 60.1000 5.1 -0.098 -0.242
854.963 60.00 60.0700 5.9 -0.071 -0.153
855.013 60.00 60.0800 5.6 -0.080 -0.179
855.061 60.00 60.0900 5.3 -0.094 -0.226
855.111 60.00 60.0800 5.5 -0.086 -0.199
855.160 60.00 60.1100 4.9 -0.107 -0.266
855.211 60.00 60.1000 5.1 -0.100 -0.244
855.261 60.00 60.0800 5.7 -0.080 -0.175
855.310 60.00 60.1000 5.2 -0.098 -0.236
855.360 60.00 60.0900 5.3 -0.094 -0.221
855.409 60.00 60.0800 5.7 -0.078 -0.167
855.460 60.00 60.0900 5.5 -0.088 -0.200
855.511 60.00 60.1000 5.2 -0.100 -0.240
855.560 60.00 60.0900 5.3 -0.094 -0.219
855.609 60.00 60.0700 5.8 -0.076 -0.157
855.658 60.00 60.1100 4.9 -0.109 -0.265
855.709 60.00 60.0700 6.1 -0.067 -0.128
855.759 60.00 60.0800 5.6 -0.086 -0.189
855.808 60.00 60.0800 5.7 -0.082 -0.174
855.858 60.00 60.0700 5.9 -0.073 -0.146
855.907 60.00 60.0800 5.7 -0.082 -0.173
855.958 60.00 60.0900 5.5 -0.090 -0.200
856.008 60.00 60.0800 5.6 -0.086 -0.186
856.058 60.00 60.0900 5.4 -0.092 -0.205
856.108 60.00 60.1300 4.5 -0.128 -0.321
856.156 60.00 60.0800 5.7 -0.084 -0.177
856.207 60.00 60.0800 5.6 -0.086 -0.183
856.257 60.00 60.1100 4.9 -0.111 -0.264
856.307 60.00 60.0500 6.6 -0.048 -0.059
856.356 60.00 60.0800 5.8 -0.078 -0.154
856.406 60.00 60.0700 6.0 -0.073 -0.140
856.456 60.00 60.0700 5.9 -0.076 -0.147
856.506 60.00 60.0900 5.4 -0.094 -0.207
856.556 60.00 60.0900 5.6 -0.088 -0.186
856.605 60.00 60.0600 6.2 -0.065 -0.111
856.655 60.00 60.1000 5.3 -0.098 -0.219
856.704 60.00 60.0800 5.7 -0.084 -0.171
856.755 60.00 60.0900 5.5 -0.090 -0.191
856.805 60.00 60.0800 5.7 -0.084 -0.169
856.854 60.00 60.1000 5.2 -0.103 -0.230
856.905 60.00 60.0900 5.6 -0.088 -0.182
856.954 60.00 60.0900 5.6 -0.088 -0.181
857.005 60.00 60.0600 6.2 -0.065 -0.106
857.054 60.00 60.0700 6.0 -0.076 -0.140
857.103 60.00 60.0700 6.2 -0.067 -0.112
857.153 60.00 60.0900 5.5 -0.094 -0.200
857.202 60.00 60.0900 5.6 -0.088 -0.179
857.253 60.00 60.0900 5.5 -0.094 -0.199
857.303 60.00 60.0900 5.5 -0.094 -0.198
857.352 60.00 60.1000 5.4 -0.098 -0.211
857.402 60.00 60.0700 6.0 -0.076 -0.136
857.452 60.00 60.0900 5.6 -0.090 -0.183
857.503 60.00 60.1000 5.3 -0.103 -0.223
857.553 60.00 60.1200 4.9 -0.117 -0.271
857.601 60.00 60.0700 6.1 -0.073 -0.126
857.651 60.00 60.0900 5.5 -0.094 -0.194
857.700 60.00 60.0900 5.6 -0.092 -0.186
857.751 60.00 60.0800 5.7 -0.086 -0.166
857.801 60.00 60.0600 6.5 -0.059 -0.077
857.850 60.00 60.0800 5.8 -0.084 -0.158
857.900 60.00 60.1000 5.5 -0.096 -0.198
857.949 60.00 60.1100 5.1 -0.109 -0.238
858.000 60.00 60.0900 5.6 -0.092 -0.183
858.050 60.00 60.0600 6.3 -0.065 -0.095
858.101 60.00 60.0800 5.8 -0.086 -0.162
858.150 60.00 60.0900 5.6 -0.092 -0.182
858.199 60.00 60.1000 5.4 -0.100 -0.208
858.249 60.00 60.0600 6.3 -0.065 -0.093
858.299 60.00 60.0900 5.5 -0.094 -0.187
858.349 60.00 60.0900 5.6 -0.094 -0.187
858.398 60.00 60.1100 5.2 -0.107 -0.227
858.448 60.00 60.0900 5.7 -0.088 -0.165
858.499 60.00 60.1000 5.4 -0.100 -0.205
858.548 60.00 60.1000 5.4 -0.100 -0.204
858.598 60.00 60.0800 5.8 -0.086 -0.157
858.647 60.00 60.0900 5.6 -0.092 -0.176
858.697 60.00 60.0700 6.1 -0.076 -0.122
858.746 60.00 60.1000 5.5 -0.096 -0.189
858.797 60.00 60.0900 5.7 -0.090 -0.168
858.847 60.00 60.0700 6.2 -0.071 -0.107
858.896 60.00 60.1100 5.3 -0.107 -0.222
858.946 60.00 60.0700 6.3 -0.069 -0.099
858.996 60.00 60.1100 5.2 -0.109 -0.228
859.047 60.00 60.0800 6.0 -0.078 -0.125
859.097 60.00 60.0900 5.8 -0.088 -0.159
859.145 60.00 60.0900 5.6 -0.094 -0.179
859.195 60.00 60.1000 5.4 -0.103 -0.206
859.244 60.00 60.0900 5.7 -0.090 -0.164
859.295 60.00 60.0800 6.1 -0.078 -0.123
859.345 60.00 60.0700 6.2 -0.071 -0.102
859.394 60.00 60.1200 5.0 -0.117 -0.252
859.444 60.00 60.0800 5.9 -0.084 -0.142
859.493 60.00 60.0600 6.4 -0.065 -0.081
859.544 60.00 60.0800 6.0 -0.082 -0.134
859.594 60.00 60.0900 5.8 -0.088 -0.155
859.643 60.00 59.9900 8.4 0.008 0.159
859.694 60.00 60.0400 6.9 -0.046 -0.019
859.743 60.00 60.0800 6.1 -0.078 -0.122
859.793 60.00 60.1000 5.5 -0.098 -0.189
859.843 60.00 60.0900 5.7 -0.092 -0.168
859.892 60.00 60.0800 5.9 -0.086 -0.147
859.942 60.00 60.0900 5.8 -0.090 -0.161
859.991 60.00 60.0900 5.8 -0.090 -0.160
860.042 60.00 60.0800 6.0 -0.082 -0.132
860.092 60.00 60.1200 5.0 -0.117 -0.248
860.141 60.00 60.0600 6.6 -0.059 -0.057
860.191 60.00 60.1000 5.5 -0.098 -0.186
860.241 60.00 60.0900 5.7 -0.094 -0.171
860.292 60.00 60.1000 5.4 -0.105 -0.205
860.342 60.00 60.0900 5.8 -0.090 -0.157
860.391 60.00 60.0900 5.7 -0.092 -0.163
860.440 60.00 60.0700 6.2 -0.073 -0.101
860.490 60.00 60.1000 5.6 -0.096 -0.176
860.541 60.00 60.0800 6.1 -0.078 -0.115
860.591 60.00 60.0800 6.0 -0.084 -0.135
860.640 60.00 60.0900 5.9 -0.088 -0.148
860.689 60.00 60.1000 5.6 -0.096 -0.175
860.739 60.00 60.0800 6.1 -0.080 -0.120
860.788 60.00 60.1000 5.7 -0.096 -0.174
860.839 60.00 60.0800 5.9 -0.086 -0.140
860.889 60.00 60.0900 5.8 -0.090 -0.153
860.938 60.00 60.0900 5.8 -0.090 -0.153
860.988 60.00 60.0800 5.9 -0.086 -0.138
861.037 60.00 60.1000 5.6 -0.098 -0.179
861.088 60.00 60.0600 6.6 -0.061 -0.056
861.138 60.00 60.1100 5.4 -0.107 -0.205
861.188 60.00 60.0800 6.1 -0.082 -0.123
861.237 60.00 60.1100 5.3 -0.109 -0.211
861.286 60.00 60.0700 6.3 -0.073 -0.095
861.337 60.00 60.0700 6.4 -0.069 -0.082
861.387 60.00 60.0900 5.9 -0.088 -0.143
861.436 60.00 60.1000 5.7 -0.096 -0.169
861.486 60.00 60.0900 5.9 -0.088 -0.142
861.535 60.00 60.1000 5.6 -0.100 -0.182
861.586 60.00 60.0900 5.8 -0.090 -0.148
861.636 60.00 60.1000 5.7 -0.096 -0.168
861.685 60.00 60.1000 5.6 -0.100 -0.181
861.736 60.00 60.0900 5.9 -0.090 -0.147
861.785 60.00 60.0800 6.1 -0.082 -0.119
861.835 60.00 60.1100 5.3 -0.111 -0.214
861.885 60.00 60.0800 6.2 -0.078 -0.105
861.934 60.00 60.0700 6.3 -0.073 -0.090
861.984 60.00 60.0700 6.3 -0.076 -0.098
862.033 60.00 60.0800 6.1 -0.082 -0.118
862.084 60.00 60.0900 5.8 -0.092 -0.151
862.134 60.00 60.0700 6.4 -0.069 -0.076
862.183 60.00 60.0900 5.9 -0.088 -0.138
862.233 60.00 60.0900 5.9 -0.088 -0.137
862.282 60.00 60.0900 5.8 -0.094 -0.157
862.333 60.00 60.1000 5.7 -0.098 -0.170
862.383 60.00 60.1000 5.7 -0.098 -0.170
862.434 60.00 60.0800 6.2 -0.080 -0.108
862.483 60.00 60.0900 5.8 -0.094 -0.156
862.531 60.00 60.0800 6.2 -0.080 -0.108
862.582 60.00 60.0800 6.1 -0.084 -0.121
862.632 60.00 60.0700 6.3 -0.073 -0.087
862.682 60.00 60.1000 5.5 -0.105 -0.189
862.732 60.00 60.0700 6.3 -0.076 -0.093
862.781 60.00 60.1000 5.5 -0.105 -0.188
862.831 60.00 60.0800 6.2 -0.080 -0.106
862.881 60.00 60.0900 5.9 -0.092 -0.147
862.931 60.00 60.0800 6.2 -0.080 -0.105
862.980 60.00 60.0800 6.1 -0.084 -0.119
863.030 60.00 60.0900 5.9 -0.092 -0.146
863.079 60.00 60.1000 5.7 -0.098 -0.166
863.130 60.00 60.0800 6.2 -0.080 -0.104
863.180 60.00 60.0900 6.0 -0.088 -0.132
863.229 60.00 60.0900 6.0 -0.088 -0.131
863.280 60.00 60.0800 6.2 -0.082 -0.110
863.329 60.00 60.0900 5.8 -0.094 -0.151
863.379 60.00 60.0700 6.5 -0.069 -0.069
863.429 60.00 60.0600 6.6 -0.065 -0.056
863.478 60.00 60.1000 5.7 -0.098 -0.164
863.528 60.00 60.0700 6.5 -0.067 -0.062
863.577 60.00 60.0800 6.1 -0.084 -0.116
863.628 60.00 60.0700 6.4 -0.071 -0.076
863.678 60.00 60.0500 6.9 -0.052 -0.014
863.727 60.00 60.0700 6.5 -0.067 -0.062
863.778 60.00 60.0700 6.4 -0.071 -0.076
863.827 60.00 60.0800 6.1 -0.084 -0.116
863.878 60.00 60.0700 6.4 -0.071 -0.076
863.927 60.00 60.0700 6.5 -0.069 -0.069
863.976 60.00 60.0800 6.1 -0.084 -0.116
864.026 60.00 60.0600 6.8 -0.057 -0.028
864.075 60.00 60.0800 6.2 -0.082 -0.109
864.126 60.00 60.0600 6.7 -0.063 -0.048
864.176 60.00 60.0700 6.5 -0.067 -0.062
864.225 60.00 60.0800 6.1 -0.084 -0.116
864.275 60.00 60.0900 5.9 -0.090 -0.137
864.324 60.00 60.0600 6.7 -0.063 -0.048
864.376 60.00 60.0700 6.4 -0.073 -0.081
864.426 60.00 60.0700 6.5 -0.067 -0.061
864.476 60.00 60.0800 6.2 -0.082 -0.109
864.524 60.00 60.0700 6.5 -0.069 -0.068
864.573 60.00 60.0600 6.7 -0.063 -0.047
864.625 60.00 60.0600 6.6 -0.065 -0.055
864.675 60.00 60.0800 6.3 -0.078 -0.096
864.724 60.00 60.0700 6.5 -0.067 -0.061
864.773 60.00 60.0800 6.2 -0.082 -0.109
864.823 60.00 60.0900 6.0 -0.088 -0.129
864.873 60.00 60.0800 6.1 -0.084 -0.115
864.923 60.00 60.0800 6.1 -0.084 -0.115
864.973 60.00 60.0700 6.4 -0.071 -0.074
865.022 60.00 60.0700 6.4 -0.073 -0.081
865.072 60.00 60.0700 6.5 -0.069 -0.067
865.121 60.00 60.0800 6.3 -0.078 -0.095
865.172 60.00 60.0700 6.3 -0.076 -0.088
865.222 60.00 60.1000 5.8 -0.096 -0.155
865.272 60.00 60.0600 6.8 -0.059 -0.033
865.322 60.00 60.0700 6.6 -0.067 -0.060
865.370 60.00 60.0600 6.7 -0.061 -0.040
865.421 60.00 60.0700 6.6 -0.067 -0.060
865.471 60.00 60.0900 5.8 -0.094 -0.149
865.520 60.00 60.0800 6.1 -0.086 -0.121
865.570 60.00 60.0800 6.3 -0.078 -0.094
865.619 60.00 60.0700 6.3 -0.076 -0.087
865.670 60.00 60.0700 6.6 -0.067 -0.059
865.720 60.00 60.0700 6.3 -0.076 -0.087
865.770 60.00 60.0800 6.2 -0.082 -0.107
865.820 60.00 60.0700 6.6 -0.067 -0.059
865.868 60.00 60.0700 6.5 -0.071 -0.073
865.919 60.00 60.0600 6.7 -0.063 -0.046
865.969 60.00 60.1500 4.3 -0.153 -0.338
866.018 60.00 60.0600 6.6 -0.065 -0.052
866.068 60.00 60.0600 6.7 -0.061 -0.038
866.117 60.00 60.0700 6.5 -0.069 -0.065
866.168 60.00 60.0800 6.2 -0.080 -0.099
866.218 60.00 60.0700 6.4 -0.073 -0.078
866.267 60.00 60.0700 6.5 -0.071 -0.072
866.317 60.00 60.0700 6.4 -0.073 -0.078
866.366 60.00 60.0800 6.2 -0.082 -0.106
866.418 60.00 60.0600 6.6 -0.065 -0.052
866.468 60.00 60.0600 6.8 -0.057 -0.024
866.516 60.00 60.0700 6.5 -0.069 -0.065
866.566 60.00 60.1000 5.7 -0.098 -0.161
866.615 60.00 60.0600 6.7 -0.061 -0.038
866.667 60.00 60.0600 6.8 -0.059 -0.031
866.717 60.00 60.0500 7.1 -0.048 0.003
866.766 60.00 60.0500 6.9 -0.055 -0.018
866.815 60.00 60.0700 6.5 -0.071 -0.073
866.865 60.00 60.0500 7.1 -0.048 0.002
866.915 60.00 60.0200 7.8 -0.019 0.097
866.965 60.00 60.0700 6.5 -0.067 -0.060
867.015 60.00 60.0500 6.9 -0.055 -0.019
867.064 60.00 60.0600 6.8 -0.059 -0.033
867.114 60.00 60.0400 7.2 -0.044 0.014
867.163 60.00 60.0800 6.2 -0.082 -0.108
867.215 60.00 60.0700 6.4 -0.073 -0.081
867.265 60.00 60.0400 7.3 -0.040 0.028
867.314 60.00 60.0700 6.5 -0.067 -0.061
867.363 60.00 60.0800 6.2 -0.080 -0.102
867.412 60.00 60.0500 6.9 -0.055 -0.020
867.463 60.00 60.0700 6.4 -0.073 -0.081
867.513 60.00 60.0600 6.7 -0.061 -0.041
867.562 60.00 60.0400 7.3 -0.038 0.034
867.612 60.00 60.0400 7.2 -0.044 0.013
867.661 60.00 60.0500 6.9 -0.052 -0.014
867.712 60.00 60.0700 6.4 -0.073 -0.082
867.762 60.00 60.0600 6.7 -0.061 -0.042
867.811 60.00 60.0500 6.9 -0.052 -0.015
867.862 60.00 60.0100 8.0 -0.010 0.122
867.911 60.00 60.0700 6.5 -0.069 -0.070
867.961 60.00 60.0500 6.9 -0.055 -0.023
868.011 60.00 60.0900 5.9 -0.092 -0.145
868.060 60.00 60.0400 7.1 -0.044 0.011
868.110 60.00 60.0200 7.8 -0.019 0.093
868.159 60.00 60.0500 6.8 -0.055 -0.024
868.210 60.00 60.0500 6.9 -0.052 -0.017
868.260 60.00 60.0500 7.0 -0.050 -0.010
868.309 60.00 60.0600 6.7 -0.059 -0.038
868.359 60.00 60.0300 7.5 -0.031 0.051
868.408 60.00 60.0600 6.7 -0.061 -0.045
868.459 60.00 60.0500 7.0 -0.048 -0.004
868.509 60.00 60.0500 7.0 -0.048 -0.005
868.558 60.00 60.0500 6.8 -0.055 -0.025
868.608 60.00 60.0400 7.2 -0.042 0.016
868.657 60.00 60.0300 7.6 -0.027 0.063
868.709 60.00 60.0400 7.1 -0.044 0.007
868.759 60.00 60.0200 7.8 -0.017 0.096
868.809 60.00 60.0600 6.5 -0.065 -0.062
868.857 60.00 60.0600 6.7 -0.059 -0.041
868.906 60.00 60.0300 7.3 -0.035 0.034
868.957 60.00 60.0800 6.2 -0.078 -0.103
869.007 60.00 60.0500 6.9 -0.050 -0.014
869.057 60.00 60.0400 7.2 -0.042 0.013
869.106 60.00 60.0300 7.3 -0.035 0.033
869.156 60.00 60.0200 7.6 -0.023 0.073
869.206 60.00 60.0500 6.9 -0.050 -0.016
869.256 60.00 60.0400 7.2 -0.038 0.025
869.306 60.00 60.0400 7.2 -0.040 0.017
869.355 60.00 60.0600 6.6 -0.061 -0.051
869.406 60.00 60.0400 7.2 -0.038 0.024
869.455 60.00 60.0500 6.9 -0.050 -0.017
869.505 60.00 60.0300 7.4 -0.031 0.044
869.555 60.00 60.0100 7.9 -0.013 0.104
869.604 60.00 60.0400 7.2 -0.038 0.022
869.654 60.00 60.0300 7.4 -0.031 0.042
869.703 60.00 60.0100 7.9 -0.010 0.110
869.754 60.00 60.0100 8.0 -0.008 0.116
869.804 60.00 60.0100 7.9 -0.013 0.101
869.853 60.00 60.0400 7.0 -0.046 -0.008
869.903 60.00 60.0600 6.5 -0.065 -0.070
869.953 60.00 60.0300 7.4 -0.031 0.039
870.004 60.00 60.0300 7.3 -0.034 0.032
870.054 60.00 60.0300 7.3 -0.034 0.032
870.103 60.00 60.0500 6.9 -0.048 -0.016
870.152 60.00 59.9700 8.9 0.027 0.229
870.201 60.00 60.0400 7.0 -0.044 -0.005
870.252 60.00 60.0200 7.6 -0.023 0.063
870.302 60.00 60.0300 7.4 -0.029 0.043
870.351 60.00 60.0400 7.1 -0.042 0.002
870.401 60.00 60.0100 7.8 -0.015 0.089
870.450 60.00 60.0400 7.2 -0.038 0.014
870.501 60.00 60.0200 7.6 -0.021 0.069
870.551 60.00 60.0300 7.4 -0.029 0.041
870.600 60.00 59.9900 8.4 0.008 0.162
870.650 60.00 60.0000 8.0 -0.004 0.121
870.699 60.00 60.0300 7.3 -0.031 0.032
870.750 60.00 60.0300 7.3 -0.031 0.031
870.800 60.00 60.0300 7.3 -0.029 0.038
870.851 60.00 60.0200 7.6 -0.021 0.065
870.900 60.00 60.0300 7.3 -0.029 0.037
870.948 60.00 60.0300 7.2 -0.035 0.016
870.999 60.00 60.0200 7.7 -0.017 0.077
871.049 60.00 60.0100 7.8 -0.010 0.097
871.099 60.00 60.0100 7.7 -0.015 0.082
871.148 60.00 60.0200 7.5 -0.023 0.054
871.198 60.00 60.0000 8.2 0.002 0.136
871.248 60.00 60.0200 7.6 -0.019 0.067
871.298 60.00 60.0100 7.9 -0.008 0.100
871.348 60.00 60.0000 7.9 -0.006 0.107
871.398 60.00 60.0300 7.2 -0.034 0.017
871.448 60.00 60.0200 7.5 -0.021 0.058
871.497 60.00 60.0300 7.3 -0.027 0.037
871.547 60.00 60.0000 8.1 0.002 0.132
871.597 60.00 60.0100 7.8 -0.008 0.097
871.646 60.00 60.0000 8.1 0.000 0.123
871.696 60.00 60.0300 7.3 -0.029 0.027
871.745 60.00 60.0200 7.5 -0.019 0.061
871.796 60.00 60.0300 7.1 -0.035 0.006
871.846 60.00 60.0100 7.8 -0.008 0.094
871.895 60.00 60.0100 7.8 -0.010 0.087
871.945 60.00 60.0300 7.2 -0.029 0.025
871.995 60.00 60.0000 8.0 -0.002 0.113
872.046 60.00 60.0200 7.3 -0.025 0.037
872.096 60.00 60.0000 8.1 0.002 0.126
872.145 60.00 60.0000 8.1 0.002 0.125
872.194 60.00 60.0000 7.8 -0.006 0.097
872.243 60.00 60.0100 7.7 -0.013 0.075
872.294 60.00 60.0000 7.8 -0.006 0.096
872.344 60.00 59.9900 8.2 0.006 0.136
872.393 60.00 60.0300 7.1 -0.034 0.006
872.443 60.00 60.0300 7.0 -0.035 -0.001
872.492 60.00 60.0000 8.0 0.000 0.114
872.543 60.00 60.0200 7.3 -0.025 0.031
872.593 60.00 60.0100 7.8 -0.008 0.086
872.642 60.00 59.9800 8.4 0.015 0.160
872.692 60.00 60.0100 7.7 -0.010 0.078
872.741 60.00 60.0000 8.0 0.002 0.118
872.792 60.00 60.0000 7.8 -0.004 0.097
872.842 60.00 60.0300 7.2 -0.027 0.021
872.891 60.00 59.9800 8.4 0.019 0.170
872.942 60.00 60.0000 7.8 -0.006 0.088
872.991 60.00 60.0200 7.4 -0.021 0.040
873.042 60.00 60.0300 7.2 -0.029 0.012
873.091 60.00 60.0100 7.7 -0.008 0.080
873.141 60.00 60.0200 7.3 -0.023 0.032
873.190 60.00 60.0400 6.7 -0.046 -0.044
873.240 60.00 60.0400 6.9 -0.038 -0.016
873.290 60.00 60.0100 7.5 -0.015 0.058
873.340 60.00 60.0200 7.4 -0.019 0.044
873.390 60.00 59.9900 8.0 0.004 0.119
873.439 60.00 59.9800 8.5 0.021 0.173
873.490 60.00 59.9400 9.6 0.063 0.308
873.539 60.00 60.0100 7.5 -0.013 0.061
873.590 60.00 59.9900 8.2 0.013 0.142
873.639 60.00 60.0200 7.4 -0.019 0.039
873.688 60.00 59.9900 8.2 0.010 0.134
873.738 60.00 59.9900 8.2 0.010 0.134
873.787 60.00 60.0000 7.7 -0.006 0.079
873.838 60.00 60.0000 7.7 -0.006 0.078
873.888 60.00 59.9900 8.1 0.008 0.125
873.937 60.00 60.0100 7.6 -0.010 0.063
873.987 60.00 59.9900 8.2 0.013 0.137
874.036 60.00 60.0000 7.7 -0.004 0.082
874.087 60.00 60.0000 7.8 0.000 0.095
874.138 60.00 59.9900 8.1 0.010 0.129
874.187 60.00 60.0000 7.8 0.000 0.094
874.236 60.00 60.0000 7.7 -0.004 0.080
874.285 60.00 60.0100 7.5 -0.013 0.052
874.336 60.00 60.0200 7.3 -0.019 0.031
874.386 60.00 59.9800 8.4 0.023 0.167
874.435 60.00 60.0100 7.5 -0.013 0.050
874.485 60.00 59.9900 8.0 0.008 0.118
874.534 60.00 60.0100 7.5 -0.010 0.056
874.585 60.00 60.0100 7.6 -0.008 0.062
874.635 60.00 59.9900 8.0 0.006 0.109
874.684 60.00 60.0100 7.5 -0.010 0.055
874.734 60.00 59.9700 8.5 0.027 0.177
874.783 60.00 60.1000 5.0 -0.105 -0.253
874.834 60.00 60.0000 7.7 -0.002 0.081
874.884 60.00 59.9800 8.2 0.015 0.135
874.935 60.00 59.9700 8.7 0.034 0.196
874.984 60.00 60.0300 7.0 -0.029 -0.009
875.033 60.00 59.9900 8.1 0.013 0.127
875.083 60.00 60.0100 7.5 -0.008 0.058
875.133 60.00 60.0000 7.6 -0.006 0.065
875.183 60.00 60.0000 7.8 0.000 0.084
875.232 60.00 59.9900 8.1 0.013 0.125
875.281 60.00 59.9900 7.8 0.004 0.096
875.332 60.00 59.9800 8.3 0.021 0.151
875.382 60.00 59.9800 8.1 0.015 0.129
875.433 60.00 59.9900 7.9 0.008 0.108
875.482 60.00 59.9900 7.8 0.004 0.094
875.531 60.00 59.9900 8.1 0.013 0.121
875.581 60.00 60.0000 7.8 0.002 0.086
875.631 60.00 59.9900 7.8 0.004 0.092
875.681 60.00 59.9900 7.9 0.008 0.105
875.730 60.00 59.9800 8.1 0.015 0.125
875.780 60.00 60.0000 7.6 -0.004 0.063
875.829 60.00 60.0100 7.5 -0.008 0.049
875.880 60.00 60.0000 7.5 -0.006 0.056
875.930 60.00 59.9800 8.1 0.015 0.123
875.979 60.00 59.9900 8.0 0.010 0.109
876.030 60.00 60.0000 7.5 -0.006 0.054
876.079 60.00 59.9900 7.9 0.008 0.101
876.130 60.00 60.0000 7.6 -0.002 0.066
876.179 60.00 59.9900 7.9 0.008 0.100
876.228 60.00 59.9700 8.3 0.025 0.154
876.278 60.00 59.9800 8.1 0.017 0.126
876.327 60.00 59.9700 8.5 0.031 0.173
876.378 60.00 60.0000 7.5 -0.004 0.056
876.429 60.00 60.0300 6.8 -0.031 -0.032
876.478 60.00 60.0000 7.7 0.002 0.076
876.527 60.00 59.9700 8.4 0.029 0.165
876.576 60.00 59.9800 8.0 0.015 0.116
876.627 60.00 59.9800 8.0 0.015 0.115
876.677 60.00 59.9500 8.8 0.046 0.217
876.726 60.00 59.9800 8.0 0.015 0.114
876.776 60.00 59.9800 8.0 0.017 0.120
876.825 60.00 59.9900 7.9 0.010 0.099
876.877 60.00 59.9900 7.7 0.004 0.077
876.927 60.00 59.9900 7.9 0.013 0.104
876.975 60.00 59.9800 8.0 0.015 0.111
877.025 60.00 59.9900 7.7 0.004 0.076
877.074 60.00 59.9800 8.0 0.015 0.110
877.125 60.00 59.9800 8.2 0.023 0.137
877.175 60.00 59.9800 8.2 0.023 0.136
877.225 60.00 59.9900 7.8 0.008 0.087
877.274 60.00 59.9700 8.4 0.031 0.162
877.323 60.00 59.9900 7.9 0.013 0.100
877.374 60.00 59.9700 8.4 0.031 0.160
877.424 60.00 60.0000 7.4 -0.004 0.044
877.475 60.00 59.9800 8.2 0.023 0.132
877.524 60.00 59.9700 8.4 0.031 0.159
877.573 60.00 59.9800 7.9 0.015 0.103
877.623 60.00 59.9800 8.1 0.021 0.124
877.673 60.00 59.9700 8.2 0.025 0.136
877.723 60.00 59.9800 8.1 0.023 0.129
877.772 60.00 59.9800 8.0 0.017 0.108
877.822 60.00 59.9800 8.1 0.021 0.121
877.871 60.00 59.9400 9.0 0.057 0.236
877.922 60.00 59.9800 8.1 0.021 0.120
877.973 60.00 59.9700 8.4 0.034 0.159
878.022 60.00 59.9800 7.9 0.015 0.097
878.072 60.00 59.9900 7.8 0.010 0.083
878.120 60.00 59.9800 8.0 0.021 0.117
878.171 60.00 59.9700 8.1 0.025 0.130
878.221 60.00 59.9700 8.1 0.025 0.129
878.270 60.00 59.9700 8.3 0.034 0.155
878.320 60.00 60.0200 6.8 -0.023 -0.029
878.369 60.00 59.9500 8.6 0.044 0.189
878.420 60.00 59.9400 9.1 0.061 0.242
878.470 60.00 59.9800 7.9 0.017 0.098
878.519 60.00 59.9600 8.5 0.040 0.172
878.569 60.00 59.9700 8.2 0.027 0.131
878.618 60.00 59.9900 7.7 0.010 0.076
878.669 60.00 59.9100 9.8 0.088 0.327
878.719 60.00 59.9700 8.1 0.025 0.122
878.768 60.00 59.9700 8.1 0.027 0.128
878.819 60.00 59.9600 8.3 0.036 0.154
878.868 60.00 59.9700 8.3 0.034 0.147
878.919 60.00 59.9800 7.8 0.017 0.092
878.968 60.00 59.9600 8.4 0.038 0.159
879.017 60.00 59.9700 8.3 0.034 0.145
879.067 60.00 59.9600 8.5 0.042 0.172
879.116 60.00 59.9600 8.4 0.040 0.163
879.167 60.00 59.9100 9.8 0.092 0.333
879.217 60.00 59.9800 8.0 0.023 0.107
879.266 60.00 59.9500 8.6 0.048 0.188
879.316 60.00 59.9600 8.4 0.040 0.160
879.365 60.00 59.9600 8.3 0.038 0.153
879.417 60.00 59.9800 7.9 0.023 0.104
879.467 60.00 59.9700 8.0 0.027 0.118
879.516 60.00 59.9700 8.2 0.034 0.137
879.565 60.00 59.9700 8.0 0.027 0.116
879.615 60.00 59.9800 7.8 0.019 0.088
879.665 60.00 59.9900 7.6 0.010 0.060
879.715 60.00 59.9600 8.2 0.036 0.142
879.765 60.00 59.9500 8.5 0.046 0.175
879.814 60.00 59.9700 8.0 0.027 0.114
879.864 60.00 59.9500 8.6 0.050 0.188
879.913 60.00 59.9800 7.9 0.023 0.098
879.965 60.00 59.9500 8.6 0.050 0.186
880.015 60.00 59.9600 8.3 0.040 0.151
880.064 60.00 59.9700 8.1 0.031 0.123
880.114 60.00 59.9700 8.1 0.031 0.123
880.162 60.00 59.9800 7.9 0.023 0.095
880.213 60.00 59.9700 8.1 0.034 0.129
880.263 60.00 59.9800 7.8 0.021 0.088
880.312 60.00 59.9600 8.3 0.040 0.148
880.362 60.00 59.9600 8.2 0.038 0.141
880.411 60.00 59.9800 7.6 0.015 0.065
880.462 60.00 59.9800 7.7 0.019 0.078
880.512 60.00 59.9700 8.1 0.034 0.126
880.561 60.00 59.9700 8.0 0.029 0.112
880.611 60.00 59.9500 8.4 0.044 0.158
880.660 60.00 59.9400 8.8 0.061 0.212
880.711 60.00 59.9600 8.3 0.040 0.143
880.761 60.00 59.9400 8.6 0.055 0.191
880.810 60.00 59.9800 7.6 0.015 0.060
880.861 60.00 59.9500 8.4 0.046 0.162
880.910 60.00 59.9700 7.8 0.025 0.094
880.961 60.00 59.9600 8.1 0.036 0.127
881.010 60.00 59.9500 8.3 0.044 0.153
881.059 60.00 59.9500 8.4 0.048 0.166
881.109 60.00 59.9500 8.4 0.048 0.166
881.158 60.00 59.9500 8.3 0.044 0.151
881.209 60.00 59.9700 8.0 0.031 0.110
881.259 60.00 59.9400 8.7 0.059 0.198
881.308 60.00 59.9600 8.3 0.042 0.143
881.358 60.00 59.9700 7.9 0.029 0.101
881.407 60.00 59.9500 8.5 0.052 0.176
881.459 60.00 59.9500 8.3 0.046 0.154
881.509 60.00 59.9700 7.8 0.025 0.086
881.558 60.00 59.9600 8.1 0.036 0.119
881.607 60.00 59.9700 7.8 0.027 0.092
881.656 60.00 59.9500 8.4 0.048 0.159
881.707 60.00 59.9700 7.9 0.029 0.097
881.757 60.00 59.9600 8.1 0.038 0.124
881.807 60.00 59.9500 8.4 0.048 0.157
881.856 60.00 59.9500 8.3 0.046 0.150
881.906 60.00 59.9600 8.1 0.040 0.129
881.956 60.00 59.9300 8.8 0.065 0.210
882.007 60.00 59.9500 8.3 0.046 0.148
882.057 60.00 59.9500 8.5 0.052 0.168
882.106 60.00 59.8400 11.2 0.157 0.508
882.156 60.00 59.9600 8.1 0.038 0.117
882.204 60.00 59.9500 8.2 0.044 0.137
882.255 60.00 59.9600 8.1 0.040 0.122
882.305 60.00 59.9800 7.7 0.023 0.068
882.354 60.00 59.9500 8.3 0.048 0.149
882.405 60.00 59.9700 7.9 0.031 0.094
882.453 60.00 59.9700 7.8 0.029 0.087
882.504 60.00 59.9700 7.9 0.031 0.093
882.554 60.00 59.9500 8.2 0.046 0.141
882.603 60.00 59.9700 7.9 0.034 0.099
882.655 60.00 59.9600 8.1 0.040 0.119
882.703 60.00 59.9600 8.1 0.040 0.118
882.754 60.00 59.9600 8.1 0.040 0.118
882.803 60.00 59.9900 7.3 0.013 0.029
882.852 60.00 59.9600 8.0 0.038 0.111
882.902 60.00 59.9600 8.1 0.042 0.124
882.951 60.00 59.9700 7.8 0.029 0.083
883.002 60.00 59.9600 8.1 0.042 0.123
883.052 60.00 59.9700 7.7 0.027 0.075
883.101 60.00 59.9600 7.9 0.036 0.102
883.151 60.00 59.9500 8.4 0.052 0.156
883.200 60.00 59.9600 8.1 0.042 0.122
883.252 60.00 59.9800 7.5 0.021 0.053
883.302 60.00 59.9700 7.8 0.031 0.087
883.350 60.00 59.9700 7.8 0.031 0.086
883.400 60.00 59.9800 7.4 0.015 0.031
883.449 60.00 59.9600 8.1 0.042 0.120
883.500 60.00 59.9700 7.6 0.025 0.065
883.550 60.00 59.9500 8.2 0.048 0.139
883.600 60.00 59.9500 8.2 0.046 0.132
883.649 60.00 59.9400 8.5 0.059 0.173
883.698 60.00 59.9700 7.8 0.034 0.090
883.749 60.00 59.9700 7.7 0.029 0.076
883.800 60.00 59.9500 8.3 0.052 0.151
883.850 60.00 59.9700 7.8 0.031 0.082
883.898 60.00 59.9500 8.2 0.046 0.129
883.948 60.00 59.9700 7.7 0.029 0.075
883.998 60.00 59.8900 9.8 0.107 0.327
884.048 60.00 59.9600 8.0 0.042 0.114
884.098 60.00 59.9700 7.8 0.034 0.086
884.147 60.00 59.9600 8.0 0.040 0.106
884.197 60.00 59.9600 7.9 0.036 0.092
884.246 60.00 59.9600 8.0 0.042 0.112
884.298 60.00 59.9600 7.8 0.036 0.091
884.347 60.00 59.9500 8.2 0.050 0.138
884.396 60.00 59.9700 7.6 0.025 0.056
884.446 60.00 59.9600 7.9 0.038 0.097
884.495 60.00 59.9400 8.6 0.063 0.179
884.546 60.00 59.9400 8.4 0.059 0.164
884.597 60.00 59.9700 7.5 0.025 0.055
884.646 60.00 59.9700 7.8 0.034 0.081
884.695 60.00 59.9500 8.3 0.052 0.142
884.744 60.00 60.0000 6.8 -0.002 -0.035
884.795 60.00 59.9500 8.2 0.048 0.128
884.845 60.00 59.9700 7.7 0.031 0.073
884.894 60.00 59.9500 8.2 0.048 0.128
884.944 60.00 59.9600 8.0 0.042 0.107
884.993 60.00 59.9800 7.4 0.021 0.039
885.044 60.00 59.9700 7.8 0.034 0.079
885.094 60.00 59.9600 7.8 0.036 0.085
885.144 60.00 59.9600 7.9 0.040 0.098
885.194 60.00 59.9600 7.9 0.038 0.092
885.242 60.00 59.9600 7.9 0.040 0.098
885.293 60.00 59.9700 7.7 0.034 0.077
885.343 60.00 59.9400 8.3 0.057 0.152
885.392 60.00 59.9500 8.2 0.050 0.131
885.442 60.00 59.9400 8.4 0.061 0.164
885.491 60.00 59.9700 7.7 0.034 0.075
885.542 60.00 59.9500 8.2 0.050 0.129
885.592 60.00 59.9500 8.2 0.050 0.129
885.641 60.00 59.9500 8.2 0.050 0.128
885.691 60.00 59.9400 8.3 0.055 0.142
885.741 60.00 59.9500 8.0 0.046 0.114
885.792 60.00 59.9400 8.4 0.061 0.161
885.841 60.00 59.9600 7.9 0.042 0.099
885.891 60.00 59.9400 8.4 0.059 0.153
885.940 60.00 59.9500 8.0 0.046 0.112
885.990 60.00 59.9300 8.6 0.069 0.186
886.040 60.00 59.9500 8.0 0.046 0.110
886.090 60.00 59.9800 7.4 0.023 0.035
886.140 60.00 59.9700 7.6 0.031 0.062
886.189 60.00 59.9600 7.8 0.038 0.083
886.240 60.00 59.9500 8.0 0.044 0.103
886.289 60.00 59.9800 7.4 0.023 0.035
886.339 60.00 59.9500 8.1 0.048 0.116
886.389 60.00 59.9700 7.7 0.034 0.068
886.438 60.00 59.9700 7.6 0.031 0.061
886.489 60.00 59.9400 8.2 0.055 0.136
886.538 60.00 59.9500 8.1 0.048 0.115
886.588 60.00 59.9600 7.7 0.036 0.073
886.638 60.00 59.9400 8.2 0.055 0.135
886.687 60.00 59.9600 7.8 0.040 0.086
886.737 60.00 59.9700 7.5 0.027 0.045
886.786 60.00 59.9800 7.3 0.021 0.025
886.837 60.00 59.9500 8.1 0.050 0.120
886.887 60.00 59.9400 8.4 0.061 0.153
886.936 60.00 59.9500 8.1 0.050 0.119
886.987 60.00 59.9800 7.4 0.023 0.030
887.036 60.00 59.9300 8.6 0.069 0.180
887.087 60.00 59.9800 7.4 0.023 0.029
887.137 60.00 59.9400 8.2 0.057 0.138
887.185 60.00 59.9600 7.8 0.040 0.083
887.235 60.00 59.9800 7.1 0.015 0.001
887.284 60.00 59.9500 7.9 0.044 0.096
887.335 60.00 59.9700 7.5 0.029 0.049
887.385 60.00 59.9400 8.3 0.059 0.144
887.434 60.00 59.9800 7.1 0.015 0.000
887.484 60.00 59.9300 8.4 0.065 0.164
887.533 60.00 59.9600 7.7 0.036 0.068
887.585 60.00 59.9600 7.8 0.042 0.088
887.635 60.00 59.9700 7.6 0.034 0.061
887.683 60.00 59.9800 7.3 0.023 0.026
887.733 60.00 59.8900 9.5 0.105 0.293
887.782 60.00 59.9500 8.0 0.048 0.107
887.833 60.00 59.9700 7.4 0.027 0.039
887.883 60.00 59.9700 7.4 0.027 0.039
887.933 60.00 59.9800 7.3 0.023 0.025
887.982 60.00 59.9400 8.2 0.057 0.134
888.031 60.00 59.9700 7.4 0.025 0.031
888.083 60.00 59.9600 7.7 0.036 0.065
888.133 60.00 59.9500 8.0 0.050 0.112
888.183 60.00 59.9700 7.5 0.031 0.051
888.231 60.00 59.9700 7.6 0.034 0.057
888.281 60.00 59.9800 7.3 0.023 0.023
888.331 60.00 59.9500 7.9 0.044 0.091
888.382 60.00 59.9700 7.5 0.031 0.050
888.432 60.00 59.9600 7.8 0.040 0.077
888.480 60.00 59.9700 7.6 0.034 0.057
888.530 60.00 59.9700 7.5 0.029 0.043
888.579 60.00 59.9800 7.2 0.019 0.008
888.630 60.00 59.9600 7.6 0.036 0.063
888.680 60.00 59.9500 7.9 0.046 0.097
888.729 60.00 59.9700 7.4 0.025 0.029
888.779 60.00 59.9800 7.2 0.021 0.016
888.828 60.00 60.0000 6.6 -0.002 -0.060
888.880 60.00 59.9600 7.6 0.036 0.063
888.930 60.00 59.9900 7.0 0.013 -0.012
888.978 60.00 59.9700 7.5 0.031 0.050
889.028 60.00 59.9700 7.4 0.027 0.036
889.077 60.00 59.9800 7.1 0.017 0.002
889.128 60.00 59.9800 7.3 0.023 0.022
889.178 60.00 60.0000 6.6 -0.004 -0.066
889.227 60.00 59.9800 7.1 0.017 0.002
889.277 60.00 59.9700 7.4 0.027 0.037
889.326 60.00 59.9500 7.9 0.044 0.091
889.377 60.00 59.9600 7.8 0.042 0.084
889.428 60.00 59.9800 7.2 0.021 0.016
889.477 60.00 59.9600 7.7 0.040 0.076
889.526 60.00 59.9800 7.2 0.021 0.016
889.575 60.00 59.9700 7.5 0.029 0.043
889.626 60.00 59.9900 6.8 0.004 -0.040
889.676 60.00 59.9800 7.2 0.019 0.008
889.725 60.00 59.9700 7.5 0.029 0.043
889.775 60.00 59.9900 6.8 0.004 -0.040
889.824 60.00 59.9400 8.3 0.061 0.145
889.875 60.00 59.9900 7.0 0.013 -0.012
889.926 60.00 59.9300 8.6 0.073 0.186
889.976 60.00 59.9800 7.1 0.015 -0.006
890.024 60.00 59.9500 8.0 0.050 0.110
890.073 60.00 60.0000 6.6 -0.004 -0.068
890.124 60.00 59.9800 7.1 0.017 0.001
890.174 60.00 59.9800 7.3 0.023 0.022
890.224 60.00 59.9700 7.5 0.029 0.042
890.273 60.00 60.0200 6.1 -0.021 -0.121
890.323 60.00 59.9800 7.1 0.015 -0.005
890.373 60.00 59.9500 7.9 0.044 0.090
890.423 60.00 59.8800 10.0 0.124 0.349
890.473 60.00 59.9900 7.0 0.010 -0.020
890.522 60.00 59.9700 7.4 0.027 0.035
890.572 60.00 59.9500 8.0 0.050 0.109
890.621 60.00 59.9800 7.1 0.017 -0.000
890.672 60.00 59.9700 7.3 0.025 0.028
890.722 60.00 60.0000 6.5 -0.006 -0.075
890.772 60.00 59.9700 7.4 0.027 0.035
890.822 60.00 60.0000 6.5 -0.006 -0.074
890.870 60.00 59.9700 7.5 0.029 0.042
890.921 60.00 60.0200 6.1 -0.021 -0.122
890.971 60.00 59.9800 7.2 0.021 0.016
891.020 60.00 59.9800 7.2 0.021 0.016
891.070 60.00 59.9700 7.5 0.029 0.043
891.119 60.00 59.9900 7.0 0.010 -0.019
891.170 60.00 59.9600 7.7 0.040 0.076
891.220 60.00 59.9800 7.2 0.021 0.016
891.269 60.00 60.0100 6.5 -0.008 -0.081
891.320 60.00 59.9800 7.1 0.015 -0.005
891.369 60.00 59.9700 7.4 0.027 0.036
891.420 60.00 59.9900 6.8 0.004 -0.039
891.469 60.00 59.9800 7.3 0.023 0.023
891.518 60.00 59.9900 6.9 0.008 -0.025
891.568 60.00 59.9900 6.9 0.008 -0.025
891.617 60.00 60.0200 6.2 -0.017 -0.106
891.668 60.00 59.9800 7.1 0.015 -0.004
891.718 60.00 59.9900 6.8 0.004 -0.038
891.767 60.00 59.9800 7.2 0.017 0.003
891.817 60.00 59.9900 7.0 0.010 -0.017
891.866 60.00 59.9700 7.5 0.029 0.045
891.918 60.00 59.9800 7.2 0.017 0.004
891.968 60.00 59.9700 7.5 0.029 0.045
892.016 60.00 59.9900 7.0 0.010 -0.017
892.066 60.00 59.9800 7.2 0.019 0.010
892.115 60.00 60.0000 6.7 0.000 -0.051
892.166 60.00 59.9800 7.2 0.019 0.011
892.216 60.00 59.9900 7.0 0.010 -0.016
892.266 60.00 59.9800 7.3 0.021 0.019
892.315 60.00 59.9700 7.4 0.025 0.032
892.365 60.00 60.0100 6.5 -0.008 -0.078
892.415 60.00 59.9800 7.3 0.023 0.025
892.465 60.00 59.9900 6.9 0.006 -0.030
892.515 60.00 59.9900 6.9 0.006 -0.029
892.564 60.00 60.0000 6.5 -0.006 -0.069
892.614 60.00 60.0000 6.6 -0.006 -0.069
892.663 60.00 59.9900 7.0 0.008 -0.022
892.714 60.00 59.9800 7.2 0.017 0.006
892.765 60.00 60.0100 6.3 -0.015 -0.096
892.814 60.00 59.9900 7.0 0.010 -0.014
892.863 60.00 60.0000 6.8 0.002 -0.041
892.912 60.00 59.9900 7.0 0.010 -0.013
892.963 60.00 59.9900 7.0 0.010 -0.013
893.013 60.00 60.0000 6.7 0.000 -0.047
893.062 60.00 59.9800 7.1 0.015 0.001
893.112 60.00 60.0000 6.7 0.000 -0.047
893.161 60.00 60.0000 6.8 0.002 -0.039
893.212 60.00 60.0000 6.6 -0.006 -0.066
893.262 60.00 59.9900 6.9 0.004 -0.032
893.311 60.00 60.0000 6.6 -0.006 -0.066
893.362 60.00 59.9900 6.9 0.004 -0.032
893.411 60.00 59.9900 7.1 0.013 -0.004
893.461 60.00 59.9900 6.9 0.004 -0.031
893.511 60.00 60.0000 6.7 -0.002 -0.051
893.560 60.00 60.0000 6.8 0.002 -0.037
893.610 60.00 60.0000 6.7 -0.002 -0.051
893.659 60.00 60.0000 6.6 -0.006 -0.064
893.710 60.00 60.0000 6.8 0.000 -0.043
893.760 60.00 59.9900 7.1 0.013 -0.002
893.809 60.00 60.0000 6.7 -0.004 -0.057
893.859 60.00 60.1000 4.2 -0.096 -0.356
893.909 60.00 59.9900 6.9 0.004 -0.028
893.960 60.00 59.9900 7.0 0.008 -0.014
894.009 60.00 59.9900 6.9 0.004 -0.027
894.058 60.00 59.9900 6.9 0.004 -0.027
894.108 60.00 59.9300 8.5 0.065 0.171
894.157 60.00 59.9900 7.0 0.006 -0.021
894.208 60.00 59.9900 6.9 0.004 -0.028
894.259 60.00 59.9900 7.1 0.010 -0.007
894.308 60.00 59.9800 7.3 0.019 0.020
894.357 60.00 59.9800 7.4 0.023 0.035
894.406 60.00 60.0200 6.2 -0.021 -0.108
894.457 60.00 59.9900 7.0 0.006 -0.020
894.507 60.00 60.0000 6.7 -0.004 -0.054
894.557 60.00 60.0000 6.7 -0.002 -0.046
894.606 60.00 60.0000 6.8 0.002 -0.032
894.656 60.00 60.0000 6.6 -0.006 -0.059
894.706 60.00 60.0000 6.7 -0.004 -0.052
894.757 60.00 59.9900 6.9 0.004 -0.025
894.807 60.00 60.0000 6.9 0.002 -0.031
894.855 60.00 59.9900 7.0 0.006 -0.018
894.905 60.00 59.9900 7.1 0.010 -0.004
894.954 60.00 60.0000 6.8 0.000 -0.038
895.005 60.00 59.9900 6.9 0.004 -0.024
895.055 60.00 60.0100 6.5 -0.010 -0.071
895.104 60.00 60.0100 6.5 -0.010 -0.071
895.154 60.00 60.0000 6.8 0.000 -0.037
895.203 60.00 60.0000 6.7 -0.004 -0.050
895.254 60.00 60.0000 6.7 -0.006 -0.056
895.304 60.00 59.9900 6.9 0.004 -0.022
895.354 60.00 60.0100 6.4 -0.015 -0.084
895.404 60.00 60.0200 6.3 -0.021 -0.103
895.453 60.00 59.9900 6.9 0.004 -0.021
895.503 60.00 60.0100 6.6 -0.008 -0.062
895.553 60.00 60.0000 6.7 -0.004 -0.048
895.602 60.00 60.0000 6.8 0.000 -0.034
895.652 60.00 59.9900 7.0 0.006 -0.014
895.701 60.00 60.0200 6.2 -0.023 -0.109
895.752 60.00 60.0100 6.5 -0.013 -0.074
895.802 60.00 60.1000 4.3 -0.096 -0.346
895.851 60.00 60.0100 6.5 -0.013 -0.072
895.901 60.00 60.0200 6.2 -0.025 -0.113
895.951 60.00 60.0100 6.6 -0.008 -0.058
896.002 60.00 60.0200 6.4 -0.017 -0.084
896.052 60.00 60.0300 6.0 -0.031 -0.131
896.100 60.00 60.0200 6.4 -0.017 -0.083
896.150 60.00 60.0100 6.5 -0.015 -0.076
896.199 60.00 60.0200 6.4 -0.019 -0.089
896.251 60.00 60.0100 6.5 -0.013 -0.069
896.301 60.00 59.9900 7.2 0.013 0.014
896.351 60.00 60.0100 6.5 -0.013 -0.069
896.399 60.00 59.9900 7.2 0.013 0.014
896.448 60.00 60.0100 6.6 -0.013 -0.068
896.499 60.00 60.0100 6.6 -0.010 -0.060
896.549 60.00 60.0200 6.3 -0.023 -0.101
896.599 60.00 60.0200 6.4 -0.019 -0.087
896.648 60.00 59.9900 7.1 0.006 -0.005
896.698 60.00 60.0300 6.2 -0.027 -0.114
896.748 60.00 60.0100 6.6 -0.013 -0.066
896.799 60.00 59.9900 7.2 0.010 0.010
896.849 60.00 60.0100 6.6 -0.013 -0.066
896.897 60.00 59.9900 7.1 0.006 -0.004
896.947 60.00 59.9800 7.4 0.017 0.030
896.996 60.00 60.0100 6.5 -0.015 -0.072
897.047 60.00 60.0200 6.5 -0.017 -0.078
897.097 60.00 59.9900 7.1 0.006 -0.003
897.146 60.00 60.0200 6.3 -0.023 -0.098
897.196 60.00 60.0100 6.7 -0.008 -0.050
897.245 60.00 60.0500 5.6 -0.050 -0.186
897.297 60.00 60.0000 6.9 -0.002 -0.029
897.347 60.00 60.0100 6.5 -0.015 -0.070
897.396 60.00 60.0200 6.3 -0.025 -0.103
897.445 60.00 60.0300 6.0 -0.035 -0.136
897.494 60.00 60.0200 6.3 -0.025 -0.102
897.545 60.00 60.0000 6.9 -0.002 -0.026
897.595 60.00 60.0100 6.7 -0.010 -0.053
897.644 60.00 60.0000 6.9 -0.002 -0.026
897.694 60.00 60.0100 6.7 -0.008 -0.046
897.743 60.00 60.0200 6.3 -0.025 -0.101
897.794 60.00 60.0200 6.4 -0.021 -0.086
897.844 60.00 60.0100 6.7 -0.010 -0.052
897.894 60.00 60.0300 6.1 -0.034 -0.127
897.944 60.00 60.0300 6.0 -0.035 -0.132
897.992 60.00 60.0300 6.2 -0.027 -0.105
898.043 60.00 60.0200 6.5 -0.019 -0.077
898.093 60.00 60.0200 6.3 -0.025 -0.098
898.142 60.00 60.0200 6.4 -0.023 -0.090
898.192 60.00 60.0400 5.9 -0.042 -0.151
898.242 60.00 60.0000 7.0 0.002 -0.007
898.293 60.00 60.0300 6.0 -0.035 -0.129
898.342 60.00 60.0200 6.3 -0.025 -0.095
898.391 60.00 60.0300 6.2 -0.029 -0.108
898.441 60.00 60.0200 6.3 -0.025 -0.094
898.490 60.00 60.0200 6.3 -0.025 -0.094
898.541 60.00 60.0300 6.2 -0.031 -0.114
898.591 60.00 59.9900 7.3 0.010 0.023
898.641 60.00 59.9900 7.2 0.006 0.009
898.690 60.00 60.0100 6.7 -0.010 -0.045
898.740 60.00 60.0200 6.4 -0.023 -0.086
898.791 60.00 60.0300 6.2 -0.031 -0.113
898.840 60.00 59.9700 7.7 0.025 0.072
898.890 60.00 60.0200 6.6 -0.017 -0.065
898.939 60.00 60.0400 6.0 -0.038 -0.133
898.989 60.00 60.0100 6.7 -0.013 -0.051
899.038 60.00 60.0000 7.0 -0.002 -0.016
899.089 60.00 60.0100 6.6 -0.015 -0.057
899.139 60.00 60.0200 6.6 -0.017 -0.063
899.188 60.00 60.0200 6.4 -0.025 -0.091
899.238 60.00 60.0200 6.5 -0.021 -0.076
899.287 60.00 60.0200 6.4 -0.025 -0.090
899.339 60.00 60.0300 6.1 -0.035 -0.123
899.389 60.00 60.0300 6.3 -0.029 -0.102
899.438 60.00 60.0100 6.7 -0.015 -0.055
899.488 60.00 60.0000 6.9 -0.004 -0.020
899.536 60.00 60.0400 6.0 -0.040 -0.136
899.587 60.00 60.0400 6.1 -0.038 -0.128
899.637 60.00 60.0600 5.5 -0.059 -0.196
899.686 60.00 60.0300 6.1 -0.035 -0.119
899.736 60.00 60.0400 6.0 -0.040 -0.133
899.785 60.00 60.0200 6.6 -0.019 -0.064
899.836 60.00 60.0200 6.5 -0.023 -0.078
899.886 60.00 60.0200 6.4 -0.025 -0.084
899.935 60.00 60.0300 6.2 -0.031 -0.104
899.985 60.00 60.0500 5.6 -0.055 -0.179
900.035 60.00 60.0200 6.4 -0.025 -0.083
900.086 60.00 60.0400 5.9 -0.046 -0.151
900.135 60.00 60.0300 6.2 -0.035 -0.115
900.184 60.00 60.0300 6.2 -0.035 -0.115
900.235 60.00 60.0200 6.6 -0.019 -0.060
900.283 60.00 60.0200 6.6 -0.021 -0.066
900.335 60.00 60.0200 6.5 -0.025 -0.080
900.385 60.00 60.0400 6.1 -0.038 -0.121
900.433 60.00 60.0300 6.4 -0.027 -0.086
900.483 60.00 60.0400 6.1 -0.038 -0.120
900.532 60.00 60.0500 5.7 -0.052 -0.167
900.583 60.00 60.0200 6.5 -0.023 -0.071
900.633 60.00 60.0100 6.9 -0.008 -0.023
900.683 60.00 60.0100 6.9 -0.008 -0.023
900.732 60.00 60.0300 6.3 -0.031 -0.097
900.781 60.00 60.0400 6.0 -0.042 -0.131
900.833 60.00 60.0500 5.8 -0.052 -0.165
900.883 60.00 60.0300 6.4 -0.027 -0.082
900.932 60.00 60.0300 6.2 -0.035 -0.109
900.981 60.00 60.0200 6.6 -0.021 -0.061
901.031 60.00 60.0300 6.2 -0.035 -0.108
901.081 60.00 60.0200 6.7 -0.019 -0.053
901.131 60.00 60.0400 6.2 -0.038 -0.115
901.181 60.00 60.0200 6.6 -0.021 -0.059
901.230 60.00 60.0400 5.9 -0.046 -0.141
901.280 60.00 60.0600 5.5 -0.065 -0.202
901.329 60.00 60.0300 6.3 -0.034 -0.099
901.380 60.00 60.0300 6.3 -0.034 -0.098
901.431 60.00 60.0300 6.3 -0.034 -0.098
901.480 60.00 60.0300 6.2 -0.035 -0.104
901.529 60.00 60.0400 6.1 -0.042 -0.124
901.578 60.00 60.0400 6.2 -0.038 -0.110
901.629 60.00 60.0200 6.5 -0.025 -0.069
901.679 60.00 60.0700 5.4 -0.067 -0.205
901.728 60.00 60.0200 6.5 -0.025 -0.068
901.778 60.00 60.0400 6.0 -0.046 -0.136
901.827 60.00 60.0400 6.2 -0.040 -0.115
901.878 60.00 60.0400 6.2 -0.040 -0.114
901.928 60.00 60.0500 5.8 -0.052 -0.154
901.977 60.00 60.0400 6.2 -0.040 -0.113
902.028 60.00 60.0300 6.3 -0.035 -0.098
902.077 60.00 60.0500 5.9 -0.050 -0.146
902.128 60.00 60.0600 5.7 -0.059 -0.173
902.177 60.00 60.0600 5.5 -0.065 -0.193
902.227 60.00 60.0400 6.1 -0.042 -0.116
902.276 60.00 60.0400 6.2 -0.038 -0.103
902.326 60.00 60.0600 5.6 -0.063 -0.184
902.377 60.00 60.0600 5.8 -0.057 -0.163
902.427 60.00 60.0400 6.0 -0.046 -0.128
902.475 60.00 60.0300 6.4 -0.031 -0.080
902.525 60.00 60.0400 6.2 -0.040 -0.107
902.574 60.00 60.0200 6.7 -0.023 -0.052
902.625 60.00 60.0300 6.5 -0.029 -0.072
902.675 60.00 60.0600 5.5 -0.065 -0.188
902.725 60.00 60.0300 6.3 -0.035 -0.091
902.774 60.00 60.0300 6.3 -0.035 -0.091
902.823 60.00 60.0400 6.1 -0.046 -0.125
902.874 60.00 60.0400 6.1 -0.046 -0.125
902.924 60.00 60.0400 6.2 -0.042 -0.110
902.975 60.00 60.0200 6.9 -0.017 -0.028
903.024 60.00 60.0400 6.2 -0.042 -0.110
903.073 60.00 60.0400 6.2 -0.040 -0.103
903.124 60.00 60.0400 6.2 -0.042 -0.109
903.173 60.00 60.0400 6.2 -0.042 -0.108
903.223 60.00 60.0400 6.3 -0.040 -0.102
903.272 60.00 60.0400 6.3 -0.038 -0.094
903.322 60.00 60.0400 6.3 -0.040 -0.101
903.371 60.00 60.0300 6.5 -0.029 -0.066
903.422 60.00 60.0400 6.2 -0.042 -0.107
903.472 60.00 60.0400 6.2 -0.042 -0.106
903.521 60.00 60.0500 6.0 -0.048 -0.126
903.571 60.00 60.0400 6.3 -0.040 -0.099
903.620 60.00 60.0400 6.1 -0.046 -0.119
903.671 60.00 60.0600 5.7 -0.063 -0.173
903.721 60.00 60.0300 6.5 -0.031 -0.070
903.771 60.00 60.0400 6.1 -0.046 -0.118
903.821 60.00 60.0500 6.0 -0.050 -0.131
903.869 60.00 60.0700 5.5 -0.069 -0.191
903.920 60.00 60.0500 6.0 -0.052 -0.136
903.970 60.00 60.0400 6.3 -0.042 -0.101
904.019 60.00 60.0400 6.4 -0.038 -0.088
904.069 60.00 60.0300 6.4 -0.035 -0.080
904.118 60.00 60.0400 6.3 -0.042 -0.100
904.169 60.00 60.0300 6.5 -0.031 -0.066
904.219 60.00 60.0500 6.0 -0.052 -0.134
904.268 60.00 60.0500 6.0 -0.050 -0.127
904.318 60.00 60.0500 6.0 -0.050 -0.126
904.367 60.00 60.0400 6.3 -0.042 -0.098
904.418 60.00 60.0400 6.2 -0.046 -0.112
904.468 60.00 60.0500 6.0 -0.052 -0.132
904.517 60.00 60.0400 6.2 -0.046 -0.111
904.567 60.00 60.0400 6.2 -0.044 -0.104
904.616 60.00 60.0600 5.8 -0.059 -0.151
904.668 60.00 60.0300 6.6 -0.029 -0.055
904.718 60.00 60.0400 6.2 -0.046 -0.110
904.767 60.00 60.0600 5.9 -0.059 -0.150
904.816 60.00 60.0400 6.4 -0.038 -0.081
904.865 60.00 60.0400 6.4 -0.038 -0.081
904.916 60.00 60.1000 4.7 -0.103 -0.292
904.966 60.00 60.0400 6.2 -0.046 -0.107
905.016 60.00 60.0300 6.5 -0.035 -0.072
905.065 60.00 60.0500 6.0 -0.052 -0.127
905.115 60.00 60.0300 6.5 -0.035 -0.071
905.165 60.00 60.0700 5.7 -0.067 -0.173
905.215 60.00 60.0300 6.6 -0.031 -0.057
905.266 60.00 60.0400 6.4 -0.040 -0.084
905.315 60.00 60.0400 6.5 -0.038 -0.077
905.364 60.00 60.0400 6.3 -0.044 -0.098
905.413 60.00 60.0300 6.6 -0.034 -0.063
905.464 60.00 60.0400 6.5 -0.038 -0.076
905.514 60.00 60.0500 6.2 -0.048 -0.110
905.563 60.00 60.0400 6.2 -0.046 -0.103
905.613 60.00 60.0500 6.1 -0.050 -0.116
905.662 60.00 60.0400 6.4 -0.040 -0.082
905.713 60.00 60.0300 6.6 -0.034 -0.061
905.763 60.00 60.0300 6.7 -0.029 -0.047
905.813 60.00 60.0400 6.4 -0.040 -0.081
905.863 60.00 60.0300 6.5 -0.035 -0.067
905.911 60.00 60.0500 6.0 -0.055 -0.129
905.962 60.00 60.0200 6.8 -0.025 -0.033
906.012 60.00 60.0500 6.1 -0.052 -0.121
906.061 60.00 60.0300 6.6 -0.034 -0.059
906.111 60.00 60.0400 6.4 -0.040 -0.080
906.160 60.00 60.0600 5.8 -0.065 -0.161
906.211 60.00 60.0600 5.9 -0.061 -0.147
906.261 60.00 60.0600 5.9 -0.059 -0.140
906.310 60.00 60.0700 5.5 -0.073 -0.186
906.360 60.00 60.0500 6.1 -0.055 -0.125
906.409 60.00 60.0600 6.0 -0.059 -0.138
906.460 60.00 60.0600 6.0 -0.057 -0.131
906.510 60.00 60.0800 5.5 -0.078 -0.199
906.559 60.00 60.0600 5.8 -0.065 -0.157
906.609 60.00 60.0600 6.0 -0.059 -0.136
906.658 60.00 60.0400 6.4 -0.044 -0.088
906.710 60.00 60.1200 4.3 -0.122 -0.339
906.760 60.00 60.0500 6.3 -0.048 -0.099
906.809 60.00 60.0300 6.8 -0.029 -0.038
906.858 60.00 60.0600 6.0 -0.059 -0.133
906.907 60.00 60.0600 5.8 -0.065 -0.153
906.958 60.00 60.0600 5.8 -0.065 -0.153
907.008 60.00 60.0600 5.8 -0.065 -0.152
907.058 60.00 60.0500 6.1 -0.055 -0.118
907.107 60.00 60.0500 6.2 -0.050 -0.103
907.156 60.00 60.0600 6.0 -0.059 -0.130
907.207 60.00 60.0600 5.8 -0.065 -0.151
907.258 60.00 60.0500 6.2 -0.050 -0.102
907.308 60.00 60.0600 5.8 -0.065 -0.150
907.356 60.00 60.0500 6.1 -0.055 -0.115
907.406 60.00 60.0400 6.5 -0.040 -0.067
907.456 60.00 60.0600 6.0 -0.061 -0.135
907.506 60.00 60.0200 7.0 -0.023 -0.012
907.556 60.00 60.0500 6.2 -0.050 -0.100
907.605 60.00 60.0600 6.0 -0.059 -0.127
907.655 60.00 60.0600 6.0 -0.059 -0.127
907.704 60.00 60.0500 6.2 -0.055 -0.113
907.755 60.00 60.0400 6.6 -0.038 -0.058
907.806 60.00 60.0700 5.7 -0.071 -0.167
907.855 60.00 60.0600 6.0 -0.059 -0.125
907.904 60.00 60.0700 5.7 -0.071 -0.166
907.953 60.00 60.0600 6.0 -0.059 -0.124
908.004 60.00 60.0500 6.2 -0.055 -0.110
908.054 60.00 60.0400 6.4 -0.046 -0.083
908.103 60.00 60.0500 6.2 -0.055 -0.110
908.153 60.00 60.0600 6.1 -0.057 -0.116
908.203 60.00 60.0600 6.1 -0.059 -0.123
908.253 60.00 60.0400 6.5 -0.044 -0.075
908.303 60.00 60.0600 5.9 -0.065 -0.143
908.352 60.00 60.0600 6.0 -0.063 -0.135
908.402 60.00 60.0600 6.0 -0.063 -0.134
908.451 60.00 60.0700 5.8 -0.069 -0.155
908.502 60.00 60.0600 6.1 -0.059 -0.120
908.552 60.00 60.0400 6.6 -0.040 -0.058
908.601 60.00 60.0600 6.0 -0.061 -0.127
908.651 60.00 60.0400 6.5 -0.044 -0.072
908.701 60.00 60.0400 6.4 -0.046 -0.078
908.752 60.00 60.0700 5.7 -0.073 -0.166
908.801 60.00 60.0800 5.4 -0.086 -0.207
908.850 60.00 60.0600 6.1 -0.059 -0.118
908.900 60.00 60.0400 6.5 -0.044 -0.070
908.949 60.00 60.0400 6.6 -0.040 -0.056
909.000 60.00 60.0600 5.9 -0.065 -0.138
909.050 60.00 60.0600 6.1 -0.059 -0.117
909.100 60.00 60.0600 6.2 -0.057 -0.109
909.149 60.00 60.0600 6.0 -0.065 -0.136
909.198 60.00 60.0500 6.2 -0.055 -0.102
909.249 60.00 60.0300 6.8 -0.031 -0.026
909.300 60.00 60.0600 6.2 -0.057 -0.108
909.350 60.00 60.0400 6.5 -0.046 -0.074
909.398 60.00 60.0500 6.4 -0.048 -0.080
909.448 60.00 60.0400 6.6 -0.042 -0.059
909.498 60.00 60.0500 6.4 -0.048 -0.080
909.548 60.00 60.0400 6.5 -0.046 -0.073
909.598 60.00 60.0700 5.9 -0.067 -0.141
909.647 60.00 60.0300 6.8 -0.035 -0.038
909.697 60.00 60.0400 6.5 -0.046 -0.073
909.746 60.00 60.0300 6.8 -0.034 -0.031
909.797 60.00 60.0500 6.4 -0.048 -0.079
909.848 60.00 60.0600 6.0 -0.063 -0.126
909.897 60.00 60.0300 6.9 -0.031 -0.024
909.947 60.00 60.0600 6.0 -0.063 -0.126
909.995 60.00 60.0600 6.1 -0.061 -0.119
910.046 60.00 60.0700 5.9 -0.067 -0.139
910.096 60.00 60.0500 6.3 -0.055 -0.098
910.145 60.00 60.0700 5.8 -0.071 -0.152
910.196 60.00 60.0700 5.9 -0.069 -0.145
910.245 60.00 60.0500 6.3 -0.052 -0.090
910.295 60.00 60.0600 6.0 -0.065 -0.131
910.345 60.00 60.0600 6.2 -0.059 -0.110
910.394 60.00 60.0400 6.5 -0.046 -0.069
910.444 60.00 60.0600 6.0 -0.065 -0.130
910.493 60.00 60.0700 5.8 -0.073 -0.156
910.544 60.00 60.0500 6.3 -0.052 -0.088
910.594 60.00 60.0600 6.1 -0.061 -0.115
910.643 60.00 60.0700 6.0 -0.067 -0.135
910.693 60.00 60.0500 6.4 -0.050 -0.080
910.742 60.00 60.0700 5.8 -0.073 -0.154
910.794 60.00 60.0500 6.4 -0.050 -0.079
910.844 60.00 60.0700 5.7 -0.076 -0.161
910.892 60.00 60.0700 6.0 -0.067 -0.133
910.942 60.00 60.0600 6.2 -0.059 -0.105
910.991 60.00 60.0600 6.2 -0.059 -0.105
911.042 60.00 60.0700 5.9 -0.069 -0.139
911.092 60.00 60.0400 6.7 -0.040 -0.043
911.141 60.00 60.0500 6.4 -0.050 -0.077
911.191 60.00 60.0500 6.3 -0.055 -0.091
911.240 60.00 60.0500 6.3 -0.055 -0.090
911.291 60.00 60.0500 6.4 -0.052 -0.083
911.341 60.00 60.0800 5.7 -0.080 -0.171
911.392 60.00 60.0600 6.2 -0.059 -0.103
911.441 60.00 60.0700 6.0 -0.067 -0.130
911.490 60.00 60.0700 5.9 -0.069 -0.136
911.540 60.00 60.0400 6.5 -0.046 -0.061
911.590 60.00 60.0400 6.7 -0.042 -0.047
911.640 60.00 60.0500 6.3 -0.055 -0.088
911.689 60.00 60.0800 5.7 -0.080 -0.169
911.739 60.00 60.0400 6.7 -0.042 -0.046
911.788 60.00 60.0500 6.5 -0.050 -0.074
911.839 60.00 60.0500 6.3 -0.055 -0.087
911.889 60.00 60.0400 6.7 -0.042 -0.046
911.938 60.00 60.1100 4.8 -0.113 -0.277
911.989 60.00 60.0500 6.5 -0.048 -0.065
912.038 60.00 60.0700 6.0 -0.069 -0.133
912.089 60.00 60.0700 6.0 -0.067 -0.126
912.139 60.00 60.0600 6.2 -0.059 -0.099
912.188 60.00 60.0400 6.6 -0.044 -0.051
912.237 60.00 60.0600 6.1 -0.065 -0.119
912.286 60.00 60.0500 6.5 -0.050 -0.071
912.337 60.00 60.0600 6.3 -0.057 -0.091
912.388 60.00 60.0400 6.6 -0.044 -0.050
912.437 60.00 60.0600 6.3 -0.057 -0.091
912.486 60.00 60.0400 6.6 -0.044 -0.050
912.535 60.00 60.0600 6.3 -0.057 -0.091
912.586 60.00 60.0700 6.0 -0.067 -0.124
912.636 60.00 60.0500 6.4 -0.055 -0.083
912.685 60.00 60.0500 6.4 -0.052 -0.076
912.735 60.00 60.0600 6.1 -0.065 -0.117
912.784 60.00 60.0400 6.7 -0.044 -0.049
912.835 60.00 60.0300 7.0 -0.029 -0.001
912.885 60.00 60.0600 6.3 -0.057 -0.090
912.935 60.00 60.0500 6.4 -0.052 -0.076
912.985 60.00 60.0500 6.5 -0.050 -0.069
913.033 60.00 60.0500 6.5 -0.048 -0.062
913.084 60.00 60.0500 6.5 -0.050 -0.068
913.134 60.00 60.0600 6.2 -0.063 -0.109
913.183 60.00 60.0600 6.3 -0.059 -0.095
913.233 60.00 60.0600 6.2 -0.063 -0.109
913.282 60.00 60.0400 6.7 -0.044 -0.047
913.333 60.00 60.0400 6.7 -0.044 -0.047
913.383 60.00 60.0500 6.5 -0.048 -0.061
913.433 60.00 60.0400 6.6 -0.046 -0.054
913.482 60.00 60.0400 6.6 -0.046 -0.054
913.532 60.00 60.0300 7.0 -0.031 -0.006
913.583 60.00 60.0500 6.4 -0.052 -0.074
913.632 60.00 60.0400 6.7 -0.042 -0.040
913.682 60.00 60.0200 7.3 -0.019 0.035
913.731 60.00 60.0400 6.6 -0.046 -0.054
913.781 60.00 60.0500 6.5 -0.048 -0.061
913.831 60.00 60.0600 6.3 -0.059 -0.095
913.881 60.00 60.0500 6.4 -0.052 -0.074
913.931 60.00 60.0500 6.5 -0.048 -0.060
913.980 60.00 60.0700 6.0 -0.067 -0.122
914.031 60.00 60.0500 6.6 -0.048 -0.060
914.080 60.00 60.0400 6.7 -0.042 -0.039
914.131 60.00 60.0400 6.6 -0.046 -0.053
914.181 60.00 60.0500 6.4 -0.055 -0.080
914.229 60.00 60.0400 6.7 -0.044 -0.046
914.279 60.00 60.0400 6.8 -0.040 -0.033
914.328 60.00 60.0600 6.3 -0.057 -0.087
914.380 60.00 60.0500 6.5 -0.052 -0.073
914.430 60.00 60.0300 7.1 -0.029 0.002
914.478 60.00 60.0300 7.0 -0.034 -0.012
914.528 60.00 60.0600 6.3 -0.057 -0.087
914.577 60.00 60.0400 6.8 -0.040 -0.032
914.628 60.00 60.0400 6.7 -0.042 -0.039
914.678 60.00 60.0500 6.4 -0.052 -0.073
914.727 60.00 60.0400 6.8 -0.038 -0.025
914.777 60.00 60.0500 6.5 -0.050 -0.066
914.826 60.00 60.0300 7.0 -0.034 -0.012
914.877 60.00 60.0500 6.5 -0.050 -0.066
914.928 60.00 60.0500 6.4 -0.055 -0.080
914.977 60.00 60.0600 6.3 -0.057 -0.087
915.027 60.00 60.0300 7.0 -0.034 -0.011
915.075 60.00 60.0500 6.5 -0.050 -0.066
915.126 60.00 60.0400 6.8 -0.040 -0.032
915.176 60.00 60.0300 7.1 -0.027 0.009
915.225 60.00 60.0500 6.6 -0.048 -0.059
915.275 60.00 60.0400 6.8 -0.040 -0.032
915.324 60.00 60.0500 6.5 -0.050 -0.066
915.375 60.00 60.0300 7.1 -0.027 0.009
915.425 60.00 60.0400 6.6 -0.046 -0.053
915.475 60.00 60.0400 6.6 -0.046 -0.053
915.524 60.00 60.0400 6.7 -0.044 -0.046
915.574 60.00 60.0400 6.6 -0.046 -0.053
915.624 60.00 60.0500 6.4 -0.052 -0.073
915.674 60.00 60.0600 6.1 -0.065 -0.114
915.724 60.00 60.0600 6.3 -0.057 -0.086
915.773 60.00 60.0700 6.1 -0.067 -0.120
915.823 60.00 60.0500 6.4 -0.055 -0.079
915.873 60.00 60.0500 6.5 -0.052 -0.072
915.923 60.00 60.0100 7.5 -0.013 0.057
915.973 60.00 60.0500 6.5 -0.050 -0.065
916.022 60.00 60.0500 6.4 -0.055 -0.079
916.073 60.00 60.0400 6.7 -0.042 -0.038
916.122 60.00 60.0300 7.0 -0.031 -0.004
916.173 60.00 60.0300 7.0 -0.034 -0.011
916.222 60.00 60.0400 6.8 -0.040 -0.032
916.271 60.00 60.0600 6.3 -0.057 -0.086
916.321 60.00 60.0300 7.0 -0.031 -0.004
916.370 60.00 60.0400 6.7 -0.044 -0.045
916.422 60.00 60.0300 7.0 -0.031 -0.004
916.472 60.00 60.0600 6.2 -0.063 -0.106
916.520 60.00 60.0300 6.9 -0.035 -0.017
916.570 60.00 60.0300 7.0 -0.031 -0.004
916.619 60.00 60.0500 6.6 -0.048 -0.059
916.670 60.00 60.0500 6.4 -0.055 -0.079
916.720 60.00 60.0300 7.0 -0.031 -0.004
916.769 60.00 60.0500 6.5 -0.052 -0.072
916.819 60.00 60.0500 6.5 -0.052 -0.072
916.868 60.00 60.0600 6.1 -0.065 -0.114
916.920 60.00 60.0300 6.9 -0.035 -0.017
916.970 60.00 60.0000 7.7 -0.004 0.085
917.018 60.00 60.0300 6.9 -0.035 -0.018
917.068 60.00 60.0300 7.1 -0.027 0.009
917.117 60.00 60.0200 7.2 -0.023 0.022
917.168 60.00 60.0400 6.8 -0.040 -0.032
917.218 60.00 60.0400 6.7 -0.042 -0.039
917.267 60.00 60.0300 6.9 -0.035 -0.018
917.317 60.00 60.0500 6.5 -0.048 -0.060
917.366 60.00 60.0600 6.3 -0.059 -0.094
917.417 60.00 60.0300 7.0 -0.029 0.002
917.467 60.00 60.0500 6.5 -0.050 -0.066
917.516 60.00 60.0300 6.9 -0.035 -0.018
917.567 60.00 60.0500 6.5 -0.048 -0.060
917.615 60.00 60.0300 6.9 -0.035 -0.018
917.666 60.00 60.0500 6.4 -0.052 -0.073
917.716 60.00 60.0200 7.4 -0.017 0.043
917.766 60.00 60.0800 5.8 -0.078 -0.156
917.815 60.00 60.0600 6.2 -0.061 -0.101
917.865 60.00 60.0300 6.9 -0.034 -0.012
917.915 60.00 60.0300 7.0 -0.029 0.002
917.965 60.00 60.0100 7.4 -0.015 0.049
918.015 60.00 60.0300 6.9 -0.035 -0.019
918.065 60.00 60.0400 6.7 -0.042 -0.039
918.115 60.00 60.0400 6.7 -0.044 -0.047
918.164 60.00 60.0500 6.5 -0.048 -0.060
918.214 60.00 60.0600 6.2 -0.061 -0.101
918.264 60.00 60.0400 6.8 -0.038 -0.026
918.313 60.00 60.0400 6.8 -0.040 -0.033
918.364 60.00 60.0300 7.0 -0.029 0.002
918.413 60.00 60.0200 7.2 -0.025 0.015
918.464 60.00 60.0400 6.6 -0.046 -0.054
918.513 60.00 60.0300 6.9 -0.035 -0.019
918.562 60.00 60.0400 6.8 -0.040 -0.033
918.612 60.00 60.0300 7.0 -0.031 -0.006
918.661 60.00 60.0300 6.9 -0.035 -0.019
918.712 60.00 60.0300 7.0 -0.029 0.001
918.762 60.00 60.0400 6.8 -0.040 -0.034
918.811 60.00 60.0300 6.9 -0.035 -0.020
918.861 60.00 59.9600 8.9 0.042 0.232
918.910 60.00 60.0300 7.0 -0.031 -0.008
918.962 60.00 59.9800 8.3 0.019 0.155
919.012 60.00 60.0200 7.2 -0.023 0.018
919.060 60.00 60.0400 6.6 -0.046 -0.057
919.110 60.00 60.0400 6.6 -0.044 -0.050
919.159 60.00 60.0200 7.1 -0.025 0.011
919.210 60.00 60.0300 7.1 -0.027 0.005
919.260 60.00 60.0200 7.1 -0.025 0.011
919.309 60.00 59.9300 9.6 0.067 0.311
919.359 60.00 60.0500 6.5 -0.050 -0.072
919.408 60.00 60.0300 7.0 -0.031 -0.011
919.459 60.00 60.0300 6.9 -0.034 -0.018
919.509 60.00 60.0400 6.5 -0.046 -0.059
919.558 60.00 60.0300 6.8 -0.035 -0.024
919.609 60.00 60.0400 6.5 -0.046 -0.059
919.658 60.00 60.0300 6.9 -0.034 -0.018
919.708 60.00 60.0600 6.3 -0.057 -0.093
919.758 60.00 59.9800 8.2 0.017 0.146
919.808 60.00 60.0400 6.5 -0.046 -0.060
919.857 60.00 60.0300 6.9 -0.031 -0.011
919.906 60.00 60.0600 6.3 -0.057 -0.094
919.957 60.00 60.0300 6.9 -0.031 -0.011
920.007 60.00 60.0400 6.6 -0.044 -0.053
920.057 60.00 60.0700 6.0 -0.067 -0.127
920.107 60.00 60.0600 6.2 -0.059 -0.100
920.156 60.00 60.0300 6.9 -0.034 -0.018
920.206 60.00 60.0400 6.7 -0.040 -0.038
920.256 60.00 60.0400 6.8 -0.038 -0.032
920.306 60.00 60.0400 6.6 -0.044 -0.052
920.355 60.00 60.0500 6.5 -0.050 -0.072
920.406 60.00 60.0400 6.8 -0.038 -0.031
920.455 60.00 60.0200 7.1 -0.025 0.009
920.506 60.00 60.0400 6.7 -0.040 -0.039
920.555 60.00 60.0000 7.6 -0.006 0.071
920.604 60.00 60.0500 6.5 -0.048 -0.066
920.654 60.00 60.0300 6.9 -0.034 -0.018
920.703 60.00 60.0300 7.0 -0.027 0.002
920.754 60.00 60.0100 7.5 -0.008 0.063
920.804 60.00 60.0300 6.9 -0.031 -0.012
920.853 60.00 60.0500 6.5 -0.048 -0.067
920.903 60.00 60.0200 7.3 -0.017 0.035
920.953 60.00 60.0000 7.6 -0.006 0.069
921.004 60.00 60.0400 6.7 -0.040 -0.040
921.054 60.00 60.0500 6.5 -0.048 -0.067
921.102 60.00 60.0200 7.1 -0.025 0.007
921.152 60.00 60.0400 6.7 -0.040 -0.041
921.201 60.00 60.0300 6.9 -0.034 -0.020
921.252 60.00 60.0600 6.1 -0.063 -0.115
921.302 60.00 60.0400 6.7 -0.040 -0.040
921.351 60.00 60.0200 7.3 -0.019 0.028
921.401 60.00 60.0200 7.1 -0.025 0.007
921.450 60.00 60.0100 7.5 -0.008 0.061
921.501 60.00 60.0200 7.1 -0.025 0.006
921.551 60.00 60.0400 6.8 -0.038 -0.035
921.602 60.00 60.0400 6.7 -0.040 -0.041
921.650 60.00 60.0300 7.0 -0.029 -0.007
921.699 60.00 60.0300 7.0 -0.027 -0.000
921.750 60.00 60.0400 6.6 -0.042 -0.048
921.800 60.00 60.0300 7.0 -0.029 -0.007
921.850 60.00 60.0200 7.1 -0.025 0.006
921.899 60.00 60.0300 7.0 -0.029 -0.008
921.948 60.00 60.0400 6.6 -0.044 -0.056
921.999 60.00 60.0300 7.0 -0.029 -0.008
922.049 60.00 60.0200 7.1 -0.025 0.005
922.099 60.00 60.0500 6.4 -0.052 -0.083
922.148 60.00 60.0500 6.4 -0.052 -0.083
922.198 60.00 60.0200 7.1 -0.023 0.012
922.248 60.00 60.0500 6.4 -0.050 -0.076
922.298 60.00 60.0400 6.5 -0.046 -0.063
922.348 60.00 60.0600 6.1 -0.061 -0.110
922.397 60.00 60.0200 7.2 -0.019 0.027
922.447 60.00 60.0400 6.6 -0.044 -0.056
922.497 60.00 60.0200 7.1 -0.023 0.013
922.548 60.00 60.0400 6.6 -0.044 -0.056
922.597 60.00 60.0300 7.0 -0.029 -0.008
922.646 60.00 60.0200 7.2 -0.021 0.020
922.696 60.00 60.0200 7.2 -0.021 0.019
922.745 60.00 60.0400 6.5 -0.046 -0.063
922.796 60.00 60.0200 7.1 -0.025 0.005
922.846 60.00 60.0400 6.7 -0.040 -0.043
922.895 60.00 60.0000 7.6 -0.006 0.067
922.945 60.00 60.0200 7.2 -0.021 0.019
922.994 60.00 60.0100 7.5 -0.008 0.059
923.045 60.00 59.8800 11.0 0.122 0.481
923.095 60.00 60.0400 6.5 -0.046 -0.067
923.145 60.00 60.0200 7.1 -0.023 0.009
923.195 60.00 60.0100 7.3 -0.015 0.035
923.244 60.00 60.0300 6.9 -0.029 -0.012
923.294 60.00 60.0600 6.1 -0.061 -0.115
923.344 60.00 60.0500 6.4 -0.048 -0.073
923.393 60.00 60.0300 6.9 -0.031 -0.019
923.443 60.00 60.0500 6.4 -0.048 -0.073
923.492 60.00 60.0200 7.2 -0.021 0.016
923.543 60.00 60.0500 6.4 -0.048 -0.073
923.593 60.00 60.0200 7.1 -0.023 0.008
923.642 60.00 60.0200 7.2 -0.021 0.016
923.692 60.00 60.0300 7.0 -0.027 -0.005
923.742 60.00 60.0400 6.7 -0.038 -0.040
923.793 60.00 60.0100 7.4 -0.010 0.049
923.842 60.00 60.0500 6.4 -0.050 -0.081
923.891 60.00 60.0200 7.2 -0.019 0.021
923.941 60.00 60.0500 6.4 -0.050 -0.081
923.990 60.00 60.0200 7.2 -0.019 0.021
924.041 60.00 60.0300 6.9 -0.031 -0.020
924.091 60.00 60.0500 6.3 -0.052 -0.088
924.142 60.00 60.0300 6.9 -0.031 -0.019
924.191 60.00 60.0200 7.1 -0.023 0.007
924.240 60.00 60.0100 7.4 -0.013 0.041
924.290 60.00 60.0300 6.9 -0.029 -0.013
924.340 60.00 60.0000 7.5 -0.006 0.062
924.390 60.00 60.0300 6.9 -0.031 -0.021
924.439 60.00 60.0300 6.9 -0.029 -0.014
924.489 60.00 60.0200 7.2 -0.017 0.027
924.538 60.00 60.0300 6.8 -0.035 -0.034
924.589 60.00 60.0200 7.0 -0.025 -0.001
924.639 60.00 60.0300 6.9 -0.029 -0.014
924.689 60.00 60.0200 7.1 -0.023 0.006
924.739 60.00 60.0100 7.4 -0.013 0.039
924.787 60.00 60.0400 6.6 -0.042 -0.056
924.838 60.00 60.0000 7.7 0.000 0.080
924.888 60.00 60.0300 6.8 -0.034 -0.029
924.937 60.00 60.0300 7.0 -0.027 -0.009
924.987 60.00 60.0300 6.9 -0.029 -0.016
925.036 60.00 60.0200 7.1 -0.021 0.012
925.087 60.00 60.0200 7.1 -0.023 0.004
925.137 60.00 60.0200 7.2 -0.019 0.018
925.186 60.00 60.0200 7.1 -0.023 0.004
925.237 60.00 60.0100 7.3 -0.013 0.038
925.286 60.00 60.0400 6.7 -0.038 -0.044
925.336 60.00 60.0200 7.1 -0.023 0.004
925.386 60.00 60.0500 6.3 -0.052 -0.092
925.435 60.00 60.0300 7.0 -0.027 -0.010
925.485 60.00 60.0200 7.2 -0.017 0.024
925.534 60.00 60.0200 7.1 -0.021 0.011
925.585 60.00 60.0300 7.0 -0.027 -0.010
925.635 60.00 60.0200 7.2 -0.019 0.017
925.684 60.00 60.0200 7.1 -0.023 0.003
925.734 60.00 60.1100 4.6 -0.115 -0.297
925.783 60.00 60.0000 7.6 -0.004 0.065
925.835 60.00 60.0300 6.9 -0.029 -0.017
925.884 60.00 60.0200 7.2 -0.017 0.024
925.933 60.00 60.0300 7.0 -0.027 -0.010
925.983 60.00 60.0300 7.0 -0.027 -0.010
926.032 60.00 60.0200 7.1 -0.021 0.010
926.083 60.00 60.0200 7.0 -0.023 0.003
926.134 60.00 60.0100 7.4 -0.008 0.050
926.184 60.00 60.0400 6.6 -0.040 -0.052
926.232 60.00 59.9900 7.8 0.004 0.090
926.281 60.00 60.0300 6.8 -0.034 -0.032
926.332 60.00 60.0100 7.4 -0.008 0.049
926.382 60.00 60.0400 6.7 -0.038 -0.046
926.432 60.00 60.0200 7.0 -0.025 -0.006
926.481 60.00 60.0200 7.0 -0.023 0.001
926.531 60.00 60.0100 7.3 -0.015 0.028
926.581 60.00 60.0200 7.0 -0.025 -0.006
926.631 60.00 60.0500 6.3 -0.050 -0.088
926.682 60.00 60.0200 7.0 -0.023 0.001
926.731 60.00 60.0200 7.1 -0.021 0.008
926.780 60.00 60.0300 6.8 -0.034 -0.033
926.829 60.00 60.0000 7.7 0.002 0.082
926.880 60.00 60.0300 6.9 -0.029 -0.020
926.930 60.00 60.0100 7.3 -0.013 0.034
926.979 60.00 60.0300 6.8 -0.031 -0.027
927.029 60.00 60.0200 7.0 -0.023 -0.000
927.078 60.00 60.0000 7.6 -0.002 0.068
927.129 60.00 60.0400 6.6 -0.038 -0.049
927.179 60.00 60.0300 6.8 -0.034 -0.035
927.229 60.00 60.0100 7.3 -0.013 0.033
927.279 60.00 60.0400 6.4 -0.046 -0.076
927.327 60.00 60.0300 6.7 -0.035 -0.041
927.378 60.00 60.0100 7.4 -0.008 0.047
927.428 60.00 60.0300 6.8 -0.034 -0.035
927.477 60.00 60.0200 7.1 -0.019 0.012
927.527 60.00 60.0100 7.2 -0.015 0.025
927.576 60.00 60.0200 7.0 -0.025 -0.009
927.627 60.00 59.9900 7.7 0.004 0.086
927.677 60.00 60.0100 7.3 -0.013 0.031
927.726 60.00 60.0100 7.3 -0.010 0.039
927.776 60.00 60.0100 7.2 -0.015 0.024
927.826 60.00 60.0100 7.3 -0.013 0.031
927.877 60.00 60.0000 7.6 -0.002 0.065
927.927 60.00 60.0300 6.8 -0.031 -0.031
927.975 60.00 60.0300 6.8 -0.029 -0.024
928.025 60.00 60.0300 6.7 -0.034 -0.038
928.074 60.00 60.0200 7.1 -0.019 0.010
928.126 60.00 60.0200 7.2 -0.017 0.017
928.176 60.00 60.0200 7.2 -0.017 0.016
928.225 60.00 60.0100 7.2 -0.015 0.022
928.274 60.00 60.0200 6.9 -0.025 -0.012
928.323 60.00 60.0000 7.6 0.000 0.070
928.374 60.00 60.0200 6.9 -0.025 -0.012
928.424 60.00 60.0300 6.9 -0.027 -0.019
928.474 60.00 60.0300 6.8 -0.031 -0.032
928.523 60.00 60.0300 6.9 -0.027 -0.019
928.573 60.00 60.0100 7.4 -0.008 0.042
928.623 60.00 60.0200 7.0 -0.023 -0.006
928.674 60.00 60.0400 6.6 -0.038 -0.053
928.723 60.00 60.0200 7.0 -0.021 0.002
928.772 60.00 59.9900 7.8 0.008 0.096
928.822 60.00 60.0300 6.8 -0.031 -0.033
928.871 60.00 60.0100 7.2 -0.015 0.021
928.922 60.00 60.0100 7.2 -0.015 0.020
928.972 60.00 60.0200 7.1 -0.019 0.007
929.021 60.00 60.0000 7.5 -0.002 0.061
929.072 60.00 60.0200 6.9 -0.025 -0.014
929.121 60.00 60.0000 7.6 0.002 0.074
929.172 60.00 59.9900 7.8 0.006 0.087
929.221 60.00 60.0200 7.0 -0.021 -0.001
929.270 60.00 60.0300 6.9 -0.027 -0.022
929.320 60.00 59.9600 8.5 0.036 0.182
929.369 60.00 60.0300 6.8 -0.027 -0.023
929.420 60.00 60.0500 6.3 -0.048 -0.091
929.470 60.00 60.0200 7.1 -0.019 0.004
929.519 60.00 60.0100 7.2 -0.015 0.018
929.569 60.00 60.0400 6.6 -0.038 -0.057
929.618 60.00 60.0400 6.4 -0.044 -0.078
929.669 60.00 60.0000 7.5 -0.002 0.059
929.720 60.00 60.0200 6.9 -0.025 -0.017
929.769 60.00 60.0300 6.7 -0.031 -0.037
929.818 60.00 60.0200 6.9 -0.025 -0.017
929.867 60.00 60.0200 7.1 -0.019 0.004
929.918 60.00 60.0300 6.8 -0.029 -0.030
929.968 60.00 60.0200 7.1 -0.019 0.004
930.017 60.00 60.0200 7.0 -0.021 -0.003
930.067 60.00 59.9800 8.2 0.023 0.140
930.116 60.00 60.0100 7.3 -0.008 0.037
930.167 60.00 60.0000 7.4 -0.006 0.044
930.217 60.00 60.0300 6.8 -0.027 -0.025
930.266 60.00 60.0200 6.9 -0.023 -0.011
930.316 60.00 59.9900 7.7 0.004 0.077
930.365 60.00 60.0300 6.8 -0.027 -0.025
930.416 60.00 60.1400 3.8 -0.140 -0.393
930.466 60.00 60.0200 7.0 -0.023 -0.010
930.516 60.00 60.0300 6.7 -0.034 -0.044
930.565 60.00 60.0000 7.5 -0.004 0.051
930.615 60.00 60.0100 7.2 -0.015 0.016
930.665 60.00 60.0400 6.5 -0.042 -0.072
930.716 60.00 60.0100 7.3 -0.010 0.030
930.765 60.00 60.0100 7.2 -0.013 0.023
930.814 60.00 60.0200 7.1 -0.017 0.009
930.864 60.00 60.0200 6.9 -0.023 -0.011
930.913 60.00 60.0200 6.9 -0.025 -0.018
930.964 60.00 60.0200 7.1 -0.017 0.009
931.014 60.00 60.0300 6.7 -0.034 -0.046
931.063 60.00 60.0100 7.2 -0.015 0.015
931.113 60.00 60.0100 7.3 -0.010 0.029
931.163 60.00 60.0200 7.1 -0.017 0.009
931.214 60.00 60.0200 7.1 -0.017 0.008
931.263 60.00 60.0300 6.7 -0.034 -0.046
931.312 60.00 60.0000 7.4 -0.004 0.049
931.362 60.00 60.0200 7.0 -0.019 0.001
931.411 60.00 60.0400 6.5 -0.040 -0.067
931.462 60.00 60.0200 6.9 -0.023 -0.013
931.512 60.00 60.0100 7.3 -0.010 0.029
931.561 60.00 60.0000 7.4 -0.004 0.048
931.611 60.00 60.0000 7.4 -0.004 0.048
931.660 60.00 60.0300 6.8 -0.029 -0.034
931.711 60.00 60.0100 7.3 -0.008 0.034
931.762 60.00 60.0100 7.2 -0.013 0.020
931.811 60.00 60.0200 6.9 -0.025 -0.021
931.860 60.00 60.0200 6.9 -0.025 -0.021
931.909 60.00 60.0200 6.9 -0.023 -0.014
931.960 60.00 60.0200 7.0 -0.019 -0.000
932.010 60.00 60.0100 7.2 -0.013 0.020
932.059 60.00 60.0000 7.4 -0.006 0.041
932.110 60.00 60.0300 6.8 -0.027 -0.028
932.159 60.00 60.0000 7.5 0.000 0.060
932.209 60.00 60.0200 6.9 -0.023 -0.015
932.259 60.00 60.0200 6.8 -0.025 -0.022
932.308 60.00 60.0400 6.5 -0.038 -0.063
932.358 60.00 60.0000 7.5 -0.002 0.053
932.407 60.00 60.0200 7.0 -0.019 -0.002
932.458 60.00 60.0100 7.2 -0.010 0.026
932.508 60.00 60.0200 7.1 -0.017 0.005
932.558 60.00 60.0200 7.1 -0.017 0.005
932.607 60.00 60.0000 7.5 0.000 0.059
932.657 60.00 60.0000 7.3 -0.006 0.039
932.708 60.00 60.0000 7.5 0.000 0.058
932.757 60.00 60.0100 7.2 -0.013 0.017
932.807 60.00 60.0300 6.8 -0.027 -0.030
932.856 60.00 60.0000 7.4 -0.004 0.044
932.906 60.00 60.0000 7.5 0.000 0.058
932.956 60.00 60.0300 6.8 -0.027 -0.031
933.006 60.00 60.0000 7.6 0.002 0.064
933.056 60.00 59.9900 7.7 0.006 0.077
933.105 60.00 60.0100 7.2 -0.013 0.015
933.155 60.00 60.0200 6.9 -0.023 -0.019
933.204 60.00 60.0100 7.3 -0.008 0.029
933.255 60.00 60.0300 6.7 -0.031 -0.046
933.306 60.00 60.0000 7.4 -0.002 0.049
933.355 60.00 60.0100 7.1 -0.015 0.008
933.404 60.00 60.0000 7.3 -0.006 0.036
933.453 60.00 60.0100 7.3 -0.008 0.028
933.504 60.00 60.0200 7.0 -0.019 -0.006
933.554 60.00 60.0000 7.3 -0.006 0.035
933.603 60.00 60.0000 7.5 0.000 0.055
933.653 60.00 60.0000 7.4 -0.002 0.048
933.702 60.00 60.0300 6.8 -0.027 -0.034
933.753 60.00 59.9900 7.7 0.008 0.081
933.803 60.00 60.0100 7.1 -0.015 0.006
933.853 60.00 60.0300 6.7 -0.029 -0.042
933.903 60.00 60.0000 7.4 -0.004 0.040
933.951 60.00 60.0300 6.7 -0.029 -0.042
934.002 60.00 60.0100 7.1 -0.015 0.005
934.052 60.00 60.0200 6.9 -0.021 -0.014
934.102 60.00 60.0000 7.4 -0.004 0.040
934.152 60.00 60.0200 6.9 -0.023 -0.022
934.200 60.00 60.0200 6.8 -0.025 -0.029
934.252 60.00 60.0200 7.0 -0.017 -0.001
934.302 60.00 60.0100 7.2 -0.010 0.019
934.350 60.00 59.9800 7.9 0.015 0.100
934.400 60.00 60.0100 7.2 -0.010 0.018
934.449 60.00 60.0200 7.0 -0.019 -0.009
934.500 60.00 60.0300 6.7 -0.029 -0.043
934.550 60.00 60.0300 6.6 -0.031 -0.050
934.600 60.00 60.0000 7.5 0.002 0.059
934.649 60.00 59.9900 7.6 0.004 0.065
934.698 60.00 60.0000 7.3 -0.004 0.038
934.749 60.00 60.0100 7.2 -0.008 0.024
934.800 60.00 59.9900 7.6 0.004 0.064
934.850 60.00 60.0000 7.5 0.000 0.051
934.898 60.00 60.0100 7.0 -0.015 0.002
934.948 60.00 60.0100 7.2 -0.010 0.016
934.998 60.00 60.0100 7.1 -0.013 0.009
935.048 60.00 59.9800 8.1 0.023 0.125
935.098 60.00 59.9800 7.8 0.015 0.097
935.147 60.00 60.0000 7.4 -0.002 0.042
935.197 60.00 60.0000 7.5 0.002 0.055
935.246 60.00 60.0300 6.7 -0.027 -0.040
935.297 60.00 60.0000 7.4 0.000 0.048
935.347 60.00 60.0100 7.2 -0.008 0.021
935.397 60.00 59.9900 7.7 0.008 0.075
935.447 60.00 59.9700 8.3 0.034 0.156
935.495 60.00 59.9800 7.9 0.017 0.101
935.546 60.00 59.9900 7.7 0.010 0.080
935.596 60.00 60.0000 7.4 0.000 0.046
935.645 60.00 60.0100 7.1 -0.010 0.012
935.695 60.00 60.0000 7.4 0.000 0.045
935.744 60.00 60.0000 7.3 -0.004 0.031
935.795 60.00 59.9900 7.7 0.013 0.085
935.845 60.00 59.9700 8.2 0.031 0.146
935.894 60.00 60.0200 7.0 -0.017 -0.011
935.944 60.00 60.0100 7.1 -0.010 0.010
935.994 60.00 60.0000 7.3 -0.002 0.037
936.045 60.00 59.9900 7.6 0.006 0.063
936.095 60.00 60.0000 7.2 -0.006 0.023
936.143 60.00 59.9900 7.6 0.008 0.070
936.193 60.00 60.0100 7.2 -0.008 0.015
936.242 60.00 60.0100 7.1 -0.010 0.008
936.293 60.00 60.0200 6.9 -0.019 -0.019
936.344 60.00 60.0000 7.4 0.002 0.049
936.393 60.00 60.0000 7.4 0.002 0.049
936.443 60.00 59.9700 8.3 0.034 0.150
936.491 60.00 60.0000 7.4 0.002 0.047
936.542 60.00 60.0200 6.9 -0.019 -0.021
936.592 60.00 59.9900 7.5 0.004 0.054
936.641 60.00 59.9900 7.5 0.004 0.053
936.691 60.00 60.0300 6.6 -0.027 -0.049
936.740 60.00 60.0100 7.1 -0.010 0.006
936.791 60.00 60.0000 7.2 -0.004 0.026
936.841 60.00 59.9900 7.6 0.010 0.074
936.891 60.00 59.9900 7.5 0.004 0.052
936.941 60.00 60.0100 7.1 -0.008 0.011
936.990 60.00 60.0100 7.1 -0.008 0.011
937.040 60.00 60.0100 7.1 -0.010 0.005
937.090 60.00 60.0100 7.1 -0.010 0.005
937.140 60.00 59.9900 7.6 0.008 0.065
937.189 60.00 60.0100 7.1 -0.008 0.011
937.239 60.00 59.9900 7.5 0.004 0.051
937.288 60.00 60.0100 7.0 -0.013 -0.004
937.339 60.00 59.9800 7.8 0.019 0.099
937.389 60.00 60.0100 7.1 -0.010 0.003
937.438 60.00 59.9800 7.7 0.015 0.085
937.488 60.00 60.0000 7.2 -0.006 0.016
937.538 60.00 60.0000 7.2 -0.006 0.016
937.589 60.00 60.0700 5.5 -0.069 -0.188
937.638 60.00 59.9900 7.6 0.010 0.071
937.687 60.00 60.0100 7.1 -0.008 0.009
937.737 60.00 60.1100 4.4 -0.111 -0.325
937.786 60.00 59.9800 7.8 0.017 0.092
937.837 60.00 60.0000 7.2 -0.004 0.024
937.887 60.00 59.9800 7.7 0.015 0.085
937.936 60.00 59.9900 7.7 0.013 0.078
937.986 60.00 59.9800 7.8 0.017 0.091
938.035 60.00 60.0100 7.0 -0.013 -0.005
938.087 60.00 60.0000 7.2 -0.004 0.022
938.136 60.00 59.9800 7.9 0.021 0.104
938.185 60.00 60.0100 7.0 -0.013 -0.006
938.235 60.00 60.0100 7.0 -0.010 0.001
938.284 60.00 59.9900 7.6 0.010 0.069
938.335 60.00 60.0000 7.3 0.000 0.035
938.386 60.00 60.0100 6.9 -0.015 -0.014
938.434 60.00 59.9900 7.6 0.010 0.068
938.484 60.00 60.0100 7.1 -0.008 0.007
938.533 60.00 59.9800 7.8 0.019 0.095
938.584 60.00 60.0000 7.2 -0.004 0.020
938.634 60.00 60.0100 7.1 -0.008 0.006
938.683 60.00 60.0100 7.1 -0.008 0.006
938.733 60.00 60.0200 6.8 -0.019 -0.028
938.782 60.00 60.0000 7.2 -0.004 0.020
938.834 60.00 60.0000 7.4 0.002 0.040
938.884 60.00 59.9800 7.8 0.017 0.087
938.934 60.00 60.0200 6.8 -0.021 -0.035
938.982 60.00 60.0000 7.4 0.002 0.039
939.031 60.00 60.0100 7.0 -0.010 -0.001
939.082 60.00 60.0000 7.1 -0.006 0.012
939.132 60.00 60.0200 6.8 -0.019 -0.029
939.182 60.00 60.0300 6.6 -0.027 -0.056
939.231 60.00 60.0100 7.0 -0.013 -0.009
939.281 60.00 60.0000 7.1 -0.006 0.012
939.331 60.00 60.0000 7.2 -0.002 0.025
939.381 60.00 60.0300 6.5 -0.029 -0.063
939.431 60.00 60.0100 7.1 -0.008 0.005
939.481 60.00 60.0100 7.0 -0.010 -0.002
939.531 60.00 60.0000 7.3 0.000 0.032
939.579 60.00 60.0100 7.1 -0.008 0.005
939.632 60.00 59.9900 7.6 0.010 0.066
939.680 60.00 60.0000 7.4 0.002 0.038
939.729 60.00 59.9900 7.4 0.004 0.045
939.779 60.00 60.0000 7.1 -0.006 0.011
939.828 60.00 60.0200 6.7 -0.023 -0.044
939.880 60.00 60.0100 7.1 -0.008 0.004
939.930 60.00 60.0100 6.9 -0.015 -0.017
939.979 60.00 60.0200 6.8 -0.019 -0.030
940.028 60.00 60.0000 7.2 -0.004 0.017
940.077 60.00 60.0100 7.0 -0.013 -0.010
940.128 60.00 60.0000 7.1 -0.006 0.011
940.178 60.00 60.0100 6.9 -0.015 -0.017
940.228 60.00 60.0100 7.0 -0.010 -0.003
940.278 60.00 60.0100 7.0 -0.010 -0.003
940.326 60.00 60.0200 6.7 -0.021 -0.037
940.377 60.00 60.0100 6.9 -0.015 -0.017
940.427 60.00 60.0100 7.1 -0.008 0.003
940.476 60.00 60.0000 7.1 -0.006 0.011
940.526 60.00 60.0000 7.3 0.000 0.031
940.575 60.00 60.0400 6.2 -0.042 -0.105
940.626 60.00 60.0100 7.1 -0.008 0.003
940.676 60.00 60.0200 6.7 -0.023 -0.044
940.725 60.00 60.0200 6.7 -0.021 -0.037
940.776 60.00 60.0000 7.2 -0.002 0.024
940.825 60.00 60.0100 7.0 -0.013 -0.010
940.876 60.00 60.0000 7.2 -0.002 0.024
940.925 60.00 60.0000 7.1 -0.006 0.011
940.975 60.00 60.1000 4.6 -0.103 -0.303
941.024 60.00 60.0100 7.0 -0.013 -0.009
941.073 60.00 60.0300 6.6 -0.027 -0.056
941.124 60.00 60.0100 7.0 -0.013 -0.009
941.174 60.00 59.9900 7.4 0.004 0.045
941.224 60.00 60.0000 7.2 -0.002 0.025
941.273 60.00 59.9700 8.1 0.031 0.134
941.323 60.00 59.9900 7.4 0.004 0.044
941.373 60.00 59.9900 7.5 0.006 0.051
941.423 60.00 59.9900 7.4 0.004 0.044
941.474 60.00 60.0100 7.1 -0.008 0.003
