# time_s  setpoint_c  celsius  duty_pct  err_real  err_pred  predicted_c  rate_c_s
3.510 29.62 30.0800 0.0 -0.461 -0.833 31.69 0.1344
3.609 29.63 30.0900 0.0 -0.456 -0.776 31.67 0.1320
3.709 29.64 30.1200 0.0 -0.481 -0.870 31.80 0.1396
3.809 29.65 30.1300 0.0 -0.479 -0.824 31.78 0.1377
3.910 29.66 30.1600 0.0 -0.495 -0.871 31.87 0.1422
4.010 29.68 30.1700 0.0 -0.498 -0.854 31.88 0.1422
4.109 29.69 30.2000 0.0 -0.512 -0.891 31.95 0.1459
4.210 29.70 30.2100 0.0 -0.515 -0.873 31.96 0.1459
4.309 29.71 30.2300 0.0 -0.522 -0.877 32.00 0.1473
4.409 29.72 30.2500 0.0 -0.526 -0.864 32.02 0.1476
4.510 29.73 30.2700 0.0 -0.538 -0.895 32.08 0.1508
4.608 29.75 30.2800 0.0 -0.533 -0.840 32.06 0.1482
4.710 29.76 30.2900 0.0 -0.534 -0.819 32.07 0.1479
4.809 29.77 30.3100 0.0 -0.540 -0.820 32.10 0.1490
4.910 29.78 30.3300 0.0 -0.551 -0.847 32.16 0.1518
5.010 29.80 30.3600 0.0 -0.561 -0.873 32.21 0.1546
5.108 29.81 30.3700 0.0 -0.556 -0.819 32.19 0.1519
5.210 29.82 30.4000 0.0 -0.577 -0.900 32.30 0.1584
5.309 29.84 30.4100 0.0 -0.571 -0.845 32.28 0.1556
5.410 29.85 30.4200 0.0 -0.574 -0.833 32.29 0.1558
5.510 29.86 30.4400 0.0 -0.580 -0.837 32.33 0.1570
5.609 29.88 30.4700 0.0 -0.595 -0.892 32.41 0.1615
5.710 29.89 30.4700 0.0 -0.576 -0.773 32.32 0.1544
5.809 29.90 30.4800 0.0 -0.580 -0.770 32.35 0.1551
5.910 29.92 30.5100 0.0 -0.590 -0.799 32.40 0.1579
6.009 29.93 30.5300 0.0 -0.592 -0.791 32.42 0.1582
6.109 29.95 30.5300 0.0 -0.583 -0.726 32.39 0.1548
6.210 29.96 30.5600 0.0 -0.597 -0.775 32.47 0.1589
6.309 29.98 30.5800 0.0 -0.608 -0.812 32.53 0.1621
6.410 29.99 30.5900 0.0 -0.602 -0.761 32.51 0.1595
6.509 30.01 30.6000 0.0 -0.599 -0.728 32.50 0.1580
6.609 30.02 30.6300 0.0 -0.611 -0.772 32.57 0.1618
6.710 30.04 30.6500 0.0 -0.617 -0.788 32.62 0.1635
6.809 30.05 30.6700 0.0 -0.619 -0.779 32.63 0.1637
6.910 30.07 30.6900 0.0 -0.627 -0.804 32.69 0.1660
7.009 30.08 30.6800 0.0 -0.601 -0.656 32.56 0.1568
7.109 30.10 30.6900 0.0 -0.595 -0.613 32.55 0.1547
7.209 30.11 30.7100 0.0 -0.596 -0.607 32.57 0.1551
7.309 30.13 30.7400 0.0 -0.614 -0.684 32.67 0.1610
7.409 30.14 30.7600 0.0 -0.617 -0.688 32.70 0.1619
7.510 30.16 30.7600 0.0 -0.602 -0.598 32.64 0.1567
7.609 30.17 30.7900 0.0 -0.612 -0.637 32.70 0.1599
7.710 30.19 30.8000 0.0 -0.615 -0.643 32.74 0.1609
7.809 30.21 30.8200 0.0 -0.610 -0.609 32.73 0.1594
7.909 30.22 30.8300 0.0 -0.606 -0.578 32.72 0.1579
8.010 30.24 30.8400 0.0 -0.604 -0.559 32.73 0.1573
8.109 30.25 30.8700 0.0 -0.611 -0.589 32.79 0.1600
8.210 30.27 30.8900 0.0 -0.619 -0.618 32.84 0.1625
8.309 30.29 30.9000 0.0 -0.613 -0.581 32.83 0.1607
8.409 30.30 30.9000 0.0 -0.599 -0.503 32.78 0.1561
8.510 30.32 30.9300 0.0 -0.611 -0.556 32.85 0.1602
8.608 30.34 30.9500 0.0 -0.609 -0.544 32.87 0.1601
8.710 30.35 30.9500 0.0 -0.597 -0.475 32.82 0.1560
8.809 30.37 30.9800 0.0 -0.608 -0.529 32.90 0.1603
8.910 30.39 30.9900 0.0 -0.607 -0.519 32.92 0.1602
9.010 30.40 31.0000 0.0 -0.592 -0.438 32.86 0.1553
9.108 30.42 31.0100 0.0 -0.592 -0.436 32.88 0.1559
9.210 30.44 31.0500 0.0 -0.609 -0.518 32.99 0.1618
9.309 30.45 31.0400 0.0 -0.590 -0.422 32.92 0.1560
9.410 30.47 31.0700 0.0 -0.601 -0.474 32.99 0.1600
9.510 30.49 31.0800 0.0 -0.595 -0.440 32.98 0.1583
9.609 30.51 31.0900 0.0 -0.586 -0.396 32.96 0.1559
9.710 30.52 31.1200 0.0 -0.598 -0.455 33.05 0.1605
9.810 30.54 31.1300 0.0 -0.588 -0.402 33.02 0.1574
9.909 30.56 31.1600 0.0 -0.599 -0.459 33.10 0.1618
10.010 30.57 31.1600 0.0 -0.581 -0.366 33.03 0.1560
10.108 30.59 31.1800 0.0 -0.584 -0.379 33.07 0.1575
10.210 30.61 31.1900 0.0 -0.576 -0.345 33.05 0.1557
10.309 30.63 31.2000 0.0 -0.576 -0.346 33.08 0.1564
10.409 30.64 31.2200 0.0 -0.570 -0.319 33.08 0.1551
10.510 30.66 31.2400 0.0 -0.578 -0.361 33.14 0.1584
10.608 30.68 31.2400 0.0 -0.563 -0.283 33.09 0.1537
10.710 30.70 31.2700 0.0 -0.570 -0.328 33.15 0.1572
10.809 30.72 31.2700 0.0 -0.552 -0.237 33.09 0.1517
10.909 30.73 31.2900 0.0 -0.553 -0.248 33.12 0.1530
11.010 30.75 31.3000 0.0 -0.551 -0.243 33.14 0.1531
11.108 30.77 31.3200 0.0 -0.553 -0.261 33.18 0.1548
11.210 30.79 31.3300 0.0 -0.543 -0.212 33.16 0.1521
11.309 30.81 31.3400 0.0 -0.538 -0.195 33.16 0.1514
11.410 30.82 31.3500 0.0 -0.531 -0.170 33.16 0.1502
11.510 30.84 31.3800 0.0 -0.540 -0.219 33.23 0.1541
11.608 30.86 31.3900 0.0 -0.534 -0.193 33.23 0.1528
11.710 30.88 31.3900 0.0 -0.516 -0.110 33.17 0.1478
11.809 30.90 31.4100 0.0 -0.515 -0.117 33.20 0.1488
11.910 30.91 31.4300 0.0 -0.517 -0.135 33.24 0.1505
12.010 30.93 31.4400 0.0 -0.504 -0.078 33.20 0.1472
12.109 30.95 31.4500 0.0 -0.500 -0.069 33.22 0.1471
12.210 30.97 31.4700 0.0 -0.498 -0.070 33.24 0.1476
12.309 30.99 31.4700 0.0 -0.480 0.008 33.18 0.1429
12.410 31.01 31.4800 0.0 -0.477 0.014 33.20 0.1431
12.510 31.02 31.5000 0.0 -0.475 0.008 33.23 0.1440
12.609 31.04 31.5100 0.0 -0.464 0.050 33.21 0.1418
12.710 31.06 31.5200 0.0 -0.454 0.086 33.19 0.1399
12.809 31.08 31.5300 0.0 -0.454 0.072 33.23 0.1413
12.910 31.10 31.5400 0.0 -0.447 0.097 33.23 0.1403
13.010 31.12 31.5700 0.0 -0.453 0.048 33.30 0.1441
13.109 31.14 31.5800 0.0 -0.443 0.087 33.28 0.1419
13.210 31.15 31.5900 0.0 -0.438 0.096 33.29 0.1419
13.309 31.17 31.6000 0.0 -0.428 0.130 33.28 0.1401
13.410 31.19 31.6100 0.0 -0.422 0.147 33.29 0.1395
13.509 31.21 31.6200 0.0 -0.413 0.174 33.28 0.1382
13.609 31.23 31.6400 0.0 -0.408 0.186 33.29 0.1380
13.710 31.25 31.6500 0.0 -0.407 0.171 33.33 0.1395
13.809 31.27 31.6600 0.0 -0.396 0.210 33.31 0.1374
13.910 31.29 31.6800 0.0 -0.392 0.214 33.33 0.1377
14.010 31.30 31.6800 0.0 -0.379 0.260 33.30 0.1351
14.109 31.32 31.7100 0.0 -0.386 0.206 33.38 0.1392
14.210 31.34 31.7100 0.0 -0.366 0.292 33.32 0.1340
14.309 31.36 31.7300 0.0 -0.364 0.280 33.35 0.1354
14.410 31.38 31.7300 0.0 -0.355 0.307 33.34 0.1341
14.510 31.40 31.7600 0.0 -0.359 0.266 33.41 0.1374
14.609 31.42 31.7500 0.0 -0.336 0.364 33.33 0.1314
14.710 31.44 31.7700 0.0 -0.331 0.369 33.35 0.1316
14.809 31.46 31.7800 0.0 -0.320 0.401 33.34 0.1300
14.910 31.47 31.8000 0.0 -0.324 0.360 33.40 0.1333
15.009 31.49 31.8100 0.0 -0.317 0.377 33.40 0.1328
15.109 31.51 31.8300 0.0 -0.319 0.345 33.46 0.1354
15.210 31.53 31.8300 0.0 -0.302 0.409 33.41 0.1316
15.309 31.55 31.8500 0.0 -0.299 0.404 33.44 0.1325
15.410 31.57 31.8700 0.0 -0.295 0.400 33.47 0.1333
15.509 31.59 31.8700 0.0 -0.283 0.438 33.45 0.1313
15.609 31.61 31.8800 0.0 -0.269 0.487 33.42 0.1285
15.710 31.63 31.8800 0.0 -0.257 0.525 33.40 0.1266
15.809 31.65 31.9000 0.0 -0.248 0.544 33.41 0.1260
15.910 31.67 31.9100 0.0 -0.248 0.522 33.45 0.1280
16.009 31.69 31.9100 0.0 -0.229 0.592 33.40 0.1238
16.109 31.70 31.9300 0.0 -0.227 0.577 33.44 0.1254
16.210 31.72 31.9500 0.0 -0.230 0.539 33.50 0.1285
16.309 31.74 31.9600 0.0 -0.221 0.560 33.50 0.1277
16.410 31.76 31.9700 0.0 -0.210 0.589 33.49 0.1263
16.509 31.78 31.9800 0.0 -0.201 0.609 33.49 0.1255
16.609 31.80 32.0000 0.0 -0.195 0.615 33.50 0.1257
16.710 31.82 32.0200 0.0 -0.198 0.574 33.57 0.1290
16.809 31.84 32.0300 0.0 -0.189 0.595 33.57 0.1281
16.910 31.86 32.0400 0.0 -0.184 0.594 33.59 0.1286
17.009 31.88 32.0300 0.0 -0.155 0.715 33.49 0.1212
17.109 31.90 32.0600 0.0 -0.158 0.674 33.55 0.1245
17.210 31.92 32.0700 0.0 -0.153 0.671 33.57 0.1253
17.309 31.94 32.0600 0.0 -0.128 0.771 33.49 0.1192
17.410 31.96 32.0800 0.0 -0.124 0.763 33.52 0.1203
17.509 31.98 32.0900 0.0 -0.115 0.776 33.53 0.1200
17.609 31.99 32.1100 0.0 -0.120 0.727 33.60 0.1239
17.710 32.01 32.1200 0.0 -0.104 0.778 33.57 0.1210
17.809 32.03 32.1300 0.0 -0.092 0.811 33.56 0.1195
17.910 32.05 32.1300 0.0 -0.081 0.834 33.56 0.1184
18.010 32.07 32.1600 0.0 -0.084 0.791 33.62 0.1218
18.109 32.09 32.1500 0.0 -0.056 0.903 33.53 0.1150
18.210 32.11 32.1600 0.0 -0.048 0.911 33.54 0.1151
18.309 32.13 32.1800 0.0 -0.053 0.859 33.61 0.1192
18.410 32.15 32.1800 0.0 -0.030 0.942 33.55 0.1143
18.509 32.17 32.2000 0.0 -0.028 0.919 33.59 0.1164
18.609 32.19 32.2100 0.0 -0.025 0.908 33.63 0.1178
18.710 32.21 32.2200 0.0 -0.014 0.933 33.62 0.1167
18.809 32.23 32.2300 0.0 -0.004 0.951 33.63 0.1161
18.910 32.25 32.2300 0.0 0.014 1.010 33.59 0.1127
19.010 32.27 32.2600 0.0 0.010 0.959 33.66 0.1167
19.110 32.29 32.2700 0.0 0.018 0.965 33.67 0.1168
19.209 32.31 32.2800 0.0 0.029 0.992 33.67 0.1157
19.309 32.33 32.2800 0.0 0.044 1.034 33.64 0.1135
19.410 32.35 32.3000 0.0 0.049 1.028 33.67 0.1145
19.510 32.37 32.3000 0.0 0.061 1.060 33.66 0.1131
19.609 32.39 32.3000 0.0 0.090 1.168 33.57 0.1065
19.709 32.41 32.3100 0.0 0.091 1.137 33.62 0.1092
19.809 32.42 32.3300 0.0 0.091 1.106 33.68 0.1118
19.910 32.44 32.3400 0.0 0.102 1.128 33.67 0.1110
20.010 32.46 32.3400 0.0 0.119 1.179 33.64 0.1082
20.109 32.48 32.3500 0.0 0.130 1.197 33.65 0.1076
20.209 32.50 32.3700 0.0 0.135 1.188 33.68 0.1090
20.309 32.52 32.3700 0.0 0.153 1.245 33.64 0.1057
20.409 32.54 32.3800 0.0 0.159 1.236 33.67 0.1070
20.510 32.56 32.3900 0.0 0.177 1.293 33.63 0.1039
20.609 32.58 32.4000 0.0 0.180 1.274 33.67 0.1058
20.709 32.60 32.4100 0.0 0.188 1.274 33.69 0.1065
20.809 32.62 32.4200 0.0 0.198 1.293 33.69 0.1059
20.910 32.64 32.4300 0.2 0.215 1.341 33.67 0.1033
21.010 32.66 32.4400 0.0 0.217 1.314 33.71 0.1058
21.109 32.68 32.4400 1.0 0.244 1.412 33.63 0.0998
21.209 32.70 32.4700 0.0 0.233 1.321 33.75 0.1067
21.309 32.72 32.4600 1.1 0.263 1.432 33.66 0.0999
21.409 32.74 32.4800 0.6 0.264 1.398 33.71 0.1029
21.510 32.76 32.4800 1.1 0.279 1.438 33.69 0.1010
21.609 32.78 32.4800 1.7 0.298 1.494 33.65 0.0978
21.710 32.80 32.5000 1.0 0.295 1.439 33.73 0.1021
21.809 32.82 32.5000 1.8 0.317 1.514 33.68 0.0978
21.909 32.84 32.5100 1.8 0.327 1.522 33.69 0.0980
22.010 32.86 32.5200 1.9 0.337 1.535 33.70 0.0979
22.108 32.88 32.5300 2.2 0.351 1.563 33.69 0.0967
22.210 32.90 32.5400 2.1 0.359 1.563 33.71 0.0974
22.309 32.92 32.5500 2.2 0.368 1.568 33.72 0.0977
22.409 32.94 32.5600 2.4 0.380 1.590 33.72 0.0969
22.510 32.96 32.5700 2.4 0.390 1.601 33.73 0.0970
22.608 32.98 32.5700 2.9 0.407 1.644 33.71 0.0948
22.710 33.00 32.5900 2.4 0.407 1.606 33.77 0.0981
22.809 33.02 32.5900 2.9 0.426 1.657 33.73 0.0953
22.909 33.04 32.5800 4.3 0.458 1.781 33.63 0.0879
23.011 33.06 32.6100 3.3 0.451 1.701 33.73 0.0940
23.110 33.08 32.6200 3.2 0.458 1.696 33.76 0.0950
23.211 33.10 32.6200 4.0 0.481 1.769 33.71 0.0909
23.310 33.12 32.6200 4.3 0.495 1.797 33.70 0.0898
23.410 33.14 32.6300 4.2 0.503 1.796 33.72 0.0906
23.511 33.16 32.6500 3.9 0.507 1.773 33.76 0.0929
23.610 33.18 32.6800 2.9 0.499 1.692 33.86 0.0990
23.711 33.20 32.6600 4.3 0.532 1.813 33.76 0.0916
23.810 33.22 32.6700 4.6 0.547 1.849 33.75 0.0899
23.911 33.23 32.6700 5.2 0.567 1.903 33.71 0.0870
24.011 33.25 32.6800 5.2 0.577 1.909 33.73 0.0874
24.110 33.27 32.7000 4.8 0.579 1.877 33.78 0.0903
24.210 33.29 32.6900 5.5 0.601 1.942 33.74 0.0868
24.310 33.31 32.7100 5.0 0.602 1.902 33.79 0.0902
24.411 33.33 32.7400 4.3 0.599 1.845 33.87 0.0947
24.511 33.35 32.7200 5.7 0.634 1.978 33.76 0.0866
24.610 33.37 32.7300 5.7 0.642 1.975 33.78 0.0876
24.711 33.39 32.7300 6.2 0.661 2.024 33.75 0.0850
24.810 33.41 32.7500 5.8 0.664 1.997 33.80 0.0877
24.911 33.43 32.7600 5.9 0.676 2.012 33.81 0.0874
25.010 33.45 32.7700 5.9 0.685 2.014 33.83 0.0881
25.110 33.47 32.7500 7.3 0.720 2.145 33.71 0.0800
25.210 33.49 32.7600 7.3 0.729 2.142 33.74 0.0810
25.310 33.51 32.7800 7.1 0.737 2.136 33.76 0.0822
25.411 33.53 32.7900 6.9 0.743 2.120 33.80 0.0841
25.510 33.55 32.7900 7.4 0.763 2.173 33.77 0.0814
25.610 33.57 32.8200 6.1 0.750 2.064 33.90 0.0895
25.711 33.59 32.8000 8.1 0.794 2.237 33.74 0.0787
25.810 33.61 32.8400 6.3 0.774 2.091 33.91 0.0892
25.911 33.63 32.8200 7.7 0.808 2.216 33.80 0.0817
26.010 33.65 32.8400 7.4 0.812 2.191 33.85 0.0841
26.110 33.67 32.8300 8.4 0.840 2.286 33.77 0.0785
26.210 33.69 32.8500 7.9 0.842 2.245 33.84 0.0821
26.310 33.71 32.8500 8.2 0.857 2.275 33.82 0.0808
26.411 33.73 32.8700 8.0 0.865 2.266 33.85 0.0822
26.510 33.75 32.8900 7.1 0.859 2.189 33.95 0.0881
26.610 33.77 32.8800 8.4 0.891 2.304 33.85 0.0812
26.711 33.79 32.8900 8.5 0.904 2.323 33.86 0.0808
26.810 33.81 32.9000 8.5 0.914 2.330 33.87 0.0812
26.911 33.83 32.8800 9.9 0.949 2.455 33.77 0.0737
27.011 33.85 32.9100 8.8 0.941 2.363 33.88 0.0806
27.110 33.87 32.9100 9.3 0.960 2.412 33.85 0.0782
27.210 33.89 32.9400 8.4 0.955 2.341 33.94 0.0837
27.310 33.91 32.9300 9.3 0.980 2.421 33.88 0.0791
27.411 33.93 32.9300 9.8 1.000 2.471 33.85 0.0766
27.511 33.95 32.9700 8.3 0.984 2.346 34.00 0.0859
27.610 33.97 32.9500 9.8 1.021 2.480 33.88 0.0776
27.711 33.99 32.9700 9.3 1.023 2.444 33.94 0.0809
27.810 34.01 32.9700 9.7 1.039 2.476 33.93 0.0795
27.910 34.03 32.9800 9.9 1.053 2.502 33.92 0.0787
28.011 34.05 32.9600 11.7 1.095 2.660 33.78 0.0689
28.109 34.07 32.9800 11.0 1.095 2.605 33.86 0.0733
28.211 34.09 33.0000 10.2 1.091 2.541 33.94 0.0786
28.310 34.11 33.0000 10.6 1.109 2.583 33.92 0.0766
28.411 34.13 33.0100 10.8 1.123 2.602 33.92 0.0761
28.511 34.15 33.0200 10.7 1.132 2.598 33.94 0.0772
28.610 34.17 33.0300 10.4 1.137 2.576 33.99 0.0795
28.711 34.19 33.0400 10.8 1.155 2.615 33.97 0.0777
28.809 34.21 33.0400 10.8 1.165 2.619 33.98 0.0782
28.911 34.23 33.0400 11.4 1.187 2.680 33.94 0.0750
29.011 34.25 33.0600 10.9 1.190 2.643 34.00 0.0783
29.110 34.27 33.0500 12.1 1.221 2.750 33.91 0.0721
29.211 34.29 33.0700 11.5 1.221 2.699 33.98 0.0762
29.309 34.31 33.0600 12.6 1.252 2.803 33.90 0.0701
29.411 34.33 33.0900 11.2 1.238 2.683 34.04 0.0790
29.511 34.35 33.0900 11.8 1.259 2.741 34.00 0.0760
29.610 34.37 33.1000 12.0 1.273 2.763 34.00 0.0754
29.711 34.39 33.1100 11.7 1.279 2.745 34.04 0.0774
29.809 34.41 33.1100 12.0 1.295 2.774 34.03 0.0763
29.911 34.43 33.1200 12.2 1.309 2.794 34.03 0.0758
30.011 34.45 33.1000 13.6 1.344 2.923 33.92 0.0680
30.109 34.47 33.1500 11.5 1.320 2.748 34.12 0.0806
30.211 34.49 33.1400 12.8 1.353 2.865 34.02 0.0736
30.309 34.51 33.1500 12.3 1.355 2.825 34.08 0.0771
30.411 34.53 33.1700 12.1 1.362 2.813 34.11 0.0787
30.511 34.55 33.1700 12.4 1.378 2.844 34.10 0.0775
30.610 34.57 33.1900 11.8 1.378 2.795 34.17 0.0815
30.711 34.59 33.1800 12.7 1.405 2.880 34.10 0.0767
30.809 34.61 33.2100 11.9 1.401 2.814 34.19 0.0819
30.911 34.63 33.2100 12.4 1.421 2.866 34.16 0.0792
31.011 34.65 33.2100 12.8 1.438 2.902 34.14 0.0776
31.110 34.67 33.2300 12.4 1.441 2.869 34.19 0.0806
31.211 34.69 33.2700 10.7 1.423 2.730 34.35 0.0907
31.309 34.71 33.2500 12.0 1.455 2.847 34.26 0.0836
31.411 34.73 33.2800 11.4 1.454 2.794 34.33 0.0879
31.510 34.75 33.3000 10.7 1.452 2.741 34.40 0.0922
31.610 34.77 33.3400 8.7 1.426 2.567 34.60 0.1045
31.711 34.79 33.3100 11.5 1.484 2.818 34.37 0.0884
31.810 34.81 33.3100 12.1 1.503 2.872 34.33 0.0855
31.911 34.83 33.3300 11.3 1.500 2.808 34.42 0.0906
32.010 34.85 33.3300 12.0 1.521 2.871 34.37 0.0871
32.110 34.87 33.3500 11.1 1.516 2.799 34.46 0.0926
32.210 34.89 33.3700 11.0 1.523 2.794 34.49 0.0937
32.310 34.91 33.3700 11.5 1.542 2.846 34.46 0.0909
32.411 34.93 33.3700 12.0 1.560 2.893 34.43 0.0886
32.510 34.95 33.3900 11.2 1.554 2.823 34.52 0.0941
32.610 34.97 33.4000 11.7 1.573 2.873 34.49 0.0914
32.710 34.99 33.4100 11.4 1.578 2.852 34.53 0.0934
32.810 35.01 33.4200 11.7 1.592 2.883 34.52 0.0922
32.911 35.03 33.4400 11.1 1.591 2.834 34.59 0.0962
33.010 35.05 33.4500 11.2 1.602 2.848 34.60 0.0959
33.110 35.07 33.4500 11.9 1.623 2.907 34.56 0.0926
33.210 35.09 33.4700 11.2 1.621 2.857 34.63 0.0968
33.310 35.11 33.4700 11.6 1.635 2.887 34.62 0.0954
33.411 35.13 33.4800 11.9 1.650 2.919 34.61 0.0940
33.510 35.15 33.4800 12.3 1.667 2.965 34.58 0.0917
33.610 35.17 33.5000 12.0 1.671 2.940 34.63 0.0940
33.710 35.19 33.5100 11.7 1.675 2.915 34.67 0.0964
33.810 35.21 33.5300 11.5 1.680 2.903 34.70 0.0979
33.911 35.23 33.5500 10.8 1.677 2.847 34.78 0.1023
34.011 35.25 33.5400 12.0 1.706 2.952 34.69 0.0959
34.110 35.27 33.5500 12.0 1.716 2.959 34.71 0.0962
34.210 35.29 33.5800 11.2 1.711 2.892 34.79 0.1013
34.310 35.31 33.5800 11.8 1.730 2.949 34.76 0.0982
34.410 35.33 33.5800 12.1 1.743 2.974 34.75 0.0972
34.511 35.35 33.6100 11.2 1.736 2.898 34.85 0.1029
34.610 35.37 33.6200 11.2 1.745 2.906 34.86 0.1031
34.711 35.39 33.6400 10.8 1.747 2.877 34.91 0.1056
34.810 35.41 33.6300 11.9 1.774 2.971 34.83 0.1000
34.910 35.43 33.6500 11.4 1.775 2.938 34.89 0.1029
35.011 35.45 33.6700 11.2 1.780 2.924 34.92 0.1045
35.110 35.47 33.6800 11.4 1.791 2.944 34.92 0.1039
35.211 35.49 33.6900 11.3 1.798 2.937 34.95 0.1049
35.310 35.51 33.6900 12.0 1.818 3.000 34.91 0.1015
35.410 35.53 33.7300 10.6 1.802 2.881 35.04 0.1099
35.511 35.55 33.7100 11.9 1.833 3.003 34.94 0.1025
35.609 35.57 33.7500 10.6 1.819 2.892 35.07 0.1104
35.711 35.59 33.7600 10.7 1.827 2.898 35.09 0.1108
35.810 35.61 33.7600 11.3 1.846 2.953 35.05 0.1076
35.911 35.63 33.7800 10.9 1.848 2.929 35.10 0.1099
36.011 35.65 33.7900 11.1 1.858 2.942 35.10 0.1095
36.109 35.67 33.8100 10.7 1.859 2.914 35.15 0.1121
36.211 35.69 33.8200 10.7 1.867 2.915 35.17 0.1125
36.309 35.71 33.8300 10.8 1.876 2.926 35.18 0.1124
36.411 35.73 33.8500 10.5 1.879 2.905 35.22 0.1143
36.511 35.75 33.8700 9.9 1.877 2.861 35.29 0.1180
36.610 35.77 33.8700 10.7 1.897 2.927 35.24 0.1140
36.711 35.79 33.8900 10.6 1.902 2.921 35.27 0.1151
36.809 35.81 33.8800 11.4 1.924 2.994 35.21 0.1106
36.911 35.83 33.9000 11.1 1.927 2.976 35.25 0.1126
37.011 35.85 33.9400 9.7 1.909 2.851 35.39 0.1214
37.110 35.87 33.9400 10.6 1.932 2.933 35.33 0.1165
37.211 35.89 33.9500 10.6 1.940 2.939 35.35 0.1166
37.309 35.91 33.9600 10.6 1.947 2.941 35.37 0.1171
37.411 35.93 33.9700 10.8 1.958 2.962 35.36 0.1161
37.511 35.95 33.9900 10.2 1.955 2.914 35.43 0.1200
37.610 35.97 34.0100 10.1 1.959 2.902 35.46 0.1212
37.711 35.99 34.0100 10.7 1.977 2.962 35.43 0.1179
37.810 36.01 34.0300 10.6 1.981 2.948 35.46 0.1192
37.911 36.03 34.0600 9.6 1.972 2.873 35.55 0.1249
38.011 36.05 34.0600 9.9 1.983 2.898 35.55 0.1236
38.110 36.07 34.0800 9.7 1.987 2.887 35.58 0.1250
38.210 36.09 34.0900 9.9 1.997 2.903 35.58 0.1243
38.310 36.11 34.1000 10.3 2.009 2.937 35.57 0.1226
38.410 36.13 34.1300 9.0 1.994 2.830 35.70 0.1301
38.511 36.15 34.1400 9.7 2.012 2.892 35.66 0.1266
38.610 36.17 34.1500 9.4 2.014 2.873 35.69 0.1283
38.711 36.19 34.1700 9.4 2.019 2.869 35.72 0.1291
38.810 36.21 34.1800 9.6 2.029 2.893 35.71 0.1280
38.910 36.23 34.1900 9.8 2.039 2.909 35.72 0.1273
39.011 36.25 34.2000 9.9 2.047 2.924 35.72 0.1269
39.110 36.27 34.2000 10.5 2.063 2.972 35.69 0.1240
39.211 36.29 34.2300 9.5 2.053 2.894 35.79 0.1299
39.310 36.31 34.2300 10.3 2.074 2.967 35.74 0.1253
39.411 36.33 34.2600 9.8 2.070 2.920 35.81 0.1291
39.511 36.35 34.2900 8.9 2.061 2.848 35.90 0.1343
39.609 36.37 34.3600 5.3 2.003 2.533 36.23 0.1558
39.711 36.39 34.3600 6.2 2.023 2.611 36.17 0.1508
39.810 36.41 34.3300 9.1 2.078 2.868 35.94 0.1341
39.911 36.43 34.3300 9.6 2.093 2.917 35.91 0.1312
40.011 36.45 34.3700 8.3 2.075 2.803 36.04 0.1393
40.109 36.47 34.3700 9.3 2.098 2.888 35.98 0.1339
40.211 36.49 34.3900 9.2 2.101 2.881 36.01 0.1350
40.309 36.51 34.4000 9.4 2.111 2.904 36.00 0.1337
40.411 36.53 34.4200 9.1 2.111 2.879 36.05 0.1360
40.511 36.55 34.4200 9.8 2.130 2.945 36.00 0.1319
40.610 36.57 34.4500 9.0 2.121 2.878 36.09 0.1370
40.711 36.59 34.4600 9.0 2.126 2.876 36.11 0.1375
40.809 36.61 34.4800 9.0 2.132 2.879 36.13 0.1377
40.911 36.63 34.5100 8.0 2.119 2.793 36.23 0.1439
41.011 36.65 34.5100 8.7 2.137 2.857 36.19 0.1400
41.110 36.67 34.5400 7.9 2.128 2.788 36.28 0.1449
41.211 36.69 34.5600 7.8 2.131 2.781 36.31 0.1458
41.309 36.71 34.5800 7.2 2.125 2.729 36.38 0.1496
41.411 36.73 34.6000 7.3 2.132 2.745 36.38 0.1489
41.511 36.75 34.6000 8.0 2.148 2.803 36.34 0.1454
41.610 36.77 34.6100 8.2 2.155 2.820 36.35 0.1446
41.711 36.79 34.6100 8.9 2.173 2.887 36.30 0.1405
41.810 36.81 34.6500 7.7 2.158 2.786 36.42 0.1476
41.911 36.83 34.6800 6.8 2.147 2.712 36.52 0.1530
42.010 36.85 34.6800 7.8 2.168 2.799 36.45 0.1474
42.110 36.87 34.7100 7.1 2.159 2.733 36.53 0.1522
42.211 36.89 34.7200 7.4 2.169 2.762 36.53 0.1506
42.309 36.91 34.7300 7.8 2.181 2.801 36.51 0.1483
42.410 36.93 34.7600 6.9 2.169 2.724 36.60 0.1538
42.509 36.95 34.7500 8.1 2.195 2.832 36.52 0.1469
42.609 36.97 34.7900 7.0 2.180 2.737 36.63 0.1535
42.709 36.99 34.8000 7.3 2.188 2.761 36.63 0.1523
42.809 37.01 34.8100 7.4 2.195 2.773 36.63 0.1518
42.910 37.03 34.8300 7.6 2.202 2.791 36.64 0.1509
43.009 37.05 34.8400 7.7 2.208 2.798 36.65 0.1508
43.109 37.07 34.8600 7.5 2.209 2.788 36.68 0.1518
43.209 37.09 34.8800 7.0 2.204 2.741 36.75 0.1552
43.309 37.11 34.9000 6.8 2.205 2.728 36.78 0.1564
43.410 37.13 34.9200 6.6 2.204 2.708 36.82 0.1580
43.510 37.15 34.9300 7.0 2.215 2.745 36.80 0.1558
43.609 37.17 34.9500 7.1 2.221 2.756 36.81 0.1554
43.709 37.19 34.9600 7.5 2.231 2.791 36.80 0.1534
43.809 37.21 34.9800 6.9 2.225 2.740 36.87 0.1571
43.910 37.23 35.0000 6.9 2.229 2.743 36.88 0.1572
44.010 37.25 35.0000 7.5 2.243 2.798 36.85 0.1538
44.109 37.27 35.0300 7.1 2.239 2.759 36.91 0.1567
44.209 37.29 35.0300 8.1 2.261 2.849 36.84 0.1510
44.309 37.31 35.1100 4.0 2.194 2.495 37.21 0.1749
44.410 37.33 35.1300 4.3 2.201 2.520 37.21 0.1734
44.510 37.35 35.0900 7.3 2.256 2.785 36.96 0.1560
44.609 37.37 35.1100 7.5 2.262 2.796 36.97 0.1555
44.709 37.39 35.1400 6.6 2.251 2.722 37.07 0.1607
44.809 37.41 35.1500 6.8 2.257 2.738 37.07 0.1599
44.910 37.43 35.1700 6.7 2.259 2.730 37.10 0.1607
45.010 37.45 35.1700 7.5 2.276 2.800 37.05 0.1563
45.109 37.47 35.2000 7.0 2.271 2.758 37.11 0.1594
45.209 37.49 35.2100 7.2 2.278 2.777 37.11 0.1584
45.309 37.51 35.2400 6.6 2.270 2.723 37.18 0.1622
45.410 37.53 35.2600 6.5 2.272 2.717 37.21 0.1629
45.510 37.55 35.2800 6.1 2.268 2.682 37.27 0.1655
45.609 37.57 35.2800 6.9 2.285 2.752 37.21 0.1610
45.709 37.59 35.3100 6.4 2.280 2.714 37.27 0.1639
45.809 37.61 35.3200 6.5 2.285 2.725 37.28 0.1634
45.909 37.63 35.3400 6.7 2.291 2.738 37.29 0.1627
46.010 37.65 35.3700 5.6 2.276 2.649 37.40 0.1689
46.109 37.67 35.3800 6.2 2.288 2.698 37.37 0.1659
46.209 37.69 35.4000 6.0 2.287 2.678 37.41 0.1674
46.309 37.71 35.4100 6.2 2.294 2.701 37.41 0.1661
46.409 37.73 35.4000 7.9 2.327 2.849 37.28 0.1565
46.510 37.75 35.4500 5.8 2.293 2.664 37.48 0.1691
46.608 37.77 35.4500 7.0 2.318 2.773 37.39 0.1620
46.710 37.79 35.4800 6.4 2.310 2.722 37.46 0.1657
46.809 37.81 35.5100 5.6 2.299 2.650 37.56 0.1707
46.909 37.83 35.5200 5.8 2.304 2.664 37.56 0.1700
47.011 37.85 35.5500 5.0 2.294 2.602 37.65 0.1743
47.109 37.87 35.5600 5.9 2.311 2.678 37.59 0.1694
47.210 37.89 35.5600 6.6 2.325 2.736 37.55 0.1658
47.309 37.91 35.5900 6.0 2.317 2.684 37.62 0.1695
47.410 37.93 35.6100 6.0 2.321 2.688 37.64 0.1693
47.510 37.95 35.6200 6.0 2.323 2.686 37.66 0.1697
47.609 37.97 35.6500 5.7 2.321 2.664 37.70 0.1714
47.710 37.99 35.6600 6.0 2.328 2.689 37.70 0.1699
47.809 38.01 35.6700 6.4 2.338 2.726 37.68 0.1677
47.910 38.03 35.6900 6.0 2.333 2.688 37.74 0.1704
48.010 38.05 35.7000 6.8 2.350 2.760 37.69 0.1658
48.109 38.07 35.7100 7.0 2.357 2.782 37.68 0.1645
48.210 38.09 35.7200 7.5 2.368 2.822 37.67 0.1621
48.309 38.11 35.7600 6.2 2.348 2.707 37.80 0.1700
48.410 38.13 35.7800 6.0 2.346 2.689 37.84 0.1714
48.510 38.15 35.8000 5.6 2.343 2.660 37.89 0.1736
48.609 38.17 35.8600 3.2 2.303 2.447 38.12 0.1879
48.710 38.19 35.8200 6.6 2.363 2.746 37.84 0.1681
48.809 38.21 35.8300 7.1 2.375 2.793 37.81 0.1652
48.910 38.23 35.8600 6.4 2.366 2.734 37.89 0.1693
49.010 38.25 35.8900 5.9 2.359 2.687 37.96 0.1727
49.109 38.27 35.8800 7.6 2.391 2.834 37.83 0.1630
49.210 38.29 35.9100 6.7 2.379 2.760 37.93 0.1682
49.309 38.31 35.9300 6.4 2.376 2.731 37.98 0.1704
49.410 38.33 35.9500 6.6 2.382 2.750 37.98 0.1693
49.509 38.35 35.9700 6.4 2.380 2.731 38.02 0.1708
49.609 38.37 35.9900 6.3 2.382 2.727 38.04 0.1713
49.709 38.39 35.9800 7.4 2.403 2.822 37.96 0.1651
49.809 38.41 36.0100 7.1 2.401 2.794 38.01 0.1672
49.910 38.43 36.0200 7.2 2.404 2.800 38.03 0.1670
50.009 38.45 36.0500 6.7 2.400 2.765 38.08 0.1696
50.109 38.47 36.0300 8.6 2.435 2.930 37.94 0.1587
50.210 38.49 36.0800 7.0 2.411 2.791 38.10 0.1683
50.309 38.51 36.1000 6.6 2.405 2.752 38.16 0.1712
50.410 38.53 36.1300 6.2 2.402 2.722 38.20 0.1733
50.509 38.55 36.1400 6.2 2.404 2.723 38.22 0.1735
50.609 38.57 36.1600 6.4 2.409 2.736 38.23 0.1727
50.709 38.59 36.1800 6.1 2.407 2.715 38.27 0.1743
50.809 38.61 36.1800 7.1 2.426 2.798 38.21 0.1690
50.910 38.63 36.2000 6.8 2.424 2.777 38.25 0.1706
51.009 38.65 36.2200 6.6 2.422 2.758 38.29 0.1720
51.109 38.67 36.2500 6.3 2.420 2.736 38.33 0.1737
51.209 38.69 36.2600 6.3 2.422 2.736 38.35 0.1739
51.309 38.71 36.2800 6.6 2.429 2.760 38.35 0.1724
51.410 38.73 36.2900 7.2 2.441 2.806 38.32 0.1696
51.510 38.75 36.3100 6.9 2.439 2.785 38.36 0.1711
51.609 38.77 36.3200 7.0 2.443 2.791 38.38 0.1709
51.709 38.79 36.3400 7.3 2.450 2.817 38.37 0.1694
51.809 38.81 36.3500 7.7 2.460 2.855 38.35 0.1671
51.910 38.83 36.3800 7.1 2.452 2.800 38.43 0.1709
52.010 38.85 36.3900 7.4 2.459 2.827 38.42 0.1694
52.109 38.87 36.3900 8.2 2.477 2.901 38.37 0.1646
52.209 38.89 36.4300 7.2 2.461 2.810 38.48 0.1709
52.309 38.91 36.4300 7.9 2.476 2.872 38.44 0.1670
52.409 38.93 36.4600 7.3 2.468 2.821 38.51 0.1706
52.510 38.95 36.4600 8.3 2.489 2.911 38.44 0.1648
52.609 38.97 36.4700 8.3 2.492 2.915 38.45 0.1648
52.710 38.99 36.5000 8.1 2.491 2.892 38.49 0.1665
52.809 39.01 36.5100 8.5 2.502 2.934 38.47 0.1640
52.909 39.03 36.5300 7.9 2.493 2.875 38.55 0.1682
53.010 39.05 36.5400 8.4 2.505 2.925 38.52 0.1650
53.109 39.07 36.5500 8.8 2.515 2.962 38.51 0.1628
53.210 39.09 36.5800 8.1 2.505 2.893 38.59 0.1676
53.309 39.11 36.5900 8.5 2.515 2.934 38.57 0.1651
53.409 39.13 36.6200 7.9 2.508 2.884 38.64 0.1686
53.510 39.15 36.6200 9.0 2.529 2.976 38.57 0.1627
53.608 39.17 36.6500 8.4 2.522 2.926 38.64 0.1663
53.710 39.19 36.6700 8.2 2.522 2.910 38.68 0.1676
53.809 39.21 36.6700 9.1 2.539 2.985 38.62 0.1628
53.909 39.23 36.6800 9.1 2.543 2.987 38.64 0.1629
54.010 39.25 36.7100 8.7 2.538 2.950 38.70 0.1657
54.108 39.27 36.7100 9.6 2.558 3.033 38.63 0.1604
54.210 39.29 36.7500 8.4 2.541 2.933 38.75 0.1673
54.309 39.31 36.7500 9.1 2.556 2.994 38.71 0.1634
54.410 39.33 36.7800 8.8 2.552 2.961 38.77 0.1659
54.510 39.35 36.7900 9.2 2.562 2.998 38.75 0.1637
54.609 39.37 36.8000 9.3 2.568 3.012 38.75 0.1629
54.710 39.39 36.8100 9.6 2.576 3.037 38.75 0.1615
54.809 39.41 36.8300 9.3 2.575 3.016 38.79 0.1632
54.910 39.43 36.8500 9.6 2.581 3.035 38.79 0.1622
55.009 39.45 36.8600 9.5 2.584 3.033 38.81 0.1626
55.109 39.47 36.8700 10.0 2.595 3.073 38.79 0.1602
55.210 39.49 36.9000 9.4 2.588 3.023 38.86 0.1637
55.309 39.51 36.9100 10.0 2.602 3.076 38.83 0.1604
55.410 39.53 36.9300 9.6 2.597 3.039 38.89 0.1632
55.509 39.55 36.9400 9.9 2.607 3.071 38.88 0.1613
55.609 39.57 36.9600 9.5 2.603 3.035 38.93 0.1640
55.710 39.59 36.9800 9.5 2.605 3.034 38.95 0.1643
55.809 39.61 37.0000 9.2 2.603 3.007 39.00 0.1663
55.910 39.63 37.0000 10.2 2.622 3.093 38.93 0.1608
56.009 39.65 37.0300 9.6 2.616 3.047 39.00 0.1642
56.109 39.67 37.0600 8.8 2.605 2.976 39.09 0.1691
56.210 39.69 37.0600 10.1 2.631 3.094 38.99 0.1614
56.310 39.71 37.0600 10.7 2.645 3.145 38.96 0.1583
56.409 39.73 37.0900 10.1 2.638 3.094 39.03 0.1619
56.510 39.75 37.1000 10.2 2.643 3.104 39.04 0.1616
56.608 39.77 37.1000 11.2 2.662 3.187 38.98 0.1563
56.710 39.79 37.1400 10.3 2.650 3.108 39.08 0.1618
56.809 39.81 37.1500 10.4 2.655 3.117 39.09 0.1615
56.909 39.83 37.1700 10.6 2.661 3.134 39.09 0.1606
57.010 39.85 37.1700 11.0 2.673 3.178 39.07 0.1579
57.108 39.87 37.2000 10.7 2.671 3.149 39.12 0.1602
57.210 39.89 37.2200 10.2 2.665 3.105 39.18 0.1634
57.309 39.91 37.2200 11.2 2.685 3.190 39.12 0.1579
57.410 39.93 37.2500 10.4 2.676 3.129 39.20 0.1623
57.510 39.95 37.2500 11.3 2.695 3.205 39.14 0.1575
57.608 39.97 37.2600 11.6 2.704 3.234 39.13 0.1558
57.710 39.99 37.2900 11.0 2.696 3.176 39.21 0.1600
57.809 40.01 37.3000 11.3 2.705 3.208 39.20 0.1581
57.910 40.03 37.3300 10.5 2.695 3.141 39.29 0.1628
58.010 40.05 37.3500 10.5 2.697 3.136 39.31 0.1635
58.108 40.07 37.3600 10.7 2.705 3.160 39.31 0.1621
58.210 40.09 37.3800 10.4 2.703 3.134 39.35 0.1641
58.309 40.11 37.4000 10.7 2.711 3.159 39.35 0.1627
58.410 40.13 37.4100 11.0 2.718 3.182 39.35 0.1614
58.509 40.15 37.4200 11.5 2.731 3.229 39.32 0.1584
58.609 40.17 37.4500 10.4 2.715 3.134 39.43 0.1651
58.710 40.19 37.4700 10.6 2.721 3.150 39.44 0.1643
58.809 40.21 37.4700 11.2 2.735 3.207 39.40 0.1607
58.910 40.23 37.4800 11.7 2.746 3.246 39.38 0.1583
59.009 40.25 37.5100 10.9 2.736 3.177 39.47 0.1633
59.109 40.27 37.5300 11.0 2.742 3.191 39.48 0.1625
59.210 40.29 37.5300 11.9 2.759 3.265 39.42 0.1579
59.309 40.31 37.5500 11.6 2.758 3.240 39.47 0.1598
59.410 40.33 37.5700 11.2 2.754 3.204 39.52 0.1624
59.509 40.35 37.5800 12.0 2.772 3.281 39.47 0.1576
59.609 40.37 37.6000 11.6 2.768 3.242 39.53 0.1605
59.710 40.39 37.6100 11.7 2.773 3.251 39.54 0.1601
59.809 40.41 37.6400 11.3 2.769 3.219 39.59 0.1626
59.910 40.43 37.6600 10.8 2.765 3.179 39.65 0.1654
60.009 40.45 37.6600 11.9 2.787 3.278 39.57 0.1591
60.109 40.47 37.6900 11.4 2.781 3.229 39.64 0.1626
60.210 40.49 37.7000 11.4 2.783 3.228 39.66 0.1629
60.309 40.51 37.7300 10.9 2.778 3.187 39.72 0.1659
60.410 40.53 37.7500 10.7 2.778 3.174 39.75 0.1671
60.509 40.55 37.7600 11.0 2.785 3.197 39.75 0.1657
60.609 40.57 37.7800 10.9 2.787 3.188 39.78 0.1665
60.710 40.59 37.7900 11.5 2.801 3.245 39.74 0.1629
60.809 40.61 37.8000 11.5 2.803 3.241 39.77 0.1635
60.910 40.63 37.8200 11.4 2.805 3.238 39.79 0.1639
61.009 40.65 37.8900 8.5 2.757 2.982 40.06 0.1812
61.109 40.67 37.8700 10.9 2.800 3.189 39.88 0.1675
61.210 40.69 37.8800 11.3 2.810 3.229 39.86 0.1651
61.309 40.71 37.9000 11.2 2.812 3.223 39.88 0.1657
61.410 40.73 37.9200 10.9 2.809 3.196 39.93 0.1677
61.509 40.75 37.9400 10.4 2.803 3.155 39.99 0.1707
61.609 40.77 37.9400 11.4 2.823 3.242 39.93 0.1651
61.709 40.79 37.9800 10.3 2.807 3.147 40.04 0.1717
61.809 40.81 37.9900 10.6 2.814 3.170 40.04 0.1703
61.910 40.83 38.0100 10.6 2.816 3.171 40.06 0.1705
62.009 40.85 38.0200 11.3 2.831 3.232 40.02 0.1666
62.109 40.87 38.0400 11.1 2.830 3.214 40.05 0.1680
62.210 40.89 38.0600 10.5 2.822 3.163 40.12 0.1716
62.309 40.91 38.0600 11.6 2.844 3.261 40.05 0.1653
62.410 40.93 38.0900 11.2 2.839 3.221 40.11 0.1681
62.509 40.95 38.1000 11.8 2.852 3.273 40.07 0.1649
62.609 40.97 38.1300 10.9 2.841 3.202 40.17 0.1699
62.709 40.99 38.1500 10.7 2.839 3.181 40.21 0.1715
62.809 41.01 38.1600 10.8 2.843 3.189 40.22 0.1711
62.910 41.03 38.1800 11.1 2.850 3.215 40.21 0.1696
63.009 41.05 38.2000 10.7 2.846 3.181 40.27 0.1720
63.109 41.07 38.2700 7.5 2.793 2.905 40.56 0.1907
63.209 41.09 38.2200 11.6 2.864 3.259 40.23 0.1671
63.309 41.11 38.2500 11.2 2.860 3.224 40.28 0.1696
63.410 41.13 38.2700 10.7 2.853 3.178 40.35 0.1729
63.510 41.15 38.2800 11.2 2.864 3.223 40.32 0.1701
63.609 41.17 38.2900 11.8 2.878 3.278 40.29 0.1666
63.708 41.19 38.3500 9.5 2.841 3.080 40.51 0.1801
63.809 41.21 38.3400 11.1 2.869 3.213 40.39 0.1714
63.908 41.23 38.3500 11.3 2.876 3.236 40.39 0.1700
64.009 41.25 38.3800 10.5 2.864 3.163 40.48 0.1751
64.108 41.27 38.4000 10.5 2.866 3.164 40.50 0.1752
64.209 41.29 38.4000 11.5 2.885 3.250 40.44 0.1696
64.309 41.31 38.4700 8.8 2.841 3.016 40.69 0.1854
64.408 41.33 38.4500 10.6 2.874 3.174 40.55 0.1750
64.509 41.35 38.4700 10.6 2.876 3.177 40.57 0.1749
64.607 41.37 38.4900 10.7 2.879 3.181 40.59 0.1748
64.709 41.39 38.5000 10.9 2.885 3.198 40.59 0.1738
64.809 41.41 38.5200 10.9 2.887 3.198 40.61 0.1740
64.908 41.43 38.5500 10.1 2.874 3.127 40.70 0.1789
65.009 41.45 38.5700 10.0 2.875 3.122 40.73 0.1794
65.107 41.47 38.5900 10.3 2.882 3.146 40.72 0.1779
65.209 41.49 38.6000 10.8 2.891 3.187 40.70 0.1754
65.309 41.51 38.6100 10.7 2.893 3.184 40.72 0.1757
65.408 41.53 38.6300 10.8 2.897 3.192 40.73 0.1753
65.509 41.55 38.6600 10.0 2.884 3.120 40.83 0.1803
65.608 41.57 38.6800 10.3 2.891 3.150 40.82 0.1785
65.709 41.59 38.6900 10.4 2.895 3.159 40.83 0.1780
65.809 41.61 38.7100 10.4 2.897 3.159 40.85 0.1781
65.909 41.63 38.7400 9.9 2.890 3.115 40.91 0.1812
66.008 41.65 38.7500 10.5 2.902 3.168 40.88 0.1778
66.108 41.67 38.7700 10.2 2.898 3.142 40.93 0.1797
66.209 41.69 38.7900 9.9 2.895 3.116 40.97 0.1815
66.309 41.71 38.7800 11.8 2.929 3.280 40.83 0.1707
66.409 41.73 38.8300 9.9 2.898 3.115 41.01 0.1820
66.508 41.75 38.8400 10.4 2.908 3.155 40.99 0.1794
66.608 41.77 38.8600 10.3 2.909 3.150 41.02 0.1798
66.709 41.79 38.8800 9.9 2.903 3.116 41.07 0.1823
66.809 41.81 38.9000 10.3 2.912 3.151 41.06 0.1801
66.909 41.83 38.9100 10.4 2.914 3.155 41.07 0.1799
67.008 41.85 38.9400 9.8 2.905 3.102 41.15 0.1836
67.108 41.87 38.9700 9.4 2.899 3.067 41.20 0.1860
67.209 41.89 39.0100 8.2 2.879 2.959 41.33 0.1933
67.309 41.91 39.0500 6.9 2.858 2.849 41.46 0.2007
67.409 41.93 39.0200 9.9 2.909 3.108 41.22 0.1834
67.508 41.95 39.0500 9.4 2.902 3.063 41.28 0.1865
67.608 41.97 39.0500 10.2 2.916 3.130 41.24 0.1822
67.709 41.99 39.0800 9.5 2.907 3.077 41.31 0.1859
67.808 42.01 39.1000 9.8 2.912 3.094 41.31 0.1848
67.907 42.03 39.1200 9.3 2.904 3.052 41.37 0.1877
68.007 42.05 39.1400 9.6 2.912 3.083 41.36 0.1857
68.107 42.07 39.1600 9.2 2.905 3.044 41.42 0.1883
68.207 42.09 39.1900 8.9 2.900 3.016 41.47 0.1904
68.308 42.11 39.2100 8.7 2.897 2.996 41.51 0.1917
68.407 42.13 39.2400 8.3 2.891 2.962 41.57 0.1941
68.507 42.15 39.2500 8.5 2.895 2.981 41.57 0.1928
68.607 42.17 39.2700 8.8 2.902 3.012 41.56 0.1908
68.707 42.19 39.2800 8.9 2.904 3.018 41.57 0.1904
68.808 42.21 39.3100 8.6 2.899 2.989 41.62 0.1925
68.907 42.23 39.3200 8.9 2.904 3.013 41.61 0.1909
69.007 42.25 39.3400 8.9 2.905 3.016 41.63 0.1908
69.107 42.27 39.3600 9.2 2.910 3.034 41.63 0.1896
69.208 42.29 39.3700 9.5 2.916 3.061 41.63 0.1879
69.308 42.31 39.4000 8.6 2.902 2.987 41.72 0.1929
69.407 42.33 39.4200 8.6 2.902 2.984 41.74 0.1932
69.507 42.35 39.4600 7.5 2.884 2.892 41.86 0.1994
69.607 42.37 39.4600 8.6 2.903 2.986 41.78 0.1931
69.708 42.39 39.5000 7.5 2.883 2.884 41.90 0.2000
69.808 42.41 39.5100 8.4 2.900 2.967 41.84 0.1944
69.907 42.43 39.5300 8.1 2.894 2.935 41.89 0.1965
70.007 42.45 39.5700 7.4 2.882 2.874 41.97 0.2007
70.107 42.47 39.5900 7.3 2.880 2.867 42.00 0.2012
70.208 42.49 39.5700 9.3 2.915 3.041 41.85 0.1895
70.308 42.51 39.6700 5.0 2.841 2.666 42.24 0.2146
70.407 42.53 39.6400 7.6 2.885 2.889 42.04 0.1996
70.507 42.55 39.6600 7.8 2.889 2.909 42.04 0.1983
70.607 42.57 39.7000 6.7 2.868 2.804 42.16 0.2053
70.707 42.59 39.7200 6.8 2.870 2.820 42.17 0.2042
70.808 42.61 39.7200 7.9 2.888 2.911 42.10 0.1981
70.907 42.63 39.7500 7.0 2.873 2.834 42.19 0.2032
71.007 42.65 39.7700 7.2 2.876 2.851 42.20 0.2021
71.107 42.67 39.7900 7.5 2.879 2.868 42.20 0.2009
71.207 42.69 39.8200 7.0 2.871 2.826 42.26 0.2038
71.308 42.71 39.8300 7.5 2.879 2.867 42.24 0.2010
71.407 42.73 39.8400 7.9 2.886 2.902 42.22 0.1986
71.508 42.75 39.8700 7.5 2.878 2.864 42.28 0.2012
71.607 42.77 39.8900 7.3 2.875 2.849 42.32 0.2022
71.707 42.79 39.8800 9.2 2.908 3.015 42.17 0.1911
71.808 42.81 39.9400 6.7 2.865 2.796 42.41 0.2058
71.907 42.83 39.9600 6.6 2.863 2.789 42.44 0.2062
72.007 42.85 39.9700 7.3 2.874 2.843 42.40 0.2025
72.106 42.87 39.9900 7.5 2.877 2.859 42.41 0.2014
72.206 42.89 40.0200 6.9 2.867 2.813 42.47 0.2045
72.307 42.91 40.0300 7.6 2.878 2.866 42.44 0.2009
72.405 42.93 40.0600 6.8 2.863 2.793 42.53 0.2058
72.507 42.95 40.0800 7.2 2.870 2.832 42.52 0.2032
72.606 42.97 40.0800 8.0 2.883 2.896 42.47 0.1989
72.706 42.99 40.1300 6.7 2.861 2.785 42.60 0.2063
72.807 43.01 40.1400 7.1 2.867 2.819 42.59 0.2040
72.906 43.03 40.1600 7.0 2.865 2.810 42.62 0.2045
73.007 43.05 40.1900 6.6 2.857 2.773 42.67 0.2070
73.106 43.07 40.1900 7.9 2.879 2.886 42.58 0.1994
73.207 43.09 40.2800 3.8 2.807 2.526 42.96 0.2234
73.307 43.11 40.2300 7.8 2.874 2.871 42.64 0.2003
73.405 43.13 40.2500 7.8 2.875 2.873 42.65 0.2001
73.507 43.15 40.2700 8.1 2.880 2.900 42.65 0.1983
73.606 43.17 40.3000 7.1 2.862 2.810 42.76 0.2043
73.707 43.19 40.3000 8.8 2.891 2.954 42.63 0.1947
73.807 43.21 40.3400 7.7 2.872 2.857 42.75 0.2012
73.905 43.23 40.3500 8.1 2.879 2.896 42.73 0.1986
74.007 43.25 40.3700 7.8 2.874 2.871 42.78 0.2003
74.106 43.27 40.3900 7.8 2.874 2.870 42.80 0.2003
74.207 43.29 40.4200 7.6 2.869 2.846 42.84 0.2019
74.307 43.31 40.4300 8.2 2.880 2.899 42.81 0.1984
74.405 43.33 40.4500 8.3 2.881 2.905 42.82 0.1980
74.507 43.35 40.4700 8.1 2.878 2.887 42.86 0.1992
74.605 43.37 40.5000 7.7 2.870 2.850 42.92 0.2017
74.707 43.39 40.5100 8.3 2.881 2.906 42.88 0.1979
74.807 43.41 40.5200 8.4 2.883 2.915 42.89 0.1974
74.907 43.43 40.5400 8.7 2.887 2.932 42.90 0.1963
75.006 43.45 40.5700 8.0 2.876 2.874 42.97 0.2001
75.106 43.47 40.5800 8.4 2.883 2.911 42.96 0.1977
75.207 43.49 40.6400 6.4 2.847 2.730 43.16 0.2098
75.307 43.51 40.6200 8.6 2.886 2.927 42.98 0.1965
75.406 43.53 40.6500 8.1 2.877 2.883 43.04 0.1995
75.506 43.55 40.6600 8.6 2.886 2.925 43.02 0.1967
75.606 43.57 40.6900 8.1 2.876 2.877 43.09 0.1999
75.707 43.59 40.7200 7.7 2.869 2.839 43.15 0.2024
75.807 43.61 40.7700 5.7 2.833 2.664 43.34 0.2141
75.906 43.63 40.7500 8.3 2.878 2.889 43.14 0.1990
76.005 43.65 40.7600 8.7 2.885 2.925 43.12 0.1966
76.105 43.67 40.7900 8.4 2.879 2.896 43.17 0.1986
76.206 43.69 40.8100 8.5 2.880 2.902 43.19 0.1982
76.306 43.71 40.8300 8.4 2.880 2.898 43.21 0.1985
76.405 43.73 40.8400 8.8 2.887 2.931 43.20 0.1963
76.505 43.75 40.8700 8.4 2.879 2.891 43.26 0.1990
76.605 43.77 40.8800 8.8 2.885 2.924 43.24 0.1968
76.705 43.79 40.9000 8.8 2.886 2.925 43.26 0.1967
76.806 43.81 40.9200 9.1 2.891 2.951 43.26 0.1950
76.905 43.83 40.9400 8.7 2.884 2.912 43.32 0.1977
77.005 43.85 40.9500 9.2 2.894 2.960 43.29 0.1945
77.105 43.87 40.9700 9.4 2.897 2.976 43.29 0.1934
77.206 43.89 40.9900 9.6 2.901 2.989 43.30 0.1926
77.306 43.91 41.0200 9.0 2.891 2.936 43.37 0.1962
77.405 43.93 41.0200 10.0 2.909 3.025 43.30 0.1903
77.505 43.95 41.0500 9.3 2.898 2.967 43.38 0.1942
77.605 43.97 41.0600 9.7 2.905 3.001 43.37 0.1920
77.706 43.99 41.0800 9.6 2.904 2.991 43.40 0.1927
77.806 44.01 41.1100 9.0 2.893 2.933 43.47 0.1966
77.905 44.03 41.1200 9.8 2.908 3.008 43.42 0.1917
78.005 44.05 41.1300 10.1 2.914 3.033 43.41 0.1900
78.105 44.07 41.1600 9.8 2.908 3.001 43.47 0.1923
78.206 44.09 41.1900 9.4 2.901 2.965 43.52 0.1947
78.306 44.11 41.2000 9.4 2.902 2.967 43.54 0.1946
78.405 44.13 41.2300 9.2 2.898 2.945 43.58 0.1961
78.505 44.15 41.2300 10.0 2.914 3.020 43.53 0.1911
78.605 44.17 41.2600 9.6 2.907 2.984 43.58 0.1935
78.706 44.19 41.2600 11.0 2.931 3.101 43.49 0.1859
78.806 44.21 41.2900 10.0 2.916 3.019 43.59 0.1914
78.905 44.23 41.3100 10.3 2.922 3.046 43.58 0.1897
79.005 44.25 41.3300 10.1 2.918 3.021 43.63 0.1914
79.105 44.27 41.3100 12.1 2.954 3.197 43.47 0.1797
79.206 44.29 41.3700 9.8 2.915 2.995 43.69 0.1933
79.306 44.31 41.4000 9.6 2.911 2.976 43.73 0.1946
79.405 44.33 41.4000 10.4 2.925 3.044 43.68 0.1902
79.505 44.35 41.4200 10.2 2.923 3.029 43.72 0.1912
79.605 44.37 41.4400 10.2 2.924 3.031 43.74 0.1911
79.706 44.39 41.4700 9.9 2.920 3.005 43.78 0.1929
79.806 44.41 41.4800 10.0 2.922 3.013 43.79 0.1924
79.905 44.43 41.5000 10.4 2.929 3.047 43.78 0.1902
80.005 44.45 41.5200 10.5 2.931 3.052 43.79 0.1899
80.104 44.47 41.5400 10.3 2.929 3.036 43.83 0.1911
80.204 44.49 41.5600 10.4 2.931 3.044 43.84 0.1906
80.305 44.51 41.5600 11.2 2.944 3.107 43.80 0.1865
80.404 44.53 41.5800 11.2 2.947 3.114 43.81 0.1860
80.505 44.55 41.6100 10.7 2.939 3.069 43.88 0.1892
80.604 44.57 41.6300 10.8 2.940 3.071 43.90 0.1891
80.704 44.59 41.6200 12.4 2.970 3.216 43.77 0.1795
80.805 44.61 41.6600 10.8 2.943 3.073 43.93 0.1892
80.904 44.63 41.6400 13.5 2.991 3.306 43.72 0.1738
81.005 44.65 41.7000 11.0 2.949 3.087 43.96 0.1885
81.104 44.67 41.7200 10.8 2.947 3.072 43.99 0.1896
81.204 44.69 41.7800 8.6 2.910 2.883 44.20 0.2023
81.305 44.71 41.7500 11.1 2.953 3.098 44.01 0.1879
81.403 44.73 41.7600 11.6 2.962 3.139 43.99 0.1853
81.505 44.75 41.7800 11.8 2.966 3.154 43.99 0.1843
81.604 44.77 41.8000 11.8 2.968 3.155 44.01 0.1843
81.705 44.79 41.8200 11.8 2.969 3.155 44.03 0.1845
81.805 44.81 41.8300 12.2 2.977 3.191 44.02 0.1822
81.903 44.83 41.8600 11.4 2.965 3.120 44.11 0.1870
82.005 44.85 41.8700 12.0 2.977 3.176 44.07 0.1834
82.104 44.87 41.8900 11.9 2.976 3.167 44.10 0.1841
82.204 44.89 41.9000 12.2 2.982 3.189 44.10 0.1827
82.305 44.91 41.9200 12.2 2.983 3.186 44.12 0.1831
82.403 44.93 41.9400 12.4 2.988 3.208 44.12 0.1817
82.505 44.95 41.9800 11.2 2.969 3.101 44.25 0.1889
82.603 44.97 41.9800 12.5 2.991 3.210 44.16 0.1818
82.705 44.99 42.0000 12.1 2.986 3.175 44.21 0.1842
82.805 45.01 42.0100 12.6 2.996 3.218 44.19 0.1814
82.903 45.03 42.0300 12.5 2.997 3.216 44.21 0.1817
83.005 45.05 42.0600 11.8 2.985 3.150 44.30 0.1863
83.104 45.07 42.0700 12.3 2.995 3.195 44.27 0.1833
83.205 45.09 42.1000 11.7 2.987 3.146 44.34 0.1867
83.305 45.11 42.1400 10.5 2.966 3.036 44.47 0.1941
83.403 45.13 42.1300 12.2 2.996 3.187 44.34 0.1841
83.505 45.15 42.1600 11.5 2.985 3.123 44.42 0.1885
83.604 45.17 42.1700 12.2 2.998 3.182 44.39 0.1846
83.705 45.19 42.1700 13.1 3.015 3.264 44.32 0.1792
83.805 45.21 42.2000 12.5 3.006 3.212 44.39 0.1829
83.904 45.23 42.2200 12.5 3.008 3.212 44.42 0.1830
84.005 45.25 42.2400 12.5 3.008 3.207 44.44 0.1834
84.104 45.27 42.2500 12.7 3.012 3.221 44.45 0.1826
84.204 45.29 42.2600 13.2 3.023 3.266 44.42 0.1797
84.304 45.31 42.3000 12.1 3.006 3.174 44.53 0.1860
84.403 45.33 42.3000 13.0 3.023 3.254 44.47 0.1808
84.504 45.35 42.3300 12.5 3.015 3.208 44.54 0.1839
84.602 45.37 42.3400 12.9 3.024 3.244 44.52 0.1816
84.704 45.39 42.3700 12.5 3.018 3.210 44.58 0.1841
84.804 45.41 42.3900 12.6 3.021 3.216 44.59 0.1837
84.903 45.43 42.4100 12.6 3.022 3.213 44.61 0.1841
85.004 45.45 42.4200 12.8 3.027 3.233 44.61 0.1828
85.102 45.47 42.4400 12.8 3.027 3.228 44.64 0.1833
85.204 45.49 42.4400 13.6 3.043 3.297 44.59 0.1787
85.304 45.51 42.4700 12.9 3.033 3.243 44.66 0.1825
85.403 45.53 42.4900 12.9 3.034 3.239 44.69 0.1829
85.504 45.55 42.5100 12.7 3.032 3.223 44.72 0.1840
85.602 45.57 42.5200 13.5 3.048 3.294 44.67 0.1795
85.704 45.59 42.5500 13.0 3.040 3.248 44.74 0.1827
85.803 45.61 42.5600 13.4 3.048 3.282 44.72 0.1805
85.903 45.63 42.5900 12.9 3.040 3.234 44.79 0.1838
86.004 45.65 42.6000 12.9 3.042 3.238 44.81 0.1837
86.102 45.67 42.6100 13.7 3.057 3.304 44.76 0.1794
86.204 45.69 42.6300 13.7 3.058 3.304 44.78 0.1796
86.304 45.71 42.6600 13.2 3.051 3.260 44.85 0.1826
86.403 45.73 42.6800 12.9 3.048 3.237 44.89 0.1843
86.504 45.75 42.6900 13.2 3.054 3.258 44.89 0.1829
86.602 45.77 42.7100 13.5 3.061 3.288 44.88 0.1811
86.704 45.79 42.7400 12.9 3.052 3.234 44.95 0.1847
86.803 45.81 42.7500 13.0 3.055 3.245 44.96 0.1842
86.903 45.83 42.7800 12.7 3.051 3.216 45.01 0.1862
87.004 45.85 42.8000 12.4 3.047 3.192 45.05 0.1878
87.102 45.87 42.8100 13.2 3.061 3.260 45.01 0.1835
87.204 45.89 42.8300 12.6 3.053 3.211 45.08 0.1869
87.303 45.91 42.8500 12.8 3.057 3.225 45.08 0.1859
87.403 45.93 42.8700 12.8 3.057 3.222 45.10 0.1863
87.504 45.95 42.8900 12.9 3.060 3.230 45.12 0.1858
87.603 45.97 42.9200 12.1 3.048 3.164 45.20 0.1903
87.704 45.99 42.9200 12.9 3.062 3.231 45.16 0.1859
87.803 46.01 42.9500 12.5 3.056 3.197 45.21 0.1883
87.903 46.03 42.9600 13.1 3.068 3.250 45.18 0.1848
88.004 46.05 42.9900 12.3 3.055 3.180 45.27 0.1896
88.102 46.07 43.0100 12.3 3.054 3.172 45.29 0.1902
88.204 46.09 43.0400 12.0 3.051 3.151 45.34 0.1917
88.304 46.11 43.0600 11.8 3.048 3.132 45.37 0.1930
88.402 46.13 43.0700 12.4 3.058 3.181 45.35 0.1898
88.503 46.15 43.0900 12.5 3.061 3.191 45.36 0.1891
88.602 46.17 43.1100 12.3 3.059 3.175 45.39 0.1903
88.703 46.19 43.1300 12.0 3.054 3.147 45.44 0.1923
88.802 46.21 43.1500 12.2 3.058 3.164 45.44 0.1911
88.902 46.23 43.1700 11.9 3.053 3.134 45.49 0.1932
89.003 46.25 43.1900 12.2 3.058 3.159 45.49 0.1916
89.101 46.27 43.2100 11.8 3.053 3.128 45.54 0.1937
89.203 46.29 43.2400 11.7 3.051 3.118 45.57 0.1944
89.302 46.31 43.2400 12.3 3.062 3.172 45.54 0.1909
89.402 46.33 43.2400 13.8 3.088 3.295 45.43 0.1827
89.503 46.35 43.2900 12.2 3.062 3.159 45.59 0.1919
89.601 46.37 43.3000 12.3 3.064 3.166 45.60 0.1915
89.703 46.39 43.3500 10.7 3.037 3.027 45.76 0.2008
89.802 46.41 43.3500 12.1 3.060 3.145 45.66 0.1929
89.902 46.43 43.3700 12.0 3.059 3.134 45.69 0.1937
90.003 46.45 43.3900 11.7 3.054 3.107 45.74 0.1955
90.102 46.47 43.4300 10.4 3.033 3.000 45.87 0.2028
90.203 46.49 43.4400 11.6 3.052 3.095 45.79 0.1964
90.302 46.51 43.4600 11.1 3.044 3.053 45.85 0.1992
90.402 46.53 43.4900 11.0 3.042 3.043 45.88 0.1998
90.503 46.55 43.5100 10.9 3.040 3.038 45.91 0.2002
90.602 46.57 43.5200 11.2 3.045 3.060 45.91 0.1987
90.703 46.59 43.5600 9.9 3.022 2.945 46.04 0.2064
90.802 46.61 43.5700 10.7 3.035 3.013 45.99 0.2018
90.902 46.63 43.5900 11.0 3.041 3.041 45.99 0.1999
91.003 46.65 43.6200 10.3 3.028 2.981 46.07 0.2040
91.102 46.67 43.6400 10.3 3.028 2.980 46.09 0.2040
91.203 46.69 43.6600 10.1 3.023 2.954 46.13 0.2057
91.302 46.71 43.6800 10.6 3.031 2.997 46.11 0.2028
91.402 46.73 43.6900 10.9 3.036 3.023 46.10 0.2011
91.503 46.75 43.7100 11.1 3.039 3.042 46.10 0.1998
91.602 46.77 43.7300 10.7 3.032 3.006 46.16 0.2021
91.703 46.79 43.7500 10.8 3.032 3.009 46.18 0.2020
91.802 46.81 43.7800 10.2 3.023 2.960 46.25 0.2052
91.902 46.83 43.8100 9.9 3.017 2.936 46.29 0.2068
92.003 46.85 43.8200 10.2 3.022 2.962 46.28 0.2050
92.102 46.87 43.8400 10.3 3.023 2.967 46.30 0.2046
92.203 46.89 43.8700 10.0 3.017 2.940 46.35 0.2064
92.302 46.91 43.8700 11.1 3.035 3.031 46.28 0.2003
92.401 46.93 43.9000 10.5 3.025 2.981 46.35 0.2036
92.501 46.95 43.9400 9.7 3.010 2.911 46.44 0.2083
92.601 46.97 43.9500 9.9 3.012 2.925 46.44 0.2073
92.702 46.99 43.9800 9.6 3.005 2.892 46.49 0.2094
92.801 47.01 44.0100 9.3 3.001 2.873 46.53 0.2107
92.901 47.03 44.0100 10.3 3.016 2.952 46.47 0.2053
93.001 47.05 44.0400 10.1 3.012 2.934 46.51 0.2065
93.101 47.07 44.0700 9.5 3.001 2.882 46.58 0.2099
93.202 47.09 44.0800 9.6 3.002 2.892 46.59 0.2091
93.301 47.11 44.1100 9.3 2.995 2.861 46.65 0.2111
93.401 47.13 44.1300 9.7 3.001 2.895 46.63 0.2088
93.502 47.15 44.1500 9.8 3.001 2.899 46.65 0.2085
93.601 47.17 44.1800 8.8 2.984 2.817 46.75 0.2139
93.702 47.19 44.2000 9.3 2.990 2.855 46.73 0.2113
93.802 47.21 44.2200 9.2 2.988 2.848 46.76 0.2117
93.900 47.23 44.2400 9.1 2.985 2.836 46.79 0.2124
94.002 47.25 44.2700 9.0 2.982 2.825 46.82 0.2130
94.101 47.27 44.2900 8.8 2.977 2.807 46.86 0.2142
94.202 47.29 44.2900 9.8 2.993 2.895 46.79 0.2082
94.302 47.31 44.3300 8.7 2.972 2.793 46.91 0.2150
94.401 47.33 44.3600 8.7 2.971 2.792 46.93 0.2149
94.502 47.35 44.3800 8.6 2.968 2.783 46.96 0.2154
94.601 47.37 44.4000 8.5 2.965 2.775 46.99 0.2158
94.702 47.39 44.4200 8.7 2.966 2.786 47.00 0.2150
94.801 47.41 44.4400 8.7 2.965 2.787 47.02 0.2148
94.901 47.43 44.4200 10.9 3.002 2.980 46.85 0.2019
95.002 47.45 44.4900 8.6 2.960 2.771 47.08 0.2158
95.101 47.47 44.5000 8.9 2.964 2.796 47.07 0.2140
95.202 47.49 44.5300 8.4 2.954 2.753 47.13 0.2168
95.302 47.51 44.5400 9.0 2.964 2.805 47.10 0.2132
95.401 47.53 44.5700 9.0 2.962 2.801 47.13 0.2134
95.502 47.55 44.6000 8.0 2.943 2.715 47.23 0.2190
95.601 47.57 44.6100 9.0 2.958 2.798 47.17 0.2134
95.702 47.59 44.6400 8.4 2.947 2.743 47.24 0.2169
95.801 47.61 44.6500 8.9 2.953 2.785 47.22 0.2141
95.901 47.63 44.6900 7.8 2.933 2.687 47.34 0.2205
96.002 47.65 44.7000 8.7 2.947 2.765 47.28 0.2151
96.101 47.67 44.7300 8.5 2.941 2.745 47.32 0.2164
96.202 47.69 44.7500 8.4 2.939 2.738 47.35 0.2167
96.301 47.71 44.7700 8.6 2.940 2.751 47.36 0.2157
96.401 47.73 44.7900 8.6 2.939 2.753 47.37 0.2155
96.500 47.75 44.8100 8.5 2.935 2.738 47.41 0.2164
96.601 47.77 44.8400 8.3 2.930 2.718 47.45 0.2176
96.701 47.79 44.8500 8.7 2.936 2.755 47.43 0.2150
96.800 47.81 44.8900 8.0 2.922 2.692 47.51 0.2192
96.900 47.83 44.9000 8.4 2.927 2.723 47.50 0.2169
97.000 47.85 44.9100 8.9 2.934 2.769 47.48 0.2138
97.101 47.87 44.9400 8.3 2.922 2.713 47.55 0.2174
97.200 47.89 44.9600 8.4 2.922 2.720 47.57 0.2168
97.301 47.91 45.0000 7.8 2.910 2.666 47.64 0.2203
97.400 47.93 45.0000 8.9 2.927 2.758 47.57 0.2140
97.500 47.95 45.0300 8.6 2.921 2.733 47.61 0.2156
97.601 47.97 45.0500 8.3 2.914 2.706 47.66 0.2173
97.700 47.99 45.0700 8.4 2.914 2.716 47.67 0.2166
97.801 48.01 45.0900 8.8 2.918 2.740 47.67 0.2148
97.900 48.03 45.1000 9.3 2.925 2.783 47.64 0.2119
98.001 48.05 45.1200 9.3 2.924 2.782 47.66 0.2118
98.101 48.07 45.1400 9.4 2.925 2.792 47.67 0.2111
98.200 48.09 45.1700 8.8 2.914 2.738 47.75 0.2147
98.301 48.11 45.1800 9.7 2.927 2.813 47.69 0.2095
98.400 48.13 45.2100 9.2 2.918 2.768 47.76 0.2125
98.501 48.15 45.2300 9.3 2.918 2.774 47.77 0.2120
98.601 48.17 45.2400 9.8 2.926 2.822 47.75 0.2087
98.700 48.19 45.2900 8.2 2.897 2.677 47.91 0.2183
98.801 48.21 45.3000 9.1 2.911 2.756 47.85 0.2129
98.899 48.23 45.3100 9.5 2.917 2.789 47.84 0.2107
99.001 48.25 45.3800 6.7 2.867 2.547 48.10 0.2267
99.101 48.27 45.3500 9.8 2.919 2.815 47.85 0.2087
99.200 48.29 45.3700 9.6 2.914 2.793 47.89 0.2101
99.301 48.31 45.4000 9.4 2.909 2.775 47.93 0.2112
99.399 48.33 45.4200 9.5 2.909 2.778 47.95 0.2109
99.501 48.35 45.4400 9.2 2.904 2.757 47.99 0.2123
99.600 48.37 45.4700 9.1 2.900 2.740 48.03 0.2133
99.700 48.39 45.4900 9.0 2.897 2.730 48.06 0.2139
99.801 48.41 45.5200 8.4 2.885 2.675 48.13 0.2174
99.899 48.43 45.5300 9.3 2.899 2.755 48.07 0.2120
100.001 48.45 45.5500 9.5 2.901 2.770 48.08 0.2109
100.100 48.47 45.5600 9.6 2.902 2.780 48.09 0.2102
100.200 48.49 45.5900 9.4 2.897 2.760 48.13 0.2114
100.301 48.51 45.6100 9.6 2.899 2.774 48.13 0.2104
100.400 48.53 45.6300 9.4 2.895 2.755 48.17 0.2116
100.501 48.55 45.6500 9.6 2.898 2.775 48.17 0.2102
100.600 48.57 45.6700 9.7 2.898 2.778 48.19 0.2099
100.699 48.59 45.7000 9.0 2.885 2.718 48.27 0.2139
100.800 48.61 45.7100 9.5 2.892 2.759 48.25 0.2110
100.899 48.63 45.7300 9.7 2.894 2.776 48.25 0.2098
101.000 48.65 45.7600 9.4 2.888 2.746 48.30 0.2118
101.099 48.67 45.7700 9.8 2.893 2.778 48.29 0.2096
101.199 48.69 45.8000 9.3 2.884 2.737 48.35 0.2122
101.300 48.71 45.8200 9.3 2.882 2.731 48.38 0.2125
101.399 48.73 45.8400 9.8 2.891 2.779 48.35 0.2092
101.500 48.75 45.8600 9.9 2.891 2.786 48.36 0.2088
101.599 48.77 45.9300 7.0 2.839 2.530 48.64 0.2258
101.699 48.79 45.9000 10.0 2.889 2.791 48.40 0.2082
101.799 48.81 45.9200 9.8 2.884 2.770 48.44 0.2096
101.899 48.83 45.9400 9.9 2.886 2.781 48.45 0.2087
102.000 48.85 45.9600 10.3 2.891 2.810 48.44 0.2067
102.099 48.87 45.9600 11.4 2.910 2.909 48.36 0.2001
102.199 48.89 46.0000 9.8 2.882 2.768 48.52 0.2095
102.299 48.91 46.0300 9.5 2.876 2.739 48.57 0.2114
102.399 48.93 46.0500 9.8 2.880 2.766 48.56 0.2095
102.500 48.95 46.0600 10.1 2.883 2.782 48.56 0.2083
102.599 48.97 46.1000 9.4 2.870 2.721 48.65 0.2124
102.699 48.99 46.1100 9.9 2.877 2.765 48.62 0.2094
102.800 49.01 46.1400 9.6 2.871 2.738 48.67 0.2111
102.899 49.03 46.1600 9.5 2.869 2.730 48.70 0.2115
102.999 49.05 46.1800 9.6 2.869 2.737 48.71 0.2110
103.100 49.07 46.2000 9.7 2.870 2.743 48.72 0.2105
103.198 49.09 46.2200 9.4 2.864 2.718 48.77 0.2121
103.300 49.11 46.2400 9.8 2.869 2.747 48.76 0.2101
103.399 49.13 46.2600 9.6 2.864 2.727 48.80 0.2114
103.500 49.15 46.2700 10.3 2.875 2.788 48.76 0.2072
103.600 49.17 46.3000 9.6 2.862 2.726 48.84 0.2114
103.698 49.19 46.3200 10.1 2.870 2.772 48.81 0.2082
103.800 49.21 46.3300 10.3 2.872 2.782 48.82 0.2074
103.899 49.23 46.3500 10.3 2.872 2.786 48.84 0.2072
104.000 49.25 46.3800 10.2 2.869 2.775 48.87 0.2079
104.100 49.27 46.4100 9.6 2.858 2.723 48.94 0.2112
104.198 49.29 46.4100 10.6 2.873 2.802 48.88 0.2059
104.300 49.31 46.4800 8.1 2.829 2.587 49.12 0.2202
104.398 49.33 46.4600 10.5 2.869 2.794 48.93 0.2063
104.500 49.35 46.4800 10.2 2.863 2.765 48.98 0.2082
104.600 49.37 46.4900 10.9 2.874 2.823 48.94 0.2042
104.698 49.39 46.5300 9.8 2.854 2.727 49.06 0.2106
104.799 49.41 46.5500 10.0 2.857 2.743 49.06 0.2094
104.897 49.43 46.5600 10.3 2.862 2.775 49.05 0.2073
104.999 49.45 46.5900 10.2 2.859 2.761 49.09 0.2081
105.099 49.47 46.6000 10.4 2.862 2.779 49.09 0.2069
105.198 49.49 46.6400 9.8 2.850 2.720 49.17 0.2108
105.299 49.51 46.6500 10.0 2.852 2.738 49.17 0.2095
105.397 49.53 46.6600 10.8 2.865 2.805 49.12 0.2050
105.499 49.55 46.6900 10.4 2.857 2.767 49.18 0.2075
105.598 49.57 46.7100 10.2 2.854 2.755 49.21 0.2082
105.698 49.59 46.7300 10.2 2.853 2.751 49.24 0.2084
105.799 49.61 46.7500 10.7 2.860 2.793 49.21 0.2056
105.898 49.63 46.7800 10.1 2.850 2.743 49.28 0.2088
105.999 49.65 46.8000 10.0 2.847 2.733 49.31 0.2095
106.098 49.67 46.8200 10.3 2.850 2.753 49.31 0.2081
106.198 49.69 46.8400 9.9 2.844 2.722 49.36 0.2101
106.299 49.71 46.8600 10.2 2.848 2.747 49.36 0.2084
106.398 49.73 46.9100 8.7 2.819 2.607 49.52 0.2176
106.499 49.75 46.9000 10.2 2.844 2.738 49.41 0.2088
106.598 49.77 46.9300 10.1 2.840 2.725 49.44 0.2096
106.698 49.79 46.9400 10.3 2.843 2.743 49.44 0.2084
106.798 49.81 46.9700 10.2 2.841 2.734 49.47 0.2089
106.898 49.83 46.9700 11.4 2.861 2.841 49.39 0.2017
106.999 49.85 47.0000 10.8 2.851 2.790 49.46 0.2051
107.098 49.87 47.0200 10.4 2.842 2.748 49.52 0.2079
107.198 49.89 47.0400 10.6 2.845 2.763 49.52 0.2068
107.298 49.91 47.0300 12.3 2.875 2.915 49.39 0.1966
107.398 49.93 47.1100 9.2 2.820 2.639 49.69 0.2150
107.499 49.95 47.1100 10.4 2.840 2.746 49.60 0.2078
107.599 49.97 47.1200 10.8 2.846 2.781 49.59 0.2055
107.698 49.99 47.1500 10.5 2.840 2.750 49.64 0.2075
107.798 50.01 47.1600 11.2 2.851 2.809 49.60 0.2035
107.898 50.03 47.1800 10.9 2.846 2.787 49.64 0.2049
107.999 50.05 47.2100 10.4 2.837 2.741 49.71 0.2079
108.099 50.07 47.2300 10.7 2.840 2.760 49.71 0.2066
108.198 50.09 47.2500 10.5 2.837 2.747 49.74 0.2074
108.298 50.11 47.2600 11.3 2.849 2.812 49.69 0.2031
108.398 50.13 47.2900 10.7 2.838 2.759 49.77 0.2066
108.499 50.15 47.3000 11.3 2.849 2.814 49.73 0.2029
108.599 50.17 47.3300 11.0 2.842 2.781 49.79 0.2051
108.698 50.19 47.3400 11.1 2.844 2.794 49.79 0.2041
108.797 50.21 47.3800 10.3 2.829 2.723 49.88 0.2088
108.897 50.23 47.3900 10.9 2.838 2.770 49.86 0.2057
108.998 50.25 47.4000 11.3 2.845 2.805 49.84 0.2033
109.098 50.27 47.4400 10.5 2.830 2.734 49.93 0.2080
109.197 50.29 47.4400 11.3 2.843 2.803 49.88 0.2033
109.297 50.31 47.4700 11.2 2.841 2.795 49.91 0.2039
109.397 50.33 47.4900 10.8 2.834 2.760 49.97 0.2062
109.498 50.35 47.5000 11.4 2.843 2.805 49.94 0.2031
109.598 50.37 47.5300 11.1 2.837 2.780 49.99 0.2048
109.697 50.39 47.5400 11.5 2.843 2.811 49.98 0.2027
109.797 50.41 47.5700 11.3 2.839 2.792 50.01 0.2039
109.897 50.43 47.5900 11.3 2.840 2.797 50.03 0.2036
109.997 50.45 47.6000 11.5 2.842 2.809 50.04 0.2028
110.098 50.47 47.6200 11.5 2.842 2.808 50.06 0.2027
110.197 50.49 47.6500 11.3 2.838 2.790 50.10 0.2040
110.298 50.51 47.6300 13.8 2.881 3.009 49.90 0.1894
110.397 50.53 47.6600 12.7 2.863 2.912 50.01 0.1959
110.497 50.55 47.7000 11.8 2.847 2.834 50.11 0.2011
110.598 50.57 47.7600 9.3 2.802 2.609 50.36 0.2161
110.696 50.59 47.7400 12.1 2.850 2.851 50.13 0.1998
110.798 50.61 47.7300 13.5 2.875 2.978 50.03 0.1914
110.897 50.63 47.7700 12.7 2.861 2.906 50.12 0.1963
110.997 50.65 47.7600 14.0 2.884 3.016 50.03 0.1889
111.098 50.67 47.8200 12.1 2.851 2.849 50.22 0.2001
111.196 50.69 47.8200 12.9 2.865 2.920 50.17 0.1954
111.298 50.71 47.8600 11.8 2.847 2.826 50.28 0.2017
111.397 50.73 47.8700 12.4 2.857 2.877 50.25 0.1983
111.498 50.75 47.9000 12.0 2.850 2.841 50.31 0.2007
111.598 50.77 47.9000 13.0 2.867 2.925 50.24 0.1951
111.696 50.79 47.9300 12.6 2.860 2.893 50.29 0.1973
111.798 50.81 47.9400 13.0 2.866 2.921 50.29 0.1955
111.896 50.83 47.9600 13.2 2.870 2.936 50.29 0.1944
111.998 50.85 47.9900 12.7 2.861 2.892 50.35 0.1974
112.098 50.87 48.0100 12.3 2.856 2.865 50.40 0.1993
112.197 50.89 48.0400 11.6 2.843 2.798 50.49 0.2037
112.297 50.91 48.0400 12.8 2.862 2.898 50.41 0.1970
112.397 50.93 48.0700 12.5 2.859 2.878 50.45 0.1984
112.498 50.95 48.0900 12.4 2.857 2.869 50.48 0.1990
112.598 50.97 48.1100 12.4 2.856 2.865 50.50 0.1993
112.697 50.99 48.1200 13.0 2.866 2.914 50.47 0.1960
112.797 51.01 48.1500 12.4 2.856 2.860 50.55 0.1996
112.896 51.03 48.1600 13.0 2.867 2.917 50.51 0.1958
112.996 51.05 48.1500 14.9 2.900 3.078 50.37 0.1851
113.097 51.07 48.2000 12.7 2.863 2.887 50.58 0.1980
113.196 51.09 48.2300 12.5 2.859 2.870 50.62 0.1991
113.297 51.11 48.2400 13.2 2.871 2.926 50.58 0.1954
113.396 51.13 48.2500 13.5 2.876 2.952 50.57 0.1937
113.496 51.15 48.2700 13.3 2.873 2.936 50.61 0.1948
113.597 51.17 48.2900 13.5 2.877 2.949 50.62 0.1940
113.695 51.19 48.3100 13.5 2.877 2.950 50.64 0.1939
113.797 51.21 48.3400 13.0 2.869 2.906 50.70 0.1969
113.896 51.23 48.3600 13.2 2.872 2.918 50.71 0.1961
113.997 51.25 48.3700 13.6 2.880 2.959 50.69 0.1934
114.097 51.27 48.3900 13.4 2.876 2.938 50.73 0.1949
114.195 51.29 48.4100 13.4 2.877 2.937 50.75 0.1950
114.297 51.31 48.4300 13.3 2.876 2.930 50.78 0.1954
114.396 51.33 48.4500 13.2 2.874 2.920 50.81 0.1962
114.497 51.35 48.4700 13.5 2.879 2.943 50.80 0.1947
114.597 51.37 48.4900 13.3 2.875 2.924 50.84 0.1959
114.695 51.39 48.4900 14.4 2.896 3.025 50.76 0.1893
114.797 51.41 48.5200 14.0 2.889 2.986 50.82 0.1920
114.895 51.43 48.5500 13.5 2.880 2.940 50.89 0.1950
114.997 51.45 48.5600 13.6 2.882 2.946 50.90 0.1947
115.097 51.47 48.5900 13.4 2.880 2.935 50.93 0.1955
115.196 51.49 48.6100 13.5 2.881 2.937 50.95 0.1953
115.297 51.51 48.6300 13.2 2.876 2.911 51.00 0.1971
115.395 51.53 48.6500 13.3 2.879 2.924 51.00 0.1963
115.497 51.55 48.6700 13.3 2.879 2.920 51.03 0.1965
115.596 51.57 48.6800 13.5 2.882 2.935 51.03 0.1956
115.696 51.59 48.7100 13.5 2.882 2.932 51.05 0.1958
115.797 51.61 48.7200 13.7 2.885 2.948 51.06 0.1947
115.896 51.63 48.7400 13.6 2.884 2.938 51.09 0.1955
115.997 51.65 48.7600 13.6 2.885 2.945 51.10 0.1950
116.096 51.67 48.7800 13.5 2.883 2.929 51.14 0.1961
116.196 51.69 48.8000 13.9 2.891 2.969 51.12 0.1935
116.296 51.71 48.8100 14.1 2.894 2.981 51.13 0.1927
116.396 51.73 48.8400 13.6 2.885 2.936 51.19 0.1958
116.497 51.75 48.8500 14.3 2.898 2.996 51.15 0.1918
116.596 51.77 48.8700 14.1 2.895 2.981 51.19 0.1929
116.696 51.79 48.8900 14.3 2.899 2.996 51.19 0.1919
116.796 51.81 48.9100 13.9 2.893 2.964 51.24 0.1941
116.896 51.83 48.9300 14.1 2.896 2.977 51.25 0.1933
116.996 51.85 48.9200 15.9 2.928 3.135 51.11 0.1828
117.096 51.87 48.9800 13.6 2.889 2.931 51.34 0.1965
117.195 51.89 48.9900 13.8 2.893 2.950 51.34 0.1952
117.295 51.91 49.0200 13.7 2.891 2.940 51.37 0.1960
117.395 51.93 49.0400 13.7 2.891 2.936 51.39 0.1963
117.495 51.95 49.0500 14.2 2.900 2.978 51.37 0.1935
117.596 51.97 49.0700 13.7 2.892 2.939 51.43 0.1961
117.695 51.99 49.0900 14.0 2.898 2.964 51.42 0.1945
117.796 52.01 49.1100 14.2 2.901 2.977 51.43 0.1936
117.895 52.03 49.1300 13.9 2.897 2.955 51.47 0.1951
117.995 52.05 49.1600 13.3 2.887 2.903 51.54 0.1986
118.096 52.07 49.1700 14.1 2.899 2.965 51.50 0.1945
118.195 52.09 49.1900 14.0 2.898 2.956 51.53 0.1951
118.296 52.11 49.2100 13.8 2.895 2.941 51.57 0.1962
118.395 52.13 49.2300 13.7 2.894 2.934 51.59 0.1967
118.495 52.15 49.2500 13.8 2.895 2.937 51.61 0.1965
118.596 52.17 49.2800 13.4 2.888 2.900 51.67 0.1990
118.694 52.19 49.2900 14.1 2.900 2.960 51.63 0.1950
118.796 52.21 49.3100 13.8 2.896 2.936 51.67 0.1966
118.895 52.23 49.3400 13.5 2.890 2.907 51.72 0.1986
118.996 52.25 49.3600 13.3 2.887 2.890 51.76 0.1997
119.096 52.27 49.3700 13.8 2.895 2.929 51.74 0.1971
119.194 52.29 49.4000 13.2 2.886 2.884 51.80 0.2002
119.296 52.31 49.4100 14.0 2.898 2.947 51.76 0.1960
119.394 52.33 49.4500 12.8 2.878 2.841 51.89 0.2030
119.496 52.35 49.4600 13.5 2.890 2.906 51.84 0.1987
119.596 52.37 49.4800 13.1 2.882 2.864 51.90 0.2015
119.695 52.39 49.5100 12.8 2.878 2.842 51.94 0.2030
119.796 52.41 49.5300 13.0 2.881 2.861 51.95 0.2017
119.894 52.43 49.5400 13.2 2.883 2.871 51.96 0.2010
119.996 52.45 49.5600 13.1 2.882 2.865 51.98 0.2014
120.095 52.47 49.5800 13.7 2.891 2.912 51.95 0.1982
120.195 52.49 49.6200 12.2 2.866 2.788 52.10 0.2066
120.296 52.51 49.6300 13.1 2.880 2.856 52.05 0.2019
120.394 52.53 49.6400 13.4 2.886 2.888 52.04 0.1998
120.496 52.55 49.6700 12.8 2.875 2.833 52.11 0.2035
120.595 52.57 49.6900 12.7 2.872 2.823 52.14 0.2041
120.695 52.59 49.7100 13.0 2.878 2.850 52.14 0.2023
120.795 52.61 49.7200 13.4 2.884 2.883 52.12 0.2001
120.895 52.63 49.7400 13.3 2.882 2.874 52.15 0.2006
120.996 52.65 49.7600 13.6 2.886 2.894 52.15 0.1994
121.095 52.67 49.7900 13.3 2.881 2.866 52.20 0.2012
121.194 52.69 49.8200 12.7 2.871 2.818 52.27 0.2044
121.294 52.71 49.8300 13.0 2.875 2.840 52.27 0.2029
121.395 52.73 49.8600 12.3 2.862 2.777 52.35 0.2071
121.495 52.75 49.8700 12.9 2.872 2.830 52.32 0.2035
121.595 52.77 49.9000 12.4 2.864 2.789 52.38 0.2062
121.693 52.79 49.9700 10.0 2.821 2.580 52.61 0.2201
121.795 52.81 49.9500 12.3 2.859 2.774 52.43 0.2070
121.894 52.83 49.9600 12.6 2.863 2.798 52.43 0.2054
121.995 52.85 49.9900 12.1 2.854 2.757 52.49 0.2081
122.095 52.87 50.0100 12.6 2.861 2.795 52.47 0.2055
122.193 52.89 50.0300 12.5 2.859 2.789 52.50 0.2059
122.295 52.91 50.0500 12.4 2.856 2.773 52.53 0.2069
122.393 52.93 50.0700 12.6 2.860 2.796 52.53 0.2053
122.495 52.95 50.1200 10.8 2.827 2.633 52.71 0.2161
122.595 52.97 50.1200 11.9 2.845 2.730 52.64 0.2096
122.693 52.99 50.1500 11.8 2.841 2.714 52.67 0.2106
122.795 53.01 50.1800 11.3 2.832 2.672 52.73 0.2133
122.893 53.03 50.1900 11.6 2.836 2.701 52.73 0.2113
122.995 53.05 50.2100 11.9 2.840 2.724 52.72 0.2096
123.095 53.07 50.2400 11.2 2.827 2.661 52.81 0.2138
123.194 53.09 50.2700 10.6 2.815 2.610 52.88 0.2171
123.295 53.11 50.2900 11.1 2.821 2.646 52.86 0.2146
123.393 53.13 50.3100 10.9 2.817 2.629 52.90 0.2156
123.495 53.15 50.3300 11.2 2.820 2.650 52.90 0.2141
123.594 53.17 50.3600 10.6 2.809 2.604 52.96 0.2171
123.694 53.19 50.3600 11.6 2.824 2.686 52.90 0.2116
123.795 53.21 50.4000 10.9 2.811 2.626 52.98 0.2155
123.894 53.23 50.4200 10.9 2.809 2.623 53.00 0.2155
123.995 53.25 50.4500 10.3 2.797 2.566 53.08 0.2192
124.094 53.27 50.4600 10.9 2.806 2.620 53.05 0.2155
124.194 53.29 50.5200 8.9 2.770 2.447 53.24 0.2269
124.295 53.31 50.5200 10.3 2.791 2.559 53.15 0.2193
124.394 53.33 50.5300 10.6 2.794 2.586 53.14 0.2174
124.495 53.35 50.5500 10.9 2.799 2.614 53.13 0.2154
124.594 53.37 50.5700 10.9 2.797 2.613 53.15 0.2154
124.694 53.39 50.5900 11.0 2.797 2.617 53.17 0.2149
124.794 53.41 50.6200 10.6 2.788 2.579 53.23 0.2174
124.894 53.43 50.6400 10.4 2.783 2.563 53.26 0.2183
124.995 53.45 50.6600 10.6 2.784 2.575 53.27 0.2175
125.094 53.47 50.6800 10.9 2.788 2.602 53.26 0.2155
125.193 53.49 50.7000 10.9 2.786 2.598 53.29 0.2157
125.293 53.51 50.7200 10.9 2.784 2.594 53.31 0.2159
125.393 53.53 50.7500 10.5 2.777 2.563 53.36 0.2178
125.494 53.55 50.7700 10.7 2.778 2.576 53.37 0.2168
125.593 53.57 50.8000 10.1 2.766 2.526 53.44 0.2201
125.693 53.59 50.8200 10.2 2.765 2.528 53.46 0.2198
125.793 53.61 50.8300 10.9 2.775 2.586 53.42 0.2158
125.893 53.63 50.8600 10.6 2.769 2.558 53.47 0.2175
125.994 53.65 50.8800 10.6 2.768 2.563 53.48 0.2170
126.094 53.67 50.9000 10.8 2.770 2.578 53.49 0.2160
126.193 53.69 50.9200 10.6 2.764 2.557 53.53 0.2173
126.293 53.71 50.9500 10.5 2.760 2.544 53.56 0.2180
126.393 53.73 50.9700 10.2 2.753 2.516 53.61 0.2197
126.493 53.75 50.9900 10.2 2.752 2.518 53.63 0.2195
126.594 53.77 51.0200 9.9 2.745 2.490 53.68 0.2212
126.693 53.79 51.0400 10.0 2.743 2.492 53.70 0.2210
126.794 53.81 51.1200 7.0 2.689 2.230 53.98 0.2383
126.893 53.83 51.0800 10.2 2.742 2.506 53.72 0.2196
126.993 53.85 51.1100 10.2 2.741 2.509 53.74 0.2193
127.094 53.87 51.1300 10.1 2.737 2.496 53.77 0.2200
127.193 53.89 51.1600 9.6 2.727 2.454 53.83 0.2227
127.294 53.91 51.1800 9.9 2.729 2.475 53.83 0.2212
127.393 53.93 51.2000 9.8 2.726 2.469 53.86 0.2214
127.494 53.95 51.2200 10.2 2.730 2.498 53.85 0.2193
127.594 53.97 51.2400 10.2 2.728 2.493 53.87 0.2196
127.692 53.99 51.2500 10.8 2.737 2.550 53.84 0.2156
127.794 54.01 51.2700 10.8 2.735 2.542 53.86 0.2160
127.892 54.03 51.3000 10.5 2.727 2.513 53.91 0.2179
127.994 54.05 51.3200 10.6 2.727 2.519 53.93 0.2173
128.094 54.07 51.3400 10.6 2.727 2.522 53.94 0.2170
128.193 54.09 51.3700 10.3 2.719 2.493 53.99 0.2189
128.294 54.11 51.3800 11.1 2.731 2.557 53.95 0.2144
128.392 54.13 51.4000 10.6 2.722 2.520 54.01 0.2168
128.494 54.15 51.4200 11.2 2.730 2.567 53.98 0.2136
128.593 54.17 51.4400 10.9 2.724 2.542 54.02 0.2152
128.693 54.19 51.4600 11.3 2.730 2.576 54.01 0.2128
128.794 54.21 51.4800 11.1 2.724 2.554 54.05 0.2142
128.892 54.23 51.5000 11.4 2.728 2.577 54.05 0.2126
128.994 54.25 51.5200 11.2 2.723 2.559 54.09 0.2137
129.093 54.27 51.5400 11.4 2.725 2.577 54.09 0.2124
129.193 54.29 51.5700 10.7 2.712 2.516 54.17 0.2163
129.294 54.31 51.5900 11.3 2.721 2.564 54.14 0.2130
129.393 54.33 51.5900 12.0 2.732 2.627 54.10 0.2088
129.495 54.35 51.6300 11.4 2.721 2.574 54.17 0.2123
129.594 54.37 51.6600 10.8 2.708 2.512 54.25 0.2163
129.694 54.39 51.6400 13.1 2.746 2.711 54.08 0.2029
129.795 54.41 51.7000 11.0 2.709 2.528 54.28 0.2151
129.894 54.43 51.7300 10.4 2.698 2.478 54.35 0.2183
129.995 54.45 51.7400 10.8 2.703 2.513 54.33 0.2159
130.094 54.47 51.7500 11.4 2.712 2.562 54.30 0.2125
130.194 54.49 51.7800 11.2 2.706 2.538 54.35 0.2140
130.295 54.51 51.7900 11.6 2.712 2.573 54.33 0.2116
130.394 54.53 51.8200 11.3 2.706 2.546 54.38 0.2133
130.495 54.55 51.8300 11.8 2.713 2.585 54.36 0.2106
130.594 54.57 51.8600 11.6 2.709 2.571 54.40 0.2115
130.694 54.59 51.8800 11.5 2.705 2.559 54.43 0.2122
130.795 54.61 51.8900 12.0 2.713 2.600 54.41 0.2094
130.894 54.63 51.9300 11.3 2.700 2.542 54.48 0.2132
130.994 54.65 51.9400 11.8 2.707 2.583 54.46 0.2104
131.095 54.67 51.9500 12.6 2.721 2.653 54.41 0.2056
131.194 54.69 51.9800 12.1 2.711 2.606 54.48 0.2087
131.295 54.71 51.9900 12.3 2.713 2.620 54.49 0.2077
131.394 54.73 52.0100 12.3 2.712 2.619 54.51 0.2077
131.495 54.75 52.0300 12.4 2.713 2.625 54.52 0.2073
131.595 54.77 52.0600 11.9 2.704 2.586 54.58 0.2099
131.693 54.79 52.0800 12.4 2.711 2.622 54.56 0.2074
131.795 54.81 52.1300 10.2 2.673 2.438 54.77 0.2196
131.893 54.83 52.1200 12.5 2.711 2.633 54.59 0.2065
131.995 54.85 52.1300 12.7 2.714 2.649 54.60 0.2053
132.095 54.87 52.1500 13.0 2.717 2.671 54.60 0.2039
132.193 54.89 52.1700 12.7 2.712 2.644 54.64 0.2056
132.295 54.91 52.1900 12.9 2.715 2.663 54.64 0.2043
132.393 54.93 52.2100 13.1 2.718 2.681 54.65 0.2031
132.495 54.95 52.2300 12.8 2.712 2.649 54.70 0.2052
132.594 54.97 52.2300 14.1 2.733 2.760 54.61 0.1978
132.694 54.99 52.2300 15.2 2.753 2.855 54.53 0.1914
132.795 55.01 52.2900 12.8 2.712 2.650 54.76 0.2052
132.894 55.03 52.3000 13.5 2.724 2.710 54.72 0.2011
132.995 55.05 52.3300 13.3 2.720 2.692 54.75 0.2023
133.094 55.07 52.3500 13.3 2.719 2.689 54.78 0.2025
133.194 55.09 52.3600 13.5 2.723 2.706 54.78 0.2014
133.295 55.11 52.3800 13.9 2.730 2.742 54.77 0.1990
133.394 55.13 52.3800 15.0 2.748 2.833 54.69 0.1929
133.495 55.15 52.4200 14.0 2.730 2.742 54.80 0.1990
133.594 55.17 52.4300 14.4 2.738 2.780 54.79 0.1965
133.694 55.19 52.4500 14.3 2.737 2.774 54.81 0.1969
133.794 55.21 52.4700 14.4 2.738 2.778 54.83 0.1966
133.894 55.23 52.4900 14.1 2.732 2.746 54.88 0.1988
133.995 55.25 52.5000 14.7 2.742 2.798 54.85 0.1954
134.094 55.27 52.5100 15.3 2.753 2.849 54.82 0.1920
134.194 55.29 52.5400 14.9 2.747 2.815 54.87 0.1944
134.294 55.31 52.5600 14.9 2.748 2.817 54.89 0.1942
134.394 55.33 52.5700 15.3 2.755 2.850 54.88 0.1920
134.495 55.35 52.6100 14.4 2.740 2.774 54.97 0.1972
134.594 55.37 52.6100 15.4 2.757 2.855 54.91 0.1918
134.694 55.39 52.6200 15.8 2.766 2.896 54.89 0.1891
134.794 55.41 52.6300 16.2 2.772 2.924 54.88 0.1873
134.894 55.43 52.6500 16.6 2.781 2.964 54.86 0.1847
134.995 55.45 52.6700 16.4 2.778 2.942 54.90 0.1863
135.094 55.47 52.6900 16.4 2.780 2.945 54.92 0.1862
135.194 55.49 52.7200 15.9 2.772 2.899 54.99 0.1893
135.294 55.51 52.7200 16.4 2.782 2.945 54.96 0.1863
135.394 55.53 52.7300 17.4 2.799 3.029 54.90 0.1809
135.495 55.55 52.7600 16.6 2.786 2.955 54.99 0.1859
135.595 55.57 52.7800 16.6 2.788 2.960 55.01 0.1857
135.695 55.59 52.7900 16.9 2.795 2.986 55.00 0.1841
135.795 55.61 52.8200 16.1 2.782 2.916 55.09 0.1888
135.895 55.63 52.8300 16.7 2.793 2.967 55.06 0.1855
135.996 55.65 52.8600 16.4 2.789 2.943 55.10 0.1872
136.096 55.67 52.8700 16.6 2.793 2.959 55.11 0.1862
136.195 55.69 52.8900 16.9 2.800 2.984 55.10 0.1846
136.295 55.71 52.9000 17.0 2.802 2.991 55.12 0.1843
136.395 55.73 52.9300 16.9 2.801 2.978 55.15 0.1852
136.495 55.75 52.9400 17.2 2.808 3.007 55.14 0.1834
136.596 55.77 52.9600 17.2 2.810 3.008 55.16 0.1834
136.695 55.79 52.9800 17.2 2.811 3.011 55.18 0.1833
136.796 55.81 52.9900 17.6 2.819 3.040 55.17 0.1815
136.895 55.83 53.0300 16.3 2.798 2.931 55.30 0.1889
136.995 55.85 53.0300 17.6 2.820 3.038 55.21 0.1819
137.096 55.87 53.0500 17.3 2.817 3.011 55.26 0.1838
137.195 55.89 53.0700 17.3 2.819 3.015 55.27 0.1836
137.296 55.91 53.0600 19.0 2.850 3.163 55.14 0.1739
137.395 55.93 53.0900 18.2 2.837 3.090 55.24 0.1789
137.496 55.95 53.1200 17.6 2.830 3.044 55.30 0.1821
137.596 55.97 53.1300 17.9 2.836 3.070 55.30 0.1805
137.694 55.99 53.1500 17.9 2.836 3.063 55.32 0.1811
137.796 56.01 53.1700 18.0 2.840 3.076 55.33 0.1803
137.895 56.03 53.1800 18.3 2.847 3.101 55.33 0.1788
137.996 56.05 53.2000 18.1 2.845 3.080 55.37 0.1803
138.096 56.07 53.2200 18.2 2.848 3.089 55.38 0.1799
138.194 56.09 53.2400 18.1 2.847 3.078 55.41 0.1808
138.296 56.11 53.2600 17.9 2.846 3.066 55.44 0.1817
138.394 56.13 53.2700 18.2 2.853 3.092 55.43 0.1801
138.496 56.15 53.2900 18.3 2.856 3.100 55.45 0.1797
138.596 56.17 53.3100 18.1 2.854 3.078 55.49 0.1813
138.695 56.19 53.3300 18.2 2.857 3.089 55.50 0.1807
138.796 56.21 53.3400 18.5 2.864 3.117 55.49 0.1790
138.894 56.23 53.3600 18.5 2.865 3.114 55.51 0.1792
138.996 56.25 53.3900 17.9 2.857 3.065 55.58 0.1827
139.096 56.27 53.4000 18.4 2.868 3.110 55.56 0.1798
139.195 56.29 53.4200 18.1 2.864 3.083 55.60 0.1817
139.296 56.31 53.4100 20.1 2.900 3.259 55.45 0.1702
139.394 56.33 53.4500 18.6 2.875 3.121 55.61 0.1795
139.496 56.35 53.4800 18.1 2.868 3.076 55.67 0.1826
139.596 56.37 53.4900 18.4 2.874 3.102 55.66 0.1811
139.695 56.39 53.5100 18.3 2.875 3.098 55.69 0.1814
139.796 56.41 53.5300 18.3 2.877 3.098 55.71 0.1815
139.894 56.43 53.5500 18.4 2.879 3.104 55.72 0.1813
139.997 56.45 53.5800 17.8 2.870 3.051 55.80 0.1849
140.095 56.47 53.6000 17.7 2.870 3.044 55.82 0.1855
140.195 56.49 53.6100 18.1 2.879 3.083 55.80 0.1830
140.295 56.51 53.6300 18.0 2.878 3.071 55.84 0.1839
140.395 56.53 53.6400 18.3 2.884 3.094 55.83 0.1825
140.496 56.55 53.6500 18.7 2.893 3.133 55.81 0.1800
140.596 56.57 53.6700 18.7 2.894 3.130 55.84 0.1803
140.695 56.59 53.6900 18.6 2.893 3.117 55.87 0.1813
140.795 56.61 53.7200 18.2 2.888 3.083 55.92 0.1837
140.895 56.63 53.7400 17.9 2.885 3.064 55.96 0.1851
140.996 56.65 53.7500 18.5 2.896 3.109 55.94 0.1822
141.095 56.67 53.7700 18.6 2.899 3.118 55.95 0.1818
141.195 56.69 53.7900 18.2 2.893 3.083 56.00 0.1842
141.295 56.71 53.8100 18.3 2.896 3.090 56.02 0.1838
141.395 56.73 53.8300 18.5 2.900 3.106 56.02 0.1829
141.496 56.75 53.8400 18.8 2.907 3.135 56.01 0.1811
141.596 56.77 53.8600 18.4 2.902 3.101 56.07 0.1834
141.696 56.79 53.8900 18.0 2.896 3.063 56.12 0.1861
141.796 56.81 53.9100 18.0 2.897 3.064 56.14 0.1861
141.896 56.83 53.9400 17.5 2.890 3.023 56.20 0.1889
141.997 56.85 53.9500 18.0 2.899 3.063 56.18 0.1863
142.096 56.87 53.9800 17.2 2.887 2.997 56.27 0.1909
142.196 56.89 53.9900 17.5 2.893 3.022 56.26 0.1892
142.296 56.91 54.0200 17.3 2.889 3.001 56.31 0.1907
142.396 56.93 54.0300 17.6 2.894 3.023 56.30 0.1893
142.497 56.95 54.0500 17.5 2.894 3.018 56.33 0.1897
142.597 56.97 54.0700 17.7 2.899 3.036 56.33 0.1886
142.696 56.99 54.0900 17.7 2.899 3.035 56.35 0.1887
142.796 57.01 54.1100 17.5 2.896 3.013 56.39 0.1902
142.896 57.03 54.1300 17.2 2.892 2.991 56.44 0.1918
142.997 57.05 54.1500 17.5 2.897 3.013 56.43 0.1904
143.096 57.07 54.1700 17.2 2.894 2.990 56.48 0.1920
143.196 57.09 54.1900 17.5 2.898 3.011 56.48 0.1906
143.296 57.11 54.2000 17.7 2.904 3.034 56.47 0.1892
143.396 57.13 54.2400 16.9 2.891 2.964 56.56 0.1939
143.497 57.15 54.2600 16.8 2.889 2.954 56.59 0.1946
143.597 57.17 54.2800 16.4 2.882 2.918 56.65 0.1971
143.696 57.19 54.3000 16.8 2.889 2.950 56.64 0.1949
143.796 57.21 54.3200 16.9 2.891 2.956 56.65 0.1946
143.896 57.23 54.3400 16.6 2.886 2.931 56.70 0.1963
143.997 57.25 54.3500 17.0 2.893 2.964 56.68 0.1941
144.096 57.27 54.3800 16.4 2.884 2.915 56.75 0.1974
144.196 57.29 54.4000 16.7 2.888 2.935 56.75 0.1961
144.296 57.31 54.4200 16.9 2.891 2.951 56.75 0.1950
144.396 57.33 54.4400 16.8 2.889 2.940 56.79 0.1958
144.497 57.35 54.4600 16.6 2.887 2.925 56.82 0.1968
144.597 57.37 54.4800 16.8 2.890 2.941 56.83 0.1958
144.696 57.39 54.5100 15.9 2.876 2.867 56.92 0.2007
144.797 57.41 54.5200 16.5 2.884 2.910 56.90 0.1978
144.896 57.43 54.5500 16.1 2.878 2.878 56.95 0.2000
144.997 57.45 54.5700 15.8 2.872 2.848 57.00 0.2020
145.097 57.47 54.6000 15.3 2.863 2.805 57.06 0.2049
145.196 57.49 54.6200 15.6 2.868 2.832 57.05 0.2030
145.296 57.51 54.6500 15.1 2.858 2.784 57.12 0.2062
145.396 57.53 54.6700 14.9 2.854 2.766 57.16 0.2074
145.496 57.55 54.6800 15.4 2.864 2.815 57.13 0.2040
145.597 57.57 54.7100 15.0 2.855 2.773 57.19 0.2068
145.696 57.59 54.7400 14.7 2.848 2.743 57.24 0.2088
145.797 57.61 54.7700 14.1 2.839 2.694 57.31 0.2116
145.896 57.63 54.7800 14.2 2.842 2.693 57.31 0.2102
145.996 57.65 54.8100 13.8 2.835 2.640 57.36 0.2124
146.097 57.67 54.8400 13.3 2.828 2.592 57.41 0.2141
146.196 57.69 54.8800 11.9 2.804 2.459 57.54 0.2216
146.297 57.71 54.9000 12.1 2.808 2.467 57.53 0.2196
146.396 57.73 54.9200 12.0 2.805 2.440 57.56 0.2199
146.496 57.75 54.9500 11.6 2.799 2.395 57.60 0.2214
146.597 57.77 54.9700 11.5 2.797 2.376 57.62 0.2212
146.696 57.79 54.9900 11.3 2.794 2.347 57.65 0.2217
146.797 57.81 55.0300 10.2 2.776 2.245 57.75 0.2270
146.896 57.83 55.0500 10.5 2.779 2.255 57.75 0.2249
146.996 57.85 55.0700 10.2 2.774 2.218 57.78 0.2258
147.097 57.87 55.1000 9.8 2.767 2.171 57.83 0.2274
147.196 57.89 55.1300 9.4 2.759 2.125 57.88 0.2290
147.297 57.91 55.1500 9.1 2.754 2.093 57.91 0.2296
147.396 57.93 55.1700 9.2 2.755 2.086 57.91 0.2285
147.497 57.95 55.2000 8.6 2.744 2.025 57.98 0.2311
147.598 57.97 55.2300 8.3 2.738 1.987 58.01 0.2320
147.695 57.99 55.2500 8.1 2.733 1.956 58.04 0.2326
147.798 58.01 55.2800 8.0 2.731 1.938 58.06 0.2322
147.897 58.03 55.3000 8.0 2.731 1.930 58.07 0.2312
147.998 58.05 55.3300 7.2 2.715 1.845 58.16 0.2353
148.098 58.07 55.3500 7.2 2.714 1.831 58.17 0.2347
148.196 58.09 55.3800 6.9 2.709 1.799 58.20 0.2353
148.298 58.11 55.4200 5.8 2.688 1.689 58.31 0.2410
148.397 58.13 55.4300 6.4 2.697 1.729 58.27 0.2367
148.498 58.15 55.4700 5.3 2.676 1.620 58.38 0.2425
148.598 58.17 55.4800 6.2 2.691 1.693 58.31 0.2359
148.696 58.19 55.5000 6.1 2.687 1.670 58.33 0.2359
148.798 58.21 55.5200 6.0 2.684 1.645 58.35 0.2360
148.897 58.23 55.5600 5.3 2.671 1.576 58.42 0.2390
148.998 58.25 55.5900 4.6 2.657 1.502 58.50 0.2424
149.097 58.27 55.6100 4.7 2.657 1.499 58.50 0.2409
149.197 58.29 55.6300 4.7 2.655 1.486 58.51 0.2402
149.298 58.31 55.6600 4.0 2.642 1.418 58.58 0.2431
149.397 58.33 55.6900 3.9 2.639 1.397 58.60 0.2430
149.497 58.35 55.7200 3.3 2.627 1.334 58.67 0.2455
149.598 58.37 55.7500 3.1 2.621 1.306 58.69 0.2458
149.697 58.39 55.7700 3.2 2.621 1.301 58.70 0.2444
149.798 58.41 55.8000 2.7 2.610 1.245 58.75 0.2465
149.897 58.43 55.8200 2.5 2.604 1.214 58.79 0.2470
149.997 58.45 55.8500 2.1 2.595 1.168 58.83 0.2484
150.098 58.47 55.8700 2.1 2.593 1.156 58.84 0.2475
150.197 58.49 55.9000 2.0 2.590 1.139 58.86 0.2470
150.298 58.51 55.9200 1.9 2.585 1.115 58.89 0.2470
150.397 58.53 55.9500 1.6 2.578 1.079 58.92 0.2477
150.498 58.55 55.9800 1.3 2.571 1.040 58.96 0.2487
150.598 58.57 56.0000 1.2 2.567 1.024 58.98 0.2481
150.696 58.59 56.0200 1.1 2.563 1.000 59.00 0.2480
150.798 58.61 56.0500 0.9 2.558 0.974 59.03 0.2481
150.897 58.63 56.0800 0.7 2.551 0.938 59.06 0.2488
150.998 58.65 56.1000 0.3 2.542 0.896 59.10 0.2500
151.098 58.67 56.1300 0.1 2.536 0.863 59.14 0.2505
151.196 58.69 56.1600 0.0 2.529 0.830 59.17 0.2511
151.298 58.71 56.1900 0.0 2.520 0.787 59.21 0.2523
151.397 58.73 56.2000 0.0 2.522 0.795 59.21 0.2500
151.498 58.75 56.2300 0.0 2.512 0.745 59.25 0.2517
151.598 58.77 56.2500 0.0 2.512 0.748 59.25 0.2499
151.696 58.79 56.2800 0.0 2.503 0.699 59.30 0.2514
151.798 58.81 56.3100 0.0 2.493 0.652 59.35 0.2529
151.896 58.83 56.3400 0.0 2.486 0.620 59.38 0.2533
151.998 58.85 56.3500 0.0 2.495 0.663 59.34 0.2488
152.098 58.87 56.3800 0.0 2.483 0.602 59.40 0.2512
152.197 58.89 56.4100 0.0 2.478 0.577 59.42 0.2512
152.298 58.91 56.4300 0.0 2.472 0.553 59.45 0.2511
152.396 58.93 56.4500 0.0 2.475 0.564 59.44 0.2487
152.498 58.95 56.4700 0.0 2.473 0.554 59.45 0.2477
152.598 58.97 56.5000 0.0 2.465 0.514 59.49 0.2487
152.697 58.99 56.5300 0.0 2.460 0.486 59.51 0.2489
152.798 59.01 56.5500 0.0 2.457 0.474 59.53 0.2481
152.896 59.03 56.5600 0.0 2.462 0.500 59.50 0.2447
152.998 59.05 56.5900 0.0 2.457 0.471 59.53 0.2450
153.097 59.06 56.6100 0.0 2.451 0.444 59.56 0.2451
153.197 59.08 56.6300 0.0 2.450 0.448 59.55 0.2433
153.298 59.10 56.6600 0.0 2.445 0.425 59.57 0.2431
153.396 59.12 56.6700 0.0 2.447 0.444 59.56 0.2403
153.498 59.14 56.6900 0.0 2.448 0.456 59.54 0.2379
153.599 59.15 56.7100 0.0 2.445 0.448 59.55 0.2368
153.697 59.17 56.7300 0.0 2.439 0.429 59.57 0.2365
153.798 59.19 56.7600 0.0 2.424 0.368 59.63 0.2390
153.897 59.20 56.7800 0.0 2.422 0.371 59.63 0.2372
153.998 59.22 56.7900 0.0 2.429 0.424 59.58 0.2321
154.098 59.24 56.8200 0.0 2.414 0.364 59.64 0.2345
154.198 59.25 56.8400 0.0 2.412 0.368 59.63 0.2327
154.299 59.27 56.8500 0.0 2.413 0.394 59.61 0.2294
154.397 59.28 56.8700 0.0 2.412 0.406 59.59 0.2271
154.499 59.30 56.8900 0.0 2.407 0.400 59.60 0.2260
154.598 59.31 56.9100 0.0 2.400 0.386 59.61 0.2254
154.698 59.32 56.9300 0.0 2.393 0.372 59.63 0.2249
154.799 59.34 56.9400 0.0 2.400 0.430 59.57 0.2195
154.898 59.35 56.9600 0.0 2.392 0.412 59.59 0.2192
154.999 59.36 56.9800 0.0 2.386 0.401 59.60 0.2185
155.099 59.38 56.9900 0.0 2.381 0.402 59.60 0.2170
155.198 59.39 57.0100 0.2 2.378 0.413 59.59 0.2148
155.299 59.40 57.0100 1.1 2.386 0.477 59.52 0.2091
155.397 59.41 57.0300 1.2 2.382 0.477 59.52 0.2077
155.499 59.42 57.0900 0.0 2.330 0.242 59.76 0.2220
155.599 59.44 57.0600 1.5 2.371 0.478 59.52 0.2047
155.698 59.45 57.0800 1.6 2.366 0.480 59.52 0.2032
155.799 59.46 57.0900 1.9 2.364 0.494 59.51 0.2010
155.897 59.47 57.1100 2.2 2.362 0.513 59.49 0.1984
155.999 59.48 57.1200 2.2 2.356 0.507 59.49 0.1974
156.099 59.49 57.1400 2.5 2.353 0.519 59.48 0.1953
156.198 59.50 57.1500 2.8 2.351 0.536 59.46 0.1929
156.299 59.51 57.1600 3.4 2.354 0.578 59.42 0.1888
156.397 59.52 57.1900 2.4 2.329 0.483 59.52 0.1938
156.499 59.53 57.1800 3.9 2.348 0.605 59.40 0.1845
156.599 59.54 57.2000 4.0 2.342 0.602 59.40 0.1834
156.698 59.55 57.2100 4.1 2.338 0.608 59.39 0.1818
156.799 59.56 57.2300 4.0 2.328 0.588 59.41 0.1819
156.897 59.57 57.2400 4.5 2.329 0.623 59.38 0.1784
156.999 59.57 57.2500 4.4 2.321 0.610 59.39 0.1780
157.099 59.58 57.2600 4.8 2.320 0.630 59.37 0.1755
157.198 59.59 57.2700 5.2 2.319 0.657 59.34 0.1726
157.299 59.60 57.2800 5.5 2.317 0.674 59.33 0.1703
157.397 59.61 57.3000 5.5 2.310 0.669 59.33 0.1695
157.499 59.62 57.3000 6.0 2.312 0.706 59.29 0.1658
157.598 59.62 57.3300 5.5 2.297 0.657 59.34 0.1680
157.698 59.63 57.3300 6.2 2.301 0.707 59.29 0.1636
157.799 59.64 57.3200 7.5 2.316 0.813 59.19 0.1555
157.898 59.65 57.3600 6.4 2.290 0.707 59.29 0.1614
157.999 59.65 57.3700 6.5 2.285 0.710 59.29 0.1602
158.098 59.66 57.3800 6.5 2.278 0.704 59.30 0.1595
158.198 59.67 57.3800 7.4 2.285 0.770 59.23 0.1540
158.299 59.67 57.3900 7.5 2.279 0.768 59.23 0.1531
158.398 59.68 57.4000 7.8 2.277 0.787 59.21 0.1508
158.499 59.69 57.3900 9.4 2.299 0.925 59.07 0.1407
158.599 59.69 57.4300 7.7 2.263 0.771 59.23 0.1500
158.698 59.70 57.4500 7.5 2.253 0.749 59.25 0.1505
158.798 59.70 57.4400 8.9 2.268 0.857 59.14 0.1423
158.898 59.71 57.4500 8.6 2.257 0.830 59.17 0.1431
158.998 59.72 57.4700 8.5 2.248 0.810 59.19 0.1435
159.099 59.72 57.4800 8.7 2.245 0.824 59.18 0.1416
159.198 59.73 57.4900 9.0 2.242 0.837 59.16 0.1398
159.299 59.73 57.5000 8.9 2.234 0.825 59.18 0.1397
159.398 59.74 57.5000 9.5 2.237 0.872 59.13 0.1356
159.498 59.74 57.5200 9.4 2.228 0.853 59.15 0.1360
159.599 59.75 57.5200 10.0 2.231 0.897 59.10 0.1321
159.697 59.75 57.5300 10.0 2.224 0.892 59.11 0.1316
159.799 59.76 57.5400 10.2 2.222 0.908 59.09 0.1296
159.899 59.76 57.5500 10.2 2.215 0.900 59.10 0.1293
159.999 59.77 57.5500 11.0 2.222 0.962 59.04 0.1243
160.100 59.77 57.5500 11.4 2.222 0.992 59.01 0.1215
160.198 59.78 57.5700 11.1 2.210 0.956 59.04 0.1231
160.300 59.78 57.5800 10.8 2.200 0.932 59.07 0.1238
160.399 59.79 57.5700 11.9 2.212 1.020 58.98 0.1171
160.500 59.79 57.5900 11.7 2.201 0.991 59.01 0.1183
160.600 59.79 57.6000 11.6 2.193 0.978 59.02 0.1184
160.698 59.80 57.6000 12.1 2.196 1.019 58.98 0.1149
160.800 59.80 57.6100 12.4 2.194 1.036 58.96 0.1129
160.899 59.81 57.6100 12.7 2.194 1.062 58.94 0.1105
161.000 59.81 57.6300 12.4 2.182 1.028 58.97 0.1120
161.100 59.81 57.6300 13.0 2.186 1.073 58.93 0.1082
161.198 59.82 57.6300 13.2 2.183 1.084 58.92 0.1068
161.300 59.82 57.6400 13.6 2.185 1.116 58.88 0.1039
161.399 59.83 57.6500 13.4 2.176 1.095 58.90 0.1046
161.500 59.83 57.6500 13.7 2.175 1.116 58.88 0.1026
161.600 59.83 57.6600 13.8 2.172 1.124 58.88 0.1014
161.698 59.84 57.6700 13.8 2.165 1.112 58.89 0.1015
161.800 59.84 57.6900 13.4 2.153 1.078 58.92 0.1031
161.898 59.84 57.6900 13.6 2.150 1.088 58.91 0.1017
162.000 59.85 57.6900 14.1 2.154 1.130 58.87 0.0983
162.100 59.85 57.7000 14.0 2.146 1.117 58.88 0.0985
162.198 59.85 57.6900 15.1 2.159 1.205 58.80 0.0919
162.300 59.85 57.7000 14.8 2.150 1.180 58.82 0.0930
162.398 59.86 57.7100 14.9 2.145 1.181 58.82 0.0923
162.500 59.86 57.7200 14.9 2.140 1.175 58.82 0.0921
162.600 59.86 57.7200 15.1 2.139 1.192 58.81 0.0903
162.699 59.87 57.7300 15.2 2.134 1.193 58.81 0.0897
162.800 59.87 57.7300 15.9 2.141 1.251 58.75 0.0852
162.898 59.87 57.7400 15.5 2.129 1.211 58.79 0.0873
163.000 59.87 57.7400 16.0 2.133 1.254 58.75 0.0839
163.100 59.88 57.7400 16.3 2.132 1.269 58.73 0.0823
163.199 59.88 57.7600 15.5 2.114 1.196 58.80 0.0866
163.300 59.88 57.7700 15.9 2.116 1.228 58.77 0.0839
163.398 59.88 57.7600 16.7 2.125 1.299 58.70 0.0786
163.500 59.89 57.7700 16.2 2.112 1.253 58.75 0.0812
163.600 59.89 57.7700 16.8 2.117 1.299 58.70 0.0775
163.699 59.89 57.7700 17.2 2.120 1.331 58.67 0.0749
163.800 59.89 57.7800 17.0 2.111 1.307 58.69 0.0760
163.898 59.89 57.7800 17.4 2.114 1.339 58.66 0.0733
164.000 59.90 57.7900 17.1 2.103 1.307 58.69 0.0750
164.099 59.90 57.8100 16.7 2.093 1.272 58.73 0.0768
164.199 59.90 57.8100 17.1 2.094 1.299 58.70 0.0745
164.300 59.90 57.8100 17.3 2.093 1.313 58.69 0.0730
164.398 59.90 57.8100 17.8 2.097 1.356 58.64 0.0697
164.500 59.91 57.8200 17.7 2.091 1.341 58.66 0.0702
164.599 59.91 57.8300 17.4 2.081 1.311 58.69 0.0718
164.699 59.91 57.8300 17.4 2.077 1.313 58.69 0.0712
164.800 59.91 57.8300 18.2 2.086 1.378 58.62 0.0664
164.898 59.91 57.8400 17.7 2.073 1.328 58.67 0.0692
165.000 59.92 57.8400 17.8 2.071 1.338 58.66 0.0682
165.100 59.92 57.8400 18.2 2.073 1.365 58.64 0.0659
165.199 59.92 57.8600 17.6 2.059 1.315 58.68 0.0687
165.300 59.92 57.8600 17.8 2.058 1.327 58.67 0.0675
165.398 59.92 57.8600 18.4 2.064 1.380 58.62 0.0635
165.500 59.92 57.8800 17.5 2.044 1.297 58.70 0.0686
165.599 59.93 57.8800 17.9 2.047 1.329 58.67 0.0660
165.699 59.93 57.8800 17.9 2.042 1.325 58.68 0.0659
165.800 59.93 57.8900 18.0 2.040 1.333 58.67 0.0649
165.899 59.93 57.8900 18.4 2.041 1.359 58.64 0.0627
166.000 59.93 57.9000 18.1 2.033 1.336 58.66 0.0638
166.100 59.93 57.9200 17.4 2.016 1.271 58.73 0.0678
166.200 59.93 57.9100 18.0 2.022 1.320 58.68 0.0641
166.301 59.94 57.9200 17.9 2.016 1.310 58.69 0.0643
166.399 59.94 57.9300 17.6 2.006 1.278 58.72 0.0660
166.501 59.94 57.9500 16.9 1.990 1.215 58.78 0.0697
166.600 59.94 57.9400 18.0 2.003 1.302 58.70 0.0635
166.700 59.94 57.9500 17.4 1.988 1.250 58.75 0.0665
166.801 59.94 57.9500 17.6 1.986 1.261 58.74 0.0654
166.899 59.94 57.9700 17.1 1.973 1.216 58.78 0.0679
167.001 59.94 57.9700 17.4 1.973 1.238 58.76 0.0660
167.100 59.94 57.9700 17.8 1.975 1.268 58.73 0.0635
167.200 59.95 57.9800 17.6 1.969 1.255 58.74 0.0640
167.301 59.95 57.9800 17.7 1.966 1.261 58.74 0.0631
167.399 59.95 58.0000 17.1 1.951 1.205 58.79 0.0665
167.501 59.95 58.0000 17.5 1.953 1.238 58.76 0.0639
167.600 59.95 58.0100 16.8 1.936 1.174 58.83 0.0677
167.700 59.95 58.0200 17.1 1.935 1.191 58.81 0.0661
167.801 59.95 58.0200 16.9 1.928 1.175 58.82 0.0667
167.901 59.95 58.0300 17.2 1.928 1.198 58.80 0.0648
168.001 59.95 58.0400 16.7 1.914 1.151 58.85 0.0674
168.101 59.95 58.0400 16.8 1.910 1.154 58.85 0.0668
168.201 59.96 58.0500 16.9 1.908 1.165 58.84 0.0656
168.300 59.96 58.0600 16.6 1.898 1.137 58.86 0.0671
168.400 59.96 58.0700 16.4 1.889 1.115 58.89 0.0681
168.501 59.96 58.0700 16.6 1.887 1.129 58.87 0.0667
168.601 59.96 58.0800 16.6 1.882 1.122 58.88 0.0667
168.701 59.96 58.0900 16.3 1.872 1.095 58.90 0.0680
168.800 59.96 58.1000 16.1 1.862 1.072 58.93 0.0691
168.900 59.96 58.1000 16.6 1.865 1.109 58.89 0.0662
169.001 59.96 58.1100 16.1 1.853 1.071 58.93 0.0683
169.101 59.96 58.1200 16.0 1.845 1.055 58.95 0.0689
169.201 59.96 58.2100 11.1 1.755 0.627 59.37 0.0970
169.300 59.96 58.1300 15.9 1.830 1.039 58.96 0.0689
169.400 59.97 58.1500 15.5 1.818 1.001 59.00 0.0709
169.501 59.97 58.1600 15.3 1.809 0.983 59.02 0.0717
169.601 59.97 58.1700 15.2 1.800 0.966 59.03 0.0723
169.701 59.97 58.1900 14.4 1.780 0.891 59.11 0.0768
169.800 59.97 58.1800 14.9 1.783 0.933 59.07 0.0735
169.900 59.97 58.1900 14.9 1.778 0.935 59.06 0.0729
170.001 59.97 58.2000 14.5 1.766 0.897 59.10 0.0750
170.101 59.97 58.2100 14.3 1.755 0.873 59.13 0.0760
170.201 59.97 58.2200 14.2 1.747 0.857 59.14 0.0766
170.300 59.97 58.2200 14.6 1.748 0.890 59.11 0.0739
170.400 59.97 58.2500 13.6 1.724 0.798 59.20 0.0796
170.501 59.97 58.2300 15.1 1.744 0.926 59.07 0.0705
170.600 59.97 58.2600 13.9 1.717 0.818 59.18 0.0772
170.700 59.97 58.2700 13.6 1.706 0.792 59.21 0.0784
170.800 59.97 58.2800 13.2 1.694 0.756 59.24 0.0803
170.900 59.97 58.2900 13.0 1.683 0.731 59.27 0.0814
171.001 59.97 58.3100 12.7 1.670 0.697 59.30 0.0832
171.100 59.98 58.3100 12.5 1.660 0.681 59.32 0.0837
171.200 59.98 58.3400 11.7 1.639 0.606 59.39 0.0881
171.300 59.98 58.3400 11.8 1.634 0.613 59.39 0.0871
171.400 59.98 58.3600 11.1 1.613 0.542 59.46 0.0912
171.501 59.98 58.3700 11.1 1.606 0.538 59.46 0.0909
171.601 59.98 58.3800 11.1 1.599 0.540 59.46 0.0901
171.701 59.98 58.4000 10.4 1.580 0.476 59.52 0.0938
171.800 59.98 58.4200 9.8 1.562 0.421 59.58 0.0969
171.900 59.98 58.4200 10.1 1.558 0.440 59.56 0.0949
172.001 59.98 58.4300 9.8 1.545 0.411 59.59 0.0962
172.100 59.98 58.4600 9.0 1.522 0.330 59.67 0.1010
172.200 59.98 58.4600 9.3 1.519 0.356 59.64 0.0986
172.300 59.98 58.4800 8.7 1.500 0.297 59.70 0.1019
172.401 59.98 58.5100 7.8 1.476 0.215 59.79 0.1067
172.502 59.98 58.5100 8.3 1.476 0.256 59.74 0.1032
172.601 59.98 58.5200 7.9 1.460 0.217 59.78 0.1051
172.702 59.98 58.5400 7.5 1.444 0.176 59.82 0.1071
172.801 59.98 58.5700 6.5 1.416 0.080 59.92 0.1128
172.901 59.98 58.5800 6.3 1.405 0.065 59.94 0.1131
173.002 59.98 58.5900 6.2 1.392 0.044 59.96 0.1137
173.101 59.98 58.6000 6.0 1.379 0.025 59.98 0.1143
173.202 59.98 58.6200 5.4 1.359 -0.032 60.03 0.1173
173.301 59.98 58.6400 4.9 1.340 -0.084 60.08 0.1199
173.401 59.98 58.6500 5.1 1.333 -0.073 60.07 0.1184
173.502 59.98 58.6700 4.8 1.318 -0.102 60.10 0.1195
173.601 59.99 58.6800 4.6 1.304 -0.122 60.12 0.1201
173.702 59.99 58.7000 4.1 1.285 -0.171 60.17 0.1226
173.801 59.99 58.7200 3.5 1.264 -0.232 60.23 0.1258
173.901 59.99 58.7300 3.8 1.257 -0.213 60.21 0.1237
174.002 59.99 58.7500 3.4 1.241 -0.250 60.25 0.1254
174.101 59.99 58.7700 2.4 1.212 -0.346 60.35 0.1309
174.202 59.99 58.7800 2.7 1.206 -0.325 60.32 0.1286
174.301 59.99 58.7900 2.6 1.193 -0.339 60.34 0.1287
174.401 59.99 58.8200 1.9 1.169 -0.407 60.41 0.1324
174.502 59.99 58.8400 1.1 1.145 -0.478 60.48 0.1363
174.601 59.99 58.8500 1.3 1.136 -0.469 60.47 0.1347
174.702 59.99 58.8800 0.4 1.109 -0.551 60.55 0.1393
174.801 59.99 58.9000 0.2 1.093 -0.576 60.58 0.1401
174.901 59.99 58.9100 0.1 1.078 -0.593 60.59 0.1403
175.002 59.99 58.9400 0.0 1.052 -0.671 60.67 0.1445
175.101 59.99 58.9500 0.0 1.040 -0.675 60.67 0.1438
175.202 59.99 58.9700 0.0 1.023 -0.704 60.70 0.1448
175.301 59.99 58.9900 0.0 1.000 -0.760 60.76 0.1475
175.401 59.99 59.0100 0.0 0.979 -0.807 60.81 0.1497
175.502 59.99 59.0300 0.0 0.957 -0.858 60.86 0.1521
175.601 59.99 59.0600 0.0 0.934 -0.912 60.91 0.1547
175.702 59.99 59.0700 0.0 0.921 -0.920 60.92 0.1542
175.801 59.99 59.0800 0.0 0.910 -0.913 60.91 0.1527
175.901 59.99 59.1100 0.0 0.883 -0.989 60.99 0.1568
176.001 59.99 59.1100 0.0 0.876 -0.961 60.96 0.1538
176.101 59.99 59.1400 0.0 0.848 -1.042 61.04 0.1582
176.202 59.99 59.1600 0.0 0.830 -1.068 61.07 0.1589
176.301 59.99 59.1700 0.0 0.821 -1.050 61.05 0.1566
176.401 59.99 59.1900 0.0 0.798 -1.104 61.10 0.1592
176.501 59.99 59.2100 0.0 0.780 -1.132 61.13 0.1600
176.601 59.99 59.2400 0.0 0.750 -1.216 61.22 0.1645
176.702 59.99 59.2600 0.0 0.730 -1.254 61.25 0.1659
176.802 59.99 59.2800 0.0 0.715 -1.262 61.26 0.1654
176.901 59.99 59.3000 0.0 0.697 -1.286 61.29 0.1659
177.001 59.99 59.3100 0.0 0.682 -1.293 61.29 0.1653
177.101 59.99 59.3300 0.0 0.660 -1.342 61.34 0.1674
177.202 59.99 59.3500 0.0 0.641 -1.368 61.37 0.1680
177.302 59.99 59.3700 0.0 0.627 -1.373 61.37 0.1672
177.400 59.99 59.3900 0.0 0.607 -1.404 61.40 0.1682
177.502 59.99 59.4100 0.0 0.581 -1.469 61.47 0.1714
177.601 59.99 59.4200 0.0 0.576 -1.427 61.43 0.1675
177.702 59.99 59.4400 0.0 0.551 -1.486 61.49 0.1703
177.802 59.99 59.4500 0.0 0.540 -1.471 61.47 0.1682
177.900 59.99 59.4800 0.0 0.519 -1.513 61.51 0.1698
178.002 59.99 59.4900 0.0 0.502 -1.530 61.53 0.1699
178.101 59.99 59.5100 0.0 0.483 -1.558 61.56 0.1705
178.202 59.99 59.5200 0.0 0.473 -1.541 61.54 0.1683
178.302 59.99 59.5400 0.0 0.458 -1.549 61.55 0.1677
178.401 59.99 59.5500 0.0 0.442 -1.559 61.56 0.1673
178.502 59.99 59.5700 0.0 0.427 -1.568 61.57 0.1667
178.601 59.99 59.5900 0.0 0.401 -1.633 61.63 0.1699
178.703 59.99 59.6000 0.0 0.395 -1.596 61.60 0.1664
178.803 59.99 59.6200 0.0 0.378 -1.617 61.62 0.1666
178.902 59.99 59.6300 0.0 0.362 -1.627 61.63 0.1662
179.003 60.00 59.6500 0.0 0.343 -1.657 61.66 0.1671
179.101 60.00 59.6600 0.0 0.332 -1.646 61.65 0.1653
179.203 60.00 59.6700 0.0 0.322 -1.633 61.63 0.1633
179.303 60.00 59.6900 0.0 0.304 -1.654 61.65 0.1636
179.401 60.00 59.6900 0.0 0.301 -1.604 61.60 0.1592
179.503 60.00 59.7100 0.0 0.285 -1.624 61.62 0.1595
179.601 60.00 59.7300 0.0 0.267 -1.649 61.65 0.1601
179.703 60.00 59.7300 0.0 0.262 -1.612 61.61 0.1565
179.803 60.00 59.7500 0.0 0.241 -1.654 61.65 0.1583
179.902 60.00 59.7600 0.0 0.232 -1.635 61.63 0.1559
180.003 60.00 59.7800 0.0 0.212 -1.675 61.68 0.1576
180.101 60.00 59.7800 0.0 0.212 -1.611 61.61 0.1522
180.203 60.00 59.7900 0.0 0.201 -1.605 61.60 0.1508
180.303 60.00 59.8100 0.0 0.185 -1.625 61.63 0.1512
180.402 60.00 59.8300 0.0 0.171 -1.636 61.64 0.1509
180.503 60.00 59.8400 0.0 0.160 -1.630 61.63 0.1495
180.601 60.00 59.8500 0.0 0.149 -1.624 61.62 0.1481
180.703 60.00 59.8600 0.0 0.140 -1.614 61.61 0.1464
180.803 60.00 59.8700 0.0 0.124 -1.634 61.63 0.1468
180.902 60.00 59.8800 0.0 0.113 -1.629 61.63 0.1455
181.003 60.00 59.9000 0.0 0.101 -1.632 61.63 0.1447
181.101 60.00 59.9000 0.0 0.096 -1.598 61.60 0.1415
181.203 60.00 59.9200 0.0 0.081 -1.619 61.62 0.1420
181.303 60.00 59.9300 0.0 0.071 -1.615 61.61 0.1407
181.401 60.00 59.9400 0.0 0.055 -1.635 61.63 0.1411
181.503 60.00 59.9500 0.0 0.052 -1.596 61.60 0.1376
181.601 60.00 59.9500 0.0 0.046 -1.571 61.57 0.1350
181.703 60.00 59.9700 0.0 0.028 -1.608 61.61 0.1366
181.802 60.00 59.9700 0.0 0.023 -1.576 61.58 0.1335
181.902 60.00 59.9800 0.0 0.017 -1.554 61.55 0.1311
182.003 60.00 59.9900 0.0 0.006 -1.559 61.56 0.1306
182.101 60.00 60.0000 0.0 -0.005 -1.559 61.56 0.1297
182.203 60.00 60.0200 0.0 -0.025 -1.610 61.61 0.1323
182.302 60.00 60.0200 0.0 -0.025 -1.556 61.56 0.1278
182.402 60.00 60.0400 0.0 -0.038 -1.569 61.57 0.1278
182.503 60.00 60.0400 0.0 -0.042 -1.538 61.54 0.1249
182.601 60.00 60.0600 0.0 -0.059 -1.575 61.58 0.1265
182.703 60.00 60.0600 0.0 -0.066 -1.560 61.56 0.1247
182.802 60.00 60.0800 0.0 -0.078 -1.571 61.57 0.1246
182.902 60.00 60.0800 0.0 -0.079 -1.523 61.52 0.1206
183.003 60.00 60.0800 0.0 -0.086 -1.515 61.51 0.1192
183.102 60.00 60.1000 0.0 -0.104 -1.554 61.55 0.1210
183.203 60.00 60.1000 0.0 -0.106 -1.515 61.51 0.1176
183.302 60.00 60.1100 0.0 -0.112 -1.498 61.50 0.1157
183.402 60.00 60.1200 0.0 -0.124 -1.513 61.51 0.1160
183.502 60.00 60.1300 0.0 -0.131 -1.504 61.50 0.1145
183.602 60.00 60.1300 0.0 -0.131 -1.455 61.45 0.1105
183.703 60.00 60.1400 0.0 -0.142 -1.471 61.47 0.1108
183.802 60.00 60.1400 0.0 -0.144 -1.434 61.43 0.1077
183.902 60.00 60.1500 0.0 -0.152 -1.429 61.43 0.1066
184.003 60.00 60.1600 0.0 -0.159 -1.425 61.43 0.1056
184.102 60.00 60.1700 0.0 -0.168 -1.424 61.42 0.1049
184.203 60.00 60.1800 0.0 -0.180 -1.445 61.45 0.1056
184.302 60.00 60.1900 0.0 -0.187 -1.437 61.44 0.1043
184.402 60.00 60.1800 0.0 -0.181 -1.364 61.36 0.0988
184.503 60.00 60.1900 0.0 -0.193 -1.388 61.39 0.0997
184.602 60.00 60.2000 0.0 -0.202 -1.393 61.39 0.0994
184.704 60.00 60.2000 0.0 -0.205 -1.369 61.37 0.0971
184.803 60.00 60.2100 0.0 -0.208 -1.346 61.35 0.0949
184.903 60.00 60.2200 0.0 -0.224 -1.385 61.39 0.0969
185.004 60.00 60.2200 0.0 -0.220 -1.328 61.33 0.0925
185.103 60.00 60.2400 0.0 -0.237 -1.374 61.37 0.0949
185.204 60.00 60.2400 0.0 -0.238 -1.343 61.34 0.0922
185.303 60.00 60.2400 0.0 -0.244 -1.336 61.34 0.0911
185.403 60.00 60.2500 0.0 -0.249 -1.325 61.32 0.0898
185.504 60.00 60.2500 0.2 -0.247 -1.278 61.28 0.0861
185.603 60.00 60.2500 0.4 -0.251 -1.263 61.26 0.0844
185.704 60.00 60.2600 0.3 -0.259 -1.272 61.27 0.0845
185.803 60.00 60.2600 0.4 -0.265 -1.269 61.27 0.0837
185.903 60.00 60.2700 0.7 -0.268 -1.247 61.25 0.0817
186.004 60.00 60.2600 1.7 -0.257 -1.163 61.16 0.0756
186.102 60.00 60.2700 1.1 -0.274 -1.218 61.22 0.0787
186.204 60.00 60.2900 0.7 -0.289 -1.259 61.26 0.0810
186.303 60.00 60.2800 1.5 -0.282 -1.193 61.19 0.0760
186.403 60.00 60.2900 1.5 -0.288 -1.194 61.19 0.0756
186.504 60.00 60.2900 1.6 -0.294 -1.191 61.19 0.0749
186.603 60.00 60.3000 1.3 -0.305 -1.216 61.22 0.0760
186.703 60.00 60.3100 1.5 -0.309 -1.208 61.21 0.0750
186.804 60.00 60.3100 1.8 -0.310 -1.180 61.18 0.0726
186.903 60.00 60.3100 2.0 -0.313 -1.171 61.17 0.0715
187.004 60.00 60.3100 2.7 -0.306 -1.105 61.11 0.0667
187.103 60.00 60.3100 2.6 -0.315 -1.123 61.12 0.0674
187.203 60.00 60.3200 2.8 -0.317 -1.104 61.10 0.0657
187.304 60.00 60.3400 2.0 -0.337 -1.178 61.18 0.0702
187.403 60.00 60.3300 2.9 -0.327 -1.101 61.10 0.0646
187.503 60.00 60.3300 3.0 -0.331 -1.098 61.10 0.0639
187.603 60.00 60.3300 3.4 -0.330 -1.065 61.06 0.0613
187.703 60.00 60.3200 4.1 -0.324 -1.009 61.01 0.0572
187.804 60.00 60.3300 3.8 -0.333 -1.036 61.04 0.0586
187.903 60.00 60.3400 3.9 -0.336 -1.027 61.03 0.0576
188.004 60.00 60.3400 3.7 -0.345 -1.048 61.05 0.0586
188.103 60.00 60.3400 4.3 -0.340 -0.999 61.00 0.0550
188.203 60.00 60.3500 4.2 -0.347 -1.013 61.01 0.0556
188.304 60.00 60.3500 4.2 -0.351 -1.008 61.01 0.0548
188.403 60.00 60.3500 4.8 -0.346 -0.964 60.96 0.0516
188.503 60.00 60.3500 5.0 -0.347 -0.947 60.95 0.0501
188.603 60.00 60.3500 5.0 -0.351 -0.946 60.95 0.0497
188.703 60.00 60.3500 5.3 -0.350 -0.925 60.92 0.0479
188.804 60.00 60.3600 5.2 -0.357 -0.939 60.94 0.0486
188.903 60.00 60.3600 5.2 -0.360 -0.934 60.93 0.0479
189.004 60.00 60.3600 5.7 -0.357 -0.898 60.90 0.0452
189.103 60.00 60.3600 5.8 -0.359 -0.891 60.89 0.0444
189.203 60.00 60.3700 5.5 -0.367 -0.916 60.92 0.0458
189.304 60.00 60.3600 6.0 -0.363 -0.877 60.88 0.0428
189.402 60.00 60.3500 6.9 -0.350 -0.796 60.80 0.0371
189.504 60.00 60.3600 6.2 -0.365 -0.856 60.86 0.0409
189.603 60.00 60.3700 6.4 -0.366 -0.842 60.84 0.0397
189.704 60.00 60.3700 6.4 -0.370 -0.847 60.85 0.0398
189.804 60.00 60.3500 7.7 -0.351 -0.737 60.74 0.0321
189.902 60.00 60.3700 6.9 -0.367 -0.803 60.80 0.0363
190.004 60.00 60.3700 7.0 -0.368 -0.795 60.79 0.0356
190.103 60.00 60.3800 6.7 -0.378 -0.828 60.83 0.0375
190.204 60.00 60.3700 7.2 -0.372 -0.787 60.79 0.0345
190.304 60.00 60.3800 6.8 -0.382 -0.820 60.82 0.0365
190.402 60.00 60.3700 7.4 -0.374 -0.767 60.77 0.0328
190.504 60.00 60.3800 7.1 -0.382 -0.796 60.80 0.0344
190.602 60.00 60.3600 8.4 -0.362 -0.682 60.68 0.0266
190.705 60.00 60.3700 7.9 -0.375 -0.732 60.73 0.0298
190.805 60.00 60.3700 8.2 -0.372 -0.708 60.71 0.0280
190.903 60.00 60.3700 8.2 -0.374 -0.707 60.71 0.0278
191.005 60.00 60.3700 8.7 -0.367 -0.659 60.66 0.0243
191.103 60.00 60.3800 8.2 -0.379 -0.709 60.71 0.0275
191.205 60.00 60.3800 8.4 -0.377 -0.687 60.69 0.0259
191.304 60.00 60.3800 8.1 -0.385 -0.718 60.72 0.0278
191.404 60.00 60.3800 8.2 -0.385 -0.709 60.71 0.0270
191.505 60.00 60.3800 8.8 -0.378 -0.662 60.66 0.0237
191.603 60.00 60.3800 8.5 -0.385 -0.686 60.69 0.0251
191.705 60.00 60.3500 10.4 -0.353 -0.518 60.52 0.0137
191.804 60.00 60.3800 8.9 -0.381 -0.650 60.65 0.0225
191.904 60.00 60.3800 9.0 -0.382 -0.647 60.65 0.0221
192.005 60.00 60.3800 9.1 -0.382 -0.640 60.64 0.0215
192.103 60.00 60.4100 7.8 -0.407 -0.754 60.75 0.0289
192.205 60.00 60.3900 9.0 -0.388 -0.648 60.65 0.0217
192.304 60.00 60.3800 9.3 -0.385 -0.625 60.62 0.0200
192.404 60.00 60.3900 9.2 -0.389 -0.636 60.64 0.0206
192.505 60.00 60.3800 9.5 -0.384 -0.603 60.60 0.0182
192.604 60.00 60.4000 8.4 -0.405 -0.700 60.70 0.0246
192.705 60.00 60.3900 9.4 -0.390 -0.619 60.62 0.0190
192.804 60.00 60.3900 9.4 -0.391 -0.613 60.61 0.0185
192.904 60.00 60.3800 10.0 -0.383 -0.567 60.57 0.0153
193.004 60.00 60.3900 9.7 -0.389 -0.593 60.59 0.0170
193.104 60.00 60.3900 9.8 -0.389 -0.584 60.58 0.0162
193.205 60.00 60.3700 11.0 -0.369 -0.479 60.48 0.0092
193.304 60.00 60.3900 10.1 -0.386 -0.559 60.56 0.0144
193.404 60.00 60.3800 10.6 -0.379 -0.520 60.52 0.0117
193.504 60.00 60.3800 10.6 -0.380 -0.517 60.52 0.0114
193.604 60.00 60.3900 10.1 -0.390 -0.563 60.56 0.0145
193.705 60.00 60.3800 10.5 -0.384 -0.528 60.53 0.0120
193.805 60.00 60.3800 10.9 -0.377 -0.489 60.49 0.0093
193.904 60.00 60.3900 10.3 -0.388 -0.539 60.54 0.0126
194.004 60.00 60.3800 11.0 -0.378 -0.486 60.49 0.0090
194.104 60.00 60.3800 10.8 -0.382 -0.501 60.50 0.0099
194.205 60.00 60.3800 10.9 -0.381 -0.494 60.49 0.0094
194.305 60.00 60.3900 10.6 -0.387 -0.517 60.52 0.0109
194.404 60.00 60.3900 10.7 -0.386 -0.508 60.51 0.0102
194.504 60.00 60.3700 11.6 -0.371 -0.432 60.43 0.0050
194.604 60.00 60.3800 11.0 -0.382 -0.482 60.48 0.0083
194.705 60.00 60.3900 10.6 -0.391 -0.523 60.52 0.0110
194.805 60.00 60.3900 10.8 -0.387 -0.502 60.50 0.0096
194.904 60.00 60.3800 11.2 -0.380 -0.464 60.46 0.0069
195.004 60.00 60.3900 10.8 -0.389 -0.502 60.50 0.0095
195.104 60.00 60.3900 10.9 -0.388 -0.494 60.49 0.0088
195.205 60.00 60.3800 11.3 -0.382 -0.462 60.46 0.0066
195.305 60.00 60.3900 11.1 -0.387 -0.482 60.48 0.0079
195.404 60.00 60.3900 11.0 -0.389 -0.489 60.49 0.0084
195.504 60.00 60.3900 11.1 -0.387 -0.478 60.48 0.0075
195.604 60.00 60.3900 11.1 -0.388 -0.480 60.48 0.0077
195.705 60.00 60.3800 11.6 -0.380 -0.437 60.44 0.0047
195.806 60.00 60.3800 11.3 -0.385 -0.459 60.46 0.0062
195.903 60.00 60.3800 11.3 -0.385 -0.457 60.46 0.0060
196.005 60.00 60.3700 12.0 -0.374 -0.400 60.40 0.0021
196.103 60.00 60.3900 11.3 -0.387 -0.462 60.46 0.0063
196.205 60.00 60.3700 12.2 -0.371 -0.380 60.38 0.0008
196.305 60.00 60.3800 11.8 -0.379 -0.420 60.42 0.0034
196.404 60.00 60.3800 11.8 -0.380 -0.422 60.42 0.0036
196.505 60.00 60.3900 11.4 -0.386 -0.454 60.45 0.0057
196.603 60.00 60.3900 11.4 -0.386 -0.449 60.45 0.0053
196.705 60.00 60.3800 11.9 -0.379 -0.411 60.41 0.0027
196.805 60.00 60.3900 11.5 -0.386 -0.446 60.45 0.0050
196.905 60.00 60.3800 11.6 -0.385 -0.439 60.44 0.0045
197.006 60.00 60.3800 11.9 -0.379 -0.410 60.41 0.0026
197.104 60.00 60.3800 11.6 -0.385 -0.438 60.44 0.0044
197.206 60.00 60.3900 11.5 -0.386 -0.442 60.44 0.0047
197.305 60.00 60.3900 11.2 -0.392 -0.469 60.47 0.0064
197.405 60.00 60.3700 12.3 -0.374 -0.378 60.38 0.0003
197.506 60.00 60.3800 11.9 -0.381 -0.410 60.41 0.0024
197.605 60.00 60.3800 11.7 -0.384 -0.423 60.42 0.0033
197.706 60.00 60.3800 12.0 -0.380 -0.402 60.40 0.0019
197.805 60.00 60.3900 11.3 -0.392 -0.461 60.46 0.0058
197.905 60.00 60.3800 12.1 -0.378 -0.388 60.39 0.0009
198.005 60.00 60.3900 11.5 -0.389 -0.447 60.45 0.0048
198.105 60.00 60.3800 12.2 -0.377 -0.381 60.38 0.0004
198.206 60.00 60.3900 11.6 -0.387 -0.435 60.43 0.0040
198.305 60.00 60.3800 12.0 -0.380 -0.399 60.40 0.0016
198.405 60.00 60.3800 11.9 -0.382 -0.405 60.40 0.0019
198.505 60.00 60.4100 10.2 -0.413 -0.560 60.56 0.0122
198.605 60.00 60.3800 12.0 -0.383 -0.403 60.40 0.0017
198.706 60.00 60.3800 11.8 -0.385 -0.415 60.41 0.0025
198.806 60.00 60.3800 12.2 -0.380 -0.386 60.39 0.0006
198.905 60.00 60.3900 11.6 -0.390 -0.436 60.44 0.0039
199.005 60.00 60.3800 12.0 -0.382 -0.397 60.40 0.0013
199.105 60.00 60.3900 11.3 -0.394 -0.458 60.46 0.0053
199.206 60.00 60.3900 11.7 -0.388 -0.426 60.43 0.0031
199.306 60.00 60.3800 11.9 -0.384 -0.405 60.40 0.0017
199.405 60.00 60.3900 11.5 -0.393 -0.445 60.44 0.0044
199.505 60.00 60.3900 11.5 -0.392 -0.442 60.44 0.0041
199.605 60.00 60.4000 11.3 -0.396 -0.460 60.46 0.0053
199.705 60.00 60.4300 9.2 -0.434 -0.649 60.65 0.0179
199.806 60.00 60.3800 12.2 -0.383 -0.387 60.39 0.0003
199.905 60.00 60.4000 11.5 -0.396 -0.449 60.45 0.0044
200.006 60.00 60.4000 11.3 -0.400 -0.465 60.46 0.0055
200.105 60.00 60.3900 11.9 -0.390 -0.414 60.41 0.0020
200.205 60.00 60.4000 11.0 -0.404 -0.487 60.49 0.0069
200.306 60.00 60.3900 11.8 -0.391 -0.417 60.42 0.0022
200.404 60.00 60.4000 11.4 -0.398 -0.449 60.45 0.0043
200.506 60.00 60.3900 11.7 -0.394 -0.429 60.43 0.0029
200.605 60.00 60.4000 11.1 -0.404 -0.479 60.48 0.0062
200.705 60.00 60.4000 11.3 -0.400 -0.458 60.46 0.0048
200.806 60.00 60.4000 11.5 -0.399 -0.447 60.45 0.0040
200.904 60.00 60.4000 11.7 -0.396 -0.432 60.43 0.0030
201.006 60.00 60.4000 11.2 -0.405 -0.476 60.47 0.0059
201.105 60.00 60.4000 11.2 -0.405 -0.476 60.48 0.0059
201.205 60.00 60.4000 11.3 -0.402 -0.459 60.46 0.0047
201.306 60.00 60.4000 11.2 -0.405 -0.469 60.47 0.0053
201.404 60.00 60.4000 11.3 -0.404 -0.461 60.46 0.0048
201.506 60.00 60.4100 10.7 -0.414 -0.513 60.51 0.0082
201.605 60.00 60.4100 10.9 -0.412 -0.495 60.49 0.0070
201.706 60.00 60.4200 10.4 -0.422 -0.542 60.54 0.0100
201.806 60.00 60.4100 10.9 -0.414 -0.502 60.50 0.0073
201.904 60.00 60.4300 10.2 -0.426 -0.558 60.56 0.0110
202.006 60.00 60.4200 10.5 -0.422 -0.531 60.53 0.0091
202.104 60.00 60.4300 10.3 -0.426 -0.551 60.55 0.0104
202.206 60.00 60.4200 10.5 -0.423 -0.532 60.53 0.0090
202.306 60.00 60.4300 10.1 -0.431 -0.565 60.56 0.0112
202.405 60.00 60.4200 10.7 -0.423 -0.520 60.52 0.0081
202.506 60.00 60.4300 10.5 -0.427 -0.538 60.54 0.0093
202.604 60.00 60.4400 9.7 -0.440 -0.601 60.60 0.0134
202.706 60.00 60.4400 10.0 -0.436 -0.577 60.58 0.0117
202.806 60.00 60.4400 9.9 -0.440 -0.588 60.59 0.0124
202.905 60.00 60.4400 9.8 -0.442 -0.596 60.60 0.0128
203.006 60.00 60.4500 9.5 -0.449 -0.624 60.62 0.0146
203.105 60.00 60.4500 9.5 -0.450 -0.623 60.62 0.0145
203.206 60.00 60.4600 9.2 -0.456 -0.647 60.65 0.0159
203.306 60.00 60.4500 9.4 -0.454 -0.632 60.63 0.0148
203.406 60.00 60.4500 9.5 -0.453 -0.623 60.62 0.0141
203.507 60.00 60.5000 6.7 -0.503 -0.866 60.86 0.0302
203.606 60.00 60.4700 9.0 -0.467 -0.672 60.67 0.0171
203.707 60.00 60.4600 9.2 -0.465 -0.655 60.65 0.0158
203.806 60.00 60.4600 9.3 -0.464 -0.644 60.64 0.0150
203.906 60.00 60.4700 8.8 -0.474 -0.689 60.69 0.0179
204.007 60.00 60.4700 8.8 -0.475 -0.689 60.69 0.0178
204.106 60.00 60.4800 8.7 -0.479 -0.698 60.70 0.0183
204.207 60.00 60.4700 9.0 -0.476 -0.675 60.67 0.0166
204.306 60.00 60.4800 9.0 -0.477 -0.675 60.67 0.0165
204.406 60.00 60.4900 8.2 -0.493 -0.748 60.75 0.0213
204.506 60.00 60.5000 8.0 -0.498 -0.765 60.76 0.0223
204.606 60.00 60.4900 8.2 -0.495 -0.743 60.74 0.0206
204.707 60.00 60.4900 8.6 -0.491 -0.716 60.72 0.0187
204.807 60.00 60.5000 8.2 -0.500 -0.749 60.75 0.0208
204.906 60.00 60.5000 8.2 -0.502 -0.752 60.75 0.0208
205.006 60.00 60.5100 7.7 -0.511 -0.791 60.79 0.0233
205.107 60.00 60.5100 8.1 -0.507 -0.758 60.76 0.0210
205.206 60.00 60.5100 7.8 -0.513 -0.783 60.78 0.0225
205.307 60.00 60.5100 7.8 -0.515 -0.782 60.78 0.0222
205.405 60.00 60.5200 7.8 -0.517 -0.786 60.79 0.0224
205.507 60.00 60.5200 7.8 -0.519 -0.787 60.79 0.0223
205.606 60.00 60.5200 7.7 -0.523 -0.794 60.79 0.0226
205.707 60.00 60.5300 7.3 -0.532 -0.833 60.83 0.0251
205.807 60.00 60.5400 7.0 -0.540 -0.863 60.86 0.0269
205.905 60.00 60.5400 7.1 -0.541 -0.855 60.85 0.0262
206.007 60.00 60.5500 6.8 -0.548 -0.883 60.88 0.0279
206.106 60.00 60.5500 6.7 -0.551 -0.887 60.89 0.0279
206.206 60.00 60.5600 6.5 -0.557 -0.904 60.90 0.0289
206.307 60.00 60.5600 6.7 -0.556 -0.888 60.89 0.0277
206.406 60.00 60.5600 6.5 -0.563 -0.911 60.91 0.0290
206.507 60.00 60.5600 6.5 -0.564 -0.906 60.91 0.0285
206.606 60.00 60.5700 6.5 -0.568 -0.915 60.91 0.0289
206.706 60.00 60.5700 6.2 -0.575 -0.938 60.94 0.0302
206.807 60.00 60.5800 5.8 -0.584 -0.970 60.97 0.0321
206.905 60.00 60.5900 5.5 -0.593 -0.999 61.00 0.0339
207.007 60.00 60.6000 5.3 -0.600 -1.023 61.02 0.0352
207.106 60.00 60.6000 5.6 -0.597 -0.992 60.99 0.0329
207.206 60.00 60.6100 5.0 -0.610 -1.048 61.05 0.0364
207.307 60.00 60.6100 5.3 -0.609 -1.023 61.02 0.0346
207.405 60.00 60.6100 5.2 -0.613 -1.034 61.03 0.0351
207.507 60.00 60.6100 5.6 -0.609 -1.000 61.00 0.0325
207.606 60.00 60.6300 4.7 -0.628 -1.079 61.08 0.0376
207.707 60.00 60.6200 5.5 -0.618 -1.013 61.01 0.0330
207.807 60.00 60.6400 4.5 -0.637 -1.095 61.09 0.0382
207.905 60.00 60.6400 4.7 -0.637 -1.083 61.08 0.0372
208.007 60.00 60.6400 4.8 -0.638 -1.073 61.07 0.0362
208.106 60.00 60.6400 4.8 -0.641 -1.073 61.07 0.0360
208.206 60.00 60.6500 4.4 -0.653 -1.116 61.12 0.0386
208.307 60.00 60.6600 4.1 -0.660 -1.136 61.14 0.0397
208.405 60.00 60.6700 3.9 -0.667 -1.157 61.16 0.0408
208.507 60.00 60.6700 3.9 -0.672 -1.165 61.16 0.0411
208.606 60.00 60.6700 4.4 -0.666 -1.117 61.12 0.0376
208.707 60.00 60.6800 3.6 -0.683 -1.188 61.19 0.0421
208.807 60.00 60.6800 4.1 -0.677 -1.144 61.14 0.0389
208.905 60.00 60.6800 3.9 -0.685 -1.167 61.17 0.0402
209.007 60.00 60.6900 3.8 -0.690 -1.177 61.18 0.0406
209.107 60.00 60.7000 3.4 -0.702 -1.217 61.22 0.0429
209.207 60.00 60.7000 3.8 -0.698 -1.180 61.18 0.0402
209.308 60.00 60.7100 3.3 -0.710 -1.225 61.22 0.0429
209.407 60.00 60.7000 3.8 -0.705 -1.185 61.18 0.0400
209.508 60.00 60.7200 3.3 -0.717 -1.230 61.23 0.0427
209.607 60.00 60.7100 3.6 -0.715 -1.200 61.20 0.0404
209.707 60.00 60.7300 2.8 -0.733 -1.273 61.27 0.0450
209.808 60.00 60.7400 2.8 -0.736 -1.274 61.27 0.0448
209.906 60.00 60.7300 3.1 -0.735 -1.251 61.25 0.0429
210.008 60.00 60.7400 2.8 -0.745 -1.280 61.28 0.0446
210.107 60.00 60.7600 2.3 -0.757 -1.323 61.32 0.0472
210.207 60.00 60.7500 2.6 -0.755 -1.297 61.30 0.0451
210.308 60.00 60.7900 0.9 -0.790 -1.452 61.45 0.0552
210.406 60.00 60.7700 2.4 -0.769 -1.325 61.32 0.0463
210.508 60.00 60.7700 2.7 -0.767 -1.294 61.29 0.0439
210.607 60.00 60.7800 2.1 -0.780 -1.345 61.34 0.0471
210.708 60.00 60.7800 2.6 -0.777 -1.312 61.31 0.0445
210.808 60.00 60.7800 2.3 -0.786 -1.335 61.33 0.0457
210.906 60.00 60.8000 1.6 -0.803 -1.401 61.40 0.0499
211.008 60.00 60.8000 1.7 -0.805 -1.392 61.39 0.0490
211.107 60.00 60.8000 2.0 -0.803 -1.366 61.36 0.0468
211.207 60.00 60.8100 1.7 -0.813 -1.396 61.40 0.0485
211.308 60.00 60.8200 1.6 -0.818 -1.403 61.40 0.0487
211.407 60.00 60.8200 1.9 -0.819 -1.384 61.38 0.0471
211.508 60.00 60.8300 1.4 -0.830 -1.422 61.42 0.0494
211.607 60.00 60.8400 1.1 -0.841 -1.457 61.46 0.0514
211.707 60.00 60.8400 1.2 -0.843 -1.447 61.45 0.0503
211.808 60.00 60.8400 1.8 -0.838 -1.399 61.40 0.0468
211.906 60.00 60.8500 1.0 -0.855 -1.468 61.47 0.0511
212.008 60.00 60.8600 1.2 -0.856 -1.455 61.45 0.0499
212.107 60.00 60.8500 1.7 -0.851 -1.409 61.41 0.0465
212.207 60.00 60.8600 1.3 -0.863 -1.450 61.45 0.0489
212.308 60.00 60.8600 1.4 -0.865 -1.441 61.44 0.0479
212.407 60.00 60.8800 0.8 -0.879 -1.493 61.49 0.0511
212.507 60.00 60.8700 1.6 -0.870 -1.424 61.42 0.0462
212.607 60.00 60.8900 0.8 -0.889 -1.501 61.50 0.0510
212.707 60.00 60.8900 0.9 -0.891 -1.492 61.49 0.0501
212.808 60.00 60.8900 0.9 -0.896 -1.494 61.49 0.0499
212.907 60.00 60.8700 2.4 -0.874 -1.364 61.36 0.0409
213.008 60.00 60.9100 0.6 -0.908 -1.519 61.52 0.0509
213.107 60.00 60.9100 0.6 -0.913 -1.526 61.53 0.0511
213.208 60.00 60.9200 0.7 -0.916 -1.521 61.52 0.0504
213.308 60.00 60.9200 0.7 -0.920 -1.518 61.52 0.0499
213.407 60.00 60.9200 1.1 -0.918 -1.487 61.49 0.0474
213.507 60.00 60.9200 1.0 -0.924 -1.500 61.50 0.0480
213.607 60.00 60.9300 0.7 -0.933 -1.525 61.52 0.0494
213.707 60.00 60.9400 0.6 -0.938 -1.533 61.53 0.0496
213.808 60.00 60.9400 0.5 -0.944 -1.543 61.54 0.0499
213.907 60.00 60.9500 0.4 -0.950 -1.554 61.55 0.0503
214.008 60.00 60.9400 1.1 -0.942 -1.492 61.49 0.0458
214.107 60.00 60.9500 0.6 -0.955 -1.539 61.54 0.0486
214.207 60.00 60.9600 0.8 -0.957 -1.527 61.53 0.0475
214.308 60.00 60.9600 0.8 -0.961 -1.530 61.53 0.0474
214.407 60.00 60.9700 0.5 -0.970 -1.558 61.56 0.0489
214.508 60.00 60.9700 0.6 -0.973 -1.552 61.55 0.0482
214.606 60.00 60.9800 0.4 -0.980 -1.566 61.57 0.0488
214.708 60.00 60.9800 0.7 -0.979 -1.544 61.54 0.0471
214.807 60.00 60.9900 0.2 -0.991 -1.586 61.58 0.0495
214.907 60.00 60.9900 0.6 -0.989 -1.555 61.55 0.0472
215.008 60.00 60.9900 0.7 -0.991 -1.544 61.54 0.0461
215.107 60.00 61.0000 0.2 -1.004 -1.589 61.59 0.0488
215.208 60.00 61.0100 0.2 -1.009 -1.596 61.60 0.0489
215.309 60.00 61.0100 0.2 -1.012 -1.594 61.59 0.0485
215.408 60.00 61.0100 0.8 -1.008 -1.551 61.55 0.0452
215.509 60.00 61.0200 0.4 -1.017 -1.580 61.58 0.0469
215.607 60.00 61.0200 0.4 -1.022 -1.588 61.59 0.0471
215.709 60.00 61.0300 0.2 -1.028 -1.599 61.60 0.0476
215.808 60.00 61.0200 0.8 -1.022 -1.550 61.55 0.0440
215.908 60.00 61.0400 0.2 -1.037 -1.606 61.61 0.0474
216.009 60.00 61.0400 0.0 -1.045 -1.627 61.63 0.0485
216.108 60.00 61.0400 0.7 -1.037 -1.565 61.56 0.0440
216.209 60.00 61.0500 0.4 -1.046 -1.597 61.60 0.0459
216.308 60.00 61.0400 0.8 -1.043 -1.562 61.56 0.0432
216.408 60.00 61.0500 0.8 -1.047 -1.561 61.56 0.0429
216.509 60.00 61.0500 0.6 -1.053 -1.578 61.58 0.0437
216.608 60.00 61.0600 0.5 -1.059 -1.587 61.59 0.0441
216.709 60.00 61.0400 2.0 -1.037 -1.463 61.46 0.0355
216.808 60.00 61.0600 0.6 -1.066 -1.590 61.59 0.0437
216.908 60.00 61.0700 0.6 -1.068 -1.583 61.58 0.0429
217.009 60.00 61.0600 1.0 -1.065 -1.550 61.55 0.0405
217.108 60.00 61.0700 0.7 -1.075 -1.585 61.58 0.0425
217.209 60.00 61.0800 0.3 -1.084 -1.615 61.61 0.0442
217.308 60.00 61.0800 1.0 -1.076 -1.557 61.56 0.0401
217.408 60.00 61.0800 1.0 -1.079 -1.557 61.56 0.0398
217.509 60.00 61.0800 1.0 -1.083 -1.561 61.56 0.0398
217.608 60.00 61.0800 1.5 -1.078 -1.520 61.52 0.0368
217.709 60.00 61.0800 1.7 -1.078 -1.503 61.50 0.0354
217.808 60.00 61.0900 0.9 -1.094 -1.570 61.57 0.0397
217.908 60.00 61.0900 1.4 -1.090 -1.532 61.53 0.0369
218.009 60.00 61.1000 1.2 -1.096 -1.552 61.55 0.0379
218.107 60.00 61.1000 1.1 -1.102 -1.562 61.56 0.0384
218.209 60.00 61.0900 1.6 -1.095 -1.515 61.51 0.0350
218.308 60.00 61.1000 1.5 -1.100 -1.523 61.52 0.0353
218.408 60.00 61.1000 1.6 -1.101 -1.516 61.52 0.0346
218.509 60.00 61.1000 1.9 -1.100 -1.496 61.50 0.0330
218.607 60.00 61.1000 1.7 -1.105 -1.511 61.51 0.0338
218.709 60.00 61.1100 1.4 -1.114 -1.539 61.54 0.0355
218.808 60.00 61.1100 1.9 -1.108 -1.496 61.50 0.0323
218.908 60.00 61.1000 2.3 -1.105 -1.466 61.47 0.0301
219.009 60.00 61.1100 1.8 -1.115 -1.507 61.51 0.0326
219.108 60.00 61.1100 2.1 -1.113 -1.482 61.48 0.0308
219.209 60.00 61.1200 1.8 -1.121 -1.508 61.51 0.0323
219.308 60.00 61.1200 1.8 -1.123 -1.508 61.51 0.0321
219.408 60.00 61.1200 2.2 -1.120 -1.479 61.48 0.0299
219.509 60.00 61.1200 2.0 -1.125 -1.493 61.49 0.0307
219.608 60.00 61.1200 2.7 -1.116 -1.437 61.44 0.0267
219.709 60.00 61.1200 2.8 -1.117 -1.431 61.43 0.0262
219.808 60.00 61.1300 2.4 -1.127 -1.467 61.47 0.0284
219.908 60.00 61.1200 2.6 -1.124 -1.442 61.44 0.0265
220.008 60.00 61.1300 2.5 -1.128 -1.451 61.45 0.0269
220.108 60.00 61.1200 2.9 -1.124 -1.420 61.42 0.0247
220.209 60.00 61.1200 3.0 -1.125 -1.417 61.42 0.0243
220.308 60.00 61.1300 3.0 -1.126 -1.412 61.41 0.0238
220.408 60.00 61.1200 3.6 -1.118 -1.365 61.36 0.0205
220.508 60.00 61.1300 2.9 -1.132 -1.423 61.42 0.0243
220.608 60.00 61.1200 3.5 -1.124 -1.377 61.38 0.0210
220.709 60.00 61.1200 3.6 -1.124 -1.364 61.36 0.0201
220.809 60.00 61.1300 3.4 -1.130 -1.386 61.39 0.0213
220.909 60.00 61.1300 3.2 -1.134 -1.401 61.40 0.0223
221.008 60.00 61.1700 1.5 -1.166 -1.550 61.55 0.0320
221.108 60.00 61.1200 4.2 -1.121 -1.311 61.31 0.0159
221.209 60.00 61.1300 3.8 -1.130 -1.351 61.35 0.0184
221.309 60.00 61.1200 4.3 -1.123 -1.308 61.31 0.0154
221.409 60.00 61.1300 3.7 -1.134 -1.358 61.36 0.0187
221.509 60.00 61.1300 4.1 -1.129 -1.323 61.32 0.0162
221.609 60.00 61.1300 4.2 -1.128 -1.313 61.31 0.0154
221.709 60.00 61.1500 3.2 -1.147 -1.402 61.40 0.0212
221.809 60.00 61.1800 1.4 -1.179 -1.556 61.56 0.0314
221.910 60.00 61.1300 4.4 -1.130 -1.298 61.30 0.0140
222.010 60.00 61.1200 5.1 -1.120 -1.240 61.24 0.0100
222.109 60.00 61.1300 4.7 -1.127 -1.271 61.27 0.0120
222.209 60.00 61.1200 5.0 -1.124 -1.252 61.25 0.0107
222.309 60.00 61.1200 5.2 -1.121 -1.233 61.23 0.0094
222.410 60.00 61.1200 5.2 -1.122 -1.233 61.23 0.0093
222.510 60.00 61.1200 5.2 -1.122 -1.231 61.23 0.0091
222.609 60.00 61.1300 5.0 -1.127 -1.250 61.25 0.0103
222.709 60.00 61.1100 5.8 -1.112 -1.175 61.17 0.0052
222.809 60.00 61.1200 5.2 -1.124 -1.229 61.23 0.0088
222.910 60.00 61.1200 5.4 -1.121 -1.211 61.21 0.0075
223.010 60.00 61.1200 5.8 -1.116 -1.183 61.18 0.0056
223.109 60.00 61.1200 5.5 -1.121 -1.206 61.20 0.0071
223.209 60.00 61.1200 5.2 -1.125 -1.226 61.23 0.0084
223.309 60.00 61.1100 6.1 -1.112 -1.155 61.15 0.0036
223.409 60.00 61.1100 6.2 -1.109 -1.141 61.14 0.0026
223.510 60.00 61.1100 6.0 -1.114 -1.164 61.16 0.0041
223.609 60.00 61.1000 6.5 -1.105 -1.116 61.11 0.0009
223.711 60.00 61.1200 5.8 -1.117 -1.175 61.17 0.0049
223.809 60.00 61.1200 5.8 -1.118 -1.178 61.18 0.0050
223.910 60.00 61.1300 5.0 -1.131 -1.242 61.24 0.0093
224.010 60.00 61.1000 6.9 -1.099 -1.079 61.08 -0.0017
224.109 60.00 61.1100 6.4 -1.108 -1.122 61.12 0.0012
224.210 60.00 61.1000 7.1 -1.096 -1.062 61.06 -0.0028
224.309 60.00 61.0900 7.2 -1.094 -1.056 61.06 -0.0032
224.410 60.00 61.0900 7.5 -1.089 -1.029 61.03 -0.0050
224.509 60.00 61.0900 7.1 -1.095 -1.064 61.06 -0.0026
224.609 60.00 61.1000 6.9 -1.097 -1.076 61.08 -0.0018
224.710 60.00 61.0900 7.4 -1.089 -1.036 61.04 -0.0044
224.809 60.00 61.0900 7.2 -1.093 -1.056 61.06 -0.0031
224.910 60.00 61.0800 7.6 -1.084 -1.014 61.01 -0.0058
225.009 60.00 61.0800 7.9 -1.078 -0.986 60.99 -0.0076
225.109 60.00 61.0800 7.6 -1.083 -1.012 61.01 -0.0059
225.209 60.00 61.0900 7.4 -1.086 -1.030 61.03 -0.0046
225.309 60.00 61.0800 7.7 -1.081 -1.008 61.01 -0.0061
225.410 60.00 61.0800 7.7 -1.081 -1.008 61.01 -0.0061
225.510 60.00 61.0700 8.2 -1.070 -0.959 60.96 -0.0093
225.609 60.00 61.0700 8.2 -1.070 -0.960 60.96 -0.0091
225.709 60.00 61.0600 8.6 -1.063 -0.928 60.93 -0.0112
225.809 60.00 61.0600 8.5 -1.062 -0.929 60.93 -0.0111
225.909 60.00 61.0600 8.5 -1.062 -0.932 60.93 -0.0108
226.010 60.00 61.0500 8.8 -1.055 -0.903 60.90 -0.0127
226.109 60.00 61.0600 8.4 -1.061 -0.938 60.94 -0.0102
226.209 60.00 61.0500 8.7 -1.055 -0.913 60.91 -0.0119
226.309 60.00 61.0500 8.7 -1.053 -0.909 60.91 -0.0121
226.409 60.00 61.0600 8.2 -1.061 -0.951 60.95 -0.0092
226.510 60.00 61.0500 8.9 -1.047 -0.888 60.89 -0.0133
226.609 60.00 61.0500 8.8 -1.048 -0.896 60.90 -0.0126
226.709 60.00 61.0100 10.7 -1.015 -0.735 60.73 -0.0233
226.809 60.00 61.0500 8.6 -1.049 -0.915 60.91 -0.0112
226.909 60.00 61.0700 7.2 -1.072 -1.033 61.03 -0.0033
227.010 60.00 61.0500 8.4 -1.051 -0.929 60.93 -0.0101
227.109 60.00 61.0300 9.5 -1.030 -0.832 60.83 -0.0165
227.210 60.00 61.0300 9.4 -1.031 -0.840 60.84 -0.0159
227.309 60.00 61.0200 9.7 -1.025 -0.816 60.81 -0.0174
227.409 60.00 61.0300 9.3 -1.030 -0.849 60.85 -0.0150
227.510 60.00 61.0300 9.2 -1.030 -0.855 60.85 -0.0145
227.610 60.00 61.0300 9.2 -1.029 -0.856 60.85 -0.0144
227.710 60.00 61.0200 9.4 -1.024 -0.836 60.84 -0.0156
227.810 60.00 61.0200 9.5 -1.020 -0.824 60.82 -0.0164
227.910 60.00 61.0000 10.4 -1.003 -0.746 60.75 -0.0215
228.011 60.00 61.0200 9.5 -1.017 -0.824 60.82 -0.0161
228.110 60.00 61.0200 9.1 -1.023 -0.861 60.86 -0.0135
228.211 60.00 61.0100 9.5 -1.014 -0.821 60.82 -0.0161
228.310 60.00 61.0100 9.4 -1.014 -0.826 60.83 -0.0156
228.410 60.00 60.9900 10.4 -0.995 -0.740 60.74 -0.0212
228.511 60.00 60.9900 10.6 -0.991 -0.725 60.72 -0.0221
228.609 60.00 61.0200 8.9 -1.017 -0.867 60.87 -0.0125
228.711 60.00 60.9900 10.4 -0.991 -0.742 60.74 -0.0208
228.810 60.00 60.9900 10.1 -0.995 -0.767 60.77 -0.0190
228.911 60.00 60.9900 10.0 -0.994 -0.771 60.77 -0.0186
229.011 60.00 60.9800 10.4 -0.984 -0.732 60.73 -0.0211
229.109 60.00 60.9800 10.3 -0.985 -0.743 60.74 -0.0202
229.211 60.00 60.9900 9.7 -0.993 -0.793 60.79 -0.0167
229.309 60.00 60.9700 10.8 -0.973 -0.700 60.70 -0.0228
229.411 60.00 60.9700 10.6 -0.974 -0.713 60.71 -0.0218
229.511 60.00 60.9700 10.7 -0.970 -0.702 60.70 -0.0224
229.610 60.00 60.9600 10.9 -0.965 -0.685 60.68 -0.0234
229.711 60.00 60.9600 11.1 -0.960 -0.670 60.67 -0.0242
229.809 60.00 60.9600 10.8 -0.962 -0.688 60.69 -0.0228
229.911 60.00 60.9500 11.2 -0.953 -0.653 60.65 -0.0250
230.011 60.00 60.9700 10.2 -0.969 -0.742 60.74 -0.0189
230.110 60.00 60.9600 10.3 -0.965 -0.731 60.73 -0.0196
230.211 60.00 60.9500 10.8 -0.954 -0.681 60.68 -0.0227
230.309 60.00 60.9500 10.8 -0.953 -0.688 60.69 -0.0221
230.411 60.00 60.9500 10.8 -0.951 -0.687 60.69 -0.0220
230.510 60.00 60.9500 10.8 -0.949 -0.684 60.68 -0.0221
230.610 60.00 60.9400 10.9 -0.944 -0.668 60.67 -0.0230
230.711 60.00 60.9400 11.1 -0.939 -0.652 60.65 -0.0239
230.810 60.00 60.9400 11.0 -0.938 -0.658 60.66 -0.0234
230.911 60.00 60.9400 10.9 -0.938 -0.665 60.66 -0.0227
231.011 60.00 60.9400 10.8 -0.937 -0.673 60.67 -0.0221
231.110 60.00 60.9200 11.5 -0.924 -0.614 60.61 -0.0258
231.210 60.00 60.9400 10.4 -0.940 -0.704 60.70 -0.0197
231.310 60.00 60.9300 11.1 -0.926 -0.642 60.64 -0.0237
231.411 60.00 60.9300 10.8 -0.929 -0.666 60.67 -0.0219
231.511 60.00 60.9100 11.6 -0.914 -0.602 60.60 -0.0261
231.610 60.00 60.9100 11.4 -0.915 -0.614 60.61 -0.0250
231.710 60.00 60.9200 11.1 -0.918 -0.642 60.64 -0.0230
231.810 60.00 60.9100 11.5 -0.908 -0.600 60.60 -0.0256
231.910 60.00 60.9200 11.0 -0.916 -0.649 60.65 -0.0222
232.011 60.00 60.9100 11.2 -0.910 -0.628 60.63 -0.0234
232.110 60.00 60.9000 11.6 -0.901 -0.592 60.59 -0.0257
232.210 60.00 60.9000 11.5 -0.900 -0.602 60.60 -0.0249
232.310 60.00 60.9000 11.2 -0.902 -0.619 60.62 -0.0236
232.410 60.00 60.9000 11.3 -0.898 -0.609 60.61 -0.0241
232.511 60.00 60.9000 10.9 -0.904 -0.647 60.65 -0.0214
232.609 60.00 60.8800 12.2 -0.879 -0.529 60.53 -0.0291
232.711 60.00 60.8900 11.1 -0.895 -0.624 60.62 -0.0226
232.810 60.00 60.8900 11.2 -0.893 -0.620 60.62 -0.0227
232.910 60.00 60.8900 11.2 -0.889 -0.614 60.61 -0.0230
233.011 60.00 60.9100 9.8 -0.913 -0.740 60.74 -0.0144
233.110 60.00 60.8900 10.8 -0.894 -0.652 60.65 -0.0202
233.211 60.00 60.8900 10.8 -0.891 -0.646 60.65 -0.0205
233.309 60.00 60.8800 11.1 -0.884 -0.616 60.62 -0.0223
233.411 60.00 60.8800 11.4 -0.877 -0.589 60.59 -0.0239
233.510 60.00 60.8800 11.3 -0.876 -0.597 60.60 -0.0233
233.610 60.00 60.8800 11.0 -0.879 -0.623 60.62 -0.0214
233.711 60.00 60.8800 10.7 -0.883 -0.651 60.65 -0.0194
233.810 60.00 60.8700 11.6 -0.866 -0.574 60.57 -0.0244
233.912 60.00 60.8800 10.7 -0.879 -0.649 60.65 -0.0192
234.011 60.00 60.8800 10.8 -0.876 -0.637 60.64 -0.0199
234.111 60.00 60.8700 10.9 -0.872 -0.625 60.62 -0.0206
234.211 60.00 60.8700 10.9 -0.870 -0.624 60.62 -0.0205
234.311 60.00 60.8700 10.5 -0.875 -0.657 60.66 -0.0182
234.412 60.00 60.8700 10.9 -0.867 -0.626 60.63 -0.0201
234.512 60.00 60.8700 10.5 -0.872 -0.656 60.66 -0.0179
234.611 60.00 60.8700 10.7 -0.867 -0.640 60.64 -0.0189
234.711 60.00 60.8600 11.0 -0.859 -0.609 60.61 -0.0209
234.811 60.00 60.8600 10.6 -0.865 -0.645 60.64 -0.0183
234.912 60.00 60.8600 10.7 -0.862 -0.640 60.64 -0.0185
235.012 60.00 60.8600 10.5 -0.863 -0.651 60.65 -0.0176
235.111 60.00 60.8600 10.4 -0.863 -0.659 60.66 -0.0170
235.211 60.00 60.8500 10.8 -0.854 -0.621 60.62 -0.0194
235.311 60.00 60.8500 10.7 -0.855 -0.632 60.63 -0.0185
235.411 60.00 60.8500 10.6 -0.856 -0.644 60.64 -0.0177
235.512 60.00 60.8500 10.5 -0.854 -0.645 60.64 -0.0175
235.611 60.00 60.8500 10.4 -0.854 -0.650 60.65 -0.0170
235.712 60.00 60.8500 10.3 -0.854 -0.659 60.66 -0.0163
235.811 60.00 60.8500 10.5 -0.851 -0.647 60.65 -0.0170
235.911 60.00 60.8600 9.8 -0.860 -0.701 60.70 -0.0132
236.012 60.00 60.8500 10.1 -0.855 -0.681 60.68 -0.0145
236.111 60.00 60.8500 10.2 -0.851 -0.665 60.66 -0.0155
236.212 60.00 60.8500 10.1 -0.852 -0.678 60.68 -0.0145
236.311 60.00 60.8500 10.2 -0.848 -0.662 60.66 -0.0155
236.411 60.00 60.8500 10.2 -0.847 -0.666 60.67 -0.0151
236.512 60.00 60.8500 9.9 -0.851 -0.689 60.69 -0.0135
236.610 60.00 60.8600 9.5 -0.857 -0.726 60.73 -0.0109
236.712 60.00 60.8400 10.2 -0.844 -0.663 60.66 -0.0150
236.811 60.00 60.8500 9.7 -0.851 -0.707 60.71 -0.0120
236.912 60.00 60.8500 9.4 -0.854 -0.727 60.73 -0.0106
237.012 60.00 60.8500 9.6 -0.850 -0.709 60.71 -0.0117
237.110 60.00 60.8500 9.4 -0.853 -0.729 60.73 -0.0103
237.212 60.00 60.8600 9.1 -0.856 -0.749 60.75 -0.0089
237.311 60.00 60.8500 9.3 -0.852 -0.732 60.73 -0.0100
237.412 60.00 60.8600 8.9 -0.858 -0.765 60.76 -0.0077
237.512 60.00 60.8600 8.7 -0.861 -0.783 60.78 -0.0065
237.610 60.00 60.8500 9.0 -0.856 -0.760 60.76 -0.0080
237.712 60.00 60.8600 8.7 -0.859 -0.783 60.78 -0.0064
237.810 60.00 60.8200 10.8 -0.822 -0.600 60.60 -0.0185
237.912 60.00 60.8700 8.0 -0.869 -0.842 60.84 -0.0022
238.012 60.00 60.8600 8.5 -0.861 -0.799 60.80 -0.0051
238.110 60.00 60.8600 8.5 -0.861 -0.801 60.80 -0.0049
238.212 60.00 60.8600 8.6 -0.858 -0.789 60.79 -0.0057
238.310 60.00 60.8500 8.7 -0.855 -0.779 60.78 -0.0064
238.412 60.00 60.8500 8.9 -0.851 -0.761 60.76 -0.0075
238.512 60.00 60.8600 8.3 -0.861 -0.815 60.81 -0.0038
238.610 60.00 60.8600 8.4 -0.859 -0.803 60.80 -0.0046
238.712 60.00 60.8700 7.9 -0.867 -0.845 60.84 -0.0018
238.810 60.00 60.8700 8.0 -0.866 -0.841 60.84 -0.0020
238.912 60.00 60.8700 7.8 -0.868 -0.853 60.85 -0.0013
239.011 60.00 60.8800 7.4 -0.876 -0.892 60.89 0.0014
239.111 60.00 60.8800 7.3 -0.877 -0.900 60.90 0.0019
239.212 60.00 60.8700 7.5 -0.873 -0.879 60.88 0.0005
239.310 60.00 60.8700 7.9 -0.867 -0.846 60.85 -0.0017
239.412 60.00 60.8800 7.2 -0.879 -0.908 60.91 0.0024
239.511 60.00 60.8700 7.5 -0.874 -0.883 60.88 0.0007
239.611 60.00 60.8900 6.8 -0.886 -0.940 60.94 0.0045
239.712 60.00 60.8800 7.1 -0.881 -0.914 60.91 0.0027
239.811 60.00 60.8800 7.0 -0.884 -0.928 60.93 0.0037
239.912 60.00 60.9000 5.7 -0.905 -1.033 61.03 0.0107
240.012 60.00 60.8900 6.7 -0.890 -0.954 60.95 0.0053
240.112 60.00 60.8900 6.7 -0.890 -0.950 60.95 0.0050
240.213 60.00 60.9100 5.5 -0.912 -1.057 61.06 0.0121
240.312 60.00 60.8900 6.5 -0.895 -0.967 60.97 0.0060
240.413 60.00 60.9000 6.4 -0.897 -0.975 60.97 0.0065
240.512 60.00 60.9000 6.4 -0.898 -0.977 60.98 0.0066
240.612 60.00 60.9000 6.2 -0.901 -0.991 60.99 0.0075
240.712 60.00 60.9000 6.1 -0.904 -1.005 61.00 0.0084
240.812 60.00 60.9000 6.1 -0.905 -1.004 61.00 0.0083
240.913 60.00 60.9000 6.2 -0.903 -0.990 60.99 0.0073
241.012 60.00 60.9000 6.1 -0.905 -0.998 61.00 0.0078
241.112 60.00 60.9000 6.3 -0.903 -0.984 60.98 0.0067
241.212 60.00 60.9100 5.9 -0.910 -1.019 61.02 0.0091
241.312 60.00 60.9100 6.1 -0.908 -1.003 61.00 0.0080
241.413 60.00 60.9200 5.3 -0.922 -1.072 61.07 0.0125
241.512 60.00 60.9100 6.1 -0.908 -0.998 61.00 0.0075
241.612 60.00 60.9100 6.1 -0.911 -1.006 61.01 0.0079
241.712 60.00 60.9100 6.2 -0.909 -0.997 61.00 0.0073
241.812 60.00 60.9200 5.6 -0.919 -1.043 61.04 0.0103
241.913 60.00 60.9200 5.6 -0.920 -1.043 61.04 0.0102
242.013 60.00 60.9200 5.4 -0.924 -1.061 61.06 0.0114
242.112 60.00 60.9200 5.9 -0.918 -1.023 61.02 0.0088
242.212 60.00 60.9300 5.4 -0.926 -1.060 61.06 0.0112
242.313 60.00 60.9200 5.6 -0.924 -1.047 61.05 0.0103
242.412 60.00 60.9300 5.5 -0.927 -1.058 61.06 0.0109
242.513 60.00 60.9100 6.2 -0.915 -0.991 60.99 0.0064
242.611 60.00 60.9200 6.1 -0.918 -1.005 61.00 0.0072
242.713 60.00 60.9200 6.0 -0.919 -1.008 61.01 0.0074
242.812 60.00 60.9200 5.8 -0.923 -1.026 61.03 0.0086
242.913 60.00 60.9300 5.3 -0.933 -1.070 61.07 0.0114
243.013 60.00 60.9300 5.2 -0.935 -1.079 61.08 0.0119
243.111 60.00 60.9400 5.3 -0.936 -1.076 61.08 0.0117
243.213 60.00 60.9300 5.5 -0.932 -1.053 61.05 0.0101
243.311 60.00 60.9500 4.7 -0.947 -1.121 61.12 0.0146
243.413 60.00 60.9500 4.8 -0.948 -1.120 61.12 0.0144
243.513 60.00 60.9400 5.2 -0.942 -1.086 61.09 0.0120
243.611 60.00 60.9400 5.3 -0.941 -1.074 61.07 0.0111
243.713 60.00 60.9500 5.0 -0.947 -1.104 61.10 0.0130
243.811 60.00 60.9500 5.1 -0.946 -1.092 61.09 0.0122
243.913 60.00 60.9500 4.6 -0.955 -1.133 61.13 0.0148
244.013 60.00 60.9500 4.7 -0.956 -1.128 61.13 0.0144
244.111 60.00 60.9500 4.8 -0.954 -1.115 61.11 0.0134
244.213 60.00 60.9500 5.0 -0.953 -1.104 61.10 0.0126
244.311 60.00 60.9500 5.0 -0.954 -1.106 61.11 0.0126
244.413 60.00 60.9600 4.7 -0.959 -1.124 61.12 0.0138
244.513 60.00 60.9700 4.3 -0.967 -1.158 61.16 0.0159
244.611 60.00 60.9700 4.3 -0.969 -1.163 61.16 0.0162
244.713 60.00 60.9800 4.0 -0.976 -1.191 61.19 0.0179
244.811 60.00 60.9700 4.2 -0.975 -1.177 61.18 0.0169
244.913 60.00 60.9800 4.0 -0.979 -1.191 61.19 0.0177
