# time_s  setpoint_c  celsius  duty_pct  err_real  err_pred
61.053 66.60 43.7900 100.0 22.810 30.023
61.059 66.60 43.7900 100.0 22.816 30.034
61.064 66.60 43.7900 100.0 22.818 30.047
61.069 66.61 43.7900 100.0 22.820 30.032
61.074 66.61 43.7900 100.0 22.822 30.032
61.080 66.61 43.7800 100.0 22.827 30.053
61.084 66.61 43.7900 100.0 22.822 30.020
61.089 66.61 43.7800 100.0 22.833 30.042
61.094 66.62 43.7800 100.0 22.838 30.066
61.100 66.62 43.7800 100.0 22.836 30.038
61.105 66.62 43.7800 100.0 22.835 30.030
61.113 66.62 43.7800 100.0 22.840 30.051
61.124 66.62 43.7800 100.0 22.846 30.046
61.133 66.63 43.7800 100.0 22.849 30.048
61.143 66.63 43.7800 100.0 22.850 30.061
61.154 66.63 43.7700 100.0 22.858 30.060
61.164 66.63 43.7700 100.0 22.862 30.067
61.172 66.63 43.7800 100.0 22.859 30.067
61.184 66.64 43.7700 100.0 22.867 30.068
61.194 66.64 43.7700 100.0 22.865 30.056
61.203 66.64 43.7700 100.0 22.870 30.080
61.213 66.64 43.7700 100.0 22.875 30.072
61.224 66.64 43.7700 100.0 22.877 30.071
61.233 66.65 43.7700 100.0 22.879 30.084
61.244 66.65 43.7600 100.0 22.884 30.076
61.253 66.65 43.7600 100.0 22.887 30.078
61.264 66.65 43.7500 100.0 22.898 30.117
61.274 66.65 43.7500 100.0 22.903 30.109
61.284 66.66 43.7600 100.0 22.900 30.094
61.293 66.66 43.7500 100.0 22.911 30.133
61.304 66.66 43.7500 100.0 22.910 30.110
61.313 66.66 43.7500 100.0 22.912 30.110
61.324 66.66 43.7500 100.0 22.913 30.122
61.333 66.67 43.7500 100.0 22.917 30.111
61.343 66.67 43.7500 100.0 22.917 30.104
61.354 66.67 43.7500 100.0 22.923 30.128
61.364 66.67 43.7400 100.0 22.927 30.120
61.373 66.67 43.7400 100.0 22.931 30.123
61.383 66.68 43.7400 100.0 22.938 30.153
61.394 66.68 43.7400 100.0 22.939 30.132
61.404 66.68 43.7400 100.0 22.937 30.121
61.414 66.68 43.7300 100.0 22.951 30.169
61.423 66.68 43.7300 100.0 22.957 30.163
61.434 66.69 43.7300 100.0 22.958 30.161
61.444 66.69 43.7300 100.0 22.954 30.159
61.453 66.69 43.7300 100.0 22.964 30.163
61.463 66.69 43.7300 100.0 22.964 30.158
61.474 66.69 43.7200 100.0 22.974 30.193
61.483 66.70 43.7300 100.0 22.969 30.160
61.494 66.70 43.7200 100.0 22.977 30.173
61.503 66.70 43.7200 100.0 22.978 30.185
61.513 66.70 43.7100 100.0 22.988 30.191
61.524 66.70 43.7200 100.0 22.988 30.187
61.534 66.71 43.7200 100.0 22.984 30.184
61.542 66.71 43.7200 100.0 22.989 30.176
61.554 66.71 43.7100 100.0 22.997 30.192
61.564 66.71 43.7100 100.0 22.998 30.203
61.573 66.71 43.7100 100.0 23.008 30.209
61.583 66.72 43.7100 100.0 23.010 30.207
61.594 66.72 43.7100 100.0 23.009 30.214
61.604 66.72 43.7000 100.0 23.016 30.214
61.614 66.72 43.7100 100.0 23.015 30.203
61.623 66.72 43.7000 100.0 23.019 30.225
61.633 66.73 43.7100 100.0 23.014 30.190
61.644 66.73 43.7000 100.0 23.029 30.223
61.653 66.73 43.7000 100.0 23.032 30.240
61.664 66.73 43.7000 100.0 23.030 30.213
61.673 66.73 43.7000 100.0 23.035 30.220
61.683 66.74 43.7000 100.0 23.039 30.241
61.694 66.74 43.6900 100.0 23.051 30.250
61.704 66.74 43.6900 100.0 23.048 30.238
61.712 66.74 43.6900 100.0 23.051 30.254
61.724 66.74 43.6900 100.0 23.055 30.245
61.734 66.75 43.6900 100.0 23.059 30.249
61.744 66.75 43.6900 100.0 23.059 30.258
61.753 66.75 43.6800 100.0 23.070 30.267
61.764 66.75 43.6800 100.0 23.067 30.252
61.774 66.75 43.6800 100.0 23.072 30.276
61.784 66.76 43.6800 100.0 23.076 30.263
61.792 66.76 43.6800 100.0 23.076 30.259
61.804 66.76 43.6800 100.0 23.082 30.283
61.814 66.76 43.6800 100.0 23.081 30.261
61.824 66.76 43.6700 100.0 23.096 30.295
61.833 66.77 43.6800 100.0 23.090 30.287
61.844 66.77 43.6800 100.0 23.092 30.271
61.854 66.77 43.6700 100.0 23.104 30.297
61.864 66.77 43.6600 100.0 23.109 30.320
61.874 66.77 43.6600 100.0 23.109 30.299
61.884 66.78 43.6600 100.0 23.115 30.309
61.895 66.78 43.6600 100.0 23.119 30.328
61.904 66.78 43.6600 100.0 23.124 30.320
61.915 66.78 43.6600 100.0 23.122 30.308
61.924 66.78 43.6500 100.0 23.131 30.343
61.935 66.79 43.6600 100.0 23.129 30.315
61.945 66.79 43.6500 100.0 23.135 30.326
61.955 66.79 43.6500 100.0 23.143 30.356
61.964 66.79 43.6500 100.0 23.144 30.339
61.975 66.79 43.6500 100.0 23.140 30.320
61.985 66.80 43.6500 100.0 23.143 30.339
61.995 66.80 43.6500 100.0 23.146 30.326
62.004 66.80 43.6500 100.0 23.154 30.340
62.014 66.80 43.6400 100.0 23.160 30.367
62.025 66.80 43.6400 100.0 23.163 30.354
62.035 66.81 43.6400 100.0 23.170 30.366
62.043 66.81 43.6400 100.0 23.169 30.373
62.055 66.81 43.6300 100.0 23.177 30.371
62.065 66.81 43.6400 100.0 23.172 30.352
62.074 66.81 43.6300 100.0 23.180 30.383
62.084 66.82 43.6200 100.0 23.193 30.396
62.095 66.82 43.6300 100.0 23.188 30.376
62.105 66.82 43.6200 100.0 23.194 30.404
62.115 66.82 43.6300 100.0 23.192 30.375
62.125 66.82 43.6300 100.0 23.198 30.386
62.135 66.83 43.6200 100.0 23.201 30.403
62.145 66.83 43.6300 100.0 23.200 30.378
62.155 66.83 43.6200 100.0 23.212 30.406
62.165 66.83 43.6200 100.0 23.209 30.406
62.174 66.83 43.6100 100.0 23.223 30.423
62.184 66.84 43.6100 100.0 23.225 30.422
62.195 66.84 43.6100 100.0 23.227 30.437
62.205 66.84 43.6000 100.0 23.234 30.435
62.213 66.84 43.6100 100.0 23.233 30.424
62.225 66.84 43.6000 100.0 23.239 30.451
62.235 66.85 43.6100 100.0 23.238 30.427
62.244 66.85 43.6000 100.0 23.244 30.437
62.254 66.85 43.6000 100.0 23.250 30.463
62.265 66.85 43.6000 100.0 23.247 30.432
62.274 66.85 43.6100 100.0 23.248 30.429
62.285 66.86 43.6000 100.0 23.252 30.450
62.294 66.86 43.6000 100.0 23.260 30.449
62.304 66.86 43.6000 100.0 23.263 30.452
62.315 66.86 43.6000 100.0 23.266 30.468
62.325 66.86 43.6000 100.0 23.268 30.453
62.334 66.87 43.5900 100.0 23.276 30.469
62.345 66.87 43.5900 100.0 23.279 30.486
62.355 66.87 43.5900 100.0 23.278 30.462
62.365 66.87 43.5900 100.0 23.282 30.466
62.375 66.87 43.5900 100.0 23.287 30.488
62.384 66.88 43.5900 100.0 23.286 30.466
62.395 66.88 43.5900 100.0 23.291 30.473
62.405 66.88 43.5800 100.0 23.296 30.495
62.414 66.88 43.5800 100.0 23.302 30.489
62.424 66.88 43.5800 100.0 23.308 30.499
62.435 66.89 43.5800 100.0 23.307 30.507
62.444 66.89 43.5800 100.0 23.310 30.494
62.455 66.89 43.5800 100.0 23.310 30.488
62.464 66.89 43.5800 100.0 23.310 30.496
62.474 66.89 43.5700 100.0 23.323 30.511
62.485 66.90 43.5700 100.0 23.322 30.500
62.495 66.90 43.5700 100.0 23.328 30.526
62.503 66.90 43.5700 100.0 23.330 30.510
62.515 66.90 43.5600 100.0 23.337 30.524
62.525 66.90 43.5600 100.0 23.348 30.560
62.535 66.91 43.5600 100.0 23.342 30.524
62.544 66.91 43.5600 100.0 23.345 30.526
62.555 66.91 43.5600 100.0 23.354 30.559
62.565 66.91 43.5500 100.0 23.357 30.546
62.575 66.91 43.5600 100.0 23.355 30.535
62.584 66.92 43.5500 100.0 23.365 30.570
62.595 66.92 43.5600 100.0 23.360 30.535
62.605 66.92 43.5500 100.0 23.366 30.547
62.614 66.92 43.5500 100.0 23.374 30.576
62.625 66.92 43.5400 100.0 23.383 30.581
62.634 66.93 43.5500 100.0 23.380 30.566
62.644 66.93 43.5500 100.0 23.377 30.567
62.655 66.93 43.5500 100.0 23.384 30.563
62.665 66.93 43.5400 100.0 23.393 30.582
62.674 66.93 43.5400 100.0 23.393 30.591
62.685 66.94 43.5400 100.0 23.398 30.583
62.695 66.94 43.5300 100.0 23.402 30.589
62.705 66.94 43.5400 100.0 23.402 30.598
62.714 66.94 43.5400 100.0 23.403 30.579
62.725 66.94 43.5300 100.0 23.416 30.607
62.735 66.95 43.5300 100.0 23.416 30.616
62.745 66.95 43.5400 100.0 23.410 30.580
62.753 66.95 43.5300 100.0 23.417 30.593
62.765 66.95 43.5300 100.0 23.420 30.610
62.775 66.95 43.5300 100.0 23.425 30.602
62.784 66.96 43.5300 100.0 23.426 30.599
62.794 66.96 43.5200 100.0 23.433 30.625
62.805 66.96 43.5200 100.0 23.435 30.609
62.815 66.96 43.5200 100.0 23.438 30.614
62.825 66.96 43.5200 100.0 23.441 30.629
62.833 66.97 43.5100 100.0 23.451 30.636
62.845 66.97 43.5100 100.0 23.454 30.638
62.855 66.97 43.5200 100.0 23.452 30.642
62.864 66.97 43.5200 100.0 23.455 30.628
62.875 66.97 43.5100 100.0 23.460 30.636
62.884 66.97 43.5100 100.0 23.463 30.654
62.894 66.98 43.5100 100.0 23.468 30.645
62.905 66.98 43.5100 100.0 23.465 30.631
62.915 66.98 43.5100 100.0 23.468 30.647
62.924 66.98 43.5000 100.0 23.480 30.657
62.936 66.98 43.5000 100.0 23.481 30.655
62.946 66.99 43.5000 100.0 23.484 30.671
62.956 66.99 43.5100 100.0 23.483 30.650
62.965 66.99 43.5000 100.0 23.491 30.664
62.976 66.99 43.4900 100.0 23.502 30.701
62.986 66.99 43.5000 100.0 23.498 30.671
62.996 67.00 43.5000 100.0 23.495 30.658
63.005 67.00 43.4900 100.0 23.511 30.710
63.016 67.00 43.4900 100.0 23.512 30.691
63.026 67.00 43.4900 100.0 23.516 30.694
63.035 67.00 43.4900 100.0 23.515 30.702
63.045 67.01 43.4900 100.0 23.521 30.697
63.057 67.01 43.4900 100.0 23.519 30.685
63.066 67.01 43.4800 100.0 23.526 30.713
63.075 67.01 43.4900 100.0 23.525 30.688
63.085 67.01 43.4900 100.0 23.529 30.693
63.096 67.02 43.4900 100.0 23.527 30.697
63.105 67.02 43.4800 100.0 23.535 30.697
63.116 67.02 43.4800 100.0 23.540 30.704
63.125 67.02 43.4800 100.0 23.542 30.719
63.135 67.02 43.4700 100.0 23.552 30.725
63.146 67.03 43.4700 100.0 23.555 30.727
63.156 67.03 43.4700 100.0 23.563 30.759
63.165 67.03 43.4700 100.0 23.559 30.726
63.175 67.03 43.4700 100.0 23.564 30.732
63.186 67.03 43.4600 100.0 23.573 30.767
63.196 67.04 43.4600 100.0 23.574 30.747
63.206 67.04 43.4600 100.0 23.574 30.743
63.215 67.04 43.4700 100.0 23.575 30.754
63.226 67.04 43.4700 100.0 23.575 30.731
63.236 67.04 43.4600 100.0 23.587 30.759
63.245 67.05 43.4600 100.0 23.587 30.768
63.255 67.05 43.4600 100.0 23.590 30.755
63.266 67.05 43.4700 100.0 23.585 30.735
63.275 67.05 43.4500 100.0 23.601 30.787
63.286 67.05 43.4500 100.0 23.606 30.779
63.295 67.06 43.4500 100.0 23.609 30.781
63.305 67.06 43.4400 100.0 23.619 30.816
63.316 67.06 43.4500 100.0 23.615 30.787
63.326 67.06 43.4400 100.0 23.621 30.795
63.335 67.06 43.4400 100.0 23.621 30.806
63.346 67.07 43.4400 100.0 23.625 30.795
63.355 67.07 43.4500 100.0 23.619 30.774
63.366 67.07 43.4400 100.0 23.629 30.807
63.375 67.07 43.4400 100.0 23.632 30.796
63.385 67.07 43.4400 100.0 23.632 30.788
63.396 67.08 43.4400 100.0 23.641 30.821
63.406 67.08 43.4400 100.0 23.639 30.797
63.416 67.08 43.4300 100.0 23.647 30.810
63.425 67.08 43.4300 100.0 23.652 30.835
63.436 67.08 43.4400 100.0 23.648 30.801
63.446 67.09 43.4300 100.0 23.657 30.819
63.456 67.09 43.4200 100.0 23.664 30.848
63.464 67.09 43.4300 100.0 23.665 30.830
63.476 67.09 43.4300 100.0 23.667 30.828
63.486 67.09 43.4300 100.0 23.663 30.826
63.495 67.10 43.4200 100.0 23.676 30.841
63.505 67.10 43.4100 100.0 23.686 30.861
63.516 67.10 43.4200 100.0 23.684 30.865
63.526 67.10 43.4200 100.0 23.684 30.844
63.536 67.10 43.4200 100.0 23.683 30.836
63.545 67.11 43.4200 100.0 23.690 30.864
63.556 67.11 43.4200 100.0 23.689 30.840
63.566 67.11 43.4200 100.0 23.686 30.826
63.575 67.11 43.4100 100.0 23.703 30.880
63.585 67.11 43.4100 100.0 23.705 30.863
63.596 67.12 43.4100 100.0 23.711 30.875
63.605 67.12 43.4000 100.0 23.717 30.900
63.616 67.12 43.4000 100.0 23.723 30.895
63.625 67.12 43.4000 100.0 23.722 30.885
63.635 67.12 43.4000 100.0 23.724 30.899
63.646 67.13 43.4000 100.0 23.726 30.885
63.656 67.13 43.4000 100.0 23.732 30.894
63.666 67.13 43.4000 100.0 23.729 30.897
63.675 67.13 43.4000 100.0 23.730 30.878
63.686 67.13 43.4000 100.0 23.736 30.887
63.696 67.14 43.3900 100.0 23.746 30.924
63.706 67.14 43.4000 100.0 23.741 30.887
63.715 67.14 43.4000 100.0 23.745 30.894
63.726 67.14 43.3900 100.0 23.752 30.922
63.736 67.14 43.3900 100.0 23.757 30.913
63.745 67.15 43.3900 100.0 23.760 30.916
63.755 67.15 43.3900 100.0 23.760 30.925
63.766 67.15 43.3800 100.0 23.771 30.934
63.775 67.15 43.3800 100.0 23.772 30.928
63.786 67.15 43.3800 100.0 23.774 30.944
63.795 67.16 43.3800 100.0 23.773 30.920
63.805 67.16 43.3800 100.0 23.780 30.932
63.816 67.16 43.3800 100.0 23.780 30.942
63.826 67.16 43.3800 100.0 23.781 30.922
63.835 67.16 43.3800 100.0 23.785 30.928
63.846 67.17 43.3700 100.0 23.792 30.956
63.856 67.17 43.3700 100.0 23.799 30.954
63.866 67.17 43.3800 100.0 23.794 30.933
63.875 67.17 43.3700 100.0 23.798 30.954
63.885 67.17 43.3700 100.0 23.807 30.958
63.896 67.18 43.3700 100.0 23.811 30.961
63.906 67.18 43.3700 100.0 23.812 30.973
63.916 67.18 43.3600 100.0 23.817 30.965
63.926 67.18 43.3700 100.0 23.813 30.950
63.936 67.18 43.3600 100.0 23.823 30.986
63.946 67.19 43.3600 100.0 23.830 30.984
63.957 67.19 43.3600 100.0 23.832 30.982
63.966 67.19 43.3500 100.0 23.839 31.009
63.977 67.19 43.3600 100.0 23.833 30.974
63.987 67.19 43.3500 100.0 23.842 30.992
63.997 67.20 43.3500 100.0 23.846 31.012
64.006 67.20 43.3600 100.0 23.840 30.973
64.017 67.20 43.3500 100.0 23.846 30.983
64.026 67.20 43.3500 100.0 23.852 31.010
64.037 67.20 43.3500 100.0 23.853 30.991
64.046 67.21 43.3400 100.0 23.863 31.012
64.056 67.21 43.3500 100.0 23.858 31.006
64.067 67.21 43.3400 100.0 23.872 31.023
64.077 67.21 43.3400 100.0 23.874 31.022
64.085 67.21 43.3400 100.0 23.876 31.037
64.097 67.22 43.3400 100.0 23.874 31.011
64.107 67.22 43.3400 100.0 23.881 31.023
64.117 67.22 43.3300 100.0 23.885 31.045
64.126 67.22 43.3300 100.0 23.893 31.044
64.136 67.22 43.3300 100.0 23.892 31.034
64.147 67.23 43.3300 100.0 23.891 31.042
64.157 67.23 43.3200 100.0 23.904 31.056
64.166 67.23 43.3300 100.0 23.902 31.043
64.177 67.23 43.3300 100.0 23.902 31.052
64.187 67.23 43.3200 100.0 23.911 31.056
64.196 67.24 43.3300 100.0 23.909 31.045
64.207 67.24 43.3200 100.0 23.916 31.071
64.216 67.24 43.3300 100.0 23.912 31.042
64.227 67.24 43.3200 100.0 23.927 31.074
64.237 67.24 43.3100 100.0 23.931 31.095
64.247 67.25 43.3200 100.0 23.928 31.066
64.256 67.25 43.3100 100.0 23.933 31.073
64.267 67.25 43.3100 100.0 23.937 31.092
64.276 67.25 43.3100 100.0 23.944 31.090
64.287 67.25 43.3100 100.0 23.941 31.075
64.296 67.26 43.3100 100.0 23.946 31.100
64.306 67.26 43.3000 100.0 23.954 31.099
64.317 67.26 43.3200 100.0 23.945 31.069
64.327 67.26 43.3000 100.0 23.960 31.119
64.335 67.26 43.3100 100.0 23.959 31.094
64.347 67.27 43.3000 100.0 23.968 31.113
64.357 67.27 43.3000 100.0 23.967 31.119
64.367 67.27 43.3000 100.0 23.973 31.115
64.376 67.27 43.2900 100.0 23.981 31.130
64.387 67.27 43.3000 100.0 23.978 31.132
64.397 67.28 43.2900 100.0 23.984 31.126
64.407 67.28 43.2900 100.0 23.983 31.118
64.416 67.28 43.2900 100.0 23.988 31.139
64.427 67.28 43.2900 100.0 23.990 31.124
64.437 67.28 43.2900 100.0 23.997 31.137
64.446 67.29 43.2900 100.0 24.000 31.155
64.457 67.29 43.2800 100.0 24.006 31.149
64.466 67.29 43.2900 100.0 23.997 31.117
64.477 67.29 43.2900 100.0 24.007 31.154
64.487 67.29 43.2800 100.0 24.011 31.144
64.496 67.30 43.2800 100.0 24.015 31.150
64.506 67.30 43.2800 100.0 24.016 31.162
64.517 67.30 43.2700 100.0 24.030 31.177
64.526 67.30 43.2800 100.0 24.022 31.149
64.537 67.30 43.2800 100.0 24.028 31.174
64.546 67.31 43.2700 100.0 24.037 31.177
64.556 67.31 43.2700 100.0 24.042 31.184
64.567 67.31 43.2700 100.0 24.037 31.180
64.577 67.31 43.2600 100.0 24.048 31.188
64.586 67.31 43.2700 100.0 24.040 31.160
64.597 67.32 43.2700 100.0 24.047 31.190
64.606 67.32 43.2600 100.0 24.054 31.188
64.617 67.32 43.2700 100.0 24.054 31.181
64.626 67.32 43.2600 100.0 24.063 31.216
64.636 67.32 43.2500 100.0 24.070 31.211
64.647 67.33 43.2600 100.0 24.063 31.188
64.657 67.33 43.2500 100.0 24.078 31.236
64.666 67.33 43.2600 100.0 24.072 31.200
64.677 67.33 43.2600 100.0 24.074 31.198
64.687 67.33 43.2400 100.0 24.089 31.248
64.696 67.34 43.2500 100.0 24.084 31.213
64.707 67.34 43.2600 100.0 24.076 31.187
64.716 67.34 43.2500 100.0 24.087 31.225
64.726 67.34 43.2600 100.0 24.084 31.195
64.737 67.34 43.2500 100.0 24.094 31.216
64.747 67.35 43.2600 100.0 24.089 31.213
64.756 67.35 43.2500 100.0 24.102 31.227
64.767 67.35 43.2500 100.0 24.102 31.221
64.777 67.35 43.2400 100.0 24.110 31.250
64.787 67.35 43.2400 100.0 24.113 31.236
64.796 67.36 43.2300 100.0 24.121 31.254
64.806 67.36 43.2400 100.0 24.123 31.267
64.817 67.36 43.2300 100.0 24.128 31.260
64.827 67.36 43.2200 100.0 24.140 31.285
64.835 67.36 43.2300 100.0 24.132 31.272
64.847 67.37 43.2400 100.0 24.130 31.248
64.857 67.37 43.2300 100.0 24.140 31.269
64.867 67.37 43.2300 100.0 24.140 31.278
64.876 67.37 43.2300 100.0 24.138 31.251
64.887 67.37 43.2300 100.0 24.141 31.252
64.897 67.38 43.2300 100.0 24.147 31.278
64.907 67.38 43.2300 100.0 24.146 31.255
64.916 67.38 43.2200 100.0 24.156 31.274
64.927 67.38 43.2100 100.0 24.170 31.321
64.937 67.38 43.2200 100.0 24.163 31.281
64.947 67.39 43.2200 100.0 24.161 31.271
64.958 67.39 43.2100 100.0 24.174 31.314
64.967 67.39 43.2100 100.0 24.179 31.306
64.977 67.39 43.2200 100.0 24.175 31.290
64.988 67.39 43.2100 100.0 24.185 31.327
64.998 67.40 43.2100 100.0 24.190 31.318
65.006 67.40 43.2100 100.0 24.187 31.304
65.018 67.40 43.2000 100.0 24.197 31.339
65.028 67.40 43.2100 100.0 24.196 31.315
65.037 67.40 43.2100 100.0 24.198 31.316
65.047 67.41 43.2100 100.0 24.195 31.317
65.058 67.41 43.2000 100.0 24.204 31.320
65.068 67.41 43.1900 100.0 24.216 31.345
65.078 67.41 43.2000 100.0 24.214 31.351
65.087 67.41 43.2000 100.0 24.214 31.330
65.098 67.42 43.2000 100.0 24.219 31.337
65.108 67.42 43.1900 100.0 24.228 31.371
65.118 67.42 43.1900 100.0 24.232 31.359
65.127 67.42 43.1900 100.0 24.232 31.352
65.138 67.42 43.1800 100.0 24.241 31.388
65.148 67.43 43.1800 100.0 24.243 31.370
65.158 67.43 43.1800 100.0 24.250 31.383
65.167 67.43 43.1800 100.0 24.251 31.394
65.177 67.43 43.1800 100.0 24.251 31.375
65.188 67.43 43.1800 100.0 24.249 31.363
65.198 67.44 43.1800 100.0 24.260 31.401
65.207 67.44 43.1700 100.0 24.263 31.388
65.217 67.44 43.1700 100.0 24.269 31.399
65.228 67.44 43.1800 100.0 24.265 31.396
65.237 67.44 43.1700 100.0 24.274 31.400
65.248 67.45 43.1700 100.0 24.273 31.390
65.257 67.45 43.1600 100.0 24.286 31.436
65.267 67.45 43.1600 100.0 24.287 31.415
65.278 67.45 43.1700 100.0 24.283 31.399
65.288 67.45 43.1600 100.0 24.290 31.429
65.296 67.46 43.1600 100.0 24.293 31.415
65.308 67.46 43.1600 100.0 24.296 31.417
65.318 67.46 43.1600 100.0 24.302 31.442
65.327 67.46 43.1600 100.0 24.302 31.422
65.337 67.46 43.1600 100.0 24.303 31.416
65.348 67.47 43.1600 100.0 24.303 31.426
65.358 67.47 43.1500 100.0 24.318 31.445
65.368 67.47 43.1600 100.0 24.310 31.418
65.376 67.47 43.1500 100.0 24.321 31.457
65.388 67.47 43.1500 100.0 24.320 31.432
65.398 67.48 43.1500 100.0 24.321 31.431
65.407 67.48 43.1500 100.0 24.330 31.462
65.417 67.48 43.1400 100.0 24.339 31.466
65.428 67.48 43.1500 100.0 24.332 31.442
65.437 67.48 43.1300 100.0 24.350 31.498
65.448 67.49 43.1500 100.0 24.337 31.444
65.458 67.49 43.1400 100.0 24.346 31.461
65.467 67.49 43.1400 100.0 24.351 31.483
65.478 67.49 43.1400 100.0 24.352 31.466
65.488 67.49 43.1400 100.0 24.356 31.470
65.498 67.50 43.1400 100.0 24.354 31.474
65.507 67.50 43.1400 100.0 24.361 31.472
65.518 67.50 43.1300 100.0 24.369 31.487
65.528 67.50 43.1400 100.0 24.364 31.484
65.538 67.50 43.1300 100.0 24.373 31.485
65.547 67.51 43.1300 100.0 24.373 31.478
65.558 67.51 43.1300 100.0 24.378 31.502
65.568 67.51 43.1300 100.0 24.378 31.481
65.577 67.51 43.1200 100.0 24.391 31.509
65.587 67.51 43.1300 100.0 24.381 31.493
65.598 67.52 43.1200 100.0 24.390 31.497
65.608 67.52 43.1100 100.0 24.406 31.533
65.618 67.52 43.1300 100.0 24.391 31.502
65.627 67.52 43.1200 100.0 24.397 31.497
65.637 67.52 43.1200 100.0 24.408 31.518
65.648 67.53 43.1200 100.0 24.406 31.524
65.658 67.53 43.1100 100.0 24.417 31.532
65.666 67.53 43.1200 100.0 24.412 31.511
65.678 67.53 43.1100 100.0 24.426 31.559
65.689 67.53 43.1100 100.0 24.425 31.534
65.698 67.54 43.1000 100.0 24.438 31.563
65.707 67.54 43.1100 100.0 24.431 31.555
65.717 67.54 43.1000 100.0 24.441 31.560
65.728 67.54 43.1100 100.0 24.433 31.533
65.737 67.54 43.1000 100.0 24.443 31.569
65.748 67.55 43.1000 100.0 24.446 31.556
65.757 67.55 43.1000 100.0 24.446 31.549
65.767 67.55 43.1000 100.0 24.449 31.567
65.778 67.55 43.0900 100.0 24.459 31.572
65.788 67.55 43.0900 100.0 24.464 31.581
65.796 67.56 43.0900 100.0 24.468 31.599
65.808 67.56 43.1000 100.0 24.461 31.561
65.818 67.56 43.1000 100.0 24.459 31.549
65.828 67.56 43.0900 100.0 24.468 31.583
65.837 67.56 43.0800 100.0 24.479 31.591
65.848 67.57 43.0900 100.0 24.478 31.582
65.858 67.57 43.0900 100.0 24.482 31.602
65.868 67.57 43.0800 100.0 24.485 31.588
65.876 67.57 43.0800 100.0 24.494 31.608
65.888 67.57 43.0800 100.0 24.490 31.606
65.898 67.58 43.0800 100.0 24.493 31.591
65.907 67.58 43.0800 100.0 24.497 31.597
65.917 67.58 43.0800 100.0 24.503 31.623
65.928 67.58 43.0700 100.0 24.508 31.614
65.938 67.58 43.0700 100.0 24.518 31.634
65.948 67.59 43.0700 100.0 24.512 31.629
65.958 67.59 43.0700 100.0 24.522 31.633
65.968 67.59 43.0700 100.0 24.516 31.613
65.978 67.59 43.0600 100.0 24.528 31.654
65.988 67.59 43.0700 100.0 24.526 31.628
65.999 67.60 43.0600 100.0 24.532 31.638
66.008 67.60 43.0600 100.0 24.536 31.658
66.018 67.60 43.0700 100.0 24.532 31.626
66.029 67.60 43.0600 100.0 24.541 31.642
66.039 67.60 43.0600 100.0 24.543 31.659
66.048 67.61 43.0600 100.0 24.543 31.638
66.059 67.61 43.0600 100.0 24.548 31.644
66.068 67.61 43.0500 100.0 24.558 31.679
66.079 67.61 43.0500 100.0 24.563 31.671
66.088 67.61 43.0500 100.0 24.559 31.655
66.099 67.61 43.0500 100.0 24.562 31.672
66.109 67.62 43.0500 100.0 24.567 31.664
66.119 67.62 43.0400 100.0 24.575 31.681
66.127 67.62 43.0500 100.0 24.574 31.686
66.139 67.62 43.0500 100.0 24.574 31.666
66.149 67.62 43.0400 100.0 24.581 31.677
66.159 67.63 43.0500 100.0 24.577 31.676
66.168 67.63 43.0500 100.0 24.579 31.663
66.179 67.63 43.0400 100.0 24.591 31.689
66.189 67.63 43.0500 100.0 24.584 31.678
66.199 67.63 43.0400 100.0 24.596 31.688
66.208 67.64 43.0400 100.0 24.593 31.676
66.219 67.64 43.0300 100.0 24.605 31.717
66.229 67.64 43.0400 100.0 24.603 31.691
66.238 67.64 43.0400 100.0 24.608 31.697
66.249 67.64 43.0200 100.0 24.624 31.750
66.258 67.65 43.0200 100.0 24.626 31.733
66.269 67.65 43.0300 100.0 24.619 31.709
66.279 67.65 43.0400 100.0 24.615 31.708
66.288 67.65 43.0200 100.0 24.629 31.723
66.298 67.65 43.0200 100.0 24.636 31.738
66.309 67.66 43.0300 100.0 24.631 31.733
66.318 67.66 43.0300 100.0 24.633 31.717
66.329 67.66 43.0200 100.0 24.639 31.727
66.338 67.66 43.0300 100.0 24.635 31.726
66.349 67.66 43.0200 100.0 24.648 31.738
66.359 67.67 43.0200 100.0 24.649 31.735
66.369 67.67 43.0200 100.0 24.653 31.757
66.378 67.67 43.0100 100.0 24.656 31.743
66.389 67.67 43.0100 100.0 24.658 31.743
66.398 67.67 43.0100 100.0 24.664 31.768
66.409 67.68 43.0100 100.0 24.666 31.751
66.418 67.68 43.0100 100.0 24.667 31.747
66.429 67.68 43.0100 100.0 24.666 31.756
66.439 67.68 43.0000 100.0 24.679 31.769
66.449 67.68 43.0100 100.0 24.672 31.744
66.458 67.69 43.0000 100.0 24.686 31.792
66.469 67.69 43.0000 100.0 24.686 31.769
66.479 67.69 43.0000 100.0 24.694 31.786
66.489 67.69 43.0000 100.0 24.689 31.781
66.499 67.69 43.0000 100.0 24.698 31.785
66.507 67.70 43.0000 100.0 24.699 31.781
66.519 67.70 43.0000 100.0 24.699 31.790
66.529 67.70 43.0000 100.0 24.703 31.780
66.538 67.70 42.9900 100.0 24.717 31.811
66.548 67.70 42.9900 100.0 24.714 31.812
66.559 67.71 42.9800 100.0 24.724 31.817
66.569 67.71 42.9900 100.0 24.722 31.808
66.579 67.71 42.9900 100.0 24.719 31.808
66.588 67.71 42.9900 100.0 24.724 31.799
66.599 67.71 42.9900 100.0 24.729 31.808
66.609 67.72 42.9800 100.0 24.732 31.824
66.619 67.72 42.9800 100.0 24.736 31.813
66.628 67.72 42.9800 100.0 24.737 31.812
66.639 67.72 42.9800 100.0 24.741 31.832
66.649 67.72 42.9800 100.0 24.749 31.832
66.659 67.73 42.9800 100.0 24.748 31.824
66.668 67.73 42.9800 100.0 24.753 31.844
66.678 67.73 42.9700 100.0 24.759 31.841
66.689 67.73 42.9700 100.0 24.761 31.840
66.699 67.73 42.9700 100.0 24.762 31.851
66.708 67.74 42.9700 100.0 24.767 31.843
66.719 67.74 42.9700 100.0 24.764 31.830
66.729 67.74 42.9800 100.0 24.765 31.841
66.738 67.74 42.9800 100.0 24.766 31.822
66.749 67.74 42.9700 100.0 24.774 31.840
66.758 67.75 42.9600 100.0 24.783 31.873
66.768 67.75 42.9600 100.0 24.785 31.857
66.779 67.75 42.9500 100.0 24.799 31.887
66.789 67.75 42.9600 100.0 24.795 31.885
66.798 67.75 42.9600 100.0 24.796 31.868
66.809 67.76 42.9600 100.0 24.800 31.873
66.819 67.76 42.9500 100.0 24.808 31.903
66.829 67.76 42.9500 100.0 24.809 31.884
66.838 67.76 42.9500 100.0 24.814 31.893
66.848 67.76 42.9500 100.0 24.813 31.899
66.859 67.77 42.9500 100.0 24.817 31.889
66.869 67.77 42.9600 100.0 24.813 31.872
66.877 67.77 42.9500 100.0 24.817 31.893
66.889 67.77 42.9500 100.0 24.825 31.894
66.899 67.77 42.9400 100.0 24.830 31.901
66.908 67.78 42.9500 100.0 24.828 31.905
66.918 67.78 42.9400 100.0 24.839 31.913
66.929 67.78 42.9400 100.0 24.837 31.900
66.939 67.78 42.9400 100.0 24.845 31.931
66.949 67.78 42.9300 100.0 24.852 31.929
66.958 67.79 42.9400 100.0 24.850 31.918
66.969 67.79 42.9300 100.0 24.857 31.946
66.979 67.79 42.9300 100.0 24.858 31.926
66.989 67.79 42.9400 100.0 24.856 31.917
67.000 67.79 42.9200 100.0 24.873 31.970
67.009 67.80 42.9300 100.0 24.862 31.920
67.019 67.80 42.9300 100.0 24.873 31.943
67.030 67.80 42.9400 100.0 24.865 31.933
67.040 67.80 42.9300 100.0 24.869 31.920
67.049 67.80 42.9400 100.0 24.869 31.916
67.060 67.81 42.9300 100.0 24.875 31.940
67.070 67.81 42.9200 100.0 24.885 31.946
67.079 67.81 42.9300 100.0 24.882 31.934
67.089 67.81 42.9200 100.0 24.890 31.962
67.100 67.81 42.9200 100.0 24.894 31.954
67.109 67.82 42.9200 100.0 24.896 31.953
67.120 67.82 42.9100 100.0 24.906 31.988
67.129 67.82 42.9200 100.0 24.903 31.960
67.139 67.82 42.9200 100.0 24.905 31.959
67.150 67.82 42.9100 100.0 24.910 31.982
67.160 67.83 42.9100 100.0 24.918 31.981
67.168 67.83 42.9100 100.0 24.919 31.979
67.180 67.83 42.9100 100.0 24.920 31.990
67.190 67.83 42.9100 100.0 24.927 31.987
67.200 67.83 42.9000 100.0 24.930 31.989
67.209 67.84 42.9000 100.0 24.932 32.004
67.220 67.84 42.9000 100.0 24.934 31.988
67.230 67.84 42.9100 100.0 24.934 31.983
67.240 67.84 42.9000 100.0 24.940 32.008
67.249 67.84 42.9000 100.0 24.941 31.990
67.259 67.85 42.9000 100.0 24.942 31.987
67.270 67.85 42.8900 100.0 24.956 32.034
67.279 67.85 42.9000 100.0 24.947 31.987
67.290 67.85 42.9000 100.0 24.948 31.986
67.299 67.85 42.8900 100.0 24.960 32.026
67.309 67.86 42.9000 100.0 24.955 31.993
67.320 67.86 42.9000 100.0 24.959 31.998
67.330 67.86 42.9000 100.0 24.964 32.019
67.339 67.86 42.9000 100.0 24.967 32.006
67.350 67.86 42.8900 100.0 24.970 32.010
67.359 67.87 42.8900 100.0 24.979 32.042
67.370 67.87 42.8900 100.0 24.978 32.017
67.379 67.87 42.8800 100.0 24.986 32.034
67.389 67.87 42.8800 100.0 24.989 32.051
67.400 67.87 42.8800 100.0 24.996 32.048
67.410 67.88 42.8800 100.0 25.001 32.055
67.419 67.88 42.8800 100.0 25.001 32.066
67.430 67.88 42.8700 100.0 25.006 32.058
67.440 67.88 42.8800 100.0 24.999 32.032
67.450 67.88 42.8800 100.0 25.006 32.061
67.459 67.89 42.8700 100.0 25.016 32.066
67.469 67.89 42.8800 100.0 25.013 32.052
67.480 67.89 42.8700 100.0 25.020 32.079
67.490 67.89 42.8700 100.0 25.024 32.071
67.499 67.89 42.8600 100.0 25.031 32.083
67.509 67.90 42.8600 100.0 25.034 32.099
67.520 67.90 42.8700 100.0 25.032 32.074
67.530 67.90 42.8700 100.0 25.034 32.074
67.540 67.90 42.8600 100.0 25.040 32.099
67.549 67.90 42.8600 100.0 25.040 32.077
67.560 67.91 42.8700 100.0 25.040 32.072
67.570 67.91 42.8600 100.0 25.044 32.093
67.580 67.91 42.8600 100.0 25.052 32.093
67.589 67.91 42.8600 100.0 25.048 32.074
67.600 67.91 42.8600 100.0 25.053 32.099
67.609 67.92 42.8600 100.0 25.054 32.079
67.620 67.92 42.8500 100.0 25.065 32.102
67.629 67.92 42.8500 100.0 25.065 32.113
67.639 67.92 42.8500 100.0 25.073 32.112
67.650 67.92 42.8500 100.0 25.075 32.111
67.660 67.93 42.8400 100.0 25.084 32.145
67.669 67.93 42.8500 100.0 25.077 32.106
67.680 67.93 42.8400 100.0 25.089 32.131
67.690 67.93 42.8500 100.0 25.086 32.133
67.700 67.93 42.8400 100.0 25.092 32.129
67.709 67.94 42.8400 100.0 25.095 32.129
67.719 67.94 42.8400 100.0 25.093 32.135
67.730 67.94 42.8400 100.0 25.105 32.144
67.740 67.94 42.8400 100.0 25.100 32.126
67.749 67.94 42.8400 100.0 25.107 32.153
67.759 67.95 42.8300 100.0 25.115 32.153
67.770 67.95 42.8300 100.0 25.117 32.153
67.779 67.95 42.8400 100.0 25.113 32.151
67.790 67.95 42.8300 100.0 25.124 32.160
67.799 67.95 42.8300 100.0 25.120 32.145
67.810 67.96 42.8300 100.0 25.126 32.171
67.820 67.96 42.8300 100.0 25.132 32.165
67.829 67.96 42.8300 100.0 25.135 32.166
67.839 67.96 42.8300 100.0 25.130 32.164
67.850 67.96 42.8300 100.0 25.133 32.149
67.859 67.97 42.8300 100.0 25.141 32.165
67.870 67.97 42.8300 100.0 25.137 32.164
67.879 67.97 42.8300 100.0 25.142 32.156
67.889 67.97 42.8300 100.0 25.145 32.158
67.900 67.97 42.8200 100.0 25.151 32.185
67.910 67.98 42.8200 100.0 25.156 32.177
67.918 67.98 42.8200 100.0 25.159 32.179
67.930 67.98 42.8100 100.0 25.168 32.212
67.940 67.98 42.8200 100.0 25.164 32.180
67.949 67.98 42.8200 100.0 25.169 32.186
67.959 67.99 42.8100 100.0 25.176 32.216
67.970 67.99 42.8100 100.0 25.181 32.207
67.980 67.99 42.8100 100.0 25.184 32.209
67.990 67.99 42.8100 100.0 25.183 32.217
67.999 67.99 42.8100 100.0 25.184 32.198
68.009 68.00 42.8100 100.0 25.188 32.203
68.020 68.00 42.8100 100.0 25.191 32.219
68.030 68.00 42.8000 100.0 25.196 32.212
68.041 68.00 42.8100 100.0 25.195 32.204
68.050 68.00 42.8000 100.0 25.202 32.232
68.060 68.01 42.8000 100.0 25.209 32.229
68.071 68.01 42.7900 100.0 25.213 32.235
68.081 68.01 42.8000 100.0 25.210 32.236
68.090 68.01 42.8000 100.0 25.216 32.231
68.101 68.01 42.7900 100.0 25.221 32.237
68.110 68.02 42.8000 100.0 25.216 32.235
68.121 68.02 42.8000 100.0 25.218 32.217
68.130 68.02 42.7900 100.0 25.228 32.240
68.140 68.02 42.8000 100.0 25.224 32.238
68.151 68.02 42.7900 100.0 25.229 32.231
68.161 68.03 42.7900 100.0 25.234 32.236
68.170 68.03 42.7900 100.0 25.235 32.249
68.181 68.03 42.7900 100.0 25.242 32.248
68.191 68.03 42.7800 100.0 25.248 32.258
68.201 68.03 42.7800 100.0 25.255 32.285
68.210 68.04 42.7800 100.0 25.254 32.262
68.220 68.04 42.7800 100.0 25.259 32.269
68.231 68.04 42.7800 100.0 25.263 32.289
68.241 68.04 42.7700 100.0 25.273 32.296
68.250 68.04 42.7800 100.0 25.268 32.277
68.261 68.05 42.7800 100.0 25.269 32.289
68.271 68.05 42.7800 100.0 25.265 32.257
68.281 68.05 42.7800 100.0 25.269 32.262
68.291 68.05 42.7700 100.0 25.277 32.292
68.300 68.05 42.7700 100.0 25.284 32.290
68.311 68.06 42.7700 100.0 25.290 32.298
68.321 68.06 42.7700 100.0 25.292 32.313
68.331 68.06 42.7700 100.0 25.288 32.282
68.340 68.06 42.7600 100.0 25.297 32.302
68.350 68.06 42.7700 100.0 25.298 32.314
68.361 68.07 42.7600 100.0 25.301 32.299
68.371 68.07 42.7600 100.0 25.304 32.301
68.380 68.07 42.7700 100.0 25.298 32.295
68.391 68.07 42.7600 100.0 25.308 32.300
68.401 68.07 42.7600 100.0 25.315 32.313
68.411 68.08 42.7600 100.0 25.312 32.315
68.420 68.08 42.7500 100.0 25.324 32.327
68.430 68.08 42.7600 100.0 25.319 32.306
68.441 68.08 42.7600 100.0 25.321 32.322
68.451 68.08 42.7500 100.0 25.329 32.322
68.459 68.09 42.7500 100.0 25.331 32.320
68.471 68.09 42.7500 100.0 25.335 32.341
68.481 68.09 42.7500 100.0 25.342 32.339
68.491 68.09 42.7500 100.0 25.345 32.341
68.500 68.09 42.7600 100.0 25.338 32.331
68.510 68.10 42.7400 100.0 25.353 32.351
68.521 68.10 42.7500 100.0 25.352 32.343
68.531 68.10 42.7400 100.0 25.359 32.370
68.540 68.10 42.7500 100.0 25.351 32.327
68.550 68.10 42.7400 100.0 25.361 32.348
68.561 68.11 42.7500 100.0 25.358 32.350
68.570 68.11 42.7400 100.0 25.367 32.353
68.581 68.11 42.7400 100.0 25.371 32.358
68.590 68.11 42.7300 100.0 25.380 32.391
68.600 68.11 42.7300 100.0 25.386 32.385
68.611 68.12 42.7300 100.0 25.383 32.372
68.621 68.12 42.7300 100.0 25.389 32.399
68.629 68.12 42.7300 100.0 25.394 32.391
68.641 68.12 42.7300 100.0 25.391 32.377
68.651 68.12 42.7300 100.0 25.389 32.381
68.660 68.13 42.7300 100.0 25.392 32.368
68.670 68.13 42.7200 100.0 25.403 32.392
68.681 68.13 42.7300 100.0 25.400 32.392
68.691 68.13 42.7300 100.0 25.402 32.377
68.701 68.13 42.7300 100.0 25.406 32.381
68.710 68.14 42.7300 100.0 25.409 32.398
68.721 68.14 42.7300 100.0 25.410 32.381
68.731 68.14 42.7200 100.0 25.417 32.392
68.740 68.14 42.7200 100.0 25.417 32.402
68.750 68.14 42.7200 100.0 25.428 32.411
68.761 68.15 42.7200 100.0 25.428 32.404
68.770 68.15 42.7200 100.0 25.430 32.420
68.781 68.15 42.7200 100.0 25.426 32.389
68.791 68.15 42.7100 100.0 25.436 32.410
68.800 68.15 42.7200 100.0 25.436 32.418
68.811 68.16 42.7100 100.0 25.443 32.415
68.821 68.16 42.7200 100.0 25.442 32.408
68.831 68.16 42.7100 100.0 25.448 32.432
68.840 68.16 42.7100 100.0 25.453 32.425
68.850 68.16 42.7100 100.0 25.454 32.421
68.861 68.17 42.7100 100.0 25.456 32.436
68.871 68.17 42.7000 100.0 25.468 32.447
68.879 68.17 42.7000 100.0 25.470 32.448
68.891 68.17 42.7000 100.0 25.470 32.456
68.901 68.17 42.7100 100.0 25.465 32.421
68.910 68.18 42.7100 100.0 25.470 32.429
68.920 68.18 42.7000 100.0 25.477 32.459
68.931 68.18 42.7000 100.0 25.481 32.447
68.940 68.18 42.7000 100.0 25.485 32.454
68.951 68.18 42.7000 100.0 25.484 32.458
68.960 68.19 42.7000 100.0 25.486 32.443
68.971 68.19 42.6900 100.0 25.494 32.459
68.981 68.19 42.6900 100.0 25.497 32.476
68.991 68.19 42.6900 100.0 25.506 32.478
69.000 68.19 42.6900 100.0 25.508 32.478
69.011 68.20 42.6900 100.0 25.504 32.477
69.021 68.20 42.7000 100.0 25.500 32.447
69.031 68.20 42.6900 100.0 25.508 32.460
69.041 68.20 42.6900 100.0 25.514 32.487
69.050 68.20 42.6800 100.0 25.522 32.487
69.061 68.21 42.6900 100.0 25.517 32.468
69.072 68.21 42.6900 100.0 25.516 32.475
69.081 68.21 42.6900 100.0 25.524 32.475
69.091 68.21 42.6800 100.0 25.530 32.486
69.102 68.21 42.6900 100.0 25.523 32.477
69.112 68.22 42.6800 100.0 25.535 32.487
69.122 68.22 42.6800 100.0 25.539 32.493
69.131 68.22 42.6700 100.0 25.544 32.516
69.142 68.22 42.6700 100.0 25.548 32.504
69.152 68.22 42.6800 100.0 25.546 32.493
69.161 68.23 42.6800 100.0 25.549 32.511
69.171 68.23 42.6700 100.0 25.554 32.504
69.182 68.23 42.6700 100.0 25.560 32.512
69.191 68.23 42.6800 100.0 25.552 32.501
69.202 68.23 42.6700 100.0 25.559 32.500
69.211 68.24 42.6700 100.0 25.561 32.498
69.221 68.24 42.6700 100.0 25.567 32.524
69.232 68.24 42.6700 100.0 25.566 32.500
69.242 68.24 42.6700 100.0 25.575 32.518
69.250 68.24 42.6700 100.0 25.574 32.526
69.262 68.25 42.6600 100.0 25.580 32.521
69.272 68.25 42.6600 100.0 25.587 32.533
69.282 68.25 42.6700 100.0 25.581 32.525
69.291 68.25 42.6600 100.0 25.592 32.534
69.302 68.25 42.6600 100.0 25.589 32.522
69.312 68.26 42.6600 100.0 25.598 32.556
69.322 68.26 42.6600 100.0 25.597 32.530
69.332 68.26 42.6500 100.0 25.604 32.545
69.341 68.26 42.6600 100.0 25.600 32.542
69.352 68.26 42.6600 100.0 25.605 32.536
69.362 68.26 42.6700 100.0 25.598 32.512
69.372 68.27 42.6600 100.0 25.608 32.547
69.381 68.27 42.6600 100.0 25.610 32.531
69.392 68.27 42.6600 100.0 25.616 32.541
69.402 68.27 42.6500 100.0 25.621 32.565
69.412 68.27 42.6500 100.0 25.626 32.555
69.420 68.28 42.6500 100.0 25.625 32.548
69.432 68.28 42.6500 100.0 25.633 32.578
69.442 68.28 42.6500 100.0 25.631 32.552
69.451 68.28 42.6400 100.0 25.641 32.573
69.461 68.28 42.6500 100.0 25.637 32.571
69.472 68.29 42.6400 100.0 25.646 32.574
69.481 68.29 42.6500 100.0 25.644 32.563
69.492 68.29 42.6500 100.0 25.646 32.578
69.501 68.29 42.6500 100.0 25.643 32.551
69.511 68.29 42.6400 100.0 25.654 32.573
69.522 68.30 42.6400 100.0 25.657 32.590
69.532 68.30 42.6300 100.0 25.665 32.592
69.541 68.30 42.6400 100.0 25.661 32.575
69.552 68.30 42.6300 100.0 25.675 32.622
69.562 68.30 42.6400 100.0 25.664 32.570
69.571 68.31 42.6300 100.0 25.672 32.586
69.582 68.31 42.6400 100.0 25.672 32.595
69.591 68.31 42.6400 100.0 25.673 32.578
69.602 68.31 42.6400 100.0 25.674 32.574
69.612 68.31 42.6300 100.0 25.686 32.615
69.622 68.32 42.6300 100.0 25.684 32.591
69.631 68.32 42.6300 100.0 25.686 32.588
69.642 68.32 42.6300 100.0 25.693 32.617
69.652 68.32 42.6200 100.0 25.702 32.620
69.662 68.32 42.6200 100.0 25.700 32.610
69.671 68.33 42.6200 100.0 25.704 32.629
69.681 68.33 42.6300 100.0 25.702 32.604
69.692 68.33 42.6300 100.0 25.698 32.586
69.702 68.33 42.6300 100.0 25.704 32.613
69.710 68.33 42.6200 100.0 25.712 32.613
69.722 68.34 42.6200 100.0 25.713 32.608
69.732 68.34 42.6200 100.0 25.716 32.628
69.742 68.34 42.6100 100.0 25.730 32.643
69.751 68.34 42.6200 100.0 25.722 32.617
69.762 68.34 42.6200 100.0 25.721 32.624
69.772 68.35 42.6200 100.0 25.732 32.630
69.782 68.35 42.6200 100.0 25.727 32.611
69.791 68.35 42.6100 100.0 25.736 32.647
69.802 68.35 42.6200 100.0 25.736 32.626
69.812 68.35 42.6100 100.0 25.741 32.631
69.821 68.36 42.6200 100.0 25.740 32.638
69.832 68.36 42.6100 100.0 25.745 32.631
69.841 68.36 42.6100 100.0 25.747 32.631
69.851 68.36 42.6200 100.0 25.746 32.638
69.862 68.36 42.6200 100.0 25.749 32.626
69.872 68.37 42.6100 100.0 25.756 32.637
69.881 68.37 42.6100 100.0 25.760 32.659
69.892 68.37 42.6100 100.0 25.762 32.642
69.902 68.37 42.6100 100.0 25.765 32.645
69.912 68.37 42.6100 100.0 25.760 32.641
69.921 68.38 42.6100 100.0 25.770 32.645
69.931 68.38 42.6000 100.0 25.774 32.652
69.942 68.38 42.6000 100.0 25.778 32.671
69.952 68.38 42.6000 100.0 25.782 32.662
69.960 68.38 42.6100 100.0 25.779 32.648
69.972 68.39 42.6000 100.0 25.789 32.684
69.982 68.39 42.6000 100.0 25.786 32.655
69.991 68.39 42.6000 100.0 25.789 32.658
70.001 68.39 42.6000 100.0 25.792 32.675
70.012 68.39 42.5900 100.0 25.805 32.688
70.022 68.40 42.5900 100.0 25.803 32.676
70.032 68.40 42.6000 100.0 25.803 32.688
70.041 68.40 42.6000 100.0 25.803 32.665
70.052 68.40 42.5900 100.0 25.809 32.677
70.062 68.40 42.5900 100.0 25.814 32.699
70.072 68.41 42.5900 100.0 25.814 32.678
70.083 68.41 42.5900 100.0 25.819 32.684
70.092 68.41 42.5900 100.0 25.824 32.709
70.102 68.41 42.5900 100.0 25.818 32.672
70.113 68.41 42.5900 100.0 25.821 32.673
70.123 68.42 42.6000 100.0 25.821 32.684
70.131 68.42 42.5800 100.0 25.834 32.698
70.143 68.42 42.5900 100.0 25.833 32.688
70.153 68.42 42.5900 100.0 25.831 32.693
70.163 68.42 42.5800 100.0 25.841 32.699
70.172 68.43 42.5900 100.0 25.840 32.691
70.183 68.43 42.5800 100.0 25.845 32.713
70.193 68.43 42.5700 100.0 25.858 32.726
70.203 68.43 42.5800 100.0 25.852 32.706
70.211 68.43 42.5800 100.0 25.858 32.730
70.223 68.44 42.5800 100.0 25.854 32.700
70.233 68.44 42.5800 100.0 25.863 32.717
70.242 68.44 42.5800 100.0 25.859 32.717
70.252 68.44 42.5800 100.0 25.866 32.715
70.263 68.44 42.5800 100.0 25.864 32.704
70.273 68.45 42.5800 100.0 25.865 32.716
70.283 68.45 42.5700 100.0 25.877 32.726
70.292 68.45 42.5800 100.0 25.872 32.706
70.303 68.45 42.5700 100.0 25.879 32.734
70.313 68.45 42.5700 100.0 25.883 32.726
70.323 68.46 42.5700 100.0 25.883 32.720
70.333 68.46 42.5600 100.0 25.898 32.767
70.342 68.46 42.5800 100.0 25.885 32.713
70.353 68.46 42.5700 100.0 25.893 32.727
70.363 68.46 42.5700 100.0 25.893 32.738
70.373 68.47 42.5700 100.0 25.900 32.735
70.381 68.47 42.5700 100.0 25.900 32.730
70.393 68.47 42.5600 100.0 25.907 32.759
70.403 68.47 42.5600 100.0 25.909 32.743
70.412 68.47 42.5700 100.0 25.908 32.734
70.422 68.48 42.5700 100.0 25.907 32.743
70.433 68.48 42.5600 100.0 25.919 32.752
70.443 68.48 42.5700 100.0 25.912 32.727
70.453 68.48 42.5600 100.0 25.918 32.753
70.461 68.48 42.5600 100.0 25.924 32.748
70.473 68.49 42.5500 100.0 25.934 32.768
70.483 68.49 42.5500 100.0 25.934 32.778
70.492 68.49 42.5600 100.0 25.928 32.742
70.502 68.49 42.5600 100.0 25.932 32.747
70.513 68.49 42.5600 100.0 25.936 32.768
70.522 68.50 42.5600 100.0 25.937 32.748
70.533 68.50 42.5500 100.0 25.946 32.767
70.542 68.50 42.5500 100.0 25.953 32.797
70.553 68.50 42.5500 100.0 25.953 32.775
70.563 68.50 42.5600 100.0 25.946 32.750
70.573 68.51 42.5500 100.0 25.957 32.789
70.583 68.51 42.5400 100.0 25.965 32.789
70.592 68.51 42.5500 100.0 25.963 32.780
70.603 68.51 42.5500 100.0 25.963 32.789
70.613 68.51 42.5500 100.0 25.963 32.768
70.623 68.52 42.5500 100.0 25.967 32.772
70.631 68.52 42.5500 100.0 25.968 32.784
70.643 68.52 42.5500 100.0 25.968 32.764
70.653 68.52 42.5400 100.0 25.979 32.787
70.662 68.52 42.5500 100.0 25.973 32.782
70.672 68.53 42.5500 100.0 25.978 32.774
70.683 68.53 42.5500 100.0 25.981 32.776
70.692 68.53 42.5400 100.0 25.995 32.822
70.703 68.53 42.5400 100.0 25.993 32.796
70.712 68.53 42.5400 100.0 25.994 32.794
70.723 68.54 42.5400 100.0 25.999 32.815
70.733 68.54 42.5300 100.0 26.004 32.808
70.742 68.54 42.5300 100.0 26.005 32.806
70.752 68.54 42.5400 100.0 26.004 32.811
70.763 68.54 42.5400 100.0 26.005 32.795
70.772 68.55 42.5400 100.0 26.003 32.784
70.783 68.55 42.5300 100.0 26.014 32.822
70.792 68.55 42.5400 100.0 26.015 32.803
70.802 68.55 42.5300 100.0 26.026 32.828
70.813 68.55 42.5300 100.0 26.019 32.820
70.822 68.56 42.5300 100.0 26.023 32.808
70.833 68.56 42.5300 100.0 26.026 32.809
70.842 68.56 42.5300 100.0 26.028 32.825
70.853 68.56 42.5300 100.0 26.028 32.804
70.863 68.56 42.5300 100.0 26.036 32.820
70.873 68.57 42.5300 100.0 26.040 32.840
70.881 68.57 42.5300 100.0 26.038 32.815
70.893 68.57 42.5300 100.0 26.043 32.822
70.903 68.57 42.5200 100.0 26.052 32.856
70.912 68.57 42.5300 100.0 26.046 32.819
70.922 68.58 42.5200 100.0 26.055 32.838
70.933 68.58 42.5300 100.0 26.051 32.836
70.943 68.58 42.5200 100.0 26.061 32.843
70.952 68.58 42.5200 100.0 26.062 32.838
70.962 68.58 42.5200 100.0 26.062 32.847
70.973 68.59 42.5300 100.0 26.057 32.814
70.982 68.59 42.5200 100.0 26.063 32.826
70.993 68.59 42.5200 100.0 26.068 32.849
71.002 68.59 42.5200 100.0 26.074 32.842
71.013 68.59 42.5200 100.0 26.072 32.831
71.023 68.60 42.5200 100.0 26.077 32.855
71.032 68.60 42.5200 100.0 26.080 32.843
71.042 68.60 42.5200 100.0 26.085 32.849
71.053 68.60 42.5200 100.0 26.084 32.857
71.062 68.60 42.5100 100.0 26.090 32.851
71.073 68.61 42.5100 100.0 26.091 32.849
71.083 68.61 42.5100 100.0 26.095 32.868
71.093 68.61 42.5100 100.0 26.100 32.860
71.103 68.61 42.5100 100.0 26.099 32.854
71.113 68.61 42.5100 100.0 26.106 32.881
71.124 68.62 42.5100 100.0 26.102 32.848
71.133 68.62 42.5100 100.0 26.106 32.855
71.143 68.62 42.5100 100.0 26.111 32.877
71.154 68.62 42.5200 100.0 26.104 32.839
71.164 68.62 42.5100 100.0 26.110 32.849
71.172 68.63 42.5100 100.0 26.111 32.860
71.184 68.63 42.5100 100.0 26.114 32.849
71.194 68.63 42.5000 100.0 26.128 32.881
71.203 68.63 42.5100 100.0 26.127 32.886
71.213 68.63 42.5000 100.0 26.133 32.883
71.224 68.64 42.5000 100.0 26.139 32.891
71.234 68.64 42.5000 100.0 26.140 32.903
71.244 68.64 42.5000 100.0 26.135 32.871
71.253 68.64 42.5000 100.0 26.146 32.895
71.264 68.64 42.5000 100.0 26.140 32.888
71.274 68.65 42.4900 100.0 26.152 32.898
71.284 68.65 42.5000 100.0 26.143 32.869
71.293 68.65 42.4900 100.0 26.160 32.924
71.304 68.65 42.5100 100.0 26.145 32.862
71.314 68.65 42.5000 100.0 26.149 32.869
71.324 68.66 42.5000 100.0 26.157 32.900
71.333 68.66 42.4900 100.0 26.168 32.906
71.343 68.66 42.4900 100.0 26.168 32.901
71.354 68.66 42.4900 100.0 26.169 32.913
71.364 68.66 42.4900 100.0 26.174 32.907
71.373 68.67 42.4900 100.0 26.174 32.902
71.383 68.67 42.5000 100.0 26.169 32.898
71.394 68.67 42.4900 100.0 26.177 32.897
71.403 68.67 42.5000 100.0 26.171 32.875
71.414 68.67 42.4900 100.0 26.180 32.911
71.423 68.68 42.4900 100.0 26.184 32.900
71.433 68.68 42.4900 100.0 26.188 32.906
71.444 68.68 42.4900 100.0 26.190 32.920
71.454 68.68 42.4800 100.0 26.200 32.927
71.463 68.68 42.4900 100.0 26.196 32.910
71.474 68.69 42.4800 100.0 26.205 32.942
71.484 68.69 42.4800 100.0 26.204 32.919
71.494 68.69 42.4800 100.0 26.205 32.917
71.503 68.69 42.4900 100.0 26.206 32.928
71.514 68.69 42.4800 100.0 26.213 32.925
71.524 68.70 42.4800 100.0 26.213 32.922
71.534 68.70 42.4900 100.0 26.212 32.928
71.542 68.70 42.4900 100.0 26.212 32.908
71.554 68.70 42.4800 100.0 26.223 32.930
71.564 68.70 42.4800 100.0 26.219 32.931
71.573 68.71 42.4800 100.0 26.228 32.932
71.583 68.71 42.4800 100.0 26.228 32.928
71.594 68.71 42.4800 100.0 26.234 32.952
71.604 68.71 42.4800 100.0 26.228 32.916
71.614 68.71 42.4800 100.0 26.234 32.926
71.624 68.72 42.4800 100.0 26.236 32.943
71.633 68.72 42.4800 100.0 26.240 32.932
71.644 68.72 42.4800 100.0 26.236 32.916
71.653 68.72 42.4800 100.0 26.241 32.940
71.664 68.72 42.4800 100.0 26.247 32.934
71.673 68.73 42.4800 100.0 26.248 32.929
71.683 68.73 42.4800 100.0 26.252 32.951
71.694 68.73 42.4700 100.0 26.259 32.948
71.704 68.73 42.4700 100.0 26.258 32.940
71.712 68.73 42.4700 100.0 26.265 32.970
71.724 68.74 42.4700 100.0 26.268 32.956
71.734 68.74 42.4700 100.0 26.264 32.940
71.743 68.74 42.4700 100.0 26.275 32.978
71.753 68.74 42.4700 100.0 26.271 32.946
71.764 68.74 42.4700 100.0 26.271 32.941
71.774 68.75 42.4700 100.0 26.276 32.964
71.784 68.75 42.4700 100.0 26.273 32.937
71.793 68.75 42.4700 100.0 26.284 32.960
71.804 68.75 42.4700 100.0 26.279 32.957
71.814 68.75 42.4600 100.0 26.290 32.965
71.823 68.76 42.4700 100.0 26.288 32.955
71.833 68.76 42.4600 100.0 26.295 32.982
71.844 68.76 42.4600 100.0 26.295 32.960
71.854 68.76 42.4600 100.0 26.300 32.970
71.864 68.76 42.4600 100.0 26.299 32.977
71.874 68.77 42.4600 100.0 26.303 32.967
71.883 68.77 42.4600 100.0 26.305 32.965
71.894 68.77 42.4600 100.0 26.306 32.977
71.903 68.77 42.4600 100.0 26.312 32.972
71.914 68.77 42.4600 100.0 26.311 32.965
71.923 68.78 42.4600 100.0 26.312 32.979
71.933 68.78 42.4600 100.0 26.322 32.982
71.944 68.78 42.4600 100.0 26.319 32.969
71.954 68.78 42.4600 100.0 26.324 32.993
71.963 68.78 42.4500 100.0 26.333 32.995
71.974 68.79 42.4600 100.0 26.330 32.982
71.984 68.79 42.4600 100.0 26.329 32.988
71.994 68.79 42.4500 100.0 26.336 32.987
72.003 68.79 42.4600 100.0 26.336 32.982
72.014 68.79 42.4600 100.0 26.333 32.985
72.024 68.80 42.4500 100.0 26.340 32.983
72.034 68.80 42.4500 100.0 26.346 32.991
72.042 68.80 42.4500 100.0 26.349 33.009
72.054 68.80 42.4500 100.0 26.355 33.004
72.064 68.80 42.4500 100.0 26.352 32.992
72.073 68.81 42.4500 100.0 26.354 33.008
72.083 68.81 42.4500 100.0 26.357 32.993
72.094 68.81 42.4500 100.0 26.360 32.996
72.104 68.81 42.4500 100.0 26.360 33.005
72.114 68.81 42.4500 100.0 26.364 32.995
72.124 68.82 42.4500 100.0 26.367 32.997
72.134 68.82 42.4400 100.0 26.376 33.033
72.144 68.82 42.4500 100.0 26.374 33.005
72.154 68.82 42.4400 100.0 26.379 33.013
72.165 68.82 42.4500 100.0 26.377 33.017
72.174 68.83 42.4400 100.0 26.381 33.008
72.184 68.83 42.4400 100.0 26.382 33.006
72.195 68.83 42.4500 100.0 26.380 33.008
72.205 68.83 42.4400 100.0 26.395 33.028
72.214 68.83 42.4400 100.0 26.395 33.024
72.225 68.84 42.4300 100.0 26.403 33.054
72.234 68.84 42.4400 100.0 26.400 33.026
72.245 68.84 42.4400 100.0 26.403 33.027
72.254 68.84 42.4400 100.0 26.397 33.021
72.264 68.84 42.4400 100.0 26.408 33.029
72.275 68.85 42.4400 100.0 26.407 33.022
72.285 68.85 42.4400 100.0 26.411 33.042
72.294 68.85 42.4400 100.0 26.409 33.015
72.305 68.85 42.4400 100.0 26.413 33.021
72.315 68.85 42.4300 100.0 26.419 33.046
72.325 68.86 42.4300 100.0 26.425 33.042
72.334 68.86 42.4300 100.0 26.422 33.029
72.344 68.86 42.4300 100.0 26.427 33.051
72.355 68.86 42.4400 100.0 26.423 33.021
72.365 68.86 42.4300 100.0 26.435 33.048
72.374 68.87 42.4300 100.0 26.433 33.051
72.384 68.87 42.4300 100.0 26.434 33.034
72.395 68.87 42.4300 100.0 26.436 33.034
72.404 68.87 42.4300 100.0 26.442 33.059
72.415 68.87 42.4400 100.0 26.435 33.020
72.424 68.88 42.4300 100.0 26.441 33.030
72.434 68.88 42.4300 100.0 26.449 33.061
72.445 68.88 42.4300 100.0 26.449 33.041
72.455 68.88 42.4200 100.0 26.464 33.074
72.463 68.88 42.4200 100.0 26.459 33.071
72.475 68.89 42.4200 100.0 26.464 33.062
72.485 68.89 42.4300 100.0 26.459 33.044
72.495 68.89 42.4200 100.0 26.467 33.076
72.504 68.89 42.4300 100.0 26.466 33.051
72.515 68.89 42.4200 100.0 26.474 33.069
72.525 68.90 42.4200 100.0 26.472 33.072
72.535 68.90 42.4300 100.0 26.467 33.040
72.543 68.90 42.4200 100.0 26.476 33.056
72.555 68.90 42.4200 100.0 26.480 33.077
72.565 68.90 42.4200 100.0 26.481 33.061
72.574 68.90 42.4200 100.0 26.488 33.071
72.584 68.91 42.4200 100.0 26.487 33.080
72.595 68.91 42.4200 100.0 26.492 33.072
72.605 68.91 42.4200 100.0 26.492 33.067
72.615 68.91 42.4200 100.0 26.492 33.076
72.624 68.91 42.4100 100.0 26.502 33.083
72.634 68.92 42.4200 100.0 26.495 33.060
72.645 68.92 42.4100 100.0 26.504 33.093
72.654 68.92 42.4200 100.0 26.503 33.070
72.665 68.92 42.4200 100.0 26.505 33.069
72.674 68.92 42.4100 100.0 26.510 33.092
72.684 68.93 42.4100 100.0 26.514 33.081
72.695 68.93 42.4100 100.0 26.516 33.081
72.705 68.93 42.4100 100.0 26.517 33.094
72.713 68.93 42.4100 100.0 26.523 33.089
72.725 68.93 42.4100 100.0 26.520 33.077
72.735 68.94 42.4100 100.0 26.528 33.108
72.745 68.94 42.4100 100.0 26.529 33.090
72.754 68.94 42.4100 100.0 26.527 33.079
72.765 68.94 42.4100 100.0 26.531 33.099
72.775 68.94 42.4100 100.0 26.536 33.093
72.785 68.95 42.4100 100.0 26.538 33.090
72.793 68.95 42.4100 100.0 26.541 33.110
72.805 68.95 42.4100 100.0 26.544 33.096
72.815 68.95 42.4100 100.0 26.547 33.098
72.825 68.95 42.4000 100.0 26.553 33.123
72.834 68.96 42.4000 100.0 26.559 33.119
72.844 68.96 42.4100 100.0 26.552 33.095
72.855 68.96 42.4000 100.0 26.558 33.123
72.865 68.96 42.4100 100.0 26.558 33.100
72.874 68.96 42.4000 100.0 26.562 33.105
72.884 68.97 42.4100 100.0 26.561 33.113
72.895 68.97 42.4000 100.0 26.570 33.116
72.904 68.97 42.4000 100.0 26.573 33.118
72.915 68.97 42.4000 100.0 26.568 33.116
72.924 68.97 42.4000 100.0 26.576 33.115
72.935 68.98 42.4000 100.0 26.575 33.108
72.945 68.98 42.4000 100.0 26.578 33.125
72.954 68.98 42.4100 100.0 26.574 33.094
72.964 68.98 42.4100 100.0 26.577 33.098
72.975 68.98 42.4000 100.0 26.588 33.137
72.984 68.99 42.4000 100.0 26.584 33.106
72.995 68.99 42.4000 100.0 26.590 33.116
73.004 68.99 42.4000 100.0 26.587 33.118
73.014 68.99 42.3900 100.0 26.600 33.130
73.025 68.99 42.4000 100.0 26.591 33.101
73.035 69.00 42.4000 100.0 26.601 33.139
73.043 69.00 42.4000 100.0 26.603 33.122
73.055 69.00 42.3900 100.0 26.610 33.135
73.065 69.00 42.3900 100.0 26.611 33.147
73.075 69.00 42.4000 100.0 26.605 33.111
73.084 69.01 42.3900 100.0 26.612 33.125
73.094 69.01 42.3900 100.0 26.614 33.140
73.105 69.01 42.3900 100.0 26.622 33.142
73.115 69.01 42.3900 100.0 26.620 33.129
73.124 69.01 42.4000 100.0 26.618 33.134
73.134 69.02 42.3900 100.0 26.622 33.125
73.145 69.02 42.3900 100.0 26.630 33.139
73.156 69.02 42.3900 100.0 26.632 33.155
73.166 69.02 42.3900 100.0 26.633 33.137
73.175 69.02 42.3900 100.0 26.639 33.148
73.186 69.03 42.3900 100.0 26.636 33.150
73.196 69.03 42.3800 100.0 26.645 33.153
73.205 69.03 42.3900 100.0 26.645 33.147
73.215 69.03 42.3900 100.0 26.647 33.164
73.226 69.03 42.3900 100.0 26.649 33.148
73.236 69.04 42.3800 100.0 26.654 33.155
73.246 69.04 42.3900 100.0 26.650 33.155
73.255 69.04 42.3900 100.0 26.653 33.142
73.266 69.04 42.3900 100.0 26.655 33.143
73.276 69.04 42.3700 100.0 26.670 33.192
73.286 69.05 42.3900 100.0 26.659 33.142
73.295 69.05 42.3700 100.0 26.674 33.175
73.306 69.05 42.3800 100.0 26.674 33.185
73.315 69.05 42.3800 100.0 26.672 33.159
73.326 69.05 42.3800 100.0 26.674 33.161
73.335 69.06 42.3800 100.0 26.677 33.178
73.345 69.06 42.3900 100.0 26.670 33.140
73.356 69.06 42.3700 100.0 26.687 33.178
73.366 69.06 42.3800 100.0 26.678 33.165
73.375 69.06 42.3800 100.0 26.682 33.154
73.386 69.07 42.3800 100.0 26.686 33.160
73.396 69.07 42.3800 100.0 26.689 33.179
73.405 69.07 42.3800 100.0 26.693 33.167
73.416 69.07 42.3800 100.0 26.695 33.167
73.425 69.07 42.3700 100.0 26.700 33.192
73.436 69.08 42.3800 100.0 26.701 33.173
73.446 69.08 42.3800 100.0 26.703 33.173
73.455 69.08 42.3700 100.0 26.710 33.202
73.465 69.08 42.3700 100.0 26.714 33.191
73.476 69.08 42.3700 100.0 26.712 33.181
73.485 69.09 42.3700 100.0 26.712 33.190
73.496 69.09 42.3700 100.0 26.718 33.186
73.505 69.09 42.3700 100.0 26.717 33.176
73.516 69.09 42.3700 100.0 26.722 33.201
73.526 69.09 42.3800 100.0 26.718 33.169
73.535 69.10 42.3700 100.0 26.725 33.183
73.545 69.10 42.3700 100.0 26.727 33.198
73.556 69.10 42.3700 100.0 26.735 33.198
73.566 69.10 42.3700 100.0 26.728 33.175
73.576 69.10 42.3700 100.0 26.731 33.193
73.585 69.11 42.3700 100.0 26.735 33.182
73.596 69.11 42.3700 100.0 26.738 33.186
73.606 69.11 42.3600 100.0 26.747 33.219
73.616 69.11 42.3700 100.0 26.743 33.189
73.625 69.11 42.3700 100.0 26.748 33.196
73.636 69.12 42.3600 100.0 26.755 33.223
73.646 69.12 42.3600 100.0 26.757 33.208
73.656 69.12 42.3600 100.0 26.761 33.215
73.665 69.12 42.3600 100.0 26.760 33.221
73.675 69.12 42.3700 100.0 26.757 33.192
73.686 69.13 42.3600 100.0 26.763 33.204
73.695 69.13 42.3600 100.0 26.770 33.232
73.706 69.13 42.3600 100.0 26.766 33.200
73.715 69.13 42.3700 100.0 26.764 33.190
73.725 69.13 42.3700 100.0 26.767 33.207
73.736 69.14 42.3600 100.0 26.780 33.221
73.746 69.14 42.3700 100.0 26.773 33.198
73.755 69.14 42.3600 100.0 26.779 33.223
73.766 69.14 42.3600 100.0 26.784 33.217
73.776 69.14 42.3600 100.0 26.787 33.219
73.786 69.15 42.3500 100.0 26.792 33.241
73.795 69.15 42.3600 100.0 26.786 33.206
73.806 69.15 42.3600 100.0 26.791 33.214
73.816 69.15 42.3600 100.0 26.793 33.229
73.826 69.15 42.3500 100.0 26.802 33.233
73.834 69.16 42.3500 100.0 26.810 33.248
73.846 69.16 42.3600 100.0 26.803 33.239
73.856 69.16 42.3500 100.0 26.808 33.233
73.866 69.16 42.3500 100.0 26.815 33.245
73.875 69.16 42.3500 100.0 26.811 33.246
73.885 69.17 42.3500 100.0 26.817 33.239
73.896 69.17 42.3500 100.0 26.816 33.233
73.906 69.17 42.3500 100.0 26.819 33.250
73.915 69.17 42.3500 100.0 26.821 33.236
73.925 69.17 42.3500 100.0 26.825 33.240
73.936 69.18 42.3500 100.0 26.828 33.259
73.946 69.18 42.3400 100.0 26.834 33.254
73.956 69.18 42.3400 100.0 26.836 33.254
73.965 69.18 42.3500 100.0 26.833 33.256
73.976 69.18 42.3400 100.0 26.845 33.266
73.986 69.19 42.3400 100.0 26.843 33.257
73.996 69.19 42.3400 100.0 26.848 33.280
74.005 69.19 42.3400 100.0 26.848 33.258
74.016 69.19 42.3400 100.0 26.849 33.255
74.026 69.19 42.3400 100.0 26.854 33.279
74.036 69.20 42.3400 100.0 26.853 33.255
74.045 69.20 42.3500 100.0 26.851 33.244
74.055 69.20 42.3400 100.0 26.858 33.275
74.066 69.20 42.3500 100.0 26.856 33.247
74.076 69.20 42.3400 100.0 26.864 33.265
74.084 69.21 42.3400 100.0 26.871 33.291
74.096 69.21 42.3400 100.0 26.864 33.252
74.106 69.21 42.3300 100.0 26.875 33.278
74.116 69.21 42.3400 100.0 26.875 33.286
74.125 69.21 42.3500 100.0 26.868 33.247
74.135 69.22 42.3400 100.0 26.876 33.263
74.146 69.22 42.3400 100.0 26.874 33.268
74.156 69.22 42.3400 100.0 26.885 33.276
74.166 69.22 42.3400 100.0 26.884 33.270
74.176 69.22 42.3500 100.0 26.877 33.261
74.186 69.23 42.3400 100.0 26.890 33.274
74.196 69.23 42.3400 100.0 26.891 33.271
74.207 69.23 42.3400 100.0 26.888 33.275
74.216 69.23 42.3300 100.0 26.897 33.277
74.226 69.23 42.3400 100.0 26.892 33.259
74.237 69.24 42.3300 100.0 26.905 33.304
74.247 69.24 42.3400 100.0 26.901 33.273
74.255 69.24 42.3400 100.0 26.904 33.276
74.267 69.24 42.3400 100.0 26.906 33.290
74.277 69.24 42.3300 100.0 26.912 33.286
74.287 69.25 42.3300 100.0 26.913 33.283
74.296 69.25 42.3400 100.0 26.912 33.290
74.306 69.25 42.3300 100.0 26.921 33.294
74.317 69.25 42.3300 100.0 26.920 33.286
74.327 69.25 42.3300 100.0 26.927 33.314
74.335 69.26 42.3300 100.0 26.926 33.290
74.347 69.26 42.3300 100.0 26.931 33.298
74.357 69.26 42.3200 100.0 26.937 33.325
74.366 69.26 42.3200 100.0 26.939 33.310
74.376 69.26 42.3300 100.0 26.935 33.293
74.387 69.27 42.3300 100.0 26.941 33.319
74.396 69.27 42.3300 100.0 26.934 33.281
74.407 69.27 42.3300 100.0 26.939 33.287
74.416 69.27 42.3200 100.0 26.951 33.329
74.427 69.27 42.3300 100.0 26.945 33.295
74.437 69.28 42.3200 100.0 26.951 33.304
74.447 69.28 42.3200 100.0 26.957 33.331
74.457 69.28 42.3200 100.0 26.959 33.314
74.466 69.28 42.3200 100.0 26.961 33.315
74.477 69.28 42.3300 100.0 26.956 33.312
74.487 69.29 42.3300 100.0 26.957 33.295
74.497 69.29 42.3200 100.0 26.967 33.316
74.505 69.29 42.3300 100.0 26.964 33.316
74.517 69.29 42.3300 100.0 26.962 33.292
74.527 69.29 42.3200 100.0 26.972 33.312
74.536 69.30 42.3300 100.0 26.969 33.315
74.546 69.30 42.3200 100.0 26.976 33.312
74.557 69.30 42.3200 100.0 26.978 33.313
74.566 69.30 42.3200 100.0 26.986 33.343
74.577 69.30 42.3200 100.0 26.987 33.326
74.586 69.31 42.3200 100.0 26.986 33.318
74.597 69.31 42.3100 100.0 26.996 33.354
74.607 69.31 42.3100 100.0 26.998 33.341
74.617 69.31 42.3100 100.0 26.997 33.332
74.626 69.31 42.3200 100.0 26.990 33.325
74.637 69.32 42.3200 100.0 26.999 33.326
74.647 69.32 42.3100 100.0 27.003 33.332
74.657 69.32 42.3100 100.0 27.005 33.348
74.666 69.32 42.3100 100.0 27.007 33.333
74.676 69.32 42.3200 100.0 27.007 33.326
74.687 69.33 42.3100 100.0 27.017 33.364
74.697 69.33 42.3100 100.0 27.019 33.347
74.706 69.33 42.3100 100.0 27.022 33.350
74.716 69.33 42.3100 100.0 27.024 33.367
74.727 69.33 42.3100 100.0 27.019 33.333
74.736 69.34 42.3200 100.0 27.020 33.330
74.747 69.34 42.3100 100.0 27.028 33.360
74.756 69.34 42.3100 100.0 27.027 33.339
74.767 69.34 42.3100 100.0 27.029 33.339
74.777 69.34 42.3100 100.0 27.037 33.369
74.787 69.35 42.3100 100.0 27.040 33.358
74.796 69.35 42.3100 100.0 27.038 33.346
74.807 69.35 42.3000 100.0 27.050 33.389
74.817 69.35 42.3000 100.0 27.057 33.385
74.827 69.35 42.3000 100.0 27.052 33.367
74.835 69.36 42.3000 100.0 27.053 33.380
74.847 69.36 42.3000 100.0 27.053 33.360
74.857 69.36 42.3000 100.0 27.055 33.360
74.866 69.36 42.3100 100.0 27.055 33.370
74.876 69.36 42.3000 100.0 27.060 33.363
74.887 69.37 42.3000 100.0 27.066 33.374
74.896 69.37 42.3100 100.0 27.062 33.374
74.907 69.37 42.3000 100.0 27.069 33.372
74.916 69.37 42.3000 100.0 27.075 33.381
74.927 69.37 42.3000 100.0 27.072 33.385
74.937 69.38 42.3000 100.0 27.075 33.373
74.947 69.38 42.3000 100.0 27.082 33.386
74.957 69.38 42.2900 100.0 27.086 33.405
74.966 69.38 42.3100 100.0 27.076 33.357
74.976 69.38 42.3000 100.0 27.084 33.374
74.987 69.39 42.3000 100.0 27.082 33.380
74.997 69.39 42.2900 100.0 27.095 33.392
75.006 69.39 42.2900 100.0 27.095 33.388
75.017 69.39 42.3000 100.0 27.092 33.389
75.026 69.39 42.2900 100.0 27.101 33.392
75.037 69.40 42.3000 100.0 27.097 33.379
75.046 69.40 42.2900 100.0 27.106 33.411
75.056 69.40 42.2900 100.0 27.110 33.402
75.067 69.40 42.3000 100.0 27.104 33.380
75.077 69.40 42.3000 100.0 27.105 33.393
75.086 69.41 42.3000 100.0 27.106 33.375
75.097 69.41 42.2900 100.0 27.116 33.397
75.107 69.41 42.2900 100.0 27.118 33.413
75.117 69.41 42.2900 100.0 27.122 33.403
75.126 69.41 42.2900 100.0 27.121 33.395
75.136 69.42 42.2800 100.0 27.131 33.432
75.147 69.42 42.2900 100.0 27.132 33.414
75.157 69.42 42.2900 100.0 27.133 33.412
75.166 69.42 42.2800 100.0 27.137 33.431
75.177 69.42 42.2900 100.0 27.133 33.401
75.187 69.43 42.2900 100.0 27.132 33.392
75.197 69.43 42.2900 100.0 27.136 33.414
75.208 69.43 42.2900 100.0 27.139 33.401
75.217 69.43 42.2900 100.0 27.139 33.396
75.227 69.43 42.2800 100.0 27.150 33.435
75.238 69.44 42.2800 100.0 27.156 33.431
75.248 69.44 42.2900 100.0 27.150 33.410
75.256 69.44 42.2900 100.0 27.148 33.413
75.268 69.44 42.2800 100.0 27.163 33.434
75.278 69.44 42.2800 100.0 27.166 33.435
75.288 69.45 42.2800 100.0 27.165 33.444
75.297 69.45 42.2900 100.0 27.162 33.414
75.308 69.45 42.2800 100.0 27.165 33.418
75.318 69.45 42.2800 100.0 27.169 33.437
75.328 69.45 42.2900 100.0 27.167 33.413
75.336 69.46 42.2800 100.0 27.172 33.421
75.348 69.46 42.2900 100.0 27.172 33.431
75.358 69.46 42.2800 100.0 27.178 33.425
75.367 69.46 42.2800 100.0 27.182 33.431
75.377 69.46 42.2700 100.0 27.190 33.464
75.388 69.47 42.2700 100.0 27.191 33.445
75.398 69.47 42.2800 100.0 27.187 33.429
75.408 69.47 42.2800 100.0 27.194 33.458
75.417 69.47 42.2800 100.0 27.194 33.439
75.428 69.47 42.2700 100.0 27.199 33.447
75.438 69.48 42.2800 100.0 27.199 33.456
75.447 69.48 42.2800 100.0 27.201 33.440
75.458 69.48 42.2800 100.0 27.202 33.438
75.467 69.48 42.2800 100.0 27.201 33.447
75.477 69.48 42.2700 100.0 27.211 33.452
75.488 69.49 42.2700 100.0 27.211 33.447
75.498 69.49 42.2700 100.0 27.219 33.478
75.506 69.49 42.2700 100.0 27.215 33.446
75.518 69.49 42.2700 100.0 27.222 33.460
75.528 69.49 42.2800 100.0 27.217 33.458
75.537 69.50 42.2700 100.0 27.223 33.454
75.547 69.50 42.2800 100.0 27.219 33.436
75.558 69.50 42.2700 100.0 27.227 33.467
75.568 69.50 42.2700 100.0 27.234 33.466
75.578 69.50 42.2700 100.0 27.235 33.464
75.587 69.51 42.2700 100.0 27.237 33.478
75.598 69.51 42.2600 100.0 27.246 33.482
75.608 69.51 42.2700 100.0 27.241 33.464
75.618 69.51 42.2700 100.0 27.244 33.483
75.627 69.51 42.2700 100.0 27.244 33.463
75.638 69.52 42.2700 100.0 27.247 33.464
75.648 69.52 42.2700 100.0 27.250 33.483
75.658 69.52 42.2600 100.0 27.258 33.483
75.667 69.52 42.2700 100.0 27.255 33.470
75.678 69.52 42.2700 100.0 27.255 33.480
75.688 69.53 42.2700 100.0 27.257 33.465
75.698 69.53 42.2700 100.0 27.261 33.471
75.707 69.53 42.2700 100.0 27.256 33.467
75.717 69.53 42.2700 100.0 27.263 33.466
75.728 69.53 42.2600 100.0 27.275 33.493
75.737 69.54 42.2600 100.0 27.272 33.494
75.748 69.54 42.2600 100.0 27.273 33.478
75.757 69.54 42.2700 100.0 27.271 33.466
75.768 69.54 42.2600 100.0 27.283 33.509
75.778 69.54 42.2700 100.0 27.277 33.471
75.788 69.54 42.2600 100.0 27.283 33.483
75.797 69.55 42.2600 100.0 27.288 33.507
75.808 69.55 42.2600 100.0 27.289 33.488
75.818 69.55 42.2600 100.0 27.294 33.497
75.828 69.55 42.2600 100.0 27.298 33.517
75.837 69.55 42.2500 100.0 27.301 33.504
75.847 69.56 42.2600 100.0 27.297 33.490
75.858 69.56 42.2600 100.0 27.301 33.509
75.868 69.56 42.2500 100.0 27.309 33.511
75.876 69.56 42.2600 100.0 27.305 33.495
75.888 69.56 42.2600 100.0 27.307 33.510
75.898 69.57 42.2600 100.0 27.306 33.488
75.908 69.57 42.2500 100.0 27.315 33.506
75.917 69.57 42.2600 100.0 27.312 33.509
75.928 69.57 42.2500 100.0 27.322 33.514
75.938 69.57 42.2600 100.0 27.318 33.500
75.948 69.58 42.2600 100.0 27.320 33.515
75.957 69.58 42.2500 100.0 27.326 33.509
75.967 69.58 42.2500 100.0 27.329 33.512
75.978 69.58 42.2600 100.0 27.325 33.512
75.987 69.58 42.2600 100.0 27.327 33.497
75.998 69.59 42.2500 100.0 27.332 33.506
76.007 69.59 42.2600 100.0 27.331 33.513
76.017 69.59 42.2500 100.0 27.341 33.519
76.028 69.59 42.2400 100.0 27.350 33.537
76.038 69.59 42.2500 100.0 27.348 33.544
76.047 69.60 42.2400 100.0 27.354 33.539
76.058 69.60 42.2500 100.0 27.350 33.523
76.068 69.60 42.2500 100.0 27.351 33.534
76.078 69.60 42.2500 100.0 27.353 33.521
76.087 69.60 42.2400 100.0 27.361 33.535
76.098 69.61 42.2500 100.0 27.358 33.539
76.108 69.61 42.2500 100.0 27.359 33.521
76.118 69.61 42.2500 100.0 27.364 33.528
76.126 69.61 42.2500 100.0 27.365 33.542
76.138 69.61 42.2500 100.0 27.366 33.525
76.148 69.62 42.2500 100.0 27.366 33.518
76.157 69.62 42.2400 100.0 27.374 33.551
76.167 69.62 42.2500 100.0 27.369 33.516
76.178 69.62 42.2400 100.0 27.382 33.545
76.188 69.62 42.2500 100.0 27.377 33.543
76.198 69.63 42.2500 100.0 27.376 33.521
76.208 69.63 42.2500 100.0 27.378 33.519
76.218 69.63 42.2400 100.0 27.388 33.557
76.228 69.63 42.2400 100.0 27.390 33.541
76.239 69.63 42.2500 100.0 27.389 33.534
76.249 69.64 42.2500 100.0 27.383 33.528
76.258 69.64 42.2400 100.0 27.399 33.550
76.269 69.64 42.2400 100.0 27.398 33.541
76.279 69.64 42.2400 100.0 27.402 33.563
76.288 69.64 42.2400 100.0 27.406 33.555
76.298 69.65 42.2500 100.0 27.400 33.533
76.309 69.65 42.2400 100.0 27.409 33.568
76.318 69.65 42.2400 100.0 27.407 33.540
76.329 69.65 42.2300 100.0 27.420 33.570
76.338 69.65 42.2300 100.0 27.420 33.580
76.348 69.66 42.2300 100.0 27.423 33.567
76.359 69.66 42.2400 100.0 27.417 33.548
76.369 69.66 42.2400 100.0 27.424 33.577
76.377 69.66 42.2300 100.0 27.431 33.574
76.389 69.66 42.2300 100.0 27.431 33.568
76.399 69.67 42.2400 100.0 27.431 33.580
76.408 69.67 42.2400 100.0 27.432 33.562
76.418 69.67 42.2400 100.0 27.434 33.561
76.429 69.67 42.2400 100.0 27.430 33.562
76.439 69.67 42.2300 100.0 27.442 33.572
76.449 69.68 42.2300 100.0 27.442 33.568
76.458 69.68 42.2400 100.0 27.442 33.577
76.469 69.68 42.2400 100.0 27.443 33.561
76.479 69.68 42.2300 100.0 27.452 33.580
76.489 69.68 42.2400 100.0 27.447 33.575
76.499 69.69 42.2300 100.0 27.459 33.588
76.508 69.69 42.2300 100.0 27.463 33.592
76.518 69.69 42.2300 100.0 27.462 33.599
76.529 69.69 42.2400 100.0 27.457 33.567
76.539 69.69 42.2300 100.0 27.466 33.586
76.547 69.70 42.2400 100.0 27.461 33.582
76.559 69.70 42.2400 100.0 27.463 33.568
76.569 69.70 42.2300 100.0 27.466 33.571
76.578 69.70 42.2300 100.0 27.469 33.589
76.588 69.70 42.2300 100.0 27.478 33.593
76.599 69.71 42.2400 100.0 27.470 33.566
76.608 69.71 42.2300 100.0 27.479 33.600
76.619 69.71 42.2300 100.0 27.481 33.585
76.628 69.71 42.2300 100.0 27.479 33.574
76.638 69.71 42.2200 100.0 27.492 33.620
76.649 69.72 42.2300 100.0 27.488 33.589
76.659 69.72 42.2400 100.0 27.479 33.559
76.667 69.72 42.2300 100.0 27.490 33.598
76.679 69.72 42.2300 100.0 27.493 33.586
76.689 69.72 42.2300 100.0 27.499 33.598
76.699 69.73 42.2300 100.0 27.501 33.612
76.708 69.73 42.2200 100.0 27.508 33.612
76.719 69.73 42.2200 100.0 27.507 33.605
76.729 69.73 42.2200 100.0 27.510 33.622
76.739 69.73 42.2200 100.0 27.512 33.606
76.748 69.74 42.2200 100.0 27.514 33.606
76.758 69.74 42.2200 100.0 27.515 33.620
76.769 69.74 42.2300 100.0 27.515 33.599
76.778 69.74 42.2200 100.0 27.520 33.608
76.789 69.74 42.2200 100.0 27.525 33.630
76.798 69.75 42.2200 100.0 27.524 33.609
76.809 69.75 42.2100 100.0 27.534 33.629
76.819 69.75 42.2200 100.0 27.532 33.635
76.828 69.75 42.2200 100.0 27.530 33.608
76.838 69.75 42.2200 100.0 27.535 33.617
76.849 69.76 42.2200 100.0 27.537 33.633
76.858 69.76 42.2200 100.0 27.539 33.618
76.869 69.76 42.2200 100.0 27.536 33.605
76.878 69.76 42.2200 100.0 27.539 33.624
76.888 69.76 42.2100 100.0 27.553 33.640
76.899 69.77 42.2200 100.0 27.547 33.620
76.909 69.77 42.2200 100.0 27.549 33.633
76.917 69.77 42.2200 100.0 27.554 33.627
76.929 69.77 42.2100 100.0 27.559 33.636
76.939 69.77 42.2100 100.0 27.564 33.659
76.948 69.78 42.2200 100.0 27.559 33.627
76.958 69.78 42.2100 100.0 27.565 33.636
76.969 69.78 42.2100 100.0 27.571 33.663
76.979 69.78 42.2100 100.0 27.570 33.638
76.989 69.78 42.2200 100.0 27.566 33.625
76.998 69.79 42.2100 100.0 27.575 33.658
77.008 69.79 42.2100 100.0 27.576 33.641
77.019 69.79 42.2200 100.0 27.575 33.633
77.028 69.79 42.2100 100.0 27.580 33.656
77.039 69.79 42.2100 100.0 27.585 33.649
77.048 69.80 42.2100 100.0 27.590 33.658
77.058 69.80 42.2100 100.0 27.588 33.662
77.069 69.80 42.2100 100.0 27.595 33.660
77.079 69.80 42.2000 100.0 27.601 33.672
77.088 69.80 42.2100 100.0 27.592 33.659
77.099 69.81 42.2100 100.0 27.591 33.636
77.109 69.81 42.2100 100.0 27.597 33.645
77.119 69.81 42.2100 100.0 27.600 33.665
77.128 69.81 42.2100 100.0 27.602 33.648
77.138 69.81 42.2100 100.0 27.608 33.659
77.149 69.82 42.2100 100.0 27.610 33.675
77.159 69.82 42.2100 100.0 27.613 33.662
77.167 69.82 42.2000 100.0 27.621 33.679
77.179 69.82 42.2000 100.0 27.618 33.682
77.189 69.82 42.2100 100.0 27.617 33.659
77.199 69.83 42.2100 100.0 27.620 33.661
77.208 69.83 42.2100 100.0 27.623 33.680
77.219 69.83 42.2100 100.0 27.622 33.657
77.229 69.83 42.2100 100.0 27.627 33.665
77.239 69.83 42.2000 100.0 27.634 33.695
77.249 69.84 42.2000 100.0 27.638 33.685
77.259 69.84 42.2000 100.0 27.634 33.670
77.269 69.84 42.2000 100.0 27.643 33.704
77.279 69.84 42.2000 100.0 27.641 33.678
77.290 69.84 42.1900 100.0 27.650 33.696
77.299 69.85 42.2000 100.0 27.643 33.688
77.309 69.85 42.2000 100.0 27.645 33.673
77.320 69.85 42.2000 100.0 27.651 33.684
77.330 69.85 42.2000 100.0 27.652 33.698
77.339 69.85 42.2100 100.0 27.648 33.665
77.350 69.86 42.2000 100.0 27.653 33.674
77.360 69.86 42.2100 100.0 27.649 33.674
77.370 69.86 42.2100 100.0 27.654 33.667
77.379 69.86 42.2000 100.0 27.662 33.684
77.390 69.86 42.2000 100.0 27.666 33.703
77.400 69.87 42.2100 100.0 27.661 33.669
77.410 69.87 42.2000 100.0 27.669 33.687
77.418 69.87 42.2000 100.0 27.671 33.704
77.430 69.87 42.2000 100.0 27.675 33.693
77.440 69.87 42.2000 100.0 27.678 33.695
77.449 69.88 42.1900 100.0 27.686 33.728
77.459 69.88 42.2000 100.0 27.680 33.692
77.470 69.88 42.1900 100.0 27.689 33.710
77.479 69.88 42.2000 100.0 27.683 33.703
77.490 69.88 42.1900 100.0 27.689 33.701
77.500 69.89 42.2000 100.0 27.687 33.691
77.510 69.89 42.1900 100.0 27.700 33.734
77.520 69.89 42.1900 100.0 27.695 33.701
77.530 69.89 42.1900 100.0 27.698 33.705
77.540 69.89 42.2000 100.0 27.695 33.707
77.549 69.90 42.2000 100.0 27.698 33.694
77.560 69.90 42.1900 100.0 27.709 33.717
77.570 69.90 42.1900 100.0 27.712 33.737
77.580 69.90 42.1900 100.0 27.713 33.719
77.588 69.90 42.1900 100.0 27.717 33.726
77.600 69.91 42.1900 100.0 27.719 33.739
77.610 69.91 42.1900 100.0 27.719 33.719
77.619 69.91 42.1900 100.0 27.717 33.710
77.629 69.91 42.1900 100.0 27.722 33.733
77.640 69.91 42.1900 100.0 27.722 33.713
77.649 69.92 42.1900 100.0 27.724 33.714
77.660 69.92 42.1900 100.0 27.727 33.732
77.669 69.92 42.1900 100.0 27.734 33.731
77.679 69.92 42.1800 100.0 27.738 33.736
77.690 69.92 42.1900 100.0 27.736 33.741
77.700 69.93 42.1900 100.0 27.737 33.723
77.709 69.93 42.1900 100.0 27.742 33.731
77.720 69.93 42.1800 100.0 27.746 33.752
77.730 69.93 42.1800 100.0 27.749 33.740
77.740 69.93 42.1900 100.0 27.748 33.732
77.750 69.94 42.1800 100.0 27.753 33.757
77.759 69.94 42.1800 100.0 27.755 33.741
77.770 69.94 42.1900 100.0 27.751 33.724
77.780 69.94 42.1900 100.0 27.754 33.745
77.789 69.94 42.1800 100.0 27.762 33.746
77.799 69.95 42.1800 100.0 27.762 33.738
77.810 69.95 42.1800 100.0 27.766 33.761
77.819 69.95 42.1800 100.0 27.771 33.754
77.830 69.95 42.1800 100.0 27.772 33.750
77.839 69.95 42.1800 100.0 27.772 33.763
77.850 69.96 42.1800 100.0 27.774 33.747
77.860 69.96 42.1800 100.0 27.777 33.749
77.870 69.96 42.1700 100.0 27.785 33.782
77.879 69.96 42.1800 100.0 27.780 33.747
77.890 69.96 42.1800 100.0 27.781 33.746
77.899 69.97 42.1700 100.0 27.792 33.786
77.910 69.97 42.1700 100.0 27.795 33.772
77.919 69.97 42.1700 100.0 27.795 33.768
77.929 69.97 42.1700 100.0 27.800 33.792
77.940 69.97 42.1800 100.0 27.796 33.762
77.950 69.98 42.1800 100.0 27.798 33.761
77.958 69.98 42.1800 100.0 27.798 33.772
77.970 69.98 42.1800 100.0 27.798 33.750
77.980 69.98 42.1700 100.0 27.812 33.782
77.990 69.98 42.1700 100.0 27.810 33.788
78.000 69.99 42.1800 100.0 27.809 33.764
78.009 69.99 42.1700 100.0 27.816 33.778
78.020 69.99 42.1800 100.0 27.812 33.779
78.030 69.99 42.1800 100.0 27.814 33.763
78.039 69.99 42.1800 100.0 27.815 33.763
78.049 70.00 42.1800 100.0 27.815 33.771
78.060 70.00 42.1700 100.0 27.824 33.775
78.069 70.00 42.1700 100.0 27.826 33.777
78.080 70.00 42.1700 100.0 27.828 33.791
78.089 70.00 42.1700 100.0 27.836 33.794
78.099 70.01 42.1700 100.0 27.836 33.789
78.110 70.01 42.1700 100.0 27.841 33.810
78.120 70.01 42.1700 100.0 27.836 33.778
78.129 70.01 42.1700 100.0 27.844 33.793
78.140 70.01 42.1700 100.0 27.843 33.801
78.149 70.02 42.1700 100.0 27.847 33.791
78.160 70.02 42.1700 100.0 27.847 33.787
78.169 70.02 42.1600 100.0 27.857 33.825
78.180 70.02 42.1700 100.0 27.850 33.786
78.190 70.02 42.1700 100.0 27.853 33.790
78.199 70.03 42.1700 100.0 27.853 33.797
78.209 70.03 42.1600 100.0 27.867 33.816
78.220 70.03 42.1700 100.0 27.858 33.787
78.229 70.03 42.1600 100.0 27.871 33.831
78.240 70.03 42.1700 100.0 27.867 33.801
78.250 70.04 42.1600 100.0 27.872 33.811
78.260 70.04 42.1600 100.0 27.874 33.824
78.270 70.04 42.1700 100.0 27.869 33.790
78.280 70.04 42.1600 100.0 27.883 33.823
78.291 70.04 42.1600 100.0 27.883 33.835
78.300 70.05 42.1600 100.0 27.883 33.815
78.310 70.05 42.1600 100.0 27.883 33.810
78.321 70.05 42.1600 100.0 27.888 33.834
78.331 70.05 42.1600 100.0 27.889 33.816
78.339 70.05 42.1600 100.0 27.890 33.812
78.351 70.06 42.1600 100.0 27.894 33.833
78.361 70.06 42.1600 100.0 27.895 33.817
78.371 70.06 42.1600 100.0 27.903 33.833
78.380 70.06 42.1600 100.0 27.901 33.838
78.390 70.06 42.1600 100.0 27.902 33.821
78.401 70.07 42.1700 100.0 27.899 33.806
78.411 70.07 42.1600 100.0 27.910 33.846
78.419 70.07 42.1600 100.0 27.910 33.827
78.431 70.07 42.1600 100.0 27.912 33.826
78.441 70.07 42.1600 100.0 27.914 33.843
78.450 70.08 42.1600 100.0 27.917 33.831
78.460 70.08 42.1600 100.0 27.920 33.833
78.471 70.08 42.1500 100.0 27.928 33.865
78.481 70.08 42.1600 100.0 27.924 33.835
78.491 70.08 42.1600 100.0 27.926 33.834
78.500 70.09 42.1600 100.0 27.928 33.851
78.511 70.09 42.1500 100.0 27.937 33.853
78.521 70.09 42.1600 100.0 27.930 33.831
78.530 70.09 42.1600 100.0 27.936 33.856
78.541 70.09 42.1600 100.0 27.937 33.839
78.550 70.10 42.1600 100.0 27.937 33.836
78.560 70.10 42.1500 100.0 27.945 33.867
78.571 70.10 42.1500 100.0 27.950 33.859
78.581 70.10 42.1600 100.0 27.946 33.843
78.589 70.10 42.1500 100.0 27.955 33.877
78.601 70.11 42.1500 100.0 27.955 33.857
78.611 70.11 42.1500 100.0 27.952 33.846
78.620 70.11 42.1500 100.0 27.962 33.883
78.630 70.11 42.1500 100.0 27.959 33.854
78.641 70.11 42.1500 100.0 27.958 33.847
78.650 70.12 42.1500 100.0 27.967 33.881
78.661 70.12 42.1500 100.0 27.972 33.873
78.670 70.12 42.1500 100.0 27.970 33.862
78.681 70.12 42.1500 100.0 27.973 33.882
78.691 70.12 42.1400 100.0 27.979 33.879
78.701 70.13 42.1500 100.0 27.980 33.875
78.710 70.13 42.1500 100.0 27.972 33.866
78.721 70.13 42.1500 100.0 27.982 33.870
78.730 70.13 42.1400 100.0 27.986 33.877
78.741 70.13 42.1500 100.0 27.981 33.873
78.750 70.14 42.1400 100.0 27.994 33.888
78.760 70.14 42.1400 100.0 27.994 33.882
78.771 70.14 42.1400 100.0 27.998 33.905
78.781 70.14 42.1500 100.0 27.993 33.871
78.790 70.14 42.1400 100.0 27.999 33.882
78.800 70.15 42.1500 100.0 27.998 33.890
78.811 70.15 42.1400 100.0 28.008 33.897
78.821 70.15 42.1500 100.0 28.001 33.872
78.830 70.15 42.1400 100.0 28.013 33.916
78.840 70.15 42.1400 100.0 28.012 33.892
78.851 70.16 42.1400 100.0 28.013 33.889
78.861 70.16 42.1400 100.0 28.014 33.902
78.871 70.16 42.1300 100.0 28.025 33.913
78.880 70.16 42.1400 100.0 28.021 33.898
78.891 70.16 42.1300 100.0 28.029 33.929
78.901 70.17 42.1400 100.0 28.025 33.898
78.910 70.17 42.1500 100.0 28.021 33.881
78.920 70.17 42.1400 100.0 28.027 33.909
78.931 70.17 42.1400 100.0 28.031 33.898
78.940 70.17 42.1400 100.0 28.029 33.888
78.951 70.18 42.1400 100.0 28.032 33.907
78.960 70.18 42.1400 100.0 28.042 33.913
78.971 70.18 42.1400 100.0 28.035 33.889
78.981 70.18 42.1400 100.0 28.045 33.928
78.991 70.18 42.1300 100.0 28.048 33.916
79.000 70.19 42.1300 100.0 28.053 33.924
79.011 70.19 42.1300 100.0 28.059 33.950
79.020 70.19 42.1300 100.0 28.058 33.928
79.031 70.19 42.1300 100.0 28.060 33.928
79.041 70.19 42.1400 100.0 28.058 33.932
79.050 70.19 42.1300 100.0 28.063 33.926
79.061 70.20 42.1300 100.0 28.064 33.923
79.071 70.20 42.1300 100.0 28.070 33.948
79.080 70.20 42.1300 100.0 28.072 33.935
79.090 70.20 42.1300 100.0 28.077 33.943
79.101 70.20 42.1400 100.0 28.066 33.924
79.111 70.21 42.1300 100.0 28.072 33.920
79.121 70.21 42.1400 100.0 28.069 33.908
79.130 70.21 42.1300 100.0 28.078 33.940
79.141 70.21 42.1300 100.0 28.084 33.937
79.151 70.21 42.1200 100.0 28.095 33.962
79.160 70.22 42.1200 100.0 28.098 33.980
79.170 70.22 42.1300 100.0 28.091 33.943
79.181 70.22 42.1300 100.0 28.092 33.939
79.190 70.22 42.1300 100.0 28.092 33.948
79.201 70.22 42.1300 100.0 28.095 33.938
79.210 70.23 42.1300 100.0 28.098 33.941
79.220 70.23 42.1300 100.0 28.096 33.945
79.231 70.23 42.1300 100.0 28.099 33.933
79.241 70.23 42.1200 100.0 28.114 33.969
79.250 70.23 42.1200 100.0 28.110 33.969
79.261 70.24 42.1300 100.0 28.110 33.948
79.270 70.24 42.1200 100.0 28.120 33.970
79.281 70.24 42.1200 100.0 28.119 33.977
79.291 70.24 42.1200 100.0 28.120 33.961
79.300 70.24 42.1200 100.0 28.124 33.966
79.311 70.25 42.1200 100.0 28.122 33.971
79.322 70.25 42.1200 100.0 28.124 33.956
79.331 70.25 42.1200 100.0 28.131 33.970
79.341 70.25 42.1200 100.0 28.129 33.975
79.352 70.25 42.1200 100.0 28.136 33.974
79.361 70.26 42.1300 100.0 28.129 33.951
79.372 70.26 42.1300 100.0 28.129 33.960
79.381 70.26 42.1300 100.0 28.134 33.954
79.392 70.26 42.1200 100.0 28.141 33.968
79.402 70.26 42.1200 100.0 28.140 33.975
79.412 70.27 42.1200 100.0 28.152 33.986
79.421 70.27 42.1200 100.0 28.149 33.974
79.432 70.27 42.1100 100.0 28.156 34.003
79.441 70.27 42.1200 100.0 28.155 33.979
79.452 70.27 42.1100 100.0 28.161 33.991
79.461 70.28 42.1200 100.0 28.162 34.004
79.471 70.28 42.1100 100.0 28.166 33.996
79.482 70.28 42.1200 100.0 28.164 33.986
79.492 70.28 42.1100 100.0 28.172 34.016
79.500 70.28 42.1200 100.0 28.168 33.986
79.512 70.29 42.1200 100.0 28.164 33.972
79.522 70.29 42.1200 100.0 28.171 33.999
79.531 70.29 42.1100 100.0 28.178 33.998
79.541 70.29 42.1100 100.0 28.179 33.997
79.552 70.29 42.1200 100.0 28.178 34.003
79.562 70.30 42.1200 100.0 28.181 33.992
79.572 70.30 42.1200 100.0 28.179 33.982
79.581 70.30 42.1200 100.0 28.183 34.004
79.591 70.30 42.1200 100.0 28.188 33.995
79.602 70.30 42.1100 100.0 28.195 34.010
79.611 70.31 42.1000 100.0 28.204 34.044
79.622 70.31 42.1100 100.0 28.197 34.005
79.631 70.31 42.1200 100.0 28.194 33.993
79.641 70.31 42.1100 100.0 28.201 34.021
79.652 70.31 42.1200 100.0 28.197 33.991
79.662 70.32 42.1100 100.0 28.203 34.001
79.670 70.32 42.1100 100.0 28.204 34.015
79.682 70.32 42.1100 100.0 28.211 34.013
79.692 70.32 42.1200 100.0 28.206 33.996
79.702 70.32 42.1100 100.0 28.215 34.029
79.711 70.33 42.1100 100.0 28.218 34.018
79.722 70.33 42.1100 100.0 28.219 34.017
79.732 70.33 42.1000 100.0 28.226 34.045
79.742 70.33 42.1100 100.0 28.222 34.013
79.751 70.33 42.1100 100.0 28.229 34.027
79.762 70.34 42.1100 100.0 28.231 34.043
79.772 70.34 42.1100 100.0 28.231 34.023
79.781 70.34 42.1100 100.0 28.234 34.027
79.791 70.34 42.1100 100.0 28.233 34.035
79.802 70.34 42.1100 100.0 28.234 34.018
79.812 70.35 42.1000 100.0 28.243 34.036
79.822 70.35 42.1100 100.0 28.241 34.041
79.832 70.35 42.1100 100.0 28.242 34.024
79.841 70.35 42.1100 100.0 28.245 34.028
79.852 70.35 42.1000 100.0 28.252 34.055
79.861 70.36 42.1000 100.0 28.253 34.039
79.872 70.36 42.1000 100.0 28.255 34.040
79.881 70.36 42.1000 100.0 28.263 34.071
79.891 70.36 42.1000 100.0 28.262 34.048
79.902 70.36 42.1000 100.0 28.264 34.049
79.912 70.37 42.1000 100.0 28.266 34.064
79.920 70.37 42.1000 100.0 28.267 34.048
79.932 70.37 42.1000 100.0 28.270 34.051
79.942 70.37 42.1000 100.0 28.274 34.073
79.952 70.37 42.1000 100.0 28.275 34.054
79.961 70.38 42.1000 100.0 28.272 34.042
79.972 70.38 42.1000 100.0 28.283 34.081
79.982 70.38 42.1000 100.0 28.285 34.067
79.992 70.38 42.0900 100.0 28.288 34.068
80.001 70.38 42.1000 100.0 28.289 34.081
80.012 70.39 42.1100 100.0 28.279 34.037
80.022 70.39 42.0900 100.0 28.294 34.071
80.031 70.39 42.0900 100.0 28.300 34.096
80.041 70.39 42.1000 100.0 28.290 34.051
80.052 70.39 42.1000 100.0 28.299 34.070
80.062 70.40 42.1000 100.0 28.301 34.084
80.072 70.40 42.1000 100.0 28.298 34.058
80.081 70.40 42.1000 100.0 28.305 34.070
80.091 70.40 42.0900 100.0 28.311 34.097
80.102 70.40 42.0900 100.0 28.311 34.077
80.111 70.41 42.1000 100.0 28.311 34.073
80.122 70.41 42.0900 100.0 28.314 34.092
80.131 70.41 42.0900 100.0 28.316 34.076
80.142 70.41 42.0900 100.0 28.321 34.084
80.152 70.41 42.0900 100.0 28.326 34.109
80.162 70.42 42.1000 100.0 28.319 34.070
80.171 70.42 42.0900 100.0 28.330 34.094
80.182 70.42 42.1000 100.0 28.324 34.089
80.191 70.42 42.1000 100.0 28.327 34.076
80.202 70.42 42.0900 100.0 28.332 34.086
80.211 70.43 42.0900 100.0 28.335 34.105
80.221 70.43 42.1000 100.0 28.329 34.068
80.232 70.43 42.1000 100.0 28.334 34.077
80.242 70.43 42.1000 100.0 28.336 34.092
80.251 70.43 42.0900 100.0 28.341 34.086
80.262 70.44 42.0900 100.0 28.344 34.090
80.272 70.44 42.0900 100.0 28.348 34.110
80.282 70.44 42.0800 100.0 28.355 34.109
80.291 70.44 42.0900 100.0 28.350 34.090
80.301 70.44 42.0900 100.0 28.352 34.106
80.312 70.45 42.0900 100.0 28.358 34.102
80.322 70.45 42.0800 100.0 28.364 34.114
80.333 70.45 42.0800 100.0 28.368 34.134
80.342 70.45 42.0900 100.0 28.362 34.099
80.353 70.45 42.0900 100.0 28.367 34.106
80.363 70.46 42.0900 100.0 28.370 34.125
80.373 70.46 42.0800 100.0 28.377 34.123
80.381 70.46 42.0900 100.0 28.374 34.111
80.393 70.46 42.0900 100.0 28.374 34.121
80.403 70.46 42.0900 100.0 28.375 34.106
80.412 70.47 42.0800 100.0 28.387 34.132
80.422 70.47 42.0800 100.0 28.385 34.137
80.433 70.47 42.0900 100.0 28.383 34.110
80.443 70.47 42.0900 100.0 28.385 34.111
80.453 70.47 42.0800 100.0 28.393 34.143
80.461 70.48 42.0900 100.0 28.390 34.116
80.473 70.48 42.0900 100.0 28.392 34.117
80.483 70.48 42.0800 100.0 28.401 34.152
80.492 70.48 42.0800 100.0 28.405 34.142
80.502 70.48 42.0800 100.0 28.404 34.133
80.513 70.49 42.0800 100.0 28.404 34.143
80.523 70.49 42.0800 100.0 28.408 34.136
80.533 70.49 42.0800 100.0 28.414 34.147
80.542 70.49 42.0900 100.0 28.405 34.132
80.553 70.49 42.0700 100.0 28.422 34.158
80.563 70.50 42.0800 100.0 28.418 34.142
80.572 70.50 42.0700 100.0 28.423 34.167
80.583 70.50 42.0700 100.0 28.427 34.158
80.592 70.50 42.0700 100.0 28.437 34.178
80.603 70.50 42.0700 100.0 28.432 34.176
80.613 70.51 42.0800 100.0 28.429 34.147
80.623 70.51 42.0800 100.0 28.429 34.144
80.632 70.51 42.0700 100.0 28.438 34.178
80.643 70.51 42.0800 100.0 28.436 34.152
80.652 70.51 42.0800 100.0 28.439 34.156
80.663 70.52 42.0700 100.0 28.444 34.179
80.672 70.52 42.0700 100.0 28.446 34.164
80.682 70.52 42.0700 100.0 28.447 34.163
80.693 70.52 42.0700 100.0 28.450 34.180
80.703 70.52 42.0800 100.0 28.449 34.158
80.712 70.53 42.0700 100.0 28.455 34.170
80.723 70.53 42.0700 100.0 28.456 34.182
80.732 70.53 42.0700 100.0 28.459 34.172
80.743 70.53 42.0800 100.0 28.456 34.159
80.752 70.53 42.0700 100.0 28.467 34.198
80.762 70.54 42.0700 100.0 28.465 34.172
80.773 70.54 42.0700 100.0 28.471 34.183
80.783 70.54 42.0700 100.0 28.468 34.187
80.792 70.54 42.0700 100.0 28.471 34.173
80.803 70.54 42.0700 100.0 28.471 34.169
80.812 70.55 42.0700 100.0 28.480 34.204
80.823 70.55 42.0700 100.0 28.476 34.174
80.833 70.55 42.0700 100.0 28.482 34.183
80.842 70.55 42.0700 100.0 28.480 34.189
80.853 70.55 42.0700 100.0 28.487 34.188
80.863 70.56 42.0700 100.0 28.488 34.188
80.873 70.56 42.0600 100.0 28.497 34.220
80.882 70.56 42.0700 100.0 28.491 34.184
80.893 70.56 42.0700 100.0 28.490 34.177
80.903 70.56 42.0700 100.0 28.497 34.206
80.913 70.57 42.0700 100.0 28.495 34.182
80.921 70.57 42.0700 100.0 28.500 34.189
80.933 70.57 42.0600 100.0 28.510 34.228
80.943 70.57 42.0700 100.0 28.501 34.183
80.952 70.57 42.0600 100.0 28.513 34.211
80.962 70.58 42.0600 100.0 28.513 34.219
80.973 70.58 42.0700 100.0 28.507 34.186
80.983 70.58 42.0600 100.0 28.516 34.204
80.993 70.58 42.0600 100.0 28.519 34.223
81.001 70.58 42.0600 100.0 28.520 34.206
81.013 70.59 42.0600 100.0 28.523 34.207
81.023 70.59 42.0700 100.0 28.523 34.218
81.032 70.59 42.0600 100.0 28.525 34.205
81.042 70.59 42.0700 100.0 28.525 34.201
81.053 70.59 42.0600 100.0 28.529 34.222
81.063 70.60 42.0600 100.0 28.533 34.211
81.073 70.60 42.0600 100.0 28.541 34.229
81.083 70.60 42.0600 100.0 28.544 34.245
81.093 70.60 42.0600 100.0 28.544 34.226
81.103 70.60 42.0600 100.0 28.543 34.220
81.112 70.61 42.0600 100.0 28.546 34.238
81.123 70.61 42.0600 100.0 28.550 34.229
81.132 70.61 42.0600 100.0 28.551 34.227
81.142 70.61 42.0600 100.0 28.550 34.233
81.153 70.61 42.0600 100.0 28.556 34.229
81.163 70.62 42.0600 100.0 28.560 34.235
81.171 70.62 42.0600 100.0 28.560 34.247
81.183 70.62 42.0600 100.0 28.563 34.234
81.193 70.62 42.0600 100.0 28.566 34.238
81.203 70.62 42.0500 100.0 28.574 34.269
81.212 70.63 42.0600 100.0 28.567 34.231
81.222 70.63 42.0500 100.0 28.573 34.244
81.233 70.63 42.0500 100.0 28.580 34.272
81.243 70.63 42.0600 100.0 28.571 34.229
81.252 70.63 42.0500 100.0 28.580 34.247
81.263 70.64 42.0500 100.0 28.583 34.265
81.273 70.64 42.0600 100.0 28.579 34.235
81.283 70.64 42.0600 100.0 28.582 34.237
81.292 70.64 42.0600 100.0 28.586 34.259
81.303 70.64 42.0500 100.0 28.592 34.256
81.313 70.65 42.0500 100.0 28.598 34.267
81.323 70.65 42.0500 100.0 28.594 34.267
81.333 70.65 42.0500 100.0 28.596 34.253
81.343 70.65 42.0500 100.0 28.600 34.256
81.353 70.65 42.0500 100.0 28.602 34.273
81.364 70.66 42.0500 100.0 28.604 34.260
81.374 70.66 42.0500 100.0 28.610 34.270
81.383 70.66 42.0500 100.0 28.611 34.284
81.394 70.66 42.0500 100.0 28.611 34.264
81.404 70.66 42.0500 100.0 28.616 34.273
81.413 70.67 42.0400 100.0 28.623 34.301
81.423 70.67 42.0500 100.0 28.618 34.267
81.434 70.67 42.0400 100.0 28.625 34.283
81.443 70.67 42.0400 100.0 28.629 34.303
81.454 70.67 42.0400 100.0 28.631 34.288
81.463 70.68 42.0500 100.0 28.630 34.282
81.474 70.68 42.0400 100.0 28.633 34.300
81.483 70.68 42.0500 100.0 28.633 34.279
81.494 70.68 42.0400 100.0 28.639 34.291
81.503 70.68 42.0500 100.0 28.638 34.300
81.514 70.69 42.0500 100.0 28.639 34.280
81.524 70.69 42.0500 100.0 28.642 34.285
81.534 70.69 42.0400 100.0 28.647 34.309
81.543 70.69 42.0500 100.0 28.645 34.283
81.554 70.69 42.0500 100.0 28.645 34.278
81.564 70.70 42.0400 100.0 28.655 34.317
81.574 70.70 42.0500 100.0 28.651 34.284
81.583 70.70 42.0400 100.0 28.657 34.297
81.593 70.70 42.0400 100.0 28.659 34.312
81.604 70.70 42.0400 100.0 28.659 34.292
81.614 70.71 42.0400 100.0 28.661 34.293
81.623 70.71 42.0400 100.0 28.665 34.314
81.633 70.71 42.0400 100.0 28.668 34.303
81.644 70.71 42.0400 100.0 28.670 34.304
81.654 70.71 42.0400 100.0 28.671 34.317
81.664 70.72 42.0400 100.0 28.679 34.317
81.672 70.72 42.0400 100.0 28.679 34.313
81.684 70.72 42.0400 100.0 28.683 34.335
81.694 70.72 42.0400 100.0 28.684 34.316
81.703 70.72 42.0400 100.0 28.687 34.320
81.713 70.73 42.0400 100.0 28.688 34.332
81.724 70.73 42.0400 100.0 28.691 34.320
81.734 70.73 42.0400 100.0 28.693 34.321
81.744 70.73 42.0400 100.0 28.690 34.325
81.753 70.73 42.0400 100.0 28.698 34.326
81.764 70.74 42.0300 100.0 28.700 34.328
81.774 70.74 42.0400 100.0 28.702 34.343
81.783 70.74 42.0400 100.0 28.702 34.322
81.793 70.74 42.0300 100.0 28.710 34.338
81.804 70.74 42.0400 100.0 28.708 34.344
81.814 70.75 42.0400 100.0 28.707 34.322
81.824 70.75 42.0400 100.0 28.709 34.322
81.833 70.75 42.0400 100.0 28.713 34.345
81.844 70.75 42.0300 100.0 28.719 34.339
81.854 70.75 42.0400 100.0 28.716 34.328
81.864 70.76 42.0300 100.0 28.724 34.358
81.874 70.76 42.0300 100.0 28.726 34.346
81.883 70.76 42.0300 100.0 28.724 34.335
81.894 70.76 42.0300 100.0 28.732 34.366
81.904 70.76 42.0300 100.0 28.734 34.352
81.914 70.77 42.0300 100.0 28.738 34.357
81.922 70.77 42.0300 100.0 28.738 34.369
81.934 70.77 42.0300 100.0 28.738 34.349
81.944 70.77 42.0300 100.0 28.742 34.355
81.953 70.77 42.0300 100.0 28.742 34.365
81.963 70.78 42.0300 100.0 28.746 34.355
81.974 70.78 42.0300 100.0 28.750 34.361
81.984 70.78 42.0400 100.0 28.739 34.344
81.994 70.78 42.0300 100.0 28.748 34.346
82.002 70.78 42.0400 100.0 28.747 34.341
82.014 70.79 42.0300 100.0 28.755 34.372
82.024 70.79 42.0300 100.0 28.759 34.363
82.033 70.79 42.0300 100.0 28.757 34.353
82.043 70.79 42.0300 100.0 28.764 34.381
82.054 70.79 42.0300 100.0 28.766 34.366
82.063 70.80 42.0300 100.0 28.768 34.367
82.074 70.80 42.0300 100.0 28.768 34.378
82.083 70.80 42.0200 100.0 28.775 34.376
82.094 70.80 42.0200 100.0 28.776 34.376
82.104 70.80 42.0200 100.0 28.779 34.393
82.114 70.81 42.0300 100.0 28.780 34.375
82.124 70.81 42.0200 100.0 28.788 34.394
82.133 70.81 42.0200 100.0 28.788 34.403
82.144 70.81 42.0200 100.0 28.791 34.390
82.154 70.81 42.0200 100.0 28.796 34.401
82.164 70.82 42.0200 100.0 28.795 34.407
82.172 70.82 42.0200 100.0 28.796 34.391
82.184 70.82 42.0300 100.0 28.793 34.379
82.194 70.82 42.0200 100.0 28.797 34.400
82.203 70.82 42.0200 100.0 28.804 34.399
82.213 70.83 42.0200 100.0 28.807 34.402
82.224 70.83 42.0200 100.0 28.807 34.412
82.234 70.83 42.0200 100.0 28.807 34.393
82.244 70.83 42.0200 100.0 28.810 34.394
82.252 70.83 42.0200 100.0 28.812 34.410
82.264 70.84 42.0200 100.0 28.814 34.397
82.274 70.84 42.0200 100.0 28.815 34.395
82.283 70.84 42.0200 100.0 28.819 34.417
82.293 70.84 42.0300 100.0 28.816 34.388
82.304 70.84 42.0200 100.0 28.823 34.403
82.314 70.84 42.0200 100.0 28.826 34.421
82.324 70.85 42.0200 100.0 28.829 34.408
82.333 70.85 42.0100 100.0 28.836 34.424
82.344 70.85 42.0100 100.0 28.841 34.447
82.354 70.85 42.0200 100.0 28.835 34.412
82.364 70.85 42.0200 100.0 28.834 34.404
82.375 70.86 42.0200 100.0 28.834 34.413
82.384 70.86 42.0200 100.0 28.839 34.407
82.394 70.86 42.0100 100.0 28.849 34.429
82.405 70.86 42.0200 100.0 28.847 34.436
82.415 70.86 42.0100 100.0 28.852 34.429
82.424 70.87 42.0100 100.0 28.852 34.424
82.435 70.87 42.0100 100.0 28.858 34.451
82.444 70.87 42.0100 100.0 28.863 34.444
82.455 70.87 42.0200 100.0 28.854 34.415
82.464 70.87 42.0100 100.0 28.866 34.457
82.474 70.88 42.0200 100.0 28.860 34.422
82.485 70.88 42.0100 100.0 28.867 34.436
82.495 70.88 42.0100 100.0 28.875 34.469
82.504 70.88 42.0100 100.0 28.870 34.436
82.515 70.88 42.0100 100.0 28.876 34.447
82.525 70.89 42.0100 100.0 28.873 34.448
82.535 70.89 42.0100 100.0 28.879 34.444
82.544 70.89 42.0100 100.0 28.883 34.449
82.555 70.89 42.0100 100.0 28.880 34.452
82.565 70.89 42.0100 100.0 28.881 34.436
82.575 70.90 42.0100 100.0 28.888 34.450
82.583 70.90 42.0100 100.0 28.887 34.457
82.595 70.90 42.0100 100.0 28.891 34.448
82.605 70.90 42.0100 100.0 28.893 34.448
82.614 70.90 42.0100 100.0 28.895 34.464
82.625 70.91 42.0100 100.0 28.896 34.448
82.634 70.91 42.0000 100.0 28.908 34.477
82.644 70.91 42.0000 100.0 28.906 34.482
82.655 70.91 42.0100 100.0 28.903 34.453
82.665 70.91 42.0100 100.0 28.907 34.460
82.674 70.92 42.0100 100.0 28.908 34.472
82.685 70.92 42.0100 100.0 28.913 34.467
82.694 70.92 42.0000 100.0 28.917 34.471
82.705 70.92 42.0100 100.0 28.917 34.483
82.714 70.92 42.0100 100.0 28.918 34.466
82.724 70.93 42.0000 100.0 28.924 34.476
82.735 70.93 42.0100 100.0 28.923 34.483
82.745 70.93 42.0000 100.0 28.931 34.485
82.753 70.93 42.0000 100.0 28.930 34.479
82.765 70.93 42.0000 100.0 28.933 34.498
82.775 70.94 42.0000 100.0 28.935 34.483
82.785 70.94 42.0100 100.0 28.933 34.474
82.794 70.94 42.0000 100.0 28.936 34.493
82.805 70.94 42.0000 100.0 28.942 34.488
82.815 70.94 42.0000 100.0 28.944 34.489
82.825 70.95 42.0000 100.0 28.949 34.513
82.833 70.95 42.0000 100.0 28.952 34.501
82.845 70.95 42.0000 100.0 28.951 34.493
82.855 70.95 42.0000 100.0 28.954 34.511
82.865 70.95 41.9900 100.0 28.960 34.509
82.875 70.96 42.0000 100.0 28.958 34.497
82.884 70.96 42.0000 100.0 28.961 34.517
82.895 70.96 41.9900 100.0 28.968 34.514
82.905 70.96 42.0000 100.0 28.966 34.504
82.914 70.96 42.0000 100.0 28.968 34.521
82.924 70.97 41.9900 100.0 28.974 34.519
82.935 70.97 42.0000 100.0 28.973 34.511
82.944 70.97 42.0000 100.0 28.975 34.527
82.955 70.97 42.0000 100.0 28.977 34.512
82.964 70.97 42.0000 100.0 28.976 34.504
82.974 70.98 42.0000 100.0 28.980 34.526
82.985 70.98 41.9900 100.0 28.989 34.529
82.995 70.98 41.9900 100.0 28.990 34.528
83.004 70.98 41.9900 100.0 28.990 34.539
83.015 70.98 42.0000 100.0 28.989 34.516
83.025 70.99 41.9900 100.0 28.994 34.524
83.035 70.99 41.9900 100.0 28.996 34.539
83.044 70.99 41.9900 100.0 29.001 34.535
83.054 70.99 41.9900 100.0 29.006 34.543
83.065 70.99 41.9900 100.0 29.006 34.553
83.075 71.00 41.9900 100.0 29.002 34.524
83.083 71.00 41.9900 100.0 29.004 34.524
83.095 71.00 41.9900 100.0 29.009 34.548
83.105 71.00 41.9900 100.0 29.012 34.535
83.114 71.00 41.9900 100.0 29.016 34.541
83.125 71.01 41.9900 100.0 29.019 34.562
83.134 71.01 41.9900 100.0 29.023 34.552
83.145 71.01 41.9800 100.0 29.026 34.555
83.155 71.01 41.9800 100.0 29.034 34.586
83.165 71.01 41.9800 100.0 29.034 34.567
83.174 71.02 41.9800 100.0 29.033 34.560
83.185 71.02 41.9900 100.0 29.030 34.562
83.194 71.02 41.9900 100.0 29.033 34.551
83.205 71.02 41.9900 100.0 29.034 34.549
83.214 71.02 41.9800 100.0 29.048 34.596
83.224 71.03 41.9900 100.0 29.038 34.550
83.235 71.03 41.9900 100.0 29.041 34.553
83.245 71.03 41.9800 100.0 29.050 34.588
83.254 71.03 41.9800 100.0 29.049 34.567
83.265 71.03 41.9800 100.0 29.054 34.575
83.274 71.04 41.9800 100.0 29.052 34.579
83.285 71.04 41.9900 100.0 29.053 34.563
83.294 71.04 41.9900 100.0 29.053 34.558
83.304 71.04 41.9800 100.0 29.058 34.581
83.315 71.04 41.9800 100.0 29.061 34.570
83.325 71.05 41.9800 100.0 29.063 34.569
83.334 71.05 41.9800 100.0 29.068 34.595
83.345 71.05 41.9800 100.0 29.074 34.590
83.354 71.05 41.9700 100.0 29.081 34.605
83.365 71.05 41.9800 100.0 29.070 34.587
83.375 71.06 41.9800 100.0 29.081 34.596
83.384 71.06 41.9800 100.0 29.079 34.584
83.395 71.06 41.9800 100.0 29.077 34.590
83.405 71.06 41.9800 100.0 29.082 34.585
83.416 71.06 41.9800 100.0 29.085 34.589
83.425 71.07 41.9700 100.0 29.092 34.616
83.435 71.07 41.9700 100.0 29.094 34.602
83.446 71.07 41.9800 100.0 29.095 34.599
83.456 71.07 41.9700 100.0 29.098 34.618
83.464 71.07 41.9700 100.0 29.104 34.616
83.476 71.08 41.9700 100.0 29.108 34.622
83.486 71.08 41.9700 100.0 29.105 34.624
83.496 71.08 41.9800 100.0 29.101 34.595
83.505 71.08 41.9800 100.0 29.103 34.594
83.516 71.08 41.9700 100.0 29.112 34.629
83.526 71.09 41.9800 100.0 29.108 34.597
83.536 71.09 41.9700 100.0 29.123 34.635
83.544 71.09 41.9700 100.0 29.121 34.641
83.556 71.09 41.9700 100.0 29.124 34.627
83.566 71.09 41.9700 100.0 29.121 34.614
83.575 71.10 41.9700 100.0 29.131 34.652
83.585 71.10 41.9700 100.0 29.128 34.626
83.596 71.10 41.9700 100.0 29.126 34.615
83.606 71.10 41.9700 100.0 29.127 34.628
83.616 71.10 41.9700 100.0 29.131 34.618
83.625 71.11 41.9700 100.0 29.134 34.623
83.636 71.11 41.9700 100.0 29.140 34.648
83.646 71.11 41.9700 100.0 29.143 34.637
83.656 71.11 41.9700 100.0 29.143 34.633
83.666 71.11 41.9700 100.0 29.146 34.651
83.675 71.12 41.9700 100.0 29.149 34.640
83.686 71.12 41.9700 100.0 29.152 34.642
83.696 71.12 41.9700 100.0 29.154 34.658
83.706 71.12 41.9700 100.0 29.150 34.628
83.714 71.12 41.9700 100.0 29.155 34.636
83.726 71.13 41.9700 100.0 29.157 34.653
83.736 71.13 41.9700 100.0 29.161 34.645
83.745 71.13 41.9700 100.0 29.160 34.637
83.755 71.13 41.9600 100.0 29.168 34.670
83.766 71.13 41.9700 100.0 29.169 34.651
83.775 71.14 41.9600 100.0 29.172 34.655
83.786 71.14 41.9700 100.0 29.168 34.655
83.795 71.14 41.9600 100.0 29.176 34.655
83.806 71.14 41.9700 100.0 29.177 34.654
83.816 71.14 41.9600 100.0 29.183 34.681
83.826 71.15 41.9600 100.0 29.183 34.662
83.835 71.15 41.9600 100.0 29.186 34.664
83.846 71.15 41.9600 100.0 29.188 34.681
83.855 71.15 41.9500 100.0 29.198 34.689
83.866 71.15 41.9600 100.0 29.196 34.678
83.875 71.16 41.9600 100.0 29.198 34.695
83.885 71.16 41.9600 100.0 29.199 34.675
83.896 71.16 41.9600 100.0 29.199 34.672
83.906 71.16 41.9600 100.0 29.206 34.702
83.915 71.16 41.9600 100.0 29.205 34.678
83.925 71.17 41.9600 100.0 29.205 34.673
83.936 71.17 41.9500 100.0 29.214 34.709
83.945 71.17 41.9600 100.0 29.208 34.673
83.956 71.17 41.9500 100.0 29.223 34.709
83.965 71.17 41.9600 100.0 29.217 34.703
83.975 71.18 41.9600 100.0 29.216 34.679
83.986 71.18 41.9600 100.0 29.217 34.680
83.996 71.18 41.9600 100.0 29.220 34.697
84.005 71.18 41.9500 100.0 29.229 34.701
84.016 71.18 41.9500 100.0 29.231 34.703
84.025 71.19 41.9600 100.0 29.230 34.710
84.036 71.19 41.9500 100.0 29.237 34.710
84.045 71.19 41.9500 100.0 29.238 34.708
84.055 71.19 41.9600 100.0 29.236 34.713
84.066 71.19 41.9500 100.0 29.245 34.718
84.076 71.20 41.9600 100.0 29.236 34.689
84.085 71.20 41.9600 100.0 29.241 34.712
84.096 71.20 41.9500 100.0 29.246 34.705
84.106 71.20 41.9500 100.0 29.250 34.713
84.116 71.20 41.9500 100.0 29.257 34.743
84.125 71.21 41.9400 100.0 29.263 34.736
84.136 71.21 41.9500 100.0 29.262 34.731
84.146 71.21 41.9500 100.0 29.255 34.724
84.155 71.21 41.9500 100.0 29.261 34.719
84.166 71.21 41.9500 100.0 29.264 34.723
84.175 71.22 41.9500 100.0 29.267 34.741
84.185 71.22 41.9500 100.0 29.268 34.723
84.196 71.22 41.9500 100.0 29.270 34.726
84.206 71.22 41.9500 100.0 29.270 34.735
84.214 71.22 41.9500 100.0 29.275 34.728
84.226 71.23 41.9500 100.0 29.275 34.724
84.236 71.23 41.9500 100.0 29.275 34.736
84.246 71.23 41.9500 100.0 29.283 34.737
84.255 71.23 41.9500 100.0 29.285 34.737
84.266 71.23 41.9500 100.0 29.288 34.755
84.276 71.24 41.9500 100.0 29.287 34.732
84.286 71.24 41.9500 100.0 29.290 34.737
84.295 71.24 41.9500 100.0 29.293 34.755
84.306 71.24 41.9400 100.0 29.299 34.753
84.316 71.24 41.9400 100.0 29.301 34.752
84.325 71.25 41.9400 100.0 29.308 34.783
84.335 71.25 41.9400 100.0 29.305 34.754
84.346 71.25 41.9400 100.0 29.311 34.766
84.355 71.25 41.9400 100.0 29.310 34.773
84.366 71.25 41.9500 100.0 29.303 34.734
84.375 71.26 41.9400 100.0 29.317 34.767
84.385 71.26 41.9400 100.0 29.313 34.769
84.396 71.26 41.9500 100.0 29.314 34.751
84.406 71.26 41.9400 100.0 29.326 34.777
84.416 71.26 41.9500 100.0 29.318 34.767
84.426 71.27 41.9400 100.0 29.321 34.757
84.436 71.27 41.9400 100.0 29.324 34.758
84.447 71.27 41.9400 100.0 29.327 34.778
84.457 71.27 41.9300 100.0 29.339 34.790
84.465 71.27 41.9400 100.0 29.337 34.781
84.477 71.28 41.9400 100.0 29.339 34.796
84.487 71.28 41.9400 100.0 29.339 34.777
84.496 71.28 41.9400 100.0 29.343 34.782
84.506 71.28 41.9400 100.0 29.343 34.794
84.517 71.28 41.9400 100.0 29.339 34.763
84.526 71.29 41.9400 100.0 29.341 34.765
84.537 71.29 41.9300 100.0 29.353 34.806
84.546 71.29 41.9400 100.0 29.351 34.781
84.556 71.29 41.9400 100.0 29.354 34.784
84.567 71.29 41.9300 100.0 29.361 34.815
84.577 71.30 41.9300 100.0 29.363 34.801
84.585 71.30 41.9300 100.0 29.364 34.799
84.597 71.30 41.9300 100.0 29.367 34.818
84.607 71.30 41.9300 100.0 29.367 34.798
84.616 71.30 41.9400 100.0 29.365 34.787
84.626 71.31 41.9300 100.0 29.371 34.814
84.637 71.31 41.9300 100.0 29.373 34.800
84.646 71.31 41.9300 100.0 29.380 34.812
84.657 71.31 41.9300 100.0 29.382 34.830
84.666 71.31 41.9300 100.0 29.384 34.814
84.677 71.32 41.9300 100.0 29.385 34.814
84.687 71.32 41.9200 100.0 29.393 34.844
84.697 71.32 41.9300 100.0 29.388 34.811
84.707 71.32 41.9300 100.0 29.387 34.806
84.716 71.32 41.9300 100.0 29.394 34.835
84.727 71.33 41.9300 100.0 29.397 34.823
84.737 71.33 41.9300 100.0 29.394 34.809
84.747 71.33 41.9300 100.0 29.402 34.842
84.755 71.33 41.9300 100.0 29.402 34.822
84.767 71.33 41.9300 100.0 29.405 34.825
84.777 71.34 41.9300 100.0 29.409 34.847
84.786 71.34 41.9300 100.0 29.411 34.833
84.796 71.34 41.9300 100.0 29.409 34.822
84.807 71.34 41.9300 100.0 29.415 34.848
84.817 71.34 41.9300 100.0 29.415 34.829
84.827 71.35 41.9200 100.0 29.422 34.843
84.836 71.35 41.9200 100.0 29.424 34.860
84.847 71.35 41.9200 100.0 29.428 34.850
84.857 71.35 41.9200 100.0 29.436 34.868
84.866 71.35 41.9200 100.0 29.432 34.869
84.876 71.36 41.9300 100.0 29.429 34.839
84.887 71.36 41.9300 100.0 29.428 34.832
84.897 71.36 41.9300 100.0 29.431 34.850
84.907 71.36 41.9300 100.0 29.435 34.842
84.916 71.36 41.9200 100.0 29.440 34.852
84.926 71.37 41.9100 100.0 29.452 34.894
84.937 71.37 41.9200 100.0 29.443 34.849
84.947 71.37 41.9300 100.0 29.442 34.844
84.956 71.37 41.9200 100.0 29.456 34.892
84.966 71.37 41.9200 100.0 29.457 34.875
84.977 71.38 41.9200 100.0 29.458 34.871
84.986 71.38 41.9200 100.0 29.456 34.878
84.997 71.38 41.9200 100.0 29.463 34.877
85.006 71.38 41.9200 100.0 29.457 34.856
85.016 71.38 41.9200 100.0 29.466 34.892
85.027 71.39 41.9200 100.0 29.468 34.876
85.037 71.39 41.9200 100.0 29.471 34.880
85.046 71.39 41.9100 100.0 29.476 34.905
85.057 71.39 41.9200 100.0 29.467 34.862
85.067 71.39 41.9200 100.0 29.468 34.860
85.077 71.40 41.9200 100.0 29.471 34.878
85.086 71.40 41.9200 100.0 29.481 34.884
85.097 71.40 41.9200 100.0 29.481 34.880
85.107 71.40 41.9200 100.0 29.484 34.899
85.117 71.40 41.9200 100.0 29.486 34.884
85.125 71.41 41.9100 100.0 29.491 34.894
85.137 71.41 41.9100 100.0 29.496 34.917
85.147 71.41 41.9100 100.0 29.495 34.894
85.156 71.41 41.9100 100.0 29.497 34.896
85.166 71.41 41.9100 100.0 29.502 34.918
85.177 71.42 41.9200 100.0 29.499 34.891
85.186 71.42 41.9200 100.0 29.495 34.876
85.197 71.42 41.9100 100.0 29.508 34.921
85.207 71.42 41.9100 100.0 29.513 34.915
85.215 71.42 41.9100 100.0 29.517 34.921
85.227 71.43 41.9200 100.0 29.510 34.914
85.237 71.43 41.9100 100.0 29.518 34.915
85.247 71.43 41.9100 100.0 29.517 34.908
85.256 71.43 41.9100 100.0 29.518 34.922
85.267 71.43 41.9100 100.0 29.525 34.922
85.277 71.44 41.9100 100.0 29.521 34.904
85.287 71.44 41.9100 100.0 29.523 34.922
85.295 71.44 41.9000 100.0 29.536 34.937
85.307 71.44 41.9000 100.0 29.536 34.933
85.317 71.44 41.9100 100.0 29.537 34.946
85.326 71.45 41.9100 100.0 29.537 34.925
85.336 71.45 41.9000 100.0 29.543 34.938
85.347 71.45 41.9100 100.0 29.541 34.941
85.356 71.45 41.9100 100.0 29.538 34.915
85.367 71.45 41.9100 100.0 29.544 34.925
85.376 71.46 41.9100 100.0 29.548 34.947
85.386 71.46 41.9000 100.0 29.553 34.941
85.397 71.46 41.9000 100.0 29.561 34.957
85.407 71.46 41.9100 100.0 29.555 34.952
85.416 71.46 41.9100 100.0 29.555 34.932
85.427 71.47 41.9000 100.0 29.563 34.950
85.437 71.47 41.9000 100.0 29.564 34.962
85.447 71.47 41.9000 100.0 29.568 34.955
85.458 71.47 41.9000 100.0 29.571 34.958
85.467 71.47 41.9000 100.0 29.571 34.969
85.478 71.48 41.9000 100.0 29.571 34.949
85.488 71.48 41.9100 100.0 29.572 34.946
85.498 71.48 41.9000 100.0 29.579 34.977
85.507 71.48 41.9000 100.0 29.586 34.974
85.518 71.48 41.9000 100.0 29.582 34.960
85.527 71.48 41.9000 100.0 29.587 34.985
85.538 71.49 41.9000 100.0 29.586 34.961
85.547 71.49 41.9000 100.0 29.585 34.954
85.557 71.49 41.9000 100.0 29.591 34.982
85.568 71.49 41.9000 100.0 29.594 34.969
85.578 71.49 41.9000 100.0 29.591 34.956
85.586 71.50 41.9000 100.0 29.596 34.981
85.598 71.50 41.9000 100.0 29.603 34.980
85.608 71.50 41.9000 100.0 29.603 34.976
85.617 71.50 41.9000 100.0 29.599 34.977
85.627 71.50 41.9000 100.0 29.608 34.980
85.638 71.51 41.9000 100.0 29.607 34.973
85.648 71.51 41.9000 100.0 29.610 34.990
85.658 71.51 41.9000 100.0 29.614 34.984
85.666 71.51 41.9000 100.0 29.613 34.976
85.678 71.51 41.8900 100.0 29.624 35.016
85.688 71.52 41.8900 100.0 29.625 34.998
85.697 71.52 41.9000 100.0 29.624 34.991
85.708 71.52 41.9000 100.0 29.626 35.006
85.717 71.52 41.8900 100.0 29.630 34.998
85.727 71.52 41.8900 100.0 29.634 35.004
85.738 71.53 41.9000 100.0 29.629 35.003
85.748 71.53 41.8900 100.0 29.634 34.997
85.756 71.53 41.8900 100.0 29.636 34.997
85.768 71.53 41.8900 100.0 29.639 35.015
85.778 71.53 41.8900 100.0 29.645 35.011
85.788 71.54 41.9000 100.0 29.641 34.996
85.797 71.54 41.8900 100.0 29.647 35.024
85.808 71.54 41.8900 100.0 29.656 35.026
85.818 71.54 41.8900 100.0 29.653 35.015
85.828 71.54 41.8900 100.0 29.655 35.032
85.836 71.55 41.9000 100.0 29.650 34.999
85.848 71.55 41.8900 100.0 29.664 35.030
85.858 71.55 41.8900 100.0 29.658 35.027
85.868 71.55 41.8900 100.0 29.660 35.010
85.877 71.55 41.8900 100.0 29.665 35.021
85.888 71.56 41.8900 100.0 29.668 35.040
85.898 71.56 41.8900 100.0 29.673 35.034
85.908 71.56 41.8900 100.0 29.666 35.010
85.916 71.56 41.8900 100.0 29.677 35.051
85.928 71.56 41.8800 100.0 29.682 35.044
85.938 71.57 41.8900 100.0 29.677 35.027
85.947 71.57 41.8900 100.0 29.678 35.039
85.958 71.57 41.8900 100.0 29.685 35.038
85.967 71.57 41.8800 100.0 29.688 35.041
85.978 71.57 41.8800 100.0 29.690 35.057
85.988 71.58 41.8800 100.0 29.695 35.050
85.998 71.58 41.8900 100.0 29.692 35.038
86.007 71.58 41.8800 100.0 29.699 35.068
86.018 71.58 41.8800 100.0 29.703 35.059
86.027 71.58 41.8800 100.0 29.704 35.057
86.038 71.59 41.8800 100.0 29.705 35.072
86.047 71.59 41.8800 100.0 29.709 35.061
86.057 71.59 41.8900 100.0 29.703 35.040
86.068 71.59 41.8800 100.0 29.710 35.072
86.078 71.59 41.8800 100.0 29.718 35.071
86.087 71.60 41.8800 100.0 29.716 35.062
86.098 71.60 41.8800 100.0 29.722 35.088
86.108 71.60 41.8700 100.0 29.728 35.084
86.118 71.60 41.8800 100.0 29.721 35.064
86.127 71.60 41.8700 100.0 29.731 35.101
86.138 71.61 41.8800 100.0 29.728 35.071
86.148 71.61 41.8800 100.0 29.731 35.077
86.158 71.61 41.8700 100.0 29.738 35.105
86.166 71.61 41.8800 100.0 29.731 35.067
86.178 71.61 41.8800 100.0 29.731 35.063
86.188 71.62 41.8800 100.0 29.741 35.101
86.197 71.62 41.8800 100.0 29.743 35.085
86.208 71.62 41.8800 100.0 29.739 35.070
86.217 71.62 41.8700 100.0 29.750 35.111
86.228 71.62 41.8700 100.0 29.753 35.099
86.238 71.63 41.8700 100.0 29.752 35.093
86.248 71.63 41.8800 100.0 29.751 35.099
86.257 71.63 41.8700 100.0 29.757 35.097
86.268 71.63 41.8700 100.0 29.766 35.116
86.278 71.63 41.8700 100.0 29.763 35.119
86.288 71.64 41.8700 100.0 29.769 35.116
86.297 71.64 41.8700 100.0 29.768 35.107
86.308 71.64 41.8700 100.0 29.775 35.136
86.318 71.64 41.8700 100.0 29.772 35.108
86.328 71.64 41.8700 100.0 29.771 35.103
86.336 71.65 41.8700 100.0 29.781 35.140
86.348 71.65 41.8700 100.0 29.779 35.113
86.358 71.65 41.8700 100.0 29.781 35.116
86.367 71.65 41.8700 100.0 29.787 35.143
86.377 71.65 41.8600 100.0 29.794 35.141
86.388 71.66 41.8700 100.0 29.791 35.129
86.398 71.66 41.8700 100.0 29.793 35.144
86.408 71.66 41.8700 100.0 29.795 35.129
86.416 71.66 41.8700 100.0 29.794 35.124
86.428 71.66 41.8600 100.0 29.803 35.159
86.438 71.67 41.8600 100.0 29.804 35.142
86.447 71.67 41.8700 100.0 29.803 35.133
86.458 71.67 41.8600 100.0 29.806 35.153
86.467 71.67 41.8600 100.0 29.812 35.148
86.477 71.67 41.8600 100.0 29.811 35.141
86.488 71.68 41.8600 100.0 29.816 35.165
86.499 71.68 41.8700 100.0 29.811 35.132
86.508 71.68 41.8700 100.0 29.813 35.133
86.519 71.68 41.8700 100.0 29.815 35.150
86.528 71.68 41.8600 100.0 29.826 35.161
86.539 71.69 41.8600 100.0 29.826 35.156
86.548 71.69 41.8600 100.0 29.831 35.181
86.558 71.69 41.8600 100.0 29.832 35.163
86.569 71.69 41.8500 100.0 29.842 35.185
86.579 71.69 41.8600 100.0 29.831 35.166
86.587 71.70 41.8500 100.0 29.843 35.177
86.599 71.70 41.8600 100.0 29.839 35.165
86.609 71.70 41.8600 100.0 29.844 35.187
86.619 71.70 41.8700 100.0 29.836 35.145
86.628 71.70 41.8600 100.0 29.843 35.160
86.639 71.71 41.8600 100.0 29.847 35.183
86.649 71.71 41.8600 100.0 29.851 35.173
86.659 71.71 41.8600 100.0 29.847 35.157
86.667 71.71 41.8500 100.0 29.858 35.197
86.679 71.71 41.8600 100.0 29.859 35.181
86.689 71.72 41.8600 100.0 29.854 35.165
86.699 71.72 41.8600 100.0 29.858 35.186
86.708 71.72 41.8600 100.0 29.861 35.173
86.718 71.72 41.8600 100.0 29.862 35.171
86.729 71.72 41.8600 100.0 29.866 35.192
86.739 71.73 41.8600 100.0 29.865 35.171
86.748 71.73 41.8600 100.0 29.871 35.183
86.758 71.73 41.8500 100.0 29.879 35.214
86.769 71.73 41.8500 100.0 29.883 35.206
86.778 71.73 41.8500 100.0 29.882 35.199
86.789 71.74 41.8500 100.0 29.884 35.215
86.798 71.74 41.8500 100.0 29.889 35.208
86.809 71.74 41.8500 100.0 29.895 35.219
86.819 71.74 41.8500 100.0 29.889 35.214
86.829 71.74 41.8500 100.0 29.895 35.210
86.838 71.75 41.8500 100.0 29.893 35.202
86.849 71.75 41.8500 100.0 29.901 35.232
86.858 71.75 41.8500 100.0 29.904 35.221
86.869 71.75 41.8500 100.0 29.904 35.217
86.878 71.75 41.8500 100.0 29.900 35.217
86.889 71.76 41.8500 100.0 29.910 35.224
86.899 71.76 41.8400 100.0 29.913 35.228
86.909 71.76 41.8400 100.0 29.918 35.253
86.918 71.76 41.8400 100.0 29.917 35.231
86.929 71.76 41.8500 100.0 29.916 35.224
86.938 71.77 41.8400 100.0 29.925 35.258
86.949 71.77 41.8400 100.0 29.924 35.235
86.958 71.77 41.8400 100.0 29.930 35.247
86.968 71.77 41.8500 100.0 29.919 35.229
86.979 71.77 41.8500 100.0 29.923 35.220
86.989 71.78 41.8400 100.0 29.938 35.254
86.998 71.78 41.8400 100.0 29.940 35.271
87.008 71.78 41.8400 100.0 29.940 35.251
87.019 71.78 41.8300 100.0 29.947 35.266
87.028 71.78 41.8400 100.0 29.943 35.265
87.039 71.79 41.8400 100.0 29.944 35.249
87.048 71.79 41.8400 100.0 29.946 35.249
87.058 71.79 41.8400 100.0 29.946 35.260
87.069 71.79 41.8400 100.0 29.949 35.248
87.079 71.79 41.8400 100.0 29.951 35.249
87.088 71.80 41.8400 100.0 29.954 35.268
87.099 71.80 41.8500 100.0 29.951 35.241
87.109 71.80 41.8400 100.0 29.958 35.255
87.119 71.80 41.8400 100.0 29.961 35.273
87.128 71.80 41.8400 100.0 29.965 35.265
87.138 71.81 41.8300 100.0 29.971 35.277
87.149 71.81 41.8400 100.0 29.970 35.285
87.159 71.81 41.8400 100.0 29.971 35.269
87.167 71.81 41.8400 100.0 29.969 35.259
87.179 71.81 41.8400 100.0 29.975 35.285
87.189 71.82 41.8300 100.0 29.986 35.293
87.198 71.82 41.8400 100.0 29.975 35.260
87.208 71.82 41.8300 100.0 29.989 35.310
87.219 71.82 41.8400 100.0 29.981 35.267
87.228 71.82 41.8300 100.0 29.992 35.291
87.239 71.83 41.8400 100.0 29.985 35.286
87.249 71.83 41.8300 100.0 29.994 35.290
87.258 71.83 41.8400 100.0 29.995 35.287
87.269 71.83 41.8300 100.0 30.001 35.315
87.279 71.83 41.8300 100.0 30.000 35.293
87.289 71.84 41.8300 100.0 30.003 35.294
87.298 71.84 41.8300 100.0 30.008 35.321
87.308 71.84 41.8300 100.0 30.010 35.306
87.319 71.84 41.8300 100.0 30.013 35.309
87.329 71.84 41.8300 100.0 30.013 35.318
87.337 71.85 41.8300 100.0 30.015 35.305
87.349 71.85 41.8300 100.0 30.017 35.306
87.359 71.85 41.8300 100.0 30.021 35.327
87.369 71.85 41.8300 100.0 30.026 35.320
87.378 71.85 41.8300 100.0 30.026 35.316
87.389 71.86 41.8300 100.0 30.026 35.327
87.399 71.86 41.8300 100.0 30.031 35.321
87.409 71.86 41.8300 100.0 30.034 35.326
87.417 71.86 41.8300 100.0 30.033 35.332
87.429 71.86 41.8300 100.0 30.036 35.322
87.439 71.87 41.8300 100.0 30.036 35.317
87.448 71.87 41.8300 100.0 30.035 35.325
87.458 71.87 41.8300 100.0 30.042 35.323
87.469 71.87 41.8300 100.0 30.047 35.332
87.479 71.87 41.8300 100.0 30.049 35.349
87.489 71.88 41.8200 100.0 30.052 35.337
87.499 71.88 41.8200 100.0 30.061 35.357
87.509 71.88 41.8200 100.0 30.057 35.358
87.519 71.88 41.8200 100.0 30.057 35.338
87.530 71.88 41.8200 100.0 30.060 35.342
87.540 71.89 41.8200 100.0 30.062 35.357
87.549 71.89 41.8200 100.0 30.065 35.347
87.559 71.89 41.8200 100.0 30.068 35.350
87.570 71.89 41.8200 100.0 30.069 35.362
87.580 71.89 41.8200 100.0 30.070 35.345
87.588 71.90 41.8200 100.0 30.080 35.367
87.600 71.90 41.8200 100.0 30.081 35.380
87.610 71.90 41.8200 100.0 30.082 35.365
87.620 71.90 41.8200 100.0 30.082 35.361
87.629 71.90 41.8200 100.0 30.079 35.363
87.640 71.91 41.8200 100.0 30.087 35.364
87.650 71.91 41.8200 100.0 30.086 35.359
87.660 71.91 41.8200 100.0 30.088 35.374
87.668 71.91 41.8200 100.0 30.097 35.377
87.680 71.91 41.8200 100.0 30.094 35.366
87.690 71.92 41.8100 100.0 30.103 35.400
87.699 71.92 41.8200 100.0 30.098 35.367
87.709 71.92 41.8100 100.0 30.106 35.386
87.720 71.92 41.8200 100.0 30.104 35.389
87.729 71.92 41.8200 100.0 30.106 35.376
87.740 71.93 41.8200 100.0 30.107 35.374
87.750 71.93 41.8200 100.0 30.110 35.393
87.760 71.93 41.8200 100.0 30.113 35.382
87.770 71.93 41.8100 100.0 30.118 35.391
87.780 71.93 41.8100 100.0 30.127 35.426
87.790 71.94 41.8100 100.0 30.128 35.407
87.799 71.94 41.8100 100.0 30.129 35.407
87.810 71.94 41.8100 100.0 30.130 35.419
87.820 71.94 41.8100 100.0 30.133 35.408
87.830 71.94 41.8100 100.0 30.133 35.404
87.838 71.95 41.8100 100.0 30.132 35.412
87.850 71.95 41.8100 100.0 30.137 35.405
87.860 71.95 41.8100 100.0 30.139 35.408
87.870 71.95 41.8100 100.0 30.144 35.432
87.879 71.95 41.8000 100.0 30.149 35.425
87.890 71.96 41.8000 100.0 30.152 35.428
87.900 71.96 41.8000 100.0 30.158 35.456
87.910 71.96 41.8100 100.0 30.151 35.417
87.919 71.96 41.8100 100.0 30.154 35.421
87.930 71.96 41.8000 100.0 30.162 35.453
87.940 71.97 41.8100 100.0 30.154 35.412
87.949 71.97 41.8000 100.0 30.164 35.433
87.959 71.97 41.8100 100.0 30.164 35.446
87.970 71.97 41.8000 100.0 30.167 35.432
87.979 71.97 41.8000 100.0 30.177 35.454
87.990 71.98 41.8000 100.0 30.173 35.455
88.000 71.98 41.8000 100.0 30.174 35.438
88.009 71.98 41.8100 100.0 30.174 35.434
88.020 71.98 41.8100 100.0 30.176 35.450
88.030 71.98 41.8000 100.0 30.183 35.449
88.039 71.99 41.8000 100.0 30.187 35.457
88.049 71.99 41.8000 100.0 30.187 35.467
88.060 71.99 41.8000 100.0 30.190 35.454
88.069 71.99 41.7900 100.0 30.202 35.482
88.080 71.99 41.7900 100.0 30.201 35.492
88.089 72.00 41.8000 100.0 30.196 35.458
88.100 72.00 41.7900 100.0 30.203 35.472
88.110 72.00 41.8000 100.0 30.199 35.472
88.120 72.00 41.8000 100.0 30.199 35.452
88.129 72.00 41.7900 100.0 30.211 35.480
88.140 72.01 41.8000 100.0 30.208 35.482
88.149 72.01 41.7900 100.0 30.217 35.488
88.160 72.01 41.8000 100.0 30.212 35.471
88.169 72.01 41.7900 100.0 30.223 35.511
88.179 72.01 41.8000 100.0 30.216 35.471
88.190 72.02 41.8000 100.0 30.220 35.477
88.200 72.02 41.8000 100.0 30.222 35.494
88.209 72.02 41.8000 100.0 30.222 35.474
88.220 72.02 41.8000 100.0 30.226 35.480
88.230 72.02 41.8000 100.0 30.227 35.494
88.240 72.03 41.8000 100.0 30.227 35.475
88.250 72.03 41.7900 100.0 30.235 35.491
88.259 72.03 41.7900 100.0 30.241 35.517
88.270 72.03 41.7900 100.0 30.244 35.506
88.280 72.03 41.8000 100.0 30.237 35.483
88.289 72.04 41.8000 100.0 30.234 35.487
88.299 72.04 41.7900 100.0 30.245 35.496
88.310 72.04 41.7900 100.0 30.245 35.492
88.320 72.04 41.7900 100.0 30.248 35.510
88.330 72.04 41.7900 100.0 30.255 35.509
88.338 72.05 41.7900 100.0 30.257 35.512
88.350 72.05 41.7900 100.0 30.256 35.520
88.360 72.05 41.7900 100.0 30.257 35.503
88.369 72.05 41.7900 100.0 30.256 35.496
88.379 72.05 41.8000 100.0 30.257 35.509
88.390 72.06 41.7900 100.0 30.268 35.518
88.400 72.06 41.7900 100.0 30.265 35.507
88.410 72.06 41.7800 100.0 30.275 35.542
88.419 72.06 41.7900 100.0 30.275 35.524
88.430 72.06 41.7900 100.0 30.276 35.522
88.440 72.07 41.7800 100.0 30.281 35.547
88.450 72.07 41.7900 100.0 30.281 35.526
88.459 72.07 41.7800 100.0 30.288 35.541
88.470 72.07 41.7900 100.0 30.284 35.541
88.479 72.07 41.7800 100.0 30.289 35.534
88.490 72.08 41.7900 100.0 30.289 35.531
88.500 72.08 41.7800 100.0 30.300 35.570
88.509 72.08 41.7800 100.0 30.298 35.546
88.520 72.08 41.7900 100.0 30.294 35.532
88.530 72.08 41.7800 100.0 30.301 35.560
88.540 72.09 41.7800 100.0 30.305 35.551
88.550 72.09 41.7800 100.0 30.304 35.544
88.561 72.09 41.7800 100.0 30.304 35.556
88.570 72.09 41.7800 100.0 30.312 35.556
88.581 72.09 41.7800 100.0 30.309 35.544
88.590 72.10 41.7800 100.0 30.315 35.572
88.601 72.10 41.7800 100.0 30.317 35.557
88.611 72.10 41.7800 100.0 30.318 35.556
88.620 72.10 41.7800 100.0 30.320 35.573
88.630 72.10 41.7800 100.0 30.321 35.555
88.641 72.11 41.7800 100.0 30.327 35.567
88.650 72.11 41.7800 100.0 30.325 35.572
88.661 72.11 41.7800 100.0 30.324 35.551
88.670 72.11 41.7800 100.0 30.331 35.563
88.681 72.11 41.7900 100.0 30.325 35.560
88.691 72.12 41.7800 100.0 30.335 35.565
88.701 72.12 41.7800 100.0 30.340 35.574
88.710 72.12 41.7800 100.0 30.339 35.583
88.721 72.12 41.7700 100.0 30.351 35.595
88.731 72.12 41.7700 100.0 30.351 35.592
88.741 72.12 41.7800 100.0 30.348 35.593
88.750 72.13 41.7800 100.0 30.349 35.576
88.760 72.13 41.7800 100.0 30.349 35.572
88.771 72.13 41.7800 100.0 30.348 35.580
88.781 72.13 41.7700 100.0 30.358 35.589
88.790 72.13 41.7700 100.0 30.360 35.589
88.800 72.14 41.7800 100.0 30.359 35.597
88.811 72.14 41.7700 100.0 30.365 35.594
88.821 72.14 41.7800 100.0 30.362 35.581
88.831 72.14 41.7800 100.0 30.368 35.607
88.840 72.14 41.7800 100.0 30.370 35.593
88.851 72.15 41.7700 100.0 30.378 35.610
88.861 72.15 41.7800 100.0 30.371 35.604
88.870 72.15 41.7800 100.0 30.374 35.592
88.880 72.15 41.7700 100.0 30.383 35.610
88.891 72.15 41.7700 100.0 30.387 35.631
88.901 72.16 41.7700 100.0 30.389 35.617
88.911 72.16 41.7700 100.0 30.389 35.615
88.919 72.16 41.7700 100.0 30.391 35.630
88.931 72.16 41.7700 100.0 30.391 35.610
88.941 72.16 41.7700 100.0 30.397 35.622
88.950 72.17 41.7700 100.0 30.394 35.624
88.960 72.17 41.7600 100.0 30.406 35.637
88.971 72.17 41.7700 100.0 30.406 35.632
88.980 72.17 41.7800 100.0 30.397 35.619
88.991 72.17 41.7600 100.0 30.411 35.638
89.000 72.18 41.7600 100.0 30.412 35.636
89.011 72.18 41.7700 100.0 30.413 35.650
89.021 72.18 41.7700 100.0 30.416 35.637
89.031 72.18 41.7700 100.0 30.416 35.633
89.041 72.18 41.7700 100.0 30.414 35.639
89.050 72.19 41.7600 100.0 30.426 35.650
89.060 72.19 41.7600 100.0 30.425 35.644
89.071 72.19 41.7700 100.0 30.423 35.651
89.081 72.19 41.7600 100.0 30.429 35.646
89.089 72.19 41.7600 100.0 30.433 35.652
89.101 72.20 41.7600 100.0 30.438 35.676
89.111 72.20 41.7600 100.0 30.442 35.668
89.120 72.20 41.7600 100.0 30.441 35.661
89.130 72.20 41.7700 100.0 30.437 35.660
89.141 72.20 41.7600 100.0 30.447 35.667
89.151 72.21 41.7600 100.0 30.443 35.653
89.161 72.21 41.7600 100.0 30.452 35.689
89.170 72.21 41.7600 100.0 30.450 35.663
89.181 72.21 41.7600 100.0 30.454 35.670
89.191 72.21 41.7500 100.0 30.462 35.701
89.200 72.22 41.7600 100.0 30.457 35.669
89.210 72.22 41.7500 100.0 30.464 35.684
89.221 72.22 41.7600 100.0 30.464 35.694
89.230 72.22 41.7500 100.0 30.468 35.685
89.241 72.22 41.7600 100.0 30.463 35.667
89.250 72.23 41.7600 100.0 30.471 35.700
89.261 72.23 41.7600 100.0 30.473 35.685
89.271 72.23 41.7600 100.0 30.468 35.668
89.281 72.23 41.7500 100.0 30.478 35.706
89.291 72.23 41.7600 100.0 30.479 35.689
89.300 72.24 41.7600 100.0 30.480 35.686
89.311 72.24 41.7600 100.0 30.478 35.693
89.321 72.24 41.7600 100.0 30.481 35.680
89.331 72.24 41.7600 100.0 30.482 35.679
89.340 72.24 41.7500 100.0 30.491 35.713
89.351 72.25 41.7500 100.0 30.495 35.705
89.360 72.25 41.7600 100.0 30.492 35.693
89.371 72.25 41.7500 100.0 30.499 35.722
89.380 72.25 41.7500 100.0 30.502 35.710
89.391 72.25 41.7500 100.0 30.501 35.702
89.401 72.26 41.7500 100.0 30.503 35.720
89.410 72.26 41.7600 100.0 30.502 35.698
89.420 72.26 41.7600 100.0 30.501 35.692
89.431 72.26 41.7600 100.0 30.505 35.713
89.440 72.26 41.7500 100.0 30.515 35.719
89.451 72.27 41.7500 100.0 30.513 35.710
89.460 72.27 41.7500 100.0 30.517 35.732
89.470 72.27 41.7500 100.0 30.519 35.717
89.481 72.27 41.7600 100.0 30.517 35.709
89.491 72.27 41.7500 100.0 30.526 35.741
89.500 72.28 41.7500 100.0 30.530 35.733
89.511 72.28 41.7600 100.0 30.522 35.708
89.521 72.28 41.7500 100.0 30.532 35.747
89.530 72.28 41.7500 100.0 30.537 35.739
89.541 72.28 41.7500 100.0 30.538 35.737
89.550 72.29 41.7500 100.0 30.540 35.753
89.561 72.29 41.7600 100.0 30.530 35.708
89.572 72.29 41.7500 100.0 30.541 35.733
89.582 72.29 41.7400 100.0 30.550 35.768
89.591 72.29 41.7400 100.0 30.552 35.754
89.602 72.30 41.7400 100.0 30.554 35.753
89.611 72.30 41.7400 100.0 30.559 35.779
89.622 72.30 41.7400 100.0 30.557 35.755
89.631 72.30 41.7400 100.0 30.562 35.763
89.641 72.30 41.7400 100.0 30.560 35.767
89.652 72.31 41.7400 100.0 30.563 35.757
89.662 72.31 41.7400 100.0 30.566 35.760
89.670 72.31 41.7500 100.0 30.563 35.763
89.682 72.31 41.7500 100.0 30.566 35.752
89.692 72.31 41.7500 100.0 30.562 35.737
89.701 72.32 41.7400 100.0 30.576 35.785
89.711 72.32 41.7400 100.0 30.580 35.775
89.722 72.32 41.7400 100.0 30.576 35.761
89.732 72.32 41.7500 100.0 30.575 35.768
89.742 72.32 41.7500 100.0 30.578 35.758
89.751 72.33 41.7400 100.0 30.585 35.772
89.762 72.33 41.7400 100.0 30.588 35.791
89.772 72.33 41.7300 100.0 30.596 35.791
89.782 72.33 41.7400 100.0 30.589 35.770
89.791 72.33 41.7400 100.0 30.598 35.805
89.802 72.34 41.7400 100.0 30.599 35.788
89.811 72.34 41.7300 100.0 30.607 35.804
89.822 72.34 41.7400 100.0 30.600 35.796
89.832 72.34 41.7300 100.0 30.608 35.800
89.841 72.34 41.7400 100.0 30.606 35.788
89.852 72.35 41.7400 100.0 30.603 35.791
89.861 72.35 41.7400 100.0 30.608 35.785
89.872 72.35 41.7300 100.0 30.618 35.808
89.881 72.35 41.7400 100.0 30.611 35.801
89.891 72.35 41.7300 100.0 30.621 35.808
89.902 72.36 41.7500 100.0 30.609 35.771
89.912 72.36 41.7300 100.0 30.625 35.825
89.920 72.36 41.7300 100.0 30.626 35.807
89.932 72.36 41.7400 100.0 30.626 35.804
89.942 72.36 41.7400 100.0 30.626 35.814
89.952 72.37 41.7400 100.0 30.627 35.797
89.961 72.37 41.7400 100.0 30.629 35.797
89.972 72.37 41.7400 100.0 30.635 35.824
89.982 72.37 41.7300 100.0 30.641 35.823
89.992 72.37 41.7300 100.0 30.645 35.827
90.001 72.38 41.7300 100.0 30.645 35.838
90.012 72.38 41.7300 100.0 30.647 35.824
90.022 72.38 41.7400 100.0 30.645 35.816
90.031 72.38 41.7400 100.0 30.647 35.831
90.041 72.38 41.7400 100.0 30.649 35.818
90.052 72.39 41.7300 100.0 30.653 35.823
90.061 72.39 41.7300 100.0 30.660 35.854
90.072 72.39 41.7400 100.0 30.654 35.816
90.082 72.39 41.7200 100.0 30.669 35.853
90.091 72.39 41.7200 100.0 30.673 35.874
90.102 72.40 41.7300 100.0 30.668 35.842
90.112 72.40 41.7300 100.0 30.667 35.835
90.122 72.40 41.7300 100.0 30.666 35.842
90.131 72.40 41.7300 100.0 30.674 35.844
90.142 72.40 41.7200 100.0 30.679 35.855
90.152 72.41 41.7200 100.0 30.685 35.882
90.162 72.41 41.7300 100.0 30.681 35.850
90.170 72.41 41.7300 100.0 30.685 35.856
90.182 72.41 41.7300 100.0 30.682 35.859
90.192 72.41 41.7200 100.0 30.693 35.869
90.201 72.42 41.7300 100.0 30.689 35.854
90.211 72.42 41.7300 100.0 30.691 35.872
90.222 72.42 41.7200 100.0 30.697 35.869
90.232 72.42 41.7200 100.0 30.700 35.870
90.242 72.42 41.7300 100.0 30.698 35.878
90.251 72.43 41.7300 100.0 30.698 35.858
90.262 72.43 41.7200 100.0 30.708 35.880
90.272 72.43 41.7200 100.0 30.706 35.886
90.281 72.43 41.7200 100.0 30.708 35.872
90.291 72.43 41.7200 100.0 30.710 35.872
90.302 72.44 41.7300 100.0 30.707 35.875
90.311 72.44 41.7300 100.0 30.711 35.865
90.322 72.44 41.7300 100.0 30.714 35.871
90.332 72.44 41.7200 100.0 30.723 35.905
90.340 72.44 41.7200 100.0 30.723 35.885
90.352 72.45 41.7200 100.0 30.726 35.888
90.362 72.45 41.7200 100.0 30.731 35.913
90.371 72.45 41.7200 100.0 30.731 35.894
90.381 72.45 41.7200 100.0 30.733 35.896
90.392 72.45 41.7200 100.0 30.730 35.898
90.402 72.46 41.7200 100.0 30.733 35.887
90.412 72.46 41.7200 100.0 30.733 35.883
90.421 72.46 41.7100 100.0 30.745 35.926
90.432 72.46 41.7200 100.0 30.740 35.891
90.442 72.46 41.7100 100.0 30.754 35.925
90.451 72.47 41.7200 100.0 30.746 35.914
90.461 72.47 41.7100 100.0 30.753 35.914
90.472 72.47 41.7100 100.0 30.758 35.921
90.481 72.47 41.7200 100.0 30.756 35.927
90.492 72.47 41.7100 100.0 30.760 35.918
90.501 72.48 41.7200 100.0 30.759 35.911
90.512 72.48 41.7200 100.0 30.762 35.930
90.522 72.48 41.7100 100.0 30.769 35.930
90.532 72.48 41.7100 100.0 30.768 35.923
90.541 72.48 41.7100 100.0 30.772 35.945
90.552 72.49 41.7200 100.0 30.770 35.919
90.562 72.49 41.7100 100.0 30.775 35.928
90.573 72.49 41.7100 100.0 30.777 35.945
90.583 72.49 41.7100 100.0 30.784 35.943
90.592 72.49 41.7100 100.0 30.782 35.934
90.603 72.50 41.7100 100.0 30.786 35.955
90.613 72.50 41.7100 100.0 30.784 35.932
90.622 72.50 41.7100 100.0 30.793 35.950
90.632 72.50 41.7100 100.0 30.792 35.960
90.643 72.50 41.7100 100.0 30.795 35.948
90.652 72.51 41.7100 100.0 30.796 35.946
90.663 72.51 41.7100 100.0 30.797 35.959
90.672 72.51 41.7100 100.0 30.800 35.949
90.683 72.51 41.7100 100.0 30.806 35.960
90.693 72.51 41.7000 100.0 30.810 35.981
90.703 72.52 41.7100 100.0 30.808 35.957
90.712 72.52 41.7000 100.0 30.813 35.966
90.723 72.52 41.7000 100.0 30.816 35.986
90.732 72.52 41.7100 100.0 30.816 35.964
90.743 72.52 41.7100 100.0 30.817 35.964
90.752 72.53 41.7000 100.0 30.822 35.988
90.762 72.53 41.7000 100.0 30.824 35.973
90.773 72.53 41.7000 100.0 30.826 35.974
90.783 72.53 41.7000 100.0 30.833 36.006
90.791 72.53 41.7000 100.0 30.831 35.979
90.803 72.54 41.7000 100.0 30.839 35.996
90.813 72.54 41.7000 100.0 30.836 35.999
90.822 72.54 41.7000 100.0 30.843 35.999
90.833 72.54 41.7000 100.0 30.842 35.991
90.842 72.54 41.7100 100.0 30.836 35.985
90.853 72.55 41.7000 100.0 30.846 35.993
90.863 72.55 41.7100 100.0 30.841 35.977
90.872 72.55 41.6900 100.0 30.856 36.028
90.882 72.55 41.7000 100.0 30.854 36.002
90.893 72.55 41.7000 100.0 30.855 36.001
90.903 72.56 41.7000 100.0 30.860 36.025
90.913 72.56 41.7100 100.0 30.849 35.977
90.922 72.56 41.7000 100.0 30.858 35.996
90.933 72.56 41.7000 100.0 30.863 36.019
90.943 72.56 41.7000 100.0 30.868 36.013
90.952 72.57 41.7000 100.0 30.865 36.001
90.962 72.57 41.7000 100.0 30.872 36.031
90.973 72.57 41.7000 100.0 30.869 36.004
90.982 72.57 41.7000 100.0 30.873 36.011
90.993 72.57 41.7000 100.0 30.876 36.029
91.002 72.58 41.6900 100.0 30.884 36.030
91.012 72.58 41.7000 100.0 30.880 36.015
91.023 72.58 41.6900 100.0 30.887 36.045
91.033 72.58 41.6900 100.0 30.892 36.040
91.042 72.58 41.6900 100.0 30.891 36.033
91.053 72.59 41.7000 100.0 30.887 36.032
91.063 72.59 41.7000 100.0 30.890 36.020
91.073 72.59 41.7000 100.0 30.893 36.024
91.083 72.59 41.6900 100.0 30.898 36.049
91.092 72.59 41.6900 100.0 30.900 36.034
91.103 72.60 41.6900 100.0 30.908 36.052
91.113 72.60 41.6900 100.0 30.912 36.073
91.122 72.60 41.6900 100.0 30.914 36.060
91.132 72.60 41.7000 100.0 30.906 36.035
91.143 72.60 41.6900 100.0 30.913 36.064
91.153 72.61 41.6900 100.0 30.916 36.052
91.163 72.61 41.6900 100.0 30.915 36.044
91.171 72.61 41.6900 100.0 30.923 36.076
91.183 72.61 41.6900 100.0 30.920 36.049
91.193 72.61 41.6900 100.0 30.924 36.055
91.202 72.62 41.6900 100.0 30.924 36.067
91.212 72.62 41.6900 100.0 30.928 36.058
91.223 72.62 41.6800 100.0 30.935 36.072
91.233 72.62 41.6900 100.0 30.935 36.085
91.243 72.62 41.6900 100.0 30.932 36.056
91.252 72.63 41.6900 100.0 30.939 36.071
91.263 72.63 41.6800 100.0 30.945 36.098
91.273 72.63 41.6900 100.0 30.939 36.063
91.283 72.63 41.6900 100.0 30.942 36.065
91.292 72.63 41.6900 100.0 30.939 36.069
91.303 72.64 41.6800 100.0 30.952 36.084
91.312 72.64 41.6800 100.0 30.958 36.096
91.323 72.64 41.6800 100.0 30.957 36.104
91.333 72.64 41.6800 100.0 30.962 36.097
91.342 72.64 41.6800 100.0 30.959 36.087
91.353 72.65 41.6800 100.0 30.964 36.111
91.363 72.65 41.6800 100.0 30.964 36.089
91.372 72.65 41.6800 100.0 30.965 36.089
91.382 72.65 41.6800 100.0 30.969 36.111
91.393 72.65 41.6800 100.0 30.974 36.105
91.402 72.66 41.6800 100.0 30.976 36.104
91.413 72.66 41.6800 100.0 30.979 36.124
91.422 72.66 41.6800 100.0 30.981 36.109
91.433 72.66 41.6800 100.0 30.985 36.115
91.443 72.66 41.6800 100.0 30.986 36.129
