# time_s  setpoint_c  celsius  duty_pct  err_real  err_pred  predicted_c  rate_c_s
5.056 29.07 28.5900 11.2 0.488 1.663 28.44 -0.0183
5.108 29.09 28.5700 11.9 0.513 1.738 28.39 -0.0231
5.210 29.10 28.5600 12.9 0.542 1.834 28.32 -0.0301
5.309 29.11 28.5700 12.1 0.542 1.779 28.40 -0.0219
5.409 29.13 28.5800 11.7 0.546 1.751 28.45 -0.0164
5.509 29.14 28.5600 12.9 0.581 1.871 28.35 -0.0258
5.609 29.15 28.5600 13.0 0.595 1.887 28.36 -0.0248
5.709 29.17 28.5800 11.9 0.589 1.805 28.47 -0.0140
5.810 29.18 28.5600 12.7 0.617 1.890 28.41 -0.0199
5.909 29.20 28.5600 13.2 0.637 1.939 28.38 -0.0222
6.010 29.21 28.5700 12.5 0.640 1.895 28.45 -0.0152
6.109 29.22 28.5700 12.7 0.656 1.923 28.44 -0.0156
6.209 29.24 28.5300 14.8 0.706 2.119 28.27 -0.0326
6.310 29.25 28.5500 13.9 0.705 2.050 28.36 -0.0231
6.408 29.27 28.5400 14.2 0.723 2.084 28.35 -0.0239
6.510 29.28 28.5500 13.8 0.732 2.065 28.40 -0.0194
6.609 29.30 28.5500 14.0 0.748 2.090 28.39 -0.0194
6.710 29.31 28.5600 13.2 0.747 2.026 28.48 -0.0105
6.810 29.33 28.5300 15.2 0.798 2.224 28.31 -0.0279
6.909 29.34 28.5300 14.9 0.808 2.208 28.34 -0.0237
7.010 29.36 28.5400 14.8 0.820 2.205 28.37 -0.0208
7.108 29.37 28.5400 14.7 0.833 2.207 28.39 -0.0185
7.210 29.39 28.5400 15.0 0.853 2.246 28.38 -0.0200
7.309 29.40 28.5300 15.1 0.869 2.263 28.38 -0.0192
7.409 29.42 28.5300 15.4 0.889 2.304 28.36 -0.0208
7.509 29.43 28.5300 15.6 0.908 2.333 28.36 -0.0212
7.609 29.45 28.5300 15.7 0.924 2.350 28.36 -0.0204
7.710 29.47 28.5200 16.2 0.949 2.410 28.32 -0.0240
7.810 29.48 28.5400 15.2 0.946 2.329 28.43 -0.0133
7.909 29.50 28.5500 14.8 0.953 2.299 28.48 -0.0080
8.009 29.51 28.5300 16.0 0.989 2.416 28.39 -0.0174
8.109 29.53 28.5100 17.2 1.026 2.536 28.29 -0.0269
8.209 29.55 28.5200 16.5 1.030 2.487 28.36 -0.0195
8.310 29.56 28.5100 16.8 1.051 2.524 28.35 -0.0208
8.408 29.58 28.5100 16.9 1.067 2.537 28.35 -0.0197
8.510 29.60 28.5300 15.8 1.064 2.454 28.46 -0.0090
8.608 29.61 28.5300 15.9 1.081 2.476 28.46 -0.0088
8.710 29.63 28.5400 15.7 1.092 2.467 28.49 -0.0056
8.810 29.65 28.5200 16.9 1.128 2.583 28.40 -0.0150
8.908 29.66 28.5200 16.7 1.139 2.570 28.43 -0.0114
9.009 29.68 28.5300 16.5 1.151 2.562 28.46 -0.0082
9.107 29.70 28.5100 17.6 1.187 2.676 28.37 -0.0173
9.209 29.71 28.5100 17.4 1.198 2.664 28.40 -0.0138
9.309 29.73 28.5200 17.0 1.207 2.637 28.45 -0.0087
9.408 29.75 28.5300 16.5 1.213 2.601 28.51 -0.0029
9.509 29.76 28.5200 17.4 1.245 2.695 28.44 -0.0100
9.607 29.78 28.5400 16.6 1.246 2.632 28.52 -0.0015
9.709 29.80 28.5300 17.1 1.269 2.686 28.49 -0.0047
9.809 29.82 28.5200 17.6 1.294 2.742 28.46 -0.0080
9.908 29.83 28.5200 17.6 1.309 2.748 28.47 -0.0064
10.008 29.85 28.5100 18.4 1.339 2.832 28.41 -0.0127
10.108 29.87 28.5100 18.6 1.359 2.861 28.40 -0.0132
10.208 29.89 28.5100 18.5 1.372 2.855 28.43 -0.0104
10.309 29.90 28.5200 18.0 1.381 2.827 28.48 -0.0052
10.407 29.92 28.5200 18.5 1.405 2.881 28.45 -0.0085
10.509 29.94 28.5200 18.3 1.418 2.872 28.48 -0.0054
10.608 29.96 28.5300 18.2 1.431 2.871 28.50 -0.0030
10.709 29.97 28.5200 18.6 1.454 2.916 28.48 -0.0054
10.809 29.99 28.5200 19.0 1.476 2.957 28.46 -0.0072
10.907 30.01 28.5300 18.2 1.478 2.896 28.54 0.0011
11.009 30.03 28.5200 19.1 1.509 2.984 28.47 -0.0056
11.107 30.05 28.5200 19.3 1.528 3.011 28.47 -0.0061
11.209 30.06 28.5300 18.4 1.529 2.941 28.56 0.0031
11.308 30.08 28.5400 18.2 1.540 2.930 28.59 0.0062
11.408 30.10 28.5800 16.3 1.521 2.769 28.77 0.0244
11.508 30.12 28.5100 20.4 1.607 3.141 28.42 -0.0109
11.608 30.14 28.5400 18.8 1.596 3.012 28.57 0.0042
11.709 30.15 28.5300 19.4 1.623 3.077 28.53 -0.0002
11.808 30.17 28.5400 19.2 1.635 3.066 28.56 0.0030
11.908 30.19 28.5500 18.6 1.638 3.014 28.63 0.0103
12.008 30.21 28.5500 18.7 1.656 3.036 28.63 0.0102
12.108 30.23 28.5600 18.8 1.672 3.051 28.64 0.0106
12.208 30.25 28.5500 19.4 1.698 3.114 28.60 0.0063
12.309 30.26 28.5300 20.7 1.736 3.236 28.50 -0.0039
12.408 30.28 28.5700 18.4 1.711 3.041 28.71 0.0178
12.509 30.30 28.5500 20.0 1.755 3.193 28.58 0.0045
12.608 30.32 28.5600 19.6 1.762 3.163 28.63 0.0096
12.708 30.34 28.5500 20.1 1.788 3.223 28.59 0.0055
12.809 30.36 28.5600 20.0 1.800 3.215 28.62 0.0084
12.907 30.37 28.5600 20.1 1.817 3.231 28.63 0.0088
13.008 30.39 28.5800 19.2 1.817 3.163 28.72 0.0176
13.107 30.41 28.5800 19.0 1.828 3.154 28.75 0.0204
13.208 30.43 28.5800 19.4 1.849 3.192 28.73 0.0185
13.308 30.45 28.5800 19.6 1.867 3.216 28.73 0.0179
13.407 30.47 28.5800 19.7 1.884 3.238 28.73 0.0177
13.508 30.49 28.5800 19.9 1.903 3.267 28.72 0.0167
13.607 30.51 28.5900 19.8 1.914 3.257 28.75 0.0196
13.708 30.52 28.5900 19.9 1.931 3.273 28.75 0.0199
13.807 30.54 28.6100 19.2 1.934 3.227 28.82 0.0264
13.907 30.56 28.5900 20.3 1.968 3.331 28.74 0.0178
14.008 30.58 28.6000 20.2 1.981 3.330 28.76 0.0197
14.107 30.60 28.6000 20.4 1.999 3.355 28.75 0.0192
14.208 30.62 28.6200 19.6 1.999 3.291 28.84 0.0275
14.307 30.64 28.6000 21.0 2.038 3.422 28.73 0.0162
14.407 30.66 28.6100 20.8 2.049 3.408 28.76 0.0194
14.507 30.68 28.6300 20.0 2.049 3.342 28.85 0.0279
14.607 30.69 28.6400 19.6 2.056 3.315 28.90 0.0324
14.708 30.71 28.6200 21.0 2.096 3.453 28.78 0.0203
14.807 30.73 28.6200 20.9 2.109 3.451 28.80 0.0223
14.907 30.75 28.7000 16.8 2.050 3.089 29.18 0.0604
15.007 30.77 28.6400 20.8 2.132 3.451 28.84 0.0257
15.107 30.79 28.6600 19.8 2.129 3.371 28.94 0.0355
15.207 30.81 28.6600 20.3 2.151 3.418 28.92 0.0324
15.308 30.83 28.6500 20.9 2.175 3.477 28.88 0.0282
15.407 30.85 28.6700 20.0 2.173 3.405 28.97 0.0373
15.508 30.87 28.6800 19.8 2.184 3.399 29.00 0.0396
15.607 30.88 28.6900 19.6 2.193 3.385 29.03 0.0426
15.707 30.90 28.7100 19.1 2.197 3.348 29.09 0.0480
15.808 30.92 28.7000 19.7 2.221 3.407 29.05 0.0436
15.906 30.94 28.7000 20.4 2.246 3.477 29.00 0.0382
16.008 30.96 28.7100 20.1 2.254 3.454 29.05 0.0422
16.107 30.98 28.7200 19.9 2.263 3.441 29.08 0.0451
16.208 31.00 28.7100 20.5 2.286 3.501 29.04 0.0408
16.308 31.02 28.7300 19.9 2.289 3.456 29.11 0.0469
16.406 31.04 28.7400 19.8 2.300 3.454 29.13 0.0487
16.508 31.06 28.7400 20.4 2.323 3.510 29.09 0.0446
16.607 31.08 28.7400 20.5 2.337 3.525 29.10 0.0447
16.708 31.10 28.7600 19.6 2.334 3.447 29.20 0.0541
16.808 31.12 28.7700 19.5 2.345 3.449 29.21 0.0553
16.907 31.14 28.7600 20.7 2.378 3.562 29.12 0.0455
17.007 31.15 28.7600 20.7 2.390 3.562 29.14 0.0471
17.107 31.17 28.7700 20.6 2.402 3.563 29.16 0.0486
17.207 31.19 28.8000 19.4 2.393 3.461 29.28 0.0603
17.306 31.21 28.7800 21.0 2.433 3.608 29.16 0.0471
17.406 31.23 28.8200 19.4 2.416 3.468 29.32 0.0626
17.506 31.25 28.8200 19.7 2.433 3.503 29.30 0.0606
17.607 31.27 28.8700 17.0 2.397 3.267 29.56 0.0857
17.706 31.29 28.8200 20.4 2.467 3.574 29.27 0.0561
17.807 31.31 28.8100 21.7 2.502 3.697 29.17 0.0453
17.906 31.33 28.8400 20.4 2.493 3.589 29.30 0.0576
18.007 31.35 28.8400 20.5 2.506 3.601 29.31 0.0579
18.107 31.37 28.8700 19.7 2.503 3.534 29.39 0.0661
18.206 31.39 28.8800 19.3 2.507 3.502 29.45 0.0706
18.307 31.41 28.8700 20.2 2.533 3.586 29.38 0.0635
18.405 31.43 28.8900 19.9 2.540 3.569 29.42 0.0666
18.507 31.45 28.8800 20.8 2.567 3.650 29.36 0.0599
18.606 31.47 28.9000 20.0 2.564 3.584 29.45 0.0679
18.706 31.49 28.9100 20.3 2.580 3.614 29.44 0.0663
18.807 31.51 28.9200 19.6 2.580 3.564 29.51 0.0727
18.906 31.52 28.9300 19.8 2.593 3.578 29.51 0.0725
19.007 31.54 28.9600 18.7 2.584 3.485 29.63 0.0832
19.107 31.56 28.9300 20.7 2.631 3.675 29.46 0.0653
19.206 31.58 28.9400 20.9 2.646 3.697 29.45 0.0645
19.307 31.60 28.9600 20.2 2.644 3.636 29.53 0.0720
19.406 31.62 28.9800 19.3 2.639 3.560 29.63 0.0808
19.507 31.64 28.9900 19.4 2.650 3.571 29.64 0.0811
19.607 31.66 29.0000 19.4 2.660 3.574 29.66 0.0819
19.706 31.68 29.0000 19.9 2.679 3.627 29.63 0.0778
19.807 31.70 29.0200 19.5 2.683 3.599 29.67 0.0819
19.906 31.72 29.0300 19.6 2.694 3.611 29.68 0.0819
20.007 31.74 29.0400 19.3 2.699 3.587 29.73 0.0855
20.107 31.76 29.0300 20.3 2.726 3.678 29.66 0.0776
20.206 31.78 29.0600 19.5 2.722 3.614 29.74 0.0852
20.307 31.80 29.1000 17.7 2.698 3.450 29.92 0.1027
20.406 31.82 29.0800 19.8 2.744 3.642 29.75 0.0846
20.507 31.84 29.0900 19.5 2.749 3.624 29.79 0.0876
20.606 31.86 29.0900 20.3 2.773 3.698 29.74 0.0813
20.706 31.88 29.1100 19.4 2.766 3.619 29.84 0.0904
20.806 31.90 29.1200 19.4 2.776 3.626 29.85 0.0908
20.906 31.92 29.1400 19.2 2.781 3.611 29.88 0.0934
21.007 31.94 29.1400 19.9 2.802 3.673 29.84 0.0883
21.106 31.96 29.1700 18.5 2.788 3.558 29.98 0.1010
21.205 31.98 29.1700 18.9 2.802 3.593 29.96 0.0984
21.306 32.00 29.1900 18.4 2.803 3.556 30.02 0.1032
21.405 32.02 29.2000 18.8 2.817 3.590 30.01 0.1008
21.506 32.04 29.2200 18.5 2.820 3.566 30.05 0.1041
21.606 32.06 29.2300 18.4 2.827 3.564 30.07 0.1054
21.705 32.08 29.2300 19.3 2.850 3.644 30.01 0.0983
21.806 32.10 29.2500 18.4 2.842 3.566 30.11 0.1071
21.904 32.12 29.3000 16.3 2.813 3.383 30.31 0.1263
22.006 32.13 29.2800 18.6 2.859 3.588 30.13 0.1066
22.106 32.15 29.3200 16.9 2.837 3.441 30.30 0.1223
22.205 32.17 29.3200 17.4 2.854 3.493 30.26 0.1179
22.306 32.19 29.3100 18.9 2.886 3.621 30.16 0.1059
22.405 32.21 29.3500 17.1 2.862 3.464 30.33 0.1225
22.506 32.23 29.3500 17.9 2.882 3.537 30.28 0.1161
22.605 32.25 29.3500 18.6 2.902 3.605 30.23 0.1101
22.705 32.27 29.3600 18.9 2.915 3.635 30.22 0.1080
22.805 32.29 29.3800 18.5 2.916 3.603 30.27 0.1121
22.905 32.31 29.3700 19.7 2.944 3.710 30.19 0.1023
23.006 32.33 29.4000 18.4 2.929 3.599 30.32 0.1145
23.105 32.35 29.4200 18.1 2.932 3.577 30.36 0.1175
23.205 32.37 29.4400 17.9 2.934 3.555 30.40 0.1205
23.305 32.39 29.4600 17.6 2.936 3.538 30.44 0.1231
23.405 32.41 29.4700 17.8 2.945 3.553 30.45 0.1223
23.505 32.43 29.4800 17.6 2.949 3.542 30.48 0.1242
23.606 32.45 29.5000 17.6 2.955 3.539 30.50 0.1252
23.704 32.47 29.5200 17.1 2.953 3.500 30.56 0.1299
23.806 32.49 29.5100 18.6 2.984 3.630 30.45 0.1176
23.905 32.51 29.5300 17.9 2.979 3.571 30.53 0.1243
24.006 32.53 29.5400 18.5 2.995 3.625 30.49 0.1197
24.106 32.55 29.5700 17.1 2.977 3.502 30.64 0.1327
24.205 32.57 29.5700 18.2 3.002 3.602 30.56 0.1236
24.306 32.59 29.5900 18.0 3.005 3.588 30.59 0.1257
24.404 32.61 29.5900 18.6 3.022 3.641 30.56 0.1211
24.506 32.63 29.6100 18.3 3.024 3.622 30.60 0.1238
24.605 32.65 29.6500 16.8 3.003 3.490 30.75 0.1379
24.705 32.67 29.6500 17.3 3.017 3.534 30.72 0.1340
24.805 32.69 29.6300 19.1 3.055 3.699 30.58 0.1182
24.905 32.71 29.6800 17.3 3.029 3.537 30.76 0.1353
25.006 32.73 29.7100 16.7 3.024 3.486 30.83 0.1410
25.106 32.75 29.7000 17.7 3.047 3.577 30.76 0.1324
25.205 32.77 29.7400 16.2 3.026 3.446 30.91 0.1463
25.304 32.79 29.7400 17.6 3.054 3.565 30.81 0.1349
25.404 32.81 29.7400 18.1 3.070 3.617 30.78 0.1303
25.504 32.83 29.7600 17.7 3.067 3.581 30.84 0.1348
25.605 32.85 29.7700 17.9 3.076 3.598 30.84 0.1337
25.703 32.87 29.8100 16.8 3.062 3.501 30.96 0.1441
25.805 32.89 29.8200 17.1 3.072 3.532 30.95 0.1415
25.903 32.91 29.9200 12.0 2.986 3.078 31.42 0.1875
26.005 32.93 29.8600 16.4 3.065 3.468 31.05 0.1486
26.104 32.95 29.8800 16.6 3.073 3.488 31.05 0.1471
26.204 32.97 29.8800 17.0 3.084 3.522 31.04 0.1443
26.305 32.99 29.8900 17.3 3.095 3.554 31.03 0.1416
26.404 33.01 29.9000 17.6 3.105 3.580 31.02 0.1396
26.505 33.03 29.9500 16.1 3.082 3.443 31.18 0.1538
26.604 33.05 29.9600 16.4 3.092 3.476 31.16 0.1510
26.704 33.07 29.9600 17.2 3.111 3.551 31.11 0.1440
26.804 33.09 29.9800 16.9 3.109 3.519 31.16 0.1478
26.904 33.11 30.0000 16.8 3.112 3.516 31.19 0.1487
27.004 33.13 30.0200 16.1 3.103 3.451 31.27 0.1557
27.105 33.15 30.0400 16.0 3.105 3.443 31.30 0.1570
27.204 33.17 30.0600 16.1 3.111 3.455 31.31 0.1562
27.305 33.19 30.0800 15.9 3.110 3.432 31.35 0.1589
27.404 33.21 30.0900 16.0 3.116 3.445 31.36 0.1580
27.505 33.23 30.1000 16.6 3.129 3.498 31.32 0.1533
27.605 33.25 30.1400 15.3 3.109 3.379 31.46 0.1655
27.703 33.27 30.1400 15.9 3.123 3.437 31.42 0.1601
27.805 33.29 30.1500 16.3 3.134 3.471 31.41 0.1570
27.904 33.31 30.1800 15.6 3.125 3.411 31.49 0.1636
28.005 33.33 30.2100 15.1 3.118 3.362 31.56 0.1688
28.105 33.35 30.2300 15.0 3.119 3.353 31.59 0.1699
28.204 33.37 30.2400 15.1 3.123 3.362 31.60 0.1695
28.305 33.39 30.2600 15.1 3.125 3.363 31.62 0.1697
28.404 33.41 30.2700 15.4 3.134 3.395 31.61 0.1667
28.504 33.43 30.3000 14.9 3.128 3.351 31.67 0.1715
28.605 33.45 30.3000 16.1 3.150 3.452 31.59 0.1616
28.704 33.47 30.3400 14.7 3.128 3.325 31.74 0.1748
28.804 33.49 30.3500 14.9 3.134 3.347 31.73 0.1727
28.904 33.51 30.3800 14.4 3.127 3.303 31.80 0.1774
29.004 33.53 30.3900 14.9 3.138 3.345 31.78 0.1735
29.105 33.55 30.3900 15.9 3.158 3.437 31.71 0.1647
29.204 33.57 30.4300 14.8 3.141 3.337 31.82 0.1749
29.304 33.59 30.4500 14.6 3.139 3.318 31.86 0.1770
29.403 33.61 30.4700 14.4 3.138 3.302 31.90 0.1788
29.504 33.63 30.4900 14.3 3.137 3.293 31.93 0.1800
29.604 33.65 30.5100 14.2 3.136 3.278 31.96 0.1818
29.703 33.67 30.5300 14.2 3.137 3.277 31.99 0.1821
29.804 33.69 30.5400 14.8 3.149 3.332 31.95 0.1768
29.902 33.71 30.5400 15.4 3.161 3.383 31.92 0.1719
30.004 33.73 30.6200 11.9 3.101 3.072 32.25 0.2033
30.103 33.75 30.6000 14.7 3.150 3.319 32.02 0.1786
30.203 33.77 30.6100 15.0 3.158 3.350 32.01 0.1757
30.303 33.79 30.6300 14.6 3.152 3.307 32.08 0.1802
30.403 33.81 30.6700 13.5 3.135 3.214 32.19 0.1897
30.504 33.83 30.6700 14.7 3.156 3.319 32.10 0.1793
30.603 33.85 30.6700 15.9 3.179 3.423 32.02 0.1690
30.703 33.87 30.7300 13.6 3.140 3.219 32.24 0.1898
30.803 33.89 30.7300 14.4 3.156 3.293 32.19 0.1825
30.903 33.91 30.7700 13.4 3.139 3.201 32.30 0.1919
31.003 33.93 30.7800 13.9 3.147 3.239 32.28 0.1881
31.104 33.95 30.8100 13.4 3.139 3.195 32.35 0.1926
31.202 33.97 30.8200 13.6 3.144 3.213 32.35 0.1909
31.304 33.99 30.8200 14.8 3.167 3.325 32.26 0.1798
31.402 34.01 30.8500 14.1 3.154 3.256 32.35 0.1869
31.504 34.03 30.8900 12.8 3.132 3.136 32.49 0.1990
31.603 34.05 30.9000 13.7 3.148 3.220 32.42 0.1906
31.703 34.07 30.9000 14.5 3.163 3.291 32.37 0.1836
31.804 34.09 30.9200 14.7 3.168 3.307 32.37 0.1821
31.902 34.11 30.9500 14.1 3.159 3.255 32.45 0.1876
32.004 34.12 30.9700 13.7 3.152 3.217 32.50 0.1915
32.103 34.14 31.0200 12.5 3.130 3.103 32.64 0.2030
32.203 34.16 31.0000 14.5 3.166 3.287 32.47 0.1845
32.303 34.18 31.0300 13.6 3.151 3.206 32.58 0.1928
32.403 34.20 31.0400 14.2 3.162 3.256 32.55 0.1880
32.503 34.22 31.0700 13.7 3.154 3.211 32.61 0.1926
32.604 34.24 31.0700 15.1 3.179 3.335 32.51 0.1803
32.703 34.26 31.1200 12.9 3.141 3.137 32.72 0.2001
32.804 34.28 31.1400 13.2 3.145 3.160 32.72 0.1980
32.903 34.30 31.1600 13.4 3.149 3.175 32.73 0.1965
33.003 34.32 31.1800 13.1 3.143 3.145 32.78 0.1995
33.104 34.34 31.2000 13.4 3.149 3.175 32.77 0.1964
33.202 34.36 31.2100 13.7 3.154 3.197 32.77 0.1944
33.304 34.38 31.2400 13.2 3.146 3.155 32.83 0.1986
33.402 34.40 31.2600 13.0 3.142 3.138 32.87 0.2004
33.503 34.42 31.2800 13.1 3.142 3.139 32.88 0.2003
33.603 34.44 31.3000 13.0 3.140 3.129 32.91 0.2013
33.702 34.46 31.3300 12.5 3.131 3.082 32.98 0.2059
33.803 34.48 31.3200 14.3 3.163 3.243 32.84 0.1898
33.901 34.50 31.3700 12.6 3.133 3.089 33.01 0.2053
34.003 34.52 31.4200 10.9 3.102 2.936 33.19 0.2205
34.102 34.54 31.4200 12.0 3.120 3.035 33.11 0.2104
34.202 34.56 31.4300 12.9 3.134 3.113 33.05 0.2025
34.302 34.58 31.4600 12.6 3.127 3.079 33.10 0.2059
34.402 34.60 31.4800 12.7 3.129 3.089 33.11 0.2048
34.502 34.62 31.4900 13.2 3.138 3.136 33.09 0.2000
34.603 34.64 31.5200 12.5 3.125 3.073 33.17 0.2063
34.702 34.66 31.5300 13.0 3.133 3.112 33.15 0.2024
34.803 34.68 31.5700 12.1 3.116 3.032 33.25 0.2103
34.902 34.70 31.5700 13.0 3.132 3.112 33.19 0.2023
35.002 34.72 31.6000 12.8 3.126 3.087 33.24 0.2047
35.103 34.74 31.5900 14.4 3.154 3.227 33.12 0.1908
35.201 34.76 31.6300 13.2 3.133 3.119 33.24 0.2016
35.303 34.78 31.6700 12.4 3.119 3.049 33.33 0.2087
35.402 34.80 31.6700 13.1 3.130 3.106 33.30 0.2028
35.503 34.82 31.7000 12.8 3.125 3.083 33.34 0.2052
35.603 34.84 31.6900 14.4 3.153 3.224 33.22 0.1909
35.701 34.86 31.7600 11.8 3.105 2.984 33.48 0.2151
35.803 34.88 31.7700 12.2 3.113 3.027 33.46 0.2105
35.901 34.90 31.8200 10.7 3.083 2.886 33.62 0.2247
36.003 34.92 31.8100 12.5 3.113 3.041 33.48 0.2088
36.102 34.94 31.8400 12.2 3.106 3.012 33.53 0.2117
36.202 34.96 31.8500 12.8 3.116 3.068 33.49 0.2058
36.302 34.98 31.8900 11.8 3.097 2.973 33.61 0.2154
36.402 35.00 31.9100 11.7 3.093 2.961 33.64 0.2163
36.503 35.02 31.9400 11.2 3.084 2.923 33.70 0.2201
36.603 35.04 31.9600 11.2 3.082 2.918 33.72 0.2203
36.702 35.06 31.9600 12.4 3.101 3.021 33.64 0.2099
36.802 35.08 32.0000 11.3 3.081 2.925 33.76 0.2193
36.902 35.10 32.0200 11.8 3.086 2.960 33.74 0.2157
37.002 35.12 32.0300 12.2 3.091 2.992 33.73 0.2122
37.103 35.14 32.0500 12.2 3.090 2.991 33.75 0.2124
37.202 35.16 32.0900 11.5 3.076 2.926 33.84 0.2186
37.303 35.18 32.1200 11.0 3.066 2.882 33.90 0.2229
37.402 35.20 32.1400 11.1 3.065 2.886 33.92 0.2221
37.502 35.22 32.1600 11.3 3.066 2.903 33.92 0.2204
37.602 35.24 32.1800 11.3 3.064 2.900 33.94 0.2204
37.701 35.26 32.2100 11.0 3.056 2.868 34.00 0.2234
37.801 35.28 32.2600 9.1 3.021 2.701 34.18 0.2398
37.901 35.30 32.2600 10.7 3.045 2.837 34.07 0.2259
38.002 35.32 32.2700 11.3 3.053 2.889 34.03 0.2204
38.102 35.34 32.2900 11.6 3.056 2.914 34.03 0.2177
38.201 35.36 32.3100 11.5 3.053 2.902 34.06 0.2187
38.301 35.38 32.3500 10.7 3.036 2.826 34.16 0.2262
38.401 35.40 32.3900 9.5 3.013 2.720 34.28 0.2364
38.501 35.42 32.3900 11.1 3.038 2.864 34.16 0.2218
38.602 35.44 32.4100 11.2 3.038 2.870 34.17 0.2208
38.701 35.46 32.4400 10.6 3.024 2.808 34.26 0.2269
38.802 35.48 32.4600 10.9 3.026 2.832 34.25 0.2243
38.901 35.50 32.4700 11.2 3.030 2.860 34.24 0.2211
39.001 35.52 32.5400 8.6 2.981 2.622 34.50 0.2448
39.102 35.54 32.5300 10.7 3.015 2.810 34.33 0.2254
39.200 35.56 32.5300 11.8 3.031 2.902 34.26 0.2161
39.302 35.58 32.5500 12.2 3.037 2.937 34.25 0.2124
39.400 35.60 32.6000 10.3 3.001 2.764 34.44 0.2296
39.502 35.62 32.6200 10.9 3.009 2.812 34.41 0.2244
39.601 35.64 32.6300 11.4 3.016 2.861 34.38 0.2193
39.701 35.66 32.6600 10.8 3.002 2.797 34.47 0.2255
39.802 35.68 32.6900 10.4 2.994 2.768 34.52 0.2282
39.901 35.70 32.7200 10.2 2.988 2.747 34.55 0.2299
40.002 35.72 32.7200 11.2 3.003 2.834 34.49 0.2211
40.101 35.74 32.7200 12.7 3.026 2.957 34.39 0.2084
40.201 35.76 32.7900 10.0 2.978 2.721 34.64 0.2321
40.301 35.78 32.8100 10.0 2.975 2.718 34.66 0.2319
40.401 35.80 32.8300 10.2 2.975 2.731 34.67 0.2304
40.501 35.82 32.8300 11.2 2.989 2.813 34.61 0.2218
40.602 35.84 32.8900 9.4 2.955 2.653 34.79 0.2377
40.700 35.86 32.9100 9.6 2.954 2.666 34.80 0.2361
40.802 35.88 32.9300 9.6 2.952 2.669 34.81 0.2353
40.901 35.90 32.9500 9.8 2.951 2.680 34.82 0.2339
41.002 35.92 32.9700 9.9 2.950 2.686 34.84 0.2329
41.102 35.94 32.9900 10.1 2.951 2.704 34.84 0.2308
41.200 35.96 33.0200 9.7 2.939 2.659 34.90 0.2351
41.302 35.98 33.0400 10.1 2.944 2.698 34.89 0.2308
41.400 36.00 33.0700 9.7 2.934 2.656 34.95 0.2346
41.502 36.02 33.0700 10.9 2.952 2.762 34.86 0.2237
41.601 36.04 33.1200 9.6 2.926 2.644 35.00 0.2353
41.700 36.06 33.1500 9.2 2.915 2.602 35.06 0.2391
41.800 36.08 33.1600 10.0 2.925 2.669 35.01 0.2320
41.900 36.10 33.1700 10.5 2.931 2.711 34.99 0.2275
42.001 36.12 33.2300 8.7 2.898 2.553 35.17 0.2430
42.101 36.14 33.2500 8.5 2.890 2.531 35.21 0.2448
42.200 36.16 33.2900 8.1 2.878 2.489 35.27 0.2485
42.300 36.18 33.3100 8.1 2.874 2.489 35.29 0.2481
42.400 36.20 33.3200 8.9 2.882 2.551 35.25 0.2414
42.500 36.22 33.3600 8.1 2.864 2.478 35.35 0.2483
42.601 36.24 33.4200 6.3 2.827 2.312 35.53 0.2644
42.700 36.26 33.4200 7.8 2.848 2.440 35.42 0.2509
42.801 36.28 33.4200 8.9 2.863 2.538 35.35 0.2407
42.900 36.30 33.4500 8.7 2.856 2.517 35.39 0.2423
43.000 36.32 33.4700 8.9 2.857 2.538 35.39 0.2399
43.101 36.34 33.5000 8.4 2.842 2.482 35.46 0.2451
43.199 36.36 33.5200 8.8 2.847 2.521 35.44 0.2406
43.301 36.38 33.5500 8.4 2.835 2.480 35.50 0.2444
43.399 36.40 33.5700 8.6 2.834 2.492 35.51 0.2427
43.501 36.42 33.5900 8.7 2.832 2.497 35.53 0.2417
43.600 36.44 33.6200 8.4 2.822 2.468 35.58 0.2443
43.700 36.46 33.6400 9.0 2.829 2.517 35.55 0.2389
43.801 36.48 33.7000 6.9 2.788 2.329 35.75 0.2573
43.900 36.50 33.6900 8.9 2.818 2.501 35.60 0.2396
44.001 36.52 33.7000 9.2 2.820 2.529 35.59 0.2364
44.100 36.54 33.7500 7.9 2.793 2.406 35.74 0.2483
44.200 36.56 33.7600 8.5 2.799 2.458 35.71 0.2426
44.300 36.58 33.7900 8.3 2.792 2.440 35.74 0.2440
44.400 36.60 33.8100 8.8 2.796 2.476 35.73 0.2399
44.501 36.62 33.8300 8.7 2.789 2.461 35.76 0.2411
44.601 36.64 33.8700 8.0 2.774 2.397 35.85 0.2470
44.700 36.66 33.9000 7.7 2.763 2.365 35.90 0.2497
44.801 36.68 33.9200 8.2 2.768 2.409 35.87 0.2449
44.900 36.70 33.9300 8.6 2.771 2.439 35.86 0.2415
45.001 36.72 33.9500 9.2 2.778 2.490 35.83 0.2359
45.101 36.74 33.9900 8.2 2.757 2.403 35.94 0.2443
45.199 36.76 34.0100 8.1 2.751 2.390 35.97 0.2452
45.301 36.78 34.0400 8.2 2.748 2.395 35.99 0.2441
45.399 36.80 34.0700 7.8 2.738 2.359 36.04 0.2473
45.501 36.82 34.0800 8.6 2.747 2.424 36.00 0.2403
45.600 36.84 34.1000 8.5 2.741 2.412 36.03 0.2411
45.699 36.86 34.1200 8.7 2.741 2.428 36.04 0.2391
45.800 36.88 34.1700 7.7 2.718 2.330 36.15 0.2486
45.899 36.90 34.1800 8.3 2.724 2.379 36.12 0.2431
46.000 36.92 34.2100 8.1 2.717 2.360 36.16 0.2446
46.099 36.94 34.2300 8.0 2.712 2.351 36.19 0.2451
46.199 36.96 34.2400 8.7 2.720 2.408 36.16 0.2390
46.299 36.98 34.2600 8.9 2.720 2.425 36.16 0.2369
46.399 37.00 34.2900 8.9 2.716 2.422 36.18 0.2368
46.500 37.02 34.3200 8.4 2.704 2.377 36.25 0.2408
46.600 37.04 34.3400 8.7 2.704 2.392 36.25 0.2390
46.699 37.06 34.3600 8.6 2.700 2.388 36.28 0.2391
46.800 37.08 34.3900 8.5 2.694 2.373 36.31 0.2401
46.899 37.10 34.4200 8.2 2.686 2.347 36.36 0.2423
47.000 37.12 34.4500 8.0 2.677 2.320 36.40 0.2446
47.099 37.14 34.4700 7.9 2.671 2.307 36.44 0.2454
47.199 37.16 34.4800 9.0 2.687 2.407 36.36 0.2350
47.300 37.18 34.5200 8.0 2.665 2.312 36.47 0.2441
47.399 37.20 34.5300 8.4 2.669 2.348 36.46 0.2401
47.500 37.22 34.5700 7.9 2.656 2.299 36.53 0.2447
47.599 37.24 34.5800 8.7 2.665 2.363 36.48 0.2378
47.699 37.26 34.6200 7.8 2.646 2.282 36.58 0.2454
47.799 37.28 34.6400 8.1 2.646 2.303 36.58 0.2429
47.899 37.30 34.6500 8.6 2.652 2.350 36.55 0.2378
48.000 37.32 34.6700 8.7 2.649 2.349 36.57 0.2375
48.100 37.34 34.7100 7.9 2.633 2.282 36.66 0.2439
48.199 37.36 34.7300 8.5 2.639 2.328 36.64 0.2388
48.300 37.38 34.7600 7.8 2.622 2.260 36.72 0.2452
48.399 37.40 34.7700 8.5 2.630 2.319 36.68 0.2388
48.499 37.42 34.7900 9.0 2.636 2.365 36.66 0.2339
48.600 37.44 34.8300 7.9 2.613 2.265 36.78 0.2435
48.698 37.46 34.8300 9.4 2.635 2.392 36.67 0.2304
48.800 37.48 34.8500 9.5 2.634 2.399 36.68 0.2294
48.898 37.50 34.9000 8.1 2.607 2.274 36.83 0.2416
49.000 37.52 34.9100 8.8 2.614 2.327 36.80 0.2359
49.100 37.54 34.9400 8.4 2.604 2.290 36.85 0.2392
49.199 37.56 34.9600 8.8 2.607 2.322 36.84 0.2356
49.300 37.58 34.9800 8.8 2.604 2.319 36.86 0.2356
49.398 37.60 35.0100 8.3 2.591 2.272 36.93 0.2399
49.500 37.62 35.0300 8.7 2.596 2.311 36.91 0.2356
49.599 37.64 35.0400 9.3 2.604 2.363 36.88 0.2301
49.699 37.66 35.0600 9.3 2.600 2.357 36.91 0.2304
49.798 37.68 35.1000 8.7 2.586 2.299 36.98 0.2359
49.898 37.70 35.1400 7.4 2.560 2.183 37.12 0.2471
49.999 37.72 35.1300 9.8 2.598 2.395 36.93 0.2255
50.099 37.74 35.1600 9.0 2.581 2.315 37.03 0.2332
50.198 37.76 35.1900 8.5 2.569 2.270 37.09 0.2374
50.299 37.78 35.2200 8.4 2.563 2.258 37.13 0.2382
50.398 37.80 35.2300 9.2 2.573 2.323 37.08 0.2313
50.498 37.82 35.2300 10.3 2.590 2.420 37.00 0.2213
50.599 37.84 35.2400 11.2 2.605 2.502 36.94 0.2128
50.697 37.86 35.2900 9.3 2.570 2.330 37.13 0.2299
50.799 37.88 35.3200 8.9 2.559 2.291 37.19 0.2335
50.898 37.90 35.3600 8.1 2.542 2.220 37.28 0.2403
50.999 37.92 35.3800 8.4 2.544 2.242 37.28 0.2377
51.099 37.94 35.3900 9.3 2.555 2.315 37.23 0.2300
51.198 37.96 35.4100 9.5 2.557 2.337 37.23 0.2275
51.299 37.98 35.4300 9.2 2.549 2.308 37.28 0.2302
51.398 38.00 35.4600 9.2 2.545 2.301 37.30 0.2305
51.499 38.02 35.4800 9.5 2.548 2.324 37.30 0.2280
51.598 38.04 35.5000 9.7 2.548 2.338 37.31 0.2262
51.698 38.06 35.5300 9.1 2.535 2.284 37.38 0.2314
51.798 38.08 35.5500 9.0 2.530 2.270 37.41 0.2325
51.898 38.10 35.5600 9.8 2.543 2.346 37.36 0.2245
51.999 38.12 35.5800 10.2 2.546 2.373 37.35 0.2216
52.099 38.14 35.6000 10.2 2.544 2.372 37.37 0.2215
52.198 38.16 35.6400 9.1 2.522 2.273 37.49 0.2312
52.298 38.18 35.6400 10.5 2.544 2.395 37.39 0.2187
52.398 38.20 35.6600 10.4 2.541 2.387 37.42 0.2193
52.498 38.22 35.6900 9.9 2.529 2.335 37.49 0.2243
52.599 38.24 35.7200 9.7 2.524 2.316 37.53 0.2260
52.697 38.26 35.7400 10.0 2.526 2.341 37.52 0.2232
52.799 38.28 35.7600 10.0 2.524 2.340 37.54 0.2231
52.898 38.30 35.7800 10.1 2.524 2.348 37.56 0.2220
52.999 38.32 35.8000 10.1 2.521 2.341 37.58 0.2225
53.099 38.34 35.8100 11.0 2.535 2.422 37.52 0.2142
53.198 38.36 35.8400 10.6 2.526 2.380 37.58 0.2182
53.299 38.38 35.8600 10.7 2.526 2.389 37.60 0.2172
53.398 38.40 35.8800 10.4 2.520 2.366 37.64 0.2193
53.499 38.42 35.9100 10.2 2.513 2.339 37.68 0.2218
53.598 38.44 35.8900 12.4 2.551 2.537 37.51 0.2018
53.698 38.46 35.9500 10.6 2.518 2.373 37.69 0.2182
53.798 38.48 35.9700 10.7 2.518 2.380 37.70 0.2173
53.898 38.50 35.9800 10.8 2.519 2.392 37.71 0.2159
53.998 38.52 36.0000 11.1 2.522 2.410 37.71 0.2139
54.098 38.54 36.0000 12.1 2.539 2.501 37.64 0.2047
54.197 38.56 36.0500 10.6 2.512 2.369 37.79 0.2179
54.298 38.58 36.0700 10.8 2.513 2.382 37.80 0.2164
54.398 38.60 36.0900 10.8 2.512 2.383 37.82 0.2161
54.497 38.62 36.0800 12.5 2.541 2.533 37.69 0.2010
54.598 38.64 36.1400 10.3 2.500 2.332 37.91 0.2211
54.696 38.66 36.1600 10.5 2.501 2.343 37.92 0.2198
54.798 38.68 36.1800 10.7 2.504 2.365 37.92 0.2173
54.897 38.70 36.2000 10.7 2.501 2.358 37.95 0.2179
54.997 38.72 36.2300 10.6 2.497 2.348 37.98 0.2187
55.098 38.74 36.2400 10.9 2.502 2.378 37.97 0.2155
55.197 38.76 36.2700 10.4 2.492 2.332 38.03 0.2199
55.298 38.78 36.2700 11.8 2.514 2.452 37.93 0.2077
55.397 38.80 36.3000 11.5 2.507 2.419 37.98 0.2110
55.497 38.82 36.3300 10.7 2.492 2.350 38.07 0.2178
55.597 38.84 36.3400 11.3 2.501 2.403 38.04 0.2122
55.697 38.86 36.3700 11.2 2.498 2.389 38.07 0.2135
55.798 38.88 36.3900 10.9 2.491 2.363 38.12 0.2160
55.898 38.90 36.4200 10.7 2.485 2.341 38.16 0.2181
55.998 38.92 36.4300 11.4 2.497 2.405 38.12 0.2115
56.097 38.94 36.4600 10.7 2.482 2.336 38.21 0.2183
56.197 38.96 36.4800 10.9 2.485 2.357 38.21 0.2160
56.298 38.98 36.5000 11.0 2.485 2.362 38.22 0.2153
56.397 39.00 36.5000 12.1 2.501 2.452 38.15 0.2061
56.497 39.02 36.5400 11.3 2.487 2.384 38.24 0.2129
56.598 39.04 36.5600 11.4 2.488 2.395 38.25 0.2117
56.697 39.06 36.5600 12.6 2.507 2.493 38.17 0.2018
56.798 39.08 36.5800 12.6 2.507 2.494 38.19 0.2017
56.897 39.10 36.6100 11.7 2.491 2.415 38.29 0.2095
56.997 39.12 36.6300 11.7 2.489 2.410 38.31 0.2099
57.097 39.14 36.6500 12.1 2.496 2.449 38.29 0.2060
57.197 39.16 36.6700 12.2 2.498 2.458 38.31 0.2050
57.297 39.18 36.7000 11.8 2.488 2.413 38.37 0.2094
57.398 39.20 36.7100 11.9 2.490 2.427 38.38 0.2079
57.497 39.22 36.7900 8.9 2.434 2.151 38.67 0.2355
57.598 39.24 36.7400 13.1 2.507 2.526 38.32 0.1975
57.696 39.26 36.7600 13.2 2.508 2.531 38.33 0.1972
57.798 39.28 36.7800 12.9 2.503 2.507 38.38 0.1996
57.898 39.30 36.8100 12.2 2.491 2.446 38.46 0.2056
57.996 39.32 36.8300 12.5 2.495 2.467 38.46 0.2035
58.097 39.34 36.8500 12.4 2.493 2.459 38.49 0.2043
58.195 39.36 36.8700 12.5 2.493 2.462 38.50 0.2039
58.297 39.38 36.8900 12.6 2.496 2.476 38.51 0.2025
58.396 39.40 36.9200 11.8 2.480 2.397 38.61 0.2104
58.496 39.42 36.9300 12.8 2.497 2.485 38.54 0.2014
58.596 39.44 36.9600 12.2 2.485 2.428 38.62 0.2072
58.696 39.46 36.9900 11.8 2.478 2.396 38.67 0.2102
58.797 39.48 37.0600 9.1 2.428 2.147 38.94 0.2350
58.897 39.50 37.0300 12.0 2.477 2.410 38.69 0.2085
58.996 39.52 37.0400 12.4 2.483 2.442 38.68 0.2051
59.096 39.54 37.0500 12.7 2.489 2.471 38.67 0.2021
59.196 39.56 37.0800 12.5 2.483 2.447 38.72 0.2045
59.296 39.58 37.1000 12.5 2.484 2.451 38.73 0.2041
59.397 39.60 37.1200 12.5 2.482 2.443 38.76 0.2049
59.495 39.62 37.1400 12.9 2.488 2.477 38.75 0.2015
59.597 39.64 37.1700 12.3 2.478 2.428 38.82 0.2063
59.695 39.66 37.1800 12.4 2.479 2.434 38.83 0.2056
59.797 39.68 37.2000 12.9 2.487 2.474 38.81 0.2015
59.897 39.70 37.2200 13.0 2.488 2.482 38.82 0.2007
59.996 39.72 37.2900 10.2 2.437 2.227 39.10 0.2262
60.097 39.74 37.2700 12.1 2.469 2.399 38.94 0.2088
60.195 39.76 37.2900 12.4 2.473 2.421 38.94 0.2065
60.297 39.78 37.3100 12.6 2.476 2.440 38.94 0.2045
60.396 39.80 37.3200 13.3 2.488 2.499 38.90 0.1986
60.496 39.82 37.3400 13.2 2.486 2.490 38.93 0.1995
60.596 39.84 37.3600 13.3 2.488 2.498 38.95 0.1987
60.696 39.86 37.3800 13.2 2.486 2.489 38.97 0.1996
60.796 39.88 37.4300 11.3 2.451 2.316 39.17 0.2170
60.897 39.90 37.4200 13.3 2.487 2.499 39.00 0.1984
60.996 39.92 37.4400 13.0 2.481 2.468 39.06 0.2016
61.097 39.94 37.4700 12.9 2.478 2.454 39.09 0.2030
61.196 39.96 37.4800 13.5 2.488 2.506 39.06 0.1977
61.297 39.98 37.5000 13.5 2.488 2.505 39.08 0.1978
61.397 40.00 37.5200 13.4 2.487 2.499 39.10 0.1984
61.495 40.02 37.5400 13.1 2.481 2.469 39.15 0.2015
61.597 40.04 37.5500 14.1 2.498 2.554 39.09 0.1929
61.695 40.06 37.5700 13.7 2.491 2.518 39.15 0.1966
61.797 40.08 37.5900 13.8 2.493 2.528 39.16 0.1957
61.896 40.10 37.6200 13.1 2.482 2.469 39.23 0.2017
61.996 40.12 37.6300 14.0 2.497 2.544 39.18 0.1941
62.095 40.14 37.6700 12.8 2.476 2.435 39.31 0.2051
62.195 40.16 37.6700 13.7 2.491 2.517 39.25 0.1969
62.296 40.18 37.6900 13.9 2.495 2.533 39.25 0.1952
62.396 40.20 37.7200 13.0 2.479 2.453 39.35 0.2033
62.495 40.22 37.7200 14.5 2.506 2.588 39.24 0.1898
62.595 40.24 37.7400 14.5 2.506 2.581 39.26 0.1906
62.695 40.26 37.7700 13.5 2.489 2.494 39.37 0.1993
62.795 40.28 37.8000 13.2 2.484 2.469 39.41 0.2019
62.896 40.30 37.8100 13.9 2.495 2.527 39.38 0.1960
62.995 40.32 37.8400 13.3 2.485 2.471 39.45 0.2016
63.096 40.34 37.8600 13.4 2.486 2.480 39.46 0.2008
63.195 40.36 37.8800 13.3 2.483 2.467 39.50 0.2021
63.296 40.38 37.8900 13.9 2.495 2.523 39.46 0.1964
63.396 40.40 37.9300 13.0 2.478 2.441 39.56 0.2047
63.494 40.42 37.9400 13.6 2.487 2.488 39.54 0.1999
63.596 40.44 38.0000 10.9 2.439 2.247 39.80 0.2240
63.694 40.46 37.9900 12.9 2.473 2.426 39.64 0.2059
63.796 40.48 37.9900 14.0 2.492 2.524 39.56 0.1960
63.895 40.50 37.9900 15.0 2.510 2.613 39.49 0.1872
63.995 40.52 38.0200 14.5 2.503 2.569 39.55 0.1917
64.095 40.54 38.0400 14.5 2.502 2.563 39.58 0.1924
64.195 40.56 38.0600 14.2 2.499 2.542 39.62 0.1945
64.296 40.58 38.0700 15.2 2.515 2.625 39.56 0.1863
64.396 40.60 38.1100 13.9 2.494 2.511 39.69 0.1979
64.495 40.62 38.1300 13.7 2.490 2.489 39.73 0.2000
64.596 40.64 38.1300 14.9 2.511 2.599 39.64 0.1891
64.695 40.66 38.1500 14.8 2.511 2.591 39.67 0.1900
64.796 40.68 38.1800 14.2 2.500 2.533 39.75 0.1959
64.896 40.70 38.2000 14.6 2.506 2.562 39.74 0.1930
64.994 40.72 38.2200 14.3 2.503 2.544 39.78 0.1949
65.096 40.74 38.2300 15.0 2.514 2.598 39.74 0.1895
65.194 40.76 38.2600 14.3 2.503 2.536 39.83 0.1959
65.296 40.78 38.2800 14.3 2.503 2.537 39.85 0.1958
65.395 40.80 38.2900 14.8 2.512 2.578 39.82 0.1917
65.495 40.82 38.3100 14.9 2.515 2.590 39.83 0.1906
65.596 40.84 38.3300 15.0 2.517 2.599 39.84 0.1898
65.695 40.86 38.3600 14.5 2.508 2.547 39.92 0.1950
65.796 40.88 38.3400 16.2 2.539 2.699 39.78 0.1800
65.896 40.90 38.3900 14.5 2.510 2.550 39.95 0.1951
65.995 40.92 38.4200 14.3 2.507 2.533 39.99 0.1968
66.096 40.94 38.4400 14.1 2.503 2.510 40.03 0.1992
66.194 40.96 38.4300 16.0 2.537 2.679 39.88 0.1822
66.295 40.98 38.4700 14.3 2.509 2.531 40.05 0.1972
66.394 41.00 38.4900 14.6 2.513 2.549 40.05 0.1955
66.494 41.02 38.5200 14.1 2.505 2.511 40.11 0.1993
66.594 41.04 38.5300 14.8 2.517 2.570 40.07 0.1934
66.694 41.06 38.5600 14.0 2.504 2.501 40.16 0.2004
66.795 41.08 38.5800 14.0 2.502 2.493 40.19 0.2011
66.895 41.10 38.6000 14.1 2.504 2.502 40.20 0.2003
66.994 41.12 38.6000 15.1 2.522 2.590 40.13 0.1915
67.094 41.14 38.6300 14.4 2.510 2.526 40.22 0.1979
67.194 41.16 38.6500 14.5 2.511 2.532 40.23 0.1973
67.294 41.18 38.6700 14.8 2.516 2.558 40.23 0.1948
67.395 41.20 38.7000 13.9 2.501 2.477 40.33 0.2029
67.494 41.22 38.7100 14.5 2.511 2.532 40.29 0.1974
67.595 41.24 38.7200 15.2 2.524 2.594 40.25 0.1912
67.694 41.26 38.7400 15.0 2.521 2.576 40.29 0.1931
67.795 41.28 38.7700 14.7 2.516 2.550 40.33 0.1958
67.895 41.30 38.7800 15.1 2.523 2.580 40.32 0.1928
67.993 41.32 38.8100 14.3 2.509 2.506 40.42 0.2003
68.095 41.34 38.8200 14.9 2.520 2.565 40.38 0.1944
68.193 41.36 38.8500 14.3 2.508 2.504 40.46 0.2005
68.295 41.38 38.8600 15.1 2.524 2.582 40.40 0.1928
68.394 41.40 38.9000 14.2 2.508 2.498 40.50 0.2012
68.494 41.42 38.9000 15.0 2.522 2.568 40.46 0.1943
68.594 41.44 38.9300 14.7 2.516 2.536 40.51 0.1975
68.694 41.46 38.9400 14.9 2.520 2.555 40.51 0.1956
68.795 41.48 38.9700 14.7 2.517 2.538 40.55 0.1974
68.895 41.50 38.9800 15.0 2.522 2.563 40.54 0.1949
68.994 41.52 39.0100 14.5 2.513 2.518 40.61 0.1994
69.095 41.54 39.0300 14.6 2.514 2.522 40.62 0.1990
69.194 41.56 39.0400 14.9 2.520 2.549 40.61 0.1963
69.294 41.58 39.0600 14.8 2.519 2.543 40.64 0.1969
69.395 41.60 39.0900 14.6 2.515 2.521 40.68 0.1992
69.493 41.62 39.1200 14.0 2.504 2.466 40.76 0.2047
69.595 41.64 39.1300 14.4 2.511 2.503 40.74 0.2010
69.693 41.66 39.1500 14.7 2.515 2.523 40.74 0.1990
69.795 41.68 39.1600 15.4 2.528 2.590 40.69 0.1922
69.895 41.70 39.2000 14.0 2.503 2.461 40.84 0.2052
69.994 41.72 39.2200 13.9 2.500 2.449 40.87 0.2064
70.095 41.74 39.2400 13.9 2.500 2.453 40.89 0.2060
70.193 41.76 39.2600 14.0 2.501 2.456 40.91 0.2055
70.294 41.78 39.2800 14.3 2.505 2.480 40.90 0.2031
70.393 41.80 39.2900 14.9 2.516 2.535 40.87 0.1975
70.493 41.82 39.3300 13.7 2.495 2.428 40.99 0.2082
70.593 41.84 39.3400 14.4 2.506 2.489 40.95 0.2022
70.693 41.86 39.3600 14.2 2.502 2.468 41.00 0.2042
70.794 41.88 39.3900 13.7 2.491 2.417 41.07 0.2093
70.894 41.90 39.4100 14.1 2.497 2.451 41.05 0.2058
70.993 41.92 39.4300 14.1 2.497 2.452 41.07 0.2056
71.093 41.94 39.4600 13.3 2.482 2.381 41.16 0.2126
71.193 41.96 39.4600 14.5 2.502 2.483 41.08 0.2024
71.294 41.98 39.4900 14.2 2.497 2.461 41.12 0.2045
71.394 42.00 39.5200 13.8 2.488 2.417 41.19 0.2089
71.492 42.02 39.5400 13.5 2.482 2.391 41.23 0.2113
71.594 42.04 39.5500 14.4 2.498 2.475 41.17 0.2028
71.693 42.06 39.5700 14.3 2.495 2.460 41.20 0.2043
71.794 42.08 39.6100 13.0 2.472 2.347 41.34 0.2156
71.894 42.10 39.6200 13.6 2.480 2.395 41.31 0.2107
71.992 42.12 39.6500 13.0 2.469 2.342 41.38 0.2158
72.094 42.14 39.6800 13.1 2.468 2.344 41.40 0.2155
72.192 42.16 39.6900 13.4 2.472 2.370 41.39 0.2128
72.294 42.18 39.7200 13.0 2.464 2.336 41.45 0.2159
72.394 42.20 39.7300 13.5 2.471 2.380 41.42 0.2114
72.493 42.22 39.7600 13.0 2.461 2.334 41.49 0.2159
72.594 42.24 39.7800 13.2 2.462 2.345 41.50 0.2146
72.693 42.26 39.7900 13.8 2.471 2.395 41.47 0.2095
72.794 42.28 39.8100 14.0 2.474 2.415 41.47 0.2074
72.893 42.30 39.8300 14.0 2.473 2.412 41.49 0.2076
72.993 42.32 39.8600 13.4 2.461 2.356 41.57 0.2131
73.094 42.34 39.8800 13.3 2.459 2.352 41.59 0.2134
73.193 42.36 39.9100 13.3 2.458 2.349 41.61 0.2136
73.294 42.38 39.9300 13.2 2.453 2.330 41.65 0.2154
73.394 42.40 39.9400 13.6 2.458 2.364 41.64 0.2118
73.493 42.42 39.9700 13.2 2.451 2.332 41.69 0.2148
73.594 42.44 40.0000 13.1 2.447 2.319 41.72 0.2161
73.693 42.46 40.0000 14.3 2.468 2.427 41.64 0.2050
73.793 42.48 40.0400 12.8 2.439 2.286 41.80 0.2191
73.894 42.50 40.0600 13.1 2.443 2.312 41.79 0.2164
73.994 42.52 40.0900 12.6 2.432 2.264 41.86 0.2210
74.095 42.54 40.1000 13.4 2.444 2.335 41.81 0.2136
74.194 42.56 40.1200 13.2 2.440 2.317 41.85 0.2153
74.294 42.58 40.1500 12.9 2.433 2.291 41.89 0.2178
74.395 42.60 40.1700 13.3 2.437 2.319 41.88 0.2147
74.493 42.62 40.2000 12.8 2.428 2.276 41.95 0.2189
74.595 42.64 40.2100 13.0 2.429 2.292 41.95 0.2171
74.693 42.66 40.2400 12.5 2.419 2.248 42.02 0.2213
74.795 42.68 40.2600 13.0 2.425 2.285 42.00 0.2174
74.895 42.70 40.2900 12.5 2.414 2.238 42.07 0.2220
74.994 42.72 40.3000 12.9 2.419 2.273 42.05 0.2182
75.094 42.74 40.3100 13.5 2.429 2.328 42.02 0.2126
75.194 42.76 40.3500 12.7 2.413 2.255 42.11 0.2197
75.294 42.78 40.3800 12.3 2.404 2.218 42.17 0.2232
75.395 42.80 40.3900 13.0 2.413 2.273 42.13 0.2175
75.493 42.82 40.4100 13.3 2.417 2.297 42.13 0.2149
75.595 42.84 40.4200 14.0 2.428 2.357 42.09 0.2088
75.694 42.86 40.4300 14.1 2.429 2.366 42.10 0.2078
75.795 42.88 40.4600 13.6 2.419 2.321 42.16 0.2123
75.895 42.90 40.4600 14.9 2.441 2.434 42.07 0.2007
75.993 42.92 40.5500 11.0 2.372 2.090 42.43 0.2352
76.095 42.94 40.5300 13.6 2.414 2.316 42.23 0.2122
76.193 42.96 40.5500 13.4 2.410 2.299 42.26 0.2138
76.295 42.98 40.5800 13.3 2.405 2.282 42.30 0.2154
76.394 43.00 40.6000 13.1 2.401 2.267 42.34 0.2168
76.494 43.02 40.6200 13.1 2.399 2.262 42.36 0.2170
76.595 43.04 40.6400 13.4 2.402 2.288 42.36 0.2143
76.693 43.06 40.6700 12.8 2.390 2.229 42.43 0.2200
76.795 43.08 40.7000 12.5 2.383 2.204 42.48 0.2223
76.894 43.10 40.7100 13.4 2.397 2.282 42.42 0.2144
76.994 43.12 40.7600 11.9 2.368 2.146 42.58 0.2278
77.094 43.14 40.7500 13.6 2.397 2.298 42.44 0.2123
77.194 43.16 40.7500 14.4 2.410 2.372 42.39 0.2048
77.295 43.18 40.8000 13.0 2.384 2.241 42.54 0.2178
77.395 43.20 40.8300 12.6 2.374 2.198 42.61 0.2219
77.494 43.22 40.8500 12.7 2.374 2.210 42.61 0.2205
77.594 43.24 40.8800 12.3 2.365 2.174 42.67 0.2240
77.694 43.26 40.9000 12.6 2.367 2.193 42.67 0.2218
77.794 43.28 40.9000 13.5 2.382 2.277 42.61 0.2132
77.895 43.30 40.9300 13.0 2.371 2.225 42.68 0.2183
77.994 43.32 40.9400 13.5 2.379 2.270 42.65 0.2136
78.095 43.34 40.9800 13.0 2.368 2.221 42.72 0.2184
78.194 43.36 41.0000 12.8 2.363 2.204 42.76 0.2198
78.295 43.38 41.0100 13.2 2.369 2.241 42.74 0.2159
78.395 43.40 41.0400 13.2 2.366 2.234 42.77 0.2165
78.494 43.42 41.1000 10.6 2.318 2.003 43.02 0.2394
78.595 43.44 41.0800 13.3 2.363 2.240 42.80 0.2153
78.693 43.46 41.1000 13.4 2.363 2.246 42.82 0.2146
78.795 43.48 41.1100 13.8 2.369 2.285 42.80 0.2105
78.894 43.50 41.1400 13.6 2.364 2.263 42.84 0.2126
78.994 43.52 41.1700 13.1 2.354 2.219 42.90 0.2169
79.094 43.54 41.2200 11.3 2.320 2.055 43.09 0.2331
79.194 43.56 41.2200 12.9 2.345 2.193 42.97 0.2190
79.294 43.58 41.2400 13.1 2.347 2.211 42.97 0.2170
79.395 43.60 41.2700 12.2 2.328 2.125 43.08 0.2255
79.494 43.62 41.2700 13.4 2.348 2.235 42.99 0.2142
79.595 43.64 41.3000 13.3 2.345 2.225 43.02 0.2150
79.694 43.66 41.3300 13.0 2.338 2.196 43.07 0.2178
79.795 43.68 41.3300 13.7 2.349 2.255 43.03 0.2117
79.896 43.70 41.3600 13.7 2.347 2.252 43.05 0.2119
79.993 43.72 41.4000 12.6 2.326 2.150 43.17 0.2219
80.096 43.74 41.4100 13.3 2.337 2.215 43.13 0.2152
80.194 43.76 41.4300 13.3 2.336 2.214 43.15 0.2152
80.296 43.78 41.4600 12.9 2.327 2.175 43.21 0.2190
80.395 43.80 41.4400 14.9 2.361 2.353 43.05 0.2009
80.495 43.82 41.4700 14.3 2.349 2.295 43.13 0.2067
80.595 43.84 41.5200 13.0 2.325 2.176 43.27 0.2185
80.695 43.86 41.5300 13.3 2.329 2.204 43.26 0.2156
80.796 43.88 41.5800 12.1 2.306 2.096 43.39 0.2263
80.896 43.90 41.5800 13.5 2.328 2.218 43.29 0.2138
80.995 43.92 41.6100 13.0 2.317 2.165 43.36 0.2189
81.095 43.94 41.6100 13.9 2.331 2.247 43.30 0.2106
81.195 43.96 41.6600 12.4 2.304 2.116 43.45 0.2236
81.295 43.98 41.6800 12.5 2.303 2.117 43.47 0.2232
81.396 44.00 41.7000 12.7 2.304 2.133 43.47 0.2214
81.495 44.02 41.7300 12.5 2.298 2.113 43.51 0.2232
81.596 44.04 41.7900 10.2 2.255 1.907 43.74 0.2436
81.695 44.06 41.7600 13.0 2.301 2.155 43.51 0.2183
81.795 44.08 41.7700 14.0 2.317 2.242 43.44 0.2095
81.896 44.10 41.8000 13.3 2.303 2.176 43.53 0.2159
81.994 44.12 41.8100 13.9 2.312 2.227 43.50 0.2107
82.096 44.14 41.8400 13.6 2.306 2.198 43.55 0.2135
82.194 44.16 41.8600 13.3 2.300 2.175 43.59 0.2156
82.296 44.18 41.9000 12.6 2.285 2.105 43.68 0.2225
82.395 44.20 41.9100 13.0 2.290 2.142 43.66 0.2186
82.495 44.22 41.9400 12.9 2.286 2.128 43.69 0.2197
82.596 44.24 41.9500 13.5 2.296 2.184 43.66 0.2139
82.695 44.26 42.0100 11.1 2.251 1.966 43.90 0.2356
82.796 44.28 42.0100 12.3 2.269 2.071 43.81 0.2247
82.896 44.30 42.0300 12.7 2.273 2.099 43.80 0.2217
82.995 44.32 42.0500 13.1 2.278 2.135 43.79 0.2179
83.095 44.34 42.0600 13.2 2.278 2.143 43.80 0.2169
83.195 44.36 42.0900 12.8 2.270 2.107 43.86 0.2204
83.295 44.38 42.1000 13.7 2.284 2.188 43.80 0.2120
83.396 44.40 42.1400 12.4 2.260 2.069 43.93 0.2238
83.495 44.42 42.1500 13.3 2.273 2.144 43.88 0.2161
83.596 44.44 42.1700 13.1 2.268 2.129 43.91 0.2175
83.695 44.46 42.2100 12.7 2.258 2.085 43.98 0.2216
83.796 44.48 42.2200 13.2 2.266 2.130 43.95 0.2169
83.896 44.50 42.2500 12.5 2.251 2.064 44.04 0.2234
83.994 44.52 42.2600 13.3 2.264 2.136 43.99 0.2159
84.096 44.54 42.2900 12.8 2.252 2.087 44.06 0.2206
84.195 44.56 42.3000 13.4 2.261 2.138 44.03 0.2154
84.296 44.58 42.3400 12.7 2.248 2.078 44.10 0.2211
84.396 44.60 42.3500 13.0 2.251 2.102 44.10 0.2186
84.495 44.62 42.3700 13.4 2.256 2.136 44.09 0.2150
84.596 44.64 42.3900 13.3 2.253 2.127 44.12 0.2157
84.695 44.66 42.4100 13.2 2.250 2.117 44.15 0.2166
84.795 44.68 42.4300 13.3 2.250 2.122 44.16 0.2159
84.896 44.70 42.4600 13.2 2.245 2.106 44.20 0.2173
84.994 44.72 42.4800 13.3 2.246 2.119 44.20 0.2159
85.096 44.74 42.5000 13.4 2.246 2.126 44.22 0.2150
85.195 44.76 42.5300 12.7 2.232 2.060 44.30 0.2215
85.296 44.78 42.5500 12.9 2.234 2.079 44.30 0.2194
85.396 44.80 42.5600 13.8 2.247 2.152 44.25 0.2119
85.495 44.82 42.5700 14.0 2.249 2.166 44.26 0.2103
85.596 44.84 42.6000 13.6 2.241 2.128 44.32 0.2140
85.694 44.86 42.6300 13.0 2.229 2.075 44.39 0.2193
85.796 44.88 42.6600 12.9 2.226 2.066 44.42 0.2199
85.895 44.90 42.6800 12.7 2.219 2.043 44.46 0.2221
85.995 44.92 42.7000 12.8 2.220 2.054 44.47 0.2207
86.096 44.94 42.7200 13.2 2.225 2.087 44.46 0.2172
86.195 44.96 42.7400 13.0 2.220 2.070 44.49 0.2188
86.296 44.98 42.7800 12.5 2.208 2.019 44.56 0.2237
86.396 45.00 42.8100 12.1 2.198 1.978 44.63 0.2275
86.496 45.02 42.7900 14.3 2.236 2.176 44.45 0.2074
86.596 45.04 42.8400 12.6 2.204 2.022 44.62 0.2228
86.696 45.06 42.8600 12.8 2.205 2.035 44.63 0.2212
86.797 45.08 42.8800 12.7 2.202 2.027 44.66 0.2218
86.897 45.10 42.9100 12.4 2.194 1.996 44.71 0.2247
86.996 45.12 42.9300 12.7 2.197 2.023 44.70 0.2218
87.097 45.14 42.9500 12.7 2.194 2.018 44.72 0.2220
87.196 45.16 42.9700 12.8 2.195 2.030 44.73 0.2206
87.296 45.18 43.0000 12.2 2.182 1.975 44.81 0.2259
87.397 45.20 43.0300 12.0 2.176 1.955 44.85 0.2276
87.495 45.22 43.0300 13.0 2.191 2.041 44.78 0.2188
87.597 45.24 43.0700 12.2 2.175 1.967 44.88 0.2260
87.695 45.26 43.0900 12.4 2.176 1.985 44.88 0.2240
87.797 45.28 43.1200 12.1 2.167 1.949 44.93 0.2273
87.896 45.30 43.1200 12.8 2.178 2.015 44.89 0.2204
87.996 45.32 43.1700 11.8 2.158 1.920 45.00 0.2297
88.097 45.34 43.1700 12.9 2.176 2.022 44.92 0.2192
88.195 45.36 43.1900 13.1 2.177 2.035 44.93 0.2177
88.297 45.38 43.2100 13.0 2.173 2.025 44.96 0.2186
88.396 45.40 43.2300 13.0 2.172 2.023 44.98 0.2185
88.496 45.42 43.2600 12.6 2.163 1.985 45.04 0.2221
88.596 45.44 43.2900 12.5 2.158 1.970 45.07 0.2235
88.696 45.46 43.3000 12.7 2.159 1.988 45.08 0.2215
88.796 45.48 43.3300 12.7 2.157 1.983 45.10 0.2217
88.897 45.50 43.3400 13.0 2.160 2.009 45.09 0.2188
88.996 45.52 43.3700 12.8 2.156 1.996 45.13 0.2200
89.096 45.54 43.3800 13.5 2.165 2.048 45.09 0.2146
89.196 45.56 43.4100 12.7 2.149 1.974 45.19 0.2218
89.296 45.58 43.4500 11.9 2.133 1.902 45.28 0.2289
89.397 45.60 43.4700 12.3 2.137 1.936 45.27 0.2252
89.495 45.62 43.4900 12.3 2.136 1.939 45.28 0.2246
89.597 45.64 43.5100 12.5 2.136 1.951 45.29 0.2232
89.695 45.66 43.5300 12.2 2.129 1.925 45.34 0.2255
89.797 45.68 43.6000 9.6 2.081 1.692 45.59 0.2485
89.897 45.70 43.5700 12.9 2.134 1.978 45.33 0.2195
89.996 45.72 43.6000 12.6 2.127 1.950 45.37 0.2220
90.097 45.74 43.6200 12.5 2.122 1.938 45.41 0.2231
90.195 45.76 43.6400 12.7 2.124 1.956 45.41 0.2210
90.297 45.78 43.6600 12.8 2.124 1.962 45.42 0.2202
90.396 45.80 43.6800 12.8 2.122 1.963 45.44 0.2199
90.496 45.82 43.7100 12.7 2.117 1.946 45.48 0.2214
90.596 45.84 43.7300 12.3 2.110 1.915 45.53 0.2242
90.696 45.86 43.7900 10.5 2.074 1.749 45.71 0.2407
90.797 45.88 43.7600 13.2 2.119 1.991 45.49 0.2161
90.897 45.90 43.8000 12.6 2.107 1.937 45.57 0.2213
90.996 45.92 43.8000 13.4 2.120 2.007 45.52 0.2141
91.097 45.94 43.8400 12.6 2.103 1.932 45.61 0.2215
91.196 45.96 43.8600 12.7 2.103 1.937 45.63 0.2207
91.297 45.98 43.8900 12.6 2.098 1.921 45.66 0.2222
91.397 46.00 43.9000 13.0 2.103 1.956 45.65 0.2184
91.495 46.02 43.9200 13.1 2.104 1.967 45.66 0.2171
91.597 46.04 43.9500 12.5 2.092 1.914 45.73 0.2222
91.695 46.06 43.9600 13.2 2.102 1.972 45.69 0.2162
91.797 46.08 43.9800 13.3 2.102 1.979 45.70 0.2154
91.896 46.10 44.0000 13.3 2.101 1.979 45.72 0.2152
91.996 46.12 44.0400 12.7 2.087 1.918 45.80 0.2211
92.096 46.14 44.0500 13.1 2.093 1.954 45.79 0.2173
92.196 46.16 44.0800 12.6 2.083 1.910 45.85 0.2216
92.297 46.18 44.0900 13.1 2.089 1.949 45.83 0.2175
92.397 46.20 44.1300 12.3 2.073 1.877 45.93 0.2244
92.497 46.22 44.1600 12.1 2.067 1.858 45.97 0.2262
92.597 46.24 44.1800 12.2 2.066 1.865 45.98 0.2252
92.697 46.26 44.1900 12.8 2.076 1.921 45.94 0.2193
92.797 46.28 44.2200 12.4 2.066 1.879 46.00 0.2233
92.898 46.30 44.2500 12.1 2.057 1.846 46.06 0.2264
92.998 46.32 44.2500 13.0 2.072 1.930 45.99 0.2177
93.098 46.34 44.2800 12.8 2.067 1.912 46.03 0.2194
93.197 46.36 44.3000 12.8 2.064 1.904 46.06 0.2200
93.298 46.38 44.3200 12.7 2.060 1.891 46.09 0.2210
93.398 46.40 44.3500 12.4 2.054 1.870 46.13 0.2229
93.498 46.42 44.3600 12.9 2.060 1.914 46.11 0.2184
93.598 46.44 44.3800 13.3 2.065 1.942 46.10 0.2153
93.697 46.46 44.4000 13.0 2.059 1.919 46.14 0.2175
93.798 46.48 44.4300 12.7 2.052 1.890 46.19 0.2202
93.898 46.50 44.4600 12.3 2.041 1.846 46.26 0.2244
93.998 46.52 44.4700 13.2 2.055 1.927 46.20 0.2161
94.097 46.54 44.4800 13.5 2.059 1.950 46.19 0.2136
94.197 46.56 44.5200 12.7 2.043 1.876 46.29 0.2208
94.297 46.58 44.5300 13.4 2.055 1.944 46.24 0.2138
94.398 46.60 44.6000 10.8 2.005 1.702 46.50 0.2379
94.497 46.62 44.5700 13.4 2.050 1.940 46.28 0.2137
94.598 46.64 44.5900 13.5 2.049 1.941 46.30 0.2135
94.696 46.66 44.6200 13.2 2.042 1.912 46.35 0.2163
94.798 46.68 44.6400 13.2 2.041 1.914 46.37 0.2159
94.897 46.70 44.6500 13.8 2.050 1.964 46.34 0.2108
94.997 46.72 44.6900 13.1 2.037 1.902 46.42 0.2168
95.098 46.74 44.7000 13.7 2.046 1.956 46.39 0.2113
95.196 46.76 44.7200 13.6 2.042 1.939 46.42 0.2128
95.298 46.78 44.7400 13.7 2.043 1.952 46.43 0.2115
95.397 46.80 44.7700 13.2 2.032 1.898 46.50 0.2167
95.497 46.82 44.7900 13.1 2.029 1.891 46.53 0.2172
95.597 46.84 44.8300 12.6 2.018 1.842 46.60 0.2220
95.697 46.86 44.8300 13.7 2.036 1.942 46.52 0.2117
95.797 46.88 44.8600 13.1 2.024 1.888 46.59 0.2170
95.898 46.90 44.8800 13.4 2.027 1.908 46.60 0.2149
95.998 46.92 44.9000 13.2 2.023 1.896 46.63 0.2159
96.098 46.94 44.9100 13.7 2.030 1.934 46.61 0.2120
96.197 46.96 44.9500 12.8 2.012 1.852 46.71 0.2201
96.298 46.98 44.9600 13.5 2.024 1.916 46.67 0.2134
96.398 47.00 44.9700 13.9 2.030 1.952 46.65 0.2097
96.497 47.02 45.0000 13.4 2.020 1.907 46.72 0.2141
96.598 47.04 45.0200 14.0 2.028 1.954 46.69 0.2093
96.696 47.06 45.0400 13.9 2.026 1.945 46.72 0.2101
96.798 47.08 45.0700 13.5 2.017 1.909 46.77 0.2136
96.897 47.10 45.0800 14.1 2.026 1.954 46.75 0.2089
96.997 47.12 45.1000 13.9 2.021 1.936 46.79 0.2106
97.098 47.14 45.1100 14.3 2.028 1.977 46.77 0.2065
97.197 47.16 45.1400 14.1 2.023 1.951 46.81 0.2090
97.298 47.18 45.1700 13.4 2.011 1.895 46.89 0.2145
97.397 47.20 45.1900 13.7 2.014 1.915 46.89 0.2123
97.497 47.22 45.2100 13.9 2.016 1.932 46.89 0.2105
97.597 47.24 45.2200 14.2 2.021 1.962 46.88 0.2074
97.697 47.26 45.2400 14.4 2.023 1.971 46.89 0.2064
97.797 47.28 45.2600 14.5 2.024 1.981 46.90 0.2054
97.898 47.30 45.2800 14.2 2.019 1.956 46.95 0.2078
97.998 47.32 45.3100 14.1 2.015 1.939 46.98 0.2094
98.098 47.34 45.3400 13.7 2.006 1.901 47.04 0.2131
98.197 47.36 45.3500 13.8 2.008 1.917 47.05 0.2115
98.297 47.38 45.3800 13.7 2.004 1.901 47.08 0.2129
98.398 47.40 45.3900 14.1 2.011 1.940 47.06 0.2089
98.497 47.42 45.4200 13.8 2.004 1.911 47.11 0.2117
98.598 47.44 45.4400 13.7 2.001 1.898 47.15 0.2129
98.697 47.46 45.4600 13.8 2.001 1.905 47.16 0.2120
98.798 47.48 45.4900 13.3 1.992 1.863 47.22 0.2161
98.898 47.50 45.5100 13.6 1.995 1.884 47.22 0.2138
98.999 47.52 45.5400 13.0 1.983 1.828 47.29 0.2192
99.099 47.54 45.5500 13.4 1.988 1.865 47.28 0.2155
99.197 47.56 45.5800 13.1 1.981 1.834 47.33 0.2184
99.299 47.58 45.6000 13.1 1.980 1.834 47.35 0.2182
99.398 47.60 45.6200 13.6 1.986 1.873 47.33 0.2141
99.499 47.62 45.6500 13.0 1.974 1.818 47.40 0.2194
99.598 47.64 45.6600 13.4 1.980 1.856 47.39 0.2154
99.698 47.66 45.7000 12.8 1.968 1.803 47.46 0.2206
99.798 47.68 45.7100 13.1 1.971 1.825 47.46 0.2182
99.898 47.70 45.7100 14.2 1.989 1.922 47.38 0.2083
99.999 47.72 45.7700 12.3 1.954 1.754 47.57 0.2251
100.099 47.74 45.7900 12.6 1.956 1.774 47.57 0.2228
100.198 47.76 45.7900 13.5 1.970 1.850 47.51 0.2150
100.298 47.78 45.8300 12.4 1.949 1.751 47.63 0.2247
100.398 47.80 45.8700 11.6 1.932 1.676 47.73 0.2319
100.498 47.82 45.8800 12.1 1.938 1.722 47.70 0.2270
100.599 47.84 45.9000 12.5 1.943 1.755 47.69 0.2235
100.697 47.86 45.9300 11.9 1.929 1.696 47.77 0.2292
100.799 47.88 45.9500 12.2 1.932 1.720 47.76 0.2264
100.898 47.90 45.9500 13.5 1.953 1.837 47.67 0.2145
100.999 47.92 45.9900 12.6 1.936 1.760 47.76 0.2220
101.099 47.94 46.0100 12.5 1.931 1.742 47.80 0.2236
101.197 47.96 46.0500 11.5 1.911 1.651 47.91 0.2325
101.299 47.98 46.0600 12.3 1.923 1.724 47.86 0.2249
101.398 48.00 46.0800 12.6 1.926 1.750 47.85 0.2220
101.499 48.02 46.1200 11.7 1.906 1.661 47.96 0.2307
101.598 48.04 46.1400 11.7 1.904 1.661 47.98 0.2304
101.698 48.06 46.1700 11.2 1.893 1.619 48.04 0.2343
101.799 48.08 46.1800 12.0 1.903 1.682 48.00 0.2277
101.898 48.10 46.2000 12.2 1.904 1.697 48.01 0.2259
101.999 48.12 46.2700 9.5 1.853 1.454 48.27 0.2498
102.098 48.14 46.2500 11.9 1.893 1.671 48.07 0.2277
102.198 48.16 46.2900 11.1 1.875 1.595 48.17 0.2351
102.298 48.18 46.3100 11.2 1.873 1.599 48.18 0.2342
102.398 48.20 46.3200 11.9 1.883 1.664 48.14 0.2275
102.498 48.22 46.3500 11.4 1.871 1.612 48.21 0.2323
102.599 48.24 46.3800 11.3 1.866 1.601 48.24 0.2331
102.697 48.26 46.4000 11.1 1.860 1.584 48.28 0.2345
102.800 48.28 46.4300 11.1 1.856 1.580 48.30 0.2346
102.898 48.30 46.4400 11.4 1.859 1.608 48.30 0.2314
102.999 48.32 46.4700 11.2 1.853 1.587 48.34 0.2332
103.098 48.34 46.5100 10.3 1.834 1.507 48.44 0.2409
103.198 48.36 46.5200 11.1 1.843 1.567 48.40 0.2345
103.298 48.38 46.5400 11.3 1.844 1.588 48.40 0.2320
103.398 48.40 46.5700 10.9 1.833 1.547 48.46 0.2358
103.498 48.42 46.5800 11.3 1.838 1.586 48.44 0.2315
103.599 48.44 46.6100 11.2 1.833 1.571 48.47 0.2327
103.697 48.46 46.6300 11.3 1.832 1.579 48.48 0.2316
103.799 48.48 46.6600 10.8 1.819 1.527 48.56 0.2364
103.898 48.50 46.6800 11.0 1.819 1.545 48.56 0.2344
103.999 48.52 46.7100 10.6 1.809 1.507 48.62 0.2378
104.099 48.54 46.7400 10.7 1.807 1.512 48.63 0.2369
104.197 48.56 46.7800 9.4 1.781 1.396 48.77 0.2481
104.299 48.58 46.7900 10.3 1.793 1.476 48.71 0.2396
104.398 48.60 46.8100 10.7 1.797 1.509 48.69 0.2360
104.499 48.62 46.8300 10.5 1.789 1.483 48.74 0.2382
104.598 48.64 46.8500 10.9 1.792 1.517 48.73 0.2344
104.698 48.66 46.8700 11.0 1.791 1.524 48.74 0.2333
104.799 48.68 46.9000 10.8 1.785 1.508 48.77 0.2346
104.899 48.70 46.9300 10.6 1.777 1.482 48.82 0.2369
105.000 48.72 46.9800 8.9 1.744 1.334 48.99 0.2513
105.099 48.74 46.9700 10.8 1.772 1.493 48.85 0.2349
105.199 48.76 46.9800 11.6 1.784 1.567 48.80 0.2272
105.299 48.78 47.0000 11.4 1.778 1.548 48.83 0.2288
105.399 48.80 47.0300 11.2 1.771 1.525 48.88 0.2308
105.499 48.82 47.0600 11.0 1.766 1.508 48.91 0.2321
105.600 48.84 47.0900 10.6 1.754 1.466 48.98 0.2361
105.698 48.86 47.0900 11.7 1.771 1.562 48.90 0.2261
105.800 48.88 47.1200 11.3 1.762 1.528 48.96 0.2292
105.898 48.90 47.1500 10.9 1.751 1.486 49.02 0.2331
106.000 48.92 47.1800 10.8 1.747 1.478 49.05 0.2336
106.100 48.94 47.1900 11.2 1.751 1.510 49.03 0.2301
106.199 48.96 47.2000 12.0 1.761 1.576 48.99 0.2231
106.300 48.98 47.2500 10.8 1.737 1.465 49.12 0.2340
106.398 49.00 47.2600 11.0 1.738 1.484 49.12 0.2318
106.500 49.02 47.2800 11.3 1.742 1.512 49.11 0.2286
106.599 49.04 47.3100 11.2 1.737 1.499 49.14 0.2297
106.699 49.06 47.3300 10.9 1.728 1.470 49.19 0.2323
106.800 49.08 47.3400 11.7 1.740 1.542 49.14 0.2248
106.899 49.10 47.3700 11.4 1.732 1.512 49.19 0.2275
107.000 49.12 47.4000 10.9 1.720 1.463 49.26 0.2321
107.100 49.14 47.4100 11.9 1.736 1.554 49.19 0.2227
107.199 49.16 47.4300 11.9 1.733 1.551 49.21 0.2228
107.299 49.18 47.4600 11.6 1.726 1.521 49.26 0.2256
107.399 49.20 47.4900 11.2 1.717 1.486 49.32 0.2288
107.499 49.22 47.5000 11.5 1.719 1.509 49.31 0.2262
107.600 49.24 47.5600 9.9 1.687 1.363 49.48 0.2406
107.698 49.26 47.5400 11.8 1.718 1.532 49.33 0.2232
107.800 49.28 47.5700 11.8 1.714 1.523 49.36 0.2239
107.898 49.30 47.5900 11.7 1.712 1.519 49.38 0.2241
108.000 49.32 47.6100 11.8 1.710 1.519 49.40 0.2238
108.100 49.34 47.6400 11.6 1.704 1.499 49.44 0.2256
108.198 49.36 47.6500 12.3 1.715 1.566 49.40 0.2186
108.300 49.38 47.6700 12.3 1.713 1.564 49.42 0.2187
108.398 49.40 47.6900 12.6 1.716 1.584 49.42 0.2165
108.500 49.42 47.7000 13.2 1.725 1.635 49.39 0.2112
108.599 49.44 47.7300 12.8 1.717 1.599 49.44 0.2147
108.699 49.46 47.7500 12.4 1.709 1.565 49.50 0.2179
108.799 49.48 47.7800 12.3 1.705 1.555 49.53 0.2188
108.899 49.50 47.7900 13.0 1.716 1.614 49.49 0.2126
108.999 49.52 47.8200 12.4 1.704 1.562 49.56 0.2178
109.100 49.54 47.8500 12.0 1.695 1.524 49.62 0.2214
109.199 49.56 47.8600 12.5 1.701 1.563 49.60 0.2172
109.300 49.58 47.8800 12.8 1.705 1.588 49.59 0.2146
109.399 49.60 47.9500 9.7 1.649 1.315 49.89 0.2418
109.499 49.62 47.9200 12.9 1.702 1.595 49.63 0.2133
109.600 49.64 47.9400 13.0 1.702 1.600 49.64 0.2127
109.698 49.66 47.9700 12.8 1.697 1.581 49.68 0.2145
109.800 49.68 47.9900 12.4 1.688 1.545 49.74 0.2179
109.898 49.70 48.0100 12.8 1.694 1.579 49.72 0.2144
110.000 49.72 48.0600 11.1 1.662 1.424 49.90 0.2298
110.100 49.74 48.0600 12.3 1.681 1.530 49.81 0.2188
110.199 49.76 48.0700 13.1 1.693 1.602 49.76 0.2114
110.300 49.78 48.1000 12.4 1.680 1.540 49.84 0.2175
110.398 49.80 48.1200 12.4 1.678 1.538 49.87 0.2175
110.500 49.82 48.1500 12.3 1.675 1.529 49.89 0.2183
110.599 49.84 48.1700 12.6 1.678 1.551 49.89 0.2159
110.699 49.86 48.1900 12.6 1.676 1.545 49.92 0.2163
110.799 49.88 48.2100 12.7 1.676 1.556 49.93 0.2151
110.899 49.90 48.2200 12.9 1.679 1.574 49.93 0.2131
111.001 49.92 48.2500 12.4 1.669 1.531 49.99 0.2173
111.101 49.94 48.2700 13.0 1.677 1.579 49.96 0.2123
111.200 49.96 48.2900 13.0 1.677 1.582 49.98 0.2119
111.301 49.98 48.3000 13.5 1.684 1.619 49.96 0.2080
111.400 50.00 48.3200 13.5 1.682 1.616 49.99 0.2082
111.501 50.02 48.3600 12.5 1.664 1.529 50.09 0.2169
111.601 50.04 48.3600 13.5 1.681 1.618 50.03 0.2078
111.699 50.06 48.3900 13.2 1.674 1.590 50.07 0.2105
111.801 50.08 48.3900 14.4 1.696 1.700 49.98 0.1994
111.899 50.10 48.4300 13.4 1.677 1.607 50.10 0.2087
112.001 50.12 48.4400 13.5 1.678 1.617 50.11 0.2077
112.101 50.14 48.4800 13.0 1.668 1.569 50.17 0.2124
112.200 50.16 48.4900 13.4 1.674 1.604 50.16 0.2087
112.300 50.18 48.5100 13.5 1.674 1.609 50.17 0.2081
112.400 50.20 48.5400 12.9 1.663 1.557 50.25 0.2133
112.500 50.22 48.5600 13.2 1.668 1.584 50.24 0.2104
112.601 50.24 48.5600 14.2 1.684 1.671 50.17 0.2016
112.699 50.26 48.5900 13.4 1.669 1.595 50.27 0.2093
112.801 50.28 48.6200 13.2 1.665 1.580 50.30 0.2106
112.900 50.30 48.6400 13.1 1.662 1.568 50.33 0.2117
113.001 50.32 48.6700 12.9 1.657 1.548 50.37 0.2136
113.101 50.34 48.6800 13.3 1.663 1.584 50.36 0.2099
113.199 50.36 48.7100 12.8 1.653 1.537 50.43 0.2145
113.301 50.38 48.7300 12.7 1.649 1.522 50.46 0.2159
113.399 50.40 48.7400 13.3 1.658 1.576 50.43 0.2103
113.501 50.42 48.7700 13.3 1.657 1.572 50.45 0.2106
113.600 50.44 48.7800 13.8 1.665 1.618 50.42 0.2058
113.700 50.46 48.8200 12.8 1.647 1.528 50.53 0.2148
113.800 50.48 48.8300 13.4 1.655 1.579 50.50 0.2096
113.900 50.50 48.8400 13.7 1.660 1.608 50.50 0.2066
114.001 50.52 48.8700 13.4 1.654 1.576 50.55 0.2097
114.101 50.54 48.9000 13.1 1.647 1.547 50.60 0.2125
114.200 50.56 48.9100 13.5 1.654 1.589 50.57 0.2082
114.301 50.58 48.9200 13.9 1.660 1.621 50.56 0.2049
114.400 50.60 48.9500 13.7 1.656 1.601 50.60 0.2069
114.500 50.62 48.9700 13.3 1.648 1.565 50.66 0.2104
114.601 50.64 48.9900 13.6 1.653 1.591 50.65 0.2076
114.699 50.66 49.0100 13.9 1.656 1.612 50.65 0.2055
114.801 50.68 49.0300 13.8 1.655 1.607 50.68 0.2060
114.899 50.70 49.0500 13.8 1.653 1.601 50.70 0.2065
115.001 50.72 49.0700 13.7 1.651 1.593 50.73 0.2072
115.101 50.74 49.0800 14.6 1.666 1.671 50.67 0.1994
115.199 50.76 49.1200 13.2 1.642 1.551 50.81 0.2113
115.301 50.78 49.1400 13.7 1.648 1.586 50.80 0.2077
115.399 50.80 49.1500 14.1 1.655 1.623 50.78 0.2040
115.501 50.82 49.1700 13.9 1.651 1.604 50.82 0.2058
115.600 50.84 49.1900 13.9 1.651 1.608 50.83 0.2054
115.700 50.86 49.2200 13.4 1.640 1.557 50.91 0.2105
115.800 50.88 49.2400 13.8 1.647 1.594 50.89 0.2066
115.900 50.90 49.2700 13.0 1.633 1.525 50.98 0.2134
116.001 50.92 49.2900 13.4 1.637 1.553 50.97 0.2105
116.101 50.94 49.3100 13.2 1.633 1.536 51.01 0.2120
116.200 50.96 49.3400 12.8 1.625 1.502 51.06 0.2153
116.301 50.98 49.3500 13.2 1.630 1.531 51.05 0.2123
116.400 51.00 49.3500 14.7 1.656 1.668 50.94 0.1985
116.500 51.02 49.3900 13.6 1.635 1.564 51.06 0.2089
116.601 51.04 49.4100 13.7 1.637 1.575 51.07 0.2078
116.699 51.06 49.4300 13.4 1.630 1.543 51.12 0.2108
116.801 51.08 49.4600 13.1 1.624 1.520 51.16 0.2130
116.899 51.10 49.4900 12.8 1.617 1.487 51.22 0.2162
117.002 51.12 49.5200 12.3 1.608 1.448 51.27 0.2199
117.101 51.14 49.5100 13.6 1.629 1.561 51.18 0.2084
117.201 51.16 49.5300 13.7 1.629 1.565 51.20 0.2079
117.302 51.18 49.5700 13.1 1.617 1.508 51.27 0.2136
117.401 51.20 49.6000 12.6 1.607 1.464 51.34 0.2178
117.502 51.22 49.6000 13.5 1.621 1.543 51.28 0.2097
117.601 51.24 49.6700 10.8 1.573 1.304 51.54 0.2336
117.701 51.26 49.6600 12.5 1.599 1.451 51.41 0.2186
117.801 51.28 49.6700 13.1 1.609 1.506 51.38 0.2128
117.901 51.30 49.6800 13.8 1.620 1.569 51.33 0.2064
118.002 51.32 49.7200 13.2 1.608 1.507 51.42 0.2126
118.102 51.34 49.7500 12.5 1.594 1.444 51.50 0.2188
118.201 51.36 49.7600 13.3 1.607 1.518 51.44 0.2111
118.301 51.38 49.7800 13.4 1.607 1.524 51.46 0.2105
118.401 51.40 49.8300 11.5 1.573 1.354 51.65 0.2274
118.501 51.42 49.8200 13.6 1.607 1.534 51.49 0.2090
118.602 51.44 49.8300 13.7 1.608 1.546 51.50 0.2077
118.700 51.46 49.8700 12.9 1.594 1.478 51.59 0.2145
118.802 51.48 49.8900 12.8 1.589 1.461 51.62 0.2160
118.901 51.50 49.9500 10.9 1.555 1.294 51.81 0.2326
119.002 51.52 49.9400 12.9 1.586 1.464 51.66 0.2152
119.102 51.54 49.9600 12.7 1.582 1.448 51.69 0.2167
119.200 51.56 49.9700 13.5 1.594 1.517 51.65 0.2097
119.302 51.58 49.9800 13.9 1.600 1.550 51.63 0.2063
119.400 51.60 50.0200 13.0 1.583 1.469 51.73 0.2143
119.502 51.62 50.0100 14.7 1.613 1.622 51.60 0.1988
119.601 51.64 50.0500 13.6 1.594 1.526 51.72 0.2084
119.701 51.66 50.0800 12.9 1.580 1.459 51.80 0.2150
119.801 51.68 50.1000 13.3 1.585 1.492 51.79 0.2117
119.901 51.70 50.1300 12.9 1.578 1.461 51.84 0.2146
120.002 51.72 50.1400 13.2 1.581 1.485 51.84 0.2121
120.101 51.74 50.2000 11.0 1.541 1.287 52.06 0.2317
120.201 51.76 50.1900 13.2 1.577 1.481 51.88 0.2120
120.301 51.78 50.2200 12.5 1.563 1.415 51.97 0.2184
120.401 51.80 50.2400 12.8 1.566 1.439 51.96 0.2159
120.501 51.82 50.2500 13.5 1.577 1.501 51.92 0.2096
120.602 51.84 50.2700 13.1 1.570 1.468 51.98 0.2128
120.700 51.86 50.3000 12.7 1.561 1.427 52.04 0.2168
120.802 51.88 50.3200 13.1 1.566 1.460 52.02 0.2133
120.901 51.90 50.3300 13.5 1.572 1.497 52.01 0.2094
121.002 51.92 50.3600 13.2 1.565 1.464 52.06 0.2126
121.102 51.94 50.3800 13.2 1.564 1.464 52.08 0.2125
121.200 51.96 50.4000 13.3 1.565 1.471 52.09 0.2116
121.302 51.98 50.4200 13.3 1.564 1.474 52.11 0.2112
121.401 52.00 50.4400 13.2 1.560 1.458 52.14 0.2127
121.502 52.02 50.4600 13.6 1.567 1.500 52.12 0.2084
121.602 52.04 50.4900 12.8 1.552 1.429 52.21 0.2155
121.701 52.06 50.4900 13.9 1.570 1.520 52.14 0.2062
121.801 52.08 50.5300 13.1 1.555 1.447 52.24 0.2134
121.901 52.10 50.5500 13.2 1.555 1.456 52.25 0.2124
122.001 52.12 50.5600 13.9 1.566 1.516 52.21 0.2063
122.102 52.14 50.5800 13.7 1.562 1.496 52.25 0.2081
122.201 52.16 50.5800 15.1 1.586 1.621 52.14 0.1956
122.302 52.18 50.6100 14.3 1.573 1.555 52.23 0.2023
122.401 52.20 50.6200 14.7 1.579 1.587 52.22 0.1990
122.501 52.22 50.6300 15.6 1.595 1.664 52.16 0.1914
122.602 52.24 50.6700 14.2 1.571 1.543 52.30 0.2036
122.700 52.26 50.6900 14.4 1.573 1.553 52.31 0.2025
122.802 52.28 50.7100 14.7 1.578 1.578 52.30 0.2000
122.900 52.30 50.6900 16.6 1.612 1.750 52.15 0.1828
123.002 52.32 50.7600 13.8 1.564 1.502 52.42 0.2078
123.102 52.34 50.7700 14.6 1.577 1.568 52.38 0.2011
123.202 52.36 50.7700 15.4 1.592 1.644 52.32 0.1935
123.303 52.38 50.8000 15.1 1.587 1.619 52.36 0.1960
123.402 52.40 50.8200 14.6 1.578 1.572 52.43 0.2008
123.503 52.42 50.8300 15.2 1.588 1.622 52.40 0.1958
123.602 52.44 50.8400 15.8 1.599 1.676 52.37 0.1904
123.702 52.46 50.8600 16.0 1.603 1.693 52.37 0.1889
123.802 52.48 50.8900 15.6 1.597 1.657 52.43 0.1925
123.902 52.50 50.9000 16.0 1.604 1.690 52.41 0.1892
124.003 52.52 50.9200 15.9 1.605 1.688 52.44 0.1896
124.103 52.54 50.9400 15.8 1.603 1.677 52.47 0.1908
124.202 52.56 50.9500 16.2 1.610 1.706 52.46 0.1880
124.302 52.58 50.9800 15.9 1.607 1.687 52.50 0.1900
124.402 52.60 51.0000 15.5 1.601 1.650 52.55 0.1938
124.502 52.62 51.0200 15.7 1.604 1.665 52.56 0.1924
124.603 52.64 51.0400 15.9 1.607 1.679 52.56 0.1911
124.702 52.66 51.0500 16.0 1.611 1.693 52.57 0.1897
124.803 52.68 51.0700 15.9 1.609 1.678 52.60 0.1913
124.902 52.70 51.1000 15.4 1.601 1.638 52.66 0.1954
125.002 52.72 51.1200 15.7 1.607 1.664 52.66 0.1929
125.103 52.74 51.1300 15.8 1.609 1.672 52.67 0.1921
125.201 52.76 51.1600 15.3 1.600 1.623 52.74 0.1972
125.303 52.78 51.2000 14.4 1.585 1.547 52.84 0.2047
125.402 52.80 51.1800 16.6 1.623 1.738 52.67 0.1856
125.503 52.82 51.2000 16.7 1.626 1.747 52.68 0.1849
125.603 52.84 51.2200 16.5 1.623 1.729 52.71 0.1868
125.702 52.86 51.2400 16.4 1.624 1.724 52.74 0.1874
125.803 52.88 51.2600 16.4 1.623 1.718 52.77 0.1882
125.901 52.90 51.2700 16.7 1.629 1.744 52.76 0.1857
126.003 52.92 51.2900 16.7 1.631 1.748 52.78 0.1854
126.102 52.94 51.3000 17.4 1.644 1.805 52.74 0.1798
126.202 52.96 51.3100 17.7 1.652 1.836 52.73 0.1770
126.302 52.98 51.3400 17.0 1.641 1.775 52.81 0.1832
126.402 53.00 51.3900 15.3 1.612 1.619 52.98 0.1990
126.503 53.02 51.3600 18.1 1.662 1.871 52.75 0.1739
126.603 53.04 51.4000 17.1 1.647 1.783 52.86 0.1829
126.702 53.06 51.4000 17.9 1.662 1.853 52.81 0.1761
126.802 53.08 51.4300 17.4 1.656 1.814 52.87 0.1803
126.902 53.10 51.4500 17.4 1.657 1.812 52.89 0.1806
127.002 53.12 51.4700 17.0 1.651 1.773 52.95 0.1848
127.103 53.14 51.4800 17.6 1.662 1.825 52.92 0.1797
127.201 53.16 51.5100 17.1 1.655 1.782 52.98 0.1842
127.303 53.18 51.5200 17.7 1.667 1.834 52.95 0.1791
127.401 53.20 51.5400 17.4 1.665 1.814 52.99 0.1813
127.503 53.22 51.5600 17.5 1.667 1.819 53.00 0.1810
127.603 53.24 51.5700 17.8 1.674 1.845 53.00 0.1786
127.702 53.26 51.5900 17.8 1.677 1.849 53.01 0.1785
127.803 53.28 51.6100 17.6 1.674 1.825 53.06 0.1810
127.901 53.30 51.6300 17.6 1.676 1.832 53.07 0.1806
128.003 53.32 51.6400 18.0 1.685 1.868 53.06 0.1772
128.102 53.34 51.6600 17.7 1.681 1.837 53.11 0.1804
128.202 53.36 51.6900 17.0 1.669 1.772 53.19 0.1872
128.302 53.38 51.7000 17.7 1.683 1.836 53.15 0.1809
128.402 53.40 51.7100 17.9 1.689 1.857 53.15 0.1790
128.503 53.42 51.7400 17.7 1.686 1.834 53.19 0.1815
128.603 53.44 51.7600 17.5 1.685 1.823 53.22 0.1828
128.702 53.46 51.7800 17.1 1.679 1.784 53.28 0.1868
128.803 53.48 51.8000 17.0 1.679 1.778 53.30 0.1876
128.902 53.50 51.8200 17.1 1.681 1.787 53.32 0.1868
129.002 53.52 51.8300 17.6 1.691 1.830 53.29 0.1826
129.103 53.54 51.8600 16.9 1.679 1.761 53.38 0.1897
129.202 53.56 51.8800 17.1 1.684 1.781 53.38 0.1878
129.304 53.58 51.8900 17.4 1.691 1.813 53.37 0.1847
129.402 53.60 51.9200 17.0 1.685 1.776 53.43 0.1886
129.504 53.62 51.9300 17.5 1.694 1.816 53.41 0.1847
129.604 53.64 51.9400 17.8 1.701 1.846 53.40 0.1818
129.703 53.66 51.9600 17.9 1.703 1.852 53.41 0.1815
129.804 53.68 51.9800 17.9 1.706 1.856 53.43 0.1812
129.902 53.70 52.0100 17.2 1.694 1.791 53.51 0.1878
130.004 53.72 52.0300 16.9 1.689 1.760 53.56 0.1911
130.103 53.74 52.0500 17.3 1.697 1.795 53.55 0.1877
130.203 53.76 52.0500 18.3 1.717 1.891 53.47 0.1782
130.303 53.78 52.0800 17.5 1.705 1.820 53.56 0.1856
130.403 53.80 52.1100 16.6 1.689 1.739 53.66 0.1938
130.504 53.82 52.1300 17.0 1.696 1.771 53.65 0.1906
130.604 53.84 52.1400 17.1 1.699 1.780 53.66 0.1899
130.703 53.86 52.1600 17.6 1.708 1.821 53.64 0.1859
130.804 53.88 52.1800 17.4 1.705 1.802 53.68 0.1879
130.902 53.90 52.2000 17.3 1.706 1.800 53.70 0.1882
131.004 53.92 52.2400 16.1 1.685 1.690 53.83 0.1993
131.104 53.94 52.2400 17.1 1.703 1.779 53.76 0.1904
131.203 53.96 52.2700 16.6 1.694 1.734 53.83 0.1951
131.304 53.98 52.2800 16.9 1.700 1.760 53.82 0.1925
131.402 54.00 52.3100 16.5 1.694 1.726 53.88 0.1960
131.504 54.02 52.3200 17.1 1.703 1.773 53.85 0.1914
131.603 54.04 52.3400 16.7 1.698 1.743 53.90 0.1944
131.703 54.06 52.3700 16.4 1.692 1.710 53.95 0.1977
131.803 54.08 52.3900 16.4 1.693 1.713 53.97 0.1975
131.903 54.10 52.4100 16.4 1.692 1.710 53.99 0.1978
132.004 54.12 52.4300 16.7 1.698 1.735 53.99 0.1953
132.104 54.14 52.4400 17.0 1.703 1.762 53.98 0.1926
132.203 54.16 52.4600 16.9 1.702 1.751 54.01 0.1939
132.303 54.18 52.4800 16.9 1.702 1.751 54.03 0.1939
132.403 54.20 52.5000 16.9 1.703 1.754 54.05 0.1936
132.503 54.22 52.5000 18.2 1.727 1.869 53.95 0.1822
132.604 54.24 52.5300 17.4 1.715 1.800 54.04 0.1893
132.702 54.26 52.5600 16.9 1.705 1.750 54.11 0.1944
132.804 54.28 52.5800 16.7 1.702 1.733 54.15 0.1962
132.902 54.30 52.5900 17.2 1.711 1.774 54.13 0.1921
133.004 54.32 52.6100 17.1 1.710 1.765 54.16 0.1931
133.104 54.34 52.6400 16.7 1.703 1.730 54.21 0.1967
133.202 54.36 52.6400 17.5 1.718 1.802 54.16 0.1894
133.304 54.38 52.6800 16.7 1.705 1.732 54.25 0.1966
133.402 54.40 52.7000 16.9 1.707 1.742 54.26 0.1956
133.504 54.42 52.7000 17.6 1.720 1.805 54.22 0.1893
133.603 54.44 52.7200 17.5 1.719 1.797 54.25 0.1903
133.703 54.46 52.7500 17.1 1.713 1.763 54.30 0.1938
133.804 54.48 52.7700 17.1 1.713 1.761 54.32 0.1940
133.903 54.50 52.7900 17.0 1.712 1.754 54.35 0.1948
134.004 54.52 52.8100 17.0 1.712 1.752 54.37 0.1951
134.104 54.54 52.8300 17.2 1.716 1.770 54.37 0.1933
134.203 54.56 52.8600 16.5 1.705 1.708 54.46 0.1996
134.303 54.58 52.8700 17.1 1.714 1.755 54.43 0.1949
134.403 54.60 52.8900 17.1 1.715 1.759 54.44 0.1945
134.503 54.62 52.9200 16.6 1.707 1.715 54.51 0.1990
134.604 54.64 52.9300 17.1 1.715 1.753 54.49 0.1952
134.702 54.66 52.9700 15.9 1.694 1.646 54.62 0.2059
134.804 54.68 52.9400 18.9 1.747 1.915 54.37 0.1789
134.903 54.70 52.9900 17.1 1.717 1.759 54.54 0.1948
135.004 54.72 53.0200 16.6 1.707 1.706 54.62 0.2001
135.105 54.74 53.0300 16.8 1.711 1.727 54.62 0.1980
135.202 54.76 53.0600 16.3 1.703 1.684 54.68 0.2024
135.305 54.78 53.0800 16.6 1.707 1.707 54.68 0.2000
135.403 54.80 53.0800 17.3 1.719 1.768 54.64 0.1940
135.504 54.82 53.1100 16.9 1.714 1.736 54.69 0.1972
135.605 54.84 53.1400 16.2 1.701 1.671 54.77 0.2037
135.704 54.86 53.1500 16.9 1.712 1.727 54.74 0.1981
135.805 54.88 53.1600 17.3 1.720 1.769 54.71 0.1939
135.904 54.90 53.1900 16.7 1.710 1.713 54.79 0.1996
136.005 54.92 53.2200 16.5 1.706 1.697 54.83 0.2011
136.104 54.94 53.2400 16.3 1.702 1.678 54.86 0.2030
136.204 54.96 53.2500 16.9 1.713 1.729 54.83 0.1979
136.305 54.98 53.2700 17.1 1.716 1.747 54.84 0.1961
136.404 55.00 53.3000 16.1 1.698 1.656 54.95 0.2053
136.505 55.02 53.3300 15.9 1.695 1.640 54.98 0.2068
136.605 55.04 53.3400 16.6 1.705 1.693 54.95 0.2014
136.704 55.06 53.3900 14.7 1.670 1.522 55.14 0.2186
136.804 55.08 53.3700 16.9 1.710 1.725 54.96 0.1981
136.904 55.10 53.4000 16.8 1.706 1.708 55.00 0.1998
137.005 55.12 53.4200 16.6 1.703 1.694 55.03 0.2012
137.105 55.14 53.4400 16.5 1.701 1.683 55.06 0.2022
137.204 55.16 53.4700 16.3 1.697 1.662 55.10 0.2044
137.304 55.18 53.4900 16.1 1.693 1.645 55.14 0.2060
137.404 55.20 53.5100 15.9 1.690 1.630 55.17 0.2074
137.504 55.22 53.5400 15.8 1.687 1.618 55.21 0.2086
137.605 55.24 53.5500 16.2 1.692 1.649 55.19 0.2054
137.703 55.26 53.5600 16.8 1.702 1.700 55.16 0.2002
137.805 55.28 53.6000 15.9 1.687 1.625 55.26 0.2077
137.904 55.30 53.6100 16.3 1.693 1.660 55.24 0.2041
138.005 55.32 53.6200 16.6 1.698 1.685 55.24 0.2016
138.105 55.34 53.6600 15.9 1.685 1.622 55.32 0.2079
138.203 55.36 53.6800 15.9 1.684 1.620 55.34 0.2080
138.305 55.38 53.6900 16.5 1.694 1.673 55.31 0.2026
138.403 55.40 53.7200 16.0 1.684 1.623 55.38 0.2076
138.505 55.42 53.7400 15.9 1.682 1.619 55.40 0.2079
138.604 55.44 53.7600 16.1 1.685 1.634 55.41 0.2063
138.704 55.46 53.7900 15.8 1.678 1.601 55.46 0.2096
138.805 55.48 53.8000 16.2 1.685 1.640 55.44 0.2056
138.904 55.50 53.8200 16.0 1.680 1.620 55.48 0.2075
139.005 55.52 53.8400 16.4 1.686 1.650 55.47 0.2045
139.104 55.54 53.8700 15.8 1.674 1.594 55.55 0.2100
139.204 55.56 53.8900 15.8 1.674 1.595 55.57 0.2098
139.305 55.58 53.9200 15.1 1.661 1.536 55.65 0.2156
139.404 55.60 53.9500 15.0 1.657 1.524 55.68 0.2167
139.505 55.62 53.9300 17.3 1.696 1.726 55.50 0.1963
139.604 55.64 53.9900 14.8 1.652 1.503 55.74 0.2186
139.704 55.66 54.0200 14.4 1.643 1.466 55.80 0.2222
139.804 55.68 54.0400 14.5 1.642 1.469 55.81 0.2216
139.904 55.70 54.0600 14.5 1.640 1.469 55.83 0.2214
140.005 55.72 54.0900 14.4 1.636 1.457 55.87 0.2224
140.105 55.74 54.1400 12.5 1.601 1.288 56.05 0.2391
140.203 55.76 54.1400 14.2 1.627 1.438 55.93 0.2237
140.305 55.78 54.1600 14.1 1.623 1.425 55.96 0.2247
140.404 55.80 54.1900 13.5 1.611 1.374 56.03 0.2296
140.505 55.82 54.2000 14.4 1.623 1.449 55.97 0.2219
140.605 55.84 54.2300 14.1 1.616 1.421 56.02 0.2244
140.703 55.86 54.2600 13.7 1.606 1.380 56.08 0.2282
140.805 55.88 54.2800 13.5 1.601 1.365 56.12 0.2295
140.903 55.90 54.3100 13.0 1.589 1.319 56.18 0.2338
141.005 55.92 54.3300 13.4 1.592 1.348 56.17 0.2305
141.104 55.94 54.3500 13.4 1.590 1.348 56.19 0.2302
141.204 55.96 54.3900 12.7 1.574 1.283 56.28 0.2364
141.305 55.98 54.4200 12.4 1.565 1.252 56.33 0.2391
141.404 56.00 54.4300 13.0 1.573 1.305 56.30 0.2335
141.505 56.02 54.4700 12.1 1.554 1.225 56.40 0.2411
141.605 56.04 54.5100 11.3 1.536 1.151 56.49 0.2481
141.705 56.06 54.5200 11.9 1.542 1.198 56.46 0.2429
141.805 56.08 54.5300 13.0 1.557 1.293 56.39 0.2330
141.905 56.10 54.5800 11.5 1.527 1.157 56.55 0.2462
142.005 56.12 54.6200 10.6 1.507 1.073 56.65 0.2543
142.106 56.14 54.6300 11.1 1.510 1.112 56.63 0.2498
142.205 56.16 54.6400 12.1 1.524 1.198 56.56 0.2406
142.306 56.18 54.6900 10.5 1.492 1.059 56.72 0.2541
142.405 56.20 54.7200 10.2 1.483 1.032 56.77 0.2563
142.505 56.22 54.7600 9.5 1.465 0.965 56.86 0.2624
142.606 56.24 54.7900 9.1 1.450 0.918 56.92 0.2665
142.704 56.26 54.8200 8.9 1.442 0.903 56.96 0.2674
142.806 56.28 54.8500 8.6 1.429 0.866 57.02 0.2703
142.904 56.30 54.8900 8.0 1.412 0.809 57.09 0.2754
143.006 56.32 54.9300 7.2 1.393 0.742 57.18 0.2814
143.106 56.34 54.9500 7.5 1.390 0.761 57.18 0.2786
143.204 56.36 54.9800 7.7 1.387 0.777 57.19 0.2763
143.306 56.38 55.0100 7.6 1.377 0.760 57.22 0.2772
143.404 56.40 55.0400 6.9 1.359 0.696 57.31 0.2828
143.506 56.42 55.0900 5.8 1.330 0.587 57.44 0.2929
143.605 56.44 55.1000 6.8 1.340 0.676 57.37 0.2830
143.705 56.46 55.1200 7.1 1.338 0.698 57.36 0.2800
143.805 56.48 55.1600 6.4 1.318 0.631 57.45 0.2859
143.905 56.50 55.1900 6.7 1.316 0.653 57.45 0.2828
144.005 56.52 55.2200 6.5 1.305 0.633 57.49 0.2840
144.106 56.54 55.2500 6.2 1.292 0.600 57.54 0.2865
144.205 56.56 55.2700 6.8 1.294 0.645 57.52 0.2812
144.305 56.58 55.3100 6.1 1.275 0.582 57.60 0.2866
144.405 56.60 55.3300 6.2 1.269 0.586 57.62 0.2853
144.505 56.62 55.3600 6.5 1.267 0.613 57.61 0.2818
144.606 56.64 55.3800 6.5 1.259 0.605 57.64 0.2817
144.704 56.66 55.4100 6.3 1.249 0.585 57.68 0.2829
144.806 56.68 55.4300 6.9 1.252 0.634 57.65 0.2772
144.904 56.70 55.4700 6.2 1.231 0.560 57.74 0.2838
145.006 56.72 55.5000 6.1 1.223 0.553 57.77 0.2837
145.106 56.74 55.4900 8.3 1.254 0.740 57.60 0.2641
145.204 56.76 55.5600 6.0 1.207 0.534 57.83 0.2841
145.306 56.78 55.5900 5.6 1.193 0.498 57.88 0.2869
145.404 56.80 55.6200 5.7 1.186 0.497 57.91 0.2861
145.506 56.82 55.6400 5.9 1.182 0.509 57.91 0.2840
145.605 56.84 55.6700 5.7 1.172 0.494 57.95 0.2847
145.705 56.86 55.7000 5.4 1.159 0.461 58.00 0.2872
145.805 56.88 55.7200 6.1 1.164 0.521 57.96 0.2803
145.905 56.90 55.7600 5.5 1.144 0.455 58.05 0.2861
146.006 56.92 55.7800 5.7 1.141 0.477 58.05 0.2831
146.106 56.94 55.8100 5.9 1.136 0.485 58.06 0.2814
146.205 56.96 55.8400 5.8 1.127 0.473 58.09 0.2818
146.305 56.98 55.8600 6.2 1.126 0.500 58.08 0.2783
146.405 57.00 55.8900 5.6 1.109 0.447 58.16 0.2828
146.505 57.02 55.9400 4.3 1.080 0.331 58.29 0.2936
146.606 57.04 55.9400 6.2 1.105 0.493 58.15 0.2764
146.704 57.06 56.0100 3.9 1.056 0.281 58.38 0.2969
146.806 57.08 56.0100 5.5 1.076 0.422 58.26 0.2818
146.905 57.10 56.0200 6.3 1.083 0.488 58.21 0.2744
147.006 57.12 56.0500 6.2 1.074 0.473 58.25 0.2751
147.106 57.14 56.0700 6.4 1.072 0.490 58.25 0.2727
147.204 57.16 56.1000 6.2 1.061 0.468 58.30 0.2742
147.306 57.18 56.1200 6.9 1.066 0.522 58.26 0.2680
147.405 57.20 56.1700 5.6 1.037 0.403 58.40 0.2792
147.506 57.22 56.1900 5.8 1.035 0.425 58.40 0.2763
147.606 57.24 56.2100 5.8 1.028 0.421 58.42 0.2759
147.706 57.26 56.2500 5.5 1.016 0.390 58.47 0.2782
147.806 57.28 56.2700 5.5 1.008 0.382 58.50 0.2783
147.906 57.30 56.3000 5.5 1.001 0.380 58.52 0.2776
148.007 57.32 56.3300 5.7 0.998 0.393 58.53 0.2756
148.107 57.34 56.3600 5.2 0.982 0.345 58.60 0.2797
148.207 57.36 56.3800 5.6 0.981 0.371 58.59 0.2762
148.306 57.38 56.4000 5.8 0.979 0.392 58.59 0.2734
148.406 57.40 56.4500 4.7 0.952 0.288 58.71 0.2831
148.506 57.42 56.4700 5.3 0.956 0.339 58.68 0.2770
148.607 57.44 56.4800 5.9 0.958 0.383 58.66 0.2720
148.707 57.46 56.5200 5.2 0.941 0.324 58.74 0.2771
148.807 57.48 56.5600 4.5 0.921 0.254 58.83 0.2834
148.906 57.50 56.5600 6.0 0.940 0.384 58.72 0.2695
149.006 57.52 56.6000 5.4 0.923 0.326 58.80 0.2746
149.107 57.54 56.6200 6.0 0.927 0.375 58.77 0.2690
149.206 57.56 56.6700 4.6 0.895 0.246 58.92 0.2812
149.308 57.58 56.6700 6.0 0.913 0.365 58.82 0.2685
149.406 57.60 56.7000 5.7 0.902 0.340 58.86 0.2703
149.507 57.62 56.7200 5.9 0.899 0.351 58.87 0.2685
149.606 57.64 56.7600 5.5 0.885 0.310 58.93 0.2719
149.706 57.66 56.7800 5.8 0.884 0.332 58.93 0.2690
149.806 57.68 56.8000 6.0 0.881 0.346 58.94 0.2668
149.906 57.70 56.8300 5.7 0.871 0.322 58.98 0.2686
150.006 57.72 56.8500 6.0 0.869 0.338 58.98 0.2663
150.107 57.74 56.8800 5.9 0.862 0.329 59.01 0.2665
150.207 57.76 56.9100 5.5 0.850 0.296 59.07 0.2692
150.307 57.78 56.9400 5.6 0.844 0.297 59.09 0.2684
150.406 57.80 56.9600 5.8 0.842 0.311 59.09 0.2663
150.507 57.82 57.0000 5.1 0.824 0.249 59.17 0.2719
150.607 57.84 57.0100 5.9 0.830 0.310 59.13 0.2650
150.706 57.86 57.0300 6.4 0.834 0.355 59.11 0.2599
150.807 57.88 57.0600 5.9 0.819 0.305 59.18 0.2643
150.905 57.90 57.0800 6.1 0.818 0.323 59.18 0.2619
151.007 57.92 57.1100 5.9 0.809 0.305 59.22 0.2631
151.106 57.94 57.1500 5.6 0.797 0.270 59.27 0.2659
151.206 57.96 57.1600 6.1 0.800 0.311 59.25 0.2611
151.307 57.98 57.1800 6.4 0.801 0.338 59.24 0.2579
151.405 58.00 57.2200 6.0 0.787 0.295 59.31 0.2616
151.507 58.02 57.2300 6.6 0.793 0.345 59.28 0.2559
151.606 58.04 57.2700 6.0 0.776 0.287 59.36 0.2612
151.706 58.06 57.2900 6.0 0.773 0.292 59.37 0.2601
151.806 58.08 57.3100 6.5 0.775 0.330 59.35 0.2556
151.906 58.10 57.3400 6.2 0.764 0.295 59.41 0.2586
152.007 58.12 57.3600 6.2 0.760 0.298 59.42 0.2577
152.107 58.14 57.3800 6.5 0.761 0.325 59.42 0.2544
152.207 58.16 57.4200 5.9 0.745 0.268 59.49 0.2596
152.306 58.18 57.4300 6.4 0.748 0.308 59.47 0.2550
152.406 58.20 57.4600 6.4 0.743 0.306 59.50 0.2546
152.506 58.22 57.4800 6.9 0.746 0.341 59.48 0.2506
152.607 58.24 57.5100 6.6 0.737 0.315 59.53 0.2527
152.707 58.26 57.5300 6.7 0.733 0.318 59.54 0.2518
152.807 58.28 57.5400 7.6 0.746 0.402 59.48 0.2430
152.906 58.30 57.5600 7.5 0.739 0.384 59.52 0.2443
153.007 58.32 57.5800 7.7 0.739 0.405 59.52 0.2418
153.107 58.34 57.6200 7.2 0.726 0.356 59.59 0.2462
153.206 58.36 57.6300 7.9 0.735 0.417 59.55 0.2397
153.307 58.38 57.6600 7.6 0.726 0.388 59.59 0.2422
153.405 58.40 57.6800 7.8 0.725 0.401 59.60 0.2405
153.507 58.42 57.6900 8.4 0.733 0.458 59.57 0.2344
153.607 58.44 57.7200 8.1 0.723 0.421 59.62 0.2377
153.706 58.46 57.7400 8.3 0.724 0.442 59.62 0.2352
153.807 58.48 57.7600 8.3 0.721 0.441 59.64 0.2350
153.907 58.50 57.7800 8.6 0.724 0.469 59.63 0.2318
154.008 58.52 57.8000 8.5 0.719 0.458 59.67 0.2327
154.107 58.54 57.8200 9.2 0.728 0.514 59.63 0.2267
154.208 58.56 57.8400 9.1 0.723 0.501 59.66 0.2277
154.307 58.58 57.8700 8.8 0.715 0.473 59.71 0.2303
154.407 58.60 57.8800 9.2 0.720 0.509 59.69 0.2264
154.508 58.62 57.9000 9.2 0.718 0.512 59.71 0.2258
154.607 58.64 57.9200 9.7 0.724 0.549 59.69 0.2218
154.708 58.66 57.9400 9.7 0.722 0.548 59.71 0.2217
154.808 58.68 57.9700 9.4 0.715 0.522 59.76 0.2240
154.907 58.70 57.9900 9.6 0.717 0.542 59.76 0.2219
155.007 58.72 58.0100 9.6 0.714 0.534 59.79 0.2224
155.107 58.74 58.0100 10.7 0.732 0.636 59.71 0.2120
155.207 58.76 58.0300 10.6 0.729 0.624 59.74 0.2131
155.308 58.78 58.0600 10.5 0.726 0.616 59.77 0.2138
155.407 58.80 58.0700 10.7 0.729 0.634 59.77 0.2118
155.507 58.82 58.0900 10.8 0.729 0.639 59.78 0.2112
155.607 58.84 58.0700 13.1 0.769 0.846 59.60 0.1904
155.707 58.86 58.1200 11.4 0.739 0.689 59.77 0.2061
155.808 58.88 58.1400 11.5 0.740 0.701 59.78 0.2050
155.906 58.90 58.1500 12.0 0.749 0.748 59.76 0.2002
156.008 58.92 58.1700 12.4 0.755 0.777 59.75 0.1972
156.107 58.94 58.2000 11.9 0.747 0.734 59.81 0.2016
156.208 58.96 58.2100 12.4 0.755 0.777 59.79 0.1973
156.308 58.98 58.2300 12.4 0.757 0.784 59.80 0.1966
156.407 59.00 58.2400 12.7 0.762 0.806 59.80 0.1944
156.508 59.02 58.2600 12.7 0.762 0.803 59.81 0.1943
156.607 59.04 58.2800 12.5 0.762 0.772 59.83 0.1944
156.708 59.06 58.2900 12.6 0.768 0.771 59.82 0.1913
156.807 59.08 58.3100 12.5 0.770 0.747 59.83 0.1905
156.907 59.10 58.3200 13.0 0.781 0.777 59.79 0.1844
157.007 59.12 58.3400 12.8 0.780 0.745 59.81 0.1847
157.107 59.13 58.3700 12.0 0.768 0.661 59.89 0.1901
157.208 59.15 58.3800 12.3 0.776 0.675 59.86 0.1857
157.308 59.17 58.3800 12.9 0.786 0.708 59.82 0.1794
157.407 59.19 58.3800 13.9 0.807 0.787 59.73 0.1687
157.508 59.20 58.4200 12.3 0.780 0.627 59.88 0.1820
157.607 59.22 58.4400 12.0 0.776 0.592 59.90 0.1826
157.708 59.23 58.4600 11.9 0.774 0.568 59.92 0.1823
157.808 59.25 58.4700 11.9 0.774 0.553 59.92 0.1810
157.906 59.26 58.4900 12.0 0.775 0.549 59.92 0.1786
158.008 59.28 58.4900 12.7 0.788 0.598 59.86 0.1710
158.107 59.29 58.5200 11.8 0.773 0.511 59.94 0.1772
158.208 59.31 58.5400 11.8 0.771 0.494 59.94 0.1760
158.307 59.32 58.5500 12.0 0.775 0.507 59.92 0.1722
158.407 59.33 58.5600 12.1 0.775 0.497 59.92 0.1707
158.507 59.35 58.5900 11.4 0.762 0.425 59.99 0.1753
158.608 59.36 58.5900 11.9 0.770 0.462 59.94 0.1689
158.708 59.37 58.6100 11.8 0.765 0.434 59.96 0.1693
158.808 59.39 58.6100 12.2 0.771 0.461 59.93 0.1641
158.907 59.40 58.6300 11.9 0.765 0.426 59.96 0.1652
159.008 59.41 58.6500 11.9 0.762 0.413 59.96 0.1641
159.107 59.42 58.6700 11.6 0.756 0.379 59.99 0.1650
159.208 59.43 58.6800 11.6 0.754 0.368 59.99 0.1638
159.307 59.44 58.7000 11.5 0.748 0.344 60.01 0.1638
159.407 59.46 58.7100 11.7 0.749 0.351 59.99 0.1609
159.507 59.47 58.7200 11.8 0.748 0.348 59.99 0.1587
159.607 59.48 58.7300 11.7 0.744 0.332 60.00 0.1581
159.708 59.49 58.7500 11.4 0.735 0.293 60.03 0.1598
159.808 59.50 58.7700 11.3 0.731 0.278 60.04 0.1591
159.908 59.51 58.7800 11.6 0.733 0.293 60.02 0.1553
160.008 59.52 58.7900 11.6 0.728 0.276 60.03 0.1548
160.108 59.53 58.8300 9.8 0.693 0.109 60.19 0.1694
160.208 59.54 58.8200 11.6 0.719 0.255 60.04 0.1525
160.309 59.55 58.8300 11.4 0.712 0.229 60.06 0.1529
160.407 59.56 58.8500 11.1 0.704 0.197 60.08 0.1541
160.509 59.56 58.8600 11.2 0.701 0.193 60.08 0.1523
160.607 59.57 58.8700 11.6 0.704 0.222 60.05 0.1474
160.709 59.58 58.8800 11.5 0.698 0.203 60.06 0.1473
160.809 59.59 58.8900 11.6 0.696 0.205 60.05 0.1450
160.908 59.60 58.9100 11.3 0.686 0.165 60.09 0.1471
161.009 59.61 58.9300 11.2 0.679 0.144 60.11 0.1472
161.108 59.61 58.9500 10.7 0.665 0.090 60.15 0.1506
161.209 59.62 58.9500 11.2 0.670 0.128 60.11 0.1448
161.308 59.63 58.9700 11.0 0.661 0.101 60.13 0.1456
161.408 59.64 58.9900 10.3 0.645 0.036 60.19 0.1502
161.508 59.64 59.0000 10.6 0.643 0.047 60.18 0.1472
161.608 59.65 59.0500 8.4 0.599 -0.157 60.38 0.1656
161.709 59.66 59.0300 10.7 0.632 0.036 60.18 0.1442
161.809 59.66 59.0300 11.1 0.633 0.062 60.15 0.1397
161.908 59.67 59.0500 10.6 0.619 0.010 60.20 0.1431
162.008 59.68 59.0600 10.7 0.616 0.016 60.19 0.1407
162.108 59.68 59.0700 10.7 0.610 0.007 60.19 0.1398
162.208 59.69 59.0800 10.9 0.609 0.018 60.18 0.1369
162.309 59.70 59.0900 10.9 0.603 0.011 60.18 0.1359
162.407 59.70 59.1100 10.8 0.595 -0.008 60.20 0.1360
162.509 59.71 59.1200 11.0 0.593 0.001 60.18 0.1333
162.608 59.71 59.1300 10.7 0.581 -0.036 60.22 0.1354
162.709 59.72 59.1500 10.2 0.567 -0.085 60.26 0.1385
162.809 59.73 59.1600 10.7 0.569 -0.055 60.23 0.1338
162.907 59.73 59.1800 10.3 0.555 -0.099 60.27 0.1365
163.009 59.74 59.1800 10.7 0.557 -0.065 60.23 0.1315
163.107 59.74 59.2000 10.5 0.546 -0.094 60.26 0.1328
163.209 59.75 59.2200 9.8 0.528 -0.163 60.32 0.1379
163.308 59.75 59.2200 10.7 0.537 -0.093 60.25 0.1292
163.408 59.76 59.2300 10.6 0.530 -0.104 60.26 0.1287
163.509 59.76 59.2400 10.4 0.520 -0.131 60.28 0.1297
163.608 59.77 59.2600 10.0 0.506 -0.172 60.32 0.1323
163.709 59.77 59.2700 10.4 0.506 -0.145 60.29 0.1280
163.809 59.78 59.2900 9.5 0.484 -0.233 60.37 0.1352
163.908 59.78 59.3000 9.8 0.481 -0.219 60.36 0.1322
164.009 59.79 59.3200 9.3 0.466 -0.266 60.40 0.1353
164.108 59.79 59.3200 9.9 0.469 -0.219 60.35 0.1289
164.208 59.79 59.3400 9.6 0.456 -0.256 60.39 0.1311
164.309 59.80 59.3400 10.1 0.458 -0.216 60.34 0.1256
164.407 59.80 59.3600 9.6 0.441 -0.273 60.40 0.1297
164.509 59.81 59.3700 9.8 0.437 -0.263 60.39 0.1272
164.607 59.81 59.3800 9.5 0.425 -0.294 60.41 0.1288
164.709 59.81 59.4000 9.3 0.416 -0.313 60.43 0.1292
164.808 59.82 59.4100 9.3 0.407 -0.328 60.44 0.1290
164.908 59.82 59.4200 9.6 0.405 -0.302 60.42 0.1250
165.009 59.82 59.4400 8.8 0.384 -0.382 60.49 0.1315
165.108 59.83 59.4500 9.2 0.382 -0.358 60.47 0.1275
165.209 59.83 59.4600 9.2 0.376 -0.358 60.46 0.1260
165.308 59.83 59.4600 9.4 0.372 -0.345 60.45 0.1234
165.408 59.84 59.4800 9.2 0.359 -0.376 60.48 0.1250
165.508 59.84 59.5000 8.8 0.344 -0.422 60.52 0.1281
165.608 59.84 59.5000 9.2 0.343 -0.392 60.49 0.1236
165.708 59.85 59.5100 9.0 0.333 -0.412 60.51 0.1242
165.809 59.85 59.5200 9.2 0.329 -0.399 60.49 0.1215
165.907 59.85 59.5500 8.4 0.306 -0.481 60.57 0.1283
166.009 59.86 59.5500 8.7 0.303 -0.460 60.55 0.1247
166.109 59.86 59.5600 8.9 0.300 -0.444 60.53 0.1217
166.209 59.86 59.6200 6.2 0.243 -0.694 60.78 0.1452
166.310 59.86 59.5900 8.5 0.274 -0.499 60.58 0.1241
166.408 59.87 59.6100 8.2 0.261 -0.529 60.61 0.1257
166.510 59.87 59.6200 8.3 0.253 -0.531 60.61 0.1245
166.608 59.87 59.6200 8.9 0.257 -0.480 60.56 0.1180
166.710 59.88 59.6300 8.5 0.241 -0.526 60.60 0.1213
166.809 59.88 59.6400 8.5 0.233 -0.529 60.61 0.1202
166.909 59.88 59.6700 7.4 0.206 -0.633 60.71 0.1292
167.010 59.88 59.6800 7.9 0.206 -0.594 60.67 0.1240
167.109 59.89 59.6900 7.7 0.194 -0.618 60.69 0.1248
167.210 59.89 59.7000 7.7 0.185 -0.624 60.70 0.1241
167.309 59.89 59.7100 8.1 0.183 -0.594 60.66 0.1198
167.409 59.89 59.7100 8.4 0.181 -0.574 60.64 0.1164
167.509 59.89 59.7400 7.2 0.150 -0.694 60.76 0.1270
167.609 59.90 59.7500 7.2 0.141 -0.696 60.76 0.1259
167.709 59.90 59.7500 7.9 0.145 -0.638 60.70 0.1187
167.810 59.90 59.7700 7.7 0.133 -0.663 60.73 0.1198
167.909 59.90 59.7800 7.3 0.118 -0.702 60.76 0.1224
168.010 59.90 59.8000 7.1 0.105 -0.730 60.79 0.1239
168.108 59.91 59.8000 7.6 0.105 -0.689 60.75 0.1184
168.210 59.91 59.8200 6.9 0.084 -0.760 60.82 0.1242
168.309 59.91 59.8000 9.1 0.113 -0.573 60.63 0.1041
168.409 59.91 59.8400 7.0 0.069 -0.761 60.82 0.1219
168.509 59.91 59.8600 6.7 0.055 -0.795 60.85 0.1239
168.609 59.92 59.8700 6.7 0.045 -0.803 60.86 0.1233
168.710 59.92 59.8900 6.4 0.031 -0.835 60.89 0.1252
168.810 59.92 59.9000 6.3 0.021 -0.844 60.89 0.1247
168.909 59.92 59.9100 6.3 0.011 -0.851 60.90 0.1241
169.009 59.92 59.9200 6.2 0.000 -0.865 60.91 0.1242
169.109 59.92 59.9300 6.3 -0.008 -0.868 60.92 0.1231
169.209 59.92 59.9500 5.8 -0.027 -0.919 60.97 0.1270
169.310 59.93 59.9300 7.4 -0.007 -0.776 60.82 0.1113
169.409 59.93 59.9800 5.6 -0.049 -0.949 61.00 0.1274
169.510 59.93 59.9900 5.5 -0.058 -0.957 61.00 0.1268
169.609 59.93 60.0100 5.2 -0.075 -0.995 61.04 0.1292
169.709 59.93 60.0100 5.3 -0.083 -0.991 61.03 0.1274
169.810 59.93 60.0400 4.5 -0.107 -1.067 61.11 0.1337
169.908 59.93 60.0600 4.2 -0.123 -1.105 61.15 0.1361
170.010 59.94 60.0700 4.0 -0.137 -1.125 61.17 0.1366
170.109 59.94 60.0800 4.5 -0.140 -1.093 61.13 0.1319
170.210 59.94 60.1000 4.0 -0.158 -1.141 61.18 0.1353
170.310 59.94 60.1100 4.0 -0.169 -1.148 61.19 0.1346
170.409 59.94 60.1200 4.3 -0.174 -1.126 61.16 0.1309
170.510 59.94 60.1400 3.5 -0.200 -1.206 61.24 0.1376
170.608 59.94 60.1600 3.2 -0.215 -1.234 61.27 0.1390
170.710 59.94 60.1700 3.3 -0.225 -1.236 61.27 0.1378
170.809 59.95 60.1800 3.5 -0.232 -1.220 61.26 0.1347
170.909 59.95 60.2000 2.8 -0.255 -1.286 61.32 0.1399
171.009 59.95 60.2100 2.8 -0.266 -1.295 61.33 0.1392
171.109 59.95 60.2300 2.8 -0.279 -1.308 61.34 0.1391
171.210 59.95 60.2500 2.0 -0.303 -1.380 61.41 0.1448
171.310 59.95 60.2600 2.2 -0.311 -1.365 61.40 0.1418
171.409 59.95 60.2700 2.8 -0.313 -1.328 61.36 0.1366
171.510 59.95 60.2800 2.5 -0.328 -1.354 61.38 0.1378
171.609 59.95 60.3000 2.3 -0.344 -1.383 61.41 0.1392
171.709 59.95 60.3100 2.5 -0.351 -1.367 61.40 0.1362
171.810 59.96 60.3300 1.7 -0.376 -1.445 61.47 0.1426
171.908 59.96 60.3400 1.9 -0.385 -1.434 61.46 0.1401
172.010 59.96 60.3600 1.4 -0.406 -1.490 61.52 0.1442
172.108 59.96 60.3700 1.6 -0.414 -1.478 61.50 0.1415
172.211 59.96 60.3900 1.4 -0.429 -1.498 61.52 0.1420
172.311 59.96 60.4000 1.5 -0.439 -1.497 61.52 0.1404
172.410 59.96 60.4200 1.1 -0.457 -1.534 61.56 0.1427
172.511 59.96 60.4400 0.8 -0.475 -1.572 61.60 0.1450
172.609 59.96 60.4500 0.6 -0.491 -1.599 61.62 0.1463
172.711 59.96 60.4700 0.5 -0.504 -1.609 61.63 0.1457
172.810 59.96 60.4800 0.3 -0.519 -1.632 61.65 0.1465
172.910 59.96 60.5000 0.3 -0.532 -1.643 61.67 0.1461
173.010 59.97 60.5000 0.8 -0.535 -1.600 61.62 0.1403
173.110 59.97 60.5000 1.4 -0.537 -1.559 61.58 0.1347
173.211 59.97 60.5300 0.8 -0.559 -1.621 61.64 0.1394
173.311 59.97 60.5400 0.8 -0.569 -1.620 61.64 0.1380
173.410 59.97 60.5600 0.0 -0.597 -1.706 61.73 0.1452
173.510 59.97 60.5600 0.7 -0.596 -1.648 61.67 0.1380
173.610 59.97 60.5400 2.6 -0.573 -1.479 61.50 0.1196
173.710 59.97 60.6100 0.0 -0.637 -1.758 61.78 0.1462
173.811 59.97 60.6100 0.0 -0.643 -1.729 61.75 0.1418
173.909 59.97 60.6300 0.0 -0.658 -1.754 61.77 0.1428
174.011 59.97 60.6400 0.1 -0.665 -1.733 61.75 0.1392
174.110 59.97 60.6900 0.0 -0.723 -1.969 61.99 0.1615
174.210 59.97 60.6600 0.2 -0.687 -1.731 61.75 0.1360
174.311 59.97 60.6700 0.3 -0.697 -1.728 61.75 0.1344
174.409 59.97 60.6800 0.5 -0.705 -1.717 61.73 0.1318
174.511 59.97 60.6600 2.2 -0.686 -1.575 61.59 0.1163
174.609 59.97 60.7000 0.3 -0.729 -1.746 61.76 0.1322
174.711 59.98 60.7100 0.4 -0.738 -1.741 61.76 0.1304
174.810 59.98 60.7300 0.0 -0.757 -1.787 61.80 0.1335
174.910 59.98 60.7300 0.6 -0.757 -1.733 61.75 0.1269
175.010 59.98 60.7500 0.1 -0.777 -1.786 61.80 0.1308
175.110 59.98 60.7500 1.0 -0.773 -1.714 61.73 0.1224
175.211 59.98 60.7700 0.3 -0.796 -1.784 61.80 0.1280
175.311 59.98 60.7800 0.5 -0.803 -1.769 61.78 0.1252
175.410 59.98 60.7900 0.7 -0.809 -1.752 61.77 0.1224
175.511 59.98 60.7900 0.9 -0.816 -1.739 61.75 0.1198
175.610 59.98 60.8100 0.5 -0.833 -1.782 61.80 0.1229
175.710 59.98 60.8100 1.4 -0.827 -1.706 61.72 0.1139
175.811 59.98 60.8300 1.0 -0.845 -1.751 61.76 0.1173
175.909 59.98 60.8400 0.7 -0.860 -1.781 61.79 0.1190
176.011 59.98 60.8500 1.0 -0.865 -1.759 61.77 0.1157
176.109 59.98 60.8500 1.6 -0.864 -1.711 61.72 0.1097
176.211 59.98 60.8300 2.9 -0.850 -1.601 61.61 0.0976
176.311 59.98 60.8700 1.2 -0.888 -1.752 61.76 0.1117
176.410 59.98 60.8800 1.0 -0.902 -1.780 61.79 0.1134
176.511 59.98 60.9000 0.9 -0.913 -1.790 61.80 0.1132
176.610 59.98 60.9000 1.2 -0.916 -1.764 61.77 0.1095
176.711 59.98 60.9000 1.6 -0.918 -1.733 61.74 0.1053
176.810 59.98 60.9200 1.2 -0.934 -1.773 61.78 0.1082
176.910 59.98 60.9300 1.0 -0.949 -1.803 61.81 0.1101
177.010 59.98 60.9300 1.5 -0.948 -1.757 61.77 0.1044
177.110 59.98 60.9400 1.4 -0.958 -1.769 61.78 0.1045
177.211 59.99 60.9600 1.3 -0.970 -1.789 61.80 0.1054
177.311 59.99 60.9700 1.1 -0.982 -1.808 61.82 0.1063
177.409 59.99 60.9700 1.5 -0.985 -1.778 61.79 0.1023
177.511 59.99 60.9900 1.1 -1.000 -1.818 61.83 0.1051
177.609 59.99 60.9900 1.5 -1.002 -1.785 61.79 0.1008
177.711 59.99 61.0000 1.2 -1.015 -1.812 61.82 0.1025
177.810 59.99 61.0100 1.3 -1.022 -1.810 61.82 0.1011
177.910 59.99 61.0300 0.9 -1.039 -1.852 61.86 0.1044
178.011 59.99 61.0400 0.5 -1.054 -1.890 61.90 0.1071
178.110 59.99 61.0500 0.8 -1.059 -1.872 61.88 0.1041
178.211 59.99 61.0600 0.3 -1.076 -1.920 61.93 0.1079
178.311 59.99 61.0700 0.5 -1.082 -1.904 61.91 0.1052
178.411 59.99 61.0600 1.8 -1.067 -1.791 61.80 0.0929
178.511 59.99 61.0700 1.2 -1.085 -1.845 61.85 0.0974
178.611 59.99 61.0900 1.1 -1.097 -1.866 61.87 0.0984
178.712 59.99 61.1000 0.9 -1.107 -1.880 61.89 0.0988
178.812 59.99 61.1100 0.7 -1.121 -1.908 61.92 0.1007
178.911 59.99 61.1200 0.7 -1.130 -1.913 61.92 0.1002
179.011 59.99 61.1200 0.9 -1.134 -1.898 61.90 0.0976
179.111 59.99 61.1400 0.5 -1.149 -1.933 61.94 0.1001
179.211 59.99 61.1400 0.7 -1.154 -1.922 61.93 0.0979
179.312 59.99 61.1500 0.9 -1.160 -1.911 61.92 0.0959
179.411 59.99 61.1700 0.4 -1.176 -1.957 61.96 0.0995
179.512 59.99 61.1800 0.2 -1.188 -1.978 61.98 0.1005
179.611 59.99 61.1700 1.2 -1.180 -1.896 61.90 0.0914
179.711 59.99 61.1800 0.9 -1.192 -1.923 61.93 0.0931
179.812 59.99 61.2000 0.6 -1.205 -1.952 61.96 0.0952
179.910 59.99 61.2000 0.8 -1.210 -1.936 61.94 0.0927
180.012 59.99 61.2100 1.0 -1.215 -1.925 61.93 0.0906
180.110 59.99 61.2100 1.0 -1.223 -1.929 61.94 0.0902
180.212 59.99 61.2300 0.7 -1.235 -1.958 61.96 0.0920
180.312 59.99 61.2300 1.0 -1.238 -1.938 61.94 0.0891
180.411 59.99 61.2400 0.9 -1.247 -1.946 61.95 0.0890
180.512 59.99 61.2500 0.9 -1.256 -1.955 61.96 0.0890
180.611 59.99 61.2600 0.7 -1.266 -1.972 61.98 0.0897
180.712 59.99 61.2500 1.4 -1.261 -1.914 61.92 0.0830
180.811 59.99 61.2700 1.0 -1.276 -1.955 61.96 0.0864
180.911 59.99 61.2700 1.5 -1.274 -1.910 61.91 0.0810
181.011 59.99 61.2800 1.2 -1.287 -1.944 61.95 0.0835
181.111 59.99 61.2900 1.2 -1.294 -1.947 61.95 0.0831
181.212 59.99 61.2900 1.6 -1.292 -1.907 61.91 0.0781
181.311 59.99 61.3000 1.2 -1.306 -1.947 61.95 0.0813
181.411 59.99 61.3000 1.4 -1.310 -1.932 61.94 0.0790
181.511 59.99 61.3100 1.4 -1.317 -1.935 61.94 0.0785
181.611 59.99 61.3100 1.6 -1.320 -1.922 61.93 0.0764
181.711 59.99 61.3200 1.6 -1.327 -1.927 61.93 0.0762
181.812 59.99 61.3300 1.3 -1.339 -1.955 61.96 0.0782
181.911 59.99 61.3400 1.4 -1.343 -1.946 61.95 0.0765
182.012 59.99 61.3400 1.7 -1.345 -1.926 61.93 0.0738
182.111 59.99 61.3600 0.8 -1.367 -2.006 62.01 0.0811
182.211 59.99 61.3500 1.7 -1.359 -1.932 61.94 0.0729
182.312 59.99 61.3600 1.5 -1.368 -1.948 61.95 0.0737
182.410 59.99 61.3700 1.7 -1.371 -1.939 61.94 0.0720
182.512 59.99 61.3600 2.1 -1.370 -1.903 61.91 0.0677
182.611 59.99 61.3700 1.9 -1.378 -1.919 61.92 0.0686
182.712 60.00 61.3800 1.8 -1.387 -1.933 61.94 0.0693
182.812 60.00 61.3700 2.6 -1.378 -1.864 61.87 0.0617
182.911 60.00 61.3800 2.7 -1.383 -1.862 61.87 0.0609
183.012 60.00 61.4000 1.9 -1.401 -1.932 61.94 0.0673
183.110 60.00 61.3900 2.5 -1.397 -1.885 61.89 0.0618
183.212 60.00 61.4000 2.4 -1.404 -1.892 61.90 0.0621
183.311 60.00 61.4100 2.4 -1.409 -1.898 61.90 0.0619
183.411 60.00 61.4000 2.8 -1.407 -1.863 61.86 0.0577
183.512 60.00 61.4000 3.0 -1.408 -1.846 61.85 0.0555
183.611 60.00 61.4100 2.8 -1.417 -1.865 61.87 0.0569
183.712 60.00 61.3900 4.4 -1.393 -1.723 61.73 0.0421
183.811 60.00 61.4100 3.6 -1.410 -1.793 61.80 0.0487
183.911 60.00 61.4100 3.4 -1.418 -1.816 61.82 0.0505
184.011 60.00 61.4100 3.9 -1.414 -1.775 61.78 0.0458
184.111 60.00 61.4300 3.2 -1.430 -1.838 61.84 0.0518
184.212 60.00 61.4300 3.5 -1.430 -1.814 61.82 0.0488
184.312 60.00 61.4200 3.9 -1.426 -1.774 61.78 0.0444
184.411 60.00 61.4400 3.0 -1.446 -1.861 61.86 0.0525
184.513 60.00 61.4300 3.8 -1.437 -1.792 61.79 0.0451
184.612 60.00 61.4300 4.3 -1.431 -1.747 61.75 0.0401
184.712 60.00 61.4300 4.2 -1.436 -1.756 61.76 0.0406
184.813 60.00 61.4400 4.2 -1.439 -1.756 61.76 0.0402
184.911 60.00 61.4300 4.8 -1.432 -1.704 61.71 0.0346
185.013 60.00 61.4300 4.6 -1.438 -1.719 61.72 0.0358
185.111 60.00 61.4400 4.6 -1.441 -1.722 61.72 0.0357
185.213 60.00 61.4300 5.4 -1.430 -1.653 61.65 0.0284
185.313 60.00 61.4400 4.7 -1.445 -1.718 61.72 0.0347
185.411 60.00 61.4400 4.7 -1.447 -1.713 61.71 0.0338
185.513 60.00 61.4500 4.6 -1.452 -1.726 61.73 0.0348
185.611 60.00 61.4400 5.2 -1.444 -1.669 61.67 0.0288
185.713 60.00 61.4400 5.5 -1.442 -1.650 61.65 0.0266
185.812 60.00 61.4300 6.0 -1.434 -1.599 61.60 0.0213
185.912 60.00 61.4400 5.7 -1.442 -1.632 61.63 0.0243
186.013 60.00 61.4400 5.7 -1.444 -1.629 61.63 0.0238
186.112 60.00 61.4400 5.9 -1.442 -1.614 61.62 0.0221
186.213 60.00 61.4400 6.0 -1.443 -1.608 61.61 0.0212
186.312 60.00 61.4300 6.6 -1.433 -1.551 61.55 0.0153
186.412 60.00 61.4400 6.3 -1.439 -1.577 61.58 0.0177
186.513 60.00 61.4300 6.8 -1.432 -1.535 61.54 0.0133
186.612 60.00 61.4400 6.5 -1.438 -1.559 61.56 0.0155
186.712 60.00 61.4400 6.6 -1.437 -1.547 61.55 0.0144
186.813 60.00 61.4300 6.8 -1.436 -1.538 61.54 0.0132
186.911 60.00 61.4300 6.9 -1.434 -1.523 61.52 0.0115
187.013 60.00 61.4300 6.9 -1.435 -1.522 61.52 0.0113
187.111 60.00 61.4400 6.8 -1.437 -1.529 61.53 0.0118
187.213 60.00 61.4400 6.9 -1.437 -1.526 61.53 0.0115
187.313 60.00 61.4300 7.4 -1.428 -1.477 61.48 0.0064
187.412 60.00 61.4300 7.5 -1.427 -1.467 61.47 0.0054
187.513 60.00 61.4200 7.9 -1.421 -1.433 61.43 0.0019
187.612 60.00 61.4300 7.1 -1.435 -1.505 61.51 0.0091
187.713 60.00 61.3700 10.9 -1.368 -1.165 61.17 -0.0249
187.812 60.00 61.4200 7.5 -1.426 -1.465 61.47 0.0052
187.912 60.00 61.4200 7.6 -1.424 -1.453 61.45 0.0040
188.012 60.00 61.4300 7.4 -1.428 -1.476 61.48 0.0062
188.112 60.00 61.4300 7.3 -1.430 -1.483 61.48 0.0069
188.213 60.00 61.4200 7.8 -1.422 -1.436 61.44 0.0021
188.313 60.00 61.4300 7.3 -1.431 -1.484 61.49 0.0070
188.412 60.00 61.4300 7.5 -1.429 -1.468 61.47 0.0052
188.512 60.00 61.4200 7.8 -1.423 -1.438 61.44 0.0023
188.612 60.00 61.4200 7.8 -1.424 -1.440 61.44 0.0023
188.712 60.00 61.4100 8.5 -1.411 -1.375 61.38 -0.0041
188.813 60.00 61.4200 7.9 -1.421 -1.429 61.43 0.0012
188.911 60.00 61.4300 7.3 -1.430 -1.474 61.47 0.0057
189.013 60.00 61.4200 7.8 -1.422 -1.430 61.43 0.0013
189.111 60.00 61.4200 7.9 -1.421 -1.425 61.43 0.0008
189.213 60.00 61.4200 7.9 -1.420 -1.421 61.42 0.0004
189.313 60.00 61.4200 8.1 -1.417 -1.404 61.40 -0.0013
189.412 60.00 61.4100 8.3 -1.412 -1.380 61.38 -0.0036
189.513 60.00 61.4300 7.1 -1.434 -1.493 61.49 0.0076
189.612 60.00 61.4200 7.9 -1.421 -1.423 61.42 0.0005
189.713 60.00 61.4200 8.1 -1.417 -1.404 61.40 -0.0014
189.812 60.00 61.4000 8.8 -1.403 -1.336 61.34 -0.0082
189.912 60.00 61.4200 7.8 -1.421 -1.431 61.43 0.0014
190.012 60.00 61.4000 8.6 -1.406 -1.352 61.35 -0.0065
190.112 60.00 61.4100 8.1 -1.415 -1.402 61.40 -0.0015
190.213 60.00 61.4100 8.1 -1.414 -1.399 61.40 -0.0017
190.313 60.00 61.4100 8.4 -1.409 -1.372 61.37 -0.0044
190.412 60.00 61.4100 8.3 -1.410 -1.380 61.38 -0.0035
190.513 60.00 61.4100 8.1 -1.412 -1.393 61.39 -0.0022
190.613 60.00 61.4100 8.2 -1.410 -1.382 61.38 -0.0033
190.713 60.00 61.4200 7.9 -1.416 -1.413 61.41 -0.0002
190.814 60.00 61.4200 7.7 -1.418 -1.426 61.43 0.0011
190.912 60.00 61.4100 8.1 -1.412 -1.393 61.39 -0.0022
191.014 60.00 61.4200 7.4 -1.424 -1.455 61.46 0.0041
191.112 60.00 61.4400 6.4 -1.442 -1.542 61.54 0.0127
191.214 60.00 61.4500 6.1 -1.449 -1.573 61.57 0.0157
191.314 60.00 61.4200 7.7 -1.422 -1.430 61.43 0.0012
191.412 60.00 61.4200 7.7 -1.421 -1.427 61.43 0.0009
191.514 60.00 61.4300 7.0 -1.434 -1.492 61.49 0.0074
191.613 60.00 61.4200 7.6 -1.423 -1.436 61.44 0.0016
191.714 60.00 61.4300 7.0 -1.434 -1.486 61.49 0.0067
191.813 60.00 61.4300 7.0 -1.434 -1.485 61.49 0.0066
191.913 60.00 61.4300 7.3 -1.430 -1.460 61.46 0.0040
192.013 60.00 61.4200 7.7 -1.423 -1.426 61.43 0.0004
192.113 60.00 61.4300 7.4 -1.427 -1.445 61.45 0.0025
192.213 60.00 61.4300 7.2 -1.430 -1.461 61.46 0.0040
192.314 60.00 61.4400 7.0 -1.436 -1.487 61.49 0.0065
192.412 60.00 61.4300 7.2 -1.431 -1.462 61.46 0.0039
192.514 60.00 61.4400 6.9 -1.437 -1.488 61.49 0.0066
192.613 60.00 61.4400 6.9 -1.438 -1.492 61.49 0.0069
192.714 60.00 61.4300 7.3 -1.432 -1.458 61.46 0.0035
192.814 60.00 61.4500 6.3 -1.449 -1.544 61.54 0.0119
192.912 60.00 61.4500 6.2 -1.452 -1.555 61.55 0.0129
193.014 60.00 61.4400 6.7 -1.444 -1.511 61.51 0.0083
193.112 60.00 61.4400 6.7 -1.444 -1.505 61.50 0.0077
193.214 60.00 61.4500 6.5 -1.449 -1.526 61.53 0.0096
193.313 60.00 61.4500 6.2 -1.455 -1.552 61.55 0.0122
193.413 60.00 61.4600 6.0 -1.459 -1.568 61.57 0.0136
193.514 60.00 61.4700 5.6 -1.468 -1.607 61.61 0.0174
193.613 60.00 61.4600 5.9 -1.463 -1.575 61.57 0.0140
193.714 60.00 61.4700 5.6 -1.469 -1.602 61.60 0.0165
193.813 60.00 61.4700 5.9 -1.466 -1.577 61.58 0.0139
193.913 60.00 61.4700 5.9 -1.467 -1.576 61.58 0.0137
194.013 60.00 61.5100 3.4 -1.512 -1.799 61.80 0.0359
194.113 60.00 61.4800 5.6 -1.476 -1.604 61.60 0.0160
194.213 60.00 61.4800 5.2 -1.485 -1.644 61.64 0.0198
194.314 60.00 61.4900 5.2 -1.486 -1.637 61.64 0.0190
194.412 60.00 61.4800 5.7 -1.479 -1.599 61.60 0.0149
194.514 60.00 61.4800 5.6 -1.483 -1.610 61.61 0.0159
194.613 60.00 61.4900 5.0 -1.495 -1.665 61.66 0.0212
194.714 60.00 61.4900 5.4 -1.489 -1.627 61.63 0.0172
194.814 60.00 61.5000 4.8 -1.501 -1.679 61.68 0.0223
194.912 60.00 61.4600 7.1 -1.461 -1.469 61.47 0.0010
195.014 60.00 61.5000 5.0 -1.499 -1.661 61.66 0.0202
195.112 60.00 61.5000 4.8 -1.504 -1.674 61.67 0.0213
195.214 60.00 61.5100 4.5 -1.512 -1.710 61.71 0.0247
195.313 60.00 61.5200 4.2 -1.518 -1.731 61.73 0.0265
195.413 60.00 61.5100 4.7 -1.512 -1.686 61.69 0.0218
195.514 60.00 61.5200 4.2 -1.524 -1.737 61.74 0.0266
195.613 60.00 61.5300 3.8 -1.531 -1.765 61.76 0.0292
195.714 60.00 61.5300 3.8 -1.535 -1.772 61.77 0.0296
195.814 60.00 61.5300 4.0 -1.534 -1.754 61.75 0.0275
195.912 60.00 61.5300 4.1 -1.535 -1.748 61.75 0.0266
196.014 60.00 61.5500 3.3 -1.551 -1.819 61.82 0.0335
196.113 60.00 61.5500 3.3 -1.553 -1.814 61.81 0.0326
196.214 60.00 61.5500 3.5 -1.552 -1.797 61.80 0.0306
196.314 60.00 61.5600 3.4 -1.556 -1.806 61.81 0.0312
196.412 60.00 61.5600 3.1 -1.564 -1.832 61.83 0.0335
196.514 60.00 61.5600 3.5 -1.560 -1.797 61.80 0.0296
196.613 60.00 61.5600 3.7 -1.560 -1.785 61.78 0.0282
196.714 60.00 61.5700 3.1 -1.572 -1.836 61.84 0.0330
196.814 60.00 61.5700 3.2 -1.574 -1.833 61.83 0.0323
196.914 60.00 61.5800 2.9 -1.581 -1.853 61.85 0.0341
197.014 60.00 61.5800 3.1 -1.580 -1.837 61.84 0.0321
197.114 60.00 61.5800 3.5 -1.577 -1.810 61.81 0.0291
197.215 60.00 61.5800 3.1 -1.585 -1.838 61.84 0.0316
197.314 60.00 61.6000 2.3 -1.603 -1.912 61.91 0.0386
197.414 60.00 61.6000 2.8 -1.598 -1.871 61.87 0.0342
197.514 60.00 61.6100 2.1 -1.613 -1.935 61.93 0.0402
197.614 60.00 61.6100 2.6 -1.607 -1.888 61.89 0.0351
197.714 60.00 61.6000 2.9 -1.605 -1.865 61.86 0.0325
197.815 60.00 61.6200 2.1 -1.622 -1.934 61.93 0.0390
197.915 60.00 61.6100 2.7 -1.615 -1.886 61.89 0.0338
198.015 60.00 61.6300 1.7 -1.635 -1.974 61.97 0.0423
198.114 60.00 61.6300 2.1 -1.631 -1.937 61.94 0.0382
198.214 60.00 61.6300 2.1 -1.636 -1.943 61.94 0.0384
198.315 60.00 61.6100 3.5 -1.614 -1.818 61.82 0.0255
198.414 60.00 61.6400 2.0 -1.641 -1.946 61.95 0.0381
198.515 60.00 61.6100 3.8 -1.614 -1.793 61.79 0.0224
198.613 60.00 61.6700 0.9 -1.666 -2.047 62.05 0.0476
198.715 60.00 61.6500 1.8 -1.655 -1.972 61.97 0.0396
198.815 60.00 61.6800 0.8 -1.677 -2.065 62.06 0.0485
198.914 60.00 61.6500 2.3 -1.654 -1.931 61.93 0.0346
199.015 60.00 61.6700 1.7 -1.667 -1.983 61.98 0.0394
199.114 60.00 61.6700 1.6 -1.671 -1.989 61.99 0.0397
199.215 60.00 61.6800 1.1 -1.684 -2.033 62.03 0.0437
199.314 60.00 61.6800 1.4 -1.683 -2.011 62.01 0.0410
199.414 60.00 61.6800 1.6 -1.683 -1.996 62.00 0.0391
199.514 60.00 61.6800 1.8 -1.682 -1.977 61.98 0.0368
199.614 60.00 61.6900 1.7 -1.687 -1.988 61.99 0.0375
199.714 60.00 61.7000 1.1 -1.701 -2.041 62.04 0.0425
199.815 60.00 61.7100 0.9 -1.708 -2.057 62.06 0.0437
199.915 60.00 61.7000 1.6 -1.699 -1.998 62.00 0.0374
200.014 60.00 61.7000 1.6 -1.703 -2.002 62.00 0.0374
200.114 60.00 61.7000 1.8 -1.702 -1.983 61.98 0.0351
200.214 60.00 61.7100 1.6 -1.709 -2.002 62.00 0.0367
200.315 60.00 61.7200 1.4 -1.716 -2.023 62.02 0.0383
200.415 60.00 61.7100 1.7 -1.713 -1.994 61.99 0.0350
200.515 60.00 61.7200 1.6 -1.719 -2.008 62.01 0.0361
200.615 60.00 61.7200 1.4 -1.724 -2.021 62.02 0.0371
200.715 60.00 61.7300 1.3 -1.729 -2.031 62.03 0.0377
200.815 60.00 61.7200 2.2 -1.717 -1.956 61.96 0.0299
200.915 60.00 61.7300 1.6 -1.731 -2.011 62.01 0.0350
201.016 60.00 61.7300 1.5 -1.734 -2.013 62.01 0.0349
201.114 60.00 61.7300 1.9 -1.731 -1.982 61.98 0.0315
201.216 60.00 61.7200 2.4 -1.724 -1.936 61.93 0.0265
201.315 60.00 61.7200 2.8 -1.720 -1.905 61.90 0.0232
201.415 60.00 61.7700 0.0 -1.771 -2.154 62.15 0.0478
201.516 60.00 61.7300 2.3 -1.734 -1.946 61.95 0.0266
201.615 60.00 61.7300 2.5 -1.733 -1.930 61.93 0.0247
201.717 60.00 61.7200 3.1 -1.724 -1.878 61.88 0.0193
201.815 60.00 61.7300 2.8 -1.732 -1.910 61.91 0.0222
201.917 60.00 61.7200 3.4 -1.723 -1.855 61.85 0.0166
202.016 60.00 61.7300 2.8 -1.734 -1.906 61.91 0.0215
202.116 60.00 61.7400 2.6 -1.740 -1.926 61.93 0.0233
202.217 60.00 61.7300 3.0 -1.733 -1.883 61.88 0.0187
202.315 60.00 61.7400 2.9 -1.738 -1.897 61.90 0.0199
202.417 60.00 61.7300 3.5 -1.728 -1.839 61.84 0.0139
202.516 60.00 61.7400 2.8 -1.742 -1.904 61.90 0.0203
202.616 60.00 61.7300 3.5 -1.731 -1.842 61.84 0.0139
202.716 60.00 61.7200 3.9 -1.725 -1.808 61.81 0.0103
202.817 60.00 61.7300 3.4 -1.735 -1.852 61.85 0.0147
202.918 60.00 61.7300 4.0 -1.726 -1.800 61.80 0.0093
203.018 60.00 61.7300 4.0 -1.727 -1.801 61.80 0.0093
203.117 60.00 61.7300 3.6 -1.734 -1.835 61.83 0.0126
203.217 60.00 61.7200 4.2 -1.724 -1.780 61.78 0.0070
203.317 60.00 61.7300 4.1 -1.726 -1.785 61.78 0.0074
203.417 60.00 61.7300 3.8 -1.733 -1.816 61.82 0.0104
203.518 60.00 61.7300 4.2 -1.726 -1.779 61.78 0.0066
203.616 60.00 61.7200 4.3 -1.724 -1.767 61.77 0.0053
203.718 60.00 61.7200 4.4 -1.723 -1.761 61.76 0.0047
203.818 60.00 61.7300 4.1 -1.728 -1.785 61.78 0.0070
203.919 60.00 61.7300 4.0 -1.731 -1.797 61.80 0.0081
204.019 60.00 61.7200 4.3 -1.725 -1.760 61.76 0.0044
204.117 60.00 61.7300 4.2 -1.728 -1.775 61.77 0.0059
204.219 60.00 61.7200 4.6 -1.721 -1.736 61.74 0.0019
204.317 60.00 61.7300 4.3 -1.726 -1.762 61.76 0.0045
204.419 60.00 61.7300 4.0 -1.731 -1.785 61.78 0.0067
204.518 60.00 61.7200 4.5 -1.724 -1.747 61.75 0.0028
204.618 60.00 61.7600 2.6 -1.758 -1.916 61.91 0.0197
204.719 60.00 61.7200 4.9 -1.718 -1.709 61.71 -0.0012
204.819 60.00 61.7400 3.6 -1.741 -1.826 61.83 0.0105
204.920 60.00 61.7200 4.9 -1.719 -1.708 61.71 -0.0013
205.019 60.00 61.7200 4.5 -1.725 -1.738 61.74 0.0017
205.120 60.00 61.6900 6.2 -1.694 -1.583 61.58 -0.0139
205.220 60.00 61.7100 5.1 -1.713 -1.682 61.68 -0.0038
205.319 60.00 61.7200 4.8 -1.719 -1.715 61.71 -0.0005
205.419 60.00 61.7200 4.4 -1.724 -1.743 61.74 0.0024
205.520 60.00 61.7100 5.5 -1.706 -1.651 61.65 -0.0069
205.618 60.00 61.7100 5.3 -1.707 -1.659 61.66 -0.0060
205.720 60.00 61.7000 5.6 -1.702 -1.638 61.64 -0.0081
205.820 60.00 61.7000 5.7 -1.700 -1.628 61.63 -0.0090
205.921 60.00 61.7000 5.6 -1.700 -1.634 61.63 -0.0083
206.021 60.00 61.6900 6.2 -1.688 -1.576 61.58 -0.0140
206.120 60.00 61.7000 5.7 -1.696 -1.623 61.62 -0.0091
206.221 60.00 61.7000 5.5 -1.699 -1.640 61.64 -0.0074
206.319 60.00 61.7000 5.6 -1.697 -1.631 61.63 -0.0082
206.421 60.00 61.6800 6.5 -1.679 -1.544 61.54 -0.0169
206.520 60.00 61.6900 5.8 -1.689 -1.603 61.60 -0.0107
206.620 60.00 61.6900 5.7 -1.690 -1.613 61.61 -0.0096
206.721 60.00 61.6800 6.2 -1.681 -1.573 61.57 -0.0135
206.820 60.00 61.6700 6.6 -1.672 -1.534 61.53 -0.0173
206.922 60.00 61.6700 6.5 -1.672 -1.537 61.54 -0.0168
207.021 60.00 61.6700 6.6 -1.668 -1.525 61.52 -0.0179
207.121 60.00 61.6700 6.6 -1.666 -1.523 61.52 -0.0179
207.221 60.00 61.6600 7.0 -1.657 -1.485 61.48 -0.0216
207.321 60.00 61.6500 7.2 -1.652 -1.466 61.47 -0.0232
207.422 60.00 61.6500 7.1 -1.651 -1.473 61.47 -0.0223
207.522 60.00 61.6500 7.2 -1.648 -1.466 61.47 -0.0227
207.621 60.00 61.6600 6.6 -1.656 -1.514 61.51 -0.0177
207.721 60.00 61.6500 7.1 -1.646 -1.472 61.47 -0.0217
207.821 60.00 61.6400 7.3 -1.641 -1.454 61.45 -0.0233
207.922 60.00 61.6400 6.9 -1.645 -1.484 61.48 -0.0201
208.023 60.00 61.6400 7.2 -1.638 -1.460 61.46 -0.0223
208.122 60.00 61.6300 7.4 -1.632 -1.440 61.44 -0.0241
208.223 60.00 61.6300 7.1 -1.635 -1.461 61.46 -0.0217
208.322 60.00 61.6300 7.2 -1.632 -1.456 61.46 -0.0220
208.422 60.00 61.6200 7.4 -1.625 -1.430 61.43 -0.0244
208.523 60.00 61.6300 6.8 -1.633 -1.479 61.48 -0.0193
208.622 60.00 61.6200 7.6 -1.617 -1.407 61.41 -0.0263
208.723 60.00 61.6100 7.8 -1.611 -1.387 61.39 -0.0280
208.822 60.00 61.6200 7.3 -1.618 -1.432 61.43 -0.0232
208.924 60.00 61.6200 7.1 -1.619 -1.447 61.45 -0.0215
209.023 60.00 61.6100 7.7 -1.607 -1.394 61.39 -0.0265
209.124 60.00 61.6100 7.6 -1.606 -1.404 61.40 -0.0253
209.224 60.00 61.6000 7.6 -1.603 -1.395 61.39 -0.0259
209.322 60.00 61.6000 7.6 -1.602 -1.400 61.40 -0.0252
209.424 60.00 61.6000 7.7 -1.596 -1.383 61.38 -0.0266
209.523 60.00 61.5900 7.9 -1.591 -1.370 61.37 -0.0276
209.624 60.00 61.6000 7.3 -1.598 -1.415 61.41 -0.0229
209.723 60.00 61.5800 8.1 -1.582 -1.342 61.34 -0.0300
209.823 60.00 61.5800 8.0 -1.581 -1.352 61.35 -0.0286
209.924 60.00 61.5900 7.4 -1.590 -1.407 61.41 -0.0229
210.024 60.00 61.5800 8.0 -1.577 -1.351 61.35 -0.0283
210.125 60.00 61.5800 7.7 -1.579 -1.374 61.37 -0.0257
210.225 60.00 61.5700 7.9 -1.573 -1.354 61.35 -0.0274
210.324 60.00 61.5800 7.4 -1.579 -1.392 61.39 -0.0233
210.424 60.00 61.5600 8.1 -1.565 -1.331 61.33 -0.0292
210.524 60.00 61.5700 7.7 -1.569 -1.367 61.37 -0.0253
210.624 60.00 61.5600 7.9 -1.564 -1.348 61.35 -0.0270
210.725 60.00 61.5700 7.5 -1.568 -1.382 61.38 -0.0233
210.825 60.00 61.5600 8.0 -1.556 -1.330 61.33 -0.0283
210.926 60.00 61.5500 8.0 -1.555 -1.334 61.33 -0.0275
211.025 60.00 61.5500 8.2 -1.548 -1.314 61.31 -0.0293
211.126 60.00 61.5500 7.7 -1.554 -1.354 61.35 -0.0250
211.226 60.00 61.5500 7.5 -1.554 -1.365 61.36 -0.0236
211.324 60.00 61.5600 7.3 -1.556 -1.385 61.38 -0.0215
211.426 60.00 61.5400 8.0 -1.542 -1.324 61.32 -0.0273
211.524 60.00 61.5400 7.9 -1.540 -1.324 61.32 -0.0270
211.626 60.00 61.5400 7.7 -1.543 -1.347 61.35 -0.0245
211.725 60.00 61.5300 8.0 -1.535 -1.317 61.32 -0.0272
211.825 60.00 61.5400 7.8 -1.536 -1.336 61.33 -0.0251
211.926 60.00 61.5300 7.9 -1.531 -1.321 61.32 -0.0263
212.026 60.00 61.5500 6.6 -1.552 -1.433 61.43 -0.0148
212.127 60.00 61.5300 7.5 -1.534 -1.351 61.35 -0.0228
212.226 60.00 61.5300 7.4 -1.533 -1.357 61.36 -0.0221
212.326 60.00 61.5800 4.8 -1.578 -1.590 61.59 0.0015
212.426 60.00 61.5300 7.7 -1.526 -1.331 61.33 -0.0245
212.526 60.00 61.5300 7.3 -1.532 -1.366 61.37 -0.0207
212.626 60.00 61.5300 7.2 -1.531 -1.371 61.37 -0.0200
212.727 60.00 61.5200 7.6 -1.521 -1.330 61.33 -0.0239
212.825 60.00 61.5200 7.3 -1.525 -1.356 61.36 -0.0210
212.927 60.00 61.5300 6.9 -1.531 -1.397 61.40 -0.0168
213.027 60.00 61.5200 7.3 -1.521 -1.352 61.35 -0.0211
213.128 60.00 61.5200 7.5 -1.517 -1.341 61.34 -0.0220
213.228 60.00 61.5100 7.4 -1.515 -1.343 61.34 -0.0215
213.327 60.00 61.5200 6.8 -1.524 -1.395 61.39 -0.0161
213.428 60.00 61.5200 7.1 -1.517 -1.368 61.37 -0.0187
213.526 60.00 61.5300 6.2 -1.531 -1.445 61.44 -0.0108
213.628 60.00 61.5200 6.8 -1.519 -1.389 61.39 -0.0163
213.727 60.00 61.4700 9.2 -1.476 -1.177 61.18 -0.0373
213.827 60.00 61.5100 7.2 -1.507 -1.348 61.35 -0.0198
213.927 60.00 61.5300 5.9 -1.529 -1.467 61.47 -0.0077
214.028 60.00 61.5100 6.9 -1.511 -1.378 61.38 -0.0165
214.129 60.00 61.5200 6.4 -1.517 -1.417 61.42 -0.0125
214.228 60.00 61.5100 6.8 -1.510 -1.385 61.38 -0.0156
214.328 60.00 61.5200 6.2 -1.518 -1.433 61.43 -0.0106
214.429 60.00 61.5500 4.2 -1.553 -1.614 61.61 0.0076
214.528 60.00 61.5100 6.3 -1.515 -1.418 61.42 -0.0121
214.629 60.00 61.5100 6.2 -1.515 -1.426 61.43 -0.0111
214.729 60.00 61.5100 6.5 -1.511 -1.407 61.41 -0.0129
214.827 60.00 61.5100 6.7 -1.506 -1.388 61.39 -0.0147
214.929 60.00 61.5000 6.6 -1.505 -1.390 61.39 -0.0144
215.028 60.00 61.5100 6.0 -1.515 -1.447 61.45 -0.0085
215.130 60.00 61.5100 6.2 -1.511 -1.429 61.43 -0.0102
215.230 60.00 61.5300 5.1 -1.529 -1.524 61.52 -0.0007
215.328 60.00 61.5200 5.4 -1.524 -1.497 61.50 -0.0033
215.430 60.00 61.5100 6.3 -1.507 -1.415 61.41 -0.0115
215.528 60.00 61.5000 6.7 -1.499 -1.380 61.38 -0.0149
215.630 60.00 61.5200 5.6 -1.516 -1.471 61.47 -0.0056
215.729 60.00 61.5000 6.4 -1.502 -1.403 61.40 -0.0124
215.829 60.00 61.5100 5.6 -1.515 -1.472 61.47 -0.0053
215.929 60.00 61.5100 5.6 -1.514 -1.468 61.47 -0.0057
216.029 60.00 61.5100 5.5 -1.514 -1.472 61.47 -0.0052
216.131 60.00 61.4900 6.6 -1.495 -1.377 61.38 -0.0147
216.230 60.00 61.5100 5.6 -1.511 -1.463 61.46 -0.0059
216.330 60.00 61.5100 5.8 -1.507 -1.446 61.45 -0.0076
216.430 60.00 61.5100 5.8 -1.506 -1.448 61.45 -0.0074
216.530 60.00 61.5200 5.1 -1.518 -1.508 61.51 -0.0012
216.631 60.00 61.5200 5.1 -1.517 -1.506 61.50 -0.0015
216.731 60.00 61.5100 5.6 -1.508 -1.461 61.46 -0.0059
216.830 60.00 61.5200 4.9 -1.521 -1.525 61.52 0.0005
216.930 60.00 61.5100 5.2 -1.514 -1.494 61.49 -0.0026
217.030 60.00 61.5400 3.6 -1.543 -1.639 61.64 0.0120
217.132 60.00 61.5200 4.7 -1.525 -1.543 61.54 0.0022
217.232 60.00 61.5300 4.4 -1.529 -1.561 61.56 0.0041
217.332 60.00 61.5100 5.7 -1.507 -1.448 61.45 -0.0073
217.431 60.00 61.5300 4.3 -1.530 -1.568 61.57 0.0048
217.531 60.00 61.5200 4.7 -1.524 -1.536 61.54 0.0015
217.631 60.00 61.5100 5.2 -1.514 -1.487 61.49 -0.0034
217.732 60.00 61.5300 4.2 -1.533 -1.581 61.58 0.0060
217.831 60.00 61.5000 6.1 -1.499 -1.412 61.41 -0.0110
217.932 60.00 61.5300 4.3 -1.530 -1.568 61.57 0.0048
218.032 60.00 61.5100 5.1 -1.516 -1.495 61.49 -0.0026
218.133 60.00 61.5400 3.7 -1.541 -1.622 61.62 0.0102
218.232 60.00 61.5300 4.5 -1.527 -1.550 61.55 0.0029
218.332 60.00 61.5400 4.0 -1.537 -1.596 61.60 0.0075
218.433 60.00 61.5500 3.3 -1.549 -1.653 61.65 0.0130
218.532 60.00 61.5400 3.9 -1.539 -1.600 61.60 0.0077
218.633 60.00 61.5400 3.8 -1.542 -1.614 61.61 0.0089
218.732 60.00 61.5400 4.0 -1.538 -1.588 61.59 0.0063
218.833 60.00 61.5400 4.0 -1.540 -1.595 61.59 0.0068
218.933 60.00 61.5500 3.3 -1.552 -1.650 61.65 0.0124
219.032 60.00 61.5500 3.2 -1.556 -1.666 61.67 0.0138
219.134 60.00 61.5400 3.8 -1.545 -1.607 61.61 0.0077
219.232 60.00 61.5500 3.3 -1.554 -1.651 61.65 0.0120
219.334 60.00 61.5600 3.1 -1.558 -1.666 61.66 0.0134
219.434 60.00 61.5600 2.9 -1.564 -1.691 61.69 0.0158
219.533 60.00 61.5800 2.3 -1.576 -1.744 61.74 0.0210
219.634 60.00 61.5600 3.4 -1.558 -1.645 61.64 0.0109
219.733 60.00 61.5600 3.2 -1.562 -1.659 61.66 0.0121
219.834 60.00 61.5700 2.7 -1.572 -1.705 61.70 0.0167
219.933 60.00 61.5600 3.3 -1.563 -1.652 61.65 0.0112
220.033 60.00 61.5700 3.2 -1.566 -1.662 61.66 0.0121
220.133 60.00 61.5700 3.2 -1.567 -1.662 61.66 0.0119
220.234 60.00 61.5800 2.4 -1.581 -1.731 61.73 0.0187
220.335 60.00 61.5800 2.7 -1.578 -1.708 61.71 0.0162
220.434 60.00 61.5800 2.5 -1.582 -1.723 61.72 0.0175
220.534 60.00 61.5800 2.8 -1.578 -1.693 61.69 0.0144
220.634 60.00 61.5800 2.6 -1.583 -1.712 61.71 0.0162
220.734 60.00 61.5900 2.3 -1.589 -1.737 61.74 0.0185
220.834 60.00 61.5900 2.5 -1.588 -1.721 61.72 0.0167
220.935 60.00 61.5900 2.1 -1.595 -1.754 61.75 0.0198
221.034 60.00 61.5900 2.5 -1.590 -1.721 61.72 0.0164
221.135 60.00 61.5900 2.8 -1.586 -1.694 61.69 0.0134
221.235 60.00 61.6000 2.0 -1.602 -1.767 61.77 0.0206
221.335 60.00 61.6000 2.1 -1.601 -1.755 61.75 0.0192
221.436 60.00 61.6000 2.0 -1.605 -1.764 61.76 0.0200
221.534 60.00 61.6100 1.9 -1.608 -1.773 61.77 0.0207
221.636 60.00 61.6000 2.6 -1.598 -1.716 61.72 0.0148
221.735 60.00 61.6200 1.5 -1.618 -1.809 61.81 0.0239
221.836 60.00 61.6200 1.7 -1.617 -1.793 61.79 0.0220
221.936 60.00 61.6100 2.0 -1.614 -1.770 61.77 0.0195
222.035 60.00 61.6100 2.3 -1.610 -1.744 61.74 0.0168
222.136 60.00 61.6300 1.2 -1.630 -1.839 61.84 0.0260
222.236 60.00 61.6200 1.9 -1.620 -1.778 61.78 0.0197
222.337 60.00 61.6200 1.9 -1.623 -1.781 61.78 0.0198
222.437 60.00 61.6300 1.5 -1.630 -1.811 61.81 0.0226
222.536 60.00 61.6200 1.9 -1.625 -1.776 61.78 0.0189
222.637 60.00 61.6400 1.3 -1.637 -1.828 61.83 0.0238
222.736 60.00 61.6300 1.7 -1.632 -1.795 61.79 0.0204
222.837 60.00 61.6300 2.0 -1.629 -1.770 61.77 0.0176
222.937 60.00 61.6400 1.5 -1.639 -1.815 61.81 0.0220
223.036 60.00 61.6500 1.0 -1.649 -1.856 61.86 0.0258
223.136 60.00 61.6600 0.4 -1.662 -1.911 61.91 0.0311
223.237 60.00 61.6500 1.0 -1.654 -1.857 61.86 0.0254
223.338 60.00 61.6400 1.9 -1.641 -1.784 61.78 0.0178
223.438 60.00 61.6600 1.0 -1.658 -1.861 61.86 0.0254
223.537 60.00 61.6600 1.1 -1.658 -1.850 61.85 0.0240
223.637 60.00 61.6500 1.4 -1.654 -1.821 61.82 0.0208
223.737 60.00 61.6700 0.7 -1.670 -1.889 61.89 0.0275
223.838 60.00 61.6700 0.8 -1.669 -1.875 61.87 0.0257
223.938 60.00 61.6600 1.2 -1.665 -1.845 61.84 0.0226
224.037 60.00 61.6700 0.9 -1.672 -1.871 61.87 0.0248
224.138 60.00 61.6700 0.9 -1.674 -1.871 61.87 0.0247
224.237 60.00 61.6700 1.4 -1.667 -1.825 61.82 0.0198
224.339 60.00 61.6700 1.2 -1.672 -1.843 61.84 0.0214
224.439 60.00 61.6700 1.3 -1.672 -1.838 61.84 0.0206
224.538 60.00 61.6800 1.0 -1.679 -1.859 61.86 0.0226
224.639 60.00 61.6700 1.5 -1.672 -1.818 61.82 0.0182
224.737 60.00 61.6800 1.2 -1.678 -1.841 61.84 0.0204
224.839 60.00 61.6800 0.9 -1.685 -1.870 61.87 0.0231
224.938 60.00 61.6900 0.7 -1.692 -1.891 61.89 0.0249
225.038 60.00 61.6800 1.4 -1.681 -1.829 61.83 0.0185
225.138 60.00 61.6800 1.4 -1.681 -1.823 61.82 0.0177
225.238 60.00 61.6800 1.7 -1.679 -1.801 61.80 0.0154
225.340 60.00 61.6800 1.6 -1.681 -1.808 61.81 0.0159
225.439 60.00 61.6800 1.4 -1.685 -1.824 61.82 0.0173
225.539 60.00 61.6900 1.1 -1.693 -1.857 61.86 0.0204
225.639 60.00 61.6900 1.1 -1.695 -1.858 61.86 0.0204
225.739 60.00 61.6900 1.3 -1.692 -1.833 61.83 0.0176
225.839 60.00 61.6900 1.4 -1.692 -1.824 61.82 0.0165
225.940 60.00 61.6900 1.4 -1.693 -1.825 61.82 0.0165
226.040 60.00 61.6900 1.4 -1.695 -1.827 61.83 0.0165
226.140 60.00 61.7000 1.4 -1.697 -1.831 61.83 0.0167
226.240 60.00 61.7000 1.5 -1.696 -1.820 61.82 0.0155
226.340 60.00 61.6900 1.7 -1.693 -1.801 61.80 0.0134
226.440 60.00 61.7000 1.4 -1.699 -1.825 61.82 0.0157
226.540 60.00 61.7000 1.5 -1.698 -1.814 61.81 0.0144
226.641 60.00 61.7000 1.4 -1.703 -1.829 61.83 0.0158
226.740 60.00 61.7000 1.4 -1.703 -1.826 61.83 0.0153
226.841 60.00 61.7100 1.1 -1.711 -1.856 61.86 0.0182
226.940 60.00 61.7100 1.3 -1.708 -1.838 61.84 0.0162
227.040 60.00 61.7100 1.1 -1.712 -1.849 61.85 0.0171
227.141 60.00 61.7100 1.4 -1.709 -1.828 61.83 0.0149
227.240 60.00 61.7000 1.8 -1.703 -1.791 61.79 0.0110
227.342 60.00 61.7000 1.7 -1.706 -1.800 61.80 0.0118
227.441 60.00 61.7100 1.7 -1.706 -1.796 61.80 0.0113
227.542 60.00 61.7100 1.4 -1.712 -1.821 61.82 0.0137
227.642 60.00 61.7100 1.7 -1.707 -1.794 61.79 0.0108
227.741 60.00 61.7100 1.7 -1.709 -1.800 61.80 0.0113
227.842 60.00 61.7000 2.2 -1.701 -1.752 61.75 0.0064
227.940 60.00 61.7000 2.5 -1.697 -1.729 61.73 0.0041
228.042 60.00 61.6900 2.6 -1.694 -1.717 61.72 0.0028
228.141 60.00 61.7500 0.0 -1.752 -2.006 62.00 0.0316
228.241 60.00 61.7000 2.1 -1.705 -1.756 61.76 0.0064
228.341 60.00 61.7000 2.3 -1.702 -1.739 61.74 0.0046
228.442 60.00 61.7100 2.0 -1.707 -1.764 61.76 0.0071
228.543 60.00 61.7100 1.9 -1.710 -1.774 61.77 0.0080
228.643 60.00 61.7100 1.8 -1.713 -1.786 61.79 0.0092
228.742 60.00 61.6900 2.8 -1.695 -1.694 61.69 -0.0002
228.843 60.00 61.7200 1.6 -1.716 -1.799 61.80 0.0103
228.942 60.00 61.7100 2.2 -1.707 -1.746 61.75 0.0049
229.043 60.00 61.7000 2.3 -1.706 -1.738 61.74 0.0041
229.143 60.00 61.7000 2.8 -1.697 -1.695 61.69 -0.0003
229.242 60.00 61.7000 2.5 -1.702 -1.721 61.72 0.0023
229.343 60.00 61.7000 2.4 -1.704 -1.727 61.73 0.0029
229.442 60.00 61.7100 2.2 -1.708 -1.745 61.74 0.0047
229.544 60.00 61.7000 2.6 -1.701 -1.710 61.71 0.0012
229.643 60.00 61.7000 2.5 -1.701 -1.711 61.71 0.0012
229.743 60.00 61.6900 3.3 -1.688 -1.645 61.64 -0.0054
229.844 60.00 61.6900 3.0 -1.692 -1.666 61.67 -0.0033
229.943 60.00 61.7000 2.7 -1.697 -1.691 61.69 -0.0007
230.044 60.00 61.6900 3.4 -1.686 -1.636 61.64 -0.0062
230.143 60.00 61.7200 1.6 -1.716 -1.791 61.79 0.0094
230.243 60.00 61.6800 3.6 -1.681 -1.611 61.61 -0.0088
230.344 60.00 61.6900 3.0 -1.691 -1.664 61.66 -0.0033
230.444 60.00 61.6800 3.3 -1.685 -1.635 61.63 -0.0062
230.545 60.00 61.6900 3.0 -1.690 -1.662 61.66 -0.0034
230.645 60.00 61.6800 3.5 -1.681 -1.621 61.62 -0.0075
230.744 60.00 61.6800 3.5 -1.680 -1.620 61.62 -0.0075
230.844 60.00 61.6700 4.1 -1.668 -1.560 61.56 -0.0135
230.944 60.00 61.6700 3.6 -1.675 -1.601 61.60 -0.0093
231.044 60.00 61.6700 3.8 -1.671 -1.588 61.59 -0.0104
231.145 60.00 61.6700 3.8 -1.669 -1.580 61.58 -0.0111
231.243 60.00 61.6600 4.2 -1.661 -1.546 61.55 -0.0144
231.345 60.00 61.6500 4.8 -1.649 -1.489 61.49 -0.0200
231.445 60.00 61.6600 4.3 -1.657 -1.536 61.54 -0.0150
231.545 60.00 61.6600 4.1 -1.658 -1.547 61.55 -0.0138
231.646 60.00 61.6400 4.8 -1.643 -1.482 61.48 -0.0202
231.744 60.00 61.6500 4.4 -1.650 -1.521 61.52 -0.0161
231.846 60.00 61.6300 5.5 -1.629 -1.425 61.42 -0.0255
231.944 60.00 61.6400 4.7 -1.640 -1.490 61.49 -0.0188
232.046 60.00 61.6300 4.9 -1.635 -1.470 61.47 -0.0206
232.146 60.00 61.6200 5.5 -1.622 -1.414 61.41 -0.0260
232.245 60.00 61.6400 4.5 -1.637 -1.500 61.50 -0.0172
232.346 60.00 61.6100 5.6 -1.616 -1.400 61.40 -0.0270
232.445 60.00 61.6100 5.7 -1.611 -1.390 61.39 -0.0276
232.547 60.00 61.6100 5.8 -1.608 -1.382 61.38 -0.0282
232.646 60.00 61.6100 5.5 -1.609 -1.403 61.40 -0.0258
232.746 60.00 61.6000 6.1 -1.596 -1.347 61.35 -0.0311
232.846 60.00 61.5900 6.1 -1.595 -1.351 61.35 -0.0305
232.946 60.00 61.5900 6.0 -1.592 -1.350 61.35 -0.0302
233.047 60.00 61.5900 5.7 -1.595 -1.378 61.38 -0.0272
233.147 60.00 61.5800 6.4 -1.581 -1.318 61.32 -0.0328
233.245 60.00 61.5800 6.2 -1.580 -1.328 61.33 -0.0315
233.347 60.00 61.5800 6.1 -1.579 -1.334 61.33 -0.0307
233.447 60.00 61.5700 6.2 -1.575 -1.326 61.33 -0.0311
233.548 60.00 61.5300 8.6 -1.529 -1.111 61.11 -0.0523
233.648 60.00 61.5600 6.6 -1.560 -1.286 61.28 -0.0343
233.747 60.00 61.5500 6.8 -1.554 -1.267 61.27 -0.0359
233.848 60.00 61.5600 6.2 -1.560 -1.314 61.31 -0.0308
233.946 60.00 61.5500 6.7 -1.549 -1.271 61.27 -0.0348
234.048 60.00 61.5400 6.7 -1.545 -1.264 61.26 -0.0351
234.147 60.00 61.5400 6.9 -1.538 -1.245 61.24 -0.0367
234.247 60.00 61.5300 7.3 -1.527 -1.205 61.20 -0.0403
234.347 60.00 61.5300 6.8 -1.534 -1.252 61.25 -0.0352
234.447 60.00 61.5300 6.7 -1.532 -1.259 61.26 -0.0342
234.549 60.00 61.5200 6.9 -1.525 -1.235 61.23 -0.0362
234.648 60.00 61.5200 6.8 -1.524 -1.244 61.24 -0.0350
234.749 60.00 61.5100 7.5 -1.508 -1.179 61.18 -0.0411
234.848 60.00 61.5000 7.8 -1.498 -1.145 61.14 -0.0441
234.948 60.00 61.4900 7.8 -1.495 -1.148 61.15 -0.0434
235.048 60.00 61.4900 8.1 -1.486 -1.121 61.12 -0.0456
235.148 60.00 61.4900 7.8 -1.487 -1.144 61.14 -0.0428
235.249 60.00 61.4800 7.7 -1.484 -1.147 61.15 -0.0421
235.349 60.00 61.4700 8.1 -1.474 -1.112 61.11 -0.0452
235.449 60.00 61.4800 7.5 -1.480 -1.161 61.16 -0.0398
235.549 60.00 61.5200 5.1 -1.519 -1.371 61.37 -0.0184
235.649 60.00 61.4700 7.9 -1.467 -1.120 61.12 -0.0434
235.749 60.00 61.4700 7.6 -1.469 -1.148 61.15 -0.0402
235.850 60.00 61.4600 7.9 -1.460 -1.119 61.12 -0.0426
235.949 60.00 61.4500 8.0 -1.453 -1.101 61.10 -0.0440
236.050 60.00 61.4500 7.8 -1.453 -1.116 61.12 -0.0421
236.149 60.00 61.4400 8.2 -1.441 -1.076 61.08 -0.0456
236.250 60.00 61.4400 8.3 -1.437 -1.072 61.07 -0.0456
236.350 60.00 61.4300 8.6 -1.426 -1.039 61.04 -0.0485
236.449 60.00 61.4100 9.1 -1.412 -0.988 60.99 -0.0531
236.551 60.00 61.4300 7.9 -1.430 -1.099 61.10 -0.0415
236.649 60.00 61.4300 7.7 -1.429 -1.110 61.11 -0.0399
236.751 60.00 61.4200 8.3 -1.416 -1.058 61.06 -0.0447
236.850 60.00 61.4100 8.2 -1.412 -1.059 61.06 -0.0442
236.950 60.00 61.4000 8.6 -1.401 -1.020 61.02 -0.0476
237.051 60.00 61.4000 8.3 -1.402 -1.044 61.04 -0.0447
237.150 60.00 61.4000 8.2 -1.400 -1.053 61.05 -0.0434
237.251 60.00 61.3900 8.3 -1.394 -1.040 61.04 -0.0442
237.350 60.00 61.3900 8.2 -1.392 -1.047 61.05 -0.0431
237.450 60.00 61.3800 8.7 -1.380 -1.004 61.00 -0.0469
237.550 60.00 61.3800 8.6 -1.378 -1.011 61.01 -0.0458
237.651 60.00 61.3700 8.7 -1.371 -0.994 60.99 -0.0470
237.752 60.00 61.3400 10.1 -1.341 -0.865 60.86 -0.0595
237.851 60.00 61.3600 8.4 -1.365 -1.011 61.01 -0.0443
237.951 60.00 61.3500 8.9 -1.352 -0.964 60.96 -0.0485
238.051 60.00 61.3500 8.8 -1.350 -0.973 60.97 -0.0471
238.151 60.00 61.3600 7.8 -1.365 -1.065 61.06 -0.0375
238.251 60.00 61.3700 7.5 -1.366 -1.087 61.09 -0.0350
238.352 60.00 61.3400 8.9 -1.338 -0.960 60.96 -0.0473
238.451 60.00 61.3300 9.2 -1.329 -0.933 60.93 -0.0495
238.552 60.00 61.3300 9.1 -1.326 -0.938 60.94 -0.0485
238.652 60.00 61.3300 8.5 -1.332 -0.986 60.99 -0.0432
238.752 60.00 61.3100 9.5 -1.310 -0.894 60.89 -0.0520
238.853 60.00 61.2900 10.2 -1.293 -0.828 60.83 -0.0580
238.951 60.00 61.3400 7.2 -1.340 -1.089 61.09 -0.0314
239.053 60.00 61.2900 9.6 -1.295 -0.876 60.88 -0.0523
239.152 60.00 61.2900 9.3 -1.295 -0.897 60.90 -0.0497
239.253 60.00 61.2800 9.8 -1.283 -0.855 60.85 -0.0534
239.353 60.00 61.2900 9.2 -1.287 -0.900 60.90 -0.0484
239.452 60.00 61.2800 9.2 -1.284 -0.903 60.90 -0.0476
239.553 60.00 61.2700 9.7 -1.270 -0.850 60.85 -0.0525
239.652 60.00 61.2600 10.1 -1.258 -0.811 60.81 -0.0558
239.754 60.00 61.2600 9.8 -1.259 -0.838 60.84 -0.0526
239.854 60.00 61.2500 10.0 -1.251 -0.819 60.82 -0.0539
239.953 60.00 61.2500 9.7 -1.251 -0.845 60.84 -0.0508
240.054 60.00 61.2300 10.5 -1.232 -0.766 60.77 -0.0582
240.152 60.00 61.2400 9.7 -1.240 -0.833 60.83 -0.0509
240.254 60.00 61.2300 9.9 -1.232 -0.809 60.81 -0.0528
240.353 60.00 61.2200 10.1 -1.223 -0.790 60.79 -0.0542
240.453 60.00 61.2200 10.1 -1.220 -0.794 60.79 -0.0533
240.554 60.00 61.2000 10.6 -1.205 -0.742 60.74 -0.0579
240.653 60.00 61.2000 10.8 -1.196 -0.721 60.72 -0.0594
240.755 60.00 61.1900 10.8 -1.191 -0.718 60.72 -0.0591
240.854 60.00 61.2000 10.0 -1.200 -0.789 60.79 -0.0515
240.954 60.00 61.1800 10.7 -1.183 -0.722 60.72 -0.0576
241.054 60.00 61.1700 11.0 -1.172 -0.691 60.69 -0.0601
241.154 60.00 61.1700 10.9 -1.169 -0.698 60.70 -0.0589
241.255 60.00 61.1600 11.3 -1.156 -0.659 60.66 -0.0621
241.354 60.00 61.1600 10.9 -1.157 -0.689 60.69 -0.0585
241.454 60.00 61.1400 11.4 -1.143 -0.641 60.64 -0.0628
241.554 60.00 61.1400 11.3 -1.139 -0.647 60.65 -0.0615
241.654 60.00 61.1400 10.8 -1.143 -0.691 60.69 -0.0566
241.755 60.00 61.1200 11.6 -1.124 -0.619 60.62 -0.0632
241.856 60.00 61.1100 11.9 -1.112 -0.585 60.58 -0.0659
241.955 60.00 61.1100 11.9 -1.106 -0.581 60.58 -0.0657
242.056 60.00 61.0700 13.4 -1.073 -0.442 60.44 -0.0789
242.155 60.00 61.1000 11.4 -1.102 -0.620 60.62 -0.0603
242.255 60.00 61.0900 11.9 -1.088 -0.569 60.57 -0.0648
242.356 60.00 61.0800 12.0 -1.080 -0.559 60.56 -0.0652
242.455 60.00 61.0700 12.3 -1.069 -0.529 60.53 -0.0676
242.556 60.00 61.0700 11.8 -1.072 -0.571 60.57 -0.0626
242.655 60.00 61.0700 11.6 -1.069 -0.581 60.58 -0.0611
242.757 60.00 61.0200 14.1 -1.019 -0.354 60.35 -0.0831
242.856 60.00 61.0400 12.6 -1.039 -0.490 60.49 -0.0687
242.956 60.00 61.0400 12.0 -1.043 -0.535 60.53 -0.0635
243.056 60.00 61.0400 11.9 -1.040 -0.545 60.54 -0.0619
243.156 60.00 61.0300 12.2 -1.029 -0.515 60.51 -0.0642
243.257 60.00 60.9800 14.4 -0.983 -0.309 60.31 -0.0841
243.356 60.00 61.0100 12.2 -1.014 -0.501 60.50 -0.0642
243.456 60.00 61.0000 12.5 -1.004 -0.474 60.47 -0.0662
243.556 60.00 61.0100 11.8 -1.011 -0.535 60.53 -0.0594
243.656 60.00 60.9900 12.5 -0.992 -0.467 60.47 -0.0656
243.757 60.00 61.0100 11.4 -1.006 -0.563 60.56 -0.0554
243.857 60.00 60.9800 12.7 -0.977 -0.441 60.44 -0.0671
243.957 60.00 60.9900 11.9 -0.986 -0.513 60.51 -0.0592
244.058 60.00 60.9600 12.9 -0.963 -0.420 60.42 -0.0679
244.157 60.00 60.9600 12.4 -0.965 -0.458 60.46 -0.0634
244.258 60.00 60.9400 13.2 -0.945 -0.385 60.38 -0.0701
244.357 60.00 60.9800 11.0 -0.979 -0.580 60.58 -0.0498
244.457 60.00 60.9400 12.7 -0.943 -0.421 60.42 -0.0653
244.558 60.00 60.9200 13.4 -0.925 -0.358 60.36 -0.0709
244.657 60.00 60.9200 13.0 -0.926 -0.388 60.39 -0.0672
244.759 60.00 60.9200 13.2 -0.916 -0.367 60.37 -0.0686
244.857 60.00 60.9200 12.8 -0.918 -0.402 60.40 -0.0644
244.959 60.00 60.9000 13.3 -0.902 -0.348 60.35 -0.0691
245.059 60.00 60.9000 13.0 -0.901 -0.375 60.37 -0.0658
245.158 60.00 60.9100 12.4 -0.906 -0.424 60.42 -0.0603
245.259 60.00 60.8400 15.5 -0.845 -0.143 60.14 -0.0878
245.357 60.00 60.8500 14.9 -0.848 -0.192 60.19 -0.0819
245.459 60.00 60.8900 12.4 -0.886 -0.418 60.42 -0.0586
245.558 60.00 60.8700 13.1 -0.868 -0.348 60.35 -0.0650
245.658 60.00 60.8500 13.8 -0.850 -0.287 60.29 -0.0704
245.759 60.00 60.8600 12.6 -0.864 -0.385 60.38 -0.0599
245.859 60.00 60.8500 13.0 -0.851 -0.344 60.34 -0.0634
245.960 60.00 60.8500 12.8 -0.850 -0.362 60.36 -0.0610
246.059 60.00 60.8400 12.9 -0.843 -0.353 60.35 -0.0613
246.159 60.00 60.8200 13.6 -0.825 -0.286 60.29 -0.0673
246.259 60.00 60.8200 13.3 -0.824 -0.311 60.31 -0.0642
246.359 60.00 60.8100 13.6 -0.813 -0.279 60.28 -0.0667
246.460 60.00 60.8200 12.9 -0.818 -0.333 60.33 -0.0607
246.560 60.00 60.8000 13.6 -0.801 -0.270 60.27 -0.0663
246.659 60.00 60.8000 13.6 -0.796 -0.272 60.27 -0.0655
246.759 60.00 60.7900 13.7 -0.787 -0.252 60.25 -0.0668
246.860 60.00 60.7800 13.8 -0.779 -0.242 60.24 -0.0672
246.960 60.00 60.8000 12.0 -0.806 -0.400 60.40 -0.0507
247.061 60.00 60.7700 14.0 -0.766 -0.221 60.22 -0.0681
247.159 60.00 60.7600 13.7 -0.765 -0.243 60.24 -0.0652
247.261 60.00 60.7600 13.8 -0.756 -0.225 60.22 -0.0663
247.360 60.00 60.7500 13.8 -0.750 -0.222 60.22 -0.0660
247.460 60.00 60.7400 14.1 -0.740 -0.196 60.20 -0.0679
247.561 60.00 60.7300 14.2 -0.732 -0.185 60.18 -0.0684
247.659 60.00 60.7300 14.0 -0.729 -0.199 60.20 -0.0663
247.761 60.00 60.7600 11.6 -0.765 -0.407 60.41 -0.0448
247.860 60.00 60.7200 13.8 -0.723 -0.211 60.21 -0.0639
247.962 60.00 60.7100 13.9 -0.715 -0.199 60.20 -0.0645
248.061 60.00 60.7100 13.9 -0.709 -0.192 60.19 -0.0646
248.161 60.00 60.7000 14.1 -0.700 -0.174 60.17 -0.0658
248.262 60.00 60.6900 14.3 -0.690 -0.150 60.15 -0.0674
248.361 60.00 60.6800 14.3 -0.685 -0.153 60.15 -0.0665
248.462 60.00 60.7300 11.6 -0.727 -0.387 60.39 -0.0424
248.561 60.00 60.6700 14.4 -0.673 -0.139 60.14 -0.0668
248.661 60.00 60.6600 14.6 -0.663 -0.111 60.11 -0.0689
248.761 60.00 60.6600 14.4 -0.660 -0.128 60.13 -0.0666
248.862 60.00 60.6500 14.7 -0.650 -0.100 60.10 -0.0687
248.962 60.00 60.6400 14.7 -0.643 -0.093 60.09 -0.0688
249.063 60.00 60.6500 14.0 -0.649 -0.153 60.15 -0.0620
249.162 60.00 60.6300 14.7 -0.632 -0.092 60.09 -0.0675
249.263 60.00 60.6300 14.2 -0.633 -0.126 60.13 -0.0634
249.362 60.00 60.6200 14.5 -0.624 -0.104 60.10 -0.0650
249.462 60.00 60.6200 14.2 -0.623 -0.125 60.12 -0.0623
249.563 60.00 60.6100 14.3 -0.615 -0.112 60.11 -0.0629
249.661 60.00 60.6000 14.7 -0.603 -0.074 60.07 -0.0661
249.763 60.00 60.6000 14.3 -0.603 -0.103 60.10 -0.0625
249.863 60.00 60.5800 15.1 -0.584 -0.033 60.03 -0.0689
249.964 60.00 60.6000 13.7 -0.603 -0.155 60.15 -0.0560
250.064 60.00 60.5800 14.8 -0.578 -0.052 60.05 -0.0658
250.163 60.00 60.5700 14.6 -0.575 -0.065 60.06 -0.0638
250.264 60.00 60.5700 14.7 -0.568 -0.055 60.05 -0.0642
250.362 60.00 60.5500 15.1 -0.555 -0.016 60.02 -0.0674
250.464 60.00 60.5600 14.7 -0.556 -0.048 60.05 -0.0635
250.563 60.00 60.5600 14.0 -0.563 -0.106 60.11 -0.0571
250.663 60.00 60.5500 14.3 -0.552 -0.074 60.07 -0.0597
250.764 60.00 60.5500 14.2 -0.548 -0.081 60.08 -0.0584
250.863 60.00 60.5300 14.7 -0.535 -0.038 60.04 -0.0621
250.965 60.00 60.5300 14.8 -0.527 -0.024 60.02 -0.0629
251.064 60.00 60.5200 14.6 -0.525 -0.038 60.04 -0.0609
251.164 60.00 60.5200 14.5 -0.522 -0.045 60.04 -0.0596
251.265 60.00 60.5200 14.1 -0.523 -0.073 60.07 -0.0562
251.364 60.00 60.5100 14.5 -0.511 -0.037 60.04 -0.0592
251.465 60.00 60.5200 13.6 -0.521 -0.114 60.11 -0.0510
251.564 60.00 60.5100 13.8 -0.513 -0.094 60.09 -0.0524
251.664 60.00 60.5200 13.3 -0.518 -0.135 60.13 -0.0478
251.765 60.00 60.5000 13.8 -0.504 -0.087 60.09 -0.0521
251.865 60.00 60.5000 13.9 -0.499 -0.081 60.08 -0.0522
251.965 60.00 60.4900 13.9 -0.493 -0.075 60.07 -0.0523
252.065 60.00 60.5000 13.5 -0.496 -0.110 60.11 -0.0482
252.165 60.00 60.5000 13.0 -0.501 -0.154 60.15 -0.0433
252.266 60.00 60.4800 13.9 -0.481 -0.071 60.07 -0.0513
252.365 60.00 60.4800 13.7 -0.479 -0.082 60.08 -0.0496
252.465 60.00 60.4800 13.5 -0.478 -0.096 60.10 -0.0477
252.565 60.00 60.4800 13.2 -0.480 -0.127 60.13 -0.0442
252.665 60.00 60.4800 12.7 -0.484 -0.166 60.17 -0.0398
252.766 60.00 60.4700 13.4 -0.469 -0.104 60.10 -0.0456
252.865 60.00 60.4800 12.6 -0.478 -0.169 60.17 -0.0387
252.967 60.00 60.4700 12.9 -0.470 -0.141 60.14 -0.0411
253.066 60.00 60.4800 12.2 -0.479 -0.205 60.20 -0.0343
253.167 60.00 60.4600 12.8 -0.465 -0.146 60.15 -0.0398
253.267 60.00 60.4800 11.5 -0.484 -0.259 60.26 -0.0281
253.365 60.00 60.4700 12.1 -0.471 -0.204 60.20 -0.0333
253.467 60.00 60.4600 12.5 -0.461 -0.166 60.17 -0.0368
253.565 60.00 60.4600 12.4 -0.460 -0.176 60.18 -0.0354
253.667 60.00 60.4700 11.6 -0.471 -0.249 60.25 -0.0278
253.766 60.00 60.4700 11.5 -0.470 -0.254 60.25 -0.0271
253.866 60.00 60.4700 11.4 -0.469 -0.261 60.26 -0.0260
253.966 60.00 60.4600 11.7 -0.462 -0.236 60.24 -0.0282
254.067 60.00 60.4600 11.7 -0.460 -0.236 60.23 -0.0280
254.168 60.00 60.4700 10.9 -0.470 -0.297 60.30 -0.0216
254.268 60.00 60.4600 11.1 -0.465 -0.279 60.28 -0.0232
254.367 60.00 60.4600 11.2 -0.461 -0.268 60.27 -0.0241
254.467 60.00 60.4600 11.0 -0.463 -0.289 60.29 -0.0217
254.567 60.00 60.4700 10.7 -0.466 -0.316 60.32 -0.0188
254.667 60.00 60.4600 11.1 -0.458 -0.279 60.28 -0.0223
254.768 60.00 60.4600 11.0 -0.457 -0.285 60.28 -0.0215
254.867 60.00 60.4800 9.8 -0.477 -0.394 60.39 -0.0104
254.968 60.00 60.4600 10.6 -0.462 -0.323 60.32 -0.0174
255.068 60.00 60.4600 10.4 -0.463 -0.332 60.33 -0.0163
255.169 60.00 60.4400 11.7 -0.439 -0.220 60.22 -0.0273
255.269 60.00 60.4600 10.4 -0.458 -0.329 60.33 -0.0161
255.367 60.00 60.4600 10.3 -0.460 -0.341 60.34 -0.0148
255.469 60.00 60.4500 10.7 -0.452 -0.310 60.31 -0.0178
255.567 60.00 60.4600 10.0 -0.462 -0.368 60.37 -0.0118
255.669 60.00 60.4500 10.6 -0.451 -0.314 60.31 -0.0170
255.768 60.00 60.4600 10.2 -0.456 -0.349 60.35 -0.0134
255.868 60.00 60.4800 8.6 -0.484 -0.492 60.49 0.0010
255.969 60.00 60.4700 9.4 -0.469 -0.417 60.42 -0.0065
256.068 60.00 60.4700 9.6 -0.466 -0.404 60.40 -0.0077
256.170 60.00 60.4700 9.2 -0.471 -0.435 60.43 -0.0045
256.269 60.00 60.4700 9.2 -0.470 -0.431 60.43 -0.0049
256.369 60.00 60.4600 9.6 -0.463 -0.395 60.39 -0.0084
256.469 60.00 60.4700 9.2 -0.469 -0.432 60.43 -0.0047
256.569 60.00 60.4400 10.6 -0.444 -0.306 60.31 -0.0172
256.670 60.00 60.4700 8.8 -0.475 -0.469 60.47 -0.0007
256.769 60.00 60.4600 9.4 -0.464 -0.414 60.41 -0.0062
256.869 60.00 60.4600 9.6 -0.460 -0.398 60.40 -0.0078
256.969 60.00 60.4600 9.6 -0.460 -0.398 60.40 -0.0076
257.070 60.00 60.4600 9.6 -0.458 -0.396 60.40 -0.0078
257.170 60.00 60.4600 9.5 -0.460 -0.406 60.40 -0.0068
257.271 60.00 60.4700 9.1 -0.466 -0.441 60.44 -0.0031
257.369 60.00 60.4600 9.3 -0.461 -0.416 60.42 -0.0056
257.471 60.00 60.4700 8.6 -0.473 -0.480 60.48 0.0008
257.570 60.00 60.4800 8.2 -0.481 -0.520 60.52 0.0048
257.671 60.00 60.4700 8.6 -0.474 -0.479 60.48 0.0007
257.771 60.00 60.4900 7.8 -0.488 -0.550 60.55 0.0077
257.869 60.00 60.4700 8.7 -0.474 -0.477 60.48 0.0004
257.971 60.00 60.4600 9.1 -0.465 -0.434 60.43 -0.0039
258.070 60.00 60.4700 8.6 -0.475 -0.481 60.48 0.0009
258.172 60.00 60.4800 8.0 -0.484 -0.531 60.53 0.0058
258.272 60.00 60.4800 8.1 -0.484 -0.529 60.53 0.0055
258.371 60.00 60.4800 8.4 -0.479 -0.499 60.50 0.0025
258.472 60.00 60.4700 9.0 -0.468 -0.441 60.44 -0.0033
258.570 60.00 60.4700 8.9 -0.470 -0.453 60.45 -0.0021
258.672 60.00 60.4700 8.6 -0.475 -0.480 60.48 0.0006
258.771 60.00 60.4700 8.9 -0.469 -0.448 60.45 -0.0026
258.871 60.00 60.4800 8.3 -0.480 -0.506 60.51 0.0033
258.971 60.00 60.4800 8.3 -0.480 -0.503 60.50 0.0029
259.071 60.00 60.5300 5.7 -0.527 -0.738 60.74 0.0264
259.173 60.00 60.4800 8.3 -0.482 -0.503 60.50 0.0026
259.273 60.00 60.4800 8.2 -0.484 -0.511 60.51 0.0034
259.373 60.00 60.4900 8.1 -0.487 -0.526 60.53 0.0048
259.472 60.00 60.4800 8.7 -0.476 -0.469 60.47 -0.0009
259.572 60.00 60.4800 8.5 -0.480 -0.491 60.49 0.0013
259.672 60.00 60.4800 8.6 -0.478 -0.481 60.48 0.0003
259.773 60.00 60.4900 8.0 -0.488 -0.530 60.53 0.0052
259.873 60.00 60.4800 8.3 -0.484 -0.507 60.51 0.0028
259.973 60.00 60.4900 7.9 -0.491 -0.539 60.54 0.0060
260.073 60.00 60.4800 8.4 -0.484 -0.501 60.50 0.0022
260.173 60.00 60.4800 8.5 -0.481 -0.489 60.49 0.0009
260.273 60.00 60.4900 8.2 -0.487 -0.518 60.52 0.0039
260.373 60.00 60.4900 8.3 -0.486 -0.508 60.51 0.0028
260.474 60.00 60.5000 7.6 -0.498 -0.567 60.57 0.0087
260.573 60.00 60.5000 7.7 -0.497 -0.561 60.56 0.0080
260.674 60.00 60.5000 7.5 -0.501 -0.575 60.57 0.0093
260.773 60.00 60.5000 7.6 -0.501 -0.571 60.57 0.0088
260.874 60.00 60.4900 8.1 -0.492 -0.526 60.53 0.0042
260.974 60.00 60.4900 8.1 -0.493 -0.527 60.53 0.0043
261.074 60.00 60.4900 8.0 -0.494 -0.532 60.53 0.0047
261.175 60.00 60.4800 9.0 -0.477 -0.443 60.44 -0.0042
261.274 60.00 60.5100 7.3 -0.506 -0.590 60.59 0.0105
261.375 60.00 60.5000 7.9 -0.497 -0.540 60.54 0.0055
261.474 60.00 60.4900 8.2 -0.493 -0.519 60.52 0.0032
261.574 60.00 60.5100 7.4 -0.506 -0.583 60.58 0.0097
261.674 60.00 60.5000 8.0 -0.497 -0.535 60.53 0.0047
261.774 60.00 60.5000 7.8 -0.501 -0.553 60.55 0.0065
261.875 60.00 60.5100 7.4 -0.507 -0.582 60.58 0.0094
261.975 60.00 60.5100 7.5 -0.507 -0.574 60.57 0.0085
262.075 60.00 60.5100 7.4 -0.510 -0.587 60.59 0.0097
262.175 60.00 60.5000 7.9 -0.501 -0.538 60.54 0.0046
262.275 60.00 60.5100 7.3 -0.513 -0.600 60.60 0.0108
262.375 60.00 60.5100 7.3 -0.514 -0.599 60.60 0.0106
262.476 60.00 60.5200 7.2 -0.517 -0.608 60.61 0.0114
262.575 60.00 60.5200 7.2 -0.517 -0.604 60.60 0.0108
262.676 60.00 60.5100 7.6 -0.510 -0.566 60.57 0.0069
262.775 60.00 60.5200 7.1 -0.521 -0.617 60.62 0.0120
262.875 60.00 60.5100 7.8 -0.509 -0.552 60.55 0.0053
262.976 60.00 60.5500 5.3 -0.554 -0.775 60.77 0.0276
263.074 60.00 60.5100 7.8 -0.513 -0.557 60.56 0.0056
263.177 60.00 60.5100 7.6 -0.515 -0.568 60.57 0.0066
263.275 60.00 60.5200 7.6 -0.516 -0.568 60.57 0.0065
263.377 60.00 60.5200 7.2 -0.525 -0.612 60.61 0.0108
263.477 60.00 60.5200 7.4 -0.522 -0.593 60.59 0.0088
263.576 60.00 60.5400 6.3 -0.541 -0.685 60.68 0.0180
263.677 60.00 60.5200 7.3 -0.525 -0.595 60.59 0.0088
263.775 60.00 60.5200 7.6 -0.521 -0.573 60.57 0.0065
263.877 60.00 60.5200 7.6 -0.521 -0.568 60.57 0.0060
263.976 60.00 60.4900 9.3 -0.491 -0.420 60.42 -0.0090
264.076 60.00 60.5200 7.5 -0.522 -0.577 60.58 0.0069
264.177 60.00 60.5200 7.6 -0.522 -0.572 60.57 0.0063
264.277 60.00 60.5200 7.5 -0.523 -0.576 60.58 0.0066
264.378 60.00 60.5300 7.2 -0.529 -0.603 60.60 0.0093
264.477 60.00 60.5200 7.7 -0.522 -0.565 60.56 0.0053
264.577 60.00 60.5400 6.9 -0.536 -0.632 60.63 0.0120
264.677 60.00 60.5300 7.3 -0.530 -0.600 60.60 0.0087
264.777 60.00 60.5400 6.7 -0.542 -0.657 60.66 0.0143
264.878 60.00 60.5400 6.9 -0.539 -0.636 60.63 0.0120
264.977 60.00 60.5400 7.0 -0.539 -0.627 60.63 0.0110
265.077 60.00 60.5500 6.6 -0.546 -0.660 60.66 0.0142
265.177 60.00 60.5300 7.3 -0.535 -0.600 60.60 0.0081
265.278 60.00 60.5300 7.3 -0.535 -0.596 60.60 0.0076
265.379 60.00 60.5500 6.4 -0.553 -0.682 60.68 0.0161
265.479 60.00 60.5400 7.1 -0.541 -0.615 60.61 0.0093
265.578 60.00 60.5600 6.2 -0.558 -0.696 60.70 0.0173
265.678 60.00 60.5500 6.7 -0.551 -0.657 60.66 0.0133
265.778 60.00 60.5500 6.6 -0.554 -0.667 60.67 0.0141
265.878 60.00 60.5600 6.4 -0.558 -0.682 60.68 0.0154
265.979 60.00 60.5500 6.7 -0.554 -0.653 60.65 0.0124
266.077 60.00 60.5600 6.3 -0.563 -0.694 60.69 0.0164
266.179 60.00 60.5600 6.5 -0.561 -0.677 60.68 0.0145
266.279 60.00 60.5600 6.6 -0.560 -0.664 60.66 0.0130
266.380 60.00 60.5800 5.8 -0.576 -0.739 60.74 0.0204
266.480 60.00 60.5700 6.3 -0.568 -0.690 60.69 0.0153
266.578 60.00 60.5800 5.8 -0.579 -0.743 60.74 0.0204
266.680 60.00 60.5900 5.0 -0.594 -0.807 60.81 0.0267
266.778 60.00 60.5800 5.9 -0.581 -0.734 60.73 0.0191
266.880 60.00 60.5800 6.1 -0.579 -0.716 60.72 0.0171
266.979 60.00 60.5800 5.9 -0.583 -0.729 60.73 0.0182
267.079 60.00 60.5900 5.7 -0.589 -0.751 60.75 0.0202
267.179 60.00 60.5900 5.8 -0.589 -0.745 60.74 0.0195
267.279 60.00 60.5900 6.0 -0.587 -0.725 60.72 0.0173
267.381 60.00 60.5900 6.1 -0.587 -0.716 60.72 0.0162
267.481 60.00 60.6000 5.4 -0.601 -0.783 60.78 0.0227
267.580 60.00 60.6000 5.7 -0.598 -0.759 60.76 0.0201
267.680 60.00 60.6000 5.5 -0.602 -0.770 60.77 0.0210
267.780 60.00 60.6000 5.6 -0.603 -0.765 60.76 0.0203
267.880 60.00 60.6100 5.3 -0.609 -0.790 60.79 0.0225
267.981 60.00 60.6100 5.4 -0.609 -0.780 60.78 0.0213
268.080 60.00 60.6100 5.4 -0.612 -0.784 60.78 0.0215
268.181 60.00 60.6300 4.2 -0.634 -0.889 60.89 0.0318
268.281 60.00 60.6000 6.3 -0.600 -0.702 60.70 0.0128
268.381 60.00 60.6200 4.9 -0.626 -0.827 60.83 0.0252
268.482 60.00 60.6200 5.4 -0.620 -0.791 60.79 0.0213
268.581 60.00 60.6200 5.5 -0.620 -0.779 60.78 0.0199
268.682 60.00 60.6300 5.0 -0.631 -0.827 60.83 0.0245
268.781 60.00 60.6300 4.9 -0.634 -0.831 60.83 0.0246
268.882 60.00 60.6400 4.7 -0.640 -0.852 60.85 0.0265
268.982 60.00 60.6400 5.0 -0.637 -0.829 60.83 0.0240
269.081 60.00 60.6500 4.4 -0.649 -0.878 60.88 0.0286
269.182 60.00 60.6400 5.2 -0.639 -0.815 60.81 0.0221
269.281 60.00 60.6500 4.5 -0.652 -0.871 60.87 0.0275
269.383 60.00 60.6400 5.0 -0.645 -0.826 60.82 0.0226
269.482 60.00 60.6500 4.8 -0.651 -0.847 60.85 0.0245
269.583 60.00 60.6500 5.0 -0.649 -0.829 60.83 0.0224
269.683 60.00 60.6500 5.0 -0.651 -0.831 60.83 0.0224
269.782 60.00 60.6600 4.7 -0.660 -0.864 60.86 0.0256
269.883 60.00 60.6500 5.2 -0.652 -0.813 60.81 0.0202
269.982 60.00 60.6500 5.3 -0.651 -0.803 60.80 0.0189
270.083 60.00 60.6600 4.9 -0.662 -0.847 60.85 0.0232
270.182 60.00 60.6500 5.5 -0.653 -0.795 60.79 0.0177
270.283 60.00 60.6700 4.7 -0.668 -0.861 60.86 0.0242
270.383 60.00 60.7000 2.8 -0.704 -1.034 61.03 0.0412
270.483 60.00 60.6600 5.4 -0.661 -0.803 60.80 0.0177
270.583 60.00 60.6600 5.6 -0.659 -0.786 60.78 0.0158
270.684 60.00 60.6700 5.2 -0.669 -0.826 60.83 0.0196
270.783 60.00 60.6600 5.5 -0.664 -0.797 60.80 0.0165
270.884 60.00 60.7100 3.0 -0.711 -1.021 61.02 0.0388
270.983 60.00 60.6800 5.0 -0.678 -0.841 60.84 0.0204
271.083 60.00 60.6800 4.7 -0.685 -0.868 60.87 0.0229
271.184 60.00 60.6800 5.0 -0.682 -0.846 60.85 0.0205
271.282 60.00 60.6700 5.8 -0.669 -0.773 60.77 0.0130
271.385 60.00 60.6900 4.8 -0.687 -0.859 60.86 0.0215
271.483 60.00 60.6800 5.5 -0.677 -0.797 60.80 0.0150
271.585 60.00 60.6900 5.0 -0.687 -0.845 60.84 0.0197
271.684 60.00 60.6900 4.8 -0.693 -0.865 60.86 0.0215
271.784 60.00 60.6800 5.6 -0.679 -0.788 60.79 0.0136
271.885 60.00 60.6800 5.5 -0.683 -0.801 60.80 0.0147
271.984 60.00 60.6900 5.3 -0.687 -0.815 60.81 0.0160
272.085 60.00 60.7000 4.9 -0.696 -0.852 60.85 0.0195
272.184 60.00 60.7000 4.9 -0.698 -0.856 60.86 0.0198
272.284 60.00 60.7000 5.1 -0.696 -0.840 60.84 0.0179
272.384 60.00 60.6900 5.5 -0.691 -0.807 60.81 0.0145
272.485 60.00 60.7400 3.0 -0.737 -1.031 61.03 0.0367
272.586 60.00 60.6900 5.5 -0.695 -0.803 60.80 0.0136
272.686 60.00 60.7000 5.2 -0.702 -0.836 60.84 0.0167
272.785 60.00 60.6900 5.9 -0.690 -0.768 60.77 0.0098
272.886 60.00 60.7200 4.5 -0.716 -0.894 60.89 0.0222
272.985 60.00 60.7100 5.1 -0.708 -0.844 60.84 0.0170
273.085 60.00 60.7100 5.0 -0.710 -0.849 60.85 0.0173
273.186 60.00 60.7000 5.5 -0.703 -0.806 60.81 0.0129
273.285 60.00 60.7100 5.1 -0.712 -0.846 60.85 0.0168
273.386 60.00 60.7100 5.1 -0.713 -0.845 60.84 0.0165
273.486 60.00 60.7100 5.3 -0.710 -0.823 60.82 0.0141
273.587 60.00 60.7200 5.0 -0.716 -0.849 60.85 0.0166
273.687 60.00 60.7200 5.0 -0.718 -0.852 60.85 0.0167
273.785 60.00 60.7200 5.1 -0.718 -0.845 60.84 0.0158
273.887 60.00 60.7100 5.7 -0.709 -0.793 60.79 0.0105
273.985 60.00 60.7200 5.1 -0.720 -0.845 60.84 0.0156
274.087 60.00 60.7300 4.8 -0.726 -0.868 60.87 0.0177
274.187 60.00 60.7300 4.8 -0.730 -0.878 60.88 0.0185
274.286 60.00 60.7200 5.5 -0.718 -0.810 60.81 0.0116
274.387 60.00 60.7200 5.1 -0.725 -0.843 60.84 0.0148
274.486 60.00 60.7300 4.7 -0.734 -0.880 60.88 0.0183
274.588 60.00 60.7300 4.9 -0.732 -0.866 60.87 0.0167
274.687 60.00 60.7100 6.3 -0.708 -0.736 60.74 0.0036
274.787 60.00 60.7100 6.0 -0.714 -0.769 60.77 0.0068
274.888 60.00 60.7300 5.0 -0.733 -0.859 60.86 0.0158
274.987 60.00 60.7400 4.9 -0.736 -0.869 60.87 0.0166
275.088 60.00 60.7400 4.8 -0.739 -0.878 60.88 0.0173
275.187 60.00 60.7500 4.4 -0.748 -0.915 60.91 0.0208
275.287 60.00 60.7400 5.0 -0.738 -0.858 60.86 0.0149
275.387 60.00 60.7500 4.3 -0.752 -0.921 60.92 0.0211
275.487 60.00 60.7500 4.4 -0.752 -0.912 60.91 0.0200
275.589 60.00 60.7500 4.6 -0.750 -0.892 60.89 0.0178
275.688 60.00 60.7600 4.0 -0.763 -0.950 60.95 0.0234
275.788 60.00 60.7400 5.1 -0.744 -0.848 60.85 0.0130
275.888 60.00 60.7500 5.0 -0.748 -0.862 60.86 0.0143
275.988 60.00 60.7400 5.3 -0.743 -0.830 60.83 0.0109
276.088 60.00 60.7600 4.2 -0.764 -0.931 60.93 0.0208
276.189 60.00 60.7600 4.8 -0.756 -0.883 60.88 0.0159
276.288 60.00 60.7500 5.0 -0.754 -0.867 60.87 0.0141
276.388 60.00 60.7500 5.1 -0.753 -0.856 60.85 0.0128
276.488 60.00 60.7600 4.8 -0.758 -0.877 60.88 0.0148
276.589 60.00 60.7700 4.4 -0.767 -0.915 60.91 0.0185
276.690 60.00 60.7600 5.0 -0.759 -0.867 60.87 0.0135
276.790 60.00 60.7800 3.9 -0.780 -0.967 60.97 0.0234
276.890 60.00 60.7600 5.2 -0.758 -0.849 60.85 0.0113
276.989 60.00 60.7700 4.5 -0.771 -0.909 60.91 0.0172
277.090 60.00 60.7700 4.8 -0.766 -0.879 60.88 0.0140
277.190 60.00 60.7700 4.5 -0.774 -0.910 60.91 0.0170
277.289 60.00 60.8100 2.4 -0.813 -1.097 61.10 0.0356
277.390 60.00 60.7500 5.8 -0.755 -0.797 60.80 0.0052
277.490 60.00 60.7600 5.2 -0.765 -0.844 60.84 0.0099
277.591 60.00 60.7700 4.9 -0.772 -0.872 60.87 0.0125
277.690 60.00 60.7600 5.3 -0.765 -0.836 60.84 0.0088
277.791 60.00 60.7700 5.0 -0.773 -0.871 60.87 0.0122
277.891 60.00 60.7800 4.7 -0.779 -0.894 60.89 0.0144
277.990 60.00 60.7700 5.4 -0.768 -0.833 60.83 0.0082
278.091 60.00 60.7800 5.0 -0.776 -0.871 60.87 0.0119
278.190 60.00 60.7800 4.8 -0.780 -0.885 60.88 0.0132
278.291 60.00 60.7700 5.3 -0.771 -0.837 60.84 0.0082
278.390 60.00 60.7800 5.1 -0.776 -0.858 60.86 0.0103
278.490 60.00 60.7800 4.7 -0.784 -0.896 60.90 0.0140
278.591 60.00 60.7800 4.7 -0.785 -0.894 60.89 0.0136
278.691 60.00 60.7800 5.1 -0.780 -0.862 60.86 0.0103
278.792 60.00 60.7700 5.5 -0.773 -0.824 60.82 0.0064
278.892 60.00 60.7700 5.7 -0.771 -0.809 60.81 0.0048
278.991 60.00 60.7800 5.0 -0.783 -0.871 60.87 0.0109
279.091 60.00 60.7600 6.2 -0.762 -0.758 60.76 -0.0004
279.191 60.00 60.8100 3.6 -0.809 -0.994 60.99 0.0231
279.292 60.00 60.7800 5.2 -0.781 -0.847 60.85 0.0082
279.392 60.00 60.8000 4.2 -0.800 -0.940 60.94 0.0174
279.491 60.00 60.7900 5.0 -0.788 -0.869 60.87 0.0102
279.594 60.00 60.8300 2.7 -0.830 -1.075 61.07 0.0307
279.691 60.00 60.8000 4.3 -0.803 -0.931 60.93 0.0160
279.793 60.00 60.7900 5.2 -0.788 -0.848 60.85 0.0075
279.892 60.00 60.7900 5.1 -0.792 -0.863 60.86 0.0089
279.992 60.00 60.8000 4.5 -0.802 -0.911 60.91 0.0136
280.093 60.00 60.8000 4.8 -0.797 -0.883 60.88 0.0107
280.192 60.00 60.8000 4.7 -0.801 -0.896 60.90 0.0119
280.293 60.00 60.8000 4.7 -0.802 -0.896 60.90 0.0118
280.392 60.00 60.8000 4.8 -0.802 -0.892 60.89 0.0113
280.492 60.00 60.7900 5.4 -0.792 -0.837 60.84 0.0056
280.592 60.00 60.8100 4.6 -0.806 -0.906 60.91 0.0125
280.693 60.00 60.7900 5.2 -0.796 -0.848 60.85 0.0066
280.794 60.00 60.8200 4.1 -0.816 -0.948 60.95 0.0165
280.894 60.00 60.8100 4.7 -0.808 -0.902 60.90 0.0118
280.993 60.00 60.8200 4.2 -0.817 -0.939 60.94 0.0153
281.093 60.00 60.8700 1.2 -0.873 -1.215 61.21 0.0428
281.193 60.00 60.8100 4.7 -0.813 -0.896 60.90 0.0105
281.293 60.00 60.8200 4.6 -0.816 -0.908 60.91 0.0116
281.394 60.00 60.8400 3.5 -0.836 -1.003 61.00 0.0209
281.493 60.00 60.8200 4.6 -0.819 -0.913 60.91 0.0117
281.594 60.00 60.8200 4.3 -0.825 -0.935 60.93 0.0137
281.694 60.00 60.8300 4.2 -0.828 -0.945 60.94 0.0146
281.794 60.00 60.8300 4.2 -0.830 -0.949 60.95 0.0149
281.895 60.00 60.8300 4.1 -0.832 -0.954 60.95 0.0152
281.993 60.00 60.8300 4.5 -0.827 -0.924 60.92 0.0121
282.095 60.00 60.8300 4.1 -0.834 -0.954 60.95 0.0150
282.193 60.00 60.8400 3.9 -0.839 -0.974 60.97 0.0169
282.295 60.00 60.8500 3.4 -0.850 -1.020 61.02 0.0212
282.395 60.00 60.8400 4.0 -0.841 -0.969 60.97 0.0159
282.493 60.00 60.8400 4.0 -0.841 -0.963 60.96 0.0152
282.595 60.00 60.8700 2.2 -0.875 -1.122 61.12 0.0310
282.694 60.00 60.8400 4.0 -0.845 -0.965 60.96 0.0149
282.796 60.00 60.8600 3.4 -0.858 -1.019 61.02 0.0202
282.895 60.00 60.8500 4.0 -0.849 -0.968 60.97 0.0149
282.995 60.00 60.8600 3.4 -0.861 -1.023 61.02 0.0202
283.096 60.00 60.8600 3.3 -0.865 -1.032 61.03 0.0209
283.195 60.00 60.8700 3.2 -0.869 -1.044 61.04 0.0219
283.296 60.00 60.8700 3.2 -0.870 -1.041 61.04 0.0214
283.395 60.00 60.8600 3.6 -0.865 -1.008 61.01 0.0178
283.495 60.00 60.8800 2.9 -0.878 -1.066 61.07 0.0235
283.595 60.00 60.8800 2.6 -0.885 -1.094 61.09 0.0260
283.695 60.00 60.8800 3.1 -0.880 -1.056 61.06 0.0220
283.797 60.00 60.8900 2.5 -0.891 -1.103 61.10 0.0265
283.897 60.00 60.8900 2.5 -0.894 -1.108 61.11 0.0267
283.996 60.00 60.8800 3.1 -0.885 -1.051 61.05 0.0207
284.096 60.00 60.9000 2.1 -0.905 -1.142 61.14 0.0296
284.196 60.00 60.8900 2.8 -0.896 -1.084 61.08 0.0236
284.296 60.00 60.9100 2.3 -0.906 -1.128 61.13 0.0278
284.397 60.00 60.9100 2.4 -0.908 -1.123 61.12 0.0270
284.496 60.00 60.9100 2.2 -0.914 -1.142 61.14 0.0286
284.596 60.00 60.9100 2.5 -0.910 -1.111 61.11 0.0252
284.696 60.00 60.9300 1.6 -0.928 -1.193 61.19 0.0331
284.797 60.00 60.9300 1.4 -0.934 -1.209 61.21 0.0344
284.898 60.00 60.9400 1.4 -0.938 -1.217 61.22 0.0348
284.998 60.00 60.9400 1.2 -0.944 -1.232 61.23 0.0360
285.098 60.00 60.9400 1.3 -0.945 -1.225 61.22 0.0350
285.197 60.00 60.9500 1.4 -0.946 -1.216 61.22 0.0337
285.298 60.00 60.9500 1.4 -0.950 -1.220 61.22 0.0338
285.398 60.00 60.9600 0.9 -0.961 -1.260 61.26 0.0374
285.497 60.00 60.9700 0.6 -0.970 -1.290 61.29 0.0401
285.598 60.00 60.9500 1.8 -0.952 -1.185 61.18 0.0291
285.698 60.00 60.9600 1.5 -0.960 -1.215 61.21 0.0318
285.799 60.00 60.9700 1.3 -0.966 -1.231 61.23 0.0332
285.898 60.00 60.9800 0.7 -0.980 -1.288 61.29 0.0385
285.999 60.00 60.9800 0.7 -0.983 -1.290 61.29 0.0383
286.099 60.00 60.9800 1.0 -0.981 -1.261 61.26 0.0350
286.198 60.00 60.9900 0.8 -0.989 -1.286 61.29 0.0372
286.299 60.00 60.9900 0.7 -0.992 -1.289 61.29 0.0372
286.398 60.00 61.0000 0.7 -0.996 -1.293 61.29 0.0371
286.499 60.00 61.0100 0.1 -1.010 -1.349 61.35 0.0424
286.598 60.00 61.0000 0.7 -1.003 -1.295 61.29 0.0365
286.698 60.00 61.0100 0.3 -1.013 -1.335 61.33 0.0402
286.800 60.00 61.0200 0.3 -1.017 -1.337 61.34 0.0399
286.899 60.00 61.0200 0.5 -1.017 -1.321 61.32 0.0380
287.000 60.00 61.0200 0.6 -1.018 -1.311 61.31 0.0366
287.099 60.00 61.0200 0.8 -1.017 -1.290 61.29 0.0341
287.199 60.00 61.0300 0.0 -1.035 -1.368 61.37 0.0416
287.299 60.00 61.0300 0.6 -1.028 -1.316 61.32 0.0360
287.399 60.00 61.0400 0.0 -1.041 -1.367 61.37 0.0407
287.500 60.00 61.0400 0.0 -1.046 -1.372 61.37 0.0408
287.599 60.00 61.0500 0.0 -1.053 -1.393 61.39 0.0425
287.699 60.00 61.0500 0.3 -1.047 -1.345 61.34 0.0373
287.800 60.00 61.0500 0.1 -1.054 -1.365 61.36 0.0389
287.900 60.00 61.0600 0.0 -1.063 -1.395 61.39 0.0416
288.001 60.00 61.0600 0.4 -1.056 -1.343 61.34 0.0359
288.101 60.00 61.0700 0.0 -1.068 -1.390 61.39 0.0402
288.200 60.00 61.0700 0.0 -1.075 -1.409 61.41 0.0418
288.301 60.00 61.0800 0.0 -1.083 -1.432 61.43 0.0437
288.400 60.00 61.0700 0.6 -1.067 -1.334 61.33 0.0334
288.500 60.00 61.0900 0.0 -1.089 -1.429 61.43 0.0425
288.601 60.00 61.0900 0.0 -1.088 -1.411 61.41 0.0403
288.699 60.00 61.0900 0.0 -1.093 -1.417 61.42 0.0406
288.802 60.00 61.0900 0.0 -1.094 -1.408 61.41 0.0392
288.901 60.00 61.1000 0.0 -1.104 -1.439 61.44 0.0419
289.002 60.00 61.1000 0.0 -1.105 -1.427 61.43 0.0403
289.101 60.00 61.1100 0.0 -1.113 -1.454 61.45 0.0426
289.201 60.00 61.1100 0.0 -1.115 -1.445 61.44 0.0413
289.302 60.00 61.1200 0.0 -1.120 -1.456 61.46 0.0419
289.401 60.00 61.1100 0.1 -1.112 -1.396 61.40 0.0355
289.501 60.00 61.1200 0.0 -1.124 -1.444 61.44 0.0400
289.602 60.00 61.1200 0.0 -1.122 -1.416 61.42 0.0368
289.700 60.00 61.1300 0.0 -1.135 -1.466 61.47 0.0414
289.802 60.00 61.1300 0.0 -1.133 -1.441 61.44 0.0385
0.110 61.20 61.2100 0.0 -0.003 -0.076 61.22 0.0011
0.208 61.20 61.2100 0.0 -0.008 -0.123 61.23 0.0027
0.309 61.20 61.2200 0.0 -0.014 -0.174 61.25 0.0046
0.408 61.20 61.2200 0.0 -0.022 -0.236 61.28 0.0075
0.509 61.20 61.2200 0.0 -0.019 -0.238 61.25 0.0046
0.610 61.20 61.2300 0.0 -0.032 -0.318 61.30 0.0094
0.709 61.19 61.2200 0.0 -0.030 -0.323 61.28 0.0067
0.810 61.19 61.2300 0.0 -0.045 -0.410 61.33 0.0123
0.909 61.19 61.2400 0.0 -0.053 -0.455 61.35 0.0137
1.011 61.18 61.2400 0.0 -0.059 -0.492 61.35 0.0142
1.110 61.18 61.2400 0.0 -0.061 -0.502 61.33 0.0120
1.210 61.17 61.2500 0.0 -0.078 -0.587 61.39 0.0175
1.311 61.17 61.2400 0.0 -0.075 -0.570 61.34 0.0127
1.410 61.16 61.2500 0.0 -0.084 -0.616 61.36 0.0142
1.511 61.16 61.2600 0.0 -0.101 -0.697 61.41 0.0191
1.611 61.15 61.2600 0.0 -0.109 -0.727 61.41 0.0192
1.710 61.14 61.2600 0.0 -0.116 -0.754 61.41 0.0188
1.810 61.14 61.2700 0.0 -0.134 -0.831 61.46 0.0235
1.911 61.13 61.2700 0.0 -0.134 -0.820 61.42 0.0193
2.011 61.12 61.2700 0.0 -0.144 -0.857 61.43 0.0199
2.112 61.12 61.2700 0.0 -0.155 -0.896 61.44 0.0208
2.211 61.11 61.2900 0.0 -0.175 -0.976 61.49 0.0259
