# time_s  setpoint_c  celsius  duty_pct  err_real  err_pred
3.900 25.43 25.5700 10.2 -0.147 1.245
3.951 25.43 25.6400 8.7 -0.207 1.060
4.000 25.44 25.6400 9.0 -0.201 1.088
4.051 25.44 25.7000 7.4 -0.261 0.901
4.100 25.45 25.3800 16.4 0.072 1.991
4.151 25.45 25.7000 7.9 -0.249 0.951
4.201 25.46 25.7000 8.1 -0.244 0.974
4.250 25.47 25.3800 17.0 0.089 2.066
4.300 25.47 25.6400 10.2 -0.167 1.236
4.351 25.48 25.5700 12.1 -0.096 1.474
4.401 25.48 25.5700 12.3 -0.090 1.497
4.451 25.49 25.5700 12.5 -0.084 1.521
4.500 25.50 25.5100 14.5 -0.012 1.759
4.551 25.50 25.5700 12.9 -0.072 1.568
4.601 25.51 25.5100 14.9 -0.000 1.805
4.651 25.51 25.7000 9.8 -0.190 1.191
4.700 25.52 25.5700 13.5 -0.054 1.641
4.750 25.53 25.6400 12.0 -0.113 1.450
4.801 25.53 25.7700 8.7 -0.237 1.051
4.851 25.54 25.7700 8.9 -0.230 1.078
4.900 25.55 25.5100 16.1 0.037 1.950
4.951 25.55 25.6400 12.8 -0.087 1.551
5.000 25.56 25.6400 13.0 -0.081 1.573
5.051 25.56 25.8300 8.0 -0.270 0.961
5.100 25.57 25.6400 13.4 -0.068 1.622
5.151 25.58 25.5700 15.3 0.004 1.859
5.201 25.58 25.7700 10.3 -0.185 1.245
5.250 25.59 25.3800 20.9 0.213 2.543
5.300 25.60 25.5700 15.9 0.023 1.921
5.351 25.60 25.5100 17.8 0.095 2.158
5.401 25.61 25.5700 16.2 0.036 1.965
5.451 25.62 25.5700 16.4 0.043 1.985
5.500 25.62 25.3800 21.8 0.247 2.649
5.550 25.63 25.6400 15.0 -0.009 1.815
5.601 25.64 25.5700 16.9 0.063 2.049
5.651 25.64 25.6400 15.4 0.005 1.861
5.700 25.65 25.5700 17.3 0.077 2.092
5.749 25.66 25.7000 14.0 -0.047 1.691
5.801 25.66 25.5700 17.6 0.091 2.135
5.851 25.67 25.6400 16.1 0.033 1.946
5.900 25.68 25.5700 18.0 0.105 2.177
5.950 25.69 25.5700 18.2 0.112 2.201
6.000 25.69 25.5100 20.1 0.184 2.432
6.051 25.70 25.1100 30.8 0.587 3.739
6.101 25.71 25.4400 22.1 0.264 2.679
6.150 25.71 25.5100 20.5 0.206 2.484
6.200 25.72 25.5100 20.7 0.213 2.504
6.250 25.73 25.8300 12.2 -0.106 1.465
6.301 25.74 25.7000 15.8 0.031 1.909
6.350 25.74 25.8300 12.6 -0.092 1.508
6.401 25.75 25.9000 11.1 -0.149 1.322
6.451 25.76 25.5700 19.9 0.183 2.404
6.500 25.76 25.8300 13.2 -0.070 1.579
6.550 25.77 25.7000 16.8 0.068 2.022
6.600 25.78 25.4400 23.9 0.337 2.895
6.651 25.79 25.6400 18.9 0.148 2.275
6.701 25.79 25.6400 19.0 0.155 2.294
6.750 25.80 25.4400 24.4 0.359 2.950
6.800 25.81 25.6400 19.3 0.170 2.331
6.851 25.82 25.5100 23.0 0.308 2.775
6.901 25.82 25.4400 24.9 0.381 3.007
6.951 25.83 25.3800 26.8 0.455 3.237
7.000 25.84 25.7000 18.2 0.135 2.191
7.050 25.85 25.3800 27.1 0.470 3.274
7.101 25.85 25.5700 22.0 0.281 2.649
7.151 25.86 25.4400 25.6 0.419 3.095
7.200 25.87 25.4400 25.8 0.427 3.111
7.249 25.88 25.6400 20.7 0.238 2.488
7.301 25.89 25.5700 22.6 0.311 2.722
7.351 25.89 25.5100 24.5 0.385 2.953
7.401 25.90 25.6400 21.1 0.262 2.545
7.450 25.91 25.6400 21.3 0.269 2.563
7.499 25.92 25.6400 21.5 0.277 2.584
7.551 25.92 25.4400 26.9 0.481 3.241
7.601 25.93 25.5100 25.2 0.424 3.043
7.650 25.94 25.7000 20.2 0.235 2.423
7.700 25.95 25.5700 23.8 0.374 2.866
7.750 25.96 25.5700 24.0 0.382 2.884
7.801 25.96 25.5100 25.9 0.455 3.114
7.850 25.97 25.6400 22.5 0.332 2.708
7.900 25.98 25.5700 24.4 0.406 2.936
7.951 25.99 25.8300 17.6 0.153 2.107
8.000 26.00 25.6400 23.0 0.356 2.763
8.050 26.00 25.5700 24.9 0.430 2.993
8.100 26.01 25.6400 23.3 0.373 2.798
8.151 26.02 25.4400 28.7 0.577 3.454
8.201 26.03 25.1800 35.8 0.848 4.324
8.250 26.04 25.4400 28.9 0.593 3.481
8.300 26.04 25.5700 25.5 0.470 3.069
8.351 26.05 25.5700 25.7 0.478 3.086
8.401 26.06 25.7000 22.4 0.356 2.679
8.451 26.07 25.5700 26.0 0.495 3.122
8.500 26.08 25.7700 21.0 0.307 2.505
8.551 26.09 25.5700 26.3 0.511 3.160
8.601 26.09 25.8300 19.5 0.259 2.329
8.651 26.10 25.3800 31.8 0.724 3.835
8.701 26.11 25.5700 26.8 0.536 3.210
8.750 26.12 25.7000 23.4 0.414 2.804
8.801 26.13 25.7000 23.6 0.422 2.820
8.851 26.13 25.5100 28.9 0.626 3.476
8.901 26.14 25.4400 30.8 0.700 3.705
8.950 26.15 25.9000 18.8 0.252 2.235
8.999 26.16 24.5800 54.1 1.581 6.548
9.051 26.17 25.7000 24.2 0.464 2.889
9.101 26.18 25.3800 33.0 0.800 3.973
9.150 26.19 25.6400 26.2 0.546 3.132
9.200 26.19 26.1600 12.6 0.036 1.467
9.250 26.20 25.6400 26.5 0.563 3.173
9.301 26.21 25.8300 21.5 0.376 2.557
9.351 26.22 25.9600 18.2 0.255 2.157
9.400 26.23 25.7000 25.3 0.523 3.020
9.451 26.24 25.7000 25.4 0.532 3.039
9.500 26.24 25.5700 29.1 0.671 3.479
9.551 26.25 25.7000 25.7 0.549 3.072
9.600 26.26 25.7000 25.9 0.557 3.088
9.651 26.27 25.8300 22.6 0.436 2.682
9.701 26.28 25.9000 21.0 0.380 2.489
9.750 26.29 25.4400 33.3 0.845 3.993
9.800 26.30 25.6400 28.2 0.657 3.368
9.851 26.30 25.6400 28.3 0.665 3.382
9.901 26.31 26.0300 18.1 0.285 2.136
9.951 26.32 25.6400 28.6 0.683 3.421
10.000 26.33 25.4400 34.0 0.888 4.074
10.051 26.34 25.5700 30.6 0.765 3.663
10.101 26.35 25.7000 27.3 0.644 3.253
10.151 26.36 25.7700 25.7 0.587 3.058
10.200 26.37 25.7700 25.9 0.596 3.077
10.249 26.37 25.6400 29.5 0.735 3.518
10.301 26.38 25.7000 27.9 0.678 3.320
10.351 26.39 25.6400 29.7 0.753 3.548
10.401 26.40 25.2500 40.3 1.155 4.845
10.450 26.41 25.7000 28.2 0.705 3.363
10.500 26.42 25.9000 23.2 0.519 2.746
10.551 26.43 25.6400 30.3 0.788 3.612
10.601 26.44 25.5100 33.9 0.927 4.050
10.650 26.44 25.8300 25.3 0.610 3.006
10.700 26.45 25.7000 28.9 0.749 3.446
10.750 26.46 25.3800 37.8 1.085 4.525
10.801 26.47 25.5700 32.6 0.897 3.897
10.850 26.48 25.5700 32.8 0.906 3.910
10.900 26.49 25.7000 29.4 0.784 3.500
10.951 26.50 25.5700 33.0 0.924 3.942
11.000 26.51 25.6400 31.4 0.868 3.742
11.050 26.52 25.7000 29.8 0.811 3.547
11.100 26.52 25.8300 26.5 0.690 3.137
11.151 26.53 25.7000 30.1 0.829 3.580
11.201 26.54 25.9600 23.3 0.579 2.750
11.250 26.55 25.3800 39.1 1.174 4.678
11.300 26.56 25.5700 33.9 0.987 4.047
11.351 26.57 25.7000 30.6 0.865 3.639
11.401 26.58 25.7000 30.8 0.874 3.655
11.451 26.59 25.6400 32.6 0.948 3.883
11.500 26.60 25.7000 31.0 0.892 3.682
11.550 26.61 25.7000 31.1 0.901 3.698
11.601 26.61 25.5700 34.7 1.041 4.137
11.651 26.62 25.8300 27.9 0.789 3.308
11.700 26.63 26.0900 21.2 0.540 2.482
11.749 26.64 25.7000 31.7 0.937 3.765
11.801 26.65 25.7000 31.9 0.946 3.784
11.851 26.66 25.5700 35.4 1.086 4.220
11.901 26.67 25.7000 32.1 0.964 3.809
11.950 26.68 25.9000 27.0 0.779 3.192
12.000 26.69 25.8300 28.9 0.853 3.421
12.051 26.70 26.0300 23.9 0.668 2.808
12.101 26.71 26.0300 24.1 0.677 2.827
12.150 26.71 25.9600 25.9 0.751 3.054
12.201 26.72 25.8300 29.5 0.889 3.494
12.250 26.73 25.7000 33.1 1.028 3.933
12.301 26.74 25.9000 28.1 0.843 3.315
12.350 26.75 25.9000 28.2 0.852 3.333
12.401 26.76 25.4400 40.5 1.318 4.834
12.451 26.77 25.9000 28.5 0.870 3.360
12.500 26.78 25.7000 33.8 1.074 4.009
12.550 26.79 25.8300 30.5 0.954 3.602
12.601 26.80 25.8300 30.6 0.963 3.620
12.651 26.81 26.0300 25.6 0.778 3.003
12.701 26.82 25.7000 34.4 1.111 4.075
12.751 26.82 25.9600 27.6 0.861 3.247
12.801 26.83 25.9000 29.5 0.935 3.476
12.850 26.84 25.9600 27.9 0.879 3.281
12.900 26.85 25.8300 31.5 1.018 3.719
12.951 26.86 25.9000 29.9 0.963 3.526
13.000 26.87 25.6400 37.0 1.232 4.388
13.050 26.88 25.7700 33.6 1.111 3.976
13.100 26.89 25.5700 38.9 1.316 4.627
13.151 26.90 25.7000 35.6 1.195 4.215
13.201 26.91 25.5700 39.2 1.334 4.655
13.250 26.92 25.8300 32.4 1.083 3.819
13.300 26.93 25.7700 34.2 1.158 4.046
13.351 26.94 25.7700 34.4 1.167 4.062
13.401 26.95 25.8300 32.8 1.111 3.863
13.451 26.95 25.8300 32.9 1.121 3.880
13.500 26.96 25.7700 34.8 1.195 4.108
13.550 26.97 25.9000 31.4 1.075 3.699
13.601 26.98 25.7700 35.0 1.214 4.137
13.651 26.99 25.7000 36.9 1.288 4.365
13.700 27.00 25.7000 37.0 1.297 4.376
13.749 27.01 25.9000 31.9 1.112 3.755
13.801 27.02 25.9600 30.3 1.057 3.561
13.851 27.03 25.9000 32.2 1.131 3.790
13.901 27.04 25.9600 30.6 1.075 3.598
13.951 27.05 25.7000 37.7 1.344 4.455
14.000 27.06 25.7000 37.8 1.354 4.467
14.050 27.07 25.9000 32.7 1.168 3.848
14.101 27.08 26.0300 29.4 1.049 3.446
14.151 27.09 26.1600 26.2 0.929 3.047
14.200 27.10 25.6400 40.1 1.457 4.748
14.249 27.11 25.9000 33.3 1.206 3.914
14.300 27.11 25.8300 35.2 1.280 4.141
14.351 27.12 25.9000 33.6 1.225 3.946
14.401 27.13 25.4400 45.8 1.691 5.444
14.451 27.14 25.9600 32.1 1.179 3.761
14.500 27.15 25.9600 32.2 1.189 3.776
14.550 27.16 25.8300 35.8 1.328 4.215
14.601 27.17 25.9000 34.2 1.272 4.017
14.651 27.18 25.9600 32.6 1.217 3.823
14.701 27.19 25.8300 36.2 1.356 4.260
14.750 27.20 25.7700 38.1 1.430 4.487
14.800 27.21 25.8300 36.5 1.375 4.291
14.851 27.22 25.9000 34.8 1.320 4.090
14.901 27.23 25.9000 35.0 1.329 4.107
14.951 27.24 25.9000 35.1 1.339 4.124
15.000 27.25 25.9000 35.2 1.348 4.138
15.050 27.26 25.9000 35.4 1.358 4.155
15.101 27.27 25.9600 33.8 1.303 3.958
15.151 27.27 0.0000 0.0 1.303 3.958
15.201 27.28 26.0300 32.2 1.248 3.766
15.250 27.29 26.0300 32.4 1.257 3.782
15.300 27.29 25.9600 34.2 1.331 4.009
15.351 27.30 26.0900 30.9 1.212 3.605
15.401 27.31 26.0300 32.8 1.286 3.831
15.451 27.32 25.8300 38.1 1.489 4.480
15.500 27.33 25.9600 34.8 1.369 4.071
15.550 27.34 25.9600 34.9 1.379 4.089
15.601 27.35 25.8300 38.5 1.518 4.525
15.651 27.36 26.0900 31.8 1.269 3.700
15.701 27.37 26.2900 26.8 1.086 3.091
15.750 27.38 25.9000 37.2 1.482 4.364
15.800 27.39 25.8300 39.1 1.556 4.591
15.851 27.40 25.9600 35.7 1.436 4.183
15.901 27.41 25.7000 42.8 1.705 5.043
15.951 27.42 25.9000 37.7 1.520 4.421
16.000 27.43 26.0300 34.4 1.401 4.014
16.050 27.44 26.2200 29.4 1.217 3.405
16.101 27.45 26.0300 34.7 1.420 4.050
16.151 27.46 25.7700 41.7 1.688 4.910
16.201 27.47 26.0300 35.0 1.439 4.080
16.250 27.48 25.9000 38.5 1.578 4.518
16.300 27.49 25.9600 37.0 1.523 4.320
16.351 27.50 26.0900 33.6 1.404 3.916
16.401 27.51 26.2200 30.4 1.285 3.516
16.451 27.52 26.1600 32.2 1.358 3.743
16.500 27.53 26.0900 34.1 1.432 3.969
16.550 27.53 26.2200 30.8 1.313 3.566
16.601 27.54 26.1600 32.7 1.387 3.796
16.651 27.55 25.9600 38.0 1.590 4.440
16.701 27.56 26.0300 36.4 1.535 4.247
16.750 27.57 26.0300 36.5 1.545 4.262
16.800 27.58 26.0900 35.0 1.490 4.068
16.851 27.59 26.0300 36.8 1.564 4.295
16.901 27.60 26.0300 37.0 1.574 4.310
16.951 27.61 26.2200 32.0 1.391 3.697
17.000 27.62 26.0900 35.5 1.529 4.135
17.050 27.63 26.0900 35.7 1.539 4.151
17.101 27.64 26.1600 34.1 1.484 3.957
17.151 27.65 25.9600 39.4 1.687 4.604
17.201 27.66 26.0300 37.8 1.632 4.408
17.250 27.67 26.1600 34.5 1.513 4.004
17.300 27.68 26.0900 36.4 1.587 4.232
17.351 27.69 26.1600 34.8 1.532 4.038
17.401 27.70 26.1600 35.0 1.542 4.054
17.451 27.71 26.1600 35.1 1.552 4.073
17.500 27.72 25.9000 42.1 1.820 4.928
17.550 27.73 26.2200 33.7 1.507 3.893
17.601 27.74 25.9600 40.6 1.774 4.746
17.651 27.75 26.1600 35.6 1.591 4.134
17.701 27.76 26.2900 32.4 1.472 3.733
17.750 27.77 26.1600 35.9 1.610 4.168
17.800 27.78 26.0900 37.8 1.684 4.396
17.850 27.79 26.4100 29.4 1.374 3.370
17.901 27.80 26.1600 36.4 1.639 4.221
17.951 27.81 26.2900 33.1 1.521 3.822
18.000 27.82 25.9000 43.6 1.917 5.096
18.050 27.83 26.0300 40.2 1.797 4.687
18.101 27.84 26.0900 38.6 1.743 4.492
18.151 27.84 26.2200 35.4 1.624 4.088
18.201 27.85 26.1600 37.2 1.698 4.317
18.250 27.86 26.4800 28.9 1.388 3.293
18.300 27.87 26.1600 37.5 1.717 4.352
18.351 27.88 26.1600 37.7 1.727 4.370
18.401 27.89 26.3500 32.7 1.544 3.758
18.451 27.90 25.3100 60.5 2.592 7.152
18.500 27.91 26.3500 32.9 1.564 3.783
18.550 27.92 26.3500 33.1 1.574 3.800
18.601 27.93 26.3500 33.2 1.583 3.821
18.651 27.94 26.2900 35.1 1.657 4.047
18.701 27.95 26.4800 30.2 1.475 3.442
18.750 27.96 26.5400 28.6 1.422 3.254
18.800 27.97 26.2200 37.3 1.750 4.312
18.851 27.98 26.4800 30.7 1.505 3.500
18.901 27.99 26.2200 37.6 1.770 4.350
18.951 28.00 26.3500 34.4 1.652 3.951
19.000 28.01 26.4100 32.8 1.598 3.764
19.050 28.02 26.2200 38.1 1.799 4.402
19.101 28.03 26.3500 34.8 1.681 4.005
19.151 28.04 26.3500 35.0 1.691 4.023
19.201 28.05 26.2900 36.8 1.765 4.248
19.250 28.06 26.3500 35.3 1.711 4.059
19.300 28.07 26.6000 28.7 1.466 3.249
19.351 28.08 26.4100 33.9 1.666 3.890
19.401 28.09 26.4800 32.4 1.612 3.701
19.451 28.10 25.5700 56.5 2.525 6.654
19.500 28.11 26.3500 36.0 1.760 4.140
19.550 28.12 26.4800 32.8 1.642 3.746
19.601 28.13 26.4100 34.6 1.715 3.972
19.651 28.14 26.4800 33.1 1.661 3.783
19.701 28.15 26.5400 31.6 1.608 3.594
19.750 28.16 26.4100 35.1 1.745 4.031
19.800 28.17 26.4800 33.6 1.691 3.842
19.851 28.18 26.6700 28.7 1.510 3.241
19.901 28.19 26.6000 30.6 1.583 3.469
19.951 28.20 26.4800 34.1 1.720 3.905
20.000 28.21 26.3500 37.7 1.858 4.338
20.050 28.22 26.4800 34.5 1.740 3.940
20.101 28.23 26.3500 38.0 1.877 4.373
20.151 28.24 26.2900 39.8 1.951 4.597
20.201 28.25 26.7900 26.5 1.453 2.960
20.250 28.26 26.4800 35.1 1.779 4.013
20.300 28.27 26.7300 28.5 1.535 3.206
20.351 28.28 26.6700 30.4 1.608 3.433
20.401 28.29 26.6000 32.2 1.682 3.663
20.451 28.30 26.4100 37.5 1.882 4.303
20.500 28.31 26.4800 35.9 1.828 4.113
20.550 28.32 26.6700 31.0 1.648 3.511
20.601 28.32 26.7300 29.5 1.594 3.329
20.651 28.33 25.7700 55.2 2.565 6.472
20.701 28.34 26.6700 31.5 1.677 3.563
20.750 28.35 26.6000 33.3 1.751 3.790
20.800 28.36 26.6000 33.5 1.760 3.810
20.851 28.37 26.6000 33.7 1.770 3.829
20.901 28.38 26.6000 33.9 1.780 3.851
20.951 28.39 26.5400 35.7 1.853 4.077
21.000 28.40 26.7300 30.8 1.673 3.477
21.050 28.41 26.6000 34.4 1.810 3.909
21.101 28.42 26.7300 31.2 1.693 3.517
21.151 28.43 26.9800 24.6 1.451 2.718
21.201 28.44 26.4800 38.3 1.966 4.387
21.250 28.45 26.6700 33.4 1.786 3.784
21.300 28.46 26.6700 33.5 1.795 3.803
21.351 28.47 26.7300 32.0 1.742 3.617
21.401 28.48 26.6000 35.6 1.879 4.053
21.451 28.49 26.4800 39.1 2.016 4.484
21.500 28.50 26.6700 34.2 1.835 3.882
21.550 28.51 26.7300 32.7 1.782 3.696
21.601 28.52 26.5400 37.9 1.982 4.333
21.651 28.53 26.7900 31.3 1.738 3.528
21.701 28.54 26.6700 34.9 1.874 3.963
21.750 28.55 26.9800 26.7 1.569 2.955
21.800 28.56 26.7300 33.6 1.831 3.800
21.851 28.57 26.6700 35.4 1.904 4.026
21.901 28.58 26.7900 32.2 1.788 3.633
21.951 28.59 26.5400 39.1 2.051 4.477
22.000 28.60 26.6700 35.9 1.934 4.082
22.050 28.61 26.7900 32.7 1.817 3.690
22.101 28.62 26.9200 29.6 1.701 3.303
22.151 28.63 26.7900 33.1 1.837 3.736
22.201 28.64 27.1100 24.9 1.533 2.735
22.250 28.65 26.9200 30.1 1.731 3.371
22.300 28.66 26.7900 33.7 1.867 3.803
22.351 28.67 26.8600 32.2 1.813 3.618
22.401 28.68 26.7300 35.7 1.950 4.049
22.451 28.69 26.6700 37.5 2.023 4.274
22.500 28.70 26.6000 39.4 2.096 4.498
22.550 28.71 27.2300 22.8 1.477 2.471
22.601 28.72 26.7300 36.4 1.989 4.129
22.651 28.73 26.9200 31.5 1.810 3.533
22.701 28.74 26.9200 31.7 1.820 3.557
22.750 28.75 26.9200 31.9 1.830 3.579
22.800 28.76 26.9200 32.1 1.839 3.600
22.851 28.77 26.8600 34.0 1.912 3.827
22.901 28.78 26.7900 35.8 1.985 4.051
22.951 28.79 27.2300 24.3 1.556 2.645
23.000 28.80 26.9200 32.8 1.879 3.686
23.050 28.81 27.0500 29.7 1.763 3.302
23.101 28.82 26.9800 31.5 1.836 3.526
23.151 28.83 26.9800 31.7 1.846 3.551
23.201 28.84 27.0500 30.3 1.793 3.369
23.250 28.85 26.9800 32.1 1.866 3.595
23.300 28.86 26.9800 32.3 1.876 3.616
23.351 28.87 26.9800 32.5 1.886 3.638
23.401 28.88 27.0500 31.0 1.833 3.455
23.451 28.89 27.5400 18.0 1.345 1.860
23.500 28.90 26.9800 33.1 1.915 3.713
23.550 28.91 26.9200 34.9 1.988 3.935
23.601 28.92 27.1100 30.1 1.810 3.344
23.651 28.93 26.9800 33.6 1.945 3.774
23.701 28.94 27.0500 32.2 1.892 3.593
23.750 28.95 27.0500 32.4 1.902 3.616
23.800 28.96 26.9200 35.9 2.038 4.045
23.851 28.97 27.1700 29.4 1.797 3.251
23.901 28.98 27.0500 32.9 1.932 3.680
23.951 28.99 27.0500 33.1 1.942 3.701
24.000 29.00 27.1100 31.6 1.889 3.520
24.050 29.01 27.1100 31.8 1.899 3.542
24.101 29.02 27.1100 32.0 1.909 3.564
24.151 29.03 27.1700 30.5 1.857 3.382
24.201 29.04 27.2300 29.0 1.804 3.202
24.250 29.05 27.0500 34.2 2.001 3.835
24.300 29.06 27.1700 31.1 1.886 3.449
24.351 29.07 27.2900 27.9 1.772 3.067
24.401 29.08 27.6000 19.9 1.472 2.088
24.451 29.09 26.9200 38.4 2.167 4.342
24.500 29.10 27.2300 30.2 1.864 3.344
24.550 29.11 27.2300 30.4 1.874 3.367
24.601 29.12 27.2900 29.0 1.821 3.188
24.651 29.13 27.1700 32.5 1.956 3.617
24.701 29.14 27.3600 27.7 1.779 3.031
24.750 29.15 27.4800 24.6 1.665 2.656
24.800 29.16 27.1700 33.1 1.986 3.689
24.851 29.17 27.0500 36.6 2.121 4.120
24.901 29.18 27.2300 31.8 1.943 3.528
24.951 29.19 27.4800 25.4 1.705 2.746
25.000 29.20 27.2300 32.2 1.963 3.576
25.050 29.21 27.8500 16.0 1.355 1.594
25.101 29.22 27.2900 31.0 1.921 3.430
25.151 29.23 27.2300 32.8 1.993 3.652
25.201 29.24 27.6000 23.2 1.631 2.468
25.250 29.25 27.2300 33.3 2.013 3.704
25.300 29.26 27.4200 28.5 1.836 3.120
25.351 29.27 27.4200 28.7 1.846 3.145
25.401 29.28 27.4200 28.9 1.856 3.169
25.451 29.29 27.2900 32.4 1.990 3.597
25.500 29.30 27.4200 29.3 1.876 3.218
25.551 29.31 27.4800 27.9 1.824 3.038
25.601 29.31 27.3600 31.4 1.958 3.465
25.650 29.32 27.5400 26.6 1.782 2.884
25.701 29.33 27.4200 30.1 1.916 3.315
25.750 29.34 27.6000 25.4 1.740 2.736
25.801 29.35 27.4800 28.9 1.874 3.164
25.850 29.36 27.8500 19.3 1.514 1.988
25.900 29.37 27.4200 31.0 1.956 3.419
25.951 29.38 27.7300 23.0 1.657 2.439
26.000 29.39 27.6000 26.5 1.790 2.867
26.051 29.40 27.2300 36.6 2.172 4.101
26.100 29.41 27.4800 30.2 1.933 3.314
26.151 29.42 27.4800 30.4 1.943 3.338
26.201 29.43 27.4800 30.6 1.953 3.361
26.250 29.44 27.5400 29.1 1.901 3.184
26.300 29.45 27.5400 29.4 1.911 3.208
26.350 29.46 27.7300 24.6 1.736 2.632
26.401 29.47 27.6000 28.1 1.869 3.059
26.451 29.48 27.7300 25.1 1.756 2.684
26.500 29.49 27.6700 26.9 1.828 2.911
26.550 29.50 27.7900 23.9 1.715 2.536
26.601 29.51 27.7300 25.8 1.786 2.763
26.651 29.52 27.6700 27.6 1.858 2.990
26.701 29.53 27.7300 26.2 1.806 2.814
26.750 29.54 27.6000 29.7 1.939 3.240
26.800 29.55 27.6700 28.2 1.888 3.065
26.851 29.56 27.6700 28.4 1.898 3.090
26.901 29.57 27.6000 30.3 1.969 3.314
26.951 29.58 27.7300 27.2 1.856 2.938
27.000 29.59 27.4200 35.7 2.174 3.970
27.050 29.60 27.7300 27.6 1.876 2.989
27.101 29.61 27.5400 32.8 2.070 3.614
27.151 29.62 27.6000 31.3 2.019 3.434
27.201 29.63 27.7300 28.2 1.906 3.060
27.250 29.64 27.7300 28.5 1.916 3.085
27.300 29.65 27.9100 23.8 1.742 2.513
27.351 29.66 27.8500 25.6 1.813 2.740
27.401 29.67 27.6700 30.8 2.007 3.365
27.451 29.68 27.8500 26.1 1.833 2.790
27.500 29.69 27.7900 27.9 1.904 3.015
27.550 29.70 27.8500 26.5 1.853 2.841
27.601 29.71 27.9700 23.5 1.740 2.471
27.651 29.72 27.7300 30.2 1.995 3.294
27.701 29.73 27.8500 27.2 1.883 2.923
27.750 29.74 27.9100 25.8 1.831 2.747
27.800 29.75 27.8500 27.6 1.902 2.976
27.851 29.76 27.8500 27.8 1.912 2.999
27.901 29.77 27.9100 26.4 1.861 2.828
27.951 29.78 28.1600 20.2 1.628 2.060
28.000 29.79 27.7900 30.2 2.004 3.282
28.050 29.79 0.0000 0.0 2.004 3.282
28.100 29.80 27.9100 27.1 1.891 2.906
28.151 29.81 28.0300 24.1 1.779 2.538
28.201 29.82 28.0300 24.3 1.789 2.563
28.250 29.83 27.7900 31.0 2.043 3.387
28.300 29.84 27.9700 26.4 1.870 2.816
28.350 29.85 27.9100 28.2 1.941 3.037
28.401 29.86 28.2200 20.4 1.647 2.077
28.451 29.87 27.8500 30.3 2.022 3.291
28.500 29.88 28.1600 22.4 1.727 2.328
28.550 29.89 27.6700 35.6 2.226 3.947
28.600 29.90 28.0300 26.1 1.869 2.774
28.651 29.91 28.0900 24.7 1.818 2.603
28.701 29.92 28.0900 24.9 1.828 2.630
28.750 29.93 28.0300 26.8 1.899 2.855
28.800 29.94 27.9700 28.6 1.970 3.080
28.851 29.95 27.9700 28.8 1.980 3.106
28.901 29.96 27.8500 32.3 2.112 3.528
28.951 29.97 28.0300 27.6 1.939 2.956
29.000 29.98 27.9700 29.4 2.009 3.181
29.050 29.99 28.2200 23.2 1.776 2.416
29.101 30.00 28.2800 21.8 1.726 2.246
29.151 30.01 28.2200 23.7 1.796 2.473
29.201 30.02 28.2200 23.9 1.806 2.501
29.250 30.03 28.2200 24.2 1.816 2.532
29.300 30.04 28.2800 22.8 1.766 2.360
29.351 30.05 28.2200 24.6 1.836 2.586
29.401 30.06 28.3400 21.6 1.725 2.220
29.451 30.07 28.4600 18.7 1.614 1.860
29.500 30.08 28.7000 12.6 1.384 1.112
29.550 30.09 28.3400 22.4 1.755 2.318
29.601 30.10 28.3400 22.7 1.765 2.347
29.651 30.11 28.4000 21.3 1.714 2.179
29.701 30.12 28.3400 23.2 1.785 2.405
29.750 30.13 28.1600 28.2 1.976 3.024
29.800 30.14 28.3400 23.6 1.805 2.460
29.851 30.15 28.2200 27.1 1.936 2.881
29.901 30.16 28.3400 24.1 1.825 2.514
29.951 30.17 28.2200 27.5 1.956 2.936
30.000 30.18 28.4000 22.9 1.784 2.373
30.050 30.19 27.9700 34.5 2.219 3.782
30.101 30.20 28.5200 20.2 1.684 2.033
30.151 30.21 28.4000 23.6 1.814 2.454
30.201 30.22 28.5800 19.1 1.644 1.897
30.250 30.23 28.5200 20.9 1.714 2.123
30.300 30.24 28.5200 21.2 1.724 2.153
30.351 30.25 28.0900 32.6 2.157 3.557
30.401 30.26 28.4600 23.2 1.804 2.401
30.451 30.27 28.4600 23.4 1.814 2.430
30.500 30.28 28.5200 22.1 1.764 2.263
30.550 30.29 28.9400 11.2 1.355 0.933
30.601 30.30 28.7600 16.2 1.544 1.549
30.651 30.31 28.5200 22.9 1.794 2.360
30.701 30.32 28.5800 21.5 1.744 2.194
30.750 30.33 28.5200 23.4 1.814 2.419
30.800 30.34 28.7000 18.8 1.644 1.862
30.851 30.35 28.6400 20.7 1.714 2.088
30.901 30.36 28.5800 22.5 1.784 2.313
30.951 30.37 28.6400 21.2 1.734 2.147
31.000 30.38 28.6400 21.4 1.743 2.177
31.050 30.39 28.7000 20.1 1.694 2.012
31.101 30.40 28.6400 21.9 1.763 2.237
31.151 30.41 28.8200 17.4 1.594 1.684
31.201 30.42 28.6400 22.4 1.783 2.298
31.250 30.43 28.6400 22.7 1.793 2.328
31.300 30.44 28.5800 24.5 1.863 2.552
31.351 30.45 28.9400 15.2 1.515 1.416
31.401 30.46 28.5800 25.0 1.883 2.613
31.451 30.47 28.7600 20.5 1.714 2.057
31.500 30.48 29.0000 14.4 1.486 1.314
31.550 30.49 28.8800 17.9 1.615 1.734
31.601 30.50 28.8200 19.7 1.684 1.959
31.651 30.51 29.0500 13.6 1.456 1.217
31.701 30.52 29.0000 15.5 1.526 1.444
31.750 30.53 28.8200 20.5 1.714 2.057
31.800 30.54 28.8800 19.2 1.664 1.893
31.851 30.55 28.8200 21.0 1.734 2.118
31.901 30.56 28.8800 19.7 1.684 1.954
31.951 30.57 28.8200 21.5 1.754 2.179
32.000 30.58 28.8800 20.2 1.704 2.015
32.050 30.59 28.9400 18.9 1.655 1.852
32.101 30.60 28.8800 20.7 1.724 2.077
32.150 30.61 29.1100 14.6 1.497 1.336
32.200 30.62 29.0000 18.1 1.625 1.754
32.248 30.63 29.1100 15.2 1.517 1.401
32.299 30.64 29.0500 17.0 1.586 1.626
32.350 30.65 28.7600 25.2 1.893 2.624
32.400 30.66 28.9400 20.7 1.725 2.071
32.450 30.67 28.9400 20.9 1.735 2.102
32.498 30.68 29.0000 19.6 1.685 1.939
32.549 30.69 29.1100 16.7 1.577 1.585
32.599 30.70 29.2900 12.3 1.410 1.042
32.650 30.71 29.2300 14.1 1.479 1.268
32.700 30.72 29.1100 17.5 1.607 1.686
32.748 30.73 29.2300 14.7 1.499 1.337
32.799 30.74 29.0500 19.7 1.686 1.947
32.850 30.75 29.2300 15.2 1.519 1.402
32.900 30.76 29.1100 18.6 1.647 1.816
32.950 30.77 29.4100 11.1 1.362 0.893
32.998 30.78 29.2900 14.5 1.490 1.310
33.049 30.79 29.1700 17.9 1.618 1.728
33.100 30.80 29.1700 18.1 1.628 1.757
33.150 30.81 29.4700 10.6 1.344 0.835
33.200 30.82 29.2900 15.6 1.530 1.443
33.248 30.83 29.2900 15.8 1.540 1.476
33.299 30.84 29.1700 19.2 1.668 1.890
33.350 30.85 29.1700 19.5 1.678 1.924
33.400 30.86 29.2300 18.2 1.628 1.762
33.450 30.87 28.7000 32.7 2.173 3.530
33.498 30.88 29.4100 14.0 1.472 1.242
33.549 30.89 29.6400 8.1 1.248 0.518
33.600 30.90 29.4100 14.6 1.492 1.316
33.650 30.91 29.4100 14.8 1.502 1.349
33.700 30.92 29.4100 15.1 1.512 1.383
33.748 30.93 29.4700 13.8 1.463 1.225
33.799 30.94 29.4100 15.7 1.532 1.450
33.850 30.95 29.4100 15.9 1.542 1.484
33.900 30.96 29.4100 16.2 1.552 1.516
33.950 30.97 29.3500 18.1 1.621 1.739
33.998 30.98 29.4100 16.8 1.572 1.581
34.049 30.99 29.4100 17.0 1.582 1.612
34.100 31.00 29.5800 12.6 1.416 1.074
34.150 31.01 29.6400 11.4 1.368 0.920
34.200 31.02 29.7000 10.1 1.320 0.766
34.248 31.03 29.4100 18.2 1.622 1.751
34.299 31.04 29.2900 21.5 1.749 2.164
34.350 31.05 29.4700 17.1 1.583 1.622
34.400 31.06 29.5300 15.8 1.535 1.463
34.450 31.07 29.4700 17.7 1.603 1.688
34.498 31.08 29.6400 13.3 1.438 1.149
34.549 31.09 29.5800 15.1 1.506 1.373
34.600 31.10 29.7000 12.3 1.400 1.028
34.650 31.11 29.8200 9.5 1.294 0.685
34.700 31.12 29.6400 14.4 1.478 1.288
34.748 31.13 29.5800 16.2 1.546 1.511
34.799 31.14 29.6400 14.9 1.498 1.354
34.850 31.15 29.2900 24.6 1.859 2.530
34.900 31.16 29.7000 13.9 1.460 1.227
34.950 31.17 29.7000 14.2 1.470 1.264
34.998 31.18 29.7000 14.5 1.480 1.295
35.049 31.19 29.7600 13.2 1.432 1.143
35.100 31.20 29.7000 15.0 1.500 1.363
35.150 31.21 29.8200 12.2 1.394 1.021
35.200 31.22 29.7600 14.1 1.462 1.242
35.248 31.23 29.5800 19.0 1.646 1.846
35.299 31.24 29.7000 16.1 1.540 1.496
35.350 31.25 29.7000 16.4 1.550 1.532
35.400 31.26 29.6400 18.2 1.618 1.751
35.450 31.27 29.7600 15.4 1.512 1.407
35.498 31.28 29.9300 11.1 1.348 0.872
35.549 31.29 29.7600 16.0 1.532 1.476
35.600 31.30 29.8200 14.7 1.483 1.317
35.650 31.31 29.4100 25.8 1.902 2.680
35.700 31.32 29.8700 13.7 1.445 1.189
35.748 31.33 29.9900 10.9 1.340 0.851
35.799 31.34 29.8200 15.8 1.523 1.448
35.850 31.35 29.7600 17.6 1.592 1.672
35.900 31.36 29.7600 17.9 1.602 1.702
35.950 31.37 30.0500 10.4 1.322 0.795
35.998 31.38 30.0500 10.7 1.332 0.828
36.049 31.39 29.9900 12.6 1.400 1.054
36.100 31.40 29.9900 12.8 1.410 1.086
36.150 31.41 30.0500 11.6 1.362 0.936
36.200 31.42 30.0500 11.9 1.372 0.972
36.247 31.43 30.0500 12.2 1.382 1.003
36.298 31.44 29.9900 14.0 1.450 1.229
36.349 31.45 30.1600 9.7 1.287 0.698
36.399 31.46 29.8700 17.6 1.585 1.674
36.448 31.47 30.0500 13.3 1.422 1.140
36.497 31.48 30.0500 13.6 1.432 1.177
36.549 31.49 30.2200 9.3 1.270 0.648
36.599 31.50 30.3300 6.5 1.165 0.314
36.649 31.51 30.1100 12.9 1.404 1.095
36.698 31.52 29.9900 16.3 1.530 1.507
36.747 31.53 30.1100 13.5 1.424 1.162
36.799 31.54 30.3900 6.2 1.148 0.267
36.849 31.55 30.1100 14.1 1.444 1.238
36.899 31.56 30.2800 9.8 1.282 0.711
36.948 31.57 30.3300 8.6 1.235 0.562
36.998 31.58 30.6800 0.0 0.903 -0.512
37.049 31.59 30.2200 12.3 1.370 1.012
37.099 31.60 29.9900 18.7 1.610 1.795
37.148 31.61 30.4500 6.7 1.161 0.334
37.198 31.62 30.3300 10.1 1.285 0.743
37.248 31.63 30.4500 7.3 1.181 0.408
37.299 31.64 30.3300 10.7 1.305 0.817
37.348 31.65 30.2200 14.0 1.430 1.224
37.398 31.66 30.4500 8.2 1.211 0.515
37.449 31.67 30.2800 13.1 1.392 1.109
37.498 31.68 30.5100 7.3 1.174 0.401
37.548 31.69 30.4500 9.1 1.241 0.623
37.598 31.70 30.3300 12.4 1.365 1.031
37.649 31.71 30.4500 9.7 1.261 0.693
37.699 31.72 30.5100 8.5 1.214 0.546
37.747 31.73 30.4500 10.3 1.281 0.767
37.798 31.74 30.5600 7.5 1.177 0.433
37.849 31.75 31.0200 0.0 0.735 -1.000
37.899 31.76 30.6200 6.7 1.140 0.329
37.949 31.77 30.7300 4.0 1.037 -0.002
37.997 31.78 30.4500 11.8 1.331 0.959
38.048 31.79 30.5600 9.1 1.227 0.625
38.099 31.80 30.6200 7.9 1.180 0.476
38.149 31.81 30.6800 6.7 1.133 0.328
38.199 31.82 30.6200 8.5 1.200 0.551
38.247 31.83 30.6200 8.8 1.210 0.587
38.299 31.84 30.5600 10.6 1.277 0.808
38.348 31.85 30.6200 9.4 1.230 0.659
38.398 31.86 30.5600 11.2 1.297 0.880
38.449 31.87 30.7300 7.0 1.137 0.361
38.498 31.88 30.6800 8.8 1.203 0.583
38.549 31.89 30.5100 13.6 1.384 1.174
38.598 31.90 30.6800 9.4 1.223 0.656
38.649 31.91 30.6800 9.7 1.233 0.689
38.699 31.92 30.8500 5.5 1.074 0.174
38.748 31.93 30.8500 5.8 1.084 0.212
38.798 31.94 30.7300 9.1 1.207 0.620
38.849 31.95 30.7300 9.4 1.217 0.653
38.899 31.96 30.5600 14.2 1.397 1.243
38.949 31.97 30.6800 11.4 1.293 0.907
38.997 31.98 30.7900 8.8 1.190 0.577
39.048 31.99 30.9600 4.5 1.031 0.060
39.099 32.00 30.7900 9.3 1.210 0.649
39.149 32.01 30.6200 14.2 1.390 1.240
39.198 32.02 30.7900 9.9 1.230 0.722
39.247 32.03 30.8500 8.7 1.184 0.574
39.299 32.04 30.9000 7.5 1.137 0.427
39.349 32.05 30.9000 7.8 1.147 0.464
39.399 32.06 30.9000 8.1 1.157 0.501
39.448 32.07 30.9000 8.4 1.167 0.537
39.497 32.08 30.9600 7.2 1.121 0.391
39.549 32.09 30.7300 13.6 1.357 1.162
39.599 32.10 31.0200 6.3 1.085 0.279
39.648 32.11 30.9600 8.1 1.151 0.499
39.698 32.12 31.0200 6.9 1.105 0.353
39.748 32.13 31.0200 7.2 1.115 0.391
39.799 32.14 31.1800 3.1 0.957 -0.119
39.848 32.15 31.2400 1.9 0.911 -0.262
39.899 32.16 30.9600 9.7 1.201 0.689
39.949 32.17 31.0200 8.5 1.155 0.542
39.998 32.18 31.0700 7.3 1.109 0.396
40.048 32.19 31.1300 6.1 1.063 0.251
40.098 32.20 30.9000 12.4 1.297 1.019
40.149 32.21 31.1300 6.7 1.083 0.323
40.199 32.22 31.1300 7.0 1.093 0.360
40.247 32.23 31.5200 0.0 0.712 -0.871
40.298 32.24 30.9600 12.1 1.281 0.987
40.347 32.25 31.1300 7.9 1.123 0.474
40.398 32.26 31.1800 6.8 1.077 0.329
40.448 32.27 31.4600 0.0 0.808 -0.539
40.496 32.28 31.2400 5.9 1.041 0.225
40.547 32.29 31.1300 9.2 1.163 0.626
40.598 32.30 31.4100 2.1 0.894 -0.245
40.648 32.31 31.3500 3.9 0.959 -0.024
40.698 32.32 31.4100 2.7 0.914 -0.166
40.746 32.33 31.4600 1.6 0.868 -0.307
40.797 32.34 31.2400 7.8 1.101 0.456
40.848 32.35 31.2900 6.6 1.055 0.312
40.898 32.36 31.4100 4.0 0.954 -0.013
40.947 32.37 31.3500 5.8 1.019 0.206
40.996 32.38 31.3500 6.1 1.029 0.244
41.048 32.39 31.3500 6.4 1.039 0.281
41.098 32.40 31.4100 5.2 0.994 0.138
41.147 32.41 31.5200 2.5 0.893 -0.186
41.197 32.42 31.4600 4.3 0.958 0.034
41.247 32.43 31.4100 6.1 1.024 0.253
41.298 32.44 31.5200 3.5 0.923 -0.071
41.347 32.45 31.4600 5.3 0.988 0.149
41.398 32.46 31.4600 5.6 0.998 0.187
41.448 32.47 31.6800 0.0 0.787 -0.496
41.497 32.48 31.4600 6.2 1.018 0.265
41.547 32.49 31.6800 0.7 0.807 -0.418
41.597 32.50 31.4100 8.3 1.094 0.523
41.648 32.51 31.4600 7.2 1.048 0.378
41.698 32.52 31.5700 4.5 0.947 0.054
41.746 32.53 31.5700 4.8 0.957 0.092
41.797 32.54 31.5700 5.1 0.967 0.130
41.848 32.55 31.5200 6.9 1.033 0.348
41.898 32.56 31.5700 5.8 0.987 0.205
41.947 32.57 31.7900 0.2 0.777 -0.476
41.996 32.58 31.7400 2.0 0.842 -0.256
42.048 32.59 31.7400 2.3 0.852 -0.217
42.098 32.60 31.6300 5.5 0.972 0.181
42.148 32.61 32.1200 0.0 0.488 -1.388
42.197 32.62 31.6800 4.8 0.937 0.083
42.247 32.63 31.7400 3.6 0.892 -0.058
42.298 32.64 31.7400 3.9 0.902 -0.020
42.348 32.65 31.6300 7.2 1.022 0.378
42.397 32.66 31.6800 6.0 0.977 0.235
42.448 32.67 31.7400 4.8 0.932 0.092
42.497 32.68 31.9600 0.0 0.722 -0.584
42.548 32.69 31.7400 5.5 0.952 0.171
42.597 32.70 31.9600 0.0 0.742 -0.506
42.648 32.71 31.9000 1.7 0.807 -0.288
42.698 32.72 31.7900 5.0 0.927 0.109
42.747 32.73 32.0700 0.0 0.662 -0.745
42.797 32.74 31.5700 11.5 1.168 0.906
42.848 32.75 31.8500 4.4 0.902 0.043
42.898 32.76 31.9000 3.3 0.857 -0.097
42.948 32.77 31.8500 5.0 0.922 0.120
42.996 32.78 31.9600 2.5 0.822 -0.199
43.047 32.79 31.9000 4.2 0.887 0.018
43.098 32.80 31.8500 6.0 0.952 0.234
43.148 32.81 31.7900 7.8 1.017 0.450
43.197 32.82 31.9600 3.7 0.862 -0.049
43.246 32.83 31.9600 4.0 0.872 -0.011
43.298 32.84 31.6800 11.6 1.157 0.921
43.348 32.85 31.9600 4.6 0.892 0.061
43.397 32.86 32.0100 3.4 0.847 -0.079
43.447 32.87 32.1800 0.0 0.693 -0.574
43.497 32.88 32.0700 2.6 0.813 -0.178
43.548 32.89 32.0100 4.4 0.877 0.039
43.597 32.90 32.1200 1.8 0.778 -0.280
43.648 32.91 32.0100 5.0 0.897 0.115
43.698 32.92 32.2300 0.0 0.689 -0.557
43.747 32.93 32.1200 2.8 0.808 -0.163
43.797 32.94 32.1200 3.1 0.818 -0.124
43.847 32.95 32.1200 3.4 0.828 -0.086
43.898 32.96 32.0700 5.1 0.893 0.130
43.948 32.97 32.1200 4.0 0.848 -0.010
43.996 32.98 32.1800 2.9 0.804 -0.149
44.047 32.99 32.2300 1.7 0.759 -0.288
44.098 33.00 32.0100 7.8 0.988 0.461
44.148 33.01 32.3400 0.0 0.670 -0.566
44.198 33.02 32.1200 5.6 0.898 0.181
44.246 33.03 32.2300 3.0 0.799 -0.136
44.297 33.04 32.2300 3.3 0.809 -0.098
44.348 33.05 32.3900 0.0 0.656 -0.589
44.398 33.06 32.2900 2.5 0.775 -0.196
44.446 33.07 32.1800 5.7 0.894 0.197
44.495 33.08 32.1800 6.0 0.904 0.234
44.547 33.09 32.7200 0.0 0.372 -1.489
44.597 33.10 32.1200 8.1 0.978 0.492
44.646 33.11 32.2300 5.5 0.879 0.173
44.696 33.12 32.4500 0.0 0.672 -0.495
44.746 33.13 32.1200 9.0 1.008 0.604
44.797 33.14 32.4500 0.6 0.692 -0.421
44.846 33.15 32.3400 3.8 0.811 -0.029
44.896 33.16 32.3400 4.2 0.821 0.009
44.947 33.17 32.4500 1.6 0.722 -0.306
44.996 33.18 32.5600 0.0 0.624 -0.618
45.046 33.19 32.4500 2.2 0.742 -0.226
45.096 33.20 32.1800 9.8 1.024 0.695
45.147 33.21 32.1200 11.5 1.088 0.906
45.197 33.22 32.4500 3.1 0.772 -0.120
45.245 33.23 32.2900 7.7 0.945 0.447
45.296 33.24 32.6600 0.0 0.576 -0.748
45.347 33.25 32.5000 2.6 0.748 -0.181
45.397 33.26 32.5600 1.5 0.704 -0.318
45.447 33.27 32.3900 6.1 0.876 0.248
45.495 33.28 32.9300 0.0 0.348 -1.466
45.546 33.29 32.5600 2.5 0.734 -0.199
45.597 33.30 32.6100 1.3 0.690 -0.336
45.647 33.31 32.6100 1.6 0.700 -0.297
45.697 33.32 32.7200 0.0 0.603 -0.608
45.745 33.33 32.6100 2.3 0.720 -0.218
45.797 33.34 32.5600 4.0 0.784 -0.005
45.847 33.35 32.6600 1.5 0.686 -0.318
45.897 33.36 32.6600 1.8 0.696 -0.279
45.946 33.37 32.6600 2.1 0.706 -0.240
45.995 33.38 33.0400 0.0 0.341 -1.421
46.047 33.39 32.7700 0.0 0.619 -0.508
46.097 33.40 32.6600 3.1 0.736 -0.119
46.146 33.41 32.8300 0.0 0.585 -0.605
46.196 33.42 32.6600 3.7 0.756 -0.041
46.246 33.43 32.6600 4.0 0.766 -0.003
46.297 33.44 32.7700 1.5 0.669 -0.316
46.346 33.45 32.7700 1.8 0.679 -0.277
46.396 33.46 32.8800 0.0 0.582 -0.587
46.447 33.47 32.8800 0.0 0.592 -0.547
46.496 33.48 32.7200 4.2 0.763 0.016
46.546 33.49 32.7200 4.5 0.773 0.053
46.596 33.50 32.7700 3.4 0.729 -0.085
46.647 33.51 32.8800 0.8 0.632 -0.395
46.697 33.52 32.8300 2.6 0.695 -0.182
46.745 33.53 32.9900 0.0 0.545 -0.666
46.796 33.54 32.8300 3.2 0.715 -0.104
46.847 33.55 32.7700 5.0 0.779 0.108
46.897 33.56 32.7700 5.2 0.789 0.144
46.947 33.57 32.8800 2.7 0.692 -0.167
46.995 33.58 32.6600 8.7 0.916 0.568
47.046 33.59 32.7700 6.2 0.819 0.253
47.097 33.60 32.8800 3.6 0.722 -0.059
47.147 33.61 33.0400 0.0 0.572 -0.542
47.197 33.62 32.9900 1.4 0.635 -0.330
47.245 33.63 32.9900 1.7 0.645 -0.291
47.297 33.64 32.9900 2.0 0.655 -0.253
47.347 33.65 32.9300 3.7 0.718 -0.041
47.396 33.66 32.7700 8.3 0.889 0.519
47.446 33.67 32.9300 4.3 0.738 0.031
47.496 33.68 33.0900 0.4 0.588 -0.451
47.547 33.69 32.9900 3.5 0.705 -0.067
47.597 33.70 33.1500 0.0 0.555 -0.549
47.646 33.71 32.9300 5.6 0.778 0.184
47.697 33.72 32.9300 5.9 0.788 0.220
47.746 33.73 33.0900 1.9 0.638 -0.263
47.797 33.74 33.4700 0.0 0.274 -1.442
47.846 33.75 33.1500 1.2 0.605 -0.355
47.897 33.76 33.0400 4.3 0.722 0.030
47.947 33.77 33.2000 0.4 0.572 -0.453
47.996 33.78 33.1500 2.1 0.635 -0.241
48.046 33.79 33.1500 2.4 0.645 -0.203
48.096 33.80 33.1500 2.7 0.655 -0.165
48.147 33.81 33.4100 0.0 0.397 -0.999
48.197 33.82 33.1500 3.4 0.675 -0.086
48.246 33.83 33.2000 2.2 0.632 -0.222
48.296 33.84 33.4700 0.0 0.374 -1.054
48.346 33.85 33.2000 2.9 0.652 -0.143
48.397 33.86 33.1500 4.6 0.715 0.068
48.447 33.87 33.3100 0.6 0.563 -0.424
48.494 33.88 33.3100 0.9 0.573 -0.385
48.545 33.89 33.3100 1.2 0.583 -0.346
48.596 33.90 33.3100 1.6 0.593 -0.308
48.646 33.91 33.3600 0.5 0.550 -0.442
48.695 33.92 33.2000 5.1 0.722 0.124
48.744 33.93 33.3100 2.5 0.623 -0.195
48.796 33.94 33.3600 1.4 0.580 -0.329
48.846 33.95 33.6300 0.0 0.326 -1.148
48.895 33.96 33.4700 0.0 0.494 -0.593
48.945 33.97 33.4700 0.0 0.504 -0.553
48.995 33.98 33.4700 0.0 0.514 -0.514
49.046 33.99 33.5700 0.0 0.419 -0.818
49.095 34.00 33.3600 3.3 0.640 -0.092
49.145 34.01 33.4100 2.2 0.597 -0.226
49.196 34.02 33.6300 0.0 0.396 -0.874
49.245 34.03 33.4100 2.9 0.617 -0.148
49.296 34.04 33.5700 0.0 0.469 -0.625
49.345 34.05 33.5200 0.7 0.531 -0.415
49.396 34.06 33.5700 0.0 0.489 -0.547
49.446 34.07 33.3600 5.5 0.710 0.178
49.495 34.08 33.6300 0.0 0.456 -0.643
49.545 34.09 33.5200 1.9 0.572 -0.262
49.595 34.10 33.6300 0.0 0.476 -0.566
49.646 34.11 33.6300 0.0 0.486 -0.527
49.696 34.12 33.5200 2.9 0.602 -0.146
49.745 34.13 33.4100 6.0 0.717 0.234
49.795 34.14 33.6300 0.7 0.516 -0.415
49.846 34.15 33.5200 3.8 0.632 -0.035
49.896 34.16 33.5200 4.1 0.642 0.001
49.946 34.17 33.7300 0.0 0.441 -0.645
49.994 34.18 33.5700 3.3 0.609 -0.094
50.046 34.19 33.7300 0.0 0.461 -0.569
50.096 34.20 33.4700 6.7 0.734 0.325
50.145 34.21 33.8400 0.0 0.377 -0.835
50.195 34.22 33.6300 3.1 0.596 -0.113
50.244 34.23 33.6800 2.0 0.554 -0.247
50.296 34.24 33.8400 0.0 0.407 -0.721
50.346 34.25 33.7300 1.3 0.522 -0.341
50.395 34.26 33.6800 3.0 0.584 -0.132
50.446 34.27 33.5700 6.1 0.699 0.246
50.495 34.28 33.5700 6.4 0.709 0.282
50.546 34.29 33.8900 0.0 0.405 -0.705
50.595 34.30 33.7300 2.8 0.572 -0.156
50.646 34.31 33.8900 0.0 0.425 -0.629
50.696 34.32 33.7300 3.4 0.592 -0.079
50.745 34.33 33.8900 0.0 0.445 -0.553
50.795 34.34 33.7800 2.6 0.559 -0.174
50.845 34.35 33.9900 0.0 0.360 -0.816
50.896 34.36 33.8400 1.9 0.527 -0.267
50.946 34.37 33.9400 0.0 0.432 -0.569
50.994 34.38 33.6300 8.1 0.757 0.491
51.046 34.39 33.8400 2.8 0.557 -0.157
51.096 34.40 34.0400 0.0 0.358 -0.798
51.145 34.41 33.8900 2.0 0.525 -0.250
51.196 34.42 33.8900 2.3 0.535 -0.213
51.245 34.43 34.0400 0.0 0.388 -0.684
51.295 34.44 34.0400 0.0 0.398 -0.645
51.345 34.45 33.9400 1.9 0.513 -0.267
51.396 34.46 33.9400 2.2 0.523 -0.229
51.446 34.47 33.8400 5.3 0.637 0.147
51.495 34.48 34.0400 0.0 0.438 -0.495
51.545 34.49 33.9400 3.1 0.553 -0.118
51.596 34.50 34.0400 0.6 0.458 -0.420
51.646 34.51 34.1500 0.0 0.365 -0.719
51.696 34.52 34.0400 1.2 0.478 -0.343
51.744 34.53 33.9900 3.0 0.541 -0.135
51.795 34.54 33.8900 6.0 0.655 0.240
51.846 34.55 34.0400 2.1 0.508 -0.233
51.896 34.56 34.1000 1.1 0.466 -0.365
51.945 34.57 33.8900 6.9 0.685 0.350
51.994 34.58 34.2500 0.0 0.331 -0.798
52.046 34.59 34.0400 3.4 0.548 -0.084
52.096 34.60 34.1000 2.3 0.506 -0.217
52.145 34.61 33.9400 6.7 0.673 0.328
52.196 34.62 34.2000 0.1 0.423 -0.482
52.245 34.63 34.2500 0.0 0.381 -0.612
52.296 34.64 34.1000 3.5 0.547 -0.068
52.345 34.65 34.1500 2.4 0.505 -0.200
52.395 34.66 34.4100 0.0 0.256 -1.003
52.446 34.67 33.9900 7.2 0.681 0.384
52.495 34.68 34.2000 1.9 0.483 -0.257
52.545 34.69 34.2000 2.3 0.493 -0.220
52.595 34.70 34.1000 5.3 0.607 0.154
52.645 34.71 34.1500 4.2 0.565 0.021
52.695 34.72 34.3500 0.0 0.368 -0.616
52.744 34.73 34.1500 4.8 0.585 0.096
52.794 34.74 34.1000 6.5 0.647 0.300
52.845 34.75 34.2500 2.7 0.501 -0.171
52.895 34.76 34.2500 3.0 0.511 -0.134
52.945 34.77 34.2000 4.6 0.573 0.070
52.993 34.78 34.3000 2.2 0.479 -0.230
53.044 34.79 34.3500 1.1 0.438 -0.361
53.095 34.80 34.3000 2.8 0.499 -0.156
53.145 34.81 34.1000 8.6 0.717 0.555
53.194 34.82 34.2500 4.7 0.571 0.083
53.243 34.83 34.4600 0.0 0.375 -0.553
53.295 34.84 34.6100 0.0 0.231 -1.015
53.345 34.85 34.3000 4.3 0.549 0.029
53.394 34.86 34.4600 0.5 0.405 -0.438
53.444 34.87 34.3500 3.5 0.518 -0.065
53.494 34.88 34.3500 3.8 0.528 -0.029
53.545 34.89 34.3500 4.1 0.538 0.007
53.595 34.90 34.4600 1.7 0.445 -0.292
53.644 34.91 34.4600 2.0 0.455 -0.255
53.695 34.92 34.3500 5.0 0.568 0.117
53.744 34.93 34.2500 8.0 0.681 0.488
53.795 34.94 34.5600 0.1 0.382 -0.483
53.844 34.95 34.4600 3.1 0.495 -0.111
53.895 34.96 34.4600 3.4 0.505 -0.075
53.945 34.97 34.4100 5.1 0.566 0.129
53.994 34.98 34.4100 5.4 0.576 0.164
54.044 34.99 34.3500 7.0 0.638 0.367
54.094 35.00 34.4600 4.6 0.545 0.066
54.145 35.01 34.6600 0.0 0.349 -0.566
54.195 35.02 34.4600 5.2 0.565 0.140
54.243 35.03 34.8200 0.0 0.216 -0.992
54.294 35.04 34.5600 3.1 0.482 -0.119
54.345 35.05 34.5100 4.7 0.543 0.084
54.395 35.06 34.6600 0.9 0.400 -0.381
54.445 35.07 34.2500 12.2 0.821 0.995
54.493 35.08 34.4600 7.0 0.625 0.356
54.544 35.09 34.5600 4.5 0.532 0.055
54.595 35.10 34.3500 10.3 0.748 0.760
54.645 35.11 34.5600 5.1 0.552 0.123
54.694 35.12 34.7700 0.0 0.357 -0.507
54.743 35.13 34.5600 5.7 0.572 0.196
54.795 35.14 34.7100 1.9 0.428 -0.269
54.845 35.15 34.7700 0.8 0.387 -0.398
54.894 35.16 34.7100 2.5 0.448 -0.194
54.944 35.17 34.7100 2.8 0.458 -0.158
54.994 35.18 34.7100 3.1 0.468 -0.121
55.045 35.19 34.6600 4.7 0.530 0.082
55.094 35.20 34.8700 0.0 0.335 -0.547
55.144 35.21 34.6600 5.3 0.550 0.155
55.195 35.22 34.6600 5.6 0.560 0.190
55.244 35.23 34.6600 5.9 0.570 0.225
55.294 35.24 34.7700 3.5 0.477 -0.073
55.344 35.25 34.7100 5.1 0.538 0.129
55.395 35.26 34.7700 4.0 0.497 -0.002
55.445 35.27 34.7100 5.7 0.558 0.200
55.493 35.28 34.7700 4.6 0.517 0.068
55.544 35.29 34.6100 9.0 0.681 0.603
55.595 35.30 34.7700 5.2 0.537 0.137
55.645 35.31 34.7100 6.8 0.599 0.338
55.695 35.32 34.8200 4.4 0.506 0.039
55.743 35.33 34.4600 14.2 0.875 1.242
55.795 35.34 34.7100 7.6 0.629 0.438
55.845 35.35 35.0200 0.0 0.333 -0.523
55.894 35.36 34.8700 4.2 0.495 0.011
55.944 35.37 34.8700 4.5 0.505 0.047
55.994 35.38 34.8200 6.1 0.566 0.248
56.045 35.39 34.8700 5.0 0.525 0.117
56.095 35.40 34.8700 5.3 0.535 0.152
56.144 35.41 34.8200 6.9 0.596 0.352
56.195 35.42 34.7100 9.9 0.709 0.719
56.244 35.43 34.8700 6.1 0.565 0.253
56.295 35.44 35.2700 0.0 0.170 -1.031
56.344 35.45 34.7700 9.5 0.688 0.660
56.395 35.46 34.7700 9.7 0.698 0.692
56.445 35.47 34.6600 12.7 0.810 1.058
56.494 35.48 34.9200 6.2 0.564 0.258
56.544 35.49 34.9700 5.1 0.524 0.128
56.594 35.50 34.9700 5.4 0.534 0.163
56.645 35.51 34.8700 8.4 0.646 0.529
56.695 35.52 35.0700 3.3 0.452 -0.100
56.743 35.53 35.0200 4.9 0.513 0.101
56.793 35.54 35.0200 5.2 0.523 0.136
56.844 35.55 34.0400 31.4 1.509 3.345
56.894 35.56 35.0200 5.7 0.543 0.192
56.944 35.57 34.9200 8.6 0.655 0.558
56.993 35.58 34.9200 8.9 0.665 0.591
57.043 35.59 34.9200 9.2 0.675 0.624
57.094 35.60 34.9200 9.4 0.685 0.657
57.144 35.61 34.8700 11.1 0.746 0.855
57.193 35.62 35.0700 5.9 0.552 0.225
57.243 35.63 35.0200 7.6 0.613 0.425
57.294 35.64 35.2700 1.1 0.370 -0.364
57.344 35.65 34.9700 9.5 0.684 0.661
57.393 35.66 35.1200 5.7 0.541 0.199
57.443 35.67 35.1200 6.0 0.551 0.234
57.493 35.68 35.0700 7.6 0.612 0.433
57.544 35.69 35.1200 6.6 0.572 0.302
57.593 35.70 35.1200 6.8 0.582 0.336
57.643 35.71 35.0200 9.8 0.693 0.700
57.694 35.72 34.9700 11.4 0.754 0.898
57.743 35.73 34.7700 17.1 0.968 1.592
57.793 35.74 35.1200 7.9 0.622 0.463
57.843 35.75 35.1200 8.2 0.632 0.496
57.894 35.76 35.2200 5.7 0.540 0.201
57.944 35.77 35.2200 6.0 0.550 0.235
57.993 35.78 35.2200 6.3 0.560 0.270
58.043 35.79 35.0700 10.6 0.722 0.798
58.093 35.80 35.2700 5.5 0.530 0.172
58.144 35.81 35.2200 7.1 0.590 0.371
58.194 35.82 35.0200 12.8 0.803 1.064
58.243 35.83 35.0200 13.1 0.813 1.095
58.293 35.84 35.2200 7.9 0.620 0.467
58.344 35.85 35.2700 6.9 0.580 0.336
58.394 35.86 35.2200 8.5 0.640 0.534
58.444 35.87 35.2700 7.4 0.600 0.403
58.493 35.88 35.3200 6.3 0.559 0.273
58.543 35.89 35.2200 9.3 0.670 0.636
58.594 35.90 35.3700 5.6 0.529 0.176
58.644 35.91 35.3700 5.8 0.539 0.211
58.693 35.92 35.3700 6.1 0.549 0.246
58.743 35.93 35.2700 9.1 0.660 0.608
58.794 35.94 35.2700 9.4 0.670 0.641
58.844 35.95 35.3200 8.3 0.629 0.509
58.893 35.96 35.3700 7.2 0.589 0.379
58.943 35.97 35.3700 7.5 0.599 0.413
58.993 35.98 35.3700 7.8 0.609 0.446
59.044 35.99 35.0700 16.1 0.922 1.465
59.093 36.00 35.3700 8.3 0.629 0.509
59.143 36.01 34.9700 19.3 1.044 1.859
59.194 36.02 35.3700 8.8 0.649 0.570
59.243 36.03 35.4200 7.7 0.609 0.439
59.293 36.04 35.3700 9.3 0.669 0.636
59.343 36.05 35.7300 0.3 0.328 -0.472
59.394 36.06 35.2700 12.6 0.790 1.035
59.444 36.07 35.3200 11.5 0.750 0.901
59.493 36.08 35.2700 13.1 0.810 1.097
59.543 36.09 35.3700 10.7 0.719 0.800
59.593 36.10 35.6300 4.3 0.478 0.016
59.644 36.11 35.4200 9.9 0.689 0.704
59.694 36.12 35.4800 8.8 0.649 0.573
59.743 36.13 35.4800 9.1 0.659 0.606
59.793 36.14 35.4800 9.4 0.669 0.639
59.844 36.15 35.6300 5.6 0.528 0.183
59.894 36.16 35.4800 9.9 0.689 0.706
59.944 36.17 35.3700 12.9 0.799 1.066
59.993 36.18 35.4800 10.4 0.709 0.770
60.044 36.19 35.4800 10.7 0.719 0.802
60.094 36.20 35.4800 11.0 0.729 0.834
60.144 36.21 35.5800 8.6 0.638 0.539
60.193 36.22 35.4800 11.5 0.749 0.899
60.243 36.23 35.4800 11.8 0.759 0.930
60.294 36.24 35.5800 9.3 0.668 0.635
60.343 36.25 35.3200 16.3 0.930 1.485
60.393 36.26 35.5800 9.9 0.688 0.697
60.444 36.27 35.4200 14.1 0.849 1.220
60.493 36.28 35.6300 9.1 0.658 0.598
60.544 36.29 35.5800 10.7 0.718 0.793
60.593 36.30 35.5800 10.9 0.728 0.825
60.643 36.31 35.4200 15.2 0.889 1.347
60.694 36.32 35.6300 10.1 0.699 0.724
60.743 36.33 35.6300 10.4 0.709 0.756
60.793 36.34 35.6300 10.6 0.719 0.789
60.842 36.35 35.5800 12.2 0.779 0.983
60.893 36.36 35.6300 11.2 0.739 0.852
60.943 36.37 35.5800 12.7 0.799 1.046
60.993 36.38 35.6800 10.3 0.708 0.752
61.042 36.39 35.6300 11.9 0.769 0.947
61.092 36.40 35.7300 9.5 0.678 0.653
61.143 36.41 35.7800 8.5 0.639 0.524
61.193 36.42 35.8800 6.1 0.549 0.233
61.243 36.43 35.6300 13.0 0.809 1.079
61.292 36.44 35.6300 13.3 0.819 1.110
61.342 36.45 35.5300 16.2 0.929 1.466
61.393 36.46 35.7800 9.8 0.689 0.682
61.443 36.47 35.7300 11.4 0.748 0.876
61.492 36.48 35.7300 11.6 0.758 0.908
61.541 36.49 35.6300 14.6 0.869 1.266
61.593 36.50 35.7300 12.1 0.778 0.970
61.643 36.51 35.8800 8.4 0.639 0.516
61.692 36.52 35.8300 10.0 0.699 0.711
61.742 36.53 35.5800 16.9 0.959 1.555
61.792 36.54 35.7300 13.2 0.818 1.096
61.843 36.55 35.8300 10.8 0.729 0.803
61.892 36.56 35.7800 12.4 0.789 0.997
61.942 36.57 35.8800 10.0 0.699 0.704
61.993 36.58 35.8800 10.2 0.709 0.737
62.042 36.59 35.7300 14.5 0.869 1.255
62.092 36.60 35.7300 14.7 0.879 1.285
62.142 36.61 35.9700 8.4 0.640 0.506
62.193 36.62 35.8300 12.6 0.799 1.024
62.243 36.63 35.8300 12.9 0.809 1.056
62.292 36.64 35.7800 14.4 0.869 1.248
62.342 36.65 35.8800 12.0 0.779 0.955
62.392 36.66 35.7800 14.9 0.889 1.310
62.443 36.67 35.9200 11.2 0.750 0.855
62.493 36.68 35.9700 10.2 0.710 0.725
62.542 36.69 35.9200 11.8 0.770 0.919
62.592 36.70 35.7800 16.0 0.929 1.436
62.643 36.71 35.9200 12.3 0.790 0.980
62.693 36.72 36.2200 4.6 0.502 0.044
62.743 36.73 35.8800 14.1 0.859 1.208
62.792 36.74 35.8800 14.4 0.869 1.239
62.843 36.75 35.9700 12.0 0.780 0.946
62.893 36.76 35.9200 13.6 0.840 1.139
62.943 36.77 35.9200 13.8 0.850 1.170
62.992 36.78 35.7800 18.0 1.009 1.685
63.041 36.79 35.9200 14.3 0.870 1.228
63.093 36.80 35.9700 13.2 0.830 1.097
63.143 36.81 36.1700 8.2 0.642 0.483
63.192 36.82 36.0700 11.1 0.751 0.839
63.242 36.83 35.9700 14.0 0.860 1.193
63.292 36.84 36.1200 10.3 0.721 0.740
63.343 36.85 36.0700 11.9 0.781 0.934
63.392 36.86 35.9700 14.8 0.890 1.288
63.442 36.87 35.9200 16.4 0.950 1.480
63.493 36.88 36.2200 8.7 0.662 0.542
63.542 36.89 36.0200 14.2 0.870 1.219
63.593 36.90 35.9700 15.8 0.930 1.411
63.642 36.91 35.9200 17.4 0.990 1.602
63.693 36.92 36.0700 13.7 0.851 1.147
63.743 36.93 35.9700 16.6 0.960 1.499
63.792 36.94 36.0700 14.2 0.871 1.206
63.843 36.95 35.9700 17.1 0.980 1.559
63.893 36.96 36.1200 13.3 0.841 1.105
63.942 36.97 36.1200 13.6 0.851 1.135
63.992 36.98 36.0700 15.2 0.911 1.327
64.042 36.99 36.1700 12.8 0.822 1.035
64.093 37.00 36.0700 15.7 0.931 1.389
64.142 37.01 36.0700 15.9 0.941 1.418
64.193 37.02 36.1700 13.5 0.852 1.126
64.243 37.03 36.0200 17.7 1.010 1.640
64.292 37.04 36.0700 16.6 0.971 1.507
64.342 37.05 36.2700 11.6 0.783 0.894
64.392 37.06 36.1700 14.5 0.892 1.246
64.443 37.07 35.9700 20.0 1.100 1.921
64.493 37.08 36.1700 15.0 0.912 1.304
64.542 37.09 36.1700 15.2 0.922 1.334
64.592 37.10 36.1700 15.5 0.932 1.364
64.642 37.11 36.1700 15.7 0.942 1.394
64.693 37.12 36.2200 14.7 0.902 1.263
64.743 37.13 36.1700 16.2 0.962 1.454
64.792 37.14 36.1200 17.8 1.021 1.644
64.842 37.15 36.0700 19.4 1.081 1.834
64.893 37.16 36.1200 18.3 1.041 1.700
64.943 37.17 36.2700 14.6 0.903 1.247
64.993 37.18 36.2200 16.1 0.963 1.438
65.042 37.19 36.2700 15.1 0.923 1.307
65.092 37.20 36.3200 14.0 0.884 1.177
65.143 37.21 36.3200 14.2 0.894 1.208
65.193 37.22 35.9200 25.0 1.300 2.526
65.243 37.23 36.0700 21.3 1.161 2.066
65.292 37.24 36.3700 13.6 0.875 1.130
65.342 37.25 36.1700 19.1 1.082 1.802
65.393 37.26 36.3700 14.1 0.895 1.189
65.443 37.27 36.3200 15.7 0.954 1.380
65.493 37.28 36.3700 14.6 0.915 1.250
65.542 37.29 36.1700 20.1 1.122 1.921
65.592 37.30 36.4200 13.8 0.886 1.148
65.644 37.31 36.4200 14.0 0.896 1.179
65.694 37.32 36.6200 9.1 0.710 0.572
65.742 37.34 36.2700 18.5 1.064 1.723
65.792 37.35 36.4200 14.8 0.926 1.271
65.844 37.36 36.3700 16.4 0.985 1.461
65.894 37.37 36.3700 16.6 0.995 1.491
65.943 37.38 36.4700 14.2 0.907 1.201
65.993 37.39 36.4700 14.5 0.917 1.232
66.044 37.40 36.3200 18.7 1.074 1.742
66.094 37.41 36.3700 17.6 1.035 1.610
66.143 37.42 36.3200 19.1 1.094 1.799
66.193 37.43 36.4200 16.8 1.006 1.507
66.243 37.44 36.4700 15.7 0.967 1.377
66.294 37.45 36.4700 15.9 0.977 1.407
66.343 37.46 35.6800 37.2 1.780 4.013
66.393 37.47 36.2200 22.9 1.243 2.255
66.444 37.48 36.4200 17.9 1.056 1.641
66.493 37.49 36.5700 14.2 0.919 1.192
66.544 37.50 36.4700 17.1 1.027 1.541
66.593 37.51 36.5200 16.0 0.988 1.411
66.643 37.52 36.5200 16.2 0.998 1.441
66.694 37.53 36.5200 16.5 1.008 1.470
66.743 37.54 36.5200 16.7 1.018 1.500
66.794 37.55 36.5700 15.7 0.979 1.371
66.843 37.56 36.5700 15.9 0.989 1.401
66.893 37.57 36.5200 17.5 1.048 1.590
66.944 37.58 36.7100 12.5 0.862 0.983
66.993 37.59 36.5200 18.0 1.068 1.651
67.043 37.60 36.4700 19.5 1.127 1.839
67.093 37.61 36.5200 18.4 1.088 1.708
67.144 37.62 36.6600 14.8 0.951 1.259
67.194 37.63 36.5700 17.6 1.059 1.608
67.243 37.64 36.5200 19.2 1.118 1.796
67.293 37.65 36.6200 16.8 1.030 1.506
67.343 37.66 36.4700 21.0 1.187 2.013
67.393 37.67 36.5700 18.6 1.099 1.722
67.444 37.68 36.7600 13.6 0.913 1.116
67.493 37.69 36.3700 24.3 1.315 2.420
67.543 37.70 36.7600 14.1 0.933 1.173
67.593 37.71 36.5700 19.6 1.139 1.839
67.643 37.72 36.6200 18.5 1.100 1.708
67.694 37.73 36.9100 10.9 0.817 0.786
67.743 37.74 36.6600 17.7 1.071 1.610
67.793 37.75 36.6600 17.9 1.081 1.639
67.843 37.76 36.7100 16.9 1.042 1.510
67.894 37.77 36.6600 18.4 1.101 1.698
67.944 37.78 36.4700 23.9 1.307 2.364
67.993 37.79 36.7600 16.3 1.024 1.436
68.043 37.80 36.7600 16.5 1.034 1.466
68.093 37.81 36.7100 18.1 1.092 1.654
68.144 37.82 36.7600 17.0 1.054 1.525
68.194 37.83 36.7100 18.6 1.112 1.713
68.243 37.84 36.5700 22.7 1.269 2.218
68.293 37.85 36.1200 34.7 1.722 3.685
68.343 37.86 36.6200 21.8 1.240 2.106
68.394 37.87 36.8100 16.8 1.055 1.498
68.444 37.88 36.7600 18.4 1.114 1.687
68.493 37.89 36.6200 22.5 1.270 2.192
68.543 37.90 36.7600 18.8 1.134 1.742
68.593 37.91 36.8600 16.5 1.046 1.454
68.643 37.92 36.6200 23.2 1.300 2.277
68.694 37.93 36.8600 17.0 1.066 1.511
68.743 37.94 36.7600 19.8 1.174 1.857
68.794 37.95 37.0100 13.6 0.941 1.095
68.843 37.96 36.9100 16.4 1.048 1.442
68.894 37.97 36.8100 19.2 1.155 1.789
68.944 37.98 36.7100 22.1 1.263 2.134
68.993 37.99 36.7100 22.3 1.273 2.162
69.043 38.00 36.7600 21.2 1.234 2.030
69.093 38.01 36.8600 18.9 1.146 1.741
69.144 38.02 37.0100 15.2 1.011 1.296
69.194 38.03 36.8600 19.4 1.166 1.800
69.243 38.04 36.8600 19.6 1.176 1.829
69.294 38.05 36.9100 18.5 1.138 1.699
69.343 38.06 37.0500 14.9 1.002 1.255
69.394 38.07 36.7100 24.2 1.353 2.393
69.444 38.08 36.9100 19.2 1.168 1.785
69.493 38.09 36.9600 18.2 1.129 1.656
69.544 38.10 36.9600 18.4 1.139 1.685
69.593 38.11 36.9600 18.7 1.149 1.714
69.644 38.12 36.9100 20.2 1.208 1.901
69.694 38.13 36.9600 19.2 1.169 1.772
69.743 38.14 36.9100 20.7 1.228 1.958
69.794 38.15 36.9100 20.9 1.238 1.986
69.843 38.16 37.0100 18.6 1.151 1.699
69.894 38.17 37.0500 17.5 1.112 1.570
69.944 38.18 36.9600 20.4 1.219 1.915
69.993 38.19 36.9100 21.9 1.278 2.101
70.043 38.20 36.9100 22.1 1.288 2.128
70.093 38.21 37.2500 13.3 0.959 1.055
70.144 38.22 36.9100 22.6 1.308 2.187
70.194 38.23 37.1500 16.4 1.076 1.427
70.243 38.24 37.0100 20.5 1.231 1.929
70.293 38.25 36.9600 22.0 1.289 2.115
70.343 38.26 37.0500 19.7 1.202 1.827
70.394 38.27 37.0500 19.9 1.212 1.856
70.444 38.28 37.1000 18.9 1.174 1.727
70.493 38.29 37.0500 20.4 1.232 1.914
70.544 38.30 36.9600 23.2 1.339 2.257
70.593 38.31 37.0100 22.1 1.301 2.126
70.643 38.32 36.9600 23.6 1.359 2.311
70.694 38.33 37.1000 20.0 1.224 1.865
70.743 38.34 37.2000 17.7 1.137 1.580
70.794 38.35 37.0500 21.8 1.292 2.081
70.843 38.36 37.1500 19.4 1.206 1.794
70.893 38.37 37.1000 20.9 1.264 1.980
70.944 38.38 37.1500 19.9 1.226 1.851
70.993 38.39 37.0500 22.7 1.332 2.194
71.044 38.40 37.2000 19.1 1.197 1.750
71.093 38.41 37.3400 15.5 1.063 1.309
71.143 38.42 37.2000 19.6 1.218 1.810
71.194 38.43 37.1000 22.4 1.324 2.153
71.243 38.44 37.1500 21.3 1.286 2.023
71.294 38.45 37.2500 19.0 1.199 1.737
71.343 38.46 37.2900 18.0 1.161 1.610
71.393 38.47 37.2500 19.5 1.219 1.796
71.444 38.48 37.2500 19.7 1.229 1.825
71.493 38.49 37.1500 22.5 1.336 2.167
71.544 38.50 37.2500 20.2 1.249 1.881
71.593 38.51 37.1500 23.0 1.356 2.223
71.643 38.52 37.2000 21.9 1.318 2.094
71.694 38.53 37.6300 10.7 0.895 0.716
71.743 38.54 37.2900 19.9 1.241 1.842
71.794 38.55 37.2900 20.1 1.251 1.871
71.844 38.56 37.2900 20.4 1.261 1.899
71.895 38.57 37.2000 23.2 1.368 2.241
71.945 38.58 37.2900 20.8 1.281 1.955
71.994 38.59 37.2900 21.1 1.291 1.983
72.045 38.60 37.3900 18.7 1.205 1.698
72.094 38.61 37.3900 19.0 1.215 1.728
72.144 38.62 37.2900 21.8 1.321 2.070
72.195 38.63 37.2500 23.3 1.380 2.255
72.244 38.64 37.4400 18.4 1.197 1.655
72.295 38.65 37.3400 21.2 1.303 1.998
72.344 38.66 37.3400 21.4 1.313 2.026
72.394 38.67 37.3900 20.4 1.275 1.898
72.445 38.68 37.3400 21.9 1.333 2.083
72.494 38.69 37.2900 23.4 1.391 2.268
72.545 38.70 37.4400 19.8 1.257 1.825
72.594 38.71 37.3900 21.3 1.315 2.010
72.644 38.72 37.4400 20.3 1.277 1.882
72.695 38.73 37.2000 26.9 1.528 2.694
72.744 38.74 37.2000 27.1 1.538 2.719
72.795 38.75 37.2500 26.1 1.500 2.588
72.844 38.76 37.2900 25.0 1.461 2.457
72.894 38.77 37.5400 18.8 1.231 1.702
72.945 38.78 37.3900 22.9 1.385 2.199
72.994 38.79 37.5400 19.3 1.251 1.759
73.045 38.80 37.3400 24.7 1.453 2.413
73.094 38.81 37.3400 24.9 1.463 2.439
73.144 38.82 37.3900 23.8 1.425 2.309
73.195 38.83 37.4400 22.8 1.387 2.180
73.244 38.84 37.4400 23.0 1.397 2.207
73.295 38.85 37.5800 19.4 1.263 1.768
73.344 38.86 37.4400 23.5 1.417 2.264
73.394 38.87 37.5400 21.1 1.331 1.980
73.445 38.88 37.8200 13.8 1.055 1.077
73.494 38.89 37.4400 24.2 1.447 2.352
73.545 38.90 37.4900 23.1 1.409 2.224
73.594 38.91 37.4900 23.4 1.419 2.251
73.644 38.92 37.5800 21.1 1.333 1.967
73.695 38.93 37.5800 21.3 1.343 1.995
73.744 38.94 37.5800 21.5 1.353 2.024
73.795 38.95 37.6300 20.5 1.316 1.897
73.844 38.96 37.5800 22.0 1.373 2.081
73.895 38.97 37.4400 26.1 1.527 2.576
73.945 38.98 37.7300 18.7 1.250 1.670
73.994 38.99 37.5400 24.0 1.451 2.321
74.045 39.00 37.6300 21.7 1.366 2.037
74.094 39.01 37.5400 24.4 1.471 2.376
74.144 39.02 37.3900 28.5 1.625 2.871
74.195 39.03 37.7700 18.5 1.253 1.652
74.244 39.04 37.6800 21.3 1.358 1.992
74.294 39.05 37.8200 17.8 1.225 1.555
74.344 39.06 37.7700 19.3 1.283 1.741
74.395 39.07 37.6800 22.1 1.388 2.080
74.445 39.08 37.4900 27.4 1.589 2.731
74.494 39.09 37.6800 22.5 1.408 2.134
74.544 39.10 37.7300 21.5 1.370 2.007
74.594 39.11 37.4900 28.1 1.619 2.813
74.645 39.12 37.6300 24.4 1.486 2.371
74.695 39.13 37.9200 17.1 1.210 1.469
74.744 39.14 37.7700 21.1 1.363 1.963
74.794 39.15 37.7300 22.6 1.420 2.147
74.844 39.16 37.6300 25.4 1.526 2.486
74.895 39.17 37.8200 20.6 1.345 1.892
74.945 39.18 37.8700 19.5 1.307 1.766
74.994 39.19 37.7300 23.6 1.460 2.261
75.044 39.20 37.6300 26.3 1.566 2.599
75.094 39.21 37.5400 29.1 1.672 2.936
75.145 39.22 37.7700 23.0 1.443 2.184
75.195 39.23 37.9200 19.4 1.310 1.748
75.244 39.24 37.8200 22.2 1.415 2.087
75.294 39.25 37.7300 24.9 1.520 2.425
75.344 39.26 37.7700 23.9 1.483 2.297
75.394 39.27 37.8200 22.9 1.445 2.169
75.445 39.28 37.7700 24.4 1.503 2.352
75.494 39.29 37.7700 24.6 1.513 2.379
75.545 39.30 37.8200 23.6 1.475 2.252
75.594 39.31 37.9600 20.0 1.343 1.816
75.644 39.32 37.8200 24.0 1.495 2.309
75.695 39.33 37.9200 21.7 1.410 2.027
75.744 39.34 38.0100 19.4 1.325 1.748
75.795 39.35 37.6800 28.6 1.668 2.860
75.844 39.36 37.9200 22.4 1.440 2.111
75.894 39.37 37.9600 21.4 1.403 1.985
75.945 39.38 37.6300 30.5 1.746 3.098
75.994 39.39 37.8200 25.6 1.565 2.501
76.045 39.40 37.8700 24.6 1.528 2.373
76.094 39.41 37.9600 22.3 1.443 2.092
76.144 39.42 38.0100 21.3 1.405 1.966
76.195 39.43 37.9200 24.0 1.510 2.304
76.244 39.44 37.8700 25.5 1.568 2.485
76.295 39.45 38.0100 22.0 1.435 2.050
76.344 39.46 38.0600 20.9 1.398 1.924
76.394 39.47 37.9600 23.7 1.503 2.262
76.445 39.48 38.0100 22.7 1.465 2.135
76.494 39.49 37.9600 24.2 1.523 2.318
76.544 39.50 38.0100 23.1 1.485 2.191
76.595 39.51 37.8200 28.4 1.685 2.837
76.645 39.52 38.1500 19.8 1.363 1.783
76.694 39.53 38.1100 21.3 1.421 1.967
76.743 39.54 37.9200 26.6 1.620 2.612
76.795 39.55 37.9200 26.8 1.630 2.639
76.845 39.56 38.0600 23.3 1.498 2.202
76.895 39.57 38.0100 24.8 1.555 2.384
76.944 39.58 38.1100 22.5 1.471 2.104
76.993 39.59 37.9600 26.5 1.623 2.595
77.045 39.60 38.1100 22.9 1.491 2.159
77.095 39.61 37.9600 26.9 1.643 2.650
77.145 39.62 37.9200 28.4 1.700 2.830
77.194 39.63 38.0100 26.1 1.616 2.547
77.243 39.64 38.2500 20.1 1.389 1.806
77.295 39.65 38.2000 21.6 1.446 1.989
77.344 39.66 38.2000 21.8 1.456 2.018
77.394 39.67 38.1500 23.3 1.513 2.200
77.445 39.68 38.0600 26.1 1.618 2.536
77.494 39.69 38.2000 22.5 1.486 2.102
77.545 39.70 38.0100 27.8 1.686 2.745
77.594 39.71 38.1100 25.5 1.601 2.463
77.644 39.72 38.3000 20.7 1.422 1.877
77.695 39.73 38.2500 22.2 1.479 2.060
77.744 39.74 38.2500 22.4 1.489 2.089
77.795 39.75 38.1100 26.4 1.641 2.578
77.845 39.76 38.3000 21.6 1.462 1.991
77.894 39.77 38.2000 24.4 1.567 2.327
77.946 39.78 38.1500 25.9 1.624 2.508
77.995 39.79 38.3000 22.3 1.492 2.075
78.045 39.80 38.3000 22.6 1.502 2.104
78.095 39.81 38.3400 21.6 1.465 1.980
78.145 39.82 38.3400 21.8 1.475 2.009
78.196 39.83 38.3000 23.3 1.532 2.191
78.245 39.84 38.2500 24.8 1.589 2.373
78.296 39.85 38.1500 27.5 1.694 2.707
78.345 39.86 38.2000 26.5 1.657 2.580
78.395 39.87 38.0600 30.5 1.808 3.068
78.446 39.88 38.2500 25.7 1.629 2.478
78.495 39.89 38.2000 27.1 1.687 2.659
78.546 39.90 38.3000 24.9 1.602 2.379
78.595 39.91 37.7300 40.2 2.181 4.255
78.645 39.92 38.3900 22.8 1.528 2.120
78.696 39.93 38.2500 26.8 1.679 2.608
78.745 39.94 38.3400 24.5 1.595 2.328
78.796 39.95 38.2500 27.2 1.700 2.663
78.845 39.96 38.3900 23.7 1.568 2.230
78.895 39.97 38.3400 25.2 1.625 2.411
78.946 39.98 38.3900 24.1 1.588 2.286
78.995 39.99 38.3000 26.9 1.692 2.620
79.046 40.00 38.3400 25.9 1.655 2.494
79.095 40.01 38.3400 26.1 1.665 2.521
79.145 40.02 38.4400 23.8 1.581 2.243
79.196 40.03 38.3000 27.8 1.732 2.730
79.245 40.04 38.5300 21.8 1.508 1.993
79.296 40.05 38.4800 23.3 1.564 2.175
79.345 40.06 38.4800 23.5 1.574 2.203
79.395 40.07 38.3900 26.2 1.678 2.537
79.446 40.08 38.4400 25.2 1.641 2.412
79.495 40.09 38.4800 24.2 1.604 2.287
79.546 40.10 38.4800 24.4 1.614 2.315
79.595 40.11 38.4800 24.7 1.624 2.343
79.645 40.12 38.7200 18.7 1.400 1.611
79.696 40.13 38.5300 23.9 1.598 2.250
79.745 40.14 38.4800 25.4 1.655 2.431
79.796 40.15 38.6200 21.9 1.524 2.002
79.845 40.16 38.7200 19.7 1.440 1.727
79.895 40.17 38.7600 18.7 1.404 1.607
79.946 40.18 38.6200 22.7 1.554 2.093
79.995 40.19 38.6200 22.9 1.564 2.122
80.046 40.20 38.3900 29.4 1.808 2.913
80.095 40.21 38.6200 23.4 1.584 2.177
80.145 40.22 38.5800 24.9 1.641 2.358
80.196 40.23 38.6700 22.6 1.557 2.082
80.245 40.24 38.4800 27.8 1.755 2.720
80.296 40.25 38.6200 24.3 1.624 2.290
80.345 40.26 38.5300 27.0 1.728 2.623
80.395 40.27 38.7200 22.3 1.551 2.041
80.446 40.28 38.7200 22.5 1.561 2.071
80.495 40.29 38.7600 21.5 1.524 1.949
80.546 40.30 38.7600 21.8 1.534 1.979
80.595 40.31 38.6700 24.5 1.638 2.312
80.645 40.32 38.6700 24.8 1.648 2.340
80.696 40.33 38.7600 22.5 1.564 2.065
80.745 40.34 38.6700 25.2 1.668 2.398
80.796 40.35 38.7600 23.0 1.584 2.122
80.845 40.36 38.4800 30.7 1.875 3.063
80.895 40.37 38.6200 27.1 1.744 2.631
80.946 40.38 38.7200 24.9 1.661 2.355
80.995 40.39 38.8600 21.4 1.531 1.929
81.046 40.40 38.7200 25.4 1.681 2.413
81.095 40.41 38.7200 25.6 1.691 2.441
81.145 40.42 38.6700 27.1 1.748 2.621
81.196 40.43 38.8600 22.4 1.571 2.042
81.245 40.44 38.7600 25.1 1.674 2.374
81.296 40.45 38.9000 21.6 1.545 1.948
81.345 40.46 38.8600 23.1 1.601 2.130
81.395 40.47 38.8100 24.6 1.658 2.310
81.446 40.48 39.0400 18.6 1.435 1.584
81.495 40.49 38.9000 22.6 1.585 2.068
81.546 40.50 38.7600 26.6 1.734 2.551
81.595 40.51 38.9500 21.8 1.558 1.973
81.645 40.52 38.6200 30.8 1.894 3.063
81.696 40.53 39.0400 19.8 1.485 1.728
81.745 40.54 38.8600 25.0 1.681 2.362
81.796 40.55 38.8600 25.3 1.691 2.390
81.845 40.56 39.0400 20.6 1.516 1.815
81.895 40.57 38.9500 23.3 1.618 2.147
81.946 40.58 38.9500 23.5 1.628 2.176
81.995 40.59 39.1400 18.9 1.453 1.603
82.046 40.60 38.9000 25.3 1.695 2.388
82.095 40.61 38.8600 26.7 1.751 2.567
82.145 40.62 38.9000 25.7 1.715 2.443
82.196 40.63 38.8600 27.2 1.771 2.623
82.245 40.64 38.9500 24.9 1.688 2.347
82.296 40.65 39.1800 19.0 1.467 1.623
82.345 40.66 38.9500 25.4 1.708 2.407
82.395 40.67 39.0900 22.0 1.579 1.984
82.446 40.68 39.2700 17.3 1.405 1.413
82.495 40.69 38.9500 26.2 1.738 2.498
82.546 40.70 39.0400 24.0 1.656 2.225
82.595 40.71 39.0400 24.2 1.666 2.254
82.645 40.72 39.0000 25.7 1.722 2.433
82.696 40.73 39.2700 18.6 1.455 1.560
82.745 40.74 39.0000 26.2 1.742 2.493
82.796 40.75 39.1400 22.7 1.613 2.070
82.845 40.76 39.1800 21.7 1.577 1.948
82.895 40.77 39.1400 23.2 1.633 2.129
82.946 40.78 39.0400 25.9 1.736 2.460
82.995 40.79 39.2300 21.2 1.561 1.886
83.046 40.80 39.1400 24.0 1.663 2.217
83.095 40.81 39.0900 25.4 1.720 2.397
83.145 40.82 39.1800 23.2 1.637 2.124
83.196 40.83 39.1400 24.7 1.693 2.304
83.245 40.84 39.2300 22.5 1.611 2.032
83.295 40.85 39.0400 27.6 1.806 2.664
83.346 40.86 39.2700 21.7 1.585 1.940
83.396 40.87 39.3700 19.5 1.503 1.671
83.445 40.88 39.3700 19.8 1.513 1.702
83.494 40.89 39.2300 23.7 1.661 2.183
83.546 40.90 39.1400 26.4 1.763 2.512
83.596 40.91 39.2300 24.2 1.681 2.240
83.646 40.92 39.2700 23.2 1.645 2.119
83.695 40.93 39.2300 24.7 1.701 2.298
83.744 40.94 39.0400 29.8 1.896 2.929
83.796 40.95 39.3200 22.7 1.629 2.053
83.846 40.96 39.0900 29.1 1.870 2.834
83.895 40.97 39.3700 21.9 1.603 1.960
83.945 40.98 39.4100 21.0 1.566 1.841
83.995 40.99 39.2300 26.1 1.761 2.471
84.046 41.00 39.5500 17.8 1.449 1.452
84.097 41.01 39.3700 22.9 1.643 2.082
84.146 41.02 39.3700 23.2 1.653 2.112
84.197 41.03 39.3200 24.7 1.709 2.291
84.246 41.04 39.4600 21.2 1.581 1.871
84.297 41.05 39.2700 26.4 1.775 2.501
84.346 41.06 39.3700 24.2 1.693 2.229
84.396 41.07 39.6400 17.1 1.427 1.363
84.447 41.08 39.4100 23.5 1.667 2.141
84.496 41.09 39.5000 21.3 1.585 1.873
84.547 41.10 39.3200 26.4 1.779 2.501
84.596 41.11 39.4100 24.2 1.697 2.229
84.646 41.12 39.5500 20.8 1.569 1.811
84.697 41.13 39.4100 24.7 1.717 2.290
84.746 41.14 39.3200 27.4 1.819 2.618
84.797 41.15 39.7800 15.4 1.370 1.156
84.846 41.16 39.5000 23.0 1.655 2.082
84.896 41.17 39.5000 23.3 1.665 2.112
84.947 41.18 39.5000 23.5 1.675 2.142
84.996 41.19 39.4100 26.2 1.777 2.469
85.047 41.20 39.6000 21.6 1.603 1.902
85.096 41.21 39.6900 19.4 1.522 1.635
85.147 41.22 39.6000 22.1 1.623 1.964
85.197 41.23 39.6400 21.1 1.588 1.846
85.246 41.24 39.4600 26.2 1.781 2.472
85.297 41.25 39.6900 20.4 1.562 1.756
85.346 41.26 39.6400 21.9 1.618 1.936
85.396 41.27 39.5000 25.8 1.765 2.414
85.447 41.28 39.6900 21.1 1.592 1.846
85.496 41.29 39.9100 15.3 1.374 1.137
85.547 41.30 39.6400 22.9 1.658 2.060
85.596 41.31 39.4100 29.2 1.897 2.835
85.646 41.32 39.3200 31.9 1.999 3.161
85.697 41.33 39.8200 18.7 1.505 1.548
85.746 41.34 39.6400 23.8 1.698 2.174
85.797 41.35 39.6900 22.9 1.662 2.055
85.846 41.36 39.7800 20.7 1.581 1.788
85.897 41.37 39.7800 20.9 1.591 1.820
85.947 41.38 39.6900 23.6 1.692 2.148
85.996 41.39 39.5000 28.8 1.885 2.773
86.046 41.40 39.8700 19.3 1.530 1.611
86.096 41.41 40.0100 15.9 1.403 1.200
86.146 41.42 40.0100 16.2 1.413 1.234
86.197 41.43 39.8700 20.1 1.560 1.711
86.246 41.44 39.6400 26.4 1.798 2.484
86.297 41.45 39.7800 23.0 1.671 2.067
86.346 41.46 39.7800 23.2 1.681 2.097
86.396 41.47 39.8700 21.1 1.600 1.831
86.447 41.48 39.8700 21.3 1.610 1.862
86.496 41.49 39.8700 21.6 1.620 1.893
86.547 41.50 39.9600 19.4 1.539 1.628
86.596 41.51 39.8200 23.3 1.685 2.103
86.646 41.52 39.7800 24.8 1.741 2.281
86.697 41.53 40.0100 19.0 1.523 1.571
86.746 41.54 39.7300 26.5 1.807 2.491
86.797 41.55 40.0500 18.3 1.498 1.484
86.846 41.56 39.9600 21.0 1.599 1.812
86.897 41.57 39.9600 21.2 1.609 1.843
86.947 41.58 39.9600 21.5 1.619 1.874
86.996 41.59 40.0100 20.5 1.583 1.757
87.046 41.60 39.9100 23.2 1.684 2.085
87.096 41.61 40.1000 18.6 1.513 1.524
87.146 41.62 39.9600 22.5 1.659 1.999
87.197 41.63 40.0500 20.4 1.578 1.734
87.246 41.64 40.1000 19.4 1.543 1.619
87.297 41.65 40.0100 22.1 1.643 1.945
87.346 41.66 40.1400 18.7 1.518 1.535
87.396 41.67 40.2300 16.6 1.437 1.272
87.447 41.68 40.0100 22.9 1.673 2.042
87.496 41.69 39.8700 26.8 1.820 2.516
87.547 41.70 40.0100 23.4 1.693 2.100
87.596 41.71 39.9100 26.0 1.794 2.426
87.646 41.72 40.0500 22.6 1.668 2.011
87.697 41.73 40.1900 19.3 1.542 1.601
87.746 41.74 40.2300 18.4 1.507 1.485
87.797 41.75 40.1900 19.8 1.562 1.665
87.846 41.76 40.1400 21.3 1.618 1.845
87.896 41.77 39.7800 31.2 1.991 3.057
87.947 41.78 40.0100 25.4 1.773 2.343
87.996 41.79 40.1900 20.8 1.602 1.783
88.047 41.80 40.1400 22.3 1.658 1.962
88.096 41.81 40.1900 21.3 1.622 1.845
88.146 41.82 40.1400 22.8 1.678 2.024
88.197 41.83 40.1400 23.0 1.688 2.054
88.246 41.84 40.4100 16.1 1.427 1.204
88.297 41.85 40.2800 20.0 1.572 1.677
88.346 41.86 40.2800 20.2 1.582 1.709
88.396 41.87 40.1400 24.1 1.728 2.182
88.447 41.88 40.4600 15.9 1.422 1.185
88.496 41.89 40.0500 27.0 1.838 2.540
88.547 41.90 40.2800 21.3 1.622 1.833
88.596 41.91 40.3200 20.3 1.587 1.718
88.646 41.92 40.4100 18.2 1.507 1.456
88.697 41.93 40.2300 23.2 1.697 2.075
88.746 41.94 40.2300 23.5 1.707 2.105
88.797 41.95 40.2800 22.6 1.672 1.989
88.846 41.96 40.3700 20.4 1.592 1.726
88.896 41.97 40.2800 23.1 1.692 2.051
88.947 41.98 40.3200 22.1 1.657 1.935
88.996 41.99 40.3200 22.4 1.667 1.966
89.047 42.00 40.2800 23.8 1.722 2.143
89.096 42.01 40.3200 22.9 1.687 2.026
89.146 42.02 40.4600 19.5 1.562 1.618
89.197 42.03 40.2800 24.6 1.752 2.235
89.245 42.04 40.5000 18.9 1.537 1.533
89.297 42.05 40.3700 22.7 1.682 2.004
89.347 42.06 40.4600 20.6 1.602 1.742
89.397 42.07 40.4600 20.8 1.612 1.774
89.446 42.08 40.5000 19.9 1.577 1.660
89.495 42.09 40.5000 20.2 1.587 1.692
89.547 42.10 40.5500 19.2 1.552 1.577
89.597 42.11 40.5900 18.3 1.517 1.464
89.647 42.12 40.5000 21.0 1.617 1.789
89.696 42.13 40.5500 20.0 1.582 1.674
89.745 42.14 40.4600 22.7 1.682 1.998
89.797 42.15 40.5000 21.8 1.647 1.883
89.847 42.16 40.6400 18.4 1.523 1.476
89.896 42.17 40.5500 21.1 1.622 1.801
89.946 42.18 40.5000 22.5 1.677 1.978
89.996 42.19 40.4600 24.0 1.732 2.155
90.047 42.20 40.5500 21.9 1.652 1.892
90.097 42.21 40.7300 17.4 1.483 1.341
90.147 42.22 40.6800 18.8 1.538 1.520
90.196 42.23 40.6400 20.3 1.593 1.698
90.247 42.24 40.6400 20.5 1.603 1.730
90.297 42.25 40.6800 19.6 1.568 1.616
90.347 42.26 40.5000 24.6 1.757 2.231
90.397 42.27 40.6400 21.3 1.633 1.823
90.448 42.28 40.5900 22.8 1.688 2.000
90.497 42.29 40.9100 14.7 1.385 1.014
90.548 42.30 40.8200 17.4 1.484 1.339
90.597 42.31 40.5900 23.6 1.718 2.099
90.647 42.32 40.4600 27.4 1.862 2.567
90.698 42.33 40.6800 21.7 1.648 1.866
90.747 42.34 40.7300 20.8 1.613 1.752
90.798 42.35 40.9500 15.1 1.400 1.059
90.847 42.36 40.8600 17.8 1.499 1.383
90.897 42.37 40.9100 16.8 1.465 1.271
90.948 42.38 40.8600 18.3 1.519 1.450
90.997 42.39 40.7300 22.1 1.663 1.919
91.048 42.40 40.8200 20.0 1.584 1.659
91.097 42.41 40.5500 27.4 1.863 2.564
91.147 42.42 40.7700 21.7 1.649 1.864
91.198 42.43 40.9100 18.4 1.525 1.460
91.247 42.44 40.9900 16.3 1.446 1.204
91.298 42.45 41.0400 15.4 1.411 1.094
91.347 42.46 40.9500 18.1 1.510 1.417
91.397 42.47 41.1300 13.6 1.343 0.873
91.448 42.48 40.8200 22.2 1.664 1.921
91.497 42.49 40.9500 18.9 1.540 1.517
91.548 42.50 40.9500 19.1 1.550 1.549
91.597 42.51 41.0400 17.1 1.471 1.293
91.647 42.52 41.0400 17.3 1.481 1.327
91.698 42.53 41.1300 15.2 1.403 1.071
91.747 42.54 40.9500 20.3 1.590 1.684
91.798 42.55 40.8200 24.1 1.734 2.150
91.847 42.56 40.8200 24.3 1.744 2.180
91.897 42.57 40.9500 21.0 1.620 1.775
91.948 42.58 41.0400 18.9 1.542 1.518
91.997 42.59 41.0800 18.0 1.507 1.406
92.048 42.60 41.0800 18.3 1.517 1.439
92.097 42.61 40.9900 20.9 1.616 1.761
92.147 42.62 41.0400 20.0 1.582 1.649
92.198 42.63 41.0400 20.3 1.592 1.681
92.247 42.64 41.0800 19.4 1.557 1.568
92.297 42.65 41.0400 20.8 1.612 1.745
92.347 42.66 40.8200 27.0 1.844 2.500
92.397 42.67 40.9500 23.7 1.721 2.094
92.448 42.68 41.0400 21.6 1.642 1.835
92.497 42.69 40.9900 23.0 1.696 2.011
92.548 42.70 41.1300 19.7 1.573 1.609
92.597 42.71 41.2200 17.6 1.494 1.353
92.647 42.72 41.2200 17.9 1.504 1.386
92.698 42.73 41.0800 21.7 1.647 1.852
92.747 42.74 41.2600 17.2 1.480 1.307
92.797 42.75 41.2600 17.5 1.490 1.341
92.847 42.76 41.1700 20.1 1.589 1.662
92.897 42.77 41.3000 16.9 1.466 1.263
92.948 42.78 41.1700 20.7 1.609 1.728
92.997 42.79 41.1700 21.0 1.619 1.760
93.048 42.80 41.3500 16.5 1.452 1.216
93.097 42.81 41.2200 20.3 1.594 1.681
93.147 42.82 41.2600 19.4 1.560 1.570
93.198 42.83 41.1700 22.0 1.659 1.890
93.247 42.84 41.3000 18.8 1.536 1.490
93.298 42.85 41.3500 17.9 1.502 1.379
93.347 42.86 41.3000 19.3 1.556 1.556
93.397 42.87 41.3000 19.6 1.566 1.588
93.448 42.88 41.3500 18.7 1.532 1.477
93.497 42.89 41.3900 17.8 1.498 1.366
93.548 42.90 41.3900 18.1 1.508 1.400
93.597 42.91 41.5200 14.8 1.386 1.003
93.647 42.92 41.3900 18.6 1.528 1.468
93.698 42.93 41.3900 18.9 1.538 1.501
93.747 42.94 41.3500 20.3 1.592 1.677
93.798 42.95 41.4800 17.1 1.470 1.279
93.847 42.96 41.2600 23.2 1.700 2.030
93.897 42.97 41.4800 17.6 1.490 1.343
93.948 42.98 41.3900 20.2 1.588 1.663
93.997 42.99 41.5200 17.0 1.466 1.266
94.048 43.00 41.5700 16.1 1.432 1.157
94.097 43.01 41.5200 17.6 1.486 1.334
94.147 43.02 41.5200 17.8 1.496 1.367
94.198 43.03 41.5200 18.1 1.506 1.401
94.247 43.04 41.5700 17.2 1.472 1.291
94.298 43.05 41.5200 18.6 1.526 1.467
94.347 43.06 41.3900 22.4 1.668 1.930
94.397 43.07 41.6100 16.8 1.458 1.246
94.448 43.08 41.5200 19.5 1.556 1.565
94.497 43.09 41.5200 19.7 1.566 1.598
94.548 43.10 41.5200 20.0 1.576 1.630
94.597 43.11 41.6100 17.9 1.498 1.376
94.647 43.12 41.5700 19.4 1.552 1.553
94.698 43.13 41.6600 17.3 1.474 1.299
94.747 43.14 41.6600 17.6 1.484 1.333
94.798 43.15 41.6600 17.9 1.494 1.367
94.847 43.16 41.6100 19.3 1.548 1.543
94.897 43.17 41.6100 19.6 1.558 1.575
94.948 43.18 41.6600 18.7 1.524 1.465
94.997 43.19 41.6600 18.9 1.534 1.498
95.048 43.20 41.6600 19.2 1.544 1.531
95.097 43.21 41.6600 19.5 1.554 1.563
95.147 43.22 41.6100 20.9 1.608 1.738
95.198 43.23 41.5200 23.5 1.706 2.056
95.247 43.24 41.8300 15.6 1.409 1.089
95.298 43.25 41.7400 18.2 1.506 1.408
95.347 43.26 41.6600 20.8 1.604 1.725
95.397 43.27 41.7900 17.6 1.483 1.330
95.448 43.28 41.8800 15.6 1.405 1.080
95.497 43.29 41.7900 18.2 1.503 1.398
95.548 43.30 41.7400 19.6 1.557 1.574
95.597 43.31 41.9600 14.1 1.348 0.896
95.648 43.32 41.8300 17.8 1.489 1.357
95.698 43.33 42.0100 13.5 1.325 0.823
95.747 43.34 42.1800 9.1 1.161 0.293
95.797 43.35 42.0500 12.9 1.301 0.756
95.847 43.36 41.9200 16.7 1.442 1.216
95.898 43.37 41.7400 21.6 1.627 1.818
95.948 43.38 41.9200 17.2 1.462 1.281
95.997 43.39 41.8800 18.7 1.515 1.457
96.047 43.40 42.0900 13.1 1.307 0.781
96.097 43.41 42.1400 12.3 1.274 0.676
96.148 43.42 41.7900 21.9 1.633 1.846
96.198 43.43 41.7900 22.1 1.643 1.877
96.247 43.44 41.9200 18.9 1.522 1.482
96.297 43.45 42.1800 12.2 1.271 0.666
96.347 43.46 41.8800 20.6 1.585 1.693
96.399 43.47 41.9600 18.6 1.508 1.441
96.449 43.48 42.0900 15.3 1.387 1.049
96.498 43.49 41.9600 19.1 1.528 1.509
96.548 43.50 42.0100 18.2 1.495 1.400
96.598 43.51 42.0500 17.3 1.461 1.292
96.649 43.52 42.1400 15.3 1.384 1.043
96.699 43.53 42.0100 19.1 1.525 1.502
96.748 43.54 42.1800 14.7 1.361 0.969
96.798 43.55 42.0900 17.3 1.457 1.286
96.848 43.56 42.0900 17.6 1.468 1.319
96.899 43.57 42.0900 17.9 1.478 1.353
96.949 43.58 42.2700 13.5 1.314 0.822
96.998 43.59 42.2200 15.0 1.367 0.998
97.048 43.60 42.1400 17.6 1.464 1.316
97.098 43.61 42.3100 13.2 1.301 0.785
97.149 43.62 42.0900 19.3 1.528 1.526
97.199 43.63 42.1800 17.2 1.451 1.276
97.248 43.64 42.1400 18.7 1.504 1.451
97.298 43.65 42.2200 16.6 1.427 1.202
97.348 43.66 42.2700 15.8 1.394 1.095
97.399 43.67 42.2200 17.2 1.447 1.270
97.449 43.68 42.3100 15.2 1.371 1.022
97.498 43.69 42.2200 17.8 1.467 1.338
97.548 43.70 42.1400 20.4 1.564 1.654
97.598 43.71 42.1800 19.5 1.531 1.545
97.649 43.72 42.3500 15.1 1.367 1.013
97.699 43.73 42.2700 17.7 1.464 1.330
97.748 43.74 42.2200 19.1 1.517 1.504
97.798 43.75 42.3100 17.1 1.441 1.255
97.848 43.76 42.3500 16.2 1.407 1.148
97.899 43.77 42.4000 15.4 1.374 1.042
97.949 43.78 42.2200 20.2 1.557 1.639
97.997 43.79 42.3500 17.1 1.437 1.249
98.048 43.80 42.6600 9.3 1.146 0.301
98.099 43.81 42.4400 15.3 1.371 1.039
98.149 43.82 42.4800 14.5 1.338 0.934
98.199 43.83 42.3100 19.4 1.521 1.531
98.247 43.84 42.3100 19.6 1.531 1.563
98.298 43.85 42.4000 17.6 1.454 1.314
98.349 43.86 42.5300 14.4 1.335 0.927
98.399 43.87 42.4400 17.0 1.431 1.242
98.449 43.88 42.5300 15.0 1.355 0.996
98.497 43.89 42.4400 17.6 1.451 1.311
98.549 43.90 42.5700 14.4 1.332 0.924
98.599 43.91 42.3100 21.6 1.601 1.801
98.649 43.92 42.6100 13.8 1.309 0.850
98.698 43.93 42.5300 16.4 1.405 1.165
98.748 43.94 42.5700 15.5 1.372 1.059
98.799 43.95 42.2700 23.9 1.684 2.077
98.849 43.96 42.6100 14.9 1.349 0.984
98.898 43.97 42.6100 15.2 1.359 1.019
98.949 43.98 42.6600 14.4 1.326 0.914
98.998 43.99 42.7800 11.2 1.207 0.530
99.049 44.00 42.6600 14.9 1.346 0.985
99.098 44.01 42.7400 13.0 1.270 0.741
99.148 44.02 42.5700 17.8 1.452 1.336
99.199 44.03 42.7000 14.7 1.333 0.950
99.248 44.04 42.5700 18.4 1.472 1.404
99.299 44.05 42.5700 18.7 1.482 1.437
99.348 44.06 42.8300 12.1 1.234 0.631
99.399 44.07 42.6600 16.9 1.416 1.226
99.449 44.08 42.6600 17.2 1.426 1.260
99.498 44.09 42.6600 17.5 1.436 1.294
99.548 44.10 42.8300 13.2 1.274 0.768
99.598 44.11 42.7000 16.9 1.413 1.223
99.649 44.12 42.6600 18.3 1.466 1.396
99.699 44.13 42.7800 15.2 1.347 1.010
99.748 44.14 42.7800 15.5 1.357 1.045
99.798 44.15 42.7800 15.8 1.367 1.080
99.848 44.16 42.9100 12.6 1.249 0.696
99.899 44.17 42.6100 20.9 1.559 1.708
99.949 44.18 42.6100 21.2 1.569 1.740
99.998 44.19 42.7400 18.0 1.450 1.353
100.049 44.20 42.7800 17.1 1.417 1.246
100.098 44.21 42.9600 12.9 1.256 0.723
100.149 44.22 42.8300 16.6 1.394 1.176
100.199 44.23 42.8300 16.8 1.404 1.210
100.248 44.24 42.8300 17.1 1.414 1.244
100.298 44.25 42.8700 16.3 1.381 1.138
100.348 44.26 42.8300 17.7 1.434 1.311
100.399 44.27 42.9100 15.7 1.359 1.067
100.449 44.28 42.9100 16.0 1.369 1.101
100.498 44.29 42.9600 15.1 1.336 0.996
100.548 44.30 42.8700 17.7 1.432 1.309
100.598 44.31 43.0000 14.5 1.313 0.925
100.649 44.32 42.9600 16.0 1.366 1.099
100.699 44.33 43.0000 15.1 1.333 0.994
100.748 44.34 42.9600 16.5 1.386 1.168
100.798 44.35 43.0800 13.4 1.268 0.785
100.848 44.36 42.9600 17.1 1.406 1.237
100.899 44.37 43.0800 14.0 1.288 0.854
100.949 44.38 43.0400 15.4 1.340 1.028
100.998 44.39 42.8700 20.2 1.522 1.619
101.048 44.40 42.9600 18.2 1.446 1.373
101.098 44.41 43.0800 15.1 1.328 0.989
101.149 44.42 43.1300 14.2 1.295 0.885
101.199 44.43 43.0800 15.7 1.348 1.059
101.248 44.44 43.1700 13.7 1.273 0.816
101.298 44.45 43.0400 17.4 1.410 1.267
101.349 44.46 43.0400 17.6 1.420 1.300
101.399 44.47 43.0400 17.9 1.430 1.334
101.449 44.48 43.0800 17.1 1.398 1.228
101.497 44.49 43.1700 15.1 1.323 0.985
101.548 44.50 43.1300 16.5 1.375 1.158
101.599 44.51 43.0800 17.9 1.428 1.330
101.649 44.52 43.1700 15.9 1.353 1.086
101.698 44.53 43.2500 13.9 1.278 0.844
101.747 44.54 43.1700 16.5 1.373 1.156
101.799 44.55 43.1300 17.9 1.425 1.328
101.849 44.56 43.2500 14.8 1.308 0.947
101.898 44.57 43.3400 12.8 1.233 0.705
101.949 44.58 43.3000 14.2 1.285 0.879
101.997 44.59 43.3800 12.2 1.210 0.638
102.048 44.60 43.3400 13.7 1.263 0.812
102.099 44.61 43.2100 17.4 1.400 1.262
102.149 44.62 43.2500 16.5 1.368 1.157
102.198 44.63 43.2500 16.8 1.378 1.191
102.247 44.64 43.3400 14.8 1.303 0.948
102.299 44.65 43.3800 13.9 1.270 0.845
102.349 44.66 43.5900 8.6 1.069 0.193
102.399 44.67 43.3000 16.8 1.375 1.194
102.449 44.68 43.4200 13.7 1.258 0.815
102.498 44.69 43.5100 11.7 1.183 0.574
102.549 44.70 43.4200 14.3 1.278 0.886
102.599 44.71 43.2500 19.1 1.458 1.473
102.649 44.72 43.3400 17.1 1.383 1.229
102.700 44.73 43.5100 12.9 1.223 0.711
102.749 44.74 43.3400 17.7 1.403 1.298
102.800 44.75 43.6400 10.1 1.117 0.369
102.849 44.76 43.5100 13.7 1.253 0.818
102.900 44.77 43.5100 14.0 1.263 0.853
102.950 44.78 43.5500 13.2 1.231 0.750
102.999 44.79 43.4700 15.7 1.326 1.061
103.049 44.80 43.3000 20.5 1.505 1.647
103.099 44.81 43.4700 16.3 1.346 1.127
103.150 44.82 43.4700 16.6 1.356 1.161
103.200 44.83 43.5900 13.5 1.239 0.782
103.249 44.84 43.5100 16.0 1.333 1.092
103.299 44.85 43.5100 16.3 1.343 1.126
103.349 44.86 43.8500 7.6 1.016 0.064
103.400 44.87 43.6800 12.4 1.194 0.650
103.450 44.88 43.5900 14.9 1.289 0.960
103.499 44.89 43.5900 15.2 1.299 0.995
103.549 44.90 43.6400 14.4 1.267 0.892
103.599 44.91 43.6400 14.7 1.277 0.927
103.650 44.92 43.6400 14.9 1.287 0.962
103.700 44.93 43.6400 15.2 1.297 0.996
103.748 44.94 43.6800 14.4 1.265 0.893
103.799 44.95 43.6400 15.8 1.317 1.066
103.850 44.96 43.2500 26.2 1.708 2.339
103.900 44.97 43.5500 18.6 1.421 1.402
103.950 44.98 43.7200 14.3 1.262 0.886
103.998 44.99 43.6800 15.8 1.315 1.058
104.050 45.00 43.7200 14.9 1.282 0.955
104.100 45.01 43.7200 15.2 1.292 0.989
104.150 45.02 43.7600 14.4 1.260 0.887
104.199 45.03 43.7200 15.8 1.312 1.059
104.249 45.04 43.7600 14.9 1.280 0.956
104.300 45.05 43.8000 14.1 1.248 0.854
104.350 45.06 43.5500 21.1 1.511 1.712
104.399 45.07 43.8500 13.5 1.226 0.784
104.449 45.08 43.6800 18.3 1.405 1.366
104.499 45.09 43.8000 15.2 1.288 0.989
104.550 45.10 43.9300 12.1 1.172 0.613
104.599 45.11 44.1800 5.8 0.931 -0.167
104.649 45.12 43.8900 13.9 1.234 0.825
104.700 45.13 43.8900 14.2 1.244 0.860
104.749 45.14 43.7200 18.9 1.422 1.442
104.800 45.15 43.8500 15.8 1.306 1.065
104.849 45.16 43.9300 13.9 1.232 0.825
104.900 45.17 43.8500 16.4 1.326 1.134
104.950 45.18 43.9300 14.4 1.252 0.894
104.999 45.19 43.8900 15.8 1.304 1.065
105.049 45.20 43.8500 17.2 1.356 1.236
105.099 45.21 43.9300 15.3 1.282 0.996
105.150 45.22 43.9700 14.5 1.251 0.894
105.200 45.23 44.1000 11.4 1.135 0.520
105.249 45.24 43.9300 16.2 1.312 1.101
105.299 45.25 44.5100 0.9 0.738 -0.764
105.349 45.26 44.0100 14.6 1.249 0.905
105.400 45.27 44.0100 14.8 1.259 0.939
105.450 45.28 44.1400 11.8 1.143 0.566
105.499 45.29 44.2200 9.9 1.069 0.330
105.549 45.30 44.1800 11.3 1.121 0.503
105.600 45.31 44.1400 12.7 1.173 0.675
105.650 45.32 44.0100 16.3 1.309 1.119
105.700 45.33 44.1400 13.2 1.193 0.745
105.748 45.34 44.1400 13.5 1.203 0.780
105.799 45.35 44.2700 10.5 1.088 0.408
105.850 45.36 44.0100 17.5 1.349 1.260
105.900 45.37 44.0600 16.6 1.317 1.158
105.949 45.38 44.1800 13.6 1.201 0.783
105.998 45.39 44.1400 15.0 1.253 0.954
106.050 45.40 44.0600 17.5 1.347 1.261
106.100 45.41 44.1400 15.5 1.273 1.021
106.149 45.42 44.1400 15.8 1.283 1.055
106.199 45.43 44.2200 13.9 1.210 0.818
106.248 45.44 44.2700 13.1 1.178 0.717
106.300 45.45 44.3500 11.1 1.104 0.482
106.349 45.46 44.2700 13.6 1.198 0.789
106.399 45.47 44.3100 12.8 1.166 0.688
106.450 45.48 44.3500 12.0 1.134 0.589
106.499 45.49 44.2700 14.5 1.228 0.895
106.550 45.50 44.3500 12.6 1.155 0.659
106.599 45.51 44.3500 12.9 1.165 0.695
106.650 45.52 44.2200 16.5 1.300 1.137
106.700 45.53 44.4700 10.1 1.060 0.359
106.749 45.54 44.3500 13.8 1.195 0.801
106.799 45.55 44.3500 14.0 1.205 0.836
106.849 45.56 44.6000 7.7 0.965 0.060
106.900 45.57 44.3500 14.6 1.225 0.909
106.950 45.58 44.3900 13.8 1.193 0.808
106.998 45.59 44.3500 15.2 1.245 0.978
107.049 45.60 44.3900 14.4 1.213 0.877
107.100 45.61 44.3900 14.7 1.223 0.912
107.150 45.62 44.5600 10.5 1.067 0.406
107.200 45.63 44.3500 16.4 1.285 1.118
107.248 45.64 44.3900 15.5 1.253 1.016
107.299 45.65 44.4300 14.7 1.221 0.915
107.350 45.66 44.4300 15.0 1.231 0.950
107.400 45.67 44.4700 14.2 1.200 0.849
107.449 45.68 44.5100 13.3 1.168 0.749
107.498 45.69 44.5600 12.5 1.137 0.649
107.550 45.70 44.3900 17.2 1.313 1.225
107.600 45.71 44.4700 15.3 1.240 0.988
107.649 45.72 44.5100 14.5 1.208 0.886
107.699 45.73 44.6000 12.6 1.135 0.651
107.749 45.74 44.6000 12.8 1.145 0.687
107.800 45.75 44.6400 12.0 1.114 0.588
107.850 45.76 44.6000 13.4 1.165 0.758
107.899 45.77 44.6400 12.6 1.134 0.659
107.950 45.78 44.6400 12.9 1.144 0.694
107.999 45.79 44.6000 14.3 1.195 0.864
108.050 45.80 44.7200 11.3 1.081 0.495
108.099 45.81 44.6800 12.7 1.133 0.666
108.149 45.82 44.6400 14.1 1.184 0.836
108.200 45.83 44.5100 17.7 1.318 1.275
108.249 45.84 44.6800 13.5 1.163 0.769
108.300 45.85 44.7200 12.7 1.131 0.669
108.349 45.86 44.8900 8.6 0.976 0.168
108.400 45.87 44.5600 17.7 1.317 1.281
108.450 45.88 44.6000 16.9 1.286 1.178
108.499 45.89 44.6000 17.2 1.296 1.212
108.549 45.90 44.7200 14.1 1.181 0.841
108.599 45.91 44.7200 14.4 1.191 0.876
108.650 45.92 44.6400 16.9 1.284 1.180
108.701 45.93 45.0500 6.2 0.881 -0.129
108.750 45.94 44.8500 12.0 1.097 0.579
108.800 45.95 44.8900 11.2 1.066 0.481
108.851 45.96 44.9700 9.3 0.994 0.250
108.901 45.97 44.7600 15.1 1.210 0.957
108.951 45.98 44.7600 15.4 1.220 0.991
109.000 45.99 44.7600 15.7 1.230 1.025
109.050 46.00 44.8000 14.8 1.199 0.925
109.101 46.01 44.8500 14.0 1.167 0.825
109.151 46.02 44.8500 14.3 1.177 0.859
109.200 46.03 44.9700 11.3 1.064 0.492
109.249 46.04 44.9300 12.7 1.115 0.662
109.301 46.05 44.7200 18.5 1.332 1.368
109.351 46.06 44.9300 13.2 1.135 0.730
109.400 46.07 44.8900 14.6 1.186 0.899
109.450 46.08 44.8900 14.9 1.196 0.933
109.500 46.09 45.0100 11.9 1.083 0.566
109.551 46.10 44.9300 14.4 1.175 0.869
109.600 46.11 44.9300 14.7 1.185 0.904
109.650 46.12 44.9300 15.0 1.195 0.938
109.701 46.13 44.9700 14.2 1.164 0.838
109.750 46.14 45.1800 8.9 0.966 0.196
109.800 46.15 45.0100 13.6 1.143 0.776
109.850 46.16 45.0500 12.8 1.112 0.677
109.901 46.17 45.1000 12.0 1.078 0.571
109.951 46.18 45.0500 13.4 1.132 0.748
110.000 46.19 44.9300 17.0 1.265 1.185
110.050 46.20 45.1000 12.8 1.108 0.674
110.101 46.21 45.0500 14.3 1.162 0.851
110.151 46.22 45.1000 13.4 1.128 0.744
110.201 46.23 45.1400 12.6 1.097 0.646
110.250 46.24 45.0100 16.2 1.233 1.090
110.300 46.25 45.1000 14.2 1.158 0.848
110.351 46.26 45.1000 14.5 1.168 0.882
110.401 46.27 45.0100 17.1 1.263 1.192
110.450 46.28 45.0500 16.2 1.232 1.091
110.499 46.29 45.1400 14.3 1.157 0.850
110.551 46.30 45.1800 13.5 1.126 0.750
110.601 46.31 45.1800 13.7 1.136 0.785
110.651 46.32 45.1400 15.1 1.187 0.954
110.700 46.33 45.1400 15.4 1.197 0.988
110.750 46.34 45.2600 12.4 1.084 0.621
110.801 46.35 44.9700 20.4 1.384 1.600
110.851 46.36 45.1400 16.2 1.227 1.088
110.900 46.37 45.1800 15.4 1.196 0.988
110.951 46.38 45.1400 16.8 1.247 1.155
111.000 46.39 45.1800 16.0 1.216 1.055
111.051 46.40 45.3000 13.0 1.103 0.689
111.100 46.41 45.3400 12.2 1.072 0.591
111.151 46.42 45.2200 15.7 1.205 1.026
111.201 46.43 45.5000 8.4 0.929 0.129
111.250 46.44 45.2600 15.2 1.184 0.964
111.300 46.45 45.3000 14.4 1.153 0.865
111.350 46.46 45.2200 16.9 1.245 1.165
111.401 46.47 45.3400 13.9 1.132 0.799
111.451 46.48 45.3000 15.3 1.183 0.967
111.500 46.49 45.3400 14.4 1.152 0.867
111.550 46.50 45.0500 22.4 1.452 1.843
111.600 46.51 45.3400 15.0 1.172 0.932
111.650 46.52 45.3800 14.2 1.142 0.833
111.701 46.53 45.4600 12.3 1.070 0.602
111.750 46.54 45.5000 11.5 1.039 0.505
111.800 46.55 45.4600 12.9 1.090 0.674
111.850 46.56 45.3400 16.4 1.222 1.107
111.901 46.57 45.5000 12.3 1.069 0.609
111.951 46.58 44.7600 32.4 1.821 3.055
112.000 46.59 45.2600 19.4 1.334 1.466
112.050 46.60 45.4600 14.2 1.140 0.834
112.101 46.61 45.4200 15.6 1.191 1.001
112.151 46.62 45.4200 15.8 1.201 1.034
112.201 46.63 45.4600 15.0 1.170 0.936
112.250 46.64 45.3000 19.7 1.343 1.501
112.300 46.65 45.5500 13.4 1.108 0.736
112.351 46.66 45.4600 15.9 1.200 1.036
112.401 46.67 45.4600 16.1 1.210 1.070
112.450 46.68 45.5000 15.3 1.179 0.970
112.499 46.69 45.5900 13.4 1.108 0.740
112.551 46.70 45.5500 14.8 1.158 0.906
112.601 46.71 45.5900 14.0 1.128 0.809
112.650 46.72 45.5000 16.5 1.219 1.108
112.700 46.73 45.6700 12.4 1.067 0.612
112.750 46.74 45.7500 10.5 0.995 0.383
112.801 46.75 45.5900 15.2 1.168 0.948
112.850 46.76 45.5000 17.6 1.259 1.246
112.900 46.77 45.5500 16.8 1.228 1.146
112.951 46.78 45.6700 13.8 1.117 0.783
113.000 46.79 45.5900 16.3 1.208 1.082
113.051 46.80 45.7100 13.3 1.096 0.718
113.100 46.81 45.7100 13.6 1.106 0.753
113.150 46.82 45.7100 13.9 1.116 0.788
113.201 46.83 45.5900 17.4 1.248 1.220
113.250 46.84 45.6300 16.6 1.217 1.120
113.301 46.85 45.6700 15.8 1.187 1.021
113.350 46.86 45.6300 17.1 1.237 1.186
113.400 46.87 45.7100 15.2 1.166 0.955
113.451 46.88 45.6700 16.6 1.217 1.121
113.500 46.89 45.7100 15.8 1.186 1.022
113.550 46.90 45.7500 15.0 1.155 0.924
113.600 46.91 45.6700 17.4 1.247 1.222
113.650 46.92 45.7900 14.5 1.135 0.859
113.701 46.93 45.8300 13.7 1.104 0.761
113.750 46.94 45.6300 19.4 1.317 1.455
113.801 46.95 45.9100 12.1 1.043 0.564
113.850 46.96 45.8300 14.5 1.134 0.863
113.901 46.97 45.6700 19.1 1.307 1.425
113.951 46.98 45.8700 14.0 1.114 0.797
114.000 46.99 45.7900 16.4 1.205 1.095
114.050 47.00 45.8700 14.5 1.134 0.864
114.100 47.01 45.8700 14.8 1.144 0.899
114.151 47.02 45.8700 15.1 1.154 0.933
114.201 47.03 45.6700 20.8 1.367 1.627
114.250 47.04 45.9100 14.6 1.133 0.866
114.300 47.05 45.7900 18.1 1.265 1.296
114.351 47.06 45.8300 17.2 1.234 1.196
114.401 47.07 45.9100 15.4 1.163 0.966
114.451 47.08 45.8700 16.7 1.214 1.131
114.500 47.09 45.9500 14.8 1.143 0.901
114.551 47.10 46.0300 13.0 1.072 0.671
114.601 47.11 45.9500 15.4 1.163 0.970
114.651 47.12 45.9900 14.6 1.132 0.872
114.701 47.13 45.9100 17.1 1.223 1.169
114.750 47.14 45.8700 18.4 1.274 1.334
114.801 47.15 45.9900 15.4 1.162 0.971
114.851 47.16 45.9100 17.9 1.253 1.268
114.902 47.17 46.0300 14.9 1.142 0.906
114.951 47.18 46.0300 15.2 1.152 0.940
115.002 47.19 45.9100 18.7 1.283 1.369
115.051 47.20 46.0300 15.7 1.172 1.005
115.101 47.21 46.0300 16.0 1.182 1.039
115.152 47.22 46.1100 14.1 1.111 0.811
115.201 47.23 46.0700 15.5 1.162 0.976
115.252 47.24 45.9900 17.9 1.253 1.272
115.301 47.25 45.9900 18.2 1.263 1.305
115.351 47.26 46.0300 17.4 1.232 1.205
115.402 47.27 45.9900 18.7 1.283 1.370
115.451 47.28 46.0300 17.9 1.252 1.270
115.502 47.29 46.0700 17.1 1.222 1.172
115.551 47.30 46.2300 13.1 1.070 0.680
115.601 47.31 45.9900 19.8 1.323 1.502
115.652 47.32 46.0700 17.9 1.252 1.271
115.701 47.33 46.0300 19.2 1.302 1.434
115.751 47.34 46.1900 15.2 1.151 0.941
115.801 47.35 46.2300 14.4 1.120 0.844
115.852 47.36 46.1100 17.9 1.252 1.272
115.902 47.37 46.1900 16.1 1.181 1.042
115.951 47.38 46.1100 18.5 1.272 1.338
116.001 47.39 46.3100 13.4 1.080 0.715
116.051 47.40 46.2300 15.8 1.170 1.011
116.102 47.41 46.3100 13.9 1.100 0.783
116.152 47.42 46.2300 16.4 1.190 1.079
116.201 47.43 46.1900 17.7 1.241 1.244
116.251 47.44 46.1900 18.0 1.251 1.276
116.302 47.45 46.2700 16.1 1.180 1.047
116.352 47.46 46.3500 14.2 1.110 0.819
116.402 47.47 46.2700 16.7 1.200 1.115
116.451 47.48 46.4000 13.7 1.090 0.756
116.502 47.49 46.3100 16.2 1.180 1.051
116.552 47.50 46.3100 16.4 1.190 1.085
116.602 47.51 46.4400 13.5 1.080 0.727
116.651 47.52 46.5200 11.7 1.009 0.500
116.701 47.53 46.4400 14.1 1.100 0.797
116.752 47.54 46.2700 18.6 1.271 1.354
116.802 47.55 46.3500 16.8 1.200 1.124
116.851 47.56 46.2700 19.2 1.291 1.419
116.901 47.57 46.3100 18.4 1.260 1.320
116.951 47.58 46.4000 16.5 1.190 1.091
117.002 47.60 46.3100 18.9 1.280 1.385
117.051 47.61 46.4000 17.0 1.210 1.156
117.101 47.62 46.4000 17.3 1.220 1.189
117.151 47.63 46.4400 16.5 1.190 1.091
117.201 47.64 46.4800 15.7 1.160 0.994
117.252 47.65 46.5200 14.9 1.130 0.897
117.301 47.66 46.5600 14.2 1.100 0.801
117.351 47.67 46.4400 17.6 1.230 1.226
117.402 47.68 46.5600 14.7 1.120 0.868
117.451 47.69 46.6000 13.9 1.090 0.772
117.502 47.70 46.5200 16.3 1.180 1.066
117.551 47.71 46.6000 14.5 1.110 0.840
117.601 47.72 46.6000 14.8 1.120 0.874
117.652 47.73 46.6000 15.0 1.130 0.908
117.701 47.74 46.6800 13.2 1.060 0.682
117.752 47.75 46.6000 15.6 1.150 0.977
117.801 47.76 46.4800 19.1 1.280 1.401
117.852 47.77 46.6400 15.1 1.130 0.912
117.902 47.78 46.5600 17.5 1.220 1.206
117.951 47.79 46.6000 16.7 1.190 1.109
118.001 47.80 46.4800 20.1 1.320 1.532
118.051 47.81 46.7600 13.0 1.050 0.654
118.102 47.82 46.6400 16.4 1.180 1.078
118.152 47.83 46.6800 15.7 1.150 0.981
118.201 47.84 46.6000 18.1 1.240 1.275
118.251 47.85 46.6800 16.2 1.170 1.047
118.302 47.86 46.6000 18.6 1.260 1.340
118.352 47.87 46.6000 18.9 1.270 1.372
118.402 47.88 46.7200 15.9 1.160 1.015
118.451 47.89 47.2700 1.4 0.614 -0.761
118.501 47.90 46.7600 15.5 1.140 0.960
118.552 47.91 46.7600 15.8 1.150 0.993
118.602 47.92 46.7600 16.0 1.160 1.027
118.651 47.93 46.7600 16.3 1.170 1.060
118.701 47.94 46.6800 18.7 1.260 1.352
118.752 47.95 46.7600 16.9 1.190 1.125
118.802 47.96 46.6800 19.2 1.280 1.417
118.852 47.97 46.7600 17.4 1.210 1.190
118.901 47.98 46.6800 19.8 1.300 1.482
118.951 47.99 46.7600 17.9 1.230 1.254
119.002 48.00 46.8000 17.1 1.200 1.157
119.052 48.01 46.8700 15.3 1.131 0.930
119.101 48.02 46.9100 14.5 1.101 0.835
119.151 48.03 46.7600 19.0 1.270 1.387
119.201 48.04 46.9100 15.0 1.121 0.901
119.252 48.05 46.7600 19.6 1.290 1.453
119.302 48.06 46.9100 15.6 1.141 0.966
119.351 48.07 46.8700 16.9 1.191 1.129
119.401 48.08 46.9100 16.1 1.161 1.033
119.451 48.09 46.8300 18.5 1.251 1.325
119.502 48.10 46.9900 14.6 1.101 0.840
119.551 48.11 47.0700 12.7 1.032 0.615
119.601 48.12 46.8300 19.4 1.281 1.426
119.652 48.13 46.8300 19.6 1.291 1.458
119.701 48.14 46.8700 18.8 1.261 1.360
119.752 48.15 46.8300 20.1 1.311 1.521
119.801 48.16 46.9900 16.2 1.161 1.035
119.851 48.17 46.8300 20.7 1.331 1.586
119.901 48.18 46.9100 18.8 1.261 1.358
119.951 48.19 46.9100 19.1 1.271 1.390
120.002 48.20 47.0700 15.1 1.122 0.905
120.051 48.21 47.0300 16.4 1.172 1.068
120.101 48.22 46.9900 17.8 1.221 1.230
120.151 48.23 47.0700 15.9 1.152 1.004
120.201 48.24 46.9500 19.4 1.281 1.425
120.252 48.25 47.0300 17.5 1.212 1.199
120.302 48.26 47.0700 16.7 1.182 1.102
120.351 48.27 46.9100 21.2 1.351 1.652
120.401 48.28 47.0700 17.3 1.202 1.166
120.451 48.29 47.0700 17.5 1.212 1.198
120.502 48.30 47.1500 15.7 1.143 0.974
120.552 48.31 47.0700 18.1 1.232 1.264
120.601 48.32 47.0700 18.4 1.242 1.297
120.652 48.33 47.0700 18.6 1.252 1.329
120.701 48.34 47.1500 16.8 1.183 1.104
120.752 48.35 46.9900 21.3 1.352 1.653
120.801 48.36 47.1500 17.3 1.203 1.168
120.851 48.37 47.1500 17.6 1.213 1.200
120.902 48.38 47.1900 16.8 1.183 1.104
120.951 48.39 47.0300 21.3 1.352 1.653
121.002 48.40 47.0700 20.5 1.322 1.554
121.052 48.41 47.1900 17.6 1.213 1.199
121.102 48.42 47.1100 19.9 1.303 1.489
121.153 48.43 47.1900 18.1 1.233 1.263
121.202 48.44 47.1900 18.4 1.243 1.295
121.253 48.45 47.2300 17.6 1.214 1.199
121.302 48.46 47.1500 19.9 1.303 1.489
121.352 48.47 47.2300 18.1 1.234 1.263
121.402 48.48 47.2700 17.3 1.204 1.166
121.452 48.49 47.3100 16.5 1.175 1.071
121.503 48.50 47.0700 23.1 1.422 1.876
121.553 48.51 47.2700 18.1 1.234 1.262
121.602 48.52 47.2700 18.4 1.244 1.294
121.652 48.53 47.4300 14.4 1.096 0.813
121.702 48.54 47.3500 16.8 1.185 1.104
121.753 48.55 47.2700 19.2 1.274 1.394
121.802 48.56 47.3100 18.4 1.245 1.297
121.852 48.57 47.5100 13.4 1.057 0.688
121.903 48.58 47.3100 19.0 1.265 1.364
121.952 48.59 47.4300 16.1 1.156 1.011
122.003 48.60 47.3100 19.5 1.285 1.430
122.052 48.61 47.4700 15.6 1.137 0.948
122.102 48.62 47.4700 15.8 1.147 0.982
122.153 48.63 47.3900 18.2 1.236 1.272
122.202 48.64 47.3100 20.6 1.325 1.561
122.253 48.65 47.4300 17.7 1.216 1.207
122.302 48.66 47.4700 16.9 1.187 1.111
122.352 48.67 47.3500 20.3 1.315 1.529
122.403 48.68 47.4700 17.4 1.207 1.176
122.452 48.69 47.4700 17.7 1.217 1.208
122.503 48.70 47.4700 18.0 1.227 1.241
122.552 48.71 47.2300 24.6 1.474 2.044
122.602 48.72 47.5100 17.4 1.207 1.174
122.652 48.73 47.5900 15.6 1.139 0.951
122.702 48.74 47.3900 21.1 1.346 1.625
122.753 48.75 47.5500 17.2 1.198 1.144
122.802 48.76 47.4300 20.6 1.326 1.560
122.852 48.77 47.5500 17.7 1.218 1.207
122.903 48.78 47.5500 18.0 1.228 1.240
122.952 48.79 47.6300 16.2 1.160 1.017
123.003 48.80 47.5900 17.5 1.209 1.178
123.052 48.81 47.5100 19.9 1.298 1.466
123.102 48.82 47.5100 20.1 1.308 1.498
123.153 48.83 47.5500 19.3 1.278 1.401
123.202 48.84 47.5500 19.6 1.288 1.433
123.253 48.85 47.6300 17.8 1.220 1.209
123.302 48.86 47.5900 19.1 1.269 1.370
123.352 48.87 47.6300 18.3 1.240 1.273
123.403 48.88 47.7400 15.4 1.132 0.923
123.452 48.89 47.5500 20.9 1.338 1.596
123.503 48.90 47.7100 17.0 1.191 1.115
123.552 48.91 47.6700 18.3 1.240 1.276
123.602 48.92 47.6700 18.6 1.250 1.308
123.653 48.93 47.6700 18.9 1.260 1.340
123.702 48.94 47.6700 19.1 1.270 1.372
123.753 48.95 47.7800 16.3 1.163 1.021
123.803 48.96 47.6300 20.7 1.330 1.565
123.852 48.97 47.7800 16.8 1.183 1.086
123.902 48.98 47.7400 18.1 1.232 1.247
123.952 48.99 47.7400 18.4 1.242 1.279
124.003 49.00 47.7400 18.6 1.252 1.311
124.052 49.01 47.7100 19.9 1.301 1.471
124.102 49.02 47.7100 20.2 1.311 1.502
124.152 49.03 47.7800 18.4 1.243 1.279
124.202 49.04 47.7800 18.6 1.253 1.311
124.253 49.05 47.6700 22.0 1.380 1.726
124.303 49.06 47.7800 19.2 1.273 1.374
124.352 49.07 47.9000 16.3 1.165 1.023
124.402 49.08 47.8200 18.7 1.254 1.311
124.452 49.09 47.7100 22.1 1.381 1.726
124.503 49.10 47.8600 18.1 1.234 1.247
124.553 49.11 47.8200 19.4 1.284 1.406
124.602 49.12 47.8600 18.7 1.254 1.311
124.652 49.13 47.7400 22.1 1.382 1.725
124.702 49.14 47.9400 17.1 1.196 1.119
124.753 49.15 47.7800 21.5 1.363 1.661
124.803 49.16 47.8200 20.8 1.334 1.564
124.852 49.17 47.9000 18.9 1.265 1.341
124.902 49.18 48.0200 16.1 1.158 0.992
124.952 49.19 47.8200 21.6 1.364 1.661
125.003 49.20 48.1400 13.5 1.061 0.675
125.052 49.21 47.9800 17.9 1.227 1.218
125.102 49.22 47.9800 18.2 1.237 1.251
125.153 49.23 47.9400 19.5 1.286 1.410
125.202 49.24 47.8600 21.9 1.374 1.696
125.253 49.25 47.9000 21.1 1.345 1.599
125.303 49.26 47.9000 21.3 1.355 1.630
125.352 49.27 47.9000 21.6 1.365 1.661
125.402 49.28 47.7100 27.0 1.571 2.329
125.452 49.29 48.0200 18.9 1.268 1.339
125.503 49.30 48.0200 19.2 1.278 1.371
125.553 49.31 48.2100 14.3 1.093 0.769
125.602 49.32 48.0200 19.8 1.298 1.437
125.652 49.33 48.1000 17.9 1.230 1.215
125.702 49.34 47.9800 21.3 1.357 1.628
125.753 49.35 48.1000 18.5 1.250 1.278
125.802 49.36 48.2100 15.6 1.143 0.931
125.852 49.37 48.0200 21.1 1.348 1.598
125.903 49.38 48.1400 18.2 1.241 1.249
125.952 49.39 48.1700 17.5 1.212 1.155
126.003 49.40 48.1400 18.8 1.261 1.314
126.052 49.41 48.1700 18.0 1.232 1.220
126.102 49.42 48.1400 19.3 1.281 1.379
126.153 49.43 48.0600 21.6 1.369 1.665
126.202 49.44 48.2900 15.7 1.145 0.935
126.253 49.45 48.1400 20.1 1.311 1.475
126.302 49.46 48.1400 20.4 1.321 1.507
126.352 49.47 48.0600 22.7 1.409 1.792
126.402 49.48 47.9000 27.1 1.576 2.330
126.452 49.49 48.2100 19.0 1.273 1.344
126.503 49.50 48.0200 24.5 1.478 2.009
126.553 49.51 48.2100 19.6 1.293 1.405
126.602 49.52 48.0600 23.9 1.459 1.943
126.652 49.53 48.2900 18.0 1.235 1.213
126.702 49.54 48.1000 23.4 1.440 1.878
126.753 49.55 48.3300 17.5 1.217 1.149
126.802 49.56 48.2100 20.9 1.344 1.562
126.852 49.57 48.1400 23.2 1.431 1.845
126.902 49.58 48.2500 20.3 1.325 1.496
126.952 49.59 48.2500 20.6 1.335 1.527
127.004 49.60 48.2900 19.8 1.305 1.432
127.053 49.61 48.1700 23.2 1.432 1.843
127.103 49.62 48.2100 22.4 1.404 1.747
127.154 49.63 48.3300 19.5 1.297 1.398
127.203 49.64 48.4100 17.7 1.229 1.177
127.254 49.65 48.1000 26.3 1.550 2.222
127.303 49.66 48.2500 22.4 1.405 1.744
127.353 49.67 48.3700 19.5 1.298 1.395
127.404 49.68 48.2500 22.9 1.425 1.806
127.452 49.69 48.4100 19.0 1.279 1.331
127.503 49.70 48.3300 21.3 1.367 1.616
127.554 49.71 48.3700 20.6 1.338 1.520
127.604 49.72 48.3700 20.8 1.348 1.552
127.653 49.73 48.3300 22.1 1.397 1.709
127.702 49.74 48.4500 19.3 1.290 1.361
127.754 49.75 48.3700 21.6 1.378 1.646
127.804 49.76 48.3300 22.9 1.427 1.803
127.854 49.77 48.4100 21.1 1.359 1.580
127.903 49.78 48.4100 21.3 1.369 1.611
127.952 49.79 48.4500 20.6 1.340 1.516
128.005 49.80 48.5200 18.8 1.273 1.296
128.055 49.81 48.3700 23.1 1.438 1.833
128.104 49.82 48.5200 19.3 1.293 1.359
128.154 49.83 22.7100 100.0 27.118 85.289
128.204 49.84 48.4100 19.9 1.429 1.437
128.255 49.85 48.4900 18.1 1.362 1.218
128.305 49.86 48.4900 18.4 1.372 1.251
128.354 49.87 48.4900 18.7 1.382 1.284
128.404 49.88 48.4900 18.9 1.392 1.317
128.454 49.89 48.5600 17.2 1.324 1.099
128.505 49.90 48.4900 19.5 1.412 1.384
128.555 49.91 48.5200 18.7 1.383 1.292
128.604 49.92 48.4100 22.1 1.509 1.702
128.654 49.93 48.6000 17.2 1.325 1.104
128.704 49.94 48.4100 22.6 1.529 1.768
128.755 49.95 48.5600 18.8 1.384 1.295
128.804 49.96 48.6400 17.0 1.317 1.076
128.854 49.97 48.6000 18.3 1.365 1.236
128.904 49.98 48.6000 18.6 1.375 1.269
128.954 49.99 48.4500 23.0 1.541 1.806
129.005 50.00 48.6000 19.1 1.395 1.333
129.054 50.01 48.5600 20.4 1.444 1.493
129.105 50.02 48.5200 21.7 1.493 1.651
129.156 50.03 48.5600 20.9 1.464 1.556
129.205 50.04 48.8000 15.0 1.242 0.834
129.256 50.05 48.4900 23.6 1.562 1.875
129.305 50.06 48.6400 19.7 1.417 1.402
129.355 50.07 48.6800 18.9 1.388 1.309
129.406 50.08 48.6400 20.2 1.437 1.468
129.455 50.09 48.8700 14.3 1.215 0.747
129.506 50.10 48.7600 17.7 1.341 1.159
129.555 50.11 48.6800 20.0 1.428 1.443
129.605 50.12 48.7600 18.3 1.361 1.225
129.656 50.13 48.5200 24.7 1.603 2.013
129.705 50.14 48.8300 16.7 1.304 1.038
129.756 50.15 48.8000 18.0 1.352 1.197
129.805 50.16 48.8000 18.3 1.362 1.230
129.855 50.17 48.7600 19.6 1.411 1.390
129.906 50.18 48.7600 19.9 1.421 1.422
129.955 50.19 48.7600 20.1 1.431 1.455
130.006 50.20 48.9100 16.3 1.287 0.986
130.055 50.21 48.9100 16.6 1.297 1.020
130.106 50.22 48.8300 18.9 1.384 1.305
130.157 50.23 48.8300 19.2 1.394 1.338
130.206 50.24 48.8300 19.5 1.404 1.371
130.257 50.25 48.9100 17.7 1.337 1.153
130.306 50.26 48.8000 21.1 1.463 1.562
130.356 50.27 48.9500 17.2 1.319 1.094
130.406 50.28 48.9100 18.5 1.367 1.253
130.456 50.29 48.8000 21.9 1.493 1.661
130.507 50.30 49.0600 15.0 1.233 0.817
130.556 50.31 48.8700 20.4 1.435 1.477
130.606 50.32 48.8300 21.7 1.484 1.635
130.657 50.33 48.9100 19.9 1.417 1.416
130.706 50.34 49.0300 17.1 1.312 1.073
130.757 50.35 48.7600 24.5 1.591 1.984
130.806 50.36 48.9500 19.6 1.409 1.388
130.856 50.37 48.8300 23.0 1.534 1.796
130.907 50.38 48.9100 21.2 1.467 1.576
130.956 50.39 49.0600 17.4 1.323 1.108
131.007 50.40 48.8300 23.8 1.564 1.893
131.056 50.41 48.9900 19.9 1.420 1.422
131.107 50.42 49.0600 18.2 1.353 1.205
131.158 50.43 49.0300 19.5 1.402 1.363
131.207 50.44 49.0600 18.7 1.373 1.272
131.258 50.45 49.0300 20.0 1.422 1.429
131.307 50.46 49.0300 20.3 1.432 1.461
131.357 50.47 49.0300 20.6 1.442 1.494
131.408 50.48 48.9900 21.8 1.490 1.651
131.457 50.49 48.9900 22.1 1.500 1.683
131.508 50.50 49.0600 20.3 1.433 1.465
131.557 50.51 49.1800 17.5 1.328 1.122
131.607 50.52 49.0300 21.9 1.492 1.655
131.658 50.53 49.1800 18.1 1.348 1.188
131.707 50.54 48.9500 24.5 1.589 1.971
131.758 50.55 49.1800 18.6 1.368 1.251
131.807 50.56 48.9900 24.0 1.570 1.909
131.857 50.57 49.1800 19.1 1.388 1.315
131.908 50.58 49.1400 20.4 1.437 1.473
131.957 50.59 49.1800 19.7 1.408 1.380
132.008 50.60 49.2200 18.9 1.380 1.288
132.057 50.61 49.2900 17.1 1.313 1.072
132.107 50.62 49.1800 20.5 1.438 1.480
132.159 50.63 49.2900 17.7 1.333 1.139
132.208 50.64 49.1400 22.1 1.497 1.671
132.259 50.65 49.1800 21.3 1.468 1.578
132.308 50.66 49.2200 20.5 1.440 1.485
132.358 50.67 49.2200 20.8 1.450 1.517
132.409 50.68 49.1800 22.1 1.498 1.674
132.458 50.69 49.2200 21.3 1.470 1.581
132.509 50.70 49.2900 19.6 1.403 1.363
132.558 50.71 49.2600 20.8 1.452 1.521
132.608 50.72 49.2900 20.1 1.423 1.428
132.659 50.73 49.1800 23.4 1.548 1.835
132.708 50.74 49.4100 17.6 1.329 1.119
132.759 50.75 49.5200 14.8 1.224 0.780
132.808 50.76 49.3300 20.2 1.425 1.437
132.858 50.77 49.2600 22.5 1.512 1.718
132.909 50.78 49.2900 21.7 1.483 1.624
132.958 50.79 49.2900 22.0 1.493 1.656
133.009 50.80 49.4900 17.1 1.312 1.066
133.058 50.81 49.4100 19.5 1.399 1.349
133.108 50.82 49.2900 22.8 1.523 1.754
133.159 50.83 49.4900 18.0 1.342 1.164
133.210 50.84 49.4100 20.3 1.429 1.447
133.260 50.85 49.4500 19.5 1.401 1.355
133.309 50.86 49.3700 21.8 1.487 1.636
133.359 50.87 49.4900 19.0 1.382 1.295
133.409 50.88 49.4500 20.3 1.431 1.452
133.460 50.89 49.5200 18.6 1.364 1.237
133.510 50.90 49.4900 19.9 1.412 1.394
133.559 50.91 49.4500 21.1 1.461 1.551
133.609 50.92 49.4100 22.4 1.509 1.707
133.659 50.93 49.4500 21.7 1.481 1.614
133.710 50.94 49.4900 20.9 1.452 1.521
133.760 50.95 49.4900 21.2 1.462 1.553
133.809 50.96 49.5200 20.4 1.434 1.462
133.859 50.97 49.5600 19.7 1.406 1.370
133.909 50.98 49.5600 19.9 1.416 1.403
133.960 50.99 49.5600 20.2 1.426 1.435
134.010 51.00 49.5200 21.5 1.474 1.592
134.059 51.01 49.6000 19.7 1.408 1.376
134.109 51.02 49.5200 22.0 1.494 1.656
134.159 51.03 49.5600 21.3 1.466 1.564
134.211 51.04 49.4900 23.6 1.553 1.844
134.260 51.05 49.6000 20.8 1.448 1.503
134.310 51.06 49.5200 23.1 1.534 1.783
134.360 51.07 49.5600 22.3 1.506 1.690
134.410 51.08 49.6400 20.6 1.440 1.474
134.461 51.09 49.7100 18.8 1.374 1.258
134.510 51.10 49.6400 21.1 1.460 1.539
134.560 51.11 49.8700 15.3 1.242 0.830
134.610 51.12 49.7100 19.6 1.404 1.359
134.660 51.13 49.5600 24.0 1.566 1.887
134.711 51.14 49.6400 22.2 1.500 1.670
134.761 51.15 49.6800 21.4 1.472 1.577
134.810 51.16 49.6000 23.7 1.558 1.857
134.860 51.17 49.6800 21.9 1.492 1.640
134.910 51.18 49.6800 22.2 1.502 1.672
134.961 51.19 49.7500 20.4 1.436 1.456
135.011 51.20 49.6800 22.7 1.522 1.735
135.060 51.21 49.7100 22.0 1.494 1.643
135.110 51.22 49.7500 21.2 1.466 1.551
135.160 51.23 49.7100 22.5 1.514 1.707
135.212 51.24 49.8700 18.7 1.372 1.244
135.262 51.25 49.7900 21.0 1.458 1.524
135.311 51.26 49.7900 21.3 1.468 1.556
135.361 51.27 49.7900 21.6 1.478 1.588
135.411 51.28 49.8700 19.8 1.412 1.374
135.462 51.29 49.7900 22.1 1.498 1.653
135.512 51.30 49.6000 27.4 1.699 2.303
135.561 51.31 50.0200 16.6 1.291 0.974
135.611 51.32 49.9400 18.9 1.377 1.255
135.661 51.33 49.8300 22.1 1.500 1.658
135.712 51.34 49.9400 19.4 1.397 1.319
135.762 51.35 49.7900 23.7 1.558 1.846
135.811 51.36 49.9000 20.9 1.454 1.506
135.861 51.37 49.8300 23.2 1.540 1.785
135.911 51.38 50.0200 18.4 1.361 1.200
135.962 51.39 49.9000 21.7 1.484 1.603
136.012 51.40 49.9800 20.0 1.419 1.389
136.061 51.41 49.9800 20.2 1.429 1.421
136.111 51.42 50.0200 19.5 1.401 1.331
136.161 51.43 50.0200 19.8 1.411 1.364
136.213 51.44 49.9400 22.1 1.497 1.643
136.263 51.45 49.6800 29.4 1.772 2.538
136.312 51.46 49.9400 22.6 1.517 1.702
136.362 51.47 50.0600 19.8 1.413 1.364
136.412 51.48 50.0200 21.1 1.461 1.520
136.463 51.49 49.9800 22.3 1.509 1.675
136.513 51.50 50.0900 19.6 1.405 1.338
136.562 51.51 50.0600 20.9 1.453 1.494
136.612 51.52 49.9000 25.1 1.615 2.018
136.662 51.53 50.2400 16.4 1.284 0.942
136.713 51.54 50.0900 20.7 1.445 1.468
136.762 51.55 50.3600 13.9 1.191 0.641
136.812 51.56 49.9400 25.2 1.617 2.028
136.862 51.57 50.1300 20.5 1.438 1.443
136.912 51.58 50.2400 17.7 1.334 1.107
136.963 51.59 50.0900 22.0 1.495 1.632
137.012 51.60 50.0900 22.3 1.505 1.664
137.062 51.61 50.0900 22.5 1.515 1.696
137.113 51.62 50.1700 20.8 1.450 1.481
137.162 51.63 50.2800 18.1 1.347 1.146
137.213 51.64 50.2400 19.3 1.394 1.302
137.263 51.65 50.1700 21.6 1.480 1.581
137.313 51.66 50.2400 19.9 1.414 1.367
137.363 51.67 50.2800 19.1 1.387 1.278
137.413 51.68 50.2800 19.4 1.397 1.311
137.464 51.69 50.1700 22.7 1.520 1.712
137.514 51.70 50.2800 19.9 1.417 1.375
137.563 51.71 50.2400 21.2 1.464 1.530
137.613 51.72 50.2400 21.5 1.474 1.562
137.663 51.73 50.4700 15.7 1.258 0.860
137.714 51.74 50.3200 20.0 1.419 1.384
137.764 51.75 50.2100 23.3 1.542 1.785
137.813 51.76 50.3600 19.6 1.401 1.326
137.863 51.77 50.4700 16.8 1.298 0.992
137.913 51.78 50.1700 25.1 1.610 2.006
137.964 51.79 50.4300 18.4 1.356 1.178
138.013 51.80 50.3600 20.6 1.441 1.457
138.063 51.81 50.4000 19.9 1.414 1.367
138.114 51.82 50.2400 24.2 1.575 1.890
138.163 51.83 50.2800 23.4 1.547 1.798
138.214 51.84 50.2400 24.7 1.595 1.951
138.263 51.85 50.3600 21.9 1.491 1.614
138.314 51.86 50.5100 18.2 1.351 1.156
138.364 51.87 50.4000 21.5 1.474 1.557
138.414 51.88 50.5500 17.8 1.333 1.100
138.465 51.89 50.3600 23.0 1.531 1.745
138.515 51.90 50.5100 19.3 1.391 1.287
138.564 51.91 50.3600 23.6 1.551 1.810
138.614 51.92 50.4700 20.8 1.449 1.474
138.664 51.93 50.5100 20.1 1.421 1.384
138.715 51.94 50.4000 23.4 1.544 1.784
138.764 51.95 50.4300 22.6 1.516 1.692
138.814 51.96 50.5100 20.9 1.451 1.479
138.864 51.97 50.4700 22.1 1.499 1.634
138.914 51.98 50.5100 21.4 1.471 1.543
138.965 51.99 50.8100 13.7 1.181 0.601
139.015 52.00 50.5800 20.0 1.416 1.367
139.064 52.01 50.5800 20.2 1.426 1.400
139.114 52.02 50.6200 19.5 1.398 1.311
139.164 52.03 50.4300 24.8 1.596 1.954
139.215 52.04 50.4700 24.0 1.569 1.862
139.265 52.05 50.4000 26.3 1.654 2.138
139.315 52.06 50.4000 26.5 1.664 2.168
139.365 52.07 50.6600 19.8 1.411 1.343
139.415 52.08 50.6600 20.1 1.421 1.376
139.466 52.09 50.4300 26.3 1.656 2.140
139.515 52.10 50.6600 20.6 1.441 1.438
139.565 52.11 50.5800 22.8 1.526 1.714
139.615 52.12 50.5800 23.1 1.536 1.745
139.665 52.13 50.7000 20.4 1.434 1.411
139.716 52.14 50.5500 24.6 1.594 1.931
139.765 52.15 50.6600 21.9 1.491 1.596
139.815 52.16 50.7000 21.2 1.464 1.506
139.865 52.17 50.8500 17.4 1.324 1.051
139.915 52.18 50.6600 22.7 1.521 1.694
139.966 52.19 50.7000 22.0 1.494 1.604
140.015 52.20 50.6600 23.2 1.541 1.758
140.065 52.21 50.7700 20.5 1.439 1.423
140.116 52.22 50.8500 18.8 1.374 1.212
140.164 52.23 50.7000 23.0 1.534 1.733
140.215 52.24 50.5500 27.3 1.694 2.251
140.266 52.25 50.7700 21.6 1.479 1.550
140.317 52.26 50.8500 19.8 1.414 1.338
140.367 52.27 50.9200 18.1 1.349 1.128
140.415 52.28 50.6600 25.4 1.621 2.014
140.467 52.29 50.7700 22.6 1.519 1.679
140.517 52.30 50.8800 19.9 1.417 1.346
140.567 52.31 50.8500 21.2 1.464 1.500
140.616 52.32 50.9200 19.4 1.399 1.289
140.665 52.33 50.7700 23.7 1.559 1.809
140.717 52.34 50.7700 23.9 1.569 1.840
140.767 52.35 50.8500 22.2 1.504 1.627
140.816 52.36 50.9600 19.5 1.402 1.295
140.866 52.37 50.7700 24.7 1.599 1.936
140.916 52.38 50.9200 21.0 1.459 1.480
140.967 52.39 50.8500 23.3 1.544 1.755
141.017 52.40 50.8800 22.5 1.517 1.665
141.066 52.41 51.1800 14.9 1.228 0.727
141.116 52.42 50.9200 22.1 1.499 1.611
141.166 52.43 51.0000 20.4 1.435 1.400
141.217 52.44 50.9200 22.6 1.519 1.675
141.266 52.45 50.7700 26.9 1.679 2.193
141.316 52.46 50.8500 25.1 1.614 1.979
141.367 52.47 50.9600 22.4 1.512 1.646
141.417 52.48 50.8500 25.6 1.634 2.041
141.468 52.49 51.0000 21.9 1.495 1.585
141.517 52.50 51.1100 19.2 1.393 1.254
141.567 52.51 50.9200 24.4 1.589 1.893
141.617 52.52 51.1100 19.7 1.413 1.318
141.667 52.53 51.0300 22.0 1.498 1.594
141.718 52.54 51.0000 23.2 1.545 1.746
141.767 52.55 50.9600 24.5 1.592 1.900
141.817 52.56 51.1100 20.8 1.453 1.445
141.868 52.57 51.0700 22.1 1.500 1.598
141.917 52.58 51.2200 18.4 1.361 1.147
141.968 52.59 51.1100 21.6 1.483 1.544
142.017 52.60 51.1400 20.9 1.456 1.455
142.067 52.61 51.0700 23.1 1.540 1.729
142.118 52.62 51.0000 25.4 1.625 2.003
142.167 52.63 51.0700 23.6 1.560 1.790
142.218 52.64 51.1100 22.9 1.533 1.701
142.267 52.65 51.0000 26.1 1.655 2.095
142.317 52.66 51.0700 24.4 1.590 1.883
142.368 52.67 51.1100 23.7 1.563 1.793
142.419 52.68 51.2900 19.0 1.387 1.219
142.468 52.69 51.1100 24.2 1.583 1.858
142.518 52.70 51.1800 22.5 1.519 1.646
142.569 52.71 51.1800 22.7 1.529 1.678
142.618 52.72 51.1100 25.0 1.613 1.952
142.669 52.73 51.1400 24.2 1.586 1.861
142.718 52.74 51.1100 25.5 1.633 2.013
142.768 52.75 51.3300 19.8 1.420 1.318
142.818 52.76 51.2900 21.1 1.467 1.472
142.868 52.77 51.2200 23.3 1.552 1.746
142.919 52.78 51.4800 16.7 1.302 0.932
142.969 52.79 51.2900 21.9 1.497 1.570
143.018 52.80 51.4000 19.2 1.396 1.240
143.068 52.81 51.1100 27.4 1.703 2.240
143.118 52.82 51.2900 22.7 1.527 1.665
143.169 52.83 51.2600 23.9 1.574 1.817
143.218 52.84 51.3700 21.2 1.473 1.486
143.268 52.85 51.3300 22.5 1.520 1.640
143.318 52.86 51.2600 24.7 1.604 1.913
143.368 52.87 51.4400 20.0 1.429 1.340
143.420 52.88 51.3700 22.3 1.513 1.614
143.469 52.89 51.4000 21.6 1.486 1.525
143.519 52.90 51.4800 19.9 1.422 1.316
143.569 52.91 51.3700 23.1 1.543 1.711
143.619 52.92 51.4000 22.4 1.516 1.622
143.670 52.93 51.4000 22.6 1.526 1.654
143.720 52.94 51.5200 19.9 1.425 1.325
143.769 52.95 51.5200 20.2 1.435 1.358
143.819 52.96 51.3700 24.4 1.593 1.873
143.869 52.97 51.5500 19.8 1.418 1.301
143.920 52.98 51.4000 24.0 1.576 1.816
143.970 52.99 51.5200 21.3 1.475 1.486
144.019 53.00 51.5200 21.5 1.485 1.519
144.069 53.01 51.4800 22.8 1.532 1.671
144.119 53.02 51.6300 19.1 1.394 1.221
144.170 53.03 51.6600 18.4 1.367 1.135
144.220 53.04 51.4400 24.6 1.599 1.890
144.269 53.05 51.5500 21.9 1.498 1.560
144.319 53.06 51.6600 19.2 1.397 1.232
144.369 53.07 51.5900 21.4 1.481 1.506
144.421 53.08 51.5900 21.7 1.491 1.538
144.471 53.09 51.5500 23.0 1.538 1.691
144.520 53.10 51.7000 19.3 1.400 1.241
144.570 53.11 51.5900 22.5 1.521 1.636
144.620 53.12 51.5500 23.8 1.568 1.788
144.671 53.13 51.7400 19.1 1.393 1.218
144.721 53.14 51.7000 20.4 1.440 1.372
144.770 53.15 51.5500 24.6 1.598 1.885
144.820 53.16 51.6600 21.9 1.497 1.555
144.870 53.17 51.7000 21.2 1.470 1.467
144.921 53.18 51.5500 25.4 1.628 1.981
144.971 53.19 51.7400 20.7 1.453 1.410
145.020 53.20 51.6600 22.9 1.537 1.683
145.070 53.21 51.8800 17.3 1.326 0.995
145.120 53.22 52.0300 13.7 1.189 0.552
145.171 53.23 51.7700 20.9 1.456 1.426
145.220 53.24 51.5900 26.0 1.651 2.059
145.270 53.25 51.7400 22.3 1.513 1.608
145.321 53.26 51.8500 19.7 1.413 1.281
145.370 53.27 51.7400 22.9 1.533 1.674
145.422 53.28 51.7000 24.1 1.580 1.825
145.471 53.29 51.7400 23.4 1.553 1.736
145.521 53.30 51.9600 17.8 1.342 1.049
145.571 53.31 51.8100 22.0 1.500 1.562
145.621 53.32 51.8100 22.2 1.510 1.595
145.672 53.33 51.8500 21.5 1.483 1.507
145.721 53.34 51.8800 20.8 1.456 1.419
145.771 53.35 51.8500 22.1 1.503 1.572
145.821 53.36 51.9600 19.4 1.402 1.245
145.871 53.37 51.6300 28.5 1.744 2.357
145.922 53.38 51.8500 22.9 1.533 1.667
145.972 53.39 51.8800 22.1 1.506 1.578
146.021 53.40 51.8800 22.4 1.516 1.610
146.071 53.41 51.7700 25.6 1.637 2.002
146.121 53.42 51.9200 21.9 1.499 1.553
146.172 53.43 52.0300 19.3 1.399 1.226
146.222 53.44 52.0700 18.6 1.372 1.140
146.271 53.45 51.9600 21.8 1.492 1.533
146.321 53.46 51.9600 22.1 1.502 1.565
146.371 53.47 51.8500 25.3 1.623 1.957
146.422 53.48 52.0000 21.6 1.486 1.508
146.473 53.49 52.0000 21.9 1.496 1.541
146.522 53.50 51.9600 23.1 1.542 1.692
146.572 53.51 52.0300 21.4 1.479 1.485
146.622 53.52 52.0000 22.7 1.526 1.637
146.673 53.53 51.9600 23.9 1.572 1.788
146.723 53.54 51.9600 24.2 1.582 1.819
146.772 53.55 52.1100 20.5 1.445 1.373
146.822 53.56 52.1400 19.8 1.419 1.287
146.872 53.57 52.2200 18.1 1.355 1.081
146.923 53.58 52.0700 22.3 1.512 1.592
146.973 53.59 52.0700 22.6 1.522 1.624
147.022 53.60 52.1400 20.9 1.459 1.418
147.072 53.61 52.1400 21.2 1.469 1.451
147.122 53.62 52.1800 20.5 1.442 1.364
147.173 53.63 52.1800 20.7 1.452 1.397
147.223 53.64 52.2200 20.0 1.425 1.311
147.272 53.65 52.0700 24.2 1.582 1.821
147.322 53.66 52.2200 20.6 1.445 1.375
147.372 53.67 52.0300 25.7 1.639 2.005
147.423 53.68 52.1800 22.1 1.502 1.557
147.473 53.69 52.1400 23.3 1.549 1.709
147.523 53.70 52.0700 25.5 1.632 1.979
147.573 53.71 52.1800 22.8 1.532 1.651
147.623 53.72 52.2500 21.2 1.469 1.445
147.674 53.73 52.1400 24.4 1.589 1.835
147.723 53.74 52.1800 23.6 1.562 1.746
147.773 53.75 52.1800 23.9 1.572 1.778
147.823 53.76 52.2500 22.2 1.509 1.572
147.873 53.77 52.2500 22.5 1.519 1.604
147.924 53.78 52.2500 22.7 1.529 1.636
147.973 53.79 52.2500 23.0 1.539 1.668
148.023 53.80 52.3600 20.3 1.439 1.342
148.074 53.81 52.2500 23.5 1.559 1.732
148.123 53.82 52.2900 22.8 1.532 1.644
148.174 53.83 52.4400 19.2 1.396 1.201
148.223 53.84 52.4000 20.4 1.442 1.353
148.273 53.85 52.4400 19.7 1.416 1.267
148.324 53.86 52.2500 24.9 1.609 1.896
148.373 53.87 52.4400 20.3 1.436 1.332
148.424 53.88 52.3600 22.5 1.519 1.602
148.473 53.89 52.4700 19.8 1.419 1.278
148.524 53.90 52.4400 21.1 1.466 1.430
148.575 53.91 52.3300 24.3 1.586 1.820
148.624 53.92 52.3300 24.5 1.596 1.851
148.675 53.93 52.4700 20.9 1.459 1.406
148.724 53.94 52.2900 26.0 1.652 2.033
148.774 53.95 52.2900 26.3 1.662 2.064
148.825 53.96 52.4700 21.7 1.489 1.499
148.874 53.97 52.5800 19.0 1.390 1.176
148.925 53.98 52.4700 22.2 1.509 1.565
148.974 53.99 52.4400 23.5 1.556 1.717
149.024 54.00 52.5100 21.8 1.493 1.511
149.075 54.01 52.5100 22.1 1.503 1.543
149.124 54.02 52.4700 23.3 1.549 1.694
149.175 54.03 52.4400 24.5 1.596 1.844
149.224 54.04 52.5100 22.8 1.533 1.638
149.274 54.05 52.5400 22.1 1.506 1.551
149.325 54.06 52.5100 23.4 1.553 1.702
149.374 54.07 52.4700 24.6 1.599 1.852
149.425 54.08 52.5800 21.9 1.500 1.527
149.474 54.09 52.5100 24.1 1.583 1.797
149.524 54.10 52.5800 22.5 1.520 1.591
149.576 54.11 52.6500 20.8 1.457 1.386
149.625 54.12 52.5400 24.0 1.576 1.774
149.676 54.13 52.6200 22.3 1.514 1.569
149.725 54.14 52.6500 21.6 1.487 1.482
149.775 54.15 52.5800 23.8 1.570 1.752
149.825 54.16 52.6500 22.1 1.507 1.546
149.875 54.17 52.6900 21.4 1.481 1.460
149.926 54.18 52.5800 24.6 1.600 1.848
149.975 54.19 52.5800 24.9 1.610 1.879
150.025 54.20 52.5800 25.1 1.620 1.910
150.075 54.21 52.6200 24.4 1.594 1.823
150.125 54.22 52.5400 26.6 1.677 2.090
150.176 54.23 52.6500 23.9 1.577 1.765
150.225 54.24 52.6900 23.2 1.551 1.678
150.275 54.25 52.6900 23.5 1.561 1.709
150.325 54.26 52.8000 20.9 1.462 1.386
150.375 54.27 52.6200 26.0 1.654 2.011
150.426 54.28 52.6500 25.2 1.627 1.923
150.475 54.29 52.7600 22.6 1.528 1.598
150.525 54.30 52.8000 21.9 1.502 1.512
150.576 54.31 52.8400 21.2 1.475 1.426
150.627 54.32 52.7600 23.4 1.558 1.695
150.677 54.33 52.7600 23.7 1.568 1.727
150.726 54.34 52.8000 23.0 1.542 1.641
150.776 54.35 52.6900 26.1 1.661 2.027
150.826 54.36 52.6900 26.4 1.671 2.058
150.877 54.37 52.9800 18.9 1.390 1.142
150.927 54.38 52.8700 22.1 1.509 1.530
150.976 54.39 52.9100 21.4 1.483 1.445
151.026 54.40 53.0500 17.8 1.347 1.006
151.076 54.41 52.9100 21.9 1.503 1.512
151.127 54.42 52.6900 28.0 1.731 2.254
151.177 54.43 52.8400 24.4 1.595 1.810
151.226 54.44 52.9100 22.7 1.533 1.605
151.276 54.45 52.9100 23.0 1.543 1.637
151.326 54.46 52.9500 22.3 1.516 1.551
151.377 54.47 52.9100 23.5 1.563 1.702
151.427 54.48 52.9500 22.8 1.536 1.615
151.476 54.49 52.9800 22.1 1.510 1.529
151.526 54.50 53.0200 21.4 1.484 1.443
151.576 54.51 52.8000 27.5 1.712 2.185
151.628 54.52 52.9800 22.9 1.540 1.624
151.678 54.53 52.9800 23.1 1.550 1.656
151.727 54.54 53.0200 22.4 1.524 1.570
151.777 54.55 52.9500 24.6 1.606 1.838
151.827 54.56 52.9100 25.9 1.653 1.987
151.878 54.57 52.9800 24.2 1.590 1.782
151.928 54.58 53.0900 21.6 1.491 1.459
151.977 54.59 53.0900 21.8 1.501 1.492
152.027 54.60 53.1600 20.2 1.439 1.289
152.077 54.61 53.0900 22.4 1.521 1.558
152.128 54.62 53.0500 23.6 1.568 1.708
152.178 54.63 53.2000 20.0 1.433 1.269
152.227 54.64 52.9800 26.1 1.660 2.009
152.277 54.65 53.0900 23.4 1.561 1.686
152.327 54.66 53.1600 21.8 1.499 1.482
152.378 54.67 53.0500 24.9 1.618 1.868
152.428 54.68 53.0900 24.2 1.591 1.781
152.477 54.69 53.2700 19.7 1.420 1.224
152.527 54.70 53.1300 23.8 1.575 1.729
152.577 54.71 53.1600 23.1 1.549 1.643
152.629 54.72 53.2400 21.4 1.487 1.439
152.679 54.73 53.2000 22.7 1.533 1.589
152.728 54.74 53.2700 21.0 1.471 1.387
152.778 54.75 53.2700 21.3 1.481 1.420
152.828 54.76 53.3100 20.6 1.454 1.335
152.879 54.77 53.2700 21.8 1.501 1.486
152.928 54.78 53.0500 27.9 1.728 2.225
152.979 54.79 53.2700 22.4 1.521 1.548
153.029 54.80 53.2400 23.6 1.567 1.698
153.078 54.81 53.2000 24.8 1.613 1.847
153.128 54.82 53.2700 23.1 1.551 1.643
153.179 54.83 53.2700 23.4 1.561 1.675
153.229 54.84 53.3100 22.7 1.534 1.589
153.279 54.85 53.3100 23.0 1.544 1.622
153.327 54.86 53.4200 20.4 1.446 1.301
153.378 54.87 53.3100 23.5 1.565 1.687
153.429 54.88 53.2700 24.7 1.611 1.836
153.479 54.89 53.3100 24.0 1.585 1.750
153.529 54.90 53.3400 23.3 1.558 1.664
153.577 54.91 53.3400 23.6 1.568 1.696
153.629 54.92 53.3100 24.8 1.615 1.845
153.680 54.93 53.3400 24.1 1.588 1.759
153.730 54.94 53.4500 21.5 1.490 1.438
153.780 54.95 53.5200 19.9 1.428 1.237
153.828 54.96 53.3800 24.0 1.582 1.739
153.879 54.97 53.6000 18.5 1.376 1.068
153.930 54.98 53.3800 24.5 1.602 1.805
153.980 54.99 53.4500 22.9 1.540 1.602
154.029 55.00 53.6700 17.4 1.334 0.932
154.078 55.01 53.4500 23.4 1.560 1.670
154.130 55.02 53.4500 23.7 1.570 1.701
154.180 55.03 53.4500 23.9 1.580 1.733
154.229 55.04 53.4200 25.1 1.626 1.882
154.279 55.05 53.5200 22.5 1.528 1.562
154.329 55.06 53.5200 22.8 1.538 1.594
154.380 55.07 53.5600 22.1 1.512 1.508
154.430 55.08 53.4500 25.3 1.630 1.893
154.479 55.09 53.6000 21.7 1.496 1.455
154.529 55.10 53.4900 24.8 1.614 1.839
154.579 55.11 53.5600 23.2 1.552 1.636
154.630 55.12 53.5600 23.4 1.562 1.668
154.681 55.13 53.6300 21.8 1.500 1.466
154.730 55.14 53.6300 22.1 1.510 1.499
154.780 55.15 53.6000 23.3 1.556 1.648
154.830 55.16 53.6300 22.6 1.530 1.563
154.881 55.17 53.6000 23.8 1.576 1.712
154.931 55.18 53.5200 26.0 1.658 1.979
154.980 55.19 53.6000 24.3 1.596 1.775
155.030 55.20 53.7000 21.7 1.498 1.455
155.080 55.21 53.6300 23.9 1.580 1.722
155.131 55.22 53.6700 23.2 1.554 1.637
155.181 55.23 53.7000 22.5 1.528 1.552
155.230 55.24 53.7400 21.8 1.502 1.467
155.280 55.25 53.6700 24.0 1.585 1.734
155.330 55.26 53.6700 24.3 1.595 1.766
155.381 55.27 53.7000 23.6 1.568 1.680
155.431 55.28 53.7800 21.9 1.507 1.478
155.480 55.29 53.7000 24.1 1.588 1.744
155.530 55.30 53.7400 23.4 1.562 1.659
155.580 55.31 53.7400 23.7 1.572 1.691
155.631 55.32 53.7000 24.9 1.618 1.840
155.681 55.33 53.7000 25.2 1.628 1.871
155.731 55.34 53.7400 24.5 1.603 1.785
155.781 55.35 53.8100 22.8 1.541 1.584
155.831 55.36 53.7800 24.0 1.587 1.732
155.882 55.37 53.8500 22.4 1.525 1.531
155.932 55.38 53.7400 25.5 1.643 1.913
155.981 55.39 53.7800 24.8 1.617 1.827
156.031 55.40 53.7800 25.1 1.627 1.858
156.081 55.41 53.8500 23.4 1.565 1.656
156.132 55.42 53.9200 21.8 1.503 1.455
156.182 55.43 53.8500 24.0 1.585 1.721
156.231 55.44 53.9900 20.4 1.452 1.287
156.281 55.45 53.8800 23.6 1.569 1.670
156.331 55.46 53.9600 21.9 1.507 1.468
156.382 55.47 53.9900 21.2 1.482 1.385
156.432 55.48 53.8800 24.4 1.599 1.768
156.481 55.49 53.8500 25.6 1.645 1.916
156.531 55.50 53.9200 23.9 1.583 1.713
156.581 55.51 53.9600 23.2 1.557 1.628
156.632 55.52 53.7800 28.3 1.747 2.244
156.682 55.53 53.9600 23.8 1.578 1.690
156.731 55.54 54.1300 19.3 1.409 1.140
156.782 55.55 53.9900 23.4 1.562 1.640
156.832 55.56 53.9600 24.6 1.608 1.788
156.883 55.57 54.0600 22.0 1.510 1.470
156.933 55.58 54.0600 22.2 1.520 1.503
156.982 55.59 53.9900 24.4 1.602 1.769
157.033 55.60 54.1000 21.8 1.504 1.451
157.082 55.61 54.0300 24.0 1.586 1.716
157.133 55.62 54.0300 24.3 1.596 1.748
157.183 55.63 54.1000 22.6 1.534 1.547
157.232 55.64 54.1000 22.9 1.544 1.580
157.282 55.65 54.0300 25.1 1.626 1.845
157.332 55.66 54.0600 24.4 1.600 1.759
157.383 55.67 54.1300 22.7 1.539 1.558
157.432 55.68 54.1700 22.0 1.513 1.475
157.482 55.69 54.1300 23.3 1.559 1.623
157.532 55.70 54.0600 25.4 1.640 1.888
157.582 55.71 54.3800 17.1 1.329 0.875
157.633 55.72 54.3100 19.3 1.410 1.142
157.683 55.73 54.1000 25.3 1.634 1.872
157.732 55.74 54.1300 24.6 1.609 1.787
157.783 55.75 54.2400 22.0 1.512 1.470
157.833 55.76 54.2800 21.3 1.486 1.387
157.884 55.77 54.1300 25.4 1.639 1.884
157.934 55.78 54.2100 23.8 1.577 1.684
157.983 55.79 54.2800 22.1 1.516 1.483
158.033 55.80 54.2100 24.3 1.597 1.748
158.083 55.81 54.2100 24.6 1.607 1.780
158.134 55.82 54.2800 22.9 1.546 1.579
158.184 55.83 54.1700 26.0 1.663 1.960
158.233 55.84 54.3500 21.5 1.495 1.410
158.283 55.85 54.2100 25.6 1.647 1.907
158.333 55.86 54.2800 23.9 1.586 1.706
158.384 55.87 54.3100 23.3 1.560 1.622
158.433 55.88 54.3100 23.5 1.570 1.654
158.483 55.89 54.2800 24.7 1.616 1.802
158.534 55.90 54.3100 24.0 1.590 1.717
158.583 55.91 54.2800 25.2 1.636 1.865
158.634 55.92 54.3500 23.6 1.575 1.664
158.683 55.93 54.4200 22.0 1.513 1.464
158.733 55.94 54.3500 24.1 1.595 1.729
158.784 55.95 54.3500 24.4 1.605 1.761
158.835 55.96 54.4600 21.8 1.508 1.445
158.885 55.97 54.4600 22.1 1.518 1.478
158.934 55.98 54.3100 26.1 1.670 1.974
158.984 55.99 54.4600 22.6 1.538 1.541
159.034 56.00 54.4600 22.9 1.548 1.574
159.085 56.01 54.4200 24.1 1.593 1.722
159.135 56.02 54.4900 22.4 1.532 1.522
159.184 56.03 54.3500 26.5 1.685 2.018
159.234 56.04 54.4200 24.9 1.624 1.816
159.284 56.05 54.4900 23.2 1.562 1.617
159.335 56.06 54.3800 26.3 1.679 1.996
159.385 56.07 54.4200 25.6 1.654 1.911
159.434 56.08 54.5300 23.0 1.557 1.594
159.484 56.09 54.4600 25.2 1.638 1.858
159.534 56.10 54.5300 23.6 1.577 1.658
159.585 56.11 54.5300 23.8 1.587 1.690
159.635 56.12 54.6000 22.2 1.526 1.491
159.684 56.13 54.4900 25.3 1.642 1.870
159.734 56.14 54.5600 23.6 1.581 1.670
159.784 56.15 54.7400 19.2 1.414 1.125
159.836 56.16 54.5600 24.2 1.601 1.737
159.886 56.17 54.7400 19.7 1.434 1.191
159.935 56.18 54.5300 25.7 1.657 1.918
159.986 56.19 54.6000 24.0 1.596 1.718
160.035 56.20 54.7000 21.5 1.499 1.403
160.086 56.21 54.6700 22.7 1.545 1.551
160.135 56.22 54.7400 21.1 1.484 1.354
160.185 56.23 54.7000 22.3 1.529 1.502
160.236 56.24 54.6700 23.5 1.575 1.650
160.285 56.25 54.6300 24.7 1.620 1.797
160.335 56.26 54.7800 21.2 1.488 1.368
160.385 56.27 54.7000 23.3 1.569 1.632
160.436 56.28 54.6700 24.5 1.615 1.779
160.486 56.29 54.6700 24.8 1.625 1.810
160.534 56.30 54.7800 22.2 1.528 1.496
160.585 56.31 54.7000 24.4 1.609 1.759
160.636 56.32 54.7800 22.8 1.548 1.560
160.686 56.33 54.6300 26.8 1.700 2.054
160.736 56.34 54.8500 21.3 1.495 1.385
160.784 56.35 54.7000 25.4 1.649 1.887
160.836 56.36 54.7800 23.8 1.589 1.687
160.887 56.37 54.9200 20.2 1.454 1.251
160.937 56.38 54.9500 19.6 1.429 1.170
160.986 56.39 54.8800 21.7 1.510 1.434
161.035 56.40 54.8500 22.9 1.555 1.582
161.087 56.41 54.8100 24.1 1.601 1.730
161.137 56.42 54.8800 22.5 1.540 1.531
161.187 56.43 54.7800 25.7 1.659 1.917
161.236 56.44 54.8500 24.0 1.595 1.710
161.285 56.45 54.8500 24.2 1.605 1.742
161.337 56.46 54.9500 21.7 1.509 1.428
161.387 56.47 54.9200 22.9 1.555 1.576
161.436 56.48 54.8500 25.0 1.635 1.839
161.486 56.49 54.9500 22.5 1.539 1.525
161.536 56.50 54.9500 22.7 1.549 1.557
161.587 56.51 54.9200 23.9 1.595 1.705
161.637 56.52 55.0300 21.4 1.499 1.392
161.686 56.53 54.8500 26.4 1.685 2.000
161.736 56.54 54.9900 22.8 1.554 1.571
161.786 56.55 55.0600 21.2 1.493 1.373
161.838 56.56 54.9200 25.3 1.645 1.866
161.888 56.57 54.9900 23.6 1.584 1.667
161.937 56.58 55.0600 22.0 1.523 1.470
161.987 56.59 55.1300 20.4 1.462 1.273
162.037 56.60 55.0600 22.6 1.543 1.536
162.088 56.61 55.0300 23.8 1.589 1.684
162.138 56.62 55.0600 23.1 1.563 1.601
162.187 56.63 55.0300 24.3 1.609 1.748
162.237 56.64 54.8800 28.3 1.760 2.239
162.287 56.65 55.1300 22.0 1.523 1.464
162.338 56.66 54.9200 27.9 1.745 2.187
162.388 56.67 55.0600 24.4 1.613 1.757
162.437 56.68 55.1000 23.7 1.588 1.674
162.487 56.69 55.2400 20.2 1.457 1.247
162.537 56.70 55.2000 21.4 1.502 1.395
162.588 56.71 55.2000 21.7 1.512 1.429
162.637 56.72 55.1300 23.8 1.593 1.691
162.687 56.73 55.1700 23.1 1.567 1.608
162.737 56.74 55.1300 24.4 1.613 1.755
162.787 56.75 55.1000 25.6 1.658 1.902
162.838 56.76 55.3100 20.2 1.456 1.245
162.889 56.77 55.2700 21.4 1.502 1.393
162.938 56.78 55.4100 17.9 1.371 0.968
162.989 56.79 55.3100 21.0 1.486 1.347
163.038 56.80 55.3100 21.3 1.496 1.380
163.089 56.81 55.2400 23.4 1.577 1.643
163.138 56.82 55.2000 24.6 1.622 1.789
163.188 56.83 55.2700 23.0 1.562 1.591
163.238 56.84 55.2000 25.1 1.642 1.853
163.288 56.85 55.2700 23.5 1.582 1.655
163.339 56.86 55.3400 21.9 1.521 1.458
163.389 56.87 55.3100 23.1 1.566 1.606
163.438 56.88 55.2700 24.3 1.612 1.752
163.488 56.89 55.3800 21.8 1.516 1.441
163.538 56.90 55.3400 23.0 1.561 1.588
163.589 56.91 55.3800 22.3 1.536 1.506
163.639 56.92 55.3400 23.5 1.581 1.653
163.688 56.93 55.4500 21.0 1.486 1.342
163.738 56.94 55.3800 23.1 1.566 1.605
163.788 56.95 55.4100 22.4 1.541 1.522
163.839 56.96 55.3100 25.5 1.657 1.898
163.890 56.97 55.4800 21.1 1.490 1.357
163.939 56.98 55.5200 20.4 1.465 1.276
163.989 56.99 55.4500 22.6 1.546 1.538
164.039 57.00 55.3400 25.6 1.661 1.914
164.090 57.01 55.3800 25.0 1.636 1.831
164.140 57.02 55.4800 22.4 1.541 1.519
164.189 57.03 55.4800 22.7 1.551 1.551
164.239 57.04 55.4500 23.9 1.596 1.698
164.289 57.05 55.5500 21.3 1.500 1.387
164.340 57.06 55.4500 24.4 1.616 1.763
164.390 57.07 55.4800 23.7 1.591 1.681
164.439 57.08 55.5200 23.1 1.565 1.598
164.489 57.09 55.4500 25.2 1.646 1.859
164.539 57.10 55.5200 23.6 1.585 1.662
164.590 57.11 55.5900 22.0 1.525 1.466
164.640 57.12 55.5200 24.1 1.605 1.727
164.689 57.13 55.5900 22.5 1.545 1.531
164.739 57.14 55.5500 23.7 1.590 1.677
164.789 57.15 55.6900 20.2 1.460 1.253
164.840 57.16 55.5500 24.2 1.610 1.743
164.890 57.17 55.5900 23.6 1.585 1.661
164.940 57.18 55.7600 19.2 1.420 1.123
164.991 57.19 55.5900 24.1 1.605 1.727
165.040 57.20 55.6900 21.6 1.510 1.417
165.091 57.21 55.6200 23.7 1.590 1.678
165.140 57.22 55.6900 22.1 1.530 1.482
165.190 57.23 55.6200 24.2 1.610 1.743
165.240 57.24 55.6900 22.6 1.550 1.546
165.290 57.25 55.7300 22.0 1.525 1.465
165.341 57.26 55.8000 20.4 1.465 1.270
165.391 57.27 55.7300 22.5 1.545 1.531
165.440 57.28 55.7300 22.8 1.555 1.564
165.490 57.29 55.7300 23.1 1.565 1.596
165.540 57.30 55.7600 22.4 1.540 1.516
165.591 57.31 55.7300 23.6 1.585 1.662
165.640 57.32 55.7600 22.9 1.560 1.580
165.691 57.33 55.7600 23.2 1.570 1.613
165.741 57.34 55.7600 23.4 1.580 1.645
165.789 57.35 55.9000 20.0 1.450 1.222
165.840 57.36 55.8000 23.1 1.565 1.596
165.891 57.37 55.8300 22.4 1.540 1.515
165.942 57.38 55.8000 23.6 1.585 1.661
165.991 57.39 55.7300 25.7 1.665 1.921
166.040 57.40 55.8000 24.1 1.605 1.724
166.092 57.41 55.9000 21.6 1.510 1.415
166.142 57.42 55.8700 22.8 1.555 1.562
166.192 57.43 55.8700 23.0 1.565 1.594
166.241 57.44 55.7600 26.1 1.680 1.969
166.290 57.45 55.9700 20.8 1.480 1.316
166.342 57.46 55.9000 22.9 1.560 1.578
166.392 57.47 55.8300 25.0 1.640 1.837
166.441 57.48 55.9700 21.6 1.510 1.413
166.491 57.49 56.0100 20.9 1.485 1.333
166.541 57.50 55.8300 25.8 1.670 1.935
166.592 57.51 55.9400 23.3 1.575 1.625
166.642 57.52 55.9400 23.6 1.585 1.657
166.691 57.53 55.9700 22.9 1.560 1.575
166.741 57.54 55.9000 25.0 1.640 1.836
166.791 57.55 56.0100 22.5 1.545 1.525
166.842 57.56 55.9700 23.7 1.590 1.672
166.892 57.57 56.0100 23.0 1.565 1.590
166.941 57.58 56.0100 23.3 1.575 1.622
166.993 57.59 56.0400 22.6 1.550 1.541
167.042 57.60 56.0800 21.9 1.525 1.460
167.093 57.61 55.9700 25.0 1.640 1.834
167.142 57.62 56.0100 24.3 1.615 1.751
167.192 57.63 56.0100 24.6 1.625 1.783
167.243 57.64 55.8000 30.4 1.845 2.497
167.292 57.65 56.1800 20.4 1.471 1.276
167.343 57.66 56.1800 20.7 1.481 1.310
167.392 57.67 56.1100 22.8 1.561 1.570
167.442 57.68 56.1100 23.1 1.571 1.603
167.493 57.69 56.2200 20.6 1.476 1.295
167.542 57.70 56.1500 22.7 1.556 1.555
167.593 57.71 56.1800 22.1 1.531 1.474
167.642 57.72 56.1500 23.2 1.576 1.620
167.692 57.73 56.1100 24.4 1.621 1.766
167.743 57.74 56.1800 22.8 1.561 1.571
167.792 57.75 56.1800 23.1 1.571 1.604
167.843 57.76 56.2500 21.5 1.511 1.409
167.892 57.77 56.2500 21.8 1.521 1.442
167.942 57.78 56.2200 23.0 1.566 1.589
167.993 57.79 56.2200 23.2 1.576 1.621
168.044 57.80 56.2900 21.7 1.516 1.427
168.094 57.81 56.2900 21.9 1.526 1.460
168.143 57.82 56.3200 21.3 1.501 1.379
168.193 57.84 56.1800 25.3 1.651 1.866
168.243 57.85 56.3200 21.8 1.521 1.444
168.294 57.86 56.1800 25.8 1.671 1.930
168.344 57.87 56.1800 26.0 1.681 1.961
168.393 57.88 56.3200 22.6 1.551 1.539
168.443 57.89 56.3900 21.0 1.492 1.345
168.493 57.90 56.3200 23.1 1.572 1.605
168.544 57.91 56.3900 21.5 1.512 1.411
168.594 57.92 56.3900 21.8 1.522 1.444
168.643 57.93 56.3200 23.9 1.602 1.703
168.693 57.94 56.3900 22.3 1.542 1.509
168.743 57.95 56.3600 23.5 1.587 1.655
168.794 57.96 56.3600 23.8 1.597 1.687
168.844 57.97 56.5000 20.4 1.468 1.266
168.893 57.98 56.3200 25.2 1.652 1.866
168.943 57.99 56.3600 24.6 1.627 1.784
168.993 58.00 56.3900 23.9 1.602 1.703
169.045 58.01 56.6000 18.6 1.404 1.057
169.095 58.02 56.5300 20.8 1.483 1.317
169.144 58.03 56.5300 21.0 1.493 1.350
169.194 58.04 56.4300 24.1 1.607 1.723
169.244 58.05 56.5000 22.5 1.548 1.528
169.295 58.06 56.5000 22.8 1.558 1.561
169.345 58.07 56.4300 24.9 1.637 1.820
169.394 58.08 56.5700 21.4 1.508 1.400
169.444 58.09 56.5300 22.6 1.553 1.545
169.493 58.10 56.5300 22.9 1.563 1.578
169.545 58.11 56.6400 20.4 1.469 1.272
169.595 58.12 56.5700 22.5 1.548 1.532
169.644 58.13 56.5700 22.8 1.558 1.564
169.694 58.14 56.6700 20.3 1.464 1.258
169.743 58.15 56.4600 26.1 1.683 1.970
169.795 58.16 56.5700 23.6 1.588 1.661
169.845 58.17 56.6000 22.9 1.564 1.581
169.894 58.18 56.6000 23.2 1.574 1.613
169.944 58.19 56.8100 17.9 1.376 0.969
169.994 58.20 56.6400 22.8 1.559 1.567
170.046 58.21 56.7100 21.2 1.500 1.375
170.096 58.22 56.5700 25.2 1.648 1.859
170.145 58.23 56.7400 20.8 1.485 1.326
170.195 58.24 56.6700 23.0 1.564 1.585
170.245 58.25 56.6700 23.2 1.574 1.617
170.296 58.26 56.6700 23.5 1.584 1.650
170.346 58.27 56.6400 24.7 1.629 1.795
170.395 58.28 56.7100 23.1 1.570 1.601
170.445 58.29 56.7400 22.4 1.545 1.520
170.495 58.30 56.5700 27.3 1.729 2.117
170.546 58.31 56.8800 19.3 1.427 1.133
170.596 58.32 56.8800 19.5 1.437 1.167
170.645 58.33 56.7100 24.4 1.620 1.765
170.695 58.34 56.6700 25.6 1.664 1.909
170.745 58.35 56.8400 21.3 1.501 1.377
170.796 58.36 56.8100 22.4 1.546 1.523
170.846 58.37 56.7400 24.6 1.625 1.780
170.895 58.38 56.8800 21.1 1.497 1.362
170.945 58.39 56.8100 23.2 1.576 1.620
170.995 58.40 56.8800 21.7 1.517 1.427
171.047 58.41 56.8400 22.9 1.561 1.573
171.096 58.42 56.9100 21.3 1.502 1.380
171.146 58.43 56.9500 20.6 1.478 1.301
171.196 58.44 57.0500 18.2 1.384 0.998
171.246 58.45 56.9100 22.1 1.532 1.482
171.297 58.46 56.9100 22.4 1.542 1.515
171.347 58.47 56.8400 24.5 1.621 1.773
171.396 58.48 56.8800 23.8 1.597 1.692
171.446 58.49 56.8100 25.9 1.676 1.949
171.496 58.50 56.8800 24.3 1.617 1.755
171.547 58.51 56.7400 28.3 1.765 2.237
171.597 58.52 56.6700 30.4 1.845 2.491
171.646 58.53 56.8800 25.1 1.647 1.844
171.696 58.54 56.9500 23.5 1.588 1.651
171.746 58.55 56.9800 22.8 1.563 1.570
171.797 58.56 56.8800 25.9 1.677 1.940
171.847 58.57 56.9500 24.3 1.618 1.746
171.896 58.58 57.0900 20.9 1.489 1.329
171.946 58.59 56.8400 27.6 1.741 2.149
171.996 58.60 56.9800 24.1 1.613 1.729
172.047 58.61 57.0200 23.5 1.589 1.649
172.096 58.62 57.0900 21.9 1.530 1.457
172.147 58.63 57.0900 22.2 1.540 1.490
172.198 58.64 57.0200 24.3 1.619 1.747
172.247 58.65 57.0200 24.5 1.629 1.778
172.298 58.66 57.0900 23.0 1.570 1.586
172.347 58.67 57.0200 25.1 1.649 1.842
172.397 58.68 57.1200 22.6 1.555 1.537
172.448 58.69 57.1200 22.8 1.565 1.569
172.497 58.70 57.1900 21.3 1.506 1.378
172.547 58.71 57.1600 22.5 1.551 1.524
172.597 58.72 57.0900 24.6 1.630 1.781
172.648 58.73 57.1200 23.9 1.605 1.700
172.698 58.74 57.1600 23.2 1.581 1.620
172.747 58.75 57.0900 25.3 1.660 1.877
172.797 58.76 57.1600 23.8 1.601 1.683
172.847 58.77 57.1900 23.1 1.576 1.603
172.898 58.78 57.0900 26.1 1.690 1.972
172.948 58.79 57.2900 20.9 1.493 1.330
172.996 58.80 57.2600 22.1 1.537 1.476
173.047 58.81 57.2600 22.3 1.547 1.509
173.098 58.82 57.2200 23.5 1.592 1.653
173.149 58.83 57.2600 22.9 1.567 1.573
173.198 58.84 57.2900 22.2 1.543 1.494
173.247 58.85 57.1900 25.2 1.656 1.863
173.299 58.86 57.2600 23.6 1.597 1.670
173.349 58.87 57.2600 23.9 1.607 1.702
173.398 58.88 57.2600 24.2 1.617 1.734
173.448 58.89 57.4300 19.9 1.455 1.206
173.497 58.90 57.2600 24.7 1.637 1.800
173.549 58.91 57.2900 24.1 1.613 1.719
173.599 58.92 57.4000 21.6 1.520 1.416
173.648 58.93 57.3600 22.8 1.564 1.561
173.698 58.94 57.4700 20.3 1.471 1.258
173.748 58.95 57.3300 24.2 1.618 1.739
173.799 58.96 57.3300 24.5 1.628 1.771
173.849 58.97 57.4300 22.0 1.535 1.467
173.898 58.98 57.2900 25.9 1.683 1.947
173.948 58.99 57.5000 20.7 1.486 1.307
173.998 59.00 57.4000 23.7 1.600 1.676
174.049 59.01 57.4300 23.1 1.575 1.596
174.098 59.02 57.5300 20.3 1.482 1.264
174.149 59.03 58.1200 4.9 0.909 -0.625
174.200 59.04 57.4000 24.1 1.639 1.721
174.249 59.05 57.4700 22.2 1.580 1.491
174.300 59.05 57.4700 22.2 1.590 1.493
174.349 59.06 57.3600 24.9 1.702 1.824
174.399 59.07 57.5000 21.2 1.574 1.371
174.450 59.08 57.5000 21.2 1.583 1.366
174.499 59.09 57.4300 23.0 1.661 1.590
174.549 59.10 57.4700 22.0 1.636 1.473
174.599 59.11 57.6000 18.4 1.507 1.026
174.650 59.12 57.5700 19.3 1.551 1.135
174.700 59.13 57.6400 17.5 1.491 0.912
174.748 59.14 57.6000 18.3 1.534 1.020
174.799 59.15 57.5300 20.2 1.611 1.245
174.850 59.15 57.5700 19.3 1.585 1.135
174.900 59.16 57.6400 17.4 1.525 0.912
174.950 59.17 57.6700 16.5 1.499 0.797
174.998 59.18 57.5000 21.1 1.679 1.362
175.050 59.19 57.6000 18.4 1.584 1.021
175.100 59.20 57.7100 15.7 1.490 0.694
175.150 59.20 57.7100 15.7 1.498 0.696
175.200 59.21 57.7100 15.7 1.506 0.692
175.250 59.22 57.7400 14.8 1.479 0.588
175.301 59.23 57.7400 14.8 1.487 0.590
175.351 59.23 57.6700 16.7 1.563 0.815
175.400 59.24 57.7100 15.8 1.537 0.703
175.451 59.25 57.9100 10.3 1.338 0.036
175.500 59.26 57.7100 15.8 1.552 0.708
175.551 59.26 57.7400 14.9 1.525 0.603
175.600 59.27 57.6700 16.8 1.601 0.828
175.650 59.28 57.7700 14.1 1.505 0.499
175.701 59.29 57.8100 13.2 1.478 0.389
175.750 59.29 57.9500 9.6 1.348 -0.055
175.800 59.30 57.8800 11.4 1.424 0.176
175.850 59.31 57.8100 13.3 1.499 0.402
175.901 59.31 57.9100 10.6 1.403 0.074
175.951 59.32 57.9500 9.8 1.376 -0.028
176.000 59.33 57.9100 10.8 1.417 0.091
176.050 59.34 57.8400 12.6 1.492 0.317
176.101 59.34 57.7700 14.4 1.567 0.544
176.151 59.35 57.9100 10.9 1.437 0.106
176.200 59.35 57.8400 12.7 1.512 0.330
176.251 59.36 57.8100 13.7 1.553 0.447
176.302 59.37 57.8100 13.7 1.559 0.452
176.352 59.37 57.8400 12.8 1.531 0.348
176.401 59.38 57.9500 10.1 1.435 0.013
176.451 59.39 58.0100 8.4 1.372 -0.197
176.502 59.39 58.0100 8.4 1.379 -0.194
176.552 59.40 57.9800 9.4 1.419 -0.070
176.601 59.40 57.9800 9.4 1.425 -0.069
176.651 59.41 57.8800 12.3 1.534 0.277
176.701 59.42 57.9800 9.5 1.437 -0.057
176.752 59.42 57.8400 13.3 1.580 0.401
176.802 59.43 57.9100 11.5 1.517 0.183
176.851 59.43 57.9800 9.7 1.454 -0.034
176.901 59.44 58.0500 8.0 1.391 -0.245
176.951 59.45 58.0500 8.1 1.397 -0.237
177.002 59.45 58.0100 9.0 1.437 -0.119
177.051 59.46 58.0800 7.2 1.374 -0.336
177.102 59.46 57.9800 10.0 1.482 0.006
177.152 59.47 58.0500 8.3 1.419 -0.213
177.201 59.47 58.0100 9.3 1.458 -0.090
177.252 59.48 58.0100 9.4 1.464 -0.078
177.303 59.48 58.0500 8.5 1.435 -0.183
177.353 59.49 58.1800 4.9 1.303 -0.622
177.402 59.49 58.1200 6.8 1.377 -0.393
177.451 59.50 58.0100 9.6 1.484 -0.047
177.503 59.50 58.1800 5.2 1.318 -0.592
177.553 59.51 58.0100 9.8 1.494 -0.030
177.603 59.51 58.1500 6.2 1.363 -0.469
177.652 59.52 58.0500 9.0 1.470 -0.118
177.701 59.52 58.1800 5.4 1.338 -0.558
177.753 59.53 58.1200 7.3 1.411 -0.329
177.803 59.53 58.0500 9.2 1.484 -0.097
177.852 59.54 58.1800 5.7 1.352 -0.531
177.902 59.54 58.2200 4.8 1.323 -0.628
177.952 59.55 58.0800 8.5 1.464 -0.178
178.003 59.55 58.2200 5.0 1.332 -0.613
178.053 59.56 58.2500 4.2 1.302 -0.712
178.102 59.56 58.2500 4.3 1.307 -0.699
178.152 59.56 58.3900 0.7 1.175 -1.136
178.202 59.57 58.2900 3.5 1.281 -0.791
178.254 59.57 58.1200 8.2 1.456 -0.223
178.303 59.58 58.2500 4.6 1.324 -0.658
178.354 59.58 58.3200 2.9 1.260 -0.868
178.404 59.59 58.3200 3.0 1.264 -0.856
178.452 59.59 58.4600 0.0 1.132 -1.286
178.503 59.59 58.3600 2.2 1.238 -0.946
178.554 59.60 58.3600 2.4 1.242 -0.928
178.604 59.60 58.4600 0.0 1.144 -1.248
178.653 59.61 58.3600 2.6 1.250 -0.903
178.702 59.61 58.3600 2.7 1.254 -0.890
178.754 59.61 58.3600 2.8 1.258 -0.879
178.804 59.62 58.3900 2.0 1.228 -0.979
178.853 59.62 58.4600 0.3 1.164 -1.188
178.903 59.63 58.4900 0.0 1.134 -1.286
178.953 59.63 58.2900 5.0 1.342 -0.608
179.004 59.63 58.1200 9.6 1.516 -0.039
179.054 59.64 58.3900 2.4 1.247 -0.924
179.103 59.64 58.5300 0.0 1.114 -1.349
179.153 59.64 58.4900 0.0 1.152 -1.225
179.203 59.65 58.4200 1.9 1.224 -0.992
179.255 59.65 58.4900 0.2 1.159 -1.197
179.305 59.65 58.5300 0.0 1.129 -1.300
179.354 59.66 58.5300 0.0 1.132 -1.284
179.404 59.66 58.5300 0.0 1.135 -1.264
179.454 59.66 58.4600 1.5 1.207 -1.031
179.505 59.67 58.4900 0.7 1.176 -1.131
179.555 59.67 58.5300 0.0 1.146 -1.230
179.604 59.67 58.5300 0.0 1.149 -1.214
179.654 59.68 58.6600 0.0 1.016 -1.644
179.704 59.68 58.5300 0.2 1.155 -1.189
179.755 59.68 58.6300 0.0 1.056 -1.504
179.805 59.69 58.4900 1.4 1.196 -1.049
179.854 59.69 58.5900 0.0 1.097 -1.365
179.904 59.69 58.5900 0.0 1.100 -1.353
179.954 59.70 58.5600 0.0 1.137 -1.226
180.005 59.70 58.7600 0.0 0.936 -1.877
180.055 59.70 58.6600 0.0 1.041 -1.527
180.104 59.71 58.6600 0.0 1.044 -1.515
180.154 59.71 58.6600 0.0 1.047 -1.498
180.204 59.71 58.6600 0.0 1.050 -1.486
180.255 59.71 58.7600 0.0 0.951 -1.800
180.304 59.72 58.7300 0.0 0.988 -1.677
180.355 59.72 58.5900 0.0 1.126 -1.218
180.406 59.72 58.6600 0.0 1.061 -1.422
180.455 59.73 58.6600 0.0 1.064 -1.405
180.506 59.73 58.7300 0.0 0.999 -1.615
180.555 59.73 58.7600 0.0 0.968 -1.707
180.605 59.73 58.7300 0.0 1.004 -1.580
180.656 59.74 58.7600 0.0 0.973 -1.678
180.705 59.74 58.6600 0.0 1.077 -1.331
180.756 59.74 58.7600 0.0 0.978 -1.652
180.805 59.74 58.7600 0.0 0.981 -1.634
180.855 59.75 58.8000 0.0 0.949 -1.728
180.905 59.75 58.8300 0.0 0.918 -1.826
180.955 59.75 58.8000 0.0 0.954 -1.699
181.006 59.75 58.8000 0.0 0.957 -1.681
181.055 59.76 58.7300 0.0 1.027 -1.444
181.105 59.76 58.8000 0.0 0.962 -1.655
181.156 59.76 58.9300 0.0 0.829 -2.073
181.205 59.76 58.7300 0.0 1.034 -1.400
181.255 59.77 58.8700 0.0 0.901 -1.825
181.305 59.77 58.9000 0.0 0.870 -1.918
181.357 59.77 58.8700 0.0 0.906 -1.790
181.407 59.77 58.9000 0.0 0.874 -1.889
181.455 59.78 58.9300 0.0 0.842 -1.983
181.506 59.78 59.0000 0.0 0.777 -2.180
181.557 59.78 58.9300 0.0 0.847 -1.946
181.607 59.78 58.8000 0.0 0.985 -1.489
181.656 59.78 59.0300 0.0 0.750 -2.244
181.705 59.79 58.8700 0.0 0.921 -1.677
181.757 59.79 59.0000 0.0 0.788 -2.100
181.807 59.79 58.9700 0.0 0.824 -1.973
181.856 59.79 58.9700 0.0 0.826 -1.954
181.906 59.79 59.0000 0.0 0.794 -2.049
181.956 59.80 59.0700 0.0 0.729 -2.253
182.007 59.80 58.9700 0.0 0.832 -1.909
182.057 59.80 59.0300 0.0 0.767 -2.108
182.106 59.80 59.0000 0.0 0.802 -1.980
182.156 59.80 59.0000 0.0 0.804 -1.964
182.206 59.81 59.1000 0.0 0.705 -2.277
182.257 59.81 59.1000 0.0 0.707 -2.259
182.306 59.81 59.0700 0.0 0.742 -2.133
182.357 59.81 59.1000 0.0 0.711 -2.225
182.408 59.81 59.1700 0.0 0.645 -2.427
182.457 59.82 59.1700 0.0 0.647 -2.409
182.507 59.82 59.0700 0.0 0.750 -2.062
182.557 59.82 59.1400 0.0 0.684 -2.259
182.608 59.82 59.1000 0.0 0.720 -2.138
182.658 59.82 59.1700 0.0 0.654 -2.336
182.706 59.83 59.1400 0.0 0.690 -2.208
182.757 59.83 59.2000 0.0 0.624 -2.411
182.808 59.83 59.3000 0.0 0.524 -2.723
182.858 59.83 59.3400 0.0 0.492 -2.814
182.907 59.83 59.1700 0.0 0.662 -2.246
182.956 59.83 59.1700 0.0 0.664 -2.224
183.008 59.84 59.2700 0.0 0.565 -2.542
183.058 59.84 59.2000 0.0 0.634 -2.300
183.107 59.84 59.2700 0.0 0.568 -2.502
183.157 59.84 59.2000 0.0 0.637 -2.265
183.207 59.84 59.3400 0.0 0.504 -2.688
183.258 59.84 59.1700 0.0 0.674 -2.116
183.308 59.85 59.2700 0.0 0.574 -2.428
183.357 59.85 59.2700 0.0 0.576 -2.411
183.408 59.85 59.3400 0.0 0.510 -2.615
183.458 59.85 59.3000 0.0 0.545 -2.482
183.509 59.85 59.3000 0.0 0.547 -2.464
183.558 59.85 59.1400 0.0 0.717 -1.898
183.608 59.85 59.3000 0.0 0.549 -2.434
183.659 59.86 59.3400 0.0 0.517 -2.522
183.708 59.86 59.3000 0.0 0.552 -2.394
183.759 59.86 59.3000 0.0 0.554 -2.378
183.808 59.86 59.3700 0.0 0.488 -2.582
183.858 59.86 58.9300 0.7 0.928 -1.132
183.909 59.86 59.3700 0.0 0.490 -2.548
183.958 59.86 59.2700 0.0 0.593 -2.203
184.009 59.87 59.3000 0.0 0.561 -2.292
184.058 59.87 59.4400 0.0 0.427 -2.715
184.108 59.87 59.4100 0.0 0.462 -2.589
184.159 59.87 59.5400 0.0 0.329 -3.004
184.208 59.87 59.4400 0.0 0.431 -2.656
184.258 59.87 59.5100 0.0 0.365 -2.860
184.308 59.87 59.3700 0.0 0.501 -2.397
184.359 59.87 59.4400 0.0 0.435 -2.596
184.409 59.88 59.5700 0.0 0.301 -3.017
184.459 59.88 59.4100 0.0 0.471 -2.451
184.509 59.88 59.6800 0.0 0.203 -3.312
184.560 59.88 59.5400 0.0 0.339 -2.850
184.610 59.88 59.5700 0.0 0.306 -2.942
184.659 59.88 59.5700 0.0 0.307 -2.925
184.710 59.88 59.5400 0.0 0.342 -2.792
184.760 59.88 59.5700 0.0 0.310 -2.878
184.810 59.89 59.5100 0.0 0.378 -2.642
184.859 59.89 59.6100 0.0 0.278 -2.955
184.909 59.89 59.4700 0.0 0.414 -2.494
184.960 59.89 59.5700 0.0 0.314 -2.807
185.010 59.89 59.5100 0.0 0.383 -2.566
185.059 59.89 59.5100 0.0 0.384 -2.550
185.109 59.89 59.6400 0.0 0.250 -2.966
185.159 59.89 59.5100 0.0 0.386 -2.512
185.210 59.89 59.6800 0.0 0.219 -3.038
185.260 59.90 59.5400 0.0 0.355 -2.583
185.309 59.90 59.6400 0.0 0.255 -2.897
185.359 59.90 59.6800 0.0 0.222 -2.983
185.409 59.90 59.6400 0.0 0.257 -2.858
185.461 59.90 59.6400 0.0 0.258 -2.836
185.511 59.90 59.6800 0.0 0.225 -2.928
185.560 59.90 59.6800 0.0 0.226 -2.906
185.610 59.90 59.7400 0.0 0.160 -3.110
185.660 59.90 59.6400 0.0 0.262 -2.758
185.711 59.90 59.8400 0.0 0.061 -3.399
185.760 59.91 59.6100 0.0 0.297 -2.610
185.810 59.91 59.7400 0.0 0.164 -3.032
185.861 59.91 59.7800 0.0 0.131 -3.120
185.910 59.91 59.8100 0.0 0.098 -3.205
185.961 59.91 59.7800 0.0 0.133 -3.079
186.010 59.91 59.7100 0.0 0.201 -2.837
186.061 59.91 59.7800 0.0 0.134 -3.041
186.111 59.91 59.7400 0.0 0.169 -2.910
186.159 59.91 59.7400 0.0 0.170 -2.894
186.210 59.91 59.8400 0.0 0.070 -3.201
186.261 59.91 59.8100 0.0 0.104 -3.068
186.311 59.92 59.7100 0.0 0.206 -2.725
186.360 59.92 59.8400 0.0 0.073 -3.141
186.409 59.92 59.7400 0.0 0.174 -2.797
186.462 59.92 59.7400 0.0 0.175 -2.776
186.512 59.92 59.8800 0.0 0.041 -3.193
186.561 59.92 59.8100 0.0 0.110 -2.957
186.611 59.92 59.7800 0.0 0.144 -2.828
186.661 59.92 59.8400 0.0 0.077 -3.032
186.712 59.92 59.9800 0.0 -0.056 -3.445
186.762 59.92 59.8400 0.0 0.079 -2.993
186.811 59.92 59.9400 0.0 -0.021 -3.298
186.861 59.92 59.9100 0.0 0.013 -3.167
186.911 59.92 59.8100 0.0 0.115 -2.823
186.962 59.93 59.8800 0.0 0.049 -3.022
187.011 59.93 59.8800 0.0 0.049 -3.000
187.061 59.93 59.9800 0.0 -0.050 -3.312
187.112 59.93 59.9800 0.0 -0.050 -3.289
187.161 59.93 59.9400 0.0 -0.016 -3.165
187.211 59.93 59.9400 0.0 -0.015 -3.143
187.261 59.93 59.9400 0.0 -0.014 -3.123
187.312 59.93 59.9400 0.0 -0.013 -3.106
187.362 59.93 60.0100 0.0 -0.080 -3.305
187.410 59.93 60.0100 0.0 -0.079 -3.282
187.462 59.93 59.9400 0.0 -0.011 -3.042
187.513 59.93 59.9400 0.0 -0.011 -3.027
187.563 59.93 59.9400 0.0 -0.010 -3.006
187.612 59.93 60.0100 0.0 -0.077 -3.204
187.661 59.94 59.9800 0.0 -0.042 -3.079
187.713 59.94 60.0400 0.0 -0.109 -3.284
187.763 59.94 59.9800 0.0 -0.041 -3.037
187.812 59.94 60.0400 0.0 -0.108 -3.241
187.862 59.94 60.0100 0.0 -0.073 -3.112
187.912 59.94 60.0800 0.0 -0.140 -3.308
187.963 59.94 59.9800 0.0 -0.038 -2.966
188.013 59.94 60.0100 0.0 -0.072 -3.056
188.062 59.94 60.1100 0.0 -0.171 -3.361
188.112 59.94 60.1100 0.0 -0.171 -3.346
188.162 59.94 60.0400 0.0 -0.103 -3.107
188.213 59.94 60.0400 0.0 -0.103 -3.088
188.262 59.94 60.0100 0.0 -0.069 -2.964
188.312 59.94 60.0800 0.0 -0.135 -3.163
188.363 59.94 60.1500 0.0 -0.202 -3.360
188.412 59.94 60.1100 0.0 -0.167 -3.229
188.463 59.95 59.8800 0.0 0.068 -2.451
188.513 59.95 60.0800 0.0 -0.133 -3.089
188.564 59.95 60.0100 0.0 -0.065 -2.852
188.614 59.95 60.0800 0.0 -0.132 -3.049
188.663 59.95 60.1500 0.0 -0.198 -3.254
188.713 59.95 60.2100 0.0 -0.265 -3.451
188.764 59.95 60.1500 0.0 -0.197 -3.213
188.814 59.95 60.1500 0.0 -0.197 -3.198
188.864 59.95 60.1800 0.0 -0.230 -3.288
188.912 59.95 60.2100 0.0 -0.263 -3.376
188.964 59.95 60.1500 0.0 -0.195 -3.143
189.014 59.95 60.1800 0.0 -0.228 -3.233
189.063 59.95 60.2100 0.0 -0.261 -3.321
189.113 59.95 60.2100 0.0 -0.261 -3.301
189.163 59.95 60.1800 0.0 -0.227 -3.172
189.214 59.95 60.1500 0.0 -0.193 -3.043
189.264 59.95 60.2100 0.0 -0.259 -3.247
189.313 59.95 60.1800 0.0 -0.225 -3.118
189.363 59.95 60.2500 0.0 -0.292 -3.317
189.413 59.95 60.1500 0.0 -0.191 -2.977
189.464 59.96 60.2500 0.0 -0.291 -3.278
189.513 59.96 60.2100 0.0 -0.257 -3.155
189.564 59.96 60.2100 0.0 -0.256 -3.137
189.615 59.96 60.2100 0.0 -0.256 -3.117
189.664 59.96 60.1800 0.0 -0.222 -2.995
189.714 59.96 60.2800 0.0 -0.322 -3.304
189.764 59.96 60.2800 0.0 -0.322 -3.284
189.815 59.96 60.1800 0.0 -0.221 -2.939
189.865 59.96 60.3800 0.0 -0.421 -3.571
189.914 59.96 60.2100 0.0 -0.253 -3.007
189.964 59.96 60.1800 0.0 -0.220 -2.886
190.015 59.96 60.2800 0.0 -0.320 -3.195
190.065 59.96 60.2500 0.0 -0.285 -3.067
190.115 59.96 60.2500 0.0 -0.285 -3.054
190.163 59.96 60.2500 0.0 -0.285 -3.030
190.214 59.96 60.3800 0.0 -0.418 -3.452
190.265 59.96 60.3100 0.0 -0.351 -3.216
190.315 59.96 60.2800 0.0 -0.317 -3.088
190.364 59.96 60.4500 0.0 -0.484 -3.618
190.413 59.96 60.3800 0.0 -0.417 -3.381
190.465 59.96 60.3500 0.0 -0.383 -3.254
190.515 59.96 60.2800 0.0 -0.316 -3.017
190.565 59.96 60.3100 0.0 -0.349 -3.108
190.615 59.96 60.3500 0.0 -0.382 -3.199
190.665 59.96 60.3800 0.0 -0.415 -3.287
190.716 59.97 60.3100 0.0 -0.348 -3.051
190.766 59.97 60.3500 0.0 -0.381 -3.149
190.815 59.97 60.3800 0.0 -0.414 -3.238
190.865 59.97 60.3500 0.0 -0.380 -3.113
190.915 59.97 60.3800 0.0 -0.413 -3.201
190.966 59.97 60.7100 0.0 -0.746 -4.275
191.015 59.97 60.2800 0.0 -0.312 -2.843
191.066 59.97 60.4100 0.0 -0.446 -3.260
191.116 59.97 60.3800 0.0 -0.412 -3.131
191.164 59.97 60.2100 0.0 -0.244 -2.572
191.216 59.97 60.4100 0.0 -0.445 -3.208
191.266 59.97 60.3800 0.0 -0.411 -3.081
191.315 59.97 60.4100 0.0 -0.444 -3.177
191.365 59.97 60.4800 0.0 -0.510 -3.377
191.415 59.97 60.4100 0.0 -0.443 -3.142
191.466 59.97 60.4500 0.0 -0.476 -3.232
191.516 59.97 60.4500 0.0 -0.476 -3.215
191.565 59.97 60.4800 0.0 -0.509 -3.304
191.616 59.97 60.4100 0.0 -0.442 -3.069
191.666 59.97 60.4500 0.0 -0.475 -3.167
191.717 59.97 60.4100 0.0 -0.442 -3.041
191.767 59.97 60.5100 0.0 -0.541 -3.349
191.816 59.97 60.4800 0.0 -0.508 -3.223
191.867 59.97 60.4800 0.0 -0.507 -3.204
191.916 59.97 60.5100 0.0 -0.541 -3.297
191.967 59.97 60.5100 0.0 -0.540 -3.284
192.016 59.97 60.4500 0.0 -0.473 -3.043
192.066 59.97 60.4800 0.0 -0.506 -3.140
192.117 59.97 60.5100 0.0 -0.540 -3.233
192.166 59.97 60.5500 0.0 -0.573 -3.323
192.216 59.97 60.4800 0.0 -0.506 -3.094
192.266 59.97 60.5100 0.0 -0.539 -3.180
192.317 59.97 60.5500 0.0 -0.572 -3.271
192.367 59.97 60.5500 0.0 -0.571 -3.253
192.416 59.98 60.4800 0.0 -0.504 -3.024
192.466 59.98 60.6100 0.0 -0.638 -3.443
192.517 59.98 60.5100 0.0 -0.538 -3.100
192.567 59.98 60.6100 0.0 -0.637 -3.408
192.618 59.98 60.5500 0.0 -0.570 -3.174
192.667 59.98 60.5500 0.0 -0.570 -3.156
192.718 59.98 60.6100 0.0 -0.637 -3.356
192.768 59.98 60.6100 0.0 -0.636 -3.338
192.818 59.98 60.6100 0.0 -0.636 -3.320
192.867 59.98 60.6100 0.0 -0.636 -3.310
192.916 59.98 60.5500 0.0 -0.569 -3.075
192.968 59.98 60.5500 0.0 -0.569 -3.059
193.018 59.98 60.5500 0.0 -0.568 -3.044
193.067 59.98 60.6100 0.0 -0.635 -3.243
193.117 59.98 60.5500 0.0 -0.568 -3.010
193.167 59.98 60.5500 0.0 -0.568 -3.000
193.218 59.98 60.6100 0.0 -0.634 -3.196
193.267 59.98 60.6500 0.0 -0.667 -3.293
193.317 59.98 60.6100 0.0 -0.634 -3.162
193.367 59.98 60.6800 0.0 -0.700 -3.368
193.417 59.98 60.6500 0.0 -0.667 -3.243
193.468 59.98 60.5800 0.0 -0.600 -3.010
193.517 59.98 60.6500 0.0 -0.666 -3.209
193.567 59.98 60.6500 0.0 -0.666 -3.194
193.618 59.98 60.6100 0.0 -0.633 -3.070
193.669 59.98 60.5800 0.0 -0.599 -2.950
193.719 59.98 60.6800 0.0 -0.699 -3.262
193.768 59.98 60.6500 0.0 -0.665 -3.137
193.818 59.98 60.6800 0.0 -0.699 -3.230
193.868 59.98 60.6500 0.0 -0.665 -3.104
193.919 59.98 60.6500 0.0 -0.665 -3.088
193.968 59.98 60.5800 0.0 -0.598 -2.856
194.018 59.98 60.6100 0.0 -0.631 -2.950
194.069 59.98 60.7100 0.0 -0.731 -3.261
194.118 59.98 60.6500 0.0 -0.664 -3.026
194.168 59.98 60.7800 0.0 -0.797 -3.444
194.218 59.98 60.7500 0.0 -0.764 -3.319
194.269 59.98 60.6500 0.0 -0.664 -2.977
194.319 59.98 60.7100 0.0 -0.730 -3.179
194.368 59.98 60.6800 0.0 -0.697 -3.062
194.418 59.98 60.7100 0.0 -0.730 -3.155
194.469 59.98 60.6800 0.0 -0.696 -3.031
194.519 59.98 60.8100 0.0 -0.829 -3.450
194.568 59.98 60.6800 0.0 -0.696 -2.999
194.618 59.98 60.7800 0.0 -0.796 -3.310
194.670 59.98 60.6800 0.0 -0.696 -2.968
194.720 59.98 60.7500 0.0 -0.762 -3.177
194.770 59.98 60.7800 0.0 -0.795 -3.263
194.819 59.98 60.7100 0.0 -0.729 -3.037
194.868 59.98 60.7800 0.0 -0.795 -3.233
194.920 59.98 60.8800 0.0 -0.895 -3.547
194.970 59.99 60.7500 0.0 -0.761 -3.099
195.019 59.99 60.7800 0.0 -0.794 -3.185
195.069 59.99 60.5800 0.0 -0.594 -2.525
195.119 59.99 60.6100 0.0 -0.628 -2.622
195.170 59.99 60.7500 0.0 -0.761 -3.041
195.220 59.99 60.7500 0.0 -0.761 -3.028
195.269 59.99 60.7800 0.0 -0.794 -3.121
195.319 59.99 60.7100 0.0 -0.727 -2.890
195.369 59.99 60.7800 0.0 -0.794 -3.098
195.420 59.99 60.7500 0.0 -0.760 -2.970
195.469 59.99 60.6500 0.0 -0.660 -2.630
195.519 59.99 60.8100 0.0 -0.826 -3.159
195.570 59.99 60.7500 0.0 -0.760 -2.933
195.619 59.99 60.7500 0.0 -0.760 -2.920
195.670 59.99 60.8500 0.0 -0.859 -3.231
195.720 59.99 60.4800 0.0 -0.492 -2.024
195.771 59.99 60.8100 0.0 -0.826 -3.098
195.821 59.99 60.8100 0.0 -0.826 -3.083
195.869 59.99 60.9100 0.0 -0.925 -3.393
195.920 59.99 60.7800 0.0 -0.792 -2.944
195.971 59.99 60.6800 0.0 -0.692 -2.606
196.021 59.99 60.8500 0.0 -0.858 -3.135
196.070 59.99 60.8500 0.0 -0.858 -3.120
196.120 59.99 60.6800 0.0 -0.692 -2.566
196.171 59.99 60.8100 0.0 -0.825 -2.985
196.221 59.99 60.8800 0.0 -0.891 -3.187
196.270 59.99 60.8100 0.0 -0.825 -2.957
196.320 59.99 60.7500 0.0 -0.758 -2.727
196.370 59.99 60.8100 0.0 -0.824 -2.930
196.421 59.99 60.8800 0.0 -0.891 -3.133
196.471 59.99 60.8100 0.0 -0.824 -2.902
196.520 59.99 60.8800 0.0 -0.890 -3.105
196.570 59.99 60.8100 0.0 -0.824 -2.882
196.620 59.99 60.4800 0.0 -0.490 -1.785
196.672 59.99 60.8100 0.0 -0.824 -2.860
196.721 59.99 60.8500 0.0 -0.857 -2.949
196.771 59.99 60.8500 0.0 -0.857 -2.941
196.822 59.99 60.8800 0.0 -0.890 -3.036
196.871 59.99 60.8800 0.0 -0.890 -3.022
196.922 59.99 60.8500 0.0 -0.856 -2.902
196.971 59.99 60.9100 0.0 -0.923 -3.104
197.021 59.99 60.8500 0.0 -0.856 -2.875
197.072 59.99 60.9100 0.0 -0.923 -3.077
197.121 59.99 60.8800 0.0 -0.889 -2.955
197.171 59.99 60.9500 0.0 -0.956 -3.160
197.222 59.99 61.0100 0.0 -1.022 -3.360
197.272 59.99 61.0100 0.0 -1.022 -3.352
197.322 59.99 60.8800 0.0 -0.889 -2.899
197.370 59.99 60.8800 0.0 -0.889 -2.892
197.421 59.99 60.9100 0.0 -0.922 -2.982
197.472 59.99 60.8800 0.0 -0.889 -2.866
197.522 59.99 60.9500 0.0 -0.955 -3.064
197.571 59.99 60.9800 0.0 -0.988 -3.164
197.620 59.99 60.8100 0.0 -0.822 -2.611
197.672 59.99 60.9100 0.0 -0.922 -2.917
197.723 59.99 60.9100 0.0 -0.921 -2.910
197.772 59.99 60.9100 0.0 -0.921 -2.898
197.822 59.99 60.9500 0.0 -0.955 -2.993
197.872 59.99 60.9100 0.0 -0.921 -2.873
197.923 59.99 60.8800 0.0 -0.888 -2.752
197.973 59.99 60.9500 0.0 -0.954 -2.955
198.022 59.99 60.9500 0.0 -0.954 -2.944
198.072 59.99 60.8800 0.0 -0.888 -2.715
198.122 59.99 60.9100 0.0 -0.921 -2.811
198.173 59.99 60.9800 0.0 -0.987 -3.014
198.222 59.99 60.9100 0.0 -0.921 -2.786
198.272 59.99 60.9100 0.0 -0.921 -2.774
198.322 59.99 60.9100 0.0 -0.920 -2.768
198.372 59.99 60.8800 0.0 -0.887 -2.642
198.423 59.99 60.9800 0.0 -0.987 -2.956
198.473 59.99 60.9500 0.0 -0.954 -2.835
198.522 59.99 60.9100 0.0 -0.920 -2.720
198.572 59.99 60.9100 0.0 -0.920 -2.710
198.622 59.99 60.9100 0.0 -0.920 -2.699
198.673 59.99 60.9800 0.0 -0.987 -2.904
198.722 59.99 60.9800 0.0 -0.986 -2.892
198.773 59.99 60.9500 0.0 -0.953 -2.772
198.824 59.99 60.9500 0.0 -0.953 -2.760
198.873 59.99 60.9800 0.0 -0.986 -2.857
198.924 59.99 60.9500 0.0 -0.953 -2.737
198.973 59.99 60.3500 3.6 -0.353 -0.775
199.024 59.99 61.0100 0.0 -1.019 -2.938
199.074 59.99 60.9100 0.0 -0.919 -2.602
199.122 59.99 60.8800 0.0 -0.886 -2.483
199.173 59.99 61.0100 0.0 -1.019 -2.905
199.224 59.99 60.9800 0.0 -0.986 -2.785
199.274 59.99 60.9800 0.0 -0.986 -2.774
199.323 59.99 61.0800 0.0 -1.086 -3.087
199.372 59.99 60.9800 0.0 -0.986 -2.750
199.424 59.99 61.0100 0.0 -1.019 -2.847
199.474 59.99 61.0500 0.0 -1.052 -2.943
199.524 59.99 60.9500 0.0 -0.952 -2.607
199.573 59.99 60.9800 0.0 -0.985 -2.705
199.623 59.99 60.9800 0.0 -0.985 -2.694
199.674 59.99 60.9500 0.0 -0.952 -2.575
199.724 59.99 61.0100 0.0 -1.018 -2.782
199.773 59.99 60.9800 0.0 -0.985 -2.661
199.824 59.99 61.0100 0.0 -1.018 -2.758
199.874 59.99 60.9500 0.0 -0.952 -2.531
199.925 59.99 61.0100 0.0 -1.018 -2.737
199.974 59.99 60.9800 0.0 -0.985 -2.618
200.024 59.99 61.0500 0.0 -1.051 -2.824
200.075 59.99 61.0500 0.0 -1.051 -2.813
200.124 59.99 61.0100 0.0 -1.018 -2.693
200.175 59.99 60.8500 0.0 -0.852 -2.142
200.224 59.99 60.9800 0.0 -0.985 -2.567
200.275 59.99 61.0100 0.0 -1.018 -2.664
200.325 59.99 60.9800 0.0 -0.985 -2.546
200.374 59.99 61.0800 0.0 -1.084 -2.860
200.424 60.00 60.9800 0.0 -0.984 -2.525
200.475 60.00 61.0500 0.0 -1.051 -2.731
200.525 60.00 61.0800 0.0 -1.084 -2.829
200.575 60.00 61.0100 0.0 -1.017 -2.601
200.623 60.00 61.0100 0.0 -1.017 -2.598
200.674 60.00 60.9800 0.0 -0.984 -2.480
200.725 60.00 61.0500 0.0 -1.051 -2.686
200.775 60.00 61.0100 0.0 -1.017 -2.563
200.825 60.00 61.0800 0.0 -1.084 -2.775
200.874 60.00 60.9800 0.0 -0.984 -2.439
200.926 60.00 61.0100 0.0 -1.017 -2.538
200.976 60.00 61.1100 0.0 -1.117 -2.847
201.025 60.00 61.0100 0.0 -1.017 -2.518
201.075 60.00 61.0500 0.0 -1.050 -2.616
201.125 60.00 60.9500 0.0 -0.951 -2.282
201.176 60.00 61.0100 0.0 -1.017 -2.491
201.226 60.00 61.0800 0.0 -1.083 -2.697
201.275 60.00 61.0500 0.0 -1.050 -2.578
201.325 60.00 61.0100 0.0 -1.017 -2.462
201.375 60.00 60.9800 0.0 -0.984 -2.343
201.426 60.00 61.0100 0.0 -1.017 -2.443
201.475 60.00 61.0100 0.0 -1.017 -2.435
201.525 60.00 61.0500 0.0 -1.050 -2.533
201.575 60.00 61.0500 0.0 -1.050 -2.525
201.625 60.00 61.0100 0.0 -1.017 -2.406
201.676 60.00 61.0500 0.0 -1.050 -2.505
201.725 60.00 61.0800 0.0 -1.083 -2.606
201.775 60.00 61.0100 0.0 -1.016 -2.378
201.826 60.00 61.0500 0.0 -1.050 -2.477
201.877 60.00 61.0800 0.0 -1.083 -2.578
201.927 60.00 61.0100 0.0 -1.016 -2.351
201.976 60.00 61.0500 0.0 -1.049 -2.450
202.026 60.00 61.0800 0.0 -1.083 -2.551
202.076 60.00 61.0100 0.0 -1.016 -2.324
202.127 60.00 61.0800 0.0 -1.083 -2.539
202.177 60.00 61.0500 0.0 -1.049 -2.416
202.226 60.00 61.0500 0.0 -1.049 -2.413
202.276 60.00 61.0800 0.0 -1.083 -2.507
202.326 60.00 61.0100 0.0 -1.016 -2.287
202.377 60.00 61.1800 0.0 -1.182 -2.813
202.426 60.00 61.0100 0.0 -1.016 -2.269
202.476 60.00 61.0500 0.0 -1.049 -2.364
202.527 60.00 61.0500 0.0 -1.049 -2.361
202.576 60.00 61.0500 0.0 -1.049 -2.347
202.626 60.00 61.0500 0.0 -1.049 -2.344
202.676 60.00 61.1800 0.0 -1.182 -2.762
202.727 60.00 60.9800 0.0 -0.983 -2.110
202.777 60.00 61.0800 0.0 -1.082 -2.422
202.826 60.00 61.0800 0.0 -1.082 -2.419
202.877 60.00 61.1500 0.0 -1.149 -2.620
202.928 60.00 61.0500 0.0 -1.049 -2.293
202.978 60.00 61.0800 0.0 -1.082 -2.388
203.028 60.00 61.0100 0.0 -1.016 -2.169
203.076 60.00 61.0800 0.0 -1.082 -2.372
203.128 60.00 61.0800 0.0 -1.082 -2.370
203.178 60.00 61.0800 0.0 -1.082 -2.356
203.228 60.00 61.0500 0.0 -1.049 -2.245
203.277 60.00 61.1500 0.0 -1.148 -2.562
203.326 60.00 61.1100 0.0 -1.115 -2.439
203.378 60.00 61.0800 0.0 -1.082 -2.328
203.428 60.00 61.0800 0.0 -1.082 -2.315
203.478 60.00 61.1100 0.0 -1.115 -2.420
203.527 60.00 61.1500 0.0 -1.148 -2.514
203.576 60.00 61.0800 0.0 -1.082 -2.296
203.628 60.00 61.0800 0.0 -1.082 -2.283
203.678 60.00 61.2100 0.0 -1.214 -2.712
203.728 60.00 61.0500 0.0 -1.048 -2.157
203.777 60.00 61.0100 0.0 -1.015 -2.048
203.827 60.00 61.0500 0.0 -1.048 -2.144
203.879 60.00 61.1100 0.0 -1.115 -2.358
203.928 60.00 61.1800 0.0 -1.181 -2.567
203.979 60.00 61.0800 0.0 -1.082 -2.234
204.029 60.00 61.1800 0.0 -1.181 -2.551
204.078 60.00 61.1500 0.0 -1.148 -2.435
204.128 60.00 61.1100 0.0 -1.115 -2.317
204.179 60.00 61.0800 0.0 -1.082 -2.204
204.229 60.00 61.0800 0.0 -1.082 -2.197
204.279 60.00 61.0800 0.0 -1.082 -2.188
204.327 60.00 61.1100 0.0 -1.115 -2.290
204.378 60.00 61.1500 0.0 -1.148 -2.391
204.429 60.00 61.1100 0.0 -1.115 -2.273
204.479 60.00 61.1100 0.0 -1.114 -2.268
204.528 60.00 61.0800 0.0 -1.081 -2.153
204.577 60.00 61.0800 0.0 -1.081 -2.145
204.629 60.00 61.0500 0.0 -1.048 -2.031
204.679 60.00 61.1500 0.0 -1.148 -2.349
204.729 60.00 61.0100 0.0 -1.015 -1.908
204.778 60.00 61.0500 0.0 -1.048 -2.012
204.827 60.00 61.1500 0.0 -1.148 -2.329
204.880 60.00 61.0500 0.0 -1.048 -1.998
204.930 60.00 61.1500 0.0 -1.148 -2.314
204.980 60.00 61.0500 0.0 -1.048 -1.985
205.029 60.00 61.1100 0.0 -1.114 -2.195
205.079 60.00 61.1500 0.0 -1.147 -2.294
205.130 60.00 61.0800 0.0 -1.081 -2.073
205.180 60.00 61.0800 0.0 -1.081 -2.067
205.229 60.00 61.1500 0.0 -1.147 -2.275
205.279 60.00 61.1500 0.0 -1.147 -2.269
205.328 60.00 61.1800 0.0 -1.181 -2.370
205.380 60.00 61.0500 0.0 -1.048 -1.929
205.430 60.00 61.0800 0.0 -1.081 -2.033
205.480 60.00 61.0800 0.0 -1.081 -2.027
205.529 60.00 61.1800 0.0 -1.180 -2.343
205.578 60.00 61.0500 0.0 -1.048 -1.906
205.630 60.00 61.0100 0.0 -1.014 -1.792
205.680 60.00 61.1100 0.0 -1.114 -2.117
205.730 60.00 61.0800 0.0 -1.081 -1.997
205.779 60.00 61.0800 0.0 -1.081 -1.992
205.828 60.00 61.0800 0.0 -1.081 -1.986
205.880 60.00 60.9500 0.0 -0.948 -1.553
205.931 60.00 61.1100 0.0 -1.114 -2.084
205.980 60.00 60.9500 0.0 -0.948 -1.538
206.030 60.00 61.2800 0.0 -1.280 -2.613
206.080 60.00 61.1100 0.0 -1.114 -2.071
206.131 60.00 61.1100 0.0 -1.114 -2.059
206.181 60.00 61.0800 0.0 -1.081 -1.946
206.230 60.00 61.0800 0.0 -1.081 -1.941
206.280 60.00 61.0800 0.0 -1.081 -1.941
206.330 60.00 61.0100 0.0 -1.014 -1.713
206.381 60.00 61.1100 0.0 -1.114 -2.033
206.430 60.00 61.1100 0.0 -1.114 -2.027
206.480 60.00 61.0800 0.0 -1.081 -1.919
206.530 60.00 61.0500 0.0 -1.047 -1.800
206.580 60.00 61.0500 0.0 -1.047 -1.795
206.631 60.00 61.0100 0.0 -1.014 -1.683
206.680 60.00 61.0800 0.0 -1.081 -1.900
206.730 60.00 61.1100 0.0 -1.114 -1.997
206.781 60.00 61.0800 0.0 -1.081 -1.884
206.830 60.00 61.0800 0.0 -1.081 -1.879
206.881 60.00 61.1100 0.0 -1.114 -1.987
206.930 60.00 61.1100 0.0 -1.114 -1.976
206.982 60.00 61.0500 0.0 -1.047 -1.755
207.032 60.00 61.1500 0.0 -1.147 -2.074
207.081 60.00 61.0800 0.0 -1.081 -1.858
207.131 60.00 61.0800 0.0 -1.081 -1.855
207.181 60.00 61.1500 0.0 -1.147 -2.065
207.232 60.00 61.1500 0.0 -1.147 -2.059
207.282 60.00 61.1100 0.0 -1.114 -1.946
207.330 60.00 61.0100 0.0 -1.014 -1.617
207.381 60.00 61.0500 0.0 -1.047 -1.721
207.432 60.00 61.1800 0.0 -1.180 -2.148
207.482 60.00 61.0500 0.0 -1.047 -1.711
207.531 60.00 61.0500 0.0 -1.047 -1.707
207.580 60.00 61.1100 0.0 -1.114 -1.918
207.632 60.00 61.0500 0.0 -1.047 -1.697
207.682 60.00 61.0800 0.0 -1.081 -1.802
207.732 60.00 61.0800 0.0 -1.081 -1.797
207.781 60.00 60.9800 0.0 -0.981 -1.469
207.830 60.00 61.0800 0.0 -1.081 -1.790
207.882 60.00 61.1100 0.0 -1.114 -1.893
207.932 60.00 61.1500 0.0 -1.147 -1.996
207.983 60.00 61.1800 0.0 -1.180 -2.098
208.032 60.00 61.0500 0.0 -1.047 -1.661
208.082 60.00 61.0500 0.0 -1.047 -1.657
208.133 60.00 61.0800 0.0 -1.081 -1.762
208.183 60.00 61.1500 0.0 -1.147 -1.973
208.232 60.00 61.0500 0.0 -1.047 -1.644
208.282 60.00 61.0500 0.0 -1.047 -1.640
208.331 60.00 61.0500 0.0 -1.047 -1.637
208.383 60.00 61.0800 0.0 -1.081 -1.741
208.433 60.00 61.0100 0.0 -1.014 -1.521
208.482 60.00 61.1100 0.0 -1.114 -1.841
208.532 60.00 61.0800 0.0 -1.081 -1.729
208.582 60.00 61.1100 0.0 -1.114 -1.833
208.633 60.00 61.0800 0.0 -1.081 -1.721
208.683 60.00 61.0800 0.0 -1.081 -1.717
208.732 60.00 61.0800 0.0 -1.081 -1.713
208.782 60.00 61.0500 0.0 -1.047 -1.601
208.832 60.00 61.0100 0.0 -1.014 -1.489
208.883 60.00 61.0800 0.0 -1.081 -1.703
208.933 60.00 61.1100 0.0 -1.114 -1.806
208.982 60.00 61.0500 0.0 -1.047 -1.586
209.033 60.00 61.0800 0.0 -1.081 -1.691
209.083 60.00 61.0100 0.0 -1.014 -1.471
209.134 60.00 61.1500 0.0 -1.147 -1.900
209.184 60.00 61.1100 0.0 -1.114 -1.787
209.233 60.00 61.0500 0.0 -1.047 -1.567
209.283 60.00 61.1100 0.0 -1.114 -1.779
209.333 60.00 61.0100 0.0 -1.014 -1.452
209.384 60.00 61.0500 0.0 -1.047 -1.557
209.434 60.00 60.9800 0.0 -0.981 -1.338
209.483 60.00 61.0800 0.0 -1.081 -1.660
209.533 60.00 61.0500 0.0 -1.047 -1.548
209.583 60.00 61.0100 0.0 -1.014 -1.437
209.634 60.00 61.0500 0.0 -1.047 -1.542
209.684 60.00 60.9800 0.0 -0.981 -1.323
209.733 60.00 61.0500 0.0 -1.047 -1.537
209.783 60.00 61.0500 0.0 -1.047 -1.534
209.833 60.00 61.0500 0.0 -1.047 -1.531
209.884 60.00 61.0100 0.0 -1.014 -1.420
209.934 60.00 60.9800 0.0 -0.981 -1.309
209.983 60.00 61.0100 0.0 -1.014 -1.415
210.034 60.00 61.0500 0.0 -1.047 -1.521
210.085 60.00 61.0100 0.0 -1.014 -1.410
210.135 60.00 61.0800 0.0 -1.081 -1.624
210.184 60.00 61.0100 0.0 -1.014 -1.404
210.234 60.00 61.0500 0.0 -1.047 -1.509
210.284 60.00 61.0100 0.0 -1.014 -1.398
210.335 60.00 61.1100 0.0 -1.114 -1.720
210.385 60.00 61.0800 0.0 -1.081 -1.609
210.435 60.00 61.0800 0.0 -1.081 -1.605
210.484 60.00 60.9800 0.0 -0.981 -1.278
210.534 60.00 61.0500 0.0 -1.047 -1.492
210.585 60.00 60.9800 0.0 -0.981 -1.273
210.635 60.00 61.0500 0.0 -1.047 -1.487
210.684 60.00 61.0100 0.0 -1.014 -1.376
210.734 60.00 61.1800 0.0 -1.180 -1.914
210.784 60.00 61.1500 0.0 -1.147 -1.801
210.835 60.00 61.0500 0.0 -1.047 -1.473
210.885 60.00 61.0500 0.0 -1.047 -1.471
210.934 60.00 61.1100 0.0 -1.114 -1.684
210.984 60.00 61.0800 0.0 -1.081 -1.573
211.034 60.00 61.0500 0.0 -1.047 -1.461
211.086 60.00 61.0500 0.0 -1.047 -1.459
211.136 60.00 60.9500 0.7 -0.948 -1.133
211.185 60.00 61.0100 0.0 -1.014 -1.347
211.235 60.00 60.9800 0.0 -0.981 -1.237
211.285 60.00 61.0500 0.0 -1.047 -1.451
211.336 60.00 61.0500 0.0 -1.047 -1.449
211.386 60.00 61.0500 0.0 -1.047 -1.446
211.435 60.00 61.0800 0.0 -1.081 -1.552
211.486 60.00 61.0500 0.0 -1.047 -1.441
211.535 60.00 61.0100 0.0 -1.014 -1.331
211.586 60.00 61.0500 0.0 -1.047 -1.437
211.635 60.00 61.0100 0.0 -1.014 -1.326
211.685 60.00 60.9800 0.0 -0.981 -1.216
211.736 60.00 61.0800 0.0 -1.081 -1.539
211.785 60.00 60.9500 0.9 -0.948 -1.104
211.835 60.00 61.0100 0.0 -1.014 -1.319
211.885 60.00 60.9100 1.8 -0.914 -0.993
211.936 60.00 61.0100 0.0 -1.014 -1.317
211.986 60.00 60.9800 0.1 -0.981 -1.207
212.034 60.00 61.0500 0.0 -1.047 -1.421
212.086 60.00 61.0100 0.0 -1.014 -1.311
212.137 60.00 61.1100 0.0 -1.114 -1.633
212.187 60.00 60.9800 0.1 -0.981 -1.198
212.236 60.00 61.0100 0.0 -1.014 -1.304
212.285 60.00 61.0800 0.0 -1.081 -1.519
212.337 60.00 61.0100 0.0 -1.014 -1.300
212.387 60.00 60.9100 2.0 -0.914 -0.974
212.437 60.00 61.0100 0.0 -1.014 -1.298
212.486 60.00 61.0100 0.0 -1.014 -1.296
212.535 60.00 60.8800 2.9 -0.881 -0.862
212.587 60.00 61.0500 0.0 -1.047 -1.402
212.637 60.00 60.9500 1.1 -0.948 -1.076
212.687 60.00 61.0100 0.0 -1.014 -1.291
212.736 60.00 60.9500 1.1 -0.948 -1.074
212.785 60.00 61.0100 0.0 -1.014 -1.289
212.837 60.00 60.9100 2.0 -0.914 -0.963
212.887 60.00 61.0100 0.0 -1.014 -1.287
212.937 60.00 61.1500 0.0 -1.147 -1.717
212.986 60.00 61.0800 0.0 -1.081 -1.498
213.035 60.00 61.0100 0.0 -1.014 -1.279
213.088 60.00 61.0100 0.0 -1.014 -1.277
213.138 60.00 60.9800 0.4 -0.981 -1.168
213.187 60.00 60.9800 0.4 -0.981 -1.166
213.237 60.00 60.9100 2.2 -0.914 -0.949
213.286 60.00 61.0100 0.0 -1.014 -1.273
213.338 60.00 60.9800 0.4 -0.981 -1.163
213.388 60.00 60.8800 3.1 -0.881 -0.838
213.437 60.00 61.0100 0.0 -1.014 -1.271
213.487 60.00 60.9800 0.4 -0.981 -1.161
213.536 60.00 60.9500 1.3 -0.948 -1.052
213.588 60.00 61.0500 0.0 -1.047 -1.375
213.638 60.00 60.9800 0.4 -0.981 -1.157
213.687 60.00 60.9500 1.3 -0.948 -1.048
213.737 60.00 60.9100 2.2 -0.914 -0.939
213.787 60.00 60.9800 0.5 -0.981 -1.155
213.838 60.00 60.9100 2.2 -0.914 -0.938
213.888 60.00 60.9800 0.5 -0.981 -1.154
213.937 60.00 60.9800 0.5 -0.981 -1.153
213.987 60.00 61.0100 0.0 -1.014 -1.260
214.037 60.00 61.0100 0.0 -1.014 -1.258
214.088 60.00 60.9100 2.3 -0.914 -0.932
214.138 60.00 60.9800 0.5 -0.981 -1.149
214.188 60.00 60.9500 1.4 -0.948 -1.040
214.239 60.00 60.9500 1.4 -0.948 -1.039
214.288 60.00 60.9100 2.3 -0.914 -0.930
214.338 60.00 60.9100 2.3 -0.914 -0.930
214.388 60.00 61.0500 0.0 -1.047 -1.362
214.439 60.00 60.8500 4.1 -0.848 -0.712
214.489 60.00 60.9500 1.4 -0.948 -1.037
214.537 60.00 60.9100 2.3 -0.914 -0.928
214.588 60.00 60.8800 3.2 -0.881 -0.820
214.639 60.00 60.9500 1.4 -0.948 -1.037
214.689 60.00 60.9500 1.4 -0.948 -1.036
214.738 60.00 60.8500 4.0 -0.848 -0.711
214.787 60.00 60.9500 1.4 -0.948 -1.037
214.839 60.00 60.9100 2.3 -0.914 -0.928
214.889 60.00 60.8500 4.0 -0.848 -0.711
214.939 60.00 60.9100 2.3 -0.914 -0.928
214.988 60.00 60.8800 3.1 -0.881 -0.820
215.037 60.00 60.8500 4.0 -0.848 -0.713
215.089 60.00 60.9800 0.5 -0.981 -1.146
215.140 60.00 60.9100 2.3 -0.914 -0.929
215.189 60.00 60.8800 3.1 -0.881 -0.820
215.239 60.00 61.0100 0.0 -1.014 -1.253
215.289 60.00 60.9100 2.3 -0.914 -0.927
215.340 60.00 60.8800 3.1 -0.881 -0.819
215.389 60.00 60.9100 2.3 -0.914 -0.928
215.439 60.00 60.9100 2.3 -0.914 -0.928
215.490 60.00 60.8500 4.0 -0.848 -0.711
215.539 60.00 60.8100 4.9 -0.814 -0.604
215.589 60.00 60.9100 2.2 -0.914 -0.930
215.640 60.00 60.8800 3.1 -0.881 -0.821
215.690 60.00 60.9100 2.2 -0.914 -0.930
215.740 60.00 60.8800 3.1 -0.881 -0.821
215.788 60.00 60.8800 3.1 -0.881 -0.822
215.840 60.00 60.8500 4.0 -0.848 -0.714
215.890 60.00 60.9500 1.3 -0.948 -1.040
215.940 60.00 60.8800 3.1 -0.881 -0.822
215.989 60.00 60.8500 4.0 -0.848 -0.715
216.038 60.00 60.8500 4.0 -0.848 -0.716
216.090 60.00 60.8800 3.1 -0.881 -0.825
216.140 60.00 60.8100 4.8 -0.814 -0.609
216.190 60.00 60.8500 4.0 -0.848 -0.718
216.240 60.00 60.8500 3.9 -0.848 -0.719
216.290 60.00 60.8800 3.0 -0.881 -0.828
216.341 60.00 60.9500 1.3 -0.948 -1.045
216.390 60.00 60.9100 2.2 -0.914 -0.936
216.440 60.00 60.9100 2.2 -0.914 -0.936
216.491 60.00 60.8500 3.9 -0.848 -0.719
216.540 60.00 60.8800 3.0 -0.881 -0.828
216.591 60.00 60.9100 2.1 -0.914 -0.937
216.641 60.00 60.8800 3.0 -0.881 -0.828
216.691 60.00 60.9500 1.2 -0.948 -1.045
216.740 60.00 60.7800 5.7 -0.781 -0.504
216.789 60.00 60.8800 3.0 -0.881 -0.830
216.841 60.00 60.9800 0.4 -0.981 -1.155
216.891 60.00 60.9100 2.1 -0.914 -0.937
216.941 60.00 60.9800 0.4 -0.981 -1.153
216.990 60.00 60.9100 2.1 -0.914 -0.936
217.039 60.00 60.8100 4.8 -0.814 -0.612
217.091 60.00 60.7500 6.5 -0.748 -0.397
217.141 60.00 60.8500 3.9 -0.848 -0.723
217.190 60.00 60.8500 3.9 -0.848 -0.724
217.241 60.00 60.8500 3.9 -0.848 -0.725
217.291 60.00 60.8800 3.0 -0.881 -0.833
217.342 60.00 60.8100 4.7 -0.814 -0.618
217.392 60.00 60.7500 6.5 -0.748 -0.403
217.441 60.00 60.8500 3.8 -0.848 -0.729
217.491 60.00 60.9100 2.0 -0.914 -0.946
217.541 60.00 60.8800 2.9 -0.881 -0.838
217.592 60.00 60.7500 6.5 -0.748 -0.406
217.641 60.00 60.7800 5.6 -0.781 -0.516
217.691 60.00 60.8500 3.8 -0.848 -0.734
217.742 60.00 60.8100 4.7 -0.814 -0.626
217.791 60.00 60.8800 2.9 -0.881 -0.843
217.841 60.00 60.7500 6.4 -0.748 -0.411
217.891 60.00 60.8500 3.7 -0.848 -0.738
217.942 60.00 60.8500 3.7 -0.848 -0.739
217.992 60.00 60.8100 4.6 -0.814 -0.631
218.040 60.00 60.7500 6.4 -0.748 -0.416
218.091 60.00 60.8100 4.6 -0.814 -0.635
218.142 60.00 60.9100 1.9 -0.914 -0.960
218.192 60.00 60.7800 5.5 -0.781 -0.527
218.242 60.00 60.6800 8.1 -0.681 -0.204
218.291 60.00 60.8100 4.5 -0.814 -0.640
218.343 60.00 60.8100 4.5 -0.814 -0.641
218.393 60.00 60.7100 7.2 -0.714 -0.317
218.443 60.00 60.7500 6.2 -0.748 -0.428
218.492 60.00 60.8500 3.6 -0.848 -0.755
218.542 60.00 60.8500 3.6 -0.848 -0.755
218.593 60.00 60.7100 7.1 -0.714 -0.323
218.643 60.00 60.7100 7.1 -0.714 -0.325
218.692 60.00 60.6800 8.0 -0.681 -0.220
218.742 60.00 60.7500 6.2 -0.748 -0.439
218.792 60.00 60.7800 5.3 -0.781 -0.549
218.843 60.00 60.8500 3.5 -0.848 -0.767
218.892 60.00 60.6500 8.8 -0.648 -0.118
218.942 60.00 60.7500 6.1 -0.748 -0.446
218.992 60.00 60.8100 4.3 -0.814 -0.665
219.042 60.00 60.7800 5.2 -0.781 -0.557
219.093 60.00 60.7800 5.2 -0.781 -0.559
219.142 60.00 60.2500 19.4 -0.247 1.176
219.192 60.00 60.7500 6.0 -0.748 -0.461
219.243 60.00 60.6800 7.7 -0.681 -0.246
219.294 60.00 60.7800 5.0 -0.781 -0.573
219.343 60.00 60.7800 5.0 -0.781 -0.575
219.393 60.00 60.7500 5.9 -0.748 -0.468
219.444 60.00 60.7100 6.8 -0.714 -0.361
219.493 60.00 60.8100 4.1 -0.814 -0.688
219.543 60.00 60.7100 6.8 -0.714 -0.364
219.593 60.00 60.6500 8.5 -0.648 -0.150
219.644 60.00 60.7100 6.7 -0.714 -0.370
219.694 60.00 60.7100 6.7 -0.714 -0.372
219.743 60.00 60.7500 5.8 -0.748 -0.482
219.793 60.00 60.7800 4.9 -0.781 -0.592
219.844 60.00 60.7500 5.8 -0.748 -0.485
219.894 60.00 60.6500 8.4 -0.648 -0.162
219.944 60.00 60.7100 6.6 -0.714 -0.381
219.993 60.00 60.7500 5.7 -0.748 -0.492
220.044 60.00 60.6800 7.5 -0.681 -0.277
220.094 60.00 60.6800 7.4 -0.681 -0.280
220.144 60.00 60.7100 6.5 -0.714 -0.390
220.193 60.00 60.7800 4.8 -0.781 -0.609
220.243 60.00 60.6500 8.3 -0.648 -0.176
220.295 60.00 60.7500 5.6 -0.748 -0.505
220.345 60.00 60.5500 10.9 -0.548 0.144
220.394 60.00 60.6800 7.3 -0.681 -0.294
220.444 60.00 60.6500 8.2 -0.648 -0.188
220.494 60.00 60.6800 7.3 -0.681 -0.299
220.545 60.00 60.6800 7.2 -0.681 -0.302
220.595 60.00 60.7100 6.3 -0.714 -0.412
220.644 60.00 60.7100 6.3 -0.714 -0.414
220.694 60.00 60.6800 7.2 -0.681 -0.308
220.744 60.00 60.7100 6.3 -0.714 -0.418
220.795 60.00 60.7100 6.3 -0.714 -0.420
220.844 60.00 60.6500 8.0 -0.648 -0.205
220.894 60.00 60.6100 8.9 -0.615 -0.100
220.945 60.00 60.6500 8.0 -0.648 -0.211
220.994 60.00 60.6500 8.0 -0.648 -0.214
221.044 60.00 60.6800 7.0 -0.681 -0.325
221.094 60.00 60.6800 7.0 -0.681 -0.328
221.145 60.00 60.6800 7.0 -0.681 -0.330
221.195 60.00 60.6100 8.8 -0.615 -0.115
221.243 60.00 60.7100 6.1 -0.714 -0.443
221.295 60.00 60.8500 2.5 -0.848 -0.877
221.346 60.00 60.7100 6.1 -0.714 -0.445
221.396 60.00 60.6500 7.8 -0.648 -0.229
221.445 60.00 60.8100 3.4 -0.814 -0.774
221.494 60.00 60.6100 8.7 -0.615 -0.124
221.546 60.00 60.6100 8.7 -0.615 -0.127
221.596 60.00 60.5800 9.5 -0.581 -0.022
221.646 60.00 60.5800 9.5 -0.581 -0.025
221.695 60.00 60.5800 9.5 -0.581 -0.028
221.745 60.00 60.5800 9.4 -0.581 -0.032
221.796 60.00 60.5500 10.3 -0.548 0.073
221.846 60.00 60.6500 7.6 -0.648 -0.256
221.895 60.00 60.6100 8.5 -0.615 -0.151
221.945 60.00 60.6100 8.4 -0.615 -0.153
221.995 60.00 60.6100 8.4 -0.615 -0.156
222.046 60.00 60.7100 5.8 -0.714 -0.484
222.095 60.00 60.5500 10.2 -0.548 0.057
222.145 60.00 60.6500 7.5 -0.648 -0.272
222.196 60.00 60.5500 10.1 -0.548 0.051
222.245 60.00 60.6500 7.4 -0.648 -0.279
222.295 60.00 60.6100 8.3 -0.615 -0.173
222.346 60.00 60.5800 9.2 -0.581 -0.067
222.397 60.00 60.6500 7.4 -0.648 -0.287
222.447 60.00 60.5500 10.0 -0.548 0.036
222.495 60.00 60.6100 8.2 -0.615 -0.185
222.546 60.00 60.6500 7.3 -0.648 -0.295
222.597 60.00 60.6800 6.4 -0.681 -0.406
222.647 60.00 60.6500 7.2 -0.648 -0.299
222.696 60.00 60.5800 9.0 -0.581 -0.085
222.745 60.00 60.6100 8.1 -0.615 -0.197
222.797 60.00 60.5800 9.0 -0.581 -0.090
222.847 60.00 60.6100 8.1 -0.615 -0.202
222.897 60.00 60.5500 9.8 -0.548 0.012
222.946 60.00 60.6800 6.2 -0.681 -0.425
222.995 60.00 60.6100 8.0 -0.615 -0.210
223.047 60.00 60.5100 10.6 -0.514 0.113
223.097 60.00 60.5500 9.7 -0.548 0.001
223.146 60.00 60.5800 8.8 -0.581 -0.111
223.196 60.00 60.5100 10.5 -0.514 0.103
223.246 60.00 60.5100 10.5 -0.514 0.099
223.297 60.00 60.5100 10.5 -0.514 0.095
223.346 60.00 60.5100 10.4 -0.514 0.091
223.397 60.00 60.4800 11.3 -0.481 0.196
223.448 60.00 60.4800 11.3 -0.481 0.192
223.497 60.00 60.4800 11.2 -0.481 0.188
223.547 60.00 60.5500 9.4 -0.548 -0.033
223.597 60.00 60.4500 12.1 -0.448 0.289
223.648 60.00 60.5100 10.2 -0.514 0.067
223.698 60.00 60.5100 10.2 -0.514 0.063
223.746 60.00 60.7500 4.0 -0.748 -0.699
223.797 60.00 60.5100 10.2 -0.514 0.059
223.848 60.00 60.5100 10.2 -0.514 0.056
223.898 60.00 60.5800 8.4 -0.581 -0.164
223.947 60.00 60.4800 11.0 -0.481 0.158
223.996 60.00 60.5100 10.1 -0.514 0.046
224.048 60.00 60.5100 10.0 -0.514 0.042
224.098 60.00 60.5100 10.0 -0.514 0.039
224.147 60.00 60.6100 7.3 -0.615 -0.290
224.197 60.00 60.5100 10.0 -0.514 0.033
224.247 60.00 60.5500 9.1 -0.548 -0.078
224.298 60.00 60.5500 9.0 -0.548 -0.081
224.348 60.00 60.5500 9.0 -0.548 -0.084
224.398 60.00 60.3500 14.3 -0.347 0.564
224.449 60.00 60.5500 8.9 -0.548 -0.093
224.498 60.00 60.6100 7.1 -0.615 -0.313
224.549 60.00 60.4100 12.4 -0.414 0.336
224.598 60.00 60.4100 12.4 -0.414 0.332
224.649 60.00 60.4100 12.4 -0.414 0.327
224.699 60.00 59.4100 39.1 0.593 3.595
224.748 60.00 60.5100 9.5 -0.514 -0.022
224.798 60.00 60.4800 10.4 -0.481 0.084
224.849 60.00 60.5500 8.6 -0.548 -0.137
224.899 60.00 60.3800 13.0 -0.381 0.403
224.948 60.00 60.4500 11.2 -0.448 0.181
224.997 60.00 60.4800 10.3 -0.481 0.069
225.049 60.00 60.4100 12.0 -0.414 0.282
225.099 60.00 60.3800 12.9 -0.381 0.387
225.148 60.00 60.5100 9.3 -0.514 -0.053
225.198 60.00 60.4800 10.1 -0.481 0.053
225.247 60.00 60.4100 11.9 -0.414 0.267
225.299 60.00 60.4500 11.0 -0.448 0.154
225.349 60.00 60.4100 11.8 -0.414 0.259
225.398 60.00 60.4100 11.8 -0.414 0.255
225.449 60.00 60.4100 11.8 -0.414 0.250
225.499 60.00 60.4500 10.8 -0.448 0.138
225.550 60.00 60.3800 12.6 -0.381 0.351
225.600 60.00 60.3800 12.6 -0.381 0.347
225.649 60.00 60.5500 8.1 -0.548 -0.200
225.700 60.00 60.4100 11.6 -0.414 0.231
225.749 60.00 60.3800 12.5 -0.381 0.336
225.800 60.00 60.3800 12.4 -0.381 0.332
225.849 60.00 60.4100 11.5 -0.414 0.218
225.900 60.00 60.3800 12.4 -0.381 0.323
225.950 60.00 60.3800 12.3 -0.381 0.319
225.999 60.00 60.2500 15.8 -0.247 0.749
226.049 60.00 60.4100 11.3 -0.414 0.199
226.100 60.00 60.4100 11.3 -0.414 0.195
226.150 60.00 60.4100 11.3 -0.414 0.192
226.199 60.00 60.4100 11.3 -0.414 0.188
226.248 60.00 60.3800 12.1 -0.381 0.293
226.300 60.00 60.3500 13.0 -0.347 0.397
226.350 60.00 60.3800 12.0 -0.381 0.284
226.400 60.00 60.3500 12.9 -0.347 0.388
226.450 60.00 60.3800 12.0 -0.381 0.275
226.499 60.00 60.4100 11.1 -0.414 0.162
226.551 60.00 60.3500 12.8 -0.347 0.376
226.601 60.00 60.3500 12.8 -0.347 0.371
226.650 60.00 60.4100 10.9 -0.414 0.150
226.700 60.00 60.3100 13.6 -0.314 0.472
226.750 60.00 60.4800 9.1 -0.481 -0.076
226.801 60.00 60.3500 12.6 -0.347 0.356
226.850 60.00 60.2800 14.4 -0.281 0.569
226.900 60.00 60.3500 12.6 -0.347 0.346
226.951 60.00 60.4500 9.9 -0.448 0.016
227.000 60.00 60.3100 13.4 -0.314 0.448
227.051 60.00 60.3500 12.5 -0.347 0.334
227.100 60.00 60.3800 11.5 -0.381 0.222
227.151 60.00 60.3500 12.4 -0.347 0.326
227.201 60.00 60.2800 14.1 -0.281 0.539
227.250 60.00 60.3800 11.4 -0.381 0.209
227.300 60.00 60.2800 14.1 -0.281 0.530
227.351 60.00 60.3800 11.4 -0.381 0.200
227.401 60.00 60.3500 12.2 -0.347 0.304
227.450 60.00 60.3500 12.2 -0.347 0.300
227.500 60.00 60.3500 12.2 -0.347 0.296
227.552 60.00 60.4500 9.5 -0.448 -0.033
227.602 60.00 60.5100 7.7 -0.514 -0.253
227.651 60.00 60.3500 12.1 -0.347 0.288
227.701 60.00 60.4500 9.4 -0.448 -0.041
227.752 60.00 60.3100 12.9 -0.314 0.390
227.802 60.00 60.2800 13.8 -0.281 0.494
227.852 60.00 60.2500 14.6 -0.247 0.599
227.901 60.00 60.4100 10.2 -0.414 0.050
227.951 60.00 60.2800 13.7 -0.281 0.481
228.002 60.00 60.3800 11.0 -0.381 0.151
228.052 60.00 60.2800 13.6 -0.281 0.473
228.101 60.00 60.3100 12.7 -0.314 0.360
228.152 60.00 60.2500 14.4 -0.247 0.574
228.201 60.00 60.3100 12.6 -0.314 0.351
228.252 60.00 60.2500 14.4 -0.247 0.565
228.301 60.00 60.2500 14.3 -0.247 0.559
228.352 60.00 60.2800 13.4 -0.281 0.445
228.402 60.00 60.2100 15.1 -0.214 0.658
228.451 60.00 60.3500 11.5 -0.347 0.218
228.502 60.00 60.3100 12.4 -0.314 0.323
228.553 60.00 60.2800 13.2 -0.281 0.427
228.603 60.00 60.1800 15.9 -0.180 0.749
228.653 60.00 60.2100 14.9 -0.214 0.635
228.701 60.00 60.2100 14.9 -0.214 0.629
228.753 60.00 60.2500 14.0 -0.247 0.516
228.803 60.00 60.2800 13.0 -0.281 0.402
228.853 60.00 60.3800 10.3 -0.381 0.072
228.902 60.00 60.2500 13.9 -0.247 0.504
228.952 60.00 60.2100 14.7 -0.214 0.608
229.003 60.00 60.2500 13.8 -0.247 0.494
229.053 60.00 60.2800 12.9 -0.281 0.380
229.102 60.00 60.2800 12.8 -0.281 0.376
229.153 60.00 60.2500 13.7 -0.247 0.482
229.202 60.00 60.2800 12.8 -0.281 0.368
229.253 60.00 60.2100 14.5 -0.214 0.581
229.303 60.00 60.2500 13.6 -0.247 0.468
229.353 60.00 60.1800 15.3 -0.180 0.680
229.402 60.00 60.2500 13.5 -0.247 0.458
229.451 60.00 60.2100 14.4 -0.214 0.562
229.504 60.00 60.2100 14.3 -0.214 0.557
229.554 60.00 60.3100 11.6 -0.314 0.226
229.604 60.00 60.1800 15.2 -0.180 0.658
229.653 60.00 60.2800 12.4 -0.281 0.326
229.703 60.00 60.2800 12.4 -0.281 0.322
229.754 60.00 60.2100 14.2 -0.214 0.536
229.804 60.00 60.2100 14.1 -0.214 0.531
229.853 60.00 60.1800 15.0 -0.180 0.635
229.904 60.00 60.1100 16.7 -0.113 0.848
229.953 60.00 60.1800 14.9 -0.180 0.624
230.004 60.00 60.2800 12.2 -0.281 0.293
230.053 60.00 60.1800 14.8 -0.180 0.616
230.104 60.00 60.2500 13.0 -0.247 0.394
230.154 60.00 60.2100 13.8 -0.214 0.498
230.202 60.00 60.1800 14.7 -0.180 0.602
230.253 60.00 60.1500 15.6 -0.147 0.706
230.304 60.00 60.0800 17.3 -0.080 0.919
230.354 60.00 60.3100 11.0 -0.314 0.151
230.403 60.00 60.1100 16.3 -0.113 0.801
230.452 60.00 60.2800 11.8 -0.281 0.251
230.505 60.00 60.1500 15.4 -0.147 0.682
230.555 60.00 60.2800 11.8 -0.281 0.242
230.604 60.00 60.1500 15.3 -0.147 0.674
230.654 60.00 60.1500 15.3 -0.147 0.669
230.704 60.00 60.2100 13.4 -0.214 0.446
230.755 60.00 60.1500 15.2 -0.147 0.660
230.805 60.00 60.1800 14.3 -0.180 0.546
230.854 60.00 60.0400 17.8 -0.046 0.977
230.905 60.00 60.1800 14.2 -0.180 0.535
230.954 60.00 60.1500 15.0 -0.147 0.639
231.005 60.00 60.1500 15.0 -0.147 0.634
231.054 60.00 60.1100 15.8 -0.113 0.739
231.105 60.00 60.1100 15.8 -0.113 0.733
231.155 60.00 60.1500 14.9 -0.147 0.619
231.203 60.00 60.1800 13.9 -0.180 0.505
231.254 60.00 60.0800 16.6 -0.080 0.828
231.305 60.00 60.1500 14.8 -0.147 0.604
231.355 60.00 60.1100 15.6 -0.113 0.709
231.404 60.00 60.2100 12.9 -0.214 0.377
231.453 60.00 60.1800 13.8 -0.180 0.482
231.505 60.00 60.0800 16.4 -0.080 0.805
231.556 60.00 60.0400 17.2 -0.046 0.908
231.606 60.00 60.1100 15.4 -0.113 0.684
231.655 60.00 60.1500 14.5 -0.147 0.570
231.705 60.00 60.1100 15.3 -0.113 0.675
231.756 60.00 60.1500 14.4 -0.147 0.560
231.806 60.00 60.1100 15.3 -0.113 0.665
231.855 60.00 60.0400 17.0 -0.046 0.878
231.905 60.00 60.1100 15.2 -0.113 0.655
231.955 60.00 60.0400 16.9 -0.046 0.868
232.006 60.00 60.0800 16.0 -0.080 0.753
232.055 60.00 60.1100 15.1 -0.113 0.639
232.106 60.00 60.0100 17.7 -0.013 0.961
232.156 60.00 60.1100 15.0 -0.113 0.628
232.205 60.00 60.0800 15.8 -0.080 0.733
232.255 60.00 60.1100 14.9 -0.113 0.619
232.306 60.00 60.0800 15.8 -0.080 0.723
232.356 60.00 60.1500 13.9 -0.147 0.500
232.405 60.00 60.0800 15.7 -0.080 0.714
232.454 60.00 60.1100 14.8 -0.113 0.600
232.506 60.00 60.1100 14.7 -0.113 0.596
232.556 60.00 60.1100 14.7 -0.113 0.591
232.607 60.00 60.0400 16.4 -0.046 0.804
232.656 60.00 60.0800 15.5 -0.080 0.690
232.706 60.00 60.1100 14.6 -0.113 0.577
232.757 60.00 60.1500 13.6 -0.147 0.463
232.806 60.00 60.0400 16.3 -0.046 0.786
232.856 60.00 60.0800 15.3 -0.080 0.672
232.907 60.00 60.0100 17.1 -0.013 0.885
232.956 60.00 60.1500 13.5 -0.147 0.444
233.006 60.00 60.0800 15.2 -0.080 0.658
233.056 60.00 60.0100 17.0 -0.013 0.871
233.107 60.00 60.0100 16.9 -0.013 0.866
233.157 60.00 60.0400 16.0 -0.046 0.751
233.205 60.00 60.0800 15.1 -0.080 0.638
233.257 60.00 60.0800 15.0 -0.080 0.633
233.307 60.00 60.0100 16.8 -0.013 0.846
233.357 60.00 60.1100 14.1 -0.113 0.514
233.406 60.00 60.0800 14.9 -0.080 0.619
233.455 60.00 59.9400 18.5 0.055 1.051
233.507 60.00 60.0800 14.8 -0.080 0.609
233.557 60.00 60.0400 15.7 -0.046 0.713
233.606 60.00 60.0400 15.7 -0.046 0.708
233.657 60.00 60.0400 15.6 -0.046 0.704
233.707 60.00 60.1500 12.9 -0.147 0.372
233.758 60.00 60.0100 16.4 -0.013 0.805
233.807 60.00 60.0400 15.5 -0.046 0.691
233.858 60.00 60.0800 14.6 -0.080 0.577
233.908 60.00 60.0100 16.3 -0.013 0.791
233.957 60.00 60.0100 16.3 -0.013 0.786
234.007 60.00 60.0100 16.3 -0.013 0.781
234.058 60.00 60.0100 16.2 -0.013 0.776
234.108 60.00 59.9800 17.1 0.021 0.881
234.157 60.00 59.9800 17.1 0.021 0.875
234.206 60.00 60.0800 14.3 -0.080 0.543
234.258 60.00 59.9400 17.9 0.055 0.975
234.308 60.00 59.9100 18.7 0.088 1.078
234.357 60.00 60.0100 16.0 -0.013 0.744
234.407 60.00 60.0800 14.2 -0.080 0.522
234.457 60.00 60.0100 15.9 -0.013 0.736
234.508 60.00 59.9400 17.7 0.055 0.950
234.557 60.00 59.9400 17.6 0.055 0.944
234.608 60.00 59.9400 17.6 0.055 0.938
234.659 60.00 60.0100 15.8 -0.013 0.714
234.708 60.00 59.9800 16.6 0.021 0.820
234.758 60.00 60.0100 15.7 -0.013 0.705
234.809 60.00 59.9400 17.4 0.055 0.919
234.859 60.00 59.8800 19.2 0.122 1.131
234.908 60.00 59.9400 17.3 0.055 0.907
234.957 60.00 60.0100 15.5 -0.013 0.683
235.009 60.00 59.9100 18.1 0.088 1.006
235.059 60.00 59.9800 16.3 0.021 0.783
235.108 60.00 59.9400 17.2 0.055 0.887
235.158 60.00 59.9100 18.0 0.088 0.991
235.208 60.00 59.9400 17.1 0.055 0.876
235.259 60.00 59.9400 17.1 0.055 0.871
235.308 60.00 59.8800 18.8 0.122 1.084
235.358 60.00 59.8800 18.7 0.122 1.078
235.409 60.00 59.9800 16.0 0.021 0.745
235.458 60.00 59.9400 16.9 0.055 0.849
235.508 60.00 59.9100 17.7 0.088 0.953
235.559 60.00 59.9100 17.7 0.088 0.948
235.609 60.00 59.9400 16.8 0.055 0.834
235.659 60.00 59.9400 16.7 0.055 0.829
235.709 60.00 59.9100 17.6 0.088 0.933
235.760 60.00 59.9100 17.5 0.088 0.928
235.810 60.00 59.9400 16.6 0.055 0.813
235.859 60.00 59.9400 16.6 0.055 0.809
235.909 60.00 59.9400 16.5 0.055 0.804
235.960 60.00 59.9100 17.4 0.088 0.908
236.010 60.00 59.8800 18.2 0.122 1.012
236.060 60.00 59.9100 17.3 0.088 0.898
236.109 60.00 59.8800 18.1 0.122 1.001
236.159 60.00 59.9400 16.3 0.055 0.778
236.210 60.00 60.0100 14.5 -0.013 0.555
236.259 60.00 59.9800 15.4 0.021 0.662
236.309 60.00 59.9400 16.2 0.055 0.766
236.360 60.00 59.9400 16.2 0.055 0.762
236.409 60.00 59.9100 17.1 0.088 0.866
236.459 60.00 59.9100 17.0 0.088 0.861
236.509 60.00 59.8400 18.8 0.155 1.074
236.560 60.00 59.9100 16.9 0.088 0.851
236.610 60.00 59.9400 16.0 0.055 0.737
236.659 60.00 59.8800 17.8 0.122 0.951
236.711 60.00 59.9100 16.8 0.088 0.836
236.761 60.00 59.9100 16.8 0.088 0.832
236.811 60.00 59.9400 15.8 0.055 0.718
236.860 60.00 59.8800 17.6 0.122 0.932
236.909 60.00 59.9100 16.7 0.088 0.818
236.961 60.00 59.8800 17.5 0.122 0.922
237.011 60.00 59.9400 15.7 0.055 0.699
237.060 60.00 59.8800 17.4 0.122 0.913
237.110 60.00 59.9100 16.5 0.088 0.799
237.160 60.00 59.9400 15.6 0.055 0.686
237.211 60.00 59.8800 17.4 0.122 0.900
237.260 60.00 59.9100 16.4 0.088 0.786
237.311 60.00 59.8400 18.2 0.155 1.000
237.361 60.00 59.9400 15.5 0.055 0.668
237.410 60.00 59.8100 19.0 0.189 1.100
237.460 60.00 59.8800 17.2 0.122 0.876
237.511 60.00 59.9100 16.2 0.088 0.762
237.561 60.00 59.9400 15.3 0.055 0.649
237.611 60.00 59.8400 17.9 0.155 0.972
237.659 60.00 59.9400 15.2 0.055 0.640
237.712 60.00 59.9100 16.1 0.088 0.745
237.762 60.00 59.8100 18.7 0.189 1.069
237.812 60.00 59.8800 16.9 0.122 0.845
237.861 60.00 59.9100 16.0 0.088 0.731
237.910 60.00 59.8400 17.7 0.155 0.945
237.962 60.00 59.8100 18.6 0.189 1.050
238.012 60.00 59.8800 16.8 0.122 0.826
238.061 60.00 59.9100 15.8 0.088 0.713
238.112 60.00 59.8400 17.6 0.155 0.927
238.161 60.00 59.9100 15.8 0.088 0.704
238.211 60.00 59.8800 16.6 0.122 0.809
238.261 60.00 59.8800 16.6 0.122 0.805
238.312 60.00 59.9400 14.8 0.055 0.583
238.362 60.00 59.8800 16.5 0.122 0.797
238.410 60.00 59.8800 16.5 0.122 0.793
238.461 60.00 59.8100 18.2 0.189 1.007
238.512 60.00 59.9100 15.5 0.088 0.675
238.562 60.00 59.8800 16.4 0.122 0.780
238.611 60.00 59.8800 16.3 0.122 0.776
238.660 60.00 59.8400 17.2 0.155 0.881
238.713 60.00 59.8800 16.3 0.122 0.767
238.763 60.00 59.9100 15.3 0.088 0.654
238.813 60.00 59.8400 17.1 0.155 0.869
238.862 60.00 59.9100 15.3 0.088 0.646
238.912 60.00 59.8400 17.0 0.155 0.861
238.963 60.00 59.8400 17.0 0.155 0.856
239.013 60.00 59.5400 25.0 0.458 1.836
239.062 60.00 59.8400 16.9 0.155 0.843
239.113 60.00 59.8800 16.0 0.122 0.730
239.162 60.00 59.8800 15.9 0.122 0.726
239.213 60.00 59.7800 18.6 0.222 1.050
239.262 60.00 59.8400 16.8 0.155 0.826
239.313 60.00 59.8400 16.7 0.155 0.822
239.363 60.00 60.0100 12.2 -0.013 0.272
239.412 60.00 59.8800 15.8 0.122 0.707
239.462 60.00 59.8400 16.6 0.155 0.812
239.512 60.00 59.7800 18.4 0.222 1.027
239.563 60.00 59.7800 18.4 0.222 1.022
239.613 60.00 59.8400 16.5 0.155 0.798
239.661 60.00 59.7800 18.3 0.222 1.013
239.713 60.00 59.4400 27.2 0.559 2.102
239.764 60.00 59.8400 16.4 0.155 0.780
239.814 60.00 59.8100 17.2 0.189 0.885
239.863 60.00 59.7400 19.0 0.256 1.099
239.912 60.00 59.8100 17.2 0.189 0.876
239.964 60.00 59.9100 14.4 0.088 0.544
240.014 60.00 59.7400 18.9 0.256 1.087
240.064 60.00 59.8400 16.2 0.155 0.754
240.113 60.00 59.8400 16.1 0.155 0.750
240.163 60.00 59.8100 17.0 0.189 0.856
240.214 60.00 59.9400 13.4 0.055 0.415
240.264 60.00 59.8800 15.2 0.122 0.631
240.313 60.00 59.6400 21.4 0.357 1.393
240.363 60.00 59.7400 18.6 0.256 1.058
240.413 60.00 59.8400 15.9 0.155 0.725
240.464 60.00 59.7400 18.6 0.256 1.050
240.513 60.00 59.6100 22.1 0.391 1.482
240.563 60.00 59.7800 17.6 0.222 0.928
240.614 60.00 59.8100 16.7 0.189 0.815
240.663 60.00 59.8800 14.8 0.122 0.593
240.713 60.00 59.8100 16.6 0.189 0.808
240.765 60.00 59.7400 18.4 0.256 1.023
240.815 60.00 59.7400 18.3 0.256 1.018
240.865 60.00 59.8400 15.6 0.155 0.685
240.913 60.00 59.8100 16.5 0.189 0.791
240.964 60.00 59.8800 14.7 0.122 0.569
241.015 60.00 59.8400 15.5 0.155 0.675
241.065 60.00 60.0800 9.3 -0.080 -0.091
241.114 60.00 59.8800 14.6 0.122 0.563
241.163 60.00 59.8100 16.4 0.189 0.779
241.215 60.00 59.7400 18.1 0.256 0.994
241.265 60.00 59.8100 16.3 0.189 0.771
241.314 60.00 59.8100 16.3 0.189 0.767
241.364 60.00 59.7400 18.0 0.256 0.982
241.414 60.00 59.8100 16.2 0.189 0.759
241.465 60.00 59.7400 18.0 0.256 0.974
241.514 60.00 59.7800 17.0 0.222 0.860
241.564 60.00 59.7800 17.0 0.222 0.856
241.615 60.00 59.7800 17.0 0.222 0.852
241.664 60.00 59.8100 16.0 0.189 0.739
241.714 60.00 59.8400 15.1 0.155 0.626
241.765 60.00 59.7400 17.8 0.256 0.951
241.816 60.00 59.7800 16.8 0.222 0.837
241.866 60.00 59.7400 17.7 0.256 0.943
241.914 60.00 59.8100 15.9 0.189 0.720
241.966 60.00 59.6800 19.4 0.323 1.154
242.016 60.00 59.7400 17.6 0.256 0.930
242.065 60.00 59.8800 14.0 0.122 0.489
242.116 60.00 59.8400 14.9 0.155 0.596
242.165 60.00 59.7400 17.5 0.256 0.921
242.215 60.00 59.7800 16.6 0.222 0.807
242.266 60.00 59.8400 14.8 0.155 0.585
242.316 60.00 59.7800 16.6 0.222 0.801
242.366 60.00 59.7800 16.5 0.222 0.797
242.414 60.00 59.7800 16.5 0.222 0.793
242.466 60.00 59.9400 12.0 0.055 0.245
242.516 60.00 59.7400 17.3 0.256 0.898
242.566 60.00 59.9100 12.8 0.088 0.348
242.615 60.00 59.7100 18.2 0.290 1.002
242.665 60.00 59.8400 14.6 0.155 0.560
242.716 60.00 59.8100 15.4 0.189 0.667
242.766 60.00 59.8100 15.4 0.189 0.664
242.815 60.00 59.7400 17.2 0.256 0.880
242.867 60.00 59.7400 17.2 0.256 0.876
242.916 60.00 59.7800 16.2 0.222 0.762
242.967 60.00 59.8100 15.3 0.189 0.650
243.016 60.00 59.7400 17.1 0.256 0.866
243.066 60.00 59.7800 16.1 0.222 0.752
243.117 60.00 59.8100 15.2 0.189 0.640
243.166 60.00 59.7800 16.1 0.222 0.746
243.216 60.00 59.8100 15.2 0.189 0.634
243.267 60.00 59.8100 15.2 0.189 0.631
243.317 60.00 59.8400 14.2 0.155 0.519
243.367 60.00 59.7800 16.0 0.222 0.735
243.415 60.00 59.7800 16.0 0.222 0.732
243.467 60.00 59.8800 13.3 0.122 0.401
243.517 60.00 59.7800 15.9 0.222 0.727
243.567 60.00 59.7800 15.9 0.222 0.724
243.616 60.00 59.7400 16.8 0.256 0.830
243.665 60.00 59.7800 15.9 0.222 0.717
243.717 60.00 59.8100 14.9 0.189 0.605
243.767 60.00 59.8100 14.9 0.189 0.602
243.817 60.00 59.8100 14.9 0.189 0.600
243.867 60.00 59.8400 14.0 0.155 0.488
243.916 60.00 59.7800 15.8 0.222 0.704
243.968 60.00 59.7400 16.6 0.256 0.811
244.018 60.00 59.6800 18.4 0.323 1.026
244.067 60.00 59.8400 13.9 0.155 0.475
244.117 60.00 59.8100 14.8 0.189 0.582
244.167 60.00 59.7800 15.6 0.222 0.689
244.218 60.00 59.7800 15.6 0.222 0.686
244.267 60.00 59.7400 16.5 0.256 0.793
244.317 60.00 59.7800 15.6 0.222 0.680
244.368 60.00 59.8100 14.6 0.189 0.568
244.417 60.00 59.8100 14.6 0.189 0.566
244.467 60.00 59.7800 15.5 0.222 0.672
244.517 60.00 59.7100 17.3 0.290 0.888
244.568 60.00 59.7400 16.3 0.256 0.775
244.618 60.00 59.7800 15.4 0.222 0.662
244.667 60.00 59.8100 14.5 0.189 0.551
244.717 60.00 59.7800 15.4 0.222 0.657
244.768 60.00 59.7100 17.1 0.290 0.874
244.818 60.00 59.7400 16.2 0.256 0.760
244.867 60.00 59.8100 14.4 0.189 0.539
244.917 60.00 59.7100 17.1 0.290 0.865
244.969 60.00 59.7800 15.2 0.222 0.642
245.019 60.00 59.7400 16.1 0.256 0.749
245.069 60.00 59.8100 14.3 0.189 0.527
245.118 60.00 59.7400 16.1 0.256 0.744
245.169 60.00 59.7400 16.1 0.256 0.741
245.219 60.00 59.8100 14.2 0.189 0.519
245.269 60.00 59.7800 15.1 0.222 0.626
245.318 60.00 59.7100 16.9 0.290 0.842
245.368 60.00 59.9800 9.7 0.021 -0.034
245.419 60.00 59.7800 15.1 0.222 0.620
245.469 60.00 59.7800 15.1 0.222 0.618
245.518 60.00 59.7800 15.0 0.222 0.615
245.568 60.00 59.8100 14.1 0.189 0.504
245.618 60.00 59.8400 13.2 0.155 0.393
245.669 60.00 59.7800 15.0 0.222 0.610
245.718 60.00 59.8800 12.3 0.122 0.280
245.768 60.00 59.8100 14.1 0.189 0.497
245.819 60.00 59.7800 14.9 0.222 0.604
245.868 60.00 59.7800 14.9 0.222 0.602
245.919 60.00 59.7400 15.8 0.256 0.709
245.969 60.00 59.7400 15.8 0.256 0.706
246.020 60.00 59.7400 15.8 0.256 0.703
246.070 60.00 59.7100 16.6 0.290 0.810
246.118 60.00 59.8100 13.9 0.189 0.479
246.169 60.00 59.8400 13.0 0.155 0.368
246.220 60.00 59.8100 13.9 0.189 0.476
246.270 60.00 59.7400 15.7 0.256 0.692
246.320 60.00 59.7800 14.7 0.222 0.580
246.368 60.00 59.7400 15.6 0.256 0.687
246.419 60.00 59.9100 11.1 0.088 0.139
246.470 60.00 59.8800 12.0 0.122 0.247
246.520 60.00 59.8400 12.9 0.155 0.356
246.569 60.00 59.8400 12.9 0.155 0.354
246.618 60.00 59.8100 13.8 0.189 0.463
246.670 60.00 59.7100 16.4 0.290 0.789
246.720 60.00 59.7800 14.6 0.222 0.567
246.770 60.00 59.7100 16.4 0.290 0.784
246.819 60.00 59.7800 14.6 0.222 0.561
246.868 60.00 59.8400 12.8 0.155 0.341
246.921 60.00 59.7800 14.6 0.222 0.558
246.971 60.00 59.7400 15.4 0.256 0.666
247.020 60.00 59.8100 13.6 0.189 0.445
247.071 60.00 59.7400 15.4 0.256 0.661
247.120 60.00 59.6800 17.2 0.323 0.878
247.171 60.00 59.7400 15.4 0.256 0.655
247.220 60.00 59.8400 12.7 0.155 0.325
247.271 60.00 59.8800 11.8 0.122 0.215
247.321 60.00 59.8800 11.8 0.122 0.214
247.370 60.00 59.8100 13.5 0.189 0.432
247.420 60.00 59.8100 13.5 0.189 0.431
247.470 60.00 59.7800 14.4 0.222 0.538
247.521 60.00 59.8400 12.6 0.155 0.318
247.571 60.00 59.8100 13.5 0.189 0.426
247.619 60.00 59.8400 12.6 0.155 0.315
247.670 60.00 59.7400 15.2 0.256 0.642
247.721 60.00 59.8800 11.7 0.122 0.203
247.771 60.00 59.7800 14.3 0.222 0.530
247.820 60.00 59.8100 13.4 0.189 0.419
247.869 60.00 59.7800 14.3 0.222 0.526
247.922 60.00 59.8400 12.5 0.155 0.306
247.972 60.00 59.7800 14.3 0.222 0.524
248.022 60.00 59.7800 14.3 0.222 0.522
248.071 60.00 59.8400 12.5 0.155 0.301
248.121 60.00 59.8100 13.3 0.189 0.410
248.172 60.00 59.8100 13.3 0.189 0.409
248.221 60.00 59.8400 12.4 0.155 0.298
248.271 60.00 59.7400 15.1 0.256 0.625
248.322 60.00 59.7400 15.1 0.256 0.622
248.371 60.00 59.8800 11.5 0.122 0.183
248.421 60.00 59.9100 10.6 0.088 0.074
248.471 60.00 59.8800 11.5 0.122 0.183
248.522 60.00 59.8400 12.4 0.155 0.292
248.572 60.00 59.8400 12.4 0.155 0.291
248.620 60.00 59.8100 13.3 0.189 0.399
248.671 60.00 59.8400 12.4 0.155 0.289
248.722 60.00 59.7400 15.0 0.256 0.616
248.772 60.00 59.7800 14.1 0.222 0.504
248.821 60.00 59.8100 13.2 0.189 0.393
248.870 60.00 59.8100 13.2 0.189 0.392
248.922 60.00 59.9400 9.6 0.055 -0.046
248.973 60.00 59.7800 14.1 0.222 0.500
249.023 60.00 59.9800 8.7 0.021 -0.155
249.072 60.00 59.3700 24.8 0.626 1.813
249.122 60.00 59.8400 12.2 0.155 0.274
249.173 60.00 59.8100 13.1 0.189 0.383
249.223 60.00 59.8800 11.3 0.122 0.163
249.272 60.00 59.8800 11.3 0.122 0.163
249.323 60.00 59.8400 12.2 0.155 0.271
249.372 60.00 59.8100 13.1 0.189 0.380
249.423 60.00 59.7400 14.9 0.256 0.597
249.472 60.00 59.8400 12.2 0.155 0.267
249.522 60.00 59.7400 14.9 0.256 0.594
249.573 60.00 59.7400 14.8 0.256 0.592
249.622 60.00 59.8400 12.1 0.155 0.262
249.672 60.00 59.8100 13.0 0.189 0.371
249.722 60.00 59.7800 13.9 0.222 0.479
249.773 60.00 59.8100 13.0 0.189 0.368
249.823 60.00 59.8400 12.1 0.155 0.258
249.871 60.00 59.8800 11.2 0.122 0.148
249.922 60.00 59.8100 13.0 0.189 0.366
249.973 60.00 59.8800 11.2 0.122 0.147
250.024 60.00 59.8400 12.1 0.155 0.256
250.073 60.00 59.9800 8.5 0.021 -0.180
250.122 60.00 59.8800 11.2 0.122 0.147
250.174 60.00 59.8800 11.2 0.122 0.147
250.224 60.00 59.8400 12.1 0.155 0.256
250.273 60.00 59.8800 11.2 0.122 0.146
250.323 60.00 59.7800 13.9 0.222 0.474
250.373 60.00 59.8400 12.1 0.155 0.254
250.424 60.00 59.8800 11.2 0.122 0.144
250.473 60.00 59.7800 13.8 0.222 0.471
250.523 60.00 59.8400 12.1 0.155 0.251
250.574 60.00 59.8100 12.9 0.189 0.360
250.623 60.00 59.8400 12.0 0.155 0.250
250.673 60.00 59.8400 12.0 0.155 0.249
250.723 60.00 59.8100 12.9 0.189 0.358
250.774 60.00 59.8400 12.0 0.155 0.247
250.824 60.00 59.8400 12.0 0.155 0.247
250.872 60.00 59.8100 12.9 0.189 0.356
250.923 60.00 59.9100 10.2 0.088 0.027
250.974 60.00 59.9400 9.3 0.055 -0.081
251.025 60.00 59.8800 11.1 0.122 0.137
251.074 60.00 59.9400 9.3 0.055 -0.081
251.123 60.00 59.8400 12.0 0.155 0.247
251.175 60.00 59.9100 10.2 0.088 0.029
251.225 60.00 59.8400 12.0 0.155 0.247
251.274 60.00 59.9100 10.2 0.088 0.028
251.324 60.00 59.9100 10.2 0.088 0.029
251.374 60.00 59.8800 11.1 0.122 0.138
251.425 60.00 59.9400 9.3 0.055 -0.080
251.474 60.00 59.8400 12.0 0.155 0.248
251.524 60.00 59.8100 12.9 0.189 0.357
251.575 60.00 59.8800 11.1 0.122 0.137
251.624 60.00 59.8800 11.1 0.122 0.137
251.674 60.00 59.8100 12.9 0.189 0.356
251.724 60.00 59.7800 13.8 0.222 0.463
251.775 60.00 59.8800 11.1 0.122 0.135
251.825 60.00 59.8400 12.0 0.155 0.243
251.874 60.00 59.8800 11.1 0.122 0.134
251.924 60.00 59.7800 13.8 0.222 0.461
251.975 60.00 59.9100 10.2 0.088 0.023
252.025 60.00 59.9100 10.2 0.088 0.024
252.075 60.00 59.9400 9.3 0.055 -0.085
252.124 60.00 59.9100 10.2 0.088 0.025
252.176 60.00 59.8100 12.9 0.189 0.353
252.226 60.00 59.8400 12.0 0.155 0.242
252.275 60.00 59.8800 11.1 0.122 0.133
252.325 60.00 59.8800 11.1 0.122 0.133
252.375 60.00 59.9100 10.2 0.088 0.024
252.426 60.00 59.8800 11.1 0.122 0.133
252.476 60.00 59.8400 12.0 0.155 0.242
252.525 60.00 59.9100 10.2 0.088 0.023
252.575 60.00 59.8400 12.0 0.155 0.242
252.625 60.00 59.8800 11.1 0.122 0.132
252.676 60.00 59.8100 12.9 0.189 0.351
252.725 60.00 59.8400 12.0 0.155 0.240
252.775 60.00 59.9100 10.2 0.088 0.022
252.826 60.00 59.8800 11.1 0.122 0.131
252.875 60.00 59.7800 13.8 0.222 0.458
252.925 60.00 59.8800 11.1 0.122 0.130
252.975 60.00 59.8400 11.9 0.155 0.239
253.026 60.00 59.9400 9.3 0.055 -0.089
253.076 60.00 59.9100 10.2 0.088 0.021
253.126 60.00 59.8400 12.0 0.155 0.239
253.177 60.00 59.9100 10.2 0.088 0.021
253.227 60.00 58.5600 46.1 1.439 4.412
253.277 60.00 59.9100 10.0 0.088 0.003
253.326 60.00 59.8800 10.9 0.122 0.112
253.376 60.00 59.9100 10.0 0.088 0.003
253.427 60.00 59.8800 10.9 0.122 0.113
253.477 60.00 60.0100 7.3 -0.013 -0.324
253.526 60.00 59.8400 11.8 0.155 0.224
253.576 60.00 59.8100 12.7 0.189 0.333
253.627 60.00 59.8800 10.9 0.122 0.113
253.677 60.00 59.8800 10.9 0.122 0.114
253.727 60.00 59.8800 10.9 0.122 0.114
253.776 60.00 59.9800 8.3 0.021 -0.213
253.826 60.00 59.9400 9.2 0.055 -0.103
253.877 60.00 59.8400 11.8 0.155 0.225
253.927 60.00 59.9100 10.1 0.088 0.007
253.977 60.00 59.9100 10.1 0.088 0.007
254.026 60.00 59.8800 10.9 0.122 0.117
254.076 60.00 59.8400 11.8 0.155 0.226
254.128 60.00 60.0100 7.4 -0.013 -0.320
254.178 60.00 59.7800 13.6 0.222 0.446
254.227 60.00 59.9100 10.1 0.088 0.008
254.278 60.00 59.9400 9.2 0.055 -0.101
254.327 60.00 59.9100 10.1 0.088 0.009
254.377 60.00 59.8100 12.8 0.189 0.337
254.427 60.00 59.9100 10.1 0.088 0.009
254.478 60.00 59.8800 11.0 0.122 0.118
254.528 60.00 59.8100 12.8 0.189 0.337
254.576 60.00 59.8800 11.0 0.122 0.117
254.627 60.00 59.8800 11.0 0.122 0.117
254.678 60.00 59.8800 11.0 0.122 0.117
254.728 60.00 59.9100 10.1 0.088 0.008
254.778 60.00 59.9100 10.1 0.088 0.009
254.827 60.00 59.9800 8.3 0.021 -0.208
254.878 60.00 59.9100 10.1 0.088 0.011
254.927 60.00 59.8400 11.9 0.155 0.229
254.977 60.00 59.9800 8.3 0.021 -0.206
255.028 60.00 59.8800 11.0 0.122 0.121
255.077 60.00 59.9400 9.2 0.055 -0.097
255.127 60.00 59.8800 11.0 0.122 0.122
255.178 60.00 59.9400 9.2 0.055 -0.096
255.228 60.00 59.9400 9.2 0.055 -0.095
255.278 60.00 59.9100 10.1 0.088 0.015
255.326 60.00 59.9400 9.2 0.055 -0.093
255.378 60.00 59.9400 9.2 0.055 -0.092
255.428 60.00 59.9100 10.1 0.088 0.017
255.477 60.00 59.9100 10.2 0.088 0.018
255.527 60.00 59.9100 10.2 0.088 0.018
255.577 60.00 59.7400 14.6 0.256 0.565
255.628 60.00 60.0100 7.5 -0.013 -0.311
255.678 60.00 59.9400 9.3 0.055 -0.090
255.727 60.00 59.9800 8.4 0.021 -0.198
255.777 60.00 59.8800 11.1 0.122 0.130
255.826 60.00 59.9400 9.3 0.055 -0.088
255.877 60.00 59.9100 10.2 0.088 0.022
255.926 60.00 59.9800 8.4 0.021 -0.195
255.977 60.00 59.9800 8.4 0.021 -0.194
256.027 60.00 60.0100 7.5 -0.013 -0.302
256.076 60.00 59.9400 9.3 0.055 -0.082
256.126 60.00 59.9100 10.2 0.088 0.028
256.177 60.00 59.9800 8.4 0.021 -0.189
256.227 60.00 59.9400 9.3 0.055 -0.080
256.276 60.00 59.9400 9.3 0.055 -0.079
256.326 60.00 59.9100 10.2 0.088 0.031
256.377 60.00 59.9100 10.2 0.088 0.031
256.427 60.00 59.9800 8.5 0.021 -0.186
256.476 60.00 59.9400 9.4 0.055 -0.076
256.526 60.00 59.9100 10.3 0.088 0.034
256.576 60.00 60.0100 7.6 -0.013 -0.293
256.627 60.00 59.9400 9.4 0.055 -0.073
256.676 60.00 59.9800 8.5 0.021 -0.181
256.727 60.00 59.8100 13.0 0.189 0.365
256.777 60.00 59.8800 11.2 0.122 0.146
256.826 60.00 59.9800 8.5 0.021 -0.181
256.876 60.00 59.9800 8.5 0.021 -0.179
256.927 60.00 59.9100 10.3 0.088 0.039
256.977 60.00 59.9400 9.4 0.055 -0.069
257.027 60.00 59.9100 10.3 0.088 0.040
257.076 60.00 59.9400 9.4 0.055 -0.068
257.126 60.00 60.0100 7.7 -0.013 -0.286
257.177 60.00 59.9400 9.5 0.055 -0.066
257.227 60.00 59.9400 9.5 0.055 -0.065
257.276 60.00 59.9400 9.5 0.055 -0.064
257.326 60.00 60.0100 7.7 -0.013 -0.282
257.376 60.00 59.9100 10.4 0.088 0.047
257.426 60.00 59.9400 9.5 0.055 -0.062
257.476 60.00 59.8800 11.3 0.122 0.157
257.525 60.00 59.9100 10.4 0.088 0.048
257.575 60.00 60.0100 7.7 -0.013 -0.279
257.625 60.00 59.9800 8.6 0.021 -0.168
257.676 60.00 59.9100 10.4 0.088 0.051
257.725 60.00 59.9400 9.5 0.055 -0.058
257.775 60.00 59.9400 9.5 0.055 -0.057
257.826 60.00 60.0100 7.8 -0.013 -0.275
257.875 60.00 59.9800 8.7 0.021 -0.163
257.925 60.00 59.9800 8.7 0.021 -0.162
257.976 60.00 60.3100 0.0 -0.314 -1.250
258.026 60.00 59.9100 10.5 0.088 0.062
258.076 60.00 60.0100 7.8 -0.013 -0.265
258.125 60.00 59.9100 10.5 0.088 0.064
258.176 60.00 59.9400 9.6 0.055 -0.045
258.226 60.00 60.0100 7.8 -0.013 -0.263
258.276 60.00 59.9400 9.6 0.055 -0.043
258.325 60.00 59.9800 8.8 0.021 -0.150
258.374 60.00 59.8800 11.4 0.122 0.177
258.426 60.00 59.8400 12.3 0.155 0.286
258.476 60.00 59.9100 10.5 0.088 0.067
258.525 60.00 59.9800 8.8 0.021 -0.150
258.576 60.00 60.0100 7.9 -0.013 -0.259
258.625 60.00 60.0100 7.9 -0.013 -0.258
258.676 60.00 59.9100 10.6 0.088 0.071
258.725 60.00 59.9800 8.8 0.021 -0.146
258.776 60.00 59.9400 9.7 0.055 -0.037
258.826 60.00 59.8800 11.5 0.122 0.182
258.874 60.00 59.9800 8.8 0.021 -0.145
258.924 60.00 59.9800 8.8 0.021 -0.144
258.975 60.00 60.0100 7.9 -0.013 -0.253
259.025 60.00 59.9400 9.7 0.055 -0.033
259.074 60.00 59.9400 9.7 0.055 -0.032
259.123 60.00 59.9800 8.8 0.021 -0.140
259.175 60.00 59.9400 9.7 0.055 -0.031
259.225 60.00 59.9800 8.9 0.021 -0.139
259.275 60.00 60.0800 6.2 -0.080 -0.465
259.324 60.00 59.9400 9.8 0.055 -0.027
259.373 60.00 59.9800 8.9 0.021 -0.135
259.425 60.00 60.0400 7.1 -0.046 -0.353
259.475 60.00 60.0100 8.0 -0.013 -0.242
259.524 60.00 59.9800 8.9 0.021 -0.130
259.575 60.00 60.0100 8.0 -0.013 -0.240
259.624 60.00 59.9400 9.8 0.055 -0.020
259.675 60.00 60.0100 8.0 -0.013 -0.238
259.724 60.00 60.0400 7.2 -0.046 -0.345
259.775 60.00 60.0100 8.1 -0.013 -0.234
259.825 60.00 60.0100 8.1 -0.013 -0.233
259.873 60.00 60.0400 7.2 -0.046 -0.341
259.924 60.00 59.9800 9.0 0.021 -0.120
259.975 60.00 59.9400 9.9 0.055 -0.010
260.025 60.00 59.9800 9.0 0.021 -0.118
260.074 60.00 59.9800 9.0 0.021 -0.118
260.124 60.00 60.0100 8.1 -0.013 -0.227
260.175 60.00 59.8400 12.6 0.155 0.320
260.225 60.00 60.0100 8.1 -0.013 -0.226
260.274 60.00 60.0100 8.1 -0.013 -0.225
260.325 60.00 59.9800 9.1 0.021 -0.114
260.374 60.00 60.0400 7.3 -0.046 -0.332
260.424 60.00 60.0800 6.4 -0.080 -0.439
260.473 60.00 60.0100 8.2 -0.013 -0.219
260.524 60.00 60.0400 7.3 -0.046 -0.327
260.574 60.00 60.0400 7.3 -0.046 -0.325
260.622 60.00 59.9800 9.1 0.021 -0.104
260.673 60.00 59.9800 9.1 0.021 -0.103
260.724 60.00 60.0100 8.2 -0.013 -0.213
260.774 60.00 59.9800 9.2 0.021 -0.101
260.823 60.00 59.9800 9.2 0.021 -0.101
260.872 60.00 60.0100 8.3 -0.013 -0.210
260.924 60.00 60.0800 6.5 -0.080 -0.426
260.974 60.00 59.9800 9.2 0.021 -0.096
261.024 60.00 60.0400 7.4 -0.046 -0.315
261.073 60.00 59.9800 9.2 0.021 -0.094
261.123 60.00 60.0800 6.5 -0.080 -0.421
261.174 60.00 60.0100 8.3 -0.013 -0.201
261.224 60.00 60.0800 6.6 -0.080 -0.417
261.273 60.00 59.9800 9.2 0.021 -0.088
261.324 60.00 60.0100 8.4 -0.013 -0.197
261.373 60.00 60.0400 7.5 -0.046 -0.305
261.424 60.00 59.9800 9.3 0.021 -0.084
261.473 60.00 60.0800 6.6 -0.080 -0.411
261.524 60.00 60.0400 7.5 -0.046 -0.301
261.574 60.00 60.1100 5.8 -0.113 -0.516
261.622 60.00 60.0800 6.7 -0.080 -0.405
261.673 60.00 59.9800 9.3 0.021 -0.076
261.724 60.00 60.0400 7.6 -0.046 -0.294
261.774 60.00 59.9800 9.4 0.021 -0.073
261.823 60.00 59.6100 19.2 0.391 1.128
261.872 60.00 60.0400 7.5 -0.046 -0.296
261.923 60.00 60.0800 6.7 -0.080 -0.403
261.973 60.00 60.0100 8.5 -0.013 -0.184
262.023 60.00 60.0100 8.5 -0.013 -0.183
262.072 60.00 60.0100 8.5 -0.013 -0.182
262.121 60.00 60.0800 6.7 -0.080 -0.398
262.173 60.00 60.0100 8.5 -0.013 -0.179
262.223 60.00 60.1100 5.8 -0.113 -0.504
262.272 60.00 60.0800 6.8 -0.080 -0.393
262.322 60.00 59.9400 10.3 0.055 0.045
262.372 60.00 60.0100 8.6 -0.013 -0.173
262.423 60.00 59.9800 9.5 0.021 -0.062
262.472 60.00 60.0800 6.8 -0.080 -0.389
262.523 60.00 60.1500 5.0 -0.147 -0.605
262.573 60.00 60.0100 8.6 -0.013 -0.167
262.621 60.00 59.9800 9.5 0.021 -0.056
262.672 60.00 60.0100 8.6 -0.013 -0.165
262.723 60.00 60.0800 6.8 -0.080 -0.382
262.773 60.00 60.0400 7.7 -0.046 -0.271
262.822 60.00 60.0800 6.9 -0.080 -0.379
262.871 60.00 60.0400 7.8 -0.046 -0.268
262.923 60.00 60.0800 6.9 -0.080 -0.375
262.973 60.00 60.0100 8.7 -0.013 -0.156
263.022 60.00 60.0800 6.9 -0.080 -0.373
263.072 60.00 60.0100 8.7 -0.013 -0.153
263.122 60.00 60.0400 7.8 -0.046 -0.261
263.173 60.00 60.0100 8.7 -0.013 -0.151
263.222 60.00 60.0800 7.0 -0.080 -0.368
263.272 60.00 60.0400 7.8 -0.046 -0.257
263.323 60.00 60.1100 6.1 -0.113 -0.473
263.372 60.00 60.0800 7.0 -0.080 -0.362
263.421 60.00 60.0800 7.0 -0.080 -0.360
263.471 60.00 60.0800 7.0 -0.080 -0.359
263.522 60.00 59.9800 9.7 0.021 -0.030
263.572 60.00 59.9400 10.6 0.055 0.079
263.620 60.00 60.0100 8.8 -0.013 -0.139
263.671 60.00 60.1500 5.2 -0.147 -0.574
263.722 60.00 60.1100 6.2 -0.113 -0.462
263.772 60.00 60.0400 8.0 -0.046 -0.243
263.821 60.00 60.0100 8.9 -0.013 -0.133
263.870 60.00 60.0800 7.1 -0.080 -0.349
263.922 60.00 60.0800 7.1 -0.080 -0.347
263.972 60.00 60.1500 5.3 -0.147 -0.564
264.021 60.00 60.0800 7.1 -0.080 -0.343
264.071 60.00 60.1100 6.3 -0.113 -0.451
264.121 60.00 60.0400 8.1 -0.046 -0.231
264.172 60.00 60.0100 8.9 -0.013 -0.121
264.221 60.00 60.0800 7.2 -0.080 -0.338
264.271 60.00 60.0800 7.2 -0.080 -0.336
264.322 60.00 60.1500 5.4 -0.147 -0.553
264.371 60.00 60.0400 8.1 -0.046 -0.223
264.421 60.00 60.0400 8.1 -0.046 -0.222
264.472 60.00 60.1500 5.5 -0.147 -0.548
264.522 60.00 60.1500 5.5 -0.147 -0.546
264.572 60.00 60.0400 8.2 -0.046 -0.216
264.620 60.00 59.6100 19.8 0.391 1.204
264.672 60.00 60.1100 6.4 -0.113 -0.438
264.722 60.00 60.1100 6.4 -0.113 -0.436
264.772 60.00 60.0400 8.2 -0.046 -0.216
264.821 60.00 60.0400 8.2 -0.046 -0.215
264.870 60.00 60.1500 5.5 -0.147 -0.541
264.922 60.00 60.0100 9.1 -0.013 -0.103
264.972 60.00 60.1100 6.4 -0.113 -0.428
265.021 60.00 60.0100 9.1 -0.013 -0.100
265.070 60.00 60.0800 7.3 -0.080 -0.317
265.120 60.00 60.0100 9.1 -0.013 -0.098
265.171 60.00 60.1500 5.6 -0.147 -0.533
265.220 60.00 60.0800 7.4 -0.080 -0.313
265.271 60.00 60.1100 6.5 -0.113 -0.420
265.321 60.00 60.1100 6.5 -0.113 -0.418
265.370 60.00 60.0800 7.4 -0.080 -0.307
265.420 60.00 60.0400 8.3 -0.046 -0.197
265.471 60.00 60.0400 8.3 -0.046 -0.196
265.521 60.00 60.1100 6.5 -0.113 -0.413
265.571 60.00 60.1500 5.7 -0.147 -0.520
265.619 60.00 60.1500 5.7 -0.147 -0.518
265.670 60.00 60.0100 9.3 -0.013 -0.080
265.721 60.00 60.1100 6.6 -0.113 -0.406
265.771 60.00 60.1100 6.6 -0.113 -0.404
265.820 60.00 60.0800 7.5 -0.080 -0.293
265.869 60.00 60.1100 6.7 -0.113 -0.401
265.921 60.00 60.1100 6.7 -0.113 -0.399
265.971 60.00 60.0800 7.6 -0.080 -0.288
266.020 60.00 60.0800 7.6 -0.080 -0.287
266.070 60.00 60.1100 6.7 -0.113 -0.395
266.120 60.00 60.1100 6.7 -0.113 -0.393
266.171 60.00 60.1100 6.7 -0.113 -0.391
266.220 60.00 60.1500 5.8 -0.147 -0.499
266.270 60.00 60.1500 5.9 -0.147 -0.497
266.321 60.00 60.1800 5.0 -0.180 -0.603
266.370 60.00 60.1500 5.9 -0.147 -0.492
266.420 60.00 60.1100 6.8 -0.113 -0.380
266.471 60.00 60.0400 8.6 -0.046 -0.161
266.521 60.00 60.1800 5.0 -0.180 -0.596
266.570 60.00 60.1500 6.0 -0.147 -0.485
266.618 60.00 60.0800 7.8 -0.080 -0.264
266.669 60.00 60.0800 7.8 -0.080 -0.263
266.720 60.00 60.0100 9.6 -0.013 -0.045
266.770 60.00 60.1500 6.0 -0.147 -0.480
266.819 60.00 60.1500 6.0 -0.147 -0.478
266.868 60.00 60.1800 5.1 -0.180 -0.585
266.920 60.00 60.1800 5.2 -0.180 -0.582
266.970 60.00 59.9400 11.4 0.055 0.183
267.019 60.00 60.1100 6.9 -0.113 -0.362
267.069 60.00 60.1100 7.0 -0.113 -0.361
267.119 60.00 60.1500 6.1 -0.147 -0.469
267.170 60.00 60.0800 7.9 -0.080 -0.248
267.219 60.00 60.1500 6.1 -0.147 -0.466
267.270 60.00 60.2100 4.3 -0.214 -0.681
267.320 60.00 60.0100 9.7 -0.013 -0.025
267.369 60.00 60.0100 9.7 -0.013 -0.025
267.419 60.00 60.1100 7.0 -0.113 -0.351
267.470 60.00 60.1100 7.0 -0.113 -0.350
267.519 60.00 60.0800 7.9 -0.080 -0.239
267.570 60.00 60.0800 8.0 -0.080 -0.238
267.619 60.00 60.1500 6.2 -0.147 -0.456
267.670 60.00 60.1500 6.2 -0.147 -0.454
267.719 60.00 60.1100 7.1 -0.113 -0.342
267.770 60.00 60.0800 8.0 -0.080 -0.232
267.820 60.00 60.1800 5.3 -0.180 -0.558
267.868 60.00 60.0800 8.0 -0.080 -0.229
267.919 60.00 60.2100 4.5 -0.214 -0.663
267.970 60.00 60.2100 4.5 -0.214 -0.661
268.020 60.00 60.0800 8.1 -0.080 -0.222
268.069 60.00 60.1800 5.4 -0.180 -0.548
268.118 60.00 60.1500 6.3 -0.147 -0.437
268.169 60.00 60.1100 7.2 -0.113 -0.326
268.219 60.00 60.2100 4.6 -0.214 -0.652
268.268 60.00 60.1500 6.4 -0.147 -0.431
268.318 60.00 60.0100 9.9 -0.013 0.006
268.368 60.00 60.1500 6.4 -0.147 -0.430
268.419 60.00 60.0400 9.1 -0.046 -0.101
268.468 60.00 60.1500 6.4 -0.147 -0.428
268.518 60.00 60.2800 2.9 -0.281 -0.861
268.569 60.00 60.1100 7.3 -0.113 -0.313
268.618 60.00 60.1100 7.3 -0.113 -0.312
268.668 60.00 60.1500 6.5 -0.147 -0.420
268.718 60.00 60.1100 7.4 -0.113 -0.309
268.769 60.00 60.1500 6.5 -0.147 -0.417
268.819 60.00 60.1100 7.4 -0.113 -0.306
268.868 60.00 60.1500 6.5 -0.147 -0.414
268.918 60.00 60.2100 4.7 -0.214 -0.630
268.969 60.00 60.1500 6.5 -0.147 -0.410
269.019 60.00 60.0100 10.1 -0.013 0.028
269.069 60.00 60.1500 6.5 -0.147 -0.408
269.118 60.00 60.0400 9.2 -0.046 -0.080
269.169 60.00 60.1800 5.7 -0.180 -0.515
269.219 60.00 60.1100 7.5 -0.113 -0.295
269.269 60.00 60.2100 4.8 -0.214 -0.621
269.318 60.00 60.1800 5.7 -0.180 -0.509
269.368 60.00 60.1500 6.6 -0.147 -0.399
269.419 60.00 60.1100 7.5 -0.113 -0.288
269.469 60.00 60.1100 7.5 -0.113 -0.287
269.518 60.00 60.1100 7.5 -0.113 -0.285
269.567 60.00 60.1100 7.5 -0.113 -0.284
269.617 60.00 60.1500 6.7 -0.147 -0.393
269.667 60.00 60.1500 6.7 -0.147 -0.391
269.718 60.00 60.1800 5.8 -0.180 -0.498
269.767 60.00 60.1100 7.6 -0.113 -0.278
269.818 60.00 60.1800 5.8 -0.180 -0.495
269.868 60.00 60.1100 7.6 -0.113 -0.275
269.917 60.00 60.2100 5.0 -0.214 -0.601
269.967 60.00 60.1100 7.6 -0.113 -0.272
270.018 60.00 60.1500 6.8 -0.147 -0.380
270.068 60.00 60.1800 5.9 -0.180 -0.487
270.118 60.00 60.1500 6.8 -0.147 -0.377
270.167 60.00 60.2100 5.0 -0.214 -0.593
270.218 60.00 60.2100 5.0 -0.214 -0.590
270.268 60.00 60.1500 6.8 -0.147 -0.371
270.318 60.00 60.2100 5.1 -0.214 -0.587
270.367 60.00 60.1100 7.8 -0.113 -0.258
270.416 60.00 60.2500 4.2 -0.247 -0.691
270.468 60.00 60.2100 5.1 -0.214 -0.581
270.518 60.00 60.1100 7.8 -0.113 -0.252
270.567 60.00 60.2500 4.2 -0.247 -0.686
270.617 60.00 60.2500 4.3 -0.247 -0.683
270.667 60.00 60.1500 7.0 -0.147 -0.355
270.718 60.00 60.1500 7.0 -0.147 -0.353
270.767 60.00 60.1500 7.0 -0.147 -0.352
270.817 60.00 60.1800 6.1 -0.180 -0.459
270.868 60.00 60.1500 7.0 -0.147 -0.349
270.917 60.00 60.2500 4.3 -0.247 -0.673
270.967 60.00 60.1500 7.0 -0.147 -0.345
271.017 60.00 60.1800 6.1 -0.180 -0.452
271.068 60.00 60.1800 6.2 -0.180 -0.451
271.118 60.00 60.0800 8.8 -0.080 -0.122
271.166 60.00 60.2100 5.3 -0.214 -0.558
271.216 60.00 60.1500 7.1 -0.147 -0.338
271.267 60.00 60.1800 6.2 -0.180 -0.445
271.317 60.00 60.1100 8.0 -0.113 -0.226
271.367 60.00 60.1500 7.1 -0.147 -0.334
271.415 60.00 60.0800 8.9 -0.080 -0.115
271.467 60.00 60.1100 8.0 -0.113 -0.224
271.517 60.00 60.1500 7.1 -0.147 -0.332
271.567 60.00 60.1800 6.2 -0.180 -0.440
271.616 60.00 60.1800 6.2 -0.180 -0.438
271.666 60.00 60.1100 8.1 -0.113 -0.219
271.717 60.00 59.9800 11.6 0.021 0.218
271.767 60.00 60.1800 6.3 -0.180 -0.437
271.816 60.00 60.1800 6.3 -0.180 -0.435
271.867 60.00 60.2100 5.4 -0.214 -0.543
271.916 60.00 60.1100 8.1 -0.113 -0.214
271.967 60.00 60.1800 6.3 -0.180 -0.431
272.016 60.00 60.1500 7.2 -0.147 -0.321
272.066 60.00 60.2100 5.4 -0.214 -0.537
272.117 60.00 60.2500 4.6 -0.247 -0.643
272.166 60.00 60.1800 6.4 -0.180 -0.424
272.216 60.00 60.1100 8.2 -0.113 -0.205
272.267 60.00 60.2100 5.5 -0.214 -0.531
272.317 60.00 60.2800 3.7 -0.281 -0.746
272.367 60.00 60.2500 4.6 -0.247 -0.634
272.415 60.00 60.2100 5.5 -0.214 -0.524
272.466 60.00 60.1500 7.3 -0.147 -0.304
272.517 60.00 60.1500 7.3 -0.147 -0.303
272.567 60.00 60.1100 8.2 -0.113 -0.193
272.616 60.00 60.2100 5.6 -0.214 -0.519
272.665 60.00 60.2500 4.7 -0.247 -0.625
272.716 60.00 60.1500 7.4 -0.147 -0.297
272.766 60.00 60.1800 6.5 -0.180 -0.405
272.816 60.00 60.2100 5.6 -0.214 -0.513
272.865 60.00 60.1800 6.5 -0.180 -0.402
272.914 60.00 60.1100 8.3 -0.113 -0.182
272.966 60.00 60.2100 5.7 -0.214 -0.509
273.016 60.00 60.2100 5.7 -0.214 -0.507
273.065 60.00 60.1800 6.6 -0.180 -0.396
273.115 60.00 60.1500 7.5 -0.147 -0.286
273.165 60.00 60.1500 7.5 -0.147 -0.286
273.216 60.00 60.1800 6.6 -0.180 -0.393
273.265 60.00 60.1800 6.6 -0.180 -0.392
273.315 60.00 60.2100 5.7 -0.214 -0.499
273.366 60.00 60.1800 6.6 -0.180 -0.389
273.415 60.00 60.2100 5.8 -0.214 -0.496
273.465 60.00 60.2500 4.9 -0.247 -0.603
273.516 60.00 60.1100 8.4 -0.113 -0.166
273.566 60.00 60.2500 4.9 -0.247 -0.600
273.616 60.00 60.1800 6.7 -0.180 -0.381
273.664 60.00 60.1800 6.7 -0.180 -0.380
273.716 60.00 60.2100 5.8 -0.214 -0.487
273.766 60.00 60.1500 7.6 -0.147 -0.268
273.816 60.00 60.1500 7.6 -0.147 -0.267
273.865 60.00 60.1500 7.6 -0.147 -0.267
273.914 60.00 60.1800 6.7 -0.180 -0.374
273.966 60.00 60.1100 8.5 -0.113 -0.155
274.016 60.00 60.2500 5.0 -0.247 -0.590
274.066 60.00 60.1100 8.6 -0.113 -0.153
274.115 60.00 60.1500 7.7 -0.147 -0.262
274.165 60.00 60.1800 6.8 -0.180 -0.370
274.215 60.00 60.1100 8.6 -0.113 -0.151
274.265 60.00 60.1800 6.8 -0.180 -0.368
274.314 60.00 60.1800 6.8 -0.180 -0.367
274.364 60.00 59.4100 27.3 0.593 2.146
274.414 60.00 60.2100 5.8 -0.214 -0.485
274.465 60.00 60.2800 4.1 -0.281 -0.700
274.515 60.00 60.2100 5.9 -0.214 -0.480
274.564 60.00 60.2500 5.0 -0.247 -0.587
274.614 60.00 60.2800 4.1 -0.281 -0.694
274.664 60.00 60.2100 5.9 -0.214 -0.474
274.715 60.00 60.2100 5.9 -0.214 -0.472
274.764 60.00 60.1800 6.8 -0.180 -0.362
274.814 60.00 60.2100 6.0 -0.214 -0.470
274.865 60.00 60.2100 6.0 -0.214 -0.468
274.914 60.00 60.1500 7.8 -0.147 -0.249
274.964 60.00 60.5100 0.0 -0.514 -1.443
275.014 60.00 60.1800 6.9 -0.180 -0.351
275.065 60.00 60.2500 5.2 -0.247 -0.567
275.115 60.00 60.1800 6.9 -0.180 -0.348
275.163 60.00 60.2100 6.1 -0.214 -0.456
275.214 60.00 60.2100 6.1 -0.214 -0.454
275.265 60.00 60.1800 7.0 -0.180 -0.344
275.315 60.00 60.1800 7.0 -0.180 -0.343
275.365 60.00 60.1500 7.9 -0.147 -0.233
275.413 60.00 60.3100 3.4 -0.314 -0.776
275.464 60.00 60.2100 6.1 -0.214 -0.447
275.515 60.00 60.2500 5.2 -0.247 -0.554
275.565 60.00 60.1800 7.0 -0.180 -0.335
275.614 60.00 60.2100 6.2 -0.214 -0.443
275.663 60.00 60.2500 5.3 -0.247 -0.550
275.715 60.00 60.1100 8.8 -0.113 -0.113
275.765 60.00 60.1800 7.1 -0.180 -0.331
275.814 60.00 60.2500 5.3 -0.247 -0.547
275.863 60.00 60.2100 6.2 -0.214 -0.437
275.912 60.00 60.1800 7.1 -0.180 -0.327
275.964 60.00 60.3500 2.7 -0.347 -0.869
276.014 60.00 60.2100 6.2 -0.214 -0.431
276.063 60.00 60.1800 7.1 -0.180 -0.321
276.113 60.00 60.2100 6.3 -0.214 -0.429
276.163 60.00 60.2500 5.4 -0.247 -0.536
276.214 60.00 60.2100 6.3 -0.214 -0.426
276.263 60.00 60.2100 6.3 -0.214 -0.425
276.313 60.00 60.1100 9.0 -0.113 -0.096
276.364 60.00 60.1800 7.2 -0.180 -0.314
276.413 60.00 60.2100 6.3 -0.214 -0.423
276.463 60.00 60.2100 6.3 -0.214 -0.421
276.513 60.00 60.3500 2.8 -0.347 -0.855
276.564 60.00 60.2100 6.3 -0.214 -0.417
276.614 60.00 60.2500 5.5 -0.247 -0.523
276.662 60.00 60.1500 8.2 -0.147 -0.196
276.713 60.00 60.1800 7.3 -0.180 -0.305
276.764 60.00 60.2500 5.5 -0.247 -0.521
276.814 60.00 60.1800 7.3 -0.180 -0.302
276.864 60.00 60.2100 6.4 -0.214 -0.410
276.912 60.00 60.2500 5.5 -0.247 -0.517
276.963 60.00 60.2500 5.5 -0.247 -0.515
277.014 60.00 60.1500 8.2 -0.147 -0.188
277.064 60.00 60.2100 6.4 -0.214 -0.405
277.114 60.00 60.2100 6.5 -0.214 -0.404
277.162 60.00 60.2100 6.5 -0.214 -0.403
277.214 60.00 60.1800 7.3 -0.180 -0.293
277.264 60.00 60.2100 6.5 -0.214 -0.401
277.313 60.00 60.1800 7.4 -0.180 -0.291
277.362 60.00 60.2100 6.5 -0.214 -0.399
277.411 60.00 60.2100 6.5 -0.214 -0.398
277.463 60.00 60.3100 3.8 -0.314 -0.723
277.513 60.00 60.1500 8.3 -0.147 -0.177
277.563 60.00 60.2100 6.5 -0.214 -0.394
277.612 60.00 60.1800 7.4 -0.180 -0.284
277.662 60.00 60.1500 8.3 -0.147 -0.175
277.713 60.00 60.1800 7.4 -0.180 -0.283
277.763 60.00 60.3500 3.0 -0.347 -0.826
277.812 60.00 60.2800 4.8 -0.281 -0.606
277.863 60.00 60.1100 9.2 -0.113 -0.060
277.912 60.00 60.2800 4.8 -0.281 -0.604
277.963 60.00 60.2100 6.6 -0.214 -0.385
278.012 60.00 60.1500 8.4 -0.147 -0.166
278.063 60.00 60.2100 6.6 -0.214 -0.384
278.113 60.00 60.2500 5.7 -0.247 -0.491
278.161 60.00 60.1800 7.5 -0.180 -0.272
278.212 60.00 60.1800 7.5 -0.180 -0.272
278.263 60.00 60.2500 5.7 -0.247 -0.488
278.313 60.00 60.1800 7.5 -0.180 -0.270
278.363 60.00 60.1500 8.4 -0.147 -0.160
278.411 60.00 60.2800 4.9 -0.281 -0.595
278.462 60.00 60.1800 7.5 -0.180 -0.267
278.513 60.00 60.2100 6.7 -0.214 -0.375
278.563 60.00 60.2100 6.7 -0.214 -0.374
278.612 60.00 60.1800 7.6 -0.180 -0.264
278.661 60.00 60.2500 5.8 -0.247 -0.481
278.713 60.00 60.1800 7.6 -0.180 -0.262
278.763 60.00 60.2100 6.7 -0.214 -0.371
278.813 60.00 60.1800 7.6 -0.180 -0.261
278.862 60.00 60.1800 7.6 -0.180 -0.260
278.910 60.00 60.2100 6.7 -0.214 -0.369
278.962 60.00 60.2800 4.9 -0.281 -0.585
279.012 60.00 60.2800 5.0 -0.281 -0.583
279.061 60.00 60.2500 5.9 -0.247 -0.472
279.111 60.00 60.1800 7.7 -0.180 -0.254
279.161 60.00 60.2100 6.8 -0.214 -0.362
279.212 60.00 60.2100 6.8 -0.214 -0.361
279.261 60.00 60.2100 6.8 -0.214 -0.360
279.311 60.00 60.2100 6.8 -0.214 -0.359
279.362 60.00 60.2800 5.0 -0.281 -0.576
279.411 60.00 60.2100 6.8 -0.214 -0.357
279.461 60.00 60.2100 6.8 -0.214 -0.356
279.511 60.00 60.1100 9.5 -0.113 -0.028
279.562 60.00 60.2500 5.9 -0.247 -0.463
279.612 60.00 60.2500 5.9 -0.247 -0.462
279.660 60.00 60.2500 6.0 -0.247 -0.461
279.711 60.00 60.2100 6.8 -0.214 -0.351
279.762 60.00 60.2800 5.1 -0.281 -0.568
279.812 60.00 60.2800 5.1 -0.281 -0.566
279.862 60.00 60.2100 6.9 -0.214 -0.347
279.910 60.00 60.1800 7.8 -0.180 -0.237
279.961 60.00 60.2100 6.9 -0.214 -0.346
280.012 60.00 60.1500 8.7 -0.147 -0.127
280.062 60.00 60.2100 6.9 -0.214 -0.345
280.111 60.00 60.2100 6.9 -0.214 -0.344
280.160 60.00 60.1500 8.7 -0.147 -0.126
280.212 60.00 60.2500 6.0 -0.247 -0.451
280.261 60.00 60.2100 6.9 -0.214 -0.342
280.312 60.00 60.2500 6.0 -0.247 -0.449
280.361 60.00 60.1800 7.8 -0.180 -0.231
280.410 60.00 60.2500 6.0 -0.247 -0.448
280.460 60.00 60.2500 6.0 -0.247 -0.447
280.511 60.00 60.1800 7.8 -0.180 -0.228
280.561 60.00 60.2500 6.1 -0.247 -0.445
280.611 60.00 60.1800 7.8 -0.180 -0.227
280.659 60.00 60.2100 7.0 -0.214 -0.335
280.710 60.00 60.2100 7.0 -0.214 -0.335
280.761 60.00 60.2100 7.0 -0.214 -0.334
280.811 60.00 60.2100 7.0 -0.214 -0.333
280.861 60.00 60.2100 7.0 -0.214 -0.332
280.909 60.00 60.2100 7.0 -0.214 -0.332
280.960 60.00 60.1800 7.9 -0.180 -0.222
281.011 60.00 60.2100 7.0 -0.214 -0.331
281.061 60.00 60.1500 8.8 -0.147 -0.113
281.110 60.00 60.2500 6.1 -0.247 -0.438
281.159 60.00 60.1800 7.9 -0.180 -0.220
281.211 60.00 60.2100 7.0 -0.214 -0.329
281.261 60.00 60.1500 8.8 -0.147 -0.111
281.310 60.00 60.2500 6.1 -0.247 -0.436
281.360 60.00 60.1500 8.8 -0.147 -0.110
281.410 60.00 60.1800 7.9 -0.180 -0.218
281.461 60.00 60.2800 5.2 -0.281 -0.544
281.510 60.00 60.1500 8.8 -0.147 -0.108
281.560 60.00 60.2100 7.0 -0.214 -0.326
281.611 60.00 60.2500 6.2 -0.247 -0.433
281.660 60.00 60.2100 7.0 -0.214 -0.324
281.711 60.00 60.2100 7.0 -0.214 -0.323
281.760 60.00 60.1500 8.8 -0.147 -0.105
281.811 60.00 60.2100 7.0 -0.214 -0.323
281.860 60.00 60.4100 1.7 -0.414 -0.974
281.909 60.00 60.2500 6.2 -0.247 -0.426
281.959 60.00 60.1800 8.0 -0.180 -0.208
282.009 60.00 60.1500 8.9 -0.147 -0.100
282.060 60.00 60.1800 8.0 -0.180 -0.209
282.110 60.00 60.1800 8.0 -0.180 -0.208
282.159 60.00 60.1500 8.9 -0.147 -0.100
282.209 60.00 60.3500 3.5 -0.347 -0.752
282.260 60.00 60.2100 7.1 -0.214 -0.315
282.310 60.00 60.2500 6.2 -0.247 -0.422
282.360 60.00 60.2500 6.2 -0.247 -0.421
282.409 60.00 60.1500 8.9 -0.147 -0.095
282.459 60.00 60.2800 5.3 -0.281 -0.530
282.510 60.00 60.2500 6.2 -0.247 -0.419
282.560 60.00 60.2500 6.3 -0.247 -0.418
282.609 60.00 60.1500 8.9 -0.147 -0.091
282.659 60.00 60.1800 8.0 -0.180 -0.200
282.710 60.00 60.2100 7.2 -0.214 -0.309
282.760 60.00 60.1500 8.9 -0.147 -0.091
282.809 60.00 60.1800 8.0 -0.180 -0.200
282.859 60.00 60.1800 8.0 -0.180 -0.200
282.909 60.00 60.2100 7.2 -0.214 -0.308
282.960 60.00 60.2100 7.2 -0.214 -0.308
283.009 60.00 60.0800 10.7 -0.080 0.129
283.059 60.00 60.2100 7.2 -0.214 -0.309
283.110 60.00 60.2500 6.3 -0.247 -0.416
283.159 60.00 60.2100 7.2 -0.214 -0.307
283.209 60.00 60.2800 5.4 -0.281 -0.524
283.259 60.00 60.2500 6.3 -0.247 -0.413
283.310 60.00 60.1800 8.1 -0.180 -0.195
283.360 60.00 60.1800 8.1 -0.180 -0.195
283.409 60.00 60.2100 7.2 -0.214 -0.304
283.458 60.00 60.2500 6.3 -0.247 -0.411
283.509 60.00 60.1800 8.1 -0.180 -0.193
283.559 60.00 60.2800 5.4 -0.281 -0.519
283.609 60.00 60.2800 5.4 -0.281 -0.518
283.658 60.00 60.1800 8.1 -0.180 -0.190
283.707 60.00 60.1800 8.1 -0.180 -0.190
283.759 60.00 60.2800 5.4 -0.281 -0.516
283.809 60.00 60.2100 7.2 -0.214 -0.297
283.858 60.00 60.3800 2.8 -0.381 -0.840
283.908 60.00 60.2500 6.4 -0.247 -0.402
283.958 60.00 60.2100 7.3 -0.214 -0.293
284.009 60.00 60.2100 7.3 -0.214 -0.292
284.059 60.00 60.2100 7.3 -0.214 -0.292
284.108 60.00 60.2800 5.5 -0.281 -0.509
284.159 60.00 60.2100 7.3 -0.214 -0.290
284.208 60.00 60.2100 7.3 -0.214 -0.290
284.259 60.00 60.2500 6.4 -0.247 -0.397
284.308 60.00 60.2100 7.3 -0.214 -0.288
284.358 60.00 60.1500 9.1 -0.147 -0.070
284.409 60.00 60.2100 7.3 -0.214 -0.288
284.458 60.00 60.2100 7.3 -0.214 -0.288
284.508 60.00 60.2100 7.3 -0.214 -0.287
284.558 60.00 60.2100 7.3 -0.214 -0.287
284.609 60.00 60.3100 4.6 -0.314 -0.612
284.659 60.00 60.2100 7.3 -0.214 -0.284
284.708 60.00 60.2800 5.5 -0.281 -0.501
284.758 60.00 60.2500 6.5 -0.247 -0.391
284.809 60.00 60.1800 8.2 -0.180 -0.173
284.859 60.00 60.1500 9.1 -0.147 -0.064
284.908 60.00 60.3100 4.7 -0.314 -0.608
284.957 60.00 60.2100 7.3 -0.214 -0.280
285.008 60.00 60.2500 6.5 -0.247 -0.388
285.058 60.00 60.2800 5.6 -0.281 -0.497
285.108 60.00 60.1800 8.3 -0.180 -0.169
285.157 60.00 60.2100 7.4 -0.214 -0.278
285.206 60.00 60.2500 6.5 -0.247 -0.385
285.258 60.00 60.2500 6.5 -0.247 -0.385
285.308 60.00 60.3100 4.7 -0.314 -0.602
285.357 60.00 60.2100 7.4 -0.214 -0.274
285.407 60.00 60.2500 6.5 -0.247 -0.382
285.457 60.00 60.2100 7.4 -0.214 -0.273
285.508 60.00 60.2500 6.5 -0.247 -0.380
285.557 60.00 60.1800 8.3 -0.180 -0.163
285.608 60.00 60.2500 6.5 -0.247 -0.380
285.658 60.00 60.2500 6.5 -0.247 -0.379
285.707 60.00 60.2800 5.7 -0.281 -0.487
285.757 60.00 60.2500 6.5 -0.247 -0.377
285.807 60.00 60.2500 6.6 -0.247 -0.376
285.858 60.00 60.2100 7.5 -0.214 -0.267
285.908 60.00 60.3500 3.9 -0.347 -0.702
285.956 60.00 60.2500 6.6 -0.247 -0.373
286.007 60.00 60.1800 8.4 -0.180 -0.155
286.058 60.00 60.2500 6.6 -0.247 -0.372
286.108 60.00 60.2500 6.6 -0.247 -0.371
286.157 60.00 60.2500 6.6 -0.247 -0.370
286.206 60.00 60.2800 5.7 -0.281 -0.479
286.258 60.00 60.0800 11.1 -0.080 0.175
286.308 60.00 60.2800 5.7 -0.281 -0.479
286.357 60.00 60.2500 6.6 -0.247 -0.369
286.407 60.00 60.2500 6.6 -0.247 -0.368
286.457 60.00 60.2500 6.6 -0.247 -0.367
286.507 60.00 60.2100 7.5 -0.214 -0.258
286.557 60.00 60.2100 7.5 -0.214 -0.258
286.606 60.00 60.2500 6.6 -0.247 -0.366
286.656 60.00 60.2100 7.5 -0.214 -0.257
286.706 60.00 60.2100 7.5 -0.214 -0.257
286.757 60.00 60.2500 6.6 -0.247 -0.365
286.806 60.00 60.2100 7.5 -0.214 -0.256
286.856 60.00 60.2100 7.5 -0.214 -0.256
286.907 60.00 60.2500 6.7 -0.247 -0.363
286.956 60.00 60.2500 6.7 -0.247 -0.363
287.006 60.00 60.2800 5.8 -0.281 -0.471
287.056 60.00 60.2500 6.7 -0.247 -0.361
287.107 60.00 60.2100 7.5 -0.214 -0.252
287.157 60.00 60.3100 4.9 -0.314 -0.578
287.205 60.00 60.2100 7.6 -0.214 -0.250
287.256 60.00 60.2500 6.7 -0.247 -0.358
287.307 60.00 60.2100 7.6 -0.214 -0.249
287.357 60.00 60.2100 7.6 -0.214 -0.249
287.406 60.00 61.1500 0.0 -1.147 -3.281
287.455 60.00 60.1500 9.5 -0.147 -0.018
287.507 60.00 60.2100 7.7 -0.214 -0.236
287.557 60.00 60.2100 7.7 -0.214 -0.236
287.607 60.00 60.2100 7.7 -0.214 -0.236
287.656 60.00 60.2800 5.9 -0.281 -0.453
287.705 60.00 60.2500 6.8 -0.247 -0.343
287.757 60.00 60.2500 6.8 -0.247 -0.342
287.807 60.00 60.2500 6.8 -0.247 -0.341
287.857 60.00 60.2800 5.9 -0.281 -0.450
287.906 60.00 60.2800 5.9 -0.281 -0.449
287.955 60.00 60.2500 6.8 -0.247 -0.339
288.006 60.00 60.2100 7.7 -0.214 -0.230
288.056 60.00 60.2800 5.9 -0.281 -0.448
288.105 60.00 60.2500 6.8 -0.247 -0.337
288.155 60.00 60.2100 7.7 -0.214 -0.229
288.205 60.00 60.1800 8.6 -0.180 -0.120
288.256 60.00 60.2500 6.8 -0.247 -0.337
288.305 60.00 60.2800 6.0 -0.281 -0.446
288.355 60.00 60.2100 7.7 -0.214 -0.227
288.406 60.00 60.2100 7.7 -0.214 -0.227
288.455 60.00 60.2100 7.7 -0.214 -0.227
288.505 60.00 60.2500 6.9 -0.247 -0.335
288.555 60.00 60.2100 7.7 -0.214 -0.226
288.606 60.00 60.2800 6.0 -0.281 -0.444
288.656 60.00 60.2500 6.9 -0.247 -0.333
288.704 60.00 60.2100 7.8 -0.214 -0.225
288.755 60.00 60.1800 8.7 -0.180 -0.116
288.806 60.00 60.2500 6.9 -0.247 -0.333
288.856 60.00 60.1800 8.7 -0.180 -0.116
288.906 60.00 60.2500 6.9 -0.247 -0.333
288.954 60.00 60.2100 7.8 -0.214 -0.224
289.005 60.00 60.2800 6.0 -0.281 -0.442
289.056 60.00 60.2800 6.0 -0.281 -0.441
289.106 60.00 60.2100 7.8 -0.214 -0.222
289.155 60.00 60.2500 6.9 -0.247 -0.330
289.204 60.00 60.1800 8.7 -0.180 -0.113
289.256 60.00 60.1500 9.6 -0.147 -0.005
289.306 60.00 60.2100 7.8 -0.214 -0.223
289.355 60.00 60.2800 6.0 -0.281 -0.440
289.406 60.00 60.2100 7.8 -0.214 -0.222
289.455 60.00 60.1800 8.7 -0.180 -0.113
289.506 60.00 60.2100 7.8 -0.214 -0.222
289.555 60.00 60.2500 6.9 -0.247 -0.330
289.605 60.00 60.2500 6.9 -0.247 -0.330
289.655 60.00 60.1500 9.6 -0.147 -0.004
289.704 60.00 60.2500 6.9 -0.247 -0.330
289.754 60.00 60.2100 7.8 -0.214 -0.222
289.805 60.00 60.1800 8.7 -0.180 -0.113
289.855 60.00 60.2500 6.9 -0.247 -0.330
289.905 60.00 60.2100 7.8 -0.214 -0.222
289.953 60.00 60.1500 9.6 -0.147 -0.004
290.005 60.00 60.1800 8.7 -0.180 -0.113
290.055 60.00 60.2500 6.9 -0.247 -0.331
290.105 60.00 60.2500 6.9 -0.247 -0.330
290.154 60.00 60.1800 8.7 -0.180 -0.113
290.203 60.00 60.1500 9.5 -0.147 -0.005
290.255 60.00 60.2800 6.0 -0.281 -0.440
290.305 60.00 60.2500 6.9 -0.247 -0.330
290.354 60.00 60.2500 6.9 -0.247 -0.330
290.404 60.00 60.2800 6.0 -0.281 -0.438
290.454 60.00 60.2800 6.0 -0.281 -0.437
290.505 60.00 60.2500 6.9 -0.247 -0.327
290.554 60.00 60.2500 6.9 -0.247 -0.327
290.604 60.00 60.2100 7.8 -0.214 -0.218
290.655 60.00 60.1500 9.6 -0.147 -0.001
290.704 60.00 60.2100 7.8 -0.214 -0.219
290.754 60.00 60.3100 5.1 -0.314 -0.545
290.804 60.00 60.2500 6.9 -0.247 -0.325
290.855 60.00 60.2100 7.8 -0.214 -0.217
290.905 60.00 60.2500 6.9 -0.247 -0.325
290.954 60.00 60.1800 8.7 -0.180 -0.108
291.004 60.00 60.3100 5.1 -0.314 -0.543
291.055 60.00 60.3100 5.1 -0.314 -0.541
291.104 60.00 60.2500 6.9 -0.247 -0.322
291.154 60.00 60.2800 6.0 -0.281 -0.431
291.202 60.00 60.1800 8.7 -0.180 -0.104
291.254 60.00 60.1500 9.6 -0.147 0.004
291.304 60.00 60.2100 7.8 -0.214 -0.214
291.354 60.00 60.2500 6.9 -0.247 -0.322
291.403 60.00 60.2800 6.0 -0.281 -0.431
291.452 60.00 60.2500 6.9 -0.247 -0.321
291.504 60.00 60.2500 7.0 -0.247 -0.320
291.554 60.00 60.2500 7.0 -0.247 -0.320
291.603 60.00 60.1800 8.7 -0.180 -0.102
291.653 60.00 60.2100 7.8 -0.214 -0.212
291.703 60.00 60.2500 7.0 -0.247 -0.320
291.754 60.00 60.2500 7.0 -0.247 -0.319
291.803 60.00 60.1100 10.5 -0.113 0.116
291.853 60.00 60.2100 7.8 -0.214 -0.212
291.904 60.00 60.8500 0.0 -0.848 -2.273
291.953 60.00 60.2500 7.0 -0.247 -0.311
292.003 60.00 60.2100 7.9 -0.214 -0.203
292.053 60.00 60.2100 7.9 -0.214 -0.203
292.104 60.00 60.3100 5.2 -0.314 -0.529
292.154 60.00 60.2100 7.9 -0.214 -0.202
292.202 60.00 60.1800 8.8 -0.180 -0.093
292.253 60.00 60.2100 7.9 -0.214 -0.202
292.304 60.00 60.2500 7.0 -0.247 -0.310
292.354 60.00 60.2800 6.1 -0.281 -0.419
292.403 60.00 60.2500 7.0 -0.247 -0.309
292.452 60.00 60.2100 7.9 -0.214 -0.201
292.504 60.00 60.2100 7.9 -0.214 -0.201
292.554 60.00 60.1800 8.8 -0.180 -0.092
292.604 60.00 60.2100 7.9 -0.214 -0.202
292.653 60.00 60.2500 7.0 -0.247 -0.310
292.702 60.00 60.2100 7.9 -0.214 -0.201
292.753 60.00 60.2500 7.0 -0.247 -0.309
292.803 60.00 60.2500 7.0 -0.247 -0.309
292.852 60.00 60.2100 7.9 -0.214 -0.201
292.903 60.00 60.1800 8.8 -0.180 -0.092
292.951 60.00 60.3100 5.2 -0.314 -0.527
293.002 60.00 60.2100 7.9 -0.214 -0.200
293.053 60.00 60.1500 9.7 -0.147 0.017
293.103 60.00 60.2500 7.0 -0.247 -0.309
293.153 60.00 60.1500 9.7 -0.147 0.017
293.201 60.00 60.2100 7.9 -0.214 -0.202
293.253 60.00 60.2800 6.1 -0.281 -0.419
293.303 60.00 60.2500 7.0 -0.247 -0.309
293.352 60.00 60.2100 7.9 -0.214 -0.200
293.402 60.00 60.1800 8.8 -0.180 -0.092
293.452 60.00 60.2100 7.9 -0.214 -0.201
293.503 60.00 60.2500 7.0 -0.247 -0.309
293.552 60.00 60.1800 8.8 -0.180 -0.092
293.602 60.00 60.2500 7.0 -0.247 -0.309
293.653 60.00 60.2500 7.0 -0.247 -0.309
293.702 60.00 60.2100 7.9 -0.214 -0.200
293.752 60.00 60.2100 7.9 -0.214 -0.201
293.803 60.00 60.1500 9.7 -0.147 0.017
293.853 60.00 60.1500 9.7 -0.147 0.016
293.903 60.00 60.1800 8.8 -0.180 -0.094
293.951 60.00 60.3100 5.2 -0.314 -0.529
294.002 60.00 60.2100 7.9 -0.214 -0.202
294.053 60.00 60.2100 7.9 -0.214 -0.202
294.103 60.00 60.2500 7.0 -0.247 -0.310
294.152 60.00 60.1800 8.8 -0.180 -0.093
294.201 60.00 60.2100 7.9 -0.214 -0.202
294.252 60.00 60.2500 7.0 -0.247 -0.310
294.302 60.00 60.2500 7.0 -0.247 -0.310
294.351 60.00 60.2100 7.9 -0.214 -0.201
294.401 60.00 60.1800 8.8 -0.180 -0.093
294.451 60.00 60.2800 6.1 -0.281 -0.419
294.502 60.00 60.2500 7.0 -0.247 -0.309
294.551 60.00 60.2800 6.1 -0.281 -0.418
294.601 60.00 60.2500 7.0 -0.247 -0.308
294.652 60.00 60.2500 7.0 -0.247 -0.308
294.701 60.00 60.0800 11.5 -0.080 0.237
294.751 60.00 60.2500 7.0 -0.247 -0.309
294.801 60.00 60.2500 7.0 -0.247 -0.309
294.852 60.00 60.2500 7.0 -0.247 -0.308
294.902 60.00 60.1800 8.8 -0.180 -0.091
294.951 60.00 60.2500 7.0 -0.247 -0.309
295.001 60.00 60.2100 7.9 -0.214 -0.200
295.052 60.00 60.1800 8.8 -0.180 -0.091
295.102 60.00 60.2500 7.0 -0.247 -0.309
295.152 60.00 60.2500 7.0 -0.247 -0.308
295.201 60.00 60.3100 5.2 -0.314 -0.526
295.252 60.00 60.2100 7.9 -0.214 -0.199
295.302 60.00 60.3500 4.3 -0.347 -0.634
295.352 60.00 60.1500 9.7 -0.147 0.020
295.401 60.00 60.2100 7.9 -0.214 -0.198
295.451 60.00 60.1800 8.8 -0.180 -0.089
295.502 60.00 60.1500 9.7 -0.147 0.019
295.552 60.00 60.2500 7.0 -0.247 -0.308
295.601 60.00 60.2500 7.0 -0.247 -0.307
295.650 60.00 60.2100 7.9 -0.214 -0.199
295.701 60.00 60.2100 7.9 -0.214 -0.199
295.750 60.00 60.1800 8.8 -0.180 -0.090
295.800 60.00 60.1500 9.7 -0.147 0.018
295.851 60.00 60.2100 7.9 -0.214 -0.201
295.901 60.00 60.2500 7.0 -0.247 -0.309
295.951 60.00 60.1500 9.7 -0.147 0.017
296.000 60.00 60.2100 7.9 -0.214 -0.202
296.050 60.00 60.1800 8.8 -0.180 -0.093
296.101 60.00 60.1500 9.7 -0.147 0.015
296.151 60.00 60.1100 10.5 -0.113 0.124
296.200 60.00 60.2100 7.8 -0.214 -0.205
296.249 60.00 60.1500 9.6 -0.147 0.013
296.301 60.00 60.2100 7.8 -0.214 -0.206
296.351 60.00 60.2500 7.0 -0.247 -0.314
296.400 60.00 60.2800 6.1 -0.281 -0.423
296.450 60.00 60.2100 7.8 -0.214 -0.204
296.500 60.00 60.2500 7.0 -0.247 -0.312
296.551 60.00 60.2500 7.0 -0.247 -0.312
296.600 60.00 60.2100 7.9 -0.214 -0.204
296.650 60.00 60.2100 7.8 -0.214 -0.204
296.701 60.00 60.2800 6.1 -0.281 -0.421
296.750 60.00 60.2100 7.9 -0.214 -0.203
296.801 60.00 60.1500 9.6 -0.147 0.014
296.850 60.00 60.2100 7.8 -0.214 -0.204
296.901 60.00 60.2100 7.8 -0.214 -0.204
296.951 60.00 60.1500 9.6 -0.147 0.013
297.000 60.00 60.1500 9.6 -0.147 0.012
297.050 60.00 60.3100 5.2 -0.314 -0.532
297.101 60.00 60.2100 7.8 -0.214 -0.205
297.151 60.00 60.3100 5.2 -0.314 -0.531
297.200 60.00 60.1500 9.6 -0.147 0.014
297.248 60.00 60.2100 7.8 -0.214 -0.204
297.300 60.00 60.2500 7.0 -0.247 -0.312
297.350 60.00 60.2800 6.1 -0.281 -0.422
297.400 60.00 60.2100 7.8 -0.214 -0.203
297.449 60.00 60.1500 9.6 -0.147 0.014
297.498 60.00 60.2100 7.8 -0.214 -0.204
297.550 60.00 60.2100 7.8 -0.214 -0.204
297.600 60.00 60.2500 7.0 -0.247 -0.312
297.650 60.00 60.1800 8.7 -0.180 -0.095
297.699 60.00 60.1800 8.7 -0.180 -0.096
297.749 60.00 60.1800 8.7 -0.180 -0.096
297.800 60.00 60.2100 7.8 -0.214 -0.206
297.849 60.00 60.2100 7.8 -0.214 -0.206
297.899 60.00 60.2100 7.8 -0.214 -0.206
297.950 60.00 60.1800 8.7 -0.180 -0.097
297.999 60.00 60.1800 8.7 -0.180 -0.097
298.050 60.00 60.2500 6.9 -0.247 -0.315
298.099 60.00 60.1800 8.7 -0.180 -0.097
298.150 60.00 60.2500 6.9 -0.247 -0.315
298.200 60.00 60.2100 7.8 -0.214 -0.206
298.248 60.00 60.2500 6.9 -0.247 -0.314
298.299 60.00 60.1800 8.7 -0.180 -0.097
298.350 60.00 60.3100 5.2 -0.314 -0.532
298.400 60.00 60.1500 9.6 -0.147 0.012
298.450 60.00 60.1800 8.7 -0.180 -0.097
298.498 60.00 60.2100 7.8 -0.214 -0.207
298.550 60.00 60.1800 8.7 -0.180 -0.098
298.600 60.00 60.2500 6.9 -0.247 -0.315
298.650 60.00 60.2100 7.8 -0.214 -0.207
298.699 60.00 60.1500 9.6 -0.147 0.011
298.748 60.00 60.1800 8.7 -0.180 -0.099
298.799 60.00 60.2500 6.9 -0.247 -0.316
298.849 60.00 60.2100 7.8 -0.214 -0.208
298.898 60.00 60.2500 6.9 -0.247 -0.316
298.948 60.00 60.2100 7.8 -0.214 -0.208
298.998 60.00 60.2100 7.8 -0.214 -0.208
299.049 60.00 60.2800 6.0 -0.281 -0.425
299.098 60.00 60.1100 10.5 -0.113 0.120
299.148 60.00 60.1800 8.7 -0.180 -0.099
299.199 60.00 60.2500 6.9 -0.247 -0.317
299.248 60.00 60.2100 7.8 -0.214 -0.208
299.298 60.00 60.1800 8.7 -0.180 -0.099
299.348 60.00 60.2100 7.8 -0.214 -0.209
299.399 60.00 60.1500 9.6 -0.147 0.009
299.449 60.00 60.1500 9.6 -0.147 0.008
299.497 60.00 60.1800 8.7 -0.180 -0.102
299.548 60.00 60.1800 8.7 -0.180 -0.102
299.599 60.00 60.1800 8.7 -0.180 -0.103
299.649 60.00 60.2100 7.8 -0.214 -0.212
299.699 60.00 60.2500 6.9 -0.247 -0.320
299.747 60.00 60.1500 9.5 -0.147 0.006
299.799 60.00 60.2100 7.8 -0.214 -0.213
299.849 60.00 60.1800 8.7 -0.180 -0.104
299.899 60.00 60.2100 7.8 -0.214 -0.213
299.948 60.00 60.1500 9.5 -0.147 0.004
299.998 60.00 60.2100 7.7 -0.214 -0.214
300.049 60.00 60.2100 7.7 -0.214 -0.214
300.099 60.00 60.1800 8.6 -0.180 -0.105
300.148 60.00 60.1800 8.6 -0.180 -0.106
300.199 60.00 60.2100 7.7 -0.214 -0.215
300.248 60.00 60.1800 8.6 -0.180 -0.106
300.298 60.00 60.2100 7.7 -0.214 -0.216
300.348 60.00 60.1500 9.5 -0.147 0.002
300.398 60.00 60.1800 8.6 -0.180 -0.108
300.448 60.00 60.2100 7.7 -0.214 -0.217
300.497 60.00 60.2100 7.7 -0.214 -0.217
300.547 60.00 60.1500 9.5 -0.147 0.001
300.598 60.00 60.1800 8.6 -0.180 -0.109
300.648 60.00 60.1800 8.6 -0.180 -0.109
300.698 60.00 60.1500 9.5 -0.147 -0.001
300.746 60.00 60.2100 7.7 -0.214 -0.220
300.797 60.00 60.1800 8.6 -0.180 -0.111
300.848 60.00 60.1500 9.5 -0.147 -0.003
300.898 60.00 60.1800 8.6 -0.180 -0.112
300.948 60.00 60.2100 7.7 -0.214 -0.221
300.996 60.00 60.2500 6.8 -0.247 -0.329
301.047 60.00 60.1500 9.5 -0.147 -0.003
301.098 60.00 60.2100 7.7 -0.214 -0.222
301.148 60.00 60.2800 5.9 -0.281 -0.439
301.197 60.00 60.1500 9.5 -0.147 -0.003
301.246 60.00 60.1500 9.4 -0.147 -0.004
301.298 60.00 60.2100 7.7 -0.214 -0.222
301.348 60.00 60.1800 8.6 -0.180 -0.113
301.397 60.00 60.1500 9.4 -0.147 -0.005
301.448 60.00 60.2100 7.7 -0.214 -0.224
301.497 60.00 60.2100 7.7 -0.214 -0.224
301.548 60.00 60.0800 11.2 -0.080 0.212
301.597 60.00 60.1500 9.4 -0.147 -0.008
301.648 60.00 60.1800 8.5 -0.180 -0.117
301.698 60.00 60.1800 8.5 -0.180 -0.118
301.747 60.00 60.1500 9.4 -0.147 -0.010
301.796 60.00 60.2100 7.6 -0.214 -0.228
301.846 60.00 60.1500 9.4 -0.147 -0.010
301.897 60.00 60.1500 9.4 -0.147 -0.011
301.947 60.00 60.1100 10.3 -0.113 0.097
301.995 60.00 60.1100 10.3 -0.113 0.096
302.046 60.00 60.1500 9.4 -0.147 -0.015
302.097 60.00 60.2100 7.6 -0.214 -0.233
302.147 60.00 60.1500 9.4 -0.147 -0.015
302.196 60.00 60.2100 7.6 -0.214 -0.234
302.246 60.00 60.2100 7.6 -0.214 -0.233
302.297 60.00 60.1800 8.5 -0.180 -0.124
302.346 60.00 60.1500 9.3 -0.147 -0.016
302.396 60.00 60.1500 9.3 -0.147 -0.017
302.447 60.00 60.1800 8.4 -0.180 -0.126
302.496 60.00 60.1500 9.3 -0.147 -0.018
302.546 60.00 60.1800 8.4 -0.180 -0.128
302.596 60.00 60.1800 8.4 -0.180 -0.128
302.647 60.00 60.2100 7.5 -0.214 -0.237
302.697 60.00 60.2500 6.7 -0.247 -0.345
302.745 60.00 60.1500 9.3 -0.147 -0.019
302.796 60.00 60.0800 11.1 -0.080 0.199
302.847 60.00 60.2500 6.7 -0.247 -0.347
302.897 60.00 60.1800 8.4 -0.180 -0.129
302.947 60.00 60.1500 9.3 -0.147 -0.021
302.995 60.00 60.1800 8.4 -0.180 -0.130
303.046 60.00 60.2100 7.5 -0.214 -0.240
303.097 60.00 60.1800 8.4 -0.180 -0.131
303.147 60.00 60.1500 9.3 -0.147 -0.022
303.196 60.00 60.2800 5.7 -0.281 -0.458
303.245 60.00 60.1100 10.2 -0.113 0.087
303.297 60.00 60.1500 9.3 -0.147 -0.023
303.347 60.00 60.1500 9.3 -0.147 -0.024
303.396 60.00 60.2800 5.7 -0.281 -0.460
303.445 60.00 60.1500 9.3 -0.147 -0.024
303.495 60.00 60.1100 10.2 -0.113 0.085
303.546 60.00 60.2100 7.5 -0.214 -0.243
303.595 60.00 60.0800 11.1 -0.080 0.193
303.645 60.00 60.2100 7.5 -0.214 -0.245
303.696 60.00 60.1500 9.3 -0.147 -0.027
303.745 60.00 60.1500 9.2 -0.147 -0.028
303.795 60.00 60.1800 8.4 -0.180 -0.137
303.845 60.00 60.1800 8.4 -0.180 -0.137
303.896 60.00 60.1500 9.2 -0.147 -0.029
303.946 60.00 60.1800 8.3 -0.180 -0.138
303.994 60.00 60.1800 8.3 -0.180 -0.139
304.045 60.00 60.1500 9.2 -0.147 -0.030
304.096 60.00 60.1500 9.2 -0.147 -0.031
304.146 60.00 60.2100 7.4 -0.214 -0.249
304.196 60.00 60.1500 9.2 -0.147 -0.032
304.244 60.00 60.1100 10.1 -0.113 0.077
304.296 60.00 60.1500 9.2 -0.147 -0.034
304.346 60.00 60.2100 7.4 -0.214 -0.252
304.396 60.00 60.0800 11.0 -0.080 0.184
304.445 60.00 60.1800 8.3 -0.180 -0.144
304.494 60.00 60.1500 9.2 -0.147 -0.036
304.546 60.00 60.1500 9.2 -0.147 -0.037
304.596 60.00 60.1800 8.3 -0.180 -0.146
304.645 60.00 60.1100 10.1 -0.113 0.072
304.695 60.00 60.1500 9.2 -0.147 -0.039
304.745 60.00 60.1800 8.3 -0.180 -0.148
304.796 60.00 60.1500 9.2 -0.147 -0.039
304.845 60.00 60.1100 10.0 -0.113 0.069
304.895 60.00 60.2100 7.4 -0.214 -0.259
304.945 60.00 60.1800 8.2 -0.180 -0.150
304.994 60.00 60.1800 8.2 -0.180 -0.150
305.044 60.00 59.9400 14.5 0.055 0.613
305.094 60.00 60.1800 8.2 -0.180 -0.153
305.145 60.00 60.1100 10.0 -0.113 0.064
305.195 60.00 60.1500 9.1 -0.147 -0.046
305.243 60.00 60.1800 8.2 -0.180 -0.155
305.294 60.00 60.1500 9.1 -0.147 -0.047
305.345 60.00 60.1100 10.0 -0.113 0.062
305.395 60.00 60.1100 10.0 -0.113 0.061
305.444 60.00 60.2100 7.3 -0.214 -0.267
305.493 60.00 60.1500 9.1 -0.147 -0.049
305.545 60.00 59.9800 13.5 0.021 0.496
305.595 60.00 60.0400 11.7 -0.046 0.274
305.645 60.00 60.1500 9.0 -0.147 -0.055
305.695 60.00 60.1500 9.0 -0.147 -0.056
305.744 60.00 60.1100 9.9 -0.113 0.053
305.794 60.00 60.0800 10.8 -0.080 0.161
305.845 60.00 60.0800 10.8 -0.080 0.160
305.895 60.00 60.1500 9.0 -0.147 -0.060
305.945 60.00 60.1500 9.0 -0.147 -0.061
305.993 60.00 60.1100 9.9 -0.113 0.048
306.044 60.00 60.1800 8.1 -0.180 -0.171
306.095 60.00 60.0100 12.5 -0.013 0.373
306.145 60.00 60.1500 8.9 -0.147 -0.065
306.194 60.00 60.1800 8.1 -0.180 -0.174
306.244 60.00 60.1500 8.9 -0.147 -0.065
306.295 60.00 60.1100 9.8 -0.113 0.044
306.344 60.00 60.1100 9.8 -0.113 0.043
306.394 60.00 60.1500 8.9 -0.147 -0.068
306.444 60.00 60.0800 10.7 -0.080 0.150
306.493 60.00 60.1100 9.8 -0.113 0.040
306.543 60.00 60.1500 8.9 -0.147 -0.071
306.593 60.00 60.1500 8.9 -0.147 -0.071
306.644 60.00 60.1500 8.9 -0.147 -0.072
306.694 60.00 60.2500 6.2 -0.247 -0.397
306.743 60.00 60.0800 10.7 -0.080 0.147
306.793 60.00 60.1100 9.8 -0.113 0.037
306.844 60.00 60.0800 10.7 -0.080 0.145
306.894 60.00 59.9800 13.3 0.021 0.471
306.944 60.00 60.1100 9.7 -0.113 0.032
306.993 60.00 60.1500 8.8 -0.147 -0.079
307.043 60.00 60.1500 8.8 -0.147 -0.079
307.094 60.00 60.1100 9.7 -0.113 0.030
307.144 60.00 60.1100 9.7 -0.113 0.029
307.193 60.00 60.1100 9.7 -0.113 0.028
307.243 60.00 60.1500 8.8 -0.147 -0.082
307.294 60.00 60.1100 9.7 -0.113 0.027
307.344 60.00 59.9800 13.3 0.021 0.462
307.393 60.00 60.1500 8.8 -0.147 -0.086
307.444 60.00 60.0800 10.6 -0.080 0.132
307.493 60.00 60.1800 7.9 -0.180 -0.196
307.544 60.00 60.1500 8.8 -0.147 -0.088
307.593 60.00 60.1100 9.7 -0.113 0.021
307.644 60.00 60.1100 9.7 -0.113 0.020
307.694 60.00 60.0800 10.5 -0.080 0.129
307.743 60.00 60.1100 9.6 -0.113 0.018
307.793 60.00 60.0800 10.5 -0.080 0.126
307.844 60.00 60.1500 8.7 -0.147 -0.093
307.894 60.00 60.1500 8.7 -0.147 -0.094
307.943 60.00 60.1100 9.6 -0.113 0.016
307.993 60.00 60.1100 9.6 -0.113 0.015
308.042 60.00 60.1100 9.6 -0.113 0.014
308.093 60.00 60.1100 9.6 -0.113 0.013
308.143 60.00 60.0800 10.5 -0.080 0.121
308.192 60.00 60.1100 9.6 -0.113 0.011
308.243 60.00 60.1500 8.7 -0.147 -0.099
308.292 60.00 60.0800 10.4 -0.080 0.119
308.343 60.00 60.1500 8.7 -0.147 -0.101
308.392 60.00 60.1800 7.8 -0.180 -0.209
308.443 60.00 60.0400 11.3 -0.046 0.226
308.493 60.00 60.0800 10.4 -0.080 0.116
308.542 60.00 60.1500 8.6 -0.147 -0.104
308.592 60.00 60.0800 10.4 -0.080 0.114
308.643 60.00 60.1500 8.6 -0.147 -0.105
308.693 60.00 60.1100 9.5 -0.113 0.004
308.742 60.00 60.1500 8.6 -0.147 -0.106
308.791 60.00 60.1800 7.7 -0.180 -0.215
308.843 60.00 60.0100 12.2 -0.013 0.330
308.893 60.00 60.0800 10.4 -0.080 0.110
308.942 60.00 60.1100 9.5 -0.113 -0.000
308.992 60.00 60.0800 10.4 -0.080 0.108
309.042 60.00 60.1100 9.5 -0.113 -0.002
309.093 60.00 60.2100 6.8 -0.214 -0.329
309.142 60.00 60.1100 9.5 -0.113 -0.002
309.193 60.00 60.1800 7.7 -0.180 -0.221
309.243 60.00 60.1100 9.5 -0.113 -0.002
309.292 60.00 60.0400 11.2 -0.046 0.214
309.342 60.00 60.1500 8.6 -0.147 -0.114
309.393 60.00 60.1100 9.4 -0.113 -0.005
309.443 60.00 60.0800 10.3 -0.080 0.103
309.493 60.00 60.0800 10.3 -0.080 0.102
309.541 60.00 60.1500 8.5 -0.147 -0.117
309.592 60.00 60.0800 10.3 -0.080 0.101
309.642 60.00 60.0800 10.3 -0.080 0.100
309.692 60.00 60.0100 12.1 -0.013 0.316
309.741 60.00 60.0400 11.2 -0.046 0.205
309.790 60.00 60.1100 9.4 -0.113 -0.014
309.842 60.00 60.1100 9.4 -0.113 -0.015
309.892 60.00 60.1500 8.5 -0.147 -0.125
309.941 60.00 60.0400 11.1 -0.046 0.202
309.991 60.00 60.1500 8.4 -0.147 -0.126
310.041 60.00 60.0400 11.1 -0.046 0.201
310.092 60.00 60.0800 10.2 -0.080 0.090
310.141 60.00 60.1100 9.3 -0.113 -0.020
310.191 60.00 60.0100 12.0 -0.013 0.306
310.242 60.00 59.9800 12.9 0.021 0.414
310.291 60.00 60.1100 9.3 -0.113 -0.025
310.341 60.00 60.1500 8.4 -0.147 -0.135
310.392 60.00 60.0800 10.2 -0.080 0.084
310.442 60.00 60.1100 9.3 -0.113 -0.026
310.492 60.00 60.1100 9.3 -0.113 -0.027
310.540 60.00 60.0400 11.0 -0.046 0.190
310.591 60.00 60.0800 10.1 -0.080 0.080
310.642 60.00 60.0100 11.9 -0.013 0.297
310.692 60.00 60.1100 9.2 -0.113 -0.032
310.741 60.00 60.0800 10.1 -0.080 0.077
310.790 60.00 60.1100 9.2 -0.113 -0.033
310.842 60.00 60.0400 11.0 -0.046 0.184
310.892 60.00 60.1100 9.2 -0.113 -0.035
310.941 60.00 60.1500 8.3 -0.147 -0.145
310.992 60.00 60.1500 8.3 -0.147 -0.145
311.041 60.00 60.1100 9.2 -0.113 -0.036
311.091 60.00 60.0400 11.0 -0.046 0.181
311.140 60.00 60.0800 10.1 -0.080 0.071
311.191 60.00 60.0400 10.9 -0.046 0.179
311.241 60.00 60.0800 10.1 -0.080 0.069
311.290 60.00 60.0400 10.9 -0.046 0.177
311.340 60.00 60.0800 10.0 -0.080 0.067
311.391 60.00 60.1100 9.1 -0.113 -0.043
311.441 60.00 60.0800 10.0 -0.080 0.065
311.491 60.00 60.0800 10.0 -0.080 0.064
311.539 60.00 59.9400 13.6 0.055 0.500
311.590 60.00 60.1100 9.1 -0.113 -0.048
311.641 60.00 60.1100 9.1 -0.113 -0.049
311.691 60.00 59.9100 14.4 0.088 0.605
311.740 60.00 60.0100 11.7 -0.013 0.274
311.789 60.00 60.0800 9.9 -0.080 0.055
311.841 60.00 60.0800 9.9 -0.080 0.054
311.891 60.00 60.0800 9.9 -0.080 0.053
311.940 60.00 60.0100 11.7 -0.013 0.270
311.990 60.00 60.0800 9.9 -0.080 0.051
312.040 60.00 60.2100 6.3 -0.214 -0.386
312.091 60.00 60.0100 11.7 -0.013 0.268
312.140 60.00 60.0400 10.8 -0.046 0.158
312.190 60.00 60.1100 9.0 -0.113 -0.061
312.241 60.00 60.0100 11.7 -0.013 0.265
312.290 60.00 59.9800 12.5 0.021 0.373
312.340 60.00 59.9800 12.5 0.021 0.371
312.390 60.00 59.9800 12.5 0.021 0.369
312.441 60.00 60.1500 8.0 -0.147 -0.179
312.491 60.00 60.0800 9.8 -0.080 0.039
312.539 60.00 60.0800 9.8 -0.080 0.039
312.589 60.00 60.1800 7.1 -0.180 -0.289
312.640 60.00 60.0100 11.6 -0.013 0.256
312.690 60.00 60.1100 8.9 -0.113 -0.072
312.739 60.00 60.0100 11.6 -0.013 0.254
312.788 60.00 60.0800 9.8 -0.080 0.035
312.840 60.00 60.3100 3.5 -0.314 -0.727
312.890 60.00 60.0800 9.8 -0.080 0.037
312.939 60.00 60.0800 9.8 -0.080 0.036
312.989 60.00 60.0100 11.6 -0.013 0.253
313.039 60.00 60.1100 8.9 -0.113 -0.075
313.090 60.00 60.0800 9.8 -0.080 0.034
313.139 60.00 60.0100 11.5 -0.013 0.250
313.190 60.00 60.0800 9.8 -0.080 0.031
313.240 60.00 60.0800 9.7 -0.080 0.031
313.289 60.00 60.0400 10.6 -0.046 0.138
313.339 60.00 60.1100 8.8 -0.113 -0.080
313.390 60.00 60.1500 7.9 -0.147 -0.190
313.440 60.00 60.0400 10.6 -0.046 0.137
313.490 60.00 60.0100 11.5 -0.013 0.245
313.538 60.00 59.9400 13.3 0.055 0.462
313.589 60.00 60.0100 11.5 -0.013 0.241
313.640 60.00 60.1100 8.8 -0.113 -0.087
313.690 60.00 60.0800 9.7 -0.080 0.022
313.739 60.00 60.0100 11.4 -0.013 0.239
313.788 60.00 60.0100 11.4 -0.013 0.237
313.840 60.00 59.9800 12.3 0.021 0.345
313.890 60.00 60.0100 11.4 -0.013 0.233
313.939 60.00 60.0400 10.5 -0.046 0.123
313.989 60.00 60.0800 9.6 -0.080 0.013
314.039 60.00 60.0800 9.6 -0.080 0.013
314.090 60.00 59.9400 13.2 0.055 0.448
314.139 60.00 60.0100 11.3 -0.013 0.227
314.189 60.00 59.9800 12.2 0.021 0.336
314.239 60.00 59.9800 12.2 0.021 0.334
314.288 60.00 60.0400 10.4 -0.046 0.113
314.338 60.00 60.0400 10.4 -0.046 0.112
314.389 60.00 60.1100 8.6 -0.113 -0.107
314.439 60.00 60.0800 9.5 -0.080 0.002
314.488 60.00 60.0400 10.4 -0.046 0.110
314.537 60.00 60.0100 11.3 -0.013 0.218
314.589 60.00 60.0400 10.4 -0.046 0.108
314.639 60.00 59.9800 12.2 0.021 0.326
314.689 60.00 60.0800 9.5 -0.080 -0.003
314.738 60.00 60.0400 10.3 -0.046 0.105
314.788 60.00 60.0400 10.3 -0.046 0.104
314.839 60.00 60.0400 10.3 -0.046 0.103
314.889 60.00 60.0400 10.3 -0.046 0.102
314.938 60.00 59.9100 13.9 0.088 0.537
314.988 60.00 60.0100 11.2 -0.013 0.207
315.038 60.00 59.9800 12.1 0.021 0.316
315.089 60.00 59.9100 13.8 0.088 0.531
315.138 60.00 60.0800 9.4 -0.080 -0.016
315.189 60.00 60.0100 11.1 -0.013 0.201
315.239 60.00 60.0400 10.2 -0.046 0.090
315.288 60.00 60.0800 9.3 -0.080 -0.019
315.338 60.00 60.0400 10.2 -0.046 0.089
315.389 60.00 60.0400 10.2 -0.046 0.088
315.439 60.00 60.0100 11.1 -0.013 0.196
315.489 60.00 60.0800 9.3 -0.080 -0.022
315.537 60.00 59.9800 12.0 0.021 0.305
315.589 60.00 60.0800 9.3 -0.080 -0.025
315.639 60.00 60.0400 10.2 -0.046 0.084
315.688 60.00 60.0800 9.3 -0.080 -0.026
315.737 60.00 60.0100 11.1 -0.013 0.191
315.787 60.00 60.0400 10.2 -0.046 0.081
315.838 60.00 59.9400 12.8 0.055 0.408
315.888 60.00 60.0100 11.0 -0.013 0.187
315.937 60.00 59.9800 11.9 0.021 0.296
315.988 60.00 60.0100 11.0 -0.013 0.184
316.037 60.00 60.0800 9.2 -0.080 -0.035
316.088 60.00 60.0400 10.1 -0.046 0.074
316.137 60.00 60.0800 9.2 -0.080 -0.036
316.188 60.00 59.9800 11.9 0.021 0.292
316.238 60.00 60.0100 11.0 -0.013 0.180
316.286 60.00 59.9400 12.8 0.055 0.397
316.337 60.00 60.0100 10.9 -0.013 0.177
316.388 60.00 60.0100 10.9 -0.013 0.175
316.438 60.00 59.9800 11.8 0.021 0.284
316.488 60.00 60.0400 10.0 -0.046 0.064
316.536 60.00 60.0100 10.9 -0.013 0.172
316.588 60.00 60.0100 10.9 -0.013 0.171
316.638 60.00 60.0100 10.9 -0.013 0.170
316.688 60.00 60.0400 10.0 -0.046 0.060
316.737 60.00 60.0400 10.0 -0.046 0.059
316.787 60.00 60.0800 9.1 -0.080 -0.050
316.838 60.00 60.0800 9.1 -0.080 -0.051
316.888 60.00 60.0100 10.9 -0.013 0.167
316.937 60.00 60.0400 10.0 -0.046 0.057
316.988 60.00 59.9100 13.5 0.088 0.492
317.037 60.00 60.0800 9.1 -0.080 -0.055
317.088 60.00 60.0800 9.1 -0.080 -0.055
317.137 60.00 60.0400 9.9 -0.046 0.053
317.188 60.00 60.0800 9.1 -0.080 -0.056
317.237 60.00 60.0100 10.8 -0.013 0.161
317.285 60.00 60.0800 9.1 -0.080 -0.057
317.336 60.00 60.1100 8.2 -0.113 -0.166
317.387 60.00 60.0100 10.8 -0.013 0.160
317.437 60.00 59.9800 11.7 0.021 0.269
317.486 60.00 60.0100 10.8 -0.013 0.158
317.535 60.00 60.0800 9.0 -0.080 -0.061
317.587 60.00 60.0100 10.8 -0.013 0.157
317.637 60.00 60.0100 10.8 -0.013 0.156
317.686 60.00 60.0100 10.8 -0.013 0.155
317.736 60.00 60.0100 10.8 -0.013 0.153
317.786 60.00 59.9400 12.6 0.055 0.371
317.837 60.00 60.1100 8.1 -0.113 -0.176
317.886 60.00 60.0800 9.0 -0.080 -0.067
317.936 60.00 60.0400 9.9 -0.046 0.042
317.987 60.00 60.0800 9.0 -0.080 -0.067
318.036 60.00 60.0400 9.8 -0.046 0.041
318.086 60.00 59.9800 11.6 0.021 0.260
318.136 60.00 60.1500 7.2 -0.147 -0.288
318.187 60.00 59.9800 11.6 0.021 0.259
318.237 60.00 59.9800 11.6 0.021 0.258
318.286 60.00 60.0800 8.9 -0.080 -0.071
318.337 60.00 59.9800 11.6 0.021 0.256
318.387 60.00 59.9400 12.5 0.055 0.363
318.436 60.00 60.0100 10.7 -0.013 0.143
318.487 60.00 60.0800 8.9 -0.080 -0.076
318.536 60.00 60.0400 9.8 -0.046 0.033
318.587 60.00 60.1100 8.0 -0.113 -0.185
318.636 60.00 60.0100 10.7 -0.013 0.142
318.687 60.00 59.9800 11.6 0.021 0.251
318.736 60.00 59.9800 11.6 0.021 0.249
318.785 60.00 60.0100 10.6 -0.013 0.138
318.835 60.00 60.0100 10.6 -0.013 0.137
318.885 60.00 60.0100 10.6 -0.013 0.136
318.936 60.00 60.0100 10.6 -0.013 0.135
318.986 60.00 60.0800 8.8 -0.080 -0.083
319.034 60.00 60.0100 10.6 -0.013 0.134
319.085 60.00 60.0100 10.6 -0.013 0.133
319.136 60.00 60.1100 7.9 -0.113 -0.194
319.186 60.00 60.0100 10.6 -0.013 0.133
319.235 60.00 59.9100 13.3 0.088 0.459
319.285 60.00 59.9800 11.5 0.021 0.240
319.336 60.00 60.0100 10.6 -0.013 0.128
319.385 60.00 60.0400 9.7 -0.046 0.018
319.435 60.00 60.0800 8.8 -0.080 -0.091
319.486 60.00 59.9800 11.5 0.021 0.237
319.535 60.00 60.0400 9.7 -0.046 0.017
319.585 60.00 59.9400 12.3 0.055 0.344
319.635 60.00 60.0400 9.6 -0.046 0.014
319.686 60.00 59.9800 11.4 0.021 0.233
319.736 60.00 60.0400 9.6 -0.046 0.013
319.784 60.00 60.0100 10.5 -0.013 0.121
319.836 60.00 60.0100 10.5 -0.013 0.120
319.886 60.00 59.9800 11.4 0.021 0.230
319.936 60.00 60.0100 10.5 -0.013 0.118
319.985 60.00 60.0100 10.5 -0.013 0.117
320.035 60.00 60.0100 10.5 -0.013 0.117
320.086 60.00 60.0100 10.5 -0.013 0.116
320.136 60.00 59.9100 13.1 0.088 0.442
320.185 60.00 59.9400 12.2 0.055 0.331
320.235 60.00 59.9400 12.2 0.055 0.330
320.284 60.00 60.0400 9.5 -0.046 0.000
320.335 60.00 60.0400 9.5 -0.046 0.000
320.384 60.00 59.9800 11.3 0.021 0.219
320.435 60.00 60.0100 10.4 -0.013 0.108
320.485 60.00 60.0100 10.4 -0.013 0.107
320.534 60.00 60.0400 9.5 -0.046 -0.003
320.584 60.00 60.0100 10.4 -0.013 0.106
320.635 60.00 60.0100 10.4 -0.013 0.105
320.685 60.00 60.0100 10.4 -0.013 0.104
320.735 60.00 60.0100 10.4 -0.013 0.104
320.784 60.00 60.0400 9.5 -0.046 -0.006
320.835 60.00 60.0100 10.4 -0.013 0.103
320.885 60.00 59.9800 11.3 0.021 0.212
320.934 60.00 60.0800 8.6 -0.080 -0.117
320.984 60.00 60.0100 10.3 -0.013 0.101
321.034 60.00 60.0100 10.3 -0.013 0.100
321.085 60.00 59.9800 11.2 0.021 0.210
321.134 60.00 60.0100 10.3 -0.013 0.098
321.184 60.00 60.0100 10.3 -0.013 0.098
321.235 60.00 60.0400 9.4 -0.046 -0.012
321.284 60.00 60.0100 10.3 -0.013 0.097
321.334 60.00 60.0800 8.5 -0.080 -0.121
321.384 60.00 59.9800 11.2 0.021 0.206
321.435 60.00 60.0100 10.3 -0.013 0.095
321.485 60.00 60.0400 9.4 -0.046 -0.014
321.534 60.00 60.0100 10.3 -0.013 0.094
321.584 60.00 60.0400 9.4 -0.046 -0.015
321.635 60.00 60.0800 8.5 -0.080 -0.124
321.685 60.00 60.0400 9.4 -0.046 -0.015
321.734 60.00 59.8100 15.7 0.189 0.748
321.784 60.00 60.0800 8.5 -0.080 -0.127
321.834 60.00 59.9800 11.2 0.021 0.200
321.884 60.00 59.9800 11.2 0.021 0.199
321.933 60.00 60.0800 8.5 -0.080 -0.129
321.984 60.00 59.9800 11.2 0.021 0.198
322.034 60.00 60.0100 10.2 -0.013 0.087
322.083 60.00 60.0400 9.3 -0.046 -0.022
322.133 60.00 60.0100 10.2 -0.013 0.087
322.183 60.00 60.0100 10.2 -0.013 0.086
322.234 60.00 60.0800 8.4 -0.080 -0.132
322.284 60.00 60.0100 10.2 -0.013 0.086
322.333 60.00 60.0400 9.3 -0.046 -0.024
322.383 60.00 59.9800 11.1 0.021 0.195
322.434 60.00 60.0100 10.2 -0.013 0.084
322.484 60.00 59.9800 11.1 0.021 0.193
322.533 60.00 59.9400 12.0 0.055 0.301
322.582 60.00 59.9400 12.0 0.055 0.299
322.634 60.00 59.9800 11.1 0.021 0.189
322.684 60.00 60.0400 9.3 -0.046 -0.031
322.733 60.00 59.9800 11.1 0.021 0.188
322.783 60.00 60.0800 8.4 -0.080 -0.141
322.833 60.00 60.0400 9.3 -0.046 -0.032
322.884 60.00 60.0400 9.3 -0.046 -0.032
322.933 60.00 60.0100 10.2 -0.013 0.077
322.984 60.00 59.9400 11.9 0.055 0.295
323.034 60.00 60.0100 10.2 -0.013 0.075
323.083 60.00 60.0100 10.1 -0.013 0.074
323.133 60.00 60.0400 9.2 -0.046 -0.035
323.184 60.00 59.9800 11.0 0.021 0.184
323.234 60.00 60.0400 9.2 -0.046 -0.036
323.283 60.00 59.9800 11.0 0.021 0.183
323.332 60.00 60.0100 10.1 -0.013 0.072
323.383 60.00 60.0100 10.1 -0.013 0.071
323.433 60.00 60.1100 7.5 -0.113 -0.256
323.482 60.00 60.0100 10.1 -0.013 0.072
323.532 60.00 60.0800 8.3 -0.080 -0.146
323.582 60.00 60.0100 10.1 -0.013 0.071
323.633 60.00 60.0100 10.1 -0.013 0.071
323.682 60.00 60.1100 7.4 -0.113 -0.256
323.732 60.00 59.9800 11.0 0.021 0.181
323.783 60.00 60.0100 10.1 -0.013 0.070
323.832 60.00 60.0400 9.2 -0.046 -0.039
323.882 60.00 60.0100 10.1 -0.013 0.070
323.932 60.00 60.0100 10.1 -0.013 0.069
323.983 60.00 60.0800 8.3 -0.080 -0.149
324.033 60.00 59.9400 11.9 0.055 0.288
324.081 60.00 60.0100 10.1 -0.013 0.068
324.132 60.00 60.0400 9.2 -0.046 -0.042
324.183 60.00 60.0400 9.2 -0.046 -0.042
324.233 60.00 59.9800 11.0 0.021 0.177
324.282 60.00 60.0100 10.1 -0.013 0.066
324.331 60.00 60.0100 10.1 -0.013 0.066
324.383 60.00 59.8800 13.6 0.122 0.502
324.433 60.00 60.0100 10.1 -0.013 0.063
324.482 60.00 60.0100 10.1 -0.013 0.062
324.533 60.00 60.0800 8.3 -0.080 -0.156
324.582 60.00 59.9800 10.9 0.021 0.172
324.632 60.00 59.9800 10.9 0.021 0.171
324.682 60.00 60.0100 10.0 -0.013 0.060
324.733 60.00 60.0400 9.1 -0.046 -0.049
324.783 60.00 60.0800 8.2 -0.080 -0.157
324.831 60.00 60.0800 8.3 -0.080 -0.157
324.881 60.00 60.0400 9.2 -0.046 -0.048
324.932 60.00 60.0800 8.3 -0.080 -0.156
324.982 60.00 60.0100 10.0 -0.013 0.061
325.032 60.00 60.0100 10.0 -0.013 0.061
325.080 60.00 60.0100 10.0 -0.013 0.061
325.131 60.00 59.9800 10.9 0.021 0.170
325.182 60.00 60.0100 10.0 -0.013 0.059
325.232 60.00 59.9800 10.9 0.021 0.169
325.281 60.00 60.0100 10.0 -0.013 0.058
325.330 60.00 60.0400 9.1 -0.046 -0.052
325.382 60.00 60.0400 9.1 -0.046 -0.052
325.432 60.00 59.9800 10.9 0.021 0.167
325.481 60.00 59.9400 11.8 0.055 0.275
325.531 60.00 60.1500 6.4 -0.147 -0.381
325.581 60.00 59.9800 10.9 0.021 0.167
325.632 60.00 60.0800 8.2 -0.080 -0.162
325.681 60.00 60.0100 10.0 -0.013 0.056
325.732 60.00 60.0100 10.0 -0.013 0.056
325.782 60.00 60.0100 10.0 -0.013 0.055
325.831 60.00 59.9400 11.8 0.055 0.273
325.881 60.00 60.0100 10.0 -0.013 0.054
325.931 60.00 60.0100 10.0 -0.013 0.053
325.982 60.00 60.0100 10.0 -0.013 0.053
326.032 60.00 60.0100 10.0 -0.013 0.052
326.080 60.00 59.9400 11.8 0.055 0.270
326.131 60.00 60.1100 7.3 -0.113 -0.276
326.182 60.00 59.9100 12.6 0.088 0.379
326.232 60.00 59.7800 16.2 0.222 0.814
326.281 60.00 60.0100 9.9 -0.013 0.046
326.331 60.00 59.9400 11.7 0.055 0.264
326.381 60.00 60.0100 9.9 -0.013 0.044
326.431 60.00 60.0800 8.1 -0.080 -0.173
326.480 60.00 59.9800 10.8 0.021 0.155
326.531 60.00 60.1800 5.5 -0.180 -0.501
326.580 60.00 60.0100 9.9 -0.013 0.046
326.631 60.00 60.0100 9.9 -0.013 0.045
326.680 60.00 60.0800 8.1 -0.080 -0.172
326.731 60.00 60.0400 9.0 -0.046 -0.063
326.781 60.00 60.0100 9.9 -0.013 0.046
326.830 60.00 59.9800 10.8 0.021 0.155
326.880 60.00 60.0400 9.0 -0.046 -0.064
326.931 60.00 59.9800 10.8 0.021 0.155
326.981 60.00 60.0800 8.1 -0.080 -0.174
327.031 60.00 60.0400 9.0 -0.046 -0.065
327.079 60.00 59.9800 10.8 0.021 0.155
327.131 60.00 59.9100 12.6 0.088 0.371
327.181 60.00 60.0100 9.9 -0.013 0.042
327.231 60.00 60.1500 6.3 -0.147 -0.394
327.280 60.00 59.9400 11.7 0.055 0.262
327.330 60.00 60.0400 9.0 -0.046 -0.067
327.381 60.00 60.1100 7.2 -0.113 -0.284
327.430 60.00 60.0100 9.9 -0.013 0.043
327.480 60.00 60.0400 9.0 -0.046 -0.066
327.531 60.00 59.9400 11.7 0.055 0.261
327.580 60.00 60.0100 9.9 -0.013 0.042
327.631 60.00 60.0800 8.1 -0.080 -0.176
327.680 60.00 60.0100 9.9 -0.013 0.042
327.731 60.00 59.9400 11.7 0.055 0.260
327.781 60.00 60.0800 8.1 -0.080 -0.177
327.829 60.00 59.9800 10.8 0.021 0.151
327.880 60.00 59.9400 11.7 0.055 0.258
327.931 60.00 59.9100 12.5 0.088 0.366
327.980 60.00 60.0800 8.1 -0.080 -0.180
328.029 60.00 59.9800 10.8 0.021 0.148
328.078 60.00 60.0100 9.8 -0.013 0.037
328.130 60.00 60.0800 8.1 -0.080 -0.181
328.180 60.00 59.9800 10.8 0.021 0.147
328.229 60.00 59.9800 10.7 0.021 0.146
328.279 60.00 60.0800 8.1 -0.080 -0.182
328.329 60.00 60.0100 9.8 -0.013 0.036
328.380 60.00 60.0400 8.9 -0.046 -0.073
328.429 60.00 60.0800 8.1 -0.080 -0.181
328.480 60.00 60.0100 9.8 -0.013 0.037
328.530 60.00 60.0100 9.8 -0.013 0.036
328.579 60.00 60.0400 8.9 -0.046 -0.073
328.629 60.00 60.0400 8.9 -0.046 -0.073
328.680 60.00 60.1100 7.2 -0.113 -0.290
328.730 60.00 59.9100 12.5 0.088 0.365
328.780 60.00 60.0400 8.9 -0.046 -0.073
328.828 60.00 60.0400 8.9 -0.046 -0.073
328.879 60.00 59.9800 10.7 0.021 0.146
328.930 60.00 59.9800 10.7 0.021 0.145
328.980 60.00 59.9400 11.6 0.055 0.253
329.030 60.00 60.0800 8.0 -0.080 -0.184
329.078 60.00 60.0400 8.9 -0.046 -0.075
329.129 60.00 60.0800 8.1 -0.080 -0.183
329.180 60.00 60.0100 9.8 -0.013 0.035
329.230 60.00 60.0100 9.8 -0.013 0.034
329.279 60.00 59.9800 10.7 0.021 0.144
329.328 60.00 60.0100 9.8 -0.013 0.033
329.380 60.00 60.0400 8.9 -0.046 -0.076
329.430 60.00 60.0100 9.8 -0.013 0.033
329.479 60.00 60.0400 8.9 -0.046 -0.076
329.528 60.00 60.0100 9.8 -0.013 0.033
329.578 60.00 60.0100 9.8 -0.013 0.033
329.629 60.00 60.1800 5.4 -0.180 -0.512
329.678 60.00 60.0400 8.9 -0.046 -0.074
329.728 60.00 59.9800 10.7 0.021 0.145
329.779 60.00 60.0100 9.8 -0.013 0.034
329.828 60.00 60.0100 9.8 -0.013 0.034
329.878 60.00 59.9800 10.7 0.021 0.144
329.928 60.00 60.0100 9.8 -0.013 0.033
329.979 60.00 60.0800 8.0 -0.080 -0.185
330.029 60.00 60.0400 8.9 -0.046 -0.076
330.077 60.00 60.0100 9.8 -0.013 0.033
330.128 60.00 60.0100 9.8 -0.013 0.033
330.179 60.00 60.0400 8.9 -0.046 -0.076
330.229 60.00 60.0100 9.8 -0.013 0.033
330.278 60.00 60.0100 9.8 -0.013 0.033
330.327 60.00 60.0800 8.0 -0.080 -0.185
330.379 60.00 59.9800 10.7 0.021 0.143
330.429 60.00 60.0400 8.9 -0.046 -0.077
330.478 60.00 60.0100 9.8 -0.013 0.032
330.529 60.00 60.1100 7.1 -0.113 -0.294
330.578 60.00 60.0100 9.8 -0.013 0.033
330.629 60.00 60.1100 7.2 -0.113 -0.293
330.678 60.00 60.0100 9.8 -0.013 0.034
330.728 60.00 60.0100 9.8 -0.013 0.034
330.779 60.00 60.0400 8.9 -0.046 -0.075
330.828 60.00 60.1100 7.2 -0.113 -0.293
330.878 60.00 59.9400 11.6 0.055 0.253
330.928 60.00 60.1100 7.2 -0.113 -0.293
330.979 60.00 60.0800 8.1 -0.080 -0.183
331.028 60.00 59.9400 11.6 0.055 0.254
331.077 60.00 60.0800 8.0 -0.080 -0.183
331.128 60.00 59.9800 10.7 0.021 0.145
331.178 60.00 60.0800 8.0 -0.080 -0.183
331.227 60.00 60.0800 8.1 -0.080 -0.183
331.278 60.00 60.0800 8.1 -0.080 -0.182
331.327 60.00 60.0800 8.1 -0.080 -0.181
331.378 60.00 60.0400 8.9 -0.046 -0.072
331.427 60.00 60.0100 9.8 -0.013 0.037
331.478 60.00 60.0400 8.9 -0.046 -0.072
331.528 60.00 60.0100 9.8 -0.013 0.037
331.577 60.00 60.0800 8.1 -0.080 -0.181
331.627 60.00 60.0100 9.8 -0.013 0.037
331.678 60.00 60.0100 9.8 -0.013 0.037
331.728 60.00 59.9800 10.7 0.021 0.146
331.777 60.00 60.0400 8.9 -0.046 -0.073
331.826 60.00 60.0800 8.1 -0.080 -0.182
331.878 60.00 60.1500 6.3 -0.147 -0.399
331.928 60.00 60.0400 9.0 -0.046 -0.071
331.977 60.00 60.0100 9.8 -0.013 0.038
332.028 60.00 60.0100 9.8 -0.013 0.038
332.077 60.00 60.0400 9.0 -0.046 -0.071
332.128 60.00 60.0100 9.8 -0.013 0.038
332.177 60.00 60.1100 7.2 -0.113 -0.289
332.228 60.00 60.0100 9.8 -0.013 0.038
332.278 60.00 60.1100 7.2 -0.113 -0.288
332.327 60.00 60.1100 7.2 -0.113 -0.287
332.377 60.00 60.1100 7.2 -0.113 -0.286
332.427 60.00 59.9800 10.8 0.021 0.151
332.478 60.00 60.1100 7.2 -0.113 -0.286
332.527 60.00 60.1100 7.2 -0.113 -0.285
332.576 60.00 60.0800 8.1 -0.080 -0.175
332.626 60.00 60.0100 9.9 -0.013 0.043
332.676 60.00 60.0400 9.0 -0.046 -0.066
332.727 60.00 60.0400 9.0 -0.046 -0.066
332.777 60.00 60.0400 9.0 -0.046 -0.066
332.826 60.00 60.0800 8.1 -0.080 -0.174
332.876 60.00 60.0800 8.1 -0.080 -0.174
332.927 60.00 60.0400 9.0 -0.046 -0.064
332.977 60.00 60.1800 5.5 -0.180 -0.500
333.026 60.00 60.0100 9.9 -0.013 0.047
333.076 60.00 60.0100 9.9 -0.013 0.046
333.127 60.00 60.1800 5.5 -0.180 -0.498
333.177 60.00 60.1500 6.4 -0.147 -0.388
333.226 60.00 60.0800 8.2 -0.080 -0.168
333.277 60.00 60.1800 5.5 -0.180 -0.494
333.326 60.00 60.1500 6.4 -0.147 -0.384
333.377 60.00 60.0800 8.2 -0.080 -0.164
333.426 60.00 60.0800 8.2 -0.080 -0.164
333.476 60.00 60.0800 8.2 -0.080 -0.163
333.527 60.00 60.0100 10.0 -0.013 0.055
333.576 60.00 60.0800 8.2 -0.080 -0.163
333.626 60.00 60.0800 8.2 -0.080 -0.162
333.676 60.00 60.1100 7.3 -0.113 -0.271
333.727 60.00 60.0800 8.2 -0.080 -0.161
333.777 60.00 60.1800 5.5 -0.180 -0.487
333.826 60.00 60.0800 8.2 -0.080 -0.158
333.877 60.00 60.1100 7.3 -0.113 -0.267
333.927 60.00 60.0800 8.2 -0.080 -0.157
333.977 60.00 60.0800 8.2 -0.080 -0.157
334.026 60.00 60.1100 7.4 -0.113 -0.265
334.076 60.00 60.1100 7.4 -0.113 -0.264
334.126 60.00 60.1100 7.4 -0.113 -0.263
334.176 60.00 60.0400 9.2 -0.046 -0.045
334.225 60.00 60.1100 7.4 -0.113 -0.262
334.275 60.00 60.0400 9.2 -0.046 -0.044
334.326 60.00 60.1100 7.4 -0.113 -0.261
334.375 60.00 60.1100 7.4 -0.113 -0.260
334.425 60.00 60.1100 7.4 -0.113 -0.259
334.475 60.00 60.1500 6.5 -0.147 -0.368
334.526 60.00 60.0400 9.2 -0.046 -0.040
334.576 60.00 60.0800 8.3 -0.080 -0.148
334.625 60.00 60.1100 7.4 -0.113 -0.257
334.675 60.00 60.2500 3.9 -0.247 -0.691
334.726 60.00 60.1500 6.5 -0.147 -0.362
334.776 60.00 60.1100 7.5 -0.113 -0.252
334.826 60.00 60.1100 7.5 -0.113 -0.251
334.875 60.00 60.1100 7.5 -0.113 -0.250
334.925 60.00 60.0800 8.4 -0.080 -0.140
334.976 60.00 60.0400 9.3 -0.046 -0.031
335.026 60.00 60.0800 8.4 -0.080 -0.140
335.075 60.00 60.0800 8.4 -0.080 -0.140
335.124 60.00 60.0100 10.2 -0.013 0.078
335.176 60.00 60.1100 7.5 -0.113 -0.249
335.226 60.00 60.0800 8.4 -0.080 -0.139
335.275 60.00 60.0400 9.3 -0.046 -0.030
335.326 60.00 60.1100 7.5 -0.113 -0.248
335.375 60.00 60.0800 8.4 -0.080 -0.138
335.426 60.00 60.1100 7.5 -0.113 -0.246
335.475 60.00 60.0800 8.4 -0.080 -0.137
335.526 60.00 60.1800 5.7 -0.180 -0.463
335.576 60.00 59.9800 11.1 0.021 0.193
335.624 60.00 60.1800 5.7 -0.180 -0.462
335.674 60.00 60.1100 7.5 -0.113 -0.243
335.724 60.00 60.1100 7.5 -0.113 -0.242
335.775 60.00 60.1500 6.6 -0.147 -0.351
335.825 60.00 60.0800 8.4 -0.080 -0.131
335.873 60.00 60.0800 8.4 -0.080 -0.131
335.924 60.00 60.0800 8.4 -0.080 -0.130
335.975 60.00 60.0800 8.4 -0.080 -0.130
336.025 60.00 60.1500 6.7 -0.147 -0.348
336.075 60.00 60.0800 8.5 -0.080 -0.128
336.123 60.00 60.1500 6.7 -0.147 -0.346
336.175 60.00 60.1500 6.7 -0.147 -0.345
336.225 60.00 60.1500 6.7 -0.147 -0.344
336.274 60.00 60.0400 9.4 -0.046 -0.016
336.324 60.00 60.0400 9.4 -0.046 -0.016
336.374 60.00 60.0800 8.5 -0.080 -0.125
336.425 60.00 60.1500 6.7 -0.147 -0.343
336.474 60.00 60.1800 5.8 -0.180 -0.450
336.524 60.00 60.0800 8.5 -0.080 -0.121
336.575 60.00 60.1500 6.7 -0.147 -0.340
336.624 60.00 60.0800 8.5 -0.080 -0.120
336.674 60.00 60.1100 7.6 -0.113 -0.229
336.724 60.00 60.1100 7.6 -0.113 -0.228
336.775 60.00 60.1100 7.6 -0.113 -0.227
336.825 60.00 60.0800 8.5 -0.080 -0.118
336.874 60.00 60.0800 8.5 -0.080 -0.117
336.924 60.00 60.1100 7.7 -0.113 -0.226
336.975 60.00 60.1100 7.7 -0.113 -0.225
337.025 60.00 60.1100 7.7 -0.113 -0.225
337.075 60.00 60.1100 7.7 -0.113 -0.224
337.123 60.00 60.0800 8.6 -0.080 -0.114
337.173 60.00 60.1100 7.7 -0.113 -0.223
337.224 60.00 60.1500 6.8 -0.147 -0.332
337.274 60.00 60.1100 7.7 -0.113 -0.221
337.323 60.00 60.1800 5.9 -0.180 -0.438
337.372 60.00 60.0100 10.4 -0.013 0.107
337.424 60.00 60.0400 9.5 -0.046 -0.002
337.474 60.00 60.1500 6.8 -0.147 -0.329
337.523 60.00 60.0800 8.6 -0.080 -0.110
337.573 60.00 60.0800 8.6 -0.080 -0.110
337.623 60.00 60.1100 7.7 -0.113 -0.218
337.674 60.00 60.1800 5.9 -0.180 -0.436
337.723 60.00 60.0400 9.5 -0.046 0.001
337.774 60.00 60.1100 7.7 -0.113 -0.216
337.824 60.00 60.1500 6.8 -0.147 -0.325
337.873 60.00 60.1100 7.7 -0.113 -0.215
337.923 60.00 60.1100 7.7 -0.113 -0.214
337.973 60.00 60.1500 6.8 -0.147 -0.323
338.024 60.00 60.1100 7.8 -0.113 -0.212
338.074 60.00 60.1500 6.9 -0.147 -0.321
338.122 60.00 60.0800 8.7 -0.080 -0.102
338.173 60.00 60.1100 7.8 -0.113 -0.211
338.224 60.00 60.1800 6.0 -0.180 -0.428
338.274 60.00 60.1800 6.0 -0.180 -0.426
338.323 60.00 60.1100 7.8 -0.113 -0.207
338.372 60.00 60.0800 8.7 -0.080 -0.097
338.424 60.00 60.1500 6.9 -0.147 -0.316
338.474 60.00 60.2100 5.1 -0.214 -0.532
338.523 60.00 60.1100 7.8 -0.113 -0.203
338.573 60.00 60.1100 7.8 -0.113 -0.203
338.623 60.00 60.0800 8.7 -0.080 -0.093
338.673 60.00 60.0800 8.7 -0.080 -0.093
338.723 60.00 60.1100 7.8 -0.113 -0.202
338.772 60.00 60.1500 6.9 -0.147 -0.311
338.823 60.00 60.1500 7.0 -0.147 -0.310
338.872 60.00 60.1100 7.8 -0.113 -0.199
338.922 60.00 60.1500 7.0 -0.147 -0.308
338.972 60.00 60.1800 6.1 -0.180 -0.416
339.023 60.00 60.1100 7.9 -0.113 -0.196
339.073 60.00 60.0800 8.8 -0.080 -0.087
339.122 60.00 60.1100 7.9 -0.113 -0.196
339.172 60.00 60.0800 8.8 -0.080 -0.086
339.223 60.00 60.1100 7.9 -0.113 -0.195
339.273 60.00 60.1500 7.0 -0.147 -0.304
339.323 60.00 60.1500 7.0 -0.147 -0.303
339.371 60.00 60.1500 7.0 -0.147 -0.302
339.423 60.00 60.2100 5.2 -0.214 -0.518
339.473 60.00 60.0800 8.8 -0.080 -0.081
339.522 60.00 60.0800 8.8 -0.080 -0.081
339.572 60.00 60.1500 7.0 -0.147 -0.299
339.622 60.00 60.1500 7.0 -0.147 -0.298
339.673 60.00 60.0100 10.6 -0.013 0.139
339.722 60.00 60.0800 8.8 -0.080 -0.080
339.772 60.00 60.1100 7.9 -0.113 -0.189
339.823 60.00 60.0400 9.7 -0.046 0.029
339.872 60.00 60.1500 7.0 -0.147 -0.298
339.922 60.00 60.1500 7.0 -0.147 -0.297
339.972 60.00 60.1800 6.2 -0.180 -0.405
340.023 60.00 60.0100 10.6 -0.013 0.141
340.073 60.00 60.1100 8.0 -0.113 -0.186
340.121 60.00 60.1800 6.2 -0.180 -0.404
340.172 60.00 60.0800 8.8 -0.080 -0.076
340.223 60.00 60.1800 6.2 -0.180 -0.403
340.272 60.00 60.1100 8.0 -0.113 -0.183
340.321 60.00 60.1100 8.0 -0.113 -0.183
340.370 60.00 60.1500 7.1 -0.147 -0.292
340.422 60.00 60.1500 7.1 -0.147 -0.291
340.472 60.00 60.1500 7.1 -0.147 -0.290
340.521 60.00 60.1500 7.1 -0.147 -0.289
340.571 60.00 60.1500 7.1 -0.147 -0.288
340.621 60.00 60.1100 8.0 -0.113 -0.178
340.672 60.00 60.0800 8.9 -0.080 -0.068
340.721 60.00 60.1100 8.0 -0.113 -0.178
340.771 60.00 60.1100 8.0 -0.113 -0.177
340.822 60.00 60.1500 7.1 -0.147 -0.286
340.871 60.00 60.1100 8.0 -0.113 -0.176
340.922 60.00 60.1500 7.1 -0.147 -0.285
340.971 60.00 60.1500 7.1 -0.147 -0.284
341.021 60.00 60.0800 8.9 -0.080 -0.065
341.072 60.00 60.1800 6.3 -0.180 -0.392
341.121 60.00 60.0800 8.9 -0.080 -0.064
341.171 60.00 60.1100 8.1 -0.113 -0.173
341.221 60.00 60.1500 7.2 -0.147 -0.282
341.272 60.00 60.0800 8.9 -0.080 -0.062
341.322 60.00 60.1500 7.2 -0.147 -0.281
341.370 60.00 60.2100 5.4 -0.214 -0.497
341.421 60.00 60.1800 6.3 -0.180 -0.387
341.472 60.00 60.2100 5.4 -0.214 -0.494
341.522 60.00 60.1800 6.3 -0.180 -0.384
341.571 60.00 60.1100 8.1 -0.113 -0.165
341.620 60.00 60.1100 8.1 -0.113 -0.164
341.672 60.00 60.1800 6.3 -0.180 -0.382
341.722 60.00 60.1500 7.2 -0.147 -0.272
341.771 60.00 60.1100 8.1 -0.113 -0.162
341.820 60.00 60.2100 5.5 -0.214 -0.488
341.870 60.00 60.1800 6.4 -0.180 -0.378
341.921 60.00 60.1100 8.2 -0.113 -0.159
341.970 60.00 60.1100 8.2 -0.113 -0.158
342.020 60.00 60.1500 7.3 -0.147 -0.267
342.071 60.00 60.1500 7.3 -0.147 -0.267
342.120 60.00 60.1800 6.4 -0.180 -0.374
342.171 60.00 60.1100 8.2 -0.113 -0.155
342.220 60.00 60.1500 7.3 -0.147 -0.264
342.271 60.00 60.1100 8.2 -0.113 -0.154
342.321 60.00 60.0800 9.1 -0.080 -0.045
342.370 60.00 60.2100 5.5 -0.214 -0.481
342.420 60.00 60.1800 6.4 -0.180 -0.371
342.470 60.00 60.1800 6.4 -0.180 -0.369
342.521 60.00 60.1800 6.4 -0.180 -0.368
342.571 60.00 60.1100 8.2 -0.113 -0.149
342.619 60.00 60.0800 9.1 -0.080 -0.040
342.670 60.00 60.1500 7.3 -0.147 -0.259
342.721 60.00 60.1500 7.3 -0.147 -0.258
342.771 60.00 60.1500 7.3 -0.147 -0.257
342.820 60.00 60.1800 6.5 -0.180 -0.365
342.869 60.00 60.1800 6.5 -0.180 -0.364
342.921 60.00 60.1500 7.4 -0.147 -0.254
342.971 60.00 59.9400 12.7 0.055 0.401
343.020 60.00 60.0800 9.1 -0.080 -0.037
343.070 60.00 60.1800 6.5 -0.180 -0.364
343.120 60.00 60.1100 8.3 -0.113 -0.145
343.171 60.00 60.1500 7.4 -0.147 -0.255
343.220 60.00 60.0400 10.0 -0.046 0.073
343.271 60.00 60.1100 8.3 -0.113 -0.145
343.320 60.00 60.1100 8.3 -0.113 -0.145
343.369 60.00 60.1100 8.3 -0.113 -0.145
343.419 60.00 60.2100 5.6 -0.214 -0.471
343.469 60.00 60.1500 7.4 -0.147 -0.252
343.520 60.00 60.1500 7.4 -0.147 -0.252
343.570 60.00 60.1800 6.5 -0.180 -0.360
343.619 60.00 60.1800 6.5 -0.180 -0.358
343.669 60.00 60.0100 11.0 -0.013 0.187
343.719 60.00 60.1800 6.5 -0.180 -0.359
343.770 60.00 60.1800 6.5 -0.180 -0.357
343.819 60.00 60.1500 7.4 -0.147 -0.248
343.869 60.00 60.0800 9.2 -0.080 -0.029
343.920 60.00 60.1800 6.5 -0.180 -0.356
343.969 60.00 60.1500 7.4 -0.147 -0.246
344.019 60.00 60.1800 6.5 -0.180 -0.354
344.070 60.00 60.0800 9.2 -0.080 -0.026
344.119 60.00 60.0400 10.1 -0.046 0.082
344.169 60.00 60.1500 7.4 -0.147 -0.246
344.219 60.00 60.1100 8.3 -0.113 -0.136
344.270 60.00 60.1800 6.5 -0.180 -0.354
344.320 60.00 60.1500 7.4 -0.147 -0.244
344.368 60.00 60.1500 7.4 -0.147 -0.243
344.419 60.00 60.1100 8.3 -0.113 -0.133
344.470 60.00 60.0800 9.2 -0.080 -0.024
344.520 60.00 60.1800 6.6 -0.180 -0.352
344.570 60.00 60.1500 7.5 -0.147 -0.242
344.618 60.00 60.1500 7.5 -0.147 -0.241
344.670 60.00 59.7800 17.3 0.222 0.959
344.720 60.00 60.1800 6.5 -0.180 -0.354
344.770 60.00 60.1800 6.5 -0.180 -0.353
344.819 60.00 60.1500 7.4 -0.147 -0.243
344.868 60.00 60.1800 6.6 -0.180 -0.351
344.919 60.00 60.1500 7.5 -0.147 -0.242
344.969 60.00 60.1500 7.5 -0.147 -0.241
345.018 60.00 60.1500 7.5 -0.147 -0.240
345.069 60.00 60.1500 7.5 -0.147 -0.240
345.118 60.00 60.2100 5.7 -0.214 -0.457
345.169 60.00 60.1500 7.5 -0.147 -0.238
345.218 60.00 60.1100 8.4 -0.113 -0.128
345.268 60.00 60.1500 7.5 -0.147 -0.237
345.319 60.00 60.2500 4.8 -0.247 -0.562
345.368 60.00 60.1500 7.5 -0.147 -0.234
345.419 60.00 60.0400 10.2 -0.046 0.093
345.468 60.00 60.1500 7.5 -0.147 -0.235
345.518 60.00 60.0400 10.2 -0.046 0.093
345.569 60.00 59.9400 12.8 0.055 0.419
345.618 60.00 60.0800 9.3 -0.080 -0.019
345.668 60.00 60.1500 7.5 -0.147 -0.238
345.718 60.00 60.1500 7.5 -0.147 -0.237
345.769 60.00 60.1800 6.6 -0.180 -0.345
345.819 60.00 60.0800 9.3 -0.080 -0.017
345.868 60.00 60.1800 6.6 -0.180 -0.345
345.918 60.00 60.1800 6.6 -0.180 -0.343
345.969 60.00 60.1500 7.5 -0.147 -0.234
346.019 60.00 60.2100 5.7 -0.214 -0.451
346.069 60.00 60.0400 10.2 -0.046 0.095
346.118 60.00 60.1800 6.6 -0.180 -0.341
346.169 60.00 60.1100 8.4 -0.113 -0.122
346.219 60.00 60.1100 8.4 -0.113 -0.122
346.268 60.00 60.1800 6.6 -0.180 -0.340
346.317 60.00 60.1500 7.5 -0.147 -0.231
346.368 60.00 60.1800 6.7 -0.180 -0.339
346.417 60.00 60.2500 4.9 -0.247 -0.555
346.467 60.00 60.1100 8.4 -0.113 -0.118
346.517 60.00 60.1500 7.6 -0.147 -0.227
346.568 60.00 60.1100 8.5 -0.113 -0.117
346.618 60.00 60.1500 7.6 -0.147 -0.227
346.667 60.00 60.1500 7.6 -0.147 -0.226
346.717 60.00 60.1800 6.7 -0.180 -0.334
346.768 60.00 60.1800 6.7 -0.180 -0.333
346.818 60.00 60.1500 7.6 -0.147 -0.224
346.868 60.00 60.1100 8.5 -0.113 -0.114
346.917 60.00 60.1500 7.6 -0.147 -0.223
346.967 60.00 60.1800 6.7 -0.180 -0.331
347.018 60.00 60.2100 5.8 -0.214 -0.439
347.068 60.00 60.2500 5.0 -0.247 -0.546
347.118 60.00 60.1800 6.7 -0.180 -0.327
347.167 60.00 60.1500 7.6 -0.147 -0.218
347.218 60.00 60.1800 6.8 -0.180 -0.326
347.268 60.00 60.1100 8.5 -0.113 -0.107
347.318 60.00 60.1800 6.8 -0.180 -0.325
347.367 60.00 60.1500 7.7 -0.147 -0.215
347.417 60.00 60.2100 5.9 -0.214 -0.432
347.468 60.00 60.1100 8.6 -0.113 -0.104
347.518 60.00 60.1500 7.7 -0.147 -0.214
347.567 60.00 60.0800 9.4 -0.080 0.005
347.617 60.00 60.1800 6.8 -0.180 -0.322
347.667 60.00 60.1500 7.7 -0.147 -0.213
347.718 60.00 60.1800 6.8 -0.180 -0.321
347.767 60.00 60.1800 6.8 -0.180 -0.320
347.817 60.00 60.1100 8.6 -0.113 -0.101
347.868 60.00 60.1500 7.7 -0.147 -0.211
347.916 60.00 60.0400 10.3 -0.046 0.116
347.966 60.00 60.1500 7.7 -0.147 -0.211
348.016 60.00 59.9800 12.1 0.021 0.335
348.067 60.00 60.2500 5.0 -0.247 -0.538
348.117 60.00 60.1800 6.8 -0.180 -0.320
348.165 60.00 60.1800 6.8 -0.180 -0.319
348.216 60.00 60.0400 10.4 -0.046 0.117
348.267 60.00 60.1800 6.8 -0.180 -0.319
348.317 60.00 60.1100 8.6 -0.113 -0.100
348.366 60.00 60.1800 6.8 -0.180 -0.318
348.415 60.00 60.1500 7.7 -0.147 -0.209
348.467 60.00 60.0800 9.5 -0.080 0.010
348.517 60.00 60.1500 7.7 -0.147 -0.209
348.566 60.00 60.1100 8.6 -0.113 -0.099
348.616 60.00 60.1500 7.7 -0.147 -0.209
348.666 60.00 60.1500 7.7 -0.147 -0.208
348.717 60.00 60.1800 6.8 -0.180 -0.316
348.766 60.00 60.1100 8.6 -0.113 -0.098
348.816 60.00 60.1500 7.7 -0.147 -0.207
348.867 60.00 60.1500 7.7 -0.147 -0.207
348.916 60.00 60.2500 5.0 -0.247 -0.532
348.966 60.00 60.1500 7.7 -0.147 -0.205
349.016 60.00 60.2500 5.1 -0.247 -0.530
349.067 60.00 60.1800 6.8 -0.180 -0.311
349.117 60.00 60.1500 7.7 -0.147 -0.202
349.166 60.00 60.1500 7.8 -0.147 -0.201
349.216 60.00 60.1100 8.6 -0.113 -0.092
349.267 60.00 60.1100 8.6 -0.113 -0.092
349.317 60.00 60.0800 9.5 -0.080 0.017
349.367 60.00 60.1100 8.6 -0.113 -0.092
349.415 60.00 60.1500 7.7 -0.147 -0.202
349.466 60.00 60.1500 7.7 -0.147 -0.202
349.516 60.00 60.1500 7.7 -0.147 -0.201
349.565 60.00 59.9800 12.2 0.021 0.345
349.615 60.00 60.1500 7.7 -0.147 -0.203
349.665 60.00 60.1500 7.7 -0.147 -0.203
349.716 60.00 60.1500 7.7 -0.147 -0.202
349.765 60.00 60.1100 8.6 -0.113 -0.093
349.815 60.00 60.1800 6.8 -0.180 -0.311
349.866 60.00 60.2100 6.0 -0.214 -0.419
349.915 60.00 60.0800 9.5 -0.080 0.018
349.966 60.00 60.0400 10.4 -0.046 0.126
350.015 60.00 60.1500 7.7 -0.147 -0.202
350.066 60.00 60.1500 7.7 -0.147 -0.201
350.116 60.00 60.2100 6.0 -0.214 -0.418
350.165 60.00 60.2100 6.0 -0.214 -0.417
350.215 60.00 60.1500 7.8 -0.147 -0.198
350.265 60.00 60.1500 7.8 -0.147 -0.198
350.316 60.00 60.1100 8.7 -0.113 -0.088
350.366 60.00 60.1100 8.7 -0.113 -0.089
350.415 60.00 60.1800 6.9 -0.180 -0.307
350.465 60.00 60.1800 6.9 -0.180 -0.306
350.516 60.00 60.1500 7.8 -0.147 -0.197
350.566 60.00 60.1500 7.8 -0.147 -0.196
350.616 60.00 60.1500 7.8 -0.147 -0.196
350.664 60.00 60.1500 7.8 -0.147 -0.196
350.715 60.00 60.0800 9.6 -0.080 0.023
350.766 60.00 60.1800 6.9 -0.180 -0.304
350.816 60.00 60.1100 8.7 -0.113 -0.086
350.865 60.00 60.1500 7.8 -0.147 -0.195
350.914 60.00 60.2100 6.0 -0.214 -0.412
350.965 60.00 60.1100 8.7 -0.113 -0.084
351.015 60.00 60.1800 6.9 -0.180 -0.302
351.064 60.00 60.0800 9.6 -0.080 0.025
351.114 60.00 60.1800 6.9 -0.180 -0.302
351.164 60.00 60.0800 9.6 -0.080 0.025
351.215 60.00 60.1800 6.9 -0.180 -0.302
351.264 60.00 60.1500 7.8 -0.147 -0.193
351.314 60.00 60.0800 9.6 -0.080 0.026
351.365 60.00 60.0800 9.6 -0.080 0.025
351.414 60.00 60.1100 8.7 -0.113 -0.085
351.465 60.00 60.1800 6.9 -0.180 -0.303
351.514 60.00 60.0100 11.4 -0.013 0.242
351.565 60.00 60.1500 7.8 -0.147 -0.195
351.615 60.00 60.0800 9.6 -0.080 0.024
351.664 60.00 60.1500 7.8 -0.147 -0.195
351.714 60.00 60.1500 7.8 -0.147 -0.195
351.764 60.00 60.1800 6.9 -0.180 -0.303
351.815 60.00 60.2800 4.2 -0.281 -0.629
351.865 60.00 60.0100 11.4 -0.013 0.244
351.913 60.00 60.1500 7.8 -0.147 -0.193
351.964 60.00 60.1800 6.9 -0.180 -0.302
352.015 60.00 60.0800 9.6 -0.080 0.026
352.065 60.00 60.0800 9.6 -0.080 0.025
352.115 60.00 60.1500 7.8 -0.147 -0.194
352.163 60.00 60.1800 6.9 -0.180 -0.302
352.214 60.00 60.1500 7.8 -0.147 -0.193
352.265 60.00 60.0800 9.6 -0.080 0.026
352.315 60.00 60.1800 6.9 -0.180 -0.302
352.364 60.00 60.0800 9.6 -0.080 0.026
352.413 60.00 60.1500 7.8 -0.147 -0.193
352.465 60.00 60.1500 7.8 -0.147 -0.193
352.515 60.00 60.1500 7.8 -0.147 -0.192
352.564 60.00 60.1500 7.8 -0.147 -0.192
352.613 60.00 60.1800 6.9 -0.180 -0.300
352.663 60.00 60.0800 9.6 -0.080 0.027
352.714 60.00 60.1500 7.8 -0.147 -0.192
352.763 60.00 60.1500 7.8 -0.147 -0.191
352.813 60.00 60.1500 7.8 -0.147 -0.191
352.864 60.00 60.1800 6.9 -0.180 -0.299
352.913 60.00 60.0100 11.4 -0.013 0.246
352.963 60.00 60.1500 7.8 -0.147 -0.192
353.013 60.00 60.0400 10.5 -0.046 0.135
353.064 60.00 60.1800 6.9 -0.180 -0.301
353.114 60.00 60.1500 7.8 -0.147 -0.192
353.163 60.00 60.1800 6.9 -0.180 -0.300
353.213 60.00 60.1100 8.7 -0.113 -0.081
353.264 60.00 60.0400 10.5 -0.046 0.136
353.314 60.00 60.1100 8.7 -0.113 -0.083
353.363 60.00 60.2500 5.1 -0.247 -0.518
353.412 60.00 60.1500 7.8 -0.147 -0.191
353.464 60.00 60.1100 8.7 -0.113 -0.081
353.514 60.00 60.1500 7.8 -0.147 -0.191
353.563 60.00 60.1500 7.8 -0.147 -0.190
353.613 60.00 60.1100 8.7 -0.113 -0.081
353.663 60.00 60.1100 8.7 -0.113 -0.081
353.714 60.00 60.1500 7.8 -0.147 -0.190
353.763 60.00 60.1500 7.8 -0.147 -0.190
353.813 60.00 60.1100 8.7 -0.113 -0.080
353.864 60.00 60.1100 8.7 -0.113 -0.081
353.913 60.00 60.1100 8.7 -0.113 -0.081
353.963 60.00 60.1500 7.8 -0.147 -0.190
354.014 60.00 60.1100 8.7 -0.113 -0.081
354.063 60.00 60.1800 6.9 -0.180 -0.299
354.113 60.00 60.2100 6.0 -0.214 -0.407
354.162 60.00 60.1500 7.8 -0.147 -0.188
354.212 60.00 60.2100 6.0 -0.214 -0.406
354.263 60.00 60.1100 8.7 -0.113 -0.078
354.313 60.00 60.1500 7.8 -0.147 -0.187
354.362 60.00 60.1800 6.9 -0.180 -0.295
354.411 60.00 60.1100 8.7 -0.113 -0.077
354.463 60.00 60.1800 7.0 -0.180 -0.295
354.513 60.00 60.0800 9.6 -0.080 0.033
354.562 60.00 60.1800 7.0 -0.180 -0.295
354.612 60.00 60.2100 6.1 -0.214 -0.403
354.662 60.00 60.1500 7.8 -0.147 -0.185
354.713 60.00 60.1800 7.0 -0.180 -0.293
354.762 60.00 60.1100 8.8 -0.113 -0.074
354.812 60.00 60.0800 9.6 -0.080 0.035
354.863 60.00 60.1800 7.0 -0.180 -0.293
354.912 60.00 60.1500 7.8 -0.147 -0.184
354.963 60.00 60.1100 8.8 -0.113 -0.074
355.012 60.00 60.0400 10.5 -0.046 0.143
355.063 60.00 60.0400 10.5 -0.046 0.142
355.113 60.00 60.1500 7.8 -0.147 -0.186
355.162 60.00 60.1100 8.7 -0.113 -0.077
355.212 60.00 60.1800 7.0 -0.180 -0.295
355.262 60.00 60.1500 7.8 -0.147 -0.185
355.313 60.00 60.2100 6.1 -0.214 -0.403
355.363 60.00 60.1500 7.8 -0.147 -0.184
355.411 60.00 60.0800 9.6 -0.080 0.035
355.462 60.00 60.0400 10.5 -0.046 0.142
355.513 60.00 60.1100 8.7 -0.113 -0.076
355.563 60.00 60.1100 8.7 -0.113 -0.077
355.612 60.00 60.1500 7.8 -0.147 -0.186
355.660 60.00 60.0800 9.6 -0.080 0.032
355.712 60.00 60.2100 6.0 -0.214 -0.404
355.762 60.00 60.1100 8.7 -0.113 -0.076
355.811 60.00 60.1100 8.7 -0.113 -0.076
355.861 60.00 60.0800 9.6 -0.080 0.032
355.911 60.00 60.1800 6.9 -0.180 -0.295
355.962 60.00 60.1800 6.9 -0.180 -0.294
356.011 60.00 60.0400 10.5 -0.046 0.142
356.061 60.00 60.1500 7.8 -0.147 -0.186
356.112 60.00 60.0800 9.6 -0.080 0.032
356.161 60.00 60.1800 6.9 -0.180 -0.295
356.211 60.00 60.0800 9.6 -0.080 0.032
356.261 60.00 60.2100 6.0 -0.214 -0.404
356.312 60.00 60.1500 7.8 -0.147 -0.186
356.362 60.00 60.0800 9.6 -0.080 0.033
356.410 60.00 60.1800 6.9 -0.180 -0.295
356.461 60.00 60.1100 8.7 -0.113 -0.076
356.512 60.00 60.0100 11.4 -0.013 0.250
356.561 60.00 60.0800 9.6 -0.080 0.031
356.612 60.00 60.0800 9.6 -0.080 0.030
356.661 60.00 60.1500 7.8 -0.147 -0.189
356.712 60.00 60.2100 6.0 -0.214 -0.406
356.761 60.00 60.2100 6.0 -0.214 -0.405
356.811 60.00 60.0800 9.6 -0.080 0.032
356.862 60.00 60.1500 7.8 -0.147 -0.187
356.911 60.00 60.0800 9.6 -0.080 0.032
356.961 60.00 60.0800 9.6 -0.080 0.031
357.011 60.00 60.1500 7.8 -0.147 -0.188
357.062 60.00 60.1500 7.8 -0.147 -0.188
357.111 60.00 60.0100 11.4 -0.013 0.249
357.160 60.00 60.1500 7.8 -0.147 -0.189
357.210 60.00 60.0400 10.5 -0.046 0.138
357.261 60.00 60.0800 9.6 -0.080 0.029
357.311 60.00 60.0800 9.6 -0.080 0.028
357.360 60.00 60.1100 8.7 -0.113 -0.082
357.409 60.00 60.1100 8.7 -0.113 -0.082
357.461 60.00 60.0400 10.4 -0.046 0.135
357.511 60.00 60.1500 7.8 -0.147 -0.193
357.560 60.00 59.9400 13.1 0.055 0.462
357.610 60.00 60.1100 8.7 -0.113 -0.086
357.660 60.00 60.1100 8.7 -0.113 -0.086
357.711 60.00 60.1500 7.8 -0.147 -0.195
357.760 60.00 60.1500 7.8 -0.147 -0.195
357.810 60.00 60.1100 8.7 -0.113 -0.085
357.861 60.00 60.1100 8.7 -0.113 -0.085
357.910 60.00 60.1800 6.9 -0.180 -0.304
357.960 60.00 60.0100 11.3 -0.013 0.242
358.010 60.00 60.1500 7.7 -0.147 -0.196
358.061 60.00 60.0800 9.5 -0.080 0.023
358.111 60.00 59.9800 12.2 0.021 0.350
358.160 60.00 60.1100 8.6 -0.113 -0.089
358.210 60.00 60.0100 11.3 -0.013 0.237
358.261 60.00 60.1100 8.6 -0.113 -0.091
358.311 60.00 60.0800 9.5 -0.080 0.018
358.361 60.00 60.1500 7.7 -0.147 -0.201
358.409 60.00 60.1100 8.6 -0.113 -0.091
358.461 60.00 59.9800 12.2 0.021 0.345
358.511 60.00 60.0800 9.5 -0.080 0.016
358.561 60.00 60.1100 8.6 -0.113 -0.094
358.610 60.00 60.0100 11.2 -0.013 0.233
358.659 60.00 60.1500 7.7 -0.147 -0.205
358.710 60.00 60.1100 8.6 -0.113 -0.095
358.760 60.00 60.1500 7.7 -0.147 -0.205
358.809 60.00 60.0800 9.5 -0.080 0.014
358.860 60.00 60.1100 8.6 -0.113 -0.095
358.909 60.00 60.0400 10.3 -0.046 0.122
358.960 60.00 60.0400 10.3 -0.046 0.121
359.009 60.00 60.0800 9.4 -0.080 0.011
359.059 60.00 60.0400 10.3 -0.046 0.119
359.110 60.00 60.0800 9.4 -0.080 0.010
359.159 60.00 60.2100 5.9 -0.214 -0.427
359.209 60.00 60.1100 8.5 -0.113 -0.098
359.259 60.00 60.0400 10.3 -0.046 0.119
359.310 60.00 60.1500 7.6 -0.147 -0.209
359.360 60.00 60.1100 8.5 -0.113 -0.099
359.409 60.00 60.2100 5.9 -0.214 -0.426
359.460 60.00 60.0100 11.2 -0.013 0.229
359.510 60.00 60.1100 8.5 -0.113 -0.099
359.560 60.00 60.1500 7.6 -0.147 -0.209
359.609 60.00 60.0800 9.4 -0.080 0.010
359.659 60.00 60.1500 7.6 -0.147 -0.209
359.710 60.00 60.1100 8.5 -0.113 -0.099
359.759 60.00 60.0800 9.4 -0.080 0.010
359.809 60.00 60.0800 9.4 -0.080 0.009
359.860 60.00 60.1100 8.5 -0.113 -0.100
359.909 60.00 60.1500 7.6 -0.147 -0.210
359.960 60.00 60.0400 10.3 -0.046 0.117
360.009 60.00 60.1100 8.5 -0.113 -0.101
360.060 60.00 60.0800 9.4 -0.080 0.008
360.110 60.00 60.1100 8.5 -0.113 -0.102
360.159 60.00 60.2100 5.8 -0.214 -0.429
360.208 60.00 60.1500 7.6 -0.147 -0.210
360.258 60.00 60.1800 6.7 -0.180 -0.318
360.309 60.00 60.0800 9.4 -0.080 0.010
360.359 60.00 60.1100 8.5 -0.113 -0.100
360.408 60.00 60.1100 8.5 -0.113 -0.100
360.457 60.00 60.1100 8.5 -0.113 -0.100
360.509 60.00 60.0800 9.4 -0.080 0.009
360.559 60.00 60.0400 10.3 -0.046 0.117
360.608 60.00 60.1100 8.5 -0.113 -0.102
360.658 60.00 60.0800 9.4 -0.080 0.007
360.708 60.00 60.0800 9.4 -0.080 0.007
360.759 60.00 60.1500 7.6 -0.147 -0.212
360.808 60.00 60.0800 9.4 -0.080 0.007
360.858 60.00 60.1500 7.6 -0.147 -0.212
360.909 60.00 60.1100 8.5 -0.113 -0.102
360.958 60.00 60.1100 8.5 -0.113 -0.103
361.008 60.00 60.0800 9.4 -0.080 0.006
361.058 60.00 60.0800 9.4 -0.080 0.006
361.109 60.00 60.1100 8.5 -0.113 -0.104
361.159 60.00 60.0100 11.2 -0.013 0.223
361.208 60.00 60.0800 9.4 -0.080 0.004
361.258 60.00 60.1100 8.5 -0.113 -0.106
361.309 60.00 60.0400 10.2 -0.046 0.112
361.359 60.00 60.1500 7.6 -0.147 -0.216
361.408 60.00 60.0800 9.4 -0.080 0.003
361.457 60.00 60.1500 7.6 -0.147 -0.216
361.509 60.00 60.1800 6.7 -0.180 -0.324
361.559 60.00 60.0800 9.4 -0.080 0.003
361.608 60.00 60.1800 6.7 -0.180 -0.324
361.658 60.00 60.1800 6.7 -0.180 -0.323
361.708 60.00 60.1500 7.6 -0.147 -0.214
361.758 60.00 60.0100 11.2 -0.013 0.223
361.807 60.00 60.1100 8.5 -0.113 -0.105
361.857 60.00 60.0800 9.4 -0.080 0.004
361.908 60.00 60.1100 8.5 -0.113 -0.106
361.957 60.00 60.1100 8.5 -0.113 -0.106
362.007 60.00 60.0100 11.1 -0.013 0.220
362.057 60.00 60.1500 7.6 -0.147 -0.217
362.108 60.00 60.1100 8.5 -0.113 -0.107
362.158 60.00 60.1100 8.5 -0.113 -0.107
362.206 60.00 60.0100 11.1 -0.013 0.219
362.257 60.00 60.1100 8.4 -0.113 -0.108
362.308 60.00 60.0800 9.3 -0.080 0.000
362.358 60.00 60.0800 9.3 -0.080 -0.000
362.407 60.00 60.1100 8.4 -0.113 -0.110
362.456 60.00 60.2100 5.8 -0.214 -0.436
362.508 60.00 60.0800 9.3 -0.080 0.001
362.558 60.00 60.0800 9.3 -0.080 0.000
362.607 60.00 60.1500 7.5 -0.147 -0.219
362.657 60.00 60.0800 9.3 -0.080 0.000
362.707 60.00 60.1100 8.4 -0.113 -0.109
362.758 60.00 60.1500 7.5 -0.147 -0.219
362.807 60.00 60.1800 6.7 -0.180 -0.327
362.857 60.00 60.0800 9.3 -0.080 0.001
362.908 60.00 60.0100 11.1 -0.013 0.218
362.957 60.00 60.0800 9.3 -0.080 -0.001
363.007 60.00 60.0800 9.3 -0.080 -0.001
363.058 60.00 60.1100 8.4 -0.113 -0.111
363.108 60.00 60.1100 8.4 -0.113 -0.111
363.158 60.00 60.1500 7.5 -0.147 -0.220
363.206 60.00 60.0400 10.2 -0.046 0.107
363.256 60.00 60.1500 7.5 -0.147 -0.221
363.307 60.00 60.1500 7.5 -0.147 -0.220
363.357 60.00 60.0800 9.3 -0.080 -0.001
363.406 60.00 60.0100 11.1 -0.013 0.216
363.455 60.00 60.0100 11.1 -0.013 0.214
363.507 60.00 60.0800 9.3 -0.080 -0.005
363.557 60.00 60.0800 9.3 -0.080 -0.005
363.606 60.00 60.0800 9.3 -0.080 -0.006
363.656 60.00 60.1100 8.4 -0.113 -0.115
363.706 60.00 60.1100 8.4 -0.113 -0.115
363.757 60.00 60.1100 8.4 -0.113 -0.115
363.806 60.00 60.1100 8.4 -0.113 -0.115
363.856 60.00 60.0800 9.3 -0.080 -0.006
363.907 60.00 60.0100 11.1 -0.013 0.211
363.956 60.00 60.1100 8.4 -0.113 -0.117
364.006 60.00 60.0800 9.3 -0.080 -0.008
364.056 60.00 60.1100 8.4 -0.113 -0.117
364.107 60.00 60.1100 8.4 -0.113 -0.117
364.157 60.00 60.0100 11.0 -0.013 0.209
364.206 60.00 60.0100 11.0 -0.013 0.208
364.256 60.00 60.1100 8.3 -0.113 -0.120
364.307 60.00 60.1100 8.3 -0.113 -0.120
364.357 60.00 60.0400 10.1 -0.046 0.098
364.406 60.00 60.1500 7.5 -0.147 -0.230
364.455 60.00 60.1100 8.3 -0.113 -0.120
364.507 60.00 60.0100 11.0 -0.013 0.206
364.557 60.00 60.1100 8.3 -0.113 -0.122
364.607 60.00 59.9800 11.9 0.021 0.315
364.656 60.00 60.1500 7.4 -0.147 -0.233
364.706 60.00 60.1500 7.4 -0.147 -0.232
364.756 60.00 60.1500 7.4 -0.147 -0.232
364.806 60.00 60.1800 6.5 -0.180 -0.340
364.855 60.00 60.1800 6.6 -0.180 -0.339
364.906 60.00 60.0400 10.1 -0.046 0.098
364.955 60.00 60.1800 6.6 -0.180 -0.339
365.006 60.00 60.1100 8.3 -0.113 -0.120
365.055 60.00 60.2100 5.7 -0.214 -0.447
365.106 60.00 60.0800 9.2 -0.080 -0.009
365.156 60.00 60.0400 10.1 -0.046 0.099
365.205 60.00 60.0400 10.1 -0.046 0.098
365.255 60.00 60.1100 8.3 -0.113 -0.121
365.306 60.00 60.0800 9.2 -0.080 -0.011
365.356 60.00 60.1100 8.3 -0.113 -0.121
365.406 60.00 60.1500 7.4 -0.147 -0.230
365.454 60.00 60.1500 7.5 -0.147 -0.230
365.505 60.00 60.0800 9.2 -0.080 -0.011
365.556 60.00 60.1500 7.5 -0.147 -0.230
365.606 60.00 60.1800 6.6 -0.180 -0.338
365.655 60.00 60.1100 8.3 -0.113 -0.119
365.704 60.00 60.1800 6.6 -0.180 -0.337
365.756 60.00 60.1100 8.4 -0.113 -0.118
365.806 60.00 60.1100 8.4 -0.113 -0.118
365.855 60.00 60.1800 6.6 -0.180 -0.336
365.905 60.00 60.1100 8.4 -0.113 -0.117
365.955 60.00 60.1800 6.6 -0.180 -0.335
366.006 60.00 60.1500 7.5 -0.147 -0.225
366.055 60.00 59.9800 11.9 0.021 0.321
366.105 60.00 60.0800 9.2 -0.080 -0.008
366.156 60.00 60.1500 7.5 -0.147 -0.227
366.205 60.00 60.1100 8.4 -0.113 -0.117
366.256 60.00 59.9800 11.9 0.021 0.319
366.305 60.00 60.0100 11.0 -0.013 0.208
366.355 60.00 60.1100 8.3 -0.113 -0.120
366.405 60.00 60.1500 7.4 -0.147 -0.230
366.454 60.00 60.0800 9.2 -0.080 -0.011
366.504 60.00 60.0400 10.1 -0.046 0.097
366.555 60.00 60.1500 7.4 -0.147 -0.230
366.605 60.00 60.0800 9.2 -0.080 -0.012
366.655 60.00 60.0400 10.1 -0.046 0.097
366.703 60.00 60.0100 11.0 -0.013 0.205
366.755 60.00 60.2100 5.6 -0.214 -0.450
366.805 60.00 60.0100 11.0 -0.013 0.205
366.854 60.00 60.0800 9.2 -0.080 -0.014
366.904 60.00 60.1500 7.4 -0.147 -0.233
366.954 60.00 60.0800 9.2 -0.080 -0.014
367.005 60.00 60.0800 9.2 -0.080 -0.014
367.054 60.00 59.6100 21.7 0.391 1.513
367.104 60.00 60.1500 7.4 -0.147 -0.240
367.155 60.00 60.1100 8.3 -0.113 -0.130
367.204 60.00 60.0800 9.2 -0.080 -0.021
367.255 60.00 60.1100 8.3 -0.113 -0.130
367.304 60.00 60.0100 10.9 -0.013 0.196
367.355 60.00 60.0400 10.0 -0.046 0.086
367.405 60.00 60.0800 9.1 -0.080 -0.023
367.454 60.00 60.1500 7.3 -0.147 -0.242
367.504 60.00 60.0800 9.1 -0.080 -0.023
367.555 60.00 60.0800 9.1 -0.080 -0.024
367.605 60.00 60.1100 8.2 -0.113 -0.133
367.655 60.00 60.0800 9.1 -0.080 -0.024
367.703 60.00 60.0800 9.1 -0.080 -0.024
367.755 60.00 60.0800 9.1 -0.080 -0.024
367.805 60.00 60.0400 10.0 -0.046 0.084
367.854 60.00 60.2100 5.5 -0.214 -0.461
367.903 60.00 60.1500 7.3 -0.147 -0.242
367.953 60.00 60.1100 8.2 -0.113 -0.132
368.004 60.00 60.0800 9.1 -0.080 -0.023
368.054 60.00 60.1100 8.2 -0.113 -0.133
368.103 60.00 60.1100 8.2 -0.113 -0.133
368.154 60.00 60.1500 7.3 -0.147 -0.242
368.203 60.00 60.0800 9.1 -0.080 -0.023
368.254 60.00 60.1500 7.3 -0.147 -0.242
368.303 60.00 60.1100 8.2 -0.113 -0.132
368.353 60.00 60.0800 9.1 -0.080 -0.023
368.404 60.00 60.1100 8.2 -0.113 -0.132
368.453 60.00 60.1100 8.2 -0.113 -0.132
368.503 60.00 60.1500 7.3 -0.147 -0.241
368.553 60.00 60.1800 6.5 -0.180 -0.349
368.604 60.00 60.1500 7.4 -0.147 -0.239
368.654 60.00 60.1100 8.3 -0.113 -0.129
368.703 60.00 60.0800 9.2 -0.080 -0.020
368.753 60.00 60.1500 7.4 -0.147 -0.239
368.804 60.00 60.0800 9.2 -0.080 -0.020
368.854 60.00 60.1100 8.3 -0.113 -0.129
368.904 60.00 60.1500 7.4 -0.147 -0.239
368.952 60.00 60.0400 10.0 -0.046 0.089
369.004 60.00 59.9100 13.6 0.088 0.524
369.054 60.00 60.1500 7.3 -0.147 -0.242
369.104 60.00 60.1500 7.3 -0.147 -0.241
369.153 60.00 60.1100 8.2 -0.113 -0.131
369.203 60.00 60.2100 5.6 -0.214 -0.458
369.253 60.00 60.1500 7.4 -0.147 -0.239
369.303 60.00 60.0800 9.2 -0.080 -0.020
369.354 60.00 60.1100 8.3 -0.113 -0.129
369.403 60.00 60.0800 9.2 -0.080 -0.020
369.451 60.00 60.0400 10.0 -0.046 0.088
369.502 60.00 60.1800 6.5 -0.180 -0.348
369.553 60.00 60.2100 5.6 -0.214 -0.456
369.603 60.00 60.1100 8.3 -0.113 -0.128
369.652 60.00 60.1100 8.3 -0.113 -0.128
369.701 60.00 60.1800 6.5 -0.180 -0.346
369.753 60.00 60.0800 9.2 -0.080 -0.018
369.803 60.00 60.1800 6.5 -0.180 -0.345
369.852 60.00 60.1100 8.3 -0.113 -0.126
369.902 60.00 60.1500 7.4 -0.147 -0.235
369.952 60.00 60.1100 8.3 -0.113 -0.125
370.003 60.00 60.0100 10.9 -0.013 0.201
370.052 60.00 60.0400 10.1 -0.046 0.091
370.102 60.00 60.0400 10.0 -0.046 0.090
370.153 60.00 60.1100 8.3 -0.113 -0.128
370.202 60.00 59.8400 15.4 0.155 0.744
370.252 60.00 60.1500 7.3 -0.147 -0.241
370.302 60.00 60.1500 7.3 -0.147 -0.241
370.353 60.00 60.0800 9.1 -0.080 -0.022
370.403 60.00 60.0100 10.9 -0.013 0.195
370.451 60.00 60.0800 9.1 -0.080 -0.023
370.502 60.00 60.1100 8.2 -0.113 -0.133
370.553 60.00 60.2500 4.7 -0.247 -0.567
370.603 60.00 60.1800 6.5 -0.180 -0.349
370.652 60.00 60.1100 8.2 -0.113 -0.130
370.701 60.00 60.1800 6.5 -0.180 -0.347
370.753 60.00 60.1500 7.4 -0.147 -0.238
370.803 60.00 60.1800 6.5 -0.180 -0.346
370.852 60.00 60.1100 8.3 -0.113 -0.127
370.901 60.00 60.1500 7.4 -0.147 -0.236
370.951 60.00 60.1100 8.3 -0.113 -0.126
371.002 60.00 60.1800 6.5 -0.180 -0.344
371.051 60.00 60.0800 9.2 -0.080 -0.016
371.101 60.00 60.1500 7.4 -0.147 -0.235
371.152 60.00 60.1100 8.3 -0.113 -0.125
371.201 60.00 60.1800 6.5 -0.180 -0.343
371.252 60.00 60.0800 9.2 -0.080 -0.015
371.301 60.00 60.1500 7.4 -0.147 -0.234
371.352 60.00 60.1100 8.3 -0.113 -0.124
371.402 60.00 60.0100 11.0 -0.013 0.203
371.451 60.00 60.0800 9.2 -0.080 -0.016
371.501 60.00 60.0800 9.2 -0.080 -0.016
371.552 60.00 60.0800 9.2 -0.080 -0.017
371.602 60.00 60.1800 6.5 -0.180 -0.344
371.652 60.00 60.1500 7.4 -0.147 -0.235
371.701 60.00 60.1500 7.4 -0.147 -0.234
371.752 60.00 60.1100 8.3 -0.113 -0.124
371.802 60.00 60.1500 7.4 -0.147 -0.233
371.852 60.00 60.0100 11.0 -0.013 0.203
371.901 60.00 60.0400 10.1 -0.046 0.093
371.951 60.00 60.1800 6.5 -0.180 -0.344
372.002 60.00 60.0800 9.2 -0.080 -0.016
372.051 60.00 60.0800 9.2 -0.080 -0.016
372.101 60.00 60.1100 8.3 -0.113 -0.125
372.152 60.00 60.1100 8.3 -0.113 -0.125
372.201 60.00 60.1500 7.4 -0.147 -0.235
372.251 60.00 60.1500 7.4 -0.147 -0.234
372.301 60.00 60.1500 7.4 -0.147 -0.234
372.352 60.00 60.1100 8.3 -0.113 -0.124
372.401 60.00 60.0800 9.2 -0.080 -0.015
372.451 60.00 59.9800 11.8 0.021 0.312
372.500 60.00 60.1100 8.3 -0.113 -0.126
372.551 60.00 60.0100 10.9 -0.013 0.201
372.601 60.00 60.1100 8.3 -0.113 -0.127
372.650 60.00 60.1800 6.5 -0.180 -0.345
372.700 60.00 60.0100 10.9 -0.013 0.200
372.750 60.00 60.0800 9.2 -0.080 -0.018
372.801 60.00 60.1100 8.2 -0.113 -0.128
372.850 60.00 60.0800 9.2 -0.080 -0.019
372.900 60.00 60.1100 8.2 -0.113 -0.128
372.951 60.00 60.1100 8.2 -0.113 -0.128
373.000 60.00 60.0800 9.1 -0.080 -0.019
373.050 60.00 60.1100 8.2 -0.113 -0.128
373.100 60.00 60.1100 8.2 -0.113 -0.128
373.151 60.00 60.0100 10.9 -0.013 0.198
373.201 60.00 60.1800 6.5 -0.180 -0.347
373.250 60.00 60.1800 6.5 -0.180 -0.346
373.300 60.00 60.1100 8.3 -0.113 -0.127
373.351 60.00 60.2100 5.6 -0.214 -0.454
373.401 60.00 60.0400 10.1 -0.046 0.092
373.450 60.00 60.0800 9.2 -0.080 -0.017
373.499 60.00 60.1500 7.4 -0.147 -0.236
373.551 60.00 60.0800 9.2 -0.080 -0.017
373.601 60.00 60.1800 6.5 -0.180 -0.345
373.650 60.00 60.0800 9.2 -0.080 -0.017
373.700 60.00 60.1800 6.5 -0.180 -0.344
373.750 60.00 60.0100 10.9 -0.013 0.201
373.801 60.00 60.1100 8.3 -0.113 -0.126
373.850 60.00 60.1100 8.3 -0.113 -0.126
373.900 60.00 60.0800 9.2 -0.080 -0.017
373.951 60.00 60.1100 8.3 -0.113 -0.127
373.999 60.00 60.1500 7.4 -0.147 -0.236
374.050 60.00 60.1100 8.3 -0.113 -0.126
374.099 60.00 60.0400 10.0 -0.046 0.092
374.150 60.00 60.1100 8.3 -0.113 -0.127
374.200 60.00 60.1500 7.4 -0.147 -0.236
374.249 60.00 60.0100 10.9 -0.013 0.200
374.299 60.00 60.1500 7.4 -0.147 -0.237
374.350 60.00 60.0800 9.1 -0.080 -0.018
374.400 60.00 60.1500 7.4 -0.147 -0.237
374.450 60.00 60.1100 8.2 -0.113 -0.127
374.498 60.00 60.1100 8.3 -0.113 -0.127
374.549 60.00 60.0400 10.0 -0.046 0.091
374.600 60.00 60.0400 10.0 -0.046 0.090
374.650 60.00 60.1800 6.5 -0.180 -0.346
374.699 60.00 60.1500 7.4 -0.147 -0.237
374.748 60.00 60.1100 8.2 -0.113 -0.127
374.800 60.00 60.1500 7.4 -0.147 -0.236
374.850 60.00 60.0800 9.2 -0.080 -0.017
374.899 60.00 60.0800 9.2 -0.080 -0.017
374.949 60.00 60.2100 5.6 -0.214 -0.454
374.999 60.00 60.1100 8.3 -0.113 -0.125
375.050 60.00 60.1100 8.3 -0.113 -0.125
375.099 60.00 60.0100 10.9 -0.013 0.201
375.149 60.00 60.1100 8.2 -0.113 -0.126
375.200 60.00 60.0400 10.0 -0.046 0.091
375.249 60.00 60.0800 9.1 -0.080 -0.018
375.299 60.00 60.1800 6.5 -0.180 -0.346
375.350 60.00 60.1500 7.4 -0.147 -0.236
375.400 60.00 60.1800 6.5 -0.180 -0.344
375.450 60.00 60.1500 7.4 -0.147 -0.234
375.498 60.00 60.1500 7.4 -0.147 -0.234
375.548 60.00 60.1500 7.4 -0.147 -0.233
375.599 60.00 60.0800 9.2 -0.080 -0.014
375.649 60.00 60.0800 9.2 -0.080 -0.015
375.698 60.00 60.1100 8.3 -0.113 -0.124
375.747 60.00 60.1100 8.3 -0.113 -0.124
375.799 60.00 60.0400 10.1 -0.046 0.093
375.849 60.00 60.0800 9.2 -0.080 -0.016
375.898 60.00 60.1100 8.3 -0.113 -0.125
375.949 60.00 60.1100 8.3 -0.113 -0.125
375.998 60.00 60.1100 8.3 -0.113 -0.125
376.049 60.00 60.1500 7.4 -0.147 -0.234
376.098 60.00 60.0400 10.0 -0.046 0.093
376.148 60.00 60.1500 7.4 -0.147 -0.235
376.199 60.00 60.1100 8.3 -0.113 -0.125
376.248 60.00 60.0800 9.2 -0.080 -0.016
376.298 60.00 60.0800 9.2 -0.080 -0.016
376.348 60.00 59.9400 12.7 0.055 0.419
376.399 60.00 60.1500 7.3 -0.147 -0.237
376.449 60.00 60.1100 8.2 -0.113 -0.127
376.497 60.00 60.1100 8.2 -0.113 -0.127
376.548 60.00 60.0800 9.1 -0.080 -0.018
376.599 60.00 60.1500 7.3 -0.147 -0.237
376.649 60.00 60.1500 7.3 -0.147 -0.236
376.698 60.00 60.1100 8.2 -0.113 -0.126
376.747 60.00 60.0400 10.0 -0.046 0.091
376.799 60.00 60.1100 8.2 -0.113 -0.127
376.849 60.00 60.0800 9.1 -0.080 -0.018
376.898 60.00 60.0400 10.0 -0.046 0.090
376.948 60.00 60.0800 9.1 -0.080 -0.019
376.998 60.00 60.1800 6.5 -0.180 -0.347
377.048 60.00 60.0800 9.1 -0.080 -0.019
377.098 60.00 60.0800 9.1 -0.080 -0.019
377.147 60.00 60.1500 7.3 -0.147 -0.238
377.198 60.00 60.1100 8.2 -0.113 -0.128
377.247 60.00 60.0800 9.1 -0.080 -0.019
377.298 60.00 59.9800 11.8 0.021 0.308
377.347 60.00 60.0800 9.1 -0.080 -0.021
377.398 60.00 60.1100 8.2 -0.113 -0.130
377.448 60.00 60.0800 9.1 -0.080 -0.021
377.497 60.00 60.1100 8.2 -0.113 -0.131
377.547 60.00 60.0800 9.1 -0.080 -0.021
377.597 60.00 60.0400 10.0 -0.046 0.087
377.648 60.00 60.1100 8.2 -0.113 -0.132
377.698 60.00 60.1100 8.2 -0.113 -0.131
377.746 60.00 59.9800 11.8 0.021 0.305
377.797 60.00 60.1100 8.2 -0.113 -0.133
377.848 60.00 60.0400 10.0 -0.046 0.084
377.898 60.00 60.1500 7.3 -0.147 -0.243
377.947 60.00 60.1500 7.3 -0.147 -0.243
377.996 60.00 60.1100 8.2 -0.113 -0.133
378.048 60.00 60.0800 9.1 -0.080 -0.024
378.098 60.00 60.1500 7.3 -0.147 -0.242
378.147 60.00 60.1100 8.2 -0.113 -0.132
378.197 60.00 60.0400 10.0 -0.046 0.085
378.247 60.00 60.0800 9.1 -0.080 -0.024
378.298 60.00 60.1100 8.2 -0.113 -0.133
378.347 60.00 59.9400 12.6 0.055 0.412
378.397 60.00 60.1100 8.2 -0.113 -0.135
378.448 60.00 60.1100 8.2 -0.113 -0.135
378.497 60.00 60.0400 9.9 -0.046 0.082
378.546 60.00 60.1500 7.3 -0.147 -0.245
378.596 60.00 60.0400 9.9 -0.046 0.082
378.647 60.00 60.0800 9.1 -0.080 -0.027
378.697 60.00 60.0800 9.1 -0.080 -0.027
378.745 60.00 60.1500 7.3 -0.147 -0.246
378.796 60.00 60.1100 8.2 -0.113 -0.136
378.847 60.00 60.0800 9.1 -0.080 -0.027
378.897 60.00 60.0800 9.1 -0.080 -0.027
378.946 60.00 60.1100 8.2 -0.113 -0.137
378.996 60.00 60.1100 8.2 -0.113 -0.137
379.047 60.00 60.1100 8.2 -0.113 -0.136
379.097 60.00 60.0400 9.9 -0.046 0.081
379.146 60.00 60.1100 8.2 -0.113 -0.137
379.197 60.00 60.1100 8.2 -0.113 -0.137
379.246 60.00 60.0400 9.9 -0.046 0.081
379.297 60.00 60.1100 8.2 -0.113 -0.138
379.346 60.00 60.0800 9.0 -0.080 -0.028
379.397 60.00 60.0800 9.0 -0.080 -0.029
379.447 60.00 60.1100 8.2 -0.113 -0.138
379.496 60.00 60.0100 10.8 -0.013 0.189
379.546 60.00 60.0800 9.0 -0.080 -0.030
379.596 60.00 60.0400 9.9 -0.046 0.078
379.647 60.00 60.0800 9.0 -0.080 -0.031
379.697 60.00 60.0800 9.0 -0.080 -0.032
379.745 60.00 60.1100 8.1 -0.113 -0.141
379.796 60.00 60.0800 9.0 -0.080 -0.032
379.847 60.00 60.0400 9.9 -0.046 0.077
379.897 60.00 60.0400 9.9 -0.046 0.076
379.946 60.00 60.0800 9.0 -0.080 -0.033
379.995 60.00 60.1100 8.1 -0.113 -0.143
380.047 60.00 60.1100 8.1 -0.113 -0.143
380.097 60.00 60.0100 10.8 -0.013 0.184
380.146 60.00 60.0400 9.9 -0.046 0.074
380.195 60.00 60.1100 8.1 -0.113 -0.144
380.245 60.00 60.1100 8.1 -0.113 -0.144
380.296 60.00 60.2100 5.4 -0.214 -0.471
380.345 60.00 60.0800 9.0 -0.080 -0.033
380.395 60.00 60.0800 9.0 -0.080 -0.034
380.446 60.00 60.0800 9.0 -0.080 -0.034
380.495 60.00 60.0100 10.8 -0.013 0.183
380.545 60.00 60.0400 9.9 -0.046 0.073
380.595 60.00 60.0800 9.0 -0.080 -0.036
380.646 60.00 60.0800 9.0 -0.080 -0.036
380.696 60.00 60.0400 9.9 -0.046 0.072
380.745 60.00 60.0400 9.8 -0.046 0.071
380.795 60.00 60.0400 9.8 -0.046 0.070
380.846 60.00 60.0100 10.7 -0.013 0.178
380.896 60.00 60.0400 9.8 -0.046 0.068
380.946 60.00 60.0400 9.8 -0.046 0.068
380.994 60.00 60.1100 8.0 -0.113 -0.151
381.046 60.00 60.0800 8.9 -0.080 -0.041
381.096 60.00 60.0800 8.9 -0.080 -0.042
381.145 60.00 60.0400 9.8 -0.046 0.067
381.195 60.00 60.0100 10.7 -0.013 0.175
381.245 60.00 60.0100 10.7 -0.013 0.174
381.296 60.00 60.0800 8.9 -0.080 -0.045
381.345 60.00 60.0800 8.9 -0.080 -0.045
381.395 60.00 60.0100 10.7 -0.013 0.172
381.446 60.00 60.0800 8.9 -0.080 -0.046
381.495 60.00 60.0800 8.9 -0.080 -0.047
381.545 60.00 60.0800 8.9 -0.080 -0.047
381.595 60.00 60.0800 8.9 -0.080 -0.047
381.646 60.00 60.0800 8.9 -0.080 -0.047
381.695 60.00 60.0800 8.9 -0.080 -0.047
381.743 60.00 59.9400 12.4 0.055 0.388
381.794 60.00 60.0800 8.9 -0.080 -0.050
381.845 60.00 60.0400 9.8 -0.046 0.059
381.895 60.00 60.0400 9.8 -0.046 0.058
381.945 60.00 60.0100 10.6 -0.013 0.166
381.994 60.00 60.1100 8.0 -0.113 -0.161
382.045 60.00 60.0100 10.6 -0.013 0.165
382.094 60.00 60.0800 8.8 -0.080 -0.053
382.145 60.00 60.0400 9.7 -0.046 0.055
382.195 60.00 60.0800 8.8 -0.080 -0.054
382.244 60.00 60.1100 7.9 -0.113 -0.163
382.294 60.00 60.0100 10.6 -0.013 0.164
382.345 60.00 60.1100 7.9 -0.113 -0.164
382.395 60.00 60.0800 8.8 -0.080 -0.055
382.444 60.00 60.0800 8.8 -0.080 -0.055
382.493 60.00 60.0800 8.8 -0.080 -0.055
382.545 60.00 59.9800 11.5 0.021 0.272
382.595 60.00 60.0400 9.7 -0.046 0.052
382.644 60.00 60.0100 10.6 -0.013 0.160
382.694 60.00 60.0400 9.7 -0.046 0.050
382.744 60.00 60.0800 8.8 -0.080 -0.059
382.795 60.00 60.0100 10.6 -0.013 0.158
382.844 60.00 60.1100 7.9 -0.113 -0.169
382.894 60.00 60.0800 8.8 -0.080 -0.060
382.945 60.00 60.0100 10.6 -0.013 0.158
382.994 60.00 59.9400 12.3 0.055 0.375
383.044 60.00 60.1100 7.9 -0.113 -0.172
383.094 60.00 60.1100 7.9 -0.113 -0.172
383.145 60.00 60.0800 8.8 -0.080 -0.062
383.194 60.00 60.0400 9.7 -0.046 0.046
383.243 60.00 60.0800 8.8 -0.080 -0.063
383.293 60.00 60.0400 9.7 -0.046 0.045
383.343 60.00 60.1100 7.9 -0.113 -0.173
383.394 60.00 60.0100 10.5 -0.013 0.154
383.444 60.00 60.0400 9.6 -0.046 0.044
383.493 60.00 60.0400 9.6 -0.046 0.044
383.543 60.00 60.0100 10.5 -0.013 0.152
383.594 60.00 60.0800 8.7 -0.080 -0.066
383.644 60.00 60.1100 7.8 -0.113 -0.175
383.693 60.00 59.9400 12.3 0.055 0.370
383.743 60.00 60.0400 9.6 -0.046 0.040
383.794 60.00 59.8100 15.8 0.189 0.804
383.844 60.00 60.0100 10.5 -0.013 0.145
383.893 60.00 60.0800 8.7 -0.080 -0.073
383.944 60.00 60.0100 10.4 -0.013 0.144
383.993 60.00 60.0100 10.4 -0.013 0.143
384.043 60.00 60.0400 9.6 -0.046 0.033
384.093 60.00 60.0400 9.5 -0.046 0.033
384.144 60.00 60.0100 10.4 -0.013 0.141
384.194 60.00 60.1100 7.8 -0.113 -0.186
384.243 60.00 60.0800 8.7 -0.080 -0.077
384.293 60.00 60.0100 10.4 -0.013 0.140
384.344 60.00 60.0800 8.6 -0.080 -0.078
384.394 60.00 60.0100 10.4 -0.013 0.139
384.443 60.00 60.0800 8.6 -0.080 -0.079
384.493 60.00 60.0800 8.6 -0.080 -0.079
384.544 60.00 60.0400 9.5 -0.046 0.030
384.594 60.00 60.1100 7.7 -0.113 -0.188
384.643 60.00 60.0800 8.6 -0.080 -0.079
384.692 60.00 60.0800 8.6 -0.080 -0.079
384.743 60.00 60.0400 9.5 -0.046 0.030
384.792 60.00 60.0400 9.5 -0.046 0.029
384.842 60.00 60.0400 9.5 -0.046 0.029
384.892 60.00 60.0400 9.5 -0.046 0.028
384.943 60.00 59.6800 19.3 0.323 1.229
384.993 60.00 60.0100 10.3 -0.013 0.131
385.042 60.00 60.0800 8.6 -0.080 -0.087
385.092 60.00 60.0800 8.6 -0.080 -0.087
385.142 60.00 60.0100 10.3 -0.013 0.130
385.193 60.00 59.9800 11.2 0.021 0.239
385.243 60.00 60.0800 8.6 -0.080 -0.089
385.292 60.00 60.1500 6.8 -0.147 -0.308
385.342 60.00 60.0800 8.6 -0.080 -0.088
385.393 60.00 60.0400 9.4 -0.046 0.020
385.443 60.00 60.0400 9.4 -0.046 0.020
385.492 60.00 59.9800 11.2 0.021 0.238
385.541 60.00 60.1500 6.8 -0.147 -0.309
385.593 60.00 60.0800 8.6 -0.080 -0.090
385.643 60.00 60.0100 10.3 -0.013 0.128
385.692 60.00 60.2500 4.1 -0.247 -0.634
385.743 60.00 60.0400 9.4 -0.046 0.021
385.792 60.00 60.0100 10.3 -0.013 0.129
385.843 60.00 60.0100 10.3 -0.013 0.128
385.892 60.00 59.9100 13.0 0.088 0.455
385.943 60.00 60.0400 9.4 -0.046 0.016
385.993 60.00 59.9400 12.1 0.055 0.343
386.042 60.00 60.0100 10.3 -0.013 0.123
386.092 60.00 60.0100 10.3 -0.013 0.122
386.143 60.00 60.0100 10.3 -0.013 0.121
386.193 60.00 60.0100 10.3 -0.013 0.120
386.242 60.00 60.0100 10.3 -0.013 0.119
386.290 60.00 60.0400 9.4 -0.046 0.010
386.342 60.00 60.0400 9.4 -0.046 0.009
386.392 60.00 60.0400 9.4 -0.046 0.009
386.441 60.00 60.0400 9.3 -0.046 0.009
386.492 60.00 60.0100 10.2 -0.013 0.117
386.541 60.00 60.0400 9.3 -0.046 0.008
386.592 60.00 60.0400 9.3 -0.046 0.007
386.641 60.00 60.0800 8.4 -0.080 -0.102
386.692 60.00 60.0100 10.2 -0.013 0.116
386.742 60.00 60.0100 10.2 -0.013 0.115
386.791 60.00 60.0800 8.4 -0.080 -0.103
386.841 60.00 60.0100 10.2 -0.013 0.114
386.892 60.00 60.0400 9.3 -0.046 0.005
386.942 60.00 59.9800 11.1 0.021 0.223
386.991 60.00 59.9100 12.9 0.088 0.439
387.040 60.00 60.0100 10.2 -0.013 0.110
387.092 60.00 60.0100 10.2 -0.013 0.109
387.142 60.00 59.9800 11.1 0.021 0.218
387.191 60.00 60.0100 10.2 -0.013 0.107
387.241 60.00 60.0100 10.2 -0.013 0.106
387.291 60.00 60.0100 10.2 -0.013 0.106
387.342 60.00 60.1100 7.5 -0.113 -0.221
387.391 60.00 60.0400 9.3 -0.046 -0.003
387.441 60.00 60.0400 9.3 -0.046 -0.004
387.492 60.00 60.0400 9.2 -0.046 -0.004
387.541 60.00 60.0100 10.1 -0.013 0.105
387.591 60.00 60.0800 8.4 -0.080 -0.113
387.642 60.00 60.0100 10.1 -0.013 0.104
387.692 60.00 60.0100 10.1 -0.013 0.104
387.742 60.00 59.9800 11.0 0.021 0.213
387.790 60.00 60.0400 9.2 -0.046 -0.007
387.840 60.00 59.9400 11.9 0.055 0.320
387.891 60.00 60.0400 9.2 -0.046 -0.009
387.941 60.00 60.0100 10.1 -0.013 0.099
387.990 60.00 60.0100 10.1 -0.013 0.099
388.040 60.00 60.1500 6.5 -0.147 -0.338
388.091 60.00 60.0800 8.3 -0.080 -0.118
388.140 60.00 60.0400 9.2 -0.046 -0.009
388.190 60.00 59.9800 11.0 0.021 0.209
388.241 60.00 60.0400 9.2 -0.046 -0.011
388.290 60.00 59.9800 11.0 0.021 0.208
388.340 60.00 60.0800 8.3 -0.080 -0.121
388.390 60.00 60.0100 10.1 -0.013 0.097
388.441 60.00 59.9800 11.0 0.021 0.206
388.491 60.00 60.0100 10.1 -0.013 0.095
388.539 60.00 59.8100 15.4 0.189 0.749
388.590 60.00 60.0100 10.0 -0.013 0.091
388.641 60.00 59.9800 10.9 0.021 0.200
388.691 60.00 60.0400 9.1 -0.046 -0.020
388.740 60.00 60.0100 10.0 -0.013 0.089
388.789 60.00 59.9800 10.9 0.021 0.198
388.841 60.00 60.0100 10.0 -0.013 0.087
388.891 60.00 59.9800 10.9 0.021 0.197
388.940 60.00 60.0100 10.0 -0.013 0.086
388.990 60.00 60.0100 10.0 -0.013 0.085
389.040 60.00 59.9800 10.9 0.021 0.194
389.091 60.00 60.0400 9.1 -0.046 -0.026
389.140 60.00 60.0400 9.1 -0.046 -0.026
389.190 60.00 60.0100 10.0 -0.013 0.083
389.241 60.00 59.9800 10.9 0.021 0.192
389.290 60.00 60.0400 9.1 -0.046 -0.028
389.339 60.00 60.0100 10.0 -0.013 0.081
389.389 60.00 60.0100 9.9 -0.013 0.081
389.440 60.00 60.0100 9.9 -0.013 0.080
389.490 60.00 59.9800 10.8 0.021 0.189
389.538 60.00 59.9800 10.8 0.021 0.188
389.589 60.00 60.0800 8.2 -0.080 -0.140
389.640 60.00 60.0400 9.0 -0.046 -0.031
389.690 60.00 59.9100 12.6 0.088 0.405
389.739 60.00 60.0800 8.1 -0.080 -0.142
389.788 60.00 60.0100 9.9 -0.013 0.076
389.840 60.00 60.0400 9.0 -0.046 -0.033
389.890 60.00 59.9400 11.7 0.055 0.294
389.939 60.00 60.0100 9.9 -0.013 0.074
389.989 60.00 59.9400 11.7 0.055 0.292
390.039 60.00 60.0100 9.9 -0.013 0.072
390.090 60.00 59.9800 10.8 0.021 0.181
390.139 60.00 60.0100 9.9 -0.013 0.070
390.189 60.00 59.8400 14.3 0.155 0.615
390.240 60.00 59.9400 11.6 0.055 0.285
390.289 60.00 60.0100 9.8 -0.013 0.066
390.339 60.00 60.0100 9.8 -0.013 0.065
390.389 60.00 59.9800 10.7 0.021 0.175
390.440 60.00 60.0400 8.9 -0.046 -0.045
390.490 60.00 59.9800 10.7 0.021 0.174
390.538 60.00 60.0100 9.8 -0.013 0.063
390.589 60.00 59.9400 11.6 0.055 0.281
390.640 60.00 59.9400 11.6 0.055 0.279
390.690 60.00 59.9400 11.6 0.055 0.278
390.739 60.00 60.0100 9.8 -0.013 0.058
390.788 60.00 59.9800 10.7 0.021 0.168
390.840 60.00 60.0100 9.8 -0.013 0.057
390.890 60.00 60.0400 8.9 -0.046 -0.053
390.939 60.00 60.0100 9.8 -0.013 0.056
390.988 60.00 60.0100 9.8 -0.013 0.056
391.038 60.00 59.9800 10.7 0.021 0.165
391.089 60.00 59.9400 11.5 0.055 0.273
391.138 60.00 60.0400 8.8 -0.046 -0.056
391.188 60.00 59.9400 11.5 0.055 0.272
391.282 60.00 59.9400 11.5 0.055 0.270
391.332 60.00 59.9100 12.4 0.088 0.378
391.380 60.00 59.9800 10.6 0.021 0.159
0.051 59.91 59.9400 0.0 -0.033 -0.036
0.100 59.91 59.9400 0.0 -0.033 0.002
0.150 59.91 59.9100 1.2 0.001 0.142
0.201 59.91 60.0100 0.0 -0.099 -0.149
0.250 59.91 59.9400 0.9 -0.031 0.107
0.301 59.91 59.9100 2.0 0.003 0.249
0.350 59.91 59.9100 2.3 0.004 0.284
0.402 59.92 59.8400 4.4 0.071 0.533
0.451 59.92 59.9800 0.8 -0.062 0.097
0.501 59.92 59.8800 3.4 0.040 0.419
0.551 59.92 59.9100 2.5 0.007 0.309
0.600 59.92 59.9100 2.5 0.008 0.304
0.650 59.92 59.9100 2.5 0.009 0.303
0.701 59.92 59.8400 4.3 0.076 0.522
0.751 59.92 60.0100 0.0 -0.091 -0.029
0.800 59.92 59.8800 3.3 0.044 0.408
0.849 59.92 59.9800 0.7 -0.055 0.081
0.900 59.92 59.9100 2.4 0.012 0.294
0.950 59.92 59.9100 2.4 0.013 0.295
1.000 59.92 59.9100 2.4 0.014 0.294
1.050 59.93 59.8800 3.3 0.048 0.399
1.099 59.93 59.9100 2.4 0.016 0.289
1.150 59.93 59.9100 2.4 0.016 0.289
1.200 59.93 59.9100 2.3 0.017 0.283
1.251 59.93 59.9100 2.3 0.018 0.284
1.300 59.93 59.9100 2.3 0.018 0.278
1.349 59.93 59.9100 2.3 0.019 0.278
1.400 59.93 59.9100 2.3 0.020 0.278
1.450 59.93 59.9100 2.2 0.021 0.273
1.500 59.93 59.9100 2.2 0.021 0.272
1.550 59.93 59.9100 2.2 0.022 0.273
1.599 59.93 59.9100 2.2 0.023 0.268
1.650 59.93 59.9100 2.2 0.023 0.266
1.700 59.93 59.9100 2.2 0.024 0.268
1.750 59.94 59.9100 2.2 0.025 0.262
1.800 59.94 59.9100 2.2 0.025 0.262
1.849 59.94 59.9100 2.2 0.026 0.262
1.900 59.94 59.9100 2.1 0.027 0.257
1.950 59.94 59.9100 2.1 0.027 0.256
2.000 59.94 59.9100 2.1 0.028 0.257
2.051 59.94 59.9100 2.1 0.028 0.252
2.099 59.94 59.9100 2.1 0.029 0.251
2.149 59.94 59.9100 2.1 0.030 0.250
2.200 59.94 59.9100 2.0 0.030 0.245
2.249 59.94 59.9100 2.0 0.031 0.246
2.300 59.94 59.9100 2.0 0.031 0.245
2.348 59.94 59.9100 2.0 0.032 0.240
2.399 59.94 59.9100 2.0 0.033 0.239
2.449 59.94 59.9100 2.0 0.033 0.240
2.499 59.94 59.9100 1.9 0.034 0.235
2.549 59.94 59.9100 1.9 0.034 0.234
2.598 59.95 59.9100 1.9 0.035 0.235
2.649 59.95 59.9100 1.9 0.035 0.234
2.699 59.95 59.9100 1.9 0.036 0.236
2.750 59.95 59.9100 1.9 0.036 0.229
2.799 59.95 59.9100 1.9 0.037 0.230
2.848 59.95 59.9100 1.9 0.037 0.229
2.899 59.95 59.9100 1.9 0.038 0.224
2.949 59.95 59.9100 1.9 0.039 0.230
2.999 59.95 59.9100 1.9 0.039 0.225
3.049 59.95 59.9100 1.9 0.040 0.224
3.098 59.95 59.9100 1.9 0.040 0.225
3.149 59.95 59.9100 1.8 0.041 0.220
3.199 59.95 59.9100 1.8 0.041 0.219
3.249 59.95 59.9100 1.8 0.042 0.218
3.299 59.95 59.9100 1.8 0.042 0.220
3.348 59.95 59.9100 1.8 0.042 0.213
3.399 59.95 59.9100 1.8 0.043 0.214
3.449 59.95 59.9100 1.8 0.043 0.213
3.499 59.95 59.9100 1.7 0.044 0.208
3.549 59.95 59.9100 1.8 0.044 0.214
3.598 59.96 59.9100 1.7 0.045 0.209
3.649 59.96 59.9100 1.7 0.045 0.208
3.699 59.96 59.9100 1.7 0.046 0.208
3.749 59.96 59.9100 1.7 0.046 0.203
3.798 59.96 59.9100 1.7 0.047 0.202
3.847 59.96 59.9100 1.7 0.047 0.203
3.898 59.96 59.9100 1.7 0.047 0.202
3.948 59.96 59.9100 1.7 0.048 0.203
3.998 59.96 59.9100 1.7 0.048 0.204
4.048 59.96 59.9100 1.6 0.049 0.197
4.097 59.96 59.9100 1.7 0.049 0.198
4.148 59.96 59.9100 1.6 0.049 0.197
4.199 59.96 59.9100 1.7 0.050 0.199
4.248 59.96 59.9100 1.6 0.050 0.192
4.298 59.96 59.9100 1.6 0.051 0.191
4.347 59.96 59.9100 1.6 0.051 0.191
4.399 59.96 59.9100 1.6 0.051 0.192
4.448 59.96 59.9100 1.6 0.052 0.187
4.499 59.96 59.9100 1.6 0.052 0.186
4.548 59.96 59.9100 1.6 0.052 0.186
4.597 59.96 59.9100 1.6 0.053 0.186
4.648 59.96 59.9100 1.6 0.053 0.187
4.698 59.96 59.9100 1.6 0.054 0.186
4.749 59.96 59.9100 1.6 0.054 0.187
4.798 59.96 59.9100 1.6 0.054 0.188
4.847 59.97 59.9100 1.5 0.055 0.181
4.898 59.97 59.9100 1.5 0.055 0.182
4.948 59.97 59.9100 1.5 0.055 0.181
4.998 59.97 59.9100 1.5 0.056 0.182
5.048 59.97 59.9100 1.5 0.056 0.176
5.097 59.97 59.9100 1.5 0.056 0.175
5.148 59.97 59.9100 1.5 0.057 0.182
5.198 59.97 59.9100 1.5 0.057 0.177
5.248 59.97 59.9100 1.5 0.057 0.176
5.298 59.97 59.9100 1.5 0.058 0.176
5.346 59.97 59.9100 1.4 0.058 0.171
5.397 59.97 59.9100 1.4 0.058 0.170
5.447 59.97 59.9100 1.4 0.059 0.170
5.497 59.97 59.9100 1.4 0.059 0.170
5.547 59.97 59.9100 1.4 0.059 0.171
5.597 59.97 59.9100 1.4 0.060 0.169
5.647 59.97 59.9100 1.4 0.060 0.171
5.697 59.97 59.9100 1.4 0.060 0.171
5.747 59.97 59.9100 1.4 0.060 0.172
5.797 59.97 59.9100 1.4 0.061 0.165
5.846 59.97 59.9100 1.4 0.061 0.165
5.897 59.97 59.9100 1.4 0.061 0.164
5.947 59.97 59.9100 1.4 0.062 0.166
5.997 59.97 59.9100 1.4 0.062 0.159
6.048 59.97 59.9100 1.4 0.062 0.165
6.096 59.97 59.9100 1.4 0.062 0.160
6.147 59.97 59.9100 1.4 0.063 0.159
6.197 59.97 59.9100 1.4 0.063 0.159
6.248 59.97 59.9100 1.4 0.063 0.159
6.297 59.97 59.9100 1.4 0.063 0.161
6.346 59.97 59.9100 1.4 0.064 0.160
6.397 59.97 59.9100 1.4 0.064 0.160
6.448 59.97 59.9100 1.3 0.064 0.155
6.498 59.98 59.9100 1.3 0.064 0.154
6.548 59.98 59.9100 1.3 0.065 0.154
6.596 59.98 59.9100 1.3 0.065 0.154
6.647 59.98 59.9100 1.3 0.065 0.154
6.697 59.98 59.9100 1.3 0.065 0.153
6.747 59.98 59.9100 1.3 0.066 0.155
6.796 59.98 59.9100 1.3 0.066 0.155
6.846 59.98 59.9100 1.3 0.066 0.155
6.896 59.98 59.9100 1.3 0.066 0.156
6.946 59.98 59.9100 1.3 0.067 0.149
6.996 59.98 59.9100 1.3 0.067 0.149
7.046 59.98 59.9100 1.3 0.067 0.149
7.095 59.98 59.9100 1.3 0.067 0.148
7.146 59.98 59.9100 1.3 0.068 0.150
7.197 59.98 59.9100 1.3 0.068 0.149
7.246 59.98 59.9100 1.3 0.068 0.150
7.296 59.98 59.9100 1.2 0.068 0.143
7.345 59.98 59.9100 1.3 0.068 0.149
7.397 59.98 59.9100 1.2 0.069 0.144
7.446 59.98 59.9100 1.2 0.069 0.143
7.496 59.98 59.9100 1.2 0.069 0.143
7.546 59.98 59.9100 1.2 0.069 0.143
7.595 59.98 59.9100 1.2 0.069 0.145
7.646 59.98 59.9100 1.2 0.070 0.144
7.696 59.98 59.9100 1.2 0.070 0.144
7.746 59.98 59.9100 1.2 0.070 0.138
7.796 59.98 59.9100 1.2 0.070 0.137
7.846 59.98 59.9100 1.2 0.070 0.137
7.896 59.98 59.9100 1.2 0.071 0.138
7.946 59.98 59.9100 1.2 0.071 0.138
7.996 59.98 59.9100 1.2 0.071 0.138
8.046 59.98 59.9100 1.2 0.071 0.138
8.095 59.98 59.9100 1.2 0.071 0.138
8.146 59.98 59.9100 1.2 0.071 0.137
8.196 59.98 59.9100 1.2 0.072 0.139
8.246 59.98 59.9100 1.2 0.072 0.139
8.295 59.98 59.9100 1.2 0.072 0.139
8.345 59.98 59.9100 1.2 0.072 0.139
8.395 59.98 59.9100 1.2 0.072 0.139
8.445 59.98 59.9100 1.1 0.073 0.133
8.495 59.98 59.9100 1.1 0.073 0.133
8.545 59.98 59.9100 1.1 0.073 0.133
8.595 59.98 59.9100 1.1 0.073 0.132
8.645 59.98 59.9100 1.2 0.073 0.133
8.695 59.98 59.9100 1.1 0.073 0.132
8.745 59.98 59.9100 1.2 0.074 0.134
8.796 59.98 59.9100 1.2 0.074 0.134
8.845 59.98 59.9100 1.1 0.074 0.133
8.895 59.98 59.9100 1.2 0.074 0.134
8.945 59.98 59.9100 1.1 0.074 0.127
8.995 59.98 59.9100 1.2 0.074 0.133
9.045 59.99 59.9100 1.1 0.074 0.128
9.095 59.99 59.9100 1.1 0.075 0.126
9.145 59.99 59.9100 1.2 0.075 0.133
9.195 59.99 59.9100 1.1 0.075 0.128
9.245 59.99 59.9100 1.1 0.075 0.127
9.295 59.99 59.9100 1.1 0.075 0.128
9.345 59.99 59.9100 1.1 0.075 0.127
9.394 59.99 59.9100 1.1 0.075 0.127
9.445 59.99 59.9100 1.1 0.076 0.127
9.495 59.99 59.9100 1.1 0.076 0.122
9.545 59.99 59.9100 1.1 0.076 0.128
9.595 59.99 59.9100 1.1 0.076 0.128
9.645 59.99 59.9100 1.1 0.076 0.128
9.695 59.99 59.9100 1.1 0.076 0.122
0.051 59.44 59.5100 0.0 -0.067 -0.146
0.100 59.44 59.4700 0.0 -0.033 0.002
0.151 59.44 59.5700 0.0 -0.134 -0.296
0.200 59.44 59.5700 0.0 -0.133 -0.258
0.251 59.44 59.4400 1.8 0.002 0.219
0.301 59.44 59.4700 1.2 -0.031 0.142
0.351 59.44 59.4100 3.2 0.037 0.396
0.401 59.44 59.5700 0.0 -0.131 -0.115
0.450 59.45 59.5400 0.2 -0.096 0.028
0.502 59.45 59.4400 3.2 0.006 0.395
0.551 59.45 59.4700 2.6 -0.026 0.317
0.601 59.45 59.4700 2.9 -0.025 0.348
0.651 59.45 59.4700 3.1 -0.023 0.380
0.700 59.45 59.4700 3.4 -0.022 0.416
0.750 59.45 59.4700 3.7 -0.021 0.449
0.800 59.45 59.4700 3.9 -0.019 0.480
0.850 59.46 59.4700 4.2 -0.017 0.511
0.901 59.46 59.4700 4.5 -0.016 0.549
0.949 59.46 59.4700 4.8 -0.014 0.581
1.000 59.46 59.4700 5.0 -0.012 0.613
1.050 59.46 59.4700 5.2 -0.010 0.638
1.100 59.47 59.4700 5.5 -0.008 0.670
1.150 59.47 59.4700 5.7 -0.006 0.701
1.199 59.47 59.4700 6.0 -0.003 0.732
1.250 59.47 59.4700 6.3 -0.001 0.765
1.300 59.47 59.4700 6.5 0.001 0.797
1.350 59.48 59.4700 6.8 0.004 0.829
1.400 59.48 59.4700 7.1 0.006 0.860
1.449 59.48 59.4700 7.3 0.009 0.887
1.501 59.48 59.4700 7.5 0.011 0.919
1.550 59.49 59.4700 7.8 0.014 0.951
1.600 59.49 59.4700 8.0 0.017 0.977
1.650 59.49 59.4700 8.3 0.020 1.008
1.699 59.50 59.4700 8.5 0.023 1.035
1.750 59.50 59.4700 8.7 0.026 1.060
1.800 59.50 59.4700 9.0 0.029 1.092
1.850 59.51 59.4700 9.2 0.032 1.118
1.900 59.51 59.4700 9.4 0.036 1.150
1.949 59.51 59.4700 9.7 0.039 1.176
2.000 59.52 59.4700 9.9 0.042 1.203
2.050 59.52 59.4700 10.1 0.046 1.234
2.100 59.52 59.4700 10.4 0.049 1.261
2.150 59.53 59.4700 10.6 0.053 1.287
2.199 59.53 59.4700 10.8 0.056 1.313
2.249 59.53 59.4700 11.0 0.060 1.338
2.299 59.54 59.4700 11.2 0.064 1.365
2.349 59.54 59.4700 11.4 0.068 1.391
2.400 59.54 59.4700 11.7 0.072 1.423
2.449 59.55 59.4700 11.9 0.076 1.444
2.499 59.55 59.4700 12.1 0.080 1.470
2.549 59.56 59.4700 12.3 0.084 1.497
2.599 59.56 59.4700 12.6 0.088 1.529
2.649 59.57 59.4700 12.8 0.092 1.550
2.699 59.57 59.4700 13.0 0.096 1.576
2.749 59.57 59.4700 13.2 0.101 1.601
2.799 59.58 59.4700 13.1 0.105 1.592
2.849 59.58 59.4700 13.0 0.109 1.576
2.899 59.59 59.4700 12.9 0.113 1.564
2.949 59.59 59.4700 12.8 0.117 1.555
2.999 59.59 59.4700 12.7 0.121 1.544
3.049 59.60 59.4700 12.6 0.125 1.533
3.099 59.60 59.4700 12.6 0.129 1.524
3.149 59.61 59.4700 12.5 0.133 1.513
3.199 59.61 59.4700 12.4 0.137 1.502
3.248 59.61 59.4700 12.3 0.141 1.493
3.299 59.62 59.4700 12.2 0.145 1.482
3.349 59.62 59.4700 12.2 0.149 1.478
3.399 59.63 59.4700 12.1 0.153 1.468
3.449 59.63 59.4700 12.0 0.156 1.457
3.499 59.63 59.4700 12.0 0.160 1.447
3.549 59.64 59.4700 11.9 0.164 1.436
3.599 59.64 59.4700 11.8 0.167 1.426
3.649 59.64 59.4700 11.8 0.171 1.420
3.699 59.65 59.4700 11.6 0.175 1.405
3.749 59.65 59.4700 11.6 0.178 1.399
3.798 59.65 59.4700 11.6 0.182 1.396
3.848 59.66 59.4700 11.5 0.185 1.386
3.898 59.66 59.4700 11.4 0.188 1.375
3.948 59.67 59.4700 11.3 0.192 1.365
3.997 59.67 59.4700 11.3 0.195 1.359
4.048 59.67 59.4700 11.2 0.199 1.350
4.098 59.68 59.4700 11.1 0.202 1.338
4.148 59.68 59.4700 11.1 0.205 1.334
4.198 59.68 59.4700 11.0 0.208 1.323
4.247 59.68 59.4700 10.9 0.211 1.312
4.298 59.69 59.4700 10.9 0.215 1.307
4.348 59.69 59.4700 10.8 0.218 1.303
4.398 59.69 59.4700 10.8 0.221 1.293
4.449 59.70 59.4700 10.7 0.224 1.288
4.498 59.70 59.4700 10.6 0.227 1.278
4.548 59.70 59.4700 10.6 0.230 1.273
4.598 59.71 59.4700 10.5 0.233 1.262
4.648 59.71 59.4700 10.5 0.236 1.257
4.699 59.71 59.4700 10.4 0.239 1.247
4.747 59.71 59.4700 10.3 0.242 1.242
4.798 59.72 59.4700 10.3 0.245 1.231
4.848 59.72 59.4700 10.2 0.247 1.226
4.898 59.72 59.4700 10.1 0.250 1.215
4.948 59.73 59.4700 10.1 0.253 1.210
4.997 59.73 59.4700 10.1 0.256 1.206
5.048 59.73 59.4700 10.0 0.258 1.195
5.098 59.73 59.4700 9.9 0.261 1.190
5.148 59.74 59.4700 9.9 0.264 1.185
5.198 59.74 59.4700 9.8 0.266 1.175
5.247 59.74 59.4700 9.8 0.269 1.168
5.297 59.74 59.4700 9.7 0.272 1.164
5.347 59.75 59.4700 9.7 0.274 1.160
5.397 59.75 59.4700 9.6 0.277 1.149
5.447 59.75 59.4700 9.6 0.279 1.144
5.496 59.75 59.4700 9.5 0.282 1.138
5.547 59.76 59.4700 9.5 0.284 1.128
5.597 59.76 59.4700 9.5 0.286 1.128
5.647 59.76 59.4700 9.4 0.289 1.119
5.697 59.76 59.4700 9.3 0.291 1.113
5.746 59.77 59.4700 9.3 0.294 1.107
5.797 59.77 59.4700 9.2 0.296 1.097
5.847 59.77 59.4700 9.2 0.298 1.097
5.897 59.77 59.4700 9.1 0.301 1.087
5.947 59.78 59.4700 9.1 0.303 1.082
5.996 59.78 59.4700 9.1 0.305 1.077
6.048 59.78 59.4700 9.0 0.307 1.071
6.097 59.78 59.4700 9.0 0.309 1.067
6.147 59.78 59.4700 8.9 0.312 1.061
6.197 59.79 59.4700 8.9 0.314 1.051
6.246 59.79 59.4700 8.9 0.316 1.051
6.297 59.79 59.4700 8.8 0.318 1.047
6.347 59.79 59.4700 8.8 0.320 1.042
6.397 59.80 59.4700 8.8 0.322 1.037
6.447 59.80 59.4700 8.7 0.324 1.025
6.496 59.80 59.4700 8.7 0.326 1.026
6.548 59.80 59.4700 8.6 0.328 1.022
6.597 59.80 59.4700 8.5 0.330 1.010
6.647 59.81 59.4700 8.5 0.332 1.004
6.697 59.81 59.4700 8.5 0.334 1.005
6.746 59.81 59.4700 8.5 0.336 1.001
6.796 59.81 59.4700 8.4 0.338 0.995
6.847 59.81 59.4700 8.4 0.340 0.991
6.897 59.82 59.4700 8.3 0.342 0.986
6.946 59.82 59.4700 8.3 0.344 0.980
6.995 59.82 59.4700 8.3 0.345 0.975
7.046 59.82 59.4700 8.2 0.347 0.970
7.096 59.82 59.4700 8.2 0.349 0.965
7.147 59.82 59.4700 8.1 0.351 0.959
7.196 59.83 59.4700 8.2 0.353 0.959
7.245 59.83 59.4700 8.1 0.354 0.949
7.296 59.83 59.4700 8.1 0.356 0.949
7.347 59.83 59.4700 8.0 0.358 0.944
7.396 59.83 59.4700 8.0 0.359 0.939
7.446 59.83 59.4700 8.0 0.361 0.940
7.495 59.84 59.4700 7.9 0.363 0.929
7.547 59.84 59.4700 7.9 0.364 0.928
7.596 59.84 59.4700 7.9 0.366 0.925
7.646 59.84 59.4700 7.8 0.368 0.918
7.696 59.84 59.4700 7.8 0.369 0.914
7.745 59.84 59.4700 7.8 0.371 0.913
7.796 59.85 59.4700 7.8 0.372 0.910
7.846 59.85 59.4700 7.7 0.374 0.903
7.896 59.85 59.4700 7.7 0.375 0.898
7.946 59.85 59.4700 7.6 0.377 0.893
7.995 59.85 59.4700 7.6 0.378 0.888
8.046 59.85 59.4700 7.6 0.380 0.888
8.097 59.85 59.4700 7.6 0.381 0.883
8.146 59.86 59.4700 7.5 0.383 0.877
8.196 59.86 59.4700 7.5 0.384 0.878
8.245 59.86 59.4700 7.5 0.386 0.872
8.297 59.86 59.4700 7.5 0.387 0.868
8.346 59.86 59.4700 7.4 0.389 0.867
8.396 59.86 59.4700 7.4 0.390 0.863
8.445 59.86 59.4700 7.4 0.391 0.858
8.494 59.87 59.4700 7.3 0.393 0.851
8.545 59.87 59.4700 7.3 0.394 0.853
8.595 59.87 59.4700 7.3 0.395 0.853
8.645 59.87 59.4700 7.2 0.397 0.842
8.695 59.87 59.4700 7.2 0.398 0.842
8.744 59.87 59.4700 7.3 0.399 0.843
8.795 59.87 59.4700 7.2 0.400 0.838
8.845 59.88 59.4700 7.2 0.402 0.833
8.895 59.88 59.4700 7.1 0.403 0.827
8.945 59.88 59.4700 7.1 0.404 0.827
8.994 59.88 59.4700 7.1 0.405 0.822
9.045 59.88 59.4700 7.0 0.407 0.816
9.095 59.88 59.4700 7.0 0.408 0.816
9.145 59.88 59.4700 7.0 0.409 0.812
9.195 59.88 59.4700 7.0 0.410 0.812
9.244 59.88 59.4700 7.0 0.411 0.806
9.295 59.89 59.4700 6.9 0.412 0.801
9.345 59.89 59.4700 6.9 0.414 0.801
9.395 59.89 59.4700 6.9 0.415 0.796
9.445 59.89 59.4700 6.9 0.416 0.796
9.494 59.89 59.4700 6.9 0.417 0.797
9.545 59.89 59.4700 6.9 0.418 0.792
9.595 59.89 59.4700 6.8 0.419 0.786
9.645 59.89 59.4700 6.8 0.420 0.786
9.695 59.89 59.4700 6.8 0.421 0.782
9.744 59.90 59.4700 6.8 0.422 0.782
9.795 59.90 59.4700 6.8 0.423 0.783
9.845 59.90 59.4700 6.8 0.424 0.777
9.895 59.90 59.4700 6.7 0.425 0.771
9.944 59.90 59.4700 6.7 0.426 0.766
9.993 59.90 59.4700 6.7 0.427 0.765
10.044 59.90 59.4700 6.7 0.428 0.766
10.094 59.90 59.4700 6.7 0.429 0.768
10.144 59.90 59.4700 6.6 0.430 0.762
10.194 59.90 59.4700 6.6 0.431 0.756
10.243 59.91 59.4700 6.6 0.432 0.757
10.294 59.91 59.4700 6.6 0.433 0.757
10.344 59.91 59.4700 6.6 0.434 0.752
10.394 59.91 59.4700 6.5 0.435 0.745
10.444 59.91 59.4700 6.5 0.436 0.746
10.493 59.91 59.4700 6.5 0.437 0.740
10.544 59.91 59.4700 6.5 0.438 0.740
10.594 59.91 59.4700 6.4 0.439 0.736
10.644 59.91 59.4700 6.4 0.440 0.735
10.694 59.91 59.4700 6.4 0.440 0.736
10.744 59.91 59.4700 6.5 0.441 0.737
10.795 59.92 59.4700 6.4 0.442 0.731
10.844 59.92 59.4700 6.4 0.443 0.732
10.894 59.92 59.4700 6.4 0.444 0.726
10.944 59.92 59.4700 6.3 0.445 0.720
10.993 59.92 59.4700 6.3 0.446 0.720
11.044 59.92 59.4700 6.3 0.446 0.721
11.094 59.92 59.4700 6.3 0.447 0.722
11.144 59.92 59.4700 6.3 0.448 0.716
11.195 59.92 59.4700 6.3 0.449 0.717
11.243 59.92 59.4700 6.2 0.450 0.711
11.294 59.92 59.4700 6.3 0.450 0.712
11.344 59.92 59.4700 6.3 0.451 0.711
11.394 59.93 59.4700 6.2 0.452 0.707
11.443 59.93 59.4700 6.2 0.453 0.706
11.492 59.93 59.4700 6.2 0.453 0.707
11.543 59.93 59.4700 6.2 0.454 0.701
11.594 59.93 59.4700 6.2 0.455 0.702
11.643 59.93 59.4700 6.1 0.456 0.696
11.693 59.93 59.4700 6.2 0.456 0.696
11.742 59.93 59.4700 6.1 0.457 0.696
11.794 59.93 59.4700 6.1 0.458 0.691
11.843 59.93 59.4700 6.1 0.458 0.691
11.893 59.93 59.4700 6.1 0.459 0.691
11.943 59.93 59.4700 6.1 0.460 0.687
11.993 59.93 59.4700 6.1 0.460 0.686
12.043 59.93 59.4700 6.1 0.461 0.685
12.093 59.93 59.4700 6.0 0.462 0.681
12.143 59.94 59.4700 6.0 0.462 0.681
12.194 59.94 59.4700 6.0 0.463 0.681
12.242 59.94 59.4700 6.0 0.464 0.676
12.293 59.94 59.4700 6.0 0.464 0.675
12.343 59.94 59.4700 6.0 0.465 0.676
12.393 59.94 59.4700 6.0 0.465 0.671
12.443 59.94 59.4700 6.0 0.466 0.671
12.492 59.94 59.4700 6.0 0.467 0.670
12.543 59.94 59.4700 6.0 0.467 0.672
12.593 59.94 59.4700 5.9 0.468 0.666
12.643 59.94 59.4700 5.9 0.468 0.667
12.693 59.94 59.4700 5.9 0.469 0.666
12.742 59.94 59.4700 5.9 0.470 0.661
12.794 59.94 59.4700 5.9 0.470 0.660
12.843 59.94 59.4700 5.9 0.471 0.661
12.893 59.94 59.4700 5.8 0.471 0.656
12.943 59.95 59.4700 5.8 0.472 0.655
12.991 59.95 59.4700 5.8 0.472 0.656
13.043 59.95 59.4700 5.8 0.473 0.655
13.092 59.95 59.4700 5.9 0.474 0.657
13.142 59.95 59.4700 5.8 0.474 0.651
13.192 59.95 59.4700 5.8 0.475 0.652
13.241 59.95 59.4700 5.8 0.475 0.651
13.292 59.95 59.4700 5.8 0.476 0.646
13.342 59.95 59.4700 5.8 0.476 0.645
13.392 59.95 59.4700 5.8 0.477 0.646
13.442 59.95 59.4700 5.7 0.477 0.641
13.491 59.95 59.4700 5.7 0.478 0.640
13.542 59.95 59.4700 5.7 0.478 0.641
13.592 59.95 59.4700 5.7 0.479 0.640
13.642 59.95 59.4700 5.8 0.479 0.642
13.692 59.95 59.4700 5.8 0.480 0.642
13.741 59.95 59.4700 5.7 0.480 0.636
13.792 59.95 59.4700 5.7 0.481 0.637
13.842 59.95 59.4700 5.7 0.481 0.636
13.892 59.95 59.4700 5.7 0.481 0.631
13.942 59.96 59.4700 5.7 0.482 0.637
13.991 59.96 59.4700 5.7 0.482 0.632
14.042 59.96 59.4700 5.7 0.483 0.631
14.092 59.96 59.4700 5.7 0.483 0.632
14.142 59.96 59.4700 5.6 0.484 0.627
14.193 59.96 59.4700 5.6 0.484 0.626
14.241 59.96 59.4700 5.6 0.485 0.626
14.292 59.96 59.4700 5.6 0.485 0.625
14.342 59.96 59.4700 5.7 0.485 0.627
14.392 59.96 59.4700 5.6 0.486 0.621
14.442 59.96 59.4700 5.6 0.486 0.621
14.491 59.96 59.4700 5.6 0.487 0.620
14.541 59.96 59.4700 5.6 0.487 0.622
14.592 59.96 59.4700 5.6 0.487 0.616
14.641 59.96 59.4700 5.6 0.488 0.615
14.691 59.96 59.4700 5.6 0.488 0.615
14.741 59.96 59.4700 5.6 0.489 0.616
14.790 59.96 59.4700 5.5 0.489 0.611
14.841 59.96 59.4700 5.5 0.489 0.610
14.891 59.96 59.4700 5.5 0.490 0.610
14.941 59.96 59.4700 5.5 0.490 0.611
14.991 59.96 59.4700 5.5 0.490 0.611
15.041 59.96 59.4700 5.5 0.491 0.610
15.091 59.96 59.4700 5.5 0.491 0.612
15.141 59.96 59.4700 5.5 0.491 0.613
15.191 59.97 59.4700 5.5 0.492 0.606
15.241 59.97 59.4700 5.5 0.492 0.607
15.290 59.97 59.4700 5.5 0.493 0.607
15.341 59.97 59.4700 5.5 0.493 0.606
15.391 59.97 59.4700 5.5 0.493 0.601
15.441 59.97 59.4700 5.5 0.494 0.607
15.491 59.97 59.4700 5.5 0.494 0.602
15.541 59.97 59.4700 5.5 0.494 0.601
15.591 59.97 59.4700 5.5 0.495 0.601
15.641 59.97 59.4700 5.5 0.495 0.601
15.691 59.97 59.4700 5.4 0.495 0.596
15.741 59.97 59.4700 5.4 0.495 0.595
15.791 59.97 59.4700 5.4 0.496 0.596
15.841 59.97 59.4700 5.4 0.496 0.596
15.891 59.97 59.4700 5.4 0.496 0.596
15.941 59.97 59.4700 5.4 0.497 0.597
15.991 59.97 59.4700 5.4 0.497 0.596
16.039 59.97 59.4700 5.5 0.497 0.598
16.090 59.97 59.4700 5.5 0.498 0.598
16.140 59.97 59.4700 5.4 0.498 0.591
16.190 59.97 59.4700 5.4 0.498 0.592
16.240 59.97 59.4700 5.4 0.498 0.592
16.289 59.97 59.4700 5.4 0.499 0.591
16.340 59.97 59.4700 5.4 0.499 0.586
16.390 59.97 59.4700 5.4 0.499 0.592
16.440 59.97 59.4700 5.4 0.500 0.587
16.490 59.97 59.4700 5.4 0.500 0.585
16.539 59.97 59.4700 5.4 0.500 0.593
16.590 59.97 59.4700 5.4 0.500 0.587
16.640 59.97 59.4700 5.4 0.501 0.586
16.690 59.97 59.4700 5.4 0.501 0.587
16.740 59.97 59.4700 5.3 0.501 0.582
16.789 59.97 59.4700 5.3 0.501 0.581
16.840 59.97 59.4700 5.3 0.502 0.581
16.890 59.98 59.4700 5.3 0.502 0.581
16.940 59.98 59.4700 5.3 0.502 0.581
16.991 59.98 59.4700 5.3 0.502 0.582
17.039 59.98 59.4700 5.3 0.503 0.582
17.090 59.98 59.4700 5.3 0.503 0.581
17.140 59.98 59.4700 5.3 0.503 0.583
17.190 59.98 59.4700 5.4 0.503 0.583
17.240 59.98 59.4700 5.4 0.504 0.583
17.289 59.98 59.4700 5.4 0.504 0.583
17.340 59.98 59.4700 5.3 0.504 0.577
17.390 59.98 59.4700 5.3 0.504 0.577
17.440 59.98 59.4700 5.3 0.504 0.577
17.490 59.98 59.4700 5.3 0.505 0.576
17.539 59.98 59.4700 5.3 0.505 0.578
17.589 59.98 59.4700 5.3 0.505 0.577
17.639 59.98 59.4700 5.3 0.505 0.572
17.689 59.98 59.4700 5.3 0.506 0.577
17.739 59.98 59.4700 5.3 0.506 0.572
17.788 59.98 59.4700 5.3 0.506 0.578
17.839 59.98 59.4700 5.3 0.506 0.573
17.889 59.98 59.4700 5.3 0.506 0.572
17.939 59.98 59.4700 5.3 0.507 0.572
17.989 59.98 59.4700 5.3 0.507 0.573
18.038 59.98 59.4700 5.3 0.507 0.572
18.089 59.98 59.4700 5.3 0.507 0.573
18.139 59.98 59.4700 5.2 0.507 0.567
18.189 59.98 59.4700 5.2 0.508 0.566
18.239 59.98 59.4700 5.2 0.508 0.566
18.288 59.98 59.4700 5.2 0.508 0.567
18.339 59.98 59.4700 5.2 0.508 0.567
18.389 59.98 59.4700 5.2 0.508 0.567
18.439 59.98 59.4700 5.3 0.509 0.567
18.490 59.98 59.4700 5.3 0.509 0.568
18.538 59.98 59.4700 5.2 0.509 0.566
18.589 59.98 59.4700 5.3 0.509 0.568
18.639 59.98 59.4700 5.3 0.509 0.568
18.690 59.98 59.4700 5.3 0.509 0.568
18.739 59.98 59.4700 5.3 0.510 0.569
18.788 59.98 59.4700 5.3 0.510 0.569
18.839 59.98 59.4700 5.2 0.510 0.562
18.890 59.98 59.4700 5.2 0.510 0.562
18.939 59.98 59.4700 5.2 0.510 0.563
18.989 59.98 59.4700 5.2 0.510 0.561
19.038 59.98 59.4700 5.2 0.511 0.563
19.088 59.98 59.4700 5.2 0.511 0.562
19.139 59.98 59.4700 5.2 0.511 0.563
19.189 59.98 59.4700 5.2 0.511 0.557
19.238 59.98 59.4700 5.2 0.511 0.562
19.287 59.98 59.4700 5.2 0.511 0.557
19.338 59.98 59.4700 5.2 0.512 0.563
19.388 59.98 59.4700 5.2 0.512 0.558
19.438 59.99 59.4700 5.2 0.512 0.556
19.488 59.99 59.4700 5.2 0.512 0.563
19.537 59.99 59.4700 5.2 0.512 0.558
19.588 59.99 59.4700 5.2 0.512 0.557
19.638 59.99 59.4700 5.2 0.512 0.558
19.688 59.99 59.4700 5.2 0.513 0.557
19.738 59.99 59.4700 5.2 0.513 0.557
19.787 59.99 59.4700 5.2 0.513 0.558
19.838 59.99 59.4700 5.2 0.513 0.552
19.888 59.99 59.4700 5.2 0.513 0.558
19.938 59.99 59.4700 5.2 0.513 0.558
19.988 59.99 59.4700 5.2 0.513 0.558
20.037 59.99 59.4700 5.2 0.514 0.553
20.088 59.99 59.4700 5.2 0.514 0.552
20.138 59.99 59.4700 5.2 0.514 0.552
20.188 59.99 59.4700 5.2 0.514 0.552
20.238 59.99 59.4700 5.2 0.514 0.552
20.287 59.99 59.4700 5.2 0.514 0.552
20.338 59.99 59.4700 5.2 0.514 0.553
20.388 59.99 59.4700 5.2 0.514 0.553
20.438 59.99 59.4700 5.2 0.514 0.553
20.489 59.99 59.4700 5.2 0.515 0.553
20.537 59.99 59.4700 5.2 0.515 0.553
20.587 59.99 59.4700 5.2 0.515 0.552
20.638 59.99 59.4700 5.2 0.515 0.554
20.687 59.99 59.4700 5.2 0.515 0.554
20.737 59.99 59.4700 5.2 0.515 0.554
20.786 59.99 59.4700 5.2 0.515 0.554
20.837 59.99 59.4700 5.2 0.515 0.554
20.887 59.99 59.4700 5.2 0.516 0.554
20.937 59.99 59.4700 5.2 0.516 0.554
20.987 59.99 59.4700 5.2 0.516 0.555
21.036 59.99 59.4700 5.2 0.516 0.548
21.087 59.99 59.4700 5.2 0.516 0.548
21.137 59.99 59.4700 5.2 0.516 0.548
21.187 59.99 59.4700 5.2 0.516 0.554
21.237 59.99 59.4700 5.2 0.516 0.548
21.287 59.99 59.4700 5.2 0.516 0.549
21.337 59.99 59.4700 5.2 0.517 0.549
21.387 59.99 59.4700 5.2 0.517 0.547
21.437 59.99 59.4700 5.2 0.517 0.549
21.487 59.99 59.4700 5.2 0.517 0.548
21.537 59.99 59.4700 5.2 0.517 0.549
21.587 59.99 59.4700 5.2 0.517 0.549
21.637 59.99 59.4700 5.2 0.517 0.548
21.687 59.99 59.4700 5.2 0.517 0.550
21.738 59.99 59.4700 5.1 0.517 0.543
21.786 59.99 59.4700 5.2 0.517 0.548
21.837 59.99 59.4700 5.1 0.518 0.543
21.887 59.99 59.4700 5.2 0.518 0.549
21.937 59.99 59.4700 5.1 0.518 0.543
21.987 59.99 59.4700 5.2 0.518 0.549
22.036 59.99 59.4700 5.1 0.518 0.544
22.087 59.99 59.4700 5.1 0.518 0.542
22.137 59.99 59.4700 5.2 0.518 0.549
22.187 59.99 59.4700 5.2 0.518 0.544
22.237 59.99 59.4700 5.1 0.518 0.543
22.285 59.99 59.4700 5.2 0.518 0.544
22.336 59.99 59.4700 5.1 0.518 0.543
22.386 59.99 59.4700 5.2 0.518 0.543
22.436 59.99 59.4700 5.2 0.519 0.544
22.486 59.99 59.4700 5.2 0.519 0.543
22.535 59.99 59.4700 5.2 0.519 0.543
22.586 59.99 59.4700 5.2 0.519 0.543
22.636 59.99 59.4700 5.2 0.519 0.545
22.686 59.99 59.4700 5.2 0.519 0.544
22.736 59.99 59.4700 5.2 0.519 0.544
22.785 59.99 59.4700 5.1 0.519 0.538
22.836 59.99 59.4700 5.2 0.519 0.544
22.886 59.99 59.4700 5.2 0.519 0.544
22.936 59.99 59.4700 5.2 0.519 0.544
22.986 59.99 59.4700 5.1 0.519 0.539
23.035 59.99 59.4700 5.1 0.519 0.537
23.087 59.99 59.4700 5.1 0.520 0.538
23.136 59.99 59.4700 5.1 0.520 0.538
23.186 59.99 59.4700 5.1 0.520 0.538
23.236 59.99 59.4700 5.1 0.520 0.538
23.286 59.99 59.4700 5.1 0.520 0.538
23.336 59.99 59.4700 5.1 0.520 0.538
23.386 59.99 59.4700 5.1 0.520 0.538
23.436 59.99 59.4700 5.1 0.520 0.538
23.486 59.99 59.4700 5.1 0.520 0.538
23.535 59.99 59.4700 5.1 0.520 0.538
23.586 59.99 59.4700 5.1 0.520 0.538
23.636 59.99 59.4700 5.1 0.520 0.538
23.686 59.99 59.4700 5.1 0.520 0.539
23.736 59.99 59.4700 5.1 0.520 0.539
23.784 59.99 59.4700 5.1 0.520 0.539
23.835 59.99 59.4700 5.1 0.520 0.539
23.885 59.99 59.4700 5.2 0.521 0.539
23.935 59.99 59.4700 5.2 0.521 0.539
23.985 59.99 59.4700 5.2 0.521 0.539
24.034 59.99 59.4700 5.2 0.521 0.539
24.085 59.99 59.4700 5.2 0.521 0.539
24.135 59.99 59.4700 5.2 0.521 0.539
24.185 59.99 59.4700 5.1 0.521 0.538
24.235 59.99 59.4700 5.2 0.521 0.539
24.284 59.99 59.4700 5.2 0.521 0.540
24.335 59.99 59.4700 5.2 0.521 0.540
24.385 59.99 59.4700 5.2 0.521 0.540
24.435 59.99 59.4700 5.2 0.521 0.540
24.485 59.99 59.4700 5.2 0.521 0.540
24.534 59.99 59.4700 5.2 0.521 0.540
24.585 59.99 59.4700 5.2 0.521 0.540
24.635 59.99 59.4700 5.2 0.521 0.540
24.685 59.99 59.4700 5.2 0.522 0.540
24.735 59.99 59.4700 5.2 0.522 0.540
24.784 59.99 59.4700 5.2 0.522 0.540
24.835 59.99 59.4700 5.2 0.522 0.540
24.885 60.00 59.4700 5.2 0.522 0.541
24.935 60.00 59.4700 5.2 0.522 0.541
24.985 60.00 59.4700 5.2 0.522 0.541
25.034 60.00 59.4700 5.2 0.522 0.541
25.085 60.00 59.4700 5.1 0.522 0.534
25.135 60.00 59.4700 5.1 0.522 0.534
25.185 60.00 59.4700 5.1 0.522 0.534
25.235 60.00 59.4700 5.2 0.522 0.540
25.283 60.00 59.4700 5.1 0.522 0.534
25.334 60.00 59.4700 5.1 0.522 0.534
25.384 60.00 59.4700 5.1 0.522 0.534
25.434 60.00 59.4700 5.2 0.522 0.540
25.484 60.00 59.4700 5.1 0.522 0.534
25.534 60.00 59.4700 5.2 0.522 0.535
25.584 60.00 59.4700 5.2 0.522 0.535
25.634 60.00 59.4700 5.1 0.522 0.533
25.684 60.00 59.4700 5.2 0.523 0.535
25.734 60.00 59.4700 5.2 0.523 0.535
25.783 60.00 59.4700 5.1 0.523 0.533
25.834 60.00 59.4700 5.2 0.523 0.535
25.884 60.00 59.4700 5.2 0.523 0.535
25.934 60.00 59.4700 5.2 0.523 0.534
25.984 60.00 59.4700 5.2 0.523 0.535
26.033 60.00 59.4700 5.2 0.523 0.534
26.084 60.00 59.4700 5.2 0.523 0.535
26.134 60.00 59.4700 5.2 0.523 0.535
26.184 60.00 59.4700 5.2 0.523 0.534
26.234 60.00 59.4700 5.2 0.523 0.535
26.283 60.00 59.4700 5.2 0.523 0.535
26.334 60.00 59.4700 5.2 0.523 0.534
26.385 60.00 59.4700 5.2 0.523 0.536
26.434 60.00 59.4700 5.2 0.523 0.536
26.484 60.00 59.4700 5.2 0.523 0.534
26.533 60.00 59.4700 5.2 0.523 0.536
26.585 60.00 59.4700 5.1 0.523 0.529
26.634 60.00 59.4700 5.2 0.523 0.534
26.684 60.00 59.4700 5.1 0.523 0.529
26.734 60.00 59.4700 5.2 0.523 0.535
26.783 60.00 59.4700 5.1 0.523 0.529
26.833 60.00 59.4700 5.2 0.523 0.535
26.883 60.00 59.4700 5.1 0.523 0.529
26.933 60.00 59.4700 5.2 0.523 0.535
26.983 60.00 59.4700 5.1 0.523 0.529
27.033 60.00 59.4700 5.2 0.523 0.535
27.083 60.00 59.4700 5.1 0.524 0.529
27.133 60.00 59.4700 5.2 0.524 0.535
27.184 60.00 59.4700 5.1 0.524 0.529
27.233 60.00 59.4700 5.2 0.524 0.535
27.283 60.00 59.4700 5.1 0.524 0.530
27.333 60.00 59.4700 5.2 0.524 0.535
27.383 60.00 59.4700 5.1 0.524 0.530
27.433 60.00 59.4700 5.2 0.524 0.535
27.483 60.00 59.4700 5.2 0.524 0.530
27.533 60.00 59.4700 5.2 0.524 0.535
27.582 60.00 59.4700 5.2 0.524 0.530
27.634 60.00 59.4700 5.2 0.524 0.535
27.683 60.00 59.4700 5.2 0.524 0.530
27.733 60.00 59.4700 5.1 0.524 0.529
27.783 60.00 59.4700 5.2 0.524 0.535
27.833 60.00 59.4700 5.2 0.524 0.530
27.883 60.00 59.4700 5.2 0.524 0.536
27.933 60.00 59.4700 5.2 0.524 0.530
27.983 60.00 59.4700 5.2 0.524 0.536
28.033 60.00 59.4700 5.2 0.524 0.530
28.082 60.00 59.4700 5.2 0.524 0.536
28.133 60.00 59.4700 5.2 0.524 0.530
28.183 60.00 59.4700 5.2 0.524 0.536
28.234 60.00 59.4700 5.2 0.524 0.530
28.283 60.00 59.4700 5.2 0.524 0.536
28.332 60.00 59.4700 5.2 0.524 0.530
28.382 60.00 59.4700 5.2 0.524 0.529
28.432 60.00 59.4700 5.2 0.524 0.531
28.482 60.00 59.4700 5.2 0.524 0.529
28.532 60.00 59.4700 5.2 0.524 0.529
28.581 60.00 59.4700 5.2 0.524 0.531
28.633 60.00 59.4700 5.2 0.524 0.529
28.682 60.00 59.4700 5.2 0.524 0.529
28.732 60.00 59.4700 5.2 0.524 0.531
28.782 60.00 59.4700 5.2 0.524 0.529
28.832 60.00 59.4700 5.2 0.524 0.529
28.882 60.00 59.4700 5.2 0.524 0.531
28.932 60.00 59.4700 5.2 0.525 0.529
28.982 60.00 59.4700 5.2 0.525 0.530
29.033 60.00 59.4700 5.2 0.525 0.531
29.081 60.00 59.4700 5.2 0.525 0.530
29.132 60.00 59.4700 5.2 0.525 0.530
29.182 60.00 59.4700 5.2 0.525 0.531
29.233 60.00 59.4700 5.2 0.525 0.530
29.282 60.00 59.4700 5.2 0.525 0.530
29.331 60.00 59.4700 5.2 0.525 0.530
29.382 60.00 59.4700 5.2 0.525 0.531
29.433 60.00 59.4700 5.2 0.525 0.530
29.482 60.00 59.4700 5.2 0.525 0.530
29.532 60.00 59.4700 5.2 0.525 0.531
29.581 60.00 59.4700 5.2 0.525 0.530
29.633 60.00 59.4700 5.2 0.525 0.530
29.682 60.00 59.4700 5.2 0.525 0.531
29.732 60.00 59.4700 5.2 0.525 0.530
29.782 60.00 59.4700 5.2 0.525 0.530
29.831 60.00 59.4700 5.2 0.525 0.531
29.881 60.00 59.4700 5.2 0.525 0.530
29.931 60.00 59.4700 5.2 0.525 0.530
29.981 60.00 59.4700 5.2 0.525 0.532
30.031 60.00 59.4700 5.2 0.525 0.530
30.080 60.00 59.4700 5.2 0.525 0.530
30.131 60.00 59.4700 5.2 0.525 0.525
30.181 60.00 59.4700 5.2 0.525 0.530
30.231 60.00 59.4700 5.2 0.525 0.530
30.282 60.00 59.4700 5.2 0.525 0.530
30.330 60.00 59.4700 5.2 0.525 0.525
30.381 60.00 59.4700 5.2 0.525 0.530
30.431 60.00 59.4700 5.2 0.525 0.530
30.482 60.00 59.4700 5.2 0.525 0.530
30.531 60.00 59.4700 5.2 0.525 0.525
30.580 60.00 59.4700 5.2 0.525 0.530
30.631 60.00 59.4700 5.2 0.525 0.530
30.682 60.00 59.4700 5.2 0.525 0.530
30.731 60.00 59.4700 5.2 0.525 0.525
30.781 60.00 59.4700 5.2 0.525 0.531
30.830 60.00 59.4700 5.2 0.525 0.531
30.881 60.00 59.4700 5.2 0.525 0.531
30.931 60.00 59.4700 5.2 0.525 0.525
30.981 60.00 59.4700 5.2 0.525 0.531
31.031 60.00 59.4700 5.2 0.525 0.531
31.080 60.00 59.4700 5.2 0.525 0.531
31.131 60.00 59.4700 5.2 0.525 0.525
31.181 60.00 59.4700 5.2 0.525 0.531
31.231 60.00 59.4700 5.2 0.525 0.531
31.281 60.00 59.4700 5.2 0.525 0.531
31.330 60.00 59.4700 5.2 0.525 0.525
31.380 60.00 59.4700 5.2 0.525 0.531
31.431 60.00 59.4700 5.2 0.525 0.531
31.480 60.00 59.4700 5.2 0.525 0.531
31.530 60.00 59.4700 5.2 0.525 0.525
31.579 60.00 59.4700 5.2 0.525 0.524
31.630 60.00 59.4700 5.2 0.525 0.524
31.680 60.00 59.4700 5.2 0.525 0.524
31.730 60.00 59.4700 5.2 0.525 0.524
31.780 60.00 59.4700 5.2 0.525 0.524
31.829 60.00 59.4700 5.2 0.525 0.524
31.880 60.00 59.4700 5.2 0.525 0.524
31.930 60.00 59.4700 5.2 0.525 0.524
31.980 60.00 59.4700 5.2 0.525 0.524
32.030 60.00 59.4700 5.2 0.525 0.524
32.079 60.00 59.4700 5.2 0.525 0.524
32.130 60.00 59.4700 5.2 0.525 0.524
32.180 60.00 59.4700 5.2 0.525 0.524
32.230 60.00 59.4700 5.2 0.525 0.524
32.280 60.00 59.4700 5.2 0.525 0.524
32.329 60.00 59.4700 5.2 0.525 0.524
32.380 60.00 59.4700 5.2 0.525 0.524
32.430 60.00 59.4700 5.2 0.525 0.524
32.480 60.00 59.4700 5.2 0.525 0.524
32.530 60.00 59.4700 5.2 0.525 0.524
32.579 60.00 59.4700 5.2 0.525 0.524
32.630 60.00 59.4700 5.2 0.525 0.524
32.680 60.00 59.4700 5.2 0.525 0.524
32.730 60.00 59.4700 5.2 0.525 0.524
32.780 60.00 59.4700 5.2 0.525 0.524
32.829 60.00 59.4700 5.2 0.525 0.524
32.879 60.00 59.4700 5.2 0.525 0.524
32.930 60.00 59.4700 5.2 0.525 0.524
32.979 60.00 59.4700 5.2 0.525 0.524
33.029 60.00 59.4700 5.2 0.525 0.524
33.078 60.00 59.4700 5.2 0.525 0.524
33.129 60.00 59.4700 5.2 0.525 0.524
33.179 60.00 59.4700 5.2 0.525 0.524
33.229 60.00 59.4700 5.2 0.525 0.524
33.279 60.00 59.4700 5.2 0.525 0.524
33.329 60.00 59.4700 5.2 0.525 0.524
33.379 60.00 59.4700 5.2 0.525 0.524
33.429 60.00 59.4700 5.2 0.525 0.524
33.479 60.00 59.4700 5.2 0.525 0.524
33.529 60.00 59.4700 5.2 0.525 0.524
33.578 60.00 59.4700 5.2 0.525 0.524
33.629 60.00 59.4700 5.2 0.525 0.524
33.679 60.00 59.4700 5.2 0.525 0.524
33.730 60.00 59.4700 5.2 0.525 0.524
33.779 60.00 59.4700 5.2 0.525 0.524
33.828 60.00 59.4700 5.2 0.525 0.524
33.879 60.00 59.4700 5.2 0.525 0.524
33.929 60.00 59.4700 5.2 0.525 0.524
33.980 60.00 59.4700 5.2 0.525 0.524
34.029 60.00 59.4700 5.2 0.525 0.524
34.078 60.00 59.4700 5.2 0.525 0.524
34.129 60.00 59.4700 5.2 0.525 0.524
34.180 60.00 59.4700 5.2 0.525 0.524
34.229 60.00 59.4700 5.2 0.525 0.524
34.279 60.00 59.4700 5.2 0.525 0.524
34.328 60.00 59.4700 5.2 0.525 0.524
34.380 60.00 59.4700 5.2 0.525 0.524
34.429 60.00 59.4700 5.2 0.525 0.524
34.479 60.00 59.4700 5.2 0.525 0.524
34.529 60.00 59.4700 5.2 0.525 0.524
34.577 60.00 59.4700 5.2 0.525 0.524
34.628 60.00 59.4700 5.3 0.525 0.524
34.678 60.00 59.4700 5.3 0.525 0.524
34.728 60.00 59.4700 5.3 0.525 0.524
34.778 60.00 59.4700 5.3 0.525 0.524
34.827 60.00 59.4700 5.3 0.525 0.524
34.878 60.00 59.4700 5.3 0.525 0.525
34.928 60.00 59.4700 5.3 0.525 0.525
34.979 60.00 59.4700 5.3 0.525 0.525
35.028 60.00 59.4700 5.3 0.525 0.525
35.077 60.00 59.4700 5.3 0.525 0.525
35.128 60.00 59.4700 5.3 0.525 0.525
35.179 60.00 59.4700 5.3 0.525 0.525
35.228 60.00 59.4700 5.3 0.525 0.525
35.278 60.00 59.4700 5.3 0.525 0.525
35.327 60.00 59.4700 5.3 0.525 0.525
35.378 60.00 59.4700 5.3 0.525 0.525
35.428 60.00 59.4700 5.3 0.525 0.525
35.478 60.00 59.4700 5.3 0.525 0.525
35.528 60.00 59.4700 5.3 0.525 0.525
35.577 60.00 59.4700 5.3 0.525 0.525
35.628 60.00 59.4700 5.3 0.525 0.525
35.678 60.00 59.4700 5.3 0.525 0.525
35.728 60.00 59.4700 5.3 0.525 0.525
35.778 60.00 59.4700 5.3 0.525 0.525
35.827 60.00 59.4700 5.3 0.525 0.525
35.878 60.00 59.4700 5.3 0.525 0.525
35.928 60.00 59.4700 5.3 0.525 0.525
35.978 60.00 59.4700 5.3 0.525 0.525
36.028 60.00 59.4700 5.3 0.525 0.525
36.076 60.00 59.4700 5.3 0.525 0.525
36.127 60.00 59.4700 5.3 0.525 0.525
36.177 60.00 59.4700 5.3 0.525 0.525
36.227 60.00 59.4700 5.3 0.525 0.525
36.277 60.00 59.4700 5.3 0.525 0.525
36.326 60.00 59.4700 5.3 0.525 0.525
36.377 60.00 59.4700 5.3 0.525 0.525
36.427 60.00 59.4700 5.3 0.525 0.525
36.477 60.00 59.4700 5.3 0.525 0.525
36.527 60.00 59.4700 5.3 0.525 0.525
36.576 60.00 59.4700 5.3 0.525 0.525
36.627 60.00 59.4700 5.3 0.525 0.525
36.677 60.00 59.4700 5.3 0.525 0.525
36.727 60.00 59.4700 5.3 0.525 0.525
36.777 60.00 59.4700 5.3 0.525 0.525
36.826 60.00 59.4700 5.3 0.525 0.525
36.877 60.00 59.4700 5.3 0.525 0.525
36.928 60.00 59.4700 5.3 0.525 0.525
36.977 60.00 59.4700 5.3 0.525 0.525
37.027 60.00 59.4700 5.3 0.525 0.525
37.076 60.00 59.4700 5.3 0.525 0.525
37.127 60.00 59.4700 5.3 0.525 0.525
37.177 60.00 59.4700 5.3 0.525 0.525
37.227 60.00 59.4700 5.3 0.525 0.525
37.277 60.00 59.4700 5.3 0.525 0.525
37.326 60.00 59.4700 5.3 0.525 0.525
37.377 60.00 59.4700 5.3 0.525 0.525
37.427 60.00 59.4700 5.3 0.525 0.525
37.477 60.00 59.4700 5.3 0.525 0.525
37.527 60.00 59.4700 5.3 0.525 0.525
37.575 60.00 59.4700 5.3 0.525 0.525
37.626 60.00 59.4700 5.3 0.525 0.525
37.676 60.00 59.4700 5.3 0.525 0.525
37.726 60.00 59.4700 5.3 0.525 0.525
37.777 60.00 59.4700 5.3 0.525 0.525
37.825 60.00 59.4700 5.3 0.525 0.525
37.876 60.00 59.4700 5.3 0.525 0.525
37.926 60.00 59.4700 5.3 0.525 0.525
37.976 60.00 59.4700 5.3 0.525 0.525
38.026 60.00 59.4700 5.3 0.525 0.525
38.075 60.00 59.4700 5.3 0.525 0.525
38.126 60.00 59.4700 5.3 0.525 0.525
38.176 60.00 59.4700 5.3 0.525 0.525
38.226 60.00 59.4700 5.3 0.525 0.525
38.276 60.00 59.4700 5.3 0.525 0.525
38.325 60.00 59.4700 5.3 0.525 0.525
38.376 60.00 59.4700 5.3 0.525 0.525
38.426 60.00 59.4700 5.3 0.525 0.525
38.476 60.00 59.4700 5.3 0.525 0.525
38.526 60.00 59.4700 5.3 0.525 0.525
38.575 60.00 59.4700 5.3 0.525 0.525
38.626 60.00 59.4700 5.3 0.525 0.525
38.676 60.00 59.4700 5.3 0.525 0.525
38.726 60.00 59.4700 5.3 0.525 0.525
38.776 60.00 59.4700 5.3 0.525 0.525
38.825 60.00 59.4700 5.3 0.525 0.525
38.876 60.00 59.4700 5.3 0.525 0.525
38.927 60.00 59.4700 5.3 0.525 0.525
38.976 60.00 59.4700 5.3 0.525 0.525
39.026 60.00 59.4700 5.3 0.525 0.525
39.075 60.00 59.4700 5.3 0.525 0.525
39.126 60.00 59.4700 5.3 0.525 0.525
39.175 60.00 59.4700 5.3 0.525 0.525
39.225 60.00 59.4700 5.4 0.525 0.525
39.275 60.00 59.4700 5.4 0.525 0.525
39.324 60.00 59.4700 5.4 0.525 0.525
39.375 60.00 59.4700 5.4 0.525 0.525
39.425 60.00 59.4700 5.4 0.525 0.525
39.475 60.00 59.4700 5.4 0.525 0.525
39.526 60.00 59.4700 5.4 0.525 0.525
39.574 60.00 59.4700 5.4 0.525 0.525
39.625 60.00 59.4700 5.4 0.525 0.525
39.675 60.00 59.4700 5.4 0.525 0.525
39.726 60.00 59.4700 5.4 0.525 0.525
39.775 60.00 59.4700 5.4 0.525 0.525
39.824 60.00 59.4700 5.4 0.525 0.525
39.875 60.00 59.4700 5.4 0.525 0.525
39.925 60.00 59.4700 5.4 0.525 0.525
39.975 60.00 59.4700 5.4 0.525 0.525
40.025 60.00 59.4700 5.4 0.525 0.525
40.074 60.00 59.4700 5.4 0.525 0.525
40.125 60.00 59.4700 5.4 0.525 0.525
40.175 60.00 59.4700 5.4 0.525 0.525
40.225 60.00 59.4700 5.4 0.525 0.525
40.275 60.00 59.4700 5.4 0.525 0.525
40.324 60.00 59.4700 5.4 0.525 0.525
40.375 60.00 59.4700 5.4 0.525 0.525
40.425 60.00 59.4700 5.4 0.525 0.525
40.475 60.00 59.4700 5.4 0.525 0.525
40.525 60.00 59.4700 5.4 0.525 0.525
40.574 60.00 59.4700 5.4 0.525 0.525
40.624 60.00 59.4700 5.4 0.525 0.525
40.674 60.00 59.4700 5.4 0.525 0.525
40.724 60.00 59.4700 5.4 0.525 0.525
40.774 60.00 59.4700 5.4 0.525 0.525
40.824 60.00 59.4700 5.4 0.525 0.525
40.874 60.00 59.4700 5.4 0.525 0.525
40.924 60.00 59.4700 5.4 0.525 0.525
40.974 60.00 59.4700 5.4 0.525 0.525
41.024 60.00 59.4700 5.4 0.525 0.525
41.074 60.00 59.4700 5.4 0.525 0.525
41.124 60.00 59.4700 5.4 0.525 0.525
41.174 60.00 59.4700 5.4 0.525 0.525
41.224 60.00 59.4700 5.4 0.525 0.525
41.274 60.00 59.4700 5.4 0.525 0.525
41.324 60.00 59.4700 5.4 0.525 0.525
41.374 60.00 59.4700 5.4 0.525 0.525
41.424 60.00 59.4700 5.4 0.525 0.525
41.474 60.00 59.4700 5.4 0.525 0.525
41.524 60.00 59.4700 5.4 0.525 0.525
41.574 60.00 59.4700 5.4 0.525 0.525
41.623 60.00 59.4700 5.4 0.525 0.525
41.674 60.00 59.4700 5.4 0.525 0.525
41.724 60.00 59.4700 5.4 0.525 0.525
41.774 60.00 59.4700 5.4 0.525 0.525
41.824 60.00 59.4700 5.4 0.525 0.525
41.874 60.00 59.4700 5.4 0.525 0.525
41.924 60.00 59.4700 5.4 0.525 0.525
41.974 60.00 59.4700 5.4 0.525 0.525
42.025 60.00 59.4700 5.4 0.525 0.525
42.074 60.00 59.4700 5.4 0.525 0.525
42.124 60.00 59.4700 5.4 0.525 0.525
42.174 60.00 59.4700 5.4 0.525 0.525
42.223 60.00 59.4700 5.4 0.525 0.525
42.273 60.00 59.4700 5.4 0.525 0.525
42.323 60.00 59.4700 5.4 0.525 0.525
42.372 60.00 59.4700 5.4 0.525 0.525
42.423 60.00 59.4700 5.4 0.525 0.525
42.473 60.00 59.4700 5.4 0.525 0.525
42.523 60.00 59.4700 5.4 0.525 0.525
42.573 60.00 59.4700 5.4 0.525 0.525
42.622 60.00 59.4700 5.4 0.525 0.525
42.673 60.00 59.4700 5.4 0.525 0.525
42.723 60.00 59.4700 5.4 0.525 0.525
42.773 60.00 59.4700 5.4 0.525 0.525
42.823 60.00 59.4700 5.4 0.525 0.525
42.872 60.00 59.4700 5.4 0.525 0.525
42.923 60.00 59.4700 5.4 0.525 0.525
42.973 60.00 59.4700 5.4 0.525 0.525
43.023 60.00 59.4700 5.4 0.525 0.525
43.074 60.00 59.4700 5.4 0.525 0.525
43.122 60.00 59.4700 5.4 0.525 0.525
43.173 60.00 59.4700 5.4 0.525 0.525
43.223 60.00 59.4700 5.4 0.525 0.525
43.273 60.00 59.4700 5.4 0.525 0.525
43.323 60.00 59.4700 5.4 0.525 0.525
43.372 60.00 59.4700 5.4 0.525 0.525
43.423 60.00 59.4700 5.5 0.525 0.525
43.473 60.00 59.4700 5.5 0.525 0.525
43.523 60.00 59.4700 5.5 0.525 0.525
43.573 60.00 59.4700 5.5 0.525 0.525
43.623 60.00 59.4700 5.5 0.525 0.525
43.672 60.00 59.4700 5.5 0.525 0.525
43.722 60.00 59.4700 5.5 0.525 0.525
43.772 60.00 59.4700 5.5 0.525 0.525
43.823 60.00 59.4700 5.5 0.525 0.525
43.871 60.00 59.4700 5.5 0.525 0.525
43.922 60.00 59.4700 5.5 0.525 0.525
43.972 60.00 59.4700 5.5 0.525 0.525
44.023 60.00 59.4700 5.5 0.525 0.525
44.072 60.00 59.4700 5.5 0.525 0.525
44.121 60.00 59.4700 5.5 0.525 0.525
44.172 60.00 59.4700 5.5 0.525 0.525
44.222 60.00 59.4700 5.5 0.525 0.525
44.272 60.00 59.4700 5.5 0.525 0.525
44.322 60.00 59.4700 5.5 0.525 0.525
44.371 60.00 59.4700 5.5 0.525 0.525
44.422 60.00 59.4700 5.5 0.525 0.525
44.472 60.00 59.4700 5.5 0.525 0.525
44.522 60.00 59.4700 5.5 0.525 0.525
44.572 60.00 59.4700 5.5 0.525 0.525
44.621 60.00 59.4700 5.5 0.525 0.525
44.673 60.00 59.4700 5.5 0.525 0.525
44.722 60.00 59.4700 5.5 0.525 0.525
44.772 60.00 59.4700 5.5 0.525 0.525
44.822 60.00 59.4700 5.5 0.525 0.525
44.871 60.00 59.4700 5.5 0.525 0.525
44.922 60.00 59.4700 5.5 0.525 0.525
44.972 60.00 59.4700 5.5 0.525 0.525
45.022 60.00 59.4700 5.5 0.525 0.525
45.072 60.00 59.4700 5.5 0.525 0.525
45.121 60.00 59.4700 5.5 0.525 0.525
45.171 60.00 59.4700 5.5 0.525 0.525
45.222 60.00 59.4700 5.5 0.525 0.525
45.271 60.00 59.4700 5.5 0.525 0.525
45.321 60.00 59.4700 5.5 0.525 0.525
45.370 60.00 59.4700 5.5 0.525 0.525
45.421 60.00 59.4700 5.5 0.525 0.525
45.471 60.00 59.4700 5.5 0.525 0.525
45.521 60.00 59.4700 5.5 0.525 0.525
45.571 60.00 59.4700 5.5 0.525 0.525
45.620 60.00 59.4700 5.5 0.525 0.525
45.671 60.00 59.4700 5.5 0.525 0.525
45.721 60.00 59.4700 5.5 0.525 0.525
45.771 60.00 59.4700 5.5 0.525 0.525
45.821 60.00 59.4700 5.5 0.525 0.525
45.870 60.00 59.4700 5.5 0.525 0.525
45.921 60.00 59.4700 5.5 0.525 0.525
45.971 60.00 59.4700 5.5 0.525 0.525
46.021 60.00 59.4700 5.5 0.525 0.525
46.071 60.00 59.4700 5.5 0.525 0.525
46.120 60.00 59.4700 5.5 0.525 0.525
46.171 60.00 59.4700 5.5 0.525 0.525
46.221 60.00 59.4700 5.5 0.525 0.525
46.271 60.00 59.4700 5.5 0.525 0.525
46.321 60.00 59.4700 5.5 0.525 0.525
46.370 60.00 59.4700 5.5 0.525 0.525
46.421 60.00 59.4700 5.5 0.525 0.525
46.471 60.00 59.4700 5.5 0.525 0.525
46.521 60.00 59.4700 5.5 0.525 0.525
46.571 60.00 59.4700 5.5 0.525 0.525
46.620 60.00 59.4700 5.5 0.525 0.525
46.670 60.00 59.4700 5.5 0.525 0.525
46.720 60.00 59.4700 5.5 0.525 0.525
46.770 60.00 59.4700 5.5 0.525 0.525
46.820 60.00 59.4700 5.5 0.525 0.525
46.869 60.00 59.4700 5.5 0.525 0.525
46.921 60.00 59.4700 5.5 0.525 0.525
46.970 60.00 59.4700 5.5 0.525 0.525
47.020 60.00 59.4700 5.5 0.525 0.525
47.070 60.00 59.4700 5.5 0.525 0.525
47.119 60.00 59.4700 5.5 0.525 0.525
47.170 60.00 59.4700 5.5 0.525 0.525
47.220 60.00 59.4700 5.5 0.525 0.525
47.270 60.00 59.4700 5.5 0.525 0.525
47.320 60.00 59.4700 5.5 0.525 0.525
47.369 60.00 59.4700 5.5 0.525 0.525
47.420 60.00 59.4700 5.5 0.525 0.525
47.470 60.00 59.4700 5.5 0.525 0.525
47.520 60.00 59.4700 5.5 0.525 0.525
47.570 60.00 59.4700 5.5 0.525 0.525
47.619 60.00 59.4700 5.5 0.525 0.525
47.670 60.00 59.4700 5.5 0.525 0.525
47.720 60.00 59.4700 5.5 0.525 0.525
47.770 60.00 59.4700 5.5 0.525 0.525
47.820 60.00 59.4700 5.5 0.525 0.525
47.869 60.00 59.4700 5.5 0.525 0.525
47.920 60.00 59.4700 5.5 0.525 0.525
47.970 60.00 59.4700 5.5 0.525 0.525
48.020 60.00 59.4700 5.5 0.525 0.525
48.070 60.00 59.4700 5.5 0.525 0.525
48.119 60.00 59.4700 5.5 0.525 0.525
48.170 60.00 59.4700 5.5 0.525 0.525
48.220 60.00 59.4700 5.5 0.525 0.525
48.269 60.00 59.4700 5.5 0.525 0.525
48.319 60.00 59.4700 5.5 0.525 0.525
48.368 60.00 59.4700 5.5 0.525 0.525
48.419 60.00 59.4700 5.5 0.525 0.525
48.469 60.00 59.4700 5.5 0.525 0.525
48.519 60.00 59.4700 5.5 0.525 0.525
48.569 60.00 59.4700 5.6 0.525 0.525
48.618 60.00 59.4700 5.6 0.525 0.525
48.669 60.00 59.4700 5.6 0.525 0.525
48.720 60.00 59.4700 5.6 0.525 0.525
48.769 60.00 59.4700 5.6 0.525 0.525
48.819 60.00 59.4700 5.6 0.525 0.525
48.868 60.00 59.4700 5.6 0.525 0.525
48.919 60.00 59.4700 5.6 0.525 0.525
48.969 60.00 59.4700 5.6 0.525 0.525
49.019 60.00 59.4700 5.6 0.525 0.525
49.069 60.00 59.4700 5.6 0.525 0.525
49.118 60.00 59.4700 5.6 0.525 0.525
49.169 60.00 59.4700 5.6 0.525 0.525
49.219 60.00 59.4700 5.6 0.525 0.525
49.269 60.00 59.4700 5.6 0.525 0.525
49.320 60.00 59.4700 5.6 0.525 0.525
49.368 60.00 59.4700 5.6 0.525 0.525
49.419 60.00 59.4700 5.6 0.525 0.525
49.469 60.00 59.4700 5.6 0.525 0.525
49.519 60.00 59.4700 5.6 0.525 0.525
49.569 60.00 59.4700 5.6 0.525 0.525
49.618 60.00 59.4700 5.6 0.525 0.525
49.669 60.00 59.4700 5.6 0.525 0.525
49.719 60.00 59.4700 5.6 0.525 0.525
49.769 60.00 59.4700 5.6 0.525 0.525
49.819 60.00 59.4700 5.6 0.525 0.525
49.867 60.00 59.4700 5.6 0.525 0.525
49.918 60.00 59.4700 5.6 0.525 0.525
49.968 60.00 59.4700 5.6 0.525 0.525
50.018 60.00 59.4700 5.6 0.525 0.525
50.068 60.00 59.4700 5.6 0.525 0.525
50.117 60.00 59.4700 5.6 0.525 0.525
50.168 60.00 59.4700 5.6 0.525 0.525
50.218 60.00 59.4700 5.6 0.525 0.525
50.268 60.00 59.4700 5.6 0.525 0.525
50.318 60.00 59.4700 5.6 0.525 0.525
50.367 60.00 59.4700 5.6 0.525 0.525
50.418 60.00 59.4700 5.6 0.525 0.525
50.468 60.00 59.4700 5.6 0.525 0.525
50.518 60.00 59.4700 5.6 0.525 0.525
50.568 60.00 59.4700 5.6 0.525 0.525
50.617 60.00 59.4700 5.6 0.525 0.525
50.668 60.00 59.4700 5.6 0.525 0.525
50.718 60.00 59.4700 5.6 0.525 0.525
50.768 60.00 59.4700 5.6 0.525 0.525
50.818 60.00 59.4700 5.6 0.525 0.525
50.867 60.00 59.4700 5.6 0.525 0.525
50.918 60.00 59.4700 5.6 0.525 0.525
50.968 60.00 59.4700 5.6 0.525 0.525
51.018 60.00 59.4700 5.6 0.525 0.525
51.068 60.00 59.4700 5.6 0.525 0.525
51.117 60.00 59.4700 5.6 0.525 0.525
51.169 60.00 59.4700 5.6 0.525 0.525
51.218 60.00 59.4700 5.6 0.525 0.525
51.268 60.00 59.4700 5.6 0.525 0.525
51.318 60.00 59.4700 5.6 0.525 0.525
51.368 60.00 59.4700 5.6 0.525 0.525
51.417 60.00 59.4700 5.6 0.525 0.525
51.467 60.00 59.4700 5.6 0.525 0.525
51.517 60.00 59.4700 5.6 0.525 0.525
51.567 60.00 59.4700 5.6 0.525 0.525
51.616 60.00 59.4700 5.6 0.525 0.525
51.667 60.00 59.4700 5.6 0.525 0.525
51.717 60.00 59.4700 5.6 0.525 0.525
51.767 60.00 59.4700 5.6 0.525 0.525
51.817 60.00 59.4700 5.6 0.525 0.525
51.866 60.00 59.4700 5.6 0.525 0.525
51.917 60.00 59.4700 5.6 0.525 0.525
51.967 60.00 59.4700 5.6 0.525 0.525
52.017 60.00 59.4700 5.6 0.525 0.525
52.067 60.00 59.4700 5.6 0.525 0.525
52.116 60.00 59.4700 5.6 0.525 0.525
52.168 60.00 59.4700 5.6 0.525 0.525
52.217 60.00 59.4700 5.6 0.525 0.525
52.267 60.00 59.4700 5.6 0.525 0.525
52.317 60.00 59.4700 5.6 0.525 0.525
52.367 60.00 59.4700 5.6 0.525 0.525
52.417 60.00 59.4700 5.6 0.525 0.525
52.467 60.00 59.4700 5.6 0.525 0.525
52.517 60.00 59.4700 5.6 0.525 0.525
52.568 60.00 59.4700 5.6 0.525 0.525
52.616 60.00 59.4700 5.6 0.525 0.525
52.667 60.00 59.4700 5.6 0.525 0.525
52.717 60.00 59.4700 5.6 0.525 0.525
52.768 60.00 59.4700 5.6 0.525 0.525
52.817 60.00 59.4700 5.6 0.525 0.525
52.866 60.00 59.4700 5.7 0.525 0.525
52.916 60.00 59.4700 5.7 0.525 0.525
52.966 60.00 59.4700 5.7 0.525 0.525
53.016 60.00 59.4700 5.7 0.525 0.525
53.066 60.00 59.4700 5.7 0.525 0.525
53.116 60.00 59.4700 5.7 0.525 0.525
53.166 60.00 59.4700 5.7 0.525 0.525
53.216 60.00 59.4700 5.7 0.525 0.525
53.266 60.00 59.4700 5.7 0.525 0.525
53.316 60.00 59.4700 5.7 0.525 0.525
53.366 60.00 59.4700 5.7 0.525 0.525
53.416 60.00 59.4700 5.7 0.525 0.525
53.466 60.00 59.4700 5.7 0.525 0.525
53.516 60.00 59.4700 5.7 0.525 0.525
53.566 60.00 59.4700 5.7 0.525 0.525
53.616 60.00 59.4700 5.7 0.525 0.525
53.666 60.00 59.4700 5.7 0.525 0.525
53.716 60.00 59.4700 5.7 0.525 0.525
53.766 60.00 59.4700 5.7 0.525 0.525
53.816 60.00 59.4700 5.7 0.525 0.525
53.866 60.00 59.4700 5.7 0.525 0.525
53.916 60.00 59.4700 5.7 0.525 0.525
53.966 60.00 59.4700 5.7 0.525 0.525
54.016 60.00 59.4700 5.7 0.525 0.525
54.066 60.00 59.4700 5.7 0.525 0.525
54.116 60.00 59.4700 5.7 0.525 0.525
54.166 60.00 59.4700 5.7 0.525 0.525
54.216 60.00 59.4700 5.7 0.525 0.525
54.266 60.00 59.4700 5.7 0.525 0.525
54.316 60.00 59.4700 5.7 0.525 0.525
54.366 60.00 59.4700 5.7 0.525 0.525
54.414 60.00 59.4700 5.7 0.525 0.525
54.465 60.00 59.4700 5.7 0.525 0.525
54.515 60.00 59.4700 5.7 0.525 0.525
54.565 60.00 59.4700 5.7 0.525 0.525
54.615 60.00 59.4700 5.7 0.525 0.525
54.664 60.00 59.4700 5.7 0.525 0.525
54.715 60.00 59.4700 5.7 0.525 0.525
54.765 60.00 59.4700 5.7 0.525 0.525
54.815 60.00 59.4700 5.7 0.525 0.525
54.865 60.00 59.4700 5.7 0.525 0.525
54.914 60.00 59.4700 5.7 0.525 0.525
54.965 60.00 59.4700 5.7 0.525 0.525
55.015 60.00 59.4700 5.7 0.525 0.525
55.066 60.00 59.4700 5.7 0.525 0.525
55.115 60.00 59.4700 5.7 0.525 0.525
55.164 60.00 59.4700 5.7 0.525 0.525
55.215 60.00 59.4700 5.7 0.525 0.525
55.265 60.00 59.4700 5.7 0.525 0.525
55.315 60.00 59.4700 5.7 0.525 0.525
55.365 60.00 59.4700 5.7 0.525 0.525
55.414 60.00 59.4700 5.7 0.525 0.525
55.465 60.00 59.4700 5.7 0.525 0.525
55.515 60.00 59.4700 5.7 0.525 0.525
55.565 60.00 59.4700 5.7 0.525 0.525
55.615 60.00 59.4700 5.7 0.525 0.525
55.664 60.00 59.4700 5.7 0.525 0.525
55.716 60.00 59.4700 5.7 0.525 0.525
55.765 60.00 59.4700 5.7 0.525 0.525
55.815 60.00 59.4700 5.7 0.525 0.525
55.865 60.00 59.4700 5.7 0.525 0.525
55.914 60.00 59.4700 5.7 0.525 0.525
55.964 60.00 59.4700 5.7 0.525 0.525
56.014 60.00 59.4700 5.7 0.525 0.525
56.064 60.00 59.4700 5.7 0.525 0.525
56.114 60.00 59.4700 5.7 0.525 0.525
56.163 60.00 59.4700 5.7 0.525 0.525
56.214 60.00 59.4700 5.7 0.525 0.525
56.264 60.00 59.4700 5.7 0.525 0.525
56.314 60.00 59.4700 5.7 0.525 0.525
56.364 60.00 59.4700 5.7 0.525 0.525
56.413 60.00 59.4700 5.7 0.525 0.525
56.464 60.00 59.4700 5.7 0.525 0.525
56.514 60.00 59.4700 5.7 0.525 0.525
56.564 60.00 59.4700 5.7 0.525 0.525
56.614 60.00 59.4700 5.7 0.525 0.525
56.663 60.00 59.4700 5.7 0.525 0.525
56.714 60.00 59.4700 5.7 0.525 0.525
56.764 60.00 59.4700 5.7 0.525 0.525
56.814 60.00 59.4700 5.7 0.525 0.525
56.864 60.00 59.4700 5.7 0.525 0.525
56.913 60.00 59.4700 5.7 0.525 0.525
56.964 60.00 59.4700 5.7 0.525 0.525
57.014 60.00 59.4700 5.7 0.525 0.525
57.064 60.00 59.4700 5.7 0.525 0.525
57.114 60.00 59.4700 5.7 0.525 0.525
57.163 60.00 59.4700 5.7 0.525 0.525
57.214 60.00 59.4700 5.7 0.525 0.525
57.264 60.00 59.4700 5.7 0.525 0.525
57.314 60.00 59.4700 5.7 0.525 0.525
57.364 60.00 59.4700 5.7 0.525 0.525
57.413 60.00 59.4700 5.7 0.525 0.525
57.463 60.00 59.4700 5.7 0.525 0.525
57.514 60.00 59.4700 5.7 0.525 0.525
57.564 60.00 59.4700 5.7 0.525 0.525
57.613 60.00 59.4700 5.8 0.525 0.525
57.662 60.00 59.4700 5.8 0.525 0.525
57.713 60.00 59.4700 5.8 0.525 0.525
57.763 60.00 59.4700 5.8 0.525 0.525
57.813 60.00 59.4700 5.8 0.525 0.525
57.863 60.00 59.4700 5.8 0.525 0.525
57.912 60.00 59.4700 5.8 0.525 0.525
57.964 60.00 59.4700 5.8 0.525 0.525
58.013 60.00 59.4700 5.8 0.525 0.525
58.063 60.00 59.4700 5.8 0.525 0.525
58.113 60.00 59.4700 5.8 0.525 0.525
58.163 60.00 59.4700 5.8 0.525 0.525
58.213 60.00 59.4700 5.8 0.525 0.525
58.263 60.00 59.4700 5.8 0.525 0.525
58.313 60.00 59.4700 5.8 0.525 0.525
58.363 60.00 59.4700 5.8 0.525 0.525
58.412 60.00 59.4700 5.8 0.525 0.525
58.463 60.00 59.4700 5.8 0.525 0.525
58.513 60.00 59.4700 5.8 0.525 0.525
58.564 60.00 59.4700 5.8 0.525 0.525
58.613 60.00 59.4700 5.8 0.525 0.525
58.662 60.00 59.4700 5.8 0.525 0.525
58.713 60.00 59.4700 5.8 0.525 0.525
58.763 60.00 59.4700 5.8 0.525 0.525
58.813 60.00 59.4700 5.8 0.525 0.525
58.863 60.00 59.4700 5.8 0.525 0.525
58.912 60.00 59.4700 5.8 0.525 0.525
58.963 60.00 59.4700 5.8 0.525 0.525
59.013 60.00 59.4700 5.8 0.525 0.525
59.063 60.00 59.4700 5.8 0.525 0.525
59.112 60.00 59.4700 5.8 0.525 0.525
59.161 60.00 59.4700 5.8 0.525 0.525
59.212 60.00 59.4700 5.8 0.525 0.525
59.262 60.00 59.4700 5.8 0.525 0.525
59.312 60.00 59.4700 5.8 0.525 0.525
59.362 60.00 59.4700 5.8 0.525 0.525
59.411 60.00 59.4700 5.8 0.525 0.525
59.462 60.00 59.4700 5.8 0.525 0.525
59.512 60.00 59.4700 5.8 0.525 0.525
59.562 60.00 59.4700 5.8 0.525 0.525
59.612 60.00 59.4700 5.8 0.525 0.525
59.661 60.00 59.4700 5.8 0.525 0.525
59.712 60.00 59.4700 5.8 0.525 0.525
59.762 60.00 59.4700 5.8 0.525 0.525
59.812 60.00 59.4700 5.8 0.525 0.525
59.862 60.00 59.4700 5.8 0.525 0.525
59.911 60.00 59.4700 5.8 0.525 0.525
59.962 60.00 59.4700 5.8 0.525 0.525
60.012 60.00 59.4700 5.8 0.525 0.525
60.062 60.00 59.4700 5.8 0.525 0.525
60.112 60.00 59.4700 5.8 0.525 0.525
60.161 60.00 59.4700 5.8 0.525 0.525
60.212 60.00 59.4700 5.8 0.525 0.525
60.262 60.00 59.4700 5.8 0.525 0.525
60.312 60.00 59.4700 5.8 0.525 0.525
60.362 60.00 59.4700 5.8 0.525 0.525
60.411 60.00 59.4700 5.8 0.525 0.525
60.462 60.00 59.4700 5.8 0.525 0.525
60.512 60.00 59.4700 5.8 0.525 0.525
60.562 60.00 59.4700 5.8 0.525 0.525
60.612 60.00 59.4700 5.8 0.525 0.525
60.660 60.00 59.4700 5.8 0.525 0.525
60.711 60.00 59.4700 5.8 0.525 0.525
60.761 60.00 59.4700 5.8 0.525 0.525
60.812 60.00 59.4700 5.8 0.525 0.525
60.861 60.00 59.4700 5.8 0.525 0.525
60.910 60.00 59.4700 5.8 0.525 0.525
60.961 60.00 59.4700 5.8 0.525 0.525
61.011 60.00 59.4700 5.8 0.525 0.525
61.061 60.00 59.4700 5.8 0.525 0.525
61.111 60.00 59.4700 5.8 0.525 0.525
61.160 60.00 59.4700 5.8 0.525 0.525
61.211 60.00 59.4700 5.8 0.525 0.525
61.261 60.00 59.4700 5.8 0.525 0.525
61.311 60.00 59.4700 5.8 0.525 0.525
61.362 60.00 59.4700 5.8 0.525 0.525
61.410 60.00 59.4700 5.8 0.525 0.525
61.462 60.00 59.4700 5.8 0.525 0.525
61.511 60.00 59.4700 5.8 0.525 0.525
61.561 60.00 59.4700 5.8 0.525 0.525
61.611 60.00 59.4700 5.8 0.525 0.525
61.660 60.00 59.4700 5.8 0.525 0.525
61.711 60.00 59.4700 5.8 0.525 0.525
61.761 60.00 59.4700 5.8 0.525 0.525
61.811 60.00 59.4700 5.8 0.525 0.525
61.861 60.00 59.4700 5.8 0.525 0.525
61.910 60.00 59.4700 5.8 0.525 0.525
61.961 60.00 59.4700 5.8 0.525 0.525
62.011 60.00 59.4700 5.8 0.525 0.525
62.061 60.00 59.4700 5.8 0.525 0.525
62.111 60.00 59.4700 5.8 0.525 0.525
62.159 60.00 59.4700 5.8 0.525 0.525
62.210 60.00 59.4700 5.8 0.525 0.525
62.260 60.00 59.4700 5.8 0.525 0.525
62.310 60.00 59.4700 5.8 0.525 0.525
62.360 60.00 59.4700 5.8 0.525 0.525
62.409 60.00 59.4700 5.8 0.525 0.525
62.460 60.00 59.4700 5.8 0.525 0.525
62.510 60.00 59.4700 5.8 0.525 0.525
62.560 60.00 59.4700 5.8 0.525 0.525
62.610 60.00 59.4700 5.8 0.525 0.525
62.659 60.00 59.4700 5.8 0.525 0.525
62.710 60.00 59.4700 5.8 0.525 0.525
62.760 60.00 59.4700 5.8 0.525 0.525
62.810 60.00 59.4700 5.9 0.525 0.525
62.860 60.00 59.4700 5.9 0.525 0.525
62.909 60.00 59.4700 5.9 0.525 0.525
62.960 60.00 59.4700 5.9 0.525 0.525
63.010 60.00 59.4700 5.9 0.525 0.525
63.060 60.00 59.4700 5.9 0.525 0.525
63.110 60.00 59.4700 5.9 0.525 0.525
63.159 60.00 59.4700 5.9 0.525 0.525
63.210 60.00 59.4700 5.9 0.525 0.525
63.260 60.00 59.4700 5.9 0.525 0.525
63.310 60.00 59.4700 5.9 0.525 0.525
63.360 60.00 59.4700 5.9 0.525 0.525
63.409 60.00 59.4700 5.9 0.525 0.525
63.461 60.00 59.4700 5.9 0.525 0.525
63.510 60.00 59.4700 5.9 0.525 0.525
63.560 60.00 59.4700 5.9 0.525 0.525
63.610 60.00 59.4700 5.9 0.525 0.525
63.658 60.00 59.4700 5.9 0.525 0.525
63.710 60.00 59.4700 5.9 0.525 0.525
63.759 60.00 59.4700 5.9 0.525 0.525
63.809 60.00 59.4700 5.9 0.525 0.525
63.859 60.00 59.4700 5.9 0.525 0.525
63.908 60.00 59.4700 5.9 0.525 0.525
63.959 60.00 59.4700 5.9 0.525 0.525
64.009 60.00 59.4700 5.9 0.525 0.525
64.059 60.00 59.4700 5.9 0.525 0.525
64.109 60.00 59.4700 5.9 0.525 0.525
64.158 60.00 59.4700 5.9 0.525 0.525
64.209 60.00 59.4700 5.9 0.525 0.525
64.259 60.00 59.4700 5.9 0.525 0.525
64.309 60.00 59.4700 5.9 0.525 0.525
64.359 60.00 59.4700 5.9 0.525 0.525
64.408 60.00 59.4700 5.9 0.525 0.525
64.459 60.00 59.4700 5.9 0.525 0.525
64.509 60.00 59.4700 5.9 0.525 0.525
64.559 60.00 59.4700 5.9 0.525 0.525
64.609 60.00 59.4700 5.9 0.525 0.525
64.658 60.00 59.4700 5.9 0.525 0.525
64.710 60.00 59.4700 5.9 0.525 0.525
64.759 60.00 59.4700 5.9 0.525 0.525
64.809 60.00 59.4700 5.9 0.525 0.525
64.859 60.00 59.4700 5.9 0.525 0.525
64.908 60.00 59.4700 5.9 0.525 0.525
64.959 60.00 59.4700 5.9 0.525 0.525
65.009 60.00 59.4700 5.9 0.525 0.525
65.059 60.00 59.4700 5.9 0.525 0.525
65.108 60.00 59.4700 5.9 0.525 0.525
65.158 60.00 59.4700 5.9 0.525 0.525
65.208 60.00 59.4700 5.9 0.525 0.525
65.258 60.00 59.4700 5.9 0.525 0.525
65.308 60.00 59.4700 5.9 0.525 0.525
65.358 60.00 59.4700 5.9 0.525 0.525
65.408 60.00 59.4700 5.9 0.525 0.525
65.458 60.00 59.4700 5.9 0.525 0.525
65.508 60.00 59.4700 5.9 0.525 0.525
65.558 60.00 59.4700 5.9 0.525 0.525
65.608 60.00 59.4700 5.9 0.525 0.525
65.658 60.00 59.4700 5.9 0.525 0.525
65.708 60.00 59.4700 5.9 0.525 0.525
65.758 60.00 59.4700 5.9 0.525 0.525
65.808 60.00 59.4700 5.9 0.525 0.525
65.858 60.00 59.4700 5.9 0.525 0.525
65.908 60.00 59.4700 5.9 0.525 0.525
65.958 60.00 59.4700 5.9 0.525 0.525
66.008 60.00 59.4700 5.9 0.525 0.525
66.058 60.00 59.4700 5.9 0.525 0.525
66.108 60.00 59.4700 5.9 0.525 0.525
66.158 60.00 59.4700 5.9 0.525 0.525
66.207 60.00 59.4700 5.9 0.525 0.525
66.258 60.00 59.4700 5.9 0.525 0.525
66.308 60.00 59.4700 5.9 0.525 0.525
66.358 60.00 59.4700 5.9 0.525 0.525
66.408 60.00 59.4700 5.9 0.525 0.525
66.458 60.00 59.4700 5.9 0.525 0.525
66.508 60.00 59.4700 5.9 0.525 0.525
66.559 60.00 59.4700 5.9 0.525 0.525
66.608 60.00 59.4700 5.9 0.525 0.525
66.658 60.00 59.4700 5.9 0.525 0.525
66.707 60.00 59.4700 5.9 0.525 0.525
66.757 60.00 59.4700 5.9 0.525 0.525
66.807 60.00 59.4700 5.9 0.525 0.525
66.857 60.00 59.4700 5.9 0.525 0.525
66.907 60.00 59.4700 5.9 0.525 0.525
66.956 60.00 59.4700 5.9 0.525 0.525
67.007 60.00 59.4700 5.9 0.525 0.525
67.057 60.00 59.4700 5.9 0.525 0.525
67.107 60.00 59.4700 6.0 0.525 0.525
67.157 60.00 59.4700 6.0 0.525 0.525
67.206 60.00 59.4700 6.0 0.525 0.525
67.257 60.00 59.4700 6.0 0.525 0.525
67.307 60.00 59.4700 6.0 0.525 0.525
67.357 60.00 59.4700 6.0 0.525 0.525
67.407 60.00 59.4700 6.0 0.525 0.525
67.456 60.00 59.4700 6.0 0.525 0.525
67.507 60.00 59.4700 6.0 0.525 0.525
67.557 60.00 59.4700 6.0 0.525 0.525
67.607 60.00 59.4700 6.0 0.525 0.525
67.657 60.00 59.4700 6.0 0.525 0.525
67.706 60.00 59.4700 6.0 0.525 0.525
67.757 60.00 59.4700 6.0 0.525 0.525
67.807 60.00 59.4700 6.0 0.525 0.525
67.857 60.00 59.4700 6.0 0.525 0.525
67.907 60.00 59.4700 6.0 0.525 0.525
67.956 60.00 59.4700 6.0 0.525 0.525
68.007 60.00 59.4700 6.0 0.525 0.525
68.057 60.00 59.4700 6.0 0.525 0.525
68.107 60.00 59.4700 6.0 0.525 0.525
68.157 60.00 59.4700 6.0 0.525 0.525
68.206 60.00 59.4700 6.0 0.525 0.525
68.256 60.00 59.4700 6.0 0.525 0.525
68.306 60.00 59.4700 6.0 0.525 0.525
68.356 60.00 59.4700 6.0 0.525 0.525
68.406 60.00 59.4700 6.0 0.525 0.525
68.455 60.00 59.4700 6.0 0.525 0.525
68.506 60.00 59.4700 6.0 0.525 0.525
68.556 60.00 59.4700 6.0 0.525 0.525
68.606 60.00 59.4700 6.0 0.525 0.525
68.657 60.00 59.4700 6.0 0.525 0.525
68.705 60.00 59.4700 6.0 0.525 0.525
68.756 60.00 59.4700 6.0 0.525 0.525
68.806 60.00 59.4700 6.0 0.525 0.525
68.856 60.00 59.4700 6.0 0.525 0.525
68.906 60.00 59.4700 6.0 0.525 0.525
68.955 60.00 59.4700 6.0 0.525 0.525
69.006 60.00 59.4700 6.0 0.525 0.525
69.056 60.00 59.4700 6.0 0.525 0.525
69.106 60.00 59.4700 6.0 0.525 0.525
69.156 60.00 59.4700 6.0 0.525 0.525
69.205 60.00 59.4700 6.0 0.525 0.525
69.256 60.00 59.4700 6.0 0.525 0.525
69.306 60.00 59.4700 6.0 0.525 0.525
69.356 60.00 59.4700 6.0 0.525 0.525
69.406 60.00 59.4700 6.0 0.525 0.525
69.455 60.00 59.4700 6.0 0.525 0.525
69.506 60.00 59.4700 6.0 0.525 0.525
69.556 60.00 59.4700 6.0 0.525 0.525
69.606 60.00 59.4700 6.0 0.525 0.525
69.656 60.00 59.4700 6.0 0.525 0.525
69.705 60.00 59.4700 6.0 0.525 0.525
69.755 60.00 59.4700 6.0 0.525 0.525
69.806 60.00 59.4700 6.0 0.525 0.525
69.856 60.00 59.4700 6.0 0.525 0.525
69.905 60.00 59.4700 6.0 0.525 0.525
69.954 60.00 59.4700 6.0 0.525 0.525
70.005 60.00 59.4700 6.0 0.525 0.525
70.055 60.00 59.4700 6.0 0.525 0.525
70.105 60.00 59.4700 6.0 0.525 0.525
70.155 60.00 59.4700 6.0 0.525 0.525
70.204 60.00 59.4700 6.0 0.525 0.525
70.255 60.00 59.4700 6.0 0.525 0.525
70.305 60.00 59.4700 6.0 0.525 0.525
70.355 60.00 59.4700 6.0 0.525 0.525
70.405 60.00 59.4700 6.0 0.525 0.525
70.454 60.00 59.4700 6.0 0.525 0.525
70.505 60.00 59.4700 6.0 0.525 0.525
70.556 60.00 59.4700 6.0 0.525 0.525
70.605 60.00 59.4700 6.0 0.525 0.525
70.655 60.00 59.4700 6.0 0.525 0.525
70.704 60.00 59.4700 6.0 0.525 0.525
70.755 60.00 59.4700 6.0 0.525 0.525
70.805 60.00 59.4700 6.0 0.525 0.525
70.855 60.00 59.4700 6.0 0.525 0.525
70.905 60.00 59.4700 6.0 0.525 0.525
70.954 60.00 59.4700 6.0 0.525 0.525
71.005 60.00 59.4700 6.0 0.525 0.525
71.055 60.00 59.4700 6.0 0.525 0.525
71.105 60.00 59.4700 6.0 0.525 0.525
71.155 60.00 59.4700 6.0 0.525 0.525
71.204 60.00 59.4700 6.0 0.525 0.525
71.254 60.00 59.4700 6.0 0.525 0.525
71.305 60.00 59.4700 6.0 0.525 0.525
71.355 60.00 59.4700 6.0 0.525 0.525
71.404 60.00 59.4700 6.0 0.525 0.525
71.453 60.00 59.4700 6.0 0.525 0.525
71.504 60.00 59.4700 6.0 0.525 0.525
71.554 60.00 59.4700 6.0 0.525 0.525
71.605 60.00 59.4700 6.0 0.525 0.525
71.654 60.00 59.4700 6.0 0.525 0.525
71.703 60.00 59.4700 6.0 0.525 0.525
71.754 60.00 59.4700 6.0 0.525 0.525
71.804 60.00 59.4700 6.0 0.525 0.525
71.854 60.00 59.4700 6.0 0.525 0.525
71.905 60.00 59.4700 6.0 0.525 0.525
71.953 60.00 59.4700 6.0 0.525 0.525
72.004 60.00 59.4700 6.0 0.525 0.525
72.054 60.00 59.4700 6.0 0.525 0.525
72.104 60.00 59.4700 6.0 0.525 0.525
72.154 60.00 59.4700 6.0 0.525 0.525
72.203 60.00 59.4700 6.0 0.525 0.525
72.254 60.00 59.4700 6.0 0.525 0.525
72.304 60.00 59.4700 6.1 0.525 0.525
72.354 60.00 59.4700 6.1 0.525 0.525
72.404 60.00 59.4700 6.1 0.525 0.525
72.453 60.00 59.4700 6.1 0.525 0.525
72.504 60.00 59.4700 6.1 0.525 0.525
72.554 60.00 59.4700 6.1 0.525 0.525
72.604 60.00 59.4700 6.1 0.525 0.525
72.654 60.00 59.4700 6.1 0.525 0.525
72.703 60.00 59.4700 6.1 0.525 0.525
72.755 60.00 59.4700 6.1 0.525 0.525
72.804 60.00 59.4700 6.1 0.525 0.525
72.854 60.00 59.4700 6.1 0.525 0.525
72.904 60.00 59.4700 6.1 0.525 0.525
72.952 60.00 59.4700 6.1 0.525 0.525
73.003 60.00 59.4700 6.1 0.525 0.525
73.053 60.00 59.4700 6.1 0.525 0.525
73.103 60.00 59.4700 6.1 0.525 0.525
73.154 60.00 59.4700 6.1 0.525 0.525
73.202 60.00 59.4700 6.1 0.525 0.525
73.253 60.00 59.4700 6.1 0.525 0.525
73.303 60.00 59.4700 6.1 0.525 0.525
73.354 60.00 59.4700 6.1 0.525 0.525
73.403 60.00 59.4700 6.1 0.525 0.525
73.452 60.00 59.4700 6.1 0.525 0.525
73.503 60.00 59.4700 6.1 0.525 0.525
73.554 60.00 59.4700 6.1 0.525 0.525
73.603 60.00 59.4700 6.1 0.525 0.525
73.653 60.00 59.4700 6.1 0.525 0.525
73.702 60.00 59.4700 6.1 0.525 0.525
73.754 60.00 59.4700 6.1 0.525 0.525
73.803 60.00 59.4700 6.1 0.525 0.525
73.853 60.00 59.4700 6.1 0.525 0.525
73.903 60.00 59.4700 6.1 0.525 0.525
73.953 60.00 59.4700 6.1 0.525 0.525
74.004 60.00 59.4700 6.1 0.525 0.525
74.053 60.00 59.4700 6.1 0.525 0.525
74.103 60.00 59.4700 6.1 0.525 0.525
74.153 60.00 59.4700 6.1 0.525 0.525
74.202 60.00 59.4700 6.1 0.525 0.525
74.253 60.00 59.4700 6.1 0.525 0.525
74.303 60.00 59.4700 6.1 0.525 0.525
74.353 60.00 59.4700 6.1 0.525 0.525
74.403 60.00 59.4700 6.1 0.525 0.525
74.451 60.00 59.4700 6.1 0.525 0.525
74.502 60.00 59.4700 6.1 0.525 0.525
74.552 60.00 59.4700 6.1 0.525 0.525
74.602 60.00 59.4700 6.1 0.525 0.525
74.652 60.00 59.4700 6.1 0.525 0.525
74.701 60.00 59.4700 6.1 0.525 0.525
74.752 60.00 59.4700 6.1 0.525 0.525
74.802 60.00 59.4700 6.1 0.525 0.525
74.852 60.00 59.4700 6.1 0.525 0.525
74.902 60.00 59.4700 6.1 0.525 0.525
74.951 60.00 59.4700 6.1 0.525 0.525
75.002 60.00 59.4700 6.1 0.525 0.525
75.052 60.00 59.4700 6.1 0.525 0.525
75.102 60.00 59.4700 6.1 0.525 0.525
75.152 60.00 59.4700 6.1 0.525 0.525
75.201 60.00 59.4700 6.1 0.525 0.525
75.252 60.00 59.4700 6.1 0.525 0.525
75.302 60.00 59.4700 6.1 0.525 0.525
75.352 60.00 59.4700 6.1 0.525 0.525
75.402 60.00 59.4700 6.1 0.525 0.525
75.451 60.00 59.4700 6.1 0.525 0.525
75.502 60.00 59.4700 6.1 0.525 0.525
75.552 60.00 59.4700 6.1 0.525 0.525
75.602 60.00 59.4700 6.1 0.525 0.525
75.653 60.00 59.4700 6.1 0.525 0.525
75.701 60.00 59.4700 6.1 0.525 0.525
75.752 60.00 59.4700 6.1 0.525 0.525
75.802 60.00 59.4700 6.1 0.525 0.525
75.853 60.00 59.4700 6.1 0.525 0.525
75.902 60.00 59.4700 6.1 0.525 0.525
75.950 60.00 59.4700 6.1 0.525 0.525
76.001 60.00 59.4700 6.1 0.525 0.525
76.051 60.00 59.4700 6.1 0.525 0.525
76.101 60.00 59.4700 6.1 0.525 0.525
76.151 60.00 59.4700 6.1 0.525 0.525
76.200 60.00 59.4700 6.1 0.525 0.525
76.251 60.00 59.4700 6.1 0.525 0.525
76.301 60.00 59.4700 6.1 0.525 0.525
76.351 60.00 59.4700 6.1 0.525 0.525
76.401 60.00 59.4700 6.1 0.525 0.525
76.450 60.00 59.4700 6.1 0.525 0.525
76.501 60.00 59.4700 6.1 0.525 0.525
76.551 60.00 59.4700 6.1 0.525 0.525
76.601 60.00 59.4700 6.2 0.525 0.525
76.651 60.00 59.4700 6.2 0.525 0.525
76.700 60.00 59.4700 6.2 0.525 0.525
76.752 60.00 59.4700 6.2 0.525 0.525
76.801 60.00 59.4700 6.2 0.525 0.525
76.851 60.00 59.4700 6.2 0.525 0.525
76.901 60.00 59.4700 6.2 0.525 0.525
76.950 60.00 59.4700 6.2 0.525 0.525
77.001 60.00 59.4700 6.2 0.525 0.525
77.051 60.00 59.4700 6.2 0.525 0.525
77.101 60.00 59.4700 6.2 0.525 0.525
77.151 60.00 59.4700 6.2 0.525 0.525
77.200 60.00 59.4700 6.2 0.525 0.525
77.251 60.00 59.4700 6.2 0.525 0.525
77.301 60.00 59.4700 6.2 0.525 0.525
77.351 60.00 59.4700 6.2 0.525 0.525
77.401 60.00 59.4700 6.2 0.525 0.525
77.450 60.00 59.4700 6.2 0.525 0.525
77.500 60.00 59.4700 6.2 0.525 0.525
77.550 60.00 59.4700 6.2 0.525 0.525
77.600 60.00 59.4700 6.2 0.525 0.525
77.650 60.00 59.4700 6.2 0.525 0.525
77.699 60.00 59.4700 6.2 0.525 0.525
77.750 60.00 59.4700 6.2 0.525 0.525
77.800 60.00 59.4700 6.2 0.525 0.525
77.850 60.00 59.4700 6.2 0.525 0.525
77.900 60.00 59.4700 6.2 0.525 0.525
77.949 60.00 59.4700 6.2 0.525 0.525
78.000 60.00 59.4700 6.2 0.525 0.525
78.050 60.00 59.4700 6.2 0.525 0.525
78.100 60.00 59.4700 6.2 0.525 0.525
78.150 60.00 59.4700 6.2 0.525 0.525
78.199 60.00 59.4700 6.2 0.525 0.525
78.250 60.00 59.4700 6.2 0.525 0.525
78.300 60.00 59.4700 6.2 0.525 0.525
78.350 60.00 59.4700 6.2 0.525 0.525
78.401 60.00 59.4700 6.2 0.525 0.525
78.449 60.00 59.4700 6.2 0.525 0.525
78.500 60.00 59.4700 6.2 0.525 0.525
78.550 60.00 59.4700 6.2 0.525 0.525
78.601 60.00 59.4700 6.2 0.525 0.525
78.650 60.00 59.4700 6.2 0.525 0.525
78.699 60.00 59.4700 6.2 0.525 0.525
78.750 60.00 59.4700 6.2 0.525 0.525
78.800 60.00 59.4700 6.2 0.525 0.525
78.850 60.00 59.4700 6.2 0.525 0.525
78.900 60.00 59.4700 6.2 0.525 0.525
78.949 60.00 59.4700 6.2 0.525 0.525
79.000 60.00 59.4700 6.2 0.525 0.525
79.049 60.00 59.4700 6.2 0.525 0.525
79.099 60.00 59.4700 6.2 0.525 0.525
79.149 60.00 59.4700 6.2 0.525 0.525
79.199 60.00 59.4700 6.2 0.525 0.525
79.249 60.00 59.4700 6.2 0.525 0.525
79.299 60.00 59.4700 6.2 0.525 0.525
79.349 60.00 59.4700 6.2 0.525 0.525
79.400 60.00 59.4700 6.2 0.525 0.525
79.449 60.00 59.4700 6.2 0.525 0.525
79.499 60.00 59.4700 6.2 0.525 0.525
79.549 60.00 59.4700 6.2 0.525 0.525
79.599 60.00 59.4700 6.2 0.525 0.525
79.649 60.00 59.4700 6.2 0.525 0.525
79.699 60.00 59.4700 6.2 0.525 0.525
79.749 60.00 59.4700 6.2 0.525 0.525
79.799 60.00 59.4700 6.2 0.525 0.525
79.849 60.00 59.4700 6.2 0.525 0.525
79.899 60.00 59.4700 6.2 0.525 0.525
79.949 60.00 59.4700 6.2 0.525 0.525
79.998 60.00 59.4700 6.2 0.525 0.525
80.049 60.00 59.4700 6.2 0.525 0.525
80.099 60.00 59.4700 6.2 0.525 0.525
80.149 60.00 59.4700 6.2 0.525 0.525
80.199 60.00 59.4700 6.2 0.525 0.525
80.249 60.00 59.4700 6.2 0.525 0.525
80.299 60.00 59.4700 6.2 0.525 0.525
80.350 60.00 59.4700 6.2 0.525 0.525
80.399 60.00 59.4700 6.2 0.525 0.525
80.449 60.00 59.4700 6.2 0.525 0.525
80.499 60.00 59.4700 6.2 0.525 0.525
80.549 60.00 59.4700 6.2 0.525 0.525
80.598 60.00 59.4700 6.2 0.525 0.525
80.649 60.00 59.4700 6.2 0.525 0.525
80.698 60.00 59.4700 6.2 0.525 0.525
80.747 60.00 59.4700 6.2 0.525 0.525
80.798 60.00 59.4700 6.2 0.525 0.525
80.849 60.00 59.4700 6.2 0.525 0.525
80.898 60.00 59.4700 6.2 0.525 0.525
80.948 60.00 59.4700 6.2 0.525 0.525
80.997 60.00 59.4700 6.2 0.525 0.525
81.048 60.00 59.4700 6.2 0.525 0.525
81.098 60.00 59.4700 6.2 0.525 0.525
81.148 60.00 59.4700 6.2 0.525 0.525
81.198 60.00 59.4700 6.2 0.525 0.525
81.247 60.00 59.4700 6.2 0.525 0.525
81.298 60.00 59.4700 6.2 0.525 0.525
81.348 60.00 59.4700 6.2 0.525 0.525
81.398 60.00 59.4700 6.2 0.525 0.525
81.448 60.00 59.4700 6.2 0.525 0.525
81.497 60.00 59.4700 6.2 0.525 0.525
81.548 60.00 59.4700 6.2 0.525 0.525
81.598 60.00 59.4700 6.2 0.525 0.525
81.648 60.00 59.4700 6.2 0.525 0.525
81.698 60.00 59.4700 6.2 0.525 0.525
81.747 60.00 59.4700 6.2 0.525 0.525
81.798 60.00 59.4700 6.3 0.525 0.525
81.848 60.00 59.4700 6.3 0.525 0.525
81.898 60.00 59.4700 6.3 0.525 0.525
81.948 60.00 59.4700 6.3 0.525 0.525
81.997 60.00 59.4700 6.3 0.525 0.525
82.047 60.00 59.4700 6.3 0.525 0.525
82.097 60.00 59.4700 6.3 0.525 0.525
82.147 60.00 59.4700 6.3 0.525 0.525
82.197 60.00 59.4700 6.3 0.525 0.525
82.246 60.00 59.4700 6.3 0.525 0.525
82.297 60.00 59.4700 6.3 0.525 0.525
82.347 60.00 59.4700 6.3 0.525 0.525
82.398 60.00 59.4700 6.3 0.525 0.525
82.448 60.00 59.4700 6.3 0.525 0.525
82.496 60.00 59.4700 6.3 0.525 0.525
82.547 60.00 59.4700 6.3 0.525 0.525
82.597 60.00 59.4700 6.3 0.525 0.525
82.647 60.00 59.4700 6.3 0.525 0.525
82.698 60.00 59.4700 6.3 0.525 0.525
82.746 60.00 59.4700 6.3 0.525 0.525
82.797 60.00 59.4700 6.3 0.525 0.525
82.847 60.00 59.4700 6.3 0.525 0.525
82.897 60.00 59.4700 6.3 0.525 0.525
82.947 60.00 59.4700 6.3 0.525 0.525
82.996 60.00 59.4700 6.3 0.525 0.525
83.047 60.00 59.4700 6.3 0.525 0.525
83.097 60.00 59.4700 6.3 0.525 0.525
83.147 60.00 59.4700 6.3 0.525 0.525
83.197 60.00 59.4700 6.3 0.525 0.525
83.246 60.00 59.4700 6.3 0.525 0.525
83.297 60.00 59.4700 6.3 0.525 0.525
83.347 60.00 59.4700 6.3 0.525 0.525
83.397 60.00 59.4700 6.3 0.525 0.525
83.447 60.00 59.4700 6.3 0.525 0.525
83.496 60.00 59.4700 6.3 0.525 0.525
83.546 60.00 59.4700 6.3 0.525 0.525
83.597 60.00 59.4700 6.3 0.525 0.525
83.647 60.00 59.4700 6.3 0.525 0.525
83.696 60.00 59.4700 6.3 0.525 0.525
83.745 60.00 59.4700 6.3 0.525 0.525
83.796 60.00 59.4700 6.3 0.525 0.525
83.846 60.00 59.4700 6.3 0.525 0.525
83.896 60.00 59.4700 6.3 0.525 0.525
83.946 60.00 59.4700 6.3 0.525 0.525
83.995 60.00 59.4700 6.3 0.525 0.525
84.046 60.00 59.4700 6.3 0.525 0.525
84.096 60.00 59.4700 6.3 0.525 0.525
84.146 60.00 59.4700 6.3 0.525 0.525
84.196 60.00 59.4700 6.3 0.525 0.525
84.245 60.00 59.4700 6.3 0.525 0.525
84.296 60.00 59.4700 6.3 0.525 0.525
84.346 60.00 59.4700 6.3 0.525 0.525
84.396 60.00 59.4700 6.3 0.525 0.525
84.446 60.00 59.4700 6.3 0.525 0.525
84.495 60.00 59.4700 6.3 0.525 0.525
84.547 60.00 59.4700 6.3 0.525 0.525
84.596 60.00 59.4700 6.3 0.525 0.525
84.646 60.00 59.4700 6.3 0.525 0.525
84.696 60.00 59.4700 6.3 0.525 0.525
84.745 60.00 59.4700 6.3 0.525 0.525
84.797 60.00 59.4700 6.3 0.525 0.525
84.846 60.00 59.4700 6.3 0.525 0.525
84.896 60.00 59.4700 6.3 0.525 0.525
84.946 60.00 59.4700 6.3 0.525 0.525
84.995 60.00 59.4700 6.3 0.525 0.525
85.046 60.00 59.4700 6.3 0.525 0.525
85.096 60.00 59.4700 6.3 0.525 0.525
85.146 60.00 59.4700 6.3 0.525 0.525
85.195 60.00 59.4700 6.3 0.525 0.525
85.244 60.00 59.4700 6.3 0.525 0.525
85.295 60.00 59.4700 6.3 0.525 0.525
85.345 60.00 59.4700 6.3 0.525 0.525
85.395 60.00 59.4700 6.3 0.525 0.525
85.445 60.00 59.4700 6.3 0.525 0.525
85.494 60.00 59.4700 6.3 0.525 0.525
85.545 60.00 59.4700 6.3 0.525 0.525
85.595 60.00 59.4700 6.3 0.525 0.525
85.645 60.00 59.4700 6.3 0.525 0.525
85.695 60.00 59.4700 6.3 0.525 0.525
85.744 60.00 59.4700 6.3 0.525 0.525
85.795 60.00 59.4700 6.3 0.525 0.525
85.845 60.00 59.4700 6.3 0.525 0.525
85.895 60.00 59.4700 6.3 0.525 0.525
85.945 60.00 59.4700 6.3 0.525 0.525
85.994 60.00 59.4700 6.3 0.525 0.525
86.045 60.00 59.4700 6.3 0.525 0.525
86.095 60.00 59.4700 6.3 0.525 0.525
86.145 60.00 59.4700 6.3 0.525 0.525
86.195 60.00 59.4700 6.3 0.525 0.525
86.245 60.00 59.4700 6.3 0.525 0.525
86.295 60.00 59.4700 6.3 0.525 0.525
86.345 60.00 59.4700 6.3 0.525 0.525
86.395 60.00 59.4700 6.3 0.525 0.525
86.445 60.00 59.4700 6.3 0.525 0.525
86.494 60.00 59.4700 6.3 0.525 0.525
86.545 60.00 59.4700 6.3 0.525 0.525
86.595 60.00 59.4700 6.4 0.525 0.525
86.645 60.00 59.4700 6.4 0.525 0.525
86.695 60.00 59.4700 6.4 0.525 0.525
86.743 60.00 59.4700 6.4 0.525 0.525
86.795 60.00 59.4700 6.4 0.525 0.525
86.844 60.00 59.4700 6.4 0.525 0.525
86.894 60.00 59.4700 6.4 0.525 0.525
86.944 60.00 59.4700 6.4 0.525 0.525
86.993 60.00 59.4700 6.4 0.525 0.525
87.044 60.00 59.4700 6.4 0.525 0.525
87.094 60.00 59.4700 6.4 0.525 0.525
87.144 60.00 59.4700 6.4 0.525 0.525
87.194 60.00 59.4700 6.4 0.525 0.525
87.243 60.00 59.4700 6.4 0.525 0.525
87.294 60.00 59.4700 6.4 0.525 0.525
87.344 60.00 59.4700 6.4 0.525 0.525
87.394 60.00 59.4700 6.4 0.525 0.525
87.444 60.00 59.4700 6.4 0.525 0.525
87.493 60.00 59.4700 6.4 0.525 0.525
87.544 60.00 59.4700 6.4 0.525 0.525
87.594 60.00 59.4700 6.4 0.525 0.525
87.644 60.00 59.4700 6.4 0.525 0.525
87.694 60.00 59.4700 6.4 0.525 0.525
87.743 60.00 59.4700 6.4 0.525 0.525
87.794 60.00 59.4700 6.4 0.525 0.525
87.844 60.00 59.4700 6.4 0.525 0.525
87.894 60.00 59.4700 6.4 0.525 0.525
87.944 60.00 59.4700 6.4 0.525 0.525
87.993 60.00 59.4700 6.4 0.525 0.525
88.045 60.00 59.4700 6.4 0.525 0.525
88.094 60.00 59.4700 6.4 0.525 0.525
88.144 60.00 59.4700 6.4 0.525 0.525
88.194 60.00 59.4700 6.4 0.525 0.525
88.242 60.00 59.4700 6.4 0.525 0.525
88.293 60.00 59.4700 6.4 0.525 0.525
88.343 60.00 59.4700 6.4 0.525 0.525
88.393 60.00 59.4700 6.4 0.525 0.525
88.443 60.00 59.4700 6.4 0.525 0.525
88.492 60.00 59.4700 6.4 0.525 0.525
88.543 60.00 59.4700 6.4 0.525 0.525
88.593 60.00 59.4700 6.4 0.525 0.525
88.643 60.00 59.4700 6.4 0.525 0.525
88.693 60.00 59.4700 6.4 0.525 0.525
88.742 60.00 59.4700 6.4 0.525 0.525
88.793 60.00 59.4700 6.4 0.525 0.525
88.843 60.00 59.4700 6.4 0.525 0.525
88.893 60.00 59.4700 6.4 0.525 0.525
88.944 60.00 59.4700 6.4 0.525 0.525
88.992 60.00 59.4700 6.4 0.525 0.525
89.043 60.00 59.4700 6.4 0.525 0.525
89.093 60.00 59.4700 6.4 0.525 0.525
89.144 60.00 59.4700 6.4 0.525 0.525
89.193 60.00 59.4700 6.4 0.525 0.525
89.242 60.00 59.4700 6.4 0.525 0.525
89.293 60.00 59.4700 6.4 0.525 0.525
89.344 60.00 59.4700 6.4 0.525 0.525
89.393 60.00 59.4700 6.4 0.525 0.525
89.443 60.00 59.4700 6.4 0.525 0.525
89.492 60.00 59.4700 6.4 0.525 0.525
89.544 60.00 59.4700 6.4 0.525 0.525
89.593 60.00 59.4700 6.4 0.525 0.525
89.643 60.00 59.4700 6.4 0.525 0.525
89.693 60.00 59.4700 6.4 0.525 0.525
89.743 60.00 59.4700 6.4 0.525 0.525
89.792 60.00 59.4700 6.4 0.525 0.525
89.842 60.00 59.4700 6.4 0.525 0.525
89.892 60.00 59.4700 6.4 0.525 0.525
89.942 60.00 59.4700 6.4 0.525 0.525
89.991 60.00 59.4700 6.4 0.525 0.525
90.042 60.00 59.4700 6.4 0.525 0.525
90.092 60.00 59.4700 6.4 0.525 0.525
90.142 60.00 59.4700 6.4 0.525 0.525
90.192 60.00 59.4700 6.4 0.525 0.525
90.241 60.00 59.4700 6.4 0.525 0.525
90.292 60.00 59.4700 6.4 0.525 0.525
90.342 60.00 59.4700 6.4 0.525 0.525
90.392 60.00 59.4700 6.4 0.525 0.525
90.442 60.00 59.4700 6.4 0.525 0.525
90.492 60.00 59.4700 6.4 0.525 0.525
90.542 60.00 59.4700 6.4 0.525 0.525
90.592 60.00 59.4700 6.4 0.525 0.525
90.642 60.00 59.4700 6.4 0.525 0.525
90.692 60.00 59.4700 6.4 0.525 0.525
90.741 60.00 59.4700 6.4 0.525 0.525
90.792 60.00 59.4700 6.4 0.525 0.525
90.842 60.00 59.4700 6.5 0.525 0.525
90.892 60.00 59.4700 6.5 0.525 0.525
90.942 60.00 59.4700 6.5 0.525 0.525
90.991 60.00 59.4700 6.5 0.525 0.525
91.042 60.00 59.4700 6.5 0.525 0.525
91.092 60.00 59.4700 6.5 0.525 0.525
91.142 60.00 59.4700 6.5 0.525 0.525
91.192 60.00 59.4700 6.5 0.525 0.525
91.241 60.00 59.4700 6.5 0.525 0.525
91.291 60.00 59.4700 6.5 0.525 0.525
91.341 60.00 59.4700 6.5 0.525 0.525
91.391 60.00 59.4700 6.5 0.525 0.525
91.441 60.00 59.4700 6.5 0.525 0.525
91.491 60.00 59.4700 6.5 0.525 0.525
91.541 60.00 59.4700 6.5 0.525 0.525
91.592 60.00 59.4700 6.5 0.525 0.525
91.641 60.00 59.4700 6.5 0.525 0.525
91.691 60.00 59.4700 6.5 0.525 0.525
91.741 60.00 59.4700 6.5 0.525 0.525
91.791 60.00 59.4700 6.5 0.525 0.525
91.841 60.00 59.4700 6.5 0.525 0.525
91.891 60.00 59.4700 6.5 0.525 0.525
91.941 60.00 59.4700 6.5 0.525 0.525
91.991 60.00 59.4700 6.5 0.525 0.525
92.041 60.00 59.4700 6.5 0.525 0.525
92.091 60.00 59.4700 6.5 0.525 0.525
92.141 60.00 59.4700 6.5 0.525 0.525
92.191 60.00 59.4700 6.5 0.525 0.525
92.241 60.00 59.4700 6.5 0.525 0.525
92.291 60.00 59.4700 6.5 0.525 0.525
92.341 60.00 59.4700 6.5 0.525 0.525
92.392 60.00 59.4700 6.5 0.525 0.525
92.441 60.00 59.4700 6.5 0.525 0.525
92.491 60.00 59.4700 6.5 0.525 0.525
92.541 60.00 59.4700 6.5 0.525 0.525
92.591 60.00 59.4700 6.5 0.525 0.525
92.641 60.00 59.4700 6.5 0.525 0.525
92.691 60.00 59.4700 6.5 0.525 0.525
92.741 60.00 59.4700 6.5 0.525 0.525
92.789 60.00 59.4700 6.5 0.525 0.525
92.840 60.00 59.4700 6.5 0.525 0.525
92.890 60.00 59.4700 6.5 0.525 0.525
92.940 60.00 59.4700 6.5 0.525 0.525
92.991 60.00 59.4700 6.5 0.525 0.525
93.040 60.00 59.4700 6.5 0.525 0.525
93.090 60.00 59.4700 6.5 0.525 0.525
93.140 60.00 59.4700 6.5 0.525 0.525
93.190 60.00 59.4700 6.5 0.525 0.525
93.240 60.00 59.4700 6.5 0.525 0.525
93.289 60.00 59.4700 6.5 0.525 0.525
93.340 60.00 59.4700 6.5 0.525 0.525
93.390 60.00 59.4700 6.5 0.525 0.525
93.440 60.00 59.4700 6.5 0.525 0.525
93.490 60.00 59.4700 6.5 0.525 0.525
93.539 60.00 59.4700 6.5 0.525 0.525
93.590 60.00 59.4700 6.5 0.525 0.525
93.641 60.00 59.4700 6.5 0.525 0.525
93.690 60.00 59.4700 6.5 0.525 0.525
93.740 60.00 59.4700 6.5 0.525 0.525
93.789 60.00 59.4700 6.5 0.525 0.525
93.840 60.00 59.4700 6.5 0.525 0.525
93.890 60.00 59.4700 6.5 0.525 0.525
93.940 60.00 59.4700 6.5 0.525 0.525
93.990 60.00 59.4700 6.5 0.525 0.525
94.039 60.00 59.4700 6.5 0.525 0.525
94.090 60.00 59.4700 6.5 0.525 0.525
94.140 60.00 59.4700 6.5 0.525 0.525
94.190 60.00 59.4700 6.5 0.525 0.525
94.240 60.00 59.4700 6.5 0.525 0.525
94.289 60.00 59.4700 6.5 0.525 0.525
94.339 60.00 59.4700 6.5 0.525 0.525
94.389 60.00 59.4700 6.5 0.525 0.525
94.439 60.00 59.4700 6.5 0.525 0.525
94.489 60.00 59.4700 6.5 0.525 0.525
94.538 60.00 59.4700 6.5 0.525 0.525
94.589 60.00 59.4700 6.5 0.525 0.525
94.639 60.00 59.4700 6.5 0.525 0.525
94.689 60.00 59.4700 6.5 0.525 0.525
94.739 60.00 59.4700 6.5 0.525 0.525
94.788 60.00 59.4700 6.5 0.525 0.525
94.839 60.00 59.4700 6.5 0.525 0.525
94.889 60.00 59.4700 6.5 0.525 0.525
94.939 60.00 59.4700 6.5 0.525 0.525
94.989 60.00 59.4700 6.5 0.525 0.525
95.038 60.00 59.4700 6.5 0.525 0.525
95.090 60.00 59.4700 6.5 0.525 0.525
95.139 60.00 59.4700 6.5 0.525 0.525
95.189 60.00 59.4700 6.5 0.525 0.525
95.239 60.00 59.4700 6.5 0.525 0.525
95.288 60.00 59.4700 6.5 0.525 0.525
95.339 60.00 59.4700 6.5 0.525 0.525
95.389 60.00 59.4700 6.5 0.525 0.525
95.439 60.00 59.4700 6.5 0.525 0.525
95.489 60.00 59.4700 6.5 0.525 0.525
95.538 60.00 59.4700 6.5 0.525 0.525
95.589 60.00 59.4700 6.5 0.525 0.525
95.639 60.00 59.4700 6.5 0.525 0.525
95.689 60.00 59.4700 6.5 0.525 0.525
95.739 60.00 59.4700 6.5 0.525 0.525
95.789 60.00 59.4700 6.5 0.525 0.525
95.838 60.00 59.4700 6.5 0.525 0.525
95.889 60.00 59.4700 6.5 0.525 0.525
95.939 60.00 59.4700 6.5 0.525 0.525
95.988 60.00 59.4700 6.5 0.525 0.525
96.037 60.00 59.4700 6.5 0.525 0.525
96.088 60.00 59.4700 6.6 0.525 0.525
96.138 60.00 59.4700 6.6 0.525 0.525
96.188 60.00 59.4700 6.6 0.525 0.525
96.238 60.00 59.4700 6.6 0.525 0.525
96.287 60.00 59.4700 6.6 0.525 0.525
96.338 60.00 59.4700 6.6 0.525 0.525
96.388 60.00 59.4700 6.6 0.525 0.525
96.438 60.00 59.4700 6.6 0.525 0.525
96.488 60.00 59.4700 6.6 0.525 0.525
96.537 60.00 59.4700 6.6 0.525 0.525
96.588 60.00 59.4700 6.6 0.525 0.525
96.638 60.00 59.4700 6.6 0.525 0.525
96.688 60.00 59.4700 6.6 0.525 0.525
96.738 60.00 59.4700 6.6 0.525 0.525
96.787 60.00 59.4700 6.6 0.525 0.525
96.838 60.00 59.4700 6.6 0.525 0.525
96.888 60.00 59.4700 6.6 0.525 0.525
96.938 60.00 59.4700 6.6 0.525 0.525
96.989 60.00 59.4700 6.6 0.525 0.525
97.037 60.00 59.4700 6.6 0.525 0.525
97.088 60.00 59.4700 6.6 0.525 0.525
97.138 60.00 59.4700 6.6 0.525 0.525
97.189 60.00 59.4700 6.6 0.525 0.525
97.239 60.00 59.4700 6.6 0.525 0.525
97.287 60.00 59.4700 6.6 0.525 0.525
97.337 60.00 59.4700 6.6 0.525 0.525
97.388 60.00 59.4700 6.6 0.525 0.525
97.438 60.00 59.4700 6.6 0.525 0.525
97.487 60.00 59.4700 6.6 0.525 0.525
97.536 60.00 59.4700 6.6 0.525 0.525
97.587 60.00 59.4700 6.6 0.525 0.525
97.637 60.00 59.4700 6.6 0.525 0.525
97.688 60.00 59.4700 6.6 0.525 0.525
97.737 60.00 59.4700 6.6 0.525 0.525
97.786 60.00 59.4700 6.6 0.525 0.525
97.837 60.00 59.4700 6.6 0.525 0.525
97.887 60.00 59.4700 6.6 0.525 0.525
97.937 60.00 59.4700 6.6 0.525 0.525
97.987 60.00 59.4700 6.6 0.525 0.525
98.036 60.00 59.4700 6.6 0.525 0.525
98.088 60.00 59.4700 6.6 0.525 0.525
98.137 60.00 59.4700 6.6 0.525 0.525
98.187 60.00 59.4700 6.6 0.525 0.525
98.237 60.00 59.4700 6.6 0.525 0.525
98.286 60.00 59.4700 6.6 0.525 0.525
98.337 60.00 59.4700 6.6 0.525 0.525
98.387 60.00 59.4700 6.6 0.525 0.525
98.437 60.00 59.4700 6.6 0.525 0.525
98.487 60.00 59.4700 6.6 0.525 0.525
98.536 60.00 59.4700 6.6 0.525 0.525
98.587 60.00 59.4700 6.6 0.525 0.525
98.637 60.00 59.4700 6.6 0.525 0.525
98.687 60.00 59.4700 6.6 0.525 0.525
98.737 60.00 59.4700 6.6 0.525 0.525
98.786 60.00 59.4700 6.6 0.525 0.525
98.837 60.00 59.4700 6.6 0.525 0.525
98.887 60.00 59.4700 6.6 0.525 0.525
98.937 60.00 59.4700 6.6 0.525 0.525
98.987 60.00 59.4700 6.6 0.525 0.525
99.035 60.00 59.4700 6.6 0.525 0.525
99.086 60.00 59.4700 6.6 0.525 0.525
99.136 60.00 59.4700 6.6 0.525 0.525
99.186 60.00 59.4700 6.6 0.525 0.525
99.236 60.00 59.4700 6.6 0.525 0.525
99.285 60.00 59.4700 6.6 0.525 0.525
99.337 60.00 59.4700 6.6 0.525 0.525
99.386 60.00 59.4700 6.6 0.525 0.525
99.436 60.00 59.4700 6.6 0.525 0.525
99.486 60.00 59.4700 6.6 0.525 0.525
99.536 60.00 59.4700 6.6 0.525 0.525
99.586 60.00 59.4700 6.6 0.525 0.525
99.636 60.00 59.4700 6.6 0.525 0.525
99.686 60.00 59.4700 6.6 0.525 0.525
99.736 60.00 59.4700 6.6 0.525 0.525
99.785 60.00 59.4700 6.6 0.525 0.525
99.836 60.00 59.4700 6.6 0.525 0.525
99.886 60.00 59.4700 6.6 0.525 0.525
99.936 60.00 59.4700 6.6 0.525 0.525
99.986 60.00 59.4700 6.6 0.525 0.525
100.035 60.00 59.4700 6.6 0.525 0.525
100.086 60.00 59.4700 6.6 0.525 0.525
100.137 60.00 59.4700 6.6 0.525 0.525
100.186 60.00 59.4700 6.6 0.525 0.525
100.236 60.00 59.4700 6.6 0.525 0.525
100.285 60.00 59.4700 6.6 0.525 0.525
100.336 60.00 59.4700 6.6 0.525 0.525
100.386 60.00 59.4700 6.7 0.525 0.525
100.436 60.00 59.4700 6.7 0.525 0.525
100.486 60.00 59.4700 6.7 0.525 0.525
100.534 60.00 59.4700 6.7 0.525 0.525
100.585 60.00 59.4700 6.7 0.525 0.525
100.635 60.00 59.4700 6.7 0.525 0.525
100.685 60.00 59.4700 6.7 0.525 0.525
100.735 60.00 59.4700 6.7 0.525 0.525
100.784 60.00 59.4700 6.7 0.525 0.525
100.835 60.00 59.4700 6.7 0.525 0.525
100.885 60.00 59.4700 6.7 0.525 0.525
100.935 60.00 59.4700 6.7 0.525 0.525
100.985 60.00 59.4700 6.7 0.525 0.525
101.034 60.00 59.4700 6.7 0.525 0.525
101.085 60.00 59.4700 6.7 0.525 0.525
101.136 60.00 59.4700 6.7 0.525 0.525
101.185 60.00 59.4700 6.7 0.525 0.525
101.235 60.00 59.4700 6.7 0.525 0.525
101.284 60.00 59.4700 6.7 0.525 0.525
101.335 60.00 59.4700 6.7 0.525 0.525
101.385 60.00 59.4700 6.7 0.525 0.525
101.435 60.00 59.4700 6.7 0.525 0.525
101.485 60.00 59.4700 6.7 0.525 0.525
101.534 60.00 59.4700 6.7 0.525 0.525
101.585 60.00 59.4700 6.7 0.525 0.525
101.635 60.00 59.4700 6.7 0.525 0.525
101.685 60.00 59.4700 6.7 0.525 0.525
101.735 60.00 59.4700 6.7 0.525 0.525
101.784 60.00 59.4700 6.7 0.525 0.525
101.836 60.00 59.4700 6.7 0.525 0.525
101.885 60.00 59.4700 6.7 0.525 0.525
101.935 60.00 59.4700 6.7 0.525 0.525
101.985 60.00 59.4700 6.7 0.525 0.525
102.034 60.00 59.4700 6.7 0.525 0.525
102.084 60.00 59.4700 6.7 0.525 0.525
102.134 60.00 59.4700 6.7 0.525 0.525
102.184 60.00 59.4700 6.7 0.525 0.525
102.234 60.00 59.4700 6.7 0.525 0.525
102.283 60.00 59.4700 6.7 0.525 0.525
102.334 60.00 59.4700 6.7 0.525 0.525
102.384 60.00 59.4700 6.7 0.525 0.525
102.434 60.00 59.4700 6.7 0.525 0.525
102.484 60.00 59.4700 6.7 0.525 0.525
102.533 60.00 59.4700 6.7 0.525 0.525
102.584 60.00 59.4700 6.7 0.525 0.525
102.634 60.00 59.4700 6.7 0.525 0.525
102.684 60.00 59.4700 6.7 0.525 0.525
102.734 60.00 59.4700 6.7 0.525 0.525
102.783 60.00 59.4700 6.7 0.525 0.525
102.834 60.00 59.4700 6.7 0.525 0.525
102.884 60.00 59.4700 6.7 0.525 0.525
102.934 60.00 59.4700 6.7 0.525 0.525
102.984 60.00 59.4700 6.7 0.525 0.525
103.033 60.00 59.4700 6.7 0.525 0.525
103.084 60.00 59.4700 6.7 0.525 0.525
103.134 60.00 59.4700 6.7 0.525 0.525
103.184 60.00 59.4700 6.7 0.525 0.525
103.234 60.00 59.4700 6.7 0.525 0.525
103.283 60.00 59.4700 6.7 0.525 0.525
103.334 60.00 59.4700 6.7 0.525 0.525
103.385 60.00 59.4700 6.7 0.525 0.525
103.434 60.00 59.4700 6.7 0.525 0.525
103.484 60.00 59.4700 6.7 0.525 0.525
103.533 60.00 59.4700 6.7 0.525 0.525
103.583 60.00 59.4700 6.7 0.525 0.525
103.633 60.00 59.4700 6.7 0.525 0.525
103.683 60.00 59.4700 6.7 0.525 0.525
103.733 60.00 59.4700 6.7 0.525 0.525
103.783 60.00 59.4700 6.7 0.525 0.525
103.833 60.00 59.4700 6.7 0.525 0.525
103.883 60.00 59.4700 6.7 0.525 0.525
103.933 60.00 59.4700 6.7 0.525 0.525
103.983 60.00 59.4700 6.7 0.525 0.525
104.033 60.00 59.4700 6.7 0.525 0.525
104.082 60.00 59.4700 6.7 0.525 0.525
104.133 60.00 59.4700 6.7 0.525 0.525
104.183 60.00 59.4700 6.7 0.525 0.525
104.233 60.00 59.4700 6.7 0.525 0.525
104.283 60.00 59.4700 6.7 0.525 0.525
104.333 60.00 59.4700 6.7 0.525 0.525
104.383 60.00 59.4700 6.7 0.525 0.525
104.434 60.00 59.4700 6.7 0.525 0.525
104.483 60.00 59.4700 6.7 0.525 0.525
104.533 60.00 59.4700 6.7 0.525 0.525
104.583 60.00 59.4700 6.7 0.525 0.525
104.634 60.00 59.4700 6.7 0.525 0.525
104.683 60.00 59.4700 6.7 0.525 0.525
104.733 60.00 59.4700 6.7 0.525 0.525
104.783 60.00 59.4700 6.7 0.525 0.525
104.832 60.00 59.4700 6.7 0.525 0.525
104.883 60.00 59.4700 6.7 0.525 0.525
104.933 60.00 59.4700 6.7 0.525 0.525
104.983 60.00 59.4700 6.7 0.525 0.525
105.033 60.00 59.4700 6.7 0.525 0.525
105.082 60.00 59.4700 6.7 0.525 0.525
105.132 60.00 59.4700 6.8 0.525 0.525
105.182 60.00 59.4700 6.8 0.525 0.525
105.232 60.00 59.4700 6.8 0.525 0.525
105.282 60.00 59.4700 6.8 0.525 0.525
105.331 60.00 59.4700 6.8 0.525 0.525
105.383 60.00 59.4700 6.8 0.525 0.525
105.432 60.00 59.4700 6.8 0.525 0.525
105.482 60.00 59.4700 6.8 0.525 0.525
105.532 60.00 59.4700 6.8 0.525 0.525
105.581 60.00 59.4700 6.8 0.525 0.525
105.633 60.00 59.4700 6.8 0.525 0.525
105.682 60.00 59.4700 6.8 0.525 0.525
105.732 60.00 59.4700 6.8 0.525 0.525
105.782 60.00 59.4700 6.8 0.525 0.525
105.831 60.00 59.4700 6.8 0.525 0.525
105.882 60.00 59.4700 6.8 0.525 0.525
105.932 60.00 59.4700 6.8 0.525 0.525
105.982 60.00 59.4700 6.8 0.525 0.525
106.032 60.00 59.4700 6.8 0.525 0.525
106.081 60.00 59.4700 6.8 0.525 0.525
106.132 60.00 59.4700 6.8 0.525 0.525
106.182 60.00 59.4700 6.8 0.525 0.525
106.232 60.00 59.4700 6.8 0.525 0.525
106.282 60.00 59.4700 6.8 0.525 0.525
106.331 60.00 59.4700 6.8 0.525 0.525
106.382 60.00 59.4700 6.8 0.525 0.525
106.432 60.00 59.4700 6.8 0.525 0.525
106.482 60.00 59.4700 6.8 0.525 0.525
106.532 60.00 59.4700 6.8 0.525 0.525
106.581 60.00 59.4700 6.8 0.525 0.525
106.631 60.00 59.4700 6.8 0.525 0.525
106.681 60.00 59.4700 6.8 0.525 0.525
106.731 60.00 59.4700 6.8 0.525 0.525
106.781 60.00 59.4700 6.8 0.525 0.525
106.830 60.00 59.4700 6.8 0.525 0.525
106.881 60.00 59.4700 6.8 0.525 0.525
106.931 60.00 59.4700 6.8 0.525 0.525
106.980 60.00 59.4700 6.8 0.525 0.525
107.030 60.00 59.4700 6.8 0.525 0.525
107.079 60.00 59.4700 6.8 0.525 0.525
107.130 60.00 59.4700 6.8 0.525 0.525
107.180 60.00 59.4700 6.8 0.525 0.525
107.229 60.00 59.4700 6.8 0.525 0.525
107.279 60.00 59.4700 6.8 0.525 0.525
107.328 60.00 59.4700 6.8 0.525 0.525
107.379 60.00 59.4700 6.8 0.525 0.525
107.429 60.00 59.4700 6.8 0.525 0.525
107.478 60.00 59.4700 6.8 0.525 0.525
107.528 60.00 59.4700 6.8 0.525 0.525
107.577 60.00 59.4700 6.8 0.525 0.525
107.628 60.00 59.4700 6.8 0.525 0.525
107.678 60.00 59.4700 6.8 0.525 0.525
107.727 60.00 59.4700 6.8 0.525 0.525
107.777 60.00 59.4700 6.8 0.525 0.525
107.826 60.00 59.4700 6.8 0.525 0.525
107.877 60.00 59.4700 6.8 0.525 0.525
107.927 60.00 59.4700 6.8 0.525 0.525
107.977 60.00 59.4700 6.8 0.525 0.525
108.026 60.00 59.4700 6.8 0.525 0.525
108.075 60.00 59.4700 6.8 0.525 0.525
108.126 60.00 59.4700 6.8 0.525 0.525
108.176 60.00 59.4700 6.8 0.525 0.525
108.226 60.00 59.4700 6.8 0.525 0.525
108.275 60.00 59.4700 6.8 0.525 0.525
108.324 60.00 59.4700 6.8 0.525 0.525
108.375 60.00 59.4700 6.8 0.525 0.525
108.425 60.00 59.4700 6.8 0.525 0.525
108.475 60.00 59.4700 6.8 0.525 0.525
108.524 60.00 59.4700 6.8 0.525 0.525
108.574 60.00 59.4700 6.8 0.525 0.525
108.624 60.00 59.4700 6.8 0.525 0.525
108.674 60.00 59.4700 6.8 0.525 0.525
108.725 60.00 59.4700 6.8 0.525 0.525
108.773 60.00 59.4700 6.8 0.525 0.525
108.823 60.00 59.4700 6.8 0.525 0.525
108.872 60.00 59.4700 6.8 0.525 0.525
108.924 60.00 59.4700 6.8 0.525 0.525
108.973 60.00 59.4700 6.8 0.525 0.525
109.022 60.00 59.4700 6.8 0.525 0.525
109.072 60.00 59.4700 6.8 0.525 0.525
109.121 60.00 59.4700 6.8 0.525 0.525
109.172 60.00 59.4700 6.8 0.525 0.525
109.222 60.00 59.4700 6.8 0.525 0.525
109.271 60.00 59.4700 6.8 0.525 0.525
109.322 60.00 59.4700 6.8 0.525 0.525
109.370 60.00 59.4700 6.8 0.525 0.525
109.421 60.00 59.4700 6.8 0.525 0.525
109.471 60.00 59.4700 6.8 0.525 0.525
109.520 60.00 59.4700 6.8 0.525 0.525
109.570 60.00 59.4700 6.8 0.525 0.525
109.619 60.00 59.4700 6.8 0.525 0.525
109.670 60.00 59.4700 6.8 0.525 0.525
109.720 60.00 59.4700 6.8 0.525 0.525
109.769 60.00 59.4700 6.8 0.525 0.525
109.819 60.00 59.4700 6.8 0.525 0.525
109.868 60.00 59.4700 6.8 0.525 0.525
109.919 60.00 59.4700 6.8 0.525 0.525
109.969 60.00 59.4700 6.8 0.525 0.525
110.019 60.00 59.4700 6.8 0.525 0.525
110.068 60.00 59.4700 6.8 0.525 0.525
110.117 60.00 59.4700 6.8 0.525 0.525
110.168 60.00 59.4700 6.8 0.525 0.525
110.218 60.00 59.4700 6.8 0.525 0.525
110.268 60.00 59.4700 6.8 0.525 0.525
110.317 60.00 59.4700 6.9 0.525 0.525
110.366 60.00 59.4700 6.9 0.525 0.525
110.418 60.00 59.4700 6.9 0.525 0.525
110.467 60.00 59.4700 6.9 0.525 0.525
110.517 60.00 59.4700 6.9 0.525 0.525
110.566 60.00 59.4700 6.9 0.525 0.525
110.616 60.00 59.4700 6.9 0.525 0.525
110.666 60.00 59.4700 6.9 0.525 0.525
110.716 60.00 59.4700 6.9 0.525 0.525
110.766 60.00 59.4700 6.9 0.525 0.525
110.815 60.00 59.4700 6.9 0.525 0.525
110.865 60.00 59.4700 6.9 0.525 0.525
110.914 60.00 59.4700 6.9 0.525 0.525
110.966 60.00 59.4700 6.9 0.525 0.525
111.015 60.00 59.4700 6.9 0.525 0.525
111.064 60.00 59.4700 6.9 0.525 0.525
111.114 60.00 59.4700 6.9 0.525 0.525
111.163 60.00 59.4700 6.9 0.525 0.525
111.214 60.00 59.4700 6.9 0.525 0.525
111.264 60.00 59.4700 6.9 0.525 0.525
111.313 60.00 59.4700 6.9 0.525 0.525
111.364 60.00 59.4700 6.9 0.525 0.525
111.412 60.00 59.4700 6.9 0.525 0.525
111.463 60.00 59.4700 6.9 0.525 0.525
111.513 60.00 59.4700 6.9 0.525 0.525
111.562 60.00 59.4700 6.9 0.525 0.525
111.612 60.00 59.4700 6.9 0.525 0.525
111.661 60.00 59.4700 6.9 0.525 0.525
111.712 60.00 59.4700 6.9 0.525 0.525
111.762 60.00 59.4700 6.9 0.525 0.525
111.811 60.00 59.4700 6.9 0.525 0.525
111.861 60.00 59.4700 6.9 0.525 0.525
111.910 60.00 59.4700 6.9 0.525 0.525
111.962 60.00 59.4700 6.9 0.525 0.525
112.011 60.00 59.4700 6.9 0.525 0.525
112.060 60.00 59.4700 6.9 0.525 0.525
112.110 60.00 59.4700 6.9 0.525 0.525
112.159 60.00 59.4700 6.9 0.525 0.525
112.210 60.00 59.4700 6.9 0.525 0.525
112.260 60.00 59.4700 6.9 0.525 0.525
112.309 60.00 59.4700 6.9 0.525 0.525
112.359 60.00 59.4700 6.9 0.525 0.525
112.408 60.00 59.4700 6.9 0.525 0.525
112.459 60.00 59.4700 6.9 0.525 0.525
112.509 60.00 59.4700 6.9 0.525 0.525
112.559 60.00 59.4700 6.9 0.525 0.525
112.608 60.00 59.4700 6.9 0.525 0.525
112.658 60.00 59.4700 6.9 0.525 0.525
112.708 60.00 59.4700 6.9 0.525 0.525
112.758 60.00 59.4700 6.9 0.525 0.525
112.808 60.00 59.4700 6.9 0.525 0.525
112.857 60.00 59.4700 6.9 0.525 0.525
112.907 60.00 59.4700 6.9 0.525 0.525
112.956 60.00 59.4700 6.9 0.525 0.525
113.007 60.00 59.4700 6.9 0.525 0.525
113.057 60.00 59.4700 6.9 0.525 0.525
113.106 60.00 59.4700 6.9 0.525 0.525
113.156 60.00 59.4700 6.9 0.525 0.525
113.205 60.00 59.4700 6.9 0.525 0.525
113.256 60.00 59.4700 6.9 0.525 0.525
113.306 60.00 59.4700 6.9 0.525 0.525
113.355 60.00 59.4700 6.9 0.525 0.525
113.405 60.00 59.4700 6.9 0.525 0.525
113.454 60.00 59.4700 6.9 0.525 0.525
113.505 60.00 59.4700 6.9 0.525 0.525
113.555 60.00 59.4700 6.9 0.525 0.525
113.604 60.00 59.4700 6.9 0.525 0.525
113.654 60.00 59.4700 6.9 0.525 0.525
113.703 60.00 59.4700 6.9 0.525 0.525
113.754 60.00 59.4700 6.9 0.525 0.525
113.804 60.00 59.4700 6.9 0.525 0.525
113.853 60.00 59.4700 6.9 0.525 0.525
113.903 60.00 59.4700 6.9 0.525 0.525
113.952 60.00 59.4700 6.9 0.525 0.525
114.003 60.00 59.4700 6.9 0.525 0.525
114.054 60.00 59.4700 6.9 0.525 0.525
114.102 60.00 59.4700 6.9 0.525 0.525
114.152 60.00 59.4700 6.9 0.525 0.525
114.201 60.00 59.4700 6.9 0.525 0.525
114.252 60.00 59.4700 6.9 0.525 0.525
114.302 60.00 59.4700 6.9 0.525 0.525
114.351 60.00 59.4700 6.9 0.525 0.525
114.401 60.00 59.4700 6.9 0.525 0.525
114.450 60.00 59.4700 6.9 0.525 0.525
114.501 60.00 59.4700 6.9 0.525 0.525
114.551 60.00 59.4700 6.9 0.525 0.525
114.601 60.00 59.4700 7.0 0.525 0.525
114.650 60.00 59.4700 7.0 0.525 0.525
114.699 60.00 59.4700 7.0 0.525 0.525
114.750 60.00 59.4700 7.0 0.525 0.525
114.800 60.00 59.4700 7.0 0.525 0.525
114.850 60.00 59.4700 7.0 0.525 0.525
114.899 60.00 59.4700 7.0 0.525 0.525
114.949 60.00 59.4700 7.0 0.525 0.525
114.999 60.00 59.4700 7.0 0.525 0.525
115.049 60.00 59.4700 7.0 0.525 0.525
115.099 60.00 59.4700 7.0 0.525 0.525
115.148 60.00 59.4700 7.0 0.525 0.525
115.198 60.00 59.4700 7.0 0.525 0.525
115.248 60.00 59.4700 7.0 0.525 0.525
115.298 60.00 59.4700 7.0 0.525 0.525
115.348 60.00 59.4700 7.0 0.525 0.525
115.397 60.00 59.4700 7.0 0.525 0.525
115.447 60.00 59.4700 7.0 0.525 0.525
115.496 60.00 59.4700 7.0 0.525 0.525
115.547 60.00 59.4700 7.0 0.525 0.525
115.597 60.00 59.4700 7.0 0.525 0.525
115.647 60.00 59.4700 7.0 0.525 0.525
115.696 60.00 59.4700 7.0 0.525 0.525
115.745 60.00 59.4700 7.0 0.525 0.525
115.796 60.00 59.4700 7.0 0.525 0.525
115.846 60.00 59.4700 7.0 0.525 0.525
115.895 60.00 59.4700 7.0 0.525 0.525
115.945 60.00 59.4700 7.0 0.525 0.525
115.994 60.00 59.4700 7.0 0.525 0.525
116.046 60.00 59.4700 7.0 0.525 0.525
116.095 60.00 59.4700 7.0 0.525 0.525
116.144 60.00 59.4700 7.0 0.525 0.525
116.194 60.00 59.4700 7.0 0.525 0.525
116.243 60.00 59.4700 7.0 0.525 0.525
116.294 60.00 59.4700 7.0 0.525 0.525
116.345 60.00 59.4700 7.0 0.525 0.525
116.393 60.00 59.4700 7.0 0.525 0.525
116.443 60.00 59.4700 7.0 0.525 0.525
116.492 60.00 59.4700 7.0 0.525 0.525
116.544 60.00 59.4700 7.0 0.525 0.525
116.593 60.00 59.4700 7.0 0.525 0.525
116.643 60.00 59.4700 7.0 0.525 0.525
116.692 60.00 59.4700 7.0 0.525 0.525
116.741 60.00 59.4700 7.0 0.525 0.525
116.792 60.00 59.4700 7.0 0.525 0.525
116.842 60.00 59.4700 7.0 0.525 0.525
116.892 60.00 59.4700 7.0 0.525 0.525
116.941 60.00 59.4700 7.0 0.525 0.525
116.991 60.00 59.4700 7.0 0.525 0.525
117.041 60.00 59.4700 7.0 0.525 0.525
117.091 60.00 59.4700 7.0 0.525 0.525
117.141 60.00 59.4700 7.0 0.525 0.525
117.190 60.00 59.4700 7.0 0.525 0.525
117.240 60.00 59.4700 7.0 0.525 0.525
117.289 60.00 59.4700 7.0 0.525 0.525
117.341 60.00 59.4700 7.0 0.525 0.525
117.390 60.00 59.4700 7.0 0.525 0.525
117.439 60.00 59.4700 7.0 0.525 0.525
117.489 60.00 59.4700 7.0 0.525 0.525
117.538 60.00 59.4700 7.0 0.525 0.525
117.589 60.00 59.4700 7.0 0.525 0.525
117.639 60.00 59.4700 7.0 0.525 0.525
117.688 60.00 59.4700 7.0 0.525 0.525
117.739 60.00 59.4700 7.0 0.525 0.525
117.787 60.00 59.4700 7.0 0.525 0.525
117.838 60.00 59.4700 7.0 0.525 0.525
117.888 60.00 59.4700 7.0 0.525 0.525
117.938 60.00 59.4700 7.0 0.525 0.525
117.987 60.00 59.4700 7.0 0.525 0.525
118.036 60.00 59.4700 7.0 0.525 0.525
118.087 60.00 59.4700 7.0 0.525 0.525
118.137 60.00 59.4700 7.0 0.525 0.525
118.186 60.00 59.4700 7.0 0.525 0.525
118.236 60.00 59.4700 7.0 0.525 0.525
118.285 60.00 59.4700 7.0 0.525 0.525
118.336 60.00 59.4700 7.0 0.525 0.525
118.386 60.00 59.4700 7.0 0.525 0.525
118.435 60.00 59.4700 7.0 0.525 0.525
118.485 60.00 59.4700 7.0 0.525 0.525
118.534 60.00 59.4700 7.0 0.525 0.525
118.585 60.00 59.4700 7.0 0.525 0.525
118.635 60.00 59.4700 7.0 0.525 0.525
118.684 60.00 59.4700 7.0 0.525 0.525
118.734 60.00 59.4700 7.0 0.525 0.525
118.783 60.00 59.4700 7.0 0.525 0.525
118.835 60.00 59.4700 7.0 0.525 0.525
118.884 60.00 59.4700 7.0 0.525 0.525
118.934 60.00 59.4700 7.0 0.525 0.525
118.983 60.00 59.4700 7.0 0.525 0.525
119.033 60.00 59.4700 7.0 0.525 0.525
119.083 60.00 59.4700 7.0 0.525 0.525
119.133 60.00 59.4700 7.0 0.525 0.525
119.183 60.00 59.4700 7.0 0.525 0.525
119.232 60.00 59.4700 7.0 0.525 0.525
119.282 60.00 59.4700 7.0 0.525 0.525
119.331 60.00 59.4700 7.0 0.525 0.525
119.382 60.00 59.4700 7.0 0.525 0.525
119.433 60.00 59.4700 7.0 0.525 0.525
119.481 60.00 59.4700 7.0 0.525 0.525
119.531 60.00 59.4700 7.0 0.525 0.525
119.580 60.00 59.4700 7.0 0.525 0.525
119.632 60.00 59.4700 7.0 0.525 0.525
119.681 60.00 59.4700 7.0 0.525 0.525
119.730 60.00 59.4700 7.0 0.525 0.525
119.780 60.00 59.4700 7.0 0.525 0.525
119.829 60.00 59.4700 7.1 0.525 0.525
119.880 60.00 59.4700 7.1 0.525 0.525
119.930 60.00 59.4700 7.1 0.525 0.525
119.979 60.00 59.4700 7.1 0.525 0.525
120.029 60.00 59.4700 7.1 0.525 0.525
120.078 60.00 59.4700 7.1 0.525 0.525
120.129 60.00 59.4700 7.1 0.525 0.525
120.179 60.00 59.4700 7.1 0.525 0.525
120.228 60.00 59.4700 7.1 0.525 0.525
120.278 60.00 59.4700 7.1 0.525 0.525
120.327 60.00 59.4700 7.1 0.525 0.525
120.378 60.00 59.4700 7.1 0.525 0.525
120.428 60.00 59.4700 7.1 0.525 0.525
120.477 60.00 59.4700 7.1 0.525 0.525
120.527 60.00 59.4700 7.1 0.525 0.525
120.576 60.00 59.4700 7.1 0.525 0.525
120.627 60.00 59.4700 7.1 0.525 0.525
120.677 60.00 59.4700 7.1 0.525 0.525
120.726 60.00 59.4700 7.1 0.525 0.525
120.776 60.00 59.4700 7.1 0.525 0.525
120.825 60.00 59.4700 7.1 0.525 0.525
120.876 60.00 59.4700 7.1 0.525 0.525
120.926 60.00 59.4700 7.1 0.525 0.525
120.976 60.00 59.4700 7.1 0.525 0.525
121.025 60.00 59.4700 7.1 0.525 0.525
121.074 60.00 59.4700 7.1 0.525 0.525
121.125 60.00 59.4700 7.1 0.525 0.525
121.175 60.00 59.4700 7.1 0.525 0.525
121.225 60.00 59.4700 7.1 0.525 0.525
121.274 60.00 59.4700 7.1 0.525 0.525
121.324 60.00 59.4700 7.1 0.525 0.525
121.373 60.00 59.4700 7.1 0.525 0.525
121.424 60.00 59.4700 7.1 0.525 0.525
121.474 60.00 59.4700 7.1 0.525 0.525
121.523 60.00 59.4700 7.1 0.525 0.525
121.573 60.00 59.4700 7.1 0.525 0.525
121.622 60.00 59.4700 7.1 0.525 0.525
121.673 60.00 59.4700 7.1 0.525 0.525
121.723 60.00 59.4700 7.1 0.525 0.525
121.772 60.00 59.4700 7.1 0.525 0.525
121.822 60.00 59.4700 7.1 0.525 0.525
121.871 60.00 59.4700 7.1 0.525 0.525
121.922 60.00 59.4700 7.1 0.525 0.525
121.972 60.00 59.4700 7.1 0.525 0.525
122.021 60.00 59.4700 7.1 0.525 0.525
122.071 60.00 59.4700 7.1 0.525 0.525
122.120 60.00 59.4700 7.1 0.525 0.525
122.171 60.00 59.4700 7.1 0.525 0.525
122.221 60.00 59.4700 7.1 0.525 0.525
122.270 60.00 59.4700 7.1 0.525 0.525
122.320 60.00 59.4700 7.1 0.525 0.525
122.369 60.00 59.4700 7.1 0.525 0.525
122.420 60.00 59.4700 7.1 0.525 0.525
122.470 60.00 59.4700 7.1 0.525 0.525
122.519 60.00 59.4700 7.1 0.525 0.525
122.569 60.00 59.4700 7.1 0.525 0.525
122.618 60.00 59.4700 7.1 0.525 0.525
122.670 60.00 59.4700 7.1 0.525 0.525
122.719 60.00 59.4700 7.1 0.525 0.525
122.768 60.00 59.4700 7.1 0.525 0.525
122.818 60.00 59.4700 7.1 0.525 0.525
122.867 60.00 59.4700 7.1 0.525 0.525
122.918 60.00 59.4700 7.1 0.525 0.525
122.968 60.00 59.4700 7.1 0.525 0.525
123.018 60.00 59.4700 7.1 0.525 0.525
123.067 60.00 59.4700 7.1 0.525 0.525
123.116 60.00 59.4700 7.1 0.525 0.525
123.167 60.00 59.4700 7.1 0.525 0.525
123.217 60.00 59.4700 7.1 0.525 0.525
123.268 60.00 59.4700 7.1 0.525 0.525
123.316 60.00 59.4700 7.1 0.525 0.525
123.366 60.00 59.4700 7.1 0.525 0.525
123.416 60.00 59.4700 7.1 0.525 0.525
123.466 60.00 59.4700 7.1 0.525 0.525
123.516 60.00 59.4700 7.1 0.525 0.525
123.565 60.00 59.4700 7.1 0.525 0.525
123.615 60.00 59.4700 7.1 0.525 0.525
123.664 60.00 59.4700 7.1 0.525 0.525
123.715 60.00 59.4700 7.1 0.525 0.525
123.765 60.00 59.4700 7.1 0.525 0.525
123.814 60.00 59.4700 7.1 0.525 0.525
123.865 60.00 59.4700 7.1 0.525 0.525
123.913 60.00 59.4700 7.1 0.525 0.525
123.964 60.00 59.4700 7.1 0.525 0.525
124.014 60.00 59.4700 7.1 0.525 0.525
124.063 60.00 59.4700 7.1 0.525 0.525
124.113 60.00 59.4700 7.2 0.525 0.525
124.162 60.00 59.4700 7.2 0.525 0.525
124.213 60.00 59.4700 7.2 0.525 0.525
124.263 60.00 59.4700 7.2 0.525 0.525
124.312 60.00 59.4700 7.2 0.525 0.525
124.362 60.00 59.4700 7.2 0.525 0.525
124.411 60.00 59.4700 7.2 0.525 0.525
124.462 60.00 59.4700 7.2 0.525 0.525
124.512 60.00 59.4700 7.2 0.525 0.525
124.561 60.00 59.4700 7.2 0.525 0.525
124.611 60.00 59.4700 7.2 0.525 0.525
124.660 60.00 59.4700 7.2 0.525 0.525
124.711 60.00 59.4700 7.2 0.525 0.525
124.762 60.00 59.4700 7.2 0.525 0.525
124.810 60.00 59.4700 7.2 0.525 0.525
124.860 60.00 59.4700 7.2 0.525 0.525
124.909 60.00 59.4700 7.2 0.525 0.525
124.961 60.00 59.4700 7.2 0.525 0.525
125.010 60.00 59.4700 7.2 0.525 0.525
125.059 60.00 59.4700 7.2 0.525 0.525
125.109 60.00 59.4700 7.2 0.525 0.525
125.159 60.00 59.4700 7.2 0.525 0.525
125.209 60.00 59.4700 7.2 0.525 0.525
125.259 60.00 59.4700 7.2 0.525 0.525
125.309 60.00 59.4700 7.2 0.525 0.525
125.358 60.00 59.4700 7.2 0.525 0.525
125.408 60.00 59.4700 7.2 0.525 0.525
125.458 60.00 59.4700 7.2 0.525 0.525
125.508 60.00 59.4700 7.2 0.525 0.525
125.558 60.00 59.4700 7.2 0.525 0.525
125.607 60.00 59.4700 7.2 0.525 0.525
125.657 60.00 59.4700 7.2 0.525 0.525
125.706 60.00 59.4700 7.2 0.525 0.525
125.757 60.00 59.4700 7.2 0.525 0.525
125.807 60.00 59.4700 7.2 0.525 0.525
125.856 60.00 59.4700 7.2 0.525 0.525
125.906 60.00 59.4700 7.2 0.525 0.525
125.956 60.00 59.4700 7.2 0.525 0.525
126.006 60.00 59.4700 7.2 0.525 0.525
126.056 60.00 59.4700 7.2 0.525 0.525
126.105 60.00 59.4700 7.2 0.525 0.525
126.156 60.00 59.4700 7.2 0.525 0.525
126.204 60.00 59.4700 7.2 0.525 0.525
126.255 60.00 59.4700 7.2 0.525 0.525
126.305 60.00 59.4700 7.2 0.525 0.525
126.354 60.00 59.4700 7.2 0.525 0.525
126.404 60.00 59.4700 7.2 0.525 0.525
126.453 60.00 59.4700 7.2 0.525 0.525
126.504 60.00 59.4700 7.2 0.525 0.525
126.554 60.00 59.4700 7.2 0.525 0.525
126.603 60.00 59.4700 7.2 0.525 0.525
126.653 60.00 59.4700 7.2 0.525 0.525
126.702 60.00 59.4700 7.2 0.525 0.525
126.753 60.00 59.4700 7.2 0.525 0.525
126.803 60.00 59.4700 7.2 0.525 0.525
126.852 60.00 59.4700 7.2 0.525 0.525
126.902 60.00 59.4700 7.2 0.525 0.525
126.951 60.00 59.4700 7.2 0.525 0.525
127.002 60.00 59.4700 7.2 0.525 0.525
127.052 60.00 59.4700 7.2 0.525 0.525
127.102 60.00 59.4700 7.2 0.525 0.525
127.151 60.00 59.4700 7.2 0.525 0.525
127.200 60.00 59.4700 7.2 0.525 0.525
127.251 60.00 59.4700 7.2 0.525 0.525
127.301 60.00 59.4700 7.2 0.525 0.525
127.351 60.00 59.4700 7.2 0.525 0.525
127.400 60.00 59.4700 7.2 0.525 0.525
127.449 60.00 59.4700 7.2 0.525 0.525
127.500 60.00 59.4700 7.2 0.525 0.525
127.550 60.00 59.4700 7.2 0.525 0.525
127.600 60.00 59.4700 7.2 0.525 0.525
127.649 60.00 59.4700 7.2 0.525 0.525
127.699 60.00 59.4700 7.2 0.525 0.525
127.749 60.00 59.4700 7.2 0.525 0.525
127.799 60.00 59.4700 7.2 0.525 0.525
127.849 60.00 59.4700 7.2 0.525 0.525
127.898 60.00 59.4700 7.2 0.525 0.525
127.948 60.00 59.4700 7.2 0.525 0.525
127.997 60.00 59.4700 7.2 0.525 0.525
128.048 60.00 59.4700 7.2 0.525 0.525
128.098 60.00 59.4700 7.2 0.525 0.525
128.147 60.00 59.4700 7.2 0.525 0.525
128.197 60.00 59.4700 7.2 0.525 0.525
128.246 60.00 59.4700 7.2 0.525 0.525
128.297 60.00 59.4700 7.2 0.525 0.525
128.347 60.00 59.4700 7.2 0.525 0.525
128.396 60.00 59.4700 7.2 0.525 0.525
128.446 60.00 59.4700 7.2 0.525 0.525
128.495 60.00 59.4700 7.2 0.525 0.525
128.546 60.00 59.4700 7.2 0.525 0.525
128.596 60.00 59.4700 7.2 0.525 0.525
128.645 60.00 59.4700 7.2 0.525 0.525
128.695 60.00 59.4700 7.2 0.525 0.525
128.744 60.00 59.4700 7.2 0.525 0.525
128.795 60.00 59.4700 7.2 0.525 0.525
128.845 60.00 59.4700 7.2 0.525 0.525
128.894 60.00 59.4700 7.2 0.525 0.525
128.944 60.00 59.4700 7.2 0.525 0.525
128.993 60.00 59.4700 7.2 0.525 0.525
129.044 60.00 59.4700 7.2 0.525 0.525
129.094 60.00 59.4700 7.2 0.525 0.525
129.144 60.00 59.4700 7.2 0.525 0.525
129.193 60.00 59.4700 7.2 0.525 0.525
129.242 60.00 59.4700 7.2 0.525 0.525
129.293 60.00 59.4700 7.3 0.525 0.525
129.343 60.00 59.4700 7.3 0.525 0.525
129.393 60.00 59.4700 7.3 0.525 0.525
129.442 60.00 59.4700 7.3 0.525 0.525
129.491 60.00 59.4700 7.3 0.525 0.525
129.542 60.00 59.4700 7.3 0.525 0.525
129.592 60.00 59.4700 7.3 0.525 0.525
129.642 60.00 59.4700 7.3 0.525 0.525
129.691 60.00 59.4700 7.3 0.525 0.525
129.741 60.00 59.4700 7.3 0.525 0.525
129.791 60.00 59.4700 7.3 0.525 0.525
129.841 60.00 59.4700 7.3 0.525 0.525
129.891 60.00 59.4700 7.3 0.525 0.525
129.940 60.00 59.4700 7.3 0.525 0.525
129.990 60.00 59.4700 7.3 0.525 0.525
130.039 60.00 59.4700 7.3 0.525 0.525
130.090 60.00 59.4700 7.3 0.525 0.525
130.140 60.00 59.4700 7.3 0.525 0.525
130.189 60.00 59.4700 7.3 0.525 0.525
130.239 60.00 59.4700 7.3 0.525 0.525
130.288 60.00 59.4700 7.3 0.525 0.525
130.339 60.00 59.4700 7.3 0.525 0.525
130.389 60.00 59.4700 7.3 0.525 0.525
130.438 60.00 59.4700 7.3 0.525 0.525
130.489 60.00 59.4700 7.3 0.525 0.525
130.537 60.00 59.4700 7.3 0.525 0.525
130.588 60.00 59.4700 7.3 0.525 0.525
130.638 60.00 59.4700 7.3 0.525 0.525
130.688 60.00 59.4700 7.3 0.525 0.525
130.737 60.00 59.4700 7.3 0.525 0.525
130.786 60.00 59.4700 7.3 0.525 0.525
130.837 60.00 59.4700 7.3 0.525 0.525
130.887 60.00 59.4700 7.3 0.525 0.525
130.936 60.00 59.4700 7.3 0.525 0.525
130.987 60.00 59.4700 7.3 0.525 0.525
131.035 60.00 59.4700 7.3 0.525 0.525
131.086 60.00 59.4700 7.3 0.525 0.525
131.136 60.00 59.4700 7.3 0.525 0.525
131.185 60.00 59.4700 7.3 0.525 0.525
131.235 60.00 59.4700 7.3 0.525 0.525
131.284 60.00 59.4700 7.3 0.525 0.525
131.335 60.00 59.4700 7.3 0.525 0.525
131.385 60.00 59.4700 7.3 0.525 0.525
131.435 60.00 59.4700 7.3 0.525 0.525
131.484 60.00 59.4700 7.3 0.525 0.525
131.533 60.00 59.4700 7.3 0.525 0.525
131.585 60.00 59.4700 7.3 0.525 0.525
131.634 60.00 59.4700 7.3 0.525 0.525
131.684 60.00 59.4700 7.3 0.525 0.525
131.733 60.00 59.4700 7.3 0.525 0.525
131.783 60.00 59.4700 7.3 0.525 0.525
131.832 60.00 59.4700 7.3 0.525 0.525
131.883 60.00 59.4700 7.3 0.525 0.525
131.933 60.00 59.4700 7.3 0.525 0.525
131.982 60.00 59.4700 7.3 0.525 0.525
132.032 60.00 59.4700 7.3 0.525 0.525
132.081 60.00 59.4700 7.3 0.525 0.525
132.132 60.00 59.4700 7.3 0.525 0.525
132.183 60.00 59.4700 7.3 0.525 0.525
132.231 60.00 59.4700 7.3 0.525 0.525
132.281 60.00 59.4700 7.3 0.525 0.525
132.330 60.00 59.4700 7.3 0.525 0.525
132.382 60.00 59.4700 7.3 0.525 0.525
132.431 60.00 59.4700 7.3 0.525 0.525
132.480 60.00 59.4700 7.3 0.525 0.525
132.530 60.00 59.4700 7.3 0.525 0.525
132.580 60.00 59.4700 7.3 0.525 0.525
132.630 60.00 59.4700 7.3 0.525 0.525
132.680 60.00 59.4700 7.3 0.525 0.525
132.729 60.00 59.4700 7.3 0.525 0.525
132.780 60.00 59.4700 7.3 0.525 0.525
132.828 60.00 59.4700 7.3 0.525 0.525
132.879 60.00 59.4700 7.3 0.525 0.525
132.929 60.00 59.4700 7.3 0.525 0.525
132.979 60.00 59.4700 7.3 0.525 0.525
133.028 60.00 59.4700 7.3 0.525 0.525
133.078 60.00 59.4700 7.3 0.525 0.525
133.128 60.00 59.4700 7.3 0.525 0.525
133.178 60.00 59.4700 7.3 0.525 0.525
133.227 60.00 59.4700 7.3 0.525 0.525
133.277 60.00 59.4700 7.3 0.525 0.525
133.326 60.00 59.4700 7.3 0.525 0.525
133.377 60.00 59.4700 7.3 0.525 0.525
133.427 60.00 59.4700 7.3 0.525 0.525
133.477 60.00 59.4700 7.3 0.525 0.525
133.526 60.00 59.4700 7.3 0.525 0.525
133.575 60.00 59.4700 7.3 0.525 0.525
133.626 60.00 59.4700 7.3 0.525 0.525
133.676 60.00 59.4700 7.3 0.525 0.525
133.726 60.00 59.4700 7.3 0.525 0.525
133.775 60.00 59.4700 7.3 0.525 0.525
133.824 60.00 59.4700 7.3 0.525 0.525
133.875 60.00 59.4700 7.3 0.525 0.525
133.925 60.00 59.4700 7.3 0.525 0.525
133.975 60.00 59.4700 7.3 0.525 0.525
134.024 60.00 59.4700 7.3 0.525 0.525
134.074 60.00 59.4700 7.4 0.525 0.525
134.124 60.00 59.4700 7.4 0.525 0.525
134.174 60.00 59.4700 7.4 0.525 0.525
134.224 60.00 59.4700 7.4 0.525 0.525
134.273 60.00 59.4700 7.4 0.525 0.525
134.323 60.00 59.4700 7.4 0.525 0.525
134.372 60.00 59.4700 7.4 0.525 0.525
134.423 60.00 59.4700 7.4 0.525 0.525
134.474 60.00 59.4700 7.4 0.525 0.525
134.522 60.00 59.4700 7.4 0.525 0.525
134.572 60.00 59.4700 7.4 0.525 0.525
134.621 60.00 59.4700 7.4 0.525 0.525
134.672 60.00 59.4700 7.4 0.525 0.525
134.722 60.00 59.4700 7.4 0.525 0.525
134.771 60.00 59.4700 7.4 0.525 0.525
134.821 60.00 59.4700 7.4 0.525 0.525
134.870 60.00 59.4700 7.4 0.525 0.525
134.921 60.00 59.4700 7.4 0.525 0.525
134.971 60.00 59.4700 7.4 0.525 0.525
135.020 60.00 59.4700 7.4 0.525 0.525
135.070 60.00 59.4700 7.4 0.525 0.525
135.119 60.00 59.4700 7.4 0.525 0.525
135.170 60.00 59.4700 7.4 0.525 0.525
135.220 60.00 59.4700 7.4 0.525 0.525
135.269 60.00 59.4700 7.4 0.525 0.525
135.319 60.00 59.4700 7.4 0.525 0.525
135.368 60.00 59.4700 7.4 0.525 0.525
135.419 60.00 59.4700 7.4 0.525 0.525
135.469 60.00 59.4700 7.4 0.525 0.525
135.518 60.00 59.4700 7.4 0.525 0.525
135.568 60.00 59.4700 7.4 0.525 0.525
135.617 60.00 59.4700 7.4 0.525 0.525
135.668 60.00 59.4700 7.4 0.525 0.525
135.718 60.00 59.4700 7.4 0.525 0.525
135.768 60.00 59.4700 7.4 0.525 0.525
135.817 60.00 59.4700 7.4 0.525 0.525
135.866 60.00 59.4700 7.4 0.525 0.525
135.917 60.00 59.4700 7.4 0.525 0.525
135.967 60.00 59.4700 7.4 0.525 0.525
136.017 60.00 59.4700 7.4 0.525 0.525
136.066 60.00 59.4700 7.4 0.525 0.525
136.116 60.00 59.4700 7.4 0.525 0.525
136.166 60.00 59.4700 7.4 0.525 0.525
136.216 60.00 59.4700 7.4 0.525 0.525
136.266 60.00 59.4700 7.4 0.525 0.525
136.315 60.00 59.4700 7.4 0.525 0.525
136.365 60.00 59.4700 7.4 0.525 0.525
136.414 60.00 59.4700 7.4 0.525 0.525
136.465 60.00 59.4700 7.4 0.525 0.525
136.515 60.00 59.4700 7.4 0.525 0.525
136.564 60.00 59.4700 7.4 0.525 0.525
136.614 60.00 59.4700 7.4 0.525 0.525
136.663 60.00 59.4700 7.4 0.525 0.525
136.714 60.00 59.4700 7.4 0.525 0.525
136.764 60.00 59.4700 7.4 0.525 0.525
136.813 60.00 59.4700 7.4 0.525 0.525
136.863 60.00 59.4700 7.4 0.525 0.525
136.912 60.00 59.4700 7.4 0.525 0.525
136.963 60.00 59.4700 7.4 0.525 0.525
137.013 60.00 59.4700 7.4 0.525 0.525
137.062 60.00 59.4700 7.4 0.525 0.525
137.112 60.00 59.4700 7.4 0.525 0.525
137.162 60.00 59.4700 7.4 0.525 0.525
137.212 60.00 59.4700 7.4 0.525 0.525
137.263 60.00 59.4700 7.4 0.525 0.525
137.311 60.00 59.4700 7.4 0.525 0.525
137.361 60.00 59.4700 7.4 0.525 0.525
137.410 60.00 59.4700 7.4 0.525 0.525
137.461 60.00 59.4700 7.4 0.525 0.525
137.511 60.00 59.4700 7.4 0.525 0.525
137.560 60.00 59.4700 7.4 0.525 0.525
137.610 60.00 59.4700 7.4 0.525 0.525
137.659 60.00 59.4700 7.4 0.525 0.525
137.710 60.00 59.4700 7.4 0.525 0.525
137.760 60.00 59.4700 7.4 0.525 0.525
137.809 60.00 59.4700 7.4 0.525 0.525
137.859 60.00 59.4700 7.4 0.525 0.525
137.908 60.00 59.4700 7.4 0.525 0.525
137.959 60.00 59.4700 7.4 0.525 0.525
138.009 60.00 59.4700 7.4 0.525 0.525
138.059 60.00 59.4700 7.4 0.525 0.525
138.108 60.00 59.4700 7.4 0.525 0.525
138.158 60.00 59.4700 7.4 0.525 0.525
138.208 60.00 59.4700 7.4 0.525 0.525
138.258 60.00 59.4700 7.4 0.525 0.525
138.308 60.00 59.4700 7.5 0.525 0.525
138.357 60.00 59.4700 7.5 0.525 0.525
138.407 60.00 59.4700 7.5 0.525 0.525
138.456 60.00 59.4700 7.5 0.525 0.525
138.507 60.00 59.4700 7.5 0.525 0.525
138.557 60.00 59.4700 7.5 0.525 0.525
138.606 60.00 59.4700 7.5 0.525 0.525
138.656 60.00 59.4700 7.5 0.525 0.525
138.705 60.00 59.4700 7.5 0.525 0.525
138.756 60.00 59.4700 7.5 0.525 0.525
138.806 60.00 59.4700 7.5 0.525 0.525
138.855 60.00 59.4700 7.5 0.525 0.525
138.905 60.00 59.4700 7.5 0.525 0.525
138.954 60.00 59.4700 7.5 0.525 0.525
139.005 60.00 59.4700 7.5 0.525 0.525
139.055 60.00 59.4700 7.5 0.525 0.525
139.104 60.00 59.4700 7.5 0.525 0.525
139.154 60.00 59.4700 7.5 0.525 0.525
139.203 60.00 59.4700 7.5 0.525 0.525
139.254 60.00 59.4700 7.5 0.525 0.525
139.305 60.00 59.4700 7.5 0.525 0.525
139.353 60.00 59.4700 7.5 0.525 0.525
139.403 60.00 59.4700 7.5 0.525 0.525
139.452 60.00 59.4700 7.5 0.525 0.525
139.503 60.00 59.4700 7.5 0.525 0.525
139.553 60.00 59.4700 7.5 0.525 0.525
139.602 60.00 59.4700 7.5 0.525 0.525
139.652 60.00 59.4700 7.5 0.525 0.525
139.702 60.00 59.4700 7.5 0.525 0.525
139.752 60.00 59.4700 7.5 0.525 0.525
139.802 60.00 59.4700 7.5 0.525 0.525
139.851 60.00 59.4700 7.5 0.525 0.525
139.901 60.00 59.4700 7.5 0.525 0.525
139.950 60.00 59.4700 7.5 0.525 0.525
140.001 60.00 59.4700 7.5 0.525 0.525
140.051 60.00 59.4700 7.5 0.525 0.525
140.101 60.00 59.4700 7.5 0.525 0.525
140.150 60.00 59.4700 7.5 0.525 0.525
140.199 60.00 59.4700 7.5 0.525 0.525
140.250 60.00 59.4700 7.5 0.525 0.525
140.300 60.00 59.4700 7.5 0.525 0.525
140.350 60.00 59.4700 7.5 0.525 0.525
140.399 60.00 59.4700 7.5 0.525 0.525
140.449 60.00 59.4700 7.5 0.525 0.525
140.499 60.00 59.4700 7.5 0.525 0.525
140.549 60.00 59.4700 7.5 0.525 0.525
140.599 60.00 59.4700 7.5 0.525 0.525
140.648 60.00 59.4700 7.5 0.525 0.525
140.699 60.00 59.4700 7.5 0.525 0.525
140.747 60.00 59.4700 7.5 0.525 0.525
140.798 60.00 59.4700 7.5 0.525 0.525
140.848 60.00 59.4700 7.5 0.525 0.525
140.897 60.00 59.4700 7.5 0.525 0.525
140.947 60.00 59.4700 7.5 0.525 0.525
140.996 60.00 59.4700 7.5 0.525 0.525
141.047 60.00 59.4700 7.5 0.525 0.525
141.097 60.00 59.4700 7.5 0.525 0.525
141.146 60.00 59.4700 7.5 0.525 0.525
141.196 60.00 59.4700 7.5 0.525 0.525
141.245 60.00 59.4700 7.5 0.525 0.525
141.296 60.00 59.4700 7.5 0.525 0.525
141.346 60.00 59.4700 7.5 0.525 0.525
141.395 60.00 59.4700 7.5 0.525 0.525
141.445 60.00 59.4700 7.5 0.525 0.525
141.494 60.00 59.4700 7.5 0.525 0.525
141.545 60.00 59.4700 7.5 0.525 0.525
141.595 60.00 59.4700 7.5 0.525 0.525
141.644 60.00 59.4700 7.5 0.525 0.525
141.694 60.00 59.4700 7.5 0.525 0.525
141.743 60.00 59.4700 7.5 0.525 0.525
141.794 60.00 59.4700 7.5 0.525 0.525
141.844 60.00 59.4700 7.5 0.525 0.525
141.893 60.00 59.4700 7.5 0.525 0.525
141.943 60.00 59.4700 7.5 0.525 0.525
141.992 60.00 59.4700 7.5 0.525 0.525
142.043 60.00 59.4700 7.5 0.525 0.525
142.093 60.00 59.4700 7.5 0.525 0.525
142.143 60.00 59.4700 7.5 0.525 0.525
142.192 60.00 59.4700 7.5 0.525 0.525
142.241 60.00 59.4700 7.5 0.525 0.525
142.292 60.00 59.4700 7.5 0.525 0.525
142.342 60.00 59.4700 7.5 0.525 0.525
142.392 60.00 59.4700 7.5 0.525 0.525
142.441 60.00 59.4700 7.5 0.525 0.525
142.491 60.00 59.4700 7.5 0.525 0.525
142.540 60.00 59.4700 7.5 0.525 0.525
142.591 60.00 59.4700 7.5 0.525 0.525
142.641 60.00 59.4700 7.5 0.525 0.525
142.690 60.00 59.4700 7.5 0.525 0.525
142.740 60.00 59.4700 7.5 0.525 0.525
142.789 60.00 59.4700 7.5 0.525 0.525
142.840 60.00 59.4700 7.5 0.525 0.525
142.890 60.00 59.4700 7.5 0.525 0.525
142.939 60.00 59.4700 7.5 0.525 0.525
142.989 60.00 59.4700 7.5 0.525 0.525
143.038 60.00 59.4700 7.5 0.525 0.525
143.089 60.00 59.4700 7.5 0.525 0.525
143.139 60.00 59.4700 7.5 0.525 0.525
143.188 60.00 59.4700 7.5 0.525 0.525
143.238 60.00 59.4700 7.5 0.525 0.525
143.287 60.00 59.4700 7.5 0.525 0.525
143.338 60.00 59.4700 7.5 0.525 0.525
143.388 60.00 59.4700 7.5 0.525 0.525
143.437 60.00 59.4700 7.5 0.525 0.525
143.487 60.00 59.4700 7.5 0.525 0.525
143.536 60.00 59.4700 7.6 0.525 0.525
143.588 60.00 59.4700 7.6 0.525 0.525
143.637 60.00 59.4700 7.6 0.525 0.525
143.686 60.00 59.4700 7.6 0.525 0.525
143.736 60.00 59.4700 7.6 0.525 0.525
143.785 60.00 59.4700 7.6 0.525 0.525
143.836 60.00 59.4700 7.6 0.525 0.525
143.886 60.00 59.4700 7.6 0.525 0.525
143.935 60.00 59.4700 7.6 0.525 0.525
143.986 60.00 59.4700 7.6 0.525 0.525
144.034 60.00 59.4700 7.6 0.525 0.525
144.085 60.00 59.4700 7.6 0.525 0.525
144.135 60.00 59.4700 7.6 0.525 0.525
144.184 60.00 59.4700 7.6 0.525 0.525
144.234 60.00 59.4700 7.6 0.525 0.525
144.283 60.00 59.4700 7.6 0.525 0.525
144.334 60.00 59.4700 7.6 0.525 0.525
144.384 60.00 59.4700 7.6 0.525 0.525
144.434 60.00 59.4700 7.6 0.525 0.525
144.483 60.00 59.4700 7.6 0.525 0.525
144.533 60.00 59.4700 7.6 0.525 0.525
144.583 60.00 59.4700 7.6 0.525 0.525
144.633 60.00 59.4700 7.6 0.525 0.525
144.683 60.00 59.4700 7.6 0.525 0.525
144.732 60.00 59.4700 7.6 0.525 0.525
144.782 60.00 59.4700 7.6 0.525 0.525
144.832 60.00 59.4700 7.6 0.525 0.525
144.882 60.00 59.4700 7.6 0.525 0.525
144.932 60.00 59.4700 7.6 0.525 0.525
144.981 60.00 59.4700 7.6 0.525 0.525
145.032 60.00 59.4700 7.6 0.525 0.525
145.080 60.00 59.4700 7.6 0.525 0.525
145.131 60.00 59.4700 7.6 0.525 0.525
145.181 60.00 59.4700 7.6 0.525 0.525
145.230 60.00 59.4700 7.6 0.525 0.525
145.280 60.00 59.4700 7.6 0.525 0.525
145.329 60.00 59.4700 7.6 0.525 0.525
145.380 60.00 59.4700 7.6 0.525 0.525
145.430 60.00 59.4700 7.6 0.525 0.525
145.479 60.00 59.4700 7.6 0.525 0.525
145.529 60.00 59.4700 7.6 0.525 0.525
145.578 60.00 59.4700 7.6 0.525 0.525
145.629 60.00 59.4700 7.6 0.525 0.525
145.679 60.00 59.4700 7.6 0.525 0.525
145.728 60.00 59.4700 7.6 0.525 0.525
145.778 60.00 59.4700 7.6 0.525 0.525
145.827 60.00 59.4700 7.6 0.525 0.525
145.878 60.00 59.4700 7.6 0.525 0.525
145.929 60.00 59.4700 7.6 0.525 0.525
145.977 60.00 59.4700 7.6 0.525 0.525
146.027 60.00 59.4700 7.6 0.525 0.525
146.076 60.00 59.4700 7.6 0.525 0.525
146.127 60.00 59.4700 7.6 0.525 0.525
146.177 60.00 59.4700 7.6 0.525 0.525
146.226 60.00 59.4700 7.6 0.525 0.525
146.276 60.00 59.4700 7.6 0.525 0.525
146.325 60.00 59.4700 7.6 0.525 0.525
146.376 60.00 59.4700 7.6 0.525 0.525
146.426 60.00 59.4700 7.6 0.525 0.525
146.476 60.00 59.4700 7.6 0.525 0.525
146.525 60.00 59.4700 7.6 0.525 0.525
146.574 60.00 59.4700 7.6 0.525 0.525
146.625 60.00 59.4700 7.6 0.525 0.525
146.675 60.00 59.4700 7.6 0.525 0.525
146.725 60.00 59.4700 7.6 0.525 0.525
146.774 60.00 59.4700 7.6 0.525 0.525
146.824 60.00 59.4700 7.6 0.525 0.525
146.874 60.00 59.4700 7.6 0.525 0.525
146.924 60.00 59.4700 7.6 0.525 0.525
146.974 60.00 59.4700 7.6 0.525 0.525
147.023 60.00 59.4700 7.6 0.525 0.525
147.073 60.00 59.4700 7.6 0.525 0.525
147.122 60.00 59.4700 7.6 0.525 0.525
147.173 60.00 59.4700 7.6 0.525 0.525
147.223 60.00 59.4700 7.6 0.525 0.525
147.272 60.00 59.4700 7.6 0.525 0.525
147.322 60.00 59.4700 7.6 0.525 0.525
147.371 60.00 59.4700 7.6 0.525 0.525
147.422 60.00 59.4700 7.6 0.525 0.525
147.472 60.00 59.4700 7.6 0.525 0.525
147.521 60.00 59.4700 7.6 0.525 0.525
147.571 60.00 59.4700 7.6 0.525 0.525
147.620 60.00 59.4700 7.6 0.525 0.525
147.672 60.00 59.4700 7.6 0.525 0.525
147.721 60.00 59.4700 7.6 0.525 0.525
147.770 60.00 59.4700 7.6 0.525 0.525
147.820 60.00 59.4700 7.7 0.525 0.525
147.869 60.00 59.4700 7.7 0.525 0.525
147.920 60.00 59.4700 7.7 0.525 0.525
147.970 60.00 59.4700 7.7 0.525 0.525
148.019 60.00 59.4700 7.7 0.525 0.525
148.069 60.00 59.4700 7.7 0.525 0.525
148.119 60.00 59.4700 7.7 0.525 0.525
148.169 60.00 59.4700 7.7 0.525 0.525
148.219 60.00 59.4700 7.7 0.525 0.525
148.268 60.00 59.4700 7.7 0.525 0.525
148.318 60.00 59.4700 7.7 0.525 0.525
148.367 60.00 59.4700 7.7 0.525 0.525
148.418 60.00 59.4700 7.7 0.525 0.525
148.468 60.00 59.4700 7.7 0.525 0.525
148.518 60.00 59.4700 7.7 0.525 0.525
148.567 60.00 59.4700 7.7 0.525 0.525
148.616 60.00 59.4700 7.7 0.525 0.525
148.667 60.00 59.4700 7.7 0.525 0.525
148.717 60.00 59.4700 7.7 0.525 0.525
148.767 60.00 59.4700 7.7 0.525 0.525
148.816 60.00 59.4700 7.7 0.525 0.525
148.866 60.00 59.4700 7.7 0.525 0.525
148.915 60.00 59.4700 7.7 0.525 0.525
148.966 60.00 59.4700 7.7 0.525 0.525
149.016 60.00 59.4700 7.7 0.525 0.525
149.065 60.00 59.4700 7.7 0.525 0.525
149.115 60.00 59.4700 7.7 0.525 0.525
149.164 60.00 59.4700 7.7 0.525 0.525
149.215 60.00 59.4700 7.7 0.525 0.525
149.265 60.00 59.4700 7.7 0.525 0.525
149.314 60.00 59.4700 7.7 0.525 0.525
149.364 60.00 59.4700 7.7 0.525 0.525
149.413 60.00 59.4700 7.7 0.525 0.525
149.464 60.00 59.4700 7.7 0.525 0.525
149.514 60.00 59.4700 7.7 0.525 0.525
149.563 60.00 59.4700 7.7 0.525 0.525
149.613 60.00 59.4700 7.7 0.525 0.525
149.663 60.00 59.4700 7.7 0.525 0.525
149.713 60.00 59.4700 7.7 0.525 0.525
149.763 60.00 59.4700 7.7 0.525 0.525
149.812 60.00 59.4700 7.7 0.525 0.525
149.862 60.00 59.4700 7.7 0.525 0.525
149.911 60.00 59.4700 7.7 0.525 0.525
149.962 60.00 59.4700 7.7 0.525 0.525
150.012 60.00 59.4700 7.7 0.525 0.525
150.061 60.00 59.4700 7.7 0.525 0.525
150.111 60.00 59.4700 7.7 0.525 0.525
150.160 60.00 59.4700 7.7 0.525 0.525
150.211 60.00 59.4700 7.7 0.525 0.525
150.261 60.00 59.4700 7.7 0.525 0.525
150.310 60.00 59.4700 7.7 0.525 0.525
150.360 60.00 59.4700 7.7 0.525 0.525
150.409 60.00 59.4700 7.7 0.525 0.525
150.460 60.00 59.4700 7.7 0.525 0.525
150.510 60.00 59.4700 7.7 0.525 0.525
150.560 60.00 59.4700 7.7 0.525 0.525
150.609 60.00 59.4700 7.7 0.525 0.525
150.658 60.00 59.4700 7.7 0.525 0.525
150.709 60.00 59.4700 7.7 0.525 0.525
150.760 60.00 59.4700 7.7 0.525 0.525
150.809 60.00 59.4700 7.7 0.525 0.525
150.858 60.00 59.4700 7.7 0.525 0.525
150.908 60.00 59.4700 7.7 0.525 0.525
150.957 60.00 59.4700 7.7 0.525 0.525
151.008 60.00 59.4700 7.7 0.525 0.525
151.058 60.00 59.4700 7.7 0.525 0.525
151.107 60.00 59.4700 7.7 0.525 0.525
151.158 60.00 59.4700 7.7 0.525 0.525
151.206 60.00 59.4700 7.7 0.525 0.525
151.257 60.00 59.4700 7.7 0.525 0.525
151.307 60.00 59.4700 7.7 0.525 0.525
151.356 60.00 59.4700 7.7 0.525 0.525
151.406 60.00 59.4700 7.7 0.525 0.525
151.455 60.00 59.4700 7.7 0.525 0.525
151.506 60.00 59.4700 7.7 0.525 0.525
151.556 60.00 59.4700 7.7 0.525 0.525
151.605 60.00 59.4700 7.7 0.525 0.525
151.655 60.00 59.4700 7.7 0.525 0.525
151.704 60.00 59.4700 7.7 0.525 0.525
151.755 60.00 59.4700 7.7 0.525 0.525
151.805 60.00 59.4700 7.7 0.525 0.525
151.854 60.00 59.4700 7.7 0.525 0.525
151.904 60.00 59.4700 7.7 0.525 0.525
151.953 60.00 59.4700 7.7 0.525 0.525
152.004 60.00 59.4700 7.7 0.525 0.525
152.054 60.00 59.4700 7.7 0.525 0.525
152.103 60.00 59.4700 7.7 0.525 0.525
152.153 60.00 59.4700 7.7 0.525 0.525
152.202 60.00 59.4700 7.7 0.525 0.525
152.254 60.00 59.4700 7.7 0.525 0.525
152.303 60.00 59.4700 7.7 0.525 0.525
152.352 60.00 59.4700 7.7 0.525 0.525
152.402 60.00 59.4700 7.7 0.525 0.525
152.451 60.00 59.4700 7.7 0.525 0.525
152.502 60.00 59.4700 7.7 0.525 0.525
152.552 60.00 59.4700 7.8 0.525 0.525
152.601 60.00 59.4700 7.8 0.525 0.525
152.651 60.00 59.4700 7.8 0.525 0.525
152.700 60.00 59.4700 7.8 0.525 0.525
152.751 60.00 59.4700 7.8 0.525 0.525
152.801 60.00 59.4700 7.8 0.525 0.525
152.851 60.00 59.4700 7.8 0.525 0.525
152.900 60.00 59.4700 7.8 0.525 0.525
152.949 60.00 59.4700 7.8 0.525 0.525
153.000 60.00 59.4700 7.8 0.525 0.525
153.050 60.00 59.4700 7.8 0.525 0.525
153.100 60.00 59.4700 7.8 0.525 0.525
153.149 60.00 59.4700 7.8 0.525 0.525
153.199 60.00 59.4700 7.8 0.525 0.525
153.249 60.00 59.4700 7.8 0.525 0.525
153.299 60.00 59.4700 7.8 0.525 0.525
153.349 60.00 59.4700 7.8 0.525 0.525
153.398 60.00 59.4700 7.8 0.525 0.525
153.448 60.00 59.4700 7.8 0.525 0.525
153.497 60.00 59.4700 7.8 0.525 0.525
153.548 60.00 59.4700 7.8 0.525 0.525
153.598 60.00 59.4700 7.8 0.525 0.525
153.647 60.00 59.4700 7.8 0.525 0.525
153.697 60.00 59.4700 7.8 0.525 0.525
153.746 60.00 59.4700 7.8 0.525 0.525
153.797 60.00 59.4700 7.8 0.525 0.525
153.847 60.00 59.4700 7.8 0.525 0.525
153.896 60.00 59.4700 7.8 0.525 0.525
153.946 60.00 59.4700 7.8 0.525 0.525
153.995 60.00 59.4700 7.8 0.525 0.525
154.046 60.00 59.4700 7.8 0.525 0.525
154.096 60.00 59.4700 7.8 0.525 0.525
154.145 60.00 59.4700 7.8 0.525 0.525
154.195 60.00 59.4700 7.8 0.525 0.525
154.244 60.00 59.4700 7.8 0.525 0.525
154.295 60.00 59.4700 7.8 0.525 0.525
154.345 60.00 59.4700 7.8 0.525 0.525
154.394 60.00 59.4700 7.8 0.525 0.525
154.444 60.00 59.4700 7.8 0.525 0.525
154.493 60.00 59.4700 7.8 0.525 0.525
154.544 60.00 59.4700 7.8 0.525 0.525
154.594 60.00 59.4700 7.8 0.525 0.525
154.643 60.00 59.4700 7.8 0.525 0.525
154.693 60.00 59.4700 7.8 0.525 0.525
154.742 60.00 59.4700 7.8 0.525 0.525
154.793 60.00 59.4700 7.8 0.525 0.525
154.843 60.00 59.4700 7.8 0.525 0.525
154.893 60.00 59.4700 7.8 0.525 0.525
154.942 60.00 59.4700 7.8 0.525 0.525
154.991 60.00 59.4700 7.8 0.525 0.525
155.042 60.00 59.4700 7.8 0.525 0.525
155.092 60.00 59.4700 7.8 0.525 0.525
155.142 60.00 59.4700 7.8 0.525 0.525
155.191 60.00 59.4700 7.8 0.525 0.525
155.241 60.00 59.4700 7.8 0.525 0.525
155.290 60.00 59.4700 7.8 0.525 0.525
155.341 60.00 59.4700 7.8 0.525 0.525
155.391 60.00 59.4700 7.8 0.525 0.525
155.440 60.00 59.4700 7.8 0.525 0.525
155.490 60.00 59.4700 7.8 0.525 0.525
155.539 60.00 59.4700 7.8 0.525 0.525
155.590 60.00 59.4700 7.8 0.525 0.525
155.640 60.00 59.4700 7.8 0.525 0.525
155.689 60.00 59.4700 7.8 0.525 0.525
155.739 60.00 59.4700 7.8 0.525 0.525
155.788 60.00 59.4700 7.8 0.525 0.525
155.840 60.00 59.4700 7.8 0.525 0.525
155.889 60.00 59.4700 7.8 0.525 0.525
155.938 60.00 59.4700 7.8 0.525 0.525
155.988 60.00 59.4700 7.8 0.525 0.525
156.037 60.00 59.4700 7.8 0.525 0.525
156.089 60.00 59.4700 7.8 0.525 0.525
156.138 60.00 59.4700 7.8 0.525 0.525
156.187 60.00 59.4700 7.8 0.525 0.525
156.237 60.00 59.4700 7.8 0.525 0.525
156.286 60.00 59.4700 7.8 0.525 0.525
156.338 60.00 59.4700 7.8 0.525 0.525
156.387 60.00 59.4700 7.8 0.525 0.525
156.436 60.00 59.4700 7.8 0.525 0.525
156.486 60.00 59.4700 7.8 0.525 0.525
156.535 60.00 59.4700 7.8 0.525 0.525
156.586 60.00 59.4700 7.8 0.525 0.525
156.636 60.00 59.4700 7.8 0.525 0.525
156.685 60.00 59.4700 7.8 0.525 0.525
156.735 60.00 59.4700 7.8 0.525 0.525
156.784 60.00 59.4700 7.8 0.525 0.525
156.835 60.00 59.4700 7.8 0.525 0.525
156.885 60.00 59.4700 7.8 0.525 0.525
156.934 60.00 59.4700 7.8 0.525 0.525
156.984 60.00 59.4700 7.8 0.525 0.525
157.033 60.00 59.4700 7.8 0.525 0.525
157.084 60.00 59.4700 7.8 0.525 0.525
157.134 60.00 59.4700 7.8 0.525 0.525
157.184 60.00 59.4700 7.8 0.525 0.525
157.233 60.00 59.4700 7.8 0.525 0.525
157.283 60.00 59.4700 7.8 0.525 0.525
157.333 60.00 59.4700 7.8 0.525 0.525
157.383 60.00 59.4700 7.8 0.525 0.525
157.433 60.00 59.4700 7.8 0.525 0.525
157.482 60.00 59.4700 7.8 0.525 0.525
157.532 60.00 59.4700 7.8 0.525 0.525
157.581 60.00 59.4700 7.8 0.525 0.525
157.632 60.00 59.4700 7.8 0.525 0.525
157.682 60.00 59.4700 7.8 0.525 0.525
157.731 60.00 59.4700 7.8 0.525 0.525
157.781 60.00 59.4700 7.9 0.525 0.525
157.830 60.00 59.4700 7.9 0.525 0.525
157.881 60.00 59.4700 7.9 0.525 0.525
157.931 60.00 59.4700 7.9 0.525 0.525
157.980 60.00 59.4700 7.9 0.525 0.525
158.030 60.00 59.4700 7.9 0.525 0.525
158.079 60.00 59.4700 7.9 0.525 0.525
158.130 60.00 59.4700 7.9 0.525 0.525
158.181 60.00 59.4700 7.9 0.525 0.525
158.229 60.00 59.4700 7.9 0.525 0.525
158.279 60.00 59.4700 7.9 0.525 0.525
158.328 60.00 59.4700 7.9 0.525 0.525
158.380 60.00 59.4700 7.9 0.525 0.525
158.429 60.00 59.4700 7.9 0.525 0.525
158.478 60.00 59.4700 7.9 0.525 0.525
158.528 60.00 59.4700 7.9 0.525 0.525
158.577 60.00 59.4700 7.9 0.525 0.525
158.628 60.00 59.4700 7.9 0.525 0.525
158.678 60.00 59.4700 7.9 0.525 0.525
158.727 60.00 59.4700 7.9 0.525 0.525
158.777 60.00 59.4700 7.9 0.525 0.525
158.826 60.00 59.4700 7.9 0.525 0.525
158.877 60.00 59.4700 7.9 0.525 0.525
158.927 60.00 59.4700 7.9 0.525 0.525
158.977 60.00 59.4700 7.9 0.525 0.525
159.026 60.00 59.4700 7.9 0.525 0.525
159.075 60.00 59.4700 7.9 0.525 0.525
159.126 60.00 59.4700 7.9 0.525 0.525
159.176 60.00 59.4700 7.9 0.525 0.525
159.226 60.00 59.4700 7.9 0.525 0.525
159.275 60.00 59.4700 7.9 0.525 0.525
159.325 60.00 59.4700 7.9 0.525 0.525
159.375 60.00 59.4700 7.9 0.525 0.525
159.425 60.00 59.4700 7.9 0.525 0.525
159.475 60.00 59.4700 7.9 0.525 0.525
159.524 60.00 59.4700 7.9 0.525 0.525
159.574 60.00 59.4700 7.9 0.525 0.525
159.624 60.00 59.4700 7.9 0.525 0.525
159.674 60.00 59.4700 7.9 0.525 0.525
159.725 60.00 59.4700 7.9 0.525 0.525
159.773 60.00 59.4700 7.9 0.525 0.525
159.823 60.00 59.4700 7.9 0.525 0.525
159.872 60.00 59.4700 7.9 0.525 0.525
159.923 60.00 59.4700 7.9 0.525 0.525
159.973 60.00 59.4700 7.9 0.525 0.525
160.022 60.00 59.4700 7.9 0.525 0.525
160.072 60.00 59.4700 7.9 0.525 0.525
160.121 60.00 59.4700 7.9 0.525 0.525
160.172 60.00 59.4700 7.9 0.525 0.525
160.222 60.00 59.4700 7.9 0.525 0.525
160.271 60.00 59.4700 7.9 0.525 0.525
160.322 60.00 59.4700 7.9 0.525 0.525
160.371 60.00 59.4700 7.9 0.525 0.525
160.421 60.00 59.4700 7.9 0.525 0.525
160.471 60.00 59.4700 7.9 0.525 0.525
160.520 60.00 59.4700 7.9 0.525 0.525
160.570 60.00 59.4700 7.9 0.525 0.525
160.619 60.00 59.4700 7.9 0.525 0.525
160.670 60.00 59.4700 7.9 0.525 0.525
160.720 60.00 59.4700 7.9 0.525 0.525
160.769 60.00 59.4700 7.9 0.525 0.525
160.819 60.00 59.4700 7.9 0.525 0.525
160.868 60.00 59.4700 7.9 0.525 0.525
160.920 60.00 59.4700 7.9 0.525 0.525
160.969 60.00 59.4700 7.9 0.525 0.525
161.018 60.00 59.4700 7.9 0.525 0.525
161.068 60.00 59.4700 7.9 0.525 0.525
161.118 60.00 59.4700 7.9 0.525 0.525
161.168 60.00 59.4700 7.9 0.525 0.525
161.218 60.00 59.4700 7.9 0.525 0.525
161.268 60.00 59.4700 7.9 0.525 0.525
161.317 60.00 59.4700 7.9 0.525 0.525
161.366 60.00 59.4700 7.9 0.525 0.525
161.417 60.00 59.4700 7.9 0.525 0.525
161.467 60.00 59.4700 7.9 0.525 0.525
161.517 60.00 59.4700 7.9 0.525 0.525
161.566 60.00 59.4700 7.9 0.525 0.525
161.616 60.00 59.4700 7.9 0.525 0.525
161.666 60.00 59.4700 7.9 0.525 0.525
161.716 60.00 59.4700 7.9 0.525 0.525
161.766 60.00 59.4700 7.9 0.525 0.525
161.815 60.00 59.4700 7.9 0.525 0.525
161.865 60.00 59.4700 7.9 0.525 0.525
161.914 60.00 59.4700 7.9 0.525 0.525
161.965 60.00 59.4700 7.9 0.525 0.525
162.015 60.00 59.4700 7.9 0.525 0.525
162.064 60.00 59.4700 8.0 0.525 0.525
162.114 60.00 59.4700 8.0 0.525 0.525
162.163 60.00 59.4700 8.0 0.525 0.525
162.214 60.00 59.4700 8.0 0.525 0.525
162.264 60.00 59.4700 8.0 0.525 0.525
162.313 60.00 59.4700 8.0 0.525 0.525
162.363 60.00 59.4700 8.0 0.525 0.525
162.412 60.00 59.4700 8.0 0.525 0.525
162.463 60.00 59.4700 8.0 0.525 0.525
162.513 60.00 59.4700 8.0 0.525 0.525
162.563 60.00 59.4700 8.0 0.525 0.525
162.612 60.00 59.4700 8.0 0.525 0.525
162.661 60.00 59.4700 8.0 0.525 0.525
162.712 60.00 59.4700 8.0 0.525 0.525
162.762 60.00 59.4700 8.0 0.525 0.525
162.811 60.00 59.4700 8.0 0.525 0.525
162.861 60.00 59.4700 8.0 0.525 0.525
162.910 60.00 59.4700 8.0 0.525 0.525
162.961 60.00 59.4700 8.0 0.525 0.525
163.011 60.00 59.4700 8.0 0.525 0.525
163.060 60.00 59.4700 8.0 0.525 0.525
163.110 60.00 59.4700 8.0 0.525 0.525
163.159 60.00 59.4700 8.0 0.525 0.525
163.210 60.00 59.4700 8.0 0.525 0.525
163.260 60.00 59.4700 8.0 0.525 0.525
163.309 60.00 59.4700 8.0 0.525 0.525
163.359 60.00 59.4700 8.0 0.525 0.525
163.408 60.00 59.4700 8.0 0.525 0.525
163.459 60.00 59.4700 8.0 0.525 0.525
163.509 60.00 59.4700 8.0 0.525 0.525
163.560 60.00 59.4700 8.0 0.525 0.525
163.608 60.00 59.4700 8.0 0.525 0.525
163.658 60.00 59.4700 8.0 0.525 0.525
163.708 60.00 59.4700 8.0 0.525 0.525
163.759 60.00 59.4700 8.0 0.525 0.525
163.808 60.00 59.4700 8.0 0.525 0.525
163.857 60.00 59.4700 8.0 0.525 0.525
163.907 60.00 59.4700 8.0 0.525 0.525
163.956 60.00 59.4700 8.0 0.525 0.525
164.007 60.00 59.4700 8.0 0.525 0.525
164.057 60.00 59.4700 8.0 0.525 0.525
164.106 60.00 59.4700 8.0 0.525 0.525
164.157 60.00 59.4700 8.0 0.525 0.525
164.205 60.00 59.4700 8.0 0.525 0.525
164.256 60.00 59.4700 8.0 0.525 0.525
164.306 60.00 59.4700 8.0 0.525 0.525
164.356 60.00 59.4700 8.0 0.525 0.525
164.405 60.00 59.4700 8.0 0.525 0.525
164.454 60.00 59.4700 8.0 0.525 0.525
164.505 60.00 59.4700 8.0 0.525 0.525
164.555 60.00 59.4700 8.0 0.525 0.525
164.604 60.00 59.4700 8.0 0.525 0.525
164.654 60.00 59.4700 8.0 0.525 0.525
164.703 60.00 59.4700 8.0 0.525 0.525
164.754 60.00 59.4700 8.0 0.525 0.525
164.804 60.00 59.4700 8.0 0.525 0.525
164.853 60.00 59.4700 8.0 0.525 0.525
164.903 60.00 59.4700 8.0 0.525 0.525
164.952 60.00 59.4700 8.0 0.525 0.525
165.003 60.00 59.4700 8.0 0.525 0.525
165.053 60.00 59.4700 8.0 0.525 0.525
165.102 60.00 59.4700 8.0 0.525 0.525
165.152 60.00 59.4700 8.0 0.525 0.525
165.201 60.00 59.4700 8.0 0.525 0.525
165.253 60.00 59.4700 8.0 0.525 0.525
165.302 60.00 59.4700 8.0 0.525 0.525
165.351 60.00 59.4700 8.0 0.525 0.525
165.401 60.00 59.4700 8.0 0.525 0.525
165.450 60.00 59.4700 8.0 0.525 0.525
165.501 60.00 59.4700 8.0 0.525 0.525
165.551 60.00 59.4700 8.0 0.525 0.525
165.601 60.00 59.4700 8.0 0.525 0.525
165.650 60.00 59.4700 8.0 0.525 0.525
165.699 60.00 59.4700 8.0 0.525 0.525
165.750 60.00 59.4700 8.0 0.525 0.525
165.800 60.00 59.4700 8.0 0.525 0.525
165.850 60.00 59.4700 8.0 0.525 0.525
165.899 60.00 59.4700 8.0 0.525 0.525
165.949 60.00 59.4700 8.0 0.525 0.525
165.999 60.00 59.4700 8.0 0.525 0.525
166.049 60.00 59.4700 8.0 0.525 0.525
166.099 60.00 59.4700 8.0 0.525 0.525
166.148 60.00 59.4700 8.0 0.525 0.525
166.198 60.00 59.4700 8.0 0.525 0.525
166.247 60.00 59.4700 8.0 0.525 0.525
166.298 60.00 59.4700 8.0 0.525 0.525
166.348 60.00 59.4700 8.0 0.525 0.525
166.397 60.00 59.4700 8.0 0.525 0.525
166.448 60.00 59.4700 8.0 0.525 0.525
166.496 60.00 59.4700 8.0 0.525 0.525
166.547 60.00 59.4700 8.0 0.525 0.525
166.597 60.00 59.4700 8.0 0.525 0.525
166.646 60.00 59.4700 8.0 0.525 0.525
166.696 60.00 59.4700 8.0 0.525 0.525
166.745 60.00 59.4700 8.0 0.525 0.525
166.796 60.00 59.4700 8.1 0.525 0.525
166.846 60.00 59.4700 8.1 0.525 0.525
166.895 60.00 59.4700 8.1 0.525 0.525
166.945 60.00 59.4700 8.1 0.525 0.525
166.994 60.00 59.4700 8.1 0.525 0.525
167.045 60.00 59.4700 8.1 0.525 0.525
167.095 60.00 59.4700 8.1 0.525 0.525
167.144 60.00 59.4700 8.1 0.525 0.525
167.194 60.00 59.4700 8.1 0.525 0.525
167.243 60.00 59.4700 8.1 0.525 0.525
167.294 60.00 59.4700 8.1 0.525 0.525
167.344 60.00 59.4700 8.1 0.525 0.525
167.394 60.00 59.4700 8.1 0.525 0.525
167.443 60.00 59.4700 8.1 0.525 0.525
167.492 60.00 59.4700 8.1 0.525 0.525
167.543 60.00 59.4700 8.1 0.525 0.525
167.593 60.00 59.4700 8.1 0.525 0.525
167.643 60.00 59.4700 8.1 0.525 0.525
167.692 60.00 59.4700 8.1 0.525 0.525
167.742 60.00 59.4700 8.1 0.525 0.525
167.792 60.00 59.4700 8.1 0.525 0.525
167.842 60.00 59.4700 8.1 0.525 0.525
167.892 60.00 59.4700 8.1 0.525 0.525
167.941 60.00 59.4700 8.1 0.525 0.525
167.991 60.00 59.4700 8.1 0.525 0.525
168.041 60.00 59.4700 8.1 0.525 0.525
168.091 60.00 59.4700 8.1 0.525 0.525
168.141 60.00 59.4700 8.1 0.525 0.525
168.190 60.00 59.4700 8.1 0.525 0.525
168.240 60.00 59.4700 8.1 0.525 0.525
168.289 60.00 59.4700 8.1 0.525 0.525
168.340 60.00 59.4700 8.1 0.525 0.525
168.391 60.00 59.4700 8.1 0.525 0.525
168.439 60.00 59.4700 8.1 0.525 0.525
168.489 60.00 59.4700 8.1 0.525 0.525
168.538 60.00 59.4700 8.1 0.525 0.525
168.590 60.00 59.4700 8.1 0.525 0.525
168.639 60.00 59.4700 8.1 0.525 0.525
168.688 60.00 59.4700 8.1 0.525 0.525
168.738 60.00 59.4700 8.1 0.525 0.525
168.787 60.00 59.4700 8.1 0.525 0.525
168.838 60.00 59.4700 8.1 0.525 0.525
168.888 60.00 59.4700 8.1 0.525 0.525
168.937 60.00 59.4700 8.1 0.525 0.525
168.987 60.00 59.4700 8.1 0.525 0.525
169.036 60.00 59.4700 8.1 0.525 0.525
169.088 60.00 59.4700 8.1 0.525 0.525
169.137 60.00 59.4700 8.1 0.525 0.525
169.186 60.00 59.4700 8.1 0.525 0.525
169.236 60.00 59.4700 8.1 0.525 0.525
169.285 60.00 59.4700 8.1 0.525 0.525
169.336 60.00 59.4700 8.1 0.525 0.525
169.386 60.00 59.4700 8.1 0.525 0.525
169.435 60.00 59.4700 8.1 0.525 0.525
169.485 60.00 59.4700 8.1 0.525 0.525
169.534 60.00 59.4700 8.1 0.525 0.525
169.585 60.00 59.4700 8.1 0.525 0.525
169.635 60.00 59.4700 8.1 0.525 0.525
169.686 60.00 59.4700 8.1 0.525 0.525
169.734 60.00 59.4700 8.1 0.525 0.525
169.783 60.00 59.4700 8.1 0.525 0.525
169.834 60.00 59.4700 8.1 0.525 0.525
169.884 60.00 59.4700 8.1 0.525 0.525
169.935 60.00 59.4700 8.1 0.525 0.525
169.983 60.00 59.4700 8.1 0.525 0.525
170.033 60.00 59.4700 8.1 0.525 0.525
170.083 60.00 59.4700 8.1 0.525 0.525
170.134 60.00 59.4700 8.1 0.525 0.525
170.183 60.00 59.4700 8.1 0.525 0.525
170.232 60.00 59.4700 8.1 0.525 0.525
170.282 60.00 59.4700 8.1 0.525 0.525
170.331 60.00 59.4700 8.1 0.525 0.525
170.382 60.00 59.4700 8.1 0.525 0.525
170.432 60.00 59.4700 8.1 0.525 0.525
170.481 60.00 59.4700 8.1 0.525 0.525
170.531 60.00 59.4700 8.1 0.525 0.525
170.580 60.00 59.4700 8.1 0.525 0.525
170.631 60.00 59.4700 8.1 0.525 0.525
170.681 60.00 59.4700 8.1 0.525 0.525
170.730 60.00 59.4700 8.1 0.525 0.525
170.780 60.00 59.4700 8.1 0.525 0.525
170.829 60.00 59.4700 8.1 0.525 0.525
170.880 60.00 59.4700 8.1 0.525 0.525
170.930 60.00 59.4700 8.1 0.525 0.525
170.979 60.00 59.4700 8.1 0.525 0.525
171.029 60.00 59.4700 8.1 0.525 0.525
171.078 60.00 59.4700 8.1 0.525 0.525
171.129 60.00 59.4700 8.1 0.525 0.525
171.179 60.00 59.4700 8.1 0.525 0.525
171.228 60.00 59.4700 8.1 0.525 0.525
171.278 60.00 59.4700 8.1 0.525 0.525
171.327 60.00 59.4700 8.1 0.525 0.525
171.379 60.00 59.4700 8.1 0.525 0.525
171.428 60.00 59.4700 8.1 0.525 0.525
171.477 60.00 59.4700 8.1 0.525 0.525
171.527 60.00 59.4700 8.2 0.525 0.525
171.576 60.00 59.4700 8.2 0.525 0.525
171.627 60.00 59.4700 8.2 0.525 0.525
171.677 60.00 59.4700 8.2 0.525 0.525
171.726 60.00 59.4700 8.2 0.525 0.525
171.776 60.00 59.4700 8.2 0.525 0.525
171.825 60.00 59.4700 8.2 0.525 0.525
171.876 60.00 59.4700 8.2 0.525 0.525
171.926 60.00 59.4700 8.2 0.525 0.525
171.976 60.00 59.4700 8.2 0.525 0.525
172.025 60.00 59.4700 8.2 0.525 0.525
172.074 60.00 59.4700 8.2 0.525 0.525
172.125 60.00 59.4700 8.2 0.525 0.525
172.175 60.00 59.4700 8.2 0.525 0.525
172.225 60.00 59.4700 8.2 0.525 0.525
172.274 60.00 59.4700 8.2 0.525 0.525
172.324 60.00 59.4700 8.2 0.525 0.525
172.373 60.00 59.4700 8.2 0.525 0.525
172.424 60.00 59.4700 8.2 0.525 0.525
172.474 60.00 59.4700 8.2 0.525 0.525
172.523 60.00 59.4700 8.2 0.525 0.525
172.573 60.00 59.4700 8.2 0.525 0.525
172.622 60.00 59.4700 8.2 0.525 0.525
172.673 60.00 59.4700 8.2 0.525 0.525
172.723 60.00 59.4700 8.2 0.525 0.525
172.772 60.00 59.4700 8.2 0.525 0.525
172.822 60.00 59.4700 8.2 0.525 0.525
172.871 60.00 59.4700 8.2 0.525 0.525
172.922 60.00 59.4700 8.2 0.525 0.525
172.972 60.00 59.4700 8.2 0.525 0.525
173.021 60.00 59.4700 8.2 0.525 0.525
173.071 60.00 59.4700 8.2 0.525 0.525
173.120 60.00 59.4700 8.2 0.525 0.525
173.171 60.00 59.4700 8.2 0.525 0.525
173.221 60.00 59.4700 8.2 0.525 0.525
173.270 60.00 59.4700 8.2 0.525 0.525
173.320 60.00 59.4700 8.2 0.525 0.525
173.369 60.00 59.4700 8.2 0.525 0.525
173.420 60.00 59.4700 8.2 0.525 0.525
173.470 60.00 59.4700 8.2 0.525 0.525
173.519 60.00 59.4700 8.2 0.525 0.525
173.569 60.00 59.4700 8.2 0.525 0.525
173.618 60.00 59.4700 8.2 0.525 0.525
173.669 60.00 59.4700 8.2 0.525 0.525
173.719 60.00 59.4700 8.2 0.525 0.525
173.768 60.00 59.4700 8.2 0.525 0.525
173.818 60.00 59.4700 8.2 0.525 0.525
173.867 60.00 59.4700 8.2 0.525 0.525
173.918 60.00 59.4700 8.2 0.525 0.525
173.968 60.00 59.4700 8.2 0.525 0.525
174.018 60.00 59.4700 8.2 0.525 0.525
174.067 60.00 59.4700 8.2 0.525 0.525
174.116 60.00 59.4700 8.2 0.525 0.525
174.167 60.00 59.4700 8.2 0.525 0.525
174.217 60.00 59.4700 8.2 0.525 0.525
174.267 60.00 59.4700 8.2 0.525 0.525
174.316 60.00 59.4700 8.2 0.525 0.525
174.366 60.00 59.4700 8.2 0.525 0.525
174.415 60.00 59.4700 8.2 0.525 0.525
174.466 60.00 59.4700 8.2 0.525 0.525
174.516 60.00 59.4700 8.2 0.525 0.525
174.565 60.00 59.4700 8.2 0.525 0.525
174.616 60.00 59.4700 8.2 0.525 0.525
174.664 60.00 59.4700 8.2 0.525 0.525
174.715 60.00 59.4700 8.2 0.525 0.525
174.765 60.00 59.4700 8.2 0.525 0.525
174.814 60.00 59.4700 8.2 0.525 0.525
174.864 60.00 59.4700 8.2 0.525 0.525
174.913 60.00 59.4700 8.2 0.525 0.525
174.964 60.00 59.4700 8.2 0.525 0.525
175.014 60.00 59.4700 8.2 0.525 0.525
175.063 60.00 59.4700 8.2 0.525 0.525
175.114 60.00 59.4700 8.2 0.525 0.525
175.162 60.00 59.4700 8.2 0.525 0.525
175.213 60.00 59.4700 8.2 0.525 0.525
175.263 60.00 59.4700 8.2 0.525 0.525
175.313 60.00 59.4700 8.2 0.525 0.525
175.362 60.00 59.4700 8.2 0.525 0.525
175.411 60.00 59.4700 8.2 0.525 0.525
175.462 60.00 59.4700 8.2 0.525 0.525
175.513 60.00 59.4700 8.2 0.525 0.525
175.561 60.00 59.4700 8.2 0.525 0.525
175.611 60.00 59.4700 8.2 0.525 0.525
175.660 60.00 59.4700 8.2 0.525 0.525
175.712 60.00 59.4700 8.2 0.525 0.525
175.761 60.00 59.4700 8.2 0.525 0.525
175.810 60.00 59.4700 8.2 0.525 0.525
175.860 60.00 59.4700 8.2 0.525 0.525
175.909 60.00 59.4700 8.2 0.525 0.525
175.960 60.00 59.4700 8.2 0.525 0.525
176.010 60.00 59.4700 8.2 0.525 0.525
176.059 60.00 59.4700 8.2 0.525 0.525
176.109 60.00 59.4700 8.2 0.525 0.525
176.158 60.00 59.4700 8.2 0.525 0.525
176.209 60.00 59.4700 8.2 0.525 0.525
176.259 60.00 59.4700 8.2 0.525 0.525
176.309 60.00 59.4700 8.2 0.525 0.525
176.358 60.00 59.4700 8.2 0.525 0.525
176.408 60.00 59.4700 8.2 0.525 0.525
176.458 60.00 59.4700 8.2 0.525 0.525
176.509 60.00 59.4700 8.2 0.525 0.525
176.558 60.00 59.4700 8.2 0.525 0.525
176.607 60.00 59.4700 8.2 0.525 0.525
176.657 60.00 59.4700 8.2 0.525 0.525
176.706 60.00 59.4700 8.2 0.525 0.525
176.757 60.00 59.4700 8.3 0.525 0.525
176.807 60.00 59.4700 8.3 0.525 0.525
176.856 60.00 59.4700 8.3 0.525 0.525
176.907 60.00 59.4700 8.3 0.525 0.525
176.955 60.00 59.4700 8.3 0.525 0.525
177.006 60.00 59.4700 8.3 0.525 0.525
177.056 60.00 59.4700 8.3 0.525 0.525
177.105 60.00 59.4700 8.3 0.525 0.525
177.155 60.00 59.4700 8.3 0.525 0.525
177.205 60.00 59.4700 8.3 0.525 0.525
177.255 60.00 59.4700 8.3 0.525 0.525
177.305 60.00 59.4700 8.3 0.525 0.525
177.354 60.00 59.4700 8.3 0.525 0.525
177.404 60.00 59.4700 8.3 0.525 0.525
177.453 60.00 59.4700 8.3 0.525 0.525
177.504 60.00 59.4700 8.3 0.525 0.525
177.554 60.00 59.4700 8.3 0.525 0.525
177.603 60.00 59.4700 8.3 0.525 0.525
177.653 60.00 59.4700 8.3 0.525 0.525
177.702 60.00 59.4700 8.3 0.525 0.525
177.753 60.00 59.4700 8.3 0.525 0.525
177.803 60.00 59.4700 8.3 0.525 0.525
177.853 60.00 59.4700 8.3 0.525 0.525
177.902 60.00 59.4700 8.3 0.525 0.525
177.951 60.00 59.4700 8.3 0.525 0.525
178.002 60.00 59.4700 8.3 0.525 0.525
178.052 60.00 59.4700 8.3 0.525 0.525
178.101 60.00 59.4700 8.3 0.525 0.525
178.151 60.00 59.4700 8.3 0.525 0.525
178.200 60.00 59.4700 8.3 0.525 0.525
178.251 60.00 59.4700 8.3 0.525 0.525
178.301 60.00 59.4700 8.3 0.525 0.525
178.351 60.00 59.4700 8.3 0.525 0.525
178.400 60.00 59.4700 8.3 0.525 0.525
178.449 60.00 59.4700 8.3 0.525 0.525
178.500 60.00 59.4700 8.3 0.525 0.525
178.550 60.00 59.4700 8.3 0.525 0.525
178.601 60.00 59.4700 8.3 0.525 0.525
178.649 60.00 59.4700 8.3 0.525 0.525
178.699 60.00 59.4700 8.3 0.525 0.525
178.749 60.00 59.4700 8.3 0.525 0.525
178.799 60.00 59.4700 8.3 0.525 0.525
178.849 60.00 59.4700 8.3 0.525 0.525
178.898 60.00 59.4700 8.3 0.525 0.525
178.948 60.00 59.4700 8.3 0.525 0.525
178.997 60.00 59.4700 8.3 0.525 0.525
179.048 60.00 59.4700 8.3 0.525 0.525
179.098 60.00 59.4700 8.3 0.525 0.525
179.147 60.00 59.4700 8.3 0.525 0.525
179.197 60.00 59.4700 8.3 0.525 0.525
179.246 60.00 59.4700 8.3 0.525 0.525
179.298 60.00 59.4700 8.3 0.525 0.525
179.347 60.00 59.4700 8.3 0.525 0.525
179.396 60.00 59.4700 8.3 0.525 0.525
179.446 60.00 59.4700 8.3 0.525 0.525
179.495 60.00 59.4700 8.3 0.525 0.525
179.546 60.00 59.4700 8.3 0.525 0.525
179.596 60.00 59.4700 8.3 0.525 0.525
179.645 60.00 59.4700 8.3 0.525 0.525
179.695 60.00 59.4700 8.3 0.525 0.525
179.744 60.00 59.4700 8.3 0.525 0.525
179.795 60.00 59.4700 8.3 0.525 0.525
179.845 60.00 59.4700 8.3 0.525 0.525
179.894 60.00 59.4700 8.3 0.525 0.525
179.944 60.00 59.4700 8.3 0.525 0.525
179.993 60.00 59.4700 8.3 0.525 0.525
180.044 60.00 59.4700 8.3 0.525 0.525
180.094 60.00 59.4700 8.3 0.525 0.525
180.144 60.00 59.4700 8.3 0.525 0.525
180.193 60.00 59.4700 8.3 0.525 0.525
180.242 60.00 59.4700 8.3 0.525 0.525
180.293 60.00 59.4700 8.3 0.525 0.525
180.343 60.00 59.4700 8.3 0.525 0.525
180.393 60.00 59.4700 8.3 0.525 0.525
180.442 60.00 59.4700 8.3 0.525 0.525
180.491 60.00 59.4700 8.3 0.525 0.525
180.542 60.00 59.4700 8.3 0.525 0.525
180.592 60.00 59.4700 8.3 0.525 0.525
180.642 60.00 59.4700 8.3 0.525 0.525
180.691 60.00 59.4700 8.3 0.525 0.525
180.741 60.00 59.4700 8.3 0.525 0.525
180.791 60.00 59.4700 8.3 0.525 0.525
180.841 60.00 59.4700 8.3 0.525 0.525
180.891 60.00 59.4700 8.3 0.525 0.525
180.941 60.00 59.4700 8.3 0.525 0.525
180.990 60.00 59.4700 8.3 0.525 0.525
181.039 60.00 59.4700 8.3 0.525 0.525
181.090 60.00 59.4700 8.3 0.525 0.525
181.140 60.00 59.4700 8.3 0.525 0.525
181.189 60.00 59.4700 8.3 0.525 0.525
181.239 60.00 59.4700 8.3 0.525 0.525
181.288 60.00 59.4700 8.3 0.525 0.525
181.340 60.00 59.4700 8.3 0.525 0.525
181.389 60.00 59.4700 8.3 0.525 0.525
181.438 60.00 59.4700 8.3 0.525 0.525
181.488 60.00 59.4700 8.4 0.525 0.525
181.537 60.00 59.4700 8.4 0.525 0.525
181.588 60.00 59.4700 8.4 0.525 0.525
181.639 60.00 59.4700 8.4 0.525 0.525
181.687 60.00 59.4700 8.4 0.525 0.525
181.737 60.00 59.4700 8.4 0.525 0.525
181.786 60.00 59.4700 8.4 0.525 0.525
181.838 60.00 59.4700 8.4 0.525 0.525
181.887 60.00 59.4700 8.4 0.525 0.525
181.936 60.00 59.4700 8.4 0.525 0.525
181.986 60.00 59.4700 8.4 0.525 0.525
182.035 60.00 59.4700 8.4 0.525 0.525
182.086 60.00 59.4700 8.4 0.525 0.525
182.136 60.00 59.4700 8.4 0.525 0.525
182.185 60.00 59.4700 8.4 0.525 0.525
182.236 60.00 59.4700 8.4 0.525 0.525
182.284 60.00 59.4700 8.4 0.525 0.525
182.335 60.00 59.4700 8.4 0.525 0.525
182.385 60.00 59.4700 8.4 0.525 0.525
182.434 60.00 59.4700 8.4 0.525 0.525
182.484 60.00 59.4700 8.4 0.525 0.525
94.686 60.00 59.4700 8.6 0.525 0.525
202.755 60.00 59.4700 8.8 0.525 0.525
202.805 60.00 59.4700 8.8 0.525 0.525
202.854 60.00 59.4700 8.8 0.525 0.525
202.904 60.00 59.4700 8.8 0.525 0.525
202.953 60.00 59.4700 8.8 0.525 0.525
203.004 60.00 59.4700 8.8 0.525 0.525
203.054 60.00 59.4700 8.8 0.525 0.525
203.103 60.00 59.4700 8.8 0.525 0.525
203.153 60.00 59.4700 8.8 0.525 0.525
203.202 60.00 59.4700 8.8 0.525 0.525
203.253 60.00 59.4700 8.8 0.525 0.525
203.303 60.00 59.4700 8.8 0.525 0.525
203.352 60.00 59.4700 8.8 0.525 0.525
203.402 60.00 59.4700 8.8 0.525 0.525
203.451 60.00 59.4700 8.8 0.525 0.525
203.502 60.00 59.4700 8.8 0.525 0.525
203.552 60.00 59.4700 8.8 0.525 0.525
203.601 60.00 59.4700 8.8 0.525 0.525
203.651 60.00 59.4700 8.8 0.525 0.525
203.700 60.00 59.4700 8.8 0.525 0.525
203.751 60.00 59.4700 8.8 0.525 0.525
203.801 60.00 59.4700 8.8 0.525 0.525
203.851 60.00 59.4700 8.8 0.525 0.525
203.900 60.00 59.4700 8.8 0.525 0.525
203.949 60.00 59.4700 8.8 0.525 0.525
204.000 60.00 59.4700 8.8 0.525 0.525
204.050 60.00 59.4700 8.8 0.525 0.525
204.100 60.00 59.4700 8.8 0.525 0.525
204.149 60.00 59.4700 8.8 0.525 0.525
204.199 60.00 59.4700 8.8 0.525 0.525
204.249 60.00 59.4700 8.8 0.525 0.525
204.299 60.00 59.4700 8.8 0.525 0.525
204.349 60.00 59.4700 8.8 0.525 0.525
204.398 60.00 59.4700 8.8 0.525 0.525
204.448 60.00 59.4700 8.8 0.525 0.525
204.497 60.00 59.4700 8.8 0.525 0.525
204.548 60.00 59.4700 8.8 0.525 0.525
204.598 60.00 59.4700 8.8 0.525 0.525
204.647 60.00 59.4700 8.8 0.525 0.525
204.697 60.00 59.4700 8.8 0.525 0.525
204.746 60.00 59.4700 8.8 0.525 0.525
204.798 60.00 59.4700 8.8 0.525 0.525
204.847 60.00 59.4700 8.8 0.525 0.525
204.896 60.00 59.4700 8.8 0.525 0.525
204.946 60.00 59.4700 8.8 0.525 0.525
204.996 60.00 59.4700 8.8 0.525 0.525
205.046 60.00 59.4700 8.8 0.525 0.525
205.096 60.00 59.4700 8.8 0.525 0.525
205.145 60.00 59.4700 8.8 0.525 0.525
205.195 60.00 59.4700 8.9 0.525 0.525
205.244 60.00 59.4700 8.9 0.525 0.525
205.295 60.00 59.4700 8.9 0.525 0.525
205.345 60.00 59.4700 8.9 0.525 0.525
205.394 60.00 59.4700 8.9 0.525 0.525
205.444 60.00 59.4700 8.9 0.525 0.525
205.493 60.00 59.4700 8.9 0.525 0.525
205.544 60.00 59.4700 8.9 0.525 0.525
205.594 60.00 59.4700 8.9 0.525 0.525
205.643 60.00 59.4700 8.9 0.525 0.525
205.693 60.00 59.4700 8.9 0.525 0.525
205.742 60.00 59.4700 8.9 0.525 0.525
205.794 60.00 59.4700 8.9 0.525 0.525
205.843 60.00 59.4700 8.9 0.525 0.525
205.893 60.00 59.4700 8.9 0.525 0.525
205.942 60.00 59.4700 8.9 0.525 0.525
205.991 60.00 59.4700 8.9 0.525 0.525
206.042 60.00 59.4700 8.9 0.525 0.525
206.092 60.00 59.4700 8.9 0.525 0.525
206.142 60.00 59.4700 8.9 0.525 0.525
206.191 60.00 59.4700 8.9 0.525 0.525
206.241 60.00 59.4700 8.9 0.525 0.525
206.291 60.00 59.4700 8.9 0.525 0.525
206.341 60.00 59.4700 8.9 0.525 0.525
206.391 60.00 59.4700 8.9 0.525 0.525
206.440 60.00 59.4700 8.9 0.525 0.525
206.490 60.00 59.4700 8.9 0.525 0.525
206.539 60.00 59.4700 8.9 0.525 0.525
206.590 60.00 59.4700 8.9 0.525 0.525
206.640 60.00 59.4700 8.9 0.525 0.525
206.689 60.00 59.4700 8.9 0.525 0.525
206.739 60.00 59.4700 8.9 0.525 0.525
206.788 60.00 59.4700 8.9 0.525 0.525
206.839 60.00 59.4700 8.9 0.525 0.525
206.889 60.00 59.4700 8.9 0.525 0.525
206.938 60.00 59.4700 8.9 0.525 0.525
206.988 60.00 59.4700 8.9 0.525 0.525
207.037 60.00 59.4700 8.9 0.525 0.525
207.088 60.00 59.4700 8.9 0.525 0.525
207.138 60.00 59.4700 8.9 0.525 0.525
207.187 60.00 59.4700 8.9 0.525 0.525
207.237 60.00 59.4700 8.9 0.525 0.525
207.286 60.00 59.4700 8.9 0.525 0.525
207.337 60.00 59.4700 8.9 0.525 0.525
207.387 60.00 59.4700 8.9 0.525 0.525
207.436 60.00 59.4700 8.9 0.525 0.525
207.486 60.00 59.4700 8.9 0.525 0.525
207.535 60.00 59.4700 8.9 0.525 0.525
207.586 60.00 59.4700 8.9 0.525 0.525
207.636 60.00 59.4700 8.9 0.525 0.525
207.685 60.00 59.4700 8.9 0.525 0.525
207.735 60.00 59.4700 8.9 0.525 0.525
207.784 60.00 59.4700 8.9 0.525 0.525
207.836 60.00 59.4700 8.9 0.525 0.525
207.885 60.00 59.4700 8.9 0.525 0.525
207.934 60.00 59.4700 8.9 0.525 0.525
207.984 60.00 59.4700 8.9 0.525 0.525
208.034 60.00 59.4700 8.9 0.525 0.525
208.084 60.00 59.4700 8.9 0.525 0.525
208.134 60.00 59.4700 8.9 0.525 0.525
208.184 60.00 59.4700 8.9 0.525 0.525
208.234 60.00 59.4700 8.9 0.525 0.525
208.283 60.00 59.4700 8.9 0.525 0.525
208.333 60.00 59.4700 8.9 0.525 0.525
208.383 60.00 59.4700 8.9 0.525 0.525
208.433 60.00 59.4700 8.9 0.525 0.525
208.482 60.00 59.4700 8.9 0.525 0.525
208.532 60.00 59.4700 8.9 0.525 0.525
208.581 60.00 59.4700 8.9 0.525 0.525
208.633 60.00 59.4700 8.9 0.525 0.525
208.682 60.00 59.4700 8.9 0.525 0.525
208.731 60.00 59.4700 8.9 0.525 0.525
208.781 60.00 59.4700 8.9 0.525 0.525
208.830 60.00 59.4700 8.9 0.525 0.525
208.881 60.00 59.4700 8.9 0.525 0.525
208.931 60.00 59.4700 8.9 0.525 0.525
208.980 60.00 59.4700 8.9 0.525 0.525
209.030 60.00 59.4700 8.9 0.525 0.525
209.079 60.00 59.4700 8.9 0.525 0.525
209.130 60.00 59.4700 8.9 0.525 0.525
209.180 60.00 59.4700 8.9 0.525 0.525
209.229 60.00 59.4700 8.9 0.525 0.525
209.279 60.00 59.4700 8.9 0.525 0.525
209.328 60.00 59.4700 8.9 0.525 0.525
209.379 60.00 59.4700 8.9 0.525 0.525
209.429 60.00 59.4700 8.9 0.525 0.525
209.478 60.00 59.4700 8.9 0.525 0.525
209.528 60.00 59.4700 8.9 0.525 0.525
209.577 60.00 59.4700 8.9 0.525 0.525
209.628 60.00 59.4700 8.9 0.525 0.525
209.678 60.00 59.4700 8.9 0.525 0.525
209.727 60.00 59.4700 8.9 0.525 0.525
209.777 60.00 59.4700 8.9 0.525 0.525
209.826 60.00 59.4700 8.9 0.525 0.525
209.877 60.00 59.4700 8.9 0.525 0.525
209.927 60.00 59.4700 8.9 0.525 0.525
209.976 60.00 59.4700 9.0 0.525 0.525
210.026 60.00 59.4700 9.0 0.525 0.525
210.075 60.00 59.4700 9.0 0.525 0.525
210.126 60.00 59.4700 9.0 0.525 0.525
210.176 60.00 59.4700 9.0 0.525 0.525
210.226 60.00 59.4700 9.0 0.525 0.525
210.275 60.00 59.4700 9.0 0.525 0.525
210.324 60.00 59.4700 9.0 0.525 0.525
210.375 60.00 59.4700 9.0 0.525 0.525
210.425 60.00 59.4700 9.0 0.525 0.525
210.475 60.00 59.4700 9.0 0.525 0.525
210.524 60.00 59.4700 9.0 0.525 0.525
210.574 60.00 59.4700 9.0 0.525 0.525
210.624 60.00 59.4700 9.0 0.525 0.525
210.674 60.00 59.4700 9.0 0.525 0.525
210.725 60.00 59.4700 9.0 0.525 0.525
210.772 60.00 59.4700 9.0 0.525 0.525
210.823 60.00 59.4700 9.0 0.525 0.525
210.872 60.00 59.4700 9.0 0.525 0.525
210.923 60.00 59.4700 9.0 0.525 0.525
210.973 60.00 59.4700 9.0 0.525 0.525
211.022 60.00 59.4700 9.0 0.525 0.525
211.072 60.00 59.4700 9.0 0.525 0.525
211.121 60.00 59.4700 9.0 0.525 0.525
211.172 60.00 59.4700 9.0 0.525 0.525
211.222 60.00 59.4700 9.0 0.525 0.525
211.271 60.00 59.4700 9.0 0.525 0.525
211.321 60.00 59.4700 9.0 0.525 0.525
211.370 60.00 59.4700 9.0 0.525 0.525
211.421 60.00 59.4700 9.0 0.525 0.525
211.471 60.00 59.4700 9.0 0.525 0.525
211.520 60.00 59.4700 9.0 0.525 0.525
211.570 60.00 59.4700 9.0 0.525 0.525
211.619 60.00 59.4700 9.0 0.525 0.525
211.670 60.00 59.4700 9.0 0.525 0.525
211.720 60.00 59.4700 9.0 0.525 0.525
211.769 60.00 59.4700 9.0 0.525 0.525
211.819 60.00 59.4700 9.0 0.525 0.525
211.868 60.00 59.4700 9.0 0.525 0.525
211.919 60.00 59.4700 9.0 0.525 0.525
211.969 60.00 59.4700 9.0 0.525 0.525
212.018 60.00 59.4700 9.0 0.525 0.525
212.068 60.00 59.4700 9.0 0.525 0.525
212.117 60.00 59.4700 9.0 0.525 0.525
212.169 60.00 59.4700 9.0 0.525 0.525
212.218 60.00 59.4700 9.0 0.525 0.525
212.268 60.00 59.4700 9.0 0.525 0.525
212.317 60.00 59.4700 9.0 0.525 0.525
212.367 60.00 59.4700 9.0 0.525 0.525
212.417 60.00 59.4700 9.0 0.525 0.525
212.467 60.00 59.4700 9.0 0.525 0.525
212.517 60.00 59.4700 9.0 0.525 0.525
212.566 60.00 59.4700 9.0 0.525 0.525
212.616 60.00 59.4700 9.0 0.525 0.525
212.666 60.00 59.4700 9.0 0.525 0.525
212.716 60.00 59.4700 9.0 0.525 0.525
212.766 60.00 59.4700 9.0 0.525 0.525
212.815 60.00 59.4700 9.0 0.525 0.525
212.866 60.00 59.4700 9.0 0.525 0.525
212.914 60.00 59.4700 9.0 0.525 0.525
212.965 60.00 59.4700 9.0 0.525 0.525
213.015 60.00 59.4700 9.0 0.525 0.525
213.064 60.00 59.4700 9.0 0.525 0.525
213.114 60.00 59.4700 9.0 0.525 0.525
213.163 60.00 59.4700 9.0 0.525 0.525
213.214 60.00 59.4700 9.0 0.525 0.525
213.264 60.00 59.4700 9.0 0.525 0.525
213.313 60.00 59.4700 9.0 0.525 0.525
213.363 60.00 59.4700 9.0 0.525 0.525
213.412 60.00 59.4700 9.0 0.525 0.525
213.463 60.00 59.4700 9.0 0.525 0.525
213.513 60.00 59.4700 9.0 0.525 0.525
213.562 60.00 59.4700 9.0 0.525 0.525
213.612 60.00 59.4700 9.0 0.525 0.525
213.661 60.00 59.4700 9.0 0.525 0.525
213.712 60.00 59.4700 9.0 0.525 0.525
213.762 60.00 59.4700 9.0 0.525 0.525
213.811 60.00 59.4700 9.0 0.525 0.525
213.861 60.00 59.4700 9.0 0.525 0.525
213.910 60.00 59.4700 9.0 0.525 0.525
213.961 60.00 59.4700 9.0 0.525 0.525
214.011 60.00 59.4700 9.0 0.525 0.525
214.060 60.00 59.4700 9.0 0.525 0.525
214.110 60.00 59.4700 9.0 0.525 0.525
214.159 60.00 59.4700 9.0 0.525 0.525
214.210 60.00 59.4700 9.1 0.525 0.525
214.260 60.00 59.4700 9.1 0.525 0.525
214.310 60.00 59.4700 9.1 0.525 0.525
214.359 60.00 59.4700 9.1 0.525 0.525
214.408 60.00 59.4700 9.1 0.525 0.525
214.459 60.00 59.4700 9.1 0.525 0.525
214.509 60.00 59.4700 9.1 0.525 0.525
214.559 60.00 59.4700 9.1 0.525 0.525
214.608 60.00 59.4700 9.1 0.525 0.525
214.658 60.00 59.4700 9.1 0.525 0.525
214.708 60.00 59.4700 9.1 0.525 0.525
214.758 60.00 59.4700 9.1 0.525 0.525
214.808 60.00 59.4700 9.1 0.525 0.525
214.857 60.00 59.4700 9.1 0.525 0.525
214.908 60.00 59.4700 9.1 0.525 0.525
214.957 60.00 59.4700 9.1 0.525 0.525
215.008 60.00 59.4700 9.1 0.525 0.525
215.057 60.00 59.4700 9.1 0.525 0.525
215.106 60.00 59.4700 9.1 0.525 0.525
215.156 60.00 59.4700 9.1 0.525 0.525
215.205 60.00 59.4700 9.1 0.525 0.525
215.256 60.00 59.4700 9.1 0.525 0.525
215.306 60.00 59.4700 9.1 0.525 0.525
215.355 60.00 59.4700 9.1 0.525 0.525
215.405 60.00 59.4700 9.1 0.525 0.525
215.454 60.00 59.4700 9.1 0.525 0.525
215.505 60.00 59.4700 9.1 0.525 0.525
215.555 60.00 59.4700 9.1 0.525 0.525
215.604 60.00 59.4700 9.1 0.525 0.525
215.654 60.00 59.4700 9.1 0.525 0.525
215.703 60.00 59.4700 9.1 0.525 0.525
215.754 60.00 59.4700 9.1 0.525 0.525
215.804 60.00 59.4700 9.1 0.525 0.525
215.853 60.00 59.4700 9.1 0.525 0.525
215.903 60.00 59.4700 9.1 0.525 0.525
215.952 60.00 59.4700 9.1 0.525 0.525
216.003 60.00 59.4700 9.1 0.525 0.525
216.053 60.00 59.4700 9.1 0.525 0.525
216.102 60.00 59.4700 9.1 0.525 0.525
216.152 60.00 59.4700 9.1 0.525 0.525
216.201 60.00 59.4700 9.1 0.525 0.525
216.253 60.00 59.4700 9.1 0.525 0.525
216.302 60.00 59.4700 9.1 0.525 0.525
216.351 60.00 59.4700 9.1 0.525 0.525
216.401 60.00 59.4700 9.1 0.525 0.525
216.450 60.00 59.4700 9.1 0.525 0.525
216.501 60.00 59.4700 9.1 0.525 0.525
216.551 60.00 59.4700 9.1 0.525 0.525
216.601 60.00 59.4700 9.1 0.525 0.525
216.650 60.00 59.4700 9.1 0.525 0.525
216.699 60.00 59.4700 9.1 0.525 0.525
216.750 60.00 59.4700 9.1 0.525 0.525
216.800 60.00 59.4700 9.1 0.525 0.525
216.850 60.00 59.4700 9.1 0.525 0.525
216.899 60.00 59.4700 9.1 0.525 0.525
216.949 60.00 59.4700 9.1 0.525 0.525
216.999 60.00 59.4700 9.1 0.525 0.525
217.049 60.00 59.4700 9.1 0.525 0.525
217.099 60.00 59.4700 9.1 0.525 0.525
217.148 60.00 59.4700 9.1 0.525 0.525
217.198 60.00 59.4700 9.1 0.525 0.525
217.247 60.00 59.4700 9.1 0.525 0.525
217.298 60.00 59.4700 9.1 0.525 0.525
217.348 60.00 59.4700 9.1 0.525 0.525
217.397 60.00 59.4700 9.1 0.525 0.525
217.447 60.00 59.4700 9.1 0.525 0.525
217.496 60.00 59.4700 9.1 0.525 0.525
217.547 60.00 59.4700 9.1 0.525 0.525
217.597 60.00 59.4700 9.1 0.525 0.525
217.646 60.00 59.4700 9.1 0.525 0.525
217.696 60.00 59.4700 9.1 0.525 0.525
217.745 60.00 59.4700 9.1 0.525 0.525
217.796 60.00 59.4700 9.1 0.525 0.525
217.846 60.00 59.4700 9.1 0.525 0.525
217.895 60.00 59.4700 9.1 0.525 0.525
217.945 60.00 59.4700 9.1 0.525 0.525
217.994 60.00 59.4700 9.1 0.525 0.525
218.045 60.00 59.4700 9.1 0.525 0.525
218.095 60.00 59.4700 9.1 0.525 0.525
218.144 60.00 59.4700 9.1 0.525 0.525
218.194 60.00 59.4700 9.1 0.525 0.525
218.243 60.00 59.4700 9.1 0.525 0.525
218.294 60.00 59.4700 9.1 0.525 0.525
218.344 60.00 59.4700 9.1 0.525 0.525
218.394 60.00 59.4700 9.1 0.525 0.525
218.443 60.00 59.4700 9.1 0.525 0.525
218.492 60.00 59.4700 9.1 0.525 0.525
218.543 60.00 59.4700 9.1 0.525 0.525
218.593 60.00 59.4700 9.1 0.525 0.525
218.643 60.00 59.4700 9.1 0.525 0.525
218.692 60.00 59.4700 9.1 0.525 0.525
218.741 60.00 59.4700 9.1 0.525 0.525
218.792 60.00 59.4700 9.1 0.525 0.525
218.842 60.00 59.4700 9.1 0.525 0.525
218.892 60.00 59.4700 9.1 0.525 0.525
218.941 60.00 59.4700 9.1 0.525 0.525
218.991 60.00 59.4700 9.2 0.525 0.525
219.041 60.00 59.4700 9.2 0.525 0.525
219.091 60.00 59.4700 9.2 0.525 0.525
219.141 60.00 59.4700 9.2 0.525 0.525
219.190 60.00 59.4700 9.2 0.525 0.525
219.240 60.00 59.4700 9.2 0.525 0.525
219.289 60.00 59.4700 9.2 0.525 0.525
219.340 60.00 59.4700 9.2 0.525 0.525
219.390 60.00 59.4700 9.2 0.525 0.525
219.439 60.00 59.4700 9.2 0.525 0.525
219.489 60.00 59.4700 9.2 0.525 0.525
219.538 60.00 59.4700 9.2 0.525 0.525
219.589 60.00 59.4700 9.2 0.525 0.525
219.639 60.00 59.4700 9.2 0.525 0.525
219.688 60.00 59.4700 9.2 0.525 0.525
219.738 60.00 59.4700 9.2 0.525 0.525
219.787 60.00 59.4700 9.2 0.525 0.525
219.838 60.00 59.4700 9.2 0.525 0.525
219.888 60.00 59.4700 9.2 0.525 0.525
219.937 60.00 59.4700 9.2 0.525 0.525
219.987 60.00 59.4700 9.2 0.525 0.525
220.036 60.00 59.4700 9.2 0.525 0.525
220.087 60.00 59.4700 9.2 0.525 0.525
220.137 60.00 59.4700 9.2 0.525 0.525
220.186 60.00 59.4700 9.2 0.525 0.525
220.236 60.00 59.4700 9.2 0.525 0.525
220.285 60.00 59.4700 9.2 0.525 0.525
220.336 60.00 59.4700 9.2 0.525 0.525
220.386 60.00 59.4700 9.2 0.525 0.525
220.435 60.00 59.4700 9.2 0.525 0.525
220.485 60.00 59.4700 9.2 0.525 0.525
220.534 60.00 59.4700 9.2 0.525 0.525
220.585 60.00 59.4700 9.2 0.525 0.525
220.635 60.00 59.4700 9.2 0.525 0.525
220.684 60.00 59.4700 9.2 0.525 0.525
220.734 60.00 59.4700 9.2 0.525 0.525
220.783 60.00 59.4700 9.2 0.525 0.525
220.834 60.00 59.4700 9.2 0.525 0.525
220.884 60.00 59.4700 9.2 0.525 0.525
220.934 60.00 59.4700 9.2 0.525 0.525
220.983 60.00 59.4700 9.2 0.525 0.525
221.033 60.00 59.4700 9.2 0.525 0.525
221.083 60.00 59.4700 9.2 0.525 0.525
221.133 60.00 59.4700 9.2 0.525 0.525
221.183 60.00 59.4700 9.2 0.525 0.525
221.233 60.00 59.4700 9.2 0.525 0.525
221.283 60.00 59.4700 9.2 0.525 0.525
221.331 60.00 59.4700 9.2 0.525 0.525
221.382 60.00 59.4700 9.2 0.525 0.525
221.432 60.00 59.4700 9.2 0.525 0.525
221.481 60.00 59.4700 9.2 0.525 0.525
221.531 60.00 59.4700 9.2 0.525 0.525
221.580 60.00 59.4700 9.2 0.525 0.525
221.631 60.00 59.4700 9.2 0.525 0.525
221.681 60.00 59.4700 9.2 0.525 0.525
221.730 60.00 59.4700 9.2 0.525 0.525
221.780 60.00 59.4700 9.2 0.525 0.525
221.829 60.00 59.4700 9.2 0.525 0.525
221.881 60.00 59.4700 9.2 0.525 0.525
221.930 60.00 59.4700 9.2 0.525 0.525
221.979 60.00 59.4700 9.2 0.525 0.525
222.029 60.00 59.4700 9.2 0.525 0.525
222.079 60.00 59.4700 9.2 0.525 0.525
222.129 60.00 59.4700 9.2 0.525 0.525
222.179 60.00 59.4700 9.2 0.525 0.525
222.228 60.00 59.4700 9.2 0.525 0.525
222.278 60.00 59.4700 9.2 0.525 0.525
222.327 60.00 59.4700 9.2 0.525 0.525
222.378 60.00 59.4700 9.2 0.525 0.525
222.428 60.00 59.4700 9.2 0.525 0.525
222.477 60.00 59.4700 9.2 0.525 0.525
222.527 60.00 59.4700 9.2 0.525 0.525
222.576 60.00 59.4700 9.2 0.525 0.525
222.628 60.00 59.4700 9.2 0.525 0.525
222.677 60.00 59.4700 9.2 0.525 0.525
222.726 60.00 59.4700 9.2 0.525 0.525
222.776 60.00 59.4700 9.2 0.525 0.525
222.826 60.00 59.4700 9.2 0.525 0.525
222.876 60.00 59.4700 9.2 0.525 0.525
222.926 60.00 59.4700 9.2 0.525 0.525
222.976 60.00 59.4700 9.2 0.525 0.525
223.025 60.00 59.4700 9.2 0.525 0.525
223.074 60.00 59.4700 9.2 0.525 0.525
223.125 60.00 59.4700 9.2 0.525 0.525
223.175 60.00 59.4700 9.2 0.525 0.525
223.225 60.00 59.4700 9.2 0.525 0.525
223.274 60.00 59.4700 9.2 0.525 0.525
223.324 60.00 59.4700 9.2 0.525 0.525
223.374 60.00 59.4700 9.2 0.525 0.525
223.424 60.00 59.4700 9.2 0.525 0.525
223.474 60.00 59.4700 9.2 0.525 0.525
223.523 60.00 59.4700 9.2 0.525 0.525
223.573 60.00 59.4700 9.2 0.525 0.525
223.622 60.00 59.4700 9.2 0.525 0.525
223.673 60.00 59.4700 9.2 0.525 0.525
223.723 60.00 59.4700 9.2 0.525 0.525
223.772 60.00 59.4700 9.2 0.525 0.525
223.822 60.00 59.4700 9.2 0.525 0.525
223.871 60.00 59.4700 9.2 0.525 0.525
223.923 60.00 59.4700 9.2 0.525 0.525
223.972 60.00 59.4700 9.2 0.525 0.525
224.021 60.00 59.4700 9.2 0.525 0.525
224.071 60.00 59.4700 9.2 0.525 0.525
224.120 60.00 59.4700 9.2 0.525 0.525
224.171 60.00 59.4700 9.3 0.525 0.525
224.221 60.00 59.4700 9.3 0.525 0.525
224.270 60.00 59.4700 9.3 0.525 0.525
224.320 60.00 59.4700 9.3 0.525 0.525
224.369 60.00 59.4700 9.3 0.525 0.525
224.420 60.00 59.4700 9.3 0.525 0.525
224.470 60.00 59.4700 9.3 0.525 0.525
224.519 60.00 59.4700 9.3 0.525 0.525
224.569 60.00 59.4700 9.3 0.525 0.525
224.618 60.00 59.4700 9.3 0.525 0.525
224.669 60.00 59.4700 9.3 0.525 0.525
224.719 60.00 59.4700 9.3 0.525 0.525
224.768 60.00 59.4700 9.3 0.525 0.525
224.818 60.00 59.4700 9.3 0.525 0.525
224.867 60.00 59.4700 9.3 0.525 0.525
224.919 60.00 59.4700 9.3 0.525 0.525
224.968 60.00 59.4700 9.3 0.525 0.525
225.018 60.00 59.4700 9.3 0.525 0.525
225.067 60.00 59.4700 9.3 0.525 0.525
225.116 60.00 59.4700 9.3 0.525 0.525
225.167 60.00 59.4700 9.3 0.525 0.525
225.217 60.00 59.4700 9.3 0.525 0.525
225.267 60.00 59.4700 9.3 0.525 0.525
225.316 60.00 59.4700 9.3 0.525 0.525
225.366 60.00 59.4700 9.3 0.525 0.525
225.416 60.00 59.4700 9.3 0.525 0.525
225.466 60.00 59.4700 9.3 0.525 0.525
225.516 60.00 59.4700 9.3 0.525 0.525
225.565 60.00 59.4700 9.3 0.525 0.525
225.615 60.00 59.4700 9.3 0.525 0.525
225.664 60.00 59.4700 9.3 0.525 0.525
225.715 60.00 59.4700 9.3 0.525 0.525
225.766 60.00 59.4700 9.3 0.525 0.525
225.814 60.00 59.4700 9.3 0.525 0.525
225.864 60.00 59.4700 9.3 0.525 0.525
225.913 60.00 59.4700 9.3 0.525 0.525
225.965 60.00 59.4700 9.3 0.525 0.525
226.014 60.00 59.4700 9.3 0.525 0.525
226.063 60.00 59.4700 9.3 0.525 0.525
226.113 60.00 59.4700 9.3 0.525 0.525
226.162 60.00 59.4700 9.3 0.525 0.525
226.213 60.00 59.4700 9.3 0.525 0.525
226.263 60.00 59.4700 9.3 0.525 0.525
226.312 60.00 59.4700 9.3 0.525 0.525
226.362 60.00 59.4700 9.3 0.525 0.525
226.411 60.00 59.4700 9.3 0.525 0.525
226.462 60.00 59.4700 9.3 0.525 0.525
226.512 60.00 59.4700 9.3 0.525 0.525
226.562 60.00 59.4700 9.3 0.525 0.525
226.611 60.00 59.4700 9.3 0.525 0.525
226.660 60.00 59.4700 9.3 0.525 0.525
226.711 60.00 59.4700 9.3 0.525 0.525
226.761 60.00 59.4700 9.3 0.525 0.525
226.810 60.00 59.4700 9.3 0.525 0.525
226.860 60.00 59.4700 9.3 0.525 0.525
226.909 60.00 59.4700 9.3 0.525 0.525
226.961 60.00 59.4700 9.3 0.525 0.525
227.010 60.00 59.4700 9.3 0.525 0.525
227.059 60.00 59.4700 9.3 0.525 0.525
227.109 60.00 59.4700 9.3 0.525 0.525
227.158 60.00 59.4700 9.3 0.525 0.525
227.209 60.00 59.4700 9.3 0.525 0.525
227.259 60.00 59.4700 9.3 0.525 0.525
227.309 60.00 59.4700 9.3 0.525 0.525
227.358 60.00 59.4700 9.3 0.525 0.525
227.408 60.00 59.4700 9.3 0.525 0.525
227.458 60.00 59.4700 9.3 0.525 0.525
227.508 60.00 59.4700 9.3 0.525 0.525
227.558 60.00 59.4700 9.3 0.525 0.525
227.607 60.00 59.4700 9.3 0.525 0.525
227.657 60.00 59.4700 9.3 0.525 0.525
227.706 60.00 59.4700 9.3 0.525 0.525
227.757 60.00 59.4700 9.3 0.525 0.525
227.807 60.00 59.4700 9.3 0.525 0.525
227.856 60.00 59.4700 9.3 0.525 0.525
227.906 60.00 59.4700 9.3 0.525 0.525
227.955 60.00 59.4700 9.3 0.525 0.525
228.006 60.00 59.4700 9.3 0.525 0.525
228.056 60.00 59.4700 9.3 0.525 0.525
228.105 60.00 59.4700 9.3 0.525 0.525
228.155 60.00 59.4700 9.3 0.525 0.525
228.204 60.00 59.4700 9.3 0.525 0.525
228.255 60.00 59.4700 9.3 0.525 0.525
228.305 60.00 59.4700 9.3 0.525 0.525
228.354 60.00 59.4700 9.3 0.525 0.525
228.404 60.00 59.4700 9.3 0.525 0.525
228.453 60.00 59.4700 9.3 0.525 0.525
228.504 60.00 59.4700 9.3 0.525 0.525
228.554 60.00 59.4700 9.3 0.525 0.525
228.603 60.00 59.4700 9.3 0.525 0.525
228.653 60.00 59.4700 9.3 0.525 0.525
228.702 60.00 59.4700 9.3 0.525 0.525
228.753 60.00 59.4700 9.3 0.525 0.525
228.803 60.00 59.4700 9.3 0.525 0.525
228.853 60.00 59.4700 9.3 0.525 0.525
228.902 60.00 59.4700 9.3 0.525 0.525
228.951 60.00 59.4700 9.4 0.525 0.525
229.002 60.00 59.4700 9.4 0.525 0.525
229.053 60.00 59.4700 9.4 0.525 0.525
229.101 60.00 59.4700 9.4 0.525 0.525
229.151 60.00 59.4700 9.4 0.525 0.525
229.200 60.00 59.4700 9.4 0.525 0.525
229.251 60.00 59.4700 9.4 0.525 0.525
229.301 60.00 59.4700 9.4 0.525 0.525
229.351 60.00 59.4700 9.4 0.525 0.525
229.400 60.00 59.4700 9.4 0.525 0.525
229.449 60.00 59.4700 9.4 0.525 0.525
229.500 60.00 59.4700 9.4 0.525 0.525
229.550 60.00 59.4700 9.4 0.525 0.525
229.600 60.00 59.4700 9.4 0.525 0.525
229.649 60.00 59.4700 9.4 0.525 0.525
229.699 60.00 59.4700 9.4 0.525 0.525
229.749 60.00 59.4700 9.4 0.525 0.525
229.799 60.00 59.4700 9.4 0.525 0.525
229.849 60.00 59.4700 9.4 0.525 0.525
229.898 60.00 59.4700 9.4 0.525 0.525
229.948 60.00 59.4700 9.4 0.525 0.525
229.997 60.00 59.4700 9.4 0.525 0.525
230.048 60.00 59.4700 9.4 0.525 0.525
230.098 60.00 59.4700 9.4 0.525 0.525
230.147 60.00 59.4700 9.4 0.525 0.525
230.197 60.00 59.4700 9.4 0.525 0.525
230.246 60.00 59.4700 9.4 0.525 0.525
230.297 60.00 59.4700 9.4 0.525 0.525
230.347 60.00 59.4700 9.4 0.525 0.525
230.396 60.00 59.4700 9.4 0.525 0.525
230.446 60.00 59.4700 9.4 0.525 0.525
230.495 60.00 59.4700 9.4 0.525 0.525
230.546 60.00 59.4700 9.4 0.525 0.525
230.596 60.00 59.4700 9.4 0.525 0.525
230.645 60.00 59.4700 9.4 0.525 0.525
230.695 60.00 59.4700 9.4 0.525 0.525
230.744 60.00 59.4700 9.4 0.525 0.525
230.795 60.00 59.4700 9.4 0.525 0.525
230.845 60.00 59.4700 9.4 0.525 0.525
230.894 60.00 59.4700 9.4 0.525 0.525
230.944 60.00 59.4700 9.4 0.525 0.525
230.993 60.00 59.4700 9.4 0.525 0.525
231.044 60.00 59.4700 9.4 0.525 0.525
231.094 60.00 59.4700 9.4 0.525 0.525
231.143 60.00 59.4700 9.4 0.525 0.525
231.193 60.00 59.4700 9.4 0.525 0.525
231.242 60.00 59.4700 9.4 0.525 0.525
231.293 60.00 59.4700 9.4 0.525 0.525
231.343 60.00 59.4700 9.4 0.525 0.525
231.393 60.00 59.4700 9.4 0.525 0.525
231.442 60.00 59.4700 9.4 0.525 0.525
231.491 60.00 59.4700 9.4 0.525 0.525
231.543 60.00 59.4700 9.4 0.525 0.525
231.592 60.00 59.4700 9.4 0.525 0.525
231.642 60.00 59.4700 9.4 0.525 0.525
231.691 60.00 59.4700 9.4 0.525 0.525
231.741 60.00 59.4700 9.4 0.525 0.525
231.791 60.00 59.4700 9.4 0.525 0.525
231.841 60.00 59.4700 9.4 0.525 0.525
231.891 60.00 59.4700 9.4 0.525 0.525
231.940 60.00 59.4700 9.4 0.525 0.525
231.990 60.00 59.4700 9.4 0.525 0.525
232.039 60.00 59.4700 9.4 0.525 0.525
232.090 60.00 59.4700 9.4 0.525 0.525
232.140 60.00 59.4700 9.4 0.525 0.525
232.189 60.00 59.4700 9.4 0.525 0.525
232.239 60.00 59.4700 9.4 0.525 0.525
232.288 60.00 59.4700 9.4 0.525 0.525
232.339 60.00 59.4700 9.4 0.525 0.525
232.389 60.00 59.4700 9.4 0.525 0.525
232.438 60.00 59.4700 9.4 0.525 0.525
232.488 60.00 59.4700 9.4 0.525 0.525
232.537 60.00 59.4700 9.4 0.525 0.525
232.588 60.00 59.4700 9.4 0.525 0.525
232.638 60.00 59.4700 9.4 0.525 0.525
232.687 60.00 59.4700 9.4 0.525 0.525
232.737 60.00 59.4700 9.4 0.525 0.525
232.787 60.00 59.4700 9.4 0.525 0.525
232.837 60.00 59.4700 9.4 0.525 0.525
232.887 60.00 59.4700 9.4 0.525 0.525
232.936 60.00 59.4700 9.4 0.525 0.525
232.986 60.00 59.4700 9.4 0.525 0.525
233.035 60.00 59.4700 9.4 0.525 0.525
233.086 60.00 59.4700 9.4 0.525 0.525
233.136 60.00 59.4700 9.4 0.525 0.525
233.185 60.00 59.4700 9.4 0.525 0.525
233.235 60.00 59.4700 9.4 0.525 0.525
233.284 60.00 59.4700 9.4 0.525 0.525
233.335 60.00 59.4700 9.4 0.525 0.525
233.385 60.00 59.4700 9.4 0.525 0.525
233.435 60.00 59.4700 9.4 0.525 0.525
233.484 60.00 59.4700 9.4 0.525 0.525
233.533 60.00 59.4700 9.4 0.525 0.525
233.585 60.00 59.4700 9.4 0.525 0.525
233.634 60.00 59.4700 9.4 0.525 0.525
233.684 60.00 59.4700 9.5 0.525 0.525
233.733 60.00 59.4700 9.5 0.525 0.525
233.783 60.00 59.4700 9.5 0.525 0.525
233.833 60.00 59.4700 9.5 0.525 0.525
233.883 60.00 59.4700 9.5 0.525 0.525
233.933 60.00 59.4700 9.5 0.525 0.525
233.982 60.00 59.4700 9.5 0.525 0.525
234.032 60.00 59.4700 9.5 0.525 0.525
234.082 60.00 59.4700 9.5 0.525 0.525
234.132 60.00 59.4700 9.5 0.525 0.525
234.182 60.00 59.4700 9.5 0.525 0.525
234.231 60.00 59.4700 9.5 0.525 0.525
234.281 60.00 59.4700 9.5 0.525 0.525
234.330 60.00 59.4700 9.5 0.525 0.525
234.381 60.00 59.4700 9.5 0.525 0.525
234.431 60.00 59.4700 9.5 0.525 0.525
234.480 60.00 59.4700 9.5 0.525 0.525
234.530 60.00 59.4700 9.5 0.525 0.525
234.579 60.00 59.4700 9.5 0.525 0.525
234.630 60.00 59.4700 9.5 0.525 0.525
234.680 60.00 59.4700 9.5 0.525 0.525
234.729 60.00 59.4700 9.5 0.525 0.525
234.779 60.00 59.4700 9.5 0.525 0.525
234.828 60.00 59.4700 9.5 0.525 0.525
234.879 60.00 59.4700 9.5 0.525 0.525
234.929 60.00 59.4700 9.5 0.525 0.525
234.978 60.00 59.4700 9.5 0.525 0.525
235.028 60.00 59.4700 9.5 0.525 0.525
235.077 60.00 59.4700 9.5 0.525 0.525
