# time_s  setpoint_c  celsius  duty_pct  err_real  err_pred
3.652 25.11 24.8100 18.8 0.300 2.273
3.700 25.11 24.7600 20.2 0.351 2.444
3.751 25.12 24.8300 18.6 0.290 2.246
3.802 25.12 24.7800 19.9 0.337 2.406
3.852 25.13 24.7000 22.3 0.426 2.697
3.901 25.13 24.7900 20.0 0.339 2.416
3.950 25.14 24.8000 20.0 0.337 2.412
4.001 25.14 24.8100 19.8 0.330 2.394
4.051 25.15 24.7600 21.4 0.390 2.591
4.101 25.15 24.8000 20.6 0.358 2.488
4.151 25.16 24.7200 22.8 0.439 2.756
4.200 25.17 24.7400 22.4 0.423 2.704
4.252 25.17 24.8900 18.6 0.279 2.236
4.301 25.18 24.8300 20.5 0.351 2.475
4.351 25.18 24.7300 23.1 0.449 2.795
4.401 25.19 24.8000 21.6 0.392 2.609
4.450 25.20 24.7800 22.4 0.419 2.698
4.501 25.20 24.7700 22.7 0.434 2.745
4.552 25.21 24.8000 22.0 0.406 2.655
4.602 25.21 24.8400 21.1 0.371 2.541
4.651 25.22 24.8400 21.4 0.381 2.575
4.700 25.23 24.8000 22.5 0.425 2.718
4.751 25.23 24.8000 22.8 0.435 2.748
4.801 25.24 24.8100 22.5 0.424 2.714
4.851 25.24 24.6800 26.1 0.560 3.156
4.901 25.25 24.9800 18.4 0.270 2.209
4.950 25.26 24.8100 23.1 0.447 2.789
5.001 25.26 24.7900 23.7 0.471 2.861
5.051 25.27 24.7800 24.2 0.489 2.919
5.102 25.28 24.7200 25.9 0.555 3.130
5.151 25.28 24.7800 24.4 0.498 2.945
5.200 25.29 24.8100 23.8 0.476 2.867
5.251 25.30 24.8200 23.9 0.478 2.871
5.301 25.30 24.8300 23.8 0.476 2.861
5.351 25.31 24.8300 24.0 0.483 2.882
5.401 25.32 24.8200 24.3 0.498 2.927
5.450 25.32 24.7600 25.9 0.559 3.121
5.501 25.33 24.8400 24.0 0.486 2.883
5.551 25.34 24.8100 25.0 0.526 3.009
5.602 25.34 24.7600 26.4 0.579 3.177
5.652 25.35 24.8300 24.9 0.523 2.993
5.701 25.36 24.8300 24.8 0.522 2.980
5.751 25.36 24.8100 25.5 0.549 3.069
5.801 25.37 24.8300 25.1 0.535 3.016
5.851 25.38 24.8500 24.9 0.530 2.996
5.901 25.38 24.8800 24.3 0.508 2.917
5.950 25.39 24.8700 24.7 0.523 2.965
6.001 25.40 24.8200 26.2 0.580 3.144
6.051 25.41 24.7800 27.2 0.621 3.273
6.101 25.41 24.8300 26.1 0.582 3.138
6.152 25.42 24.7900 27.4 0.631 3.291
6.201 25.43 24.8000 27.3 0.630 3.282
6.252 25.43 24.8500 26.1 0.586 3.136
6.301 25.44 24.8300 26.7 0.610 3.206
6.351 25.45 24.8300 27.0 0.622 3.238
6.402 25.46 24.7800 28.4 0.675 3.405
6.451 25.46 24.8000 27.9 0.661 3.354
6.501 25.47 24.8100 27.9 0.660 3.345
6.551 25.48 24.8200 27.8 0.659 3.333
6.601 25.48 24.8700 26.5 0.613 3.175
6.651 25.49 24.7600 29.7 0.733 3.560
6.700 25.50 24.8300 28.0 0.673 3.357
6.751 25.51 24.8200 28.4 0.689 3.398
6.801 25.51 24.9300 25.6 0.588 3.064
6.851 25.52 24.8700 27.2 0.650 3.257
6.901 25.53 24.8500 28.0 0.682 3.356
6.950 25.54 24.8600 27.8 0.677 3.332
7.002 25.54 24.8000 29.5 0.743 3.540
7.052 25.55 24.8400 28.6 0.709 3.419
7.101 25.56 24.8600 28.2 0.700 3.380
7.151 25.57 24.7400 31.5 0.825 3.779
7.200 25.58 24.8400 29.0 0.732 3.468
7.251 25.58 24.8200 29.8 0.765 3.563
7.301 25.59 24.8300 29.6 0.760 3.541
7.351 25.60 24.7800 31.2 0.822 3.734
7.401 25.61 24.9100 27.9 0.701 3.327
7.450 25.61 24.8300 30.1 0.788 3.601
7.501 25.62 24.8600 29.4 0.762 3.510
7.552 25.63 24.8600 29.6 0.774 3.540
7.602 25.64 24.8500 29.9 0.786 3.569
7.651 25.65 24.8300 30.6 0.815 3.652
7.700 25.65 24.8700 29.6 0.781 3.532
7.751 25.66 24.8600 29.9 0.797 3.575
7.801 25.67 24.8800 29.6 0.788 3.536
7.851 25.68 24.8600 30.4 0.821 3.636
7.901 25.68 24.8600 30.6 0.829 3.649
7.950 25.69 24.8700 30.2 0.821 3.610
8.002 25.70 24.8800 30.2 0.820 3.600
8.052 25.71 24.8100 32.3 0.904 3.860
8.102 25.72 24.9900 27.6 0.728 3.279
8.151 25.72 24.8800 30.6 0.845 3.648
8.200 25.73 24.7400 34.4 0.991 4.109
8.252 25.74 24.9000 30.3 0.840 3.610
8.302 25.75 24.9000 30.5 0.852 3.637
8.351 25.76 24.9600 28.9 0.794 3.437
8.401 25.77 24.8800 31.4 0.889 3.738
8.450 25.77 24.7900 33.8 0.985 4.039
8.501 25.78 24.8600 32.2 0.927 3.837
8.551 25.79 24.8400 32.6 0.947 3.893
8.601 25.80 24.8900 31.4 0.905 3.743
8.651 25.81 24.8300 33.2 0.976 3.962
8.700 25.82 24.9000 31.5 0.914 3.747
8.752 25.82 24.9500 30.4 0.876 3.616
8.802 25.83 24.9000 31.9 0.935 3.791
8.851 25.84 24.9400 30.9 0.901 3.672
8.901 25.85 24.9800 30.0 0.872 3.567
8.950 25.86 24.9700 30.4 0.889 3.609
9.001 25.87 24.8600 33.3 1.001 3.965
9.051 25.87 24.9600 30.8 0.910 3.652
9.101 25.88 24.9100 32.5 0.976 3.859
9.151 25.89 24.8600 33.7 1.027 4.007
9.200 25.90 24.9100 32.6 0.989 3.874
9.252 25.91 24.8800 33.5 1.027 3.983
9.302 25.92 24.9400 32.1 0.977 3.809
9.351 25.92 24.9500 32.0 0.977 3.800
9.401 25.93 24.8600 34.3 1.069 4.084
9.450 25.94 24.9300 32.8 1.015 3.897
9.501 25.95 24.9400 32.6 1.011 3.870
9.551 25.96 24.9300 32.9 1.024 3.900
9.601 25.97 24.9300 33.2 1.041 3.941
9.651 25.98 24.9800 32.0 0.999 3.792
9.700 25.98 24.8900 34.3 1.091 4.077
9.751 25.99 24.8800 34.8 1.112 4.133
9.802 26.00 24.8800 34.9 1.121 4.147
9.851 26.01 24.9600 32.8 1.046 3.889
9.901 26.02 24.9600 33.2 1.063 3.933
9.950 26.03 24.9800 32.6 1.047 3.866
10.001 26.04 24.9900 32.5 1.047 3.853
10.051 26.04 24.9100 34.8 1.135 4.128
10.101 26.05 25.0300 31.6 1.019 3.736
10.151 26.06 24.9700 33.5 1.094 3.968
10.201 26.07 24.9200 34.9 1.149 4.133
10.252 26.08 24.9600 34.1 1.124 4.039
10.302 26.09 24.9600 34.1 1.129 4.039
10.351 26.10 24.9700 33.9 1.125 4.012
10.402 26.11 24.9600 34.3 1.142 4.057
10.451 26.11 24.8600 37.1 1.251 4.396
10.501 26.12 24.9900 33.9 1.135 4.003
10.551 26.13 24.9000 36.3 1.231 4.304
10.601 26.14 25.0500 32.5 1.090 3.829
10.651 26.15 25.0300 33.1 1.119 3.913
10.700 26.16 24.9700 34.8 1.187 4.118
10.751 26.17 24.9400 35.7 1.225 4.227
10.801 26.18 25.0300 33.5 1.146 3.957
10.852 26.19 25.0200 33.9 1.163 3.998
10.901 26.19 25.0300 33.8 1.164 3.987
10.950 26.20 25.0500 33.5 1.156 3.950
11.001 26.21 25.0100 34.5 1.198 4.071
11.051 26.22 24.9800 35.5 1.241 4.197
11.101 26.23 25.0000 35.2 1.233 4.153
11.151 26.24 25.0600 33.7 1.179 3.969
11.200 26.25 25.0700 33.5 1.176 3.941
11.251 26.26 25.0100 35.4 1.251 4.174
11.302 26.27 25.0400 34.5 1.223 4.065
11.351 26.27 25.0000 35.8 1.273 4.218
11.401 26.28 25.1300 32.4 1.150 3.802
11.450 26.29 25.1000 33.4 1.192 3.925
11.501 26.30 24.9700 36.9 1.330 4.357
11.551 26.31 25.0700 34.5 1.243 4.060
11.601 26.32 25.0600 34.9 1.260 4.102
11.652 26.33 25.0700 34.8 1.261 4.094
11.701 26.34 25.0400 35.7 1.299 4.200
11.751 26.35 25.0900 34.4 1.255 4.040
11.801 26.36 25.0600 35.4 1.297 4.167
11.851 26.37 25.0400 36.0 1.322 4.233
11.901 26.37 25.0500 35.9 1.323 4.221
11.950 26.38 25.0700 35.4 1.311 4.168
12.001 26.39 25.0600 35.8 1.329 4.211
12.051 26.40 25.0500 36.3 1.351 4.267
12.102 26.41 25.0700 36.0 1.343 4.227
12.151 26.42 25.1100 34.9 1.307 4.092
12.200 26.43 25.0200 37.5 1.411 4.417
12.251 26.44 25.0600 36.5 1.379 4.297
12.302 26.45 25.0900 35.9 1.359 4.218
12.351 26.46 25.1000 35.8 1.360 4.206
12.401 26.47 25.0900 36.2 1.377 4.249
12.450 26.47 25.0900 36.2 1.382 4.248
12.501 26.48 25.1000 36.0 1.379 4.222
12.551 26.49 25.1400 35.2 1.355 4.131
12.601 26.50 25.1300 35.7 1.377 4.187
12.651 26.51 25.0600 37.7 1.456 4.429
12.701 26.52 25.0800 37.2 1.441 4.362
12.752 26.53 25.1100 36.4 1.417 4.271
12.801 26.54 25.1500 35.6 1.389 4.165
12.851 26.55 24.9800 40.2 1.568 4.732
12.901 26.56 25.1300 36.4 1.428 4.259
12.950 26.57 25.1300 36.4 1.433 4.262
13.001 26.58 25.1000 37.5 1.480 4.399
13.051 26.59 25.1300 36.6 1.452 4.291
13.102 26.59 25.1300 36.8 1.461 4.306
13.152 26.60 25.1500 36.6 1.458 4.282
13.200 26.61 25.1400 36.9 1.476 4.325
13.251 26.62 25.2000 35.5 1.427 4.150
13.301 26.63 25.1900 35.8 1.441 4.180
13.351 26.64 25.1800 36.4 1.466 4.250
13.401 26.65 25.1500 37.2 1.505 4.358
13.450 26.66 25.1800 36.4 1.477 4.252
13.502 26.67 25.2500 34.8 1.420 4.054
13.551 26.68 25.1900 36.5 1.491 4.270
13.601 26.69 25.2400 35.4 1.451 4.125
13.651 26.70 25.2100 36.2 1.485 4.223
13.700 26.71 25.2000 36.5 1.503 4.263
13.751 26.72 25.1700 37.5 1.545 4.384
13.801 26.73 25.2100 36.6 1.513 4.266
13.851 26.74 25.1800 37.7 1.560 4.403
13.901 26.74 25.2300 36.4 1.516 4.245
13.951 26.75 25.1700 38.2 1.587 4.460
14.002 26.76 25.2400 36.4 1.526 4.246
14.051 26.77 25.2700 35.8 1.507 4.168
14.101 26.78 25.2500 36.4 1.533 4.239
14.151 26.79 25.2500 36.6 1.546 4.270
14.200 26.80 25.2200 37.5 1.585 4.378
14.251 26.81 25.2500 36.8 1.561 4.284
14.302 26.82 25.2400 37.3 1.583 4.341
14.351 26.83 25.2700 36.4 1.555 4.237
14.401 26.84 25.2900 36.1 1.548 4.198
14.450 26.85 25.3400 35.0 1.508 4.055
14.501 26.86 25.2900 36.5 1.571 4.244
14.552 26.87 25.2900 36.5 1.576 4.248
14.601 26.88 25.2500 37.8 1.627 4.397
14.651 26.89 25.2900 36.8 1.595 4.279
14.700 26.90 25.2900 37.0 1.609 4.307
14.751 26.91 25.3100 36.6 1.598 4.257
14.802 26.91 25.3600 35.5 1.558 4.115
14.851 26.92 25.3000 37.0 1.621 4.301
14.901 26.93 25.3800 35.2 1.556 4.077
14.951 26.94 25.3300 36.7 1.615 4.256
15.002 26.95 25.3600 35.9 1.592 4.164
15.051 26.96 25.3200 37.2 1.643 4.316
15.101 26.97 25.4300 34.4 1.541 3.969
15.151 26.98 25.3100 37.7 1.670 4.376
15.200 26.99 25.3400 37.2 1.655 4.311
15.251 27.00 25.3600 36.5 1.635 4.235
15.301 27.01 25.4000 35.8 1.612 4.143
15.352 27.02 25.4200 35.3 1.597 4.078
15.401 27.03 25.3600 37.1 1.668 4.297
15.450 27.04 25.3900 36.3 1.645 4.205
15.501 27.05 25.4000 36.3 1.646 4.197
15.551 27.06 25.3400 38.1 1.717 4.413
15.601 27.07 25.4300 35.8 1.636 4.136
15.651 27.08 25.4600 35.1 1.613 4.046
15.700 27.09 25.4100 36.7 1.680 4.249
15.752 27.10 25.4000 37.1 1.698 4.294
15.802 27.11 25.4000 37.2 1.708 4.309
15.852 27.12 25.4000 37.3 1.713 4.314
15.901 27.12 25.4100 37.2 1.715 4.302
15.950 27.13 25.4900 35.3 1.646 4.065
16.001 27.14 25.4100 37.6 1.738 4.350
16.051 27.15 25.4300 37.2 1.727 4.299
16.101 27.16 25.5200 34.9 1.642 4.011
16.151 27.17 25.5000 35.7 1.677 4.107
16.200 27.18 25.5200 35.2 1.662 4.047
16.252 27.19 25.4900 36.1 1.700 4.156
16.301 27.20 25.5000 36.1 1.705 4.160
16.352 27.21 25.4800 36.6 1.727 4.219
16.401 27.22 25.5300 35.5 1.692 4.088
16.451 27.23 25.5500 35.1 1.681 4.039
16.501 27.24 25.4800 37.0 1.756 4.268
16.551 27.25 25.5100 36.4 1.737 4.193
16.601 27.26 25.5300 36.1 1.731 4.156
16.651 27.27 25.4800 37.5 1.785 4.323
16.700 27.28 25.5500 35.8 1.725 4.111
16.751 27.29 25.5000 37.2 1.784 4.288
16.802 27.30 25.5800 35.3 1.716 4.054
16.851 27.31 25.5700 35.8 1.738 4.112
16.901 27.32 25.6000 35.2 1.719 4.035
16.950 27.33 25.5800 35.9 1.749 4.121
17.001 27.34 25.6100 35.3 1.730 4.047
17.051 27.35 25.6400 34.6 1.707 3.956
17.101 27.36 25.6000 35.8 1.758 4.110
17.151 27.37 25.5600 37.1 1.808 4.260
17.201 27.38 25.7000 33.4 1.675 3.812
17.252 27.39 25.6300 35.4 1.754 4.059
17.301 27.39 25.6000 36.5 1.796 4.182
17.351 27.40 25.6600 35.1 1.749 4.013
17.401 27.41 25.7200 33.6 1.698 3.835
17.450 27.42 25.6300 36.1 1.793 4.132
17.501 27.43 25.6400 36.1 1.798 4.136
17.551 27.44 25.6900 34.7 1.751 3.967
17.602 27.45 25.6200 36.8 1.830 4.214
17.651 27.46 25.6400 36.6 1.828 4.190
17.700 27.47 25.6800 35.5 1.792 4.062
17.751 27.48 25.6700 35.9 1.810 4.109
17.801 27.49 25.6200 37.4 1.869 4.286
17.851 27.50 25.7000 35.4 1.797 4.037
17.901 27.51 25.7000 35.5 1.807 4.057
17.950 27.52 25.6900 36.1 1.833 4.129
18.002 27.53 25.7500 34.8 1.786 3.960
18.052 27.54 25.7900 33.7 1.751 3.835
18.102 27.55 25.7700 34.3 1.777 3.905
18.151 27.56 25.7500 35.3 1.815 4.019
18.200 27.57 25.8400 32.9 1.731 3.734
18.251 27.58 25.7600 35.2 1.818 4.004
18.301 27.59 25.8500 32.9 1.735 3.722
18.351 27.60 25.7700 35.4 1.834 4.028
18.401 27.61 25.7700 35.3 1.835 4.023
18.450 27.62 25.7500 36.1 1.869 4.121
18.501 27.63 25.7700 35.8 1.859 4.072
18.551 27.64 25.8200 34.5 1.816 3.921
18.601 27.65 25.8400 34.3 1.809 3.888
18.652 27.66 25.8300 34.6 1.827 3.934
18.700 27.67 25.8100 35.5 1.861 4.030
18.751 27.68 25.8400 34.7 1.839 3.943
18.801 27.69 25.8700 34.2 1.820 3.873
18.851 27.70 25.8700 34.1 1.822 3.866
18.901 27.71 25.9100 33.3 1.795 3.767
18.950 27.72 25.9000 33.8 1.817 3.829
19.001 27.73 25.9100 33.8 1.819 3.819
19.052 27.74 25.9400 33.1 1.796 3.736
19.101 27.75 25.9300 33.5 1.814 3.783
19.151 27.76 25.8600 35.6 1.897 4.039
19.200 27.77 25.9400 33.6 1.826 3.797
19.251 27.77 26.0200 31.6 1.755 3.555
19.301 27.78 25.9900 32.6 1.793 3.667
19.351 27.79 26.0100 32.3 1.786 3.635
19.402 27.80 25.9600 33.8 1.845 3.812
19.451 27.81 26.0400 31.7 1.770 3.557
19.501 27.82 26.0000 33.1 1.824 3.725
19.551 27.83 25.9000 36.0 1.939 4.086
19.601 27.84 26.0000 33.4 1.843 3.764
19.651 27.85 26.0100 33.2 1.841 3.744
19.700 27.86 26.0300 32.9 1.831 3.702
19.751 27.87 26.0300 33.2 1.845 3.736
19.801 27.88 26.0300 33.4 1.854 3.756
19.852 27.89 26.0800 32.3 1.816 3.619
19.902 27.90 26.1000 31.8 1.802 3.563
19.950 27.91 26.0800 32.6 1.836 3.664
20.001 27.92 26.0400 33.8 1.882 3.802
20.051 27.93 26.1400 31.4 1.795 3.508
20.101 27.94 26.1200 32.0 1.821 3.582
20.151 27.95 26.1000 32.7 1.851 3.668
20.200 27.96 26.1300 32.1 1.832 3.598
20.251 27.97 26.1400 32.1 1.834 3.592
20.302 27.98 26.1000 33.2 1.880 3.730
20.352 27.99 26.1400 32.5 1.854 3.636
20.401 28.00 26.1600 32.0 1.840 3.579
20.451 28.01 26.1600 32.2 1.849 3.601
20.502 28.02 26.1700 32.0 1.847 3.582
20.551 28.03 26.1400 33.2 1.893 3.724
20.601 28.04 26.1800 32.2 1.859 3.598
20.651 28.05 26.1400 33.5 1.909 3.752
20.700 28.06 26.2100 31.7 1.846 3.539
20.751 28.07 26.1400 33.9 1.933 3.808
20.801 28.08 26.1800 32.9 1.898 3.685
20.851 28.09 26.2200 32.2 1.872 3.591
20.902 28.10 26.3200 29.7 1.782 3.288
20.951 28.11 26.2500 31.6 1.856 3.519
21.001 28.12 26.3200 30.0 1.798 3.319
21.051 28.13 26.2800 31.3 1.851 3.485
21.101 28.14 26.2700 31.6 1.865 3.520
21.151 28.15 26.3100 30.9 1.839 3.424
21.200 28.16 26.3100 31.1 1.853 3.460
21.251 28.17 26.3100 31.1 1.855 3.456
21.301 28.18 26.3600 30.1 1.821 3.334
21.352 28.19 26.3000 31.9 1.891 3.556
21.401 28.20 26.2800 32.7 1.920 3.642
21.450 28.21 26.3300 31.4 1.874 3.482
21.501 28.22 26.3500 31.1 1.868 3.452
21.551 28.23 26.4300 29.1 1.794 3.201
21.601 28.24 26.3200 32.3 1.916 3.589
21.651 28.25 26.3300 32.1 1.914 3.574
21.701 28.26 26.4000 30.5 1.856 3.372
21.752 28.27 26.4300 30.1 1.842 3.320
21.802 28.28 26.4100 30.6 1.864 3.383
21.851 28.29 26.4300 30.4 1.857 3.352
21.901 28.30 26.4600 29.8 1.839 3.285
21.950 28.31 26.4100 31.4 1.901 3.477
22.001 28.32 26.4600 30.0 1.851 3.305
22.051 28.33 26.4500 30.5 1.873 3.370
22.101 28.34 26.3900 32.4 1.947 3.600
22.152 28.35 26.5100 29.3 1.833 3.221
22.201 28.36 26.4900 30.1 1.863 3.309
22.251 28.37 26.4700 30.9 1.897 3.409
22.301 28.38 26.5200 29.8 1.859 3.277
22.351 28.39 26.5700 28.6 1.817 3.132
22.401 28.40 26.5000 30.7 1.899 3.390
22.450 28.41 26.5300 30.1 1.877 3.308
22.501 28.42 26.5600 29.4 1.855 3.228
22.551 28.42 26.6600 27.0 1.766 2.930
22.601 28.43 26.5700 29.6 1.867 3.251
22.651 28.44 26.5700 29.9 1.876 3.278
22.700 28.45 26.6000 29.3 1.859 3.211
22.752 28.46 26.6100 29.1 1.853 3.183
22.802 28.47 26.6100 29.3 1.863 3.208
22.851 28.48 26.6300 29.0 1.853 3.166
22.901 28.49 26.6400 29.0 1.855 3.165
22.950 28.50 26.7000 27.6 1.805 2.996
23.001 28.51 26.6900 28.1 1.827 3.062
23.051 28.52 26.6900 28.3 1.837 3.084
23.101 28.53 26.7600 26.7 1.776 2.880
23.152 28.54 26.7400 27.4 1.805 2.970
23.200 28.55 26.6700 29.4 1.882 3.213
23.251 28.56 26.7500 27.5 1.813 2.980
23.301 28.57 26.7100 28.8 1.863 3.134
23.351 28.58 26.7000 29.3 1.884 3.197
23.401 28.59 26.7800 27.3 1.811 2.951
23.450 28.60 26.8100 26.9 1.798 2.902
23.502 28.61 26.8100 27.1 1.807 2.924
23.552 28.62 26.7700 28.3 1.857 3.078
23.601 28.63 26.8600 26.0 1.772 2.795
23.651 28.64 26.7900 28.1 1.853 3.054
23.700 28.65 26.7900 28.4 1.863 3.080
23.751 28.66 26.8500 27.0 1.814 2.912
23.801 28.67 26.8500 27.2 1.824 2.938
23.851 28.68 26.8600 27.1 1.822 2.924
23.901 28.69 26.8300 28.1 1.859 3.039
23.951 28.70 26.7900 29.4 1.913 3.205
24.002 28.71 26.8800 27.2 1.832 2.936
24.051 28.72 26.9200 26.3 1.798 2.819
24.101 28.73 26.9000 27.2 1.836 2.934
24.151 28.74 26.9000 27.4 1.846 2.960
24.200 28.75 26.8900 27.9 1.864 3.011
24.251 28.76 26.8600 28.8 1.901 3.125
24.301 28.77 26.9500 26.6 1.821 2.856
24.351 28.78 27.0500 24.1 1.729 2.554
24.402 28.79 26.9800 26.2 1.809 2.811
24.450 28.80 26.9200 28.2 1.886 3.053
24.501 28.81 27.0100 26.1 1.806 2.786
24.551 28.82 26.9500 27.8 1.874 3.003
24.601 28.83 27.0000 26.7 1.833 2.862
24.652 28.84 27.0100 26.5 1.827 2.836
24.700 28.85 27.0100 26.9 1.845 2.892
24.751 28.86 27.1000 24.5 1.757 2.597
24.801 28.87 27.0600 26.0 1.814 2.779
24.851 28.88 27.0900 25.3 1.789 2.688
24.901 28.89 27.0400 27.0 1.853 2.895
24.950 28.90 27.0500 26.8 1.848 2.867
25.001 28.91 27.1000 25.7 1.807 2.731
25.052 28.92 27.1000 26.0 1.821 2.771
25.102 28.93 27.1900 23.9 1.745 2.515
25.151 28.94 27.1100 26.2 1.833 2.799
25.200 28.95 27.1100 26.4 1.839 2.813
25.251 28.96 27.1200 26.3 1.837 2.800
25.301 28.97 27.1000 27.1 1.870 2.904
25.351 28.98 27.1400 26.4 1.845 2.815
25.401 28.99 27.1900 25.2 1.800 2.664
25.451 29.00 27.2000 25.2 1.803 2.668
25.502 29.01 27.2100 25.1 1.801 2.654
25.551 29.02 27.2200 25.0 1.799 2.643
25.601 29.03 27.3100 22.9 1.720 2.379
25.651 29.04 27.2600 24.6 1.784 2.588
25.700 29.05 27.2100 26.0 1.841 2.767
25.751 29.06 27.2600 24.9 1.800 2.629
25.801 29.07 27.3000 24.1 1.771 2.530
25.852 29.08 27.4300 20.8 1.649 2.129
25.902 29.09 27.3400 23.4 1.748 2.448
25.950 29.10 27.3600 23.2 1.739 2.413
26.001 29.11 27.3600 23.3 1.745 2.428
26.051 29.12 27.3300 24.5 1.790 2.570
26.101 29.13 27.3500 24.1 1.776 2.521
26.151 29.14 27.2800 26.2 1.856 2.777
26.200 29.15 27.4100 23.0 1.738 2.387
26.252 29.16 27.3800 23.9 1.775 2.503
26.302 29.17 27.4100 23.4 1.758 2.443
26.351 29.18 27.4000 24.1 1.783 2.521
26.402 29.19 27.4000 24.3 1.793 2.550
26.451 29.20 27.4200 23.8 1.776 2.488
26.502 29.21 27.4200 24.2 1.790 2.529
26.551 29.22 27.3700 25.6 1.846 2.708
26.601 29.23 27.4700 23.4 1.763 2.433
26.651 29.24 27.5000 22.6 1.735 2.335
26.700 29.25 27.5500 21.6 1.699 2.214
26.751 29.26 27.5300 22.4 1.728 2.305
26.801 29.27 27.6000 20.9 1.672 2.121
26.851 29.28 27.5100 23.5 1.771 2.438
26.902 29.29 27.5300 23.2 1.761 2.404
26.950 29.30 27.6400 20.5 1.659 2.072
27.001 29.31 27.5900 22.2 1.723 2.277
27.051 29.32 27.5900 22.4 1.733 2.306
27.101 29.33 27.5600 23.3 1.770 2.419
27.151 29.34 27.6200 22.0 1.718 2.251
27.200 29.35 27.5800 23.3 1.771 2.418
27.252 29.36 27.6100 22.6 1.746 2.333
27.302 29.37 27.5900 23.5 1.779 2.438
27.351 29.38 27.7300 19.9 1.647 2.002
27.401 29.39 27.7200 20.4 1.665 2.059
27.450 29.40 27.6600 22.4 1.740 2.300
27.501 29.41 27.6900 21.9 1.723 2.242
27.551 29.42 27.6900 22.2 1.733 2.271
27.601 29.43 27.7900 19.5 1.635 1.950
27.652 29.44 27.7300 21.6 1.710 2.196
27.701 29.45 27.7400 21.5 1.709 2.185
27.751 29.46 27.7600 21.1 1.696 2.143
27.801 29.47 27.7600 21.4 1.710 2.182
27.851 29.48 27.6800 23.8 1.796 2.464
27.901 29.49 27.7700 21.6 1.718 2.202
27.950 29.50 27.8000 21.1 1.697 2.134
28.001 29.51 27.7900 21.7 1.723 2.211
28.051 29.52 27.7900 21.9 1.729 2.230
28.102 29.53 27.8400 20.7 1.685 2.083
28.152 29.54 27.8900 19.6 1.645 1.954
28.200 29.55 27.8700 20.6 1.682 2.072
28.251 29.56 27.8700 20.7 1.688 2.086
28.301 29.57 27.8500 21.4 1.714 2.169
28.351 29.58 27.8500 21.7 1.727 2.208
28.401 29.59 27.9100 20.5 1.680 2.054
28.450 29.60 27.9100 20.7 1.690 2.084
28.501 29.61 27.9200 20.5 1.684 2.063
28.551 29.62 27.9300 20.7 1.691 2.082
28.601 29.63 27.9200 21.2 1.708 2.137
28.651 29.64 27.9800 19.9 1.661 1.980
28.701 29.65 28.0300 18.8 1.621 1.850
28.752 29.66 28.0000 19.9 1.662 1.980
28.802 29.67 28.0000 20.0 1.668 1.998
28.851 29.68 28.0100 20.1 1.670 2.003
28.901 29.69 28.0000 20.4 1.684 2.047
28.950 29.70 28.0800 18.7 1.618 1.829
29.001 29.71 28.0100 20.7 1.697 2.082
29.051 29.72 28.0300 20.4 1.684 2.039
29.101 29.73 28.1100 18.6 1.618 1.821
29.151 29.74 28.0600 20.2 1.677 2.016
29.201 29.75 28.1500 18.1 1.600 1.760
29.252 29.76 28.1100 19.4 1.647 1.914
29.301 29.77 28.1900 17.5 1.578 1.686
29.351 29.78 28.1400 19.0 1.633 1.869
29.401 29.79 28.2200 17.2 1.563 1.641
29.450 29.80 28.1700 18.9 1.630 1.858
29.501 29.81 28.1200 20.3 1.682 2.025
29.552 29.82 28.1900 18.7 1.624 1.833
29.602 29.83 28.2400 17.8 1.589 1.717
29.651 29.84 28.2600 17.6 1.580 1.687
29.700 29.85 28.2300 18.6 1.620 1.816
29.751 29.86 28.2600 18.1 1.600 1.750
29.801 29.87 28.3100 17.0 1.560 1.621
29.851 29.88 28.2700 18.2 1.604 1.764
29.901 29.89 28.2700 18.5 1.614 1.796
29.950 29.90 28.3100 17.8 1.590 1.716
30.002 29.91 28.2300 20.0 1.672 1.981
30.052 29.92 28.3300 17.8 1.591 1.717
30.101 29.93 28.3600 17.1 1.563 1.626
30.151 29.94 28.3900 16.6 1.543 1.560
30.200 29.95 28.3500 17.9 1.595 1.727
30.251 29.96 28.4300 16.1 1.526 1.501
30.301 29.97 28.4000 17.2 1.569 1.644
30.351 29.98 28.4100 17.2 1.568 1.640
30.401 29.99 28.4700 15.8 1.514 1.463
30.451 30.00 28.4500 16.8 1.550 1.582
30.501 30.01 28.4700 16.3 1.534 1.528
30.551 30.02 28.4700 16.6 1.544 1.561
30.601 30.03 28.4700 16.9 1.558 1.605
30.652 30.04 28.4900 16.6 1.545 1.564
30.700 30.05 28.4800 17.1 1.563 1.621
30.751 30.06 28.4800 17.4 1.573 1.653
30.801 30.07 28.5200 16.6 1.545 1.563
30.851 30.08 28.5700 15.6 1.506 1.436
30.901 30.09 28.5600 16.3 1.531 1.518
30.950 30.10 28.5900 15.7 1.511 1.452
31.001 30.11 28.5600 16.6 1.544 1.559
31.052 30.12 28.6100 15.6 1.505 1.433
31.102 30.13 28.6300 15.3 1.496 1.405
31.151 30.14 28.6900 14.0 1.446 1.244
31.200 30.15 28.6500 15.3 1.494 1.399
31.251 30.16 28.6400 16.0 1.519 1.481
31.301 30.17 28.6800 15.2 1.491 1.391
31.351 30.18 28.6300 16.8 1.550 1.583
31.401 30.19 28.6800 15.7 1.507 1.444
31.450 30.20 28.7000 15.4 1.495 1.404
31.502 30.21 28.7500 14.3 1.456 1.279
31.552 30.22 28.7500 14.7 1.470 1.325
31.601 30.23 28.7400 15.2 1.487 1.383
31.651 30.24 28.7300 15.7 1.505 1.440
31.700 30.25 28.7600 15.0 1.481 1.364
31.751 30.26 28.8200 13.8 1.435 1.216
31.801 30.27 28.8200 14.0 1.442 1.237
31.851 30.28 28.7800 15.5 1.496 1.416
31.902 30.29 28.8400 14.2 1.447 1.255
31.951 30.30 28.7700 16.3 1.527 1.519
32.001 30.31 28.8300 15.0 1.478 1.358
32.051 30.32 28.8600 14.4 1.454 1.282
32.101 30.33 28.8400 15.2 1.483 1.376
32.151 30.34 28.9100 13.8 1.430 1.204
32.200 30.35 28.9100 14.0 1.440 1.238
32.251 30.36 28.8800 15.0 1.476 1.355
32.301 30.37 28.9400 13.8 1.430 1.208
32.352 30.38 28.9500 13.6 1.421 1.181
32.401 30.39 28.9500 14.1 1.439 1.239
32.450 30.40 28.8900 15.9 1.508 1.466
32.500 30.41 28.9200 15.3 1.485 1.390
32.551 30.42 28.9700 14.3 1.447 1.267
32.601 30.43 29.0200 13.1 1.401 1.120
32.650 30.44 29.0500 12.7 1.385 1.072
32.699 30.45 28.9900 14.6 1.454 1.299
32.750 30.46 29.0200 14.0 1.431 1.225
32.800 30.47 29.0200 14.3 1.444 1.268
32.850 30.48 29.0700 13.2 1.403 1.136
32.900 30.49 29.0400 14.3 1.442 1.266
32.949 30.50 29.1100 12.9 1.389 1.095
33.001 30.51 29.1200 12.9 1.388 1.091
33.051 30.52 29.1200 13.2 1.398 1.128
33.100 30.53 29.0800 14.3 1.441 1.270
33.150 30.54 29.0900 14.5 1.448 1.291
33.199 30.55 29.1300 13.6 1.413 1.178
33.250 30.56 29.1800 12.7 1.379 1.071
33.300 30.57 29.1600 13.5 1.407 1.165
33.350 30.58 29.1900 13.0 1.388 1.103
33.401 30.59 29.2000 12.9 1.383 1.087
33.450 30.60 29.2000 13.2 1.393 1.124
33.500 30.61 29.1400 15.0 1.462 1.350
33.550 30.62 29.1600 14.9 1.457 1.335
33.600 30.63 29.2400 13.1 1.390 1.117
33.650 30.64 29.2100 14.1 1.426 1.235
33.699 30.65 29.2500 13.3 1.395 1.136
33.750 30.66 29.2600 13.3 1.394 1.136
33.800 30.67 29.3300 11.8 1.338 0.953
33.851 30.68 29.2900 13.1 1.385 1.108
33.901 30.69 29.3200 12.6 1.365 1.047
33.949 30.70 29.3500 12.0 1.342 0.974
34.000 30.71 29.3700 11.9 1.338 0.961
34.050 30.72 29.3600 12.4 1.359 1.032
34.100 30.73 29.3900 11.8 1.332 0.947
34.150 30.74 29.3700 12.6 1.364 1.053
34.199 30.75 29.3600 13.1 1.381 1.112
34.250 30.76 29.4700 10.7 1.289 0.812
34.300 30.77 29.4700 10.8 1.291 0.824
34.351 30.78 29.4700 11.0 1.301 0.859
34.401 30.79 29.5400 9.7 1.249 0.692
34.449 30.80 29.5000 10.9 1.296 0.848
34.501 30.81 29.4900 11.5 1.317 0.918
34.550 30.82 29.5700 9.8 1.250 0.703
34.601 30.83 29.5400 10.8 1.289 0.835
34.651 30.84 29.5500 10.8 1.284 0.822
34.699 30.85 29.5400 11.4 1.309 0.905
34.750 30.86 29.5400 11.7 1.319 0.941
34.800 30.87 29.6200 9.9 1.249 0.713
34.850 30.88 29.5600 11.7 1.317 0.940
34.900 30.89 29.6300 10.0 1.250 0.726
34.949 30.90 29.6000 11.2 1.297 0.879
35.000 30.91 29.6300 10.6 1.274 0.808
35.050 30.92 29.6700 10.0 1.248 0.726
35.101 30.93 29.6600 10.5 1.265 0.785
35.151 30.94 29.6700 10.4 1.264 0.784
35.199 30.95 29.6400 11.6 1.307 0.927
35.250 30.96 29.6800 10.7 1.273 0.819
35.300 30.97 29.6800 11.1 1.283 0.858
35.350 30.98 29.7000 10.9 1.279 0.843
35.400 30.99 29.6900 11.3 1.292 0.893
35.449 31.00 29.7900 9.1 1.208 0.618
35.500 31.01 29.7300 10.9 1.272 0.834
35.550 31.02 29.7800 9.9 1.235 0.713
35.601 31.03 29.7900 9.8 1.230 0.704
35.651 31.04 29.8300 9.2 1.208 0.631
35.699 31.05 29.7700 11.0 1.272 0.847
35.750 31.06 29.8300 9.8 1.228 0.702
35.800 31.07 29.8300 10.0 1.234 0.729
35.850 31.08 29.8400 10.0 1.233 0.727
35.900 31.09 29.8600 9.8 1.225 0.707
35.949 31.10 29.8500 10.3 1.242 0.763
36.000 31.11 29.8200 11.6 1.289 0.919
36.050 31.12 29.8900 9.8 1.222 0.704
36.101 31.13 29.9300 9.2 1.196 0.625
36.151 31.14 29.9400 9.2 1.196 0.623
36.199 31.15 29.9000 10.5 1.245 0.790
36.250 31.16 29.9800 8.7 1.176 0.565
36.300 31.17 29.9400 10.0 1.222 0.721
36.350 31.17 29.9800 9.3 1.196 0.637
36.400 31.18 29.9900 9.2 1.191 0.629
36.448 31.19 30.0000 9.3 1.194 0.638
36.499 31.20 30.0300 8.9 1.179 0.595
36.549 31.21 30.0500 8.5 1.160 0.535
36.599 31.22 30.0800 8.1 1.145 0.492
36.649 31.23 30.0700 8.7 1.166 0.561
36.698 31.24 30.0300 10.1 1.215 0.729
36.749 31.25 30.0200 10.6 1.236 0.796
36.799 31.26 30.0700 9.6 1.196 0.671
36.849 31.27 30.0800 9.7 1.198 0.684
36.899 31.28 30.1200 8.8 1.165 0.576
36.948 31.29 30.1400 8.4 1.150 0.533
37.000 31.30 30.1400 8.8 1.164 0.578
37.050 31.31 30.1600 8.8 1.159 0.570
37.099 31.32 30.1800 8.3 1.140 0.510
37.149 31.33 30.1700 8.9 1.161 0.585
37.198 31.34 30.2600 6.8 1.082 0.326
37.249 31.35 30.2100 8.5 1.145 0.541
37.299 31.36 30.2100 8.7 1.152 0.563
37.349 31.37 30.2800 7.3 1.097 0.392
37.399 31.38 30.2000 9.7 1.186 0.682
37.448 31.39 30.2200 9.3 1.171 0.639
37.499 31.40 30.2800 8.1 1.124 0.490
37.550 31.41 30.2400 9.4 1.173 0.654
37.600 31.42 30.3100 7.8 1.111 0.457
37.649 31.43 30.3300 7.8 1.107 0.448
37.698 31.44 30.3200 8.3 1.128 0.518
37.749 31.45 30.4100 6.1 1.041 0.241
37.799 31.46 30.3600 7.8 1.105 0.453
37.849 31.47 30.3600 8.1 1.115 0.489
37.899 31.48 30.3500 8.6 1.132 0.550
37.948 31.49 30.3800 8.1 1.114 0.493
37.999 31.50 30.4600 6.3 1.045 0.273
38.050 31.51 30.4100 7.9 1.101 0.462
38.100 31.52 30.3600 9.6 1.165 0.672
38.149 31.53 30.4300 8.0 1.104 0.475
38.198 31.54 30.4300 8.2 1.110 0.501
38.249 31.55 30.4700 7.6 1.084 0.421
38.299 31.56 30.4700 7.9 1.094 0.457
38.349 31.57 30.5400 6.4 1.037 0.275
38.399 31.58 30.5400 6.7 1.047 0.312
38.448 31.59 30.5600 6.3 1.032 0.268
38.499 31.60 30.5300 7.5 1.074 0.409
38.549 31.61 30.5400 7.6 1.077 0.423
38.599 31.62 30.5700 7.0 1.055 0.356
38.649 31.63 30.5900 6.8 1.043 0.322
38.698 31.64 30.5800 7.3 1.061 0.383
38.750 31.65 30.5800 7.7 1.074 0.432
38.799 31.66 30.5700 8.1 1.091 0.490
38.850 31.67 30.6200 7.2 1.055 0.378
38.899 31.68 30.5600 9.0 1.122 0.599
38.948 31.69 30.6900 5.9 1.004 0.219
38.999 31.70 30.6700 6.7 1.032 0.315
39.049 31.71 30.6700 7.1 1.045 0.363
39.099 31.72 30.7000 6.5 1.024 0.296
39.149 31.73 30.6900 7.1 1.044 0.368
39.198 31.74 30.7300 6.3 1.012 0.266
39.250 31.75 30.7100 7.3 1.046 0.387
39.300 31.76 30.7800 5.7 0.986 0.191
39.349 31.77 30.7300 7.2 1.042 0.378
39.399 31.78 30.7800 6.4 1.009 0.276
39.448 31.79 30.8300 5.4 0.970 0.155
39.499 31.80 30.7900 6.7 1.019 0.317
39.549 31.81 30.8300 5.9 0.986 0.216
39.599 31.82 30.7900 7.2 1.035 0.380
39.649 31.83 30.8300 6.4 1.003 0.281
39.698 31.84 30.8500 6.3 0.999 0.270
39.750 31.85 30.8800 5.7 0.973 0.192
39.800 31.86 30.9700 3.8 0.899 -0.045
39.849 31.87 30.9000 5.9 0.976 0.213
39.899 31.88 30.8600 7.2 1.025 0.374
39.948 31.89 30.9100 6.3 0.989 0.261
39.999 31.90 30.9600 5.3 0.950 0.139
40.049 31.91 30.9600 5.6 0.960 0.179
40.099 31.92 30.9500 6.1 0.977 0.236
40.149 31.93 30.9800 5.5 0.955 0.171
40.198 31.94 30.9300 7.2 1.018 0.379
40.250 31.95 31.0300 5.0 0.929 0.099
40.299 31.96 31.0800 3.8 0.883 -0.049
40.349 31.97 30.9800 6.7 0.991 0.309
40.399 31.98 31.0300 5.8 0.956 0.197
40.448 31.99 30.9900 7.1 1.004 0.363
40.499 32.00 31.0300 6.3 0.972 0.263
40.548 32.01 31.0800 5.3 0.933 0.140
40.598 32.02 31.1100 4.9 0.915 0.087
40.648 32.03 31.1000 5.5 0.939 0.171
40.698 32.04 31.1400 4.6 0.904 0.060
40.748 32.05 31.1800 3.8 0.872 -0.039
40.798 32.06 31.1000 6.3 0.962 0.261
40.848 32.08 31.1300 5.9 0.948 0.218
40.898 32.09 31.1400 6.0 0.947 0.221
40.948 32.10 31.1600 5.6 0.933 0.178
40.998 32.11 31.1600 6.0 0.946 0.228
41.049 32.12 31.1900 5.4 0.921 0.150
41.098 32.13 31.2300 4.8 0.900 0.086
41.148 32.14 31.2500 4.6 0.889 0.055
41.198 32.15 31.2500 4.8 0.895 0.081
41.248 32.16 31.2200 5.9 0.933 0.210
41.298 32.17 31.2400 5.6 0.922 0.179
41.348 32.18 31.2600 5.4 0.911 0.148
41.398 32.19 31.2400 6.4 0.949 0.276
41.448 32.20 31.2700 5.7 0.921 0.188
41.499 32.21 31.2200 7.5 0.987 0.407
41.548 32.22 31.2600 6.8 0.958 0.318
41.598 32.23 31.3200 5.4 0.906 0.150
41.648 32.24 31.2900 6.3 0.940 0.268
41.698 32.25 31.3400 5.3 0.901 0.146
41.748 32.26 31.3700 4.9 0.884 0.092
41.798 32.27 31.3900 4.7 0.873 0.062
41.848 32.28 31.3600 5.8 0.914 0.201
41.898 32.29 31.4000 5.2 0.889 0.125
41.948 32.30 31.4100 5.2 0.889 0.129
41.998 32.31 31.4400 4.7 0.868 0.064
42.049 32.32 31.4300 5.2 0.885 0.125
42.098 32.33 31.4500 4.9 0.874 0.094
42.148 32.34 31.5000 3.9 0.835 -0.027
42.198 32.35 31.4400 5.7 0.901 0.192
42.248 32.36 31.5100 4.4 0.848 0.026
42.298 32.37 31.4700 5.6 0.893 0.176
42.348 32.38 31.5200 4.5 0.851 0.044
42.398 32.39 31.4900 5.7 0.895 0.194
42.448 32.40 31.5000 5.8 0.895 0.198
42.498 32.41 31.5000 6.2 0.909 0.246
42.548 32.42 31.5200 5.9 0.898 0.215
42.598 32.43 31.5800 4.7 0.849 0.060
42.648 32.44 31.5900 4.7 0.849 0.064
42.698 32.45 31.5700 5.5 0.879 0.169
42.748 32.46 31.5700 5.8 0.886 0.195
42.799 32.47 31.6400 4.3 0.830 0.018
42.848 32.48 31.6300 4.8 0.847 0.078
42.898 32.49 31.6100 5.5 0.871 0.160
42.948 32.50 31.6600 4.5 0.833 0.040
42.998 32.51 31.6400 5.5 0.870 0.167
43.048 32.52 31.6400 5.7 0.873 0.182
43.098 32.53 31.7000 4.4 0.825 0.028
43.148 32.54 31.6900 4.9 0.842 0.088
43.198 32.55 31.7400 4.1 0.810 -0.009
43.248 32.56 31.7000 5.3 0.855 0.140
43.299 32.57 31.7400 4.6 0.827 0.054
43.348 32.58 31.7100 5.5 0.861 0.170
43.398 32.59 31.6900 6.4 0.892 0.274
43.448 32.60 31.8000 3.9 0.795 -0.037
43.498 32.61 31.7800 4.8 0.829 0.079
43.548 32.62 31.7700 5.3 0.846 0.139
43.598 32.63 31.7900 5.0 0.832 0.097
43.648 32.64 31.8000 5.2 0.838 0.123
43.698 32.65 31.8500 4.2 0.800 0.004
43.748 32.66 31.9000 3.1 0.759 -0.126
43.799 32.67 31.8400 4.9 0.824 0.091
43.849 32.68 31.8600 4.8 0.817 0.073
43.898 32.69 31.9000 3.9 0.782 -0.036
43.948 32.70 31.8900 4.5 0.802 0.035
43.998 32.71 31.9300 3.9 0.778 -0.039
44.048 32.72 31.9100 4.7 0.808 0.065
44.098 32.73 31.9800 3.2 0.750 -0.120
44.148 32.74 31.9500 4.1 0.784 -0.004
44.198 32.75 31.9600 4.2 0.784 0.000
44.248 32.76 31.9800 3.9 0.773 -0.029
44.298 32.77 31.9400 5.2 0.821 0.131
44.349 32.78 32.0100 3.9 0.769 -0.033
44.399 32.79 31.9900 4.6 0.793 0.049
44.448 32.80 32.0100 4.4 0.786 0.031
44.498 32.81 32.0700 3.0 0.731 -0.143
44.549 32.82 32.0100 4.9 0.803 0.095
44.598 32.83 32.0900 3.1 0.734 -0.124
44.648 32.84 32.0400 4.9 0.798 0.092
44.697 32.85 32.0700 4.2 0.771 0.007
44.746 32.86 32.1100 3.5 0.743 -0.078
44.797 32.87 32.1000 4.3 0.770 0.015
44.847 32.88 32.1500 3.0 0.722 -0.136
44.897 32.89 32.1000 4.8 0.787 0.079
44.947 32.90 32.1200 4.5 0.773 0.038
44.996 32.91 32.1200 5.0 0.790 0.098
45.047 32.92 32.1900 3.3 0.725 -0.109
45.098 32.93 32.1800 3.8 0.742 -0.049
45.148 32.94 32.1900 3.9 0.745 -0.034
45.198 32.95 32.2000 3.8 0.741 -0.041
45.246 32.96 32.1800 4.7 0.772 0.063
45.297 32.97 32.1700 5.3 0.795 0.144
45.347 32.98 32.2500 3.5 0.724 -0.084
45.397 32.99 32.2100 4.9 0.774 0.085
45.447 33.00 32.2200 4.8 0.771 0.078
45.496 33.01 32.2600 4.2 0.747 0.004
45.547 33.02 32.2800 4.0 0.740 -0.014
45.597 33.03 32.2700 4.6 0.760 0.057
45.648 33.04 32.3400 3.0 0.699 -0.138
45.698 33.05 32.2900 4.5 0.753 0.043
45.747 33.06 32.3100 4.3 0.743 0.014
45.798 33.07 32.2900 5.1 0.773 0.117
45.847 33.08 32.3300 4.4 0.746 0.032
45.897 33.09 32.2700 6.5 0.820 0.279
45.947 33.10 32.3400 4.8 0.756 0.073
45.996 33.11 32.3900 3.8 0.718 -0.045
46.047 33.12 32.3500 5.2 0.769 0.124
46.097 33.13 32.3700 4.9 0.758 0.094
46.147 33.14 32.4000 4.3 0.735 0.021
46.197 33.15 32.3900 4.8 0.751 0.080
46.247 33.16 32.4300 4.2 0.727 0.006
46.298 33.17 32.4000 5.2 0.761 0.121
46.347 33.18 32.4900 3.1 0.683 -0.128
46.397 33.19 32.4500 4.7 0.741 0.063
46.447 33.20 32.5000 3.5 0.697 -0.076
46.496 33.21 32.4700 4.6 0.734 0.049
46.547 33.22 32.4600 5.3 0.761 0.141
46.597 33.23 32.5000 4.5 0.730 0.046
46.647 33.24 32.4800 5.3 0.757 0.137
46.697 33.25 32.5000 5.0 0.747 0.108
46.746 33.26 32.5700 3.4 0.682 -0.097
46.797 33.27 32.5100 5.4 0.756 0.149
46.847 33.28 32.5500 4.5 0.722 0.042
46.897 33.29 32.5800 4.2 0.709 0.003
46.947 33.30 32.5100 6.4 0.790 0.270
46.996 33.31 32.6000 4.2 0.705 -0.001
47.047 33.32 32.4900 7.4 0.827 0.398
47.098 33.33 32.5600 5.7 0.763 0.192
47.147 33.34 32.6400 4.1 0.698 -0.014
47.197 33.35 32.6700 3.5 0.678 -0.076
47.246 33.36 32.6500 4.2 0.701 0.006
47.297 33.37 32.6700 4.2 0.698 -0.001
47.347 33.38 32.6400 5.3 0.738 0.134
47.397 33.39 32.6800 4.4 0.705 0.028
47.447 33.40 32.7000 4.3 0.698 0.011
47.496 33.41 32.6700 5.4 0.738 0.146
47.547 33.42 32.7200 4.4 0.701 0.029
47.598 33.43 32.7100 4.8 0.714 0.077
47.648 33.44 32.8200 2.3 0.620 -0.226
47.697 33.45 32.7200 5.2 0.728 0.129
47.746 33.46 32.7900 3.6 0.664 -0.075
47.797 33.47 32.7300 5.7 0.741 0.181
47.847 33.48 32.7400 5.5 0.734 0.163
47.897 33.49 32.8200 3.7 0.667 -0.053
47.947 33.50 32.7400 6.1 0.754 0.236
47.996 33.51 32.8700 3.0 0.637 -0.143
48.047 33.52 32.8400 4.2 0.680 0.003
48.097 33.53 32.8400 4.5 0.690 0.040
48.148 33.54 32.8500 4.3 0.684 0.022
48.198 33.55 32.8100 5.8 0.737 0.201
48.247 33.56 32.8500 5.0 0.707 0.106
48.298 33.57 32.9300 3.3 0.640 -0.109
48.347 33.58 32.8300 6.3 0.750 0.255
48.397 33.59 32.8800 5.2 0.710 0.128
48.447 33.60 32.9000 5.0 0.700 0.099
48.496 33.61 32.8800 5.6 0.724 0.179
48.547 33.62 32.9500 4.1 0.663 -0.014
48.597 33.63 32.9500 4.4 0.673 0.022
48.647 33.64 32.9000 6.2 0.740 0.244
48.697 33.65 32.9300 5.7 0.720 0.182
48.745 33.66 32.9900 4.3 0.667 0.012
48.796 33.67 33.0100 4.1 0.660 -0.006
48.846 33.68 33.0100 4.2 0.663 0.009
48.896 33.69 32.9700 5.8 0.720 0.198
48.946 33.70 33.0700 3.4 0.630 -0.093
48.995 33.71 33.0000 5.5 0.707 0.162
49.047 33.72 33.0300 5.1 0.690 0.112
49.097 33.73 33.0200 5.5 0.703 0.158
49.146 33.74 33.0100 6.2 0.730 0.248
49.196 33.75 33.0200 6.0 0.723 0.229
49.245 33.76 33.0700 5.0 0.683 0.103
49.296 33.77 33.0700 5.5 0.700 0.160
49.346 33.78 33.1200 4.3 0.653 0.011
49.396 33.79 33.1300 4.3 0.653 0.016
49.446 33.80 33.1000 5.6 0.700 0.172
49.495 33.81 33.1300 4.9 0.673 0.088
49.547 33.82 33.1000 6.0 0.713 0.221
49.597 33.83 33.2600 2.1 0.567 -0.252
49.647 33.84 33.1300 6.0 0.710 0.221
49.696 33.85 33.1800 4.8 0.663 0.070
49.745 33.86 33.2000 4.6 0.657 0.052
49.796 33.87 33.1500 6.1 0.713 0.240
49.846 33.88 33.2000 5.1 0.673 0.113
49.896 33.89 33.1900 5.8 0.700 0.204
49.946 33.90 33.2200 5.2 0.676 0.129
49.995 33.91 33.1800 6.7 0.730 0.307
50.047 33.92 33.2400 5.2 0.673 0.124
50.097 33.93 33.2500 5.4 0.679 0.149
50.146 33.94 33.3000 4.3 0.636 0.010
50.196 33.95 33.2700 5.3 0.672 0.134
50.245 33.96 33.2800 5.5 0.679 0.159
50.296 33.97 33.3400 4.2 0.628 -0.002
50.346 33.98 33.3200 4.8 0.652 0.079
50.396 33.99 33.3500 4.4 0.635 0.027
50.446 34.00 33.3400 4.9 0.652 0.086
50.495 34.01 33.3700 4.5 0.635 0.035
50.547 34.02 33.3200 6.1 0.695 0.233
50.597 34.03 33.3800 4.8 0.646 0.075
50.646 34.04 33.4000 4.6 0.636 0.046
50.696 34.05 33.3700 5.5 0.672 0.168
50.745 34.06 33.3700 6.1 0.692 0.236
50.797 34.07 33.4400 4.3 0.622 0.013
50.847 34.08 33.4000 5.7 0.676 0.189
50.896 34.09 33.4300 5.1 0.652 0.117
50.946 34.10 33.4300 5.5 0.666 0.164
50.995 34.11 33.4500 5.2 0.653 0.124
51.046 34.12 33.4900 4.4 0.623 0.031
51.096 34.13 33.4700 5.3 0.653 0.133
51.146 34.14 33.4600 5.9 0.676 0.211
51.196 34.15 33.5300 4.3 0.614 0.010
51.245 34.16 33.5300 4.7 0.627 0.058
51.297 34.17 33.4800 6.4 0.690 0.266
51.347 34.18 33.5000 5.9 0.673 0.214
51.397 34.19 33.5500 5.1 0.641 0.111
51.446 34.20 33.4800 7.0 0.713 0.351
51.495 34.21 33.5300 6.0 0.674 0.224
51.546 34.22 33.5800 5.0 0.634 0.099
51.596 34.23 33.5600 6.0 0.671 0.221
51.646 34.24 33.5800 5.7 0.658 0.181
51.696 34.25 33.5800 5.9 0.664 0.206
51.745 34.26 33.6000 5.8 0.661 0.198
51.797 34.27 33.5900 6.4 0.681 0.266
51.847 34.28 33.6100 6.0 0.665 0.215
51.896 34.29 33.7100 3.7 0.580 -0.058
51.946 34.30 33.6400 5.8 0.659 0.202
51.995 34.31 33.6700 5.3 0.636 0.131
52.046 34.32 33.6600 5.8 0.656 0.199
52.096 34.33 33.6300 7.1 0.702 0.351
52.146 34.34 33.7000 5.2 0.633 0.130
52.196 34.35 33.7100 5.3 0.633 0.134
52.245 34.36 33.6900 6.2 0.666 0.244
52.297 34.37 33.7200 5.6 0.643 0.173
52.347 34.38 33.7000 6.6 0.680 0.293
52.396 34.39 33.7600 5.1 0.624 0.116
52.446 34.40 33.7300 6.3 0.667 0.258
52.495 34.41 33.7800 5.4 0.631 0.143
52.546 34.42 33.7300 6.8 0.683 0.317
52.596 34.43 33.7200 7.3 0.703 0.384
52.646 34.44 33.7400 7.1 0.694 0.355
52.696 34.45 33.8000 6.0 0.651 0.220
52.745 34.46 33.7900 6.5 0.668 0.276
52.796 34.47 33.7600 7.5 0.707 0.407
52.845 34.48 33.8600 5.2 0.619 0.122
52.895 34.49 33.8700 5.0 0.613 0.104
52.945 34.50 33.8300 6.7 0.672 0.300
52.994 34.51 33.8600 6.0 0.646 0.218
53.046 34.52 33.8600 6.3 0.659 0.264
53.096 34.53 33.8800 6.1 0.650 0.235
53.145 34.54 33.8900 6.1 0.647 0.228
53.195 34.55 33.8700 7.0 0.680 0.337
53.244 34.56 33.8600 7.5 0.699 0.403
53.295 34.57 33.9000 6.6 0.664 0.289
53.345 34.58 33.9100 6.8 0.670 0.314
53.395 34.59 33.9500 5.8 0.635 0.200
53.445 34.60 33.9200 7.0 0.677 0.341
53.494 34.61 33.9300 7.1 0.681 0.355
53.546 34.62 33.9300 7.4 0.691 0.389
53.595 34.63 33.9900 6.0 0.639 0.223
53.645 34.64 33.9500 7.3 0.688 0.385
53.695 34.65 33.9900 6.7 0.662 0.303
53.744 34.66 33.9800 7.0 0.676 0.348
53.795 34.67 33.9800 7.5 0.692 0.403
53.845 34.68 34.0100 6.8 0.663 0.311
53.895 34.69 34.0300 6.7 0.660 0.304
53.945 34.70 34.0200 7.2 0.680 0.370
53.994 34.71 34.0100 7.6 0.693 0.415
54.046 34.72 34.0800 6.2 0.638 0.238
54.096 34.73 34.0400 7.6 0.690 0.410
54.145 34.74 34.0700 7.1 0.671 0.350
54.195 34.75 34.0500 7.9 0.701 0.448
54.244 34.76 34.0400 8.3 0.717 0.503
54.295 34.77 34.1100 6.9 0.662 0.326
54.345 34.78 34.1100 7.2 0.672 0.360
54.395 34.79 34.1100 7.4 0.679 0.384
54.445 34.80 34.1100 7.7 0.692 0.429
54.494 34.81 34.1200 7.7 0.689 0.421
54.545 34.82 34.0700 9.3 0.751 0.624
54.596 34.83 34.1100 8.4 0.716 0.509
54.646 34.84 34.0700 9.9 0.771 0.691
54.695 34.85 34.1000 9.2 0.746 0.608
54.744 34.86 34.1600 7.9 0.697 0.452
54.795 34.87 34.1500 8.5 0.717 0.518
54.845 34.88 34.1500 8.6 0.723 0.540
54.896 34.89 34.1700 8.5 0.717 0.522
54.946 34.90 34.1600 9.1 0.740 0.597
54.994 34.91 34.2100 8.0 0.698 0.462
55.045 34.92 34.2000 8.5 0.715 0.517
55.095 34.93 34.2200 8.4 0.712 0.509
55.145 34.94 34.2200 8.6 0.719 0.533
55.195 34.95 34.2000 9.4 0.748 0.629
55.244 34.96 34.2500 8.3 0.706 0.494
55.295 34.97 34.2500 8.6 0.716 0.528
55.346 34.98 34.2700 8.3 0.707 0.499
55.396 34.99 34.3000 7.7 0.685 0.427
55.446 35.00 34.3100 7.8 0.685 0.431
55.494 35.01 34.3000 8.5 0.711 0.517
55.545 35.02 34.3100 8.5 0.712 0.519
55.595 35.03 34.3300 8.2 0.699 0.479
55.645 35.04 34.3400 8.3 0.702 0.492
55.695 35.05 34.3100 9.2 0.735 0.600
55.744 35.06 34.3300 8.9 0.726 0.570
55.795 35.07 34.3500 8.8 0.723 0.561
55.845 35.08 34.3000 10.2 0.775 0.731
55.896 35.09 34.3800 8.5 0.711 0.523
55.946 35.10 34.3600 9.2 0.737 0.609
55.994 35.11 34.3700 9.2 0.737 0.611
56.045 35.12 34.4100 8.6 0.712 0.529
56.095 35.13 34.4400 8.0 0.690 0.458
56.145 35.14 34.3800 9.9 0.761 0.691
56.195 35.15 34.3900 9.8 0.758 0.682
56.244 35.16 34.4400 8.9 0.723 0.568
56.295 35.17 34.4400 9.2 0.733 0.602
56.345 35.18 34.4200 10.0 0.762 0.698
56.395 35.19 34.4400 9.6 0.746 0.647
56.446 35.20 34.4600 9.4 0.740 0.628
56.495 35.21 34.4400 10.0 0.763 0.703
56.546 35.22 34.4900 9.2 0.731 0.600
56.595 35.23 34.4700 9.8 0.754 0.675
56.646 35.24 34.4900 9.6 0.748 0.656
56.696 35.25 34.5500 8.4 0.700 0.501
56.745 35.26 34.5200 9.4 0.739 0.629
56.795 35.27 34.5000 10.3 0.772 0.735
56.845 35.28 34.5700 8.7 0.711 0.538
56.895 35.29 34.5400 9.8 0.753 0.676
56.944 35.30 34.5600 9.3 0.734 0.615
56.993 35.31 34.5700 9.5 0.741 0.638
57.044 35.32 34.5800 9.5 0.741 0.640
57.094 35.33 34.5600 10.2 0.767 0.725
57.144 35.34 34.6000 9.5 0.742 0.644
57.195 35.35 34.6100 9.4 0.736 0.625
57.244 35.36 34.6200 9.4 0.737 0.627
57.294 35.37 34.5900 10.4 0.775 0.754
57.344 35.38 34.6200 9.9 0.753 0.682
57.394 35.39 34.6400 9.8 0.751 0.673
57.444 35.40 34.6400 10.1 0.761 0.706
57.493 35.41 34.6300 10.6 0.780 0.771
57.544 35.42 34.6800 9.4 0.736 0.626
57.594 35.43 34.6300 11.0 0.797 0.826
57.645 35.44 34.6500 10.7 0.785 0.786
57.695 35.45 34.6600 10.8 0.788 0.797
57.743 35.46 34.6800 10.6 0.779 0.767
57.794 35.47 34.6800 10.8 0.786 0.789
57.844 35.48 34.7200 10.0 0.757 0.697
57.894 35.49 34.7000 10.8 0.787 0.792
57.944 35.50 34.6900 11.4 0.809 0.866
57.993 35.51 34.6800 11.8 0.826 0.919
58.044 35.52 34.7600 10.0 0.756 0.692
58.094 35.53 34.7400 10.7 0.785 0.787
58.145 35.54 34.7000 12.3 0.843 0.975
58.195 35.55 34.7700 10.5 0.776 0.758
58.243 35.56 34.7700 10.9 0.790 0.801
58.294 35.57 34.7500 11.6 0.819 0.895
58.344 35.58 34.8000 10.6 0.781 0.772
58.394 35.59 34.7700 11.7 0.820 0.898
58.444 35.60 34.7000 13.9 0.903 1.169
58.493 35.61 34.8200 10.8 0.788 0.794
58.544 35.62 34.8200 11.2 0.802 0.837
58.594 35.63 34.8300 11.2 0.802 0.839
58.645 35.64 34.8400 11.2 0.803 0.840
58.695 35.65 34.8100 12.1 0.835 0.945
58.743 35.66 34.8900 10.2 0.765 0.718
58.794 35.67 34.8100 12.7 0.858 1.020
58.844 35.68 34.8500 12.0 0.833 0.937
58.894 35.69 34.9100 10.7 0.783 0.773
58.945 35.70 34.8600 12.1 0.837 0.950
58.994 35.71 34.9000 11.3 0.806 0.847
59.044 35.72 34.8700 12.5 0.851 0.994
59.094 35.73 34.8900 12.2 0.842 0.963
59.144 35.74 34.9000 12.2 0.842 0.963
59.194 35.75 34.9400 11.3 0.808 0.851
59.243 35.76 34.9000 12.8 0.862 1.027
59.294 35.77 34.9500 11.6 0.818 0.883
59.344 35.78 34.9200 12.6 0.857 1.008
59.394 35.79 34.9100 13.2 0.880 1.082
59.444 35.80 34.9600 12.0 0.835 0.937
59.494 35.81 34.9800 11.9 0.833 0.927
59.545 35.82 34.9500 12.8 0.865 1.032
59.594 35.83 34.9900 12.2 0.843 0.960
59.644 35.84 34.9400 13.6 0.895 1.126
59.694 35.85 34.9900 12.7 0.863 1.023
59.743 35.86 34.9700 13.3 0.886 1.096
59.794 35.87 34.9700 13.7 0.899 1.137
59.844 35.88 35.0100 12.8 0.868 1.034
59.894 35.89 35.0400 12.2 0.846 0.962
59.944 35.90 35.0400 12.5 0.856 0.994
59.994 35.91 35.0400 12.9 0.873 1.047
60.045 35.92 35.0600 12.4 0.854 0.985
60.094 35.93 35.0700 12.4 0.854 0.986
60.144 35.94 35.0800 12.4 0.855 0.987
60.194 35.95 34.9800 15.4 0.967 1.349
60.243 35.96 35.0900 12.9 0.872 1.038
60.294 35.97 35.0500 14.2 0.923 1.204
60.344 35.98 35.0700 13.8 0.908 1.152
60.394 35.99 35.1200 12.9 0.873 1.039
60.444 36.00 35.1000 13.5 0.896 1.111
60.494 36.01 35.1200 13.3 0.890 1.091
60.545 36.02 35.1400 13.1 0.881 1.061
60.594 36.03 35.1000 14.4 0.932 1.226
60.644 36.04 35.1700 12.8 0.873 1.030
60.695 36.05 35.1400 13.7 0.905 1.134
60.744 36.06 35.1400 14.0 0.918 1.175
60.795 36.07 35.1400 14.3 0.928 1.206
60.845 36.08 35.1600 13.9 0.916 1.165
60.895 36.09 35.2400 12.1 0.847 0.939
60.944 36.10 35.2000 13.5 0.901 1.115
60.992 36.11 35.2100 13.4 0.895 1.094
61.043 36.12 35.1900 14.2 0.927 1.198
61.093 36.13 35.2100 14.0 0.919 1.167
61.143 36.14 35.2200 14.0 0.919 1.167
61.193 36.15 35.2000 14.7 0.948 1.260
61.242 36.16 35.2100 14.7 0.945 1.249
61.294 36.17 35.2400 14.2 0.927 1.188
61.344 36.18 35.2500 14.2 0.928 1.188
61.393 36.19 35.2600 14.2 0.931 1.198
61.443 36.20 35.2800 13.8 0.916 1.147
61.492 36.21 35.3000 13.6 0.907 1.117
61.543 36.22 35.3000 13.8 0.917 1.148
61.593 36.23 35.3000 14.1 0.927 1.179
61.643 36.24 35.2900 14.8 0.953 1.261
61.693 36.25 35.3900 12.3 0.862 0.964
61.742 36.26 35.3400 13.8 0.916 1.139
61.793 36.27 35.3300 14.4 0.942 1.222
61.844 36.28 35.3300 14.5 0.946 1.232
61.894 36.29 35.3700 13.9 0.924 1.160
61.943 36.30 35.4000 13.3 0.900 1.079
61.992 36.31 35.3400 15.1 0.969 1.304
62.043 36.32 35.3700 14.6 0.951 1.243
62.093 36.33 35.3800 14.5 0.945 1.223
62.143 36.34 35.4000 14.2 0.936 1.192
62.193 36.35 35.3500 15.8 0.997 1.386
62.242 36.36 35.4400 13.8 0.922 1.140
62.293 36.37 35.4300 14.3 0.941 1.202
62.343 36.38 35.4200 14.9 0.964 1.274
62.394 36.39 35.4100 15.4 0.983 1.335
62.443 36.40 35.4700 14.0 0.930 1.161
62.492 36.41 35.4600 14.4 0.947 1.213
62.543 36.42 35.4400 15.2 0.979 1.315
62.593 36.43 35.4300 15.8 1.001 1.387
62.643 36.44 35.4400 15.8 1.002 1.386
62.693 36.45 35.4800 14.8 0.965 1.263
62.742 36.46 35.4800 15.1 0.975 1.294
62.793 36.47 35.4700 15.7 0.997 1.365
62.843 36.48 35.5000 15.2 0.979 1.303
62.893 36.49 35.5300 14.5 0.955 1.222
62.943 36.50 35.5100 15.3 0.986 1.324
62.993 36.51 35.5500 14.7 0.962 1.242
63.044 36.52 35.5200 15.7 1.000 1.365
63.094 36.53 35.5400 15.4 0.991 1.334
63.143 36.54 35.5400 15.6 0.998 1.354
63.193 36.55 35.5300 16.0 1.015 1.405
63.242 36.56 35.5100 16.9 1.050 1.516
63.293 36.57 35.5300 16.8 1.044 1.495
63.343 36.58 35.6000 15.1 0.982 1.290
63.393 36.59 35.5800 15.9 1.014 1.392
63.443 36.60 35.6300 14.8 0.971 1.249
63.493 36.61 35.6000 15.7 1.006 1.362
63.544 36.62 35.6000 16.1 1.022 1.412
63.593 36.63 35.6400 15.2 0.988 1.300
63.643 36.64 35.6000 16.5 1.039 1.463
63.693 36.65 35.6600 15.1 0.986 1.289
63.742 36.66 35.6400 15.8 1.015 1.381
63.793 36.67 35.6000 17.4 1.072 1.563
63.843 36.68 35.6700 15.6 1.007 1.350
63.893 36.69 35.6300 16.9 1.055 1.502
63.943 36.70 35.6800 15.8 1.018 1.378
63.993 36.71 35.6600 16.7 1.050 1.480
64.044 36.72 35.6500 17.3 1.072 1.551
64.093 36.73 35.6700 16.8 1.057 1.499
64.143 36.74 35.6900 16.7 1.052 1.478
64.193 36.75 35.7500 15.3 1.002 1.315
64.242 36.76 35.7200 16.4 1.043 1.447
64.293 36.77 35.7300 16.2 1.038 1.426
64.343 36.78 35.8000 14.8 0.982 1.243
64.394 36.79 35.7300 16.7 1.055 1.477
64.443 36.80 35.7400 16.8 1.058 1.487
64.492 36.81 35.7000 18.2 1.112 1.658
64.543 36.82 35.7700 16.4 1.047 1.444
64.593 36.83 35.7600 17.1 1.073 1.525
64.643 36.84 35.7700 16.9 1.067 1.504
64.693 36.85 35.7200 18.5 1.127 1.696
64.742 36.86 35.7500 17.9 1.106 1.624
64.793 36.87 35.8000 17.0 1.072 1.511
64.843 36.88 35.8000 17.1 1.076 1.520
64.893 36.89 35.7900 17.6 1.099 1.591
64.943 36.90 35.7600 18.7 1.140 1.722
64.993 36.91 35.8000 17.8 1.106 1.608
65.044 36.92 35.9100 15.1 1.007 1.284
65.093 36.93 35.8400 17.3 1.089 1.547
65.143 36.94 35.8800 16.6 1.062 1.456
65.193 36.95 35.7900 19.0 1.155 1.758
65.243 36.96 35.8900 16.8 1.072 1.484
65.293 36.97 35.8700 17.4 1.098 1.565
65.344 36.98 35.8900 17.3 1.092 1.544
65.395 36.99 35.8800 17.9 1.115 1.614
65.444 37.00 35.8900 17.8 1.112 1.603
65.493 37.01 35.8500 19.1 1.163 1.764
65.544 37.02 35.9100 17.6 1.107 1.580
65.594 37.03 35.9500 16.9 1.083 1.499
65.644 37.04 35.9000 18.3 1.137 1.670
65.694 37.05 35.9400 17.6 1.109 1.578
65.743 37.06 35.9500 17.5 1.107 1.567
65.794 37.07 35.9400 18.2 1.133 1.648
65.845 37.08 35.9600 17.8 1.121 1.606
65.895 37.09 35.9600 18.1 1.131 1.635
65.944 37.10 36.0000 17.2 1.100 1.534
65.993 37.11 35.9700 18.2 1.138 1.655
66.044 37.12 35.9800 18.2 1.139 1.653
66.094 37.13 35.9600 19.0 1.168 1.743
66.144 37.14 35.9800 18.6 1.156 1.702
66.194 37.15 36.0500 17.1 1.101 1.519
66.244 37.16 36.0100 18.5 1.154 1.690
66.295 37.17 36.0400 17.9 1.133 1.619
66.345 37.18 36.0400 18.0 1.137 1.628
66.394 37.19 36.0500 18.2 1.144 1.647
66.444 37.20 36.0600 18.1 1.142 1.636
66.493 37.21 36.0400 18.8 1.167 1.716
66.544 37.22 36.0800 17.9 1.137 1.614
66.594 37.23 36.1200 17.2 1.110 1.523
66.644 37.24 36.1000 17.9 1.138 1.613
66.694 37.25 36.1000 18.1 1.145 1.633
66.744 37.26 36.1400 17.5 1.124 1.562
66.794 37.27 36.0300 20.6 1.243 1.944
66.844 37.28 36.1200 18.3 1.157 1.660
66.894 37.29 36.1400 18.0 1.145 1.619
66.944 37.30 36.1200 19.0 1.183 1.739
66.994 37.31 36.0900 19.9 1.218 1.849
67.045 37.32 36.1700 18.1 1.150 1.626
67.094 37.33 36.1200 19.5 1.207 1.806
67.144 37.34 36.1400 19.4 1.204 1.795
67.194 37.35 36.1800 18.6 1.174 1.693
67.243 37.36 36.1700 19.1 1.194 1.752
67.294 37.37 36.1900 18.8 1.182 1.712
67.344 37.38 36.2600 17.1 1.121 1.510
67.395 37.39 36.1800 19.6 1.214 1.811
67.444 37.40 36.2000 19.1 1.197 1.750
67.493 37.41 36.2800 17.3 1.129 1.528
67.544 37.42 36.2300 19.0 1.195 1.738
67.594 37.43 36.2200 19.3 1.208 1.777
67.644 37.44 36.2400 19.2 1.202 1.756
67.694 37.45 36.2300 19.6 1.219 1.805
67.743 37.46 36.2500 19.4 1.213 1.784
67.795 37.47 36.2700 19.1 1.205 1.753
67.844 37.48 36.2700 19.2 1.209 1.762
67.894 37.49 36.2700 19.4 1.216 1.781
67.944 37.50 36.2800 19.4 1.216 1.780
67.993 37.51 36.2900 19.5 1.220 1.789
68.044 37.52 36.2800 19.9 1.240 1.848
68.094 37.53 36.3100 19.4 1.222 1.786
68.144 37.54 36.3100 19.8 1.235 1.826
68.195 37.55 36.3500 18.7 1.196 1.695
68.243 37.56 36.3600 18.9 1.203 1.714
68.294 37.57 36.3000 20.7 1.274 1.943
68.344 37.58 36.3200 20.3 1.260 1.892
68.394 37.59 36.3800 18.9 1.208 1.720
68.444 37.60 36.3600 19.7 1.240 1.819
68.493 37.61 36.3900 19.2 1.219 1.748
68.545 37.62 36.4000 19.2 1.222 1.757
68.595 37.63 36.3400 21.0 1.288 1.967
68.644 37.64 36.3700 20.4 1.267 1.895
68.694 37.65 36.3900 20.0 1.256 1.854
68.744 37.66 36.4600 18.6 1.204 1.683
68.795 37.67 36.4300 19.6 1.242 1.802
68.844 37.68 36.4400 19.5 1.237 1.781
68.894 37.69 36.4700 18.9 1.216 1.710
68.944 37.70 36.4600 19.6 1.244 1.800
68.993 37.71 36.4400 20.4 1.273 1.889
69.044 37.72 36.4700 19.8 1.252 1.818
69.094 37.73 36.4600 20.2 1.271 1.876
69.145 37.74 36.4900 19.8 1.254 1.816
69.195 37.75 36.5100 19.3 1.236 1.755
69.243 37.76 36.5000 19.8 1.258 1.824
69.294 37.77 36.5000 20.2 1.272 1.863
69.344 37.78 36.5100 20.0 1.266 1.842
69.394 37.79 36.5500 19.2 1.239 1.751
69.444 37.80 36.5600 19.3 1.240 1.751
69.493 37.81 36.5100 20.7 1.296 1.930
69.545 37.82 36.5300 20.6 1.294 1.918
69.595 37.83 36.5400 20.5 1.289 1.897
69.644 37.84 36.5300 20.9 1.308 1.956
69.694 37.85 36.5300 21.3 1.321 1.994
69.743 37.86 36.5500 20.9 1.309 1.953
69.794 37.87 36.6000 19.8 1.267 1.812
69.844 37.88 36.5900 20.4 1.290 1.881
69.894 37.89 36.5900 20.5 1.297 1.901
69.944 37.90 36.5500 21.8 1.347 2.058
69.994 37.91 36.5900 21.1 1.320 1.967
70.045 37.92 36.6100 20.8 1.311 1.936
70.094 37.93 36.6600 19.6 1.266 1.785
70.144 37.94 36.6200 21.1 1.322 1.964
70.194 37.95 36.6200 21.4 1.335 2.002
70.243 37.96 36.6400 21.0 1.321 1.951
70.294 37.97 36.6600 20.6 1.310 1.911
70.344 37.98 36.6600 20.8 1.316 1.929
70.395 37.99 36.6700 20.8 1.317 1.929
70.444 38.00 36.6900 20.6 1.312 1.908
70.493 38.01 36.6700 21.4 1.344 2.006
70.544 38.02 36.6900 21.1 1.332 1.965
70.594 38.03 36.6900 21.2 1.339 1.983
70.644 38.04 36.7200 20.8 1.325 1.932
70.694 38.05 36.7200 20.9 1.329 1.941
70.743 38.06 36.7300 21.1 1.335 1.960
70.795 38.07 36.7100 21.6 1.358 2.029
70.844 38.08 36.7600 20.5 1.316 1.888
70.894 38.09 36.7100 22.2 1.381 2.095
70.944 38.10 36.7600 21.0 1.336 1.945
70.993 38.11 36.7500 21.6 1.361 2.023
71.045 38.12 36.7800 20.9 1.338 1.943
71.095 38.13 36.7900 21.0 1.342 1.952
71.144 38.14 36.8200 20.4 1.318 1.872
71.194 38.15 36.8100 20.9 1.337 1.931
71.243 38.16 36.8100 21.3 1.353 1.979
71.294 38.17 36.8000 21.7 1.372 2.037
71.344 38.18 36.8200 21.4 1.361 1.996
71.395 38.19 36.8600 20.6 1.332 1.897
71.444 38.20 36.8500 21.2 1.354 1.965
71.495 38.21 36.8400 21.6 1.370 2.013
71.546 38.22 36.9000 20.3 1.325 1.864
71.594 38.23 36.8600 21.5 1.369 2.002
71.645 38.24 36.8700 21.5 1.369 2.001
71.695 38.25 36.8700 21.8 1.383 2.039
71.744 38.26 36.9000 21.3 1.365 1.978
71.795 38.27 36.9200 21.0 1.354 1.939
71.845 38.28 36.9400 20.7 1.346 1.908
71.895 38.29 36.9000 21.8 1.386 2.036
71.945 38.30 36.9500 20.8 1.351 1.916
71.995 38.31 36.9500 21.0 1.361 1.945
72.046 38.32 36.9400 21.5 1.380 2.004
72.095 38.33 36.9000 22.7 1.426 2.151
72.145 38.34 36.9700 21.2 1.369 1.962
72.195 38.35 36.9900 20.9 1.361 1.932
72.244 38.36 36.9900 21.2 1.371 1.961
72.295 38.37 36.9600 22.1 1.409 2.078
72.345 38.38 37.0100 21.1 1.370 1.948
72.396 38.39 37.0100 21.4 1.383 1.988
72.446 38.40 37.0000 22.0 1.405 2.056
72.494 38.41 37.0400 21.0 1.370 1.937
72.545 38.42 37.0100 22.0 1.407 2.054
72.595 38.43 37.0300 21.8 1.402 2.033
72.645 38.44 37.0500 21.6 1.394 2.003
72.695 38.45 37.0600 21.6 1.395 2.002
72.744 38.46 37.0900 21.0 1.375 1.933
72.796 38.47 37.0700 21.6 1.397 2.001
72.845 38.48 37.0800 21.7 1.403 2.020
72.895 38.49 37.1000 21.4 1.392 1.979
72.945 38.50 37.0900 21.8 1.409 2.028
72.994 38.51 37.1400 20.7 1.367 1.890
73.046 38.52 37.0700 22.8 1.447 2.145
73.096 38.53 37.1800 20.2 1.351 1.829
73.145 38.54 37.1100 22.4 1.433 2.095
73.195 38.55 37.1500 21.5 1.401 1.985
73.244 38.56 37.2200 19.9 1.342 1.789
73.295 38.57 37.1700 21.5 1.403 1.985
73.345 38.58 37.1800 21.5 1.404 1.985
73.395 38.59 37.1200 23.3 1.474 2.210
73.446 38.60 37.1700 22.2 1.433 2.071
73.494 38.61 37.1800 22.2 1.434 2.070
73.545 38.62 37.2100 21.5 1.408 1.981
73.595 38.63 37.1300 23.9 1.502 2.284
73.645 38.64 37.1800 22.9 1.464 2.155
73.695 38.65 37.2300 21.8 1.423 2.017
73.744 38.66 37.2300 21.9 1.430 2.036
73.795 38.67 37.2300 22.3 1.446 2.084
73.845 38.68 37.3700 18.8 1.314 1.653
73.896 38.69 37.2600 21.8 1.427 2.016
73.945 38.70 37.3300 20.2 1.367 1.820
73.994 38.71 37.3200 20.8 1.392 1.898
74.045 38.72 37.3000 21.5 1.420 1.986
74.095 38.73 37.2600 22.8 1.470 2.143
74.145 38.74 37.3400 21.1 1.404 1.926
74.195 38.75 37.2900 22.5 1.460 2.102
74.245 38.76 37.2700 23.3 1.491 2.199
74.296 38.77 37.3100 22.6 1.464 2.110
74.345 38.78 37.2800 23.6 1.505 2.237
74.395 38.79 37.3100 23.0 1.484 2.166
74.445 38.80 37.3700 21.7 1.434 1.999
74.494 38.81 37.3300 22.8 1.477 2.136
74.545 38.82 37.3400 22.8 1.479 2.135
74.595 38.83 37.3800 22.1 1.452 2.046
74.646 38.84 37.3600 22.9 1.486 2.153
74.695 38.85 37.3900 22.4 1.466 2.084
74.744 38.86 37.3700 23.0 1.491 2.161
74.796 38.87 37.4200 22.1 1.456 2.043
74.846 38.88 37.3600 23.9 1.527 2.267
74.895 38.89 37.3900 23.3 1.503 2.188
74.945 38.90 37.4500 22.0 1.456 2.030
74.994 38.91 37.4300 22.5 1.478 2.098
75.045 38.92 37.4500 22.5 1.476 2.088
75.095 38.93 37.4600 22.2 1.468 2.058
75.145 38.94 37.4500 22.8 1.491 2.126
75.195 38.95 37.4800 22.3 1.473 2.067
75.244 38.96 37.4300 23.7 1.528 2.242
75.296 38.97 37.4800 22.7 1.490 2.114
75.345 38.98 37.4800 22.9 1.500 2.143
75.395 38.99 37.4800 23.1 1.507 2.161
75.445 39.00 37.4800 23.5 1.523 2.209
75.494 39.01 37.5100 22.8 1.498 2.121
75.545 39.02 37.5400 22.4 1.484 2.071
75.595 39.03 37.5300 22.8 1.503 2.129
75.645 39.04 37.5300 23.2 1.516 2.168
75.696 39.05 37.5600 22.5 1.493 2.090
75.745 39.06 37.5700 22.4 1.488 2.069
75.795 39.07 37.6000 21.9 1.471 2.011
75.845 39.08 37.6400 21.1 1.442 1.914
75.895 39.09 37.5700 23.3 1.524 2.177
75.945 39.10 37.6000 22.8 1.507 2.118
75.994 39.11 37.6000 22.8 1.508 2.117
76.045 39.12 37.6400 22.1 1.485 2.040
76.095 39.13 37.6400 22.3 1.492 2.058
76.146 39.14 37.6500 22.1 1.487 2.039
76.195 39.15 37.6500 22.5 1.500 2.078
76.244 39.16 37.6300 23.3 1.531 2.175
76.295 39.17 37.7400 20.6 1.431 1.845
76.345 39.18 37.7000 22.0 1.485 2.020
76.395 39.19 37.6800 22.6 1.510 2.097
76.445 39.20 37.6800 23.0 1.526 2.145
76.494 39.21 37.7300 21.9 1.486 2.009
76.546 39.22 37.7200 22.3 1.501 2.058
76.596 39.23 37.6600 24.2 1.571 2.281
76.645 39.24 37.7400 22.3 1.504 2.057
76.695 39.25 37.7500 22.2 1.499 2.038
76.744 39.26 37.7100 23.5 1.551 2.203
76.795 39.27 37.7700 22.2 1.501 2.038
76.845 39.28 37.7300 23.5 1.550 2.192
76.895 39.29 37.7600 22.9 1.530 2.124
76.945 39.30 37.8100 21.8 1.489 1.988
76.994 39.31 37.7700 23.1 1.538 2.143
77.045 39.32 37.7100 24.9 1.608 2.366
77.095 39.33 37.7900 23.2 1.546 2.161
77.146 39.34 37.8400 22.0 1.500 2.006
77.196 39.35 37.8400 22.4 1.516 2.055
77.244 39.36 37.8200 23.1 1.543 2.142
77.295 39.37 37.8300 23.0 1.542 2.132
77.345 39.38 37.8300 23.2 1.548 2.151
77.395 39.39 37.8500 23.0 1.544 2.131
77.445 39.40 37.8500 23.1 1.548 2.141
77.494 39.41 37.9300 21.4 1.486 1.938
77.546 39.42 37.9100 22.2 1.514 2.026
77.596 39.43 37.9000 22.6 1.530 2.075
77.646 39.44 37.8600 23.9 1.582 2.239
77.696 39.45 37.9300 22.3 1.523 2.045
77.744 39.46 37.9500 22.1 1.516 2.017
77.796 39.47 37.9900 21.3 1.487 1.921
77.846 39.48 37.9200 23.2 1.559 2.153
77.896 39.49 37.9200 23.6 1.575 2.201
77.946 39.50 37.9500 22.9 1.550 2.114
77.995 39.51 37.9500 23.2 1.560 2.143
78.047 39.52 37.9800 22.7 1.543 2.086
78.096 39.53 38.0000 22.5 1.535 2.057
78.146 39.54 38.0100 22.5 1.536 2.057
78.196 39.55 38.0000 22.9 1.555 2.115
78.245 39.56 38.0100 22.9 1.556 2.115
78.296 39.57 38.0100 23.1 1.564 2.135
78.346 39.58 38.0700 21.6 1.508 1.952
78.397 39.59 38.0900 21.6 1.507 1.943
78.447 39.60 38.0400 23.1 1.567 2.137
78.495 39.61 38.0700 22.6 1.547 2.069
78.546 39.62 38.0500 23.2 1.572 2.147
78.596 39.63 38.0900 22.3 1.538 2.031
78.646 39.64 38.1100 22.1 1.530 2.003
78.696 39.65 38.1000 22.6 1.549 2.062
78.745 39.66 38.0800 23.4 1.583 2.168
78.796 39.67 38.1000 23.0 1.569 2.120
78.846 39.68 38.1400 22.2 1.538 2.015
78.896 39.69 38.1100 23.3 1.580 2.150
78.946 39.70 38.1400 22.8 1.563 2.092
78.995 39.71 38.1500 22.8 1.565 2.092
79.046 39.72 38.1600 22.8 1.563 2.083
79.096 39.73 38.1500 23.2 1.582 2.142
79.146 39.74 38.1700 23.1 1.577 2.123
79.197 39.75 38.1700 23.2 1.581 2.133
79.245 39.76 38.1900 22.9 1.573 2.104
79.296 39.77 38.2100 22.6 1.563 2.066
79.346 39.78 38.1900 23.3 1.588 2.144
79.396 39.79 38.2200 22.8 1.571 2.087
79.446 39.80 38.2200 23.1 1.581 2.116
79.495 39.81 38.2700 22.0 1.544 1.992
79.547 39.82 38.2400 23.1 1.583 2.117
79.597 39.83 38.3000 21.8 1.537 1.964
79.646 39.84 38.2700 22.6 1.568 2.061
79.696 39.85 38.2900 22.5 1.563 2.043
79.745 39.86 38.3200 22.0 1.547 1.986
79.796 39.87 38.2700 23.4 1.598 2.150
79.846 39.88 38.2500 24.1 1.629 2.246
79.896 39.89 38.2900 23.5 1.606 2.169
79.947 39.90 38.3400 22.3 1.560 2.017
79.996 39.91 38.3100 23.3 1.600 2.142
80.046 39.92 38.3500 22.5 1.569 2.038
80.096 39.93 38.3300 23.4 1.605 2.153
80.146 39.94 38.3300 23.5 1.609 2.163
80.196 39.95 38.2900 25.0 1.666 2.345
80.245 39.96 38.3300 24.0 1.629 2.220
80.296 39.97 38.3800 22.9 1.589 2.087
80.347 39.98 38.3800 23.2 1.602 2.126
80.397 39.99 38.4300 22.1 1.562 1.993
80.446 40.00 38.4600 21.6 1.543 1.927
80.495 40.01 38.3700 24.3 1.647 2.263
80.546 40.02 38.4700 21.9 1.557 1.967
80.596 40.03 38.4600 22.3 1.573 2.016
80.646 40.04 38.4600 22.7 1.586 2.055
80.696 40.05 38.4300 23.7 1.625 2.180
80.745 40.06 38.4900 22.4 1.577 2.019
80.797 40.07 38.5300 21.4 1.543 1.906
80.847 40.08 38.5200 22.0 1.564 1.974
80.896 40.09 38.5500 21.5 1.545 1.909
80.946 40.10 38.5100 22.8 1.596 2.072
80.995 40.11 38.5300 22.5 1.586 2.035
81.047 40.12 38.5200 22.9 1.599 2.075
81.097 40.13 38.5500 22.4 1.582 2.018
81.146 40.14 38.5500 22.6 1.592 2.048
81.196 40.15 38.6000 21.5 1.550 1.907
81.245 40.16 38.5700 22.5 1.589 2.032
81.296 40.17 38.5700 22.8 1.602 2.071
81.346 40.18 38.6200 21.7 1.559 1.929
81.396 40.19 38.5700 23.5 1.628 2.150
81.447 40.20 38.6000 22.7 1.600 2.056
81.495 40.21 38.6300 22.4 1.586 2.010
81.546 40.22 38.5400 24.8 1.678 2.306
81.596 40.23 38.5900 23.9 1.644 2.191
81.646 40.24 38.6600 22.2 1.584 1.993
81.696 40.25 38.6700 22.1 1.579 1.975
81.745 40.26 38.6400 23.4 1.628 2.129
81.796 40.27 38.6700 22.7 1.603 2.044
81.846 40.28 38.6800 22.7 1.604 2.046
81.897 40.29 38.7100 22.1 1.585 1.980
81.947 40.30 38.6800 23.1 1.621 2.096
81.995 40.31 38.7000 22.9 1.613 2.068
82.046 40.32 38.7200 22.5 1.600 2.022
82.096 40.33 38.7300 22.6 1.604 2.033
82.146 40.34 38.7000 23.6 1.643 2.158
82.196 40.35 38.7100 23.7 1.648 2.168
82.245 40.36 38.7400 23.0 1.623 2.084
82.297 40.37 38.7500 23.0 1.621 2.075
82.346 40.38 38.8000 22.0 1.584 1.954
82.396 40.39 38.7700 23.0 1.623 2.078
82.446 40.40 38.8000 22.3 1.598 1.994
82.495 40.41 38.8000 22.8 1.617 2.053
82.546 40.42 38.8300 22.0 1.589 1.960
82.596 40.43 38.8600 21.7 1.576 1.915
82.646 40.44 38.8000 23.3 1.638 2.115
82.697 40.45 38.8500 22.4 1.605 2.003
82.745 40.46 38.8300 23.3 1.638 2.108
82.796 40.47 38.8600 22.7 1.616 2.034
82.846 40.48 38.8700 22.6 1.615 2.026
82.897 40.49 38.8600 23.0 1.630 2.075
82.946 40.50 38.8900 22.4 1.609 2.001
82.995 40.51 38.8800 23.0 1.633 2.078
83.046 40.52 38.9200 22.4 1.608 1.995
83.096 40.53 38.9500 21.7 1.583 1.911
83.146 40.54 38.9700 21.5 1.576 1.886
83.196 40.55 38.9300 22.7 1.621 2.030
83.245 40.56 38.9500 22.4 1.613 2.002
83.297 40.57 38.9700 22.2 1.606 1.976
83.347 40.58 38.9600 22.6 1.619 2.016
83.396 40.59 38.9500 23.1 1.641 2.084
83.446 40.60 39.0000 22.1 1.601 1.953
83.495 40.61 39.0300 21.6 1.585 1.899
83.546 40.62 38.9900 22.8 1.630 2.042
83.596 40.63 39.0500 21.6 1.585 1.894
83.646 40.64 39.0500 21.8 1.595 1.924
83.697 40.65 39.0600 21.8 1.593 1.917
83.746 40.66 39.0600 22.0 1.603 1.947
83.797 40.67 39.0600 22.3 1.613 1.978
83.847 40.68 39.0900 21.8 1.597 1.924
83.896 40.69 39.1000 21.7 1.593 1.907
83.947 40.70 39.0900 22.4 1.617 1.985
83.996 40.71 39.0900 22.6 1.627 2.015
84.047 40.72 39.1200 21.8 1.600 1.922
84.097 40.73 39.1400 21.6 1.592 1.897
84.148 40.74 39.1100 22.8 1.637 2.040
84.198 40.75 39.1600 21.8 1.598 1.911
84.246 40.76 39.1100 23.2 1.654 2.091
84.297 40.77 39.1800 21.6 1.595 1.896
84.347 40.78 39.0500 25.4 1.738 2.359
84.397 40.79 39.1700 22.4 1.624 1.983
84.447 40.80 39.1600 22.8 1.639 2.032
84.497 40.81 39.1900 22.3 1.623 1.978
84.548 40.82 39.2100 22.1 1.616 1.952
84.597 40.83 39.1900 22.8 1.641 2.030
84.647 40.84 39.2400 21.9 1.607 1.919
84.697 40.85 39.2700 21.4 1.588 1.855
84.746 40.86 39.2600 21.7 1.601 1.896
84.797 40.87 39.2500 22.2 1.623 1.964
84.847 40.88 39.2600 22.4 1.627 1.975
84.897 40.89 39.2400 23.1 1.654 2.062
84.947 40.90 39.2900 21.9 1.613 1.924
84.996 40.91 39.3100 21.7 1.605 1.898
85.047 40.92 39.3300 21.3 1.589 1.844
85.097 40.93 39.3400 21.3 1.591 1.848
85.147 40.94 39.3200 22.2 1.624 1.953
85.198 40.95 39.3400 21.8 1.611 1.909
85.246 40.96 39.3800 21.2 1.586 1.827
85.297 40.97 39.3500 22.0 1.619 1.933
85.347 40.98 39.3900 21.2 1.589 1.833
85.397 40.99 39.4400 20.2 1.553 1.714
85.447 41.00 39.4100 21.4 1.597 1.858
85.496 41.01 39.4700 19.9 1.542 1.674
85.548 41.02 39.4300 21.3 1.595 1.846
85.597 41.03 39.4500 21.1 1.585 1.812
85.647 41.04 39.4200 22.0 1.620 1.927
85.697 41.05 39.4500 21.5 1.602 1.864
85.746 41.06 39.4800 21.0 1.583 1.801
85.797 41.07 39.5200 20.1 1.550 1.693
85.847 41.08 39.4400 22.7 1.649 2.013
85.897 41.09 39.4800 21.9 1.619 1.913
85.948 41.10 39.5200 21.1 1.589 1.814
85.997 41.11 39.4700 22.5 1.642 1.984
86.047 41.12 39.5200 21.4 1.600 1.847
86.097 41.13 39.5000 22.4 1.639 1.971
86.147 41.14 39.5200 22.1 1.629 1.937
86.197 41.15 39.5500 21.4 1.601 1.846
86.246 41.16 39.5500 21.7 1.614 1.886
86.297 41.17 39.5800 21.3 1.599 1.833
86.348 41.18 39.5800 21.3 1.600 1.836
86.397 41.19 39.6200 20.5 1.570 1.737
86.447 41.20 39.6400 20.3 1.563 1.713
86.496 41.21 39.6000 21.6 1.613 1.875
86.547 41.22 39.6400 20.9 1.586 1.785
86.597 41.23 39.6400 21.1 1.593 1.807
86.647 41.24 39.6600 20.8 1.583 1.773
86.698 41.25 39.6700 20.9 1.584 1.777
86.747 41.26 39.7000 20.4 1.566 1.715
86.797 41.27 39.6700 21.4 1.604 1.839
86.847 41.28 39.7000 20.9 1.586 1.777
86.898 41.29 39.7200 20.6 1.576 1.744
86.948 41.30 39.7100 21.0 1.591 1.794
86.996 41.31 39.7200 21.2 1.599 1.816
87.047 41.32 39.7800 19.9 1.549 1.652
87.097 41.33 39.7000 22.2 1.636 1.935
87.147 41.34 39.7600 20.8 1.586 1.771
87.197 41.35 39.7800 20.6 1.579 1.746
87.246 41.36 39.7800 20.8 1.586 1.768
87.298 41.37 39.7600 21.5 1.610 1.846
87.347 41.38 39.8000 20.7 1.580 1.748
87.397 41.39 39.8400 20.0 1.556 1.668
87.447 41.40 39.8800 19.2 1.526 1.570
87.496 41.41 39.8400 20.4 1.570 1.714
87.547 41.42 39.8700 19.9 1.552 1.653
87.597 41.43 39.8400 21.1 1.596 1.795
87.648 41.44 39.8400 21.3 1.603 1.818
87.698 41.45 39.8800 20.5 1.576 1.729
87.746 41.46 39.9000 20.1 1.561 1.677
87.797 41.47 39.9100 20.1 1.562 1.681
87.847 41.48 39.9100 20.4 1.572 1.713
87.897 41.49 39.9100 20.7 1.582 1.744
87.947 41.50 39.9400 20.2 1.564 1.684
87.996 41.51 39.9200 21.0 1.594 1.780
88.048 41.52 39.9300 20.9 1.589 1.765
88.098 41.53 39.9800 19.8 1.551 1.640
88.147 41.54 40.0000 19.6 1.544 1.617
88.197 41.55 39.9900 20.3 1.568 1.695
88.246 41.56 39.9700 21.0 1.595 1.782
88.297 41.57 40.0100 20.1 1.563 1.674
88.347 41.58 40.0100 20.4 1.573 1.706
88.397 41.59 40.0700 19.2 1.529 1.563
88.448 41.60 40.0800 19.2 1.528 1.559
88.497 41.61 40.0700 19.8 1.549 1.628
88.547 41.62 40.0500 20.5 1.576 1.715
88.597 41.63 40.0800 19.8 1.552 1.637
88.647 41.64 40.1300 18.8 1.511 1.503
88.697 41.65 40.1100 19.6 1.541 1.600
88.746 41.66 40.1100 20.0 1.557 1.650
88.797 41.67 40.1200 19.9 1.552 1.636
88.848 41.68 40.1400 19.6 1.543 1.604
88.898 41.69 40.1000 20.8 1.589 1.756
88.948 41.70 40.1900 18.8 1.514 1.511
88.997 41.71 40.1500 20.2 1.564 1.672
89.047 41.72 40.1300 20.9 1.591 1.759
89.098 41.73 40.1900 19.6 1.542 1.598
89.147 41.74 40.1800 20.1 1.560 1.658
89.197 41.75 40.2200 19.3 1.531 1.561
89.246 41.76 40.2000 20.1 1.560 1.657
89.297 41.77 40.2200 19.8 1.551 1.625
89.347 41.78 40.2100 20.4 1.575 1.703
89.398 41.79 40.2000 20.9 1.590 1.753
89.448 41.80 40.3100 18.4 1.499 1.454
89.496 41.81 40.2700 19.7 1.546 1.607
89.547 41.82 40.2500 20.5 1.578 1.712
89.597 41.83 40.2500 20.6 1.583 1.726
89.647 41.84 40.2900 19.9 1.556 1.638
89.697 41.85 40.2800 20.5 1.577 1.707
89.746 41.86 40.3300 19.5 1.539 1.583
89.798 41.87 40.3200 20.0 1.558 1.642
89.849 41.88 40.3400 19.6 1.545 1.601
89.897 41.89 40.3600 19.4 1.536 1.569
89.948 41.90 40.3800 19.1 1.523 1.529
89.998 41.91 40.3800 19.4 1.536 1.570
90.047 41.92 40.3800 19.5 1.540 1.584
90.098 41.93 40.3700 20.1 1.561 1.653
90.148 41.94 40.4200 19.1 1.524 1.530
90.198 41.95 40.4000 19.9 1.553 1.626
90.248 41.96 40.4100 19.9 1.555 1.631
90.299 41.97 40.4100 20.2 1.565 1.663
90.348 41.98 40.4900 18.4 1.499 1.448
90.398 41.99 40.4700 19.1 1.526 1.536
90.448 42.00 40.4200 20.8 1.587 1.733
90.498 42.01 40.4700 19.7 1.549 1.609
90.548 42.02 40.5100 18.8 1.514 1.495
90.598 42.03 40.5500 18.0 1.484 1.400
90.648 42.04 40.5000 19.6 1.545 1.597
90.698 42.05 40.5400 18.9 1.519 1.511
90.748 42.06 40.5200 19.7 1.545 1.598
90.798 42.07 40.5300 19.6 1.544 1.594
90.848 42.08 40.5200 20.1 1.560 1.644
90.898 42.09 40.5700 19.2 1.528 1.539
90.948 42.10 40.5800 19.2 1.527 1.536
90.998 42.11 40.5800 19.4 1.537 1.568
91.048 42.12 40.5900 19.4 1.535 1.564
91.098 42.13 40.5800 20.0 1.557 1.633
91.148 42.14 40.6300 19.0 1.519 1.510
91.198 42.15 40.6400 18.9 1.515 1.497
91.248 42.16 40.6600 18.7 1.508 1.475
91.299 42.17 40.6300 19.7 1.546 1.599
91.349 42.18 40.6800 18.6 1.506 1.467
91.398 42.19 40.7000 18.4 1.496 1.436
91.448 42.20 40.6400 20.3 1.568 1.669
91.498 42.21 40.7100 18.6 1.502 1.455
91.548 42.22 40.7600 17.6 1.468 1.343
91.598 42.23 40.6800 19.9 1.553 1.621
91.648 42.24 40.7000 19.7 1.543 1.590
91.698 42.25 40.7300 19.3 1.528 1.541
91.748 42.26 40.7600 18.7 1.508 1.473
91.798 42.27 40.7500 19.1 1.523 1.524
91.848 42.28 40.7800 18.6 1.505 1.466
91.898 42.29 40.7200 20.6 1.580 1.708
91.948 42.30 40.7800 19.2 1.525 1.530
91.998 42.32 40.8000 18.9 1.513 1.491
92.048 42.33 40.8000 19.1 1.520 1.514
92.098 42.34 40.8500 18.2 1.488 1.410
92.149 42.35 40.8000 19.6 1.540 1.579
92.198 42.36 40.8800 17.8 1.472 1.358
92.248 42.37 40.8300 19.6 1.538 1.572
92.298 42.38 40.8600 19.0 1.517 1.505
92.348 42.39 40.8900 18.5 1.497 1.438
92.398 42.40 40.8800 18.9 1.515 1.498
92.448 42.41 40.8900 18.9 1.511 1.486
92.498 42.42 40.9000 19.0 1.516 1.501
92.549 42.43 40.8900 19.5 1.537 1.569
92.598 42.44 40.9600 18.0 1.477 1.375
92.648 42.45 40.9500 18.4 1.493 1.427
92.698 42.46 40.9500 18.7 1.505 1.468
92.748 42.47 40.9900 18.0 1.477 1.375
92.798 42.48 40.9500 19.4 1.528 1.544
92.848 42.49 40.9600 19.2 1.521 1.521
92.899 42.50 41.0000 18.5 1.496 1.437
92.948 42.51 40.9600 19.7 1.542 1.587
92.998 42.52 41.0400 17.8 1.471 1.358
93.048 42.53 40.9900 19.5 1.534 1.562
93.098 42.54 41.0700 17.8 1.469 1.351
93.149 42.55 41.0800 17.7 1.465 1.339
93.198 42.56 41.0100 19.7 1.542 1.589
93.248 42.57 41.0600 18.8 1.505 1.468
93.298 42.58 40.9500 22.1 1.628 1.871
93.348 42.59 41.1000 18.2 1.483 1.396
93.398 42.60 41.1500 17.3 1.448 1.285
93.448 42.61 41.0900 19.1 1.517 1.508
93.498 42.62 41.0900 19.2 1.521 1.523
93.548 42.63 41.1400 18.2 1.484 1.402
93.599 42.64 41.1100 19.2 1.522 1.525
93.648 42.65 41.1500 18.6 1.496 1.441
93.698 42.66 41.1800 18.1 1.478 1.383
93.748 42.67 41.2100 17.5 1.455 1.308
93.798 42.68 41.1900 18.3 1.484 1.405
93.848 42.69 41.1900 18.7 1.500 1.456
93.898 42.70 41.2100 18.2 1.482 1.399
93.948 42.71 41.2300 18.1 1.476 1.378
93.999 42.72 41.2100 18.8 1.502 1.465
94.048 42.73 41.2400 18.4 1.487 1.417
94.098 42.74 41.3100 16.7 1.423 1.207
94.148 42.75 41.2400 18.8 1.502 1.466
94.198 42.76 41.2700 18.4 1.487 1.418
94.248 42.77 41.3300 17.0 1.433 1.244
94.298 42.78 41.2300 19.9 1.543 1.601
94.348 42.79 41.2900 18.6 1.495 1.445
94.399 42.80 41.2800 19.3 1.519 1.522
94.448 42.81 41.3300 18.2 1.479 1.393
94.498 42.82 41.3400 18.2 1.478 1.390
94.548 42.83 41.3700 17.5 1.452 1.307
94.598 42.84 41.3700 18.0 1.470 1.367
94.648 42.85 41.3800 17.8 1.461 1.338
94.698 42.86 41.3700 18.6 1.490 1.434
94.748 42.87 41.3900 18.2 1.476 1.386
94.799 42.88 41.4300 17.5 1.450 1.303
94.849 42.89 41.3400 20.0 1.542 1.605
94.898 42.90 41.4200 18.2 1.475 1.386
94.948 42.91 41.4500 17.7 1.458 1.330
94.999 42.92 41.4200 18.7 1.495 1.452
95.048 42.93 41.4000 19.5 1.525 1.548
95.098 42.94 41.5000 17.1 1.435 1.258
95.148 42.95 41.4200 19.5 1.523 1.543
95.198 42.96 41.5000 17.6 1.453 1.315
95.248 42.97 41.5700 16.2 1.400 1.143
95.299 42.98 41.5000 18.3 1.478 1.401
95.349 42.99 41.5400 17.5 1.447 1.300
95.398 43.00 41.5400 17.6 1.452 1.315
95.448 43.01 41.5700 17.2 1.437 1.268
95.498 43.02 41.5700 17.4 1.444 1.293
95.548 43.03 41.5600 18.1 1.468 1.371
95.598 43.04 41.5400 18.8 1.494 1.457
95.648 43.05 41.6100 17.3 1.438 1.277
95.698 43.06 41.5700 18.6 1.487 1.435
95.749 43.07 41.6200 17.4 1.442 1.289
95.798 43.08 41.6500 17.0 1.424 1.233
95.848 43.09 41.6300 17.7 1.451 1.321
95.898 43.10 41.6700 17.0 1.425 1.238
95.948 43.11 41.6600 17.6 1.446 1.308
95.998 43.12 41.6400 18.3 1.473 1.395
96.048 43.13 41.6400 18.6 1.483 1.428
96.099 43.14 41.6700 18.1 1.465 1.371
96.149 43.15 41.7000 17.6 1.445 1.307
96.199 43.16 41.7200 17.3 1.433 1.268
96.250 43.17 41.7300 17.4 1.438 1.285
96.299 43.18 41.7400 17.3 1.432 1.265
96.349 43.19 41.7700 16.9 1.417 1.218
96.399 43.20 41.7500 17.6 1.443 1.305
96.448 43.21 41.7600 17.7 1.445 1.312
96.499 43.22 41.7700 17.8 1.450 1.327
96.549 43.23 41.7800 17.8 1.449 1.325
96.600 43.24 41.7800 17.9 1.453 1.341
96.649 43.25 41.8300 17.0 1.420 1.232
96.698 43.26 41.8100 17.8 1.449 1.328
96.749 43.27 41.8500 16.9 1.415 1.219
96.799 43.28 41.8400 17.5 1.436 1.288
96.849 43.29 41.8800 16.7 1.405 1.188
96.899 43.30 41.8500 17.8 1.445 1.320
96.949 43.31 41.9000 16.7 1.406 1.194
97.000 43.32 41.8800 17.5 1.435 1.289
97.049 43.33 41.8900 17.5 1.434 1.288
97.099 43.34 41.9500 16.1 1.381 1.117
97.150 43.35 41.9200 17.4 1.430 1.275
97.198 43.36 41.9400 17.2 1.420 1.247
97.249 43.37 41.9500 17.0 1.414 1.227
97.299 43.38 41.9700 16.9 1.410 1.216
97.349 43.39 41.9700 17.2 1.420 1.250
97.399 43.40 41.9700 17.5 1.430 1.284
97.448 43.41 41.9800 17.2 1.421 1.255
97.499 43.42 42.0200 16.6 1.396 1.174
97.550 43.43 42.0000 17.4 1.425 1.270
97.599 43.44 42.0300 16.8 1.402 1.197
97.649 43.45 42.0600 16.5 1.391 1.160
97.698 43.46 42.0300 17.3 1.422 1.265
97.749 43.47 42.0700 16.6 1.394 1.175
97.799 43.48 42.0900 16.4 1.385 1.147
97.849 43.49 42.0800 16.9 1.404 1.207
97.899 43.50 42.1800 14.6 1.318 0.932
97.948 43.51 42.0900 17.4 1.421 1.267
98.000 43.52 42.1000 17.2 1.414 1.247
98.050 43.53 42.1300 16.8 1.397 1.193
98.099 43.54 42.1100 17.5 1.426 1.288
98.149 43.55 42.1700 16.2 1.377 1.127
98.198 43.56 42.2000 15.6 1.351 1.047
98.249 43.57 42.1500 17.4 1.418 1.266
98.299 43.58 42.1700 17.1 1.409 1.239
98.349 43.59 42.1800 17.1 1.406 1.228
98.400 43.60 42.1700 17.5 1.421 1.279
98.449 43.61 42.2100 16.9 1.399 1.207
98.499 43.62 42.2200 16.9 1.398 1.206
98.549 43.63 42.2500 16.3 1.375 1.133
98.599 43.64 42.2300 17.2 1.407 1.238
98.649 43.65 42.2300 17.4 1.417 1.272
98.698 43.66 42.2500 17.2 1.408 1.244
98.749 43.67 42.2900 16.4 1.378 1.145
98.800 43.68 42.2900 16.8 1.390 1.187
98.850 43.69 42.3100 16.5 1.381 1.159
98.899 43.70 42.2800 17.5 1.418 1.282
98.948 43.71 42.3300 16.4 1.377 1.148
99.000 43.72 42.3000 17.6 1.419 1.288
99.050 43.73 42.3700 16.0 1.359 1.092
99.099 43.74 42.3700 16.2 1.366 1.118
99.149 43.75 42.2900 18.7 1.460 1.424
99.198 43.76 42.3400 17.6 1.419 1.290
99.249 43.77 42.3800 16.8 1.388 1.191
99.299 43.78 42.4100 16.4 1.371 1.137
99.349 43.79 42.3900 17.1 1.400 1.233
99.400 43.80 42.4100 16.7 1.383 1.179
99.449 43.81 42.4700 15.6 1.339 1.037
99.499 43.82 42.4300 16.9 1.390 1.203
99.549 43.83 42.4400 16.9 1.389 1.202
99.599 43.84 42.4200 17.7 1.418 1.297
99.649 43.85 42.4900 16.2 1.360 1.111
99.698 43.86 42.4600 17.2 1.397 1.232
99.749 43.87 42.5000 16.3 1.364 1.126
99.799 43.88 42.5000 16.6 1.374 1.160
99.850 43.89 42.5100 16.7 1.379 1.176
99.899 43.90 42.4800 17.6 1.413 1.289
99.948 43.91 42.5500 16.2 1.358 1.112
99.999 43.92 42.5600 16.2 1.358 1.111
100.049 43.93 42.5700 16.2 1.360 1.118
100.099 43.94 42.5600 16.7 1.378 1.179
100.149 43.95 42.5700 16.7 1.377 1.178
100.198 43.96 42.6200 15.7 1.339 1.054
100.250 43.97 42.6300 15.7 1.335 1.045
100.300 43.98 42.6000 16.9 1.380 1.192
100.349 43.99 42.6200 16.4 1.363 1.139
100.399 44.00 42.6000 17.4 1.398 1.252
100.448 44.01 42.6500 16.3 1.359 1.128
100.499 44.02 42.6300 17.1 1.388 1.223
100.549 44.03 42.6600 16.5 1.366 1.152
100.599 44.04 42.6200 17.8 1.413 1.308
100.649 44.05 42.6800 16.6 1.367 1.157
100.698 44.06 42.7100 15.9 1.342 1.078
100.750 44.07 42.6900 16.9 1.379 1.199
100.800 44.08 42.7100 16.6 1.365 1.155
100.849 44.09 42.7100 16.8 1.372 1.179
100.899 44.10 42.7400 16.4 1.358 1.134
100.948 44.11 42.7600 16.1 1.346 1.099
100.999 44.12 42.7700 16.1 1.343 1.089
101.049 44.13 42.7500 16.9 1.374 1.193
101.099 44.14 42.6300 20.4 1.505 1.620
101.149 44.15 42.8300 15.4 1.319 1.014
101.198 44.16 42.7800 16.9 1.372 1.188
101.249 44.17 42.8000 16.9 1.371 1.187
101.299 44.18 42.8300 16.1 1.344 1.099
101.349 44.19 42.8300 16.5 1.357 1.142
101.399 44.20 42.8200 17.0 1.375 1.202
101.449 44.21 42.8500 16.6 1.361 1.157
101.499 44.22 42.8800 16.0 1.336 1.078
101.549 44.23 42.8600 16.8 1.367 1.181
101.599 44.24 42.8800 16.5 1.356 1.146
101.649 44.25 42.9100 16.0 1.334 1.075
101.698 44.26 42.9200 16.0 1.336 1.083
101.749 44.27 42.9200 16.2 1.343 1.109
101.799 44.28 42.9200 16.6 1.356 1.151
101.850 44.29 42.9700 15.6 1.318 1.029
101.900 44.30 42.9500 16.4 1.349 1.133
101.948 44.31 42.9800 15.8 1.324 1.053
101.999 44.32 42.9700 16.4 1.348 1.131
102.049 44.33 42.9800 16.4 1.344 1.121
102.099 44.34 42.9900 16.5 1.349 1.138
102.150 44.35 43.0000 16.4 1.343 1.120
102.198 44.36 43.0100 16.4 1.342 1.119
102.250 44.37 43.0300 16.1 1.334 1.092
102.301 44.38 43.0900 14.9 1.285 0.936
102.351 44.39 43.0400 16.6 1.348 1.144
102.400 44.40 43.0400 16.7 1.353 1.160
102.449 44.41 43.1000 15.6 1.310 1.020
102.500 44.42 43.0500 17.2 1.370 1.219
102.550 44.43 43.1100 15.9 1.322 1.062
102.600 44.44 43.1200 15.8 1.318 1.054
102.650 44.45 43.1000 16.7 1.350 1.157
102.700 44.46 43.1200 16.2 1.333 1.104
102.751 44.47 43.1400 16.2 1.330 1.095
102.800 44.48 43.1500 16.2 1.329 1.094
102.850 44.49 43.1900 15.2 1.294 0.981
102.900 44.50 43.2100 15.1 1.288 0.963
102.949 44.51 43.1900 15.8 1.314 1.050
103.000 44.52 43.1300 17.7 1.385 1.283
103.050 44.53 43.1900 16.5 1.339 1.135
103.100 44.54 43.1100 18.8 1.424 1.411
103.150 44.55 43.2000 16.9 1.351 1.175
103.199 44.56 43.2100 16.7 1.345 1.157
103.250 44.57 43.2700 15.4 1.297 1.000
103.300 44.58 43.2600 15.9 1.315 1.061
103.350 44.59 43.2800 15.9 1.312 1.052
103.401 44.60 43.2400 17.0 1.353 1.189
103.450 44.61 43.2700 16.7 1.342 1.154
103.501 44.62 43.2900 16.3 1.326 1.101
103.550 44.63 43.3400 15.3 1.288 0.980
103.600 44.64 43.3000 16.7 1.340 1.153
103.650 44.65 43.3000 16.9 1.348 1.177
103.699 44.66 43.3300 16.3 1.323 1.099
103.750 44.67 43.3500 16.1 1.317 1.081
103.800 44.68 43.4100 14.8 1.266 0.917
103.850 44.69 43.4200 14.9 1.271 0.934
103.901 44.70 43.3800 16.1 1.313 1.073
103.950 44.71 43.4100 15.7 1.299 1.029
104.001 44.72 43.3200 18.4 1.402 1.365
104.050 44.73 43.4400 15.5 1.290 1.001
104.100 44.74 43.4500 15.6 1.292 1.010
104.150 44.75 43.4200 16.5 1.326 1.122
104.199 44.76 43.4200 16.8 1.338 1.164
104.250 44.77 43.4800 15.5 1.288 1.000
104.300 44.78 43.4500 16.7 1.332 1.146
104.350 44.79 43.4400 17.1 1.350 1.205
104.401 44.80 43.4800 16.4 1.320 1.110
104.450 44.81 43.4800 16.6 1.328 1.135
104.500 44.82 43.5200 15.9 1.301 1.049
104.550 44.83 43.5000 16.5 1.324 1.125
104.600 44.84 43.5100 16.5 1.323 1.125
104.650 44.85 43.4800 17.7 1.368 1.271
104.699 44.86 43.5800 15.4 1.282 0.994
104.750 44.87 43.5200 17.1 1.343 1.192
104.801 44.88 43.5600 16.5 1.321 1.123
104.851 44.89 43.6600 13.9 1.223 0.804
104.900 44.90 43.6000 15.8 1.294 1.037
104.949 44.91 43.5900 16.4 1.314 1.105
105.000 44.92 43.6400 15.5 1.282 1.002
105.051 44.93 43.6200 16.2 1.308 1.087
105.100 44.94 43.6100 16.9 1.331 1.164
105.150 44.95 43.6500 15.9 1.293 1.043
105.199 44.96 43.6600 15.9 1.295 1.052
105.250 44.97 43.6400 16.9 1.329 1.163
105.300 44.98 43.6800 16.1 1.300 1.068
105.350 44.99 43.7100 15.4 1.273 0.982
105.400 45.00 43.6500 17.4 1.349 1.231
105.450 45.01 43.7200 15.8 1.287 1.032
105.501 45.02 43.7000 16.5 1.313 1.118
105.550 45.03 43.7100 16.5 1.313 1.118
105.600 45.04 43.6900 17.3 1.344 1.220
105.650 45.05 43.7300 16.6 1.314 1.125
105.699 45.06 43.7600 16.0 1.293 1.056
105.750 45.07 43.7700 16.1 1.295 1.064
105.800 45.08 43.7600 16.6 1.313 1.124
105.850 45.09 43.7800 16.4 1.307 1.106
105.901 45.10 43.8000 16.1 1.296 1.071
105.950 45.11 43.8200 16.0 1.290 1.054
106.001 45.12 43.8000 16.7 1.316 1.139
106.050 45.13 43.8400 16.0 1.289 1.054
106.100 45.14 43.8000 17.2 1.336 1.207
106.150 45.15 43.8400 16.4 1.304 1.104
106.199 45.16 43.8800 15.7 1.277 1.018
106.250 45.17 43.8600 16.5 1.306 1.112
106.300 45.18 43.8500 17.0 1.326 1.180
106.350 45.19 43.8900 16.4 1.302 1.102
106.401 45.20 43.9100 16.1 1.291 1.068
106.449 45.21 43.9600 15.1 1.251 0.940
106.500 45.22 43.9300 16.1 1.290 1.068
106.550 45.23 43.9400 16.0 1.284 1.051
106.600 45.24 43.9300 16.7 1.310 1.136
106.650 45.25 43.9700 15.8 1.278 1.033
106.699 45.26 43.9800 15.9 1.280 1.042
106.750 45.27 43.9900 15.8 1.277 1.033
106.801 45.28 44.1400 12.2 1.138 0.582
106.850 45.29 44.0200 15.6 1.266 1.001
106.900 45.30 43.9900 16.9 1.313 1.155
106.949 45.31 44.0100 16.4 1.294 1.095
107.000 45.32 44.0000 17.0 1.317 1.171
107.050 45.33 44.0500 16.1 1.282 1.060
107.101 45.34 44.0300 16.7 1.305 1.135
107.150 45.35 44.0400 16.7 1.305 1.136
107.199 45.36 44.1100 15.3 1.252 0.965
107.250 45.37 44.1100 15.5 1.257 0.982
107.300 45.38 44.0700 16.7 1.303 1.135
107.350 45.39 44.1100 16.0 1.277 1.050
107.400 45.40 44.1000 16.5 1.295 1.110
107.449 45.41 44.1200 16.4 1.289 1.092
107.501 45.42 44.1200 16.6 1.299 1.126
107.551 45.43 44.2100 14.6 1.220 0.871
107.600 45.44 44.1900 15.4 1.251 0.974
107.650 45.45 44.1800 15.8 1.264 1.016
107.699 45.46 44.2000 15.7 1.261 1.008
107.750 45.47 44.1800 16.3 1.284 1.084
107.800 45.48 44.2100 15.8 1.265 1.025
107.850 45.49 44.2300 15.7 1.260 1.008
107.900 45.50 44.2300 15.8 1.264 1.025
107.950 45.51 44.2300 16.3 1.282 1.085
108.001 45.52 44.2600 15.6 1.256 1.000
108.050 45.53 44.2600 16.1 1.271 1.051
108.100 45.54 44.2700 16.1 1.271 1.051
108.150 45.55 44.2700 16.3 1.278 1.076
108.199 45.56 44.2900 16.0 1.267 1.042
108.250 45.57 44.2800 16.5 1.287 1.110
108.301 45.58 44.2900 16.6 1.290 1.118
108.350 45.59 44.3500 15.3 1.240 0.957
108.402 45.60 44.3200 16.3 1.278 1.085
108.451 45.61 44.2900 17.4 1.317 1.212
108.502 45.62 44.3600 15.8 1.257 1.017
108.551 45.63 44.3700 15.9 1.262 1.033
108.601 45.64 44.3500 16.6 1.287 1.118
108.651 45.65 44.4200 15.0 1.227 0.924
108.700 45.66 44.4100 15.5 1.245 0.983
108.751 45.67 44.4000 16.1 1.265 1.051
108.801 45.68 44.4400 15.3 1.234 0.950
108.851 45.69 44.4600 15.1 1.225 0.925
108.901 45.70 44.4600 15.4 1.238 0.968
108.951 45.71 44.4500 16.0 1.258 1.036
109.002 45.72 44.4400 16.4 1.274 1.087
109.051 45.73 44.4700 16.0 1.260 1.044
109.102 45.74 44.4500 16.9 1.291 1.146
109.152 45.75 44.4900 16.1 1.262 1.052
109.201 45.76 44.5000 16.0 1.256 1.036
109.251 45.77 44.4700 17.1 1.300 1.180
109.301 45.78 44.5000 16.7 1.282 1.120
109.351 45.79 44.5800 14.7 1.206 0.875
109.401 45.80 44.5400 16.1 1.260 1.053
109.450 45.81 44.5300 16.5 1.275 1.104
109.501 45.82 44.5300 16.9 1.288 1.146
109.551 45.83 44.5900 15.7 1.241 0.994
109.601 45.84 44.6200 15.0 1.215 0.910
109.652 45.85 44.5600 16.8 1.284 1.139
109.700 45.86 44.5800 16.6 1.274 1.104
109.751 45.87 44.6100 16.1 1.258 1.054
109.801 45.88 44.6400 15.6 1.237 0.987
109.851 45.89 44.6300 16.3 1.262 1.071
109.901 45.90 44.6300 16.5 1.270 1.096
109.950 45.91 44.6700 15.7 1.241 1.003
110.001 45.92 44.6800 15.6 1.235 0.988
110.051 45.93 44.6800 16.1 1.253 1.047
110.101 45.94 44.6900 16.0 1.250 1.038
110.152 45.95 44.6800 16.5 1.268 1.097
110.201 45.96 44.7000 16.2 1.255 1.055
110.251 45.97 44.7300 15.8 1.241 1.014
110.301 45.98 44.6800 17.3 1.295 1.191
110.351 45.99 44.7300 16.2 1.256 1.064
110.401 46.00 44.7200 16.7 1.274 1.123
110.450 46.01 44.7500 16.5 1.263 1.089
110.501 46.02 44.7800 15.8 1.240 1.014
110.552 46.03 44.7600 16.6 1.268 1.106
110.602 46.04 44.7400 17.4 1.296 1.199
110.651 46.05 44.8400 15.0 1.208 0.913
110.700 46.06 44.8100 16.2 1.251 1.056
110.751 46.07 44.8100 16.4 1.259 1.082
110.801 46.08 44.8600 15.4 1.220 0.956
110.851 46.09 44.8400 16.1 1.245 1.041
110.901 46.10 44.8700 15.5 1.224 0.974
110.950 46.11 44.8900 15.4 1.219 0.958
111.001 46.12 44.8700 16.3 1.252 1.067
111.052 46.13 44.8800 16.1 1.244 1.042
111.102 46.14 44.8800 16.6 1.262 1.101
111.151 46.15 44.8800 16.9 1.272 1.135
111.200 46.16 44.9400 15.4 1.215 0.951
111.252 46.17 44.9100 16.5 1.258 1.093
111.302 46.18 44.9400 16.0 1.237 1.026
111.351 46.19 44.9700 15.4 1.216 0.960
111.401 46.20 44.9600 15.9 1.234 1.020
111.450 46.21 45.0000 15.4 1.213 0.952
111.501 46.22 44.9600 16.6 1.257 1.095
111.551 46.23 44.9800 16.4 1.249 1.070
111.601 46.24 44.9900 16.4 1.249 1.071
111.652 46.25 45.0300 15.6 1.219 0.976
111.701 46.26 45.0000 16.6 1.256 1.097
111.751 46.27 45.0200 16.5 1.253 1.088
111.801 46.28 45.0400 16.0 1.234 1.028
111.851 46.29 45.0400 16.4 1.249 1.079
111.901 46.30 45.0700 16.0 1.233 1.029
111.950 46.31 45.0700 16.1 1.235 1.034
112.001 46.32 45.0600 16.6 1.255 1.102
112.051 46.33 45.1000 15.8 1.224 1.001
112.101 46.34 45.0600 17.3 1.281 1.187
112.152 46.35 45.1100 16.2 1.238 1.050
112.201 46.36 45.1400 15.7 1.218 0.984
112.252 46.37 45.1200 16.6 1.253 1.101
112.301 46.38 45.1400 16.2 1.238 1.051
112.351 46.39 45.1200 17.1 1.269 1.153
112.401 46.40 45.1500 16.6 1.252 1.100
112.450 46.41 45.1600 16.6 1.252 1.100
112.501 46.42 45.1900 16.2 1.234 1.042
112.551 46.43 45.1900 16.3 1.239 1.060
112.601 46.44 45.1800 17.0 1.264 1.143
112.651 46.45 45.2300 15.8 1.218 0.993
112.701 46.46 45.2600 15.4 1.202 0.943
112.752 46.47 45.2400 16.2 1.232 1.044
112.801 46.48 45.1900 17.8 1.294 1.245
112.851 46.49 45.1900 17.9 1.296 1.253
112.901 46.50 45.2600 16.3 1.237 1.060
112.950 46.51 45.2300 17.5 1.280 1.202
113.001 46.52 45.2900 16.1 1.229 1.036
113.051 46.53 45.3000 16.1 1.226 1.027
113.101 46.54 45.3000 16.6 1.244 1.087
113.152 46.55 45.3100 16.4 1.238 1.070
113.200 46.56 45.3100 16.8 1.253 1.120
113.251 46.57 45.3200 16.7 1.248 1.104
113.301 46.58 45.3500 16.2 1.227 1.037
113.352 46.59 45.3100 17.4 1.276 1.196
113.402 46.60 45.3100 17.7 1.286 1.229
113.450 46.61 45.3800 16.3 1.232 1.054
113.501 46.62 45.3500 17.3 1.270 1.179
113.551 46.63 45.4100 16.0 1.219 1.012
113.601 46.64 45.3800 17.1 1.262 1.155
113.651 46.65 45.4500 15.6 1.203 0.964
113.700 46.66 45.4200 16.5 1.236 1.072
113.752 46.67 45.3800 17.8 1.284 1.231
113.802 46.68 45.3900 17.9 1.289 1.247
113.852 46.69 45.4600 16.4 1.233 1.063
113.901 46.70 45.4700 16.3 1.230 1.056
113.950 46.71 45.4600 16.8 1.248 1.115
114.001 46.72 45.4600 17.2 1.260 1.156
114.051 46.73 45.5200 15.9 1.212 0.999
114.101 46.74 45.5000 16.6 1.237 1.082
114.151 46.75 45.5000 17.0 1.252 1.132
114.201 46.76 45.5200 16.7 1.242 1.099
114.252 46.77 45.5700 15.5 1.196 0.950
114.301 46.78 45.5300 17.1 1.254 1.142
114.351 46.79 45.5300 17.1 1.256 1.150
114.401 46.80 45.5300 17.5 1.269 1.192
114.451 46.81 45.5800 16.5 1.233 1.076
114.502 46.82 45.6000 16.1 1.218 1.027
114.551 46.83 45.5300 18.2 1.297 1.284
114.602 46.84 45.5800 17.1 1.255 1.150
114.653 46.85 45.6100 16.8 1.243 1.110
114.702 46.86 45.6600 15.7 1.199 0.969
114.752 46.87 45.6400 16.4 1.227 1.062
114.802 46.88 45.7300 14.3 1.148 0.806
114.852 46.89 45.6600 16.6 1.232 1.080
114.902 46.90 45.6400 17.3 1.260 1.171
114.951 46.91 45.6600 17.1 1.252 1.147
115.002 46.92 45.7200 15.8 1.201 0.982
115.052 46.93 45.6800 17.0 1.246 1.131
115.102 46.94 45.7000 16.9 1.244 1.123
115.152 46.95 45.7400 16.0 1.208 1.008
115.201 46.96 45.7500 15.9 1.205 1.000
115.252 46.97 45.7400 16.7 1.233 1.092
115.302 46.98 45.7000 18.1 1.284 1.258
115.352 46.99 45.7400 17.1 1.248 1.142
115.403 47.00 45.7600 16.8 1.235 1.101
115.452 47.01 45.7700 16.8 1.238 1.109
115.502 47.02 45.8100 16.0 1.207 1.010
115.552 47.03 45.8100 16.4 1.220 1.052
115.602 47.04 45.7900 17.2 1.250 1.152
115.652 47.05 45.8200 16.7 1.232 1.094
115.701 47.06 45.8100 17.3 1.252 1.161
115.752 47.07 45.8400 16.7 1.229 1.087
115.803 47.08 45.9000 15.3 1.176 0.915
115.853 47.09 45.8500 16.9 1.237 1.113
115.902 47.10 45.8600 17.0 1.242 1.131
115.951 47.11 45.9000 16.2 1.211 1.032
116.002 47.12 45.8600 17.4 1.256 1.180
116.052 47.13 45.9300 16.0 1.203 1.008
116.102 47.14 45.9200 16.4 1.216 1.050
116.152 47.15 45.9000 17.4 1.254 1.174
116.201 47.16 45.9000 17.5 1.256 1.182
116.252 47.17 45.9300 17.1 1.243 1.141
116.303 47.18 45.9300 17.2 1.246 1.150
116.352 47.19 45.9400 17.3 1.248 1.158
116.402 47.20 45.9700 16.8 1.230 1.101
116.451 47.21 45.9600 17.2 1.245 1.151
116.502 47.22 45.9900 16.8 1.228 1.093
116.552 47.23 45.9800 17.4 1.250 1.168
116.602 47.24 45.9900 17.4 1.250 1.168
116.652 47.25 46.0100 17.2 1.242 1.144
116.702 47.26 46.0500 16.4 1.215 1.054
116.753 47.27 46.0300 17.1 1.240 1.136
116.802 47.28 46.0300 17.4 1.250 1.169
116.852 47.29 46.0400 17.4 1.250 1.170
116.902 47.30 46.0800 16.7 1.224 1.088
116.951 47.31 46.0000 19.0 1.310 1.368
117.002 47.32 46.0500 17.9 1.267 1.227
117.052 47.33 46.1000 16.8 1.227 1.096
117.102 47.34 46.1000 17.1 1.237 1.130
117.153 47.35 46.1200 17.0 1.234 1.122
117.201 47.36 46.0900 18.0 1.272 1.245
117.252 47.37 46.0600 19.0 1.310 1.368
117.302 47.38 46.1500 16.8 1.226 1.097
117.352 47.39 46.1800 16.4 1.211 1.048
117.403 47.40 46.1700 16.8 1.226 1.098
117.451 47.41 46.1600 17.4 1.246 1.164
117.502 47.42 46.1700 17.6 1.254 1.189
117.552 47.43 46.2200 16.3 1.206 1.034
117.602 47.44 46.2200 16.6 1.216 1.068
117.652 47.45 46.2400 16.5 1.211 1.052
117.701 47.46 46.2400 16.8 1.221 1.085
117.752 47.47 46.2500 16.8 1.223 1.095
117.803 47.48 46.2000 18.3 1.279 1.275
117.853 47.49 46.2500 17.2 1.236 1.136
117.902 47.50 46.2900 16.4 1.208 1.047
117.951 47.51 46.2900 16.9 1.223 1.097
118.002 47.52 46.2900 17.1 1.231 1.121
118.052 47.53 46.2900 17.3 1.241 1.155
118.102 47.54 46.3300 16.5 1.210 1.057
118.152 47.55 46.3300 16.9 1.223 1.098
118.201 47.56 46.3200 17.4 1.243 1.165
118.253 47.57 46.3400 17.0 1.228 1.116
118.303 47.58 46.3400 17.4 1.240 1.157
118.352 47.59 46.3400 17.6 1.250 1.190
118.402 47.60 46.3600 17.4 1.243 1.166
118.451 47.61 46.4000 16.6 1.213 1.069
118.502 47.62 46.3700 17.6 1.248 1.184
118.552 47.63 46.4000 17.1 1.230 1.127
118.602 47.64 46.4100 17.3 1.235 1.144
118.653 47.65 46.4100 17.5 1.243 1.168
118.702 47.66 46.4500 16.6 1.210 1.063
118.753 47.67 46.4300 17.4 1.240 1.162
118.802 47.68 46.4300 17.8 1.255 1.211
118.852 47.69 46.4700 17.0 1.225 1.113
118.902 47.70 46.4300 18.2 1.268 1.253
118.951 47.71 46.4600 17.6 1.247 1.187
119.002 47.72 46.5200 16.4 1.202 1.041
119.052 47.73 46.5300 16.4 1.200 1.034
119.103 47.74 46.5100 17.2 1.230 1.133
119.152 47.75 46.5100 17.5 1.240 1.166
119.202 47.76 46.5300 17.1 1.227 1.125
119.252 47.77 46.5800 16.1 1.190 1.004
119.303 47.78 46.5500 17.2 1.230 1.136
119.353 47.79 46.5500 17.4 1.237 1.161
119.402 47.80 46.5500 17.8 1.250 1.202
119.451 47.81 46.5800 17.3 1.232 1.145
119.502 47.82 46.5700 17.7 1.247 1.195
119.552 47.83 46.5700 18.0 1.257 1.227
119.602 47.84 46.5900 17.7 1.248 1.196
119.652 47.85 46.6100 17.5 1.237 1.163
119.701 47.86 46.6000 18.0 1.257 1.228
119.753 47.87 46.6400 17.4 1.235 1.156
119.803 47.88 46.6500 17.3 1.230 1.140
119.852 47.89 46.6200 18.3 1.268 1.262
119.902 47.90 46.6600 17.6 1.240 1.173
119.951 47.91 46.6800 17.4 1.235 1.157
120.002 47.92 46.6600 18.0 1.258 1.231
120.052 47.93 46.6700 18.1 1.258 1.231
120.102 47.94 46.7300 16.9 1.215 1.093
120.152 47.95 46.6900 18.3 1.265 1.257
120.202 47.96 46.7200 17.6 1.240 1.175
120.252 47.97 46.7400 17.4 1.233 1.152
120.302 47.98 46.7300 17.9 1.250 1.209
120.352 47.99 46.7400 17.8 1.248 1.202
120.402 48.00 46.7900 17.0 1.215 1.096
120.451 48.01 46.7700 17.7 1.243 1.187
120.502 48.02 46.7700 17.8 1.248 1.203
120.552 48.03 46.7700 18.3 1.265 1.260
120.603 48.04 46.7900 18.1 1.255 1.228
120.654 48.05 46.8000 18.0 1.253 1.220
120.701 48.06 46.7900 18.6 1.275 1.293
120.753 48.07 46.8000 18.4 1.268 1.269
120.803 48.08 46.8500 17.4 1.231 1.148
120.853 48.09 46.8500 17.5 1.236 1.164
120.903 48.10 46.8500 18.0 1.253 1.222
120.952 48.11 46.8800 17.3 1.226 1.133
121.003 48.12 46.8700 17.8 1.246 1.199
121.053 48.13 46.8900 17.7 1.241 1.183
121.104 48.14 46.8800 18.1 1.256 1.232
121.154 48.15 46.9000 18.0 1.251 1.216
121.203 48.16 46.9500 17.0 1.214 1.096
121.253 48.17 46.9200 17.9 1.249 1.209
121.304 48.18 46.9200 18.2 1.259 1.242
121.354 48.19 46.9600 17.5 1.231 1.154
121.403 48.20 46.9600 17.7 1.239 1.179
121.452 48.21 46.9500 18.1 1.256 1.235
121.503 48.22 46.9500 18.4 1.266 1.268
121.553 48.23 47.0300 16.6 1.197 1.043
121.603 48.24 47.0200 17.2 1.222 1.125
121.653 48.25 47.0100 17.7 1.239 1.182
121.703 48.26 47.0300 17.4 1.227 1.142
121.754 48.27 47.0000 18.5 1.269 1.280
121.803 48.28 47.0500 17.6 1.235 1.168
121.853 48.29 47.0400 18.1 1.252 1.224
121.903 48.30 47.0400 18.2 1.257 1.241
121.952 48.31 47.0600 18.2 1.255 1.234
122.003 48.32 47.0700 18.2 1.255 1.234
122.053 48.33 47.0700 18.4 1.265 1.267
122.103 48.34 47.0800 18.4 1.262 1.259
122.153 48.35 47.0900 18.4 1.265 1.267
122.203 48.36 47.1100 18.2 1.255 1.235
122.254 48.37 47.1000 18.7 1.275 1.300
122.303 48.38 47.1200 18.3 1.260 1.252
122.353 48.39 47.1500 17.9 1.245 1.204
122.403 48.40 47.1500 18.2 1.255 1.237
122.452 48.41 47.1200 19.1 1.288 1.342
122.503 48.42 47.1400 18.8 1.278 1.309
122.553 48.43 47.1500 18.9 1.283 1.326
122.604 48.44 47.1800 18.4 1.263 1.261
122.654 48.45 47.1800 18.7 1.273 1.294
122.702 48.46 47.2200 17.9 1.244 1.198
122.753 48.47 47.2300 17.9 1.241 1.190
122.803 48.48 47.2300 18.0 1.246 1.207
122.853 48.49 47.2100 18.9 1.281 1.321
122.903 48.50 47.2500 18.2 1.254 1.232
122.952 48.51 47.2400 18.7 1.271 1.289
123.003 48.52 47.2500 18.6 1.269 1.281
123.054 48.53 47.2600 18.5 1.267 1.274
123.104 48.54 47.2900 18.1 1.250 1.217
123.153 48.55 47.2800 18.7 1.272 1.291
123.203 48.56 47.2900 18.6 1.270 1.282
123.254 48.57 47.3200 18.1 1.250 1.219
123.304 48.58 47.3200 18.4 1.260 1.251
123.353 48.59 47.3100 19.0 1.282 1.324
123.403 48.60 47.3000 19.4 1.297 1.372
123.452 48.61 47.3400 18.6 1.268 1.276
123.503 48.62 47.3600 18.3 1.258 1.244
123.553 48.63 47.3500 19.1 1.285 1.333
123.603 48.64 47.3700 18.8 1.276 1.301
123.654 48.65 47.4000 18.1 1.251 1.221
123.703 48.66 47.4200 17.8 1.236 1.174
123.753 48.67 47.3700 19.4 1.298 1.375
123.803 48.68 47.4200 18.5 1.264 1.263
123.853 48.69 47.4400 18.1 1.249 1.215
123.903 48.70 47.4200 18.8 1.276 1.304
123.952 48.71 47.4300 19.0 1.284 1.328
124.003 48.72 47.4600 18.3 1.257 1.240
124.053 48.73 47.4500 19.1 1.284 1.329
124.103 48.74 47.4900 18.3 1.255 1.234
124.154 48.75 47.4300 19.9 1.317 1.434
124.203 48.76 47.4700 19.3 1.292 1.354
124.253 48.77 47.5300 18.0 1.245 1.202
124.303 48.78 47.5000 19.0 1.283 1.323
124.353 48.79 47.5200 18.8 1.275 1.299
124.403 48.80 47.5100 19.1 1.288 1.339
124.452 48.81 47.5200 19.1 1.288 1.340
124.503 48.82 47.5700 18.1 1.249 1.212
124.554 48.83 47.5200 19.8 1.310 1.412
124.604 48.84 47.5700 18.7 1.271 1.284
124.653 48.85 47.5600 19.2 1.291 1.349
124.702 48.86 47.5900 18.6 1.269 1.277
124.753 48.87 47.6500 17.4 1.220 1.118
124.803 48.88 47.6100 18.7 1.270 1.279
124.853 48.89 47.6200 18.6 1.267 1.272
124.903 48.90 47.6200 18.9 1.277 1.304
124.952 48.91 47.6000 19.7 1.307 1.400
125.004 48.92 47.6400 19.1 1.285 1.329
125.054 48.93 47.6400 19.3 1.292 1.352
125.103 48.94 47.6600 19.0 1.281 1.313
125.153 48.95 47.6900 18.5 1.263 1.258
125.202 48.96 47.6800 18.9 1.278 1.306
125.253 48.97 47.6600 19.9 1.315 1.426
125.303 48.98 47.7100 18.9 1.276 1.298
125.353 48.99 47.7400 18.1 1.249 1.211
125.403 49.00 47.7100 19.2 1.289 1.340
125.452 49.01 47.7300 18.9 1.277 1.300
125.503 49.02 47.7400 19.1 1.284 1.324
125.553 49.03 47.7200 19.9 1.314 1.420
125.604 49.04 47.7500 19.2 1.290 1.340
125.653 49.05 47.7300 20.1 1.322 1.445
125.702 49.06 47.7900 18.8 1.275 1.293
125.753 49.07 47.7500 20.1 1.322 1.445
125.803 49.08 47.7800 19.6 1.303 1.381
125.853 49.09 47.7800 19.8 1.310 1.405
125.903 49.10 47.8400 18.5 1.264 1.254
125.952 49.11 47.8100 19.4 1.299 1.367
126.003 49.12 47.8400 18.9 1.279 1.303
126.054 49.13 47.8300 19.7 1.306 1.391
126.104 49.14 47.8300 19.8 1.311 1.407
126.153 49.15 47.8200 20.2 1.329 1.463
126.202 49.16 47.8500 19.9 1.314 1.415
126.253 49.17 47.8900 19.1 1.285 1.320
126.303 49.18 47.9000 19.0 1.280 1.304
126.353 49.19 47.8900 19.6 1.303 1.376
126.403 49.20 47.9100 19.2 1.291 1.337
126.452 49.21 47.9200 19.4 1.296 1.353
126.503 49.22 47.9300 19.3 1.294 1.346
126.554 49.23 47.9400 19.4 1.296 1.354
126.603 49.24 47.9500 19.2 1.289 1.331
126.653 49.25 47.9600 19.3 1.294 1.347
126.702 49.26 47.9800 19.0 1.282 1.308
126.753 49.27 47.9500 20.1 1.322 1.435
126.803 49.28 47.9600 19.9 1.317 1.420
126.854 49.29 47.9900 19.6 1.303 1.372
126.904 49.30 48.0100 19.3 1.293 1.341
126.953 49.31 48.0100 19.4 1.298 1.357
127.004 49.32 48.0400 19.0 1.281 1.302
127.055 49.33 48.0300 19.5 1.301 1.366
127.104 49.34 48.0500 19.2 1.292 1.335
127.154 49.35 48.0200 20.3 1.331 1.462
127.203 49.36 48.0500 19.7 1.309 1.391
127.255 49.37 48.0700 19.5 1.302 1.367
127.305 49.38 48.0800 19.5 1.302 1.368
127.354 49.39 48.0700 20.0 1.320 1.424
127.404 49.40 48.0800 20.1 1.325 1.440
127.453 49.41 48.1000 19.7 1.308 1.384
127.504 49.42 48.1200 19.6 1.306 1.377
127.554 49.43 48.1100 19.9 1.318 1.417
127.604 49.44 48.1400 19.5 1.301 1.361
127.654 49.45 48.1100 20.7 1.346 1.504
127.703 49.46 48.1500 19.7 1.309 1.386
127.755 49.47 48.1800 19.2 1.290 1.323
127.805 49.48 48.1500 20.4 1.337 1.473
127.854 49.49 48.1700 19.9 1.317 1.410
127.905 49.50 48.1800 20.1 1.323 1.426
127.954 49.51 48.2400 18.8 1.274 1.269
128.005 49.52 48.2200 19.4 1.299 1.349
128.055 49.53 48.2300 19.6 1.306 1.373
128.105 49.54 48.2200 19.9 1.319 1.413
128.155 49.55 48.2400 19.9 1.317 1.406
128.205 49.56 48.2400 20.1 1.324 1.430
128.255 49.57 48.2200 20.7 1.349 1.509
128.305 49.58 48.3000 18.9 1.279 1.279
128.355 49.59 48.2500 20.5 1.340 1.478
128.405 49.60 48.3000 19.5 1.303 1.359
128.454 49.61 48.2900 19.9 1.318 1.407
128.505 49.62 48.3200 19.5 1.302 1.353
128.555 49.63 48.2900 20.5 1.341 1.479
128.606 49.64 48.3100 20.4 1.336 1.464
128.655 49.65 48.3300 20.0 1.322 1.417
128.704 49.66 48.3400 20.1 1.327 1.432
128.755 49.67 48.3500 20.1 1.325 1.424
128.805 49.68 48.3400 20.4 1.337 1.465
128.855 49.69 48.3300 21.2 1.367 1.560
128.906 49.70 48.3500 20.7 1.350 1.504
128.956 49.71 48.4100 19.4 1.299 1.338
129.006 49.72 48.3700 20.7 1.348 1.497
129.057 49.73 48.3900 20.6 1.344 1.481
129.106 49.74 48.3800 21.1 1.363 1.544
129.156 49.75 48.4200 20.1 1.327 1.426
129.206 49.76 48.4200 20.4 1.340 1.466
129.257 49.77 48.4500 20.1 1.325 1.419
129.306 49.78 48.4200 21.0 1.362 1.537
129.356 49.79 48.4700 19.9 1.321 1.404
129.406 49.80 48.4700 20.3 1.336 1.451
129.456 49.81 48.5000 19.6 1.310 1.365
129.506 49.82 48.4900 20.3 1.334 1.444
129.556 49.83 48.4700 20.9 1.359 1.523
129.607 49.84 48.5100 20.2 1.333 1.437
129.656 49.85 48.4900 21.0 1.362 1.532
129.706 49.86 48.5000 21.1 1.367 1.547
129.756 49.87 48.5500 19.9 1.321 1.398
129.806 49.88 48.5900 19.2 1.295 1.312
129.856 49.89 48.5300 21.0 1.361 1.525
129.906 49.90 48.5600 20.6 1.347 1.478
129.957 49.91 48.5600 20.9 1.357 1.510
130.007 49.92 48.5700 20.7 1.350 1.486
130.057 49.93 48.5500 21.6 1.384 1.597
130.108 49.94 48.5700 21.2 1.370 1.549
130.156 49.95 48.6100 20.5 1.343 1.463
130.207 49.96 48.6100 20.7 1.351 1.487
130.257 49.97 48.6200 20.7 1.354 1.495
130.307 49.98 48.6500 20.2 1.332 1.424
130.357 49.99 48.6500 20.4 1.342 1.456
130.406 50.00 48.6800 20.0 1.326 1.401
130.457 50.01 48.6600 20.8 1.355 1.497
130.508 50.02 48.6800 20.5 1.346 1.465
130.558 50.03 48.7000 20.3 1.337 1.434
130.607 50.04 48.7000 20.5 1.344 1.458
130.656 50.05 48.7100 20.4 1.340 1.443
130.707 50.06 48.7200 20.5 1.347 1.467
130.757 50.07 48.7200 20.7 1.355 1.491
130.807 50.08 48.7500 20.2 1.336 1.428
130.857 50.09 48.7600 20.1 1.331 1.413
130.907 50.10 48.7900 19.7 1.317 1.367
130.959 50.11 48.7700 20.4 1.342 1.446
131.009 50.12 48.7500 21.1 1.369 1.533
131.058 50.13 48.7600 21.1 1.369 1.533
131.108 50.14 48.7800 20.9 1.360 1.502
131.157 50.15 48.8100 20.4 1.343 1.447
131.208 50.16 48.7700 21.7 1.392 1.604
131.258 50.17 48.8300 20.5 1.346 1.456
131.308 50.18 48.8100 21.3 1.376 1.550
131.358 50.19 48.8400 20.7 1.354 1.480
131.407 50.20 48.8600 20.4 1.345 1.449
131.458 50.21 48.8700 20.4 1.343 1.441
131.508 50.22 48.8300 21.7 1.391 1.599
131.558 50.23 48.8700 21.0 1.365 1.512
131.609 50.24 48.8800 20.9 1.363 1.505
131.657 50.25 48.8800 21.2 1.376 1.544
131.708 50.26 48.8900 21.0 1.369 1.521
131.758 50.27 48.9200 20.7 1.357 1.482
131.808 50.28 48.8900 21.6 1.391 1.592
131.858 50.29 48.9000 21.6 1.392 1.593
131.907 50.30 48.9600 20.3 1.342 1.428
131.959 50.31 48.9500 20.8 1.361 1.491
132.009 50.32 48.9400 21.4 1.383 1.562
132.060 50.33 48.9600 21.0 1.369 1.515
132.109 50.34 48.9700 21.0 1.370 1.516
132.158 50.35 48.9800 21.2 1.375 1.532
132.209 50.36 49.0100 20.6 1.356 1.470
132.259 50.37 49.0300 20.4 1.347 1.439
132.309 50.38 49.0200 20.7 1.359 1.478
132.359 50.39 48.9800 22.1 1.410 1.643
132.408 50.40 49.0200 21.4 1.384 1.557
132.459 50.41 49.0400 21.1 1.375 1.526
132.510 50.42 49.0500 21.1 1.373 1.519
132.559 50.43 49.0600 20.9 1.368 1.504
132.609 50.44 49.1000 20.4 1.347 1.434
132.658 50.45 49.0900 20.8 1.362 1.481
132.709 50.46 49.1000 20.9 1.367 1.498
132.759 50.47 49.1000 21.0 1.370 1.506
132.809 50.48 49.1000 21.4 1.385 1.553
132.860 50.49 49.1100 21.4 1.388 1.561
132.909 50.50 49.1300 21.1 1.374 1.514
132.959 50.51 49.0800 22.7 1.434 1.710
133.010 50.52 49.1500 21.0 1.372 1.507
133.060 50.53 49.1500 21.3 1.385 1.547
133.110 50.54 49.1900 20.5 1.354 1.445
133.159 50.55 49.1600 21.6 1.395 1.579
133.210 50.56 49.1900 21.0 1.374 1.509
133.260 50.57 49.2100 20.7 1.360 1.463
133.310 50.58 49.2000 21.2 1.379 1.526
133.360 50.59 49.2200 21.1 1.377 1.518
133.409 50.60 49.2200 21.2 1.380 1.527
133.460 50.61 49.2300 21.4 1.388 1.551
133.510 50.62 49.2500 21.1 1.376 1.512
133.561 50.63 49.2200 22.1 1.415 1.637
133.611 50.64 49.2800 20.8 1.368 1.482
133.659 50.65 49.2100 22.8 1.440 1.716
133.710 50.66 49.3100 20.5 1.357 1.443
133.760 50.67 49.3200 20.5 1.357 1.444
133.810 50.68 49.3000 21.2 1.381 1.523
133.860 50.69 49.3300 20.8 1.367 1.477
133.909 50.70 49.3200 21.2 1.382 1.524
133.960 50.71 49.3500 20.7 1.364 1.462
134.012 50.72 49.3800 20.2 1.345 1.401
134.062 50.73 49.3600 21.0 1.376 1.503
134.111 50.74 49.4100 19.8 1.329 1.349
134.160 50.75 49.3800 21.1 1.377 1.505
134.211 50.76 49.3900 21.1 1.378 1.506
134.261 50.77 49.3700 21.8 1.407 1.600
134.311 50.78 49.4000 21.1 1.381 1.515
134.361 50.79 49.4000 21.4 1.389 1.538
134.411 50.80 49.3300 23.5 1.470 1.803
134.461 50.81 49.4700 20.2 1.347 1.399
134.511 50.82 49.4600 20.7 1.366 1.462
134.561 50.83 49.4800 20.4 1.355 1.424
134.611 50.84 49.4300 22.0 1.412 1.611
134.660 50.85 49.4900 20.6 1.361 1.442
134.711 50.86 49.4900 21.0 1.375 1.489
134.762 50.87 49.5100 20.5 1.359 1.435
134.811 50.88 49.5000 21.1 1.381 1.506
134.861 50.89 49.5100 21.1 1.381 1.507
134.910 50.90 49.5200 21.2 1.384 1.515
134.961 50.91 49.5200 21.3 1.389 1.531
135.011 50.92 49.5400 21.3 1.388 1.524
135.062 50.93 49.5900 20.1 1.345 1.386
135.113 50.94 49.5600 21.1 1.381 1.503
135.162 50.95 49.5600 21.4 1.391 1.535
135.212 50.96 49.5600 21.6 1.399 1.559
135.262 50.97 49.5000 23.4 1.469 1.784
135.313 50.98 49.6000 21.1 1.383 1.505
135.362 50.99 49.6000 21.3 1.389 1.521
135.411 51.00 49.6100 21.4 1.394 1.537
135.462 51.01 49.6300 21.2 1.387 1.515
135.512 51.02 49.6300 21.5 1.397 1.546
135.562 51.03 49.6400 21.5 1.398 1.547
135.612 51.04 49.6800 20.5 1.360 1.424
135.662 51.05 49.6400 21.9 1.415 1.603
135.713 51.06 49.6500 21.8 1.411 1.588
135.763 51.07 49.6700 21.6 1.402 1.557
135.812 51.08 49.6800 21.7 1.407 1.574
135.862 51.09 49.7000 21.2 1.389 1.513
135.911 51.10 49.6700 22.3 1.430 1.644
135.962 51.11 49.7200 21.4 1.397 1.536
136.012 51.12 49.7200 21.6 1.405 1.561
136.063 51.13 49.7200 21.8 1.410 1.577
136.113 51.14 49.7400 21.6 1.406 1.562
136.163 51.15 49.7700 21.0 1.382 1.485
136.214 51.16 49.7600 21.5 1.399 1.541
136.263 51.17 49.7900 21.0 1.383 1.487
136.313 51.18 49.7900 21.4 1.398 1.534
136.363 51.19 49.8000 21.3 1.394 1.520
136.412 51.20 49.8000 21.7 1.409 1.567
136.463 51.21 49.8400 20.9 1.378 1.468
136.513 51.22 49.8400 21.1 1.386 1.492
136.564 51.23 49.8200 21.9 1.415 1.585
136.613 51.24 49.8500 21.2 1.392 1.509
136.662 51.25 49.8400 21.7 1.409 1.564
136.713 51.26 49.8600 21.4 1.400 1.534
136.763 51.27 49.9200 20.3 1.355 1.388
136.813 51.28 49.8800 21.6 1.406 1.551
136.863 51.29 49.9000 21.4 1.397 1.522
136.912 51.30 49.9100 21.3 1.395 1.514
136.963 51.31 49.9200 21.3 1.393 1.508
137.013 51.32 49.9500 20.6 1.370 1.432
137.065 51.33 49.9400 21.2 1.389 1.495
137.114 51.34 49.9300 21.9 1.416 1.581
137.163 51.35 49.9700 21.1 1.388 1.489
137.214 51.36 49.9300 22.4 1.436 1.644
137.264 51.37 49.9700 21.5 1.403 1.537
137.314 51.38 50.0300 20.3 1.357 1.384
137.364 51.39 49.9800 21.9 1.416 1.577
137.413 51.40 50.0000 21.5 1.403 1.532
137.464 51.41 50.0500 20.5 1.365 1.410
137.514 51.42 50.0200 21.6 1.408 1.550
137.564 51.43 50.0600 20.6 1.371 1.428
137.614 51.44 50.0200 22.2 1.428 1.614
137.664 51.45 50.0700 21.0 1.384 1.469
137.715 51.46 50.1000 20.6 1.368 1.416
137.764 51.47 50.0900 20.9 1.380 1.456
137.814 51.48 50.1000 20.9 1.381 1.457
137.864 51.49 50.1000 21.2 1.391 1.489
137.913 51.50 50.1100 21.4 1.399 1.513
137.964 51.51 50.1100 21.5 1.404 1.530
138.014 51.52 50.1300 21.3 1.397 1.508
138.064 51.53 50.1400 21.2 1.393 1.494
138.115 51.54 50.1300 21.7 1.413 1.556
138.166 51.55 50.1700 21.0 1.385 1.465
138.215 51.56 50.2000 20.5 1.367 1.405
138.265 51.57 50.1800 21.3 1.398 1.506
138.315 51.58 50.1900 21.1 1.391 1.485
138.365 51.59 50.2100 21.0 1.385 1.463
138.415 51.60 50.2200 20.9 1.383 1.456
138.465 51.61 50.2400 20.6 1.372 1.420
138.515 51.62 50.2500 20.8 1.377 1.436
138.566 51.63 50.2300 21.5 1.404 1.523
138.615 51.64 50.2700 20.7 1.374 1.424
138.665 51.65 50.2800 20.8 1.376 1.433
138.715 51.66 50.2800 20.9 1.382 1.450
138.765 51.67 50.2800 21.2 1.394 1.490
138.815 51.68 50.2700 21.7 1.414 1.553
138.865 51.69 50.3100 21.0 1.386 1.462
138.915 51.70 50.3100 21.3 1.398 1.502
138.965 51.71 50.2900 22.0 1.422 1.579
139.016 51.72 50.3400 21.0 1.385 1.458
139.066 51.73 50.3600 20.6 1.372 1.413
139.115 51.74 50.3500 21.2 1.394 1.484
139.166 51.75 50.3800 20.6 1.373 1.416
139.216 51.76 50.3800 21.0 1.388 1.464
139.266 51.77 50.3800 21.2 1.395 1.488
139.316 51.78 50.3600 22.1 1.427 1.589
139.365 51.79 50.3500 22.5 1.444 1.644
139.416 51.80 50.4000 21.5 1.406 1.522
139.466 51.81 50.4500 20.3 1.362 1.378
139.516 51.82 50.4100 21.6 1.410 1.532
139.566 51.83 50.4300 21.4 1.404 1.511
139.616 51.84 50.4400 21.4 1.402 1.504
139.667 51.85 50.4900 20.3 1.363 1.376
139.716 51.86 50.4800 21.0 1.387 1.455
139.766 51.87 50.5100 20.4 1.364 1.379
139.816 51.88 50.4900 21.1 1.393 1.473
139.865 51.89 50.5000 21.2 1.396 1.482
139.916 51.90 50.5300 20.7 1.375 1.415
139.966 51.91 50.5600 20.2 1.359 1.363
140.016 51.92 50.5300 21.1 1.393 1.472
140.067 51.93 50.5300 21.5 1.408 1.520
140.115 51.94 50.5600 20.9 1.385 1.444
140.167 51.95 50.5500 21.6 1.409 1.522
140.217 51.96 50.6100 20.0 1.351 1.333
140.267 51.97 50.5700 21.5 1.408 1.518
140.317 51.98 50.5900 21.2 1.394 1.473
140.366 51.99 50.6100 20.9 1.383 1.437
140.417 52.00 50.5900 21.6 1.412 1.530
140.467 52.01 50.6200 21.3 1.398 1.486
140.518 52.02 50.6200 21.5 1.406 1.510
140.567 52.03 50.6800 20.1 1.353 1.337
140.616 52.04 50.6500 21.2 1.396 1.476
140.667 52.05 50.6800 20.5 1.370 1.393
140.717 52.06 50.6700 21.1 1.392 1.464
140.767 52.07 50.6900 20.9 1.383 1.435
140.817 52.08 50.6900 21.3 1.398 1.482
140.866 52.09 50.7000 21.2 1.394 1.469
140.917 52.10 50.7200 20.9 1.383 1.432
140.967 52.11 50.7400 20.7 1.377 1.411
141.018 52.12 50.7500 20.8 1.379 1.420
141.068 52.13 50.7400 21.2 1.397 1.476
141.116 52.14 50.7500 21.1 1.393 1.463
141.168 52.15 50.7700 21.0 1.386 1.441
141.218 52.16 50.7800 20.8 1.380 1.420
141.268 52.17 50.7800 21.2 1.395 1.468
141.318 52.18 50.7500 22.1 1.430 1.583
141.367 52.19 50.8100 20.9 1.384 1.432
141.418 52.20 50.8200 21.0 1.387 1.442
141.468 52.21 50.8200 21.2 1.397 1.474
141.518 52.22 50.8700 20.2 1.358 1.346
141.568 52.23 50.8500 21.0 1.389 1.447
141.618 52.24 50.8500 21.2 1.397 1.472
141.668 52.25 50.8400 21.6 1.411 1.519
141.718 52.26 50.8800 21.0 1.386 1.437
141.768 52.27 50.8500 21.8 1.420 1.545
141.818 52.28 50.8500 22.1 1.430 1.577
141.867 52.29 50.8900 21.3 1.400 1.480
141.918 52.30 50.9000 21.3 1.401 1.482
141.968 52.31 50.9000 21.7 1.416 1.529
142.018 52.32 50.9100 21.6 1.412 1.515
142.069 52.33 50.9300 21.4 1.405 1.494
142.117 52.34 50.9200 22.0 1.427 1.564
142.168 52.35 50.9400 21.6 1.411 1.512
142.219 52.36 50.9700 21.1 1.391 1.445
142.269 52.37 50.9600 21.8 1.417 1.531
142.319 52.38 50.9900 21.1 1.392 1.448
142.368 52.39 50.9800 21.6 1.411 1.511
142.419 52.40 51.0100 21.1 1.391 1.444
142.470 52.41 51.0200 21.2 1.397 1.462
142.520 52.42 51.0300 21.2 1.395 1.456
142.569 52.43 51.0400 21.2 1.398 1.465
142.618 52.44 51.0400 21.4 1.403 1.482
142.669 52.45 51.0800 20.7 1.378 1.401
142.719 52.46 51.1000 20.5 1.370 1.372
142.769 52.47 51.0800 21.1 1.394 1.450
142.819 52.48 51.0900 21.2 1.397 1.460
142.868 52.49 51.1300 20.5 1.369 1.371
142.920 52.50 51.1300 20.5 1.370 1.373
142.970 52.51 51.1500 20.3 1.364 1.353
143.019 52.52 51.1400 20.9 1.385 1.423
143.069 52.53 51.1500 20.9 1.386 1.425
143.118 52.54 51.1700 20.8 1.380 1.404
143.169 52.55 51.1400 21.7 1.416 1.520
143.219 52.56 51.1600 21.4 1.405 1.484
143.270 52.58 51.2000 20.7 1.377 1.395
143.320 52.59 51.2100 20.7 1.378 1.397
143.370 52.60 51.2000 21.3 1.400 1.467
143.421 52.61 51.2300 20.7 1.377 1.394
143.470 52.62 51.1900 22.0 1.425 1.548
143.520 52.63 51.2000 22.0 1.427 1.556
143.571 52.64 51.2300 21.3 1.400 1.467
143.619 52.65 51.2700 20.5 1.371 1.371
143.670 52.66 51.2200 22.1 1.432 1.569
143.720 52.67 51.2600 21.4 1.402 1.473
143.770 52.68 51.2700 21.3 1.401 1.467
143.820 52.69 51.3200 20.5 1.369 1.363
143.869 52.70 51.3000 21.1 1.391 1.433
143.920 52.71 51.3100 21.2 1.396 1.451
143.970 52.72 51.3200 21.2 1.397 1.453
144.021 52.73 51.3300 21.1 1.391 1.433
144.070 52.74 51.3200 21.8 1.419 1.525
144.119 52.75 51.3700 20.7 1.376 1.384
144.170 52.76 51.3600 21.1 1.393 1.438
144.220 52.77 51.3700 21.2 1.396 1.448
144.271 52.78 51.3900 21.0 1.389 1.427
144.321 52.79 51.4100 20.7 1.379 1.392
144.370 52.80 51.4200 20.7 1.377 1.387
144.422 52.81 51.4000 21.5 1.406 1.480
144.472 52.82 51.4100 21.4 1.404 1.474
144.521 52.83 51.4500 20.6 1.375 1.378
144.571 52.84 51.4500 21.0 1.387 1.418
144.620 52.85 51.4900 20.2 1.360 1.330
144.671 52.86 51.4800 20.8 1.379 1.393
144.721 52.87 51.4600 21.4 1.403 1.470
144.771 52.88 51.5000 20.6 1.374 1.375
144.821 52.89 51.4800 21.5 1.407 1.482
144.871 52.90 51.5300 20.5 1.368 1.357
144.922 52.91 51.5500 20.2 1.358 1.321
144.971 52.92 51.5200 21.2 1.395 1.444
145.021 52.93 51.5400 20.9 1.385 1.409
145.071 52.94 51.5400 21.2 1.395 1.441
145.120 52.95 51.5600 21.0 1.388 1.420
145.171 52.96 51.5400 21.7 1.415 1.506
145.221 52.97 51.5700 21.2 1.397 1.447
145.273 52.98 51.5600 21.8 1.418 1.517
145.323 52.99 51.6100 20.6 1.373 1.369
145.371 53.00 51.6100 21.1 1.390 1.424
145.423 53.01 51.6500 20.0 1.351 1.299
145.472 53.02 51.6300 21.0 1.389 1.421
145.523 53.03 51.6100 21.6 1.411 1.491
145.573 53.04 51.6600 20.7 1.377 1.381
145.621 53.05 51.6700 20.7 1.375 1.376
145.672 53.06 51.6800 20.6 1.371 1.363
145.722 53.07 51.6500 21.6 1.412 1.494
145.772 53.08 51.6800 21.2 1.396 1.443
145.822 53.09 51.6900 21.3 1.397 1.445
145.871 53.10 51.7600 19.8 1.340 1.260
145.923 53.11 51.7200 21.1 1.389 1.420
145.973 53.12 51.7400 20.7 1.376 1.377
146.023 53.13 51.7500 20.7 1.377 1.380
146.072 53.14 51.7400 21.2 1.394 1.435
146.121 53.15 51.7500 21.2 1.395 1.438
146.172 53.16 51.7700 21.1 1.388 1.417
146.222 53.17 51.7800 21.0 1.387 1.412
146.272 53.18 51.7700 21.5 1.406 1.474
146.323 53.19 51.7900 21.2 1.393 1.432
146.373 53.20 51.8100 20.9 1.385 1.404
146.424 53.21 51.8100 21.3 1.397 1.444
146.473 53.22 51.8300 20.9 1.384 1.401
146.523 53.23 51.8900 19.6 1.332 1.232
146.573 53.24 51.8600 20.8 1.379 1.384
146.623 53.25 51.8800 20.6 1.370 1.357
146.673 53.26 51.8800 20.7 1.373 1.367
146.723 53.27 51.9100 20.2 1.356 1.310
146.774 53.28 52.0100 17.9 1.267 1.021
146.823 53.29 51.9500 19.6 1.332 1.235
146.873 53.30 51.9500 20.1 1.349 1.290
146.923 53.31 51.9100 21.2 1.393 1.435
146.973 53.32 51.9300 21.0 1.385 1.408
147.023 53.33 51.9500 20.7 1.374 1.373
147.073 53.34 51.9500 21.1 1.389 1.420
147.123 53.35 51.9700 20.9 1.380 1.393
147.173 53.36 51.9500 21.6 1.407 1.478
147.224 53.37 51.9800 20.9 1.382 1.398
147.274 53.38 51.9700 21.5 1.404 1.468
147.323 53.39 52.0100 20.8 1.377 1.380
147.374 53.40 52.0100 21.1 1.389 1.420
147.425 53.41 52.0200 21.0 1.383 1.401
147.475 53.42 52.0500 20.4 1.361 1.328
147.524 53.43 52.0200 21.6 1.405 1.473
147.573 53.44 52.0700 20.5 1.365 1.340
147.624 53.45 52.0500 21.3 1.393 1.433
147.674 53.46 52.0800 20.9 1.378 1.383
147.724 53.47 52.0500 21.8 1.413 1.497
147.774 53.48 52.0800 21.4 1.400 1.455
147.824 53.49 52.1200 20.6 1.369 1.353
147.875 53.50 52.1300 20.6 1.370 1.356
147.924 53.51 52.1100 21.3 1.396 1.440
147.974 53.52 52.1600 20.3 1.358 1.316
148.024 53.53 52.1500 20.7 1.372 1.364
148.073 53.54 52.1800 20.2 1.353 1.300
148.124 53.55 52.1600 21.1 1.388 1.415
148.174 53.56 52.1500 21.5 1.402 1.461
148.224 53.57 52.1700 21.3 1.394 1.434
148.275 53.58 52.1900 21.0 1.383 1.399
148.323 53.59 52.1900 21.4 1.398 1.447
148.375 53.60 52.2200 20.8 1.376 1.375
148.425 53.61 52.2200 21.0 1.384 1.400
148.475 53.62 52.2500 20.4 1.361 1.328
148.525 53.63 52.2500 20.8 1.376 1.376
148.574 53.64 52.2700 20.7 1.370 1.356
148.625 53.65 52.2500 21.3 1.391 1.426
148.676 53.66 52.3100 20.1 1.349 1.287
148.726 53.67 52.2800 21.0 1.382 1.395
148.775 53.68 52.3100 20.7 1.369 1.353
148.824 53.69 52.2900 21.4 1.395 1.437
148.875 53.70 52.3100 21.1 1.387 1.410
148.925 53.71 52.3200 21.0 1.383 1.398
148.975 53.72 52.3100 21.6 1.404 1.467
149.025 53.73 52.3600 20.7 1.371 1.358
149.074 53.74 52.3500 21.1 1.386 1.406
149.126 53.75 52.3700 20.8 1.373 1.364
149.176 53.76 52.4000 20.4 1.360 1.322
149.226 53.77 52.3900 20.9 1.377 1.377
149.275 53.78 52.4100 20.7 1.368 1.350
149.324 53.79 52.4200 20.7 1.369 1.353
149.376 53.80 52.4400 20.4 1.359 1.319
149.426 53.81 52.4200 21.2 1.387 1.411
149.476 53.82 52.4600 20.2 1.351 1.295
149.526 53.83 52.4500 20.9 1.377 1.380
149.575 53.84 52.4600 21.0 1.378 1.383
149.626 53.85 52.4400 21.6 1.404 1.467
149.676 53.86 52.4700 21.1 1.384 1.403
149.726 53.87 52.4900 21.0 1.378 1.383
149.777 53.88 52.4700 21.6 1.402 1.460
149.825 53.89 52.5000 21.1 1.385 1.403
149.876 53.90 52.4900 21.6 1.402 1.458
149.926 53.91 52.5200 21.2 1.389 1.416
149.976 53.92 52.5500 20.7 1.367 1.345
150.026 53.93 52.4900 22.4 1.432 1.555
150.075 53.94 52.5700 20.5 1.362 1.327
150.126 53.95 52.5700 20.8 1.372 1.360
150.176 53.96 52.5800 20.9 1.377 1.378
150.227 53.97 52.5900 21.0 1.378 1.381
150.276 53.98 52.6700 19.2 1.311 1.161
150.325 53.99 52.6100 20.9 1.373 1.365
150.376 54.00 52.5800 22.0 1.415 1.502
150.427 54.01 52.6500 20.4 1.357 1.311
150.477 54.02 52.6400 20.9 1.376 1.374
150.527 54.03 52.6400 21.1 1.384 1.399
150.576 54.04 52.6600 20.9 1.375 1.372
150.628 54.05 52.6400 21.7 1.406 1.471
150.678 54.06 52.6800 20.9 1.375 1.370
150.727 54.07 52.6800 21.2 1.387 1.410
150.777 54.08 52.7000 21.0 1.377 1.376
150.826 54.09 52.7000 21.1 1.382 1.394
150.877 54.10 52.7000 21.5 1.397 1.441
150.927 54.11 52.7200 21.2 1.386 1.407
150.977 54.12 52.7500 20.6 1.364 1.335
151.027 54.13 52.7300 21.5 1.395 1.435
151.076 54.14 52.7400 21.5 1.396 1.438
151.128 54.15 52.7600 21.3 1.390 1.418
151.178 54.16 52.7600 21.6 1.400 1.450
151.227 54.17 52.8100 20.5 1.358 1.312
151.277 54.18 52.8100 20.8 1.370 1.353
151.326 54.19 52.8100 21.1 1.380 1.385
151.377 54.20 52.7600 22.5 1.433 1.558
151.427 54.21 52.8500 20.6 1.361 1.324
151.478 54.22 52.8500 20.9 1.371 1.356
151.528 54.23 52.8500 20.9 1.372 1.360
151.577 54.24 52.8500 21.3 1.387 1.407
151.628 54.25 52.8500 21.5 1.397 1.439
151.678 54.26 52.8900 20.8 1.368 1.347
151.729 54.27 52.9200 20.1 1.344 1.269
151.778 54.28 52.9000 20.9 1.372 1.360
151.827 54.29 52.9100 21.1 1.380 1.386
151.878 54.30 52.9100 21.2 1.383 1.396
151.928 54.31 52.9200 21.3 1.386 1.406
151.978 54.32 52.9400 21.1 1.378 1.380
152.028 54.33 52.9000 22.4 1.429 1.545
152.077 54.34 52.9400 21.5 1.394 1.429
152.129 54.35 52.9600 21.4 1.390 1.418
152.179 54.36 52.9800 21.0 1.375 1.369
152.228 54.37 53.0000 20.7 1.365 1.335
152.278 54.38 52.9400 22.6 1.436 1.566
152.327 54.39 53.0200 20.7 1.364 1.333
152.378 54.40 53.0500 20.2 1.347 1.277
152.428 54.41 53.0200 21.4 1.391 1.421
152.479 54.42 53.0700 20.4 1.351 1.291
152.530 54.43 53.0500 20.9 1.373 1.361
152.579 54.44 53.0600 21.0 1.376 1.371
152.629 54.45 53.0600 21.2 1.384 1.396
152.679 54.46 53.0800 21.1 1.378 1.377
152.729 54.47 53.0900 21.2 1.381 1.388
152.779 54.48 53.1400 20.0 1.337 1.243
152.828 54.49 53.1200 20.9 1.372 1.358
152.879 54.50 53.1100 21.3 1.384 1.398
152.930 54.51 53.1100 21.6 1.396 1.437
152.980 54.52 53.1500 20.7 1.363 1.330
153.029 54.53 53.1500 21.1 1.378 1.377
153.078 54.54 53.1400 21.7 1.401 1.454
153.129 54.55 53.0900 23.2 1.456 1.633
153.179 54.56 53.1800 21.1 1.376 1.371
153.229 54.57 53.1900 21.0 1.372 1.359
153.279 54.58 53.1800 21.6 1.396 1.436
153.328 54.59 53.2000 21.4 1.388 1.409
153.379 54.60 53.2100 21.4 1.389 1.412
153.430 54.61 53.2300 21.1 1.378 1.378
153.480 54.62 53.2500 20.7 1.364 1.330
153.530 54.63 53.2600 20.7 1.362 1.326
153.580 54.64 53.2700 20.8 1.366 1.337
153.631 54.65 53.2700 21.2 1.380 1.384
153.681 54.66 53.2600 21.7 1.399 1.446
153.730 54.67 53.3200 20.3 1.346 1.273
153.780 54.68 53.3000 21.2 1.381 1.387
153.829 54.69 53.3100 21.2 1.379 1.382
153.880 54.70 53.3600 20.0 1.335 1.239
153.930 54.71 53.3400 20.8 1.363 1.331
153.980 54.72 53.3100 21.8 1.403 1.458
154.031 54.73 53.3400 21.3 1.383 1.395
154.080 54.74 53.2100 25.2 1.529 1.868
154.130 54.75 53.3800 20.9 1.367 1.341
154.180 54.76 53.4200 20.2 1.341 1.256
154.230 54.77 53.4200 20.4 1.351 1.289
154.280 54.78 53.4100 20.9 1.368 1.344
154.329 54.79 53.4300 20.7 1.360 1.318
154.380 54.80 53.4100 21.3 1.384 1.395
154.430 54.81 53.4600 20.5 1.351 1.288
154.481 54.82 53.4300 21.4 1.386 1.402
154.531 54.83 53.4700 20.7 1.359 1.317
154.581 54.84 53.4600 21.3 1.381 1.387
154.631 54.85 53.4900 20.5 1.353 1.295
154.681 54.86 53.4700 21.3 1.383 1.394
154.731 54.87 53.5000 21.0 1.370 1.353
154.781 54.88 53.5100 20.9 1.367 1.341
154.831 54.89 53.5100 21.2 1.379 1.381
154.882 54.90 53.5200 21.1 1.375 1.370
154.932 54.91 53.5000 22.0 1.408 1.476
154.981 54.92 53.5700 20.4 1.346 1.274
155.031 54.93 53.5900 20.1 1.336 1.241
155.081 54.94 53.5400 21.9 1.402 1.457
155.131 54.95 53.5500 21.6 1.394 1.430
155.181 54.96 53.6200 20.1 1.336 1.243
155.231 54.97 53.6100 20.8 1.362 1.328
155.281 54.98 53.6000 21.2 1.377 1.375
155.331 54.99 53.6000 21.4 1.385 1.400
155.381 55.00 53.6100 21.5 1.388 1.411
155.431 55.01 53.6400 21.0 1.369 1.348
155.481 55.02 53.6500 21.1 1.372 1.359
155.531 55.03 53.6500 21.2 1.375 1.370
155.582 55.04 53.7000 20.2 1.338 1.249
155.632 55.05 53.6800 21.1 1.370 1.355
155.682 55.06 53.6900 21.0 1.367 1.344
155.732 55.07 53.6800 21.5 1.386 1.405
155.781 55.08 53.7200 20.7 1.355 1.307
155.832 55.09 53.7100 21.4 1.381 1.391
155.882 55.10 53.7100 21.6 1.391 1.423
155.933 55.11 53.7100 21.8 1.397 1.441
155.983 55.12 53.7100 22.1 1.409 1.480
156.031 55.13 53.7600 21.0 1.367 1.344
156.082 55.14 53.7600 21.3 1.377 1.377
156.132 55.15 53.7700 21.2 1.374 1.366
156.182 55.16 53.7700 21.4 1.384 1.399
156.232 55.17 53.8100 20.8 1.360 1.322
156.281 55.18 53.8200 20.8 1.361 1.325
156.333 55.19 53.8100 21.3 1.380 1.387
156.383 55.20 53.8600 20.2 1.339 1.252
156.432 55.21 53.8100 21.8 1.396 1.438
156.482 55.22 53.8200 21.8 1.399 1.448
156.531 55.23 53.8300 21.8 1.398 1.444
156.583 55.24 53.8600 21.3 1.379 1.382
156.633 55.25 53.8700 21.3 1.377 1.378
156.683 55.26 53.8900 21.1 1.372 1.359
156.733 55.27 53.8800 21.6 1.389 1.414
156.783 55.28 53.9000 21.2 1.374 1.366
156.834 55.29 53.9000 21.5 1.386 1.406
156.883 55.30 53.9300 20.9 1.365 1.337
156.933 55.31 53.9400 21.1 1.372 1.361
156.983 55.32 53.9100 21.9 1.403 1.460
157.032 55.33 53.9500 21.3 1.379 1.383
157.083 55.34 53.9400 21.8 1.398 1.444
157.133 55.35 53.9900 20.8 1.361 1.324
157.183 55.36 53.9700 21.6 1.391 1.422
157.234 55.37 54.0200 20.5 1.350 1.287
157.283 55.38 54.0300 20.4 1.344 1.269
157.333 55.39 54.0200 20.9 1.365 1.338
157.383 55.40 54.0300 21.0 1.369 1.349
157.433 55.41 54.0200 21.6 1.390 1.418
157.483 55.42 54.0600 20.6 1.353 1.298
157.532 55.43 54.0600 21.1 1.372 1.360
157.584 55.44 54.0500 21.5 1.386 1.407
157.634 55.45 54.0500 21.8 1.396 1.440
157.684 55.46 54.0800 21.3 1.377 1.377
157.734 55.47 54.1100 20.8 1.360 1.323
157.783 55.48 54.1000 21.2 1.375 1.370
157.834 55.49 54.1200 21.0 1.367 1.345
157.884 55.50 54.1300 20.9 1.364 1.333
157.935 55.51 54.1400 21.1 1.371 1.359
157.985 55.52 54.1500 21.1 1.370 1.355
158.033 55.53 54.1600 20.9 1.365 1.337
158.084 55.54 54.1600 21.3 1.377 1.377
158.134 55.55 54.1700 21.3 1.380 1.388
158.184 55.56 54.1900 21.1 1.370 1.355
158.234 55.57 54.2100 20.7 1.356 1.308
158.283 55.58 54.1900 21.4 1.383 1.399
158.334 55.59 54.2300 20.9 1.362 1.330
158.385 55.60 54.2300 21.0 1.368 1.348
158.435 55.61 54.2500 20.8 1.360 1.323
158.484 55.62 54.2500 21.1 1.372 1.362
158.533 55.63 54.2700 20.7 1.355 1.308
158.584 55.64 54.2900 20.4 1.345 1.276
158.635 55.65 54.2700 21.2 1.375 1.374
158.685 55.66 54.3000 20.7 1.356 1.312
158.735 55.67 54.2700 21.9 1.402 1.461
158.785 55.68 54.3100 21.0 1.368 1.348
158.836 55.69 54.2900 21.9 1.402 1.461
158.885 55.70 54.3100 21.4 1.383 1.399
158.935 55.71 54.3400 20.9 1.364 1.337
158.985 55.72 54.3300 21.7 1.392 1.427
159.034 55.73 54.3500 21.4 1.382 1.395
159.085 55.74 54.3700 21.0 1.365 1.340
159.135 55.75 54.3900 20.9 1.362 1.330
159.185 55.76 54.4000 20.8 1.361 1.326
159.236 55.77 54.3900 21.3 1.379 1.387
159.284 55.78 54.3900 21.7 1.392 1.427
159.335 55.79 54.4200 21.0 1.366 1.344
159.385 55.80 54.4100 21.6 1.387 1.413
159.435 55.81 54.4600 20.6 1.353 1.300
159.485 55.82 54.4400 21.3 1.378 1.384
159.534 55.83 54.4600 20.9 1.364 1.336
159.585 55.84 54.4600 21.4 1.381 1.391
159.636 55.85 54.4700 21.3 1.377 1.380
159.686 55.86 54.4900 21.0 1.365 1.340
159.736 55.87 54.4800 21.5 1.384 1.402
159.785 55.88 54.5000 21.4 1.383 1.399
159.836 55.89 54.5400 20.6 1.351 1.293
159.887 55.90 54.5300 21.1 1.370 1.356
159.937 55.91 54.5400 21.1 1.371 1.359
159.986 55.92 54.5400 21.2 1.374 1.370
160.035 55.93 54.5700 20.8 1.359 1.323
160.086 55.94 54.6000 20.3 1.341 1.262
160.136 55.95 54.5800 21.2 1.373 1.367
160.186 55.96 54.5900 21.1 1.369 1.356
160.236 55.97 54.6100 20.9 1.362 1.331
160.285 55.98 54.6100 21.1 1.372 1.364
160.337 55.99 54.6300 20.7 1.355 1.309
160.387 56.00 54.6200 21.3 1.376 1.379
160.436 56.01 54.6100 21.8 1.398 1.448
160.486 56.02 54.6400 21.3 1.376 1.378
160.535 56.03 54.6500 21.2 1.375 1.375
160.586 56.04 54.6700 21.0 1.365 1.342
160.636 56.05 54.6900 20.8 1.358 1.318
160.687 56.06 54.6900 21.0 1.365 1.343
160.737 56.07 54.7100 20.8 1.357 1.318
160.786 56.08 54.6900 21.5 1.385 1.409
160.838 56.09 54.7300 20.9 1.362 1.333
160.888 56.10 54.7500 20.6 1.352 1.300
160.937 56.11 54.7200 21.7 1.391 1.426
160.987 56.12 54.7400 21.4 1.381 1.394
161.036 56.13 54.7700 20.7 1.355 1.310
161.087 56.14 54.7800 20.7 1.356 1.314
161.137 56.15 54.9100 17.5 1.235 0.921
161.187 56.16 54.8100 20.5 1.347 1.286
161.237 56.17 54.8300 20.4 1.343 1.274
161.287 56.18 54.8500 20.1 1.331 1.235
161.338 56.19 54.8500 20.4 1.341 1.267
161.387 56.20 54.8500 20.7 1.353 1.308
161.437 56.21 54.8700 20.4 1.341 1.268
161.487 56.22 54.8700 20.6 1.349 1.295
161.536 56.23 54.9100 19.7 1.316 1.189
161.587 56.24 54.8800 20.8 1.357 1.324
161.637 56.25 54.9300 19.9 1.323 1.212
161.688 56.26 54.9000 20.9 1.360 1.333
161.738 56.27 54.9300 20.3 1.339 1.264
161.787 56.28 54.9500 20.2 1.333 1.246
161.838 56.29 54.9300 20.9 1.359 1.331
161.888 56.30 54.9300 21.0 1.364 1.348
161.939 56.31 54.9300 21.3 1.374 1.382
161.989 56.32 54.7700 26.0 1.553 1.961
162.037 56.33 54.9700 21.0 1.363 1.342
162.088 56.34 54.9700 21.2 1.373 1.375
162.138 56.35 54.9900 20.9 1.359 1.329
162.188 56.36 55.0100 20.5 1.347 1.289
162.238 56.37 55.0300 20.3 1.337 1.258
162.287 56.38 55.0100 21.0 1.365 1.348
162.338 56.39 55.0600 20.1 1.328 1.230
162.389 56.40 55.0600 20.4 1.340 1.270
162.439 56.41 55.0700 20.3 1.337 1.260
162.488 56.42 55.0600 20.9 1.358 1.329
162.537 56.43 55.0800 20.7 1.353 1.311
162.588 56.44 55.0900 20.5 1.345 1.287
162.638 56.45 55.1100 20.3 1.335 1.255
162.688 56.46 55.1100 20.6 1.347 1.296
162.739 56.47 55.1400 20.0 1.327 1.228
162.788 56.48 55.1500 20.2 1.332 1.246
162.840 56.49 55.1400 20.7 1.351 1.309
162.890 56.50 55.1900 19.6 1.308 1.169
162.940 56.51 55.1700 20.4 1.338 1.267
162.989 56.52 55.1900 20.2 1.332 1.250
163.038 56.53 55.1800 20.7 1.349 1.305
163.089 56.54 55.1800 20.9 1.357 1.330
163.139 56.55 55.2100 20.5 1.343 1.284
163.189 56.56 55.2300 20.2 1.333 1.253
163.239 56.57 55.2100 21.0 1.360 1.343
163.288 56.58 55.2500 20.1 1.328 1.239
163.340 56.59 55.2400 20.7 1.350 1.308
163.389 56.60 55.2300 21.1 1.364 1.355
163.439 56.61 55.3000 19.7 1.312 1.187
163.489 56.62 55.2600 20.9 1.358 1.335
163.538 56.63 55.2800 20.8 1.352 1.318
163.589 56.64 55.3000 20.4 1.338 1.272
163.639 56.65 55.3100 20.4 1.339 1.276
163.689 56.66 55.3200 20.4 1.336 1.266
163.740 56.67 55.3100 21.1 1.364 1.357
163.790 56.68 55.3200 20.9 1.356 1.332
163.840 56.69 55.3400 20.8 1.353 1.321
163.890 56.70 55.3600 20.6 1.343 1.290
163.941 56.71 55.3900 20.0 1.322 1.222
163.990 56.72 55.3900 20.3 1.332 1.256
164.040 56.73 55.3800 20.6 1.347 1.303
164.090 56.74 55.4000 20.3 1.335 1.264
164.140 56.75 55.4200 20.3 1.334 1.261
164.190 56.76 55.4300 20.2 1.330 1.251
164.240 56.77 55.4500 19.9 1.316 1.206
164.290 56.78 55.4500 20.3 1.333 1.261
164.341 56.79 55.4300 21.1 1.363 1.358
164.390 56.80 55.4600 20.4 1.335 1.269
164.440 56.81 55.4600 20.7 1.347 1.309
164.490 56.82 55.4900 20.1 1.327 1.242
164.540 56.83 55.4800 20.8 1.350 1.318
164.590 56.84 55.4900 20.7 1.347 1.307
164.640 56.85 55.5100 20.5 1.339 1.284
164.690 56.86 55.5100 20.6 1.345 1.301
164.741 56.87 55.5600 19.7 1.311 1.192
164.792 56.88 55.5600 20.1 1.323 1.232
164.841 56.89 55.5400 20.8 1.348 1.315
164.891 56.90 55.5600 20.5 1.339 1.284
164.941 56.91 55.5700 20.4 1.336 1.274
164.990 56.92 55.5600 21.0 1.357 1.343
165.041 56.93 55.5700 21.1 1.362 1.362
165.091 56.94 55.6200 20.1 1.322 1.229
165.141 56.95 55.6000 20.7 1.347 1.312
165.191 56.96 55.6000 21.1 1.359 1.352
165.241 56.97 55.6400 20.3 1.332 1.263
165.292 56.98 55.6600 20.0 1.320 1.225
165.341 56.99 55.6500 20.4 1.335 1.273
165.391 57.00 55.6600 20.6 1.342 1.298
165.441 57.01 55.6600 20.8 1.348 1.317
165.490 57.02 55.7000 20.0 1.321 1.229
165.541 57.03 55.7200 19.8 1.311 1.198
165.591 57.04 55.7300 19.9 1.314 1.209
165.641 57.05 55.7000 20.9 1.353 1.335
165.691 57.06 55.7200 20.7 1.343 1.304
165.740 57.07 55.7100 21.0 1.355 1.343
165.792 57.08 55.7200 21.1 1.359 1.355
165.842 57.09 55.7600 20.2 1.325 1.246
165.893 57.10 55.7400 21.0 1.354 1.342
165.943 57.11 55.7600 20.9 1.354 1.339
165.991 57.12 55.7800 20.6 1.342 1.300
166.042 57.13 55.7800 20.9 1.352 1.333
166.092 57.14 55.7900 20.8 1.349 1.323
166.142 57.15 55.8100 20.5 1.337 1.285
166.192 57.16 55.8300 20.4 1.334 1.275
166.241 57.17 55.8100 21.0 1.355 1.343
166.292 57.18 55.7600 22.6 1.417 1.547
166.343 57.19 55.8500 20.5 1.337 1.287
166.393 57.20 55.8700 20.4 1.334 1.277
166.442 57.21 55.8800 20.2 1.327 1.253
166.491 57.22 55.8800 20.5 1.337 1.286
166.542 57.23 55.8800 20.8 1.349 1.326
166.592 57.24 55.8700 21.5 1.374 1.408
166.642 57.25 55.9100 20.6 1.341 1.298
166.692 57.26 55.9000 21.0 1.355 1.346
166.741 57.27 55.9100 21.1 1.358 1.357
166.794 57.28 55.9400 20.5 1.336 1.283
166.844 57.29 55.9400 20.9 1.352 1.337
166.893 57.30 55.9500 20.8 1.347 1.320
166.943 57.31 55.9800 20.2 1.326 1.253
166.992 57.32 55.9900 20.2 1.325 1.251
167.043 57.33 56.0000 20.3 1.327 1.255
167.093 57.34 55.9900 21.0 1.354 1.345
167.143 57.35 56.0000 20.8 1.347 1.321
167.193 57.36 56.0000 21.2 1.361 1.367
167.242 57.37 56.0100 21.0 1.356 1.351
167.294 57.38 56.0100 21.4 1.370 1.397
167.343 57.39 56.0400 20.9 1.350 1.330
167.393 57.40 56.0400 21.1 1.357 1.356
167.443 57.41 56.0700 20.6 1.339 1.297
167.492 57.42 56.0900 20.3 1.327 1.258
167.543 57.43 56.0500 21.7 1.379 1.426
167.593 57.44 56.0900 21.0 1.354 1.344
167.643 57.45 56.1200 20.4 1.331 1.271
167.693 57.46 56.1000 21.1 1.356 1.353
167.742 57.47 56.1200 20.8 1.347 1.322
167.793 57.48 56.1300 20.9 1.350 1.333
167.844 57.49 56.1500 20.5 1.336 1.288
167.894 57.50 56.1800 20.2 1.325 1.250
167.945 57.51 56.1600 20.9 1.352 1.340
167.993 57.52 56.1500 21.4 1.371 1.400
168.044 57.53 56.1600 21.4 1.368 1.391
168.094 57.54 56.1900 20.9 1.351 1.338
168.144 57.55 56.1900 21.3 1.364 1.378
168.194 57.56 56.2200 20.7 1.343 1.311
168.243 57.57 56.2200 20.9 1.351 1.337
168.294 57.58 56.2400 20.7 1.341 1.305
168.345 57.59 56.2500 20.5 1.336 1.288
168.395 57.60 56.2600 20.5 1.335 1.286
168.444 57.61 56.2500 21.1 1.356 1.354
168.493 57.62 56.2600 21.2 1.362 1.373
168.544 57.63 56.2900 20.6 1.337 1.292
168.594 57.64 56.2800 21.1 1.358 1.360
168.644 57.65 56.3200 20.4 1.331 1.273
168.694 57.66 56.3400 20.2 1.323 1.248
168.743 57.67 56.3200 20.9 1.349 1.331
168.795 57.68 56.3300 20.8 1.346 1.321
168.844 57.69 56.3100 21.7 1.380 1.432
168.895 57.70 56.3400 21.3 1.363 1.379
168.945 57.71 56.3800 20.4 1.330 1.270
168.994 57.72 56.3700 20.8 1.347 1.324
169.045 57.73 56.3900 20.8 1.344 1.315
169.095 57.74 56.4000 20.7 1.340 1.304
169.145 57.75 56.3900 21.1 1.357 1.359
169.196 57.76 56.4100 20.9 1.347 1.327
169.245 57.77 56.4500 20.2 1.325 1.254
169.296 57.78 56.4500 20.5 1.335 1.287
169.345 57.79 56.4600 20.3 1.325 1.257
169.395 57.80 56.4500 20.9 1.350 1.339
169.445 57.81 56.4700 20.7 1.341 1.308
169.494 57.82 56.4500 21.4 1.366 1.390
169.545 57.83 56.4900 20.7 1.341 1.309
169.595 57.84 56.5000 20.7 1.341 1.307
169.645 57.85 56.5000 21.0 1.353 1.346
169.695 57.86 56.5000 21.2 1.358 1.365
169.744 57.87 56.5300 20.8 1.344 1.320
169.795 57.88 56.5200 21.2 1.361 1.374
169.845 57.89 56.5400 21.0 1.354 1.350
169.896 57.90 56.5000 22.3 1.401 1.503
169.947 57.91 56.5600 20.9 1.350 1.337
169.996 57.92 56.5800 20.7 1.342 1.313
170.047 57.93 56.5800 21.0 1.352 1.346
170.096 57.94 56.5900 21.0 1.352 1.343
170.146 57.95 56.5900 21.2 1.359 1.368
170.196 57.96 56.6200 20.6 1.337 1.296
170.245 57.97 56.6200 21.0 1.351 1.342
170.296 57.98 56.6200 21.2 1.361 1.375
170.346 57.99 56.6600 20.4 1.330 1.273
170.397 58.00 56.6500 20.9 1.349 1.334
170.447 58.01 56.6500 21.2 1.361 1.374
170.495 58.02 56.6800 20.6 1.336 1.294
170.546 58.03 56.6700 21.2 1.359 1.369
170.596 58.04 56.7100 20.5 1.333 1.282
170.646 58.05 56.6800 21.5 1.371 1.406
170.696 58.06 56.7100 20.9 1.350 1.340
170.745 58.07 56.7100 21.2 1.360 1.372
170.796 58.08 56.7200 21.2 1.362 1.376
170.847 58.09 56.7400 20.9 1.348 1.332
170.897 58.10 56.7400 21.2 1.360 1.371
170.947 58.11 56.7400 21.4 1.368 1.397
170.996 58.12 56.7600 21.2 1.360 1.372
171.047 58.13 56.7700 21.1 1.358 1.363
171.097 58.14 56.8100 20.5 1.333 1.283
171.147 58.15 56.8000 20.9 1.347 1.330
171.197 58.16 56.8300 20.3 1.327 1.264
171.246 58.17 56.8300 20.7 1.339 1.304
171.297 58.18 56.8300 21.0 1.354 1.351
171.348 58.19 56.8500 20.6 1.338 1.299
171.397 58.20 56.8300 21.5 1.369 1.402
171.447 58.21 56.8400 21.4 1.366 1.392
171.496 58.22 56.8600 21.3 1.363 1.382
171.547 58.23 56.8700 21.2 1.360 1.372
171.597 58.24 56.8800 21.1 1.357 1.363
171.647 58.25 56.9100 20.7 1.339 1.304
171.697 58.26 56.9300 20.4 1.330 1.273
171.746 58.27 56.8900 21.8 1.381 1.439
171.797 58.28 56.8700 22.6 1.412 1.542
171.847 58.29 56.9200 21.4 1.366 1.391
171.897 58.30 56.9600 20.8 1.344 1.318
171.948 58.31 56.9400 21.4 1.367 1.393
171.999 58.32 56.9500 21.4 1.366 1.390
172.048 58.33 56.9700 21.3 1.363 1.380
172.098 58.34 57.0000 20.8 1.343 1.315
172.148 58.35 57.0100 20.7 1.342 1.312
172.198 58.36 57.0000 21.3 1.365 1.387
172.248 58.37 57.0100 21.3 1.362 1.377
172.298 58.38 57.0200 21.2 1.359 1.368
172.348 58.39 57.0200 21.5 1.371 1.407
172.399 58.40 57.0600 20.6 1.338 1.299
172.448 58.41 57.0500 21.3 1.365 1.388
172.498 58.42 57.0500 21.6 1.373 1.414
172.548 58.43 57.0600 21.4 1.366 1.389
172.598 58.44 57.0900 21.1 1.354 1.352
172.648 58.45 57.0800 21.5 1.373 1.412
172.698 58.46 57.0900 21.6 1.375 1.417
172.748 58.47 57.1000 21.6 1.376 1.421
172.798 58.48 57.1200 21.1 1.358 1.362
172.849 58.49 57.1100 21.8 1.383 1.444
172.899 58.50 57.1300 21.5 1.373 1.412
172.948 58.51 57.1500 21.2 1.360 1.368
172.999 58.52 57.1400 21.9 1.385 1.449
173.049 58.53 57.1700 21.2 1.362 1.376
173.099 58.54 57.1500 21.9 1.388 1.457
173.149 58.55 57.1900 21.2 1.361 1.371
173.198 58.56 57.2100 21.1 1.356 1.354
173.249 58.57 57.2000 21.4 1.370 1.401
173.299 58.58 57.2100 21.4 1.367 1.391
173.350 58.59 57.2000 22.0 1.390 1.465
173.400 58.60 57.2300 21.4 1.368 1.393
173.448 58.61 57.1900 22.7 1.417 1.551
173.499 58.62 57.2800 20.6 1.341 1.303
173.549 58.63 57.2900 20.8 1.344 1.314
173.599 58.64 57.2700 21.4 1.369 1.396
173.649 58.65 57.2900 21.3 1.364 1.379
173.698 58.66 57.2900 21.5 1.372 1.405
173.749 58.67 57.2900 21.7 1.380 1.430
173.799 58.68 57.3200 21.2 1.362 1.371
173.849 58.69 57.3300 21.3 1.365 1.383
173.899 58.70 57.3500 20.9 1.350 1.331
173.949 58.71 57.3900 20.1 1.319 1.231
174.001 58.72 57.3600 21.1 1.357 1.355
174.051 58.73 57.3700 21.3 1.365 1.381
174.100 58.74 57.3800 21.2 1.362 1.371
174.150 58.75 57.3900 21.3 1.365 1.383
174.199 58.76 57.3800 21.7 1.382 1.436
174.250 58.77 57.4100 21.2 1.362 1.370
174.300 58.78 57.4100 21.4 1.367 1.390
174.350 58.79 57.4200 21.4 1.369 1.393
174.400 58.80 57.4100 21.9 1.389 1.461
174.450 58.81 57.4400 21.4 1.367 1.388
174.501 58.82 57.4700 20.8 1.347 1.323
174.550 58.83 57.4900 20.7 1.342 1.307
174.600 58.84 57.4800 21.1 1.359 1.360
174.650 58.85 57.5000 20.9 1.349 1.330
174.699 58.86 57.5000 21.1 1.359 1.362
174.750 58.87 57.5200 20.9 1.352 1.339
174.800 58.88 57.5400 20.5 1.336 1.288
174.850 58.89 57.5400 20.9 1.348 1.327
174.901 58.90 57.5600 20.8 1.346 1.318
174.950 58.91 57.5900 20.2 1.326 1.254
175.002 58.92 57.5400 21.7 1.378 1.426
175.051 58.93 57.5500 21.8 1.382 1.437
175.101 58.94 57.5900 20.9 1.351 1.337
175.151 58.95 57.5900 21.2 1.363 1.376
175.200 58.96 57.6200 20.6 1.339 1.297
175.251 58.97 57.6000 21.5 1.373 1.407
175.301 58.98 57.6100 21.4 1.368 1.390
175.351 58.99 57.6400 20.9 1.352 1.339
175.402 59.00 57.6000 22.1 1.396 1.483
175.451 59.01 57.6500 21.1 1.361 1.362
175.501 59.02 57.6500 21.2 1.375 1.371
175.551 59.03 57.6600 20.8 1.372 1.326
175.601 59.04 57.6700 20.6 1.374 1.299
175.651 59.05 57.6800 20.1 1.368 1.240
175.700 59.06 57.6900 19.9 1.367 1.206
175.751 59.07 57.7100 19.3 1.357 1.138
175.801 59.08 57.7000 19.6 1.377 1.170
175.851 59.09 57.7200 19.1 1.369 1.115
175.901 59.10 57.7400 18.7 1.361 1.061
175.950 59.11 57.7700 17.7 1.334 0.938
176.001 59.11 57.7400 18.4 1.370 1.025
176.052 59.12 57.7600 18.1 1.368 0.991
176.102 59.13 57.7700 17.8 1.365 0.951
176.152 59.14 57.7700 17.7 1.371 0.945
176.201 59.15 57.7900 17.1 1.356 0.864
176.253 59.16 57.8200 16.4 1.341 0.788
176.303 59.17 57.8100 16.6 1.354 0.804
176.352 59.17 57.8300 16.1 1.345 0.750
176.402 59.18 57.8400 15.9 1.345 0.723
176.451 59.19 57.8600 15.4 1.333 0.662
176.502 59.20 57.8500 15.5 1.348 0.678
176.552 59.21 57.8800 14.9 1.330 0.601
176.602 59.22 57.8500 15.6 1.364 0.686
176.652 59.22 57.8900 14.7 1.337 0.569
176.701 59.23 57.8700 15.1 1.360 0.625
176.752 59.24 57.9200 13.8 1.319 0.466
176.802 59.25 57.9000 14.4 1.348 0.537
176.853 59.25 57.9200 13.8 1.332 0.467
176.902 59.26 57.9400 13.3 1.318 0.399
176.951 59.27 57.9400 13.4 1.332 0.420
177.002 59.28 57.9600 12.9 1.316 0.352
177.052 59.28 57.9800 12.2 1.299 0.276
177.103 59.29 57.9900 12.0 1.296 0.242
177.153 59.30 57.9900 12.0 1.303 0.249
177.202 59.30 58.0200 11.5 1.288 0.180
177.253 59.31 58.0000 12.0 1.312 0.243
177.303 59.32 58.0100 11.7 1.309 0.209
177.353 59.33 58.0200 11.4 1.303 0.173
177.404 59.33 58.0100 11.7 1.320 0.209
177.453 59.34 58.0100 11.8 1.327 0.215
177.504 59.35 58.0600 10.6 1.289 0.076
177.553 59.35 58.0400 11.1 1.312 0.138
177.603 59.36 58.0500 10.8 1.306 0.098
177.653 59.36 58.0900 9.9 1.278 -0.009
177.703 59.37 58.0900 10.0 1.284 -0.002
177.754 59.38 58.0800 10.1 1.293 0.012
177.804 59.38 58.1200 9.3 1.267 -0.086
177.853 59.39 58.0800 10.3 1.310 0.040
177.903 59.40 58.1300 9.0 1.264 -0.121
177.952 59.40 58.1200 9.3 1.279 -0.088
178.003 59.41 58.1400 9.0 1.272 -0.123
178.053 59.41 58.1500 8.8 1.267 -0.151
178.104 59.42 58.1800 8.0 1.243 -0.242
178.154 59.43 58.2000 7.5 1.228 -0.306
178.203 59.43 58.1900 7.7 1.240 -0.278
178.254 59.44 58.2000 7.5 1.235 -0.307
178.304 59.44 58.1800 8.1 1.260 -0.231
178.354 59.45 58.1800 8.2 1.265 -0.226
178.405 59.45 58.2000 7.6 1.249 -0.289
178.453 59.46 58.2200 7.2 1.236 -0.340
178.504 59.46 58.2400 6.9 1.226 -0.381
178.554 59.47 58.2600 6.4 1.212 -0.438
178.604 59.48 58.2700 6.2 1.205 -0.468
178.654 59.48 58.2600 6.5 1.221 -0.426
178.703 59.49 58.2900 5.9 1.200 -0.503
178.754 59.49 58.2700 6.5 1.225 -0.430
178.804 59.50 58.3100 5.3 1.183 -0.570
178.854 59.50 58.3200 5.1 1.178 -0.598
178.905 59.51 58.3100 5.4 1.191 -0.565
178.954 59.51 58.3000 5.8 1.207 -0.518
179.004 59.52 58.3300 5.1 1.184 -0.596
179.054 59.52 58.3700 4.0 1.146 -0.729
179.104 59.53 58.3400 5.0 1.183 -0.613
179.155 59.53 58.3600 4.6 1.173 -0.656
179.204 59.53 58.3700 4.5 1.169 -0.671
179.255 59.54 58.4000 3.7 1.142 -0.764
179.305 59.54 58.3900 4.1 1.159 -0.716
179.355 59.55 58.4600 2.3 1.091 -0.934
179.406 59.55 58.4300 3.0 1.119 -0.851
179.455 59.56 58.4300 3.3 1.132 -0.817
179.506 59.56 58.4400 3.0 1.122 -0.849
179.555 59.57 58.4400 3.2 1.130 -0.828
179.605 59.57 58.4500 2.9 1.122 -0.859
179.655 59.57 58.4400 3.1 1.130 -0.834
179.704 59.58 58.4800 2.4 1.101 -0.932
179.756 59.58 58.4900 2.2 1.096 -0.949
179.805 59.59 58.4700 2.8 1.117 -0.882
179.855 59.59 58.5100 1.8 1.083 -1.001
179.905 59.60 58.5200 1.5 1.072 -1.032
179.954 59.60 58.5200 1.6 1.076 -1.025
180.005 59.60 58.5400 1.3 1.066 -1.057
180.055 59.61 58.5600 0.7 1.044 -1.127
180.105 59.61 58.5600 1.0 1.054 -1.095
180.156 59.62 58.5700 0.8 1.045 -1.124
180.206 59.62 58.5800 0.5 1.034 -1.161
180.257 59.62 58.5800 0.8 1.047 -1.122
180.307 59.63 58.6100 0.0 1.017 -1.215
180.357 59.63 58.6000 0.5 1.035 -1.160
180.406 59.63 58.6300 0.0 1.009 -1.241
180.456 59.64 58.6000 0.5 1.034 -1.160
180.506 59.64 58.6300 0.0 1.012 -1.232
180.556 59.65 58.6200 0.2 1.024 -1.192
180.606 59.65 58.6500 0.0 1.002 -1.258
180.656 59.65 58.6400 0.0 1.010 -1.239
180.706 59.66 58.6700 0.0 0.990 -1.298
180.757 59.66 58.6700 0.0 0.985 -1.315
180.806 59.66 58.7100 0.0 0.950 -1.427
180.856 59.67 58.6800 0.0 0.990 -1.292
180.906 59.67 58.7000 0.0 0.970 -1.357
180.956 59.67 58.7100 0.0 0.965 -1.367
181.006 59.68 58.7300 0.0 0.947 -1.425
181.056 59.68 58.7400 0.0 0.941 -1.442
181.106 59.68 58.7400 0.0 0.938 -1.445
181.156 59.69 58.7400 0.0 0.943 -1.427
181.207 59.69 58.7400 0.0 0.947 -1.416
181.257 59.69 58.7500 0.0 0.945 -1.413
181.308 59.69 58.7800 0.0 0.910 -1.520
181.357 59.70 58.7900 0.0 0.905 -1.536
181.406 59.70 58.8100 0.0 0.891 -1.580
181.457 59.70 58.7900 0.0 0.911 -1.508
181.507 59.71 58.8200 0.0 0.884 -1.588
181.557 59.71 58.8300 0.0 0.881 -1.597
181.607 59.71 58.8200 0.0 0.890 -1.565
181.656 59.72 58.8700 0.0 0.847 -1.700
181.707 59.72 58.8800 0.0 0.841 -1.711
181.757 59.72 58.8600 0.0 0.863 -1.636
181.807 59.72 58.8600 0.0 0.863 -1.628
181.857 59.73 58.8900 0.0 0.832 -1.720
181.906 59.73 58.8900 0.0 0.837 -1.702
181.957 59.73 58.9100 0.0 0.825 -1.734
182.008 59.73 58.9200 0.0 0.819 -1.744
182.058 59.74 58.9400 0.0 0.801 -1.801
182.108 59.74 58.9400 0.0 0.801 -1.791
182.156 59.74 58.9500 0.0 0.791 -1.817
182.208 59.75 58.9600 0.0 0.783 -1.838
182.258 59.75 58.9600 0.0 0.783 -1.830
182.308 59.75 58.9800 0.0 0.769 -1.867
182.358 59.75 58.9800 0.0 0.769 -1.857
182.407 59.76 58.9800 0.0 0.776 -1.832
182.458 59.76 59.0500 0.0 0.711 -2.036
182.508 59.76 59.0200 0.0 0.743 -1.922
182.559 59.76 59.0000 0.0 0.762 -1.851
182.609 59.77 59.0200 0.0 0.746 -1.902
182.657 59.77 59.0200 0.0 0.752 -1.866
182.708 59.77 59.0700 0.0 0.695 -2.041
182.758 59.77 59.0400 0.0 0.731 -1.920
182.808 59.77 59.0600 0.0 0.717 -1.957
182.858 59.78 59.0900 0.0 0.687 -2.045
182.907 59.78 59.0700 0.0 0.711 -1.960
182.958 59.78 59.0800 0.0 0.702 -1.977
183.008 59.78 59.1200 0.0 0.666 -2.084
183.058 59.79 59.1200 0.0 0.669 -2.073
183.108 59.79 59.1200 0.0 0.668 -2.058
183.158 59.79 59.1400 0.0 0.645 -2.129
183.210 59.79 59.1600 0.0 0.628 -2.169
183.259 59.79 59.1500 0.0 0.641 -2.122
183.309 59.80 59.1500 0.0 0.641 -2.107
183.359 59.80 59.1900 0.0 0.611 -2.199
183.408 59.80 59.1700 0.0 0.630 -2.129
183.459 59.80 59.1900 0.0 0.615 -2.166
183.509 59.80 59.2000 0.0 0.605 -2.192
183.559 59.81 59.2100 0.0 0.600 -2.195
183.609 59.81 59.1900 0.0 0.613 -2.144
183.659 59.81 59.2100 0.0 0.604 -2.156
183.710 59.81 59.2200 0.0 0.587 -2.202
183.760 59.81 59.2400 0.0 0.576 -2.226
183.809 59.82 59.2400 0.0 0.580 -2.202
183.859 59.82 59.3100 0.0 0.508 -2.427
183.908 59.82 59.2800 0.0 0.542 -2.307
183.960 59.82 59.2800 0.0 0.541 -2.297
184.010 59.82 59.3100 0.0 0.514 -2.378
184.060 59.82 59.2900 0.0 0.539 -2.284
184.110 59.83 59.3200 0.0 0.505 -2.380
184.158 59.83 59.3100 0.0 0.515 -2.340
184.209 59.83 59.3400 0.0 0.493 -2.394
184.260 59.83 59.3300 0.0 0.499 -2.364
184.310 59.83 59.3500 0.0 0.482 -2.409
184.360 59.83 59.3500 0.0 0.481 -2.400
184.409 59.84 59.3800 0.0 0.452 -2.486
184.460 59.84 59.3600 0.0 0.476 -2.394
184.510 59.84 59.4100 0.0 0.434 -2.517
184.561 59.84 59.4100 0.0 0.433 -2.512
184.611 59.84 59.4200 0.0 0.422 -2.531
184.659 59.84 59.4200 0.0 0.420 -2.522
184.710 59.85 59.4300 0.0 0.419 -2.518
184.760 59.85 59.4400 0.0 0.412 -2.523
184.810 59.85 59.4500 0.0 0.395 -2.569
184.860 59.85 59.4500 0.0 0.402 -2.532
184.909 59.85 59.4600 0.0 0.387 -2.564
184.960 59.85 59.4500 0.0 0.399 -2.519
185.010 59.86 59.4800 0.0 0.375 -2.580
185.060 59.86 59.4800 0.0 0.375 -2.565
185.111 59.86 59.4900 0.0 0.366 -2.588
185.160 59.86 59.4700 0.0 0.388 -2.498
185.210 59.86 59.4900 0.0 0.375 -2.530
185.261 59.86 59.5100 0.0 0.351 -2.596
185.311 59.86 59.5400 0.0 0.325 -2.664
185.361 59.86 59.5400 0.0 0.326 -2.646
185.410 59.87 59.5500 0.0 0.315 -2.672
185.461 59.87 59.5600 0.0 0.304 -2.690
185.511 59.87 59.5600 0.0 0.307 -2.667
185.561 59.87 59.5500 0.0 0.323 -2.597
185.611 59.87 59.6000 0.0 0.268 -2.767
185.661 59.87 59.5800 0.0 0.288 -2.688
185.712 59.87 59.6000 0.0 0.272 -2.722
185.761 59.88 59.6000 0.0 0.278 -2.691
185.812 59.88 59.6200 0.0 0.258 -2.744
185.862 59.88 59.6100 0.0 0.263 -2.709
185.910 59.88 59.6000 0.0 0.275 -2.659
185.961 59.88 59.6500 0.0 0.226 -2.808
186.011 59.88 59.6400 0.0 0.238 -2.752
186.061 59.88 59.6300 0.0 0.253 -2.687
186.111 59.88 59.6300 0.0 0.255 -2.666
186.160 59.88 59.6600 0.0 0.224 -2.754
186.211 59.89 59.6800 0.0 0.204 -2.806
186.261 59.89 59.7100 0.0 0.180 -2.867
186.312 59.89 59.6700 0.0 0.217 -2.734
186.363 59.89 59.7000 0.0 0.187 -2.816
186.412 59.89 59.7100 0.0 0.179 -2.828
186.462 59.89 59.7300 0.0 0.162 -2.867
186.512 59.89 59.7400 0.0 0.154 -2.878
186.562 59.89 59.7300 0.0 0.166 -2.823
186.612 59.89 59.7400 0.0 0.159 -2.833
186.661 59.90 59.7500 0.0 0.147 -2.854
186.712 59.90 59.7600 0.0 0.133 -2.886
186.762 59.90 59.7700 0.0 0.130 -2.884
186.812 59.90 59.7400 0.0 0.160 -2.768
186.863 59.90 59.7800 0.0 0.119 -2.889
186.911 59.90 59.7900 0.0 0.110 -2.902
186.962 59.90 59.8100 0.0 0.092 -2.941
187.012 59.90 59.8300 0.0 0.076 -2.981
187.062 59.90 59.7900 0.0 0.111 -2.849
187.112 59.90 59.8300 0.0 0.076 -2.950
187.161 59.91 59.8000 0.0 0.102 -2.848
187.212 59.91 59.8400 0.0 0.070 -2.941
187.262 59.91 59.8500 0.0 0.056 -2.968
187.314 59.91 59.8600 0.0 0.048 -2.974
187.364 59.91 59.8100 0.0 0.095 -2.809
187.412 59.91 59.8300 0.0 0.080 -2.842
187.463 59.91 59.8700 0.0 0.041 -2.957
187.513 59.91 59.8600 0.0 0.056 -2.895
187.563 59.91 59.9000 0.0 0.017 -3.005
187.613 59.91 59.8800 0.0 0.035 -2.928
187.662 59.91 59.9000 0.0 0.011 -2.995
187.713 59.92 59.9100 0.0 0.001 -3.008
187.763 59.92 59.9200 0.0 -0.004 -3.014
187.813 59.92 59.9700 0.0 -0.052 -3.149
187.863 59.92 59.9200 0.0 -0.001 -2.964
187.912 59.92 59.9100 0.0 0.011 -2.915
187.963 59.92 59.9500 0.0 -0.033 -3.039
188.013 59.92 59.9500 0.0 -0.034 -3.031
188.063 59.92 59.9700 0.0 -0.048 -3.057
188.114 59.92 59.9800 0.0 -0.058 -3.077
188.163 59.92 60.0200 0.0 -0.092 -3.166
188.213 59.92 59.9800 0.0 -0.052 -3.020
188.263 59.92 59.9900 0.0 -0.066 -3.054
188.313 59.93 59.9900 0.0 -0.069 -3.048
188.364 59.93 60.0000 0.0 -0.071 -3.033
188.413 59.93 60.0000 0.0 -0.078 -3.039
188.464 59.93 60.0400 0.0 -0.113 -3.141
188.514 59.93 60.0500 0.0 -0.125 -3.161
188.564 59.93 60.0500 0.0 -0.124 -3.146
188.615 59.93 60.0300 0.0 -0.103 -3.057
188.664 59.93 60.0500 0.0 -0.121 -3.099
188.715 59.93 60.0500 0.0 -0.122 -3.090
188.764 59.93 60.0800 0.0 -0.149 -3.159
188.814 59.93 60.0700 0.0 -0.137 -3.104
188.864 59.93 60.0800 0.0 -0.147 -3.123
188.913 59.93 60.0800 0.0 -0.142 -3.092
188.964 59.93 60.0900 0.0 -0.156 -3.117
189.014 59.94 60.1100 0.0 -0.172 -3.157
189.064 59.94 60.1200 0.0 -0.184 -3.178
189.114 59.94 60.0900 0.0 -0.156 -3.070
189.163 59.94 60.1500 0.0 -0.214 -3.245
189.215 59.94 60.1600 0.0 -0.222 -3.253
189.264 59.94 60.1500 0.0 -0.215 -3.212
189.314 59.94 60.1600 0.0 -0.217 -3.203
189.365 59.94 60.1300 0.0 -0.195 -3.116
189.415 59.94 60.1800 0.0 -0.239 -3.240
189.465 59.94 60.1600 0.0 -0.223 -3.170
189.515 59.94 60.1700 0.0 -0.233 -3.191
189.565 59.94 60.1900 0.0 -0.252 -3.232
189.615 59.94 60.1700 0.0 -0.232 -3.151
189.665 59.94 60.2000 0.0 -0.261 -3.232
189.716 59.94 60.1900 0.0 -0.243 -3.158
189.765 59.94 60.2200 0.0 -0.274 -3.240
189.816 59.94 60.2200 0.0 -0.274 -3.225
189.865 59.95 60.2200 0.0 -0.277 -3.220
189.915 59.95 60.2200 0.0 -0.271 -3.181
189.966 59.95 60.2500 0.0 -0.301 -3.261
190.016 59.95 60.3000 0.0 -0.357 -3.432
190.065 59.95 60.2600 0.0 -0.309 -3.254
190.115 59.95 60.2900 0.0 -0.337 -3.331
190.165 59.95 60.3000 0.0 -0.354 -3.370
190.215 59.95 60.2600 0.0 -0.316 -3.222
190.265 59.95 60.2800 0.0 -0.325 -3.241
190.315 59.95 60.2900 0.0 -0.335 -3.257
190.365 59.95 60.2900 0.0 -0.343 -3.264
190.416 59.95 60.3000 0.0 -0.351 -3.277
190.467 59.95 60.3100 0.0 -0.361 -3.292
190.517 59.95 60.2900 0.0 -0.333 -3.185
190.566 59.95 60.3000 0.0 -0.352 -3.226
190.615 59.95 60.3000 0.0 -0.351 -3.213
190.666 59.95 60.3500 0.0 -0.395 -3.336
190.716 59.95 60.3300 0.0 -0.375 -3.257
190.766 59.95 60.3400 0.0 -0.381 -3.256
190.816 59.95 60.3500 0.0 -0.400 -3.305
190.865 59.96 60.3700 0.0 -0.414 -3.334
190.917 59.96 60.3500 0.0 -0.397 -3.260
190.967 59.96 60.3700 0.0 -0.417 -3.308
191.017 59.96 60.3700 0.0 -0.414 -3.287
191.066 59.96 60.3900 0.0 -0.431 -3.324
191.115 59.96 60.3600 0.0 -0.405 -3.224
191.166 59.96 60.3900 0.0 -0.436 -3.307
191.216 59.96 60.3700 0.0 -0.415 -3.219
191.266 59.96 60.4000 0.0 -0.446 -3.302
191.316 59.96 60.4300 0.0 -0.470 -3.371
191.365 59.96 60.3900 0.0 -0.434 -3.236
191.418 59.96 60.4200 0.0 -0.457 -3.293
191.468 59.96 60.4300 0.0 -0.473 -3.327
191.517 59.96 60.4300 0.0 -0.471 -3.308
191.567 59.96 60.4300 0.0 -0.464 -3.270
191.616 59.96 60.4300 0.0 -0.468 -3.265
191.667 59.96 60.4600 0.0 -0.499 -3.348
191.717 59.96 60.4700 0.0 -0.507 -3.361
191.767 59.96 60.4700 0.0 -0.502 -3.330
191.817 59.96 60.4700 0.0 -0.502 -3.311
191.866 59.96 60.4800 0.0 -0.514 -3.333
191.917 59.96 60.4800 0.0 -0.514 -3.315
191.967 59.96 60.5100 0.0 -0.543 -3.392
192.017 59.96 60.4900 0.0 -0.528 -3.324
192.067 59.96 60.5500 0.0 -0.586 -3.496
192.116 59.97 60.5600 0.0 -0.592 -3.503
192.167 59.97 60.5100 0.0 -0.545 -3.335
192.217 59.97 60.4900 0.0 -0.520 -3.236
192.268 59.97 60.5400 0.0 -0.576 -3.400
192.318 59.97 60.5300 0.0 -0.563 -3.347
192.366 59.97 60.5500 0.0 -0.582 -3.384
192.418 59.97 60.5600 0.0 -0.594 -3.412
192.468 59.97 60.5400 0.0 -0.573 -3.327
192.518 59.97 60.5400 0.0 -0.568 -3.295
192.568 59.97 60.5500 0.0 -0.580 -3.318
192.617 59.97 60.5600 0.0 -0.592 -3.345
192.668 59.97 60.5500 0.0 -0.584 -3.301
192.718 59.97 60.6100 0.0 -0.640 -3.466
192.769 59.97 60.6000 0.0 -0.627 -3.407
192.818 59.97 60.5800 0.0 -0.614 -3.348
192.867 59.97 60.6000 0.0 -0.629 -3.379
192.918 59.97 60.5700 0.0 -0.603 -3.278
192.968 59.97 60.6200 0.0 -0.647 -3.402
193.018 59.97 60.6200 0.0 -0.651 -3.398
193.068 59.97 60.6300 0.0 -0.663 -3.427
193.117 59.97 60.6200 0.0 -0.652 -3.375
193.168 59.97 60.6400 0.0 -0.668 -3.411
193.218 59.97 60.6400 0.0 -0.672 -3.408
193.268 59.97 60.6500 0.0 -0.678 -3.416
193.319 59.97 60.6300 0.0 -0.659 -3.331
193.368 59.97 60.6500 0.0 -0.676 -3.374
193.418 59.97 60.6600 0.0 -0.686 -3.392
193.469 59.97 60.6600 0.0 -0.686 -3.374
193.519 59.97 60.6900 0.0 -0.717 -3.456
193.569 59.97 60.6800 0.0 -0.706 -3.406
193.618 59.97 60.6900 0.0 -0.712 -3.408
193.669 59.97 60.7000 0.0 -0.730 -3.451
193.719 59.97 60.7000 0.0 -0.726 -3.425
193.770 59.98 60.7000 0.0 -0.726 -3.409
193.820 59.98 60.7000 0.0 -0.728 -3.398
193.869 59.98 60.7000 0.0 -0.725 -3.374
193.919 59.98 60.7000 0.0 -0.723 -3.350
193.969 59.98 60.7200 0.0 -0.748 -3.414
194.020 59.98 60.7200 0.0 -0.745 -3.391
194.070 59.98 60.7400 0.0 -0.760 -3.420
194.118 59.98 60.7400 0.0 -0.762 -3.409
194.169 59.98 60.7700 0.0 -0.793 -3.494
194.219 59.98 60.7500 0.0 -0.771 -3.415
194.269 59.98 60.7400 0.0 -0.767 -3.384
194.319 59.98 60.7500 0.0 -0.777 -3.401
194.368 59.98 60.7600 0.0 -0.779 -3.392
194.419 59.98 60.7500 0.0 -0.775 -3.360
194.471 59.98 60.7800 0.0 -0.801 -3.432
194.521 59.98 60.8100 0.0 -0.835 -3.522
194.571 59.98 60.7700 0.0 -0.795 -3.383
194.619 59.98 60.7900 0.0 -0.807 -3.401
194.670 59.98 60.8000 0.0 -0.822 -3.437
194.720 59.98 60.7900 0.0 -0.809 -3.380
194.770 59.98 60.7900 0.0 -0.813 -3.377
194.820 59.98 60.8000 0.0 -0.819 -3.380
194.869 59.98 60.8400 0.0 -0.856 -3.486
194.920 59.98 60.8300 0.0 -0.852 -3.456
194.970 59.98 60.8000 0.0 -0.824 -3.351
195.021 59.98 60.8300 0.0 -0.847 -3.414
195.071 59.98 60.8100 0.0 -0.832 -3.352
195.120 59.98 60.8300 0.0 -0.853 -3.403
195.170 59.98 60.8300 0.0 -0.851 -3.380
195.220 59.98 60.8300 0.0 -0.851 -3.363
195.270 59.98 60.8700 0.0 -0.884 -3.455
195.320 59.98 60.8400 0.0 -0.858 -3.357
195.369 59.98 60.8400 0.0 -0.862 -3.354
195.420 59.98 60.8700 0.0 -0.883 -3.406
195.470 59.98 60.8700 0.0 -0.885 -3.398
195.521 59.98 60.8700 0.0 -0.891 -3.400
195.571 59.98 60.9100 0.0 -0.924 -3.492
195.621 59.98 60.8800 0.0 -0.901 -3.402
195.672 59.98 60.8700 0.0 -0.884 -3.331
195.722 59.98 60.9200 0.0 -0.932 -3.470
195.771 59.98 60.8800 0.0 -0.894 -3.339
195.821 59.98 60.8900 0.0 -0.911 -3.378
195.871 59.98 60.9000 0.0 -0.919 -3.388
195.922 59.98 60.9200 0.0 -0.940 -3.441
195.971 59.98 60.9000 0.0 -0.916 -3.349
196.021 59.98 60.9400 0.0 -0.954 -3.457
196.071 59.98 60.9200 0.0 -0.933 -3.371
196.120 59.98 60.9400 0.0 -0.953 -3.430
196.171 59.98 60.9400 0.0 -0.953 -3.409
196.221 59.98 60.9400 0.0 -0.959 -3.419
196.271 59.98 60.9200 0.0 -0.930 -3.303
196.321 59.99 60.9700 0.0 -0.982 -3.462
196.370 59.99 60.9500 0.0 -0.969 -3.407
196.422 59.99 60.9500 0.0 -0.961 -3.358
196.472 59.99 60.9400 0.0 -0.950 -3.314
196.522 59.99 60.9800 0.0 -0.996 -3.448
196.572 59.99 60.9600 0.0 -0.971 -3.350
196.621 59.99 60.9800 0.0 -0.989 -3.397
196.672 59.99 60.9400 0.0 -0.958 -3.280
196.722 59.99 60.9600 0.0 -0.972 -3.312
196.772 59.99 60.9900 0.0 -1.003 -3.404
196.822 59.99 60.9900 0.0 -1.005 -3.390
196.872 59.99 60.9900 0.0 -1.005 -3.374
196.923 59.99 60.9500 0.0 -0.964 -3.225
196.972 59.99 61.0100 0.0 -1.028 -3.425
197.022 59.99 60.9900 0.0 -1.007 -3.343
197.072 59.99 61.0100 0.0 -1.019 -3.368
197.121 59.99 61.0000 0.0 -1.015 -3.340
197.172 59.99 61.0200 0.0 -1.036 -3.393
197.222 59.99 61.0400 0.0 -1.052 -3.431
197.272 59.99 61.0300 0.0 -1.044 -3.389
197.322 59.99 61.0300 0.0 -1.040 -3.361
197.372 59.99 61.0500 0.0 -1.060 -3.413
197.423 59.99 61.0000 0.0 -1.010 -3.236
197.472 59.99 61.0400 0.0 -1.054 -3.364
197.522 59.99 61.0600 0.0 -1.068 -3.397
197.573 59.99 61.0500 0.0 -1.058 -3.347
197.623 59.99 61.0600 0.0 -1.068 -3.366
197.673 59.99 61.0600 0.0 -1.068 -3.351
197.723 59.99 61.0700 0.0 -1.078 -3.371
197.774 59.99 61.0800 0.0 -1.094 -3.410
197.823 59.99 61.0900 0.0 -1.105 -3.429
197.873 59.99 61.1000 0.0 -1.115 -3.447
197.924 59.99 61.1000 0.0 -1.109 -3.412
197.974 59.99 61.0900 0.0 -1.104 -3.391
198.024 59.99 61.1100 0.0 -1.123 -3.437
198.073 59.99 61.0800 0.0 -1.094 -3.328
198.123 59.99 61.1100 0.0 -1.119 -3.389
198.173 59.99 61.1100 0.0 -1.118 -3.380
198.223 59.99 61.1000 0.0 -1.108 -3.332
198.273 59.99 61.1000 0.0 -1.114 -3.337
198.323 59.99 61.0900 0.0 -1.097 -3.271
198.373 59.99 61.1300 0.0 -1.137 -3.384
198.424 59.99 61.1200 0.0 -1.131 -3.351
198.474 59.99 61.1100 0.0 -1.122 -3.308
198.523 59.99 61.1300 0.0 -1.141 -3.361
198.573 59.99 61.1100 0.0 -1.118 -3.268
198.624 59.99 61.1400 0.0 -1.149 -3.360
198.674 59.99 61.1500 0.0 -1.155 -3.361
198.724 59.99 61.1600 0.0 -1.171 -3.406
198.774 59.99 61.1500 0.0 -1.163 -3.360
198.824 59.99 61.1200 0.0 -1.134 -3.257
198.875 59.99 61.1600 0.0 -1.169 -3.352
198.924 59.99 61.1500 0.0 -1.161 -3.317
198.974 59.99 61.1600 0.0 -1.167 -3.325
199.024 59.99 61.1700 0.0 -1.183 -3.358
199.073 59.99 61.1600 0.0 -1.164 -3.288
199.124 59.99 61.1700 0.0 -1.175 -3.304
199.174 59.99 61.1800 0.0 -1.185 -3.329
199.225 59.99 61.1800 0.0 -1.191 -3.337
199.275 59.99 61.1500 0.0 -1.162 -3.228
199.324 59.99 61.1600 0.0 -1.170 -3.243
199.374 59.99 61.2100 0.0 -1.218 -3.385
199.424 59.99 61.1900 0.0 -1.195 -3.297
199.474 59.99 61.2000 0.0 -1.205 -3.316
199.524 59.99 61.1700 0.0 -1.178 -3.216
199.573 59.99 61.1800 0.0 -1.189 -3.237
199.625 59.99 61.2000 0.0 -1.209 -3.297
199.675 59.99 61.1800 0.0 -1.186 -3.204
199.726 59.99 61.2100 0.0 -1.219 -3.299
199.775 59.99 61.2300 0.0 -1.242 -3.359
199.824 59.99 61.2100 0.0 -1.219 -3.277
199.875 59.99 61.2400 0.0 -1.244 -3.347
199.925 59.99 61.2100 0.0 -1.221 -3.259
199.975 59.99 61.2100 0.0 -1.215 -3.226
200.025 59.99 61.2500 0.0 -1.256 -3.348
200.074 59.99 61.2200 0.0 -1.227 -3.240
200.125 59.99 61.2600 0.0 -1.271 -3.369
200.175 59.99 61.2300 0.0 -1.240 -3.255
200.226 59.99 61.2400 0.0 -1.248 -3.269
200.276 59.99 61.2100 0.0 -1.215 -3.148
200.324 59.99 61.2500 0.0 -1.256 -3.271
200.375 59.99 61.2400 0.0 -1.245 -3.224
200.425 59.99 61.2900 0.0 -1.302 -3.394
200.475 59.99 61.2600 0.0 -1.266 -3.266
200.525 59.99 61.3200 0.0 -1.322 -3.435
200.574 59.99 61.2600 0.0 -1.262 -3.226
200.626 59.99 61.2800 0.0 -1.287 -3.294
200.677 59.99 61.2800 0.0 -1.289 -3.289
200.727 59.99 61.2700 0.0 -1.276 -3.235
200.776 59.99 61.2900 0.0 -1.301 -3.304
200.825 59.99 61.2800 0.0 -1.282 -3.230
200.876 59.99 61.3000 0.0 -1.303 -3.285
200.926 59.99 61.2800 0.0 -1.282 -3.205
200.976 59.99 61.3000 0.0 -1.303 -3.260
201.026 59.99 61.3000 0.0 -1.307 -3.262
201.076 59.99 61.3100 0.0 -1.315 -3.276
201.127 59.99 61.2900 0.0 -1.299 -3.212
201.176 59.99 61.3100 0.0 -1.311 -3.238
201.226 59.99 61.2900 0.0 -1.292 -3.165
201.276 59.99 61.2900 0.0 -1.292 -3.153
201.325 59.99 61.3200 0.0 -1.321 -3.236
201.376 59.99 61.3300 0.0 -1.331 -3.258
201.426 59.99 61.3100 0.0 -1.319 -3.205
201.476 59.99 61.2900 0.0 -1.294 -3.112
201.527 59.99 61.3400 0.0 -1.342 -3.255
201.576 59.99 61.3100 0.0 -1.313 -3.149
201.626 59.99 61.3500 0.0 -1.354 -3.271
201.677 59.99 61.3300 0.0 -1.339 -3.213
201.727 59.99 61.3200 0.0 -1.325 -3.154
201.777 59.99 61.3400 0.0 -1.341 -3.195
201.826 60.00 61.3700 0.0 -1.378 -3.305
201.877 60.00 61.3300 0.0 -1.335 -3.151
201.927 60.00 61.3500 0.0 -1.351 -3.194
201.977 60.00 61.3600 0.0 -1.366 -3.230
202.027 60.00 61.3400 0.0 -1.341 -3.143
202.076 60.00 61.3500 0.0 -1.351 -3.166
202.127 60.00 61.3700 0.0 -1.370 -3.215
202.177 60.00 61.3300 0.0 -1.337 -3.090
202.228 60.00 61.3400 0.0 -1.349 -3.125
202.277 60.00 61.3700 0.0 -1.378 -3.208
202.326 60.00 61.3800 0.0 -1.384 -3.217
202.377 60.00 61.3600 0.0 -1.363 -3.132
202.427 60.00 61.3700 0.0 -1.374 -3.160
202.477 60.00 61.3700 0.0 -1.376 -3.155
202.527 60.00 61.3700 0.0 -1.376 -3.144
202.576 60.00 61.3600 0.0 -1.363 -3.094
202.628 60.00 61.3500 0.0 -1.353 -3.047
202.678 60.00 61.3800 0.0 -1.380 -3.125
202.728 60.00 61.3600 0.0 -1.367 -3.075
202.778 60.00 61.3600 0.0 -1.367 -3.063
202.827 60.00 61.3900 0.0 -1.390 -3.126
202.878 60.00 61.4000 0.0 -1.404 -3.163
202.928 60.00 61.3800 0.0 -1.380 -3.070
202.978 60.00 61.4200 0.0 -1.419 -3.189
203.028 60.00 61.3800 0.0 -1.380 -3.048
203.078 60.00 61.4000 0.0 -1.404 -3.118
203.129 60.00 61.3800 0.0 -1.382 -3.035
203.178 60.00 61.3800 0.0 -1.388 -3.043
203.228 60.00 61.4100 0.0 -1.412 -3.113
203.278 60.00 61.3900 0.0 -1.396 -3.050
203.327 60.00 61.4000 0.0 -1.404 -3.065
203.378 60.00 61.4000 0.0 -1.404 -3.054
203.428 60.00 61.4200 0.0 -1.425 -3.113
203.478 60.00 61.4000 0.0 -1.400 -3.020
203.528 60.00 61.4200 0.0 -1.427 -3.104
203.578 60.00 61.4400 0.0 -1.447 -3.156
203.629 60.00 61.4200 0.0 -1.425 -3.076
203.678 60.00 61.4200 0.0 -1.418 -3.040
203.729 60.00 61.4200 0.0 -1.427 -3.062
203.779 60.00 61.4300 0.0 -1.435 -3.074
203.828 60.00 61.4300 0.0 -1.433 -3.062
203.879 60.00 61.4300 0.0 -1.429 -3.033
203.929 60.00 61.4400 0.0 -1.447 -3.089
203.979 60.00 61.4200 0.0 -1.422 -2.992
204.029 60.00 61.4300 0.0 -1.429 -3.008
204.078 60.00 61.4400 0.0 -1.445 -3.046
204.129 60.00 61.4500 0.0 -1.451 -3.061
204.179 60.00 61.4400 0.0 -1.439 -3.006
204.229 60.00 61.4500 0.0 -1.457 -3.062
204.279 60.00 61.4400 0.0 -1.441 -2.992
204.329 60.00 61.4600 0.0 -1.459 -3.048
204.380 60.00 61.4600 0.0 -1.463 -3.046
204.429 60.00 61.4300 0.0 -1.430 -2.935
204.479 60.00 61.4400 0.0 -1.445 -2.966
204.529 60.00 61.4400 0.0 -1.445 -2.962
204.578 60.00 61.4600 0.0 -1.459 -2.994
204.629 60.00 61.4500 0.0 -1.457 -2.984
204.679 60.00 61.4400 0.0 -1.443 -2.928
204.731 60.00 61.4600 0.0 -1.461 -2.972
204.781 60.00 61.4600 0.0 -1.459 -2.961
204.829 60.00 61.4700 0.0 -1.471 -2.987
204.880 60.00 61.4800 0.0 -1.478 -3.003
204.930 60.00 61.4800 0.0 -1.478 -2.988
204.980 60.00 61.4700 0.0 -1.471 -2.963
205.030 60.00 61.5000 0.0 -1.498 -3.036
205.079 60.00 61.4700 0.0 -1.473 -2.951
205.131 60.00 61.5000 0.0 -1.504 -3.037
205.181 60.00 61.4600 0.0 -1.463 -2.898
205.230 60.00 61.4700 0.0 -1.469 -2.904
205.280 60.00 61.4400 0.0 -1.442 -2.813
205.329 60.00 61.4800 0.0 -1.479 -2.927
205.380 60.00 61.4800 0.0 -1.477 -2.910
205.430 60.00 61.5000 0.0 -1.498 -2.970
205.480 60.00 61.4900 0.0 -1.488 -2.927
205.531 60.00 61.5100 0.0 -1.517 -3.010
205.580 60.00 61.4800 0.0 -1.486 -2.901
205.630 60.00 61.4800 0.0 -1.481 -2.879
205.680 60.00 61.4700 0.0 -1.473 -2.842
205.730 60.00 61.4900 0.0 -1.490 -2.889
205.781 60.00 61.4800 0.0 -1.485 -2.866
205.831 60.00 61.4900 0.0 -1.490 -2.870
205.881 60.00 61.4900 0.0 -1.494 -2.876
205.931 60.00 61.4900 0.0 -1.494 -2.867
205.982 60.00 61.5000 0.0 -1.506 -2.897
206.031 60.00 61.5000 0.0 -1.500 -2.870
206.081 60.00 61.4900 0.0 -1.490 -2.828
206.131 60.00 61.5000 0.0 -1.504 -2.865
206.182 60.00 61.5000 0.0 -1.498 -2.838
206.232 60.00 61.4900 0.0 -1.490 -2.802
206.281 60.00 61.5300 0.0 -1.537 -2.948
206.331 60.00 61.5500 0.0 -1.547 -2.972
206.381 60.00 61.5300 0.0 -1.535 -2.924
206.431 60.00 61.4900 0.0 -1.489 -2.767
206.481 60.00 61.4900 0.0 -1.496 -2.778
206.531 60.00 61.5100 0.0 -1.516 -2.838
206.581 60.00 61.5500 0.0 -1.547 -2.931
206.632 60.00 61.5100 0.0 -1.510 -2.799
206.682 60.00 61.5000 0.0 -1.504 -2.773
206.731 60.00 61.5200 0.0 -1.522 -2.825
206.781 60.00 61.5100 0.0 -1.516 -2.796
206.832 60.00 61.5300 0.0 -1.531 -2.836
206.882 60.00 61.5000 0.0 -1.499 -2.727
206.932 60.00 61.5200 0.0 -1.526 -2.805
206.982 60.00 61.5100 0.0 -1.508 -2.738
207.032 60.00 61.5200 0.0 -1.518 -2.764
207.083 60.00 61.5100 0.0 -1.512 -2.741
207.133 60.00 61.5500 0.0 -1.551 -2.856
207.182 60.00 61.5200 0.0 -1.520 -2.747
207.232 60.00 61.5600 0.0 -1.557 -2.860
207.281 60.00 61.5300 0.0 -1.537 -2.790
207.332 60.00 61.5200 0.0 -1.520 -2.723
207.382 60.00 61.5100 0.0 -1.516 -2.702
207.432 60.00 61.5400 0.0 -1.541 -2.775
207.483 60.00 61.5400 0.0 -1.543 -2.780
207.531 60.00 61.5400 0.0 -1.539 -2.753
207.582 60.00 61.5600 0.0 -1.557 -2.806
207.632 60.00 61.5400 0.0 -1.539 -2.738
207.682 60.00 61.5300 0.0 -1.532 -2.715
207.732 60.00 61.5500 0.0 -1.547 -2.750
207.781 60.00 61.5500 0.0 -1.555 -2.769
207.834 60.00 61.5600 0.0 -1.557 -2.768
207.884 60.00 61.5300 0.0 -1.530 -2.678
207.933 60.00 61.5600 0.0 -1.565 -2.780
207.984 60.00 61.5400 0.0 -1.545 -2.706
208.033 60.00 61.5300 0.0 -1.532 -2.658
208.083 60.00 61.5500 0.0 -1.553 -2.723
208.133 60.00 61.5700 0.0 -1.567 -2.757
208.183 60.00 61.5400 0.0 -1.545 -2.676
208.233 60.00 61.5400 0.0 -1.538 -2.649
208.282 60.00 61.5600 0.0 -1.559 -2.714
208.333 60.00 61.5500 0.0 -1.547 -2.661
208.383 60.00 61.5300 0.0 -1.536 -2.620
208.434 60.00 61.5600 0.0 -1.563 -2.701
208.483 60.00 61.5700 0.0 -1.569 -2.719
208.532 60.00 61.5500 0.0 -1.547 -2.640
208.583 60.00 61.5700 0.0 -1.569 -2.707
208.633 60.00 61.5600 0.0 -1.561 -2.673
208.683 60.00 61.5800 0.0 -1.580 -2.727
208.733 60.00 61.5800 0.0 -1.582 -2.726
208.783 60.00 61.5800 0.0 -1.578 -2.705
208.835 60.00 61.5500 0.0 -1.553 -2.618
208.884 60.00 61.5500 0.0 -1.547 -2.591
208.934 60.00 61.5700 0.0 -1.569 -2.658
208.984 60.00 61.5500 0.0 -1.553 -2.598
209.033 60.00 61.5700 0.0 -1.569 -2.645
209.084 60.00 61.5700 0.0 -1.567 -2.631
209.134 60.00 61.5600 0.0 -1.561 -2.604
209.184 60.00 61.5900 0.0 -1.596 -2.712
209.235 60.00 61.5900 0.0 -1.590 -2.686
209.283 60.00 61.5600 0.0 -1.563 -2.591
209.334 60.00 61.5800 0.0 -1.582 -2.645
209.384 60.00 61.5500 0.0 -1.555 -2.551
209.434 60.00 61.5500 0.0 -1.553 -2.538
209.484 60.00 61.5700 0.0 -1.567 -2.579
209.533 60.00 61.5800 0.0 -1.582 -2.620
209.584 60.00 61.5800 0.0 -1.580 -2.607
209.635 60.00 61.5800 0.0 -1.586 -2.620
209.684 60.00 61.5600 0.0 -1.557 -2.520
209.734 60.00 61.5900 0.0 -1.588 -2.615
209.783 60.00 61.5700 0.0 -1.576 -2.568
209.834 60.00 61.5800 0.0 -1.580 -2.576
209.885 60.00 61.5900 0.0 -1.588 -2.596
209.935 60.00 61.5900 0.0 -1.588 -2.589
209.985 60.00 61.6100 0.0 -1.609 -2.650
210.035 60.00 61.5900 0.0 -1.592 -2.590
210.085 60.00 61.5600 0.0 -1.557 -2.469
210.135 60.00 61.5800 0.0 -1.582 -2.545
210.186 60.00 61.5700 0.0 -1.567 -2.491
210.236 60.00 61.5800 0.0 -1.582 -2.533
210.285 60.00 61.5500 0.0 -1.551 -2.426
210.335 60.00 61.5900 0.0 -1.588 -2.542
210.385 60.00 61.6100 0.0 -1.611 -2.609
210.435 60.00 61.5400 0.0 -1.542 -2.381
210.485 60.00 61.5800 0.0 -1.578 -2.490
210.534 60.00 61.5900 0.0 -1.596 -2.545
210.585 60.00 61.6000 0.0 -1.600 -2.553
210.636 60.00 61.5800 0.0 -1.584 -2.493
210.686 60.00 61.5800 0.0 -1.582 -2.481
210.735 60.00 61.6200 0.0 -1.623 -2.609
210.784 60.00 61.6000 0.0 -1.602 -2.536
210.835 60.00 61.6100 0.0 -1.609 -2.550
210.886 60.00 61.6000 0.0 -1.598 -2.511
210.936 60.00 61.5900 0.0 -1.590 -2.479
210.986 60.00 61.6000 0.0 -1.602 -2.513
211.035 60.00 61.6000 0.0 -1.600 -2.501
211.087 60.00 61.5900 0.0 -1.588 -2.455
211.137 60.00 61.5700 0.0 -1.571 -2.395
211.186 60.00 61.5900 0.0 -1.590 -2.451
211.236 60.00 61.5800 0.0 -1.582 -2.419
211.285 60.00 61.5800 0.0 -1.586 -2.427
211.336 60.00 61.6100 0.0 -1.609 -2.496
211.386 60.00 61.6100 0.0 -1.609 -2.490
211.436 60.00 61.6000 0.0 -1.604 -2.471
211.486 60.00 61.6000 0.0 -1.600 -2.452
211.536 60.00 61.6100 0.0 -1.615 -2.494
211.587 60.00 61.6200 0.0 -1.617 -2.495
211.636 60.00 61.6200 0.0 -1.619 -2.496
211.686 60.00 61.6100 0.0 -1.609 -2.457
211.736 60.00 61.5700 0.0 -1.567 -2.317
211.785 60.00 61.6000 0.0 -1.604 -2.434
211.836 60.00 61.6000 0.0 -1.600 -2.415
211.886 60.00 61.6300 0.0 -1.627 -2.497
211.937 60.00 61.6100 0.0 -1.611 -2.438
211.988 60.00 61.6000 0.0 -1.600 -2.399
212.037 60.00 61.6200 0.0 -1.625 -2.475
212.087 60.00 61.6100 0.0 -1.615 -2.436
212.137 60.00 61.6200 0.0 -1.621 -2.451
212.188 60.00 61.6100 0.0 -1.609 -2.406
212.238 60.00 61.5900 0.0 -1.596 -2.360
212.286 60.00 61.6200 0.0 -1.619 -2.429
212.337 60.00 61.6400 0.0 -1.642 -2.498
212.387 60.00 61.5800 0.0 -1.586 -2.312
212.437 60.00 61.6100 0.0 -1.615 -2.401
212.487 60.00 61.6000 0.0 -1.600 -2.349
212.536 60.00 61.6100 0.0 -1.615 -2.392
212.588 60.00 61.6300 0.0 -1.633 -2.447
212.638 60.00 61.6000 0.0 -1.604 -2.348
212.687 60.00 61.5800 0.0 -1.580 -2.263
212.737 60.00 61.6200 0.0 -1.623 -2.399
212.786 60.00 61.6200 0.0 -1.625 -2.402
212.837 60.00 61.5800 0.0 -1.586 -2.269
212.887 60.00 61.5800 0.0 -1.582 -2.251
212.939 60.00 61.6100 0.0 -1.607 -2.328
212.989 60.00 61.5900 0.0 -1.596 -2.289
213.037 60.00 61.5900 0.0 -1.588 -2.258
213.088 60.00 61.6200 0.0 -1.623 -2.368
213.138 60.00 61.6300 0.0 -1.629 -2.384
213.188 60.00 61.6000 0.0 -1.604 -2.298
213.238 60.00 61.6000 0.0 -1.604 -2.294
213.287 60.00 61.6000 0.0 -1.598 -2.270
213.338 60.00 61.6000 0.0 -1.602 -2.279
213.389 60.00 61.6000 0.0 -1.598 -2.261
213.439 60.00 61.5700 0.0 -1.576 -2.184
213.488 60.00 61.6000 0.0 -1.602 -2.266
213.537 60.00 61.5800 0.0 -1.580 -2.189
213.588 60.00 61.6100 0.0 -1.607 -2.272
213.638 60.00 61.6100 0.0 -1.613 -2.288
213.688 60.00 61.6100 0.0 -1.609 -2.271
213.738 60.00 61.5900 0.0 -1.590 -2.206
213.788 60.00 61.6100 0.0 -1.611 -2.269
213.838 60.00 61.6200 0.0 -1.617 -2.286
213.888 60.00 61.6200 0.0 -1.617 -2.281
213.938 60.00 61.5900 0.0 -1.592 -2.196
213.989 60.00 61.6200 0.0 -1.617 -2.273
214.038 60.00 61.5800 0.0 -1.578 -2.141
214.089 60.00 61.6100 0.0 -1.607 -2.232
214.139 60.00 61.5900 0.0 -1.590 -2.175
214.189 60.00 61.6100 0.0 -1.611 -2.238
214.239 60.00 61.6000 0.0 -1.604 -2.214
214.288 60.00 61.6000 0.0 -1.604 -2.210
214.339 60.00 61.5700 0.0 -1.571 -2.099
214.389 60.00 61.6100 0.0 -1.607 -2.210
214.439 60.00 61.6000 0.0 -1.604 -2.199
214.490 60.00 61.6000 0.0 -1.600 -2.182
214.538 60.00 61.6200 0.0 -1.621 -2.246
214.589 60.00 61.5900 0.0 -1.590 -2.141
214.639 60.00 61.5800 0.0 -1.582 -2.111
214.689 60.00 61.6000 0.0 -1.602 -2.174
214.739 60.00 61.5900 0.0 -1.590 -2.131
214.788 60.00 61.5900 0.0 -1.596 -2.147
214.840 60.00 61.5900 0.0 -1.596 -2.144
214.890 60.00 61.5800 0.0 -1.582 -2.094
214.939 60.00 61.6100 0.0 -1.607 -2.171
214.990 60.00 61.5800 0.0 -1.580 -2.081
215.040 60.00 61.6100 0.0 -1.607 -2.164
215.090 60.00 61.6100 0.0 -1.611 -2.174
215.140 60.00 61.5900 0.0 -1.596 -2.123
215.190 60.00 61.6100 0.0 -1.613 -2.174
215.240 60.00 61.5700 0.0 -1.571 -2.036
215.290 60.00 61.6000 0.0 -1.604 -2.141
215.340 60.00 61.5900 0.0 -1.596 -2.110
215.391 60.00 61.5800 0.0 -1.580 -2.054
215.441 60.00 61.6100 0.0 -1.611 -2.151
215.490 60.00 61.6200 0.0 -1.617 -2.168
215.540 60.00 61.5900 0.0 -1.588 -2.071
215.590 60.00 61.5900 0.0 -1.592 -2.081
215.640 60.00 61.5900 0.0 -1.592 -2.078
215.690 60.00 61.5900 0.0 -1.588 -2.062
215.740 60.00 61.5900 0.0 -1.594 -2.078
215.790 60.00 61.5900 0.0 -1.594 -2.075
215.841 60.00 61.6000 0.0 -1.604 -2.106
215.890 60.00 61.5700 0.0 -1.571 -1.996
215.940 60.00 61.5800 0.0 -1.586 -2.040
215.990 60.00 61.5600 0.0 -1.557 -1.943
216.041 60.00 61.6100 0.0 -1.609 -2.109
216.091 60.00 61.5700 0.0 -1.569 -1.978
216.141 60.00 61.5900 0.0 -1.596 -2.062
216.191 60.00 61.5600 0.0 -1.557 -1.932
216.240 60.00 61.5900 0.0 -1.588 -2.031
216.291 60.00 61.5600 0.0 -1.565 -1.954
216.341 60.00 61.5900 0.0 -1.596 -2.052
216.391 60.00 61.5700 0.0 -1.574 -1.976
216.442 60.00 61.6000 0.0 -1.598 -2.053
216.491 60.00 61.5800 0.0 -1.584 -2.004
216.541 60.00 61.5800 0.0 -1.578 -1.981
216.591 60.00 61.5800 0.0 -1.582 -1.992
216.641 60.00 61.5900 0.0 -1.596 -2.036
216.691 60.00 61.5800 0.0 -1.586 -2.000
216.740 60.00 61.5600 0.0 -1.563 -1.923
216.792 60.00 61.6000 0.0 -1.600 -2.042
216.842 60.00 61.5700 0.0 -1.569 -1.938
216.891 60.00 61.5800 0.0 -1.586 -1.990
216.941 60.00 61.5900 0.0 -1.596 -2.021
216.990 60.00 61.5800 0.0 -1.586 -1.985
217.042 60.00 61.5700 0.0 -1.576 -1.949
217.092 60.00 61.5700 0.0 -1.569 -1.926
217.142 60.00 61.5900 0.0 -1.594 -2.004
217.192 60.00 61.5600 0.0 -1.561 -1.894
217.242 60.00 61.5800 0.0 -1.580 -1.954
217.292 60.00 61.5600 0.0 -1.563 -1.897
217.342 60.00 61.5700 0.0 -1.569 -1.915
217.392 60.00 61.5500 0.0 -1.555 -1.866
217.442 60.00 61.5600 0.0 -1.559 -1.877
217.491 60.00 61.5900 0.0 -1.588 -1.970
217.542 60.00 61.5700 0.0 -1.569 -1.906
217.593 60.00 61.5900 0.0 -1.596 -1.992
217.643 60.00 61.5500 0.0 -1.553 -1.848
217.692 60.00 61.5700 0.0 -1.571 -1.907
217.741 60.00 61.5500 0.0 -1.555 -1.851
217.792 60.00 61.5600 0.0 -1.557 -1.856
217.842 60.00 61.5600 0.0 -1.559 -1.860
217.892 60.00 61.5200 0.0 -1.520 -1.731
217.942 60.00 61.5400 0.0 -1.538 -1.790
217.992 60.00 61.5600 0.0 -1.559 -1.856
218.044 60.00 61.5600 0.0 -1.565 -1.874
218.094 60.00 61.5500 0.0 -1.555 -1.839
218.143 60.00 61.5300 0.0 -1.536 -1.776
218.193 60.00 61.5500 0.0 -1.551 -1.822
218.243 60.00 61.5500 0.0 -1.555 -1.834
218.294 60.00 61.5500 0.0 -1.549 -1.812
218.343 60.00 61.5700 0.0 -1.567 -1.870
218.393 60.00 61.5500 0.0 -1.553 -1.822
218.443 60.00 61.5400 0.0 -1.540 -1.779
218.492 60.00 61.5500 0.0 -1.553 -1.819
218.543 60.00 61.5400 0.0 -1.538 -1.770
218.593 60.00 61.5700 0.0 -1.571 -1.876
218.644 60.00 61.5500 0.0 -1.547 -1.794
218.693 60.00 61.5300 0.0 -1.536 -1.758
218.742 60.00 61.5500 0.0 -1.549 -1.797
218.793 60.00 61.5500 0.0 -1.547 -1.789
218.843 60.00 61.5400 0.0 -1.545 -1.781
218.893 60.00 61.5300 0.0 -1.536 -1.752
218.943 60.00 61.5600 0.0 -1.559 -1.824
218.993 60.00 61.5300 0.0 -1.534 -1.743
219.044 60.00 61.5400 0.0 -1.542 -1.768
219.095 60.00 61.5500 0.0 -1.553 -1.800
219.144 60.00 61.5900 0.0 -1.596 -1.940
219.194 60.00 61.5300 0.0 -1.530 -1.723
219.243 60.00 61.5600 0.0 -1.559 -1.815
219.294 60.00 61.5600 0.0 -1.561 -1.820
219.344 60.00 61.5300 0.0 -1.528 -1.712
219.394 60.00 61.5500 0.0 -1.549 -1.778
219.444 60.00 61.5600 0.0 -1.557 -1.803
219.494 60.00 61.5200 0.0 -1.524 -1.694
219.545 60.00 61.5400 0.0 -1.538 -1.740
219.594 60.00 61.5400 0.0 -1.542 -1.752
219.644 60.00 61.5200 0.0 -1.522 -1.684
219.694 60.00 61.5300 0.0 -1.530 -1.710
219.743 60.00 61.5200 0.0 -1.526 -1.695
219.794 60.00 61.5200 0.0 -1.524 -1.687
219.844 60.00 61.5400 0.0 -1.545 -1.754
219.895 60.00 61.5100 0.0 -1.513 -1.651
219.944 60.00 61.5600 0.0 -1.561 -1.805
219.993 60.00 61.5200 0.0 -1.526 -1.689
220.044 60.00 61.5100 0.0 -1.509 -1.634
220.095 60.00 61.5100 0.0 -1.509 -1.633
220.146 60.00 61.5100 0.0 -1.507 -1.626
220.195 60.00 61.5200 0.0 -1.520 -1.666
220.244 60.00 61.4900 0.0 -1.493 -1.578
220.295 60.00 61.5300 0.0 -1.528 -1.692
220.345 60.00 61.5200 0.0 -1.526 -1.684
220.395 60.00 61.5200 0.0 -1.526 -1.683
220.445 60.00 61.5300 0.0 -1.534 -1.709
220.494 60.00 61.5100 0.0 -1.513 -1.640
220.546 60.00 61.5200 0.0 -1.522 -1.666
220.595 60.00 61.4800 0.0 -1.476 -1.518
220.645 60.00 61.5200 0.0 -1.518 -1.652
220.695 60.00 61.5200 0.0 -1.524 -1.671
220.744 60.00 61.4900 0.0 -1.489 -1.556
220.795 60.00 61.5000 0.0 -1.501 -1.596
220.845 60.00 61.4800 0.0 -1.483 -1.535
220.895 60.00 61.5000 0.0 -1.497 -1.581
220.946 60.00 61.5100 0.0 -1.516 -1.641
220.994 60.00 61.4900 0.0 -1.489 -1.553
221.045 60.00 61.4500 0.0 -1.451 -1.432
221.095 60.00 61.4900 0.0 -1.491 -1.560
221.146 60.00 61.5000 0.0 -1.499 -1.586
221.196 60.00 61.5000 0.0 -1.505 -1.605
221.245 60.00 61.5000 0.0 -1.501 -1.591
221.296 60.00 61.5000 0.0 -1.505 -1.604
221.347 60.00 61.5000 0.0 -1.503 -1.597
221.397 60.00 61.4900 0.0 -1.493 -1.563
221.446 60.00 61.4900 0.0 -1.495 -1.569
221.495 60.00 61.4900 0.0 -1.489 -1.549
221.546 60.00 61.4900 0.0 -1.495 -1.568
221.596 60.00 61.4800 0.0 -1.483 -1.528
221.646 60.00 61.5200 0.0 -1.522 -1.655
221.696 60.00 61.4700 0.0 -1.474 -1.500
221.746 60.00 61.4800 0.0 -1.483 -1.526
221.797 60.00 61.4800 0.0 -1.483 -1.526
221.846 60.00 61.4900 0.0 -1.489 -1.546
221.896 60.00 61.4700 0.0 -1.472 -1.492
221.946 60.00 61.4500 0.0 -1.451 -1.424
221.995 60.00 61.4500 0.0 -1.449 -1.418
222.046 60.00 61.4900 0.0 -1.491 -1.553
222.096 60.00 61.4800 0.0 -1.478 -1.512
222.146 60.00 61.4800 0.0 -1.476 -1.505
222.197 60.00 61.4800 0.0 -1.476 -1.505
222.246 60.00 61.4700 0.0 -1.474 -1.498
222.297 60.00 61.4800 0.0 -1.484 -1.531
222.347 60.00 61.4600 0.0 -1.460 -1.450
222.398 60.00 61.4500 0.0 -1.447 -1.410
222.448 60.00 61.4700 0.0 -1.472 -1.491
222.496 60.00 61.4900 0.0 -1.491 -1.551
222.547 60.00 61.4600 0.0 -1.464 -1.463
222.597 60.00 61.4500 0.0 -1.451 -1.423
222.647 60.00 61.4800 0.0 -1.483 -1.524
222.697 60.00 61.4500 0.0 -1.447 -1.409
222.747 60.00 61.4400 0.0 -1.445 -1.403
222.798 60.00 61.4600 0.0 -1.458 -1.444
222.848 60.00 61.4600 0.0 -1.464 -1.464
222.897 60.00 61.4400 0.0 -1.437 -1.377
222.947 60.00 61.4400 0.0 -1.441 -1.391
222.996 60.00 61.4600 0.0 -1.460 -1.451
223.047 60.00 61.4400 0.0 -1.445 -1.404
223.097 60.00 61.4600 0.0 -1.466 -1.472
223.147 60.00 61.4500 0.0 -1.449 -1.418
223.198 60.00 61.4200 0.0 -1.422 -1.331
223.249 60.00 61.4800 0.0 -1.476 -1.506
223.298 60.00 61.4300 0.0 -1.433 -1.365
223.348 60.00 61.4500 0.0 -1.449 -1.419
223.398 60.00 61.4000 0.0 -1.400 -1.258
223.448 60.00 61.4400 0.0 -1.441 -1.393
223.498 60.00 61.4400 0.0 -1.443 -1.400
223.548 60.00 61.4200 0.0 -1.425 -1.340
223.599 60.00 61.4300 0.0 -1.431 -1.361
223.649 60.00 61.4100 0.0 -1.408 -1.287
223.698 60.00 61.4000 0.0 -1.404 -1.274
223.748 60.00 61.4400 0.0 -1.441 -1.396
223.798 60.00 61.4400 0.0 -1.441 -1.397
223.848 60.00 61.4300 0.0 -1.427 -1.350
223.898 60.00 61.4000 0.0 -1.402 -1.269
223.948 60.00 61.4300 0.0 -1.433 -1.371
223.999 60.00 61.4000 0.0 -1.404 -1.278
224.048 60.00 61.4100 0.0 -1.412 -1.305
224.098 60.00 61.4100 0.0 -1.412 -1.305
224.149 60.00 61.4000 0.0 -1.404 -1.280
224.198 60.00 61.3800 0.1 -1.379 -1.199
224.250 60.00 61.4200 0.0 -1.416 -1.322
224.299 60.00 61.4300 0.0 -1.429 -1.363
224.349 60.00 61.4100 0.0 -1.412 -1.309
224.399 60.00 61.4200 0.0 -1.420 -1.337
224.448 60.00 61.3900 0.0 -1.391 -1.243
224.499 60.00 61.4000 0.0 -1.398 -1.265
224.549 60.00 61.4400 0.0 -1.441 -1.407
224.599 60.00 61.4000 0.0 -1.406 -1.292
224.650 60.00 61.3900 0.0 -1.396 -1.259
224.699 60.00 61.3900 0.0 -1.394 -1.253
224.749 60.00 61.3900 0.0 -1.391 -1.247
224.799 60.00 61.3800 0.0 -1.381 -1.215
224.849 60.00 61.4000 0.0 -1.398 -1.270
224.899 60.00 61.4300 0.0 -1.427 -1.365
224.948 60.00 61.3700 0.3 -1.369 -1.177
224.999 60.00 61.3500 0.7 -1.354 -1.131
225.049 60.00 61.3900 0.0 -1.391 -1.253
225.099 60.00 61.3700 0.3 -1.369 -1.180
225.150 60.00 61.3600 0.4 -1.365 -1.168
225.198 60.00 61.3900 0.0 -1.389 -1.250
225.250 60.00 61.3800 0.0 -1.381 -1.224
225.300 60.00 61.4000 0.0 -1.406 -1.305
225.350 60.00 61.3600 0.3 -1.365 -1.172
225.400 60.00 61.3900 0.0 -1.389 -1.253
225.449 60.00 61.3800 0.0 -1.377 -1.214
225.501 60.00 61.3800 0.0 -1.381 -1.229
225.551 60.00 61.3900 0.0 -1.387 -1.250
225.600 60.00 61.3500 0.7 -1.348 -1.123
225.650 60.00 61.3600 0.3 -1.365 -1.178
225.699 60.00 61.3700 0.1 -1.373 -1.206
225.750 60.00 61.3900 0.0 -1.394 -1.274
225.800 60.00 61.3600 0.4 -1.360 -1.167
225.850 60.00 61.3500 0.6 -1.350 -1.135
225.900 60.00 61.3600 0.3 -1.360 -1.170
225.949 60.00 61.3400 0.9 -1.338 -1.097
226.001 60.00 61.3700 0.0 -1.371 -1.206
226.051 60.00 61.3600 0.2 -1.365 -1.187
226.100 60.00 61.3400 0.8 -1.340 -1.107
226.151 60.00 61.3600 0.3 -1.360 -1.176
226.199 60.00 61.3300 0.9 -1.336 -1.097
226.252 60.00 61.3300 1.0 -1.331 -1.084
226.302 60.00 61.3300 0.9 -1.333 -1.092
226.352 60.00 61.3500 0.6 -1.348 -1.141
226.401 60.00 61.3400 0.8 -1.338 -1.109
226.450 60.00 61.3600 0.2 -1.360 -1.184
226.501 60.00 61.3500 0.5 -1.350 -1.152
226.551 60.00 61.3400 0.6 -1.344 -1.133
226.601 60.00 61.3500 0.3 -1.356 -1.175
226.651 60.00 61.3300 0.8 -1.336 -1.109
226.700 60.00 61.3300 1.0 -1.327 -1.083
226.751 60.00 61.3200 1.2 -1.321 -1.065
226.802 60.00 61.3200 1.3 -1.317 -1.053
226.852 60.00 61.3100 1.5 -1.309 -1.027
226.901 60.00 61.3400 0.7 -1.338 -1.123
226.950 60.00 61.3000 1.5 -1.304 -1.017
227.001 60.00 61.3100 1.4 -1.311 -1.039
227.051 60.00 61.3200 1.0 -1.323 -1.081
227.101 60.00 61.2800 2.0 -1.284 -0.955
227.151 60.00 61.3100 1.4 -1.306 -1.030
227.200 60.00 61.3000 1.5 -1.302 -1.019
227.251 60.00 61.3000 1.4 -1.304 -1.028
227.303 60.00 61.3000 1.5 -1.300 -1.016
227.353 60.00 61.2900 1.7 -1.292 -0.991
227.402 60.00 61.3000 1.4 -1.302 -1.026
227.451 60.00 61.2800 1.9 -1.286 -0.974
227.502 60.00 61.2900 1.6 -1.296 -1.010
227.552 60.00 61.2900 1.6 -1.296 -1.012
227.602 60.00 61.2900 1.6 -1.294 -1.007
227.652 60.00 61.3000 1.4 -1.302 -1.035
227.701 60.00 61.3000 1.5 -1.298 -1.023
227.753 60.00 61.2600 2.3 -1.265 -0.917
227.803 60.00 61.2800 1.9 -1.280 -0.967
227.852 60.00 61.2800 1.7 -1.286 -0.989
227.902 60.00 61.3000 1.2 -1.304 -1.051
227.951 60.00 61.2600 2.3 -1.265 -0.924
228.002 60.00 61.2500 2.7 -1.246 -0.866
228.052 60.00 61.2500 2.6 -1.251 -0.882
228.102 60.00 61.2700 2.0 -1.271 -0.952
228.152 60.00 61.2900 1.6 -1.288 -1.008
228.201 60.00 61.2600 2.3 -1.261 -0.922
228.252 60.00 61.2700 2.1 -1.267 -0.944
228.302 60.00 61.1900 4.0 -1.193 -0.704
228.353 60.00 61.2600 2.1 -1.263 -0.936
228.403 60.00 61.2500 2.5 -1.251 -0.898
228.452 60.00 61.2700 1.9 -1.271 -0.967
228.504 60.00 61.2400 2.6 -1.244 -0.881
228.554 60.00 61.2600 2.2 -1.257 -0.924
228.604 60.00 61.2300 3.0 -1.228 -0.832
228.653 60.00 61.2700 1.9 -1.267 -0.962
228.702 60.00 61.2500 2.5 -1.246 -0.897
228.753 60.00 61.2800 1.4 -1.284 -1.021
228.803 60.00 61.2600 1.9 -1.265 -0.961
228.853 60.00 61.2300 2.7 -1.234 -0.862
228.903 60.00 61.2300 2.8 -1.230 -0.851
228.952 60.00 61.2300 2.7 -1.234 -0.867
229.004 60.00 61.2200 2.9 -1.226 -0.842
229.054 60.00 61.2000 3.6 -1.199 -0.757
229.104 60.00 61.2400 2.4 -1.244 -0.908
229.153 60.00 61.2600 2.0 -1.257 -0.951
229.202 60.00 61.2200 2.8 -1.226 -0.851
229.253 60.00 61.2000 3.5 -1.201 -0.773
229.303 60.00 61.2200 2.8 -1.224 -0.850
229.354 60.00 61.2000 3.5 -1.197 -0.764
229.404 60.00 61.2100 3.0 -1.213 -0.821
229.453 60.00 61.1700 4.1 -1.174 -0.695
229.504 60.00 61.2200 2.8 -1.220 -0.847
229.555 60.00 61.1900 3.7 -1.186 -0.741
229.605 60.00 61.1900 3.5 -1.195 -0.771
229.654 60.00 61.2100 3.0 -1.211 -0.828
229.703 60.00 61.2100 3.1 -1.207 -0.816
229.754 60.00 61.2000 3.3 -1.199 -0.792
229.804 60.00 61.2100 2.8 -1.215 -0.848
229.854 60.00 61.1900 3.4 -1.195 -0.783
229.904 60.00 61.1700 4.0 -1.170 -0.705
229.953 60.00 61.1700 3.8 -1.176 -0.728
230.005 60.00 61.1600 4.3 -1.157 -0.669
230.055 60.00 61.1700 3.9 -1.172 -0.720
230.105 60.00 61.1900 3.2 -1.195 -0.797
230.154 60.00 61.1600 4.1 -1.159 -0.685
230.204 60.00 61.1900 3.2 -1.195 -0.803
230.254 60.00 61.2000 3.1 -1.197 -0.812
230.304 60.00 61.1500 4.4 -1.147 -0.652
230.354 60.00 61.1600 3.9 -1.166 -0.717
230.406 60.00 61.1600 3.9 -1.166 -0.720
230.455 60.00 61.1600 3.8 -1.166 -0.722
230.505 60.00 61.1600 3.8 -1.166 -0.725
230.555 60.00 61.1600 4.0 -1.159 -0.707
230.605 60.00 61.1800 3.4 -1.178 -0.771
230.655 60.00 61.1600 3.7 -1.166 -0.733
230.704 60.00 61.1700 3.6 -1.170 -0.749
230.755 60.00 61.1400 4.3 -1.141 -0.657
230.805 60.00 61.1300 4.5 -1.135 -0.641
230.855 60.00 61.1600 3.9 -1.157 -0.717
230.906 60.00 61.1200 4.8 -1.122 -0.606
230.954 60.00 61.1500 3.9 -1.153 -0.710
231.005 60.00 61.1400 4.3 -1.137 -0.659
231.055 60.00 61.1500 4.0 -1.147 -0.695
231.105 60.00 61.1500 3.9 -1.151 -0.712
231.155 60.00 61.1600 3.5 -1.166 -0.762
231.204 60.00 61.1300 4.3 -1.135 -0.663
231.255 60.00 61.1200 4.7 -1.120 -0.619
231.305 60.00 61.1100 4.8 -1.112 -0.595
231.355 60.00 61.0900 5.3 -1.095 -0.544
231.406 60.00 61.1300 4.3 -1.128 -0.656
231.457 60.00 61.1300 4.3 -1.130 -0.665
231.507 60.00 61.1200 4.5 -1.122 -0.641
231.556 60.00 61.1000 5.0 -1.101 -0.577
231.606 60.00 61.1000 4.8 -1.105 -0.593
231.656 60.00 61.0900 5.1 -1.095 -0.563
231.706 60.00 61.0800 5.4 -1.083 -0.526
231.756 60.00 61.0900 5.0 -1.095 -0.570
231.806 60.00 61.1000 4.7 -1.105 -0.606
231.856 60.00 61.0800 5.5 -1.076 -0.516
231.906 60.00 61.0800 5.3 -1.081 -0.533
231.956 60.00 61.1000 4.8 -1.099 -0.596
232.007 60.00 61.0700 5.6 -1.070 -0.505
232.057 60.00 61.0600 5.8 -1.060 -0.475
232.106 60.00 61.0900 4.9 -1.093 -0.587
232.156 60.00 61.0900 4.9 -1.093 -0.590
232.207 60.00 61.0800 5.1 -1.085 -0.566
232.257 60.00 61.0300 6.4 -1.033 -0.400
232.307 60.00 61.0500 5.8 -1.055 -0.478
232.357 60.00 61.0700 5.4 -1.070 -0.530
232.406 60.00 61.0400 6.0 -1.045 -0.452
232.457 60.00 61.0700 5.2 -1.074 -0.550
232.507 60.00 61.0700 5.2 -1.074 -0.554
232.557 60.00 61.0500 5.6 -1.055 -0.496
232.607 60.00 61.0500 5.8 -1.049 -0.479
232.656 60.00 61.0600 5.5 -1.060 -0.516
232.707 60.00 61.0400 5.8 -1.045 -0.473
232.757 60.00 61.0600 5.2 -1.066 -0.544
232.807 60.00 61.0400 6.0 -1.037 -0.453
232.858 60.00 61.0500 5.6 -1.051 -0.503
232.907 60.00 61.0100 6.5 -1.014 -0.385
232.958 60.00 61.0300 6.1 -1.029 -0.437
233.007 60.00 61.0500 5.5 -1.049 -0.508
233.057 60.00 61.0100 6.4 -1.014 -0.396
233.107 60.00 61.0200 6.1 -1.024 -0.434
233.156 60.00 61.0300 5.8 -1.035 -0.471
233.207 60.00 61.0300 6.0 -1.029 -0.455
233.257 60.00 61.0000 6.8 -0.997 -0.357
233.307 60.00 61.0300 5.8 -1.033 -0.476
233.357 60.00 61.0000 6.7 -0.997 -0.364
233.406 60.00 61.0000 6.5 -1.001 -0.382
233.458 60.00 61.0100 6.3 -1.010 -0.412
233.508 60.00 61.0700 4.5 -1.074 -0.626
233.559 60.00 60.9800 7.1 -0.979 -0.318
233.609 60.00 60.9100 8.8 -0.910 -0.099
233.658 60.00 61.0000 6.4 -0.999 -0.394
233.708 60.00 60.9800 6.8 -0.985 -0.351
233.758 60.00 60.9900 6.5 -0.995 -0.389
233.808 60.00 60.9700 7.1 -0.970 -0.312
233.858 60.00 60.9900 6.6 -0.989 -0.377
233.907 60.00 60.9800 6.8 -0.981 -0.353
233.958 60.00 60.9600 7.2 -0.964 -0.303
234.008 60.00 60.9900 6.4 -0.991 -0.395
234.058 60.00 60.9800 6.8 -0.977 -0.351
234.108 60.00 60.9700 6.9 -0.972 -0.342
234.158 60.00 60.9400 7.7 -0.941 -0.245
234.209 60.00 60.9600 7.0 -0.966 -0.330
234.259 60.00 60.9200 8.1 -0.921 -0.186
234.308 60.00 60.9400 7.5 -0.941 -0.257
234.358 60.00 60.9400 7.5 -0.941 -0.262
234.408 60.00 60.9500 7.1 -0.956 -0.314
234.460 60.00 60.9400 7.5 -0.937 -0.257
234.509 60.00 60.9500 7.2 -0.950 -0.301
234.559 60.00 60.9400 7.4 -0.939 -0.271
234.609 60.00 60.9300 7.6 -0.933 -0.255
234.658 60.00 60.9300 7.6 -0.929 -0.246
234.709 60.00 60.9200 7.7 -0.925 -0.237
234.759 60.00 60.9500 7.0 -0.950 -0.322
234.809 60.00 60.9400 7.3 -0.937 -0.286
234.859 60.00 60.9500 6.8 -0.956 -0.351
234.909 60.00 60.9200 7.6 -0.925 -0.253
234.960 60.00 60.9100 7.8 -0.914 -0.223
235.009 60.00 60.9400 7.0 -0.943 -0.322
235.059 60.00 60.9200 7.5 -0.922 -0.259
235.109 60.00 60.9300 7.3 -0.931 -0.290
235.158 60.00 60.9100 7.7 -0.914 -0.240
235.209 60.00 60.8900 8.1 -0.896 -0.184
235.259 60.00 60.9000 7.9 -0.904 -0.215
235.309 60.00 60.9000 7.8 -0.906 -0.226
235.359 60.00 60.8800 8.5 -0.877 -0.135
235.408 60.00 60.9000 7.8 -0.902 -0.221
235.459 60.00 60.9100 7.5 -0.912 -0.259
235.511 60.00 60.9000 7.8 -0.902 -0.229
235.561 60.00 60.8900 7.9 -0.896 -0.214
235.610 60.00 60.8900 7.9 -0.896 -0.218
235.659 60.00 60.8800 8.3 -0.877 -0.161
235.710 60.00 60.8800 8.2 -0.881 -0.179
235.760 60.00 60.8900 7.8 -0.896 -0.231
235.810 60.00 60.8900 7.7 -0.896 -0.235
235.860 60.00 60.8700 8.3 -0.870 -0.158
235.909 60.00 60.9000 7.6 -0.898 -0.250
235.960 60.00 60.8500 8.7 -0.856 -0.119
236.011 60.00 60.8800 8.1 -0.877 -0.191
236.061 60.00 60.8600 8.5 -0.860 -0.142
236.111 60.00 60.8400 9.0 -0.839 -0.078
236.160 60.00 60.8700 8.2 -0.866 -0.171
236.210 60.00 60.8400 8.8 -0.846 -0.108
236.261 60.00 60.8500 8.6 -0.852 -0.133
236.310 60.00 60.8600 8.3 -0.860 -0.164
236.361 60.00 60.8400 8.8 -0.841 -0.108
236.410 60.00 60.8700 8.0 -0.868 -0.200
236.460 60.00 60.8400 8.7 -0.839 -0.110
236.511 60.00 60.8200 9.1 -0.825 -0.067
236.561 60.00 60.8500 8.4 -0.848 -0.146
236.611 60.00 60.8100 9.3 -0.812 -0.036
236.660 60.00 60.8300 8.8 -0.833 -0.108
236.711 60.00 60.8200 9.0 -0.823 -0.079
236.761 60.00 60.8100 9.3 -0.808 -0.036
236.811 60.00 60.8100 9.2 -0.812 -0.054
236.861 60.00 60.8000 9.5 -0.800 -0.018
236.911 60.00 60.8000 9.3 -0.804 -0.037
236.962 60.00 60.8200 8.9 -0.819 -0.089
237.012 60.00 60.7900 9.5 -0.794 -0.013
237.062 60.00 60.8100 9.0 -0.812 -0.078
237.111 60.00 60.8200 8.6 -0.825 -0.124
237.160 60.00 60.7900 9.5 -0.792 -0.020
237.211 60.00 60.8200 8.6 -0.825 -0.133
237.261 60.00 60.8000 9.0 -0.806 -0.076
237.311 60.00 60.8100 8.8 -0.814 -0.108
237.361 60.00 60.8000 9.2 -0.798 -0.058
237.410 60.00 60.7800 9.4 -0.785 -0.022
237.461 60.00 60.7700 9.9 -0.767 0.034
237.513 60.00 60.7800 9.4 -0.783 -0.025
237.563 60.00 60.7800 9.3 -0.785 -0.037
237.613 60.00 60.8000 8.8 -0.804 -0.102
237.661 60.00 60.7900 9.0 -0.794 -0.073
237.712 60.00 60.7700 9.6 -0.773 -0.010
237.762 60.00 60.7800 9.3 -0.781 -0.041
237.812 60.00 60.7600 9.7 -0.764 0.008
237.862 60.00 60.7600 9.7 -0.764 0.003
237.911 60.00 60.8000 8.7 -0.800 -0.116
237.962 60.00 60.7900 8.9 -0.792 -0.094
238.012 60.00 60.7500 9.8 -0.754 0.023
238.062 60.00 60.7700 9.4 -0.767 -0.022
238.112 60.00 60.7500 9.7 -0.754 0.014
238.162 60.00 60.7500 9.8 -0.752 0.016
238.213 60.00 60.7500 9.6 -0.756 -0.002
238.263 60.00 60.7600 9.5 -0.758 -0.014
238.312 60.00 60.7400 10.0 -0.740 0.042
238.362 60.00 60.7500 9.6 -0.754 -0.010
238.411 60.00 60.7400 9.7 -0.746 0.013
238.462 60.00 60.7600 9.4 -0.758 -0.033
238.513 60.00 60.7400 9.9 -0.737 0.030
238.564 60.00 60.7600 9.3 -0.758 -0.042
238.613 60.00 60.7400 9.8 -0.740 0.014
238.662 60.00 60.7200 10.3 -0.719 0.077
238.713 60.00 60.6900 10.8 -0.696 0.147
238.763 60.00 60.7200 10.1 -0.721 0.061
238.813 60.00 60.7400 9.4 -0.746 -0.026
238.863 60.00 60.7100 10.3 -0.713 0.078
238.912 60.00 60.7200 10.0 -0.721 0.046
238.963 60.00 60.7000 10.4 -0.706 0.089
239.013 60.00 60.7200 10.0 -0.717 0.050
239.064 60.00 60.6800 10.9 -0.683 0.153
239.113 60.00 60.7200 9.9 -0.719 0.033
239.163 60.00 60.6800 11.0 -0.677 0.164
239.214 60.00 60.6900 10.6 -0.690 0.118
239.264 60.00 60.6900 10.6 -0.690 0.113
239.313 60.00 60.6800 10.8 -0.677 0.148
239.363 60.00 60.7000 10.1 -0.704 0.055
239.412 60.00 60.6900 10.5 -0.687 0.104
239.463 60.00 60.6900 10.3 -0.694 0.079
239.513 60.00 60.7100 9.8 -0.708 0.027
239.563 60.00 60.6800 10.5 -0.681 0.110
239.614 60.00 60.6600 11.1 -0.660 0.173
239.663 60.00 60.6800 10.4 -0.681 0.100
239.714 60.00 60.6700 10.6 -0.675 0.116
239.765 60.00 60.6800 10.3 -0.685 0.077
239.815 60.00 60.6500 11.2 -0.648 0.194
239.864 60.00 60.6700 10.7 -0.667 0.128
239.913 60.00 60.6800 10.4 -0.677 0.089
239.964 60.00 60.6300 11.7 -0.627 0.247
240.014 60.00 60.6300 11.4 -0.635 0.214
240.064 60.00 60.6400 11.1 -0.646 0.175
240.114 60.00 60.6200 11.6 -0.625 0.238
240.163 60.00 60.6600 10.6 -0.660 0.117
240.214 60.00 60.6400 11.1 -0.642 0.173
240.264 60.00 60.6400 11.0 -0.642 0.168
240.314 60.00 60.6300 11.3 -0.629 0.203
240.364 60.00 60.6000 11.9 -0.604 0.280
240.413 60.00 60.6400 11.0 -0.637 0.166
240.464 60.00 60.6300 11.0 -0.635 0.168
240.514 60.00 60.6500 10.5 -0.652 0.109
240.564 60.00 60.6400 10.7 -0.644 0.131
240.615 60.00 60.5900 11.9 -0.596 0.282
240.666 60.00 60.6100 11.4 -0.615 0.215
240.715 60.00 60.6200 11.1 -0.623 0.183
240.765 60.00 60.6000 11.5 -0.606 0.232
240.815 60.00 60.6000 11.7 -0.600 0.247
240.865 60.00 60.6300 10.9 -0.627 0.154
240.915 60.00 60.6000 11.5 -0.602 0.231
240.965 60.00 60.6200 10.9 -0.625 0.151
241.016 60.00 60.6200 10.9 -0.621 0.159
241.066 60.00 60.6000 11.5 -0.598 0.229
241.115 60.00 60.5900 11.6 -0.594 0.238
241.166 60.00 60.6000 11.2 -0.606 0.192
241.215 60.00 60.6000 11.3 -0.600 0.207
241.265 60.00 60.5600 12.4 -0.558 0.337
241.315 60.00 60.5900 11.5 -0.592 0.223
241.365 60.00 60.6100 11.0 -0.608 0.164
241.415 60.00 60.5900 11.4 -0.592 0.213
241.465 60.00 60.5900 11.5 -0.587 0.222
241.515 60.00 60.5500 12.3 -0.554 0.325
241.565 60.00 60.5800 11.6 -0.579 0.239
241.615 60.00 60.5800 11.4 -0.585 0.213
241.666 60.00 60.5700 11.8 -0.569 0.262
241.717 60.00 60.5700 11.8 -0.569 0.257
241.766 60.00 60.5700 11.7 -0.571 0.245
241.816 60.00 60.5600 11.9 -0.560 0.274
241.865 60.00 60.5600 11.8 -0.560 0.269
241.916 60.00 60.5500 12.0 -0.554 0.284
241.966 60.00 60.5500 12.0 -0.550 0.292
242.016 60.00 60.5400 12.3 -0.539 0.321
242.066 60.00 60.5500 12.0 -0.548 0.289
242.115 60.00 60.5600 11.7 -0.558 0.249
242.167 60.00 60.5500 11.9 -0.550 0.271
242.217 60.00 60.5400 11.9 -0.546 0.280
242.266 60.00 60.5500 11.7 -0.554 0.247
242.317 60.00 60.5500 11.8 -0.548 0.263
242.365 60.00 60.5200 12.5 -0.519 0.353
242.416 60.00 60.5300 12.1 -0.533 0.300
242.467 60.00 60.5500 11.6 -0.552 0.233
242.517 60.00 60.4800 13.5 -0.477 0.473
242.566 60.00 60.5500 11.4 -0.554 0.216
242.615 60.00 60.5300 12.0 -0.531 0.286
242.667 60.00 60.5200 12.1 -0.525 0.301
242.717 60.00 60.4900 13.0 -0.489 0.411
242.767 60.00 60.5300 11.9 -0.529 0.277
242.817 60.00 60.5000 12.7 -0.500 0.366
242.866 60.00 60.5000 12.4 -0.506 0.341
242.917 60.00 60.5000 12.6 -0.500 0.356
242.967 60.00 60.4800 13.1 -0.479 0.418
243.018 60.00 60.5200 12.0 -0.519 0.284
243.068 60.00 60.4900 12.6 -0.496 0.353
243.117 60.00 60.5000 12.5 -0.498 0.341
243.167 60.00 60.5200 11.8 -0.523 0.255
243.217 60.00 60.5000 12.2 -0.506 0.304
243.267 60.00 60.5000 12.2 -0.502 0.313
243.317 60.00 60.4800 12.7 -0.483 0.368
243.366 60.00 60.4800 12.8 -0.477 0.383
243.417 60.00 60.4900 12.3 -0.496 0.317
243.467 60.00 60.4900 12.2 -0.496 0.312
243.517 60.00 60.4500 13.3 -0.452 0.449
243.568 60.00 60.5000 12.0 -0.502 0.281
243.617 60.00 60.4600 13.0 -0.460 0.412
243.668 60.00 60.4700 12.6 -0.475 0.359
243.718 60.00 60.4500 13.1 -0.454 0.421
243.768 60.00 60.4700 12.5 -0.475 0.348
243.818 60.00 60.4700 12.5 -0.475 0.343
243.867 60.00 60.4600 12.9 -0.458 0.392
243.918 60.00 60.4400 13.2 -0.445 0.428
243.968 60.00 60.4600 12.7 -0.462 0.368
244.018 60.00 60.4600 12.7 -0.460 0.370
244.069 60.00 60.4500 12.8 -0.456 0.378
244.118 60.00 60.4600 12.6 -0.462 0.352
244.169 60.00 60.4200 13.6 -0.422 0.476
244.218 60.00 60.4400 13.1 -0.439 0.416
244.268 60.00 60.4600 12.5 -0.458 0.350
244.319 60.00 60.4500 12.6 -0.454 0.358
244.368 60.00 60.4500 12.7 -0.448 0.374
244.419 60.00 60.4200 13.3 -0.425 0.443
244.468 60.00 60.4400 12.8 -0.443 0.377
244.518 60.00 60.4200 13.4 -0.418 0.453
244.568 60.00 60.4600 12.2 -0.462 0.305
244.617 60.00 60.4300 12.9 -0.433 0.395
244.668 60.00 60.4300 13.0 -0.429 0.403
244.719 60.00 60.4400 12.7 -0.437 0.371
244.769 60.00 60.4200 13.2 -0.416 0.434
244.819 60.00 60.4200 13.1 -0.421 0.415
244.868 60.00 60.4100 13.2 -0.414 0.430
244.920 60.00 60.4000 13.6 -0.397 0.479
244.970 60.00 60.4600 11.9 -0.460 0.270
245.019 60.00 60.4300 12.6 -0.433 0.354
245.069 60.00 60.3800 13.9 -0.383 0.512
245.118 60.00 60.4200 12.9 -0.418 0.391
245.169 60.00 60.3800 13.8 -0.381 0.508
245.219 60.00 60.4000 13.4 -0.397 0.448
245.269 60.00 60.4100 13.0 -0.410 0.402
245.319 60.00 60.3900 13.5 -0.389 0.464
245.368 60.00 60.4000 13.1 -0.402 0.419
245.419 60.00 60.4100 12.9 -0.408 0.394
245.470 60.00 60.3900 13.4 -0.387 0.456
245.520 60.00 60.4400 12.0 -0.439 0.281
245.569 60.00 60.3600 14.0 -0.364 0.521
245.618 60.00 60.3900 13.2 -0.389 0.434
245.669 60.00 60.3900 13.2 -0.391 0.423
245.719 60.00 60.3900 13.1 -0.393 0.411
245.770 60.00 60.3700 13.7 -0.368 0.486
245.820 60.00 60.3700 13.6 -0.370 0.474
245.869 60.00 60.3800 13.3 -0.381 0.436
245.920 60.00 60.3600 13.7 -0.364 0.484
245.971 60.00 60.3800 13.2 -0.381 0.425
246.021 60.00 60.3700 13.5 -0.368 0.460
246.071 60.00 60.3700 13.3 -0.374 0.435
246.119 60.00 60.3700 13.3 -0.370 0.443
246.170 60.00 60.3800 13.0 -0.383 0.398
246.220 60.00 60.3400 14.0 -0.343 0.522
246.270 60.00 60.3600 13.6 -0.358 0.469
246.320 60.00 60.3600 13.4 -0.362 0.450
246.369 60.00 60.3600 13.3 -0.364 0.438
246.420 60.00 60.3600 13.4 -0.358 0.453
246.470 60.00 60.3600 13.4 -0.358 0.448
246.520 60.00 60.3300 14.1 -0.329 0.539
246.570 60.00 60.3500 13.4 -0.356 0.445
246.619 60.00 60.3400 13.6 -0.345 0.474
246.670 60.00 60.3300 13.9 -0.333 0.509
246.720 60.00 60.3500 13.3 -0.352 0.443
246.772 60.00 60.3400 13.5 -0.343 0.465
246.822 60.00 60.3400 13.4 -0.345 0.453
246.871 60.00 60.3300 13.7 -0.335 0.483
246.921 60.00 60.3500 13.2 -0.349 0.430
246.971 60.00 60.3300 13.6 -0.335 0.473
247.021 60.00 60.3300 13.7 -0.331 0.481
247.071 60.00 60.3100 14.2 -0.310 0.544
247.120 60.00 60.3100 14.0 -0.316 0.518
247.171 60.00 60.3300 13.7 -0.326 0.479
247.221 60.00 60.3200 13.7 -0.322 0.487
247.271 60.00 60.2600 15.4 -0.257 0.693
247.321 60.00 60.3300 13.4 -0.331 0.449
247.371 60.00 60.3300 13.5 -0.326 0.458
247.422 60.00 60.3000 14.2 -0.299 0.541
247.471 60.00 60.3000 14.1 -0.299 0.536
247.521 60.00 60.3100 13.8 -0.310 0.497
247.571 60.00 60.3500 12.8 -0.347 0.369
247.620 60.00 60.3000 14.1 -0.297 0.528
247.671 60.00 60.2900 14.1 -0.295 0.530
247.721 60.00 60.3100 13.6 -0.310 0.477
247.771 60.00 60.3300 13.2 -0.326 0.418
247.822 60.00 60.3100 13.6 -0.310 0.467
247.872 60.00 60.2900 13.9 -0.295 0.510
247.923 60.00 60.2900 13.9 -0.293 0.512
247.972 60.00 60.2800 14.2 -0.283 0.541
248.022 60.00 60.3000 13.7 -0.299 0.482
248.072 60.00 60.2800 14.0 -0.285 0.524
248.121 60.00 60.2900 13.7 -0.295 0.485
248.172 60.00 60.2600 14.6 -0.262 0.589
248.222 60.00 60.2900 13.8 -0.289 0.495
248.272 60.00 60.2800 14.0 -0.281 0.517
248.322 60.00 60.2800 14.0 -0.278 0.519
248.372 60.00 60.2800 13.8 -0.285 0.494
248.422 60.00 60.3000 13.4 -0.297 0.449
248.472 60.00 60.2900 13.5 -0.293 0.458
248.522 60.00 60.2800 13.7 -0.283 0.487
248.572 60.00 60.2600 14.2 -0.264 0.543
248.622 60.00 60.2600 14.2 -0.262 0.545
248.673 60.00 60.2900 13.4 -0.289 0.451
248.722 60.00 60.2500 14.3 -0.255 0.556
248.772 60.00 60.2700 13.8 -0.272 0.496
248.823 60.00 60.2600 14.1 -0.262 0.526
248.873 60.00 60.2800 13.6 -0.278 0.466
248.923 60.00 60.2500 14.2 -0.255 0.536
248.973 60.00 60.2700 13.7 -0.270 0.483
249.023 60.00 60.2600 13.8 -0.266 0.492
249.073 60.00 60.2400 14.5 -0.239 0.576
249.123 60.00 60.2600 13.9 -0.257 0.510
249.174 60.00 60.2500 14.2 -0.247 0.539
249.223 60.00 60.2100 15.2 -0.207 0.663
249.273 60.00 60.2600 13.8 -0.257 0.495
249.323 60.00 60.2600 13.7 -0.262 0.477
249.373 60.00 60.2400 14.2 -0.241 0.540
249.423 60.00 60.2600 13.6 -0.262 0.467
249.473 60.00 60.2400 14.1 -0.241 0.530
249.523 60.00 60.2500 13.9 -0.247 0.505
249.573 60.00 60.2300 14.2 -0.235 0.541
249.623 60.00 60.2400 13.9 -0.243 0.509
249.674 60.00 60.2200 14.3 -0.226 0.558
249.724 60.00 60.2300 14.1 -0.233 0.533
249.773 60.00 60.2200 14.5 -0.218 0.576
249.823 60.00 60.2100 14.5 -0.216 0.578
249.874 60.00 60.2200 14.4 -0.220 0.559
249.924 60.00 60.2400 13.9 -0.237 0.500
249.974 60.00 60.2000 14.9 -0.197 0.625
250.024 60.00 60.2200 14.1 -0.226 0.524
250.073 60.00 60.2000 14.8 -0.199 0.608
250.124 60.00 60.2300 13.9 -0.228 0.508
250.174 60.00 60.2300 13.9 -0.230 0.497
250.224 60.00 60.2200 14.2 -0.218 0.533
250.275 60.00 60.2400 13.5 -0.241 0.454
250.324 60.00 60.2400 13.4 -0.245 0.435
250.375 60.00 60.2000 14.6 -0.199 0.580
250.424 60.00 60.2100 14.1 -0.214 0.528
250.474 60.00 60.2300 13.6 -0.230 0.469
250.525 60.00 60.2200 13.7 -0.226 0.478
250.574 60.00 60.2000 14.2 -0.205 0.542
250.624 60.00 60.2100 14.0 -0.214 0.510
250.674 60.00 60.2200 13.8 -0.218 0.492
250.724 60.00 60.2200 13.8 -0.218 0.488
250.774 60.00 60.2200 13.8 -0.218 0.483
250.823 60.00 60.1800 14.6 -0.184 0.587
250.875 60.00 60.2100 13.9 -0.209 0.502
250.925 60.00 60.2000 14.2 -0.197 0.537
250.975 60.00 60.2000 14.1 -0.199 0.526
251.025 60.00 60.1900 14.2 -0.193 0.542
251.075 60.00 60.1900 14.3 -0.188 0.551
251.126 60.00 60.2100 13.6 -0.214 0.465
251.176 60.00 60.1900 14.1 -0.193 0.528
251.226 60.00 60.2000 13.8 -0.203 0.490
251.275 60.00 60.1900 14.0 -0.195 0.513
251.324 60.00 60.2200 13.2 -0.222 0.420
251.375 60.00 60.1900 13.9 -0.195 0.504
251.425 60.00 60.2000 13.7 -0.201 0.480
251.475 60.00 60.2100 13.4 -0.212 0.441
251.525 60.00 60.1700 14.4 -0.174 0.560
251.574 60.00 60.2000 13.8 -0.197 0.480
251.626 60.00 60.2000 13.7 -0.197 0.476
251.676 60.00 60.1700 14.4 -0.170 0.560
251.726 60.00 60.1900 13.9 -0.186 0.502
251.775 60.00 60.1700 14.2 -0.176 0.531
251.824 60.00 60.2000 13.6 -0.197 0.458
251.876 60.00 60.1800 14.1 -0.178 0.516
251.926 60.00 60.2000 13.3 -0.203 0.430
251.976 60.00 60.1900 13.8 -0.186 0.480
252.026 60.00 60.2100 13.2 -0.207 0.408
252.075 60.00 60.2300 12.5 -0.233 0.322
252.126 60.00 60.1800 13.8 -0.182 0.483
252.176 60.00 60.1800 13.8 -0.182 0.479
252.226 60.00 60.2000 13.3 -0.197 0.426
252.277 60.00 60.1700 14.0 -0.172 0.504
252.326 60.00 60.1600 14.2 -0.163 0.527
252.376 60.00 60.1600 14.3 -0.157 0.543
252.427 60.00 60.1900 13.5 -0.186 0.444
252.476 60.00 60.1600 14.2 -0.157 0.535
252.527 60.00 60.1600 14.1 -0.159 0.524
252.576 60.00 60.1600 14.2 -0.157 0.527
252.626 60.00 60.2200 12.3 -0.226 0.297
252.676 60.00 60.1700 13.6 -0.176 0.458
252.726 60.00 60.1600 14.1 -0.157 0.515
252.776 60.00 60.1600 14.0 -0.159 0.504
252.825 60.00 60.1400 14.4 -0.142 0.554
252.876 60.00 60.1400 14.3 -0.145 0.543
252.927 60.00 60.1700 13.5 -0.172 0.450
252.977 60.00 60.1200 14.7 -0.126 0.596
253.028 60.00 60.1500 13.9 -0.155 0.496
253.077 60.00 60.1600 13.8 -0.157 0.486
253.127 60.00 60.1300 14.3 -0.136 0.550
253.177 60.00 60.1300 14.4 -0.134 0.552
253.227 60.00 60.1500 13.8 -0.155 0.479
253.277 60.00 60.1500 13.7 -0.155 0.475
253.326 60.00 60.1200 14.5 -0.126 0.567
253.377 60.00 60.1300 14.4 -0.128 0.556
253.427 60.00 60.1200 14.5 -0.122 0.572
253.477 60.00 60.1300 14.3 -0.128 0.547
253.528 60.00 60.1700 13.0 -0.176 0.387
253.577 60.00 60.1400 13.9 -0.142 0.492
253.627 60.00 60.1200 14.3 -0.124 0.549
253.677 60.00 60.1500 13.5 -0.153 0.450
253.727 60.00 60.1300 14.0 -0.136 0.501
253.777 60.00 60.1000 14.8 -0.105 0.598
253.826 60.00 60.1300 14.0 -0.132 0.506
253.877 60.00 60.1500 13.5 -0.149 0.447
253.927 60.00 60.1100 14.6 -0.109 0.573
253.979 60.00 60.1200 14.2 -0.119 0.534
254.029 60.00 60.1300 13.9 -0.130 0.496
254.078 60.00 60.1500 13.4 -0.147 0.438
254.129 60.00 60.1400 13.7 -0.138 0.461
254.178 60.00 60.1100 14.3 -0.111 0.546
254.228 60.00 60.0900 14.8 -0.092 0.604
254.278 60.00 60.1200 14.1 -0.117 0.517
254.327 60.00 60.1400 13.4 -0.142 0.432
254.378 60.00 60.1300 13.6 -0.136 0.449
254.428 60.00 60.1500 13.2 -0.149 0.404
254.478 60.00 60.1200 13.9 -0.122 0.489
254.528 60.00 60.1300 13.6 -0.132 0.451
254.577 60.00 60.1200 13.9 -0.119 0.488
254.628 60.00 60.1200 13.8 -0.122 0.478
254.678 60.00 60.1400 13.3 -0.138 0.419
254.728 60.00 60.1100 14.0 -0.113 0.498
254.778 60.00 60.1200 13.7 -0.122 0.467
254.828 60.00 60.1100 13.9 -0.113 0.490
254.879 60.00 60.1200 13.8 -0.117 0.472
254.928 60.00 60.0800 14.6 -0.086 0.571
254.978 60.00 60.1000 14.2 -0.098 0.527
255.028 60.00 60.1400 13.0 -0.142 0.380
255.077 60.00 60.1000 14.1 -0.100 0.513
255.128 60.00 60.0900 14.3 -0.090 0.543
255.178 60.00 60.1000 14.1 -0.098 0.512
255.228 60.00 60.1000 13.9 -0.103 0.494
255.278 60.00 60.1000 13.8 -0.105 0.483
255.327 60.00 60.1000 13.9 -0.103 0.487
255.378 60.00 60.0800 14.5 -0.080 0.558
255.428 60.00 60.1100 13.6 -0.111 0.451
255.479 60.00 60.1000 14.0 -0.096 0.496
255.529 60.00 60.1200 13.4 -0.117 0.424
255.577 60.00 60.1000 13.7 -0.105 0.461
255.628 60.00 60.1200 13.3 -0.117 0.417
255.678 60.00 60.1100 13.5 -0.109 0.441
255.728 60.00 60.1200 13.2 -0.122 0.397
255.778 60.00 60.1000 13.8 -0.096 0.475
255.827 60.00 60.0600 14.8 -0.059 0.594
255.877 60.00 60.0800 14.2 -0.080 0.522
255.928 60.00 60.1000 13.5 -0.105 0.436
255.978 60.00 60.1100 13.2 -0.113 0.406
256.028 60.00 60.0800 14.0 -0.084 0.498
256.076 60.00 60.0800 14.0 -0.084 0.494
256.127 60.00 60.0600 14.5 -0.061 0.565
256.177 60.00 60.0900 13.7 -0.092 0.460
256.227 60.00 60.1000 13.5 -0.096 0.443
256.277 60.00 60.1000 13.4 -0.100 0.426
256.326 60.00 60.1000 13.3 -0.105 0.409
256.377 60.00 60.1000 13.4 -0.098 0.426
256.427 60.00 60.0900 13.5 -0.094 0.436
256.477 60.00 60.1200 12.7 -0.124 0.337
256.527 60.00 60.0800 13.7 -0.086 0.457
256.576 60.00 60.1100 13.1 -0.107 0.386
256.627 60.00 60.0800 13.7 -0.084 0.458
256.677 60.00 60.1600 11.7 -0.157 0.216
256.727 60.00 60.1200 12.6 -0.124 0.322
256.777 60.00 60.0800 13.5 -0.086 0.442
256.826 60.00 60.0900 13.3 -0.092 0.419
256.877 60.00 60.0700 13.9 -0.071 0.483
256.927 60.00 60.1100 12.8 -0.111 0.350
256.978 60.00 60.0800 13.4 -0.086 0.429
257.028 60.00 60.1000 13.0 -0.100 0.379
257.076 60.00 60.1000 13.1 -0.096 0.389
257.127 60.00 60.0800 13.4 -0.086 0.420
257.177 60.00 60.0900 13.2 -0.092 0.397
257.227 60.00 60.1000 12.9 -0.100 0.367
257.277 60.00 60.1000 12.8 -0.105 0.350
257.326 60.00 60.1000 12.9 -0.098 0.367
257.377 60.00 60.0600 13.9 -0.063 0.480
257.427 60.00 60.0800 13.4 -0.078 0.429
257.477 60.00 60.1100 12.5 -0.113 0.310
257.527 60.00 60.1100 12.5 -0.111 0.314
257.576 60.00 60.1000 12.7 -0.105 0.332
257.626 60.00 60.1100 12.4 -0.113 0.302
257.676 60.00 60.1100 12.5 -0.109 0.313
257.726 60.00 60.0900 13.0 -0.090 0.372
257.776 60.00 60.0900 13.0 -0.088 0.376
257.825 60.00 60.1500 11.4 -0.147 0.182
257.876 60.00 60.0700 13.5 -0.069 0.432
257.926 60.00 60.0900 12.8 -0.092 0.354
257.976 60.00 60.1100 12.4 -0.107 0.304
258.026 60.00 60.0700 13.2 -0.076 0.403
258.076 60.00 60.0800 13.1 -0.082 0.380
258.127 60.00 60.0700 13.3 -0.071 0.411
258.177 60.00 60.0700 13.2 -0.076 0.394
258.226 60.00 60.0800 13.1 -0.078 0.384
258.276 60.00 60.0800 13.1 -0.078 0.381
258.325 60.00 60.1100 12.2 -0.109 0.277
258.376 60.00 60.0600 13.5 -0.059 0.437
258.426 60.00 60.1000 12.4 -0.098 0.305
258.477 60.00 60.0900 12.7 -0.090 0.330
258.527 60.00 60.1300 11.5 -0.134 0.184
258.575 60.00 60.0900 12.6 -0.092 0.319
258.626 60.00 60.0600 13.2 -0.065 0.404
258.676 60.00 60.0500 13.6 -0.052 0.442
258.726 60.00 60.0600 13.4 -0.057 0.425
258.776 60.00 60.0900 12.5 -0.092 0.307
258.825 60.00 60.1000 12.2 -0.103 0.270
258.876 60.00 60.1100 12.0 -0.107 0.255
258.926 60.00 60.0500 13.4 -0.055 0.422
258.977 60.00 60.0900 12.5 -0.088 0.310
259.027 60.00 60.0800 12.7 -0.080 0.335
259.075 60.00 60.0800 12.6 -0.082 0.326
259.126 60.00 60.1000 12.0 -0.105 0.248
259.175 60.00 60.0900 12.4 -0.090 0.294
259.225 60.00 60.0800 12.6 -0.080 0.326
259.275 60.00 60.1300 11.2 -0.132 0.153
259.324 60.00 60.0900 12.2 -0.094 0.274
259.375 60.00 60.0900 12.3 -0.090 0.285
259.425 60.00 60.1100 11.7 -0.113 0.208
259.475 60.00 60.0700 12.9 -0.067 0.355
259.525 60.00 60.1000 12.0 -0.098 0.251
259.574 60.00 60.0600 13.1 -0.059 0.378
259.625 60.00 60.0700 12.7 -0.071 0.334
259.676 60.00 60.1100 11.7 -0.109 0.209
259.726 60.00 60.0900 12.1 -0.092 0.262
259.776 60.00 60.0100 14.2 -0.013 0.518
259.824 60.00 60.0800 12.3 -0.082 0.290
259.875 60.00 60.0800 12.3 -0.084 0.281
259.925 60.00 60.0800 12.2 -0.086 0.272
259.975 60.00 60.1100 11.6 -0.109 0.195
260.025 60.00 60.1000 11.9 -0.096 0.234
260.074 60.00 60.0600 12.7 -0.065 0.333
260.125 60.00 60.1100 11.6 -0.107 0.195
260.175 60.00 60.1000 11.6 -0.105 0.200
260.225 60.00 60.0800 12.2 -0.084 0.266
260.275 60.00 60.0900 11.9 -0.092 0.237
260.324 60.00 60.1100 11.5 -0.107 0.187
260.376 60.00 60.0600 12.6 -0.065 0.321
260.426 60.00 60.0900 11.9 -0.092 0.231
260.476 60.00 60.0900 11.9 -0.090 0.235
260.525 60.00 60.1200 11.1 -0.119 0.138
260.573 60.00 60.0900 11.8 -0.092 0.225
260.624 60.00 60.0000 14.1 -0.004 0.509
260.674 60.00 60.0900 11.7 -0.094 0.213
260.725 60.00 60.1000 11.6 -0.098 0.197
260.775 60.00 60.0900 11.7 -0.092 0.216
260.823 60.00 60.0800 12.1 -0.078 0.261
260.874 60.00 60.0900 11.8 -0.090 0.218
260.924 60.00 60.0700 12.4 -0.067 0.292
260.974 60.00 60.1000 11.6 -0.096 0.194
261.024 60.00 60.1000 11.5 -0.098 0.185
261.073 60.00 60.1000 11.5 -0.096 0.191
261.124 60.00 60.0700 12.1 -0.073 0.264
261.174 60.00 60.0900 11.6 -0.092 0.200
261.224 60.00 60.1400 10.3 -0.140 0.042
261.274 60.00 60.0800 12.0 -0.078 0.245
261.323 60.00 60.1000 11.3 -0.103 0.161
261.375 60.00 60.0900 11.5 -0.094 0.187
261.425 60.00 60.0500 12.6 -0.055 0.314
261.475 60.00 60.0700 12.0 -0.073 0.251
261.524 60.00 60.0900 11.5 -0.092 0.188
261.573 60.00 60.0900 11.4 -0.094 0.179
261.624 60.00 60.0700 12.2 -0.067 0.266
261.674 60.00 60.1100 10.9 -0.113 0.114
261.724 60.00 60.1000 11.1 -0.105 0.140
261.774 60.00 60.1000 11.2 -0.100 0.152
261.823 60.00 60.0800 11.7 -0.084 0.205
261.874 60.00 60.1000 11.1 -0.105 0.135
261.924 60.00 60.1000 11.1 -0.105 0.133
261.975 60.00 60.0800 11.7 -0.082 0.207
262.025 60.00 60.1000 11.2 -0.100 0.144
262.074 60.00 60.0700 12.0 -0.067 0.251
262.123 60.00 60.1200 10.7 -0.117 0.085
262.173 60.00 60.1000 11.2 -0.098 0.146
262.223 60.00 60.0900 11.3 -0.092 0.165
262.273 60.00 60.0900 11.3 -0.092 0.163
262.323 60.00 60.0700 11.9 -0.069 0.236
262.373 60.00 60.1000 11.0 -0.103 0.125
262.423 60.00 60.1000 11.1 -0.098 0.138
262.473 60.00 60.0900 11.3 -0.090 0.163
262.523 60.00 60.0700 11.9 -0.069 0.230
262.573 60.00 60.1000 11.0 -0.103 0.119
262.623 60.00 60.0800 11.4 -0.084 0.179
262.673 60.00 60.1100 10.8 -0.107 0.103
262.723 60.00 60.1100 10.8 -0.107 0.101
262.773 60.00 60.0600 12.1 -0.057 0.263
262.823 60.00 60.0700 11.8 -0.067 0.227
262.873 60.00 60.0500 12.3 -0.050 0.280
262.924 60.00 60.1100 10.6 -0.113 0.073
262.973 60.00 60.0900 11.1 -0.092 0.141
263.023 60.00 60.1200 10.5 -0.117 0.057
263.073 60.00 60.0900 11.2 -0.088 0.151
263.123 60.00 60.1100 10.7 -0.107 0.089
263.173 60.00 60.0700 11.7 -0.069 0.210
263.223 60.00 60.0800 11.4 -0.082 0.167
263.273 60.00 60.1200 10.3 -0.122 0.036
263.323 60.00 60.1000 10.9 -0.098 0.110
263.373 60.00 60.0900 11.1 -0.092 0.130
263.423 60.00 60.1100 10.7 -0.107 0.081
263.474 60.00 60.0700 11.5 -0.073 0.188
263.524 60.00 60.0800 11.4 -0.078 0.173
263.573 60.00 60.0900 10.9 -0.094 0.117
263.622 60.00 60.1000 10.8 -0.098 0.102
263.672 60.00 60.0700 11.6 -0.069 0.196
263.722 60.00 60.1400 9.7 -0.140 -0.037
263.772 60.00 60.1300 9.9 -0.132 -0.010
263.822 60.00 60.0900 11.1 -0.088 0.132
263.871 60.00 60.1000 10.7 -0.100 0.090
263.922 60.00 60.0800 11.3 -0.080 0.156
263.972 60.00 60.1400 9.6 -0.142 -0.049
264.022 60.00 60.0700 11.6 -0.067 0.195
264.073 60.00 60.1000 10.6 -0.103 0.078
264.122 60.00 60.1000 10.7 -0.100 0.084
264.172 60.00 60.1000 10.7 -0.100 0.083
264.223 60.00 60.1000 10.6 -0.105 0.067
264.273 60.00 60.1000 10.8 -0.096 0.094
264.322 60.00 60.0800 11.2 -0.080 0.147
264.371 60.00 60.1100 10.5 -0.107 0.057
264.422 60.00 60.1000 10.7 -0.096 0.090
264.472 60.00 60.1100 10.2 -0.115 0.028
264.523 60.00 60.0700 11.4 -0.071 0.170
264.573 60.00 60.0700 11.3 -0.076 0.154
264.621 60.00 60.1000 10.5 -0.105 0.058
264.672 60.00 60.1100 10.3 -0.111 0.036
264.722 60.00 60.0800 11.2 -0.078 0.144
264.772 60.00 60.1000 10.7 -0.096 0.082
264.822 60.00 60.0800 10.9 -0.086 0.115
264.871 60.00 60.1000 10.5 -0.103 0.059
264.922 60.00 60.1000 10.5 -0.100 0.065
264.972 60.00 60.1000 10.4 -0.105 0.050
265.022 60.00 60.1100 10.2 -0.111 0.028
265.073 60.00 60.0600 11.6 -0.059 0.198
265.122 60.00 60.0900 10.7 -0.092 0.088
265.172 60.00 60.1000 10.5 -0.100 0.060
265.221 60.00 60.0800 11.0 -0.082 0.120
265.271 60.00 60.0800 10.8 -0.086 0.104
265.321 60.00 60.1300 9.7 -0.130 -0.040
265.370 60.00 60.1000 10.4 -0.100 0.056
265.421 60.00 60.0600 11.6 -0.059 0.190
265.471 60.00 60.1200 9.8 -0.124 -0.022
265.521 60.00 60.1100 10.3 -0.107 0.032
265.571 60.00 60.1000 10.5 -0.098 0.058
265.621 60.00 60.0700 11.1 -0.073 0.139
265.672 60.00 60.1000 10.3 -0.105 0.035
265.722 60.00 60.0800 10.9 -0.080 0.116
265.771 60.00 60.0800 10.8 -0.086 0.094
265.821 60.00 60.1100 10.1 -0.111 0.011
265.870 60.00 60.1200 9.7 -0.126 -0.037
265.921 60.00 60.1000 10.4 -0.098 0.051
265.971 60.00 60.1200 9.8 -0.119 -0.018
266.021 60.00 60.1400 9.3 -0.138 -0.080
266.071 60.00 60.1400 9.3 -0.138 -0.080
266.120 60.00 60.1200 9.8 -0.122 -0.026
266.171 60.00 60.0900 10.6 -0.090 0.075
266.221 60.00 60.1300 9.5 -0.132 -0.062
266.271 60.00 60.1000 10.2 -0.105 0.026
266.322 60.00 60.1300 9.4 -0.134 -0.070
266.371 60.00 60.1200 9.9 -0.117 -0.016
266.422 60.00 60.1200 9.8 -0.119 -0.023
266.471 60.00 60.1100 9.9 -0.115 -0.010
266.522 60.00 60.1200 9.8 -0.119 -0.025
266.571 60.00 60.1200 9.8 -0.117 -0.019
266.620 60.00 60.1200 9.7 -0.122 -0.033
266.671 60.00 60.0900 10.6 -0.090 0.069
266.722 60.00 60.1100 10.0 -0.111 -0.000
266.772 60.00 60.1200 9.8 -0.119 -0.028
266.821 60.00 60.1000 10.2 -0.103 0.026
266.869 60.00 60.1500 8.8 -0.155 -0.145
266.920 60.00 60.1100 10.0 -0.111 -0.002
266.970 60.00 60.1100 10.1 -0.107 0.011
267.020 60.00 60.1400 9.1 -0.145 -0.113
267.070 60.00 60.1000 10.3 -0.098 0.037
267.119 60.00 60.0900 10.5 -0.090 0.063
267.170 60.00 60.1200 9.6 -0.124 -0.047
267.220 60.00 60.1200 9.8 -0.117 -0.027
267.270 60.00 60.1500 8.9 -0.151 -0.136
267.321 60.00 60.1300 9.4 -0.132 -0.075
267.370 60.00 60.1300 9.3 -0.134 -0.082
267.420 60.00 60.1000 10.3 -0.098 0.034
267.470 60.00 60.1500 8.9 -0.151 -0.137
267.520 60.00 60.1000 10.2 -0.100 0.026
267.570 60.00 60.1100 9.9 -0.111 -0.009
267.619 60.00 60.1000 10.1 -0.105 0.011
267.670 60.00 60.1400 9.2 -0.138 -0.099
267.720 60.00 60.1100 10.0 -0.109 -0.004
267.770 60.00 60.1300 9.5 -0.128 -0.066
267.820 60.00 60.1200 9.7 -0.117 -0.033
267.869 60.00 60.1300 9.3 -0.132 -0.080
267.920 60.00 60.1500 8.8 -0.151 -0.142
267.971 60.00 60.1300 9.3 -0.134 -0.088
268.021 60.00 60.1100 9.8 -0.113 -0.020
268.071 60.00 60.1400 9.2 -0.138 -0.102
268.119 60.00 60.1100 9.9 -0.111 -0.014
268.169 60.00 60.1600 8.4 -0.165 -0.191
268.220 60.00 60.1200 9.7 -0.119 -0.041
268.270 60.00 60.1300 9.2 -0.136 -0.096
268.319 60.00 60.1600 8.5 -0.161 -0.178
268.368 60.00 60.1300 9.4 -0.128 -0.069
268.419 60.00 60.1100 9.9 -0.109 -0.008
268.469 60.00 60.1500 8.9 -0.149 -0.138
268.519 60.00 60.1400 9.1 -0.140 -0.111
268.569 60.00 60.1500 8.7 -0.155 -0.159
268.618 60.00 60.1500 8.8 -0.151 -0.145
268.669 60.00 60.1500 8.7 -0.155 -0.159
268.719 60.00 60.1300 9.2 -0.134 -0.091
268.769 60.00 60.1700 8.4 -0.167 -0.200
268.819 60.00 60.1400 9.1 -0.140 -0.112
268.868 60.00 60.1200 9.5 -0.126 -0.064
268.920 60.00 60.1500 8.9 -0.147 -0.133
268.970 60.00 60.1600 8.6 -0.157 -0.166
269.019 60.00 60.1600 8.6 -0.157 -0.166
269.069 60.00 60.0900 10.5 -0.088 0.058
269.118 60.00 60.1000 10.2 -0.098 0.023
269.169 60.00 60.1400 9.0 -0.142 -0.120
269.219 60.00 60.1400 8.9 -0.145 -0.128
269.269 60.00 60.1500 8.8 -0.149 -0.141
269.319 60.00 60.1500 8.7 -0.153 -0.154
269.368 60.00 60.1300 9.2 -0.134 -0.094
269.419 60.00 60.1500 8.8 -0.149 -0.141
269.470 60.00 60.1500 8.7 -0.155 -0.162
269.520 60.00 60.2200 6.9 -0.222 -0.379
269.570 60.00 60.1500 8.7 -0.155 -0.161
269.618 60.00 60.1600 8.4 -0.163 -0.188
269.669 60.00 60.1400 8.9 -0.145 -0.127
269.719 60.00 60.1400 9.0 -0.142 -0.120
269.769 60.00 60.1400 8.9 -0.145 -0.127
269.819 60.00 60.1100 9.9 -0.107 -0.004
269.867 60.00 60.1400 8.9 -0.145 -0.128
269.918 60.00 60.1700 8.3 -0.170 -0.210
269.968 60.00 60.1500 8.8 -0.151 -0.147
270.019 60.00 60.1500 8.7 -0.153 -0.154
270.069 60.00 60.1300 9.3 -0.132 -0.087
270.117 60.00 60.1400 8.9 -0.145 -0.128
270.168 60.00 60.1500 8.9 -0.147 -0.135
270.218 60.00 60.1300 9.2 -0.136 -0.100
270.268 60.00 60.1400 9.1 -0.140 -0.115
270.318 60.00 60.1500 8.8 -0.151 -0.148
270.367 60.00 60.1500 8.7 -0.155 -0.163
270.418 60.00 60.1700 8.3 -0.170 -0.210
270.468 60.00 60.2500 6.2 -0.249 -0.468
270.518 60.00 60.1500 8.9 -0.147 -0.134
270.568 60.00 60.1500 8.9 -0.147 -0.134
270.617 60.00 60.1400 9.0 -0.142 -0.120
270.668 60.00 60.1100 9.9 -0.109 -0.011
270.718 60.00 60.1600 8.6 -0.157 -0.168
270.768 60.00 60.1500 8.7 -0.155 -0.162
270.818 60.00 60.1700 8.3 -0.167 -0.202
270.868 60.00 60.1400 9.1 -0.140 -0.114
270.918 60.00 60.2200 6.9 -0.220 -0.372
270.968 60.00 60.1700 8.3 -0.167 -0.201
271.018 60.00 60.1900 7.7 -0.191 -0.276
271.068 60.00 60.1700 8.2 -0.174 -0.221
271.117 60.00 60.1900 7.7 -0.191 -0.275
271.168 60.00 60.2100 7.2 -0.212 -0.343
271.218 60.00 60.1600 8.5 -0.161 -0.178
271.268 60.00 60.1900 7.8 -0.188 -0.267
271.318 60.00 60.1700 8.4 -0.167 -0.198
271.367 60.00 60.1700 8.2 -0.174 -0.218
271.418 60.00 60.1400 9.0 -0.142 -0.116
271.467 60.00 60.1800 8.0 -0.180 -0.239
271.517 60.00 60.1500 8.9 -0.149 -0.136
271.567 60.00 60.1800 8.1 -0.178 -0.232
271.616 60.00 60.1600 8.5 -0.161 -0.177
271.667 60.00 60.1700 8.1 -0.176 -0.224
271.717 60.00 60.1900 7.8 -0.188 -0.265
271.767 60.00 60.1900 7.8 -0.188 -0.264
271.818 60.00 60.1500 8.7 -0.155 -0.155
271.867 60.00 60.1900 7.7 -0.195 -0.285
271.918 60.00 60.1700 8.4 -0.167 -0.195
271.967 60.00 60.1700 8.3 -0.172 -0.209
272.017 60.00 60.1700 8.4 -0.167 -0.195
272.067 60.00 60.1600 8.4 -0.165 -0.188
272.116 60.00 60.1600 8.6 -0.161 -0.174
272.167 60.00 60.1400 9.1 -0.142 -0.113
272.217 60.00 60.1700 8.2 -0.174 -0.215
272.267 60.00 60.1900 7.9 -0.186 -0.256
272.317 60.00 60.1600 8.6 -0.161 -0.174
272.366 60.00 60.1900 7.7 -0.195 -0.283
272.418 60.00 60.1800 8.1 -0.178 -0.227
272.468 60.00 60.1900 7.7 -0.195 -0.282
272.517 60.00 60.2200 7.1 -0.218 -0.356
272.568 60.00 60.1900 7.9 -0.186 -0.253
272.616 60.00 60.2000 7.6 -0.199 -0.294
272.668 60.00 60.1900 7.7 -0.195 -0.279
272.718 60.00 60.1700 8.2 -0.176 -0.217
272.767 60.00 60.1700 8.4 -0.167 -0.190
272.817 60.00 60.1200 9.5 -0.126 -0.054
272.865 60.00 60.2100 7.2 -0.212 -0.333
272.916 60.00 60.1700 8.4 -0.167 -0.189
272.966 60.00 60.2000 7.4 -0.205 -0.312
273.016 60.00 60.1600 8.6 -0.161 -0.168
273.066 60.00 60.1900 7.8 -0.191 -0.264
273.115 60.00 60.2000 7.5 -0.201 -0.297
273.167 60.00 60.2000 7.4 -0.205 -0.310
273.217 60.00 60.1700 8.3 -0.172 -0.200
273.266 60.00 60.2200 7.0 -0.222 -0.364
273.316 60.00 60.1900 7.8 -0.193 -0.268
273.365 60.00 60.2200 7.0 -0.222 -0.362
273.416 60.00 60.2400 6.4 -0.245 -0.436
273.466 60.00 60.2000 7.5 -0.203 -0.299
273.516 60.00 60.2000 7.7 -0.197 -0.278
273.566 60.00 60.1900 7.9 -0.188 -0.250
273.615 60.00 60.2000 7.5 -0.205 -0.304
273.667 60.00 60.1900 7.9 -0.191 -0.257
273.717 60.00 60.2000 7.5 -0.203 -0.296
273.766 60.00 60.1800 8.2 -0.178 -0.214
273.816 60.00 60.1700 8.4 -0.170 -0.187
273.865 60.00 60.1900 7.8 -0.195 -0.268
273.916 60.00 60.2000 7.7 -0.197 -0.275
273.966 60.00 60.1400 9.2 -0.142 -0.097
274.016 60.00 60.2000 7.7 -0.199 -0.282
274.066 60.00 60.2000 7.5 -0.205 -0.301
274.115 60.00 60.2000 7.7 -0.197 -0.274
274.166 60.00 60.1800 8.1 -0.182 -0.225
274.217 60.00 60.1900 7.8 -0.195 -0.266
274.267 60.00 60.2100 7.5 -0.207 -0.306
274.317 60.00 60.2000 7.7 -0.197 -0.272
274.365 60.00 60.2000 7.7 -0.197 -0.271
274.415 60.00 60.2100 7.2 -0.216 -0.332
274.465 60.00 60.2000 7.5 -0.205 -0.297
274.515 60.00 60.1900 7.9 -0.193 -0.256
274.565 60.00 60.2000 7.8 -0.197 -0.269
274.615 60.00 60.1700 8.4 -0.174 -0.194
274.665 60.00 60.2100 7.5 -0.207 -0.302
274.715 60.00 60.2200 7.1 -0.220 -0.343
274.765 60.00 60.2500 6.4 -0.249 -0.437
274.815 60.00 60.2100 7.4 -0.212 -0.314
274.865 60.00 60.2300 6.8 -0.233 -0.381
274.915 60.00 60.2100 7.3 -0.216 -0.325
274.966 60.00 60.2300 7.0 -0.228 -0.366
275.015 60.00 60.2000 7.6 -0.203 -0.283
275.065 60.00 60.2200 7.2 -0.218 -0.330
275.115 60.00 60.2000 7.6 -0.205 -0.289
275.165 60.00 60.2100 7.4 -0.214 -0.316
275.215 60.00 60.2200 7.2 -0.218 -0.328
275.265 60.00 60.2100 7.3 -0.216 -0.321
275.315 60.00 60.2300 6.9 -0.230 -0.368
275.365 60.00 60.2100 7.5 -0.207 -0.292
275.416 60.00 60.2100 7.5 -0.207 -0.292
275.466 60.00 60.2200 7.1 -0.224 -0.346
275.515 60.00 60.2100 7.6 -0.207 -0.290
275.565 60.00 60.2000 7.7 -0.201 -0.269
275.615 60.00 60.2400 6.6 -0.245 -0.412
275.665 60.00 60.2400 6.7 -0.239 -0.391
275.715 60.00 60.2300 7.0 -0.230 -0.362
275.765 60.00 60.2000 7.6 -0.205 -0.280
275.815 60.00 60.2100 7.4 -0.214 -0.307
275.865 60.00 60.2400 6.8 -0.239 -0.388
275.914 60.00 60.2200 7.3 -0.220 -0.325
275.964 60.00 60.2300 7.0 -0.228 -0.352
276.014 60.00 60.2300 7.0 -0.228 -0.351
276.064 60.00 60.2400 6.7 -0.241 -0.391
276.114 60.00 60.2600 6.2 -0.262 -0.458
276.163 60.00 60.2100 7.4 -0.216 -0.307
276.214 60.00 60.2100 7.4 -0.216 -0.307
276.264 60.00 60.2200 7.1 -0.226 -0.340
276.314 60.00 60.2200 7.4 -0.218 -0.312
276.364 60.00 60.2200 7.3 -0.222 -0.325
276.413 60.00 60.2400 6.8 -0.241 -0.386
276.465 60.00 60.2600 6.3 -0.260 -0.446
276.515 60.00 60.2200 7.2 -0.226 -0.336
276.564 60.00 60.2600 6.3 -0.257 -0.437
276.615 60.00 60.2300 7.1 -0.228 -0.342
276.664 60.00 60.2200 7.2 -0.226 -0.334
276.715 60.00 60.2600 6.1 -0.266 -0.462
276.764 60.00 60.2500 6.5 -0.251 -0.413
276.814 60.00 60.2500 6.6 -0.249 -0.406
276.864 60.00 60.2300 7.2 -0.228 -0.337
276.913 60.00 60.2400 6.9 -0.237 -0.363
276.964 60.00 60.2300 7.1 -0.230 -0.342
277.014 60.00 60.2100 7.7 -0.207 -0.266
277.064 60.00 60.2600 6.4 -0.257 -0.429
277.114 60.00 60.2500 6.7 -0.247 -0.394
277.163 60.00 60.2500 6.6 -0.249 -0.400
277.215 60.00 60.2300 7.0 -0.235 -0.352
277.265 60.00 60.2200 7.4 -0.222 -0.310
277.315 60.00 60.2100 7.7 -0.209 -0.268
277.364 60.00 60.2300 7.2 -0.228 -0.330
277.413 60.00 60.2500 6.7 -0.249 -0.397
277.463 60.00 60.2200 7.4 -0.222 -0.308
277.513 60.00 60.2700 6.1 -0.270 -0.464
277.563 60.00 60.1300 9.7 -0.134 -0.020
277.613 60.00 60.2700 6.2 -0.268 -0.456
277.662 60.00 60.2500 6.6 -0.253 -0.407
277.713 60.00 60.2600 6.5 -0.257 -0.420
277.764 60.00 60.2400 6.9 -0.241 -0.364
277.814 60.00 60.2300 7.3 -0.228 -0.323
277.863 60.00 60.2300 7.1 -0.235 -0.343
277.912 60.00 60.2300 7.2 -0.233 -0.336
277.963 60.00 60.2400 6.8 -0.245 -0.375
278.013 60.00 60.2600 6.3 -0.266 -0.443
278.063 60.00 60.2700 6.2 -0.270 -0.455
278.113 60.00 60.2400 6.8 -0.245 -0.372
278.162 60.00 60.2500 6.8 -0.247 -0.378
278.213 60.00 60.2900 5.8 -0.287 -0.507
278.263 60.00 60.2500 6.7 -0.251 -0.389
278.314 60.00 60.2500 6.7 -0.251 -0.388
278.364 60.00 60.2500 6.6 -0.255 -0.401
278.412 60.00 60.2400 7.1 -0.239 -0.347
278.463 60.00 60.2400 7.0 -0.243 -0.360
278.513 60.00 60.2300 7.3 -0.230 -0.318
278.563 60.00 60.2600 6.4 -0.264 -0.426
278.613 60.00 60.2600 6.5 -0.262 -0.418
278.662 60.00 60.2500 6.7 -0.255 -0.397
278.713 60.00 60.2400 7.1 -0.239 -0.342
278.763 60.00 60.2700 6.3 -0.268 -0.436
278.813 60.00 60.2400 7.0 -0.243 -0.354
278.863 60.00 60.2500 6.9 -0.247 -0.366
278.912 60.00 60.2600 6.6 -0.257 -0.399
278.962 60.00 60.2700 6.3 -0.268 -0.432
279.013 60.00 60.2600 6.5 -0.264 -0.418
279.062 60.00 60.2400 7.0 -0.245 -0.356
279.112 60.00 60.2600 6.5 -0.264 -0.416
279.161 60.00 60.2400 7.0 -0.245 -0.354
279.212 60.00 60.2500 6.8 -0.251 -0.374
279.262 60.00 60.2800 6.0 -0.281 -0.469
279.312 60.00 60.2500 7.0 -0.247 -0.358
279.362 60.00 60.2500 6.8 -0.253 -0.378
279.411 60.00 60.2800 6.2 -0.276 -0.452
279.462 60.00 60.2400 7.2 -0.237 -0.322
279.512 60.00 60.2700 6.4 -0.268 -0.423
279.563 60.00 60.2700 6.4 -0.268 -0.422
279.613 60.00 60.2700 6.3 -0.274 -0.442
279.661 60.00 60.2500 6.8 -0.255 -0.379
279.712 60.00 60.2800 6.2 -0.278 -0.454
279.762 60.00 60.2800 6.1 -0.283 -0.466
279.812 60.00 60.2700 6.3 -0.274 -0.438
279.862 60.00 60.2600 6.5 -0.266 -0.410
279.911 60.00 60.2400 7.2 -0.241 -0.327
279.962 60.00 60.2800 6.0 -0.285 -0.469
280.012 60.00 60.2500 6.8 -0.255 -0.373
280.063 60.00 60.2400 7.2 -0.241 -0.324
280.113 60.00 60.2900 5.8 -0.295 -0.501
280.162 60.00 60.2700 6.4 -0.272 -0.425
280.212 60.00 60.2700 6.4 -0.272 -0.424
280.262 60.00 60.2900 5.9 -0.291 -0.484
280.312 60.00 60.2600 6.7 -0.262 -0.387
280.362 60.00 60.2900 5.9 -0.291 -0.482
280.411 60.00 60.2500 7.0 -0.249 -0.345
280.461 60.00 60.2700 6.5 -0.270 -0.413
280.512 60.00 60.2600 6.7 -0.262 -0.384
280.562 60.00 60.2900 6.1 -0.287 -0.465
280.612 60.00 60.2500 7.0 -0.251 -0.348
280.660 60.00 60.2600 6.8 -0.257 -0.368
280.711 60.00 60.2800 6.2 -0.283 -0.449
280.761 60.00 60.2500 7.1 -0.247 -0.332
280.811 60.00 60.2700 6.6 -0.268 -0.400
280.862 60.00 60.2400 7.2 -0.245 -0.324
280.911 60.00 60.2900 6.1 -0.287 -0.460
280.962 60.00 60.2800 6.3 -0.278 -0.431
281.011 60.00 60.2700 6.5 -0.272 -0.410
281.061 60.00 60.2700 6.5 -0.272 -0.409
281.111 60.00 60.2800 6.2 -0.283 -0.442
281.160 60.00 60.2900 6.1 -0.287 -0.455
281.211 60.00 60.2700 6.6 -0.268 -0.392
281.261 60.00 60.2800 6.2 -0.285 -0.446
281.311 60.00 60.2900 6.0 -0.291 -0.465
281.361 60.00 60.2700 6.7 -0.268 -0.390
281.411 60.00 60.2800 6.4 -0.276 -0.416
281.462 60.00 60.2600 6.8 -0.262 -0.367
281.511 60.00 60.2500 7.2 -0.247 -0.319
281.561 60.00 60.2700 6.5 -0.274 -0.407
281.611 60.00 60.2900 6.0 -0.293 -0.467
281.660 60.00 60.3000 5.9 -0.297 -0.480
281.711 60.00 60.2600 6.8 -0.264 -0.370
281.761 60.00 60.2500 7.2 -0.251 -0.329
281.811 60.00 60.2900 6.2 -0.289 -0.451
281.861 60.00 60.2600 6.8 -0.264 -0.368
281.911 60.00 60.2600 6.9 -0.262 -0.360
281.962 60.00 60.2800 6.3 -0.283 -0.428
282.011 60.00 60.2800 6.3 -0.283 -0.427
282.061 60.00 60.2600 7.0 -0.260 -0.352
282.111 60.00 60.2800 6.5 -0.276 -0.405
282.159 60.00 60.2800 6.4 -0.283 -0.425
282.210 60.00 60.2800 6.5 -0.278 -0.411
282.260 60.00 60.2800 6.5 -0.278 -0.410
282.310 60.00 60.2800 6.4 -0.281 -0.416
282.360 60.00 60.2700 6.6 -0.274 -0.394
282.410 60.00 60.2800 6.4 -0.283 -0.421
282.461 60.00 60.2700 6.7 -0.272 -0.386
282.510 60.00 60.2800 6.5 -0.278 -0.406
282.560 60.00 60.2800 6.5 -0.278 -0.405
282.610 60.00 60.2900 6.2 -0.289 -0.438
282.660 60.00 60.2700 6.8 -0.270 -0.376
282.710 60.00 60.2800 6.4 -0.283 -0.416
282.760 60.00 60.2900 6.1 -0.295 -0.456
282.810 60.00 60.2700 6.8 -0.270 -0.374
282.860 60.00 60.2700 6.7 -0.274 -0.386
282.909 60.00 60.3000 5.9 -0.304 -0.481
282.960 60.00 60.2600 7.1 -0.260 -0.337
283.010 60.00 60.2500 7.4 -0.247 -0.295
283.061 60.00 60.2600 6.9 -0.266 -0.357
283.111 60.00 60.2600 7.0 -0.264 -0.349
283.160 60.00 60.2800 6.6 -0.278 -0.396
283.210 60.00 60.2700 6.8 -0.270 -0.369
283.260 60.00 60.2900 6.3 -0.289 -0.429
283.310 60.00 60.2800 6.5 -0.281 -0.401
283.360 60.00 60.2800 6.7 -0.276 -0.387
283.409 60.00 60.3600 4.4 -0.362 -0.665
283.460 60.00 60.2900 6.3 -0.291 -0.431
283.510 60.00 60.2700 6.8 -0.272 -0.369
283.560 60.00 60.2600 7.2 -0.257 -0.321
283.610 60.00 60.2900 6.4 -0.287 -0.416
283.659 60.00 60.2700 6.9 -0.268 -0.354
283.710 60.00 60.2600 7.2 -0.257 -0.319
283.759 60.00 60.3000 6.1 -0.299 -0.455
283.809 60.00 60.2800 6.6 -0.281 -0.393
283.859 60.00 60.3000 6.2 -0.297 -0.446
283.908 60.00 60.3100 5.9 -0.308 -0.480
283.959 60.00 60.2900 6.5 -0.287 -0.411
284.009 60.00 60.2600 7.1 -0.264 -0.335
284.059 60.00 60.2900 6.3 -0.293 -0.429
284.109 60.00 60.3000 6.2 -0.297 -0.442
284.158 60.00 60.3100 5.9 -0.308 -0.476
284.209 60.00 60.2900 6.4 -0.289 -0.413
284.260 60.00 60.2700 7.0 -0.268 -0.344
284.310 60.00 60.2700 7.0 -0.268 -0.344
284.359 60.00 60.2700 6.9 -0.272 -0.357
284.408 60.00 60.2900 6.3 -0.293 -0.424
284.459 60.00 60.2800 6.5 -0.285 -0.397
284.509 60.00 60.2800 6.6 -0.285 -0.396
284.559 60.00 60.2600 7.1 -0.266 -0.334
284.609 60.00 60.2800 6.7 -0.281 -0.381
284.658 60.00 60.1400 10.5 -0.138 0.081
284.709 60.00 60.2700 6.9 -0.270 -0.348
284.759 60.00 60.2900 6.3 -0.295 -0.429
284.809 60.00 60.2700 7.0 -0.270 -0.347
284.859 60.00 60.2600 7.1 -0.264 -0.326
284.908 60.00 60.2900 6.3 -0.293 -0.420
284.960 60.00 60.2900 6.3 -0.295 -0.427
285.010 60.00 60.2800 6.8 -0.278 -0.372
285.060 60.00 60.2800 6.8 -0.278 -0.371
285.109 60.00 60.2500 7.4 -0.253 -0.288
285.157 60.00 60.2900 6.5 -0.287 -0.397
285.208 60.00 60.2500 7.4 -0.255 -0.294
285.258 60.00 60.2800 6.8 -0.278 -0.369
285.308 60.00 60.2900 6.4 -0.291 -0.409
285.358 60.00 60.2700 6.9 -0.272 -0.347
285.407 60.00 60.2500 7.6 -0.249 -0.272
285.458 60.00 60.2900 6.5 -0.289 -0.401
285.508 60.00 60.3000 6.1 -0.304 -0.448
285.558 60.00 60.2600 7.2 -0.264 -0.318
285.609 60.00 60.2800 6.8 -0.278 -0.365
285.658 60.00 60.3100 5.9 -0.312 -0.473
285.709 60.00 60.2900 6.4 -0.295 -0.418
285.758 60.00 60.2700 6.9 -0.274 -0.349
285.808 60.00 60.2700 7.0 -0.270 -0.336
285.858 60.00 60.2900 6.4 -0.293 -0.409
285.907 60.00 60.2500 7.7 -0.247 -0.259
285.958 60.00 60.2500 7.5 -0.251 -0.272
286.008 60.00 60.2700 6.9 -0.274 -0.348
286.058 60.00 60.2800 6.8 -0.281 -0.368
286.108 60.00 60.2600 7.2 -0.264 -0.313
286.157 60.00 60.2600 7.2 -0.266 -0.319
286.209 60.00 60.2500 7.6 -0.251 -0.271
286.259 60.00 60.2900 6.6 -0.287 -0.386
286.309 60.00 60.2600 7.3 -0.262 -0.304
286.358 60.00 60.2800 6.7 -0.285 -0.379
286.407 60.00 60.2800 6.8 -0.278 -0.358
286.458 60.00 60.2600 7.2 -0.266 -0.317
286.508 60.00 60.2600 7.2 -0.266 -0.316
286.558 60.00 60.2600 7.3 -0.262 -0.302
286.608 60.00 60.2500 7.6 -0.249 -0.261
286.657 60.00 60.2700 7.0 -0.274 -0.343
286.707 60.00 60.2900 6.6 -0.287 -0.383
286.757 60.00 60.2700 7.1 -0.270 -0.328
286.807 60.00 60.2600 7.2 -0.266 -0.314
286.857 60.00 60.2700 7.0 -0.272 -0.334
286.906 60.00 60.2600 7.3 -0.262 -0.299
286.957 60.00 60.2700 7.1 -0.270 -0.327
287.008 60.00 60.2400 7.8 -0.243 -0.239
287.058 60.00 60.2400 7.8 -0.245 -0.245
287.108 60.00 60.2500 7.6 -0.249 -0.259
287.157 60.00 60.2400 7.8 -0.245 -0.245
287.208 60.00 60.2800 6.9 -0.278 -0.354
287.257 60.00 60.2600 7.3 -0.264 -0.306
287.307 60.00 60.2700 7.0 -0.274 -0.339
287.357 60.00 60.2600 7.3 -0.262 -0.298
287.406 60.00 60.2600 7.3 -0.264 -0.305
287.457 60.00 60.2600 7.2 -0.266 -0.311
287.507 60.00 60.2500 7.5 -0.255 -0.277
287.557 60.00 60.2700 7.2 -0.268 -0.317
287.607 60.00 60.2700 7.0 -0.272 -0.331
287.657 60.00 60.2500 7.6 -0.251 -0.262
287.708 60.00 60.2500 7.7 -0.247 -0.248
287.757 60.00 60.2600 7.2 -0.266 -0.310
287.807 60.00 60.2800 6.9 -0.278 -0.351
287.857 60.00 60.2600 7.2 -0.266 -0.310
287.906 60.00 60.2600 7.5 -0.257 -0.282
287.957 60.00 60.2700 7.1 -0.272 -0.329
288.007 60.00 60.2800 6.9 -0.278 -0.349
288.057 60.00 60.2600 7.5 -0.257 -0.281
288.107 60.00 60.2400 7.8 -0.245 -0.240
288.157 60.00 60.2500 7.5 -0.255 -0.274
288.207 60.00 60.2400 7.8 -0.243 -0.233
288.256 60.00 60.2700 7.2 -0.268 -0.315
288.306 60.00 60.2800 7.0 -0.276 -0.342
288.356 60.00 60.2600 7.4 -0.260 -0.287
288.406 60.00 60.2500 7.7 -0.247 -0.245
288.456 60.00 60.2700 7.1 -0.272 -0.327
288.506 60.00 60.2600 7.5 -0.257 -0.279
288.556 60.00 60.2600 7.2 -0.266 -0.307
288.606 60.00 60.2700 7.1 -0.272 -0.327
288.656 60.00 60.2500 7.7 -0.249 -0.252
288.707 60.00 60.2600 7.4 -0.260 -0.286
288.756 60.00 60.2600 7.5 -0.257 -0.279
288.806 60.00 60.2500 7.6 -0.253 -0.265
288.856 60.00 60.2700 7.1 -0.270 -0.320
288.906 60.00 60.2800 6.8 -0.281 -0.353
288.957 60.00 60.2400 8.0 -0.239 -0.217
289.006 60.00 60.2500 7.6 -0.253 -0.264
289.056 60.00 60.2300 8.1 -0.233 -0.197
289.106 60.00 60.2600 7.3 -0.262 -0.291
289.156 60.00 60.2500 7.7 -0.247 -0.243
289.206 60.00 60.2500 7.7 -0.247 -0.243
289.256 60.00 60.2400 7.9 -0.241 -0.223
289.306 60.00 60.2500 7.6 -0.253 -0.264
289.356 60.00 60.2400 7.8 -0.245 -0.237
289.406 60.00 60.3000 6.2 -0.306 -0.434
289.457 60.00 60.2400 7.8 -0.245 -0.236
289.506 60.00 60.2500 7.5 -0.255 -0.270
289.556 60.00 60.2700 7.1 -0.272 -0.325
289.606 60.00 60.2500 7.7 -0.249 -0.250
289.656 60.00 60.2600 7.2 -0.266 -0.304
289.706 60.00 60.2800 6.8 -0.285 -0.365
289.756 60.00 60.2300 8.1 -0.233 -0.195
289.805 60.00 60.2800 7.0 -0.276 -0.338
289.855 60.00 60.2700 7.1 -0.272 -0.323
289.905 60.00 60.1800 9.5 -0.180 -0.024
289.955 60.00 60.2600 7.2 -0.266 -0.304
290.006 60.00 60.2500 7.6 -0.251 -0.256
290.056 60.00 60.2500 7.7 -0.249 -0.249
290.105 60.00 60.2500 7.7 -0.249 -0.249
290.155 60.00 60.2600 7.3 -0.264 -0.297
290.204 60.00 60.2600 7.4 -0.262 -0.289
290.255 60.00 60.2500 7.6 -0.253 -0.262
290.305 60.00 60.2400 7.8 -0.245 -0.235
290.355 60.00 60.2400 7.8 -0.245 -0.235
290.405 60.00 60.2700 7.1 -0.270 -0.317
290.454 60.00 60.2600 7.3 -0.264 -0.296
290.505 60.00 60.2400 7.8 -0.243 -0.228
290.556 60.00 60.2300 8.1 -0.233 -0.194
290.606 60.00 60.2700 7.0 -0.274 -0.330
290.655 60.00 60.2600 7.5 -0.257 -0.275
290.705 60.00 60.2300 8.1 -0.235 -0.201
290.756 60.00 60.2800 6.9 -0.278 -0.344
290.806 60.00 60.2500 7.5 -0.255 -0.268
290.855 60.00 60.2300 8.2 -0.230 -0.187
290.905 60.00 60.2700 7.1 -0.270 -0.316
290.954 60.00 60.2300 8.2 -0.228 -0.180
291.005 60.00 60.2500 7.8 -0.247 -0.241
291.055 60.00 60.2500 7.7 -0.247 -0.241
291.105 60.00 60.2500 7.7 -0.247 -0.241
291.155 60.00 60.2400 8.0 -0.237 -0.208
291.204 60.00 60.1700 9.6 -0.176 -0.010
291.254 60.00 60.2500 7.6 -0.251 -0.256
291.305 60.00 60.2400 7.9 -0.241 -0.222
291.355 60.00 60.2300 8.1 -0.233 -0.196
291.404 60.00 60.2500 7.5 -0.255 -0.270
291.453 60.00 60.2500 7.7 -0.249 -0.250
291.504 60.00 60.2100 8.6 -0.216 -0.141
291.554 60.00 60.2300 8.2 -0.230 -0.189
291.604 60.00 60.2200 8.5 -0.218 -0.148
291.654 60.00 60.2400 7.9 -0.239 -0.217
291.703 60.00 60.2600 7.3 -0.264 -0.299
291.754 60.00 60.2100 8.8 -0.207 -0.115
291.805 60.00 60.2200 8.3 -0.226 -0.177
291.855 60.00 60.2200 8.4 -0.220 -0.157
291.905 60.00 60.1600 10.0 -0.161 0.034
291.953 60.00 60.2800 6.9 -0.278 -0.349
292.004 60.00 60.2400 7.9 -0.239 -0.219
292.054 60.00 60.2400 7.9 -0.239 -0.219
292.104 60.00 60.2500 7.5 -0.253 -0.266
292.154 60.00 60.2900 6.4 -0.295 -0.403
292.203 60.00 60.2500 7.7 -0.247 -0.245
292.254 60.00 60.2400 7.8 -0.245 -0.239
292.304 60.00 60.2300 8.2 -0.228 -0.185
292.354 60.00 60.2100 8.6 -0.214 -0.137
292.405 60.00 60.2300 8.2 -0.228 -0.186
292.454 60.00 60.2500 7.6 -0.251 -0.260
292.504 60.00 60.2200 8.3 -0.224 -0.172
292.554 60.00 60.2100 8.7 -0.209 -0.124
292.604 60.00 60.2300 8.1 -0.233 -0.200
292.654 60.00 60.2200 8.5 -0.218 -0.152
292.704 60.00 60.1700 9.6 -0.174 -0.010
292.753 60.00 60.2800 6.9 -0.276 -0.344
292.804 60.00 60.2100 8.6 -0.214 -0.140
292.854 60.00 60.2200 8.4 -0.220 -0.161
292.903 60.00 60.2300 8.1 -0.233 -0.202
292.952 60.00 60.2300 8.0 -0.235 -0.209
293.003 60.00 60.2200 8.3 -0.222 -0.168
293.053 60.00 60.2200 8.3 -0.224 -0.176
293.103 60.00 60.2200 8.4 -0.218 -0.155
293.153 60.00 60.2000 8.9 -0.199 -0.095
293.203 60.00 60.2000 8.8 -0.205 -0.115
293.254 60.00 60.2100 8.6 -0.212 -0.137
293.303 60.00 60.1800 9.4 -0.180 -0.035
293.353 60.00 60.2300 8.1 -0.230 -0.199
293.403 60.00 60.2100 8.5 -0.216 -0.152
293.452 60.00 60.2200 8.3 -0.220 -0.166
293.503 60.00 60.2100 8.6 -0.209 -0.132
293.553 60.00 60.2000 8.8 -0.201 -0.105
293.603 60.00 60.1900 9.0 -0.195 -0.086
293.653 60.00 60.2200 8.3 -0.220 -0.168
293.703 60.00 60.2100 8.5 -0.212 -0.141
293.754 60.00 60.2000 8.9 -0.197 -0.094
293.804 60.00 60.2000 8.9 -0.199 -0.101
293.853 60.00 60.1800 9.3 -0.182 -0.047
293.903 60.00 60.1700 9.7 -0.167 -0.000
293.952 60.00 60.1900 9.1 -0.191 -0.077
294.003 60.00 60.2000 8.9 -0.197 -0.098
294.053 60.00 60.2000 8.8 -0.199 -0.105
294.103 60.00 60.2100 8.6 -0.209 -0.139
294.153 60.00 60.1700 9.4 -0.176 -0.031
294.202 60.00 60.2000 8.7 -0.205 -0.127
294.254 60.00 60.2000 8.9 -0.197 -0.101
294.304 60.00 60.2300 7.9 -0.233 -0.217
294.354 60.00 60.1900 8.9 -0.195 -0.095
294.402 60.00 60.2200 8.2 -0.222 -0.184
294.451 60.00 60.1900 9.1 -0.188 -0.075
294.502 60.00 60.1800 9.3 -0.178 -0.042
294.552 60.00 60.1500 10.1 -0.151 0.046
294.602 60.00 60.2000 8.8 -0.199 -0.112
294.652 60.00 60.1900 9.1 -0.188 -0.078
294.701 60.00 60.1700 9.4 -0.176 -0.038
294.752 60.00 60.1800 9.3 -0.180 -0.053
294.802 60.00 60.1700 9.4 -0.174 -0.033
294.852 60.00 60.1100 11.0 -0.115 0.157
294.902 60.00 60.1900 9.0 -0.188 -0.083
294.951 60.00 60.1800 9.2 -0.180 -0.057
295.002 60.00 60.2000 8.6 -0.203 -0.132
295.052 60.00 60.1600 9.7 -0.161 0.003
295.102 60.00 60.2100 8.5 -0.207 -0.147
295.152 60.00 60.1900 9.0 -0.186 -0.080
295.201 60.00 60.1600 9.8 -0.159 0.008
295.252 60.00 60.2100 8.5 -0.207 -0.149
295.302 60.00 60.1700 9.4 -0.172 -0.034
295.353 60.00 60.1500 10.0 -0.151 0.033
295.403 60.00 60.1700 9.3 -0.174 -0.043
295.452 60.00 60.1500 9.8 -0.155 0.017
295.502 60.00 60.1600 9.7 -0.161 -0.004
295.552 60.00 60.1800 9.1 -0.182 -0.073
295.602 60.00 60.1700 9.5 -0.167 -0.026
295.652 60.00 60.1600 9.7 -0.159 0.000
295.701 60.00 60.1400 10.2 -0.140 0.060
295.752 60.00 60.1700 9.4 -0.167 -0.029
295.802 60.00 60.1800 9.1 -0.182 -0.077
295.852 60.00 60.1500 9.9 -0.151 0.024
295.902 60.00 60.1500 9.9 -0.149 0.029
295.951 60.00 60.1700 9.3 -0.172 -0.046
296.002 60.00 60.1500 9.9 -0.149 0.027
296.051 60.00 60.1500 9.8 -0.151 0.020
296.101 60.00 60.1700 9.3 -0.172 -0.049
296.151 60.00 60.1600 9.6 -0.159 -0.009
296.200 60.00 60.1700 9.3 -0.170 -0.045
296.251 60.00 60.1500 9.9 -0.147 0.029
296.301 60.00 60.1500 9.7 -0.155 0.001
296.351 60.00 60.1400 10.0 -0.142 0.041
296.401 60.00 60.1500 9.7 -0.155 -0.001
296.450 60.00 60.1400 9.9 -0.145 0.032
296.501 60.00 60.1600 9.4 -0.163 -0.030
296.551 60.00 60.1500 9.7 -0.153 0.003
296.602 60.00 60.1700 9.3 -0.167 -0.045
296.652 60.00 60.1400 10.0 -0.140 0.042
296.701 60.00 60.1200 10.6 -0.117 0.115
296.752 60.00 60.1600 9.5 -0.161 -0.028
296.801 60.00 60.1300 10.2 -0.134 0.059
296.851 60.00 60.1300 10.3 -0.128 0.078
296.902 60.00 60.1600 9.5 -0.157 -0.018
296.951 60.00 60.1100 10.7 -0.113 0.124
297.002 60.00 60.1300 10.3 -0.128 0.075
297.051 60.00 60.1500 9.6 -0.153 -0.008
297.101 60.00 60.1500 9.7 -0.149 0.004
297.151 60.00 60.1500 9.6 -0.153 -0.010
297.200 60.00 60.1400 9.8 -0.145 0.016
297.251 60.00 60.1000 10.9 -0.105 0.144
297.301 60.00 60.1200 10.5 -0.119 0.095
297.351 60.00 60.1500 9.6 -0.153 -0.015
297.401 60.00 60.1400 9.9 -0.138 0.032
297.449 60.00 60.1100 10.8 -0.107 0.133
297.501 60.00 60.1500 9.5 -0.155 -0.025
297.551 60.00 60.1400 9.9 -0.138 0.028
297.601 60.00 60.1400 9.8 -0.142 0.014
297.650 60.00 60.1400 9.8 -0.142 0.013
297.699 60.00 60.1600 9.2 -0.163 -0.056
297.750 60.00 60.1200 10.3 -0.124 0.072
297.800 60.00 60.2200 7.8 -0.218 -0.235
297.850 60.00 60.2800 6.0 -0.285 -0.452
297.900 60.00 60.1700 9.1 -0.170 -0.078
297.949 60.00 60.1700 9.1 -0.167 -0.071
298.000 60.00 60.1600 9.4 -0.157 -0.038
298.050 60.00 60.1300 10.1 -0.130 0.050
298.101 60.00 60.1300 10.0 -0.134 0.035
298.151 60.00 60.1200 10.2 -0.124 0.068
298.200 60.00 60.1500 9.6 -0.149 -0.015
298.251 60.00 60.1400 9.7 -0.142 0.005
298.300 60.00 60.0700 11.5 -0.076 0.222
298.350 60.00 60.1300 10.0 -0.130 0.043
298.400 60.00 60.1200 10.2 -0.124 0.062
298.449 60.00 60.1200 10.3 -0.117 0.081
298.500 60.00 60.1400 9.8 -0.138 0.012
298.550 60.00 60.1200 10.3 -0.119 0.073
298.600 60.00 60.1200 10.3 -0.119 0.071
298.650 60.00 60.1300 9.8 -0.136 0.016
298.699 60.00 60.1400 9.6 -0.145 -0.013
298.750 60.00 60.1200 10.1 -0.124 0.055
298.800 60.00 60.1100 10.4 -0.113 0.088
298.850 60.00 60.1300 9.9 -0.132 0.025
298.900 60.00 60.1500 9.4 -0.149 -0.030
298.948 60.00 60.1400 9.7 -0.138 0.003
298.999 60.00 60.1200 10.1 -0.124 0.050
299.049 60.00 60.1300 9.9 -0.132 0.022
299.100 60.00 60.1100 10.4 -0.113 0.082
299.150 60.00 60.1100 10.3 -0.113 0.081
299.198 60.00 60.1300 9.9 -0.128 0.032
299.249 60.00 60.1400 9.7 -0.138 -0.003
299.299 60.00 60.1300 9.9 -0.128 0.030
299.349 60.00 60.1100 10.3 -0.115 0.070
299.399 60.00 60.1500 9.4 -0.147 -0.034
299.448 60.00 60.1500 9.2 -0.155 -0.062
299.499 60.00 60.1300 9.7 -0.136 -0.000
299.549 60.00 60.1000 10.5 -0.105 0.100
299.599 60.00 60.1200 10.1 -0.119 0.052
299.649 60.00 60.1200 10.1 -0.119 0.050
299.699 60.00 60.1300 9.8 -0.132 0.009
299.750 60.00 60.1200 9.9 -0.126 0.028
299.799 60.00 60.1400 9.6 -0.138 -0.014
299.849 60.00 60.1100 10.3 -0.111 0.074
299.899 60.00 60.1200 9.9 -0.124 0.032
299.948 60.00 60.1000 10.6 -0.100 0.107
299.999 60.00 60.1100 10.3 -0.111 0.070
300.049 60.00 60.1200 10.0 -0.122 0.035
300.099 60.00 60.1300 9.7 -0.132 0.001
300.149 60.00 60.0900 10.9 -0.088 0.143
300.198 60.00 60.1000 10.5 -0.100 0.101
300.249 60.00 60.1200 10.1 -0.117 0.044
300.299 60.00 60.1100 10.2 -0.113 0.057
300.350 60.00 60.1000 10.4 -0.105 0.083
300.400 60.00 60.1500 9.2 -0.147 -0.054
300.449 60.00 60.1100 10.3 -0.107 0.075
300.498 60.00 60.1200 9.8 -0.124 0.019
300.548 60.00 60.1100 10.2 -0.111 0.059
300.598 60.00 60.1400 9.4 -0.140 -0.037
300.648 60.00 60.0900 10.7 -0.092 0.119
300.698 60.00 60.1200 10.0 -0.117 0.035
300.748 60.00 60.1000 10.3 -0.105 0.076
300.798 60.00 60.1200 10.0 -0.117 0.033
300.848 60.00 60.1100 10.2 -0.109 0.060
300.898 60.00 60.1200 9.9 -0.117 0.031
300.948 60.00 60.1200 9.8 -0.122 0.017
300.998 60.00 60.1200 9.8 -0.122 0.016
301.048 60.00 60.1300 9.6 -0.130 -0.012
301.098 60.00 60.1100 10.0 -0.113 0.042
301.148 60.00 60.1000 10.4 -0.098 0.089
301.198 60.00 60.1200 9.8 -0.122 0.012
301.248 60.00 60.1100 10.0 -0.115 0.032
301.299 60.00 60.1200 9.9 -0.117 0.024
301.349 60.00 60.0900 10.6 -0.092 0.105
301.398 60.00 60.1100 10.0 -0.113 0.036
301.448 60.00 60.1200 9.8 -0.119 0.014
301.498 60.00 60.1300 9.5 -0.132 -0.027
301.548 60.00 60.1300 9.5 -0.132 -0.028
301.598 60.00 60.0800 10.7 -0.086 0.121
301.648 60.00 60.1100 10.1 -0.109 0.045
301.698 60.00 60.1100 9.9 -0.115 0.024
301.748 60.00 60.1200 9.8 -0.119 0.009
301.798 60.00 60.0900 10.6 -0.088 0.110
301.849 60.00 60.1200 9.6 -0.126 -0.013
301.899 60.00 60.1200 9.6 -0.124 -0.007
301.948 60.00 60.1200 9.8 -0.117 0.012
301.997 60.00 60.1100 9.8 -0.115 0.019
302.047 60.00 60.1200 9.8 -0.117 0.010
302.097 60.00 60.1200 9.6 -0.124 -0.010
302.147 60.00 60.1300 9.4 -0.130 -0.031
302.197 60.00 60.1200 9.6 -0.124 -0.012
302.246 60.00 60.1100 9.9 -0.111 0.028
302.297 60.00 60.1000 10.3 -0.096 0.075
302.347 60.00 60.1100 9.9 -0.111 0.026
302.397 60.00 60.1100 10.0 -0.107 0.040
302.448 60.00 60.0900 10.4 -0.090 0.093
302.497 60.00 60.1200 9.5 -0.126 -0.024
302.548 60.00 60.1200 9.6 -0.124 -0.018
302.597 60.00 60.0900 10.4 -0.090 0.090
302.647 60.00 60.1300 9.4 -0.130 -0.040
302.697 60.00 60.1400 9.0 -0.142 -0.081
302.746 60.00 60.1100 9.8 -0.113 0.014
302.798 60.00 60.1000 10.2 -0.098 0.060
302.847 60.00 60.1600 8.5 -0.161 -0.145
302.897 60.00 60.1100 9.9 -0.109 0.025
302.947 60.00 60.1100 9.8 -0.113 0.011
302.996 60.00 60.1000 10.0 -0.105 0.037
303.047 60.00 60.1100 9.9 -0.107 0.030
303.097 60.00 60.1000 10.0 -0.103 0.042
303.147 60.00 60.1200 9.5 -0.122 -0.020
303.197 60.00 60.1300 9.2 -0.134 -0.061
303.246 60.00 60.1200 9.6 -0.119 -0.014
303.297 60.00 60.1300 9.3 -0.130 -0.049
303.348 60.00 60.1500 8.8 -0.147 -0.104
303.398 60.00 60.1200 9.6 -0.117 -0.009
303.448 60.00 60.1000 10.1 -0.100 0.045
303.496 60.00 60.1100 9.7 -0.113 0.003
303.546 60.00 60.1000 9.9 -0.105 0.030
303.596 60.00 60.0900 10.2 -0.094 0.063
303.646 60.00 60.1400 9.0 -0.138 -0.081
303.696 60.00 60.0400 11.5 -0.046 0.218
303.745 60.00 60.1300 9.3 -0.128 -0.049
303.796 60.00 60.1200 9.6 -0.117 -0.016
303.846 60.00 60.1000 10.0 -0.100 0.039
303.897 60.00 60.1100 9.7 -0.113 -0.003
303.947 60.00 60.1200 9.6 -0.117 -0.018
303.995 60.00 60.1000 10.0 -0.100 0.037
304.046 60.00 60.1100 9.8 -0.107 0.015
304.096 60.00 60.0900 10.2 -0.094 0.055
304.146 60.00 60.1200 9.5 -0.119 -0.028
304.196 60.00 60.1000 10.0 -0.100 0.034
304.245 60.00 60.1300 9.2 -0.130 -0.063
304.296 60.00 60.1000 10.0 -0.100 0.032
304.346 60.00 60.1300 9.0 -0.136 -0.084
304.396 60.00 60.1200 9.4 -0.119 -0.031
304.446 60.00 60.1000 9.8 -0.105 0.016
304.495 60.00 60.1000 9.8 -0.105 0.016
304.546 60.00 60.1200 9.5 -0.117 -0.026
304.597 60.00 60.1300 9.2 -0.128 -0.060
304.647 60.00 60.1100 9.8 -0.107 0.007
304.696 60.00 60.0900 10.1 -0.094 0.048
304.745 60.00 60.1400 8.8 -0.142 -0.110
304.797 60.00 60.1400 8.7 -0.145 -0.117
304.846 60.00 60.1400 8.9 -0.138 -0.097
304.897 60.00 60.1300 9.2 -0.128 -0.063
304.947 60.00 60.1400 8.9 -0.138 -0.098
304.996 60.00 60.1300 9.1 -0.130 -0.070
305.045 60.00 60.1300 8.9 -0.136 -0.091
305.096 60.00 60.1400 8.9 -0.138 -0.099
305.146 60.00 60.1100 9.7 -0.109 -0.003
305.195 60.00 60.1500 8.6 -0.151 -0.140
305.244 60.00 60.1300 9.1 -0.130 -0.072
305.295 60.00 60.1400 8.7 -0.145 -0.121
305.345 60.00 60.1300 9.2 -0.128 -0.066
305.395 60.00 60.1200 9.3 -0.122 -0.046
305.445 60.00 60.1200 9.3 -0.124 -0.053
305.494 60.00 60.1400 8.7 -0.145 -0.122
305.546 60.00 59.9800 13.1 0.021 0.417
305.596 60.00 60.1200 9.4 -0.117 -0.036
305.645 60.00 60.1400 8.8 -0.138 -0.105
305.695 60.00 60.1300 8.9 -0.136 -0.097
305.744 60.00 60.1300 9.0 -0.132 -0.084
305.795 60.00 60.1500 8.6 -0.149 -0.139
305.845 60.00 60.1500 8.6 -0.147 -0.133
305.895 60.00 60.1500 8.5 -0.151 -0.146
305.945 60.00 60.1200 9.4 -0.117 -0.038
305.994 60.00 60.1300 9.0 -0.132 -0.085
306.045 60.00 60.1500 8.4 -0.153 -0.153
306.096 60.00 60.1300 9.1 -0.130 -0.079
306.146 60.00 60.1300 8.9 -0.134 -0.093
306.196 60.00 60.1100 9.5 -0.111 -0.018
306.244 60.00 60.1200 9.3 -0.122 -0.053
306.295 60.00 60.0900 10.1 -0.090 0.049
306.345 60.00 60.1300 8.9 -0.134 -0.095
306.395 60.00 60.1400 8.8 -0.140 -0.116
306.445 60.00 60.1200 9.1 -0.126 -0.068
306.494 60.00 60.1300 8.9 -0.134 -0.096
306.544 60.00 60.1300 8.8 -0.136 -0.102
306.595 60.00 60.1300 9.0 -0.130 -0.082
306.645 60.00 60.1600 8.3 -0.157 -0.171
306.695 60.00 60.1000 9.8 -0.098 0.020
306.743 60.00 60.1200 9.2 -0.124 -0.063
306.794 60.00 60.1400 8.6 -0.145 -0.132
306.845 60.00 60.1500 8.5 -0.149 -0.145
306.895 60.00 60.1600 8.3 -0.157 -0.172
306.944 60.00 60.1300 9.0 -0.130 -0.084
306.993 60.00 60.1500 8.3 -0.155 -0.166
307.044 60.00 60.1400 8.7 -0.140 -0.118
307.094 60.00 60.1300 8.9 -0.134 -0.098
307.144 60.00 60.1300 9.1 -0.128 -0.077
307.194 60.00 60.1200 9.3 -0.117 -0.044
307.243 60.00 60.1400 8.7 -0.140 -0.119
307.294 60.00 60.1400 8.8 -0.138 -0.113
307.344 60.00 60.1300 8.9 -0.132 -0.092
307.394 60.00 60.1400 8.7 -0.140 -0.120
307.445 60.00 60.1200 9.2 -0.124 -0.066
307.494 60.00 60.1400 8.6 -0.145 -0.134
307.545 60.00 60.1500 8.4 -0.151 -0.154
307.594 60.00 60.1100 9.4 -0.113 -0.032
307.644 60.00 60.1300 9.0 -0.128 -0.080
307.694 60.00 60.1300 8.8 -0.136 -0.107
307.743 60.00 60.1600 8.1 -0.163 -0.196
307.794 60.00 60.1300 9.0 -0.130 -0.087
307.844 60.00 60.1400 8.7 -0.140 -0.122
307.895 60.00 60.1600 8.2 -0.157 -0.176
307.945 60.00 60.1300 9.0 -0.130 -0.087
307.993 60.00 60.1600 8.1 -0.163 -0.196
308.044 60.00 60.1500 8.5 -0.147 -0.142
308.094 60.00 60.1400 8.6 -0.145 -0.135
308.144 60.00 60.1700 7.9 -0.170 -0.217
308.194 60.00 60.1200 9.2 -0.119 -0.053
308.242 60.00 60.1500 8.4 -0.153 -0.162
308.293 60.00 60.1500 8.5 -0.147 -0.142
308.343 60.00 60.1500 8.4 -0.151 -0.155
308.393 60.00 60.1500 8.5 -0.149 -0.149
308.444 60.00 60.1500 8.5 -0.149 -0.149
308.493 60.00 60.1500 8.5 -0.149 -0.149
308.543 60.00 60.1500 8.4 -0.151 -0.155
308.593 60.00 60.1300 8.8 -0.134 -0.101
308.643 60.00 60.1400 8.7 -0.138 -0.115
308.693 60.00 60.1500 8.3 -0.155 -0.170
308.742 60.00 60.1800 7.7 -0.178 -0.244
308.793 60.00 60.1600 8.1 -0.163 -0.196
308.843 60.00 60.1600 8.2 -0.159 -0.182
308.893 60.00 60.1400 8.6 -0.145 -0.135
308.943 60.00 60.1600 8.2 -0.157 -0.175
308.992 60.00 60.0900 10.0 -0.092 0.036
309.043 60.00 60.1600 8.1 -0.161 -0.190
309.093 60.00 60.1600 8.2 -0.157 -0.176
309.144 60.00 60.1000 9.6 -0.105 -0.006
309.194 60.00 60.1400 8.7 -0.140 -0.122
309.243 60.00 60.1400 8.7 -0.138 -0.116
309.293 60.00 60.1300 8.9 -0.132 -0.095
309.343 60.00 60.1400 8.6 -0.145 -0.137
309.393 60.00 60.1300 9.0 -0.128 -0.082
309.443 60.00 60.1500 8.5 -0.147 -0.144
309.492 60.00 60.1200 9.3 -0.117 -0.049
309.543 60.00 60.1300 8.8 -0.134 -0.103
309.593 60.00 60.1300 9.0 -0.128 -0.083
309.643 60.00 60.1400 8.6 -0.142 -0.130
309.693 60.00 60.1700 7.9 -0.170 -0.219
309.742 60.00 60.1600 8.1 -0.163 -0.198
309.793 60.00 60.1600 8.2 -0.159 -0.185
309.842 60.00 60.1300 8.9 -0.132 -0.096
309.892 60.00 60.1500 8.5 -0.147 -0.144
309.942 60.00 60.1700 7.9 -0.167 -0.212
309.991 60.00 60.1600 8.1 -0.163 -0.198
310.042 60.00 60.1400 8.7 -0.140 -0.123
310.092 60.00 60.1400 8.7 -0.138 -0.116
310.142 60.00 60.1400 8.7 -0.140 -0.123
310.193 60.00 60.1600 8.2 -0.157 -0.178
310.242 60.00 60.1900 7.4 -0.188 -0.280
310.293 60.00 60.1400 8.7 -0.138 -0.116
310.342 60.00 60.1500 8.4 -0.149 -0.150
310.392 60.00 60.1500 8.3 -0.153 -0.163
310.442 60.00 60.1600 8.1 -0.161 -0.191
310.491 60.00 60.1600 8.2 -0.159 -0.184
310.542 60.00 60.1500 8.4 -0.151 -0.156
310.592 60.00 60.1500 8.3 -0.153 -0.163
310.642 60.00 60.1700 7.8 -0.174 -0.231
310.692 60.00 60.1400 8.6 -0.142 -0.129
310.742 60.00 60.1600 8.2 -0.159 -0.183
310.793 60.00 60.1300 8.9 -0.130 -0.088
310.843 60.00 60.1500 8.3 -0.155 -0.170
310.892 60.00 60.1400 8.6 -0.145 -0.136
310.942 60.00 60.1600 8.2 -0.157 -0.176
310.992 60.00 60.1500 8.4 -0.151 -0.156
311.043 60.00 60.1400 8.7 -0.140 -0.122
311.092 60.00 60.1200 9.1 -0.124 -0.068
311.142 60.00 60.1500 8.5 -0.147 -0.143
311.192 60.00 60.1700 8.0 -0.167 -0.211
311.240 60.00 60.1600 8.1 -0.161 -0.190
311.291 60.00 60.1600 8.1 -0.161 -0.190
311.341 60.00 60.1700 8.0 -0.167 -0.210
311.391 60.00 60.1600 8.1 -0.161 -0.189
311.441 60.00 60.1400 8.7 -0.140 -0.122
311.490 60.00 60.1500 8.3 -0.155 -0.169
311.542 60.00 60.1500 8.3 -0.155 -0.169
311.592 60.00 60.1600 8.1 -0.161 -0.189
311.641 60.00 60.1500 8.3 -0.153 -0.162
311.691 60.00 60.1900 7.3 -0.191 -0.285
311.740 60.00 60.1700 7.7 -0.176 -0.236
311.791 60.00 60.1600 8.2 -0.157 -0.174
311.841 60.00 60.1600 8.1 -0.161 -0.188
311.891 60.00 60.1800 7.7 -0.178 -0.242
311.941 60.00 60.1500 8.3 -0.155 -0.167
311.991 60.00 60.1600 8.2 -0.159 -0.180
312.042 60.00 60.1600 8.2 -0.159 -0.180
312.091 60.00 60.1500 8.3 -0.155 -0.167
312.141 60.00 60.1500 8.4 -0.153 -0.159
312.191 60.00 60.1800 7.6 -0.182 -0.255
312.240 60.00 60.1600 8.1 -0.163 -0.193
312.291 60.00 60.1500 8.4 -0.151 -0.152
312.341 60.00 60.1500 8.4 -0.151 -0.152
312.391 60.00 60.1500 8.3 -0.155 -0.166
312.441 60.00 60.1500 8.5 -0.149 -0.146
312.490 60.00 60.1700 8.0 -0.167 -0.206
312.542 60.00 60.1600 8.2 -0.157 -0.172
312.592 60.00 60.1700 7.9 -0.172 -0.220
312.641 60.00 60.1500 8.3 -0.155 -0.165
312.691 60.00 60.1700 7.8 -0.174 -0.226
312.740 60.00 60.1500 8.4 -0.151 -0.151
312.790 60.00 60.1500 8.3 -0.155 -0.165
312.840 60.00 60.1900 7.2 -0.195 -0.294
312.890 60.00 60.1500 8.5 -0.147 -0.137
312.940 60.00 60.1800 7.6 -0.180 -0.246
312.990 60.00 60.2100 6.7 -0.216 -0.361
313.040 60.00 60.2200 6.7 -0.218 -0.367
313.090 60.00 60.1500 8.6 -0.147 -0.135
313.140 60.00 60.1700 7.9 -0.172 -0.216
313.190 60.00 60.1600 8.2 -0.161 -0.182
313.240 60.00 60.1400 8.6 -0.145 -0.128
313.291 60.00 60.1500 8.4 -0.151 -0.148
313.341 60.00 60.1600 8.1 -0.163 -0.189
313.390 60.00 60.1800 7.7 -0.178 -0.236
313.440 60.00 60.2100 6.9 -0.207 -0.331
313.490 60.00 60.1800 7.6 -0.182 -0.249
313.540 60.00 60.1900 7.5 -0.188 -0.269
313.590 60.00 60.2000 7.2 -0.197 -0.296
313.640 60.00 60.2300 6.4 -0.228 -0.397
313.690 60.00 60.1700 7.9 -0.174 -0.219
313.740 60.00 60.1700 8.0 -0.167 -0.198
313.791 60.00 60.1700 7.9 -0.174 -0.218
313.840 60.00 60.2100 6.9 -0.209 -0.334
313.890 60.00 60.1800 7.8 -0.178 -0.231
313.940 60.00 60.1700 7.9 -0.172 -0.210
313.990 60.00 60.2300 6.4 -0.230 -0.400
314.040 60.00 60.1800 7.7 -0.182 -0.243
314.090 60.00 60.1500 8.5 -0.151 -0.140
314.140 60.00 60.1800 7.7 -0.180 -0.236
314.190 60.00 60.1700 7.9 -0.172 -0.208
314.240 60.00 60.1900 7.4 -0.193 -0.276
314.289 60.00 60.1400 8.7 -0.142 -0.112
314.340 60.00 60.1800 7.7 -0.180 -0.235
314.390 60.00 60.1800 7.8 -0.178 -0.228
314.439 60.00 60.1800 7.8 -0.178 -0.228
314.489 60.00 60.1700 7.9 -0.174 -0.214
314.538 60.00 60.1700 8.1 -0.167 -0.193
314.589 60.00 60.1800 7.8 -0.178 -0.227
314.639 60.00 60.1600 8.3 -0.157 -0.158
314.689 60.00 60.1700 7.8 -0.176 -0.220
314.739 60.00 60.2000 7.2 -0.199 -0.295
314.788 60.00 60.1800 7.7 -0.180 -0.233
314.840 60.00 60.1700 8.1 -0.167 -0.191
314.890 60.00 60.2200 6.5 -0.226 -0.382
314.939 60.00 60.1500 8.5 -0.153 -0.142
314.989 60.00 60.1700 8.0 -0.172 -0.204
315.039 60.00 60.1600 8.1 -0.165 -0.183
315.090 60.00 60.2200 6.8 -0.218 -0.353
315.139 60.00 60.1800 7.8 -0.178 -0.223
315.189 60.00 60.2000 7.2 -0.201 -0.298
315.239 60.00 60.1900 7.4 -0.195 -0.277
315.288 60.00 60.1900 7.5 -0.191 -0.263
315.339 60.00 60.1800 7.7 -0.184 -0.242
315.389 60.00 60.1800 7.8 -0.178 -0.221
315.439 60.00 60.1900 7.5 -0.191 -0.262
315.490 60.00 60.1900 7.5 -0.191 -0.261
315.539 60.00 60.1700 8.0 -0.172 -0.199
315.590 60.00 60.1700 8.1 -0.167 -0.185
315.639 60.00 60.2100 6.9 -0.212 -0.328
315.689 60.00 60.2100 6.9 -0.214 -0.335
315.739 60.00 60.1600 8.3 -0.159 -0.157
315.788 60.00 60.1800 7.7 -0.184 -0.239
315.838 60.00 60.1900 7.6 -0.186 -0.245
315.888 60.00 60.1900 7.6 -0.188 -0.251
315.938 60.00 60.1800 7.8 -0.178 -0.217
315.989 60.00 60.2000 7.2 -0.203 -0.298
316.038 60.00 60.1800 7.8 -0.180 -0.223
316.089 60.00 60.1900 7.6 -0.188 -0.250
316.138 60.00 60.1800 7.8 -0.182 -0.229
316.188 60.00 60.1800 7.7 -0.184 -0.236
316.238 60.00 60.1900 7.4 -0.195 -0.269
316.287 60.00 60.2000 7.4 -0.197 -0.276
316.338 60.00 60.2100 7.1 -0.207 -0.309
316.388 60.00 60.1900 7.5 -0.193 -0.261
316.438 60.00 60.2200 6.8 -0.220 -0.349
316.488 60.00 60.1900 7.4 -0.195 -0.267
316.538 60.00 60.1700 8.1 -0.172 -0.191
316.589 60.00 60.2100 7.1 -0.209 -0.313
316.639 60.00 60.1800 7.7 -0.184 -0.231
316.689 60.00 60.1800 7.8 -0.180 -0.217
316.738 60.00 60.1700 8.0 -0.174 -0.197
316.787 60.00 60.1800 7.7 -0.184 -0.231
316.838 60.00 60.1700 8.0 -0.176 -0.203
316.889 60.00 60.1800 7.9 -0.178 -0.210
316.938 60.00 60.1700 8.0 -0.176 -0.203
316.988 60.00 60.2000 7.4 -0.197 -0.271
317.037 60.00 60.1900 7.6 -0.191 -0.250
317.088 60.00 60.1800 7.7 -0.184 -0.229
317.138 60.00 60.2000 7.3 -0.201 -0.283
317.188 60.00 60.2100 7.1 -0.209 -0.309
317.238 60.00 60.2400 6.2 -0.241 -0.411
317.287 60.00 60.1900 7.5 -0.195 -0.261
317.338 60.00 60.2000 7.3 -0.203 -0.287
317.389 60.00 60.1900 7.7 -0.186 -0.232
317.438 60.00 60.2000 7.3 -0.201 -0.279
317.487 60.00 60.2100 7.0 -0.212 -0.313
317.536 60.00 60.2100 7.2 -0.207 -0.299
317.587 60.00 60.2000 7.3 -0.203 -0.285
317.637 60.00 60.2000 7.4 -0.199 -0.271
317.687 60.00 60.1500 8.6 -0.153 -0.120
317.737 60.00 60.1900 7.7 -0.188 -0.236
317.786 60.00 60.1900 7.7 -0.186 -0.229
317.837 60.00 60.2100 7.2 -0.207 -0.297
317.888 60.00 60.1900 7.7 -0.188 -0.235
317.938 60.00 60.1800 8.0 -0.178 -0.201
317.987 60.00 60.1900 7.7 -0.188 -0.235
318.036 60.00 60.2000 7.2 -0.205 -0.289
318.087 60.00 60.2200 6.8 -0.222 -0.343
318.137 60.00 60.1800 7.8 -0.184 -0.220
318.187 60.00 60.2300 6.6 -0.230 -0.369
318.237 60.00 60.2200 6.7 -0.226 -0.355
318.286 60.00 60.1900 7.7 -0.188 -0.231
318.337 60.00 60.1800 7.9 -0.180 -0.204
318.387 60.00 60.2100 7.0 -0.216 -0.319
318.437 60.00 60.1900 7.6 -0.193 -0.244
318.488 60.00 60.2000 7.5 -0.197 -0.257
318.536 60.00 60.2100 7.1 -0.212 -0.305
318.587 60.00 60.2100 7.1 -0.212 -0.304
318.637 60.00 60.2000 7.4 -0.201 -0.269
318.687 60.00 60.1800 7.9 -0.182 -0.207
318.737 60.00 60.2200 7.0 -0.218 -0.323
318.786 60.00 60.1900 7.7 -0.188 -0.227
318.836 60.00 60.1800 7.9 -0.182 -0.206
318.887 60.00 60.2100 7.2 -0.207 -0.288
318.937 60.00 60.2100 7.2 -0.209 -0.294
318.986 60.00 60.1900 7.8 -0.188 -0.226
319.035 60.00 60.2000 7.4 -0.201 -0.266
319.086 60.00 60.2200 7.0 -0.218 -0.320
319.136 60.00 60.2000 7.5 -0.199 -0.259
319.187 60.00 60.2100 7.0 -0.216 -0.312
319.237 60.00 60.2000 7.4 -0.203 -0.271
319.285 60.00 60.1900 7.6 -0.195 -0.244
319.336 60.00 60.1700 8.2 -0.174 -0.175
319.386 60.00 60.2000 7.5 -0.199 -0.257
319.436 60.00 60.2000 7.5 -0.199 -0.257
319.486 60.00 60.2000 7.5 -0.199 -0.256
319.535 60.00 60.2100 7.2 -0.209 -0.289
319.586 60.00 60.1900 7.8 -0.186 -0.214
319.636 60.00 60.1900 7.7 -0.193 -0.235
319.687 60.00 60.2300 6.6 -0.233 -0.364
319.737 60.00 60.2200 7.0 -0.218 -0.315
319.785 60.00 60.2000 7.5 -0.199 -0.254
319.836 60.00 60.1900 7.8 -0.186 -0.212
319.886 60.00 60.2200 7.0 -0.218 -0.314
319.936 60.00 60.2000 7.3 -0.205 -0.273
319.986 60.00 60.2100 7.1 -0.216 -0.306
320.035 60.00 60.2100 7.2 -0.212 -0.292
320.086 60.00 60.2100 7.3 -0.207 -0.278
320.136 60.00 60.2200 7.0 -0.220 -0.318
320.186 60.00 60.2300 6.8 -0.228 -0.345
320.236 60.00 60.2200 6.9 -0.222 -0.324
320.286 60.00 60.2200 6.9 -0.224 -0.330
320.337 60.00 60.2000 7.4 -0.205 -0.268
320.386 60.00 60.2000 7.5 -0.199 -0.247
320.436 60.00 60.2300 6.7 -0.230 -0.349
320.486 60.00 60.1900 7.8 -0.188 -0.212
320.534 60.00 60.2000 7.6 -0.197 -0.239
320.585 60.00 60.2300 6.7 -0.230 -0.348
320.635 60.00 60.2200 7.0 -0.220 -0.313
320.685 60.00 60.2200 7.0 -0.220 -0.312
320.735 60.00 60.1600 8.5 -0.163 -0.128
320.785 60.00 60.2200 7.1 -0.218 -0.305
320.836 60.00 60.2300 6.6 -0.235 -0.360
320.885 60.00 60.2200 7.0 -0.220 -0.311
320.936 60.00 60.2100 7.3 -0.209 -0.276
320.985 60.00 60.2400 6.4 -0.243 -0.385
321.035 60.00 60.1900 7.9 -0.186 -0.200
321.086 60.00 60.2300 6.7 -0.233 -0.350
321.136 60.00 60.2200 6.9 -0.224 -0.322
321.186 60.00 60.2000 7.4 -0.205 -0.260
321.235 60.00 60.2100 7.4 -0.207 -0.266
321.284 60.00 60.2100 7.3 -0.212 -0.280
321.335 60.00 60.2000 7.6 -0.201 -0.245
321.385 60.00 60.2100 7.3 -0.209 -0.272
321.435 60.00 60.1800 8.2 -0.178 -0.170
321.485 60.00 60.2100 7.3 -0.209 -0.271
321.534 60.00 60.2100 7.2 -0.214 -0.285
321.585 60.00 60.2000 7.6 -0.199 -0.237
321.635 60.00 60.1900 7.7 -0.195 -0.223
321.686 60.00 60.2000 7.5 -0.203 -0.250
321.736 60.00 60.1900 7.8 -0.193 -0.216
321.784 60.00 60.2100 7.4 -0.207 -0.263
321.835 60.00 60.2100 7.3 -0.212 -0.277
321.885 60.00 60.2100 7.4 -0.207 -0.262
321.935 60.00 60.2000 7.6 -0.199 -0.235
321.985 60.00 60.1900 7.8 -0.193 -0.214
322.033 60.00 60.2200 7.1 -0.220 -0.303
322.084 60.00 60.2000 7.6 -0.201 -0.241
322.134 60.00 60.2000 7.5 -0.203 -0.247
322.185 60.00 60.2200 7.1 -0.220 -0.301
322.235 60.00 60.2000 7.5 -0.205 -0.253
322.284 60.00 60.2100 7.4 -0.207 -0.260
322.335 60.00 60.2400 6.4 -0.245 -0.382
322.384 60.00 60.2300 6.9 -0.228 -0.327
322.434 60.00 60.2000 7.5 -0.205 -0.251
322.484 60.00 60.2200 7.1 -0.220 -0.299
322.533 60.00 60.2700 5.8 -0.270 -0.462
322.584 60.00 60.2200 7.2 -0.218 -0.290
322.634 60.00 60.1800 8.2 -0.178 -0.160
322.684 60.00 60.2000 7.5 -0.205 -0.249
322.734 60.00 60.2000 7.7 -0.197 -0.222
322.784 60.00 60.1900 7.8 -0.193 -0.208
322.835 60.00 60.1900 7.8 -0.195 -0.215
322.884 60.00 60.2200 7.0 -0.226 -0.317
322.935 60.00 60.2000 7.6 -0.203 -0.241
322.984 60.00 60.2300 6.9 -0.230 -0.329
323.034 60.00 60.1900 7.8 -0.195 -0.213
323.085 60.00 60.2100 7.4 -0.212 -0.267
323.135 60.00 60.2400 6.7 -0.237 -0.348
323.184 60.00 60.1900 7.9 -0.191 -0.199
323.234 60.00 60.2000 7.6 -0.203 -0.239
323.283 60.00 60.2100 7.5 -0.207 -0.252
323.334 60.00 60.2000 7.6 -0.203 -0.238
323.384 60.00 60.2100 7.4 -0.212 -0.266
323.434 60.00 60.2200 7.2 -0.220 -0.292
323.484 60.00 60.2000 7.6 -0.203 -0.237
323.532 60.00 60.2000 7.7 -0.201 -0.230
323.583 60.00 60.2400 6.6 -0.241 -0.359
323.634 60.00 60.2000 7.8 -0.197 -0.216
323.684 60.00 60.2000 7.6 -0.205 -0.243
323.733 60.00 60.2200 7.1 -0.222 -0.297
323.782 60.00 60.2200 7.1 -0.222 -0.297
323.833 60.00 60.2100 7.4 -0.212 -0.262
323.883 60.00 60.2100 7.5 -0.209 -0.255
323.933 60.00 60.2200 7.2 -0.220 -0.289
323.983 60.00 60.2000 7.6 -0.205 -0.241
324.032 60.00 60.2200 7.2 -0.218 -0.281
324.083 60.00 60.2200 7.2 -0.218 -0.281
324.133 60.00 60.2200 7.2 -0.220 -0.287
324.184 60.00 60.2200 7.1 -0.222 -0.294
324.234 60.00 60.2100 7.4 -0.214 -0.266
324.282 60.00 60.1700 8.6 -0.167 -0.116
324.333 60.00 60.1800 8.1 -0.184 -0.171
324.383 60.00 60.2000 7.8 -0.199 -0.219
324.433 60.00 60.2000 7.7 -0.201 -0.225
324.483 60.00 60.2000 7.7 -0.201 -0.225
324.532 60.00 60.1800 8.2 -0.180 -0.157
324.583 60.00 60.2300 6.9 -0.233 -0.327
324.633 60.00 60.2300 7.0 -0.228 -0.313
324.684 60.00 60.2000 7.6 -0.205 -0.237
324.733 60.00 60.1900 7.9 -0.195 -0.203
324.782 60.00 60.2000 7.6 -0.205 -0.237
324.833 60.00 60.1900 8.0 -0.188 -0.183
324.883 60.00 60.1900 7.9 -0.193 -0.196
324.933 60.00 60.1200 9.9 -0.119 0.042
324.983 60.00 60.2200 7.1 -0.222 -0.293
325.032 60.00 60.2000 7.8 -0.197 -0.211
325.082 60.00 60.2000 7.7 -0.201 -0.224
325.132 60.00 60.1900 7.9 -0.193 -0.197
325.182 60.00 60.2200 7.2 -0.220 -0.285
325.232 60.00 60.2200 7.2 -0.220 -0.285
325.281 60.00 60.2000 7.6 -0.205 -0.237
325.332 60.00 60.2100 7.5 -0.209 -0.250
325.382 60.00 60.1900 7.9 -0.195 -0.202
325.432 60.00 60.1900 8.1 -0.186 -0.175
325.483 60.00 60.2200 7.2 -0.222 -0.291
325.532 60.00 60.2500 6.4 -0.249 -0.378
325.583 60.00 60.2000 7.6 -0.205 -0.235
325.632 60.00 60.1900 8.0 -0.191 -0.188
325.682 60.00 60.2100 7.3 -0.216 -0.269
325.732 60.00 60.1800 8.3 -0.180 -0.153
325.781 60.00 60.2000 7.8 -0.197 -0.208
325.832 60.00 60.2000 7.8 -0.199 -0.214
325.882 60.00 60.1800 8.2 -0.182 -0.159
325.932 60.00 60.2100 7.5 -0.207 -0.241
325.983 60.00 60.1900 8.1 -0.188 -0.180
326.032 60.00 60.2000 7.6 -0.205 -0.234
326.083 60.00 60.2100 7.3 -0.216 -0.268
326.132 60.00 60.2000 7.8 -0.199 -0.214
326.182 60.00 60.2200 7.2 -0.220 -0.281
326.232 60.00 60.1800 8.2 -0.184 -0.166
326.281 60.00 60.1900 8.1 -0.188 -0.179
326.332 60.00 60.2400 6.5 -0.245 -0.363
326.382 60.00 60.2200 7.2 -0.220 -0.280
326.432 60.00 60.2100 7.5 -0.209 -0.246
326.482 60.00 60.2000 7.8 -0.197 -0.205
326.532 60.00 60.2100 7.5 -0.212 -0.253
326.582 60.00 60.2000 7.8 -0.197 -0.205
326.631 60.00 60.1900 8.1 -0.186 -0.171
326.681 60.00 60.2000 7.7 -0.203 -0.225
326.731 60.00 60.2100 7.3 -0.216 -0.266
326.781 60.00 60.1900 8.1 -0.186 -0.170
326.831 60.00 60.1900 8.0 -0.191 -0.185
326.881 60.00 60.1900 8.0 -0.193 -0.191
326.931 60.00 60.2200 7.2 -0.222 -0.286
326.981 60.00 60.2100 7.6 -0.207 -0.238
327.031 60.00 60.1800 8.3 -0.180 -0.150
327.081 60.00 60.2100 7.4 -0.214 -0.259
327.131 60.00 60.1900 8.0 -0.193 -0.190
327.181 60.00 60.1800 8.3 -0.180 -0.150
327.231 60.00 60.2200 7.3 -0.218 -0.272
327.281 60.00 60.2100 7.5 -0.209 -0.244
327.331 60.00 60.1800 8.2 -0.184 -0.163
327.382 60.00 60.2200 7.2 -0.220 -0.278
327.431 60.00 60.2300 6.8 -0.235 -0.326
327.481 60.00 60.2000 7.7 -0.201 -0.216
327.531 60.00 60.1700 8.5 -0.174 -0.128
327.581 60.00 60.2100 7.6 -0.207 -0.237
327.631 60.00 60.2000 7.8 -0.197 -0.203
327.681 60.00 60.1900 8.1 -0.186 -0.168
327.731 60.00 60.2100 7.4 -0.214 -0.257
327.781 60.00 60.2000 7.8 -0.197 -0.203
327.831 60.00 60.1700 8.6 -0.170 -0.114
327.882 60.00 60.2200 7.2 -0.220 -0.278
327.932 60.00 60.1900 8.1 -0.186 -0.168
327.982 60.00 60.1900 7.9 -0.195 -0.196
328.031 60.00 60.2000 7.8 -0.199 -0.210
328.081 60.00 60.1600 8.7 -0.165 -0.100
328.131 60.00 60.2100 7.3 -0.216 -0.264
328.180 60.00 60.1900 7.9 -0.195 -0.196
328.230 60.00 60.1800 8.2 -0.184 -0.162
328.280 60.00 60.2000 7.7 -0.201 -0.216
328.329 60.00 60.1800 8.3 -0.178 -0.141
328.380 60.00 60.2100 7.5 -0.209 -0.243
328.430 60.00 60.1900 8.0 -0.193 -0.189
328.481 60.00 60.1700 8.4 -0.176 -0.135
328.531 60.00 60.2100 7.5 -0.209 -0.243
328.580 60.00 60.1800 8.3 -0.178 -0.141
328.630 60.00 60.2000 7.8 -0.197 -0.203
328.680 60.00 60.1900 8.0 -0.193 -0.189
328.730 60.00 60.1900 8.1 -0.188 -0.176
328.780 60.00 60.1900 7.9 -0.195 -0.196
328.829 60.00 60.1900 8.1 -0.188 -0.176
328.880 60.00 60.1700 8.5 -0.172 -0.121
328.930 60.00 60.1900 7.9 -0.193 -0.190
328.980 60.00 60.1700 8.4 -0.176 -0.135
329.030 60.00 60.1900 8.1 -0.186 -0.169
329.079 60.00 60.2100 7.4 -0.212 -0.252
329.130 60.00 60.1900 7.9 -0.193 -0.190
329.180 60.00 60.1700 8.6 -0.170 -0.115
329.230 60.00 60.1900 8.0 -0.191 -0.184
329.280 60.00 60.1600 8.7 -0.163 -0.095
329.329 60.00 60.1700 8.5 -0.170 -0.116
329.381 60.00 60.1700 8.4 -0.174 -0.130
329.430 60.00 60.1700 8.6 -0.167 -0.109
329.480 60.00 60.1700 8.5 -0.170 -0.117
329.530 60.00 60.1800 8.2 -0.182 -0.158
329.579 60.00 60.2000 7.8 -0.197 -0.206
329.629 60.00 60.1800 8.1 -0.184 -0.165
329.679 60.00 60.1900 8.1 -0.186 -0.172
329.729 60.00 60.1600 8.8 -0.161 -0.090
329.779 60.00 60.2000 7.8 -0.199 -0.213
329.828 60.00 60.1600 8.7 -0.163 -0.097
329.880 60.00 60.1500 9.0 -0.153 -0.064
329.930 60.00 60.1900 8.0 -0.188 -0.180
329.980 60.00 60.1300 9.6 -0.130 0.010
330.029 60.00 60.1700 8.6 -0.167 -0.113
330.078 60.00 60.1900 8.1 -0.186 -0.174
330.129 60.00 60.1900 8.1 -0.186 -0.174
330.179 60.00 60.1900 8.0 -0.191 -0.189
330.229 60.00 60.1600 8.7 -0.161 -0.093
330.279 60.00 60.1700 8.5 -0.170 -0.121
330.328 60.00 60.1800 8.2 -0.180 -0.155
330.379 60.00 60.1600 8.6 -0.165 -0.107
330.429 60.00 60.1700 8.4 -0.172 -0.128
330.480 60.00 60.1600 8.8 -0.157 -0.081
330.530 60.00 60.1600 8.7 -0.161 -0.095
330.579 60.00 60.1000 10.2 -0.105 0.088
330.630 60.00 60.1900 8.0 -0.188 -0.185
330.679 60.00 60.2000 7.8 -0.197 -0.213
330.729 60.00 60.1800 8.1 -0.184 -0.172
330.779 60.00 60.1700 8.4 -0.172 -0.130
330.828 60.00 60.1400 9.2 -0.142 -0.036
330.879 60.00 60.1500 9.0 -0.149 -0.057
330.929 60.00 60.1700 8.3 -0.176 -0.146
330.979 60.00 60.1700 8.3 -0.174 -0.139
331.029 60.00 60.1600 8.7 -0.159 -0.092
331.078 60.00 60.1800 8.2 -0.180 -0.160
331.128 60.00 60.1600 8.7 -0.159 -0.092
331.179 60.00 60.1400 9.2 -0.142 -0.038
331.229 60.00 60.1800 8.2 -0.178 -0.155
331.278 60.00 60.1600 8.7 -0.161 -0.100
331.327 60.00 60.1700 8.3 -0.176 -0.148
331.379 60.00 60.1600 8.6 -0.163 -0.108
331.429 60.00 60.1600 8.7 -0.161 -0.101
331.478 60.00 60.1700 8.5 -0.167 -0.122
331.528 60.00 60.1600 8.5 -0.165 -0.115
331.577 60.00 60.1600 8.6 -0.163 -0.109
331.628 60.00 60.1700 8.4 -0.172 -0.136
331.678 60.00 60.1300 9.3 -0.136 -0.021
331.728 60.00 60.1700 8.5 -0.167 -0.124
331.778 60.00 60.1800 8.1 -0.180 -0.165
331.827 60.00 60.1700 8.4 -0.170 -0.131
331.879 60.00 60.1100 9.9 -0.113 0.052
331.929 60.00 60.1600 8.7 -0.159 -0.098
331.979 60.00 60.2000 7.5 -0.205 -0.248
332.028 60.00 60.1700 8.3 -0.174 -0.146
332.077 60.00 60.1600 8.6 -0.163 -0.112
332.128 60.00 60.1700 8.3 -0.172 -0.140
332.178 60.00 60.1600 8.6 -0.161 -0.106
332.228 60.00 60.1400 9.2 -0.140 -0.039
332.278 60.00 60.1600 8.6 -0.163 -0.114
332.327 60.00 60.1500 8.8 -0.155 -0.087
332.378 60.00 60.1600 8.7 -0.159 -0.101
332.428 60.00 60.1700 8.4 -0.167 -0.128
332.479 60.00 60.1600 8.7 -0.159 -0.101
332.529 60.00 60.1600 8.7 -0.157 -0.095
332.577 60.00 60.1500 8.9 -0.151 -0.075
332.627 60.00 60.1400 9.1 -0.142 -0.048
332.678 60.00 60.1600 8.5 -0.165 -0.123
332.728 60.00 60.1700 8.4 -0.167 -0.130
332.777 60.00 60.1500 8.8 -0.151 -0.076
332.826 60.00 60.1700 8.3 -0.170 -0.138
332.877 60.00 60.1500 8.8 -0.151 -0.077
332.927 60.00 60.1700 8.4 -0.167 -0.132
332.978 60.00 60.1500 8.8 -0.151 -0.078
333.028 60.00 60.1600 8.6 -0.161 -0.112
333.076 60.00 60.1700 8.3 -0.170 -0.140
333.127 60.00 60.1200 9.6 -0.124 0.009
333.177 60.00 60.1300 9.3 -0.132 -0.018
333.227 60.00 60.1500 8.8 -0.153 -0.087
333.278 60.00 60.1600 8.7 -0.157 -0.101
333.327 60.00 60.1700 8.4 -0.167 -0.135
333.378 60.00 60.1500 8.9 -0.147 -0.068
333.427 60.00 60.1500 8.9 -0.147 -0.069
333.477 60.00 60.1900 7.7 -0.191 -0.212
333.527 60.00 60.1500 8.9 -0.149 -0.076
333.576 60.00 60.1600 8.6 -0.157 -0.103
333.627 60.00 60.1700 8.2 -0.172 -0.151
333.677 60.00 60.1800 8.0 -0.182 -0.185
333.727 60.00 60.1500 8.7 -0.153 -0.090
333.777 60.00 60.1600 8.6 -0.159 -0.111
333.826 60.00 60.1600 8.4 -0.165 -0.131
333.878 60.00 60.1500 8.9 -0.147 -0.071
333.928 60.00 60.1400 9.1 -0.140 -0.051
333.978 60.00 60.1100 9.7 -0.115 0.031
334.027 60.00 60.1400 9.0 -0.142 -0.059
334.076 60.00 60.1400 8.9 -0.145 -0.067
334.127 60.00 60.1500 8.9 -0.147 -0.074
334.177 60.00 60.1500 8.9 -0.147 -0.074
334.227 60.00 60.1500 8.8 -0.151 -0.088
334.277 60.00 60.1500 8.8 -0.149 -0.082
334.325 60.00 60.1700 8.1 -0.174 -0.163
334.376 60.00 60.1500 8.8 -0.149 -0.082
334.426 60.00 60.1500 8.7 -0.153 -0.096
334.476 60.00 60.1300 9.1 -0.136 -0.042
334.526 60.00 60.1500 8.7 -0.151 -0.090
334.576 60.00 60.1300 9.2 -0.134 -0.036
334.627 60.00 60.1400 9.1 -0.138 -0.051
334.677 60.00 60.1400 8.9 -0.145 -0.072
334.726 60.00 60.1700 8.3 -0.167 -0.146
334.776 60.00 60.1300 9.2 -0.132 -0.031
334.825 60.00 60.1500 8.6 -0.155 -0.107
334.876 60.00 60.1600 8.4 -0.163 -0.134
334.926 60.00 60.1300 9.3 -0.128 -0.018
334.976 60.00 60.1400 8.9 -0.142 -0.067
335.026 60.00 60.1300 9.1 -0.134 -0.040
335.075 60.00 60.1400 8.9 -0.142 -0.068
335.126 60.00 60.1500 8.7 -0.149 -0.089
335.176 60.00 60.1500 8.6 -0.155 -0.110
335.226 60.00 60.1200 9.6 -0.117 0.012
335.276 60.00 60.1300 9.2 -0.130 -0.029
335.325 60.00 60.1200 9.4 -0.124 -0.009
335.376 60.00 60.1400 8.9 -0.140 -0.065
335.426 60.00 60.1500 8.7 -0.151 -0.099
335.477 60.00 60.1400 8.8 -0.145 -0.079
335.527 60.00 60.1500 8.8 -0.147 -0.086
335.575 60.00 60.1500 8.5 -0.155 -0.114
335.626 60.00 60.1300 9.2 -0.130 -0.032
335.676 60.00 60.1100 9.7 -0.111 0.028
335.726 60.00 60.1500 8.7 -0.149 -0.095
335.776 60.00 60.1000 10.0 -0.100 0.062
335.824 60.00 60.1300 9.2 -0.130 -0.035
335.875 60.00 60.1600 8.3 -0.163 -0.145
335.925 60.00 60.1600 8.4 -0.159 -0.131
335.975 60.00 60.1000 10.0 -0.098 0.066
336.026 60.00 60.1100 9.7 -0.111 0.024
336.075 60.00 60.1200 9.4 -0.122 -0.011
336.126 60.00 60.1100 9.8 -0.107 0.037
336.175 60.00 60.1000 9.9 -0.103 0.049
336.225 60.00 60.1100 9.6 -0.111 0.021
336.275 60.00 60.1500 8.5 -0.155 -0.123
336.324 60.00 60.1200 9.4 -0.119 -0.007
336.375 60.00 60.0900 10.1 -0.092 0.081
336.425 60.00 60.1100 9.6 -0.113 0.011
336.475 60.00 60.1400 8.9 -0.138 -0.071
336.525 60.00 60.1400 8.7 -0.145 -0.092
336.574 60.00 60.1200 9.4 -0.119 -0.011
336.625 60.00 60.1200 9.3 -0.124 -0.025
336.675 60.00 60.1400 8.9 -0.138 -0.073
336.726 60.00 60.1200 9.4 -0.117 -0.006
336.776 60.00 60.1200 9.4 -0.119 -0.013
336.825 60.00 60.1100 9.5 -0.115 -0.000
336.876 60.00 60.1100 9.7 -0.107 0.027
336.925 60.00 60.1300 9.1 -0.130 -0.049
336.975 60.00 60.1100 9.4 -0.115 -0.002
337.025 60.00 60.1100 9.4 -0.115 -0.003
337.075 60.00 60.1200 9.4 -0.117 -0.011
337.126 60.00 60.1300 9.0 -0.132 -0.059
337.175 60.00 60.1600 8.1 -0.165 -0.168
337.225 60.00 60.1100 9.7 -0.107 0.023
337.275 60.00 60.1000 9.9 -0.096 0.056
337.323 60.00 60.1000 9.8 -0.100 0.042
337.374 60.00 60.1200 9.2 -0.122 -0.028
337.424 60.00 60.0800 10.2 -0.084 0.094
337.474 60.00 60.1300 8.8 -0.136 -0.077
337.524 60.00 60.0700 10.4 -0.076 0.120
337.574 60.00 60.0800 10.4 -0.078 0.112
337.625 60.00 60.0800 10.2 -0.084 0.090
337.675 60.00 60.1000 9.8 -0.100 0.035
337.724 60.00 60.1000 9.6 -0.105 0.020
337.774 60.00 60.1200 9.1 -0.124 -0.042
337.823 60.00 60.0900 9.9 -0.094 0.053
337.874 60.00 60.1000 9.7 -0.100 0.032
337.924 60.00 60.1100 9.6 -0.107 0.011
337.974 60.00 60.1000 9.6 -0.105 0.016
338.024 60.00 60.1200 9.1 -0.124 -0.046
338.073 60.00 60.1100 9.5 -0.107 0.009
338.124 60.00 60.0800 10.3 -0.078 0.103
338.174 60.00 60.1000 9.7 -0.100 0.028
338.225 60.00 60.1200 9.1 -0.124 -0.049
338.275 60.00 60.0600 10.7 -0.061 0.155
338.324 60.00 60.1200 9.2 -0.117 -0.031
338.374 60.00 60.0800 10.1 -0.086 0.071
338.424 60.00 60.0800 10.2 -0.080 0.091
338.474 60.00 60.0800 10.1 -0.084 0.076
338.524 60.00 60.1000 9.7 -0.098 0.028
338.573 60.00 60.1100 9.3 -0.111 -0.014
338.624 60.00 60.1000 9.6 -0.103 0.013
338.674 60.00 60.1100 9.4 -0.109 -0.008
338.724 60.00 60.0700 10.4 -0.071 0.113
338.774 60.00 60.1000 9.7 -0.096 0.031
338.824 60.00 60.2600 5.2 -0.266 -0.521
338.874 60.00 60.0900 9.9 -0.090 0.052
338.923 60.00 60.0900 9.8 -0.094 0.037
338.973 60.00 60.1000 9.7 -0.098 0.023
339.023 60.00 60.1100 9.4 -0.109 -0.012
339.073 60.00 60.0800 10.0 -0.086 0.062
339.124 60.00 60.0900 9.9 -0.088 0.055
339.174 60.00 60.0800 10.0 -0.086 0.060
339.223 60.00 60.0900 9.8 -0.092 0.039
339.273 60.00 60.1100 9.2 -0.113 -0.030
339.323 60.00 60.0900 9.7 -0.094 0.031
339.373 60.00 60.0700 10.3 -0.073 0.099
339.423 60.00 60.0900 9.9 -0.088 0.049
339.473 60.00 60.0900 9.8 -0.090 0.042
339.523 60.00 60.1000 9.6 -0.096 0.021
339.573 60.00 60.0800 10.0 -0.082 0.068
339.623 60.00 60.1100 9.1 -0.115 -0.042
339.673 60.00 60.0900 9.8 -0.090 0.039
339.723 60.00 60.1100 9.2 -0.111 -0.030
339.774 60.00 60.1000 9.4 -0.103 -0.003
339.823 60.00 60.1200 8.9 -0.122 -0.065
339.874 60.00 60.1200 9.0 -0.117 -0.052
339.923 60.00 60.1000 9.4 -0.103 -0.005
339.973 60.00 60.1000 9.5 -0.098 0.009
340.023 60.00 60.1000 9.6 -0.096 0.015
340.073 60.00 60.1100 9.2 -0.111 -0.034
340.123 60.00 60.1200 9.0 -0.119 -0.062
340.173 60.00 60.1100 9.3 -0.107 -0.021
340.223 60.00 60.1100 9.1 -0.115 -0.049
340.273 60.00 60.0900 9.7 -0.090 0.032
340.323 60.00 60.1200 8.9 -0.119 -0.064
340.372 60.00 60.1000 9.6 -0.096 0.011
340.423 60.00 60.1100 9.3 -0.107 -0.023
340.473 60.00 60.0800 9.9 -0.084 0.051
340.522 60.00 60.0900 9.7 -0.092 0.023
340.572 60.00 60.1200 8.9 -0.122 -0.074
340.621 60.00 60.1000 9.3 -0.105 -0.019
340.672 60.00 60.1100 9.0 -0.115 -0.054
340.722 60.00 60.0900 9.7 -0.090 0.027
340.772 60.00 60.1300 8.6 -0.130 -0.103
340.822 60.00 60.1400 8.3 -0.140 -0.137
340.871 60.00 60.0600 10.5 -0.061 0.122
340.922 60.00 60.1200 8.8 -0.124 -0.084
340.972 60.00 60.1000 9.4 -0.100 -0.008
341.022 60.00 60.0800 9.8 -0.086 0.038
341.073 60.00 60.0900 9.7 -0.088 0.030
341.122 60.00 60.0800 9.8 -0.086 0.037
341.172 60.00 60.0700 10.1 -0.073 0.077
341.222 60.00 60.1200 8.9 -0.117 -0.068
341.272 60.00 60.1200 8.8 -0.124 -0.088
341.322 60.00 60.0400 10.9 -0.042 0.178
341.372 60.00 60.0800 9.9 -0.080 0.054
341.423 60.00 60.0800 9.8 -0.082 0.046
341.473 60.00 60.0900 9.6 -0.092 0.011
341.522 60.00 60.1000 9.4 -0.096 -0.003
341.572 60.00 60.0800 9.9 -0.078 0.057
341.621 60.00 60.0600 10.3 -0.063 0.104
341.672 60.00 60.1000 9.4 -0.098 -0.012
341.722 60.00 60.0800 9.8 -0.082 0.041
341.772 60.00 60.0900 9.6 -0.090 0.013
341.822 60.00 60.1000 9.4 -0.096 -0.008
341.871 60.00 60.0800 9.9 -0.078 0.053
341.921 60.00 60.0900 9.5 -0.092 0.005
341.971 60.00 60.0800 9.8 -0.080 0.045
342.021 60.00 60.0700 10.1 -0.071 0.071
342.072 60.00 60.0800 9.7 -0.084 0.030
342.121 60.00 60.0800 9.8 -0.082 0.036
342.172 60.00 60.1200 8.7 -0.122 -0.095
342.222 60.00 60.0600 10.2 -0.065 0.089
342.271 60.00 60.0800 9.8 -0.082 0.034
342.321 60.00 60.1000 9.3 -0.098 -0.021
342.370 60.00 60.0900 9.5 -0.090 0.005
342.421 60.00 60.1000 9.3 -0.096 -0.016
342.471 60.00 60.1000 9.1 -0.105 -0.044
342.521 60.00 60.0700 10.0 -0.071 0.065
342.571 60.00 60.1000 9.3 -0.096 -0.017
342.620 60.00 60.0600 10.4 -0.057 0.111
342.671 60.00 60.0800 9.6 -0.086 0.015
342.722 60.00 60.1100 9.0 -0.109 -0.060
342.772 60.00 60.0800 9.6 -0.084 0.021
342.821 60.00 60.0900 9.5 -0.088 0.007
342.870 60.00 60.0600 10.2 -0.063 0.088
342.921 60.00 60.0700 10.0 -0.069 0.066
342.971 60.00 60.0800 9.7 -0.080 0.032
343.021 60.00 60.1400 8.2 -0.138 -0.160
343.071 60.00 60.0800 9.8 -0.078 0.037
343.120 60.00 60.1100 9.0 -0.107 -0.058
343.171 60.00 60.1000 9.3 -0.096 -0.024
343.221 60.00 60.0600 10.3 -0.059 0.097
343.271 60.00 60.0900 9.4 -0.090 -0.006
343.321 60.00 60.0600 10.1 -0.065 0.075
343.370 60.00 60.0800 9.5 -0.086 0.007
343.420 60.00 60.0800 9.5 -0.086 0.006
343.471 60.00 60.1200 8.7 -0.117 -0.097
343.521 60.00 60.0800 9.7 -0.078 0.032
343.570 60.00 60.0900 9.3 -0.094 -0.022
343.620 60.00 60.0800 9.7 -0.078 0.031
343.671 60.00 60.0700 9.8 -0.073 0.045
343.720 60.00 60.0700 9.8 -0.073 0.044
343.770 60.00 60.1100 8.9 -0.109 -0.073
343.820 60.00 60.1000 9.0 -0.105 -0.060
343.869 60.00 60.0900 9.3 -0.092 -0.019
343.920 60.00 60.0600 10.0 -0.065 0.069
343.970 60.00 60.0700 10.0 -0.067 0.062
344.020 60.00 60.0800 9.7 -0.078 0.026
344.070 60.00 60.0700 9.9 -0.069 0.053
344.119 60.00 60.0700 9.8 -0.071 0.046
344.171 60.00 60.0900 9.2 -0.094 -0.030
344.221 60.00 60.1000 9.2 -0.096 -0.037
344.270 60.00 60.0800 9.6 -0.080 0.017
344.320 60.00 60.0800 9.6 -0.082 0.010
344.369 60.00 60.0800 9.5 -0.084 0.002
344.420 60.00 60.0700 9.9 -0.069 0.049
344.470 60.00 60.0700 9.9 -0.069 0.049
344.520 60.00 60.0600 10.2 -0.057 0.089
344.570 60.00 60.0600 10.0 -0.063 0.068
344.619 60.00 60.0800 9.6 -0.080 0.012
344.670 60.00 60.0900 9.2 -0.094 -0.036
344.721 60.00 60.0900 9.2 -0.094 -0.036
344.771 60.00 60.0800 9.4 -0.086 -0.010
344.820 60.00 60.0800 9.4 -0.086 -0.010
344.869 60.00 60.0800 9.6 -0.080 0.010
344.919 60.00 60.0800 9.4 -0.086 -0.011
344.970 60.00 60.1000 9.0 -0.100 -0.059
345.020 60.00 60.1100 8.7 -0.111 -0.094
345.069 60.00 60.0900 9.2 -0.094 -0.039
345.118 60.00 60.0600 10.0 -0.061 0.069
345.169 60.00 60.0900 9.3 -0.088 -0.020
345.219 60.00 60.0800 9.5 -0.082 0.000
345.269 60.00 60.1000 9.0 -0.098 -0.055
345.319 60.00 60.1200 8.5 -0.117 -0.117
345.368 60.00 60.0300 10.7 -0.035 0.150
345.419 60.00 60.0800 9.4 -0.084 -0.009
345.469 60.00 60.0700 9.8 -0.067 0.045
345.519 60.00 60.0800 9.4 -0.082 -0.003
345.570 60.00 60.0800 9.3 -0.086 -0.017
345.618 60.00 60.0300 10.7 -0.034 0.153
345.669 60.00 60.0500 10.3 -0.050 0.097
345.719 60.00 60.0700 9.6 -0.076 0.014
345.769 60.00 60.0600 10.1 -0.057 0.075
345.819 60.00 60.0600 10.0 -0.061 0.060
345.868 60.00 60.1000 8.9 -0.100 -0.069
345.919 60.00 60.0800 9.4 -0.082 -0.008
345.969 60.00 60.0700 9.6 -0.073 0.019
346.019 60.00 60.0600 9.8 -0.065 0.045
346.069 60.00 60.0900 9.2 -0.090 -0.038
346.119 60.00 60.0800 9.4 -0.080 -0.004
346.170 60.00 60.0800 9.4 -0.082 -0.011
346.219 60.00 60.0800 9.3 -0.084 -0.018
346.269 60.00 60.1100 8.7 -0.107 -0.093
346.319 60.00 60.0900 9.2 -0.090 -0.039
346.368 60.00 60.1100 8.7 -0.107 -0.094
346.419 60.00 60.0800 9.3 -0.086 -0.026
346.469 60.00 60.0600 9.9 -0.063 0.049
346.519 60.00 60.0700 9.6 -0.071 0.021
346.569 60.00 60.0500 10.1 -0.055 0.074
346.617 60.00 60.0500 10.2 -0.050 0.087
346.668 60.00 60.0900 9.2 -0.088 -0.036
346.719 60.00 60.0800 9.2 -0.086 -0.030
346.769 60.00 60.0900 9.0 -0.094 -0.057
346.818 60.00 60.0900 9.1 -0.092 -0.050
346.867 60.00 60.0800 9.4 -0.078 -0.003
346.918 60.00 60.0600 9.8 -0.063 0.044
346.968 60.00 60.0900 9.1 -0.090 -0.045
347.018 60.00 60.1200 8.3 -0.122 -0.148
347.068 60.00 60.0700 9.7 -0.069 0.023
347.117 60.00 60.0600 9.9 -0.061 0.049
347.168 60.00 60.0900 9.1 -0.088 -0.040
347.218 60.00 60.0700 9.5 -0.076 0.001
347.268 60.00 60.0500 10.1 -0.052 0.075
347.318 60.00 60.0700 9.6 -0.071 0.013
347.367 60.00 60.0800 9.2 -0.084 -0.028
347.418 60.00 60.0700 9.5 -0.076 -0.002
347.468 60.00 60.0800 9.3 -0.080 -0.015
347.518 60.00 60.0500 10.0 -0.055 0.066
347.569 60.00 60.1000 8.9 -0.096 -0.071
347.618 60.00 60.0400 10.3 -0.042 0.106
347.669 60.00 60.0500 10.2 -0.048 0.085
347.719 60.00 60.0800 9.2 -0.084 -0.032
347.768 60.00 60.0500 10.0 -0.052 0.070
347.818 60.00 60.0900 9.1 -0.088 -0.047
347.867 60.00 60.0900 9.0 -0.092 -0.060
347.918 60.00 60.1000 8.9 -0.096 -0.074
347.968 60.00 60.0600 9.9 -0.059 0.048
348.018 60.00 60.0600 9.9 -0.057 0.054
348.068 60.00 60.2200 5.5 -0.224 -0.491
348.116 60.00 60.0800 9.2 -0.082 -0.026
348.167 60.00 60.0600 9.7 -0.065 0.027
348.217 60.00 60.0600 9.8 -0.059 0.047
348.267 60.00 60.0600 9.8 -0.061 0.040
348.317 60.00 60.0800 9.2 -0.084 -0.036
348.366 60.00 60.0800 9.3 -0.078 -0.016
348.418 60.00 60.0700 9.6 -0.069 0.011
348.468 60.00 60.0700 9.5 -0.071 0.004
348.518 60.00 60.0700 9.6 -0.067 0.017
348.567 60.00 60.0500 10.1 -0.048 0.078
348.616 60.00 60.0500 10.0 -0.050 0.070
348.667 60.00 60.0600 9.9 -0.057 0.049
348.717 60.00 60.1400 7.5 -0.145 -0.238
348.767 60.00 60.0700 9.6 -0.067 0.015
348.817 60.00 60.0500 10.0 -0.050 0.069
348.866 60.00 60.0700 9.4 -0.073 -0.006
348.917 60.00 60.0400 10.2 -0.044 0.088
348.967 60.00 60.0800 9.3 -0.078 -0.022
349.018 60.00 60.0800 9.1 -0.086 -0.049
349.068 60.00 60.0500 9.9 -0.055 0.053
349.116 60.00 60.0500 9.9 -0.052 0.059
349.168 60.00 60.0400 10.1 -0.046 0.078
349.217 60.00 60.0800 9.2 -0.080 -0.031
349.267 60.00 60.0600 9.7 -0.063 0.023
349.318 60.00 60.1100 8.5 -0.107 -0.120
349.367 60.00 60.0400 10.3 -0.038 0.104
349.418 60.00 60.0200 10.7 -0.025 0.144
349.468 60.00 60.0400 10.1 -0.044 0.082
349.518 60.00 60.0600 9.7 -0.059 0.033
349.567 60.00 60.0800 9.1 -0.084 -0.049
349.615 60.00 60.0600 9.6 -0.065 0.012
349.666 60.00 60.0800 9.0 -0.086 -0.056
349.716 60.00 60.0300 10.6 -0.027 0.134
349.766 60.00 60.0700 9.3 -0.073 -0.016
349.816 60.00 60.0900 8.8 -0.094 -0.085
349.865 60.00 60.0800 9.2 -0.078 -0.031
349.916 60.00 60.0700 9.4 -0.069 -0.004
349.966 60.00 60.0400 10.1 -0.046 0.070
350.016 60.00 60.0700 9.4 -0.071 -0.012
350.067 60.00 60.0800 9.2 -0.078 -0.033
350.116 60.00 60.0400 10.0 -0.046 0.069
350.167 60.00 60.0500 9.8 -0.055 0.041
350.216 60.00 60.0500 10.0 -0.048 0.061
350.266 60.00 60.0600 9.6 -0.063 0.013
350.316 60.00 60.0600 9.7 -0.059 0.026
350.365 60.00 60.0300 10.5 -0.029 0.121
350.416 60.00 60.0600 9.7 -0.057 0.031
350.466 60.00 60.0600 9.6 -0.063 0.011
350.516 60.00 60.0500 9.9 -0.048 0.058
350.566 60.00 60.0300 10.4 -0.031 0.112
350.615 60.00 60.0400 10.0 -0.046 0.063
350.666 60.00 60.0300 10.3 -0.034 0.103
350.716 60.00 60.0700 9.3 -0.071 -0.020
350.767 60.00 60.0500 9.9 -0.048 0.054
350.817 60.00 60.0600 9.5 -0.063 0.006
350.865 60.00 60.0500 9.9 -0.048 0.053
350.916 60.00 60.0600 9.5 -0.063 0.005
350.966 60.00 60.0500 9.8 -0.052 0.039
351.016 60.00 60.1000 8.5 -0.100 -0.118
351.066 60.00 60.0500 9.9 -0.048 0.052
351.115 60.00 60.0400 10.2 -0.038 0.085
351.165 60.00 60.0400 9.9 -0.046 0.057
351.215 60.00 60.0600 9.4 -0.065 -0.005
351.265 60.00 60.0700 9.4 -0.067 -0.012
351.315 60.00 60.0600 9.5 -0.063 0.001
351.365 60.00 60.0400 9.9 -0.046 0.055
351.415 60.00 60.0500 9.8 -0.050 0.041
351.465 60.00 60.0700 9.4 -0.067 -0.014
351.515 60.00 60.0300 10.2 -0.035 0.088
351.565 60.00 60.0500 9.7 -0.052 0.033
351.615 60.00 60.0300 10.4 -0.027 0.114
351.665 60.00 60.0600 9.4 -0.065 -0.010
351.716 60.00 60.0400 10.0 -0.042 0.065
351.765 60.00 60.0500 9.8 -0.048 0.044
351.815 60.00 60.0500 9.7 -0.052 0.030
351.865 60.00 60.0500 9.8 -0.048 0.043
351.915 60.00 60.0300 10.2 -0.035 0.083
351.965 60.00 60.0400 9.9 -0.044 0.055
352.015 60.00 60.0500 9.7 -0.052 0.027
352.065 60.00 60.0300 10.1 -0.035 0.082
352.115 60.00 60.0400 10.0 -0.042 0.060
352.165 60.00 60.0600 9.3 -0.065 -0.016
352.216 60.00 60.0600 9.6 -0.057 0.011
352.266 60.00 60.0500 9.8 -0.048 0.038
352.315 60.00 60.0800 8.8 -0.084 -0.078
352.365 60.00 60.0400 10.1 -0.038 0.072
352.415 60.00 60.0300 10.1 -0.035 0.078
352.465 60.00 60.0400 9.9 -0.044 0.050
352.515 60.00 60.0500 9.7 -0.052 0.022
352.565 60.00 60.0600 9.4 -0.063 -0.012
352.615 60.00 60.0800 9.0 -0.078 -0.061
352.664 60.00 60.0500 9.7 -0.050 0.028
352.714 60.00 60.0700 9.1 -0.071 -0.041
352.765 60.00 60.0600 9.4 -0.061 -0.007
352.815 60.00 60.0500 9.8 -0.048 0.034
352.865 60.00 60.0400 9.8 -0.046 0.040
352.913 60.00 60.0400 9.8 -0.046 0.039
352.964 60.00 60.0600 9.4 -0.061 -0.009
353.014 60.00 60.0700 9.2 -0.069 -0.036
353.064 60.00 60.0300 10.2 -0.031 0.086
353.114 60.00 60.0600 9.5 -0.057 0.003
353.163 60.00 60.0700 9.1 -0.073 -0.051
353.214 60.00 60.0300 10.2 -0.029 0.092
353.264 60.00 60.0400 9.9 -0.040 0.057
353.314 60.00 60.0100 10.8 -0.008 0.158
353.364 60.00 60.0500 9.6 -0.052 0.014
353.413 60.00 60.0400 9.9 -0.040 0.055
353.464 60.00 60.0700 9.0 -0.073 -0.054
353.514 60.00 60.0400 9.9 -0.042 0.048
353.564 60.00 60.0400 10.0 -0.038 0.060
353.615 60.00 60.0500 9.6 -0.052 0.012
353.664 60.00 60.0600 9.4 -0.059 -0.009
353.714 60.00 60.0300 10.1 -0.034 0.073
353.764 60.00 60.0500 9.5 -0.055 0.004
353.814 60.00 60.0300 10.0 -0.035 0.065
353.864 60.00 60.0300 10.1 -0.034 0.071
353.913 60.00 60.0500 9.5 -0.055 0.002
353.964 60.00 60.0600 9.3 -0.061 -0.019
354.014 60.00 60.0700 9.1 -0.069 -0.046
354.064 60.00 60.0500 9.7 -0.048 0.022
354.114 60.00 60.0700 8.9 -0.076 -0.067
354.164 60.00 60.0400 9.7 -0.046 0.028
354.214 60.00 60.0500 9.6 -0.050 0.014
354.264 60.00 60.0400 9.8 -0.042 0.041
354.313 60.00 60.1000 8.4 -0.096 -0.136
354.363 60.00 60.0600 9.3 -0.061 -0.021
354.412 60.00 60.0600 9.4 -0.059 -0.014
354.463 60.00 60.0500 9.5 -0.055 -0.001
354.513 60.00 60.0500 9.5 -0.052 0.006
354.563 60.00 60.0500 9.6 -0.050 0.012
354.613 60.00 60.0700 8.9 -0.076 -0.070
354.662 60.00 60.0500 9.6 -0.048 0.019
354.713 60.00 60.0600 9.2 -0.063 -0.029
354.764 60.00 60.0600 9.3 -0.061 -0.023
354.814 60.00 60.0700 8.9 -0.073 -0.064
354.863 60.00 59.9900 11.2 0.010 0.208
354.912 60.00 60.0700 9.0 -0.071 -0.059
354.963 60.00 59.9700 11.6 0.027 0.262
355.013 60.00 60.0600 9.3 -0.061 -0.026
355.063 60.00 60.0500 9.5 -0.052 0.001
355.113 60.00 60.0700 8.9 -0.073 -0.067
355.162 60.00 60.0100 10.7 -0.008 0.144
355.213 60.00 60.0600 9.4 -0.057 -0.014
355.263 60.00 60.0700 9.0 -0.069 -0.055
355.313 60.00 60.0400 9.8 -0.042 0.034
355.363 60.00 60.0700 8.9 -0.073 -0.069
355.412 60.00 60.0600 9.1 -0.065 -0.042
355.463 60.00 60.0400 9.6 -0.046 0.019
355.513 60.00 60.0500 9.5 -0.050 0.005
355.563 60.00 60.0500 9.4 -0.055 -0.009
355.614 60.00 60.0600 9.3 -0.057 -0.016
355.663 60.00 60.0400 9.7 -0.044 0.024
355.712 60.00 60.0300 9.9 -0.034 0.058
355.763 60.00 60.0600 9.3 -0.059 -0.024
355.813 60.00 60.0500 9.6 -0.048 0.010
355.862 60.00 60.0300 9.9 -0.034 0.057
355.911 60.00 60.0500 9.6 -0.048 0.009
355.962 60.00 60.0600 9.3 -0.059 -0.026
356.012 60.00 60.0400 9.8 -0.038 0.042
356.062 60.00 60.0500 9.4 -0.052 -0.006
356.112 60.00 60.0700 9.0 -0.067 -0.054
356.161 60.00 60.0400 9.8 -0.040 0.035
356.212 60.00 60.0600 9.2 -0.059 -0.027
356.262 60.00 60.0500 9.4 -0.055 -0.014
356.313 60.00 60.0500 9.5 -0.050 -0.000
356.363 60.00 60.0500 9.4 -0.052 -0.007
356.411 60.00 60.0600 9.1 -0.063 -0.042
356.462 60.00 60.0400 9.6 -0.044 0.019
356.512 60.00 60.0600 9.2 -0.059 -0.029
356.562 60.00 60.0300 9.9 -0.034 0.053
356.612 60.00 60.0600 9.3 -0.057 -0.023
356.661 60.00 60.0600 9.1 -0.063 -0.043
356.712 60.00 60.0500 9.4 -0.052 -0.009
356.762 60.00 60.0600 9.3 -0.057 -0.023
356.812 60.00 60.0700 9.0 -0.067 -0.057
356.863 60.00 60.0500 9.3 -0.055 -0.017
356.912 60.00 60.0400 9.7 -0.042 0.024
356.962 60.00 60.0400 9.8 -0.038 0.037
357.012 60.00 60.0400 9.7 -0.042 0.024
357.062 60.00 60.0700 8.9 -0.069 -0.066
357.112 60.00 60.0500 9.4 -0.052 -0.011
357.161 60.00 60.0800 8.6 -0.084 -0.114
357.212 60.00 60.0600 9.1 -0.063 -0.045
357.263 60.00 60.0900 8.4 -0.090 -0.134
357.313 60.00 60.0500 9.4 -0.050 -0.004
357.361 60.00 60.0400 9.7 -0.040 0.029
357.410 60.00 60.0700 9.0 -0.067 -0.060
357.461 60.00 60.0400 9.5 -0.046 0.008
357.511 60.00 60.0600 9.0 -0.065 -0.054
357.561 60.00 60.0700 8.8 -0.076 -0.088
357.611 60.00 60.0700 9.0 -0.067 -0.060
357.660 60.00 60.0600 9.2 -0.061 -0.040
357.711 60.00 60.0800 8.7 -0.080 -0.101
357.761 60.00 60.0700 8.8 -0.073 -0.080
357.812 60.00 60.0800 8.5 -0.086 -0.121
357.862 60.00 60.0400 9.5 -0.046 0.008
357.910 60.00 60.0600 9.2 -0.059 -0.033
357.961 60.00 60.0700 9.0 -0.067 -0.060
358.011 60.00 60.0700 8.8 -0.073 -0.080
358.061 60.00 60.0700 8.9 -0.069 -0.067
358.111 60.00 60.0600 9.2 -0.059 -0.033
358.160 60.00 60.0600 9.1 -0.063 -0.047
358.211 60.00 60.0700 8.9 -0.071 -0.074
358.261 60.00 60.0300 10.0 -0.029 0.062
358.311 60.00 60.0600 9.2 -0.059 -0.034
358.361 60.00 60.0800 8.6 -0.082 -0.109
358.411 60.00 60.0800 8.7 -0.078 -0.095
358.462 60.00 60.0500 9.3 -0.055 -0.020
358.511 60.00 60.0800 8.6 -0.082 -0.109
358.561 60.00 60.0600 9.0 -0.065 -0.055
358.611 60.00 60.0700 8.9 -0.071 -0.075
358.660 60.00 60.0500 9.3 -0.055 -0.020
358.711 60.00 60.0700 8.8 -0.073 -0.081
358.761 60.00 60.0900 8.4 -0.088 -0.129
358.811 60.00 60.0500 9.4 -0.050 -0.006
358.861 60.00 60.0800 8.7 -0.078 -0.096
358.909 60.00 60.0500 9.4 -0.052 -0.013
358.960 60.00 60.0700 8.7 -0.076 -0.089
359.011 60.00 60.0700 9.0 -0.067 -0.061
359.061 60.00 60.0800 8.7 -0.078 -0.096
359.110 60.00 60.0400 9.6 -0.042 0.021
359.159 60.00 60.0600 9.0 -0.065 -0.055
359.211 60.00 60.1400 6.9 -0.145 -0.314
359.260 60.00 60.1100 7.9 -0.107 -0.190
359.310 60.00 60.0400 9.5 -0.046 0.008
359.360 60.00 60.0700 8.8 -0.076 -0.088
359.410 60.00 60.0600 9.2 -0.057 -0.026
359.461 60.00 60.0600 9.1 -0.061 -0.040
359.511 60.00 60.0700 9.0 -0.067 -0.061
359.560 60.00 60.0700 8.8 -0.073 -0.081
359.610 60.00 60.0700 8.8 -0.076 -0.088
359.659 60.00 60.0600 9.2 -0.059 -0.034
359.710 60.00 60.0600 9.1 -0.061 -0.041
359.760 60.00 60.0700 8.9 -0.069 -0.068
359.810 60.00 60.0800 8.6 -0.080 -0.102
359.860 60.00 60.0900 8.4 -0.088 -0.129
359.909 60.00 60.0600 9.0 -0.065 -0.054
359.961 60.00 60.0700 8.8 -0.073 -0.081
360.011 60.00 60.0800 8.7 -0.078 -0.095
360.060 60.00 60.0800 8.5 -0.084 -0.115
360.110 60.00 60.0700 8.9 -0.069 -0.067
360.159 60.00 60.0700 9.0 -0.067 -0.060
360.210 60.00 60.0900 8.2 -0.094 -0.149
360.260 60.00 60.0400 9.6 -0.044 0.015
360.310 60.00 60.0000 10.7 -0.002 0.151
360.360 60.00 60.0800 8.5 -0.084 -0.116
360.408 60.00 60.0900 8.4 -0.088 -0.129
360.459 60.00 60.0800 8.7 -0.078 -0.095
360.509 60.00 60.0800 8.5 -0.084 -0.115
360.560 60.00 60.0700 8.8 -0.076 -0.088
360.610 60.00 60.1000 8.0 -0.103 -0.176
360.659 60.00 60.0900 8.4 -0.090 -0.135
360.709 60.00 60.0700 9.0 -0.067 -0.060
360.759 60.00 60.0800 8.6 -0.080 -0.100
360.809 60.00 60.0800 8.5 -0.084 -0.114
360.859 60.00 60.0600 9.2 -0.059 -0.032
360.908 60.00 60.0800 8.5 -0.086 -0.121
360.959 60.00 60.0700 9.0 -0.067 -0.059
361.009 60.00 60.0700 8.9 -0.069 -0.066
361.059 60.00 60.1000 8.1 -0.098 -0.161
361.110 60.00 60.1100 7.8 -0.113 -0.209
361.159 60.00 60.1000 8.1 -0.100 -0.167
361.210 60.00 60.0700 8.9 -0.069 -0.065
361.260 60.00 60.1200 7.7 -0.117 -0.222
361.309 60.00 60.0800 8.6 -0.084 -0.112
361.359 60.00 60.1000 8.1 -0.103 -0.173
361.409 60.00 60.1100 7.9 -0.107 -0.186
361.460 60.00 60.1000 8.1 -0.103 -0.172
361.509 60.00 60.0800 8.5 -0.086 -0.117
361.559 60.00 60.0900 8.4 -0.088 -0.124
361.609 60.00 60.1100 7.8 -0.113 -0.205
361.658 60.00 60.1100 7.8 -0.111 -0.198
361.709 60.00 60.1100 7.7 -0.115 -0.211
361.759 60.00 60.0800 8.6 -0.084 -0.108
361.809 60.00 60.1000 8.2 -0.096 -0.149
361.859 60.00 60.0900 8.4 -0.092 -0.135
361.907 60.00 60.1300 7.4 -0.128 -0.250
361.959 60.00 60.1100 8.0 -0.107 -0.181
362.009 60.00 60.1200 7.5 -0.126 -0.243
362.058 60.00 60.0700 8.9 -0.071 -0.065
362.108 60.00 60.1200 7.7 -0.119 -0.221
362.157 60.00 60.1100 7.9 -0.109 -0.186
362.208 60.00 60.0800 8.7 -0.082 -0.097
362.258 60.00 60.1000 8.3 -0.096 -0.145
362.308 60.00 60.0800 8.6 -0.084 -0.104
362.358 60.00 60.0800 8.7 -0.080 -0.090
362.407 60.00 60.1300 7.4 -0.128 -0.247
362.458 60.00 60.0700 9.0 -0.069 -0.055
362.509 60.00 60.1200 7.7 -0.117 -0.213
362.559 60.00 60.0800 8.6 -0.086 -0.109
362.608 60.00 60.0700 8.9 -0.073 -0.068
362.657 60.00 60.0900 8.3 -0.094 -0.136
362.708 60.00 60.0900 8.3 -0.094 -0.136
362.758 60.00 60.1000 8.1 -0.103 -0.163
362.808 60.00 60.0900 8.5 -0.088 -0.115
362.858 60.00 60.1200 7.7 -0.117 -0.211
362.907 60.00 60.1200 7.6 -0.124 -0.230
362.958 60.00 60.1300 7.4 -0.130 -0.250
363.008 60.00 60.0900 8.4 -0.094 -0.133
363.059 60.00 60.1000 8.1 -0.105 -0.167
363.109 60.00 60.1200 7.5 -0.126 -0.235
363.157 60.00 60.1200 7.7 -0.119 -0.214
363.208 60.00 60.1000 8.2 -0.103 -0.159
363.259 60.00 60.1000 8.3 -0.096 -0.138
363.309 60.00 60.0600 9.2 -0.063 -0.029
363.359 60.00 60.1100 8.1 -0.107 -0.172
363.408 60.00 60.0900 8.4 -0.094 -0.130
363.457 60.00 60.1000 8.1 -0.105 -0.165
363.507 60.00 60.1100 7.9 -0.113 -0.191
363.557 60.00 60.1000 8.2 -0.103 -0.157
363.607 60.00 60.1200 7.7 -0.122 -0.218
363.656 60.00 60.1100 8.0 -0.111 -0.183
363.707 60.00 60.1200 7.7 -0.119 -0.210
363.757 60.00 60.1000 8.3 -0.098 -0.141
363.807 60.00 60.1200 7.7 -0.119 -0.209
363.857 60.00 60.1100 8.0 -0.109 -0.174
363.906 60.00 60.1100 8.0 -0.111 -0.181
363.958 60.00 60.1500 6.8 -0.155 -0.324
364.008 60.00 60.1000 8.2 -0.103 -0.152
364.057 60.00 60.1300 7.4 -0.134 -0.254
364.107 60.00 60.1100 7.9 -0.115 -0.192
364.156 60.00 60.1100 8.1 -0.109 -0.171
364.207 60.00 60.1300 7.4 -0.134 -0.252
364.257 60.00 60.1000 8.3 -0.098 -0.136
364.307 60.00 60.1600 6.6 -0.165 -0.353
364.357 60.00 60.1400 7.3 -0.138 -0.264
364.406 60.00 60.1300 7.5 -0.130 -0.236
364.457 60.00 60.1200 7.6 -0.126 -0.222
364.507 60.00 60.1200 7.6 -0.126 -0.221
364.558 60.00 60.1700 6.5 -0.167 -0.356
364.608 60.00 60.1300 7.4 -0.136 -0.253
364.656 60.00 60.1300 7.4 -0.134 -0.246
364.707 60.00 60.1100 8.0 -0.111 -0.170
364.757 60.00 60.1400 7.3 -0.140 -0.265
364.807 60.00 60.1200 7.8 -0.122 -0.203
364.857 60.00 60.1500 7.1 -0.147 -0.285
364.906 60.00 60.1400 7.3 -0.140 -0.263
364.956 60.00 60.1300 7.6 -0.130 -0.228
365.006 60.00 60.1200 7.9 -0.117 -0.187
365.057 60.00 60.1400 7.2 -0.145 -0.275
365.106 60.00 60.1000 8.5 -0.096 -0.117
365.156 60.00 60.1700 6.6 -0.167 -0.348
365.206 60.00 60.1200 7.8 -0.122 -0.198
365.257 60.00 60.1400 7.4 -0.138 -0.252
365.307 60.00 60.1100 8.2 -0.107 -0.149
365.356 60.00 60.1700 6.5 -0.170 -0.353
365.406 60.00 60.1500 7.1 -0.149 -0.284
365.456 60.00 60.1500 7.1 -0.151 -0.289
365.506 60.00 60.1500 7.0 -0.153 -0.295
365.556 60.00 60.1100 8.2 -0.109 -0.151
365.606 60.00 60.1600 6.9 -0.157 -0.308
365.656 60.00 60.1600 6.7 -0.165 -0.334
365.706 60.00 60.1400 7.3 -0.142 -0.258
365.756 60.00 60.1700 6.4 -0.176 -0.366
365.807 60.00 60.1300 7.5 -0.134 -0.229
365.856 60.00 60.1600 6.9 -0.159 -0.310
365.906 60.00 60.1500 7.1 -0.153 -0.289
365.956 60.00 60.1300 7.6 -0.132 -0.220
366.006 60.00 60.1500 7.1 -0.153 -0.287
366.056 60.00 60.1600 6.8 -0.163 -0.321
366.106 60.00 60.1600 7.0 -0.157 -0.299
366.156 60.00 60.1500 7.1 -0.153 -0.284
366.206 60.00 60.1500 7.2 -0.151 -0.277
366.256 60.00 60.1000 8.4 -0.103 -0.120
366.306 60.00 60.1200 7.9 -0.124 -0.188
366.357 60.00 60.1600 6.8 -0.163 -0.317
366.406 60.00 60.1700 6.7 -0.167 -0.329
366.457 60.00 60.1500 7.3 -0.147 -0.261
366.506 60.00 60.1600 6.8 -0.165 -0.320
366.555 60.00 60.1300 7.8 -0.130 -0.204
366.605 60.00 60.1600 6.9 -0.161 -0.306
366.655 60.00 60.1800 6.5 -0.178 -0.359
366.704 60.00 60.1600 6.8 -0.165 -0.317
366.755 60.00 60.1300 7.7 -0.132 -0.207
366.805 60.00 60.1800 6.5 -0.178 -0.357
366.855 60.00 60.1600 6.8 -0.165 -0.314
366.905 60.00 60.1900 6.3 -0.186 -0.382
526.000 60.00 60.1300 9.1 -0.132 0.021
411.575 60.00 60.1300 9.1 -0.132 0.020
411.626 60.00 60.1700 8.0 -0.172 -0.110
411.676 60.00 60.1400 8.8 -0.142 -0.015
411.726 60.00 60.1300 9.1 -0.132 0.018
411.776 60.00 60.1300 9.2 -0.128 0.031
411.825 60.00 60.1200 9.3 -0.124 0.043
411.876 60.00 60.1400 8.8 -0.140 -0.013
411.926 60.00 60.1700 8.0 -0.172 -0.115
411.976 60.00 60.1300 8.9 -0.136 0.001
412.026 60.00 60.1300 9.0 -0.134 0.006
412.076 60.00 60.1500 8.6 -0.149 -0.042
412.127 60.00 60.1300 8.9 -0.136 -0.002
412.177 60.00 60.1400 8.8 -0.138 -0.010
412.226 60.00 60.1700 8.0 -0.170 -0.113
412.276 60.00 60.1300 9.1 -0.130 0.016
412.325 60.00 60.1600 8.2 -0.161 -0.087
412.376 60.00 60.1200 9.3 -0.119 0.049
412.426 60.00 60.1500 8.6 -0.147 -0.041
412.476 60.00 60.1300 8.9 -0.134 -0.001
412.526 60.00 60.1300 9.0 -0.132 0.005
412.574 60.00 60.1300 8.9 -0.134 -0.002
412.625 60.00 60.1300 9.0 -0.130 0.011
412.675 60.00 60.1300 8.9 -0.134 -0.004
412.726 60.00 60.1400 8.7 -0.142 -0.032
412.776 60.00 60.1500 8.5 -0.147 -0.047
412.825 60.00 60.1700 7.8 -0.176 -0.142
412.875 60.00 60.1300 8.9 -0.134 -0.006
412.925 60.00 60.1200 9.1 -0.124 0.027
412.975 60.00 60.1500 8.3 -0.155 -0.076
413.025 60.00 60.1300 8.9 -0.132 -0.002
413.074 60.00 60.1300 8.8 -0.134 -0.009
413.125 60.00 60.1600 8.2 -0.157 -0.085
413.175 60.00 60.1300 9.0 -0.128 0.010
413.225 60.00 60.1400 8.7 -0.140 -0.032
413.276 60.00 60.0700 10.5 -0.069 0.199
413.325 60.00 60.1400 8.6 -0.140 -0.034
413.376 60.00 60.1200 9.1 -0.124 0.019
413.426 60.00 60.1400 8.5 -0.145 -0.050
413.475 60.00 60.1500 8.4 -0.147 -0.057
413.525 60.00 60.1500 8.4 -0.149 -0.064
413.574 60.00 60.1200 9.2 -0.119 0.031
413.626 60.00 60.1400 8.5 -0.145 -0.052
413.676 60.00 60.0400 11.3 -0.038 0.295
413.725 60.00 60.1200 9.0 -0.124 0.013
413.775 60.00 60.1100 9.3 -0.113 0.047
413.824 60.00 60.1400 8.6 -0.140 -0.043
413.875 60.00 60.1200 9.1 -0.122 0.018
413.925 60.00 60.1200 9.0 -0.124 0.010
413.975 60.00 60.1400 8.6 -0.138 -0.039
414.025 60.00 60.1400 8.6 -0.138 -0.039
414.073 60.00 60.1400 8.5 -0.140 -0.047
414.125 60.00 60.1300 8.7 -0.134 -0.027
414.175 60.00 60.1200 9.0 -0.122 0.013
414.224 60.00 60.1500 8.2 -0.151 -0.082
414.274 60.00 60.1400 8.4 -0.145 -0.063
414.323 60.00 60.1400 8.4 -0.145 -0.063
414.374 60.00 60.1500 8.2 -0.151 -0.084
414.424 60.00 60.1400 8.6 -0.138 -0.044
414.474 60.00 60.1300 8.7 -0.132 -0.024
414.524 60.00 60.1200 9.1 -0.119 0.016
414.573 60.00 60.1300 8.8 -0.130 -0.018
414.624 60.00 60.1200 9.0 -0.122 0.008
414.674 60.00 60.1300 8.8 -0.128 -0.013
414.724 60.00 60.1000 9.5 -0.103 0.068
414.774 60.00 60.1200 9.1 -0.117 0.019
414.823 60.00 60.1100 9.2 -0.113 0.032
414.875 60.00 60.1200 8.9 -0.124 -0.003
414.925 60.00 60.1100 9.2 -0.113 0.030
414.974 60.00 60.1200 8.9 -0.124 -0.005
415.024 60.00 60.1300 8.7 -0.132 -0.033
415.073 60.00 60.1400 8.5 -0.138 -0.054
415.124 60.00 60.1300 8.6 -0.132 -0.034
415.174 60.00 60.1200 8.9 -0.124 -0.007
415.224 60.00 60.1600 8.0 -0.157 -0.117
415.274 60.00 60.1300 8.6 -0.134 -0.042
415.323 60.00 60.1500 8.1 -0.153 -0.104
415.374 60.00 60.1200 8.8 -0.124 -0.009
415.424 60.00 60.1000 9.3 -0.105 0.051
415.474 60.00 60.1300 8.7 -0.130 -0.031
415.524 60.00 60.1300 8.6 -0.132 -0.039
415.574 60.00 60.1500 8.2 -0.149 -0.094
415.624 60.00 60.1400 8.4 -0.140 -0.067
415.674 60.00 60.1200 9.0 -0.117 0.007
415.723 60.00 60.1200 9.0 -0.117 0.006
415.774 60.00 60.1200 8.8 -0.122 -0.008
415.823 60.00 60.1100 9.1 -0.111 0.025
415.874 60.00 60.1500 8.1 -0.149 -0.098
415.923 60.00 60.1200 8.8 -0.124 -0.016
415.973 60.00 60.1400 8.3 -0.142 -0.078
416.023 60.00 60.1100 9.2 -0.109 0.031
416.073 60.00 60.1200 8.8 -0.124 -0.018
416.123 60.00 60.1300 8.7 -0.128 -0.032
416.173 60.00 60.1200 8.8 -0.122 -0.013
416.223 60.00 60.1500 8.1 -0.147 -0.095
416.273 60.00 60.0900 9.6 -0.092 0.082
416.323 60.00 60.1100 9.2 -0.107 0.033
416.373 60.00 60.1100 9.0 -0.115 0.005
416.423 60.00 60.1200 8.9 -0.117 -0.003
416.474 60.00 60.1100 9.1 -0.111 0.017
416.524 60.00 60.1300 8.4 -0.134 -0.059
416.573 60.00 60.1200 8.7 -0.124 -0.025
416.623 60.00 60.1100 8.9 -0.115 0.002
416.673 60.00 60.1200 8.7 -0.124 -0.027
416.723 60.00 60.0800 9.8 -0.082 0.109
416.773 60.00 60.1200 8.7 -0.124 -0.028
416.823 60.00 60.1200 8.7 -0.124 -0.029
416.873 60.00 60.1100 9.0 -0.111 0.011
416.923 60.00 60.1400 8.1 -0.145 -0.099
416.974 60.00 60.1400 8.1 -0.145 -0.099
417.024 60.00 60.1400 8.2 -0.140 -0.085
417.073 60.00 60.1200 8.8 -0.117 -0.011
417.122 60.00 60.0900 9.6 -0.090 0.077
417.172 60.00 60.1200 8.6 -0.126 -0.040
417.222 60.00 60.1400 8.2 -0.138 -0.081
417.272 60.00 60.1300 8.5 -0.130 -0.054
417.322 60.00 60.1300 8.4 -0.132 -0.061
417.371 60.00 60.1000 9.4 -0.096 0.054
417.422 60.00 60.1200 8.8 -0.117 -0.016
417.472 60.00 60.1400 8.1 -0.145 -0.105
417.522 60.00 60.1100 8.9 -0.113 -0.002
417.573 60.00 60.1200 8.6 -0.124 -0.037
417.622 60.00 60.0800 9.7 -0.084 0.092
417.673 60.00 60.1200 8.8 -0.117 -0.019
417.722 60.00 60.1300 8.5 -0.128 -0.053
417.772 60.00 60.1300 8.3 -0.134 -0.074
417.822 60.00 60.1100 8.9 -0.113 -0.006
417.871 60.00 60.1200 8.5 -0.126 -0.048
417.923 60.00 60.0900 9.4 -0.094 0.054
417.973 60.00 60.1300 8.3 -0.132 -0.070
418.022 60.00 60.1400 8.1 -0.142 -0.104
418.072 60.00 60.1300 8.4 -0.130 -0.063
418.121 60.00 60.1100 8.9 -0.109 0.004
418.172 60.00 60.1200 8.7 -0.117 -0.024
418.222 60.00 60.2700 4.5 -0.274 -0.534
418.272 60.00 60.1300 8.4 -0.130 -0.063
418.322 60.00 60.0800 9.7 -0.080 0.100
418.371 60.00 60.0800 9.6 -0.084 0.085
418.422 60.00 60.1300 8.4 -0.130 -0.066
418.472 60.00 60.1300 8.4 -0.128 -0.060
418.523 60.00 60.1200 8.6 -0.122 -0.040
418.573 60.00 60.1100 8.9 -0.109 0.001
418.622 60.00 60.1000 9.1 -0.103 0.020
418.671 60.00 60.1200 8.6 -0.122 -0.042
418.721 60.00 60.2700 4.6 -0.272 -0.532
418.771 60.00 60.1300 8.4 -0.130 -0.068
418.821 60.00 60.1500 7.8 -0.153 -0.143
418.870 60.00 60.1100 8.9 -0.109 0.000
418.921 60.00 60.1200 8.6 -0.122 -0.042
418.971 60.00 60.1000 9.1 -0.100 0.026
419.022 60.00 60.1200 8.6 -0.122 -0.043
419.072 60.00 60.1000 9.1 -0.103 0.018
419.120 60.00 60.1000 9.1 -0.103 0.017
419.171 60.00 60.1200 8.6 -0.119 -0.038
419.221 60.00 60.0800 9.7 -0.078 0.097
419.271 60.00 60.1100 8.8 -0.111 -0.013
419.321 60.00 60.1200 8.6 -0.117 -0.034
419.370 60.00 60.1200 8.6 -0.117 -0.035
419.421 60.00 60.1200 8.4 -0.126 -0.062
419.471 60.00 60.0900 9.4 -0.088 0.060
419.521 60.00 60.1100 8.7 -0.115 -0.029
419.572 60.00 60.0800 9.4 -0.086 0.066
419.621 60.00 60.1200 8.4 -0.126 -0.065
419.672 60.00 60.1000 9.2 -0.096 0.030
419.721 60.00 60.1300 8.1 -0.136 -0.099
419.771 60.00 60.1000 9.0 -0.100 0.016
419.821 60.00 60.1800 7.0 -0.178 -0.237
419.870 60.00 60.0000 11.6 -0.004 0.329
419.922 60.00 60.0900 9.2 -0.094 0.034
419.972 60.00 60.0800 9.6 -0.080 0.081
420.021 60.00 60.0700 9.9 -0.067 0.120
420.071 60.00 60.0700 9.8 -0.069 0.112
420.120 60.00 60.0700 9.8 -0.071 0.104
420.170 60.00 60.0700 9.9 -0.067 0.117
420.221 60.00 60.1100 8.6 -0.113 -0.034
420.271 60.00 60.0700 9.7 -0.071 0.102
420.320 60.00 60.0700 9.6 -0.076 0.087
420.369 60.00 60.1700 7.0 -0.174 -0.234
420.420 60.00 60.0700 9.7 -0.073 0.094
420.470 60.00 60.0900 9.2 -0.092 0.031
420.520 60.00 60.0900 9.2 -0.090 0.037
420.571 60.00 60.1100 8.6 -0.113 -0.039
420.620 60.00 60.1200 8.4 -0.122 -0.067
420.671 60.00 60.0900 9.3 -0.088 0.042
420.720 60.00 60.0700 9.7 -0.071 0.096
420.770 60.00 60.0900 9.1 -0.094 0.020
420.820 60.00 60.0800 9.3 -0.084 0.053
420.869 60.00 60.0600 9.9 -0.063 0.121
420.920 60.00 60.0900 9.2 -0.090 0.031
420.970 60.00 60.1000 8.9 -0.098 0.003
421.020 60.00 60.0900 9.1 -0.092 0.023
421.070 60.00 60.0800 9.3 -0.086 0.042
421.119 60.00 60.0900 9.1 -0.090 0.028
421.171 60.00 60.0800 9.5 -0.078 0.068
421.221 60.00 60.0800 9.2 -0.086 0.040
421.271 60.00 60.1100 8.6 -0.109 -0.036
421.320 60.00 60.0900 9.1 -0.090 0.025
421.369 60.00 60.1100 8.7 -0.107 -0.030
421.420 60.00 60.1300 8.1 -0.130 -0.106
421.470 60.00 60.1000 8.9 -0.096 0.003
421.520 60.00 60.0900 9.0 -0.094 0.010
421.570 60.00 60.0800 9.4 -0.078 0.063
421.619 60.00 60.1000 8.7 -0.105 -0.026
421.669 60.00 60.0700 9.6 -0.069 0.089
421.720 60.00 60.0800 9.2 -0.086 0.034
421.770 60.00 60.1100 8.6 -0.109 -0.042
421.819 60.00 60.0800 9.3 -0.080 0.053
421.868 60.00 60.0700 9.4 -0.076 0.065
421.919 60.00 60.1000 8.8 -0.100 -0.016
421.969 60.00 60.1000 8.7 -0.105 -0.031
422.020 60.00 60.0800 9.2 -0.084 0.037
422.070 60.00 60.1400 7.8 -0.138 -0.141
422.118 60.00 60.1200 8.2 -0.122 -0.087
422.169 60.00 60.1000 8.7 -0.105 -0.033
422.219 60.00 60.0700 9.4 -0.076 0.062
422.269 60.00 60.1100 8.4 -0.113 -0.061
422.319 60.00 60.1200 8.2 -0.119 -0.082
422.368 60.00 60.0900 9.0 -0.090 0.013
422.419 60.00 60.1100 8.5 -0.111 -0.056
422.469 60.00 60.0800 9.3 -0.078 0.053
422.519 60.00 60.1200 8.3 -0.117 -0.078
422.570 60.00 60.0800 9.3 -0.080 0.045
422.619 60.00 60.1000 8.8 -0.098 -0.017
422.669 60.00 60.0700 9.4 -0.076 0.057
422.719 60.00 60.1000 8.6 -0.105 -0.039
422.769 60.00 60.0900 8.9 -0.092 0.002
422.819 60.00 60.0700 9.4 -0.073 0.063
422.868 60.00 60.0900 8.9 -0.092 0.001
422.919 60.00 60.0900 8.9 -0.094 -0.007
422.969 60.00 60.1100 8.5 -0.107 -0.048
423.019 60.00 60.1000 8.8 -0.096 -0.015
423.069 60.00 60.1100 8.5 -0.109 -0.056
423.119 60.00 60.0900 8.9 -0.092 -0.002
423.170 60.00 60.0900 9.0 -0.088 0.011
423.220 60.00 60.1000 8.6 -0.105 -0.044
423.269 60.00 60.0800 9.2 -0.080 0.038
423.319 60.00 60.0900 8.8 -0.094 -0.011
423.367 60.00 60.0700 9.4 -0.073 0.057
423.418 60.00 60.1200 8.0 -0.124 -0.108
423.468 60.00 60.1100 8.4 -0.111 -0.067
423.518 60.00 60.1300 7.9 -0.128 -0.121
423.568 60.00 60.0700 9.3 -0.076 0.048
423.617 60.00 60.0700 9.5 -0.069 0.068
423.669 60.00 60.0800 9.1 -0.082 0.027
423.719 60.00 60.0800 9.0 -0.086 0.012
423.768 60.00 60.1100 8.3 -0.113 -0.077
423.818 60.00 60.0800 9.1 -0.082 0.025
423.867 60.00 60.1000 8.6 -0.103 -0.044
423.918 60.00 60.0900 8.9 -0.090 -0.003
423.968 60.00 60.1000 8.6 -0.100 -0.037
424.019 60.00 60.0800 9.2 -0.080 0.030
424.068 60.00 60.0700 9.3 -0.076 0.042
424.117 60.00 60.0800 9.2 -0.078 0.035
424.168 60.00 60.0800 9.1 -0.080 0.028
424.218 60.00 60.0800 9.2 -0.078 0.033
424.268 60.00 60.1000 8.5 -0.103 -0.049
424.318 60.00 60.0900 8.8 -0.090 -0.008
424.367 60.00 60.1000 8.5 -0.103 -0.049
424.418 60.00 60.0500 9.9 -0.050 0.120
424.468 60.00 60.1100 8.2 -0.113 -0.085
424.518 60.00 60.0800 8.9 -0.086 0.003
424.568 60.00 60.0800 9.1 -0.080 0.023
424.618 60.00 60.1200 8.0 -0.122 -0.114
424.669 60.00 60.1200 8.0 -0.119 -0.107
424.718 60.00 60.1200 7.9 -0.126 -0.127
424.768 60.00 60.0900 8.8 -0.090 -0.012
424.818 60.00 60.0800 9.0 -0.084 0.009
424.866 60.00 60.1100 8.4 -0.107 -0.067
424.917 60.00 60.0800 9.0 -0.082 0.015
424.967 60.00 60.0900 8.7 -0.094 -0.027
425.017 60.00 60.0800 9.0 -0.084 0.007
425.067 60.00 60.0800 9.1 -0.078 0.026
425.117 60.00 60.0300 10.3 -0.034 0.169
425.168 60.00 60.0700 9.2 -0.076 0.031
425.218 60.00 60.0700 9.2 -0.073 0.038
425.267 60.00 60.0500 9.8 -0.050 0.112
425.318 60.00 60.0400 9.9 -0.046 0.124
425.367 60.00 60.0400 10.0 -0.044 0.130
425.417 60.00 60.0500 9.8 -0.052 0.102
425.467 60.00 60.0400 10.1 -0.040 0.142
425.517 60.00 60.0400 9.9 -0.044 0.127
425.567 60.00 60.0500 9.8 -0.048 0.112
425.616 60.00 60.0300 10.2 -0.034 0.159
425.667 60.00 60.0500 9.7 -0.055 0.089
425.717 60.00 60.0500 9.8 -0.050 0.102
425.767 60.00 60.0200 10.5 -0.023 0.190
425.817 60.00 60.0600 9.4 -0.063 0.059
425.866 60.00 60.0600 9.5 -0.059 0.072
425.917 60.00 60.0300 10.2 -0.034 0.153
425.967 60.00 60.1000 8.4 -0.100 -0.066
426.017 60.00 60.0400 10.0 -0.038 0.138
426.067 60.00 60.0300 10.3 -0.027 0.171
426.116 60.00 60.0200 10.6 -0.017 0.204
426.167 60.00 60.0200 10.4 -0.023 0.182
426.217 60.00 60.0000 10.8 -0.006 0.235
426.268 60.00 60.0400 9.9 -0.040 0.124
426.317 60.00 60.0200 10.3 -0.025 0.171
426.365 60.00 60.0100 10.7 -0.010 0.218
426.416 60.00 60.0000 10.8 -0.004 0.237
426.466 60.00 60.0200 10.4 -0.021 0.181
426.516 60.00 60.0000 11.0 0.002 0.254
426.566 60.00 60.0300 10.1 -0.031 0.144
426.615 60.00 59.9900 11.3 0.013 0.286
426.666 60.00 60.0100 10.6 -0.010 0.209
426.716 60.00 59.9800 11.4 0.019 0.303
426.766 60.00 60.0200 10.4 -0.019 0.179
426.816 60.00 59.9900 11.0 0.006 0.259
426.866 60.00 59.9700 11.7 0.031 0.339
426.917 60.00 59.9800 11.5 0.023 0.310
426.967 60.00 59.9900 11.1 0.010 0.267
427.016 60.00 60.0000 10.9 0.002 0.239
427.066 60.00 59.9800 11.4 0.021 0.299
427.115 60.00 59.9300 12.7 0.071 0.460
427.166 60.00 59.9800 11.2 0.017 0.281
427.216 60.00 59.9500 12.0 0.048 0.381
427.266 60.00 59.9600 11.7 0.036 0.338
427.316 60.00 59.9800 11.3 0.021 0.289
427.365 60.00 59.9300 12.4 0.065 0.430
427.416 60.00 59.9600 11.8 0.042 0.353
427.466 60.00 59.9800 11.3 0.023 0.290
427.517 60.00 59.9000 13.3 0.099 0.533
427.567 60.00 59.9100 13.1 0.090 0.503
427.616 60.00 59.9200 12.6 0.076 0.453
427.667 60.00 59.9200 12.6 0.076 0.451
427.716 60.00 59.8900 13.4 0.107 0.551
427.767 60.00 59.9000 13.3 0.103 0.534
427.817 60.00 59.9100 12.9 0.088 0.484
427.866 60.00 59.8800 13.8 0.122 0.590
427.915 60.00 59.8800 13.6 0.117 0.574
427.965 60.00 59.9000 13.2 0.103 0.523
428.015 60.00 59.8800 13.7 0.122 0.582
428.065 60.00 59.8900 13.3 0.109 0.538
428.115 60.00 59.8700 13.9 0.130 0.604
428.165 60.00 59.8800 13.5 0.117 0.560
428.215 60.00 59.8900 13.2 0.107 0.523
428.265 60.00 59.8700 13.7 0.126 0.582
428.315 60.00 59.8800 13.5 0.120 0.558
428.365 60.00 59.8700 13.7 0.126 0.577
428.416 60.00 59.8500 14.2 0.147 0.642
428.466 60.00 59.8600 14.0 0.141 0.618
428.515 60.00 59.8400 14.4 0.155 0.662
428.565 60.00 59.8600 13.8 0.136 0.598
428.615 60.00 59.8300 14.8 0.172 0.711
428.665 60.00 59.8300 14.6 0.168 0.694
428.715 60.00 59.8300 14.6 0.168 0.691
428.765 60.00 59.7900 15.7 0.210 0.825
428.815 60.00 59.8400 14.3 0.157 0.650
428.865 60.00 59.7900 15.5 0.206 0.803
428.916 60.00 59.7700 16.1 0.227 0.868
428.966 60.00 59.8300 14.5 0.168 0.673
429.015 60.00 59.7800 15.7 0.214 0.820
429.065 60.00 59.8400 14.2 0.161 0.646
429.115 60.00 59.7500 16.5 0.245 0.915
429.165 60.00 59.7700 15.9 0.227 0.850
429.215 60.00 59.7600 16.3 0.243 0.900
429.265 60.00 59.7600 16.1 0.235 0.869
429.315 60.00 59.7600 16.3 0.243 0.892
429.365 60.00 59.7600 16.2 0.243 0.888
429.414 60.00 59.7400 16.7 0.262 0.946
429.465 60.00 59.7300 16.9 0.271 0.969
429.515 60.00 59.6900 18.0 0.313 1.101
429.564 60.00 59.7200 17.2 0.283 1.001
429.614 60.00 59.7600 15.9 0.237 0.846
429.663 60.00 59.7900 15.1 0.208 0.747
429.714 60.00 59.7100 17.2 0.287 1.002
429.765 60.00 59.6700 18.3 0.332 1.142
429.814 60.00 59.6700 18.2 0.327 1.123
429.864 60.00 59.6400 18.9 0.355 1.207
429.913 60.00 59.6400 19.1 0.363 1.229
429.964 60.00 59.6300 19.1 0.367 1.237
430.014 60.00 59.6400 18.9 0.359 1.204
430.064 60.00 59.6100 19.6 0.391 1.301
430.114 60.00 59.5900 20.0 0.405 1.344
430.163 60.00 59.5600 20.9 0.441 1.454
430.214 60.00 59.5600 20.7 0.437 1.434
430.264 60.00 59.5600 20.8 0.439 1.435
430.315 60.00 59.5700 20.5 0.433 1.408
430.365 60.00 59.5100 22.0 0.489 1.586
430.413 60.00 59.5000 22.2 0.500 1.614
430.464 60.00 59.4600 23.2 0.538 1.730
430.514 60.00 59.3700 25.4 0.624 2.003
430.564 60.00 59.4300 23.8 0.568 1.810
430.614 60.00 59.4500 23.3 0.550 1.747
430.663 60.00 59.4000 24.6 0.599 1.898
430.714 60.00 59.3900 24.8 0.610 1.924
430.764 60.00 59.3500 25.7 0.645 2.032
430.814 60.00 59.3400 26.0 0.660 2.072
430.865 60.00 59.3200 26.4 0.677 2.117
430.914 60.00 59.3400 25.7 0.656 2.040
430.964 60.00 59.2600 28.0 0.742 2.312
431.013 60.00 59.2600 27.8 0.740 2.295
431.063 60.00 59.2500 27.9 0.745 2.300
431.113 60.00 59.1900 29.4 0.806 2.488
431.162 60.00 59.1900 29.3 0.804 2.472
431.213 60.00 59.1200 31.1 0.876 2.694
431.263 60.00 59.1200 31.1 0.878 2.690
431.313 60.00 59.1300 30.8 0.869 2.651
431.363 60.00 59.0600 32.5 0.939 2.866
431.412 60.00 59.0500 32.6 0.945 2.875
431.464 60.00 59.0100 33.8 0.992 3.015
431.514 60.00 58.9500 35.1 1.047 3.180
431.563 60.00 58.9700 34.6 1.030 3.112
431.613 60.00 58.9300 35.5 1.070 3.230
431.662 60.00 58.9100 36.1 1.093 3.292
431.713 60.00 58.8900 36.2 1.104 3.313
431.763 60.00 58.8300 37.8 1.165 3.499
431.813 60.00 58.8100 38.2 1.184 3.546
431.863 60.00 58.7800 38.8 1.214 3.628
431.912 60.00 58.7900 38.7 1.212 3.606
431.963 60.00 58.7300 40.0 1.265 3.763
432.013 60.00 58.7200 40.2 1.280 3.796
432.063 60.00 58.6800 41.1 1.318 3.905
432.114 60.00 58.6200 42.5 1.376 4.075
432.163 60.00 58.6400 42.0 1.363 4.016
432.213 60.00 58.6000 43.0 1.403 4.131
432.263 60.00 58.5700 43.6 1.431 4.203
432.313 60.00 58.5200 44.7 1.478 4.338
432.363 60.00 58.5100 44.9 1.488 4.355
432.412 60.00 58.4600 46.2 1.543 4.516
432.462 60.00 58.4600 45.9 1.539 4.484
432.513 60.00 58.3900 47.6 1.607 4.687
432.563 60.00 58.3500 48.5 1.648 4.799
432.613 60.00 58.3400 48.7 1.658 4.814
432.662 60.00 58.3400 48.5 1.656 4.788
432.712 60.00 58.2600 50.6 1.744 5.052
432.762 60.00 58.2200 51.3 1.776 5.135
432.812 60.00 58.2200 51.3 1.780 5.128
432.862 60.00 58.1800 52.1 1.816 5.225
432.911 60.00 58.1400 53.0 1.857 5.335
432.962 60.00 58.1300 53.1 1.867 5.349
433.012 60.00 58.1000 53.7 1.895 5.417
433.063 60.00 58.0500 54.8 1.944 5.554
433.113 60.00 58.0400 55.0 1.957 5.574
433.161 60.00 58.0200 55.3 1.976 5.614
433.212 60.00 57.9700 56.4 2.025 5.750
433.262 60.00 57.9500 56.8 2.045 5.790
433.312 60.00 57.9000 57.9 2.094 5.926
433.362 60.00 57.8800 58.4 2.120 5.986
433.411 60.00 57.8500 58.9 2.147 6.051
433.462 60.00 57.8100 59.9 2.188 6.160
433.512 60.00 57.7700 60.8 2.233 6.281
433.563 60.00 57.7300 61.5 2.265 6.360
433.613 60.00 57.7000 62.1 2.295 6.432
433.661 60.00 57.6700 62.9 2.334 6.532
433.712 60.00 57.6500 63.0 2.344 6.540
433.762 60.00 57.6200 63.8 2.383 6.640
433.813 60.00 57.5900 64.3 2.407 6.690
433.862 60.00 57.5700 64.7 2.432 6.746
433.911 60.00 57.5300 65.5 2.469 6.838
433.961 60.00 57.5000 66.1 2.499 6.909
434.012 60.00 57.4500 67.1 2.544 7.028
434.062 60.00 57.4100 68.0 2.587 7.140
434.111 60.00 57.3900 68.5 2.613 7.195
434.161 60.00 57.3700 68.6 2.626 7.208
434.212 60.00 57.3400 69.2 2.656 7.278
434.261 60.00 57.2800 70.6 2.718 7.452
434.311 60.00 57.2600 70.9 2.738 7.485
434.361 60.00 57.2200 71.7 2.777 7.581
434.410 60.00 57.2000 72.1 2.800 7.629
434.461 60.00 57.1700 72.7 2.833 7.704
434.511 60.00 57.1500 73.0 2.852 7.736
434.561 60.00 57.0700 74.7 2.925 7.944
434.611 60.00 57.0800 74.3 2.919 7.892
434.661 60.00 57.0600 74.7 2.940 7.930
434.712 60.00 57.0100 75.6 2.986 8.047
434.761 60.00 56.9900 76.0 3.010 8.092
434.811 60.00 56.9500 76.7 3.044 8.173
434.861 60.00 56.9400 76.9 3.061 8.197
434.910 60.00 56.8900 77.9 3.109 8.319
434.961 60.00 56.8700 78.1 3.124 8.336
435.011 60.00 56.8200 79.3 3.178 8.479
435.062 60.00 56.8000 79.6 3.200 8.517
435.112 60.00 56.7700 80.0 3.224 8.561
435.160 60.00 56.7500 80.5 3.252 8.619
435.211 60.00 56.7000 81.5 3.302 8.747
435.261 60.00 56.6600 82.2 3.336 8.826
435.311 60.00 56.6400 82.5 3.360 8.869
435.361 60.00 56.6000 83.2 3.395 8.947
435.410 60.00 56.5600 84.0 3.436 9.047
435.461 60.00 56.5600 83.7 3.438 9.019
435.511 60.00 56.5000 85.1 3.499 9.182
435.561 60.00 56.4800 85.3 3.521 9.217
435.610 60.00 56.4800 85.0 3.519 9.174
435.659 60.00 56.4300 86.0 3.569 9.301
435.710 60.00 56.3900 86.9 3.612 9.407
435.760 60.00 56.3300 88.0 3.667 9.548
435.810 60.00 56.3200 88.0 3.677 9.546
435.860 60.00 56.3100 88.1 3.691 9.552
435.909 60.00 56.2800 88.5 3.719 9.607
435.960 60.00 56.2400 89.2 3.756 9.691
436.010 60.00 56.1800 90.7 3.821 9.866
436.060 60.00 56.1700 90.6 3.832 9.863
436.110 60.00 56.1400 90.9 3.854 9.897
436.159 60.00 56.1300 91.1 3.874 9.923
436.211 60.00 56.0800 92.1 3.922 10.041
436.261 60.00 56.0800 91.7 3.919 9.995
436.310 60.00 56.0300 92.7 3.969 10.120
436.360 60.00 55.9900 93.5 4.011 10.217
436.409 60.00 55.9700 93.6 4.026 10.228
436.460 60.00 55.9400 94.3 4.063 10.310
436.510 60.00 55.9300 94.1 4.070 10.292
436.560 60.00 55.8800 95.0 4.114 10.396
436.610 60.00 55.8500 95.6 4.149 10.471
436.659 60.00 55.8500 95.3 4.151 10.438
436.710 60.00 55.8000 96.2 4.197 10.548
436.761 60.00 55.7500 97.4 4.252 10.686
436.811 60.00 55.7200 97.8 4.280 10.739
436.860 60.00 55.7300 97.0 4.265 10.648
436.909 60.00 55.6900 97.8 4.307 10.744
436.960 60.00 55.6400 98.8 4.357 10.867
437.010 60.00 55.6200 99.1 4.379 10.899
437.060 60.00 55.6300 98.4 4.366 10.815
437.110 60.00 55.6000 99.0 4.399 10.881
437.158 60.00 55.5600 99.7 4.438 10.969
437.210 60.00 55.5100 100.0 4.484 11.078
437.260 60.00 55.4700 100.0 4.524 11.165
437.309 60.00 55.4500 100.0 4.548 11.203
437.359 60.00 55.4400 100.0 4.561 11.204
437.408 60.00 55.4100 100.0 4.585 11.241
437.459 60.00 55.3600 100.0 4.643 11.386
437.509 60.00 55.3600 100.0 4.636 11.321
437.559 60.00 55.3500 100.0 4.652 11.330
437.609 60.00 55.2900 100.0 4.704 11.460
437.659 60.00 55.2400 100.0 4.755 11.583
437.709 60.00 55.2300 100.0 4.770 11.589
437.759 60.00 55.1900 100.0 4.812 11.683
437.810 60.00 55.1800 100.0 4.814 11.648
437.860 60.00 55.1500 100.0 4.848 11.712
437.908 60.00 55.1100 100.0 4.892 11.813
437.959 60.00 55.1100 100.0 4.892 11.770
438.009 60.00 55.0800 100.0 4.923 11.827
438.059 60.00 55.0400 100.0 4.962 11.914
438.109 60.00 55.0100 100.0 4.989 11.957
438.158 60.00 55.0000 100.0 4.995 11.934
438.209 60.00 54.9500 100.0 5.053 12.078
438.260 60.00 54.9600 100.0 5.040 11.991
438.310 60.00 54.9300 100.0 5.067 12.034
438.359 60.00 54.9000 100.0 5.102 12.106
438.408 60.00 54.8700 100.0 5.129 12.150
438.459 60.00 54.8300 100.0 5.169 12.235
438.509 60.00 54.7500 100.0 5.252 12.462
438.559 60.00 54.7300 100.0 5.268 12.468
438.609 60.00 54.6900 100.0 5.310 12.560
438.657 60.00 54.7000 100.0 5.301 12.486
438.708 60.00 54.7200 100.0 5.274 12.354
438.759 60.00 54.6300 100.0 5.365 12.606
438.809 60.00 54.6200 100.0 5.379 12.604
438.858 60.00 54.5900 100.0 5.412 12.667
438.907 60.00 54.5900 100.0 5.408 12.607
438.958 60.00 54.5300 100.0 5.466 12.750
439.008 60.00 54.4800 100.0 5.521 12.886
439.058 60.00 54.4600 100.0 5.539 12.897
439.108 60.00 54.4500 100.0 5.552 12.895
439.157 60.00 54.4300 100.0 5.570 12.907
439.209 60.00 54.4000 100.0 5.604 12.970
439.259 60.00 54.3800 100.0 5.617 12.967
439.308 60.00 54.3300 100.0 5.668 13.088
439.358 60.00 54.3100 100.0 5.693 13.121
439.407 60.00 54.3200 100.0 5.679 13.031
439.458 60.00 54.2900 100.0 5.706 13.072
439.508 60.00 54.2400 100.0 5.755 13.185
439.558 60.00 54.2100 100.0 5.791 13.255
439.608 60.00 54.1900 100.0 5.809 13.266
439.657 60.00 54.1800 100.0 5.818 13.249
439.709 60.00 54.1600 100.0 5.835 13.260
439.759 60.00 54.1000 100.0 5.903 13.432
439.808 60.00 54.1000 100.0 5.896 13.363
439.859 60.00 54.0400 100.0 5.963 13.534
439.908 60.00 54.0400 100.0 5.961 13.480
439.959 60.00 54.0000 100.0 5.999 13.556
440.009 60.00 54.0000 100.0 5.996 13.502
440.058 60.00 53.9800 100.0 6.014 13.513
440.108 60.00 53.9400 100.0 6.063 13.626
440.157 60.00 53.8900 100.0 6.106 13.717
440.207 60.00 53.8500 100.0 6.147 13.801
440.257 60.00 53.8400 100.0 6.155 13.782
440.307 60.00 53.8300 100.0 6.169 13.778
440.357 60.00 53.8100 100.0 6.189 13.796
440.407 60.00 53.7700 100.0 6.227 13.873
440.458 60.00 53.7300 100.0 6.266 13.949
440.507 60.00 53.7300 100.0 6.270 13.916
440.557 60.00 53.7100 100.0 6.286 13.920
440.607 60.00 53.6900 100.0 6.304 13.930
440.656 60.00 53.6800 100.0 6.322 13.941
440.707 60.00 53.5900 100.0 6.405 14.164
440.757 60.00 53.6000 100.0 6.398 14.093
440.807 60.00 53.5900 100.0 6.412 14.089
440.857 60.00 53.5500 100.0 6.452 14.172
440.907 60.00 53.5500 100.0 6.450 14.117
440.957 60.00 53.5000 100.0 6.502 14.237
441.007 60.00 53.4500 100.0 6.547 14.335
441.057 60.00 53.4800 100.0 6.522 14.206
441.107 60.00 53.4600 100.0 6.538 14.210
441.156 60.00 53.4300 100.0 6.569 14.264
441.207 60.00 53.4000 100.0 6.599 14.311
441.257 60.00 53.3500 100.0 6.651 14.432
441.308 60.00 53.3400 100.0 6.662 14.420
441.358 60.00 53.2900 100.0 6.705 14.511
441.406 60.00 53.2700 100.0 6.732 14.550
441.457 60.00 53.2400 100.0 6.754 14.575
441.507 60.00 53.2400 100.0 6.754 14.526
441.557 60.00 53.2400 100.0 6.763 14.506
441.607 60.00 53.1800 100.0 6.818 14.635
441.656 60.00 53.1500 100.0 6.845 14.674
441.706 60.00 53.1100 100.0 6.890 14.772
441.756 60.00 53.1200 100.0 6.883 14.701
441.806 60.00 53.0900 100.0 6.911 14.741
441.857 60.00 53.0700 100.0 6.931 14.757
441.906 60.00 53.0500 100.0 6.949 14.768
441.956 60.00 53.0000 100.0 7.003 14.896
442.006 60.00 53.0000 100.0 6.997 14.824
442.056 60.00 52.9700 100.0 7.024 14.863
442.107 60.00 52.9500 100.0 7.049 14.896
442.156 60.00 52.9100 100.0 7.087 14.972
442.206 60.00 52.8900 100.0 7.106 14.982
442.256 60.00 52.8500 100.0 7.144 15.058
442.306 60.00 52.8600 100.0 7.135 14.979
442.356 60.00 52.8200 100.0 7.183 15.085
442.406 60.00 52.7900 100.0 7.206 15.110
442.456 60.00 52.7600 100.0 7.237 15.164
442.506 60.00 52.7500 100.0 7.249 15.151
442.556 60.00 52.6900 100.0 7.308 15.294
442.607 60.00 52.7000 100.0 7.301 15.222
442.656 60.00 52.6700 100.0 7.328 15.261
442.706 60.00 52.6700 100.0 7.331 15.219
442.756 60.00 52.6200 100.0 7.374 15.311
442.806 60.00 52.6200 100.0 7.383 15.291
442.856 60.00 52.5700 100.0 7.429 15.390
442.906 60.00 52.5500 100.0 7.449 15.407
442.956 60.00 52.5100 100.0 7.488 15.482
443.006 60.00 52.5000 100.0 7.495 15.455
443.057 60.00 52.4600 100.0 7.543 15.562
443.106 60.00 52.4600 100.0 7.536 15.489
443.156 60.00 52.4400 100.0 7.554 15.499
443.206 60.00 52.4000 100.0 7.598 15.590
443.256 60.00 52.4000 100.0 7.602 15.555
443.305 60.00 52.3600 100.0 7.634 15.609
443.355 60.00 52.3500 100.0 7.648 15.604
443.405 60.00 52.3600 100.0 7.639 15.524
443.455 60.00 52.2900 100.0 7.708 15.698
443.506 60.00 52.2600 100.0 7.735 15.738
443.555 60.00 52.2500 100.0 7.753 15.747
443.605 60.00 52.2300 100.0 7.767 15.742
443.655 60.00 52.1900 100.0 7.811 15.833
443.704 60.00 52.1500 100.0 7.850 15.911
443.755 60.00 52.1700 100.0 7.829 15.793
443.805 60.00 52.1300 100.0 7.870 15.877
443.855 60.00 52.1000 100.0 7.900 15.924
443.905 60.00 52.0900 100.0 7.909 15.904
443.954 60.00 52.0400 100.0 7.955 16.003
444.005 60.00 52.0400 100.0 7.958 15.960
444.055 60.00 52.0300 100.0 7.965 15.933
444.106 60.00 51.9900 100.0 8.013 16.040
444.156 60.00 51.9600 100.0 8.040 16.079
444.204 60.00 51.9400 100.0 8.056 16.081
444.255 60.00 51.9200 100.0 8.075 16.091
444.305 60.00 51.8700 100.0 8.126 16.206
444.355 60.00 51.8700 100.0 8.128 16.163
444.405 60.00 51.8500 100.0 8.153 16.194
444.454 60.00 51.8300 100.0 8.169 16.197
444.505 60.00 51.7900 100.0 8.213 16.289
444.555 60.00 51.7800 100.0 8.222 16.268
444.606 60.00 51.7600 100.0 8.241 16.279
444.656 60.00 51.7300 100.0 8.268 16.318
444.704 60.00 51.7100 100.0 8.291 16.342
444.754 60.00 51.7000 100.0 8.301 16.322
444.804 60.00 51.6700 100.0 8.324 16.347
444.854 60.00 51.6700 100.0 8.333 16.328
444.904 60.00 51.6000 100.0 8.395 16.480
444.953 60.00 51.6100 100.0 8.393 16.422
445.004 60.00 51.5900 100.0 8.405 16.409
445.055 60.00 51.5200 100.0 8.479 16.600
445.105 60.00 51.5000 100.0 8.495 16.601
445.154 60.00 51.5200 100.0 8.481 16.506
445.203 60.00 51.4900 100.0 8.511 16.553
445.254 60.00 51.4700 100.0 8.530 16.564
445.304 60.00 51.4300 100.0 8.564 16.627
445.354 60.00 51.4300 100.0 8.567 16.583
445.404 60.00 51.4100 100.0 8.588 16.601
445.453 60.00 51.4000 100.0 8.601 16.596
445.504 60.00 51.3400 100.0 8.655 16.720
445.554 60.00 51.3000 100.0 8.696 16.805
445.605 60.00 51.2900 100.0 8.708 16.792
445.655 60.00 51.2800 100.0 8.717 16.772
445.703 60.00 51.3000 100.0 8.694 16.646
445.754 60.00 51.2500 100.0 8.748 16.770
445.804 60.00 51.2000 100.0 8.801 16.893
445.854 60.00 51.2000 100.0 8.799 16.835
445.904 60.00 51.2000 100.0 8.794 16.770
445.953 60.00 51.1500 100.0 8.850 16.901
446.004 60.00 51.1200 100.0 8.876 16.935
446.054 60.00 51.1100 100.0 8.887 16.922
446.104 60.00 51.0900 100.0 8.911 16.947
446.154 60.00 51.0900 100.0 8.908 16.889
446.204 60.00 51.0100 100.0 8.992 17.112
446.254 60.00 51.0300 100.0 8.971 16.994
446.305 60.00 51.0000 100.0 8.999 17.034
446.354 60.00 51.0000 100.0 8.997 16.976
446.403 60.00 50.9700 100.0 9.027 17.025
446.452 60.00 50.9600 100.0 9.039 17.013
446.503 60.00 50.9000 100.0 9.095 17.146
446.553 60.00 50.9200 100.0 9.076 17.034
446.603 60.00 50.8900 100.0 9.113 17.106
446.653 60.00 50.8500 100.0 9.144 17.154
446.703 60.00 50.8500 100.0 9.153 17.134
446.754 60.00 50.8200 100.0 9.179 17.169
446.803 60.00 50.7800 100.0 9.216 17.240
446.853 60.00 50.7600 100.0 9.242 17.273
446.903 60.00 50.7400 100.0 9.261 17.284
446.952 60.00 50.7100 100.0 9.284 17.310
447.003 60.00 50.7200 100.0 9.275 17.230
447.053 60.00 50.6800 100.0 9.321 17.332
447.103 60.00 50.6700 100.0 9.329 17.305
447.154 60.00 50.6400 100.0 9.362 17.362
447.203 60.00 50.6400 100.0 9.359 17.304
447.254 60.00 50.6000 100.0 9.399 17.384
447.303 60.00 50.5600 100.0 9.437 17.456
447.353 60.00 50.5600 100.0 9.444 17.429
447.403 60.00 50.5200 100.0 9.474 17.478
447.452 60.00 50.5000 100.0 9.495 17.497
447.503 60.00 50.4800 100.0 9.519 17.523
447.553 60.00 50.4800 100.0 9.516 17.465
447.603 60.00 50.4300 100.0 9.570 17.592
447.654 60.00 50.4200 100.0 9.582 17.580
447.703 60.00 50.4200 100.0 9.582 17.530
447.752 60.00 50.3600 100.0 9.639 17.664
447.803 60.00 50.3300 100.0 9.667 17.705
447.853 60.00 50.3800 100.0 9.615 17.487
447.903 60.00 50.3200 100.0 9.674 17.629
447.952 60.00 50.2800 100.0 9.714 17.709
448.002 60.00 50.2700 100.0 9.733 17.721
448.052 60.00 50.2000 100.0 9.799 17.885
448.102 60.00 50.2300 100.0 9.773 17.750
448.152 60.00 50.2000 100.0 9.799 17.785
448.201 60.00 50.2000 100.0 9.797 17.727
448.252 60.00 50.1800 100.0 9.820 17.754
448.303 60.00 50.1500 100.0 9.846 17.789
448.353 60.00 50.1100 100.0 9.886 17.870
448.402 60.00 50.1200 100.0 9.877 17.789
448.451 60.00 50.0400 100.0 9.957 18.001
448.502 60.00 50.0600 100.0 9.941 17.897
448.552 60.00 50.0300 100.0 9.969 17.939
448.602 60.00 49.9900 100.0 10.007 18.013
448.652 60.00 49.9700 100.0 10.026 18.024
448.701 60.00 49.9800 100.0 10.019 17.951
448.752 60.00 49.9600 100.0 10.035 17.956
448.803 60.00 49.9300 100.0 10.066 18.006
448.853 60.00 49.8900 100.0 10.111 18.103
448.902 60.00 49.8500 100.0 10.151 18.184
448.951 60.00 49.8900 100.0 10.113 18.010
449.002 60.00 49.8800 100.0 10.123 17.992
449.052 60.00 49.8300 100.0 10.168 18.089
449.102 60.00 49.8100 100.0 10.192 18.117
449.152 60.00 49.7800 100.0 10.223 18.167
449.201 60.00 49.7700 100.0 10.232 18.149
449.253 60.00 49.7500 100.0 10.244 18.138
449.303 60.00 49.7100 100.0 10.287 18.228
449.353 60.00 49.6900 100.0 10.306 18.240
449.402 60.00 49.6800 100.0 10.322 18.244
449.450 60.00 49.6800 100.0 10.322 18.195
449.501 60.00 49.6500 100.0 10.353 18.246
449.551 60.00 49.6300 100.0 10.365 18.235
449.601 60.00 49.6300 100.0 10.370 18.201
449.651 60.00 49.6000 100.0 10.404 18.261
449.701 60.00 49.5700 100.0 10.432 18.304
449.752 60.00 49.5600 100.0 10.434 18.263
449.802 60.00 49.5200 100.0 10.475 18.346
449.851 60.00 49.5100 100.0 10.487 18.336
449.902 60.00 49.4900 100.0 10.506 18.349
449.951 60.00 49.4700 100.0 10.530 18.377
450.002 60.00 49.4300 100.0 10.570 18.460
450.051 60.00 49.4400 100.0 10.561 18.380
450.101 60.00 49.4100 100.0 10.592 18.431
450.151 60.00 49.3900 100.0 10.606 18.429
450.200 60.00 49.3800 100.0 10.618 18.419
450.251 60.00 49.3800 100.0 10.616 18.362
450.301 60.00 49.3200 100.0 10.675 18.508
450.352 60.00 49.3000 100.0 10.695 18.522
450.402 60.00 49.3300 100.0 10.671 18.395
450.451 60.00 49.2800 100.0 10.716 18.494
450.501 60.00 49.2400 100.0 10.754 18.570
450.551 60.00 49.2600 100.0 10.735 18.459
450.601 60.00 49.2200 100.0 10.783 18.566
450.651 60.00 49.1700 100.0 10.824 18.650
450.700 60.00 49.1500 100.0 10.845 18.671
450.751 60.00 49.1500 100.0 10.848 18.630
450.801 60.00 49.1400 100.0 10.862 18.628
450.852 60.00 49.1100 100.0 10.886 18.658
450.902 60.00 49.0900 100.0 10.908 18.679
450.949 60.00 49.0700 100.0 10.927 18.693
451.000 60.00 49.0600 100.0 10.939 18.684
451.050 60.00 49.0400 100.0 10.958 18.698
451.100 60.00 49.0300 100.0 10.966 18.673
451.150 60.00 48.9900 100.0 11.004 18.750
451.199 60.00 48.9900 100.0 11.006 18.709
451.250 60.00 48.9700 100.0 11.028 18.732
451.301 60.00 48.9500 100.0 11.050 18.754
451.351 60.00 48.9000 100.0 11.095 18.854
451.400 60.00 48.9500 100.0 11.052 18.665
451.449 60.00 48.9200 100.0 11.076 18.696
451.500 60.00 48.8700 100.0 11.126 18.812
451.550 60.00 48.8200 100.0 11.175 18.921
451.600 60.00 48.8500 100.0 11.151 18.794
451.650 60.00 48.8100 100.0 11.189 18.871
451.699 60.00 48.8100 100.0 11.192 18.831
451.751 60.00 48.7700 100.0 11.233 18.917
451.801 60.00 48.7500 100.0 11.245 18.908
451.850 60.00 48.7600 100.0 11.235 18.829
451.900 60.00 48.7500 100.0 11.247 18.820
451.950 60.00 48.7200 100.0 11.279 18.875
452.001 60.00 48.7300 100.0 11.269 18.796
452.051 60.00 48.6900 100.0 11.305 18.867
452.100 60.00 48.6400 100.0 11.363 19.008
452.150 60.00 48.6500 100.0 11.349 18.913
452.199 60.00 48.6300 100.0 11.373 18.944
452.250 60.00 48.6100 100.0 11.390 18.952
452.300 60.00 48.5800 100.0 11.421 19.007
452.350 60.00 48.5600 100.0 11.443 19.030
452.400 60.00 48.5200 100.0 11.477 19.093
452.448 60.00 48.5100 100.0 11.491 19.093
452.500 60.00 48.5100 100.0 11.487 19.030
452.550 60.00 48.5000 100.0 11.503 19.038
452.599 60.00 48.4800 100.0 11.516 19.030
452.649 60.00 48.4800 100.0 11.523 19.007
452.698 60.00 48.4300 100.0 11.564 19.093
452.749 60.00 48.4400 100.0 11.559 19.031
452.799 60.00 48.4400 100.0 11.562 18.992
452.849 60.00 48.3900 100.0 11.605 19.088
452.899 60.00 48.3800 100.0 11.620 19.088
452.949 60.00 48.3500 100.0 11.651 19.143
453.000 60.00 48.3400 100.0 11.656 19.113
453.049 60.00 48.3400 100.0 11.654 19.058
453.099 60.00 48.3000 100.0 11.695 19.147
453.149 60.00 48.3000 100.0 11.703 19.124
453.198 60.00 48.2600 100.0 11.734 19.180
453.249 60.00 48.2500 100.0 11.749 19.181
453.299 60.00 48.2200 100.0 11.775 19.221
453.350 60.00 48.2300 100.0 11.768 19.151
453.400 60.00 48.2200 100.0 11.775 19.129
453.449 60.00 48.1900 100.0 11.805 19.177
453.499 60.00 48.1500 100.0 11.846 19.266
453.549 60.00 48.1400 100.0 11.856 19.251
453.599 60.00 48.1400 100.0 11.861 19.221
453.649 60.00 48.1200 100.0 11.883 19.246
453.698 60.00 48.1400 100.0 11.856 19.113
453.749 60.00 48.1000 100.0 11.900 19.210
453.800 60.00 48.0600 100.0 11.936 19.284
453.850 60.00 48.0600 100.0 11.936 19.238
453.899 60.00 48.0300 100.0 11.966 19.287
453.949 60.00 48.0200 100.0 11.978 19.281
453.999 60.00 48.0200 100.0 11.983 19.251
454.049 60.00 47.9100 100.0 12.085 19.539
454.098 60.00 47.9500 100.0 12.049 19.374
454.148 60.00 47.9400 100.0 12.056 19.352
454.198 60.00 47.9300 100.0 12.073 19.362
454.248 60.00 47.9200 100.0 12.083 19.348
454.298 60.00 47.9100 100.0 12.092 19.334
454.348 60.00 47.8700 100.0 12.129 19.408
454.398 60.00 47.8600 100.0 12.137 19.387
454.448 60.00 47.8400 100.0 12.161 19.421
454.499 60.00 47.8300 100.0 12.166 19.392
454.548 60.00 47.8100 100.0 12.188 19.418
454.598 60.00 47.7900 100.0 12.208 19.437
454.648 60.00 47.7700 100.0 12.230 19.463
454.698 60.00 47.7200 100.0 12.274 19.562
454.748 60.00 47.7300 100.0 12.267 19.492
454.798 60.00 47.7300 100.0 12.269 19.455
454.848 60.00 47.7400 100.0 12.257 19.370
454.899 60.00 47.6800 100.0 12.321 19.533
454.948 60.00 47.6500 100.0 12.348 19.576
454.998 60.00 47.6500 100.0 12.345 19.523
455.048 60.00 47.6600 100.0 12.342 19.469
455.098 60.00 47.6000 100.0 12.399 19.609
455.148 60.00 47.6100 100.0 12.387 19.524
455.198 60.00 47.6000 100.0 12.402 19.527
455.248 60.00 47.5800 100.0 12.421 19.547
455.299 60.00 47.5800 100.0 12.419 19.494
455.348 60.00 47.5600 100.0 12.441 19.522
455.398 60.00 47.5300 100.0 12.473 19.581
455.448 60.00 47.5000 100.0 12.502 19.633
455.497 60.00 47.5000 100.0 12.502 19.588
455.547 60.00 47.4600 100.0 12.534 19.648
455.597 60.00 47.4700 100.0 12.527 19.580
455.647 60.00 47.4400 100.0 12.554 19.624
455.698 60.00 47.4500 100.0 12.547 19.556
455.747 60.00 47.4100 100.0 12.586 19.640
455.797 60.00 47.4100 100.0 12.591 19.612
455.847 60.00 47.3800 100.0 12.616 19.648
455.897 60.00 47.4000 100.0 12.601 19.556
455.948 60.00 47.3400 100.0 12.663 19.713
455.996 60.00 47.3400 100.0 12.658 19.653
456.047 60.00 47.3200 100.0 12.675 19.665
456.097 60.00 47.3100 100.0 12.690 19.670
456.147 60.00 47.2600 100.0 12.742 19.795
456.197 60.00 47.3100 100.0 12.690 19.582
456.246 60.00 47.2400 100.0 12.754 19.748
456.297 60.00 47.2400 100.0 12.757 19.713
456.347 60.00 47.2100 100.0 12.784 19.757
456.398 60.00 47.1800 100.0 12.816 19.818
456.448 60.00 47.2000 100.0 12.796 19.710
456.496 60.00 47.2000 100.0 12.799 19.675
456.547 60.00 47.1300 100.0 12.871 19.866
456.597 60.00 47.1500 100.0 12.853 19.765
456.647 60.00 47.1600 100.0 12.838 19.674
456.697 60.00 47.0900 100.0 12.913 19.873
456.746 60.00 47.0900 100.0 12.913 19.830
456.798 60.00 47.0700 100.0 12.928 19.835
456.847 60.00 47.0500 100.0 12.947 19.856
456.897 60.00 47.0500 100.0 12.953 19.829
456.947 60.00 47.0300 100.0 12.967 19.835
456.996 60.00 47.0400 100.0 12.960 19.767
457.046 60.00 46.9800 100.0 13.022 19.926
457.096 60.00 47.0500 100.0 12.953 19.658
457.146 60.00 46.9600 100.0 13.039 19.898
457.197 60.00 46.9500 100.0 13.044 19.871
457.246 60.00 46.8600 100.0 13.139 20.136
457.296 60.00 46.9400 100.0 13.057 19.825
457.346 60.00 46.8800 100.0 13.119 19.985
457.396 60.00 46.8900 100.0 13.109 19.909
457.446 60.00 46.8800 100.0 13.119 19.899
457.495 60.00 46.8800 100.0 13.114 19.841
457.546 60.00 46.8400 100.0 13.161 19.953
457.596 60.00 46.8000 100.0 13.194 20.016
457.647 60.00 46.8000 100.0 13.204 20.005
457.696 60.00 46.8000 100.0 13.201 19.954
457.745 60.00 46.7700 100.0 13.231 20.010
457.796 60.00 46.7900 100.0 13.214 19.910
457.846 60.00 46.7600 100.0 13.238 19.950
457.896 60.00 46.7500 100.0 13.251 19.948
457.946 60.00 46.6900 100.0 13.306 20.085
457.995 60.00 46.7200 100.0 13.276 19.945
458.046 60.00 46.7100 100.0 13.291 19.952
458.096 60.00 46.6800 100.0 13.316 19.991
458.146 60.00 46.6700 100.0 13.331 19.998
458.196 60.00 46.6200 100.0 13.376 20.103
458.246 60.00 46.6100 100.0 13.393 20.118
458.297 60.00 46.6500 100.0 13.346 19.922
458.346 60.00 46.6100 100.0 13.393 20.035
458.396 60.00 46.5800 100.0 13.418 20.074
458.446 60.00 46.5800 100.0 13.418 20.032
458.495 60.00 46.6300 100.0 13.366 19.821
458.545 60.00 46.5600 100.0 13.438 20.016
458.596 60.00 46.5900 100.0 13.408 19.877
458.646 60.00 46.5000 100.0 13.501 20.138
458.696 60.00 46.4900 100.0 13.506 20.113
458.744 60.00 46.5000 100.0 13.503 20.064
458.795 60.00 46.4700 100.0 13.531 20.112
458.845 60.00 46.4400 100.0 13.561 20.169
458.895 60.00 46.4200 100.0 13.578 20.184
458.945 60.00 46.4100 100.0 13.586 20.168
458.994 60.00 46.4100 100.0 13.586 20.127
459.045 60.00 46.4000 100.0 13.601 20.135
459.096 60.00 46.3600 100.0 13.636 20.208
459.146 60.00 46.4100 100.0 13.589 20.012
459.195 60.00 46.3200 100.0 13.676 20.257
459.244 60.00 46.3400 100.0 13.659 20.159
459.295 60.00 46.3300 100.0 13.664 20.135
459.345 60.00 46.2800 100.0 13.717 20.266
459.395 60.00 46.3100 100.0 13.684 20.118
459.445 60.00 46.2500 100.0 13.750 20.291
459.495 60.00 46.2600 100.0 13.737 20.209
459.546 60.00 46.2800 100.0 13.722 20.120
459.595 60.00 46.2300 100.0 13.764 20.218
459.645 60.00 46.2200 100.0 13.782 20.236
459.695 60.00 46.2300 100.0 13.764 20.137
459.744 60.00 46.1700 100.0 13.832 20.319
459.795 60.00 46.1900 100.0 13.810 20.205
459.845 60.00 46.1500 100.0 13.850 20.296
459.896 60.00 46.1900 100.0 13.812 20.133
459.945 60.00 46.1400 100.0 13.860 20.249
459.995 60.00 46.1100 100.0 13.891 20.307
460.045 60.00 46.1200 100.0 13.878 20.226
460.096 60.00 46.0800 100.0 13.923 20.334
460.146 60.00 46.0800 100.0 13.916 20.269
460.194 60.00 46.0200 100.0 13.979 20.434
460.243 60.00 46.0100 100.0 13.989 20.427
460.294 60.00 46.0600 100.0 13.944 20.240
460.344 60.00 46.0300 100.0 13.966 20.273
460.394 60.00 46.0200 100.0 13.981 20.284
460.444 60.00 46.0000 100.0 14.001 20.310
460.493 60.00 45.9600 100.0 14.034 20.377
460.544 60.00 45.9500 100.0 14.052 20.395
460.594 60.00 45.9200 100.0 14.080 20.446
460.645 60.00 45.9400 100.0 14.060 20.341
460.695 60.00 45.9100 100.0 14.088 20.392
460.743 60.00 45.9100 100.0 14.090 20.360
460.794 60.00 45.9000 100.0 14.103 20.362
460.844 60.00 45.8600 100.0 14.135 20.430
460.894 60.00 45.8500 100.0 14.151 20.440
460.944 60.00 45.8400 100.0 14.156 20.418
460.993 60.00 45.8400 100.0 14.161 20.394
461.045 60.00 45.7900 100.0 14.204 20.496
461.095 60.00 45.7900 100.0 14.212 20.481
461.144 60.00 45.7600 100.0 14.235 20.516
461.194 60.00 45.7500 100.0 14.247 20.518
461.243 60.00 45.7500 100.0 14.245 20.471
461.294 60.00 45.7300 100.0 14.267 20.506
461.344 60.00 45.6900 100.0 14.313 20.616
461.394 60.00 45.6900 100.0 14.308 20.560
461.445 60.00 45.7000 100.0 14.303 20.504
461.494 60.00 45.6800 100.0 14.323 20.532
461.544 60.00 45.6600 100.0 14.341 20.551
461.594 60.00 45.6600 100.0 14.341 20.512
461.644 60.00 45.6600 100.0 14.339 20.465
461.694 60.00 45.6400 100.0 14.359 20.493
461.742 60.00 45.6000 100.0 14.400 20.586
461.793 60.00 45.5900 100.0 14.405 20.565
461.844 60.00 45.5800 100.0 14.420 20.576
461.894 60.00 45.5500 100.0 14.445 20.619
461.943 60.00 45.5200 100.0 14.479 20.689
461.993 60.00 45.5400 100.0 14.463 20.600
462.044 60.00 45.5300 100.0 14.474 20.595
462.093 60.00 45.4800 100.0 14.519 20.706
462.143 60.00 45.4900 100.0 14.504 20.618
462.193 60.00 45.4900 100.0 14.509 20.596
462.242 60.00 45.4900 100.0 14.512 20.566
462.293 60.00 45.4700 100.0 14.524 20.570
462.343 60.00 45.4400 100.0 14.555 20.632
462.393 60.00 45.4400 100.0 14.558 20.602
462.444 60.00 45.4100 100.0 14.588 20.663
462.493 60.00 45.3900 100.0 14.609 20.692
462.543 60.00 45.3800 100.0 14.619 20.687
462.593 60.00 45.3500 100.0 14.647 20.741
462.643 60.00 45.3500 100.0 14.650 20.711
462.693 60.00 45.3600 100.0 14.637 20.631
462.742 60.00 45.3300 100.0 14.665 20.685
462.793 60.00 45.3200 100.0 14.680 20.698
462.843 60.00 45.3300 100.0 14.670 20.627
462.894 60.00 45.2800 100.0 14.718 20.747
462.943 60.00 45.2500 100.0 14.752 20.818
462.992 60.00 45.2900 100.0 14.708 20.639
463.043 60.00 45.2300 100.0 14.772 20.809
463.093 60.00 45.2200 100.0 14.783 20.806
463.143 60.00 45.1900 100.0 14.808 20.851
463.193 60.00 45.2000 100.0 14.795 20.771
463.241 60.00 45.1600 100.0 14.834 20.859
463.292 60.00 45.1900 100.0 14.806 20.730
463.343 60.00 45.1600 100.0 14.842 20.809
463.393 60.00 45.1700 100.0 14.829 20.731
463.442 60.00 45.1100 100.0 14.885 20.878
463.491 60.00 45.1300 100.0 14.870 20.790
463.542 60.00 45.1000 100.0 14.899 20.846
463.592 60.00 45.0900 100.0 14.904 20.827
463.642 60.00 45.0700 100.0 14.925 20.857
463.692 60.00 45.0900 100.0 14.904 20.752
463.741 60.00 45.0600 100.0 14.943 20.844
463.793 60.00 45.0300 100.0 14.964 20.875
463.843 60.00 45.0500 100.0 14.946 20.779
463.892 60.00 45.0400 100.0 14.954 20.768
463.942 60.00 45.0000 100.0 14.998 20.875
463.991 60.00 44.9700 100.0 15.029 20.939
464.043 60.00 44.9900 100.0 15.011 20.844
464.092 60.00 44.9500 100.0 15.050 20.932
464.142 60.00 44.9500 100.0 15.047 20.887
464.192 60.00 44.9500 100.0 15.044 20.842
464.241 60.00 44.9000 100.0 15.096 20.973
464.292 60.00 44.8900 100.0 15.106 20.971
464.342 60.00 44.8900 100.0 15.109 20.942
464.392 60.00 44.8800 100.0 15.122 20.947
464.442 60.00 44.8700 100.0 15.127 20.928
464.492 60.00 44.8500 100.0 15.153 20.975
464.542 60.00 44.8700 100.0 15.130 20.864
464.592 60.00 44.8500 100.0 15.148 20.887
464.642 60.00 44.8500 100.0 15.150 20.859
464.692 60.00 44.8000 100.0 15.196 20.974
464.740 60.00 44.7900 100.0 15.204 20.964
464.791 60.00 44.8000 100.0 15.202 20.919
464.841 60.00 44.7600 100.0 15.235 20.992
464.892 60.00 44.7500 100.0 15.251 21.006
464.942 60.00 44.7100 100.0 15.287 21.088
464.990 60.00 44.6900 100.0 15.305 21.111
465.041 60.00 44.7000 100.0 15.303 21.066
465.091 60.00 44.7100 100.0 15.290 20.988
465.141 60.00 44.6800 100.0 15.321 21.053
465.191 60.00 44.6700 100.0 15.334 21.060
465.240 60.00 44.6400 100.0 15.357 21.100
465.291 60.00 44.6300 100.0 15.372 21.114
465.342 60.00 44.5700 100.0 15.424 21.246
465.392 60.00 44.6000 100.0 15.398 21.126
465.441 60.00 44.5900 100.0 15.406 21.116
465.490 60.00 44.6000 100.0 15.404 21.071
465.541 60.00 44.5900 100.0 15.406 21.044
465.591 60.00 44.5600 100.0 15.437 21.110
465.641 60.00 44.5300 100.0 15.466 21.167
465.691 60.00 44.5300 100.0 15.468 21.141
465.740 60.00 44.5300 100.0 15.468 21.105
465.792 60.00 44.4900 100.0 15.507 21.196
465.842 60.00 44.5000 100.0 15.499 21.135
465.891 60.00 44.4900 100.0 15.512 21.142
465.941 60.00 44.4500 100.0 15.546 21.217
465.990 60.00 44.4300 100.0 15.570 21.258
466.042 60.00 44.4300 100.0 15.567 21.214
466.091 60.00 44.4000 100.0 15.598 21.280
466.141 60.00 44.4300 100.0 15.570 21.151
466.191 60.00 44.3900 100.0 15.606 21.235
466.240 60.00 44.4100 100.0 15.588 21.140
466.290 60.00 44.4100 100.0 15.593 21.122
466.340 60.00 44.3800 100.0 15.622 21.181
466.390 60.00 44.3500 100.0 15.650 21.239
466.440 60.00 44.3200 100.0 15.682 21.306
466.490 60.00 44.3300 100.0 15.674 21.245
466.541 60.00 44.3000 100.0 15.700 21.295
466.590 60.00 44.2800 100.0 15.721 21.328
466.640 60.00 44.3000 100.0 15.702 21.233
466.690 60.00 44.2700 100.0 15.726 21.275
466.740 60.00 44.2700 100.0 15.734 21.266
466.790 60.00 44.2300 100.0 15.768 21.342
466.840 60.00 44.2300 100.0 15.765 21.298
466.891 60.00 44.2200 100.0 15.781 21.315
466.940 60.00 44.1700 100.0 15.830 21.441
466.990 60.00 44.1700 100.0 15.828 21.398
467.040 60.00 44.1600 100.0 15.835 21.388
467.090 60.00 44.1600 100.0 15.838 21.362
467.140 60.00 44.1600 100.0 15.843 21.345
467.190 60.00 44.1400 100.0 15.859 21.361
467.240 60.00 44.1000 100.0 15.898 21.454
467.290 60.00 44.1100 100.0 15.888 21.385
467.340 60.00 44.1200 100.0 15.883 21.334
467.390 60.00 44.1000 100.0 15.898 21.351
467.440 60.00 44.0800 100.0 15.919 21.385
467.490 60.00 44.0600 100.0 15.935 21.402
467.540 60.00 44.0400 100.0 15.961 21.453
467.590 60.00 44.0300 100.0 15.966 21.435
467.640 60.00 44.0400 100.0 15.958 21.376
467.690 60.00 43.9700 100.0 16.024 21.555
467.740 60.00 43.9900 100.0 16.013 21.486
467.789 60.00 43.9500 100.0 16.047 21.562
467.840 60.00 44.0000 100.0 16.003 21.383
467.889 60.00 43.9400 100.0 16.061 21.537
467.939 60.00 43.9600 100.0 16.040 21.435
467.989 60.00 43.9100 100.0 16.092 21.571
468.038 60.00 43.9100 100.0 16.087 21.520
468.089 60.00 43.8900 100.0 16.110 21.563
468.139 60.00 43.9400 100.0 16.063 21.375
468.189 60.00 43.8200 100.0 16.179 21.718
468.239 60.00 43.8500 100.0 16.145 21.572
468.288 60.00 43.8400 100.0 16.155 21.572
468.339 60.00 43.8400 100.0 16.158 21.547
468.390 60.00 43.8300 100.0 16.166 21.539
468.440 60.00 43.8400 100.0 16.158 21.479
468.489 60.00 43.8200 100.0 16.179 21.515
468.538 60.00 43.7800 100.0 16.218 21.609
468.589 60.00 43.7400 100.0 16.263 21.721
468.639 60.00 43.7700 100.0 16.231 21.585
468.689 60.00 43.7400 100.0 16.255 21.628
468.739 60.00 43.7400 100.0 16.258 21.603
468.789 60.00 43.7100 100.0 16.286 21.663
468.840 60.00 43.7200 100.0 16.276 21.596
468.889 60.00 43.6600 100.0 16.337 21.760
468.939 60.00 43.6100 100.0 16.387 21.888
468.989 60.00 43.7000 100.0 16.294 21.554
469.038 60.00 43.6700 100.0 16.331 21.641
469.089 60.00 43.6500 100.0 16.352 21.676
469.139 60.00 43.6500 100.0 16.347 21.626
469.190 60.00 43.6300 100.0 16.374 21.679
469.239 60.00 43.6100 100.0 16.392 21.706
469.288 60.00 43.6100 100.0 16.387 21.655
469.338 60.00 43.6000 100.0 16.395 21.648
469.388 60.00 43.5800 100.0 16.416 21.684
469.438 60.00 43.5700 100.0 16.432 21.703
469.488 60.00 43.5200 100.0 16.474 21.807
469.537 60.00 43.5700 100.0 16.429 21.628
469.589 60.00 43.5200 100.0 16.482 21.767
469.639 60.00 43.5200 100.0 16.479 21.726
469.688 60.00 43.5000 100.0 16.500 21.761
469.738 60.00 43.4900 100.0 16.506 21.746
469.787 60.00 43.5000 100.0 16.500 21.696
469.838 60.00 43.4500 100.0 16.553 21.836
469.888 60.00 43.4400 100.0 16.561 21.828
469.938 60.00 43.4600 100.0 16.540 21.726
469.989 60.00 43.4200 100.0 16.577 21.815
470.037 60.00 43.4600 100.0 16.537 21.652
470.089 60.00 43.3800 100.0 16.620 21.887
470.138 60.00 43.4000 100.0 16.598 21.786
470.189 60.00 43.3400 100.0 16.654 21.934
470.239 60.00 43.3900 100.0 16.612 21.763
470.287 60.00 43.3500 100.0 16.649 21.852
470.338 60.00 43.3500 100.0 16.649 21.819
470.388 60.00 43.3200 100.0 16.678 21.882
470.438 60.00 43.3100 100.0 16.691 21.892
470.488 60.00 43.3100 100.0 16.691 21.860
470.537 60.00 43.2900 100.0 16.704 21.871
470.588 60.00 43.2700 100.0 16.726 21.908
470.639 60.00 43.2900 100.0 16.710 21.823
470.688 60.00 43.2700 100.0 16.731 21.861
470.738 60.00 43.2300 100.0 16.774 21.967
470.787 60.00 43.2400 100.0 16.758 21.883
470.837 60.00 43.2400 100.0 16.760 21.859
470.888 60.00 43.2100 100.0 16.789 21.922
470.938 60.00 43.1900 100.0 16.811 21.959
470.988 60.00 43.2100 100.0 16.789 21.858
471.037 60.00 43.1500 100.0 16.851 22.025
471.087 60.00 43.1700 100.0 16.824 21.906
471.137 60.00 43.1200 100.0 16.880 22.056
471.187 60.00 43.1200 100.0 16.880 22.024
471.237 60.00 43.1300 100.0 16.864 21.940
471.286 60.00 43.0900 100.0 16.904 22.038
471.337 60.00 43.1300 100.0 16.872 21.902
471.388 60.00 43.1000 100.0 16.899 21.957
471.438 60.00 43.0900 100.0 16.907 21.951
471.487 60.00 43.0800 100.0 16.923 21.972
471.536 60.00 43.0400 100.0 16.960 22.062
471.587 60.00 43.0300 100.0 16.971 22.065
471.637 60.00 42.9800 100.0 17.016 22.180
471.687 60.00 43.0200 100.0 16.979 22.027
471.737 60.00 42.9800 100.0 17.016 22.116
471.786 60.00 42.9600 100.0 17.037 22.154
471.837 60.00 43.0000 100.0 17.003 22.009
471.888 60.00 42.9900 100.0 17.011 22.004
471.937 60.00 42.9300 100.0 17.067 22.155
471.987 60.00 42.9800 100.0 17.021 21.976
472.036 60.00 42.9400 100.0 17.061 22.075
472.088 60.00 42.9200 100.0 17.075 22.087
472.137 60.00 42.9100 100.0 17.088 22.099
472.187 60.00 42.9200 100.0 17.080 22.042
472.237 60.00 42.8500 100.0 17.153 22.246
472.286 60.00 42.8600 100.0 17.134 22.153
472.336 60.00 42.8400 100.0 17.161 22.209
472.387 60.00 42.8400 100.0 17.163 22.185
472.437 60.00 42.8500 100.0 17.144 22.093
472.486 60.00 42.8000 100.0 17.195 22.228
472.536 60.00 42.8100 100.0 17.190 22.179
472.587 60.00 42.8100 100.0 17.190 22.148
472.636 60.00 42.7900 100.0 17.209 22.178
472.686 60.00 42.7900 100.0 17.209 22.147
472.736 60.00 42.7800 100.0 17.217 22.142
472.785 60.00 42.7400 100.0 17.260 22.251
472.836 60.00 42.7400 100.0 17.257 22.211
472.886 60.00 42.7500 100.0 17.246 22.145
472.936 60.00 42.6900 100.0 17.311 22.324
472.987 60.00 42.7000 100.0 17.297 22.249
473.036 60.00 42.6800 100.0 17.316 22.279
473.086 60.00 42.7100 100.0 17.284 22.143
473.136 60.00 42.6500 100.0 17.351 22.331
473.186 60.00 42.7100 100.0 17.289 22.099
473.236 60.00 42.6400 100.0 17.359 22.296
473.285 60.00 42.6500 100.0 17.346 22.222
473.336 60.00 42.6100 100.0 17.391 22.340
473.387 60.00 42.6000 100.0 17.400 22.336
473.437 60.00 42.6000 100.0 17.394 22.287
473.486 60.00 42.5900 100.0 17.405 22.291
473.535 60.00 42.5900 100.0 17.408 22.270
473.586 60.00 42.5600 100.0 17.440 22.344
473.636 60.00 42.5200 100.0 17.475 22.427
473.686 60.00 42.5500 100.0 17.453 22.326
473.736 60.00 42.4900 100.0 17.513 22.488
473.785 60.00 42.5400 100.0 17.461 22.291
473.837 60.00 42.5200 100.0 17.483 22.331
473.887 60.00 42.4900 100.0 17.510 22.388
473.936 60.00 42.4900 100.0 17.510 22.358
473.986 60.00 42.4400 100.0 17.556 22.477
474.034 60.00 42.4800 100.0 17.515 22.314
474.085 60.00 42.4500 100.0 17.553 22.407
474.135 60.00 42.4200 100.0 17.583 22.473
474.185 60.00 42.4000 100.0 17.599 22.495
474.235 60.00 42.4100 100.0 17.588 22.429
474.284 60.00 42.3900 100.0 17.612 22.478
474.335 60.00 42.3600 100.0 17.634 22.518
474.385 60.00 42.4000 100.0 17.602 22.382
474.436 60.00 42.3700 100.0 17.629 22.440
474.486 60.00 42.3400 100.0 17.658 22.506
474.534 60.00 42.3700 100.0 17.626 22.371
474.585 60.00 42.3300 100.0 17.664 22.465
474.635 60.00 42.3300 100.0 17.669 22.452
474.685 60.00 42.2900 100.0 17.713 22.563
474.735 60.00 42.2800 100.0 17.718 22.550
474.784 60.00 42.2800 100.0 17.723 22.537
474.836 60.00 42.2900 100.0 17.713 22.472
474.886 60.00 42.2500 100.0 17.751 22.566
474.935 60.00 42.2500 100.0 17.748 22.527
474.985 60.00 42.2300 100.0 17.770 22.568
475.034 60.00 42.2300 100.0 17.770 22.538
475.085 60.00 42.2300 100.0 17.772 22.516
475.135 60.00 42.2000 100.0 17.794 22.557
475.185 60.00 42.2000 100.0 17.794 22.528
475.235 60.00 42.2100 100.0 17.786 22.472
475.285 60.00 42.1600 100.0 17.840 22.619
475.335 60.00 42.1600 100.0 17.835 22.571
475.385 60.00 42.1500 100.0 17.848 22.585
475.435 60.00 42.1400 100.0 17.856 22.582
475.485 60.00 42.1400 100.0 17.856 22.553
475.533 60.00 42.1100 100.0 17.892 22.638
475.584 60.00 42.1100 100.0 17.892 22.609
475.634 60.00 42.1000 100.0 17.897 22.597
475.684 60.00 42.0900 100.0 17.911 22.612
475.735 60.00 42.0600 100.0 17.941 22.680
475.784 60.00 42.0600 100.0 17.941 22.650
475.834 60.00 42.0700 100.0 17.932 22.594
475.884 60.00 42.0000 100.0 17.995 22.769
475.934 60.00 42.0500 100.0 17.949 22.588
475.984 60.00 42.0100 100.0 17.984 22.674
476.033 60.00 41.9800 100.0 18.017 22.751
476.084 60.00 41.9800 100.0 18.014 22.712
476.134 60.00 41.9600 100.0 18.039 22.763
476.184 60.00 41.9400 100.0 18.058 22.795
476.234 60.00 41.9500 100.0 18.047 22.730
476.283 60.00 41.9900 100.0 18.009 22.577
476.334 60.00 41.9100 100.0 18.091 22.814
476.385 60.00 41.9300 100.0 18.066 22.705
476.435 60.00 41.9000 100.0 18.099 22.782
476.484 60.00 41.8800 100.0 18.123 22.833
476.533 60.00 41.8800 100.0 18.120 22.795
476.584 60.00 41.8800 100.0 18.120 22.765
476.634 60.00 41.8900 100.0 18.112 22.709
476.684 60.00 41.8700 100.0 18.129 22.734
476.734 60.00 41.8400 100.0 18.161 22.812
476.783 60.00 41.8500 100.0 18.153 22.756
476.835 60.00 41.8300 100.0 18.164 22.763
476.885 60.00 41.8100 100.0 18.191 22.823
476.934 60.00 41.8100 100.0 18.186 22.776
476.984 60.00 41.7800 100.0 18.219 22.854
477.032 60.00 41.7900 100.0 18.211 22.799
477.083 60.00 41.7700 100.0 18.230 22.832
477.133 60.00 41.7600 100.0 18.235 22.821
477.183 60.00 41.7600 100.0 18.238 22.802
477.234 60.00 41.7800 100.0 18.219 22.711
477.282 60.00 41.7300 100.0 18.265 22.834
477.333 60.00 41.6900 100.0 18.309 22.948
477.383 60.00 41.7300 100.0 18.268 22.785
477.433 60.00 41.7100 100.0 18.285 22.810
477.483 60.00 41.7200 100.0 18.279 22.764
477.532 60.00 41.6800 100.0 18.323 22.879
477.584 60.00 41.6500 100.0 18.353 22.948
477.634 60.00 41.6900 100.0 18.306 22.768
477.684 60.00 41.6500 100.0 18.345 22.865
477.733 60.00 41.6300 100.0 18.370 22.917
477.782 60.00 41.6300 100.0 18.364 22.870
477.833 60.00 41.5900 100.0 18.408 22.985
477.883 60.00 41.6200 100.0 18.383 22.876
477.933 60.00 41.5700 100.0 18.433 23.009
477.983 60.00 41.5900 100.0 18.408 22.900
478.033 60.00 41.5600 100.0 18.438 22.970
478.084 60.00 41.5600 100.0 18.435 22.933
478.134 60.00 41.5400 100.0 18.463 22.994
478.183 60.00 41.5200 100.0 18.479 23.019
478.233 60.00 41.5500 100.0 18.452 22.901
478.283 60.00 41.5300 100.0 18.471 22.936
478.334 60.00 41.5100 100.0 18.490 22.971
478.383 60.00 41.4900 100.0 18.504 22.988
478.433 60.00 41.5200 100.0 18.477 22.870
478.483 60.00 41.4800 100.0 18.523 22.995
478.532 60.00 41.4600 100.0 18.540 23.021
478.582 60.00 41.4600 100.0 18.537 22.983
478.632 60.00 41.4400 100.0 18.562 23.036
478.683 60.00 41.4400 100.0 18.559 22.999
478.732 60.00 41.4500 100.0 18.551 22.945
478.781 60.00 41.4000 100.0 18.600 23.078
478.832 60.00 41.4300 100.0 18.570 22.952
478.882 60.00 41.3700 100.0 18.625 23.103
478.932 60.00 41.4300 100.0 18.570 22.897
478.982 60.00 41.4000 100.0 18.598 22.959
479.031 60.00 41.3500 100.0 18.647 23.093
479.082 60.00 41.3600 100.0 18.636 23.029
479.133 60.00 41.3400 100.0 18.658 23.074
479.183 60.00 41.3300 100.0 18.669 23.082
479.232 60.00 41.3200 100.0 18.678 23.081
479.281 60.00 41.3200 100.0 18.678 23.054
479.332 60.00 41.3000 100.0 18.703 23.107
479.382 60.00 41.2900 100.0 18.708 23.098
479.432 60.00 41.2900 100.0 18.714 23.088
479.482 60.00 41.2600 100.0 18.741 23.151
479.531 60.00 41.2400 100.0 18.758 23.177
479.582 60.00 41.2100 100.0 18.788 23.248
479.633 60.00 41.2000 100.0 18.802 23.265
479.683 60.00 41.2300 100.0 18.769 23.130
479.732 60.00 41.2100 100.0 18.791 23.174
479.781 60.00 41.2200 100.0 18.780 23.111
479.832 60.00 41.2000 100.0 18.799 23.147
479.882 60.00 41.1700 100.0 18.833 23.227
479.932 60.00 41.1500 100.0 18.846 23.245
479.983 60.00 41.1500 100.0 18.852 23.236
480.032 60.00 41.1500 100.0 18.846 23.190
480.081 60.00 41.1300 100.0 18.866 23.226
480.132 60.00 41.1200 100.0 18.877 23.235
480.182 60.00 41.1100 100.0 18.885 23.234
480.232 60.00 41.1200 100.0 18.883 23.199
480.281 60.00 41.0800 100.0 18.916 23.280
480.331 60.00 41.0700 100.0 18.924 23.279
480.381 60.00 41.1100 100.0 18.891 23.144
480.431 60.00 41.0500 100.0 18.952 23.316
480.481 60.00 41.0300 100.0 18.968 23.343
480.531 60.00 41.0600 100.0 18.944 23.234
480.581 60.00 40.9700 100.0 19.024 23.469
480.631 60.00 41.0300 100.0 18.966 23.252
480.682 60.00 41.0100 100.0 18.988 23.297
480.732 60.00 41.0100 100.0 18.994 23.289
480.781 60.00 41.0100 100.0 18.994 23.262
480.831 60.00 40.9700 100.0 19.024 23.334
480.881 60.00 40.9700 100.0 19.030 23.326
480.931 60.00 40.9100 100.0 19.091 23.497
480.981 60.00 41.0000 100.0 18.999 23.172
481.031 60.00 40.9300 100.0 19.066 23.362
481.081 60.00 40.9300 100.0 19.066 23.335
481.132 60.00 40.9400 100.0 19.057 23.282
481.182 60.00 40.9100 100.0 19.091 23.364
481.231 60.00 40.9000 100.0 19.102 23.373
481.281 60.00 40.9100 100.0 19.091 23.311
481.331 60.00 40.8800 100.0 19.116 23.366
481.381 60.00 40.8700 100.0 19.130 23.385
481.431 60.00 40.8700 100.0 19.130 23.358
481.481 60.00 40.8700 100.0 19.127 23.323
481.531 60.00 40.8500 100.0 19.149 23.368
481.581 60.00 40.8200 100.0 19.177 23.432
481.631 60.00 40.8300 100.0 19.166 23.370
481.680 60.00 40.8100 100.0 19.188 23.416
481.730 60.00 40.7900 100.0 19.208 23.453
481.780 60.00 40.7600 100.0 19.238 23.526
481.829 60.00 40.7900 100.0 19.214 23.418
481.880 60.00 40.7700 100.0 19.230 23.446
481.930 60.00 40.8000 100.0 19.202 23.329
481.980 60.00 40.7800 100.0 19.222 23.367
482.031 60.00 40.7300 100.0 19.269 23.495
482.080 60.00 40.7100 100.0 19.292 23.541
482.130 60.00 40.7300 100.0 19.269 23.442
482.181 60.00 40.7000 100.0 19.303 23.525
482.231 60.00 40.7300 100.0 19.272 23.399
482.280 60.00 40.6800 100.0 19.320 23.528
482.329 60.00 40.7100 100.0 19.292 23.410
482.380 60.00 40.6300 100.0 19.364 23.621
482.430 60.00 40.6400 100.0 19.359 23.576
482.480 60.00 40.6200 100.0 19.381 23.623
482.530 60.00 40.6300 100.0 19.367 23.550
482.579 60.00 40.6100 100.0 19.384 23.579
482.631 60.00 40.6200 100.0 19.381 23.544
482.680 60.00 40.5800 100.0 19.415 23.627
482.730 60.00 40.6000 100.0 19.398 23.546
482.780 60.00 40.5800 100.0 19.421 23.593
482.829 60.00 40.5600 100.0 19.437 23.621
482.880 60.00 40.5400 100.0 19.460 23.668
482.930 60.00 40.5400 100.0 19.454 23.624
482.980 60.00 40.5200 100.0 19.474 23.662
483.031 60.00 40.5400 100.0 19.460 23.590
483.079 60.00 40.4900 100.0 19.510 23.728
483.129 60.00 40.4800 100.0 19.516 23.720
483.179 60.00 40.4900 100.0 19.510 23.676
483.229 60.00 40.4700 100.0 19.524 23.695
483.279 60.00 40.4400 100.0 19.558 23.779
483.328 60.00 40.4500 100.0 19.550 23.725
483.380 60.00 40.4100 100.0 19.586 23.818
483.430 60.00 40.4200 100.0 19.581 23.773
483.480 60.00 40.4400 100.0 19.564 23.692
483.529 60.00 40.4000 100.0 19.597 23.776
483.578 60.00 40.4000 100.0 19.597 23.750
483.629 60.00 40.4100 100.0 19.586 23.687
483.679 60.00 40.4000 100.0 19.603 23.716
483.729 60.00 40.3600 100.0 19.640 23.810
483.779 60.00 40.3800 100.0 19.614 23.701
483.829 60.00 40.3700 100.0 19.631 23.731
483.880 60.00 40.3000 100.0 19.696 23.916
483.929 60.00 40.3100 100.0 19.688 23.862
483.979 60.00 40.3300 100.0 19.668 23.771
484.029 60.00 40.3200 100.0 19.676 23.773
484.078 60.00 40.2800 100.0 19.718 23.885
484.129 60.00 40.2700 100.0 19.727 23.887
484.179 60.00 40.2700 100.0 19.724 23.852
484.229 60.00 40.2700 100.0 19.730 23.844
484.279 60.00 40.2700 100.0 19.727 23.809
484.328 60.00 40.2100 100.0 19.786 23.976
484.379 60.00 40.2400 100.0 19.764 23.877
484.429 60.00 40.2200 100.0 19.783 23.915
484.479 60.00 40.2200 100.0 19.780 23.880
484.530 60.00 40.2000 100.0 19.798 23.910
484.578 60.00 40.1900 100.0 19.812 23.930
484.628 60.00 40.1600 100.0 19.834 23.978
484.679 60.00 40.1700 100.0 19.832 23.943
484.729 60.00 40.1700 100.0 19.826 23.899
484.778 60.00 40.1600 100.0 19.834 23.901
484.827 60.00 40.1600 100.0 19.837 23.884
484.879 60.00 40.0700 100.0 19.933 24.172
484.929 60.00 40.1200 100.0 19.883 23.980
484.978 60.00 40.1000 100.0 19.899 24.009
485.028 60.00 40.1000 100.0 19.894 23.965
485.077 60.00 40.0800 100.0 19.919 24.022
485.128 60.00 40.0800 100.0 19.917 23.988
485.178 60.00 40.0700 100.0 19.928 23.999
485.228 60.00 40.0400 100.0 19.962 24.084
485.278 60.00 40.0400 100.0 19.959 24.050
485.328 60.00 40.0100 100.0 19.985 24.107
485.379 60.00 40.0000 100.0 19.999 24.127
485.428 60.00 40.0300 100.0 19.973 24.018
485.478 60.00 39.9900 100.0 20.013 24.122
485.528 60.00 40.0000 100.0 20.001 24.059
485.577 60.00 39.9400 100.0 20.061 24.228
485.628 60.00 40.0100 100.0 19.985 23.953
485.678 60.00 39.9900 100.0 20.010 24.011
485.728 60.00 39.9500 100.0 20.044 24.097
485.778 60.00 39.9300 100.0 20.072 24.164
485.828 60.00 39.8800 100.0 20.118 24.286
485.879 60.00 39.9200 100.0 20.081 24.139
485.928 60.00 39.8900 100.0 20.112 24.216
485.978 60.00 39.8700 100.0 20.132 24.255
486.028 60.00 39.8900 100.0 20.109 24.155
486.077 60.00 39.8800 100.0 20.124 24.176
486.127 60.00 39.8200 100.0 20.175 24.317
486.178 60.00 39.8600 100.0 20.144 24.190
486.228 60.00 39.8500 100.0 20.152 24.192
486.277 60.00 39.8100 100.0 20.186 24.278
486.326 60.00 39.8100 100.0 20.192 24.271
486.377 60.00 39.8000 100.0 20.195 24.255
486.427 60.00 39.7800 100.0 20.215 24.294
486.478 60.00 39.7600 100.0 20.238 24.343
486.528 60.00 39.7700 100.0 20.229 24.289
486.576 60.00 39.7500 100.0 20.252 24.338
486.627 60.00 39.7400 100.0 20.255 24.322
486.677 60.00 39.7300 100.0 20.269 24.343
486.727 60.00 39.7000 100.0 20.303 24.428
486.777 60.00 39.7500 100.0 20.252 24.236
486.826 60.00 39.7200 100.0 20.277 24.294
486.877 60.00 39.7000 100.0 20.298 24.335
486.928 60.00 39.7100 100.0 20.286 24.272
486.978 60.00 39.6800 100.0 20.317 24.349
487.027 60.00 39.6500 100.0 20.346 24.417
487.076 60.00 39.6500 100.0 20.346 24.391
487.127 60.00 39.6900 100.0 20.306 24.235
487.177 60.00 39.6400 100.0 20.355 24.370
487.227 60.00 39.6500 100.0 20.352 24.335
487.277 60.00 39.6100 100.0 20.386 24.421
487.326 60.00 39.6300 100.0 20.369 24.340
487.378 60.00 39.5900 100.0 20.412 24.455
487.428 60.00 39.5600 100.0 20.438 24.514
487.477 60.00 39.5900 100.0 20.412 24.404
487.527 60.00 39.5200 100.0 20.475 24.584
487.576 60.00 39.5400 100.0 20.455 24.493
487.627 60.00 39.5300 100.0 20.466 24.506
487.677 60.00 39.5200 100.0 20.475 24.508
487.727 60.00 39.4900 100.0 20.509 24.595
487.777 60.00 39.4800 100.0 20.518 24.597
487.825 60.00 39.4800 100.0 20.524 24.590
487.877 60.00 39.4800 100.0 20.524 24.565
487.927 60.00 39.5400 100.0 20.460 24.335
487.976 60.00 39.4400 100.0 20.558 24.628
488.026 60.00 39.4600 100.0 20.538 24.537
488.075 60.00 39.4300 100.0 20.567 24.605
488.126 60.00 39.4100 100.0 20.592 24.664
488.176 60.00 39.4400 100.0 20.564 24.545
488.226 60.00 39.3700 100.0 20.627 24.726
488.276 60.00 39.4100 100.0 20.587 24.569
488.325 60.00 39.3900 100.0 20.607 24.609
488.376 60.00 39.3900 100.0 20.610 24.594
488.426 60.00 39.3600 100.0 20.636 24.653
488.477 60.00 39.3400 100.0 20.662 24.712
488.527 60.00 39.3400 100.0 20.659 24.677
488.575 60.00 39.2900 100.0 20.705 24.802
488.626 60.00 39.3300 100.0 20.673 24.674
488.676 60.00 39.3100 100.0 20.690 24.705
488.726 60.00 39.2800 100.0 20.722 24.782
488.776 60.00 39.3000 100.0 20.702 24.692
488.825 60.00 39.2100 100.0 20.788 24.948
488.876 60.00 39.2500 100.0 20.748 24.791
488.927 60.00 39.2600 100.0 20.742 24.747
488.977 60.00 39.2500 100.0 20.748 24.741
489.026 60.00 39.2700 100.0 20.728 24.650
489.075 60.00 39.2200 100.0 20.774 24.775
489.126 60.00 39.2300 100.0 20.765 24.722
489.176 60.00 39.2300 100.0 20.771 24.716
489.226 60.00 39.2100 100.0 20.791 24.758
489.276 60.00 39.1900 100.0 20.811 24.798
489.325 60.00 39.1800 100.0 20.823 24.811
489.376 60.00 39.1300 100.0 20.872 24.945
489.426 60.00 39.1600 100.0 20.835 24.798
489.475 60.00 39.1300 100.0 20.866 24.877
489.525 60.00 39.1100 100.0 20.892 24.936
489.574 60.00 39.1300 100.0 20.872 24.845
489.625 60.00 39.1000 100.0 20.901 24.914
489.675 60.00 39.0800 100.0 20.918 24.945
489.725 60.00 39.0800 100.0 20.921 24.930
489.776 60.00 39.1100 100.0 20.887 24.792
489.824 60.00 39.0700 100.0 20.930 24.908
489.875 60.00 39.0700 100.0 20.924 24.865
489.925 60.00 39.0600 100.0 20.942 24.897
489.975 60.00 39.0500 100.0 20.947 24.890
490.025 60.00 39.0500 100.0 20.947 24.866
490.074 60.00 39.0200 100.0 20.979 24.945
490.125 60.00 39.0100 100.0 20.985 24.939
490.176 60.00 39.0000 100.0 21.000 24.962
490.226 60.00 39.0000 100.0 20.997 24.927
490.275 60.00 38.9700 100.0 21.029 25.006
490.324 60.00 38.9900 100.0 21.011 24.925
490.376 60.00 38.9700 100.0 21.026 24.948
490.426 60.00 38.9300 100.0 21.072 25.074
490.476 60.00 38.9600 100.0 21.043 24.955
490.525 60.00 38.9300 100.0 21.072 25.024
490.574 60.00 38.9400 100.0 21.063 24.971
490.625 60.00 38.9000 100.0 21.095 25.051
490.675 60.00 38.9200 100.0 21.084 24.989
490.725 60.00 38.8400 100.0 21.156 25.201
490.775 60.00 38.8800 100.0 21.118 25.052
490.823 60.00 38.8900 100.0 21.110 24.999
490.875 60.00 38.8700 100.0 21.127 25.031
490.924 60.00 38.8400 100.0 21.159 25.111
490.974 60.00 38.8800 100.0 21.118 24.954
491.024 60.00 38.8300 100.0 21.165 25.081
491.073 60.00 38.8400 100.0 21.159 25.038
491.124 60.00 38.7700 100.0 21.229 25.241
491.174 60.00 38.7900 100.0 21.209 25.149
491.224 60.00 38.8000 100.0 21.197 25.087
491.275 60.00 38.8500 100.0 21.150 24.911
491.324 60.00 38.7800 100.0 21.217 25.105
491.374 60.00 38.7300 100.0 21.270 25.252
491.424 60.00 38.7300 100.0 21.264 25.208
491.474 60.00 38.7400 100.0 21.261 25.173
491.524 60.00 38.7600 100.0 21.244 25.092
491.573 60.00 38.7200 100.0 21.276 25.172
491.624 60.00 38.7100 100.0 21.293 25.205
491.674 60.00 38.7200 100.0 21.279 25.133
491.725 60.00 38.6700 100.0 21.325 25.260
491.775 60.00 38.7100 100.0 21.287 25.113
491.823 60.00 38.6700 100.0 21.331 25.231
491.874 60.00 38.6700 100.0 21.328 25.198
491.924 60.00 38.6700 100.0 21.328 25.174
491.974 60.00 38.6300 100.0 21.366 25.273
492.024 60.00 38.6300 100.0 21.372 25.268
492.073 60.00 38.6400 100.0 21.358 25.196
492.125 60.00 38.6300 100.0 21.366 25.200
492.175 60.00 38.6100 100.0 21.384 25.233
492.225 60.00 38.5800 100.0 21.416 25.314
492.274 60.00 38.6000 100.0 21.396 25.223
492.324 60.00 38.5900 100.0 21.407 25.236
492.374 60.00 38.5300 100.0 21.469 25.412
492.423 60.00 38.5600 100.0 21.436 25.283
492.473 60.00 38.5100 100.0 21.489 25.430
492.523 60.00 38.5400 100.0 21.463 25.320
492.573 60.00 38.5100 100.0 21.489 25.382
492.623 60.00 38.4800 100.0 21.521 25.462
492.673 60.00 38.4400 100.0 21.563 25.571
492.724 60.00 38.5000 100.0 21.501 25.345
492.774 60.00 38.5200 100.0 21.483 25.265
492.823 60.00 38.5000 100.0 21.501 25.298
492.873 60.00 38.4500 100.0 21.545 25.417
492.923 60.00 38.4300 100.0 21.571 25.479
492.973 60.00 38.4200 100.0 21.577 25.474
493.023 60.00 38.4300 100.0 21.571 25.430
493.073 60.00 38.4000 100.0 21.598 25.492
493.123 60.00 38.4200 100.0 21.577 25.401
493.174 60.00 38.3800 100.0 21.621 25.520
493.224 60.00 38.3900 100.0 21.607 25.448
493.273 60.00 38.3700 100.0 21.624 25.481
493.323 60.00 38.3600 100.0 21.639 25.505
493.373 60.00 38.3800 100.0 21.621 25.424
493.423 60.00 38.3600 100.0 21.639 25.457
493.473 60.00 38.3500 100.0 21.648 25.462
493.523 60.00 38.3200 100.0 21.674 25.524
493.573 60.00 38.3500 100.0 21.651 25.424
493.624 60.00 38.3100 100.0 21.692 25.533
493.673 60.00 38.3500 100.0 21.654 25.385
493.723 60.00 38.2900 100.0 21.709 25.544
493.773 60.00 38.2800 100.0 21.721 25.558
493.823 60.00 38.2700 100.0 21.730 25.563
493.872 60.00 38.2600 100.0 21.742 25.577
493.922 60.00 38.2500 100.0 21.745 25.563
493.973 60.00 38.2500 100.0 21.751 25.558
494.023 60.00 38.2600 100.0 21.736 25.486
494.072 60.00 38.2100 100.0 21.789 25.635
494.121 60.00 38.2300 100.0 21.768 25.544
494.172 60.00 38.2100 100.0 21.786 25.578
494.222 60.00 38.2100 100.0 21.792 25.573
494.272 60.00 38.2000 100.0 21.795 25.560
494.322 60.00 38.1700 100.0 21.830 25.651
494.371 60.00 38.1600 100.0 21.842 25.665
494.422 60.00 38.1400 100.0 21.854 25.680
494.472 60.00 38.1600 100.0 21.836 25.598
494.522 60.00 38.1200 100.0 21.878 25.710
494.572 60.00 38.1200 100.0 21.883 25.705
494.622 60.00 38.1700 100.0 21.827 25.499
494.673 60.00 38.1300 100.0 21.872 25.620
494.722 60.00 38.0900 100.0 21.913 25.730
494.772 60.00 38.1200 100.0 21.883 25.611
494.822 60.00 38.0800 100.0 21.919 25.703
494.871 60.00 38.1400 100.0 21.860 25.487
494.922 60.00 38.0900 100.0 21.907 25.618
494.972 60.00 38.0600 100.0 21.940 25.700
495.022 60.00 38.0600 100.0 21.937 25.667
495.073 60.00 38.0500 100.0 21.946 25.673
495.122 60.00 38.0300 100.0 21.966 25.717
495.172 60.00 38.0100 100.0 21.990 25.770
495.222 60.00 37.9900 100.0 22.014 25.823
495.272 60.00 38.0000 100.0 21.996 25.742
495.322 60.00 38.0100 100.0 21.990 25.700
495.371 60.00 37.9900 100.0 22.005 25.724
495.421 60.00 37.9800 100.0 22.020 25.750
495.471 60.00 37.9000 100.0 22.097 25.977
495.522 60.00 37.9400 100.0 22.055 25.818
495.571 60.00 37.9300 100.0 22.067 25.833
495.620 60.00 37.9600 100.0 22.040 25.722
495.671 60.00 37.9700 100.0 22.031 25.670
495.721 60.00 37.9200 100.0 22.076 25.792
495.771 60.00 37.9200 100.0 22.079 25.779
495.821 60.00 37.8900 100.0 22.106 25.842
495.870 60.00 37.8800 100.0 22.114 25.848
495.922 60.00 37.9000 100.0 22.103 25.786
495.972 60.00 37.8800 100.0 22.120 25.821
496.022 60.00 37.8800 100.0 22.124 25.808
496.071 60.00 37.8400 100.0 22.159 25.900
496.120 60.00 37.8600 100.0 22.135 25.799
496.171 60.00 37.8300 100.0 22.168 25.883
496.221 60.00 37.8300 100.0 22.171 25.870
496.271 60.00 37.8200 100.0 22.180 25.875
496.321 60.00 37.8200 100.0 22.174 25.833
496.370 60.00 37.8000 100.0 22.198 25.888
496.421 60.00 37.8100 100.0 22.189 25.835
496.471 60.00 37.7900 100.0 22.210 25.880
496.521 60.00 37.7800 100.0 22.216 25.877
496.571 60.00 37.7800 100.0 22.216 25.854
496.620 60.00 37.7500 100.0 22.251 25.948
496.672 60.00 37.7300 100.0 22.266 25.973
496.722 60.00 37.7100 100.0 22.290 26.027
496.771 60.00 37.7400 100.0 22.258 25.897
496.821 60.00 37.7300 100.0 22.269 25.913
496.870 60.00 37.7200 100.0 22.278 25.919
496.920 60.00 37.6500 100.0 22.350 26.129
496.971 60.00 37.6500 100.0 22.353 26.116
497.021 60.00 37.6900 100.0 22.308 25.947
497.071 60.00 37.6800 100.0 22.317 25.953
497.120 60.00 37.7000 100.0 22.302 25.882
497.170 60.00 37.6600 100.0 22.338 25.976
497.220 60.00 37.6300 100.0 22.368 26.050
497.270 60.00 37.6600 100.0 22.341 25.940
497.320 60.00 37.6300 100.0 22.371 26.014
497.369 60.00 37.6100 100.0 22.386 26.040
497.420 60.00 37.6300 100.0 22.365 25.949
497.471 60.00 37.5900 100.0 22.410 26.073
497.521 60.00 37.5900 100.0 22.410 26.050
497.570 60.00 37.5700 100.0 22.433 26.104
497.619 60.00 37.6000 100.0 22.404 25.984
497.670 60.00 37.6000 100.0 22.401 25.952
497.720 60.00 37.5900 100.0 22.410 25.959
497.770 60.00 37.5500 100.0 22.448 26.063
497.820 60.00 37.5200 100.0 22.479 26.138
497.869 60.00 37.5100 100.0 22.487 26.145
497.920 60.00 37.4900 100.0 22.508 26.190
497.971 60.00 37.5000 100.0 22.502 26.147
498.021 60.00 37.5000 100.0 22.496 26.105
498.070 60.00 37.5300 100.0 22.473 26.005
498.119 60.00 37.4700 100.0 22.532 26.177
498.170 60.00 37.4700 100.0 22.529 26.145
498.220 60.00 37.4700 100.0 22.529 26.122
498.270 60.00 37.4300 100.0 22.568 26.226
498.320 60.00 37.4500 100.0 22.551 26.145
498.369 60.00 37.4400 100.0 22.557 26.142
498.419 60.00 37.4300 100.0 22.571 26.169
498.470 60.00 37.4000 100.0 22.602 26.244
498.520 60.00 37.4100 100.0 22.592 26.192
498.570 60.00 37.3900 100.0 22.605 26.208
498.619 60.00 37.3700 100.0 22.626 26.254
498.670 60.00 37.3500 100.0 22.647 26.300
498.719 60.00 37.3500 100.0 22.647 26.277
498.769 60.00 37.3400 100.0 22.662 26.303
498.819 60.00 37.3300 100.0 22.674 26.319
498.868 60.00 37.2900 100.0 22.710 26.414
498.919 60.00 37.3200 100.0 22.683 26.303
498.969 60.00 37.3200 100.0 22.680 26.271
499.019 60.00 37.3400 100.0 22.658 26.179
499.070 60.00 37.2900 100.0 22.713 26.333
499.118 60.00 37.3000 100.0 22.695 26.252
499.169 60.00 37.3000 100.0 22.695 26.230
499.219 60.00 37.2000 100.0 22.794 26.531
499.269 60.00 37.2400 100.0 22.758 26.390
499.319 60.00 37.2400 100.0 22.755 26.358
499.368 60.00 37.2900 100.0 22.713 26.198
499.420 60.00 37.2300 100.0 22.767 26.353
499.470 60.00 37.2300 100.0 22.773 26.350
499.519 60.00 37.2200 100.0 22.779 26.347
499.569 60.00 37.2100 100.0 22.785 26.344
499.618 60.00 37.2300 100.0 22.770 26.273
499.669 60.00 37.2000 100.0 22.803 26.359
499.719 60.00 37.2000 100.0 22.800 26.327
499.769 60.00 37.1800 100.0 22.818 26.364
499.819 60.00 37.1900 100.0 22.809 26.312
499.869 60.00 37.1700 100.0 22.830 26.359
499.920 60.00 37.1800 100.0 22.815 26.288
499.969 60.00 37.1400 100.0 22.863 26.423
500.019 60.00 37.1400 100.0 22.861 26.391
500.069 60.00 37.1100 100.0 22.888 26.458
500.117 60.00 37.1500 100.0 22.851 26.317
500.168 60.00 37.1100 100.0 22.885 26.404
500.218 60.00 37.0900 100.0 22.909 26.460
500.269 60.00 37.1100 100.0 22.888 26.370
500.319 60.00 37.1000 100.0 22.900 26.387
500.367 60.00 37.0400 100.0 22.954 26.542
500.418 60.00 37.0700 100.0 22.933 26.451
500.469 60.00 37.0700 100.0 22.924 26.399
500.519 60.00 37.0600 100.0 22.936 26.417
500.568 60.00 37.0700 100.0 22.927 26.366
500.617 60.00 37.0300 100.0 22.969 26.482
500.668 60.00 37.0100 100.0 22.994 26.539
500.718 60.00 37.0100 100.0 22.988 26.496
500.768 60.00 37.0100 100.0 22.994 26.495
500.818 60.00 37.0300 100.0 22.969 26.394
500.867 60.00 37.0100 100.0 22.988 26.431
500.919 60.00 36.9800 100.0 23.015 26.499
500.969 60.00 36.9300 100.0 23.066 26.644
501.018 60.00 36.9300 100.0 23.066 26.622
501.068 60.00 36.9700 100.0 23.024 26.462
501.117 60.00 36.9700 100.0 23.033 26.470
501.168 60.00 36.9200 100.0 23.076 26.587
501.218 60.00 36.9600 100.0 23.039 26.447
501.268 60.00 36.9300 100.0 23.070 26.524
501.319 60.00 36.9200 100.0 23.076 26.522
501.367 60.00 36.9200 100.0 23.082 26.520
501.418 60.00 36.8900 100.0 23.106 26.578
501.468 60.00 36.8700 100.0 23.124 26.615
501.518 60.00 36.9000 100.0 23.103 26.524
501.568 60.00 36.8900 100.0 23.112 26.532
501.616 60.00 36.8400 100.0 23.155 26.650
501.667 60.00 36.8600 100.0 23.142 26.588
501.718 60.00 36.8600 100.0 23.142 26.566
501.768 60.00 36.8300 100.0 23.173 26.643
501.817 60.00 36.8000 100.0 23.197 26.702
501.866 60.00 36.7700 100.0 23.228 26.779
501.917 60.00 36.8200 100.0 23.176 26.588
501.967 60.00 36.8000 100.0 23.200 26.646
502.017 60.00 36.8300 100.0 23.173 26.535
502.067 60.00 36.7800 100.0 23.222 26.673
502.116 60.00 36.7500 100.0 23.246 26.730
502.168 60.00 36.7900 100.0 23.206 26.579
502.217 60.00 36.7600 100.0 23.237 26.658
502.267 60.00 36.7300 100.0 23.270 26.745
502.318 60.00 36.7300 100.0 23.264 26.704
502.367 60.00 36.7600 100.0 23.240 26.603
502.417 60.00 36.7300 100.0 23.267 26.671
502.467 60.00 36.7000 100.0 23.295 26.739
502.517 60.00 36.6700 100.0 23.325 26.817
502.567 60.00 36.7100 100.0 23.289 26.676
502.616 60.00 36.6900 100.0 23.304 26.704
502.667 60.00 36.6600 100.0 23.334 26.782
502.717 60.00 36.6900 100.0 23.310 26.682
502.768 60.00 36.6700 100.0 23.328 26.720
502.817 60.00 36.6500 100.0 23.353 26.778
502.866 60.00 36.5900 100.0 23.405 26.926
502.917 60.00 36.6000 100.0 23.399 26.884
502.967 60.00 36.6000 100.0 23.399 26.862
503.017 60.00 36.6200 100.0 23.377 26.770
503.067 60.00 36.6000 100.0 23.396 26.809
503.115 60.00 36.6200 100.0 23.377 26.728
503.167 60.00 36.6200 100.0 23.374 26.697
503.216 60.00 36.5900 100.0 23.405 26.776
503.266 60.00 36.5900 100.0 23.411 26.775
503.316 60.00 36.6100 100.0 23.392 26.694
503.365 60.00 36.5300 100.0 23.466 26.912
503.416 60.00 36.5400 100.0 23.457 26.861
503.466 60.00 36.5700 100.0 23.432 26.760
503.516 60.00 36.5500 100.0 23.447 26.788
503.567 60.00 36.5200 100.0 23.475 26.858
503.615 60.00 36.5100 100.0 23.490 26.886
503.666 60.00 36.4900 100.0 23.506 26.915
503.716 60.00 36.4700 100.0 23.530 26.973
503.766 60.00 36.4800 100.0 23.521 26.922
503.816 60.00 36.4900 100.0 23.512 26.871
503.865 60.00 36.5100 100.0 23.484 26.760
503.916 60.00 36.4500 100.0 23.546 26.939
503.967 60.00 36.4600 100.0 23.536 26.888
504.017 60.00 36.5000 100.0 23.500 26.747
504.066 60.00 36.4300 100.0 23.567 26.946
504.115 60.00 36.4700 100.0 23.533 26.815
504.166 60.00 36.4700 100.0 23.527 26.775
504.216 60.00 36.4300 100.0 23.573 26.905
504.266 60.00 36.4200 100.0 23.576 26.893
504.316 60.00 36.3900 100.0 23.610 26.982
504.365 60.00 36.3800 100.0 23.619 26.991
504.416 60.00 36.3900 100.0 23.604 26.921
504.466 60.00 36.3800 100.0 23.622 26.959
504.516 60.00 36.4000 100.0 23.595 26.849
504.566 60.00 36.3500 100.0 23.647 26.998
504.616 60.00 36.3800 100.0 23.619 26.887
504.665 60.00 36.3500 100.0 23.644 26.947
504.715 60.00 36.3300 100.0 23.672 27.016
504.765 60.00 36.3400 100.0 23.662 26.965
504.815 60.00 36.3100 100.0 23.684 27.015
504.865 60.00 36.3100 100.0 23.690 27.014
504.915 60.00 36.3300 100.0 23.669 26.923
504.965 60.00 36.2700 100.0 23.724 27.083
505.016 60.00 36.3000 100.0 23.703 26.992
505.065 60.00 36.2900 100.0 23.706 26.982
505.115 60.00 36.2800 100.0 23.715 26.991
505.165 60.00 36.3000 100.0 23.703 26.930
505.215 60.00 36.2400 100.0 23.758 27.091
505.265 60.00 36.2500 100.0 23.752 27.050
505.315 60.00 36.2700 100.0 23.730 26.959
505.365 60.00 36.2500 100.0 23.749 26.999
505.415 60.00 36.2100 100.0 23.789 27.109
505.466 60.00 36.2200 100.0 23.776 27.048
505.515 60.00 36.1900 100.0 23.807 27.128
505.565 60.00 36.1900 100.0 23.807 27.107
505.615 60.00 36.1900 100.0 23.804 27.077
505.665 60.00 36.1900 100.0 23.814 27.087
505.715 60.00 36.1700 100.0 23.832 27.126
505.765 60.00 36.1600 100.0 23.835 27.115
505.815 60.00 36.1400 100.0 23.860 27.175
505.865 60.00 36.1900 100.0 23.814 27.004
505.916 60.00 36.1600 100.0 23.835 27.054
505.966 60.00 36.1300 100.0 23.872 27.155
506.015 60.00 36.1100 100.0 23.888 27.184
506.065 60.00 36.1100 100.0 23.891 27.174
506.115 60.00 36.0700 100.0 23.931 27.284
506.164 60.00 36.1200 100.0 23.878 27.092
506.214 60.00 36.1000 100.0 23.897 27.132
506.265 60.00 36.1000 100.0 23.903 27.132
506.315 60.00 36.0700 100.0 23.928 27.193
506.365 60.00 36.0600 100.0 23.944 27.223
506.414 60.00 36.0200 100.0 23.974 27.303
506.465 60.00 36.0400 100.0 23.962 27.242
506.515 60.00 36.0200 100.0 23.974 27.262
506.565 60.00 36.0200 100.0 23.974 27.241
506.614 60.00 36.0100 100.0 23.984 27.251
506.663 60.00 36.0100 100.0 23.987 27.240
506.714 60.00 36.0100 100.0 23.984 27.210
506.764 60.00 36.0100 100.0 23.990 27.210
506.814 60.00 35.9900 100.0 24.006 27.241
506.864 60.00 35.9600 100.0 24.036 27.321
506.913 60.00 35.9700 100.0 24.030 27.280
506.965 60.00 35.9500 100.0 24.046 27.310
507.015 60.00 35.9600 100.0 24.043 27.280
507.064 60.00 35.9600 100.0 24.043 27.260
507.114 60.00 35.9500 100.0 24.052 27.270
507.163 60.00 35.9500 100.0 24.049 27.240
507.214 60.00 35.9200 100.0 24.074 27.301
507.264 60.00 35.9200 100.0 24.083 27.311
507.314 60.00 35.9300 100.0 24.071 27.250
507.364 60.00 35.9100 100.0 24.086 27.280
507.414 60.00 35.9200 100.0 24.083 27.251
507.465 60.00 35.9000 100.0 24.102 27.291
507.515 60.00 35.9500 100.0 24.049 27.100
507.564 60.00 35.8500 100.0 24.145 27.394
507.614 60.00 35.8500 100.0 24.148 27.384
507.663 60.00 35.8600 100.0 24.136 27.323
507.713 60.00 35.8700 100.0 24.133 27.294
507.763 60.00 35.8600 100.0 24.136 27.283
507.813 60.00 35.8300 100.0 24.173 27.385
507.863 60.00 35.8100 100.0 24.189 27.416
507.913 60.00 35.7900 100.0 24.204 27.446
507.963 60.00 35.8100 100.0 24.186 27.366
508.013 60.00 35.8300 100.0 24.170 27.294
508.063 60.00 35.7800 100.0 24.214 27.417
508.113 60.00 35.7400 100.0 24.254 27.529
508.162 60.00 35.7400 100.0 24.254 27.508
508.213 60.00 35.8300 100.0 24.170 27.214
508.263 60.00 35.7500 100.0 24.245 27.438
508.314 60.00 35.7900 100.0 24.211 27.307
508.364 60.00 35.7200 100.0 24.282 27.521
508.412 60.00 35.7400 100.0 24.254 27.409
508.463 60.00 35.7300 100.0 24.270 27.440
508.513 60.00 35.7300 100.0 24.264 27.401
508.564 60.00 35.6900 100.0 24.314 27.543
508.614 60.00 35.7000 100.0 24.301 27.482
508.662 60.00 35.6800 100.0 24.317 27.513
508.713 60.00 35.7100 100.0 24.286 27.392
508.763 60.00 35.6900 100.0 24.304 27.433
508.813 60.00 35.6400 100.0 24.358 27.587
508.863 60.00 35.6800 100.0 24.323 27.454
508.912 60.00 35.6700 100.0 24.329 27.455
508.964 60.00 35.6800 100.0 24.323 27.415
509.014 60.00 35.6300 100.0 24.370 27.548
509.064 60.00 35.6400 100.0 24.361 27.498
509.113 60.00 35.6500 100.0 24.348 27.437
509.162 60.00 35.5900 100.0 24.411 27.622
509.212 60.00 35.5700 100.0 24.429 27.663
509.263 60.00 35.6100 100.0 24.389 27.511
509.313 60.00 35.5900 100.0 24.407 27.551
509.362 60.00 35.6000 100.0 24.398 27.502
509.412 60.00 35.5500 100.0 24.451 27.655
509.463 60.00 35.5600 100.0 24.442 27.605
509.513 60.00 35.5400 100.0 24.458 27.636
509.562 60.00 35.5600 100.0 24.439 27.555
509.612 60.00 35.5300 100.0 24.464 27.617
509.661 60.00 35.5500 100.0 24.451 27.556
509.712 60.00 35.5000 100.0 24.499 27.690
509.762 60.00 35.5400 100.0 24.458 27.538
509.812 60.00 35.6000 100.0 24.395 27.315
509.862 60.00 35.5300 100.0 24.473 27.551
509.912 60.00 35.4700 100.0 24.527 27.705
509.963 60.00 35.4800 100.0 24.524 27.675
510.012 60.00 35.4800 100.0 24.517 27.635
510.062 60.00 35.4700 100.0 24.533 27.666
510.112 60.00 35.4800 100.0 24.521 27.606
510.161 60.00 35.4600 100.0 24.539 27.648
510.212 60.00 35.4300 100.0 24.564 27.710
510.262 60.00 35.4300 100.0 24.571 27.711
510.312 60.00 35.4100 100.0 24.590 27.753
510.363 60.00 35.4300 100.0 24.564 27.651
510.411 60.00 35.4600 100.0 24.543 27.561
510.462 60.00 35.4200 100.0 24.577 27.654
510.512 60.00 35.4600 100.0 24.543 27.523
510.563 60.00 35.3700 100.0 24.624 27.770
510.613 60.00 35.3800 100.0 24.618 27.729
510.661 60.00 35.3900 100.0 24.605 27.669
510.711 60.00 35.3600 100.0 24.640 27.763
510.762 60.00 35.3700 100.0 24.631 27.712
510.811 60.00 35.3800 100.0 24.621 27.662
510.861 60.00 35.3400 100.0 24.659 27.766
510.910 60.00 35.3000 100.0 24.703 27.890
510.962 60.00 35.4000 100.0 24.599 27.533
511.012 60.00 35.2900 100.0 24.709 27.872
511.060 60.00 35.2900 100.0 24.706 27.842
511.110 60.00 35.2700 100.0 24.731 27.905
511.159 60.00 35.2900 100.0 24.713 27.824
511.210 60.00 35.2600 100.0 24.741 27.897
511.260 60.00 35.2800 100.0 24.719 27.805
511.309 60.00 35.2600 100.0 24.735 27.837
511.359 60.00 35.2500 100.0 24.753 27.879
511.409 60.00 35.2500 100.0 24.753 27.859
511.460 60.00 35.2900 100.0 24.706 27.686
511.510 60.00 35.2200 100.0 24.776 27.893
511.558 60.00 35.2400 100.0 24.760 27.822
511.608 60.00 35.2200 100.0 24.779 27.865
511.657 60.00 35.2100 100.0 24.791 27.887
511.708 60.00 35.1800 100.0 24.820 27.960
511.758 60.00 35.2000 100.0 24.798 27.868
511.808 60.00 35.1900 100.0 24.814 27.901
511.858 60.00 35.1900 100.0 24.814 27.882
511.907 60.00 35.1500 100.0 24.852 27.986
511.957 60.00 35.1800 100.0 24.820 27.863
512.007 60.00 35.1600 100.0 24.842 27.916
512.057 60.00 35.1300 100.0 24.864 27.969
512.106 60.00 35.1600 100.0 24.836 27.857
512.156 60.00 35.0500 100.0 24.950 28.208
512.206 60.00 35.1400 100.0 24.855 27.879
512.256 60.00 35.1100 100.0 24.889 27.973
512.307 60.00 35.1000 100.0 24.902 27.996
512.356 60.00 35.0800 100.0 24.915 28.017
512.406 60.00 35.0800 100.0 24.915 27.998
512.455 60.00 35.0700 100.0 24.927 28.020
512.505 60.00 35.0800 100.0 24.915 27.959
512.556 60.00 35.0800 100.0 24.918 27.951
512.605 60.00 35.1300 100.0 24.867 27.767
512.654 60.00 35.0500 100.0 24.953 28.027
512.703 60.00 35.0600 100.0 24.943 27.976
512.754 60.00 35.0200 100.0 24.981 28.082
512.804 60.00 35.0200 100.0 24.981 28.062
512.853 60.00 35.0300 100.0 24.972 28.012
512.903 60.00 35.0100 100.0 24.988 28.045
512.952 60.00 34.9900 100.0 25.004 28.077
513.004 60.00 35.0000 100.0 24.997 28.037
513.054 60.00 35.0000 100.0 25.001 28.029
513.102 60.00 34.9600 100.0 25.039 28.134
513.152 60.00 34.9800 100.0 25.020 28.053
513.201 60.00 34.9600 100.0 25.035 28.084
513.252 60.00 34.9700 100.0 25.029 28.045
513.302 60.00 34.9500 100.0 25.045 28.078
513.351 60.00 34.9400 100.0 25.058 28.101
513.401 60.00 34.9700 100.0 25.032 27.999
513.451 60.00 34.9600 100.0 25.039 28.001
513.502 60.00 34.9300 100.0 25.067 28.075
513.551 60.00 34.8900 100.0 25.109 28.191
513.600 60.00 34.9100 100.0 25.093 28.120
513.650 60.00 34.8800 100.0 25.118 28.184
513.699 60.00 34.9200 100.0 25.080 28.040
513.750 60.00 34.9000 100.0 25.102 28.094
513.800 60.00 34.8600 100.0 25.141 28.200
513.851 60.00 34.8700 100.0 25.128 28.140
513.899 60.00 34.8700 100.0 25.125 28.111
513.948 60.00 34.8600 100.0 25.134 28.122
513.999 60.00 34.8300 100.0 25.172 28.228
514.049 60.00 34.8500 100.0 25.153 28.147
514.099 60.00 34.8700 100.0 25.128 28.046
514.148 60.00 34.8400 100.0 25.163 28.141
514.198 60.00 34.8200 100.0 25.176 28.164
514.248 60.00 34.8100 100.0 25.188 28.187
514.298 60.00 34.8200 100.0 25.182 28.147
514.348 60.00 34.7900 100.0 25.204 28.201
514.398 60.00 34.7800 100.0 25.220 28.235
514.447 60.00 34.8100 100.0 25.192 28.122
514.496 60.00 34.7700 100.0 25.227 28.218
514.547 60.00 34.7600 100.0 25.243 28.252
514.597 60.00 34.7500 100.0 25.252 28.264
514.646 60.00 34.7800 100.0 25.224 28.152
514.696 60.00 34.7200 100.0 25.275 28.299
514.745 60.00 34.7400 100.0 25.255 28.218
514.797 60.00 34.7100 100.0 25.291 28.314
514.847 60.00 34.7700 100.0 25.233 28.108
514.895 60.00 34.7200 100.0 25.275 28.225
514.945 60.00 34.7100 100.0 25.291 28.258
514.994 60.00 34.7100 100.0 25.294 28.250
515.045 60.00 34.6900 100.0 25.313 28.294
515.095 60.00 34.6800 100.0 25.320 28.297
515.144 60.00 34.6500 100.0 25.345 28.361
515.195 60.00 34.6100 100.0 25.387 28.478
515.244 60.00 34.6700 100.0 25.326 28.260
515.294 60.00 34.6800 100.0 25.320 28.222
515.344 60.00 34.6600 100.0 25.335 28.256
515.393 60.00 34.6400 100.0 25.358 28.310
515.443 60.00 34.6500 100.0 25.345 28.250
515.492 60.00 34.6500 100.0 25.345 28.232
515.543 60.00 34.6200 100.0 25.374 28.307
515.593 60.00 34.6200 100.0 25.374 28.289
515.643 60.00 34.6100 100.0 25.390 28.323
515.693 60.00 34.6000 100.0 25.396 28.325
515.741 60.00 34.5600 100.0 25.438 28.443
515.792 60.00 34.6000 100.0 25.400 28.299
515.842 60.00 34.5600 100.0 25.435 28.395
515.891 60.00 34.6400 100.0 25.355 28.116
515.941 60.00 34.5500 100.0 25.448 28.401
515.990 60.00 34.5500 100.0 25.451 28.393
516.042 60.00 34.5600 100.0 25.438 28.333
516.092 60.00 34.5500 100.0 25.448 28.346
516.141 60.00 34.5300 100.0 25.473 28.412
516.190 60.00 34.5300 100.0 25.470 28.383
516.240 60.00 34.5100 100.0 25.489 28.428
516.290 60.00 34.5400 100.0 25.454 28.294
516.340 60.00 34.4900 100.0 25.506 28.444
516.390 60.00 34.4900 100.0 25.509 28.436
516.439 60.00 34.5000 100.0 25.502 28.397
516.489 60.00 34.4700 100.0 25.525 28.452
516.538 60.00 34.4400 100.0 25.557 28.538
516.589 60.00 34.4600 100.0 25.541 28.467
516.639 60.00 34.4500 100.0 25.547 28.469
516.689 60.00 34.4400 100.0 25.554 28.472
516.738 60.00 34.4800 100.0 25.522 28.350
516.787 60.00 34.4500 100.0 25.551 28.426
516.838 60.00 34.4100 100.0 25.589 28.533
516.888 60.00 34.4100 100.0 25.592 28.526
516.937 60.00 34.4200 100.0 25.583 28.476
516.987 60.00 34.4300 100.0 25.573 28.426
517.036 60.00 34.4200 100.0 25.583 28.440
517.088 60.00 34.3900 100.0 25.609 28.506
517.137 60.00 34.4100 100.0 25.592 28.436
517.186 60.00 34.3800 100.0 25.615 28.491
517.236 60.00 34.3500 100.0 25.647 28.578
517.285 60.00 34.4100 100.0 25.586 28.360
517.336 60.00 34.3600 100.0 25.637 28.510
517.386 60.00 34.3500 100.0 25.654 28.545
517.436 60.00 34.3500 100.0 25.647 28.506
517.486 60.00 34.3000 100.0 25.699 28.656
517.534 60.00 34.3000 100.0 25.699 28.638
517.585 60.00 34.3200 100.0 25.680 28.556
517.635 60.00 34.3100 100.0 25.692 28.580
517.684 60.00 34.2700 100.0 25.728 28.678
517.734 60.00 34.2500 100.0 25.747 28.722
517.783 60.00 34.3100 100.0 25.689 28.515
517.835 60.00 34.2700 100.0 25.731 28.633
517.885 60.00 34.2800 100.0 25.722 28.584
517.934 60.00 34.2600 100.0 25.738 28.619
517.983 60.00 34.2900 100.0 25.712 28.516
518.032 60.00 34.2400 100.0 25.754 28.635
518.083 60.00 34.2400 100.0 25.764 28.649
518.133 60.00 34.2100 100.0 25.789 28.715
518.183 60.00 34.2200 100.0 25.783 28.676
518.232 60.00 34.2400 100.0 25.764 28.595
518.282 60.00 34.2200 100.0 25.783 28.640
518.332 60.00 34.1800 100.0 25.815 28.727
518.382 60.00 34.3000 100.0 25.702 28.341
518.433 60.00 34.2200 100.0 25.777 28.567
518.482 60.00 34.1800 100.0 25.819 28.686
518.531 60.00 34.1500 100.0 25.848 28.763
518.581 60.00 34.1500 100.0 25.848 28.745
518.631 60.00 34.1400 100.0 25.858 28.758
518.681 60.00 34.1400 100.0 25.858 28.740
518.730 60.00 34.1400 100.0 25.861 28.733
518.780 60.00 34.1300 100.0 25.870 28.746
518.830 60.00 34.1800 100.0 25.819 28.560
518.881 60.00 34.1500 100.0 25.848 28.638
518.931 60.00 34.1400 100.0 25.854 28.641
518.979 60.00 34.1200 100.0 25.883 28.719
519.029 60.00 34.1100 100.0 25.893 28.733
519.078 60.00 34.1000 100.0 25.900 28.735
519.129 60.00 34.1100 100.0 25.890 28.687
519.179 60.00 34.0900 100.0 25.913 28.743
519.228 60.00 34.0900 100.0 25.909 28.714
519.279 60.00 34.0700 100.0 25.929 28.760
519.327 60.00 34.0700 100.0 25.926 28.732
519.378 60.00 34.0700 100.0 25.926 28.714
519.428 60.00 34.0700 100.0 25.932 28.718
519.477 60.00 34.0800 100.0 25.923 28.669
519.527 60.00 34.0300 100.0 25.965 28.789
519.576 60.00 34.0300 100.0 25.971 28.793
519.627 60.00 34.0300 100.0 25.971 28.775
519.677 60.00 34.0100 100.0 25.984 28.800
519.727 60.00 34.0200 100.0 25.978 28.761
519.776 60.00 34.0300 100.0 25.971 28.723
519.825 60.00 33.9900 100.0 26.010 28.832
519.876 60.00 33.9900 100.0 26.007 28.804
519.926 60.00 33.9800 100.0 26.017 28.818
519.975 60.00 34.0200 100.0 25.978 28.674
520.025 60.00 34.0000 100.0 26.001 28.731
520.074 60.00 33.9800 100.0 26.017 28.767
520.126 60.00 33.9900 100.0 26.010 28.729
520.176 60.00 33.9500 100.0 26.052 28.849
520.226 60.00 33.9800 100.0 26.020 28.726
520.274 60.00 33.9600 100.0 26.036 28.762
520.323 60.00 33.9400 100.0 26.062 28.830
520.374 60.00 33.9500 100.0 26.046 28.759
520.424 60.00 33.9400 100.0 26.059 28.785
520.474 60.00 33.8900 100.0 26.111 28.937
520.523 60.00 33.9000 100.0 26.098 28.877
520.573 60.00 33.9300 100.0 26.069 28.764
520.623 60.00 33.8900 100.0 26.111 28.885
520.673 60.00 33.9000 100.0 26.098 28.825
520.723 60.00 33.8800 100.0 26.114 28.861
520.772 60.00 33.8900 100.0 26.111 28.834
520.823 60.00 33.8500 100.0 26.151 28.945
520.871 60.00 33.8600 100.0 26.141 28.895
520.922 60.00 33.8500 100.0 26.151 28.910
520.972 60.00 33.8500 100.0 26.154 28.903
521.021 60.00 33.8500 100.0 26.154 28.886
521.071 60.00 33.8400 100.0 26.163 28.900
521.120 60.00 33.8300 100.0 26.167 28.894
521.172 60.00 33.8200 100.0 26.180 28.919
521.222 60.00 33.8300 100.0 26.170 28.871
521.270 60.00 33.8400 100.0 26.157 28.811
521.320 60.00 33.8000 100.0 26.203 28.943
521.369 60.00 33.8100 100.0 26.190 28.883
521.420 60.00 33.7800 100.0 26.219 28.962
521.470 60.00 33.7600 100.0 26.236 28.999
521.519 60.00 33.7800 100.0 26.216 28.917
521.569 60.00 33.7600 100.0 26.242 28.985
521.619 60.00 33.7400 100.0 26.255 29.011
521.670 60.00 33.7400 100.0 26.258 29.005
521.719 60.00 33.7600 100.0 26.239 28.924
521.768 60.00 33.7800 100.0 26.216 28.832
521.818 60.00 33.7500 100.0 26.249 28.922
521.867 60.00 33.7600 100.0 26.242 28.884
521.918 60.00 33.7500 100.0 26.252 28.900
521.968 60.00 33.7000 100.0 26.298 29.033
522.017 60.00 33.7100 100.0 26.291 28.994
522.068 60.00 33.7200 100.0 26.281 28.945
522.117 60.00 33.7000 100.0 26.301 28.992
522.167 60.00 33.7100 100.0 26.291 28.944
522.217 60.00 33.6700 100.0 26.324 29.033
522.266 60.00 33.6700 100.0 26.331 29.039
522.316 60.00 33.6800 100.0 26.314 28.968
522.365 60.00 33.6700 100.0 26.324 28.983
522.416 60.00 33.6500 100.0 26.350 29.051
522.466 60.00 33.6300 100.0 26.373 29.110
522.516 60.00 33.6300 100.0 26.370 29.081
522.565 60.00 33.6500 100.0 26.353 29.011
522.615 60.00 33.6600 100.0 26.340 28.952
522.665 60.00 33.6000 100.0 26.403 29.138
522.716 60.00 33.5900 100.0 26.406 29.132
522.766 60.00 33.5800 100.0 26.423 29.169
522.814 60.00 33.5800 100.0 26.423 29.152
522.864 60.00 33.6000 100.0 26.399 29.059
522.913 60.00 33.6100 100.0 26.386 29.000
522.964 60.00 33.5700 100.0 26.426 29.112
523.014 60.00 33.5700 100.0 26.429 29.106
523.063 60.00 33.6000 100.0 26.403 29.004
523.113 60.00 33.5400 100.0 26.462 29.180
523.163 60.00 33.6000 100.0 26.399 28.960
523.214 60.00 33.5600 100.0 26.436 29.062
523.263 60.00 33.5600 100.0 26.442 29.066
523.312 60.00 33.5300 100.0 26.465 29.125
523.362 60.00 33.5300 100.0 26.465 29.108
523.411 60.00 33.4900 100.0 26.508 29.231
523.462 60.00 33.5500 100.0 26.449 29.021
523.512 60.00 33.5200 100.0 26.475 29.091
523.561 60.00 33.5100 100.0 26.488 29.117
523.611 60.00 33.5000 100.0 26.502 29.144
523.661 60.00 33.4700 100.0 26.525 29.202
523.711 60.00 33.4800 100.0 26.518 29.164
523.761 60.00 33.4800 100.0 26.518 29.147
523.810 60.00 33.4900 100.0 26.508 29.099
523.860 60.00 33.4800 100.0 26.521 29.125
523.909 60.00 33.4600 100.0 26.538 29.163
523.960 60.00 33.4500 100.0 26.548 29.178
524.010 60.00 33.3900 100.0 26.607 29.356
524.060 60.00 33.4200 100.0 26.574 29.231
524.110 60.00 33.4200 100.0 26.574 29.214
524.158 60.00 33.4100 100.0 26.584 29.230
524.209 60.00 33.4400 100.0 26.561 29.138
524.259 60.00 33.4000 100.0 26.600 29.251
524.308 60.00 33.3700 100.0 26.624 29.310
524.358 60.00 33.3800 100.0 26.614 29.261
524.407 60.00 33.4000 100.0 26.598 29.192
524.459 60.00 33.3700 100.0 26.624 29.260
524.508 60.00 33.4100 100.0 26.584 29.115
524.558 60.00 33.3500 100.0 26.644 29.293
524.607 60.00 33.3600 100.0 26.643 29.275
524.657 60.00 33.3600 100.0 26.637 29.238
524.707 60.00 33.3500 100.0 26.647 29.255
524.757 60.00 33.2900 100.0 26.710 29.443
524.807 60.00 33.2700 100.0 26.730 29.492
524.856 60.00 33.3700 100.0 26.624 29.130
524.906 60.00 33.3100 100.0 26.690 29.329
524.956 60.00 33.2800 100.0 26.724 29.420
525.006 60.00 33.3400 100.0 26.660 29.198
525.057 60.00 33.2800 100.0 26.714 29.357
525.106 60.00 33.2600 100.0 26.741 29.427
525.155 60.00 33.2300 100.0 26.765 29.488
525.204 60.00 33.2700 100.0 26.724 29.339
525.255 60.00 33.3600 100.0 26.635 29.032
525.305 60.00 33.2800 100.0 26.714 29.275
525.354 60.00 33.2000 100.0 26.798 29.533
525.405 60.00 33.2200 100.0 26.775 29.439
525.454 60.00 33.2500 100.0 26.748 29.335
525.504 60.00 33.1900 100.0 26.808 29.516
525.554 60.00 33.2100 100.0 26.792 29.445
525.603 60.00 33.2100 100.0 26.785 29.407
525.653 60.00 33.1800 100.0 26.822 29.511
525.702 60.00 33.2200 100.0 26.775 29.340
525.753 60.00 33.1400 100.0 26.856 29.587
525.803 60.00 33.1200 100.0 26.882 29.655
525.853 60.00 33.1600 100.0 26.842 29.509
525.903 60.00 33.1300 100.0 26.866 29.568
525.951 60.00 33.1400 100.0 26.856 29.519
526.002 60.00 33.1600 100.0 26.835 29.436
526.052 60.00 33.1300 100.0 26.866 29.518
526.101 60.00 33.0900 100.0 26.912 29.653
526.151 60.00 33.1300 100.0 26.866 29.484
526.200 60.00 33.1400 100.0 26.859 29.446
526.251 60.00 33.1100 100.0 26.889 29.528
526.302 60.00 33.1200 100.0 26.875 29.467
526.350 60.00 33.1000 100.0 26.899 29.527
526.400 60.00 33.0800 100.0 26.922 29.587
526.450 60.00 33.1000 100.0 26.896 29.484
526.501 60.00 33.0700 100.0 26.932 29.586
526.551 60.00 33.0700 100.0 26.926 29.548
526.600 60.00 33.0600 100.0 26.939 29.575
526.649 60.00 33.0700 100.0 26.926 29.515
526.698 60.00 32.9900 100.0 27.012 29.780
526.749 60.00 33.0900 100.0 26.912 29.438
526.799 60.00 33.0000 100.0 26.999 29.704
526.849 60.00 33.0500 100.0 26.945 29.514
526.899 60.00 33.0400 100.0 26.959 29.541
526.948 60.00 33.0200 100.0 26.975 29.579
526.998 60.00 33.0200 100.0 26.979 29.574
527.048 60.00 33.0300 100.0 26.972 29.537
527.098 60.00 32.9900 100.0 27.009 29.640
527.147 60.00 32.9600 100.0 27.042 29.731
527.197 60.00 32.9900 100.0 27.009 29.606
527.246 60.00 32.9600 100.0 27.036 29.676
527.297 60.00 32.9400 100.0 27.059 29.736
527.348 60.00 32.9500 100.0 27.045 29.675
527.397 60.00 32.9900 100.0 27.012 29.550
527.446 60.00 32.9900 100.0 27.009 29.524
527.495 60.00 32.9500 100.0 27.045 29.627
527.546 60.00 32.9400 100.0 27.056 29.645
527.596 60.00 32.9600 100.0 27.036 29.563
527.645 60.00 32.9600 100.0 27.042 29.568
527.695 60.00 32.9300 100.0 27.066 29.629
527.744 60.00 32.9500 100.0 27.052 29.570
527.796 60.00 32.9200 100.0 27.082 29.651
527.846 60.00 32.9700 100.0 27.029 29.462
527.895 60.00 32.9200 100.0 27.082 29.620
527.944 60.00 32.9000 100.0 27.102 29.670
527.993 60.00 32.8800 100.0 27.123 29.719
528.044 60.00 32.8900 100.0 27.106 29.648
528.094 60.00 32.8700 100.0 27.126 29.698
528.143 60.00 32.8800 100.0 27.123 29.671
528.193 60.00 32.8800 100.0 27.123 29.655
528.243 60.00 32.8600 100.0 27.143 29.704
528.294 60.00 32.8400 100.0 27.163 29.753
528.343 60.00 32.8800 100.0 27.119 29.596
528.392 60.00 32.8500 100.0 27.153 29.689
528.443 60.00 32.8300 100.0 27.173 29.739
528.492 60.00 32.8000 100.0 27.196 29.799
528.542 60.00 32.8100 100.0 27.190 29.761
528.592 60.00 32.8300 100.0 27.173 29.690
528.641 60.00 32.7900 100.0 27.213 29.806
528.691 60.00 32.8300 100.0 27.169 29.648
528.740 60.00 32.8000 100.0 27.196 29.720
528.791 60.00 32.8000 100.0 27.196 29.704
528.842 60.00 32.8100 100.0 27.193 29.677
528.892 60.00 32.7600 100.0 27.240 29.814
528.940 60.00 32.7700 100.0 27.230 29.766
528.990 60.00 32.8000 100.0 27.199 29.651
529.040 60.00 32.7600 100.0 27.237 29.756
529.090 60.00 32.7700 100.0 27.233 29.729
529.140 60.00 32.7900 100.0 27.210 29.637
529.189 60.00 32.7600 100.0 27.243 29.731
529.240 60.00 32.7600 100.0 27.240 29.705
529.288 60.00 32.6600 100.0 27.334 29.995
529.339 60.00 32.7300 100.0 27.273 29.782
529.389 60.00 32.7300 100.0 27.273 29.766
529.438 60.00 32.6700 100.0 27.331 29.936
529.488 60.00 32.7300 100.0 27.270 29.723
529.537 60.00 32.7200 100.0 27.280 29.741
529.588 60.00 32.7000 100.0 27.297 29.780
529.639 60.00 32.8000 100.0 27.203 29.458
529.688 60.00 32.7000 100.0 27.300 29.761
529.737 60.00 32.6600 100.0 27.337 29.866
529.786 60.00 32.6900 100.0 27.307 29.752
529.837 60.00 32.6600 100.0 27.341 29.846
529.887 60.00 32.6400 100.0 27.354 29.874
529.936 60.00 32.6500 100.0 27.351 29.847
529.986 60.00 32.6300 100.0 27.371 29.897
530.036 60.00 32.6300 100.0 27.364 29.860
530.087 60.00 32.6000 100.0 27.395 29.943
530.136 60.00 32.6400 100.0 27.358 29.807
530.185 60.00 32.6000 100.0 27.395 29.912
530.235 60.00 32.6100 100.0 27.384 29.863
530.284 60.00 32.5800 100.0 27.415 29.946
530.335 60.00 32.5800 100.0 27.418 29.941
530.385 60.00 32.6100 100.0 27.388 29.827
530.435 60.00 32.5600 100.0 27.438 29.976
530.485 60.00 32.6100 100.0 27.391 29.806
530.533 60.00 32.5600 100.0 27.438 29.945
530.584 60.00 32.6000 100.0 27.401 29.809
530.635 60.00 32.5700 100.0 27.432 29.892
530.683 60.00 32.5300 100.0 27.469 29.997
530.733 60.00 32.5600 100.0 27.442 29.894
530.782 60.00 32.5600 100.0 27.442 29.879
530.833 60.00 32.5400 100.0 27.455 29.907
530.883 60.00 32.5500 100.0 27.445 29.859
530.933 60.00 32.5300 100.0 27.465 29.910
530.983 60.00 32.4600 100.0 27.536 30.125
531.032 60.00 32.5000 100.0 27.499 29.988
531.082 60.00 32.5200 100.0 27.476 29.896
531.132 60.00 32.5000 100.0 27.496 29.947
531.182 60.00 32.5300 100.0 27.465 29.832
531.231 60.00 32.5100 100.0 27.489 29.894
531.281 60.00 32.4800 100.0 27.519 29.978
531.331 60.00 32.5000 100.0 27.499 29.897
531.382 60.00 32.4800 100.0 27.519 29.948
531.431 60.00 32.5000 100.0 27.499 29.867
531.480 60.00 32.4400 100.0 27.557 30.039
531.530 60.00 32.4600 100.0 27.543 29.980
531.579 60.00 32.4600 100.0 27.536 29.942
531.630 60.00 32.5000 100.0 27.499 29.806
531.680 60.00 32.4000 100.0 27.597 30.110
531.729 60.00 32.3900 100.0 27.611 30.139
531.780 60.00 32.4300 100.0 27.570 29.991
531.828 60.00 32.4400 100.0 27.557 29.932
531.879 60.00 32.4300 100.0 27.567 29.950
531.929 60.00 32.4300 100.0 27.570 29.946
531.978 60.00 32.4600 100.0 27.543 29.844
532.028 60.00 32.4300 100.0 27.574 29.928
532.077 60.00 32.3900 100.0 27.611 30.035
532.128 60.00 32.4000 100.0 27.601 29.987
532.179 60.00 32.4400 100.0 27.564 29.851
532.228 60.00 32.4000 100.0 27.601 29.957
532.277 60.00 32.4100 100.0 27.587 29.898
532.326 60.00 32.3700 100.0 27.624 30.005
532.377 60.00 32.4000 100.0 27.601 29.913
532.427 60.00 32.3100 100.0 27.689 30.185
532.476 60.00 32.3400 100.0 27.655 30.059
532.526 60.00 32.3200 100.0 27.682 30.132
532.575 60.00 32.3500 100.0 27.652 30.018
532.626 60.00 32.3000 100.0 27.702 30.168
532.676 60.00 32.3200 100.0 27.679 30.076
532.725 60.00 32.3200 100.0 27.682 30.072
532.776 60.00 32.2800 100.0 27.723 30.189
532.825 60.00 32.3100 100.0 27.689 30.063
532.875 60.00 32.3100 100.0 27.689 30.048
532.925 60.00 32.2900 100.0 27.706 30.089
532.975 60.00 32.2800 100.0 27.716 30.107
533.024 60.00 32.3000 100.0 27.699 30.038
533.073 60.00 32.2900 100.0 27.713 30.067
533.124 60.00 32.2800 100.0 27.723 30.085
533.174 60.00 32.2800 100.0 27.719 30.059
533.225 60.00 32.2700 100.0 27.726 30.067
533.273 60.00 32.2600 100.0 27.736 30.085
533.323 60.00 32.2800 100.0 27.723 30.026
533.373 60.00 32.2700 100.0 27.726 30.023
533.423 60.00 32.2200 100.0 27.781 30.186
533.473 60.00 32.2700 100.0 27.726 29.994
533.522 60.00 32.2200 100.0 27.777 30.145
533.572 60.00 32.2200 100.0 27.781 30.142
533.622 60.00 32.2700 100.0 27.730 29.961
533.672 60.00 32.2000 100.0 27.798 30.169
533.722 60.00 32.2100 100.0 27.784 30.109
533.771 60.00 32.1900 100.0 27.804 30.161
533.821 60.00 32.2200 100.0 27.774 30.047
533.870 60.00 32.1700 100.0 27.828 30.210
533.921 60.00 32.2200 100.0 27.777 30.029
533.971 60.00 32.2000 100.0 27.801 30.092
534.021 60.00 32.1800 100.0 27.815 30.122
534.071 60.00 32.1500 100.0 27.852 30.230
534.119 60.00 32.1600 100.0 27.839 30.170
534.170 60.00 32.2000 100.0 27.801 30.034
534.220 60.00 32.1500 100.0 27.849 30.175
534.269 60.00 32.1400 100.0 27.862 30.205
534.319 60.00 32.1600 100.0 27.835 30.102
534.369 60.00 32.1300 100.0 27.869 30.199
534.420 60.00 32.1400 100.0 27.862 30.161
534.470 60.00 32.1500 100.0 27.845 30.092
534.518 60.00 32.1200 100.0 27.883 30.200
534.568 60.00 32.1000 100.0 27.897 30.229
534.618 60.00 32.1100 100.0 27.890 30.193
534.669 60.00 32.0800 100.0 27.920 30.278
534.718 60.00 32.1100 100.0 27.890 30.164
534.767 60.00 32.0900 100.0 27.907 30.205
534.817 60.00 32.0900 100.0 27.914 30.213
534.866 60.00 32.0400 100.0 27.955 30.332
534.917 60.00 32.0700 100.0 27.924 30.217
534.967 60.00 32.0900 100.0 27.907 30.147
535.016 60.00 32.0300 100.0 27.965 30.322
535.067 60.00 32.0600 100.0 27.934 30.208
535.115 60.00 32.0500 100.0 27.951 30.248
535.166 60.00 32.0100 100.0 27.986 30.346
535.216 60.00 32.1000 100.0 27.897 30.042
535.266 60.00 32.0100 100.0 27.992 30.339
535.315 60.00 32.0000 100.0 27.999 30.347
535.365 60.00 32.0000 100.0 27.996 30.321
535.415 60.00 32.0500 100.0 27.948 30.151
535.466 60.00 31.9800 100.0 28.016 30.360
535.515 60.00 32.0100 100.0 27.992 30.267
535.564 60.00 32.0200 100.0 27.979 30.208
535.614 60.00 32.0300 100.0 27.968 30.161
535.663 60.00 32.0100 100.0 27.986 30.203
535.714 60.00 31.9800 100.0 28.023 30.312
535.764 60.00 31.9800 100.0 28.016 30.275
535.813 60.00 31.9900 100.0 28.009 30.239
535.864 60.00 31.9900 100.0 28.006 30.213
535.912 60.00 31.9500 100.0 28.047 30.333
535.963 60.00 31.9600 100.0 28.037 30.286
536.013 60.00 31.9300 100.0 28.071 30.383
536.062 60.00 31.9700 100.0 28.033 30.246
536.112 60.00 31.9400 100.0 28.061 30.321
536.161 60.00 31.9400 100.0 28.057 30.296
536.212 60.00 31.9300 100.0 28.071 30.326
536.262 60.00 31.9400 100.0 28.054 30.257
536.312 60.00 31.9100 100.0 28.088 30.354
536.362 60.00 31.8700 100.0 28.126 30.463
536.410 60.00 31.9500 100.0 28.047 30.192
536.461 60.00 31.8900 100.0 28.112 30.390
536.512 60.00 31.8900 100.0 28.109 30.364
536.561 60.00 31.8700 100.0 28.126 30.406
536.610 60.00 31.8600 100.0 28.143 30.448
536.659 60.00 31.8700 100.0 28.129 30.389
536.710 60.00 31.9300 100.0 28.064 30.163
536.760 60.00 31.8500 100.0 28.150 30.429
536.809 60.00 31.8200 100.0 28.181 30.515
536.859 60.00 31.8300 100.0 28.167 30.456
536.908 60.00 31.8100 100.0 28.184 30.497
536.960 60.00 31.8500 100.0 28.150 30.371
537.010 60.00 31.8500 100.0 28.153 30.368
537.058 60.00 31.8600 100.0 28.143 30.321
537.108 60.00 31.8000 100.0 28.198 30.486
537.157 60.00 31.8000 100.0 28.195 30.460
537.208 60.00 31.8300 100.0 28.167 30.357
537.258 60.00 31.7900 100.0 28.205 30.466
537.308 60.00 31.7700 100.0 28.226 30.520
537.358 60.00 31.8300 100.0 28.167 30.315
537.406 60.00 31.7600 100.0 28.236 30.525
537.457 60.00 31.7800 100.0 28.222 30.466
537.507 60.00 31.7900 100.0 28.212 30.418
537.557 60.00 31.8000 100.0 28.202 30.371
537.606 60.00 31.7600 100.0 28.239 30.481
537.656 60.00 31.7600 100.0 28.239 30.467
537.706 60.00 31.7600 100.0 28.236 30.442
537.757 60.00 31.7300 100.0 28.267 30.529
537.806 60.00 31.7500 100.0 28.253 30.470
537.855 60.00 31.7300 100.0 28.270 30.511
537.905 60.00 31.7300 100.0 28.270 30.497
537.954 60.00 31.7500 100.0 28.246 30.405
538.005 60.00 31.7400 100.0 28.257 30.425
538.055 60.00 31.7300 100.0 28.270 30.456
538.105 60.00 31.6900 100.0 28.305 30.555
538.155 60.00 31.7200 100.0 28.274 30.440
538.203 60.00 31.7100 100.0 28.288 30.472
538.254 60.00 31.7100 100.0 28.288 30.458
538.304 60.00 31.6900 100.0 28.308 30.512
538.353 60.00 31.6900 100.0 28.305 30.487
538.403 60.00 31.6600 100.0 28.336 30.574
538.452 60.00 31.6900 100.0 28.312 30.482
538.504 60.00 31.7000 100.0 28.301 30.434
538.553 60.00 31.6900 100.0 28.305 30.432
538.602 60.00 31.6700 100.0 28.329 30.498
538.652 60.00 31.6600 100.0 28.343 30.528
538.702 60.00 31.6600 100.0 28.339 30.504
538.753 60.00 31.6400 100.0 28.363 30.569
538.802 60.00 31.6500 100.0 28.346 30.499
538.851 60.00 31.5900 100.0 28.405 30.676
538.901 60.00 31.6100 100.0 28.391 30.617
538.950 60.00 31.6100 100.0 28.384 30.581
539.001 60.00 31.6000 100.0 28.398 30.612
539.051 60.00 31.6200 100.0 28.381 30.542
539.100 60.00 31.6400 100.0 28.363 30.472
539.151 60.00 31.6400 100.0 28.363 30.459
539.199 60.00 31.6000 100.0 28.402 30.570
539.250 60.00 31.6000 100.0 28.398 30.545
539.300 60.00 31.6000 100.0 28.402 30.543
539.350 60.00 31.5600 100.0 28.443 30.664
539.399 60.00 31.5800 100.0 28.422 30.583
539.448 60.00 31.5900 100.0 28.412 30.536
539.500 60.00 31.5600 100.0 28.440 30.612
539.550 60.00 31.5900 100.0 28.412 30.509
539.599 60.00 31.6200 100.0 28.377 30.384
539.648 60.00 31.5400 100.0 28.457 30.629
539.698 60.00 31.5600 100.0 28.436 30.548
539.748 60.00 31.5200 100.0 28.474 30.659
539.798 60.00 31.5300 100.0 28.467 30.623
539.848 60.00 31.5500 100.0 28.447 30.541
539.898 60.00 31.5300 100.0 28.467 30.597
539.948 60.00 31.5100 100.0 28.488 30.650
539.996 60.00 31.5300 100.0 28.471 30.581
540.047 60.00 31.5100 100.0 28.485 30.613
540.097 60.00 31.5100 100.0 28.485 30.599
540.146 60.00 31.4800 100.0 28.516 30.687
540.196 60.00 31.4700 100.0 28.526 30.707
540.245 60.00 31.4900 100.0 28.505 30.626
540.297 60.00 31.5200 100.0 28.478 30.523
540.346 60.00 31.5300 100.0 28.471 30.488
540.395 60.00 31.4900 100.0 28.505 30.587
540.445 60.00 31.4900 100.0 28.505 30.574
540.495 60.00 31.4700 100.0 28.530 30.640
540.546 60.00 31.4600 100.0 28.540 30.661
540.595 60.00 31.4800 100.0 28.519 30.581
540.644 60.00 31.4800 100.0 28.523 30.579
540.694 60.00 31.4600 100.0 28.537 30.611
540.743 60.00 31.4600 100.0 28.544 30.621
540.794 60.00 31.4400 100.0 28.558 30.653
540.844 60.00 31.4500 100.0 28.551 30.617
540.893 60.00 31.4400 100.0 28.558 30.627
540.944 60.00 31.4300 100.0 28.564 30.636
540.992 60.00 31.3600 100.0 28.637 30.861
541.043 60.00 31.4600 100.0 28.537 30.520
541.093 60.00 31.4500 100.0 28.551 30.552
541.142 60.00 31.4200 100.0 28.582 30.641
541.192 60.00 31.4300 100.0 28.564 30.572
541.241 60.00 31.4100 100.0 28.585 30.627
541.293 60.00 31.4000 100.0 28.596 30.649
541.343 60.00 31.4200 100.0 28.582 30.590
541.391 60.00 31.3700 100.0 28.631 30.736
541.441 60.00 31.3500 100.0 28.648 30.779
541.490 60.00 31.4300 100.0 28.571 30.517
541.541 60.00 31.3400 100.0 28.662 30.799
541.591 60.00 31.3500 100.0 28.648 30.741
541.641 60.00 31.3300 100.0 28.665 30.784
541.690 60.00 31.3900 100.0 28.606 30.579
541.740 60.00 31.3300 100.0 28.665 30.758
541.790 60.00 31.3400 100.0 28.658 30.723
541.841 60.00 31.3700 100.0 28.631 30.619
541.890 60.00 31.3300 100.0 28.672 30.742
541.939 60.00 31.3400 100.0 28.662 30.695
541.989 60.00 31.3600 100.0 28.641 30.615
542.038 60.00 31.3600 100.0 28.641 30.603
542.089 60.00 31.3400 100.0 28.655 30.636
542.139 60.00 31.3100 100.0 28.686 30.725
542.188 60.00 31.2900 100.0 28.711 30.792
542.239 60.00 31.3100 100.0 28.686 30.699
542.287 60.00 31.3300 100.0 28.669 30.630
542.338 60.00 31.2900 100.0 28.704 30.732
542.388 60.00 31.3100 100.0 28.690 30.673
542.437 60.00 31.2600 100.0 28.735 30.808
542.487 60.00 31.2800 100.0 28.718 30.739
542.536 60.00 31.2600 100.0 28.742 30.805
542.587 60.00 31.2100 100.0 28.784 30.928
542.637 60.00 31.2300 100.0 28.770 30.870
542.686 60.00 31.2600 100.0 28.742 30.766
542.736 60.00 31.2300 100.0 28.766 30.832
542.785 60.00 31.2300 100.0 28.773 30.842
542.837 60.00 31.2400 100.0 28.759 30.784
542.886 60.00 31.2300 100.0 28.770 30.806
542.935 60.00 31.2100 100.0 28.791 30.861
542.985 60.00 31.2100 100.0 28.784 30.825
543.034 60.00 31.2000 100.0 28.794 30.846
543.085 60.00 31.2100 100.0 28.784 30.800
543.135 60.00 31.2500 100.0 28.752 30.685
543.184 60.00 31.2100 100.0 28.784 30.775
543.235 60.00 31.1200 100.0 28.878 31.069
543.284 60.00 31.1700 100.0 28.826 30.885
543.334 60.00 31.1900 100.0 28.805 30.804
543.384 60.00 31.1600 100.0 28.843 30.917
543.433 60.00 31.1600 100.0 28.843 30.904
543.483 60.00 31.1600 100.0 28.836 30.868
543.532 60.00 31.1800 100.0 28.819 30.798
543.583 60.00 31.1700 100.0 28.826 30.809
543.633 60.00 31.1400 100.0 28.857 30.899
543.683 60.00 31.1200 100.0 28.875 30.943
543.733 60.00 31.1200 100.0 28.875 30.930
543.781 60.00 31.1400 100.0 28.861 30.871
543.832 60.00 31.1200 100.0 28.875 30.905
543.882 60.00 31.1200 100.0 28.875 30.892
543.932 60.00 31.1100 100.0 28.885 30.914
543.981 60.00 31.1300 100.0 28.871 30.855
544.031 60.00 31.1000 100.0 28.896 30.922
544.081 60.00 31.0700 100.0 28.927 31.012
544.132 60.00 31.1200 100.0 28.878 30.840
544.181 60.00 31.0800 100.0 28.920 30.964
544.230 60.00 31.1300 100.0 28.871 30.792
544.280 60.00 31.1300 100.0 28.871 30.780
544.329 60.00 31.0600 100.0 28.934 30.973
544.380 60.00 31.1000 100.0 28.903 30.858
544.430 60.00 31.1100 100.0 28.892 30.812
544.480 60.00 31.1100 100.0 28.885 30.777
544.530 60.00 31.1200 100.0 28.875 30.731
544.578 60.00 31.0600 100.0 28.938 30.924
544.629 60.00 31.0100 100.0 28.991 31.083
544.680 60.00 31.0600 100.0 28.941 30.910
544.729 60.00 31.0700 100.0 28.927 30.852
544.778 60.00 31.0200 100.0 28.980 31.011
544.827 60.00 31.0200 100.0 28.980 30.998
544.878 60.00 31.0000 100.0 28.994 31.031
544.928 60.00 31.0300 100.0 28.969 30.939
544.977 60.00 31.0300 100.0 28.966 30.915
545.027 60.00 31.0100 100.0 28.987 30.971
545.076 60.00 31.0200 100.0 28.976 30.925
545.128 60.00 30.9800 100.0 29.015 31.038
545.178 60.00 31.0000 100.0 28.994 30.957
545.226 60.00 30.9900 100.0 29.008 30.991
545.276 60.00 30.9600 100.0 29.036 31.070
545.325 60.00 30.9900 100.0 29.012 30.977
545.376 60.00 30.9900 100.0 29.008 30.953
545.426 60.00 30.9800 100.0 29.019 30.975
545.475 60.00 30.9700 100.0 29.029 30.997
545.525 60.00 30.9700 100.0 29.033 30.996
545.575 60.00 30.9800 100.0 29.015 30.927
545.626 60.00 30.9600 100.0 29.043 31.007
545.675 60.00 30.9500 100.0 29.047 31.005
545.725 60.00 30.9500 100.0 29.047 30.993
545.774 60.00 30.9500 100.0 29.050 30.993
545.823 60.00 30.9000 100.0 29.096 31.129
545.874 60.00 30.8900 100.0 29.107 31.151
545.924 60.00 30.9000 100.0 29.103 31.127
545.974 60.00 30.9000 100.0 29.103 31.114
546.023 60.00 30.9300 100.0 29.071 30.998
546.073 60.00 30.9300 100.0 29.068 30.975
546.123 60.00 30.8800 100.0 29.117 31.123
546.173 60.00 30.8600 100.0 29.142 31.191
546.223 60.00 30.9300 100.0 29.064 30.926
546.272 60.00 30.8900 100.0 29.110 31.063
546.322 60.00 30.8700 100.0 29.124 31.097
546.371 60.00 30.8500 100.0 29.153 31.176
546.422 60.00 30.9000 100.0 29.103 31.004
546.473 60.00 30.8500 100.0 29.153 31.152
546.522 60.00 30.8500 100.0 29.145 31.116
546.571 60.00 30.8400 100.0 29.163 31.161
546.620 60.00 30.7800 100.0 29.220 31.333
546.672 60.00 30.8300 100.0 29.170 31.159
546.722 60.00 30.8800 100.0 29.117 30.974
546.771 60.00 30.8400 100.0 29.163 31.111
546.820 60.00 30.8000 100.0 29.202 31.226
546.869 60.00 30.8100 100.0 29.188 31.167
546.920 60.00 30.8100 100.0 29.184 31.143
546.970 60.00 30.8200 100.0 29.177 31.107
547.019 60.00 30.8400 100.0 29.163 31.050
547.069 60.00 30.7800 100.0 29.216 31.210
547.119 60.00 30.8000 100.0 29.195 31.129
547.170 60.00 30.8300 100.0 29.174 31.048
547.219 60.00 30.8300 100.0 29.174 31.036
547.268 60.00 30.7600 100.0 29.241 31.243
547.318 60.00 30.8000 100.0 29.198 31.093
547.367 60.00 30.7800 100.0 29.223 31.161
547.418 60.00 30.7700 100.0 29.234 31.183
547.468 60.00 30.7700 100.0 29.234 31.171
547.517 60.00 30.7000 100.0 29.301 31.378
547.568 60.00 30.7500 100.0 29.248 31.192
547.617 60.00 30.7200 100.0 29.276 31.272
547.667 60.00 30.7400 100.0 29.258 31.202
547.717 60.00 30.8200 100.0 29.177 30.925
547.766 60.00 30.7600 100.0 29.241 31.121
547.816 60.00 30.7400 100.0 29.262 31.179
547.865 60.00 30.7000 100.0 29.297 31.282
547.916 60.00 30.7000 100.0 29.301 31.281
547.966 60.00 30.6900 100.0 29.304 31.280
548.017 60.00 30.7200 100.0 29.280 31.187
548.065 60.00 30.7200 100.0 29.280 31.175
548.115 60.00 30.7000 100.0 29.301 31.233
548.165 60.00 30.7000 100.0 29.297 31.209
548.215 60.00 30.6800 100.0 29.315 31.255
548.265 60.00 30.7100 100.0 29.290 31.162
548.314 60.00 30.6800 100.0 29.315 31.231
548.364 60.00 30.6600 100.0 29.340 31.299
548.414 60.00 30.5800 100.0 29.418 31.541
548.464 60.00 30.7000 100.0 29.294 31.124
548.514 60.00 30.6900 100.0 29.312 31.170
548.564 60.00 30.6700 100.0 29.329 31.216
548.614 60.00 30.6700 100.0 29.326 31.193
548.662 60.00 30.7000 100.0 29.294 31.077
548.713 60.00 30.6300 100.0 29.368 31.309
548.763 60.00 30.6400 100.0 29.358 31.261
548.812 60.00 30.6300 100.0 29.365 31.272
548.862 60.00 30.6200 100.0 29.382 31.318
548.911 60.00 30.6300 100.0 29.372 31.272
548.962 60.00 30.6100 100.0 29.393 31.329
549.013 60.00 30.5800 100.0 29.422 31.409
549.062 60.00 30.6200 100.0 29.382 31.270
549.111 60.00 30.5800 100.0 29.414 31.362
549.160 60.00 30.6300 100.0 29.368 31.200
549.211 60.00 30.6000 100.0 29.400 31.292
549.261 60.00 30.6200 100.0 29.382 31.222
549.310 60.00 30.5900 100.0 29.407 31.292
549.360 60.00 30.6000 100.0 29.397 31.246
549.410 60.00 30.5700 100.0 29.425 31.326
549.461 60.00 30.5500 100.0 29.446 31.384
549.510 60.00 30.5800 100.0 29.418 31.279
549.559 60.00 30.6100 100.0 29.386 31.164
549.609 60.00 30.5800 100.0 29.422 31.268
549.658 60.00 30.5300 100.0 29.464 31.395
549.709 60.00 30.5400 100.0 29.457 31.360
549.759 60.00 30.5700 100.0 29.432 31.268
549.808 60.00 30.5800 100.0 29.418 31.210
549.859 60.00 30.5700 100.0 29.429 31.233
549.907 60.00 30.5600 100.0 29.443 31.268
549.958 60.00 30.5500 100.0 29.450 31.280
550.008 60.00 30.5300 100.0 29.471 31.337
550.058 60.00 30.5700 100.0 29.432 31.199
550.107 60.00 30.5400 100.0 29.457 31.269
550.156 60.00 30.5200 100.0 29.478 31.326
550.207 60.00 30.4800 100.0 29.517 31.442
550.257 60.00 30.5300 100.0 29.468 31.269
550.308 60.00 30.5000 100.0 29.503 31.373
550.357 60.00 30.4800 100.0 29.514 31.395
550.406 60.00 30.4800 100.0 29.521 31.407
550.456 60.00 30.4700 100.0 29.528 31.418
550.506 60.00 30.4800 100.0 29.521 31.384
550.556 60.00 30.4400 100.0 29.560 31.499
550.605 60.00 30.4900 100.0 29.510 31.325
550.655 60.00 30.4600 100.0 29.539 31.406
550.704 60.00 30.5000 100.0 29.496 31.256
550.755 60.00 30.4400 100.0 29.560 31.453
550.805 60.00 30.4600 100.0 29.535 31.360
550.854 60.00 30.4300 100.0 29.571 31.465
550.904 60.00 30.4700 100.0 29.528 31.314
550.954 60.00 30.4400 100.0 29.560 31.407
551.004 60.00 30.4000 100.0 29.596 31.511
551.054 60.00 30.4300 100.0 29.564 31.395
551.103 60.00 30.4200 100.0 29.575 31.418
551.153 60.00 30.4000 100.0 29.603 31.499
551.202 60.00 30.4100 100.0 29.585 31.429
551.253 60.00 30.3900 100.0 29.610 31.499
551.303 60.00 30.4200 100.0 29.578 31.383
551.353 60.00 30.3800 100.0 29.621 31.511
551.402 60.00 30.3700 100.0 29.625 31.511
551.451 60.00 30.4200 100.0 29.582 31.360
551.502 60.00 30.4000 100.0 29.596 31.395
551.552 60.00 30.3600 100.0 29.642 31.535
551.601 60.00 30.4100 100.0 29.585 31.337
551.651 60.00 30.3700 100.0 29.632 31.477
551.701 60.00 30.4200 100.0 29.582 31.303
551.752 60.00 30.3400 100.0 29.657 31.536
551.801 60.00 30.4200 100.0 29.582 31.281
551.850 60.00 30.3600 100.0 29.635 31.444
551.900 60.00 30.3500 100.0 29.646 31.468
551.949 60.00 30.3200 100.0 29.675 31.549
552.000 60.00 30.3500 100.0 29.646 31.445
552.050 60.00 30.2900 100.0 29.710 31.643
552.101 60.00 30.3600 100.0 29.642 31.409
552.149 60.00 30.3300 100.0 29.668 31.480
552.198 60.00 30.3600 100.0 29.642 31.387
552.249 60.00 30.3300 100.0 29.671 31.470
552.299 60.00 30.3500 100.0 29.650 31.389
552.349 60.00 30.2900 100.0 29.710 31.575
552.398 60.00 30.3000 100.0 29.700 31.529
552.448 60.00 30.3000 100.0 29.696 31.505
552.499 60.00 30.4100 100.0 29.592 31.158
552.549 60.00 30.2900 100.0 29.710 31.531
552.598 60.00 30.2900 100.0 29.710 31.520
552.647 60.00 30.3100 100.0 29.685 31.427
552.698 60.00 30.2600 100.0 29.743 31.602
552.746 60.00 30.2800 100.0 29.721 31.521
552.797 60.00 30.3500 100.0 29.653 31.288
552.847 60.00 30.2500 100.0 29.753 31.604
552.896 60.00 30.2700 100.0 29.728 31.511
552.946 60.00 30.3000 100.0 29.700 31.407
552.995 60.00 30.2700 100.0 29.732 31.500
553.046 60.00 30.2000 100.0 29.803 31.722
553.097 60.00 30.2400 100.0 29.757 31.560
553.145 60.00 30.2700 100.0 29.728 31.455
553.195 60.00 30.2300 100.0 29.771 31.584
553.244 60.00 30.3000 100.0 29.700 31.340
553.295 60.00 30.2500 100.0 29.746 31.480
553.345 60.00 30.2200 100.0 29.779 31.575
553.394 60.00 30.2300 100.0 29.768 31.528
553.445 60.00 30.2100 100.0 29.793 31.599
553.493 60.00 30.2000 100.0 29.800 31.611
553.544 60.00 30.2300 100.0 29.764 31.483
553.594 60.00 30.2100 100.0 29.786 31.542
553.643 60.00 30.2100 100.0 29.786 31.531
553.693 60.00 30.2000 100.0 29.796 31.556
553.742 60.00 30.2000 100.0 29.800 31.556
553.793 60.00 30.2000 100.0 29.803 31.556
553.843 60.00 30.2200 100.0 29.775 31.452
553.893 60.00 30.1700 100.0 29.832 31.629
553.942 60.00 30.1900 100.0 29.811 31.548
553.991 60.00 30.0900 100.0 29.904 31.840
554.042 60.00 30.1300 100.0 29.865 31.700
554.092 60.00 30.1200 100.0 29.879 31.735
554.141 60.00 30.1600 100.0 29.836 31.583
554.191 60.00 30.1700 100.0 29.825 31.537
554.240 60.00 30.1600 100.0 29.836 31.561
554.292 60.00 30.1300 100.0 29.865 31.644
554.342 60.00 30.1000 100.0 29.897 31.738
554.391 60.00 30.1200 100.0 29.875 31.656
554.440 60.00 30.1100 100.0 29.893 31.704
554.490 60.00 30.1200 100.0 29.879 31.646
554.540 60.00 30.0800 100.0 29.915 31.752
554.590 60.00 30.1600 100.0 29.843 31.506
554.640 60.00 30.0900 100.0 29.904 31.694
554.689 60.00 30.0900 100.0 29.904 31.683
554.739 60.00 30.1100 100.0 29.890 31.626
554.788 60.00 30.0900 100.0 29.904 31.661
554.839 60.00 30.1000 100.0 29.897 31.627
554.889 60.00 30.0700 100.0 29.929 31.722
554.939 60.00 30.0600 100.0 29.940 31.746
554.988 60.00 30.0700 100.0 29.929 31.699
555.037 60.00 30.0800 100.0 29.922 31.665
555.088 60.00 30.0700 100.0 29.929 31.677
555.138 60.00 30.0900 100.0 29.908 31.596
555.187 60.00 30.0600 100.0 29.940 31.691
555.237 60.00 30.0700 100.0 29.933 31.657
555.287 60.00 30.0000 100.0 29.994 31.845
555.338 60.00 30.0600 100.0 29.940 31.658
555.387 60.00 30.0000 100.0 29.994 31.822
555.436 60.00 30.0000 100.0 29.998 31.823
555.486 60.00 30.0400 100.0 29.955 31.671
555.535 60.00 30.0400 100.0 29.962 31.683
555.586 60.00 30.0000 100.0 29.994 31.778
555.636 60.00 30.0200 100.0 29.976 31.709
555.685 60.00 30.0100 100.0 29.987 31.733
555.736 60.00 30.0100 100.0 29.987 31.722
555.784 60.00 30.0100 100.0 29.991 31.723
555.835 60.00 30.0200 100.0 29.976 31.665
555.885 60.00 30.0200 100.0 29.976 31.655
555.934 60.00 29.9800 100.0 30.016 31.773
555.984 60.00 29.9800 100.0 30.016 31.762
556.033 60.00 29.9500 100.0 30.048 31.857
556.085 60.00 29.9600 100.0 30.041 31.822
556.135 60.00 29.9600 100.0 30.037 31.799
556.184 60.00 29.9300 100.0 30.070 31.894
556.233 60.00 29.9900 100.0 30.012 31.694
556.282 60.00 29.9500 100.0 30.048 31.801
556.333 60.00 29.9400 100.0 30.055 31.813
556.383 60.00 29.9700 100.0 30.030 31.721
556.433 60.00 29.9300 100.0 30.070 31.839
556.482 60.00 29.9500 100.0 30.052 31.769
556.532 60.00 29.9000 100.0 30.103 31.923
556.583 60.00 29.9100 100.0 30.085 31.853
556.632 60.00 29.8900 100.0 30.106 31.912
556.682 60.00 29.9300 100.0 30.074 31.795
556.731 60.00 29.9000 100.0 30.099 31.867
556.781 60.00 29.9200 100.0 30.081 31.797
556.831 60.00 29.9200 100.0 30.081 31.787
556.882 60.00 29.9200 100.0 30.077 31.764
556.931 60.00 29.8900 100.0 30.106 31.847
556.980 60.00 29.9100 100.0 30.088 31.778
557.030 60.00 29.9000 100.0 30.099 31.802
557.079 60.00 29.8600 100.0 30.142 31.933
557.130 60.00 29.8800 100.0 30.121 31.852
557.180 60.00 29.8900 100.0 30.113 31.817
557.229 60.00 29.9100 100.0 30.085 31.712
557.280 60.00 29.8500 100.0 30.150 31.914
557.328 60.00 29.9300 100.0 30.074 31.656
557.379 60.00 29.8200 100.0 30.175 31.975
557.429 60.00 29.8400 100.0 30.160 31.917
557.478 60.00 29.8400 100.0 30.157 31.894
557.528 60.00 29.8600 100.0 30.142 31.836
557.577 60.00 29.8900 100.0 30.113 31.732
557.628 60.00 29.8300 100.0 30.164 31.886
557.678 60.00 29.8600 100.0 30.142 31.805
557.728 60.00 29.8500 100.0 30.150 31.818
557.777 60.00 29.7900 100.0 30.208 31.996
557.826 60.00 29.8300 100.0 30.168 31.855
557.877 60.00 29.8400 100.0 30.160 31.821
557.927 60.00 29.7700 100.0 30.226 32.023
557.976 60.00 29.8200 100.0 30.178 31.858
558.026 60.00 29.7900 100.0 30.208 31.942
558.075 60.00 29.7700 100.0 30.229 32.002
558.127 60.00 29.7900 100.0 30.208 31.920
558.177 60.00 29.7500 100.0 30.244 32.027
558.225 60.00 29.8000 100.0 30.197 31.863
558.275 60.00 29.8100 100.0 30.193 31.841
558.324 60.00 29.7900 100.0 30.208 31.878
558.375 60.00 29.7800 100.0 30.222 31.915
558.425 60.00 29.7900 100.0 30.204 31.845
558.475 60.00 29.7600 100.0 30.237 31.940
558.525 60.00 29.7600 100.0 30.240 31.942
558.574 60.00 29.7500 100.0 30.244 31.943
558.624 60.00 29.7500 100.0 30.244 31.932
558.674 60.00 29.7400 100.0 30.262 31.981
558.725 60.00 29.7300 100.0 30.266 31.982
558.774 60.00 29.7200 100.0 30.280 32.019
558.823 60.00 29.6700 100.0 30.324 32.150
558.873 60.00 29.7800 100.0 30.222 31.808
558.923 60.00 29.7400 100.0 30.255 31.903
558.973 60.00 29.7200 100.0 30.280 31.976
559.022 60.00 29.7400 100.0 30.258 31.895
559.072 60.00 29.7400 100.0 30.262 31.896
559.122 60.00 29.7600 100.0 30.237 31.803
559.173 60.00 29.7300 100.0 30.266 31.888
559.222 60.00 29.6900 100.0 30.306 32.008
559.271 60.00 29.7300 100.0 30.273 31.891
559.321 60.00 29.6900 100.0 30.306 31.987
559.370 60.00 29.6700 100.0 30.331 32.060
559.421 60.00 29.7100 100.0 30.287 31.906
559.471 60.00 29.6600 100.0 30.335 32.050
559.520 60.00 29.6900 100.0 30.306 31.945
559.570 60.00 29.6900 100.0 30.309 31.946
559.620 60.00 29.6700 100.0 30.331 32.007
559.671 60.00 29.6800 100.0 30.320 31.961
559.720 60.00 29.6800 100.0 30.320 31.951
559.769 60.00 29.6600 100.0 30.335 31.988
559.819 60.00 29.6500 100.0 30.353 32.037
559.868 60.00 29.7000 100.0 30.302 31.861
559.919 60.00 29.6600 100.0 30.339 31.970
559.969 60.00 29.6500 100.0 30.353 32.007
560.019 60.00 29.6700 100.0 30.328 31.913
560.069 60.00 29.6600 100.0 30.339 31.939
560.117 60.00 29.6600 100.0 30.339 31.929
560.168 60.00 29.6600 100.0 30.342 31.930
560.218 60.00 29.6100 100.0 30.386 32.063
560.267 60.00 29.5900 100.0 30.404 32.112
560.317 60.00 29.6200 100.0 30.375 32.007
560.366 60.00 29.6200 100.0 30.375 31.997
560.417 60.00 29.6600 100.0 30.342 31.879
560.468 60.00 29.6100 100.0 30.389 32.023
560.517 60.00 29.6600 100.0 30.335 31.836
560.567 60.00 29.6700 100.0 30.331 31.815
560.616 60.00 29.5800 100.0 30.415 32.078
560.666 60.00 29.6200 100.0 30.382 31.960
560.716 60.00 29.6500 100.0 30.349 31.844
560.767 60.00 29.5600 100.0 30.437 32.119
560.815 60.00 29.6100 100.0 30.393 31.967
560.865 60.00 29.5900 100.0 30.408 32.004
560.915 60.00 29.5800 100.0 30.415 32.018
560.965 60.00 29.6000 100.0 30.400 31.960
561.015 60.00 29.5600 100.0 30.441 32.081
561.064 60.00 29.5800 100.0 30.422 32.012
561.114 60.00 29.5800 100.0 30.415 31.978
561.164 60.00 29.5500 100.0 30.444 32.063
561.215 60.00 29.5600 100.0 30.437 32.029
561.264 60.00 29.6000 100.0 30.400 31.901
561.313 60.00 29.5800 100.0 30.422 31.963
561.363 60.00 29.5400 100.0 30.462 32.083
561.412 60.00 29.5200 100.0 30.477 32.121
561.463 60.00 29.5500 100.0 30.451 32.027
561.513 60.00 29.5400 100.0 30.459 32.041
561.562 60.00 29.5600 100.0 30.437 31.960
561.613 60.00 29.5300 100.0 30.470 32.057
561.662 60.00 29.5000 100.0 30.495 32.131
561.712 60.00 29.5500 100.0 30.451 31.978
561.762 60.00 29.5400 100.0 30.459 31.992
561.811 60.00 29.4900 100.0 30.506 32.137
561.861 60.00 29.5100 100.0 30.488 32.067
561.910 60.00 29.4800 100.0 30.521 32.165
561.962 60.00 29.5300 100.0 30.473 31.999
562.012 60.00 29.5100 100.0 30.484 32.026
562.060 60.00 29.4900 100.0 30.506 32.087
562.110 60.00 29.4700 100.0 30.532 32.161
562.159 60.00 29.4800 100.0 30.517 32.103
562.210 60.00 29.5000 100.0 30.503 32.046
562.260 60.00 29.4800 100.0 30.521 32.096
562.309 60.00 29.4800 100.0 30.521 32.086
562.359 60.00 29.4700 100.0 30.532 32.112
562.409 60.00 29.4600 100.0 30.543 32.137
562.459 60.00 29.4700 100.0 30.528 32.079
562.509 60.00 29.4400 100.0 30.561 32.177
562.558 60.00 29.4400 100.0 30.561 32.167
562.609 60.00 29.4700 100.0 30.532 32.062
562.658 60.00 29.4500 100.0 30.547 32.100
562.708 60.00 29.4100 100.0 30.591 32.233
562.758 60.00 29.4400 100.0 30.561 32.127
562.808 60.00 29.4200 100.0 30.583 32.189
562.857 60.00 29.4300 100.0 30.569 32.131
562.906 60.00 29.4400 100.0 30.554 32.074
562.957 60.00 29.3900 100.0 30.609 32.243
563.008 60.00 29.3900 100.0 30.605 32.221
563.058 60.00 29.4200 100.0 30.579 32.127
563.106 60.00 29.4000 100.0 30.594 32.166
563.156 60.00 29.4200 100.0 30.579 32.108
563.206 60.00 29.4200 100.0 30.583 32.110
563.256 60.00 29.3800 100.0 30.616 32.208
563.306 60.00 29.3700 100.0 30.631 32.246
563.355 60.00 29.4000 100.0 30.594 32.117
563.405 60.00 29.4000 100.0 30.601 32.131
563.455 60.00 29.3800 100.0 30.616 32.169
563.505 60.00 29.3600 100.0 30.634 32.219
563.555 60.00 29.3600 100.0 30.638 32.221
563.604 60.00 29.3600 100.0 30.634 32.199
563.654 60.00 29.3300 100.0 30.664 32.285
563.703 60.00 29.3700 100.0 30.631 32.167
563.754 60.00 29.3700 100.0 30.627 32.146
563.804 60.00 29.3400 100.0 30.660 32.243
563.853 60.00 29.3600 100.0 30.642 32.174
563.904 60.00 29.3700 100.0 30.627 32.117
563.953 60.00 29.3300 100.0 30.664 32.227
564.003 60.00 29.3900 100.0 30.605 32.026
564.053 60.00 29.3200 100.0 30.679 32.256
564.102 60.00 29.3400 100.0 30.660 32.186
564.152 60.00 29.3200 100.0 30.675 32.225
564.201 60.00 29.3400 100.0 30.656 32.155
564.252 60.00 29.3300 100.0 30.668 32.182
564.303 60.00 29.3100 100.0 30.693 32.256
564.352 60.00 29.2800 100.0 30.723 32.341
564.401 60.00 29.2900 100.0 30.712 32.295
564.450 60.00 29.2700 100.0 30.726 32.333
564.501 60.00 29.3300 100.0 30.671 32.144
564.551 60.00 29.2900 100.0 30.708 32.254
564.600 60.00 29.2700 100.0 30.730 32.317
564.650 60.00 29.2900 100.0 30.704 32.223
564.699 60.00 29.3300 100.0 30.664 32.082
564.750 60.00 29.2500 100.0 30.752 32.360
564.800 60.00 29.2600 100.0 30.734 32.290
564.850 60.00 29.3100 100.0 30.690 32.137
564.899 60.00 29.2600 100.0 30.737 32.284
564.949 60.00 29.2400 100.0 30.760 32.346
564.999 60.00 29.2400 100.0 30.756 32.324
565.049 60.00 29.2500 100.0 30.748 32.290
565.099 60.00 29.1900 100.0 30.807 32.472
565.148 60.00 29.2000 100.0 30.796 32.426
565.198 60.00 29.2400 100.0 30.763 32.307
565.248 60.00 29.2000 100.0 30.796 32.406
565.298 60.00 29.2300 100.0 30.771 32.312
565.349 60.00 29.2200 100.0 30.781 32.338
565.398 60.00 29.1500 100.0 30.852 32.556
565.447 60.00 29.2100 100.0 30.785 32.330
565.496 60.00 29.2100 100.0 30.793 32.344
565.547 60.00 29.1800 100.0 30.818 32.418
565.597 60.00 29.2000 100.0 30.796 32.336
565.646 60.00 29.2600 100.0 30.741 32.147
565.696 60.00 29.1900 100.0 30.811 32.366
565.745 60.00 29.1600 100.0 30.837 32.440
565.797 60.00 29.1700 100.0 30.830 32.406
565.847 60.00 29.1900 100.0 30.811 32.337
565.895 60.00 29.1900 100.0 30.804 32.303
565.945 60.00 29.1900 100.0 30.811 32.318
565.994 60.00 29.1800 100.0 30.822 32.344
566.045 60.00 29.1700 100.0 30.833 32.370
566.095 60.00 29.1600 100.0 30.841 32.384
566.144 60.00 29.1600 100.0 30.837 32.363
566.195 60.00 29.1500 100.0 30.852 32.402
566.243 60.00 29.1800 100.0 30.822 32.296
566.294 60.00 29.1900 100.0 30.807 32.239
566.344 60.00 29.1200 100.0 30.881 32.470
566.393 60.00 29.1400 100.0 30.859 32.388
566.443 60.00 29.1200 100.0 30.881 32.450
566.492 60.00 29.1100 100.0 30.885 32.452
566.543 60.00 29.1100 100.0 30.889 32.455
566.594 60.00 29.0900 100.0 30.907 32.505
566.643 60.00 29.0900 100.0 30.907 32.495
566.692 60.00 29.1000 100.0 30.904 32.473
566.741 60.00 29.0600 100.0 30.937 32.571
566.792 60.00 29.1000 100.0 30.904 32.453
566.843 60.00 29.1800 100.0 30.822 32.179
566.892 60.00 29.1000 100.0 30.900 32.423
566.941 60.00 29.1700 100.0 30.830 32.185
566.990 60.00 29.0800 100.0 30.915 32.453
567.041 60.00 29.1500 100.0 30.852 32.239
567.091 60.00 29.1000 100.0 30.896 32.374
567.141 60.00 29.0600 100.0 30.940 32.510
567.190 60.00 29.0800 100.0 30.918 32.428
567.240 60.00 29.0500 100.0 30.952 32.526
567.290 60.00 29.0700 100.0 30.926 32.432
567.341 60.00 29.0800 100.0 30.922 32.411
567.390 60.00 29.0500 100.0 30.944 32.474
567.439 60.00 29.0400 100.0 30.955 32.500
567.489 60.00 29.0200 100.0 30.974 32.551
567.538 60.00 29.0500 100.0 30.944 32.444
567.589 60.00 28.9400 100.0 31.055 32.797
567.639 60.00 29.0100 100.0 30.992 32.581
567.688 60.00 29.0400 100.0 30.959 32.462
567.738 60.00 29.0400 100.0 30.955 32.441
567.788 60.00 29.0800 100.0 30.918 32.312
567.838 60.00 29.0300 100.0 30.966 32.459
567.888 60.00 29.0200 100.0 30.981 32.498
567.937 60.00 29.0000 100.0 30.996 32.537
567.987 60.00 29.0000 100.0 30.996 32.527
568.036 60.00 29.0200 100.0 30.981 32.469
568.087 60.00 29.0400 100.0 30.963 32.400
568.137 60.00 28.9800 100.0 31.015 32.560
568.187 60.00 29.0000 100.0 31.000 32.502
568.237 60.00 29.0100 100.0 30.992 32.469
568.285 60.00 28.9900 100.0 31.011 32.520
568.336 60.00 29.0100 100.0 30.992 32.450
568.386 60.00 28.9800 100.0 31.022 32.537
568.435 60.00 28.9800 100.0 31.015 32.503
568.485 60.00 28.9700 100.0 31.033 32.554
568.534 60.00 28.9900 100.0 31.007 32.460
568.585 60.00 28.9400 100.0 31.059 32.620
568.636 60.00 28.9600 100.0 31.040 32.550
568.684 60.00 28.9500 100.0 31.048 32.565
568.734 60.00 28.9800 100.0 31.022 32.471
568.783 60.00 28.9200 100.0 31.074 32.631
568.835 60.00 28.9400 100.0 31.063 32.585
568.885 60.00 28.9400 100.0 31.059 32.563
568.933 60.00 28.9500 100.0 31.052 32.530
568.983 60.00 28.9700 100.0 31.029 32.448
569.032 60.00 28.9500 100.0 31.044 32.487
569.083 60.00 28.9500 100.0 31.044 32.478
569.133 60.00 28.9500 100.0 31.044 32.469
569.183 60.00 28.9000 100.0 31.096 32.629
569.233 60.00 28.9100 100.0 31.092 32.608
569.282 60.00 28.9200 100.0 31.074 32.538
569.332 60.00 28.8700 100.0 31.133 32.722
569.382 60.00 28.9300 100.0 31.070 32.507
569.432 60.00 28.8800 100.0 31.115 32.643
569.481 60.00 28.8900 100.0 31.107 32.609
569.531 60.00 28.8800 100.0 31.118 32.635
569.581 60.00 28.9100 100.0 31.089 32.530
569.631 60.00 28.9100 100.0 31.085 32.509
569.681 60.00 28.8900 100.0 31.107 32.572
569.731 60.00 28.8500 100.0 31.145 32.684
569.781 60.00 28.8500 100.0 31.145 32.674
569.829 60.00 28.8500 100.0 31.152 32.689
569.880 60.00 28.8600 100.0 31.141 32.643
569.930 60.00 28.8700 100.0 31.130 32.597
569.979 60.00 28.8400 100.0 31.156 32.673
570.029 60.00 28.8400 100.0 31.156 32.663
570.078 60.00 28.8800 100.0 31.115 32.521
570.130 60.00 28.8300 100.0 31.171 32.694
570.179 60.00 28.8500 100.0 31.152 32.624
570.228 60.00 28.8100 100.0 31.189 32.735
570.278 60.00 28.8400 100.0 31.163 32.641
570.327 60.00 28.8200 100.0 31.178 32.680
570.378 60.00 28.8300 100.0 31.171 32.647
570.428 60.00 28.8000 100.0 31.200 32.734
570.477 60.00 28.8200 100.0 31.174 32.640
570.528 60.00 28.8000 100.0 31.197 32.704
570.576 60.00 28.8400 100.0 31.163 32.585
570.628 60.00 28.8200 100.0 31.178 32.625
570.677 60.00 28.8600 100.0 31.137 32.482
570.727 60.00 28.8400 100.0 31.159 32.546
570.777 60.00 28.7900 100.0 31.208 32.695
570.825 60.00 28.7800 100.0 31.216 32.711
570.876 60.00 28.7800 100.0 31.216 32.702
570.926 60.00 28.7700 100.0 31.226 32.728
570.975 60.00 28.8200 100.0 31.182 32.573
571.025 60.00 28.7900 100.0 31.212 32.662
571.074 60.00 28.7700 100.0 31.230 32.713
571.125 60.00 28.7900 100.0 31.212 32.643
571.176 60.00 28.7600 100.0 31.241 32.731
571.225 60.00 28.8100 100.0 31.189 32.552
571.274 60.00 28.7500 100.0 31.245 32.725
571.323 60.00 28.7900 100.0 31.208 32.595
571.374 60.00 28.7700 100.0 31.230 32.659
571.424 60.00 28.7700 100.0 31.230 32.650
571.474 60.00 28.7600 100.0 31.238 32.665
571.524 60.00 28.7800 100.0 31.216 32.584
571.573 60.00 28.7500 100.0 31.249 32.684
571.623 60.00 28.7300 100.0 31.267 32.736
571.673 60.00 28.7000 100.0 31.301 32.836
571.723 60.00 28.7000 100.0 31.301 32.826
571.772 60.00 28.7000 100.0 31.297 32.805
571.822 60.00 28.7100 100.0 31.294 32.783
571.871 60.00 28.7500 100.0 31.249 32.628
571.923 60.00 28.7200 100.0 31.282 32.729
571.972 60.00 28.6800 100.0 31.320 32.841
572.021 60.00 28.6900 100.0 31.312 32.808
572.071 60.00 28.7200 100.0 31.279 32.689
572.120 60.00 28.7200 100.0 31.282 32.692
572.171 60.00 28.7000 100.0 31.301 32.744
572.221 60.00 28.7100 100.0 31.286 32.686
572.270 60.00 28.7200 100.0 31.282 32.665
572.321 60.00 28.7000 100.0 31.297 32.705
572.369 60.00 28.7200 100.0 31.279 32.636
572.420 60.00 28.6800 100.0 31.323 32.773
572.470 60.00 28.6900 100.0 31.305 32.703
572.519 60.00 28.6900 100.0 31.305 32.695
572.569 60.00 28.7400 100.0 31.264 32.552
572.618 60.00 28.6800 100.0 31.320 32.727
572.669 60.00 28.6400 100.0 31.361 32.852
572.719 60.00 28.6800 100.0 31.323 32.720
572.768 60.00 28.6900 100.0 31.309 32.664
572.818 60.00 28.6800 100.0 31.316 32.679
572.867 60.00 28.6700 100.0 31.328 32.708
572.919 60.00 28.6500 100.0 31.350 32.771
572.968 60.00 28.6500 100.0 31.354 32.775
573.017 60.00 28.6700 100.0 31.328 32.681
573.067 60.00 28.6200 100.0 31.376 32.830
573.116 60.00 28.6500 100.0 31.354 32.749
573.167 60.00 28.6300 100.0 31.369 32.788
573.217 60.00 28.5800 100.0 31.417 32.938
573.268 60.00 28.5900 100.0 31.413 32.915
573.316 60.00 28.6500 100.0 31.354 32.712
573.365 60.00 28.6300 100.0 31.369 32.752
573.416 60.00 28.6200 100.0 31.384 32.792
573.466 60.00 28.6200 100.0 31.380 32.771
573.516 60.00 28.6000 100.0 31.402 32.836
573.565 60.00 28.5900 100.0 31.410 32.851
573.615 60.00 28.5900 100.0 31.413 32.853
573.665 60.00 28.6100 100.0 31.391 32.772
573.716 60.00 28.5900 100.0 31.410 32.824
573.765 60.00 28.6500 100.0 31.346 32.609
573.814 60.00 28.6000 100.0 31.395 32.759
573.864 60.00 28.6000 100.0 31.395 32.750
573.913 60.00 28.6200 100.0 31.380 32.693
573.964 60.00 28.5400 100.0 31.459 32.941
574.014 60.00 28.5900 100.0 31.406 32.761
574.064 60.00 28.5600 100.0 31.436 32.850
574.113 60.00 28.5900 100.0 31.413 32.767
574.162 60.00 28.5600 100.0 31.436 32.832
574.213 60.00 28.5600 100.0 31.440 32.836
574.263 60.00 28.5200 100.0 31.477 32.950
574.312 60.00 28.5400 100.0 31.459 32.879
574.362 60.00 28.5700 100.0 31.432 32.785
574.412 60.00 28.5700 100.0 31.432 32.777
574.463 60.00 28.5700 100.0 31.428 32.756
574.512 60.00 28.5300 100.0 31.474 32.894
574.561 60.00 28.5400 100.0 31.455 32.824
574.611 60.00 28.5400 100.0 31.462 32.840
574.661 60.00 28.5300 100.0 31.474 32.868
574.711 60.00 28.5000 100.0 31.496 32.933
574.761 60.00 28.5000 100.0 31.500 32.935
574.810 60.00 28.5400 100.0 31.455 32.780
574.860 60.00 28.5100 100.0 31.485 32.870
574.909 60.00 28.5300 100.0 31.466 32.800
574.960 60.00 28.4900 100.0 31.511 32.938
575.010 60.00 28.5300 100.0 31.470 32.794
575.060 60.00 28.5000 100.0 31.496 32.872
575.110 60.00 28.5000 100.0 31.496 32.864
575.158 60.00 28.4900 100.0 31.507 32.892
575.209 60.00 28.5000 100.0 31.504 32.871
575.259 60.00 28.4900 100.0 31.507 32.874
575.308 60.00 28.4900 100.0 31.511 32.877
575.358 60.00 28.4600 100.0 31.537 32.955
575.407 60.00 28.4600 100.0 31.537 32.946
575.459 60.00 28.4600 100.0 31.541 32.950
575.508 60.00 28.5100 100.0 31.492 32.782
575.558 60.00 28.4400 100.0 31.556 32.982
575.607 60.00 28.4900 100.0 31.507 32.814
575.656 60.00 28.4800 100.0 31.515 32.830
575.707 60.00 28.4800 100.0 31.515 32.822
575.757 60.00 28.4800 100.0 31.515 32.814
575.807 60.00 28.4500 100.0 31.549 32.915
575.857 60.00 28.4300 100.0 31.571 32.980
575.906 60.00 28.4100 100.0 31.590 33.033
575.956 60.00 28.4100 100.0 31.590 33.024
576.006 60.00 28.4300 100.0 31.571 32.954
576.056 60.00 28.4500 100.0 31.545 32.859
576.105 60.00 28.4200 100.0 31.583 32.973
576.155 60.00 28.4200 100.0 31.575 32.940
576.204 60.00 28.5100 100.0 31.485 32.639
576.255 60.00 28.3800 100.0 31.620 33.072
576.306 60.00 28.3800 100.0 31.620 33.062
576.354 60.00 28.3800 100.0 31.620 33.054
576.404 60.00 28.4000 100.0 31.594 32.959
576.453 60.00 28.3900 100.0 31.605 32.987
576.504 60.00 28.3800 100.0 31.620 33.027
576.554 60.00 28.3900 100.0 31.613 32.994
576.603 60.00 28.4000 100.0 31.598 32.936
576.653 60.00 28.3900 100.0 31.613 32.977
576.702 60.00 28.3500 100.0 31.647 33.079
576.753 60.00 28.3700 100.0 31.628 33.009
576.803 60.00 28.3800 100.0 31.620 32.975
576.852 60.00 28.3700 100.0 31.628 32.992
576.903 60.00 28.3800 100.0 31.620 32.958
576.951 60.00 28.4000 100.0 31.598 32.877
577.002 60.00 28.3600 100.0 31.639 33.003
577.052 60.00 28.4100 100.0 31.590 32.836
577.101 60.00 28.3600 100.0 31.635 32.975
577.151 60.00 28.3400 100.0 31.658 33.040
577.200 60.00 28.3400 100.0 31.662 33.044
577.252 60.00 28.3200 100.0 31.677 33.084
577.302 60.00 28.3600 100.0 31.643 32.964
577.350 60.00 28.3300 100.0 31.666 33.031
577.400 60.00 28.3300 100.0 31.666 33.022
577.449 60.00 28.3400 100.0 31.662 33.001
577.500 60.00 28.3400 100.0 31.658 32.980
577.550 60.00 28.3400 100.0 31.662 32.984
577.600 60.00 28.3200 100.0 31.677 33.025
577.649 60.00 28.3300 100.0 31.669 32.993
577.699 60.00 28.3300 100.0 31.673 32.996
577.749 60.00 28.3100 100.0 31.685 33.025
577.799 60.00 28.3100 100.0 31.688 33.029
577.849 60.00 28.2900 100.0 31.711 33.094
577.898 60.00 28.3500 100.0 31.647 32.877
577.948 60.00 28.3000 100.0 31.700 33.041
577.998 60.00 28.2900 100.0 31.707 33.057
578.048 60.00 28.3000 100.0 31.700 33.024
578.098 60.00 28.3100 100.0 31.685 32.967
578.148 60.00 28.2500 100.0 31.752 33.180
578.197 60.00 28.2700 100.0 31.726 33.085
578.246 60.00 28.2900 100.0 31.707 33.015
578.297 60.00 28.2800 100.0 31.722 33.056
578.347 60.00 28.2700 100.0 31.734 33.084
578.396 60.00 28.3000 100.0 31.703 32.978
578.446 60.00 28.2700 100.0 31.734 33.068
578.495 60.00 28.2600 100.0 31.737 33.072
578.547 60.00 28.2700 100.0 31.726 33.027
578.597 60.00 28.2900 100.0 31.711 32.970
578.645 60.00 28.2300 100.0 31.768 33.146
578.696 60.00 28.2500 100.0 31.752 33.088
578.745 60.00 28.2200 100.0 31.779 33.166
578.796 60.00 28.2400 100.0 31.756 33.083
578.845 60.00 28.2900 100.0 31.711 32.928
578.894 60.00 28.2100 100.0 31.787 33.166
578.944 60.00 28.2200 100.0 31.775 33.120
578.993 60.00 28.2400 100.0 31.760 33.063
579.044 60.00 28.2200 100.0 31.779 33.116
579.094 60.00 28.1900 100.0 31.809 33.206
579.144 60.00 28.2500 100.0 31.752 33.013
579.194 60.00 28.2200 100.0 31.779 33.091
579.242 60.00 28.2300 100.0 31.771 33.058
579.293 60.00 28.2200 100.0 31.779 33.075
579.343 60.00 28.2500 100.0 31.745 32.956
579.392 60.00 28.1700 100.0 31.824 33.207
579.442 60.00 28.2700 100.0 31.734 32.903
579.491 60.00 28.2000 100.0 31.794 33.092
579.542 60.00 28.1900 100.0 31.806 33.121
579.593 60.00 28.2000 100.0 31.798 33.089
579.642 60.00 28.2100 100.0 31.790 33.055
579.691 60.00 28.1900 100.0 31.806 33.097
579.740 60.00 28.1800 100.0 31.821 33.138
579.791 60.00 28.2300 100.0 31.764 32.945
579.841 60.00 28.2200 100.0 31.783 33.000
579.891 60.00 28.1600 100.0 31.836 33.165
579.940 60.00 28.1700 100.0 31.832 33.144
579.990 60.00 28.1800 100.0 31.817 33.087
580.041 60.00 28.1900 100.0 31.813 33.066
580.090 60.00 28.1700 100.0 31.832 33.120
580.140 60.00 28.1700 100.0 31.824 33.087
580.189 60.00 28.1300 100.0 31.870 33.227
580.239 60.00 28.1800 100.0 31.821 33.058
580.288 60.00 28.1300 100.0 31.870 33.211
580.339 60.00 28.1200 100.0 31.878 33.227
580.389 60.00 28.1400 100.0 31.862 33.170
580.439 60.00 28.1700 100.0 31.824 33.038
580.488 60.00 28.1400 100.0 31.859 33.141
580.537 60.00 28.1900 100.0 31.806 32.961
580.588 60.00 28.1700 100.0 31.828 33.028
580.638 60.00 28.1600 100.0 31.840 33.057
580.687 60.00 28.1100 100.0 31.889 33.210
580.737 60.00 28.1200 100.0 31.882 33.177
580.786 60.00 28.1400 100.0 31.862 33.107
580.837 60.00 28.1100 100.0 31.889 33.186
580.887 60.00 28.1100 100.0 31.885 33.165
580.936 60.00 28.1400 100.0 31.862 33.083
580.987 60.00 28.0700 100.0 31.931 33.298
581.036 60.00 28.0900 100.0 31.904 33.203
581.086 60.00 28.1200 100.0 31.878 33.108
581.136 60.00 28.0600 100.0 31.942 33.310
581.185 60.00 28.0900 100.0 31.904 33.178
581.235 60.00 28.1000 100.0 31.900 33.158
581.284 60.00 28.0500 100.0 31.946 33.299
581.335 60.00 28.0900 100.0 31.912 33.179
581.386 60.00 28.1400 100.0 31.862 33.011
581.435 60.00 28.0400 100.0 31.958 33.312
581.484 60.00 28.0800 100.0 31.919 33.180
581.533 60.00 28.0000 100.0 31.996 33.420
581.584 60.00 28.1100 100.0 31.885 33.052
581.634 60.00 28.0300 100.0 31.969 33.317
581.683 60.00 28.0900 100.0 31.904 33.098
581.733 60.00 28.0400 100.0 31.954 33.252
581.782 60.00 28.0800 100.0 31.919 33.132
581.834 60.00 28.0500 100.0 31.950 33.224
581.884 60.00 28.0600 100.0 31.942 33.190
581.933 60.00 28.0400 100.0 31.954 33.220
581.982 60.00 28.0400 100.0 31.958 33.225
582.031 60.00 28.0400 100.0 31.954 33.205
582.082 60.00 28.0200 100.0 31.977 33.271
582.132 60.00 28.0500 100.0 31.946 33.164
582.182 60.00 28.0200 100.0 31.977 33.255
582.231 60.00 28.0000 100.0 31.996 33.309
582.281 60.00 28.0100 100.0 31.984 33.264
582.331 60.00 28.0000 100.0 31.999 33.305
582.381 60.00 27.9700 100.0 32.026 33.384
582.431 60.00 28.0500 100.0 31.946 33.115
582.480 60.00 27.9900 100.0 32.011 33.318
582.530 60.00 28.0000 100.0 31.996 33.261
582.579 60.00 28.0100 100.0 31.992 33.240
582.630 60.00 27.9800 100.0 32.015 33.307
582.680 60.00 28.0100 100.0 31.992 33.224
582.729 60.00 27.9700 100.0 32.030 33.341
582.779 60.00 28.0000 100.0 32.003 33.246
582.828 60.00 27.9800 100.0 32.018 33.287
582.879 60.00 27.9500 100.0 32.045 33.366
582.930 60.00 28.0200 100.0 31.980 33.147
582.979 60.00 27.9500 100.0 32.045 33.351
583.028 60.00 28.0000 100.0 31.999 33.193
583.077 60.00 27.9600 100.0 32.034 33.298
583.128 60.00 27.9400 100.0 32.057 33.364
583.178 60.00 27.9800 100.0 32.018 33.232
583.227 60.00 27.9500 100.0 32.053 33.336
583.277 60.00 28.0000 100.0 32.003 33.167
583.326 60.00 27.9300 100.0 32.072 33.383
583.378 60.00 27.9400 100.0 32.057 33.325
583.427 60.00 27.9800 100.0 32.018 33.193
583.476 60.00 27.9400 100.0 32.060 33.322
583.526 60.00 27.9800 100.0 32.022 33.190
583.575 60.00 27.9500 100.0 32.049 33.270
583.626 60.00 27.9700 100.0 32.030 33.200
583.676 60.00 27.9500 100.0 32.049 33.255
583.725 60.00 28.0000 100.0 32.003 33.099
583.775 60.00 27.9600 100.0 32.041 33.216
583.825 60.00 27.9200 100.0 32.076 33.320
583.876 60.00 27.9100 100.0 32.087 33.349
583.925 60.00 27.9200 100.0 32.076 33.304
583.975 60.00 27.9500 100.0 32.045 33.197
584.024 60.00 27.9500 100.0 32.053 33.215
584.073 60.00 27.9300 100.0 32.064 33.245
584.124 60.00 27.9400 100.0 32.060 33.225
584.174 60.00 27.9100 100.0 32.091 33.317
584.224 60.00 27.8900 100.0 32.110 33.372
584.274 60.00 27.8600 100.0 32.137 33.451
584.323 60.00 27.9600 100.0 32.041 33.132
584.373 60.00 27.9700 100.0 32.030 33.088
584.423 60.00 27.9000 100.0 32.103 33.318
584.473 60.00 27.9000 100.0 32.099 33.298
584.522 60.00 27.9200 100.0 32.083 33.240
584.572 60.00 27.8700 100.0 32.133 33.394
584.621 60.00 27.8800 100.0 32.118 33.337
584.673 60.00 27.8900 100.0 32.106 33.292
584.723 60.00 27.9000 100.0 32.095 33.247
584.771 60.00 27.9000 100.0 32.103 33.265
584.821 60.00 27.8700 100.0 32.129 33.344
584.871 60.00 27.8600 100.0 32.141 33.375
584.922 60.00 27.8200 100.0 32.175 33.479
584.971 60.00 27.9500 100.0 32.049 33.061
585.020 60.00 27.8500 100.0 32.145 33.365
585.070 60.00 27.8700 100.0 32.125 33.295
585.119 60.00 27.8400 100.0 32.160 33.400
585.170 60.00 27.8000 100.0 32.198 33.516
585.220 60.00 27.8700 100.0 32.129 33.284
585.270 60.00 27.8500 100.0 32.152 33.351
585.319 60.00 27.8400 100.0 32.160 33.369
585.368 60.00 27.8500 100.0 32.145 33.312
585.419 60.00 27.7600 100.0 32.237 33.603
585.469 60.00 27.8000 100.0 32.198 33.470
585.518 60.00 27.8500 100.0 32.152 33.312
585.568 60.00 27.7700 100.0 32.225 33.542
585.618 60.00 27.8200 100.0 32.183 33.397
585.669 60.00 27.8700 100.0 32.133 33.227
585.718 60.00 27.7900 100.0 32.210 33.469
585.767 60.00 27.7800 100.0 32.217 33.487
585.817 60.00 27.8000 100.0 32.198 33.416
585.866 60.00 27.7800 100.0 32.217 33.471
585.917 60.00 27.8400 100.0 32.164 33.288
585.967 60.00 27.8400 100.0 32.156 33.257
586.018 60.00 27.8000 100.0 32.198 33.387
586.066 60.00 27.8100 100.0 32.187 33.342
586.115 60.00 27.8000 100.0 32.198 33.372
586.166 60.00 27.7700 100.0 32.225 33.452
586.216 60.00 27.8000 100.0 32.198 33.357
586.266 60.00 27.7800 100.0 32.221 33.424
586.315 60.00 27.8500 100.0 32.145 33.168
586.365 60.00 27.8000 100.0 32.195 33.324
586.415 60.00 27.7900 100.0 32.206 33.354
586.465 60.00 27.7600 100.0 32.240 33.459
586.515 60.00 27.7800 100.0 32.221 33.389
586.564 60.00 27.7700 100.0 32.225 33.394
586.614 60.00 27.8300 100.0 32.171 33.212
586.663 60.00 27.7800 100.0 32.221 33.368
586.714 60.00 27.7500 100.0 32.244 33.435
586.764 60.00 27.7400 100.0 32.263 33.490
586.813 60.00 27.7900 100.0 32.214 33.321
586.863 60.00 27.7600 100.0 32.240 33.401
586.912 60.00 27.8000 100.0 32.195 33.245
586.963 60.00 27.7700 100.0 32.225 33.337
587.014 60.00 27.7700 100.0 32.225 33.330
587.063 60.00 27.7100 100.0 32.286 33.523
587.112 60.00 27.7100 100.0 32.286 33.515
587.161 60.00 27.7400 100.0 32.256 33.408
587.212 60.00 27.7700 100.0 32.229 33.313
587.262 60.00 27.7000 100.0 32.302 33.544
587.311 60.00 27.7300 100.0 32.267 33.423
587.361 60.00 27.7200 100.0 32.279 33.454
587.411 60.00 27.7200 100.0 32.279 33.446
587.461 60.00 27.6900 100.0 32.306 33.526
587.511 60.00 27.7700 100.0 32.229 33.269
587.560 60.00 27.7000 100.0 32.294 33.475
587.610 60.00 27.7200 100.0 32.282 33.430
587.659 60.00 27.6900 100.0 32.309 33.510
587.710 60.00 27.7400 100.0 32.263 33.353
587.760 60.00 27.7000 100.0 32.302 33.471
587.809 60.00 27.7200 100.0 32.279 33.389
587.859 60.00 27.7100 100.0 32.286 33.406
587.909 60.00 27.6600 100.0 32.340 33.574
587.959 60.00 27.6700 100.0 32.329 33.530
588.009 60.00 27.6600 100.0 32.336 33.547
588.058 60.00 27.6600 100.0 32.336 33.539
588.108 60.00 27.6700 100.0 32.333 33.520
588.157 60.00 27.7500 100.0 32.248 33.236
588.208 60.00 27.6900 100.0 32.306 33.418
588.258 60.00 27.6900 100.0 32.306 33.411
588.309 60.00 27.7200 100.0 32.282 33.329
588.358 60.00 27.6900 100.0 32.309 33.410
588.406 60.00 27.6600 100.0 32.340 33.503
588.457 60.00 27.6500 100.0 32.348 33.521
588.507 60.00 27.6700 100.0 32.325 33.439
588.557 60.00 27.6700 100.0 32.325 33.432
588.606 60.00 27.6500 100.0 32.344 33.487
588.656 60.00 27.6700 100.0 32.325 33.418
588.706 60.00 27.6600 100.0 32.336 33.448
588.756 60.00 27.6200 100.0 32.379 33.579
588.806 60.00 27.6100 100.0 32.386 33.597
588.855 60.00 27.6100 100.0 32.386 33.589
588.906 60.00 27.6500 100.0 32.344 33.444
588.955 60.00 27.7200 100.0 32.282 33.237
589.005 60.00 27.6600 100.0 32.340 33.418
589.055 60.00 27.6000 100.0 32.394 33.587
589.104 60.00 27.6400 100.0 32.359 33.467
589.154 60.00 27.6500 100.0 32.348 33.422
589.203 60.00 27.6500 100.0 32.344 33.403
589.254 60.00 27.6200 100.0 32.383 33.522
589.305 60.00 27.6200 100.0 32.383 33.515
589.354 60.00 27.6400 100.0 32.363 33.445
589.403 60.00 27.6100 100.0 32.386 33.513
589.452 60.00 27.6000 100.0 32.402 33.557
589.503 60.00 27.6100 100.0 32.386 33.499
589.553 60.00 27.6200 100.0 32.383 33.479
589.602 60.00 27.6200 100.0 32.375 33.448
589.652 60.00 27.5900 100.0 32.410 33.554
589.701 60.00 27.6700 100.0 32.329 33.284
589.753 60.00 27.6300 100.0 32.371 33.415
589.803 60.00 27.6400 100.0 32.359 33.371
589.851 60.00 27.6100 100.0 32.386 33.453
589.901 60.00 27.5900 100.0 32.413 33.533
589.950 60.00 27.6200 100.0 32.375 33.401
590.001 60.00 27.5600 100.0 32.440 33.607
590.051 60.00 27.5900 100.0 32.413 33.513
590.100 60.00 27.5800 100.0 32.417 33.518
590.150 60.00 27.5700 100.0 32.433 33.562
590.200 60.00 27.6100 100.0 32.390 33.417
590.251 60.00 27.5700 100.0 32.433 33.549
590.300 60.00 27.5800 100.0 32.417 33.491
590.350 60.00 27.5600 100.0 32.440 33.559
590.399 60.00 27.5700 100.0 32.425 33.503
590.448 60.00 27.5700 100.0 32.429 33.509
590.499 60.00 27.5500 100.0 32.444 33.552
590.549 60.00 27.6000 100.0 32.394 33.382
590.600 60.00 27.5600 100.0 32.440 33.525
590.649 60.00 27.5500 100.0 32.448 33.545
590.698 60.00 27.5400 100.0 32.460 33.575
590.749 60.00 27.5900 100.0 32.406 33.393
590.799 60.00 27.5400 100.0 32.464 33.575
590.849 60.00 27.6000 100.0 32.398 33.355
590.897 60.00 27.5500 100.0 32.448 33.512
590.947 60.00 27.5900 100.0 32.406 33.367
590.996 60.00 27.5500 100.0 32.444 33.486
591.047 60.00 27.5100 100.0 32.490 33.630
591.097 60.00 27.5800 100.0 32.421 33.397
591.146 60.00 27.5400 100.0 32.460 33.517
591.196 60.00 27.5200 100.0 32.479 33.573
591.246 60.00 27.5100 100.0 32.490 33.603
591.296 60.00 27.5300 100.0 32.471 33.534
591.346 60.00 27.5200 100.0 32.479 33.552
591.395 60.00 27.5200 100.0 32.475 33.533
591.445 60.00 27.5200 100.0 32.479 33.539
591.494 60.00 27.5300 100.0 32.471 33.507
591.545 60.00 27.5600 100.0 32.437 33.388
591.596 60.00 27.4800 100.0 32.514 33.633
591.645 60.00 27.5100 100.0 32.490 33.550
591.694 60.00 27.4800 100.0 32.514 33.620
591.743 60.00 27.5300 100.0 32.468 33.462
591.794 60.00 27.5200 100.0 32.479 33.493
591.844 60.00 27.5100 100.0 32.487 33.512
591.893 60.00 27.4700 100.0 32.533 33.656
591.943 60.00 27.5200 100.0 32.479 33.473
591.993 60.00 27.4800 100.0 32.518 33.593
592.043 60.00 27.4900 100.0 32.506 33.549
592.093 60.00 27.4500 100.0 32.552 33.693
592.142 60.00 27.4600 100.0 32.541 33.648
592.192 60.00 27.4900 100.0 32.510 33.541
592.241 60.00 27.4800 100.0 32.514 33.547
592.292 60.00 27.4500 100.0 32.552 33.666
592.342 60.00 27.4700 100.0 32.533 33.596
592.393 60.00 27.4700 100.0 32.525 33.565
592.441 60.00 27.5100 100.0 32.490 33.444
592.490 60.00 27.4700 100.0 32.525 33.552
592.541 60.00 27.4700 100.0 32.533 33.571
592.591 60.00 27.4800 100.0 32.522 33.527
592.641 60.00 27.4700 100.0 32.529 33.545
592.690 60.00 27.4600 100.0 32.541 33.577
592.740 60.00 27.4000 100.0 32.599 33.759
592.790 60.00 27.3500 100.0 32.649 33.915
592.840 60.00 27.4300 100.0 32.568 33.643
592.890 60.00 27.4400 100.0 32.560 33.611
592.939 60.00 27.4400 100.0 32.560 33.605
592.990 60.00 27.4600 100.0 32.541 33.535
593.038 60.00 27.4600 100.0 32.537 33.516
593.089 60.00 27.4500 100.0 32.552 33.561
593.139 60.00 27.4300 100.0 32.572 33.618
593.188 60.00 27.4200 100.0 32.576 33.623
593.238 60.00 27.4200 100.0 32.580 33.629
593.287 60.00 27.4300 100.0 32.568 33.585
593.339 60.00 27.4200 100.0 32.583 33.629
593.389 60.00 27.4200 100.0 32.576 33.597
593.437 60.00 27.4200 100.0 32.576 33.590
593.487 60.00 27.3700 100.0 32.630 33.761
593.536 60.00 27.3900 100.0 32.611 33.691
593.587 60.00 27.3800 100.0 32.618 33.709
593.637 60.00 27.3900 100.0 32.611 33.677
593.686 60.00 27.4400 100.0 32.560 33.507
593.736 60.00 27.4300 100.0 32.568 33.526
593.786 60.00 27.3800 100.0 32.618 33.684
593.836 60.00 27.4400 100.0 32.556 33.476
593.886 60.00 27.3500 100.0 32.645 33.759
593.935 60.00 27.4000 100.0 32.595 33.589
593.985 60.00 27.3300 100.0 32.669 33.822
594.034 60.00 27.3900 100.0 32.607 33.613
594.085 60.00 27.3800 100.0 32.622 33.658
594.135 60.00 27.3600 100.0 32.642 33.714
594.185 60.00 27.4100 100.0 32.591 33.543
594.234 60.00 27.3700 100.0 32.626 33.651
594.283 60.00 27.4000 100.0 32.595 33.543
594.334 60.00 27.3400 100.0 32.661 33.752
594.384 60.00 27.3700 100.0 32.626 33.632
594.433 60.00 27.2800 100.0 32.719 33.929
594.483 60.00 27.3400 100.0 32.657 33.719
594.533 60.00 27.2900 100.0 32.711 33.889
594.584 60.00 27.3300 100.0 32.673 33.755
594.633 60.00 27.2900 100.0 32.704 33.850
594.683 60.00 27.3800 100.0 32.618 33.565
594.733 60.00 27.3500 100.0 32.649 33.660
594.782 60.00 27.3400 100.0 32.657 33.679
594.833 60.00 27.3300 100.0 32.669 33.710
594.882 60.00 27.3200 100.0 32.681 33.742
594.932 60.00 27.3100 100.0 32.684 33.747
594.981 60.00 27.2600 100.0 32.735 33.905
595.031 60.00 27.2900 100.0 32.704 33.797
595.081 60.00 27.2700 100.0 32.727 33.866
595.131 60.00 27.3500 100.0 32.653 33.618
595.181 60.00 27.2800 100.0 32.716 33.815
595.231 60.00 27.3000 100.0 32.700 33.757
595.280 60.00 27.2800 100.0 32.719 33.814
595.329 60.00 27.2800 100.0 32.716 33.795
595.380 60.00 27.3100 100.0 32.692 33.712
595.430 60.00 27.2900 100.0 32.708 33.756
595.479 60.00 27.2800 100.0 32.723 33.800
595.529 60.00 27.2500 100.0 32.750 33.881
595.579 60.00 27.3000 100.0 32.700 33.710
595.630 60.00 27.3100 100.0 32.684 33.653
595.679 60.00 27.2700 100.0 32.731 33.799
595.728 60.00 27.2100 100.0 32.785 33.969
595.778 60.00 27.2800 100.0 32.716 33.735
595.827 60.00 27.2400 100.0 32.758 33.867
595.878 60.00 27.2900 100.0 32.704 33.683
595.928 60.00 27.2800 100.0 32.719 33.728
595.977 60.00 27.2600 100.0 32.743 33.797
596.028 60.00 27.2600 100.0 32.735 33.765
596.076 60.00 27.2600 100.0 32.743 33.784
596.127 60.00 27.2400 100.0 32.758 33.828
596.177 60.00 27.2500 100.0 32.746 33.783
596.226 60.00 27.2700 100.0 32.727 33.714
596.276 60.00 27.1900 100.0 32.805 33.961
596.325 60.00 27.2200 100.0 32.774 33.852
596.376 60.00 27.2800 100.0 32.723 33.681
596.426 60.00 27.2500 100.0 32.750 33.763
596.477 60.00 27.1900 100.0 32.805 33.934
596.526 60.00 27.2300 100.0 32.766 33.801
596.574 60.00 27.2200 100.0 32.778 33.832
596.625 60.00 27.2600 100.0 32.735 33.687
596.675 60.00 27.2100 100.0 32.793 33.871
596.725 60.00 27.2200 100.0 32.774 33.800
596.774 60.00 27.2200 100.0 32.774 33.794
596.823 60.00 27.1900 100.0 32.813 33.914
596.874 60.00 27.2200 100.0 32.774 33.781
596.924 60.00 27.1700 100.0 32.824 33.939
596.974 60.00 27.2400 100.0 32.758 33.717
597.023 60.00 27.1600 100.0 32.840 33.977
597.073 60.00 27.1600 100.0 32.836 33.957
597.123 60.00 27.2200 100.0 32.778 33.760
597.173 60.00 27.1800 100.0 32.817 33.880
597.223 60.00 27.2400 100.0 32.758 33.684
597.272 60.00 27.0900 100.0 32.910 34.173
597.322 60.00 27.2000 100.0 32.801 33.809
597.371 60.00 27.2300 100.0 32.770 33.701
597.423 60.00 27.1500 100.0 32.844 33.937
597.473 60.00 27.1700 100.0 32.824 33.867
597.521 60.00 27.1700 100.0 32.828 33.873
597.571 60.00 27.1700 100.0 32.824 33.854
597.620 60.00 27.1400 100.0 32.863 33.974
597.671 60.00 27.1600 100.0 32.840 33.891
597.721 60.00 27.1500 100.0 32.848 33.909
597.770 60.00 27.2000 100.0 32.797 33.739
597.821 60.00 27.1700 100.0 32.824 33.821
597.870 60.00 27.1200 100.0 32.883 34.005
597.920 60.00 27.1400 100.0 32.860 33.922
597.970 60.00 27.1900 100.0 32.813 33.763
598.019 60.00 27.1700 100.0 32.832 33.821
598.069 60.00 27.1400 100.0 32.863 33.916
598.118 60.00 27.1200 100.0 32.875 33.948
598.169 60.00 27.1600 100.0 32.840 33.827
598.219 60.00 27.1700 100.0 32.824 33.770
598.269 60.00 27.1300 100.0 32.867 33.903
598.318 60.00 27.1700 100.0 32.828 33.770
598.367 60.00 27.0900 100.0 32.910 34.031
598.418 60.00 27.1200 100.0 32.875 33.909
598.468 60.00 27.0900 100.0 32.910 34.017
598.517 60.00 27.1100 100.0 32.891 33.947
598.567 60.00 27.1100 100.0 32.887 33.927
598.616 60.00 27.1400 100.0 32.863 33.845
598.668 60.00 27.0900 100.0 32.906 33.978
598.718 60.00 27.1200 100.0 32.879 33.883
598.767 60.00 27.1000 100.0 32.903 33.953
598.816 60.00 27.0700 100.0 32.926 34.022
598.865 60.00 27.1100 100.0 32.887 33.888
598.917 60.00 27.0900 100.0 32.910 33.958
598.967 60.00 27.0800 100.0 32.918 33.977
599.016 60.00 27.0900 100.0 32.906 33.932
599.065 60.00 27.1200 100.0 32.875 33.825
599.115 60.00 27.0900 100.0 32.906 33.920
599.165 60.00 27.0600 100.0 32.934 34.003
599.215 60.00 27.1200 100.0 32.883 33.831
599.265 60.00 27.1100 100.0 32.891 33.850
599.314 60.00 27.1000 100.0 32.895 33.857
599.365 60.00 27.0700 100.0 32.930 33.966
599.414 60.00 27.1100 100.0 32.887 33.819
599.464 60.00 27.0500 100.0 32.950 34.017
599.514 60.00 27.0700 100.0 32.930 33.947
599.563 60.00 27.0700 100.0 32.926 33.927
599.613 60.00 27.0600 100.0 32.938 33.959
599.662 60.00 27.0600 100.0 32.942 33.965
599.713 60.00 27.0700 100.0 32.930 33.922
599.763 60.00 27.0600 100.0 32.942 33.953
599.812 60.00 27.0900 100.0 32.906 33.832
599.862 60.00 27.0500 100.0 32.945 33.953
599.912 60.00 27.0200 100.0 32.977 34.049
599.963 60.00 27.0400 100.0 32.961 33.991
600.012 60.00 27.0600 100.0 32.938 33.909
600.061 60.00 27.0500 100.0 32.945 33.928
600.111 60.00 27.0600 100.0 32.938 33.896
600.160 60.00 27.0500 100.0 32.945 33.916
600.211 60.00 27.0100 100.0 32.985 34.037
600.261 60.00 27.0100 100.0 32.993 34.057
600.310 60.00 27.0300 100.0 32.965 33.960
600.361 60.00 27.0500 100.0 32.945 33.890
600.409 60.00 27.0200 100.0 32.977 33.987
600.460 60.00 27.0500 100.0 32.950 33.891
600.510 60.00 27.0000 100.0 32.996 34.038
600.559 60.00 27.0300 100.0 32.973 33.955
600.609 60.00 27.0100 100.0 32.993 34.013
600.658 60.00 27.0300 100.0 32.969 33.930
600.709 60.00 27.0000 100.0 32.996 34.013
600.759 60.00 27.0100 100.0 32.993 33.994
600.808 60.00 27.0100 100.0 32.989 33.975
600.858 60.00 27.0200 100.0 32.977 33.930
600.907 60.00 27.0200 100.0 32.977 33.925
600.959 60.00 26.9900 100.0 33.012 34.033
601.009 60.00 27.0800 100.0 32.914 33.709
601.059 60.00 26.9800 100.0 33.016 34.035
601.107 60.00 27.0500 100.0 32.950 33.812
601.156 60.00 27.0000 100.0 33.000 33.972
601.207 60.00 26.9900 100.0 33.008 33.992
601.257 60.00 27.0200 100.0 32.977 33.883
601.307 60.00 26.9700 100.0 33.032 34.056
601.356 60.00 27.0900 100.0 32.906 33.642
601.406 60.00 26.9600 100.0 33.040 34.071
601.456 60.00 27.0100 100.0 32.985 33.885
601.507 60.00 26.9900 100.0 33.004 33.943
601.556 60.00 26.9600 100.0 33.040 34.053
601.605 60.00 27.0700 100.0 32.930 33.690
601.655 60.00 26.9600 100.0 33.043 34.054
601.704 60.00 26.9600 100.0 33.040 34.035
601.755 60.00 26.9500 100.0 33.048 34.055
601.805 60.00 26.9400 100.0 33.063 34.099
601.854 60.00 26.9600 100.0 33.043 34.029
601.904 60.00 26.9300 100.0 33.071 34.112
601.953 60.00 26.9900 100.0 33.012 33.914
602.005 60.00 26.9700 100.0 33.032 33.973
602.055 60.00 26.9400 100.0 33.059 34.056
602.103 60.00 26.9700 100.0 33.032 33.961
602.153 60.00 26.9600 100.0 33.040 33.980
602.202 60.00 26.9400 100.0 33.055 34.025
602.253 60.00 26.9700 100.0 33.028 33.930
602.303 60.00 26.9000 100.0 33.095 34.141
602.352 60.00 26.9200 100.0 33.075 34.070
602.403 60.00 26.9000 100.0 33.095 34.128
602.452 60.00 26.9100 100.0 33.087 34.096
602.502 60.00 26.9300 100.0 33.067 34.026
602.552 60.00 26.9700 100.0 33.028 33.893
602.601 60.00 26.9900 100.0 33.012 33.836
602.651 60.00 26.9400 100.0 33.055 33.971
602.700 60.00 26.9000 100.0 33.099 34.106
602.751 60.00 26.9600 100.0 33.040 33.909
602.801 60.00 26.9000 100.0 33.095 34.081
602.850 60.00 26.9200 100.0 33.083 34.037
602.900 60.00 26.9000 100.0 33.095 34.069
602.949 60.00 26.9000 100.0 33.095 34.063
603.000 60.00 26.9000 100.0 33.102 34.083
603.050 60.00 26.8800 100.0 33.114 34.115
603.101 60.00 26.8800 100.0 33.118 34.122
603.150 60.00 26.8600 100.0 33.138 34.179
603.198 60.00 26.8700 100.0 33.130 34.147
603.249 60.00 26.9200 100.0 33.075 33.962
603.299 60.00 26.8700 100.0 33.130 34.135
603.349 60.00 26.9300 100.0 33.067 33.924
603.398 60.00 26.8800 100.0 33.118 34.086
603.448 60.00 26.9000 100.0 33.095 34.002
603.498 60.00 26.9200 100.0 33.079 33.945
603.549 60.00 26.9200 100.0 33.079 33.940
603.599 60.00 26.9200 100.0 33.079 33.935
603.647 60.00 26.9000 100.0 33.102 34.006
603.697 60.00 26.9000 100.0 33.099 33.988
603.746 60.00 26.8700 100.0 33.130 34.085
603.797 60.00 26.8700 100.0 33.126 34.066
603.847 60.00 26.8700 100.0 33.126 34.060
603.896 60.00 26.8300 100.0 33.169 34.195
603.946 60.00 26.8100 100.0 33.185 34.240
603.996 60.00 26.8400 100.0 33.158 34.144
604.046 60.00 26.8300 100.0 33.169 34.176
604.096 60.00 26.8600 100.0 33.138 34.067
604.145 60.00 26.8400 100.0 33.158 34.126
604.195 60.00 26.8100 100.0 33.193 34.234
604.244 60.00 26.8800 100.0 33.114 33.972
604.295 60.00 26.8900 100.0 33.110 33.954
604.346 60.00 26.8400 100.0 33.158 34.102
604.395 60.00 26.8500 100.0 33.150 34.071
604.444 60.00 26.8000 100.0 33.197 34.218
604.493 60.00 26.8100 100.0 33.185 34.174
604.544 60.00 26.8300 100.0 33.166 34.104
604.594 60.00 26.7400 100.0 33.256 34.392
604.643 60.00 26.8200 100.0 33.177 34.129
604.693 60.00 26.8200 100.0 33.177 34.123
604.742 60.00 26.7900 100.0 33.205 34.207
604.794 60.00 26.8500 100.0 33.150 34.021
604.843 60.00 26.7700 100.0 33.225 34.260
604.892 60.00 26.7500 100.0 33.252 34.342
604.942 60.00 26.8400 100.0 33.162 34.041
604.991 60.00 26.8300 100.0 33.169 34.061
605.043 60.00 26.8800 100.0 33.122 33.902
605.092 60.00 26.8000 100.0 33.201 34.153
605.141 60.00 26.8000 100.0 33.197 34.134
605.191 60.00 26.7700 100.0 33.232 34.243
605.240 60.00 26.7900 100.0 33.209 34.160
605.291 60.00 26.8000 100.0 33.197 34.116
605.341 60.00 26.8300 100.0 33.166 34.008
605.392 60.00 26.7800 100.0 33.221 34.182
605.441 60.00 26.7500 100.0 33.252 34.278
605.490 60.00 26.7700 100.0 33.229 34.196
605.540 60.00 26.7700 100.0 33.232 34.202
605.590 60.00 26.7900 100.0 33.205 34.106
605.640 60.00 26.7700 100.0 33.232 34.190
605.689 60.00 26.7600 100.0 33.237 34.197
605.739 60.00 26.7300 100.0 33.268 34.294
605.788 60.00 26.7700 100.0 33.225 34.147
605.840 60.00 26.7500 100.0 33.252 34.230
605.890 60.00 26.7900 100.0 33.213 34.095
605.938 60.00 26.8200 100.0 33.177 33.975
605.988 60.00 26.7900 100.0 33.213 34.085
606.037 60.00 26.7800 100.0 33.221 34.105
606.088 60.00 26.7800 100.0 33.221 34.100
606.138 60.00 26.8100 100.0 33.189 33.992
606.187 60.00 26.7500 100.0 33.252 34.192
606.237 60.00 26.7900 100.0 33.213 34.057
606.287 60.00 26.7700 100.0 33.232 34.117
606.337 60.00 26.7800 100.0 33.217 34.060
606.387 60.00 26.8100 100.0 33.185 33.952
606.436 60.00 26.7500 100.0 33.248 34.152
606.486 60.00 26.7400 100.0 33.256 34.173
606.535 60.00 26.7900 100.0 33.205 34.000
606.586 60.00 26.7300 100.0 33.264 34.188
606.636 60.00 26.7300 100.0 33.268 34.195
606.686 60.00 26.6900 100.0 33.304 34.305
606.736 60.00 26.8000 100.0 33.201 33.964
606.785 60.00 26.7600 100.0 33.237 34.075
606.835 60.00 26.6600 100.0 33.335 34.391
606.886 60.00 26.8100 100.0 33.193 33.922
606.935 60.00 26.7400 100.0 33.256 34.123
606.984 60.00 26.7300 100.0 33.272 34.169
607.033 60.00 26.6900 100.0 33.312 34.292
607.084 60.00 26.7300 100.0 33.272 34.157
607.134 60.00 26.7200 100.0 33.280 34.177
607.183 60.00 26.7200 100.0 33.276 34.159
607.233 60.00 26.7300 100.0 33.272 34.140
607.283 60.00 26.7000 100.0 33.300 34.225
607.333 60.00 26.7400 100.0 33.256 34.078
607.383 60.00 26.7500 100.0 33.248 34.047
607.433 60.00 26.5900 100.0 33.407 34.557
607.482 60.00 26.7300 100.0 33.272 34.112
607.531 60.00 26.7100 100.0 33.284 34.145
607.582 60.00 26.7000 100.0 33.300 34.191
607.632 60.00 26.7100 100.0 33.284 34.134
607.683 60.00 26.7000 100.0 33.296 34.168
607.732 60.00 26.7000 100.0 33.300 34.175
607.781 60.00 26.6800 100.0 33.323 34.247
607.831 60.00 26.7200 100.0 33.276 34.087
607.881 60.00 26.6700 100.0 33.327 34.249
607.931 60.00 26.7000 100.0 33.300 34.153
607.980 60.00 26.7100 100.0 33.292 34.122
608.030 60.00 26.6900 100.0 33.308 34.168
608.079 60.00 26.6900 100.0 33.312 34.176
608.131 60.00 26.6600 100.0 33.335 34.247
608.181 60.00 26.6800 100.0 33.323 34.203
608.229 60.00 26.6600 100.0 33.335 34.236
608.279 60.00 26.7000 100.0 33.296 34.102
608.328 60.00 26.6400 100.0 33.355 34.290
608.379 60.00 26.6800 100.0 33.323 34.181
608.429 60.00 26.6800 100.0 33.323 34.176
608.478 60.00 26.7100 100.0 33.284 34.042
608.528 60.00 26.6400 100.0 33.355 34.269
608.578 60.00 26.6200 100.0 33.379 34.340
608.628 60.00 26.6600 100.0 33.343 34.218
608.678 60.00 26.6000 100.0 33.395 34.380
608.727 60.00 26.6400 100.0 33.363 34.271
608.777 60.00 26.6800 100.0 33.320 34.124
608.826 60.00 26.6300 100.0 33.367 34.273
608.877 60.00 26.6400 100.0 33.355 34.229
608.927 60.00 26.6900 100.0 33.308 34.069
608.976 60.00 26.6700 100.0 33.331 34.141
609.026 60.00 26.6200 100.0 33.375 34.278
609.075 60.00 26.6500 100.0 33.351 34.195
609.126 60.00 26.6200 100.0 33.379 34.280
609.176 60.00 26.6400 100.0 33.359 34.210
609.227 60.00 26.5700 100.0 33.430 34.436
609.275 60.00 26.6400 100.0 33.359 34.198
609.324 60.00 26.5700 100.0 33.426 34.412
609.375 60.00 26.6500 100.0 33.351 34.161
609.425 60.00 26.6200 100.0 33.383 34.259
609.475 60.00 26.6400 100.0 33.355 34.164
609.524 60.00 26.5800 100.0 33.418 34.364
609.574 60.00 26.6000 100.0 33.399 34.294
609.625 60.00 26.5900 100.0 33.407 34.314
609.675 60.00 26.6400 100.0 33.359 34.154
609.724 60.00 26.6200 100.0 33.375 34.200
609.773 60.00 26.6700 100.0 33.331 34.054
609.823 60.00 26.6100 100.0 33.391 34.242
609.873 60.00 26.5600 100.0 33.442 34.405
609.923 60.00 26.5900 100.0 33.411 34.295
609.973 60.00 26.5400 100.0 33.454 34.432
610.023 60.00 26.6100 100.0 33.387 34.207
610.072 60.00 26.6300 100.0 33.367 34.137
610.121 60.00 26.5900 100.0 33.411 34.274
610.172 60.00 26.5400 100.0 33.454 34.411
610.222 60.00 26.6000 100.0 33.399 34.224
610.271 60.00 26.5800 100.0 33.418 34.283
610.321 60.00 26.6100 100.0 33.391 34.187
610.370 60.00 26.6500 100.0 33.347 34.041
610.422 60.00 26.6000 100.0 33.395 34.191
610.472 60.00 26.5200 100.0 33.474 34.444
610.520 60.00 26.6200 100.0 33.379 34.128
610.570 60.00 26.6000 100.0 33.395 34.175
610.619 60.00 26.5900 100.0 33.411 34.222
610.670 60.00 26.5600 100.0 33.442 34.320
610.720 60.00 26.5600 100.0 33.442 34.315
610.769 60.00 26.5600 100.0 33.442 34.310
610.819 60.00 26.6200 100.0 33.375 34.085
610.868 60.00 26.6200 100.0 33.383 34.106
610.919 60.00 26.5800 100.0 33.415 34.205
610.969 60.00 26.5400 100.0 33.458 34.341
611.019 60.00 26.5600 100.0 33.438 34.271
611.068 60.00 26.5500 100.0 33.450 34.305
611.117 60.00 26.5700 100.0 33.430 34.235
611.168 60.00 26.5200 100.0 33.474 34.372
611.218 60.00 26.5600 100.0 33.434 34.237
611.267 60.00 26.5500 100.0 33.450 34.284
611.317 60.00 26.5600 100.0 33.442 34.253
611.366 60.00 26.5500 100.0 33.446 34.261
611.418 60.00 26.5400 100.0 33.462 34.307
611.467 60.00 26.5400 100.0 33.458 34.289
611.516 60.00 26.5600 100.0 33.442 34.233
611.566 60.00 26.4800 100.0 33.518 34.473
611.615 60.00 26.5600 100.0 33.438 34.208
611.666 60.00 26.5300 100.0 33.466 34.294
611.716 60.00 26.5200 100.0 33.482 34.341
611.766 60.00 26.5300 100.0 33.470 34.296
611.815 60.00 26.5300 100.0 33.466 34.278
611.865 60.00 26.4900 100.0 33.510 34.416
611.916 60.00 26.5500 100.0 33.450 34.216
611.965 60.00 26.5000 100.0 33.498 34.366
612.015 60.00 26.5300 100.0 33.470 34.270
612.064 60.00 26.4800 100.0 33.522 34.433
612.114 60.00 26.5200 100.0 33.474 34.273
612.163 60.00 26.5000 100.0 33.502 34.358
612.214 60.00 26.5000 100.0 33.502 34.353
612.264 60.00 26.5200 100.0 33.482 34.283
612.314 60.00 26.5300 100.0 33.470 34.239
612.363 60.00 26.5300 100.0 33.470 34.234
612.412 60.00 26.4800 100.0 33.522 34.398
612.463 60.00 26.4600 100.0 33.542 34.457
612.513 60.00 26.5400 100.0 33.462 34.192
612.562 60.00 26.5000 100.0 33.494 34.291
612.612 60.00 26.5000 100.0 33.494 34.286
612.661 60.00 26.4500 100.0 33.550 34.462
612.713 60.00 26.5200 100.0 33.474 34.211
612.763 60.00 26.4200 100.0 33.578 34.542
612.812 60.00 26.4400 100.0 33.554 34.459
612.861 60.00 26.5000 100.0 33.502 34.285
612.910 60.00 26.4500 100.0 33.550 34.435
612.962 60.00 26.4600 100.0 33.542 34.404
613.012 60.00 26.5500 100.0 33.446 34.088
613.060 60.00 26.4800 100.0 33.522 34.330
613.110 60.00 26.5200 100.0 33.474 34.170
613.159 60.00 26.4600 100.0 33.542 34.385
613.210 60.00 26.4500 100.0 33.546 34.393
613.260 60.00 26.4300 100.0 33.574 34.478
613.309 60.00 26.4400 100.0 33.554 34.408
613.359 60.00 26.4600 100.0 33.542 34.364
613.409 60.00 26.4400 100.0 33.562 34.423
613.460 60.00 26.4600 100.0 33.542 34.353
613.509 60.00 26.4100 100.0 33.586 34.491
613.558 60.00 26.4400 100.0 33.558 34.394
613.608 60.00 26.4600 100.0 33.542 34.337
613.657 60.00 26.4600 100.0 33.538 34.319
613.708 60.00 26.3700 100.0 33.629 34.612
613.758 60.00 26.4300 100.0 33.570 34.411
613.809 60.00 26.4500 100.0 33.546 34.329
613.858 60.00 26.4600 100.0 33.538 34.298
613.906 60.00 26.4800 100.0 33.518 34.228
613.957 60.00 26.4200 100.0 33.582 34.431
614.007 60.00 26.4000 100.0 33.597 34.477
614.057 60.00 26.4900 100.0 33.510 34.188
614.106 60.00 26.4400 100.0 33.562 34.352
614.156 60.00 26.4900 100.0 33.506 34.166
614.206 60.00 26.4600 100.0 33.542 34.278
614.257 60.00 26.4700 100.0 33.526 34.221
614.306 60.00 26.3500 100.0 33.649 34.619
614.355 60.00 26.4600 100.0 33.542 34.263
614.405 60.00 26.4100 100.0 33.590 34.414
614.454 60.00 26.4300 100.0 33.566 34.331
614.505 60.00 26.4100 100.0 33.586 34.391
614.555 60.00 26.4300 100.0 33.566 34.321
614.604 60.00 26.3900 100.0 33.606 34.446
614.654 60.00 26.3900 100.0 33.606 34.440
614.704 60.00 26.4200 100.0 33.578 34.344
614.755 60.00 26.4100 100.0 33.593 34.391
614.804 60.00 26.3600 100.0 33.641 34.542
614.854 60.00 26.4200 100.0 33.578 34.329
614.904 60.00 26.4000 100.0 33.597 34.389
614.953 60.00 26.4300 100.0 33.570 34.293
615.003 60.00 26.3200 100.0 33.681 34.652
615.053 60.00 26.4000 100.0 33.602 34.387
615.102 60.00 26.4100 100.0 33.593 34.356
615.152 60.00 26.4200 100.0 33.582 34.312
615.201 60.00 26.3700 100.0 33.633 34.476
615.252 60.00 26.3300 100.0 33.665 34.575
615.302 60.00 26.3800 100.0 33.617 34.413
615.352 60.00 26.3900 100.0 33.606 34.369
615.402 60.00 26.3700 100.0 33.629 34.442
615.450 60.00 26.3000 100.0 33.701 34.671
615.501 60.00 26.3400 100.0 33.661 34.535
615.551 60.00 26.4100 100.0 33.590 34.296
615.600 60.00 26.3900 100.0 33.606 34.344
615.650 60.00 26.3600 100.0 33.641 34.456
615.699 60.00 26.3800 100.0 33.617 34.373
615.750 60.00 26.3900 100.0 33.614 34.355
615.800 60.00 26.3400 100.0 33.657 34.493
615.851 60.00 26.3500 100.0 33.649 34.462
615.899 60.00 26.4100 100.0 33.593 34.275
615.948 60.00 26.3700 100.0 33.629 34.388
615.999 60.00 26.3900 100.0 33.606 34.305
616.049 60.00 26.3500 100.0 33.645 34.431
616.099 60.00 26.3900 100.0 33.609 34.309
616.148 60.00 26.3300 100.0 33.669 34.499
616.198 60.00 26.3700 100.0 33.633 34.377
616.248 60.00 26.3900 100.0 33.614 34.308
616.299 60.00 26.3500 100.0 33.645 34.407
616.348 60.00 26.4100 100.0 33.586 34.208
616.397 60.00 26.3100 100.0 33.685 34.529
616.447 60.00 26.3500 100.0 33.654 34.420
616.496 60.00 26.3600 100.0 33.641 34.375
616.547 60.00 26.3100 100.0 33.685 34.514
616.597 60.00 26.3800 100.0 33.621 34.301
616.647 60.00 26.3200 100.0 33.677 34.479
616.696 60.00 26.3100 100.0 33.685 34.500
616.745 60.00 26.2800 100.0 33.717 34.598
616.796 60.00 26.3700 100.0 33.633 34.320
616.847 60.00 26.3000 100.0 33.701 34.536
616.896 60.00 26.3600 100.0 33.641 34.336
616.946 60.00 26.3000 100.0 33.697 34.514
616.994 60.00 26.3100 100.0 33.693 34.496
617.045 60.00 26.3200 100.0 33.681 34.452
617.095 60.00 26.3400 100.0 33.657 34.369
617.144 60.00 26.2600 100.0 33.741 34.638
617.194 60.00 26.2800 100.0 33.717 34.554
617.244 60.00 26.2900 100.0 33.709 34.523
617.295 60.00 26.2600 100.0 33.737 34.608
617.344 60.00 26.2900 100.0 33.705 34.499
617.393 60.00 26.2700 100.0 33.729 34.572
617.443 60.00 26.2800 100.0 33.721 34.541
617.492 60.00 26.2900 100.0 33.705 34.484
617.543 60.00 26.2900 100.0 33.705 34.479
617.593 60.00 26.3100 100.0 33.689 34.421
617.642 60.00 26.3000 100.0 33.697 34.443
617.692 60.00 26.3000 100.0 33.697 34.439
617.742 60.00 26.2900 100.0 33.709 34.473
617.793 60.00 26.3800 100.0 33.621 34.183
617.842 60.00 26.3000 100.0 33.697 34.426
617.891 60.00 26.2600 100.0 33.741 34.564
617.941 60.00 26.3400 100.0 33.661 34.299
617.990 60.00 26.2600 100.0 33.737 34.542
618.041 60.00 26.2500 100.0 33.753 34.589
618.091 60.00 26.2500 100.0 33.745 34.558
618.142 60.00 26.2700 100.0 33.733 34.514
618.190 60.00 26.2400 100.0 33.757 34.587
618.240 60.00 26.2900 100.0 33.705 34.413
618.290 60.00 26.3200 100.0 33.681 34.330
618.340 60.00 26.2700 100.0 33.733 34.496
618.390 60.00 26.2600 100.0 33.737 34.504
618.439 60.00 26.2700 100.0 33.725 34.460
618.489 60.00 26.2600 100.0 33.741 34.507
618.539 60.00 26.2100 100.0 33.793 34.672
618.590 60.00 26.2300 100.0 33.773 34.601
618.639 60.00 26.2500 100.0 33.753 34.531
618.688 60.00 26.2300 100.0 33.773 34.591
618.738 60.00 26.2700 100.0 33.733 34.456
618.787 60.00 26.2300 100.0 33.765 34.555
618.838 60.00 26.2700 100.0 33.733 34.447
618.888 60.00 26.2600 100.0 33.737 34.455
618.937 60.00 26.2300 100.0 33.765 34.541
618.987 60.00 26.2800 100.0 33.721 34.394
619.036 60.00 26.2200 100.0 33.781 34.585
619.087 60.00 26.2400 100.0 33.761 34.515
619.137 60.00 26.3200 100.0 33.681 34.250
619.187 60.00 26.2000 100.0 33.801 34.636
619.236 60.00 26.2300 100.0 33.773 34.540
619.285 60.00 26.1900 100.0 33.814 34.666
619.336 60.00 26.2100 100.0 33.793 34.595
619.386 60.00 26.2200 100.0 33.777 34.538
619.435 60.00 26.2000 100.0 33.798 34.599
619.485 60.00 26.1800 100.0 33.818 34.659
619.535 60.00 26.2100 100.0 33.785 34.549
619.586 60.00 26.1300 100.0 33.866 34.805
619.635 60.00 26.2300 100.0 33.773 34.499
619.684 60.00 26.2100 100.0 33.785 34.534
619.734 60.00 26.1900 100.0 33.814 34.621
619.783 60.00 26.2200 100.0 33.781 34.511
619.834 60.00 26.1800 100.0 33.822 34.637
619.884 60.00 26.1900 100.0 33.806 34.580
619.935 60.00 26.2200 100.0 33.777 34.483
619.984 60.00 26.2100 100.0 33.789 34.518
620.032 60.00 26.2000 100.0 33.798 34.540
620.083 60.00 26.2200 100.0 33.781 34.483
620.133 60.00 26.2300 100.0 33.769 34.439
620.183 60.00 26.2000 100.0 33.798 34.527
620.232 60.00 26.1900 100.0 33.806 34.548
620.281 60.00 26.2000 100.0 33.801 34.530
620.332 60.00 26.2300 100.0 33.773 34.435
620.383 60.00 26.2100 100.0 33.789 34.482
620.433 60.00 26.2300 100.0 33.773 34.426
620.481 60.00 26.1800 100.0 33.822 34.578
620.531 60.00 26.1800 100.0 33.822 34.574
620.581 60.00 26.2000 100.0 33.801 34.504
620.631 60.00 26.2200 100.0 33.781 34.434
620.681 60.00 26.2000 100.0 33.801 34.495
620.730 60.00 26.2100 100.0 33.785 34.439
620.781 60.00 26.2000 100.0 33.801 34.487
620.830 60.00 26.1600 100.0 33.838 34.600
620.881 60.00 26.1500 100.0 33.846 34.622
620.930 60.00 26.1900 100.0 33.809 34.499
620.979 60.00 26.1900 100.0 33.809 34.495
621.030 60.00 26.0900 100.0 33.910 34.817
621.078 60.00 26.1400 100.0 33.862 34.654
621.129 60.00 26.2700 100.0 33.733 34.233
621.179 60.00 26.1500 100.0 33.850 34.607
621.228 60.00 26.1300 100.0 33.870 34.668
621.278 60.00 26.1700 100.0 33.829 34.532
621.327 60.00 26.1700 100.0 33.829 34.528
621.379 60.00 26.1500 100.0 33.850 34.589
621.428 60.00 26.1100 100.0 33.890 34.715
621.477 60.00 26.1100 100.0 33.890 34.710
621.527 60.00 26.1500 100.0 33.850 34.574
621.576 60.00 26.1500 100.0 33.850 34.569
621.627 60.00 26.1200 100.0 33.878 34.656
621.678 60.00 26.1400 100.0 33.854 34.573
621.727 60.00 26.1700 100.0 33.826 34.477
621.776 60.00 26.1500 100.0 33.846 34.539
621.825 60.00 26.1900 100.0 33.806 34.404
621.876 60.00 26.1400 100.0 33.862 34.582
621.926 60.00 26.1300 100.0 33.866 34.591
621.975 60.00 26.1800 100.0 33.818 34.430
622.025 60.00 26.1000 100.0 33.894 34.674
622.074 60.00 26.1200 100.0 33.878 34.617
622.126 60.00 26.1200 100.0 33.878 34.612
622.175 60.00 26.1200 100.0 33.882 34.621
622.225 60.00 26.1100 100.0 33.890 34.642
622.274 60.00 26.1600 100.0 33.838 34.468
622.323 60.00 26.1600 100.0 33.842 34.477
622.374 60.00 26.0900 100.0 33.910 34.695
622.424 60.00 26.0800 100.0 33.922 34.730
622.475 60.00 26.1200 100.0 33.882 34.594
622.523 60.00 26.1200 100.0 33.878 34.576
622.573 60.00 26.1300 100.0 33.870 34.546
622.623 60.00 26.1000 100.0 33.894 34.620
622.673 60.00 26.1000 100.0 33.898 34.628
622.723 60.00 26.1600 100.0 33.838 34.428
622.772 60.00 26.0800 100.0 33.922 34.699
622.823 60.00 26.0900 100.0 33.906 34.642
622.872 60.00 26.1600 100.0 33.838 34.415
622.922 60.00 26.0800 100.0 33.918 34.672
622.972 60.00 26.0700 100.0 33.926 34.694
623.021 60.00 26.0200 100.0 33.974 34.846
623.072 60.00 26.0800 100.0 33.914 34.645
623.121 60.00 26.0700 100.0 33.926 34.679
623.171 60.00 26.0700 100.0 33.926 34.675
623.221 60.00 26.1000 100.0 33.898 34.578
623.270 60.00 26.0600 100.0 33.938 34.705
623.320 60.00 26.1400 100.0 33.854 34.426
623.369 60.00 26.1000 100.0 33.894 34.553
623.420 60.00 26.0400 100.0 33.954 34.745
623.470 60.00 25.9900 100.0 34.011 34.923
623.520 60.00 26.0700 100.0 33.926 34.643
623.569 60.00 26.0700 100.0 33.926 34.638
623.618 60.00 26.0800 100.0 33.914 34.594
623.669 60.00 26.1000 100.0 33.902 34.551
623.719 60.00 26.0900 100.0 33.910 34.573
623.768 60.00 26.0700 100.0 33.926 34.621
623.818 60.00 26.0800 100.0 33.914 34.578
623.867 60.00 26.0900 100.0 33.906 34.547
623.919 60.00 26.0600 100.0 33.934 34.635
623.969 60.00 26.0100 100.0 33.987 34.801
624.017 60.00 26.0800 100.0 33.922 34.586
624.067 60.00 26.0300 100.0 33.966 34.726
624.116 60.00 26.0800 100.0 33.922 34.577
624.167 60.00 25.9800 100.0 34.015 34.874
624.217 60.00 26.0800 100.0 33.922 34.568
624.266 60.00 26.0300 100.0 33.970 34.721
624.317 60.00 25.9700 100.0 34.027 34.900
624.366 60.00 26.0300 100.0 33.966 34.698
624.417 60.00 26.0300 100.0 33.970 34.706
624.466 60.00 25.9500 100.0 34.047 34.951
624.516 60.00 26.1200 100.0 33.878 34.395
624.565 60.00 26.0400 100.0 33.954 34.640
624.615 60.00 26.0800 100.0 33.918 34.518
624.665 60.00 26.0700 100.0 33.926 34.541
624.715 60.00 26.0800 100.0 33.914 34.498
624.765 60.00 26.0500 100.0 33.946 34.599
624.815 60.00 26.0600 100.0 33.942 34.581
624.865 60.00 26.0000 100.0 33.999 34.760
624.914 60.00 26.0600 100.0 33.934 34.547
624.965 60.00 26.0200 100.0 33.974 34.674
625.015 60.00 26.0000 100.0 34.003 34.761
625.063 60.00 25.9900 100.0 34.007 34.769
625.113 60.00 26.0400 100.0 33.962 34.621
625.162 60.00 26.0400 100.0 33.958 34.603
625.213 60.00 26.0200 100.0 33.983 34.678
625.263 60.00 26.0400 100.0 33.958 34.594
625.312 60.00 26.0000 100.0 33.999 34.721
625.362 60.00 25.9500 100.0 34.047 34.875
625.412 60.00 25.9900 100.0 34.007 34.738
625.463 60.00 26.0200 100.0 33.978 34.642
625.512 60.00 26.0000 100.0 33.999 34.703
625.561 60.00 26.0400 100.0 33.962 34.581
625.611 60.00 25.9800 100.0 34.015 34.748
625.660 60.00 25.9700 100.0 34.031 34.795
625.711 60.00 25.9700 100.0 34.031 34.791
625.761 60.00 25.9800 100.0 34.019 34.746
625.810 60.00 26.0000 100.0 33.995 34.663
625.860 60.00 26.0000 100.0 33.995 34.659
625.909 60.00 26.0100 100.0 33.990 34.641
625.961 60.00 26.0100 100.0 33.990 34.637
626.010 60.00 26.0200 100.0 33.983 34.608
626.059 60.00 26.0300 100.0 33.970 34.564
626.109 60.00 26.0100 100.0 33.987 34.613
626.158 60.00 25.9900 100.0 34.011 34.688
626.209 60.00 25.9600 100.0 34.035 34.762
626.259 60.00 25.9600 100.0 34.043 34.784
626.308 60.00 26.0300 100.0 33.966 34.531
626.358 60.00 25.9800 100.0 34.015 34.684
626.408 60.00 25.9900 100.0 34.007 34.654
626.459 60.00 25.9200 100.0 34.084 34.899
626.508 60.00 25.9100 100.0 34.092 34.920
626.558 60.00 25.9200 100.0 34.079 34.875
626.607 60.00 25.9700 100.0 34.031 34.713
626.656 60.00 25.9400 100.0 34.059 34.801
626.707 60.00 25.9200 100.0 34.084 34.875
626.757 60.00 25.9200 100.0 34.084 34.870
626.807 60.00 25.9500 100.0 34.051 34.759
626.856 60.00 25.8300 100.0 34.164 35.124
626.906 60.00 25.8800 100.0 34.120 34.973
626.956 60.00 25.9200 100.0 34.079 34.836
627.006 60.00 25.9400 100.0 34.055 34.753
627.056 60.00 25.8700 100.0 34.132 34.998
627.106 60.00 25.8900 100.0 34.108 34.914
627.155 60.00 25.8500 100.0 34.144 35.027
627.204 60.00 25.9300 100.0 34.067 34.772
627.255 60.00 25.9000 100.0 34.104 34.886
627.305 60.00 25.8900 100.0 34.108 34.894
627.354 60.00 25.9600 100.0 34.035 34.652
627.404 60.00 25.9600 100.0 34.035 34.648
627.453 60.00 25.8700 100.0 34.124 34.934
627.505 60.00 25.9000 100.0 34.104 34.863
627.555 60.00 25.8700 100.0 34.124 34.924
627.603 60.00 25.9000 100.0 34.096 34.827
627.653 60.00 25.9200 100.0 34.079 34.769
627.702 60.00 25.8700 100.0 34.128 34.924
627.753 60.00 25.9000 100.0 34.100 34.826
627.803 60.00 25.9200 100.0 34.084 34.769
627.852 60.00 25.9000 100.0 34.100 34.817
627.903 60.00 25.8400 100.0 34.156 34.997
627.952 60.00 25.8500 100.0 34.144 34.953
628.002 60.00 25.8100 100.0 34.189 35.092
628.052 60.00 25.9100 100.0 34.092 34.771
628.101 60.00 25.8900 100.0 34.108 34.819
628.151 60.00 25.8900 100.0 34.112 34.828
628.200 60.00 25.9200 100.0 34.079 34.718
628.251 60.00 25.9000 100.0 34.100 34.780
628.301 60.00 25.8600 100.0 34.140 34.907
628.352 60.00 25.8800 100.0 34.120 34.836
628.401 60.00 25.8000 100.0 34.201 35.095
628.449 60.00 25.9200 100.0 34.075 34.682
628.500 60.00 25.8700 100.0 34.128 34.849
628.550 60.00 25.8400 100.0 34.156 34.937
628.600 60.00 25.9600 100.0 34.043 34.564
628.649 60.00 25.8600 100.0 34.136 34.863
628.698 60.00 25.8400 100.0 34.160 34.937
628.749 60.00 25.8600 100.0 34.140 34.867
628.800 60.00 25.7900 100.0 34.213 35.099
628.849 60.00 25.8800 100.0 34.116 34.778
628.899 60.00 25.8400 100.0 34.160 34.918
628.948 60.00 25.8400 100.0 34.156 34.900
628.998 60.00 25.8600 100.0 34.136 34.830
629.048 60.00 25.8300 100.0 34.164 34.917
629.098 60.00 25.8800 100.0 34.120 34.768
629.147 60.00 25.8800 100.0 34.116 34.751
629.197 60.00 25.8500 100.0 34.144 34.839
629.246 60.00 25.8400 100.0 34.156 34.874
629.297 60.00 25.6800 100.0 34.319 35.397
629.347 60.00 25.8200 100.0 34.177 34.929
629.397 60.00 25.8600 100.0 34.136 34.792
629.446 60.00 25.8900 100.0 34.112 34.709
629.495 60.00 25.8100 100.0 34.185 34.943
629.546 60.00 25.8100 100.0 34.185 34.938
629.596 60.00 25.8500 100.0 34.144 34.802
629.645 60.00 25.8500 100.0 34.144 34.797
629.695 60.00 25.8900 100.0 34.108 34.675
629.744 60.00 25.9800 100.0 34.023 34.395
629.796 60.00 25.8400 100.0 34.156 34.827
629.846 60.00 25.8700 100.0 34.132 34.744
629.894 60.00 25.8100 100.0 34.189 34.924
629.944 60.00 25.8300 100.0 34.164 34.840
629.993 60.00 25.8300 100.0 34.173 34.863
630.044 60.00 25.7700 100.0 34.225 35.030
630.094 60.00 25.7600 100.0 34.242 35.078
630.143 60.00 25.8300 100.0 34.173 34.848
630.193 60.00 25.9000 100.0 34.104 34.620
630.243 60.00 25.8500 100.0 34.144 34.749
630.293 60.00 25.8300 100.0 34.164 34.810
630.343 60.00 25.7000 100.0 34.294 35.229
630.392 60.00 25.7500 100.0 34.254 35.090
630.442 60.00 25.7200 100.0 34.278 35.165
630.491 60.00 25.7900 100.0 34.213 34.948
630.542 60.00 25.8600 100.0 34.136 34.693
630.592 60.00 25.8600 100.0 34.140 34.703
630.643 60.00 25.7500 100.0 34.246 35.043
630.692 60.00 25.7600 100.0 34.242 35.024
630.740 60.00 25.8100 100.0 34.193 34.860
630.791 60.00 25.7800 100.0 34.217 34.936
630.841 60.00 25.8000 100.0 34.201 34.878
630.891 60.00 25.8100 100.0 34.193 34.847
630.940 60.00 25.8200 100.0 34.181 34.804
630.990 60.00 25.7800 100.0 34.217 34.919
631.040 60.00 25.7700 100.0 34.225 34.941
631.090 60.00 25.7800 100.0 34.217 34.910
631.140 60.00 25.7700 100.0 34.225 34.932
631.189 60.00 25.7800 100.0 34.221 34.914
631.240 60.00 25.7700 100.0 34.225 34.923
631.288 60.00 25.7400 100.0 34.262 35.038
631.339 60.00 25.7800 100.0 34.221 34.901
631.389 60.00 25.6400 100.0 34.360 35.346
631.438 60.00 25.8100 100.0 34.185 34.772
631.488 60.00 25.7000 100.0 34.303 35.151
631.537 60.00 25.8600 100.0 34.140 34.618
631.588 60.00 25.7400 100.0 34.262 35.011
631.639 60.00 25.7700 100.0 34.233 34.913
631.688 60.00 25.7800 100.0 34.217 34.857
631.737 60.00 25.7600 100.0 34.238 34.919
631.786 60.00 25.7600 100.0 34.238 34.914
631.837 60.00 25.6800 100.0 34.323 35.188
631.887 60.00 25.8000 100.0 34.197 34.773
631.936 60.00 25.6800 100.0 34.323 35.179
631.986 60.00 25.8000 100.0 34.197 34.764
632.035 60.00 25.7800 100.0 34.217 34.826
632.087 60.00 25.8000 100.0 34.197 34.757
632.136 60.00 25.8000 100.0 34.201 34.766
632.185 60.00 25.7700 100.0 34.225 34.842
632.235 60.00 25.7600 100.0 34.242 34.891
632.284 60.00 25.7600 100.0 34.238 34.873
632.335 60.00 25.8000 100.0 34.201 34.750
632.385 60.00 25.7900 100.0 34.205 34.761
632.435 60.00 25.8000 100.0 34.197 34.731
632.484 60.00 25.8000 100.0 34.201 34.740
632.533 60.00 25.8100 100.0 34.189 34.698
632.584 60.00 25.7700 100.0 34.225 34.813
632.634 60.00 25.7300 100.0 34.266 34.942
632.683 60.00 25.7400 100.0 34.258 34.910
632.733 60.00 25.7600 100.0 34.238 34.841
632.782 60.00 25.7600 100.0 34.242 34.850
632.834 60.00 25.7200 100.0 34.278 34.965
632.884 60.00 25.7100 100.0 34.290 35.001
632.934 60.00 25.7400 100.0 34.262 34.904
632.982 60.00 25.7200 100.0 34.274 34.939
633.032 60.00 25.7200 100.0 34.274 34.935
633.083 60.00 25.8200 100.0 34.177 34.614
633.132 60.00 25.7300 100.0 34.266 34.902
633.182 60.00 25.7200 100.0 34.278 34.937
633.231 60.00 25.7300 100.0 34.270 34.907
633.281 60.00 25.7600 100.0 34.238 34.797
633.331 60.00 25.7700 100.0 34.233 34.780
633.381 60.00 25.7100 100.0 34.290 34.962
633.431 60.00 25.7400 100.0 34.262 34.865
633.481 60.00 25.7100 100.0 34.290 34.954
633.530 60.00 25.7200 100.0 34.278 34.910
633.579 60.00 25.7700 100.0 34.225 34.735
633.630 60.00 25.7600 100.0 34.238 34.771
633.680 60.00 25.7000 100.0 34.303 34.979
633.729 60.00 25.6800 100.0 34.319 35.027
633.779 60.00 25.7800 100.0 34.217 34.693
633.828 60.00 25.7500 100.0 34.254 34.808
633.880 60.00 25.7500 100.0 34.250 34.792
633.929 60.00 25.7600 100.0 34.238 34.749
633.978 60.00 25.8400 100.0 34.156 34.483
634.028 60.00 25.7400 100.0 34.258 34.810
634.077 60.00 25.7200 100.0 34.274 34.859
634.128 60.00 25.7000 100.0 34.294 34.921
634.178 60.00 25.7300 100.0 34.266 34.826
634.227 60.00 25.6800 100.0 34.319 34.993
634.278 60.00 25.7000 100.0 34.303 34.937
634.326 60.00 25.7900 100.0 34.213 34.642
634.377 60.00 25.6800 100.0 34.319 34.983
634.427 60.00 25.7200 100.0 34.278 34.846
634.476 60.00 25.7100 100.0 34.290 34.883
634.526 60.00 25.7600 100.0 34.238 34.707
634.575 60.00 25.6800 100.0 34.319 34.968
634.626 60.00 25.6800 100.0 34.315 34.951
634.677 60.00 25.7200 100.0 34.274 34.815
634.726 60.00 25.7500 100.0 34.250 34.732
634.775 60.00 25.7300 100.0 34.270 34.796
634.824 60.00 25.7200 100.0 34.278 34.818
634.875 60.00 25.6900 100.0 34.311 34.921
634.925 60.00 25.7200 100.0 34.278 34.811
634.975 60.00 25.7100 100.0 34.286 34.835
635.024 60.00 25.7000 100.0 34.303 34.884
635.073 60.00 25.7300 100.0 34.266 34.762
635.124 60.00 25.6800 100.0 34.319 34.930
635.174 60.00 25.7000 100.0 34.298 34.860
635.224 60.00 25.7100 100.0 34.290 34.830
635.274 60.00 25.6800 100.0 34.315 34.906
635.323 60.00 25.6700 100.0 34.331 34.956
635.373 60.00 25.6800 100.0 34.323 34.925
635.423 60.00 25.6500 100.0 34.347 35.001
635.473 60.00 25.6800 100.0 34.315 34.891
635.522 60.00 25.6400 100.0 34.356 35.020
635.572 60.00 25.6600 100.0 34.335 34.949
635.621 60.00 25.6700 100.0 34.327 34.919
635.673 60.00 25.6800 100.0 34.315 34.876
635.723 60.00 25.7200 100.0 34.278 34.753
635.771 60.00 25.6600 100.0 34.339 34.948
635.821 60.00 25.7200 100.0 34.282 34.760
635.870 60.00 25.6600 100.0 34.339 34.941
635.921 60.00 25.6500 100.0 34.347 34.964
635.971 60.00 25.7300 100.0 34.270 34.709
636.021 60.00 25.7200 100.0 34.282 34.746
636.071 60.00 25.6400 100.0 34.360 34.995
636.119 60.00 25.6800 100.0 34.315 34.845
636.170 60.00 25.6700 100.0 34.331 34.895
636.220 60.00 25.6800 100.0 34.323 34.865
636.269 60.00 25.6900 100.0 34.311 34.822
636.319 60.00 25.6300 100.0 34.368 35.004
636.368 60.00 25.6200 100.0 34.380 35.040
636.419 60.00 25.6900 100.0 34.311 34.810
636.470 60.00 25.6300 100.0 34.368 34.993
636.519 60.00 25.6600 100.0 34.339 34.895
636.568 60.00 25.6400 100.0 34.364 34.972
636.617 60.00 25.6400 100.0 34.360 34.955
636.668 60.00 25.6700 100.0 34.331 34.859
636.718 60.00 25.7300 100.0 34.270 34.657
636.767 60.00 25.6400 100.0 34.356 34.932
636.817 60.00 25.6600 100.0 34.343 34.889
636.867 60.00 25.6600 100.0 34.343 34.885
636.918 60.00 25.6300 100.0 34.368 34.962
636.967 60.00 25.6300 100.0 34.368 34.958
637.016 60.00 25.6600 100.0 34.335 34.848
637.066 60.00 25.6400 100.0 34.364 34.938
637.116 60.00 25.6800 100.0 34.315 34.775
637.166 60.00 25.7200 100.0 34.278 34.653
637.216 60.00 25.6400 100.0 34.360 34.916
637.266 60.00 25.6100 100.0 34.392 35.018
637.315 60.00 25.6500 100.0 34.347 34.869
637.365 60.00 25.6000 100.0 34.400 35.038
637.415 60.00 25.6300 100.0 34.368 34.928
637.465 60.00 25.6700 100.0 34.331 34.805
637.516 60.00 25.5900 100.0 34.413 35.067
637.564 60.00 25.6400 100.0 34.364 34.904
637.614 60.00 25.6100 100.0 34.388 34.981
637.663 60.00 25.6800 100.0 34.319 34.751
637.714 60.00 25.6300 100.0 34.372 34.920
637.764 60.00 25.5500 100.0 34.445 35.155
637.813 60.00 25.6900 100.0 34.311 34.714
637.863 60.00 25.6100 100.0 34.392 34.977
637.912 60.00 25.6600 100.0 34.335 34.787
637.964 60.00 25.6400 100.0 34.360 34.864
638.013 60.00 25.6300 100.0 34.368 34.888
638.062 60.00 25.5900 100.0 34.404 35.003
638.112 60.00 25.6100 100.0 34.392 34.960
638.161 60.00 25.5700 100.0 34.433 35.089
638.212 60.00 25.5600 100.0 34.437 35.098
638.262 60.00 25.5900 100.0 34.404 34.988
638.311 60.00 25.5800 100.0 34.417 35.024
638.362 60.00 25.5700 100.0 34.425 35.046
638.411 60.00 25.5900 100.0 34.409 34.990
638.461 60.00 25.5200 100.0 34.474 35.199
638.511 60.00 25.5900 100.0 34.404 34.968
638.560 60.00 25.5000 100.0 34.494 35.257
638.610 60.00 25.5800 100.0 34.417 35.000
638.659 60.00 25.5900 100.0 34.413 34.983
638.710 60.00 25.5700 100.0 34.433 35.046
638.760 60.00 25.5700 100.0 34.433 35.042
638.810 60.00 25.6200 100.0 34.380 34.866
638.860 60.00 25.5900 100.0 34.404 34.942
638.908 60.00 25.6000 100.0 34.396 34.912
638.960 60.00 25.5100 100.0 34.490 35.215
639.010 60.00 25.5500 100.0 34.450 35.078
639.059 60.00 25.5500 100.0 34.450 35.074
639.108 60.00 25.5200 100.0 34.474 35.149
639.157 60.00 25.6100 100.0 34.392 34.879
639.208 60.00 25.5300 100.0 34.470 35.129
639.258 60.00 25.5700 100.0 34.433 35.005
639.308 60.00 25.5500 100.0 34.450 35.055
639.357 60.00 25.5500 100.0 34.445 35.037
639.406 60.00 25.5700 100.0 34.433 34.994
639.458 60.00 25.5800 100.0 34.417 34.937
639.507 60.00 25.5700 100.0 34.425 34.960
639.557 60.00 25.5700 100.0 34.429 34.971
639.606 60.00 25.5700 100.0 34.433 34.980
639.656 60.00 25.5300 100.0 34.466 35.083
639.706 60.00 25.5800 100.0 34.421 34.933
639.756 60.00 25.5300 100.0 34.466 35.076
639.807 60.00 25.5700 100.0 34.433 34.966
639.856 60.00 25.4900 100.0 34.511 35.216
639.905 60.00 25.5200 100.0 34.474 35.091
639.954 60.00 25.5000 100.0 34.503 35.180
640.005 60.00 25.4600 100.0 34.544 35.309
640.055 60.00 25.5000 100.0 34.494 35.144
640.104 60.00 25.5700 100.0 34.429 34.928
640.154 60.00 25.5500 100.0 34.450 34.992
640.203 60.00 25.5500 100.0 34.445 34.974
640.255 60.00 25.5500 100.0 34.450 34.985
640.304 60.00 25.4700 100.0 34.531 35.247
640.353 60.00 25.5500 100.0 34.453 34.990
640.403 60.00 25.4900 100.0 34.511 35.173
640.452 60.00 25.5700 100.0 34.433 34.916
640.503 60.00 25.5500 100.0 34.445 34.952
640.553 60.00 25.5700 100.0 34.425 34.883
640.603 60.00 25.5700 100.0 34.425 34.880
640.653 60.00 25.5200 100.0 34.474 35.037
640.702 60.00 25.5300 100.0 34.470 35.020
640.752 60.00 25.4800 100.0 34.519 35.177
640.802 60.00 25.5000 100.0 34.494 35.092
640.851 60.00 25.5800 100.0 34.421 34.849
640.901 60.00 25.5800 100.0 34.417 34.834
640.950 60.00 25.4600 100.0 34.540 35.230
641.001 60.00 25.5000 100.0 34.494 35.079
641.051 60.00 25.4900 100.0 34.507 35.115
641.100 60.00 25.5000 100.0 34.499 35.086
641.150 60.00 25.6000 100.0 34.396 34.749
641.199 60.00 25.5100 100.0 34.486 35.039
641.251 60.00 25.4600 100.0 34.535 35.195
641.300 60.00 25.5600 100.0 34.441 34.886
641.350 60.00 25.5100 100.0 34.490 35.042
641.399 60.00 25.5000 100.0 34.499 35.066
641.448 60.00 25.4800 100.0 34.515 35.115
641.499 60.00 25.5000 100.0 34.499 35.059
641.549 60.00 25.4700 100.0 34.527 35.148
641.599 60.00 25.5200 100.0 34.482 34.997
641.649 60.00 25.4800 100.0 34.515 35.101
641.698 60.00 25.5300 100.0 34.470 34.951
641.749 60.00 25.5100 100.0 34.490 35.014
641.798 60.00 25.4600 100.0 34.540 35.171
641.848 60.00 25.5300 100.0 34.466 34.927
641.897 60.00 25.5300 100.0 34.470 34.938
641.947 60.00 25.5000 100.0 34.499 35.028
641.996 60.00 25.5300 100.0 34.466 34.918
642.047 60.00 25.4300 100.0 34.572 35.262
642.098 60.00 25.4600 100.0 34.540 35.151
642.146 60.00 25.5000 100.0 34.499 35.014
642.196 60.00 25.5900 100.0 34.409 34.718
642.245 60.00 25.4400 100.0 34.560 35.208
642.296 60.00 25.5000 100.0 34.494 34.991
642.346 60.00 25.5000 100.0 34.503 35.015
642.395 60.00 25.5200 100.0 34.474 34.918
642.445 60.00 25.4900 100.0 34.507 35.022
642.495 60.00 25.4800 100.0 34.515 35.046
642.546 60.00 25.4400 100.0 34.556 35.175
642.595 60.00 25.4500 100.0 34.548 35.145
642.644 60.00 25.4300 100.0 34.568 35.207
642.694 60.00 25.4700 100.0 34.527 35.070
642.743 60.00 25.4800 100.0 34.523 35.053
642.794 60.00 25.4900 100.0 34.511 35.011
642.844 60.00 25.5100 100.0 34.490 34.941
642.893 60.00 25.4900 100.0 34.507 34.991
642.944 60.00 25.4700 100.0 34.531 35.068
642.992 60.00 25.4900 100.0 34.511 34.998
643.043 60.00 25.4600 100.0 34.540 35.088
643.093 60.00 25.4300 100.0 34.572 35.192
643.143 60.00 25.4100 100.0 34.585 35.228
643.193 60.00 25.4700 100.0 34.531 35.050
643.241 60.00 25.4900 100.0 34.511 34.981
643.292 60.00 25.4400 100.0 34.560 35.138
643.342 60.00 25.4800 100.0 34.523 35.013
643.391 60.00 25.4300 100.0 34.564 35.144
643.441 60.00 25.4500 100.0 34.552 35.101
643.490 60.00 25.4600 100.0 34.544 35.070
643.541 60.00 25.4700 100.0 34.531 35.027
643.592 60.00 25.4100 100.0 34.589 35.211
643.642 60.00 25.3900 100.0 34.609 35.273
643.690 60.00 25.4000 100.0 34.601 35.243
643.740 60.00 25.4100 100.0 34.589 35.199
643.790 60.00 25.4400 100.0 34.556 35.088
643.840 60.00 25.4300 100.0 34.572 35.138
643.890 60.00 25.4600 100.0 34.540 35.028
643.939 60.00 25.4300 100.0 34.572 35.132
643.990 60.00 25.4200 100.0 34.576 35.141
644.038 60.00 25.4700 100.0 34.527 34.978
644.089 60.00 25.4700 100.0 34.531 34.988
644.139 60.00 25.5000 100.0 34.499 34.880
644.188 60.00 25.4300 100.0 34.568 35.103
644.238 60.00 25.4000 100.0 34.597 35.193
644.287 60.00 25.4000 100.0 34.597 35.190
644.339 60.00 25.4100 100.0 34.593 35.173
644.388 60.00 25.4300 100.0 34.564 35.075
644.437 60.00 25.4100 100.0 34.585 35.139
644.487 60.00 25.4300 100.0 34.572 35.096
644.536 60.00 25.4000 100.0 34.601 35.186
644.587 60.00 25.4000 100.0 34.597 35.169
644.637 60.00 25.3800 100.0 34.618 35.232
644.686 60.00 25.4200 100.0 34.581 35.108
644.736 60.00 25.3900 100.0 34.613 35.211
644.786 60.00 25.4100 100.0 34.593 35.141
644.836 60.00 25.4100 100.0 34.585 35.111
644.886 60.00 25.4300 100.0 34.572 35.068
644.935 60.00 25.4100 100.0 34.589 35.117
644.985 60.00 25.4300 100.0 34.568 35.047
645.034 60.00 25.4600 100.0 34.540 34.951
645.085 60.00 25.4000 100.0 34.601 35.149
645.135 60.00 25.4200 100.0 34.576 35.065
645.184 60.00 25.4000 100.0 34.597 35.129
645.234 60.00 25.3700 100.0 34.626 35.219
645.283 60.00 25.3700 100.0 34.630 35.228
645.335 60.00 25.4600 100.0 34.544 34.945
645.384 60.00 25.4500 100.0 34.552 34.969
645.433 60.00 25.4100 100.0 34.593 35.100
645.483 60.00 25.4100 100.0 34.589 35.083
645.532 60.00 25.4100 100.0 34.593 35.094
645.583 60.00 25.3900 100.0 34.613 35.157
645.633 60.00 25.3800 100.0 34.618 35.167
645.684 60.00 25.3400 100.0 34.655 35.284
645.733 60.00 25.3800 100.0 34.618 35.160
645.781 60.00 25.4100 100.0 34.593 35.076
645.832 60.00 25.3700 100.0 34.626 35.180
645.882 60.00 25.4300 100.0 34.564 34.976
645.932 60.00 25.4100 100.0 34.593 35.067
645.981 60.00 25.4100 100.0 34.585 35.037
646.031 60.00 25.3900 100.0 34.609 35.115
646.081 60.00 25.3700 100.0 34.630 35.178
646.132 60.00 25.3400 100.0 34.659 35.268
646.182 60.00 25.4200 100.0 34.581 35.011
646.230 60.00 25.3300 100.0 34.667 35.288
646.280 60.00 25.3900 100.0 34.605 35.084
646.329 60.00 25.3300 100.0 34.667 35.281
646.380 60.00 25.3400 100.0 34.663 35.265
646.430 60.00 25.3300 100.0 34.671 35.287
646.479 60.00 25.3600 100.0 34.634 35.163
646.529 60.00 25.3400 100.0 34.655 35.227
646.579 60.00 25.3600 100.0 34.638 35.170
646.629 60.00 25.3500 100.0 34.650 35.206
646.679 60.00 25.3400 100.0 34.655 35.216
646.728 60.00 25.3700 100.0 34.626 35.119
646.778 60.00 25.2500 100.0 34.749 35.518
646.827 60.00 25.3900 100.0 34.613 35.072
646.878 60.00 25.2900 100.0 34.704 35.363
646.928 60.00 25.3500 100.0 34.650 35.184
646.978 60.00 25.3500 100.0 34.650 35.181
647.027 60.00 25.3600 100.0 34.642 35.152
647.076 60.00 25.4000 100.0 34.601 35.015
647.127 60.00 25.3000 100.0 34.696 35.319
647.178 60.00 25.3400 100.0 34.655 35.182
647.227 60.00 25.3200 100.0 34.675 35.245
647.276 60.00 25.3500 100.0 34.646 35.148
647.325 60.00 25.3200 100.0 34.675 35.238
647.376 60.00 25.3100 100.0 34.691 35.288
647.426 60.00 25.3400 100.0 34.663 35.191
647.475 60.00 25.3100 100.0 34.691 35.281
647.525 60.00 25.3400 100.0 34.663 35.184
647.575 60.00 25.3500 100.0 34.650 35.141
647.625 60.00 25.2700 100.0 34.729 35.392
647.675 60.00 25.2900 100.0 34.708 35.321
647.725 60.00 25.3400 100.0 34.659 35.156
647.774 60.00 25.3100 100.0 34.687 35.247
647.823 60.00 25.3900 100.0 34.609 34.990
647.874 60.00 25.3500 100.0 34.650 35.120
647.924 60.00 25.2800 100.0 34.720 35.346
647.975 60.00 25.3500 100.0 34.646 35.100
648.024 60.00 25.3400 100.0 34.663 35.151
648.073 60.00 25.3000 100.0 34.696 35.255
648.123 60.00 25.3800 100.0 34.622 35.011
648.173 60.00 25.3300 100.0 34.667 35.155
648.223 60.00 25.3000 100.0 34.696 35.246
648.272 60.00 25.3500 100.0 34.646 35.082
648.322 60.00 25.3700 100.0 34.630 35.026
648.372 60.00 25.3200 100.0 34.679 35.184
648.423 60.00 25.3000 100.0 34.700 35.248
648.472 60.00 25.3300 100.0 34.671 35.151
648.521 60.00 25.3300 100.0 34.671 35.148
648.571 60.00 25.3400 100.0 34.663 35.118
648.620 60.00 25.3400 100.0 34.663 35.115
648.671 60.00 25.2900 100.0 34.708 35.259
648.721 60.00 25.3400 100.0 34.659 35.095
648.770 60.00 25.3400 100.0 34.659 35.093
648.821 60.00 25.2700 100.0 34.724 35.304
648.870 60.00 25.2800 100.0 34.720 35.287
648.920 60.00 25.3200 100.0 34.683 35.163
648.971 60.00 25.3100 100.0 34.691 35.187
649.020 60.00 25.3200 100.0 34.675 35.130
649.070 60.00 25.2400 100.0 34.762 35.409
649.118 60.00 25.3200 100.0 34.679 35.137
649.169 60.00 25.2700 100.0 34.733 35.308
649.219 60.00 25.2900 100.0 34.704 35.211
649.268 60.00 25.2600 100.0 34.741 35.328
649.318 60.00 25.2900 100.0 34.708 35.217
649.367 60.00 25.3100 100.0 34.691 35.160
649.419 60.00 25.2600 100.0 34.741 35.318
649.468 60.00 25.2500 100.0 34.745 35.328
649.517 60.00 25.2800 100.0 34.716 35.230
649.567 60.00 25.2700 100.0 34.729 35.267
649.616 60.00 25.3200 100.0 34.683 35.117
649.667 60.00 25.2700 100.0 34.729 35.261
649.717 60.00 25.3200 100.0 34.679 35.098
649.766 60.00 25.2800 100.0 34.720 35.229
649.817 60.00 25.2700 100.0 34.733 35.265
649.866 60.00 25.2800 100.0 34.716 35.209
649.916 60.00 25.4000 100.0 34.597 34.818
649.966 60.00 25.2000 100.0 34.799 35.473
650.016 60.00 25.2500 100.0 34.753 35.321
650.065 60.00 25.3100 100.0 34.687 35.103
650.115 60.00 25.3200 100.0 34.675 35.060
650.165 60.00 25.2300 100.0 34.770 35.366
650.216 60.00 25.3600 100.0 34.642 34.948
650.266 60.00 25.2500 100.0 34.749 35.293
650.314 60.00 25.2500 100.0 34.745 35.277
650.364 60.00 25.2700 100.0 34.729 35.219
650.413 60.00 25.2400 100.0 34.758 35.310
650.464 60.00 25.2500 100.0 34.749 35.280
650.514 60.00 25.2200 100.0 34.778 35.370
650.563 60.00 25.3000 100.0 34.700 35.112
650.614 60.00 25.2300 100.0 34.766 35.324
650.663 60.00 25.2900 100.0 34.712 35.146
650.713 60.00 25.2200 100.0 34.782 35.372
650.763 60.00 25.2800 100.0 34.720 35.167
650.812 60.00 25.2100 100.0 34.786 35.378
650.862 60.00 25.2700 100.0 34.724 35.174
650.911 60.00 25.2200 100.0 34.774 35.332
650.962 60.00 25.2500 100.0 34.753 35.261
651.012 60.00 25.2200 100.0 34.774 35.325
651.061 60.00 25.2000 100.0 34.795 35.389
651.111 60.00 25.2300 100.0 34.766 35.291
651.160 60.00 25.2300 100.0 34.770 35.301
651.211 60.00 25.2500 100.0 34.753 35.244
651.262 60.00 25.2100 100.0 34.790 35.362
651.310 60.00 25.2400 100.0 34.762 35.264
651.360 60.00 25.2700 100.0 34.733 35.167
651.409 60.00 25.1900 100.0 34.811 35.419
651.460 60.00 25.2600 100.0 34.737 35.175
651.510 60.00 25.2500 100.0 34.753 35.225
651.559 60.00 25.1900 100.0 34.811 35.410
651.609 60.00 25.2200 100.0 34.782 35.312
651.659 60.00 25.2200 100.0 34.778 35.295
651.709 60.00 25.2400 100.0 34.762 35.239
651.759 60.00 25.2100 100.0 34.786 35.316
651.808 60.00 25.1800 100.0 34.824 35.434
651.858 60.00 25.2400 100.0 34.758 35.215
651.907 60.00 25.2700 100.0 34.729 35.118
651.958 60.00 25.2300 100.0 34.770 35.250
652.008 60.00 25.1800 100.0 34.819 35.408
652.059 60.00 25.2300 100.0 34.770 35.243
652.108 60.00 25.1900 100.0 34.811 35.374
652.156 60.00 25.2200 100.0 34.774 35.250
652.207 60.00 25.2000 100.0 34.799 35.328
652.257 60.00 25.2600 100.0 34.737 35.124
652.307 60.00 25.2200 100.0 34.778 35.255
652.356 60.00 25.1800 100.0 34.815 35.373
652.406 60.00 25.2500 100.0 34.753 35.168
652.456 60.00 25.1500 100.0 34.853 35.488
652.507 60.00 25.2000 100.0 34.795 35.296
652.556 60.00 25.2100 100.0 34.790 35.279
652.605 60.00 25.2800 100.0 34.720 35.048
652.655 60.00 25.2200 100.0 34.774 35.220
652.704 60.00 25.2000 100.0 34.799 35.298
652.755 60.00 25.1700 100.0 34.828 35.389
652.805 60.00 25.2300 100.0 34.770 35.197
652.854 60.00 25.2200 100.0 34.782 35.235
652.905 60.00 25.1800 100.0 34.824 35.367
652.954 60.00 25.2100 100.0 34.786 35.242
653.005 60.00 25.1700 100.0 34.828 35.374
653.054 60.00 25.1800 100.0 34.815 35.330
653.104 60.00 25.1900 100.0 34.807 35.300
653.153 60.00 25.2000 100.0 34.799 35.270
653.202 60.00 25.1700 100.0 34.832 35.374
653.253 60.00 25.2000 100.0 34.803 35.277
653.303 60.00 25.1800 100.0 34.815 35.314
653.352 60.00 25.2000 100.0 34.803 35.271
653.402 60.00 25.2300 100.0 34.770 35.160
653.452 60.00 25.2500 100.0 34.745 35.078
653.503 60.00 25.1900 100.0 34.807 35.278
653.553 60.00 25.2100 100.0 34.786 35.207
653.601 60.00 25.2000 100.0 34.799 35.245
653.651 60.00 25.2000 100.0 34.799 35.242
653.700 60.00 25.1700 100.0 34.832 35.346
653.751 60.00 25.1400 100.0 34.856 35.423
653.801 60.00 25.1900 100.0 34.807 35.260
653.850 60.00 25.1800 100.0 34.824 35.310
653.900 60.00 25.1700 100.0 34.832 35.334
653.950 60.00 25.1800 100.0 34.815 35.277
654.001 60.00 25.2200 100.0 34.778 35.153
654.050 60.00 25.1700 100.0 34.832 35.325
654.100 60.00 25.1600 100.0 34.836 35.336
654.149 60.00 25.1000 100.0 34.902 35.548
654.198 60.00 25.1200 100.0 34.877 35.463
654.249 60.00 25.1600 100.0 34.840 35.338
654.299 60.00 25.1500 100.0 34.853 35.376
654.350 60.00 25.1400 100.0 34.856 35.385
654.399 60.00 25.1500 100.0 34.853 35.369
654.448 60.00 25.1100 100.0 34.886 35.474
654.498 60.00 25.1400 100.0 34.856 35.375
654.548 60.00 25.1300 100.0 34.869 35.413
654.598 60.00 25.1500 100.0 34.844 35.329
654.647 60.00 25.1300 100.0 34.865 35.393
654.697 60.00 25.1000 100.0 34.898 35.497
654.747 60.00 25.1400 100.0 34.861 35.373
654.798 60.00 25.1100 100.0 34.890 35.464
654.847 60.00 25.1700 100.0 34.828 35.258
654.896 60.00 25.1400 100.0 34.856 35.349
654.946 60.00 25.1500 100.0 34.848 35.320
654.995 60.00 25.1500 100.0 34.844 35.303
655.046 60.00 25.1500 100.0 34.853 35.327
655.096 60.00 25.1300 100.0 34.869 35.378
655.145 60.00 25.1700 100.0 34.832 35.254
655.195 60.00 25.1100 100.0 34.890 35.440
655.244 60.00 25.1200 100.0 34.877 35.395
655.295 60.00 25.1200 100.0 34.882 35.406
655.346 60.00 25.0900 100.0 34.906 35.484
655.395 60.00 25.1400 100.0 34.861 35.332
655.444 60.00 25.1300 100.0 34.865 35.342
655.493 60.00 25.1400 100.0 34.861 35.326
655.544 60.00 25.1500 100.0 34.844 35.269
655.594 60.00 25.1300 100.0 34.873 35.360
655.643 60.00 25.1700 100.0 34.832 35.223
655.693 60.00 25.1300 100.0 34.869 35.342
655.743 60.00 25.0900 100.0 34.911 35.473
655.794 60.00 25.1600 100.0 34.836 35.228
655.843 60.00 25.1300 100.0 34.865 35.319
655.892 60.00 25.1200 100.0 34.877 35.356
655.942 60.00 25.1300 100.0 34.873 35.340
655.991 60.00 25.1600 100.0 34.840 35.230
656.042 60.00 25.1600 100.0 34.836 35.214
656.092 60.00 25.1000 100.0 34.894 35.399
656.141 60.00 25.1500 100.0 34.844 35.235
656.191 60.00 25.1400 100.0 34.856 35.273
656.241 60.00 25.1400 100.0 34.856 35.270
656.291 60.00 25.0800 100.0 34.915 35.456
656.341 60.00 25.1100 100.0 34.886 35.359
656.391 60.00 25.1500 100.0 34.848 35.235
656.440 60.00 25.1300 100.0 34.873 35.313
656.490 60.00 25.1000 100.0 34.894 35.377
656.540 60.00 25.1600 100.0 34.840 35.200
656.590 60.00 25.1000 100.0 34.894 35.372
656.641 60.00 25.0700 100.0 34.927 35.477
656.690 60.00 25.0800 100.0 34.915 35.433
656.739 60.00 25.0800 100.0 34.923 35.457
656.788 60.00 25.1500 100.0 34.853 35.225
656.839 60.00 25.0800 100.0 34.919 35.438
656.889 60.00 25.1300 100.0 34.869 35.273
656.938 60.00 25.0600 100.0 34.944 35.513
656.988 60.00 25.0800 100.0 34.923 35.442
657.037 60.00 25.0800 100.0 34.919 35.425
657.088 60.00 25.1100 100.0 34.886 35.314
657.138 60.00 25.0800 100.0 34.915 35.406
657.187 60.00 25.1200 100.0 34.877 35.281
657.237 60.00 25.1400 100.0 34.861 35.226
657.287 60.00 25.0200 100.0 34.977 35.600
657.338 60.00 25.1800 100.0 34.824 35.098
657.387 60.00 25.1000 100.0 34.902 35.352
657.436 60.00 25.1200 100.0 34.877 35.268
657.486 60.00 25.1200 100.0 34.882 35.280
657.535 60.00 25.0900 100.0 34.911 35.371
657.586 60.00 25.0800 100.0 34.919 35.395
657.636 60.00 25.0800 100.0 34.915 35.379
657.686 60.00 25.0800 100.0 34.915 35.376
657.736 60.00 25.1200 100.0 34.882 35.266
657.784 60.00 25.1000 100.0 34.894 35.303
657.835 60.00 25.0600 100.0 34.944 35.462
657.885 60.00 25.0800 100.0 34.919 35.378
657.934 60.00 25.0900 100.0 34.906 35.335
657.984 60.00 25.0400 100.0 34.956 35.494
658.033 60.00 25.1000 100.0 34.898 35.302
658.084 60.00 25.0800 100.0 34.915 35.353
658.135 60.00 25.0800 100.0 34.923 35.378
658.183 60.00 25.1000 100.0 34.898 35.294
658.233 60.00 25.0700 100.0 34.931 35.399
658.282 60.00 25.0800 100.0 34.923 35.369
658.333 60.00 25.1000 100.0 34.894 35.272
658.383 60.00 25.0700 100.0 34.927 35.377
658.433 60.00 25.0600 100.0 34.939 35.415
658.482 60.00 25.1300 100.0 34.873 35.196
658.532 60.00 25.0900 100.0 34.911 35.316
658.582 60.00 25.1200 100.0 34.882 35.219
658.632 60.00 25.1200 100.0 34.882 35.217
658.682 60.00 25.0700 100.0 34.927 35.363
658.731 60.00 25.0900 100.0 34.911 35.307
658.781 60.00 25.0300 100.0 34.968 35.493
658.831 60.00 25.0500 100.0 34.948 35.423
658.881 60.00 25.0400 100.0 34.960 35.459
658.931 60.00 25.0600 100.0 34.944 35.402
658.981 60.00 25.1100 100.0 34.890 35.225
659.031 60.00 25.0800 100.0 34.919 35.316
659.080 60.00 25.0200 100.0 34.981 35.516
659.130 60.00 25.0900 100.0 34.906 35.271
659.181 60.00 25.1100 100.0 34.886 35.201
659.229 60.00 25.1000 100.0 34.898 35.239
659.279 60.00 25.0800 100.0 34.919 35.304
659.328 60.00 25.0300 100.0 34.968 35.464
659.379 60.00 25.0300 100.0 34.964 35.447
659.429 60.00 25.0600 100.0 34.944 35.377
659.478 60.00 25.1200 100.0 34.877 35.158
659.528 60.00 25.0700 100.0 34.927 35.318
659.578 60.00 25.1000 100.0 34.898 35.221
659.629 60.00 25.0600 100.0 34.939 35.354
659.678 60.00 25.0100 100.0 34.993 35.527
659.727 60.00 25.0600 100.0 34.944 35.362
659.777 60.00 25.0500 100.0 34.952 35.386
659.826 60.00 25.0700 100.0 34.927 35.302
659.877 60.00 25.0100 100.0 34.993 35.516
659.927 60.00 25.0300 100.0 34.968 35.432
659.976 60.00 25.0800 100.0 34.923 35.281
660.026 60.00 25.0400 100.0 34.960 35.400
660.076 60.00 25.0600 100.0 34.944 35.343
660.127 60.00 25.0300 100.0 34.964 35.408
660.176 60.00 25.0400 100.0 34.960 35.392
660.225 60.00 25.0500 100.0 34.952 35.362
660.275 60.00 25.0600 100.0 34.939 35.319
660.324 60.00 25.0100 100.0 34.989 35.479
660.375 60.00 24.9900 100.0 35.006 35.529
660.425 60.00 25.0400 100.0 34.960 35.378
660.476 60.00 24.9700 100.0 35.027 35.591
660.525 60.00 25.1000 100.0 34.898 35.169
660.573 60.00 25.0300 100.0 34.964 35.383
660.624 60.00 24.9900 100.0 35.006 35.516
660.674 60.00 24.9600 100.0 35.035 35.607
660.724 60.00 25.0300 100.0 34.964 35.374
660.773 60.00 25.0100 100.0 34.989 35.453
660.823 60.00 25.0200 100.0 34.981 35.423
660.873 60.00 24.9900 100.0 35.006 35.501
660.923 60.00 25.0300 100.0 34.973 35.390
660.974 60.00 24.9600 100.0 35.039 35.603
661.023 60.00 25.0000 100.0 35.002 35.478
661.072 60.00 25.0300 100.0 34.968 35.367
661.121 60.00 25.0100 100.0 34.985 35.418
661.173 60.00 24.9800 100.0 35.018 35.524
661.223 60.00 25.0600 100.0 34.935 35.251
661.271 60.00 25.0100 100.0 34.989 35.425
661.321 60.00 24.9800 100.0 35.018 35.516
661.370 60.00 25.0100 100.0 34.985 35.405
661.421 60.00 25.0000 100.0 35.002 35.456
661.471 60.00 25.0300 100.0 34.968 35.345
661.520 60.00 25.0200 100.0 34.981 35.384
661.571 60.00 25.0600 100.0 34.935 35.232
661.620 60.00 25.0300 100.0 34.968 35.339
661.670 60.00 25.0000 100.0 35.002 35.444
661.720 60.00 25.0300 100.0 34.973 35.347
661.769 60.00 25.0000 100.0 34.998 35.426
661.819 60.00 24.9500 100.0 35.048 35.586
661.868 60.00 24.9800 100.0 35.014 35.474
661.919 60.00 24.9700 100.0 35.027 35.512
661.969 60.00 24.9500 100.0 35.052 35.590
662.018 60.00 25.0200 100.0 34.977 35.343
662.069 60.00 24.9800 100.0 35.022 35.489
662.118 60.00 25.0200 100.0 34.981 35.351
662.168 60.00 25.0400 100.0 34.960 35.281
662.218 60.00 25.0400 100.0 34.956 35.266
662.267 60.00 25.0400 100.0 34.956 35.264
662.317 60.00 25.0000 100.0 34.998 35.397
662.366 60.00 24.9900 100.0 35.006 35.422
662.417 60.00 25.0800 100.0 34.923 35.149
662.467 60.00 24.9800 100.0 35.022 35.472
662.516 60.00 24.9300 100.0 35.072 35.631
662.567 60.00 25.0100 100.0 34.985 35.344
662.615 60.00 24.9800 100.0 35.018 35.450
662.666 60.00 25.0000 100.0 34.998 35.379
662.716 60.00 24.9600 100.0 35.039 35.512
662.766 60.00 24.9800 100.0 35.022 35.455
662.815 60.00 25.0000 100.0 35.002 35.385
662.865 60.00 24.9800 100.0 35.022 35.450
662.915 60.00 24.9900 100.0 35.010 35.407
662.966 60.00 25.0100 100.0 34.985 35.323
663.016 60.00 25.0100 100.0 34.993 35.348
663.065 60.00 25.0100 100.0 34.985 35.319
663.114 60.00 25.0000 100.0 35.002 35.371
663.164 60.00 24.9200 100.0 35.077 35.612
663.215 60.00 25.0000 100.0 34.998 35.352
663.264 60.00 25.0000 100.0 35.002 35.363
663.313 60.00 24.9800 100.0 35.022 35.428
663.363 60.00 25.0200 100.0 34.981 35.291
663.412 60.00 24.9500 100.0 35.052 35.519
663.463 60.00 25.0300 100.0 34.968 35.245
663.513 60.00 24.9600 100.0 35.043 35.487
663.563 60.00 24.9800 100.0 35.014 35.389
663.612 60.00 24.9900 100.0 35.010 35.374
663.661 60.00 24.9800 100.0 35.018 35.398
663.712 60.00 24.9000 100.0 35.098 35.653
663.762 60.00 24.9300 100.0 35.064 35.541
663.811 60.00 24.9300 100.0 35.064 35.538
663.861 60.00 24.9800 100.0 35.018 35.387
663.910 60.00 24.9900 100.0 35.006 35.344
663.961 60.00 24.9700 100.0 35.031 35.423
664.012 60.00 24.9300 100.0 35.068 35.542
664.061 60.00 24.9600 100.0 35.039 35.444
664.110 60.00 24.9600 100.0 35.035 35.428
664.159 60.00 24.9600 100.0 35.039 35.440
664.210 60.00 24.9200 100.0 35.081 35.572
664.260 60.00 24.9200 100.0 35.077 35.556
664.309 60.00 24.9800 100.0 35.014 35.350
664.359 60.00 24.9300 100.0 35.064 35.510
664.408 60.00 24.9800 100.0 35.018 35.358
664.460 60.00 24.9900 100.0 35.010 35.329
664.510 60.00 24.9600 100.0 35.043 35.435
664.558 60.00 25.0200 100.0 34.981 35.230
664.608 60.00 24.9300 100.0 35.064 35.499
664.657 60.00 24.9500 100.0 35.048 35.442
664.708 60.00 24.9300 100.0 35.068 35.507
664.758 60.00 24.9600 100.0 35.039 35.410
664.808 60.00 24.9600 100.0 35.039 35.408
664.857 60.00 24.9600 100.0 35.035 35.392
664.907 60.00 24.9300 100.0 35.072 35.511
664.958 60.00 24.9400 100.0 35.060 35.468
665.007 60.00 24.9400 100.0 35.060 35.465
665.058 60.00 24.9200 100.0 35.077 35.517
665.106 60.00 24.9100 100.0 35.093 35.568
665.156 60.00 24.9400 100.0 35.060 35.457
665.206 60.00 24.9400 100.0 35.060 35.454
665.256 60.00 25.0000 100.0 35.002 35.263
665.306 60.00 24.9200 100.0 35.081 35.518
665.355 60.00 25.0200 100.0 34.981 35.191
665.405 60.00 24.9100 100.0 35.085 35.528
665.454 60.00 24.9600 100.0 35.043 35.390
665.505 60.00 24.9700 100.0 35.031 35.347
665.556 60.00 24.8800 100.0 35.122 35.642
665.605 60.00 24.9300 100.0 35.064 35.450
665.654 60.00 24.9200 100.0 35.081 35.501
665.703 60.00 24.9500 100.0 35.052 35.405
665.754 60.00 24.8900 100.0 35.110 35.592
665.804 60.00 24.9700 100.0 35.031 35.332
665.853 60.00 24.9300 100.0 35.068 35.451
665.903 60.00 25.0100 100.0 34.993 35.205
665.952 60.00 24.9600 100.0 35.039 35.353
666.003 60.00 24.9200 100.0 35.081 35.486
666.054 60.00 24.9100 100.0 35.089 35.510
666.102 60.00 24.9200 100.0 35.077 35.468
666.152 60.00 24.9100 100.0 35.085 35.492
666.201 60.00 24.9500 100.0 35.048 35.368
666.252 60.00 24.9100 100.0 35.093 35.515
666.302 60.00 24.9300 100.0 35.072 35.444
666.351 60.00 24.9300 100.0 35.064 35.415
666.401 60.00 24.9400 100.0 35.056 35.386
666.451 60.00 24.8500 100.0 35.152 35.695
666.502 60.00 24.9600 100.0 35.043 35.340
666.551 60.00 24.9400 100.0 35.060 35.392
666.600 60.00 24.9600 100.0 35.039 35.322
666.650 60.00 24.8700 100.0 35.131 35.618
666.699 60.00 24.8700 100.0 35.127 35.602
666.750 60.00 24.9100 100.0 35.085 35.463
666.800 60.00 24.9000 100.0 35.102 35.515
666.850 60.00 24.9100 100.0 35.093 35.485
666.899 60.00 24.9200 100.0 35.077 35.429
666.949 60.00 24.8800 100.0 35.122 35.575
666.999 60.00 24.9300 100.0 35.064 35.383
667.050 60.00 24.8700 100.0 35.127 35.584
667.100 60.00 24.9200 100.0 35.081 35.432
667.149 60.00 24.9200 100.0 35.077 35.417
667.198 60.00 24.8900 100.0 35.110 35.523
667.248 60.00 24.8700 100.0 35.127 35.574
667.298 60.00 24.8800 100.0 35.118 35.545
667.348 60.00 24.9000 100.0 35.098 35.474
667.397 60.00 24.9100 100.0 35.089 35.445
667.447 60.00 24.8900 100.0 35.110 35.510
667.497 60.00 24.9400 100.0 35.056 35.332
667.548 60.00 24.9400 100.0 35.060 35.343
667.598 60.00 24.9300 100.0 35.068 35.369
667.646 60.00 24.8800 100.0 35.118 35.530
667.696 60.00 24.8600 100.0 35.135 35.581
667.745 60.00 24.8800 100.0 35.122 35.537
667.796 60.00 24.8600 100.0 35.139 35.589
667.846 60.00 24.9100 100.0 35.089 35.424
667.895 60.00 24.8600 100.0 35.143 35.598
667.946 60.00 24.8700 100.0 35.131 35.555
667.994 60.00 24.8900 100.0 35.106 35.470
668.045 60.00 24.9000 100.0 35.098 35.441
668.095 60.00 24.9000 100.0 35.102 35.452
668.144 60.00 24.8300 100.0 35.173 35.681
668.194 60.00 24.8800 100.0 35.114 35.488
668.243 60.00 24.8800 100.0 35.114 35.485
668.294 60.00 24.9300 100.0 35.064 35.321
668.345 60.00 24.8700 100.0 35.131 35.536
668.394 60.00 24.8800 100.0 35.114 35.479
668.443 60.00 24.9000 100.0 35.098 35.423
668.492 60.00 24.8700 100.0 35.131 35.529
668.543 60.00 24.8500 100.0 35.148 35.581
668.593 60.00 24.8400 100.0 35.156 35.605
668.642 60.00 24.9300 100.0 35.068 35.318
668.692 60.00 24.8700 100.0 35.127 35.506
668.742 60.00 24.9000 100.0 35.102 35.422
668.793 60.00 24.9300 100.0 35.072 35.325
668.843 60.00 24.8500 100.0 35.148 35.568
668.891 60.00 24.8400 100.0 35.156 35.592
668.941 60.00 24.8400 100.0 35.160 35.603
668.990 60.00 24.8100 100.0 35.185 35.682
669.041 60.00 24.8500 100.0 35.148 35.556
669.091 60.00 24.8300 100.0 35.168 35.621
669.141 60.00 24.8800 100.0 35.118 35.456
669.190 60.00 24.9000 100.0 35.102 35.400
669.240 60.00 24.9100 100.0 35.085 35.344
669.290 60.00 24.8600 100.0 35.143 35.532
669.340 60.00 24.8600 100.0 35.139 35.516
669.390 60.00 24.8300 100.0 35.168 35.608
669.440 60.00 24.8500 100.0 35.152 35.551
669.489 60.00 24.8600 100.0 35.139 35.508
669.538 60.00 24.8300 100.0 35.168 35.601
669.589 60.00 24.8900 100.0 35.106 35.394
669.639 60.00 24.8800 100.0 35.114 35.420
669.688 60.00 24.8800 100.0 35.114 35.418
669.738 60.00 24.8200 100.0 35.177 35.619
669.787 60.00 24.8900 100.0 35.106 35.386
669.838 60.00 24.8300 100.0 35.168 35.588
669.889 60.00 24.8300 100.0 35.173 35.599
669.938 60.00 24.7800 100.0 35.223 35.760
669.987 60.00 24.9100 100.0 35.089 35.322
670.036 60.00 24.8800 100.0 35.122 35.429
670.087 60.00 24.8600 100.0 35.143 35.494
670.137 60.00 24.8800 100.0 35.114 35.398
670.186 60.00 24.8300 100.0 35.173 35.586
670.236 60.00 24.8200 100.0 35.177 35.596
670.286 60.00 24.8600 100.0 35.139 35.472
670.336 60.00 24.8800 100.0 35.118 35.402
670.386 60.00 24.9300 100.0 35.072 35.251
670.435 60.00 24.8200 100.0 35.177 35.589
670.485 60.00 24.8800 100.0 35.122 35.410
670.534 60.00 24.8700 100.0 35.127 35.422
670.585 60.00 24.8800 100.0 35.114 35.379
670.635 60.00 24.8300 100.0 35.168 35.554
670.685 60.00 24.8500 100.0 35.152 35.497
670.735 60.00 24.8500 100.0 35.148 35.482
670.783 60.00 24.8300 100.0 35.168 35.547
670.834 60.00 24.8300 100.0 35.173 35.559
670.884 60.00 24.9400 100.0 35.056 35.177
670.933 60.00 24.8200 100.0 35.181 35.582
670.983 60.00 24.7900 100.0 35.206 35.661
671.032 60.00 24.8100 100.0 35.185 35.591
671.083 60.00 24.8900 100.0 35.106 35.330
671.133 60.00 24.8100 100.0 35.189 35.600
671.183 60.00 24.9000 100.0 35.098 35.300
671.232 60.00 24.9000 100.0 35.102 35.312
671.281 60.00 24.8800 100.0 35.118 35.365
671.332 60.00 24.8600 100.0 35.135 35.417
671.383 60.00 24.9600 100.0 35.035 35.091
671.432 60.00 24.8500 100.0 35.152 35.469
671.481 60.00 24.8300 100.0 35.168 35.522
671.531 60.00 24.8600 100.0 35.135 35.411
671.581 60.00 24.8200 100.0 35.181 35.558
671.631 60.00 24.8400 100.0 35.156 35.475
671.681 60.00 24.8800 100.0 35.114 35.337
671.731 60.00 24.8500 100.0 35.148 35.444
671.781 60.00 24.9000 100.0 35.098 35.280
671.829 60.00 24.8300 100.0 35.173 35.523
671.880 60.00 24.8800 100.0 35.114 35.331
671.930 60.00 24.8600 100.0 35.143 35.424
671.979 60.00 24.8500 100.0 35.148 35.436
672.029 60.00 24.7800 100.0 35.223 35.679
672.078 60.00 24.8600 100.0 35.135 35.391
672.130 60.00 24.8100 100.0 35.189 35.565
672.180 60.00 24.8200 100.0 35.177 35.522
672.228 60.00 24.8400 100.0 35.156 35.453
672.278 60.00 24.8800 100.0 35.118 35.329
672.327 60.00 24.8700 100.0 35.127 35.354
672.378 60.00 24.8300 100.0 35.168 35.488
672.428 60.00 24.8900 100.0 35.110 35.297
672.477 60.00 24.8200 100.0 35.177 35.512
672.527 60.00 24.8600 100.0 35.135 35.375
672.577 60.00 24.8000 100.0 35.198 35.577
672.628 60.00 24.8200 100.0 35.177 35.506
672.677 60.00 24.8200 100.0 35.177 35.504
672.726 60.00 24.8600 100.0 35.139 35.380
672.776 60.00 24.8700 100.0 35.127 35.338
672.825 60.00 24.8200 100.0 35.177 35.499
672.876 60.00 24.8000 100.0 35.198 35.565
672.926 60.00 24.8400 100.0 35.160 35.441
672.977 60.00 24.8100 100.0 35.194 35.548
673.026 60.00 24.8100 100.0 35.185 35.518
673.075 60.00 24.8300 100.0 35.168 35.462
673.125 60.00 24.9100 100.0 35.093 35.216
673.176 60.00 24.7900 100.0 35.210 35.595
673.226 60.00 24.7900 100.0 35.206 35.579
673.274 60.00 24.7800 100.0 35.218 35.617
673.323 60.00 24.7600 100.0 35.239 35.683
673.374 60.00 24.8200 100.0 35.181 35.490
673.424 60.00 24.8300 100.0 35.173 35.461
673.474 60.00 24.8300 100.0 35.168 35.445
673.523 60.00 24.8200 100.0 35.181 35.484
673.573 60.00 24.7700 100.0 35.227 35.632
673.624 60.00 24.8700 100.0 35.127 35.304
673.673 60.00 24.7900 100.0 35.210 35.574
673.723 60.00 24.7800 100.0 35.214 35.586
673.772 60.00 24.8000 100.0 35.198 35.529
673.822 60.00 24.8000 100.0 35.202 35.540
673.871 60.00 24.8200 100.0 35.181 35.470
673.922 60.00 24.7900 100.0 35.206 35.550
673.972 60.00 24.7800 100.0 35.214 35.575
674.022 60.00 24.8300 100.0 35.168 35.423
674.071 60.00 24.8000 100.0 35.202 35.531
674.120 60.00 24.7800 100.0 35.218 35.583
674.171 60.00 24.8800 100.0 35.114 35.241
674.221 60.00 24.8100 100.0 35.194 35.498
674.270 60.00 24.8400 100.0 35.156 35.374
674.320 60.00 24.7900 100.0 35.206 35.535
674.369 60.00 24.8100 100.0 35.189 35.479
674.421 60.00 24.7800 100.0 35.223 35.586
674.470 60.00 24.7800 100.0 35.223 35.584
674.519 60.00 24.7600 100.0 35.244 35.650
674.569 60.00 24.8200 100.0 35.177 35.429
674.618 60.00 24.7800 100.0 35.218 35.564
674.669 60.00 24.7900 100.0 35.206 35.521
674.719 60.00 24.8300 100.0 35.168 35.397
674.768 60.00 24.8000 100.0 35.198 35.490
674.819 60.00 24.8500 100.0 35.152 35.339
674.868 60.00 24.8400 100.0 35.156 35.352
674.918 60.00 24.7700 100.0 35.231 35.595
674.968 60.00 24.8100 100.0 35.194 35.471
675.017 60.00 24.7900 100.0 35.210 35.523
675.067 60.00 24.8100 100.0 35.194 35.467
675.116 60.00 24.7500 100.0 35.252 35.655
675.167 60.00 24.8000 100.0 35.202 35.490
675.217 60.00 24.7400 100.0 35.260 35.678
675.266 60.00 24.7900 100.0 35.206 35.499
675.316 60.00 24.7300 100.0 35.265 35.688
675.365 60.00 24.7200 100.0 35.277 35.726
675.416 60.00 24.8300 100.0 35.173 35.383
675.467 60.00 24.7900 100.0 35.206 35.490
675.516 60.00 24.7400 100.0 35.256 35.652
675.565 60.00 24.7800 100.0 35.218 35.526
675.615 60.00 24.7300 100.0 35.269 35.688
675.665 60.00 24.7600 100.0 35.239 35.590
675.715 60.00 24.7500 100.0 35.248 35.615
675.765 60.00 24.8100 100.0 35.185 35.409
675.814 60.00 24.7300 100.0 35.265 35.666
675.865 60.00 24.7600 100.0 35.244 35.595
675.913 60.00 24.7400 100.0 35.256 35.634
675.964 60.00 24.7600 100.0 35.239 35.577
676.014 60.00 24.7700 100.0 35.227 35.534
676.063 60.00 24.7900 100.0 35.210 35.478
676.113 60.00 24.7400 100.0 35.260 35.640
676.162 60.00 24.7300 100.0 35.269 35.664
676.213 60.00 24.7700 100.0 35.227 35.525
676.264 60.00 24.7900 100.0 35.206 35.456
676.312 60.00 24.8200 100.0 35.177 35.359
676.362 60.00 24.7800 100.0 35.218 35.494
676.411 60.00 24.7300 100.0 35.269 35.655
676.462 60.00 24.7400 100.0 35.256 35.612
676.512 60.00 24.7900 100.0 35.210 35.460
676.561 60.00 24.6900 100.0 35.307 35.772
676.612 60.00 24.7100 100.0 35.286 35.701
676.661 60.00 24.7600 100.0 35.235 35.535
676.712 60.00 24.7600 100.0 35.235 35.533
676.761 60.00 24.7400 100.0 35.260 35.613
676.810 60.00 24.8100 100.0 35.189 35.379
676.860 60.00 24.7100 100.0 35.290 35.705
676.909 60.00 24.7300 100.0 35.273 35.647
676.960 60.00 24.7800 100.0 35.214 35.455
677.010 60.00 24.6700 100.0 35.332 35.834
677.059 60.00 24.7400 100.0 35.256 35.586
677.110 60.00 24.7500 100.0 35.252 35.571
677.158 60.00 24.7600 100.0 35.239 35.528
677.209 60.00 24.7300 100.0 35.265 35.608
677.259 60.00 24.7400 100.0 35.256 35.578
677.310 60.00 24.7700 100.0 35.231 35.495
677.359 60.00 24.7800 100.0 35.218 35.452
677.407 60.00 24.7600 100.0 35.239 35.519
677.458 60.00 24.7500 100.0 35.252 35.558
677.508 60.00 24.7200 100.0 35.277 35.638
677.558 60.00 24.7600 100.0 35.235 35.499
677.607 60.00 24.6900 100.0 35.307 35.729
677.656 60.00 24.7300 100.0 35.265 35.591
677.708 60.00 24.7400 100.0 35.260 35.575
677.758 60.00 24.6500 100.0 35.344 35.845
677.807 60.00 24.7400 100.0 35.256 35.556
677.856 60.00 24.7200 100.0 35.277 35.622
677.906 60.00 24.6700 100.0 35.327 35.783
677.956 60.00 24.7300 100.0 35.273 35.603
678.006 60.00 24.7300 100.0 35.265 35.574
678.056 60.00 24.6500 100.0 35.344 35.831
678.105 60.00 24.7500 100.0 35.252 35.528
678.156 60.00 24.7700 100.0 35.227 35.445
678.204 60.00 24.7300 100.0 35.265 35.566
678.255 60.00 24.7100 100.0 35.286 35.632
678.305 60.00 24.6700 100.0 35.327 35.766
678.354 60.00 24.7500 100.0 35.248 35.505
678.404 60.00 24.7100 100.0 35.286 35.626
678.453 60.00 24.6700 100.0 35.327 35.760
678.504 60.00 24.6900 100.0 35.311 35.702
678.554 60.00 24.6900 100.0 35.307 35.687
678.604 60.00 24.6800 100.0 35.319 35.725
678.653 60.00 24.6800 100.0 35.315 35.709
678.702 60.00 24.7600 100.0 35.239 35.461
678.753 60.00 24.6700 100.0 35.327 35.746
678.803 60.00 24.6800 100.0 35.319 35.716
678.852 60.00 24.7200 100.0 35.281 35.591
678.902 60.00 24.7200 100.0 35.277 35.576
678.952 60.00 24.7000 100.0 35.298 35.642
679.003 60.00 24.7300 100.0 35.273 35.557
679.053 60.00 24.6200 100.0 35.378 35.897
679.102 60.00 24.6600 100.0 35.340 35.771
679.151 60.00 24.5400 100.0 35.458 36.151
679.201 60.00 24.6400 100.0 35.357 35.818
679.252 60.00 24.7200 100.0 35.281 35.570
679.301 60.00 24.6800 100.0 35.319 35.691
679.350 60.00 24.6600 100.0 35.340 35.757
679.400 60.00 24.7000 100.0 35.302 35.632
679.449 60.00 24.7400 100.0 35.260 35.493
679.500 60.00 24.6900 100.0 35.311 35.655
679.550 60.00 24.6600 100.0 35.336 35.735
679.601 60.00 24.6800 100.0 35.319 35.678
679.650 60.00 24.6800 100.0 35.315 35.662
679.698 60.00 24.6200 100.0 35.382 35.878
679.749 60.00 24.7300 100.0 35.265 35.494
679.799 60.00 24.7300 100.0 35.273 35.519
679.849 60.00 24.7800 100.0 35.218 35.340
679.898 60.00 24.6900 100.0 35.307 35.626
679.948 60.00 24.7400 100.0 35.260 35.474
679.998 60.00 24.6900 100.0 35.307 35.622
680.049 60.00 24.6700 100.0 35.327 35.688
680.099 60.00 24.6400 100.0 35.361 35.796
680.147 60.00 24.7300 100.0 35.265 35.480
680.197 60.00 24.6900 100.0 35.307 35.614
680.246 60.00 24.6700 100.0 35.332 35.694
680.297 60.00 24.6800 100.0 35.323 35.664
680.347 60.00 24.7300 100.0 35.273 35.498
680.396 60.00 24.6000 100.0 35.403 35.920
680.447 60.00 24.6400 100.0 35.361 35.780
680.495 60.00 24.7300 100.0 35.265 35.465
680.546 60.00 24.7200 100.0 35.281 35.518
680.596 60.00 24.7900 100.0 35.210 35.285
680.645 60.00 24.7100 100.0 35.286 35.529
680.695 60.00 24.6800 100.0 35.323 35.650
680.744 60.00 24.6900 100.0 35.307 35.594
680.795 60.00 24.6300 100.0 35.369 35.796
680.845 60.00 24.6900 100.0 35.307 35.589
680.895 60.00 24.6200 100.0 35.378 35.819
680.945 60.00 24.6800 100.0 35.319 35.626
680.993 60.00 24.6800 100.0 35.315 35.610
681.044 60.00 24.6800 100.0 35.315 35.608
681.094 60.00 24.6000 100.0 35.395 35.866
681.143 60.00 24.6500 100.0 35.353 35.726
681.193 60.00 24.6500 100.0 35.353 35.724
681.242 60.00 24.6300 100.0 35.365 35.763
681.293 60.00 24.6700 100.0 35.327 35.637
681.343 60.00 24.6800 100.0 35.323 35.622
681.392 60.00 24.6100 100.0 35.386 35.825
681.442 60.00 24.6400 100.0 35.357 35.726
681.491 60.00 24.6700 100.0 35.327 35.628
681.543 60.00 24.6200 100.0 35.382 35.804
681.592 60.00 24.6600 100.0 35.336 35.651
681.641 60.00 24.6700 100.0 35.327 35.622
681.691 60.00 24.6200 100.0 35.378 35.784
681.740 60.00 24.6900 100.0 35.307 35.549
681.791 60.00 24.6500 100.0 35.344 35.671
681.841 60.00 24.6900 100.0 35.307 35.546
681.892 60.00 24.6100 100.0 35.386 35.804
681.941 60.00 24.6500 100.0 35.344 35.665
681.990 60.00 24.6400 100.0 35.357 35.703
682.040 60.00 24.6600 100.0 35.336 35.633
682.090 60.00 24.6800 100.0 35.323 35.590
682.140 60.00 24.6900 100.0 35.311 35.547
682.189 60.00 24.6300 100.0 35.374 35.751
682.239 60.00 24.7400 100.0 35.260 35.381
682.289 60.00 24.6700 100.0 35.332 35.611
682.340 60.00 24.6700 100.0 35.332 35.609
682.389 60.00 24.6500 100.0 35.349 35.663
682.438 60.00 24.6300 100.0 35.369 35.728
682.488 60.00 24.6700 100.0 35.332 35.603
682.537 60.00 24.6400 100.0 35.361 35.697
682.588 60.00 24.6600 100.0 35.336 35.613
682.638 60.00 24.6600 100.0 35.336 35.612
682.688 60.00 24.5700 100.0 35.428 35.910
682.738 60.00 24.5800 100.0 35.416 35.866
682.787 60.00 24.6300 100.0 35.374 35.727
682.837 60.00 24.6700 100.0 35.332 35.588
682.887 60.00 24.5900 100.0 35.407 35.833
682.936 60.00 24.5800 100.0 35.416 35.857
682.986 60.00 24.5900 100.0 35.412 35.841
683.035 60.00 24.6600 100.0 35.336 35.592
683.086 60.00 24.6200 100.0 35.378 35.727
683.136 60.00 24.6600 100.0 35.340 35.602
683.185 60.00 24.6600 100.0 35.336 35.587
683.235 60.00 24.6400 100.0 35.357 35.653
683.284 60.00 24.6800 100.0 35.319 35.529
683.335 60.00 24.6800 100.0 35.315 35.514
683.385 60.00 24.6100 100.0 35.391 35.758
683.434 60.00 24.5800 100.0 35.416 35.838
683.484 60.00 24.6400 100.0 35.361 35.658
683.533 60.00 24.7100 100.0 35.290 35.424
683.584 60.00 24.6800 100.0 35.319 35.519
683.634 60.00 24.6300 100.0 35.369 35.681
683.683 60.00 24.6300 100.0 35.365 35.666
683.733 60.00 24.6400 100.0 35.357 35.636
683.782 60.00 24.6200 100.0 35.378 35.703
683.834 60.00 24.6500 100.0 35.349 35.605
683.884 60.00 24.6300 100.0 35.365 35.659
683.933 60.00 24.6100 100.0 35.386 35.725
683.982 60.00 24.6300 100.0 35.365 35.655
684.031 60.00 24.6000 100.0 35.395 35.748
684.082 60.00 24.6200 100.0 35.382 35.705
684.132 60.00 24.6400 100.0 35.361 35.635
684.182 60.00 24.6500 100.0 35.349 35.592
684.232 60.00 24.6300 100.0 35.369 35.658
684.281 60.00 24.5900 100.0 35.412 35.794
684.331 60.00 24.6700 100.0 35.332 35.531
684.381 60.00 24.6000 100.0 35.403 35.762
684.431 60.00 24.6800 100.0 35.323 35.501
684.480 60.00 24.6300 100.0 35.369 35.650
684.530 60.00 24.6000 100.0 35.399 35.744
684.579 60.00 24.6700 100.0 35.327 35.509
684.630 60.00 24.6900 100.0 35.311 35.453
684.681 60.00 24.7200 100.0 35.281 35.358
684.730 60.00 24.6100 100.0 35.386 35.698
684.779 60.00 24.6500 100.0 35.344 35.560
684.828 60.00 24.7000 100.0 35.298 35.408
684.879 60.00 24.6100 100.0 35.386 35.694
684.929 60.00 24.5900 100.0 35.407 35.761
684.978 60.00 24.6000 100.0 35.399 35.731
685.028 60.00 24.5900 100.0 35.412 35.770
685.078 60.00 24.6600 100.0 35.336 35.522
685.129 60.00 24.6500 100.0 35.349 35.562
685.178 60.00 24.6100 100.0 35.386 35.683
685.227 60.00 24.6500 100.0 35.353 35.572
685.277 60.00 24.6400 100.0 35.357 35.584
685.327 60.00 24.6400 100.0 35.361 35.597
685.377 60.00 24.6400 100.0 35.357 35.581
685.427 60.00 24.6100 100.0 35.386 35.676
685.476 60.00 24.6400 100.0 35.357 35.578
685.526 60.00 24.6000 100.0 35.399 35.713
685.575 60.00 24.6200 100.0 35.378 35.643
685.626 60.00 24.5900 100.0 35.407 35.738
685.677 60.00 24.6200 100.0 35.378 35.639
685.726 60.00 24.6800 100.0 35.319 35.447
685.775 60.00 24.6200 100.0 35.382 35.651
685.824 60.00 24.6100 100.0 35.386 35.663
685.875 60.00 24.6300 100.0 35.365 35.593
685.925 60.00 24.6500 100.0 35.353 35.550
685.975 60.00 24.6500 100.0 35.349 35.536
686.024 60.00 24.6200 100.0 35.382 35.643
686.074 60.00 24.6500 100.0 35.353 35.546
686.125 60.00 24.6300 100.0 35.369 35.599
686.174 60.00 24.6400 100.0 35.357 35.557
686.224 60.00 24.6600 100.0 35.340 35.501
686.273 60.00 24.6300 100.0 35.369 35.596
686.323 60.00 24.6200 100.0 35.378 35.622
686.373 60.00 24.6400 100.0 35.357 35.552
686.423 60.00 24.6200 100.0 35.382 35.633
686.474 60.00 24.6500 100.0 35.353 35.535
686.523 60.00 24.6300 100.0 35.369 35.589
686.572 60.00 24.5900 100.0 35.412 35.724
686.621 60.00 24.6300 100.0 35.369 35.585
686.672 60.00 24.6400 100.0 35.357 35.543
686.722 60.00 24.6100 100.0 35.391 35.652
686.771 60.00 24.6300 100.0 35.374 35.595
686.821 60.00 24.6200 100.0 35.378 35.607
686.871 60.00 24.6100 100.0 35.391 35.647
686.922 60.00 24.5900 100.0 35.407 35.701
686.971 60.00 24.5900 100.0 35.412 35.712
687.020 60.00 24.6500 100.0 35.349 35.505
687.070 60.00 24.6400 100.0 35.361 35.545
687.119 60.00 24.6500 100.0 35.344 35.490
687.171 60.00 24.6300 100.0 35.374 35.584
687.220 60.00 24.6600 100.0 35.340 35.473
687.269 60.00 24.6500 100.0 35.349 35.500
687.319 60.00 24.6100 100.0 35.386 35.622
687.368 60.00 24.5600 100.0 35.437 35.784
687.419 60.00 24.6200 100.0 35.378 35.591
687.469 60.00 24.6700 100.0 35.332 35.439
687.519 60.00 24.6100 100.0 35.386 35.616
687.569 60.00 24.7100 100.0 35.290 35.301
687.617 60.00 24.6500 100.0 35.344 35.478
687.668 60.00 24.6300 100.0 35.369 35.559
687.718 60.00 24.5800 100.0 35.416 35.708
687.767 60.00 24.6300 100.0 35.374 35.570
687.817 60.00 24.6000 100.0 35.395 35.637
687.866 60.00 24.5700 100.0 35.424 35.731
687.917 60.00 24.5900 100.0 35.412 35.688
687.967 60.00 24.7000 100.0 35.302 35.332
688.018 60.00 24.6600 100.0 35.340 35.454
688.066 60.00 24.6400 100.0 35.357 35.508
688.115 60.00 24.6700 100.0 35.332 35.425
688.166 60.00 24.5600 100.0 35.437 35.766
688.216 60.00 24.5500 100.0 35.454 35.819
688.266 60.00 24.6500 100.0 35.353 35.488
688.315 60.00 24.5500 100.0 35.449 35.802
688.365 60.00 24.6400 100.0 35.357 35.499
688.415 60.00 24.6300 100.0 35.365 35.526
688.466 60.00 24.6200 100.0 35.382 35.579
688.515 60.00 24.6500 100.0 35.344 35.455
688.564 60.00 24.6600 100.0 35.340 35.441
688.614 60.00 24.6200 100.0 35.378 35.563
688.663 60.00 24.5800 100.0 35.416 35.685
688.714 60.00 24.6200 100.0 35.378 35.560
688.765 60.00 24.5600 100.0 35.441 35.764
688.814 60.00 24.5800 100.0 35.416 35.680
688.864 60.00 24.6000 100.0 35.403 35.637
688.912 60.00 24.6400 100.0 35.357 35.485
688.963 60.00 24.6400 100.0 35.357 35.485
689.013 60.00 24.6000 100.0 35.399 35.620
689.062 60.00 24.6300 100.0 35.374 35.537
689.112 60.00 24.5700 100.0 35.424 35.700
689.161 60.00 24.5600 100.0 35.441 35.753
689.212 60.00 24.5900 100.0 35.412 35.656
689.262 60.00 24.6100 100.0 35.391 35.586
689.311 60.00 24.6300 100.0 35.369 35.516
689.361 60.00 24.5900 100.0 35.412 35.652
689.411 60.00 24.6100 100.0 35.391 35.582
689.461 60.00 24.5900 100.0 35.407 35.636
689.511 60.00 24.5700 100.0 35.428 35.702
689.560 60.00 24.6000 100.0 35.395 35.591
689.610 60.00 24.6000 100.0 35.399 35.604
689.659 60.00 24.6300 100.0 35.365 35.494
689.710 60.00 24.5500 100.0 35.454 35.780
689.760 60.00 24.6000 100.0 35.399 35.599
689.809 60.00 24.5900 100.0 35.407 35.626
689.859 60.00 24.6300 100.0 35.369 35.501
689.909 60.00 24.6000 100.0 35.403 35.610
689.960 60.00 24.6300 100.0 35.365 35.486
690.009 60.00 24.6100 100.0 35.386 35.553
690.058 60.00 24.6000 100.0 35.399 35.593
690.108 60.00 24.6300 100.0 35.374 35.510
690.157 60.00 24.5600 100.0 35.441 35.727
690.208 60.00 24.6400 100.0 35.357 35.453
690.258 60.00 24.5200 100.0 35.483 35.862
690.309 60.00 24.6000 100.0 35.399 35.586
690.358 60.00 24.6000 100.0 35.395 35.572
690.406 60.00 24.6800 100.0 35.323 35.338
690.457 60.00 24.5700 100.0 35.428 35.679
690.507 60.00 24.5600 100.0 35.437 35.705
690.557 60.00 24.6100 100.0 35.391 35.553
690.606 60.00 24.5700 100.0 35.432 35.689
690.656 60.00 24.5600 100.0 35.437 35.701
690.707 60.00 24.6000 100.0 35.395 35.563
690.757 60.00 24.6000 100.0 35.399 35.575
690.806 60.00 24.5900 100.0 35.407 35.602
690.855 60.00 24.5800 100.0 35.416 35.628
690.905 60.00 24.5200 100.0 35.483 35.845
690.954 60.00 24.5700 100.0 35.428 35.665
691.005 60.00 24.5700 100.0 35.428 35.663
691.055 60.00 24.6300 100.0 35.369 35.471
691.104 60.00 24.4900 100.0 35.513 35.936
691.155 60.00 24.5700 100.0 35.428 35.659
691.203 60.00 24.6200 100.0 35.378 35.493
691.254 60.00 24.6100 100.0 35.391 35.534
691.304 60.00 24.5800 100.0 35.416 35.615
691.353 60.00 24.5200 100.0 35.483 35.833
691.404 60.00 24.5800 100.0 35.416 35.611
691.453 60.00 24.6100 100.0 35.386 35.515
691.503 60.00 24.5500 100.0 35.445 35.705
691.553 60.00 24.6300 100.0 35.369 35.457
691.602 60.00 24.5600 100.0 35.437 35.675
691.652 60.00 24.5200 100.0 35.475 35.798
691.701 60.00 24.6000 100.0 35.399 35.549
691.752 60.00 24.5400 100.0 35.458 35.739
691.802 60.00 24.5800 100.0 35.416 35.601
691.852 60.00 24.5500 100.0 35.445 35.695
691.901 60.00 24.5500 100.0 35.449 35.708
691.950 60.00 24.5500 100.0 35.445 35.692
692.001 60.00 24.5900 100.0 35.407 35.568
692.051 60.00 24.5900 100.0 35.412 35.580
692.100 60.00 24.5400 100.0 35.462 35.743
692.150 60.00 24.5700 100.0 35.432 35.646
692.199 60.00 24.6200 100.0 35.382 35.481
692.251 60.00 24.5400 100.0 35.458 35.726
692.301 60.00 24.5400 100.0 35.462 35.738
692.350 60.00 24.5400 100.0 35.458 35.722
692.399 60.00 24.6100 100.0 35.391 35.502
692.448 60.00 24.5600 100.0 35.437 35.652
692.499 60.00 24.5400 100.0 35.458 35.719
692.549 60.00 24.5400 100.0 35.462 35.731
692.599 60.00 24.6200 100.0 35.382 35.470
692.649 60.00 24.6000 100.0 35.403 35.537
692.698 60.00 24.5700 100.0 35.424 35.605
692.748 60.00 24.5400 100.0 35.462 35.727
692.798 60.00 24.5800 100.0 35.416 35.575
692.848 60.00 24.5800 100.0 35.416 35.574
692.897 60.00 24.5700 100.0 35.428 35.614
692.947 60.00 24.6300 100.0 35.374 35.435
692.997 60.00 24.5800 100.0 35.420 35.585
693.048 60.00 24.5200 100.0 35.483 35.789
693.098 60.00 24.5900 100.0 35.412 35.555
693.146 60.00 24.5700 100.0 35.432 35.622
693.197 60.00 24.5900 100.0 35.412 35.553
693.246 60.00 24.5500 100.0 35.449 35.675
693.297 60.00 24.6100 100.0 35.391 35.482
693.346 60.00 24.5500 100.0 35.445 35.659
693.395 60.00 24.5800 100.0 35.420 35.575
693.445 60.00 24.5800 100.0 35.420 35.574
693.494 60.00 24.6000 100.0 35.399 35.505
693.545 60.00 24.5500 100.0 35.454 35.683
693.595 60.00 24.5500 100.0 35.449 35.668
693.644 60.00 24.5800 100.0 35.416 35.557
693.695 60.00 24.5400 100.0 35.458 35.692
693.744 60.00 24.5800 100.0 35.420 35.568
693.794 60.00 24.5500 100.0 35.454 35.677
693.844 60.00 24.5300 100.0 35.466 35.716
693.893 60.00 24.6900 100.0 35.311 35.209
693.943 60.00 24.5900 100.0 35.407 35.524
693.992 60.00 24.5900 100.0 35.407 35.523
694.043 60.00 24.5100 100.0 35.487 35.782
694.093 60.00 24.5500 100.0 35.449 35.657
694.143 60.00 24.5700 100.0 35.424 35.574
694.192 60.00 24.5700 100.0 35.428 35.586
694.241 60.00 24.5900 100.0 35.407 35.518
694.292 60.00 24.5300 100.0 35.466 35.708
694.342 60.00 24.5700 100.0 35.428 35.583
694.391 60.00 24.6100 100.0 35.386 35.446
694.441 60.00 24.5700 100.0 35.432 35.596
694.491 60.00 24.5500 100.0 35.445 35.635
694.542 60.00 24.5500 100.0 35.454 35.662
694.591 60.00 24.5500 100.0 35.449 35.647
694.641 60.00 24.4700 100.0 35.530 35.906
694.690 60.00 24.6100 100.0 35.386 35.438
694.740 60.00 24.5200 100.0 35.483 35.753
694.790 60.00 24.5500 100.0 35.454 35.655
694.840 60.00 24.5900 100.0 35.407 35.504
694.891 60.00 24.5700 100.0 35.432 35.585
694.939 60.00 24.5400 100.0 35.458 35.666
694.989 60.00 24.5700 100.0 35.432 35.582
695.038 60.00 24.5400 100.0 35.462 35.677
695.089 60.00 24.5700 100.0 35.424 35.553
695.139 60.00 24.5900 100.0 35.412 35.511
695.188 60.00 24.5900 100.0 35.407 35.497
695.238 60.00 24.6000 100.0 35.403 35.482
695.287 60.00 24.5900 100.0 35.412 35.509
695.338 60.00 24.5600 100.0 35.441 35.604
695.388 60.00 24.5600 100.0 35.441 35.603
695.438 60.00 24.5200 100.0 35.483 35.739
695.487 60.00 24.5400 100.0 35.462 35.669
695.536 60.00 24.5400 100.0 35.462 35.668
695.587 60.00 24.5700 100.0 35.432 35.571
695.637 60.00 24.4300 100.0 35.572 36.023
695.686 60.00 24.5500 100.0 35.449 35.622
695.736 60.00 24.5700 100.0 35.432 35.566
695.785 60.00 24.5300 100.0 35.470 35.688
695.837 60.00 24.5300 100.0 35.470 35.687
695.887 60.00 24.4800 100.0 35.517 35.836
695.935 60.00 24.5400 100.0 35.458 35.642
695.985 60.00 24.5400 100.0 35.458 35.641
696.034 60.00 24.5300 100.0 35.470 35.681
696.085 60.00 24.4600 100.0 35.538 35.900
696.135 60.00 24.5700 100.0 35.432 35.555
696.184 60.00 24.5000 100.0 35.500 35.772
696.234 60.00 24.5000 100.0 35.500 35.771
696.284 60.00 24.5000 100.0 35.496 35.756
696.335 60.00 24.5500 100.0 35.454 35.618
696.384 60.00 24.5500 100.0 35.449 35.603
696.433 60.00 24.5500 100.0 35.445 35.588
696.483 60.00 24.5600 100.0 35.437 35.560
696.532 60.00 24.5500 100.0 35.445 35.586
696.583 60.00 24.4800 100.0 35.521 35.831
696.633 60.00 24.5300 100.0 35.466 35.652
696.684 60.00 24.5000 100.0 35.496 35.747
696.733 60.00 24.5800 100.0 35.420 35.498
696.781 60.00 24.5000 100.0 35.500 35.758
696.832 60.00 24.5200 100.0 35.479 35.688
696.882 60.00 24.5500 100.0 35.454 35.605
696.932 60.00 24.5700 100.0 35.432 35.535
696.981 60.00 24.5700 100.0 35.424 35.507
697.031 60.00 24.5400 100.0 35.458 35.616
697.081 60.00 24.5700 100.0 35.432 35.533
697.132 60.00 24.5700 100.0 35.424 35.505
697.182 60.00 24.5200 100.0 35.475 35.669
697.230 60.00 24.6000 100.0 35.399 35.421
697.281 60.00 24.5600 100.0 35.437 35.544
697.329 60.00 24.5400 100.0 35.462 35.626
697.380 60.00 24.5200 100.0 35.483 35.693
697.430 60.00 24.5400 100.0 35.458 35.609
697.479 60.00 24.6000 100.0 35.403 35.431
697.529 60.00 24.5300 100.0 35.466 35.636
697.578 60.00 24.5500 100.0 35.449 35.580
697.629 60.00 24.5500 100.0 35.454 35.593
697.680 60.00 24.5500 100.0 35.449 35.579
697.728 60.00 24.5000 100.0 35.496 35.729
697.778 60.00 24.5200 100.0 35.475 35.659
697.827 60.00 24.4800 100.0 35.517 35.794
697.878 60.00 24.5400 100.0 35.458 35.600
697.928 60.00 24.5000 100.0 35.500 35.736
697.977 60.00 24.5300 100.0 35.466 35.626
698.027 60.00 24.5300 100.0 35.466 35.625
698.077 60.00 24.5500 100.0 35.445 35.555
698.128 60.00 24.5600 100.0 35.441 35.540
698.177 60.00 24.5000 100.0 35.500 35.731
698.226 60.00 24.5300 100.0 35.466 35.621
698.276 60.00 24.5800 100.0 35.420 35.469
698.325 60.00 24.5300 100.0 35.470 35.633
698.376 60.00 24.5700 100.0 35.424 35.482
698.426 60.00 24.5600 100.0 35.437 35.522
698.477 60.00 24.5500 100.0 35.449 35.563
698.525 60.00 24.5600 100.0 35.441 35.535
698.574 60.00 24.5200 100.0 35.479 35.657
698.625 60.00 24.5200 100.0 35.479 35.656
698.675 60.00 24.5100 100.0 35.487 35.683
698.725 60.00 24.4700 100.0 35.525 35.805
698.774 60.00 24.6200 100.0 35.382 35.338
698.823 60.00 24.5400 100.0 35.458 35.584
698.875 60.00 24.5000 100.0 35.496 35.707
698.925 60.00 24.5100 100.0 35.487 35.678
698.974 60.00 24.5500 100.0 35.449 35.554
699.023 60.00 24.4900 100.0 35.508 35.745
699.073 60.00 24.5500 100.0 35.449 35.552
699.123 60.00 24.5300 100.0 35.470 35.619
699.173 60.00 24.5200 100.0 35.479 35.645
699.224 60.00 24.5500 100.0 35.449 35.549
699.272 60.00 24.6100 100.0 35.391 35.357
699.322 60.00 24.5200 100.0 35.483 35.658
699.371 60.00 24.5200 100.0 35.475 35.630
699.423 60.00 24.5200 100.0 35.479 35.642
699.472 60.00 24.5100 100.0 35.492 35.683
699.521 60.00 24.5200 100.0 35.479 35.640
699.571 60.00 24.5400 100.0 35.458 35.570
699.620 60.00 24.5100 100.0 35.487 35.666
699.671 60.00 24.6000 100.0 35.395 35.364
699.721 60.00 24.5200 100.0 35.483 35.651
699.771 60.00 24.4900 100.0 35.508 35.733
699.820 60.00 24.5100 100.0 35.492 35.676
699.869 60.00 24.5600 100.0 35.441 35.510
699.920 60.00 24.5600 100.0 35.437 35.496
699.970 60.00 24.5400 100.0 35.462 35.578
700.019 60.00 24.5500 100.0 35.449 35.536
700.069 60.00 24.4700 100.0 35.530 35.796
700.118 60.00 24.5400 100.0 35.462 35.575
700.169 60.00 24.5300 100.0 35.466 35.588
700.220 60.00 24.5500 100.0 35.449 35.533
700.268 60.00 24.4600 100.0 35.542 35.833
700.318 60.00 24.4900 100.0 35.504 35.708
700.367 60.00 24.4800 100.0 35.517 35.748
700.418 60.00 24.5400 100.0 35.462 35.569
700.468 60.00 24.4900 100.0 35.504 35.705
700.517 60.00 24.4600 100.0 35.534 35.800
700.567 60.00 24.5100 100.0 35.492 35.661
700.617 60.00 24.5200 100.0 35.479 35.618
700.668 60.00 24.5400 100.0 35.462 35.563
700.717 60.00 24.5200 100.0 35.479 35.617
700.766 60.00 24.5500 100.0 35.454 35.535
700.816 60.00 24.5400 100.0 35.462 35.561
700.865 60.00 24.4700 100.0 35.525 35.766
700.916 60.00 24.5200 100.0 35.475 35.601
700.966 60.00 24.5600 100.0 35.441 35.489
701.017 60.00 24.4000 100.0 35.601 36.011
701.066 60.00 24.4900 100.0 35.508 35.706
701.115 60.00 24.4200 100.0 35.576 35.925
701.165 60.00 24.5200 100.0 35.479 35.606
701.216 60.00 24.5000 100.0 35.496 35.661
701.265 60.00 24.5100 100.0 35.487 35.632
701.314 60.00 24.5200 100.0 35.475 35.591
701.364 60.00 24.4900 100.0 35.508 35.700
701.413 60.00 24.5300 100.0 35.470 35.575
701.464 60.00 24.5100 100.0 35.487 35.629
701.514 60.00 24.4900 100.0 35.504 35.683
701.563 60.00 24.4900 100.0 35.508 35.696
701.614 60.00 24.5000 100.0 35.496 35.653
701.662 60.00 24.4800 100.0 35.521 35.734
701.713 60.00 24.5100 100.0 35.492 35.637
701.763 60.00 24.5000 100.0 35.496 35.650
701.812 60.00 24.5100 100.0 35.492 35.635
701.862 60.00 24.4900 100.0 35.504 35.675
701.911 60.00 24.4900 100.0 35.504 35.674
701.962 60.00 24.5200 100.0 35.475 35.578
702.013 60.00 24.5200 100.0 35.483 35.604
702.061 60.00 24.4900 100.0 35.513 35.700
702.111 60.00 24.4600 100.0 35.534 35.767
702.160 60.00 24.5100 100.0 35.492 35.628
702.211 60.00 24.5000 100.0 35.496 35.641
702.261 60.00 24.5100 100.0 35.487 35.613
702.310 60.00 24.5300 100.0 35.470 35.557
702.361 60.00 24.4800 100.0 35.521 35.720
702.410 60.00 24.5000 100.0 35.496 35.638
702.460 60.00 24.5100 100.0 35.492 35.623
702.510 60.00 24.4900 100.0 35.513 35.691
702.559 60.00 24.5000 100.0 35.496 35.635
702.609 60.00 24.5000 100.0 35.496 35.634
702.658 60.00 24.4800 100.0 35.517 35.702
702.709 60.00 24.4500 100.0 35.546 35.796
702.759 60.00 24.4800 100.0 35.517 35.699
702.810 60.00 24.5000 100.0 35.496 35.629
702.858 60.00 24.5000 100.0 35.500 35.641
702.907 60.00 24.4600 100.0 35.542 35.778
702.958 60.00 24.5200 100.0 35.479 35.571
703.008 60.00 24.4700 100.0 35.530 35.735
703.058 60.00 24.4900 100.0 35.504 35.651
703.107 60.00 24.4700 100.0 35.525 35.719
703.156 60.00 24.5100 100.0 35.492 35.608
703.207 60.00 24.5000 100.0 35.500 35.634
703.257 60.00 24.5300 100.0 35.466 35.524
703.307 60.00 24.5400 100.0 35.458 35.496
703.356 60.00 24.4800 100.0 35.521 35.701
703.406 60.00 24.5100 100.0 35.492 35.605
703.456 60.00 24.5000 100.0 35.496 35.618
703.507 60.00 24.4600 100.0 35.538 35.754
703.556 60.00 24.5000 100.0 35.496 35.616
703.605 60.00 24.4600 100.0 35.542 35.766
703.655 60.00 24.5400 100.0 35.462 35.504
703.704 60.00 24.4900 100.0 35.513 35.669
703.755 60.00 24.5400 100.0 35.462 35.503
703.805 60.00 24.4700 100.0 35.525 35.708
703.854 60.00 24.4900 100.0 35.504 35.638
703.905 60.00 24.4500 100.0 35.546 35.774
703.954 60.00 24.5000 100.0 35.500 35.622
704.004 60.00 24.5100 100.0 35.492 35.595
704.054 60.00 24.4700 100.0 35.525 35.703
704.103 60.00 24.4900 100.0 35.508 35.648
704.153 60.00 24.4600 100.0 35.538 35.743
704.202 60.00 24.5200 100.0 35.483 35.563
704.253 60.00 24.4500 100.0 35.551 35.782
704.304 60.00 24.4600 100.0 35.534 35.726
704.353 60.00 24.4600 100.0 35.534 35.724
704.402 60.00 24.4500 100.0 35.551 35.778
704.451 60.00 24.5200 100.0 35.483 35.557
704.502 60.00 24.4700 100.0 35.530 35.708
704.552 60.00 24.4400 100.0 35.555 35.789
704.601 60.00 24.4800 100.0 35.521 35.677
704.651 60.00 24.5500 100.0 35.449 35.444
704.700 60.00 24.4600 100.0 35.534 35.718
704.752 60.00 24.4900 100.0 35.504 35.620
704.802 60.00 24.5000 100.0 35.500 35.605
704.850 60.00 24.4200 100.0 35.580 35.867
704.900 60.00 24.4900 100.0 35.504 35.617
704.949 60.00 24.4600 100.0 35.534 35.713
705.000 60.00 24.5100 100.0 35.492 35.575
705.050 60.00 24.4600 100.0 35.534 35.711
705.100 60.00 24.5100 100.0 35.492 35.573
705.150 60.00 24.4600 100.0 35.534 35.710
705.198 60.00 24.4800 100.0 35.521 35.667
705.250 60.00 24.4600 100.0 35.538 35.721
705.300 60.00 24.4700 100.0 35.525 35.678
705.350 60.00 24.4600 100.0 35.538 35.719
705.398 60.00 24.5000 100.0 35.496 35.581
705.448 60.00 24.4600 100.0 35.534 35.704
705.498 60.00 24.4900 100.0 35.504 35.606
705.548 60.00 24.5000 100.0 35.500 35.592
705.598 60.00 24.4800 100.0 35.517 35.647
705.647 60.00 24.5100 100.0 35.492 35.564
705.697 60.00 24.4200 100.0 35.580 35.851
705.747 60.00 24.5000 100.0 35.496 35.575
705.798 60.00 24.4800 100.0 35.517 35.643
705.848 60.00 24.4900 100.0 35.513 35.629
705.896 60.00 24.4900 100.0 35.504 35.600
705.946 60.00 24.5100 100.0 35.487 35.545
705.995 60.00 24.4600 100.0 35.542 35.723
706.046 60.00 24.4800 100.0 35.521 35.653
706.096 60.00 24.4900 100.0 35.508 35.612
706.145 60.00 24.3900 100.0 35.610 35.940
706.195 60.00 24.4100 100.0 35.589 35.869
706.245 60.00 24.4900 100.0 35.508 35.607
706.296 60.00 24.4600 100.0 35.542 35.716
706.345 60.00 24.4600 100.0 35.534 35.687
706.394 60.00 24.4600 100.0 35.534 35.686
706.444 60.00 24.4600 100.0 35.542 35.712
706.493 60.00 24.4500 100.0 35.551 35.740
706.544 60.00 24.5100 100.0 35.487 35.533
706.594 60.00 24.4700 100.0 35.525 35.655
706.643 60.00 24.4900 100.0 35.504 35.586
706.694 60.00 24.4100 100.0 35.584 35.846
706.743 60.00 24.4700 100.0 35.530 35.666
706.793 60.00 24.4400 100.0 35.559 35.761
706.843 60.00 24.4600 100.0 35.538 35.692
706.892 60.00 24.4400 100.0 35.555 35.746
706.942 60.00 24.4800 100.0 35.521 35.634
706.991 60.00 24.4800 100.0 35.521 35.633
707.042 60.00 24.4900 100.0 35.504 35.578
707.092 60.00 24.5400 100.0 35.462 35.441
707.143 60.00 24.4900 100.0 35.504 35.578
707.191 60.00 24.4900 100.0 35.513 35.605
707.241 60.00 24.4600 100.0 35.534 35.673
707.292 60.00 24.4800 100.0 35.521 35.630
707.342 60.00 24.4600 100.0 35.538 35.685
707.391 60.00 24.4600 100.0 35.542 35.697
707.440 60.00 24.4900 100.0 35.508 35.588
707.490 60.00 24.4400 100.0 35.555 35.738
707.540 60.00 24.4200 100.0 35.576 35.805
707.590 60.00 24.4600 100.0 35.538 35.680
707.640 60.00 24.5000 100.0 35.496 35.542
707.689 60.00 24.4400 100.0 35.563 35.761
707.740 60.00 24.4400 100.0 35.559 35.746
707.789 60.00 24.4600 100.0 35.538 35.677
707.840 60.00 24.5000 100.0 35.496 35.539
707.889 60.00 24.4600 100.0 35.538 35.676
707.938 60.00 24.4700 100.0 35.525 35.633
707.988 60.00 24.4700 100.0 35.530 35.647
708.037 60.00 24.4600 100.0 35.542 35.686
708.088 60.00 24.4700 100.0 35.525 35.631
708.138 60.00 24.4600 100.0 35.542 35.685
708.188 60.00 24.4300 100.0 35.567 35.767
708.238 60.00 24.4300 100.0 35.567 35.765
708.286 60.00 24.5000 100.0 35.500 35.544
708.337 60.00 24.4400 100.0 35.555 35.723
708.387 60.00 24.4400 100.0 35.555 35.722
708.436 60.00 24.4600 100.0 35.542 35.679
708.486 60.00 24.4900 100.0 35.504 35.555
0.000 24.43 100.0000 35.6 35.712 10.000
712.321 60.00 24.4900 100.0 35.504 35.487
738.617 60.00 24.3700 100.0 35.627 35.613
738.668 60.00 24.4000 100.0 35.601 35.531
738.718 60.00 24.3500 100.0 35.644 35.669
738.767 60.00 24.3000 100.0 35.695 35.834
738.818 60.00 24.3900 100.0 35.606 35.544
738.867 60.00 24.4100 100.0 35.589 35.489
738.918 60.00 24.3700 100.0 35.631 35.628
738.967 60.00 24.3800 100.0 35.618 35.587
739.016 60.00 24.3700 100.0 35.627 35.614
739.066 60.00 24.3000 100.0 35.699 35.848
739.115 60.00 24.3500 100.0 35.644 35.669
739.166 60.00 24.3800 100.0 35.623 35.600
739.216 60.00 24.3600 100.0 35.635 35.641
739.267 60.00 24.3600 100.0 35.635 35.641
739.315 60.00 24.3800 100.0 35.614 35.572
739.365 60.00 24.2500 100.0 35.745 36.000
739.415 60.00 24.3800 100.0 35.623 35.599
739.466 60.00 24.3600 100.0 35.639 35.653
739.516 60.00 24.4000 100.0 35.597 35.516
739.564 60.00 24.3600 100.0 35.635 35.640
739.614 60.00 24.3900 100.0 35.610 35.557
739.663 60.00 24.3200 100.0 35.682 35.792
739.714 60.00 24.3800 100.0 35.623 35.599
739.764 60.00 24.3800 100.0 35.614 35.571
739.813 60.00 24.3700 100.0 35.627 35.612
739.864 60.00 24.3800 100.0 35.618 35.585
739.913 60.00 24.4100 100.0 35.593 35.503
739.963 60.00 24.3300 100.0 35.665 35.737
740.013 60.00 24.3600 100.0 35.639 35.654
740.062 60.00 24.3100 100.0 35.690 35.819
740.112 60.00 24.3800 100.0 35.623 35.599
740.161 60.00 24.3600 100.0 35.635 35.640
740.212 60.00 24.3500 100.0 35.644 35.668
740.262 60.00 24.3500 100.0 35.644 35.667
740.312 60.00 24.3800 100.0 35.618 35.585
740.361 60.00 24.4000 100.0 35.601 35.529
740.410 60.00 24.3800 100.0 35.623 35.599
740.461 60.00 24.3700 100.0 35.627 35.612
740.511 60.00 24.3500 100.0 35.644 35.668
740.560 60.00 24.3800 100.0 35.623 35.599
740.610 60.00 24.3300 100.0 35.669 35.751
740.660 60.00 24.3800 100.0 35.623 35.599
740.711 60.00 24.3500 100.0 35.652 35.695
740.761 60.00 24.3700 100.0 35.631 35.626
740.809 60.00 24.3600 100.0 35.639 35.653
740.859 60.00 24.3600 100.0 35.639 35.653
740.908 60.00 24.3200 100.0 35.678 35.777
740.959 60.00 24.3600 100.0 35.639 35.653
741.009 60.00 24.3800 100.0 35.614 35.570
741.058 60.00 24.3600 100.0 35.639 35.653
741.108 60.00 24.3800 100.0 35.618 35.584
741.158 60.00 24.3500 100.0 35.648 35.680
741.209 60.00 24.3900 100.0 35.610 35.556
741.258 60.00 24.3000 100.0 35.703 35.860
741.308 60.00 24.3500 100.0 35.652 35.693
741.357 60.00 24.3200 100.0 35.678 35.776
741.407 60.00 24.3800 100.0 35.623 35.597
741.458 60.00 24.4000 100.0 35.597 35.514
741.507 60.00 24.3500 100.0 35.644 35.666
741.557 60.00 24.3500 100.0 35.648 35.679
741.606 60.00 24.4100 100.0 35.589 35.486
741.656 60.00 24.3800 100.0 35.623 35.598
741.706 60.00 24.3600 100.0 35.635 35.638
741.756 60.00 24.3500 100.0 35.652 35.694
741.806 60.00 24.3700 100.0 35.627 35.611
741.856 60.00 24.3300 100.0 35.665 35.735
741.906 60.00 24.3600 100.0 35.635 35.638
741.954 60.00 24.4000 100.0 35.597 35.515
742.005 60.00 24.3400 100.0 35.656 35.708
742.055 60.00 24.4100 100.0 35.593 35.501
742.104 60.00 24.3800 100.0 35.623 35.598
742.154 60.00 24.2800 100.0 35.720 35.914
742.203 60.00 24.4200 100.0 35.576 35.446
742.254 60.00 24.3100 100.0 35.686 35.804
742.305 60.00 24.3800 100.0 35.618 35.583
742.354 60.00 24.3800 100.0 35.623 35.597
742.403 60.00 24.3100 100.0 35.686 35.804
742.452 60.00 24.4100 100.0 35.593 35.500
742.503 60.00 24.3700 100.0 35.631 35.624
742.553 60.00 24.4000 100.0 35.601 35.528
742.602 60.00 24.3600 100.0 35.639 35.652
742.652 60.00 24.3600 100.0 35.639 35.652
742.702 60.00 24.3600 100.0 35.635 35.638
742.753 60.00 24.3800 100.0 35.623 35.597
742.802 60.00 24.3300 100.0 35.665 35.735
742.851 60.00 24.3600 100.0 35.635 35.638
742.901 60.00 24.3600 100.0 35.639 35.652
742.950 60.00 24.3900 100.0 35.606 35.542
743.001 60.00 24.3100 100.0 35.690 35.817
743.051 60.00 24.3400 100.0 35.656 35.707
743.100 60.00 24.3600 100.0 35.635 35.637
743.151 60.00 24.3400 100.0 35.661 35.720
743.199 60.00 24.3700 100.0 35.627 35.609
743.250 60.00 24.3700 100.0 35.631 35.623
743.300 60.00 24.3300 100.0 35.665 35.733
743.350 60.00 24.4100 100.0 35.593 35.499
743.399 60.00 24.4100 100.0 35.593 35.500
743.448 60.00 24.3700 100.0 35.627 35.610
743.499 60.00 24.3200 100.0 35.682 35.790
743.549 60.00 24.3500 100.0 35.652 35.692
743.599 60.00 24.3800 100.0 35.623 35.596
743.648 60.00 24.3300 100.0 35.669 35.747
743.698 60.00 24.3800 100.0 35.614 35.568
743.749 60.00 24.4100 100.0 35.593 35.500
743.798 60.00 24.3000 100.0 35.695 35.830
743.848 60.00 24.3900 100.0 35.610 35.554
743.897 60.00 24.3500 100.0 35.644 35.665
743.947 60.00 24.3400 100.0 35.661 35.720
743.996 60.00 24.3800 100.0 35.614 35.568
744.047 60.00 24.3700 100.0 35.631 35.623
744.097 60.00 24.3600 100.0 35.639 35.650
744.147 60.00 24.3500 100.0 35.652 35.692
744.197 60.00 24.3800 100.0 35.623 35.596
744.245 60.00 24.3700 100.0 35.631 35.623
744.296 60.00 24.4000 100.0 35.601 35.527
744.346 60.00 24.3400 100.0 35.661 35.720
744.395 60.00 24.3400 100.0 35.661 35.720
744.445 60.00 24.3500 100.0 35.644 35.664
744.495 60.00 24.3400 100.0 35.661 35.719
744.546 60.00 24.3200 100.0 35.678 35.774
744.595 60.00 24.4300 100.0 35.572 35.429
744.644 60.00 24.3600 100.0 35.639 35.650
744.694 60.00 24.3400 100.0 35.661 35.719
744.743 60.00 24.3800 100.0 35.618 35.581
744.794 60.00 24.3500 100.0 35.644 35.664
744.845 60.00 24.3700 100.0 35.627 35.608
744.894 60.00 24.3700 100.0 35.631 35.622
744.943 60.00 24.3400 100.0 35.656 35.705
744.992 60.00 24.3600 100.0 35.635 35.636
745.043 60.00 24.3700 100.0 35.627 35.608
745.093 60.00 24.3600 100.0 35.639 35.650
745.142 60.00 24.3600 100.0 35.639 35.649
745.192 60.00 24.3100 100.0 35.686 35.801
745.241 60.00 24.3600 100.0 35.635 35.635
745.292 60.00 24.3600 100.0 35.635 35.635
745.343 60.00 24.3800 100.0 35.618 35.580
745.392 60.00 24.3700 100.0 35.631 35.621
745.441 60.00 24.3600 100.0 35.635 35.635
745.491 60.00 24.4400 100.0 35.563 35.401
745.542 60.00 24.3800 100.0 35.618 35.582
745.591 60.00 24.3500 100.0 35.652 35.692
745.641 60.00 24.3300 100.0 35.665 35.733
745.690 60.00 24.2900 100.0 35.707 35.870
745.740 60.00 24.3400 100.0 35.656 35.704
745.790 60.00 24.4000 100.0 35.601 35.524
745.840 60.00 24.4100 100.0 35.593 35.498
745.890 60.00 24.3300 100.0 35.673 35.760
745.940 60.00 24.4300 100.0 35.567 35.415
745.989 60.00 24.3300 100.0 35.669 35.746
746.038 60.00 24.3800 100.0 35.618 35.581
746.089 60.00 24.3200 100.0 35.678 35.774
746.139 60.00 24.3800 100.0 35.618 35.581
746.188 60.00 24.3500 100.0 35.648 35.677
746.238 60.00 24.3600 100.0 35.635 35.635
746.287 60.00 24.3300 100.0 35.669 35.746
746.339 60.00 24.3600 100.0 35.635 35.635
746.389 60.00 24.3900 100.0 35.606 35.538
746.438 60.00 24.3100 100.0 35.686 35.801
746.487 60.00 24.3400 100.0 35.661 35.717
746.536 60.00 24.3600 100.0 35.639 35.648
746.587 60.00 24.3700 100.0 35.627 35.606
746.637 60.00 24.3600 100.0 35.635 35.634
746.686 60.00 24.3600 100.0 35.639 35.648
746.736 60.00 24.4000 100.0 35.601 35.524
746.786 60.00 24.3800 100.0 35.614 35.566
746.837 60.00 24.3500 100.0 35.648 35.676
746.886 60.00 24.3600 100.0 35.635 35.635
746.935 60.00 24.3700 100.0 35.627 35.607
746.985 60.00 24.3100 100.0 35.686 35.800
747.034 60.00 24.3300 100.0 35.669 35.745
747.085 60.00 24.2700 100.0 35.724 35.923
747.135 60.00 24.4100 100.0 35.593 35.495
747.184 60.00 24.3700 100.0 35.627 35.605
747.234 60.00 24.3700 100.0 35.631 35.619
747.284 60.00 24.3000 100.0 35.695 35.826
747.334 60.00 24.3200 100.0 35.678 35.770
747.384 60.00 24.4100 100.0 35.589 35.480
747.434 60.00 24.3300 100.0 35.669 35.743
747.484 60.00 24.3700 100.0 35.627 35.604
747.532 60.00 24.3500 100.0 35.652 35.687
747.583 60.00 24.3400 100.0 35.656 35.701
747.633 60.00 24.3700 100.0 35.627 35.604
747.683 60.00 24.3400 100.0 35.661 35.715
747.732 60.00 24.3900 100.0 35.610 35.548
747.781 60.00 24.3900 100.0 35.610 35.549
747.832 60.00 24.3300 100.0 35.669 35.743
747.882 60.00 24.3700 100.0 35.631 35.618
747.932 60.00 24.4000 100.0 35.601 35.522
747.982 60.00 24.3500 100.0 35.644 35.660
748.031 60.00 24.3300 100.0 35.669 35.743
748.081 60.00 24.3400 100.0 35.661 35.715
748.131 60.00 24.3900 100.0 35.610 35.548
748.181 60.00 24.3800 100.0 35.618 35.577
748.230 60.00 24.3600 100.0 35.635 35.632
748.280 60.00 24.3300 100.0 35.665 35.728
748.330 60.00 24.2900 100.0 35.707 35.866
748.381 60.00 24.3500 100.0 35.652 35.686
748.431 60.00 24.3300 100.0 35.665 35.727
748.479 60.00 24.3100 100.0 35.690 35.809
748.529 60.00 24.3600 100.0 35.635 35.629
748.578 60.00 24.3600 100.0 35.635 35.629
748.629 60.00 24.3800 100.0 35.614 35.561
748.679 60.00 24.3500 100.0 35.648 35.671
748.728 60.00 24.3300 100.0 35.665 35.726
748.779 60.00 24.3600 100.0 35.635 35.629
748.828 60.00 24.3200 100.0 35.682 35.781
748.878 60.00 24.3500 100.0 35.644 35.657
748.928 60.00 24.3200 100.0 35.678 35.767
748.977 60.00 24.3800 100.0 35.614 35.559
749.027 60.00 24.3300 100.0 35.669 35.739
749.076 60.00 24.2700 100.0 35.729 35.932
749.127 60.00 24.3800 100.0 35.614 35.558
749.177 60.00 24.3500 100.0 35.652 35.682
749.227 60.00 24.3600 100.0 35.635 35.627
749.276 60.00 24.3700 100.0 35.627 35.599
749.325 60.00 24.3400 100.0 35.656 35.696
749.376 60.00 24.4100 100.0 35.584 35.461
749.426 60.00 24.3100 100.0 35.690 35.806
749.475 60.00 24.3900 100.0 35.606 35.531
749.525 60.00 24.3700 100.0 35.631 35.614
749.574 60.00 24.4600 100.0 35.538 35.312
749.625 60.00 24.3500 100.0 35.644 35.657
749.675 60.00 24.3300 100.0 35.665 35.725
749.725 60.00 24.3300 100.0 35.673 35.753
749.775 60.00 24.3500 100.0 35.648 35.669
749.824 60.00 24.3800 100.0 35.618 35.573
749.875 60.00 24.3500 100.0 35.648 35.669
749.924 60.00 24.3300 100.0 35.669 35.738
749.974 60.00 24.3300 100.0 35.669 35.738
750.023 60.00 24.3700 100.0 35.631 35.613
750.073 60.00 24.3800 100.0 35.623 35.586
750.123 60.00 24.2900 100.0 35.711 35.875
750.174 60.00 24.3300 100.0 35.665 35.723
750.224 60.00 24.2900 100.0 35.707 35.860
750.272 60.00 24.2600 100.0 35.737 35.956
750.322 60.00 24.3500 100.0 35.648 35.665
750.371 60.00 24.3500 100.0 35.652 35.679
750.422 60.00 24.3100 100.0 35.686 35.789
750.472 60.00 24.3400 100.0 35.661 35.706
750.521 60.00 24.3900 100.0 35.606 35.526
750.572 60.00 24.3400 100.0 35.656 35.692
750.620 60.00 24.3400 100.0 35.661 35.706
750.671 60.00 24.3200 100.0 35.682 35.774
750.721 60.00 24.3500 100.0 35.652 35.677
750.770 60.00 24.3100 100.0 35.686 35.787
750.820 60.00 24.3400 100.0 35.661 35.704
750.869 60.00 24.3800 100.0 35.623 35.580
750.920 60.00 24.3500 100.0 35.648 35.662
750.971 60.00 24.3500 100.0 35.644 35.649
751.020 60.00 24.4200 100.0 35.576 35.429
751.069 60.00 24.3400 100.0 35.656 35.691
751.118 60.00 24.3600 100.0 35.635 35.622
751.169 60.00 24.3900 100.0 35.606 35.525
751.219 60.00 24.3600 100.0 35.635 35.622
751.268 60.00 24.3500 100.0 35.644 35.650
751.318 60.00 24.3000 100.0 35.703 35.843
751.368 60.00 24.3300 100.0 35.669 35.732
751.419 60.00 24.3800 100.0 35.623 35.580
751.468 60.00 24.3400 100.0 35.661 35.704
751.517 60.00 24.3300 100.0 35.669 35.731
751.567 60.00 24.3800 100.0 35.614 35.552
751.617 60.00 24.3500 100.0 35.648 35.662
751.667 60.00 24.3800 100.0 35.618 35.566
751.717 60.00 24.3100 100.0 35.686 35.787
751.766 60.00 24.3200 100.0 35.678 35.759
751.816 60.00 24.3300 100.0 35.669 35.731
751.865 60.00 24.3300 100.0 35.665 35.716
751.916 60.00 24.3800 100.0 35.618 35.565
751.966 60.00 24.3300 100.0 35.673 35.744
752.017 60.00 24.3800 100.0 35.618 35.565
752.065 60.00 24.3300 100.0 35.669 35.730
752.115 60.00 24.3000 100.0 35.703 35.840
752.165 60.00 24.4100 100.0 35.589 35.467
752.215 60.00 24.3600 100.0 35.639 35.633
752.265 60.00 24.4100 100.0 35.593 35.482
752.314 60.00 24.3700 100.0 35.631 35.606
752.365 60.00 24.3000 100.0 35.695 35.813
752.414 60.00 24.3200 100.0 35.678 35.757
752.464 60.00 24.3700 100.0 35.627 35.591
752.514 60.00 24.3800 100.0 35.623 35.578
752.563 60.00 24.3400 100.0 35.661 35.702
752.613 60.00 24.3400 100.0 35.656 35.688
752.662 60.00 24.3200 100.0 35.678 35.757
752.713 60.00 24.3500 100.0 35.648 35.660
752.764 60.00 24.3700 100.0 35.631 35.604
752.812 60.00 24.3700 100.0 35.627 35.591
752.862 60.00 24.3900 100.0 35.606 35.522
752.911 60.00 24.3500 100.0 35.652 35.674
752.962 60.00 24.3900 100.0 35.606 35.523
753.012 60.00 24.3400 100.0 35.661 35.703
753.061 60.00 24.3100 100.0 35.690 35.798
753.111 60.00 24.3600 100.0 35.639 35.632
753.161 60.00 24.3500 100.0 35.652 35.674
753.212 60.00 24.3400 100.0 35.661 35.702
753.261 60.00 24.3600 100.0 35.639 35.632
753.310 60.00 24.3800 100.0 35.618 35.564
753.360 60.00 24.3600 100.0 35.639 35.632
753.409 60.00 24.3300 100.0 35.673 35.743
753.460 60.00 24.3400 100.0 35.661 35.701
753.510 60.00 24.3600 100.0 35.635 35.618
753.559 60.00 24.3800 100.0 35.618 35.564
753.609 60.00 24.3300 100.0 35.669 35.729
753.658 60.00 24.3500 100.0 35.644 35.646
753.710 60.00 24.3200 100.0 35.682 35.770
753.760 60.00 24.2800 100.0 35.720 35.893
753.808 60.00 24.3800 100.0 35.623 35.576
753.858 60.00 24.3000 100.0 35.699 35.824
753.907 60.00 24.3600 100.0 35.635 35.616
753.958 60.00 24.3000 100.0 35.699 35.823
754.008 60.00 24.3000 100.0 35.703 35.836
754.058 60.00 24.4000 100.0 35.597 35.491
754.108 60.00 24.3500 100.0 35.644 35.643
754.156 60.00 24.3500 100.0 35.652 35.670
754.207 60.00 24.3000 100.0 35.703 35.836
754.257 60.00 24.3500 100.0 35.652 35.669
754.307 60.00 24.3800 100.0 35.623 35.573
754.356 60.00 24.3300 100.0 35.665 35.711
754.406 60.00 24.3300 100.0 35.673 35.738
754.456 60.00 24.3800 100.0 35.623 35.573
754.507 60.00 24.3000 100.0 35.699 35.821
754.557 60.00 24.3400 100.0 35.661 35.696
754.605 60.00 24.3600 100.0 35.635 35.613
754.655 60.00 24.3800 100.0 35.623 35.572
754.704 60.00 24.3800 100.0 35.623 35.573
754.755 60.00 24.3700 100.0 35.627 35.586
754.805 60.00 24.3700 100.0 35.631 35.600
754.854 60.00 24.3500 100.0 35.644 35.642
754.904 60.00 24.4500 100.0 35.551 35.340
754.954 60.00 24.3400 100.0 35.656 35.685
755.005 60.00 24.3800 100.0 35.618 35.561
755.054 60.00 24.3500 100.0 35.648 35.657
755.103 60.00 24.3300 100.0 35.673 35.740
755.153 60.00 24.3400 100.0 35.656 35.684
755.202 60.00 24.3400 100.0 35.661 35.698
755.253 60.00 24.3500 100.0 35.652 35.670
755.303 60.00 24.3400 100.0 35.656 35.684
755.353 60.00 24.2700 100.0 35.724 35.904
755.403 60.00 24.3500 100.0 35.644 35.641
755.452 60.00 24.3500 100.0 35.648 35.655
755.502 60.00 24.3500 100.0 35.652 35.668
755.552 60.00 24.3400 100.0 35.661 35.696
755.602 60.00 24.3600 100.0 35.639 35.627
755.651 60.00 24.3500 100.0 35.648 35.654
755.700 60.00 24.3400 100.0 35.661 35.696
755.751 60.00 24.4300 100.0 35.567 35.393
755.801 60.00 24.3500 100.0 35.652 35.669
755.850 60.00 24.3100 100.0 35.690 35.793
755.900 60.00 24.3200 100.0 35.682 35.765
755.949 60.00 24.3900 100.0 35.606 35.516
756.000 60.00 24.4000 100.0 35.601 35.503
756.051 60.00 24.4100 100.0 35.593 35.477
756.100 60.00 24.3000 100.0 35.703 35.836
756.149 60.00 24.3400 100.0 35.661 35.697
756.198 60.00 24.4000 100.0 35.597 35.490
756.249 60.00 24.3400 100.0 35.656 35.683
756.299 60.00 24.3200 100.0 35.682 35.766
756.349 60.00 24.3500 100.0 35.648 35.655
756.399 60.00 24.3400 100.0 35.661 35.697
756.448 60.00 24.3900 100.0 35.610 35.530
756.498 60.00 24.3500 100.0 35.644 35.642
756.548 60.00 24.3700 100.0 35.627 35.586
756.598 60.00 24.3400 100.0 35.661 35.697
756.647 60.00 24.3200 100.0 35.678 35.752
756.697 60.00 24.3500 100.0 35.652 35.668
756.747 60.00 24.2700 100.0 35.729 35.917
756.798 60.00 24.3800 100.0 35.618 35.558
756.848 60.00 24.3300 100.0 35.669 35.723
756.896 60.00 24.3900 100.0 35.610 35.529
756.946 60.00 24.2900 100.0 35.707 35.847
756.995 60.00 24.3800 100.0 35.623 35.571
757.046 60.00 24.3300 100.0 35.669 35.723
757.096 60.00 24.2900 100.0 35.707 35.846
757.145 60.00 24.3200 100.0 35.678 35.749
757.196 60.00 24.3600 100.0 35.635 35.610
757.245 60.00 24.3500 100.0 35.644 35.639
757.296 60.00 24.3300 100.0 35.665 35.707
757.345 60.00 24.3200 100.0 35.682 35.762
757.394 60.00 24.3800 100.0 35.623 35.569
757.445 60.00 24.3300 100.0 35.665 35.706
757.493 60.00 24.3400 100.0 35.661 35.693
757.544 60.00 24.3500 100.0 35.652 35.665
757.594 60.00 24.3400 100.0 35.656 35.679
757.643 60.00 24.3000 100.0 35.699 35.816
757.693 60.00 24.4200 100.0 35.580 35.430
757.742 60.00 24.3300 100.0 35.673 35.734
757.794 60.00 24.3500 100.0 35.644 35.637
757.844 60.00 24.3400 100.0 35.661 35.692
757.893 60.00 24.3800 100.0 35.623 35.568
757.942 60.00 24.3400 100.0 35.661 35.693
757.991 60.00 24.3300 100.0 35.669 35.720
758.042 60.00 24.4100 100.0 35.584 35.443
758.092 60.00 24.3600 100.0 35.639 35.624
758.141 60.00 24.2800 100.0 35.720 35.886
758.191 60.00 24.3500 100.0 35.648 35.650
758.241 60.00 24.3500 100.0 35.644 35.637
758.291 60.00 24.3800 100.0 35.614 35.540
758.341 60.00 24.3600 100.0 35.635 35.609
758.391 60.00 24.3500 100.0 35.648 35.651
758.440 60.00 24.3400 100.0 35.661 35.693
758.490 60.00 24.3100 100.0 35.690 35.788
758.540 60.00 24.3500 100.0 35.648 35.650
758.591 60.00 24.3300 100.0 35.673 35.733
758.641 60.00 24.3400 100.0 35.661 35.691
758.689 60.00 24.3800 100.0 35.623 35.567
758.739 60.00 24.3100 100.0 35.690 35.787
758.788 60.00 24.3400 100.0 35.656 35.677
758.839 60.00 24.3000 100.0 35.703 35.829
758.889 60.00 24.3500 100.0 35.652 35.662
758.938 60.00 24.3400 100.0 35.656 35.676
758.989 60.00 24.3700 100.0 35.631 35.593
759.038 60.00 24.3500 100.0 35.652 35.662
759.088 60.00 24.3200 100.0 35.678 35.745
759.138 60.00 24.4100 100.0 35.589 35.455
759.187 60.00 24.3800 100.0 35.614 35.539
759.237 60.00 24.4100 100.0 35.593 35.471
759.286 60.00 24.3600 100.0 35.635 35.609
759.337 60.00 24.3700 100.0 35.631 35.595
759.388 60.00 24.2800 100.0 35.716 35.870
759.437 60.00 24.3500 100.0 35.644 35.636
759.487 60.00 24.3100 100.0 35.690 35.787
759.535 60.00 24.3300 100.0 35.673 35.732
759.587 60.00 24.3500 100.0 35.644 35.635
759.637 60.00 24.3300 100.0 35.669 35.718
759.685 60.00 24.3500 100.0 35.652 35.662
759.735 60.00 24.3300 100.0 35.673 35.731
759.784 60.00 24.3600 100.0 35.635 35.606
759.835 60.00 24.3400 100.0 35.656 35.676
759.885 60.00 24.3700 100.0 35.631 35.593
759.934 60.00 24.3500 100.0 35.652 35.662
759.984 60.00 24.3100 100.0 35.690 35.786
760.034 60.00 24.3500 100.0 35.644 35.634
760.084 60.00 24.2900 100.0 35.711 35.854
760.134 60.00 24.3600 100.0 35.635 35.605
760.183 60.00 24.3300 100.0 35.665 35.702
760.233 60.00 24.3400 100.0 35.656 35.674
760.282 60.00 24.3300 100.0 35.669 35.716
760.333 60.00 24.3200 100.0 35.678 35.743
760.383 60.00 24.4000 100.0 35.597 35.481
760.434 60.00 24.3300 100.0 35.673 35.729
760.482 60.00 24.3400 100.0 35.656 35.674
760.531 60.00 24.3800 100.0 35.623 35.564
760.582 60.00 24.3800 100.0 35.618 35.550
760.632 60.00 24.3300 100.0 35.665 35.702
760.682 60.00 24.4000 100.0 35.597 35.482
760.731 60.00 24.3400 100.0 35.656 35.675
760.781 60.00 24.3600 100.0 35.639 35.620
760.831 60.00 24.3300 100.0 35.665 35.702
760.882 60.00 24.3800 100.0 35.623 35.565
760.931 60.00 24.3000 100.0 35.703 35.827
760.980 60.00 24.3800 100.0 35.623 35.565
761.030 60.00 24.3400 100.0 35.661 35.689
761.079 60.00 24.3500 100.0 35.652 35.661
761.130 60.00 24.4100 100.0 35.593 35.468
761.180 60.00 24.3700 100.0 35.627 35.579
761.229 60.00 24.3000 100.0 35.699 35.813
761.280 60.00 24.3600 100.0 35.635 35.606
761.329 60.00 24.3600 100.0 35.639 35.620
761.379 60.00 24.3900 100.0 35.610 35.523
761.429 60.00 24.3800 100.0 35.623 35.566
761.479 60.00 24.3200 100.0 35.682 35.759
761.529 60.00 24.3600 100.0 35.639 35.620
761.577 60.00 24.3800 100.0 35.618 35.552
761.628 60.00 24.3600 100.0 35.635 35.607
761.678 60.00 24.3500 100.0 35.648 35.648
761.727 60.00 24.3800 100.0 35.618 35.553
761.777 60.00 24.3600 100.0 35.635 35.608
761.826 60.00 24.4100 100.0 35.589 35.456
761.878 60.00 24.4100 100.0 35.593 35.472
761.928 60.00 24.3800 100.0 35.623 35.569
761.976 60.00 24.3000 100.0 35.699 35.817
762.026 60.00 24.3200 100.0 35.682 35.761
762.075 60.00 24.3300 100.0 35.669 35.719
762.126 60.00 24.3100 100.0 35.690 35.787
762.176 60.00 24.3800 100.0 35.618 35.553
762.225 60.00 24.3300 100.0 35.673 35.732
762.275 60.00 24.3700 100.0 35.627 35.580
762.325 60.00 24.3800 100.0 35.614 35.539
762.375 60.00 24.3100 100.0 35.690 35.787
762.425 60.00 24.3300 100.0 35.665 35.704
762.475 60.00 24.3600 100.0 35.639 35.621
762.524 60.00 24.3100 100.0 35.690 35.786
762.573 60.00 24.3000 100.0 35.695 35.800
762.624 60.00 24.3600 100.0 35.635 35.606
762.674 60.00 24.3000 100.0 35.699 35.813
762.725 60.00 24.3600 100.0 35.639 35.620
762.773 60.00 24.3600 100.0 35.639 35.620
762.823 60.00 24.3400 100.0 35.656 35.675
762.873 60.00 24.3500 100.0 35.644 35.634
762.923 60.00 24.3200 100.0 35.682 35.758
762.973 60.00 24.3700 100.0 35.631 35.592
763.022 60.00 24.3600 100.0 35.639 35.620
763.072 60.00 24.3300 100.0 35.669 35.716
763.122 60.00 24.3800 100.0 35.618 35.551
763.173 60.00 24.3300 100.0 35.665 35.702
763.222 60.00 24.3700 100.0 35.627 35.578
763.271 60.00 24.3000 100.0 35.703 35.827
763.321 60.00 24.3500 100.0 35.652 35.660
763.370 60.00 24.3200 100.0 35.682 35.757
763.421 60.00 24.3500 100.0 35.652 35.660
763.471 60.00 24.2900 100.0 35.711 35.853
763.520 60.00 24.3100 100.0 35.690 35.783
763.570 60.00 24.2700 100.0 35.724 35.893
763.619 60.00 24.3600 100.0 35.639 35.616
763.670 60.00 24.3600 100.0 35.639 35.616
763.720 60.00 24.3400 100.0 35.656 35.672
763.770 60.00 24.3400 100.0 35.661 35.685
763.819 60.00 24.3900 100.0 35.606 35.506
763.868 60.00 24.3000 100.0 35.699 35.810
763.919 60.00 24.3100 100.0 35.690 35.781
763.969 60.00 24.4000 100.0 35.601 35.492
764.018 60.00 24.3500 100.0 35.648 35.644
764.068 60.00 24.3900 100.0 35.606 35.506
764.118 60.00 24.4200 100.0 35.580 35.425
764.169 60.00 24.3200 100.0 35.678 35.742
764.218 60.00 24.3600 100.0 35.635 35.604
764.267 60.00 24.2800 100.0 35.716 35.865
764.317 60.00 24.3000 100.0 35.703 35.824
764.366 60.00 24.3300 100.0 35.669 35.713
764.417 60.00 24.3100 100.0 35.690 35.781
764.467 60.00 24.3100 100.0 35.690 35.780
764.516 60.00 24.3300 100.0 35.673 35.725
764.567 60.00 24.4400 100.0 35.559 35.353
764.615 60.00 24.3300 100.0 35.673 35.726
764.666 60.00 24.3300 100.0 35.669 35.712
764.716 60.00 24.2900 100.0 35.711 35.849
764.766 60.00 24.3000 100.0 35.703 35.821
764.815 60.00 24.3500 100.0 35.652 35.654
764.865 60.00 24.3500 100.0 35.652 35.654
764.915 60.00 24.3700 100.0 35.627 35.572
764.966 60.00 24.3300 100.0 35.665 35.696
765.016 60.00 24.3500 100.0 35.644 35.628
765.064 60.00 24.3900 100.0 35.610 35.517
765.114 60.00 24.3300 100.0 35.673 35.725
765.163 60.00 24.3700 100.0 35.631 35.586
765.214 60.00 24.3600 100.0 35.635 35.600
765.264 60.00 24.3100 100.0 35.686 35.766
765.313 60.00 24.3400 100.0 35.656 35.669
765.363 60.00 24.4400 100.0 35.559 35.352
765.413 60.00 24.3500 100.0 35.648 35.642
765.464 60.00 24.3100 100.0 35.686 35.767
765.514 60.00 24.3200 100.0 35.682 35.753
765.562 60.00 24.2800 100.0 35.720 35.876
765.613 60.00 24.2900 100.0 35.711 35.847
765.662 60.00 24.3600 100.0 35.635 35.598
765.712 60.00 24.4000 100.0 35.597 35.475
765.762 60.00 24.2800 100.0 35.720 35.875
765.811 60.00 24.3600 100.0 35.639 35.612
765.861 60.00 24.4000 100.0 35.597 35.475
765.910 60.00 24.3300 100.0 35.665 35.696
765.961 60.00 24.3700 100.0 35.631 35.585
766.011 60.00 24.3500 100.0 35.652 35.654
766.061 60.00 24.4000 100.0 35.597 35.476
766.110 60.00 24.3400 100.0 35.656 35.669
766.159 60.00 24.3100 100.0 35.686 35.766
766.210 60.00 24.3600 100.0 35.639 35.613
766.260 60.00 24.3400 100.0 35.661 35.683
766.309 60.00 24.3000 100.0 35.703 35.821
766.359 60.00 24.3600 100.0 35.635 35.599
766.408 60.00 24.3500 100.0 35.648 35.640
766.460 60.00 24.2900 100.0 35.707 35.834
766.510 60.00 24.3600 100.0 35.639 35.612
766.558 60.00 24.3500 100.0 35.652 35.654
766.608 60.00 24.3600 100.0 35.635 35.599
766.657 60.00 24.2900 100.0 35.711 35.847
766.708 60.00 24.3800 100.0 35.614 35.529
766.758 60.00 24.3500 100.0 35.648 35.640
766.808 60.00 24.2800 100.0 35.720 35.874
766.857 60.00 24.3300 100.0 35.665 35.694
766.907 60.00 24.4000 100.0 35.601 35.487
766.958 60.00 24.3800 100.0 35.623 35.557
767.007 60.00 24.4100 100.0 35.589 35.447
767.057 60.00 24.3000 100.0 35.699 35.806
767.106 60.00 24.3400 100.0 35.661 35.682
767.156 60.00 24.3200 100.0 35.682 35.750
767.206 60.00 24.4000 100.0 35.597 35.475
767.256 60.00 24.3100 100.0 35.690 35.778
767.306 60.00 24.3300 100.0 35.665 35.695
767.356 60.00 24.3100 100.0 35.690 35.777
767.405 60.00 24.3000 100.0 35.695 35.791
767.454 60.00 24.3400 100.0 35.661 35.680
767.506 60.00 24.3200 100.0 35.682 35.749
767.556 60.00 24.4100 100.0 35.584 35.431
767.605 60.00 24.3500 100.0 35.648 35.639
767.654 60.00 24.3500 100.0 35.652 35.653
767.703 60.00 24.3500 100.0 35.652 35.653
767.754 60.00 24.3300 100.0 35.665 35.694
767.804 60.00 24.3700 100.0 35.631 35.584
767.853 60.00 24.3800 100.0 35.623 35.557
767.903 60.00 24.4600 100.0 35.534 35.268
767.952 60.00 24.3200 100.0 35.678 35.738
768.004 60.00 24.4100 100.0 35.584 35.434
768.054 60.00 24.3100 100.0 35.690 35.779
768.102 60.00 24.3400 100.0 35.656 35.669
768.152 60.00 24.4400 100.0 35.555 35.339
768.201 60.00 24.3500 100.0 35.652 35.656
768.252 60.00 24.4000 100.0 35.601 35.491
768.302 60.00 24.3100 100.0 35.690 35.780
768.351 60.00 24.3600 100.0 35.639 35.615
768.401 60.00 24.3100 100.0 35.686 35.767
768.451 60.00 24.3400 100.0 35.656 35.670
768.502 60.00 24.3500 100.0 35.644 35.629
768.551 60.00 24.3200 100.0 35.678 35.739
768.600 60.00 24.3900 100.0 35.606 35.504
768.650 60.00 24.2900 100.0 35.707 35.835
768.699 60.00 24.3800 100.0 35.618 35.546
768.750 60.00 24.3400 100.0 35.656 35.670
768.800 60.00 24.3300 100.0 35.673 35.725
768.850 60.00 24.3400 100.0 35.656 35.669
768.900 60.00 24.3700 100.0 35.627 35.573
768.948 60.00 24.3100 100.0 35.690 35.779
768.999 60.00 24.3800 100.0 35.623 35.559
769.049 60.00 24.3000 100.0 35.699 35.807
769.099 60.00 24.3400 100.0 35.656 35.669
769.148 60.00 24.3500 100.0 35.648 35.641
769.198 60.00 24.3400 100.0 35.656 35.669
769.248 60.00 24.3300 100.0 35.669 35.710
769.299 60.00 24.3400 100.0 35.661 35.682
769.349 60.00 24.3200 100.0 35.682 35.751
769.397 60.00 24.3700 100.0 35.631 35.585
769.447 60.00 24.3500 100.0 35.652 35.654
769.497 60.00 24.3700 100.0 35.627 35.571
769.548 60.00 24.3300 100.0 35.673 35.724
769.597 60.00 24.4000 100.0 35.597 35.476
769.646 60.00 24.3400 100.0 35.661 35.683
769.696 60.00 24.3700 100.0 35.627 35.572
769.745 60.00 24.3300 100.0 35.673 35.724
769.796 60.00 24.3000 100.0 35.703 35.821
769.846 60.00 24.3700 100.0 35.627 35.571
769.895 60.00 24.2700 100.0 35.724 35.889
769.946 60.00 24.3600 100.0 35.639 35.612
769.994 60.00 24.3400 100.0 35.656 35.668
770.045 60.00 24.4100 100.0 35.593 35.461
770.095 60.00 24.3700 100.0 35.627 35.572
770.144 60.00 24.3200 100.0 35.678 35.738
770.194 60.00 24.3700 100.0 35.627 35.572
770.243 60.00 24.2800 100.0 35.720 35.875
770.295 60.00 24.4100 100.0 35.584 35.433
770.345 60.00 24.3300 100.0 35.669 35.710
770.393 60.00 24.4200 100.0 35.576 35.407
770.443 60.00 24.3000 100.0 35.695 35.793
770.492 60.00 24.3600 100.0 35.635 35.600
770.543 60.00 24.3200 100.0 35.682 35.752
770.593 60.00 24.3600 100.0 35.639 35.613
770.642 60.00 24.3700 100.0 35.631 35.586
770.693 60.00 24.3100 100.0 35.686 35.765
770.741 60.00 24.3300 100.0 35.673 35.724
770.792 60.00 24.3300 100.0 35.665 35.695
770.842 60.00 24.3300 100.0 35.669 35.709
770.891 60.00 24.3200 100.0 35.682 35.750
770.941 60.00 24.3700 100.0 35.627 35.571
770.990 60.00 24.4000 100.0 35.601 35.489
771.041 60.00 24.3500 100.0 35.652 35.654
771.091 60.00 24.3400 100.0 35.661 35.682
771.142 60.00 24.3800 100.0 35.618 35.545
771.190 60.00 24.3600 100.0 35.639 35.613
771.240 60.00 24.3400 100.0 35.661 35.683
771.290 60.00 24.3400 100.0 35.656 35.669
771.340 60.00 24.3500 100.0 35.652 35.655
771.390 60.00 24.3200 100.0 35.682 35.751
771.439 60.00 24.3700 100.0 35.631 35.585
771.490 60.00 24.3400 100.0 35.661 35.682
771.539 60.00 24.3200 100.0 35.678 35.737
771.589 60.00 24.3700 100.0 35.631 35.585
771.639 60.00 24.3400 100.0 35.656 35.668
771.689 60.00 24.3400 100.0 35.661 35.682
771.738 60.00 24.3800 100.0 35.623 35.558
771.787 60.00 24.3200 100.0 35.682 35.751
771.838 60.00 24.3400 100.0 35.661 35.682
771.888 60.00 24.3200 100.0 35.682 35.751
771.937 60.00 24.3200 100.0 35.682 35.750
771.987 60.00 24.4000 100.0 35.601 35.488
772.036 60.00 24.3200 100.0 35.682 35.750
772.087 60.00 24.3400 100.0 35.661 35.681
772.138 60.00 24.3700 100.0 35.627 35.570
772.186 60.00 24.4200 100.0 35.580 35.420
772.236 60.00 24.3700 100.0 35.631 35.586
772.285 60.00 24.3400 100.0 35.656 35.669
772.336 60.00 24.3300 100.0 35.669 35.710
772.386 60.00 24.3400 100.0 35.656 35.669
772.435 60.00 24.3600 100.0 35.635 35.599
772.486 60.00 24.3800 100.0 35.614 35.531
772.534 60.00 24.2900 100.0 35.707 35.834
772.585 60.00 24.3600 100.0 35.635 35.599
772.635 60.00 24.3500 100.0 35.644 35.627
772.684 60.00 24.3600 100.0 35.635 35.600
772.734 60.00 24.3700 100.0 35.627 35.572
772.783 60.00 24.3600 100.0 35.635 35.600
772.834 60.00 24.3500 100.0 35.652 35.655
772.885 60.00 24.3700 100.0 35.631 35.587
772.934 60.00 24.3200 100.0 35.678 35.739
772.983 60.00 24.3000 100.0 35.703 35.821
773.032 60.00 24.3100 100.0 35.690 35.778
773.083 60.00 24.3500 100.0 35.644 35.627
773.133 60.00 24.3400 100.0 35.661 35.682
773.183 60.00 24.3800 100.0 35.618 35.544
773.232 60.00 24.3000 100.0 35.703 35.820
773.282 60.00 24.2800 100.0 35.720 35.874
773.333 60.00 24.3400 100.0 35.656 35.667
773.382 60.00 24.3600 100.0 35.635 35.598
773.432 60.00 24.3300 100.0 35.669 35.708
773.481 60.00 24.2900 100.0 35.707 35.832
773.531 60.00 24.3000 100.0 35.703 35.818
773.581 60.00 24.3300 100.0 35.669 35.707
773.631 60.00 24.3500 100.0 35.652 35.651
773.681 60.00 24.3600 100.0 35.639 35.610
773.730 60.00 24.3800 100.0 35.618 35.541
773.780 60.00 24.3100 100.0 35.690 35.775
773.830 60.00 24.3500 100.0 35.652 35.651
773.881 60.00 24.3800 100.0 35.618 35.541
773.931 60.00 24.3200 100.0 35.682 35.748
773.979 60.00 24.3300 100.0 35.665 35.692
774.029 60.00 24.3400 100.0 35.661 35.679
774.078 60.00 24.3300 100.0 35.669 35.706
774.129 60.00 24.3500 100.0 35.644 35.623
774.179 60.00 24.2400 100.0 35.762 36.009
774.228 60.00 24.3400 100.0 35.661 35.677
774.279 60.00 24.3800 100.0 35.614 35.525
774.328 60.00 24.3400 100.0 35.661 35.678
774.378 60.00 24.3000 100.0 35.699 35.801
774.428 60.00 24.3100 100.0 35.690 35.773
774.477 60.00 24.3800 100.0 35.618 35.539
774.527 60.00 24.3000 100.0 35.699 35.801
774.576 60.00 24.3200 100.0 35.678 35.731
774.627 60.00 24.3300 100.0 35.665 35.689
774.677 60.00 24.3700 100.0 35.631 35.579
774.727 60.00 24.3500 100.0 35.648 35.634
774.776 60.00 24.3700 100.0 35.631 35.579
774.825 60.00 24.3200 100.0 35.678 35.731
774.876 60.00 24.3300 100.0 35.669 35.704
774.926 60.00 24.3200 100.0 35.682 35.745
774.975 60.00 24.3500 100.0 35.644 35.620
775.026 60.00 24.2700 100.0 35.724 35.882
775.075 60.00 24.4200 100.0 35.580 35.413
775.126 60.00 24.3500 100.0 35.648 35.634
775.175 60.00 24.3400 100.0 35.656 35.662
775.225 60.00 24.3600 100.0 35.635 35.593
775.274 60.00 24.3800 100.0 35.623 35.552
775.323 60.00 24.3800 100.0 35.614 35.525
775.374 60.00 24.3600 100.0 35.635 35.594
775.425 60.00 24.3700 100.0 35.631 35.580
775.475 60.00 24.3500 100.0 35.652 35.650
775.524 60.00 24.3600 100.0 35.639 35.608
775.573 60.00 24.3400 100.0 35.656 35.664
775.623 60.00 24.3400 100.0 35.661 35.678
775.674 60.00 24.3300 100.0 35.673 35.719
775.723 60.00 24.3300 100.0 35.673 35.719
775.772 60.00 24.3500 100.0 35.648 35.635
775.822 60.00 24.3500 100.0 35.648 35.635
775.871 60.00 24.3200 100.0 35.682 35.746
775.922 60.00 24.3300 100.0 35.673 35.718
775.972 60.00 24.3600 100.0 35.635 35.594
776.021 60.00 24.3300 100.0 35.669 35.704
776.072 60.00 24.3300 100.0 35.665 35.690
776.121 60.00 24.3500 100.0 35.652 35.648
776.171 60.00 24.3000 100.0 35.699 35.800
776.221 60.00 24.3100 100.0 35.690 35.772
776.270 60.00 24.3200 100.0 35.682 35.744
776.320 60.00 24.3200 100.0 35.682 35.744
776.369 60.00 24.3000 100.0 35.699 35.798
776.420 60.00 24.3300 100.0 35.665 35.687
776.471 60.00 24.3300 100.0 35.665 35.687
776.520 60.00 24.3600 100.0 35.635 35.591
776.569 60.00 24.3300 100.0 35.669 35.701
776.618 60.00 24.3700 100.0 35.631 35.577
776.669 60.00 24.3500 100.0 35.652 35.646
776.719 60.00 24.2900 100.0 35.707 35.825
776.768 60.00 24.3100 100.0 35.686 35.756
776.818 60.00 24.3300 100.0 35.665 35.686
776.867 60.00 24.3600 100.0 35.635 35.590
776.919 60.00 24.3000 100.0 35.695 35.783
776.969 60.00 24.3200 100.0 35.678 35.728
777.018 60.00 24.3100 100.0 35.690 35.768
777.067 60.00 24.3300 100.0 35.669 35.699
777.116 60.00 24.3300 100.0 35.673 35.713
777.167 60.00 24.3400 100.0 35.656 35.657
777.217 60.00 24.3200 100.0 35.678 35.726
777.266 60.00 24.4200 100.0 35.580 35.410
777.316 60.00 24.3600 100.0 35.635 35.589
777.365 60.00 24.3400 100.0 35.656 35.659
777.417 60.00 24.3800 100.0 35.618 35.535
777.467 60.00 24.4000 100.0 35.601 35.480
777.516 60.00 24.3400 100.0 35.661 35.674
777.566 60.00 24.2900 100.0 35.707 35.825
777.615 60.00 24.3800 100.0 35.623 35.549
777.666 60.00 24.3400 100.0 35.656 35.659
777.715 60.00 24.3700 100.0 35.631 35.576
777.765 60.00 24.3600 100.0 35.635 35.591
777.814 60.00 24.3600 100.0 35.639 35.605
777.864 60.00 24.3200 100.0 35.678 35.729
777.913 60.00 24.3000 100.0 35.699 35.797
777.964 60.00 24.3200 100.0 35.678 35.728
778.014 60.00 24.3800 100.0 35.618 35.535
778.064 60.00 24.4000 100.0 35.601 35.480
778.113 60.00 24.3500 100.0 35.652 35.646
778.162 60.00 24.3500 100.0 35.644 35.619
778.213 60.00 24.3000 100.0 35.699 35.798
778.263 60.00 24.3800 100.0 35.614 35.522
778.312 60.00 24.3400 100.0 35.661 35.674
778.362 60.00 24.3200 100.0 35.678 35.729
778.411 60.00 24.3600 100.0 35.635 35.591
778.463 60.00 24.4100 100.0 35.589 35.440
778.513 60.00 24.3300 100.0 35.669 35.702
778.561 60.00 24.3300 100.0 35.669 35.702
778.611 60.00 24.3200 100.0 35.678 35.730
778.660 60.00 24.3500 100.0 35.648 35.633
778.711 60.00 24.3900 100.0 35.606 35.495
778.761 60.00 24.4100 100.0 35.584 35.426
778.810 60.00 24.3300 100.0 35.665 35.689
778.860 60.00 24.3000 100.0 35.699 35.800
778.910 60.00 24.3400 100.0 35.661 35.675
778.961 60.00 24.3400 100.0 35.661 35.675
779.010 60.00 24.3400 100.0 35.656 35.661
779.059 60.00 24.3100 100.0 35.686 35.758
779.109 60.00 24.3800 100.0 35.618 35.537
779.158 60.00 24.3700 100.0 35.627 35.565
779.209 60.00 24.3100 100.0 35.690 35.771
779.259 60.00 24.3400 100.0 35.656 35.661
779.310 60.00 24.2800 100.0 35.716 35.853
779.359 60.00 24.3500 100.0 35.644 35.619
779.407 60.00 24.3300 100.0 35.665 35.688
779.458 60.00 24.3200 100.0 35.682 35.743
779.508 60.00 24.3900 100.0 35.610 35.508
779.558 60.00 24.2300 100.0 35.767 36.019
779.607 60.00 24.3800 100.0 35.623 35.549
779.656 60.00 24.3400 100.0 35.661 35.673
779.707 60.00 24.3500 100.0 35.652 35.645
779.757 60.00 24.3500 100.0 35.652 35.645
779.807 60.00 24.3800 100.0 35.623 35.549
779.856 60.00 24.3200 100.0 35.678 35.729
779.906 60.00 24.3700 100.0 35.631 35.577
779.957 60.00 24.3400 100.0 35.656 35.660
780.007 60.00 24.3300 100.0 35.669 35.701
780.056 60.00 24.3100 100.0 35.686 35.756
780.105 60.00 24.3300 100.0 35.669 35.701
780.155 60.00 24.3300 100.0 35.669 35.700
780.204 60.00 24.3700 100.0 35.627 35.562
780.255 60.00 24.3600 100.0 35.635 35.590
780.305 60.00 24.3900 100.0 35.610 35.507
780.355 60.00 24.3100 100.0 35.690 35.770
780.404 60.00 24.3400 100.0 35.661 35.674
780.453 60.00 24.3400 100.0 35.661 35.673
780.504 60.00 24.3000 100.0 35.695 35.783
780.554 60.00 24.3300 100.0 35.665 35.686
780.603 60.00 24.3500 100.0 35.648 35.631
780.653 60.00 24.2700 100.0 35.729 35.893
780.702 60.00 24.3800 100.0 35.623 35.548
780.754 60.00 24.3400 100.0 35.656 35.658
780.804 60.00 24.3900 100.0 35.606 35.493
780.853 60.00 24.3100 100.0 35.686 35.755
780.902 60.00 24.4400 100.0 35.563 35.356
780.951 60.00 24.3500 100.0 35.652 35.646
781.002 60.00 24.3900 100.0 35.606 35.494
781.052 60.00 24.3500 100.0 35.652 35.647
781.101 60.00 24.3700 100.0 35.631 35.578
781.151 60.00 24.3500 100.0 35.648 35.633
781.200 60.00 24.3400 100.0 35.661 35.675
781.252 60.00 24.3700 100.0 35.631 35.578
781.302 60.00 24.3400 100.0 35.656 35.661
781.350 60.00 24.4300 100.0 35.572 35.386
781.400 60.00 24.3900 100.0 35.606 35.497
781.449 60.00 24.3300 100.0 35.673 35.718
781.500 60.00 24.3400 100.0 35.656 35.663
781.550 60.00 24.3000 100.0 35.699 35.800
781.600 60.00 24.3400 100.0 35.661 35.676
781.649 60.00 24.3600 100.0 35.635 35.593
781.698 60.00 24.3800 100.0 35.618 35.539
781.749 60.00 24.3400 100.0 35.656 35.663
781.799 60.00 24.3800 100.0 35.618 35.539
781.850 60.00 24.3300 100.0 35.665 35.690
781.898 60.00 24.3800 100.0 35.614 35.525
781.948 60.00 24.3500 100.0 35.648 35.636
781.998 60.00 24.3700 100.0 35.627 35.567
782.048 60.00 24.4400 100.0 35.555 35.334
782.098 60.00 24.3700 100.0 35.627 35.569
782.147 60.00 24.3300 100.0 35.669 35.707
782.197 60.00 24.3600 100.0 35.635 35.596
782.247 60.00 24.3300 100.0 35.673 35.721
782.298 60.00 24.3100 100.0 35.686 35.762
782.348 60.00 24.2900 100.0 35.711 35.844
782.396 60.00 24.3300 100.0 35.673 35.719
782.446 60.00 24.3200 100.0 35.678 35.733
782.495 60.00 24.3900 100.0 35.606 35.498
782.546 60.00 24.3600 100.0 35.639 35.609
782.596 60.00 24.3400 100.0 35.661 35.678
782.645 60.00 24.3400 100.0 35.656 35.664
782.696 60.00 24.3200 100.0 35.682 35.747
782.745 60.00 24.3300 100.0 35.673 35.719
782.795 60.00 24.3000 100.0 35.695 35.788
782.845 60.00 24.3800 100.0 35.623 35.553
782.894 60.00 24.3400 100.0 35.661 35.677
782.944 60.00 24.3800 100.0 35.623 35.553
782.993 60.00 24.3300 100.0 35.669 35.705
783.044 60.00 24.3500 100.0 35.644 35.622
783.094 60.00 24.3300 100.0 35.669 35.705
783.144 60.00 24.3700 100.0 35.627 35.567
783.193 60.00 24.3300 100.0 35.669 35.705
783.242 60.00 24.3600 100.0 35.635 35.595
783.293 60.00 24.3200 100.0 35.682 35.747
783.343 60.00 24.3300 100.0 35.673 35.719
783.392 60.00 24.3000 100.0 35.699 35.801
783.442 60.00 24.3700 100.0 35.631 35.580
783.491 60.00 24.3100 100.0 35.690 35.773
783.543 60.00 24.3100 100.0 35.686 35.759
783.593 60.00 24.2200 100.0 35.775 36.048
783.641 60.00 24.3300 100.0 35.673 35.715
783.691 60.00 24.3400 100.0 35.661 35.674
783.741 60.00 24.3700 100.0 35.627 35.563
783.792 60.00 24.3800 100.0 35.618 35.537
783.841 60.00 24.3500 100.0 35.652 35.647
783.891 60.00 24.3900 100.0 35.610 35.509
783.940 60.00 24.3200 100.0 35.682 35.744
783.990 60.00 24.3000 100.0 35.695 35.785
784.040 60.00 24.2800 100.0 35.716 35.853
784.090 60.00 24.3800 100.0 35.623 35.550
784.140 60.00 24.3500 100.0 35.648 35.632
784.190 60.00 24.4600 100.0 35.538 35.275
784.240 60.00 24.3400 100.0 35.661 35.676
784.288 60.00 24.3400 100.0 35.656 35.662
784.340 60.00 24.4100 100.0 35.589 35.441
784.390 60.00 24.2700 100.0 35.733 35.910
784.441 60.00 24.2800 100.0 35.716 35.854
784.490 60.00 24.3500 100.0 35.648 35.633
0.051 24.33 24.3700 0.0 -0.042 -0.065
0.101 24.33 24.3300 0.7 -0.008 0.080
0.150 24.33 24.3700 0.0 -0.046 -0.007
0.201 24.33 24.2900 2.4 0.035 0.289
0.250 24.33 24.3900 0.1 -0.062 0.008
0.300 24.33 24.3100 2.4 0.015 0.288
0.350 24.33 24.3100 2.6 0.016 0.324
0.399 24.33 24.3200 2.7 0.009 0.331
0.450 24.33 24.3000 3.4 0.026 0.419
0.500 24.33 24.3100 3.5 0.019 0.426
0.549 24.33 24.3200 3.5 0.012 0.432
0.599 24.33 24.3100 4.2 0.026 0.507
0.649 24.34 24.3500 3.3 -0.015 0.400
0.700 24.34 24.3100 4.6 0.024 0.559
0.749 24.34 24.3500 3.8 -0.013 0.466
0.799 24.34 24.3300 4.5 0.006 0.552
0.848 24.34 24.3600 4.1 -0.018 0.504
0.897 24.34 24.3900 3.6 -0.046 0.438
0.948 24.35 24.3500 5.0 -0.002 0.609
0.998 24.35 24.3300 5.7 0.017 0.695
1.048 24.35 24.3300 6.0 0.019 0.727
1.097 24.35 24.3600 5.3 -0.013 0.647
1.147 24.35 24.3500 5.9 0.002 0.718
1.197 24.36 24.3300 6.6 0.021 0.807
1.248 24.36 24.4000 5.2 -0.040 0.630
1.298 24.36 24.3800 6.0 -0.016 0.728
1.346 24.36 24.3100 7.9 0.050 0.966
1.396 24.37 24.3300 7.6 0.031 0.925
1.445 24.37 24.3200 8.2 0.047 0.999
1.496 24.37 24.3400 7.9 0.028 0.959
1.546 24.37 24.2500 10.5 0.120 1.276
1.595 24.38 24.3300 8.6 0.042 1.045
1.645 24.38 24.3500 8.4 0.032 1.029
1.694 24.38 24.3400 8.9 0.044 1.089
1.746 24.38 24.3100 9.8 0.072 1.197
1.796 24.39 24.3600 8.8 0.029 1.077
1.845 24.39 24.3200 10.1 0.070 1.227
1.894 24.39 24.3000 10.8 0.094 1.322
1.943 24.40 24.4000 8.5 0.000 1.033
1.994 24.40 24.3000 11.2 0.097 1.366
2.044 24.40 24.3600 10.0 0.045 1.215
2.093 24.41 24.3400 10.7 0.066 1.297
2.143 24.41 24.3200 11.6 0.095 1.406
2.192 24.42 24.3300 11.4 0.086 1.389
2.243 24.42 24.3200 12.0 0.102 1.460
2.293 24.42 24.3200 12.1 0.102 1.472
2.342 24.43 24.3400 11.8 0.084 1.429
2.392 24.43 24.3500 11.8 0.084 1.440
2.441 24.43 24.3800 11.1 0.050 1.346
2.492 24.44 24.3900 11.2 0.049 1.356
2.542 24.44 24.3400 12.6 0.100 1.534
2.593 24.45 24.3500 12.6 0.096 1.533
2.642 24.45 24.3400 13.0 0.108 1.584
2.690 24.45 24.3000 14.3 0.151 1.734
2.741 24.46 24.3000 14.5 0.155 1.760
2.791 24.46 24.3600 13.1 0.100 1.592
2.841 24.47 24.3900 12.6 0.079 1.533
2.890 24.47 24.3500 13.7 0.117 1.668
2.939 24.48 24.2900 15.7 0.186 1.901
2.990 24.48 24.2400 17.3 0.245 2.106
3.040 24.49 24.3400 14.8 0.148 1.797
3.090 24.49 24.3300 15.1 0.157 1.834
3.139 24.50 24.3800 14.1 0.115 1.709
3.189 24.50 24.3700 14.6 0.133 1.771
3.239 24.51 24.3400 15.5 0.163 1.880
3.289 24.51 24.3700 15.0 0.142 1.821
3.339 24.52 24.3600 15.4 0.156 1.872
3.388 24.52 24.3300 16.6 0.195 2.007
3.438 24.53 24.3200 16.9 0.208 2.054
3.487 24.53 24.3400 16.5 0.188 1.995
3.538 24.54 24.3200 17.2 0.214 2.087
3.588 24.54 24.3700 16.2 0.173 1.958
3.638 24.55 24.3400 17.2 0.208 2.079
3.688 24.55 24.3500 17.1 0.205 2.075
3.736 24.56 24.3600 17.0 0.197 2.054
3.787 24.56 24.2900 19.0 0.270 2.299
3.837 24.57 24.3700 17.1 0.200 2.070
3.886 24.57 24.3100 18.8 0.260 2.271
3.936 24.58 24.3500 18.0 0.232 2.183
3.985 24.58 24.3000 19.5 0.284 2.359
4.036 24.59 24.3900 17.3 0.200 2.089
4.086 24.60 24.3800 17.8 0.219 2.153
4.135 24.60 24.3100 19.8 0.292 2.396
4.186 24.61 24.3500 18.9 0.260 2.290
4.234 24.61 24.2900 20.6 0.321 2.493
4.285 24.62 24.3500 19.1 0.263 2.307
4.335 24.62 24.3300 20.0 0.299 2.424
4.384 24.63 24.3500 19.4 0.275 2.348
4.434 24.64 24.3700 19.1 0.264 2.313
4.484 24.64 24.3500 20.0 0.295 2.418
4.535 24.65 24.3400 20.3 0.306 2.452
4.584 24.65 24.3100 21.2 0.341 2.570
4.633 24.66 24.2600 22.8 0.398 2.755
4.683 24.67 24.3700 20.1 0.299 2.431
4.732 24.67 24.3000 22.1 0.373 2.669
4.783 24.68 24.3900 19.8 0.286 2.386
4.833 24.69 24.3900 20.1 0.296 2.421
4.882 24.69 24.3400 21.6 0.353 2.606
4.933 24.70 24.3600 21.1 0.334 2.546
4.982 24.70 24.3500 21.6 0.353 2.606
5.032 24.71 24.3600 21.5 0.351 2.597
5.082 24.72 24.3500 21.8 0.362 2.632
5.132 24.72 24.3500 22.2 0.377 2.680
5.181 24.73 24.3500 22.3 0.379 2.685
5.231 24.74 24.3400 22.6 0.394 2.730
5.281 24.74 24.3300 23.2 0.418 2.803
5.331 24.75 24.3500 22.9 0.403 2.755
5.381 24.76 24.3200 23.7 0.435 2.856
5.431 24.76 24.3400 23.3 0.421 2.804
5.481 24.77 24.3500 23.1 0.415 2.785
5.529 24.78 24.3000 24.8 0.481 2.996
5.580 24.78 24.4100 21.9 0.373 2.641
5.630 24.79 24.3300 24.3 0.461 2.925
5.679 24.80 24.3100 25.0 0.488 3.008
5.729 24.80 24.3400 24.3 0.466 2.933
5.778 24.81 24.3800 23.2 0.426 2.796
5.829 24.82 24.3500 24.3 0.467 2.927
5.880 24.82 24.3200 25.4 0.508 3.053
5.929 24.83 24.3300 25.1 0.498 3.018
5.979 24.84 24.3600 24.5 0.479 2.951
6.027 24.85 24.3400 25.3 0.508 3.042
6.078 24.85 24.3600 24.7 0.489 2.974
6.128 24.86 24.3100 26.2 0.547 3.157
6.178 24.87 24.3500 25.5 0.520 3.065
6.227 24.87 24.4100 23.9 0.464 2.877
6.276 24.88 24.3800 25.0 0.505 3.004
6.327 24.89 24.4200 23.9 0.466 2.871
6.377 24.90 24.3100 27.1 0.587 3.261
6.426 24.90 24.3500 26.0 0.548 3.127
6.476 24.91 24.1900 30.6 0.721 3.685
6.525 24.92 24.3100 27.4 0.605 3.297
6.577 24.93 24.3100 27.6 0.613 3.315
6.627 24.93 24.4000 25.4 0.531 3.044
6.676 24.94 24.4100 25.2 0.526 3.018
6.725 24.95 24.3000 28.3 0.648 3.406
6.774 24.96 24.3800 26.2 0.570 3.148
6.825 24.96 24.2400 30.2 0.722 3.632
6.875 24.97 24.3600 27.2 0.611 3.263
6.924 24.98 24.4500 25.0 0.530 2.991
6.974 24.99 24.3400 27.9 0.643 3.354
7.023 24.99 24.3700 27.3 0.621 3.273
7.075 25.00 24.3000 29.2 0.696 3.509
7.125 25.01 24.2800 30.1 0.729 3.609
7.175 25.02 24.3600 28.0 0.656 3.362
7.223 25.02 24.2600 30.8 0.762 3.695
7.272 25.03 24.3500 28.6 0.685 3.435
7.323 25.04 24.3400 28.9 0.697 3.466
7.373 25.05 24.3500 28.9 0.700 3.467
7.423 25.05 24.3000 30.3 0.755 3.634
7.472 25.06 24.3500 29.1 0.711 3.486
7.522 25.07 24.3600 28.9 0.707 3.461
7.572 25.08 24.3200 30.1 0.757 3.614
7.622 25.09 24.3300 30.1 0.756 3.602
7.673 25.09 24.4000 28.3 0.692 3.383
7.721 25.10 24.3400 30.1 0.764 3.606
7.771 25.11 24.3300 30.4 0.776 3.634
7.820 25.12 24.3200 30.9 0.796 3.694
7.871 25.13 24.3500 30.1 0.771 3.597
7.921 25.13 24.3400 30.5 0.791 3.653
7.970 25.14 24.3100 31.4 0.829 3.765
8.020 25.15 24.4000 29.2 0.748 3.491
8.069 25.16 24.3000 32.0 0.858 3.837
8.121 25.17 24.3700 30.3 0.794 3.617
8.171 25.17 24.3900 29.8 0.781 3.562
8.219 25.18 24.3500 31.2 0.835 3.732
8.269 25.19 24.3200 32.1 0.873 3.842
8.318 25.20 24.3800 30.7 0.822 3.664
8.370 25.21 24.3500 31.5 0.855 3.762
8.420 25.21 24.3300 32.2 0.885 3.847
8.468 25.22 24.3600 31.4 0.859 3.752
8.518 25.23 24.3300 32.6 0.906 3.892
8.567 25.24 24.2900 33.6 0.948 4.015
8.618 25.25 24.3500 32.1 0.897 3.836
8.668 25.26 24.3400 32.6 0.918 3.893
8.717 25.26 24.3600 32.1 0.901 3.826
8.767 25.27 24.3200 33.3 0.951 3.977
8.817 25.28 24.3100 33.7 0.968 4.020
8.868 25.29 24.3500 32.8 0.938 3.910
8.917 25.30 24.3300 33.6 0.972 4.006
8.966 25.31 24.3500 33.0 0.955 3.939
9.016 25.31 24.3500 33.1 0.963 3.951
9.065 25.32 24.2900 34.8 1.031 4.160
9.116 25.33 24.3900 32.4 0.942 3.854
9.166 25.34 24.3100 34.6 1.031 4.132
9.216 25.35 24.3100 34.6 1.035 4.131
9.266 25.36 24.3300 34.3 1.027 4.091
9.315 25.36 24.3400 34.1 1.023 4.065
9.365 25.37 24.3500 34.0 1.023 4.050
9.415 25.38 24.3600 33.9 1.023 4.038
9.465 25.39 24.3600 34.0 1.031 4.051
9.514 25.40 24.4100 32.7 0.985 3.888
9.564 25.41 24.2700 36.5 1.133 4.357
9.614 25.42 24.2400 37.4 1.171 4.464
9.665 25.42 24.3800 33.9 1.044 4.035
9.715 25.43 24.3800 34.2 1.057 4.064
9.763 25.44 24.3800 34.3 1.066 4.078
9.813 25.45 24.3700 34.5 1.079 4.104
9.862 25.46 24.3800 34.4 1.079 4.093
9.913 25.47 24.3400 35.7 1.130 4.244
9.963 25.48 24.3600 35.2 1.117 4.187
10.012 25.49 24.3400 35.9 1.147 4.272
10.062 25.49 24.3400 36.0 1.156 4.285
10.111 25.50 24.3000 37.1 1.203 4.421
10.163 25.51 24.3100 37.0 1.203 4.408
10.212 25.52 24.3800 35.3 1.140 4.188
10.261 25.53 24.3000 37.6 1.233 4.476
10.311 25.54 24.3500 36.3 1.187 4.308
10.361 25.55 24.3900 35.3 1.153 4.186
10.412 25.56 24.3700 36.1 1.187 4.282
10.461 25.56 24.3900 35.6 1.175 4.226
10.510 25.57 24.3500 36.9 1.226 4.380
10.560 25.58 24.4000 35.5 1.180 4.212
10.609 25.59 24.3600 36.8 1.231 4.365
10.660 25.60 24.3500 37.1 1.248 4.406
10.710 25.61 24.3900 36.2 1.219 4.294
10.759 25.62 24.4400 35.1 1.182 4.157
10.810 25.63 24.3300 38.1 1.301 4.529
10.859 25.63 24.2800 39.5 1.356 4.693
10.909 25.64 24.4100 36.3 1.238 4.294
10.959 25.65 24.3800 36.9 1.268 4.374
11.008 25.66 24.3300 38.5 1.332 4.569
11.058 25.67 24.3500 38.1 1.324 4.523
11.107 25.68 24.3800 37.4 1.299 4.429
11.158 25.69 24.3300 38.7 1.354 4.590
11.208 25.70 24.3300 39.0 1.368 4.620
11.259 25.71 24.3600 38.3 1.347 4.533
11.307 25.72 24.3700 38.2 1.348 4.521
11.356 25.72 24.3900 37.6 1.331 4.452
11.407 25.73 24.3500 38.9 1.383 4.603
11.457 25.74 24.4300 36.8 1.311 4.351
11.507 25.75 24.3800 38.4 1.375 4.544
11.556 25.76 24.3000 40.7 1.465 4.819
11.606 25.77 24.4100 37.6 1.355 4.448
11.656 25.78 24.3700 39.0 1.411 4.610
11.706 25.79 24.3300 40.0 1.454 4.733
11.756 25.80 24.4100 38.0 1.382 4.487
11.805 25.81 24.3300 40.2 1.472 4.760
11.855 25.81 24.3600 39.7 1.456 4.690
11.904 25.82 24.3000 41.4 1.524 4.896
11.955 25.83 24.3200 40.9 1.512 4.840
12.006 25.84 24.4500 37.6 1.394 4.439
12.055 25.85 24.3500 40.4 1.500 4.769
12.104 25.86 24.3500 40.4 1.510 4.779
12.154 25.87 24.3900 39.5 1.481 4.668
12.205 25.88 24.3900 39.6 1.490 4.681
12.255 25.89 24.3500 40.8 1.537 4.818
12.303 25.90 24.3500 41.0 1.551 4.845
12.353 25.91 24.4200 39.1 1.484 4.611
12.402 25.92 24.3400 41.5 1.577 4.897
12.453 25.92 24.3900 40.1 1.532 4.730
12.503 25.93 24.3500 41.3 1.583 4.881
12.552 25.94 24.4600 38.5 1.482 4.537
12.603 25.95 24.3200 42.5 1.635 5.016
12.651 25.96 24.2900 43.4 1.674 5.124
12.702 25.97 24.3400 42.1 1.633 4.971
12.752 25.98 24.3500 41.8 1.625 4.928
12.801 25.99 24.3300 42.6 1.660 5.022
12.851 26.00 24.3400 42.4 1.661 5.006
12.900 26.01 24.4000 40.9 1.606 4.812
12.951 26.02 24.3200 43.2 1.700 5.102
13.002 26.03 24.2900 44.0 1.735 5.194
13.051 26.04 24.3600 42.2 1.672 4.971
13.100 26.04 24.3600 42.4 1.686 4.997
13.149 26.05 24.3500 42.9 1.708 5.052
13.200 26.06 24.3800 42.0 1.679 4.939
13.250 26.07 24.3400 43.2 1.731 5.089
13.299 26.08 24.3500 43.2 1.736 5.088
13.349 26.09 24.3400 43.4 1.749 5.112
13.399 26.10 24.3900 42.2 1.708 4.959
13.450 26.11 24.3900 42.4 1.721 4.986
13.499 26.12 24.3200 44.4 1.803 5.231
13.549 26.13 24.3400 44.0 1.791 5.174
13.598 26.14 24.2600 46.2 1.881 5.450
13.647 26.15 24.3900 42.7 1.754 5.017
13.698 26.16 24.4200 42.0 1.734 4.932
13.748 26.17 24.3800 43.4 1.790 5.096
13.798 26.18 24.3500 44.0 1.821 5.178
13.848 26.19 24.2700 46.5 1.919 5.481
13.897 26.19 24.3100 45.4 1.882 5.338
13.947 26.20 24.4100 43.0 1.798 5.045
13.997 26.21 24.3500 44.4 1.858 5.223
14.047 26.22 24.3200 45.6 1.906 5.360
14.096 26.23 24.3900 43.7 1.839 5.125
14.146 26.24 24.3700 44.4 1.874 5.217
14.195 26.25 24.3700 44.4 1.879 5.214
14.246 26.26 24.3100 46.2 1.952 5.433
14.296 26.27 24.3700 44.6 1.898 5.239
14.345 26.28 24.4000 44.1 1.882 5.167
14.396 26.29 24.4100 44.0 1.883 5.153
14.444 26.30 24.3200 46.4 1.982 5.453
14.495 26.31 24.3600 45.3 1.944 5.313
14.545 26.32 24.3400 46.0 1.975 5.393
14.594 26.33 24.3600 45.6 1.967 5.350
14.644 26.34 24.3500 45.9 1.985 5.388
14.693 26.35 24.4100 44.6 1.940 5.222
14.744 26.36 24.3700 45.7 1.987 5.359
14.795 26.36 24.3900 45.1 1.972 5.284
14.843 26.37 24.4000 45.1 1.977 5.283
14.893 26.38 24.3400 46.8 2.046 5.490
14.942 26.39 24.3300 47.0 2.059 5.513
14.993 26.40 24.3600 46.4 2.039 5.429
15.043 26.41 24.3600 46.4 2.049 5.439
15.092 26.42 24.3000 48.4 2.126 5.674
15.142 26.43 24.4600 44.1 1.971 5.146
15.191 26.44 24.3500 47.2 2.094 5.531
15.243 26.45 24.3800 46.4 2.070 5.431
15.293 26.46 24.3600 47.1 2.101 5.510
15.341 26.47 24.4100 46.0 2.064 5.372
15.391 26.48 24.3400 47.7 2.137 5.589
15.440 26.49 24.3300 48.3 2.163 5.657
15.491 26.50 24.3700 47.3 2.130 5.529
15.541 26.51 24.3700 47.4 2.140 5.541
15.592 26.52 24.3300 48.6 2.192 5.690
15.641 26.53 24.4000 46.8 2.130 5.465
15.689 26.54 24.4000 46.9 2.139 5.478
15.740 26.55 24.4000 47.0 2.149 5.489
15.790 26.56 24.3700 47.9 2.188 5.599
15.840 26.57 24.3700 47.9 2.193 5.595
15.889 26.57 24.4400 46.3 2.139 5.399
15.939 26.58 24.4100 47.2 2.179 5.509
15.990 26.59 24.3700 48.2 2.222 5.630
16.039 26.60 24.3300 49.3 2.270 5.767
16.089 26.61 24.4200 47.1 2.191 5.488
16.139 26.62 24.4100 47.5 2.213 5.543
16.188 26.63 24.4600 46.2 2.168 5.375
16.237 26.64 24.3800 48.5 2.262 5.662
16.288 26.65 24.3800 48.6 2.272 5.675
16.338 26.66 24.4200 47.7 2.243 5.562
16.387 26.67 24.3800 48.7 2.286 5.682
16.438 26.68 24.4100 48.1 2.271 5.610
16.487 26.69 24.3400 50.1 2.348 5.844
16.537 26.70 24.3500 50.0 2.353 5.839
16.587 26.71 24.3200 50.8 2.389 5.935
16.636 26.72 24.3500 50.0 2.364 5.834
16.686 26.73 24.3900 49.2 2.340 5.734
16.735 26.74 24.4200 48.4 2.316 5.638
16.786 26.75 24.4100 48.8 2.334 5.676
16.837 26.76 24.3800 49.8 2.378 5.797
16.886 26.77 24.3400 50.9 2.425 5.934
16.935 26.78 24.3100 51.8 2.465 6.041
16.984 26.79 24.4200 49.0 2.369 5.705
17.035 26.80 24.3400 51.3 2.459 5.981
17.085 26.81 24.3200 52.0 2.490 6.059
17.134 26.82 24.3400 51.5 2.478 6.000
17.184 26.83 24.3400 51.6 2.488 6.012
17.234 26.84 24.4300 49.2 2.404 5.719
17.285 26.85 24.3700 50.9 2.473 5.923
17.334 26.85 24.3800 50.8 2.475 5.908
17.383 26.86 24.3500 51.7 2.514 6.015
17.433 26.87 24.3900 50.8 2.485 5.901
17.482 26.88 24.3300 52.4 2.554 6.104
17.533 26.89 24.3600 51.8 2.534 6.020
17.583 26.90 24.4300 50.0 2.477 5.810
17.634 26.91 24.4000 50.8 2.512 5.904
17.682 26.92 24.3800 51.5 2.542 5.986
17.731 26.93 24.3500 52.5 2.586 6.107
17.782 26.94 24.3500 52.6 2.596 6.116
17.832 26.95 24.3600 52.4 2.593 6.087
17.882 26.96 24.4200 50.8 2.539 5.892
17.931 26.97 24.4100 51.1 2.557 5.929
17.981 26.98 24.3700 52.3 2.609 6.078
18.032 26.99 24.4000 51.8 2.594 6.005
18.081 27.00 24.3500 53.1 2.650 6.170
18.132 27.01 24.3800 52.5 2.634 6.098
18.181 27.02 24.3500 53.4 2.674 6.204
18.231 27.03 24.3900 52.3 2.637 6.065
18.279 27.04 24.4000 52.1 2.638 6.046
18.330 27.05 24.4400 51.2 2.610 5.935
18.380 27.06 24.4300 51.6 2.628 5.974
18.429 27.07 24.3700 53.2 2.697 6.177
18.479 27.08 24.4100 52.2 2.664 6.052
18.528 27.09 24.4000 52.7 2.687 6.105
18.580 27.10 24.3800 53.4 2.718 6.185
18.629 27.11 24.4900 50.5 2.618 5.837
18.678 27.12 24.3900 53.3 2.729 6.178
18.728 27.13 24.3300 54.9 2.794 6.371
18.777 27.14 24.3700 54.0 2.765 6.256
18.828 27.15 24.3100 55.8 2.839 6.473
18.878 27.16 24.4000 53.4 2.755 6.183
18.928 27.17 24.3500 55.0 2.820 6.369
18.978 27.18 24.3500 54.8 2.822 6.354
19.026 27.19 24.3800 54.3 2.806 6.282
19.077 27.20 24.4000 53.9 2.799 6.237
19.127 27.21 24.3600 55.0 2.847 6.374
19.176 27.22 24.3900 54.2 2.822 6.274
19.226 27.23 24.3600 55.2 2.866 6.394
19.275 27.24 24.4300 53.5 2.808 6.185
19.327 27.25 24.3600 55.3 2.881 6.401
19.377 27.25 24.3400 56.1 2.917 6.494
19.425 27.26 24.4300 53.7 2.833 6.204
19.475 27.27 24.3700 55.4 2.902 6.407
19.524 27.28 24.3700 55.6 2.916 6.431
19.575 27.29 24.3900 55.0 2.901 6.358
19.625 27.30 24.4000 55.0 2.906 6.358
19.674 27.31 24.3700 55.9 2.946 6.465
19.725 27.32 24.3800 55.7 2.943 6.435
19.774 27.33 24.3600 56.3 2.974 6.513
19.824 27.34 24.4400 54.3 2.903 6.264
19.874 27.35 24.3800 56.1 2.977 6.483
19.924 27.36 24.3700 56.3 2.991 6.506
19.973 27.37 24.3900 56.0 2.984 6.460
20.022 27.38 24.3800 56.3 3.002 6.499
20.073 27.39 24.3300 57.7 3.063 6.674
20.124 27.40 24.4200 55.5 2.984 6.395
20.173 27.41 24.3100 58.4 3.099 6.749
20.222 27.42 24.3600 57.2 3.062 6.606
20.272 27.43 24.3800 56.8 3.051 6.551
20.322 27.44 24.3000 58.9 3.137 6.809
20.373 27.45 24.4000 56.4 3.050 6.502
20.423 27.46 24.4100 56.3 3.051 6.484
20.471 27.47 24.3200 58.8 3.150 6.787
20.521 27.48 24.4400 55.7 3.041 6.408
20.570 27.49 24.4600 55.2 3.030 6.354
20.621 27.50 24.4400 55.8 3.057 6.421
20.671 27.51 24.4400 56.1 3.075 6.459
20.721 27.52 24.3900 57.5 3.131 6.620
20.770 27.53 24.3800 57.8 3.150 6.662
20.819 27.54 24.4200 56.9 3.121 6.549
20.870 27.55 24.3300 59.5 3.224 6.862
20.920 27.56 24.3600 58.5 3.196 6.747
20.969 27.57 24.3900 57.9 3.176 6.660
21.019 27.58 24.3500 59.2 3.233 6.822
21.069 27.59 24.3800 58.4 3.209 6.723
21.120 27.60 24.4400 57.0 3.164 6.553
21.169 27.61 24.3400 59.6 3.267 6.867
21.218 27.62 24.3700 58.9 3.247 6.780
21.268 27.63 24.3500 59.6 3.278 6.862
21.317 27.64 24.3600 59.3 3.275 6.830
21.368 27.65 24.3400 60.1 3.310 6.923
21.418 27.66 24.3800 59.2 3.282 6.809
21.468 27.67 24.4600 57.1 3.211 6.557
21.517 27.68 24.3700 59.5 3.306 6.844
21.566 27.69 24.3900 59.2 3.299 6.801
21.617 27.70 24.3700 59.8 3.330 6.878
21.667 27.71 24.3800 59.5 3.323 6.835
21.716 27.72 24.4000 59.2 3.320 6.805
21.766 27.73 24.4100 58.9 3.313 6.759
21.816 27.74 24.3700 60.1 3.365 6.908
21.866 27.75 24.4300 58.6 3.316 6.726
21.916 27.76 24.3700 60.3 3.385 6.929
21.966 27.77 24.3700 60.4 3.395 6.942
22.015 27.78 24.4100 59.6 3.371 6.843
22.064 27.79 24.3500 61.1 3.432 7.018
22.115 27.80 24.4600 58.5 3.340 6.698
22.165 27.81 24.3800 60.6 3.426 6.957
22.215 27.82 24.3400 61.7 3.474 7.091
22.264 27.83 24.3800 60.8 3.446 6.976
22.314 27.84 24.4400 59.3 3.396 6.794
22.364 27.85 24.4000 60.4 3.444 6.929
22.415 27.86 24.3900 60.9 3.467 6.979
22.464 27.87 24.4000 60.6 3.464 6.949
22.513 27.88 24.4000 60.8 3.478 6.973
22.563 27.89 24.4300 60.1 3.454 6.876
22.612 27.90 24.3500 62.3 3.545 7.149
22.663 27.91 24.3200 63.2 3.584 7.255
22.713 27.92 24.3800 61.6 3.530 7.058
22.762 27.93 24.4100 61.1 3.519 6.999
22.812 27.94 24.4300 60.7 3.508 6.942
22.862 27.94 24.4100 61.2 3.535 7.006
22.912 27.95 24.4200 61.0 3.532 6.979
22.962 27.96 24.3800 62.2 3.584 7.125
23.011 27.97 24.3600 62.8 3.611 7.192
23.061 27.98 24.3700 62.8 3.617 7.189
23.110 27.99 24.4800 59.8 3.513 6.828
23.161 28.00 24.3800 62.6 3.624 7.169
23.212 28.01 24.4900 59.7 3.520 6.808
23.261 28.02 24.3700 63.2 3.656 7.232
23.310 28.03 24.4000 62.4 3.633 7.132
23.359 28.04 24.3800 62.9 3.659 7.200
23.410 28.05 24.3800 63.2 3.678 7.235
23.460 28.06 24.4700 60.9 3.595 6.943
23.509 28.07 24.4000 62.9 3.676 7.187
23.559 28.08 24.4100 62.8 3.678 7.173
23.609 28.09 24.3500 64.3 3.743 7.362
23.660 28.10 24.4300 62.3 3.672 7.111
23.709 28.11 24.3700 64.0 3.741 7.314
23.758 28.12 24.4900 61.0 3.637 6.954
23.808 28.13 24.3900 63.6 3.740 7.267
23.857 28.14 24.3600 64.5 3.780 7.373
23.908 28.15 24.4400 62.5 3.709 7.123
23.958 28.16 24.4300 63.0 3.736 7.188
24.007 28.17 24.4400 62.9 3.737 7.171
24.058 28.18 24.4400 62.8 3.739 7.154
24.107 28.19 24.3800 64.4 3.808 7.357
24.157 28.20 24.4300 63.4 3.776 7.230
24.207 28.21 24.3600 65.3 3.853 7.461
24.258 28.22 24.3300 66.1 3.889 7.556
24.306 28.23 24.4100 64.1 3.818 7.304
24.356 28.24 24.3700 65.4 3.875 7.466
24.406 28.25 24.3800 65.3 3.876 7.450
24.456 28.26 24.4000 64.7 3.861 7.376
24.506 28.27 24.4000 64.9 3.875 7.401
24.555 28.28 24.4100 64.7 3.872 7.369
24.606 28.29 24.3500 66.5 3.945 7.589
24.654 28.30 24.4000 65.2 3.905 7.431
24.705 28.31 24.3900 65.4 3.919 7.457
24.755 28.32 24.4000 65.4 3.924 7.451
24.804 28.33 24.3600 66.4 3.968 7.574
24.854 28.34 24.3700 66.4 3.974 7.567
24.903 28.35 24.4000 65.6 3.950 7.470
24.955 28.36 24.4100 65.5 3.951 7.453
25.005 28.37 24.4000 65.9 3.974 7.502
25.053 28.38 24.4300 65.1 3.950 7.405
25.103 28.39 24.4400 64.9 3.948 7.375
25.152 28.40 24.3700 66.9 4.029 7.619
25.203 28.41 24.4200 65.8 3.993 7.478
25.253 28.42 24.4300 65.6 3.994 7.461
25.302 28.43 24.4400 65.5 3.996 7.444
25.353 28.44 24.4100 66.2 4.027 7.526
25.401 28.45 24.4400 65.5 4.007 7.438
25.452 28.46 24.4000 66.7 4.059 7.587
25.502 28.47 24.4000 66.9 4.073 7.610
25.551 28.48 24.3800 67.6 4.105 7.692
25.601 28.49 24.4100 66.7 4.076 7.578
25.650 28.50 24.4100 67.0 4.095 7.617
25.702 28.51 24.3400 68.8 4.168 7.834
25.752 28.52 24.4300 66.5 4.089 7.554
25.800 28.53 24.3900 67.8 4.141 7.702
25.850 28.54 24.3700 68.4 4.173 7.781
25.899 28.55 24.4500 66.3 4.098 7.516
25.950 28.56 24.4200 67.3 4.142 7.637
26.000 28.57 24.4100 67.6 4.160 7.675
26.049 28.58 24.4100 67.7 4.170 7.685
26.099 28.59 24.4300 67.2 4.159 7.627
26.148 28.60 24.4400 67.0 4.156 7.597
26.199 28.61 24.3800 68.9 4.234 7.827
26.249 28.62 24.4500 67.1 4.172 7.604
26.299 28.63 24.3500 69.7 4.275 7.918
26.349 28.64 24.4600 67.1 4.183 7.596
26.397 28.65 24.3600 69.6 4.286 7.910
26.448 28.66 24.4100 68.6 4.254 7.782
26.498 28.67 24.4900 66.4 4.175 7.504
26.548 28.68 24.3900 69.3 4.291 7.858
26.597 28.69 24.4100 68.9 4.284 7.814
26.647 28.70 24.4200 68.7 4.281 7.783
26.697 28.71 24.4700 67.3 4.236 7.614
26.748 28.72 24.3900 69.6 4.326 7.887
26.798 28.73 24.4500 68.1 4.277 7.704
26.846 28.74 24.3500 71.0 4.393 8.063
26.896 28.75 24.4600 68.1 4.289 7.701
26.945 28.76 24.3500 71.0 4.404 8.056
26.996 28.77 24.4500 68.5 4.317 7.746
27.046 28.78 24.4200 69.5 4.361 7.870
27.095 28.79 24.4600 68.5 4.329 7.743
27.145 28.80 24.4000 70.3 4.402 7.960
27.195 28.81 24.3800 70.7 4.424 8.012
27.245 28.82 24.3800 71.0 4.443 8.049
27.295 28.83 24.4300 69.7 4.398 7.880
27.344 28.84 24.4300 69.8 4.408 7.890
27.394 28.85 24.3800 71.2 4.469 8.066
27.443 28.86 24.3900 71.1 4.470 8.049
27.494 28.87 24.3900 71.2 4.480 8.058
27.544 28.88 24.4000 71.1 4.482 8.044
27.594 28.89 24.4300 70.4 4.462 7.956
27.643 28.90 24.4000 71.3 4.501 8.065
27.692 28.91 24.4000 71.3 4.507 8.059
27.743 28.92 24.4000 71.4 4.517 8.072
27.793 28.93 24.3700 72.3 4.557 8.175
27.842 28.94 24.4400 70.6 4.499 7.968
27.892 28.95 24.4100 71.3 4.534 8.058
27.942 28.96 24.4400 70.9 4.523 8.002
27.993 28.97 24.4300 71.2 4.542 8.038
28.042 28.98 24.3900 72.2 4.585 8.161
28.092 28.99 24.4400 71.0 4.545 8.007
28.142 29.00 24.3800 72.6 4.614 8.207
28.190 29.01 24.3900 72.6 4.619 8.205
28.241 29.02 24.4400 71.4 4.579 8.048
28.291 29.03 24.3400 74.2 4.690 8.392
28.341 29.04 24.4800 70.6 4.561 7.947
28.390 29.05 24.4100 72.5 4.638 8.178
28.439 29.06 24.4100 72.6 4.648 8.189
28.490 29.07 24.3800 73.5 4.688 8.296
28.541 29.08 24.4600 71.4 4.617 8.044
28.591 29.09 24.4400 72.0 4.644 8.111
28.639 29.10 24.4300 72.5 4.671 8.176
28.689 29.11 24.4100 73.1 4.698 8.241
28.739 29.12 24.3500 74.9 4.771 8.457
28.789 29.13 24.4100 73.3 4.718 8.261
28.839 29.14 24.4700 71.7 4.664 8.065
28.888 29.15 24.4400 72.6 4.704 8.172
28.939 29.16 24.5100 71.0 4.651 7.978
28.988 29.17 24.4100 73.6 4.753 8.290
29.038 29.18 24.4100 73.7 4.763 8.303
29.088 29.19 24.3700 75.0 4.820 8.463
29.137 29.20 24.4500 72.9 4.745 8.197
29.187 29.21 24.4100 74.2 4.802 8.360
29.236 29.22 24.4300 73.7 4.787 8.290
29.287 29.23 24.4700 72.7 4.754 8.164
29.338 29.24 24.4600 73.2 4.781 8.230
29.386 29.25 24.4000 74.9 4.850 8.433
29.436 29.26 24.4300 74.2 4.831 8.347
29.485 29.27 24.4200 74.5 4.849 8.385
29.536 29.28 24.4300 74.4 4.851 8.368
29.586 29.29 24.4100 75.1 4.882 8.447
29.635 29.30 24.4300 74.5 4.866 8.374
29.686 29.31 24.4200 74.8 4.885 8.413
29.734 29.32 24.4400 74.6 4.882 8.382
29.785 29.33 24.4100 75.4 4.917 8.475
29.835 29.34 24.4500 74.5 4.890 8.362
29.884 29.35 24.4200 75.2 4.925 8.455
29.934 29.36 24.3900 76.2 4.968 8.574
29.983 29.37 24.3900 76.3 4.978 8.584
30.034 29.38 24.4400 75.1 4.938 8.430
30.085 29.39 24.3700 77.0 5.015 8.660
30.133 29.40 24.4300 75.5 4.966 8.477
30.183 29.41 24.4300 75.6 4.976 8.488
30.232 29.42 24.4200 76.0 4.999 8.540
30.284 29.43 24.4400 75.7 4.992 8.495
30.333 29.44 24.4700 74.8 4.964 8.382
30.382 29.45 24.4400 75.7 5.004 8.489
30.432 29.46 24.3600 77.9 5.094 8.761
30.481 29.47 24.4300 76.2 5.036 8.550
30.532 29.48 24.3800 77.8 5.101 8.740
30.582 29.49 24.4100 77.1 5.082 8.653
30.633 29.50 24.4100 77.0 5.083 8.635
30.682 29.51 24.5000 74.7 5.004 8.358
30.731 29.52 24.4200 77.0 5.095 8.630
30.781 29.53 24.4100 77.3 5.113 8.667
30.831 29.54 24.4400 76.6 5.093 8.582
30.881 29.55 24.4500 76.5 5.095 8.565
30.930 29.56 24.4100 77.6 5.143 8.699
30.980 29.57 24.4300 77.4 5.140 8.669
31.029 29.58 24.4700 76.2 5.103 8.527
31.081 29.59 24.4900 76.0 5.101 8.498
31.131 29.60 24.4800 76.3 5.119 8.536
31.179 29.61 24.4500 77.2 5.159 8.644
31.229 29.62 24.4100 78.5 5.211 8.792
31.278 29.63 24.3700 79.5 5.255 8.911
31.329 29.64 24.3800 79.2 5.252 8.880
31.379 29.65 24.4100 78.5 5.232 8.793
31.428 29.66 24.4800 76.9 5.179 8.597
31.479 29.67 24.4800 77.0 5.189 8.608
31.528 29.68 24.4100 79.0 5.267 8.839
31.578 29.69 24.4400 78.4 5.251 8.767
31.628 29.70 24.4100 79.0 5.282 8.846
31.677 29.71 24.4800 77.5 5.229 8.650
31.727 29.72 24.4900 77.2 5.227 8.621
31.776 29.73 24.3600 80.7 5.363 9.044
31.827 29.74 24.4500 78.5 5.289 8.778
31.878 29.75 24.4600 78.2 5.282 8.734
31.926 29.76 24.4000 80.1 5.359 8.964
31.976 29.77 24.4200 79.7 5.348 8.906
32.025 29.78 24.4400 79.3 5.341 8.861
32.077 29.79 24.4500 79.1 5.339 8.830
32.126 29.80 24.4000 80.5 5.399 9.006
32.175 29.81 24.4400 79.4 5.363 8.865
32.225 29.82 24.4200 80.0 5.394 8.944
32.274 29.83 24.4000 80.7 5.425 9.023
32.325 29.84 24.4600 79.3 5.380 8.854
32.375 29.85 24.4300 80.1 5.415 8.947
32.424 29.86 24.4800 78.9 5.375 8.793
32.475 29.87 24.4400 80.1 5.427 8.941
32.523 29.88 24.4300 80.6 5.450 8.996
32.574 29.89 24.4700 79.5 5.413 8.855
32.624 29.90 24.4600 80.0 5.440 8.921
32.674 29.91 24.4100 81.2 5.492 9.066
32.723 29.92 24.4500 80.3 5.464 8.956
32.772 29.93 24.3900 82.0 5.533 9.159
32.824 29.94 24.4500 80.6 5.488 8.990
32.874 29.95 24.4600 80.4 5.486 8.957
32.923 29.96 24.4900 79.7 5.466 8.875
32.972 29.97 24.3700 83.0 5.594 9.270
33.022 29.98 24.4100 82.0 5.562 9.141
33.072 29.99 24.4800 80.2 5.504 8.930
33.122 30.00 24.4400 81.4 5.552 9.067
33.172 30.01 24.4600 81.0 5.546 9.023
33.221 30.02 24.4600 81.2 5.560 9.047
33.272 30.03 24.4100 82.6 5.616 9.206
33.320 30.04 24.3300 84.8 5.707 9.480
33.371 30.05 24.5000 80.4 5.547 8.939
33.421 30.06 24.4500 81.9 5.608 9.115
33.470 30.07 24.4500 82.0 5.618 9.127
33.520 30.08 24.4600 81.9 5.620 9.108
33.569 30.09 24.4100 83.2 5.676 9.270
33.621 30.10 24.4600 81.8 5.631 9.103
33.671 30.11 24.4900 81.2 5.612 9.017
33.719 30.12 24.4000 83.8 5.715 9.330
33.769 30.13 24.4200 83.4 5.708 9.286
33.818 30.14 24.4000 84.1 5.739 9.364
33.869 30.15 24.4500 82.7 5.694 9.195
33.919 30.16 24.4400 83.0 5.712 9.234
33.968 30.17 24.4800 82.1 5.684 9.120
34.019 30.18 24.4700 82.6 5.707 9.172
34.068 30.19 24.4500 83.1 5.734 9.238
34.118 30.20 24.4500 83.2 5.744 9.248
34.168 30.21 24.4400 83.7 5.766 9.301
34.217 30.22 24.4400 83.9 5.781 9.324
34.268 30.23 24.4100 84.5 5.812 9.403
34.317 30.24 24.4800 83.0 5.758 9.207
34.367 30.25 24.5300 81.6 5.714 9.040
34.417 30.26 24.4700 83.3 5.782 9.243
34.466 30.27 24.4300 84.5 5.835 9.392
34.516 30.28 24.4100 85.1 5.861 9.456
34.565 30.29 24.4600 84.1 5.829 9.329
34.616 30.30 24.4600 84.1 5.835 9.327
34.667 30.31 24.4200 85.3 5.888 9.475
34.716 30.32 24.4100 85.6 5.906 9.512
34.765 30.33 24.4400 84.9 5.886 9.426
34.814 30.34 24.3800 86.7 5.960 9.643
34.865 30.35 24.4700 84.2 5.872 9.335
34.915 30.36 24.4400 85.2 5.916 9.457
34.965 30.37 24.4900 84.0 5.876 9.302
35.014 30.38 24.4500 85.2 5.928 9.450
35.064 30.39 24.4300 85.8 5.955 9.516
35.115 30.40 24.4900 84.4 5.910 9.348
35.164 30.41 24.4600 85.1 5.941 9.430
35.214 30.42 24.4700 85.1 5.947 9.425
35.263 30.43 24.4600 85.3 5.961 9.452
35.313 30.44 24.4100 86.8 6.021 9.624
35.362 30.45 24.4900 84.9 5.956 9.390
35.414 30.46 24.5000 84.6 5.953 9.357
35.464 30.47 24.4400 86.4 6.026 9.577
35.512 30.48 24.4600 86.0 6.019 9.529
35.562 30.49 24.4900 85.4 6.000 9.447
35.611 30.50 24.5400 84.1 5.959 9.290
35.662 30.51 24.4700 86.0 6.032 9.510
35.712 30.52 24.5000 85.4 6.017 9.436
35.761 30.53 24.4800 86.1 6.048 9.518
35.812 30.54 24.4500 86.8 6.083 9.609
35.860 30.55 24.4700 86.4 6.072 9.553
35.911 30.56 24.4800 86.2 6.074 9.534
35.961 30.57 24.4400 87.5 6.126 9.685
36.010 30.58 24.4900 86.3 6.090 9.542
36.061 30.59 24.4800 86.7 6.108 9.582
36.109 30.60 24.4600 87.1 6.131 9.632
36.160 30.61 24.4600 87.4 6.145 9.659
36.210 30.62 24.4400 88.0 6.176 9.735
36.259 30.63 24.4600 87.5 6.161 9.666
36.309 30.64 24.4400 88.2 6.196 9.756
36.358 30.65 24.4400 88.2 6.202 9.756
36.410 30.66 24.4200 88.9 6.233 9.832
36.459 30.67 24.4300 88.8 6.234 9.817
36.508 30.68 24.4700 87.7 6.202 9.687
36.558 30.69 24.4800 87.7 6.208 9.686
36.607 30.70 24.4600 88.3 6.235 9.750
36.658 30.71 24.4900 87.7 6.220 9.681
36.708 30.72 24.4300 89.3 6.284 9.867
36.759 30.73 24.5200 87.2 6.210 9.606
36.807 30.74 24.4400 89.2 6.292 9.847
36.856 30.75 24.4500 89.0 6.293 9.832
36.907 30.76 24.4600 88.9 6.295 9.813
36.957 30.77 24.4700 88.7 6.292 9.785
37.007 30.78 24.5100 87.8 6.264 9.670
37.056 30.79 24.4500 89.5 6.333 9.875
37.106 30.80 24.5100 88.0 6.284 9.691
37.157 30.81 24.4800 89.0 6.328 9.814
37.206 30.82 24.4900 88.8 6.325 9.782
37.256 30.83 24.4600 89.8 6.369 9.904
37.305 30.84 24.4900 89.1 6.350 9.817
37.355 30.85 24.4500 90.2 6.398 9.954
37.404 30.86 24.4200 91.0 6.433 10.044
37.455 30.87 24.4800 89.5 6.384 9.864
37.506 30.88 24.4400 90.6 6.432 9.996
37.554 30.89 24.4800 89.8 6.404 9.885
37.604 30.90 24.4100 91.7 6.485 10.126
37.653 30.91 24.5500 88.3 6.361 9.700
37.704 30.92 24.4700 90.4 6.446 9.955
37.754 30.93 24.4800 90.3 6.448 9.941
37.803 30.94 24.4400 91.5 6.500 10.086
37.854 30.95 24.5000 89.9 6.447 9.893
37.902 30.96 24.4700 90.8 6.486 9.998
37.953 30.97 24.4700 90.8 6.492 9.997
38.003 30.98 24.4400 91.9 6.540 10.128
38.053 30.99 24.3800 93.5 6.605 10.320
38.102 31.00 24.4400 91.9 6.552 10.121
38.151 31.01 24.4800 91.0 6.524 10.010
38.202 31.02 24.6100 87.7 6.407 9.607
38.252 31.03 24.4700 91.6 6.556 10.074
38.301 31.04 24.4900 91.2 6.550 10.027
38.351 31.05 24.4400 92.6 6.606 10.191
38.400 31.06 24.4800 91.5 6.574 10.061
38.452 31.07 24.4900 91.3 6.571 10.034
38.502 31.08 24.4600 92.2 6.611 10.138
38.550 31.09 24.4900 91.8 6.600 10.083
38.600 31.10 24.4400 93.1 6.656 10.245
38.649 31.11 24.4100 94.0 6.695 10.347
38.700 31.12 24.5100 91.4 6.604 10.031
38.750 31.13 24.4400 93.4 6.686 10.272
38.799 31.14 24.4800 92.4 6.654 10.148
38.849 31.15 24.5200 91.5 6.625 10.032
38.899 31.16 24.4500 93.4 6.703 10.265
38.950 31.17 24.4600 93.2 6.700 10.232
38.999 31.18 24.4400 94.1 6.740 10.341
39.049 31.19 24.4900 92.6 6.691 10.156
39.098 31.20 24.4200 94.7 6.777 10.417
39.147 31.21 24.5000 92.6 6.703 10.150
39.198 31.22 24.4600 93.7 6.750 10.287
39.248 31.23 24.4200 94.9 6.803 10.435
39.299 31.24 24.4700 93.7 6.762 10.279
39.348 31.25 24.4900 93.5 6.759 10.250
39.397 31.26 24.5200 92.8 6.740 10.164
39.447 31.27 24.4700 94.0 6.792 10.311
39.497 31.28 24.5200 93.0 6.760 10.186
39.547 31.29 24.5300 92.8 6.757 10.156
39.596 31.30 24.4900 94.0 6.809 10.304
39.646 31.31 24.5100 93.5 6.794 10.233
39.696 31.32 24.4700 94.6 6.842 10.366
39.746 31.33 24.5100 93.7 6.814 10.253
39.796 31.34 24.5000 94.0 6.833 10.293
39.845 31.35 24.4200 96.2 6.923 10.564
39.895 31.36 24.4700 95.0 6.882 10.408
39.944 31.37 24.4900 94.8 6.879 10.379
39.995 31.38 24.5600 92.8 6.813 10.142
40.045 31.39 24.5100 94.3 6.874 10.318
40.094 31.40 24.5000 94.7 6.893 10.357
40.144 31.41 24.4400 96.3 6.962 10.560
40.193 31.42 24.4700 95.7 6.946 10.487
40.244 31.43 24.4900 95.2 6.935 10.429
40.295 31.44 24.4800 95.7 6.958 10.480
40.344 31.45 24.4400 96.7 7.002 10.601
40.393 31.46 24.4900 95.4 6.961 10.446
40.442 31.47 24.4400 97.1 7.030 10.649
40.493 31.48 24.4900 95.6 6.981 10.467
40.543 31.49 24.4700 96.2 7.012 10.545
40.592 31.50 24.5000 95.6 6.996 10.474
40.642 31.51 24.6300 92.4 6.880 10.075
40.691 31.52 24.4200 97.8 7.093 10.744
40.743 31.53 24.5300 95.1 6.997 10.412
40.792 31.54 24.5400 94.9 6.994 10.381
40.841 31.55 24.4300 98.0 7.119 10.763
40.891 31.56 24.5100 95.8 7.044 10.499
40.940 31.57 24.5000 96.1 7.062 10.537
40.991 31.58 24.4700 97.0 7.102 10.646
41.041 31.59 24.4600 97.3 7.120 10.682
41.091 31.60 24.5100 96.2 7.084 10.541
41.140 31.61 24.4500 97.9 7.157 10.758
41.190 31.62 24.5200 96.2 7.100 10.551
41.241 31.63 24.4400 98.5 7.190 10.819
41.290 31.64 24.4400 98.3 7.192 10.802
41.340 31.65 24.4700 97.7 7.176 10.730
41.389 31.66 24.4600 97.9 7.190 10.756
41.439 31.67 24.4900 97.3 7.175 10.682
41.489 31.68 24.4700 97.8 7.202 10.747
41.539 31.69 24.4700 97.9 7.212 10.757
41.589 31.70 24.4700 98.0 7.222 10.770
41.639 31.71 24.4500 98.7 7.253 10.846
41.688 31.72 24.4700 98.3 7.246 10.802
41.737 31.73 24.5100 97.3 7.214 10.675
41.788 31.74 24.4900 97.9 7.245 10.757
41.838 31.75 24.4900 98.1 7.259 10.779
41.887 31.76 24.4800 98.4 7.278 10.816
41.937 31.77 24.4600 99.0 7.305 10.882
41.986 31.78 24.4800 98.5 7.294 10.826
42.038 31.79 24.4900 98.3 7.295 10.807
42.087 31.80 24.5100 98.0 7.288 10.762
42.136 31.81 24.5000 98.2 7.303 10.787
42.186 31.82 24.4400 99.9 7.372 10.992
42.235 31.83 24.5600 96.9 7.268 10.629
42.287 31.84 24.4700 99.3 7.366 10.929
42.337 31.85 24.4500 100.0 7.397 11.008
42.385 31.86 24.4800 99.3 7.378 10.923
42.435 31.87 24.4600 99.7 7.401 10.976
42.484 31.88 24.4900 99.0 7.381 10.890
42.535 31.89 24.4900 99.1 7.391 10.901
42.585 31.90 24.5300 98.2 7.363 10.788
42.634 31.91 24.5300 98.4 7.377 10.813
42.685 31.92 24.5600 97.7 7.358 10.728
42.733 31.93 24.4800 99.8 7.444 10.986
42.784 31.94 24.5000 99.4 7.437 10.941
42.834 31.95 24.5100 99.2 7.434 10.911
42.883 31.96 24.5000 99.6 7.457 10.963
42.933 31.97 24.5400 98.6 7.425 10.837
42.982 31.98 24.4600 100.0 7.519 11.122
43.033 31.99 24.4800 100.0 7.504 11.050
43.084 32.00 24.5200 99.3 7.472 10.924
43.133 32.01 24.5100 99.8 7.498 10.986
43.182 32.02 24.4600 100.0 7.551 11.130
43.231 32.03 24.4700 100.0 7.552 11.118
43.282 32.04 24.4400 100.0 7.592 11.226
43.332 32.05 24.5400 99.3 7.505 10.920
43.382 32.06 24.5200 99.8 7.532 10.987
43.431 32.07 24.4900 100.0 7.575 11.107
43.481 32.08 24.5000 100.0 7.577 11.089
43.531 32.09 24.5000 100.0 7.587 11.100
43.582 32.10 24.5000 100.0 7.597 11.110
43.631 32.11 24.4700 100.0 7.632 11.203
43.680 32.12 24.4700 100.0 7.642 11.214
43.730 32.13 24.4900 100.0 7.631 11.156
43.779 32.14 24.4600 100.0 7.671 11.262
43.830 32.15 24.4800 100.0 7.668 11.231
43.880 32.16 24.5400 100.0 7.619 11.049
43.929 32.17 24.5300 100.0 7.633 11.074
43.980 32.18 24.4800 100.0 7.698 11.263
44.029 32.19 24.5500 100.0 7.632 11.027
44.079 32.20 24.3800 100.0 7.820 11.615
44.129 32.21 24.4900 100.0 7.720 11.267
44.179 32.22 24.5500 100.0 7.671 11.085
44.229 32.23 24.5200 100.0 7.710 11.192
44.277 32.24 24.4200 100.0 7.813 11.505
44.328 32.25 24.4900 100.0 7.751 11.281
44.378 32.26 24.5200 100.0 7.740 11.223
44.427 32.27 24.5300 100.0 7.733 11.179
44.477 32.28 24.4500 100.0 7.823 11.450
44.526 32.29 24.5300 100.0 7.753 11.200
44.578 32.30 24.5300 100.0 7.768 11.224
44.627 32.31 24.5300 100.0 7.778 11.235
44.676 32.32 24.4900 100.0 7.826 11.370
44.726 32.33 24.5000 100.0 7.823 11.339
44.775 32.34 24.4800 100.0 7.858 11.431
44.826 32.35 24.5500 100.0 7.792 11.195
44.876 32.36 24.5400 100.0 7.815 11.247
44.925 32.37 24.4600 100.0 7.905 11.519
44.975 32.38 24.4900 100.0 7.890 11.447
45.025 32.39 24.4900 100.0 7.891 11.429
45.076 32.40 24.5200 100.0 7.880 11.371
45.125 32.41 24.5100 100.0 7.899 11.410
45.174 32.42 24.5200 100.0 7.896 11.379
45.224 32.43 24.4700 100.0 7.952 11.540
45.273 32.44 24.5400 100.0 7.895 11.331
45.324 32.45 24.5200 100.0 7.922 11.398
45.375 32.46 24.5700 100.0 7.890 11.271
45.425 32.47 24.4900 100.0 7.971 11.515
45.473 32.48 24.4900 100.0 7.990 11.554
45.522 32.49 24.4900 100.0 7.996 11.550
45.573 32.50 24.5200 100.0 7.972 11.451
45.623 32.51 24.4700 100.0 8.037 11.640
45.673 32.52 24.4900 100.0 8.030 11.595
45.722 32.53 24.5200 100.0 8.010 11.509
45.772 32.54 24.5400 100.0 7.999 11.451
45.823 32.55 24.4400 100.0 8.111 11.791
45.872 32.56 24.5100 100.0 8.049 11.568
45.922 32.57 24.4600 100.0 8.105 11.729
45.971 32.58 24.4900 100.0 8.090 11.657
46.022 32.59 24.4800 100.0 8.104 11.680
46.070 32.60 24.5900 100.0 8.005 11.335
46.121 32.61 24.5600 100.0 8.044 11.442
46.171 32.62 24.5300 100.0 8.084 11.549
46.220 32.63 24.4500 100.0 8.174 11.820
46.270 32.64 24.4600 100.0 8.180 11.816
46.319 32.65 24.5200 100.0 8.122 11.607
46.370 32.66 24.4900 100.0 8.162 11.713
46.420 32.67 24.5100 100.0 8.155 11.669
46.470 32.68 24.5200 100.0 8.156 11.652
46.519 32.69 24.4900 100.0 8.192 11.745
46.568 32.70 24.5200 100.0 8.172 11.660
46.619 32.71 24.5300 100.0 8.178 11.657
46.669 32.72 24.5200 100.0 8.196 11.694
46.718 32.73 24.4100 100.0 8.316 12.062
46.768 32.74 24.5500 100.0 8.191 11.633
46.817 32.75 24.5200 100.0 8.226 11.725
46.869 32.76 24.5300 100.0 8.228 11.709
46.918 32.77 24.5300 100.0 8.234 11.706
46.967 32.78 24.4600 100.0 8.311 11.936
47.017 32.79 24.6100 100.0 8.178 11.481
47.066 32.80 24.5300 100.0 8.264 11.738
47.117 32.81 24.4600 100.0 8.350 11.996
47.167 32.82 24.4600 100.0 8.356 11.992
47.216 32.83 24.5100 100.0 8.319 11.851
47.267 32.84 24.4800 100.0 8.355 11.944
47.316 32.85 24.5300 100.0 8.314 11.789
47.366 32.86 24.4800 100.0 8.375 11.965
47.416 32.87 24.5200 100.0 8.346 11.851
47.466 32.88 24.4700 100.0 8.407 12.027
47.515 32.89 24.5600 100.0 8.329 11.748
47.564 32.90 24.5200 100.0 8.373 11.870
47.615 32.91 24.5100 100.0 8.395 11.921
47.665 32.92 24.5500 100.0 8.371 11.822
47.716 32.93 24.4800 100.0 8.445 12.039
47.764 32.94 24.4900 100.0 8.446 12.022
47.814 32.95 24.5000 100.0 8.444 11.991
47.864 32.96 24.5100 100.0 8.445 11.973
47.914 32.97 24.5200 100.0 8.451 11.970
47.964 32.98 24.5000 100.0 8.474 12.022
48.013 32.99 24.5200 100.0 8.467 11.977
48.063 33.00 24.4500 100.0 8.544 12.207
48.112 33.01 24.5000 100.0 8.508 12.065
48.163 33.02 24.5300 100.0 8.488 11.980
48.213 33.03 24.5300 100.0 8.498 11.991
48.262 33.04 24.6100 100.0 8.424 11.728
48.312 33.05 24.5000 100.0 8.544 12.096
48.362 33.06 24.4900 100.0 8.566 12.148
48.413 33.07 24.6000 100.0 8.467 11.801
48.462 33.08 24.5200 100.0 8.557 12.073
48.511 33.09 24.5400 100.0 8.546 12.015
48.561 33.10 24.5200 100.0 8.573 12.081
48.610 33.11 24.5300 100.0 8.574 12.064
48.661 33.12 24.5600 100.0 8.555 11.979
48.711 33.13 24.4900 100.0 8.632 12.209
48.760 33.14 24.4800 100.0 8.655 12.261
48.810 33.15 24.4900 100.0 8.656 12.244
48.860 33.16 24.5200 100.0 8.637 12.157
48.911 33.17 24.6100 100.0 8.554 11.867
48.960 33.18 24.5300 100.0 8.644 12.139
49.009 33.19 24.5300 100.0 8.654 12.149
49.059 33.20 24.5000 100.0 8.698 12.269
49.108 33.21 24.5600 100.0 8.649 12.088
49.159 33.22 24.5100 100.0 8.710 12.264
49.209 33.23 24.5800 100.0 8.648 12.041
49.258 33.24 24.5400 100.0 8.696 12.175
49.309 33.25 24.4700 100.0 8.773 12.405
49.358 33.26 24.4900 100.0 8.767 12.361
49.408 33.27 24.5200 100.0 8.751 12.288
49.458 33.28 24.5600 100.0 8.715 12.148
49.507 33.29 24.5700 100.0 8.721 12.146
49.557 33.30 24.5200 100.0 8.781 12.321
49.606 33.31 24.5200 100.0 8.791 12.332
49.657 33.32 24.4900 100.0 8.822 12.410
49.708 33.33 24.5600 100.0 8.769 12.215
49.758 33.34 24.5200 100.0 8.817 12.349
49.806 33.35 24.5100 100.0 8.840 12.401
49.856 33.36 24.5400 100.0 8.820 12.315
49.906 33.37 24.5500 100.0 8.818 12.285
49.956 33.38 24.4900 100.0 8.891 12.502
50.006 33.39 24.5300 100.0 8.854 12.360
50.055 33.40 24.5900 100.0 8.810 12.193
50.105 33.41 24.5500 100.0 8.862 12.342
50.154 33.42 24.4900 100.0 8.922 12.516
50.205 33.43 24.5200 100.0 8.903 12.431
50.255 33.44 24.5800 100.0 8.854 12.250
50.304 33.45 24.5100 100.0 8.940 12.507
50.354 33.46 24.4700 100.0 8.983 12.627
50.404 33.47 24.4900 100.0 8.972 12.568
50.454 33.48 24.5200 100.0 8.961 12.510
50.504 33.49 24.6000 100.0 8.887 12.246
50.553 33.50 24.5500 100.0 8.943 12.408
50.603 33.51 24.5300 100.0 8.975 12.488
50.652 33.52 24.5300 100.0 8.985 12.498
50.703 33.53 24.5300 100.0 8.995 12.509
50.753 33.54 24.5000 100.0 9.038 12.629
50.803 33.55 24.5200 100.0 9.027 12.570
50.852 33.56 24.5100 100.0 9.046 12.609
50.901 33.57 24.5700 100.0 9.001 12.441
50.952 33.58 24.5100 100.0 9.066 12.630
51.002 33.59 24.4500 100.0 9.135 12.832
51.051 33.60 24.5400 100.0 9.056 12.553
51.101 33.61 24.5400 100.0 9.066 12.564
51.150 33.62 24.5600 100.0 9.055 12.506
51.201 33.63 24.5600 100.0 9.065 12.517
51.251 33.64 24.5200 100.0 9.122 12.679
51.301 33.65 24.5800 100.0 9.068 12.484
51.350 33.66 24.5400 100.0 9.116 12.618
51.399 33.67 24.5200 100.0 9.143 12.684
51.450 33.68 24.5200 100.0 9.157 12.708
51.500 33.69 24.5500 100.0 9.134 12.608
51.549 33.70 24.5500 100.0 9.152 12.647
51.599 33.71 24.4700 100.0 9.234 12.890
51.649 33.72 24.5700 100.0 9.151 12.599
51.700 33.73 24.5200 100.0 9.203 12.747
51.749 33.74 24.5200 100.0 9.213 12.758
51.799 33.75 24.5000 100.0 9.244 12.836
51.848 33.76 24.6100 100.0 9.149 12.504
51.897 33.77 24.5200 100.0 9.252 12.817
51.948 33.78 24.5600 100.0 9.215 12.676
51.998 33.79 24.5100 100.0 9.276 12.852
52.048 33.80 24.5500 100.0 9.244 12.724
52.097 33.81 24.5100 100.0 9.296 12.873
52.147 33.82 24.6300 100.0 9.188 12.499
52.197 33.83 24.5100 100.0 9.320 12.908
52.247 33.84 24.5300 100.0 9.309 12.850
52.297 33.85 24.5300 100.0 9.319 12.860
52.347 33.86 24.5500 100.0 9.312 12.816
52.396 33.87 24.5800 100.0 9.284 12.703
52.445 33.88 24.5600 100.0 9.320 12.796
52.496 33.89 24.4700 100.0 9.414 13.081
52.546 33.90 24.6000 100.0 9.298 12.680
52.595 33.91 24.5700 100.0 9.333 12.773
52.645 33.92 24.5500 100.0 9.364 12.853
52.694 33.93 24.5500 100.0 9.374 12.863
52.746 33.94 24.5600 100.0 9.375 12.847
52.796 33.95 24.5500 100.0 9.398 12.899
52.844 33.96 24.5500 100.0 9.404 12.896
52.894 33.97 24.5500 100.0 9.414 12.906
52.943 33.98 24.5500 100.0 9.432 12.945
52.994 33.99 24.4400 100.0 9.552 13.311
53.044 34.00 24.5500 100.0 9.448 12.951
53.093 34.01 24.5300 100.0 9.479 13.030
53.143 34.02 24.5300 100.0 9.489 13.040
53.192 34.03 24.5400 100.0 9.491 13.023
53.244 34.04 24.5500 100.0 9.493 13.006
53.294 34.05 24.6500 100.0 9.401 12.688
53.342 34.06 24.5300 100.0 9.529 13.083
53.392 34.07 24.4600 100.0 9.603 13.299
53.441 34.08 24.5100 100.0 9.566 13.158
53.492 34.09 24.5200 100.0 9.564 13.127
53.542 34.10 24.5900 100.0 9.506 12.919
53.591 34.11 24.5200 100.0 9.588 13.162
53.641 34.12 24.5600 100.0 9.556 13.035
53.691 34.13 24.5400 100.0 9.591 13.128
53.742 34.14 24.5500 100.0 9.593 13.112
53.791 34.15 24.5700 100.0 9.577 13.040
53.841 34.16 24.5500 100.0 9.613 13.133
53.890 34.17 24.4500 100.0 9.720 13.459
53.939 34.18 24.5200 100.0 9.654 13.221
53.990 34.19 24.5400 100.0 9.651 13.190
54.040 34.20 24.6000 100.0 9.594 12.982
54.090 34.21 24.5200 100.0 9.688 13.266
54.139 34.22 24.5600 100.0 9.660 13.153
54.189 34.23 24.5500 100.0 9.678 13.192
54.239 34.24 24.5800 100.0 9.659 13.106
54.289 34.25 24.5500 100.0 9.694 13.199
54.339 34.26 24.5100 100.0 9.746 13.347
54.389 34.27 24.6000 100.0 9.672 13.083
54.439 34.28 24.5300 100.0 9.745 13.300
54.487 34.29 24.5400 100.0 9.751 13.296
54.538 34.30 24.5400 100.0 9.757 13.293
54.588 34.31 24.5200 100.0 9.792 13.386
54.637 34.32 24.5100 100.0 9.806 13.410
54.687 34.33 24.5400 100.0 9.791 13.337
54.736 34.34 24.5800 100.0 9.759 13.211
54.788 34.35 24.5300 100.0 9.820 13.386
54.838 34.36 24.5300 100.0 9.825 13.383
54.886 34.37 24.5500 100.0 9.814 13.324
54.936 34.38 24.5500 100.0 9.833 13.363
54.985 34.39 24.5700 100.0 9.822 13.304
55.036 34.40 24.5300 100.0 9.870 13.438
55.086 34.41 24.5300 100.0 9.880 13.449
55.135 34.42 24.5600 100.0 9.860 13.363
55.185 34.43 24.5600 100.0 9.866 13.360
55.234 34.44 24.5200 100.0 9.914 13.494
55.286 34.45 24.5600 100.0 9.890 13.394
55.336 34.46 24.5300 100.0 9.930 13.501
55.384 34.47 24.5900 100.0 9.877 13.306
55.434 34.48 24.5300 100.0 9.945 13.509
55.483 34.49 24.5400 100.0 9.947 13.491
55.534 34.50 24.5400 100.0 9.957 13.502
55.584 34.51 24.5400 100.0 9.967 13.512
55.633 34.52 24.5300 100.0 9.990 13.564
55.684 34.53 24.5200 100.0 10.008 13.601
55.733 34.54 24.5700 100.0 9.972 13.461
55.784 34.55 24.4900 100.0 10.062 13.732
55.833 34.56 24.5700 100.0 9.988 13.467
55.882 34.57 24.5500 100.0 10.019 13.547
55.932 34.58 24.5000 100.0 10.079 13.721
55.982 34.59 24.5500 100.0 10.034 13.553
56.033 34.60 24.5500 100.0 10.044 13.563
56.082 34.61 24.5500 100.0 10.054 13.574
56.132 34.62 24.5100 100.0 10.107 13.722
56.181 34.63 24.5700 100.0 10.058 13.540
56.231 34.64 24.5600 100.0 10.076 13.578
56.281 34.65 24.5400 100.0 10.107 13.657
56.331 34.66 24.5500 100.0 10.109 13.640
56.381 34.67 24.5700 100.0 10.102 13.596
56.431 34.68 24.5800 100.0 10.099 13.565
56.480 34.69 24.5200 100.0 10.173 13.782
56.529 34.70 24.5000 100.0 10.195 13.833
56.580 34.71 24.5500 100.0 10.159 13.692
56.630 34.72 24.5400 100.0 10.177 13.730
56.679 34.73 24.5100 100.0 10.221 13.850
56.729 34.74 24.5100 100.0 10.227 13.846
56.779 34.75 24.6000 100.0 10.148 13.568
56.830 34.76 24.4700 100.0 10.285 13.990
56.879 34.77 24.5300 100.0 10.236 13.808
56.928 34.78 24.6200 100.0 10.157 13.531
56.978 34.79 24.5300 100.0 10.256 13.829
57.027 34.80 24.5700 100.0 10.228 13.716
57.078 34.81 24.5400 100.0 10.267 13.823
57.128 34.82 24.5400 100.0 10.277 13.833
57.178 34.83 24.5500 100.0 10.275 13.802
57.228 34.84 24.5300 100.0 10.306 13.881
57.276 34.85 24.5700 100.0 10.282 13.782
57.327 34.86 24.6500 100.0 10.212 13.533
57.377 34.87 24.6100 100.0 10.260 13.668
57.426 34.88 24.6300 100.0 10.253 13.624
57.476 34.89 24.5300 100.0 10.356 13.937
57.526 34.90 24.5800 100.0 10.315 13.783
57.577 34.91 24.6200 100.0 10.292 13.684
57.626 34.92 24.5100 100.0 10.407 14.038
57.675 34.93 24.5800 100.0 10.345 13.815
57.725 34.94 24.5600 100.0 10.376 13.894
57.774 34.95 24.5300 100.0 10.416 14.000
57.825 34.96 24.5700 100.0 10.384 13.873
57.875 34.97 24.5200 100.0 10.453 14.076
57.926 34.98 24.5500 100.0 10.425 13.962
57.975 34.99 24.5800 100.0 10.410 13.891
58.023 35.00 24.5300 100.0 10.470 14.066
58.074 35.01 24.5800 100.0 10.426 13.898
58.124 35.02 24.5200 100.0 10.503 14.128
58.174 35.03 24.5400 100.0 10.492 14.069
58.223 35.04 24.5600 100.0 10.481 14.011
58.273 35.05 24.5500 100.0 10.504 14.063
58.324 35.06 24.5400 100.0 10.518 14.086
58.373 35.07 24.5500 100.0 10.519 14.070
58.423 35.08 24.6000 100.0 10.479 13.916
58.472 35.09 24.5500 100.0 10.535 14.077
58.522 35.10 24.6100 100.0 10.486 13.896
58.572 35.11 24.5800 100.0 10.526 14.003
58.622 35.12 24.5700 100.0 10.544 14.041
58.672 35.13 24.5300 100.0 10.596 14.189
58.722 35.14 24.5400 100.0 10.598 14.171
58.772 35.15 24.6000 100.0 10.549 13.990
58.820 35.16 24.5600 100.0 10.601 14.137
58.871 35.17 24.5800 100.0 10.590 14.080
58.921 35.18 24.5300 100.0 10.646 14.241
58.970 35.19 24.5700 100.0 10.622 14.142
59.020 35.20 24.5400 100.0 10.662 14.248
59.069 35.21 24.6100 100.0 10.596 14.012
59.120 35.22 24.5800 100.0 10.640 14.132
59.171 35.23 24.5600 100.0 10.667 14.198
59.220 35.24 24.5400 100.0 10.698 14.277
59.269 35.25 24.5800 100.0 10.666 14.150
59.318 35.26 24.6000 100.0 10.659 14.106
59.369 35.27 24.5000 100.0 10.770 14.445
59.419 35.28 24.5500 100.0 10.734 14.305
59.468 35.29 24.5800 100.0 10.706 14.192
59.518 35.30 24.5900 100.0 10.708 14.176
59.567 35.31 24.5600 100.0 10.751 14.295
59.619 35.32 24.5700 100.0 10.744 14.251
59.668 35.33 24.5200 100.0 10.813 14.453
59.717 35.34 24.6000 100.0 10.743 14.203
59.767 35.35 24.5400 100.0 10.812 14.405
59.816 35.36 24.5600 100.0 10.801 14.347
59.867 35.37 24.5700 100.0 10.798 14.316
59.917 35.38 24.5500 100.0 10.825 14.381
59.968 35.39 24.5700 100.0 10.823 14.351
60.016 35.40 24.4900 100.0 10.909 14.608
60.065 35.41 24.5200 100.0 10.889 14.521
60.116 35.42 24.5900 100.0 10.832 14.312
60.166 35.43 24.5000 100.0 10.930 14.610
60.216 35.44 24.5700 100.0 10.864 14.373
60.266 35.45 24.5700 100.0 10.879 14.398
60.314 35.46 24.5500 100.0 10.914 14.491
60.365 35.47 24.5700 100.0 10.903 14.432
60.415 35.48 24.5200 100.0 10.959 14.593
60.465 35.49 24.5400 100.0 10.948 14.534
60.514 35.50 24.5900 100.0 10.912 14.394
60.564 35.51 24.5800 100.0 10.930 14.432
60.615 35.52 24.5700 100.0 10.953 14.484
60.664 35.53 24.5400 100.0 10.988 14.576
60.714 35.54 24.5700 100.0 10.973 14.505
60.763 35.55 24.5600 100.0 10.991 14.542
60.813 35.56 24.5700 100.0 10.993 14.525
60.862 35.57 24.5400 100.0 11.028 14.618
60.914 35.58 24.5500 100.0 11.025 14.587
60.964 35.59 24.5900 100.0 11.002 14.488
61.013 35.60 24.6100 100.0 10.987 14.417
61.062 35.61 24.4900 100.0 11.115 14.811
61.111 35.62 24.5600 100.0 11.057 14.601
61.162 35.63 24.5700 100.0 11.054 14.570
61.212 35.64 24.6200 100.0 11.018 14.431
61.261 35.65 24.5500 100.0 11.104 14.688
61.311 35.66 24.5600 100.0 11.101 14.657
61.361 35.67 24.5300 100.0 11.137 14.750
61.412 35.68 24.5900 100.0 11.092 14.582
61.461 35.69 24.5900 100.0 11.098 14.579
61.510 35.70 24.5500 100.0 11.146 14.712
61.560 35.71 24.5700 100.0 11.139 14.668
61.609 35.72 24.5600 100.0 11.157 14.706
61.660 35.73 24.6200 100.0 11.113 14.539
61.710 35.74 24.5800 100.0 11.156 14.659
61.760 35.75 24.5600 100.0 11.187 14.738
61.809 35.76 24.5900 100.0 11.168 14.653
61.858 35.77 24.6200 100.0 11.153 14.582
61.909 35.78 24.5500 100.0 11.234 14.825
61.959 35.79 24.5700 100.0 11.215 14.739
62.008 35.80 24.6000 100.0 11.199 14.668
62.058 35.81 24.5800 100.0 11.230 14.747
62.107 35.82 24.5200 100.0 11.299 14.949
62.158 35.83 24.5800 100.0 11.250 14.767
62.208 35.84 24.6100 100.0 11.227 14.669
62.257 35.85 24.6000 100.0 11.245 14.707
62.307 35.86 24.6000 100.0 11.259 14.731
62.357 35.87 24.5700 100.0 11.295 14.824
62.407 35.88 24.5700 100.0 11.305 14.835
62.457 35.89 24.5700 100.0 11.323 14.873
62.507 35.90 24.5600 100.0 11.337 14.897
62.556 35.91 24.5900 100.0 11.318 14.812
62.606 35.92 24.6100 100.0 11.311 14.767
62.656 35.93 24.5700 100.0 11.355 14.887
62.706 35.94 24.5700 100.0 11.365 14.898
62.757 35.95 24.5600 100.0 11.392 14.963
62.805 35.96 24.5900 100.0 11.368 14.864
62.855 35.97 24.6000 100.0 11.374 14.861
62.904 35.98 24.6000 100.0 11.384 14.872
62.955 35.99 24.5700 100.0 11.419 14.964
63.005 36.00 24.6100 100.0 11.387 14.838
63.054 36.01 24.5700 100.0 11.439 14.986
63.104 36.02 24.6400 100.0 11.382 14.778
63.154 36.03 24.6300 100.0 11.396 14.803
63.204 36.04 24.5400 100.0 11.503 15.128
63.254 36.05 24.6600 100.0 11.387 14.728
63.303 36.06 24.5800 100.0 11.477 14.999
63.353 36.07 24.5700 100.0 11.495 15.037
63.402 36.08 24.5300 100.0 11.547 15.184
63.453 36.09 24.6200 100.0 11.473 14.921
63.503 36.10 24.6000 100.0 11.500 14.986
63.553 36.11 24.5500 100.0 11.556 15.147
63.602 36.12 24.5600 100.0 11.558 15.130
63.651 36.13 24.5800 100.0 11.551 15.085
63.702 36.14 24.5500 100.0 11.586 15.178
63.752 36.15 24.5500 100.0 11.605 15.216
63.801 36.16 24.5900 100.0 11.572 15.089
63.851 36.17 24.6100 100.0 11.557 15.017
63.901 36.18 24.6300 100.0 11.546 14.961
63.952 36.19 24.5500 100.0 11.636 15.230
64.001 36.20 24.5500 100.0 11.646 15.241
64.050 36.21 24.6300 100.0 11.580 15.005
64.100 36.22 24.5200 100.0 11.704 15.385
64.150 36.23 24.6000 100.0 11.630 15.121
64.200 36.24 24.5500 100.0 11.686 15.282
64.250 36.25 24.5600 100.0 11.692 15.278
64.299 36.26 24.6100 100.0 11.652 15.125
64.349 36.27 24.6000 100.0 11.674 15.176
64.398 36.28 24.6300 100.0 11.646 15.065
64.449 36.29 24.5700 100.0 11.719 15.280
64.499 36.30 24.5800 100.0 11.721 15.263
64.550 36.31 24.5500 100.0 11.756 15.355
64.599 36.32 24.6500 100.0 11.665 15.038
64.647 36.33 24.5700 100.0 11.764 15.336
64.698 36.34 24.5800 100.0 11.757 15.292
64.748 36.35 24.5800 100.0 11.771 15.316
64.798 36.36 24.5900 100.0 11.769 15.286
64.847 36.37 24.5900 100.0 11.779 15.296
64.897 36.38 24.5900 100.0 11.789 15.307
64.947 36.39 24.5300 100.0 11.857 15.508
64.997 36.40 24.6000 100.0 11.796 15.286
65.047 36.41 24.5500 100.0 11.865 15.488
65.096 36.42 24.6100 100.0 11.812 15.293
65.146 36.43 24.6800 100.0 11.750 15.071
65.195 36.44 24.6000 100.0 11.840 15.342
65.246 36.45 24.5600 100.0 11.888 15.476
65.296 36.46 24.6200 100.0 11.839 15.295
65.346 36.47 24.6100 100.0 11.862 15.347
65.395 36.48 24.5700 100.0 11.914 15.494
65.444 36.49 24.6000 100.0 11.894 15.409
65.495 36.50 24.6200 100.0 11.879 15.337
65.545 36.51 24.5500 100.0 11.961 15.581
65.594 36.52 24.5800 100.0 11.941 15.494
65.644 36.53 24.6100 100.0 11.922 15.410
65.694 36.54 24.6300 100.0 11.907 15.339
65.744 36.55 24.6100 100.0 11.942 15.431
65.794 36.56 24.6200 100.0 11.939 15.401
65.843 36.57 24.5800 100.0 11.991 15.548
65.893 36.58 24.6000 100.0 11.980 15.490
65.942 36.59 24.5800 100.0 12.007 15.556
65.993 36.60 24.6000 100.0 12.004 15.525
66.043 36.61 24.5500 100.0 12.061 15.686
66.092 36.62 24.6900 100.0 11.932 15.245
66.142 36.63 24.6300 100.0 12.005 15.461
66.191 36.64 24.5700 100.0 12.065 15.636
66.242 36.65 24.6100 100.0 12.038 15.524
66.293 36.66 24.5700 100.0 12.090 15.671
66.342 36.67 24.6000 100.0 12.074 15.599
66.391 36.68 24.5700 100.0 12.114 15.705
66.440 36.69 24.6100 100.0 12.078 15.565
66.491 36.70 24.6000 100.0 12.100 15.617
66.541 36.71 24.5800 100.0 12.131 15.696
66.591 36.72 24.6000 100.0 12.116 15.624
66.640 36.73 24.6400 100.0 12.093 15.525
66.690 36.74 24.6700 100.0 12.069 15.427
66.740 36.75 24.5700 100.0 12.180 15.767
66.790 36.76 24.6000 100.0 12.165 15.695
66.840 36.77 24.6800 100.0 12.086 15.418
66.889 36.78 24.6000 100.0 12.180 15.703
66.939 36.79 24.5900 100.0 12.199 15.742
66.989 36.80 24.6200 100.0 12.179 15.656
67.039 36.81 24.5700 100.0 12.244 15.844
67.089 36.82 24.6100 100.0 12.212 15.718
67.138 36.83 24.6000 100.0 12.226 15.742
67.189 36.84 24.5900 100.0 12.249 15.794
67.237 36.85 24.6100 100.0 12.238 15.736
67.288 36.86 24.5700 100.0 12.286 15.869
67.338 36.87 24.6400 100.0 12.233 15.674
67.387 36.88 24.6000 100.0 12.285 15.822
67.437 36.89 24.5800 100.0 12.307 15.874
67.486 36.90 24.5600 100.0 12.338 15.952
67.538 36.91 24.6300 100.0 12.281 15.743
67.588 36.92 24.6300 100.0 12.291 15.754
67.636 36.93 24.4700 100.0 12.457 16.271
67.686 36.94 24.5800 100.0 12.362 15.938
67.735 36.95 24.5800 100.0 12.372 15.948
67.786 36.96 24.6200 100.0 12.340 15.821
67.836 36.97 24.5500 100.0 12.425 16.079
67.886 36.98 24.6500 100.0 12.330 15.747
67.936 36.99 24.5600 100.0 12.428 16.044
67.984 37.00 24.6000 100.0 12.405 15.945
68.035 37.01 24.6800 100.0 12.327 15.669
68.085 37.02 24.5600 100.0 12.463 16.090
68.135 37.03 24.6400 100.0 12.389 15.827
68.184 37.04 24.6100 100.0 12.428 15.933
68.233 37.05 24.6000 100.0 12.447 15.972
68.284 37.06 24.5800 100.0 12.478 16.050
68.334 37.07 24.5900 100.0 12.479 16.033
68.383 37.08 24.5700 100.0 12.514 16.125
68.433 37.09 24.5900 100.0 12.503 16.067
68.482 37.10 24.5800 100.0 12.518 16.091
68.534 37.11 24.6200 100.0 12.494 15.992
68.584 37.12 24.6100 100.0 12.512 16.030
68.632 37.13 24.6300 100.0 12.501 15.972
68.682 37.14 24.6500 100.0 12.494 15.928
68.731 37.15 24.6100 100.0 12.538 16.049
68.782 37.16 24.6000 100.0 12.557 16.087
68.832 37.17 24.6400 100.0 12.529 15.974
68.882 37.18 24.6200 100.0 12.560 16.053
68.932 37.19 24.6000 100.0 12.591 16.132
68.981 37.20 24.7000 100.0 12.496 15.801
69.031 37.21 24.6000 100.0 12.615 16.168
69.081 37.22 24.6000 100.0 12.625 16.179
69.131 37.23 24.6300 100.0 12.606 16.093
69.180 37.24 24.6100 100.0 12.628 16.145
69.230 37.25 24.6100 100.0 12.643 16.169
69.279 37.26 24.7000 100.0 12.560 15.879
69.331 37.27 24.6200 100.0 12.654 16.164
69.380 37.28 24.6800 100.0 12.601 15.970
69.429 37.29 24.5600 100.0 12.733 16.377
69.479 37.30 24.6000 100.0 12.697 16.237
69.528 37.31 24.6500 100.0 12.661 16.097
69.579 37.32 24.6500 100.0 12.666 16.095
69.629 37.33 24.6000 100.0 12.727 16.270
69.679 37.34 24.6200 100.0 12.720 16.225
69.728 37.35 24.6500 100.0 12.701 16.141
69.777 37.36 24.6300 100.0 12.731 16.219
69.828 37.37 24.6000 100.0 12.767 16.312
69.878 37.38 24.5700 100.0 12.810 16.432
69.927 37.39 24.6000 100.0 12.791 16.346
69.977 37.40 24.5900 100.0 12.810 16.384
70.026 37.41 24.6200 100.0 12.790 16.298
70.077 37.42 24.5900 100.0 12.834 16.418
70.127 37.43 24.4900 100.0 12.945 16.758
70.176 37.44 24.6400 100.0 12.799 16.260
70.226 37.45 24.5600 100.0 12.889 16.530
70.276 37.46 24.6600 100.0 12.798 16.212
70.326 37.47 24.6400 100.0 12.833 16.305
70.376 37.48 24.5900 100.0 12.890 16.467
70.425 37.49 24.5900 100.0 12.900 16.477
70.475 37.50 24.5700 100.0 12.926 16.541
70.524 37.51 24.6300 100.0 12.882 16.373
70.575 37.52 24.6100 100.0 12.913 16.453
70.626 37.53 24.6800 100.0 12.856 16.245
70.675 37.54 24.6500 100.0 12.891 16.338
70.724 37.55 24.6100 100.0 12.939 16.472
70.773 37.56 24.5600 100.0 12.999 16.646
70.824 37.57 24.6100 100.0 12.963 16.506
70.874 37.58 24.5800 100.0 13.002 16.611
70.924 37.59 24.6100 100.0 12.983 16.526
70.974 37.60 24.6000 100.0 13.001 16.563
71.023 37.61 24.6200 100.0 12.994 16.519
71.073 37.62 24.6500 100.0 12.975 16.434
71.123 37.63 24.6800 100.0 12.947 16.322
71.173 37.64 24.5800 100.0 13.058 16.661
71.222 37.65 24.6500 100.0 13.005 16.466
71.272 37.66 24.6700 100.0 12.994 16.409
71.322 37.67 24.6200 100.0 13.054 16.584
71.372 37.68 24.6000 100.0 13.077 16.636
71.423 37.69 24.6500 100.0 13.045 16.509
71.471 37.70 24.6300 100.0 13.068 16.562
71.521 37.71 24.6800 100.0 13.036 16.435
71.570 37.72 24.6300 100.0 13.088 16.584
71.621 37.73 24.5700 100.0 13.161 16.799
71.671 37.74 24.6200 100.0 13.120 16.644
71.720 37.75 24.6700 100.0 13.084 16.505
71.770 37.76 24.6000 100.0 13.161 16.734
71.820 37.77 24.6000 100.0 13.167 16.731
71.871 37.78 24.6300 100.0 13.148 16.646
71.921 37.79 24.6200 100.0 13.175 16.711
71.969 37.80 24.6200 100.0 13.180 16.708
72.019 37.81 24.6000 100.0 13.211 16.786
72.069 37.82 24.6500 100.0 13.175 16.646
72.120 37.83 24.6300 100.0 13.206 16.725
72.170 37.84 24.6300 100.0 13.212 16.722
72.218 37.85 24.6000 100.0 13.256 16.842
72.268 37.86 24.6400 100.0 13.219 16.702
72.317 37.87 24.6000 100.0 13.276 16.863
72.368 37.88 24.6000 100.0 13.277 16.846
72.418 37.89 24.6100 100.0 13.283 16.843
72.467 37.90 24.6500 100.0 13.247 16.703
72.518 37.91 24.6400 100.0 13.269 16.755
72.566 37.92 24.6600 100.0 13.263 16.711
72.617 37.93 24.5900 100.0 13.340 16.941
72.667 37.94 24.6000 100.0 13.346 16.937
72.716 37.95 24.6100 100.0 13.343 16.906
72.766 37.96 24.5700 100.0 13.387 17.025
72.815 37.97 24.6900 100.0 13.283 16.666
72.866 37.98 24.6100 100.0 13.369 16.924
72.917 37.99 24.6700 100.0 13.324 16.756
72.967 38.00 24.6400 100.0 13.360 16.849
73.015 38.01 24.6300 100.0 13.378 16.888
73.064 38.02 24.5800 100.0 13.438 17.062
73.115 38.03 24.6800 100.0 13.356 16.771
73.165 38.04 24.6600 100.0 13.383 16.837
73.215 38.05 24.6300 100.0 13.418 16.930
73.264 38.06 24.6300 100.0 13.432 16.954
73.314 38.07 24.6500 100.0 13.425 16.910
73.364 38.08 24.6200 100.0 13.461 17.003
73.415 38.09 24.6300 100.0 13.466 16.999
73.464 38.10 24.6000 100.0 13.502 17.092
73.513 38.11 24.5700 100.0 13.545 17.211
73.563 38.12 24.6300 100.0 13.488 17.003
73.612 38.13 24.6500 100.0 13.477 16.945
73.663 38.14 24.6900 100.0 13.449 16.833
73.713 38.15 24.5400 100.0 13.615 17.349
73.763 38.16 24.6000 100.0 13.562 17.153
73.812 38.17 24.7100 100.0 13.463 16.809
73.861 38.18 24.5900 100.0 13.594 17.216
73.913 38.19 24.6800 100.0 13.512 16.926
73.963 38.20 24.6200 100.0 13.585 17.142
74.012 38.21 24.6200 100.0 13.591 17.138
74.061 38.22 24.7000 100.0 13.521 16.889
74.110 38.23 24.6000 100.0 13.636 17.242
74.161 38.24 24.6300 100.0 13.617 17.156
74.211 38.25 24.6600 100.0 13.593 17.058
74.260 38.26 24.6600 100.0 13.599 17.055
74.310 38.27 24.6500 100.0 13.622 17.107
74.360 38.28 24.5800 100.0 13.699 17.336
74.411 38.29 24.6300 100.0 13.662 17.195
74.460 38.30 24.6800 100.0 13.626 17.056
74.509 38.31 24.6300 100.0 13.682 17.217
74.559 38.32 24.6600 100.0 13.663 17.132
74.608 38.33 24.6200 100.0 13.715 17.279
74.659 38.34 24.6500 100.0 13.692 17.181
74.709 38.35 24.6800 100.0 13.672 17.096
74.758 38.36 24.6700 100.0 13.695 17.148
74.809 38.37 24.6900 100.0 13.684 17.090
74.858 38.38 24.6500 100.0 13.732 17.225
74.908 38.39 24.6100 100.0 13.779 17.358
74.958 38.40 24.6400 100.0 13.764 17.286
75.007 38.41 24.6700 100.0 13.741 17.187
75.057 38.42 24.6200 100.0 13.805 17.376
75.106 38.43 24.6700 100.0 13.765 17.222
75.157 38.44 24.6200 100.0 13.821 17.384
75.208 38.45 24.6800 100.0 13.772 17.203
75.258 38.46 24.6300 100.0 13.829 17.365
75.306 38.47 24.5900 100.0 13.885 17.525
75.356 38.48 24.7000 100.0 13.777 17.152
75.406 38.49 24.6300 100.0 13.863 17.409
75.456 38.50 24.6200 100.0 13.881 17.447
75.506 38.51 24.6300 100.0 13.879 17.417
75.555 38.52 24.6300 100.0 13.893 17.440
75.605 38.53 24.6400 100.0 13.890 17.410
75.655 38.54 24.7000 100.0 13.841 17.229
75.705 38.55 24.5900 100.0 13.961 17.596
75.755 38.56 24.6100 100.0 13.950 17.537
75.804 38.57 24.7100 100.0 13.859 17.220
75.854 38.58 24.6900 100.0 13.894 17.313
75.903 38.59 24.6400 100.0 13.954 17.488
75.954 38.60 24.6700 100.0 13.935 17.403
76.004 38.61 24.6000 100.0 14.008 17.619
76.053 38.62 24.6300 100.0 13.993 17.546
76.103 38.63 24.5700 100.0 14.062 17.748
76.152 38.64 24.6900 100.0 13.954 17.375
76.203 38.65 24.6300 100.0 14.027 17.591
76.253 38.66 24.7300 100.0 13.936 17.274
76.303 38.67 24.6700 100.0 14.005 17.476
76.352 38.68 24.6200 100.0 14.061 17.637
76.401 38.69 24.6600 100.0 14.033 17.525
76.452 38.70 24.5700 100.0 14.127 17.809
76.502 38.71 24.6300 100.0 14.087 17.654
76.551 38.72 24.6200 100.0 14.105 17.692
76.601 38.73 24.6700 100.0 14.065 17.538
76.650 38.74 24.6400 100.0 14.100 17.631
76.702 38.75 24.6000 100.0 14.157 17.792
76.751 38.76 24.6900 100.0 14.074 17.501
76.800 38.77 24.6800 100.0 14.088 17.526
76.850 38.78 24.6600 100.0 14.119 17.605
76.899 38.79 24.6600 100.0 14.134 17.629
76.950 38.80 24.7000 100.0 14.097 17.490
77.000 38.81 24.6200 100.0 14.191 17.774
77.049 38.82 24.6700 100.0 14.155 17.634
77.099 38.83 24.6000 100.0 14.228 17.850
77.149 38.84 24.6400 100.0 14.200 17.737
77.199 38.85 24.6500 100.0 14.206 17.733
77.249 38.86 24.7100 100.0 14.153 17.540
77.299 38.87 24.6600 100.0 14.214 17.715
77.348 38.88 24.6000 100.0 14.278 17.903
77.397 38.89 24.6800 100.0 14.208 17.653
77.448 38.90 24.6300 100.0 14.273 17.841
77.498 38.91 24.6600 100.0 14.254 17.756
77.548 38.92 24.6300 100.0 14.289 17.849
77.597 38.93 24.6500 100.0 14.286 17.818
77.647 38.94 24.6900 100.0 14.250 17.679
77.697 38.95 24.6600 100.0 14.294 17.799
77.747 38.96 24.6400 100.0 14.320 17.864
77.797 38.97 24.6600 100.0 14.314 17.820
77.846 38.98 24.7000 100.0 14.286 17.708
77.897 38.99 24.6800 100.0 14.317 17.787
77.946 39.00 24.6800 100.0 14.323 17.784
77.996 39.01 24.6400 100.0 14.375 17.932
78.046 39.02 24.6600 100.0 14.364 17.874
78.095 39.03 24.6700 100.0 14.365 17.857
78.145 39.04 24.6400 100.0 14.401 17.949
78.195 39.05 24.6600 100.0 14.390 17.892
78.245 39.06 24.6400 100.0 14.425 17.984
78.295 39.07 24.7000 100.0 14.372 17.790
78.344 39.08 24.6400 100.0 14.445 18.006
78.394 39.09 24.6200 100.0 14.476 18.084
78.443 39.10 24.6500 100.0 14.456 17.998
78.494 39.11 24.6500 100.0 14.458 17.982
78.545 39.12 24.6100 100.0 14.510 18.129
78.594 39.13 24.6400 100.0 14.495 18.057
78.643 39.14 24.6700 100.0 14.475 17.971
78.692 39.15 24.6400 100.0 14.511 18.064
78.743 39.16 24.6500 100.0 14.516 18.060
78.793 39.17 24.7200 100.0 14.455 17.840
78.842 39.18 24.6600 100.0 14.524 18.041
78.892 39.19 24.6400 100.0 14.551 18.107
78.941 39.20 24.7000 100.0 14.502 17.926
78.993 39.21 24.6500 100.0 14.562 18.101
79.043 39.22 24.6600 100.0 14.564 18.084
79.091 39.23 24.6800 100.0 14.553 18.026
79.141 39.24 24.6500 100.0 14.588 18.119
79.190 39.25 24.6600 100.0 14.594 18.116
79.241 39.26 24.6700 100.0 14.596 18.099
79.291 39.27 24.5700 100.0 14.706 18.437
79.341 39.28 24.6800 100.0 14.607 18.092
79.390 39.29 24.6700 100.0 14.626 18.129
79.440 39.30 24.6800 100.0 14.623 18.099
79.491 39.31 24.6500 100.0 14.667 18.219
79.540 39.32 24.6400 100.0 14.681 18.243
79.590 39.33 24.6700 100.0 14.661 18.158
79.639 39.34 24.6000 100.0 14.739 18.387
79.689 39.35 24.6400 100.0 14.715 18.288
79.739 39.36 24.6800 100.0 14.687 18.175
79.789 39.37 24.6400 100.0 14.731 18.295
79.840 39.38 24.6300 100.0 14.750 18.333
79.889 39.39 24.7000 100.0 14.697 18.138
79.938 39.40 24.6400 100.0 14.761 18.326
79.987 39.41 24.7300 100.0 14.683 18.050
80.039 39.42 24.6900 100.0 14.731 18.184
80.089 39.43 24.7300 100.0 14.703 18.073
80.137 39.44 24.6500 100.0 14.788 18.330
80.187 39.45 24.6800 100.0 14.769 18.244
80.236 39.46 24.7400 100.0 14.725 18.078
80.287 39.47 24.5900 100.0 14.886 18.581
80.337 39.48 24.6900 100.0 14.791 18.249
80.386 39.49 24.6500 100.0 14.838 18.383
80.437 39.50 24.5900 100.0 14.912 18.598
80.485 39.51 24.6300 100.0 14.880 18.471
80.536 39.52 24.6600 100.0 14.860 18.385
80.586 39.53 24.6700 100.0 14.862 18.368
80.635 39.54 24.7100 100.0 14.834 18.256
80.685 39.55 24.6400 100.0 14.915 18.499
80.734 39.56 24.6900 100.0 14.875 18.346
80.786 39.57 24.6400 100.0 14.931 18.507
80.836 39.58 24.6500 100.0 14.929 18.476
80.884 39.59 24.6400 100.0 14.951 18.527
80.934 39.60 24.6700 100.0 14.932 18.442
80.983 39.61 24.6800 100.0 14.938 18.439
81.034 39.62 24.6800 100.0 14.939 18.422
81.084 39.63 24.7100 100.0 14.920 18.338
81.133 39.64 24.6600 100.0 14.984 18.526
81.183 39.65 24.6500 100.0 15.003 18.564
81.233 39.66 24.6800 100.0 14.979 18.465
81.283 39.67 24.6900 100.0 14.981 18.448
81.333 39.68 24.7300 100.0 14.949 18.323
81.382 39.69 24.7600 100.0 14.938 18.267
81.432 39.70 24.6300 100.0 15.078 18.700
81.481 39.71 24.6500 100.0 15.063 18.629
81.532 39.72 24.7200 100.0 15.006 18.421
81.583 39.73 24.6800 100.0 15.058 18.568
81.632 39.74 24.6300 100.0 15.110 18.716
81.681 39.75 24.6800 100.0 15.078 18.589
81.731 39.76 24.6300 100.0 15.134 18.749
81.781 39.77 24.6500 100.0 15.119 18.678
81.831 39.78 24.6800 100.0 15.099 18.592
81.881 39.79 24.7000 100.0 15.097 18.563
81.930 39.80 24.7500 100.0 15.056 18.410
81.980 39.81 24.6200 100.0 15.192 18.830
82.029 39.82 24.6000 100.0 15.228 18.922
82.080 39.83 24.6400 100.0 15.191 18.781
82.130 39.84 24.7000 100.0 15.147 18.614
82.180 39.85 24.6900 100.0 15.161 18.639
82.229 39.86 24.7300 100.0 15.133 18.527
82.278 39.87 24.6500 100.0 15.219 18.783
82.329 39.88 24.6600 100.0 15.220 18.766
82.379 39.89 24.6900 100.0 15.205 18.695
82.428 39.90 24.6300 100.0 15.274 18.896
82.478 39.91 24.6400 100.0 15.271 18.865
82.527 39.92 24.6400 100.0 15.281 18.875
82.579 39.93 24.7000 100.0 15.233 18.695
82.628 39.94 24.6000 100.0 15.343 19.033
82.677 39.95 24.6300 100.0 15.320 18.934
82.727 39.96 24.6800 100.0 15.288 18.807
82.776 39.97 24.6800 100.0 15.298 18.817
82.827 39.98 24.6900 100.0 15.291 18.773
82.877 39.99 24.7600 100.0 15.238 18.580
82.927 40.00 24.6600 100.0 15.341 18.891
82.976 40.01 24.6300 100.0 15.380 18.998
83.025 40.02 24.6900 100.0 15.335 18.829
83.076 40.03 24.7200 100.0 15.316 18.745
83.126 40.04 24.6700 100.0 15.376 18.919
83.175 40.05 24.7400 100.0 15.311 18.685
83.225 40.06 24.6800 100.0 15.380 18.887
83.274 40.07 24.7100 100.0 15.365 18.816
83.325 40.08 24.6600 100.0 15.425 18.990
83.376 40.09 24.7300 100.0 15.359 18.756
83.424 40.10 24.7100 100.0 15.395 18.848
83.474 40.11 24.7300 100.0 15.384 18.791
83.523 40.12 24.6800 100.0 15.444 18.966
83.574 40.13 24.7000 100.0 15.429 18.894
83.624 40.14 24.6900 100.0 15.455 18.960
83.674 40.15 24.6900 100.0 15.461 18.957
83.724 40.16 24.6800 100.0 15.480 18.995
83.772 40.17 24.7000 100.0 15.477 18.965
83.823 40.18 24.6300 100.0 15.554 19.193
83.874 40.19 24.6900 100.0 15.505 19.012
83.924 40.20 24.6400 100.0 15.562 19.173
83.972 40.21 24.6500 100.0 15.559 19.142
84.022 40.22 24.7000 100.0 15.519 18.988
84.072 40.23 24.6300 100.0 15.600 19.232
84.122 40.24 24.6800 100.0 15.560 19.077
84.172 40.25 24.6000 100.0 15.650 19.347
84.221 40.26 24.6100 100.0 15.651 19.329
84.271 40.27 24.6900 100.0 15.586 19.093
84.320 40.28 24.6500 100.0 15.638 19.240
84.372 40.29 24.6500 100.0 15.648 19.250
84.421 40.30 24.6700 100.0 15.632 19.178
84.470 40.31 24.5900 100.0 15.722 19.449
84.520 40.32 24.6500 100.0 15.669 19.253
84.569 40.33 24.7100 100.0 15.625 19.086
84.620 40.34 24.6900 100.0 15.652 19.151
84.670 40.35 24.6800 100.0 15.670 19.189
84.720 40.36 24.6700 100.0 15.697 19.254
84.769 40.37 24.6700 100.0 15.707 19.264
84.818 40.38 24.7500 100.0 15.637 19.016
84.869 40.39 24.6800 100.0 15.718 19.259
84.919 40.40 24.6800 100.0 15.724 19.255
84.968 40.41 24.7000 100.0 15.718 19.212
85.018 40.42 24.6700 100.0 15.757 19.317
85.068 40.43 24.7000 100.0 15.729 19.205
85.119 40.44 24.7000 100.0 15.743 19.229
85.169 40.45 24.7600 100.0 15.699 19.063
85.217 40.46 24.6900 100.0 15.776 19.292
85.267 40.47 24.7200 100.0 15.757 19.208
85.316 40.48 24.6700 100.0 15.813 19.368
85.367 40.49 24.6800 100.0 15.814 19.352
85.417 40.50 24.6600 100.0 15.845 19.430
85.466 40.51 24.7300 100.0 15.788 19.222
85.517 40.52 24.7000 100.0 15.819 19.301
85.566 40.53 24.7500 100.0 15.787 19.176
85.616 40.54 24.7400 100.0 15.801 19.201
85.666 40.55 24.7000 100.0 15.858 19.363
85.716 40.56 24.6900 100.0 15.876 19.400
85.765 40.57 24.6500 100.0 15.924 19.534
85.814 40.58 24.7300 100.0 15.854 19.284
85.865 40.59 24.6500 100.0 15.940 19.541
85.915 40.60 24.7300 100.0 15.878 19.319
85.965 40.61 24.6900 100.0 15.922 19.439
86.014 40.62 24.7000 100.0 15.923 19.422
86.064 40.63 24.6700 100.0 15.967 19.542
86.114 40.64 24.7600 100.0 15.889 19.266
86.164 40.65 24.6800 100.0 15.979 19.537
86.215 40.66 24.6800 100.0 15.989 19.547
86.264 40.67 24.7100 100.0 15.961 19.434
86.313 40.68 24.7000 100.0 15.979 19.472
86.362 40.69 24.7200 100.0 15.977 19.443
86.413 40.70 24.6700 100.0 16.037 19.616
86.463 40.71 24.7100 100.0 16.005 19.491
86.512 40.72 24.7300 100.0 15.998 19.446
86.562 40.73 24.7000 100.0 16.029 19.526
86.612 40.74 24.6800 100.0 16.064 19.618
86.662 40.75 24.6500 100.0 16.104 19.724
86.712 40.76 24.7300 100.0 16.038 19.488
86.761 40.77 24.6000 100.0 16.178 19.923
86.811 40.78 24.6800 100.0 16.100 19.645
86.860 40.79 24.6800 100.0 16.119 19.683
86.911 40.80 24.6800 100.0 16.125 19.679
86.961 40.81 24.7100 100.0 16.101 19.581
87.011 40.82 24.6800 100.0 16.149 19.714
87.061 40.83 24.6900 100.0 16.142 19.670
87.109 40.84 24.7300 100.0 16.114 19.558
87.160 40.85 24.6800 100.0 16.170 19.718
87.210 40.86 24.6900 100.0 16.176 19.715
87.259 40.87 24.6800 100.0 16.195 19.753
87.309 40.88 24.7700 100.0 16.117 19.477
87.358 40.89 24.7300 100.0 16.164 19.611
87.410 40.90 24.6800 100.0 16.220 19.772
87.460 40.91 24.6800 100.0 16.239 19.810
87.508 40.92 24.7000 100.0 16.228 19.752
87.558 40.93 24.7300 100.0 16.204 19.653
87.607 40.94 24.7000 100.0 16.239 19.746
87.658 40.95 24.7200 100.0 16.237 19.716
87.708 40.96 24.7300 100.0 16.234 19.686
87.757 40.97 24.6700 100.0 16.307 19.901
87.807 40.98 24.7100 100.0 16.271 19.761
87.857 40.99 24.6500 100.0 16.340 19.963
87.907 41.00 24.6800 100.0 16.320 19.877
87.957 41.01 24.7100 100.0 16.301 19.792
88.007 41.02 24.6600 100.0 16.366 19.980
88.057 41.03 24.7100 100.0 16.321 19.813
88.106 41.04 24.7400 100.0 16.302 19.728
88.156 41.05 24.6800 100.0 16.371 19.930
88.206 41.06 24.7600 100.0 16.305 19.695
88.256 41.07 24.7000 100.0 16.378 19.911
88.305 41.08 24.7600 100.0 16.329 19.731
88.355 41.09 24.7100 100.0 16.381 19.878
88.404 41.10 24.7600 100.0 16.345 19.739
88.455 41.11 24.6400 100.0 16.477 20.145
88.506 41.12 24.7300 100.0 16.399 19.868
88.555 41.13 24.6800 100.0 16.451 20.016
88.604 41.14 24.7300 100.0 16.419 19.889
88.653 41.15 24.7000 100.0 16.454 19.982
88.704 41.16 24.6800 100.0 16.481 20.047
88.754 41.17 24.7800 100.0 16.394 19.744
88.803 41.18 24.7000 100.0 16.488 20.029
88.853 41.19 24.7600 100.0 16.435 19.835
88.903 41.20 24.7600 100.0 16.450 19.860
88.953 41.21 24.6800 100.0 16.535 20.116
89.003 41.22 24.7300 100.0 16.499 19.976
89.052 41.23 24.6800 100.0 16.559 20.150
89.102 41.24 24.7300 100.0 16.515 19.983
89.151 41.25 24.7200 100.0 16.533 20.022
89.202 41.26 24.7200 100.0 16.543 20.032
89.252 41.27 24.6900 100.0 16.587 20.151
89.301 41.28 24.6900 100.0 16.592 20.149
89.352 41.29 24.6900 100.0 16.607 20.172
89.400 41.30 24.7200 100.0 16.583 20.074
89.451 41.31 24.7000 100.0 16.614 20.152
89.501 41.32 24.7200 100.0 16.603 20.095
89.550 41.33 24.7100 100.0 16.626 20.146
89.600 41.34 24.7200 100.0 16.623 20.116
89.649 41.35 24.7100 100.0 16.642 20.154
89.701 41.36 24.6800 100.0 16.681 20.260
89.751 41.37 24.7500 100.0 16.628 20.066
89.799 41.38 24.6700 100.0 16.718 20.335
89.850 41.39 24.7500 100.0 16.644 20.073
89.899 41.40 24.7600 100.0 16.646 20.057
89.950 41.41 24.7200 100.0 16.693 20.191
89.999 41.42 24.7200 100.0 16.703 20.202
90.049 41.43 24.6900 100.0 16.747 20.321
90.098 41.44 24.7300 100.0 16.719 20.208
90.147 41.45 24.7300 100.0 16.729 20.219
90.198 41.46 24.7200 100.0 16.748 20.258
90.248 41.47 24.7200 100.0 16.758 20.268
90.298 41.48 24.7400 100.0 16.742 20.197
90.348 41.49 24.7600 100.0 16.740 20.167
90.397 41.50 24.7700 100.0 16.733 20.123
90.447 41.51 24.7700 100.0 16.747 20.149
90.497 41.52 24.7000 100.0 16.824 20.378
90.547 41.53 24.6800 100.0 16.851 20.442
90.596 41.54 24.6900 100.0 16.853 20.425
90.646 41.55 24.7000 100.0 16.859 20.422
90.695 41.56 24.7500 100.0 16.818 20.269
90.747 41.57 24.7000 100.0 16.874 20.429
90.797 41.58 24.7800 100.0 16.809 20.195
90.845 41.59 24.7600 100.0 16.836 20.261
90.895 41.60 24.7600 100.0 16.846 20.272
90.944 41.61 24.7600 100.0 16.852 20.269
90.995 41.62 24.6500 100.0 16.975 20.648
91.045 41.64 24.7100 100.0 16.922 20.453
91.094 41.65 24.7400 100.0 16.907 20.382
91.144 41.66 24.7500 100.0 16.904 20.352
91.194 41.67 24.7400 100.0 16.927 20.404
91.244 41.68 24.7300 100.0 16.949 20.455
91.294 41.69 24.7300 100.0 16.959 20.466
91.343 41.70 24.7100 100.0 16.982 20.518
91.393 41.71 24.7200 100.0 16.988 20.515
91.442 41.72 24.6900 100.0 17.027 20.620
91.493 41.73 24.7600 100.0 16.966 20.399
91.544 41.74 24.7600 100.0 16.976 20.410
91.592 41.75 24.7100 100.0 17.032 20.571
91.642 41.76 24.7300 100.0 17.025 20.527
91.691 41.77 24.7400 100.0 17.023 20.497
91.742 41.78 24.7100 100.0 17.066 20.616
91.792 41.79 24.6700 100.0 17.114 20.749
91.841 41.80 24.7000 100.0 17.095 20.664
91.891 41.81 24.7400 100.0 17.067 20.551
91.940 41.82 24.7000 100.0 17.115 20.685
91.991 41.83 24.7400 100.0 17.083 20.559
92.041 41.84 24.7000 100.0 17.139 20.720
92.091 41.85 24.6400 100.0 17.203 20.907
92.141 41.86 24.6900 100.0 17.167 20.766
92.189 41.87 24.7200 100.0 17.144 20.667
92.240 41.88 24.7700 100.0 17.103 20.514
92.290 41.89 24.7400 100.0 17.147 20.635
92.340 41.90 24.7200 100.0 17.178 20.714
92.389 41.91 24.7200 100.0 17.188 20.724
92.439 41.92 24.7700 100.0 17.148 20.571
92.489 41.93 24.7000 100.0 17.229 20.814
92.540 41.94 24.7600 100.0 17.172 20.605
92.589 41.95 24.7000 100.0 17.240 20.807
92.638 41.96 24.7200 100.0 17.234 20.763
92.688 41.97 24.7600 100.0 17.210 20.665
92.737 41.98 24.7100 100.0 17.262 20.812
92.788 41.99 24.6500 100.0 17.331 21.013
92.839 42.00 24.8100 100.0 17.182 20.505
92.888 42.01 24.7000 100.0 17.309 20.898
92.937 42.02 24.7100 100.0 17.302 20.853
92.986 42.03 24.7600 100.0 17.270 20.728
93.037 42.04 24.7500 100.0 17.289 20.766
93.087 42.05 24.7100 100.0 17.332 20.885
93.136 42.06 24.7000 100.0 17.351 20.923
93.186 42.07 24.7300 100.0 17.335 20.851
93.235 42.08 24.7000 100.0 17.375 20.957
93.286 42.09 24.7800 100.0 17.305 20.709
93.337 42.10 24.7400 100.0 17.353 20.843
93.385 42.11 24.7100 100.0 17.392 20.949
93.435 42.12 24.7400 100.0 17.377 20.877
93.484 42.13 24.5800 100.0 17.547 21.406
93.535 42.14 24.7400 100.0 17.393 20.883
93.585 42.15 24.6500 100.0 17.495 21.193
93.634 42.16 24.7400 100.0 17.417 20.917
93.684 42.17 24.7700 100.0 17.394 20.818
93.734 42.18 24.7800 100.0 17.391 20.789
93.784 42.19 24.7500 100.0 17.439 20.922
93.835 42.20 24.7300 100.0 17.462 20.974
93.884 42.21 24.7500 100.0 17.459 20.944
93.934 42.22 24.6800 100.0 17.536 21.172
93.982 42.23 24.7300 100.0 17.492 21.005
94.034 42.24 24.8000 100.0 17.439 20.812
94.083 42.25 24.7500 100.0 17.499 20.986
94.132 42.26 24.7800 100.0 17.471 20.875
94.182 42.27 24.6900 100.0 17.573 21.185
94.231 42.28 24.7600 100.0 17.516 20.977
94.282 42.29 24.7300 100.0 17.552 21.070
94.332 42.30 24.7800 100.0 17.515 20.931
94.382 42.31 24.7600 100.0 17.551 21.024
94.432 42.32 24.7200 100.0 17.594 21.144
94.481 42.33 24.7600 100.0 17.562 21.017
94.531 42.34 24.7800 100.0 17.551 20.961
94.581 42.35 24.6800 100.0 17.662 21.298
94.631 42.36 24.7600 100.0 17.601 21.077
94.680 42.37 24.7400 100.0 17.627 21.142
94.730 42.38 24.7600 100.0 17.621 21.098
94.780 42.39 24.7600 100.0 17.622 21.082
94.831 42.40 24.7900 100.0 17.607 21.011
94.880 42.41 24.7500 100.0 17.659 21.158
94.929 42.42 24.7900 100.0 17.623 21.019
94.979 42.43 24.7600 100.0 17.662 21.126
95.028 42.44 24.7200 100.0 17.714 21.273
95.079 42.45 24.7200 100.0 17.724 21.283
95.129 42.46 24.7900 100.0 17.667 21.076
95.178 42.47 24.6700 100.0 17.799 21.482
95.228 42.48 24.7500 100.0 17.725 21.219
95.278 42.49 24.7300 100.0 17.760 21.311
95.328 42.50 24.7200 100.0 17.779 21.349
95.378 42.51 24.7300 100.0 17.772 21.305
95.427 42.52 24.7100 100.0 17.807 21.397
95.477 42.53 24.7200 100.0 17.804 21.366
95.526 42.54 24.7400 100.0 17.798 21.322
95.578 42.55 24.7300 100.0 17.812 21.346
95.628 42.56 24.7200 100.0 17.839 21.411
95.676 42.57 24.7500 100.0 17.819 21.326
95.726 42.58 24.7400 100.0 17.838 21.364
95.775 42.59 24.7800 100.0 17.810 21.252
95.827 42.60 24.7500 100.0 17.845 21.344
95.877 42.61 24.7200 100.0 17.889 21.464
95.925 42.62 24.6900 100.0 17.928 21.569
95.975 42.63 24.7400 100.0 17.888 21.416
96.024 42.64 24.7500 100.0 17.885 21.385
96.075 42.65 24.7100 100.0 17.937 21.532
96.125 42.66 24.7700 100.0 17.888 21.352
96.174 42.67 24.7500 100.0 17.919 21.430
96.225 42.68 24.7400 100.0 17.938 21.469
96.274 42.69 24.7500 100.0 17.939 21.451
96.324 42.70 24.8100 100.0 17.882 21.245
96.374 42.71 24.7900 100.0 17.917 21.338
96.424 42.72 24.7400 100.0 17.978 21.512
96.473 42.73 24.7500 100.0 17.975 21.482
96.522 42.74 24.7300 100.0 18.006 21.560
96.573 42.75 24.7400 100.0 18.008 21.544
96.624 42.76 24.7700 100.0 17.989 21.459
96.673 42.77 24.7600 100.0 18.007 21.497
96.722 42.78 24.6900 100.0 18.084 21.725
96.772 42.79 24.7300 100.0 18.060 21.626
96.822 42.80 24.7600 100.0 18.037 21.527
96.872 42.81 24.7400 100.0 18.068 21.606
96.923 42.82 24.7400 100.0 18.078 21.617
96.972 42.83 24.7900 100.0 18.033 21.450
97.021 42.84 24.7300 100.0 18.110 21.679
97.070 42.85 24.7600 100.0 18.091 21.594
97.121 42.86 24.7500 100.0 18.109 21.632
97.171 42.87 24.7900 100.0 18.073 21.493
97.220 42.88 24.7500 100.0 18.129 21.653
97.270 42.89 24.7100 100.0 18.173 21.773
97.319 42.90 24.7400 100.0 18.158 21.701
97.371 42.91 24.7300 100.0 18.172 21.726
97.421 42.92 24.7200 100.0 18.199 21.790
97.469 42.93 24.7400 100.0 18.188 21.732
97.519 42.94 24.7400 100.0 18.194 21.729
97.568 42.95 24.7000 100.0 18.250 21.890
97.619 42.96 24.7300 100.0 18.226 21.790
97.669 42.97 24.7800 100.0 18.182 21.623
97.718 42.98 24.7000 100.0 18.271 21.893
97.769 42.99 24.8000 100.0 18.185 21.590
97.818 43.00 24.6900 100.0 18.304 21.955
97.868 43.01 24.7100 100.0 18.297 21.910
97.919 43.02 24.7600 100.0 18.253 21.743
97.967 43.03 24.8100 100.0 18.221 21.618
98.017 43.04 24.7700 100.0 18.269 21.752
98.066 43.05 24.7400 100.0 18.304 21.844
98.117 43.06 24.7200 100.0 18.335 21.923
98.167 43.07 24.7300 100.0 18.332 21.892
98.216 43.08 24.7800 100.0 18.296 21.752
98.266 43.09 24.7500 100.0 18.340 21.872
98.315 43.10 24.7500 100.0 18.345 21.869
98.367 43.11 24.7500 100.0 18.360 21.893
98.417 43.12 24.7600 100.0 18.361 21.876
98.466 43.13 24.7600 100.0 18.367 21.873
98.515 43.14 24.7600 100.0 18.381 21.898
98.564 43.15 24.7500 100.0 18.396 21.921
98.615 43.16 24.7300 100.0 18.422 21.987
98.665 43.17 24.7300 100.0 18.437 22.010
98.715 43.18 24.7800 100.0 18.401 21.871
98.765 43.19 24.7600 100.0 18.427 21.936
98.814 43.20 24.7100 100.0 18.483 22.096
98.864 43.21 24.7300 100.0 18.473 22.039
98.914 43.22 24.7600 100.0 18.457 21.967
98.964 43.23 24.7300 100.0 18.493 22.060
99.013 43.24 24.7800 100.0 18.456 21.920
99.063 43.25 24.7000 100.0 18.546 22.189
99.112 43.26 24.7700 100.0 18.489 21.981
99.164 43.27 24.7000 100.0 18.562 22.196
99.213 43.28 24.7700 100.0 18.505 21.988
99.262 43.29 24.7500 100.0 18.540 22.080
99.312 43.30 24.7900 100.0 18.508 21.955
99.361 43.31 24.7600 100.0 18.547 22.061
99.412 43.32 24.7500 100.0 18.566 22.099
99.462 43.33 24.7100 100.0 18.618 22.246
99.512 43.34 24.7400 100.0 18.598 22.160
99.562 43.35 24.7200 100.0 18.625 22.225
99.610 43.36 24.8100 100.0 18.552 21.963
99.661 43.37 24.8300 100.0 18.532 21.879
99.711 43.38 24.7400 100.0 18.638 22.203
99.760 43.39 24.7600 100.0 18.627 22.145
99.810 43.40 24.8100 100.0 18.583 21.979
99.859 43.41 24.7100 100.0 18.694 22.317
99.910 43.42 24.7600 100.0 18.653 22.163
99.960 43.43 24.7400 100.0 18.688 22.256
100.009 43.44 24.7900 100.0 18.648 22.103
100.059 43.45 24.7200 100.0 18.729 22.345
100.109 43.46 24.7500 100.0 18.706 22.246
100.159 43.47 24.7100 100.0 18.754 22.379
100.209 43.48 24.7600 100.0 18.713 22.225
100.258 43.49 24.8000 100.0 18.686 22.114
100.308 43.50 24.7600 100.0 18.742 22.275
100.357 43.51 24.7500 100.0 18.760 22.312
100.408 43.52 24.7800 100.0 18.733 22.200
100.458 43.53 24.7400 100.0 18.789 22.361
100.509 43.54 24.7400 100.0 18.799 22.371
100.557 43.55 24.7300 100.0 18.813 22.395
100.606 43.56 24.7600 100.0 18.793 22.309
100.657 43.57 24.7800 100.0 18.787 22.265
100.707 43.58 24.7300 100.0 18.851 22.453
100.757 43.59 24.7500 100.0 18.840 22.395
100.807 43.60 24.7200 100.0 18.880 22.501
100.856 43.61 24.7500 100.0 18.860 22.415
100.906 43.62 24.7900 100.0 18.828 22.290
100.956 43.63 24.7000 100.0 18.926 22.586
101.006 43.64 24.7600 100.0 18.882 22.419
101.055 43.65 24.7800 100.0 18.863 22.334
101.105 43.66 24.7200 100.0 18.940 22.563
101.154 43.67 24.7700 100.0 18.899 22.410
101.205 43.68 24.7900 100.0 18.884 22.338
101.255 43.69 24.7500 100.0 18.936 22.485
101.305 43.70 24.7100 100.0 18.988 22.632
101.354 43.71 24.7400 100.0 18.969 22.546
101.403 43.72 24.8100 100.0 18.903 22.312
101.454 43.73 24.8100 100.0 18.918 22.336
101.504 43.74 24.7300 100.0 19.007 22.606
101.553 43.75 24.7500 100.0 19.000 22.562
101.603 43.76 24.7000 100.0 19.061 22.736
101.652 43.77 24.7700 100.0 18.995 22.499
101.704 43.78 24.7300 100.0 19.047 22.646
101.754 43.79 24.8200 100.0 18.969 22.371
101.803 43.80 24.7200 100.0 19.080 22.709
101.852 43.81 24.7700 100.0 19.040 22.555
101.901 43.82 24.7600 100.0 19.062 22.607
101.953 43.83 24.6700 100.0 19.156 22.889
102.002 43.84 24.7800 100.0 19.057 22.544
102.051 43.85 24.7500 100.0 19.100 22.664
102.101 43.86 24.7300 100.0 19.123 22.716
102.150 43.87 24.7200 100.0 19.150 22.780
102.201 43.88 24.7500 100.0 19.130 22.694
102.251 43.89 24.7500 100.0 19.140 22.704
102.300 43.90 24.7700 100.0 19.125 22.633
102.350 43.91 24.7600 100.0 19.144 22.671
102.400 43.92 24.7200 100.0 19.196 22.818
102.451 43.93 24.7600 100.0 19.172 22.719
102.500 43.94 24.7600 100.0 19.174 22.702
102.549 43.95 24.7600 100.0 19.192 22.740
102.599 43.96 24.7300 100.0 19.223 22.818
102.648 43.97 24.7500 100.0 19.216 22.773
102.699 43.98 24.7400 100.0 19.239 22.825
102.749 43.99 24.8100 100.0 19.182 22.617
102.800 44.00 24.7800 100.0 19.213 22.696
102.848 44.01 24.7600 100.0 19.244 22.775
102.897 44.02 24.7700 100.0 19.250 22.772
102.948 44.03 24.7800 100.0 19.247 22.741
102.998 44.04 24.7700 100.0 19.270 22.793
103.048 44.05 24.7100 100.0 19.334 22.980
103.097 44.06 24.7900 100.0 19.269 22.745
103.147 44.07 24.8400 100.0 19.229 22.594
103.197 44.08 24.7300 100.0 19.352 22.971
103.248 44.09 24.7700 100.0 19.315 22.831
103.298 44.10 24.7900 100.0 19.305 22.774
103.346 44.11 24.7900 100.0 19.319 22.799
103.396 44.12 24.7700 100.0 19.350 22.878
103.445 44.13 24.7900 100.0 19.339 22.820
103.496 44.14 24.7700 100.0 19.370 22.899
103.546 44.15 24.7200 100.0 19.430 23.073
103.595 44.16 24.7800 100.0 19.382 22.892
103.645 44.17 24.7500 100.0 19.421 22.998
103.695 44.18 24.7600 100.0 19.414 22.953
103.745 44.19 24.7200 100.0 19.466 23.100
103.796 44.20 24.7800 100.0 19.422 22.933
103.845 44.21 24.7800 100.0 19.423 22.916
103.895 44.22 24.8100 100.0 19.408 22.845
103.943 44.23 24.7600 100.0 19.473 23.033
103.994 44.24 24.7800 100.0 19.462 22.976
104.044 44.25 24.7300 100.0 19.518 23.136
104.093 44.26 24.7800 100.0 19.482 22.996
104.143 44.27 24.7600 100.0 19.504 23.047
104.192 44.28 24.8000 100.0 19.476 22.935
104.243 44.29 24.7700 100.0 19.520 23.055
104.294 44.30 24.7300 100.0 19.572 23.201
104.342 44.31 24.7500 100.0 19.557 23.130
104.392 44.32 24.7800 100.0 19.537 23.045
104.441 44.33 24.8000 100.0 19.527 22.987
104.492 44.34 24.7400 100.0 19.599 23.202
104.542 44.35 24.7700 100.0 19.576 23.103
104.591 44.36 24.7900 100.0 19.569 23.060
104.641 44.37 24.7300 100.0 19.634 23.247
104.690 44.38 24.8100 100.0 19.568 23.012
104.742 44.39 24.7600 100.0 19.628 23.187
104.791 44.40 24.7700 100.0 19.626 23.156
104.841 44.41 24.7900 100.0 19.615 23.098
104.890 44.42 24.7500 100.0 19.671 23.259
104.939 44.43 24.8100 100.0 19.618 23.065
104.990 44.44 24.7900 100.0 19.649 23.144
105.040 44.45 24.7800 100.0 19.663 23.168
105.091 44.46 24.7800 100.0 19.682 23.206
105.140 44.47 24.7600 100.0 19.709 23.271
105.189 44.48 24.8200 100.0 19.656 23.077
105.239 44.49 24.7000 100.0 19.783 23.469
105.289 44.50 24.7800 100.0 19.713 23.220
105.339 44.51 24.6900 100.0 19.816 23.530
105.388 44.52 24.7700 100.0 19.746 23.281
105.438 44.53 24.7700 100.0 19.756 23.291
105.487 44.54 24.7500 100.0 19.787 23.370
105.539 44.55 24.7600 100.0 19.789 23.353
105.588 44.56 24.7800 100.0 19.774 23.282
105.637 44.57 24.8500 100.0 19.717 23.075
105.687 44.58 24.7800 100.0 19.794 23.304
105.736 44.59 24.7800 100.0 19.808 23.328
105.787 44.60 24.7700 100.0 19.826 23.365
105.837 44.61 24.8000 100.0 19.811 23.294
105.886 44.62 24.7300 100.0 19.892 23.536
105.936 44.63 24.8100 100.0 19.814 23.261
105.985 44.64 24.7300 100.0 19.904 23.530
106.036 44.65 24.7800 100.0 19.868 23.390
106.087 44.66 24.7100 100.0 19.949 23.632
106.135 44.67 24.7700 100.0 19.900 23.451
106.186 44.68 24.7900 100.0 19.885 23.380
106.234 44.69 24.8000 100.0 19.887 23.363
106.285 44.70 24.8100 100.0 19.888 23.347
106.335 44.71 24.8100 100.0 19.898 23.357
106.384 44.72 24.7800 100.0 19.938 23.464
106.434 44.73 24.7700 100.0 19.956 23.501
106.483 44.74 24.7600 100.0 19.979 23.553
106.535 44.75 24.7900 100.0 19.955 23.454
106.584 44.76 24.7700 100.0 19.986 23.532
106.633 44.77 24.8100 100.0 19.963 23.435
106.683 44.78 24.7800 100.0 19.994 23.513
106.732 44.79 24.7800 100.0 20.008 23.537
106.783 44.80 24.7800 100.0 20.018 23.548
106.833 44.81 24.7700 100.0 20.036 23.585
106.882 44.82 24.8400 100.0 19.980 23.379
106.933 44.83 24.8200 100.0 20.010 23.457
106.982 44.84 24.8200 100.0 20.020 23.468
107.032 44.85 24.7800 100.0 20.072 23.616
107.082 44.86 24.8000 100.0 20.061 23.558
107.132 44.87 24.7800 100.0 20.088 23.623
107.181 44.88 24.8300 100.0 20.048 23.470
107.231 44.89 24.7600 100.0 20.125 23.699
107.281 44.90 24.7800 100.0 20.114 23.641
107.331 44.91 24.7900 100.0 20.120 23.638
107.382 44.92 24.7900 100.0 20.130 23.648
107.431 44.93 24.7900 100.0 20.135 23.645
107.480 44.94 24.7800 100.0 20.162 23.711
107.529 44.95 24.7800 100.0 20.168 23.707
107.580 44.96 24.7700 100.0 20.191 23.759
107.630 44.97 24.7600 100.0 20.205 23.782
107.679 44.98 24.8300 100.0 20.148 23.575
107.729 44.99 24.8400 100.0 20.150 23.559
107.779 45.00 24.7900 100.0 20.210 23.733
107.829 45.01 24.7800 100.0 20.228 23.771
107.879 45.02 24.8100 100.0 20.213 23.700
107.929 45.03 24.7900 100.0 20.240 23.765
107.979 45.04 24.7600 100.0 20.275 23.857
108.027 45.05 24.8100 100.0 20.239 23.717
108.078 45.06 24.7600 100.0 20.299 23.891
108.128 45.07 24.7600 100.0 20.305 23.888
108.177 45.08 24.7800 100.0 20.294 23.830
108.227 45.09 24.7900 100.0 20.300 23.827
108.276 45.10 24.8600 100.0 20.235 23.593
108.328 45.11 24.7800 100.0 20.324 23.863
108.378 45.12 24.8300 100.0 20.292 23.737
108.426 45.13 24.8100 100.0 20.323 23.816
108.476 45.14 24.7800 100.0 20.358 23.908
108.525 45.15 24.7800 100.0 20.364 23.905
108.576 45.16 24.7900 100.0 20.370 23.902
108.626 45.17 24.7500 100.0 20.418 24.034
108.675 45.18 24.7900 100.0 20.390 23.922
108.725 45.19 24.8000 100.0 20.392 23.906
108.775 45.20 24.8100 100.0 20.385 23.862
108.825 45.21 24.8000 100.0 20.412 23.927
108.875 45.22 24.7700 100.0 20.447 24.018
108.924 45.23 24.8300 100.0 20.394 23.825
108.974 45.24 24.7700 100.0 20.471 24.054
109.023 45.25 24.7600 100.0 20.489 24.091
109.074 45.26 24.7700 100.0 20.487 24.060
109.124 45.27 24.8000 100.0 20.467 23.975
109.175 45.28 24.8000 100.0 20.477 23.986
109.223 45.29 24.7600 100.0 20.534 24.146
109.272 45.30 24.8200 100.0 20.476 23.938
109.323 45.31 24.8300 100.0 20.482 23.936
109.373 45.32 24.8200 100.0 20.501 23.974
109.423 45.33 24.7800 100.0 20.548 24.107
109.472 45.34 24.8100 100.0 20.533 24.036
109.522 45.35 24.8100 100.0 20.539 24.033
109.572 45.36 24.8000 100.0 20.562 24.085
109.622 45.37 24.7200 100.0 20.651 24.354
109.672 45.38 24.8300 100.0 20.548 23.996
109.721 45.39 24.8300 100.0 20.563 24.020
109.772 45.40 24.8500 100.0 20.552 23.963
109.820 45.41 24.8300 100.0 20.583 24.042
109.871 45.42 24.8200 100.0 20.597 24.067
109.921 45.43 24.7500 100.0 20.678 24.309
109.970 45.44 24.8000 100.0 20.642 24.169
110.020 45.45 24.7700 100.0 20.681 24.275
110.069 45.46 24.8300 100.0 20.624 24.067
110.120 45.47 24.7700 100.0 20.697 24.282
110.170 45.48 24.8300 100.0 20.644 24.088
110.220 45.49 24.8300 100.0 20.663 24.127
110.269 45.50 24.7600 100.0 20.744 24.369
110.318 45.51 24.7800 100.0 20.724 24.283
110.369 45.52 24.8200 100.0 20.697 24.171
110.419 45.53 24.7700 100.0 20.761 24.359
110.468 45.54 24.8000 100.0 20.738 24.260
110.518 45.55 24.7800 100.0 20.764 24.325
110.568 45.56 24.8100 100.0 20.749 24.253
110.619 45.57 24.8300 100.0 20.743 24.210
110.668 45.58 24.7800 100.0 20.795 24.357
110.717 45.59 24.7700 100.0 20.821 24.422
110.767 45.60 24.8100 100.0 20.789 24.295
110.816 45.61 24.7800 100.0 20.829 24.401
110.867 45.62 24.7800 100.0 20.839 24.411
110.917 45.63 24.8500 100.0 20.778 24.191
110.968 45.64 24.7600 100.0 20.880 24.501
111.017 45.65 24.7700 100.0 20.877 24.470
111.065 45.66 24.8100 100.0 20.854 24.372
111.116 45.67 24.8000 100.0 20.868 24.395
111.166 45.68 24.7800 100.0 20.903 24.488
111.216 45.69 24.8000 100.0 20.888 24.416
111.265 45.70 24.8400 100.0 20.856 24.291
111.314 45.71 24.7700 100.0 20.941 24.546
111.365 45.72 24.8100 100.0 20.914 24.434
111.415 45.73 24.7900 100.0 20.940 24.499
111.466 45.74 24.7900 100.0 20.950 24.509
111.514 45.75 24.7600 100.0 20.994 24.628
111.564 45.76 24.7800 100.0 20.979 24.556
111.614 45.77 24.8300 100.0 20.943 24.417
111.664 45.78 24.8300 100.0 20.953 24.428
111.714 45.79 24.7900 100.0 21.000 24.561
111.763 45.80 24.7700 100.0 21.031 24.640
111.813 45.81 24.8100 100.0 21.000 24.513
111.862 45.82 24.8900 100.0 20.930 24.267
111.913 45.83 24.8100 100.0 21.015 24.522
111.963 45.84 24.7900 100.0 21.046 24.600
112.013 45.85 24.8400 100.0 21.006 24.448
112.062 45.86 24.7900 100.0 21.066 24.622
112.111 45.87 24.8200 100.0 21.047 24.537
112.162 45.88 24.8200 100.0 21.061 24.561
112.212 45.89 24.8100 100.0 21.076 24.586
112.261 45.90 24.8000 100.0 21.098 24.637
112.311 45.91 24.7800 100.0 21.129 24.715
112.360 45.92 24.8000 100.0 21.122 24.671
112.411 45.93 24.8300 100.0 21.095 24.559
112.462 45.94 24.7800 100.0 21.159 24.747
112.510 45.95 24.7500 100.0 21.202 24.866
112.560 45.96 24.8700 100.0 21.091 24.482
112.609 45.97 24.7700 100.0 21.197 24.805
112.660 45.98 24.7500 100.0 21.228 24.883
112.710 45.99 24.8000 100.0 21.188 24.730
112.759 46.00 24.8100 100.0 21.186 24.699
112.810 46.01 24.8700 100.0 21.137 24.520
112.859 46.02 24.8500 100.0 21.172 24.612
112.909 46.03 24.8200 100.0 21.207 24.705
112.959 46.04 24.7900 100.0 21.247 24.811
113.008 46.05 24.8300 100.0 21.223 24.712
113.058 46.06 24.7900 100.0 21.271 24.845
113.107 46.07 24.7900 100.0 21.277 24.842
113.158 46.08 24.7900 100.0 21.291 24.866
113.208 46.09 24.7800 100.0 21.305 24.890
113.257 46.10 24.8100 100.0 21.286 24.805
113.308 46.11 24.8000 100.0 21.312 24.870
113.357 46.12 24.7700 100.0 21.347 24.961
113.407 46.13 24.8300 100.0 21.295 24.767
113.457 46.14 24.7900 100.0 21.347 24.914
113.507 46.15 24.7900 100.0 21.361 24.938
113.556 46.16 24.7400 100.0 21.421 25.112
113.606 46.17 24.8000 100.0 21.368 24.917
113.656 46.18 24.7800 100.0 21.395 24.982
113.706 46.19 24.8900 100.0 21.296 24.639
113.757 46.20 24.8800 100.0 21.323 24.705
113.805 46.21 24.7900 100.0 21.417 24.987
113.855 46.22 24.8400 100.0 21.381 24.849
113.905 46.23 24.8300 100.0 21.395 24.872
113.956 46.24 24.8300 100.0 21.405 24.883
114.005 46.25 24.8200 100.0 21.432 24.949
114.054 46.26 24.8500 100.0 21.408 24.851
114.104 46.27 24.8300 100.0 21.435 24.916
114.153 46.28 24.8100 100.0 21.474 25.022
114.204 46.29 24.7800 100.0 21.509 25.113
114.254 46.30 24.8900 100.0 21.411 24.771
114.303 46.31 24.8900 100.0 21.417 24.768
114.354 46.32 24.7600 100.0 21.556 25.201
114.402 46.33 24.8100 100.0 21.524 25.075
114.453 46.34 24.8100 100.0 21.526 25.058
114.503 46.35 24.8400 100.0 21.511 24.988
114.552 46.36 24.8800 100.0 21.479 24.863
114.602 46.37 24.8800 100.0 21.493 24.887
114.651 46.38 24.8600 100.0 21.524 24.966
114.703 46.39 24.8400 100.0 21.551 25.032
114.753 46.40 24.8100 100.0 21.590 25.137
114.801 46.41 24.8300 100.0 21.575 25.066
114.851 46.42 24.8300 100.0 21.594 25.104
114.900 46.43 24.7700 100.0 21.658 25.291
114.951 46.44 24.8100 100.0 21.635 25.193
115.001 46.45 24.8300 100.0 21.619 25.121
115.050 46.46 24.7900 100.0 21.667 25.254
115.101 46.47 24.8100 100.0 21.660 25.210
115.150 46.48 24.7400 100.0 21.741 25.452
115.201 46.49 24.7800 100.0 21.705 25.311
115.250 46.50 24.8300 100.0 21.665 25.158
115.299 46.51 24.7700 100.0 21.742 25.387
115.349 46.52 24.8100 100.0 21.710 25.260
115.398 46.53 24.8300 100.0 21.699 25.203
115.449 46.54 24.8600 100.0 21.680 25.118
115.499 46.55 24.8300 100.0 21.719 25.224
115.550 46.56 24.8800 100.0 21.684 25.086
115.598 46.57 24.8000 100.0 21.773 25.355
115.647 46.58 24.8500 100.0 21.729 25.189
115.698 46.59 24.7900 100.0 21.801 25.403
115.748 46.60 24.8300 100.0 21.765 25.263
115.798 46.61 24.8100 100.0 21.805 25.370
115.847 46.62 24.8500 100.0 21.773 25.244
115.897 46.63 24.8200 100.0 21.808 25.336
115.947 46.64 24.8600 100.0 21.776 25.211
115.997 46.65 24.8300 100.0 21.820 25.330
116.047 46.66 24.8400 100.0 21.821 25.315
116.097 46.67 24.8100 100.0 21.865 25.434
116.147 46.68 24.7900 100.0 21.891 25.498
116.195 46.69 24.8300 100.0 21.864 25.386
116.246 46.70 24.8700 100.0 21.832 25.261
116.296 46.71 24.7800 100.0 21.926 25.543
116.345 46.72 24.8400 100.0 21.877 25.363
116.395 46.73 24.8400 100.0 21.891 25.388
116.444 46.74 24.7800 100.0 21.956 25.575
116.496 46.75 24.8100 100.0 21.940 25.503
116.545 46.76 24.7600 100.0 22.001 25.676
116.594 46.77 24.8300 100.0 21.944 25.468
116.644 46.78 24.7600 100.0 22.021 25.696
116.693 46.79 24.7600 100.0 22.027 25.692
116.744 46.80 24.8200 100.0 21.982 25.525
116.794 46.81 24.8600 100.0 21.946 25.386
116.844 46.82 24.8400 100.0 21.977 25.466
116.893 46.83 24.7900 100.0 22.042 25.652
116.942 46.84 24.8300 100.0 22.014 25.540
116.993 46.85 24.7800 100.0 22.070 25.700
117.043 46.86 24.8100 100.0 22.055 25.629
117.092 46.87 24.8100 100.0 22.061 25.625
117.142 46.88 24.8200 100.0 22.058 25.594
117.191 46.89 24.8500 100.0 22.039 25.510
117.243 46.90 24.9000 100.0 21.999 25.358
117.293 46.91 24.8400 100.0 22.072 25.574
117.341 46.92 24.8400 100.0 22.077 25.570
117.391 46.93 24.8400 100.0 22.087 25.581
117.440 46.94 24.8700 100.0 22.072 25.510
117.491 46.95 24.8300 100.0 22.120 25.643
117.541 46.96 24.8400 100.0 22.117 25.613
117.591 46.97 24.7600 100.0 22.207 25.882
117.640 46.98 24.8100 100.0 22.167 25.728
117.690 46.99 24.8100 100.0 22.185 25.766
117.741 47.00 24.8200 100.0 22.178 25.721
117.790 47.01 24.8000 100.0 22.209 25.800
117.840 47.02 24.7700 100.0 22.248 25.905
117.890 47.03 24.8100 100.0 22.225 25.806
117.939 47.04 24.8100 100.0 22.231 25.802
117.989 47.05 24.8200 100.0 22.232 25.786
118.039 47.06 24.8200 100.0 22.238 25.782
118.089 47.07 24.9100 100.0 22.165 25.522
118.138 47.08 24.8100 100.0 22.267 25.832
118.188 47.09 24.8300 100.0 22.264 25.801
118.237 47.10 24.8900 100.0 22.207 25.594
118.288 47.11 24.8000 100.0 22.309 25.904
118.339 47.12 24.7600 100.0 22.361 26.050
118.387 47.13 24.8000 100.0 22.333 25.938
118.437 47.14 24.8100 100.0 22.335 25.921
118.486 47.15 24.8400 100.0 22.312 25.822
118.537 47.16 24.7700 100.0 22.388 26.049
118.587 47.17 24.8300 100.0 22.340 25.869
118.636 47.18 24.6500 100.0 22.530 26.465
118.686 47.19 24.9500 100.0 22.239 25.495
118.736 47.20 24.7700 100.0 22.433 26.104
118.787 47.21 24.8600 100.0 22.351 25.815
118.836 47.22 24.6700 100.0 22.549 26.437
118.885 47.23 24.8200 100.0 22.413 25.969
118.935 47.24 24.8600 100.0 22.381 25.844
118.984 47.25 24.8700 100.0 22.383 25.828
119.035 47.26 24.8400 100.0 22.422 25.934
119.085 47.27 24.8600 100.0 22.411 25.876
119.135 47.28 24.8300 100.0 22.454 25.996
119.185 47.29 24.8100 100.0 22.481 26.060
119.233 47.30 24.8600 100.0 22.441 25.908
119.284 47.31 24.8400 100.0 22.472 25.987
119.334 47.32 24.8300 100.0 22.486 26.010
119.383 47.33 24.7600 100.0 22.571 26.266
119.433 47.34 24.7800 100.0 22.560 26.207
119.482 47.35 24.8100 100.0 22.545 26.136
119.534 47.36 24.7800 100.0 22.585 26.241
119.584 47.37 24.8300 100.0 22.544 26.087
119.632 47.38 24.8300 100.0 22.546 26.070
119.682 47.39 24.8400 100.0 22.548 26.054
119.732 47.40 24.8600 100.0 22.537 25.997
119.782 47.41 24.8100 100.0 22.601 26.184
119.832 47.42 24.8200 100.0 22.599 26.153
119.882 47.43 24.8000 100.0 22.634 26.245
119.931 47.44 24.8300 100.0 22.615 26.160
119.981 47.45 24.8300 100.0 22.620 26.157
120.031 47.46 24.8700 100.0 22.589 26.032
120.081 47.47 24.8600 100.0 22.607 26.070
120.132 47.48 24.9000 100.0 22.584 25.972
120.181 47.49 24.8300 100.0 22.656 26.187
120.230 47.50 24.8000 100.0 22.700 26.306
120.279 47.51 24.8700 100.0 22.643 26.099
120.330 47.52 24.9500 100.0 22.570 25.839
120.380 47.53 24.8100 100.0 22.721 26.312
120.429 47.54 24.8400 100.0 22.702 26.227
120.479 47.55 24.8100 100.0 22.737 26.319
120.528 47.56 24.8500 100.0 22.710 26.207
120.580 47.57 24.8300 100.0 22.745 26.299
120.629 47.58 24.8800 100.0 22.705 26.146
120.678 47.59 24.8300 100.0 22.756 26.293
120.728 47.60 24.8200 100.0 22.779 26.344
120.777 47.61 24.7800 100.0 22.827 26.477
120.828 47.62 24.8300 100.0 22.795 26.351
120.878 47.63 24.8300 100.0 22.800 26.347
120.928 47.64 24.9000 100.0 22.740 26.128
120.977 47.65 24.7900 100.0 22.858 26.491
121.026 47.66 24.8500 100.0 22.810 26.311
121.077 47.67 24.8300 100.0 22.841 26.389
121.127 47.68 24.8100 100.0 22.871 26.468
121.176 47.69 24.8500 100.0 22.844 26.355
121.226 47.70 24.8000 100.0 22.900 26.516
121.275 47.71 24.9800 100.0 22.735 25.956
121.326 47.72 24.8200 100.0 22.903 26.484
121.377 47.73 24.8400 100.0 22.888 26.413
121.426 47.74 24.8100 100.0 22.931 26.531
121.475 47.75 24.8100 100.0 22.946 26.555
121.524 47.76 24.8300 100.0 22.935 26.497
121.575 47.77 24.8400 100.0 22.932 26.467
121.625 47.78 24.7700 100.0 23.013 26.708
121.674 47.79 24.8400 100.0 22.952 26.487
121.725 47.80 24.8300 100.0 22.966 26.510
121.773 47.81 24.8100 100.0 22.997 26.589
121.824 47.82 24.8400 100.0 22.978 26.504
121.874 47.83 24.8700 100.0 22.963 26.433
121.925 47.84 24.8100 100.0 23.036 26.648
121.974 47.85 24.8800 100.0 22.966 26.400
122.022 47.86 24.9100 100.0 22.947 26.316
122.073 47.87 24.8000 100.0 23.070 26.694
122.123 47.88 24.8900 100.0 22.988 26.405
122.173 47.89 24.8300 100.0 23.056 26.606
122.222 47.90 24.9500 100.0 22.950 26.237
122.272 47.91 24.8200 100.0 23.089 26.669
122.322 47.92 24.8500 100.0 23.070 26.584
122.373 47.93 24.9100 100.0 23.022 26.405
122.422 47.94 24.9000 100.0 23.044 26.457
122.471 47.95 24.8200 100.0 23.133 26.726
122.521 47.96 24.9600 100.0 22.997 26.262
122.570 47.97 24.9300 100.0 23.041 26.382
122.621 47.98 24.8200 100.0 23.163 26.760
122.671 47.99 24.8800 100.0 23.107 26.553
122.720 48.00 24.9100 100.0 23.096 26.496
122.771 48.01 24.9400 100.0 23.068 26.386
122.820 48.02 24.9300 100.0 23.091 26.438
122.870 48.03 24.9700 100.0 23.059 26.314
122.920 48.04 24.9000 100.0 23.144 26.570
122.969 48.05 24.8600 100.0 23.188 26.690
123.019 48.06 24.8900 100.0 23.173 26.619
123.068 48.07 24.8800 100.0 23.195 26.670
123.119 48.08 24.9100 100.0 23.168 26.560
123.169 48.09 24.8800 100.0 23.207 26.666
123.218 48.10 24.9100 100.0 23.192 26.595
123.269 48.11 24.9600 100.0 23.152 26.444
123.317 48.12 24.9600 100.0 23.166 26.470
123.368 48.13 24.8900 100.0 23.243 26.698
123.418 48.14 24.8500 100.0 23.290 26.831
123.467 48.15 25.0100 100.0 23.146 26.340
123.517 48.16 24.9300 100.0 23.227 26.583
123.566 48.17 24.9100 100.0 23.258 26.662
123.617 48.18 24.9400 100.0 23.243 26.592
123.668 48.19 24.9300 100.0 23.261 26.631
123.717 48.20 24.9100 100.0 23.296 26.724
123.766 48.21 24.9600 100.0 23.256 26.572
123.816 48.22 24.8300 100.0 23.395 27.004
123.866 48.23 25.0000 100.0 23.230 26.445
123.916 48.24 24.9400 100.0 23.303 26.661
123.966 48.25 24.9400 100.0 23.313 26.672
124.015 48.26 24.9500 100.0 23.315 26.657
124.064 48.27 24.9600 100.0 23.308 26.614
124.115 48.28 25.0100 100.0 23.276 26.491
124.165 48.29 24.9500 100.0 23.340 26.679
124.216 48.30 24.9600 100.0 23.346 26.677
124.264 48.31 24.9500 100.0 23.360 26.703
124.314 48.32 24.9800 100.0 23.345 26.633
124.364 48.33 24.9500 100.0 23.380 26.726
124.414 48.34 24.9900 100.0 23.349 26.603
124.464 48.35 24.9700 100.0 23.384 26.696
124.513 48.36 24.9600 100.0 23.398 26.721
124.564 48.37 25.0500 100.0 23.325 26.463
124.612 48.38 25.0400 100.0 23.343 26.503
124.663 48.39 24.9800 100.0 23.407 26.691
124.713 48.40 25.0200 100.0 23.384 26.595
124.762 48.41 24.9900 100.0 23.419 26.689
124.812 48.42 25.0000 100.0 23.425 26.687
124.861 48.43 25.0100 100.0 23.422 26.659
124.912 48.44 25.0200 100.0 23.424 26.644
124.963 48.45 24.9600 100.0 23.492 26.846
125.011 48.46 24.9900 100.0 23.469 26.749
125.061 48.47 25.0500 100.0 23.425 26.586
125.110 48.48 25.0500 100.0 23.435 26.598
125.161 48.49 24.9800 100.0 23.507 26.814
125.211 48.50 24.9800 100.0 23.521 26.839
125.260 48.51 25.0300 100.0 23.481 26.689
125.310 48.52 25.0200 100.0 23.500 26.728
125.359 48.53 24.9800 100.0 23.556 26.889
125.411 48.54 24.8700 100.0 23.670 27.239
125.460 48.55 25.0100 100.0 23.538 26.789
125.509 48.56 24.9700 100.0 23.594 26.951
125.559 48.57 25.0300 100.0 23.542 26.759
125.608 48.58 25.0700 100.0 23.514 26.650
125.659 48.59 25.0100 100.0 23.586 26.865
125.709 48.60 25.0600 100.0 23.543 26.702
125.758 48.61 25.0100 100.0 23.606 26.890
125.808 48.62 25.0100 100.0 23.613 26.890
125.857 48.63 25.0700 100.0 23.564 26.712
125.908 48.64 25.0300 100.0 23.616 26.860
125.959 48.65 25.0500 100.0 23.601 26.792
126.008 48.66 25.0500 100.0 23.611 26.804
126.057 48.67 24.9800 100.0 23.687 27.032
126.106 48.68 25.0700 100.0 23.610 26.760
126.157 48.69 25.0600 100.0 23.633 26.814
126.207 48.70 25.0400 100.0 23.663 26.894
126.257 48.71 25.1100 100.0 23.603 26.678
126.306 48.72 25.0800 100.0 23.642 26.785
126.356 48.73 25.0600 100.0 23.677 26.878
126.406 48.74 25.0600 100.0 23.678 26.864
126.456 48.75 25.1200 100.0 23.630 26.688
126.507 48.76 24.9600 100.0 23.802 27.228
126.555 48.77 25.0700 100.0 23.704 26.888
126.605 48.78 25.0200 100.0 23.760 27.049
126.654 48.79 25.1900 100.0 23.600 26.509
126.705 48.80 25.0700 100.0 23.730 26.913
126.755 48.81 25.0700 100.0 23.740 26.926
126.804 48.82 25.1000 100.0 23.721 26.844
126.854 48.83 25.1300 100.0 23.698 26.750
126.903 48.84 25.0800 100.0 23.766 26.952
126.955 48.85 25.1300 100.0 23.722 26.789
127.004 48.86 25.0700 100.0 23.795 27.005
127.053 48.87 25.0600 100.0 23.813 27.044
127.103 48.88 25.0800 100.0 23.798 26.975
127.152 48.89 25.1800 100.0 23.717 26.692
127.203 48.90 25.1000 100.0 23.797 26.934
127.253 48.91 25.1500 100.0 23.762 26.800
127.302 48.92 25.1000 100.0 23.821 26.975
127.353 48.93 25.1500 100.0 23.778 26.813
127.402 48.94 25.1100 100.0 23.833 26.974
127.452 48.95 25.1100 100.0 23.839 26.974
127.502 48.96 25.1300 100.0 23.832 26.933
127.551 48.97 25.1400 100.0 23.834 26.919
127.601 48.98 25.1600 100.0 23.824 26.865
127.650 48.99 25.1500 100.0 23.846 26.919
127.701 49.00 25.1500 100.0 23.848 26.905
127.751 49.01 25.1800 100.0 23.829 26.824
127.800 49.02 25.1000 100.0 23.921 27.107
127.850 49.03 25.1000 100.0 23.931 27.120
127.899 49.04 25.1400 100.0 23.900 26.998
127.950 49.05 25.1900 100.0 23.865 26.863
128.001 49.06 25.1200 100.0 23.945 27.106
128.050 49.07 25.1700 100.0 23.901 26.944
128.099 49.08 25.1700 100.0 23.911 26.957
128.148 49.09 25.1500 100.0 23.938 27.025
128.199 49.10 25.1500 100.0 23.956 27.065
128.249 49.11 25.1600 100.0 23.950 27.024
128.299 49.12 25.1300 100.0 23.993 27.145
128.348 49.13 25.1800 100.0 23.949 26.983
128.397 49.14 25.1600 100.0 23.980 27.064
128.449 49.15 25.1800 100.0 23.969 27.009
128.499 49.16 25.2100 100.0 23.950 26.929
128.548 49.17 25.2400 100.0 23.931 26.849
128.597 49.18 25.1700 100.0 24.015 27.105
128.647 49.19 25.1500 100.0 24.046 27.186
128.697 49.20 25.2500 100.0 23.957 26.876
128.747 49.21 25.2500 100.0 23.967 26.890
128.797 49.22 25.2300 100.0 23.993 26.958
128.847 49.23 25.1300 100.0 24.103 27.295
128.897 49.24 25.2500 100.0 23.997 26.931
128.945 49.25 25.1600 100.0 24.094 27.227
128.996 49.26 25.2700 100.0 23.996 26.891
129.046 49.27 25.2200 100.0 24.052 27.053
129.095 49.28 25.1400 100.0 24.145 27.336
129.145 49.29 25.3000 100.0 23.989 26.812
129.194 49.30 25.1800 100.0 24.119 27.215
129.246 49.31 25.2100 100.0 24.100 27.135
129.295 49.32 25.1900 100.0 24.135 27.229
129.344 49.33 25.2100 100.0 24.120 27.161
129.394 49.34 25.2600 100.0 24.085 27.027
129.443 49.35 25.2500 100.0 24.107 27.082
129.494 49.36 25.2400 100.0 24.125 27.123
129.544 49.37 25.2200 100.0 24.148 27.177
129.593 49.38 25.2300 100.0 24.154 27.177
129.644 49.39 25.2000 100.0 24.188 27.271
129.693 49.40 25.2400 100.0 24.165 27.177
129.743 49.41 25.2800 100.0 24.130 27.043
129.793 49.42 25.2700 100.0 24.148 27.084
129.843 49.43 25.2500 100.0 24.183 27.179
129.892 49.44 25.2500 100.0 24.197 27.206
129.941 49.45 25.2700 100.0 24.187 27.153
129.992 49.46 25.3000 100.0 24.160 27.046
130.042 49.47 25.2200 100.0 24.252 27.329
130.091 49.48 25.2700 100.0 24.212 27.181
130.141 49.49 25.2600 100.0 24.235 27.235
130.190 49.50 25.2200 100.0 24.282 27.370
130.242 49.51 25.2400 100.0 24.271 27.316
130.291 49.52 25.2700 100.0 24.253 27.236
130.341 49.53 25.2700 100.0 24.258 27.236
130.390 49.54 25.2400 100.0 24.302 27.357
130.439 49.55 25.3100 100.0 24.241 27.143
130.490 49.56 25.2700 100.0 24.297 27.304
130.540 49.57 25.2400 100.0 24.332 27.399
130.591 49.58 25.2500 100.0 24.329 27.372
130.639 49.59 25.2800 100.0 24.310 27.292
130.689 49.60 25.2800 100.0 24.324 27.319
130.739 49.61 25.2000 100.0 24.413 27.588
130.789 49.62 25.3100 100.0 24.316 27.252
130.839 49.63 25.2100 100.0 24.424 27.587
130.888 49.64 25.2900 100.0 24.356 27.346
130.939 49.65 25.2600 100.0 24.395 27.453
130.987 49.66 25.2800 100.0 24.380 27.386
131.038 49.67 25.2600 100.0 24.415 27.480
131.088 49.68 25.3200 100.0 24.367 27.307
131.137 49.69 25.3600 100.0 24.328 27.160
131.187 49.70 25.2900 100.0 24.412 27.415
131.236 49.71 25.2800 100.0 24.430 27.456
131.288 49.72 25.2900 100.0 24.432 27.443
131.337 49.73 25.2900 100.0 24.446 27.470
131.386 49.74 25.3200 100.0 24.423 27.377
131.436 49.75 25.3200 100.0 24.438 27.404
131.485 49.76 25.3500 100.0 24.410 27.298
131.536 49.77 25.3300 100.0 24.445 27.393
131.586 49.78 25.3400 100.0 24.447 27.380
131.636 49.79 25.3700 100.0 24.424 27.287
131.686 49.80 25.3200 100.0 24.483 27.462
131.734 49.81 25.3300 100.0 24.481 27.436
131.785 49.82 25.3200 100.0 24.499 27.477
131.836 49.83 25.3700 100.0 24.460 27.330
131.885 49.84 25.3300 100.0 24.515 27.492
131.934 49.85 25.3600 100.0 24.497 27.413
131.983 49.86 25.3200 100.0 24.544 27.547
132.034 49.87 25.3600 100.0 24.517 27.441
132.084 49.88 25.3600 100.0 24.522 27.441
132.133 49.89 25.4500 100.0 24.442 27.162
132.183 49.90 25.3300 100.0 24.571 27.564
132.232 49.91 25.3500 100.0 24.561 27.512
132.284 49.92 25.3100 100.0 24.616 27.673
132.333 49.93 25.4900 100.0 24.441 27.086
132.382 49.94 25.3500 100.0 24.595 27.568
132.432 49.95 25.3900 100.0 24.564 27.449
132.481 49.96 25.3500 100.0 24.615 27.597
132.532 49.97 25.4100 100.0 24.567 27.424
132.582 49.98 25.3700 100.0 24.610 27.545
132.633 49.99 25.3900 100.0 24.600 27.493
132.681 50.00 25.3300 100.0 24.675 27.721
132.731 50.01 25.3900 100.0 24.620 27.521
132.781 50.02 25.3400 100.0 24.683 27.709
132.831 50.03 25.4000 100.0 24.632 27.522
132.881 50.04 25.3600 100.0 24.683 27.670
132.930 50.05 25.3600 100.0 24.697 27.698
132.980 50.06 25.3800 100.0 24.682 27.631
133.030 50.07 25.3600 100.0 24.713 27.712
133.081 50.08 25.3900 100.0 24.698 27.646
133.131 50.09 25.3700 100.0 24.720 27.700
133.179 50.10 25.3400 100.0 24.763 27.820
133.229 50.11 25.3600 100.0 24.749 27.754
133.278 50.12 25.4300 100.0 24.689 27.541
133.329 50.13 25.4000 100.0 24.732 27.662
133.379 50.14 25.4000 100.0 24.746 27.690
133.428 50.15 25.3900 100.0 24.760 27.717
133.479 50.16 25.4200 100.0 24.745 27.651
133.527 50.17 25.4200 100.0 24.751 27.652
133.578 50.18 25.4100 100.0 24.778 27.720
133.628 50.19 25.4300 100.0 24.759 27.641
133.677 50.20 25.3900 100.0 24.818 27.816
133.727 50.21 25.4700 100.0 24.746 27.562
133.776 50.22 25.4600 100.0 24.764 27.604
133.827 50.23 25.4400 100.0 24.791 27.672
133.877 50.24 25.3700 100.0 24.870 27.913
133.926 50.25 25.4600 100.0 24.798 27.660
133.976 50.26 25.4600 100.0 24.808 27.675
134.026 50.27 25.5000 100.0 24.769 27.529
134.077 50.28 25.4600 100.0 24.828 27.705
134.126 50.29 25.4000 100.0 24.896 27.906
134.175 50.30 25.4700 100.0 24.832 27.680
134.225 50.31 25.4700 100.0 24.846 27.708
134.274 50.32 25.5000 100.0 24.819 27.602
134.325 50.33 25.4100 100.0 24.924 27.924
134.375 50.34 25.4600 100.0 24.884 27.778
134.426 50.35 25.4900 100.0 24.866 27.699
134.474 50.36 25.4600 100.0 24.908 27.821
134.523 50.37 25.4600 100.0 24.918 27.835
134.574 50.38 25.4400 100.0 24.945 27.903
134.624 50.39 25.4000 100.0 24.996 28.050
134.674 50.40 25.4700 100.0 24.932 27.823
134.723 50.41 25.4000 100.0 25.012 28.065
134.773 50.42 25.4300 100.0 24.993 27.984
134.824 50.43 25.4900 100.0 24.942 27.798
134.873 50.44 25.4200 100.0 25.021 28.039
134.923 50.45 25.4700 100.0 24.982 27.893
134.972 50.46 25.5100 100.0 24.955 27.788
135.022 50.47 25.4800 100.0 24.998 27.909
135.072 50.48 25.4800 100.0 25.004 27.910
135.122 50.49 25.5400 100.0 24.953 27.725
135.173 50.50 25.5400 100.0 24.963 27.741
135.222 50.51 25.3600 100.0 25.157 28.356
135.271 50.52 25.4800 100.0 25.040 27.954
135.320 50.53 25.4800 100.0 25.054 27.982
135.371 50.54 25.4900 100.0 25.056 27.970
135.421 50.55 25.4900 100.0 25.062 27.970
135.470 50.56 25.4600 100.0 25.100 28.078
135.520 50.57 25.5000 100.0 25.074 27.973
135.569 50.58 25.5300 100.0 25.051 27.880
135.621 50.59 25.4800 100.0 25.118 28.081
135.671 50.60 25.4400 100.0 25.165 28.215
135.719 50.61 25.5500 100.0 25.060 27.855
135.769 50.62 25.5200 100.0 25.103 27.978
135.818 50.63 25.5200 100.0 25.117 28.005
135.870 50.64 25.5000 100.0 25.139 28.059
135.920 50.65 25.5200 100.0 25.137 28.034
135.968 50.66 25.5300 100.0 25.131 27.995
136.018 50.67 25.5300 100.0 25.141 28.010
136.067 50.68 25.5500 100.0 25.135 27.972
136.118 50.69 25.5000 100.0 25.194 28.146
136.168 50.70 25.4500 100.0 25.253 28.320
136.217 50.71 25.5500 100.0 25.169 28.027
136.267 50.72 25.5400 100.0 25.187 28.068
136.317 50.73 25.5000 100.0 25.234 28.203
136.368 50.74 25.5500 100.0 25.199 28.070
136.417 50.75 25.5200 100.0 25.237 28.178
136.466 50.76 25.5200 100.0 25.247 28.192
136.516 50.77 25.5800 100.0 25.196 28.006
136.565 50.78 25.5700 100.0 25.218 28.062
136.616 50.79 25.5300 100.0 25.261 28.182
136.666 50.80 25.5400 100.0 25.267 28.183
136.717 50.81 25.5200 100.0 25.289 28.238
136.765 50.82 25.4600 100.0 25.361 28.451
136.814 50.83 25.4700 100.0 25.362 28.438
136.865 50.84 25.5500 100.0 25.290 28.185
136.915 50.85 25.5500 100.0 25.309 28.226
136.965 50.86 25.5900 100.0 25.270 28.081
137.014 50.87 25.5400 100.0 25.337 28.282
137.064 50.88 25.5700 100.0 25.310 28.176
137.115 50.89 25.5300 100.0 25.361 28.324
137.164 50.90 25.5700 100.0 25.338 28.232
137.214 50.91 25.5600 100.0 25.357 28.273
137.263 50.92 25.7000 100.0 25.224 27.823
137.313 50.93 25.5200 100.0 25.409 28.410
137.362 50.94 25.5400 100.0 25.403 28.371
137.413 50.95 25.4800 100.0 25.470 28.571
137.463 50.96 25.5800 100.0 25.386 28.278
137.513 50.97 25.5700 100.0 25.404 28.319
137.562 50.98 25.5400 100.0 25.443 28.427
137.611 50.99 25.5500 100.0 25.445 28.414
137.663 51.00 25.5500 100.0 25.451 28.414
137.713 51.01 25.6500 100.0 25.367 28.123
137.761 51.02 25.6300 100.0 25.397 28.205
137.811 51.03 25.5900 100.0 25.448 28.353
137.860 51.04 25.6100 100.0 25.434 28.288
137.911 51.05 25.6000 100.0 25.456 28.342
137.961 51.06 25.5700 100.0 25.499 28.462
138.010 51.07 25.5700 100.0 25.500 28.449
138.060 51.08 25.6100 100.0 25.474 28.345
138.110 51.09 25.5600 100.0 25.537 28.532
138.161 51.10 25.6000 100.0 25.506 28.413
138.210 51.11 25.5600 100.0 25.557 28.560
138.259 51.12 25.6100 100.0 25.514 28.402
138.309 51.13 25.5300 100.0 25.605 28.681
138.358 51.14 25.6300 100.0 25.517 28.376
138.409 51.15 25.5900 100.0 25.568 28.523
138.459 51.16 25.5700 100.0 25.590 28.577
138.509 51.17 25.6100 100.0 25.564 28.472
138.559 51.18 25.6100 100.0 25.570 28.472
138.607 51.19 25.6400 100.0 25.555 28.407
138.658 51.20 25.7200 100.0 25.480 28.144
138.708 51.21 25.5900 100.0 25.624 28.597
138.757 51.22 25.7000 100.0 25.528 28.267
138.807 51.23 25.6400 100.0 25.595 28.467
138.856 51.24 25.6000 100.0 25.642 28.601
138.908 51.25 25.6500 100.0 25.603 28.456
138.958 51.26 25.6100 100.0 25.658 28.617
139.007 51.27 25.5900 100.0 25.680 28.670
139.056 51.28 25.5900 100.0 25.698 28.711
139.106 51.29 25.6300 100.0 25.668 28.592
139.156 51.30 25.6200 100.0 25.682 28.620
139.206 51.31 25.6200 100.0 25.696 28.647
139.256 51.32 25.6100 100.0 25.710 28.674
139.306 51.33 25.6200 100.0 25.712 28.662
139.355 51.34 25.6900 100.0 25.657 28.464
139.404 51.35 25.6400 100.0 25.715 28.638
139.455 51.36 25.6600 100.0 25.701 28.573
139.505 51.37 25.6800 100.0 25.699 28.547
139.554 51.38 25.6300 100.0 25.758 28.721
139.604 51.39 25.6800 100.0 25.719 28.576
139.653 51.40 25.6500 100.0 25.757 28.683
139.704 51.41 25.6600 100.0 25.755 28.658
139.754 51.42 25.6800 100.0 25.741 28.593
139.803 51.43 25.6600 100.0 25.771 28.674
139.853 51.44 25.6400 100.0 25.805 28.768
139.903 51.45 25.6600 100.0 25.795 28.715
139.954 51.46 25.6700 100.0 25.797 28.704
140.003 51.47 25.6300 100.0 25.844 28.837
140.052 51.48 25.6800 100.0 25.805 28.691
140.102 51.49 25.6900 100.0 25.803 28.667
140.151 51.50 25.6400 100.0 25.861 28.840
140.202 51.51 25.6400 100.0 25.880 28.880
140.252 51.52 25.6500 100.0 25.873 28.841
140.301 51.53 25.7100 100.0 25.822 28.657
140.352 51.54 25.7000 100.0 25.849 28.725
140.401 51.55 25.6900 100.0 25.863 28.752
140.451 51.56 25.6800 100.0 25.885 28.806
140.501 51.57 25.6200 100.0 25.956 29.020
140.550 51.58 25.6400 100.0 25.941 28.953
140.600 51.59 25.6900 100.0 25.907 28.821
140.649 51.60 25.7300 100.0 25.876 28.703
140.700 51.61 25.7500 100.0 25.870 28.665
140.750 51.62 25.6800 100.0 25.949 28.905
140.801 51.63 25.6800 100.0 25.951 28.893
140.849 51.64 25.7600 100.0 25.888 28.669
140.898 51.65 25.6900 100.0 25.963 28.896
140.949 51.66 25.7200 100.0 25.940 28.804
140.999 51.67 25.7100 100.0 25.962 28.858
141.049 51.68 25.6700 100.0 26.013 29.005
141.098 51.69 25.6600 100.0 26.039 29.072
141.147 51.70 25.7000 100.0 26.009 28.953
141.199 51.71 25.6900 100.0 26.027 28.994
141.249 51.72 25.7500 100.0 25.976 28.809
141.298 51.73 25.7300 100.0 26.002 28.877
141.347 51.74 25.7200 100.0 26.028 28.945
141.397 51.75 25.6500 100.0 26.108 29.184
141.447 51.76 25.8100 100.0 25.959 28.681
141.497 51.77 25.6700 100.0 26.107 29.147
141.547 51.78 25.7000 100.0 26.085 29.054
141.597 51.79 25.7300 100.0 26.066 28.976
141.647 51.80 25.7000 100.0 26.101 29.069
141.696 51.81 25.7300 100.0 26.082 28.991
141.746 51.82 25.7100 100.0 26.113 29.071
141.797 51.83 25.7000 100.0 26.131 29.111
141.845 51.84 25.7000 100.0 26.149 29.152
141.895 51.85 25.7100 100.0 26.143 29.113
141.944 51.86 25.7200 100.0 26.140 29.087
141.995 51.87 25.7600 100.0 26.118 28.995
142.045 51.89 25.6600 100.0 26.221 29.314
142.094 51.90 25.7500 100.0 26.150 29.062
142.145 51.91 25.7300 100.0 26.172 29.117
142.194 51.92 25.6900 100.0 26.227 29.277
142.245 51.93 25.7300 100.0 26.192 29.144
142.294 51.94 25.7400 100.0 26.194 29.132
142.343 51.95 25.7700 100.0 26.172 29.041
142.393 51.96 25.7900 100.0 26.169 29.015
142.442 51.97 25.6600 100.0 26.302 29.427
142.493 51.98 25.7200 100.0 26.254 29.254
142.543 51.99 25.7400 100.0 26.248 29.216
142.593 52.00 25.8200 100.0 26.177 28.966
142.642 52.01 25.7000 100.0 26.309 29.377
142.691 52.02 25.7300 100.0 26.282 29.271
142.742 52.03 25.7500 100.0 26.280 29.245
142.792 52.04 25.7500 100.0 26.282 29.234
142.841 52.05 25.7800 100.0 26.268 29.168
142.891 52.06 25.7300 100.0 26.327 29.341
142.941 52.07 25.7500 100.0 26.316 29.288
142.992 52.08 25.7300 100.0 26.347 29.368
143.041 52.09 25.7100 100.0 26.373 29.435
143.091 52.10 25.8300 100.0 26.265 29.066
143.140 52.11 25.7900 100.0 26.312 29.200
143.189 52.12 25.7700 100.0 26.342 29.280
143.240 52.13 25.6800 100.0 26.441 29.585
143.290 52.14 25.8100 100.0 26.329 29.201
143.340 52.15 25.7500 100.0 26.396 29.401
143.390 52.16 25.7300 100.0 26.423 29.467
143.439 52.17 25.7900 100.0 26.372 29.283
143.489 52.18 25.8100 100.0 26.369 29.257
143.539 52.19 25.7400 100.0 26.444 29.483
143.589 52.20 25.8400 100.0 26.357 29.180
143.638 52.21 25.7200 100.0 26.481 29.564
143.688 52.22 25.7700 100.0 26.442 29.419
143.737 52.23 25.8000 100.0 26.424 29.341
143.788 52.24 25.7900 100.0 26.450 29.408
143.838 52.25 25.7900 100.0 26.452 29.396
143.888 52.26 25.7800 100.0 26.478 29.462
143.937 52.27 25.8100 100.0 26.459 29.384
143.986 52.28 25.8100 100.0 26.469 29.398
144.037 52.29 25.7900 100.0 26.496 29.465
144.087 52.30 25.7500 100.0 26.546 29.611
144.136 52.31 25.8000 100.0 26.504 29.453
144.186 52.32 25.8100 100.0 26.501 29.428
144.235 52.33 25.8100 100.0 26.519 29.468
144.287 52.34 25.8300 100.0 26.509 29.416
144.336 52.35 25.7900 100.0 26.552 29.536
144.385 52.36 25.7900 100.0 26.570 29.576
144.435 52.37 25.7500 100.0 26.613 29.696
144.484 52.38 25.8000 100.0 26.578 29.564
144.535 52.39 25.8300 100.0 26.551 29.459
144.585 52.40 25.8000 100.0 26.594 29.579
144.635 52.41 25.8000 100.0 26.604 29.593
144.684 52.42 25.7800 100.0 26.634 29.673
144.733 52.43 25.8100 100.0 26.616 29.594
144.784 52.44 25.7900 100.0 26.650 29.687
144.834 52.45 25.8300 100.0 26.611 29.542
144.883 52.46 25.7400 100.0 26.715 29.859
144.933 52.47 25.8200 100.0 26.643 29.609
144.983 52.48 25.8100 100.0 26.662 29.649
145.033 52.49 25.7600 100.0 26.728 29.848
145.083 52.50 25.8500 100.0 26.645 29.558
145.132 52.51 25.8300 100.0 26.676 29.638
145.182 52.52 25.8200 100.0 26.698 29.691
145.231 52.53 25.8100 100.0 26.716 29.731
145.282 52.54 25.7700 100.0 26.766 29.877
145.332 52.55 25.8500 100.0 26.691 29.613
145.383 52.56 25.8100 100.0 26.750 29.785
145.431 52.57 25.7900 100.0 26.772 29.839
145.481 52.58 25.8600 100.0 26.717 29.641
145.531 52.59 25.8200 100.0 26.764 29.774
145.581 52.60 25.8100 100.0 26.782 29.814
145.631 52.61 25.9000 100.0 26.711 29.564
145.680 52.62 25.8400 100.0 26.773 29.750
145.730 52.63 25.8900 100.0 26.739 29.619
145.779 52.64 25.8500 100.0 26.781 29.739
145.830 52.65 25.8400 100.0 26.803 29.793
145.880 52.66 25.9100 100.0 26.749 29.596
145.930 52.67 25.8400 100.0 26.827 29.834
145.979 52.68 25.8300 100.0 26.850 29.888
146.028 52.69 25.8700 100.0 26.815 29.757
146.079 52.70 25.8600 100.0 26.833 29.797
146.129 52.71 25.8500 100.0 26.851 29.837
146.178 52.72 25.8500 100.0 26.865 29.864
146.228 52.73 25.8700 100.0 26.855 29.812
146.277 52.74 25.8600 100.0 26.877 29.866
146.329 52.75 25.8900 100.0 26.855 29.774
146.378 52.76 25.9000 100.0 26.861 29.775
146.427 52.77 25.9000 100.0 26.863 29.763
146.477 52.78 25.8800 100.0 26.893 29.844
146.526 52.79 25.8600 100.0 26.923 29.923
146.577 52.80 25.8700 100.0 26.925 29.911
146.627 52.81 25.8400 100.0 26.968 30.030
146.676 52.82 25.9200 100.0 26.901 29.794
146.727 52.83 25.9000 100.0 26.927 29.860
146.776 52.84 25.8500 100.0 26.981 30.020
146.826 52.85 25.8700 100.0 26.971 29.968
146.876 52.86 25.8600 100.0 26.993 30.021
146.925 52.87 25.8600 100.0 27.003 30.034
146.975 52.88 25.9200 100.0 26.953 29.850
147.024 52.89 25.9100 100.0 26.975 29.904
147.075 52.90 25.8400 100.0 27.054 30.142
147.126 52.91 25.9000 100.0 27.003 29.958
147.175 52.92 25.9400 100.0 26.980 29.867
147.224 52.93 25.8600 100.0 27.063 30.118
147.273 52.94 25.8900 100.0 27.049 30.053
147.324 52.95 25.9000 100.0 27.051 30.040
147.374 52.96 25.9000 100.0 27.061 30.054
147.424 52.97 25.8900 100.0 27.079 30.094
147.474 52.98 25.9600 100.0 27.016 29.871
147.523 52.99 25.8700 100.0 27.115 30.175
147.573 53.00 25.8600 100.0 27.133 30.215
147.624 53.01 25.8600 100.0 27.143 30.228
147.674 53.02 25.8800 100.0 27.137 30.188
147.723 53.03 25.9100 100.0 27.115 30.097
147.772 53.04 25.9000 100.0 27.141 30.163
147.822 53.05 25.8500 100.0 27.196 30.322
147.872 53.06 25.8600 100.0 27.194 30.295
147.922 53.07 25.9200 100.0 27.143 30.111
147.971 53.08 25.9200 100.0 27.161 30.152
148.021 53.09 25.9100 100.0 27.175 30.179
148.071 53.10 25.8800 100.0 27.213 30.284
148.122 53.11 25.8700 100.0 27.236 30.337
148.171 53.12 25.9200 100.0 27.197 30.192
148.220 53.13 25.8500 100.0 27.280 30.443
148.270 53.14 25.9400 100.0 27.201 30.166
148.319 53.15 25.8300 100.0 27.312 30.509
148.370 53.16 25.8900 100.0 27.265 30.338
148.420 53.17 25.8900 100.0 27.279 30.364
148.469 53.18 25.9200 100.0 27.257 30.272
148.520 53.19 25.9100 100.0 27.279 30.325
148.569 53.20 25.8400 100.0 27.358 30.562
148.619 53.21 25.9000 100.0 27.311 30.391
148.669 53.22 25.8900 100.0 27.329 30.430
148.718 53.23 25.9400 100.0 27.287 30.273
148.768 53.24 25.8500 100.0 27.382 30.563
148.817 53.25 25.8800 100.0 27.367 30.496
148.868 53.26 25.9300 100.0 27.325 30.339
148.919 53.27 25.9200 100.0 27.351 30.405
148.967 53.28 25.9000 100.0 27.373 30.457
149.017 53.29 25.9200 100.0 27.367 30.418
149.066 53.30 25.9100 100.0 27.389 30.471
149.117 53.31 25.9200 100.0 27.383 30.432
149.167 53.32 25.9000 100.0 27.413 30.511
149.216 53.33 25.8700 100.0 27.460 30.642
149.266 53.34 25.9200 100.0 27.413 30.471
149.315 53.35 25.9500 100.0 27.395 30.392
149.367 53.36 25.9100 100.0 27.445 30.538
149.416 53.37 25.9400 100.0 27.423 30.446
149.466 53.38 25.9300 100.0 27.445 30.499
149.515 53.39 25.9600 100.0 27.431 30.434
149.564 53.40 25.8900 100.0 27.506 30.658
149.615 53.41 25.9200 100.0 27.483 30.565
149.665 53.42 25.9600 100.0 27.461 30.474
149.715 53.43 25.9700 100.0 27.459 30.448
149.764 53.44 25.8700 100.0 27.562 30.764
149.814 53.45 25.9500 100.0 27.495 30.526
149.864 53.46 25.9300 100.0 27.525 30.606
149.914 53.47 25.9000 100.0 27.567 30.724
149.964 53.48 26.0100 100.0 27.464 30.369
150.014 53.49 25.9900 100.0 27.499 30.462
150.063 53.50 25.9000 100.0 27.602 30.778
150.112 53.51 25.9300 100.0 27.579 30.686
150.163 53.52 25.9100 100.0 27.609 30.765
150.213 53.53 25.9800 100.0 27.551 30.554
150.262 53.54 25.9300 100.0 27.609 30.726
150.312 53.55 25.9700 100.0 27.575 30.594
150.361 53.56 25.9300 100.0 27.625 30.740
150.412 53.57 25.9300 100.0 27.635 30.753
150.463 53.58 25.8800 100.0 27.698 30.936
150.511 53.59 25.9000 100.0 27.684 30.870
150.561 53.60 25.9600 100.0 27.637 30.698
150.610 53.61 25.9800 100.0 27.623 30.633
150.661 53.62 25.9800 100.0 27.637 30.660
150.711 53.63 26.0000 100.0 27.627 30.608
150.760 53.64 25.9200 100.0 27.717 30.884
150.811 53.65 25.9100 100.0 27.740 30.936
150.860 53.66 25.8700 100.0 27.790 31.081
150.910 53.67 25.9900 100.0 27.675 30.685
150.960 53.68 25.9100 100.0 27.770 30.975
151.009 53.69 25.9900 100.0 27.699 30.725
151.059 53.70 25.9400 100.0 27.757 30.896
151.108 53.71 25.9700 100.0 27.739 30.817
151.159 53.72 25.9300 100.0 27.785 30.949
151.209 53.73 25.9600 100.0 27.763 30.856
151.259 53.74 25.9500 100.0 27.789 30.921
151.308 53.75 25.9300 100.0 27.819 31.000
151.357 53.76 26.0100 100.0 27.749 30.750
151.408 53.77 25.9800 100.0 27.791 30.869
151.458 53.78 25.9800 100.0 27.801 30.882
151.507 53.79 25.9400 100.0 27.843 31.001
151.557 53.80 25.9800 100.0 27.813 30.882
151.607 53.81 25.9500 100.0 27.855 31.001
151.657 53.82 25.9400 100.0 27.877 31.053
151.707 53.83 25.9800 100.0 27.851 30.947
151.757 53.84 26.0200 100.0 27.821 30.830
151.807 53.85 25.9700 100.0 27.875 30.987
151.856 53.86 25.9800 100.0 27.877 30.974
151.906 53.87 25.9800 100.0 27.891 31.000
151.956 53.88 26.0000 100.0 27.877 30.935
152.006 53.89 25.9800 100.0 27.911 31.027
152.055 53.90 25.8700 100.0 28.026 31.382
152.105 53.91 25.9700 100.0 27.939 31.078
152.155 53.92 25.9600 100.0 27.957 31.117
152.206 53.93 25.9400 100.0 27.991 31.209
152.255 53.94 26.0400 100.0 27.893 30.867
152.304 53.95 25.9300 100.0 28.016 31.249
152.354 53.96 25.9400 100.0 28.022 31.247
152.403 53.97 26.0000 100.0 27.967 31.049
152.454 53.98 26.0300 100.0 27.949 30.971
152.504 53.99 26.0200 100.0 27.963 30.998
152.553 54.00 26.0300 100.0 27.965 30.986
152.603 54.01 26.0000 100.0 28.011 31.117
152.653 54.02 25.9900 100.0 28.025 31.143
152.703 54.03 26.0200 100.0 28.007 31.064
152.753 54.04 26.0200 100.0 28.013 31.065
152.802 54.05 26.0400 100.0 28.003 31.013
152.852 54.06 25.9900 100.0 28.065 31.197
152.901 54.07 25.9900 100.0 28.079 31.223
152.952 54.08 26.0700 100.0 28.008 30.974
153.003 54.09 26.0000 100.0 28.087 31.210
153.051 54.10 26.0300 100.0 28.069 31.132
153.101 54.11 25.8900 100.0 28.220 31.605
153.150 54.12 26.0000 100.0 28.117 31.248
153.201 54.13 25.9800 100.0 28.151 31.340
153.251 54.14 26.0300 100.0 28.105 31.169
153.300 54.15 25.9700 100.0 28.179 31.392
153.350 54.16 26.0400 100.0 28.121 31.182
153.399 54.17 25.9800 100.0 28.191 31.392
153.451 54.18 26.0600 100.0 28.121 31.142
153.501 54.19 25.9800 100.0 28.203 31.392
153.550 54.20 26.0200 100.0 28.177 31.286
153.600 54.21 26.0000 100.0 28.211 31.378
153.648 54.22 26.0000 100.0 28.221 31.391
153.699 54.23 26.0300 100.0 28.195 31.286
153.750 54.24 25.9900 100.0 28.249 31.443
153.799 54.25 25.9700 100.0 28.275 31.508
153.848 54.26 26.0300 100.0 28.229 31.337
153.897 54.27 26.0200 100.0 28.243 31.363
153.948 54.28 26.0200 100.0 28.261 31.403
153.998 54.29 26.0300 100.0 28.255 31.363
154.048 54.30 25.9700 100.0 28.326 31.572
154.097 54.31 25.9900 100.0 28.319 31.532
154.147 54.32 25.9500 100.0 28.370 31.675
154.197 54.33 25.9300 100.0 28.400 31.753
154.248 54.34 25.9800 100.0 28.354 31.581
154.297 54.35 25.9800 100.0 28.364 31.594
154.346 54.36 25.9900 100.0 28.365 31.580
154.396 54.37 26.0100 100.0 28.359 31.539
154.445 54.38 26.0400 100.0 28.337 31.447
154.496 54.39 26.0200 100.0 28.371 31.540
154.546 54.40 26.0500 100.0 28.349 31.447
154.596 54.41 26.0600 100.0 28.347 31.421
154.646 54.42 25.9800 100.0 28.434 31.684
154.694 54.43 26.0400 100.0 28.387 31.512
154.745 54.44 25.9900 100.0 28.450 31.696
154.795 54.45 26.0400 100.0 28.407 31.537
154.844 54.46 26.0200 100.0 28.433 31.603
154.894 54.47 25.9800 100.0 28.492 31.773
154.943 54.48 26.0500 100.0 28.425 31.536
154.994 54.49 25.9700 100.0 28.516 31.811
155.045 54.50 25.9800 100.0 28.522 31.810
155.093 54.51 26.0700 100.0 28.435 31.507
155.143 54.52 26.0100 100.0 28.509 31.730
155.192 54.53 26.0200 100.0 28.507 31.703
155.243 54.54 26.0200 100.0 28.513 31.703
155.293 54.55 26.0600 100.0 28.491 31.610
155.342 54.56 26.0100 100.0 28.545 31.768
155.392 54.57 26.0500 100.0 28.519 31.662
155.442 54.58 26.0800 100.0 28.497 31.570
155.492 54.59 26.0200 100.0 28.572 31.793
155.542 54.60 26.0900 100.0 28.505 31.557
155.592 54.61 26.0400 100.0 28.567 31.740
155.642 54.62 26.0100 100.0 28.605 31.845
155.690 54.63 26.0400 100.0 28.587 31.765
155.741 54.64 26.0700 100.0 28.569 31.686
155.791 54.65 26.0100 100.0 28.635 31.883
155.841 54.66 25.9900 100.0 28.666 31.961
155.890 54.67 26.0100 100.0 28.656 31.907
155.939 54.68 26.0400 100.0 28.641 31.841
155.990 54.69 26.0200 100.0 28.667 31.905
156.041 54.70 26.0700 100.0 28.625 31.748
156.091 54.71 26.0400 100.0 28.671 31.879
156.139 54.72 26.0800 100.0 28.641 31.760
156.189 54.73 26.0500 100.0 28.679 31.865
156.239 54.74 26.0400 100.0 28.702 31.917
156.289 54.75 26.0400 100.0 28.703 31.903
156.339 54.76 26.0700 100.0 28.689 31.837
156.388 54.77 26.0300 100.0 28.736 31.968
156.438 54.78 26.0200 100.0 28.754 32.006
156.487 54.79 26.0500 100.0 28.735 31.927
156.539 54.80 26.0800 100.0 28.713 31.835
156.588 54.81 26.0700 100.0 28.735 31.887
156.637 54.82 26.0100 100.0 28.806 32.096
156.687 54.83 26.0400 100.0 28.787 32.016
156.736 54.84 26.0400 100.0 28.797 32.028
156.787 54.85 26.0100 100.0 28.836 32.133
156.837 54.86 26.0300 100.0 28.830 32.092
156.886 54.87 26.0100 100.0 28.856 32.157
156.937 54.88 26.0800 100.0 28.797 31.946
156.986 54.89 26.1400 100.0 28.743 31.750
157.036 54.90 26.0800 100.0 28.821 31.986
157.086 54.91 26.0200 100.0 28.884 32.169
157.135 54.92 26.0100 100.0 28.906 32.220
157.185 54.93 26.0600 100.0 28.864 32.062
157.234 54.94 26.0800 100.0 28.853 32.009
157.285 54.95 26.0700 100.0 28.879 32.074
157.335 54.96 26.0600 100.0 28.897 32.113
157.385 54.97 26.0200 100.0 28.948 32.256
157.434 54.98 25.9900 100.0 28.986 32.360
157.483 54.99 26.0500 100.0 28.940 32.187
157.534 55.00 26.0400 100.0 28.954 32.213
157.584 55.01 26.0400 100.0 28.972 32.252
157.633 55.02 26.0400 100.0 28.978 32.250
157.683 55.03 26.0800 100.0 28.951 32.145
157.732 55.04 26.0800 100.0 28.961 32.157
157.783 55.05 26.0500 100.0 29.000 32.261
157.833 55.06 26.0300 100.0 29.026 32.326
157.882 55.07 26.0800 100.0 28.983 32.168
157.932 55.08 26.0600 100.0 29.022 32.271
157.982 55.09 25.9900 100.0 29.096 32.494
158.033 55.10 26.0800 100.0 29.014 32.204
158.083 55.11 26.0600 100.0 29.044 32.282
158.132 55.12 26.0100 100.0 29.106 32.464
158.181 55.13 26.0300 100.0 29.096 32.411
158.231 55.14 26.1400 100.0 28.997 32.069
158.281 55.15 26.0600 100.0 29.088 32.344
158.331 55.16 26.0600 100.0 29.098 32.356
158.381 55.17 26.0000 100.0 29.164 32.552
158.430 55.18 26.1200 100.0 29.061 32.196
158.481 55.19 26.0500 100.0 29.140 32.432
158.530 55.20 26.1000 100.0 29.097 32.273
158.580 55.21 26.0800 100.0 29.132 32.365
158.630 55.22 25.9900 100.0 29.226 32.652
158.679 55.23 26.1000 100.0 29.132 32.323
158.729 55.24 26.0800 100.0 29.154 32.375
158.778 55.25 26.0600 100.0 29.184 32.453
158.829 55.26 26.0800 100.0 29.174 32.399
158.879 55.27 26.0200 100.0 29.248 32.621
158.929 55.28 26.0600 100.0 29.218 32.501
158.978 55.29 26.1400 100.0 29.151 32.265
159.027 55.30 26.1000 100.0 29.194 32.383
159.078 55.31 26.1400 100.0 29.171 32.290
159.128 55.32 26.0800 100.0 29.238 32.487
159.177 55.33 26.0200 100.0 29.308 32.695
159.227 55.34 26.0900 100.0 29.250 32.484
159.276 55.35 26.1400 100.0 29.203 32.314
159.327 55.36 26.0500 100.0 29.306 32.628
159.378 55.37 26.0500 100.0 29.316 32.639
159.426 55.38 26.1000 100.0 29.274 32.481
159.476 55.39 26.1200 100.0 29.272 32.454
159.525 55.40 26.1800 100.0 29.221 32.271
159.577 55.41 26.0200 100.0 29.392 32.808
159.626 55.42 26.0600 100.0 29.354 32.662
159.675 55.43 26.0600 100.0 29.372 32.699
159.725 55.44 26.1300 100.0 29.310 32.476
159.774 55.45 26.1100 100.0 29.340 32.554
159.825 55.46 26.0600 100.0 29.394 32.710
159.875 55.47 26.0700 100.0 29.396 32.696
159.924 55.48 26.1400 100.0 29.341 32.498
159.975 55.49 26.0800 100.0 29.412 32.707
160.023 55.50 26.0800 100.0 29.422 32.719
160.074 55.51 26.0800 100.0 29.424 32.705
160.124 55.52 26.0900 100.0 29.430 32.704
160.174 55.53 26.1000 100.0 29.424 32.664
160.223 55.54 26.1300 100.0 29.406 32.585
160.272 55.55 26.0300 100.0 29.516 32.925
160.323 55.56 26.0600 100.0 29.502 32.857
160.374 55.57 26.1300 100.0 29.436 32.620
160.423 55.58 26.0600 100.0 29.514 32.855
160.472 55.59 26.1000 100.0 29.488 32.749
160.522 55.60 26.0800 100.0 29.518 32.826
160.572 55.61 26.0900 100.0 29.520 32.812
160.622 55.62 26.1000 100.0 29.514 32.772
160.672 55.63 26.1100 100.0 29.520 32.771
160.722 55.64 26.1100 100.0 29.530 32.783
160.772 55.65 26.1000 100.0 29.548 32.821
160.820 55.66 26.0600 100.0 29.594 32.952
160.871 55.67 26.0900 100.0 29.580 32.884
160.921 55.68 26.0100 100.0 29.667 33.145
160.970 55.69 26.1300 100.0 29.556 32.763
161.020 55.70 26.1300 100.0 29.566 32.776
161.069 55.71 26.0900 100.0 29.620 32.932
161.121 55.72 26.1100 100.0 29.610 32.878
161.171 55.73 26.0800 100.0 29.644 32.969
161.219 55.74 26.1000 100.0 29.638 32.928
161.269 55.75 26.1200 100.0 29.628 32.875
161.318 55.76 26.1300 100.0 29.630 32.861
161.369 55.77 26.0800 100.0 29.688 33.030
161.419 55.78 26.0800 100.0 29.702 33.055
161.468 55.79 26.0700 100.0 29.716 33.080
161.518 55.80 26.1400 100.0 29.662 32.882
161.568 55.81 26.1000 100.0 29.712 33.025
161.618 55.82 26.1000 100.0 29.718 33.024
161.668 55.83 26.0700 100.0 29.756 33.127
161.717 55.84 26.1200 100.0 29.722 32.995
161.768 55.85 26.1800 100.0 29.672 32.811
161.817 55.86 26.0800 100.0 29.774 33.125
161.867 55.87 26.0900 100.0 29.780 33.123
161.917 55.88 26.0800 100.0 29.794 33.148
161.966 55.89 26.1000 100.0 29.784 33.094
162.016 55.90 26.1100 100.0 29.790 33.093
162.065 55.91 26.0600 100.0 29.844 33.249
162.116 55.92 26.0900 100.0 29.830 33.181
162.166 55.93 26.1500 100.0 29.780 32.997
162.217 55.94 26.1300 100.0 29.810 33.075
162.265 55.95 26.0900 100.0 29.860 33.217
162.314 55.96 26.1000 100.0 29.854 33.177
162.365 55.97 26.0900 100.0 29.876 33.228
162.415 55.98 26.1400 100.0 29.838 33.082
162.465 55.99 26.0900 100.0 29.900 33.264
162.514 56.00 26.1200 100.0 29.878 33.171
162.564 56.01 26.1100 100.0 29.900 33.222
162.615 56.02 26.1200 100.0 29.898 33.195
162.664 56.03 26.0800 100.0 29.952 33.351
162.714 56.04 26.1100 100.0 29.930 33.257
162.763 56.05 26.1000 100.0 29.948 33.295
162.813 56.06 26.0000 100.0 30.055 33.621
162.862 56.07 26.0800 100.0 29.988 33.383
162.913 56.08 26.1000 100.0 29.982 33.342
162.963 56.09 26.1100 100.0 29.976 33.301
163.013 56.10 26.0800 100.0 30.022 33.430
163.062 56.11 26.1200 100.0 29.984 33.285
163.111 56.12 26.1700 100.0 29.946 33.140
163.162 56.13 26.1200 100.0 30.008 33.322
163.212 56.14 26.1400 100.0 29.994 33.256
163.261 56.15 26.1200 100.0 30.032 33.359
163.311 56.16 26.0900 100.0 30.070 33.462
163.360 56.17 26.1100 100.0 30.056 33.396
163.412 56.18 26.1400 100.0 30.034 33.303
163.462 56.19 26.1800 100.0 30.012 33.210
163.510 56.20 26.1200 100.0 30.074 33.392
163.561 56.21 26.1100 100.0 30.096 33.444
163.609 56.22 26.1200 100.0 30.102 33.442
163.661 56.23 26.1100 100.0 30.120 33.480
163.711 56.24 26.1000 100.0 30.138 33.517
163.759 56.25 26.1000 100.0 30.153 33.542
163.809 56.26 26.1800 100.0 30.078 33.279
163.858 56.27 26.1100 100.0 30.160 33.527
163.909 56.28 26.1300 100.0 30.150 33.473
163.959 56.29 26.1100 100.0 30.177 33.537
164.008 56.30 26.1100 100.0 30.190 33.561
164.058 56.31 26.1600 100.0 30.148 33.403
164.108 56.32 26.0400 100.0 30.279 33.807
164.159 56.33 26.0600 100.0 30.265 33.740
164.208 56.34 26.1600 100.0 30.182 33.450
164.257 56.35 26.1200 100.0 30.228 33.579
164.307 56.36 26.1000 100.0 30.255 33.643
164.356 56.37 26.1000 100.0 30.265 33.655
164.407 56.38 26.2100 100.0 30.170 33.326
164.457 56.39 26.1000 100.0 30.285 33.679
164.507 56.40 26.1400 100.0 30.262 33.585
164.557 56.41 26.1000 100.0 30.305 33.702
164.606 56.42 26.0900 100.0 30.331 33.765
164.656 56.43 26.1900 100.0 30.240 33.450
164.706 56.44 26.1900 100.0 30.250 33.462
164.756 56.45 26.0900 100.0 30.361 33.801
164.805 56.46 26.1200 100.0 30.339 33.708
164.855 56.47 26.2100 100.0 30.264 33.445
164.904 56.48 26.1200 100.0 30.355 33.719
164.956 56.49 26.1300 100.0 30.361 33.717
165.005 56.50 26.1500 100.0 30.350 33.663
165.054 56.51 26.1500 100.0 30.357 33.663
165.104 56.52 26.1300 100.0 30.391 33.753
165.153 56.53 26.1100 100.0 30.421 33.829
165.204 56.54 26.2000 100.0 30.342 33.553
165.254 56.55 26.1600 100.0 30.393 33.696
165.304 56.56 26.1500 100.0 30.410 33.734
165.354 56.57 26.1300 100.0 30.437 33.798
165.402 56.58 26.1200 100.0 30.455 33.836
165.453 56.59 26.1600 100.0 30.428 33.730
165.503 56.60 26.1200 100.0 30.479 33.872
165.552 56.61 26.1200 100.0 30.485 33.870
165.602 56.62 26.1100 100.0 30.507 33.921
165.651 56.63 26.1600 100.0 30.469 33.776
165.702 56.64 26.1300 100.0 30.511 33.892
165.752 56.65 26.1400 100.0 30.513 33.877
165.801 56.66 26.1500 100.0 30.511 33.849
165.851 56.67 26.1100 100.0 30.561 33.992
165.901 56.68 26.1000 100.0 30.575 34.016
165.952 56.69 26.2300 100.0 30.464 33.636
166.001 56.70 26.1400 100.0 30.559 33.922
166.050 56.71 26.1300 100.0 30.577 33.960
166.100 56.72 26.1300 100.0 30.591 33.984
166.149 56.73 26.1400 100.0 30.589 33.956
166.200 56.74 26.1400 100.0 30.603 33.981
166.250 56.75 26.1000 100.0 30.649 34.110
166.299 56.76 26.1000 100.0 30.659 34.121
166.350 56.77 26.1500 100.0 30.621 33.975
166.399 56.78 26.1200 100.0 30.655 34.065
166.449 56.79 26.0400 100.0 30.745 34.338
166.499 56.80 26.1200 100.0 30.675 34.086
166.549 56.81 26.1200 100.0 30.693 34.124
166.598 56.82 26.1300 100.0 30.691 34.096
166.647 56.83 26.1600 100.0 30.669 34.002
166.699 56.84 26.1400 100.0 30.703 34.092
166.749 56.85 26.1700 100.0 30.685 34.013
166.798 56.86 26.1600 100.0 30.699 34.037
166.847 56.87 26.1700 100.0 30.705 34.036
166.897 56.88 26.1700 100.0 30.707 34.021
166.947 56.89 26.1300 100.0 30.761 34.177
166.997 56.90 26.1200 100.0 30.775 34.201
167.047 56.91 26.1200 100.0 30.793 34.238
167.096 56.92 26.1700 100.0 30.755 34.093
167.146 56.93 26.1100 100.0 30.817 34.274
167.196 56.94 26.1900 100.0 30.751 34.037
167.247 56.95 26.1600 100.0 30.793 34.153
167.296 56.96 26.1200 100.0 30.839 34.282
167.345 56.97 26.1800 100.0 30.793 34.110
167.395 56.98 26.1900 100.0 30.791 34.083
167.444 56.99 26.1400 100.0 30.849 34.251
167.495 57.00 26.1400 100.0 30.855 34.250
167.546 57.01 26.1500 100.0 30.857 34.235
167.594 57.02 26.1400 100.0 30.875 34.273
167.644 57.03 26.2300 100.0 30.805 34.023
167.693 57.04 26.1300 100.0 30.907 34.336
167.744 57.05 26.0800 100.0 30.969 34.516
167.795 57.06 26.1600 100.0 30.903 34.279
167.843 57.07 26.2000 100.0 30.869 34.147
167.893 57.08 26.1800 100.0 30.903 34.237
167.942 57.09 26.1700 100.0 30.921 34.274
167.993 57.10 26.1500 100.0 30.951 34.351
168.043 57.11 26.1400 100.0 30.969 34.389
168.092 57.12 26.1500 100.0 30.967 34.361
168.142 57.13 26.1400 100.0 30.985 34.398
168.192 57.14 26.1800 100.0 30.959 34.292
168.243 57.15 26.1100 100.0 31.041 34.539
168.292 57.16 26.1700 100.0 30.987 34.340
168.341 57.17 26.1100 100.0 31.061 34.561
168.391 57.18 26.0900 100.0 31.087 34.624
168.440 57.19 26.2100 100.0 30.985 34.269
168.491 57.20 26.1100 100.0 31.087 34.581
168.541 57.21 26.1900 100.0 31.025 34.357
168.591 57.22 26.1400 100.0 31.079 34.512
168.641 57.23 26.1600 100.0 31.073 34.471
168.689 57.24 26.1800 100.0 31.063 34.417
168.740 57.25 26.1400 100.0 31.109 34.546
168.790 57.26 26.2100 100.0 31.051 34.335
168.840 57.27 26.1900 100.0 31.077 34.399
168.889 57.28 26.1900 100.0 31.095 34.438
168.939 57.29 26.1300 100.0 31.157 34.619
168.989 57.30 26.1700 100.0 31.131 34.512
169.040 57.31 26.1900 100.0 31.121 34.458
169.089 57.32 26.1700 100.0 31.155 34.548
169.138 57.33 26.1400 100.0 31.193 34.651
169.188 57.34 26.3300 100.0 31.011 34.036
169.237 57.35 26.1700 100.0 31.181 34.570
169.288 57.36 26.1800 100.0 31.183 34.556
169.338 57.37 26.1200 100.0 31.245 34.737
169.388 57.38 26.1400 100.0 31.239 34.696
169.438 57.39 26.1400 100.0 31.249 34.706
169.486 57.40 26.1600 100.0 31.243 34.666
169.538 57.41 26.1200 100.0 31.285 34.781
169.588 57.42 26.2100 100.0 31.211 34.517
169.636 57.43 26.1800 100.0 31.253 34.634
169.686 57.44 26.1300 100.0 31.312 34.802
169.735 57.45 26.1600 100.0 31.293 34.721
169.786 57.46 26.1800 100.0 31.283 34.667
169.836 57.47 26.1300 100.0 31.337 34.822
169.885 57.48 26.1500 100.0 31.327 34.768
169.936 57.49 26.1800 100.0 31.313 34.700
169.984 57.50 26.1600 100.0 31.339 34.764
170.035 57.51 26.1800 100.0 31.333 34.723
170.085 57.52 26.2100 100.0 31.307 34.616
170.134 57.53 26.1700 100.0 31.366 34.785
170.184 57.54 26.1800 100.0 31.359 34.744
170.233 57.55 26.1700 100.0 31.386 34.808
170.284 57.56 26.2000 100.0 31.363 34.714
170.335 57.57 26.2000 100.0 31.373 34.726
170.383 57.58 26.1900 100.0 31.391 34.763
170.433 57.59 26.1700 100.0 31.417 34.827
170.482 57.60 26.1700 100.0 31.436 34.865
170.533 57.61 26.1800 100.0 31.429 34.824
170.583 57.62 26.1700 100.0 31.451 34.874
170.632 57.63 26.0900 100.0 31.542 35.146
170.683 57.64 26.1400 100.0 31.500 34.986
170.732 57.65 26.1600 100.0 31.494 34.945
170.782 57.66 26.1300 100.0 31.528 35.034
170.832 57.67 26.1300 100.0 31.542 35.058
170.882 57.68 26.2100 100.0 31.471 34.807
170.931 57.69 26.1700 100.0 31.518 34.937
170.981 57.70 26.1800 100.0 31.523 34.935
171.031 57.71 26.1900 100.0 31.526 34.920
171.081 57.72 26.2200 100.0 31.499 34.814
171.132 57.73 26.2000 100.0 31.533 34.904
171.180 57.74 26.1700 100.0 31.576 35.020
171.230 57.75 26.2200 100.0 31.533 34.861
171.279 57.76 26.1900 100.0 31.571 34.964
171.330 57.77 26.1900 100.0 31.581 34.975
171.380 57.78 26.1900 100.0 31.588 34.974
171.429 57.79 26.1700 100.0 31.622 35.063
171.479 57.80 26.2200 100.0 31.583 34.918
171.529 57.81 26.1900 100.0 31.618 35.008
171.579 57.82 26.2200 100.0 31.599 34.928
171.629 57.83 26.1700 100.0 31.662 35.109
171.678 57.84 26.1900 100.0 31.656 35.068
171.729 57.85 26.2200 100.0 31.629 34.962
171.777 57.86 26.2200 100.0 31.644 34.987
171.828 57.87 26.1800 100.0 31.690 35.116
171.878 57.88 26.2100 100.0 31.671 35.035
171.927 57.89 26.1800 100.0 31.710 35.138
171.977 57.90 26.1700 100.0 31.728 35.175
172.026 57.91 26.1700 100.0 31.738 35.186
172.078 57.92 26.1900 100.0 31.728 35.132
172.128 57.93 26.1500 100.0 31.778 35.274
172.177 57.94 26.1900 100.0 31.752 35.167
172.226 57.95 26.1500 100.0 31.802 35.309
172.275 57.96 26.1800 100.0 31.784 35.228
172.326 57.97 26.1800 100.0 31.790 35.226
172.376 57.98 26.2000 100.0 31.784 35.185
172.425 57.99 26.2100 100.0 31.782 35.156
172.475 58.00 26.2400 100.0 31.764 35.077
172.524 58.01 26.1600 100.0 31.854 35.350
172.576 58.02 26.1900 100.0 31.828 35.243
172.626 58.03 26.1400 100.0 31.886 35.411
172.674 58.04 26.2400 100.0 31.804 35.122
172.724 58.05 26.1900 100.0 31.858 35.277
172.773 58.06 26.1700 100.0 31.888 35.353
172.824 58.07 26.1800 100.0 31.890 35.338
172.874 58.08 26.1600 100.0 31.920 35.414
172.924 58.09 26.2500 100.0 31.846 35.151
172.974 58.10 26.1400 100.0 31.964 35.515
173.022 58.11 26.1900 100.0 31.922 35.355
173.073 58.12 26.2000 100.0 31.920 35.328
173.123 58.13 26.2300 100.0 31.902 35.247
173.173 58.14 26.2300 100.0 31.908 35.246
173.222 58.15 26.1800 100.0 31.970 35.427
173.272 58.16 26.1700 100.0 31.988 35.464
173.322 58.17 26.1800 100.0 31.990 35.449
173.373 58.18 26.2100 100.0 31.976 35.382
173.423 58.19 26.1700 100.0 32.022 35.510
173.471 58.20 26.0700 100.0 32.129 35.835
173.522 58.21 26.2400 100.0 31.970 35.296
173.571 58.22 26.1800 100.0 32.040 35.503
173.621 58.23 26.2100 100.0 32.022 35.422
173.671 58.24 26.2200 100.0 32.020 35.395
173.720 58.25 26.2200 100.0 32.034 35.419
173.770 58.26 26.2200 100.0 32.040 35.417
173.819 58.27 26.2800 100.0 31.990 35.234
173.870 58.28 26.2100 100.0 32.072 35.480
173.921 58.29 26.2200 100.0 32.070 35.452
173.970 58.30 26.1800 100.0 32.120 35.594
174.019 58.31 26.2000 100.0 32.110 35.540
174.068 58.32 26.2000 100.0 32.124 35.564
174.119 58.33 26.2000 100.0 32.134 35.575
174.169 58.34 26.2100 100.0 32.128 35.534
174.218 58.35 26.1900 100.0 32.158 35.610
174.268 58.36 26.1900 100.0 32.168 35.621
174.318 58.37 26.2000 100.0 32.170 35.606
174.368 58.38 26.1700 100.0 32.216 35.735
174.418 58.39 26.1600 100.0 32.234 35.771
174.467 58.40 26.2400 100.0 32.160 35.508
174.517 58.41 26.2200 100.0 32.190 35.584
174.566 58.42 26.2100 100.0 32.216 35.648
174.617 58.43 26.2400 100.0 32.194 35.555
174.668 58.44 26.2500 100.0 32.196 35.541
174.717 58.45 26.1700 100.0 32.282 35.799
174.766 58.46 26.1500 100.0 32.312 35.875
174.815 58.47 26.2100 100.0 32.262 35.690
174.866 58.48 26.2200 100.0 32.260 35.662
174.916 58.49 26.2100 100.0 32.282 35.712
174.966 58.50 26.2200 100.0 32.280 35.684
175.015 58.51 26.2100 100.0 32.298 35.722
175.065 58.52 26.2300 100.0 32.296 35.694
175.116 58.53 26.2900 100.0 32.242 35.497
175.165 58.54 26.2300 100.0 32.316 35.717
175.215 58.55 26.2400 100.0 32.310 35.676
175.264 58.56 26.2200 100.0 32.344 35.766
175.314 58.57 26.2000 100.0 32.374 35.842
175.364 58.58 26.2100 100.0 32.368 35.801
175.414 58.59 26.3000 100.0 32.294 35.539
175.465 58.60 26.2000 100.0 32.404 35.877
175.514 58.61 26.2200 100.0 32.390 35.809
175.563 58.62 26.1700 100.0 32.452 35.990
175.612 58.63 26.2200 100.0 32.410 35.831
175.664 58.64 26.2700 100.0 32.376 35.699
175.713 58.65 26.2100 100.0 32.446 35.906
175.762 58.66 26.2200 100.0 32.444 35.878
175.812 58.67 26.1800 100.0 32.490 36.006
175.861 58.68 26.2200 100.0 32.460 35.886
175.912 58.69 26.2500 100.0 32.442 35.806
175.962 58.70 26.2300 100.0 32.476 35.896
176.012 58.71 26.2000 100.0 32.510 35.986
176.062 58.72 26.2200 100.0 32.500 35.931
176.110 58.73 26.2900 100.0 32.446 35.734
176.162 58.74 26.1600 100.0 32.581 36.150
176.211 58.75 26.2200 100.0 32.530 35.964
176.260 58.76 26.2400 100.0 32.520 35.910
176.310 58.77 26.2300 100.0 32.538 35.947
176.359 58.78 26.1700 100.0 32.609 36.154
176.410 58.79 26.2500 100.0 32.546 35.930
176.460 58.80 26.2500 100.0 32.556 35.942
176.510 58.81 26.1800 100.0 32.635 36.174
176.559 58.82 26.2600 100.0 32.560 35.911
176.608 58.83 26.3000 100.0 32.530 35.793
176.659 58.84 26.2400 100.0 32.600 36.000
176.709 58.85 26.2300 100.0 32.627 36.064
176.758 58.86 26.2500 100.0 32.617 36.010
176.808 58.87 26.2200 100.0 32.655 36.112
176.858 58.88 26.1900 100.0 32.689 36.201
176.909 58.89 26.2300 100.0 32.658 36.081
176.958 58.90 26.2300 100.0 32.677 36.119
177.007 58.91 26.1600 100.0 32.751 36.338
177.057 58.92 26.2700 100.0 32.657 36.010
177.106 58.93 26.1600 100.0 32.775 36.373
177.157 58.94 26.2900 100.0 32.657 35.966
177.207 58.95 26.1600 100.0 32.795 36.395
177.258 58.96 26.2000 100.0 32.765 36.274
177.307 58.97 26.2500 100.0 32.719 36.102
177.356 58.98 26.2300 100.0 32.749 36.179
177.406 58.99 26.1700 100.0 32.823 36.398
177.456 59.00 26.2100 100.0 32.792 36.278
177.506 59.01 26.2100 100.0 32.802 36.275
177.555 59.02 26.2300 100.0 32.792 36.183
177.605 59.03 26.2200 100.0 32.810 36.190
177.654 59.04 26.2300 100.0 32.812 36.139
177.705 59.05 26.2200 100.0 32.830 36.139
177.755 59.06 26.2500 100.0 32.807 36.015
177.804 59.07 26.2100 100.0 32.864 36.146
177.854 59.08 26.1900 100.0 32.886 36.160
177.904 59.09 26.2500 100.0 32.843 35.968
177.955 59.10 26.2600 100.0 32.836 35.892
178.004 59.11 26.2500 100.0 32.857 35.904
178.053 59.12 26.2200 100.0 32.894 35.975
178.103 59.12 26.2100 100.0 32.919 36.009
178.152 59.13 26.2400 100.0 32.896 35.884
178.203 59.14 26.2300 100.0 32.916 35.898
178.253 59.15 26.2200 100.0 32.929 35.889
178.302 59.16 26.2100 100.0 32.949 35.908
178.353 59.17 26.1900 100.0 32.982 35.967
178.401 59.18 26.2800 100.0 32.898 35.640
178.452 59.18 26.2500 100.0 32.938 35.724
178.502 59.19 26.2300 100.0 32.962 35.756
178.551 59.20 26.1900 100.0 33.011 35.865
178.601 59.21 26.2700 100.0 32.935 35.572
178.650 59.22 26.2400 100.0 32.974 35.656
178.702 59.22 26.2700 100.0 32.958 35.564
178.752 59.23 26.2200 100.0 33.014 35.700
178.800 59.24 26.2400 100.0 33.002 35.615
178.850 59.25 26.1800 100.0 33.066 35.777
178.899 59.25 26.2500 100.0 33.001 35.521
178.950 59.26 26.2000 100.0 33.064 35.682
179.000 59.27 26.2700 100.0 32.996 35.419
179.049 59.28 26.2700 100.0 33.011 35.427
179.099 59.28 26.2200 100.0 33.066 35.562
179.149 59.29 26.2500 100.0 33.041 35.442
179.200 59.30 26.2300 100.0 33.065 35.481
179.249 59.30 26.2700 100.0 33.035 35.342
179.299 59.31 26.2100 100.0 33.099 35.511
179.348 59.32 26.2500 100.0 33.065 35.360
179.397 59.33 26.2100 100.0 33.120 35.501
179.448 59.33 26.2700 100.0 33.067 35.285
179.498 59.34 26.2100 100.0 33.134 35.465
179.548 59.35 26.2000 100.0 33.148 35.476
179.597 59.35 26.2100 100.0 33.147 35.430
179.647 59.36 26.2700 100.0 33.089 35.204
179.697 59.36 26.2300 100.0 33.132 35.307
179.747 59.37 26.2200 100.0 33.150 35.332
179.798 59.38 26.2600 100.0 33.120 35.200
179.846 59.38 26.2400 100.0 33.147 35.250
179.896 59.39 26.2600 100.0 33.133 35.169
179.945 59.40 26.2700 100.0 33.123 35.104
179.996 59.40 26.2200 100.0 33.181 35.258
180.046 59.41 26.1800 100.0 33.231 35.386
180.095 59.41 26.2900 100.0 33.129 35.019
180.146 59.42 26.2200 100.0 33.199 35.212
180.195 59.43 26.2700 100.0 33.160 35.055
180.245 59.43 26.2200 100.0 33.210 35.181
180.295 59.44 26.2400 100.0 33.196 35.100
180.344 59.44 26.2000 100.0 33.246 35.235
180.394 59.45 26.1600 100.0 33.291 35.350
180.443 59.45 26.2700 100.0 33.189 34.983
180.494 59.46 26.2500 100.0 33.210 35.024
180.544 59.46 26.1900 100.0 33.272 35.186
180.594 59.47 26.2600 100.0 33.213 34.967
180.643 59.48 26.2500 100.0 33.222 34.965
180.692 59.48 26.2800 100.0 33.203 34.878
180.743 59.49 26.1600 100.0 33.329 35.254
180.793 59.49 26.2500 100.0 33.246 34.957
180.842 59.50 26.2400 100.0 33.259 34.968
180.892 59.50 26.1900 100.0 33.316 35.127
180.942 59.51 26.2100 100.0 33.293 35.020
180.993 59.51 26.2800 100.0 33.230 34.789
181.042 59.52 26.2700 100.0 33.251 34.825
181.091 59.52 26.2000 100.0 33.320 35.025
181.141 59.53 26.1900 100.0 33.332 35.035
181.190 59.53 26.2500 100.0 33.281 34.847
181.241 59.53 26.2200 100.0 33.314 34.924
181.291 59.54 26.2000 100.0 33.338 34.974
181.341 59.54 26.2400 100.0 33.307 34.845
181.391 59.55 26.2300 100.0 33.324 34.876
181.439 59.55 26.2300 100.0 33.320 34.838
181.491 59.56 26.2800 100.0 33.276 34.668
181.541 59.56 26.2000 100.0 33.365 34.930
181.590 59.57 26.2500 100.0 33.317 34.751
181.639 59.57 26.2200 100.0 33.350 34.833
181.689 59.58 26.2400 100.0 33.338 34.771
181.739 59.58 26.2700 100.0 33.314 34.670
181.789 59.58 26.2500 100.0 33.334 34.713
181.839 59.59 26.2200 100.0 33.366 34.788
181.888 59.59 26.2500 100.0 33.342 34.692
181.939 59.60 26.2100 100.0 33.387 34.813
181.987 59.60 26.3000 100.0 33.303 34.517
182.038 59.60 26.2100 100.0 33.391 34.775
182.088 59.61 26.2200 100.0 33.387 34.738
182.137 59.61 26.1800 100.0 33.431 34.865
182.187 59.62 26.2800 100.0 33.334 34.528
182.236 59.62 26.2500 100.0 33.366 34.610
182.288 59.62 26.2300 100.0 33.390 34.666
182.338 59.63 26.2200 100.0 33.406 34.694
182.386 59.63 26.2200 100.0 33.410 34.683
182.436 59.63 26.2600 100.0 33.373 34.549
182.485 59.64 26.2700 100.0 33.373 34.527
182.536 59.64 26.2300 100.0 33.417 34.647
182.586 59.65 26.2300 100.0 33.420 34.637
182.635 59.65 26.2300 100.0 33.416 34.600
182.686 59.65 26.2200 100.0 33.431 34.629
182.734 59.66 26.1800 100.0 33.475 34.754
182.785 59.66 26.2600 100.0 33.402 34.497
182.835 59.66 26.2400 100.0 33.426 34.552
182.884 59.67 26.2200 100.0 33.445 34.599
182.934 59.67 26.2200 100.0 33.448 34.589
182.983 59.67 26.2400 100.0 33.431 34.513
183.035 59.68 26.2800 100.0 33.399 34.392
183.085 59.68 26.2400 100.0 33.438 34.499
183.133 59.68 26.2200 100.0 33.465 34.568
183.183 59.69 26.2200 100.0 33.468 34.563
183.232 59.69 26.2300 100.0 33.456 34.506
183.283 59.69 26.2700 100.0 33.427 34.392
183.333 59.70 26.2500 100.0 33.450 34.447
183.382 59.70 26.2500 100.0 33.453 34.441
183.433 59.70 26.2400 100.0 33.460 34.445
183.482 59.70 26.2000 100.0 33.503 34.571
183.532 59.71 26.2200 100.0 33.490 34.514
183.582 59.71 26.2700 100.0 33.445 34.347
183.633 59.71 26.2100 100.0 33.503 34.519
183.682 59.72 26.2400 100.0 33.478 34.423
183.731 59.72 26.2100 100.0 33.505 34.496
183.781 59.72 26.2400 100.0 33.480 34.396
183.831 59.72 26.2500 100.0 33.479 34.377
183.881 59.73 26.2500 100.0 33.477 34.360
183.930 59.73 26.1900 100.0 33.540 34.545
183.980 59.73 26.2700 100.0 33.459 34.266
184.030 59.74 26.2900 100.0 33.442 34.198
184.081 59.74 26.2500 100.0 33.492 34.344
184.130 59.74 26.1800 100.0 33.559 34.548
184.179 59.74 26.2600 100.0 33.486 34.294
184.229 59.75 26.2800 100.0 33.464 34.207
184.278 59.75 26.2300 100.0 33.519 34.370
184.329 59.75 26.2800 100.0 33.469 34.197
184.379 59.75 26.2000 100.0 33.552 34.455
184.428 59.76 26.2100 100.0 33.546 34.417
184.479 59.76 26.2300 100.0 33.533 34.360
184.528 59.76 26.2900 100.0 33.471 34.146
184.578 59.76 26.2700 100.0 33.498 34.215
184.628 59.77 26.2000 100.0 33.568 34.437
184.677 59.77 26.1700 100.0 33.598 34.518
184.727 59.77 26.1700 100.0 33.605 34.525
184.776 59.77 26.2500 100.0 33.519 34.233
184.827 59.77 26.1800 100.0 33.593 34.462
184.878 59.78 26.2800 100.0 33.499 34.145
184.927 59.78 26.2200 100.0 33.558 34.322
184.976 59.78 26.2400 100.0 33.544 34.260
185.025 59.78 26.2900 100.0 33.494 34.091
185.076 59.79 26.2600 100.0 33.524 34.173
185.126 59.79 26.2600 100.0 33.526 34.167
185.175 59.79 26.1900 100.0 33.605 34.411
185.225 59.79 26.2400 100.0 33.550 34.222
185.274 59.79 26.2300 100.0 33.569 34.270
185.326 59.80 26.2300 100.0 33.563 34.239
185.376 59.80 26.2100 100.0 33.593 34.325
185.424 59.80 26.2200 100.0 33.579 34.268
185.475 59.80 26.2700 100.0 33.537 34.120
185.524 59.80 26.2300 100.0 33.575 34.231
185.575 59.81 26.2300 100.0 33.581 34.240
185.624 59.81 26.2500 100.0 33.554 34.144
185.674 59.81 26.2800 100.0 33.532 34.068
185.723 59.81 26.2300 100.0 33.582 34.219
185.772 59.81 26.2800 100.0 33.536 34.059
185.823 59.82 26.2700 100.0 33.550 34.094
185.873 59.82 26.3000 100.0 33.520 33.984
185.924 59.82 26.2000 100.0 33.618 34.293
185.972 59.82 26.2300 100.0 33.591 34.196
186.022 59.82 26.2500 100.0 33.569 34.112
186.072 59.82 26.2500 100.0 33.571 34.109
186.122 59.83 26.3000 100.0 33.525 33.953
186.172 59.83 26.2900 100.0 33.539 33.982
186.221 59.83 26.2500 100.0 33.584 34.127
186.272 59.83 26.1300 100.0 33.698 34.488
186.321 59.83 26.2400 100.0 33.596 34.142
186.371 59.83 26.2100 100.0 33.621 34.214
186.421 59.84 26.2100 100.0 33.627 34.221
186.470 59.84 26.2400 100.0 33.597 34.112
186.520 59.84 26.2500 100.0 33.586 34.074
186.569 59.84 26.2800 100.0 33.560 33.973
186.620 59.84 26.2500 100.0 33.590 34.065
186.670 59.84 26.2600 100.0 33.587 34.053
186.720 59.85 26.2700 100.0 33.573 33.991
186.769 59.85 26.2300 100.0 33.618 34.135
186.818 59.85 26.2700 100.0 33.584 34.013
186.869 59.85 26.2300 100.0 33.625 34.139
186.919 59.85 26.2300 100.0 33.623 34.125
186.968 59.85 26.2300 100.0 33.620 34.102
187.018 59.86 26.2500 100.0 33.606 34.050
187.068 59.86 26.2600 100.0 33.599 34.025
187.118 59.86 26.2800 100.0 33.577 33.936
187.168 59.86 26.2100 100.0 33.646 34.159
187.217 59.86 26.3000 100.0 33.563 33.880
187.267 59.86 26.2400 100.0 33.625 34.071
187.316 59.86 26.2700 100.0 33.590 33.954
187.367 59.86 26.3200 100.0 33.548 33.808
187.417 59.87 26.2300 100.0 33.641 34.102
187.468 59.87 26.2000 100.0 33.670 34.194
187.516 59.87 26.1900 100.0 33.680 34.214
187.565 59.87 26.2100 100.0 33.657 34.136
187.616 59.87 26.2500 100.0 33.618 34.000
187.667 59.87 26.2200 100.0 33.656 34.114
187.716 59.87 26.1600 100.0 33.713 34.295
187.765 59.88 26.2100 100.0 33.666 34.133
187.814 59.88 26.2700 100.0 33.611 33.945
187.865 59.88 26.2300 100.0 33.648 34.062
187.915 59.88 26.2100 100.0 33.670 34.122
187.965 59.88 26.3100 100.0 33.575 33.805
188.015 59.88 26.2100 100.0 33.676 34.131
188.064 59.88 26.2500 100.0 33.633 33.983
188.114 59.88 26.2300 100.0 33.654 34.048
188.164 59.88 26.2500 100.0 33.635 33.978
188.214 59.89 26.2400 100.0 33.649 34.012
188.263 59.89 26.2800 100.0 33.606 33.869
188.313 59.89 26.2800 100.0 33.611 33.879
188.362 59.89 26.2000 100.0 33.692 34.139
188.414 59.89 26.2300 100.0 33.657 34.016
188.464 59.89 26.2800 100.0 33.614 33.874
188.512 59.89 26.2400 100.0 33.655 33.999
188.562 59.89 26.2200 100.0 33.672 34.051
188.611 59.89 26.2300 100.0 33.670 34.034
188.662 59.90 26.2500 100.0 33.646 33.955
188.712 59.90 26.1900 100.0 33.712 34.159
188.761 59.90 26.2300 100.0 33.669 34.009
188.812 59.90 26.2300 100.0 33.670 34.008
188.860 59.90 26.2500 100.0 33.651 33.939
188.911 59.90 26.2000 100.0 33.700 34.096
188.961 59.90 26.2100 100.0 33.697 34.084
189.010 59.90 26.2600 100.0 33.646 33.908
189.060 59.90 26.2600 100.0 33.647 33.910
189.109 59.90 26.2700 100.0 33.640 33.879
189.160 59.91 26.2800 100.0 33.624 33.827
189.211 59.91 26.3200 100.0 33.586 33.693
189.260 59.91 26.2900 100.0 33.622 33.811
189.309 59.91 26.2500 100.0 33.663 33.943
189.358 59.91 26.2800 100.0 33.632 33.833
189.409 59.91 26.2400 100.0 33.669 33.952
189.459 59.91 26.2400 100.0 33.670 33.946
189.508 59.91 26.2300 100.0 33.679 33.967
189.558 59.91 26.2300 100.0 33.688 33.993
189.607 59.91 26.2700 100.0 33.649 33.863
189.658 59.91 26.2300 100.0 33.690 33.988
189.708 59.92 26.2000 100.0 33.715 34.067
189.757 59.92 26.2600 100.0 33.655 33.865
189.808 59.92 26.2900 100.0 33.632 33.789
189.856 59.92 26.2700 100.0 33.653 33.854
189.907 59.92 26.2600 100.0 33.662 33.876
189.957 59.92 26.2900 100.0 33.635 33.785
190.007 59.92 26.3000 100.0 33.623 33.741
190.056 59.92 26.2200 100.0 33.704 34.003
190.106 59.92 26.2100 100.0 33.713 34.022
190.156 59.92 26.2700 100.0 33.650 33.821
190.207 59.92 26.2100 100.0 33.714 34.024
190.257 59.92 26.2400 100.0 33.687 33.927
190.305 59.93 26.2500 100.0 33.672 33.875
190.355 59.93 26.3000 100.0 33.629 33.733
190.404 59.93 26.2900 100.0 33.642 33.774
190.455 59.93 26.2300 100.0 33.694 33.938
190.505 59.93 26.2500 100.0 33.683 33.900
190.554 59.93 26.3300 100.0 33.596 33.608
190.604 59.93 26.2200 100.0 33.708 33.974
190.654 59.93 26.2700 100.0 33.657 33.804
190.705 59.93 26.2600 100.0 33.674 33.852
190.754 59.93 26.2400 100.0 33.690 33.904
190.803 59.93 26.2300 100.0 33.699 33.931
190.853 59.93 26.2500 100.0 33.680 33.861
190.902 59.93 26.2400 100.0 33.692 33.898
190.953 59.93 26.2200 100.0 33.713 33.966
191.004 59.94 26.2500 100.0 33.682 33.855
191.053 59.94 26.3000 100.0 33.634 33.700
191.102 59.94 26.1700 100.0 33.763 34.117
191.151 59.94 26.2500 100.0 33.692 33.877
191.202 59.94 26.2400 100.0 33.696 33.889
191.252 59.94 26.2700 100.0 33.669 33.799
191.301 59.94 26.2400 100.0 33.698 33.886
191.351 59.94 26.2600 100.0 33.682 33.834
191.400 59.94 26.2500 100.0 33.687 33.846
191.452 59.94 26.2500 100.0 33.696 33.875
191.501 59.94 26.2000 100.0 33.744 34.025
191.550 59.94 26.2400 100.0 33.705 33.895
191.600 59.94 26.2600 100.0 33.681 33.816
191.650 59.94 26.2200 100.0 33.722 33.942
191.701 59.94 26.3100 100.0 33.634 33.654
191.750 59.94 26.2000 100.0 33.743 34.008
191.799 59.94 26.2500 100.0 33.695 33.846
191.849 59.95 26.2700 100.0 33.676 33.780
191.898 59.95 26.2300 100.0 33.721 33.924
191.949 59.95 26.3900 100.0 33.561 33.406
191.999 59.95 26.2600 100.0 33.686 33.804
192.050 59.95 26.2100 100.0 33.742 33.987
192.098 59.95 26.2100 100.0 33.743 33.986
192.147 59.95 26.2500 100.0 33.703 33.851
192.198 59.95 26.2400 100.0 33.708 33.870
192.248 59.95 26.2500 100.0 33.700 33.839
192.298 59.95 26.2700 100.0 33.677 33.761
192.347 59.95 26.2700 100.0 33.681 33.774
192.397 59.95 26.3000 100.0 33.654 33.679
192.447 59.95 26.2800 100.0 33.670 33.731
192.497 59.95 26.2100 100.0 33.739 33.952
192.547 59.95 26.2500 100.0 33.699 33.824
192.596 59.95 26.2200 100.0 33.732 33.922
192.646 59.95 26.3600 100.0 33.596 33.480
192.695 59.95 26.2800 100.0 33.673 33.728
192.746 59.95 26.3000 100.0 33.653 33.665
192.797 59.95 26.2200 100.0 33.734 33.920
192.845 59.96 26.2300 100.0 33.722 33.880
192.895 59.96 26.3300 100.0 33.622 33.555
192.944 59.96 26.2700 100.0 33.687 33.765
192.995 59.96 26.2600 100.0 33.699 33.800
193.045 59.96 26.2500 100.0 33.712 33.838
193.094 59.96 26.2800 100.0 33.680 33.735
193.144 59.96 26.2900 100.0 33.669 33.695
193.194 59.96 26.2700 100.0 33.689 33.762
193.245 59.96 26.2500 100.0 33.709 33.828
193.294 59.96 26.2300 100.0 33.734 33.901
193.343 59.96 26.2300 100.0 33.726 33.875
193.393 59.96 26.2500 100.0 33.707 33.809
193.443 59.96 26.3300 100.0 33.631 33.564
193.493 59.96 26.2400 100.0 33.724 33.858
193.543 59.96 26.2900 100.0 33.676 33.701
193.592 59.96 26.2400 100.0 33.720 33.845
193.642 59.96 26.2300 100.0 33.737 33.898
193.691 59.96 26.2700 100.0 33.697 33.762
193.743 59.96 26.2700 100.0 33.689 33.736
193.793 59.96 26.2400 100.0 33.726 33.854
193.841 59.96 26.2500 100.0 33.718 33.828
193.891 59.96 26.2300 100.0 33.734 33.880
193.940 59.96 26.2600 100.0 33.707 33.788
193.991 59.96 26.3100 100.0 33.651 33.608
194.041 59.96 26.2700 100.0 33.695 33.752
194.091 59.97 26.2700 100.0 33.696 33.746
194.141 59.97 26.2900 100.0 33.676 33.682
194.190 59.97 26.2500 100.0 33.713 33.799
194.241 59.97 26.3500 100.0 33.617 33.489
194.290 59.97 26.1800 100.0 33.789 34.044
194.340 59.97 26.2400 100.0 33.730 33.853
194.389 59.97 26.3100 100.0 33.654 33.601
194.439 59.97 26.3300 100.0 33.634 33.536
194.489 59.97 26.2400 100.0 33.727 33.837
194.539 59.97 26.2500 100.0 33.719 33.811
194.590 59.97 26.2700 100.0 33.703 33.754
194.639 59.97 26.2700 100.0 33.704 33.754
194.688 59.97 26.2300 100.0 33.740 33.871
194.737 59.97 26.2400 100.0 33.732 33.845
194.788 59.97 26.2700 100.0 33.700 33.741
194.838 59.97 26.2600 100.0 33.713 33.780
194.887 59.97 26.2500 100.0 33.717 33.795
194.937 59.97 26.2500 100.0 33.721 33.808
194.987 59.97 26.3100 100.0 33.661 33.613
195.038 59.97 26.2400 100.0 33.734 33.842
195.087 59.97 26.2500 100.0 33.726 33.817
195.136 59.97 26.2500 100.0 33.722 33.803
195.186 59.97 26.2200 100.0 33.755 33.907
195.235 59.97 26.2700 100.0 33.703 33.732
195.286 59.97 26.2400 100.0 33.735 33.843
195.336 59.97 26.2100 100.0 33.760 33.915
195.385 59.97 26.2200 100.0 33.756 33.901
195.436 59.97 26.2500 100.0 33.728 33.810
195.484 59.97 26.2500 100.0 33.720 33.785
195.535 59.97 26.2200 100.0 33.753 33.889
195.585 59.97 26.2800 100.0 33.697 33.707
195.635 59.97 26.2900 100.0 33.689 33.681
195.684 59.97 26.2700 100.0 33.705 33.728
195.733 59.98 26.2500 100.0 33.730 33.806
195.784 59.98 26.2400 100.0 33.738 33.832
195.834 59.98 26.2700 100.0 33.706 33.728
195.883 59.98 26.2700 100.0 33.703 33.716
195.933 59.98 26.2700 100.0 33.707 33.729
195.983 59.98 26.1700 100.0 33.811 34.068
196.034 59.98 26.2200 100.0 33.755 33.886
196.083 59.98 26.2500 100.0 33.731 33.808
196.132 59.98 26.3000 100.0 33.680 33.639
196.182 59.98 26.2500 100.0 33.732 33.802
196.231 59.98 26.2200 100.0 33.756 33.880
196.282 59.98 26.2500 100.0 33.728 33.789
196.332 59.98 26.3100 100.0 33.673 33.606
196.382 59.98 26.2500 100.0 33.729 33.790
196.432 59.98 26.2000 100.0 33.781 33.959
196.481 59.98 26.2500 100.0 33.729 33.790
196.531 59.98 26.2500 100.0 33.725 33.771
196.581 59.98 26.2800 100.0 33.702 33.699
196.631 59.98 26.2600 100.0 33.722 33.759
196.680 59.98 26.3100 100.0 33.674 33.603
196.730 59.98 26.2500 100.0 33.734 33.799
196.780 59.98 26.2800 100.0 33.702 33.696
196.830 59.98 26.2700 100.0 33.715 33.735
196.880 59.98 26.3200 100.0 33.663 33.566
196.929 59.98 26.2400 100.0 33.743 33.827
196.979 59.98 26.2600 100.0 33.723 33.757
197.028 59.98 26.2900 100.0 33.695 33.665
197.079 59.98 26.3000 100.0 33.684 33.627
197.129 59.98 26.2300 100.0 33.748 33.836
197.179 59.98 26.2800 100.0 33.700 33.680
197.228 59.98 26.3000 100.0 33.680 33.615
197.277 59.98 26.2400 100.0 33.744 33.825
197.328 59.98 26.2600 100.0 33.720 33.746
197.378 59.98 26.2500 100.0 33.737 33.799
197.427 59.98 26.1700 100.0 33.817 34.059
197.477 59.98 26.1200 100.0 33.857 34.189
197.526 59.98 26.2400 100.0 33.745 33.823
197.577 59.98 26.2700 100.0 33.717 33.732
197.627 59.98 26.3400 100.0 33.642 33.486
197.676 59.98 26.2400 100.0 33.742 33.812
197.726 59.98 26.2500 100.0 33.734 33.779
197.776 59.98 26.3000 100.0 33.682 33.610
197.827 59.98 26.2600 100.0 33.726 33.755
197.876 59.98 26.2200 100.0 33.767 33.884
197.925 59.98 26.1900 100.0 33.795 33.976
197.975 59.98 26.2300 100.0 33.759 33.857
198.024 59.98 26.2400 100.0 33.747 33.819
198.075 59.98 26.2400 100.0 33.743 33.799
198.126 59.98 26.2900 100.0 33.695 33.649
198.175 59.98 26.2300 100.0 33.760 33.852
198.224 59.98 26.2100 100.0 33.780 33.923
198.273 59.99 26.2700 100.0 33.712 33.696
198.324 59.99 26.2100 100.0 33.772 33.890
198.374 59.99 26.1800 100.0 33.804 34.001
198.424 59.99 26.2100 100.0 33.780 33.917
198.473 59.99 26.2400 100.0 33.748 33.811
198.523 59.99 26.2400 100.0 33.744 33.799
198.574 59.99 26.2500 100.0 33.736 33.771
198.623 59.99 26.2600 100.0 33.729 33.746
198.673 59.99 26.2100 100.0 33.773 33.889
198.722 59.99 26.2500 100.0 33.741 33.780
198.772 59.99 26.2300 100.0 33.753 33.824
198.822 59.99 26.2500 100.0 33.733 33.759
198.873 59.99 26.2600 100.0 33.725 33.733
198.922 59.99 26.2800 100.0 33.710 33.676
198.971 59.99 26.2400 100.0 33.746 33.792
199.021 59.99 26.2200 100.0 33.766 33.858
199.070 59.99 26.3000 100.0 33.686 33.597
199.121 59.99 26.2800 100.0 33.706 33.663
199.171 59.99 26.1900 100.0 33.798 33.963
199.220 59.99 26.2200 100.0 33.766 33.858
199.270 59.99 26.2100 100.0 33.783 33.911
199.320 59.99 26.2500 100.0 33.743 33.780
199.371 59.99 26.2200 100.0 33.771 33.871
199.421 59.99 26.2600 100.0 33.731 33.741
199.470 59.99 26.2600 100.0 33.727 33.727
199.520 59.99 26.3500 100.0 33.639 33.443
199.568 59.99 26.2700 100.0 33.715 33.691
199.619 59.99 26.2900 100.0 33.703 33.653
199.669 59.99 26.2200 100.0 33.771 33.875
199.718 59.99 26.2800 100.0 33.712 33.679
199.768 59.99 26.2100 100.0 33.784 33.914
199.817 59.99 26.2600 100.0 33.732 33.744
199.868 59.99 26.2300 100.0 33.764 33.849
199.919 59.99 26.2200 100.0 33.768 33.855
199.967 59.99 26.2100 100.0 33.776 33.880
200.017 59.99 26.2300 100.0 33.756 33.815
200.066 59.99 26.2600 100.0 33.732 33.743
200.117 59.99 26.2500 100.0 33.740 33.763
200.167 59.99 26.2500 100.0 33.740 33.763
200.216 59.99 26.2400 100.0 33.749 33.790
200.266 59.99 26.2900 100.0 33.705 33.646
200.316 59.99 26.2500 100.0 33.737 33.751
200.367 59.99 26.2600 100.0 33.733 33.737
200.416 59.99 26.2300 100.0 33.765 33.843
200.466 59.99 26.2300 100.0 33.765 33.836
200.515 59.99 26.2300 100.0 33.761 33.828
200.564 59.99 26.2500 100.0 33.745 33.771
200.615 59.99 26.3000 100.0 33.693 33.607
200.666 59.99 26.2300 100.0 33.757 33.811
200.716 59.99 26.1900 100.0 33.802 33.959
200.764 59.99 26.2800 100.0 33.714 33.667
200.814 59.99 26.2500 100.0 33.746 33.777
200.864 59.99 26.2400 100.0 33.754 33.798
200.914 59.99 26.2500 100.0 33.742 33.757
200.964 59.99 26.2400 100.0 33.754 33.804
201.013 59.99 26.2900 100.0 33.702 33.629
201.064 59.99 26.2800 100.0 33.714 33.674
201.113 59.99 26.2300 100.0 33.762 33.825
201.163 59.99 26.2500 100.0 33.746 33.772
201.213 59.99 26.2500 100.0 33.746 33.773
201.262 59.99 26.2400 100.0 33.750 33.785
201.312 59.99 26.2500 100.0 33.742 33.758
201.361 59.99 26.2100 100.0 33.787 33.902
201.412 59.99 26.2600 100.0 33.731 33.721
201.462 59.99 26.2900 100.0 33.707 33.642
201.511 59.99 26.2300 100.0 33.759 33.812
201.561 59.99 26.2900 100.0 33.707 33.637
201.610 59.99 26.2700 100.0 33.719 33.683
201.661 59.99 26.2500 100.0 33.747 33.774
201.712 59.99 26.3200 100.0 33.671 33.527
201.760 59.99 26.2100 100.0 33.783 33.886
201.810 59.99 26.2300 100.0 33.759 33.807
201.859 59.99 26.2000 100.0 33.796 33.924
201.910 59.99 26.2300 100.0 33.768 33.832
201.960 59.99 26.2200 100.0 33.772 33.845
202.009 59.99 26.2700 100.0 33.723 33.688
202.060 59.99 26.3000 100.0 33.692 33.585
202.109 59.99 26.2300 100.0 33.768 33.833
202.159 59.99 26.2100 100.0 33.784 33.884
202.209 59.99 26.2400 100.0 33.752 33.780
202.258 59.99 26.2400 100.0 33.752 33.780
202.308 59.99 26.3200 100.0 33.676 33.533
202.357 59.99 26.2800 100.0 33.716 33.664
202.408 59.99 26.2800 100.0 33.712 33.652
202.459 59.99 26.2500 100.0 33.740 33.743
202.507 59.99 26.2300 100.0 33.760 33.808
202.557 59.99 26.1900 100.0 33.804 33.952
202.606 59.99 26.2800 100.0 33.712 33.652
202.657 59.99 26.2900 100.0 33.700 33.614
202.707 59.99 26.2500 100.0 33.749 33.770
202.757 59.99 26.2300 100.0 33.769 33.835
202.806 59.99 26.2100 100.0 33.781 33.874
202.856 59.99 26.2700 100.0 33.729 33.705
202.907 59.99 26.2500 100.0 33.741 33.744
202.956 59.99 26.3000 100.0 33.697 33.601
203.006 59.99 26.2800 100.0 33.717 33.667
203.055 59.99 26.2800 100.0 33.717 33.666
203.105 59.99 26.2600 100.0 33.733 33.720
203.154 59.99 26.1700 100.0 33.821 34.007
203.205 59.99 26.2300 100.0 33.769 33.836
203.255 59.99 26.2400 100.0 33.757 33.797
203.305 59.99 26.2300 100.0 33.769 33.836
203.355 59.99 26.2400 100.0 33.757 33.797
203.404 59.99 26.2500 100.0 33.741 33.744
203.454 59.99 26.2300 100.0 33.769 33.836
203.505 59.99 26.3100 100.0 33.681 33.550
203.553 59.99 26.2500 100.0 33.750 33.772
203.603 59.99 26.2600 100.0 33.738 33.733
203.652 59.99 26.3000 100.0 33.698 33.603
203.703 59.99 26.2200 100.0 33.774 33.851
203.753 60.00 26.2200 100.0 33.774 33.850
203.802 60.00 26.2400 100.0 33.754 33.785
203.852 60.00 26.2400 100.0 33.754 33.785
203.902 60.00 26.2400 100.0 33.754 33.785
203.952 60.00 26.2500 100.0 33.750 33.765
204.002 60.00 26.1900 100.0 33.810 33.961
204.051 60.00 26.3100 100.0 33.682 33.544
204.101 60.00 26.2400 100.0 33.754 33.784
204.150 60.00 26.2900 100.0 33.706 33.622
204.201 60.00 26.2800 100.0 33.718 33.662
204.252 60.00 26.2300 100.0 33.766 33.818
204.301 60.00 26.2500 100.0 33.742 33.746
204.351 60.00 26.2200 100.0 33.778 33.858
204.399 60.00 26.2300 100.0 33.770 33.832
204.450 60.00 26.2300 100.0 33.770 33.831
204.500 60.00 26.2800 100.0 33.714 33.647
204.549 60.00 26.2300 100.0 33.766 33.818
204.599 60.00 26.2000 100.0 33.795 33.910
204.648 60.00 26.2700 100.0 33.726 33.686
204.700 60.00 26.2700 100.0 33.731 33.701
204.750 60.00 26.2400 100.0 33.755 33.779
204.799 60.00 26.2600 100.0 33.739 33.726
204.848 60.00 26.2300 100.0 33.771 33.832
204.897 60.00 26.2900 100.0 33.703 33.609
204.948 60.00 26.2500 100.0 33.747 33.753
204.998 60.00 26.3000 100.0 33.695 33.585
205.048 60.00 26.2300 100.0 33.763 33.805
205.098 60.00 26.1700 100.0 33.823 34.002
205.147 60.00 26.2300 100.0 33.767 33.818
205.197 60.00 26.2100 100.0 33.783 33.869
205.247 60.00 26.2800 100.0 33.719 33.662
205.297 60.00 26.2800 100.0 33.715 33.649
205.346 60.00 26.2300 100.0 33.763 33.805
205.396 60.00 26.2300 100.0 33.763 33.806
205.445 60.00 26.2900 100.0 33.711 33.630
205.496 60.00 26.2700 100.0 33.731 33.701
205.546 60.00 26.3000 100.0 33.699 33.592
205.595 60.00 26.2300 100.0 33.763 33.806
205.645 60.00 26.2500 100.0 33.751 33.762
205.694 60.00 26.2200 100.0 33.775 33.845
205.746 60.00 26.2200 100.0 33.779 33.852
205.795 60.00 26.2100 100.0 33.787 33.883
205.844 60.00 26.2200 100.0 33.775 33.838
205.894 60.00 26.2700 100.0 33.727 33.687
205.943 60.00 26.2100 100.0 33.787 33.877
205.994 60.00 26.2700 100.0 33.732 33.701
206.044 60.00 26.2700 100.0 33.724 33.669
206.093 60.00 26.2100 100.0 33.792 33.896
206.144 60.00 26.1700 100.0 33.828 34.007
206.192 60.00 26.1800 100.0 33.816 33.973
206.243 60.00 26.2400 100.0 33.756 33.771
206.293 60.00 26.3000 100.0 33.700 33.595
206.342 60.00 26.2600 100.0 33.736 33.707
206.392 60.00 26.2500 100.0 33.748 33.751
206.441 60.00 26.3100 100.0 33.692 33.564
206.492 60.00 26.2300 100.0 33.764 33.805
206.542 60.00 26.2100 100.0 33.788 33.877
206.593 60.00 26.2400 100.0 33.756 33.771
206.641 60.00 26.2000 100.0 33.796 33.909
206.690 60.00 26.2700 100.0 33.724 33.668
206.741 60.00 26.2500 100.0 33.748 33.751
206.791 60.00 26.2700 100.0 33.732 33.695
206.841 60.00 26.2700 100.0 33.728 33.687
206.890 60.00 26.2300 100.0 33.764 33.799
206.939 60.00 26.2800 100.0 33.716 33.648
206.991 60.00 26.2300 100.0 33.768 33.812
207.041 60.00 26.2300 100.0 33.772 33.831
207.090 60.00 26.2500 100.0 33.752 33.760
207.139 60.00 26.2400 100.0 33.760 33.792
207.189 60.00 26.2600 100.0 33.736 33.708
207.239 60.00 26.2400 100.0 33.756 33.772
207.289 60.00 26.2400 100.0 33.756 33.773
207.339 60.00 26.2900 100.0 33.708 33.616
207.388 60.00 26.2700 100.0 33.728 33.681
207.438 60.00 26.2200 100.0 33.780 33.852
207.487 60.00 26.2700 100.0 33.724 33.669
207.538 60.00 26.2100 100.0 33.792 33.890
207.588 60.00 26.2200 100.0 33.776 33.839
207.638 60.00 26.2400 100.0 33.756 33.772
207.688 60.00 26.2300 100.0 33.773 33.824
207.736 60.00 26.2400 100.0 33.756 33.773
207.787 60.00 26.1900 100.0 33.809 33.941
207.837 60.00 26.2400 100.0 33.761 33.784
207.886 60.00 26.2300 100.0 33.773 33.825
207.936 60.00 26.2600 100.0 33.741 33.719
207.985 60.00 26.2500 100.0 33.753 33.758
208.037 60.00 26.2700 100.0 33.725 33.668
208.087 60.00 26.3100 100.0 33.693 33.563
208.136 60.00 26.2500 100.0 33.745 33.733
208.185 60.00 26.2400 100.0 33.761 33.785
208.234 60.00 26.2100 100.0 33.785 33.864
208.285 60.00 26.1900 100.0 33.805 33.928
208.335 60.00 26.2400 100.0 33.761 33.784
208.384 60.00 26.2200 100.0 33.781 33.851
208.434 60.00 26.1900 100.0 33.809 33.940
208.483 60.00 26.2600 100.0 33.737 33.705
208.535 60.00 26.2100 100.0 33.793 33.889
208.585 60.00 26.2600 100.0 33.737 33.704
208.633 60.00 26.2100 100.0 33.789 33.873
208.683 60.00 26.2500 100.0 33.749 33.744
208.732 60.00 26.2300 100.0 33.769 33.808
208.783 60.00 26.2500 100.0 33.745 33.730
208.833 60.00 26.2400 100.0 33.757 33.771
208.882 60.00 26.2100 100.0 33.785 33.860
208.933 60.00 26.2400 100.0 33.757 33.769
208.982 60.00 26.2200 100.0 33.781 33.842
209.032 60.00 26.2300 100.0 33.773 33.821
209.082 60.00 26.2200 100.0 33.777 33.833
209.132 60.00 26.2500 100.0 33.753 33.755
209.181 60.00 26.1600 100.0 33.841 34.037
209.231 60.00 26.2800 100.0 33.721 33.650
209.281 60.00 26.2900 100.0 33.709 33.611
209.331 60.00 26.2800 100.0 33.717 33.638
209.382 60.00 26.2300 100.0 33.773 33.815
209.430 60.00 26.2700 100.0 33.729 33.677
209.481 60.00 26.2300 100.0 33.765 33.795
209.530 60.00 26.1300 100.0 33.865 34.121
209.580 60.00 26.2200 100.0 33.777 33.827
209.630 60.00 26.2400 100.0 33.761 33.780
209.679 60.00 26.2800 100.0 33.717 33.637
209.729 60.00 26.2400 100.0 33.757 33.767
209.778 60.00 26.2300 100.0 33.773 33.814
209.829 60.00 26.2100 100.0 33.785 33.858
209.880 60.00 26.2600 100.0 33.737 33.702
209.929 60.00 26.2400 100.0 33.757 33.767
209.978 60.00 26.2700 100.0 33.725 33.658
210.027 60.00 26.2400 100.0 33.761 33.781
210.078 60.00 26.2800 100.0 33.721 33.650
210.128 60.00 26.2500 100.0 33.753 33.755
210.177 60.00 26.2500 100.0 33.745 33.723
210.227 60.00 26.2400 100.0 33.761 33.781
210.277 60.00 26.2200 100.0 33.777 33.833
210.328 60.00 26.2300 100.0 33.765 33.794
210.377 60.00 26.2600 100.0 33.741 33.710
210.426 60.00 26.2300 100.0 33.765 33.787
210.476 60.00 26.2400 100.0 33.757 33.761
210.525 60.00 26.2200 100.0 33.777 33.826
210.576 60.00 26.2500 100.0 33.749 33.734
210.627 60.00 26.2100 100.0 33.793 33.878
210.676 60.00 26.2300 100.0 33.765 33.786
210.725 60.00 26.2800 100.0 33.717 33.630
210.774 60.00 26.1600 100.0 33.842 34.034
210.825 60.00 26.1900 100.0 33.809 33.929
210.875 60.00 26.1700 100.0 33.829 33.993
210.924 60.00 26.2700 100.0 33.725 33.654
210.974 60.00 26.2300 100.0 33.773 33.810
211.024 60.00 26.2600 100.0 33.741 33.706
211.075 60.00 26.2400 100.0 33.761 33.771
211.124 60.00 26.1900 100.0 33.814 33.941
211.174 60.00 26.2000 100.0 33.801 33.900
211.223 60.00 26.2100 100.0 33.785 33.847
211.272 60.00 26.2500 100.0 33.745 33.717
211.323 60.00 26.2800 100.0 33.721 33.639
211.373 60.00 26.2500 100.0 33.753 33.744
211.423 60.00 26.2300 100.0 33.773 33.809
211.472 60.00 26.2200 100.0 33.781 33.835
211.522 60.00 26.2300 100.0 33.769 33.795
211.572 60.00 26.2600 100.0 33.741 33.704
211.622 60.00 26.2200 100.0 33.781 33.835
211.673 60.00 26.2500 100.0 33.745 33.717
211.722 60.00 26.2700 100.0 33.733 33.678
211.771 60.00 26.2400 100.0 33.757 33.756
211.820 60.00 26.2300 100.0 33.765 33.782
211.871 60.00 26.2100 100.0 33.785 33.847
211.921 60.00 26.2600 100.0 33.741 33.704
211.970 60.00 26.2500 100.0 33.753 33.744
212.020 60.00 26.1900 100.0 33.806 33.913
212.069 60.00 26.2200 100.0 33.777 33.821
212.121 60.00 26.2300 100.0 33.773 33.808
212.170 60.00 26.2400 100.0 33.757 33.755
212.219 60.00 26.2400 100.0 33.757 33.755
212.269 60.00 26.2100 100.0 33.785 33.846
212.318 60.00 26.2300 100.0 33.765 33.781
212.369 60.00 26.2300 100.0 33.769 33.793
212.419 60.00 26.1800 100.0 33.822 33.963
212.469 60.00 26.2600 100.0 33.741 33.702
212.518 60.00 26.2200 100.0 33.781 33.832
212.567 60.00 26.2200 100.0 33.781 33.832
212.618 60.00 26.2400 100.0 33.761 33.766
212.668 60.00 26.2600 100.0 33.741 33.701
212.717 60.00 26.2300 100.0 33.765 33.779
212.767 60.00 26.2500 100.0 33.749 33.727
212.816 60.00 26.2500 100.0 33.753 33.741
212.868 60.00 26.2900 100.0 33.709 33.598
212.918 60.00 26.2300 100.0 33.769 33.793
212.966 60.00 26.2100 100.0 33.785 33.845
213.016 60.00 26.2300 100.0 33.769 33.792
213.065 60.00 26.2300 100.0 33.773 33.806
213.116 60.00 26.1800 100.0 33.822 33.962
213.166 60.00 26.2400 100.0 33.757 33.753
213.216 60.00 26.2200 100.0 33.781 33.831
213.266 60.00 26.2300 100.0 33.773 33.805
213.315 60.00 26.2300 100.0 33.773 33.804
213.366 60.00 26.1900 100.0 33.814 33.935
213.415 60.00 26.1700 100.0 33.829 33.985
213.465 60.00 26.2000 100.0 33.798 33.881
213.515 60.00 26.2700 100.0 33.729 33.658
213.564 60.00 26.2000 100.0 33.798 33.881
213.614 60.00 26.2300 100.0 33.769 33.788
213.664 60.00 26.2500 100.0 33.749 33.723
213.714 60.00 26.2000 100.0 33.801 33.893
213.763 60.00 26.2300 100.0 33.773 33.801
213.813 60.00 26.2200 100.0 33.781 33.827
213.863 60.00 26.1900 100.0 33.809 33.918
213.914 60.00 26.2300 100.0 33.765 33.774
213.963 60.00 26.2100 100.0 33.793 33.865
214.012 60.00 26.2500 100.0 33.745 33.708
214.062 60.00 26.2200 100.0 33.777 33.813
214.111 60.00 26.1900 100.0 33.814 33.930
214.162 60.00 26.2100 100.0 33.785 33.838
214.212 60.00 26.1900 100.0 33.814 33.929
214.261 60.00 26.2200 100.0 33.777 33.811
214.312 60.00 26.2000 100.0 33.798 33.876
214.361 60.00 26.1900 100.0 33.814 33.928
214.411 60.00 26.2100 100.0 33.785 33.835
214.461 60.00 26.2700 100.0 33.725 33.640
214.510 60.00 26.2200 100.0 33.781 33.823
214.560 60.00 26.2100 100.0 33.793 33.862
214.609 60.00 26.2100 100.0 33.785 33.835
214.660 60.00 26.2900 100.0 33.705 33.575
214.710 60.00 26.2300 100.0 33.769 33.783
214.760 60.00 26.2700 100.0 33.725 33.641
214.809 60.00 26.2700 100.0 33.729 33.653
214.858 60.00 26.2200 100.0 33.781 33.823
214.909 60.00 26.1700 100.0 33.826 33.967
214.959 60.00 26.1800 100.0 33.818 33.940
215.008 60.00 26.1900 100.0 33.809 33.913
215.058 60.00 26.2700 100.0 33.725 33.639
215.107 60.00 26.1700 100.0 33.834 33.991
215.159 60.00 26.2000 100.0 33.801 33.886
215.208 60.00 26.2400 100.0 33.761 33.755
215.257 60.00 26.2600 100.0 33.737 33.677
215.307 60.00 26.2400 100.0 33.761 33.755
215.357 60.00 26.1900 100.0 33.809 33.911
215.408 60.00 26.2100 100.0 33.785 33.833
215.457 60.00 26.2200 100.0 33.777 33.806
215.507 60.00 26.2600 100.0 33.737 33.676
215.556 60.00 26.1900 100.0 33.814 33.924
215.606 60.00 26.1900 100.0 33.806 33.897
215.656 60.00 26.2700 100.0 33.725 33.636
215.706 60.00 26.1900 100.0 33.809 33.910
215.756 60.00 26.2000 100.0 33.801 33.883
215.805 60.00 26.2500 100.0 33.745 33.700
215.856 60.00 26.2000 100.0 33.798 33.870
215.904 60.00 26.1900 100.0 33.806 33.896
215.955 60.00 26.2700 100.0 33.729 33.647
216.005 60.00 26.2500 100.0 33.753 33.727
216.054 60.00 26.2300 100.0 33.765 33.765
216.104 60.00 26.2400 100.0 33.757 33.739
216.153 60.00 26.2600 100.0 33.737 33.675
216.204 60.00 26.2200 100.0 33.781 33.818
216.254 60.00 26.2300 100.0 33.769 33.778
216.304 60.00 26.2600 100.0 33.741 33.688
216.354 60.00 26.2500 100.0 33.753 33.727
216.402 60.00 26.1600 100.0 33.842 34.014
216.453 60.00 26.2700 100.0 33.729 33.648
216.503 60.00 26.2900 100.0 33.705 33.571
216.552 60.00 26.2100 100.0 33.789 33.844
216.602 60.00 26.3000 100.0 33.701 33.558
216.651 60.00 26.4300 100.0 33.574 33.144
216.702 60.00 26.2500 100.0 33.745 33.705
216.753 60.00 26.2700 100.0 33.733 33.666
216.801 60.00 26.2100 100.0 33.793 33.862
216.851 60.00 26.2800 100.0 33.721 33.627
216.900 60.00 26.2700 100.0 33.729 33.653
216.951 60.00 26.2100 100.0 33.789 33.849
217.001 60.00 26.2200 100.0 33.777 33.810
217.050 60.00 26.2300 100.0 33.765 33.770
217.101 60.00 26.2300 100.0 33.765 33.770
217.150 60.00 26.1800 100.0 33.822 33.953
217.201 60.00 26.2500 100.0 33.749 33.717
217.250 60.00 26.1700 100.0 33.826 33.965
217.299 60.00 26.2000 100.0 33.798 33.873
217.350 60.00 26.2500 100.0 33.749 33.716
217.399 60.00 26.1800 100.0 33.818 33.938
217.450 60.00 26.2400 100.0 33.757 33.742
217.499 60.00 26.1900 100.0 33.814 33.925
217.549 60.00 26.1900 100.0 33.809 33.911
217.598 60.00 26.2500 100.0 33.749 33.714
217.647 60.00 26.2700 100.0 33.729 33.649
217.698 60.00 26.2600 100.0 33.737 33.676
217.748 60.00 26.3000 100.0 33.701 33.560
217.799 60.00 26.2200 100.0 33.777 33.808
217.847 60.00 26.2100 100.0 33.793 33.860
217.897 60.00 26.2200 100.0 33.777 33.807
217.947 60.00 26.3100 100.0 33.685 33.508
217.997 60.00 26.2200 100.0 33.777 33.808
218.047 60.00 26.2200 100.0 33.781 33.821
218.096 60.00 26.2500 100.0 33.749 33.716
218.147 60.00 26.2000 100.0 33.798 33.873
218.196 60.00 26.2600 100.0 33.737 33.677
218.247 60.00 26.2000 100.0 33.801 33.886
218.296 60.00 26.1900 100.0 33.809 33.911
218.345 60.00 26.2100 100.0 33.789 33.845
218.395 60.00 26.2100 100.0 33.785 33.832
218.444 60.00 26.2500 100.0 33.749 33.714
218.495 60.00 26.2700 100.0 33.725 33.637
218.545 60.00 26.2000 100.0 33.798 33.872
218.595 60.00 26.2200 100.0 33.781 33.819
218.644 60.00 26.2300 100.0 33.769 33.780
218.693 60.00 26.1800 100.0 33.822 33.949
218.744 60.00 26.2300 100.0 33.773 33.792
218.794 60.00 26.2200 100.0 33.781 33.818
218.843 60.00 26.2600 100.0 33.741 33.688
218.893 60.00 26.3300 100.0 33.669 33.454
218.942 60.00 26.2200 100.0 33.781 33.820
218.994 60.00 26.2600 100.0 33.737 33.676
219.043 60.00 26.2100 100.0 33.793 33.859
219.092 60.00 26.2000 100.0 33.801 33.884
219.142 60.00 26.2200 100.0 33.781 33.819
219.191 60.00 26.2000 100.0 33.798 33.871
219.242 60.00 26.2100 100.0 33.789 33.844
219.292 60.00 26.1000 100.0 33.898 34.196
219.341 60.00 26.1800 100.0 33.818 33.933
219.391 60.00 26.1500 100.0 33.850 34.037
219.440 60.00 26.2100 100.0 33.785 33.827
219.491 60.00 26.1900 100.0 33.814 33.918
219.541 60.00 26.2000 100.0 33.801 33.878
219.591 60.00 26.1900 100.0 33.814 33.917
219.641 60.00 26.2200 100.0 33.781 33.812
219.689 60.00 26.1900 100.0 33.806 33.890
219.740 60.00 26.2000 100.0 33.801 33.876
219.790 60.00 26.2300 100.0 33.765 33.759
219.840 60.00 26.2000 100.0 33.798 33.863
219.889 60.00 26.2300 100.0 33.765 33.758
219.939 60.00 26.1800 100.0 33.818 33.928
219.989 60.00 26.2300 100.0 33.773 33.784
220.040 60.00 26.2400 100.0 33.761 33.745
220.089 60.00 26.1900 100.0 33.806 33.888
220.138 60.00 26.2400 100.0 33.761 33.744
220.188 60.00 26.2200 100.0 33.781 33.809
220.237 60.00 26.1700 100.0 33.826 33.953
220.288 60.00 26.2000 100.0 33.801 33.874
220.338 60.00 26.1700 100.0 33.834 33.978
220.388 60.00 26.2100 100.0 33.793 33.846
220.437 60.00 26.1400 100.0 33.854 34.042
220.486 60.00 26.2500 100.0 33.745 33.688
220.537 60.00 26.2800 100.0 33.717 33.598
220.587 60.00 26.2800 100.0 33.721 33.612
220.636 60.00 26.2500 100.0 33.749 33.703
220.686 60.00 26.3000 100.0 33.701 33.547
220.735 60.00 26.2700 100.0 33.729 33.639
220.787 60.00 26.2700 100.0 33.729 33.639
220.837 60.00 26.2400 100.0 33.761 33.745
220.885 60.00 26.2300 100.0 33.769 33.770
220.935 60.00 26.2200 100.0 33.781 33.810
220.984 60.00 26.1800 100.0 33.822 33.940
221.035 60.00 26.2500 100.0 33.749 33.704
221.085 60.00 26.2500 100.0 33.749 33.705
221.134 60.00 26.2400 100.0 33.757 33.731
221.185 60.00 26.2600 100.0 33.737 33.666
221.233 60.00 26.2100 100.0 33.785 33.823
221.284 60.00 26.1700 100.0 33.829 33.966
221.335 60.00 26.2200 100.0 33.781 33.809
221.384 60.00 26.2400 100.0 33.761 33.744
221.433 60.00 26.1800 100.0 33.822 33.939
221.482 60.00 26.2100 100.0 33.785 33.821
221.533 60.00 26.1800 100.0 33.818 33.925
221.583 60.00 26.2500 100.0 33.749 33.703
221.632 60.00 26.2100 100.0 33.793 33.847
221.682 60.00 26.2300 100.0 33.765 33.755
221.732 60.00 26.1900 100.0 33.814 33.912
221.783 60.00 26.1900 100.0 33.806 33.885
221.832 60.00 26.1600 100.0 33.842 34.002
221.882 60.00 26.2000 100.0 33.798 33.858
221.931 60.00 26.2100 100.0 33.785 33.818
221.981 60.00 26.2000 100.0 33.798 33.857
222.031 60.00 26.2300 100.0 33.773 33.778
222.081 60.00 26.2300 100.0 33.773 33.778
222.131 60.00 26.1800 100.0 33.822 33.934
222.180 60.00 26.2200 100.0 33.781 33.804
222.230 60.00 26.2200 100.0 33.777 33.790
222.279 60.00 26.2200 100.0 33.777 33.790
222.330 60.00 26.2000 100.0 33.801 33.868
222.380 60.00 26.2100 100.0 33.789 33.828
222.429 60.00 26.1500 100.0 33.846 34.012
222.479 60.00 26.1800 100.0 33.818 33.919
222.529 60.00 26.1900 100.0 33.809 33.892
222.580 60.00 26.1800 100.0 33.822 33.931
222.629 60.00 26.2100 100.0 33.789 33.825
222.678 60.00 26.1700 100.0 33.829 33.956
222.728 60.00 26.2200 100.0 33.781 33.799
222.777 60.00 26.1900 100.0 33.814 33.903
222.828 60.00 26.1600 100.0 33.842 33.994
222.878 60.00 26.1500 100.0 33.846 34.006
222.928 60.00 26.2700 100.0 33.729 33.626
222.978 60.00 26.2100 100.0 33.789 33.822
223.026 60.00 26.1800 100.0 33.818 33.914
223.077 60.00 26.2200 100.0 33.781 33.796
223.127 60.00 26.1900 100.0 33.806 33.874
223.176 60.00 26.3300 100.0 33.665 33.418
223.226 60.00 26.1800 100.0 33.818 33.914
223.275 60.00 26.1700 100.0 33.834 33.966
223.326 60.00 26.2400 100.0 33.761 33.730
223.376 60.00 26.1900 100.0 33.814 33.900
223.425 60.00 26.1600 100.0 33.842 33.991
223.475 60.00 26.1900 100.0 33.814 33.899
223.524 60.00 26.2200 100.0 33.781 33.794
223.576 60.00 26.2500 100.0 33.745 33.676
223.625 60.00 26.2300 100.0 33.773 33.768
223.674 60.00 26.2200 100.0 33.781 33.794
223.724 60.00 26.1800 100.0 33.818 33.911
223.773 60.00 26.2100 100.0 33.785 33.806
223.824 60.00 26.2000 100.0 33.798 33.846
223.874 60.00 26.1800 100.0 33.818 33.910
223.925 60.00 26.2200 100.0 33.781 33.792
223.973 60.00 26.2100 100.0 33.793 33.831
224.022 60.00 26.2200 100.0 33.781 33.792
224.073 60.00 26.2100 100.0 33.785 33.805
224.123 60.00 26.2300 100.0 33.769 33.752
224.173 60.00 26.2100 100.0 33.789 33.817
224.222 60.00 26.1900 100.0 33.809 33.883
224.272 60.00 26.1900 100.0 33.806 33.870
224.323 60.00 26.2000 100.0 33.801 33.856
224.373 60.00 26.2700 100.0 33.733 33.635
224.422 60.00 26.2100 100.0 33.793 33.830
224.471 60.00 26.2100 100.0 33.785 33.804
224.521 60.00 26.1800 100.0 33.818 33.908
224.570 60.00 26.2100 100.0 33.789 33.816
224.621 60.00 26.2100 100.0 33.789 33.816
224.671 60.00 26.1900 100.0 33.809 33.881
224.721 60.00 26.1700 100.0 33.834 33.959
224.770 60.00 26.2100 100.0 33.793 33.828
224.819 60.00 26.1800 100.0 33.818 33.906
224.870 60.00 26.2000 100.0 33.801 33.853
224.920 60.00 26.1900 100.0 33.809 33.879
224.969 60.00 26.2100 100.0 33.789 33.813
225.019 60.00 26.2600 100.0 33.737 33.644
225.068 60.00 26.2500 100.0 33.745 33.670
225.120 60.00 26.2300 100.0 33.769 33.749
225.169 60.00 26.2200 100.0 33.781 33.788
225.218 60.00 26.2100 100.0 33.789 33.814
225.268 60.00 26.1800 100.0 33.822 33.918
225.318 60.00 26.1900 100.0 33.814 33.892
225.368 60.00 26.2200 100.0 33.781 33.787
225.418 60.00 26.2200 100.0 33.781 33.787
225.467 60.00 26.2000 100.0 33.801 33.852
225.517 60.00 26.2100 100.0 33.793 33.826
225.566 60.00 26.1700 100.0 33.834 33.956
225.617 60.00 26.1900 100.0 33.806 33.864
225.667 60.00 26.2400 100.0 33.761 33.720
225.718 60.00 26.1800 100.0 33.818 33.903
225.766 60.00 26.1900 100.0 33.809 33.876
225.815 60.00 26.1600 100.0 33.838 33.967
225.866 60.00 26.2600 100.0 33.741 33.654
225.916 60.00 26.1000 100.0 33.894 34.150
225.966 60.00 26.1900 100.0 33.814 33.887
226.015 60.00 26.1300 100.0 33.870 34.069
226.065 60.00 26.2200 100.0 33.781 33.781
226.116 60.00 26.2600 100.0 33.741 33.651
226.165 60.00 26.1900 100.0 33.814 33.886
226.215 60.00 26.2000 100.0 33.801 33.846
226.264 60.00 26.1700 100.0 33.826 33.924
226.314 60.00 26.1900 100.0 33.814 33.885
226.364 60.00 26.1900 100.0 33.814 33.884
226.414 60.00 26.1900 100.0 33.814 33.884
226.464 60.00 26.1700 100.0 33.826 33.922
226.513 60.00 26.2300 100.0 33.773 33.752
226.563 60.00 26.1900 100.0 33.814 33.883
226.612 60.00 26.1700 100.0 33.834 33.948
226.663 60.00 26.1500 100.0 33.846 33.986
226.713 60.00 26.2100 100.0 33.789 33.802
226.762 60.00 26.2100 100.0 33.785 33.789
226.812 60.00 26.2000 100.0 33.798 33.829
226.862 60.00 26.2000 100.0 33.801 33.841
226.913 60.00 26.2500 100.0 33.749 33.671
226.962 60.00 26.1700 100.0 33.829 33.932
227.011 60.00 26.1900 100.0 33.814 33.880
227.061 60.00 26.1800 100.0 33.822 33.905
227.110 60.00 26.2400 100.0 33.757 33.696
227.161 60.00 26.1800 100.0 33.818 33.893
227.211 60.00 26.1900 100.0 33.814 33.879
227.261 60.00 26.1900 100.0 33.806 33.853
227.311 60.00 26.1800 100.0 33.818 33.891
227.359 60.00 26.2000 100.0 33.798 33.826
227.410 60.00 26.2700 100.0 33.733 33.617
227.460 60.00 26.2000 100.0 33.801 33.839
227.510 60.00 26.1800 100.0 33.818 33.891
227.559 60.00 26.2100 100.0 33.793 33.812
227.608 60.00 26.0900 100.0 33.910 34.191
227.659 60.00 26.1400 100.0 33.854 34.006
227.709 60.00 26.1800 100.0 33.822 33.901
227.758 60.00 26.2000 100.0 33.801 33.835
227.808 60.00 26.2500 100.0 33.749 33.665
227.858 60.00 26.1700 100.0 33.829 33.926
227.909 60.00 26.2000 100.0 33.798 33.822
227.958 60.00 26.2100 100.0 33.789 33.795
228.007 60.00 26.1800 100.0 33.822 33.900
228.057 60.00 26.2000 100.0 33.801 33.834
228.106 60.00 26.1400 100.0 33.854 34.004
228.157 60.00 26.2200 100.0 33.781 33.768
228.207 60.00 26.2000 100.0 33.798 33.820
228.258 60.00 26.1800 100.0 33.822 33.898
228.307 60.00 26.2000 100.0 33.798 33.820
228.356 60.00 26.1800 100.0 33.822 33.897
228.406 60.00 26.1200 100.0 33.878 34.080
228.456 60.00 26.1500 100.0 33.846 33.974
228.506 60.00 26.1900 100.0 33.814 33.869
228.555 60.00 26.1900 100.0 33.814 33.869
228.605 60.00 26.2100 100.0 33.789 33.789
228.655 60.00 26.1700 100.0 33.826 33.907
228.706 60.00 26.2100 100.0 33.793 33.803
228.755 60.00 26.1400 100.0 33.858 34.011
228.804 60.00 26.1700 100.0 33.834 33.932
228.854 60.00 26.1900 100.0 33.809 33.853
228.903 60.00 26.1700 100.0 33.826 33.905
228.954 60.00 26.1500 100.0 33.850 33.983
229.004 60.00 26.1700 100.0 33.834 33.930
229.054 60.00 26.1400 100.0 33.862 34.020
229.103 60.00 26.1100 100.0 33.886 34.098
229.152 60.00 26.2300 100.0 33.773 33.731
229.203 60.00 26.2000 100.0 33.801 33.823
229.253 60.00 26.2300 100.0 33.773 33.732
229.303 60.00 26.1200 100.0 33.878 34.071
229.352 60.00 26.1600 100.0 33.838 33.939
229.401 60.00 26.2000 100.0 33.801 33.821
229.452 60.00 26.1700 100.0 33.834 33.926
229.502 60.00 26.2100 100.0 33.793 33.794
229.551 60.00 26.2100 100.0 33.789 33.781
229.601 60.00 26.1800 100.0 33.818 33.873
229.651 60.00 26.2000 100.0 33.798 33.807
229.701 60.00 26.2000 100.0 33.798 33.807
229.768 60.00 26.1800 100.0 33.822 33.885
0.050 26.21 26.1700 1.6 0.037 0.191
0.101 26.21 26.1400 2.7 0.069 0.329
0.151 26.21 26.1400 2.9 0.065 0.352
0.200 26.21 26.2300 0.8 -0.022 0.097
0.249 26.21 26.1400 3.7 0.074 0.448
0.299 26.21 26.2100 1.9 -0.001 0.229
0.350 26.21 26.1600 3.6 0.052 0.436
0.400 26.21 26.1500 4.2 0.065 0.508
0.449 26.21 26.1900 3.4 0.026 0.410
0.499 26.22 26.1900 3.5 0.023 0.432
0.548 26.22 26.1700 4.6 0.052 0.557
0.599 26.22 26.2000 3.9 0.017 0.473
0.649 26.22 26.1800 4.8 0.042 0.582
0.698 26.22 26.1700 5.2 0.048 0.629
0.749 26.22 26.1300 6.6 0.093 0.803
0.797 26.22 26.1700 5.8 0.055 0.702
0.848 26.23 26.1700 6.0 0.056 0.735
0.898 26.23 26.1500 6.8 0.078 0.832
0.947 26.23 26.1700 6.4 0.056 0.784
0.997 26.23 26.1200 8.0 0.106 0.971
1.046 26.23 26.1500 7.5 0.080 0.910
1.097 26.24 26.1800 7.1 0.058 0.862
1.147 26.24 26.1200 8.8 0.116 1.073
1.196 26.24 26.1400 8.5 0.098 1.040
1.247 26.24 26.1500 8.6 0.093 1.043
1.296 26.24 26.1400 8.9 0.099 1.083
1.346 26.25 26.2000 7.8 0.049 0.944
1.396 26.25 26.1800 8.5 0.072 1.037
1.446 26.25 26.1700 8.9 0.079 1.081
1.495 26.25 26.2000 8.4 0.053 1.019
1.544 26.26 26.1600 9.8 0.100 1.190
1.595 26.26 26.1700 9.7 0.091 1.182
1.645 26.26 26.1500 10.4 0.114 1.272
1.695 26.27 26.1800 10.0 0.089 1.212
1.745 26.27 26.1600 10.7 0.112 1.303
1.794 26.27 26.1500 11.2 0.123 1.359
1.844 26.28 26.1000 12.6 0.170 1.528
1.894 26.28 26.1200 12.2 0.153 1.487
1.944 26.28 26.2300 9.7 0.052 1.175
1.993 26.29 26.0800 13.9 0.204 1.688
2.043 26.29 26.1400 12.5 0.147 1.518
2.092 26.29 26.1300 12.9 0.159 1.570
2.143 26.30 26.1200 13.5 0.179 1.648
2.193 26.30 26.1600 12.6 0.138 1.528
2.242 26.30 26.1400 13.2 0.158 1.609
2.292 26.31 26.1400 13.4 0.162 1.634
2.341 26.31 26.2100 11.9 0.101 1.450
2.392 26.31 26.1600 13.4 0.153 1.632
2.442 26.32 26.1700 13.6 0.153 1.649
2.491 26.32 26.2000 12.9 0.125 1.567
2.542 26.33 26.2100 12.9 0.121 1.566
2.591 26.33 26.1400 14.9 0.194 1.814
2.642 26.33 26.1700 14.3 0.166 1.732
2.691 26.34 26.1400 15.3 0.202 1.862
2.740 26.34 26.1400 15.3 0.198 1.861
2.790 26.35 26.2400 13.1 0.110 1.586
2.839 26.35 26.1600 15.4 0.195 1.871
2.890 26.36 26.1800 15.0 0.175 1.815
2.940 26.36 26.1400 16.1 0.216 1.958
2.989 26.37 26.1300 16.8 0.237 2.037
3.040 26.37 26.1700 16.0 0.205 1.941
3.089 26.38 26.1700 16.1 0.206 1.951
3.140 26.38 26.1400 16.9 0.235 2.055
3.189 26.38 26.1900 16.1 0.199 1.945
3.238 26.39 26.1600 16.9 0.228 2.048
3.288 26.39 26.2200 15.5 0.173 1.876
3.337 26.40 26.1500 17.5 0.246 2.121
3.388 26.40 26.1700 17.2 0.231 2.079
3.438 26.41 26.1600 17.6 0.248 2.138
3.487 26.41 26.1900 17.2 0.229 2.082
3.537 26.42 26.1800 17.5 0.238 2.119
3.587 26.42 26.2100 17.1 0.220 2.063
3.638 26.43 26.1500 18.7 0.281 2.270
3.687 26.44 26.1200 19.8 0.318 2.397
3.737 26.44 26.1500 19.1 0.292 2.312
3.786 26.45 26.1200 20.0 0.325 2.426
3.836 26.45 26.1700 18.8 0.278 2.275
3.886 26.46 26.1200 20.3 0.332 2.452
3.936 26.46 26.2000 18.4 0.261 2.227
3.986 26.47 26.1500 20.0 0.319 2.420
4.036 26.47 26.2000 18.9 0.276 2.284
4.086 26.48 26.1800 19.5 0.298 2.357
4.134 26.49 26.2200 18.7 0.268 2.262
4.186 26.49 26.1200 21.3 0.366 2.581
4.235 26.50 26.1900 19.7 0.303 2.381
4.284 26.50 26.1200 21.7 0.377 2.624
4.335 26.51 26.1700 20.6 0.335 2.487
4.384 26.51 26.1700 21.0 0.349 2.533
4.434 26.52 26.1800 20.8 0.343 2.514
4.484 26.53 26.1600 21.4 0.365 2.587
4.533 26.53 26.1700 21.5 0.367 2.594
4.583 26.54 26.1700 21.4 0.365 2.588
4.632 26.54 26.1600 22.0 0.387 2.661
4.683 26.55 26.1000 23.7 0.450 2.864
4.733 26.56 26.2000 21.3 0.359 2.567
4.783 26.56 26.1000 24.0 0.462 2.901
4.833 26.57 26.1300 23.3 0.436 2.816
4.881 26.58 26.1200 23.9 0.459 2.886
4.932 26.58 26.2200 21.4 0.365 2.582
4.982 26.59 26.1700 22.9 0.419 2.756
5.031 26.59 26.1300 24.0 0.462 2.892
5.081 26.60 26.0800 25.6 0.524 3.095
5.130 26.61 26.1300 24.3 0.475 2.931
5.181 26.61 26.1700 23.4 0.441 2.818
5.231 26.62 26.1600 23.9 0.464 2.887
5.280 26.63 26.1200 25.2 0.510 3.035
5.331 26.63 26.1900 23.5 0.449 2.834
5.380 26.64 26.2600 21.8 0.383 2.616
5.430 26.65 26.1200 25.4 0.522 3.065
5.480 26.65 26.1400 25.2 0.513 3.033
5.529 26.66 26.1200 25.9 0.540 3.116
5.580 26.67 26.1400 25.6 0.530 3.081
5.629 26.67 26.1900 24.5 0.489 2.945
5.680 26.68 26.1500 25.6 0.532 3.077
5.730 26.69 26.1500 25.7 0.539 3.097
5.780 26.69 26.1500 25.9 0.546 3.112
5.831 26.70 26.1700 25.6 0.537 3.080
5.881 26.71 26.1500 26.1 0.556 3.134
5.931 26.72 26.1300 26.9 0.587 3.233
5.981 26.72 26.1800 25.7 0.546 3.090
6.031 26.73 26.1000 28.0 0.633 3.372
6.081 26.74 26.1100 27.7 0.624 3.334
6.130 26.74 26.1900 25.9 0.559 3.116
6.181 26.75 26.1400 27.2 0.610 3.277
6.232 26.76 26.1000 28.6 0.662 3.439
6.281 26.77 26.1700 26.8 0.596 3.217
6.332 26.77 26.1700 26.9 0.604 3.235
6.381 26.78 26.1200 28.3 0.655 3.397
6.432 26.79 26.1600 27.4 0.626 3.296
6.482 26.79 26.1500 27.8 0.642 3.341
6.532 26.80 26.0900 29.6 0.713 3.564
6.583 26.81 26.1100 29.3 0.701 3.516
6.633 26.82 26.1500 28.3 0.668 3.402
6.684 26.82 26.1500 28.4 0.671 3.405
6.733 26.83 26.1200 29.2 0.707 3.510
6.783 26.84 26.1300 29.3 0.710 3.514
6.833 26.85 26.1600 28.6 0.690 3.437
6.882 26.85 26.2000 27.6 0.653 3.311
6.933 26.86 26.2100 27.6 0.652 3.301
6.984 26.87 26.0800 31.1 0.789 3.737
7.033 26.88 26.0900 30.9 0.784 3.712
7.084 26.88 26.1700 29.0 0.715 3.477
7.132 26.89 26.1200 30.6 0.775 3.665
7.185 26.90 26.1400 30.1 0.759 3.602
7.235 26.91 26.1700 29.5 0.743 3.538
7.284 26.92 26.1400 30.3 0.774 3.634
7.334 26.92 26.1400 30.4 0.778 3.636
7.383 26.93 26.0700 32.4 0.858 3.887
7.434 26.94 26.1600 30.3 0.782 3.625
7.485 26.95 26.2100 29.0 0.737 3.473
7.535 26.95 26.1400 31.0 0.813 3.712
7.585 26.96 26.1900 29.8 0.773 3.569
7.634 26.97 26.1100 32.1 0.861 3.846
7.686 26.98 26.1900 30.1 0.789 3.599
7.737 26.99 26.1400 31.4 0.841 3.759
7.785 26.99 26.1400 31.6 0.853 3.786
7.836 27.00 26.1200 32.4 0.885 3.883
7.886 27.01 26.1000 32.9 0.905 3.934
7.936 27.02 26.1900 30.7 0.828 3.673
7.986 27.03 26.1400 32.3 0.889 3.859
8.036 27.03 26.1200 32.7 0.909 3.912
8.086 27.04 26.1400 32.5 0.905 3.888
8.136 27.05 26.1200 33.0 0.925 3.941
8.187 27.06 26.1400 32.5 0.913 3.889
8.236 27.07 26.1200 33.3 0.945 3.984
8.287 27.07 26.1300 33.1 0.941 3.957
8.336 27.08 26.1500 32.7 0.929 3.907
8.387 27.09 26.2200 31.1 0.873 3.713
8.437 27.10 26.1200 33.9 0.982 4.055
8.488 27.11 26.1100 34.2 0.994 4.083
8.538 27.12 26.0800 35.0 1.030 4.189
8.587 27.12 26.1200 34.2 1.002 4.083
8.638 27.13 26.2000 32.3 0.934 3.849
8.688 27.14 26.1400 33.9 0.999 4.047
8.738 27.15 26.1000 35.2 1.052 4.207
8.788 27.16 26.1500 33.8 1.004 4.036
8.837 27.16 26.1200 34.9 1.048 4.168
8.888 27.17 26.1700 33.6 1.000 3.999
8.939 27.18 26.1900 33.2 0.992 3.960
8.989 27.19 26.1700 34.0 1.025 4.055
9.040 27.20 26.1000 35.8 1.097 4.275
9.088 27.21 26.0800 36.5 1.126 4.355
9.139 27.22 26.1500 34.7 1.062 4.131
9.189 27.22 26.1800 34.1 1.042 4.055
9.239 27.23 26.1500 35.0 1.083 4.172
9.289 27.24 26.1600 34.8 1.079 4.148
9.339 27.25 26.1500 35.2 1.096 4.190
9.390 27.26 26.1400 35.5 1.113 4.228
9.440 27.27 26.1800 34.7 1.085 4.126
9.490 27.27 26.1700 35.1 1.105 4.177
9.541 27.28 26.2400 33.4 1.046 3.972
9.590 27.29 26.0700 38.0 1.223 4.533
9.641 27.30 26.1300 36.5 1.171 4.348
9.691 27.31 26.1200 36.9 1.188 4.386
9.740 27.32 26.1600 35.9 1.156 4.270
9.791 27.33 26.1500 36.2 1.173 4.309
9.839 27.33 26.1700 36.0 1.170 4.282
9.891 27.34 26.2400 34.1 1.102 4.049
9.941 27.35 26.1100 37.8 1.243 4.494
9.991 27.36 26.1500 36.7 1.208 4.362
10.042 27.37 26.1500 37.0 1.220 4.390
10.090 27.38 26.0900 38.5 1.285 4.585
10.141 27.39 26.1400 37.5 1.250 4.453
10.193 27.40 26.1800 36.4 1.214 4.324
10.243 27.40 26.1000 38.6 1.299 4.586
10.293 27.41 26.1200 38.1 1.288 4.532
10.341 27.42 26.1200 38.3 1.297 4.544
10.392 27.43 26.1600 37.5 1.273 4.454
10.443 27.44 26.1000 39.2 1.343 4.663
10.492 27.45 26.1100 38.9 1.335 4.623
10.543 27.46 26.1300 38.5 1.324 4.572
10.591 27.47 26.1300 38.6 1.333 4.581
10.644 27.47 26.1500 38.3 1.326 4.544
10.694 27.48 26.1800 37.6 1.302 4.452
10.743 27.49 26.1600 38.3 1.335 4.543
10.793 27.50 26.1100 39.7 1.392 4.712
10.842 27.51 26.2100 37.3 1.305 4.411
10.893 27.52 26.1400 39.2 1.382 4.646
10.944 27.53 26.1500 38.9 1.375 4.609
10.994 27.54 26.1000 40.4 1.436 4.788
11.044 27.55 26.1300 39.8 1.417 4.711
11.095 27.55 26.1500 39.2 1.402 4.642
11.144 27.56 26.1000 40.7 1.463 4.827
11.195 27.57 26.1700 38.9 1.399 4.601
11.244 27.58 26.1500 39.7 1.432 4.695
11.294 27.59 26.1000 41.1 1.494 4.875
11.345 27.60 26.1000 41.0 1.495 4.863
11.395 27.61 26.1600 39.8 1.451 4.705
11.445 27.62 26.1100 41.2 1.509 4.874
11.495 27.63 26.1000 41.6 1.530 4.923
11.545 27.64 26.0900 41.8 1.543 4.947
11.596 27.64 26.1000 41.6 1.540 4.920
11.646 27.65 26.1000 41.8 1.553 4.947
11.695 27.66 26.1600 40.4 1.506 4.774
11.746 27.67 26.1300 41.2 1.543 4.878
11.795 27.68 26.0700 42.9 1.608 5.076
11.846 27.69 26.1000 42.1 1.585 4.980
11.896 27.70 26.1200 41.8 1.578 4.939
11.947 27.71 26.1900 40.1 1.519 4.729
11.996 27.72 26.1400 41.6 1.580 4.913
12.046 27.73 26.1200 42.2 1.609 4.991
12.097 27.74 26.1000 42.7 1.631 5.042
12.147 27.74 26.1100 42.5 1.632 5.025
12.197 27.75 26.0900 43.2 1.661 5.102
12.247 27.76 26.1200 42.5 1.642 5.022
12.296 27.77 26.1100 43.0 1.663 5.073
12.347 27.78 26.1400 42.3 1.644 4.994
12.398 27.79 26.1400 42.3 1.649 4.993
12.447 27.80 26.1300 42.7 1.671 5.043
12.498 27.81 26.0800 44.2 1.732 5.224
12.547 27.82 26.1800 41.7 1.641 4.909
12.599 27.83 26.1400 42.9 1.690 5.053
12.649 27.84 26.1700 42.1 1.667 4.958
12.698 27.85 26.1400 42.8 1.701 5.049
12.748 27.85 26.1000 44.1 1.754 5.205
12.798 27.86 26.1100 44.0 1.755 5.191
12.849 27.87 26.1400 43.2 1.732 5.096
12.899 27.88 26.0900 44.6 1.790 5.265
12.949 27.89 26.1500 43.3 1.743 5.093
12.999 27.90 26.1400 43.7 1.764 5.146
13.049 27.91 26.1600 43.1 1.749 5.077
13.099 27.92 26.1900 42.5 1.731 4.998
13.150 27.93 26.1000 45.0 1.828 5.298
13.199 27.94 26.1000 45.2 1.842 5.325
13.250 27.95 26.1200 44.5 1.823 5.242
13.298 27.96 26.0800 45.8 1.876 5.397
13.350 27.97 26.1700 43.5 1.793 5.109
13.400 27.98 26.1000 45.5 1.875 5.354
13.451 27.99 26.1900 43.4 1.800 5.092
13.501 27.99 26.1300 45.0 1.865 5.288
13.549 28.00 26.0800 46.4 1.927 5.468
13.600 28.01 26.0700 46.6 1.940 5.492
13.651 28.02 26.1200 45.4 1.897 5.334
13.701 28.03 26.1400 44.9 1.887 5.278
13.751 28.04 26.1100 45.9 1.928 5.392
13.800 28.05 26.1400 45.3 1.914 5.325
13.851 28.06 26.1600 44.9 1.903 5.273
13.902 28.07 26.1100 46.3 1.960 5.443
13.952 28.08 26.1400 45.6 1.942 5.360
14.002 28.09 26.1100 46.5 1.979 5.461
14.052 28.10 26.1400 45.6 1.953 5.356
14.102 28.11 26.1000 47.0 2.010 5.525
14.152 28.12 26.1600 45.5 1.959 5.342
14.202 28.13 26.1300 46.3 1.993 5.430
14.252 28.14 26.1300 46.5 2.006 5.453
14.302 28.14 26.1000 47.4 2.048 5.569
14.353 28.15 26.1300 46.6 2.021 5.464
14.403 28.16 26.0300 49.5 2.135 5.814
14.453 28.17 26.1100 47.4 2.064 5.563
14.502 28.18 26.1300 47.0 2.054 5.507
14.553 28.19 26.1200 47.4 2.075 5.559
14.604 28.20 26.1500 46.6 2.052 5.463
14.655 28.21 26.1200 47.4 2.086 5.554
14.703 28.22 26.0600 49.2 2.160 5.773
14.753 28.23 26.0900 48.4 2.137 5.680
14.804 28.24 26.1300 47.6 2.111 5.575
14.854 28.25 26.0800 48.9 2.168 5.738
14.904 28.26 26.1600 46.9 2.097 5.488
14.954 28.27 26.0800 49.2 2.187 5.762
15.004 28.28 26.1300 47.9 2.144 5.602
15.055 28.29 26.1100 48.6 2.178 5.693
15.106 28.30 26.1000 49.0 2.200 5.741
15.154 28.31 26.1100 48.7 2.193 5.701
15.205 28.32 26.0900 49.3 2.223 5.776
15.254 28.33 26.1000 49.1 2.220 5.749
15.305 28.33 26.0900 49.6 2.246 5.810
15.355 28.34 26.1200 48.9 2.223 5.715
15.405 28.35 26.1000 49.5 2.253 5.792
15.455 28.36 26.1100 49.4 2.254 5.775
15.506 28.37 26.0900 50.0 2.284 5.853
15.557 28.38 26.0900 50.1 2.294 5.862
15.606 28.39 26.1000 49.9 2.291 5.835
15.656 28.40 26.1100 49.8 2.293 5.818
15.706 28.41 26.1100 49.8 2.298 5.815
15.755 28.42 26.1900 47.7 2.228 5.566
15.806 28.43 26.1700 48.6 2.265 5.668
15.857 28.44 26.1200 50.0 2.323 5.838
15.907 28.45 26.1600 49.0 2.292 5.716
15.958 28.46 26.1800 48.6 2.282 5.661
16.006 28.47 26.0600 51.7 2.404 6.041
16.057 28.48 26.1200 50.4 2.361 5.879
16.107 28.49 26.0600 51.9 2.423 6.062
16.157 28.50 26.1200 50.4 2.373 5.874
16.207 28.51 26.1300 50.2 2.374 5.861
16.257 28.52 26.0900 51.4 2.424 6.001
16.308 28.53 26.0800 51.7 2.442 6.037
16.358 28.54 26.1200 50.8 2.411 5.918
16.408 28.55 26.0800 51.9 2.461 6.059
16.458 28.56 26.1100 51.4 2.446 5.989
16.508 28.56 26.0800 52.1 2.480 6.077
16.559 28.57 26.1100 51.6 2.466 6.010
16.609 28.58 26.1500 50.5 2.431 5.876
16.658 28.59 26.1200 51.5 2.477 6.007
16.709 28.60 26.1200 51.4 2.479 5.990
16.757 28.61 26.0800 52.8 2.536 6.157
16.809 28.62 26.1100 52.0 2.510 6.051
16.859 28.63 26.1000 52.4 2.532 6.100
16.909 28.64 26.1300 51.7 2.513 6.018
16.960 28.65 26.1200 52.0 2.531 6.056
17.008 28.66 26.1100 52.3 2.549 6.093
17.059 28.67 26.0700 53.6 2.602 6.245
17.110 28.68 26.1400 51.9 2.544 6.035
17.160 28.69 26.0900 53.2 2.598 6.189
17.210 28.70 26.1200 52.6 2.583 6.120
17.259 28.71 26.0700 54.0 2.641 6.289
17.310 28.72 26.1400 52.2 2.579 6.063
17.361 28.73 26.1200 52.7 2.604 6.125
17.411 28.74 26.1500 52.1 2.586 6.046
17.461 28.75 26.1100 53.2 2.636 6.187
17.511 28.76 26.1400 52.7 2.621 6.119
17.561 28.77 26.1400 52.5 2.623 6.102
17.611 28.78 26.1300 53.1 2.649 6.167
17.661 28.79 26.1300 53.2 2.659 6.177
17.711 28.80 26.2000 51.4 2.596 5.952
17.761 28.81 26.1600 52.5 2.646 6.096
17.812 28.82 26.1200 53.8 2.700 6.250
17.862 28.83 26.1600 52.8 2.669 6.129
17.912 28.84 26.1400 53.3 2.691 6.181
17.961 28.85 26.1500 53.3 2.697 6.178
18.012 28.86 26.1400 53.6 2.715 6.214
18.062 28.87 26.1100 54.5 2.756 6.329
18.112 28.88 26.1300 54.0 2.742 6.260
18.163 28.88 26.0800 55.6 2.808 6.456
18.213 28.89 26.1200 54.5 2.774 6.321
18.262 28.90 26.1300 54.4 2.775 6.305
18.313 28.91 26.1300 54.4 2.781 6.304
18.364 28.92 26.0800 56.0 2.847 6.494
18.414 28.93 26.1000 55.3 2.829 6.414
18.462 28.94 26.0900 55.8 2.855 6.476
18.513 28.95 26.0800 56.2 2.876 6.525
18.564 28.96 26.1600 54.1 2.802 6.262
18.613 28.97 26.1100 55.5 2.860 6.430
18.664 28.98 26.1100 55.6 2.870 6.440
18.713 28.99 26.0800 56.6 2.916 6.566
18.764 29.00 26.0900 56.3 2.909 6.523
18.814 29.01 26.1400 55.1 2.871 6.378
18.865 29.02 26.1400 55.3 2.884 6.401
18.914 29.03 26.1100 56.2 2.922 6.503
18.964 29.04 26.0900 56.7 2.948 6.568
19.015 29.05 26.1500 55.2 2.898 6.378
19.065 29.06 26.0800 57.1 2.976 6.613
19.115 29.07 26.1400 55.8 2.933 6.453
19.165 29.08 26.0800 57.5 3.004 6.659
19.215 29.09 26.1500 55.7 2.941 6.435
19.266 29.10 26.1200 56.6 2.983 6.551
19.317 29.11 26.0800 57.8 3.033 6.691
19.365 29.12 26.1000 57.1 3.015 6.609
19.416 29.13 26.0600 58.4 3.069 6.761
19.464 29.14 26.1100 57.1 3.026 6.600
19.516 29.15 26.0800 58.0 3.064 6.705
19.566 29.16 26.0800 58.3 3.082 6.740
19.616 29.17 26.1100 57.5 3.059 6.645
19.667 29.18 26.0600 58.9 3.118 6.811
19.716 29.19 26.1700 56.2 3.023 6.483
19.767 29.20 26.1400 57.1 3.061 6.585
19.817 29.21 26.0900 58.3 3.115 6.739
19.867 29.22 26.0800 58.8 3.137 6.787
19.917 29.23 26.0400 60.0 3.191 6.944
19.966 29.24 26.1000 58.4 3.136 6.743
20.017 29.25 26.1000 58.5 3.146 6.752
20.068 29.26 26.0500 60.0 3.208 6.932
20.118 29.27 26.1000 58.6 3.162 6.758
20.169 29.28 26.1300 58.0 3.147 6.689
20.217 29.29 26.0900 59.1 3.193 6.817
20.268 29.30 26.1900 56.5 3.103 6.499
20.318 29.31 26.1000 58.9 3.201 6.797
20.368 29.32 26.1000 59.3 3.219 6.836
20.419 29.33 26.0900 59.5 3.233 6.858
20.467 29.34 26.1000 59.2 3.231 6.829
20.518 29.35 26.0900 59.6 3.252 6.877
20.569 29.36 26.0900 59.8 3.262 6.890
20.619 29.36 26.0600 60.7 3.304 7.001
20.669 29.37 26.1600 58.2 3.218 6.699
20.719 29.38 26.0700 60.7 3.316 6.997
20.769 29.39 26.1400 58.8 3.249 6.758
20.820 29.40 26.0700 60.8 3.332 7.004
20.869 29.41 26.1500 58.8 3.261 6.754
20.919 29.42 26.0700 61.1 3.355 7.039
20.970 29.43 26.1100 60.0 3.321 6.905
21.020 29.44 26.0800 61.0 3.363 7.019
21.070 29.45 26.1500 59.1 3.301 6.793
21.120 29.46 26.0500 62.0 3.415 7.143
21.169 29.47 26.0700 61.4 3.401 7.074
21.220 29.48 26.1100 60.5 3.370 6.952
21.271 29.49 26.0400 62.6 3.457 7.210
21.321 29.50 26.0500 62.2 3.450 7.166
21.371 29.51 26.1000 61.0 3.408 7.008
21.420 29.52 26.1000 61.2 3.422 7.030
21.471 29.53 26.0300 63.1 3.500 7.263
21.521 29.54 26.0500 62.6 3.490 7.207
21.571 29.55 26.0500 62.7 3.500 7.215
21.621 29.56 26.0700 62.3 3.490 7.159
21.672 29.57 26.1300 60.8 3.439 6.974
21.723 29.58 26.1200 61.3 3.465 7.034
21.772 29.59 26.1000 61.9 3.495 7.112
21.822 29.60 26.0800 62.3 3.517 7.161
21.872 29.61 26.0300 63.9 3.583 7.353
21.921 29.62 26.1000 62.0 3.517 7.114
21.972 29.63 26.1100 61.9 3.518 7.097
22.023 29.64 26.1200 61.9 3.524 7.094
22.073 29.65 26.0900 62.7 3.562 7.197
22.123 29.66 26.0600 63.7 3.604 7.312
22.172 29.67 26.0900 62.9 3.582 7.217
22.224 29.68 26.0300 64.6 3.652 7.423
22.274 29.69 26.1100 62.4 3.578 7.157
22.323 29.70 26.0600 63.8 3.636 7.324
22.373 29.71 26.0400 64.7 3.674 7.424
22.423 29.72 26.0800 63.5 3.636 7.276
22.474 29.73 26.0900 63.3 3.637 7.259
22.524 29.74 26.0900 63.5 3.651 7.281
22.574 29.75 26.0800 63.8 3.669 7.317
22.625 29.76 26.0500 64.7 3.707 7.418
22.674 29.77 26.0400 65.2 3.733 7.483
22.724 29.78 26.1800 61.5 3.598 7.021
22.775 29.79 26.0900 64.0 3.701 7.332
22.824 29.80 26.1000 63.7 3.695 7.290
22.875 29.81 26.0600 64.8 3.745 7.430
22.923 29.82 26.0700 64.7 3.747 7.414
22.975 29.83 26.0800 64.5 3.744 7.383
23.025 29.84 26.0400 65.9 3.803 7.553
23.076 29.85 26.0900 64.6 3.760 7.388
23.126 29.86 26.0700 65.1 3.786 7.453
23.174 29.87 26.0100 66.9 3.860 7.672
23.225 29.88 26.0700 65.3 3.806 7.472
23.276 29.89 26.0800 65.2 3.808 7.454
23.326 29.90 26.1100 64.5 3.789 7.372
23.376 29.91 26.2000 62.1 3.707 7.082
23.425 29.92 26.0600 65.9 3.854 7.538
23.476 29.93 26.0200 67.2 3.908 7.693
23.527 29.94 26.1000 65.0 3.833 7.424
23.577 29.95 26.0700 66.0 3.879 7.551
23.627 29.96 26.0900 65.5 3.865 7.482
23.677 29.97 26.1200 64.8 3.843 7.390
23.727 29.98 26.0900 65.8 3.889 7.518
23.777 29.99 26.1200 65.0 3.863 7.410
23.827 30.00 26.0800 66.3 3.921 7.577
23.877 30.01 26.0600 66.8 3.947 7.639
23.927 30.02 26.1400 64.8 3.876 7.387
23.978 30.03 26.1000 66.1 3.931 7.541
24.028 30.04 26.0800 66.5 3.953 7.591
24.078 30.05 26.1500 64.9 3.898 7.390
24.127 30.06 26.1000 66.2 3.952 7.544
24.178 30.07 26.0500 67.7 4.018 7.737
24.228 30.08 26.0700 67.2 4.004 7.668
24.279 30.09 26.0800 67.2 4.010 7.664
24.328 30.10 26.0400 68.3 4.060 7.804
24.378 30.11 26.0700 67.6 4.038 7.712
24.429 30.12 26.0800 67.3 4.032 7.669
24.479 30.13 26.0700 67.7 4.054 7.718
24.529 30.14 26.0900 67.3 4.048 7.675
24.580 30.15 26.1300 66.4 4.017 7.554
24.628 30.16 26.1200 66.6 4.031 7.577
24.679 30.17 25.9800 70.4 4.182 8.045
24.730 30.18 26.1000 67.5 4.079 7.690
24.779 30.19 26.0700 68.3 4.117 7.788
24.830 30.20 26.0700 68.5 4.127 7.800
24.879 30.21 26.0800 68.1 4.121 7.755
24.930 30.22 26.0900 68.1 4.127 7.754
24.981 30.23 26.0100 70.2 4.214 8.010
25.031 30.24 26.1400 66.8 4.091 7.589
25.080 30.25 26.1200 67.4 4.121 7.665
25.130 30.26 26.1100 67.9 4.147 7.724
25.181 30.27 26.0800 68.7 4.181 7.816
25.231 30.28 26.1200 67.9 4.159 7.721
25.281 30.29 26.1300 67.6 4.152 7.678
25.331 30.30 26.1200 68.1 4.178 7.742
25.380 30.31 26.0400 70.3 4.265 8.000
25.431 30.32 26.0700 69.6 4.247 7.917
25.482 30.33 26.0800 69.5 4.249 7.904
25.532 30.34 26.1000 68.9 4.234 7.831
25.582 30.35 26.0400 70.6 4.305 8.038
25.631 30.35 26.1100 68.9 4.246 7.824
25.682 30.36 26.1200 68.8 4.248 7.811
25.732 30.37 26.1200 68.8 4.254 7.809
25.782 30.38 26.0700 70.2 4.312 7.976
25.833 30.39 26.0700 70.4 4.326 7.998
25.883 30.40 26.0800 70.3 4.328 7.981
25.934 30.41 26.1000 69.8 4.318 7.926
25.983 30.42 26.0700 70.6 4.352 8.014
26.033 30.43 26.0800 70.5 4.358 8.010
26.083 30.44 26.0900 70.3 4.356 7.980
26.132 30.45 26.0900 70.3 4.362 7.977
26.183 30.46 26.0800 70.7 4.384 8.026
26.234 30.47 26.1200 69.8 4.353 7.905
26.283 30.48 26.0200 72.6 4.468 8.256
26.334 30.49 26.1600 69.0 4.337 7.806
26.382 30.50 26.0800 71.2 4.428 8.078
26.434 30.51 26.1500 69.3 4.361 7.840
26.484 30.52 26.1000 70.9 4.427 8.033
26.534 30.53 26.0800 71.3 4.449 8.082
26.585 30.54 26.1200 70.3 4.419 7.961
26.633 30.55 26.1300 70.3 4.425 7.958
26.684 30.56 26.1700 69.5 4.399 7.851
26.735 30.57 26.0700 72.0 4.501 8.162
26.785 30.58 26.1000 71.4 4.483 8.079
26.835 30.59 26.1100 71.2 4.485 8.063
26.884 30.60 26.0700 72.3 4.531 8.191
26.935 30.61 26.1000 71.7 4.513 8.109
26.986 30.62 26.0800 72.2 4.539 8.175
27.035 30.63 26.0800 72.4 4.553 8.197
27.086 30.64 26.0400 73.6 4.603 8.338
27.136 30.65 26.0700 72.8 4.581 8.240
27.186 30.66 26.1000 72.0 4.559 8.147
27.236 30.67 26.0900 72.6 4.585 8.209
27.286 30.68 26.0900 72.6 4.591 8.206
27.336 30.69 26.1000 72.4 4.592 8.190
27.386 30.70 26.0700 73.3 4.631 8.291
27.437 30.71 26.1100 72.4 4.604 8.183
27.488 30.72 26.0700 73.6 4.655 8.323
27.537 30.73 26.0800 73.2 4.649 8.281
27.586 30.74 26.0900 73.1 4.650 8.265
27.637 30.75 26.1100 72.7 4.640 8.209
27.687 30.76 26.0900 73.5 4.674 8.300
27.737 30.77 26.0900 73.5 4.684 8.307
27.787 30.78 26.0600 74.5 4.726 8.424
27.838 30.79 26.0700 74.2 4.720 8.379
27.889 30.80 26.1600 71.9 4.642 8.104
27.938 30.81 26.0700 74.5 4.744 8.412
27.988 30.82 26.1500 72.4 4.674 8.163
28.038 30.83 25.9700 77.3 4.865 8.760
28.087 30.84 26.0900 74.2 4.754 8.377
28.138 30.85 26.0900 74.2 4.760 8.372
28.189 30.86 26.0600 75.3 4.806 8.502
28.239 30.87 26.0600 75.3 4.812 8.499
28.289 30.88 26.0700 75.1 4.814 8.478
28.338 30.89 26.0700 75.2 4.824 8.490
28.389 30.90 26.1000 74.6 4.806 8.406
28.440 30.91 26.0400 76.1 4.868 8.589
28.489 30.92 26.0500 76.0 4.870 8.572
28.539 30.93 26.0600 75.8 4.872 8.555
28.589 30.94 26.1000 74.8 4.842 8.434
28.640 30.95 26.1200 74.3 4.827 8.365
28.690 30.96 26.1000 74.9 4.858 8.440
28.740 30.97 26.0400 76.9 4.936 8.674
28.791 30.98 26.1100 75.0 4.873 8.447
28.840 30.99 26.0800 75.9 4.912 8.548
28.890 31.00 26.0900 75.7 4.909 8.518
28.941 31.01 26.1000 75.5 4.911 8.502
28.990 31.02 26.1000 75.7 4.925 8.526
29.041 31.03 26.0500 77.0 4.980 8.683
29.089 31.04 26.0500 77.2 4.994 8.702
29.141 31.05 26.0300 77.7 5.020 8.764
29.191 31.06 26.1100 75.8 4.953 8.524
29.241 31.07 26.1000 76.2 4.975 8.576
29.292 31.08 26.1000 76.1 4.977 8.557
29.341 31.09 26.0800 76.8 5.011 8.645
29.391 31.10 26.0600 77.4 5.037 8.708
29.442 31.11 26.0600 77.5 5.047 8.720
29.492 31.12 26.1200 76.2 5.005 8.560
29.542 31.13 26.0200 78.8 5.108 8.871
29.591 31.14 26.0700 77.6 5.069 8.723
29.642 31.15 26.0700 77.8 5.083 8.745
29.693 31.16 26.1000 77.1 5.065 8.664
29.743 31.17 26.0700 77.8 5.099 8.752
29.793 31.18 26.0700 78.0 5.113 8.774
29.841 31.19 26.0900 77.5 5.099 8.706
29.893 31.20 26.0800 77.9 5.121 8.755
29.943 31.21 26.0400 79.1 5.171 8.895
29.993 31.22 26.1500 76.3 5.073 8.551
30.043 31.23 26.0600 78.8 5.171 8.850
30.093 31.24 26.0800 78.2 5.157 8.781
30.144 31.25 26.0400 79.6 5.215 8.948
30.194 31.26 26.0500 79.3 5.209 8.905
30.245 31.27 26.0900 78.3 5.179 8.783
30.294 31.28 26.0600 79.1 5.217 8.885
30.344 31.29 26.0600 79.2 5.227 8.894
30.395 31.30 26.0900 78.7 5.213 8.824
30.446 31.31 26.0900 78.7 5.219 8.822
30.494 31.32 26.1000 78.7 5.225 8.819
30.544 31.33 26.0700 79.5 5.263 8.920
30.595 31.34 26.1000 78.6 5.237 8.812
30.645 31.35 26.0800 79.3 5.267 8.888
30.695 31.36 26.1000 78.8 5.257 8.832
30.745 31.37 26.0600 80.2 5.315 8.999
30.795 31.38 26.0700 79.9 5.309 8.956
30.846 31.39 26.0800 79.7 5.307 8.926
30.896 31.40 26.1200 78.8 5.280 8.818
30.945 31.41 26.0700 80.2 5.339 8.986
30.996 31.42 26.0600 80.7 5.365 9.047
31.045 31.43 26.0900 79.8 5.339 8.939
31.096 31.44 26.1300 79.0 5.312 8.832
31.146 31.45 26.1000 79.8 5.350 8.933
31.196 31.46 26.1000 80.0 5.365 8.957
31.247 31.47 26.1100 79.8 5.362 8.927
31.297 31.48 26.1000 80.0 5.376 8.951
31.347 31.49 26.0700 81.0 5.419 9.065
31.397 31.50 26.1300 79.6 5.372 8.892
31.447 31.51 26.0800 81.0 5.430 9.063
31.497 31.52 26.1100 80.3 5.412 8.981
31.546 31.53 26.0800 81.2 5.450 9.082
31.597 31.54 26.0500 82.0 5.489 9.181
31.648 31.55 26.0800 81.4 5.470 9.102
31.698 31.56 26.0800 81.6 5.484 9.125
31.748 31.57 26.1000 81.0 5.470 9.055
31.797 31.58 26.0400 82.6 5.537 9.246
31.848 31.59 26.0900 81.6 5.502 9.114
31.898 31.60 26.0500 82.7 5.552 9.255
31.948 31.61 26.0500 82.7 5.559 9.252
31.998 31.62 26.1200 80.9 5.496 9.026
32.049 31.63 26.1200 81.1 5.510 9.049
32.100 31.64 26.1000 81.7 5.540 9.124
32.150 31.65 26.1000 82.0 5.554 9.149
32.199 31.66 26.1200 81.5 5.544 9.092
32.250 31.67 26.1000 82.2 5.574 9.168
32.299 31.68 26.1200 81.5 5.556 9.087
32.350 31.69 25.9900 85.2 5.703 9.542
32.400 31.70 26.0800 82.9 5.620 9.250
32.449 31.71 26.1000 82.5 5.614 9.207
32.500 31.72 26.1400 81.6 5.584 9.086
32.548 31.73 26.0800 83.1 5.646 9.267
32.600 31.74 26.0600 83.8 5.680 9.355
32.650 31.75 26.0800 83.3 5.666 9.286
32.700 31.76 26.0800 83.5 5.680 9.309
32.751 31.77 26.1000 83.0 5.670 9.253
32.800 31.78 26.1000 83.2 5.684 9.276
32.850 31.79 26.1100 82.9 5.678 9.235
32.901 31.80 26.0400 84.9 5.760 9.479
32.951 31.81 26.1000 83.6 5.714 9.309
33.001 31.82 26.0800 84.2 5.744 9.382
33.050 31.83 26.0500 84.9 5.778 9.473
33.101 31.84 26.0800 84.3 5.760 9.388
33.152 31.85 26.1900 81.6 5.666 9.061
33.201 31.86 26.0600 85.0 5.800 9.474
33.252 31.87 26.0800 84.6 5.790 9.421
33.302 31.88 26.0900 84.5 5.792 9.402
33.352 31.89 26.1000 84.2 5.790 9.375
33.402 31.90 26.1200 83.7 5.776 9.304
33.452 31.91 26.0800 84.9 5.826 9.448
33.502 31.92 26.1200 84.1 5.804 9.351
33.552 31.93 26.1600 83.1 5.770 9.220
33.603 31.94 26.1100 84.5 5.832 9.398
33.653 31.95 26.1200 84.4 5.834 9.385
33.703 31.96 26.1000 85.0 5.860 9.444
33.752 31.97 26.0400 86.6 5.926 9.641
33.803 31.98 26.0600 86.1 5.916 9.582
33.853 31.99 26.0600 86.4 5.934 9.620
33.904 32.00 26.0500 86.7 5.948 9.647
33.953 32.01 26.1200 84.8 5.886 9.414
34.004 32.02 26.0600 86.7 5.964 9.647
34.055 32.03 26.0500 86.9 5.978 9.670
34.104 32.04 26.1100 85.6 5.932 9.501
34.154 32.05 26.0000 88.4 6.047 9.846
34.204 32.06 26.0900 86.1 5.968 9.567
34.254 32.07 26.0300 88.0 6.042 9.786
34.305 32.08 26.0500 87.6 6.032 9.735
34.355 32.09 26.0100 88.6 6.078 9.857
34.404 32.10 26.0100 88.8 6.092 9.879
34.455 32.11 26.0800 86.8 6.026 9.639
34.504 32.12 26.0600 87.5 6.056 9.720
34.555 32.13 26.1000 86.5 6.026 9.600
34.605 32.14 26.0600 87.7 6.076 9.742
34.655 32.15 26.0200 88.9 6.126 9.882
34.706 32.16 26.0900 87.3 6.072 9.681
34.756 32.17 26.1100 86.7 6.058 9.613
34.806 32.18 26.0800 87.8 6.104 9.741
34.856 32.19 26.0800 87.9 6.114 9.751
34.906 32.20 26.0800 87.9 6.120 9.747
34.956 32.21 26.0900 87.8 6.122 9.731
35.005 32.22 26.0700 88.4 6.152 9.806
35.056 32.23 26.0500 89.0 6.182 9.881
35.107 32.24 26.1300 87.0 6.112 9.630
35.157 32.25 26.0600 89.0 6.194 9.875
0.050 26.12 26.1600 0.0 -0.040 -0.058
0.101 26.12 26.0900 1.7 0.033 0.212
0.151 26.12 26.1700 0.0 -0.051 -0.026
0.201 26.12 26.1600 0.5 -0.035 0.061
0.251 26.12 26.1400 1.1 -0.022 0.137
0.302 26.12 26.2400 0.0 -0.114 -0.131
0.353 26.12 26.1500 1.5 -0.029 0.181
0.403 26.13 26.1400 2.0 -0.020 0.241
0.452 26.13 26.1600 1.9 -0.031 0.236
0.501 26.13 26.1800 1.7 -0.050 0.206
0.552 26.13 26.1300 3.2 -0.000 0.397
0.603 26.13 26.1500 2.9 -0.023 0.353
0.652 26.13 26.1700 2.8 -0.034 0.345
0.703 26.13 26.2300 1.4 -0.097 0.170
0.751 26.13 26.1800 3.0 -0.047 0.360
0.803 26.14 26.2000 2.7 -0.066 0.327
0.853 26.14 26.2200 2.5 -0.080 0.309
0.904 26.14 26.2100 3.1 -0.066 0.381
0.954 26.14 26.1400 5.1 -0.000 0.622
1.002 26.14 26.2600 2.3 -0.115 0.275
1.053 26.14 26.2100 3.9 -0.061 0.478
1.104 26.15 26.2300 3.4 -0.087 0.418
1.154 26.15 26.2700 2.7 -0.121 0.331
1.204 26.15 26.2700 3.0 -0.119 0.367
1.253 26.15 26.2300 4.3 -0.076 0.528
1.304 26.16 26.2400 4.3 -0.086 0.519
1.355 26.16 26.2400 4.6 -0.079 0.565
1.404 26.16 26.2800 3.8 -0.117 0.465
1.455 26.16 26.2900 3.9 -0.122 0.473
1.506 26.17 26.3000 3.8 -0.131 0.464
1.555 26.17 26.3100 3.6 -0.145 0.443
1.605 26.17 26.2800 4.9 -0.106 0.594
1.655 26.17 26.2700 5.3 -0.095 0.647
1.705 26.18 26.2600 5.8 -0.084 0.707
1.755 26.18 26.3000 5.0 -0.121 0.604
1.806 26.18 26.2900 5.6 -0.106 0.677
1.855 26.19 26.3100 5.4 -0.119 0.653
1.906 26.19 26.3300 5.1 -0.135 0.617
1.955 26.19 26.2900 6.4 -0.092 0.777
2.006 26.20 26.3800 4.1 -0.185 0.496
2.056 26.20 26.3200 5.9 -0.121 0.723
2.107 26.20 26.2700 7.5 -0.070 0.908
2.157 26.21 26.3300 6.3 -0.118 0.767
2.207 26.21 26.3300 6.5 -0.114 0.794
2.256 26.21 26.3600 5.9 -0.143 0.721
2.307 26.22 26.3700 5.8 -0.151 0.711
2.357 26.22 26.3600 6.3 -0.139 0.767
2.408 26.23 26.3600 6.5 -0.135 0.795
2.457 26.23 26.3900 6.2 -0.155 0.750
2.507 26.23 26.3500 7.2 -0.119 0.880
2.558 26.24 26.4300 5.5 -0.191 0.661
2.607 26.24 26.3600 7.5 -0.119 0.912
2.658 26.25 26.3700 7.6 -0.119 0.925
2.707 26.25 26.4300 6.3 -0.175 0.759
2.758 26.25 26.3900 7.6 -0.130 0.919
2.808 26.26 26.4000 7.4 -0.142 0.895
2.858 26.26 26.4100 7.5 -0.142 0.909
2.909 26.27 26.4000 7.9 -0.129 0.962
2.959 26.27 26.4200 7.5 -0.149 0.913
3.010 26.28 26.3900 8.5 -0.116 1.034
3.059 26.28 26.4400 7.6 -0.155 0.918
3.109 26.29 26.4200 8.2 -0.135 0.996
3.159 26.29 26.4300 8.2 -0.138 1.000
3.208 26.30 26.4700 7.4 -0.173 0.895
3.259 26.30 26.4700 7.6 -0.168 0.924
3.310 26.31 26.5100 6.7 -0.207 0.810
3.359 26.31 26.4600 8.2 -0.154 0.993
3.410 26.32 26.5200 6.9 -0.205 0.840
3.458 26.32 26.4400 9.3 -0.120 1.123
3.511 26.33 26.4800 8.4 -0.155 1.020
3.561 26.33 26.4400 9.6 -0.114 1.165
3.610 26.34 26.4600 9.4 -0.125 1.140
3.660 26.34 26.4600 9.5 -0.124 1.154
3.709 26.35 26.4800 9.4 -0.130 1.142
3.760 26.35 26.5300 8.3 -0.177 0.999
3.811 26.36 26.4800 9.7 -0.127 1.169
3.861 26.36 26.5200 9.0 -0.154 1.090
3.911 26.37 26.4700 10.5 -0.101 1.270
3.960 26.37 26.4900 10.2 -0.115 1.233
4.011 26.38 26.5500 8.8 -0.169 1.066
4.062 26.39 26.5400 9.1 -0.159 1.105
4.112 26.39 26.5400 9.6 -0.146 1.156
4.163 26.40 26.5100 10.4 -0.116 1.261
4.211 26.40 26.5300 10.1 -0.130 1.219
4.262 26.41 26.5200 10.5 -0.117 1.272
4.312 26.41 26.5900 9.0 -0.174 1.091
4.362 26.42 26.5200 11.2 -0.097 1.349
4.413 26.43 26.5400 10.7 -0.115 1.295
4.461 26.43 26.5600 10.3 -0.133 1.243
4.512 26.44 26.6000 9.7 -0.158 1.167
4.563 26.44 26.6000 9.9 -0.152 1.192
4.613 26.45 26.4100 15.2 0.044 1.838
4.663 26.46 26.5800 10.8 -0.120 1.305
4.713 26.46 26.6400 9.4 -0.174 1.138
4.763 26.47 26.5800 11.2 -0.108 1.354
4.814 26.47 26.6000 10.9 -0.122 1.315
4.863 26.48 26.5600 11.9 -0.084 1.444
4.914 26.49 26.6200 10.8 -0.129 1.299
4.965 26.49 26.5800 11.9 -0.087 1.444
5.016 26.50 26.6300 10.9 -0.128 1.311
5.064 26.51 26.6600 10.3 -0.149 1.245
5.114 26.51 26.6000 12.0 -0.088 1.451
5.163 26.52 26.6000 12.3 -0.077 1.490
5.214 26.53 26.6400 11.5 -0.110 1.384
5.266 26.53 26.5800 13.2 -0.048 1.587
5.314 26.54 26.6800 10.6 -0.144 1.275
5.365 26.55 26.5700 13.9 -0.023 1.675
5.414 26.55 26.6800 11.0 -0.131 1.324
5.465 26.56 26.6900 11.1 -0.129 1.334
5.516 26.57 26.6400 12.6 -0.074 1.516
5.566 26.57 26.6900 11.5 -0.115 1.384
5.615 26.58 26.7100 11.1 -0.132 1.331
5.665 26.59 26.6400 13.3 -0.050 1.602
5.716 26.59 26.6800 12.3 -0.087 1.481
5.766 26.60 26.5800 15.1 0.015 1.816
5.816 26.61 26.7200 11.6 -0.112 1.398
5.866 26.61 26.6900 12.7 -0.074 1.528
5.915 26.62 26.6800 13.2 -0.055 1.587
5.966 26.63 26.6900 13.0 -0.064 1.562
6.017 26.63 26.6700 13.8 -0.033 1.660
6.067 26.64 26.7400 12.1 -0.097 1.454
6.118 26.65 26.7300 12.5 -0.082 1.502
6.167 26.66 26.7000 13.5 -0.043 1.628
6.218 26.66 26.7200 13.1 -0.060 1.575
6.267 26.67 26.6200 16.0 0.050 1.933
6.317 26.68 26.7200 13.6 -0.042 1.632
6.367 26.68 26.7400 13.2 -0.054 1.590
6.418 26.69 26.7100 14.3 -0.015 1.717
6.469 26.70 26.7400 13.5 -0.044 1.625
6.518 26.71 26.8000 12.3 -0.092 1.470
6.568 26.71 26.7600 13.5 -0.045 1.620
6.618 26.72 26.8000 12.7 -0.077 1.516
6.667 26.73 26.7400 14.3 -0.014 1.720
6.718 26.74 26.8000 12.9 -0.066 1.549
