host_elapsed_s,board_elapsed_s,temperature_c,duty_pct,adc_raw
0.298,1.413,25.8317,0.000,59374.6
0.800,1.614,25.7871,0.000,59385.6
0.800,1.814,25.8346,0.000,59373.9
0.800,2.013,25.8239,0.000,59376.5
1.300,2.214,25.8302,0.000,59375.0
1.300,2.412,25.8180,0.000,59378.0
1.800,2.613,25.8242,0.000,59376.5
1.800,2.812,25.8250,0.000,59376.3
1.800,3.013,25.8086,0.000,59380.3
2.300,3.213,25.7988,0.000,59382.7
2.300,3.413,25.8252,0.000,59376.2
2.799,3.613,25.8291,0.000,59375.2
2.800,3.813,25.8315,0.000,59374.6
2.800,4.013,25.8299,0.000,59375.1
3.300,4.214,25.8133,0.000,59379.1
3.300,4.413,25.8211,0.000,59377.2
3.800,4.613,25.8260,0.000,59376.0
3.800,4.813,25.8135,0.000,59379.1
3.800,5.013,25.8061,0.000,59380.9
4.300,5.214,25.8188,0.000,59377.8
4.300,5.413,25.8169,0.000,59378.3
4.799,5.613,25.8060,0.000,59381.0
4.800,5.813,25.8177,0.000,59378.1
4.800,6.013,25.8213,0.000,59377.2
5.299,6.214,25.8144,0.000,59378.9
5.300,6.413,25.8166,0.000,59378.4
5.799,6.613,25.8210,0.000,59377.3
5.799,6.813,25.8140,0.000,59379.0
5.799,7.013,25.8133,0.000,59379.1
6.300,7.214,25.8123,0.000,59379.4
6.300,7.412,25.8364,0.000,59373.5
6.800,7.613,25.8109,0.000,59379.8
6.800,7.812,25.8216,0.000,59377.1
6.800,8.013,25.8087,0.000,59380.3
7.300,8.214,25.8068,0.000,59380.8
7.300,8.413,25.8188,0.000,59377.8
7.799,8.613,25.8074,0.000,59380.6
7.799,8.813,25.7970,0.000,59383.2
7.799,9.013,25.8076,0.000,59380.6
8.300,9.214,25.8063,0.000,59380.9
8.300,9.413,25.7944,0.000,59383.8
8.800,9.613,25.8100,0.000,59380.0
8.800,9.813,25.8083,0.000,59380.4
8.800,10.013,25.8226,0.000,59376.9
9.300,10.214,25.8192,0.000,59377.7
9.300,10.413,25.8133,0.000,59379.2
9.800,10.613,25.7895,0.000,59385.1
9.800,10.813,25.7983,0.000,59382.8
9.800,11.013,25.8115,0.000,59379.6
10.300,11.214,25.7954,0.000,59383.6
10.300,11.413,25.7925,0.000,59384.3
10.800,11.613,25.8042,0.000,59381.4
10.800,11.813,25.8050,0.000,59381.2
10.800,12.013,25.8053,0.000,59381.1
11.300,12.214,25.8143,0.000,59378.9
11.300,12.413,25.8045,0.000,59381.3
11.799,12.613,25.7988,0.000,59382.7
11.799,12.813,25.8069,0.000,59380.7
11.799,13.013,25.8083,0.000,59380.4
12.300,13.214,25.7863,0.000,59385.8
12.300,13.413,25.7918,0.000,59384.5
12.800,13.613,25.7936,0.000,59384.0
12.800,13.813,25.7990,0.000,59382.7
12.800,14.013,25.7793,0.000,59387.6
13.300,14.214,25.8056,0.000,59381.1
13.300,14.413,25.7801,0.000,59387.4
13.800,14.613,25.7863,0.000,59385.8
13.800,14.813,25.7908,0.000,59384.7
13.800,15.013,25.7903,0.000,59384.8
14.300,15.218,25.8014,100.000,59382.1
14.300,15.412,25.8813,100.000,59362.4
14.800,15.613,25.8721,100.000,59364.6
14.800,15.812,25.8657,100.000,59366.2
14.800,16.013,25.8629,100.000,59366.9
15.300,16.213,25.8608,100.000,59367.4
15.300,16.412,25.8594,100.000,59367.8
15.800,16.612,25.8595,100.000,59367.8
15.800,16.812,25.8454,100.000,59371.2
15.800,17.013,25.8548,100.000,59368.9
16.300,17.213,25.8516,100.000,59369.7
16.300,17.412,25.8502,100.000,59370.0
16.800,17.613,25.8625,100.000,59367.0
16.800,17.813,25.8551,100.000,59368.8
16.800,18.013,25.8380,100.000,59373.1
17.300,18.213,25.8597,100.000,59367.7
17.300,18.412,25.8586,100.000,59368.0
17.800,18.612,25.8597,100.000,59367.7
17.800,18.813,25.8759,100.000,59363.7
17.800,19.013,25.8838,100.000,59361.8
18.300,19.213,25.8765,100.000,59363.6
18.300,19.412,25.8626,100.000,59367.0
18.800,19.612,25.8608,100.000,59367.4
18.800,19.812,25.8642,100.000,59366.6
18.800,20.013,25.8943,100.000,59359.2
19.300,20.213,25.8655,100.000,59366.3
19.300,20.412,25.8436,100.000,59371.7
19.800,20.613,25.8735,100.000,59364.3
19.800,20.813,25.8842,100.000,59361.7
19.800,21.013,25.8774,100.000,59363.4
20.300,21.214,25.8626,100.000,59367.0
20.300,21.413,25.8649,100.000,59366.4
20.800,21.612,25.8687,100.000,59365.5
20.800,21.813,25.8818,100.000,59362.2
20.800,22.013,25.8516,100.000,59369.7
21.299,22.213,25.8506,100.000,59370.0
21.299,22.412,25.8815,100.000,59362.3
21.800,22.613,25.8857,100.000,59361.3
21.800,22.813,25.8703,100.000,59365.1
21.800,23.013,25.8649,100.000,59366.4
22.300,23.213,25.8581,100.000,59368.1
22.300,23.412,25.8599,100.000,59367.6
22.800,23.612,25.8716,100.000,59364.8
22.800,23.813,25.8719,100.000,59364.7
22.800,24.013,25.8763,100.000,59363.6
23.300,24.213,25.8698,100.000,59365.2
23.300,24.412,25.8755,100.000,59363.8
23.800,24.616,25.7334,0.000,59398.8
23.800,24.813,25.7886,0.000,59385.2
23.800,25.013,25.7664,0.000,59390.7
24.300,25.214,25.7798,0.000,59387.4
24.300,25.413,25.7692,0.000,59390.0
24.800,25.613,25.7969,0.000,59383.2
24.800,25.813,25.7772,0.000,59388.1
24.800,26.013,25.7614,0.000,59392.0
25.299,26.214,25.7837,0.000,59386.5
25.300,26.413,25.7676,0.000,59390.4
25.800,26.613,25.7693,0.000,59390.0
25.800,26.813,25.7838,0.000,59386.4
25.800,27.013,25.7568,0.000,59393.1
26.300,27.214,25.7620,0.000,59391.8
26.300,27.413,25.7894,0.000,59385.1
26.799,27.613,25.7791,0.000,59387.6
26.799,27.813,25.7607,0.000,59392.1
26.799,28.013,25.7744,0.000,59388.8
27.300,28.213,25.7752,0.000,59388.6
27.300,28.412,25.7668,0.000,59390.6
27.800,28.613,25.7726,0.000,59389.2
27.800,28.813,25.7502,0.000,59394.7
27.800,29.013,25.7817,0.000,59387.0
28.300,29.214,25.7578,0.000,59392.9
28.300,29.413,25.7675,0.000,59390.4
28.799,29.613,25.7802,0.000,59387.3
28.800,29.813,25.7451,0.000,59395.9
28.800,30.013,25.7585,0.000,59392.7
29.300,30.214,25.7680,0.000,59390.3
29.300,30.413,25.7700,0.000,59389.8
29.800,30.613,25.7666,0.000,59390.6
29.800,30.813,25.7760,0.000,59388.4
29.800,31.013,25.7855,0.000,59386.0
30.299,31.214,25.7783,0.000,59387.8
30.300,31.413,25.7871,0.000,59385.6
30.799,31.613,25.7895,0.000,59385.0
30.799,31.813,25.7769,0.000,59388.1
30.799,32.013,25.7754,0.000,59388.5
31.300,32.214,25.7651,0.000,59391.0
31.300,32.413,25.7778,0.000,59387.9
31.800,32.613,25.7615,0.000,59391.9
31.800,32.813,25.7737,0.000,59388.9
31.800,33.013,25.7939,0.000,59383.9
32.300,33.213,25.7817,0.000,59386.9
32.300,33.413,25.8069,0.000,59380.7
32.799,33.613,25.7707,0.000,59389.7
32.799,33.813,25.7663,0.000,59390.7
32.799,34.013,25.7596,0.000,59392.4
33.300,34.214,25.7939,0.000,59383.9
33.300,34.413,25.8008,0.000,59382.3
33.800,34.613,25.7775,0.000,59388.0
33.800,34.813,25.7705,0.000,59389.7
33.800,35.013,25.7671,0.000,59390.5
34.300,35.214,25.7775,0.000,59388.0
34.300,35.413,25.7791,0.000,59387.6
34.800,35.613,25.7786,0.000,59387.7
34.800,35.813,25.7812,0.000,59387.1
34.800,36.013,25.7804,0.000,59387.2
35.300,36.214,25.7988,0.000,59382.7
35.300,36.413,25.7853,0.000,59386.1
35.800,36.613,25.7751,0.000,59388.6
35.800,36.813,25.7687,0.000,59390.2
35.800,37.013,25.7824,0.000,59386.8
36.300,37.214,25.7506,0.000,59394.6
36.300,37.412,25.7824,0.000,59386.8
36.800,37.612,25.7669,0.000,59390.6
36.800,37.812,25.7835,0.000,59386.5
36.800,38.013,25.7892,0.000,59385.1
37.300,38.214,25.7659,0.000,59390.8
37.300,38.413,25.7744,0.000,59388.8
37.800,38.613,25.7890,0.000,59385.2
37.800,38.813,25.7890,0.000,59385.1
37.800,39.014,25.7786,0.000,59387.7
38.300,39.215,25.7890,0.000,59385.2
38.300,39.414,25.7814,0.000,59387.0
38.800,39.614,25.7899,0.000,59384.9
38.800,39.814,25.8120,0.000,59379.5
38.800,40.014,25.7666,0.000,59390.6
39.299,40.215,25.7794,0.000,59387.5
39.299,40.414,25.7861,0.000,59385.9
39.800,40.614,25.7930,0.000,59384.2
39.800,40.814,25.7681,0.000,59390.3
39.800,41.014,25.7799,0.000,59387.4
40.300,41.215,25.7871,0.000,59385.7
40.300,41.414,25.7874,0.000,59385.5
40.800,41.614,25.7900,0.000,59384.9
40.800,41.814,25.8083,0.000,59380.4
40.800,42.014,25.7913,0.000,59384.6
41.300,42.215,25.7894,0.000,59385.1
41.300,42.414,25.7840,0.000,59386.4
41.799,42.614,25.7933,0.000,59384.1
41.799,42.814,25.7926,0.000,59384.2
41.800,43.014,25.8087,0.000,59380.3
42.299,43.215,25.7830,0.000,59386.6
42.299,43.414,25.7754,0.000,59388.5
42.800,43.614,25.7785,0.000,59387.8
42.800,43.814,25.7959,0.000,59383.5
42.800,44.014,25.7733,0.000,59389.0
43.299,44.215,25.7939,0.000,59383.9
43.299,44.414,25.7838,0.000,59386.4
43.800,44.614,25.7798,0.000,59387.5
43.800,44.814,25.7718,0.000,59389.4
43.800,45.014,25.7567,0.000,59393.1
44.300,45.215,25.7825,0.000,59386.7
44.300,45.414,25.8037,0.000,59381.5
44.800,45.614,25.7897,0.000,59385.0
44.800,45.814,25.7719,0.000,59389.4
44.800,46.014,25.7764,0.000,59388.2
45.299,46.215,25.7725,0.000,59389.2
45.300,46.414,25.7529,0.000,59394.0
45.800,46.614,25.7692,0.000,59390.0
45.800,46.814,25.7679,0.000,59390.3
45.800,47.014,25.7988,0.000,59382.7
46.300,47.215,25.7739,0.000,59388.9
46.300,47.414,25.7905,0.000,59384.8
46.799,47.614,25.8047,0.000,59381.3
46.799,47.813,25.7884,0.000,59385.3
46.799,48.013,25.7970,0.000,59383.2
47.299,48.214,25.7967,0.000,59383.2
47.299,48.414,25.7643,0.000,59391.2
47.800,48.614,25.7809,0.000,59387.1
47.800,48.813,25.7829,0.000,59386.7
47.800,49.013,25.7793,0.000,59387.6
48.300,49.214,25.7874,0.000,59385.5
48.300,49.414,25.7921,0.000,59384.4
48.800,49.614,25.7881,0.000,59385.4
48.800,49.813,25.7720,0.000,59389.3
48.800,50.014,25.7978,0.000,59383.0
49.300,50.215,25.7907,0.000,59384.7
49.300,50.414,25.7996,0.000,59382.5
49.800,50.614,25.7970,0.000,59383.2
49.800,50.813,25.8092,0.000,59380.1
49.800,51.013,25.7973,0.000,59383.1
50.300,51.214,25.7967,0.000,59383.3
50.300,51.414,25.7993,0.000,59382.6
50.799,51.614,25.7928,0.000,59384.2
50.799,51.814,25.7759,0.000,59388.4
50.799,52.014,25.7856,0.000,59386.0
51.300,52.215,25.7820,0.000,59386.9
51.300,52.414,25.7851,0.000,59386.1
51.799,52.614,25.7858,0.000,59385.9
51.799,52.814,25.7847,0.000,59386.2
51.799,53.014,25.7886,0.000,59385.2
52.300,53.215,25.7905,0.000,59384.8
52.300,53.414,25.8026,0.000,59381.8
52.800,53.614,25.7894,0.000,59385.1
52.800,53.814,25.7924,0.000,59384.3
52.800,54.014,25.8032,0.000,59381.6
53.299,54.215,25.7871,0.000,59385.6
53.300,54.414,25.7949,0.000,59383.7
53.800,54.614,25.8000,0.000,59382.5
53.800,54.814,25.8019,0.000,59382.0
53.800,55.014,25.8040,0.000,59381.4
54.300,55.215,25.8060,0.000,59381.0
54.300,55.414,25.8092,0.000,59380.1
54.800,55.615,25.8154,0.000,59378.6
54.800,55.815,25.7965,0.000,59383.3
54.800,56.014,25.7933,0.000,59384.1
55.300,56.216,25.8034,0.000,59381.6
55.300,56.415,25.8006,0.000,59382.3
55.800,56.615,25.8050,0.000,59381.2
55.800,56.815,25.7961,0.000,59383.4
55.800,57.015,25.7972,0.000,59383.1
56.300,57.216,25.8034,0.000,59381.6
56.300,57.415,25.7866,0.000,59385.7
56.800,57.615,25.8081,0.000,59380.5
56.800,57.815,25.8237,0.000,59376.6
56.800,58.015,25.7993,0.000,59382.6
57.300,58.216,25.7920,0.000,59384.4
57.300,58.415,25.8068,0.000,59380.8
57.799,58.615,25.8174,0.000,59378.1
57.800,58.815,25.7956,0.000,59383.5
57.800,59.015,25.7917,0.000,59384.5
58.300,59.216,25.7697,0.000,59389.9
58.300,59.415,25.7824,0.000,59386.8
58.800,59.615,25.7791,0.000,59387.6
58.800,59.815,25.8034,0.000,59381.6
58.800,60.015,25.8029,0.000,59381.7
59.300,60.216,25.8062,0.000,59380.9
59.300,60.415,25.8022,0.000,59381.9
59.800,60.615,25.7881,0.000,59385.4
59.800,60.815,25.7827,0.000,59386.7
59.800,61.015,25.8012,0.000,59382.1
60.300,61.216,25.8069,0.000,59380.7
60.300,61.415,25.7920,0.000,59384.4
60.800,61.615,25.7825,0.000,59386.7
60.800,61.815,25.7885,0.000,59385.3
60.800,62.015,25.8001,0.000,59382.4
61.300,62.216,25.8091,0.000,59380.2
61.300,62.415,25.7934,0.000,59384.1
61.800,62.615,25.7822,0.000,59386.8
61.800,62.815,25.8037,0.000,59381.5
61.800,63.015,25.8004,0.000,59382.4
62.300,63.216,25.7982,0.000,59382.9
62.300,63.414,25.8135,0.000,59379.1
62.800,63.615,25.8001,0.000,59382.4
62.800,63.815,25.8130,0.000,59379.2
62.800,64.014,25.7835,0.000,59386.5
63.300,64.216,25.7936,0.000,59384.0
63.300,64.415,25.7809,0.000,59387.1
63.800,64.615,25.7928,0.000,59384.2
63.800,64.815,25.7873,0.000,59385.6
63.800,65.015,25.7896,0.000,59385.0
64.300,65.216,25.8004,0.000,59382.4
64.300,65.415,25.7817,0.000,59386.9
64.800,65.615,25.7967,0.000,59383.3
64.800,65.815,25.7961,0.000,59383.4
64.800,66.015,25.7908,0.000,59384.7
65.300,66.216,25.7983,0.000,59382.8
65.300,66.415,25.7935,0.000,59384.0
65.800,66.615,25.8027,0.000,59381.8
65.800,66.815,25.7713,0.000,59389.5
65.800,67.015,25.7991,0.000,59382.7
66.300,67.216,25.7910,0.000,59384.6
66.300,67.415,25.7929,0.000,59384.2
66.799,67.615,25.7930,0.000,59384.2
66.799,67.815,25.7767,0.000,59388.2
66.799,68.015,25.7835,0.000,59386.5
67.300,68.216,25.7707,0.000,59389.6
67.300,68.415,25.7856,0.000,59386.0
67.800,68.614,25.7807,0.000,59387.2
67.800,68.814,25.7834,0.000,59386.6
67.800,69.015,25.7834,0.000,59386.6
68.300,69.216,25.7763,0.000,59388.3
68.300,69.415,25.8061,0.000,59380.9
68.800,69.615,25.7866,0.000,59385.7
68.800,69.815,25.7768,0.000,59388.2
68.800,70.015,25.7860,0.000,59385.9
69.300,70.216,25.7770,0.000,59388.1
69.300,70.415,25.7702,0.000,59389.8
69.800,70.615,25.7920,0.000,59384.4
69.800,70.815,25.7803,0.000,59387.3
69.800,71.015,25.7713,0.000,59389.5
70.300,71.216,25.7730,0.000,59389.1
70.300,71.415,25.7838,0.000,59386.4
70.800,71.615,25.8029,0.000,59381.7
70.800,71.815,25.7791,0.000,59387.6
70.800,72.015,25.7798,0.000,59387.4
71.300,72.216,25.7772,0.000,59388.1
71.300,72.415,25.7959,0.000,59383.5
71.800,72.615,25.7961,0.000,59383.4
71.800,72.815,25.7882,0.000,59385.3
71.800,73.015,25.7908,0.000,59384.7
72.300,73.216,25.7977,0.000,59383.0
72.300,73.415,25.7830,0.000,59386.6
72.800,73.615,25.7866,0.000,59385.7
72.800,73.815,25.7891,0.000,59385.1
72.800,74.015,25.7900,0.000,59384.9
73.300,74.216,25.8034,0.000,59381.6
73.300,74.414,25.7979,0.000,59383.0
73.800,74.614,25.7837,0.000,59386.5
73.800,74.813,25.7856,0.000,59386.0
73.800,75.013,25.7775,0.000,59388.0
74.300,75.215,25.7897,0.000,59385.0
74.300,75.414,25.7885,0.000,59385.3
74.800,75.614,25.7817,0.000,59387.0
74.800,75.814,25.7803,0.000,59387.3
74.800,76.014,25.7850,0.000,59386.2
75.300,76.215,25.7938,0.000,59384.0
75.300,76.414,25.7903,0.000,59384.8
75.800,76.614,25.7897,0.000,59385.0
75.800,76.814,25.7944,0.000,59383.8
75.800,77.014,25.7803,0.000,59387.3
76.300,77.215,25.8081,0.000,59380.4
76.300,77.414,25.7934,0.000,59384.1
76.799,77.614,25.7944,0.000,59383.8
76.799,77.814,25.7892,0.000,59385.1
76.799,78.014,25.7851,0.000,59386.1
77.300,78.215,25.7995,0.000,59382.6
77.300,78.414,25.7954,0.000,59383.6
77.800,78.614,25.8039,0.000,59381.5
77.800,78.814,25.8095,0.000,59380.1
77.800,79.014,25.7986,0.000,59382.8
78.300,79.215,25.7944,0.000,59383.8
78.300,79.414,25.8040,0.000,59381.4
78.800,79.614,25.8022,0.000,59381.9
78.800,79.814,25.7798,0.000,59387.5
78.800,80.014,25.8022,0.000,59381.9
79.300,80.215,25.8247,0.000,59376.4
79.300,80.414,25.8013,0.000,59382.1
79.799,80.613,25.8086,0.000,59380.4
79.799,80.813,25.8018,0.000,59382.0
79.799,81.013,25.8092,0.000,59380.1
80.300,81.214,25.7938,0.000,59384.0
80.300,81.414,25.7938,0.000,59384.0
80.799,81.614,25.7965,0.000,59383.3
80.799,81.814,25.7959,0.000,59383.4
80.799,82.014,25.7913,0.000,59384.6
81.300,82.215,25.8076,0.000,59380.6
81.300,82.414,25.8161,0.000,59378.5
81.800,82.614,25.7891,0.000,59385.1
81.800,82.814,25.7949,0.000,59383.7
81.800,83.014,25.8042,0.000,59381.4
82.300,83.215,25.7939,0.000,59383.9
82.300,83.414,25.8037,0.000,59381.5
82.800,83.614,25.8127,0.000,59379.3
82.800,83.814,25.7884,0.000,59385.3
82.800,84.014,25.8156,0.000,59378.6
83.300,84.215,25.8143,0.000,59378.9
83.300,84.414,25.7944,0.000,59383.8
83.800,84.614,25.8022,0.000,59381.9
83.800,84.814,25.7920,0.000,59384.4
83.800,85.014,25.8130,0.000,59379.2
84.300,85.215,25.7881,0.000,59385.4
84.300,85.414,25.7974,0.000,59383.1
84.800,85.614,25.7982,0.000,59382.9
84.800,85.814,25.8095,0.000,59380.1
84.800,86.014,25.7907,0.000,59384.8
85.300,86.215,25.7949,0.000,59383.7
85.300,86.414,25.8136,0.000,59379.1
85.800,86.614,25.7842,0.000,59386.3
85.800,86.814,25.8012,0.000,59382.1
85.800,87.014,25.8628,0.000,59367.0
86.299,87.214,25.7983,0.000,59382.9
86.300,87.414,25.7896,0.000,59385.0
86.800,87.614,25.8081,0.000,59380.4
86.800,87.814,25.7822,0.000,59386.8
86.800,88.014,25.7819,0.000,59386.9
87.300,88.215,25.7852,0.000,59386.1
87.300,88.414,25.7763,0.000,59388.2
87.799,88.614,25.7969,0.000,59383.2
87.799,88.814,25.8053,0.000,59381.1
87.800,89.014,25.7845,0.000,59386.3
88.299,89.215,25.7988,0.000,59382.7
88.300,89.414,25.7957,0.000,59383.5
88.800,89.614,25.7846,0.000,59386.2
88.800,89.814,25.7861,0.000,59385.8
88.800,90.014,25.7729,0.000,59389.1
89.300,90.215,25.7899,0.000,59384.9
89.300,90.414,25.7881,0.000,59385.4
89.799,90.614,25.7993,0.000,59382.6
89.799,90.814,25.7933,0.000,59384.1
89.799,91.014,25.7969,0.000,59383.2
90.300,91.215,25.7929,0.000,59384.2
90.300,91.414,25.7896,0.000,59385.0
90.800,91.614,25.7827,0.000,59386.7
90.800,91.814,25.7827,0.000,59386.7
90.800,92.014,25.7825,0.000,59386.7
91.299,92.215,25.8130,0.000,59379.2
91.299,92.414,25.7897,0.000,59385.0
91.800,92.614,25.8044,0.000,59381.4
91.800,92.814,25.7928,0.000,59384.2
91.800,93.013,25.8029,0.000,59381.7
92.300,93.214,25.7874,0.000,59385.5
92.300,93.414,25.8022,0.000,59381.9
92.800,93.614,25.7751,0.000,59388.6
92.800,93.814,25.7656,0.000,59390.9
92.800,94.014,25.7864,0.000,59385.8
93.300,94.215,25.7995,0.000,59382.6
93.300,94.414,25.7967,0.000,59383.3
93.799,94.614,25.7996,0.000,59382.5
93.799,94.814,25.8035,0.000,59381.6
93.799,95.014,25.7959,0.000,59383.4
94.300,95.215,25.8105,0.000,59379.9
94.300,95.414,25.8021,0.000,59381.9
94.799,95.614,25.8196,0.000,59377.6
94.799,95.814,25.8136,0.000,59379.1
94.799,96.014,25.8037,0.000,59381.5
95.300,96.215,25.8172,0.000,59378.2
95.300,96.414,25.8086,0.000,59380.3
95.800,96.614,25.7763,0.000,59388.3
95.800,96.814,25.8278,0.000,59375.6
95.800,97.014,25.7925,0.000,59384.3
96.300,97.215,25.7890,0.000,59385.1
96.300,97.414,25.7903,0.000,59384.8
96.799,97.614,25.7933,0.000,59384.1
96.799,97.814,25.7846,0.000,59386.2
96.799,98.014,25.7861,0.000,59385.9
97.300,98.215,25.8012,0.000,59382.1
97.300,98.413,25.7856,0.000,59386.0
97.799,98.613,25.7848,0.000,59386.2
97.800,98.813,25.7762,0.000,59388.3
97.800,99.013,25.7817,0.000,59386.9
98.394,99.214,25.7720,0.000,59389.3
98.395,99.413,25.7781,0.000,59387.8
98.395,99.613,25.7666,0.000,59390.7
98.895,99.813,25.7763,0.000,59388.3
98.895,100.013,25.7682,0.000,59390.3
99.342,100.214,25.7550,0.000,59393.5
99.342,100.413,25.7578,0.000,59392.8
99.342,100.613,25.7817,0.000,59386.9
99.894,100.813,25.7878,0.000,59385.4
99.895,101.013,25.7659,0.000,59390.8
100.394,101.214,25.7645,0.000,59391.2
100.395,101.413,25.7627,0.000,59391.7
100.395,101.613,25.7773,0.000,59388.0
100.896,101.813,25.7671,0.000,59390.6
100.897,102.013,25.7651,0.000,59391.0
101.302,102.214,25.7926,0.000,59384.2
101.302,102.413,25.7746,0.000,59388.7
101.895,102.613,25.7682,0.000,59390.2
101.895,102.813,25.7607,0.000,59392.1
101.895,103.013,25.7739,0.000,59388.9
102.398,103.214,25.7586,0.000,59392.6
102.398,103.413,25.7749,0.000,59388.6
102.398,103.613,25.7471,0.000,59395.5
102.895,103.813,25.7856,0.000,59386.0
102.896,104.013,25.7684,0.000,59390.2
103.398,104.214,25.7926,0.000,59384.2
103.399,104.413,25.7715,0.000,59389.5
103.399,104.613,25.7646,0.000,59391.2
103.897,104.813,25.7636,0.000,59391.4
103.897,105.013,25.7693,0.000,59390.0
104.368,105.214,25.7791,0.000,59387.6
104.368,105.413,25.7767,0.000,59388.2
104.368,105.613,25.7770,0.000,59388.1
104.898,105.813,25.7734,0.000,59389.0
104.899,106.013,25.7700,0.000,59389.8
105.397,106.214,25.7725,0.000,59389.2
105.397,106.413,25.7672,0.000,59390.5
105.397,106.613,25.7739,0.000,59388.8
105.894,106.813,25.7876,0.000,59385.5
105.894,107.013,25.7591,0.000,59392.5
106.396,107.214,25.7799,0.000,59387.4
106.396,107.413,25.7760,0.000,59388.4
106.396,107.613,25.7666,0.000,59390.7
106.844,107.813,25.7687,0.000,59390.2
106.844,108.013,25.7716,0.000,59389.4
107.398,108.214,25.7887,0.000,59385.2
107.398,108.413,25.7730,0.000,59389.1
107.398,108.613,25.7850,0.000,59386.1
107.893,108.813,25.7723,0.000,59389.3
107.893,109.013,25.7562,0.000,59393.2
108.396,109.214,25.7689,0.000,59390.1
108.396,109.413,25.7773,0.000,59388.1
108.396,109.613,25.7661,0.000,59390.8
108.893,109.813,25.7881,0.000,59385.4
108.894,110.013,25.7596,0.000,59392.4
109.399,110.214,25.7808,0.000,59387.2
109.399,110.413,25.7846,0.000,59386.2
109.399,110.613,25.7744,0.000,59388.8
109.892,110.813,25.7730,0.000,59389.1
109.892,111.013,25.7751,0.000,59388.6
110.394,111.214,25.7547,0.000,59393.6
110.395,111.413,25.7719,0.000,59389.4
110.395,111.613,25.7881,0.000,59385.4
110.895,111.813,25.7730,0.000,59389.1
110.895,112.013,25.7824,0.000,59386.8
111.399,112.214,25.7537,0.000,59393.8
111.399,112.413,25.7689,0.000,59390.1
111.399,112.613,25.7547,0.000,59393.6
111.834,112.813,25.7739,0.000,59388.9
111.834,113.013,25.7744,0.000,59388.8
112.397,113.214,25.7728,0.000,59389.1
112.397,113.413,25.7570,0.000,59393.0
112.397,113.613,25.7653,0.000,59391.0
112.893,113.813,25.7643,0.000,59391.2
112.894,114.013,25.7622,0.000,59391.7
113.393,114.214,25.7624,0.000,59391.7
113.394,114.413,25.7697,0.000,59389.9
113.394,114.613,25.7630,0.000,59391.6
113.892,114.813,25.7881,0.000,59385.4
113.892,115.013,25.7624,0.000,59391.7
114.301,115.214,25.7767,0.000,59388.2
114.301,115.413,25.7617,0.000,59391.9
114.896,115.613,25.7591,0.000,59392.5
114.897,115.813,25.7648,0.000,59391.1
114.897,116.013,25.7730,0.000,59389.1
115.399,116.214,25.7661,0.000,59390.8
115.399,116.413,25.7794,0.000,59387.5
115.399,116.613,25.7827,0.000,59386.7
115.897,116.813,25.7671,0.000,59390.6
115.898,117.013,25.7739,0.000,59388.9
116.394,117.214,25.7697,0.000,59389.9
116.394,117.413,25.7713,0.000,59389.5
116.394,117.613,25.7612,0.000,59392.0
116.817,117.813,25.7749,0.000,59388.6
116.818,118.013,25.7720,0.000,59389.3
117.397,118.213,25.7949,0.000,59383.7
117.397,118.412,25.7674,0.000,59390.5
117.397,118.613,25.7713,0.000,59389.5
117.892,118.813,25.7723,0.000,59389.3
117.892,119.013,25.7817,0.000,59386.9
118.398,119.213,25.7716,0.000,59389.4
118.398,119.413,25.7666,0.000,59390.7
118.398,119.613,25.7959,0.000,59383.5
118.893,119.813,25.7702,0.000,59389.8
118.893,120.013,25.7651,0.000,59391.1
119.393,120.214,25.7809,0.000,59387.2
119.393,120.413,25.7713,0.000,59389.5
119.393,120.613,25.7663,0.000,59390.8
119.875,120.813,25.7744,0.000,59388.8
119.875,121.013,25.7806,0.000,59387.2
120.397,121.214,25.7746,0.000,59388.7
120.398,121.413,25.7724,0.000,59389.2
120.398,121.613,25.7760,0.000,59388.4
120.898,121.813,25.7654,0.000,59390.9
120.898,122.013,25.7606,0.000,59392.2
121.395,122.214,25.7668,0.000,59390.6
121.396,122.413,25.7695,0.000,59390.0
121.396,122.613,25.7749,0.000,59388.7
121.896,122.813,25.7658,0.000,59390.9
121.896,123.013,25.7747,0.000,59388.7
122.318,123.214,25.7638,0.000,59391.4
122.318,123.412,25.7643,0.000,59391.2
122.318,123.612,25.7636,0.000,59391.4
122.897,123.812,25.7986,0.000,59382.8
122.898,124.013,25.7617,0.000,59391.8
123.397,124.213,25.7681,0.000,59390.3
123.397,124.412,25.7734,0.000,59389.0
123.397,124.612,25.7653,0.000,59391.0
123.894,124.812,25.7824,0.000,59386.8
123.896,125.013,25.7550,0.000,59393.5
124.397,125.213,25.7563,0.000,59393.2
124.397,125.412,25.7749,0.000,59388.7
124.398,125.612,25.7593,0.000,59392.4
124.895,125.812,25.7671,0.000,59390.5
124.896,126.013,25.7601,0.000,59392.3
125.368,126.213,25.7573,0.000,59392.9
125.368,126.412,25.7451,0.000,59396.0
125.368,126.612,25.7563,0.000,59393.2
125.896,126.812,25.7480,0.000,59395.2
125.896,127.013,25.7375,0.000,59397.8
126.397,127.213,25.7573,0.000,59392.9
126.397,127.412,25.7570,0.000,59393.0
126.397,127.612,25.7529,0.000,59394.0
126.897,127.812,25.7728,0.000,59389.1
126.897,128.013,25.7391,0.000,59397.4
127.398,128.213,25.7563,0.000,59393.2
127.398,128.412,25.7461,0.000,59395.7
127.398,128.612,25.7378,0.000,59397.8
127.834,128.812,25.7244,0.000,59401.0
127.834,129.013,25.7427,0.000,59396.5
128.397,129.213,25.7581,0.000,59392.8
128.397,129.412,25.7586,0.000,59392.6
128.397,129.612,25.7381,0.000,59397.7
128.898,129.812,25.7493,0.000,59394.9
128.898,130.013,25.7414,0.000,59396.9
129.397,130.213,25.7495,0.000,59394.9
129.397,130.411,25.7360,0.000,59398.2
129.397,130.611,25.7361,0.000,59398.1
129.896,130.811,25.7495,0.000,59394.9
129.896,131.012,25.7417,0.000,59396.8
130.334,131.211,25.7327,0.000,59399.0
130.334,131.411,25.7197,0.000,59402.2
130.334,131.611,25.7350,0.000,59398.4
130.896,131.811,25.7436,0.000,59396.3
130.896,132.012,25.7471,0.000,59395.5
131.399,132.211,25.7446,0.000,59396.1
131.399,132.411,25.7314,0.000,59399.3
131.399,132.611,25.7378,0.000,59397.8
131.897,132.811,25.7444,0.000,59396.1
131.898,133.012,25.7321,0.000,59399.1
132.398,133.211,25.7238,0.000,59401.2
132.398,133.411,25.7378,0.000,59397.8
132.398,133.611,25.7350,0.000,59398.4
132.810,133.811,25.7431,0.000,59396.4
132.810,134.012,25.7310,0.000,59399.4
133.394,134.211,25.7303,0.000,59399.6
133.394,134.411,25.7246,0.000,59401.0
133.394,134.610,25.7405,0.000,59397.1
133.894,134.810,25.7300,0.000,59399.7
133.894,135.011,25.7216,0.000,59401.7
134.394,135.210,25.7298,0.000,59399.7
134.394,135.410,25.7311,0.000,59399.4
134.394,135.610,25.7378,0.000,59397.8
134.896,135.810,25.7295,0.000,59399.8
134.896,136.011,25.7305,0.000,59399.6
135.392,136.209,25.7119,0.000,59404.1
135.392,136.409,25.6997,0.000,59407.1
135.392,136.610,25.7234,0.000,59401.3
135.867,136.810,25.7187,0.000,59402.5
135.868,137.011,25.7212,0.000,59401.9
136.399,137.210,25.7238,0.000,59401.2
136.399,137.410,25.7231,0.000,59401.4
136.399,137.610,25.7238,0.000,59401.2
136.903,137.810,25.7094,0.000,59404.7
136.903,138.011,25.7331,0.000,59398.9
137.394,138.210,25.7324,0.000,59399.1
137.395,138.410,25.7121,0.000,59404.1
137.395,138.610,25.7223,0.000,59401.6
137.899,138.809,25.7305,0.000,59399.6
137.899,139.010,25.6958,0.000,59408.1
138.394,139.209,25.7248,0.000,59401.0
138.395,139.409,25.6969,0.000,59407.8
138.395,139.609,25.7194,0.000,59402.3
138.876,139.809,25.7168,0.000,59402.9
138.877,140.010,25.7056,0.000,59405.7
139.396,140.209,25.7168,0.000,59402.9
139.396,140.409,25.7241,0.000,59401.1
139.396,140.609,25.6997,0.000,59407.1
139.882,140.809,25.7332,0.000,59398.9
139.882,141.010,25.7165,0.000,59403.0
140.396,141.209,25.6860,0.000,59410.5
140.396,141.409,25.7052,0.000,59405.8
140.396,141.609,25.7039,0.000,59406.1
140.892,141.809,25.7109,0.000,59404.4
140.892,142.010,25.6928,0.000,59408.8
141.394,142.209,25.6984,0.000,59407.5
141.394,142.409,25.7090,0.000,59404.8
141.394,142.609,25.7139,0.000,59403.6
141.867,142.808,25.7139,0.000,59403.6
141.868,143.009,25.7091,0.000,59404.8
142.395,143.208,25.7178,0.000,59402.7
142.396,143.408,25.7057,0.000,59405.6
142.396,143.608,25.7104,0.000,59404.5
142.885,143.808,25.7127,0.000,59403.9
142.886,144.009,25.7008,0.000,59406.8
143.384,144.208,25.7108,0.000,59404.4
143.384,144.408,25.7104,0.000,59404.5
143.384,144.608,25.7078,0.000,59405.1
143.884,144.808,25.7057,0.000,59405.6
143.884,145.009,25.7028,0.000,59406.4
144.370,145.208,25.6982,0.000,59407.5
144.371,145.408,25.7188,0.000,59402.4
144.371,145.608,25.6935,0.000,59408.6
144.874,145.808,25.6979,0.000,59407.6
144.874,146.009,25.6875,0.000,59410.1
145.394,146.208,25.7090,0.000,59404.8
145.395,146.408,25.6953,0.000,59408.2
145.395,146.608,25.7083,0.000,59405.0
145.894,146.808,25.6964,0.000,59407.9
145.894,147.008,25.6967,0.000,59407.9
146.395,147.207,25.6964,0.000,59407.9
146.396,147.407,25.7050,0.000,59405.8
146.396,147.607,25.7016,0.000,59406.7
146.892,147.807,25.6992,0.000,59407.2
146.892,148.008,25.7005,0.000,59406.9
147.397,148.207,25.6964,0.000,59407.9
147.397,148.407,25.7039,0.000,59406.1
147.397,148.607,25.6888,0.000,59409.8
147.859,148.807,25.7078,0.000,59405.1
147.859,149.008,25.6948,0.000,59408.4
148.399,149.207,25.6961,0.000,59408.0
148.399,149.407,25.6948,0.000,59408.3
148.399,149.607,25.6881,0.000,59409.9
148.893,149.807,25.6863,0.000,59410.4
148.893,150.008,25.6816,0.000,59411.6
149.398,150.207,25.6862,0.000,59410.5
149.398,150.407,25.7005,0.000,59406.9
149.398,150.607,25.6808,0.000,59411.7
149.893,150.807,25.6937,0.000,59408.6
149.893,151.007,25.6955,0.000,59408.1
150.339,151.206,25.6870,0.000,59410.2
150.339,151.406,25.6743,0.000,59413.4
150.339,151.606,25.6826,0.000,59411.4
150.898,151.806,25.6685,0.000,59414.8
150.899,152.007,25.6942,0.000,59408.5
151.393,152.206,25.6995,0.000,59407.2
151.393,152.406,25.6955,0.000,59408.1
151.393,152.606,25.7025,0.000,59406.4
151.894,152.806,25.6934,0.000,59408.7
151.895,153.007,25.7018,0.000,59406.6
152.394,153.206,25.6738,0.000,59413.5
152.394,153.405,25.6789,0.000,59412.2
152.394,153.606,25.6922,0.000,59409.0
152.894,153.806,25.6938,0.000,59408.6
152.894,154.007,25.7057,0.000,59405.6
153.350,154.206,25.6972,0.000,59407.7
153.350,154.406,25.6800,0.000,59412.0
153.351,154.605,25.6841,0.000,59411.0
153.895,154.805,25.7011,0.000,59406.8
153.896,155.007,25.6862,0.000,59410.5
154.392,155.205,25.6875,0.000,59410.2
154.392,155.404,25.6846,0.000,59410.8
154.392,155.605,25.6842,0.000,59410.9
154.889,155.805,25.6870,0.000,59410.2
154.889,156.005,25.6873,0.000,59410.2
155.398,156.205,25.6885,0.000,59409.9
155.398,156.404,25.6712,0.000,59414.1
155.398,156.605,25.6729,0.000,59413.7
155.825,156.805,25.6717,0.000,59414.0
155.825,157.006,25.6806,0.000,59411.8
156.396,157.205,25.6789,0.000,59412.2
156.396,157.405,25.6748,0.000,59413.2
156.396,157.605,25.6657,0.000,59415.5
156.897,157.805,25.6777,0.000,59412.5
156.897,158.006,25.6732,0.000,59413.6
157.396,158.205,25.6758,0.000,59413.0
157.396,158.405,25.6725,0.000,59413.8
157.396,158.605,25.6694,0.000,59414.6
157.895,158.806,25.6597,0.000,59416.9
157.895,159.006,25.6624,0.000,59416.3
158.394,159.204,25.6774,0.000,59412.6
158.394,159.404,25.6658,0.000,59415.4
158.394,159.604,25.6846,0.000,59410.8
158.877,159.805,25.6813,0.000,59411.6
158.877,160.005,25.6646,0.000,59415.7
159.395,160.204,25.6587,0.000,59417.2
159.395,160.404,25.6699,0.000,59414.4
159.395,160.603,25.6579,0.000,59417.4
159.893,160.805,25.6745,0.000,59413.3
159.893,161.005,25.6733,0.000,59413.6
160.395,161.203,25.6674,0.000,59415.1
160.396,161.404,25.6605,0.000,59416.8
160.396,161.604,25.6642,0.000,59415.8
160.895,161.805,25.6819,0.000,59411.5
160.896,162.005,25.6865,0.000,59410.4
161.397,162.204,25.6774,0.000,59412.6
161.397,162.404,25.6881,0.000,59410.0
161.398,162.604,25.6584,0.000,59417.2
161.876,162.805,25.6728,0.000,59413.7
161.876,163.005,25.6546,0.000,59418.2
162.393,163.203,25.6523,0.000,59418.8
162.393,163.403,25.6549,0.000,59418.1
162.393,163.603,25.6660,0.000,59415.4
162.897,163.804,25.6543,0.000,59418.3
162.898,164.003,25.6533,0.000,59418.5
163.394,164.203,25.6706,0.000,59414.2
163.394,164.403,25.6675,0.000,59415.0
163.394,164.603,25.6681,0.000,59414.9
163.892,164.804,25.6619,0.000,59416.4
163.892,165.003,25.6528,0.000,59418.6
164.395,165.203,25.6494,0.000,59419.5
164.395,165.403,25.6616,0.000,59416.5
164.395,165.603,25.6501,0.000,59419.3
164.894,165.804,25.6569,0.000,59417.6
164.894,166.003,25.6574,0.000,59417.5
165.334,166.203,25.6572,0.000,59417.6
165.334,166.403,25.6635,0.000,59416.0
165.334,166.603,25.6626,0.000,59416.2
165.898,166.804,25.6551,0.000,59418.1
165.898,167.003,25.6460,0.000,59420.3
166.299,167.203,25.6569,0.000,59417.6
166.300,167.402,25.6364,0.000,59422.7
166.800,167.602,25.6315,0.000,59423.9
166.800,167.803,25.6426,0.000,59421.1
166.800,168.001,25.6614,0.000,59416.5
167.300,168.202,25.6437,0.000,59420.9
167.300,168.402,25.6416,0.000,59421.4
167.800,168.602,25.6556,0.000,59418.0
167.800,168.803,25.6575,0.000,59417.5
167.800,169.001,25.6439,0.000,59420.8
168.300,169.202,25.6471,0.000,59420.0
168.300,169.402,25.6605,0.000,59416.8
168.799,169.602,25.6559,0.000,59417.9
168.799,169.803,25.6492,0.000,59419.5
168.799,170.001,25.6642,0.000,59415.8
169.300,170.201,25.6507,0.000,59419.2
169.300,170.402,25.6584,0.000,59417.3
169.799,170.602,25.6562,0.000,59417.8
169.800,170.804,25.6445,0.000,59420.7
169.800,171.002,25.6515,0.000,59418.9
170.300,171.202,25.6647,0.000,59415.7
170.300,171.401,25.6515,0.000,59418.9
170.800,171.600,25.6515,0.000,59418.9
170.800,171.803,25.6525,0.000,59418.7
170.800,172.001,25.6559,0.000,59417.9
171.299,172.201,25.6309,0.000,59424.0
171.299,172.400,25.6476,0.000,59419.9
171.800,172.601,25.6530,0.000,59418.6
171.800,172.803,25.6365,0.000,59422.6
171.800,173.001,25.6675,0.000,59415.0
172.299,173.201,25.6320,0.000,59423.7
172.300,173.400,25.6551,0.000,59418.1
172.800,173.601,25.6308,0.000,59424.0
172.800,173.802,25.6413,0.000,59421.5
172.800,174.001,25.6429,0.000,59421.1
173.299,174.201,25.6380,0.000,59422.3
173.300,174.401,25.6426,0.000,59421.1
173.800,174.601,25.6567,0.000,59417.7
173.800,174.802,25.6437,0.000,59420.9
173.800,175.001,25.6279,0.000,59424.7
174.300,175.201,25.6476,0.000,59419.9
174.300,175.401,25.6375,0.000,59422.4
174.800,175.600,25.6318,0.000,59423.8
174.800,175.801,25.6380,0.000,59422.2
174.800,176.000,25.6392,0.000,59422.0
175.300,176.200,25.6347,0.000,59423.1
175.300,176.400,25.6422,0.000,59421.2
175.800,176.600,25.6167,0.000,59427.5
175.800,176.801,25.6331,0.000,59423.5
175.800,177.000,25.6422,0.000,59421.2
176.300,177.200,25.6315,0.000,59423.9
176.300,177.400,25.6370,0.000,59422.5
176.799,177.600,25.6431,0.000,59421.0
176.799,177.801,25.6138,0.000,59428.2
176.799,178.000,25.6403,0.000,59421.7
177.300,178.199,25.6310,0.000,59424.0
177.300,178.400,25.6300,0.000,59424.2
177.799,178.600,25.6390,0.000,59422.0
177.800,178.801,25.6022,0.000,59431.0
177.800,179.000,25.6240,0.000,59425.7
178.299,179.200,25.6193,0.000,59426.8
178.299,179.400,25.6086,0.000,59429.5
178.799,179.600,25.6087,0.000,59429.4
178.800,179.800,25.6230,0.000,59426.0
178.800,179.999,25.6116,0.000,59428.7
179.300,180.199,25.6238,0.000,59425.7
179.300,180.399,25.6155,0.000,59427.8
179.800,180.599,25.6235,0.000,59425.8
179.800,180.800,25.6165,0.000,59427.5
179.800,180.999,25.6152,0.000,59427.9
180.300,181.199,25.6312,0.000,59423.9
180.300,181.399,25.6318,0.000,59423.8
180.800,181.599,25.6025,0.000,59430.9
180.800,181.800,25.6120,0.000,59428.7
180.800,181.999,25.6113,0.000,59428.8
181.300,182.199,25.6090,0.000,59429.3
181.300,182.399,25.6055,0.000,59430.2
181.800,182.599,25.6074,0.000,59429.8
181.800,182.800,25.6157,0.000,59427.7
181.800,182.999,25.6051,0.000,59430.3
182.300,183.199,25.6187,0.000,59427.0
182.300,183.399,25.6152,0.000,59427.9
182.800,183.599,25.6151,0.000,59427.9
182.800,183.799,25.6137,0.000,59428.2
182.800,183.998,25.6183,0.000,59427.1
183.300,184.198,25.6055,0.000,59430.2
183.300,184.398,25.6270,0.000,59425.0
183.800,184.598,25.6066,0.000,59430.0
183.800,184.799,25.5908,0.000,59433.8
183.800,184.998,25.6245,0.000,59425.6
184.300,185.198,25.5836,0.000,59435.6
184.300,185.397,25.6142,0.000,59428.1
184.799,185.597,25.5994,0.000,59431.7
184.800,185.799,25.5797,0.000,59436.5
184.800,185.998,25.6137,0.000,59428.2
185.300,186.197,25.6175,0.000,59427.3
185.300,186.398,25.5947,0.000,59432.8
185.799,186.598,25.6120,0.000,59428.6
185.800,186.799,25.5994,0.000,59431.7
185.800,186.998,25.6030,0.000,59430.8
186.299,187.198,25.6110,0.000,59428.9
186.300,187.398,25.6113,0.000,59428.8
186.800,187.598,25.6595,0.000,59417.0
186.800,187.799,25.6570,0.000,59417.6
186.800,187.997,25.6657,0.000,59415.5
187.300,188.197,25.6685,0.000,59414.8
187.300,188.397,25.6646,0.000,59415.7
187.800,188.597,25.6754,0.000,59413.1
187.800,188.798,25.6696,0.000,59414.5
187.801,188.997,25.6588,0.000,59417.1
188.300,189.197,25.6502,0.000,59419.3
188.300,189.397,25.6753,0.000,59413.2
188.800,189.597,25.6647,0.000,59415.7
188.800,189.798,25.6706,0.000,59414.3
188.800,189.997,25.6469,0.000,59420.1
189.300,190.197,25.6348,0.000,59423.1
189.300,190.397,25.6551,0.000,59418.1
189.800,190.597,25.6395,0.000,59421.9
189.800,190.798,25.6533,0.000,59418.5
189.800,190.997,25.6318,0.000,59423.8
190.299,191.197,25.6333,0.000,59423.4
190.300,191.397,25.6453,0.000,59420.5
190.800,191.597,25.6442,0.000,59420.7
190.800,191.798,25.6370,0.000,59422.5
190.800,191.996,25.6339,0.000,59423.3
191.300,192.196,25.6232,0.000,59425.9
191.300,192.396,25.6183,0.000,59427.1
191.800,192.597,25.6390,0.000,59422.0
191.800,192.797,25.6310,0.000,59424.0
191.800,192.996,25.6343,0.000,59423.2
192.300,193.196,25.6386,0.000,59422.1
192.300,193.396,25.6313,0.000,59423.9
192.799,193.597,25.6273,0.000,59424.9
192.799,193.796,25.6299,0.000,59424.2
192.799,193.996,25.6425,0.000,59421.2
193.300,194.196,25.6359,0.000,59422.8
193.300,194.396,25.6342,0.000,59423.2
193.800,194.597,25.6380,0.000,59422.3
193.800,194.797,25.6277,0.000,59424.8
193.800,194.996,25.6353,0.000,59422.9
194.300,195.196,25.6308,0.000,59424.0
194.300,195.396,25.6090,0.000,59429.4
194.800,195.597,25.6292,0.000,59424.4
194.800,195.797,25.6453,0.000,59420.5
194.800,195.995,25.6535,0.000,59418.5
195.300,196.195,25.6240,0.000,59425.7
195.300,196.395,25.6535,0.000,59418.5
195.800,196.596,25.6261,0.000,59425.2
195.800,196.795,25.6395,0.000,59421.9
195.800,196.995,25.6649,0.000,59415.7
196.300,197.195,25.6443,0.000,59420.7
196.300,197.395,25.6504,0.000,59419.2
196.800,197.596,25.6480,0.000,59419.8
196.800,197.794,25.6559,0.000,59417.9
196.800,197.994,25.6683,0.000,59414.8
197.299,198.194,25.6833,0.000,59411.2
197.300,198.395,25.6801,0.000,59411.9
197.800,198.596,25.6768,0.000,59412.7
197.800,198.795,25.6679,0.000,59414.9
197.800,198.995,25.6562,0.000,59417.8
198.300,199.195,25.6812,0.000,59411.7
198.300,199.395,25.6728,0.000,59413.7
198.800,199.596,25.6762,0.000,59412.9
198.800,199.795,25.6706,0.000,59414.3
198.800,199.995,25.6851,0.000,59410.7
199.299,200.194,25.6725,0.000,59413.8
199.300,200.394,25.6889,0.000,59409.8
199.800,200.595,25.6603,0.000,59416.8
199.800,200.794,25.6763,0.000,59412.9
199.800,200.994,25.6929,0.000,59408.8
200.300,201.194,25.6699,0.000,59414.4
200.300,201.394,25.6692,0.000,59414.6
200.800,201.595,25.6779,0.000,59412.5
200.800,201.794,25.6851,0.000,59410.7
200.800,201.994,25.6789,0.000,59412.2
201.300,202.194,25.6899,0.000,59409.5
201.300,202.394,25.6743,0.000,59413.3
201.800,202.595,25.6680,0.000,59414.9
201.800,202.794,25.6694,0.000,59414.6
201.800,202.994,25.6932,0.000,59408.7
202.300,203.194,25.6934,0.000,59408.7
202.300,203.394,25.7163,0.000,59403.0
202.800,203.595,25.6671,0.000,59415.1
202.800,203.794,25.6846,0.000,59410.8
202.800,203.994,25.6895,0.000,59409.6
203.300,204.194,25.6489,0.000,59419.6
203.300,204.393,25.6826,0.000,59411.4
203.300,204.594,25.6772,0.000,59412.6
203.800,204.793,25.6655,0.000,59415.5
203.800,204.993,25.6772,0.000,59412.6
204.300,205.193,25.6671,0.000,59415.1
204.300,205.393,25.6937,0.000,59408.6
204.300,205.594,25.6794,0.000,59412.1
204.800,205.793,25.6692,0.000,59414.6
204.800,205.993,25.6724,0.000,59413.8
205.300,206.193,25.6738,0.000,59413.5
205.300,206.393,25.6587,0.000,59417.2
205.300,206.594,25.7056,0.000,59405.7
205.800,206.793,25.6704,0.000,59414.4
205.800,206.993,25.6688,0.000,59414.7
206.300,207.193,25.6681,0.000,59414.9
206.300,207.393,25.6704,0.000,59414.4
206.300,207.594,25.6834,0.000,59411.1
206.799,207.793,25.6924,0.000,59408.9
206.800,207.993,25.6774,0.000,59412.6
207.300,208.193,25.6353,0.000,59422.9
207.300,208.392,25.6646,0.000,59415.7
207.300,208.593,25.6320,0.000,59423.7
207.800,208.792,25.6440,0.000,59420.8
207.800,208.992,25.6222,0.000,59426.2
208.300,209.192,25.6538,0.000,59418.4
208.300,209.392,25.6173,0.000,59427.3
208.300,209.592,25.6445,0.000,59420.6
208.800,209.792,25.6523,0.000,59418.7
208.800,209.991,25.6250,0.000,59425.4
209.300,210.191,25.6445,0.000,59420.6
209.300,210.391,25.6564,0.000,59417.7
209.300,210.593,25.6352,0.000,59423.0
209.800,210.792,25.6299,0.000,59424.3
209.800,210.992,25.6261,0.000,59425.2
210.300,211.192,25.6436,0.000,59420.9
210.300,211.392,25.6487,0.000,59419.6
210.300,211.593,25.6544,0.000,59418.2
210.800,211.792,25.6523,0.000,59418.8
210.800,211.992,25.6851,0.000,59410.7
211.300,212.192,25.6551,0.000,59418.1
211.300,212.392,25.6702,0.000,59414.4
211.300,212.592,25.6543,0.000,59418.2
211.800,212.791,25.6453,0.000,59420.5
211.800,212.991,25.6321,0.000,59423.7
212.300,213.191,25.6514,0.000,59419.0
212.300,213.391,25.6605,0.000,59416.8
212.300,213.592,25.6525,0.000,59418.7
212.800,213.791,25.6572,0.000,59417.5
212.800,213.991,25.6596,0.000,59417.0
213.300,214.191,25.6660,0.000,59415.4
213.300,214.391,25.6543,0.000,59418.3
213.300,214.592,25.6785,0.000,59412.3
213.800,214.791,25.6794,0.000,59412.1
213.800,214.991,25.6533,0.000,59418.6
214.300,215.191,25.6525,0.000,59418.7
214.300,215.391,25.6621,0.000,59416.4
214.300,215.592,25.6509,0.000,59419.1
214.800,215.791,25.6683,0.000,59414.8
214.800,215.991,25.6291,0.000,59424.5
215.300,216.191,25.6387,0.000,59422.1
215.300,216.391,25.6533,0.000,59418.6
215.300,216.591,25.6792,0.000,59412.2
215.800,216.790,25.6346,0.000,59423.1
215.800,216.990,25.6354,0.000,59422.9
216.300,217.190,25.6685,0.000,59414.8
216.300,217.390,25.6556,0.000,59417.9
216.300,217.591,25.6380,0.000,59422.2
216.800,217.789,25.6535,0.000,59418.5
216.800,217.990,25.6692,0.000,59414.6
217.395,218.189,25.6546,0.000,59418.2
217.395,218.389,25.6209,0.000,59426.5
217.395,218.592,25.6548,0.000,59418.2
217.898,218.789,25.6455,0.000,59420.4
217.898,218.989,25.6588,0.000,59417.1
217.898,219.189,25.6261,0.000,59425.2
218.396,219.390,25.6359,0.000,59422.8
218.397,219.591,25.6229,0.000,59426.0
218.808,219.790,25.6378,0.000,59422.3
218.808,219.990,25.6553,0.000,59418.0
219.396,220.190,25.6235,0.000,59425.8
219.396,220.390,25.6548,0.000,59418.2
219.396,220.590,25.6487,0.000,59419.6
219.898,220.789,25.6496,0.000,59419.4
219.898,220.989,25.6484,0.000,59419.7
219.898,221.189,25.6613,0.000,59416.5
220.398,221.389,25.6255,0.000,59425.3
220.398,221.590,25.6422,0.000,59421.2
220.894,221.789,25.6247,0.000,59425.5
220.894,221.989,25.6452,0.000,59420.5
221.433,222.189,25.6303,0.000,59424.2
221.434,222.389,25.6616,0.000,59416.5
221.435,222.590,25.6185,0.000,59427.1
221.867,222.789,25.6353,0.000,59422.9
221.867,222.989,25.6387,0.000,59422.1
222.419,223.188,25.6216,0.000,59426.2
222.419,223.388,25.6455,0.000,59420.4
222.419,223.590,25.6295,0.000,59424.4
222.898,223.788,25.6328,0.000,59423.6
222.898,223.990,25.6279,0.000,59424.7
222.898,224.188,25.6375,0.000,59422.4
223.393,224.389,25.6323,0.000,59423.6
223.394,224.590,25.6221,0.000,59426.2
223.895,224.788,25.6064,0.000,59430.0
223.896,224.988,25.6579,0.000,59417.4
223.896,225.188,25.6183,0.000,59427.1
224.395,225.388,25.6294,0.000,59424.4
224.395,225.589,25.6318,0.000,59423.8
224.884,225.788,25.6079,0.000,59429.6
224.884,225.988,25.6069,0.000,59429.9
225.395,226.188,25.6196,0.000,59426.8
225.395,226.388,25.6413,0.000,59421.5
225.395,226.589,25.6282,0.000,59424.6
225.896,226.788,25.6235,0.000,59425.8
225.896,226.988,25.6134,0.000,59428.3
225.896,227.188,25.6160,0.000,59427.7
226.395,227.388,25.6240,0.000,59425.7
226.395,227.589,25.6121,0.000,59428.6
226.894,227.788,25.6054,0.000,59430.2
226.894,227.988,25.6128,0.000,59428.5
226.894,228.188,25.6081,0.000,59429.6
227.300,228.388,25.6240,0.000,59425.7
227.300,228.589,25.6369,0.000,59422.6
227.898,228.787,25.5918,0.000,59433.6
227.898,228.986,25.6362,0.000,59422.7
227.898,229.186,25.6010,0.000,59431.4
228.400,229.388,25.5923,0.000,59433.5
228.400,229.588,25.6281,0.000,59424.7
228.894,229.787,25.6240,0.000,59425.7
228.894,229.987,25.6187,0.000,59427.0
228.894,230.186,25.6169,0.000,59427.4
229.397,230.388,25.6116,0.000,59428.7
229.397,230.588,25.6042,0.000,59430.6
229.834,230.787,25.6064,0.000,59430.0
229.834,230.987,25.6001,0.000,59431.6
230.398,231.187,25.6136,0.000,59428.2
230.398,231.388,25.6377,0.000,59422.4
230.398,231.588,25.6204,0.000,59426.6
230.894,231.787,25.6367,0.000,59422.6
230.894,231.987,25.6071,0.000,59429.8
230.894,232.187,25.6024,0.000,59431.0
231.398,232.388,25.6141,0.000,59428.1
231.398,232.588,25.6053,0.000,59430.3
231.894,232.786,25.6199,0.000,59426.7
231.894,232.986,25.6098,0.000,59429.2
231.894,233.186,25.6273,0.000,59424.9
232.376,233.387,25.6211,0.000,59426.4
232.376,233.586,25.6010,0.000,59431.3
232.896,233.786,25.6115,0.000,59428.8
232.896,233.986,25.6220,0.000,59426.2
232.896,234.186,25.6289,0.000,59424.5
233.394,234.387,25.6450,0.000,59420.6
233.394,234.586,25.6090,0.000,59429.3
233.895,234.786,25.6048,0.000,59430.4
233.895,234.986,25.6401,0.000,59421.7
233.895,235.186,25.6203,0.000,59426.6
234.395,235.387,25.6263,0.000,59425.2
234.395,235.586,25.6001,0.000,59431.6
234.800,235.786,25.6107,0.000,59429.0
234.800,235.986,25.6064,0.000,59430.0
235.396,236.186,25.6250,0.000,59425.5
235.396,236.387,25.6107,0.000,59429.0
235.396,236.586,25.6027,0.000,59430.9
235.895,236.786,25.6069,0.000,59429.9
235.895,236.985,25.6234,0.000,59425.9
235.895,237.185,25.6059,0.000,59430.1
236.398,237.386,25.6235,0.000,59425.8
236.398,237.585,25.5986,0.000,59431.9
236.895,237.785,25.6303,0.000,59424.2
236.895,237.985,25.6387,0.000,59422.1
236.896,238.185,25.6176,0.000,59427.2
237.351,238.386,25.6309,0.000,59424.0
237.351,238.585,25.6276,0.000,59424.8
237.898,238.785,25.6030,0.000,59430.8
237.898,238.985,25.6115,0.000,59428.8
237.898,239.185,25.5938,0.000,59433.1
238.394,239.386,25.6162,0.000,59427.6
238.394,239.584,25.6219,0.000,59426.2
238.896,239.784,25.6211,0.000,59426.4
238.896,239.985,25.6093,0.000,59429.3
238.896,240.184,25.6193,0.000,59426.8
239.393,240.385,25.6120,0.000,59428.6
239.394,240.585,25.6089,0.000,59429.4
239.897,240.785,25.6089,0.000,59429.4
239.897,240.985,25.6157,0.000,59427.7
239.897,241.184,25.6178,0.000,59427.2
240.367,241.385,25.6125,0.000,59428.5
240.367,241.584,25.6030,0.000,59430.9
240.897,241.784,25.5929,0.000,59433.3
240.897,241.984,25.5866,0.000,59434.9
240.897,242.184,25.5882,0.000,59434.5
241.395,242.385,25.6043,0.000,59430.5
241.396,242.584,25.6160,0.000,59427.6
241.893,242.784,25.5610,0.000,59441.1
241.894,242.984,25.6050,0.000,59430.4
241.894,243.184,25.5586,0.000,59441.7
242.396,243.385,25.5859,0.000,59435.1
242.397,243.584,25.6160,0.000,59427.7
242.810,243.784,25.5954,0.000,59432.7
242.810,243.984,25.6152,0.000,59427.8
243.397,244.184,25.5895,0.000,59434.1
243.397,244.385,25.6111,0.000,59428.9
243.398,244.584,25.5931,0.000,59433.3
243.893,244.784,25.6006,0.000,59431.4
243.894,244.984,25.6045,0.000,59430.5
243.894,245.183,25.5794,0.000,59436.6
244.398,245.384,25.6113,0.000,59428.8
244.398,245.583,25.5981,0.000,59432.0
244.893,245.783,25.5970,0.000,59432.4
244.894,245.983,25.5991,0.000,59431.8
244.894,246.183,25.5950,0.000,59432.8
245.393,246.384,25.5994,0.000,59431.7
245.394,246.583,25.6173,0.000,59427.3
245.893,246.783,25.6019,0.000,59431.1
245.894,246.983,25.5830,0.000,59435.8
245.894,247.183,25.5744,0.000,59437.8
246.394,247.384,25.6093,0.000,59429.3
246.394,247.582,25.5908,0.000,59433.8
246.898,247.783,25.5858,0.000,59435.1
246.898,247.983,25.5898,0.000,59434.1
246.898,248.182,25.5903,0.000,59434.0
247.393,248.384,25.5941,0.000,59433.1
247.393,248.583,25.6048,0.000,59430.4
247.800,248.783,25.6142,0.000,59428.1
247.800,248.983,25.6125,0.000,59428.5
248.398,249.183,25.5884,0.000,59434.4
248.398,249.383,25.5815,0.000,59436.1
248.398,249.582,25.5657,0.000,59440.0
248.892,249.782,25.5744,0.000,59437.8
248.893,249.982,25.6113,0.000,59428.8
248.893,250.182,25.5864,0.000,59434.9
249.394,250.383,25.5918,0.000,59433.6
249.395,250.582,25.6147,0.000,59428.0
249.884,250.782,25.6074,0.000,59429.8
249.884,250.982,25.6134,0.000,59428.3
250.341,251.182,25.5957,0.000,59432.6
250.342,251.383,25.6097,0.000,59429.2
250.342,251.582,25.5882,0.000,59434.5
250.880,251.782,25.5876,0.000,59434.6
250.880,251.982,25.6016,0.000,59431.2
251.397,252.182,25.6014,0.000,59431.2
251.397,252.383,25.5838,0.000,59435.5
251.397,252.582,25.5889,0.000,59434.3
251.880,252.782,25.5898,0.000,59434.1
251.880,252.982,25.5830,0.000,59435.7
252.398,253.182,25.6017,0.000,59431.2
252.398,253.382,25.5610,0.000,59441.1
252.398,253.581,25.5936,0.000,59433.1
252.897,253.781,25.5752,0.000,59437.7
252.898,253.980,25.6164,0.000,59427.6
252.898,254.180,25.5864,0.000,59434.9
253.382,254.382,25.6299,0.000,59424.2
253.382,254.581,25.6069,0.000,59429.9
253.893,254.781,25.5874,0.000,59434.7
253.894,254.981,25.6277,0.000,59424.8
253.894,255.181,25.6071,0.000,59429.8
254.395,255.382,25.6302,0.000,59424.2
254.395,255.581,25.5913,0.000,59433.7
254.893,255.781,25.5967,0.000,59432.4
254.894,255.981,25.6259,0.000,59425.2
254.894,256.181,25.5996,0.000,59431.6
255.391,256.382,25.6042,0.000,59430.6
255.391,256.581,25.6104,0.000,59429.0
255.871,256.782,25.6050,0.000,59430.4
255.871,256.982,25.6263,0.000,59425.1
256.393,257.182,25.6077,0.000,59429.7
256.393,257.383,25.6183,0.000,59427.1
256.393,257.581,25.6079,0.000,59429.7
256.891,257.782,25.6066,0.000,59430.0
256.892,257.981,25.5890,0.000,59434.2
256.892,258.181,25.5942,0.000,59433.0
257.391,258.383,25.6032,0.000,59430.8
257.392,258.582,25.6017,0.000,59431.1
257.893,258.782,25.5959,0.000,59432.6
257.893,258.982,25.5898,0.000,59434.1
257.893,259.182,25.6006,0.000,59431.4
258.328,259.383,25.6063,0.000,59430.1
258.328,259.582,25.6222,0.000,59426.1
258.895,259.782,25.5945,0.000,59432.9
258.895,259.982,25.5766,0.000,59437.3
258.895,260.182,25.5786,0.000,59436.8
259.391,260.383,25.5945,0.000,59432.9
259.392,260.582,25.6006,0.000,59431.4
259.891,260.782,25.5931,0.000,59433.3
259.891,260.982,25.6053,0.000,59430.3
259.891,261.182,25.5797,0.000,59436.6
260.396,261.383,25.5731,0.000,59438.2
260.396,261.582,25.5913,0.000,59433.7
260.833,261.782,25.5801,0.000,59436.4
260.833,261.982,25.5944,0.000,59433.0
261.391,262.182,25.5688,0.000,59439.2
261.391,262.383,25.5947,0.000,59432.8
261.392,262.582,25.5649,0.000,59440.2
261.891,262.783,25.5898,0.000,59434.1
261.892,262.983,25.5685,0.000,59439.3
261.892,263.183,25.5977,0.000,59432.1
262.391,263.384,25.5830,0.000,59435.7
262.392,263.583,25.5897,0.000,59434.1
262.891,263.783,25.5869,0.000,59434.8
262.892,263.983,25.5828,0.000,59435.8
262.892,264.183,25.6139,0.000,59428.1
263.383,264.384,25.5933,0.000,59433.2
263.383,264.583,25.5867,0.000,59434.8
263.895,264.782,25.5711,0.000,59438.6
263.896,264.982,25.5883,0.000,59434.5
263.896,265.183,25.5797,0.000,59436.6
264.395,265.384,25.6012,0.000,59431.3
264.396,265.582,25.5903,0.000,59433.9
264.891,265.783,25.5932,0.000,59433.2
264.891,265.983,25.5703,0.000,59438.9
264.891,266.183,25.5838,0.000,59435.5
265.391,266.384,25.5695,0.000,59439.0
265.392,266.583,25.5721,0.000,59438.4
265.906,266.783,25.5945,0.000,59432.9
265.906,266.983,25.5822,0.000,59435.9
265.906,267.183,25.5742,0.000,59437.9
266.391,267.384,25.5812,0.000,59436.2
266.391,267.583,25.5989,0.000,59431.8
266.895,267.783,25.5957,0.000,59432.7
266.895,267.983,25.5936,0.000,59433.2
266.896,268.183,25.5962,0.000,59432.5
267.391,268.384,25.5796,0.000,59436.6
267.391,268.583,25.5747,0.000,59437.8
267.894,268.784,25.5879,0.000,59434.5
267.894,268.984,25.5859,0.000,59435.1
267.894,269.184,25.5755,0.000,59437.6
268.358,269.385,25.5945,0.000,59432.9
268.358,269.584,25.5859,0.000,59435.0
268.917,269.784,25.5802,0.000,59436.4
268.917,269.984,25.5851,0.000,59435.2
268.932,270.184,25.6040,0.000,59430.6
269.299,270.385,25.5900,0.000,59434.0
269.300,270.584,25.6074,0.000,59429.8
269.799,270.784,25.6079,0.000,59429.7
269.800,270.984,25.5877,0.000,59434.6
270.299,271.184,25.5745,0.000,59437.8
270.300,271.385,25.5698,0.000,59439.0
270.300,271.584,25.5934,0.000,59433.2
270.799,271.784,25.5939,0.000,59433.1
270.800,271.984,25.6084,0.000,59429.6
271.299,272.184,25.6050,0.000,59430.3
271.300,272.385,25.5970,0.000,59432.3
271.300,272.584,25.5556,0.000,59442.4
271.800,272.784,25.5755,0.000,59437.6
271.800,272.984,25.5652,0.000,59440.1
272.299,273.184,25.5645,0.000,59440.3
272.300,273.385,25.5680,0.000,59439.4
272.300,273.584,25.5776,0.000,59437.1
272.799,273.784,25.5601,0.000,59441.4
272.799,273.984,25.5613,0.000,59441.1
273.299,274.184,25.5456,0.000,59444.9
273.300,274.385,25.5595,0.000,59441.5
273.300,274.584,25.5442,0.000,59445.2
273.799,274.785,25.5644,0.000,59440.3
273.800,274.985,25.5420,0.000,59445.8
274.299,275.185,25.5556,0.000,59442.4
274.299,275.386,25.5548,0.000,59442.6
274.299,275.585,25.5717,0.000,59438.5
274.800,275.785,25.5820,0.000,59436.0
274.800,275.985,25.5594,0.000,59441.5
275.299,276.185,25.5679,0.000,59439.4
275.300,276.386,25.5794,0.000,59436.6
275.300,276.585,25.5622,0.000,59440.8
275.826,276.785,25.5687,0.000,59439.2
275.826,276.985,25.5724,0.000,59438.3
276.300,277.185,25.5537,0.000,59442.9
276.300,277.386,25.5633,0.000,59440.6
276.300,277.585,25.5688,0.000,59439.2
276.800,277.785,25.5415,0.000,59445.9
276.800,277.985,25.5584,0.000,59441.8
277.300,278.185,25.5862,0.000,59434.9
277.300,278.386,25.5373,0.000,59446.9
277.300,278.585,25.5659,0.000,59439.9
277.800,278.785,25.5566,0.000,59442.2
277.800,278.985,25.5659,0.000,59439.9
278.300,279.185,25.5524,0.000,59443.2
278.300,279.386,25.5644,0.000,59440.3
278.300,279.585,25.5659,0.000,59439.9
278.800,279.785,25.5640,0.000,59440.4
278.800,279.985,25.5504,0.000,59443.7
279.300,280.185,25.5775,0.000,59437.1
279.300,280.386,25.5565,0.000,59442.2
279.300,280.585,25.5486,0.000,59444.1
279.800,280.784,25.5298,0.000,59448.8
279.800,280.985,25.5293,0.000,59448.9
280.300,281.184,25.5566,0.000,59442.2
280.300,281.387,25.5571,0.000,59442.1
280.300,281.586,25.5376,0.000,59446.8
280.800,281.786,25.5906,0.000,59433.9
280.800,281.986,25.5213,0.000,59450.8
281.300,282.186,25.5545,0.000,59442.7
281.300,282.387,25.5477,0.000,59444.4
281.300,282.586,25.5373,0.000,59446.9
281.800,282.786,25.5578,0.000,59441.9
281.800,282.986,25.5478,0.000,59444.4
282.299,283.186,25.5316,0.000,59448.3
282.300,283.387,25.5441,0.000,59445.2
282.300,283.586,25.5562,0.000,59442.3
282.799,283.786,25.5657,0.000,59440.0
282.799,283.986,25.5617,0.000,59441.0
283.313,284.186,25.5662,0.000,59439.8
283.313,284.387,25.5728,0.000,59438.2
283.313,284.586,25.5478,0.000,59444.4
283.800,284.790,25.5219,100.000,59450.7
283.800,284.987,25.4966,100.000,59456.9
284.300,285.186,25.4875,100.000,59459.1
284.300,285.387,25.4928,100.000,59457.8
284.300,285.586,25.5049,100.000,59454.8
284.800,285.786,25.5076,100.000,59454.2
284.800,285.986,25.4990,100.000,59456.3
285.300,286.186,25.4944,100.000,59457.4
285.300,286.387,25.5063,100.000,59454.5
285.300,286.586,25.5067,100.000,59454.4
285.800,286.786,25.5034,100.000,59455.2
285.800,286.986,25.5034,100.000,59455.2
286.299,287.186,25.4931,100.000,59457.7
286.299,287.388,25.4970,100.000,59456.8
286.299,287.588,25.4954,100.000,59457.1
286.800,287.787,25.5047,100.000,59454.9
286.800,287.987,25.4873,100.000,59459.1
287.299,288.187,25.4907,100.000,59458.3
287.300,288.388,25.5086,100.000,59453.9
287.300,288.588,25.5000,100.000,59456.0
287.800,288.787,25.4995,100.000,59456.2
287.800,288.987,25.4998,100.000,59456.1
288.299,289.187,25.5128,100.000,59452.9
288.300,289.388,25.5140,100.000,59452.7
288.300,289.588,25.5358,100.000,59447.3
288.799,289.787,25.5486,100.000,59444.1
288.800,289.987,25.5488,100.000,59444.1
289.299,290.187,25.5553,100.000,59442.5
289.300,290.388,25.5638,100.000,59440.4
289.300,290.588,25.5586,100.000,59441.7
289.799,290.787,25.5574,100.000,59442.0
289.800,290.987,25.5561,100.000,59442.3
290.299,291.187,25.5010,100.000,59455.8
290.300,291.388,25.5053,100.000,59454.7
290.300,291.588,25.5215,100.000,59450.8
290.799,291.787,25.5176,100.000,59451.7
290.800,291.987,25.5156,100.000,59452.2
291.299,292.187,25.5203,100.000,59451.1
291.300,292.388,25.5013,100.000,59455.7
291.300,292.588,25.5159,100.000,59452.1
291.799,292.787,25.5317,100.000,59448.3
291.800,292.987,25.5189,100.000,59451.4
292.299,293.187,25.5244,100.000,59450.1
292.300,293.388,25.5063,100.000,59454.5
292.300,293.589,25.5137,100.000,59452.7
292.799,293.788,25.5182,100.000,59451.6
292.800,293.988,25.5013,100.000,59455.7
293.299,294.188,25.5136,100.000,59452.7
293.300,294.388,25.5128,100.000,59452.9
293.300,294.589,25.5049,100.000,59454.8
293.799,294.788,25.5049,100.000,59454.8
293.799,294.988,25.5089,100.000,59453.8
294.299,295.188,25.5002,100.000,59456.0
294.300,295.388,25.5086,100.000,59453.9
294.300,295.589,25.5132,100.000,59452.8
294.799,295.788,25.4966,100.000,59456.8
294.800,295.988,25.5120,100.000,59453.1
295.299,296.188,25.5080,100.000,59454.1
295.300,296.388,25.5103,100.000,59453.5
295.300,296.589,25.4959,100.000,59457.1
295.799,296.788,25.4990,100.000,59456.3
295.800,296.988,25.5029,100.000,59455.3
296.299,297.188,25.5187,100.000,59451.5
296.300,297.388,25.5026,100.000,59455.4
296.300,297.589,25.4951,100.000,59457.2
296.799,297.788,25.5112,100.000,59453.3
296.800,297.988,25.4901,100.000,59458.5
297.299,298.188,25.4961,100.000,59457.0
297.299,298.388,25.5093,100.000,59453.8
297.299,298.589,25.5254,100.000,59449.8
297.799,298.788,25.5259,100.000,59449.7
297.799,298.988,25.4995,100.000,59456.2
298.299,299.188,25.5151,100.000,59452.4
298.300,299.389,25.5163,100.000,59452.1
298.300,299.590,25.5119,100.000,59453.1
298.799,299.789,25.5210,100.000,59450.9
298.800,299.989,25.5112,100.000,59453.3
299.299,300.189,25.5117,100.000,59453.2
299.299,300.389,25.5065,100.000,59454.5
299.299,300.590,25.5273,100.000,59449.4
299.799,300.789,25.5166,100.000,59452.0
299.800,300.989,25.5065,100.000,59454.4
300.299,301.189,25.5081,100.000,59454.1
300.300,301.389,25.5037,100.000,59455.1
300.300,301.590,25.5159,100.000,59452.1
300.799,301.789,25.5151,100.000,59452.4
300.800,301.989,25.5140,100.000,59452.6
301.299,302.189,25.5203,100.000,59451.1
301.300,302.389,25.5171,100.000,59451.9
301.300,302.590,25.5322,100.000,59448.1
301.799,302.789,25.5221,100.000,59450.6
301.800,302.989,25.5041,100.000,59455.1
302.299,303.189,25.5200,100.000,59451.2
302.300,303.389,25.5156,100.000,59452.2
302.300,303.590,25.5034,100.000,59455.2
302.799,303.789,25.5076,100.000,59454.2
302.800,303.989,25.5054,100.000,59454.7
303.299,304.189,25.5000,100.000,59456.0
303.300,304.389,25.5182,100.000,59451.6
303.300,304.590,25.5057,100.000,59454.7
303.799,304.789,25.5218,100.000,59450.7
303.800,304.989,25.5254,100.000,59449.8
304.299,305.189,25.5159,100.000,59452.1
304.300,305.391,25.5185,100.000,59451.5
304.300,305.591,25.5128,100.000,59452.9
304.799,305.788,25.5273,100.000,59449.4
304.800,305.990,25.5366,100.000,59447.1
305.299,306.190,25.5426,100.000,59445.6
305.300,306.390,25.5285,100.000,59449.1
305.300,306.591,25.5327,100.000,59448.0
305.799,306.790,25.5405,100.000,59446.2
305.800,306.990,25.5423,100.000,59445.7
306.299,307.190,25.5329,100.000,59448.0
306.299,307.390,25.5186,100.000,59451.5
306.300,307.591,25.5276,100.000,59449.3
306.799,307.790,25.5280,100.000,59449.2
306.800,307.990,25.5302,100.000,59448.6
307.299,308.190,25.5439,100.000,59445.3
307.299,308.390,25.5267,100.000,59449.5
307.300,308.591,25.5439,100.000,59445.3
307.799,308.790,25.5456,100.000,59444.9
307.800,308.990,25.5428,100.000,59445.6
308.300,309.190,25.5478,100.000,59444.4
308.300,309.390,25.5299,100.000,59448.7
308.300,309.591,25.5438,100.000,59445.4
308.800,309.790,25.5449,100.000,59445.1
308.800,309.990,25.5482,100.000,59444.3
309.300,310.190,25.5605,100.000,59441.2
309.300,310.390,25.5512,100.000,59443.6
309.300,310.591,25.5477,100.000,59444.4
309.800,310.790,25.5532,100.000,59443.1
309.800,310.990,25.5495,100.000,59443.9
310.300,311.190,25.5581,100.000,59441.8
310.300,311.390,25.5480,100.000,59444.3
310.300,311.591,25.5319,100.000,59448.2
310.800,311.789,25.5589,100.000,59441.6
310.800,311.990,25.5610,100.000,59441.1
311.300,312.191,25.5695,100.000,59439.0
311.300,312.391,25.5591,100.000,59441.6
311.300,312.592,25.5532,100.000,59443.0
311.810,312.791,25.5342,100.000,59447.7
311.810,312.991,25.5462,100.000,59444.7
312.300,313.191,25.5568,100.000,59442.2
312.300,313.391,25.5417,100.000,59445.9
312.300,313.592,25.5661,100.000,59439.9
312.799,313.791,25.5557,100.000,59442.4
312.799,313.991,25.5599,100.000,59441.4
313.300,314.191,25.5654,100.000,59440.0
313.300,314.391,25.5581,100.000,59441.9
313.300,314.592,25.5747,100.000,59437.8
313.800,314.791,25.5703,100.000,59438.9
313.800,314.991,25.5682,100.000,59439.4
314.300,315.191,25.5656,100.000,59440.0
314.300,315.391,25.5610,100.000,59441.1
314.300,315.592,25.5561,100.000,59442.3
314.800,315.791,25.5752,100.000,59437.6
314.800,315.991,25.5812,100.000,59436.2
315.299,316.191,25.5664,100.000,59439.8
315.299,316.391,25.5573,100.000,59442.0
315.299,316.592,25.5757,100.000,59437.5
315.800,316.791,25.6001,100.000,59431.6
315.800,316.991,25.5983,100.000,59432.0
316.300,317.191,25.5820,100.000,59436.0
316.300,317.391,25.5989,100.000,59431.8
316.300,317.592,25.5960,100.000,59432.6
316.800,317.791,25.6006,100.000,59431.4
316.800,317.992,25.5991,100.000,59431.8
317.300,318.192,25.5960,100.000,59432.6
317.300,318.392,25.6191,100.000,59426.9
317.300,318.593,25.6053,100.000,59430.3
317.800,318.792,25.6176,100.000,59427.2
317.800,318.992,25.6113,100.000,59428.8
318.300,319.192,25.6250,100.000,59425.5
318.300,319.392,25.6222,100.000,59426.2
318.300,319.593,25.6068,100.000,59429.9
318.800,319.792,25.6038,100.000,59430.6
318.800,319.992,25.6305,100.000,59424.1
319.300,320.192,25.6180,100.000,59427.2
319.300,320.392,25.6099,100.000,59429.1
319.300,320.593,25.6167,100.000,59427.5
319.799,320.792,25.6211,100.000,59426.4
319.800,320.992,25.6107,100.000,59429.0
320.300,321.192,25.6354,100.000,59422.9
320.300,321.392,25.6108,100.000,59428.9
320.300,321.593,25.6330,100.000,59423.5
320.800,321.792,25.6093,100.000,59429.3
320.800,321.992,25.6220,100.000,59426.2
321.300,322.193,25.6452,100.000,59420.5
321.300,322.392,25.6349,100.000,59423.0
321.300,322.593,25.6382,100.000,59422.2
321.800,322.792,25.6354,100.000,59422.9
321.800,322.992,25.6440,100.000,59420.8
322.300,323.192,25.6310,100.000,59424.0
322.300,323.392,25.6396,100.000,59421.9
322.300,323.593,25.6411,100.000,59421.5
322.800,323.792,25.6548,100.000,59418.1
322.800,323.993,25.6501,100.000,59419.3
323.300,324.193,25.6320,100.000,59423.7
323.300,324.393,25.6448,100.000,59420.6
323.300,324.594,25.6572,100.000,59417.6
323.800,324.793,25.6533,100.000,59418.6
323.800,324.993,25.6689,100.000,59414.7
324.299,325.193,25.6645,100.000,59415.8
324.300,325.393,25.6662,100.000,59415.4
324.300,325.594,25.6621,100.000,59416.3
324.799,325.793,25.6380,100.000,59422.3
324.800,325.993,25.6538,100.000,59418.4
325.299,326.193,25.6634,100.000,59416.0
325.300,326.393,25.6637,100.000,59415.9
325.300,326.594,25.6801,100.000,59411.9
325.799,326.793,25.6649,100.000,59415.7
325.800,326.993,25.6777,100.000,59412.5
326.299,327.193,25.6881,100.000,59410.0
326.299,327.393,25.6940,100.000,59408.5
326.299,327.594,25.6718,100.000,59414.0
326.799,327.793,25.6736,100.000,59413.5
326.800,327.993,25.6894,100.000,59409.7
327.300,328.193,25.6878,100.000,59410.0
327.300,328.393,25.6776,100.000,59412.6
327.300,328.594,25.7173,100.000,59402.8
327.800,328.793,25.6924,100.000,59408.9
327.800,328.993,25.7007,100.000,59406.9
328.300,329.193,25.7083,100.000,59405.0
328.300,329.393,25.7088,100.000,59404.9
328.300,329.594,25.6922,100.000,59409.0
328.800,329.793,25.7080,100.000,59405.1
328.800,329.994,25.7197,100.000,59402.2
329.300,330.194,25.6981,100.000,59407.5
329.300,330.394,25.7161,100.000,59403.1
329.800,330.595,25.7184,100.000,59402.5
329.800,330.794,25.7091,100.000,59404.8
329.800,330.994,25.7308,100.000,59399.5
330.300,331.194,25.7310,100.000,59399.4
330.300,331.394,25.7225,100.000,59401.5
330.800,331.595,25.7248,100.000,59401.0
330.800,331.794,25.7417,100.000,59396.8
330.800,331.994,25.7603,100.000,59392.2
331.300,332.194,25.7441,100.000,59396.2
331.300,332.394,25.7610,100.000,59392.1
331.300,332.595,25.7373,100.000,59397.9
331.800,332.794,25.7627,100.000,59391.7
331.800,332.994,25.7559,100.000,59393.3
332.300,333.193,25.7716,100.000,59389.4
332.300,333.394,25.7519,100.000,59394.3
332.300,333.595,25.7770,100.000,59388.1
332.800,333.794,25.7630,100.000,59391.5
332.800,333.994,25.7637,100.000,59391.4
333.300,334.194,25.7578,100.000,59392.8
333.300,334.394,25.7827,100.000,59386.7
333.300,334.595,25.7896,100.000,59385.0
333.800,334.794,25.7764,100.000,59388.2
333.800,334.994,25.7896,100.000,59385.0
334.300,335.194,25.7913,100.000,59384.6
334.300,335.394,25.8066,100.000,59380.8
334.300,335.595,25.8099,100.000,59380.0
334.800,335.794,25.8008,100.000,59382.3
334.800,335.994,25.8071,100.000,59380.7
335.300,336.194,25.8029,100.000,59381.7
335.300,336.395,25.8027,100.000,59381.8
335.800,336.596,25.8146,100.000,59378.8
335.800,336.795,25.8143,100.000,59378.9
335.800,336.995,25.8169,100.000,59378.3
336.300,337.195,25.8203,100.000,59377.4
336.300,337.395,25.8296,100.000,59375.1
336.800,337.596,25.8228,100.000,59376.8
336.800,337.795,25.8234,100.000,59376.7
336.800,337.995,25.8281,100.000,59375.5
337.299,338.195,25.8420,100.000,59372.1
337.300,338.395,25.8384,100.000,59373.0
337.800,338.596,25.8468,100.000,59370.9
337.800,338.795,25.8252,100.000,59376.2
337.800,338.995,25.8421,100.000,59372.1
338.300,339.195,25.8424,100.000,59372.0
338.300,339.395,25.8467,100.000,59370.9
338.799,339.596,25.8349,100.000,59373.8
338.799,339.795,25.8569,100.000,59368.4
338.799,339.995,25.8636,100.000,59366.8
339.300,340.195,25.8447,100.000,59371.4
339.300,340.395,25.8431,100.000,59371.8
339.800,340.596,25.8709,100.000,59365.0
339.800,340.795,25.8734,100.000,59364.3
339.800,340.995,25.8629,100.000,59366.9
340.300,341.195,25.8952,100.000,59358.9
340.300,341.395,25.8496,100.000,59370.2
340.800,341.596,25.8799,100.000,59362.7
340.800,341.795,25.8854,100.000,59361.4
340.800,341.995,25.8773,100.000,59363.4
341.300,342.195,25.9008,100.000,59357.6
341.300,342.395,25.8896,100.000,59360.3
341.800,342.597,25.8743,100.000,59364.1
341.800,342.797,25.8989,100.000,59358.1
341.800,342.996,25.9152,100.000,59354.0
342.306,343.196,25.9002,100.000,59357.7
342.306,343.396,25.9146,100.000,59354.2
342.306,343.597,25.9165,100.000,59353.7
342.800,343.797,25.9323,100.000,59349.8
342.800,343.996,25.9236,100.000,59351.9
343.300,344.196,25.9494,100.000,59345.6
343.300,344.396,25.9349,100.000,59349.2
343.800,344.597,25.9512,100.000,59345.1
343.800,344.797,25.9158,100.000,59353.9
343.800,344.996,25.9385,100.000,59348.2
344.300,345.196,25.9355,100.000,59349.0
344.300,345.396,25.9455,100.000,59346.5
344.799,345.597,25.9290,100.000,59350.6
344.799,345.797,25.9653,100.000,59341.6
344.800,345.996,25.9688,100.000,59340.8
345.300,346.196,25.9448,100.000,59346.7
345.300,346.396,25.9612,100.000,59342.6
345.800,346.597,25.9692,100.000,59340.6
345.800,346.797,25.9712,100.000,59340.1
345.800,346.996,25.9663,100.000,59341.4
346.300,347.196,25.9604,100.000,59342.8
346.300,347.396,25.9632,100.000,59342.1
346.799,347.597,25.9578,100.000,59343.5
346.800,347.797,25.9663,100.000,59341.4
346.800,347.996,25.9565,100.000,59343.8
347.300,348.196,25.9775,100.000,59338.6
347.300,348.396,25.9822,100.000,59337.4
347.800,348.597,25.9902,100.000,59335.4
347.800,348.798,25.9619,100.000,59342.4
347.800,348.996,25.9876,100.000,59336.1
348.300,349.197,25.9865,100.000,59336.3
348.300,349.397,25.9683,100.000,59340.9
348.800,349.597,25.9966,100.000,59333.9
348.800,349.798,25.9810,100.000,59337.7
348.800,349.997,25.9982,100.000,59333.5
349.300,350.197,25.9970,100.000,59333.8
349.300,350.397,26.0172,100.000,59328.7
349.800,350.597,26.0042,100.000,59332.0
349.800,350.798,26.0269,100.000,59326.4
349.800,350.997,26.0128,100.000,59329.8
350.300,351.197,26.0385,100.000,59323.5
350.300,351.397,26.0138,100.000,59329.6
350.799,351.597,26.0239,100.000,59327.1
350.800,351.798,26.0265,100.000,59326.4
350.800,351.997,26.0254,100.000,59326.7
351.299,352.197,26.0145,100.000,59329.4
351.300,352.397,26.0470,100.000,59321.3
351.799,352.597,26.0470,100.000,59321.3
351.800,352.798,26.0482,100.000,59321.1
351.800,352.997,26.0483,100.000,59321.1
352.300,353.197,26.0547,100.000,59319.4
352.300,353.397,26.0596,100.000,59318.2
352.800,353.597,26.0592,100.000,59318.3
352.800,353.798,26.0413,100.000,59322.8
352.800,353.997,26.0435,100.000,59322.2
353.300,354.197,26.0512,100.000,59320.3
353.300,354.397,26.0566,100.000,59319.0
353.800,354.598,26.0529,100.000,59319.9
353.800,354.799,26.0830,100.000,59312.4
353.800,354.997,26.0586,100.000,59318.5
354.300,355.198,26.0692,100.000,59315.9
354.300,355.398,26.0610,100.000,59317.9
354.799,355.598,26.0800,100.000,59313.1
354.800,355.799,26.0705,100.000,59315.6
354.800,355.998,26.0789,100.000,59313.4
355.299,356.198,26.0745,100.000,59314.5
355.300,356.398,26.0815,100.000,59312.8
355.800,356.598,26.0806,100.000,59313.0
355.800,356.799,26.0994,100.000,59308.4
355.800,356.998,26.0850,100.000,59311.9
356.300,357.198,26.1009,100.000,59308.0
356.300,357.398,26.1099,100.000,59305.7
356.800,357.598,26.1086,100.000,59306.1
356.800,357.799,26.0903,100.000,59310.6
356.800,357.998,26.1074,100.000,59306.3
357.299,358.198,26.1232,100.000,59302.4
357.299,358.398,26.1094,100.000,59305.9
357.799,358.598,26.1165,100.000,59304.1
357.799,358.799,26.1137,100.000,59304.8
357.799,358.998,26.1333,100.000,59299.9
358.299,359.198,26.1170,100.000,59304.0
358.299,359.398,26.1468,100.000,59296.6
358.799,359.598,26.1385,100.000,59298.6
358.800,359.799,26.1434,100.000,59297.4
358.800,359.998,26.1526,100.000,59295.1
359.299,360.198,26.1714,100.000,59290.5
359.300,360.398,26.1724,100.000,59290.2
359.799,360.598,26.1706,100.000,59290.7
359.799,360.799,26.1792,100.000,59288.5
359.799,360.998,26.1683,100.000,59291.2
360.299,361.199,26.1709,100.000,59290.6
360.300,361.399,26.1624,100.000,59292.6
360.800,361.599,26.1884,100.000,59286.2
360.800,361.800,26.2075,100.000,59281.4
360.800,361.999,26.1914,100.000,59285.4
361.300,362.199,26.1948,100.000,59284.6
361.300,362.399,26.1985,100.000,59283.7
361.800,362.599,26.1997,100.000,59283.4
361.800,362.800,26.2080,100.000,59281.3
361.800,362.999,26.2280,100.000,59276.3
362.300,363.199,26.2241,100.000,59277.3
362.300,363.399,26.2160,100.000,59279.3
362.799,363.599,26.2150,100.000,59279.6
362.800,363.800,26.2231,100.000,59277.5
362.800,363.999,26.2375,100.000,59274.0
363.300,364.199,26.2448,100.000,59272.1
363.300,364.399,26.2420,100.000,59272.8
363.800,364.599,26.2430,100.000,59272.6
363.800,364.800,26.2451,100.000,59272.0
363.800,364.999,26.2464,100.000,59271.8
364.300,365.199,26.2554,100.000,59269.5
364.300,365.399,26.2554,100.000,59269.4
364.800,365.599,26.2487,100.000,59271.2
364.800,365.800,26.2646,100.000,59267.2
364.800,365.999,26.2715,100.000,59265.5
365.300,366.199,26.2627,100.000,59267.6
365.300,366.399,26.2612,100.000,59268.1
365.800,366.599,26.2422,100.000,59272.8
365.800,366.800,26.2791,100.000,59263.6
365.800,366.999,26.2705,100.000,59265.7
366.300,367.200,26.2855,100.000,59262.0
366.300,367.400,26.2689,100.000,59266.1
366.799,367.600,26.2775,100.000,59263.9
366.800,367.801,26.2885,100.000,59261.2
366.800,368.000,26.2827,100.000,59262.7
367.299,368.200,26.3097,100.000,59255.9
367.300,368.400,26.3066,100.000,59256.7
367.800,368.600,26.3099,100.000,59255.9
367.800,368.801,26.3157,100.000,59254.4
367.800,369.000,26.3431,100.000,59247.6
368.300,369.200,26.3232,100.000,59252.6
368.300,369.400,26.3429,100.000,59247.6
368.800,369.600,26.3341,100.000,59249.8
368.800,369.801,26.3669,100.000,59241.6
368.800,370.000,26.3655,100.000,59241.9
369.299,370.200,26.3566,100.000,59244.2
369.300,370.400,26.3517,100.000,59245.4
369.799,370.600,26.3465,100.000,59246.7
369.799,370.801,26.3501,100.000,59245.8
369.799,371.000,26.3577,100.000,59243.9
370.299,371.200,26.3522,100.000,59245.3
370.299,371.400,26.3537,100.000,59244.9
370.800,371.600,26.3791,100.000,59238.6
370.800,371.801,26.3717,100.000,59240.4
370.800,372.000,26.3641,100.000,59242.3
371.299,372.200,26.3943,100.000,59234.8
371.300,372.400,26.3886,100.000,59236.1
371.799,372.600,26.3984,100.000,59233.7
371.800,372.801,26.3924,100.000,59235.2
371.800,373.000,26.4020,100.000,59232.8
372.299,373.201,26.4199,100.000,59228.3
372.300,373.401,26.4163,100.000,59229.2
372.799,373.601,26.4380,100.000,59223.8
372.800,373.802,26.4268,100.000,59226.6
372.800,374.001,26.4121,100.000,59230.3
373.299,374.201,26.4088,100.000,59231.1
373.300,374.401,26.4262,100.000,59226.8
373.799,374.601,26.4359,100.000,59224.3
373.800,374.802,26.4365,100.000,59224.1
373.800,375.001,26.4570,100.000,59219.0
374.299,375.201,26.4448,100.000,59222.0
374.300,375.401,26.4463,100.000,59221.7
374.799,375.601,26.4522,100.000,59220.2
374.800,375.802,26.4639,100.000,59217.3
374.800,376.001,26.4438,100.000,59222.3
375.299,376.201,26.4593,100.000,59218.4
375.300,376.401,26.4568,100.000,59219.0
375.799,376.601,26.4643,100.000,59217.2
375.800,376.802,26.4783,100.000,59213.6
375.800,377.001,26.4629,100.000,59217.6
376.299,377.201,26.4777,100.000,59213.8
376.300,377.401,26.4734,100.000,59214.9
376.799,377.601,26.4977,100.000,59208.8
376.800,377.802,26.4756,100.000,59214.4
376.800,378.001,26.4866,100.000,59211.6
377.299,378.201,26.5085,100.000,59206.1
377.300,378.401,26.4928,100.000,59210.0
377.799,378.601,26.5053,100.000,59206.9
377.800,378.802,26.4956,100.000,59209.3
377.800,379.001,26.4984,100.000,59208.6
378.299,379.202,26.5068,100.000,59206.5
378.299,379.402,26.5103,100.000,59205.6
378.799,379.602,26.5285,100.000,59201.0
378.799,379.803,26.5156,100.000,59204.3
378.799,380.002,26.5294,100.000,59200.8
379.299,380.202,26.5252,100.000,59201.8
379.300,380.402,26.5426,100.000,59197.5
379.799,380.602,26.5312,100.000,59200.3
379.800,380.803,26.5446,100.000,59197.0
379.800,381.002,26.5360,100.000,59199.1
380.299,381.202,26.5454,100.000,59196.8
380.300,381.402,26.5478,100.000,59196.2
380.799,381.602,26.5566,100.000,59193.9
380.800,381.803,26.5469,100.000,59196.4
380.800,382.002,26.5753,100.000,59189.2
381.299,382.202,26.5617,100.000,59192.6
381.300,382.402,26.5607,100.000,59192.9
381.799,382.602,26.5674,100.000,59191.2
381.800,382.803,26.5786,100.000,59188.4
381.800,383.002,26.5677,100.000,59191.1
382.299,383.202,26.5791,100.000,59188.3
382.300,383.402,26.5913,100.000,59185.2
382.799,383.602,26.5898,100.000,59185.6
382.800,383.803,26.5898,100.000,59185.6
382.800,384.002,26.5947,100.000,59184.3
383.299,384.202,26.5934,100.000,59184.7
383.300,384.402,26.6339,100.000,59174.4
383.799,384.602,26.6284,100.000,59175.9
383.799,384.803,26.6230,100.000,59177.2
383.799,385.002,26.6154,100.000,59179.1
384.299,385.202,26.6160,100.000,59179.0
384.299,385.402,26.6240,100.000,59177.0
384.799,385.603,26.6245,100.000,59176.8
384.799,385.804,26.6331,100.000,59174.6
384.799,386.003,26.6198,100.000,59178.0
385.299,386.203,26.6330,100.000,59174.7
385.299,386.403,26.6439,100.000,59172.0
385.799,386.603,26.6548,100.000,59169.2
385.799,386.804,26.6502,100.000,59170.3
385.800,387.003,26.6579,100.000,59168.4
386.299,387.203,26.6522,100.000,59169.8
386.299,387.403,26.6382,100.000,59173.4
386.799,387.603,26.6528,100.000,59169.7
386.799,387.804,26.6443,100.000,59171.8
386.799,388.003,26.6483,100.000,59170.8
387.299,388.203,26.6483,100.000,59170.8
387.300,388.403,26.6641,100.000,59166.8
387.799,388.603,26.6772,100.000,59163.5
387.799,388.804,26.6798,100.000,59162.9
387.799,389.003,26.6618,100.000,59167.4
388.299,389.203,26.6851,100.000,59161.5
388.300,389.403,26.6821,100.000,59162.3
388.799,389.603,26.6999,100.000,59157.8
388.799,389.804,26.6977,100.000,59158.3
388.799,390.003,26.7007,100.000,59157.6
389.299,390.203,26.7026,100.000,59157.1
389.299,390.403,26.7011,100.000,59157.5
389.799,390.603,26.7153,100.000,59153.9
389.799,390.804,26.6958,100.000,59158.8
389.799,391.003,26.7179,100.000,59153.2
390.299,391.203,26.7251,100.000,59151.4
390.299,391.403,26.7236,100.000,59151.8
390.799,391.602,26.7195,100.000,59152.8
390.800,391.805,26.7213,100.000,59152.4
390.800,392.004,26.7438,100.000,59146.7
391.300,392.204,26.7407,100.000,59147.5
391.300,392.404,26.7441,100.000,59146.6
391.799,392.604,26.7329,100.000,59149.4
391.799,392.805,26.7387,100.000,59148.0
391.799,393.005,26.7394,100.000,59147.8
392.300,393.204,26.7609,100.000,59142.4
392.300,393.404,26.7571,100.000,59143.3
392.799,393.604,26.7563,100.000,59143.5
392.799,393.805,26.7663,100.000,59141.0
392.799,394.005,26.7751,100.000,59138.8
393.299,394.204,26.7663,100.000,59141.0
393.299,394.404,26.7767,100.000,59138.4
393.799,394.604,26.7808,100.000,59137.3
393.800,394.805,26.7892,100.000,59135.1
393.800,395.005,26.7964,100.000,59133.3
394.299,395.204,26.8156,100.000,59128.5
394.300,395.404,26.8115,100.000,59129.5
394.799,395.604,26.8193,100.000,59127.6
394.800,395.805,26.8210,100.000,59127.1
394.800,396.005,26.8235,100.000,59126.4
395.299,396.204,26.8408,100.000,59122.1
395.300,396.404,26.8245,100.000,59126.2
395.799,396.604,26.8454,100.000,59120.9
395.800,396.805,26.8459,100.000,59120.8
395.800,397.005,26.8432,100.000,59121.5
396.299,397.204,26.8343,100.000,59123.7
396.299,397.404,26.8501,100.000,59119.7
396.799,397.604,26.8755,100.000,59113.3
396.800,397.805,26.8533,100.000,59118.9
396.800,398.005,26.8611,100.000,59116.9
397.299,398.204,26.8642,100.000,59116.2
397.299,398.405,26.8691,100.000,59114.9
397.799,398.605,26.8696,100.000,59114.8
397.800,398.805,26.8642,100.000,59116.2
397.800,399.006,26.8769,100.000,59112.9
398.299,399.205,26.8830,100.000,59111.4
398.299,399.405,26.8795,100.000,59112.2
398.799,399.605,26.9030,100.000,59106.2
398.799,399.805,26.8836,100.000,59111.2
398.799,400.006,26.8911,100.000,59109.3
399.299,400.205,26.9075,100.000,59105.1
399.300,400.405,26.9001,100.000,59107.0
399.799,400.605,26.9085,100.000,59104.9
399.799,400.805,26.9085,100.000,59104.9
399.800,401.006,26.9292,100.000,59099.6
400.299,401.205,26.9204,100.000,59101.8
400.300,401.405,26.9271,100.000,59100.1
400.799,401.605,26.9368,100.000,59097.7
400.799,401.805,26.9339,100.000,59098.4
400.800,402.006,26.9388,100.000,59097.2
401.299,402.205,26.9416,100.000,59096.4
401.300,402.405,26.9388,100.000,59097.2
401.799,402.605,26.9432,100.000,59096.1
401.799,402.805,26.9547,100.000,59093.1
401.800,403.005,26.9446,100.000,59095.7
402.299,403.205,26.9687,100.000,59089.6
402.299,403.405,26.9633,100.000,59090.9
402.799,403.605,26.9562,100.000,59092.7
402.800,403.806,26.9769,100.000,59087.5
402.800,404.007,26.9900,100.000,59084.1
403.299,404.205,26.9863,100.000,59085.1
403.300,404.406,26.9834,100.000,59085.8
403.799,404.606,26.9782,100.000,59087.1
403.800,404.806,26.9930,100.000,59083.4
403.800,405.007,27.0010,100.000,59081.3
404.299,405.206,27.0029,100.000,59080.8
404.299,405.406,26.9920,100.000,59083.6
404.799,405.606,27.0054,100.000,59080.2
404.799,405.806,26.9961,100.000,59082.6
404.799,406.007,27.0068,100.000,59079.8
405.299,406.206,27.0096,100.000,59079.1
405.299,406.405,27.0195,100.000,59076.6
405.799,406.605,27.0176,100.000,59077.1
405.799,406.805,27.0249,100.000,59075.2
405.799,407.006,27.0361,100.000,59072.4
406.299,407.206,27.0340,100.000,59072.9
406.300,407.406,27.0288,100.000,59074.2
406.799,407.606,27.0426,100.000,59070.7
406.799,407.806,27.0373,100.000,59072.0
406.799,408.007,27.0415,100.000,59071.0
407.299,408.206,27.0613,100.000,59065.9
407.299,408.406,27.0363,100.000,59072.3
407.799,408.606,27.0540,100.000,59067.7
407.799,408.806,27.0669,100.000,59064.5
407.799,409.007,27.0675,100.000,59064.3
408.299,409.206,27.0692,100.000,59063.9
408.299,409.406,27.0807,100.000,59060.9
408.799,409.606,27.0797,100.000,59061.2
408.799,409.806,27.0767,100.000,59062.0
408.800,410.007,27.0806,100.000,59061.0
409.299,410.206,27.0888,100.000,59058.9
409.299,410.407,27.0962,100.000,59057.0
409.799,410.607,27.0936,100.000,59057.6
409.800,410.807,27.0977,100.000,59056.6
409.800,411.008,27.1058,100.000,59054.6
410.300,411.207,27.1133,100.000,59052.6
410.300,411.407,27.1050,100.000,59054.7
410.799,411.607,27.1030,100.000,59055.2
410.799,411.807,27.1234,100.000,59050.0
410.799,412.008,27.1104,100.000,59053.3
411.299,412.207,27.1040,100.000,59055.0
411.299,412.407,27.1348,100.000,59047.1
411.799,412.607,27.1336,100.000,59047.4
411.799,412.807,27.1353,100.000,59047.0
411.799,413.008,27.1484,100.000,59043.6
412.299,413.207,27.1572,100.000,59041.4
412.299,413.407,27.1409,100.000,59045.5
412.799,413.607,27.1572,100.000,59041.4
412.799,413.807,27.1650,100.000,59039.4
412.800,414.007,27.1798,100.000,59035.6
413.299,414.206,27.1611,100.000,59040.4
413.299,414.407,27.1414,100.000,59045.4
413.799,414.607,27.1644,100.000,59039.5
413.799,414.807,27.1650,100.000,59039.4
413.799,415.008,27.1665,100.000,59039.0
414.299,415.207,27.1794,100.000,59035.7
414.299,415.407,27.1769,100.000,59036.3
414.799,415.607,27.1865,100.000,59033.8
414.799,415.807,27.1870,100.000,59033.7
414.799,416.008,27.1907,100.000,59032.8
415.299,416.207,27.1836,100.000,59034.6
415.299,416.408,27.2031,100.000,59029.6
415.799,416.608,27.2057,100.000,59028.9
415.799,416.808,27.2099,100.000,59027.8
415.799,417.009,27.2116,100.000,59027.4
416.299,417.208,27.2251,100.000,59024.0
416.299,417.408,27.2254,100.000,59023.9
416.799,417.608,27.2212,100.000,59025.0
416.799,417.807,27.2298,100.000,59022.8
416.799,418.008,27.2324,100.000,59022.1
417.299,418.208,27.2285,100.000,59023.1
417.299,418.408,27.2371,100.000,59020.8
417.799,418.608,27.2532,100.000,59016.7
417.799,418.808,27.2405,100.000,59020.0
417.800,419.009,27.2700,100.000,59012.4
418.299,419.208,27.2676,100.000,59013.0
418.299,419.408,27.2666,100.000,59013.3
418.799,419.608,27.2746,100.000,59011.2
418.799,419.808,27.2737,100.000,59011.4
418.799,420.009,27.2967,100.000,59005.6
419.299,420.208,27.2871,100.000,59008.0
419.299,420.408,27.2676,100.000,59013.0
419.799,420.608,27.2926,100.000,59006.6
419.799,420.808,27.2946,100.000,59006.1
419.800,421.009,27.2951,100.000,59006.0
420.299,421.208,27.3213,100.000,58999.2
420.299,421.408,27.2988,100.000,59005.0
420.799,421.608,27.3232,100.000,58998.7
420.799,421.808,27.3146,100.000,59001.0
420.799,422.009,27.3201,100.000,58999.6
421.300,422.208,27.3177,100.000,59000.1
421.300,422.409,27.3314,100.000,58996.6
421.800,422.609,27.3184,100.000,59000.0
421.800,422.809,27.3328,100.000,58996.2
421.800,423.010,27.3605,100.000,58989.1
422.300,423.209,27.3463,100.000,58992.8
422.300,423.408,27.3576,100.000,58989.9
422.800,423.609,27.3429,100.000,58993.7
422.800,423.808,27.3618,100.000,58988.8
422.800,424.010,27.3690,100.000,58987.0
423.300,424.208,27.3657,100.000,58987.8
423.300,424.409,27.3664,100.000,58987.6
423.800,424.609,27.3768,100.000,58984.9
423.800,424.809,27.3852,100.000,58982.8
423.800,425.010,27.4069,100.000,58977.2
424.300,425.209,27.3797,100.000,58984.2
424.300,425.409,27.3971,100.000,58979.7
424.800,425.609,27.4023,100.000,58978.3
424.800,425.809,27.4028,100.000,58978.2
424.800,426.010,27.4093,100.000,58976.5
425.300,426.209,27.4106,100.000,58976.2
425.300,426.409,27.4146,100.000,58975.2
425.800,426.609,27.4268,100.000,58972.0
425.800,426.809,27.4232,100.000,58973.0
425.800,427.010,27.4174,100.000,58974.4
426.299,427.209,27.4347,100.000,58970.0
426.299,427.409,27.4442,100.000,58967.6
426.799,427.609,27.4389,100.000,58968.9
426.799,427.809,27.4570,100.000,58964.2
426.799,428.010,27.4471,100.000,58966.8
427.299,428.209,27.4381,100.000,58969.1
427.299,428.410,27.4533,100.000,58965.2
427.799,428.610,27.4653,100.000,58962.1
427.799,428.810,27.4580,100.000,58964.0
427.799,429.011,27.4645,100.000,58962.3
428.299,429.210,27.4656,100.000,58962.0
428.299,429.410,27.4673,100.000,58961.5
428.799,429.610,27.4720,100.000,58960.4
428.799,429.810,27.4863,100.000,58956.6
428.799,430.011,27.4829,100.000,58957.5
429.299,430.211,27.4756,100.000,58959.4
429.299,430.410,27.4985,100.000,58953.5
429.799,430.610,27.4993,100.000,58953.3
429.799,430.810,27.5005,100.000,58953.0
429.799,431.011,27.5058,100.000,58951.6
430.299,431.210,27.5146,100.000,58949.3
430.299,431.410,27.5071,100.000,58951.2
430.800,431.610,27.5058,100.000,58951.6
430.800,431.810,27.5166,100.000,58948.8
430.800,432.011,27.5360,100.000,58943.8
431.299,432.210,27.5086,100.000,58950.9
431.300,432.410,27.5435,100.000,58941.8
431.800,432.610,27.5322,100.000,58944.8
431.800,432.809,27.5302,100.000,58945.3
431.800,433.011,27.5488,100.000,58940.5
432.300,433.210,27.5513,100.000,58939.8
432.300,433.410,27.5545,100.000,58939.0
432.800,433.610,27.5434,100.000,58941.9
432.800,433.810,27.5595,100.000,58937.7
432.800,434.011,27.5605,100.000,58937.4
433.300,434.210,27.5504,100.000,58940.0
433.300,434.410,27.5688,100.000,58935.3
433.800,434.610,27.5755,100.000,58933.6
433.800,434.811,27.5675,100.000,58935.6
433.800,435.012,27.5908,100.000,58929.6
434.299,435.212,27.5784,100.000,58932.8
434.300,435.411,27.5740,100.000,58934.0
434.800,435.611,27.5851,100.000,58931.0
434.800,435.811,27.6087,100.000,58925.0
434.800,436.012,27.5861,100.000,58930.8
435.299,436.211,27.6118,100.000,58924.1
435.300,436.411,27.6058,100.000,58925.7
435.800,436.611,27.6074,100.000,58925.3
435.800,436.811,27.6079,100.000,58925.1
435.800,437.012,27.6097,100.000,58924.7
436.300,437.211,27.6092,100.000,58924.8
436.300,437.411,27.6232,100.000,58921.2
436.800,437.611,27.6220,100.000,58921.5
436.800,437.811,27.6238,100.000,58921.0
436.800,438.012,27.6229,100.000,58921.2
437.300,438.212,27.6398,100.000,58916.8
437.300,438.411,27.6304,100.000,58919.3
437.799,438.611,27.6398,100.000,58916.8
437.799,438.811,27.6496,100.000,58914.3
437.800,439.012,27.6559,100.000,58912.7
438.299,439.211,27.6522,100.000,58913.6
438.300,439.411,27.6577,100.000,58912.2
438.800,439.611,27.6518,100.000,58913.7
438.800,439.811,27.6552,100.000,58912.8
438.800,440.012,27.6668,100.000,58909.8
439.299,440.211,27.6628,100.000,58910.9
439.300,440.411,27.6743,100.000,58907.9
439.800,440.611,27.6629,100.000,58910.9
439.800,440.810,27.6725,100.000,58908.4
439.800,441.012,27.6684,100.000,58909.4
440.300,441.212,27.6733,100.000,58908.1
440.300,441.412,27.6836,100.000,58905.5
440.800,441.612,27.6899,100.000,58903.9
440.800,441.812,27.6877,100.000,58904.4
440.800,442.013,27.7028,100.000,58900.5
441.300,442.213,27.6969,100.000,58902.0
441.300,442.412,27.6969,100.000,58902.0
441.800,442.612,27.7227,100.000,58895.3
441.800,442.812,27.7095,100.000,58898.8
441.800,443.013,27.7170,100.000,58896.8
442.300,443.213,27.7168,100.000,58896.8
442.300,443.412,27.7186,100.000,58896.4
442.800,443.612,27.7207,100.000,58895.8
442.800,443.812,27.7373,100.000,58891.5
442.800,444.013,27.7354,100.000,58892.0
443.299,444.213,27.7375,100.000,58891.4
443.299,444.412,27.7373,100.000,58891.5
443.799,444.612,27.7207,100.000,58895.8
443.799,444.811,27.7419,100.000,58890.3
443.799,445.013,27.7324,100.000,58892.8
444.299,445.213,27.7370,100.000,58891.6
444.299,445.412,27.7308,100.000,58893.2
444.799,445.612,27.7361,100.000,58891.8
444.799,445.812,27.7500,100.000,58888.2
444.799,446.013,27.7466,100.000,58889.1
445.299,446.213,27.7617,100.000,58885.1
445.299,446.412,27.7480,100.000,58888.7
445.799,446.612,27.7565,100.000,58886.5
445.800,446.812,27.7757,100.000,58881.5
445.800,447.013,27.7578,100.000,58886.2
446.299,447.214,27.7894,100.000,58878.0
446.299,447.413,27.7768,100.000,58881.2
446.799,447.613,27.7903,100.000,58877.7
446.799,447.813,27.8071,100.000,58873.3
446.799,448.013,27.7968,100.000,58876.0
447.299,448.214,27.7939,100.000,58876.7
447.299,448.413,27.7978,100.000,58875.7
447.799,448.613,27.8170,100.000,58870.7
447.799,448.813,27.8022,100.000,58874.6
447.799,449.013,27.8213,100.000,58869.6
448.299,449.213,27.8166,100.000,58870.8
448.299,449.413,27.8271,100.000,58868.1
448.799,449.613,27.8151,100.000,58871.2
448.800,449.813,27.8268,100.000,58868.1
448.800,450.013,27.8429,100.000,58863.9
449.299,450.214,27.8250,100.000,58868.6
449.299,450.413,27.8459,100.000,58863.2
449.799,450.613,27.8406,100.000,58864.6
449.799,450.813,27.8471,100.000,58862.8
449.799,451.013,27.8586,100.000,58859.9
450.299,451.214,27.8462,100.000,58863.1
450.299,451.413,27.8581,100.000,58860.0
450.799,451.613,27.8664,100.000,58857.8
450.799,451.813,27.8611,100.000,58859.2
450.799,452.013,27.8800,100.000,58854.2
451.299,452.214,27.8657,100.000,58858.0
451.299,452.413,27.8786,100.000,58854.6
451.799,452.613,27.8978,100.000,58849.6
451.799,452.813,27.8791,100.000,58854.5
451.799,453.014,27.8885,100.000,58852.1
452.299,453.214,27.8926,100.000,58851.0
452.299,453.413,27.8887,100.000,58852.0
452.799,453.613,27.8996,100.000,58849.1
452.799,453.813,27.9020,100.000,58848.5
452.799,454.014,27.8874,100.000,58852.3
453.299,454.215,27.9218,100.000,58843.3
453.299,454.413,27.9033,100.000,58848.1
453.799,454.614,27.9204,100.000,58843.7
453.799,454.814,27.9243,100.000,58842.7
453.799,455.014,27.9271,100.000,58842.0
454.299,455.215,27.9287,100.000,58841.5
454.299,455.414,27.9425,100.000,58837.9
454.799,455.614,27.9312,100.000,58840.9
454.799,455.814,27.9433,100.000,58837.7
454.799,456.014,27.9386,100.000,58838.9
455.299,456.215,27.9455,100.000,58837.1
455.299,456.414,27.9440,100.000,58837.5
455.799,456.614,27.9490,100.000,58836.2
455.799,456.814,27.9550,100.000,58834.6
455.799,457.014,27.9642,100.000,58832.2
456.299,457.215,27.9632,100.000,58832.5
456.299,457.414,27.9702,100.000,58830.6
456.799,457.614,27.9839,100.000,58827.0
456.799,457.814,27.9876,100.000,58826.1
456.799,458.014,27.9788,100.000,58828.4
457.299,458.215,27.9883,100.000,58825.9
457.299,458.414,27.9961,100.000,58823.8
457.799,458.614,27.9897,100.000,58825.5
457.799,458.814,27.9954,100.000,58824.0
457.799,459.015,28.0058,100.000,58821.3
458.299,459.216,28.0101,100.000,58820.2
458.299,459.414,27.9923,100.000,58824.8
458.799,459.615,28.0166,100.000,58818.5
458.799,459.815,28.0140,100.000,58819.2
458.799,460.015,28.0068,100.000,58821.0
459.299,460.216,28.0228,100.000,58816.9
459.299,460.415,28.0102,100.000,58820.1
459.799,460.615,28.0324,100.000,58814.3
459.799,460.815,28.0346,100.000,58813.7
459.799,461.015,28.0356,100.000,58813.5
460.299,461.216,28.0200,100.000,58817.6
460.299,461.415,28.0374,100.000,58813.0
460.799,461.615,28.0488,100.000,58810.0
460.799,461.815,28.0391,100.000,58812.6
460.799,462.015,28.0374,100.000,58813.0
461.299,462.216,28.0415,100.000,58811.9
461.299,462.415,28.0612,100.000,58806.8
461.799,462.615,28.0527,100.000,58809.0
461.799,462.815,28.0620,100.000,58806.6
461.799,463.015,28.0717,100.000,58804.0
462.299,463.215,28.0687,100.000,58804.8
462.299,463.414,28.0661,100.000,58805.5
462.799,463.615,28.0726,100.000,58803.8
462.799,463.815,28.0793,100.000,58802.0
462.799,464.015,28.0874,100.000,58799.8
463.299,464.216,28.0879,100.000,58799.7
463.299,464.415,28.0910,100.000,58798.9
463.799,464.615,28.0887,100.000,58799.5
463.799,464.815,28.0950,100.000,58797.8
463.799,465.015,28.1128,100.000,58793.2
464.299,465.216,28.1093,100.000,58794.1
464.299,465.415,28.0941,100.000,58798.1
464.799,465.616,28.0986,100.000,58796.9
464.799,465.816,28.1084,100.000,58794.3
464.799,466.016,28.1211,100.000,58791.0
465.299,466.217,28.1204,100.000,58791.2
465.299,466.416,28.1131,100.000,58793.1
465.799,466.616,28.1265,100.000,58789.6
465.800,466.816,28.1295,100.000,58788.8
465.800,467.016,28.1422,100.000,58785.4
466.299,467.217,28.1270,100.000,58789.4
466.300,467.416,28.1377,100.000,58786.6
466.799,467.616,28.1435,100.000,58785.1
466.800,467.816,28.1514,100.000,58783.0
466.800,468.016,28.1492,100.000,58783.6
467.299,468.217,28.1556,100.000,58781.9
467.300,468.416,28.1536,100.000,58782.4
467.800,468.616,28.1635,100.000,58779.8
467.800,468.816,28.1688,100.000,58778.4
467.800,469.016,28.1631,100.000,58779.9
468.299,469.217,28.1569,100.000,58781.5
468.300,469.416,28.1722,100.000,58777.6
468.799,469.616,28.1722,100.000,58777.6
468.800,469.816,28.1787,100.000,58775.8
468.800,470.016,28.1782,100.000,58775.9
469.299,470.217,28.1826,100.000,58774.8
469.300,470.416,28.1914,100.000,58772.5
469.799,470.616,28.1928,100.000,58772.1
469.800,470.816,28.2029,100.000,58769.4
469.800,471.016,28.2086,100.000,58767.9
470.299,471.217,28.2254,100.000,58763.5
470.299,471.416,28.2094,100.000,58767.7
470.799,471.617,28.2043,100.000,58769.1
470.799,471.817,28.2236,100.000,58763.9
470.799,472.017,28.2138,100.000,58766.6
471.299,472.218,28.2197,100.000,58765.0
471.299,472.417,28.2329,100.000,58761.5
471.799,472.617,28.2251,100.000,58763.6
471.799,472.817,28.2270,100.000,58763.1
471.799,473.017,28.2422,100.000,58759.1
472.299,473.218,28.2488,100.000,58757.3
472.299,473.417,28.2488,100.000,58757.3
472.799,473.617,28.2609,100.000,58754.1
472.799,473.817,28.2646,100.000,58753.1
472.799,474.017,28.2703,100.000,58751.6
473.299,474.218,28.2617,100.000,58753.9
473.299,474.417,28.2676,100.000,58752.3
473.799,474.617,28.2638,100.000,58753.3
473.799,474.817,28.2900,100.000,58746.4
473.799,475.017,28.2769,100.000,58749.9
474.299,475.218,28.2881,100.000,58746.9
474.299,475.417,28.2773,100.000,58749.7
474.799,475.617,28.2746,100.000,58750.5
474.799,475.817,28.2991,100.000,58744.0
474.799,476.017,28.3001,100.000,58743.7
475.299,476.218,28.2881,100.000,58746.9
475.299,476.417,28.3145,100.000,58739.9
475.799,476.617,28.2988,100.000,58744.1
475.799,476.817,28.3058,100.000,58742.2
475.799,477.017,28.3164,100.000,58739.4
476.299,477.218,28.3249,100.000,58737.2
476.299,477.417,28.3120,100.000,58740.6
476.799,477.619,28.3311,100.000,58735.5
476.799,477.818,28.3323,100.000,58735.2
476.799,478.018,28.3348,100.000,58734.6
477.299,478.219,28.3434,100.000,58732.3
477.300,478.418,28.3496,100.000,58730.7
477.799,478.618,28.3421,100.000,58732.6
477.800,478.818,28.3525,100.000,58729.9
477.800,479.018,28.3362,100.000,58734.2
478.299,479.219,28.3682,100.000,58725.7
478.300,479.418,28.3540,100.000,58729.5
478.799,479.618,28.3579,100.000,58728.5
478.800,479.818,28.3623,100.000,58727.3
478.800,480.018,28.3584,100.000,58728.4
479.299,480.219,28.3655,100.000,58726.4
479.299,480.418,28.3735,100.000,58724.3
479.799,480.618,28.3828,100.000,58721.8
479.800,480.818,28.3818,100.000,58722.1
479.800,481.018,28.3948,100.000,58718.7
480.299,481.219,28.3848,100.000,58721.3
480.300,481.418,28.4057,100.000,58715.8
480.799,481.618,28.3904,100.000,58719.8
480.800,481.818,28.3994,100.000,58717.4
480.800,482.018,28.4113,100.000,58714.3
481.299,482.219,28.4013,100.000,58716.9
481.300,482.418,28.4170,100.000,58712.8
481.799,482.618,28.4230,100.000,58711.2
481.800,482.818,28.4139,100.000,58713.6
481.800,483.018,28.4214,100.000,58711.6
482.299,483.219,28.4393,100.000,58706.8
482.299,483.418,28.4336,100.000,58708.4
482.799,483.619,28.4321,100.000,58708.7
482.799,483.819,28.4395,100.000,58706.8
482.799,484.019,28.4448,100.000,58705.4
483.299,484.220,28.4443,100.000,58705.5
483.299,484.419,28.4414,100.000,58706.3
483.800,484.619,28.4445,100.000,58705.4
483.800,484.819,28.4402,100.000,58706.6
483.800,485.019,28.4681,100.000,58699.2
484.300,485.220,28.4629,100.000,58700.6
484.300,485.419,28.4513,100.000,58703.6
484.800,485.620,28.4674,100.000,58699.3
484.800,485.819,28.4619,100.000,58700.8
484.800,486.019,28.4751,100.000,58697.3
485.302,486.220,28.4629,100.000,58700.6
485.302,486.419,28.4832,100.000,58695.2
485.799,486.619,28.4848,100.000,58694.8
485.799,486.819,28.4985,100.000,58691.1
485.799,487.019,28.5060,100.000,58689.1
486.299,487.220,28.4907,100.000,58693.1
486.299,487.419,28.5103,100.000,58688.0
486.799,487.619,28.5039,100.000,58689.7
486.800,487.819,28.5115,100.000,58687.6
486.800,488.019,28.5190,100.000,58685.6
487.299,488.220,28.5330,100.000,58681.9
487.299,488.419,28.5226,100.000,58684.7
487.799,488.619,28.5220,100.000,58684.8
487.799,488.819,28.5286,100.000,58683.1
487.799,489.019,28.5307,100.000,58682.5
488.300,489.220,28.5327,100.000,58682.0
488.300,489.419,28.5366,100.000,58680.9
488.799,489.619,28.5532,100.000,58676.6
488.799,489.819,28.5464,100.000,58678.4
488.799,490.020,28.5452,100.000,58678.7
489.299,490.221,28.5539,100.000,58676.4
489.299,490.420,28.5620,100.000,58674.2
489.800,490.620,28.5552,100.000,58676.0
489.800,490.820,28.5669,100.000,58672.9
489.800,491.020,28.5718,100.000,58671.6
490.299,491.221,28.5627,100.000,58674.0
490.299,491.420,28.5726,100.000,58671.4
490.800,491.620,28.5822,100.000,58668.8
490.800,491.821,28.5703,100.000,58672.0
490.800,492.020,28.5884,100.000,58667.1
491.300,492.221,28.5942,100.000,58665.6
491.300,492.420,28.5894,100.000,58666.9
491.799,492.620,28.5942,100.000,58665.6
491.799,492.820,28.6037,100.000,58663.1
491.799,493.020,28.6009,100.000,58663.8
492.300,493.221,28.6115,100.000,58661.0
492.300,493.420,28.6035,100.000,58663.1
492.800,493.620,28.6193,100.000,58658.9
492.800,493.820,28.6132,100.000,58660.5
492.800,494.020,28.6302,100.000,58656.0
493.300,494.221,28.6180,100.000,58659.2
493.300,494.420,28.6302,100.000,58656.0
493.800,494.620,28.6297,100.000,58656.1
493.800,494.820,28.6414,100.000,58653.0
493.800,495.020,28.6445,100.000,58652.2
494.299,495.221,28.6531,100.000,58649.9
494.299,495.420,28.6564,100.000,58649.0
494.799,495.620,28.6650,100.000,58646.7
494.799,495.820,28.6478,100.000,58651.3
494.800,496.020,28.6724,100.000,58644.7
495.300,496.222,28.6526,100.000,58650.0
495.300,496.422,28.6722,100.000,58644.8
495.800,496.621,28.6859,100.000,58641.1
495.800,496.821,28.6938,100.000,58638.9
495.800,497.021,28.6720,100.000,58644.8
496.300,497.222,28.6906,100.000,58639.9
496.300,497.422,28.6800,100.000,58642.7
496.800,497.621,28.6919,100.000,58639.5
496.800,497.821,28.6841,100.000,58641.6
496.800,498.020,28.6974,100.000,58638.0
497.300,498.221,28.7055,100.000,58635.8
497.300,498.422,28.6943,100.000,58638.8
497.800,498.621,28.7047,100.000,58636.1
497.800,498.821,28.6963,100.000,58638.3
497.800,499.021,28.7114,100.000,58634.3
498.300,499.222,28.7280,100.000,58629.8
498.300,499.422,28.7143,100.000,58633.5
498.799,499.621,28.7275,100.000,58630.0
498.800,499.821,28.7340,100.000,58628.2
498.800,500.021,28.7246,100.000,58630.8
499.300,500.222,28.7109,100.000,58634.4
499.300,500.422,28.7436,100.000,58625.6
499.800,500.621,28.7484,100.000,58624.4
499.800,500.821,28.7500,100.000,58623.9
499.800,501.021,28.7659,100.000,58619.7
500.300,501.222,28.7575,100.000,58621.9
500.300,501.422,28.7619,100.000,58620.8
500.800,501.621,28.7550,100.000,58622.6
500.800,501.821,28.7627,100.000,58620.5
500.800,502.021,28.7638,100.000,58620.2
501.300,502.222,28.7806,100.000,58615.8
501.300,502.423,28.7840,100.000,58614.8
501.800,502.622,28.7751,100.000,58617.2
501.800,502.822,28.7820,100.000,58615.4
501.800,503.022,28.7885,100.000,58613.6
502.300,503.222,28.7983,100.000,58611.0
502.300,503.423,28.7924,100.000,58612.6
502.800,503.622,28.8154,100.000,58606.4
502.800,503.822,28.7985,100.000,58611.0
502.800,504.022,28.8078,100.000,58608.4
503.300,504.222,28.8032,100.000,58609.7
503.300,504.423,28.8291,100.000,58602.7
503.800,504.622,28.8179,100.000,58605.8
503.800,504.822,28.8341,100.000,58601.4
503.800,505.022,28.8203,100.000,58605.1
504.300,505.222,28.8325,100.000,58601.8
504.300,505.423,28.8359,100.000,58600.9
504.800,505.622,28.8312,100.000,58602.1
504.800,505.822,28.8376,100.000,58600.5
504.800,506.022,28.8397,100.000,58599.9
505.300,506.222,28.8631,100.000,58593.6
505.300,506.423,28.8402,100.000,58599.7
505.800,506.622,28.8581,100.000,58594.9
505.800,506.822,28.8603,100.000,58594.4
505.800,507.022,28.8717,100.000,58591.3
506.300,507.222,28.8623,100.000,58593.8
506.300,507.423,28.8701,100.000,58591.7
506.799,507.622,28.8524,100.000,58596.5
506.799,507.822,28.8729,100.000,58591.0
506.799,508.022,28.8797,100.000,58589.1
507.300,508.223,28.8821,100.000,58588.5
507.300,508.424,28.8872,100.000,58587.1
507.800,508.622,28.8865,100.000,58587.3
507.800,508.823,28.8926,100.000,58585.7
507.800,509.023,28.8870,100.000,58587.2
508.300,509.223,28.8804,100.000,58588.9
508.300,509.424,28.9062,100.000,58582.0
508.800,509.623,28.8994,100.000,58583.9
508.800,509.823,28.9072,100.000,58581.7
508.800,510.023,28.9061,100.000,58582.1
509.300,510.223,28.9162,100.000,58579.3
509.300,510.424,28.9100,100.000,58581.0
509.800,510.623,28.9162,100.000,58579.3
509.800,510.823,28.9204,100.000,58578.1
509.800,511.023,28.9258,100.000,58576.8
510.300,511.223,28.9297,100.000,58575.7
510.300,511.424,28.9192,100.000,58578.5
510.800,511.624,28.9264,100.000,58576.6
510.800,511.824,28.9306,100.000,58575.5
510.800,512.024,28.9463,100.000,58571.2
511.300,512.224,28.9409,100.000,58572.6
511.300,512.425,28.9472,100.000,58571.0
511.800,512.625,28.9541,100.000,58569.1
511.800,512.825,28.9632,100.000,58566.6
511.800,513.025,28.9665,100.000,58565.7
512.300,513.225,28.9568,100.000,58568.4
512.300,513.426,28.9658,100.000,58565.9
512.800,513.626,28.9590,100.000,58567.8
512.800,513.826,28.9780,100.000,58562.7
512.800,514.026,28.9617,100.000,58567.0
513.300,514.226,28.9692,100.000,58565.0
513.300,514.427,28.9738,100.000,58563.8
513.800,514.627,28.9818,100.000,58561.7
513.800,514.827,28.9756,100.000,58563.4
513.800,515.027,28.9775,100.000,58562.8
514.300,515.227,28.9803,100.000,58562.1
514.300,515.428,28.9910,100.000,58559.2
514.800,515.628,28.9909,100.000,58559.2
514.800,515.828,28.9995,100.000,58556.9
514.800,516.028,28.9971,100.000,58557.5
515.300,516.228,29.0010,100.000,58556.5
515.300,516.429,28.9985,100.000,58557.1
515.799,516.628,28.9980,100.000,58557.2
515.800,516.829,29.0044,100.000,58555.6
515.800,517.029,29.0210,100.000,58551.1
516.300,517.229,29.0099,100.000,58554.1
516.300,517.430,29.0070,100.000,58554.8
516.800,517.630,29.0255,100.000,58549.8
516.800,517.830,29.0366,100.000,58546.8
516.800,518.030,29.0361,100.000,58547.0
517.300,518.230,29.0361,100.000,58547.0
517.300,518.430,29.0259,100.000,58549.8
517.800,518.630,29.0486,100.000,58543.6
517.800,518.830,29.0342,100.000,58547.5
517.800,519.030,29.0424,100.000,58545.3
518.300,519.230,29.0438,100.000,58544.9
518.300,519.431,29.0478,100.000,58543.8
518.800,519.632,29.0425,100.000,58545.2
518.800,519.832,29.0480,100.000,58543.7
518.800,520.032,29.0649,100.000,58539.2
519.300,520.232,29.0542,100.000,58542.1
519.300,520.432,29.0548,100.000,58541.9
519.800,520.633,29.0627,100.000,58539.8
519.800,520.833,29.0654,100.000,58539.1
519.800,521.033,29.0714,100.000,58537.4
520.300,521.233,29.0742,100.000,58536.7
520.300,521.433,29.0610,100.000,58540.3
520.800,521.634,29.0696,100.000,58537.9
520.800,521.834,29.0841,100.000,58534.0
520.800,522.034,29.0944,100.000,58531.2
521.300,522.234,29.1017,100.000,58529.2
521.300,522.434,29.1054,100.000,58528.2
521.800,522.635,29.1027,100.000,58529.0
521.800,522.835,29.1141,100.000,58525.9
521.800,523.035,29.1076,100.000,58527.7
522.299,523.235,29.1095,100.000,58527.1
522.299,523.435,29.1354,100.000,58520.1
522.799,523.636,29.1308,100.000,58521.4
522.799,523.836,29.1287,100.000,58522.0
522.800,524.036,29.1318,100.000,58521.1
523.299,524.236,29.1380,100.000,58519.4
523.299,524.436,29.1336,100.000,58520.6
523.799,524.637,29.1367,100.000,58519.8
523.799,524.836,29.1320,100.000,58521.1
523.800,525.037,29.1512,100.000,58515.9
524.299,525.237,29.1569,100.000,58514.3
524.299,525.437,29.1580,100.000,58514.0
524.799,525.638,29.1559,100.000,58514.6
524.799,525.838,29.1543,100.000,58515.0
524.799,526.038,29.1655,100.000,58512.0
525.299,526.238,29.1641,100.000,58512.4
525.299,526.438,29.1715,100.000,58510.3
525.799,526.638,29.1795,100.000,58508.2
525.799,526.839,29.1689,100.000,58511.1
525.800,527.039,29.1780,100.000,58508.6
526.299,527.239,29.1692,100.000,58511.0
526.299,527.439,29.1794,100.000,58508.2
526.799,527.639,29.1800,100.000,58508.1
526.799,527.840,29.1877,100.000,58506.0
526.799,528.040,29.2070,100.000,58500.7
527.300,528.240,29.1912,100.000,58505.0
527.300,528.440,29.2008,100.000,58502.4
527.800,528.640,29.1797,100.000,58508.1
527.800,528.841,29.1958,100.000,58503.8
527.800,529.041,29.1950,100.000,58504.0
528.300,529.241,29.1948,100.000,58504.1
528.300,529.441,29.2060,100.000,58501.0
528.800,529.641,29.1978,100.000,58503.2
528.800,529.842,29.2000,100.000,58502.6
528.800,530.042,29.2096,100.000,58500.0
529.300,530.242,29.2322,100.000,58493.9
529.300,530.442,29.2239,100.000,58496.1
529.799,530.642,29.2210,100.000,58496.9
529.799,530.843,29.2233,100.000,58496.3
529.799,531.043,29.2290,100.000,58494.8
530.299,531.243,29.2370,100.000,58492.6
530.299,531.443,29.2430,100.000,58491.0
530.799,531.643,29.2332,100.000,58493.6
530.799,531.844,29.2730,100.000,58482.8
530.799,532.044,29.2689,100.000,58483.9
531.299,532.244,29.2622,100.000,58485.8
531.299,532.444,29.2503,100.000,58489.0
531.799,532.644,29.2682,100.000,58484.1
531.799,532.845,29.2598,100.000,58486.4
531.799,533.044,29.2490,100.000,58489.3
532.299,533.245,29.2677,100.000,58484.2
532.299,533.445,29.2850,100.000,58479.5
532.799,533.645,29.2799,100.000,58480.9
532.799,533.846,29.3052,100.000,58474.1
532.799,534.045,29.3022,100.000,58474.8
533.299,534.246,29.3174,100.000,58470.8
533.300,534.446,29.3286,100.000,58467.7
533.799,534.646,29.3167,100.000,58470.9
533.799,534.847,29.3180,100.000,58470.6
533.799,535.047,29.3288,100.000,58467.6
534.299,535.247,29.3247,100.000,58468.8
534.299,535.447,29.3335,100.000,58466.4
534.799,535.647,29.3151,100.000,58471.4
534.799,535.847,29.3354,100.000,58465.8
534.799,536.048,29.3211,100.000,58469.7
535.299,536.248,29.3496,100.000,58462.0
535.299,536.448,29.3525,100.000,58461.2
535.799,536.648,29.3554,100.000,58460.4
535.799,536.848,29.3774,100.000,58454.4
535.799,537.049,29.3559,100.000,58460.3
536.299,537.249,29.3842,100.000,58452.6
536.299,537.449,29.3623,100.000,58458.5
536.799,537.649,29.3766,100.000,58454.6
536.799,537.849,29.3782,100.000,58454.2
536.799,538.050,29.3862,100.000,58452.0
537.299,538.250,29.3968,100.000,58449.1
537.299,538.450,29.3989,100.000,58448.6
537.799,538.650,29.3921,100.000,58450.4
537.799,538.850,29.3989,100.000,58448.5
537.799,539.051,29.3936,100.000,58450.0
538.299,539.251,29.4084,100.000,58445.9
538.299,539.451,29.4137,100.000,58444.5
538.799,539.650,29.4238,100.000,58441.8
538.799,539.850,29.4248,100.000,58441.5
538.799,540.051,29.4140,100.000,58444.4
539.299,540.252,29.4245,100.000,58441.6
539.299,540.451,29.4285,100.000,58440.4
539.799,540.651,29.4217,100.000,58442.3
539.799,540.851,29.4256,100.000,58441.2
539.799,541.052,29.4435,100.000,58436.3
540.299,541.253,29.4507,100.000,58434.4
540.299,541.453,29.4430,100.000,58436.5
540.799,541.653,29.4430,100.000,58436.5
540.799,541.853,29.4541,100.000,58433.5
540.799,542.054,29.4644,100.000,58430.6
541.299,542.253,29.4490,100.000,58434.8
541.299,542.454,29.4614,100.000,58431.5
541.799,542.654,29.4643,100.000,58430.7
541.799,542.854,29.4827,100.000,58425.6
541.799,543.055,29.4728,100.000,58428.3
542.299,543.255,29.4704,100.000,58429.0
542.299,543.455,29.4873,100.000,58424.4
542.799,543.655,29.4710,100.000,58428.8
542.799,543.855,29.4775,100.000,58427.1
542.799,544.055,29.4933,100.000,58422.7
543.299,544.256,29.4902,100.000,58423.6
543.299,544.456,29.5071,100.000,58419.0
543.799,544.656,29.5088,100.000,58418.5
543.799,544.856,29.4992,100.000,58421.1
543.799,545.056,29.5024,100.000,58420.2
544.300,545.257,29.5092,100.000,58418.4
544.300,545.457,29.5137,100.000,58417.2
544.799,545.657,29.5112,100.000,58417.8
544.800,545.856,29.5159,100.000,58416.5
544.800,546.057,29.5319,100.000,58412.2
545.300,546.258,29.5286,100.000,58413.1
545.300,546.457,29.5363,100.000,58411.0
545.800,546.658,29.5242,100.000,58414.3
545.800,546.857,29.5379,100.000,58410.6
545.800,547.057,29.5329,100.000,58411.9
546.300,547.258,29.5485,100.000,58407.6
546.300,547.459,29.5488,100.000,58407.6
546.800,547.659,29.5475,100.000,58407.9
546.800,547.859,29.5581,100.000,58405.0
546.800,548.058,29.5583,100.000,58405.0
547.300,548.259,29.5717,100.000,58401.3
547.300,548.460,29.5735,100.000,58400.8
547.800,548.660,29.5717,100.000,58401.3
547.800,548.860,29.5879,100.000,58396.8
547.800,549.060,29.5779,100.000,58399.6
548.300,549.261,29.5874,100.000,58397.0
548.300,549.461,29.5981,100.000,58394.0
548.800,549.661,29.5983,100.000,58394.0
548.800,549.861,29.5962,100.000,58394.5
548.800,550.061,29.5988,100.000,58393.8
549.300,550.262,29.6028,100.000,58392.8
549.300,550.461,29.5986,100.000,58393.9
549.800,550.662,29.6137,100.000,58389.8
549.800,550.862,29.6224,100.000,58387.4
549.800,551.062,29.6255,100.000,58386.5
550.300,551.263,29.6264,100.000,58386.3
550.300,551.463,29.6369,100.000,58383.4
550.800,551.663,29.6393,100.000,58382.8
550.800,551.863,29.6318,100.000,58384.8
550.800,552.063,29.6339,100.000,58384.2
551.299,552.263,29.6556,100.000,58378.3
551.299,552.464,29.6536,100.000,58378.8
551.800,552.664,29.6466,100.000,58380.7
551.800,552.864,29.6635,100.000,58376.1
551.800,553.064,29.6587,100.000,58377.5
552.300,553.264,29.6634,100.000,58376.1
552.300,553.465,29.6678,100.000,58374.9
552.800,553.665,29.6842,100.000,58370.4
552.800,553.865,29.6774,100.000,58372.3
552.800,554.065,29.6880,100.000,58369.4
553.299,554.265,29.6865,100.000,58369.8
553.300,554.466,29.7022,100.000,58365.5
553.800,554.666,29.6909,100.000,58368.6
553.800,554.866,29.7036,100.000,58365.1
553.800,555.065,29.7018,100.000,58365.6
554.300,555.266,29.7085,100.000,58363.7
554.300,555.467,29.7020,100.000,58365.5
554.800,555.667,29.7016,100.000,58365.6
554.800,555.867,29.7184,100.000,58361.0
554.800,556.067,29.7295,100.000,58358.0
555.300,556.267,29.7303,100.000,58357.8
555.300,556.468,29.7329,100.000,58357.0
555.799,556.668,29.7453,100.000,58353.6
555.799,556.868,29.7399,100.000,58355.1
555.799,557.068,29.7482,100.000,58352.8
556.300,557.268,29.7437,100.000,58354.0
556.300,557.469,29.7554,100.000,58350.8
556.799,557.669,29.7461,100.000,58353.4
556.799,557.869,29.7658,100.000,58348.0
556.799,558.069,29.7617,100.000,58349.1
557.300,558.269,29.7671,100.000,58347.6
557.300,558.470,29.7663,100.000,58347.8
557.799,558.669,29.7638,100.000,58348.5
557.799,558.870,29.7593,100.000,58349.7
557.800,559.070,29.7643,100.000,58348.4
558.300,559.270,29.7827,100.000,58343.3
558.300,559.471,29.7734,100.000,58345.8
558.800,559.670,29.7861,100.000,58342.4
558.800,559.871,29.7798,100.000,58344.1
558.800,560.071,29.7855,100.000,58342.5
559.300,560.271,29.7861,100.000,58342.4
559.300,560.472,29.7848,100.000,58342.7
559.799,560.672,29.7925,100.000,58340.6
559.799,560.872,29.8053,100.000,58337.1
559.799,561.072,29.8012,100.000,58338.2
560.300,561.272,29.8011,100.000,58338.2
560.300,561.472,29.8152,100.000,58334.3
560.800,561.673,29.8242,100.000,58331.9
560.800,561.873,29.8294,100.000,58330.4
560.800,562.073,29.8174,100.000,58333.7
561.299,562.273,29.8315,100.000,58329.8
561.300,562.473,29.8325,100.000,58329.6
561.800,562.674,29.8307,100.000,58330.1
561.800,562.874,29.8325,100.000,58329.6
561.800,563.074,29.8426,100.000,58326.8
562.300,563.274,29.8472,100.000,58325.5
562.300,563.474,29.8564,100.000,58323.0
562.800,563.675,29.8683,100.000,58319.7
562.800,563.875,29.8452,100.000,58326.1
562.800,564.075,29.8680,100.000,58319.8
563.300,564.275,29.8650,100.000,58320.6
563.300,564.475,29.8782,100.000,58316.9
563.800,564.676,29.8821,100.000,58315.8
563.800,564.876,29.8818,100.000,58316.0
563.800,565.076,29.8937,100.000,58312.7
564.300,565.276,29.9036,100.000,58309.9
564.300,565.476,29.8997,100.000,58311.0
564.800,565.677,29.9040,100.000,58309.8
564.800,565.877,29.9023,100.000,58310.2
564.800,566.077,29.8926,100.000,58313.0
565.300,566.277,29.9214,100.000,58305.0
565.300,566.477,29.9165,100.000,58306.4
565.800,566.678,29.9184,100.000,58305.8
565.800,566.878,29.9279,100.000,58303.2
565.800,567.077,29.9307,100.000,58302.5
566.300,567.277,29.9274,100.000,58303.4
566.300,567.478,29.9395,100.000,58300.0
566.800,567.679,29.9474,100.000,58297.8
566.800,567.878,29.9451,100.000,58298.5
566.800,568.079,29.9357,100.000,58301.1
567.299,568.279,29.9218,100.000,58304.9
567.299,568.479,29.9334,100.000,58301.7
567.799,568.680,29.9407,100.000,58299.7
567.799,568.880,29.9406,100.000,58299.7
567.799,569.080,29.9411,100.000,58299.6
568.299,569.280,29.9479,100.000,58297.7
568.299,569.480,29.9591,100.000,58294.6
568.799,569.680,29.9520,100.000,58296.6
568.799,569.881,29.9474,100.000,58297.8
568.799,570.081,29.9508,100.000,58296.9
569.299,570.281,29.9682,100.000,58292.1
569.299,570.481,29.9853,100.000,58287.3
569.799,570.681,29.9933,100.000,58285.1
569.799,570.882,30.0027,100.000,58282.5
569.799,571.082,29.9979,100.000,58283.9
570.299,571.282,30.0031,100.000,58282.4
570.299,571.482,30.0171,100.000,58278.6
570.799,571.682,30.0059,100.000,58281.6
570.799,571.883,30.0106,100.000,58280.3
570.799,572.083,30.0275,100.000,58275.6
571.299,572.282,30.0241,100.000,58276.6
571.299,572.483,30.0306,100.000,58274.8
571.799,572.683,30.0366,100.000,58273.1
571.799,572.884,30.0469,100.000,58270.2
571.799,573.084,30.0477,100.000,58270.0
572.299,573.284,30.0373,100.000,58272.9
572.299,573.484,30.0562,100.000,58267.6
572.799,573.684,30.0330,100.000,58274.1
572.799,573.885,30.0392,100.000,58272.4
572.799,574.085,30.0508,100.000,58269.1
573.299,574.285,30.0435,100.000,58271.2
573.299,574.485,30.0504,100.000,58269.2
573.799,574.685,30.0563,100.000,58267.6
573.799,574.886,30.0625,100.000,58265.9
573.799,575.086,30.0566,100.000,58267.5
574.299,575.286,30.0568,100.000,58267.5
574.299,575.486,30.0682,100.000,58264.4
574.799,575.686,30.0747,100.000,58262.5
574.799,575.887,30.0721,100.000,58263.2
574.799,576.086,30.0755,100.000,58262.3
575.299,576.287,30.0853,100.000,58259.6
575.299,576.487,30.0584,100.000,58267.1
575.800,576.687,30.0604,100.000,58266.5
575.800,576.888,30.0645,100.000,58265.4
575.800,577.088,30.0747,100.000,58262.5
576.299,577.288,30.0889,100.000,58258.6
576.300,577.488,30.0864,100.000,58259.2
576.800,577.687,30.0836,100.000,58260.0
576.800,577.888,30.0885,100.000,58258.7
576.800,578.088,30.0928,100.000,58257.5
577.300,578.289,30.0848,100.000,58259.7
577.300,578.489,30.0962,100.000,58256.6
577.800,578.689,30.1059,100.000,58253.9
577.800,578.889,30.0966,100.000,58256.4
577.800,579.090,30.1059,100.000,58253.8
578.300,579.290,30.1191,100.000,58250.2
578.300,579.490,30.1325,100.000,58246.4
578.800,579.690,30.1299,100.000,58247.2
578.800,579.890,30.1167,100.000,58250.8
578.800,580.091,30.1323,100.000,58246.5
579.300,580.291,30.1245,100.000,58248.7
579.300,580.491,30.1211,100.000,58249.7
579.800,580.691,30.1582,100.000,58239.3
579.800,580.891,30.1540,100.000,58240.5
579.800,581.092,30.1502,100.000,58241.5
580.300,581.292,30.1719,100.000,58235.5
580.300,581.492,30.1777,100.000,58233.9
580.800,581.692,30.1758,100.000,58234.4
580.800,581.892,30.1585,100.000,58239.2
580.800,582.093,30.1719,100.000,58235.5
581.300,582.293,30.1689,100.000,58236.3
581.300,582.493,30.1679,100.000,58236.6
581.800,582.692,30.1743,100.000,58234.9
581.800,582.893,30.1837,100.000,58232.2
581.800,583.093,30.1784,100.000,58233.7
582.300,583.293,30.1836,100.000,58232.2
582.300,583.493,30.2007,100.000,58227.5
582.800,583.694,30.2025,100.000,58227.0
582.800,583.894,30.2054,100.000,58226.1
582.800,584.095,30.2246,100.000,58220.8
583.300,584.294,30.2129,100.000,58224.0
583.300,584.495,30.2112,100.000,58224.6
583.799,584.695,30.2275,100.000,58220.0
583.799,584.895,30.2314,100.000,58218.9
584.299,585.096,30.2381,100.000,58217.1
584.300,585.295,30.2285,100.000,58219.8
584.300,585.496,30.2314,100.000,58218.9
584.800,585.696,30.2404,100.000,58216.4
584.800,585.896,30.2549,100.000,58212.4
585.300,586.097,30.2860,100.000,58203.7
585.300,586.297,30.2913,100.000,58202.2
585.300,586.497,30.2978,100.000,58200.4
585.800,586.697,30.3050,100.000,58198.4
585.800,586.897,30.3004,100.000,58199.6
586.300,587.097,30.3090,100.000,58197.2
586.300,587.298,30.2726,100.000,58207.4
586.300,587.498,30.3252,100.000,58192.7
586.800,587.698,30.2939,100.000,58201.5
586.800,587.898,30.2935,100.000,58201.6
587.300,588.098,30.3071,100.000,58197.8
587.300,588.299,30.2952,100.000,58201.1
587.300,588.499,30.3027,100.000,58199.0
587.799,588.699,30.2965,100.000,58200.7
587.799,588.899,30.3008,100.000,58199.5
588.300,589.099,30.3120,100.000,58196.4
588.300,589.300,30.3184,100.000,58194.6
588.300,589.500,30.3063,100.000,58198.0
588.799,589.700,30.3270,100.000,58192.2
588.799,589.899,30.3351,100.000,58189.9
589.300,590.099,30.3227,100.000,58193.4
589.300,590.301,30.3281,100.000,58191.9
589.300,590.501,30.3249,100.000,58192.8
589.800,590.701,30.3338,100.000,58190.3
589.800,590.901,30.3540,100.000,58184.7
590.300,591.101,30.3553,100.000,58184.3
590.300,591.302,30.3522,100.000,58185.2
590.300,591.502,30.3628,100.000,58182.2
590.800,591.702,30.3771,100.000,58178.2
590.800,591.902,30.3714,100.000,58179.8
591.300,592.102,30.3843,100.000,58176.1
591.300,592.303,30.3984,100.000,58172.2
591.300,592.503,30.3935,100.000,58173.6
591.800,592.703,30.3789,100.000,58177.6
591.800,592.903,30.3888,100.000,58174.9
592.300,593.103,30.4243,100.000,58165.0
592.300,593.304,30.4067,100.000,58169.9
592.300,593.503,30.4105,100.000,58168.8
592.800,593.704,30.3924,100.000,58173.9
592.800,593.904,30.4183,100.000,58166.7
593.300,594.104,30.4165,100.000,58167.1
593.300,594.305,30.4384,100.000,58161.0
593.300,594.504,30.4144,100.000,58167.8
593.800,594.705,30.4383,100.000,58161.1
593.800,594.905,30.4232,100.000,58165.3
594.300,595.105,30.4204,100.000,58166.1
594.300,595.305,30.4582,100.000,58155.5
594.300,595.506,30.4534,100.000,58156.8
594.800,595.706,30.4617,100.000,58154.5
594.800,595.906,30.4627,100.000,58154.2
595.300,596.106,30.4520,100.000,58157.2
595.300,596.306,30.4674,100.000,58152.9
595.300,596.507,30.4604,100.000,58154.9
595.799,596.707,30.4541,100.000,58156.6
595.800,596.907,30.4497,100.000,58157.9
596.300,597.107,30.4926,100.000,58145.8
596.300,597.307,30.4865,100.000,58147.5
596.300,597.508,30.4752,100.000,58150.7
596.800,597.708,30.4777,100.000,58150.0
596.800,597.908,30.4809,100.000,58149.1
597.300,598.108,30.4853,100.000,58147.9
597.300,598.308,30.4805,100.000,58149.2
597.300,598.509,30.4749,100.000,58150.8
597.800,598.709,30.4926,100.000,58145.8
597.800,598.909,30.4933,100.000,58145.6
598.300,599.109,30.5102,100.000,58140.8
598.300,599.309,30.5110,100.000,58140.6
598.300,599.509,30.5032,100.000,58142.8
598.800,599.710,30.5073,100.000,58141.7
598.800,599.910,30.5132,100.000,58140.1
599.300,600.110,30.5369,100.000,58133.3
599.300,600.310,30.5286,100.000,58135.7
599.300,600.511,30.5298,100.000,58135.4
599.800,600.711,30.5317,100.000,58134.8
599.800,600.911,30.5280,100.000,58135.9
600.300,601.111,30.5410,100.000,58132.2
600.300,601.311,30.5231,100.000,58137.2
600.300,601.512,30.5390,100.000,58132.7
600.800,601.711,30.5537,100.000,58128.6
600.800,601.912,30.5802,100.000,58121.2
601.300,602.112,30.5640,100.000,58125.7
601.300,602.312,30.5762,100.000,58122.3
601.300,602.513,30.5666,100.000,58125.0
601.800,602.713,30.5473,100.000,58130.4
601.800,602.913,30.5825,100.000,58120.5
602.300,603.113,30.5727,100.000,58123.3
602.300,603.313,30.5613,100.000,58126.5
602.300,603.513,30.5740,100.000,58122.9
602.800,603.714,30.5775,100.000,58121.9
602.800,603.913,30.5900,100.000,58118.4
603.300,604.114,30.5913,100.000,58118.1
603.300,604.313,30.5840,100.000,58120.1
603.300,604.514,30.5999,100.000,58115.6
603.800,604.715,30.5740,100.000,58122.9
603.800,604.915,30.5688,100.000,58124.4
604.300,605.115,30.5800,100.000,58121.2
604.300,605.315,30.5866,100.000,58119.4
604.300,605.515,30.6054,100.000,58114.1
604.800,605.716,30.5742,100.000,58122.8
604.800,605.916,30.6177,100.000,58110.6
605.300,606.116,30.6208,100.000,58109.8
605.300,606.316,30.6191,100.000,58110.2
605.300,606.516,30.6255,100.000,58108.4
605.799,606.717,30.6111,100.000,58112.4
605.800,606.917,30.6142,100.000,58111.6
606.300,607.117,30.6100,100.000,58112.8
606.300,607.317,30.6181,100.000,58110.5
606.300,607.517,30.6313,100.000,58106.7
606.800,607.718,30.6326,100.000,58106.4
606.800,607.918,30.6260,100.000,58108.2
607.300,608.118,30.6308,100.000,58106.9
607.300,608.318,30.6341,100.000,58106.0
607.300,608.518,30.6395,100.000,58104.5
607.800,608.719,30.6403,100.000,58104.2
607.800,608.919,30.6276,100.000,58107.8
608.300,609.119,30.6491,100.000,58101.7
608.300,609.319,30.6378,100.000,58104.9
608.300,609.519,30.6499,100.000,58101.5
608.800,609.720,30.6471,100.000,58102.3
608.800,609.919,30.6499,100.000,58101.5
609.300,610.120,30.6685,100.000,58096.3
609.300,610.320,30.6720,100.000,58095.3
609.300,610.520,30.6538,100.000,58100.4
609.800,610.721,30.6640,100.000,58097.5
609.800,610.920,30.6743,100.000,58094.6
610.299,611.121,30.6649,100.000,58097.3
610.300,611.321,30.6629,100.000,58097.9
610.300,611.521,30.6689,100.000,58096.2
610.799,611.722,30.6865,100.000,58091.2
610.800,611.922,30.6997,100.000,58087.5
611.299,612.121,30.6877,100.000,58090.9
611.299,612.321,30.7023,100.000,58086.7
611.300,612.522,30.7104,100.000,58084.4
611.799,612.722,30.7117,100.000,58084.1
611.799,612.923,30.7114,100.000,58084.2
612.299,613.123,30.7056,100.000,58085.8
612.299,613.323,30.7091,100.000,58084.8
612.299,613.523,30.7119,100.000,58084.1
612.800,613.723,30.7106,100.000,58084.4
612.800,613.924,30.7160,100.000,58082.9
613.300,614.124,30.7147,100.000,58083.2
613.300,614.324,30.7039,100.000,58086.3
613.300,614.524,30.7160,100.000,58082.9
613.800,614.724,30.7177,100.000,58082.4
613.800,614.925,30.7085,100.000,58085.0
614.300,615.125,30.7288,100.000,58079.2
614.300,615.325,30.7300,100.000,58078.9
614.300,615.525,30.7339,100.000,58077.8
614.800,615.725,30.7285,100.000,58079.4
614.800,615.926,30.7313,100.000,58078.6
615.300,616.126,30.7441,100.000,58074.9
615.300,616.326,30.7270,100.000,58079.7
615.300,616.526,30.7441,100.000,58074.9
615.800,616.726,30.7387,100.000,58076.4
615.800,616.927,30.7397,100.000,58076.2
616.300,617.127,30.7432,100.000,58075.2
616.300,617.327,30.7479,100.000,58073.8
616.300,617.527,30.7479,100.000,58073.8
616.799,617.726,30.7636,100.000,58069.4
616.799,617.927,30.7539,100.000,58072.2
617.300,618.128,30.7570,100.000,58071.3
617.300,618.327,30.7609,100.000,58070.2
617.300,618.528,30.7446,100.000,58074.8
617.800,618.728,30.7571,100.000,58071.2
617.800,618.929,30.7646,100.000,58069.1
618.300,619.128,30.7632,100.000,58069.5
618.300,619.329,30.7817,100.000,58064.3
618.300,619.529,30.7713,100.000,58067.2
618.800,619.729,30.7705,100.000,58067.5
618.800,619.930,30.7812,100.000,58064.4
619.300,620.130,30.7817,100.000,58064.3
619.300,620.330,30.7700,100.000,58067.6
619.300,620.530,30.7835,100.000,58063.8
619.800,620.730,30.7749,100.000,58066.2
619.800,620.930,30.7860,100.000,58063.1
620.300,621.131,30.7869,100.000,58062.8
620.300,621.331,30.7780,100.000,58065.4
620.300,621.531,30.7926,100.000,58061.2
620.800,621.731,30.7920,100.000,58061.3
620.800,621.931,30.7938,100.000,58060.9
621.300,622.132,30.7855,100.000,58063.2
621.300,622.332,30.7990,100.000,58059.4
621.300,622.532,30.7913,100.000,58061.6
621.800,622.732,30.7855,100.000,58063.2
621.800,622.932,30.7881,100.000,58062.5
622.300,623.133,30.8008,100.000,58058.9
622.300,623.333,30.7972,100.000,58059.9
622.300,623.532,30.8089,100.000,58056.6
622.800,623.733,30.8100,100.000,58056.3
622.800,623.933,30.8030,100.000,58058.2
623.300,624.134,30.8076,100.000,58056.9
623.300,624.334,30.8167,100.000,58054.4
623.300,624.534,30.8092,100.000,58056.5
623.800,624.734,30.8115,100.000,58055.8
623.800,624.934,30.8120,100.000,58055.8
624.300,625.135,30.8069,100.000,58057.1
624.300,625.335,30.8201,100.000,58053.4
624.300,625.535,30.8224,100.000,58052.7
624.800,625.735,30.8240,100.000,58052.3
624.800,625.935,30.8156,100.000,58054.7
625.300,626.136,30.8154,100.000,58054.7
625.300,626.336,30.8172,100.000,58054.2
625.300,626.536,30.8240,100.000,58052.3
625.800,626.736,30.8210,100.000,58053.1
625.800,626.936,30.8125,100.000,58055.6
626.300,627.136,30.8252,100.000,58052.0
626.300,627.336,30.8127,100.000,58055.5
626.300,627.537,30.8306,100.000,58050.4
626.800,627.737,30.8180,100.000,58054.0
626.800,627.937,30.8276,100.000,58051.3
627.300,628.138,30.8120,100.000,58055.7
627.300,628.338,30.8154,100.000,58054.7
627.300,628.538,30.8164,100.000,58054.5
627.800,628.738,30.8244,100.000,58052.2
627.800,628.938,30.8289,100.000,58050.9
628.300,629.138,30.8145,100.000,58055.0
628.300,629.339,30.8470,100.000,58045.8
628.300,629.539,30.8322,100.000,58050.0
628.800,629.739,30.8320,100.000,58050.0
628.800,629.939,30.8369,100.000,58048.7
629.300,630.139,30.8379,100.000,58048.3
629.300,630.340,30.8402,100.000,58047.8
629.300,630.540,30.8506,100.000,58044.8
629.800,630.740,30.8633,100.000,58041.2
629.800,630.940,30.8568,100.000,58043.0
630.299,631.140,30.8537,100.000,58043.9
630.299,631.341,30.8525,100.000,58044.2
630.299,631.541,30.8561,100.000,58043.2
630.800,631.741,30.8605,100.000,58041.9
630.800,631.941,30.8582,100.000,58042.6
631.300,632.141,30.8637,100.000,58041.1
631.300,632.342,30.8708,100.000,58039.1
631.300,632.542,30.8604,100.000,58042.0
631.800,632.742,30.8758,100.000,58037.6
631.800,632.941,30.8615,100.000,58041.7
632.299,633.142,30.8699,100.000,58039.3
632.299,633.343,30.8650,100.000,58040.7
632.299,633.543,30.8599,100.000,58042.1
632.800,633.743,30.8712,100.000,58038.9
632.800,633.943,30.8831,100.000,58035.5
633.300,634.143,30.8683,100.000,58039.7
633.300,634.344,30.8782,100.000,58036.9
633.300,634.544,30.8755,100.000,58037.7
633.800,634.744,30.8760,100.000,58037.6
633.800,634.944,30.8784,100.000,58036.9
634.300,635.144,30.8698,100.000,58039.3
634.300,635.345,30.8719,100.000,58038.7
634.300,635.544,30.8677,100.000,58039.9
634.800,635.745,30.8745,100.000,58038.0
634.800,635.945,30.8836,100.000,58035.4
635.299,636.145,30.8843,100.000,58035.2
635.299,636.346,30.8787,100.000,58036.8
635.299,636.545,30.8823,100.000,58035.8
635.800,636.746,30.8763,100.000,58037.5
635.800,636.946,30.8688,100.000,58039.6
636.300,637.146,30.8752,100.000,58037.8
636.300,637.347,30.8758,100.000,58037.6
636.300,637.547,30.8685,100.000,58039.7
636.800,637.746,30.8818,100.000,58035.9
636.800,637.946,30.8815,100.000,58036.0
637.300,638.146,30.8758,100.000,58037.6
637.300,638.347,30.8784,100.000,58036.9
637.300,638.548,30.8812,100.000,58036.1
637.800,638.748,30.8838,100.000,58035.4
637.800,638.948,30.8849,100.000,58035.0
638.300,639.148,30.8813,100.000,58036.1
638.300,639.348,30.8812,100.000,58036.1
638.300,639.549,30.8745,100.000,58038.0
638.799,639.749,30.8777,100.000,58037.0
638.799,639.949,30.8853,100.000,58034.9
639.300,640.149,30.8843,100.000,58035.2
639.300,640.349,30.8696,100.000,58039.4
639.300,640.550,30.8852,100.000,58035.0
639.800,640.750,30.8650,100.000,58040.7
639.800,640.950,30.8629,100.000,58041.2
640.299,641.150,30.8823,100.000,58035.8
640.300,641.350,30.8722,100.000,58038.6
640.300,641.551,30.8856,100.000,58034.8
640.800,641.751,30.8784,100.000,58036.8
640.800,641.951,30.8657,100.000,58040.5
641.300,642.151,30.8926,100.000,58032.9
641.300,642.351,30.8712,100.000,58038.9
641.300,642.552,30.8682,100.000,58039.8
641.800,642.752,30.8795,100.000,58036.5
641.800,642.952,30.8768,100.000,58037.4
642.300,643.152,30.8647,100.000,58040.8
642.300,643.352,30.8638,100.000,58041.0
642.300,643.553,30.8638,100.000,58041.0
642.800,643.753,30.8752,100.000,58037.8
642.800,643.952,30.8755,100.000,58037.7
643.300,644.152,30.8657,100.000,58040.5
643.300,644.353,30.8688,100.000,58039.6
643.300,644.554,30.8664,100.000,58040.3
643.800,644.753,30.8647,100.000,58040.7
643.800,644.954,30.8669,100.000,58040.1
644.300,645.154,30.8621,100.000,58041.5
644.300,645.354,30.8568,100.000,58043.0
644.300,645.555,30.8643,100.000,58040.8
644.800,645.755,30.8610,100.000,58041.8
644.800,645.955,30.8732,100.000,58038.4
645.300,646.155,30.8717,100.000,58038.8
645.300,646.355,30.8647,100.000,58040.7
645.300,646.555,30.8647,100.000,58040.7
645.800,646.756,30.8618,100.000,58041.6
645.800,646.955,30.8629,100.000,58041.2
646.300,647.155,30.8530,100.000,58044.1
646.300,647.355,30.8467,100.000,58045.9
646.300,647.556,30.8719,100.000,58038.7
646.800,647.757,30.8680,100.000,58039.8
646.800,647.957,30.8540,100.000,58043.8
647.300,648.157,30.8618,100.000,58041.6
647.300,648.357,30.8488,100.000,58045.3
647.300,648.557,30.8584,100.000,58042.6
647.799,648.758,30.8579,100.000,58042.8
647.799,648.958,30.8584,100.000,58042.5
648.300,649.158,30.8527,100.000,58044.2
648.300,649.358,30.8475,100.000,58045.6
648.300,649.558,30.8488,100.000,58045.3
648.800,649.759,30.8530,100.000,58044.1
648.800,649.959,30.8514,100.000,58044.5
649.300,650.159,30.8550,100.000,58043.5
649.300,650.359,30.8488,100.000,58045.3
649.300,650.559,30.8507,100.000,58044.7
649.799,650.760,30.8589,100.000,58042.4
649.799,650.959,30.8512,100.000,58044.6
650.300,651.159,30.8650,100.000,58040.7
650.300,651.360,30.8488,100.000,58045.3
650.300,651.560,30.8533,100.000,58044.0
650.800,651.761,30.8660,100.000,58040.4
650.800,651.961,30.8532,100.000,58044.0
651.300,652.161,30.8514,100.000,58044.5
651.300,652.361,30.8501,100.000,58044.9
651.300,652.561,30.8411,100.000,58047.5
651.800,652.761,30.8527,100.000,58044.1
651.800,652.960,30.8447,100.000,58046.4
652.300,653.161,30.8556,100.000,58043.3
652.300,653.362,30.8418,100.000,58047.3
652.300,653.562,30.8520,100.000,58044.4
652.799,653.763,30.8354,100.000,58049.1
652.800,653.963,30.8433,100.000,58046.8
653.300,654.163,30.8506,100.000,58044.8
653.300,654.363,30.8408,100.000,58047.6
653.300,654.563,30.8442,100.000,58046.6
653.800,654.763,30.8452,100.000,58046.3
653.800,654.964,30.8408,100.000,58047.5
654.300,655.164,30.8227,100.000,58052.7
654.300,655.364,30.8203,100.000,58053.3
654.300,655.564,30.8240,100.000,58052.3
654.800,655.764,30.8192,100.000,58053.7
654.800,655.965,30.8257,100.000,58051.9
655.300,656.165,30.8240,100.000,58052.3
655.300,656.365,30.8102,100.000,58056.2
655.300,656.565,30.8050,100.000,58057.7
655.800,656.765,30.8196,100.000,58053.6
655.800,656.966,30.8237,100.000,58052.4
656.300,657.165,30.8261,100.000,58051.7
656.300,657.366,30.8222,100.000,58052.8
656.300,657.566,30.8286,100.000,58051.0
656.800,657.766,30.8203,100.000,58053.4
656.800,657.967,30.8045,100.000,58057.8
657.300,658.167,30.8336,100.000,58049.5
657.300,658.367,30.8244,100.000,58052.2
657.300,658.568,30.8366,100.000,58048.7
657.800,658.767,30.8257,100.000,58051.9
657.800,658.968,30.8284,100.000,58051.1
658.300,659.168,30.8247,100.000,58052.1
658.300,659.368,30.8250,100.000,58052.0
658.300,659.568,30.8320,100.000,58050.1
658.800,659.768,30.8107,100.000,58056.1
658.800,659.969,30.8086,100.000,58056.7
659.300,660.169,30.8170,100.000,58054.3
659.300,660.369,30.8145,100.000,58055.0
659.300,660.569,30.7991,100.000,58059.4
659.800,660.769,30.8096,100.000,58056.4
659.800,660.970,30.8188,100.000,58053.8
660.300,661.169,30.8231,100.000,58052.6
660.300,661.370,30.8272,100.000,58051.4
660.300,661.571,30.8257,100.000,58051.9
660.800,661.770,30.8327,100.000,58049.8
660.800,661.971,30.8320,100.000,58050.0
661.300,662.170,30.8281,100.000,58051.1
661.300,662.371,30.8433,100.000,58046.8
661.300,662.571,30.8441,100.000,58046.6
661.800,662.771,30.8272,100.000,58051.4
661.800,662.972,30.8389,100.000,58048.1
662.300,663.172,30.8081,100.000,58056.8
662.300,663.372,30.8257,100.000,58051.8
662.300,663.572,30.8398,100.000,58047.8
662.800,663.772,30.8465,100.000,58045.9
662.800,663.972,30.8501,100.000,58044.9
663.300,664.173,30.8579,100.000,58042.7
663.300,664.373,30.8354,100.000,58049.0
663.300,664.573,30.8602,100.000,58042.0
663.800,664.773,30.8675,100.000,58040.0
663.800,664.973,30.8677,100.000,58039.9
664.300,665.174,30.8604,100.000,58042.0
664.300,665.374,30.8457,100.000,58046.1
664.300,665.574,30.8693,100.000,58039.5
664.800,665.774,30.8406,100.000,58047.6
664.800,665.975,30.8476,100.000,58045.6
665.300,666.175,30.8812,100.000,58036.1
665.300,666.375,30.8807,100.000,58036.2
665.300,666.575,30.8809,100.000,58036.2
665.800,666.775,30.8566,100.000,58043.1
665.800,666.975,30.9038,100.000,58029.6
666.300,667.176,30.8898,100.000,58033.6
666.300,667.376,30.8934,100.000,58032.6
666.300,667.576,30.8782,100.000,58036.9
666.800,667.776,30.8940,100.000,58032.4
666.800,667.976,30.8755,100.000,58037.7
667.357,668.177,30.8662,100.000,58040.4
667.357,668.377,30.8869,100.000,58034.5
667.357,668.577,30.9080,100.000,58028.5
667.887,668.777,30.9269,100.000,58023.1
667.888,668.977,30.8898,100.000,58033.6
667.888,669.178,30.8970,100.000,58031.6
668.348,669.378,30.8919,100.000,58033.0
668.349,669.578,30.9385,100.000,58019.8
668.856,669.778,30.9370,100.000,58020.2
668.856,669.978,30.9435,100.000,58018.4
669.365,670.179,30.9368,100.000,58020.3
669.365,670.378,30.9526,100.000,58015.8
669.365,670.579,30.9526,100.000,58015.8
669.888,670.779,30.9585,100.000,58014.2
669.889,670.979,30.9648,100.000,58012.3
669.889,671.180,30.9648,100.000,58012.3
670.390,671.380,30.9324,100.000,58021.5
670.390,671.580,30.9451,100.000,58017.9
670.858,671.780,30.9373,100.000,58020.2
670.859,671.980,30.9463,100.000,58017.6
671.301,672.180,30.9414,100.000,58019.0
671.301,672.381,30.9531,100.000,58015.7
671.301,672.581,30.9671,100.000,58011.7
671.889,672.781,30.9720,100.000,58010.3
671.890,672.981,30.9809,100.000,58007.8
671.890,673.181,30.9844,100.000,58006.7
672.352,673.382,30.9858,100.000,58006.4
672.353,673.582,30.9863,100.000,58006.2
672.861,673.782,30.9744,100.000,58009.6
672.861,673.982,30.9915,100.000,58004.7
673.316,674.182,30.9853,100.000,58006.5
673.317,674.383,30.9902,100.000,58005.1
673.317,674.583,31.0085,100.000,57999.9
673.891,674.783,30.9938,100.000,58004.1
673.891,674.983,31.0085,100.000,57999.9
673.891,675.183,31.0200,100.000,57996.6
674.346,675.384,31.0151,100.000,57998.0
674.346,675.584,31.0228,100.000,57995.9
674.862,675.784,31.0283,100.000,57994.2
674.862,675.983,31.0338,100.000,57992.7
675.361,676.183,31.0249,100.000,57995.2
675.361,676.384,31.0138,100.000,57998.4
675.361,676.584,31.0220,100.000,57996.1
675.892,676.785,31.0132,100.000,57998.6
675.892,676.985,31.0083,100.000,58000.0
675.892,677.185,31.0384,100.000,57991.4
676.394,677.386,31.0353,100.000,57992.2
676.395,677.586,31.0560,100.000,57986.4
676.865,677.786,31.0595,100.000,57985.4
676.865,677.986,31.0630,100.000,57984.4
677.304,678.186,31.0698,100.000,57982.5
677.304,678.387,31.0527,100.000,57987.3
677.304,678.586,31.0638,100.000,57984.2
677.893,678.787,31.0804,100.000,57979.4
677.893,678.987,31.0825,100.000,57978.8
677.893,679.187,31.0841,100.000,57978.3
678.348,679.388,31.0600,100.000,57985.2
678.348,679.588,31.0788,100.000,57979.9
678.867,679.788,31.0690,100.000,57982.7
678.867,679.988,31.0620,100.000,57984.7
679.385,680.188,31.0659,100.000,57983.6
679.385,680.388,31.0783,100.000,57980.0
679.385,680.589,31.0677,100.000,57983.1
679.894,680.789,31.1128,100.000,57970.2
679.894,680.989,31.1312,100.000,57964.9
680.357,681.189,31.1318,100.000,57964.7
680.358,681.389,31.0967,100.000,57974.8
680.358,681.589,31.1046,100.000,57972.5
680.848,681.789,31.1017,100.000,57973.3
680.848,681.990,31.1308,100.000,57965.1
681.344,682.190,31.1212,100.000,57967.7
681.344,682.390,31.0975,100.000,57974.6
681.344,682.591,31.1110,100.000,57970.7
681.895,682.791,31.1138,100.000,57969.9
681.895,682.991,31.1030,100.000,57973.0
682.358,683.191,31.1541,100.000,57958.4
682.358,683.391,31.1507,100.000,57959.4
682.358,683.592,31.1476,100.000,57960.2
682.898,683.792,31.1429,100.000,57961.5
682.898,683.992,31.1510,100.000,57959.2
682.898,684.192,31.1562,100.000,57957.7
683.365,684.392,31.1523,100.000,57958.9
683.365,684.593,31.1548,100.000,57958.2
683.828,684.793,31.1605,100.000,57956.6
683.829,684.993,31.1543,100.000,57958.3
684.360,685.193,31.1528,100.000,57958.7
684.360,685.393,31.1393,100.000,57962.6
684.360,685.594,31.1531,100.000,57958.6
684.873,685.794,31.1784,100.000,57951.4
684.873,685.994,31.1530,100.000,57958.7
685.318,686.194,31.1624,100.000,57956.0
685.319,686.394,31.1533,100.000,57958.6
685.319,686.595,31.1676,100.000,57954.5
685.897,686.794,31.1608,100.000,57956.4
685.897,686.995,31.1663,100.000,57954.9
686.351,687.195,31.1681,100.000,57954.4
686.351,687.395,31.1671,100.000,57954.6
686.351,687.596,31.1948,100.000,57946.7
686.875,687.795,31.1865,100.000,57949.1
686.875,687.996,31.1867,100.000,57949.1
687.322,688.196,31.1743,100.000,57952.6
687.322,688.396,31.1857,100.000,57949.3
687.322,688.597,31.1818,100.000,57950.4
687.897,688.797,31.1964,100.000,57946.2
687.898,688.997,31.2055,100.000,57943.7
688.362,689.197,31.1842,100.000,57949.7
688.362,689.397,31.2114,100.000,57941.9
688.362,689.597,31.2015,100.000,57944.8
688.877,689.798,31.2103,100.000,57942.3
688.877,689.998,31.2197,100.000,57939.6
689.399,690.198,31.2080,100.000,57942.9
689.399,690.398,31.2126,100.000,57941.6
689.399,690.598,31.2233,100.000,57938.6
689.815,690.799,31.2158,100.000,57940.7
689.816,690.999,31.2222,100.000,57938.9
690.398,691.199,31.2223,100.000,57938.8
690.399,691.399,31.2319,100.000,57936.1
690.399,691.599,31.2352,100.000,57935.2
690.898,691.800,31.2381,100.000,57934.4
690.899,691.999,31.2410,100.000,57933.5
691.399,692.200,31.2405,100.000,57933.6
691.399,692.399,31.2534,100.000,57929.9
691.399,692.599,31.2682,100.000,57925.7
691.823,692.800,31.2612,100.000,57927.7
691.823,693.000,31.2708,100.000,57925.0
692.399,693.200,31.2772,100.000,57923.1
692.399,693.400,31.2739,100.000,57924.0
692.399,693.600,31.2866,100.000,57920.4
692.899,693.802,31.2855,100.000,57920.8
692.899,694.001,31.2960,100.000,57917.7
693.398,694.201,31.3091,100.000,57913.9
693.399,694.401,31.3035,100.000,57915.6
693.399,694.602,31.3107,100.000,57913.5
693.822,694.803,31.3148,100.000,57912.4
693.823,695.003,31.3296,100.000,57908.1
694.398,695.203,31.3123,100.000,57913.1
694.399,695.403,31.3364,100.000,57906.1
694.399,695.603,31.3364,100.000,57906.1
694.898,695.804,31.3411,100.000,57904.8
694.899,696.003,31.3475,100.000,57903.0
695.398,696.204,31.3457,100.000,57903.4
695.399,696.404,31.3711,100.000,57896.2
695.399,696.604,31.3716,100.000,57896.0
695.883,696.805,31.3693,100.000,57896.7
695.883,697.005,31.3859,100.000,57891.9
696.368,697.205,31.3807,100.000,57893.4
696.368,697.405,31.3893,100.000,57890.9
696.368,697.605,31.3962,100.000,57889.0
696.884,697.805,31.4090,100.000,57885.2
696.884,698.006,31.4084,100.000,57885.4
697.348,698.206,31.4142,100.000,57883.7
697.348,698.406,31.4318,100.000,57878.7
697.348,698.606,31.4518,100.000,57873.0
697.898,698.806,31.4497,100.000,57873.5
697.899,699.007,31.4642,100.000,57869.4
698.399,699.207,31.4663,100.000,57868.7
698.399,699.407,31.4720,100.000,57867.1
698.399,699.607,31.4845,100.000,57863.5
698.806,699.807,31.4868,100.000,57862.8
698.806,700.008,31.5078,100.000,57856.8
699.398,700.208,31.5106,100.000,57856.0
699.399,700.408,31.5184,100.000,57853.8
699.399,700.608,31.5258,100.000,57851.6
699.800,700.808,31.5410,100.000,57847.2
699.800,701.009,31.5498,100.000,57844.7
700.300,701.209,31.5560,100.000,57842.9
700.300,701.409,31.5545,100.000,57843.3
700.821,701.609,31.5617,100.000,57841.2
700.821,701.809,31.5729,100.000,57838.0
700.821,702.010,31.5797,100.000,57836.0
701.300,702.218,31.6125,0.000,57826.6
701.300,702.410,31.5923,0.000,57832.4
701.800,702.610,31.6136,0.000,57826.2
701.800,702.810,31.6035,0.000,57829.1
701.800,703.011,31.6260,0.000,57822.6
702.299,703.211,31.6360,0.000,57819.7
702.299,703.411,31.6304,0.000,57821.4
702.800,703.611,31.6473,0.000,57816.5
702.800,703.811,31.6577,0.000,57813.5
702.800,704.012,31.6608,0.000,57812.6
703.300,704.211,31.6842,0.000,57805.7
703.300,704.412,31.6907,0.000,57803.9
703.800,704.612,31.6971,0.000,57802.1
703.800,704.812,31.6979,0.000,57801.8
703.800,705.013,31.7106,0.000,57798.1
704.300,705.213,31.7339,0.000,57791.4
704.300,705.413,31.7521,0.000,57786.1
704.800,705.613,31.7339,0.000,57791.4
704.800,705.813,31.7458,0.000,57787.9
704.800,706.013,31.7834,0.000,57777.0
705.299,706.214,31.7705,0.000,57780.7
705.299,706.414,31.7793,0.000,57778.2
705.800,706.614,31.7972,0.000,57773.0
705.800,706.814,31.7965,0.000,57773.2
705.800,707.014,31.8009,0.000,57771.9
706.300,707.215,31.8232,0.000,57765.5
706.300,707.415,31.8218,0.000,57765.8
706.800,707.615,31.8587,0.000,57755.1
706.800,707.815,31.8734,0.000,57750.9
706.800,708.015,31.8833,0.000,57747.9
707.300,708.216,31.9008,0.000,57742.8
707.300,708.416,31.8986,0.000,57743.5
707.800,708.616,31.8878,0.000,57746.6
707.800,708.816,31.8963,0.000,57744.2
707.800,709.016,31.9191,0.000,57737.5
708.300,709.217,31.9321,0.000,57733.7
708.300,709.417,31.9434,0.000,57730.4
708.800,709.617,31.9443,0.000,57730.1
708.800,709.817,31.9647,0.000,57724.2
708.800,710.017,31.9611,0.000,57725.2
709.299,710.218,31.9804,0.000,57719.6
709.299,710.417,31.9905,0.000,57716.7
709.799,710.617,31.9974,0.000,57714.7
709.799,710.817,32.0062,0.000,57712.1
709.800,711.018,32.0127,0.000,57710.2
710.300,711.219,32.0439,0.000,57701.1
710.300,711.419,32.0462,0.000,57700.4
710.799,711.619,32.0548,0.000,57697.8
710.800,711.819,32.0742,0.000,57692.2
710.800,712.018,32.0791,0.000,57690.7
711.299,712.219,32.0809,0.000,57690.2
711.299,712.418,32.0955,0.000,57686.0
711.800,712.620,32.1125,0.000,57681.0
711.800,712.821,32.1162,0.000,57679.9
711.800,713.019,32.1201,0.000,57678.8
712.300,713.220,32.1343,0.000,57674.6
712.300,713.420,32.1400,0.000,57672.9
712.800,713.621,32.1509,0.000,57669.7
712.800,713.821,32.1601,0.000,57667.0
712.800,714.021,32.1696,0.000,57664.2
713.300,714.222,32.1776,0.000,57661.9
713.300,714.422,32.1914,0.000,57657.8
713.800,714.622,32.1880,0.000,57658.8
713.800,714.822,32.2124,0.000,57651.7
713.800,715.022,32.2344,0.000,57645.2
714.300,715.222,32.2129,0.000,57651.6
714.300,715.423,32.2290,0.000,57646.7
714.800,715.623,32.2355,0.000,57644.9
714.800,715.823,32.2443,0.000,57642.3
714.800,716.023,32.2656,0.000,57636.0
715.300,716.223,32.2536,0.000,57639.6
715.300,716.424,32.2832,0.000,57630.9
715.800,716.624,32.2892,0.000,57629.1
715.800,716.824,32.3338,0.000,57615.9
715.800,717.024,32.3442,0.000,57612.9
716.300,717.224,32.3566,0.000,57609.2
716.300,717.425,32.3525,0.000,57610.5
716.800,717.625,32.3686,0.000,57605.7
716.800,717.825,32.3753,0.000,57603.7
716.800,718.025,32.3766,0.000,57603.3
717.300,718.225,32.3880,0.000,57600.0
717.300,718.426,32.3854,0.000,57600.8
717.800,718.626,32.4001,0.000,57596.4
717.800,718.826,32.4144,0.000,57592.2
717.800,719.026,32.4243,0.000,57589.2
718.300,719.226,32.4380,0.000,57585.2
718.300,719.427,32.4401,0.000,57584.6
718.800,719.627,32.4427,0.000,57583.8
718.800,719.827,32.4450,0.000,57583.1
718.800,720.027,32.4681,0.000,57576.3
719.300,720.227,32.4702,0.000,57575.7
719.300,720.428,32.4759,0.000,57574.0
719.800,720.628,32.4785,0.000,57573.2
719.800,720.828,32.4733,0.000,57574.8
719.800,721.028,32.4995,0.000,57567.0
720.300,721.228,32.5031,0.000,57565.9
720.300,721.429,32.5024,0.000,57566.1
720.800,721.627,32.5252,0.000,57559.4
720.800,721.828,32.5161,0.000,57562.1
720.800,722.028,32.5312,0.000,57557.6
721.300,722.229,32.5415,0.000,57554.6
721.300,722.430,32.5457,0.000,57553.3
721.800,722.630,32.5508,0.000,57551.8
721.800,722.830,32.5592,0.000,57549.3
721.800,723.030,32.5532,0.000,57551.1
722.300,723.230,32.5609,0.000,57548.8
722.300,723.430,32.5698,0.000,57546.2
722.800,723.631,32.5859,0.000,57541.4
722.800,723.831,32.5856,0.000,57541.5
722.800,724.031,32.5841,0.000,57541.9
723.300,724.231,32.6074,0.000,57535.1
723.300,724.431,32.6010,0.000,57536.9
723.800,724.632,32.6240,0.000,57530.2
723.800,724.832,32.6190,0.000,57531.6
723.800,725.032,32.6270,0.000,57529.2
724.300,725.232,32.6354,0.000,57526.7
724.300,725.432,32.6253,0.000,57529.7
724.799,725.633,32.6265,0.000,57529.4
724.799,725.833,32.6462,0.000,57523.5
724.799,726.033,32.6590,0.000,57519.7
725.300,726.233,32.6480,0.000,57523.0
725.300,726.433,32.6582,0.000,57519.9
725.800,726.634,32.6762,0.000,57514.6
725.800,726.834,32.6694,0.000,57516.6
725.800,727.034,32.6836,0.000,57512.4
726.299,727.234,32.6836,0.000,57512.4
726.300,727.434,32.6912,0.000,57510.1
726.800,727.635,32.7004,0.000,57507.4
726.800,727.835,32.7039,0.000,57506.4
726.800,728.034,32.7108,0.000,57504.3
727.300,728.235,32.7085,0.000,57505.0
727.300,728.435,32.7108,0.000,57504.3
727.800,728.636,32.7292,0.000,57498.9
727.800,728.836,32.7306,0.000,57498.4
727.800,729.035,32.7402,0.000,57495.6
728.300,729.236,32.7399,0.000,57495.6
728.300,729.436,32.7526,0.000,57491.9
728.799,729.637,32.7559,0.000,57490.9
728.800,729.836,32.7602,0.000,57489.6
728.800,730.036,32.7607,0.000,57489.4
729.300,730.237,32.7739,0.000,57485.5
729.300,730.437,32.7726,0.000,57485.9
729.800,730.637,32.7956,0.000,57479.1
729.800,730.837,32.7871,0.000,57481.6
729.800,731.037,32.7944,0.000,57479.5
730.300,731.238,32.8056,0.000,57476.1
730.300,731.438,32.8003,0.000,57477.6
730.799,731.638,32.8224,0.000,57471.1
730.799,731.839,32.8372,0.000,57466.7
730.799,732.039,32.8345,0.000,57467.4
731.300,732.239,32.8359,0.000,57467.1
731.300,732.439,32.8400,0.000,57465.8
731.800,732.639,32.8434,0.000,57464.8
731.800,732.840,32.8515,0.000,57462.4
731.800,733.040,32.8662,0.000,57458.0
732.300,733.240,32.8815,0.000,57453.4
732.300,733.440,32.8742,0.000,57455.6
732.803,733.640,32.8823,0.000,57453.2
732.803,733.841,32.8924,0.000,57450.2
732.803,734.041,32.8901,0.000,57450.8
733.300,734.241,32.8966,0.000,57448.9
733.300,734.441,32.8978,0.000,57448.6
733.802,734.641,32.9123,0.000,57444.2
733.803,734.842,32.9178,0.000,57442.6
733.803,735.042,32.9185,0.000,57442.4
734.300,735.242,32.9266,0.000,57440.0
734.300,735.442,32.9312,0.000,57438.6
734.800,735.642,32.9421,0.000,57435.3
734.800,735.842,32.9523,0.000,57432.2
734.800,736.042,32.9489,0.000,57433.3
735.300,736.243,32.9531,0.000,57432.0
735.300,736.443,32.9414,0.000,57435.5
735.800,736.643,32.9482,0.000,57433.4
735.800,736.844,32.9564,0.000,57431.0
735.800,737.044,32.9595,0.000,57430.1
736.299,737.244,32.9721,0.000,57426.3
736.299,737.444,32.9727,0.000,57426.1
736.800,737.644,32.9736,0.000,57425.8
736.800,737.845,32.9839,0.000,57422.8
736.800,738.044,32.9946,0.000,57419.5
737.300,738.245,32.9871,0.000,57421.8
737.300,738.445,32.9961,0.000,57419.1
737.800,738.645,33.0005,0.000,57417.8
737.800,738.846,32.9977,0.000,57418.6
737.800,739.045,33.0070,0.000,57415.8
738.300,739.246,33.0068,0.000,57415.9
738.301,739.446,33.0166,0.000,57413.0
738.799,739.646,33.0236,0.000,57410.9
738.800,739.847,33.0195,0.000,57412.1
738.800,740.047,33.0251,0.000,57410.4
739.300,740.247,33.0352,0.000,57407.4
739.300,740.447,33.0410,0.000,57405.6
739.800,740.647,33.0381,0.000,57406.5
739.800,740.847,33.0363,0.000,57407.1
739.800,741.048,33.0478,0.000,57403.6
740.300,741.248,33.0537,0.000,57401.8
740.300,741.448,33.0612,0.000,57399.6
740.800,741.648,33.0532,0.000,57402.0
740.800,741.848,33.0550,0.000,57401.5
740.800,742.049,33.0627,0.000,57399.1
741.300,742.249,33.0675,0.000,57397.7
741.300,742.449,33.0620,0.000,57399.4
741.800,742.649,33.0747,0.000,57395.5
741.800,742.849,33.0750,0.000,57395.5
741.800,743.050,33.0700,0.000,57397.0
742.300,743.250,33.0757,0.000,57395.2
742.300,743.450,33.0805,0.000,57393.8
742.800,743.650,33.0804,0.000,57393.8
742.800,743.850,33.0924,0.000,57390.2
742.800,744.051,33.0885,0.000,57391.4
743.300,744.251,33.0986,0.000,57388.3
743.300,744.451,33.0908,0.000,57390.7
743.800,744.651,33.1081,0.000,57385.5
743.800,744.851,33.1099,0.000,57385.0
743.800,745.052,33.1082,0.000,57385.5
744.300,745.252,33.1142,0.000,57383.7
744.300,745.452,33.1111,0.000,57384.6
744.799,745.652,33.1138,0.000,57383.8
744.799,745.852,33.1139,0.000,57383.7
744.799,746.053,33.1123,0.000,57384.2
745.300,746.253,33.1247,0.000,57380.5
745.300,746.453,33.1234,0.000,57380.9
745.800,746.653,33.1178,0.000,57382.6
745.800,746.853,33.1206,0.000,57381.8
745.800,747.054,33.1255,0.000,57380.3
746.300,747.253,33.1230,0.000,57381.0
746.300,747.454,33.1253,0.000,57380.4
746.800,747.654,33.1225,0.000,57381.2
746.800,747.854,33.1292,0.000,57379.2
746.800,748.055,33.1291,0.000,57379.2
747.300,748.255,33.1309,0.000,57378.6
747.300,748.454,33.1263,0.000,57380.1
747.799,748.656,33.1320,0.000,57378.3
747.799,748.855,33.1388,0.000,57376.3
747.799,749.055,33.1326,0.000,57378.1
748.300,749.255,33.1333,0.000,57377.9
748.300,749.456,33.1240,0.000,57380.7
748.800,749.656,33.1204,0.000,57381.8
748.800,749.856,33.1230,0.000,57381.0
748.800,750.056,33.1287,0.000,57379.3
749.300,750.257,33.1431,0.000,57375.0
749.300,750.457,33.1391,0.000,57376.2
749.800,750.657,33.1379,0.000,57376.6
749.800,750.857,33.1310,0.000,57378.6
749.800,751.057,33.1360,0.000,57377.1
750.300,751.258,33.1312,0.000,57378.6
750.300,751.458,33.1255,0.000,57380.3
750.800,751.658,33.1395,0.000,57376.1
750.800,751.858,33.1406,0.000,57375.7
750.800,752.058,33.1395,0.000,57376.1
751.300,752.259,33.1416,0.000,57375.4
751.300,752.459,33.1364,0.000,57377.0
751.800,752.659,33.1455,0.000,57374.3
751.800,752.859,33.1375,0.000,57376.7
751.800,753.059,33.1357,0.000,57377.2
752.300,753.260,33.1367,0.000,57376.9
752.300,753.460,33.1341,0.000,57377.7
752.800,753.660,33.1383,0.000,57376.4
752.800,753.860,33.1421,0.000,57375.3
752.800,754.060,33.1455,0.000,57374.2
753.300,754.261,33.1318,0.000,57378.4
753.300,754.461,33.1427,0.000,57375.1
753.800,754.661,33.1383,0.000,57376.4
753.800,754.861,33.1348,0.000,57377.5
753.800,755.061,33.1391,0.000,57376.2
754.299,755.262,33.1340,0.000,57377.7
754.300,755.461,33.1398,0.000,57376.0
754.800,755.662,33.1416,0.000,57375.4
754.800,755.862,33.1341,0.000,57377.7
754.800,756.062,33.1418,0.000,57375.4
755.300,756.263,33.1364,0.000,57377.0
755.300,756.462,33.1313,0.000,57378.5
755.800,756.663,33.1349,0.000,57377.5
755.800,756.863,33.1406,0.000,57375.8
755.800,757.063,33.1481,0.000,57373.5
756.300,757.263,33.1421,0.000,57375.3
756.300,757.464,33.1391,0.000,57376.2
756.800,757.664,33.1382,0.000,57376.5
756.800,757.864,33.1354,0.000,57377.3
756.800,758.064,33.1343,0.000,57377.7
757.300,758.264,33.1393,0.000,57376.1
757.300,758.465,33.1403,0.000,57375.8
757.800,758.665,33.1406,0.000,57375.8
757.800,758.865,33.1411,0.000,57375.6
757.800,759.065,33.1364,0.000,57377.0
758.300,759.265,33.1431,0.000,57375.0
758.300,759.466,33.1424,0.000,57375.2
758.800,759.666,33.1320,0.000,57378.3
758.800,759.866,33.1315,0.000,57378.5
758.800,760.066,33.1448,0.000,57374.5
759.300,760.266,33.1375,0.000,57376.7
759.300,760.467,33.1360,0.000,57377.1
759.800,760.667,33.1325,0.000,57378.2
759.800,760.867,33.1333,0.000,57378.0
759.800,761.067,33.1413,0.000,57375.5
760.300,761.267,33.1304,0.000,57378.8
760.300,761.468,33.1390,0.000,57376.2
760.799,761.668,33.1284,0.000,57379.4
760.799,761.868,33.1315,0.000,57378.5
760.799,762.068,33.1403,0.000,57375.8
761.300,762.268,33.1347,0.000,57377.5
761.300,762.469,33.1270,0.000,57379.8
761.800,762.669,33.1289,0.000,57379.2
761.800,762.869,33.1208,0.000,57381.7
761.800,763.069,33.1310,0.000,57378.6
762.300,763.268,33.1270,0.000,57379.8
762.300,763.469,33.1291,0.000,57379.2
762.800,763.670,33.1193,0.000,57382.2
762.800,763.870,33.1321,0.000,57378.3
762.800,764.070,33.1237,0.000,57380.8
763.300,764.270,33.1235,0.000,57380.8
763.300,764.471,33.1182,0.000,57382.4
763.800,764.670,33.1268,0.000,57379.9
763.800,764.871,33.1214,0.000,57381.5
763.800,765.071,33.1152,0.000,57383.4
764.300,765.271,33.1256,0.000,57380.2
764.300,765.472,33.1255,0.000,57380.3
764.800,765.672,33.1234,0.000,57380.9
764.800,765.872,33.1177,0.000,57382.7
764.800,766.072,33.1230,0.000,57381.1
765.300,766.272,33.1203,0.000,57381.9
765.300,766.472,33.1201,0.000,57381.9
765.800,766.673,33.1095,0.000,57385.1
765.800,766.873,33.1082,0.000,57385.5
765.800,767.073,33.1058,0.000,57386.2
766.299,767.273,33.1136,0.000,57383.9
766.300,767.473,33.1056,0.000,57386.2
766.799,767.674,33.1074,0.000,57385.7
766.799,767.874,33.1079,0.000,57385.5
766.799,768.074,33.1032,0.000,57387.0
767.300,768.274,33.1061,0.000,57386.1
767.300,768.474,33.1123,0.000,57384.3
767.800,768.675,33.1020,0.000,57387.3
767.800,768.875,33.1006,0.000,57387.8
767.800,769.075,33.1069,0.000,57385.9
768.300,769.275,33.1003,0.000,57387.9
768.300,769.475,33.0978,0.000,57388.6
768.800,769.676,33.0921,0.000,57390.3
768.800,769.876,33.0989,0.000,57388.3
768.800,770.076,33.1011,0.000,57387.6
769.300,770.276,33.1069,0.000,57385.9
769.300,770.476,33.0872,0.000,57391.8
769.799,770.676,33.0902,0.000,57390.9
769.800,770.876,33.0915,0.000,57390.5
769.800,771.077,33.0913,0.000,57390.5
770.300,771.277,33.0929,0.000,57390.1
770.300,771.477,33.0916,0.000,57390.5
770.800,771.678,33.0898,0.000,57391.0
770.800,771.878,33.0837,0.000,57392.8
770.800,772.078,33.0942,0.000,57389.7
771.300,772.278,33.0872,0.000,57391.8
771.300,772.478,33.0838,0.000,57392.8
771.799,772.679,33.0846,0.000,57392.6
771.799,772.878,33.0859,0.000,57392.2
771.799,773.079,33.0858,0.000,57392.2
772.299,773.279,33.0820,0.000,57393.4
772.300,773.478,33.0804,0.000,57393.8
772.800,773.679,33.0902,0.000,57390.9
772.800,773.879,33.0815,0.000,57393.5
772.800,774.079,33.0793,0.000,57394.2
773.299,774.279,33.0783,0.000,57394.5
773.299,774.479,33.0672,0.000,57397.8
773.800,774.680,33.0789,0.000,57394.3
773.800,774.881,33.0685,0.000,57397.4
773.800,775.081,33.0728,0.000,57396.1
774.300,775.281,33.0766,0.000,57395.0
774.300,775.481,33.0713,0.000,57396.6
774.800,775.681,33.0620,0.000,57399.4
774.800,775.882,33.0613,0.000,57399.6
774.800,776.082,33.0557,0.000,57401.2
775.300,776.282,33.0591,0.000,57400.2
775.300,776.482,33.0506,0.000,57402.8
775.800,776.682,33.0659,0.000,57398.2
775.800,776.883,33.0612,0.000,57399.6
775.800,777.083,33.0526,0.000,57402.2
776.300,777.283,33.0513,0.000,57402.6
776.300,777.483,33.0483,0.000,57403.5
776.800,777.683,33.0534,0.000,57401.9
776.800,777.884,33.0641,0.000,57398.7
776.800,778.084,33.0677,0.000,57397.6
777.300,778.284,33.0595,0.000,57400.1
777.300,778.484,33.0576,0.000,57400.7
777.800,778.684,33.0496,0.000,57403.1
777.800,778.885,33.0490,0.000,57403.3
777.800,779.085,33.0610,0.000,57399.7
778.300,779.285,33.0522,0.000,57402.3
778.300,779.485,33.0493,0.000,57403.2
778.800,779.685,33.0505,0.000,57402.8
778.800,779.886,33.0436,0.000,57404.9
778.800,780.086,33.0431,0.000,57405.0
779.299,780.286,33.0442,0.000,57404.7
779.300,780.486,33.0390,0.000,57406.2
779.800,780.686,33.0343,0.000,57407.7
779.800,780.887,33.0319,0.000,57408.4
779.800,781.086,33.0351,0.000,57407.4
780.300,781.287,33.0229,0.000,57411.1
780.300,781.487,33.0285,0.000,57409.4
780.800,781.687,33.0342,0.000,57407.8
780.800,781.888,33.0166,0.000,57413.0
780.800,782.088,33.0208,0.000,57411.7
781.300,782.288,33.0202,0.000,57411.9
781.300,782.488,33.0186,0.000,57412.4
781.799,782.688,33.0237,0.000,57410.8
781.799,782.888,33.0037,0.000,57416.9
781.799,783.089,33.0005,0.000,57417.8
782.300,783.289,32.9967,0.000,57418.9
782.300,783.489,33.0050,0.000,57416.4
782.800,783.689,33.0041,0.000,57416.7
782.800,783.889,32.9845,0.000,57422.6
782.800,784.090,32.9894,0.000,57421.1
783.300,784.290,32.9956,0.000,57419.3
783.300,784.490,32.9842,0.000,57422.7
783.800,784.690,32.9770,0.000,57424.8
783.800,784.890,32.9842,0.000,57422.7
783.800,785.091,32.9643,0.000,57428.7
784.300,785.291,32.9556,0.000,57431.2
784.300,785.491,32.9487,0.000,57433.3
784.800,785.691,32.9262,0.000,57440.1
784.800,785.891,32.9220,0.000,57441.3
784.800,786.092,32.9165,0.000,57443.0
785.300,786.292,32.9119,0.000,57444.4
785.300,786.492,32.9018,0.000,57447.4
785.800,786.692,32.8930,0.000,57450.0
785.800,786.892,32.8826,0.000,57453.1
785.800,787.093,32.8826,0.000,57453.1
786.300,787.293,32.8680,0.000,57457.5
786.300,787.493,32.8519,0.000,57462.2
786.800,787.693,32.8496,0.000,57462.9
786.800,787.893,32.8530,0.000,57461.9
786.800,788.094,32.8343,0.000,57467.5
787.300,788.294,32.8271,0.000,57469.6
787.300,788.493,32.8219,0.000,57471.2
787.799,788.693,32.8066,0.000,57475.7
787.799,788.894,32.7814,0.000,57483.3
788.300,789.094,32.7749,0.000,57485.2
788.300,789.295,32.7563,0.000,57490.7
788.300,789.495,32.7428,0.000,57494.8
788.800,789.695,32.7348,0.000,57497.2
788.800,789.895,32.7179,0.000,57502.2
789.300,790.095,32.7070,0.000,57505.5
789.300,790.295,32.7010,0.000,57507.2
789.300,790.496,32.6917,0.000,57510.0
789.800,790.695,32.6758,0.000,57514.8
789.800,790.895,32.6676,0.000,57517.1
790.300,791.096,32.6530,0.000,57521.5
790.300,791.296,32.6323,0.000,57527.7
790.300,791.497,32.6169,0.000,57532.2
790.800,791.697,32.6064,0.000,57535.3
790.800,791.897,32.5983,0.000,57537.7
791.300,792.097,32.5687,0.000,57546.5
791.300,792.298,32.5511,0.000,57551.8
791.300,792.498,32.5303,0.000,57557.9
791.800,792.698,32.5093,0.000,57564.1
791.800,792.898,32.5049,0.000,57565.4
792.300,793.098,32.4723,0.000,57575.1
792.300,793.299,32.4485,0.000,57582.1
792.300,793.499,32.4146,0.000,57592.1
792.800,793.699,32.3893,0.000,57599.6
792.800,793.899,32.3644,0.000,57606.9
793.300,794.099,32.3397,0.000,57614.2
793.300,794.300,32.3149,0.000,57621.5
793.300,794.500,32.2832,0.000,57630.8
793.800,794.700,32.2576,0.000,57638.4
793.800,794.900,32.2152,0.000,57650.9
794.300,795.100,32.1904,0.000,57658.1
794.300,795.301,32.1513,0.000,57669.6
794.300,795.501,32.1134,0.000,57680.7
794.800,795.701,32.0739,0.000,57692.3
794.800,795.901,32.0374,0.000,57703.0
795.300,796.101,31.9829,0.000,57718.8
795.300,796.302,31.9111,0.000,57739.8
795.300,796.501,31.8637,0.000,57753.6
795.800,796.702,31.8152,0.000,57767.7
795.800,796.902,31.7695,0.000,57781.0
796.300,797.102,31.7251,0.000,57793.9
796.300,797.303,31.6723,0.000,57809.2
796.300,797.503,31.6230,0.000,57823.5
796.800,797.703,31.5801,0.000,57835.9
796.800,797.903,31.5186,0.000,57853.7
797.300,798.102,31.4677,0.000,57868.4
797.300,798.303,31.4243,0.000,57880.9
797.300,798.504,31.3632,0.000,57898.4
797.800,798.704,31.2998,0.000,57916.6
797.800,798.904,31.2419,0.000,57933.2
798.300,799.103,31.1984,0.000,57945.7
798.300,799.305,31.1313,0.000,57964.9
798.300,799.505,31.0800,0.000,57979.5
798.800,799.705,31.0267,0.000,57994.8
798.800,799.905,30.9666,0.000,58011.8
799.300,800.105,30.9149,0.000,58026.5
799.300,800.305,30.8478,0.000,58045.6
799.300,800.506,30.8039,0.000,58058.0
799.800,800.706,30.7407,0.000,58075.9
799.800,800.906,30.6772,0.000,58093.8
800.300,801.105,30.6217,0.000,58109.5
800.300,801.305,30.5578,0.000,58127.5
800.300,801.506,30.5231,0.000,58137.2
800.800,801.706,30.4536,0.000,58156.8
800.800,801.906,30.4126,0.000,58168.2
801.300,802.107,30.3507,0.000,58185.6
801.300,802.306,30.3052,0.000,58198.3
801.300,802.507,30.2549,0.000,58212.4
801.800,802.707,30.2041,0.000,58226.5
801.800,802.908,30.1478,0.000,58242.2
802.300,803.108,30.0952,0.000,58256.8
802.300,803.307,30.0474,0.000,58270.1
802.300,803.508,30.0059,0.000,58281.6
802.800,803.708,29.9643,0.000,58293.2
802.800,803.910,29.9067,0.000,58309.1
803.300,804.109,29.8838,0.000,58315.4
803.300,804.309,29.8349,0.000,58328.9
803.300,804.510,29.7921,0.000,58340.7
803.800,804.709,29.7454,0.000,58353.6
803.800,804.910,29.6924,0.000,58368.2
804.300,805.109,29.6458,0.000,58381.0
804.300,805.309,29.6176,0.000,58388.7
804.300,805.510,29.5670,0.000,58402.6
804.800,805.710,29.5286,0.000,58413.1
804.800,805.911,29.4876,0.000,58424.3
805.299,806.110,29.4624,0.000,58431.2
805.299,806.311,29.4171,0.000,58443.6
805.299,806.512,29.3825,0.000,58453.0
805.799,806.711,29.3387,0.000,58465.0
805.799,806.912,29.3022,0.000,58474.8
806.300,807.112,29.2739,0.000,58482.6
806.300,807.312,29.2347,0.000,58493.2
806.300,807.513,29.1839,0.000,58507.0
806.800,807.713,29.1644,0.000,58512.3
806.800,807.913,29.1137,0.000,58526.0
807.300,808.113,29.0957,0.000,58530.8
807.300,808.313,29.0640,0.000,58539.4
807.300,808.513,29.0355,0.000,58547.2
807.800,808.714,29.0166,0.000,58552.2
807.800,808.914,29.0395,0.000,58546.1
808.300,809.114,28.9585,0.000,58567.9
808.300,809.314,28.9302,0.000,58575.5
808.300,809.514,28.8989,0.000,58584.0
808.800,809.715,28.8818,0.000,58588.6
808.800,809.915,28.8468,0.000,58598.0
809.300,810.115,28.8218,0.000,58604.7
809.300,810.315,28.7715,0.000,58618.2
809.300,810.515,28.7495,0.000,58624.1
809.799,810.716,28.7313,0.000,58629.0
809.800,810.916,28.7124,0.000,58634.0
810.300,811.116,28.6810,0.000,58642.4
810.300,811.316,28.6504,0.000,58650.6
810.300,811.516,28.6302,0.000,58656.0
810.800,811.717,28.6146,0.000,58660.2
810.800,811.917,28.5766,0.000,58670.3
811.300,812.117,28.5678,0.000,58672.6
811.300,812.317,28.5405,0.000,58679.9
811.300,812.517,28.5219,0.000,58684.9
811.800,812.718,28.5098,0.000,58688.1
811.800,812.918,28.4902,0.000,58693.3
812.300,813.118,28.4642,0.000,58700.2
812.300,813.318,28.4463,0.000,58704.9
812.300,813.518,28.4370,0.000,58707.5
812.799,813.719,28.4111,0.000,58714.3
812.799,813.919,28.3919,0.000,58719.4
813.300,814.119,28.3681,0.000,58725.7
813.300,814.319,28.3525,0.000,58729.9
813.300,814.519,28.3356,0.000,58734.3
813.800,814.720,28.3180,0.000,58739.0
813.800,814.919,28.2905,0.000,58746.3
814.300,815.120,28.2798,0.000,58749.1
814.300,815.320,28.2490,0.000,58757.2
814.300,815.520,28.2477,0.000,58757.6
814.800,815.721,28.2104,0.000,58767.5
814.800,815.919,28.1875,0.000,58773.5
815.300,816.121,28.1890,0.000,58773.1
815.300,816.320,28.1579,0.000,58781.3
815.300,816.520,28.1606,0.000,58780.6
815.800,816.722,28.1300,0.000,58788.6
815.800,816.922,28.1110,0.000,58793.6
816.300,817.122,28.0962,0.000,58797.5
816.300,817.322,28.0936,0.000,58798.2
816.300,817.522,28.0874,0.000,58799.8
816.800,817.722,28.0613,0.000,58806.7
816.800,817.923,28.0539,0.000,58808.7
817.300,818.123,28.0316,0.000,58814.5
817.300,818.323,28.0114,0.000,58819.8
817.300,818.523,28.0042,0.000,58821.7
817.799,818.723,28.0024,0.000,58822.2
817.799,818.924,27.9876,0.000,58826.1
818.300,819.124,27.9707,0.000,58830.5
818.300,819.324,27.9487,0.000,58836.2
818.300,819.524,27.9375,0.000,58839.2
818.800,819.724,27.9197,0.000,58843.9
818.800,819.925,27.9035,0.000,58848.1
819.300,820.125,27.8877,0.000,58852.3
819.300,820.325,27.8752,0.000,58855.5
819.300,820.526,27.8771,0.000,58855.0
819.800,820.725,27.8504,0.000,58862.0
819.800,820.926,27.8398,0.000,58864.7
820.300,821.126,27.8429,0.000,58863.9
820.300,821.326,27.8152,0.000,58871.2
820.300,821.526,27.8016,0.000,58874.7
820.800,821.726,27.7874,0.000,58878.5
820.800,821.927,27.7580,0.000,58886.1
821.300,822.127,27.7547,0.000,58887.0
821.300,822.327,27.7438,0.000,58889.8
821.300,822.526,27.7324,0.000,58892.8
821.800,822.727,27.7080,0.000,58899.1
821.800,822.928,27.6989,0.000,58901.5
822.300,823.128,27.6792,0.000,58906.6
822.300,823.329,27.6559,0.000,58912.6
822.300,823.528,27.6596,0.000,58911.7
822.800,823.727,27.6481,0.000,58914.7
822.800,823.929,27.6391,0.000,58917.1
823.300,824.128,27.6300,0.000,58919.4
823.300,824.329,27.6313,0.000,58919.1
823.300,824.528,27.6064,0.000,58925.5
823.800,824.728,27.5941,0.000,58928.8
823.800,824.930,27.5858,0.000,58930.9
824.300,825.129,27.5845,0.000,58931.2
824.300,825.331,27.5850,0.000,58931.1
824.300,825.530,27.5674,0.000,58935.7
824.800,825.730,27.5605,0.000,58937.4
824.800,825.930,27.5488,0.000,58940.5
825.299,826.131,27.5441,0.000,58941.7
825.300,826.331,27.5298,0.000,58945.4
825.300,826.531,27.5258,0.000,58946.4
825.800,826.731,27.5205,0.000,58947.8
825.800,826.931,27.4834,0.000,58957.4
826.300,827.132,27.4712,0.000,58960.5
826.300,827.332,27.4543,0.000,58964.9
826.300,827.532,27.4666,0.000,58961.8
826.800,827.732,27.4720,0.000,58960.4
826.800,827.932,27.4640,0.000,58962.4
827.300,828.133,27.4648,0.000,58962.2
827.300,828.333,27.4357,0.000,58969.7
827.300,828.533,27.4345,0.000,58970.1
827.800,828.733,27.4201,0.000,58973.8
827.800,828.933,27.4110,0.000,58976.1
828.300,829.134,27.4061,0.000,58977.4
828.300,829.334,27.3929,0.000,58980.8
828.300,829.534,27.3660,0.000,58987.7
828.800,829.734,27.3472,0.000,58992.6
828.800,829.934,27.3413,0.000,58994.1
829.300,830.135,27.3325,0.000,58996.3
829.300,830.335,27.3268,0.000,58997.8
829.300,830.535,27.3105,0.000,59002.0
829.800,830.735,27.3040,0.000,59003.7
829.800,830.935,27.3006,0.000,59004.6
830.300,831.136,27.3053,0.000,59003.3
830.300,831.336,27.2806,0.000,59009.7
830.300,831.536,27.2695,0.000,59012.5
830.800,831.736,27.2586,0.000,59015.3
830.800,831.936,27.2676,0.000,59013.0
831.300,832.137,27.2527,0.000,59016.9
831.300,832.336,27.2257,0.000,59023.8
831.300,832.537,27.2256,0.000,59023.8
831.800,832.737,27.2213,0.000,59024.9
831.800,832.937,27.2148,0.000,59026.6
832.300,833.138,27.2082,0.000,59028.3
832.300,833.338,27.1961,0.000,59031.4
832.300,833.538,27.1888,0.000,59033.3
832.800,833.738,27.1763,0.000,59036.5
832.800,833.938,27.1707,0.000,59037.9
833.300,834.138,27.1497,0.000,59043.3
833.300,834.339,27.1346,0.000,59047.2
833.300,834.539,27.1387,0.000,59046.1
833.800,834.739,27.1370,0.000,59046.5
833.800,834.939,27.1206,0.000,59050.8
834.300,835.139,27.1079,0.000,59054.0
834.300,835.340,27.1024,0.000,59055.4
834.300,835.540,27.1051,0.000,59054.7
834.800,835.740,27.0744,0.000,59062.6
834.800,835.940,27.0649,0.000,59065.0
835.300,836.140,27.0540,0.000,59067.7
835.300,836.341,27.0342,0.000,59072.8
835.300,836.541,27.0244,0.000,59075.4
835.800,836.741,27.0124,0.000,59078.4
835.800,836.941,27.0044,0.000,59080.4
836.299,837.141,26.9852,0.000,59085.4
836.300,837.342,26.9857,0.000,59085.2
836.300,837.542,26.9443,0.000,59095.7
836.800,837.741,26.9429,0.000,59096.1
836.800,837.941,26.9240,0.000,59100.9
837.300,838.141,26.9150,0.000,59103.2
837.300,838.342,26.9194,0.000,59102.1
837.300,838.543,26.8823,0.000,59111.5
837.800,838.743,26.8665,0.000,59115.5
837.800,838.943,26.8423,0.000,59121.7
838.300,839.143,26.8255,0.000,59126.0
838.300,839.344,26.8095,0.000,59130.0
838.300,839.544,26.7885,0.000,59135.4
838.799,839.744,26.7724,0.000,59139.4
838.800,839.944,26.7451,0.000,59146.3
839.299,840.144,26.7260,0.000,59151.2
839.299,840.345,26.7191,0.000,59153.0
839.299,840.544,26.6845,0.000,59161.7
839.799,840.745,26.6662,0.000,59166.3
839.799,840.945,26.6483,0.000,59170.8
840.300,841.145,26.6313,0.000,59175.1
840.300,841.346,26.6235,0.000,59177.1
840.300,841.545,26.5786,0.000,59188.4
840.800,841.746,26.5682,0.000,59191.0
840.800,841.946,26.5581,0.000,59193.6
841.300,842.146,26.5293,0.000,59200.8
841.300,842.347,26.5076,0.000,59206.3
841.300,842.547,26.4883,0.000,59211.1
841.800,842.747,26.4733,0.000,59214.9
841.800,842.947,26.4507,0.000,59220.6
842.300,843.147,26.4218,0.000,59227.8
842.300,843.347,26.4008,0.000,59233.1
842.300,843.547,26.3750,0.000,59239.6
842.800,843.747,26.3698,0.000,59240.9
842.800,843.947,26.3429,0.000,59247.6
843.299,844.147,26.3203,0.000,59253.3
843.299,844.348,26.2936,0.000,59259.9
843.299,844.549,26.2603,0.000,59268.2
843.800,844.749,26.2640,0.000,59267.3
843.800,844.949,26.2354,0.000,59274.5
844.299,845.149,26.1994,0.000,59283.5
844.299,845.349,26.1884,0.000,59286.2
844.299,845.550,26.1844,0.000,59287.2
844.799,845.750,26.1492,0.000,59296.0
844.800,845.950,26.1436,0.000,59297.4
845.301,846.150,26.1199,0.000,59303.2
845.302,846.350,26.1058,0.000,59306.8
845.302,846.551,26.0771,0.000,59313.8
845.800,846.751,26.0483,0.000,59321.0
845.800,846.951,26.0332,0.000,59324.8
846.300,847.151,26.0298,0.000,59325.6
846.300,847.351,26.0332,0.000,59324.8
846.300,847.552,26.0005,0.000,59332.9
846.800,847.752,25.9658,0.000,59341.5
846.800,847.952,25.9593,0.000,59343.1
847.299,848.152,25.9492,0.000,59345.6
847.300,848.352,25.9282,0.000,59350.8
847.300,848.553,25.9186,0.000,59353.1
847.799,848.753,25.8953,0.000,59358.9
847.799,848.953,25.8786,0.000,59363.1
848.300,849.153,25.8621,0.000,59367.1
848.300,849.353,25.8564,0.000,59368.6
848.300,849.554,25.8323,0.000,59374.5
848.800,849.753,25.8242,0.000,59376.4
848.800,849.954,25.8017,0.000,59382.1
849.300,850.154,25.7917,0.000,59384.5
849.300,850.354,25.7737,0.000,59388.9
849.300,850.555,25.7603,0.000,59392.2
849.800,850.755,25.7500,0.000,59394.7
849.800,850.955,25.7246,0.000,59401.0
850.299,851.155,25.7117,0.000,59404.1
850.299,851.355,25.7194,0.000,59402.3
850.299,851.555,25.6990,0.000,59407.3
850.799,851.756,25.7138,0.000,59403.7
850.799,851.956,25.6645,0.000,59415.8
851.300,852.156,25.6598,0.000,59416.9
851.300,852.356,25.6670,0.000,59415.1
851.300,852.555,25.6507,0.000,59419.1
851.800,852.756,25.6382,0.000,59422.2
851.800,852.957,25.6216,0.000,59426.3
852.300,853.157,25.6040,0.000,59430.6
852.300,853.357,25.6016,0.000,59431.2
852.300,853.557,25.5903,0.000,59434.0
852.800,853.758,25.5654,0.000,59440.1
852.800,853.958,25.5649,0.000,59440.1
853.300,854.158,25.5569,0.000,59442.1
853.300,854.358,25.5508,0.000,59443.7
853.300,854.558,25.5532,0.000,59443.0
853.799,854.759,25.5306,0.000,59448.6
853.800,854.959,25.5202,0.000,59451.1
854.300,855.159,25.5314,0.000,59448.4
854.300,855.359,25.5034,0.000,59455.2
854.300,855.559,25.4987,0.000,59456.3
854.799,855.760,25.4884,0.000,59458.9
854.799,855.960,25.4793,0.000,59461.1
855.299,856.160,25.4697,0.000,59463.5
855.299,856.360,25.4721,0.000,59462.8
855.299,856.560,25.4656,0.000,59464.4
855.799,856.761,25.4466,0.000,59469.1
855.800,856.961,25.4458,0.000,59469.3
856.299,857.161,25.4295,0.000,59473.2
856.299,857.361,25.4085,0.000,59478.4
856.299,857.561,25.4192,0.000,59475.7
856.800,857.762,25.4170,0.000,59476.3
856.800,857.961,25.4049,0.000,59479.2
857.300,858.162,25.3864,0.000,59483.8
857.300,858.362,25.3735,0.000,59486.9
857.300,858.562,25.3745,0.000,59486.7
857.799,858.763,25.3660,0.000,59488.7
857.800,858.963,25.3491,0.000,59492.8
858.299,859.163,25.3506,0.000,59492.5
858.299,859.363,25.3457,0.000,59493.7
858.299,859.563,25.3442,0.000,59494.0
858.800,859.763,25.3408,0.000,59494.8
858.800,859.964,25.3159,0.000,59500.9
859.299,860.164,25.3281,0.000,59497.9
859.299,860.364,25.3032,0.000,59504.0
859.299,860.564,25.3107,0.000,59502.2
859.799,860.764,25.3087,0.000,59502.6
859.799,860.965,25.3006,0.000,59504.6
860.299,861.165,25.2802,0.000,59509.6
860.299,861.365,25.2668,0.000,59512.8
860.299,861.565,25.2775,0.000,59510.2
860.800,861.765,25.2676,0.000,59512.6
860.800,861.966,25.2617,0.000,59514.0
861.300,862.166,25.2563,0.000,59515.4
861.300,862.366,25.2497,0.000,59516.9
861.300,862.566,25.2355,0.000,59520.4
861.800,862.766,25.2358,0.000,59520.4
861.800,862.967,25.2388,0.000,59519.6
862.299,863.167,25.2329,0.000,59521.0
862.299,863.367,25.2187,0.000,59524.5
862.299,863.567,25.2199,0.000,59524.2
862.800,863.767,25.2147,0.000,59525.4
862.800,863.968,25.2046,0.000,59527.9
863.299,864.168,25.1906,0.000,59531.2
863.299,864.368,25.1819,0.000,59533.4
863.300,864.568,25.1753,0.000,59534.9
863.800,864.768,25.1697,0.000,59536.3
863.800,864.969,25.1564,0.000,59539.5
864.300,865.169,25.1719,0.000,59535.8
864.300,865.369,25.1487,0.000,59541.4
864.300,865.569,25.1543,0.000,59540.1
864.800,865.769,25.1440,0.000,59542.5
864.800,865.970,25.1411,0.000,59543.2
865.300,866.169,25.1497,0.000,59541.1
865.300,866.370,25.1266,0.000,59546.7
865.300,866.570,25.1247,0.000,59547.2
865.800,866.770,25.1313,0.000,59545.6
865.800,866.971,25.1187,0.000,59548.6
866.300,867.170,25.1081,0.000,59551.2
866.300,867.371,25.1087,0.000,59551.1
866.300,867.571,25.1123,0.000,59550.2
866.799,867.771,25.0889,0.000,59555.8
866.799,867.972,25.0835,0.000,59557.1
867.300,868.172,25.0838,0.000,59557.1
867.300,868.372,25.0869,0.000,59556.4
867.300,868.572,25.0845,0.000,59556.9
867.800,868.772,25.0710,0.000,59560.2
867.800,868.972,25.0633,0.000,59562.0
868.300,869.173,25.0591,0.000,59563.0
868.300,869.373,25.0540,0.000,59564.3
868.300,869.573,25.0612,0.000,59562.5
868.800,869.773,25.0451,0.000,59566.4
868.800,869.973,25.0410,0.000,59567.4
869.300,870.174,25.0483,0.000,59565.6
869.300,870.374,25.0337,0.000,59569.1
869.300,870.574,25.0203,0.000,59572.4
869.800,870.774,25.0288,0.000,59570.4
869.800,870.974,25.0224,0.000,59571.9
870.299,871.175,25.0114,0.000,59574.5
870.299,871.375,25.0249,0.000,59571.3
870.299,871.575,25.0021,0.000,59576.8
870.800,871.775,24.9928,0.000,59579.0
870.800,871.975,24.9937,0.000,59578.8
871.300,872.176,24.9925,0.000,59579.1
871.300,872.376,24.9803,0.000,59582.0
871.300,872.576,24.9987,0.000,59577.6
871.800,872.776,24.9943,0.000,59578.6
871.800,872.976,24.9800,0.000,59582.1
872.299,873.177,24.9656,0.000,59585.5
872.299,873.377,24.9829,0.000,59581.4
872.299,873.577,24.9609,0.000,59586.6
872.800,873.777,24.9590,0.000,59587.1
872.800,873.977,24.9570,0.000,59587.6
873.300,874.178,24.9521,0.000,59588.7
873.300,874.378,24.9658,0.000,59585.5
873.300,874.578,24.9495,0.000,59589.4
873.800,874.778,24.9347,0.000,59593.0
873.800,874.978,24.9367,0.000,59592.5
874.300,875.179,24.9438,0.000,59590.8
874.300,875.378,24.9331,0.000,59593.4
874.300,875.579,24.9229,0.000,59595.8
874.800,875.779,24.9126,0.000,59598.3
874.800,875.979,24.9196,0.000,59596.6
875.300,876.180,24.9097,0.000,59599.0
875.300,876.379,24.9082,0.000,59599.3
875.300,876.581,24.9103,0.000,59598.8
875.800,876.780,24.9139,0.000,59598.0
875.800,876.979,24.9111,0.000,59598.6
876.300,877.180,24.9041,0.000,59600.3
876.300,877.381,24.9058,0.000,59599.9
876.300,877.581,24.8971,0.000,59602.0
876.800,877.781,24.8711,0.000,59608.2
876.800,877.981,24.8786,0.000,59606.4
877.300,878.181,24.8848,0.000,59604.9
877.300,878.382,24.8765,0.000,59606.9
877.300,878.582,24.8605,0.000,59610.8
877.897,878.782,24.8652,0.000,59609.6
877.897,878.982,24.8714,0.000,59608.1
877.897,879.182,24.8584,0.000,59611.2
878.396,879.383,24.8639,0.000,59609.9
878.397,879.583,24.8616,0.000,59610.5
878.897,879.783,24.8449,0.000,59614.5
878.897,879.983,24.8383,0.000,59616.1
878.897,880.183,24.8304,0.000,59618.0
879.355,880.384,24.8395,0.000,59615.8
879.355,880.584,24.8330,0.000,59617.4
879.897,880.784,24.8208,0.000,59620.3
879.897,880.984,24.8275,0.000,59618.7
879.897,881.184,24.8201,0.000,59620.5
880.397,881.385,24.8125,0.000,59622.2
880.397,881.585,24.8138,0.000,59621.9
880.897,881.785,24.8097,0.000,59622.9
880.897,881.985,24.8125,0.000,59622.3
880.897,882.185,24.8112,0.000,59622.6
881.300,882.386,24.7903,0.000,59627.6
881.300,882.586,24.7850,0.000,59628.8
881.897,882.786,24.7892,0.000,59627.8
881.897,882.986,24.7788,0.000,59630.3
881.897,883.186,24.7796,0.000,59630.1
882.397,883.387,24.7845,0.000,59629.0
882.397,883.586,24.7710,0.000,59632.2
882.897,883.787,24.7689,0.000,59632.7
882.897,883.987,24.7646,0.000,59633.7
882.897,884.187,24.7615,0.000,59634.4
883.397,884.388,24.7565,0.000,59635.6
883.397,884.588,24.7508,0.000,59637.0
883.880,884.788,24.7422,0.000,59639.1
883.880,884.988,24.7221,0.000,59643.9
884.398,885.188,24.7399,0.000,59639.6
884.398,885.388,24.7485,0.000,59637.6
884.398,885.589,24.7505,0.000,59637.1
884.897,885.789,24.7260,0.000,59642.9
884.898,885.989,24.7221,0.000,59643.9
884.898,886.189,24.7288,0.000,59642.3
885.319,886.389,24.7046,0.000,59648.0
885.319,886.590,24.7026,0.000,59648.5
885.898,886.790,24.7124,0.000,59646.2
885.899,886.990,24.7109,0.000,59646.6
885.899,887.190,24.6974,0.000,59649.8
886.397,887.390,24.6976,0.000,59649.7
886.398,887.591,24.6893,0.000,59651.7
886.897,887.791,24.6797,0.000,59654.0
886.898,887.991,24.6870,0.000,59652.2
886.898,888.191,24.6845,0.000,59652.8
887.321,888.391,24.6598,0.000,59658.7
887.321,888.592,24.6751,0.000,59655.1
887.897,888.792,24.6782,0.000,59654.4
887.898,888.992,24.6667,0.000,59657.1
887.898,889.191,24.6502,0.000,59661.0
888.398,889.392,24.6460,0.000,59662.0
888.398,889.593,24.6502,0.000,59661.0
888.897,889.793,24.6554,0.000,59659.8
888.897,889.992,24.6374,0.000,59664.1
889.397,890.193,24.6343,0.000,59664.8
889.397,890.393,24.6401,0.000,59663.4
889.397,890.595,24.6317,0.000,59665.4
889.855,890.794,24.6299,0.000,59665.9
889.855,890.993,24.6187,0.000,59668.5
890.398,891.194,24.6175,0.000,59668.8
890.398,891.393,24.6276,0.000,59666.4
890.399,891.596,24.6167,0.000,59669.0
890.897,891.795,24.6144,0.000,59669.5
890.897,891.994,24.6076,0.000,59671.1
891.397,892.194,24.6082,0.000,59671.0
891.397,892.395,24.6010,0.000,59672.7
891.397,892.597,24.6118,0.000,59670.2
891.897,892.796,24.5963,0.000,59673.8
891.897,892.996,24.5977,0.000,59673.5
892.338,893.196,24.5840,0.000,59676.8
892.339,893.395,24.5859,0.000,59676.3
892.339,893.597,24.5639,0.000,59681.5
892.897,893.797,24.5646,0.000,59681.4
892.897,893.997,24.5537,0.000,59683.9
893.397,894.197,24.5805,0.000,59677.6
893.397,894.396,24.5485,0.000,59685.2
893.397,894.597,24.5496,0.000,59684.9
893.897,894.798,24.5692,0.000,59680.3
893.897,894.998,24.5446,0.000,59686.1
894.397,895.198,24.5508,0.000,59684.7
894.397,895.398,24.5418,0.000,59686.8
894.398,895.598,24.5346,0.000,59688.5
894.864,895.799,24.5356,0.000,59688.3
894.864,895.999,24.5276,0.000,59690.1
895.397,896.199,24.5296,0.000,59689.7
895.397,896.399,24.5148,0.000,59693.2
895.397,896.599,24.5207,0.000,59691.8
895.897,896.800,24.5052,0.000,59695.5
895.897,897.000,24.5216,0.000,59691.6
896.397,897.200,24.5068,0.000,59695.1
896.397,897.400,24.5215,0.000,59691.6
896.397,897.600,24.4992,0.000,59696.9
896.898,897.801,24.4951,0.000,59697.9
896.898,898.001,24.4787,0.000,59701.8
897.341,898.201,24.4837,0.000,59700.6
897.341,898.401,24.4785,0.000,59701.8
897.341,898.601,24.4850,0.000,59700.2
897.897,898.802,24.4832,0.000,59700.7
897.897,899.002,24.4775,0.000,59702.1
898.397,899.202,24.4702,0.000,59703.7
898.397,899.402,24.4570,0.000,59706.9
898.397,899.602,24.4660,0.000,59704.8
898.898,899.803,24.4668,0.000,59704.6
898.898,900.003,24.4681,0.000,59704.3
899.397,900.203,24.4560,0.000,59707.2
899.397,900.403,24.4521,0.000,59708.1
899.397,900.603,24.4378,0.000,59711.4
899.846,900.804,24.4399,0.000,59710.9
899.847,901.003,24.4461,0.000,59709.5
900.397,901.204,24.4336,0.000,59712.5
900.397,901.404,24.4351,0.000,59712.1
900.397,901.604,24.4214,0.000,59715.4
900.897,901.805,24.4264,0.000,59714.1
900.897,902.005,24.4189,0.000,59715.9
901.397,902.205,24.4217,0.000,59715.2
901.397,902.405,24.4136,0.000,59717.1
901.397,902.605,24.4199,0.000,59715.7
901.897,902.805,24.4152,0.000,59716.8
901.897,903.006,24.3937,0.000,59721.9
902.357,903.206,24.3994,0.000,59720.5
902.357,903.406,24.4048,0.000,59719.3
902.357,903.606,24.4095,0.000,59718.1
902.897,903.806,24.4067,0.000,59718.8
902.897,904.007,24.3927,0.000,59722.1
903.397,904.207,24.3859,0.000,59723.7
903.397,904.407,24.3745,0.000,59726.4
903.397,904.608,24.3823,0.000,59724.6
903.897,904.807,24.3812,0.000,59724.8
903.897,905.008,24.3682,0.000,59727.9
904.397,905.208,24.3582,0.000,59730.3
904.397,905.408,24.3716,0.000,59727.1
904.397,905.608,24.3633,0.000,59729.1
904.867,905.808,24.3576,0.000,59730.4
904.868,906.009,24.3506,0.000,59732.1
905.397,906.209,24.3558,0.000,59730.8
905.397,906.409,24.3408,0.000,59734.4
905.397,906.609,24.3496,0.000,59732.3
905.902,906.809,24.3385,0.000,59734.9
905.903,907.010,24.3325,0.000,59736.3
906.398,907.210,24.3263,0.000,59737.7
906.398,907.410,24.3346,0.000,59735.8
906.398,907.610,24.3301,0.000,59736.9
906.897,907.810,24.3270,0.000,59737.6
906.897,908.011,24.3340,0.000,59736.0
907.347,908.211,24.3242,0.000,59738.2
907.347,908.411,24.3333,0.000,59736.1
907.347,908.611,24.3208,0.000,59739.1
907.897,908.811,24.3178,0.000,59739.8
907.897,909.012,24.3157,0.000,59740.3
908.397,909.211,24.2990,0.000,59744.2
908.397,909.412,24.3157,0.000,59740.3
908.397,909.612,24.3022,0.000,59743.5
908.897,909.812,24.3131,0.000,59740.9
908.897,910.013,24.3017,0.000,59743.6
909.397,910.213,24.2944,0.000,59745.3
909.397,910.413,24.2817,0.000,59748.3
909.397,910.613,24.2817,0.000,59748.3
909.874,910.813,24.2731,0.000,59750.3
909.874,911.013,24.2923,0.000,59745.8
910.397,911.214,24.2825,0.000,59748.1
910.397,911.414,24.2697,0.000,59751.1
910.397,911.614,24.2643,0.000,59752.4
910.897,911.814,24.2632,0.000,59752.6
910.897,912.014,24.2739,0.000,59750.1
911.397,912.215,24.2570,0.000,59754.1
911.397,912.415,24.2596,0.000,59753.5
911.397,912.615,24.2521,0.000,59755.3
911.897,912.815,24.2567,0.000,59754.2
911.897,913.015,24.2474,0.000,59756.4
912.392,913.216,24.2654,0.000,59752.2
912.393,913.416,24.2319,0.000,59760.0
912.393,913.616,24.2392,0.000,59758.3
912.898,913.816,24.2394,0.000,59758.2
912.898,914.016,24.2290,0.000,59760.7
913.397,914.217,24.2221,0.000,59762.3
913.397,914.417,24.2343,0.000,59759.5
913.397,914.617,24.2241,0.000,59761.9
913.897,914.817,24.2269,0.000,59761.2
913.897,915.017,24.2202,0.000,59762.8
914.397,915.218,24.2230,0.000,59762.1
914.397,915.418,24.2121,0.000,59764.7
914.397,915.618,24.2212,0.000,59762.5
914.871,915.818,24.2051,0.000,59766.3
914.872,916.017,24.1987,0.000,59767.8
915.398,916.218,24.2034,0.000,59766.7
915.398,916.418,24.1985,0.000,59767.9
915.398,916.620,24.2207,0.000,59762.7
915.897,916.819,24.1924,0.000,59769.3
915.897,917.018,24.1906,0.000,59769.7
916.397,917.220,24.2002,0.000,59767.4
916.397,917.418,24.1735,0.000,59773.8
916.397,917.619,24.1894,0.000,59770.0
916.805,917.819,24.1580,0.000,59777.4
916.806,918.019,24.1815,0.000,59771.9
917.399,918.220,24.1684,0.000,59775.0
917.399,918.420,24.1753,0.000,59773.3
917.399,918.622,24.1758,0.000,59773.2
917.897,918.820,24.1668,0.000,59775.3
917.897,919.020,24.1689,0.000,59774.8
918.397,919.221,24.1494,0.000,59779.4
918.397,919.421,24.1582,0.000,59777.4
918.397,919.622,24.1528,0.000,59778.6
918.858,919.822,24.1481,0.000,59779.7
918.859,920.022,24.1445,0.000,59780.6
919.397,920.222,24.1299,0.000,59784.0
919.397,920.423,24.1455,0.000,59780.3
919.397,920.623,24.1347,0.000,59782.9
919.897,920.823,24.1396,0.000,59781.7
919.897,921.023,24.1308,0.000,59783.7
920.397,921.223,24.1217,0.000,59785.9
920.397,921.424,24.1408,0.000,59781.4
920.397,921.624,24.1308,0.000,59783.8
920.899,921.824,24.1328,0.000,59783.3
920.899,922.024,24.1137,0.000,59787.8
921.397,922.224,24.1297,0.000,59784.0
921.397,922.425,24.1046,0.000,59789.9
921.397,922.625,24.1274,0.000,59784.5
921.855,922.824,24.1025,0.000,59790.4
921.855,923.025,24.1118,0.000,59788.2
922.397,923.224,24.0991,0.000,59791.2
922.397,923.426,24.0901,0.000,59793.3
922.397,923.626,24.0949,0.000,59792.2
922.896,923.825,24.0970,0.000,59791.7
922.897,924.025,24.0876,0.000,59793.9
923.397,924.225,24.0815,0.000,59795.3
923.397,924.427,24.0874,0.000,59793.9
923.397,924.626,24.0605,0.000,59800.2
923.897,924.826,24.0806,0.000,59795.5
923.897,925.027,24.0654,0.000,59799.1
924.397,925.227,24.0708,0.000,59797.8
924.397,925.428,24.0514,0.000,59802.4
924.397,925.628,24.0547,0.000,59801.6
924.872,925.828,24.0618,0.000,59799.9
924.872,926.028,24.0649,0.000,59799.2
925.396,926.228,24.0566,0.000,59801.2
925.397,926.429,24.0565,0.000,59801.2
925.397,926.627,24.0522,0.000,59802.2
925.896,926.829,24.0428,0.000,59804.4
925.897,927.029,24.0417,0.000,59804.6
926.397,927.229,24.0330,0.000,59806.7
926.397,927.429,24.0350,0.000,59806.2
926.397,927.629,24.0405,0.000,59804.9
926.897,927.829,24.0488,0.000,59803.0
926.897,928.030,24.0335,0.000,59806.6
927.363,928.230,24.0395,0.000,59805.2
927.363,928.430,24.0211,0.000,59809.4
927.363,928.631,24.0330,0.000,59806.6
927.897,928.831,24.0070,0.000,59812.7
927.897,929.031,24.0302,0.000,59807.3
928.398,929.231,24.0008,0.000,59814.2
928.398,929.431,24.0114,0.000,59811.7
928.398,929.632,24.0159,0.000,59810.7
928.898,929.832,24.0013,0.000,59814.1
928.898,930.032,24.0096,0.000,59812.1
929.397,930.232,23.9997,0.000,59814.5
929.397,930.432,24.0019,0.000,59813.9
929.397,930.633,24.0027,0.000,59813.8
929.873,930.832,23.9931,0.000,59816.0
929.873,931.032,23.9954,0.000,59815.4
930.397,931.233,23.9910,0.000,59816.5
930.397,931.433,23.9966,0.000,59815.2
930.397,931.634,23.9801,0.000,59819.0
930.897,931.834,23.9778,0.000,59819.6
930.897,932.034,23.9754,0.000,59820.1
931.397,932.234,23.9785,0.000,59819.4
931.397,932.434,23.9670,0.000,59822.1
931.397,932.635,23.9721,0.000,59820.9
931.896,932.835,23.9762,0.000,59819.9
931.897,933.035,23.9866,0.000,59817.5
932.396,933.235,23.9829,0.000,59818.4
932.397,933.435,23.9743,0.000,59820.4
932.397,933.636,23.9678,0.000,59821.9
932.854,933.836,23.9617,0.000,59823.3
932.855,934.036,23.9674,0.000,59822.0
933.397,934.236,23.9468,0.000,59826.8
933.397,934.436,23.9624,0.000,59823.1
933.397,934.637,23.9560,0.000,59824.6
933.897,934.836,23.9437,0.000,59827.5
933.898,935.037,23.9541,0.000,59825.1
934.397,935.237,23.9425,0.000,59827.8
934.397,935.437,23.9503,0.000,59825.9
934.397,935.638,23.9481,0.000,59826.5
934.896,935.838,23.9372,0.000,59829.0
934.897,936.038,23.9409,0.000,59828.2
935.313,936.238,23.9232,0.000,59832.3
935.313,936.438,23.9428,0.000,59827.7
935.897,936.638,23.9245,0.000,59832.0
935.897,936.839,23.9350,0.000,59829.5
935.897,937.039,23.9307,0.000,59830.6
936.397,937.238,23.9209,0.000,59832.8
936.397,937.439,23.9132,0.000,59834.6
936.397,937.639,23.8960,0.000,59838.6
936.897,937.840,23.9152,0.000,59834.2
936.897,938.040,23.9232,0.000,59832.3
937.397,938.240,23.9092,0.000,59835.6
937.397,938.440,23.9128,0.000,59834.7
937.397,938.640,23.9098,0.000,59835.4
937.813,938.841,23.8906,0.000,59839.9
937.813,939.041,23.8955,0.000,59838.8
938.397,939.241,23.8961,0.000,59838.6
938.397,939.441,23.8986,0.000,59838.0
938.397,939.641,23.9072,0.000,59836.0
938.897,939.842,23.8877,0.000,59840.6
938.897,940.042,23.8891,0.000,59840.2
939.398,940.242,23.8911,0.000,59839.8
939.399,940.442,23.8699,0.000,59844.7
939.399,940.642,23.8877,0.000,59840.6
939.896,940.843,23.8687,0.000,59845.0
939.897,941.043,23.8838,0.000,59841.5
940.354,941.243,23.8662,0.000,59845.5
940.355,941.443,23.8712,0.000,59844.4
940.355,941.643,23.8651,0.000,59845.8
940.896,941.844,23.8672,0.000,59845.3
940.897,942.044,23.8657,0.000,59845.7
941.396,942.244,23.8694,0.000,59844.8
941.397,942.444,23.8667,0.000,59845.4
941.397,942.644,23.8568,0.000,59847.8
941.896,942.844,23.8639,0.000,59846.1
941.897,943.045,23.8548,0.000,59848.2
942.397,943.244,23.8519,0.000,59848.9
942.397,943.444,23.8481,0.000,59849.8
942.397,943.645,23.8560,0.000,59847.9
942.896,943.846,23.8509,0.000,59849.1
942.897,944.045,23.8307,0.000,59853.8
943.380,944.246,23.8493,0.000,59849.5
943.380,944.446,23.8403,0.000,59851.6
943.380,944.646,23.8481,0.000,59849.8
943.897,944.847,23.8569,0.000,59847.7
943.897,945.047,23.8304,0.000,59853.9
944.396,945.247,23.8345,0.000,59852.9
944.397,945.447,23.8255,0.000,59855.0
944.397,945.647,23.8252,0.000,59855.1
944.898,945.847,23.8224,0.000,59855.8
944.898,946.048,23.8262,0.000,59854.9
945.396,946.248,23.8237,0.000,59855.4
945.397,946.448,23.8200,0.000,59856.3
945.397,946.648,23.8340,0.000,59853.1
945.898,946.848,23.8348,0.000,59852.9
945.898,947.049,23.8226,0.000,59855.7
946.389,947.249,23.8271,0.000,59854.7
946.389,947.449,23.8087,0.000,59858.9
946.390,947.649,23.8122,0.000,59858.1
946.896,947.849,23.8151,0.000,59857.4
946.897,948.050,23.7939,0.000,59862.4
947.397,948.250,23.8099,0.000,59858.7
947.397,948.449,23.7933,0.000,59862.5
947.397,948.650,23.8141,0.000,59857.7
947.897,948.850,23.7913,0.000,59863.0
947.897,949.051,23.8247,0.000,59855.2
948.363,949.251,23.8062,0.000,59859.5
948.364,949.451,23.7993,0.000,59861.1
948.364,949.651,23.8042,0.000,59860.0
948.897,949.851,23.8110,0.000,59858.4
948.897,950.052,23.7954,0.000,59862.0
949.397,950.252,23.8042,0.000,59860.0
949.397,950.452,23.7783,0.000,59866.0
949.397,950.652,23.7879,0.000,59863.8
949.896,950.852,23.7855,0.000,59864.4
949.897,951.053,23.7809,0.000,59865.4
950.397,951.253,23.7917,0.000,59862.9
950.397,951.453,23.7744,0.000,59866.9
950.397,951.653,23.7808,0.000,59865.4
950.865,951.853,23.7700,0.000,59867.9
950.865,952.054,23.7739,0.000,59867.0
951.397,952.253,23.7675,0.000,59868.5
951.397,952.454,23.7708,0.000,59867.7
951.397,952.654,23.7505,0.000,59872.4
951.897,952.854,23.7615,0.000,59869.9
951.897,953.055,23.7583,0.000,59870.6
952.397,953.255,23.7632,0.000,59869.5
952.397,953.455,23.7687,0.000,59868.2
952.397,953.655,23.7627,0.000,59869.6
952.896,953.855,23.7560,0.000,59871.1
952.897,954.055,23.7520,0.000,59872.1
953.354,954.256,23.7635,0.000,59869.4
953.354,954.456,23.7509,0.000,59872.3
953.898,954.656,23.7516,0.000,59872.2
953.898,954.856,23.7617,0.000,59869.8
953.898,955.056,23.7352,0.000,59876.0
954.396,955.257,23.7562,0.000,59871.1
954.396,955.457,23.7422,0.000,59874.4
954.397,955.657,23.7488,0.000,59872.8
954.896,955.857,23.7399,0.000,59874.9
954.897,956.057,23.7259,0.000,59878.1
955.396,956.258,23.7288,0.000,59877.5
955.397,956.458,23.7423,0.000,59874.3
955.397,956.658,23.7262,0.000,59878.1
955.894,956.857,23.7181,0.000,59879.9
955.894,957.058,23.7187,0.000,59879.8
956.392,957.259,23.7386,0.000,59875.2
956.392,957.458,23.7070,0.000,59882.5
956.392,957.659,23.7181,0.000,59880.0
956.897,957.859,23.7187,0.000,59879.8
956.897,958.059,23.7202,0.000,59879.4
957.299,958.260,23.7187,0.000,59879.8
957.300,958.460,23.7200,0.000,59879.5
957.800,958.660,23.7189,0.000,59879.8
957.800,958.860,23.7139,0.000,59880.9
957.800,959.060,23.7210,0.000,59879.3
958.300,959.261,23.6976,0.000,59884.7
958.300,959.461,23.7111,0.000,59881.6
958.800,959.661,23.7114,0.000,59881.5
958.800,959.861,23.7135,0.000,59881.0
958.800,960.061,23.6922,0.000,59886.0
959.300,960.262,23.6981,0.000,59884.6
959.300,960.461,23.7003,0.000,59884.1
959.800,960.662,23.7002,0.000,59884.1
959.800,960.862,23.7065,0.000,59882.6
959.800,961.062,23.6914,0.000,59886.1
960.300,961.263,23.7043,0.000,59883.1
960.300,961.463,23.6930,0.000,59885.7
960.800,961.663,23.6808,0.000,59888.6
960.800,961.863,23.7041,0.000,59883.2
960.800,962.063,23.6989,0.000,59884.4
961.300,962.263,23.7135,0.000,59881.0
961.300,962.464,23.7241,0.000,59878.5
961.800,962.664,23.7519,0.000,59872.1
961.800,962.864,23.7278,0.000,59877.7
961.800,963.064,23.7075,0.000,59882.4
962.300,963.264,23.7054,0.000,59882.9
962.300,963.465,23.6880,0.000,59886.9
962.800,963.665,23.6889,0.000,59886.7
962.800,963.865,23.6816,0.000,59888.4
962.800,964.065,23.6914,0.000,59886.1
963.300,964.265,23.7116,0.000,59881.5
963.300,964.466,23.7036,0.000,59883.3
963.799,964.666,23.7080,0.000,59882.3
963.799,964.866,23.6803,0.000,59888.7
963.799,965.066,23.6764,0.000,59889.6
964.299,965.266,23.6486,0.000,59896.0
964.299,965.467,23.6543,0.000,59894.7
964.800,965.666,23.6665,0.000,59891.9
964.800,965.866,23.6567,0.000,59894.1
964.800,966.066,23.6548,0.000,59894.6
965.300,966.267,23.6584,0.000,59893.7
965.300,966.468,23.6403,0.000,59897.9
965.800,966.668,23.6626,0.000,59892.8
965.800,966.868,23.6543,0.000,59894.7
965.800,967.068,23.6823,0.000,59888.2
966.300,967.268,23.6992,0.000,59884.3
966.300,967.469,23.6767,0.000,59889.5
966.800,967.669,23.7101,0.000,59881.8
966.800,967.869,23.6787,0.000,59889.1
966.800,968.069,23.7606,0.000,59870.1
967.300,968.269,23.6847,0.000,59887.7
967.300,968.470,23.6849,0.000,59887.6
967.800,968.669,23.6831,0.000,59888.0
967.800,968.870,23.6606,0.000,59893.2
967.800,969.070,23.7343,0.000,59876.2
968.300,969.270,23.7036,0.000,59883.3
968.300,969.471,23.7044,0.000,59883.1
968.800,969.670,23.6546,0.000,59894.6
968.800,969.871,23.6875,0.000,59887.0
968.800,970.071,23.6815,0.000,59888.4
969.300,970.271,23.6780,0.000,59889.2
969.300,970.472,23.6836,0.000,59887.9
969.800,970.671,23.7116,0.000,59881.5
969.800,970.871,23.7020,0.000,59883.7
969.800,971.071,23.7324,0.000,59876.6
970.300,971.272,23.7293,0.000,59877.4
970.300,971.472,23.7407,0.000,59874.7
970.800,971.673,23.7693,0.000,59868.1
970.800,971.873,23.7559,0.000,59871.2
970.800,972.072,23.7715,0.000,59867.6
971.300,972.272,23.7979,0.000,59861.5
971.300,972.473,23.8086,0.000,59859.0
971.800,972.674,23.8032,0.000,59860.2
971.800,972.874,23.8314,0.000,59853.7
971.800,973.073,23.8398,0.000,59851.7
972.300,973.274,23.8548,0.000,59848.2
972.300,973.473,23.8657,0.000,59845.7
972.800,973.675,23.8771,0.000,59843.0
972.800,973.875,23.8687,0.000,59845.0
972.800,974.075,23.8869,0.000,59840.8
973.300,974.275,23.8831,0.000,59841.6
973.300,974.475,23.8945,0.000,59839.0
973.800,974.676,23.8929,0.000,59839.4
973.800,974.876,23.8932,0.000,59839.3
973.800,975.076,23.9111,0.000,59835.1
974.300,975.276,23.9165,0.000,59833.9
974.300,975.476,23.9069,0.000,59836.1
974.800,975.677,23.9194,0.000,59833.2
974.800,975.877,23.9294,0.000,59830.9
974.800,976.077,23.8983,0.000,59838.1
975.300,976.277,23.9199,0.000,59833.1
975.300,976.477,23.9033,0.000,59836.9
975.800,976.678,23.9297,0.000,59830.8
975.800,976.878,23.9106,0.000,59835.2
975.800,977.078,23.9167,0.000,59833.8
976.300,977.278,23.9146,0.000,59834.3
976.300,977.478,23.9223,0.000,59832.5
976.800,977.679,23.9197,0.000,59833.1
976.800,977.878,23.9223,0.000,59832.5
976.800,978.079,23.9243,0.000,59832.1
977.300,978.279,23.9199,0.000,59833.1
977.300,978.479,23.9185,0.000,59833.4
977.800,978.680,23.8955,0.000,59838.8
977.800,978.880,23.9228,0.000,59832.4
977.800,979.080,23.8936,0.000,59839.2
978.300,979.280,23.8911,0.000,59839.8
978.300,979.480,23.8908,0.000,59839.8
978.800,979.680,23.8848,0.000,59841.2
978.800,979.881,23.8662,0.000,59845.6
978.800,980.081,23.8831,0.000,59841.6
979.300,980.281,23.8781,0.000,59842.8
979.300,980.481,23.8724,0.000,59844.1
979.800,980.681,23.8721,0.000,59844.2
979.800,980.882,23.8594,0.000,59847.1
979.800,981.083,23.8555,0.000,59848.0
980.300,981.282,23.8550,0.000,59848.2
980.300,981.481,23.8662,0.000,59845.5
980.800,981.682,23.8659,0.000,59845.6
980.800,981.883,23.8592,0.000,59847.2
980.800,982.084,23.8550,0.000,59848.2
981.299,982.283,23.8643,0.000,59846.0
981.300,982.483,23.8454,0.000,59850.4
981.800,982.682,23.8436,0.000,59850.8
981.800,982.883,23.8385,0.000,59852.0
981.800,983.084,23.8307,0.000,59853.8
982.300,983.284,23.8227,0.000,59855.7
982.300,983.484,23.8117,0.000,59858.2
982.800,983.684,23.8203,0.000,59856.2
982.800,983.885,23.8232,0.000,59855.6
982.800,984.085,23.8051,0.000,59859.8
983.300,984.285,23.7996,0.000,59861.0
983.300,984.485,23.7985,0.000,59861.3
983.799,984.685,23.7968,0.000,59861.7
983.799,984.886,23.8003,0.000,59860.9
983.799,985.086,23.7964,0.000,59861.8
984.300,985.286,23.7897,0.000,59863.4
984.300,985.486,23.7710,0.000,59867.7
984.799,985.686,23.7601,0.000,59870.2
984.799,985.887,23.7552,0.000,59871.4
984.799,986.086,23.7619,0.000,59869.8
985.299,986.287,23.7295,0.000,59877.3
985.300,986.487,23.7368,0.000,59875.6
985.799,986.687,23.7612,0.000,59870.0
985.799,986.888,23.7396,0.000,59875.0
985.800,987.088,23.7405,0.000,59874.8
986.300,987.288,23.7365,0.000,59875.7
986.300,987.488,23.7029,0.000,59883.5
986.799,987.688,23.7052,0.000,59882.9
986.799,987.888,23.7138,0.000,59880.9
986.800,988.089,23.6987,0.000,59884.4
987.300,988.289,23.6815,0.000,59888.4
987.300,988.489,23.6785,0.000,59889.1
987.799,988.689,23.6924,0.000,59885.9
987.800,988.889,23.6780,0.000,59889.2
987.800,989.090,23.6889,0.000,59886.7
988.300,989.290,23.6772,0.000,59889.4
988.300,989.490,23.6572,0.000,59894.0
988.800,989.690,23.6360,0.000,59898.9
988.800,989.890,23.6414,0.000,59897.7
988.800,990.091,23.6344,0.000,59899.3
989.300,990.291,23.6221,0.000,59902.1
989.300,990.491,23.6190,0.000,59902.9
989.799,990.691,23.6063,0.000,59905.8
989.800,990.891,23.5983,0.000,59907.6
989.800,991.092,23.6045,0.000,59906.2
990.300,991.292,23.5984,0.000,59907.6
990.300,991.492,23.5657,0.000,59915.1
990.800,991.692,23.5843,0.000,59910.8
990.800,991.892,23.5561,0.000,59917.4
990.800,992.093,23.5799,0.000,59911.9
991.299,992.292,23.5711,0.000,59913.9
991.299,992.493,23.5714,0.000,59913.8
991.800,992.693,23.5428,0.000,59920.4
991.800,992.893,23.5612,0.000,59916.2
991.800,993.095,23.5265,0.000,59924.2
992.300,993.294,23.5325,0.000,59922.8
992.300,993.493,23.5260,0.000,59924.3
992.800,993.694,23.5262,0.000,59924.2
992.800,993.894,23.5197,0.000,59925.7
993.300,994.096,23.5036,0.000,59929.5
993.300,994.295,23.5153,0.000,59926.7
993.300,994.494,23.4995,0.000,59930.4
993.800,994.694,23.5091,0.000,59928.2
993.800,994.894,23.4907,0.000,59932.4
994.300,995.096,23.4889,0.000,59932.8
994.300,995.295,23.4678,0.000,59937.7
994.300,995.496,23.4736,0.000,59936.4
994.800,995.696,23.4727,0.000,59936.5
994.800,995.896,23.4629,0.000,59938.8
995.300,996.097,23.4588,0.000,59939.8
995.300,996.297,23.4619,0.000,59939.1
995.300,996.497,23.4557,0.000,59940.4
995.800,996.696,23.4349,0.000,59945.2
995.800,996.896,23.4461,0.000,59942.7
996.300,997.098,23.4472,0.000,59942.4
996.300,997.298,23.4155,0.000,59949.7
996.300,997.498,23.4446,0.000,59943.0
996.800,997.697,23.4272,0.000,59947.0
996.800,997.898,23.4219,0.000,59948.2
997.300,998.098,23.4336,0.000,59945.6
997.300,998.299,23.4150,0.000,59949.8
997.300,998.499,23.4091,0.000,59951.2
997.800,998.699,23.4183,0.000,59949.1
997.800,998.899,23.3904,0.000,59955.4
998.300,999.099,23.4070,0.000,59951.6
998.300,999.300,23.4030,0.000,59952.6
998.300,999.500,23.3927,0.000,59954.9
998.800,999.700,23.3893,0.000,59955.7
998.800,999.900,23.3756,0.000,59958.8
999.300,1000.100,23.3882,0.000,59956.0
999.300,1000.301,23.3711,0.000,59959.9
999.300,1000.501,23.3738,0.000,59959.3
999.800,1000.701,23.3756,0.000,59958.8
999.800,1000.901,23.3598,0.000,59962.5
1000.300,1001.101,23.3774,0.000,59958.4
1000.300,1001.302,23.3782,0.000,59958.2
1000.300,1001.502,23.3673,0.000,59960.8
1000.800,1001.702,23.3613,0.000,59962.1
1000.800,1001.902,23.3613,0.000,59962.1
1001.300,1002.102,23.3603,0.000,59962.4
1001.300,1002.303,23.3413,0.000,59966.7
1001.300,1002.503,23.3496,0.000,59964.8
1001.799,1002.703,23.3377,0.000,59967.5
1001.800,1002.903,23.3354,0.000,59968.1
1002.300,1003.103,23.3418,0.000,59966.6
1002.300,1003.304,23.3232,0.000,59970.8
1002.300,1003.504,23.3276,0.000,59969.8
1002.800,1003.704,23.3190,0.000,59971.8
1002.800,1003.904,23.3198,0.000,59971.6
1003.300,1004.104,23.3296,0.000,59969.4
1003.300,1004.305,23.3314,0.000,59969.0
1003.300,1004.505,23.3184,0.000,59971.9
1003.799,1004.705,23.3115,0.000,59973.5
1003.799,1004.905,23.2998,0.000,59976.2
1004.300,1005.105,23.3156,0.000,59972.6
1004.300,1005.305,23.2980,0.000,59976.6
1004.300,1005.506,23.3024,0.000,59975.6
1004.799,1005.706,23.2851,0.000,59979.6
1004.799,1005.906,23.3001,0.000,59976.1
1005.300,1006.106,23.3130,0.000,59973.2
1005.300,1006.306,23.2980,0.000,59976.6
1005.300,1006.507,23.2952,0.000,59977.2
1005.799,1006.707,23.2921,0.000,59978.0
1005.800,1006.907,23.2864,0.000,59979.2
1006.300,1007.107,23.2808,0.000,59980.6
1006.300,1007.307,23.2822,0.000,59980.2
1006.300,1007.508,23.2656,0.000,59984.0
1006.799,1007.707,23.2490,0.000,59987.8
1006.799,1007.908,23.2707,0.000,59982.9
1007.300,1008.108,23.2642,0.000,59984.3
1007.300,1008.308,23.2518,0.000,59987.2
1007.300,1008.509,23.2506,0.000,59987.4
1007.800,1008.709,23.2526,0.000,59987.0
1007.800,1008.909,23.2357,0.000,59990.9
1008.300,1009.109,23.2425,0.000,59989.3
1008.300,1009.309,23.2404,0.000,59989.8
1008.300,1009.510,23.2260,0.000,59993.1
1008.800,1009.710,23.2378,0.000,59990.4
1008.800,1009.910,23.2337,0.000,59991.3
1009.300,1010.110,23.2005,0.000,59998.9
1009.300,1010.310,23.2093,0.000,59996.9
1009.300,1010.511,23.1872,0.000,60001.9
1009.800,1010.711,23.1845,0.000,60002.5
1009.800,1010.911,23.1967,0.000,59999.8
1010.300,1011.111,23.1953,0.000,60000.1
1010.300,1011.311,23.1878,0.000,60001.8
1010.301,1011.512,23.1932,0.000,60000.5
1010.799,1011.711,23.1816,0.000,60003.1
1010.799,1011.913,23.1842,0.000,60002.6
1011.299,1012.112,23.1896,0.000,60001.4
1011.299,1012.312,23.1670,0.000,60006.5
1011.300,1012.513,23.1873,0.000,60001.9
1011.799,1012.713,23.1528,0.000,60009.7
1011.799,1012.913,23.1852,0.000,60002.4
1012.299,1013.113,23.1706,0.000,60005.7
1012.299,1013.313,23.1701,0.000,60005.8
1012.299,1013.513,23.1701,0.000,60005.8
1012.799,1013.714,23.1665,0.000,60006.6
1012.799,1013.914,23.1603,0.000,60008.0
1013.300,1014.114,23.1673,0.000,60006.4
1013.300,1014.314,23.1653,0.000,60006.9
1013.300,1014.515,23.1564,0.000,60008.9
1013.801,1014.715,23.1590,0.000,60008.3
1013.801,1014.915,23.1637,0.000,60007.2
1014.301,1015.115,23.1457,0.000,60011.4
1014.301,1015.315,23.1494,0.000,60010.5
1014.301,1015.515,23.1398,0.000,60012.7
1014.801,1015.715,23.1470,0.000,60011.0
1014.801,1015.916,23.1217,0.000,60016.8
1015.301,1016.116,23.1375,0.000,60013.2
1015.301,1016.316,23.1349,0.000,60013.8
1015.301,1016.516,23.1342,0.000,60014.0
1015.801,1016.717,23.1292,0.000,60015.1
1015.801,1016.916,23.1240,0.000,60016.3
1016.301,1017.117,23.1352,0.000,60013.8
1016.301,1017.317,23.1299,0.000,60014.9
1016.301,1017.517,23.1318,0.000,60014.5
1016.801,1017.718,23.1318,0.000,60014.5
1016.801,1017.918,23.1234,0.000,60016.4
1017.301,1018.118,23.1110,0.000,60019.3
1017.301,1018.317,23.1147,0.000,60018.4
1017.301,1018.518,23.1191,0.000,60017.4
1017.801,1018.719,23.1326,0.000,60014.3
1017.801,1018.919,23.1178,0.000,60017.7
1018.301,1019.119,23.1090,0.000,60019.7
1018.301,1019.319,23.1123,0.000,60018.9
1018.301,1019.519,23.1220,0.000,60016.7
1018.801,1019.720,23.1104,0.000,60019.4
1018.801,1019.918,23.1206,0.000,60017.0
1019.301,1020.120,23.1234,0.000,60016.4
1019.301,1020.320,23.1032,0.000,60021.0
1019.301,1020.520,23.1172,0.000,60017.9
1019.799,1020.721,23.0970,0.000,60022.4
1019.799,1020.920,23.0998,0.000,60021.8
1020.299,1021.121,23.1001,0.000,60021.8
1020.299,1021.321,23.1025,0.000,60021.2
1020.299,1021.521,23.1056,0.000,60020.5
1020.799,1021.722,23.1020,0.000,60021.3
1020.799,1021.922,23.0861,0.000,60024.9
1021.301,1022.122,23.1074,0.000,60020.1
1021.301,1022.322,23.1071,0.000,60020.1
1021.301,1022.522,23.0939,0.000,60023.1
1021.801,1022.722,23.0991,0.000,60021.9
1021.801,1022.923,23.0877,0.000,60024.6
1022.301,1023.122,23.0967,0.000,60022.5
1022.301,1023.322,23.0884,0.000,60024.4
1022.301,1023.522,23.0952,0.000,60022.8
1022.801,1023.722,23.0970,0.000,60022.4
1022.801,1023.923,23.0872,0.000,60024.6
1023.301,1024.122,23.0825,0.000,60025.7
1023.301,1024.322,23.0983,0.000,60022.1
1023.301,1024.521,23.0989,0.000,60022.0
1023.801,1024.722,23.0688,0.000,60028.8
1023.801,1024.922,23.0843,0.000,60025.3
1024.301,1025.121,23.0879,0.000,60024.5
1024.301,1025.321,23.0877,0.000,60024.6
1024.301,1025.521,23.0840,0.000,60025.4
1024.799,1025.722,23.1035,0.000,60020.9
1024.799,1025.921,23.0825,0.000,60025.8
1025.301,1026.121,23.0731,0.000,60027.9
1025.301,1026.320,23.0851,0.000,60025.1
1025.301,1026.520,23.0682,0.000,60029.0
1025.801,1026.721,23.0747,0.000,60027.5
1025.801,1026.920,23.0763,0.000,60027.1
1026.301,1027.120,23.0747,0.000,60027.5
1026.301,1027.320,23.0692,0.000,60028.7
1026.301,1027.520,23.0601,0.000,60030.8
1026.801,1027.721,23.0791,0.000,60026.5
1026.801,1027.919,23.0750,0.000,60027.4
1027.301,1028.119,23.0661,0.000,60029.5
1027.301,1028.319,23.0737,0.000,60027.7
1027.301,1028.519,23.0620,0.000,60030.4
1027.801,1028.720,23.0639,0.000,60029.9
1027.801,1028.918,23.0717,0.000,60028.2
1028.301,1029.118,23.0747,0.000,60027.5
1028.301,1029.318,23.0579,0.000,60031.3
1028.301,1029.518,23.0552,0.000,60031.9
1028.800,1029.719,23.0705,0.000,60028.5
1028.800,1029.918,23.0680,0.000,60029.0
1029.301,1030.118,23.0617,0.000,60030.4
1029.301,1030.318,23.0717,0.000,60028.2
1029.301,1030.518,23.0648,0.000,60029.8
1029.801,1030.719,23.0548,0.000,60032.0
1029.801,1030.917,23.0477,0.000,60033.6
1030.301,1031.117,23.0654,0.000,60029.6
1030.301,1031.317,23.0485,0.000,60033.4
1030.301,1031.517,23.0563,0.000,60031.7
1030.801,1031.718,23.0687,0.000,60028.9
1030.801,1031.916,23.0652,0.000,60029.7
1031.301,1032.117,23.0551,0.000,60031.9
1031.301,1032.316,23.0503,0.000,60033.0
1031.301,1032.516,23.0651,0.000,60029.7
1031.801,1032.717,23.0552,0.000,60031.9
1031.801,1032.916,23.0675,0.000,60029.1
1032.301,1033.116,23.0508,0.000,60032.9
1032.301,1033.316,23.0648,0.000,60029.8
1032.301,1033.516,23.0597,0.000,60030.9
1032.801,1033.717,23.0351,0.000,60036.5
1032.801,1033.915,23.0488,0.000,60033.4
1033.301,1034.114,23.0654,0.000,60029.6
1033.301,1034.315,23.0625,0.000,60030.3
1033.301,1034.515,23.0527,0.000,60032.5
1033.801,1034.716,23.0532,0.000,60032.4
1033.801,1034.915,23.0420,0.000,60034.9
1034.301,1035.114,23.0630,0.000,60030.1
1034.301,1035.314,23.0482,0.000,60033.5
1034.301,1035.514,23.0363,0.000,60036.2
1034.801,1035.715,23.0527,0.000,60032.5
1034.801,1035.913,23.0452,0.000,60034.2
1035.301,1036.114,23.0703,0.000,60028.5
1035.301,1036.314,23.0745,0.000,60027.5
1035.301,1036.514,23.0600,0.000,60030.8
1035.801,1036.715,23.0480,0.000,60033.6
1035.801,1036.913,23.0439,0.000,60034.5
1036.301,1037.113,23.0483,0.000,60033.5
1036.301,1037.313,23.0452,0.000,60034.2
1036.301,1037.513,23.0475,0.000,60033.6
1036.801,1037.714,23.0417,0.000,60035.0
1036.801,1037.913,23.0513,0.000,60032.8
1037.301,1038.113,23.0288,0.000,60037.9
1037.301,1038.313,23.0410,0.000,60035.2
1037.301,1038.513,23.0312,0.000,60037.4
1037.799,1038.713,23.0348,0.000,60036.5
1037.799,1038.912,23.0514,0.000,60032.8
1038.301,1039.112,23.0465,0.000,60033.9
1038.301,1039.312,23.0254,0.000,60038.7
1038.301,1039.513,23.0407,0.000,60035.2
1038.801,1039.713,23.0469,0.000,60033.8
1038.801,1039.911,23.0491,0.000,60033.3
1039.301,1040.111,23.0394,0.000,60035.5
1039.301,1040.311,23.0356,0.000,60036.4
1039.301,1040.512,23.0417,0.000,60035.0
1039.801,1040.711,23.0322,0.000,60037.1
1039.801,1040.911,23.0480,0.000,60033.6
1040.301,1041.111,23.0387,0.000,60035.6
1040.301,1041.311,23.0468,0.000,60033.8
1040.301,1041.512,23.0407,0.000,60035.2
1040.800,1041.710,23.0413,0.000,60035.1
1040.800,1041.910,23.0205,0.000,60039.8
1041.301,1042.109,23.0281,0.000,60038.1
1041.301,1042.310,23.0430,0.000,60034.7
1041.301,1042.511,23.0361,0.000,60036.2
1041.799,1042.709,23.0439,0.000,60034.5
1041.799,1042.909,23.0174,0.000,60040.5
1042.300,1043.109,23.0408,0.000,60035.2
1042.300,1043.309,23.0278,0.000,60038.1
1042.300,1043.510,23.0503,0.000,60033.0
1042.801,1043.709,23.0441,0.000,60034.4
1042.801,1043.909,23.0473,0.000,60033.7
1043.301,1044.108,23.0182,0.000,60040.3
1043.301,1044.309,23.0395,0.000,60035.5
1043.301,1044.510,23.0312,0.000,60037.4
1043.801,1044.708,23.0281,0.000,60038.1
1043.801,1044.908,23.0327,0.000,60037.0
1044.301,1045.108,23.0433,0.000,60034.6
1044.301,1045.308,23.0503,0.000,60033.1
1044.301,1045.509,23.0352,0.000,60036.5
1044.801,1045.708,23.0342,0.000,60036.7
1044.801,1045.908,23.0373,0.000,60036.0
1045.301,1046.107,23.0410,0.000,60035.1
1045.301,1046.307,23.0417,0.000,60035.0
1045.301,1046.508,23.0311,0.000,60037.4
1045.801,1046.706,23.0430,0.000,60034.7
1045.801,1046.908,23.0407,0.000,60035.2
1046.301,1047.107,23.0378,0.000,60035.9
1046.301,1047.307,23.0392,0.000,60035.6
1046.301,1047.508,23.0389,0.000,60035.6
1046.799,1047.706,23.0329,0.000,60037.0
1046.799,1047.906,23.0371,0.000,60036.0
1047.301,1048.106,23.0283,0.000,60038.0
1047.301,1048.306,23.0371,0.000,60036.0
1047.301,1048.507,23.0428,0.000,60034.8
1047.801,1048.706,23.0397,0.000,60035.4
1047.801,1048.906,23.0312,0.000,60037.4
1048.301,1049.105,23.0439,0.000,60034.5
1048.301,1049.305,23.0322,0.000,60037.1
1048.301,1049.506,23.0462,0.000,60034.0
1048.801,1049.704,23.0211,0.000,60039.6
1048.801,1049.905,23.0226,0.000,60039.3
1049.301,1050.105,23.0361,0.000,60036.2
1049.301,1050.305,23.0403,0.000,60035.3
1049.301,1050.506,23.0410,0.000,60035.1
1049.801,1050.704,23.0276,0.000,60038.2
1049.801,1050.904,23.0384,0.000,60035.8
1050.300,1051.105,23.0301,0.000,60037.6
1050.300,1051.305,23.0449,0.000,60034.3
1050.301,1051.505,23.0446,0.000,60034.3
1050.801,1051.704,23.0353,0.000,60036.4
1050.801,1051.904,23.0446,0.000,60034.3
1051.301,1052.104,23.0345,0.000,60036.6
1051.301,1052.305,23.0472,0.000,60033.8
1051.301,1052.504,23.0412,0.000,60035.1
1051.801,1052.703,23.0446,0.000,60034.3
1051.801,1052.903,23.0325,0.000,60037.1
1052.301,1053.103,23.0424,0.000,60034.8
1052.301,1053.304,23.0259,0.000,60038.6
1052.301,1053.503,23.0286,0.000,60038.0
1052.801,1053.703,23.0446,0.000,60034.3
1052.801,1053.902,23.0342,0.000,60036.7
1053.301,1054.102,23.0397,0.000,60035.4
1053.301,1054.303,23.0483,0.000,60033.5
1053.301,1054.502,23.0462,0.000,60034.0
1053.801,1054.702,23.0283,0.000,60038.0
1053.801,1054.900,23.0439,0.000,60034.5
1054.301,1055.102,23.0352,0.000,60036.5
1054.301,1055.302,23.0376,0.000,60035.9
1054.301,1055.501,23.0325,0.000,60037.1
1054.801,1055.701,23.0371,0.000,60036.1
1054.801,1055.901,23.0371,0.000,60036.0
1055.299,1056.101,23.0378,0.000,60035.9
1055.299,1056.302,23.0394,0.000,60035.5
1055.299,1056.500,23.0322,0.000,60037.1
1055.801,1056.700,23.0434,0.000,60034.6
1055.801,1056.900,23.0438,0.000,60034.5
1056.301,1057.100,23.0364,0.000,60036.2
1056.301,1057.300,23.0366,0.000,60036.1
1056.301,1057.499,23.0264,0.000,60038.4
1056.801,1057.700,23.0517,0.000,60032.7
1056.801,1057.900,23.0439,0.000,60034.5
1057.301,1058.100,23.0418,0.000,60035.0
1057.301,1058.301,23.0392,0.000,60035.6
1057.301,1058.499,23.0421,0.000,60034.9
1057.937,1058.699,23.0434,0.000,60034.6
1057.937,1058.899,23.0468,0.000,60033.8
1057.937,1059.099,23.0309,0.000,60037.4
1058.428,1059.300,23.0347,0.000,60036.6
1058.429,1059.499,23.0556,0.000,60031.8
1058.429,1059.699,23.0413,0.000,60035.1
1058.943,1059.898,23.0483,0.000,60033.5
1058.943,1060.098,23.0436,0.000,60034.6
1059.428,1060.299,23.0441,0.000,60034.4
1059.429,1060.498,23.0512,0.000,60032.8
1059.429,1060.696,23.0387,0.000,60035.6
1059.953,1060.898,23.0420,0.000,60034.9
1059.953,1061.098,23.0314,0.000,60037.3
1060.361,1061.299,23.0430,0.000,60034.7
1060.361,1061.497,23.0249,0.000,60038.8
1060.961,1061.696,23.0483,0.000,60033.5
1060.961,1061.897,23.0410,0.000,60035.1
1060.961,1062.097,23.0461,0.000,60034.0
1061.421,1062.298,23.0518,0.000,60032.7
1061.421,1062.497,23.0518,0.000,60032.7
1061.421,1062.696,23.0322,0.000,60037.1
1061.966,1062.897,23.0672,0.000,60029.2
1061.966,1063.097,23.0485,0.000,60033.4
1062.368,1063.297,23.0589,0.000,60031.1
1062.369,1063.496,23.0610,0.000,60030.6
1062.994,1063.696,23.0413,0.000,60035.1
1062.994,1063.895,23.0518,0.000,60032.7
1062.994,1064.097,23.0571,0.000,60031.5
1063.424,1064.297,23.0517,0.000,60032.7
1063.424,1064.495,23.0526,0.000,60032.5
1063.424,1064.695,23.0553,0.000,60031.9
1063.980,1064.895,23.0356,0.000,60036.4
1063.980,1065.096,23.0662,0.000,60029.4
1064.409,1065.295,23.0706,0.000,60028.4
1064.409,1065.495,23.0529,0.000,60032.4
1064.409,1065.695,23.0420,0.000,60034.9
1064.986,1065.895,23.0734,0.000,60027.8
1064.987,1066.096,23.0436,0.000,60034.6
1065.495,1066.294,23.0641,0.000,60029.9
1065.495,1066.494,23.0615,0.000,60030.5
1065.496,1066.693,23.0687,0.000,60028.9
1065.873,1066.894,23.0561,0.000,60031.7
1065.873,1067.095,23.0633,0.000,60030.1
1066.424,1067.293,23.0595,0.000,60031.0
1066.424,1067.493,23.0775,0.000,60026.9
1066.424,1067.693,23.0666,0.000,60029.3
1066.993,1067.893,23.0532,0.000,60032.4
1066.993,1068.093,23.0597,0.000,60030.9
1067.420,1068.293,23.0669,0.000,60029.2
1067.421,1068.493,23.0542,0.000,60032.2
1067.421,1068.693,23.0472,0.000,60033.8
1067.809,1068.893,23.0812,0.000,60026.0
1067.809,1069.094,23.0646,0.000,60029.8
1068.495,1069.292,23.0757,0.000,60027.3
1068.495,1069.492,23.0703,0.000,60028.5
1068.495,1069.692,23.0666,0.000,60029.3
1068.975,1069.892,23.0698,0.000,60028.6
1068.976,1070.093,23.0648,0.000,60029.8
1069.421,1070.292,23.0669,0.000,60029.3
1069.421,1070.492,23.0763,0.000,60027.1
1069.421,1070.691,23.0633,0.000,60030.1
1069.972,1070.892,23.0514,0.000,60032.8
1069.972,1071.092,23.0802,0.000,60026.2
1070.381,1071.291,23.0641,0.000,60029.9
1070.381,1071.492,23.0705,0.000,60028.5
1070.974,1071.691,23.0630,0.000,60030.1
1070.975,1071.891,23.0661,0.000,60029.5
1070.975,1072.092,23.0613,0.000,60030.5
1071.457,1072.290,23.0625,0.000,60030.2
1071.458,1072.489,23.0687,0.000,60028.9
1071.458,1072.690,23.0683,0.000,60029.0
1071.907,1072.890,23.0659,0.000,60029.5
1071.908,1073.091,23.0586,0.000,60031.1
1072.474,1073.290,23.0666,0.000,60029.3
1072.474,1073.490,23.0727,0.000,60027.9
1072.474,1073.689,23.0705,0.000,60028.5
1072.991,1073.889,23.0825,0.000,60025.7
1072.991,1074.090,23.0625,0.000,60030.2
1073.428,1074.289,23.0749,0.000,60027.5
1073.429,1074.489,23.0664,0.000,60029.4
1073.429,1074.688,23.0683,0.000,60029.0
1073.955,1074.889,23.0667,0.000,60029.3
1073.955,1075.090,23.0675,0.000,60029.1
1074.428,1075.288,23.0595,0.000,60030.9
1074.429,1075.488,23.0771,0.000,60026.9
1074.429,1075.688,23.0735,0.000,60027.8
1074.983,1075.888,23.0858,0.000,60025.0
1074.984,1076.089,23.0592,0.000,60031.0
1075.428,1076.288,23.0675,0.000,60029.1
1075.429,1076.488,23.0714,0.000,60028.2
1075.429,1076.687,23.0666,0.000,60029.3
1075.994,1076.888,23.0797,0.000,60026.4
1075.995,1077.088,23.0682,0.000,60029.0
1075.995,1077.287,23.0670,0.000,60029.2
1076.329,1077.486,23.0664,0.000,60029.4
1076.986,1077.687,23.0656,0.000,60029.6
1076.987,1077.888,23.0565,0.000,60031.6
1076.987,1078.088,23.0760,0.000,60027.2
1077.309,1078.286,23.0827,0.000,60025.7
1077.310,1078.486,23.0667,0.000,60029.3
1077.989,1078.686,23.0662,0.000,60029.4
1077.990,1078.887,23.0750,0.000,60027.4
1077.990,1079.086,23.0682,0.000,60029.0
1078.483,1079.287,23.0820,0.000,60025.8
1078.483,1079.485,23.0766,0.000,60027.1
1078.483,1079.686,23.0810,0.000,60026.1
1078.909,1079.887,23.0778,0.000,60026.8
1078.910,1080.085,23.0750,0.000,60027.4
1079.457,1080.285,23.0794,0.000,60026.4
1079.457,1080.485,23.0731,0.000,60027.9
1079.457,1080.685,23.0666,0.000,60029.3
1079.995,1080.886,23.0670,0.000,60029.2
1079.995,1081.084,23.0805,0.000,60026.2
1079.995,1081.284,23.0871,0.000,60024.7
1080.496,1081.484,23.0719,0.000,60028.1
1080.496,1081.685,23.0749,0.000,60027.5
1080.924,1081.885,23.0796,0.000,60026.4
1080.924,1082.084,23.0721,0.000,60028.1
1081.499,1082.284,23.0688,0.000,60028.8
1081.499,1082.484,23.0569,0.000,60031.5
1081.499,1082.684,23.0717,0.000,60028.2
1081.971,1082.885,23.0654,0.000,60029.6
1081.971,1083.083,23.0849,0.000,60025.2
1082.489,1083.283,23.0737,0.000,60027.8
1082.489,1083.483,23.0947,0.000,60023.0
1082.490,1083.683,23.0957,0.000,60022.7
1082.909,1083.884,23.0721,0.000,60028.1
1082.910,1084.083,23.0799,0.000,60026.3
1083.471,1084.283,23.0735,0.000,60027.8
1083.472,1084.482,23.0888,0.000,60024.3
1083.472,1084.683,23.0773,0.000,60026.9
1083.810,1084.883,23.0639,0.000,60029.9
1083.810,1085.082,23.0920,0.000,60023.6
1084.428,1085.282,23.0797,0.000,60026.3
1084.429,1085.482,23.0639,0.000,60029.9
1084.429,1085.682,23.0915,0.000,60023.7
1084.927,1085.882,23.0669,0.000,60029.2
1084.927,1086.082,23.0766,0.000,60027.1
1085.419,1086.280,23.0670,0.000,60029.2
1085.419,1086.481,23.0674,0.000,60029.2
1085.419,1086.681,23.0810,0.000,60026.1
1085.845,1086.882,23.0625,0.000,60030.2
1085.845,1087.081,23.0864,0.000,60024.8
1086.426,1087.280,23.0571,0.000,60031.5
1086.426,1087.479,23.0843,0.000,60025.3
1086.426,1087.680,23.0830,0.000,60025.6
1086.995,1087.881,23.0806,0.000,60026.2
1086.995,1088.080,23.0923,0.000,60023.5
1086.995,1088.280,23.0840,0.000,60025.4
1087.428,1088.480,23.0968,0.000,60022.5
1087.429,1088.680,23.0783,0.000,60026.7
1087.909,1088.881,23.0832,0.000,60025.6
1087.910,1089.079,23.0825,0.000,60025.8
1088.344,1089.279,23.0714,0.000,60028.2
1088.344,1089.479,23.0633,0.000,60030.1
1088.989,1089.680,23.0672,0.000,60029.2
1088.990,1089.880,23.0776,0.000,60026.8
1088.990,1090.079,23.0770,0.000,60027.0
1088.990,1090.278,23.0818,0.000,60025.8
1089.455,1090.479,23.0825,0.000,60025.7
1089.455,1090.680,23.0858,0.000,60025.0
1089.917,1090.879,23.0752,0.000,60027.4
1089.917,1091.078,23.0752,0.000,60027.4
1090.428,1091.278,23.0713,0.000,60028.3
1090.429,1091.478,23.0723,0.000,60028.0
1090.429,1091.679,23.0727,0.000,60028.0
1090.965,1091.877,23.0786,0.000,60026.6
1090.966,1092.077,23.0779,0.000,60026.8
1091.373,1092.277,23.0620,0.000,60030.4
1091.373,1092.477,23.0744,0.000,60027.6
1091.970,1092.678,23.0763,0.000,60027.1
1091.970,1092.877,23.0888,0.000,60024.3
1091.970,1093.077,23.0835,0.000,60025.5
1092.425,1093.277,23.0708,0.000,60028.4
1092.426,1093.477,23.0937,0.000,60023.2
1092.426,1093.678,23.0542,0.000,60032.1
1092.994,1093.876,23.0883,0.000,60024.4
1092.994,1094.076,23.0957,0.000,60022.7
1092.994,1094.276,23.0717,0.000,60028.2
1093.454,1094.476,23.0747,0.000,60027.5
1093.454,1094.677,23.0779,0.000,60026.8
1093.909,1094.875,23.0765,0.000,60027.1
1093.910,1095.076,23.0776,0.000,60026.8
1094.437,1095.275,23.0851,0.000,60025.1
1094.437,1095.475,23.0859,0.000,60025.0
1094.437,1095.676,23.0789,0.000,60026.5
1094.967,1095.875,23.0820,0.000,60025.8
1094.967,1096.076,23.0843,0.000,60025.3
1095.419,1096.275,23.0799,0.000,60026.3
1095.420,1096.475,23.0765,0.000,60027.1
1095.420,1096.676,23.0854,0.000,60025.1
1095.969,1096.873,23.0898,0.000,60024.1
1095.970,1097.074,23.1004,0.000,60021.7
1096.382,1097.274,23.0981,0.000,60022.2
1096.382,1097.474,23.1266,0.000,60015.7
1096.382,1097.675,23.1051,0.000,60020.6
1096.800,1097.874,23.1121,0.000,60019.0
1096.800,1098.074,23.1116,0.000,60019.1
1097.299,1098.273,23.1123,0.000,60019.0
1097.299,1098.474,23.1240,0.000,60016.3
1097.800,1098.674,23.1056,0.000,60020.5
1097.800,1098.873,23.1079,0.000,60020.0
1097.800,1099.073,23.1035,0.000,60021.0
1098.300,1099.273,23.1183,0.000,60017.6
1098.300,1099.473,23.1032,0.000,60021.0
1098.799,1099.674,23.1134,0.000,60018.7
1098.799,1099.873,23.1102,0.000,60019.4
1098.799,1100.072,23.1072,0.000,60020.1
1099.300,1100.272,23.1118,0.000,60019.1
1099.300,1100.472,23.1187,0.000,60017.5
1099.799,1100.673,23.1107,0.000,60019.3
1099.800,1100.872,23.1294,0.000,60015.1
1099.800,1101.070,23.1203,0.000,60017.1
1100.300,1101.271,23.1305,0.000,60014.8
1100.300,1101.472,23.1342,0.000,60014.0
1100.799,1101.672,23.1307,0.000,60014.8
1100.799,1101.871,23.1247,0.000,60016.1
1100.799,1102.071,23.1120,0.000,60019.0
1101.300,1102.271,23.1370,0.000,60013.3
1101.300,1102.472,23.1279,0.000,60015.4
1101.830,1102.672,23.1382,0.000,60013.1
1101.830,1102.871,23.1277,0.000,60015.4
1101.830,1103.070,23.1242,0.000,60016.2
1102.299,1103.270,23.1356,0.000,60013.7
1102.299,1103.471,23.1347,0.000,60013.8
1102.799,1103.674,23.1326,0.000,60014.3
1102.799,1103.870,23.1339,0.000,60014.0
1102.799,1104.070,23.1336,0.000,60014.1
1103.299,1104.270,23.1310,0.000,60014.7
1103.299,1104.474,23.1429,0.000,60012.0
1103.800,1104.670,23.1303,0.000,60014.9
1103.800,1104.869,23.1403,0.000,60012.6
1103.800,1105.069,23.1313,0.000,60014.6
1104.300,1105.269,23.1354,0.000,60013.7
1104.300,1105.470,23.1347,0.000,60013.9
1104.800,1105.668,23.1289,0.000,60015.2
1104.800,1105.868,23.1421,0.000,60012.2
1104.800,1106.068,23.1333,0.000,60014.2
1105.299,1106.268,23.1225,0.000,60016.6
1105.299,1106.469,23.1364,0.000,60013.5
