host_elapsed_s,board_elapsed_s,temperature_c,duty_pct,adc_raw
0.223,1110.466,23.1469,0.000,60011.1
0.724,1110.666,23.1387,0.000,60013.0
0.724,1110.864,23.1333,0.000,60014.2
0.724,1111.064,23.1284,0.000,60015.3
1.224,1111.265,23.1450,0.000,60011.5
1.224,1111.466,23.1522,0.000,60009.9
1.724,1111.665,23.1569,0.000,60008.8
1.724,1111.864,23.1478,0.000,60010.9
1.725,1112.064,23.1427,0.000,60012.0
2.224,1112.264,23.1378,0.000,60013.1
2.224,1112.465,23.1396,0.000,60012.8
2.724,1112.664,23.1558,0.000,60009.0
2.724,1112.864,23.1375,0.000,60013.2
2.724,1113.062,23.1411,0.000,60012.4
3.276,1113.264,23.1411,0.000,60012.4
3.276,1113.465,23.1436,0.000,60011.8
3.276,1113.663,23.1437,0.000,60011.8
3.724,1113.862,23.1440,0.000,60011.7
3.724,1114.063,23.1476,0.000,60010.9
4.224,1114.263,23.1333,0.000,60014.2
4.224,1114.464,23.1431,0.000,60011.9
4.724,1114.663,23.1587,0.000,60008.4
4.724,1114.862,23.1414,0.000,60012.4
4.724,1115.063,23.1383,0.000,60013.0
5.224,1115.263,23.1544,0.000,60009.4
5.225,1115.463,23.1390,0.000,60012.9
5.724,1115.662,23.1450,0.000,60011.5
5.724,1115.862,23.1616,0.000,60007.7
5.724,1116.062,23.1450,0.000,60011.5
6.224,1116.263,23.1387,0.000,60013.0
6.224,1116.462,23.1403,0.000,60012.6
6.724,1116.662,23.1476,0.000,60010.9
6.725,1116.861,23.1365,0.000,60013.4
6.725,1117.061,23.1494,0.000,60010.5
7.224,1117.262,23.1338,0.000,60014.0
7.225,1117.461,23.1593,0.000,60008.2
7.724,1117.661,23.1518,0.000,60010.0
7.725,1117.859,23.1528,0.000,60009.7
7.725,1118.061,23.1356,0.000,60013.7
8.254,1118.262,23.1632,0.000,60007.3
8.254,1118.460,23.1585,0.000,60008.4
8.724,1118.660,23.1592,0.000,60008.3
8.724,1118.860,23.1632,0.000,60007.4
8.724,1119.060,23.1391,0.000,60012.9
9.224,1119.261,23.1437,0.000,60011.8
9.224,1119.459,23.1502,0.000,60010.3
9.724,1119.659,23.1544,0.000,60009.4
9.724,1119.859,23.1611,0.000,60007.8
9.724,1120.059,23.1689,0.000,60006.1
10.224,1120.260,23.1450,0.000,60011.5
10.225,1120.459,23.1564,0.000,60008.9
10.724,1120.659,23.1536,0.000,60009.6
10.724,1120.859,23.1590,0.000,60008.4
10.724,1121.059,23.1631,0.000,60007.4
11.224,1121.260,23.1582,0.000,60008.5
11.224,1121.458,23.1377,0.000,60013.1
11.742,1121.658,23.1574,0.000,60008.7
11.742,1121.858,23.1616,0.000,60007.7
11.742,1122.058,23.1611,0.000,60007.8
12.224,1122.263,23.1852,100.000,60002.4
12.225,1122.459,23.1862,100.000,60002.1
12.724,1122.658,23.1875,100.000,60001.8
12.725,1122.857,23.1895,100.000,60001.4
12.725,1123.058,23.1862,100.000,60002.1
13.224,1123.258,23.2055,100.000,59997.7
13.225,1123.457,23.1888,100.000,60001.5
13.724,1123.658,23.1842,100.000,60002.6
13.725,1123.857,23.1785,100.000,60003.9
13.725,1124.057,23.1934,100.000,60000.5
14.224,1124.258,23.1902,100.000,60001.2
14.224,1124.456,23.1916,100.000,60000.9
14.724,1124.656,23.2039,100.000,59998.1
14.725,1124.856,23.1885,100.000,60001.6
14.725,1125.056,23.2070,100.000,59997.4
15.224,1125.257,23.2153,100.000,59995.5
15.225,1125.456,23.1973,100.000,59999.6
15.724,1125.656,23.2090,100.000,59996.9
15.725,1125.855,23.2002,100.000,59998.9
15.725,1126.055,23.1989,100.000,59999.2
16.224,1126.256,23.2082,100.000,59997.1
16.225,1126.455,23.2025,100.000,59998.4
16.724,1126.655,23.2082,100.000,59997.1
16.725,1126.853,23.2085,100.000,59997.0
16.725,1127.055,23.2223,100.000,59993.9
17.224,1127.256,23.2256,100.000,59993.2
17.225,1127.454,23.2358,100.000,59990.8
17.724,1127.654,23.2256,100.000,59993.1
17.724,1127.854,23.2238,100.000,59993.5
17.724,1128.054,23.2186,100.000,59994.7
18.224,1128.255,23.2414,100.000,59989.5
18.225,1128.454,23.2506,100.000,59987.4
18.724,1128.654,23.2446,100.000,59988.8
18.725,1128.854,23.2480,100.000,59988.1
18.725,1129.055,23.2544,100.000,59986.6
19.224,1129.254,23.2695,100.000,59983.1
19.225,1129.453,23.2632,100.000,59984.6
19.724,1129.653,23.2713,100.000,59982.7
19.724,1129.853,23.2910,100.000,59978.2
19.724,1130.054,23.3097,100.000,59973.9
20.224,1130.252,23.3159,100.000,59972.6
20.224,1130.452,23.3213,100.000,59971.3
20.724,1130.652,23.3095,100.000,59974.0
20.724,1130.853,23.3561,100.000,59963.3
20.725,1131.053,23.3527,100.000,59964.1
21.224,1131.252,23.3717,100.000,59959.7
21.225,1131.452,23.3613,100.000,59962.1
21.724,1131.652,23.3699,100.000,59960.1
21.725,1131.852,23.3447,100.000,59965.9
21.725,1132.051,23.3804,100.000,59957.7
22.224,1132.251,23.3948,100.000,59954.4
22.224,1132.451,23.4110,100.000,59950.7
22.724,1132.651,23.3940,100.000,59954.6
22.725,1132.851,23.4036,100.000,59952.4
22.725,1133.052,23.4144,100.000,59949.9
23.224,1133.251,23.4377,100.000,59944.6
23.225,1133.451,23.4528,100.000,59941.1
23.724,1133.650,23.4684,100.000,59937.5
23.724,1133.850,23.5015,100.000,59930.0
23.724,1134.051,23.5026,100.000,59929.7
24.224,1134.250,23.5130,100.000,59927.3
24.225,1134.450,23.5140,100.000,59927.1
24.724,1134.650,23.5319,100.000,59922.9
24.725,1134.850,23.5355,100.000,59922.1
24.725,1135.051,23.5338,100.000,59922.5
25.224,1135.249,23.5454,100.000,59919.8
25.225,1135.449,23.5810,100.000,59911.6
25.724,1135.649,23.5698,100.000,59914.2
25.725,1135.849,23.6079,100.000,59905.4
25.725,1136.050,23.6092,100.000,59905.1
26.224,1136.249,23.6129,100.000,59904.2
26.225,1136.449,23.6169,100.000,59903.4
26.724,1136.648,23.6474,100.000,59896.3
26.725,1136.849,23.6382,100.000,59898.4
26.725,1137.049,23.6396,100.000,59898.1
27.224,1137.248,23.6546,100.000,59894.6
27.224,1137.448,23.6671,100.000,59891.8
27.724,1137.648,23.6662,100.000,59892.0
27.724,1137.847,23.6748,100.000,59890.0
27.725,1138.049,23.6977,100.000,59884.7
28.224,1138.247,23.7021,100.000,59883.6
28.224,1138.446,23.7168,100.000,59880.3
28.724,1138.647,23.7135,100.000,59881.0
28.725,1138.847,23.7309,100.000,59877.0
28.725,1139.048,23.7516,100.000,59872.2
29.224,1139.246,23.7391,100.000,59875.1
29.224,1139.446,23.7505,100.000,59872.4
29.724,1139.647,23.7705,100.000,59867.8
29.724,1139.847,23.7802,100.000,59865.6
29.724,1140.047,23.7837,100.000,59864.8
30.223,1140.246,23.7923,100.000,59862.7
30.223,1140.446,23.8057,100.000,59859.6
30.724,1140.646,23.8325,100.000,59853.4
30.724,1140.847,23.8203,100.000,59856.2
30.724,1141.047,23.8426,100.000,59851.1
31.224,1141.245,23.8618,100.000,59846.6
31.224,1141.445,23.8600,100.000,59847.0
31.724,1141.645,23.8667,100.000,59845.4
31.725,1141.846,23.8721,100.000,59844.2
31.725,1142.045,23.8882,100.000,59840.4
32.224,1142.245,23.8906,100.000,59839.9
32.224,1142.445,23.9268,100.000,59831.4
32.724,1142.645,23.8930,100.000,59839.3
32.725,1142.846,23.9093,100.000,59835.5
32.725,1143.044,23.9478,100.000,59826.6
33.224,1143.244,23.9450,100.000,59827.2
33.224,1143.444,23.9573,100.000,59824.3
33.724,1143.644,23.9596,100.000,59823.8
33.725,1143.845,23.9752,100.000,59820.1
33.725,1144.043,23.9902,100.000,59816.6
34.224,1144.243,24.0138,100.000,59811.1
34.224,1144.443,24.0146,100.000,59810.9
34.724,1144.644,24.0286,100.000,59807.7
34.724,1144.844,24.0335,100.000,59806.5
34.724,1145.043,24.0477,100.000,59803.2
35.224,1145.243,24.0719,100.000,59797.6
35.224,1145.443,24.0706,100.000,59797.9
35.724,1145.643,24.0771,100.000,59796.4
35.724,1145.843,24.1059,100.000,59789.6
35.724,1146.043,24.1084,100.000,59789.0
36.224,1146.242,24.1027,100.000,59790.4
36.224,1146.442,24.1157,100.000,59787.3
36.724,1146.642,24.1577,100.000,59777.4
36.724,1146.843,24.1572,100.000,59777.6
36.724,1147.042,24.1686,100.000,59774.9
37.224,1147.242,24.1880,100.000,59770.4
37.224,1147.441,24.2002,100.000,59767.5
37.724,1147.641,24.2339,100.000,59759.6
37.724,1147.842,24.2420,100.000,59757.6
37.724,1148.040,24.2405,100.000,59758.0
38.224,1148.240,24.2656,100.000,59752.1
38.225,1148.441,24.2728,100.000,59750.4
38.724,1148.641,24.2930,100.000,59745.7
38.724,1148.842,24.3019,100.000,59743.5
38.724,1149.040,24.3201,100.000,59739.2
39.224,1149.240,24.3327,100.000,59736.3
39.224,1149.440,24.3367,100.000,59735.3
39.724,1149.640,24.3499,100.000,59732.2
39.725,1149.841,24.3621,100.000,59729.4
39.725,1150.040,24.3745,100.000,59726.4
40.224,1150.238,24.3913,100.000,59722.5
40.224,1150.440,24.3994,100.000,59720.5
40.724,1150.640,24.4269,100.000,59714.0
40.725,1150.840,24.4406,100.000,59710.8
40.725,1151.039,24.4705,100.000,59703.7
41.224,1151.239,24.4749,100.000,59702.6
41.225,1151.439,24.4808,100.000,59701.3
41.724,1151.638,24.4857,100.000,59700.1
41.725,1151.840,24.5098,100.000,59694.4
41.725,1152.038,24.5225,100.000,59691.4
42.224,1152.238,24.5636,100.000,59681.6
42.225,1152.438,24.5581,100.000,59682.9
42.724,1152.638,24.5726,100.000,59679.5
42.724,1152.839,24.5828,100.000,59677.0
42.724,1153.038,24.5797,100.000,59677.8
43.224,1153.238,24.5980,100.000,59673.4
43.224,1153.438,24.6445,100.000,59662.4
43.724,1153.638,24.6486,100.000,59661.4
43.724,1153.838,24.6606,100.000,59658.5
43.725,1154.037,24.6881,100.000,59652.0
44.224,1154.237,24.7016,100.000,59648.8
44.225,1154.437,24.7217,100.000,59644.0
44.724,1154.638,24.7176,100.000,59645.0
44.724,1154.838,24.7440,100.000,59638.7
44.724,1155.036,24.7642,100.000,59633.8
45.224,1155.236,24.7796,100.000,59630.1
45.225,1155.436,24.8193,100.000,59620.6
45.724,1155.637,24.8128,100.000,59622.2
45.724,1155.836,24.8520,100.000,59612.8
45.724,1156.036,24.8420,100.000,59615.2
46.224,1156.235,24.8678,100.000,59609.0
46.225,1156.436,24.8878,100.000,59604.2
46.724,1156.637,24.8940,100.000,59602.7
46.725,1156.835,24.9189,100.000,59596.8
46.725,1157.035,24.9323,100.000,59593.5
47.224,1157.235,24.9409,100.000,59591.5
47.225,1157.435,24.9604,100.000,59586.8
47.724,1157.636,24.9944,100.000,59578.6
47.724,1157.834,25.0080,100.000,59575.3
47.724,1158.034,25.0097,100.000,59574.9
48.224,1158.233,25.0431,100.000,59566.9
48.224,1158.434,25.0591,100.000,59563.0
48.724,1158.635,25.0745,100.000,59559.3
48.724,1158.834,25.0988,100.000,59553.5
48.724,1159.034,25.1211,100.000,59548.1
49.224,1159.234,25.1250,100.000,59547.1
49.224,1159.434,25.1388,100.000,59543.8
49.724,1159.633,25.1697,100.000,59536.3
49.724,1159.834,25.1829,100.000,59533.1
49.724,1160.033,25.2178,100.000,59524.7
50.224,1160.233,25.2391,100.000,59519.5
50.224,1160.433,25.2527,100.000,59516.2
50.724,1160.634,25.2848,100.000,59508.4
50.724,1160.832,25.2973,100.000,59505.4
50.724,1161.033,25.3193,100.000,59500.1
51.224,1161.232,25.3193,100.000,59500.1
51.225,1161.432,25.3520,100.000,59492.1
51.724,1161.633,25.3694,100.000,59487.9
51.725,1161.832,25.4046,100.000,59479.3
51.725,1162.032,25.4038,100.000,59479.5
52.224,1162.232,25.4271,100.000,59473.8
52.225,1162.432,25.4430,100.000,59469.9
52.724,1162.633,25.4674,100.000,59464.0
52.725,1162.831,25.4857,100.000,59459.6
52.725,1163.030,25.4977,100.000,59456.6
53.224,1163.231,25.5198,100.000,59451.2
53.224,1163.430,25.5644,100.000,59440.3
53.724,1163.632,25.5669,100.000,59439.7
53.724,1163.831,25.5916,100.000,59433.6
53.724,1164.030,25.6226,100.000,59426.1
54.224,1164.230,25.6209,100.000,59426.5
54.225,1164.430,25.6579,100.000,59417.4
54.724,1164.631,25.6745,100.000,59413.3
54.725,1164.830,25.6938,100.000,59408.6
54.725,1165.030,25.7156,100.000,59403.2
55.224,1165.230,25.7360,100.000,59398.2
55.224,1165.430,25.7806,100.000,59387.2
55.724,1165.631,25.8066,100.000,59380.8
55.724,1165.829,25.8395,100.000,59372.7
55.724,1166.029,25.8372,100.000,59373.3
56.224,1166.229,25.8742,100.000,59364.1
56.225,1166.430,25.9183,100.000,59353.2
56.724,1166.630,25.9229,100.000,59352.1
56.725,1166.829,25.9487,100.000,59345.7
56.725,1167.029,25.9694,100.000,59340.6
57.224,1167.229,25.9974,100.000,59333.7
57.225,1167.428,26.0029,100.000,59332.3
57.724,1167.628,26.0309,100.000,59325.4
57.725,1167.828,26.0522,100.000,59320.1
57.725,1168.028,26.0729,100.000,59314.9
58.224,1168.228,26.0978,100.000,59308.7
58.224,1168.428,26.1238,100.000,59302.3
58.724,1168.627,26.1522,100.000,59295.2
58.725,1168.827,26.1634,100.000,59292.4
58.725,1169.027,26.1886,100.000,59286.1
59.224,1169.227,26.2168,100.000,59279.1
59.224,1169.428,26.2236,100.000,59277.4
59.724,1169.626,26.2650,100.000,59267.1
59.725,1169.827,26.2942,100.000,59259.8
59.725,1170.027,26.3306,100.000,59250.7
60.224,1170.227,26.3566,100.000,59244.2
60.225,1170.428,26.3632,100.000,59242.5
60.724,1170.626,26.3955,100.000,59234.5
60.725,1170.826,26.4272,100.000,59226.5
60.725,1171.026,26.4525,100.000,59220.1
61.224,1171.226,26.4529,100.000,59220.0
61.224,1171.427,26.4926,100.000,59210.1
61.724,1171.625,26.5247,100.000,59202.0
61.725,1171.826,26.5371,100.000,59198.8
61.725,1172.025,26.5518,100.000,59195.1
62.224,1172.225,26.5664,100.000,59191.5
62.225,1172.426,26.6128,100.000,59179.8
62.724,1172.625,26.6203,100.000,59177.9
62.725,1172.824,26.6401,100.000,59172.9
62.725,1173.025,26.6646,100.000,59166.7
63.223,1173.225,26.6958,100.000,59158.8
63.224,1173.426,26.7090,100.000,59155.5
63.724,1173.624,26.7321,100.000,59149.7
63.725,1173.824,26.7568,100.000,59143.4
63.725,1174.024,26.7861,100.000,59135.9
64.224,1174.224,26.8222,100.000,59126.8
64.225,1174.425,26.8454,100.000,59120.9
64.724,1174.624,26.8870,100.000,59110.3
64.725,1174.824,26.8911,100.000,59109.3
64.725,1175.023,26.9276,100.000,59100.0
65.223,1175.223,26.9520,100.000,59093.8
65.224,1175.424,26.9694,100.000,59089.4
65.724,1175.623,26.9836,100.000,59085.8
65.725,1175.823,27.0185,100.000,59076.9
65.725,1176.023,27.0441,100.000,59070.3
66.224,1176.223,27.0757,100.000,59062.2
66.225,1176.423,27.0933,100.000,59057.7
66.724,1176.623,27.1178,100.000,59051.4
66.724,1176.822,27.1396,100.000,59045.8
66.724,1177.022,27.1678,100.000,59038.6
67.223,1177.222,27.1867,100.000,59033.8
67.223,1177.422,27.2150,100.000,59026.6
67.724,1177.622,27.2365,100.000,59021.1
67.725,1177.822,27.2653,100.000,59013.6
67.725,1178.022,27.2846,100.000,59008.6
68.224,1178.222,27.3491,100.000,58992.1
68.225,1178.422,27.3483,100.000,58992.3
68.724,1178.621,27.3818,100.000,58983.6
68.725,1178.821,27.4165,100.000,58974.7
68.725,1179.021,27.4384,100.000,58969.0
69.224,1179.222,27.4705,100.000,58960.7
69.225,1179.422,27.4966,100.000,58954.0
69.724,1179.620,27.5119,100.000,58950.0
69.724,1179.820,27.5493,100.000,58940.3
69.725,1180.020,27.5737,100.000,58934.0
70.224,1180.221,27.5927,100.000,58929.1
70.225,1180.420,27.6206,100.000,58921.8
70.724,1180.620,27.6406,100.000,58916.6
70.725,1180.820,27.6732,100.000,58908.2
70.725,1181.019,27.7034,100.000,58900.3
71.224,1181.221,27.7093,100.000,58898.8
71.224,1181.419,27.7476,100.000,58888.8
71.724,1181.619,27.7897,100.000,58877.8
71.725,1181.819,27.7970,100.000,58875.9
71.725,1182.018,27.8279,100.000,58867.8
72.224,1182.220,27.8535,100.000,58861.2
72.225,1182.418,27.9061,100.000,58847.4
72.225,1182.618,27.9035,100.000,58848.1
72.724,1182.818,27.9399,100.000,58838.5
72.724,1183.018,27.9733,100.000,58829.8
73.224,1183.219,28.0039,100.000,58821.8
73.225,1183.417,28.0260,100.000,58816.0
73.225,1183.618,28.0454,100.000,58810.9
73.724,1183.818,28.0879,100.000,58799.7
73.724,1184.018,28.1069,100.000,58794.7
74.224,1184.219,28.1305,100.000,58788.5
74.224,1184.417,28.1579,100.000,58781.3
74.224,1184.617,28.1860,100.000,58773.9
74.724,1184.817,28.2230,100.000,58764.1
74.725,1185.017,28.2397,100.000,58759.7
75.224,1185.218,28.2622,100.000,58753.7
75.224,1185.417,28.3008,100.000,58743.6
75.224,1185.617,28.3340,100.000,58734.8
75.724,1185.816,28.3709,100.000,58725.0
75.724,1186.016,28.4095,100.000,58714.8
76.224,1186.217,28.4093,100.000,58714.8
76.224,1186.416,28.4406,100.000,58706.5
76.224,1186.616,28.4764,100.000,58697.0
76.724,1186.816,28.5210,100.000,58685.1
76.724,1187.016,28.5283,100.000,58683.2
77.224,1187.215,28.5547,100.000,58676.1
77.224,1187.416,28.5728,100.000,58671.3
77.224,1187.614,28.6028,100.000,58663.3
77.724,1187.815,28.6430,100.000,58652.6
77.725,1188.015,28.6526,100.000,58650.0
78.224,1188.216,28.6999,100.000,58637.4
78.224,1188.415,28.7137,100.000,58633.7
78.224,1188.614,28.7506,100.000,58623.8
78.724,1188.815,28.7866,100.000,58614.1
78.724,1189.015,28.8134,100.000,58606.9
79.224,1189.215,28.8317,100.000,58602.0
79.224,1189.414,28.8696,100.000,58591.8
79.224,1189.614,28.8963,100.000,58584.7
79.724,1189.813,28.9334,100.000,58574.7
79.725,1190.014,28.9469,100.000,58571.0
80.224,1190.215,28.9868,100.000,58560.3
80.224,1190.413,29.0065,100.000,58555.0
80.224,1190.612,29.0267,100.000,58549.5
80.724,1190.814,29.0649,100.000,58539.2
80.724,1191.013,29.0781,100.000,58535.6
81.224,1191.214,29.1211,100.000,58524.0
81.224,1191.413,29.1494,100.000,58516.4
81.224,1191.612,29.1797,100.000,58508.1
81.724,1191.813,29.2357,100.000,58493.0
81.724,1192.013,29.2381,100.000,58492.3
82.224,1192.213,29.2768,100.000,58481.8
82.224,1192.412,29.3008,100.000,58475.3
82.224,1192.612,29.3389,100.000,58464.8
82.724,1192.812,29.3853,100.000,58452.2
82.724,1193.013,29.4192,100.000,58443.0
83.224,1193.213,29.4238,100.000,58441.7
83.224,1193.411,29.4464,100.000,58435.6
83.224,1193.611,29.4793,100.000,58426.6
83.724,1193.811,29.5020,100.000,58420.4
83.724,1194.012,29.5431,100.000,58409.1
84.223,1194.211,29.5786,100.000,58399.4
84.223,1194.411,29.5941,100.000,58395.2
84.223,1194.611,29.6232,100.000,58387.1
84.724,1194.811,29.6544,100.000,58378.6
84.724,1195.012,29.6948,100.000,58367.5
85.224,1195.210,29.7336,100.000,58356.8
85.224,1195.410,29.7558,100.000,58350.7
85.224,1195.610,29.7915,100.000,58340.9
85.724,1195.810,29.8242,100.000,58331.8
85.724,1196.011,29.8587,100.000,58322.4
86.224,1196.209,29.8740,100.000,58318.1
86.224,1196.409,29.9204,100.000,58305.3
86.224,1196.609,29.9404,100.000,58299.8
86.723,1196.809,29.9774,100.000,58289.5
86.723,1197.010,29.9900,100.000,58286.0
87.224,1197.209,30.0403,100.000,58272.1
87.224,1197.409,30.0501,100.000,58269.4
87.224,1197.609,30.0830,100.000,58260.2
87.724,1197.809,30.1193,100.000,58250.1
87.724,1198.010,30.1660,100.000,58237.1
88.224,1198.208,30.1912,100.000,58230.1
88.224,1198.408,30.2103,100.000,58224.8
88.224,1198.608,30.2617,100.000,58210.4
88.724,1198.808,30.2853,100.000,58203.9
88.724,1199.009,30.3213,100.000,58193.8
89.224,1199.208,30.3507,100.000,58185.6
89.224,1199.408,30.3727,100.000,58179.4
89.224,1199.607,30.4106,100.000,58168.8
89.724,1199.807,30.4262,100.000,58164.4
89.724,1200.008,30.4632,100.000,58154.1
90.224,1200.206,30.5098,100.000,58141.0
90.224,1200.408,30.5166,100.000,58139.1
90.224,1200.607,30.5793,100.000,58121.4
90.724,1200.807,30.5942,100.000,58117.2
90.724,1201.008,30.6323,100.000,58106.5
91.224,1201.206,30.6605,100.000,58098.6
91.224,1201.406,30.6901,100.000,58090.2
91.224,1201.606,30.7231,100.000,58080.8
91.724,1201.806,30.7466,100.000,58074.2
91.724,1202.007,30.7848,100.000,58063.4
92.224,1202.206,30.8205,100.000,58053.3
92.224,1202.406,30.8507,100.000,58044.8
92.224,1202.605,30.8730,100.000,58038.4
92.724,1202.805,30.9098,100.000,58028.0
92.724,1203.006,30.9481,100.000,58017.1
93.224,1203.205,30.9673,100.000,58011.6
93.224,1203.405,30.9943,100.000,58003.9
93.224,1203.604,31.0174,100.000,57997.4
93.724,1203.805,31.0548,100.000,57986.7
93.724,1204.006,31.0874,100.000,57977.4
94.224,1204.204,31.1146,100.000,57969.7
94.224,1204.404,31.1480,100.000,57960.1
94.224,1204.604,31.1768,100.000,57951.9
94.724,1204.805,31.2085,100.000,57942.8
94.724,1205.005,31.2562,100.000,57929.2
95.224,1205.204,31.2947,100.000,57918.1
95.224,1205.404,31.3096,100.000,57913.8
95.224,1205.604,31.3299,100.000,57908.0
95.724,1205.804,31.3820,100.000,57893.0
95.724,1206.003,31.3925,100.000,57890.0
96.224,1206.203,31.4160,100.000,57883.2
96.224,1206.403,31.4653,100.000,57869.1
96.224,1206.603,31.5172,100.000,57854.1
96.724,1206.804,31.5233,100.000,57852.3
96.724,1207.003,31.5718,100.000,57838.3
97.224,1207.203,31.6051,100.000,57828.7
97.224,1207.402,31.6357,100.000,57819.8
97.224,1207.602,31.6728,100.000,57809.1
97.724,1207.803,31.6904,100.000,57804.0
97.724,1208.002,31.7314,100.000,57792.1
98.224,1208.202,31.7545,100.000,57785.4
98.224,1208.402,31.7980,100.000,57772.8
98.224,1208.602,31.8239,100.000,57765.2
98.724,1208.802,31.8519,100.000,57757.1
98.724,1209.001,31.8947,100.000,57744.6
99.224,1209.201,31.9209,100.000,57737.0
99.224,1209.401,31.9627,100.000,57724.8
99.224,1209.601,32.0067,100.000,57712.0
99.723,1209.802,32.0430,100.000,57701.3
99.723,1210.001,32.0713,100.000,57693.1
100.224,1210.201,32.0942,100.000,57686.4
100.224,1210.400,32.1391,100.000,57673.2
100.224,1210.600,32.1611,100.000,57666.7
100.724,1210.801,32.1948,100.000,57656.8
100.724,1211.000,32.2360,100.000,57644.7
101.224,1211.200,32.2503,100.000,57640.5
101.224,1211.400,32.2903,100.000,57628.7
101.224,1211.600,32.3166,100.000,57621.0
101.724,1211.801,32.3489,100.000,57611.5
101.724,1211.998,32.3989,100.000,57596.8
102.224,1212.198,32.4160,100.000,57591.7
102.224,1212.399,32.4583,100.000,57579.2
102.224,1212.599,32.5036,100.000,57565.8
102.723,1212.800,32.5415,100.000,57554.6
102.723,1212.999,32.5711,100.000,57545.8
103.224,1213.199,32.5932,100.000,57539.3
103.224,1213.398,32.6253,100.000,57529.7
103.224,1213.598,32.6549,100.000,57520.9
103.723,1213.799,32.6917,100.000,57510.0
103.723,1213.998,32.7275,100.000,57499.3
104.224,1214.198,32.7681,100.000,57487.2
104.224,1214.398,32.8021,100.000,57477.1
104.224,1214.598,32.8445,100.000,57464.4
104.724,1214.797,32.8725,100.000,57456.1
104.724,1214.998,32.9141,100.000,57443.7
105.224,1215.196,32.9474,100.000,57433.7
105.224,1215.397,32.9861,100.000,57422.1
105.224,1215.597,33.0228,100.000,57411.1
105.724,1215.798,33.0464,100.000,57404.1
105.724,1215.997,33.0805,100.000,57393.8
106.224,1216.196,33.1012,100.000,57387.6
106.224,1216.397,33.1480,100.000,57373.5
106.224,1216.597,33.1691,100.000,57367.2
106.724,1216.797,33.1867,100.000,57361.9
106.724,1216.996,33.2078,100.000,57355.5
107.224,1217.196,33.2226,100.000,57351.1
107.224,1217.396,33.2371,100.000,57346.7
107.224,1217.597,33.2414,100.000,57345.4
107.724,1217.797,33.2520,100.000,57342.2
107.724,1217.995,33.2500,100.000,57342.8
108.224,1218.195,33.2502,100.000,57342.7
108.224,1218.395,33.2576,100.000,57340.5
108.224,1218.596,33.2603,100.000,57339.7
108.724,1218.795,33.2677,100.000,57337.4
108.724,1218.995,33.2700,100.000,57336.7
109.224,1219.195,33.2819,100.000,57333.2
109.224,1219.395,33.2978,100.000,57328.4
109.224,1219.595,33.3237,100.000,57320.6
109.724,1219.794,33.3351,100.000,57317.1
109.724,1219.994,33.3569,100.000,57310.5
110.224,1220.194,33.4009,100.000,57297.2
110.224,1220.394,33.4313,100.000,57288.0
110.224,1220.595,33.4624,100.000,57278.5
110.724,1220.793,33.4970,100.000,57268.1
110.724,1220.994,33.5402,100.000,57254.9
111.224,1221.193,33.5757,100.000,57244.1
111.224,1221.393,33.6164,100.000,57231.8
111.224,1221.594,33.6499,100.000,57221.6
111.724,1221.793,33.6945,100.000,57208.0
111.724,1221.993,33.7191,100.000,57200.5
112.224,1222.193,33.7798,100.000,57181.9
112.224,1222.392,33.8141,100.000,57171.4
112.224,1222.594,33.8403,100.000,57163.4
112.724,1222.792,33.8817,100.000,57150.8
112.724,1222.992,33.9054,100.000,57143.5
113.224,1223.192,33.9411,100.000,57132.6
113.224,1223.392,33.9832,100.000,57119.6
113.224,1223.593,34.0151,100.000,57109.8
113.724,1223.792,34.0521,100.000,57098.4
113.724,1223.990,34.0944,100.000,57085.4
114.224,1224.191,34.1414,100.000,57070.9
114.224,1224.391,34.1738,100.000,57060.9
114.224,1224.592,34.1982,100.000,57053.4
114.724,1224.791,34.2350,100.000,57042.0
114.724,1224.992,34.2737,100.000,57030.1
115.223,1225.189,34.3146,100.000,57017.4
115.224,1225.391,34.3433,100.000,57008.5
115.224,1225.592,34.3808,100.000,56996.9
115.724,1225.790,34.4140,100.000,56986.6
115.724,1225.990,34.4591,100.000,56972.6
116.224,1226.190,34.5088,100.000,56957.2
116.224,1226.390,34.5465,100.000,56945.4
116.224,1226.591,34.5853,100.000,56933.4
116.724,1226.790,34.6279,100.000,56920.1
116.724,1226.990,34.6696,100.000,56907.0
117.224,1227.189,34.7101,100.000,56894.4
117.224,1227.389,34.7402,100.000,56885.0
117.224,1227.590,34.7900,100.000,56869.4
117.724,1227.789,34.8330,100.000,56855.9
117.725,1227.989,34.8520,100.000,56850.0
118.224,1228.189,34.9036,100.000,56833.7
118.224,1228.389,34.9473,100.000,56820.0
118.224,1228.590,34.9883,100.000,56807.1
118.724,1228.788,35.0244,100.000,56795.8
118.724,1228.988,35.0850,100.000,56776.6
119.224,1229.188,35.0913,100.000,56774.7
119.224,1229.388,35.1515,100.000,56755.6
119.224,1229.589,35.1899,100.000,56743.5
119.724,1229.788,35.2262,100.000,56732.0
119.724,1229.988,35.2723,100.000,56717.4
120.224,1230.188,35.3159,100.000,56703.6
120.224,1230.388,35.3660,100.000,56687.7
120.224,1230.587,35.4136,100.000,56672.6
120.724,1230.787,35.4463,100.000,56662.2
120.724,1230.987,35.4878,100.000,56649.0
121.224,1231.187,35.5327,100.000,56634.7
121.224,1231.388,35.5641,100.000,56624.6
121.224,1231.588,35.6079,100.000,56610.6
121.724,1231.787,35.6551,100.000,56595.6
121.724,1231.986,35.7010,100.000,56580.9
122.224,1232.186,35.7417,100.000,56567.8
122.224,1232.387,35.7803,100.000,56555.5
122.224,1232.586,35.8211,100.000,56542.4
122.723,1232.786,35.8713,100.000,56526.3
122.723,1232.984,35.9030,100.000,56516.0
123.224,1233.186,35.9448,100.000,56502.6
123.224,1233.387,35.9839,100.000,56490.0
123.224,1233.585,36.0308,100.000,56474.9
123.724,1233.785,36.0877,100.000,56456.5
123.724,1233.985,36.1356,100.000,56441.1
124.224,1234.185,36.1798,100.000,56426.7
124.224,1234.386,36.2004,100.000,56420.1
124.224,1234.584,36.2160,100.000,56415.0
124.724,1234.784,36.2648,100.000,56399.2
124.724,1234.984,36.3044,100.000,56386.3
125.224,1235.184,36.3533,100.000,56370.4
125.224,1235.385,36.3945,100.000,56357.1
125.225,1235.584,36.4227,100.000,56347.9
125.724,1235.783,36.4648,100.000,56334.1
125.724,1235.984,36.5231,100.000,56315.1
126.224,1236.184,36.5695,100.000,56300.0
126.224,1236.385,36.6104,100.000,56286.7
126.224,1236.583,36.6517,100.000,56273.1
126.724,1236.783,36.6987,100.000,56257.8
126.724,1236.983,36.7259,100.000,56248.8
127.224,1237.183,36.7781,100.000,56231.7
127.224,1237.384,36.8228,100.000,56217.0
127.224,1237.583,36.8680,100.000,56202.1
127.724,1237.783,36.9092,100.000,56188.6
127.724,1237.982,36.9616,100.000,56171.4
128.224,1238.182,37.0049,100.000,56157.1
128.224,1238.383,37.0588,100.000,56139.3
128.224,1238.582,37.1056,100.000,56123.8
128.724,1238.782,37.1406,100.000,56112.2
128.724,1238.982,37.1805,100.000,56099.0
129.224,1239.182,37.2217,100.000,56085.3
129.224,1239.383,37.2559,100.000,56074.0
129.224,1239.581,37.3193,100.000,56052.9
129.724,1239.780,37.3566,100.000,56040.5
129.724,1239.981,37.3911,100.000,56029.0
130.224,1240.180,37.4438,100.000,56011.5
130.224,1240.382,37.4782,100.000,56000.0
130.224,1240.581,37.5249,100.000,55984.5
130.724,1240.780,37.5789,100.000,55966.4
130.724,1240.980,37.6144,100.000,55954.5
131.224,1241.180,37.6545,100.000,55941.1
131.224,1241.381,37.7065,100.000,55923.7
131.224,1241.580,37.7588,100.000,55906.1
131.724,1241.780,37.7881,100.000,55896.3
131.724,1241.980,37.8408,100.000,55878.6
132.224,1242.180,37.8779,100.000,55866.1
132.224,1242.381,37.9302,100.000,55848.5
132.224,1242.580,37.9663,100.000,55836.3
132.724,1242.779,38.0176,100.000,55819.1
132.724,1242.979,38.0537,100.000,55806.8
133.224,1243.180,38.1102,100.000,55787.7
133.224,1243.380,38.1403,100.000,55777.6
133.224,1243.579,38.2023,100.000,55756.5
133.724,1243.777,38.2324,100.000,55746.4
133.724,1243.979,38.2739,100.000,55732.2
134.224,1244.180,38.3120,100.000,55719.3
134.224,1244.379,38.3594,100.000,55703.2
134.224,1244.578,38.4012,100.000,55689.0
134.724,1244.778,38.4518,100.000,55671.7
134.724,1244.978,38.4995,100.000,55655.4
135.224,1245.179,38.5469,100.000,55639.2
135.224,1245.377,38.5898,100.000,55624.6
135.224,1245.577,38.6367,100.000,55608.5
135.724,1245.777,38.6748,100.000,55595.5
135.724,1245.977,38.7073,100.000,55584.4
136.224,1246.178,38.7695,100.000,55563.0
136.224,1246.377,38.8044,100.000,55551.1
136.224,1246.577,38.8613,100.000,55531.5
136.723,1246.775,38.8955,100.000,55519.8
136.724,1246.977,38.9360,100.000,55505.7
137.224,1247.178,38.9826,100.000,55489.8
137.224,1247.376,39.0230,100.000,55475.8
137.224,1247.576,39.0661,100.000,55460.9
137.724,1247.776,39.1043,100.000,55447.7
137.724,1247.975,39.1611,100.000,55428.0
138.224,1248.177,39.1984,100.000,55415.1
138.224,1248.375,39.2576,100.000,55394.6
138.224,1248.576,39.2929,100.000,55382.4
138.724,1248.775,39.3351,100.000,55367.7
138.724,1248.975,39.3852,100.000,55350.3
139.224,1249.176,39.4240,100.000,55336.8
139.224,1249.375,39.4609,100.000,55323.9
139.224,1249.576,39.5153,100.000,55305.0
139.724,1249.775,39.5695,100.000,55286.0
139.724,1249.975,39.6191,100.000,55268.7
140.224,1250.176,39.6603,100.000,55254.3
140.224,1250.374,39.7112,100.000,55236.5
140.224,1250.574,39.7456,100.000,55224.5
140.724,1250.774,39.7962,100.000,55206.7
140.724,1250.974,39.8338,100.000,55193.5
141.224,1251.175,39.8885,100.000,55174.3
141.225,1251.374,39.9267,100.000,55160.9
141.225,1251.574,39.9725,100.000,55144.8
141.724,1251.773,40.0291,100.000,55124.7
141.724,1251.973,40.0630,100.000,55112.8
142.223,1252.174,40.1086,100.000,55096.7
142.223,1252.373,40.1443,100.000,55084.1
142.223,1252.573,40.1824,100.000,55070.6
142.724,1252.773,40.2316,100.000,55053.2
142.725,1252.973,40.2749,100.000,55037.8
143.224,1253.174,40.3200,100.000,55021.8
143.225,1253.373,40.3598,100.000,55007.8
143.225,1253.572,40.4014,100.000,54993.0
143.724,1253.772,40.4468,100.000,54976.8
143.725,1253.972,40.4937,100.000,54960.1
144.224,1254.173,40.5371,100.000,54944.7
144.225,1254.372,40.5649,100.000,54934.8
144.225,1254.571,40.6245,100.000,54913.5
144.724,1254.772,40.6657,100.000,54898.8
144.725,1254.972,40.7124,100.000,54882.1
145.224,1255.172,40.7547,100.000,54867.0
145.225,1255.371,40.7957,100.000,54852.2
145.225,1255.571,40.8388,100.000,54836.8
145.724,1255.771,40.8792,100.000,54822.3
145.725,1255.972,40.9207,100.000,54807.4
146.224,1256.172,40.9632,100.000,54792.1
146.225,1256.370,41.0124,100.000,54774.4
146.225,1256.570,41.0444,100.000,54762.9
146.724,1256.770,41.1050,100.000,54741.1
146.725,1256.971,41.1442,100.000,54726.9
147.224,1257.170,41.1750,100.000,54715.8
147.224,1257.370,41.2099,100.000,54703.2
147.225,1257.570,41.2581,100.000,54685.8
147.724,1257.770,41.2930,100.000,54673.1
147.724,1257.969,41.3438,100.000,54654.8
148.224,1258.169,41.3911,100.000,54637.6
148.225,1258.369,41.4396,100.000,54620.0
148.225,1258.569,41.4787,100.000,54605.8
148.724,1258.769,41.5224,100.000,54589.9
148.725,1258.970,41.5547,100.000,54578.1
149.224,1259.168,41.5962,100.000,54563.0
149.225,1259.368,41.6386,100.000,54547.6
149.225,1259.568,41.6797,100.000,54532.6
149.724,1259.769,41.7329,100.000,54513.1
149.725,1259.969,41.7646,100.000,54501.6
150.224,1260.168,41.8040,100.000,54487.2
150.224,1260.368,41.8423,100.000,54473.2
150.224,1260.568,41.8820,100.000,54458.6
150.724,1260.768,41.9233,100.000,54443.5
150.724,1260.967,41.9622,100.000,54429.2
151.224,1261.168,42.0189,100.000,54408.4
151.224,1261.367,42.0465,100.000,54398.3
151.224,1261.567,42.1082,100.000,54375.6
151.724,1261.767,42.1294,100.000,54367.8
151.725,1261.968,42.1720,100.000,54352.1
152.224,1262.166,42.2070,100.000,54339.2
152.225,1262.367,42.2578,100.000,54320.4
152.225,1262.566,42.2912,100.000,54308.1
152.724,1262.766,42.3314,100.000,54293.3
152.724,1262.967,42.3725,100.000,54278.1
153.224,1263.166,42.4134,100.000,54263.0
153.224,1263.366,42.4468,100.000,54250.6
153.224,1263.564,42.4889,100.000,54234.9
153.724,1263.766,42.5330,100.000,54218.6
153.724,1263.967,42.5757,100.000,54202.8
154.224,1264.165,42.6071,100.000,54191.0
154.225,1264.364,42.6515,100.000,54174.6
154.225,1264.565,42.6836,100.000,54162.6
154.724,1264.764,42.7387,100.000,54142.1
154.724,1264.966,42.7612,100.000,54133.8
155.224,1265.165,42.8281,100.000,54108.8
155.224,1265.364,42.8512,100.000,54100.1
155.225,1265.564,42.8921,100.000,54084.9
155.724,1265.764,42.9284,100.000,54071.3
155.725,1265.965,42.9736,100.000,54054.4
156.224,1266.163,42.9944,100.000,54046.6
156.225,1266.364,43.0417,100.000,54028.9
156.225,1266.564,43.0897,100.000,54010.9
156.724,1266.764,43.1256,100.000,53997.4
156.725,1266.965,43.1621,100.000,53983.8
157.224,1267.163,43.1875,100.000,53974.2
157.225,1267.362,43.2412,100.000,53953.9
157.225,1267.563,43.2734,100.000,53941.8
157.724,1267.763,43.3058,100.000,53929.6
157.725,1267.964,43.3327,100.000,53919.5
158.224,1268.163,43.3799,100.000,53901.8
158.225,1268.362,43.4140,100.000,53888.8
158.225,1268.563,43.4682,100.000,53868.4
158.724,1268.763,43.5041,100.000,53854.8
158.725,1268.963,43.5436,100.000,53839.9
159.224,1269.162,43.5737,100.000,53828.5
159.225,1269.362,43.6040,100.000,53817.0
159.225,1269.562,43.6494,100.000,53799.8
159.724,1269.763,43.6743,100.000,53790.4
159.724,1269.962,43.7272,100.000,53770.2
160.224,1270.162,43.7532,100.000,53760.4
160.225,1270.361,43.7939,100.000,53745.0
160.225,1270.561,43.8315,100.000,53730.6
160.724,1270.762,43.8696,100.000,53716.1
160.725,1270.961,43.9106,100.000,53700.5
161.224,1271.160,43.9396,100.000,53689.4
161.224,1271.360,43.9722,100.000,53677.1
161.225,1271.560,44.0080,100.000,53663.4
161.724,1271.761,44.0425,100.000,53650.2
161.725,1271.960,44.0906,100.000,53631.8
162.224,1272.160,44.1276,100.000,53617.7
162.225,1272.360,44.1649,100.000,53603.4
162.225,1272.560,44.2043,100.000,53588.3
162.724,1272.761,44.2431,100.000,53573.4
162.724,1272.959,44.2700,100.000,53563.1
163.224,1273.159,44.3013,100.000,53551.1
163.225,1273.359,44.3358,100.000,53537.9
163.225,1273.559,44.3730,100.000,53523.6
163.724,1273.760,44.4176,100.000,53506.4
163.724,1273.959,44.4543,100.000,53492.3
164.224,1274.159,44.4893,100.000,53478.8
164.225,1274.359,44.5156,100.000,53468.7
164.225,1274.559,44.5562,100.000,53453.0
164.724,1274.759,44.5926,100.000,53439.0
164.725,1274.959,44.6375,100.000,53421.7
165.224,1275.158,44.6667,100.000,53410.4
165.225,1275.358,44.7013,100.000,53397.0
165.225,1275.558,44.7238,100.000,53388.3
165.724,1275.759,44.7730,100.000,53369.3
165.725,1275.958,44.8164,100.000,53352.5
166.224,1276.158,44.8483,100.000,53340.1
166.225,1276.357,44.8877,100.000,53324.7
166.225,1276.557,44.9263,100.000,53309.8
166.724,1276.758,44.9676,100.000,53293.8
166.724,1276.957,44.9940,100.000,53283.5
167.224,1277.158,45.0296,100.000,53269.7
167.225,1277.357,45.0583,100.000,53258.5
167.225,1277.557,45.1104,100.000,53238.2
167.724,1277.758,45.1421,100.000,53225.8
167.725,1277.956,45.1815,100.000,53210.5
168.224,1278.156,45.2202,100.000,53195.5
168.224,1278.356,45.2495,100.000,53184.0
168.225,1278.556,45.2846,100.000,53170.3
168.724,1278.757,45.3268,100.000,53153.7
168.725,1278.956,45.3611,100.000,53140.3
169.224,1279.156,45.3926,100.000,53128.0
169.224,1279.355,45.4302,100.000,53113.3
169.225,1279.556,45.4785,100.000,53094.3
169.724,1279.756,45.5172,100.000,53079.1
169.725,1279.955,45.5451,100.000,53068.2
170.224,1280.155,45.5874,100.000,53051.6
170.224,1280.355,45.6116,100.000,53042.1
170.224,1280.555,45.6470,100.000,53028.2
170.724,1280.756,45.6787,100.000,53015.7
170.725,1280.954,45.7215,100.000,52998.8
171.224,1281.154,45.7666,100.000,52981.1
171.225,1281.354,45.7961,100.000,52969.4
171.225,1281.555,45.8283,100.000,52956.7
171.724,1281.755,45.8763,100.000,52937.8
171.725,1281.953,45.8989,100.000,52928.8
172.224,1282.154,45.9282,100.000,52917.3
172.225,1282.354,45.9668,100.000,52902.0
172.225,1282.555,45.9990,100.000,52889.2
172.724,1282.754,46.0439,100.000,52871.5
172.725,1282.953,46.0755,100.000,52859.0
173.224,1283.153,46.1196,100.000,52841.5
173.225,1283.353,46.1466,100.000,52830.8
173.225,1283.553,46.1927,100.000,52812.5
173.724,1283.752,46.2143,100.000,52804.0
173.725,1283.952,46.2490,100.000,52790.1
174.224,1284.152,46.2798,100.000,52777.9
174.225,1284.352,46.3117,100.000,52765.2
174.225,1284.553,46.3620,100.000,52745.2
174.724,1284.753,46.3921,100.000,52733.2
174.725,1284.952,46.4331,100.000,52716.8
175.224,1285.152,46.4710,100.000,52701.7
175.225,1285.352,46.5075,100.000,52687.1
175.225,1285.553,46.5334,100.000,52676.8
175.724,1285.751,46.5786,100.000,52658.7
175.725,1285.951,46.6072,100.000,52647.3
176.224,1286.150,46.6442,100.000,52632.5
176.225,1286.350,46.6774,100.000,52619.2
176.225,1286.552,46.7170,100.000,52603.4
176.724,1286.750,46.7554,100.000,52587.9
176.725,1286.950,46.7913,100.000,52573.6
177.224,1287.150,46.8242,100.000,52560.3
177.225,1287.350,46.8598,100.000,52546.0
177.225,1287.551,46.8965,100.000,52531.3
177.724,1287.750,46.9282,100.000,52518.6
177.725,1287.950,46.9604,100.000,52505.6
178.224,1288.150,46.9915,100.000,52493.1
178.225,1288.350,47.0438,100.000,52472.1
178.225,1288.551,47.0796,100.000,52457.6
178.724,1288.749,47.1133,100.000,52444.0
178.724,1288.949,47.1484,100.000,52429.8
179.224,1289.149,47.1826,100.000,52416.1
179.224,1289.349,47.2121,100.000,52404.1
179.224,1289.550,47.2493,100.000,52389.1
179.724,1289.749,47.2847,100.000,52374.7
179.724,1289.949,47.3196,100.000,52360.6
180.224,1290.148,47.3610,100.000,52343.8
180.225,1290.348,47.4012,100.000,52327.6
180.225,1290.549,47.4253,100.000,52317.9
180.724,1290.748,47.4627,100.000,52302.6
180.724,1290.948,47.5024,100.000,52286.4
181.224,1291.148,47.5290,100.000,52275.7
181.225,1291.348,47.5680,100.000,52259.9
181.225,1291.549,47.5976,100.000,52247.9
181.724,1291.747,47.6328,100.000,52233.6
181.724,1291.946,47.6701,100.000,52218.3
182.223,1292.147,47.7173,100.000,52199.1
182.224,1292.347,47.7583,100.000,52182.3
182.224,1292.548,47.7783,100.000,52174.2
182.724,1292.747,47.8073,100.000,52162.3
182.724,1292.946,47.8439,100.000,52147.4
183.224,1293.147,47.8813,100.000,52132.1
183.224,1293.346,47.9155,100.000,52118.1
183.224,1293.547,47.9500,100.000,52104.1
183.724,1293.746,47.9959,100.000,52085.3
183.724,1293.946,48.0329,100.000,52070.1
184.224,1294.146,48.0610,100.000,52058.6
184.224,1294.347,48.1006,100.000,52042.4
184.225,1294.545,48.1300,100.000,52030.3
184.723,1294.746,48.1673,100.000,52015.0
184.723,1294.945,48.2044,100.000,51999.8
185.224,1295.145,48.2371,100.000,51986.4
185.224,1295.346,48.2759,100.000,51970.5
185.224,1295.545,48.3161,100.000,51953.8
185.723,1295.745,48.3418,100.000,51943.2
185.724,1295.944,48.3828,100.000,51926.4
186.224,1296.145,48.4033,100.000,51917.9
186.224,1296.346,48.4556,100.000,51896.3
186.224,1296.544,48.4816,100.000,51885.6
186.724,1296.744,48.5215,100.000,51869.2
186.724,1296.944,48.5509,100.000,51857.0
187.224,1297.144,48.5879,100.000,51841.7
187.224,1297.345,48.6357,100.000,51821.9
187.224,1297.543,48.6598,100.000,51812.0
187.724,1297.744,48.6930,100.000,51798.2
187.724,1297.943,48.7378,100.000,51779.8
188.223,1298.143,48.7669,100.000,51767.6
188.224,1298.344,48.8024,100.000,51752.9
188.224,1298.543,48.8359,100.000,51739.0
188.724,1298.743,48.8646,100.000,51727.1
188.724,1298.943,48.8997,100.000,51712.5
189.224,1299.143,48.9460,100.000,51693.3
189.225,1299.344,48.9800,100.000,51679.2
189.225,1299.542,49.0193,100.000,51662.8
189.724,1299.742,49.0459,100.000,51651.7
189.724,1299.942,49.0783,100.000,51638.2
190.224,1300.142,49.1152,100.000,51622.9
190.224,1300.343,49.1411,100.000,51612.1
190.224,1300.542,49.1847,100.000,51593.8
190.724,1300.742,49.2274,100.000,51576.1
190.724,1300.941,49.2597,100.000,51562.6
191.224,1301.141,49.2933,100.000,51548.5
191.224,1301.342,49.3311,100.000,51532.7
191.224,1301.541,49.3642,100.000,51518.9
191.724,1301.742,49.3984,100.000,51504.6
191.724,1301.941,49.4264,100.000,51492.8
192.224,1302.141,49.4582,100.000,51479.5
192.225,1302.342,49.4977,100.000,51462.9
192.225,1302.540,49.5342,100.000,51447.7
192.724,1302.740,49.5726,100.000,51431.6
192.724,1302.940,49.6089,100.000,51416.4
193.224,1303.140,49.6403,100.000,51403.1
193.225,1303.341,49.6743,100.000,51388.8
193.225,1303.539,49.7023,100.000,51377.1
193.724,1303.740,49.7373,100.000,51362.3
193.725,1303.939,49.7672,100.000,51349.7
194.224,1304.139,49.8039,100.000,51334.3
194.224,1304.340,49.8464,100.000,51316.4
194.224,1304.539,49.8891,100.000,51298.4
194.724,1304.739,49.9165,100.000,51286.8
194.725,1304.939,49.9487,100.000,51273.1
195.224,1305.138,49.9842,100.000,51258.2
195.224,1305.340,50.0181,100.000,51243.9
195.224,1305.538,50.0513,100.000,51229.8
195.724,1305.738,50.0895,100.000,51213.7
195.725,1305.938,50.1187,100.000,51201.4
196.224,1306.138,50.1722,100.000,51178.7
196.224,1306.339,50.2101,100.000,51162.7
196.224,1306.538,50.2402,100.000,51149.9
196.723,1306.738,50.2734,100.000,51135.8
196.723,1306.938,50.3152,100.000,51118.1
197.224,1307.138,50.3379,100.000,51108.4
197.224,1307.338,50.3763,100.000,51092.1
197.224,1307.536,50.4043,100.000,51080.2
197.724,1307.738,50.4464,100.000,51062.3
197.724,1307.937,50.4887,100.000,51044.3
198.224,1308.138,50.5112,100.000,51034.7
198.224,1308.338,50.5506,100.000,51017.9
198.224,1308.536,50.5815,100.000,51004.8
198.724,1308.736,50.6074,100.000,50993.7
198.725,1308.937,50.6514,100.000,50975.0
199.224,1309.137,50.6681,100.000,50967.8
199.224,1309.336,50.7046,100.000,50952.2
199.224,1309.536,50.7397,100.000,50937.3
199.724,1309.736,50.7785,100.000,50920.7
199.724,1309.936,50.8135,100.000,50905.6
200.223,1310.137,50.8346,100.000,50896.7
200.223,1310.335,50.8665,100.000,50883.1
200.224,1310.535,50.8955,100.000,50870.6
200.724,1310.735,50.9212,100.000,50859.6
200.725,1310.935,50.9587,100.000,50843.5
201.224,1311.136,50.9858,100.000,50831.9
201.225,1311.334,51.0283,100.000,50813.7
201.225,1311.534,51.0592,100.000,50800.4
201.724,1311.734,51.0988,100.000,50783.4
201.725,1311.934,51.1261,100.000,50771.7
202.224,1312.135,51.1585,100.000,50757.8
202.224,1312.333,51.1855,100.000,50746.2
202.225,1312.534,51.2179,100.000,50732.2
202.724,1312.734,51.2482,100.000,50719.2
202.725,1312.934,51.2773,100.000,50706.6
203.223,1313.135,51.3175,100.000,50689.4
203.224,1313.333,51.3452,100.000,50677.5
203.224,1313.533,51.3726,100.000,50665.6
203.724,1313.733,51.4082,100.000,50650.2
203.725,1313.933,51.4404,100.000,50636.4
204.224,1314.134,51.4733,100.000,50622.2
204.225,1314.333,51.5080,100.000,50607.2
204.225,1314.533,51.5324,100.000,50596.6
204.724,1314.732,51.5659,100.000,50582.1
204.725,1314.932,51.6136,100.000,50561.6
205.224,1315.133,51.6416,100.000,50549.4
205.224,1315.332,51.6733,100.000,50535.7
205.224,1315.532,51.7197,100.000,50515.6
205.724,1315.732,51.7492,100.000,50502.8
205.725,1315.932,51.7801,100.000,50489.4
206.224,1316.133,51.8037,100.000,50479.1
206.225,1316.332,51.8333,100.000,50466.4
206.225,1316.530,51.8672,100.000,50451.7
206.724,1316.731,51.8999,100.000,50437.4
206.725,1316.931,51.9390,100.000,50420.4
207.224,1317.132,51.9741,100.000,50405.2
207.225,1317.331,52.0098,100.000,50389.6
207.225,1317.529,52.0386,100.000,50377.1
207.724,1317.731,52.0620,100.000,50366.9
207.724,1317.931,52.1020,100.000,50349.5
208.224,1318.131,52.1274,100.000,50338.5
208.225,1318.330,52.1658,100.000,50321.7
208.225,1318.530,52.1987,100.000,50307.3
208.724,1318.730,52.2297,100.000,50293.8
208.725,1318.930,52.2646,100.000,50278.6
209.224,1319.131,52.3057,100.000,50260.7
209.225,1319.330,52.3362,100.000,50247.3
209.225,1319.529,52.3670,100.000,50233.8
209.724,1319.729,52.3950,100.000,50221.6
209.725,1319.930,52.4261,100.000,50208.0
210.224,1320.130,52.4604,100.000,50193.0
210.225,1320.329,52.4956,100.000,50177.6
210.225,1320.529,52.5293,100.000,50162.9
210.723,1320.729,52.5639,100.000,50147.7
210.724,1320.929,52.5999,100.000,50131.8
211.224,1321.128,52.6308,100.000,50118.3
211.224,1321.328,52.6696,100.000,50101.3
211.224,1321.528,52.6919,100.000,50091.5
211.724,1321.728,52.7210,100.000,50078.7
211.725,1321.929,52.7573,100.000,50062.8
212.224,1322.127,52.7959,100.000,50045.8
212.225,1322.327,52.8330,100.000,50029.5
212.225,1322.527,52.8657,100.000,50015.1
212.724,1322.727,52.9035,100.000,49998.4
212.725,1322.928,52.9313,100.000,49986.2
213.223,1323.127,52.9621,100.000,49972.6
213.224,1323.327,52.9863,100.000,49962.0
213.224,1323.527,53.0172,100.000,49948.3
213.723,1323.727,53.0466,100.000,49935.4
213.724,1323.928,53.0905,100.000,49916.0
214.224,1324.125,53.1247,100.000,49900.8
214.225,1324.326,53.1497,100.000,49889.8
214.225,1324.526,53.1838,100.000,49874.8
214.724,1324.726,53.2178,100.000,49859.7
214.724,1324.927,53.2456,100.000,49847.4
215.224,1325.125,53.2686,100.000,49837.2
215.225,1325.326,53.3029,100.000,49822.1
215.225,1325.525,53.3330,100.000,49808.7
215.724,1325.725,53.3699,100.000,49792.3
215.724,1325.926,53.4072,100.000,49775.8
216.225,1326.125,53.4396,100.000,49761.5
216.225,1326.326,53.4723,100.000,49746.9
216.225,1326.525,53.4993,100.000,49735.0
216.724,1326.725,53.5236,100.000,49724.2
216.725,1326.926,53.5562,100.000,49709.7
217.224,1327.123,53.5877,100.000,49695.8
217.225,1327.324,53.6137,100.000,49684.2
217.225,1327.524,53.6432,100.000,49671.1
217.724,1327.724,53.6780,100.000,49655.6
217.724,1327.925,53.7068,100.000,49642.7
218.224,1328.124,53.7336,100.000,49630.8
218.225,1328.324,53.7575,100.000,49620.2
218.225,1328.522,53.7949,100.000,49603.5
218.724,1328.723,53.8196,100.000,49592.5
218.724,1328.924,53.8471,100.000,49580.2
219.224,1329.123,53.8742,100.000,49568.2
219.224,1329.323,53.9046,100.000,49554.6
219.224,1329.523,53.9323,100.000,49542.2
219.724,1329.724,53.9658,100.000,49527.3
219.724,1329.923,53.9958,100.000,49513.9
220.224,1330.123,54.0304,100.000,49498.4
220.224,1330.322,54.0526,100.000,49488.5
220.224,1330.522,54.0835,100.000,49474.7
220.724,1330.723,54.1133,100.000,49461.4
220.725,1330.923,54.1367,100.000,49450.9
221.224,1331.122,54.1644,100.000,49438.5
221.225,1331.322,54.1940,100.000,49425.2
221.225,1331.522,54.2231,100.000,49412.2
221.724,1331.723,54.2516,100.000,49399.4
221.724,1331.922,54.2744,100.000,49389.2
222.223,1332.121,54.3115,100.000,49372.6
222.224,1332.321,54.3314,100.000,49363.7
222.224,1332.521,54.3644,100.000,49348.8
222.724,1332.722,54.3877,100.000,49338.4
222.725,1332.921,54.4179,100.000,49324.8
223.224,1333.121,54.4404,100.000,49314.7
223.224,1333.320,54.4691,100.000,49301.8
223.224,1333.520,54.5013,100.000,49287.3
223.724,1333.721,54.5249,100.000,49276.8
223.724,1333.921,54.5517,100.000,49264.6
224.224,1334.120,54.5789,100.000,49252.5
224.225,1334.320,54.6076,100.000,49239.5
224.225,1334.520,54.6377,100.000,49226.0
224.723,1334.721,54.6637,100.000,49214.2
224.724,1334.919,54.6909,100.000,49202.0
225.224,1335.119,54.7119,100.000,49192.5
225.224,1335.319,54.7422,100.000,49178.8
225.224,1335.519,54.7739,100.000,49164.6
225.724,1335.720,54.8052,100.000,49150.4
225.724,1335.918,54.8337,100.000,49137.6
225.724,1336.118,54.8725,100.000,49120.1
226.223,1336.318,54.9056,100.000,49105.1
226.223,1336.518,54.9328,100.000,49092.8
226.723,1336.719,54.9551,100.000,49082.8
226.724,1336.918,54.9844,100.000,49069.5
226.724,1337.118,54.9985,100.000,49063.1
227.224,1337.318,55.0334,100.000,49047.3
227.224,1337.518,55.0581,100.000,49036.1
227.724,1337.719,55.0791,100.000,49026.6
227.724,1337.917,55.1291,100.000,49004.0
227.724,1338.117,55.1416,100.000,48998.3
228.224,1338.317,55.1660,100.000,48987.2
228.225,1338.517,55.1919,100.000,48975.6
228.724,1338.718,55.2117,100.000,48966.5
228.725,1338.917,55.2402,100.000,48953.6
228.725,1339.116,55.2656,100.000,48942.1
229.224,1339.316,55.2798,100.000,48935.6
229.224,1339.516,55.3068,100.000,48923.4
229.724,1339.717,55.3353,100.000,48910.4
229.724,1339.916,55.3558,100.000,48901.1
229.724,1340.116,55.3810,100.000,48889.7
230.224,1340.315,55.4075,100.000,48877.6
230.224,1340.516,55.4357,100.000,48864.8
230.724,1340.717,55.4658,100.000,48851.1
230.724,1340.915,55.4831,100.000,48843.2
230.724,1341.114,55.5099,100.000,48831.0
231.224,1341.315,55.5361,100.000,48819.1
231.224,1341.515,55.5472,100.000,48814.1
231.724,1341.716,55.5843,100.000,48797.2
231.724,1341.915,55.6004,100.000,48789.8
231.724,1342.114,55.6235,100.000,48779.3
232.224,1342.314,55.6507,100.000,48767.0
232.225,1342.514,55.6829,100.000,48752.2
232.724,1342.715,55.7132,100.000,48738.4
232.724,1342.914,55.7381,100.000,48727.0
232.724,1343.114,55.7610,100.000,48716.6
233.224,1343.314,55.7820,100.000,48707.0
233.224,1343.514,55.8000,100.000,48698.8
233.724,1343.715,55.8266,100.000,48686.7
233.724,1343.913,55.8496,100.000,48676.1
233.724,1344.112,55.8708,100.000,48666.5
234.224,1344.313,55.8978,100.000,48654.1
234.224,1344.513,55.9214,100.000,48643.3
234.724,1344.714,55.9458,100.000,48632.1
234.724,1344.913,55.9705,100.000,48620.8
234.724,1345.112,56.0031,100.000,48605.9
235.224,1345.313,56.0205,100.000,48597.9
235.224,1345.513,56.0532,100.000,48583.0
235.724,1345.712,56.0657,100.000,48577.2
235.724,1345.912,56.0903,100.000,48566.0
235.724,1346.112,56.1134,100.000,48555.4
236.224,1346.312,56.1421,100.000,48542.3
236.224,1346.513,56.1678,100.000,48530.5
236.724,1346.713,56.1889,100.000,48520.7
236.724,1346.912,56.2249,100.000,48504.3
236.724,1347.111,56.2448,100.000,48495.2
237.224,1347.311,56.2703,100.000,48483.4
237.224,1347.512,56.2957,100.000,48471.8
237.724,1347.711,56.3193,100.000,48460.8
237.725,1347.911,56.3377,100.000,48452.5
237.725,1348.110,56.3599,100.000,48442.3
238.224,1348.311,56.3794,100.000,48433.3
238.224,1348.512,56.3996,100.000,48424.0
238.724,1348.710,56.4321,100.000,48409.1
238.724,1348.910,56.4565,100.000,48397.9
238.724,1349.110,56.4834,100.000,48385.4
239.224,1349.310,56.5006,100.000,48377.5
239.224,1349.511,56.5281,100.000,48364.9
239.723,1349.709,56.5555,100.000,48352.2
239.724,1349.909,56.5779,100.000,48341.9
239.724,1350.109,56.6024,100.000,48330.7
240.224,1350.310,56.6172,100.000,48323.9
240.225,1350.510,56.6406,100.000,48313.0
240.724,1350.709,56.6619,100.000,48303.2
240.725,1350.909,56.6849,100.000,48292.6
240.725,1351.109,56.7054,100.000,48283.1
241.224,1351.309,56.7251,100.000,48274.1
241.224,1351.510,56.7516,100.000,48261.8
241.724,1351.708,56.7806,100.000,48248.5
241.725,1351.908,56.8032,100.000,48238.1
241.725,1352.108,56.8327,100.000,48224.3
242.224,1352.308,56.8540,100.000,48214.5
242.225,1352.509,56.8768,100.000,48204.0
242.724,1352.708,56.8874,100.000,48199.1
242.724,1352.908,56.9173,100.000,48185.3
242.724,1353.107,56.9365,100.000,48176.4
243.224,1353.307,56.9565,100.000,48167.1
243.224,1353.508,56.9679,100.000,48161.8
243.723,1353.707,56.9897,100.000,48151.8
243.724,1353.908,57.0140,100.000,48140.5
243.724,1354.105,57.0410,100.000,48128.0
244.223,1354.307,57.0584,100.000,48119.9
244.224,1354.508,57.0827,100.000,48108.7
244.724,1354.706,57.1014,100.000,48100.0
244.724,1354.906,57.1201,100.000,48091.3
244.725,1355.105,57.1387,100.000,48082.7
245.224,1355.306,57.1602,100.000,48072.7
245.225,1355.507,57.1746,100.000,48066.0
245.724,1355.706,57.1995,100.000,48054.5
245.725,1355.906,57.2104,100.000,48049.4
245.725,1356.104,57.2217,100.000,48044.3
246.224,1356.305,57.2446,100.000,48033.6
246.225,1356.506,57.2591,100.000,48026.9
246.724,1356.705,57.2783,100.000,48017.9
246.725,1356.905,57.2988,100.000,48008.4
246.725,1357.105,57.3192,100.000,47999.0
247.224,1357.305,57.3449,100.000,47987.0
247.224,1357.506,57.3672,100.000,47976.7
247.724,1357.704,57.3755,100.000,47972.9
247.724,1357.904,57.4007,100.000,47961.1
247.724,1358.104,57.4105,100.000,47956.5
248.224,1358.305,57.4285,100.000,47948.1
248.225,1358.504,57.4466,100.000,47939.8
248.724,1358.704,57.4674,100.000,47930.1
248.724,1358.904,57.4796,100.000,47924.4
248.724,1359.104,57.4902,100.000,47919.5
249.224,1359.305,57.5184,100.000,47906.4
249.224,1359.504,57.5342,100.000,47899.0
249.724,1359.703,57.5415,100.000,47895.6
249.724,1359.903,57.5636,100.000,47885.2
249.724,1360.103,57.5910,100.000,47872.5
250.224,1360.304,57.6068,100.000,47865.2
250.224,1360.502,57.6316,100.000,47853.6
250.724,1360.702,57.6445,100.000,47847.6
250.724,1360.902,57.6707,100.000,47835.4
250.724,1361.102,57.6904,100.000,47826.2
251.224,1361.303,57.7036,100.000,47820.1
251.224,1361.502,57.7254,100.000,47809.9
251.724,1361.702,57.7373,100.000,47804.3
251.724,1361.902,57.7573,100.000,47794.9
251.724,1362.102,57.7677,100.000,47790.1
252.224,1362.301,57.7918,100.000,47778.9
252.225,1362.501,57.8101,100.000,47770.3
252.724,1362.701,57.8267,100.000,47762.6
252.724,1362.901,57.8428,100.000,47755.0
252.724,1363.101,57.8594,100.000,47747.2
253.224,1363.302,57.8854,100.000,47735.1
253.224,1363.500,57.9077,100.000,47724.8
253.724,1363.700,57.9199,100.000,47719.0
253.724,1363.900,57.9375,100.000,47710.7
253.724,1364.100,57.9624,100.000,47699.0
254.224,1364.301,57.9769,100.000,47692.4
254.224,1364.499,57.9924,100.000,47685.1
254.724,1364.700,58.0076,100.000,47678.0
254.725,1364.900,58.0177,100.000,47673.2
254.725,1365.100,58.0283,100.000,47668.3
255.224,1365.301,58.0496,100.000,47658.3
255.225,1365.499,58.0672,100.000,47650.1
255.724,1365.699,58.0801,100.000,47644.0
255.724,1365.899,58.0942,100.000,47637.4
255.724,1366.099,58.1116,100.000,47629.2
256.224,1366.300,58.1186,100.000,47626.1
256.225,1366.499,58.1374,100.000,47617.2
256.724,1366.699,58.1597,100.000,47606.7
256.725,1366.898,58.1755,100.000,47599.4
256.725,1367.098,58.1943,100.000,47590.6
257.224,1367.299,58.2129,100.000,47581.8
257.225,1367.498,58.2278,100.000,47574.8
257.724,1367.698,58.2376,100.000,47570.3
257.724,1367.898,58.2557,100.000,47561.8
257.724,1368.098,58.2700,100.000,47555.1
258.224,1368.299,58.2866,100.000,47547.3
258.225,1368.497,58.3026,100.000,47539.8
258.724,1368.696,58.3148,100.000,47534.0
258.725,1368.897,58.3350,100.000,47524.5
258.725,1369.097,58.3538,100.000,47515.7
259.224,1369.298,58.3701,100.000,47508.0
259.225,1369.497,58.3808,100.000,47503.0
259.724,1369.696,58.4010,100.000,47493.5
259.724,1369.897,58.4189,100.000,47485.1
259.724,1370.097,58.4339,100.000,47478.1
260.224,1370.297,58.4554,100.000,47468.0
260.224,1370.496,58.4738,100.000,47459.4
260.724,1370.696,58.4809,100.000,47456.0
260.725,1370.896,58.5065,100.000,47443.9
260.725,1371.097,58.5272,100.000,47434.2
261.224,1371.297,58.5327,100.000,47431.6
261.224,1371.495,58.5553,100.000,47420.9
261.724,1371.694,58.5710,100.000,47413.6
261.724,1371.895,58.5840,100.000,47407.5
261.725,1372.096,58.6076,100.000,47396.4
262.224,1372.295,58.6269,100.000,47387.3
262.225,1372.495,58.6351,100.000,47383.4
262.724,1372.695,58.6551,100.000,47374.0
262.724,1372.895,58.6748,100.000,47364.7
262.724,1373.095,58.6909,100.000,47357.2
263.224,1373.294,58.7171,100.000,47344.8
263.225,1373.494,58.7329,100.000,47337.4
263.724,1373.694,58.7476,100.000,47330.4
263.724,1373.894,58.7656,100.000,47321.9
263.724,1374.095,58.7871,100.000,47311.8
264.224,1374.293,58.8039,100.000,47303.9
264.225,1374.494,58.8218,100.000,47295.4
264.724,1374.693,58.8343,100.000,47289.5
264.724,1374.893,58.8563,100.000,47279.2
264.725,1375.094,58.8667,100.000,47274.2
265.224,1375.293,58.8896,100.000,47263.4
265.225,1375.493,58.9023,100.000,47257.5
265.724,1375.693,58.9209,100.000,47248.7
265.724,1375.893,58.9399,100.000,47239.7
265.725,1376.094,58.9551,100.000,47232.5
266.224,1376.292,58.9710,100.000,47225.0
266.224,1376.492,58.9871,100.000,47217.4
266.724,1376.692,59.0076,100.000,47207.7
266.724,1376.892,59.0283,100.000,47197.8
266.724,1377.093,59.0415,100.000,47191.7
267.224,1377.292,59.0586,100.000,47183.5
267.224,1377.492,59.0640,100.000,47181.0
267.724,1377.691,59.0884,100.000,47169.5
267.724,1377.891,59.0986,100.000,47164.7
267.724,1378.092,59.1185,100.000,47155.2
268.224,1378.291,59.1299,100.000,47149.9
268.224,1378.492,59.1404,100.000,47144.9
268.724,1378.689,59.1545,100.000,47138.2
268.724,1378.891,59.1761,100.000,47128.0
268.724,1379.092,59.1916,100.000,47120.6
269.223,1379.290,59.2007,100.000,47116.4
269.224,1379.490,59.2244,100.000,47105.1
269.723,1379.690,59.2363,100.000,47099.4
269.724,1379.890,59.2554,100.000,47090.4
269.724,1380.091,59.2724,100.000,47082.4
270.224,1380.290,59.2861,100.000,47075.9
270.225,1380.490,59.3047,100.000,47067.0
270.724,1380.689,59.3180,100.000,47060.8
270.724,1380.889,59.3203,100.000,47059.6
270.725,1381.090,59.3340,100.000,47053.2
271.224,1381.289,59.3475,100.000,47046.8
271.224,1381.489,59.3623,100.000,47039.7
271.724,1381.689,59.3740,100.000,47034.2
271.725,1381.889,59.3844,100.000,47029.2
271.725,1382.090,59.4022,100.000,47020.8
272.224,1382.288,59.4064,100.000,47018.8
272.225,1382.488,59.4197,100.000,47012.5
272.724,1382.689,59.4287,100.000,47008.1
272.725,1382.888,59.4385,100.000,47003.6
272.725,1383.089,59.4492,100.000,46998.5
273.224,1383.288,59.4640,100.000,46991.5
273.225,1383.486,59.4744,100.000,46986.5
273.724,1383.688,59.4822,100.000,46982.8
273.725,1383.888,59.4949,100.000,46976.8
273.725,1384.088,59.5098,100.000,46969.7
274.224,1384.287,59.5246,100.000,46962.7
274.225,1384.487,59.5322,100.000,46959.1
274.724,1384.687,59.5412,100.000,46954.8
274.724,1384.888,59.5547,100.000,46948.4
274.725,1385.088,59.5690,100.000,46941.6
275.224,1385.286,59.5775,100.000,46937.6
275.225,1385.486,59.5828,100.000,46935.0
275.724,1385.686,59.5971,100.000,46928.2
275.724,1385.887,59.6059,100.000,46924.1
275.724,1386.087,59.6164,100.000,46919.1
276.224,1386.286,59.6216,100.000,46916.6
276.225,1386.486,59.6294,100.000,46913.0
276.724,1386.686,59.6465,100.000,46904.8
276.725,1386.887,59.6545,100.000,46901.0
276.725,1387.085,59.6585,100.000,46899.1
277.224,1387.285,59.6724,100.000,46892.4
277.225,1387.485,59.6759,100.000,46890.8
277.724,1387.685,59.6841,100.000,46886.8
277.725,1387.886,59.6972,100.000,46880.7
277.725,1388.084,59.7041,100.000,46877.4
278.224,1388.284,59.7171,100.000,46871.2
278.225,1388.483,59.7197,100.000,46869.9
278.724,1388.684,59.7397,100.000,46860.4
278.725,1388.885,59.7422,100.000,46859.3
278.725,1389.084,59.7500,100.000,46855.6
279.224,1389.284,59.7619,100.000,46849.8
279.225,1389.484,59.7791,100.000,46841.7
279.724,1389.684,59.7790,100.000,46841.7
279.724,1389.885,59.7884,100.000,46837.3
279.724,1390.083,59.7993,100.000,46832.0
280.224,1390.283,59.8094,100.000,46827.2
280.225,1390.483,59.8213,100.000,46821.6
280.724,1390.683,59.8272,100.000,46818.7
280.725,1390.884,59.8341,100.000,46815.4
280.725,1391.082,59.8460,100.000,46809.8
281.224,1391.283,59.8533,100.000,46806.3
281.225,1391.482,59.8551,100.000,46805.5
281.724,1391.682,59.8675,100.000,46799.6
281.725,1391.883,59.8691,100.000,46798.8
281.725,1392.082,59.8800,100.000,46793.6
282.224,1392.282,59.8818,100.000,46792.7
282.225,1392.480,59.8947,100.000,46786.6
282.724,1392.681,59.9066,100.000,46780.9
282.725,1392.883,59.9079,100.000,46780.3
282.725,1393.081,59.9152,100.000,46776.8
283.224,1393.280,59.9232,100.000,46773.0
283.224,1393.481,59.9312,100.000,46769.2
283.723,1393.681,59.9417,100.000,46764.2
283.724,1393.882,59.9411,100.000,46764.5
283.724,1394.081,59.9473,100.000,46761.6
284.224,1394.279,59.9611,100.000,46754.9
284.224,1394.481,59.9658,100.000,46752.7
284.724,1394.681,59.9783,100.000,46746.8
284.725,1394.881,59.9792,100.000,46746.3
284.725,1395.080,59.9897,100.000,46741.2
285.224,1395.280,60.0000,100.000,46736.4
285.225,1395.480,60.0039,100.000,46734.6
285.724,1395.680,60.0140,100.000,46729.7
285.725,1395.881,60.0194,100.000,46727.2
285.725,1396.079,60.0298,100.000,46722.1
286.224,1396.279,60.0384,100.000,46718.0
286.225,1396.479,60.0532,100.000,46711.0
286.724,1396.680,60.0649,100.000,46705.4
286.724,1396.880,60.0698,100.000,46703.1
286.724,1397.079,60.0810,100.000,46697.8
287.224,1397.279,60.0913,100.000,46692.8
287.225,1397.479,60.0947,100.000,46691.2
287.724,1397.680,60.1077,100.000,46685.0
287.724,1397.879,60.1175,100.000,46680.3
287.725,1398.078,60.1274,100.000,46675.6
288.224,1398.278,60.1340,100.000,46672.4
288.225,1398.478,60.1481,100.000,46665.6
288.724,1398.678,60.1489,100.000,46665.3
288.724,1398.877,60.1618,100.000,46659.1
288.725,1399.077,60.1606,100.000,46659.7
289.224,1399.277,60.1704,100.000,46655.0
289.225,1399.477,60.1790,100.000,46650.9
289.724,1399.678,60.1890,100.000,46646.2
289.725,1399.877,60.1950,100.000,46643.3
289.725,1400.077,60.1981,100.000,46641.7
290.224,1400.277,60.2122,100.000,46635.0
290.225,1400.477,60.2160,100.000,46633.2
290.724,1400.678,60.2227,100.000,46630.0
290.725,1400.875,60.2324,100.000,46625.4
290.725,1401.076,60.2353,100.000,46624.0
291.224,1401.276,60.2396,100.000,46622.0
291.224,1401.476,60.2503,100.000,46616.9
291.724,1401.677,60.2539,100.000,46615.1
291.725,1401.875,60.2615,100.000,46611.5
291.725,1402.076,60.2703,100.000,46607.2
292.223,1402.274,60.2804,100.000,46602.4
292.223,1402.475,60.2822,100.000,46601.6
292.724,1402.676,60.2964,100.000,46594.8
292.724,1402.875,60.3022,100.000,46591.9
292.725,1403.076,60.3050,100.000,46590.7
293.224,1403.275,60.3247,100.000,46581.2
293.224,1403.475,60.3247,100.000,46581.2
293.724,1403.676,60.3358,100.000,46576.0
293.724,1403.874,60.3418,100.000,46573.0
293.724,1404.074,60.3491,100.000,46569.5
294.224,1404.274,60.3553,100.000,46566.6
294.225,1404.474,60.3604,100.000,46564.1
294.724,1404.675,60.3602,100.000,46564.3
294.725,1404.874,60.3703,100.000,46559.4
294.725,1405.074,60.3787,100.000,46555.4
295.224,1405.273,60.3833,100.000,46553.2
295.225,1405.473,60.3900,100.000,46550.0
295.724,1405.674,60.3906,100.000,46549.7
295.725,1405.873,60.4019,100.000,46544.3
295.725,1406.073,60.4048,100.000,46542.9
296.224,1406.273,60.4189,100.000,46536.2
296.225,1406.473,60.4168,100.000,46537.2
296.724,1406.674,60.4176,100.000,46536.8
296.725,1406.872,60.4277,100.000,46531.9
296.725,1407.071,60.4323,100.000,46529.7
297.224,1407.272,60.4377,100.000,46527.1
297.225,1407.472,60.4435,100.000,46524.4
297.724,1407.673,60.4495,100.000,46521.4
297.725,1407.872,60.4500,100.000,46521.2
297.725,1408.072,60.4593,100.000,46516.8
298.224,1408.271,60.4648,100.000,46514.1
298.225,1408.472,60.4709,100.000,46511.2
298.724,1408.672,60.4653,100.000,46514.0
298.725,1408.871,60.4756,100.000,46509.0
298.725,1409.071,60.4836,100.000,46505.1
299.224,1409.271,60.4831,100.000,46505.4
299.224,1409.472,60.4909,100.000,46501.7
299.724,1409.672,60.4926,100.000,46500.8
299.725,1409.870,60.4961,100.000,46499.1
299.725,1410.070,60.5005,100.000,46497.0
300.224,1410.270,60.4995,100.000,46497.5
300.224,1410.471,60.5088,100.000,46493.1
300.723,1410.670,60.5103,100.000,46492.3
300.724,1410.870,60.5109,100.000,46492.1
300.724,1411.070,60.5198,100.000,46487.8
301.223,1411.270,60.5133,100.000,46490.9
301.224,1411.471,60.5215,100.000,46486.9
301.724,1411.669,60.5229,100.000,46486.3
301.724,1411.869,60.5210,100.000,46487.2
301.724,1412.069,60.5249,100.000,46485.3
302.224,1412.269,60.5275,100.000,46484.1
302.224,1412.470,60.5327,100.000,46481.6
302.724,1412.668,60.5288,100.000,46483.4
302.724,1412.868,60.5290,100.000,46483.4
302.724,1413.068,60.5382,100.000,46478.9
303.223,1413.268,60.5412,100.000,46477.6
303.224,1413.469,60.5361,100.000,46480.0
303.724,1413.668,60.5425,100.000,46476.9
303.725,1413.868,60.5392,100.000,46478.5
303.725,1414.068,60.5503,100.000,46473.1
304.224,1414.268,60.5491,100.000,46473.8
304.224,1414.469,60.5486,100.000,46474.0
304.724,1414.667,60.5513,100.000,46472.7
304.724,1414.867,60.5610,100.000,46467.9
304.725,1415.067,60.5576,100.000,46469.7
305.223,1415.267,60.5703,100.000,46463.6
305.223,1415.468,60.5696,100.000,46463.8
305.724,1415.667,60.5726,100.000,46462.5
305.725,1415.867,60.5775,100.000,46460.1
305.725,1416.066,60.5827,100.000,46457.6
306.223,1416.266,60.5964,100.000,46451.1
306.224,1416.467,60.5965,100.000,46451.0
306.724,1416.666,60.5991,100.000,46449.8
306.725,1416.866,60.6074,100.000,46445.8
306.725,1417.066,60.6118,100.000,46443.7
307.224,1417.266,60.6136,100.000,46442.8
307.224,1417.467,60.6209,100.000,46439.4
307.724,1417.665,60.6234,100.000,46438.1
307.725,1417.864,60.6333,100.000,46433.3
307.725,1418.065,60.6385,100.000,46430.9
308.224,1418.265,60.6360,100.000,46432.0
308.224,1418.466,60.6387,100.000,46430.8
308.724,1418.665,60.6496,100.000,46425.5
308.724,1418.864,60.6489,100.000,46425.9
308.725,1419.064,60.6582,100.000,46421.4
309.224,1419.264,60.6632,100.000,46419.0
309.225,1419.465,60.6626,100.000,46419.3
309.724,1419.664,60.6641,100.000,46418.6
309.724,1419.862,60.6719,100.000,46414.8
309.724,1420.064,60.6702,100.000,46415.7
310.224,1420.264,60.6772,100.000,46412.2
310.224,1420.465,60.6811,100.000,46410.4
310.723,1420.663,60.6860,100.000,46408.1
310.724,1420.862,60.6836,100.000,46409.2
310.724,1421.064,60.6844,100.000,46408.8
311.224,1421.263,60.6891,100.000,46406.6
311.224,1421.464,60.6989,100.000,46401.8
311.724,1421.663,60.6968,100.000,46402.9
311.724,1421.862,60.7029,100.000,46400.0
311.724,1422.063,60.6974,100.000,46402.6
312.224,1422.263,60.7070,100.000,46397.9
312.224,1422.463,60.7147,100.000,46394.2
312.724,1422.662,60.7147,100.000,46394.3
312.725,1422.862,60.7114,100.000,46395.9
312.725,1423.062,60.7166,100.000,46393.4
313.223,1423.263,60.7197,100.000,46391.8
313.224,1423.463,60.7187,100.000,46392.4
313.724,1423.661,60.7248,100.000,46389.4
313.724,1423.862,60.7298,100.000,46387.0
313.724,1424.062,60.7354,100.000,46384.3
314.224,1424.262,60.7322,100.000,46385.8
314.225,1424.461,60.7345,100.000,46384.8
314.724,1424.661,60.7404,100.000,46382.0
314.725,1424.862,60.7412,100.000,46381.6
314.725,1425.061,60.7357,100.000,46384.2
315.224,1425.262,60.7409,100.000,46381.7
315.225,1425.460,60.7446,100.000,46380.0
315.724,1425.660,60.7470,100.000,46378.8
315.725,1425.860,60.7466,100.000,46379.0
315.725,1426.060,60.7549,100.000,46375.0
316.224,1426.261,60.7558,100.000,46374.5
316.225,1426.459,60.7620,100.000,46371.5
316.724,1426.659,60.7537,100.000,46375.6
316.724,1426.859,60.7542,100.000,46375.3
316.724,1427.060,60.7583,100.000,46373.3
317.224,1427.260,60.7632,100.000,46371.0
317.225,1427.459,60.7641,100.000,46370.6
317.724,1427.659,60.7643,100.000,46370.4
317.725,1427.859,60.7715,100.000,46367.0
317.725,1428.059,60.7754,100.000,46365.1
318.224,1428.260,60.7765,100.000,46364.6
318.225,1428.458,60.7763,100.000,46364.7
318.724,1428.658,60.7829,100.000,46361.5
318.724,1428.858,60.7874,100.000,46359.4
318.725,1429.058,60.7762,100.000,46364.7
319.223,1429.259,60.7860,100.000,46360.1
319.224,1429.458,60.7910,100.000,46357.6
319.724,1429.658,60.7900,100.000,46358.1
319.725,1429.857,60.7918,100.000,46357.2
319.725,1430.057,60.7964,100.000,46355.0
320.224,1430.258,60.7983,100.000,46354.1
320.225,1430.457,60.7975,100.000,46354.5
320.724,1430.658,60.8003,100.000,46353.1
320.725,1430.857,60.8000,100.000,46353.3
320.725,1431.058,60.8005,100.000,46353.0
321.224,1431.257,60.8125,100.000,46347.3
321.225,1431.457,60.8099,100.000,46348.6
321.724,1431.656,60.8135,100.000,46346.8
321.725,1431.856,60.8112,100.000,46347.9
321.725,1432.056,60.8152,100.000,46346.0
322.224,1432.257,60.8180,100.000,46344.6
322.225,1432.456,60.8083,100.000,46349.3
322.724,1432.656,60.8198,100.000,46343.7
322.725,1432.855,60.8214,100.000,46343.0
322.725,1433.055,60.8271,100.000,46340.3
323.224,1433.256,60.8227,100.000,46342.4
323.225,1433.455,60.8286,100.000,46339.6
323.724,1433.655,60.8343,100.000,46336.8
323.725,1433.855,60.8307,100.000,46338.5
323.725,1434.055,60.8320,100.000,46337.9
324.224,1434.256,60.8364,100.000,46335.8
324.225,1434.454,60.8359,100.000,46336.0
324.724,1434.653,60.8398,100.000,46334.2
324.725,1434.854,60.8372,100.000,46335.4
324.725,1435.055,60.8455,100.000,46331.4
325.224,1435.255,60.8402,100.000,46334.0
325.225,1435.454,60.8385,100.000,46334.7
325.724,1435.654,60.8389,100.000,46334.6
325.725,1435.853,60.8374,100.000,46335.3
325.725,1436.055,60.8403,100.000,46334.0
326.224,1436.254,60.8380,100.000,46335.0
326.225,1436.453,60.8410,100.000,46333.6
326.723,1436.653,60.8364,100.000,46335.7
326.724,1436.852,60.8467,100.000,46330.9
326.724,1437.054,60.8423,100.000,46332.9
327.224,1437.252,60.8402,100.000,46334.1
327.225,1437.452,60.8459,100.000,46331.3
327.724,1437.652,60.8512,100.000,46328.7
327.725,1437.852,60.8455,100.000,46331.4
327.725,1438.053,60.8423,100.000,46333.0
328.224,1438.252,60.8459,100.000,46331.3
328.225,1438.452,60.8476,100.000,46330.4
328.724,1438.652,60.8488,100.000,46329.8
328.724,1438.851,60.8504,100.000,46329.1
328.725,1439.053,60.8512,100.000,46328.7
329.224,1439.251,60.8486,100.000,46329.9
329.225,1439.451,60.8483,100.000,46330.1
329.724,1439.651,60.8532,100.000,46327.7
329.724,1439.850,60.8494,100.000,46329.5
329.724,1440.051,60.8455,100.000,46331.5
330.224,1440.250,60.8471,100.000,46330.7
330.224,1440.450,60.8431,100.000,46332.7
330.724,1440.650,60.8478,100.000,46330.3
330.724,1440.850,60.8510,100.000,46328.8
330.724,1441.051,60.8510,100.000,46328.8
331.224,1441.250,60.8442,100.000,46332.0
331.225,1441.450,60.8496,100.000,46329.4
331.724,1441.650,60.8476,100.000,46330.4
331.725,1441.850,60.8477,100.000,46330.3
331.725,1442.051,60.8410,100.000,46333.7
332.224,1442.249,60.8325,100.000,46337.7
332.225,1442.448,60.8403,100.000,46333.9
332.724,1442.649,60.8377,100.000,46335.2
332.725,1442.849,60.8320,100.000,46337.9
332.725,1443.050,60.8286,100.000,46339.6
333.223,1443.249,60.8301,100.000,46338.8
333.224,1443.449,60.8310,100.000,46338.4
333.724,1443.648,60.8245,100.000,46341.5
333.725,1443.849,60.8214,100.000,46343.0
333.725,1444.049,60.8213,100.000,46343.1
334.224,1444.248,60.8154,100.000,46345.9
334.225,1444.448,60.8156,100.000,46345.8
334.724,1444.648,60.8106,100.000,46348.2
334.725,1444.848,60.8097,100.000,46348.6
334.725,1445.049,60.8047,100.000,46351.1
335.224,1445.248,60.8024,100.000,46352.1
335.225,1445.446,60.8005,100.000,46353.1
335.724,1445.647,60.7970,100.000,46354.7
335.725,1445.847,60.7918,100.000,46357.2
335.725,1446.048,60.7910,100.000,46357.6
336.224,1446.246,60.7907,100.000,46357.8
336.225,1446.446,60.7785,100.000,46363.6
336.724,1446.647,60.7801,100.000,46362.9
336.725,1446.847,60.7788,100.000,46363.4
336.725,1447.047,60.7715,100.000,46366.9
337.224,1447.246,60.7724,100.000,46366.6
337.225,1447.446,60.7653,100.000,46370.0
337.724,1447.646,60.7690,100.000,46368.1
337.725,1447.847,60.7617,100.000,46371.8
337.725,1448.047,60.7575,100.000,46373.8
338.224,1448.245,60.7575,100.000,46373.7
338.224,1448.445,60.7518,100.000,46376.5
338.724,1448.645,60.7435,100.000,46380.4
338.725,1448.846,60.7435,100.000,46380.4
338.725,1449.045,60.7495,100.000,46377.5
339.224,1449.245,60.7456,100.000,46379.5
339.224,1449.445,60.7321,100.000,46385.9
339.724,1449.645,60.7387,100.000,46382.8
339.725,1449.844,60.7349,100.000,46384.6
339.725,1450.044,60.7334,100.000,46385.3
340.224,1450.244,60.7270,100.000,46388.3
340.225,1450.444,60.7251,100.000,46389.2
340.724,1450.644,60.7290,100.000,46387.4
340.725,1450.845,60.7144,100.000,46394.4
340.725,1451.043,60.7214,100.000,46391.1
341.224,1451.243,60.7234,100.000,46390.1
341.225,1451.443,60.7152,100.000,46394.1
341.724,1451.643,60.7114,100.000,46395.9
341.725,1451.844,60.7070,100.000,46397.9
341.725,1452.043,60.7117,100.000,46395.7
342.224,1452.243,60.7106,100.000,46396.2
342.225,1452.443,60.7080,100.000,46397.5
342.724,1452.643,60.7020,100.000,46400.4
342.725,1452.844,60.6999,100.000,46401.4
342.725,1453.042,60.6934,100.000,46404.5
343.224,1453.242,60.6878,100.000,46407.2
343.225,1453.441,60.6896,100.000,46406.3
343.724,1453.642,60.6938,100.000,46404.3
343.724,1453.843,60.6899,100.000,46406.2
343.724,1454.042,60.6938,100.000,46404.2
344.224,1454.242,60.6904,100.000,46406.0
344.224,1454.441,60.6875,100.000,46407.4
344.724,1454.641,60.6855,100.000,46408.3
344.725,1454.842,60.6856,100.000,46408.2
344.725,1455.041,60.6792,100.000,46411.3
345.223,1455.242,60.6772,100.000,46412.3
345.224,1455.441,60.6772,100.000,46412.3
345.724,1455.641,60.6763,100.000,46412.7
345.724,1455.840,60.6766,100.000,46412.6
345.725,1456.041,60.6792,100.000,46411.3
346.224,1456.240,60.6714,100.000,46415.0
346.225,1456.440,60.6745,100.000,46413.5
346.724,1456.640,60.6699,100.000,46415.8
346.724,1456.841,60.6740,100.000,46413.8
346.725,1457.040,60.6668,100.000,46417.3
347.224,1457.240,60.6621,100.000,46419.5
347.225,1457.439,60.6634,100.000,46418.9
347.724,1457.639,60.6660,100.000,46417.6
347.724,1457.840,60.6603,100.000,46420.4
347.725,1458.039,60.6624,100.000,46419.5
348.223,1458.239,60.6574,100.000,46421.8
348.224,1458.439,60.6567,100.000,46422.1
348.724,1458.639,60.6558,100.000,46422.5
348.724,1458.840,60.6585,100.000,46421.2
348.724,1459.038,60.6600,100.000,46420.5
349.224,1459.238,60.6479,100.000,46426.4
349.224,1459.438,60.6504,100.000,46425.1
349.723,1459.638,60.6535,100.000,46423.7
349.724,1459.839,60.6515,100.000,46424.6
349.724,1460.038,60.6484,100.000,46426.1
350.224,1460.238,60.6480,100.000,46426.3
350.224,1460.438,60.6421,100.000,46429.2
350.724,1460.638,60.6481,100.000,46426.2
350.725,1460.837,60.6437,100.000,46428.4
350.725,1461.037,60.6479,100.000,46426.4
351.224,1461.237,60.6509,100.000,46424.9
351.225,1461.437,60.6470,100.000,46426.8
351.724,1461.638,60.6421,100.000,46429.1
351.725,1461.838,60.6411,100.000,46429.5
351.725,1462.036,60.6448,100.000,46427.9
352.224,1462.236,60.6408,100.000,46429.8
352.224,1462.436,60.6507,100.000,46425.0
352.724,1462.637,60.6429,100.000,46428.7
352.724,1462.836,60.6351,100.000,46432.5
352.724,1463.036,60.6411,100.000,46429.6
353.224,1463.236,60.6426,100.000,46428.9
353.224,1463.435,60.6470,100.000,46426.9
353.724,1463.637,60.6460,100.000,46427.2
353.724,1463.835,60.6460,100.000,46427.2
353.724,1464.035,60.6501,100.000,46425.3
354.224,1464.235,60.6486,100.000,46426.0
354.224,1464.435,60.6484,100.000,46426.1
354.724,1464.636,60.6512,100.000,46424.7
354.724,1464.834,60.6548,100.000,46423.0
354.724,1465.034,60.6517,100.000,46424.5
355.224,1465.234,60.6553,100.000,46422.8
355.224,1465.434,60.6598,100.000,46420.6
355.724,1465.635,60.6602,100.000,46420.5
355.724,1465.833,60.6564,100.000,46422.2
355.724,1466.034,60.6660,100.000,46417.7
356.223,1466.234,60.6672,100.000,46417.1
356.223,1466.434,60.6655,100.000,46418.0
356.724,1466.635,60.6709,100.000,46415.3
356.724,1466.833,60.6712,100.000,46415.1
356.724,1467.033,60.6743,100.000,46413.6
357.224,1467.233,60.6769,100.000,46412.5
357.224,1467.433,60.6753,100.000,46413.3
357.724,1467.634,60.6743,100.000,46413.7
357.724,1467.833,60.6815,100.000,46410.2
357.724,1468.033,60.6824,100.000,46409.7
358.224,1468.231,60.6868,100.000,46407.6
358.224,1468.432,60.6889,100.000,46406.7
358.724,1468.633,60.6883,100.000,46407.0
358.724,1468.832,60.6883,100.000,46407.0
358.724,1469.032,60.6963,100.000,46403.1
359.224,1469.232,60.6948,100.000,46403.9
359.225,1469.432,60.6956,100.000,46403.4
359.724,1469.633,60.6999,100.000,46401.4
359.725,1469.831,60.7022,100.000,46400.3
359.725,1470.030,60.7077,100.000,46397.7
360.224,1470.231,60.7093,100.000,46396.8
360.225,1470.431,60.7129,100.000,46395.2
360.724,1470.632,60.7134,100.000,46394.9
360.724,1470.830,60.7223,100.000,46390.6
360.724,1471.030,60.7178,100.000,46392.7
361.224,1471.230,60.7212,100.000,46391.2
361.224,1471.430,60.7230,100.000,46390.3
361.724,1471.631,60.7228,100.000,46390.4
361.724,1471.830,60.7331,100.000,46385.4
361.724,1472.030,60.7342,100.000,46384.9
362.223,1472.230,60.7371,100.000,46383.5
362.223,1472.430,60.7431,100.000,46380.6
362.724,1472.631,60.7412,100.000,46381.6
362.724,1472.829,60.7480,100.000,46378.3
362.724,1473.029,60.7495,100.000,46377.5
363.224,1473.230,60.7488,100.000,46377.8
363.225,1473.429,60.7580,100.000,46373.5
363.724,1473.630,60.7550,100.000,46374.9
363.724,1473.829,60.7601,100.000,46372.5
363.724,1474.029,60.7596,100.000,46372.7
364.224,1474.229,60.7677,100.000,46368.8
364.224,1474.430,60.7700,100.000,46367.8
364.724,1474.629,60.7680,100.000,46368.7
364.724,1474.827,60.7730,100.000,46366.3
364.725,1475.028,60.7747,100.000,46365.4
365.223,1475.228,60.7788,100.000,46363.5
365.224,1475.429,60.7822,100.000,46361.8
365.723,1475.627,60.7869,100.000,46359.6
365.724,1475.827,60.7851,100.000,46360.4
365.724,1476.027,60.7920,100.000,46357.2
366.224,1476.228,60.7848,100.000,46360.5
366.224,1476.428,60.7949,100.000,46355.8
366.724,1476.627,60.8003,100.000,46353.2
366.724,1476.827,60.8001,100.000,46353.2
366.725,1477.027,60.8024,100.000,46352.1
367.223,1477.227,60.7982,100.000,46354.2
367.224,1477.428,60.8026,100.000,46352.1
367.723,1477.626,60.8042,100.000,46351.3
367.724,1477.826,60.8102,100.000,46348.4
367.724,1478.026,60.8086,100.000,46349.1
368.224,1478.225,60.8167,100.000,46345.3
368.224,1478.427,60.8231,100.000,46342.2
368.724,1478.625,60.8184,100.000,46344.5
368.724,1478.826,60.8218,100.000,46342.8
368.724,1479.025,60.8236,100.000,46342.0
369.224,1479.225,60.8281,100.000,46339.8
369.225,1479.425,60.8333,100.000,46337.3
369.724,1479.625,60.8340,100.000,46337.1
369.725,1479.826,60.8304,100.000,46338.7
369.725,1480.025,60.8428,100.000,46332.7
370.224,1480.225,60.8420,100.000,46333.1
370.224,1480.427,60.8530,100.000,46327.9
370.724,1480.624,60.8517,100.000,46328.4
370.725,1480.824,60.8516,100.000,46328.5
370.725,1481.024,60.8630,100.000,46323.0
371.224,1481.224,60.8574,100.000,46325.7
371.225,1481.425,60.8631,100.000,46322.9
371.724,1481.624,60.8674,100.000,46320.9
371.724,1481.824,60.8717,100.000,46318.8
371.724,1482.023,60.8823,100.000,46313.7
372.224,1482.223,60.8804,100.000,46314.7
372.224,1482.424,60.8771,100.000,46316.3
372.724,1482.623,60.8904,100.000,46309.8
372.724,1482.823,60.8953,100.000,46307.5
372.724,1483.023,60.8937,100.000,46308.2
373.223,1483.223,60.9015,100.000,46304.5
373.224,1483.424,60.9077,100.000,46301.5
373.724,1483.623,60.9085,100.000,46301.2
373.724,1483.822,60.9124,100.000,46299.2
373.724,1484.022,60.9163,100.000,46297.4
374.223,1484.222,60.9232,100.000,46294.1
374.223,1484.424,60.9222,100.000,46294.6
374.724,1484.622,60.9305,100.000,46290.6
374.725,1484.822,60.9357,100.000,46288.0
374.725,1485.022,60.9394,100.000,46286.3
375.224,1485.222,60.9451,100.000,46283.5
375.224,1485.423,60.9461,100.000,46283.0
375.724,1485.621,60.9507,100.000,46280.8
375.724,1485.821,60.9548,100.000,46278.9
375.724,1486.021,60.9594,100.000,46276.7
376.224,1486.222,60.9604,100.000,46276.1
376.225,1486.423,60.9609,100.000,46275.9
376.724,1486.621,60.9720,100.000,46270.6
376.725,1486.820,60.9746,100.000,46269.3
376.725,1487.020,60.9839,100.000,46264.9
377.224,1487.221,60.9873,100.000,46263.2
377.225,1487.420,60.9915,100.000,46261.2
377.724,1487.620,60.9961,100.000,46259.0
377.724,1487.820,60.9927,100.000,46260.6
377.724,1488.020,61.0093,100.000,46252.6
378.224,1488.221,61.0115,100.000,46251.5
378.225,1488.419,61.0220,100.000,46246.5
378.225,1488.619,61.0254,100.000,46244.9
378.724,1488.819,61.0309,100.000,46242.2
378.724,1489.019,61.0309,100.000,46242.2
379.224,1489.220,61.0400,100.000,46237.8
379.225,1489.418,61.0468,100.000,46234.6
379.225,1489.618,61.0470,100.000,46234.5
379.724,1489.818,61.0565,100.000,46229.9
379.724,1490.018,61.0565,100.000,46229.9
380.224,1490.219,61.0680,100.000,46224.3
380.224,1490.418,61.0649,100.000,46225.8
380.224,1490.618,61.0727,100.000,46222.1
380.723,1490.817,61.0838,100.000,46216.8
380.724,1491.018,61.0879,100.000,46214.8
381.224,1491.219,61.0947,100.000,46211.5
381.225,1491.417,61.1066,100.000,46205.8
381.225,1491.617,61.1035,100.000,46207.3
381.724,1491.816,61.1149,100.000,46201.8
381.725,1492.017,61.1255,100.000,46196.6
382.224,1492.218,61.1348,100.000,46192.2
382.225,1492.417,61.1326,100.000,46193.2
382.225,1492.617,61.1421,100.000,46188.7
382.724,1492.816,61.1484,100.000,46185.6
382.725,1493.016,61.1543,100.000,46182.8
383.224,1493.217,61.1632,100.000,46178.5
383.224,1493.416,61.1699,100.000,46175.2
383.225,1493.616,61.1751,100.000,46172.8
383.724,1493.816,61.1810,100.000,46169.9
383.724,1494.016,61.1888,100.000,46166.2
384.224,1494.217,61.1953,100.000,46163.0
384.225,1494.415,61.1956,100.000,46162.9
384.225,1494.614,61.2046,100.000,46158.6
384.724,1494.815,61.2091,100.000,46156.4
384.725,1495.015,61.2156,100.000,46153.2
385.224,1495.216,61.2214,100.000,46150.5
385.225,1495.415,61.2254,100.000,46148.5
385.225,1495.614,61.2347,100.000,46144.0
385.724,1495.814,61.2371,100.000,46142.9
385.725,1496.015,61.2433,100.000,46139.9
386.224,1496.215,61.2471,100.000,46138.0
386.225,1496.414,61.2503,100.000,46136.5
386.225,1496.614,61.2641,100.000,46129.8
386.724,1496.814,61.2661,100.000,46128.8
386.725,1497.014,61.2767,100.000,46123.8
387.224,1497.213,61.2790,100.000,46122.7
387.225,1497.414,61.2809,100.000,46121.7
387.225,1497.612,61.2944,100.000,46115.2
387.724,1497.813,61.2995,100.000,46112.7
387.725,1498.013,61.3003,100.000,46112.3
388.224,1498.214,61.3091,100.000,46108.1
388.225,1498.413,61.3174,100.000,46104.1
388.225,1498.612,61.3195,100.000,46103.1
388.724,1498.813,61.3227,100.000,46101.5
388.725,1499.013,61.3291,100.000,46098.5
389.224,1499.213,61.3369,100.000,46094.7
389.225,1499.412,61.3452,100.000,46090.7
389.225,1499.612,61.3525,100.000,46087.1
389.724,1499.812,61.3481,100.000,46089.3
389.725,1500.013,61.3672,100.000,46080.1
390.224,1500.213,61.3729,100.000,46077.3
390.225,1500.411,61.3774,100.000,46075.1
390.225,1500.611,61.3840,100.000,46072.0
390.724,1500.811,61.3955,100.000,46066.4
390.725,1501.012,61.4026,100.000,46063.0
391.224,1501.211,61.4058,100.000,46061.4
391.225,1501.411,61.4085,100.000,46060.1
391.225,1501.611,61.4179,100.000,46055.6
391.724,1501.811,61.4163,100.000,46056.4
391.725,1502.010,61.4279,100.000,46050.7
392.224,1502.209,61.4390,100.000,46045.4
392.225,1502.410,61.4407,100.000,46044.6
392.225,1502.610,61.4494,100.000,46040.4
392.724,1502.810,61.4580,100.000,46036.2
392.724,1503.011,61.4541,100.000,46038.1
393.224,1503.209,61.4647,100.000,46033.0
393.225,1503.409,61.4731,100.000,46028.9
393.225,1503.609,61.4751,100.000,46027.9
393.724,1503.810,61.4809,100.000,46025.1
393.724,1504.010,61.4870,100.000,46022.2
394.224,1504.209,61.4990,100.000,46016.4
394.225,1504.409,61.4988,100.000,46016.4
394.225,1504.609,61.5081,100.000,46012.0
394.724,1504.809,61.5109,100.000,46010.6
394.724,1505.009,61.5224,100.000,46005.1
395.224,1505.209,61.5225,100.000,46005.1
395.225,1505.408,61.5220,100.000,46005.3
395.225,1505.608,61.5290,100.000,46001.9
395.724,1505.808,61.5337,100.000,45999.7
395.725,1506.009,61.5368,100.000,45998.1
396.224,1506.208,61.5415,100.000,45995.9
396.225,1506.408,61.5503,100.000,45991.6
396.225,1506.607,61.5569,100.000,45988.4
396.724,1506.807,61.5591,100.000,45987.4
396.724,1507.008,61.5679,100.000,45983.0
397.224,1507.207,61.5716,100.000,45981.3
397.224,1507.408,61.5718,100.000,45981.1
397.224,1507.607,61.5809,100.000,45976.8
397.724,1507.807,61.5872,100.000,45973.8
397.725,1508.008,61.5959,100.000,45969.5
398.224,1508.206,61.5977,100.000,45968.7
398.224,1508.406,61.6003,100.000,45967.4
398.225,1508.606,61.6100,100.000,45962.7
398.724,1508.806,61.6121,100.000,45961.7
398.724,1509.007,61.6247,100.000,45955.6
399.224,1509.206,61.6182,100.000,45958.7
399.225,1509.406,61.6312,100.000,45952.5
399.225,1509.605,61.6356,100.000,45950.4
399.724,1509.805,61.6484,100.000,45944.1
399.724,1510.007,61.6444,100.000,45946.1
400.224,1510.205,61.6494,100.000,45943.7
400.224,1510.405,61.6596,100.000,45938.7
400.224,1510.605,61.6641,100.000,45936.5
400.724,1510.805,61.6667,100.000,45935.3
400.725,1511.007,61.6779,100.000,45929.8
401.224,1511.205,61.6846,100.000,45926.6
401.224,1511.404,61.6917,100.000,45923.2
401.224,1511.604,61.6956,100.000,45921.3
401.724,1511.805,61.7012,100.000,45918.6
401.725,1512.006,61.7010,100.000,45918.7
402.224,1512.204,61.7049,100.000,45916.8
402.225,1512.404,61.7147,100.000,45912.1
402.225,1512.604,61.7194,100.000,45909.7
402.724,1512.805,61.7204,100.000,45909.3
402.724,1513.004,61.7298,100.000,45904.7
403.224,1513.203,61.7352,100.000,45902.2
403.224,1513.403,61.7373,100.000,45901.2
403.225,1513.603,61.7405,100.000,45899.6
403.724,1513.804,61.7466,100.000,45896.6
403.724,1514.002,61.7531,100.000,45893.5
404.224,1514.202,61.7433,100.000,45898.1
404.225,1514.402,61.7529,100.000,45893.5
404.225,1514.602,61.7627,100.000,45888.8
404.724,1514.803,61.7658,100.000,45887.3
404.724,1515.001,61.7637,100.000,45888.3
405.224,1515.202,61.7677,100.000,45886.4
405.224,1515.402,61.7817,100.000,45879.6
405.224,1515.602,61.7827,100.000,45879.1
405.724,1515.803,61.7900,100.000,45875.5
405.724,1516.001,61.7874,100.000,45876.8
406.223,1516.201,61.7933,100.000,45874.0
406.223,1516.401,61.8009,100.000,45870.2
406.224,1516.601,61.8022,100.000,45869.6
406.724,1516.802,61.8066,100.000,45867.4
406.724,1517.000,61.8148,100.000,45863.5
407.224,1517.200,61.8185,100.000,45861.7
407.225,1517.400,61.8229,100.000,45859.6
407.225,1517.600,61.8252,100.000,45858.5
407.724,1517.801,61.8291,100.000,45856.5
407.725,1518.000,61.8384,100.000,45852.1
408.224,1518.200,61.8392,100.000,45851.7
408.224,1518.400,61.8408,100.000,45851.0
408.225,1518.600,61.8465,100.000,45848.2
408.724,1518.799,61.8478,100.000,45847.5
408.724,1519.000,61.8574,100.000,45842.8
409.224,1519.199,61.8642,100.000,45839.6
409.224,1519.399,61.8678,100.000,45837.8
409.224,1519.599,61.8727,100.000,45835.4
409.724,1519.800,61.8860,100.000,45829.0
409.724,1519.999,61.8831,100.000,45830.5
410.223,1520.199,61.9013,100.000,45821.6
410.223,1520.398,61.8970,100.000,45823.7
410.223,1520.598,61.9031,100.000,45820.7
410.724,1520.799,61.9090,100.000,45817.8
410.724,1520.998,61.9163,100.000,45814.4
411.224,1521.198,61.9225,100.000,45811.3
411.225,1521.398,61.9261,100.000,45809.6
411.225,1521.598,61.9342,100.000,45805.6
411.724,1521.798,61.9383,100.000,45803.7
411.725,1521.998,61.9394,100.000,45803.1
412.224,1522.196,61.9516,100.000,45797.2
412.224,1522.397,61.9521,100.000,45797.0
412.224,1522.597,61.9596,100.000,45793.3
412.724,1522.798,61.9609,100.000,45792.6
412.724,1522.997,61.9765,100.000,45785.1
413.224,1523.195,61.9748,100.000,45785.9
413.224,1523.397,61.9808,100.000,45783.1
413.225,1523.597,61.9834,100.000,45781.8
413.724,1523.797,61.9889,100.000,45779.1
413.724,1523.996,61.9935,100.000,45776.9
414.224,1524.196,61.9966,100.000,45775.4
414.225,1524.396,62.0057,100.000,45771.0
414.225,1524.597,62.0078,100.000,45770.0
414.724,1524.796,62.0073,100.000,45770.1
414.724,1524.996,62.0159,100.000,45766.0
415.223,1525.195,62.0224,100.000,45762.8
415.223,1525.395,62.0273,100.000,45760.5
415.224,1525.596,62.0386,100.000,45755.1
415.724,1525.795,62.0356,100.000,45756.5
415.725,1525.995,62.0400,100.000,45754.4
416.224,1526.195,62.0464,100.000,45751.2
416.225,1526.395,62.0503,100.000,45749.4
416.225,1526.596,62.0539,100.000,45747.6
416.724,1526.794,62.0601,100.000,45744.6
416.725,1526.993,62.0628,100.000,45743.2
417.224,1527.194,62.0654,100.000,45742.0
417.225,1527.394,62.0641,100.000,45742.6
417.225,1527.595,62.0625,100.000,45743.3
417.724,1527.793,62.0729,100.000,45738.4
417.724,1527.993,62.0776,100.000,45736.1
418.224,1528.193,62.0905,100.000,45729.8
418.224,1528.394,62.0776,100.000,45736.0
418.225,1528.594,62.0903,100.000,45729.9
418.724,1528.793,62.0864,100.000,45731.8
418.724,1528.993,62.1001,100.000,45725.2
419.224,1529.193,62.0973,100.000,45726.5
419.224,1529.393,62.1079,100.000,45721.3
419.224,1529.593,62.1084,100.000,45721.0
419.724,1529.793,62.1139,100.000,45718.4
419.725,1529.992,62.1137,100.000,45718.6
420.224,1530.192,62.1186,100.000,45716.2
420.225,1530.392,62.1287,100.000,45711.2
420.225,1530.593,62.1255,100.000,45712.8
420.724,1530.792,62.1362,100.000,45707.6
420.724,1530.992,62.1362,100.000,45707.6
421.224,1531.191,62.1455,100.000,45703.0
421.225,1531.391,62.1522,100.000,45699.8
421.225,1531.592,62.1549,100.000,45698.5
421.723,1531.791,62.1562,100.000,45697.9
421.724,1531.992,62.1626,100.000,45694.7
422.224,1532.191,62.1720,100.000,45690.2
422.224,1532.391,62.1697,100.000,45691.2
422.224,1532.592,62.1772,100.000,45687.6
422.724,1532.790,62.1850,100.000,45683.9
422.724,1532.990,62.1833,100.000,45684.7
423.224,1533.190,62.1928,100.000,45680.1
423.224,1533.390,62.1987,100.000,45677.3
423.224,1533.591,62.1997,100.000,45676.7
423.724,1533.790,62.2070,100.000,45673.2
423.724,1533.990,62.2103,100.000,45671.6
424.224,1534.189,62.2210,100.000,45666.4
424.225,1534.390,62.2275,100.000,45663.1
424.225,1534.590,62.2344,100.000,45659.8
424.724,1534.788,62.2375,100.000,45658.3
424.724,1534.989,62.2402,100.000,45657.0
425.224,1535.189,62.2420,100.000,45656.2
425.225,1535.389,62.2436,100.000,45655.4
425.225,1535.590,62.2520,100.000,45651.2
425.724,1535.788,62.2573,100.000,45648.7
425.724,1535.988,62.2607,100.000,45647.0
426.223,1536.188,62.2636,100.000,45645.6
426.224,1536.388,62.2729,100.000,45641.2
426.224,1536.589,62.2824,100.000,45636.5
426.724,1536.788,62.2837,100.000,45635.8
426.724,1536.988,62.2908,100.000,45632.4
427.224,1537.188,62.2944,100.000,45630.7
427.225,1537.388,62.3013,100.000,45627.3
427.225,1537.587,62.3083,100.000,45623.9
427.724,1537.787,62.3101,100.000,45623.0
427.724,1537.987,62.3164,100.000,45620.0
428.224,1538.187,62.3270,100.000,45614.8
428.225,1538.388,62.3320,100.000,45612.3
428.225,1538.588,62.3384,100.000,45609.3
428.724,1538.786,62.3496,100.000,45603.8
428.725,1538.986,62.3530,100.000,45602.1
429.224,1539.186,62.3528,100.000,45602.3
429.225,1539.387,62.3647,100.000,45596.4
429.225,1539.586,62.3758,100.000,45591.1
429.724,1539.786,62.3823,100.000,45587.8
429.725,1539.986,62.3859,100.000,45586.1
430.223,1540.186,62.3908,100.000,45583.7
430.224,1540.386,62.4040,100.000,45577.4
430.224,1540.585,62.4136,100.000,45572.7
430.724,1540.785,62.4131,100.000,45572.8
430.724,1540.985,62.4248,100.000,45567.2
431.224,1541.185,62.4323,100.000,45563.5
431.225,1541.386,62.4401,100.000,45559.8
431.225,1541.584,62.4382,100.000,45560.7
431.724,1541.785,62.4513,100.000,45554.3
431.724,1541.984,62.4525,100.000,45553.7
432.224,1542.184,62.4616,100.000,45549.3
432.224,1542.385,62.4707,100.000,45544.8
432.224,1542.584,62.4775,100.000,45541.5
432.724,1542.784,62.4790,100.000,45540.8
432.724,1542.983,62.4951,100.000,45533.0
433.224,1543.184,62.4990,100.000,45531.1
433.224,1543.385,62.5049,100.000,45528.2
433.224,1543.583,62.5153,100.000,45523.1
433.724,1543.783,62.5200,100.000,45520.8
433.724,1543.983,62.5308,100.000,45515.5
434.224,1544.183,62.5337,100.000,45514.1
434.224,1544.384,62.5381,100.000,45512.1
434.225,1544.583,62.5449,100.000,45508.7
434.724,1544.783,62.5503,100.000,45506.0
434.724,1544.982,62.5544,100.000,45504.1
435.224,1545.182,62.5555,100.000,45503.5
435.225,1545.382,62.5607,100.000,45500.9
435.225,1545.582,62.5703,100.000,45496.2
435.724,1545.782,62.5736,100.000,45494.8
435.725,1545.982,62.5786,100.000,45492.2
436.224,1546.182,62.5815,100.000,45490.8
436.225,1546.383,62.5884,100.000,45487.5
436.225,1546.581,62.5908,100.000,45486.3
436.724,1546.780,62.6009,100.000,45481.3
436.724,1546.981,62.6037,100.000,45480.0
437.224,1547.181,62.6014,100.000,45481.2
437.224,1547.382,62.6137,100.000,45475.1
437.224,1547.581,62.6206,100.000,45471.8
437.724,1547.780,62.6276,100.000,45468.3
437.724,1547.980,62.6312,100.000,45466.6
438.224,1548.180,62.6315,100.000,45466.5
438.224,1548.381,62.6341,100.000,45465.1
438.224,1548.580,62.6408,100.000,45461.9
438.724,1548.780,62.6418,100.000,45461.4
438.724,1548.980,62.6559,100.000,45454.6
439.224,1549.180,62.6577,100.000,45453.6
439.224,1549.381,62.6543,100.000,45455.4
439.224,1549.580,62.6631,100.000,45451.0
439.723,1549.779,62.6668,100.000,45449.2
439.723,1549.979,62.6706,100.000,45447.4
440.224,1550.180,62.6753,100.000,45445.1
440.224,1550.380,62.6836,100.000,45441.0
440.224,1550.579,62.6917,100.000,45437.1
440.724,1550.779,62.6909,100.000,45437.4
440.724,1550.979,62.6950,100.000,45435.4
441.224,1551.180,62.7080,100.000,45429.1
441.224,1551.379,62.7093,100.000,45428.4
441.224,1551.577,62.7031,100.000,45431.5
441.724,1551.778,62.7134,100.000,45426.5
441.724,1551.978,62.7153,100.000,45425.5
442.223,1552.179,62.7227,100.000,45421.9
442.224,1552.377,62.7344,100.000,45416.3
442.224,1552.577,62.7402,100.000,45413.4
442.724,1552.777,62.7412,100.000,45412.9
442.724,1552.978,62.7446,100.000,45411.2
443.224,1553.178,62.7529,100.000,45407.1
443.225,1553.377,62.7529,100.000,45407.2
443.225,1553.577,62.7585,100.000,45404.5
443.724,1553.777,62.7684,100.000,45399.6
443.724,1553.977,62.7669,100.000,45400.4
444.224,1554.178,62.7703,100.000,45398.7
444.224,1554.376,62.7801,100.000,45393.9
444.224,1554.576,62.7806,100.000,45393.7
444.724,1554.776,62.7860,100.000,45391.1
444.724,1554.976,62.7910,100.000,45388.6
445.224,1555.177,62.7975,100.000,45385.4
445.224,1555.375,62.8018,100.000,45383.3
445.224,1555.576,62.8076,100.000,45380.5
445.724,1555.775,62.8047,100.000,45381.9
445.724,1555.975,62.8188,100.000,45375.1
446.224,1556.176,62.8201,100.000,45374.4
446.224,1556.375,62.8254,100.000,45371.8
446.224,1556.576,62.8296,100.000,45369.8
446.724,1556.774,62.8420,100.000,45363.7
446.724,1556.975,62.8392,100.000,45365.0
447.224,1557.176,62.8454,100.000,45362.1
447.224,1557.374,62.8459,100.000,45361.8
447.224,1557.574,62.8559,100.000,45356.9
447.724,1557.774,62.8569,100.000,45356.4
447.724,1557.974,62.8564,100.000,45356.6
448.224,1558.175,62.8690,100.000,45350.5
448.225,1558.374,62.8665,100.000,45351.8
448.225,1558.574,62.8748,100.000,45347.7
448.724,1558.773,62.8701,100.000,45349.9
448.724,1558.973,62.8816,100.000,45344.2
449.224,1559.174,62.8843,100.000,45343.1
449.224,1559.373,62.8929,100.000,45338.8
449.224,1559.573,62.8974,100.000,45336.6
449.724,1559.772,62.9069,100.000,45331.9
449.724,1559.973,62.9048,100.000,45333.1
450.224,1560.174,62.9088,100.000,45331.0
450.224,1560.372,62.9179,100.000,45326.6
450.224,1560.572,62.9212,100.000,45324.9
450.724,1560.772,62.9287,100.000,45321.3
450.724,1560.972,62.9292,100.000,45321.1
451.224,1561.173,62.9351,100.000,45318.2
451.224,1561.372,62.9389,100.000,45316.3
451.224,1561.572,62.9469,100.000,45312.4
451.723,1561.772,62.9497,100.000,45311.1
451.723,1561.972,62.9604,100.000,45305.8
452.224,1562.172,62.9621,100.000,45305.1
452.224,1562.371,62.9714,100.000,45300.5
452.225,1562.571,62.9770,100.000,45297.7
452.724,1562.771,62.9907,100.000,45291.0
452.724,1562.972,62.9984,100.000,45287.2
453.224,1563.172,62.9970,100.000,45287.9
453.224,1563.370,63.0029,100.000,45285.0
453.224,1563.569,63.0094,100.000,45281.8
453.724,1563.770,63.0112,100.000,45281.0
453.724,1563.971,63.0166,100.000,45278.3
454.224,1564.170,63.0148,100.000,45279.2
454.225,1564.370,63.0254,100.000,45274.0
454.225,1564.570,63.0327,100.000,45270.4
454.724,1564.770,63.0459,100.000,45264.0
454.724,1564.971,63.0391,100.000,45267.4
455.224,1565.169,63.0449,100.000,45264.5
455.224,1565.369,63.0516,100.000,45261.2
455.224,1565.569,63.0558,100.000,45259.2
455.724,1565.769,63.0565,100.000,45258.8
455.724,1565.970,63.0602,100.000,45256.9
456.224,1566.168,63.0617,100.000,45256.3
456.224,1566.368,63.0740,100.000,45250.3
456.224,1566.568,63.0724,100.000,45251.0
456.724,1566.768,63.0841,100.000,45245.3
456.724,1566.969,63.0760,100.000,45249.3
457.224,1567.168,63.0799,100.000,45247.4
457.225,1567.368,63.0837,100.000,45245.5
457.225,1567.568,63.0862,100.000,45244.3
457.724,1567.767,63.0938,100.000,45240.6
457.724,1567.969,63.0939,100.000,45240.5
458.224,1568.167,63.1006,100.000,45237.2
458.224,1568.367,63.1035,100.000,45235.8
458.224,1568.567,63.1058,100.000,45234.7
458.724,1568.766,63.1121,100.000,45231.6
458.724,1568.968,63.1113,100.000,45232.0
459.224,1569.167,63.1136,100.000,45230.9
459.224,1569.367,63.1208,100.000,45227.4
459.224,1569.566,63.1245,100.000,45225.6
459.724,1569.766,63.1284,100.000,45223.6
459.724,1569.966,63.1196,100.000,45228.0
460.224,1570.165,63.1365,100.000,45219.6
460.224,1570.366,63.1403,100.000,45217.8
460.224,1570.566,63.1326,100.000,45221.6
460.724,1570.766,63.1422,100.000,45216.9
460.724,1570.967,63.1486,100.000,45213.7
461.224,1571.165,63.1528,100.000,45211.6
461.224,1571.364,63.1551,100.000,45210.6
461.225,1571.565,63.1562,100.000,45210.1
461.724,1571.765,63.1606,100.000,45207.9
461.724,1571.966,63.1672,100.000,45204.7
462.224,1572.165,63.1692,100.000,45203.6
462.224,1572.364,63.1761,100.000,45200.2
462.225,1572.564,63.1768,100.000,45200.0
462.724,1572.764,63.1797,100.000,45198.5
462.724,1572.965,63.1858,100.000,45195.5
463.224,1573.164,63.1904,100.000,45193.2
463.225,1573.364,63.2007,100.000,45188.2
463.225,1573.564,63.2023,100.000,45187.4
463.724,1573.764,63.2096,100.000,45183.8
463.724,1573.965,63.2124,100.000,45182.4
464.224,1574.164,63.2204,100.000,45178.6
464.224,1574.362,63.2197,100.000,45178.9
464.225,1574.563,63.2287,100.000,45174.6
464.724,1574.763,63.2347,100.000,45171.5
464.724,1574.964,63.2417,100.000,45168.2
465.224,1575.163,63.2464,100.000,45165.8
465.224,1575.362,63.2514,100.000,45163.3
465.224,1575.563,63.2547,100.000,45161.8
465.724,1575.763,63.2669,100.000,45155.8
465.724,1575.963,63.2715,100.000,45153.6
466.224,1576.162,63.2762,100.000,45151.2
466.224,1576.362,63.2751,100.000,45151.8
466.224,1576.561,63.2827,100.000,45148.1
466.724,1576.763,63.2944,100.000,45142.3
466.724,1576.963,63.3019,100.000,45138.7
467.223,1577.161,63.2978,100.000,45140.6
467.223,1577.361,63.3105,100.000,45134.4
467.224,1577.561,63.3139,100.000,45132.7
467.723,1577.762,63.3159,100.000,45131.7
467.724,1577.961,63.3263,100.000,45126.6
468.223,1578.161,63.3299,100.000,45124.9
468.223,1578.361,63.3349,100.000,45122.5
468.223,1578.561,63.3480,100.000,45116.0
468.724,1578.762,63.3533,100.000,45113.4
468.724,1578.960,63.3608,100.000,45109.8
469.224,1579.160,63.3686,100.000,45105.8
469.224,1579.360,63.3699,100.000,45105.3
469.225,1579.560,63.3794,100.000,45100.6
469.724,1579.761,63.3786,100.000,45101.0
469.724,1579.959,63.3960,100.000,45092.4
470.224,1580.160,63.3970,100.000,45092.1
470.224,1580.359,63.4082,100.000,45086.5
470.224,1580.559,63.4118,100.000,45084.7
470.723,1580.760,63.4183,100.000,45081.5
470.723,1580.959,63.4262,100.000,45077.7
471.224,1581.159,63.4368,100.000,45072.4
471.224,1581.357,63.4468,100.000,45067.5
471.225,1581.559,63.4484,100.000,45066.8
471.724,1581.760,63.4560,100.000,45063.0
471.724,1581.958,63.4619,100.000,45060.1
472.224,1582.158,63.4751,100.000,45053.6
472.224,1582.358,63.4767,100.000,45052.8
472.224,1582.558,63.4892,100.000,45046.7
472.724,1582.759,63.5021,100.000,45040.4
472.724,1582.957,63.4993,100.000,45041.8
473.224,1583.158,63.5140,100.000,45034.6
473.224,1583.357,63.5234,100.000,45029.9
473.224,1583.557,63.5242,100.000,45029.5
473.724,1583.758,63.5407,100.000,45021.4
473.724,1583.957,63.5423,100.000,45020.6
474.224,1584.156,63.5480,100.000,45017.8
474.224,1584.357,63.5618,100.000,45011.1
474.224,1584.557,63.5679,100.000,45008.1
474.724,1584.758,63.5766,100.000,45003.8
474.724,1584.956,63.5784,100.000,45002.9
475.224,1585.156,63.5911,100.000,44996.7
475.224,1585.356,63.6009,100.000,44991.9
475.224,1585.556,63.6030,100.000,44990.9
475.724,1585.757,63.6055,100.000,44989.7
475.724,1585.956,63.6194,100.000,44982.7
476.224,1586.156,63.6284,100.000,44978.5
476.225,1586.355,63.6289,100.000,44978.1
476.225,1586.556,63.6440,100.000,44970.7
476.724,1586.756,63.6519,100.000,44966.8
476.725,1586.955,63.6558,100.000,44964.9
477.224,1587.155,63.6670,100.000,44959.5
477.224,1587.355,63.6722,100.000,44956.9
477.225,1587.556,63.6810,100.000,44952.5
477.724,1587.755,63.6933,100.000,44946.5
477.724,1587.955,63.6960,100.000,44945.2
478.224,1588.154,63.7095,100.000,44938.5
478.225,1588.354,63.7108,100.000,44937.9
478.225,1588.555,63.7207,100.000,44933.0
478.724,1588.755,63.7394,100.000,44923.8
478.724,1588.954,63.7461,100.000,44920.6
479.224,1589.154,63.7524,100.000,44917.4
479.224,1589.354,63.7666,100.000,44910.4
479.224,1589.555,63.7773,100.000,44905.2
479.725,1589.755,63.7902,100.000,44898.8
479.725,1589.953,63.7840,100.000,44901.9
480.224,1590.153,63.8052,100.000,44891.5
480.224,1590.353,63.8166,100.000,44885.8
480.225,1590.554,63.8218,100.000,44883.3
480.724,1590.752,63.8330,100.000,44877.7
480.724,1590.953,63.8359,100.000,44876.2
481.224,1591.152,63.8517,100.000,44868.6
481.224,1591.352,63.8501,100.000,44869.4
481.224,1591.553,63.8592,100.000,44864.9
481.724,1591.752,63.8869,100.000,44851.2
481.724,1591.952,63.8911,100.000,44849.1
482.223,1592.152,63.8892,100.000,44850.1
482.224,1592.352,63.9111,100.000,44839.2
482.224,1592.553,63.9132,100.000,44838.3
482.724,1592.751,63.9207,100.000,44834.6
482.724,1592.951,63.9365,100.000,44826.8
483.224,1593.151,63.9406,100.000,44824.8
483.224,1593.351,63.9484,100.000,44820.9
483.224,1593.552,63.9614,100.000,44814.5
483.724,1593.750,63.9727,100.000,44809.0
483.724,1593.950,63.9749,100.000,44807.9
484.223,1594.150,63.9907,100.000,44800.1
484.224,1594.350,63.9985,100.000,44796.4
484.224,1594.551,64.0142,100.000,44788.6
484.724,1594.750,64.0259,100.000,44782.8
484.724,1594.950,64.0322,100.000,44779.7
485.224,1595.150,64.0412,100.000,44775.3
485.225,1595.350,64.0527,100.000,44769.6
485.225,1595.551,64.0620,100.000,44765.0
485.724,1595.749,64.0793,100.000,44756.5
485.725,1595.949,64.0742,100.000,44759.1
486.224,1596.149,64.0864,100.000,44753.0
486.225,1596.349,64.1032,100.000,44744.7
486.225,1596.550,64.1051,100.000,44743.8
486.724,1596.748,64.1239,100.000,44734.6
486.724,1596.949,64.1286,100.000,44732.2
487.224,1597.148,64.1348,100.000,44729.1
487.224,1597.348,64.1473,100.000,44723.0
487.224,1597.549,64.1558,100.000,44718.7
487.723,1597.748,64.1663,100.000,44713.6
487.723,1597.948,64.1753,100.000,44709.2
488.224,1598.147,64.1821,100.000,44705.8
488.224,1598.348,64.1934,100.000,44700.3
488.225,1598.549,64.2026,100.000,44695.7
488.724,1598.747,64.2122,100.000,44690.9
488.725,1598.946,64.2254,100.000,44684.5
489.224,1599.148,64.2404,100.000,44677.0
489.225,1599.347,64.2477,100.000,44673.4
489.225,1599.548,64.2603,100.000,44667.2
489.723,1599.747,64.2773,100.000,44658.9
489.724,1599.946,64.2878,100.000,44653.7
490.224,1600.148,64.3006,100.000,44647.3
490.225,1600.347,64.3106,100.000,44642.4
490.225,1600.547,64.3174,100.000,44639.0
490.723,1600.746,64.3335,100.000,44631.1
490.723,1600.946,64.3424,100.000,44626.6
491.224,1601.147,64.3491,100.000,44623.4
491.224,1601.347,64.3626,100.000,44616.7
491.224,1601.547,64.3721,100.000,44612.0
491.723,1601.745,64.3843,100.000,44606.0
491.724,1601.945,64.3966,100.000,44599.9
492.224,1602.146,64.4028,100.000,44596.8
492.224,1602.346,64.4150,100.000,44590.8
492.224,1602.545,64.4237,100.000,44586.6
492.724,1602.745,64.4346,100.000,44581.2
492.724,1602.945,64.4477,100.000,44574.7
493.224,1603.145,64.4604,100.000,44568.4
493.225,1603.346,64.4751,100.000,44561.1
493.225,1603.544,64.4801,100.000,44558.7
493.724,1603.744,64.4941,100.000,44551.8
493.725,1603.944,64.5029,100.000,44547.4
494.224,1604.143,64.5166,100.000,44540.6
494.225,1604.345,64.5311,100.000,44533.5
494.225,1604.543,64.5376,100.000,44530.2
494.724,1604.743,64.5532,100.000,44522.6
494.724,1604.943,64.5607,100.000,44518.8
495.224,1605.144,64.5732,100.000,44512.7
495.224,1605.344,64.5871,100.000,44505.8
495.224,1605.543,64.6025,100.000,44498.2
495.724,1605.743,64.6102,100.000,44494.4
495.725,1605.943,64.6232,100.000,44487.9
496.224,1606.143,64.6318,100.000,44483.7
496.225,1606.343,64.6414,100.000,44478.9
496.225,1606.543,64.6492,100.000,44475.0
496.724,1606.742,64.6632,100.000,44468.1
496.724,1606.942,64.6764,100.000,44461.6
497.224,1607.142,64.6831,100.000,44458.4
497.225,1607.343,64.7028,100.000,44448.5
497.225,1607.542,64.6986,100.000,44450.6
497.724,1607.742,64.7183,100.000,44440.9
497.725,1607.941,64.7305,100.000,44434.8
498.224,1608.141,64.7428,100.000,44428.7
498.225,1608.342,64.7523,100.000,44424.0
498.225,1608.541,64.7617,100.000,44419.3
498.724,1608.742,64.7772,100.000,44411.8
498.725,1608.941,64.7935,100.000,44403.6
499.323,1609.141,64.8074,100.000,44396.7
499.323,1609.342,64.8175,100.000,44391.8
499.323,1609.540,64.8434,100.000,44378.9
499.822,1609.740,64.8486,100.000,44376.2
499.822,1609.940,64.8560,100.000,44372.7
499.822,1610.140,64.8713,100.000,44365.1
500.321,1610.341,64.8802,100.000,44360.6
500.321,1610.539,64.8950,100.000,44353.3
500.761,1610.740,64.9009,100.000,44350.4
500.761,1610.939,64.9142,100.000,44343.8
500.761,1611.139,64.9198,100.000,44341.1
501.319,1611.340,64.9382,100.000,44331.9
501.320,1611.539,64.9502,100.000,44326.0
501.820,1611.738,64.9600,100.000,44321.1
501.820,1611.939,64.9696,100.000,44316.4
501.820,1612.139,64.9866,100.000,44307.9
502.224,1612.340,64.9974,100.000,44302.7
502.224,1612.538,65.0088,100.000,44296.9
502.724,1612.738,65.0298,100.000,44286.5
502.724,1612.938,65.0386,100.000,44282.2
503.224,1613.138,65.0508,100.000,44276.1
503.224,1613.339,65.0635,100.000,44269.8
503.224,1613.538,65.0791,100.000,44262.0
503.724,1613.738,65.0947,100.000,44254.3
503.724,1613.938,65.1027,100.000,44250.3
504.224,1614.138,65.1164,100.000,44243.6
504.224,1614.338,65.1230,100.000,44240.2
504.224,1614.536,65.1366,100.000,44233.6
504.723,1614.737,65.1497,100.000,44227.0
504.723,1614.937,65.1618,100.000,44221.0
505.224,1615.138,65.1823,100.000,44210.8
505.224,1615.338,65.1818,100.000,44211.1
505.224,1615.536,65.2007,100.000,44201.7
505.724,1615.736,65.2070,100.000,44198.6
505.724,1615.937,65.2231,100.000,44190.6
506.224,1616.137,65.2443,100.000,44180.1
506.224,1616.336,65.2505,100.000,44177.1
506.224,1616.536,65.2603,100.000,44172.1
506.724,1616.736,65.2785,100.000,44163.1
506.724,1616.936,65.2852,100.000,44159.8
507.224,1617.137,65.3042,100.000,44150.4
507.224,1617.335,65.3296,100.000,44137.7
507.224,1617.535,65.3426,100.000,44131.3
507.724,1617.735,65.3496,100.000,44127.8
507.724,1617.935,65.3690,100.000,44118.2
508.224,1618.136,65.3726,100.000,44116.3
508.224,1618.334,65.3944,100.000,44105.5
508.224,1618.534,65.4095,100.000,44098.0
508.724,1618.734,65.4142,100.000,44095.6
508.724,1618.935,65.4302,100.000,44087.8
509.224,1619.135,65.4355,100.000,44085.1
509.224,1619.334,65.4601,100.000,44072.8
509.224,1619.534,65.4644,100.000,44070.7
509.724,1619.734,65.4782,100.000,44063.8
509.724,1619.934,65.4946,100.000,44055.6
510.224,1620.134,65.5067,100.000,44049.6
510.224,1620.334,65.5216,100.000,44042.2
510.224,1620.533,65.5314,100.000,44037.4
510.723,1620.733,65.5610,100.000,44022.7
510.723,1620.933,65.5653,100.000,44020.6
511.224,1621.134,65.5783,100.000,44014.0
511.224,1621.333,65.5959,100.000,44005.3
511.224,1621.533,65.6125,100.000,43997.0
511.723,1621.732,65.6266,100.000,43990.0
511.724,1621.932,65.6361,100.000,43985.3
512.224,1622.133,65.6538,100.000,43976.4
512.224,1622.332,65.6592,100.000,43973.8
512.224,1622.532,65.6738,100.000,43966.5
512.724,1622.732,65.6824,100.000,43962.2
512.724,1622.932,65.7021,100.000,43952.5
513.224,1623.133,65.7140,100.000,43946.5
513.224,1623.331,65.7334,100.000,43936.9
513.224,1623.530,65.7427,100.000,43932.3
513.724,1623.731,65.7539,100.000,43926.6
513.724,1623.931,65.7690,100.000,43919.1
514.224,1624.132,65.7824,100.000,43912.5
514.224,1624.331,65.8013,100.000,43903.0
514.224,1624.530,65.8125,100.000,43897.4
514.724,1624.730,65.8255,100.000,43891.0
514.724,1624.930,65.8450,100.000,43881.2
515.224,1625.131,65.8602,100.000,43873.7
515.224,1625.330,65.8711,100.000,43868.2
515.225,1625.529,65.8940,100.000,43856.8
515.724,1625.730,65.9002,100.000,43853.7
515.724,1625.930,65.9121,100.000,43847.7
516.224,1626.131,65.9302,100.000,43838.8
516.224,1626.329,65.9440,100.000,43831.9
516.224,1626.529,65.9565,100.000,43825.6
516.724,1626.729,65.9683,100.000,43819.8
516.724,1626.930,65.9844,100.000,43811.8
517.224,1627.130,65.9961,100.000,43805.9
517.224,1627.329,66.0098,100.000,43799.1
517.224,1627.529,66.0198,100.000,43794.0
517.724,1627.729,66.0433,100.000,43782.3
517.725,1627.930,66.0430,100.000,43782.6
518.224,1628.129,66.0684,100.000,43769.8
518.224,1628.328,66.0781,100.000,43765.0
518.224,1628.528,66.1007,100.000,43753.6
518.724,1628.728,66.1141,100.000,43747.0
518.724,1628.929,66.1216,100.000,43743.3
519.224,1629.127,66.1452,100.000,43731.5
519.224,1629.327,66.1523,100.000,43727.9
519.224,1629.527,66.1681,100.000,43720.0
519.724,1629.727,66.1787,100.000,43714.8
519.724,1629.928,66.1940,100.000,43707.1
520.224,1630.126,66.2085,100.000,43699.9
520.224,1630.327,66.2235,100.000,43692.5
520.224,1630.527,66.2353,100.000,43686.5
520.724,1630.727,66.2497,100.000,43679.3
520.724,1630.928,66.2637,100.000,43672.2
521.224,1631.126,66.2785,100.000,43664.9
521.224,1631.326,66.2886,100.000,43659.9
521.224,1631.526,66.3084,100.000,43650.0
521.724,1631.726,66.3143,100.000,43647.1
521.724,1631.927,66.3346,100.000,43636.9
522.224,1632.125,66.3426,100.000,43632.9
522.225,1632.326,66.3625,100.000,43623.0
522.225,1632.525,66.3779,100.000,43615.2
522.724,1632.725,66.3916,100.000,43608.5
522.724,1632.926,66.4048,100.000,43601.8
523.224,1633.124,66.4181,100.000,43595.1
523.224,1633.326,66.4329,100.000,43587.8
523.224,1633.525,66.4502,100.000,43579.0
523.724,1633.725,66.4640,100.000,43572.2
523.724,1633.926,66.4761,100.000,43566.1
524.224,1634.124,66.4860,100.000,43561.2
524.224,1634.324,66.4976,100.000,43555.4
524.224,1634.524,66.5210,100.000,43543.7
524.723,1634.724,66.5308,100.000,43538.8
524.724,1634.925,66.5438,100.000,43532.3
525.224,1635.124,66.5692,100.000,43519.6
525.225,1635.324,66.5757,100.000,43516.4
525.225,1635.523,66.5933,100.000,43507.5
525.724,1635.723,66.6074,100.000,43500.4
525.724,1635.924,66.6234,100.000,43492.4
526.224,1636.123,66.6406,100.000,43483.8
526.224,1636.323,66.6572,100.000,43475.6
526.224,1636.523,66.6727,100.000,43467.8
526.724,1636.723,66.6826,100.000,43462.8
526.724,1636.924,66.6934,100.000,43457.4
527.224,1637.122,66.7127,100.000,43447.8
527.224,1637.322,66.7236,100.000,43442.4
527.225,1637.522,66.7368,100.000,43435.7
527.723,1637.722,66.7546,100.000,43426.8
527.723,1637.923,66.7741,100.000,43417.0
528.224,1638.122,66.7887,100.000,43409.7
528.224,1638.322,66.7949,100.000,43406.6
528.224,1638.522,66.8162,100.000,43395.8
528.724,1638.722,66.8346,100.000,43386.7
528.725,1638.922,66.8496,100.000,43379.2
529.224,1639.121,66.8608,100.000,43373.5
529.224,1639.321,66.8875,100.000,43360.2
529.224,1639.521,66.8968,100.000,43355.5
529.724,1639.722,66.9155,100.000,43346.2
529.724,1639.922,66.9311,100.000,43338.3
530.224,1640.121,66.9453,100.000,43331.2
530.224,1640.320,66.9596,100.000,43324.0
530.224,1640.520,66.9741,100.000,43316.8
530.724,1640.721,66.9808,100.000,43313.4
530.724,1640.920,67.0078,100.000,43299.9
531.224,1641.120,67.0088,100.000,43299.4
531.224,1641.320,67.0356,100.000,43285.9
531.224,1641.520,67.0428,100.000,43282.4
531.724,1641.721,67.0656,100.000,43270.9
531.725,1641.919,67.0877,100.000,43259.8
532.224,1642.119,67.1053,100.000,43251.0
532.224,1642.319,67.1126,100.000,43247.2
532.224,1642.519,67.1320,100.000,43237.6
532.724,1642.720,67.1453,100.000,43230.9
532.725,1642.918,67.1639,100.000,43221.6
532.725,1643.118,67.1787,100.000,43214.2
533.224,1643.318,67.2000,100.000,43203.4
533.224,1643.518,67.2074,100.000,43199.7
533.724,1643.719,67.2266,100.000,43190.2
533.725,1643.918,67.2394,100.000,43183.7
533.725,1644.118,67.2510,100.000,43177.8
534.224,1644.318,67.2710,100.000,43167.8
534.224,1644.518,67.2900,100.000,43158.2
534.724,1644.719,67.2978,100.000,43154.4
534.724,1644.916,67.3144,100.000,43145.9
534.725,1645.117,67.3286,100.000,43138.8
535.224,1645.317,67.3545,100.000,43125.8
535.224,1645.517,67.3721,100.000,43117.0
535.724,1645.718,67.3893,100.000,43108.4
535.724,1645.917,67.4082,100.000,43098.9
535.724,1646.117,67.4245,100.000,43090.7
536.224,1646.316,67.4365,100.000,43084.6
536.224,1646.517,67.4600,100.000,43072.8
536.724,1646.717,67.4640,100.000,43070.8
536.725,1646.916,67.4832,100.000,43061.2
536.725,1647.116,67.5029,100.000,43051.2
537.224,1647.316,67.5176,100.000,43043.8
537.225,1647.516,67.5335,100.000,43035.9
537.724,1647.717,67.5477,100.000,43028.8
537.724,1647.915,67.5697,100.000,43017.7
537.724,1648.114,67.5866,100.000,43009.2
538.224,1648.315,67.6027,100.000,43001.1
538.224,1648.515,67.6227,100.000,42991.0
538.724,1648.716,67.6450,100.000,42979.8
538.724,1648.915,67.6655,100.000,42969.4
538.724,1649.114,67.6782,100.000,42963.0
539.224,1649.314,67.6901,100.000,42957.1
539.224,1649.514,67.7183,100.000,42943.0
539.724,1649.715,67.7334,100.000,42935.3
539.725,1649.914,67.7459,100.000,42929.0
539.725,1650.112,67.7622,100.000,42920.8
540.224,1650.314,67.7824,100.000,42910.6
540.224,1650.514,67.7918,100.000,42905.9
540.724,1650.715,67.8132,100.000,42895.2
540.724,1650.913,67.8224,100.000,42890.5
540.724,1651.112,67.8590,100.000,42872.0
541.224,1651.313,67.8630,100.000,42870.0
541.225,1651.513,67.8851,100.000,42859.0
541.724,1651.714,67.9043,100.000,42849.2
541.724,1651.913,67.9211,100.000,42840.9
541.724,1652.112,67.9388,100.000,42831.9
542.224,1652.313,67.9507,100.000,42825.9
542.225,1652.513,67.9681,100.000,42817.2
542.723,1652.713,67.9775,100.000,42812.4
542.724,1652.912,67.9966,100.000,42802.9
542.724,1653.112,68.0155,100.000,42793.3
543.224,1653.312,68.0234,100.000,42789.3
543.224,1653.513,68.0444,100.000,42778.6
543.724,1653.713,68.0625,100.000,42769.6
543.724,1653.911,68.0767,100.000,42762.3
543.724,1654.110,68.0942,100.000,42753.6
544.224,1654.311,68.1108,100.000,42745.1
544.224,1654.512,68.1318,100.000,42734.6
544.724,1654.711,68.1447,100.000,42728.1
544.724,1654.911,68.1626,100.000,42719.0
544.724,1655.111,68.1808,100.000,42709.9
545.224,1655.311,68.1953,100.000,42702.5
545.224,1655.511,68.2106,100.000,42694.8
545.724,1655.710,68.2241,100.000,42688.1
545.724,1655.910,68.2410,100.000,42679.5
545.724,1656.110,68.2547,100.000,42672.6
546.224,1656.310,68.2734,100.000,42663.2
546.225,1656.511,68.2879,100.000,42655.8
546.724,1656.709,68.3018,100.000,42648.9
546.724,1656.909,68.3232,100.000,42638.1
546.724,1657.109,68.3281,100.000,42635.6
547.224,1657.310,68.3563,100.000,42621.4
547.224,1657.510,68.3657,100.000,42616.6
547.724,1657.709,68.3831,100.000,42607.9
547.724,1657.909,68.4056,100.000,42596.5
547.724,1658.109,68.4253,100.000,42586.5
548.224,1658.309,68.4375,100.000,42580.4
548.225,1658.510,68.4554,100.000,42571.3
548.724,1658.708,68.4702,100.000,42563.9
548.724,1658.908,68.4805,100.000,42558.7
548.724,1659.108,68.5010,100.000,42548.2
549.224,1659.308,68.5189,100.000,42539.3
549.224,1659.509,68.5392,100.000,42529.0
549.724,1659.708,68.5527,100.000,42522.1
549.724,1659.908,68.5633,100.000,42516.8
549.724,1660.107,68.5806,100.000,42508.0
550.224,1660.308,68.5964,100.000,42500.1
550.224,1660.508,68.6170,100.000,42489.7
550.724,1660.707,68.6297,100.000,42483.3
550.725,1660.908,68.6483,100.000,42473.9
550.725,1661.107,68.6689,100.000,42463.4
551.224,1661.307,68.6854,100.000,42455.2
551.225,1661.508,68.7025,100.000,42446.5
551.724,1661.706,68.7168,100.000,42439.3
551.724,1661.906,68.7306,100.000,42432.3
551.724,1662.106,68.7414,100.000,42426.8
552.223,1662.306,68.7698,100.000,42412.5
552.223,1662.507,68.7827,100.000,42405.9
552.724,1662.706,68.7959,100.000,42399.2
552.725,1662.906,68.8110,100.000,42391.6
552.725,1663.105,68.8307,100.000,42381.6
553.224,1663.305,68.8545,100.000,42369.7
553.225,1663.506,68.8618,100.000,42366.0
553.724,1663.704,68.8856,100.000,42353.9
553.724,1663.905,68.9023,100.000,42345.4
553.724,1664.105,68.9175,100.000,42337.8
554.224,1664.305,68.9429,100.000,42325.0
554.224,1664.506,68.9517,100.000,42320.4
554.724,1664.704,68.9712,100.000,42310.6
554.724,1664.903,68.9868,100.000,42302.8
554.724,1665.104,69.0039,100.000,42294.0
555.224,1665.305,69.0166,100.000,42287.6
555.225,1665.505,69.0358,100.000,42277.9
555.724,1665.704,69.0557,100.000,42267.8
555.725,1665.904,69.0711,100.000,42260.0
555.725,1666.104,69.0801,100.000,42255.4
556.224,1666.305,69.1108,100.000,42239.9
556.225,1666.504,69.1186,100.000,42235.9
556.724,1666.703,69.1439,100.000,42223.2
556.725,1666.903,69.1603,100.000,42214.8
556.725,1667.103,69.1790,100.000,42205.4
557.224,1667.304,69.1934,100.000,42198.1
557.225,1667.502,69.2109,100.000,42189.2
557.724,1667.702,69.2329,100.000,42178.1
557.724,1667.902,69.2471,100.000,42170.9
557.724,1668.102,69.2622,100.000,42163.2
558.224,1668.303,69.2817,100.000,42153.4
558.225,1668.502,69.2881,100.000,42150.1
558.724,1668.702,69.3086,100.000,42139.8
558.724,1668.902,69.3240,100.000,42131.9
558.725,1669.102,69.3460,100.000,42120.8
559.224,1669.303,69.3620,100.000,42112.7
559.225,1669.500,69.3799,100.000,42103.6
559.724,1669.700,69.4067,100.000,42090.0
559.724,1669.901,69.4259,100.000,42080.3
559.725,1670.101,69.4443,100.000,42071.0
560.224,1670.302,69.4660,100.000,42059.9
560.225,1670.500,69.4731,100.000,42056.3
560.724,1670.700,69.4956,100.000,42045.1
560.725,1670.900,69.5072,100.000,42039.1
560.725,1671.100,69.5249,100.000,42030.1
561.224,1671.301,69.5395,100.000,42022.8
561.225,1671.500,69.5594,100.000,42012.6
561.724,1671.700,69.5724,100.000,42006.0
561.724,1671.900,69.5949,100.000,41994.6
561.724,1672.100,69.6092,100.000,41987.4
562.224,1672.301,69.6338,100.000,41974.8
562.225,1672.498,69.6554,100.000,41963.8
562.724,1672.699,69.6714,100.000,41955.8
562.725,1672.899,69.6966,100.000,41943.0
562.725,1673.099,69.7103,100.000,41936.1
563.224,1673.300,69.7300,100.000,41926.1
563.225,1673.499,69.7476,100.000,41917.2
563.724,1673.699,69.7583,100.000,41911.8
563.725,1673.897,69.7731,100.000,41904.2
563.725,1674.098,69.7922,100.000,41894.6
564.224,1674.299,69.8171,100.000,41881.8
564.225,1674.498,69.8250,100.000,41877.9
564.724,1674.698,69.8472,100.000,41866.7
564.725,1674.898,69.8652,100.000,41857.5
564.725,1675.098,69.8853,100.000,41847.2
565.224,1675.299,69.9049,100.000,41837.3
565.225,1675.498,69.9271,100.000,41826.0
565.724,1675.696,69.9451,100.000,41816.9
565.724,1675.897,69.9629,100.000,41807.9
565.724,1676.097,69.9757,100.000,41801.2
566.224,1676.298,69.9951,100.000,41791.5
566.224,1676.497,70.0072,100.000,41785.4
566.724,1676.695,70.0265,100.000,41775.5
566.724,1676.897,70.0478,100.000,41764.8
566.724,1677.097,70.0644,100.000,41756.3
567.224,1677.297,70.0820,100.000,41747.3
567.225,1677.496,70.0965,100.000,41740.0
567.724,1677.696,70.1123,100.000,41731.9
567.725,1677.895,70.1333,100.000,41721.4
567.725,1678.097,70.1590,100.000,41708.2
568.224,1678.297,70.1763,100.000,41699.5
568.225,1678.495,70.1908,100.000,41692.1
568.724,1678.695,70.1992,100.000,41687.8
568.725,1678.895,70.2222,100.000,41676.2
568.725,1679.096,70.2461,100.000,41664.0
569.224,1679.295,70.2572,100.000,41658.4
569.225,1679.495,70.2747,100.000,41649.4
569.724,1679.695,70.2961,100.000,41638.5
569.724,1679.895,70.3076,100.000,41632.6
569.724,1680.096,70.3275,100.000,41622.6
570.224,1680.294,70.3403,100.000,41616.0
570.224,1680.493,70.3631,100.000,41604.5
570.724,1680.694,70.3870,100.000,41592.3
570.724,1680.894,70.4027,100.000,41584.4
570.724,1681.095,70.4285,100.000,41571.2
571.224,1681.293,70.4404,100.000,41565.1
571.224,1681.493,70.4565,100.000,41557.0
571.724,1681.693,70.4759,100.000,41547.1
571.724,1681.894,70.4967,100.000,41536.4
571.724,1682.094,70.5151,100.000,41527.1
572.224,1682.293,70.5246,100.000,41522.3
572.225,1682.493,70.5492,100.000,41509.8
572.724,1682.693,70.5623,100.000,41503.1
572.725,1682.893,70.5762,100.000,41496.1
572.725,1683.092,70.5976,100.000,41485.2
573.224,1683.293,70.6182,100.000,41474.6
573.225,1683.492,70.6382,100.000,41464.5
573.724,1683.692,70.6582,100.000,41454.4
573.725,1683.892,70.6753,100.000,41445.6
573.725,1684.093,70.6922,100.000,41437.0
574.224,1684.292,70.7139,100.000,41426.1
574.224,1684.492,70.7212,100.000,41422.2
574.724,1684.691,70.7430,100.000,41411.1
574.724,1684.891,70.7632,100.000,41400.8
574.724,1685.092,70.7775,100.000,41393.6
575.224,1685.291,70.7930,100.000,41385.7
575.224,1685.492,70.8097,100.000,41377.2
575.724,1685.691,70.8281,100.000,41367.8
575.724,1685.891,70.8470,100.000,41358.2
575.725,1686.092,70.8603,100.000,41351.5
576.224,1686.290,70.8792,100.000,41341.8
576.224,1686.490,70.9028,100.000,41329.8
576.724,1686.690,70.9196,100.000,41321.2
576.725,1686.890,70.9326,100.000,41314.6
576.725,1687.091,70.9583,100.000,41301.5
577.224,1687.290,70.9715,100.000,41294.8
577.225,1687.490,70.9912,100.000,41284.7
577.724,1687.689,71.0039,100.000,41278.2
577.725,1687.889,71.0213,100.000,41269.4
577.725,1688.090,71.0374,100.000,41261.2
578.223,1688.289,71.0506,100.000,41254.5
578.224,1688.489,71.0731,100.000,41243.1
578.724,1688.689,71.0840,100.000,41237.5
578.724,1688.889,71.1019,100.000,41228.3
578.725,1689.090,71.1152,100.000,41221.6
579.224,1689.288,71.1385,100.000,41209.6
579.225,1689.488,71.1579,100.000,41199.7
579.724,1689.688,71.1742,100.000,41191.5
579.724,1689.888,71.1901,100.000,41183.4
579.725,1690.089,71.2036,100.000,41176.5
580.224,1690.288,71.2275,100.000,41164.2
580.225,1690.488,71.2376,100.000,41159.2
580.724,1690.688,71.2524,100.000,41151.6
580.724,1690.888,71.2596,100.000,41147.9
580.725,1691.088,71.2832,100.000,41135.9
581.224,1691.287,71.2993,100.000,41127.7
581.224,1691.487,71.3197,100.000,41117.3
581.724,1691.687,71.3247,100.000,41114.7
581.724,1691.888,71.3418,100.000,41106.0
581.725,1692.088,71.3674,100.000,41093.0
582.224,1692.287,71.3804,100.000,41086.3
582.224,1692.486,71.3970,100.000,41077.9
582.724,1692.686,71.4069,100.000,41072.8
582.724,1692.887,71.4323,100.000,41059.9
582.724,1693.087,71.4463,100.000,41052.7
583.224,1693.286,71.4660,100.000,41042.7
583.225,1693.486,71.4759,100.000,41037.6
583.724,1693.686,71.4907,100.000,41030.0
583.724,1693.885,71.5044,100.000,41023.1
583.724,1694.085,71.5213,100.000,41014.4
584.224,1694.285,71.5334,100.000,41008.2
584.225,1694.485,71.5439,100.000,41002.9
584.724,1694.685,71.5601,100.000,40994.6
584.724,1694.886,71.5698,100.000,40989.7
584.725,1695.084,71.5859,100.000,40981.5
585.224,1695.284,71.5926,100.000,40978.0
585.224,1695.484,71.6004,100.000,40974.1
585.724,1695.684,71.6130,100.000,40967.6
585.724,1695.885,71.6177,100.000,40965.2
585.725,1696.084,71.6268,100.000,40960.7
586.224,1696.284,71.6279,100.000,40960.0
586.225,1696.484,71.6348,100.000,40956.6
586.724,1696.684,71.6372,100.000,40955.2
586.724,1696.885,71.6348,100.000,40956.6
586.724,1697.083,71.6387,100.000,40954.6
587.224,1697.283,71.6414,100.000,40953.1
587.225,1697.483,71.6421,100.000,40952.8
587.724,1697.684,71.6440,100.000,40951.8
587.724,1697.884,71.6440,100.000,40951.8
587.725,1698.083,71.6470,100.000,40950.2
588.224,1698.283,71.6470,100.000,40950.3
588.224,1698.482,71.6504,100.000,40948.5
588.724,1698.682,71.6499,100.000,40948.8
588.725,1698.883,71.6576,100.000,40944.9
588.725,1699.082,71.6629,100.000,40942.2
589.224,1699.282,71.6699,100.000,40938.6
589.225,1699.482,71.6753,100.000,40935.9
589.724,1699.682,71.6906,100.000,40928.0
589.724,1699.883,71.7026,100.000,40921.8
589.724,1700.081,71.7095,100.000,40918.4
590.224,1700.280,71.7248,100.000,40910.6
590.225,1700.481,71.7383,100.000,40903.7
590.724,1700.681,71.7554,100.000,40895.0
590.725,1700.882,71.7738,100.000,40885.6
590.725,1701.081,71.7819,100.000,40881.4
591.224,1701.280,71.7928,100.000,40875.9
591.224,1701.480,71.8099,100.000,40867.1
591.724,1701.680,71.8218,100.000,40861.1
591.724,1701.880,71.8449,100.000,40849.2
591.724,1702.079,71.8555,100.000,40843.9
592.224,1702.280,71.8713,100.000,40835.7
592.224,1702.480,71.8901,100.000,40826.1
592.724,1702.680,71.9077,100.000,40817.2
592.724,1702.881,71.9263,100.000,40807.7
592.724,1703.079,71.9346,100.000,40803.5
593.224,1703.279,71.9595,100.000,40790.8
593.224,1703.479,71.9707,100.000,40785.0
593.724,1703.680,71.9865,100.000,40776.9
593.724,1703.880,72.0026,100.000,40768.7
593.724,1704.079,72.0102,100.000,40764.8
594.224,1704.279,72.0306,100.000,40754.4
594.224,1704.479,72.0408,100.000,40749.2
594.724,1704.680,72.0591,100.000,40739.9
594.724,1704.879,72.0732,100.000,40732.6
594.724,1705.078,72.0864,100.000,40725.8
595.224,1705.278,72.1048,100.000,40716.5
595.224,1705.478,72.1216,100.000,40707.9
595.724,1705.679,72.1323,100.000,40702.5
595.724,1705.878,72.1480,100.000,40694.4
595.724,1706.078,72.1660,100.000,40685.2
596.224,1706.277,72.1882,100.000,40673.9
596.224,1706.477,72.2005,100.000,40667.6
596.724,1706.678,72.2191,100.000,40658.1
596.724,1706.877,72.2344,100.000,40650.2
596.724,1707.077,72.2381,100.000,40648.3
597.223,1707.277,72.2531,100.000,40640.6
597.224,1707.477,72.2713,100.000,40631.4
597.724,1707.676,72.2817,100.000,40626.0
597.724,1707.876,72.3042,100.000,40614.6
597.724,1708.076,72.3154,100.000,40608.8
598.224,1708.276,72.3302,100.000,40601.2
598.224,1708.476,72.3478,100.000,40592.4
598.724,1708.677,72.3550,100.000,40588.6
598.724,1708.876,72.3765,100.000,40577.6
598.724,1709.076,72.3844,100.000,40573.6
599.224,1709.275,72.4043,100.000,40563.5
599.224,1709.475,72.4245,100.000,40553.1
599.724,1709.676,72.4427,100.000,40543.8
599.725,1709.874,72.4515,100.000,40539.3
599.725,1710.076,72.4647,100.000,40532.6
600.224,1710.275,72.4818,100.000,40523.8
600.225,1710.475,72.4956,100.000,40516.7
600.724,1710.676,72.5156,100.000,40506.5
600.725,1710.874,72.5273,100.000,40500.5
600.725,1711.074,72.5322,100.000,40498.0
601.224,1711.274,72.5480,100.000,40489.9
601.225,1711.474,72.5732,100.000,40477.0
601.724,1711.675,72.5867,100.000,40470.1
601.725,1711.874,72.5975,100.000,40464.6
601.725,1712.074,72.6198,100.000,40453.2
602.224,1712.273,72.6230,100.000,40451.5
602.224,1712.473,72.6362,100.000,40444.8
602.724,1712.674,72.6593,100.000,40433.0
602.724,1712.873,72.6709,100.000,40427.1
602.724,1713.073,72.6859,100.000,40419.4
603.224,1713.273,72.7085,100.000,40407.8
603.224,1713.473,72.7178,100.000,40403.1
603.724,1713.673,72.7301,100.000,40396.7
603.724,1713.873,72.7485,100.000,40387.3
603.725,1714.072,72.7562,100.000,40383.4
604.224,1714.272,72.7793,100.000,40371.6
604.225,1714.472,72.7852,100.000,40368.6
604.724,1714.673,72.8061,100.000,40357.9
604.725,1714.872,72.8115,100.000,40355.1
604.725,1715.072,72.8353,100.000,40343.0
605.224,1715.272,72.8452,100.000,40337.9
605.225,1715.472,72.8553,100.000,40332.7
605.724,1715.672,72.8779,100.000,40321.1
605.724,1715.871,72.8918,100.000,40314.1
605.725,1716.071,72.9049,100.000,40307.3
606.224,1716.271,72.9207,100.000,40299.2
606.224,1716.472,72.9349,100.000,40291.9
606.724,1716.672,72.9512,100.000,40283.6
606.725,1716.870,72.9619,100.000,40278.2
606.725,1717.069,72.9801,100.000,40268.8
607.224,1717.270,72.9930,100.000,40262.2
607.224,1717.471,73.0143,100.000,40251.3
607.724,1717.670,73.0143,100.000,40251.3
607.724,1717.870,73.0366,100.000,40240.0
607.725,1718.070,73.0506,100.000,40232.7
608.224,1718.270,73.0597,100.000,40228.1
608.225,1718.471,73.0791,100.000,40218.2
608.724,1718.669,73.0910,100.000,40212.1
608.724,1718.869,73.1060,100.000,40204.5
608.724,1719.069,73.1186,100.000,40197.9
609.224,1719.269,73.1387,100.000,40187.6
609.224,1719.470,73.1460,100.000,40183.9
609.723,1719.668,73.1647,100.000,40174.3
609.724,1719.868,73.1784,100.000,40167.4
609.724,1720.067,73.1893,100.000,40161.8
610.224,1720.268,73.2104,100.000,40150.9
610.224,1720.469,73.2220,100.000,40145.0
610.724,1720.668,73.2432,100.000,40134.1
610.724,1720.868,73.2472,100.000,40132.1
610.724,1721.068,73.2620,100.000,40124.5
611.224,1721.268,73.2751,100.000,40117.8
611.224,1721.469,73.2876,100.000,40111.4
611.723,1721.667,73.3021,100.000,40104.0
611.723,1721.867,73.3201,100.000,40094.8
611.723,1722.067,73.3317,100.000,40088.8
612.224,1722.267,73.3525,100.000,40078.2
612.224,1722.468,73.3620,100.000,40073.3
612.724,1722.667,73.3726,100.000,40067.9
612.724,1722.867,73.3916,100.000,40058.2
612.724,1723.066,73.4046,100.000,40051.5
613.224,1723.266,73.4224,100.000,40042.4
613.224,1723.467,73.4380,100.000,40034.4
613.724,1723.666,73.4429,100.000,40031.8
613.724,1723.866,73.4556,100.000,40025.3
613.724,1724.066,73.4743,100.000,40015.7
614.224,1724.266,73.4881,100.000,40008.7
614.224,1724.467,73.5024,100.000,40001.4
614.724,1724.666,73.5106,100.000,39997.2
614.724,1724.864,73.5202,100.000,39992.3
614.724,1725.065,73.5379,100.000,39983.3
615.224,1725.265,73.5470,100.000,39978.4
615.224,1725.466,73.5659,100.000,39968.9
615.724,1725.665,73.5750,100.000,39964.2
615.724,1725.862,73.5874,100.000,39957.9
615.724,1726.065,73.6030,100.000,39949.8
616.224,1726.265,73.6172,100.000,39942.6
616.224,1726.465,73.6353,100.000,39933.2
616.723,1726.664,73.6448,100.000,39928.4
616.724,1726.864,73.6606,100.000,39920.3
616.724,1727.063,73.6816,100.000,39909.6
617.223,1727.264,73.6891,100.000,39905.7
617.224,1727.465,73.7065,100.000,39896.8
617.723,1727.663,73.7220,100.000,39888.9
617.723,1727.862,73.7384,100.000,39880.5
617.723,1728.063,73.7441,100.000,39877.6
618.224,1728.263,73.7710,100.000,39863.8
618.225,1728.464,73.7739,100.000,39862.2
618.724,1728.663,73.7856,100.000,39856.2
618.724,1728.862,73.7985,100.000,39849.6
618.724,1729.063,73.8140,100.000,39841.7
619.224,1729.263,73.8314,100.000,39832.8
619.224,1729.463,73.8431,100.000,39826.8
619.724,1729.662,73.8623,100.000,39817.0
619.724,1729.862,73.8685,100.000,39813.8
619.724,1730.062,73.8866,100.000,39804.5
620.224,1730.263,73.9043,100.000,39795.4
620.224,1730.463,73.9184,100.000,39788.2
620.724,1730.661,73.9274,100.000,39783.6
620.724,1730.861,73.9500,100.000,39772.0
620.724,1731.061,73.9666,100.000,39763.5
621.224,1731.262,73.9840,100.000,39754.5
621.225,1731.461,73.9917,100.000,39750.7
621.724,1731.661,74.0099,100.000,39741.2
621.724,1731.861,74.0215,100.000,39735.4
621.724,1732.061,74.0308,100.000,39730.6
622.224,1732.262,74.0470,100.000,39722.2
622.224,1732.460,74.0659,100.000,39712.6
622.724,1732.660,74.0783,100.000,39706.2
622.724,1732.860,74.0840,100.000,39703.4
622.724,1733.060,74.1069,100.000,39691.5
623.223,1733.261,74.1211,100.000,39684.3
623.223,1733.459,74.1421,100.000,39673.6
623.724,1733.660,74.1548,100.000,39667.0
623.724,1733.859,74.1574,100.000,39665.6
623.724,1734.059,74.1847,100.000,39651.7
624.224,1734.260,74.1987,100.000,39644.6
624.224,1734.459,74.2117,100.000,39637.9
624.724,1734.659,74.2187,100.000,39634.3
624.724,1734.859,74.2412,100.000,39622.7
624.724,1735.058,74.2572,100.000,39614.6
625.224,1735.260,74.2705,100.000,39607.7
625.224,1735.458,74.2852,100.000,39600.2
625.724,1735.658,74.2990,100.000,39593.1
625.724,1735.858,74.3179,100.000,39583.4
625.724,1736.058,74.3298,100.000,39577.3
626.224,1736.259,74.3516,100.000,39566.2
626.224,1736.458,74.3605,100.000,39561.5
626.723,1736.658,74.3822,100.000,39550.4
626.723,1736.857,74.3968,100.000,39542.9
626.723,1737.057,74.4116,100.000,39535.4
627.224,1737.258,74.4364,100.000,39522.7
627.225,1737.457,74.4495,100.000,39515.9
627.724,1737.658,74.4614,100.000,39509.8
627.724,1737.857,74.4744,100.000,39503.1
627.724,1738.057,74.4878,100.000,39496.3
628.224,1738.258,74.5054,100.000,39487.2
628.224,1738.456,74.5177,100.000,39480.8
628.724,1738.656,74.5259,100.000,39476.7
628.724,1738.855,74.5496,100.000,39464.6
628.725,1739.056,74.5596,100.000,39459.4
629.224,1739.257,74.5802,100.000,39448.8
629.224,1739.456,74.5957,100.000,39440.9
629.724,1739.656,74.6089,100.000,39434.1
629.724,1739.855,74.6256,100.000,39425.5
629.725,1740.055,74.6429,100.000,39416.7
630.224,1740.256,74.6572,100.000,39409.4
630.224,1740.455,74.6698,100.000,39402.9
630.724,1740.655,74.6904,100.000,39392.3
630.725,1740.855,74.7030,100.000,39385.9
630.725,1741.055,74.7197,100.000,39377.3
631.224,1741.254,74.7352,100.000,39369.4
631.224,1741.455,74.7542,100.000,39359.6
631.724,1741.654,74.7596,100.000,39356.8
631.724,1741.854,74.7842,100.000,39344.2
631.724,1742.055,74.7897,100.000,39341.4
632.224,1742.255,74.8101,100.000,39330.9
632.224,1742.454,74.8195,100.000,39326.0
632.724,1742.652,74.8384,100.000,39316.4
632.724,1742.854,74.8545,100.000,39308.1
632.724,1743.055,74.8726,100.000,39298.8
633.224,1743.254,74.8908,100.000,39289.4
633.224,1743.453,74.9036,100.000,39282.9
633.724,1743.653,74.9245,100.000,39272.2
633.724,1743.853,74.9354,100.000,39266.6
633.724,1744.053,74.9502,100.000,39259.0
634.224,1744.252,74.9731,100.000,39247.2
634.224,1744.452,74.9769,100.000,39245.3
634.724,1744.652,74.9966,100.000,39235.3
634.724,1744.852,75.0168,100.000,39224.8
634.724,1745.053,75.0247,100.000,39220.8
635.224,1745.252,75.0374,100.000,39214.2
635.224,1745.452,75.0464,100.000,39209.7
635.723,1745.652,75.0651,100.000,39200.0
635.724,1745.852,75.0781,100.000,39193.3
635.724,1746.053,75.0991,100.000,39182.6
636.224,1746.251,75.1089,100.000,39177.6
636.225,1746.451,75.1271,100.000,39168.2
636.724,1746.651,75.1408,100.000,39161.2
636.725,1746.851,75.1636,100.000,39149.6
636.725,1747.052,75.1688,100.000,39146.8
637.224,1747.250,75.1880,100.000,39137.1
637.225,1747.450,75.2056,100.000,39127.9
637.724,1747.650,75.2231,100.000,39118.9
637.725,1747.850,75.2370,100.000,39111.8
637.725,1748.051,75.2576,100.000,39101.3
638.224,1748.250,75.2645,100.000,39097.8
638.224,1748.450,75.2744,100.000,39092.7
638.724,1748.650,75.2941,100.000,39082.5
638.725,1748.850,75.3037,100.000,39077.6
638.725,1749.049,75.3171,100.000,39070.7
639.224,1749.250,75.3369,100.000,39060.6
639.225,1749.449,75.3543,100.000,39051.6
639.724,1749.649,75.3672,100.000,39045.0
639.725,1749.849,75.3840,100.000,39036.4
639.725,1750.050,75.4051,100.000,39025.6
640.224,1750.249,75.4209,100.000,39017.4
640.224,1750.449,75.4375,100.000,39008.9
640.724,1750.648,75.4504,100.000,39002.3
640.725,1750.848,75.4668,100.000,38993.8
640.725,1751.049,75.4814,100.000,38986.4
641.224,1751.248,75.5015,100.000,38976.2
641.225,1751.448,75.5146,100.000,38969.4
641.724,1751.648,75.5264,100.000,38963.3
641.725,1751.848,75.5386,100.000,38957.0
641.725,1752.047,75.5568,100.000,38947.7
642.224,1752.248,75.5703,100.000,38940.7
642.225,1752.446,75.5898,100.000,38930.7
642.724,1752.647,75.6045,100.000,38923.2
642.725,1752.847,75.6214,100.000,38914.5
642.725,1753.048,75.6440,100.000,38903.0
643.224,1753.246,75.6686,100.000,38890.3
643.224,1753.446,75.6751,100.000,38887.0
643.724,1753.647,75.6955,100.000,38876.5
643.725,1753.847,75.7158,100.000,38866.0
643.725,1754.047,75.7285,100.000,38859.6
644.224,1754.246,75.7454,100.000,38850.9
644.225,1754.446,75.7583,100.000,38844.2
644.724,1754.646,75.7695,100.000,38838.5
644.725,1754.847,75.7881,100.000,38829.1
644.725,1755.047,75.8003,100.000,38822.8
645.224,1755.245,75.8249,100.000,38810.1
645.225,1755.445,75.8333,100.000,38805.7
645.724,1755.645,75.8529,100.000,38795.7
645.725,1755.846,75.8682,100.000,38787.8
645.725,1756.045,75.8833,100.000,38780.1
646.224,1756.245,75.9076,100.000,38767.6
646.224,1756.445,75.9180,100.000,38762.3
646.724,1756.645,75.9364,100.000,38752.9
646.725,1756.846,75.9601,100.000,38740.7
646.725,1757.044,75.9644,100.000,38738.5
647.224,1757.244,75.9829,100.000,38729.0
647.225,1757.444,75.9967,100.000,38721.9
647.724,1757.644,76.0093,100.000,38715.5
647.725,1757.845,76.0252,100.000,38707.3
647.725,1758.043,76.0417,100.000,38698.7
648.224,1758.243,76.0576,100.000,38690.6
648.225,1758.443,76.0700,100.000,38684.2
648.724,1758.643,76.0825,100.000,38677.9
648.724,1758.844,76.0957,100.000,38671.1
648.724,1759.043,76.1162,100.000,38660.5
649.224,1759.243,76.1265,100.000,38655.2
649.224,1759.443,76.1409,100.000,38647.8
649.724,1759.642,76.1576,100.000,38639.3
649.724,1759.844,76.1807,100.000,38627.5
649.724,1760.042,76.1862,100.000,38624.6
650.224,1760.242,76.2163,100.000,38609.2
650.224,1760.442,76.2353,100.000,38599.4
650.724,1760.642,76.2412,100.000,38596.3
650.724,1760.843,76.2500,100.000,38591.8
650.724,1761.042,76.2609,100.000,38586.2
651.223,1761.240,76.2765,100.000,38578.2
651.224,1761.441,76.3035,100.000,38564.3
651.723,1761.641,76.3171,100.000,38557.4
651.724,1761.842,76.3265,100.000,38552.6
651.724,1762.041,76.3434,100.000,38543.9
652.224,1762.242,76.3564,100.000,38537.2
652.224,1762.441,76.3740,100.000,38528.1
652.724,1762.641,76.3999,100.000,38514.9
652.725,1762.842,76.4082,100.000,38510.6
652.725,1763.040,76.4170,100.000,38506.2
653.224,1763.240,76.4414,100.000,38493.6
653.225,1763.440,76.4495,100.000,38489.5
653.724,1763.640,76.4692,100.000,38479.3
653.725,1763.841,76.4824,100.000,38472.5
653.725,1764.040,76.4976,100.000,38464.8
654.224,1764.240,76.5213,100.000,38452.5
654.224,1764.439,76.5312,100.000,38447.5
654.724,1764.639,76.5412,100.000,38442.4
654.725,1764.840,76.5553,100.000,38435.1
654.725,1765.038,76.5649,100.000,38430.2
655.224,1765.239,76.5825,100.000,38421.2
655.224,1765.439,76.5890,100.000,38417.8
655.724,1765.639,76.6095,100.000,38407.2
655.724,1765.840,76.6261,100.000,38398.8
655.724,1766.038,76.6427,100.000,38390.2
656.223,1766.238,76.6515,100.000,38385.8
656.224,1766.438,76.6652,100.000,38378.7
656.724,1766.638,76.6937,100.000,38364.1
656.724,1766.839,76.7034,100.000,38359.1
656.724,1767.038,76.7188,100.000,38351.2
657.224,1767.238,76.7274,100.000,38346.8
657.224,1767.438,76.7453,100.000,38337.6
657.723,1767.638,76.7534,100.000,38333.4
657.724,1767.837,76.7716,100.000,38324.1
657.724,1768.037,76.7814,100.000,38319.0
658.224,1768.237,76.8000,100.000,38309.5
658.224,1768.437,76.8055,100.000,38306.7
658.724,1768.638,76.8229,100.000,38297.8
658.725,1768.838,76.8403,100.000,38288.9
658.725,1769.037,76.8485,100.000,38284.6
659.224,1769.236,76.8677,100.000,38274.7
659.224,1769.436,76.8814,100.000,38267.8
659.724,1769.637,76.8936,100.000,38261.5
659.724,1769.836,76.9090,100.000,38253.5
659.724,1770.036,76.9313,100.000,38242.1
660.224,1770.236,76.9492,100.000,38232.9
660.225,1770.436,76.9560,100.000,38229.5
660.724,1770.636,76.9710,100.000,38221.7
660.724,1770.835,76.9814,100.000,38216.3
660.724,1771.035,76.9919,100.000,38211.1
661.224,1771.235,77.0111,100.000,38201.2
661.225,1771.435,77.0151,100.000,38199.1
661.724,1771.636,77.0426,100.000,38184.9
661.725,1771.834,77.0464,100.000,38183.0
661.725,1772.035,77.0566,100.000,38177.7
662.223,1772.234,77.0752,100.000,38168.2
662.224,1772.434,77.0850,100.000,38163.2
662.724,1772.635,77.0996,100.000,38155.6
662.724,1772.834,77.1069,100.000,38152.0
662.724,1773.033,77.1299,100.000,38140.2
663.224,1773.234,77.1380,100.000,38136.0
663.224,1773.434,77.1525,100.000,38128.6
663.724,1773.635,77.1720,100.000,38118.5
663.725,1773.833,77.1746,100.000,38117.2
663.725,1774.033,77.1912,100.000,38108.6
664.224,1774.233,77.1999,100.000,38104.2
664.224,1774.432,77.2222,100.000,38092.8
664.723,1774.634,77.2305,100.000,38088.5
664.724,1774.833,77.2451,100.000,38081.1
664.724,1775.033,77.2607,100.000,38073.1
665.224,1775.232,77.2679,100.000,38069.4
665.225,1775.432,77.2762,100.000,38065.1
665.724,1775.633,77.2998,100.000,38053.0
665.725,1775.832,77.3011,100.000,38052.3
665.725,1776.032,77.3179,100.000,38043.8
666.224,1776.232,77.3340,100.000,38035.5
666.225,1776.432,77.3441,100.000,38030.2
666.724,1776.633,77.3589,100.000,38022.6
666.725,1776.831,77.3667,100.000,38018.5
666.725,1777.030,77.3851,100.000,38009.2
667.224,1777.231,77.4038,100.000,37999.6
667.224,1777.431,77.4079,100.000,37997.5
667.724,1777.632,77.4310,100.000,37985.6
667.724,1777.831,77.4419,100.000,37980.0
667.724,1778.030,77.4528,100.000,37974.4
668.224,1778.230,77.4744,100.000,37963.4
668.225,1778.431,77.4770,100.000,37962.0
668.724,1778.631,77.4917,100.000,37954.5
668.725,1778.830,77.5068,100.000,37946.7
668.725,1779.030,77.5135,100.000,37943.3
669.224,1779.230,77.5202,100.000,37939.9
669.225,1779.430,77.5425,100.000,37928.5
669.724,1779.631,77.5513,100.000,37924.0
669.724,1779.829,77.5599,100.000,37919.6
669.724,1780.029,77.5684,100.000,37915.1
670.224,1780.230,77.5814,100.000,37908.5
670.225,1780.430,77.6001,100.000,37898.8
670.724,1780.630,77.6097,100.000,37893.9
670.725,1780.829,77.6271,100.000,37885.0
670.725,1781.029,77.6333,100.000,37881.8
671.224,1781.229,77.6432,100.000,37876.7
671.225,1781.429,77.6667,100.000,37864.7
671.724,1781.628,77.6824,100.000,37856.6
671.725,1781.828,77.6870,100.000,37854.2
671.725,1782.028,77.7057,100.000,37844.6
672.224,1782.228,77.7217,100.000,37836.5
672.224,1782.429,77.7241,100.000,37835.2
672.724,1782.627,77.7344,100.000,37829.9
672.724,1782.827,77.7490,100.000,37822.5
672.725,1783.027,77.7554,100.000,37819.1
673.224,1783.227,77.7723,100.000,37810.5
673.225,1783.428,77.7837,100.000,37804.7
673.724,1783.627,77.7928,100.000,37800.0
673.725,1783.827,77.8065,100.000,37793.0
673.725,1784.026,77.8144,100.000,37788.9
674.224,1784.227,77.8340,100.000,37778.8
674.225,1784.428,77.8374,100.000,37777.1
674.724,1784.626,77.8517,100.000,37769.7
674.725,1784.826,77.8628,100.000,37764.1
674.725,1785.026,77.8701,100.000,37760.4
675.224,1785.226,77.8854,100.000,37752.4
675.225,1785.427,77.9072,100.000,37741.2
675.724,1785.625,77.9149,100.000,37737.4
675.725,1785.826,77.9279,100.000,37730.6
675.725,1786.025,77.9403,100.000,37724.4
676.224,1786.225,77.9544,100.000,37717.1
676.225,1786.426,77.9587,100.000,37714.9
676.724,1786.625,77.9679,100.000,37710.1
676.725,1786.826,77.9834,100.000,37702.1
676.725,1787.025,77.9878,100.000,37700.0
677.224,1787.225,78.0021,100.000,37692.6
677.225,1787.426,78.0179,100.000,37684.5
677.723,1787.624,78.0225,100.000,37682.2
677.724,1787.823,78.0312,100.000,37677.8
677.724,1788.024,78.0459,100.000,37670.1
678.224,1788.224,78.0574,100.000,37664.2
678.225,1788.425,78.0706,100.000,37657.5
678.724,1788.624,78.0845,100.000,37650.4
678.725,1788.824,78.0960,100.000,37644.5
678.725,1789.023,78.1019,100.000,37641.5
679.224,1789.223,78.1147,100.000,37634.9
679.224,1789.424,78.1255,100.000,37629.2
679.724,1789.623,78.1374,100.000,37623.2
679.725,1789.823,78.1558,100.000,37613.8
679.725,1790.023,78.1684,100.000,37607.4
680.224,1790.223,78.1766,100.000,37603.1
680.225,1790.422,78.1829,100.000,37599.9
680.724,1790.623,78.2046,100.000,37588.8
680.725,1790.822,78.2085,100.000,37586.7
680.725,1791.022,78.2179,100.000,37581.9
681.224,1791.222,78.2300,100.000,37575.7
681.224,1791.423,78.2466,100.000,37567.2
681.724,1791.622,78.2528,100.000,37564.1
681.725,1791.821,78.2655,100.000,37557.6
681.725,1792.022,78.2741,100.000,37553.0
682.224,1792.222,78.2834,100.000,37548.4
682.224,1792.422,78.2925,100.000,37543.6
682.724,1792.621,78.3104,100.000,37534.5
682.725,1792.821,78.3218,100.000,37528.7
682.725,1793.020,78.3260,100.000,37526.5
683.224,1793.222,78.3476,100.000,37515.4
683.224,1793.422,78.3504,100.000,37514.0
683.724,1793.620,78.3644,100.000,37506.8
683.725,1793.820,78.3809,100.000,37498.3
683.725,1794.020,78.3892,100.000,37494.1
684.224,1794.221,78.4071,100.000,37484.9
684.225,1794.420,78.4137,100.000,37481.5
684.724,1794.620,78.4307,100.000,37472.8
684.724,1794.820,78.4399,100.000,37468.1
684.724,1795.019,78.4578,100.000,37458.9
685.224,1795.221,78.4684,100.000,37453.5
685.225,1795.419,78.4764,100.000,37449.4
685.225,1795.619,78.4837,100.000,37445.6
685.724,1795.819,78.4932,100.000,37440.8
685.724,1796.019,78.5088,100.000,37432.8
686.224,1796.219,78.5182,100.000,37427.9
686.224,1796.418,78.5207,100.000,37426.6
686.224,1796.618,78.5347,100.000,37419.5
686.724,1796.818,78.5531,100.000,37410.1
686.724,1797.018,78.5596,100.000,37406.7
687.224,1797.219,78.5770,100.000,37397.7
687.225,1797.418,78.5830,100.000,37394.8
687.225,1797.618,78.6011,100.000,37385.5
687.724,1797.818,78.6060,100.000,37382.8
687.725,1798.018,78.6152,100.000,37378.2
688.224,1798.219,78.6328,100.000,37369.2
688.225,1798.416,78.6478,100.000,37361.5
688.225,1798.617,78.6522,100.000,37359.2
688.724,1798.817,78.6748,100.000,37347.7
688.724,1799.017,78.6834,100.000,37343.2
689.224,1799.217,78.6964,100.000,37336.5
689.224,1799.417,78.6973,100.000,37336.1
689.224,1799.617,78.7114,100.000,37328.9
689.724,1799.816,78.7227,100.000,37323.1
689.725,1800.016,78.7355,100.000,37316.5
690.224,1800.217,78.7469,100.000,37310.7
690.225,1800.415,78.7536,100.000,37307.3
690.225,1800.616,78.7686,100.000,37299.6
690.724,1800.816,78.7708,100.000,37298.5
690.725,1801.016,78.7874,100.000,37289.9
691.224,1801.217,78.8027,100.000,37282.0
691.224,1801.415,78.8057,100.000,37280.6
691.224,1801.614,78.8148,100.000,37275.9
691.724,1801.815,78.8291,100.000,37268.5
691.725,1802.015,78.8335,100.000,37266.2
692.224,1802.216,78.8437,100.000,37261.1
692.225,1802.414,78.8579,100.000,37253.7
692.225,1802.614,78.8698,100.000,37247.7
692.724,1802.814,78.8833,100.000,37240.8
692.725,1803.014,78.8994,100.000,37232.6
693.224,1803.215,78.9097,100.000,37227.2
693.225,1803.414,78.9198,100.000,37222.1
693.225,1803.614,78.9281,100.000,37217.9
693.723,1803.814,78.9419,100.000,37210.7
693.724,1804.014,78.9478,100.000,37207.7
694.224,1804.215,78.9663,100.000,37198.3
694.224,1804.413,78.9779,100.000,37192.4
694.225,1804.612,78.9845,100.000,37188.9
694.724,1804.813,78.9941,100.000,37183.9
694.725,1805.013,79.0070,100.000,37177.4
695.224,1805.214,79.0153,100.000,37173.2
695.224,1805.413,79.0306,100.000,37165.4
695.224,1805.612,79.0329,100.000,37164.1
695.724,1805.813,79.0522,100.000,37154.2
695.725,1806.012,79.0583,100.000,37151.1
696.224,1806.213,79.0592,100.000,37150.7
696.225,1806.412,79.0799,100.000,37140.1
696.225,1806.612,79.0830,100.000,37138.5
696.724,1806.812,79.0994,100.000,37130.1
696.724,1807.013,79.1118,100.000,37123.8
697.224,1807.213,79.1191,100.000,37119.9
697.224,1807.411,79.1357,100.000,37111.4
697.224,1807.611,79.1499,100.000,37104.1
697.724,1807.811,79.1530,100.000,37102.6
697.724,1808.012,79.1655,100.000,37096.2
698.224,1808.211,79.1790,100.000,37089.3
698.225,1808.411,79.1935,100.000,37081.8
698.225,1808.611,79.1982,100.000,37079.4
698.724,1808.811,79.2060,100.000,37075.5
698.725,1809.012,79.2227,100.000,37066.9
699.224,1809.210,79.2296,100.000,37063.3
699.225,1809.410,79.2386,100.000,37058.8
699.225,1809.610,79.2495,100.000,37053.2
699.724,1809.810,79.2599,100.000,37047.8
699.725,1810.011,79.2676,100.000,37044.0
700.224,1810.209,79.2830,100.000,37036.0
700.224,1810.409,79.2957,100.000,37029.5
700.225,1810.609,79.2998,100.000,37027.4
700.724,1810.809,79.3089,100.000,37022.8
700.725,1811.010,79.3265,100.000,37013.8
701.224,1811.209,79.3367,100.000,37008.5
701.224,1811.409,79.3496,100.000,37002.0
701.224,1811.609,79.3613,100.000,36995.8
701.724,1811.809,79.3766,100.000,36988.0
701.724,1812.010,79.3794,100.000,36986.6
702.224,1812.208,79.3970,100.000,36977.7
702.224,1812.408,79.4103,100.000,36970.8
702.224,1812.608,79.4157,100.000,36968.1
702.724,1812.808,79.4282,100.000,36961.7
702.724,1813.009,79.4404,100.000,36955.3
703.224,1813.208,79.4508,100.000,36950.0
703.225,1813.408,79.4647,100.000,36942.9
703.225,1813.607,79.4736,100.000,36938.4
703.724,1813.807,79.4790,100.000,36935.6
703.725,1814.008,79.4870,100.000,36931.5
704.224,1814.207,79.5021,100.000,36923.8
704.224,1814.408,79.5099,100.000,36919.8
704.224,1814.605,79.5200,100.000,36914.7
704.724,1814.807,79.5269,100.000,36911.1
704.724,1815.008,79.5402,100.000,36904.3
705.224,1815.206,79.5542,100.000,36897.2
705.224,1815.406,79.5628,100.000,36892.7
705.224,1815.606,79.5734,100.000,36887.3
705.724,1815.806,79.5771,100.000,36885.4
705.725,1816.007,79.5942,100.000,36876.6
706.224,1816.206,79.6074,100.000,36869.9
706.224,1816.406,79.6177,100.000,36864.6
706.224,1816.605,79.6320,100.000,36857.3
706.724,1816.805,79.6377,100.000,36854.3
706.724,1817.006,79.6543,100.000,36845.9
707.224,1817.205,79.6619,100.000,36842.0
707.224,1817.405,79.6756,100.000,36835.0
707.224,1817.605,79.6844,100.000,36830.5
707.724,1817.805,79.6948,100.000,36825.2
707.724,1818.006,79.6989,100.000,36823.1
708.224,1818.204,79.7139,100.000,36815.4
708.224,1818.403,79.7215,100.000,36811.5
708.224,1818.604,79.7401,100.000,36802.0
708.724,1818.805,79.7389,100.000,36802.6
708.724,1819.005,79.7498,100.000,36797.0
709.224,1819.204,79.7529,100.000,36795.4
709.224,1819.404,79.7733,100.000,36785.1
709.224,1819.604,79.7793,100.000,36781.9
709.723,1819.805,79.7964,100.000,36773.1
709.724,1820.004,79.8037,100.000,36769.4
710.224,1820.203,79.8120,100.000,36765.1
710.224,1820.403,79.8252,100.000,36758.4
710.224,1820.602,79.8312,100.000,36755.3
710.724,1820.804,79.8480,100.000,36746.8
710.724,1821.002,79.8524,100.000,36744.6
711.224,1821.202,79.8682,100.000,36736.5
711.224,1821.402,79.8879,100.000,36726.3
711.225,1821.602,79.8861,100.000,36727.3
711.724,1821.803,79.9043,100.000,36718.0
711.725,1822.002,79.9144,100.000,36712.7
712.224,1822.202,79.9277,100.000,36706.0
712.225,1822.403,79.9341,100.000,36702.7
712.225,1822.602,79.9473,100.000,36696.0
712.724,1822.803,79.9637,100.000,36687.6
712.724,1823.001,79.9687,100.000,36685.0
713.223,1823.201,79.9845,100.000,36676.9
713.224,1823.400,79.9870,100.000,36675.7
713.224,1823.600,79.9961,100.000,36671.0
713.724,1823.802,80.0098,100.000,36664.0
713.724,1824.000,80.0174,100.000,36660.1
714.224,1824.200,80.0309,100.000,36653.1
714.224,1824.400,80.0417,100.000,36647.7
714.225,1824.600,80.0482,100.000,36644.4
714.724,1824.801,80.0625,100.000,36636.9
714.724,1825.000,80.0682,100.000,36634.1
715.224,1825.200,80.0786,100.000,36628.7
715.225,1825.400,80.0879,100.000,36624.1
715.225,1825.600,80.0988,100.000,36618.4
715.724,1825.801,80.1086,100.000,36613.4
715.725,1825.998,80.1165,100.000,36609.4
716.224,1826.199,80.1291,100.000,36603.0
716.225,1826.399,80.1421,100.000,36596.3
716.225,1826.599,80.1566,100.000,36588.9
716.724,1826.800,80.1644,100.000,36584.9
716.724,1826.999,80.1774,100.000,36578.3
717.224,1827.199,80.1826,100.000,36575.6
717.224,1827.398,80.1982,100.000,36567.6
717.224,1827.598,80.2057,100.000,36563.7
717.724,1827.799,80.2187,100.000,36557.2
717.724,1827.998,80.2331,100.000,36549.8
718.224,1828.198,80.2365,100.000,36548.0
718.224,1828.398,80.2510,100.000,36540.6
718.224,1828.598,80.2598,100.000,36536.2
718.724,1828.799,80.2690,100.000,36531.3
718.724,1828.997,80.2760,100.000,36527.8
719.224,1829.196,80.2910,100.000,36520.2
719.224,1829.397,80.3022,100.000,36514.4
719.224,1829.597,80.3086,100.000,36511.1
719.724,1829.798,80.3182,100.000,36506.2
719.724,1829.997,80.3306,100.000,36499.9
720.224,1830.196,80.3379,100.000,36496.2
720.225,1830.397,80.3529,100.000,36488.6
720.225,1830.598,80.3686,100.000,36480.5
720.724,1830.797,80.3633,100.000,36483.2
720.724,1830.996,80.3931,100.000,36468.0
721.224,1831.196,80.3991,100.000,36464.9
721.224,1831.396,80.4032,100.000,36462.8
721.225,1831.597,80.4170,100.000,36455.8
721.724,1831.797,80.4331,100.000,36447.5
721.724,1831.995,80.4422,100.000,36442.8
722.224,1832.195,80.4534,100.000,36437.2
722.224,1832.395,80.4665,100.000,36430.4
722.224,1832.596,80.4728,100.000,36427.3
722.724,1832.795,80.4860,100.000,36420.5
722.724,1832.995,80.4930,100.000,36416.9
723.224,1833.193,80.5019,100.000,36412.4
723.224,1833.395,80.5117,100.000,36407.4
723.225,1833.596,80.5265,100.000,36399.7
723.724,1833.794,80.5340,100.000,36395.9
723.725,1833.994,80.5441,100.000,36390.8
724.224,1834.194,80.5584,100.000,36383.4
724.225,1834.394,80.5644,100.000,36380.4
724.225,1834.595,80.5745,100.000,36375.2
724.724,1834.793,80.5876,100.000,36368.6
724.724,1834.993,80.6050,100.000,36359.7
725.224,1835.193,80.6095,100.000,36357.4
725.224,1835.393,80.6182,100.000,36353.0
725.224,1835.594,80.6286,100.000,36347.6
725.724,1835.793,80.6413,100.000,36341.1
725.724,1835.993,80.6558,100.000,36333.8
726.224,1836.193,80.6647,100.000,36329.2
726.224,1836.393,80.6733,100.000,36324.8
726.225,1836.592,80.6903,100.000,36316.1
726.724,1836.793,80.7028,100.000,36309.7
726.724,1836.992,80.7116,100.000,36305.3
727.224,1837.192,80.7236,100.000,36299.1
727.224,1837.392,80.7298,100.000,36295.9
727.224,1837.593,80.7435,100.000,36288.9
727.724,1837.792,80.7515,100.000,36284.9
727.725,1837.992,80.7563,100.000,36282.4
728.223,1838.191,80.7710,100.000,36275.0
728.224,1838.391,80.7786,100.000,36271.0
728.224,1838.592,80.7935,100.000,36263.4
728.724,1838.791,80.8011,100.000,36259.5
728.724,1838.992,80.8073,100.000,36256.4
729.224,1839.191,80.8223,100.000,36248.7
729.224,1839.391,80.8398,100.000,36239.7
729.224,1839.592,80.8454,100.000,36236.9
729.724,1839.791,80.8582,100.000,36230.3
729.724,1839.990,80.8628,100.000,36228.0
730.224,1840.190,80.8815,100.000,36218.5
730.224,1840.390,80.8945,100.000,36211.8
730.225,1840.591,80.9082,100.000,36204.8
730.724,1840.790,80.9155,100.000,36201.1
730.724,1840.990,80.9308,100.000,36193.2
731.224,1841.189,80.9414,100.000,36187.8
731.224,1841.389,80.9525,100.000,36182.2
731.224,1841.590,80.9582,100.000,36179.4
731.724,1841.789,80.9722,100.000,36172.2
731.725,1841.989,80.9834,100.000,36166.5
732.224,1842.189,80.9959,100.000,36160.1
732.224,1842.389,81.0036,100.000,36156.1
732.224,1842.590,81.0132,100.000,36151.3
732.724,1842.788,81.0166,100.000,36149.5
732.724,1842.988,81.0365,100.000,36139.4
733.224,1843.188,81.0356,100.000,36139.8
733.224,1843.388,81.0537,100.000,36130.6
733.224,1843.589,81.0674,100.000,36123.6
733.724,1843.788,81.0736,100.000,36120.4
733.724,1843.987,81.0807,100.000,36116.7
734.224,1844.188,81.0973,100.000,36108.3
734.225,1844.388,81.1068,100.000,36103.5
734.225,1844.588,81.1149,100.000,36099.3
734.724,1844.787,81.1242,100.000,36094.6
734.724,1844.987,81.1515,100.000,36080.6
735.224,1845.187,81.1458,100.000,36083.5
735.224,1845.388,81.1672,100.000,36072.6
735.225,1845.588,81.1740,100.000,36069.1
735.724,1845.786,81.1841,100.000,36064.0
735.724,1845.986,81.1929,100.000,36059.6
736.224,1846.187,81.2100,100.000,36050.8
736.225,1846.387,81.2101,100.000,36050.7
736.225,1846.586,81.2284,100.000,36041.5
736.724,1846.786,81.2344,100.000,36038.4
736.724,1846.986,81.2448,100.000,36033.0
737.223,1847.186,81.2568,100.000,36026.9
737.223,1847.387,81.2643,100.000,36023.0
737.223,1847.585,81.2746,100.000,36017.8
737.724,1847.785,81.2858,100.000,36012.1
737.724,1847.985,81.3018,100.000,36004.0
738.224,1848.185,81.2970,100.000,36006.4
738.224,1848.386,81.3159,100.000,35996.8
738.225,1848.584,81.3257,100.000,35991.8
738.724,1848.785,81.3377,100.000,35985.7
738.724,1848.984,81.3483,100.000,35980.3
739.223,1849.184,81.3488,100.000,35980.0
739.223,1849.385,81.3711,100.000,35968.6
739.224,1849.584,81.3726,100.000,35967.9
739.724,1849.784,81.3968,100.000,35955.6
739.724,1849.984,81.4048,100.000,35951.4
740.223,1850.183,81.4175,100.000,35945.0
740.224,1850.385,81.4279,100.000,35939.7
740.224,1850.583,81.4373,100.000,35934.9
740.724,1850.783,81.4424,100.000,35932.2
740.724,1850.983,81.4619,100.000,35922.3
741.224,1851.183,81.4655,100.000,35920.5
741.225,1851.383,81.4751,100.000,35915.7
741.225,1851.583,81.4896,100.000,35908.2
741.724,1851.783,81.4985,100.000,35903.7
741.724,1851.982,81.5116,100.000,35897.0
742.224,1852.182,81.5200,100.000,35892.7
742.224,1852.383,81.5299,100.000,35887.6
742.224,1852.582,81.5337,100.000,35885.7
742.724,1852.782,81.5514,100.000,35876.7
742.724,1852.982,81.5592,100.000,35872.7
743.224,1853.182,81.5644,100.000,35870.1
743.224,1853.383,81.5840,100.000,35860.0
743.224,1853.581,81.5941,100.000,35854.9
743.724,1853.780,81.6020,100.000,35850.8
743.725,1853.981,81.6068,100.000,35848.5
744.224,1854.181,81.6307,100.000,35836.3
744.225,1854.382,81.6400,100.000,35831.5
744.225,1854.581,81.6514,100.000,35825.7
744.724,1854.780,81.6626,100.000,35820.0
744.724,1854.980,81.6719,100.000,35815.3
745.223,1855.180,81.6940,100.000,35804.0
745.223,1855.381,81.6986,100.000,35801.7
745.224,1855.580,81.7114,100.000,35795.1
745.724,1855.780,81.7194,100.000,35791.0
745.724,1855.980,81.7310,100.000,35785.1
746.224,1856.180,81.7397,100.000,35780.8
746.225,1856.381,81.7544,100.000,35773.1
746.225,1856.579,81.7643,100.000,35768.1
746.724,1856.779,81.7731,100.000,35763.7
746.724,1856.979,81.7842,100.000,35758.1
747.224,1857.180,81.7843,100.000,35758.0
747.224,1857.380,81.8125,100.000,35743.7
747.224,1857.579,81.8151,100.000,35742.2
747.724,1857.779,81.8234,100.000,35738.0
747.724,1857.979,81.8402,100.000,35729.5
748.224,1858.180,81.8514,100.000,35723.8
748.224,1858.379,81.8600,100.000,35719.4
748.224,1858.578,81.8737,100.000,35712.5
748.724,1858.778,81.8825,100.000,35708.0
748.724,1858.978,81.8994,100.000,35699.4
749.224,1859.179,81.9093,100.000,35694.3
749.225,1859.377,81.9216,100.000,35688.0
749.225,1859.577,81.9338,100.000,35681.9
749.724,1859.777,81.9502,100.000,35673.5
749.725,1859.978,81.9590,100.000,35669.1
750.224,1860.178,81.9681,100.000,35664.5
750.224,1860.377,81.9790,100.000,35658.8
750.225,1860.577,81.9875,100.000,35654.5
750.724,1860.777,82.0026,100.000,35646.8
750.724,1860.977,82.0146,100.000,35640.7
751.224,1861.177,82.0265,100.000,35634.6
751.224,1861.376,82.0268,100.000,35634.5
751.224,1861.576,82.0466,100.000,35624.5
751.724,1861.776,82.0542,100.000,35620.6
751.724,1861.976,82.0597,100.000,35617.8
752.224,1862.177,82.0716,100.000,35611.7
752.224,1862.375,82.0809,100.000,35607.0
752.224,1862.576,82.0986,100.000,35597.9
752.724,1862.775,82.1094,100.000,35592.5
752.724,1862.975,82.1221,100.000,35586.1
753.224,1863.176,82.1248,100.000,35584.6
753.224,1863.375,82.1361,100.000,35578.9
753.224,1863.576,82.1475,100.000,35573.1
753.724,1863.773,82.1680,100.000,35562.7
753.724,1863.975,82.1821,100.000,35555.4
754.224,1864.176,82.1875,100.000,35552.7
754.224,1864.374,82.1990,100.000,35546.8
754.224,1864.574,82.2134,100.000,35539.6
754.724,1864.774,82.2225,100.000,35534.9
754.724,1864.974,82.2235,100.000,35534.4
755.223,1865.175,82.2392,100.000,35526.4
755.224,1865.374,82.2544,100.000,35518.7
755.224,1865.574,82.2609,100.000,35515.4
755.724,1865.773,82.2715,100.000,35510.0
755.724,1865.973,82.2832,100.000,35504.0
756.224,1866.174,82.2837,100.000,35503.8
756.224,1866.373,82.3011,100.000,35494.9
756.224,1866.573,82.3102,100.000,35490.2
756.724,1866.772,82.3223,100.000,35484.1
756.724,1866.973,82.3255,100.000,35482.5
757.224,1867.174,82.3467,100.000,35471.7
757.224,1867.372,82.3602,100.000,35464.9
757.224,1867.572,82.3667,100.000,35461.6
757.723,1867.772,82.3802,100.000,35454.7
757.724,1867.972,82.3843,100.000,35452.5
758.223,1868.173,82.4009,100.000,35444.1
758.224,1868.372,82.4175,100.000,35435.8
758.224,1868.572,82.4245,100.000,35432.1
758.724,1868.770,82.4320,100.000,35428.4
758.724,1868.972,82.4479,100.000,35420.2
759.224,1869.172,82.4606,100.000,35413.7
759.224,1869.371,82.4746,100.000,35406.7
759.224,1869.571,82.4792,100.000,35404.3
759.724,1869.771,82.4922,100.000,35397.7
759.724,1869.972,82.4951,100.000,35396.3
760.224,1870.172,82.5153,100.000,35386.0
760.224,1870.370,82.5207,100.000,35383.2
760.224,1870.570,82.5295,100.000,35378.8
760.724,1870.770,82.5374,100.000,35374.8
760.724,1870.971,82.5493,100.000,35368.8
761.224,1871.170,82.5560,100.000,35365.3
761.224,1871.370,82.5674,100.000,35359.5
761.224,1871.571,82.5864,100.000,35349.9
761.724,1871.770,82.5908,100.000,35347.6
761.724,1871.971,82.6068,100.000,35339.6
762.224,1872.169,82.6182,100.000,35333.8
762.224,1872.369,82.6222,100.000,35331.6
762.224,1872.570,82.6416,100.000,35321.8
762.724,1872.769,82.6533,100.000,35315.8
762.724,1872.970,82.6562,100.000,35314.4
763.224,1873.168,82.6613,100.000,35311.8
763.224,1873.368,82.6763,100.000,35304.2
763.224,1873.568,82.6855,100.000,35299.5
763.724,1873.768,82.6935,100.000,35295.4
763.724,1873.968,82.7134,100.000,35285.4
764.224,1874.168,82.7204,100.000,35281.7
764.224,1874.368,82.7327,100.000,35275.5
764.225,1874.568,82.7422,100.000,35270.7
764.724,1874.768,82.7451,100.000,35269.2
764.725,1874.969,82.7614,100.000,35261.0
765.224,1875.166,82.7640,100.000,35259.6
765.225,1875.366,82.7723,100.000,35255.4
765.225,1875.567,82.7832,100.000,35249.9
765.724,1875.767,82.7944,100.000,35244.1
765.724,1875.968,82.8042,100.000,35239.2
766.224,1876.167,82.8132,100.000,35234.6
766.225,1876.367,82.8226,100.000,35229.9
766.225,1876.565,82.8267,100.000,35227.7
766.724,1876.766,82.8429,100.000,35219.5
766.724,1876.967,82.8449,100.000,35218.6
767.224,1877.166,82.8576,100.000,35212.1
767.224,1877.366,82.8734,100.000,35204.1
767.224,1877.566,82.8859,100.000,35197.7
767.724,1877.766,82.8940,100.000,35193.5
767.724,1877.966,82.9027,100.000,35189.2
768.224,1878.166,82.9189,100.000,35181.0
768.225,1878.364,82.9227,100.000,35179.1
768.225,1878.565,82.9323,100.000,35174.2
768.724,1878.765,82.9424,100.000,35169.0
768.725,1878.966,82.9575,100.000,35161.3
769.224,1879.165,82.9647,100.000,35157.7
769.224,1879.362,82.9740,100.000,35153.1
769.225,1879.565,82.9795,100.000,35150.2
769.724,1879.765,82.9985,100.000,35140.5
769.725,1879.965,82.9984,100.000,35140.6
770.224,1880.164,83.0127,100.000,35133.3
770.225,1880.364,83.0249,100.000,35127.2
770.225,1880.564,83.0304,100.000,35124.4
770.724,1880.764,83.0400,100.000,35119.5
770.724,1880.965,83.0492,100.000,35114.9
771.224,1881.163,83.0677,100.000,35105.5
771.224,1881.362,83.0693,100.000,35104.5
771.224,1881.563,83.0796,100.000,35099.5
771.724,1881.763,83.0915,100.000,35093.4
771.724,1881.964,83.1025,100.000,35087.7
772.224,1882.163,83.1100,100.000,35084.0
772.224,1882.362,83.1112,100.000,35083.4
772.224,1882.563,83.1331,100.000,35072.3
772.724,1882.763,83.1465,100.000,35065.5
772.724,1882.963,83.1476,100.000,35064.9
773.224,1883.162,83.1626,100.000,35057.4
773.225,1883.362,83.1680,100.000,35054.6
773.225,1883.562,83.1842,100.000,35046.3
773.724,1883.763,83.1862,100.000,35045.4
773.725,1883.963,83.2101,100.000,35033.2
774.224,1884.162,83.2178,100.000,35029.3
774.225,1884.361,83.2181,100.000,35029.1
774.225,1884.561,83.2316,100.000,35022.4
774.724,1884.762,83.2441,100.000,35015.9
774.724,1884.961,83.2435,100.000,35016.3
775.224,1885.161,83.2591,100.000,35008.4
775.224,1885.361,83.2712,100.000,35002.2
775.224,1885.561,83.2826,100.000,34996.4
775.724,1885.762,83.2931,100.000,34991.1
775.725,1885.960,83.2938,100.000,34990.7
776.224,1886.160,83.2992,100.000,34988.1
776.225,1886.360,83.3182,100.000,34978.4
776.225,1886.560,83.3301,100.000,34972.3
776.724,1886.761,83.3351,100.000,34969.8
776.724,1886.959,83.3380,100.000,34968.3
777.224,1887.159,83.3555,100.000,34959.5
777.224,1887.358,83.3722,100.000,34951.0
777.224,1887.559,83.3779,100.000,34948.1
777.724,1887.760,83.3848,100.000,34944.7
777.724,1887.959,83.3979,100.000,34937.9
778.224,1888.159,83.4121,100.000,34930.8
778.224,1888.359,83.4268,100.000,34923.4
778.224,1888.559,83.4321,100.000,34920.7
778.724,1888.761,83.4380,100.000,34917.7
778.724,1888.958,83.4580,100.000,34907.6
779.224,1889.158,83.4741,100.000,34899.4
779.224,1889.358,83.4823,100.000,34895.2
779.225,1889.558,83.4863,100.000,34893.2
779.724,1889.759,83.4897,100.000,34891.5
779.724,1889.958,83.5026,100.000,34884.9
780.224,1890.158,83.5129,100.000,34879.7
780.225,1890.357,83.5181,100.000,34877.1
780.225,1890.557,83.5327,100.000,34869.8
780.724,1890.758,83.5322,100.000,34869.8
780.724,1890.957,83.5420,100.000,34865.0
781.223,1891.156,83.5542,100.000,34858.9
781.223,1891.357,83.5750,100.000,34848.2
781.224,1891.557,83.5791,100.000,34846.2
781.723,1891.758,83.5804,100.000,34845.6
781.723,1891.956,83.5975,100.000,34836.9
782.224,1892.156,83.6104,100.000,34830.4
782.224,1892.356,83.6157,100.000,34827.6
782.224,1892.556,83.6286,100.000,34821.2
782.724,1892.757,83.6369,100.000,34816.9
782.724,1892.956,83.6545,100.000,34808.0
783.224,1893.156,83.6551,100.000,34807.7
783.224,1893.355,83.6676,100.000,34801.3
783.224,1893.555,83.6826,100.000,34793.7
783.723,1893.756,83.7005,100.000,34784.7
783.723,1893.955,83.7085,100.000,34780.7
784.224,1894.155,83.7111,100.000,34779.4
784.225,1894.353,83.7240,100.000,34772.8
784.225,1894.555,83.7264,100.000,34771.6
784.724,1894.756,83.7480,100.000,34760.7
784.724,1894.954,83.7537,100.000,34757.8
785.224,1895.154,83.7609,100.000,34754.2
785.224,1895.354,83.7690,100.000,34750.1
785.224,1895.555,83.7863,100.000,34741.3
785.724,1895.754,83.7904,100.000,34739.2
785.724,1895.954,83.7957,100.000,34736.5
786.223,1896.154,83.8112,100.000,34728.7
786.224,1896.354,83.8198,100.000,34724.3
786.224,1896.555,83.8260,100.000,34721.2
786.724,1896.754,83.8372,100.000,34715.6
786.724,1896.953,83.8457,100.000,34711.2
787.224,1897.153,83.8560,100.000,34706.0
787.225,1897.353,83.8774,100.000,34695.1
787.225,1897.554,83.8706,100.000,34698.7
787.724,1897.752,83.8887,100.000,34689.4
787.724,1897.952,83.8929,100.000,34687.4
788.224,1898.152,83.9025,100.000,34682.5
788.224,1898.352,83.9180,100.000,34674.6
788.224,1898.553,83.9323,100.000,34667.4
788.724,1898.752,83.9380,100.000,34664.5
788.724,1898.952,83.9463,100.000,34660.4
789.224,1899.152,83.9557,100.000,34655.5
789.224,1899.352,83.9751,100.000,34645.8
789.224,1899.553,83.9790,100.000,34643.8
789.724,1899.750,83.9883,100.000,34639.2
789.724,1899.950,83.9878,100.000,34639.3
790.224,1900.151,84.0016,100.000,34632.3
790.225,1900.351,84.0091,100.000,34628.6
790.225,1900.552,84.0252,100.000,34620.4
790.724,1900.750,84.0319,100.000,34617.1
790.724,1900.950,84.0483,100.000,34608.8
791.224,1901.150,84.0483,100.000,34608.8
791.224,1901.350,84.0599,100.000,34602.9
791.225,1901.551,84.0736,100.000,34595.9
791.724,1901.750,84.0791,100.000,34593.2
791.724,1901.951,84.0905,100.000,34587.4
792.224,1902.149,84.0835,100.000,34590.9
792.224,1902.350,84.0999,100.000,34582.7
792.224,1902.551,84.1152,100.000,34574.9
792.724,1902.749,84.1216,100.000,34571.7
792.725,1902.949,84.1325,100.000,34566.2
793.224,1903.149,84.1387,100.000,34563.1
793.225,1903.349,84.1481,100.000,34558.3
793.225,1903.550,84.1553,100.000,34554.6
793.724,1903.749,84.1610,100.000,34551.9
793.724,1903.949,84.1781,100.000,34543.1
794.224,1904.148,84.1839,100.000,34540.2
794.225,1904.348,84.1919,100.000,34536.1
794.225,1904.549,84.2087,100.000,34527.7
794.724,1904.748,84.2142,100.000,34524.9
794.724,1904.949,84.2231,100.000,34520.4
795.224,1905.147,84.2324,100.000,34515.7
795.225,1905.348,84.2319,100.000,34516.0
795.225,1905.549,84.2448,100.000,34509.4
795.724,1905.747,84.2490,100.000,34507.3
795.725,1905.946,84.2544,100.000,34504.6
796.224,1906.147,84.2700,100.000,34496.7
796.225,1906.347,84.2808,100.000,34491.2
796.225,1906.548,84.2852,100.000,34489.1
796.724,1906.747,84.2920,100.000,34485.6
796.724,1906.948,84.2988,100.000,34482.1
797.224,1907.146,84.3106,100.000,34476.2
797.224,1907.347,84.3201,100.000,34471.4
797.225,1907.547,84.3203,100.000,34471.2
797.724,1907.746,84.3301,100.000,34466.3
797.724,1907.946,84.3371,100.000,34462.7
798.224,1908.146,84.3442,100.000,34459.2
798.225,1908.347,84.3517,100.000,34455.4
798.225,1908.547,84.3613,100.000,34450.5
798.724,1908.745,84.3589,100.000,34451.8
798.725,1908.945,84.3726,100.000,34444.9
799.224,1909.145,84.3807,100.000,34440.8
799.225,1909.346,84.3862,100.000,34437.9
799.225,1909.545,84.3936,100.000,34434.2
799.724,1909.745,84.4023,100.000,34429.9
799.724,1909.945,84.4146,100.000,34423.6
800.224,1910.145,84.4251,100.000,34418.4
800.225,1910.346,84.4228,100.000,34419.5
800.225,1910.545,84.4356,100.000,34413.1
800.724,1910.744,84.4437,100.000,34409.0
800.725,1910.944,84.4466,100.000,34407.6
801.224,1911.144,84.4590,100.000,34401.2
801.225,1911.345,84.4583,100.000,34401.6
801.225,1911.543,84.4731,100.000,34394.1
801.724,1911.743,84.4731,100.000,34394.1
801.724,1911.943,84.4834,100.000,34388.9
802.224,1912.143,84.4941,100.000,34383.5
802.225,1912.344,84.4979,100.000,34381.7
802.225,1912.543,84.5052,100.000,34377.9
802.724,1912.743,84.5088,100.000,34376.1
802.725,1912.943,84.5190,100.000,34371.1
803.224,1913.142,84.5233,100.000,34368.8
803.224,1913.344,84.5280,100.000,34366.4
803.224,1913.542,84.5443,100.000,34358.3
803.724,1913.742,84.5395,100.000,34360.6
803.724,1913.942,84.5524,100.000,34354.1
804.224,1914.142,84.5508,100.000,34355.0
804.224,1914.343,84.5561,100.000,34352.2
804.224,1914.541,84.5750,100.000,34342.7
804.724,1914.742,84.5791,100.000,34340.7
804.724,1914.941,84.5731,100.000,34343.7
805.224,1915.141,84.5833,100.000,34338.5
805.225,1915.342,84.5933,100.000,34333.4
805.225,1915.541,84.6004,100.000,34329.9
805.724,1915.742,84.6152,100.000,34322.4
805.725,1915.941,84.6112,100.000,34324.5
806.224,1916.141,84.6198,100.000,34320.1
806.224,1916.342,84.6300,100.000,34315.0
806.224,1916.540,84.6361,100.000,34312.0
806.724,1916.740,84.6471,100.000,34306.3
806.724,1916.940,84.6533,100.000,34303.1
807.224,1917.140,84.6567,100.000,34301.4
807.225,1917.341,84.6610,100.000,34299.4
807.225,1917.540,84.6696,100.000,34295.0
807.724,1917.740,84.6768,100.000,34291.4
807.724,1917.939,84.6894,100.000,34285.0
808.224,1918.139,84.7013,100.000,34279.0
808.224,1918.340,84.7069,100.000,34276.2
808.224,1918.539,84.7106,100.000,34274.3
808.724,1918.739,84.7178,100.000,34270.7
808.725,1918.939,84.7306,100.000,34264.2
809.224,1919.139,84.7349,100.000,34262.0
809.224,1919.340,84.7368,100.000,34261.2
809.224,1919.538,84.7417,100.000,34258.6
809.723,1919.738,84.7542,100.000,34252.3
809.724,1919.938,84.7559,100.000,34251.5
810.224,1920.138,84.7674,100.000,34245.7
810.224,1920.339,84.7822,100.000,34238.2
810.224,1920.538,84.7822,100.000,34238.2
810.724,1920.738,84.7941,100.000,34232.2
810.724,1920.938,84.8022,100.000,34228.2
811.224,1921.138,84.8125,100.000,34222.9
811.224,1921.338,84.8156,100.000,34221.4
811.224,1921.537,84.8213,100.000,34218.5
811.724,1921.737,84.8288,100.000,34214.8
811.724,1921.937,84.8369,100.000,34210.6
812.224,1922.138,84.8540,100.000,34202.0
812.224,1922.336,84.8534,100.000,34202.3
812.224,1922.536,84.8654,100.000,34196.3
812.723,1922.736,84.8755,100.000,34191.2
812.724,1922.936,84.8866,100.000,34185.6
813.224,1923.137,84.8893,100.000,34184.2
813.224,1923.336,84.8934,100.000,34182.2
813.224,1923.536,84.9062,100.000,34175.7
813.724,1923.736,84.9150,100.000,34171.2
813.724,1923.936,84.9277,100.000,34164.8
814.224,1924.137,84.9350,100.000,34161.2
814.224,1924.335,84.9432,100.000,34157.1
814.224,1924.535,84.9637,100.000,34146.8
814.724,1924.735,84.9738,100.000,34141.6
814.724,1924.935,84.9784,100.000,34139.4
815.223,1925.136,84.9790,100.000,34139.0
815.223,1925.335,84.9936,100.000,34131.7
815.223,1925.535,84.9961,100.000,34130.4
815.724,1925.734,85.0140,100.000,34121.4
815.724,1925.934,85.0195,100.000,34118.6
816.224,1926.135,85.0233,100.000,34116.8
816.224,1926.334,85.0303,100.000,34113.1
816.224,1926.534,85.0412,100.000,34107.7
816.724,1926.734,85.0435,100.000,34106.6
816.724,1926.934,85.0558,100.000,34100.4
817.226,1927.135,85.0640,100.000,34096.2
817.226,1927.333,85.0653,100.000,34095.6
817.226,1927.533,85.0877,100.000,34084.3
817.724,1927.733,85.0833,100.000,34086.5
817.724,1927.933,85.0973,100.000,34079.5
818.223,1928.134,85.1034,100.000,34076.4
818.223,1928.333,85.1089,100.000,34073.6
818.223,1928.533,85.1226,100.000,34066.7
818.723,1928.732,85.1235,100.000,34066.2
818.723,1928.932,85.1392,100.000,34058.5
819.224,1929.133,85.1497,100.000,34053.1
819.224,1929.332,85.1543,100.000,34050.8
819.224,1929.532,85.1616,100.000,34047.1
819.724,1929.732,85.1803,100.000,34037.6
819.724,1929.932,85.1782,100.000,34038.7
820.224,1930.133,85.1857,100.000,34034.9
820.224,1930.331,85.1979,100.000,34028.8
820.224,1930.530,85.2074,100.000,34024.1
820.724,1930.731,85.2075,100.000,34024.0
820.724,1930.930,85.2241,100.000,34015.6
821.224,1931.132,85.2324,100.000,34011.5
821.224,1931.331,85.2383,100.000,34008.5
821.224,1931.530,85.2409,100.000,34007.2
821.724,1931.730,85.2513,100.000,34001.9
821.724,1931.930,85.2558,100.000,33999.7
822.224,1932.131,85.2692,100.000,33993.0
822.224,1932.330,85.2712,100.000,33992.0
822.224,1932.530,85.2778,100.000,33988.6
822.724,1932.730,85.2886,100.000,33983.2
822.724,1932.930,85.2969,100.000,33979.0
823.224,1933.131,85.3001,100.000,33977.4
823.224,1933.329,85.3125,100.000,33971.2
823.224,1933.528,85.3135,100.000,33970.8
823.724,1933.729,85.3180,100.000,33968.4
823.724,1933.930,85.3311,100.000,33961.8
824.224,1934.130,85.3416,100.000,33956.5
824.224,1934.329,85.3426,100.000,33956.0
824.224,1934.529,85.3499,100.000,33952.4
824.724,1934.729,85.3592,100.000,33947.6
824.724,1934.930,85.3643,100.000,33945.1
825.224,1935.129,85.3682,100.000,33943.2
825.224,1935.328,85.3807,100.000,33936.9
825.224,1935.528,85.3825,100.000,33936.0
825.724,1935.728,85.3903,100.000,33932.0
825.725,1935.929,85.4076,100.000,33923.3
826.224,1936.127,85.4066,100.000,33923.9
826.224,1936.327,85.4160,100.000,33919.1
826.224,1936.527,85.4271,100.000,33913.6
826.724,1936.728,85.4375,100.000,33908.4
826.725,1936.928,85.4390,100.000,33907.6
827.224,1937.127,85.4526,100.000,33900.7
827.224,1937.327,85.4572,100.000,33898.4
827.224,1937.527,85.4668,100.000,33893.6
827.724,1937.727,85.4727,100.000,33890.7
827.724,1937.926,85.4561,100.000,33899.0
828.224,1938.126,85.4795,100.000,33887.2
828.225,1938.326,85.4912,100.000,33881.4
828.225,1938.526,85.4998,100.000,33877.0
828.724,1938.726,85.5127,100.000,33870.5
828.725,1938.927,85.5210,100.000,33866.3
829.224,1939.125,85.5239,100.000,33864.9
829.225,1939.326,85.5285,100.000,33862.6
829.225,1939.525,85.5342,100.000,33859.8
829.724,1939.725,85.5369,100.000,33858.3
829.725,1939.926,85.5472,100.000,33853.2
830.224,1940.125,85.5516,100.000,33851.0
830.225,1940.326,85.5571,100.000,33848.1
830.225,1940.525,85.5604,100.000,33846.5
830.724,1940.725,85.5627,100.000,33845.4
830.725,1940.925,85.5679,100.000,33842.9
831.224,1941.125,85.5757,100.000,33839.0
831.224,1941.324,85.5752,100.000,33839.2
831.224,1941.524,85.5804,100.000,33836.5
831.724,1941.724,85.5806,100.000,33836.5
831.724,1941.925,85.5747,100.000,33839.3
832.224,1942.124,85.5775,100.000,33838.0
832.224,1942.324,85.5863,100.000,33833.6
832.224,1942.523,85.5825,100.000,33835.5
832.724,1942.723,85.5931,100.000,33830.2
832.724,1942.924,85.5954,100.000,33829.1
833.224,1943.123,85.5980,100.000,33827.7
833.224,1943.323,85.5991,100.000,33827.1
833.224,1943.523,85.5954,100.000,33829.0
833.724,1943.723,85.6001,100.000,33826.7
833.724,1943.924,85.6025,100.000,33825.4
834.224,1944.122,85.6058,100.000,33823.8
834.224,1944.322,85.6138,100.000,33819.7
834.224,1944.522,85.6079,100.000,33822.7
834.724,1944.722,85.6050,100.000,33824.1
834.724,1944.923,85.6177,100.000,33817.8
835.224,1945.122,85.6084,100.000,33822.4
835.224,1945.322,85.6081,100.000,33822.6
835.224,1945.522,85.6136,100.000,33819.8
835.724,1945.722,85.6105,100.000,33821.3
835.724,1945.922,85.6156,100.000,33818.9
836.224,1946.120,85.6175,100.000,33817.9
836.224,1946.320,85.6167,100.000,33818.3
836.224,1946.520,85.6134,100.000,33819.9
836.724,1946.722,85.6273,100.000,33813.0
836.724,1946.922,85.6214,100.000,33815.9
837.224,1947.120,85.6234,100.000,33815.0
837.224,1947.320,85.6279,100.000,33812.6
837.224,1947.520,85.6284,100.000,33812.4
837.724,1947.721,85.6343,100.000,33809.5
837.724,1947.920,85.6299,100.000,33811.6
838.224,1948.120,85.6299,100.000,33811.7
838.224,1948.320,85.6372,100.000,33808.1
838.224,1948.520,85.6367,100.000,33808.3
838.724,1948.721,85.6328,100.000,33810.2
838.724,1948.919,85.6424,100.000,33805.4
839.224,1949.119,85.6382,100.000,33807.5
839.224,1949.319,85.6388,100.000,33807.2
839.225,1949.519,85.6440,100.000,33804.5
839.724,1949.720,85.6413,100.000,33806.0
839.724,1949.918,85.6496,100.000,33801.8
839.724,1950.118,85.6440,100.000,33804.5
840.224,1950.318,85.6569,100.000,33798.0
840.224,1950.518,85.6532,100.000,33800.0
840.724,1950.719,85.6536,100.000,33799.8
840.724,1950.917,85.6515,100.000,33800.8
840.724,1951.118,85.6894,100.000,33781.7
841.224,1951.318,85.7021,100.000,33775.4
841.224,1951.518,85.7007,100.000,33776.2
841.724,1951.719,85.6956,100.000,33778.6
841.724,1951.917,85.6911,100.000,33780.9
841.724,1952.117,85.6961,100.000,33778.5
842.224,1952.317,85.7028,100.000,33775.1
842.224,1952.517,85.7023,100.000,33775.2
842.724,1952.718,85.6994,100.000,33776.8
842.724,1952.917,85.7031,100.000,33774.9
842.724,1953.117,85.7090,100.000,33771.9
843.224,1953.315,85.7044,100.000,33774.2
843.224,1953.516,85.7002,100.000,33776.4
843.724,1953.717,85.7114,100.000,33770.7
843.724,1953.916,85.7095,100.000,33771.7
843.724,1954.116,85.7129,100.000,33770.0
844.223,1954.316,85.7238,100.000,33764.5
844.223,1954.516,85.7121,100.000,33770.4
844.724,1954.717,85.7209,100.000,33766.0
844.725,1954.916,85.7212,100.000,33765.8
844.725,1955.114,85.7142,100.000,33769.4
845.224,1955.315,85.7285,100.000,33762.1
845.225,1955.515,85.7233,100.000,33764.8
845.724,1955.716,85.7215,100.000,33765.6
845.725,1955.915,85.7300,100.000,33761.5
845.725,1956.112,85.7259,100.000,33763.5
846.224,1956.315,85.7310,100.000,33760.9
846.225,1956.515,85.7363,100.000,33758.2
846.723,1956.715,85.7311,100.000,33760.8
846.724,1956.914,85.7375,100.000,33757.6
846.724,1957.114,85.7354,100.000,33758.7
847.223,1957.314,85.7310,100.000,33760.9
847.224,1957.514,85.7354,100.000,33758.6
847.724,1957.715,85.7339,100.000,33759.4
847.724,1957.913,85.7412,100.000,33755.7
847.724,1958.112,85.7384,100.000,33757.1
848.224,1958.313,85.7479,100.000,33752.4
848.224,1958.513,85.7397,100.000,33756.5
848.724,1958.713,85.7497,100.000,33751.5
848.725,1958.913,85.7532,100.000,33749.8
848.725,1959.112,85.7471,100.000,33752.8
849.223,1959.313,85.7583,100.000,33747.2
849.223,1959.513,85.7565,100.000,33748.0
849.724,1959.713,85.7534,100.000,33749.6
849.724,1959.912,85.7580,100.000,33747.4
849.724,1960.112,85.7609,100.000,33745.9
850.224,1960.312,85.7622,100.000,33745.2
850.224,1960.513,85.7656,100.000,33743.6
850.724,1960.713,85.7656,100.000,33743.5
850.725,1960.912,85.7627,100.000,33745.0
850.725,1961.111,85.7705,100.000,33741.1
851.224,1961.311,85.7712,100.000,33740.7
851.224,1961.512,85.7710,100.000,33740.8
851.724,1961.711,85.7729,100.000,33739.9
851.724,1961.911,85.7873,100.000,33732.6
851.724,1962.111,85.7869,100.000,33732.8
852.224,1962.311,85.7858,100.000,33733.3
852.224,1962.512,85.7868,100.000,33732.9
852.723,1962.710,85.7900,100.000,33731.2
852.724,1962.910,85.7920,100.000,33730.3
852.724,1963.109,85.7926,100.000,33729.9
853.223,1963.310,85.7954,100.000,33728.6
853.223,1963.511,85.7900,100.000,33731.2
853.723,1963.709,85.7934,100.000,33729.6
853.723,1963.909,85.8022,100.000,33725.1
853.723,1964.109,85.7974,100.000,33727.6
854.224,1964.310,85.7993,100.000,33726.6
854.224,1964.510,85.8055,100.000,33723.5
854.724,1964.709,85.8018,100.000,33725.5
854.725,1964.909,85.8112,100.000,33720.6
854.725,1965.109,85.8078,100.000,33722.4
855.224,1965.309,85.8106,100.000,33720.9
855.224,1965.510,85.8172,100.000,33717.6
855.724,1965.708,85.8179,100.000,33717.3
855.725,1965.908,85.8159,100.000,33718.2
855.725,1966.108,85.8166,100.000,33717.9
856.224,1966.308,85.8206,100.000,33715.9
856.224,1966.509,85.8228,100.000,33714.8
856.724,1966.707,85.8315,100.000,33710.4
856.724,1966.908,85.8255,100.000,33713.5
856.724,1967.107,85.8268,100.000,33712.8
857.224,1967.307,85.8328,100.000,33709.8
857.225,1967.508,85.8262,100.000,33713.1
857.724,1967.707,85.8441,100.000,33704.1
857.724,1967.908,85.8429,100.000,33704.7
857.724,1968.107,85.8444,100.000,33704.0
858.224,1968.307,85.8459,100.000,33703.2
858.225,1968.508,85.8496,100.000,33701.3
858.724,1968.706,85.8446,100.000,33703.9
858.724,1968.906,85.8618,100.000,33695.2
858.724,1969.105,85.8682,100.000,33692.0
859.224,1969.306,85.8737,100.000,33689.2
859.224,1969.507,85.8857,100.000,33683.2
859.724,1969.706,85.8867,100.000,33682.7
859.724,1969.906,85.8901,100.000,33681.1
859.724,1970.105,85.8934,100.000,33679.4
860.224,1970.305,85.8940,100.000,33679.1
860.224,1970.506,85.8960,100.000,33678.1
860.724,1970.705,85.9002,100.000,33676.0
860.724,1970.905,85.9015,100.000,33675.3
860.724,1971.105,85.9062,100.000,33673.0
861.224,1971.305,85.9066,100.000,33672.8
861.224,1971.506,85.8963,100.000,33678.0
861.724,1971.704,85.9100,100.000,33671.1
861.725,1971.904,85.9105,100.000,33670.8
861.725,1972.104,85.9150,100.000,33668.6
862.224,1972.305,85.9061,100.000,33673.1
862.225,1972.505,85.9155,100.000,33668.4
862.724,1972.704,85.9243,100.000,33663.9
862.725,1972.904,85.9230,100.000,33664.5
862.725,1973.104,85.9230,100.000,33664.6
863.224,1973.305,85.9310,100.000,33660.5
863.224,1973.504,85.9321,100.000,33660.0
863.724,1973.703,85.9365,100.000,33657.8
863.724,1973.903,85.9268,100.000,33662.7
863.724,1974.103,85.9394,100.000,33656.3
864.224,1974.304,85.9401,100.000,33655.9
864.225,1974.502,85.9419,100.000,33655.1
864.724,1974.702,85.9346,100.000,33658.8
864.724,1974.902,85.9385,100.000,33656.8
864.724,1975.102,85.9310,100.000,33660.5
865.224,1975.303,85.9346,100.000,33658.7
865.224,1975.502,85.9303,100.000,33660.8
865.724,1975.702,85.9320,100.000,33660.1
865.725,1975.902,85.9390,100.000,33656.6
865.725,1976.102,85.9404,100.000,33655.9
866.224,1976.303,85.9424,100.000,33654.8
866.224,1976.501,85.9508,100.000,33650.6
866.724,1976.701,85.9372,100.000,33657.4
866.724,1976.901,85.9430,100.000,33654.5
866.724,1977.101,85.9350,100.000,33658.5
867.224,1977.302,85.9404,100.000,33655.8
867.224,1977.500,85.9463,100.000,33653.0
867.724,1977.700,85.9487,100.000,33651.7
867.724,1977.900,85.9500,100.000,33651.0
867.724,1978.100,85.9497,100.000,33651.1
868.224,1978.301,85.9500,100.000,33651.0
868.224,1978.499,85.9473,100.000,33652.4
868.724,1978.700,85.9399,100.000,33656.1
868.724,1978.900,85.9479,100.000,33652.0
868.725,1979.100,85.9429,100.000,33654.6
869.224,1979.301,85.9443,100.000,33653.8
869.224,1979.499,85.9490,100.000,33651.5
869.724,1979.699,85.9484,100.000,33651.8
869.725,1979.899,85.9482,100.000,33651.9
869.725,1980.099,85.9505,100.000,33650.8
870.223,1980.301,85.9520,100.000,33650.0
870.224,1980.499,85.9492,100.000,33651.5
870.724,1980.699,85.9487,100.000,33651.7
870.724,1980.898,85.9534,100.000,33649.3
870.724,1981.098,85.9629,100.000,33644.5
871.224,1981.299,85.9611,100.000,33645.4
871.225,1981.498,85.9702,100.000,33640.9
871.724,1981.698,85.9770,100.000,33637.4
871.725,1981.898,85.9770,100.000,33637.4
871.725,1982.098,85.9829,100.000,33634.5
872.224,1982.299,85.9866,100.000,33632.6
872.224,1982.497,85.9910,100.000,33630.4
872.724,1982.696,85.9985,100.000,33626.6
872.724,1982.897,85.9936,100.000,33629.1
872.724,1983.097,86.0011,100.000,33625.4
873.224,1983.298,86.0120,100.000,33619.8
873.225,1983.497,86.0171,100.000,33617.4
873.724,1983.696,86.0251,100.000,33613.4
873.724,1983.897,86.0311,100.000,33610.4
873.724,1984.097,86.0306,100.000,33610.6
874.224,1984.297,86.0304,100.000,33610.6
874.224,1984.496,86.0288,100.000,33611.5
874.724,1984.696,86.0361,100.000,33607.8
874.725,1984.896,86.0298,100.000,33611.1
874.725,1985.097,86.0389,100.000,33606.4
875.224,1985.296,86.0337,100.000,33609.1
875.225,1985.496,86.0343,100.000,33608.7
875.724,1985.695,86.0386,100.000,33606.5
875.724,1985.895,86.0418,100.000,33604.9
875.724,1986.096,86.0505,100.000,33600.7
876.224,1986.295,86.0449,100.000,33603.4
876.224,1986.495,86.0443,100.000,33603.7
876.724,1986.695,86.0529,100.000,33599.5
876.724,1986.895,86.0503,100.000,33600.7
876.724,1987.096,86.0576,100.000,33597.1
877.224,1987.294,86.0565,100.000,33597.6
877.224,1987.494,86.0591,100.000,33596.4
877.724,1987.693,86.0571,100.000,33597.4
877.725,1987.894,86.0571,100.000,33597.3
877.725,1988.095,86.0576,100.000,33597.1
878.224,1988.293,86.0604,100.000,33595.7
878.225,1988.493,86.0625,100.000,33594.6
878.723,1988.693,86.0740,100.000,33588.8
878.724,1988.893,86.0780,100.000,33586.9
878.724,1989.094,86.0766,100.000,33587.5
879.224,1989.293,86.0825,100.000,33584.6
879.225,1989.493,86.0884,100.000,33581.6
879.724,1989.693,86.0913,100.000,33580.2
879.725,1989.892,86.0905,100.000,33580.6
879.725,1990.094,86.0926,100.000,33579.5
880.224,1990.292,86.0926,100.000,33579.5
880.224,1990.492,86.0964,100.000,33577.7
880.724,1990.692,86.0970,100.000,33577.3
880.724,1990.892,86.1126,100.000,33569.5
880.724,1991.093,86.1144,100.000,33568.6
881.224,1991.292,86.1182,100.000,33566.7
881.225,1991.492,86.1186,100.000,33566.4
881.724,1991.691,86.1260,100.000,33562.8
881.724,1991.892,86.1289,100.000,33561.3
881.725,1992.092,86.1340,100.000,33558.8
882.224,1992.291,86.1374,100.000,33557.1
882.225,1992.492,86.1341,100.000,33558.7
882.724,1992.691,86.1512,100.000,33550.2
882.725,1992.891,86.1538,100.000,33548.9
882.725,1993.092,86.1523,100.000,33549.6
883.224,1993.290,86.1592,100.000,33546.2
883.225,1993.490,86.1525,100.000,33549.5
883.723,1993.690,86.1574,100.000,33547.1
883.724,1993.890,86.1564,100.000,33547.6
883.724,1994.091,86.1597,100.000,33546.0
884.224,1994.289,86.1579,100.000,33546.8
884.224,1994.490,86.1580,100.000,33546.8
884.724,1994.689,86.1676,100.000,33541.9
884.725,1994.889,86.1702,100.000,33540.6
884.725,1995.090,86.1834,100.000,33534.0
885.224,1995.289,86.1841,100.000,33533.7
885.225,1995.489,86.1919,100.000,33529.8
885.724,1995.689,86.1904,100.000,33530.5
885.724,1995.889,86.1927,100.000,33529.4
885.724,1996.089,86.2005,100.000,33525.4
886.224,1996.289,86.1850,100.000,33533.2
886.224,1996.488,86.2013,100.000,33525.1
886.724,1996.688,86.1948,100.000,33528.2
886.725,1996.888,86.2041,100.000,33523.7
886.725,1997.088,86.2025,100.000,33524.6
887.223,1997.288,86.1950,100.000,33528.2
887.223,1997.488,86.1934,100.000,33529.1
887.724,1997.688,86.2059,100.000,33522.8
887.725,1997.888,86.1982,100.000,33526.7
887.725,1998.088,86.2062,100.000,33522.6
888.224,1998.287,86.2129,100.000,33519.2
888.225,1998.487,86.2153,100.000,33518.0
888.724,1998.687,86.2072,100.000,33522.1
888.725,1998.888,86.2142,100.000,33518.6
888.725,1999.088,86.2202,100.000,33515.6
889.224,1999.286,86.2236,100.000,33513.9
889.224,1999.486,86.2249,100.000,33513.2
889.724,1999.686,86.2275,100.000,33512.0
889.725,1999.887,86.2358,100.000,33507.7
889.725,2000.086,86.2389,100.000,33506.2
890.224,2000.286,86.2435,100.000,33503.9
890.225,2000.486,86.2404,100.000,33505.5
890.723,2000.686,86.2502,100.000,33500.6
890.723,2000.887,86.2531,100.000,33499.1
890.723,2001.086,86.2500,100.000,33500.6
891.224,2001.285,86.2603,100.000,33495.5
891.224,2001.485,86.2676,100.000,33491.8
891.724,2001.685,86.2768,100.000,33487.2
891.724,2001.886,86.2760,100.000,33487.7
891.725,2002.084,86.2803,100.000,33485.5
892.223,2002.285,86.2905,100.000,33480.4
892.223,2002.484,86.2847,100.000,33483.4
892.724,2002.684,86.2860,100.000,33482.7
892.724,2002.885,86.2920,100.000,33479.7
892.724,2003.084,86.2969,100.000,33477.2
893.224,2003.284,86.2980,100.000,33476.6
893.225,2003.484,86.2993,100.000,33476.0
893.724,2003.683,86.3063,100.000,33472.4
893.725,2003.885,86.3068,100.000,33472.1
893.725,2004.083,86.3237,100.000,33463.7
894.224,2004.283,86.3252,100.000,33463.1
894.225,2004.483,86.3359,100.000,33457.6
894.724,2004.683,86.3301,100.000,33460.6
894.724,2004.884,86.3356,100.000,33457.8
894.724,2005.083,86.3405,100.000,33455.3
895.224,2005.283,86.3467,100.000,33452.3
895.225,2005.482,86.3418,100.000,33454.7
895.724,2005.682,86.3564,100.000,33447.4
895.725,2005.883,86.3592,100.000,33446.1
895.725,2006.082,86.3657,100.000,33442.8
896.224,2006.282,86.3698,100.000,33440.7
896.225,2006.482,86.3709,100.000,33440.2
896.724,2006.682,86.3800,100.000,33435.6
896.725,2006.883,86.3838,100.000,33433.7
896.725,2007.082,86.3921,100.000,33429.5
897.224,2007.280,86.3948,100.000,33428.2
897.224,2007.481,86.3940,100.000,33428.6
897.723,2007.681,86.4027,100.000,33424.2
897.723,2007.882,86.4056,100.000,33422.8
897.723,2008.081,86.4152,100.000,33417.9
898.224,2008.280,86.4238,100.000,33413.6
898.225,2008.480,86.4224,100.000,33414.4
898.724,2008.680,86.4263,100.000,33412.5
898.724,2008.881,86.4331,100.000,33409.0
898.724,2009.080,86.4279,100.000,33411.6
899.224,2009.280,86.4414,100.000,33404.9
899.224,2009.480,86.4463,100.000,33402.4
899.724,2009.680,86.4494,100.000,33400.9
899.724,2009.881,86.4561,100.000,33397.5
899.724,2010.080,86.4779,100.000,33386.6
900.224,2010.279,86.4811,100.000,33385.0
900.225,2010.479,86.4814,100.000,33384.9
900.724,2010.680,86.4754,100.000,33387.8
900.725,2010.880,86.4938,100.000,33378.6
900.725,2011.079,86.4966,100.000,33377.3
901.224,2011.277,86.4971,100.000,33377.0
901.224,2011.479,86.4951,100.000,33378.0
901.724,2011.680,86.4967,100.000,33377.2
901.725,2011.879,86.5000,100.000,33375.6
901.725,2012.078,86.5109,100.000,33370.1
902.224,2012.278,86.5107,100.000,33370.2
902.224,2012.478,86.5133,100.000,33368.9
902.724,2012.679,86.5282,100.000,33361.5
902.725,2012.877,86.5400,100.000,33355.6
902.725,2013.077,86.5425,100.000,33354.4
903.224,2013.277,86.5563,100.000,33347.4
903.225,2013.477,86.5561,100.000,33347.5
903.724,2013.678,86.5633,100.000,33343.9
903.725,2013.877,86.5649,100.000,33343.1
903.725,2014.077,86.5732,100.000,33339.0
904.224,2014.277,86.5671,100.000,33342.0
904.225,2014.477,86.5728,100.000,33339.1
904.724,2014.678,86.5669,100.000,33342.1
904.725,2014.876,86.5731,100.000,33339.0
904.725,2015.076,86.5721,100.000,33339.5
905.224,2015.276,86.5760,100.000,33337.5
905.224,2015.476,86.5879,100.000,33331.6
905.724,2015.677,86.5902,100.000,33330.5
905.725,2015.875,86.6007,100.000,33325.2
905.725,2016.076,86.6074,100.000,33321.8
906.224,2016.275,86.6123,100.000,33319.4
906.225,2016.475,86.6214,100.000,33314.9
906.724,2016.676,86.6191,100.000,33315.9
906.725,2016.875,86.6234,100.000,33313.9
906.725,2017.076,86.6250,100.000,33313.1
907.224,2017.275,86.6270,100.000,33312.1
907.225,2017.475,86.6325,100.000,33309.3
907.724,2017.676,86.6333,100.000,33309.0
907.725,2017.874,86.6442,100.000,33303.4
907.725,2018.074,86.6470,100.000,33302.1
908.224,2018.274,86.6530,100.000,33299.1
908.224,2018.474,86.6593,100.000,33295.8
908.724,2018.675,86.6644,100.000,33293.4
908.724,2018.874,86.6728,100.000,33289.1
908.724,2019.074,86.6748,100.000,33288.2
909.224,2019.273,86.6846,100.000,33283.2
909.225,2019.473,86.6982,100.000,33276.5
909.724,2019.674,86.6888,100.000,33281.2
909.724,2019.873,86.7080,100.000,33271.5
909.724,2020.073,86.7145,100.000,33268.4
910.224,2020.272,86.7145,100.000,33268.4
910.225,2020.473,86.7326,100.000,33259.3
910.724,2020.674,86.7326,100.000,33259.3
910.724,2020.872,86.7464,100.000,33252.4
910.724,2021.072,86.7464,100.000,33252.4
911.224,2021.272,86.7529,100.000,33249.2
911.225,2021.472,86.7541,100.000,33248.5
911.723,2021.673,86.7705,100.000,33240.3
911.723,2021.872,86.7588,100.000,33246.2
911.724,2022.072,86.7795,100.000,33235.8
912.224,2022.272,86.7808,100.000,33235.3
912.225,2022.472,86.7922,100.000,33229.6
912.723,2022.672,86.7935,100.000,33228.9
912.723,2022.871,86.7985,100.000,33226.4
912.724,2023.071,86.8058,100.000,33222.7
913.224,2023.271,86.8188,100.000,33216.2
913.225,2023.472,86.8250,100.000,33213.1
913.724,2023.671,86.8280,100.000,33211.7
913.724,2023.871,86.8351,100.000,33208.1
913.725,2024.070,86.8397,100.000,33205.8
914.224,2024.270,86.8420,100.000,33204.7
914.224,2024.471,86.8496,100.000,33200.9
914.724,2024.670,86.8503,100.000,33200.5
914.725,2024.870,86.8589,100.000,33196.1
914.725,2025.068,86.8628,100.000,33194.3
915.223,2025.270,86.8633,100.000,33194.0
915.224,2025.471,86.8752,100.000,33188.1
915.724,2025.669,86.8774,100.000,33186.9
915.724,2025.869,86.8791,100.000,33186.1
915.724,2026.069,86.8872,100.000,33182.1
916.224,2026.269,86.8971,100.000,33177.1
916.224,2026.470,86.9028,100.000,33174.3
916.724,2026.668,86.9048,100.000,33173.2
916.725,2026.869,86.9082,100.000,33171.6
916.725,2027.068,86.9162,100.000,33167.6
917.224,2027.268,86.9204,100.000,33165.5
917.224,2027.469,86.9224,100.000,33164.5
917.724,2027.668,86.9310,100.000,33160.2
917.725,2027.868,86.9360,100.000,33157.7
917.725,2028.068,86.9404,100.000,33155.5
918.224,2028.268,86.9404,100.000,33155.5
918.225,2028.469,86.9425,100.000,33154.4
918.724,2028.667,86.9587,100.000,33146.5
918.725,2028.867,86.9608,100.000,33145.4
918.725,2029.067,86.9694,100.000,33141.0
919.311,2029.267,86.9648,100.000,33143.4
919.311,2029.468,86.9810,100.000,33135.2
919.311,2029.667,86.9897,100.000,33130.9
919.811,2029.867,86.9940,100.000,33128.9
919.811,2030.066,86.9966,100.000,33127.5
920.311,2030.266,86.9927,100.000,33129.4
920.311,2030.467,86.9971,100.000,33127.2
920.311,2030.666,87.0073,100.000,33122.1
920.736,2030.866,87.0037,100.000,33123.9
920.736,2031.064,87.0044,100.000,33123.6
921.313,2031.266,87.0153,100.000,33118.1
921.313,2031.467,87.0106,100.000,33120.5
921.313,2031.665,87.0244,100.000,33113.7
921.819,2031.864,87.0352,100.000,33108.3
921.819,2032.065,87.0335,100.000,33109.1
922.321,2032.265,87.0405,100.000,33105.7
922.321,2032.466,87.0342,100.000,33108.8
922.321,2032.665,87.0374,100.000,33107.1
922.826,2032.864,87.0472,100.000,33102.3
922.826,2033.064,87.0500,100.000,33100.9
923.311,2033.265,87.0574,100.000,33097.2
923.311,2033.465,87.0555,100.000,33098.1
923.311,2033.664,87.0742,100.000,33088.8
923.816,2033.864,87.0666,100.000,33092.6
923.817,2034.064,87.0801,100.000,33085.8
924.224,2034.264,87.0913,100.000,33080.3
924.224,2034.465,87.0991,100.000,33076.4
924.724,2034.663,87.0959,100.000,33078.0
924.725,2034.862,87.1003,100.000,33075.8
924.725,2035.063,87.1094,100.000,33071.3
925.224,2035.263,87.1128,100.000,33069.6
925.225,2035.464,87.1201,100.000,33065.9
925.724,2035.663,87.1204,100.000,33065.7
925.724,2035.862,87.1270,100.000,33062.5
925.724,2036.063,87.1211,100.000,33065.4
926.224,2036.264,87.1333,100.000,33059.4
926.224,2036.463,87.1265,100.000,33062.8
926.724,2036.662,87.1352,100.000,33058.4
926.725,2036.862,87.1450,100.000,33053.5
926.725,2037.062,87.1431,100.000,33054.5
927.224,2037.263,87.1559,100.000,33048.0
927.224,2037.461,87.1658,100.000,33043.1
927.724,2037.662,87.1732,100.000,33039.4
927.725,2037.861,87.1847,100.000,33033.7
927.725,2038.061,87.1875,100.000,33032.4
928.224,2038.262,87.1821,100.000,33035.0
928.224,2038.461,87.1963,100.000,33027.9
928.724,2038.660,87.2054,100.000,33023.4
928.724,2038.861,87.2070,100.000,33022.6
928.724,2039.061,87.2165,100.000,33017.9
929.224,2039.262,87.2196,100.000,33016.3
929.224,2039.460,87.2261,100.000,33013.0
929.724,2039.660,87.2383,100.000,33007.1
929.725,2039.860,87.2378,100.000,33007.2
929.725,2040.060,87.2436,100.000,33004.3
930.224,2040.261,87.2510,100.000,33000.6
930.225,2040.460,87.2612,100.000,32995.6
930.724,2040.660,87.2751,100.000,32988.7
930.725,2040.859,87.2768,100.000,32987.8
930.725,2041.059,87.2871,100.000,32982.7
931.224,2041.260,87.2934,100.000,32979.5
931.225,2041.459,87.2949,100.000,32978.8
931.724,2041.659,87.3042,100.000,32974.1
931.724,2041.859,87.3089,100.000,32971.8
931.724,2042.059,87.3107,100.000,32971.0
932.224,2042.260,87.3218,100.000,32965.4
932.224,2042.458,87.3190,100.000,32966.8
932.724,2042.658,87.3263,100.000,32963.1
932.724,2042.858,87.3338,100.000,32959.4
932.724,2043.058,87.3364,100.000,32958.1
933.224,2043.259,87.3398,100.000,32956.4
933.225,2043.457,87.3506,100.000,32951.0
933.724,2043.658,87.3545,100.000,32949.2
933.724,2043.857,87.3636,100.000,32944.6
933.724,2044.057,87.3724,100.000,32940.2
934.224,2044.258,87.3756,100.000,32938.6
934.225,2044.457,87.3796,100.000,32936.6
934.723,2044.656,87.3936,100.000,32929.6
934.724,2044.857,87.3919,100.000,32930.5
934.724,2045.057,87.3936,100.000,32929.6
935.224,2045.258,87.4041,100.000,32924.4
935.225,2045.456,87.4163,100.000,32918.3
935.724,2045.656,87.4219,100.000,32915.6
935.724,2045.856,87.4170,100.000,32918.0
935.724,2046.055,87.4295,100.000,32911.8
936.224,2046.257,87.4307,100.000,32911.2
936.224,2046.456,87.4391,100.000,32907.0
936.724,2046.656,87.4476,100.000,32902.8
936.724,2046.855,87.4526,100.000,32900.3
936.724,2047.055,87.4570,100.000,32898.1
937.224,2047.254,87.4666,100.000,32893.3
937.225,2047.454,87.4705,100.000,32891.4
937.724,2047.653,87.4686,100.000,32892.4
937.725,2047.853,87.4770,100.000,32888.1
937.725,2048.052,87.4932,100.000,32880.1
938.223,2048.250,87.4915,100.000,32880.9
938.223,2048.449,87.4959,100.000,32878.7
938.723,2048.648,87.4995,100.000,32876.9
938.724,2048.848,87.5063,100.000,32873.6
938.724,2049.047,87.5155,100.000,32869.1
939.223,2049.246,87.5112,100.000,32871.1
939.224,2049.445,87.5347,100.000,32859.4
939.724,2049.644,87.5317,100.000,32860.9
939.725,2049.845,87.5361,100.000,32858.8
939.725,2050.043,87.5505,100.000,32851.6
940.223,2050.242,87.5518,100.000,32850.9
940.223,2050.441,87.5644,100.000,32844.6
940.724,2050.641,87.5705,100.000,32841.7
940.724,2050.840,87.5617,100.000,32846.0
940.724,2051.039,87.5771,100.000,32838.4
941.224,2051.238,87.5801,100.000,32836.9
941.224,2051.437,87.5902,100.000,32831.9
941.723,2051.638,87.5973,100.000,32828.3
941.724,2051.836,87.5950,100.000,32829.4
941.724,2052.035,87.6011,100.000,32826.5
942.224,2052.234,87.6084,100.000,32822.8
942.224,2052.434,87.6151,100.000,32819.4
942.724,2052.634,87.6118,100.000,32821.1
942.724,2052.832,87.6252,100.000,32814.4
942.724,2053.031,87.6268,100.000,32813.6
943.224,2053.230,87.6299,100.000,32812.1
943.225,2053.430,87.6359,100.000,32809.1
943.724,2053.629,87.6385,100.000,32807.8
943.724,2053.828,87.6462,100.000,32804.0
943.724,2054.027,87.6519,100.000,32801.1
944.224,2054.226,87.6641,100.000,32795.1
944.224,2054.426,87.6693,100.000,32792.6
944.724,2054.625,87.6704,100.000,32791.9
944.725,2054.824,87.6782,100.000,32788.1
944.725,2055.024,87.6774,100.000,32788.4
945.231,2055.223,87.6916,100.000,32781.5
945.232,2055.422,87.6947,100.000,32779.9
945.232,2055.621,87.6927,100.000,32780.9
945.724,2055.820,87.7043,100.000,32775.1
945.724,2056.020,87.7145,100.000,32770.0
946.223,2056.220,87.7152,100.000,32769.7
946.223,2056.418,87.7173,100.000,32768.7
946.224,2056.617,87.7334,100.000,32760.6
946.724,2056.816,87.7373,100.000,32758.7
946.724,2057.016,87.7461,100.000,32754.3
947.224,2057.215,87.7420,100.000,32756.4
947.225,2057.414,87.7495,100.000,32752.6
947.225,2057.613,87.7549,100.000,32750.0
947.724,2057.812,87.7674,100.000,32743.8
947.724,2058.013,87.7718,100.000,32741.6
948.224,2058.211,87.7695,100.000,32742.6
948.224,2058.410,87.7843,100.000,32735.4
948.224,2058.609,87.7838,100.000,32735.6
948.724,2058.809,87.7892,100.000,32732.9
948.724,2059.009,87.8008,100.000,32727.2
949.224,2059.207,87.8047,100.000,32725.2
949.224,2059.406,87.8037,100.000,32725.8
949.225,2059.606,87.8091,100.000,32723.1
949.723,2059.805,87.8245,100.000,32715.4
949.724,2060.004,87.8286,100.000,32713.4
950.224,2060.203,87.8392,100.000,32708.1
950.225,2060.402,87.8371,100.000,32709.1
950.225,2060.602,87.8421,100.000,32706.7
950.724,2060.802,87.8460,100.000,32704.8
950.725,2061.000,87.8590,100.000,32698.2
951.224,2061.199,87.8472,100.000,32704.1
951.224,2061.398,87.8594,100.000,32698.1
951.224,2061.598,87.8662,100.000,32694.7
951.760,2061.797,87.8747,100.000,32690.5
951.760,2061.996,87.8674,100.000,32694.0
952.224,2062.195,87.8784,100.000,32688.6
952.225,2062.394,87.8848,100.000,32685.4
952.225,2062.595,87.8887,100.000,32683.6
952.724,2062.793,87.8841,100.000,32685.8
952.725,2062.992,87.8903,100.000,32682.7
953.224,2063.191,87.8892,100.000,32683.3
953.225,2063.391,87.8989,100.000,32678.5
953.225,2063.590,87.9028,100.000,32676.5
953.724,2063.789,87.9036,100.000,32676.1
953.725,2063.988,87.9139,100.000,32671.1
954.224,2064.188,87.9041,100.000,32675.8
954.225,2064.388,87.9049,100.000,32675.4
954.225,2064.586,87.9061,100.000,32674.9
954.724,2064.785,87.9170,100.000,32669.5
954.725,2064.984,87.9139,100.000,32671.0
955.224,2065.184,87.9184,100.000,32668.8
955.225,2065.384,87.9189,100.000,32668.5
955.225,2065.582,87.9362,100.000,32659.9
955.724,2065.781,87.9334,100.000,32661.3
955.725,2065.980,87.9324,100.000,32661.8
956.224,2066.180,87.9355,100.000,32660.2
956.224,2066.379,87.9380,100.000,32659.1
956.224,2066.578,87.9464,100.000,32654.8
956.724,2066.777,87.9494,100.000,32653.3
956.725,2066.976,87.9463,100.000,32654.9
957.224,2067.177,87.9551,100.000,32650.6
957.225,2067.375,87.9598,100.000,32648.2
957.225,2067.574,87.9629,100.000,32646.7
957.724,2067.774,87.9655,100.000,32645.3
957.725,2067.973,87.9536,100.000,32651.3
958.224,2068.172,87.9655,100.000,32645.4
958.224,2068.371,87.9712,100.000,32642.5
958.225,2068.570,87.9731,100.000,32641.6
958.723,2068.770,87.9751,100.000,32640.7
958.724,2068.970,87.9805,100.000,32638.0
959.224,2069.168,87.9849,100.000,32635.7
959.224,2069.367,87.9910,100.000,32632.7
959.224,2069.566,87.9901,100.000,32633.2
959.724,2069.766,88.0005,100.000,32628.0
959.724,2069.965,87.9995,100.000,32628.5
960.224,2070.164,88.0127,100.000,32622.1
960.225,2070.363,88.0142,100.000,32621.3
960.225,2070.562,88.0172,100.000,32619.7
960.724,2070.763,88.0186,100.000,32619.0
960.725,2070.961,88.0285,100.000,32614.2
961.224,2071.160,88.0225,100.000,32617.2
961.224,2071.359,88.0335,100.000,32611.6
961.225,2071.558,88.0303,100.000,32613.2
961.724,2071.759,88.0314,100.000,32612.7
961.725,2071.957,88.0348,100.000,32611.0
962.223,2072.156,88.0405,100.000,32608.1
962.223,2072.356,88.0418,100.000,32607.5
962.224,2072.555,88.0518,100.000,32602.6
962.724,2072.754,88.0518,100.000,32602.6
962.724,2072.953,88.0583,100.000,32599.3
963.223,2073.152,88.0661,100.000,32595.4
963.224,2073.352,88.0659,100.000,32595.6
963.224,2073.552,88.0674,100.000,32594.8
963.724,2073.750,88.0643,100.000,32596.4
963.724,2073.949,88.0667,100.000,32595.1
964.224,2074.148,88.0772,100.000,32590.0
964.224,2074.348,88.0770,100.000,32590.1
964.224,2074.547,88.0820,100.000,32587.6
964.724,2074.746,88.0830,100.000,32587.0
964.724,2074.945,88.0811,100.000,32588.1
965.224,2075.144,88.0928,100.000,32582.2
965.224,2075.345,88.0957,100.000,32580.8
965.224,2075.543,88.0972,100.000,32580.0
965.723,2075.742,88.0955,100.000,32580.9
965.724,2075.941,88.1024,100.000,32577.5
966.224,2076.141,88.1097,100.000,32573.9
966.225,2076.340,88.1089,100.000,32574.2
966.225,2076.539,88.1133,100.000,32572.1
966.724,2076.738,88.1193,100.000,32569.1
966.725,2076.938,88.1172,100.000,32570.1
967.224,2077.137,88.1167,100.000,32570.3
967.224,2077.336,88.1196,100.000,32568.8
967.224,2077.535,88.1206,100.000,32568.5
967.724,2077.734,88.1196,100.000,32569.0
967.724,2077.934,88.1188,100.000,32569.3
968.224,2078.134,88.1287,100.000,32564.4
968.225,2078.332,88.1268,100.000,32565.4
968.225,2078.531,88.1235,100.000,32567.0
968.724,2078.730,88.1359,100.000,32560.9
968.725,2078.930,88.1385,100.000,32559.5
969.224,2079.129,88.1409,100.000,32558.3
969.225,2079.328,88.1545,100.000,32551.6
969.225,2079.527,88.1478,100.000,32555.0
969.724,2079.726,88.1465,100.000,32555.6
969.724,2079.927,88.1540,100.000,32551.9
970.224,2080.125,88.1448,100.000,32556.4
970.225,2080.324,88.1517,100.000,32553.1
970.225,2080.524,88.1507,100.000,32553.6
970.724,2080.723,88.1562,100.000,32550.7
970.725,2080.922,88.1567,100.000,32550.5
971.224,2081.121,88.1571,100.000,32550.4
971.224,2081.320,88.1611,100.000,32548.4
971.224,2081.520,88.1623,100.000,32547.7
971.724,2081.720,88.1728,100.000,32542.5
971.725,2081.918,88.1681,100.000,32544.9
971.725,2082.117,88.1646,100.000,32546.7
972.224,2082.316,88.1728,100.000,32542.5
972.224,2082.516,88.1763,100.000,32540.8
972.724,2082.715,88.1720,100.000,32542.9
972.725,2082.914,88.1794,100.000,32539.3
972.725,2083.113,88.1803,100.000,32538.9
973.224,2083.312,88.1794,100.000,32539.3
973.224,2083.513,88.1851,100.000,32536.5
973.724,2083.711,88.1943,100.000,32531.9
973.725,2083.910,88.1924,100.000,32532.9
973.725,2084.109,88.1943,100.000,32531.9
974.224,2084.309,88.1994,100.000,32529.3
974.225,2084.509,88.2023,100.000,32527.9
974.724,2084.707,88.2048,100.000,32526.7
974.725,2084.906,88.2031,100.000,32527.5
974.725,2085.106,88.2121,100.000,32523.1
975.224,2085.305,88.2078,100.000,32525.2
975.225,2085.504,88.2140,100.000,32522.1
975.724,2085.703,88.2187,100.000,32519.8
975.725,2085.902,88.2183,100.000,32520.0
975.725,2086.102,88.2295,100.000,32514.4
976.224,2086.302,88.2314,100.000,32513.5
976.225,2086.500,88.2314,100.000,32513.6
976.724,2086.699,88.2290,100.000,32514.7
976.725,2086.898,88.2329,100.000,32512.8
976.725,2087.098,88.2386,100.000,32510.0
977.224,2087.297,88.2358,100.000,32511.3
977.224,2087.496,88.2353,100.000,32511.5
977.724,2087.695,88.2471,100.000,32505.7
977.725,2087.894,88.2537,100.000,32502.5
977.725,2088.095,88.2606,100.000,32499.1
978.224,2088.293,88.2653,100.000,32496.7
978.225,2088.492,88.2659,100.000,32496.4
978.724,2088.691,88.2744,100.000,32492.2
978.725,2088.891,88.2769,100.000,32490.9
978.725,2089.090,88.2821,100.000,32488.4
979.224,2089.289,88.2754,100.000,32491.7
979.224,2089.488,88.2874,100.000,32485.8
979.724,2089.688,88.2853,100.000,32486.8
979.724,2089.887,88.2897,100.000,32484.7
979.724,2090.086,88.2913,100.000,32483.8
980.224,2090.285,88.2956,100.000,32481.7
980.224,2090.484,88.2985,100.000,32480.2
980.724,2090.684,88.2988,100.000,32480.2
980.725,2090.884,88.3078,100.000,32475.7
980.725,2091.082,88.3063,100.000,32476.4
981.224,2091.281,88.3089,100.000,32475.1
981.225,2091.480,88.3151,100.000,32472.0
981.723,2091.680,88.3161,100.000,32471.6
981.724,2091.879,88.3192,100.000,32470.0
981.724,2092.078,88.3267,100.000,32466.3
982.224,2092.277,88.3312,100.000,32464.1
982.225,2092.476,88.3286,100.000,32465.4
982.724,2092.677,88.3340,100.000,32462.7
982.724,2092.875,88.3389,100.000,32460.2
982.725,2093.074,88.3428,100.000,32458.4
983.224,2093.274,88.3442,100.000,32457.6
983.225,2093.473,88.3496,100.000,32455.0
983.724,2093.672,88.3568,100.000,32451.4
983.725,2093.871,88.3447,100.000,32457.4
983.725,2094.070,88.3589,100.000,32450.4
984.224,2094.270,88.3633,100.000,32448.2
984.225,2094.469,88.3643,100.000,32447.7
984.724,2094.668,88.3739,100.000,32443.0
984.724,2094.867,88.3817,100.000,32439.1
984.724,2095.066,88.3810,100.000,32439.5
985.224,2095.266,88.3861,100.000,32437.0
985.225,2095.465,88.3810,100.000,32439.4
985.724,2095.664,88.3791,100.000,32440.4
985.725,2095.863,88.3838,100.000,32438.0
985.725,2096.062,88.3852,100.000,32437.4
986.224,2096.263,88.3825,100.000,32438.7
986.225,2096.461,88.3817,100.000,32439.1
986.724,2096.660,88.3794,100.000,32440.3
986.724,2096.859,88.3808,100.000,32439.5
986.724,2097.059,88.3828,100.000,32438.5
987.224,2097.259,88.3804,100.000,32439.7
987.225,2097.457,88.3726,100.000,32443.6
987.724,2097.656,88.3726,100.000,32443.6
987.725,2097.856,88.3691,100.000,32445.3
987.725,2098.055,88.3799,100.000,32440.0
988.224,2098.254,88.3748,100.000,32442.5
988.225,2098.453,88.3808,100.000,32439.6
988.724,2098.652,88.3724,100.000,32443.7
988.725,2098.852,88.3633,100.000,32448.2
988.725,2099.052,88.3525,100.000,32453.5
989.224,2099.250,88.3438,100.000,32457.8
989.225,2099.449,88.3534,100.000,32453.1
989.724,2099.648,88.3433,100.000,32458.1
989.725,2099.848,88.3433,100.000,32458.1
989.725,2100.047,88.3387,100.000,32460.4
990.224,2100.246,88.3197,100.000,32469.8
990.225,2100.445,88.3276,100.000,32465.9
990.724,2100.644,88.3040,100.000,32477.5
990.724,2100.845,88.3074,100.000,32475.8
990.724,2101.043,88.2741,100.000,32492.4
991.224,2101.242,88.2586,100.000,32500.0
991.224,2101.442,88.2511,100.000,32503.7
991.724,2101.640,88.2524,100.000,32503.1
991.725,2101.840,88.2424,100.000,32508.1
991.725,2102.039,88.2378,100.000,32510.3
992.224,2102.238,88.2409,100.000,32508.8
992.224,2102.438,88.2298,100.000,32514.3
992.724,2102.638,88.2344,100.000,32512.1
992.725,2102.836,88.2300,100.000,32514.3
992.725,2103.035,88.2300,100.000,32514.2
993.224,2103.234,88.2321,100.000,32513.2
993.224,2103.434,88.2383,100.000,32510.1
993.724,2103.634,88.2532,100.000,32502.7
993.725,2103.832,88.2573,100.000,32500.6
993.725,2104.031,88.2708,100.000,32494.0
994.224,2104.230,88.2830,100.000,32488.0
994.225,2104.430,88.2939,100.000,32482.5
994.724,2104.629,88.3089,100.000,32475.1
994.724,2104.828,88.3267,100.000,32466.3
994.724,2105.027,88.3623,100.000,32448.6
995.224,2105.226,88.3740,100.000,32442.9
995.224,2105.427,88.3789,100.000,32440.5
995.724,2105.625,88.3984,100.000,32430.8
995.725,2105.824,88.4168,100.000,32421.7
995.725,2106.024,88.4447,100.000,32408.0
996.223,2106.223,88.4665,100.000,32397.1
996.224,2106.422,88.4889,100.000,32386.0
996.724,2106.621,88.5210,100.000,32370.1
996.724,2106.820,88.5588,100.000,32351.5
996.724,2107.020,88.5869,100.000,32337.5
997.223,2107.220,88.6260,100.000,32318.2
997.224,2107.418,88.6624,100.000,32300.2
997.224,2107.617,88.6995,100.000,32281.9
997.724,2107.816,88.7310,100.000,32266.4
997.725,2108.016,88.7632,100.000,32250.4
998.224,2108.215,88.8027,100.000,32230.9
998.225,2108.414,88.8403,100.000,32212.4
998.225,2108.613,88.8649,100.000,32200.1
998.724,2108.812,88.9019,100.000,32182.0
998.725,2109.013,88.9344,100.000,32165.9
999.224,2109.211,88.9588,100.000,32153.9
999.225,2109.410,88.9922,100.000,32137.4
999.225,2109.610,89.0225,100.000,32122.5
999.724,2109.808,89.0521,100.000,32107.8
999.725,2110.009,89.0745,100.000,32096.7
1000.224,2110.207,89.1105,100.000,32079.0
1000.225,2110.406,89.1396,100.000,32064.6
1000.225,2110.606,89.1611,100.000,32054.2
1000.724,2110.805,89.1811,100.000,32044.2
1000.724,2111.004,89.1969,100.000,32036.4
1001.223,2111.203,89.2215,100.000,32024.3
1001.224,2111.402,89.2490,100.000,32010.7
1001.224,2111.602,89.2708,100.000,32000.1
1001.724,2111.802,89.2892,100.000,31991.0
1001.724,2112.000,89.3042,100.000,31983.6
1002.224,2112.199,89.3234,100.000,31974.2
1002.225,2112.398,89.3436,100.000,31964.3
1002.225,2112.598,89.3577,100.000,31957.3
1002.724,2112.797,89.3716,100.000,31950.4
1002.724,2112.996,89.3905,100.000,31941.2
1003.224,2113.195,89.4004,100.000,31936.3
1003.225,2113.394,89.4043,100.000,31934.4
1003.225,2113.595,89.4198,100.000,31926.8
1003.724,2113.793,89.4307,100.000,31921.4
1003.724,2113.992,89.4351,100.000,31919.2
1004.224,2114.192,89.4373,100.000,31918.2
1004.225,2114.390,89.4516,100.000,31911.1
1004.225,2114.590,89.4482,100.000,31912.7
1004.724,2114.789,89.4559,100.000,31909.0
1004.725,2114.988,89.4601,100.000,31907.0
1005.224,2115.188,89.4660,100.000,31904.0
1005.225,2115.388,89.4704,100.000,31901.9
1005.225,2115.586,89.4665,100.000,31903.7
1005.724,2115.785,89.4766,100.000,31898.8
1005.724,2115.984,89.4819,100.000,31896.1
1006.224,2116.184,89.4738,100.000,31900.2
1006.225,2116.384,89.4738,100.000,31900.1
1006.225,2116.582,89.4705,100.000,31901.8
1006.724,2116.781,89.4704,100.000,31901.8
1006.724,2116.980,89.4723,100.000,31900.9
1007.223,2117.180,89.4753,100.000,31899.4
1007.224,2117.379,89.4766,100.000,31898.9
1007.224,2117.578,89.4634,100.000,31905.3
1007.724,2117.777,89.4582,100.000,31907.9
1007.724,2117.978,89.4572,100.000,31908.3
1008.224,2118.177,89.4522,100.000,31910.8
1008.225,2118.375,89.4590,100.000,31907.5
1008.225,2118.574,89.4487,100.000,31912.4
1008.724,2118.774,89.4429,100.000,31915.3
1008.725,2118.974,89.4443,100.000,31914.6
1009.223,2119.172,89.4356,100.000,31919.0
1009.224,2119.371,89.4326,100.000,31920.4
1009.224,2119.570,89.4297,100.000,31921.9
1009.724,2119.770,89.4264,100.000,31923.5
1009.725,2119.970,89.4098,100.000,31931.6
1010.224,2120.168,89.4043,100.000,31934.4
1010.225,2120.367,89.4002,100.000,31936.4
1010.225,2120.566,89.3892,100.000,31941.8
1010.724,2120.766,89.3800,100.000,31946.3
1010.725,2120.965,89.3696,100.000,31951.4
1011.224,2121.164,89.3631,100.000,31954.7
1011.224,2121.363,89.3569,100.000,31957.7
1011.224,2121.562,89.3420,100.000,31965.1
1011.724,2121.763,89.3411,100.000,31965.4
1011.725,2121.961,89.3240,100.000,31973.9
1012.224,2122.160,89.3149,100.000,31978.3
1012.224,2122.360,89.3066,100.000,31982.4
1012.224,2122.558,89.2993,100.000,31986.1
1012.724,2122.759,89.2907,100.000,31990.2
1012.724,2122.957,89.2858,100.000,31992.7
1013.223,2123.156,89.2734,100.000,31998.8
1013.224,2123.356,89.2593,100.000,32005.7
1013.224,2123.555,89.2555,100.000,32007.6
1013.724,2123.754,89.2407,100.000,32014.8
1013.724,2123.953,89.2282,100.000,32021.0
1014.224,2124.152,89.2161,100.000,32027.0
1014.224,2124.352,89.2095,100.000,32030.2
1014.224,2124.552,89.2028,100.000,32033.5
1014.723,2124.750,89.1909,100.000,32039.4
1014.724,2124.949,89.1781,100.000,32045.8
1015.224,2125.148,89.1748,100.000,32047.4
1015.225,2125.348,89.1538,100.000,32057.7
1015.225,2125.547,89.1512,100.000,32059.1
1015.724,2125.746,89.1313,100.000,32068.8
1015.725,2125.945,89.1190,100.000,32074.9
1016.224,2126.144,89.1130,100.000,32077.8
1016.225,2126.345,89.0902,100.000,32089.0
1016.225,2126.543,89.0819,100.000,32093.1
1016.724,2126.742,89.0934,100.000,32087.5
1016.725,2126.942,89.0521,100.000,32107.9
1017.224,2127.140,89.0225,100.000,32122.4
1017.225,2127.340,89.0238,100.000,32121.8
1017.225,2127.539,89.0073,100.000,32129.9
1017.724,2127.738,89.0063,100.000,32130.4
1017.725,2127.937,88.9951,100.000,32135.9
1018.223,2128.138,88.9951,100.000,32135.9
1018.224,2128.336,88.9766,100.000,32145.1
1018.224,2128.535,88.9858,100.000,32140.5
1018.724,2128.734,88.9863,100.000,32140.2
1018.725,2128.934,88.9590,100.000,32153.7
1019.224,2129.134,88.9595,100.000,32153.5
1019.224,2129.332,88.9432,100.000,32161.6
1019.224,2129.531,88.9438,100.000,32161.2
1019.724,2129.730,88.9311,100.000,32167.5
1019.725,2129.930,88.9237,100.000,32171.2
1020.224,2130.129,88.9088,100.000,32178.5
1020.225,2130.328,88.9113,100.000,32177.3
1020.225,2130.527,88.9020,100.000,32181.8
1020.724,2130.726,88.9045,100.000,32180.7
1020.724,2130.926,88.8883,100.000,32188.6
1021.224,2131.125,88.8742,100.000,32195.6
1021.224,2131.324,88.8669,100.000,32199.2
1021.224,2131.524,88.8566,100.000,32204.2
1021.724,2131.723,88.8452,100.000,32209.9
1021.724,2131.922,88.8408,100.000,32212.1
1022.224,2132.121,88.8237,100.000,32220.5
1022.225,2132.320,88.8158,100.000,32224.5
1022.225,2132.520,88.8201,100.000,32222.3
1022.723,2132.720,88.8101,100.000,32227.3
1022.724,2132.918,88.8236,100.000,32220.6
1022.724,2133.117,88.8286,100.000,32218.1
1023.224,2133.316,88.8270,100.000,32218.9
1023.225,2133.516,88.8372,100.000,32213.9
1023.724,2133.715,88.8457,100.000,32209.7
1023.725,2133.914,88.8569,100.000,32204.2
1023.725,2134.113,88.8595,100.000,32202.8
1024.224,2134.312,88.8669,100.000,32199.2
1024.225,2134.513,88.8693,100.000,32198.0
1024.723,2134.711,88.8740,100.000,32195.7
1024.723,2134.910,88.8857,100.000,32190.0
1024.724,2135.110,88.8918,100.000,32187.0
1025.224,2135.308,88.8911,100.000,32187.3
1025.224,2135.509,88.9045,100.000,32180.6
1025.724,2135.707,88.9074,100.000,32179.2
1025.724,2135.906,88.9209,100.000,32172.6
1025.725,2136.105,88.9108,100.000,32177.5
1026.224,2136.305,88.9181,100.000,32173.9
1026.225,2136.504,88.9167,100.000,32174.6
1026.724,2136.703,88.9147,100.000,32175.6
1026.724,2136.902,88.9113,100.000,32177.2
1026.724,2137.102,88.9058,100.000,32180.0
1027.224,2137.302,88.9020,100.000,32181.9
1027.224,2137.500,88.9106,100.000,32177.7
1027.724,2137.699,88.8927,100.000,32186.4
1027.725,2137.898,88.8931,100.000,32186.3
1027.725,2138.098,88.8838,100.000,32190.9
1028.224,2138.297,88.8825,100.000,32191.5
1028.225,2138.496,88.8688,100.000,32198.2
1028.724,2138.695,88.8683,100.000,32198.4
1028.725,2138.894,88.8678,100.000,32198.7
1028.725,2139.095,88.8560,100.000,32204.6
1029.224,2139.293,88.8605,100.000,32202.4
1029.224,2139.492,88.8394,100.000,32212.8
1029.724,2139.692,88.8512,100.000,32207.0
1029.724,2139.890,88.8426,100.000,32211.2
1029.724,2140.090,88.8478,100.000,32208.6
1030.223,2140.289,88.8416,100.000,32211.7
1030.224,2140.488,88.8309,100.000,32217.0
1030.724,2140.688,88.8325,100.000,32216.2
1030.724,2140.888,88.8296,100.000,32217.6
1030.724,2141.086,88.8343,100.000,32215.3
1031.224,2141.285,88.8408,100.000,32212.1
1031.224,2141.484,88.8408,100.000,32212.1
1031.724,2141.684,88.8569,100.000,32204.1
1031.724,2141.882,88.8600,100.000,32202.5
1031.724,2142.082,88.8706,100.000,32197.4
1032.224,2142.281,88.8830,100.000,32191.2
1032.224,2142.480,88.8888,100.000,32188.4
1032.724,2142.680,88.9015,100.000,32182.1
1032.724,2142.879,88.9103,100.000,32177.8
1032.724,2143.078,88.9209,100.000,32172.6
1033.224,2143.277,88.9321,100.000,32167.0
1033.225,2143.476,88.9447,100.000,32160.8
1033.724,2143.676,88.9600,100.000,32153.3
1033.725,2143.875,88.9668,100.000,32150.0
1033.725,2144.074,88.9910,100.000,32137.9
1034.224,2144.274,89.0058,100.000,32130.6
1034.224,2144.473,89.0238,100.000,32121.8
1034.723,2144.672,89.0400,100.000,32113.8
1034.723,2144.871,89.0426,100.000,32112.5
1034.724,2145.070,89.0682,100.000,32099.9
1035.223,2145.270,89.0926,100.000,32087.9
1035.224,2145.469,89.1034,100.000,32082.6
1035.724,2145.668,89.1126,100.000,32078.0
1035.724,2145.867,89.1308,100.000,32069.1
1035.724,2146.066,89.1367,100.000,32066.1
1036.224,2146.266,89.1532,100.000,32058.1
1036.225,2146.465,89.1743,100.000,32047.6
1036.724,2146.664,89.1785,100.000,32045.5
1036.724,2146.863,89.1925,100.000,32038.6
1036.724,2147.062,89.2085,100.000,32030.8
1037.224,2147.263,89.2144,100.000,32027.9
1037.225,2147.461,89.2422,100.000,32014.1
1037.724,2147.660,89.2368,100.000,32016.8
1037.724,2147.860,89.2741,100.000,31998.4
1037.724,2148.058,89.2804,100.000,31995.3
1038.224,2148.259,89.2908,100.000,31990.2
1038.224,2148.457,89.3115,100.000,31980.0
1038.723,2148.656,89.3284,100.000,31971.7
1038.724,2148.856,89.3431,100.000,31964.5
1038.724,2149.055,89.3696,100.000,31951.4
1039.224,2149.254,89.3808,100.000,31946.0
1039.225,2149.453,89.3973,100.000,31937.8
1039.724,2149.652,89.4124,100.000,31930.4
1039.724,2149.852,89.4341,100.000,31919.7
1039.725,2150.052,89.4468,100.000,31913.5
1040.224,2150.250,89.4707,100.000,31901.7
1040.225,2150.449,89.4868,100.000,31893.8
1040.724,2150.648,89.5023,100.000,31886.2
1040.725,2150.848,89.5269,100.000,31874.0
1040.725,2151.047,89.5381,100.000,31868.5
1041.224,2151.246,89.5688,100.000,31853.4
1041.225,2151.445,89.5954,100.000,31840.4
1041.723,2151.644,89.6076,100.000,31834.4
1041.724,2151.845,89.6299,100.000,31823.4
1041.724,2152.043,89.6512,100.000,31813.0
1042.223,2152.242,89.6753,100.000,31801.1
1042.223,2152.442,89.6885,100.000,31794.6
1042.724,2152.640,89.7114,100.000,31783.4
1042.725,2152.840,89.7318,100.000,31773.4
1042.725,2153.039,89.7585,100.000,31760.3
1043.224,2153.238,89.7749,100.000,31752.3
1043.224,2153.438,89.7954,100.000,31742.2
1043.724,2153.638,89.8164,100.000,31731.9
1043.724,2153.836,89.8426,100.000,31719.1
1043.725,2154.035,89.8587,100.000,31711.1
1044.224,2154.234,89.8794,100.000,31701.0
1044.225,2154.434,89.9007,100.000,31690.5
1044.724,2154.632,89.9235,100.000,31679.3
1044.724,2154.832,89.9424,100.000,31670.1
1044.724,2155.031,89.9666,100.000,31658.2
1045.224,2155.230,89.9814,100.000,31650.9
1045.225,2155.430,90.0101,100.000,31636.9
1045.723,2155.629,90.0347,100.000,31624.9
1045.724,2155.828,90.0547,100.000,31615.0
1045.724,2156.027,90.0778,100.000,31603.7
1046.224,2156.226,90.1104,100.000,31587.7
1046.224,2156.427,90.1284,100.000,31578.9
1046.723,2156.625,90.1496,100.000,31568.5
1046.724,2156.824,90.1787,100.000,31554.3
1046.724,2157.024,90.1982,100.000,31544.6
1047.224,2157.222,90.2279,100.000,31530.3
1047.224,2157.422,90.2479,100.000,31520.4
1047.724,2157.621,90.2858,100.000,31501.8
1047.724,2157.820,90.3016,100.000,31494.1
1047.724,2158.020,90.3403,100.000,31475.2
1048.224,2158.220,90.3706,100.000,31460.5
1048.225,2158.418,90.3942,100.000,31448.8
1048.225,2158.617,90.4111,100.000,31440.6
1048.724,2158.816,90.4507,100.000,31421.3
1048.725,2159.016,90.4749,100.000,31409.5
1049.224,2159.215,90.5049,100.000,31394.7
1049.225,2159.414,90.5368,100.000,31379.2
1049.225,2159.613,90.5589,100.000,31368.4
1049.724,2159.812,90.5957,100.000,31350.3
1049.724,2160.013,90.6266,100.000,31335.3
1050.224,2160.211,90.6641,100.000,31317.1
1050.225,2160.410,90.6859,100.000,31306.4
1050.225,2160.610,90.7168,100.000,31291.3
1050.724,2160.808,90.7422,100.000,31278.9
1050.725,2161.012,90.7811,100.000,31259.9
1051.224,2161.207,90.8086,100.000,31246.5
1051.224,2161.406,90.8437,100.000,31229.4
1051.225,2161.606,90.8852,100.000,31209.3
1051.724,2161.805,90.9150,100.000,31194.7
1051.724,2162.004,90.9378,100.000,31183.6
1052.224,2162.203,90.9814,100.000,31162.4
1052.224,2162.402,91.0102,100.000,31148.3
1052.224,2162.602,91.0452,100.000,31131.3
1052.724,2162.802,91.0760,100.000,31116.3
1052.725,2163.000,91.1040,100.000,31102.7
1053.224,2163.199,91.1445,100.000,31083.0
1053.225,2163.398,91.1781,100.000,31066.7
1053.225,2163.598,91.2080,100.000,31052.1
1053.724,2163.797,91.2485,100.000,31032.5
1053.725,2163.996,91.2821,100.000,31016.1
1054.223,2164.195,91.3167,100.000,30999.2
1054.224,2164.394,91.3543,100.000,30981.0
1054.224,2164.595,91.3921,100.000,30962.7
1054.724,2164.793,91.4272,100.000,30945.6
1054.725,2164.992,91.4688,100.000,30925.4
1055.224,2165.192,91.5083,100.000,30906.2
1055.224,2165.390,91.5425,100.000,30889.7
1055.224,2165.590,91.5894,100.000,30867.0
1055.724,2165.789,91.6240,100.000,30850.2
1055.724,2165.988,91.6800,100.000,30823.1
1056.224,2166.188,91.7207,100.000,30803.4
1056.225,2166.388,91.7588,100.000,30784.9
1056.225,2166.586,91.7908,100.000,30769.4
1056.724,2166.785,91.8374,100.000,30746.8
1056.725,2166.984,91.8802,100.000,30726.0
1057.224,2167.184,91.9336,100.000,30700.2
1057.225,2167.384,91.9857,100.000,30675.1
1057.225,2167.582,92.0205,100.000,30658.3
1057.724,2167.781,92.0571,100.000,30640.6
1057.725,2167.980,92.1006,100.000,30619.6
1058.224,2168.180,92.1388,100.000,30601.1
1058.225,2168.379,92.1833,100.000,30579.7
1058.225,2168.578,92.2210,100.000,30561.5
1058.724,2168.777,92.2541,100.000,30545.5
1058.724,2168.976,92.2866,100.000,30529.8
1059.224,2169.177,92.3187,100.000,30514.3
1059.224,2169.375,92.3612,100.000,30493.8
1059.225,2169.574,92.3906,100.000,30479.7
1059.724,2169.774,92.4201,100.000,30465.4
1059.725,2169.973,92.4658,100.000,30443.5
1060.224,2170.172,92.5055,100.000,30424.3
1060.224,2170.371,92.5296,100.000,30412.6
1060.224,2170.570,92.5599,100.000,30398.1
1060.724,2170.770,92.5934,100.000,30382.0
1060.725,2170.970,92.6274,100.000,30365.6
1061.224,2171.168,92.6567,100.000,30351.5
1061.224,2171.367,92.6986,100.000,30331.3
1061.224,2171.566,92.7397,100.000,30311.6
1061.724,2171.766,92.7752,100.000,30294.6
1061.725,2171.965,92.8022,100.000,30281.5
1062.224,2172.164,92.8377,100.000,30264.5
1062.224,2172.363,92.8727,100.000,30247.7
1062.224,2172.562,92.9014,100.000,30233.9
1062.724,2172.763,92.9414,100.000,30214.8
1062.725,2172.961,92.9785,100.000,30197.0
1063.224,2173.160,93.0003,100.000,30186.5
1063.225,2173.359,93.0298,100.000,30172.3
1063.225,2173.558,93.0557,100.000,30160.0
1063.724,2173.759,93.0815,100.000,30147.5
1063.724,2173.957,93.1113,100.000,30133.2
1064.224,2174.156,93.1344,100.000,30122.1
1064.224,2174.356,93.1562,100.000,30111.7
1064.225,2174.555,93.1821,100.000,30099.3
1064.724,2174.754,93.2124,100.000,30084.8
1064.724,2174.953,93.2337,100.000,30074.6
1065.224,2175.152,93.2588,100.000,30062.5
1065.224,2175.352,93.2847,100.000,30050.3
1065.224,2175.552,93.3052,100.000,30040.4
1065.724,2175.750,93.3270,100.000,30029.9
1065.724,2175.949,93.3525,100.000,30017.7
1066.224,2176.148,93.3660,100.000,30011.3
1066.224,2176.348,93.3955,100.000,29997.2
1066.224,2176.547,93.4100,100.000,29990.2
1066.724,2176.746,93.4328,100.000,29979.3
1066.724,2176.945,93.4614,100.000,29965.7
1067.224,2177.144,93.4932,100.000,29950.4
1067.224,2177.345,93.5000,100.000,29947.3
1067.224,2177.543,93.5244,100.000,29935.5
1067.724,2177.742,93.5513,100.000,29922.8
1067.724,2177.941,93.5752,100.000,29911.3
1068.224,2178.140,93.5931,100.000,29902.8
1068.224,2178.340,93.6167,100.000,29891.5
1068.225,2178.539,93.6333,100.000,29883.6
1068.724,2178.738,93.6543,100.000,29873.5
1068.724,2178.938,93.6684,100.000,29866.8
1069.224,2179.138,93.6938,100.000,29854.7
1069.224,2179.336,93.7061,100.000,29848.8
1069.224,2179.535,93.7236,100.000,29840.5
1069.724,2179.734,93.7406,100.000,29832.4
1069.725,2179.933,93.7549,100.000,29825.5
1070.224,2180.134,93.7723,100.000,29817.3
1070.224,2180.332,93.7891,100.000,29809.2
1070.224,2180.531,93.7941,100.000,29806.8
1070.724,2180.730,93.8109,100.000,29798.9
1070.724,2180.930,93.8172,100.000,29795.9
1071.224,2181.129,93.8420,100.000,29784.0
1071.225,2181.328,93.8408,100.000,29784.6
1071.225,2181.527,93.8594,100.000,29775.8
1071.724,2181.726,93.8696,100.000,29770.8
1071.724,2181.927,93.8822,100.000,29764.9
1072.223,2182.125,93.8966,100.000,29758.0
1072.224,2182.324,93.9160,100.000,29748.8
1072.224,2182.524,93.9225,100.000,29745.6
1072.724,2182.723,93.9412,100.000,29736.8
1072.724,2182.922,93.9534,100.000,29731.0
1073.224,2183.121,93.9671,100.000,29724.4
1073.224,2183.320,93.9901,100.000,29713.5
1073.224,2183.520,94.0010,100.000,29708.3
1073.724,2183.720,94.0101,100.000,29704.0
1073.725,2183.918,94.0415,100.000,29689.1
1073.725,2184.117,94.0537,100.000,29683.3
1074.224,2184.316,94.0828,100.000,29669.4
1074.224,2184.516,94.0965,100.000,29662.9
1074.724,2184.715,94.1050,100.000,29658.8
1074.725,2184.914,94.1211,100.000,29651.1
1074.725,2185.113,94.1190,100.000,29652.2
1075.224,2185.312,94.1243,100.000,29649.6
1075.224,2185.513,94.1328,100.000,29645.6
1075.724,2185.711,94.1379,100.000,29643.2
1075.724,2185.910,94.1341,100.000,29645.0
1075.724,2186.110,94.1396,100.000,29642.3
1076.224,2186.308,94.1276,100.000,29648.1
1076.225,2186.509,94.1426,100.000,29641.0
1076.724,2186.707,94.1387,100.000,29642.8
1076.725,2186.906,94.1429,100.000,29640.8
1076.725,2187.106,94.1287,100.000,29647.6
1077.223,2187.305,94.1483,100.000,29638.3
1077.224,2187.504,94.1432,100.000,29640.6
1077.724,2187.703,94.1296,100.000,29647.2
1077.724,2187.902,94.1349,100.000,29644.6
1077.724,2188.102,94.1387,100.000,29642.8
1078.224,2188.302,94.1413,100.000,29641.6
1078.225,2188.500,94.1432,100.000,29640.6
1078.724,2188.699,94.1549,100.000,29635.0
1078.724,2188.898,94.1533,100.000,29635.9
1078.724,2189.098,94.1543,100.000,29635.4
1079.224,2189.297,94.1611,100.000,29632.2
1079.225,2189.496,94.1624,100.000,29631.6
1079.724,2189.695,94.1709,100.000,29627.6
1079.724,2189.894,94.1759,100.000,29625.1
1079.725,2190.095,94.1805,100.000,29623.0
1080.224,2190.293,94.1945,100.000,29616.3
1080.224,2190.492,94.2236,100.000,29602.4
1080.724,2190.692,94.2422,100.000,29593.6
1080.724,2190.890,94.2529,100.000,29588.5
1080.724,2191.090,94.2614,100.000,29584.5
1081.224,2191.289,94.2865,100.000,29572.7
1081.224,2191.488,94.3027,100.000,29565.0
1081.724,2191.688,94.3107,100.000,29561.1
1081.724,2191.888,94.3262,100.000,29553.7
1081.724,2192.086,94.3468,100.000,29544.0
1082.224,2192.285,94.3665,100.000,29534.7
1082.224,2192.484,94.3846,100.000,29526.1
1082.724,2192.683,94.4059,100.000,29515.9
1082.724,2192.884,94.4264,100.000,29506.2
1082.724,2193.082,94.4347,100.000,29502.2
1083.224,2193.281,94.4425,100.000,29498.6
1083.224,2193.480,94.4595,100.000,29490.6
1083.724,2193.680,94.4741,100.000,29483.6
1083.724,2193.879,94.4969,100.000,29472.8
1083.724,2194.078,94.5098,100.000,29466.7
1084.224,2194.277,94.5352,100.000,29454.7
1084.224,2194.476,94.5496,100.000,29447.8
1084.724,2194.676,94.5581,100.000,29443.8
1084.724,2194.875,94.5812,100.000,29432.9
1084.724,2195.074,94.6011,100.000,29423.4
1085.224,2195.274,94.6092,100.000,29419.6
1085.224,2195.473,94.6340,100.000,29407.8
1085.724,2195.672,94.6455,100.000,29402.4
1085.724,2195.871,94.6753,100.000,29388.2
1085.724,2196.070,94.6772,100.000,29387.3
1086.224,2196.270,94.6841,100.000,29384.2
1086.224,2196.470,94.7044,100.000,29374.5
1086.724,2196.668,94.7145,100.000,29369.7
1086.724,2196.867,94.7261,100.000,29364.2
1086.724,2197.066,94.7287,100.000,29363.0
1087.224,2197.266,94.7329,100.000,29361.0
1087.224,2197.465,94.7417,100.000,29356.8
1087.724,2197.664,94.7256,100.000,29364.4
1087.724,2197.863,94.7559,100.000,29350.2
1087.724,2198.062,94.7332,100.000,29361.0
1088.224,2198.263,94.7479,100.000,29354.0
1088.224,2198.461,94.7329,100.000,29361.0
1088.724,2198.660,94.7266,100.000,29364.1
1088.724,2198.860,94.7327,100.000,29361.2
1088.724,2199.058,94.7070,100.000,29373.3
1089.224,2199.259,94.6826,100.000,29384.9
1089.224,2199.457,94.6623,100.000,29394.5
1089.724,2199.656,94.6667,100.000,29392.4
1089.724,2199.856,94.6476,100.000,29401.4
1089.724,2200.055,94.6450,100.000,29402.6
1090.224,2200.254,94.6239,100.000,29412.6
1090.224,2200.453,94.6128,100.000,29417.9
1090.724,2200.652,94.5962,100.000,29425.8
1090.724,2200.852,94.5760,100.000,29435.4
1090.724,2201.052,94.5644,100.000,29440.9
1091.224,2201.250,94.5420,100.000,29451.5
1091.224,2201.449,94.5376,100.000,29453.4
1091.724,2201.648,94.5111,100.000,29466.2
1091.724,2201.848,94.5076,100.000,29467.7
1091.724,2202.047,94.4829,100.000,29479.5
1092.224,2202.246,94.4818,100.000,29480.0
1092.224,2202.445,94.4717,100.000,29484.8
1092.724,2202.644,94.4753,100.000,29483.0
1092.725,2202.845,94.4673,100.000,29486.9
1092.725,2203.043,94.4634,100.000,29488.7
1093.224,2203.242,94.4588,100.000,29490.8
1093.224,2203.442,94.4435,100.000,29498.1
1093.724,2203.640,94.4399,100.000,29499.7
1093.724,2203.840,94.4473,100.000,29496.4
1093.724,2204.039,94.4512,100.000,29494.4
1094.224,2204.238,94.4486,100.000,29495.7
1094.224,2204.438,94.4601,100.000,29490.2
1094.724,2204.638,94.4585,100.000,29491.0
1094.724,2204.836,94.4683,100.000,29486.4
1094.724,2205.035,94.4722,100.000,29484.5
1095.224,2205.234,94.4899,100.000,29476.1
1095.224,2205.434,94.4984,100.000,29472.1
1095.724,2205.634,94.5112,100.000,29466.0
1095.724,2205.832,94.5153,100.000,29464.0
1095.724,2206.031,94.5326,100.000,29455.9
1096.224,2206.230,94.5509,100.000,29447.2
1096.224,2206.430,94.5662,100.000,29439.9
1096.724,2206.629,94.5780,100.000,29434.4
1096.724,2206.828,94.5996,100.000,29424.1
1096.724,2207.027,94.6025,100.000,29422.7
1097.224,2207.226,94.6147,100.000,29416.9
1097.224,2207.427,94.6123,100.000,29418.1
1097.724,2207.625,94.6133,100.000,29417.7
1097.724,2207.824,94.6159,100.000,29416.3
1097.724,2208.024,94.6082,100.000,29420.0
1098.224,2208.223,94.6294,100.000,29410.0
1098.224,2208.422,94.6203,100.000,29414.4
1098.724,2208.621,94.6263,100.000,29411.5
1098.724,2208.820,94.6351,100.000,29407.3
1098.724,2209.020,94.6356,100.000,29407.1
1099.224,2209.220,94.6426,100.000,29403.8
1099.224,2209.418,94.6421,100.000,29404.0
1099.224,2209.617,94.6480,100.000,29401.2
1099.724,2209.816,94.6426,100.000,29403.8
1099.724,2210.016,94.6475,100.000,29401.6
1100.224,2210.215,94.6427,100.000,29403.7
1100.224,2210.414,94.6401,100.000,29405.0
1100.224,2210.613,94.6431,100.000,29403.6
1100.724,2210.812,94.6375,100.000,29406.2
1100.724,2211.013,94.6400,100.000,29405.1
1101.224,2211.211,94.6396,100.000,29405.2
1101.224,2211.410,94.6265,100.000,29411.4
1101.224,2211.610,94.6248,100.000,29412.1
1101.724,2211.808,94.6157,100.000,29416.5
1101.724,2212.009,94.6180,100.000,29415.5
1102.224,2212.207,94.6069,100.000,29420.7
1102.224,2212.406,94.6068,100.000,29420.8
1102.224,2212.606,94.5975,100.000,29425.1
1102.724,2212.805,94.5931,100.000,29427.2
1102.724,2213.004,94.5791,100.000,29433.9
1103.224,2213.203,94.5770,100.000,29434.8
1103.224,2213.402,94.5697,100.000,29438.3
1103.224,2213.602,94.5651,100.000,29440.5
1103.724,2213.802,94.5651,100.000,29440.5
1103.724,2214.000,94.5527,100.000,29446.3
1104.224,2214.199,94.5464,100.000,29449.4
1104.224,2214.398,94.5327,100.000,29455.8
1104.224,2214.598,94.5215,100.000,29461.0
1104.726,2214.797,94.5200,100.000,29461.9
1104.726,2214.996,94.5142,100.000,29464.6
1105.224,2215.195,94.4969,100.000,29472.8
1105.224,2215.394,94.4982,100.000,29472.2
1105.224,2215.595,94.4880,100.000,29477.0
1105.724,2215.793,94.4844,100.000,29478.7
1105.724,2215.992,94.4816,100.000,29480.0
1106.224,2216.192,94.4723,100.000,29484.4
1106.224,2216.390,94.4611,100.000,29489.8
1106.224,2216.590,94.4593,100.000,29490.6
1106.724,2216.789,94.4473,100.000,29496.3
1106.724,2216.988,94.4458,100.000,29497.0
1107.224,2217.188,94.4333,100.000,29502.9
1107.224,2217.388,94.4268,100.000,29506.1
1107.224,2217.586,94.4228,100.000,29507.8
1107.724,2217.785,94.4170,100.000,29510.7
1107.724,2217.984,94.4088,100.000,29514.5
1108.224,2218.184,94.4018,100.000,29517.9
1108.224,2218.384,94.3901,100.000,29523.4
1108.224,2218.582,94.3926,100.000,29522.2
1108.724,2218.781,94.3848,100.000,29526.0
1108.724,2218.980,94.3726,100.000,29531.8
1109.224,2219.180,94.3657,100.000,29535.0
1109.224,2219.379,94.3639,100.000,29535.8
1109.224,2219.578,94.3516,100.000,29541.8
1109.724,2219.777,94.3423,100.000,29546.2
1109.724,2219.976,94.3369,100.000,29548.6
1110.224,2220.177,94.3250,100.000,29554.4
1110.224,2220.375,94.3190,100.000,29557.2
1110.224,2220.574,94.3117,100.000,29560.6
1110.724,2220.774,94.3071,100.000,29562.8
1110.724,2220.973,94.3044,100.000,29564.1
1111.224,2221.172,94.2949,100.000,29568.6
1111.224,2221.371,94.2896,100.000,29571.2
1111.224,2221.570,94.2894,100.000,29571.2
1111.724,2221.770,94.2777,100.000,29576.8
1111.724,2221.970,94.2730,100.000,29579.0
1112.224,2222.168,94.2655,100.000,29582.6
1112.224,2222.367,94.2651,100.000,29582.7
1112.224,2222.566,94.2559,100.000,29587.1
1112.724,2222.766,94.2544,100.000,29587.9
1112.724,2222.965,94.2458,100.000,29591.9
1113.224,2223.164,94.2456,100.000,29592.0
1113.224,2223.363,94.2358,100.000,29596.6
1113.224,2223.562,94.2305,100.000,29599.2
1113.724,2223.763,94.2321,100.000,29598.4
1113.724,2223.961,94.2161,100.000,29606.0
1114.224,2224.160,94.2204,100.000,29604.0
1114.224,2224.360,94.2156,100.000,29606.3
1114.224,2224.558,94.2080,100.000,29609.9
1114.724,2224.759,94.2036,100.000,29612.0
1114.724,2224.957,94.2016,100.000,29612.9
1115.224,2225.156,94.1995,100.000,29613.9
1115.224,2225.356,94.1919,100.000,29617.5
1115.224,2225.555,94.1855,100.000,29620.6
1115.724,2225.754,94.1846,100.000,29621.0
1115.724,2225.953,94.1824,100.000,29622.0
1116.224,2226.152,94.1691,100.000,29628.4
1116.224,2226.352,94.1724,100.000,29626.8
1116.224,2226.552,94.1662,100.000,29629.7
1116.724,2226.750,94.1642,100.000,29630.7
1116.724,2226.949,94.1626,100.000,29631.5
1117.224,2227.148,94.1518,100.000,29636.6
1117.224,2227.348,94.1445,100.000,29640.0
1117.224,2227.547,94.1450,100.000,29639.8
1117.724,2227.746,94.1370,100.000,29643.6
1117.724,2227.945,94.1382,100.000,29643.1
1118.224,2228.144,94.1333,100.000,29645.5
1118.224,2228.345,94.1300,100.000,29647.0
1118.224,2228.543,94.1216,100.000,29651.0
1118.724,2228.742,94.1152,100.000,29653.9
1118.724,2228.942,94.1040,100.000,29659.3
1119.224,2229.140,94.1006,100.000,29661.0
1119.224,2229.340,94.1082,100.000,29657.3
1119.224,2229.539,94.0965,100.000,29662.8
1119.723,2229.738,94.0941,100.000,29664.0
1119.724,2229.938,94.0897,100.000,29666.1
1120.223,2230.137,94.0879,100.000,29667.0
1120.223,2230.336,94.0770,100.000,29672.2
1120.223,2230.535,94.0742,100.000,29673.5
1120.723,2230.734,94.0724,100.000,29674.4
1120.723,2230.934,94.0672,100.000,29676.8
1121.224,2231.134,94.0586,100.000,29680.9
1121.224,2231.332,94.0620,100.000,29679.2
1121.224,2231.531,94.0514,100.000,29684.2
1121.724,2231.730,94.0459,100.000,29687.0
1121.724,2231.930,94.0480,100.000,29686.0
1122.224,2232.129,94.0396,100.000,29690.0
1122.224,2232.328,94.0316,100.000,29693.8
1122.224,2232.527,94.0332,100.000,29693.0
1122.724,2232.726,94.0278,100.000,29695.5
1122.724,2232.927,94.0130,100.000,29702.6
1123.224,2233.125,94.0129,100.000,29702.7
1123.224,2233.324,94.0142,100.000,29702.1
1123.224,2233.524,94.0028,100.000,29707.5
1123.724,2233.723,94.0010,100.000,29708.4
1123.724,2233.922,93.9936,100.000,29711.7
1124.224,2234.121,93.9886,100.000,29714.3
1124.224,2234.320,93.9919,100.000,29712.6
1124.224,2234.520,93.9834,100.000,29716.6
1124.724,2234.720,93.9718,100.000,29722.2
1124.724,2234.918,93.9740,100.000,29721.2
1124.724,2235.117,93.9639,100.000,29726.0
1125.224,2235.316,93.9644,100.000,29725.8
1125.224,2235.516,93.9570,100.000,29729.2
1125.724,2235.715,93.9557,100.000,29729.8
1125.724,2235.914,93.9508,100.000,29732.1
1125.724,2236.113,93.9468,100.000,29734.0
1126.224,2236.312,93.9536,100.000,29730.8
1126.224,2236.513,93.9383,100.000,29738.2
1126.724,2236.711,93.9316,100.000,29741.3
1126.724,2236.910,93.9368,100.000,29738.9
1126.724,2237.110,93.9338,100.000,29740.3
1127.224,2237.308,93.9186,100.000,29747.5
1127.224,2237.509,93.9232,100.000,29745.4
1127.724,2237.707,93.9128,100.000,29750.4
1127.724,2237.906,93.9173,100.000,29748.1
1127.724,2238.106,93.9102,100.000,29751.6
1128.224,2238.305,93.9022,100.000,29755.3
1128.224,2238.504,93.8983,100.000,29757.2
1128.724,2238.703,93.8971,100.000,29757.7
1128.724,2238.902,93.8911,100.000,29760.6
1128.724,2239.102,93.8916,100.000,29760.5
1129.224,2239.302,93.8859,100.000,29763.1
1129.224,2239.500,93.8826,100.000,29764.7
1129.724,2239.699,93.8776,100.000,29767.1
1129.724,2239.898,93.8773,100.000,29767.2
1129.725,2240.098,93.8784,100.000,29766.7
1130.224,2240.297,93.8696,100.000,29770.8
1130.224,2240.496,93.8662,100.000,29772.5
1130.724,2240.695,93.8644,100.000,29773.4
1130.724,2240.894,93.8556,100.000,29777.5
1130.724,2241.095,93.8649,100.000,29773.1
1131.224,2241.293,93.8514,100.000,29779.6
1131.224,2241.492,93.8485,100.000,29780.9
1131.724,2241.692,93.8397,100.000,29785.1
1131.724,2241.890,93.8442,100.000,29782.9
1131.724,2242.090,93.8371,100.000,29786.4
1132.224,2242.289,93.8315,100.000,29789.1
1132.224,2242.488,93.8330,100.000,29788.3
1132.724,2242.688,93.8304,100.000,29789.6
1132.724,2242.887,93.8208,100.000,29794.2
1132.724,2243.086,93.8203,100.000,29794.3
1133.224,2243.285,93.8167,100.000,29796.1
1133.224,2243.484,93.8114,100.000,29798.6
1133.724,2243.684,93.8114,100.000,29798.7
1133.724,2243.884,93.8076,100.000,29800.4
1133.724,2244.082,93.8053,100.000,29801.5
1134.224,2244.281,93.7954,100.000,29806.2
1134.224,2244.480,93.7939,100.000,29806.9
1134.724,2244.680,93.7978,100.000,29805.1
1134.724,2244.879,93.7908,100.000,29808.5
1134.725,2245.078,93.7878,100.000,29809.9
1135.224,2245.277,93.7894,100.000,29809.1
1135.224,2245.476,93.7773,100.000,29815.0
1135.724,2245.676,93.7746,100.000,29816.2
1135.724,2245.875,93.7731,100.000,29816.9
1135.724,2246.074,93.7734,100.000,29816.7
1136.224,2246.274,93.7617,100.000,29822.3
1136.225,2246.473,93.7598,100.000,29823.3
1136.725,2246.672,93.7560,100.000,29825.0
1136.726,2246.871,93.7573,100.000,29824.4
1136.726,2247.070,93.7424,100.000,29831.5
1137.224,2247.270,93.7612,100.000,29822.5
1137.225,2247.470,93.7497,100.000,29828.1
1137.724,2247.668,93.7440,100.000,29830.8
1137.724,2247.867,93.7424,100.000,29831.6
1137.724,2248.066,93.7306,100.000,29837.1
1138.224,2248.266,93.7301,100.000,29837.3
1138.224,2248.465,93.7261,100.000,29839.2
1138.724,2248.664,93.7295,100.000,29837.6
1138.725,2248.863,93.7220,100.000,29841.2
1138.725,2249.062,93.7212,100.000,29841.7
1139.224,2249.262,93.7130,100.000,29845.5
1139.224,2249.461,93.7085,100.000,29847.6
1139.724,2249.660,93.7065,100.000,29848.6
1139.724,2249.860,93.6997,100.000,29851.8
1139.724,2250.058,93.7036,100.000,29850.0
1140.224,2250.259,93.6976,100.000,29852.9
1140.224,2250.457,93.6929,100.000,29855.2
1140.724,2250.656,93.6894,100.000,29856.8
1140.724,2250.855,93.6860,100.000,29858.5
1140.724,2251.055,93.6816,100.000,29860.4
1141.224,2251.254,93.6846,100.000,29859.1
1141.224,2251.453,93.6758,100.000,29863.3
1141.724,2251.652,93.6745,100.000,29863.9
1141.724,2251.852,93.6693,100.000,29866.4
1141.724,2252.052,93.6619,100.000,29869.9
1142.224,2252.250,93.6533,100.000,29874.1
1142.224,2252.449,93.6538,100.000,29873.8
1142.724,2252.648,93.6479,100.000,29876.6
1142.724,2252.848,93.6421,100.000,29879.4
1142.724,2253.047,93.6504,100.000,29875.3
1143.224,2253.246,93.6403,100.000,29880.2
1143.225,2253.445,93.6261,100.000,29887.0
1143.724,2253.644,93.6269,100.000,29886.6
1143.724,2253.845,93.6211,100.000,29889.3
1143.724,2254.043,93.6138,100.000,29892.9
1144.224,2254.242,93.6099,100.000,29894.7
1144.224,2254.442,93.6012,100.000,29898.9
1144.724,2254.640,93.6038,100.000,29897.7
1144.724,2254.840,93.5952,100.000,29901.7
1144.724,2255.039,93.5962,100.000,29901.2
1145.224,2255.238,93.5889,100.000,29904.9
1145.224,2255.438,93.5778,100.000,29910.1
1145.724,2255.638,93.5810,100.000,29908.5
1145.724,2255.836,93.5693,100.000,29914.1
1145.724,2256.035,93.5648,100.000,29916.3
1146.224,2256.234,93.5666,100.000,29915.4
1146.224,2256.434,93.5592,100.000,29918.9
1146.724,2256.632,93.5576,100.000,29919.7
1146.724,2256.832,93.5518,100.000,29922.6
1146.724,2257.031,93.5426,100.000,29926.8
1147.224,2257.230,93.5366,100.000,29929.7
1147.224,2257.430,93.5290,100.000,29933.4
1147.724,2257.629,93.5347,100.000,29930.6
1147.724,2257.828,93.5242,100.000,29935.6
1147.724,2258.027,93.5166,100.000,29939.3
1148.224,2258.228,93.5161,100.000,29939.5
1148.224,2258.427,93.5106,100.000,29942.2
1148.724,2258.625,93.4967,100.000,29948.7
1148.724,2258.824,93.4919,100.000,29951.1
1148.724,2259.024,93.4837,100.000,29955.0
1149.224,2259.223,93.4850,100.000,29954.3
1149.224,2259.422,93.4727,100.000,29960.2
1149.724,2259.621,93.4718,100.000,29960.7
1149.724,2259.820,93.4590,100.000,29966.8
1149.724,2260.020,93.4614,100.000,29965.6
1150.224,2260.220,93.4559,100.000,29968.3
1150.224,2260.418,93.4482,100.000,29972.0
1150.224,2260.617,93.4424,100.000,29974.8
1150.724,2260.816,93.4390,100.000,29976.4
1150.724,2261.016,93.4321,100.000,29979.6
1151.224,2261.215,93.4228,100.000,29984.1
1151.224,2261.414,93.4240,100.000,29983.5
1151.224,2261.613,93.4165,100.000,29987.1
1151.724,2261.812,93.4119,100.000,29989.3
1151.724,2262.012,93.4019,100.000,29994.1
1152.224,2262.211,93.4010,100.000,29994.5
1152.224,2262.410,93.3950,100.000,29997.4
1152.224,2262.610,93.3965,100.000,29996.7
1152.724,2262.808,93.3950,100.000,29997.4
1152.724,2263.009,93.3882,100.000,30000.7
1153.224,2263.207,93.3774,100.000,30005.8
1153.224,2263.406,93.3727,100.000,30008.0
1153.224,2263.606,93.3623,100.000,30013.1
1153.724,2263.805,93.3599,100.000,30014.3
1153.724,2264.004,93.3594,100.000,30014.5
1154.224,2264.203,93.3584,100.000,30015.0
1154.224,2264.402,93.3511,100.000,30018.4
1154.224,2264.602,93.3429,100.000,30022.3
1154.724,2264.802,93.3421,100.000,30022.7
1154.724,2265.000,93.3389,100.000,30024.3
1155.224,2265.199,93.3335,100.000,30026.9
1155.224,2265.398,93.3289,100.000,30029.1
1155.224,2265.598,93.3221,100.000,30032.3
1155.724,2265.797,93.3294,100.000,30028.8
1155.725,2265.996,93.3167,100.000,30034.9
1156.224,2266.195,93.3130,100.000,30036.7
1156.224,2266.394,93.3057,100.000,30040.2
1156.224,2266.595,93.2998,100.000,30043.0
1156.724,2266.793,93.2969,100.000,30044.3
1156.724,2266.992,93.2905,100.000,30047.4
1157.224,2267.192,93.2842,100.000,30050.4
1157.224,2267.390,93.2824,100.000,30051.3
1157.224,2267.590,93.2798,100.000,30052.6
1157.724,2267.789,93.2710,100.000,30056.8
1157.724,2267.988,93.2682,100.000,30058.1
1158.224,2268.188,93.2599,100.000,30062.0
1158.224,2268.387,93.2544,100.000,30064.6
1158.224,2268.586,93.2469,100.000,30068.3
1158.724,2268.785,93.2523,100.000,30065.8
1158.724,2268.984,93.2388,100.000,30072.2
1159.224,2269.184,93.2310,100.000,30076.0
1159.224,2269.384,93.2324,100.000,30075.3
1159.224,2269.582,93.2290,100.000,30076.9
1159.724,2269.781,93.2181,100.000,30082.1
1159.725,2269.980,93.2140,100.000,30084.0
1160.224,2270.180,93.2108,100.000,30085.6
1160.224,2270.379,93.2074,100.000,30087.2
1160.224,2270.578,93.2008,100.000,30090.3
1160.724,2270.777,93.1982,100.000,30091.6
1160.724,2270.976,93.1938,100.000,30093.6
1161.224,2271.176,93.1852,100.000,30097.8
1161.224,2271.375,93.1823,100.000,30099.2
1161.224,2271.574,93.1688,100.000,30105.7
1161.724,2271.774,93.1706,100.000,30104.8
1161.724,2271.973,93.1660,100.000,30107.0
1162.224,2272.172,93.1647,100.000,30107.7
1162.224,2272.371,93.1538,100.000,30112.9
1162.224,2272.570,93.1489,100.000,30115.2
1162.724,2272.769,93.1473,100.000,30116.0
1162.724,2272.970,93.1349,100.000,30121.9
1163.224,2273.168,93.1421,100.000,30118.5
1163.224,2273.367,93.1367,100.000,30121.0
1163.224,2273.566,93.1307,100.000,30124.0
1163.724,2273.766,93.1263,100.000,30126.1
1163.724,2273.965,93.1234,100.000,30127.5
1164.224,2274.164,93.1089,100.000,30134.4
1164.224,2274.363,93.1130,100.000,30132.5
1164.224,2274.562,93.1090,100.000,30134.3
1164.724,2274.763,93.1030,100.000,30137.2
1164.724,2274.961,93.1009,100.000,30138.2
1165.224,2275.160,93.0947,100.000,30141.2
1165.224,2275.360,93.0876,100.000,30144.6
1165.224,2275.558,93.0809,100.000,30147.8
1165.724,2275.759,93.0817,100.000,30147.4
1165.724,2275.957,93.0744,100.000,30151.0
1166.224,2276.156,93.0728,100.000,30151.8
1166.224,2276.356,93.0662,100.000,30154.8
1166.224,2276.555,93.0579,100.000,30158.9
1166.724,2276.754,93.0565,100.000,30159.5
1166.724,2276.953,93.0555,100.000,30160.0
1167.224,2277.152,93.0487,100.000,30163.3
1167.224,2277.352,93.0469,100.000,30164.2
1167.224,2277.552,93.0410,100.000,30166.9
1167.724,2277.750,93.0350,100.000,30169.8
1167.724,2277.949,93.0352,100.000,30169.8
1168.224,2278.148,93.0290,100.000,30172.7
1168.224,2278.348,93.0264,100.000,30173.9
1168.224,2278.547,93.0190,100.000,30177.4
1168.724,2278.746,93.0151,100.000,30179.3
1168.724,2278.945,93.0093,100.000,30182.2
1169.224,2279.144,93.0026,100.000,30185.3
1169.224,2279.345,92.9997,100.000,30186.8
1169.224,2279.543,92.9974,100.000,30187.9
1169.724,2279.742,92.9901,100.000,30191.4
1169.724,2279.942,92.9892,100.000,30191.8
1170.224,2280.140,92.9849,100.000,30193.9
1170.224,2280.340,92.9796,100.000,30196.4
1170.224,2280.539,92.9751,100.000,30198.6
1170.724,2280.738,92.9691,100.000,30201.5
1170.724,2280.938,92.9710,100.000,30200.5
1171.224,2281.138,92.9591,100.000,30206.2
1171.224,2281.336,92.9570,100.000,30207.2
1171.224,2281.535,92.9507,100.000,30210.3
1171.724,2281.734,92.9499,100.000,30210.7
1171.724,2281.934,92.9416,100.000,30214.6
1172.224,2282.134,92.9427,100.000,30214.0
1172.224,2282.332,92.9356,100.000,30217.6
1172.224,2282.531,92.9310,100.000,30219.8
1172.724,2282.730,92.9271,100.000,30221.6
1172.724,2282.930,92.9246,100.000,30222.8
1173.224,2283.129,92.9154,100.000,30227.3
1173.224,2283.328,92.9165,100.000,30226.7
1173.224,2283.527,92.9110,100.000,30229.4
1173.724,2283.726,92.9189,100.000,30225.6
1173.724,2283.927,92.9027,100.000,30233.3
1174.224,2284.125,92.9022,100.000,30233.6
1174.224,2284.324,92.8991,100.000,30235.1
1174.224,2284.523,92.8944,100.000,30237.3
1174.724,2284.723,92.8936,100.000,30237.6
1174.724,2284.922,92.8882,100.000,30240.3
1175.224,2285.121,92.8892,100.000,30239.9
1175.224,2285.320,92.8794,100.000,30244.5
1175.224,2285.520,92.8797,100.000,30244.3
1175.724,2285.720,92.8802,100.000,30244.1
1175.724,2285.918,92.8672,100.000,30250.4
1175.724,2286.117,92.8651,100.000,30251.4
1176.224,2286.316,92.8701,100.000,30248.9
1176.224,2286.516,92.8660,100.000,30250.9
1176.724,2286.715,92.8659,100.000,30251.0
1176.724,2286.914,92.8532,100.000,30257.1
1176.724,2287.113,92.8542,100.000,30256.5
1177.224,2287.312,92.8524,100.000,30257.4
1177.224,2287.513,92.8481,100.000,30259.4
1177.724,2287.711,92.8481,100.000,30259.4
1177.724,2287.910,92.8446,100.000,30261.2
1177.724,2288.110,92.8390,100.000,30263.8
1178.224,2288.308,92.8340,100.000,30266.3
1178.224,2288.509,92.8283,100.000,30269.1
1178.724,2288.707,92.8325,100.000,30267.0
1178.724,2288.906,92.8262,100.000,30270.1
1178.724,2289.106,92.8242,100.000,30270.9
1179.224,2289.305,92.8242,100.000,30271.0
1179.224,2289.504,92.8135,100.000,30276.1
1179.724,2289.703,92.8144,100.000,30275.7
1179.724,2289.902,92.8088,100.000,30278.3
1179.724,2290.102,92.8088,100.000,30278.4
1180.224,2290.302,92.8045,100.000,30280.5
1180.224,2290.500,92.8052,100.000,30280.2
1180.724,2290.699,92.7985,100.000,30283.4
1180.724,2290.898,92.7931,100.000,30285.9
1180.724,2291.098,92.7881,100.000,30288.4
1181.224,2291.297,92.7853,100.000,30289.7
1181.224,2291.496,92.7848,100.000,30289.8
1181.724,2291.695,92.7803,100.000,30292.1
1181.724,2291.894,92.7764,100.000,30294.0
1181.724,2292.095,92.7739,100.000,30295.2
1182.224,2292.293,92.7650,100.000,30299.5
1182.224,2292.492,92.7638,100.000,30300.0
1182.724,2292.692,92.7614,100.000,30301.1
1182.724,2292.890,92.7546,100.000,30304.5
1182.724,2293.090,92.7559,100.000,30303.8
1183.224,2293.289,92.7573,100.000,30303.1
1183.224,2293.488,92.7480,100.000,30307.6
1183.724,2293.688,92.7471,100.000,30308.1
1183.724,2293.888,92.7415,100.000,30310.8
1183.724,2294.086,92.7427,100.000,30310.2
1184.224,2294.285,92.7349,100.000,30313.9
1184.224,2294.484,92.7280,100.000,30317.2
1184.724,2294.684,92.7270,100.000,30317.7
1184.724,2294.884,92.7306,100.000,30315.9
1184.724,2295.082,92.7230,100.000,30319.7
1185.224,2295.282,92.7197,100.000,30321.2
1185.224,2295.480,92.7186,100.000,30321.7
1185.724,2295.680,92.7057,100.000,30327.9
1185.724,2295.879,92.7012,100.000,30330.2
1185.724,2296.078,92.6981,100.000,30331.7
1186.224,2296.278,92.6919,100.000,30334.6
1186.224,2296.476,92.6903,100.000,30335.3
1186.724,2296.677,92.6894,100.000,30335.8
1186.724,2296.875,92.6901,100.000,30335.4
1186.724,2297.074,92.6816,100.000,30339.5
1187.224,2297.274,92.6772,100.000,30341.7
1187.224,2297.473,92.6746,100.000,30342.9
1187.724,2297.672,92.6746,100.000,30342.9
1187.724,2297.871,92.6699,100.000,30345.2
1187.724,2298.070,92.6626,100.000,30348.7
1188.224,2298.270,92.6582,100.000,30350.8
1188.224,2298.470,92.6566,100.000,30351.6
1188.724,2298.668,92.6616,100.000,30349.2
1188.724,2298.867,92.6590,100.000,30350.4
1188.724,2299.066,92.6406,100.000,30359.3
1189.320,2299.266,92.6431,100.000,30358.1
1189.320,2299.465,92.6437,100.000,30357.8
1189.321,2299.664,92.6392,100.000,30359.8
1189.816,2299.863,92.6349,100.000,30362.0
1189.816,2300.062,92.6287,100.000,30365.0
1190.248,2300.263,92.6335,100.000,30362.7
1190.249,2300.461,92.6268,100.000,30365.9
1190.819,2300.660,92.6299,100.000,30364.4
1190.819,2300.860,92.6219,100.000,30368.3
1190.819,2301.058,92.6156,100.000,30371.3
1191.322,2301.259,92.6165,100.000,30370.9
1191.322,2301.457,92.6125,100.000,30372.8
1191.322,2301.656,92.6128,100.000,30372.6
1191.817,2301.855,92.6133,100.000,30372.4
1191.817,2302.055,92.6104,100.000,30373.8
1192.231,2302.254,92.6060,100.000,30376.0
1192.231,2302.453,92.6037,100.000,30377.0
1192.824,2302.652,92.6045,100.000,30376.6
1192.824,2302.851,92.5986,100.000,30379.4
1192.824,2303.052,92.5918,100.000,30382.7
1193.316,2303.250,92.5986,100.000,30379.4
1193.316,2303.449,92.5876,100.000,30384.8
1193.317,2303.648,92.5880,100.000,30384.5
1193.822,2303.848,92.5835,100.000,30386.7
1193.822,2304.047,92.5859,100.000,30385.6
1194.321,2304.246,92.5869,100.000,30385.0
1194.321,2304.445,92.5824,100.000,30387.3
1194.321,2304.644,92.5765,100.000,30390.1
1194.757,2304.845,92.5775,100.000,30389.6
1194.757,2305.043,92.5703,100.000,30393.1
1195.322,2305.242,92.5674,100.000,30394.5
1195.322,2305.442,92.5732,100.000,30391.7
1195.322,2305.640,92.5682,100.000,30394.1
1195.817,2305.840,92.5695,100.000,30393.5
1195.818,2306.039,92.5635,100.000,30396.4
1196.321,2306.238,92.5659,100.000,30395.1
1196.322,2306.438,92.5641,100.000,30396.0
1196.322,2306.637,92.5708,100.000,30392.8
1196.816,2306.836,92.5649,100.000,30395.7
1196.817,2307.035,92.5594,100.000,30398.3
1197.257,2307.234,92.5600,100.000,30398.0
1197.257,2307.434,92.5586,100.000,30398.8
1197.257,2307.634,92.5571,100.000,30399.5
1197.819,2307.832,92.5566,100.000,30399.6
1197.820,2308.031,92.5526,100.000,30401.6
1198.321,2308.230,92.5532,100.000,30401.3
1198.321,2308.430,92.5498,100.000,30402.9
1198.321,2308.629,92.5469,100.000,30404.4
1198.821,2308.828,92.5532,100.000,30401.3
1198.821,2309.027,92.5436,100.000,30405.9
1199.240,2309.226,92.5415,100.000,30407.0
1199.241,2309.427,92.5488,100.000,30403.4
1199.241,2309.625,92.5454,100.000,30405.1
1199.821,2309.824,92.5337,100.000,30410.7
1199.821,2310.024,92.5457,100.000,30404.9
1200.321,2310.223,92.5400,100.000,30407.6
1200.322,2310.422,92.5410,100.000,30407.1
1200.322,2310.621,92.5347,100.000,30410.2
1200.820,2310.820,92.5369,100.000,30409.2
1200.820,2311.020,92.5395,100.000,30408.0
1201.263,2311.220,92.5311,100.000,30412.0
1201.263,2311.418,92.5342,100.000,30410.4
1201.264,2311.617,92.5391,100.000,30408.1
1201.822,2311.816,92.5360,100.000,30409.6
1201.822,2312.016,92.5340,100.000,30410.6
1201.822,2312.215,92.5342,100.000,30410.4
1202.322,2312.414,92.5317,100.000,30411.6
1202.322,2312.613,92.5342,100.000,30410.4
1202.820,2312.812,92.5342,100.000,30410.6
1202.820,2313.013,92.5301,100.000,30412.4
1202.820,2313.211,92.5264,100.000,30414.2
1203.323,2313.410,92.5303,100.000,30412.4
1203.323,2313.610,92.5236,100.000,30415.6
1203.807,2313.808,92.5229,100.000,30416.0
1203.807,2314.009,92.5254,100.000,30414.7
1204.319,2314.207,92.5187,100.000,30417.9
1204.319,2314.406,92.5213,100.000,30416.7
1204.320,2314.606,92.5207,100.000,30416.9
1204.820,2314.805,92.5146,100.000,30419.9
1204.820,2315.004,92.5117,100.000,30421.3
1204.820,2315.203,92.5137,100.000,30420.4
1205.320,2315.402,92.5122,100.000,30421.1
1205.320,2315.602,92.5049,100.000,30424.6
1205.820,2315.802,92.5032,100.000,30425.4
1205.820,2316.000,92.5047,100.000,30424.7
1205.820,2316.199,92.5102,100.000,30422.0
1206.298,2316.398,92.5036,100.000,30425.2
1206.298,2316.598,92.4980,100.000,30427.9
1206.819,2316.797,92.4933,100.000,30430.2
1206.819,2316.996,92.4917,100.000,30430.9
1206.819,2317.195,92.4891,100.000,30432.2
1207.320,2317.394,92.4932,100.000,30430.3
1207.320,2317.595,92.4858,100.000,30433.7
1207.819,2317.793,92.4927,100.000,30430.4
1207.820,2317.992,92.4883,100.000,30432.6
1207.820,2318.192,92.4847,100.000,30434.3
1208.223,2318.390,92.4788,100.000,30437.1
1208.224,2318.590,92.4731,100.000,30439.8
1208.819,2318.789,92.4722,100.000,30440.4
1208.819,2318.988,92.4707,100.000,30441.1
1208.819,2319.188,92.4692,100.000,30441.7
1209.321,2319.388,92.4717,100.000,30440.6
1209.321,2319.586,92.4673,100.000,30442.7
1209.820,2319.785,92.4629,100.000,30444.8
1209.820,2319.984,92.4655,100.000,30443.5
1209.820,2320.184,92.4639,100.000,30444.3
1210.320,2320.384,92.4552,100.000,30448.5
1210.320,2320.582,92.4570,100.000,30447.7
1210.807,2320.781,92.4530,100.000,30449.6
1210.807,2320.980,92.4575,100.000,30447.4
1210.807,2321.180,92.4575,100.000,30447.4
1211.318,2321.379,92.4544,100.000,30448.9
1211.319,2321.578,92.4504,100.000,30450.8
1211.817,2321.777,92.4482,100.000,30451.9
1211.817,2321.976,92.4487,100.000,30451.6
1211.817,2322.177,92.4463,100.000,30452.8
1212.321,2322.375,92.4460,100.000,30452.9
1212.322,2322.574,92.4468,100.000,30452.6
1212.822,2322.774,92.4479,100.000,30452.0
1212.822,2322.973,92.4419,100.000,30454.9
1212.823,2323.172,92.4422,100.000,30454.8
1213.232,2323.371,92.4404,100.000,30455.7
1213.232,2323.570,92.4370,100.000,30457.3
1213.815,2323.770,92.4445,100.000,30453.6
1213.815,2323.970,92.4447,100.000,30453.6
1213.815,2324.168,92.4453,100.000,30453.3
1214.321,2324.367,92.4377,100.000,30456.9
1214.321,2324.566,92.4419,100.000,30454.8
1214.815,2324.766,92.4372,100.000,30457.2
1214.815,2324.965,92.4373,100.000,30457.1
1214.815,2325.164,92.4391,100.000,30456.2
1215.319,2325.363,92.4341,100.000,30458.7
1215.319,2325.562,92.4331,100.000,30459.1
1215.798,2325.763,92.4336,100.000,30459.0
1215.798,2325.961,92.4321,100.000,30459.7
1215.798,2326.160,92.4290,100.000,30461.1
1216.319,2326.360,92.4367,100.000,30457.4
1216.319,2326.558,92.4346,100.000,30458.5
1216.724,2326.758,92.4290,100.000,30461.1
1216.724,2326.957,92.4233,100.000,30463.9
1217.223,2327.156,92.4248,100.000,30463.2
1217.224,2327.356,92.4331,100.000,30459.2
1217.224,2327.555,92.4261,100.000,30462.6
1217.724,2327.754,92.4300,100.000,30460.6
1217.724,2327.953,92.4268,100.000,30462.2
1218.224,2328.152,92.4216,100.000,30464.7
1218.224,2328.352,92.4220,100.000,30464.5
1218.224,2328.552,92.4188,100.000,30466.1
1218.725,2328.750,92.4160,100.000,30467.4
1218.725,2328.949,92.4184,100.000,30466.2
1219.224,2329.148,92.4188,100.000,30466.1
1219.224,2329.348,92.4136,100.000,30468.6
1219.224,2329.547,92.4155,100.000,30467.6
1219.727,2329.746,92.4106,100.000,30470.0
1219.727,2329.945,92.4123,100.000,30469.1
1220.224,2330.144,92.4092,100.000,30470.6
1220.224,2330.345,92.4077,100.000,30471.5
1220.225,2330.543,92.4022,100.000,30474.1
1220.723,2330.742,92.4025,100.000,30473.9
1220.724,2330.942,92.4095,100.000,30470.5
1221.224,2331.140,92.3958,100.000,30477.1
1221.224,2331.344,92.3984,100.000,30475.9
1221.224,2331.539,92.3932,100.000,30478.3
1221.724,2331.738,92.3911,100.000,30479.3
1221.724,2331.938,92.3932,100.000,30478.3
1222.224,2332.138,92.3887,100.000,30480.5
1222.224,2332.336,92.3877,100.000,30481.0
1222.224,2332.535,92.3862,100.000,30481.8
1222.724,2332.734,92.3808,100.000,30484.4
1222.724,2332.934,92.3799,100.000,30484.8
1223.224,2333.134,92.3805,100.000,30484.5
1223.224,2333.332,92.3818,100.000,30483.8
1223.224,2333.531,92.3745,100.000,30487.4
1223.724,2333.730,92.3734,100.000,30487.9
1223.725,2333.930,92.3745,100.000,30487.3
1224.224,2334.129,92.3686,100.000,30490.3
1224.224,2334.328,92.3683,100.000,30490.4
1224.224,2334.527,92.3678,100.000,30490.6
1224.723,2334.726,92.3620,100.000,30493.4
1224.724,2334.927,92.3678,100.000,30490.6
1225.224,2335.125,92.3555,100.000,30496.6
1225.224,2335.324,92.3683,100.000,30490.4
1225.224,2335.524,92.3573,100.000,30495.7
1225.724,2335.723,92.3582,100.000,30495.3
1225.725,2335.922,92.3506,100.000,30498.9
1226.224,2336.121,92.3481,100.000,30500.1
1226.224,2336.320,92.3503,100.000,30499.1
1226.225,2336.520,92.3496,100.000,30499.4
1226.724,2336.720,92.3408,100.000,30503.6
1226.725,2336.918,92.3364,100.000,30505.7
1226.725,2337.117,92.3340,100.000,30507.0
1227.224,2337.316,92.3380,100.000,30504.9
1227.224,2337.516,92.3340,100.000,30506.9
1227.724,2337.715,92.3359,100.000,30506.0
1227.724,2337.914,92.3346,100.000,30506.6
1227.724,2338.113,92.3296,100.000,30509.1
1228.224,2338.312,92.3236,100.000,30511.9
1228.224,2338.513,92.3265,100.000,30510.5
1228.724,2338.711,92.3214,100.000,30513.0
1228.725,2338.910,92.3146,100.000,30516.2
1228.725,2339.110,92.3203,100.000,30513.5
1229.224,2339.308,92.3158,100.000,30515.8
1229.224,2339.508,92.3158,100.000,30515.7
1229.724,2339.707,92.3066,100.000,30520.1
1229.724,2339.906,92.3065,100.000,30520.2
1229.724,2340.106,92.3057,100.000,30520.6
1230.223,2340.305,92.3014,100.000,30522.6
1230.224,2340.504,92.2987,100.000,30524.0
1230.724,2340.703,92.2974,100.000,30524.6
1230.724,2340.902,92.2936,100.000,30526.3
1230.724,2341.102,92.2905,100.000,30527.9
1231.223,2341.302,92.2944,100.000,30526.0
1231.224,2341.500,92.2881,100.000,30529.0
1231.724,2341.699,92.2842,100.000,30531.0
1231.724,2341.898,92.2829,100.000,30531.6
1231.724,2342.098,92.2783,100.000,30533.8
1232.224,2342.297,92.2754,100.000,30535.2
1232.225,2342.496,92.2768,100.000,30534.5
1232.723,2342.695,92.2733,100.000,30536.2
1232.724,2342.894,92.2752,100.000,30535.3
1232.724,2343.095,92.2694,100.000,30538.1
1233.224,2343.293,92.2659,100.000,30539.8
1233.224,2343.492,92.2622,100.000,30541.6
1233.724,2343.692,92.2583,100.000,30543.4
1233.724,2343.890,92.2581,100.000,30543.5
1233.724,2344.090,92.2552,100.000,30544.9
1234.224,2344.289,92.2560,100.000,30544.5
1234.225,2344.488,92.2490,100.000,30547.9
1234.724,2344.688,92.2537,100.000,30545.7
1234.724,2344.888,92.2435,100.000,30550.6
1234.724,2345.086,92.2357,100.000,30554.4
1235.224,2345.285,92.2358,100.000,30554.3
1235.224,2345.484,92.2389,100.000,30552.8
1235.724,2345.684,92.2339,100.000,30555.2
1235.724,2345.884,92.2334,100.000,30555.4
1235.724,2346.082,92.2324,100.000,30555.9
1236.224,2346.281,92.2280,100.000,30558.0
1236.224,2346.480,92.2241,100.000,30560.0
1236.724,2346.680,92.2197,100.000,30562.0
1236.724,2346.879,92.2210,100.000,30561.4
1236.724,2347.078,92.2217,100.000,30561.1
1237.224,2347.277,92.2127,100.000,30565.4
1237.224,2347.476,92.2119,100.000,30565.8
1237.723,2347.677,92.2023,100.000,30570.4
1237.724,2347.875,92.2057,100.000,30568.8
1237.724,2348.074,92.2018,100.000,30570.7
1238.224,2348.274,92.1992,100.000,30571.9
1238.224,2348.473,92.2041,100.000,30569.5
1238.723,2348.672,92.1981,100.000,30572.5
1238.724,2348.871,92.1940,100.000,30574.4
1238.724,2349.070,92.1987,100.000,30572.2
1239.223,2349.270,92.1917,100.000,30575.6
1239.223,2349.470,92.1890,100.000,30576.9
1239.723,2349.668,92.1890,100.000,30576.9
1239.724,2349.867,92.1867,100.000,30577.9
1239.724,2350.066,92.1893,100.000,30576.8
1240.223,2350.266,92.1805,100.000,30581.0
1240.224,2350.465,92.1821,100.000,30580.2
1240.723,2350.664,92.1750,100.000,30583.6
1240.724,2350.863,92.1772,100.000,30582.6
1240.724,2351.062,92.1755,100.000,30583.4
1241.223,2351.263,92.1771,100.000,30582.6
1241.224,2351.461,92.1709,100.000,30585.6
1241.724,2351.660,92.1719,100.000,30585.1
1241.724,2351.860,92.1663,100.000,30587.8
1241.724,2352.058,92.1678,100.000,30587.1
1242.223,2352.259,92.1642,100.000,30588.8
1242.224,2352.457,92.1611,100.000,30590.3
1242.724,2352.656,92.1626,100.000,30589.6
1242.724,2352.856,92.1680,100.000,30587.1
1242.724,2353.055,92.1523,100.000,30594.6
1243.223,2353.254,92.1543,100.000,30593.6
1243.224,2353.453,92.1593,100.000,30591.2
1243.723,2353.652,92.1509,100.000,30595.3
1243.724,2353.852,92.1549,100.000,30593.3
1243.724,2354.051,92.1506,100.000,30595.4
1244.223,2354.250,92.1436,100.000,30598.9
1244.224,2354.449,92.1492,100.000,30596.1
1244.723,2354.648,92.1501,100.000,30595.7
1244.724,2354.848,92.1411,100.000,30600.0
1244.724,2355.047,92.1509,100.000,30595.4
1245.223,2355.246,92.1440,100.000,30598.6
1245.224,2355.445,92.1426,100.000,30599.3
1245.723,2355.644,92.1448,100.000,30598.2
1245.724,2355.845,92.1421,100.000,30599.6
1245.724,2356.043,92.1362,100.000,30602.3
1246.224,2356.242,92.1440,100.000,30598.6
1246.224,2356.442,92.1315,100.000,30604.7
1246.723,2356.640,92.1305,100.000,30605.1
1246.724,2356.840,92.1343,100.000,30603.3
1246.724,2357.039,92.1294,100.000,30605.7
1247.223,2357.238,92.1341,100.000,30603.4
1247.224,2357.438,92.1305,100.000,30605.1
1247.723,2357.638,92.1307,100.000,30605.0
1247.724,2357.836,92.1266,100.000,30607.0
1247.724,2358.035,92.1318,100.000,30604.5
1248.223,2358.234,92.1268,100.000,30606.9
1248.224,2358.434,92.1222,100.000,30609.1
1248.723,2358.634,92.1175,100.000,30611.5
1248.724,2358.832,92.1222,100.000,30609.1
1248.724,2359.031,92.1216,100.000,30609.4
1249.224,2359.230,92.1235,100.000,30608.5
1249.224,2359.430,92.1152,100.000,30612.5
1249.724,2359.629,92.1188,100.000,30610.8
1249.724,2359.828,92.1123,100.000,30613.9
1249.724,2360.027,92.1230,100.000,30608.7
1250.223,2360.226,92.1160,100.000,30612.2
1250.224,2360.427,92.1133,100.000,30613.4
1250.724,2360.625,92.1170,100.000,30611.7
1250.724,2360.824,92.1105,100.000,30614.8
1250.724,2361.024,92.1103,100.000,30614.9
1251.223,2361.223,92.1120,100.000,30614.1
1251.224,2361.422,92.1162,100.000,30612.0
1251.724,2361.621,92.1089,100.000,30615.6
1251.724,2361.820,92.1133,100.000,30613.5
1251.724,2362.020,92.1037,100.000,30618.1
1252.223,2362.220,92.1073,100.000,30616.4
1252.223,2362.418,92.1082,100.000,30615.9
1252.223,2362.617,92.1120,100.000,30614.0
1252.724,2362.816,92.1068,100.000,30616.6
1252.724,2363.016,92.1051,100.000,30617.3
1253.223,2363.215,92.1064,100.000,30616.7
1253.223,2363.414,92.1063,100.000,30616.8
1253.223,2363.613,92.1058,100.000,30617.1
1253.723,2363.812,92.1074,100.000,30616.2
1253.724,2364.013,92.1017,100.000,30619.0
1254.223,2364.211,92.1040,100.000,30617.9
1254.223,2364.410,92.1020,100.000,30618.8
1254.224,2364.610,92.1097,100.000,30615.2
1254.723,2364.808,92.0976,100.000,30621.0
1254.724,2365.009,92.1079,100.000,30616.1
1255.223,2365.207,92.1126,100.000,30613.8
1255.224,2365.406,92.1133,100.000,30613.5
1255.224,2365.606,92.1073,100.000,30616.4
1255.723,2365.805,92.1115,100.000,30614.3
1255.724,2366.004,92.1107,100.000,30614.8
1256.223,2366.203,92.1107,100.000,30614.7
1256.223,2366.402,92.1121,100.000,30614.0
1256.223,2366.602,92.1079,100.000,30616.0
1256.723,2366.801,92.1097,100.000,30615.2
1256.723,2367.000,92.1133,100.000,30613.4
1257.223,2367.199,92.1139,100.000,30613.1
1257.223,2367.398,92.1133,100.000,30613.5
1257.223,2367.598,92.1162,100.000,30612.0
1257.724,2367.797,92.1183,100.000,30611.0
1257.724,2367.996,92.1167,100.000,30611.7
1258.223,2368.195,92.1196,100.000,30610.4
1258.224,2368.394,92.1152,100.000,30612.5
1258.224,2368.595,92.1240,100.000,30608.2
1258.723,2368.793,92.1191,100.000,30610.6
1258.723,2368.992,92.1245,100.000,30607.9
1259.223,2369.191,92.1330,100.000,30603.9
1259.224,2369.390,92.1297,100.000,30605.5
1259.224,2369.590,92.1333,100.000,30603.7
1259.723,2369.789,92.1475,100.000,30597.0
1259.724,2369.988,92.1396,100.000,30600.7
1260.223,2370.188,92.1411,100.000,30600.0
1260.224,2370.388,92.1431,100.000,30599.1
1260.224,2370.586,92.1468,100.000,30597.2
1260.723,2370.785,92.1465,100.000,30597.4
1260.723,2370.984,92.1484,100.000,30596.5
1261.223,2371.184,92.1486,100.000,30596.4
1261.223,2371.384,92.1540,100.000,30593.8
1261.223,2371.582,92.1597,100.000,30591.1
1261.723,2371.781,92.1649,100.000,30588.6
1261.723,2371.980,92.1737,100.000,30584.3
1262.224,2372.180,92.1636,100.000,30589.1
1262.225,2372.379,92.1652,100.000,30588.4
1262.225,2372.578,92.1644,100.000,30588.8
1262.723,2372.777,92.1668,100.000,30587.6
1262.724,2372.976,92.1621,100.000,30589.9
1263.224,2373.177,92.1670,100.000,30587.5
1263.225,2373.375,92.1743,100.000,30584.0
1263.225,2373.574,92.1769,100.000,30582.7
1263.723,2373.774,92.1795,100.000,30581.5
1263.724,2373.973,92.1782,100.000,30582.1
1264.224,2374.172,92.1857,100.000,30578.5
1264.224,2374.371,92.1912,100.000,30575.8
1264.224,2374.570,92.1912,100.000,30575.9
1264.723,2374.770,92.1912,100.000,30575.8
1264.724,2374.970,92.1945,100.000,30574.2
1265.224,2375.168,92.1953,100.000,30573.9
1265.224,2375.367,92.2007,100.000,30571.2
1265.224,2375.566,92.1932,100.000,30574.8
1265.723,2375.766,92.2036,100.000,30569.8
1265.724,2375.965,92.2069,100.000,30568.3
1266.224,2376.164,92.2130,100.000,30565.2
1266.224,2376.363,92.2100,100.000,30566.8
1266.224,2376.562,92.2153,100.000,30564.2
1266.723,2376.763,92.2135,100.000,30565.1
1266.723,2376.961,92.2144,100.000,30564.6
1267.224,2377.160,92.2163,100.000,30563.7
1267.224,2377.360,92.2215,100.000,30561.2
1267.224,2377.558,92.2192,100.000,30562.3
1267.723,2377.759,92.2292,100.000,30557.5
1267.723,2377.957,92.2249,100.000,30559.6
1268.224,2378.156,92.2285,100.000,30557.8
1268.225,2378.356,92.2246,100.000,30559.7
1268.225,2378.555,92.2285,100.000,30557.8
1268.723,2378.754,92.2324,100.000,30555.9
1268.724,2378.953,92.2334,100.000,30555.5
1269.224,2379.152,92.2344,100.000,30554.9
1269.224,2379.352,92.2399,100.000,30552.3
1269.224,2379.552,92.2358,100.000,30554.2
1269.723,2379.750,92.2339,100.000,30555.3
1269.724,2379.949,92.2402,100.000,30552.1
1270.224,2380.148,92.2454,100.000,30549.7
1270.224,2380.348,92.2454,100.000,30549.6
1270.224,2380.547,92.2446,100.000,30550.1
1270.723,2380.746,92.2469,100.000,30549.0
1270.724,2380.945,92.2505,100.000,30547.2
1271.223,2381.144,92.2498,100.000,30547.5
1271.224,2381.345,92.2450,100.000,30549.9
1271.224,2381.543,92.2399,100.000,30552.3
1271.723,2381.742,92.2552,100.000,30545.0
1271.724,2381.942,92.2593,100.000,30543.0
1272.224,2382.140,92.2593,100.000,30542.9
1272.225,2382.340,92.2658,100.000,30539.8
1272.225,2382.539,92.2661,100.000,30539.7
1272.724,2382.738,92.2633,100.000,30541.0
1272.725,2382.937,92.2619,100.000,30541.7
1273.224,2383.138,92.2697,100.000,30537.9
1273.225,2383.336,92.2666,100.000,30539.4
1273.225,2383.535,92.2638,100.000,30540.8
1273.724,2383.734,92.2690,100.000,30538.2
1273.724,2383.934,92.2773,100.000,30534.3
1274.223,2384.134,92.2738,100.000,30536.0
1274.224,2384.332,92.2783,100.000,30533.8
1274.224,2384.531,92.2783,100.000,30533.7
1274.724,2384.730,92.2705,100.000,30537.6
1274.724,2384.930,92.2768,100.000,30534.6
1275.224,2385.129,92.2736,100.000,30536.0
1275.224,2385.328,92.2786,100.000,30533.7
1275.224,2385.527,92.2752,100.000,30535.3
1275.724,2385.726,92.2793,100.000,30533.2
1275.725,2385.926,92.2791,100.000,30533.5
1276.223,2386.125,92.2793,100.000,30533.2
1276.223,2386.324,92.2793,100.000,30533.4
1276.223,2386.524,92.2826,100.000,30531.8
1276.724,2386.723,92.2798,100.000,30533.1
1276.724,2386.922,92.2812,100.000,30532.4
1277.224,2387.121,92.2853,100.000,30530.4
1277.225,2387.320,92.2838,100.000,30531.1
1277.225,2387.520,92.2848,100.000,30530.6
1277.724,2387.720,92.2773,100.000,30534.3
1277.724,2387.918,92.2842,100.000,30531.0
1277.724,2388.117,92.2806,100.000,30532.7
1278.223,2388.316,92.2780,100.000,30533.9
1278.223,2388.516,92.2832,100.000,30531.5
1278.724,2388.715,92.2811,100.000,30532.5
1278.724,2388.914,92.2835,100.000,30531.2
1278.724,2389.113,92.2832,100.000,30531.5
1279.223,2389.312,92.2817,100.000,30532.2
1279.223,2389.513,92.2876,100.000,30529.2
1279.724,2389.711,92.2826,100.000,30531.7
1279.725,2389.910,92.2793,100.000,30533.2
1279.725,2390.110,92.2816,100.000,30532.2
1280.223,2390.308,92.2808,100.000,30532.6
1280.223,2390.509,92.2812,100.000,30532.3
1280.723,2390.707,92.2832,100.000,30531.4
1280.723,2390.906,92.2858,100.000,30530.1
1280.724,2391.106,92.2778,100.000,30534.1
1281.224,2391.305,92.2816,100.000,30532.2
1281.224,2391.504,92.2856,100.000,30530.1
1281.724,2391.703,92.2783,100.000,30533.7
1281.724,2391.902,92.2780,100.000,30533.9
1281.724,2392.102,92.2734,100.000,30536.1
1282.224,2392.302,92.2760,100.000,30534.8
1282.224,2392.500,92.2757,100.000,30535.0
1282.723,2392.699,92.2695,100.000,30538.1
1282.724,2392.898,92.2739,100.000,30535.9
1282.724,2393.098,92.2756,100.000,30535.1
1283.223,2393.297,92.2738,100.000,30535.9
1283.223,2393.496,92.2686,100.000,30538.6
1283.723,2393.695,92.2672,100.000,30539.1
1283.723,2393.894,92.2689,100.000,30538.3
1283.723,2394.095,92.2690,100.000,30538.3
1284.223,2394.293,92.2650,100.000,30540.2
1284.223,2394.492,92.2622,100.000,30541.6
1284.723,2394.691,92.2580,100.000,30543.6
1284.723,2394.890,92.2564,100.000,30544.3
1284.723,2395.090,92.2607,100.000,30542.3
1285.223,2395.289,92.2588,100.000,30543.2
1285.223,2395.488,92.2653,100.000,30540.1
1285.723,2395.688,92.2663,100.000,30539.6
1285.723,2395.888,92.2593,100.000,30543.0
1285.723,2396.086,92.2564,100.000,30544.3
1286.223,2396.285,92.2633,100.000,30541.0
1286.223,2396.484,92.2607,100.000,30542.2
1286.723,2396.684,92.2552,100.000,30545.0
1286.724,2396.884,92.2544,100.000,30545.3
1286.724,2397.082,92.2601,100.000,30542.6
1287.223,2397.281,92.2493,100.000,30547.8
1287.223,2397.480,92.2464,100.000,30549.1
1287.724,2397.680,92.2479,100.000,30548.5
1287.724,2397.879,92.2380,100.000,30553.2
1287.724,2398.078,92.2384,100.000,30553.0
1288.224,2398.277,92.2352,100.000,30554.6
1288.224,2398.476,92.2445,100.000,30550.1
1288.724,2398.677,92.2360,100.000,30554.2
1288.724,2398.875,92.2326,100.000,30555.8
1288.724,2399.074,92.2358,100.000,30554.3
1289.224,2399.274,92.2293,100.000,30557.4
1289.224,2399.473,92.2303,100.000,30556.9
1289.724,2399.672,92.2249,100.000,30559.6
1289.724,2399.871,92.2231,100.000,30560.3
1289.724,2400.070,92.2176,100.000,30563.1
1290.224,2400.270,92.2249,100.000,30559.6
1290.224,2400.470,92.2090,100.000,30567.2
1290.724,2400.668,92.2222,100.000,30560.9
1290.724,2400.867,92.2101,100.000,30566.7
1290.724,2401.066,92.2196,100.000,30562.2
1291.224,2401.266,92.2093,100.000,30567.1
1291.224,2401.465,92.2090,100.000,30567.3
1291.724,2401.664,92.2002,100.000,30571.5
1291.724,2401.863,92.1990,100.000,30572.1
1291.724,2402.062,92.1927,100.000,30575.1
1292.224,2402.262,92.1802,100.000,30581.1
1292.224,2402.461,92.1927,100.000,30575.0
1292.723,2402.660,92.1810,100.000,30580.8
1292.723,2402.860,92.1787,100.000,30581.8
1292.723,2403.058,92.1782,100.000,30582.1
1293.223,2403.259,92.1782,100.000,30582.1
1293.223,2403.457,92.1709,100.000,30585.6
1293.723,2403.656,92.1662,100.000,30587.9
1293.723,2403.856,92.1667,100.000,30587.7
1293.723,2404.055,92.1621,100.000,30589.8
1294.223,2404.254,92.1699,100.000,30586.1
1294.223,2404.454,92.1588,100.000,30591.4
1294.723,2404.652,92.1574,100.000,30592.1
1294.723,2404.852,92.1501,100.000,30595.7
1294.723,2405.052,92.1470,100.000,30597.2
1295.223,2405.250,92.1440,100.000,30598.6
1295.223,2405.449,92.1465,100.000,30597.4
1295.724,2405.648,92.1475,100.000,30596.9
1295.724,2405.848,92.1421,100.000,30599.5
1295.724,2406.047,92.1388,100.000,30601.1
1296.223,2406.246,92.1406,100.000,30600.2
1296.223,2406.445,92.1436,100.000,30598.9
1296.723,2406.644,92.1328,100.000,30604.1
1296.723,2406.844,92.1375,100.000,30601.7
1296.723,2407.043,92.1230,100.000,30608.7
1297.223,2407.242,92.1340,100.000,30603.5
1297.223,2407.442,92.1201,100.000,30610.2
1297.723,2407.640,92.1248,100.000,30607.9
1297.723,2407.840,92.1206,100.000,30609.9
1297.723,2408.039,92.1172,100.000,30611.6
1298.223,2408.238,92.1178,100.000,30611.3
1298.223,2408.438,92.1198,100.000,30610.3
1298.723,2408.638,92.1103,100.000,30614.9
1298.723,2408.836,92.1133,100.000,30613.4
1298.724,2409.035,92.1102,100.000,30615.0
1299.223,2409.234,92.1136,100.000,30613.2
1299.223,2409.434,92.1170,100.000,30611.6
1299.723,2409.634,92.1115,100.000,30614.3
1299.723,2409.832,92.1058,100.000,30617.1
1299.723,2410.031,92.1152,100.000,30612.5
1300.223,2410.230,92.1201,100.000,30610.2
1300.223,2410.430,92.1186,100.000,30610.9
1300.723,2410.629,92.1130,100.000,30613.6
1300.723,2410.828,92.1102,100.000,30615.0
1300.724,2411.027,92.1172,100.000,30611.6
1301.223,2411.226,92.1139,100.000,30613.1
1301.223,2411.427,92.1058,100.000,30617.0
1301.723,2411.625,92.1133,100.000,30613.5
1301.723,2411.824,92.1089,100.000,30615.6
1301.723,2412.024,92.1082,100.000,30615.9
1302.223,2412.222,92.1108,100.000,30614.6
1302.223,2412.422,92.1090,100.000,30615.5
1302.723,2412.621,92.0996,100.000,30620.0
1302.723,2412.820,92.0991,100.000,30620.3
1302.723,2413.020,92.0889,100.000,30625.3
1303.223,2413.220,92.0882,100.000,30625.6
1303.223,2413.418,92.0996,100.000,30620.0
1303.223,2413.617,92.0920,100.000,30623.7
1303.723,2413.816,92.0908,100.000,30624.4
1303.723,2414.016,92.0913,100.000,30624.0
1304.223,2414.215,92.0959,100.000,30621.8
1304.223,2414.414,92.0915,100.000,30624.0
1304.223,2414.613,92.0947,100.000,30622.4
1304.724,2414.812,92.0986,100.000,30620.6
1304.724,2415.013,92.0894,100.000,30625.0
1305.224,2415.211,92.0903,100.000,30624.6
1305.224,2415.410,92.0837,100.000,30627.8
1305.224,2415.610,92.0933,100.000,30623.2
1305.724,2415.808,92.0915,100.000,30624.0
1305.724,2416.009,92.0991,100.000,30620.2
1306.224,2416.207,92.0988,100.000,30620.5
1306.224,2416.406,92.0936,100.000,30623.0
1306.224,2416.606,92.0947,100.000,30622.4
1306.724,2416.805,92.0967,100.000,30621.5
1306.724,2417.004,92.0910,100.000,30624.2
1307.223,2417.203,92.0942,100.000,30622.7
1307.224,2417.402,92.0905,100.000,30624.5
1307.224,2417.602,92.0895,100.000,30624.9
1307.724,2417.802,92.0835,100.000,30627.8
1307.724,2418.000,92.0869,100.000,30626.2
1308.224,2418.199,92.0895,100.000,30624.9
1308.224,2418.398,92.0809,100.000,30629.1
1308.224,2418.598,92.0806,100.000,30629.3
1308.724,2418.797,92.0791,100.000,30630.0
1308.724,2418.996,92.0705,100.000,30634.1
1309.226,2419.195,92.0718,100.000,30633.4
1309.226,2419.394,92.0749,100.000,30631.9
1309.226,2419.595,92.0635,100.000,30637.5
1309.725,2419.793,92.0669,100.000,30635.9
1309.725,2419.992,92.0622,100.000,30638.1
1310.223,2420.192,92.0576,100.000,30640.3
1310.223,2420.390,92.0535,100.000,30642.3
1310.223,2420.590,92.0493,100.000,30644.4
1310.726,2420.789,92.0470,100.000,30645.4
1310.726,2420.988,92.0467,100.000,30645.6
1311.227,2421.188,92.0363,100.000,30650.6
1311.227,2421.387,92.0342,100.000,30651.6
1311.227,2421.586,92.0275,100.000,30654.9
1311.726,2421.785,92.0238,100.000,30656.7
1311.726,2421.984,92.0197,100.000,30658.6
1312.224,2422.184,92.0148,100.000,30661.0
1312.224,2422.384,92.0132,100.000,30661.8
1312.224,2422.582,92.0049,100.000,30665.8
1312.724,2422.781,92.0020,100.000,30667.2
1312.724,2422.980,92.0021,100.000,30667.1
1313.224,2423.180,91.9899,100.000,30673.0
1313.225,2423.379,91.9751,100.000,30680.3
1313.225,2423.578,91.9805,100.000,30677.7
1313.724,2423.777,91.9718,100.000,30681.8
1313.724,2423.976,91.9689,100.000,30683.2
1314.224,2424.177,91.9606,100.000,30687.2
1314.224,2424.375,91.9504,100.000,30692.2
1314.224,2424.574,91.9429,100.000,30695.8
1314.724,2424.774,91.9424,100.000,30696.1
1314.724,2424.973,91.9282,100.000,30702.9
1315.224,2425.172,91.9224,100.000,30705.6
1315.224,2425.371,91.9147,100.000,30709.4
1315.224,2425.570,91.8986,100.000,30717.3
1315.724,2425.770,91.8953,100.000,30718.8
1315.724,2425.970,91.8822,100.000,30725.2
1316.224,2426.168,91.8809,100.000,30725.8
1316.224,2426.367,91.8678,100.000,30732.1
1316.225,2426.566,91.8589,100.000,30736.4
1316.724,2426.766,91.8525,100.000,30739.5
1316.724,2426.965,91.8480,100.000,30741.7
1317.224,2427.164,91.8481,100.000,30741.6
1317.224,2427.363,91.8327,100.000,30749.1
1317.224,2427.562,91.8283,100.000,30751.2
1317.724,2427.763,91.8117,100.000,30759.3
1317.724,2427.961,91.8102,100.000,30760.0
1318.224,2428.160,91.8018,100.000,30764.0
1318.224,2428.360,91.7935,100.000,30768.1
1318.224,2428.558,91.7842,100.000,30772.6
1318.724,2428.759,91.7731,100.000,30777.9
1318.724,2428.957,91.7544,100.000,30787.0
1319.224,2429.156,91.7397,100.000,30794.1
1319.224,2429.356,91.7446,100.000,30791.7
1319.224,2429.555,91.7305,100.000,30798.7
1319.724,2429.754,91.7249,100.000,30801.3
1319.724,2429.953,91.7104,100.000,30808.4
1320.224,2430.152,91.6977,100.000,30814.5
1320.224,2430.352,91.6894,100.000,30818.5
1320.224,2430.552,91.6758,100.000,30825.1
1320.724,2430.750,91.6704,100.000,30827.8
1320.724,2430.949,91.6592,100.000,30833.1
1321.224,2431.148,91.6499,100.000,30837.7
1321.224,2431.348,91.6279,100.000,30848.2
1321.224,2431.547,91.6245,100.000,30850.0
1321.723,2431.746,91.6157,100.000,30854.1
1321.724,2431.945,91.5962,100.000,30863.7
1322.224,2432.144,91.5768,100.000,30873.1
1322.224,2432.345,91.5693,100.000,30876.7
1322.224,2432.543,91.5571,100.000,30882.6
1322.724,2432.742,91.5478,100.000,30887.1
1322.724,2432.942,91.5408,100.000,30890.5
1323.224,2433.140,91.5226,100.000,30899.4
1323.224,2433.340,91.5042,100.000,30908.3
1323.225,2433.539,91.4961,100.000,30912.2
1323.723,2433.738,91.4922,100.000,30914.2
1323.724,2433.937,91.4816,100.000,30919.2
1324.224,2434.138,91.4678,100.000,30925.9
1324.224,2434.336,91.4546,100.000,30932.3
1324.225,2434.535,91.4419,100.000,30938.5
1324.724,2434.734,91.4238,100.000,30947.2
1324.724,2434.934,91.4129,100.000,30952.6
1325.223,2435.134,91.3989,100.000,30959.4
1325.224,2435.332,91.3815,100.000,30967.8
1325.224,2435.531,91.3714,100.000,30972.7
1325.724,2435.730,91.3504,100.000,30982.9
1325.725,2435.930,91.3379,100.000,30988.9
1326.224,2436.129,91.3276,100.000,30993.9
1326.224,2436.328,91.3140,100.000,31000.6
1326.224,2436.527,91.3092,100.000,31002.9
1326.724,2436.726,91.2982,100.000,31008.3
1326.724,2436.927,91.2764,100.000,31018.9
1327.224,2437.125,91.2669,100.000,31023.5
1327.224,2437.324,91.2560,100.000,31028.8
1327.225,2437.524,91.2380,100.000,31037.6
1327.724,2437.723,91.2243,100.000,31044.2
1327.724,2437.922,91.2212,100.000,31045.7
1328.224,2438.121,91.2026,100.000,31054.7
1328.224,2438.320,91.1779,100.000,31066.8
1328.224,2438.520,91.1738,100.000,31068.7
1328.724,2438.720,91.1610,100.000,31075.0
1328.724,2438.918,91.1450,100.000,31082.7
1328.724,2439.117,91.1278,100.000,31091.1
1329.224,2439.316,91.1128,100.000,31098.5
1329.224,2439.516,91.0952,100.000,31107.0
1329.724,2439.715,91.0807,100.000,31114.0
1329.724,2439.914,91.0721,100.000,31118.2
1329.724,2440.113,91.0552,100.000,31126.5
1330.224,2440.312,91.0404,100.000,31133.7
1330.224,2440.513,91.0283,100.000,31139.5
1330.723,2440.711,91.0169,100.000,31145.1
1330.724,2440.910,91.0042,100.000,31151.3
1330.724,2441.110,90.9873,100.000,31159.4
1331.224,2441.308,90.9743,100.000,31165.8
1331.224,2441.509,90.9569,100.000,31174.3
1331.724,2441.707,90.9541,100.000,31175.7
1331.724,2441.906,90.9311,100.000,31186.8
1331.724,2442.106,90.9292,100.000,31187.8
1332.224,2442.305,90.9066,100.000,31198.8
1332.224,2442.504,90.9023,100.000,31200.8
1332.724,2442.704,90.8784,100.000,31212.6
1332.724,2442.902,90.8690,100.000,31217.1
1332.724,2443.102,90.8520,100.000,31225.3
1333.224,2443.302,90.8389,100.000,31231.8
1333.224,2443.500,90.8281,100.000,31237.0
1333.724,2443.699,90.8156,100.000,31243.2
1333.724,2443.898,90.8053,100.000,31248.1
1333.724,2444.098,90.7850,100.000,31258.0
1334.224,2444.297,90.7757,100.000,31262.6
1334.224,2444.496,90.7700,100.000,31265.3
1334.724,2444.695,90.7451,100.000,31277.6
1334.724,2444.894,90.7352,100.000,31282.4
1334.724,2445.095,90.7262,100.000,31286.7
1335.224,2445.293,90.7109,100.000,31294.2
1335.224,2445.492,90.7005,100.000,31299.3
1335.724,2445.692,90.6862,100.000,31306.2
1335.724,2445.890,90.6777,100.000,31310.4
1335.724,2446.090,90.6587,100.000,31319.6
1336.224,2446.289,90.6497,100.000,31324.0
1336.224,2446.488,90.6427,100.000,31327.4
1336.723,2446.688,90.6282,100.000,31334.6
1336.724,2446.888,90.6016,100.000,31347.5
1336.724,2447.086,90.5864,100.000,31354.9
1337.223,2447.285,90.5747,100.000,31360.7
1337.224,2447.484,90.5609,100.000,31367.4
1337.724,2447.684,90.5449,100.000,31375.2
1337.724,2447.884,90.5378,100.000,31378.7
1337.724,2448.082,90.5190,100.000,31387.8
1338.224,2448.281,90.5114,100.000,31391.6
1338.224,2448.482,90.5005,100.000,31396.9
1338.724,2448.680,90.4844,100.000,31404.9
1338.724,2448.879,90.4793,100.000,31407.3
1338.724,2449.078,90.4673,100.000,31413.1
1339.224,2449.277,90.4552,100.000,31419.0
1339.224,2449.476,90.4414,100.000,31425.7
1339.724,2449.677,90.4341,100.000,31429.4
1339.724,2449.875,90.4196,100.000,31436.4
1339.724,2450.074,90.4092,100.000,31441.5
1340.224,2450.274,90.3971,100.000,31447.4
1340.224,2450.473,90.3874,100.000,31452.2
1340.724,2450.672,90.3711,100.000,31460.2
1340.724,2450.871,90.3540,100.000,31468.6
1340.724,2451.070,90.3503,100.000,31470.3
1341.224,2451.269,90.3354,100.000,31477.6
1341.224,2451.470,90.3211,100.000,31484.6
1341.724,2451.668,90.3166,100.000,31486.8
1341.724,2451.867,90.2943,100.000,31497.8
1341.725,2452.066,90.2832,100.000,31503.2
1342.224,2452.266,90.2746,100.000,31507.4
1342.224,2452.465,90.2593,100.000,31514.8
1342.724,2452.664,90.2524,100.000,31518.2
1342.724,2452.863,90.2342,100.000,31527.1
1342.724,2453.062,90.2233,100.000,31532.5
1343.224,2453.263,90.2098,100.000,31539.1
1343.224,2453.461,90.2025,100.000,31542.7
1343.724,2453.660,90.1870,100.000,31550.3
1343.724,2453.860,90.1792,100.000,31554.0
1343.725,2454.058,90.1707,100.000,31558.2
1344.224,2454.258,90.1572,100.000,31564.8
1344.224,2454.457,90.1452,100.000,31570.7
1344.724,2454.656,90.1270,100.000,31579.6
1344.724,2454.856,90.1224,100.000,31581.9
1344.725,2455.055,90.1147,100.000,31585.6
1345.223,2455.254,90.0980,100.000,31593.8
1345.223,2455.453,90.0793,100.000,31602.9
1345.723,2455.652,90.0685,100.000,31608.2
1345.723,2455.852,90.0557,100.000,31614.6
1345.723,2456.052,90.0405,100.000,31622.0
1346.223,2456.250,90.0236,100.000,31630.2
1346.223,2456.449,90.0083,100.000,31637.8
1346.723,2456.648,90.0015,100.000,31641.1
1346.723,2456.848,89.9834,100.000,31649.9
1346.723,2457.047,89.9673,100.000,31657.9
1347.224,2457.246,89.9549,100.000,31664.0
1347.224,2457.445,89.9477,100.000,31667.5
1347.723,2457.644,89.9414,100.000,31670.5
1347.724,2457.845,89.9300,100.000,31676.2
1347.724,2458.043,89.9277,100.000,31677.2
1348.223,2458.242,89.9216,100.000,31680.3
1348.224,2458.442,89.9253,100.000,31678.4
1348.723,2458.640,89.9191,100.000,31681.4
1348.724,2458.840,89.9128,100.000,31684.6
1348.724,2459.039,89.9185,100.000,31681.8
1349.223,2459.238,89.9326,100.000,31674.9
1349.223,2459.438,89.9324,100.000,31674.9
1349.723,2459.638,89.9408,100.000,31670.8
1349.724,2459.836,89.9507,100.000,31666.1
1349.724,2460.035,89.9565,100.000,31663.1
1350.224,2460.234,89.9598,100.000,31661.6
1350.224,2460.434,89.9757,100.000,31653.7
1350.724,2460.634,89.9790,100.000,31652.1
1350.725,2460.832,89.9915,100.000,31645.9
1350.725,2461.031,90.0073,100.000,31638.2
1351.224,2461.230,90.0164,100.000,31633.7
1351.224,2461.430,90.0280,100.000,31628.1
1351.724,2461.629,90.0420,100.000,31621.3
1351.724,2461.828,90.0646,100.000,31610.1
1351.724,2462.027,90.0798,100.000,31602.7
1352.224,2462.226,90.0874,100.000,31599.0
1352.224,2462.427,90.1060,100.000,31589.8
1352.724,2462.625,90.1152,100.000,31585.3
1352.724,2462.824,90.1393,100.000,31573.5
1352.725,2463.024,90.1642,100.000,31561.4
1353.224,2463.223,90.1768,100.000,31555.3
1353.224,2463.422,90.1758,100.000,31555.7
1353.724,2463.621,90.2116,100.000,31538.2
1353.724,2463.820,90.2218,100.000,31533.1
1353.724,2464.020,90.2464,100.000,31521.2
1354.224,2464.220,90.2585,100.000,31515.2
1354.224,2464.418,90.2770,100.000,31506.2
1354.225,2464.617,90.3071,100.000,31491.4
1354.724,2464.816,90.3158,100.000,31487.2
1354.724,2465.016,90.3462,100.000,31472.4
1355.224,2465.215,90.3602,100.000,31465.5
1355.224,2465.414,90.3857,100.000,31452.9
1355.225,2465.613,90.4116,100.000,31440.3
1355.724,2465.812,90.4289,100.000,31431.9
1355.724,2466.013,90.4516,100.000,31420.8
1356.224,2466.211,90.4691,100.000,31412.2
1356.224,2466.410,90.4696,100.000,31412.1
1356.225,2466.610,90.4980,100.000,31398.1
1356.724,2466.808,90.5088,100.000,31392.8
1356.724,2467.008,90.5272,100.000,31383.9
1357.224,2467.207,90.5391,100.000,31378.2
1357.224,2467.406,90.5527,100.000,31371.4
1357.225,2467.606,90.5700,100.000,31363.0
1357.724,2467.805,90.5763,100.000,31359.9
1357.724,2468.004,90.5957,100.000,31350.4
1358.224,2468.203,90.6069,100.000,31344.9
1358.224,2468.402,90.6167,100.000,31340.2
1358.225,2468.602,90.6307,100.000,31333.3
1358.724,2468.802,90.6322,100.000,31332.6
1358.724,2469.000,90.6541,100.000,31321.9
1359.224,2469.199,90.6559,100.000,31321.0
1359.224,2469.398,90.6743,100.000,31312.1
1359.225,2469.598,90.6841,100.000,31307.2
1359.724,2469.797,90.6855,100.000,31306.6
1359.724,2469.996,90.6992,100.000,31299.9
1360.224,2470.195,90.7016,100.000,31298.7
1360.224,2470.394,90.7100,100.000,31294.7
1360.224,2470.595,90.7231,100.000,31288.2
1360.724,2470.793,90.7340,100.000,31282.9
1360.724,2470.992,90.7484,100.000,31275.9
1361.224,2471.192,90.7560,100.000,31272.2
1361.224,2471.390,90.7529,100.000,31273.8
1361.225,2471.590,90.7564,100.000,31272.0
1361.724,2471.789,90.7606,100.000,31270.0
1361.724,2471.988,90.7744,100.000,31263.2
1362.224,2472.188,90.7912,100.000,31255.0
1362.224,2472.388,90.7895,100.000,31255.9
1362.224,2472.586,90.8006,100.000,31250.4
1362.724,2472.785,90.8071,100.000,31247.2
1362.724,2472.984,90.8074,100.000,31247.1
1363.224,2473.184,90.8265,100.000,31237.9
1363.224,2473.384,90.8255,100.000,31238.3
1363.225,2473.582,90.8237,100.000,31239.1
1363.724,2473.781,90.8341,100.000,31234.1
1363.724,2473.980,90.8437,100.000,31229.5
1364.224,2474.180,90.8475,100.000,31227.6
1364.224,2474.379,90.8550,100.000,31223.9
1364.225,2474.579,90.8584,100.000,31222.3
1364.724,2474.777,90.8636,100.000,31219.7
1364.725,2474.976,90.8647,100.000,31219.1
1365.224,2475.177,90.8763,100.000,31213.5
1365.224,2475.375,90.8818,100.000,31210.8
1365.224,2475.576,90.8945,100.000,31204.6
1365.724,2475.774,90.8825,100.000,31210.5
1365.724,2475.973,90.8900,100.000,31206.9
1366.224,2476.172,90.9056,100.000,31199.2
1366.224,2476.371,90.9111,100.000,31196.6
1366.225,2476.570,90.9032,100.000,31200.5
1366.724,2476.770,90.9139,100.000,31195.3
1366.724,2476.970,90.9113,100.000,31196.5
1367.224,2477.168,90.9246,100.000,31190.0
1367.224,2477.367,90.9248,100.000,31189.9
1367.225,2477.566,90.9274,100.000,31188.6
1367.724,2477.766,90.9355,100.000,31184.7
1367.724,2477.965,90.9282,100.000,31188.2
1368.224,2478.164,90.9359,100.000,31184.6
1368.224,2478.363,90.9367,100.000,31184.1
1368.224,2478.562,90.9269,100.000,31188.9
1368.724,2478.763,90.9469,100.000,31179.1
1368.725,2478.961,90.9517,100.000,31176.8
1369.224,2479.160,90.9495,100.000,31177.8
1369.224,2479.360,90.9548,100.000,31175.3
1369.224,2479.558,90.9477,100.000,31178.8
1369.724,2479.759,90.9574,100.000,31174.1
1369.724,2479.957,90.9590,100.000,31173.2
1370.224,2480.156,90.9630,100.000,31171.3
1370.224,2480.356,90.9603,100.000,31172.7
1370.224,2480.555,90.9666,100.000,31169.5
1370.724,2480.754,90.9578,100.000,31173.9
1370.725,2480.953,90.9688,100.000,31168.5
1371.224,2481.152,90.9704,100.000,31167.7
1371.224,2481.352,90.9702,100.000,31167.8
1371.224,2481.552,90.9795,100.000,31163.2
1371.724,2481.750,90.9735,100.000,31166.3
1371.724,2481.949,90.9748,100.000,31165.6
1372.224,2482.148,90.9863,100.000,31159.9
1372.224,2482.348,90.9829,100.000,31161.7
1372.224,2482.547,90.9901,100.000,31158.1
1372.724,2482.746,90.9870,100.000,31159.6
1372.724,2482.945,90.9956,100.000,31155.4
1373.224,2483.144,90.9866,100.000,31159.8
1373.224,2483.345,90.9873,100.000,31159.5
1373.224,2483.543,90.9946,100.000,31155.9
1373.724,2483.742,90.9907,100.000,31157.8
1373.725,2483.942,90.9966,100.000,31155.0
1374.224,2484.140,90.9976,100.000,31154.5
1374.224,2484.340,90.9925,100.000,31157.0
1374.224,2484.539,90.9892,100.000,31158.6
1374.724,2484.738,90.9971,100.000,31154.7
1374.724,2484.938,91.0047,100.000,31151.0
1375.224,2485.138,91.0991,100.000,31105.1
1375.224,2485.336,91.0249,100.000,31141.2
1375.224,2485.535,91.0254,100.000,31140.9
1375.724,2485.734,91.0156,100.000,31145.6
1375.724,2485.934,91.0117,100.000,31147.6
1376.224,2486.134,91.0256,100.000,31140.8
1376.224,2486.332,91.0244,100.000,31141.5
1376.225,2486.531,91.0166,100.000,31145.2
1376.724,2486.730,91.0168,100.000,31145.2
1376.724,2486.930,91.0186,100.000,31144.2
1377.224,2487.129,91.0448,100.000,31131.6
1377.224,2487.328,91.0459,100.000,31131.0
1377.224,2487.527,91.0338,100.000,31136.9
1377.724,2487.726,91.0368,100.000,31135.4
1377.724,2487.927,91.0620,100.000,31123.1
1378.224,2488.125,91.0644,100.000,31121.9
1378.224,2488.324,91.0630,100.000,31122.6
1378.225,2488.523,91.0640,100.000,31122.2
1378.724,2488.723,91.0555,100.000,31126.3
1378.724,2488.922,91.0452,100.000,31131.2
1379.224,2489.121,91.0392,100.000,31134.2
1379.224,2489.320,91.0358,100.000,31135.9
1379.225,2489.520,91.0749,100.000,31116.9
1379.723,2489.720,91.0068,100.000,31150.0
1379.723,2489.918,90.9953,100.000,31155.6
1379.724,2490.117,90.9966,100.000,31154.9
1380.224,2490.316,90.9785,100.000,31163.8
1380.224,2490.516,90.9598,100.000,31172.9
1380.724,2490.715,90.9357,100.000,31184.6
1380.724,2490.914,90.9150,100.000,31194.7
1380.725,2491.113,90.9136,100.000,31195.4
1381.223,2491.312,90.9141,100.000,31195.1
1381.223,2491.512,90.9178,100.000,31193.4
1381.724,2491.711,90.8939,100.000,31205.0
1381.724,2491.910,90.8994,100.000,31202.2
1381.725,2492.110,90.8852,100.000,31209.2
1382.224,2492.308,90.8589,100.000,31222.0
1382.224,2492.509,90.8540,100.000,31224.4
1382.724,2492.707,90.8374,100.000,31232.6
1382.724,2492.906,90.8247,100.000,31238.7
1382.725,2493.106,90.8091,100.000,31246.2
1383.224,2493.305,90.8022,100.000,31249.6
1383.224,2493.504,90.7786,100.000,31261.2
1383.724,2493.703,90.7668,100.000,31266.9
1383.724,2493.902,90.7412,100.000,31279.3
1383.724,2494.101,90.7184,100.000,31290.5
1384.224,2494.302,90.6987,100.000,31300.1
1384.224,2494.500,90.6764,100.000,31311.0
1384.724,2494.699,90.6507,100.000,31323.6
1384.724,2494.898,90.6178,100.000,31339.7
1384.724,2495.098,90.5762,100.000,31359.9
1385.224,2495.297,90.5488,100.000,31373.3
1385.224,2495.496,90.5182,100.000,31388.2
1385.724,2495.695,90.4775,100.000,31408.1
1385.724,2495.894,90.4414,100.000,31425.8
1385.724,2496.095,90.4126,100.000,31439.8
1386.224,2496.293,90.3730,100.000,31459.2
1386.224,2496.492,90.3276,100.000,31481.4
1386.724,2496.692,90.2700,100.000,31509.5
1386.724,2496.890,90.2422,100.000,31523.3
1386.724,2497.090,90.1945,100.000,31546.5
1387.224,2497.289,90.1576,100.000,31564.7
1387.224,2497.488,90.1084,100.000,31588.7
1387.723,2497.688,90.0708,100.000,31607.2
1387.723,2497.888,90.0293,100.000,31627.5
1387.723,2498.086,89.9785,100.000,31652.3
1388.224,2498.285,89.9359,100.000,31673.3
1388.224,2498.484,89.8916,100.000,31694.9
1388.724,2498.684,89.8369,100.000,31721.8
1388.724,2498.884,89.7930,100.000,31743.3
1388.724,2499.082,89.7521,100.000,31763.4
1389.224,2499.281,89.7026,100.000,31787.8
1389.224,2499.480,89.6689,100.000,31804.2
1389.724,2499.680,89.6268,100.000,31824.9
1389.724,2499.879,89.5591,100.000,31858.3
1389.724,2500.078,89.5223,100.000,31876.3
1390.224,2500.278,89.4757,100.000,31899.2
1390.224,2500.476,89.4375,100.000,31918.1
1390.724,2500.677,89.4146,100.000,31929.3
1390.724,2500.875,89.3808,100.000,31945.9
1390.725,2501.074,89.3376,100.000,31967.2
1391.223,2501.274,89.2966,100.000,31987.3
1391.224,2501.472,89.2677,100.000,32001.6
1391.723,2501.672,89.2410,100.000,32014.7
1391.724,2501.871,89.1987,100.000,32035.6
1391.724,2502.070,89.1737,100.000,32047.9
1392.223,2502.270,89.1416,100.000,32063.7
1392.224,2502.470,89.1131,100.000,32077.8
1392.723,2502.668,89.0832,100.000,32092.5
1392.724,2502.867,89.0527,100.000,32107.5
1392.724,2503.066,89.0190,100.000,32124.1
1393.223,2503.266,88.9796,100.000,32143.6
1393.223,2503.465,88.9508,100.000,32157.8
1393.723,2503.664,88.9204,100.000,32172.8
1393.723,2503.863,88.8984,100.000,32183.7
1393.724,2504.062,88.8545,100.000,32205.3
1394.225,2504.262,88.8315,100.000,32216.7
1394.225,2504.461,88.7993,100.000,32232.6
1394.723,2504.660,88.7669,100.000,32248.6
1394.723,2504.860,88.7440,100.000,32259.9
1394.723,2505.058,88.7031,100.000,32280.1
1395.223,2505.259,88.6719,100.000,32295.6
1395.223,2505.457,88.6450,100.000,32308.8
1395.723,2505.656,88.6157,100.000,32323.3
1395.723,2505.856,88.5798,100.000,32341.0
1395.724,2506.055,88.5553,100.000,32353.1
1396.223,2506.254,88.5150,100.000,32373.1
1396.223,2506.453,88.4849,100.000,32388.0
1396.724,2506.652,88.4448,100.000,32407.8
1396.724,2506.852,88.4167,100.000,32421.8
1396.724,2507.052,88.3846,100.000,32437.7
1397.224,2507.250,88.3520,100.000,32453.7
1397.224,2507.449,88.3266,100.000,32466.3
1397.756,2507.648,88.2974,100.000,32480.9
1397.756,2507.848,88.2650,100.000,32496.9
1397.757,2508.047,88.2202,100.000,32519.0
1398.224,2508.246,88.1953,100.000,32531.4
1398.224,2508.445,88.1657,100.000,32546.1
1398.724,2508.644,88.1318,100.000,32562.9
1398.724,2508.845,88.1030,100.000,32577.1
1398.725,2509.043,88.0623,100.000,32597.3
1399.223,2509.242,88.0299,100.000,32613.4
1399.224,2509.442,87.9849,100.000,32635.7
1399.723,2509.640,87.9512,100.000,32652.5
1399.723,2509.840,87.9194,100.000,32668.3
1399.724,2510.039,87.8815,100.000,32687.1
1400.223,2510.238,87.8431,100.000,32706.2
1400.223,2510.438,87.7996,100.000,32727.7
1400.723,2510.638,87.7598,100.000,32747.5
1400.723,2510.836,87.7082,100.000,32773.1
1400.724,2511.035,87.6712,100.000,32791.5
1401.223,2511.234,87.6325,100.000,32810.8
1401.223,2511.434,87.5937,100.000,32830.1
1401.723,2511.634,87.5565,100.000,32848.6
1401.723,2511.832,87.5324,100.000,32860.6
1401.723,2512.031,87.5008,100.000,32876.2
1402.223,2512.230,87.4600,100.000,32896.5
1402.223,2512.430,87.4285,100.000,32912.3
1402.723,2512.629,87.3879,100.000,32932.5
1402.723,2512.828,87.3586,100.000,32947.0
1402.724,2513.027,87.3144,100.000,32969.0
1403.223,2513.226,87.2905,100.000,32981.0
1403.223,2513.427,87.2479,100.000,33002.2
1403.723,2513.625,87.2270,100.000,33012.6
1403.723,2513.824,87.1855,100.000,33033.3
1403.723,2514.024,87.1562,100.000,33047.9
1404.223,2514.223,87.1156,100.000,33068.2
1404.223,2514.422,87.0788,100.000,33086.5
1404.723,2514.621,87.0451,100.000,33103.3
1404.723,2514.820,87.0210,100.000,33115.4
1404.724,2515.020,86.9886,100.000,33131.5
1405.223,2515.220,86.9477,100.000,33151.9
1405.223,2515.418,86.9048,100.000,33173.4
1405.223,2515.617,86.8804,100.000,33185.5
1405.723,2515.816,86.8462,100.000,33202.6
1405.723,2516.016,86.8167,100.000,33217.3
1406.223,2516.215,86.7798,100.000,33235.7
1406.223,2516.414,86.7485,100.000,33251.4
1406.224,2516.613,86.7056,100.000,33272.8
1406.724,2516.812,86.6807,100.000,33285.1
1406.724,2517.013,86.6333,100.000,33309.0
1407.224,2517.211,86.5937,100.000,33328.7
1407.224,2517.410,86.5679,100.000,33341.6
1407.224,2517.610,86.5394,100.000,33355.9
1407.724,2517.808,86.4948,100.000,33378.1
1407.725,2518.009,86.4639,100.000,33393.6
1408.224,2518.207,86.4258,100.000,33412.7
1408.224,2518.406,86.3908,100.000,33430.2
1408.225,2518.606,86.3564,100.000,33447.4
1408.724,2518.805,86.3224,100.000,33464.4
1408.725,2519.004,86.2871,100.000,33482.1
1409.224,2519.203,86.2607,100.000,33495.4
1409.224,2519.402,86.2207,100.000,33515.3
1409.225,2519.602,86.1890,100.000,33531.3
1409.724,2519.802,86.1458,100.000,33552.8
1409.725,2520.000,86.1160,100.000,33567.8
1410.224,2520.199,86.0850,100.000,33583.3
1410.224,2520.398,86.0623,100.000,33594.7
1410.224,2520.598,86.0269,100.000,33612.4
1410.724,2520.797,85.9863,100.000,33632.7
1410.724,2520.996,85.9473,100.000,33652.4
1411.224,2521.195,85.9121,100.000,33670.0
1411.224,2521.394,85.8730,100.000,33689.6
1411.225,2521.595,85.8418,100.000,33705.3
1411.724,2521.793,85.8044,100.000,33724.1
1411.724,2521.992,85.7795,100.000,33736.6
1412.224,2522.192,85.7456,100.000,33753.7
1412.224,2522.390,85.7078,100.000,33772.6
1412.225,2522.590,85.6694,100.000,33791.8
1412.724,2522.789,85.6268,100.000,33813.3
1412.724,2522.988,85.5890,100.000,33832.2
1413.224,2523.188,85.5566,100.000,33848.4
1413.224,2523.388,85.5283,100.000,33862.7
1413.225,2523.586,85.4995,100.000,33877.1
1413.724,2523.785,85.4619,100.000,33896.0
1413.724,2523.984,85.4119,100.000,33921.2
1414.224,2524.184,85.3826,100.000,33935.9
1414.224,2524.384,85.3442,100.000,33955.2
1414.225,2524.582,85.3099,100.000,33972.6
1414.724,2524.781,85.2827,100.000,33986.2
1414.724,2524.980,85.2511,100.000,34002.0
1415.224,2525.180,85.2168,100.000,34019.3
1415.224,2525.379,85.1768,100.000,34039.4
1415.224,2525.578,85.1335,100.000,34061.2
1415.724,2525.777,85.0996,100.000,34078.3
1415.725,2525.976,85.0718,100.000,34092.3
1416.223,2526.176,85.0407,100.000,34107.9
1416.224,2526.375,85.0161,100.000,34120.3
1416.224,2526.574,84.9653,100.000,34145.9
1416.724,2526.774,84.9312,100.000,34163.1
1416.724,2526.973,84.9069,100.000,34175.3
1417.224,2527.172,84.8576,100.000,34200.2
1417.224,2527.371,84.8296,100.000,34214.3
1417.224,2527.570,84.7956,100.000,34231.5
1417.724,2527.770,84.7497,100.000,34254.6
1417.724,2527.970,84.7121,100.000,34273.6
1418.224,2528.168,84.6847,100.000,34287.4
1418.224,2528.367,84.6416,100.000,34309.1
1418.225,2528.566,84.6076,100.000,34326.3
1418.724,2528.766,84.5692,100.000,34345.7
1418.724,2528.965,84.5371,100.000,34361.8
1419.224,2529.164,84.5101,100.000,34375.5
1419.224,2529.363,84.4661,100.000,34397.7
1419.225,2529.562,84.4284,100.000,34416.7
1419.724,2529.763,84.3898,100.000,34436.2
1419.724,2529.961,84.3498,100.000,34456.4
1420.224,2530.160,84.3166,100.000,34473.2
1420.224,2530.360,84.2881,100.000,34487.5
1420.224,2530.558,84.2560,100.000,34503.7
1420.724,2530.759,84.2137,100.000,34525.1
1420.724,2530.957,84.1826,100.000,34540.8
1421.224,2531.156,84.1499,100.000,34557.3
1421.224,2531.356,84.1115,100.000,34576.8
1421.225,2531.555,84.0724,100.000,34596.5
1421.724,2531.754,84.0405,100.000,34612.7
1421.724,2531.953,83.9974,100.000,34634.5
1422.224,2532.152,83.9655,100.000,34650.6
1422.224,2532.352,83.9419,100.000,34662.7
1422.224,2532.552,83.8877,100.000,34690.0
1422.724,2532.750,83.8571,100.000,34705.4
1422.724,2532.949,83.8193,100.000,34724.6
1423.224,2533.148,83.7796,100.000,34744.7
1423.224,2533.348,83.7511,100.000,34759.1
1423.224,2533.547,83.7148,100.000,34777.5
1423.724,2533.746,83.6802,100.000,34794.9
1423.724,2533.945,83.6380,100.000,34816.3
1424.223,2534.144,83.6019,100.000,34834.7
1424.224,2534.344,83.5615,100.000,34855.1
1424.224,2534.543,83.5225,100.000,34874.8
1424.724,2534.742,83.4976,100.000,34887.5
1424.724,2534.942,83.4574,100.000,34907.9
1425.224,2535.140,83.4214,100.000,34926.1
1425.224,2535.340,83.3844,100.000,34944.8
1425.224,2535.539,83.3551,100.000,34959.7
1425.724,2535.738,83.3218,100.000,34976.6
1425.724,2535.937,83.2790,100.000,34998.2
1426.224,2536.138,83.2472,100.000,35014.4
1426.224,2536.336,83.2056,100.000,35035.5
1426.224,2536.535,83.1758,100.000,35050.6
1426.724,2536.734,83.1380,100.000,35069.8
1426.724,2536.934,83.1007,100.000,35088.7
1427.224,2537.132,83.0562,100.000,35111.4
1427.224,2537.332,83.0309,100.000,35124.1
1427.224,2537.531,82.9910,100.000,35144.4
1427.724,2537.730,82.9591,100.000,35160.6
1427.724,2537.930,82.9284,100.000,35176.1
1428.224,2538.129,82.8975,100.000,35191.9
1428.224,2538.328,82.8535,100.000,35214.1
1428.225,2538.527,82.8195,100.000,35231.4
1428.724,2538.726,82.7891,100.000,35246.9
1428.724,2538.927,82.7607,100.000,35261.2
1429.224,2539.125,82.7225,100.000,35280.7
1429.224,2539.324,82.6961,100.000,35294.1
1429.224,2539.524,82.6496,100.000,35317.8
1429.724,2539.723,82.6104,100.000,35337.7
1429.724,2539.922,82.5718,100.000,35357.2
1430.224,2540.121,82.5470,100.000,35369.8
1430.224,2540.320,82.4976,100.000,35395.0
1430.224,2540.520,82.4770,100.000,35405.4
1430.724,2540.720,82.4347,100.000,35426.9
1430.724,2540.918,82.4014,100.000,35444.0
1430.724,2541.117,82.3646,100.000,35462.6
1431.224,2541.316,82.3330,100.000,35478.7
1431.225,2541.516,82.3019,100.000,35494.5
1431.724,2541.715,82.2616,100.000,35515.1
1431.724,2541.914,82.2310,100.000,35530.6
1431.725,2542.113,82.1935,100.000,35549.6
1432.224,2542.312,82.1704,100.000,35561.4
1432.224,2542.513,82.1138,100.000,35590.2
1432.724,2542.711,82.0903,100.000,35602.2
1432.724,2542.910,82.0602,100.000,35617.5
1432.724,2543.110,82.0205,100.000,35637.7
1433.224,2543.308,81.9886,100.000,35654.0
1433.224,2543.508,81.9502,100.000,35673.5
1433.724,2543.707,81.9121,100.000,35692.8
1433.724,2543.906,81.8742,100.000,35712.3
1433.724,2544.106,81.8472,100.000,35725.9
1434.224,2544.305,81.8096,100.000,35745.1
1434.224,2544.504,81.7687,100.000,35765.9
1434.724,2544.703,81.7349,100.000,35783.2
1434.724,2544.902,81.7075,100.000,35797.1
1434.724,2545.102,81.6707,100.000,35815.9
1435.224,2545.302,81.6364,100.000,35833.3
1435.224,2545.500,81.5918,100.000,35856.2
1435.724,2545.699,81.5605,100.000,35872.0
1435.724,2545.898,81.5298,100.000,35887.7
1435.725,2546.098,81.4907,100.000,35907.6
1436.224,2546.297,81.4656,100.000,35920.4
1436.224,2546.496,81.4258,100.000,35940.7
1436.724,2546.695,81.3866,100.000,35960.8
1436.724,2546.894,81.3581,100.000,35975.2
1436.724,2547.095,81.3197,100.000,35994.8
1437.224,2547.293,81.2990,100.000,36005.4
1437.224,2547.492,81.2461,100.000,36032.4
1437.724,2547.692,81.2207,100.000,36045.4
1437.724,2547.890,81.1826,100.000,36064.7
1437.724,2548.090,81.1497,100.000,36081.6
1438.224,2548.289,81.1118,100.000,36100.9
1438.224,2548.488,81.0903,100.000,36111.8
1438.724,2548.688,81.0309,100.000,36142.2
1438.725,2548.888,81.0024,100.000,36156.7
1438.725,2549.086,80.9648,100.000,36175.8
1439.224,2549.285,80.9321,100.000,36192.6
1439.224,2549.484,80.8922,100.000,36213.0
1439.724,2549.684,80.8610,100.000,36229.0
1439.724,2549.884,80.8299,100.000,36244.8
1439.725,2550.082,80.7988,100.000,36260.8
1440.224,2550.281,80.7664,100.000,36277.2
1440.224,2550.480,80.7332,100.000,36294.1
1440.724,2550.680,80.6997,100.000,36311.2
1440.724,2550.879,80.6641,100.000,36329.5
1440.724,2551.078,80.6206,100.000,36351.7
1441.224,2551.277,80.5809,100.000,36372.0
1441.225,2551.476,80.5552,100.000,36385.1
1441.724,2551.677,80.5239,100.000,36401.1
1441.725,2551.875,80.4849,100.000,36421.1
1441.725,2552.074,80.4614,100.000,36433.0
1442.224,2552.274,80.4194,100.000,36454.6
1442.224,2552.472,80.3822,100.000,36473.6
1442.724,2552.672,80.3472,100.000,36491.4
1442.724,2552.871,80.3092,100.000,36510.8
1442.724,2553.070,80.2848,100.000,36523.3
1443.224,2553.270,80.2495,100.000,36541.4
1443.224,2553.470,80.2199,100.000,36556.5
1443.723,2553.668,80.1919,100.000,36570.8
1443.723,2553.867,80.1514,100.000,36591.6
1443.723,2554.066,80.1147,100.000,36610.3
1444.224,2554.266,80.0825,100.000,36626.7
1444.225,2554.464,80.0561,100.000,36640.2
1444.724,2554.664,80.0203,100.000,36658.6
1444.724,2554.863,79.9950,100.000,36671.6
1444.725,2555.062,79.9580,100.000,36690.5
1445.224,2555.263,79.9326,100.000,36703.5
1445.224,2555.461,79.8913,100.000,36724.6
1445.724,2555.660,79.8561,100.000,36742.6
1445.724,2555.860,79.8304,100.000,36755.8
1445.724,2556.058,79.7910,100.000,36775.9
1446.224,2556.258,79.7656,100.000,36789.0
1446.224,2556.457,79.7375,100.000,36803.3
1446.724,2556.656,79.7028,100.000,36821.0
1446.724,2556.856,79.6641,100.000,36840.9
1446.724,2557.055,79.6385,100.000,36854.0
1447.224,2557.254,79.5973,100.000,36875.1
1447.224,2557.453,79.5684,100.000,36889.8
1447.723,2557.652,79.5386,100.000,36905.0
1447.724,2557.852,79.5112,100.000,36919.1
1447.724,2558.052,79.4800,100.000,36935.1
1448.224,2558.250,79.4543,100.000,36948.2
1448.224,2558.449,79.4214,100.000,36965.1
1448.724,2558.648,79.3833,100.000,36984.6
1448.724,2558.848,79.3516,100.000,37000.9
1448.724,2559.047,79.3198,100.000,37017.2
1449.224,2559.246,79.2902,100.000,37032.3
1449.224,2559.445,79.2594,100.000,37048.0
1449.723,2559.644,79.2334,100.000,37061.4
1449.723,2559.845,79.2056,100.000,37075.7
1449.723,2560.043,79.1797,100.000,37089.0
1450.223,2560.242,79.1514,100.000,37103.4
1450.224,2560.442,79.1183,100.000,37120.3
1450.723,2560.640,79.0890,100.000,37135.4
1450.724,2560.840,79.0526,100.000,37154.1
1450.724,2561.039,79.0295,100.000,37165.9
1451.223,2561.238,79.0046,100.000,37178.7
1451.224,2561.438,78.9810,100.000,37190.7
1451.724,2561.638,78.9500,100.000,37206.6
1451.724,2561.836,78.9150,100.000,37224.5
1451.724,2562.036,78.8817,100.000,37241.7
1452.224,2562.234,78.8564,100.000,37254.5
1452.224,2562.434,78.8278,100.000,37269.2
1452.724,2562.634,78.7956,100.000,37285.7
1452.724,2562.832,78.7684,100.000,37299.7
1452.724,2563.031,78.7438,100.000,37312.2
1453.224,2563.230,78.7205,100.000,37324.2
1453.224,2563.430,78.6891,100.000,37340.3
1453.724,2563.629,78.6530,100.000,37358.8
1453.724,2563.828,78.6344,100.000,37368.4
1453.724,2564.027,78.5937,100.000,37389.2
1454.224,2564.226,78.5714,100.000,37400.7
1454.224,2564.427,78.5433,100.000,37415.1
1454.724,2564.625,78.5146,100.000,37429.7
1454.724,2564.824,78.4967,100.000,37439.0
1454.724,2565.024,78.4687,100.000,37453.4
1455.224,2565.223,78.4477,100.000,37464.1
1455.224,2565.422,78.4175,100.000,37479.6
1455.724,2565.621,78.3853,100.000,37496.1
1455.724,2565.820,78.3589,100.000,37509.7
1455.724,2566.020,78.3286,100.000,37525.1
1456.224,2566.220,78.3081,100.000,37535.7
1456.224,2566.418,78.2804,100.000,37549.9
1456.225,2566.617,78.2596,100.000,37560.5
1456.724,2566.816,78.2298,100.000,37575.8
1456.724,2567.016,78.2130,100.000,37584.4
1457.224,2567.215,78.1855,100.000,37598.6
1457.224,2567.414,78.1634,100.000,37609.9
1457.224,2567.613,78.1320,100.000,37626.0
1457.724,2567.812,78.1081,100.000,37638.2
1457.725,2568.013,78.0853,100.000,37649.9
1458.224,2568.211,78.0586,100.000,37663.6
1458.225,2568.410,78.0412,100.000,37672.6
1458.225,2568.610,78.0179,100.000,37684.5
1458.724,2568.808,77.9966,100.000,37695.4
1458.724,2569.009,77.9702,100.000,37709.0
1459.223,2569.207,77.9517,100.000,37718.5
1459.224,2569.406,77.9279,100.000,37730.7
1459.224,2569.606,77.9023,100.000,37743.8
1459.724,2569.805,77.8724,100.000,37759.2
1459.725,2570.004,77.8457,100.000,37772.8
1460.224,2570.203,77.8328,100.000,37779.4
1460.225,2570.402,77.8070,100.000,37792.7
1460.225,2570.602,77.7842,100.000,37804.4
1460.724,2570.802,77.7646,100.000,37814.4
1460.724,2571.000,77.7456,100.000,37824.2
1461.224,2571.199,77.7236,100.000,37835.4
1461.224,2571.398,77.7057,100.000,37844.7
1461.224,2571.598,77.6880,100.000,37853.8
1461.724,2571.797,77.6569,100.000,37869.7
1461.724,2571.996,77.6390,100.000,37878.9
1462.224,2572.195,77.6144,100.000,37891.5
1462.224,2572.394,77.5898,100.000,37904.1
1462.224,2572.595,77.5770,100.000,37910.8
1462.724,2572.793,77.5531,100.000,37923.0
1462.724,2572.992,77.5361,100.000,37931.6
1463.224,2573.192,77.5142,100.000,37943.0
1463.224,2573.390,77.4972,100.000,37951.7
1463.225,2573.590,77.4767,100.000,37962.1
1463.723,2573.789,77.4616,100.000,37970.0
1463.723,2573.988,77.4461,100.000,37977.8
1464.224,2574.188,77.4243,100.000,37989.1
1464.224,2574.388,77.4048,100.000,37999.1
1464.224,2574.586,77.3755,100.000,38014.2
1464.724,2574.785,77.3602,100.000,38022.0
1464.724,2574.984,77.3369,100.000,38033.8
1465.224,2575.184,77.3210,100.000,38042.1
1465.224,2575.384,77.3042,100.000,38050.7
1465.224,2575.582,77.2866,100.000,38059.8
1465.724,2575.781,77.2645,100.000,38071.1
1465.724,2575.980,77.2498,100.000,38078.6
1466.224,2576.180,77.2365,100.000,38085.4
1466.224,2576.379,77.2181,100.000,38094.9
1466.225,2576.578,77.1990,100.000,38104.7
1466.724,2576.777,77.1831,100.000,38112.9
1466.724,2576.976,77.1618,100.000,38123.8
1467.224,2577.177,77.1465,100.000,38131.6
1467.224,2577.375,77.1292,100.000,38140.6
1467.225,2577.574,77.1069,100.000,38151.9
1467.724,2577.774,77.0898,100.000,38160.8
1467.724,2577.973,77.0706,100.000,38170.6
1468.224,2578.172,77.0574,100.000,38177.4
1468.224,2578.371,77.0413,100.000,38185.6
1468.225,2578.570,77.0283,100.000,38192.3
1468.724,2578.770,77.0122,100.000,38200.6
1468.724,2578.970,76.9924,100.000,38210.8
1469.224,2579.168,76.9766,100.000,38218.9
1469.224,2579.367,76.9653,100.000,38224.6
1469.224,2579.566,76.9486,100.000,38233.3
1469.724,2579.766,76.9297,100.000,38242.9
1469.725,2579.965,76.9136,100.000,38251.2
1470.224,2580.164,76.8975,100.000,38259.4
1470.225,2580.363,76.8792,100.000,38268.8
1470.225,2580.562,76.8581,100.000,38279.7
1470.724,2580.763,76.8467,100.000,38285.6
1470.724,2580.961,76.8268,100.000,38295.7
1471.224,2581.160,76.8112,100.000,38303.7
1471.224,2581.360,76.7967,100.000,38311.2
1471.224,2581.558,76.7847,100.000,38317.5
1471.724,2581.759,76.7681,100.000,38325.9
1471.724,2581.957,76.7554,100.000,38332.4
1472.224,2582.156,76.7399,100.000,38340.4
1472.224,2582.356,76.7243,100.000,38348.4
1472.224,2582.555,76.7116,100.000,38354.9
1472.724,2582.754,76.6966,100.000,38362.6
1472.724,2582.953,76.6850,100.000,38368.5
1473.224,2583.152,76.6756,100.000,38373.4
1473.224,2583.352,76.6561,100.000,38383.4
1473.224,2583.552,76.6392,100.000,38392.1
1473.724,2583.750,76.6240,100.000,38399.9
1473.724,2583.949,76.6100,100.000,38407.0
1474.224,2584.148,76.5923,100.000,38416.1
1474.224,2584.348,76.5840,100.000,38420.4
1474.225,2584.547,76.5667,100.000,38429.3
1474.724,2584.746,76.5532,100.000,38436.1
1474.724,2584.945,76.5462,100.000,38439.8
1475.224,2585.144,76.5361,100.000,38445.0
1475.224,2585.344,76.5189,100.000,38453.8
1475.224,2585.543,76.5075,100.000,38459.6
1475.724,2585.742,76.5037,100.000,38461.6
1475.724,2585.942,76.4834,100.000,38472.0
1476.224,2586.140,76.4770,100.000,38475.4
1476.224,2586.340,76.4604,100.000,38483.8
1476.224,2586.539,76.4468,100.000,38490.8
1476.724,2586.738,76.4365,100.000,38496.1
1476.724,2586.938,76.4246,100.000,38502.2
1477.224,2587.138,76.4102,100.000,38509.7
1477.224,2587.336,76.4004,100.000,38514.6
1477.225,2587.535,76.3854,100.000,38522.3
1477.724,2587.734,76.3691,100.000,38530.8
1477.725,2587.934,76.3564,100.000,38537.3
1478.224,2588.134,76.3439,100.000,38543.7
1478.224,2588.332,76.3367,100.000,38547.3
1478.225,2588.531,76.3232,100.000,38554.3
1478.724,2588.730,76.3122,100.000,38559.9
1478.724,2588.930,76.3003,100.000,38566.0
1479.224,2589.129,76.2948,100.000,38568.9
1479.224,2589.328,76.2801,100.000,38576.4
1479.225,2589.527,76.2718,100.000,38580.7
1479.724,2589.726,76.2617,100.000,38585.8
1479.724,2589.927,76.2526,100.000,38590.5
1480.224,2590.125,76.2394,100.000,38597.3
1480.224,2590.324,76.2274,100.000,38603.5
1480.225,2590.524,76.2241,100.000,38605.1
1480.724,2590.723,76.2085,100.000,38613.2
1480.724,2590.922,76.2051,100.000,38614.9
1481.224,2591.122,76.1940,100.000,38620.6
1481.224,2591.320,76.1826,100.000,38626.4
1481.225,2591.520,76.1706,100.000,38632.6
1481.724,2591.720,76.1644,100.000,38635.8
1481.724,2591.918,76.1483,100.000,38644.1
1481.724,2592.117,76.1411,100.000,38647.8
1482.224,2592.316,76.1284,100.000,38654.3
1482.225,2592.516,76.1240,100.000,38656.5
1482.724,2592.715,76.1105,100.000,38663.5
1482.724,2592.914,76.0990,100.000,38669.4
1482.724,2593.113,76.0894,100.000,38674.3
1483.223,2593.312,76.0820,100.000,38678.1
1483.224,2593.513,76.0731,100.000,38682.6
1483.723,2593.711,76.0644,100.000,38687.1
1483.723,2593.910,76.0540,100.000,38692.5
1483.724,2594.110,76.0467,100.000,38696.2
1484.224,2594.308,76.0384,100.000,38700.5
1484.224,2594.509,76.0340,100.000,38702.7
1484.723,2594.707,76.0246,100.000,38707.5
1484.724,2594.906,76.0156,100.000,38712.1
1484.724,2595.106,76.0093,100.000,38715.5
1485.224,2595.305,75.9935,100.000,38723.6
1485.224,2595.504,75.9943,100.000,38723.1
1485.723,2595.703,75.9810,100.000,38730.0
1485.724,2595.902,75.9754,100.000,38732.8
1485.724,2596.102,75.9722,100.000,38734.6
1486.224,2596.302,75.9634,100.000,38738.9
1486.224,2596.500,75.9523,100.000,38744.7
1486.723,2596.699,75.9435,100.000,38749.2
1486.723,2596.898,75.9359,100.000,38753.1
1486.724,2597.098,75.9292,100.000,38756.5
1487.224,2597.297,75.9204,100.000,38761.1
1487.224,2597.496,75.9165,100.000,38763.1
1487.723,2597.695,75.9015,100.000,38770.7
1487.723,2597.894,75.8988,100.000,38772.2
1487.723,2598.095,75.8882,100.000,38777.6
1488.224,2598.293,75.8823,100.000,38780.6
1488.224,2598.492,75.8716,100.000,38786.1
1488.724,2598.692,75.8647,100.000,38789.6
1488.724,2598.890,75.8597,100.000,38792.2
1488.724,2599.090,75.8501,100.000,38797.1
1489.224,2599.289,75.8478,100.000,38798.3
1489.224,2599.488,75.8397,100.000,38802.4
1489.724,2599.688,75.8325,100.000,38806.2
1489.724,2599.888,75.8311,100.000,38806.9
1489.724,2600.086,75.8201,100.000,38812.5
1490.224,2600.285,75.8135,100.000,38815.9
1490.224,2600.484,75.8066,100.000,38819.4
1490.724,2600.684,75.8047,100.000,38820.4
1490.724,2600.884,75.7988,100.000,38823.5
1490.724,2601.082,75.7866,100.000,38829.8
1491.224,2601.281,75.7876,100.000,38829.3
1491.224,2601.480,75.7821,100.000,38832.1
1491.724,2601.680,75.7793,100.000,38833.5
1491.724,2601.879,75.7741,100.000,38836.2
1491.724,2602.078,75.7666,100.000,38839.9
1492.224,2602.277,75.7646,100.000,38841.0
1492.224,2602.476,75.7568,100.000,38845.0
1492.724,2602.676,75.7531,100.000,38847.0
1492.724,2602.875,75.7485,100.000,38849.3
1492.725,2603.074,75.7430,100.000,38852.2
1493.224,2603.274,75.7415,100.000,38852.8
1493.224,2603.473,75.7314,100.000,38858.1
1493.724,2603.672,75.7308,100.000,38858.4
1493.724,2603.871,75.7285,100.000,38859.6
1493.724,2604.070,75.7209,100.000,38863.5
1494.224,2604.270,75.7191,100.000,38864.4
1494.224,2604.470,75.7127,100.000,38867.6
1494.724,2604.668,75.7085,100.000,38869.9
1494.724,2604.867,75.7064,100.000,38871.0
1494.725,2605.066,75.6992,100.000,38874.6
1495.223,2605.266,75.7043,100.000,38872.0
1495.224,2605.465,75.6919,100.000,38878.3
1495.724,2605.664,75.6942,100.000,38877.2
1495.724,2605.863,75.6880,100.000,38880.4
1495.725,2606.062,75.6826,100.000,38883.1
1496.224,2606.263,75.6777,100.000,38885.6
1496.224,2606.461,75.6764,100.000,38886.2
1496.724,2606.660,75.6688,100.000,38890.2
1496.724,2606.860,75.6667,100.000,38891.3
1496.724,2607.058,75.6639,100.000,38892.7
1497.224,2607.259,75.6619,100.000,38893.8
1497.224,2607.457,75.6538,100.000,38897.9
1497.724,2607.656,75.6543,100.000,38897.6
1497.725,2607.855,75.6519,100.000,38898.9
1497.725,2608.055,75.6458,100.000,38902.0
1498.224,2608.254,75.6448,100.000,38902.5
1498.224,2608.453,75.6411,100.000,38904.4
1498.724,2608.652,75.6362,100.000,38906.9
1498.724,2608.852,75.6357,100.000,38907.2
1498.724,2609.052,75.6314,100.000,38909.4
1499.224,2609.250,75.6314,100.000,38909.4
1499.224,2609.449,75.6235,100.000,38913.4
1499.724,2609.648,75.6256,100.000,38912.3
1499.724,2609.848,75.6239,100.000,38913.3
1499.724,2610.047,75.6256,100.000,38912.4
1500.224,2610.246,75.6139,100.000,38918.4
1500.224,2610.445,75.6105,100.000,38920.1
1500.724,2610.644,75.6084,100.000,38921.1
1500.724,2610.845,75.6110,100.000,38919.9
1500.724,2611.043,75.6073,100.000,38921.8
1501.224,2611.242,75.5985,100.000,38926.3
1501.224,2611.442,75.6022,100.000,38924.4
1501.724,2611.640,75.6012,100.000,38924.9
1501.724,2611.840,75.6038,100.000,38923.6
1501.724,2612.039,75.6027,100.000,38924.2
1502.224,2612.238,75.6045,100.000,38923.3
1502.224,2612.438,75.5981,100.000,38926.5
1502.724,2612.638,75.5931,100.000,38929.1
1502.724,2612.836,75.5954,100.000,38927.9
1502.724,2613.035,75.5898,100.000,38930.7
1503.224,2613.234,75.5939,100.000,38928.6
1503.224,2613.434,75.5973,100.000,38926.9
1503.724,2613.634,75.5985,100.000,38926.3
1503.724,2613.832,75.5985,100.000,38926.3
1503.724,2614.031,75.5876,100.000,38931.9
1504.224,2614.230,75.5981,100.000,38926.4
1504.224,2614.430,75.5931,100.000,38929.1
1504.724,2614.629,75.5905,100.000,38930.4
1504.724,2614.829,75.5957,100.000,38927.7
1504.724,2615.027,75.5892,100.000,38931.1
1505.224,2615.226,75.5926,100.000,38929.4
1505.225,2615.427,75.5937,100.000,38928.8
1505.724,2615.625,75.5959,100.000,38927.6
1505.724,2615.824,75.5949,100.000,38928.2
1505.725,2616.024,75.5952,100.000,38928.0
1506.224,2616.223,75.5920,100.000,38929.6
1506.224,2616.422,75.5990,100.000,38926.0
1506.723,2616.621,75.5908,100.000,38930.3
1506.723,2616.820,75.5952,100.000,38928.0
1506.723,2617.020,75.5976,100.000,38926.7
1507.224,2617.220,75.5972,100.000,38927.0
1507.225,2617.418,75.6012,100.000,38924.9
1507.225,2617.617,75.5957,100.000,38927.7
1507.723,2617.816,75.6045,100.000,38923.2
1507.724,2618.016,75.6040,100.000,38923.5
1508.224,2618.215,75.6051,100.000,38922.9
1508.224,2618.414,75.6045,100.000,38923.2
1508.225,2618.613,75.6009,100.000,38925.0
1508.724,2618.812,75.6029,100.000,38924.0
1508.724,2619.013,75.6032,100.000,38923.9
1509.224,2619.211,75.6079,100.000,38921.4
1509.224,2619.410,75.6095,100.000,38920.7
1509.224,2619.610,75.6099,100.000,38920.5
1509.723,2619.808,75.6128,100.000,38918.9
1509.724,2620.008,75.6188,100.000,38915.9
1510.224,2620.207,75.6255,100.000,38912.5
1510.224,2620.406,75.6198,100.000,38915.4
1510.225,2620.606,75.6239,100.000,38913.3
1510.723,2620.805,75.6274,100.000,38911.5
1510.723,2621.004,75.6230,100.000,38913.6
1511.224,2621.203,75.6348,100.000,38907.7
1511.224,2621.402,75.6372,100.000,38906.4
1511.224,2621.602,75.6331,100.000,38908.5
1511.724,2621.804,75.6361,100.000,38907.1
1511.724,2622.000,75.6367,100.000,38906.6
1512.224,2622.199,75.6496,100.000,38900.1
1512.224,2622.398,75.6543,100.000,38897.6
1512.225,2622.598,75.6494,100.000,38900.1
1512.724,2622.797,75.6569,100.000,38896.3
1512.724,2622.996,75.6582,100.000,38895.6
1513.224,2623.195,75.6670,100.000,38891.2
1513.224,2623.394,75.6605,100.000,38894.6
1513.224,2623.595,75.6714,100.000,38889.0
1513.724,2623.793,75.6751,100.000,38887.0
1513.725,2623.992,75.6719,100.000,38888.7
1514.224,2624.192,75.6771,100.000,38886.0
1514.224,2624.390,75.6782,100.000,38885.4
1514.225,2624.590,75.6836,100.000,38882.7
1514.724,2624.789,75.6870,100.000,38880.9
1514.724,2624.988,75.6878,100.000,38880.5
1515.224,2625.188,75.6911,100.000,38878.7
1515.224,2625.388,75.6989,100.000,38874.7
1515.224,2625.586,75.6950,100.000,38876.8
1515.724,2625.785,75.7000,100.000,38874.2
1515.725,2625.984,75.7023,100.000,38873.0
1516.224,2626.184,75.7095,100.000,38869.4
1516.224,2626.384,75.7119,100.000,38868.1
1516.225,2626.582,75.7148,100.000,38866.6
1516.724,2626.781,75.7183,100.000,38864.9
1516.724,2626.980,75.7153,100.000,38866.4
1517.224,2627.180,75.7267,100.000,38860.5
1517.224,2627.379,75.7231,100.000,38862.3
1517.225,2627.578,75.7275,100.000,38860.1
1517.724,2627.777,75.7339,100.000,38856.8
1517.724,2627.976,75.7370,100.000,38855.2
1518.224,2628.177,75.7381,100.000,38854.6
1518.224,2628.375,75.7424,100.000,38852.5
1518.225,2628.574,75.7510,100.000,38848.0
1518.724,2628.774,75.7495,100.000,38848.8
1518.724,2628.973,75.7568,100.000,38845.0
1519.224,2629.172,75.7622,100.000,38842.3
1519.224,2629.371,75.7622,100.000,38842.2
1519.224,2629.570,75.7703,100.000,38838.1
1519.724,2629.770,75.7694,100.000,38838.6
1519.724,2629.970,75.8190,100.000,38813.1
1520.224,2630.168,75.8008,100.000,38822.5
1520.224,2630.367,75.7983,100.000,38823.8
1520.224,2630.566,75.8039,100.000,38820.8
1520.723,2630.766,75.8045,100.000,38820.6
1520.723,2630.965,75.8115,100.000,38817.0
1521.224,2631.164,75.8172,100.000,38814.0
1521.224,2631.363,75.8208,100.000,38812.2
1521.224,2631.562,75.8276,100.000,38808.7
1521.724,2631.763,75.8257,100.000,38809.7
1521.724,2631.961,75.8330,100.000,38805.9
1522.224,2632.160,75.8304,100.000,38807.3
1522.224,2632.359,75.8423,100.000,38801.2
1522.224,2632.558,75.8501,100.000,38797.2
1522.724,2632.759,75.8551,100.000,38794.6
1522.724,2632.957,75.8564,100.000,38793.9
1523.224,2633.156,75.8670,100.000,38788.5
1523.224,2633.356,75.8730,100.000,38785.4
1523.224,2633.555,75.8813,100.000,38781.1
1523.724,2633.754,75.8838,100.000,38779.8
1523.724,2633.953,75.8900,100.000,38776.7
1524.224,2634.152,75.8996,100.000,38771.7
1524.225,2634.352,75.9036,100.000,38769.7
1524.225,2634.552,75.9136,100.000,38764.5
1524.724,2634.750,75.9238,100.000,38759.3
1524.724,2634.949,75.9253,100.000,38758.5
1525.223,2635.148,75.9294,100.000,38756.4
1525.224,2635.348,75.9360,100.000,38753.1
1525.224,2635.547,75.9438,100.000,38749.1
1525.724,2635.746,75.9477,100.000,38747.0
1525.724,2635.945,75.9609,100.000,38740.2
1526.224,2636.144,75.9609,100.000,38740.2
1526.224,2636.345,75.9700,100.000,38735.6
1526.224,2636.543,75.9710,100.000,38735.1
1526.724,2636.742,75.9808,100.000,38730.1
1526.724,2636.942,75.9814,100.000,38729.7
1527.224,2637.140,75.9909,100.000,38724.9
1527.224,2637.340,75.9985,100.000,38721.0
1527.224,2637.539,76.0083,100.000,38715.9
1527.724,2637.738,76.0076,100.000,38716.3
1527.724,2637.938,76.0117,100.000,38714.2
1528.224,2638.138,76.0226,100.000,38708.6
1528.224,2638.336,76.0303,100.000,38704.6
1528.224,2638.535,76.0387,100.000,38700.4
1528.723,2638.734,76.0436,100.000,38697.8
1528.724,2638.934,76.0495,100.000,38694.8
1529.224,2639.134,76.0547,100.000,38692.2
1529.224,2639.332,76.0563,100.000,38691.3
1529.225,2639.531,76.0750,100.000,38681.7
1529.724,2639.730,76.0799,100.000,38679.2
1529.724,2639.930,76.0819,100.000,38678.2
1530.224,2640.129,76.0908,100.000,38673.6
1530.224,2640.328,76.0915,100.000,38673.2
1530.225,2640.527,76.1055,100.000,38666.0
1530.724,2640.726,76.1152,100.000,38661.1
1530.725,2640.927,76.1206,100.000,38658.4
1531.224,2641.125,76.1213,100.000,38658.0
1531.224,2641.324,76.1314,100.000,38652.8
1531.225,2641.523,76.1484,100.000,38644.0
1531.724,2641.723,76.1603,100.000,38637.9
1531.724,2641.922,76.1636,100.000,38636.2
1532.224,2642.121,76.1772,100.000,38629.3
1532.224,2642.320,76.1862,100.000,38624.6
1532.224,2642.520,76.1875,100.000,38623.9
1532.724,2642.720,76.1948,100.000,38620.2
1532.724,2642.918,76.2012,100.000,38616.8
1532.725,2643.117,76.2135,100.000,38610.6
1533.223,2643.316,76.2197,100.000,38607.4
1533.223,2643.516,76.2259,100.000,38604.2
1533.723,2643.715,76.2324,100.000,38600.9
1533.723,2643.914,76.2414,100.000,38596.2
1533.723,2644.113,76.2485,100.000,38592.6
1534.224,2644.312,76.2544,100.000,38589.6
1534.224,2644.513,76.2645,100.000,38584.5
1534.723,2644.711,76.2697,100.000,38581.7
1534.723,2644.910,76.2858,100.000,38573.4
1534.723,2645.110,76.2871,100.000,38572.8
1535.224,2645.308,76.2913,100.000,38570.7
1535.224,2645.509,76.3066,100.000,38562.8
1535.724,2645.707,76.3132,100.000,38559.4
1535.724,2645.906,76.3232,100.000,38554.2
1535.724,2646.106,76.3304,100.000,38550.6
1536.224,2646.305,76.3372,100.000,38547.1
1536.225,2646.505,76.3540,100.000,38538.5
1536.724,2646.703,76.3579,100.000,38536.5
1536.724,2646.902,76.3636,100.000,38533.5
1536.725,2647.102,76.3657,100.000,38532.4
1537.224,2647.302,76.3809,100.000,38524.7
1537.225,2647.500,76.3932,100.000,38518.3
1537.724,2647.699,76.4064,100.000,38511.5
1537.724,2647.898,76.4183,100.000,38505.5
1537.724,2648.098,76.4240,100.000,38502.6
1538.224,2648.297,76.4326,100.000,38498.1
1538.224,2648.496,76.4432,100.000,38492.7
1538.724,2648.695,76.4455,100.000,38491.5
1538.724,2648.894,76.4560,100.000,38486.1
1538.724,2649.095,76.4688,100.000,38479.6
1539.224,2649.293,76.4696,100.000,38479.1
1539.224,2649.492,76.4819,100.000,38472.7
1539.723,2649.691,76.4927,100.000,38467.2
1539.723,2649.890,76.5005,100.000,38463.2
1539.724,2650.090,76.5070,100.000,38459.9
1540.223,2650.289,76.5181,100.000,38454.2
1540.223,2650.488,76.5283,100.000,38448.9
1540.724,2650.688,76.5407,100.000,38442.6
1540.724,2650.888,76.5431,100.000,38441.3
1540.724,2651.086,76.5535,100.000,38436.1
1541.224,2651.285,76.5599,100.000,38432.8
1541.224,2651.484,76.5737,100.000,38425.7
1541.723,2651.684,76.5775,100.000,38423.8
1541.724,2651.884,76.5830,100.000,38420.8
1541.724,2652.082,76.5967,100.000,38413.8
1542.224,2652.281,76.6077,100.000,38408.2
1542.225,2652.480,76.6177,100.000,38403.1
1542.724,2652.680,76.6227,100.000,38400.5
1542.725,2652.879,76.6369,100.000,38393.2
1542.725,2653.078,76.6460,100.000,38388.6
1543.223,2653.277,76.6598,100.000,38381.4
1543.224,2653.476,76.6797,100.000,38371.3
1543.724,2653.677,76.6896,100.000,38366.2
1543.725,2653.875,76.6976,100.000,38362.1
1543.725,2654.074,76.7046,100.000,38358.5
1544.224,2654.274,76.7183,100.000,38351.5
1544.225,2654.473,76.7240,100.000,38348.5
1544.724,2654.672,76.7323,100.000,38344.3
1544.725,2654.871,76.7417,100.000,38339.5
1544.725,2655.070,76.7480,100.000,38336.1
1545.224,2655.270,76.7624,100.000,38328.8
1545.224,2655.470,76.7664,100.000,38326.8
1545.724,2655.668,76.7705,100.000,38324.7
1545.725,2655.867,76.7827,100.000,38318.4
1545.725,2656.066,76.7933,100.000,38313.0
1546.224,2656.266,76.7969,100.000,38311.2
1546.225,2656.465,76.8042,100.000,38307.5
1546.724,2656.664,76.8125,100.000,38303.1
1546.725,2656.863,76.8239,100.000,38297.2
1546.725,2657.062,76.8249,100.000,38296.7
1547.224,2657.263,76.8341,100.000,38291.9
1547.225,2657.461,76.8423,100.000,38287.8
1547.723,2657.660,76.8514,100.000,38283.1
1547.724,2657.860,76.8589,100.000,38279.3
1547.724,2658.058,76.8693,100.000,38273.9
1548.224,2658.259,76.8760,100.000,38270.6
1548.225,2658.457,76.8896,100.000,38263.6
1548.724,2658.656,76.8921,100.000,38262.2
1548.724,2658.856,76.9059,100.000,38255.1
1548.724,2659.055,76.9224,100.000,38246.8
1549.224,2659.254,76.9360,100.000,38239.7
1549.225,2659.453,76.9427,100.000,38236.3
1549.724,2659.652,76.9637,100.000,38225.5
1549.725,2659.851,76.9798,100.000,38217.2
1549.725,2660.052,76.9899,100.000,38212.1
1550.224,2660.250,76.9980,100.000,38207.8
1550.225,2660.449,77.0109,100.000,38201.3
1550.724,2660.648,77.0282,100.000,38192.4
1550.724,2660.848,77.0439,100.000,38184.2
1550.724,2661.047,77.0638,100.000,38174.1
1551.224,2661.246,77.0856,100.000,38162.9
1551.224,2661.445,77.0991,100.000,38156.0
1551.731,2661.644,77.1149,100.000,38147.8
1551.731,2661.845,77.1431,100.000,38133.4
1551.731,2662.043,77.1680,100.000,38120.6
1552.224,2662.242,77.1810,100.000,38114.0
1552.224,2662.442,77.1989,100.000,38104.7
1552.724,2662.640,77.2181,100.000,38094.9
1552.724,2662.840,77.2383,100.000,38084.5
1552.724,2663.039,77.2612,100.000,38072.7
1553.224,2663.238,77.2775,100.000,38064.4
1553.225,2663.438,77.2969,100.000,38054.5
1553.724,2663.638,77.3159,100.000,38044.6
1553.725,2663.836,77.3382,100.000,38033.2
1553.725,2664.035,77.3634,100.000,38020.4
1554.224,2664.234,77.3838,100.000,38009.9
1554.225,2664.434,77.4110,100.000,37995.9
1554.724,2664.634,77.4320,100.000,37985.1
1554.725,2664.832,77.4578,100.000,37971.9
1554.725,2665.031,77.4653,100.000,37968.1
1555.224,2665.230,77.4953,100.000,37952.7
1555.225,2665.430,77.5174,100.000,37941.2
1555.724,2665.629,77.5262,100.000,37936.8
1555.725,2665.828,77.5532,100.000,37922.9
1555.725,2666.027,77.5745,100.000,37912.0
1556.224,2666.226,77.5947,100.000,37901.6
1556.224,2666.427,77.6182,100.000,37889.6
1556.724,2666.625,77.6468,100.000,37874.9
1556.725,2666.824,77.6738,100.000,37861.1
1556.725,2667.024,77.6903,100.000,37852.6
1557.224,2667.222,77.7168,100.000,37839.0
1557.224,2667.422,77.7347,100.000,37829.8
1557.724,2667.621,77.7646,100.000,37814.4
1557.724,2667.820,77.7772,100.000,37808.0
1557.724,2668.020,77.8042,100.000,37794.2
1558.224,2668.220,77.8216,100.000,37785.2
1558.224,2668.418,77.8420,100.000,37774.7
1558.224,2668.617,77.8634,100.000,37763.7
1558.724,2668.816,77.8950,100.000,37747.5
1558.724,2669.016,77.9155,100.000,37737.1
1559.224,2669.215,77.9403,100.000,37724.4
1559.225,2669.414,77.9585,100.000,37715.0
1559.225,2669.613,77.9834,100.000,37702.2
1559.724,2669.812,78.0029,100.000,37692.2
1559.725,2670.013,78.0275,100.000,37679.6
1560.224,2670.211,78.0449,100.000,37670.7
1560.225,2670.410,78.0661,100.000,37659.7
1560.225,2670.610,78.0928,100.000,37646.1
1560.724,2670.808,78.1094,100.000,37637.6
1560.725,2671.009,78.1314,100.000,37626.2
1561.224,2671.207,78.1603,100.000,37611.4
1561.225,2671.406,78.1847,100.000,37598.9
1561.225,2671.606,78.2119,100.000,37584.9
1561.724,2671.805,78.2269,100.000,37577.3
1561.725,2672.004,78.2422,100.000,37569.4
1562.224,2672.203,78.2679,100.000,37556.3
1562.225,2672.402,78.2868,100.000,37546.6
1562.225,2672.602,78.3094,100.000,37535.0
1562.724,2672.802,78.3283,100.000,37525.3
1562.724,2673.000,78.3491,100.000,37514.6
1563.224,2673.199,78.3734,100.000,37502.2
1563.225,2673.398,78.4077,100.000,37484.6
1563.225,2673.598,78.4303,100.000,37473.0
1563.724,2673.797,78.4507,100.000,37462.6
1563.725,2673.996,78.4715,100.000,37452.0
1564.224,2674.195,78.4945,100.000,37440.0
1564.225,2674.394,78.5133,100.000,37430.4
1564.225,2674.595,78.5332,100.000,37420.3
1564.724,2674.793,78.5581,100.000,37407.6
1564.725,2674.992,78.5789,100.000,37396.8
1565.224,2675.192,78.6020,100.000,37384.9
1565.224,2675.390,78.6193,100.000,37376.1
1565.224,2675.590,78.6447,100.000,37363.1
1565.723,2675.789,78.6768,100.000,37346.7
1565.724,2675.988,78.6951,100.000,37337.2
1566.224,2676.188,78.7188,100.000,37325.1
1566.225,2676.388,78.7394,100.000,37314.5
1566.225,2676.586,78.7578,100.000,37305.1
1566.724,2676.785,78.7798,100.000,37293.8
1566.725,2676.984,78.8022,100.000,37282.3
1567.224,2677.184,78.8188,100.000,37273.8
1567.224,2677.384,78.8426,100.000,37261.6
1567.225,2677.582,78.8620,100.000,37251.7
1567.724,2677.781,78.8966,100.000,37234.0
1567.725,2677.980,78.9199,100.000,37222.0
1568.224,2678.180,78.9388,100.000,37212.3
1568.224,2678.379,78.9637,100.000,37199.5
1568.224,2678.578,78.9852,100.000,37188.6
1568.724,2678.777,79.0034,100.000,37179.2
1568.724,2678.976,79.0264,100.000,37167.4
1569.224,2679.177,79.0444,100.000,37158.2
1569.225,2679.375,79.0662,100.000,37147.1
1569.225,2679.574,79.0879,100.000,37136.0
1569.723,2679.774,79.1133,100.000,37122.9
1569.724,2679.973,79.1357,100.000,37111.4
1570.224,2680.172,79.1623,100.000,37097.9
1570.224,2680.371,79.1808,100.000,37088.4
1570.224,2680.570,79.2082,100.000,37074.3
1570.724,2680.770,79.2225,100.000,37067.1
1570.725,2680.970,79.2461,100.000,37055.0
1571.224,2681.168,79.2646,100.000,37045.4
1571.225,2681.367,79.2869,100.000,37034.0
1571.225,2681.566,79.3117,100.000,37021.3
1571.724,2681.766,79.3280,100.000,37013.0
1571.725,2681.965,79.3579,100.000,36997.6
1572.224,2682.164,79.3799,100.000,36986.4
1572.225,2682.363,79.4067,100.000,36972.6
1572.225,2682.562,79.4292,100.000,36961.1
1572.724,2682.763,79.4464,100.000,36952.3
1572.725,2682.961,79.4688,100.000,36940.8
1573.224,2683.160,79.4933,100.000,36928.2
1573.224,2683.360,79.5112,100.000,36919.1
1573.224,2683.558,79.5317,100.000,36908.7
1573.724,2683.759,79.5526,100.000,36898.0
1573.725,2683.957,79.5706,100.000,36888.7
1574.224,2684.156,79.6007,100.000,36873.3
1574.225,2684.356,79.6208,100.000,36863.0
1574.225,2684.555,79.6463,100.000,36850.0
1574.724,2684.754,79.6725,100.000,36836.5
1574.725,2684.953,79.6943,100.000,36825.4
1575.224,2685.152,79.7106,100.000,36817.1
1575.225,2685.352,79.7344,100.000,36805.0
1575.225,2685.552,79.7583,100.000,36792.6
1575.724,2685.750,79.7661,100.000,36788.6
1575.725,2685.949,79.7930,100.000,36774.9
1576.224,2686.148,79.8141,100.000,36764.1
1576.225,2686.348,79.8356,100.000,36753.1
1576.225,2686.547,79.8631,100.000,36739.0
1576.724,2686.746,79.8853,100.000,36727.7
1576.724,2686.945,79.9139,100.000,36713.1
1577.224,2687.144,79.9364,100.000,36701.5
1577.224,2687.345,79.9487,100.000,36695.2
1577.224,2687.543,79.9684,100.000,36685.1
1577.724,2687.742,79.9919,100.000,36673.1
1577.725,2687.942,80.0117,100.000,36663.0
1578.224,2688.140,80.0291,100.000,36654.1
1578.224,2688.340,80.0589,100.000,36638.9
1578.224,2688.539,80.0723,100.000,36632.0
1578.724,2688.738,80.0962,100.000,36619.8
1578.725,2688.938,80.1183,100.000,36608.5
1579.223,2689.138,80.1444,100.000,36595.1
1579.224,2689.336,80.1644,100.000,36584.9
1579.224,2689.535,80.1792,100.000,36577.4
1579.724,2689.734,80.2075,100.000,36562.8
1579.724,2689.934,80.2257,100.000,36553.5
1580.224,2690.134,80.2430,100.000,36544.8
1580.225,2690.332,80.2666,100.000,36532.6
1580.225,2690.531,80.2860,100.000,36522.8
1580.724,2690.730,80.3047,100.000,36513.2
1580.724,2690.930,80.3254,100.000,36502.6
1581.224,2691.129,80.3511,100.000,36489.5
1581.224,2691.328,80.3682,100.000,36480.7
1581.225,2691.527,80.3940,100.000,36467.5
1581.724,2691.726,80.4185,100.000,36455.0
1581.724,2691.927,80.4430,100.000,36442.5
1582.224,2692.125,80.4604,100.000,36433.6
1582.225,2692.324,80.4788,100.000,36424.1
1582.225,2692.524,80.4958,100.000,36415.5
1582.724,2692.723,80.5172,100.000,36404.5
1582.724,2692.922,80.5347,100.000,36395.6
1583.224,2693.121,80.5578,100.000,36383.8
1583.224,2693.320,80.5749,100.000,36375.1
1583.224,2693.520,80.5972,100.000,36363.7
1583.724,2693.720,80.6201,100.000,36351.9
1583.725,2693.918,80.6416,100.000,36341.0
1583.725,2694.117,80.6662,100.000,36328.4
1584.224,2694.316,80.6841,100.000,36319.3
1584.225,2694.516,80.7046,100.000,36308.8
1584.724,2694.715,80.7285,100.000,36296.6
1584.724,2694.914,80.7503,100.000,36285.4
1584.724,2695.113,80.7642,100.000,36278.4
1585.224,2695.312,80.7808,100.000,36269.8
1585.225,2695.513,80.8074,100.000,36256.2
1585.724,2695.711,80.8192,100.000,36250.3
1585.724,2695.910,80.8486,100.000,36235.2
1585.724,2696.110,80.8696,100.000,36224.6
1586.224,2696.308,80.8877,100.000,36215.4
1586.225,2696.508,80.9147,100.000,36201.5
1586.724,2696.707,80.9347,100.000,36191.3
1586.725,2696.906,80.9561,100.000,36180.4
1586.725,2697.106,80.9770,100.000,36169.7
1587.224,2697.305,80.9969,100.000,36159.6
1587.224,2697.504,81.0171,100.000,36149.2
1587.724,2697.703,81.0303,100.000,36142.5
1587.725,2697.902,81.0527,100.000,36131.1
1587.725,2698.102,81.0674,100.000,36123.6
1588.224,2698.302,81.0942,100.000,36109.8
1588.225,2698.500,81.1138,100.000,36099.9
1588.724,2698.699,81.1315,100.000,36090.8
1588.724,2698.898,81.1574,100.000,36077.6
1588.724,2699.098,81.1748,100.000,36068.8
1589.224,2699.297,81.1937,100.000,36059.1
1589.225,2699.496,81.2145,100.000,36048.5
1589.724,2699.695,81.2285,100.000,36041.3
1589.725,2699.894,81.2480,100.000,36031.4
1589.725,2700.095,81.2703,100.000,36020.0
1590.224,2700.293,81.2941,100.000,36007.9
1590.224,2700.492,81.3125,100.000,35998.6
1590.724,2700.692,81.3317,100.000,35988.7
1590.725,2700.890,81.3490,100.000,35979.9
1590.725,2701.090,81.3703,100.000,35969.0
1591.224,2701.289,81.3931,100.000,35957.4
1591.225,2701.488,81.4170,100.000,35945.3
1591.724,2701.688,81.4414,100.000,35932.8
1591.724,2701.888,81.4531,100.000,35926.9
1591.724,2702.086,81.4774,100.000,35914.4
1592.224,2702.285,81.4969,100.000,35904.5
1592.224,2702.484,81.5176,100.000,35893.9
1592.724,2702.684,81.5332,100.000,35885.9
1592.724,2702.884,81.5558,100.000,35874.4
1592.724,2703.082,81.5661,100.000,35869.2
1593.224,2703.281,81.5874,100.000,35858.3
1593.225,2703.480,81.6068,100.000,35848.5
1593.724,2703.680,81.6367,100.000,35833.2
1593.725,2703.879,81.6546,100.000,35824.1
1593.725,2704.078,81.6794,100.000,35811.4
1594.224,2704.277,81.6997,100.000,35801.1
1594.224,2704.476,81.7173,100.000,35792.1
1594.724,2704.677,81.7362,100.000,35782.5
1594.724,2704.875,81.7505,100.000,35775.3
1594.724,2705.074,81.7715,100.000,35764.5
1595.224,2705.274,81.7905,100.000,35754.9
1595.224,2705.473,81.8096,100.000,35745.2
1595.724,2705.672,81.8237,100.000,35737.9
1595.724,2705.871,81.8465,100.000,35726.3
1595.724,2706.070,81.8667,100.000,35716.1
1596.224,2706.269,81.8862,100.000,35706.1
1596.224,2706.470,81.9132,100.000,35692.3
1596.724,2706.668,81.9279,100.000,35684.8
1596.724,2706.867,81.9528,100.000,35672.2
1596.724,2707.066,81.9753,100.000,35660.7
1597.224,2707.266,81.9922,100.000,35652.2
1597.224,2707.465,82.0067,100.000,35644.7
1597.724,2707.664,82.0260,100.000,35634.9
1597.724,2707.863,82.0459,100.000,35624.8
1597.725,2708.062,82.0581,100.000,35618.5
1598.224,2708.263,82.0791,100.000,35608.0
1598.224,2708.461,82.0962,100.000,35599.2
1598.724,2708.660,82.1221,100.000,35586.0
1598.724,2708.860,82.1396,100.000,35577.0
1598.725,2709.058,82.1571,100.000,35568.2
1599.224,2709.258,82.1824,100.000,35555.3
1599.224,2709.457,82.1971,100.000,35547.9
1599.724,2709.656,82.2217,100.000,35535.4
1599.724,2709.856,82.2389,100.000,35526.6
1599.724,2710.055,82.2510,100.000,35520.4
1600.224,2710.254,82.2715,100.000,35510.0
1600.224,2710.453,82.2879,100.000,35501.6
1600.724,2710.652,82.3076,100.000,35491.6
1600.724,2710.852,82.3258,100.000,35482.4
1600.724,2711.052,82.3429,100.000,35473.6
1601.224,2711.250,82.3608,100.000,35464.5
1601.225,2711.449,82.3818,100.000,35453.8
1601.724,2711.648,82.4092,100.000,35440.0
1601.724,2711.848,82.4321,100.000,35428.2
1601.724,2712.047,82.4490,100.000,35419.7
1602.224,2712.246,82.4613,100.000,35413.5
1602.224,2712.445,82.4782,100.000,35404.8
1602.723,2712.644,82.4966,100.000,35395.5
1602.724,2712.845,82.5137,100.000,35386.9
1602.724,2713.043,82.5283,100.000,35379.4
1603.224,2713.242,82.5526,100.000,35367.1
1603.224,2713.442,82.5664,100.000,35360.0
1603.724,2713.640,82.5869,100.000,35349.6
1603.724,2713.840,82.6030,100.000,35341.4
1603.724,2714.039,82.6265,100.000,35329.5
1604.224,2714.238,82.6444,100.000,35320.4
1604.224,2714.438,82.6603,100.000,35312.3
1604.724,2714.638,82.6789,100.000,35302.8
1604.724,2714.836,82.6984,100.000,35292.9
1604.724,2715.035,82.7148,100.000,35284.7
1605.224,2715.234,82.7324,100.000,35275.6
1605.224,2715.434,82.7476,100.000,35267.9
1605.724,2715.634,82.7648,100.000,35259.2
1605.724,2715.832,82.7865,100.000,35248.2
1605.724,2716.031,82.7987,100.000,35242.1
1606.224,2716.230,82.8151,100.000,35233.7
1606.224,2716.430,82.8351,100.000,35223.5
1606.724,2716.629,82.8506,100.000,35215.7
1606.724,2716.828,82.8652,100.000,35208.3
1606.724,2717.027,82.8892,100.000,35196.0
1607.224,2717.226,82.9069,100.000,35187.1
1607.224,2717.427,82.9311,100.000,35174.8
1607.724,2717.625,82.9438,100.000,35168.3
1607.725,2717.824,82.9635,100.000,35158.4
1607.725,2718.024,82.9801,100.000,35149.9
1608.224,2718.223,82.9922,100.000,35143.8
1608.224,2718.422,83.0112,100.000,35134.1
1608.724,2718.621,83.0234,100.000,35127.9
1608.724,2718.820,83.0434,100.000,35117.8
1608.724,2719.020,83.0581,100.000,35110.4
1609.224,2719.220,83.0760,100.000,35101.2
1609.224,2719.418,83.0879,100.000,35095.2
1609.224,2719.617,83.1053,100.000,35086.4
1609.724,2719.816,83.1203,100.000,35078.7
1609.725,2720.016,83.1416,100.000,35068.0
1610.224,2720.215,83.1621,100.000,35057.5
1610.224,2720.414,83.1787,100.000,35049.1
1610.224,2720.613,83.2051,100.000,35035.7
1610.724,2720.812,83.2150,100.000,35030.6
1610.724,2721.013,83.2339,100.000,35021.2
1611.224,2721.211,83.2510,100.000,35012.5
1611.224,2721.410,83.2661,100.000,35004.8
1611.225,2721.610,83.2765,100.000,34999.5
1611.724,2721.808,83.2962,100.000,34989.6
1611.724,2722.009,83.3115,100.000,34981.7
1612.224,2722.207,83.3310,100.000,34971.9
1612.224,2722.406,83.3481,100.000,34963.3
1612.224,2722.605,83.3600,100.000,34957.2
1612.724,2722.805,83.3869,100.000,34943.6
1612.724,2723.004,83.4036,100.000,34935.1
1613.224,2723.203,83.4272,100.000,34923.2
1613.224,2723.402,83.4484,100.000,34912.4
1613.224,2723.602,83.4603,100.000,34906.4
1613.724,2723.801,83.4800,100.000,34896.5
1613.724,2724.000,83.4951,100.000,34888.7
1614.224,2724.199,83.5096,100.000,34881.4
1614.224,2724.398,83.5298,100.000,34871.2
1614.225,2724.598,83.5391,100.000,34866.5
1614.724,2724.797,83.5558,100.000,34858.0
1614.725,2724.996,83.5713,100.000,34850.2
1615.224,2725.195,83.5981,100.000,34836.5
1615.224,2725.394,83.6107,100.000,34830.2
1615.224,2725.594,83.6255,100.000,34822.7
1615.724,2725.793,83.6473,100.000,34811.6
1615.724,2725.992,83.6792,100.000,34795.5
1616.224,2726.192,83.6956,100.000,34787.2
1616.224,2726.390,83.7155,100.000,34777.1
1616.225,2726.590,83.7349,100.000,34767.4
1616.724,2726.789,83.7511,100.000,34759.1
1616.724,2726.990,83.7627,100.000,34753.3
1617.224,2727.188,83.7832,100.000,34742.8
1617.224,2727.388,83.8008,100.000,34733.9
1617.224,2727.586,83.8232,100.000,34722.6
1617.724,2727.785,83.8301,100.000,34719.2
1617.724,2727.986,83.8534,100.000,34707.4
1618.224,2728.184,83.8691,100.000,34699.4
1618.224,2728.384,83.8918,100.000,34687.9
1618.225,2728.582,83.9053,100.000,34681.1
1618.724,2728.781,83.9311,100.000,34668.0
1618.725,2728.980,83.9458,100.000,34660.6
1619.224,2729.180,83.9671,100.000,34649.8
1619.224,2729.379,83.9829,100.000,34641.8
1619.224,2729.578,83.9940,100.000,34636.3
1619.724,2729.777,84.0169,100.000,34624.6
1619.724,2729.976,84.0330,100.000,34616.4
1620.224,2730.177,84.0511,100.000,34607.3
1620.224,2730.375,84.0644,100.000,34600.6
1620.224,2730.574,84.0851,100.000,34590.1
1620.724,2730.774,84.1035,100.000,34580.8
1620.724,2730.973,84.1149,100.000,34575.1
1621.224,2731.172,84.1305,100.000,34567.2
1621.224,2731.371,84.1514,100.000,34556.6
1621.225,2731.570,84.1704,100.000,34547.0
1621.724,2731.770,84.1929,100.000,34535.6
1621.724,2731.970,84.2183,100.000,34522.9
1622.224,2732.168,84.2275,100.000,34518.1
1622.224,2732.367,84.2445,100.000,34509.6
1622.224,2732.566,84.2596,100.000,34502.0
1622.724,2732.766,84.2783,100.000,34492.5
1622.724,2732.965,84.3009,100.000,34481.0
1623.224,2733.164,84.3140,100.000,34474.5
1623.224,2733.363,84.3312,100.000,34465.7
1623.224,2733.562,84.3468,100.000,34457.9
1623.724,2733.763,84.3646,100.000,34448.8
1623.724,2733.961,84.3760,100.000,34443.2
1624.224,2734.160,84.4022,100.000,34430.0
1624.224,2734.360,84.4224,100.000,34419.8
1624.225,2734.558,84.4430,100.000,34409.3
1624.724,2734.759,84.4637,100.000,34398.9
1624.724,2734.957,84.4766,100.000,34392.4
1625.224,2735.156,84.4985,100.000,34381.4
1625.224,2735.356,84.5117,100.000,34374.7
1625.224,2735.555,84.5275,100.000,34366.7
1625.724,2735.754,84.5422,100.000,34359.3
1625.724,2735.953,84.5576,100.000,34351.6
1626.224,2736.152,84.5825,100.000,34339.0
1626.224,2736.352,84.6032,100.000,34328.5
1626.225,2736.552,84.6099,100.000,34325.2
1626.724,2736.750,84.6362,100.000,34311.8
1626.724,2736.949,84.6528,100.000,34303.4
1627.224,2737.148,84.6792,100.000,34290.1
1627.224,2737.348,84.6880,100.000,34285.7
1627.224,2737.547,84.7100,100.000,34274.6
1627.724,2737.746,84.7249,100.000,34267.1
1627.724,2737.945,84.7378,100.000,34260.6
1628.224,2738.144,84.7568,100.000,34251.0
1628.224,2738.345,84.7754,100.000,34241.6
1628.224,2738.543,84.7894,100.000,34234.6
1628.724,2738.742,84.8040,100.000,34227.2
1628.724,2738.942,84.8273,100.000,34215.5
1629.224,2739.140,84.8405,100.000,34208.8
1629.224,2739.340,84.8516,100.000,34203.3
1629.224,2739.539,84.8729,100.000,34192.5
1629.724,2739.738,84.8911,100.000,34183.4
1629.724,2739.938,84.9100,100.000,34173.8
1630.224,2740.138,84.9297,100.000,34163.9
1630.224,2740.336,84.9522,100.000,34152.6
1630.224,2740.535,84.9674,100.000,34144.8
1630.724,2740.734,84.9831,100.000,34137.0
1630.725,2740.934,85.0005,100.000,34128.3
1631.224,2741.134,85.0125,100.000,34122.2
1631.224,2741.332,85.0337,100.000,34111.5
1631.224,2741.531,85.0439,100.000,34106.4
1631.724,2741.730,85.0635,100.000,34096.5
1631.724,2741.930,85.0736,100.000,34091.4
1632.224,2742.129,85.1027,100.000,34076.8
1632.224,2742.328,85.1157,100.000,34070.2
1632.224,2742.527,85.1328,100.000,34061.6
1632.723,2742.726,85.1453,100.000,34055.4
1632.724,2742.927,85.1663,100.000,34044.7
1633.224,2743.125,85.1846,100.000,34035.5
1633.224,2743.324,85.2041,100.000,34025.7
1633.225,2743.524,85.2176,100.000,34018.9
1633.723,2743.723,85.2319,100.000,34011.8
1633.724,2743.922,85.2480,100.000,34003.6
1634.224,2744.121,85.2646,100.000,33995.2
1634.224,2744.320,85.2783,100.000,33988.4
1634.224,2744.520,85.3001,100.000,33977.4
1634.724,2744.720,85.3167,100.000,33969.0
1634.724,2744.918,85.3319,100.000,33961.4
1634.724,2745.117,85.3439,100.000,33955.4
1635.224,2745.316,85.3607,100.000,33947.0
1635.224,2745.516,85.3804,100.000,33937.1
1635.724,2745.715,85.3903,100.000,33932.1
1635.724,2745.914,85.4009,100.000,33926.8
1635.725,2746.113,85.4297,100.000,33912.2
1636.224,2746.312,85.4463,100.000,33903.9
1636.224,2746.513,85.4634,100.000,33895.3
1636.724,2746.711,85.4876,100.000,33883.2
1636.724,2746.910,85.4976,100.000,33878.1
1636.724,2747.110,85.5055,100.000,33874.1
1637.224,2747.308,85.5301,100.000,33861.8
1637.224,2747.509,85.5415,100.000,33856.1
1637.724,2747.707,85.5632,100.000,33845.2
1637.724,2747.906,85.5799,100.000,33836.8
1637.724,2748.106,85.5902,100.000,33831.6
1638.224,2748.305,85.6042,100.000,33824.6
1638.224,2748.504,85.6198,100.000,33816.7
1638.724,2748.703,85.6328,100.000,33810.2
1638.724,2748.902,85.6576,100.000,33797.8
1638.724,2749.102,85.6719,100.000,33790.6
1639.224,2749.302,85.6885,100.000,33782.2
1639.224,2749.500,85.7069,100.000,33773.0
1639.724,2749.699,85.7301,100.000,33761.3
1639.724,2749.898,85.7466,100.000,33753.0
1639.724,2750.098,85.7559,100.000,33748.4
1640.224,2750.297,85.7729,100.000,33739.8
1640.224,2750.496,85.7892,100.000,33731.7
1640.724,2750.695,85.8013,100.000,33725.7
1640.724,2750.894,85.8208,100.000,33715.8
1640.724,2751.095,85.8301,100.000,33711.2
1641.224,2751.293,85.8491,100.000,33701.6
1641.224,2751.492,85.8638,100.000,33694.3
1641.724,2751.692,85.8791,100.000,33686.5
1641.724,2751.890,85.8953,100.000,33678.5
1641.725,2752.090,85.9124,100.000,33669.8
1642.224,2752.289,85.9302,100.000,33661.0
1642.224,2752.488,85.9520,100.000,33650.0
1642.724,2752.687,85.9658,100.000,33643.1
1642.724,2752.888,85.9844,100.000,33633.8
1642.724,2753.086,86.0015,100.000,33625.2
1643.224,2753.285,86.0135,100.000,33619.2
1643.224,2753.484,86.0241,100.000,33613.8
1643.724,2753.684,86.0443,100.000,33603.8
1643.724,2753.882,86.0501,100.000,33600.8
1643.725,2754.082,86.0745,100.000,33588.6
1644.224,2754.281,86.0921,100.000,33579.7
1644.224,2754.480,86.1053,100.000,33573.2
1644.724,2754.680,86.1245,100.000,33563.5
1644.724,2754.879,86.1353,100.000,33558.1
1644.724,2755.078,86.1484,100.000,33551.5
1645.224,2755.277,86.1628,100.000,33544.4
1645.225,2755.476,86.1893,100.000,33531.1
1645.723,2755.676,86.2000,100.000,33525.7
1645.723,2755.875,86.2251,100.000,33513.1
1645.723,2756.074,86.2332,100.000,33509.1
1646.224,2756.274,86.2516,100.000,33499.8
1646.224,2756.473,86.2658,100.000,33492.8
1646.724,2756.672,86.2847,100.000,33483.3
1646.724,2756.871,86.2939,100.000,33478.8
1646.724,2757.070,86.3092,100.000,33471.0
1647.224,2757.270,86.3276,100.000,33461.8
1647.224,2757.470,86.3418,100.000,33454.8
1647.724,2757.668,86.3613,100.000,33445.0
1647.724,2757.867,86.3690,100.000,33441.1
1647.724,2758.066,86.3869,100.000,33432.1
1648.224,2758.266,86.4072,100.000,33422.0
1648.224,2758.465,86.4224,100.000,33414.3
1648.724,2758.664,86.4403,100.000,33405.5
1648.724,2758.863,86.4546,100.000,33398.3
1648.724,2759.062,86.4800,100.000,33385.6
1649.224,2759.263,86.4917,100.000,33379.8
1649.224,2759.461,86.5096,100.000,33370.8
1649.724,2759.660,86.5203,100.000,33365.4
1649.724,2759.860,86.5430,100.000,33354.2
1649.724,2760.058,86.5545,100.000,33348.3
1650.224,2760.259,86.5623,100.000,33344.4
1650.225,2760.457,86.5806,100.000,33335.4
1650.724,2760.656,86.5985,100.000,33326.3
1650.725,2760.856,86.6103,100.000,33320.4
1650.725,2761.055,86.6274,100.000,33311.9
1651.224,2761.254,86.6374,100.000,33306.9
1651.224,2761.453,86.6567,100.000,33297.2
1651.724,2761.652,86.6689,100.000,33291.1
1651.724,2761.852,86.6958,100.000,33277.7
1651.724,2762.054,86.7100,100.000,33270.6
1652.224,2762.250,86.7292,100.000,33261.0
1652.224,2762.449,86.7433,100.000,33253.9
1652.724,2762.648,86.7588,100.000,33246.2
1652.725,2762.848,86.7759,100.000,33237.6
1652.725,2763.048,86.7830,100.000,33234.1
1653.224,2763.246,86.8019,100.000,33224.7
1653.225,2763.445,86.8141,100.000,33218.6
1653.724,2763.644,86.8283,100.000,33211.5
1653.725,2763.845,86.8444,100.000,33203.4
1653.725,2764.043,86.8638,100.000,33193.8
1654.224,2764.242,86.8789,100.000,33186.2
1654.224,2764.442,86.8848,100.000,33183.3
1654.724,2764.640,86.9036,100.000,33173.9
1654.725,2764.840,86.9193,100.000,33166.1
1654.725,2765.039,86.9357,100.000,33157.8
1655.224,2765.238,86.9561,100.000,33147.7
1655.224,2765.438,86.9697,100.000,33140.9
1655.723,2765.638,86.9907,100.000,33130.5
1655.723,2765.836,87.0086,100.000,33121.5
1655.723,2766.035,87.0257,100.000,33113.0
1656.224,2766.234,87.0371,100.000,33107.3
1656.224,2766.434,87.0469,100.000,33102.4
1656.724,2766.634,87.0640,100.000,33093.9
1656.725,2766.832,87.0789,100.000,33086.4
1656.725,2767.031,87.0975,100.000,33077.1
1657.223,2767.230,87.1016,100.000,33075.1
1657.223,2767.430,87.1195,100.000,33066.2
1657.724,2767.629,87.1382,100.000,33056.9
1657.724,2767.828,87.1558,100.000,33048.2
1657.724,2768.027,87.1681,100.000,33042.0
1658.224,2768.226,87.1829,100.000,33034.6
1658.224,2768.426,87.2020,100.000,33025.1
1658.724,2768.625,87.2202,100.000,33016.1
1658.725,2768.824,87.2384,100.000,33006.9
1658.725,2769.024,87.2521,100.000,33000.1
1659.224,2769.223,87.2668,100.000,32992.8
1659.224,2769.422,87.2809,100.000,32985.7
1659.724,2769.621,87.2954,100.000,32978.6
1659.724,2769.820,87.3104,100.000,32971.1
1659.724,2770.020,87.3306,100.000,32961.0
1660.223,2770.220,87.3389,100.000,32956.9
1660.224,2770.418,87.3560,100.000,32948.4
1660.224,2770.617,87.3750,100.000,32938.9
1660.724,2770.816,87.3835,100.000,32934.7
1660.725,2771.016,87.3994,100.000,32926.8
1661.224,2771.215,87.4155,100.000,32918.8
1661.224,2771.414,87.4276,100.000,32912.7
1661.225,2771.613,87.4536,100.000,32899.8
1661.724,2771.812,87.4598,100.000,32896.7
1661.724,2772.012,87.4784,100.000,32887.5
1662.224,2772.211,87.4997,100.000,32876.8
1662.224,2772.410,87.5190,100.000,32867.2
1662.224,2772.610,87.5324,100.000,32860.6
1662.724,2772.808,87.5519,100.000,32850.9
1662.724,2773.009,87.5609,100.000,32846.4
1663.224,2773.207,87.5705,100.000,32841.7
1663.225,2773.406,87.5890,100.000,32832.4
1663.225,2773.606,87.6079,100.000,32823.0
1663.724,2773.805,87.6214,100.000,32816.3
1663.725,2774.004,87.6383,100.000,32807.8
1664.224,2774.203,87.6473,100.000,32803.5
1664.225,2774.402,87.6646,100.000,32794.8
1664.225,2774.602,87.6828,100.000,32785.8
1664.724,2774.801,87.7018,100.000,32776.3
1664.724,2775.000,87.7241,100.000,32765.2
1665.224,2775.199,87.7521,100.000,32751.3
1665.224,2775.398,87.7790,100.000,32738.0
1665.225,2775.598,87.8032,100.000,32726.0
1665.724,2775.797,87.8232,100.000,32716.0
1665.724,2775.996,87.8421,100.000,32706.7
1666.224,2776.195,87.8639,100.000,32695.8
1666.224,2776.394,87.8802,100.000,32687.7
1666.224,2776.594,87.8934,100.000,32681.2
1666.724,2776.793,87.9077,100.000,32674.1
1666.724,2776.992,87.9211,100.000,32667.4
1667.224,2777.192,87.9380,100.000,32659.0
1667.225,2777.390,87.9627,100.000,32646.8
1667.225,2777.590,87.9707,100.000,32642.8
1667.723,2777.789,87.9959,100.000,32630.3
1667.724,2777.988,88.0098,100.000,32623.5
1668.224,2778.188,88.0420,100.000,32607.4
1668.224,2778.387,88.0459,100.000,32605.5
1668.225,2778.586,88.0640,100.000,32596.5
1668.724,2778.785,88.0721,100.000,32592.5
1668.725,2778.984,88.0942,100.000,32581.5
1669.224,2779.184,88.1032,100.000,32577.1
1669.224,2779.384,88.1216,100.000,32567.9
1669.224,2779.582,88.1356,100.000,32561.0
1669.724,2779.781,88.1533,100.000,32552.2
1669.725,2779.980,88.1616,100.000,32548.1
1670.224,2780.180,88.1704,100.000,32543.7
1670.225,2780.379,88.1956,100.000,32531.2
1670.225,2780.578,88.2065,100.000,32525.8
1670.724,2780.777,88.2231,100.000,32517.6
1670.724,2780.976,88.2412,100.000,32508.7
1671.224,2781.177,88.2591,100.000,32499.7
1671.224,2781.375,88.2713,100.000,32493.7
1671.224,2781.574,88.2886,100.000,32485.2
1671.724,2781.774,88.3068,100.000,32476.1
1671.725,2781.973,88.3208,100.000,32469.2
1672.224,2782.172,88.3324,100.000,32463.5
1672.225,2782.371,88.3496,100.000,32454.9
1672.225,2782.570,88.3604,100.000,32449.6
1672.724,2782.770,88.3797,100.000,32440.1
1672.724,2782.970,88.3872,100.000,32436.3
1673.224,2783.168,88.4040,100.000,32428.0
1673.224,2783.367,88.4131,100.000,32423.5
1673.224,2783.566,88.4279,100.000,32416.2
1673.724,2783.766,88.4427,100.000,32409.0
1673.724,2783.965,88.4596,100.000,32400.5
1674.224,2784.164,88.4717,100.000,32394.6
1674.224,2784.363,88.4834,100.000,32388.8
1674.225,2784.562,88.5098,100.000,32375.8
1674.724,2784.763,88.5212,100.000,32370.1
1674.724,2784.961,88.5342,100.000,32363.6
1675.224,2785.160,88.5552,100.000,32353.2
1675.224,2785.359,88.5737,100.000,32344.1
1675.224,2785.558,88.5850,100.000,32338.6
1675.724,2785.759,88.5947,100.000,32333.7
1675.724,2785.957,88.6185,100.000,32322.0
1676.224,2786.156,88.6284,100.000,32317.0
1676.224,2786.356,88.6480,100.000,32307.3
1676.225,2786.555,88.6523,100.000,32305.2
1676.724,2786.754,88.6680,100.000,32297.5
1676.724,2786.953,88.6824,100.000,32290.3
1677.224,2787.152,88.6987,100.000,32282.3
1677.224,2787.352,88.7127,100.000,32275.4
1677.225,2787.552,88.7287,100.000,32267.5
1677.724,2787.750,88.7396,100.000,32262.1
1677.724,2787.949,88.7563,100.000,32253.8
1678.224,2788.148,88.7762,100.000,32244.0
1678.224,2788.348,88.7896,100.000,32237.3
1678.224,2788.547,88.8026,100.000,32231.0
1678.724,2788.746,88.8188,100.000,32223.0
1678.724,2788.945,88.8359,100.000,32214.6
1679.224,2789.144,88.8447,100.000,32210.1
1679.225,2789.345,88.8581,100.000,32203.5
1679.225,2789.543,88.8706,100.000,32197.4
1679.724,2789.742,88.8849,100.000,32190.2
1679.724,2789.942,88.8960,100.000,32184.8
1680.224,2790.140,88.9204,100.000,32172.8
1680.224,2790.340,88.9313,100.000,32167.4
1680.224,2790.539,88.9412,100.000,32162.5
1680.724,2790.738,88.9533,100.000,32156.6
1680.724,2790.938,88.9676,100.000,32149.5
1681.224,2791.138,88.9832,100.000,32141.8
1681.224,2791.336,89.0029,100.000,32132.0
1681.224,2791.535,89.0135,100.000,32126.9
1681.724,2791.734,89.0386,100.000,32114.5
1681.724,2791.934,89.0469,100.000,32110.4
1682.224,2792.134,89.0690,100.000,32099.5
1682.224,2792.332,89.0740,100.000,32097.1
1682.225,2792.531,89.1020,100.000,32083.2
1682.724,2792.730,89.1123,100.000,32078.2
1682.724,2792.930,89.1229,100.000,32073.0
1683.224,2793.129,89.1359,100.000,32066.5
1683.225,2793.328,89.1466,100.000,32061.2
1683.225,2793.527,89.1631,100.000,32053.2
1683.724,2793.726,89.1789,100.000,32045.4
1683.724,2793.927,89.1901,100.000,32039.8
1684.224,2794.125,89.2013,100.000,32034.2
1684.224,2794.324,89.2155,100.000,32027.2
1684.224,2794.524,89.2272,100.000,32021.5
1684.723,2794.723,89.2440,100.000,32013.3
1684.723,2794.922,89.2601,100.000,32005.3
1685.224,2795.121,89.2752,100.000,31997.9
1685.224,2795.320,89.2920,100.000,31989.6
1685.224,2795.520,89.3063,100.000,31982.6
1685.724,2795.720,89.3232,100.000,31974.2
1685.725,2795.918,89.3345,100.000,31968.7
1685.725,2796.117,89.3481,100.000,31962.0
1686.224,2796.316,89.3597,100.000,31956.3
1686.224,2796.516,89.3750,100.000,31948.8
1686.724,2796.715,89.3882,100.000,31942.3
1686.724,2796.914,89.4062,100.000,31933.4
1686.724,2797.114,89.4132,100.000,31929.9
1687.223,2797.312,89.4297,100.000,31921.9
1687.223,2797.513,89.4434,100.000,31915.2
1687.724,2797.711,89.4551,100.000,31909.4
1687.724,2797.910,89.4660,100.000,31904.0
1687.724,2798.110,89.4810,100.000,31896.7
1688.224,2798.308,89.4985,100.000,31887.9
1688.224,2798.509,89.5093,100.000,31882.7
1688.724,2798.707,89.5244,100.000,31875.3
1688.724,2798.906,89.5420,100.000,31866.7
1688.724,2799.107,89.5552,100.000,31860.1
1689.223,2799.305,89.5727,100.000,31851.6
1689.224,2799.504,89.5835,100.000,31846.2
1689.724,2799.703,89.6051,100.000,31835.7
1689.725,2799.902,89.6186,100.000,31829.0
1689.725,2800.102,89.6308,100.000,31823.0
1690.224,2800.302,89.6463,100.000,31815.4
1690.224,2800.500,89.6562,100.000,31810.6
1690.724,2800.699,89.6668,100.000,31805.3
1690.724,2800.898,89.6787,100.000,31799.4
1690.724,2801.098,89.6943,100.000,31791.7
1691.224,2801.297,89.7109,100.000,31783.7
1691.224,2801.496,89.7214,100.000,31778.5
1691.724,2801.695,89.7340,100.000,31772.3
1691.724,2801.894,89.7505,100.000,31764.2
1691.725,2802.095,89.7562,100.000,31761.4
1692.224,2802.293,89.7734,100.000,31753.0
1692.224,2802.492,89.7869,100.000,31746.3
1692.724,2802.692,89.8084,100.000,31735.8
1692.724,2802.890,89.8242,100.000,31728.0
1692.725,2803.090,89.8384,100.000,31721.0
1693.224,2803.289,89.8468,100.000,31716.9
1693.224,2803.488,89.8644,100.000,31708.2
1693.724,2803.687,89.8701,100.000,31705.5
1693.724,2803.888,89.8856,100.000,31697.9
1693.725,2804.086,89.9041,100.000,31688.8
1694.224,2804.285,89.9128,100.000,31684.6
1694.225,2804.484,89.9189,100.000,31681.5
1694.724,2804.684,89.9342,100.000,31674.1
1694.724,2804.884,89.9412,100.000,31670.6
1694.724,2805.082,89.9588,100.000,31662.0
1695.224,2805.281,89.9805,100.000,31651.5
1695.224,2805.480,89.9914,100.000,31646.1
1695.724,2805.680,89.9967,100.000,31643.4
1695.725,2805.879,90.0146,100.000,31634.6
1695.725,2806.078,90.0230,100.000,31630.5
1696.224,2806.277,90.0322,100.000,31626.0
1696.224,2806.476,90.0527,100.000,31615.9
1696.724,2806.677,90.0669,100.000,31609.1
1696.725,2806.875,90.0798,100.000,31602.8
1696.725,2807.074,90.0985,100.000,31593.5
1697.224,2807.274,90.1138,100.000,31586.2
1697.225,2807.473,90.1216,100.000,31582.3
1697.724,2807.672,90.1328,100.000,31576.7
1697.724,2807.871,90.1491,100.000,31568.7
1697.724,2808.070,90.1637,100.000,31561.6
1698.224,2808.270,90.1797,100.000,31553.8
1698.224,2808.470,90.1916,100.000,31548.0
1698.724,2808.668,90.1951,100.000,31546.2
1698.725,2808.867,90.2091,100.000,31539.4
1698.725,2809.066,90.2225,100.000,31532.8
1699.224,2809.266,90.2339,100.000,31527.2
1699.224,2809.465,90.2409,100.000,31523.8
1699.724,2809.664,90.2555,100.000,31516.7
1699.724,2809.863,90.2653,100.000,31511.8
1699.725,2810.062,90.2809,100.000,31504.2
1700.224,2810.263,90.2920,100.000,31498.8
1700.225,2810.461,90.3125,100.000,31488.7
1700.724,2810.660,90.3198,100.000,31485.2
1700.725,2810.860,90.3340,100.000,31478.3
1700.725,2811.058,90.3506,100.000,31470.2
1701.224,2811.259,90.3604,100.000,31465.4
1701.224,2811.457,90.3802,100.000,31455.7
1701.724,2811.656,90.3911,100.000,31450.4
1701.725,2811.856,90.4004,100.000,31445.8
1701.725,2812.055,90.4102,100.000,31441.1
1702.224,2812.254,90.4233,100.000,31434.6
1702.225,2812.453,90.4350,100.000,31428.9
1702.724,2812.652,90.4487,100.000,31422.2
1702.724,2812.852,90.4536,100.000,31419.8
1702.724,2813.052,90.4740,100.000,31409.9
1703.224,2813.250,90.4853,100.000,31404.4
1703.224,2813.449,90.4888,100.000,31402.6
1703.724,2813.648,90.5021,100.000,31396.1
1703.725,2813.848,90.5158,100.000,31389.5
1703.725,2814.047,90.5257,100.000,31384.7
1704.224,2814.246,90.5347,100.000,31380.2
1704.225,2814.445,90.5477,100.000,31373.9
1704.724,2814.644,90.5685,100.000,31363.7
1704.724,2814.845,90.5814,100.000,31357.5
1704.724,2815.043,90.5833,100.000,31356.5
1705.224,2815.242,90.6020,100.000,31347.3
1705.224,2815.442,90.6159,100.000,31340.5
1705.724,2815.640,90.6351,100.000,31331.2
1705.724,2815.840,90.6488,100.000,31324.6
1705.724,2816.039,90.6572,100.000,31320.3
1706.224,2816.238,90.6745,100.000,31311.9
1706.224,2816.438,90.6824,100.000,31308.1
1706.724,2816.637,90.6955,100.000,31301.7
1706.724,2816.836,90.7018,100.000,31298.6
1706.724,2817.035,90.7156,100.000,31291.9
1707.224,2817.234,90.7280,100.000,31285.8
1707.225,2817.434,90.7347,100.000,31282.6
1707.724,2817.634,90.7515,100.000,31274.4
1707.724,2817.832,90.7611,100.000,31269.8
1707.724,2818.031,90.7725,100.000,31264.2
1708.224,2818.230,90.7861,100.000,31257.5
1708.224,2818.430,90.7944,100.000,31253.5
1708.724,2818.629,90.8084,100.000,31246.7
1708.724,2818.828,90.8175,100.000,31242.1
1708.724,2819.027,90.8364,100.000,31233.0
1709.224,2819.226,90.8485,100.000,31227.1
1709.225,2819.427,90.8560,100.000,31223.4
1709.724,2819.625,90.8704,100.000,31216.4
1709.724,2819.824,90.8895,100.000,31207.1
1709.725,2820.024,90.9023,100.000,31200.8
1710.224,2820.223,90.9103,100.000,31196.9
1710.224,2820.422,90.9194,100.000,31192.5
1710.724,2820.621,90.9406,100.000,31182.2
1710.724,2820.820,90.9412,100.000,31182.0
1710.724,2821.020,90.9522,100.000,31176.6
1711.224,2821.220,90.9588,100.000,31173.4
1711.225,2821.418,90.9780,100.000,31164.0
1711.225,2821.617,90.9873,100.000,31159.5
1711.724,2821.816,90.9961,100.000,31155.3
1711.724,2822.016,91.0086,100.000,31149.1
1712.224,2822.215,91.0150,100.000,31146.0
1712.224,2822.414,91.0273,100.000,31140.0
1712.225,2822.613,91.0391,100.000,31134.2
1712.724,2822.812,91.0514,100.000,31128.3
1712.725,2823.013,91.0620,100.000,31123.1
1713.224,2823.211,91.0760,100.000,31116.3
1713.224,2823.410,91.0897,100.000,31109.7
1713.224,2823.610,91.0949,100.000,31107.1
1713.724,2823.808,91.1131,100.000,31098.2
1713.724,2824.009,91.1243,100.000,31092.8
1714.224,2824.207,91.1387,100.000,31085.8
1714.225,2824.406,91.1523,100.000,31079.2
1714.225,2824.606,91.1646,100.000,31073.2
1714.724,2824.805,91.1768,100.000,31067.4
1714.724,2825.004,91.1870,100.000,31062.3
1715.224,2825.203,91.1989,100.000,31056.5
1715.224,2825.402,91.2093,100.000,31051.5
1715.224,2825.601,91.2192,100.000,31046.7
1715.724,2825.802,91.2298,100.000,31041.5
1715.724,2826.000,91.2428,100.000,31035.2
1716.224,2826.199,91.2451,100.000,31034.0
1716.224,2826.398,91.2593,100.000,31027.1
1716.224,2826.598,91.2656,100.000,31024.1
1716.724,2826.797,91.2778,100.000,31018.1
1716.724,2826.996,91.2852,100.000,31014.6
1717.224,2827.195,91.3018,100.000,31006.6
1717.224,2827.394,91.3125,100.000,31001.4
1717.224,2827.595,91.3177,100.000,30998.8
1717.724,2827.793,91.3299,100.000,30992.9
1717.724,2827.992,91.3413,100.000,30987.4
1718.224,2828.192,91.3548,100.000,30980.7
1718.224,2828.390,91.3657,100.000,30975.5
1718.224,2828.590,91.3740,100.000,30971.5
1718.724,2828.789,91.3880,100.000,30964.7
1718.724,2828.988,91.3957,100.000,30960.9
1719.224,2829.188,91.4150,100.000,30951.6
1719.224,2829.388,91.4287,100.000,30944.9
1719.224,2829.586,91.4289,100.000,30944.8
1719.724,2829.785,91.4468,100.000,30936.1
1719.724,2829.984,91.4520,100.000,30933.6
1720.224,2830.184,91.4650,100.000,30927.2
1720.224,2830.384,91.4744,100.000,30922.7
1720.224,2830.582,91.4853,100.000,30917.4
1720.724,2830.781,91.4936,100.000,30913.4
1720.724,2830.980,91.5072,100.000,30906.9
1721.224,2831.180,91.5156,100.000,30902.8
1721.224,2831.379,91.5299,100.000,30895.8
1721.224,2831.578,91.5321,100.000,30894.8
1721.724,2831.777,91.5425,100.000,30889.7
1721.724,2831.976,91.5576,100.000,30882.3
1722.224,2832.177,91.5632,100.000,30879.7
1722.224,2832.375,91.5757,100.000,30873.6
1722.224,2832.574,91.5798,100.000,30871.6
1722.724,2832.773,91.5950,100.000,30864.2
1722.724,2832.973,91.6064,100.000,30858.8
1723.224,2833.172,91.6182,100.000,30853.0
1723.224,2833.371,91.6294,100.000,30847.6
1723.224,2833.570,91.6514,100.000,30836.9
1723.724,2833.770,91.6564,100.000,30834.4
1723.724,2833.970,91.6717,100.000,30827.1
1724.224,2834.168,91.6836,100.000,30821.3
1724.224,2834.367,91.6894,100.000,30818.4
1724.225,2834.566,91.7031,100.000,30811.9
1724.724,2834.766,91.7160,100.000,30805.6
1724.725,2834.965,91.7244,100.000,30801.6
1725.224,2835.164,91.7316,100.000,30798.0
1725.224,2835.363,91.7419,100.000,30793.0
1725.224,2835.562,91.7479,100.000,30790.2
1725.724,2835.763,91.7598,100.000,30784.4
1725.724,2835.961,91.7672,100.000,30780.8
1726.224,2836.160,91.7809,100.000,30774.2
1726.224,2836.360,91.7899,100.000,30769.8
1726.224,2836.558,91.8022,100.000,30763.8
1726.724,2836.759,91.8092,100.000,30760.5
1726.724,2836.957,91.8247,100.000,30753.0
1727.224,2837.156,91.8335,100.000,30748.8
1727.224,2837.356,91.8380,100.000,30746.5
1727.224,2837.555,91.8494,100.000,30741.0
1727.723,2837.754,91.8603,100.000,30735.7
1727.723,2837.953,91.8722,100.000,30729.9
1728.224,2838.152,91.8835,100.000,30724.5
1728.224,2838.351,91.8953,100.000,30718.8
1728.224,2838.552,91.9072,100.000,30713.0
1728.724,2838.750,91.9180,100.000,30707.9
1728.725,2838.949,91.9373,100.000,30698.5
1729.224,2839.148,91.9424,100.000,30696.0
1729.224,2839.348,91.9544,100.000,30690.2
1729.225,2839.547,91.9666,100.000,30684.3
1729.724,2839.746,91.9811,100.000,30677.2
1729.724,2839.945,91.9917,100.000,30672.2
1730.224,2840.144,91.9980,100.000,30669.1
1730.224,2840.345,92.0130,100.000,30661.9
1730.224,2840.543,92.0218,100.000,30657.6
1730.724,2840.742,92.0285,100.000,30654.4
1730.724,2840.942,92.0374,100.000,30650.1
1731.224,2841.140,92.0456,100.000,30646.2
1731.224,2841.340,92.0599,100.000,30639.2
1731.224,2841.539,92.0674,100.000,30635.6
1731.724,2841.738,92.0773,100.000,30630.8
1731.724,2841.938,92.0861,100.000,30626.5
1732.224,2842.138,92.0954,100.000,30622.0
1732.224,2842.336,92.1046,100.000,30617.6
1732.224,2842.535,92.1152,100.000,30612.4
1732.724,2842.734,92.1268,100.000,30606.9
1732.724,2842.934,92.1356,100.000,30602.6
1733.224,2843.132,92.1484,100.000,30596.5
1733.224,2843.332,92.1597,100.000,30591.1
1733.224,2843.531,92.1771,100.000,30582.6
1733.724,2843.730,92.1867,100.000,30577.9
1733.724,2843.930,92.1982,100.000,30572.4
1734.224,2844.129,92.2103,100.000,30566.6
1734.224,2844.328,92.2200,100.000,30561.9
1734.224,2844.527,92.2329,100.000,30555.7
1734.723,2844.726,92.2391,100.000,30552.7
1734.723,2844.927,92.2520,100.000,30546.5
1735.224,2845.125,92.2585,100.000,30543.3
1735.224,2845.324,92.2700,100.000,30537.8
1735.224,2845.524,92.2788,100.000,30533.6
1735.724,2845.723,92.2917,100.000,30527.3
1735.724,2845.922,92.3034,100.000,30521.7
1736.223,2846.121,92.3106,100.000,30518.2
1736.223,2846.320,92.3180,100.000,30514.6
1736.223,2846.520,92.3302,100.000,30508.7
1736.724,2846.720,92.3356,100.000,30506.1
1736.724,2846.918,92.3491,100.000,30499.7
1736.724,2847.117,92.3621,100.000,30493.4
1737.224,2847.316,92.3638,100.000,30492.5
1737.225,2847.516,92.3797,100.000,30484.9
1737.724,2847.715,92.3866,100.000,30481.6
1737.724,2847.914,92.3952,100.000,30477.4
1737.724,2848.113,92.4085,100.000,30471.1
1738.224,2848.312,92.4209,100.000,30465.1
1738.224,2848.513,92.4344,100.000,30458.6
1738.723,2848.711,92.4414,100.000,30455.1
1738.724,2848.910,92.4570,100.000,30447.6
1738.724,2849.110,92.4684,100.000,30442.2
1739.223,2849.308,92.4687,100.000,30442.0
1739.224,2849.509,92.4863,100.000,30433.5
1739.724,2849.707,92.4966,100.000,30428.6
1739.724,2849.906,92.5054,100.000,30424.3
1739.724,2850.106,92.5132,100.000,30420.5
1740.224,2850.305,92.5267,100.000,30414.2
1740.224,2850.504,92.5361,100.000,30409.6
1740.724,2850.703,92.5400,100.000,30407.7
1740.725,2850.904,92.5542,100.000,30400.8
1740.725,2851.102,92.5584,100.000,30398.9
1741.224,2851.302,92.5729,100.000,30391.8
1741.224,2851.500,92.5770,100.000,30389.9
1741.724,2851.699,92.5918,100.000,30382.7
1741.725,2851.898,92.6003,100.000,30378.7
1741.725,2852.098,92.6115,100.000,30373.2
1742.224,2852.297,92.6185,100.000,30369.9
1742.224,2852.496,92.6258,100.000,30366.3
1742.724,2852.695,92.6353,100.000,30361.8
1742.724,2852.894,92.6460,100.000,30356.6
1742.725,2853.095,92.6538,100.000,30353.0
1743.224,2853.293,92.6672,100.000,30346.5
1743.224,2853.492,92.6746,100.000,30342.9
1743.724,2853.692,92.6909,100.000,30335.0
1743.724,2853.890,92.7041,100.000,30328.8
1743.724,2854.090,92.7135,100.000,30324.2
1744.224,2854.289,92.7267,100.000,30317.9
1744.224,2854.488,92.7366,100.000,30313.1
1744.724,2854.688,92.7477,100.000,30307.8
1744.724,2854.888,92.7572,100.000,30303.2
1744.725,2855.086,92.7659,100.000,30299.0
1745.224,2855.285,92.7734,100.000,30295.3
1745.224,2855.484,92.7871,100.000,30288.8
1745.724,2855.684,92.7939,100.000,30285.6
1745.724,2855.884,92.8034,100.000,30281.0
1745.725,2856.082,92.8088,100.000,30278.5
1746.224,2856.281,92.8239,100.000,30271.1
1746.225,2856.480,92.8293,100.000,30268.6
1746.724,2856.680,92.8411,100.000,30262.9
1746.724,2856.879,92.8501,100.000,30258.6
1746.725,2857.078,92.8573,100.000,30255.2
1747.223,2857.277,92.8641,100.000,30251.9
1747.224,2857.476,92.8766,100.000,30245.8
1747.724,2857.677,92.8826,100.000,30242.9
1747.725,2857.875,92.8901,100.000,30239.3
1747.725,2858.074,92.9041,100.000,30232.6
1748.224,2858.274,92.9105,100.000,30229.6
1748.225,2858.473,92.9170,100.000,30226.4
1748.724,2858.672,92.9261,100.000,30222.1
1748.724,2858.871,92.9365,100.000,30217.1
1748.725,2859.070,92.9473,100.000,30211.9
1749.223,2859.270,92.9650,100.000,30203.4
1749.224,2859.470,92.9712,100.000,30200.4
1749.723,2859.668,92.9865,100.000,30193.1
1749.723,2859.867,92.9966,100.000,30188.3
1749.723,2860.066,93.0072,100.000,30183.2
1750.224,2860.266,93.0194,100.000,30177.4
1750.224,2860.465,93.0246,100.000,30174.8
1750.724,2860.664,93.0376,100.000,30168.6
1750.724,2860.863,93.0408,100.000,30167.1
1750.725,2861.062,93.0555,100.000,30160.0
1751.224,2861.263,93.0630,100.000,30156.4
1751.224,2861.461,93.0752,100.000,30150.6
1751.724,2861.660,93.0825,100.000,30147.1
1751.724,2861.860,93.0871,100.000,30144.8
1751.724,2862.058,93.0950,100.000,30141.0
1752.224,2862.259,93.1144,100.000,30131.7
1752.224,2862.457,93.1211,100.000,30128.6
1752.724,2862.656,93.1289,100.000,30124.8
1752.724,2862.856,93.1361,100.000,30121.4
1752.725,2863.055,93.1470,100.000,30116.1
1753.224,2863.254,93.1551,100.000,30112.2
1753.224,2863.453,93.1608,100.000,30109.5
1753.724,2863.652,93.1709,100.000,30104.7
1753.724,2863.852,93.1834,100.000,30098.8
1753.724,2864.052,93.1938,100.000,30093.7
1754.224,2864.250,93.2023,100.000,30089.7
1754.224,2864.449,93.2108,100.000,30085.7
1754.724,2864.648,93.2199,100.000,30081.2
1754.724,2864.848,93.2277,100.000,30077.5
1754.724,2865.047,93.2454,100.000,30069.0
1755.224,2865.246,93.2625,100.000,30060.8
1755.224,2865.445,93.2720,100.000,30056.3
1755.723,2865.644,93.2754,100.000,30054.6
1755.724,2865.845,93.2974,100.000,30044.1
1755.724,2866.043,93.2978,100.000,30043.9
1756.224,2866.242,93.3074,100.000,30039.3
1756.225,2866.442,93.3234,100.000,30031.6
1756.724,2866.640,93.3280,100.000,30029.5
1756.724,2866.840,93.3288,100.000,30029.1
1756.725,2867.039,93.3470,100.000,30020.4
1757.224,2867.238,93.3538,100.000,30017.1
1757.224,2867.438,93.3631,100.000,30012.7
1757.724,2867.637,93.3726,100.000,30008.2
1757.724,2867.836,93.3877,100.000,30000.9
1757.725,2868.035,93.3880,100.000,30000.7
1758.321,2868.234,93.3957,100.000,29997.1
1758.321,2868.434,93.4046,100.000,29992.8
1758.321,2868.634,93.4150,100.000,29987.8
1758.821,2868.832,93.4268,100.000,29982.2
1758.821,2869.031,93.4303,100.000,29980.5
1759.229,2869.230,93.4404,100.000,29975.7
1759.229,2869.430,93.4521,100.000,29970.1
1759.821,2869.629,93.4644,100.000,29964.3
1759.821,2869.828,93.4648,100.000,29964.0
1759.821,2870.027,93.4770,100.000,29958.2
1760.321,2870.226,93.4902,100.000,29951.8
1760.321,2870.427,93.5052,100.000,29944.7
1760.321,2870.625,93.5099,100.000,29942.5
1760.821,2870.824,93.5186,100.000,29938.3
1760.821,2871.024,93.5335,100.000,29931.2
1761.254,2871.223,93.5466,100.000,29925.0
1761.255,2871.422,93.5535,100.000,29921.7
1761.255,2871.621,93.5592,100.000,29918.9
1761.724,2871.820,93.5684,100.000,29914.5
1761.724,2872.020,93.5789,100.000,29909.5
1762.224,2872.220,93.5894,100.000,29904.5
1762.224,2872.418,93.5898,100.000,29904.3
1762.224,2872.617,93.6037,100.000,29897.7
1762.724,2872.816,93.6128,100.000,29893.3
1762.724,2873.016,93.6232,100.000,29888.4
1763.224,2873.218,93.6296,100.000,29885.4
1763.224,2873.414,93.6364,100.000,29882.1
1763.224,2873.613,93.6554,100.000,29873.1
1763.724,2873.812,93.6639,100.000,29869.0
1763.724,2874.013,93.6615,100.000,29870.1
1764.224,2874.211,93.6751,100.000,29863.6
1764.224,2874.410,93.6849,100.000,29859.0
1764.224,2874.610,93.6935,100.000,29854.9
1764.724,2874.808,93.7056,100.000,29849.1
1764.724,2875.009,93.7134,100.000,29845.3
1765.224,2875.207,93.7214,100.000,29841.5
1765.224,2875.406,93.7306,100.000,29837.1
1765.224,2875.606,93.7383,100.000,29833.5
1765.724,2875.805,93.7438,100.000,29830.8
1765.724,2876.004,93.7588,100.000,29823.7
1766.224,2876.203,93.7734,100.000,29816.7
1766.224,2876.402,93.7788,100.000,29814.1
1766.225,2876.602,93.7905,100.000,29808.6
1766.723,2876.802,93.8018,100.000,29803.2
1766.724,2877.000,93.8099,100.000,29799.3
1767.224,2877.199,93.8239,100.000,29792.6
1767.224,2877.398,93.8367,100.000,29786.5
1767.224,2877.598,93.8369,100.000,29786.5
1767.724,2877.797,93.8520,100.000,29779.3
1767.724,2877.996,93.8656,100.000,29772.8
1768.224,2878.195,93.8740,100.000,29768.8
1768.224,2878.394,93.8796,100.000,29766.2
1768.224,2878.595,93.8831,100.000,29764.5
1768.724,2878.793,93.8965,100.000,29758.1
1768.724,2878.992,93.8989,100.000,29756.9
1769.224,2879.192,93.9090,100.000,29752.1
1769.224,2879.390,93.9188,100.000,29747.4
1769.224,2879.590,93.9272,100.000,29743.4
1769.724,2879.789,93.9364,100.000,29739.1
1769.724,2879.988,93.9468,100.000,29734.0
1770.224,2880.188,93.9504,100.000,29732.3
1770.224,2880.388,93.9600,100.000,29727.9
1770.224,2880.586,93.9710,100.000,29722.6
1770.724,2880.785,93.9816,100.000,29717.5
1770.724,2880.984,93.9883,100.000,29714.3
1771.224,2881.184,93.9956,100.000,29710.9
1771.224,2881.384,94.0081,100.000,29705.0
1771.224,2881.582,94.0122,100.000,29702.9
1771.724,2881.781,94.0288,100.000,29695.2
1771.724,2881.980,94.0389,100.000,29690.2
1772.224,2882.180,94.0487,100.000,29685.6
1772.224,2882.379,94.0599,100.000,29680.3
1772.224,2882.578,94.0762,100.000,29672.6
1772.724,2882.777,94.0684,100.000,29676.2
1772.724,2882.976,94.0946,100.000,29663.8
1773.224,2883.176,94.0955,100.000,29663.4
1773.224,2883.375,94.1060,100.000,29658.4
1773.224,2883.574,94.1152,100.000,29654.0
1773.724,2883.774,94.1265,100.000,29648.6
1773.724,2883.973,94.1392,100.000,29642.6
1774.224,2884.172,94.1463,100.000,29639.3
1774.224,2884.371,94.1530,100.000,29636.0
1774.224,2884.570,94.1593,100.000,29633.0
1774.724,2884.770,94.1675,100.000,29629.2
1774.724,2884.970,94.1810,100.000,29622.8
1775.224,2885.168,94.1891,100.000,29618.8
1775.224,2885.367,94.1981,100.000,29614.6
1775.224,2885.566,94.2036,100.000,29612.0
1775.724,2885.766,94.2142,100.000,29607.0
1775.724,2885.965,94.2218,100.000,29603.3
1776.223,2886.164,94.2298,100.000,29599.6
1776.224,2886.363,94.2378,100.000,29595.8
1776.224,2886.562,94.2451,100.000,29592.2
1776.724,2886.763,94.2520,100.000,29589.0
1776.724,2886.961,94.2637,100.000,29583.5
1777.224,2887.160,94.2749,100.000,29578.1
1777.224,2887.360,94.2850,100.000,29573.3
1777.224,2887.558,94.2961,100.000,29568.1
1777.724,2887.759,94.2992,100.000,29566.7
1777.724,2887.957,94.3175,100.000,29557.8
1778.224,2888.156,94.3262,100.000,29553.8
1778.224,2888.356,94.3379,100.000,29548.2
1778.224,2888.555,94.3476,100.000,29543.6
1778.724,2888.754,94.3597,100.000,29537.9
1778.724,2888.953,94.3636,100.000,29536.0
1779.224,2889.152,94.3766,100.000,29529.8
1779.224,2889.352,94.3818,100.000,29527.3
1779.224,2889.552,94.3921,100.000,29522.6
1779.724,2889.750,94.4053,100.000,29516.2
1779.724,2889.949,94.4105,100.000,29513.8
1780.224,2890.148,94.4149,100.000,29511.6
1780.224,2890.348,94.4243,100.000,29507.2
1780.224,2890.547,94.4320,100.000,29503.6
1780.724,2890.746,94.4425,100.000,29498.6
1780.724,2890.945,94.4487,100.000,29495.6
1781.224,2891.144,94.4557,100.000,29492.2
1781.224,2891.345,94.4692,100.000,29485.9
1781.224,2891.543,94.4757,100.000,29482.8
1781.723,2891.742,94.4803,100.000,29480.7
1781.723,2891.941,94.4976,100.000,29472.5
1782.224,2892.140,94.5034,100.000,29469.8
1782.224,2892.340,94.5083,100.000,29467.4
1782.224,2892.539,94.5205,100.000,29461.6
1782.724,2892.738,94.5256,100.000,29459.1
1782.724,2892.938,94.5382,100.000,29453.2
1783.224,2893.138,94.5475,100.000,29448.8
1783.224,2893.336,94.5488,100.000,29448.2
1783.224,2893.535,94.5578,100.000,29443.9
1783.724,2893.734,94.5653,100.000,29440.5
1783.724,2893.934,94.5796,100.000,29433.6
1784.224,2894.134,94.5900,100.000,29428.7
1784.224,2894.332,94.5957,100.000,29426.0
1784.224,2894.531,94.6092,100.000,29419.6
1784.724,2894.730,94.6201,100.000,29414.4
1784.724,2894.930,94.6230,100.000,29413.1
1785.224,2895.129,94.6320,100.000,29408.7
1785.224,2895.328,94.6450,100.000,29402.6
1785.224,2895.527,94.6556,100.000,29397.6
1785.724,2895.726,94.6603,100.000,29395.4
1785.724,2895.927,94.6751,100.000,29388.4
1786.224,2896.125,94.6792,100.000,29386.4
1786.224,2896.324,94.6820,100.000,29385.1
1786.224,2896.524,94.6948,100.000,29379.0
1786.724,2896.723,94.6989,100.000,29377.2
1786.724,2896.922,94.7100,100.000,29371.9
1787.224,2897.121,94.7184,100.000,29367.9
1787.225,2897.320,94.7230,100.000,29365.8
1787.225,2897.520,94.7319,100.000,29361.5
1787.724,2897.720,94.7401,100.000,29357.6
1787.724,2897.918,94.7490,100.000,29353.4
1787.724,2898.117,94.7539,100.000,29351.1
1788.224,2898.316,94.7645,100.000,29346.1
1788.224,2898.516,94.7739,100.000,29341.6
1788.724,2898.715,94.7778,100.000,29339.8
1788.724,2898.914,94.7938,100.000,29332.2
1788.724,2899.113,94.7957,100.000,29331.4
1789.224,2899.312,94.8053,100.000,29326.9
1789.224,2899.513,94.8221,100.000,29318.9
1789.724,2899.711,94.8258,100.000,29317.1
1789.724,2899.910,94.8338,100.000,29313.4
1789.724,2900.110,94.8397,100.000,29310.6
1790.224,2900.308,94.8522,100.000,29304.6
1790.224,2900.509,94.8599,100.000,29300.9
1790.724,2900.707,94.8682,100.000,29297.2
1790.724,2900.906,94.8820,100.000,29290.6
1790.724,2901.106,94.8906,100.000,29286.5
1791.224,2901.305,94.8984,100.000,29282.8
1791.224,2901.504,94.9076,100.000,29278.5
1791.724,2901.703,94.9199,100.000,29272.7
1791.724,2901.902,94.9269,100.000,29269.4
1791.724,2902.101,94.9373,100.000,29264.4
1792.224,2902.302,94.9394,100.000,29263.4
1792.224,2902.500,94.9464,100.000,29260.1
1792.724,2902.699,94.9577,100.000,29254.9
1792.724,2902.898,94.9658,100.000,29251.0
1792.724,2903.098,94.9702,100.000,29248.9
1793.224,2903.297,94.9774,100.000,29245.6
1793.224,2903.496,94.9884,100.000,29240.3
1793.724,2903.695,94.9990,100.000,29235.3
1793.724,2903.894,95.0029,100.000,29233.5
1793.724,2904.095,95.0039,100.000,29233.0
1794.224,2904.293,95.0213,100.000,29224.8
1794.224,2904.492,95.0273,100.000,29222.0
1794.724,2904.692,95.0350,100.000,29218.4
1794.724,2904.890,95.0444,100.000,29213.9
1794.724,2905.090,95.0527,100.000,29210.1
1795.224,2905.289,95.0589,100.000,29207.0
1795.224,2905.488,95.0684,100.000,29202.6
1795.724,2905.688,95.0811,100.000,29196.6
1795.724,2905.887,95.0801,100.000,29197.1
1795.725,2906.086,95.0825,100.000,29196.0
1796.224,2906.285,95.0999,100.000,29187.7
1796.224,2906.484,95.1060,100.000,29184.9
1796.724,2906.684,95.1188,100.000,29178.8
1796.724,2906.884,95.1268,100.000,29175.1
1796.724,2907.082,95.1471,100.000,29165.5
1797.224,2907.281,95.1501,100.000,29164.0
1797.224,2907.480,95.1574,100.000,29160.6
1797.724,2907.680,95.1668,100.000,29156.2
1797.724,2907.879,95.1766,100.000,29151.6
1797.724,2908.078,95.1810,100.000,29149.5
1798.224,2908.277,95.1966,100.000,29142.1
1798.224,2908.476,95.2012,100.000,29140.0
1798.724,2908.677,95.2119,100.000,29135.0
1798.724,2908.875,95.2166,100.000,29132.7
1798.724,2909.074,95.2266,100.000,29128.0
1799.224,2909.274,95.2323,100.000,29125.4
1799.224,2909.473,95.2347,100.000,29124.2
1799.723,2909.672,95.2492,100.000,29117.4
1799.723,2909.871,95.2547,100.000,29114.8
1799.723,2910.070,95.2586,100.000,29113.0
1800.224,2910.270,95.2716,100.000,29106.8
1800.224,2910.470,95.2775,100.000,29104.0
1800.724,2910.668,95.2842,100.000,29100.8
1800.724,2910.867,95.2886,100.000,29098.8
1800.724,2911.066,95.3005,100.000,29093.2
1801.224,2911.266,95.3100,100.000,29088.7
1801.224,2911.465,95.3141,100.000,29086.8
1801.724,2911.664,95.3250,100.000,29081.7
1801.724,2911.863,95.3315,100.000,29078.6
1801.725,2912.062,95.3389,100.000,29075.2
1802.224,2912.263,95.3491,100.000,29070.3
1802.224,2912.461,95.3496,100.000,29070.1
1802.724,2912.660,95.3607,100.000,29064.9
1802.724,2912.860,95.3670,100.000,29061.9
1802.725,2913.058,95.3745,100.000,29058.4
1803.224,2913.259,95.3896,100.000,29051.3
1803.224,2913.457,95.4001,100.000,29046.4
1803.724,2913.656,95.4116,100.000,29041.0
1803.724,2913.856,95.4172,100.000,29038.4
1803.725,2914.055,95.4269,100.000,29033.7
1804.224,2914.254,95.4328,100.000,29031.0
1804.224,2914.453,95.4404,100.000,29027.4
1804.724,2914.652,95.4468,100.000,29024.4
1804.724,2914.852,95.4557,100.000,29020.2
1804.724,2915.052,95.4642,100.000,29016.3
1805.224,2915.250,95.4759,100.000,29010.8
1805.224,2915.449,95.4858,100.000,29006.0
1805.724,2915.648,95.4880,100.000,29005.0
1805.724,2915.848,95.4990,100.000,28999.8
1805.724,2916.047,95.5006,100.000,28999.1
1806.224,2916.246,95.5112,100.000,28994.1
1806.224,2916.445,95.5163,100.000,28991.8
1806.724,2916.644,95.5270,100.000,28986.7
1806.724,2916.844,95.5299,100.000,28985.3
1806.724,2917.043,95.5371,100.000,28982.0
1807.224,2917.242,95.5488,100.000,28976.5
1807.224,2917.442,95.5474,100.000,28977.1
1807.724,2917.640,95.5550,100.000,28973.5
1807.724,2917.840,95.5659,100.000,28968.4
1807.724,2918.039,95.5806,100.000,28961.5
1808.224,2918.238,95.5791,100.000,28962.3
1808.224,2918.438,95.5897,100.000,28957.3
1808.724,2918.638,95.5962,100.000,28954.2
1808.724,2918.836,95.6061,100.000,28949.5
1808.725,2919.035,95.6050,100.000,28950.1
1809.224,2919.234,95.6177,100.000,28944.2
1809.224,2919.434,95.6245,100.000,28941.0
1809.724,2919.634,95.6273,100.000,28939.6
1809.724,2919.832,95.6422,100.000,28932.6
1809.724,2920.031,95.6440,100.000,28931.8
1810.224,2920.230,95.6475,100.000,28930.1
1810.224,2920.430,95.6616,100.000,28923.5
1810.724,2920.629,95.6642,100.000,28922.3
1810.724,2920.828,95.6782,100.000,28915.7
1810.724,2921.027,95.6875,100.000,28911.3
1811.224,2921.226,95.6914,100.000,28909.5
1811.224,2921.427,95.7007,100.000,28905.2
1811.724,2921.625,95.7087,100.000,28901.4
1811.724,2921.824,95.7158,100.000,28898.0
1811.724,2922.024,95.7241,100.000,28894.2
1812.224,2922.223,95.7285,100.000,28892.1
1812.225,2922.422,95.7334,100.000,28889.8
1812.724,2922.621,95.7407,100.000,28886.4
1812.724,2922.820,95.7495,100.000,28882.3
1812.724,2923.020,95.7580,100.000,28878.3
1813.224,2923.220,95.7601,100.000,28877.3
1813.224,2923.418,95.7632,100.000,28876.0
1813.224,2923.617,95.7768,100.000,28869.5
1813.724,2923.816,95.7746,100.000,28870.6
1813.724,2924.016,95.7910,100.000,28862.9
1814.224,2924.215,95.7910,100.000,28862.9
1814.224,2924.414,95.8027,100.000,28857.4
1814.225,2924.613,95.8035,100.000,28857.0
1814.724,2924.812,95.8066,100.000,28855.4
1814.724,2925.013,95.8184,100.000,28850.0
1815.224,2925.211,95.8221,100.000,28848.3
1815.224,2925.410,95.8332,100.000,28843.1
1815.224,2925.610,95.8364,100.000,28841.6
1815.723,2925.808,95.8452,100.000,28837.4
1815.724,2926.009,95.8446,100.000,28837.8
1816.224,2926.207,95.8573,100.000,28831.8
1816.224,2926.406,95.8630,100.000,28829.1
1816.224,2926.605,95.8703,100.000,28825.7
1816.724,2926.805,95.8726,100.000,28824.7
1816.724,2927.004,95.8766,100.000,28822.7
1817.224,2927.203,95.8877,100.000,28817.6
1817.224,2927.402,95.8911,100.000,28815.9
1817.225,2927.602,95.8984,100.000,28812.5
1817.724,2927.802,95.9144,100.000,28805.0
1817.724,2928.000,95.9129,100.000,28805.7
1818.224,2928.199,95.9245,100.000,28800.3
1818.224,2928.398,95.9308,100.000,28797.4
1818.224,2928.598,95.9346,100.000,28795.6
1818.724,2928.797,95.9437,100.000,28791.4
1818.724,2928.996,95.9559,100.000,28785.6
1819.224,2929.195,95.9621,100.000,28782.7
1819.224,2929.394,95.9700,100.000,28779.0
1819.224,2929.595,95.9704,100.000,28778.8
1819.724,2929.793,95.9831,100.000,28772.9
1819.724,2929.992,95.9888,100.000,28770.2
1820.224,2930.192,95.9976,100.000,28766.2
1820.224,2930.390,96.0023,100.000,28764.0
1820.224,2930.590,96.0064,100.000,28761.9
1820.724,2930.789,96.0203,100.000,28755.5
1820.724,2930.988,96.0254,100.000,28753.1
1821.223,2931.188,96.0301,100.000,28750.8
1821.223,2931.388,96.0361,100.000,28748.1
1821.223,2931.586,96.0444,100.000,28744.2
1821.723,2931.785,96.0425,100.000,28745.1
1821.724,2931.984,96.0542,100.000,28739.6
1822.224,2932.184,96.0606,100.000,28736.7
1822.224,2932.384,96.0703,100.000,28732.1
1822.224,2932.582,96.0680,100.000,28733.2
1822.724,2932.781,96.0796,100.000,28727.7
1822.725,2932.980,96.0866,100.000,28724.4
1823.224,2933.180,96.0923,100.000,28721.8
1823.225,2933.379,96.0983,100.000,28719.0
1823.225,2933.578,96.1104,100.000,28713.3
1823.723,2933.777,96.1090,100.000,28714.0
1823.724,2933.976,96.1214,100.000,28708.2
1824.224,2934.177,96.1240,100.000,28707.0
1824.224,2934.375,96.1314,100.000,28703.6
1824.224,2934.574,96.1372,100.000,28700.8
1824.724,2934.774,96.1445,100.000,28697.4
1824.724,2934.973,96.1572,100.000,28691.4
1825.224,2935.172,96.1574,100.000,28691.4
1825.224,2935.371,96.1647,100.000,28687.9
1825.225,2935.570,96.1655,100.000,28687.5
1825.724,2935.769,96.1753,100.000,28683.1
1825.724,2935.970,96.1841,100.000,28678.8
1826.224,2936.168,96.1896,100.000,28676.3
1826.224,2936.367,96.2054,100.000,28669.0
1826.225,2936.566,96.2031,100.000,28670.0
1826.724,2936.766,96.2137,100.000,28665.1
1826.724,2936.965,96.2261,100.000,28659.3
1827.224,2937.164,96.2259,100.000,28659.4
1827.224,2937.363,96.2407,100.000,28652.5
1827.224,2937.562,96.2412,100.000,28652.3
1827.724,2937.763,96.2524,100.000,28647.0
1827.724,2937.961,96.2633,100.000,28641.9
1828.224,2938.160,96.2729,100.000,28637.5
1828.224,2938.360,96.2772,100.000,28635.4
1828.224,2938.558,96.2822,100.000,28633.1
1828.724,2938.759,96.2830,100.000,28632.7
1828.724,2938.957,96.2974,100.000,28626.0
1829.224,2939.156,96.3053,100.000,28622.3
1829.224,2939.356,96.3044,100.000,28622.8
1829.224,2939.555,96.3130,100.000,28618.7
1829.723,2939.754,96.3227,100.000,28614.3
1829.724,2939.953,96.3311,100.000,28610.3
1830.224,2940.152,96.3415,100.000,28605.4
1830.224,2940.352,96.3398,100.000,28606.3
1830.224,2940.552,96.3555,100.000,28599.0
1830.724,2940.750,96.3577,100.000,28597.8
1830.724,2940.949,96.3626,100.000,28595.6
1831.224,2941.148,96.3696,100.000,28592.3
1831.224,2941.348,96.3769,100.000,28589.0
1831.224,2941.547,96.3862,100.000,28584.6
1831.724,2941.746,96.3890,100.000,28583.3
1831.724,2941.945,96.3948,100.000,28580.6
1832.224,2942.144,96.4015,100.000,28577.4
1832.225,2942.345,96.4071,100.000,28574.8
1832.225,2942.543,96.4141,100.000,28571.6
1832.724,2942.742,96.4224,100.000,28567.8
1832.724,2942.942,96.4336,100.000,28562.5
1833.224,2943.140,96.4401,100.000,28559.5
1833.224,2943.340,96.4448,100.000,28557.3
1833.225,2943.539,96.4528,100.000,28553.6
1833.724,2943.738,96.4671,100.000,28546.9
1833.724,2943.938,96.4676,100.000,28546.7
1834.224,2944.138,96.4714,100.000,28544.9
1834.224,2944.336,96.4834,100.000,28539.3
1834.224,2944.535,96.4904,100.000,28536.1
1834.724,2944.734,96.4961,100.000,28533.4
1834.724,2944.934,96.5096,100.000,28527.1
1835.224,2945.134,96.5132,100.000,28525.4
1835.224,2945.332,96.5226,100.000,28521.0
1835.224,2945.531,96.5283,100.000,28518.4
1835.724,2945.730,96.5371,100.000,28514.2
1835.724,2945.930,96.5449,100.000,28510.7
1836.223,2946.129,96.5552,100.000,28505.9
1836.224,2946.328,96.5524,100.000,28507.2
1836.224,2946.527,96.5664,100.000,28500.7
1836.724,2946.726,96.5711,100.000,28498.4
1836.724,2946.927,96.5781,100.000,28495.2
1837.224,2947.125,96.5854,100.000,28491.8
1837.224,2947.324,96.5903,100.000,28489.5
1837.224,2947.524,96.5928,100.000,28488.4
1837.724,2947.723,96.6040,100.000,28483.2
1837.724,2947.922,96.6172,100.000,28477.1
1838.224,2948.121,96.6160,100.000,28477.6
1838.225,2948.320,96.6219,100.000,28474.8
1838.225,2948.520,96.6352,100.000,28468.6
1838.724,2948.720,96.6318,100.000,28470.2
1838.725,2948.918,96.6434,100.000,28464.9
1838.725,2949.117,96.6530,100.000,28460.4
1839.224,2949.316,96.6602,100.000,28457.0
1839.224,2949.516,96.6562,100.000,28458.9
1839.724,2949.715,96.6681,100.000,28453.4
1839.724,2949.914,96.6748,100.000,28450.3
1839.724,2950.113,96.6805,100.000,28447.6
1840.223,2950.312,96.6860,100.000,28445.0
1840.224,2950.513,96.6940,100.000,28441.3
1840.724,2950.711,96.6982,100.000,28439.4
1840.724,2950.910,96.7080,100.000,28434.8
1840.724,2951.109,96.7135,100.000,28432.2
1841.224,2951.308,96.7173,100.000,28430.5
1841.224,2951.509,96.7238,100.000,28427.4
1841.723,2951.707,96.7238,100.000,28427.5
1841.724,2951.906,96.7407,100.000,28419.7
1841.724,2952.106,96.7436,100.000,28418.2
1842.224,2952.305,96.7547,100.000,28413.1
1842.225,2952.504,96.7633,100.000,28409.1
1842.724,2952.703,96.7666,100.000,28407.5
1842.724,2952.902,96.7742,100.000,28404.0
1842.725,2953.102,96.7832,100.000,28399.8
1843.224,2953.302,96.7941,100.000,28394.8
1843.224,2953.500,96.7966,100.000,28393.7
1843.724,2953.699,96.8003,100.000,28392.0
1843.724,2953.898,96.8079,100.000,28388.4
1843.725,2954.098,96.8135,100.000,28385.8
1844.223,2954.297,96.8252,100.000,28380.4
1844.223,2954.496,96.8301,100.000,28378.1
1844.723,2954.695,96.8356,100.000,28375.5
1844.724,2954.894,96.8416,100.000,28372.7
1844.724,2955.095,96.8516,100.000,28368.1
1845.224,2955.293,96.8553,100.000,28366.4
1845.224,2955.492,96.8633,100.000,28362.7
1845.724,2955.692,96.8638,100.000,28362.5
1845.724,2955.890,96.8716,100.000,28358.8
1845.724,2956.090,96.8779,100.000,28355.9
1846.224,2956.289,96.8877,100.000,28351.4
1846.224,2956.488,96.8934,100.000,28348.7
1846.724,2956.688,96.9036,100.000,28343.9
1846.725,2956.887,96.9048,100.000,28343.4
1846.725,2957.086,96.9115,100.000,28340.4
1847.225,2957.285,96.9180,100.000,28337.4
1847.226,2957.484,96.9268,100.000,28333.2
1847.724,2957.684,96.9297,100.000,28331.9
1847.724,2957.884,96.9329,100.000,28330.4
1847.724,2958.082,96.9456,100.000,28324.5
1848.224,2958.281,96.9442,100.000,28325.2
1848.224,2958.480,96.9487,100.000,28323.1
1848.724,2958.680,96.9645,100.000,28315.8
1848.724,2958.879,96.9604,100.000,28317.6
1848.725,2959.078,96.9702,100.000,28313.0
1849.224,2959.277,96.9746,100.000,28311.0
1849.224,2959.476,96.9829,100.000,28307.2
1849.724,2959.677,96.9936,100.000,28302.3
1849.724,2959.875,96.9976,100.000,28300.4
1849.725,2960.074,97.0049,100.000,28297.1
1850.224,2960.274,97.0090,100.000,28295.1
1850.225,2960.473,97.0205,100.000,28289.7
1850.724,2960.672,97.0205,100.000,28289.8
1850.725,2960.871,97.0221,100.000,28289.0
1850.725,2961.070,97.0436,100.000,28279.0
1851.223,2961.270,97.0454,100.000,28278.2
1851.223,2961.469,97.0522,100.000,28275.1
1851.724,2961.668,97.0614,100.000,28270.8
1851.724,2961.867,97.0658,100.000,28268.8
1851.725,2962.066,97.0726,100.000,28265.6
1852.223,2962.266,97.0854,100.000,28259.7
1852.224,2962.465,97.0928,100.000,28256.3
1852.724,2962.664,97.0918,100.000,28256.7
1852.724,2962.863,97.1073,100.000,28249.6
1852.724,2963.062,97.1147,100.000,28246.2
1853.223,2963.263,97.1136,100.000,28246.6
1853.223,2963.461,97.1252,100.000,28241.3
1853.724,2963.660,97.1328,100.000,28237.7
1853.724,2963.860,97.1382,100.000,28235.3
1853.724,2964.058,97.1424,100.000,28233.3
1854.223,2964.259,97.1466,100.000,28231.4
1854.224,2964.457,97.1533,100.000,28228.2
1854.724,2964.656,97.1519,100.000,28228.9
1854.724,2964.856,97.1688,100.000,28221.1
1854.724,2965.055,97.1761,100.000,28217.7
1855.224,2965.254,97.1812,100.000,28215.3
1855.224,2965.453,97.1834,100.000,28214.3
1855.724,2965.652,97.1912,100.000,28210.7
1855.724,2965.851,97.1953,100.000,28208.8
1855.725,2966.052,97.2031,100.000,28205.1
1856.223,2966.250,97.2087,100.000,28202.6
1856.224,2966.449,97.2145,100.000,28199.9
1856.724,2966.648,97.2166,100.000,28199.0
1856.724,2966.848,97.2308,100.000,28192.4
1856.724,2967.047,97.2300,100.000,28192.7
1857.224,2967.246,97.2399,100.000,28188.1
1857.224,2967.445,97.2472,100.000,28184.8
1857.724,2967.644,97.2528,100.000,28182.2
1857.724,2967.845,97.2555,100.000,28180.9
1857.724,2968.043,97.2671,100.000,28175.6
1858.223,2968.242,97.2653,100.000,28176.4
1858.224,2968.442,97.2751,100.000,28171.9
1858.723,2968.640,97.2858,100.000,28166.9
1858.723,2968.840,97.2908,100.000,28164.6
1858.724,2969.039,97.2935,100.000,28163.4
1859.223,2969.238,97.3088,100.000,28156.3
1859.223,2969.438,97.3110,100.000,28155.3
1859.724,2969.638,97.3117,100.000,28155.0
1859.724,2969.836,97.3237,100.000,28149.5
1859.724,2970.035,97.3345,100.000,28144.4
1860.223,2970.234,97.3426,100.000,28140.7
1860.224,2970.434,97.3442,100.000,28140.0
1860.724,2970.634,97.3545,100.000,28135.2
1860.724,2970.832,97.3664,100.000,28129.7
1860.724,2971.031,97.3701,100.000,28128.0
1861.224,2971.230,97.3721,100.000,28127.1
1861.224,2971.430,97.3789,100.000,28123.9
1861.723,2971.629,97.3900,100.000,28118.9
1861.724,2971.828,97.3983,100.000,28115.0
1861.724,2972.027,97.3973,100.000,28115.5
1862.224,2972.226,97.4020,100.000,28113.3
1862.224,2972.427,97.4111,100.000,28109.1
1862.724,2972.625,97.4155,100.000,28107.0
1862.725,2972.824,97.4233,100.000,28103.4
1862.725,2973.024,97.4285,100.000,28101.0
1863.223,2973.223,97.4351,100.000,28098.0
1863.224,2973.422,97.4364,100.000,28097.4
1863.724,2973.621,97.4468,100.000,28092.6
1863.724,2973.820,97.4484,100.000,28091.9
1863.725,2974.020,97.4525,100.000,28090.0
1864.224,2974.220,97.4601,100.000,28086.4
1864.224,2974.418,97.4757,100.000,28079.2
1864.224,2974.617,97.4800,100.000,28077.3
1864.723,2974.816,97.4818,100.000,28076.5
1864.724,2975.016,97.4893,100.000,28073.0
1865.224,2975.215,97.4917,100.000,28071.9
1865.224,2975.414,97.5046,100.000,28065.9
1865.224,2975.613,97.5037,100.000,28066.3
1865.724,2975.812,97.5142,100.000,28061.5
1865.724,2976.013,97.5223,100.000,28057.7
1866.223,2976.211,97.5283,100.000,28054.9
1866.224,2976.410,97.5386,100.000,28050.2
1866.224,2976.610,97.5436,100.000,28048.0
1866.724,2976.808,97.5527,100.000,28043.7
1866.724,2977.009,97.5588,100.000,28040.9
1867.224,2977.207,97.5648,100.000,28038.2
1867.224,2977.406,97.5685,100.000,28036.4
1867.224,2977.606,97.5841,100.000,28029.2
1867.724,2977.805,97.5854,100.000,28028.6
1867.724,2978.004,97.5991,100.000,28022.2
1868.224,2978.203,97.6055,100.000,28019.4
1868.224,2978.402,97.6123,100.000,28016.2
1868.224,2978.602,97.6157,100.000,28014.6
1868.724,2978.802,97.6279,100.000,28009.1
1868.724,2979.000,97.6291,100.000,28008.5
1869.223,2979.199,97.6364,100.000,28005.1
1869.223,2979.398,97.6465,100.000,28000.5
1869.224,2979.598,97.6582,100.000,27995.0
1869.724,2979.797,97.6616,100.000,27993.5
1869.724,2979.996,97.6657,100.000,27991.7
1870.223,2980.195,97.6660,100.000,27991.5
1870.223,2980.394,97.6782,100.000,27985.8
1870.223,2980.595,97.6826,100.000,27983.9
1870.723,2980.793,97.6903,100.000,27980.3
1870.723,2980.992,97.6966,100.000,27977.4
1871.224,2981.192,97.7065,100.000,27972.8
1871.224,2981.390,97.7048,100.000,27973.7
1871.224,2981.590,97.7134,100.000,27969.7
1871.723,2981.789,97.7188,100.000,27967.1
1871.723,2981.988,97.7246,100.000,27964.5
1872.224,2982.188,97.7357,100.000,27959.4
1872.224,2982.388,97.7432,100.000,27956.0
1872.224,2982.586,97.7446,100.000,27955.2
1872.724,2982.785,97.7511,100.000,27952.3
1872.724,2982.984,97.7614,100.000,27947.5
1873.223,2983.184,97.7622,100.000,27947.2
1873.223,2983.384,97.7710,100.000,27943.2
1873.223,2983.582,97.7739,100.000,27941.8
1873.723,2983.781,97.7848,100.000,27936.8
1873.724,2983.980,97.7866,100.000,27935.9
1874.223,2984.180,97.7972,100.000,27931.1
1874.224,2984.379,97.7995,100.000,27930.0
1874.224,2984.578,97.8032,100.000,27928.4
1874.724,2984.777,97.8114,100.000,27924.6
1874.724,2984.976,97.8193,100.000,27920.9
1875.223,2985.177,97.8229,100.000,27919.2
1875.223,2985.375,97.8262,100.000,27917.8
1875.223,2985.574,97.8340,100.000,27914.1
1875.723,2985.774,97.8424,100.000,27910.3
1875.724,2985.973,97.8481,100.000,27907.7
1876.223,2986.172,97.8530,100.000,27905.4
1876.224,2986.371,97.8610,100.000,27901.7
1876.224,2986.570,97.8708,100.000,27897.2
1876.724,2986.770,97.8745,100.000,27895.6
1876.725,2986.970,97.8823,100.000,27892.0
1877.224,2987.168,97.8945,100.000,27886.3
1877.224,2987.367,97.8965,100.000,27885.5
1877.224,2987.566,97.9069,100.000,27880.7
1877.723,2987.766,97.9126,100.000,27878.0
1877.724,2987.964,97.9155,100.000,27876.7
1878.223,2988.164,97.9263,100.000,27871.8
1878.224,2988.363,97.9326,100.000,27868.9
1878.224,2988.562,97.9258,100.000,27872.0
1878.724,2988.763,97.9398,100.000,27865.6
1878.724,2988.961,97.9442,100.000,27863.6
1879.223,2989.160,97.9534,100.000,27859.3
1879.224,2989.360,97.9591,100.000,27856.6
1879.224,2989.558,97.9653,100.000,27853.8
1879.724,2989.759,97.9692,100.000,27852.0
1879.724,2989.957,97.9757,100.000,27849.0
1880.223,2990.156,97.9855,100.000,27844.5
1880.224,2990.356,97.9850,100.000,27844.7
1880.224,2990.555,97.9932,100.000,27841.0
1880.724,2990.754,97.9974,100.000,27839.1
1880.724,2990.953,98.0024,100.000,27836.8
1881.224,2991.152,98.0073,100.000,27834.5
1881.224,2991.351,98.0156,100.000,27830.7
1881.224,2991.552,98.0254,100.000,27826.3
1881.724,2991.750,98.0312,100.000,27823.6
1881.725,2991.949,98.0311,100.000,27823.7
1882.224,2992.148,98.0374,100.000,27820.7
1882.224,2992.348,98.0382,100.000,27820.3
1882.224,2992.547,98.0482,100.000,27815.8
1882.723,2992.746,98.0506,100.000,27814.7
1882.723,2992.945,98.0625,100.000,27809.2
1883.224,2993.144,98.0644,100.000,27808.4
1883.224,2993.345,98.0723,100.000,27804.7
1883.225,2993.543,98.0786,100.000,27801.8
1883.726,2993.742,98.0830,100.000,27799.8
1883.726,2993.941,98.0957,100.000,27794.0
1884.224,2994.140,98.0973,100.000,27793.2
1884.224,2994.340,98.0996,100.000,27792.2
1884.224,2994.539,98.1125,100.000,27786.2
1884.724,2994.738,98.1172,100.000,27784.2
1884.724,2994.938,98.1230,100.000,27781.4
1885.223,2995.138,98.1256,100.000,27780.2
1885.223,2995.336,98.1325,100.000,27777.1
1885.224,2995.535,98.1380,100.000,27774.5
1885.723,2995.734,98.1504,100.000,27768.9
1885.723,2995.934,98.1554,100.000,27766.5
1886.223,2996.134,98.1647,100.000,27762.3
1886.223,2996.332,98.1702,100.000,27759.8
1886.223,2996.531,98.1779,100.000,27756.3
1886.723,2996.730,98.1807,100.000,27755.0
1886.723,2996.930,98.1826,100.000,27754.1
1887.223,2997.129,98.1953,100.000,27748.4
1887.223,2997.328,98.1989,100.000,27746.6
1887.224,2997.527,98.2093,100.000,27741.9
1887.723,2997.726,98.2124,100.000,27740.4
1887.723,2997.927,98.2171,100.000,27738.3
1888.224,2998.125,98.2231,100.000,27735.5
1888.224,2998.324,98.2324,100.000,27731.2
1888.224,2998.524,98.2424,100.000,27726.8
1888.723,2998.723,98.2371,100.000,27729.1
1888.724,2998.922,98.2451,100.000,27725.5
1889.223,2999.121,98.2549,100.000,27721.0
1889.223,2999.320,98.2598,100.000,27718.8
1889.224,2999.520,98.2720,100.000,27713.1
1889.723,2999.720,98.2720,100.000,27713.2
1889.723,2999.918,98.2739,100.000,27712.2
1889.723,3000.117,98.2768,100.000,27711.0
1890.223,3000.316,98.2853,100.000,27707.0
1890.223,3000.516,98.2892,100.000,27705.3
1890.724,3000.715,98.2948,100.000,27702.7
1890.724,3000.914,98.3000,100.000,27700.3
1890.724,3001.113,98.3096,100.000,27695.9
1891.224,3001.312,98.3110,100.000,27695.4
1891.224,3001.513,98.3198,100.000,27691.3
1891.723,3001.711,98.3252,100.000,27688.8
1891.723,3001.910,98.3310,100.000,27686.1
1891.724,3002.110,98.3413,100.000,27681.5
1892.224,3002.308,98.3415,100.000,27681.3
1892.224,3002.509,98.3478,100.000,27678.5
1892.724,3002.707,98.3491,100.000,27677.8
1892.724,3002.906,98.3525,100.000,27676.3
1892.724,3003.106,98.3651,100.000,27670.6
1893.224,3003.305,98.3686,100.000,27669.0
1893.224,3003.504,98.3760,100.000,27665.6
1893.724,3003.703,98.3809,100.000,27663.3
1893.724,3003.902,98.3809,100.000,27663.3
1893.724,3004.102,98.3927,100.000,27657.9
1894.223,3004.302,98.3958,100.000,27656.5
1894.223,3004.500,98.3999,100.000,27654.6
1894.724,3004.699,98.4087,100.000,27650.6
1894.724,3004.898,98.4204,100.000,27645.2
1894.724,3005.098,98.4141,100.000,27648.1
1895.224,3005.297,98.4308,100.000,27640.5
1895.224,3005.496,98.4365,100.000,27637.9
1895.723,3005.696,98.4356,100.000,27638.3
1895.724,3005.894,98.4463,100.000,27633.4
1895.724,3006.095,98.4533,100.000,27630.2
1896.224,3006.293,98.4653,100.000,27624.6
1896.224,3006.492,98.4694,100.000,27622.9
1896.724,3006.692,98.4733,100.000,27621.1
1896.724,3006.890,98.4753,100.000,27620.2
1896.725,3007.090,98.4876,100.000,27614.6
1897.223,3007.289,98.4987,100.000,27609.5
1897.223,3007.488,98.4984,100.000,27609.6
1897.724,3007.688,98.5046,100.000,27606.8
1897.724,3007.888,98.5044,100.000,27606.9
1897.724,3008.086,98.5111,100.000,27603.8
1898.223,3008.285,98.5156,100.000,27601.8
1898.223,3008.484,98.5275,100.000,27596.3
1898.724,3008.684,98.5342,100.000,27593.2
1898.724,3008.884,98.5288,100.000,27595.7
1898.724,3009.082,98.5296,100.000,27595.4
1899.223,3009.281,98.5466,100.000,27587.6
1899.224,3009.480,98.5461,100.000,27587.8
1899.723,3009.680,98.5524,100.000,27584.9
1899.723,3009.879,98.5532,100.000,27584.5
1899.723,3010.078,98.5632,100.000,27580.0
1900.224,3010.277,98.5669,100.000,27578.3
1900.224,3010.476,98.5701,100.000,27576.8
1900.723,3010.677,98.5780,100.000,27573.2
1900.723,3010.875,98.5809,100.000,27571.9
1900.723,3011.074,98.5889,100.000,27568.3
1901.224,3011.274,98.5981,100.000,27564.1
1901.224,3011.472,98.5929,100.000,27566.4
1901.724,3011.672,98.5990,100.000,27563.7
1901.724,3011.871,98.6125,100.000,27557.5
1901.724,3012.070,98.6079,100.000,27559.5
1902.224,3012.270,98.6182,100.000,27555.0
1902.224,3012.470,98.6193,100.000,27554.3
1902.724,3012.668,98.6209,100.000,27553.7
1902.724,3012.867,98.6279,100.000,27550.5
1902.724,3013.066,98.6362,100.000,27546.7
1903.224,3013.266,98.6396,100.000,27545.2
1903.224,3013.465,98.6460,100.000,27542.2
1903.724,3013.664,98.6549,100.000,27538.1
1903.725,3013.863,98.6543,100.000,27538.4
1903.725,3014.062,98.6603,100.000,27535.7
1904.224,3014.263,98.6624,100.000,27534.7
1904.224,3014.461,98.6714,100.000,27530.6
1904.724,3014.660,98.6781,100.000,27527.6
1904.724,3014.860,98.6834,100.000,27525.2
1904.724,3015.058,98.6916,100.000,27521.4
1905.224,3015.258,98.6958,100.000,27519.5
1905.224,3015.457,98.6982,100.000,27518.4
1905.724,3015.656,98.7098,100.000,27513.1
1905.724,3015.856,98.7134,100.000,27511.4
1905.724,3016.055,98.7134,100.000,27511.5
1906.224,3016.254,98.7246,100.000,27506.4
1906.224,3016.453,98.7308,100.000,27503.6
1906.724,3016.652,98.7422,100.000,27498.4
1906.725,3016.852,98.7389,100.000,27499.8
1906.725,3017.052,98.7506,100.000,27494.5
1907.224,3017.250,98.7562,100.000,27491.9
1907.224,3017.449,98.7528,100.000,27493.5
1907.724,3017.648,98.7629,100.000,27489.0
1907.724,3017.848,98.7700,100.000,27485.7
1907.724,3018.047,98.7712,100.000,27485.1
1908.224,3018.246,98.7786,100.000,27481.7
1908.225,3018.446,98.7861,100.000,27478.3
1908.724,3018.644,98.7876,100.000,27477.6
1908.725,3018.845,98.7886,100.000,27477.3
1908.725,3019.043,98.7983,100.000,27472.8
1909.224,3019.242,98.8008,100.000,27471.7
1909.224,3019.442,98.8117,100.000,27466.7
1909.724,3019.640,98.8135,100.000,27465.8
1909.724,3019.840,98.8156,100.000,27464.9
1909.724,3020.039,98.8242,100.000,27461.0
1910.224,3020.238,98.8275,100.000,27459.5
1910.224,3020.437,98.8268,100.000,27459.8
1910.724,3020.638,98.8364,100.000,27455.4
1910.724,3020.836,98.8462,100.000,27451.0
1910.724,3021.035,98.8436,100.000,27452.1
1911.224,3021.234,98.8472,100.000,27450.6
1911.224,3021.434,98.8555,100.000,27446.7
1911.723,3021.634,98.8620,100.000,27443.8
1911.723,3021.832,98.8665,100.000,27441.7
1911.723,3022.031,98.8688,100.000,27440.7
1912.224,3022.230,98.8708,100.000,27439.8
1912.224,3022.430,98.8789,100.000,27436.1
1912.724,3022.629,98.8818,100.000,27434.6
1912.724,3022.828,98.8877,100.000,27432.1
1912.724,3023.027,98.8992,100.000,27426.8
1913.224,3023.226,98.8986,100.000,27427.1
1913.224,3023.427,98.9022,100.000,27425.5
1913.724,3023.625,98.9059,100.000,27423.7
1913.724,3023.824,98.9145,100.000,27419.9
1913.724,3024.023,98.9193,100.000,27417.7
1914.224,3024.223,98.9238,100.000,27415.7
1914.224,3024.422,98.9315,100.000,27412.1
1914.724,3024.621,98.9315,100.000,27412.2
1914.725,3024.820,98.9336,100.000,27411.2
1914.725,3025.020,98.9442,100.000,27406.4
1915.224,3025.220,98.9534,100.000,27402.1
1915.225,3025.418,98.9556,100.000,27401.2
1915.225,3025.617,98.9622,100.000,27398.2
1915.724,3025.816,98.9652,100.000,27396.8
1915.724,3026.016,98.9720,100.000,27393.7
1916.224,3026.215,98.9798,100.000,27390.2
1916.224,3026.414,98.9800,100.000,27390.1
1916.224,3026.613,98.9906,100.000,27385.2
1916.724,3026.812,99.0029,100.000,27379.6
1916.724,3027.013,98.9961,100.000,27382.7
1917.224,3027.211,99.0037,100.000,27379.3
1917.224,3027.410,99.0150,100.000,27374.2
1917.225,3027.610,99.0212,100.000,27371.4
1917.724,3027.808,99.0241,100.000,27370.0
1917.724,3028.009,99.0264,100.000,27369.0
1918.224,3028.207,99.0368,100.000,27364.2
1918.224,3028.406,99.0430,100.000,27361.4
1918.224,3028.606,99.0482,100.000,27359.1
1918.724,3028.805,99.0493,100.000,27358.6
1918.724,3029.004,99.0522,100.000,27357.2
1919.224,3029.203,99.0651,100.000,27351.3
1919.224,3029.402,99.0674,100.000,27350.4
1919.224,3029.602,99.0714,100.000,27348.5
1919.724,3029.802,99.0791,100.000,27345.0
1919.724,3030.000,99.0832,100.000,27343.1
1920.224,3030.199,99.0889,100.000,27340.6
1920.224,3030.398,99.0889,100.000,27340.7
1920.224,3030.598,99.0980,100.000,27336.5
1920.724,3030.797,99.1053,100.000,27333.1
1920.724,3030.996,99.1086,100.000,27331.6
1921.224,3031.195,99.1115,100.000,27330.3
1921.224,3031.394,99.1141,100.000,27329.1
1921.224,3031.595,99.1213,100.000,27325.9
1921.724,3031.793,99.1291,100.000,27322.3
1921.725,3031.992,99.1330,100.000,27320.6
1922.224,3032.191,99.1362,100.000,27319.2
1922.224,3032.390,99.1413,100.000,27316.8
1922.225,3032.590,99.1460,100.000,27314.6
1922.724,3032.789,99.1510,100.000,27312.4
1922.724,3032.988,99.1525,100.000,27311.7
1923.223,3033.188,99.1626,100.000,27307.1
1923.223,3033.388,99.1641,100.000,27306.4
1923.223,3033.586,99.1686,100.000,27304.3
1923.724,3033.785,99.1776,100.000,27300.3
1923.724,3033.984,99.1763,100.000,27300.9
1924.224,3034.184,99.1774,100.000,27300.4
1924.224,3034.384,99.1860,100.000,27296.5
1924.224,3034.582,99.1888,100.000,27295.2
1924.724,3034.781,99.2004,100.000,27290.0
1924.725,3034.980,99.2051,100.000,27287.9
1925.224,3035.180,99.2051,100.000,27287.9
1925.225,3035.379,99.2062,100.000,27287.3
1925.225,3035.578,99.2158,100.000,27283.0
1925.724,3035.777,99.2171,100.000,27282.4
1925.724,3035.976,99.2264,100.000,27278.2
1926.223,3036.177,99.2314,100.000,27275.9
1926.223,3036.375,99.2332,100.000,27275.1
1926.224,3036.574,99.2399,100.000,27272.0
1926.724,3036.774,99.2446,100.000,27270.0
1926.724,3036.973,99.2529,100.000,27266.1
1927.224,3037.172,99.2603,100.000,27262.8
1927.224,3037.371,99.2564,100.000,27264.5
1927.224,3037.570,99.2686,100.000,27259.0
1927.724,3037.770,99.2752,100.000,27256.0
1927.725,3037.970,99.2760,100.000,27255.6
1928.224,3038.168,99.2866,100.000,27250.8
1928.224,3038.367,99.2891,100.000,27249.8
1928.224,3038.566,99.2961,100.000,27246.5
1928.723,3038.766,99.3027,100.000,27243.5
1928.723,3038.965,99.3112,100.000,27239.7
1929.224,3039.164,99.3110,100.000,27239.8
1929.224,3039.363,99.3208,100.000,27235.3
1929.224,3039.562,99.3252,100.000,27233.4
1929.724,3039.763,99.3278,100.000,27232.2
1929.724,3039.961,99.3275,100.000,27232.4
1930.224,3040.160,99.3310,100.000,27230.8
1930.224,3040.360,99.3413,100.000,27226.1
1930.225,3040.558,99.3488,100.000,27222.7
1930.724,3040.758,99.3498,100.000,27222.2
1930.724,3040.957,99.3560,100.000,27219.4
1931.224,3041.156,99.3581,100.000,27218.4
1931.224,3041.356,99.3647,100.000,27215.4
1931.225,3041.555,99.3708,100.000,27212.7
1931.724,3041.754,99.3688,100.000,27213.6
1931.724,3041.953,99.3768,100.000,27210.0
1932.224,3042.152,99.3840,100.000,27206.7
1932.224,3042.352,99.3879,100.000,27205.0
1932.224,3042.552,99.3872,100.000,27205.3
1932.724,3042.750,99.3940,100.000,27202.1
1932.724,3042.949,99.3975,100.000,27200.6
1933.224,3043.148,99.4007,100.000,27199.2
1933.224,3043.348,99.4009,100.000,27199.1
1933.225,3043.547,99.4058,100.000,27196.8
1933.724,3043.746,99.4155,100.000,27192.4
1933.724,3043.945,99.4155,100.000,27192.4
1934.224,3044.144,99.4175,100.000,27191.6
1934.224,3044.345,99.4243,100.000,27188.5
1934.224,3044.543,99.4287,100.000,27186.5
1934.724,3044.742,99.4364,100.000,27183.0
1934.724,3044.942,99.4326,100.000,27184.7
1935.224,3045.140,99.4364,100.000,27183.0
1935.224,3045.340,99.4455,100.000,27178.9
1935.224,3045.539,99.4484,100.000,27177.5
1935.724,3045.738,99.4505,100.000,27176.6
1935.724,3045.938,99.4536,100.000,27175.2
1936.224,3046.138,99.4609,100.000,27171.9
1936.224,3046.336,99.4629,100.000,27171.0
1936.224,3046.535,99.4621,100.000,27171.4
1936.723,3046.734,99.4699,100.000,27167.8
1936.723,3046.934,99.4756,100.000,27165.3
1937.224,3047.134,99.4790,100.000,27163.7
1937.224,3047.332,99.4808,100.000,27162.9
1937.224,3047.531,99.4840,100.000,27161.4
1937.724,3047.730,99.4845,100.000,27161.2
1937.724,3047.930,99.4933,100.000,27157.2
1938.224,3048.129,99.4984,100.000,27154.9
1938.224,3048.328,99.4971,100.000,27155.6
1938.224,3048.527,99.5011,100.000,27153.7
1938.724,3048.726,99.5083,100.000,27150.4
1938.725,3048.927,99.5146,100.000,27147.6
1939.223,3049.125,99.5146,100.000,27147.6
1939.223,3049.324,99.5200,100.000,27145.2
1939.223,3049.524,99.5203,100.000,27145.0
1939.724,3049.723,99.5241,100.000,27143.3
1939.724,3049.922,99.5273,100.000,27141.9
1940.224,3050.121,99.5353,100.000,27138.2
1940.224,3050.320,99.5384,100.000,27136.8
1940.227,3050.520,99.5400,100.000,27136.0
1940.724,3050.720,99.5420,100.000,27135.2
1940.724,3050.918,99.5459,100.000,27133.4
1940.724,3051.117,99.5562,100.000,27128.8
1941.224,3051.316,99.5596,100.000,27127.3
1941.224,3051.516,99.5659,100.000,27124.4
1941.724,3051.715,99.5677,100.000,27123.6
1941.724,3051.914,99.5739,100.000,27120.8
1941.725,3052.113,99.5745,100.000,27120.6
1942.224,3052.312,99.5796,100.000,27118.2
1942.224,3052.513,99.5810,100.000,27117.6
1942.723,3052.711,99.5850,100.000,27115.7
1942.723,3052.910,99.5980,100.000,27109.9
1942.724,3053.110,99.5973,100.000,27110.2
1943.223,3053.308,99.6022,100.000,27108.0
1943.224,3053.512,99.6063,100.000,27106.2
1943.724,3053.707,99.6113,100.000,27103.9
1943.724,3053.906,99.6151,100.000,27102.2
1943.724,3054.106,99.6157,100.000,27101.9
1944.224,3054.305,99.6156,100.000,27101.9
1944.224,3054.505,99.6182,100.000,27100.8
1944.724,3054.703,99.6266,100.000,27097.0
1944.724,3054.902,99.6289,100.000,27096.0
1944.724,3055.102,99.6315,100.000,27094.8
1945.224,3055.302,99.6369,100.000,27092.3
1945.224,3055.500,99.6372,100.000,27092.1
1945.724,3055.699,99.6455,100.000,27088.4
1945.724,3055.898,99.6515,100.000,27085.7
1945.725,3056.098,99.6538,100.000,27084.7
1946.224,3056.297,99.6587,100.000,27082.5
1946.224,3056.496,99.6522,100.000,27085.5
1946.723,3056.695,99.6561,100.000,27083.6
1946.723,3056.894,99.6658,100.000,27079.3
1946.724,3057.095,99.6658,100.000,27079.2
1947.224,3057.293,99.6693,100.000,27077.8
1947.224,3057.492,99.6751,100.000,27075.1
1947.724,3057.692,99.6777,100.000,27073.8
1947.724,3057.890,99.6802,100.000,27072.9
1947.724,3058.090,99.6860,100.000,27070.2
1948.224,3058.289,99.6901,100.000,27068.4
1948.224,3058.488,99.6963,100.000,27065.5
1948.723,3058.688,99.6994,100.000,27064.2
1948.724,3058.888,99.7056,100.000,27061.4
1948.724,3059.086,99.7080,100.000,27060.2
1949.224,3059.285,99.7114,100.000,27058.8
1949.224,3059.484,99.7082,100.000,27060.2
1949.724,3059.684,99.7160,100.000,27056.7
1949.724,3059.884,99.7178,100.000,27055.8
1949.725,3060.082,99.7246,100.000,27052.7
1950.224,3060.281,99.7272,100.000,27051.6
1950.224,3060.480,99.7331,100.000,27049.0
1950.724,3060.680,99.7308,100.000,27050.0
1950.724,3060.879,99.7366,100.000,27047.3
1950.724,3061.078,99.7360,100.000,27047.6
1951.223,3061.277,99.7417,100.000,27045.0
1951.224,3061.476,99.7446,100.000,27043.7
1951.724,3061.677,99.7547,100.000,27039.2
1951.724,3061.875,99.7549,100.000,27039.1
1951.724,3062.074,99.7549,100.000,27039.1
1952.224,3062.274,99.7611,100.000,27036.3
1952.224,3062.473,99.7642,100.000,27034.9
1952.724,3062.672,99.7734,100.000,27030.7
1952.724,3062.871,99.7702,100.000,27032.2
1952.724,3063.070,99.7725,100.000,27031.1
1953.224,3063.269,99.7812,100.000,27027.1
1953.224,3063.470,99.7837,100.000,27026.1
1953.724,3063.668,99.7782,100.000,27028.6
1953.724,3063.867,99.7922,100.000,27022.2
1953.724,3064.066,99.8014,100.000,27018.1
1954.224,3064.266,99.8013,100.000,27018.2
1954.224,3064.465,99.8035,100.000,27017.1
1954.724,3064.664,99.8144,100.000,27012.2
1954.724,3064.863,99.8114,100.000,27013.6
1954.724,3065.062,99.8192,100.000,27010.1
1955.224,3065.263,99.8206,100.000,27009.4
1955.224,3065.461,99.8203,100.000,27009.6
1955.724,3065.660,99.8350,100.000,27003.0
1955.724,3065.860,99.8335,100.000,27003.6
1955.724,3066.058,99.8346,100.000,27003.2
1956.224,3066.259,99.8465,100.000,26997.8
1956.224,3066.457,99.8486,100.000,26996.8
1956.723,3066.656,99.8540,100.000,26994.4
1956.724,3066.856,99.8604,100.000,26991.6
1956.724,3067.055,99.8659,100.000,26989.0
1957.224,3067.254,99.8639,100.000,26989.9
1957.224,3067.453,99.8761,100.000,26984.4
1957.724,3067.652,99.8726,100.000,26986.0
1957.724,3067.852,99.8830,100.000,26981.3
1957.724,3068.052,99.8818,100.000,26981.8
1958.224,3068.250,99.8916,100.000,26977.4
1958.224,3068.449,99.8945,100.000,26976.2
1958.724,3068.648,99.8968,100.000,26975.1
1958.724,3068.848,99.9041,100.000,26971.9
1958.725,3069.047,99.9087,100.000,26969.8
1959.224,3069.246,99.9118,100.000,26968.4
1959.224,3069.445,99.9106,100.000,26968.9
1959.723,3069.644,99.9071,100.000,26970.5
1959.724,3069.845,99.9183,100.000,26965.4
1959.724,3070.043,99.9272,100.000,26961.4
1960.223,3070.242,99.9285,100.000,26960.8
1960.223,3070.442,99.9269,100.000,26961.5
1960.724,3070.640,99.9394,100.000,26955.9
1960.724,3070.840,99.9424,100.000,26954.5
1960.724,3071.039,99.9409,100.000,26955.3
1961.224,3071.238,99.9448,100.000,26953.4
1961.224,3071.438,99.9479,100.000,26952.1
1961.724,3071.637,99.9486,100.000,26951.8
1961.724,3071.836,99.9565,100.000,26948.2
1961.724,3072.035,99.9595,100.000,26946.9
1962.224,3072.234,99.9645,100.000,26944.6
1962.224,3072.434,99.9720,100.000,26941.2
1962.724,3072.634,99.9720,100.000,26941.2
1962.724,3072.832,99.9806,100.000,26937.3
1962.724,3073.031,99.9819,100.000,26936.8
1963.224,3073.230,99.9852,100.000,26935.3
1963.224,3073.430,99.9906,100.000,26932.9
1963.724,3073.629,99.9888,100.000,26933.7
1963.724,3073.828,99.9980,100.000,26929.6
1963.724,3074.027,99.9977,100.000,26929.6
1964.224,3074.226,100.0005,100.000,26928.3
1964.224,3074.427,100.0013,100.000,26928.1
1964.724,3074.625,100.0104,100.000,26923.9
1964.724,3074.824,100.0146,100.000,26922.1
1964.724,3075.024,100.0137,100.000,26922.5
1965.224,3075.223,100.0163,100.000,26921.3
1965.224,3075.422,100.0220,100.000,26918.7
1965.723,3075.621,100.0190,100.000,26920.1
1965.723,3075.820,100.0259,100.000,26917.0
1965.723,3076.020,100.0347,100.000,26913.1
1966.224,3076.220,100.0345,100.000,26913.1
1966.224,3076.418,100.0345,100.000,26913.1
1966.224,3076.617,100.0350,100.000,26912.9
1966.724,3076.816,100.0353,100.000,26912.8
1966.724,3077.016,100.0425,100.000,26909.5
1967.224,3077.215,100.0493,100.000,26906.4
1967.224,3077.414,100.0508,100.000,26905.8
1967.224,3077.613,100.0508,100.000,26905.8
1967.724,3077.812,100.0545,100.000,26904.1
1967.724,3078.013,100.0566,100.000,26903.1
1968.224,3078.211,100.0680,100.000,26898.0
1968.225,3078.410,100.0648,100.000,26899.5
1968.225,3078.610,100.0708,100.000,26896.8
1968.724,3078.808,100.0736,100.000,26895.6
1968.724,3079.009,100.0654,100.000,26899.2
1969.224,3079.207,100.0815,100.000,26891.9
1969.224,3079.406,100.0828,100.000,26891.3
1969.224,3079.606,100.0877,100.000,26889.2
1969.724,3079.805,100.0885,100.000,26888.8
1969.725,3080.004,100.0923,100.000,26887.0
1970.224,3080.203,100.1001,100.000,26883.7
1970.224,3080.402,100.1011,100.000,26883.2
1970.224,3080.602,100.1056,100.000,26881.1
1970.724,3080.802,100.1076,100.000,26880.2
1970.724,3081.000,100.1174,100.000,26875.8
1971.224,3081.199,100.1188,100.000,26875.2
1971.224,3081.398,100.1152,100.000,26876.8
1971.225,3081.598,100.1266,100.000,26871.7
1971.724,3081.797,100.1221,100.000,26873.8
1971.725,3081.996,100.1271,100.000,26871.4
1972.224,3082.195,100.1392,100.000,26866.1
1972.225,3082.394,100.1460,100.000,26863.0
1972.225,3082.595,100.1463,100.000,26862.8
1972.724,3082.793,100.1499,100.000,26861.3
1972.725,3082.992,100.1510,100.000,26860.6
1973.224,3083.192,100.1559,100.000,26858.6
1973.224,3083.390,100.1572,100.000,26857.9
1973.224,3083.590,100.1626,100.000,26855.5
1973.724,3083.789,100.1632,100.000,26855.2
1973.724,3083.988,100.1771,100.000,26849.0
1974.224,3084.188,100.1709,100.000,26851.8
1974.225,3084.388,100.1740,100.000,26850.3
1974.225,3084.586,100.1877,100.000,26844.2
1974.724,3084.785,100.1763,100.000,26849.4
1974.724,3084.984,100.1839,100.000,26846.0
1975.224,3085.184,100.1917,100.000,26842.4
1975.224,3085.384,100.1934,100.000,26841.7
1975.225,3085.582,100.1995,100.000,26838.9
1975.724,3085.781,100.2021,100.000,26837.8
1975.724,3085.980,100.2056,100.000,26836.2
1976.224,3086.180,100.2103,100.000,26834.1
1976.224,3086.379,100.2132,100.000,26832.8
1976.225,3086.578,100.2163,100.000,26831.4
1976.724,3086.777,100.2165,100.000,26831.3
1976.724,3086.976,100.2295,100.000,26825.5
1977.224,3087.177,100.2314,100.000,26824.7
1977.224,3087.375,100.2298,100.000,26825.3
1977.225,3087.574,100.2327,100.000,26824.0
1977.724,3087.774,100.2308,100.000,26824.9
1977.724,3087.973,100.2454,100.000,26818.3
1978.224,3088.172,100.2448,100.000,26818.6
1978.224,3088.371,100.2443,100.000,26818.8
1978.224,3088.570,100.2528,100.000,26815.0
1978.723,3088.770,100.2645,100.000,26809.8
1978.724,3088.970,100.2686,100.000,26807.9
1979.224,3089.168,100.2617,100.000,26811.0
1979.224,3089.367,100.2645,100.000,26809.8
1979.225,3089.566,100.2749,100.000,26805.1
1979.724,3089.766,100.2715,100.000,26806.7
1979.725,3089.965,100.2778,100.000,26803.8
1980.224,3090.164,100.2767,100.000,26804.3
1980.224,3090.363,100.2822,100.000,26801.8
1980.224,3090.562,100.2848,100.000,26800.6
1980.724,3090.763,100.2907,100.000,26798.0
1980.724,3090.961,100.2943,100.000,26796.5
1981.224,3091.160,100.2957,100.000,26795.8
1981.224,3091.359,100.2990,100.000,26794.2
1981.225,3091.558,100.3110,100.000,26788.9
1981.724,3091.759,100.3127,100.000,26788.2
1981.725,3091.957,100.3172,100.000,26786.1
1982.224,3092.156,100.3156,100.000,26786.9
1982.225,3092.356,100.3211,100.000,26784.4
1982.225,3092.555,100.3245,100.000,26782.9
1982.724,3092.754,100.3301,100.000,26780.4
1982.724,3092.953,100.3341,100.000,26778.5
1983.224,3093.152,100.3299,100.000,26780.4
1983.225,3093.352,100.3382,100.000,26776.7
1983.225,3093.552,100.3442,100.000,26774.1
1983.724,3093.750,100.3481,100.000,26772.3
1983.724,3093.949,100.3527,100.000,26770.2
1984.224,3094.148,100.3540,100.000,26769.6
1984.225,3094.348,100.3616,100.000,26766.2
1984.225,3094.547,100.3592,100.000,26767.3
1984.724,3094.746,100.3662,100.000,26764.2
1984.725,3094.945,100.3683,100.000,26763.2
1985.224,3095.144,100.3734,100.000,26761.0
1985.224,3095.345,100.3791,100.000,26758.4
1985.224,3095.543,100.3794,100.000,26758.2
1985.724,3095.742,100.3882,100.000,26754.3
1985.725,3095.942,100.3882,100.000,26754.3
1986.224,3096.140,100.3947,100.000,26751.3
1986.224,3096.340,100.3997,100.000,26749.2
1986.224,3096.539,100.4093,100.000,26744.8
1986.724,3096.738,100.4139,100.000,26742.8
1986.724,3096.938,100.4188,100.000,26740.6
1987.224,3097.138,100.4227,100.000,26738.8
1987.224,3097.336,100.4269,100.000,26736.9
1987.224,3097.535,100.4336,100.000,26733.9
1987.725,3097.734,100.4338,100.000,26733.8
1987.725,3097.934,100.4425,100.000,26729.9
1988.224,3098.134,100.4487,100.000,26727.2
1988.224,3098.332,100.4648,100.000,26720.0
1988.224,3098.531,100.4655,100.000,26719.6
1988.724,3098.730,100.4650,100.000,26719.9
1988.724,3098.930,100.4728,100.000,26716.3
1989.224,3099.129,100.4805,100.000,26713.0
1989.224,3099.328,100.4746,100.000,26715.6
1989.224,3099.527,100.4883,100.000,26709.4
1989.724,3099.726,100.4941,100.000,26706.8
1989.724,3099.927,100.4976,100.000,26705.2
1990.223,3100.125,100.5005,100.000,26704.0
1990.224,3100.324,100.5013,100.000,26703.6
1990.224,3100.524,100.5076,100.000,26700.8
1990.724,3100.723,100.5086,100.000,26700.3
1990.725,3100.922,100.5153,100.000,26697.3
1991.224,3101.121,100.5187,100.000,26695.8
1991.225,3101.320,100.5241,100.000,26693.4
1991.225,3101.520,100.5340,100.000,26689.0
1991.724,3101.720,100.5348,100.000,26688.6
1991.725,3101.918,100.5356,100.000,26688.3
1991.725,3102.117,100.5415,100.000,26685.6
1992.224,3102.316,100.5451,100.000,26684.0
1992.225,3102.516,100.5513,100.000,26681.3
1992.724,3102.714,100.5483,100.000,26682.6
1992.725,3102.914,100.5532,100.000,26680.4
1992.725,3103.113,100.5584,100.000,26678.1
1993.224,3103.312,100.5641,100.000,26675.5
1993.224,3103.513,100.5636,100.000,26675.8
1993.724,3103.711,100.5728,100.000,26671.6
1993.724,3103.910,100.5788,100.000,26669.0
1993.725,3104.110,100.5798,100.000,26668.5
1994.224,3104.308,100.5866,100.000,26665.5
1994.225,3104.509,100.5944,100.000,26661.9
1994.724,3104.707,100.5957,100.000,26661.3
1994.724,3104.906,100.6027,100.000,26658.2
1994.724,3105.106,100.6064,100.000,26656.6
1995.224,3105.305,100.6079,100.000,26655.9
1995.224,3105.504,100.6092,100.000,26655.4
1995.724,3105.703,100.6079,100.000,26655.9
1995.725,3105.902,100.6204,100.000,26650.4
1995.725,3106.102,100.6256,100.000,26648.0
1996.224,3106.304,100.6256,100.000,26648.0
1996.224,3106.500,100.6333,100.000,26644.5
1996.724,3106.699,100.6333,100.000,26644.5
1996.725,3106.898,100.6411,100.000,26641.1
1996.725,3107.098,100.6387,100.000,26642.2
1997.224,3107.297,100.6465,100.000,26638.7
1997.224,3107.496,100.6553,100.000,26634.7
1997.724,3107.695,100.6538,100.000,26635.4
1997.725,3107.894,100.6610,100.000,26632.2
1997.725,3108.095,100.6637,100.000,26631.0
1998.224,3108.293,100.6716,100.000,26627.4
1998.224,3108.492,100.6761,100.000,26625.4
1998.724,3108.692,100.6805,100.000,26623.5
1998.725,3108.890,100.6834,100.000,26622.2
1998.725,3109.090,100.6979,100.000,26615.7
1999.224,3109.289,100.6924,100.000,26618.1
1999.224,3109.488,100.7000,100.000,26614.7
1999.724,3109.688,100.7075,100.000,26611.4
1999.724,3109.888,100.7134,100.000,26608.8
1999.724,3110.086,100.7226,100.000,26604.7
2000.224,3110.285,100.7214,100.000,26605.2
2000.224,3110.484,100.7305,100.000,26601.1
2000.724,3110.684,100.7391,100.000,26597.3
2000.725,3110.884,100.7368,100.000,26598.3
2000.725,3111.082,100.7443,100.000,26595.0
2001.224,3111.281,100.7472,100.000,26593.7
2001.224,3111.480,100.7559,100.000,26589.8
2001.723,3111.680,100.7578,100.000,26588.9
2001.724,3111.879,100.7612,100.000,26587.5
2001.724,3112.078,100.7627,100.000,26586.7
2002.224,3112.277,100.7720,100.000,26582.7
2002.224,3112.476,100.7690,100.000,26584.0
2002.724,3112.677,100.7756,100.000,26581.0
2002.724,3112.875,100.7757,100.000,26581.0
2002.725,3113.074,100.7850,100.000,26576.9
2003.224,3113.274,100.7871,100.000,26575.9
2003.224,3113.472,100.7899,100.000,26574.6
2003.724,3113.672,100.7959,100.000,26572.0
2003.724,3113.871,100.8032,100.000,26568.7
2003.724,3114.070,100.8047,100.000,26568.0
2004.224,3114.269,100.8091,100.000,26566.1
2004.225,3114.470,100.8078,100.000,26566.7
2004.724,3114.668,100.8076,100.000,26566.7
2004.724,3114.867,100.8156,100.000,26563.2
2004.724,3115.066,100.8216,100.000,26560.5
2005.224,3115.266,100.8254,100.000,26558.8
2005.224,3115.465,100.8179,100.000,26562.1
2005.724,3115.664,100.8268,100.000,26558.1
2005.724,3115.863,100.8312,100.000,26556.2
2005.724,3116.062,100.8340,100.000,26555.0
2006.224,3116.263,100.8302,100.000,26556.6
2006.224,3116.461,100.8345,100.000,26554.8
2006.724,3116.660,100.8406,100.000,26552.0
2006.724,3116.860,100.8457,100.000,26549.7
2006.724,3117.058,100.8454,100.000,26549.8
2007.224,3117.259,100.8480,100.000,26548.8
2007.224,3117.457,100.8532,100.000,26546.4
2007.724,3117.656,100.8615,100.000,26542.7
2007.725,3117.856,100.8558,100.000,26545.3
2007.725,3118.055,100.8675,100.000,26540.0
2008.224,3118.254,100.8688,100.000,26539.4
2008.224,3118.453,100.8677,100.000,26540.0
2008.723,3118.652,100.8662,100.000,26540.6
2008.723,3118.851,100.8717,100.000,26538.1
2008.723,3119.052,100.8682,100.000,26539.7
2009.224,3119.250,100.8818,100.000,26533.7
2009.224,3119.449,100.8776,100.000,26535.5
2009.724,3119.648,100.8812,100.000,26533.9
2009.724,3119.848,100.8898,100.000,26530.0
2009.725,3120.047,100.8841,100.000,26532.6
2010.224,3120.246,100.8922,100.000,26529.0
2010.224,3120.445,100.8885,100.000,26530.7
2010.724,3120.644,100.8965,100.000,26527.2
2010.724,3120.845,100.9027,100.000,26524.4
2010.724,3121.043,100.9028,100.000,26524.3
2011.224,3121.242,100.9033,100.000,26524.1
2011.224,3121.442,100.9131,100.000,26519.7
2011.724,3121.640,100.9189,100.000,26517.1
2011.724,3121.840,100.9077,100.000,26522.1
2011.724,3122.039,100.9084,100.000,26521.7
2012.224,3122.238,100.9211,100.000,26516.1
2012.225,3122.438,100.9173,100.000,26517.8
2012.724,3122.637,100.9276,100.000,26513.3
2012.724,3122.836,100.9305,100.000,26511.9
2012.724,3123.035,100.9289,100.000,26512.6
2013.224,3123.234,100.9355,100.000,26509.7
2013.224,3123.434,100.9334,100.000,26510.7
2013.724,3123.634,100.9398,100.000,26507.8
2013.724,3123.832,100.9334,100.000,26510.7
2013.724,3124.031,100.9437,100.000,26506.1
2014.224,3124.230,100.9451,100.000,26505.4
2014.224,3124.430,100.9502,100.000,26503.2
2014.724,3124.629,100.9554,100.000,26500.9
2014.724,3124.828,100.9551,100.000,26501.0
2014.725,3125.027,100.9567,100.000,26500.2
2015.224,3125.226,100.9590,100.000,26499.2
2015.225,3125.427,100.9609,100.000,26498.4
2015.724,3125.625,100.9608,100.000,26498.4
2015.724,3125.824,100.9627,100.000,26497.6
2015.725,3126.024,100.9699,100.000,26494.4
2016.224,3126.223,100.9743,100.000,26492.4
2016.224,3126.422,100.9823,100.000,26488.9
2016.724,3126.621,100.9845,100.000,26487.8
2016.724,3126.820,100.9821,100.000,26489.0
2016.724,3127.020,100.9920,100.000,26484.5
2017.224,3127.220,100.9847,100.000,26487.8
2017.224,3127.418,101.0005,100.000,26480.8
2017.224,3127.617,101.0031,100.000,26479.6
2017.724,3127.816,101.0029,100.000,26479.7
2017.724,3128.016,101.0137,100.000,26474.8
2018.223,3128.215,101.0088,100.000,26477.0
2018.224,3128.414,101.0132,100.000,26475.1
2018.224,3128.614,101.0137,100.000,26474.9
2018.724,3128.812,101.0225,100.000,26471.0
2018.724,3129.013,101.0203,100.000,26471.9
2019.224,3129.211,101.0244,100.000,26470.1
2019.224,3129.410,101.0309,100.000,26467.2
2019.224,3129.610,101.0360,100.000,26465.0
2019.724,3129.808,101.0337,100.000,26466.0
2019.724,3130.009,101.0391,100.000,26463.6
2020.224,3130.207,101.0493,100.000,26459.1
2020.224,3130.406,101.0485,100.000,26459.4
2020.225,3130.606,101.0426,100.000,26462.0
2020.723,3130.805,101.0545,100.000,26456.8
2020.724,3131.004,101.0560,100.000,26456.1
2021.224,3131.203,101.0638,100.000,26452.6
2021.224,3131.402,101.0578,100.000,26455.3
2021.224,3131.602,101.0654,100.000,26451.9
2021.724,3131.802,101.0658,100.000,26451.7
2021.724,3132.000,101.0757,100.000,26447.3
2022.224,3132.199,101.0716,100.000,26449.1
2022.224,3132.398,101.0736,100.000,26448.2
2022.224,3132.598,101.0711,100.000,26449.3
2022.723,3132.798,101.0804,100.000,26445.2
2022.723,3132.996,101.0845,100.000,26443.4
2023.223,3133.195,101.0869,100.000,26442.3
2023.224,3133.394,101.0960,100.000,26438.2
2023.224,3133.595,101.0941,100.000,26439.1
2023.724,3133.793,101.0980,100.000,26437.4
2023.724,3133.992,101.1035,100.000,26435.0
2024.223,3134.192,101.1071,100.000,26433.3
2024.224,3134.390,101.1060,100.000,26433.8
2024.224,3134.590,101.1128,100.000,26430.8
2024.724,3134.789,101.1190,100.000,26428.0
2024.724,3134.988,101.1206,100.000,26427.3
2025.224,3135.188,101.1239,100.000,26425.9
2025.224,3135.388,101.1271,100.000,26424.4
2025.224,3135.586,101.1255,100.000,26425.1
2025.724,3135.785,101.1323,100.000,26422.1
2025.724,3135.984,101.1338,100.000,26421.5
2026.224,3136.184,101.1362,100.000,26420.3
2026.224,3136.384,101.1489,100.000,26414.8
2026.224,3136.582,101.1473,100.000,26415.4
2026.724,3136.781,101.1502,100.000,26414.1
2026.724,3136.980,101.1576,100.000,26410.9
2027.224,3137.180,101.1512,100.000,26413.7
2027.224,3137.379,101.1558,100.000,26411.6
2027.224,3137.578,101.1660,100.000,26407.1
2027.723,3137.777,101.1636,100.000,26408.2
2027.723,3137.976,101.1684,100.000,26406.0
2028.223,3138.177,101.1763,100.000,26402.6
2028.224,3138.375,101.1792,100.000,26401.3
2028.224,3138.574,101.1870,100.000,26397.8
2028.724,3138.774,101.1792,100.000,26401.3
2028.724,3138.973,101.1847,100.000,26398.8
2029.224,3139.172,101.1950,100.000,26394.2
2029.224,3139.371,101.1951,100.000,26394.1
2029.225,3139.570,101.2036,100.000,26390.4
2029.724,3139.770,101.2021,100.000,26391.1
2029.724,3139.970,101.2109,100.000,26387.2
2030.224,3140.168,101.2176,100.000,26384.2
2030.225,3140.367,101.2064,100.000,26389.2
2030.225,3140.566,101.2104,100.000,26387.4
2030.724,3140.766,101.2223,100.000,26382.1
2030.725,3140.965,101.2222,100.000,26382.2
2031.224,3141.164,101.2179,100.000,26384.0
2031.224,3141.363,101.2386,100.000,26374.9
2031.224,3141.562,101.2381,100.000,26375.1
2031.724,3141.763,101.2445,100.000,26372.3
2031.724,3141.961,101.2433,100.000,26372.8
2032.224,3142.160,101.2549,100.000,26367.6
2032.224,3142.360,101.2471,100.000,26371.2
2032.224,3142.558,101.2622,100.000,26364.4
2032.723,3142.759,101.2568,100.000,26366.8
2032.723,3142.957,101.2642,100.000,26363.5
2033.224,3143.156,101.2642,100.000,26363.5
2033.224,3143.356,101.2648,100.000,26363.2
2033.224,3143.555,101.2749,100.000,26358.8
2033.724,3143.754,101.2775,100.000,26357.6
2033.724,3143.953,101.2806,100.000,26356.2
2034.224,3144.152,101.2830,100.000,26355.2
2034.224,3144.352,101.2895,100.000,26352.2
2034.224,3144.552,101.2871,100.000,26353.4
2034.724,3144.750,101.2847,100.000,26354.4
2034.724,3144.949,101.2912,100.000,26351.5
2035.224,3145.148,101.2988,100.000,26348.1
2035.224,3145.348,101.3042,100.000,26345.8
2035.225,3145.547,101.3055,100.000,26345.1
2035.724,3145.746,101.3096,100.000,26343.4
2035.724,3145.945,101.3091,100.000,26343.5
2036.224,3146.144,101.3158,100.000,26340.6
2036.224,3146.345,101.3193,100.000,26339.0
2036.224,3146.543,101.3237,100.000,26337.1
2036.723,3146.742,101.3275,100.000,26335.4
2036.723,3146.942,101.3307,100.000,26333.9
2037.224,3147.140,101.3328,100.000,26333.0
2037.224,3147.340,101.3364,100.000,26331.4
2037.224,3147.539,101.3364,100.000,26331.4
2037.723,3147.738,101.3475,100.000,26326.5
2037.723,3147.937,101.3426,100.000,26328.7
2038.224,3148.138,101.3449,100.000,26327.7
2038.224,3148.336,101.3450,100.000,26327.7
2038.224,3148.535,101.3525,100.000,26324.2
2038.724,3148.734,101.3560,100.000,26322.8
2038.724,3148.934,101.3555,100.000,26323.0
2039.224,3149.134,101.3582,100.000,26321.8
2039.224,3149.332,101.3647,100.000,26318.9
2039.224,3149.531,101.3639,100.000,26319.2
2039.724,3149.730,101.3667,100.000,26318.0
2039.724,3149.930,101.3675,100.000,26317.7
2040.224,3150.129,101.3698,100.000,26316.7
2040.225,3150.328,101.3805,100.000,26311.9
2040.225,3150.527,101.3807,100.000,26311.8
2040.724,3150.726,101.3835,100.000,26310.5
2040.725,3150.927,101.3838,100.000,26310.4
2041.224,3151.125,101.3918,100.000,26306.9
2041.225,3151.324,101.3936,100.000,26306.1
2041.225,3151.524,101.3922,100.000,26306.7
2041.724,3151.723,101.3940,100.000,26305.8
2041.724,3151.922,101.3996,100.000,26303.5
2042.224,3152.121,101.4038,100.000,26301.6
2042.225,3152.320,101.4071,100.000,26300.1
2042.225,3152.520,101.4043,100.000,26301.4
2042.724,3152.720,101.4132,100.000,26297.3
2042.724,3152.918,101.4095,100.000,26299.0
2042.724,3153.117,101.4199,100.000,26294.5
2043.224,3153.316,101.4173,100.000,26295.6
2043.224,3153.516,101.4131,100.000,26297.5
2043.724,3153.715,101.4230,100.000,26293.0
2043.724,3153.914,101.4246,100.000,26292.3
2043.724,3154.113,101.4294,100.000,26290.3
2044.224,3154.312,101.4294,100.000,26290.3
2044.224,3154.513,101.4230,100.000,26293.1
2044.724,3154.711,101.4295,100.000,26290.1
2044.724,3154.910,101.4377,100.000,26286.6
2044.724,3155.110,101.4321,100.000,26289.0
2045.224,3155.308,101.4440,100.000,26283.7
2045.224,3155.508,101.4466,100.000,26282.6
2045.724,3155.707,101.4466,100.000,26282.5
2045.724,3155.906,101.4518,100.000,26280.2
2045.724,3156.106,101.4551,100.000,26278.8
2046.224,3156.305,101.4502,100.000,26280.9
2046.224,3156.504,101.4556,100.000,26278.6
2046.724,3156.703,101.4556,100.000,26278.6
2046.724,3156.902,101.4600,100.000,26276.7
2046.724,3157.101,101.4601,100.000,26276.6
2047.224,3157.302,101.4692,100.000,26272.6
2047.224,3157.500,101.4668,100.000,26273.7
2047.724,3157.699,101.4717,100.000,26271.5
2047.724,3157.898,101.4779,100.000,26268.8
2047.724,3158.098,101.4769,100.000,26269.2
2048.224,3158.297,101.4816,100.000,26267.0
2048.224,3158.496,101.4811,100.000,26267.3
2048.724,3158.695,101.4868,100.000,26264.7
2048.724,3158.894,101.4873,100.000,26264.5
2048.724,3159.095,101.4932,100.000,26262.0
2049.224,3159.293,101.4941,100.000,26261.6
2049.224,3159.492,101.4956,100.000,26260.9
2049.724,3159.692,101.4997,100.000,26259.1
2049.724,3159.890,101.4989,100.000,26259.4
2049.724,3160.090,101.5094,100.000,26254.7
2050.224,3160.289,101.5080,100.000,26255.4
2050.224,3160.488,101.5057,100.000,26256.4
2050.724,3160.688,101.5140,100.000,26252.8
2050.724,3160.888,101.5176,100.000,26251.1
2050.725,3161.086,101.5129,100.000,26253.2
2051.224,3161.285,101.5229,100.000,26248.8
2051.225,3161.484,101.5216,100.000,26249.4
2051.724,3161.684,101.5244,100.000,26248.2
2051.724,3161.884,101.5264,100.000,26247.3
2051.724,3162.082,101.5308,100.000,26245.3
2052.224,3162.281,101.5314,100.000,26245.0
2052.224,3162.480,101.5347,100.000,26243.5
2052.723,3162.680,101.5293,100.000,26246.0
2052.723,3162.879,101.5312,100.000,26245.1
2052.724,3163.078,101.5394,100.000,26241.5
2053.223,3163.277,101.5496,100.000,26236.9
2053.224,3163.476,101.5430,100.000,26239.9
2053.724,3163.677,101.5428,100.000,26240.0
2053.724,3163.875,101.5540,100.000,26235.0
2053.724,3164.074,101.5490,100.000,26237.2
2054.224,3164.274,101.5518,100.000,26236.0
2054.224,3164.473,101.5553,100.000,26234.5
2054.724,3164.672,101.5591,100.000,26232.8
2054.725,3164.871,101.5553,100.000,26234.4
2054.725,3165.070,101.5602,100.000,26232.2
2055.224,3165.269,101.5653,100.000,26230.0
2055.225,3165.470,101.5744,100.000,26226.0
2055.724,3165.668,101.5713,100.000,26227.3
2055.724,3165.867,101.5757,100.000,26225.4
2055.725,3166.066,101.5809,100.000,26223.2
2056.224,3166.266,101.5801,100.000,26223.5
2056.224,3166.465,101.5846,100.000,26221.4
2056.723,3166.664,101.5916,100.000,26218.4
2056.724,3166.863,101.5913,100.000,26218.5
2056.724,3167.062,101.5968,100.000,26216.0
2057.224,3167.262,101.6025,100.000,26213.6
2057.225,3167.461,101.5977,100.000,26215.7
2057.724,3167.660,101.6029,100.000,26213.5
2057.724,3167.860,101.6102,100.000,26210.2
2057.724,3168.058,101.6103,100.000,26210.1
2058.224,3168.259,101.6082,100.000,26211.0
2058.224,3168.457,101.6149,100.000,26208.1
2058.724,3168.656,101.6108,100.000,26209.9
2058.724,3168.855,101.6196,100.000,26205.9
2058.724,3169.055,101.6213,100.000,26205.2
2059.224,3169.254,101.6287,100.000,26201.9
2059.224,3169.453,101.6255,100.000,26203.5
2059.724,3169.652,101.6294,100.000,26201.6
2059.724,3169.852,101.6318,100.000,26200.6
2059.725,3170.051,101.6338,100.000,26199.7
2060.224,3170.250,101.6284,100.000,26202.1
2060.224,3170.449,101.6359,100.000,26198.8
2060.724,3170.648,101.6396,100.000,26197.1
2060.724,3170.848,101.6401,100.000,26196.9
2060.724,3171.047,101.6436,100.000,26195.5
2061.224,3171.246,101.6522,100.000,26191.6
2061.225,3171.445,101.6504,100.000,26192.4
2061.724,3171.644,101.6492,100.000,26192.9
2061.725,3171.845,101.6496,100.000,26192.8
2061.725,3172.043,101.6562,100.000,26189.7
2062.224,3172.242,101.6566,100.000,26189.7
2062.225,3172.442,101.6670,100.000,26185.0
2062.724,3172.640,101.6616,100.000,26187.4
2062.724,3172.840,101.6668,100.000,26185.1
2062.724,3173.039,101.6689,100.000,26184.2
2063.224,3173.238,101.6717,100.000,26183.0
2063.224,3173.438,101.6763,100.000,26181.0
2063.724,3173.638,101.6699,100.000,26183.7
2063.724,3173.836,101.6728,100.000,26182.5
2063.724,3174.035,101.6763,100.000,26181.0
2064.224,3174.234,101.6787,100.000,26179.8
2064.225,3174.434,101.6860,100.000,26176.6
2064.724,3174.636,101.6831,100.000,26178.0
2064.725,3174.832,101.6893,100.000,26175.2
2064.725,3175.031,101.6945,100.000,26172.9
2065.224,3175.230,101.6917,100.000,26174.1
2065.224,3175.430,101.6909,100.000,26174.5
2065.724,3175.629,101.6963,100.000,26172.1
2065.724,3175.828,101.6961,100.000,26172.2
2065.725,3176.027,101.6978,100.000,26171.4
2066.224,3176.226,101.7039,100.000,26168.8
2066.225,3176.427,101.7109,100.000,26165.6
2066.724,3176.625,101.7074,100.000,26167.2
2066.725,3176.824,101.7075,100.000,26167.1
2066.725,3177.024,101.7026,100.000,26169.3
2067.224,3177.223,101.7187,100.000,26162.2
2067.225,3177.422,101.7186,100.000,26162.3
2067.724,3177.621,101.7178,100.000,26162.6
2067.724,3177.820,101.7259,100.000,26159.0
2067.724,3178.019,101.7249,100.000,26159.5
2068.224,3178.220,101.7262,100.000,26158.8
2068.224,3178.418,101.7282,100.000,26158.0
2068.224,3178.617,101.7368,100.000,26154.2
2068.724,3178.816,101.7318,100.000,26156.4
2068.724,3179.016,101.7386,100.000,26153.4
2069.224,3179.215,101.7375,100.000,26153.9
2069.224,3179.414,101.7373,100.000,26154.0
2069.224,3179.613,101.7417,100.000,26152.1
2069.724,3179.812,101.7428,100.000,26151.5
2069.724,3180.013,101.7422,100.000,26151.8
2070.224,3180.211,101.7513,100.000,26147.8
2070.224,3180.410,101.7555,100.000,26145.9
2070.225,3180.610,101.7554,100.000,26146.0
2070.724,3180.808,101.7568,100.000,26145.3
2070.725,3181.009,101.7620,100.000,26143.1
2071.224,3181.207,101.7537,100.000,26146.8
2071.225,3181.406,101.7630,100.000,26142.7
2071.225,3181.606,101.7672,100.000,26140.7
2071.724,3181.805,101.7703,100.000,26139.4
2071.724,3182.004,101.7768,100.000,26136.6
2072.224,3182.203,101.7757,100.000,26137.1
2072.224,3182.402,101.7801,100.000,26135.1
2072.225,3182.602,101.7855,100.000,26132.7
2072.723,3182.802,101.7801,100.000,26135.1
2072.723,3183.000,101.7915,100.000,26130.0
2073.224,3183.199,101.7895,100.000,26130.9
2073.224,3183.398,101.7905,100.000,26130.5
2073.224,3183.598,101.7993,100.000,26126.6
2073.724,3183.797,101.7972,100.000,26127.6
2073.724,3183.996,101.7972,100.000,26127.5
2074.224,3184.195,101.8027,100.000,26125.1
2074.224,3184.394,101.8053,100.000,26123.9
2074.224,3184.595,101.8052,100.000,26124.0
2074.724,3184.793,101.8122,100.000,26120.9
2074.724,3184.992,101.8159,100.000,26119.2
2075.224,3185.192,101.8188,100.000,26118.0
2075.224,3185.390,101.8208,100.000,26117.1
2075.224,3185.590,101.8203,100.000,26117.4
2075.724,3185.789,101.8263,100.000,26114.7
2075.724,3185.988,101.8317,100.000,26112.2
2076.224,3186.188,101.8304,100.000,26112.9
2076.224,3186.388,101.8403,100.000,26108.5
2076.224,3186.586,101.8423,100.000,26107.6
2076.724,3186.785,101.8459,100.000,26106.0
2076.725,3186.984,101.8380,100.000,26109.5
2077.224,3187.184,101.8475,100.000,26105.3
2077.224,3187.384,101.8402,100.000,26108.6
2077.224,3187.582,101.8503,100.000,26104.1
2077.724,3187.781,101.8491,100.000,26104.6
2077.725,3187.980,101.8573,100.000,26101.1
2078.224,3188.180,101.8511,100.000,26103.8
2078.225,3188.379,101.8589,100.000,26100.4
2078.225,3188.578,101.8646,100.000,26097.8
2078.724,3188.777,101.8677,100.000,26096.4
2078.724,3188.976,101.8730,100.000,26094.0
2079.224,3189.177,101.8693,100.000,26095.7
2079.224,3189.375,101.8747,100.000,26093.4
2079.225,3189.574,101.8743,100.000,26093.5
2079.724,3189.774,101.8880,100.000,26087.5
2079.724,3189.973,101.8825,100.000,26089.8
2080.224,3190.172,101.8825,100.000,26089.9
2080.224,3190.371,101.8852,100.000,26088.7
2080.224,3190.570,101.8932,100.000,26085.2
2080.724,3190.770,101.8862,100.000,26088.2
2080.725,3190.970,101.8963,100.000,26083.8
2081.224,3191.168,101.8971,100.000,26083.4
2081.225,3191.367,101.9087,100.000,26078.3
2081.225,3191.566,101.9082,100.000,26078.5
2081.724,3191.766,101.9100,100.000,26077.8
2081.724,3191.965,101.9097,100.000,26077.9
2082.224,3192.164,101.9067,100.000,26079.2
2082.225,3192.363,101.9155,100.000,26075.3
2082.225,3192.562,101.9150,100.000,26075.6
2082.724,3192.763,101.9258,100.000,26070.8
2082.724,3192.961,101.9194,100.000,26073.6
2083.224,3193.160,101.9307,100.000,26068.6
2083.224,3193.360,101.9237,100.000,26071.8
2083.224,3193.558,101.9341,100.000,26067.1
2083.723,3193.759,101.9326,100.000,26067.8
2083.723,3193.957,101.9323,100.000,26067.9
2084.224,3194.156,101.9331,100.000,26067.5
2084.224,3194.356,101.9350,100.000,26066.8
2084.224,3194.555,101.9490,100.000,26060.6
2084.724,3194.754,101.9438,100.000,26062.8
2084.724,3194.953,101.9512,100.000,26059.6
2085.224,3195.152,101.9504,100.000,26060.0
2085.225,3195.352,101.9559,100.000,26057.6
2085.225,3195.552,101.9549,100.000,26058.0
2085.724,3195.750,101.9565,100.000,26057.2
2085.724,3195.949,101.9574,100.000,26056.9
2086.224,3196.148,101.9632,100.000,26054.3
2086.224,3196.348,101.9575,100.000,26056.9
2086.224,3196.547,101.9627,100.000,26054.5
2086.724,3196.746,101.9699,100.000,26051.4
2086.725,3196.945,101.9632,100.000,26054.3
2087.224,3197.144,101.9712,100.000,26050.7
2087.224,3197.345,101.9769,100.000,26048.3
2087.224,3197.543,101.9805,100.000,26046.7
2087.724,3197.742,101.9801,100.000,26046.8
2087.724,3197.942,101.9840,100.000,26045.1
2088.223,3198.140,101.9810,100.000,26046.6
2088.223,3198.340,101.9844,100.000,26045.0
2088.223,3198.539,101.9834,100.000,26045.4
2088.724,3198.738,101.9888,100.000,26043.0
2088.725,3198.938,101.9884,100.000,26043.2
2089.224,3199.138,101.9963,100.000,26039.7
2089.225,3199.336,101.9927,100.000,26041.3
2089.225,3199.535,102.0024,100.000,26037.0
2089.723,3199.734,102.0083,100.000,26034.5
2089.724,3199.934,102.0036,100.000,26036.5
2090.224,3200.134,102.0099,100.000,26033.7
2090.225,3200.332,102.0137,100.000,26032.1
2090.225,3200.531,102.0125,100.000,26032.6
2090.724,3200.730,102.0088,100.000,26034.2
2090.724,3200.930,102.0161,100.000,26031.0
2091.224,3201.129,102.0213,100.000,26028.8
2091.225,3201.328,102.0207,100.000,26028.9
2091.225,3201.527,102.0262,100.000,26026.6
2091.724,3201.726,102.0303,100.000,26024.8
2091.725,3201.927,102.0226,100.000,26028.1
2092.224,3202.125,102.0254,100.000,26027.0
2092.224,3202.324,102.0322,100.000,26023.9
2092.224,3202.524,102.0308,100.000,26024.6
2092.724,3202.723,102.0352,100.000,26022.6
2092.724,3202.922,102.0365,100.000,26022.1
2093.224,3203.121,102.0352,100.000,26022.7
2093.224,3203.320,102.0405,100.000,26020.3
2093.225,3203.520,102.0404,100.000,26020.3
2093.723,3203.720,102.0493,100.000,26016.4
2093.724,3203.918,102.0474,100.000,26017.3
2093.724,3204.117,102.0534,100.000,26014.6
2094.224,3204.316,102.0540,100.000,26014.3
2094.224,3204.516,102.0568,100.000,26013.1
2094.724,3204.715,102.0534,100.000,26014.6
2094.724,3204.914,102.0578,100.000,26012.7
2094.724,3205.113,102.0641,100.000,26009.9
2095.224,3205.312,102.0648,100.000,26009.6
2095.225,3205.513,102.0646,100.000,26009.6
2095.723,3205.711,102.0654,100.000,26009.4
2095.724,3205.910,102.0713,100.000,26006.7
2095.724,3206.110,102.0700,100.000,26007.3
2096.224,3206.308,102.0711,100.000,26006.8
2096.224,3206.509,102.0718,100.000,26006.5
2096.724,3206.707,102.0732,100.000,26005.8
2096.724,3206.906,102.0838,100.000,26001.2
2096.724,3207.106,102.0776,100.000,26004.0
2097.224,3207.305,102.0853,100.000,26000.6
2097.225,3207.504,102.0863,100.000,26000.1
2097.724,3207.703,102.0856,100.000,26000.4
2097.725,3207.902,102.0864,100.000,26000.0
2097.725,3208.102,102.0950,100.000,25996.3
2098.224,3208.302,102.0918,100.000,25997.7
2098.224,3208.500,102.0970,100.000,25995.5
2098.724,3208.699,102.0983,100.000,25994.8
2098.724,3208.898,102.1113,100.000,25989.1
2098.724,3209.098,102.1071,100.000,25991.0
2099.224,3209.297,102.1087,100.000,25990.3
2099.224,3209.496,102.1107,100.000,25989.4
2099.724,3209.695,102.1118,100.000,25988.9
2099.724,3209.894,102.1128,100.000,25988.5
2099.724,3210.095,102.1174,100.000,25986.4
2100.224,3210.293,102.1190,100.000,25985.8
2100.224,3210.492,102.1185,100.000,25986.0
2100.724,3210.692,102.1204,100.000,25985.1
2100.725,3210.890,102.1269,100.000,25982.3
2100.725,3211.090,102.1263,100.000,25982.5
2101.224,3211.289,102.1323,100.000,25979.9
2101.224,3211.488,102.1278,100.000,25981.9
2101.724,3211.688,102.1322,100.000,25979.9
2101.724,3211.888,102.1375,100.000,25977.6
2101.725,3212.086,102.1406,100.000,25976.2
2102.224,3212.285,102.1406,100.000,25976.2
2102.225,3212.484,102.1494,100.000,25972.3
2102.724,3212.684,102.1408,100.000,25976.1
2102.724,3212.884,102.1489,100.000,25972.6
2102.724,3213.082,102.1473,100.000,25973.3
2103.224,3213.281,102.1509,100.000,25971.8
2103.225,3213.480,102.1504,100.000,25971.9
2103.724,3213.680,102.1592,100.000,25968.1
2103.725,3213.879,102.1577,100.000,25968.7
2103.725,3214.078,102.1600,100.000,25967.8
2104.224,3214.277,102.1592,100.000,25968.1
2104.224,3214.476,102.1680,100.000,25964.2
2104.724,3214.677,102.1714,100.000,25962.7
2104.725,3214.875,102.1701,100.000,25963.3
2104.725,3215.074,102.1667,100.000,25964.8
2105.224,3215.274,102.1676,100.000,25964.3
2105.225,3215.473,102.1766,100.000,25960.4
2105.724,3215.672,102.1794,100.000,25959.2
2105.725,3215.871,102.1808,100.000,25958.5
2105.725,3216.070,102.1867,100.000,25956.0
2106.223,3216.270,102.1844,100.000,25957.0
2106.224,3216.470,102.1803,100.000,25958.8
2106.723,3216.668,102.1883,100.000,25955.3
2106.724,3216.867,102.1872,100.000,25955.8
2106.724,3217.066,102.1930,100.000,25953.1
2107.224,3217.266,102.1948,100.000,25952.4
2107.224,3217.465,102.1968,100.000,25951.6
2107.724,3217.664,102.1992,100.000,25950.4
2107.724,3217.863,102.1973,100.000,25951.3
2107.724,3218.062,102.2030,100.000,25948.8
2108.224,3218.263,102.2057,100.000,25947.6
2108.224,3218.461,102.2077,100.000,25946.8
2108.724,3218.660,102.2122,100.000,25944.8
2108.725,3218.860,102.2178,100.000,25942.3
2108.725,3219.058,102.2156,100.000,25943.2
2109.224,3219.258,102.2114,100.000,25945.1
2109.224,3219.457,102.2202,100.000,25941.2
2109.724,3219.656,102.2202,100.000,25941.2
2109.724,3219.856,102.2287,100.000,25937.5
2109.724,3220.055,102.2275,100.000,25937.9
2110.224,3220.254,102.2324,100.000,25935.9
2110.224,3220.453,102.2314,100.000,25936.3
2110.724,3220.652,102.2321,100.000,25936.0
2110.724,3220.852,102.2347,100.000,25934.9
2110.724,3221.052,102.2396,100.000,25932.8
2111.223,3221.250,102.2340,100.000,25935.1
2111.223,3221.449,102.2384,100.000,25933.2
2111.724,3221.648,102.2383,100.000,25933.3
2111.724,3221.848,102.2433,100.000,25931.0
2111.724,3222.047,102.2453,100.000,25930.2
2112.224,3222.246,102.2436,100.000,25931.0
2112.224,3222.445,102.2464,100.000,25929.8
2112.724,3222.644,102.2476,100.000,25929.2
2112.725,3222.845,102.2557,100.000,25925.7
2112.725,3223.043,102.2593,100.000,25924.1
2113.224,3223.242,102.2607,100.000,25923.5
2113.224,3223.442,102.2616,100.000,25923.1
2113.724,3223.640,102.2633,100.000,25922.2
2113.724,3223.840,102.2554,100.000,25925.7
2113.724,3224.039,102.2666,100.000,25920.9
2114.224,3224.238,102.2622,100.000,25922.7
2114.224,3224.438,102.2638,100.000,25922.0
2114.724,3224.638,102.2715,100.000,25918.7
2114.724,3224.836,102.2720,100.000,25918.5
2114.724,3225.035,102.2772,100.000,25916.2
2115.224,3225.234,102.2744,100.000,25917.4
2115.224,3225.434,102.2764,100.000,25916.5
2115.724,3225.634,102.2791,100.000,25915.4
2115.724,3225.832,102.2759,100.000,25916.8
2115.725,3226.031,102.2808,100.000,25914.6
2116.224,3226.230,102.2835,100.000,25913.5
2116.224,3226.430,102.2869,100.000,25911.9
2116.724,3226.629,102.2896,100.000,25910.8
2116.724,3226.828,102.2838,100.000,25913.2
2116.724,3227.027,102.2920,100.000,25909.7
2117.224,3227.226,102.2943,100.000,25908.7
2117.224,3227.426,102.2941,100.000,25908.8
2117.724,3227.625,102.2993,100.000,25906.5
2117.724,3227.824,102.2959,100.000,25908.0
2117.724,3228.024,102.2982,100.000,25907.0
2118.224,3228.223,102.3047,100.000,25904.1
2118.224,3228.422,102.2959,100.000,25908.0
2118.724,3228.621,102.3026,100.000,25905.1
2118.725,3228.820,102.2998,100.000,25906.3
2118.725,3229.020,102.3039,100.000,25904.5
2119.224,3229.220,102.3055,100.000,25903.8
2119.224,3229.418,102.2962,100.000,25907.9
2119.224,3229.617,102.3048,100.000,25904.0
2119.724,3229.816,102.3132,100.000,25900.4
2119.724,3230.016,102.3132,100.000,25900.4
2120.224,3230.215,102.3123,100.000,25900.8
2120.224,3230.414,102.3123,100.000,25900.8
2120.224,3230.613,102.3123,100.000,25900.8
2120.723,3230.812,102.3188,100.000,25897.9
2120.724,3231.013,102.3153,100.000,25899.5
2121.223,3231.211,102.3211,100.000,25897.0
2121.224,3231.410,102.3208,100.000,25897.0
2121.224,3231.610,102.3146,100.000,25899.8
2121.724,3231.808,102.3276,100.000,25894.1
2121.724,3232.009,102.3268,100.000,25894.4
2122.224,3232.207,102.3272,100.000,25894.2
2122.224,3232.406,102.3234,100.000,25895.9
2122.224,3232.606,102.3306,100.000,25892.8
2122.724,3232.805,102.3275,100.000,25894.1
2122.724,3233.004,102.3353,100.000,25890.8
2123.224,3233.203,102.3311,100.000,25892.6
2123.224,3233.402,102.3394,100.000,25888.9
2123.224,3233.601,102.3361,100.000,25890.3
2123.724,3233.802,102.3377,100.000,25889.6
2123.724,3234.000,102.3354,100.000,25890.6
2124.223,3234.199,102.3421,100.000,25887.8
2124.223,3234.398,102.3413,100.000,25888.1
2124.223,3234.598,102.3426,100.000,25887.5
2124.724,3234.797,102.3411,100.000,25888.1
2124.725,3234.996,102.3426,100.000,25887.5
2125.224,3235.195,102.3444,100.000,25886.7
2125.224,3235.394,102.3452,100.000,25886.4
2125.224,3235.595,102.3550,100.000,25882.1
2125.724,3235.793,102.3501,100.000,25884.2
2125.725,3235.992,102.3563,100.000,25881.5
2126.224,3236.192,102.3543,100.000,25882.3
2126.224,3236.390,102.3519,100.000,25883.4
2126.225,3236.590,102.3494,100.000,25884.5
2126.724,3236.789,102.3529,100.000,25883.0
2126.724,3236.988,102.3569,100.000,25881.2
2127.224,3237.188,102.3612,100.000,25879.3
2127.224,3237.388,102.3579,100.000,25880.8
2127.224,3237.586,102.3603,100.000,25879.8
2127.724,3237.785,102.3649,100.000,25877.7
2127.725,3237.984,102.3589,100.000,25880.4
2128.224,3238.184,102.3695,100.000,25875.7
2128.225,3238.384,102.3652,100.000,25877.6
2128.225,3238.582,102.3688,100.000,25876.0
2128.724,3238.781,102.3713,100.000,25874.9
2128.725,3238.980,102.3683,100.000,25876.2
2129.224,3239.180,102.3740,100.000,25873.7
2129.224,3239.379,102.3765,100.000,25872.6
2129.224,3239.578,102.3742,100.000,25873.6
2129.724,3239.777,102.3797,100.000,25871.2
2129.724,3239.976,102.3773,100.000,25872.2
2130.224,3240.177,102.3760,100.000,25872.9
2130.225,3240.375,102.3789,100.000,25871.6
2130.225,3240.574,102.3841,100.000,25869.3
2130.724,3240.774,102.3864,100.000,25868.3
2130.725,3240.973,102.3883,100.000,25867.4
2131.224,3241.172,102.3944,100.000,25864.8
2131.225,3241.371,102.3983,100.000,25863.1
2131.225,3241.570,102.3908,100.000,25866.4
2131.724,3241.770,102.3940,100.000,25864.9
2131.724,3241.970,102.3936,100.000,25865.2
2132.224,3242.168,102.4001,100.000,25862.3
2132.225,3242.367,102.4004,100.000,25862.2
2132.225,3242.566,102.3980,100.000,25863.2
2132.724,3242.766,102.4092,100.000,25858.3
2132.725,3242.964,102.4067,100.000,25859.4
2133.224,3243.164,102.4077,100.000,25858.9
2133.224,3243.363,102.4058,100.000,25859.8
2133.224,3243.562,102.4131,100.000,25856.6
2133.724,3243.763,102.4181,100.000,25854.4
2133.725,3243.961,102.4191,100.000,25854.0
2134.223,3244.160,102.4170,100.000,25854.9
2134.223,3244.360,102.4196,100.000,25853.7
2134.224,3244.558,102.4188,100.000,25854.0
2134.724,3244.759,102.4243,100.000,25851.7
2134.724,3244.957,102.4224,100.000,25852.5
2135.224,3245.156,102.4204,100.000,25853.4
2135.225,3245.356,102.4256,100.000,25851.0
2135.225,3245.555,102.4297,100.000,25849.3
2135.724,3245.754,102.4315,100.000,25848.6
2135.724,3245.953,102.4300,100.000,25849.2
2136.224,3246.152,102.4377,100.000,25845.8
2136.225,3246.352,102.4385,100.000,25845.5
2136.225,3246.552,102.4409,100.000,25844.4
2136.724,3246.750,102.4390,100.000,25845.2
2136.725,3246.949,102.4408,100.000,25844.5
2137.224,3247.148,102.4461,100.000,25842.1
2137.225,3247.348,102.4424,100.000,25843.7
2137.225,3247.547,102.4487,100.000,25841.0
2137.724,3247.746,102.4463,100.000,25842.0
2137.725,3247.945,102.4464,100.000,25841.9
2138.224,3248.144,102.4521,100.000,25839.5
2138.224,3248.345,102.4492,100.000,25840.7
2138.224,3248.543,102.4520,100.000,25839.6
2138.724,3248.742,102.4544,100.000,25838.5
2138.725,3248.942,102.4598,100.000,25836.1
2139.224,3249.140,102.4601,100.000,25836.0
2139.225,3249.340,102.4653,100.000,25833.6
2139.225,3249.539,102.4650,100.000,25833.8
2139.724,3249.738,102.4658,100.000,25833.4
2139.725,3249.938,102.4609,100.000,25835.7
2140.224,3250.138,102.4678,100.000,25832.6
2140.224,3250.336,102.4692,100.000,25832.0
2140.224,3250.535,102.4718,100.000,25830.8
2140.724,3250.734,102.4770,100.000,25828.6
2140.724,3250.934,102.4726,100.000,25830.5
2141.224,3251.134,102.4759,100.000,25829.0
2141.224,3251.332,102.4790,100.000,25827.7
2141.224,3251.531,102.4699,100.000,25831.6
2141.724,3251.730,102.4761,100.000,25829.0
2141.725,3251.930,102.4880,100.000,25823.8
2142.224,3252.129,102.4907,100.000,25822.5
2142.225,3252.328,102.4823,100.000,25826.3
2142.225,3252.527,102.4943,100.000,25821.0
2142.724,3252.726,102.4894,100.000,25823.2
2142.724,3252.927,102.4941,100.000,25821.1
2143.224,3253.125,102.4897,100.000,25823.0
2143.225,3253.324,102.4902,100.000,25822.7
2143.225,3253.524,102.4946,100.000,25820.8
2143.724,3253.723,102.4915,100.000,25822.2
2143.724,3253.922,102.4914,100.000,25822.3
2144.224,3254.121,102.4959,100.000,25820.3
2144.224,3254.320,102.4980,100.000,25819.3
2144.224,3254.520,102.5003,100.000,25818.4
2144.724,3254.720,102.5008,100.000,25818.1
2144.724,3254.918,102.5073,100.000,25815.3
2144.725,3255.117,102.5044,100.000,25816.5
2145.224,3255.316,102.5057,100.000,25816.0
2145.224,3255.516,102.5041,100.000,25816.7
2145.724,3255.715,102.4982,100.000,25819.3
2145.724,3255.914,102.5073,100.000,25815.2
2145.724,3256.113,102.5106,100.000,25813.9
2146.224,3256.312,102.5140,100.000,25812.4
2146.225,3256.512,102.5090,100.000,25814.6
2146.724,3256.711,102.5171,100.000,25811.0
2146.724,3256.910,102.5181,100.000,25810.6
2146.725,3257.110,102.5161,100.000,25811.4
2147.224,3257.308,102.5200,100.000,25809.8
2147.224,3257.508,102.5197,100.000,25809.9
2147.724,3257.707,102.5257,100.000,25807.2
2147.725,3257.906,102.5176,100.000,25810.8
2147.725,3258.106,102.5187,100.000,25810.3
2148.224,3258.305,102.5286,100.000,25806.0
2148.224,3258.504,102.5277,100.000,25806.4
2148.723,3258.703,102.5239,100.000,25808.0
2148.723,3258.902,102.5288,100.000,25805.8
2148.723,3259.102,102.5298,100.000,25805.5
2149.224,3259.302,102.5286,100.000,25806.0
2149.224,3259.500,102.5334,100.000,25803.8
2149.724,3259.699,102.5352,100.000,25803.1
2149.724,3259.898,102.5329,100.000,25804.1
2149.724,3260.098,102.5389,100.000,25801.5
2150.224,3260.297,102.5397,100.000,25801.1
2150.224,3260.496,102.5355,100.000,25803.0
2150.724,3260.695,102.5376,100.000,25802.0
2150.724,3260.894,102.5400,100.000,25801.0
2150.725,3261.095,102.5474,100.000,25797.7
2151.224,3261.293,102.5434,100.000,25799.5
2151.225,3261.492,102.5431,100.000,25799.6
2151.724,3261.692,102.5454,100.000,25798.6
2151.725,3261.890,102.5500,100.000,25796.6
2151.725,3262.090,102.5518,100.000,25795.8
2152.224,3262.289,102.5539,100.000,25794.9
2152.224,3262.488,102.5576,100.000,25793.3
2152.724,3262.688,102.5522,100.000,25795.6
2152.724,3262.888,102.5615,100.000,25791.6
2152.724,3263.086,102.5571,100.000,25793.5
2153.224,3263.285,102.5602,100.000,25792.2
2153.225,3263.484,102.5620,100.000,25791.4
2153.724,3263.684,102.5654,100.000,25789.8
2153.724,3263.882,102.5680,100.000,25788.6
2153.724,3264.082,102.5700,100.000,25787.9
2154.224,3264.281,102.5692,100.000,25788.2
2154.224,3264.480,102.5640,100.000,25790.6
2154.724,3264.680,102.5737,100.000,25786.3
2154.724,3264.879,102.5721,100.000,25786.9
2154.724,3265.078,102.5783,100.000,25784.2
2155.224,3265.277,102.5776,100.000,25784.5
2155.224,3265.476,102.5796,100.000,25783.6
2155.724,3265.677,102.5817,100.000,25782.7
2155.724,3265.875,102.5832,100.000,25782.1
2155.724,3266.074,102.5902,100.000,25779.1
2156.224,3266.274,102.5872,100.000,25780.3
2156.225,3266.473,102.5877,100.000,25780.1
2156.724,3266.672,102.5960,100.000,25776.5
2156.725,3266.871,102.5918,100.000,25778.4
2156.725,3267.070,102.5941,100.000,25777.3
2157.223,3267.270,102.6001,100.000,25774.6
2157.223,3267.470,102.5965,100.000,25776.3
2157.724,3267.668,102.6020,100.000,25773.8
2157.725,3267.867,102.6074,100.000,25771.5
2157.725,3268.066,102.6012,100.000,25774.2
2158.224,3268.266,102.5986,100.000,25775.3
2158.225,3268.464,102.6121,100.000,25769.5
2158.724,3268.664,102.6094,100.000,25770.6
2158.725,3268.863,102.6172,100.000,25767.2
2158.725,3269.062,102.6094,100.000,25770.6
2159.224,3269.262,102.6157,100.000,25767.8
2159.225,3269.461,102.6130,100.000,25769.0
2159.723,3269.660,102.6182,100.000,25766.8
2159.724,3269.860,102.6219,100.000,25765.1
2159.724,3270.058,102.6211,100.000,25765.5
2160.224,3270.259,102.6229,100.000,25764.8
2160.225,3270.457,102.6255,100.000,25763.5
2160.724,3270.656,102.6367,100.000,25758.6
2160.725,3270.855,102.6338,100.000,25759.9
2160.725,3271.055,102.6395,100.000,25757.5
2161.224,3271.254,102.6357,100.000,25759.1
2161.225,3271.453,102.6377,100.000,25758.2
2161.724,3271.652,102.6403,100.000,25757.1
2161.725,3271.852,102.6370,100.000,25758.5
2161.725,3272.052,102.6392,100.000,25757.6
2162.224,3272.250,102.6448,100.000,25755.1
2162.225,3272.449,102.6470,100.000,25754.2
2162.724,3272.648,102.6473,100.000,25754.0
2162.724,3272.848,102.6540,100.000,25751.1
2162.724,3273.047,102.6538,100.000,25751.1
2163.224,3273.246,102.6455,100.000,25754.8
2163.224,3273.445,102.6576,100.000,25749.6
2163.724,3273.644,102.6569,100.000,25749.9
2163.724,3273.845,102.6527,100.000,25751.8
2163.724,3274.043,102.6561,100.000,25750.2
2164.224,3274.242,102.6628,100.000,25747.2
2164.224,3274.442,102.6613,100.000,25747.9
2164.724,3274.640,102.6623,100.000,25747.5
2164.724,3274.840,102.6717,100.000,25743.4
2164.724,3275.039,102.6660,100.000,25745.9
2165.224,3275.238,102.6688,100.000,25744.7
2165.225,3275.438,102.6698,100.000,25744.2
2165.724,3275.638,102.6719,100.000,25743.3
2165.724,3275.836,102.6670,100.000,25745.4
2165.724,3276.035,102.6735,100.000,25742.6
2166.223,3276.234,102.6761,100.000,25741.4
2166.223,3276.434,102.6742,100.000,25742.3
2166.724,3276.634,102.6816,100.000,25739.0
2166.724,3276.832,102.6870,100.000,25736.7
2166.725,3277.031,102.6820,100.000,25738.9
2167.224,3277.230,102.6896,100.000,25735.6
2167.225,3277.430,102.6882,100.000,25736.2
2167.724,3277.629,102.6852,100.000,25737.5
2167.724,3277.828,102.6934,100.000,25734.0
2167.724,3278.027,102.6964,100.000,25732.6
2168.224,3278.226,102.6973,100.000,25732.2
2168.224,3278.427,102.7013,100.000,25730.4
2168.724,3278.625,102.7005,100.000,25730.8
2168.724,3278.824,102.7031,100.000,25729.7
2168.724,3279.024,102.6964,100.000,25732.6
2169.224,3279.223,102.7080,100.000,25727.6
2169.224,3279.422,102.7041,100.000,25729.2
2169.724,3279.621,102.7056,100.000,25728.6
2169.725,3279.820,102.7150,100.000,25724.4
2169.725,3280.020,102.7158,100.000,25724.1
2170.224,3280.220,102.7153,100.000,25724.3
2170.225,3280.418,102.7197,100.000,25722.4
2170.225,3280.617,102.7191,100.000,25722.7
2170.724,3280.816,102.7209,100.000,25721.9
2170.725,3281.016,102.7217,100.000,25721.5
2171.224,3281.215,102.7266,100.000,25719.3
2171.225,3281.414,102.7311,100.000,25717.4
2171.225,3281.613,102.7262,100.000,25719.6
2171.724,3281.812,102.7354,100.000,25715.5
2171.725,3282.013,102.7298,100.000,25718.0
2172.224,3282.211,102.7347,100.000,25715.9
2172.224,3282.410,102.7334,100.000,25716.4
2172.224,3282.610,102.7441,100.000,25711.7
2172.724,3282.808,102.7350,100.000,25715.7
2172.725,3283.009,102.7464,100.000,25710.7
2173.224,3283.207,102.7388,100.000,25714.1
2173.225,3283.406,102.7446,100.000,25711.5
2173.225,3283.605,102.7534,100.000,25707.6
2173.724,3283.805,102.7564,100.000,25706.3
2173.724,3284.004,102.7558,100.000,25706.6
2174.223,3284.203,102.7570,100.000,25706.2
2174.224,3284.402,102.7570,100.000,25706.1
2174.224,3284.602,102.7661,100.000,25702.1
2174.724,3284.802,102.7616,100.000,25704.1
2174.725,3285.000,102.7591,100.000,25705.1
2175.224,3285.199,102.7664,100.000,25701.9
2175.225,3285.398,102.7659,100.000,25702.3
2175.225,3285.598,102.7700,100.000,25700.4
2175.724,3285.797,102.7707,100.000,25700.2
2175.725,3285.996,102.7749,100.000,25698.3
2176.224,3286.195,102.7734,100.000,25698.9
2176.225,3286.394,102.7817,100.000,25695.4
2176.225,3286.595,102.7760,100.000,25697.7
2176.724,3286.793,102.7739,100.000,25698.7
2176.725,3286.992,102.7811,100.000,25695.6
2177.223,3287.192,102.7865,100.000,25693.2
2177.223,3287.390,102.7848,100.000,25693.9
2177.223,3287.590,102.7865,100.000,25693.2
2177.724,3287.789,102.7925,100.000,25690.6
2177.724,3287.988,102.7881,100.000,25692.5
2178.224,3288.188,102.7889,100.000,25692.2
2178.224,3288.388,102.7882,100.000,25692.4
2178.225,3288.586,102.7913,100.000,25691.1
2178.724,3288.785,102.7944,100.000,25689.7
2178.724,3288.984,102.8026,100.000,25686.2
2179.224,3289.184,102.8013,100.000,25686.7
2179.225,3289.384,102.8047,100.000,25685.3
2179.225,3289.582,102.8076,100.000,25684.0
2179.724,3289.781,102.8037,100.000,25685.8
2179.724,3289.980,102.8096,100.000,25683.1
2180.224,3290.180,102.8132,100.000,25681.6
2180.225,3290.379,102.8101,100.000,25682.9
2180.225,3290.578,102.8091,100.000,25683.4
2180.724,3290.777,102.8133,100.000,25681.5
2180.725,3290.976,102.8107,100.000,25682.6
2181.224,3291.177,102.8174,100.000,25679.8
2181.224,3291.375,102.8201,100.000,25678.6
2181.224,3291.574,102.8200,100.000,25678.6
2181.724,3291.774,102.8232,100.000,25677.2
2181.724,3291.973,102.8213,100.000,25678.1
2182.224,3292.172,102.8240,100.000,25676.9
2182.224,3292.371,102.8310,100.000,25673.8
2182.224,3292.570,102.8337,100.000,25672.6
2182.724,3292.770,102.8384,100.000,25670.5
2182.725,3292.970,102.8289,100.000,25674.7
2183.224,3293.168,102.8353,100.000,25671.9
2183.224,3293.367,102.8374,100.000,25671.0
2183.224,3293.566,102.8413,100.000,25669.3
2183.724,3293.766,102.8424,100.000,25668.8
2183.725,3293.965,102.8421,100.000,25669.0
2184.224,3294.164,102.8400,100.000,25669.9
2184.224,3294.363,102.8390,100.000,25670.3
2184.224,3294.562,102.8438,100.000,25668.2
2184.724,3294.763,102.8468,100.000,25666.9
2184.724,3294.961,102.8594,100.000,25661.5
2185.224,3295.160,102.8537,100.000,25663.9
2185.224,3295.360,102.8525,100.000,25664.4
2185.224,3295.558,102.8525,100.000,25664.4
2185.724,3295.758,102.8584,100.000,25661.9
2185.725,3295.957,102.8550,100.000,25663.3
2186.224,3296.156,102.8602,100.000,25661.1
2186.224,3296.356,102.8569,100.000,25662.5
2186.224,3296.555,102.8604,100.000,25661.0
2186.724,3296.754,102.8600,100.000,25661.2
2186.725,3296.953,102.8608,100.000,25660.7
2187.224,3297.152,102.8651,100.000,25658.9
2187.224,3297.352,102.8711,100.000,25656.3
2187.225,3297.551,102.8646,100.000,25659.1
2187.724,3297.750,102.8696,100.000,25657.0
2187.725,3297.949,102.8800,100.000,25652.5
2188.224,3298.148,102.8713,100.000,25656.2
2188.224,3298.348,102.8750,100.000,25654.6
2188.224,3298.547,102.8761,100.000,25654.1
2188.724,3298.746,102.8808,100.000,25652.1
2188.725,3298.945,102.8760,100.000,25654.2
2189.224,3299.144,102.8857,100.000,25649.9
2189.224,3299.345,102.8822,100.000,25651.5
2189.224,3299.543,102.8854,100.000,25650.0
2189.724,3299.742,102.8833,100.000,25650.9
2189.725,3299.942,102.8833,100.000,25650.9
2190.224,3300.140,102.8908,100.000,25647.7
2190.225,3300.340,102.8833,100.000,25650.9
2190.225,3300.539,102.8906,100.000,25647.8
2190.724,3300.738,102.8945,100.000,25646.0
2190.725,3300.938,102.8945,100.000,25646.1
2191.224,3301.138,102.8963,100.000,25645.3
2191.224,3301.336,102.9019,100.000,25642.8
2191.224,3301.535,102.9001,100.000,25643.7
2191.724,3301.734,102.8997,100.000,25643.9
2191.725,3301.934,102.9041,100.000,25641.9
2192.224,3302.134,102.9088,100.000,25639.9
2192.225,3302.332,102.9092,100.000,25639.7
2192.225,3302.531,102.9038,100.000,25642.0
2192.724,3302.730,102.9062,100.000,25640.9
2192.725,3302.930,102.9049,100.000,25641.6
2193.224,3303.129,102.9134,100.000,25637.9
2193.225,3303.328,102.9186,100.000,25635.6
2193.225,3303.527,102.9173,100.000,25636.2
2193.724,3303.726,102.9155,100.000,25636.9
2193.724,3303.926,102.9263,100.000,25632.3
2194.224,3304.125,102.9204,100.000,25634.8
2194.224,3304.324,102.9276,100.000,25631.7
2194.224,3304.524,102.9290,100.000,25631.1
2194.724,3304.722,102.9287,100.000,25631.2
2194.725,3304.922,102.9329,100.000,25629.4
2195.224,3305.121,102.9339,100.000,25628.9
2195.225,3305.320,102.9329,100.000,25629.4
2195.225,3305.520,102.9346,100.000,25628.6
2195.724,3305.720,102.9329,100.000,25629.4
2195.725,3305.918,102.9338,100.000,25629.0
2195.725,3306.117,102.9424,100.000,25625.2
2196.224,3306.316,102.9373,100.000,25627.5
2196.224,3306.516,102.9455,100.000,25623.8
2196.724,3306.715,102.9486,100.000,25622.6
2196.725,3306.914,102.9512,100.000,25621.4
2196.725,3307.113,102.9515,100.000,25621.2
2197.224,3307.312,102.9453,100.000,25623.9
2197.225,3307.513,102.9523,100.000,25620.9
2197.724,3307.711,102.9546,100.000,25619.9
2197.725,3307.910,102.9587,100.000,25618.1
2197.725,3308.110,102.9608,100.000,25617.2
2198.224,3308.308,102.9587,100.000,25618.1
2198.225,3308.509,102.9611,100.000,25617.0
2198.724,3308.707,102.9595,100.000,25617.7
2198.724,3308.906,102.9624,100.000,25616.5
2198.724,3309.106,102.9670,100.000,25614.5
2199.224,3309.305,102.9707,100.000,25612.9
2199.224,3309.504,102.9678,100.000,25614.1
2199.724,3309.703,102.9718,100.000,25612.3
2199.724,3309.904,102.9782,100.000,25609.6
2199.724,3310.102,102.9757,100.000,25610.7
2200.224,3310.302,102.9837,100.000,25607.2
2200.224,3310.500,102.9790,100.000,25609.2
2200.724,3310.699,102.9839,100.000,25607.2
2200.724,3310.898,102.9897,100.000,25604.5
2200.724,3311.098,102.9878,100.000,25605.5
2201.224,3311.297,102.9845,100.000,25606.9
2201.224,3311.496,102.9943,100.000,25602.6
2201.724,3311.695,102.9922,100.000,25603.6
2201.724,3311.894,102.9990,100.000,25600.6
2201.724,3312.095,103.0073,100.000,25596.9
2202.224,3312.293,103.0049,100.000,25598.0
2202.224,3312.492,102.9995,100.000,25600.3
2202.724,3312.692,103.0114,100.000,25595.2
2202.724,3312.890,103.0172,100.000,25592.6
2202.724,3313.090,103.0159,100.000,25593.2
2203.224,3313.289,103.0094,100.000,25596.0
2203.224,3313.488,103.0150,100.000,25593.7
2203.724,3313.688,103.0234,100.000,25589.9
2203.725,3313.888,103.0225,100.000,25590.3
2203.725,3314.086,103.0210,100.000,25591.1
2204.224,3314.285,103.0267,100.000,25588.5
2204.225,3314.484,103.0342,100.000,25585.3
2204.724,3314.684,103.0371,100.000,25584.0
2204.725,3314.882,103.0374,100.000,25583.8
2204.725,3315.082,103.0444,100.000,25580.8
2205.224,3315.281,103.0470,100.000,25579.6
2205.224,3315.480,103.0467,100.000,25579.7
2205.724,3315.680,103.0526,100.000,25577.2
2205.724,3315.879,103.0532,100.000,25576.9
2205.724,3316.078,103.0547,100.000,25576.4
2206.224,3316.277,103.0534,100.000,25576.9
2206.225,3316.476,103.0596,100.000,25574.2
2206.724,3316.677,103.0641,100.000,25572.2
2206.724,3316.875,103.0550,100.000,25576.2
2206.724,3317.074,103.0646,100.000,25572.0
2207.224,3317.274,103.0768,100.000,25566.7
2207.224,3317.473,103.0727,100.000,25568.5
2207.724,3317.672,103.0698,100.000,25569.7
2207.724,3317.871,103.0710,100.000,25569.2
2207.725,3318.070,103.0688,100.000,25570.1
2208.224,3318.270,103.0845,100.000,25563.4
2208.225,3318.470,103.0784,100.000,25566.0
2208.724,3318.668,103.0793,100.000,25565.6
2208.725,3318.867,103.0789,100.000,25565.7
2208.725,3319.066,103.0822,100.000,25564.3
2209.223,3319.266,103.0840,100.000,25563.6
2209.224,3319.465,103.0841,100.000,25563.5
2209.724,3319.664,103.0928,100.000,25559.7
2209.724,3319.863,103.0996,100.000,25556.7
2209.724,3320.062,103.0946,100.000,25559.0
2210.224,3320.263,103.1069,100.000,25553.5
2210.225,3320.461,103.1037,100.000,25555.0
2210.724,3320.660,103.1006,100.000,25556.3
2210.725,3320.860,103.1050,100.000,25554.4
2210.725,3321.058,103.1064,100.000,25553.8
2211.224,3321.259,103.1087,100.000,25552.8
2211.224,3321.457,103.1050,100.000,25554.4
2211.724,3321.656,103.1121,100.000,25551.4
2211.725,3321.856,103.1050,100.000,25554.4
2211.725,3322.055,103.1130,100.000,25551.0
2212.224,3322.254,103.1045,100.000,25554.6
2212.224,3322.453,103.1188,100.000,25548.5
2212.724,3322.652,103.1138,100.000,25550.7
2212.724,3322.852,103.1201,100.000,25547.9
2212.724,3323.052,103.1174,100.000,25549.0
2213.224,3323.250,103.1190,100.000,25548.4
2213.224,3323.449,103.1195,100.000,25548.1
2213.724,3323.648,103.1167,100.000,25549.3
2213.724,3323.848,103.1201,100.000,25547.9
2213.724,3324.047,103.1237,100.000,25546.3
2214.223,3324.246,103.1289,100.000,25544.0
2214.224,3324.445,103.1322,100.000,25542.6
2214.724,3324.644,103.1250,100.000,25545.7
2214.724,3324.845,103.1237,100.000,25546.3
2214.724,3325.043,103.1269,100.000,25544.9
2215.224,3325.242,103.1390,100.000,25539.7
2215.224,3325.442,103.1388,100.000,25539.7
2215.724,3325.640,103.1343,100.000,25541.6
2215.724,3325.840,103.1338,100.000,25541.9
2215.724,3326.039,103.1411,100.000,25538.8
2216.224,3326.238,103.1416,100.000,25538.5
2216.224,3326.438,103.1393,100.000,25539.5
2216.724,3326.638,103.1448,100.000,25537.1
2216.724,3326.837,103.1499,100.000,25534.9
2216.724,3327.035,103.1431,100.000,25537.9
2217.224,3327.234,103.1452,100.000,25537.0
2217.224,3327.434,103.1480,100.000,25535.7
2217.724,3327.632,103.1492,100.000,25535.2
2217.725,3327.832,103.1514,100.000,25534.2
2217.725,3328.031,103.1541,100.000,25533.0
2218.224,3328.230,103.1549,100.000,25532.7
2218.225,3328.430,103.1561,100.000,25532.2
2218.724,3328.629,103.1592,100.000,25530.9
2218.724,3328.828,103.1569,100.000,25531.9
2218.724,3329.027,103.1613,100.000,25529.9
2219.224,3329.226,103.1611,100.000,25530.0
2219.225,3329.427,103.1660,100.000,25528.0
2219.724,3329.625,103.1644,100.000,25528.7
2219.724,3329.824,103.1593,100.000,25530.8
2219.724,3330.024,103.1689,100.000,25526.7
2220.224,3330.223,103.1725,100.000,25525.0
2220.225,3330.422,103.1706,100.000,25525.9
2220.724,3330.621,103.1753,100.000,25523.9
2220.724,3330.820,103.1772,100.000,25523.1
2220.725,3331.020,103.1779,100.000,25522.8
2221.224,3331.220,103.1816,100.000,25521.1
2221.225,3331.418,103.1807,100.000,25521.5
2221.225,3331.617,103.1872,100.000,25518.7
2221.723,3331.816,103.1896,100.000,25517.6
2221.724,3332.016,103.1755,100.000,25523.8
2222.224,3332.215,103.1831,100.000,25520.5
2222.225,3332.414,103.1857,100.000,25519.3
2222.225,3332.613,103.1880,100.000,25518.4
2222.724,3332.812,103.1849,100.000,25519.7
2222.725,3333.012,103.1844,100.000,25519.9
2223.224,3333.211,103.2004,100.000,25512.9
2223.224,3333.410,103.1935,100.000,25515.9
2223.224,3333.610,103.1973,100.000,25514.3
2223.724,3333.808,103.1997,100.000,25513.2
2223.724,3334.009,103.2000,100.000,25513.1
2224.223,3334.207,103.2012,100.000,25512.6
2224.224,3334.406,103.2039,100.000,25511.4
2224.224,3334.606,103.2002,100.000,25513.1
2224.724,3334.805,103.2075,100.000,25509.8
2224.724,3335.004,103.2083,100.000,25509.5
2225.224,3335.203,103.2091,100.000,25509.1
2225.225,3335.402,103.2152,100.000,25506.6
2225.225,3335.602,103.2153,100.000,25506.5
2225.724,3335.802,103.2124,100.000,25507.7
2225.724,3336.000,103.2191,100.000,25504.8
2226.224,3336.199,103.2155,100.000,25506.4
2226.225,3336.398,103.2261,100.000,25501.8
2226.225,3336.598,103.2210,100.000,25504.0
2226.724,3336.797,103.2192,100.000,25504.8
2226.724,3336.996,103.2204,100.000,25504.3
2227.224,3337.195,103.2202,100.000,25504.3
2227.225,3337.394,103.2316,100.000,25499.3
2227.225,3337.595,103.2261,100.000,25501.8
2227.724,3337.793,103.2298,100.000,25500.2
2227.725,3337.992,103.2246,100.000,25502.5
2228.224,3338.192,103.2300,100.000,25500.1
2228.225,3338.390,103.2316,100.000,25499.4
2228.225,3338.590,103.2275,100.000,25501.1
2228.724,3338.789,103.2319,100.000,25499.2
2228.725,3338.988,103.2363,100.000,25497.4
2229.224,3339.188,103.2373,100.000,25496.9
2229.225,3339.387,103.2324,100.000,25499.0
2229.225,3339.586,103.2362,100.000,25497.4
2229.724,3339.785,103.2334,100.000,25498.6
2229.724,3339.984,103.2375,100.000,25496.8
2230.224,3340.183,103.2441,100.000,25493.9
2230.224,3340.384,103.2350,100.000,25497.9
2230.224,3340.582,103.2417,100.000,25495.0
2230.724,3340.781,103.2419,100.000,25494.9
2230.724,3340.980,103.2450,100.000,25493.6
2231.224,3341.180,103.2424,100.000,25494.7
2231.224,3341.379,103.2474,100.000,25492.6
2231.224,3341.578,103.2471,100.000,25492.6
2231.724,3341.777,103.2539,100.000,25489.8
2231.725,3341.976,103.2529,100.000,25490.1
2232.224,3342.177,103.2508,100.000,25491.1
2232.225,3342.375,103.2515,100.000,25490.8
2232.225,3342.574,103.2562,100.000,25488.7
2232.724,3342.773,103.2518,100.000,25490.6
2232.725,3342.973,103.2524,100.000,25490.3
2233.224,3343.172,103.2568,100.000,25488.4
2233.224,3343.371,103.2562,100.000,25488.8
2233.224,3343.570,103.2519,100.000,25490.6
2233.724,3343.770,103.2573,100.000,25488.3
2233.725,3343.970,103.2619,100.000,25486.3
2234.224,3344.168,103.2601,100.000,25487.1
2234.224,3344.367,103.2585,100.000,25487.8
2234.225,3344.566,103.2622,100.000,25486.1
2234.724,3344.766,103.2703,100.000,25482.6
2234.725,3344.965,103.2666,100.000,25484.2
2235.224,3345.164,103.2689,100.000,25483.2
2235.225,3345.363,103.2656,100.000,25484.6
2235.225,3345.562,103.2690,100.000,25483.1
2235.724,3345.763,103.2705,100.000,25482.5
2235.724,3345.961,103.2720,100.000,25481.8
2236.224,3346.160,103.2682,100.000,25483.4
2236.225,3346.360,103.2773,100.000,25479.6
2236.225,3346.558,103.2749,100.000,25480.6
2236.724,3346.759,103.2746,100.000,25480.7
2236.724,3346.957,103.2710,100.000,25482.3
2237.223,3347.156,103.2716,100.000,25482.0
2237.224,3347.356,103.2730,100.000,25481.4
2237.224,3347.555,103.2814,100.000,25477.7
2237.724,3347.754,103.2817,100.000,25477.6
2237.725,3347.953,103.2751,100.000,25480.5
2238.224,3348.152,103.2824,100.000,25477.3
2238.224,3348.352,103.2780,100.000,25479.3
2238.224,3348.552,103.2824,100.000,25477.4
2238.723,3348.750,103.2812,100.000,25477.8
2238.724,3348.949,103.2801,100.000,25478.3
2239.224,3349.148,103.2913,100.000,25473.5
2239.225,3349.348,103.2871,100.000,25475.3
2239.225,3349.547,103.2847,100.000,25476.3
2239.724,3349.746,103.2915,100.000,25473.4
2239.725,3349.945,103.2874,100.000,25475.2
2240.224,3350.144,103.2938,100.000,25472.4
2240.224,3350.345,103.2889,100.000,25474.6
2240.225,3350.543,103.2983,100.000,25470.4
2240.724,3350.742,103.2952,100.000,25471.7
2240.725,3350.942,103.2949,100.000,25471.8
2241.224,3351.140,103.2925,100.000,25472.9
2241.225,3351.340,103.3052,100.000,25467.5
2241.225,3351.539,103.3011,100.000,25469.2
2241.724,3351.738,103.3076,100.000,25466.4
2241.724,3351.938,103.3057,100.000,25467.3
2242.224,3352.138,103.3065,100.000,25466.9
2242.225,3352.336,103.3037,100.000,25468.1
2242.225,3352.535,103.3105,100.000,25465.1
2242.724,3352.734,103.3101,100.000,25465.3
2242.724,3352.934,103.3190,100.000,25461.4
2243.224,3353.134,103.3195,100.000,25461.2
2243.225,3353.332,103.3109,100.000,25465.0
2243.225,3353.531,103.3193,100.000,25461.3
2243.724,3353.730,103.3247,100.000,25459.0
2243.724,3353.930,103.3203,100.000,25460.9
2244.224,3354.129,103.3167,100.000,25462.5
2244.224,3354.328,103.3311,100.000,25456.2
2244.224,3354.527,103.3280,100.000,25457.6
2244.724,3354.726,103.3307,100.000,25456.4
2244.724,3354.927,103.3280,100.000,25457.6
2245.224,3355.125,103.3400,100.000,25452.4
2245.225,3355.324,103.3320,100.000,25455.8
2245.225,3355.523,103.3340,100.000,25454.9
2245.724,3355.723,103.3332,100.000,25455.3
2245.724,3355.922,103.3348,100.000,25454.6
2246.224,3356.121,103.3402,100.000,25452.3
2246.225,3356.320,103.3428,100.000,25451.2
2246.225,3356.520,103.3398,100.000,25452.5
2246.724,3356.720,103.3447,100.000,25450.3
2246.724,3356.918,103.3387,100.000,25452.9
2246.724,3357.117,103.3394,100.000,25452.6
2247.224,3357.316,103.3418,100.000,25451.6
2247.224,3357.516,103.3455,100.000,25449.9
2247.723,3357.715,103.3452,100.000,25450.1
2247.724,3357.914,103.3447,100.000,25450.3
2247.724,3358.113,103.3517,100.000,25447.3
2248.224,3358.312,103.3486,100.000,25448.6
2248.224,3358.513,103.3480,100.000,25448.9
2248.724,3358.711,103.3568,100.000,25445.0
2248.725,3358.910,103.3470,100.000,25449.3
2248.725,3359.110,103.3465,100.000,25449.5
2249.224,3359.308,103.3586,100.000,25444.3
2249.225,3359.509,103.3522,100.000,25447.0
2249.724,3359.707,103.3607,100.000,25443.4
2249.725,3359.906,103.3519,100.000,25447.2
2249.725,3360.106,103.3564,100.000,25445.2
2250.224,3360.305,103.3584,100.000,25444.4
2250.225,3360.504,103.3603,100.000,25443.5
2250.724,3360.703,103.3638,100.000,25442.0
2250.725,3360.902,103.3586,100.000,25444.3
2250.725,3361.102,103.3590,100.000,25444.0
2251.224,3361.302,103.3659,100.000,25441.1
2251.224,3361.500,103.3589,100.000,25444.1
2251.724,3361.699,103.3621,100.000,25442.8
2251.725,3361.898,103.3618,100.000,25442.9
2251.725,3362.098,103.3696,100.000,25439.5
2252.224,3362.297,103.3647,100.000,25441.6
2252.225,3362.496,103.3672,100.000,25440.5
2252.724,3362.695,103.3638,100.000,25442.0
2252.724,3362.894,103.3701,100.000,25439.3
2252.724,3363.095,103.3698,100.000,25439.4
2253.224,3363.293,103.3693,100.000,25439.6
2253.224,3363.492,103.3657,100.000,25441.2
2253.724,3363.692,103.3770,100.000,25436.3
2253.725,3363.892,103.3713,100.000,25438.7
2253.725,3364.090,103.3789,100.000,25435.5
2254.224,3364.289,103.3781,100.000,25435.8
2254.225,3364.488,103.3786,100.000,25435.6
2254.724,3364.688,103.3818,100.000,25434.2
2254.724,3364.888,103.3765,100.000,25436.5
2254.724,3365.086,103.3887,100.000,25431.2
2255.224,3365.285,103.3810,100.000,25434.5
2255.225,3365.484,103.3854,100.000,25432.6
2255.724,3365.684,103.3867,100.000,25432.0
2255.724,3365.884,103.3848,100.000,25432.9
2255.724,3366.082,103.3918,100.000,25429.9
2256.224,3366.281,103.3911,100.000,25430.2
2256.225,3366.480,103.3903,100.000,25430.5
2256.724,3366.680,103.3921,100.000,25429.7
2256.725,3366.879,103.3870,100.000,25432.0
2256.725,3367.078,103.4014,100.000,25425.8
2257.224,3367.277,103.3950,100.000,25428.5
2257.224,3367.476,103.3999,100.000,25426.3
2257.724,3367.677,103.3908,100.000,25430.3
2257.724,3367.875,103.3968,100.000,25427.7
2257.724,3368.074,103.3999,100.000,25426.4
2258.224,3368.274,103.4041,100.000,25424.5
2258.225,3368.472,103.3947,100.000,25428.7
2258.724,3368.672,103.3988,100.000,25426.8
2258.725,3368.871,103.4014,100.000,25425.8
2258.725,3369.070,103.4010,100.000,25425.9
2259.224,3369.270,103.4007,100.000,25426.1
2259.225,3369.469,103.4085,100.000,25422.6
2259.723,3369.668,103.4056,100.000,25423.9
2259.724,3369.867,103.4067,100.000,25423.4
2259.724,3370.066,103.4131,100.000,25420.6
2260.224,3370.266,103.4077,100.000,25423.0
2260.225,3370.465,103.4111,100.000,25421.5
2260.723,3370.664,103.4168,100.000,25419.0
2260.724,3370.863,103.4188,100.000,25418.2
2260.724,3371.062,103.4067,100.000,25423.4
2261.224,3371.263,103.4175,100.000,25418.8
2261.225,3371.461,103.4100,100.000,25422.0
2261.724,3371.660,103.4145,100.000,25420.0
2261.725,3371.860,103.4158,100.000,25419.5
2261.725,3372.058,103.4116,100.000,25421.3
2262.224,3372.259,103.4183,100.000,25418.4
2262.225,3372.457,103.4111,100.000,25421.6
2262.724,3372.656,103.4158,100.000,25419.5
2262.725,3372.856,103.4214,100.000,25417.0
2262.725,3373.055,103.4155,100.000,25419.5
2263.224,3373.254,103.4168,100.000,25419.0
2263.224,3373.453,103.4194,100.000,25417.9
2263.724,3373.652,103.4214,100.000,25417.1
2263.725,3373.852,103.4206,100.000,25417.4
2263.725,3374.052,103.4232,100.000,25416.3
2264.224,3374.250,103.4228,100.000,25416.4
2264.225,3374.449,103.4268,100.000,25414.7
2264.724,3374.648,103.4292,100.000,25413.7
2264.725,3374.848,103.4183,100.000,25418.4
2264.725,3375.047,103.4302,100.000,25413.2
2265.224,3375.246,103.4279,100.000,25414.2
2265.225,3375.445,103.4290,100.000,25413.8
2265.724,3375.644,103.4294,100.000,25413.6
2265.725,3375.845,103.4242,100.000,25415.9
2265.725,3376.043,103.4355,100.000,25411.0
2266.224,3376.242,103.4388,100.000,25409.5
2266.224,3376.442,103.4357,100.000,25410.8
2266.724,3376.640,103.4383,100.000,25409.7
2266.724,3376.840,103.4315,100.000,25412.6
2266.725,3377.039,103.4386,100.000,25409.6
2267.224,3377.238,103.4320,100.000,25412.5
2267.224,3377.438,103.4359,100.000,25410.8
2267.724,3377.638,103.4385,100.000,25409.6
2267.724,3377.836,103.4394,100.000,25409.3
2267.724,3378.035,103.4378,100.000,25410.0
2268.223,3378.234,103.4390,100.000,25409.4
2268.224,3378.434,103.4331,100.000,25412.0
2268.724,3378.634,103.4391,100.000,25409.3
2268.724,3378.832,103.4367,100.000,25410.4
2268.724,3379.031,103.4430,100.000,25407.6
2269.224,3379.230,103.4414,100.000,25408.3
2269.225,3379.430,103.4516,100.000,25403.9
2269.724,3379.629,103.4422,100.000,25408.0
2269.724,3379.828,103.4474,100.000,25405.7
2269.724,3380.027,103.4489,100.000,25405.2
2270.224,3380.226,103.4414,100.000,25408.4
2270.224,3380.427,103.4458,100.000,25406.5
2270.723,3380.625,103.4463,100.000,25406.2
2270.723,3380.824,103.4513,100.000,25404.1
2270.723,3381.024,103.4604,100.000,25400.1
2271.223,3381.222,103.4557,100.000,25402.1
2271.223,3381.422,103.4560,100.000,25402.1
2271.724,3381.621,103.4541,100.000,25402.9
2271.724,3381.820,103.4585,100.000,25401.0
2271.724,3382.021,103.4554,100.000,25402.3
2272.224,3382.220,103.4562,100.000,25401.9
2272.224,3382.418,103.4569,100.000,25401.7
2272.224,3382.617,103.4624,100.000,25399.2
2272.723,3382.816,103.4551,100.000,25402.5
2272.723,3383.016,103.4585,100.000,25401.0
2273.224,3383.215,103.4601,100.000,25400.2
2273.224,3383.414,103.4700,100.000,25395.9
2273.224,3383.613,103.4668,100.000,25397.3
2273.724,3383.812,103.4637,100.000,25398.8
2273.725,3384.013,103.4656,100.000,25397.9
2274.224,3384.211,103.4746,100.000,25394.0
2274.225,3384.410,103.4709,100.000,25395.6
2274.225,3384.610,103.4746,100.000,25394.0
2274.724,3384.808,103.4741,100.000,25394.2
2274.725,3385.009,103.4679,100.000,25396.9
2275.224,3385.207,103.4725,100.000,25394.9
2275.225,3385.406,103.4753,100.000,25393.7
2275.225,3385.606,103.4744,100.000,25394.1
2275.724,3385.805,103.4800,100.000,25391.8
2275.725,3386.004,103.4785,100.000,25392.4
2276.224,3386.203,103.4803,100.000,25391.6
2276.224,3386.402,103.4852,100.000,25389.4
2276.224,3386.602,103.4806,100.000,25391.4
2276.723,3386.802,103.4808,100.000,25391.3
2276.724,3387.000,103.4796,100.000,25391.8
2277.224,3387.199,103.4854,100.000,25389.3
2277.225,3387.398,103.4849,100.000,25389.5
2277.225,3387.598,103.4832,100.000,25390.2
2277.724,3387.797,103.4875,100.000,25388.4
2277.725,3387.996,103.4907,100.000,25387.0
2278.224,3388.195,103.4866,100.000,25388.8
2278.225,3388.394,103.4907,100.000,25387.0
2278.225,3388.595,103.4932,100.000,25386.0
2278.724,3388.793,103.4902,100.000,25387.2
2278.724,3388.992,103.4959,100.000,25384.8
2279.224,3389.192,103.4935,100.000,25385.8
2279.224,3389.390,103.5010,100.000,25382.6
2279.224,3389.590,103.5015,100.000,25382.4
2279.724,3389.789,103.5002,100.000,25383.0
2279.725,3389.988,103.5002,100.000,25383.0
2280.224,3390.188,103.5013,100.000,25382.5
2280.224,3390.388,103.5006,100.000,25382.7
2280.224,3390.586,103.5111,100.000,25378.2
2280.724,3390.785,103.5090,100.000,25379.1
2280.724,3390.984,103.5138,100.000,25377.0
2281.224,3391.184,103.5086,100.000,25379.2
2281.225,3391.384,103.5065,100.000,25380.1
2281.225,3391.582,103.5122,100.000,25377.6
2281.724,3391.781,103.5159,100.000,25376.1
2281.725,3391.980,103.5181,100.000,25375.1
2282.224,3392.180,103.5129,100.000,25377.4
2282.224,3392.379,103.5197,100.000,25374.5
2282.224,3392.578,103.5146,100.000,25376.6
2282.724,3392.777,103.5161,100.000,25376.0
2282.724,3392.976,103.5202,100.000,25374.3
2283.224,3393.177,103.5218,100.000,25373.6
2283.225,3393.375,103.5176,100.000,25375.4
2283.225,3393.574,103.5262,100.000,25371.7
2283.723,3393.773,103.5238,100.000,25372.7
2283.724,3393.973,103.5273,100.000,25371.2
2284.224,3394.172,103.5239,100.000,25372.7
2284.225,3394.371,103.5273,100.000,25371.1
2284.225,3394.570,103.5259,100.000,25371.8
2284.724,3394.770,103.5345,100.000,25368.0
2284.724,3394.970,103.5296,100.000,25370.2
2285.224,3395.168,103.5288,100.000,25370.6
2285.225,3395.367,103.5382,100.000,25366.4
2285.225,3395.566,103.5345,100.000,25368.1
2285.724,3395.766,103.5356,100.000,25367.6
2285.725,3395.965,103.5308,100.000,25369.7
2286.224,3396.164,103.5345,100.000,25368.1
2286.224,3396.363,103.5337,100.000,25368.4
2286.224,3396.562,103.5404,100.000,25365.5
2286.724,3396.763,103.5413,100.000,25365.1
2286.724,3396.961,103.5392,100.000,25366.0
2287.224,3397.160,103.5444,100.000,25363.7
2287.224,3397.360,103.5435,100.000,25364.2
2287.225,3397.558,103.5439,100.000,25364.0
2287.724,3397.759,103.5456,100.000,25363.3
2287.724,3397.957,103.5503,100.000,25361.2
2288.224,3398.156,103.5495,100.000,25361.6
2288.224,3398.356,103.5436,100.000,25364.1
2288.225,3398.555,103.5508,100.000,25361.0
2288.724,3398.754,103.5519,100.000,25360.6
2288.724,3398.953,103.5558,100.000,25358.8
2289.224,3399.152,103.5535,100.000,25359.8
2289.224,3399.351,103.5586,100.000,25357.6
2289.224,3399.552,103.5641,100.000,25355.2
2289.724,3399.750,103.5625,100.000,25356.0
2289.724,3399.949,103.5610,100.000,25356.6
2290.224,3400.148,103.5658,100.000,25354.6
2290.224,3400.348,103.5658,100.000,25354.6
2290.224,3400.547,103.5646,100.000,25355.0
2290.724,3400.746,103.5675,100.000,25353.7
2290.724,3400.945,103.5688,100.000,25353.2
2291.224,3401.144,103.5718,100.000,25351.9
2291.225,3401.345,103.5719,100.000,25351.9
2291.225,3401.543,103.5731,100.000,25351.3
2291.724,3401.742,103.5651,100.000,25354.8
2291.724,3401.942,103.5757,100.000,25350.2
2292.224,3402.140,103.5726,100.000,25351.6
2292.224,3402.340,103.5739,100.000,25351.0
2292.224,3402.539,103.5841,100.000,25346.5
2292.724,3402.738,103.5822,100.000,25347.4
2292.724,3402.938,103.5841,100.000,25346.5
2293.224,3403.137,103.5773,100.000,25349.5
2293.224,3403.336,103.5830,100.000,25347.0
2293.224,3403.535,103.5850,100.000,25346.2
2293.724,3403.734,103.5799,100.000,25348.4
2293.724,3403.934,103.5902,100.000,25343.9
2294.224,3404.134,103.5933,100.000,25342.6
2294.224,3404.332,103.5933,100.000,25342.7
2294.224,3404.531,103.5976,100.000,25340.8
2294.724,3404.730,103.5913,100.000,25343.5
2294.724,3404.930,103.5939,100.000,25342.4
2295.224,3405.129,103.5947,100.000,25342.0
2295.224,3405.328,103.5977,100.000,25340.7
2295.224,3405.527,103.5936,100.000,25342.5
2295.724,3405.726,103.5967,100.000,25341.2
2295.724,3405.927,103.6055,100.000,25337.4
2296.224,3406.125,103.5996,100.000,25339.9
2296.224,3406.324,103.6055,100.000,25337.4
2296.225,3406.524,103.6027,100.000,25338.6
2296.724,3406.723,103.6027,100.000,25338.6
2296.724,3406.922,103.6035,100.000,25338.2
2297.223,3407.121,103.6069,100.000,25336.8
2297.224,3407.320,103.6090,100.000,25335.8
2297.224,3407.520,103.6084,100.000,25336.1
2297.724,3407.720,103.6060,100.000,25337.1
2297.724,3407.918,103.6046,100.000,25337.7
2297.724,3408.117,103.6079,100.000,25336.2
2298.224,3408.316,103.6104,100.000,25335.2
2298.224,3408.516,103.6069,100.000,25336.8
2298.724,3408.715,103.6167,100.000,25332.5
2298.724,3408.914,103.6198,100.000,25331.1
2298.724,3409.113,103.6180,100.000,25332.0
2299.224,3409.312,103.6157,100.000,25332.9
2299.224,3409.513,103.6138,100.000,25333.7
2299.724,3409.711,103.6113,100.000,25334.8
2299.724,3409.910,103.6154,100.000,25333.1
2299.724,3410.110,103.6157,100.000,25332.9
2300.223,3410.308,103.6149,100.000,25333.2
2300.223,3410.509,103.6178,100.000,25332.0
2300.724,3410.707,103.6191,100.000,25331.4
2300.724,3410.906,103.6157,100.000,25332.9
2300.724,3411.106,103.6162,100.000,25332.7
2301.224,3411.305,103.6234,100.000,25329.7
2301.225,3411.504,103.6234,100.000,25329.7
2301.724,3411.703,103.6250,100.000,25329.0
2301.724,3411.902,103.6216,100.000,25330.4
2301.724,3412.102,103.6177,100.000,25332.1
2302.224,3412.302,103.6240,100.000,25329.3
2302.224,3412.500,103.6250,100.000,25328.9
2302.724,3412.699,103.6289,100.000,25327.2
2302.724,3412.898,103.6308,100.000,25326.4
2302.724,3413.098,103.6289,100.000,25327.2
2303.224,3413.297,103.6320,100.000,25325.9
2303.224,3413.496,103.6310,100.000,25326.2
2303.724,3413.695,103.6328,100.000,25325.6
2303.724,3413.894,103.6313,100.000,25326.2
2303.724,3414.095,103.6364,100.000,25324.0
2304.224,3414.293,103.6405,100.000,25322.2
2304.224,3414.492,103.6372,100.000,25323.6
2304.724,3414.692,103.6445,100.000,25320.5
2304.725,3414.890,103.6448,100.000,25320.3
2304.725,3415.090,103.6440,100.000,25320.7
2305.224,3415.289,103.6434,100.000,25321.0
2305.224,3415.488,103.6403,100.000,25322.3
2305.724,3415.688,103.6448,100.000,25320.3
2305.724,3415.888,103.6530,100.000,25316.8
2305.725,3416.086,103.6480,100.000,25319.0
2306.224,3416.285,103.6504,100.000,25317.9
2306.224,3416.484,103.6517,100.000,25317.4
2306.724,3416.684,103.6481,100.000,25318.9
2306.724,3416.884,103.6523,100.000,25317.0
2306.724,3417.082,103.6548,100.000,25316.0
2307.223,3417.281,103.6512,100.000,25317.6
2307.224,3417.480,103.6559,100.000,25315.5
2307.724,3417.680,103.6598,100.000,25313.8
2307.724,3417.879,103.6597,100.000,25313.9
2307.724,3418.078,103.6665,100.000,25311.0
2308.224,3418.277,103.6603,100.000,25313.6
2308.224,3418.476,103.6662,100.000,25311.1
2308.724,3418.677,103.6667,100.000,25310.9
2308.724,3418.875,103.6650,100.000,25311.6
2308.724,3419.074,103.6724,100.000,25308.5
2309.224,3419.274,103.6714,100.000,25308.9
2309.224,3419.473,103.6711,100.000,25309.0
2309.723,3419.672,103.6763,100.000,25306.7
2309.724,3419.871,103.6709,100.000,25309.0
2309.724,3420.070,103.6777,100.000,25306.2
2310.224,3420.270,103.6836,100.000,25303.6
2310.224,3420.470,103.6763,100.000,25306.7
2310.724,3420.668,103.6852,100.000,25302.9
2310.724,3420.867,103.6824,100.000,25304.1
2310.724,3421.066,103.6841,100.000,25303.4
2311.224,3421.266,103.6875,100.000,25301.9
2311.224,3421.465,103.6964,100.000,25298.0
2311.724,3421.664,103.6934,100.000,25299.3
2311.724,3421.863,103.6873,100.000,25301.9
2311.724,3422.062,103.6960,100.000,25298.3
2312.224,3422.263,103.6899,100.000,25300.9
2312.224,3422.461,103.6974,100.000,25297.6
2312.724,3422.660,103.6953,100.000,25298.6
2312.724,3422.860,103.7031,100.000,25295.2
2312.724,3423.058,103.7052,100.000,25294.2
2313.224,3423.259,103.7012,100.000,25296.0
2313.224,3423.457,103.7144,100.000,25290.3
2313.724,3423.656,103.7135,100.000,25290.6
2313.725,3423.856,103.7132,100.000,25290.8
2313.725,3424.055,103.7101,100.000,25292.1
2314.224,3424.254,103.7104,100.000,25292.0
2314.224,3424.453,103.7103,100.000,25292.0
2314.724,3424.652,103.7186,100.000,25288.4
2314.724,3424.852,103.7144,100.000,25290.3
2314.724,3425.052,103.7178,100.000,25288.8
2315.224,3425.250,103.7148,100.000,25290.1
2315.224,3425.449,103.7215,100.000,25287.2
2315.723,3425.648,103.7222,100.000,25287.0
2315.724,3425.848,103.7246,100.000,25285.8
2315.724,3426.047,103.7256,100.000,25285.5
2316.223,3426.246,103.7194,100.000,25288.1
2316.223,3426.445,103.7210,100.000,25287.4
2316.724,3426.644,103.7261,100.000,25285.3
2316.724,3426.845,103.7298,100.000,25283.6
2316.724,3427.043,103.7285,100.000,25284.2
2317.224,3427.242,103.7290,100.000,25284.0
2317.224,3427.442,103.7274,100.000,25284.7
2317.724,3427.640,103.7308,100.000,25283.2
2317.724,3427.840,103.7326,100.000,25282.4
2317.724,3428.039,103.7344,100.000,25281.6
2318.224,3428.238,103.7380,100.000,25280.1
2318.224,3428.438,103.7370,100.000,25280.5
2318.724,3428.638,103.7339,100.000,25281.9
2318.724,3428.836,103.7409,100.000,25278.8
2318.724,3429.035,103.7412,100.000,25278.7
2319.224,3429.234,103.7428,100.000,25278.0
2319.224,3429.434,103.7432,100.000,25277.9
2319.724,3429.634,103.7412,100.000,25278.7
2319.724,3429.832,103.7445,100.000,25277.3
2319.724,3430.031,103.7450,100.000,25277.0
2320.224,3430.230,103.7436,100.000,25277.7
2320.224,3430.430,103.7436,100.000,25277.7
2320.724,3430.629,103.7466,100.000,25276.3
2320.724,3430.828,103.7425,100.000,25278.1
2320.724,3431.027,103.7451,100.000,25277.0
2321.224,3431.226,103.7476,100.000,25276.0
2321.224,3431.427,103.7503,100.000,25274.7
2321.724,3431.625,103.7505,100.000,25274.7
2321.724,3431.824,103.7563,100.000,25272.2
2321.725,3432.024,103.7528,100.000,25273.7
2322.224,3432.223,103.7580,100.000,25271.4
2322.224,3432.422,103.7558,100.000,25272.4
2322.724,3432.621,103.7544,100.000,25273.0
2322.724,3432.820,103.7572,100.000,25271.8
2322.724,3433.020,103.7578,100.000,25271.5
2323.224,3433.220,103.7529,100.000,25273.6
2323.224,3433.418,103.7567,100.000,25272.1
2323.224,3433.617,103.7524,100.000,25273.8
2323.724,3433.816,103.7572,100.000,25271.8
2323.725,3434.016,103.7591,100.000,25271.0
2324.224,3434.215,103.7576,100.000,25271.6
2324.224,3434.414,103.7591,100.000,25271.0
2324.224,3434.613,103.7573,100.000,25271.7
2324.724,3434.812,103.7672,100.000,25267.5
2324.724,3435.013,103.7607,100.000,25270.2
2325.224,3435.211,103.7588,100.000,25271.1
2325.224,3435.410,103.7627,100.000,25269.5
2325.224,3435.610,103.7671,100.000,25267.5
2325.724,3435.808,103.7682,100.000,25267.0
2325.724,3436.009,103.7674,100.000,25267.4
2326.224,3436.207,103.7630,100.000,25269.2
2326.225,3436.406,103.7720,100.000,25265.4
2326.225,3436.606,103.7666,100.000,25267.8
2326.724,3436.805,103.7642,100.000,25268.8
2326.724,3437.004,103.7630,100.000,25269.3
2327.224,3437.203,103.7695,100.000,25266.5
2327.224,3437.402,103.7671,100.000,25267.5
2327.224,3437.602,103.7666,100.000,25267.6
2327.724,3437.802,103.7666,100.000,25267.7
2327.724,3438.000,103.7682,100.000,25267.0
2328.224,3438.199,103.7705,100.000,25266.1
2328.224,3438.398,103.7730,100.000,25265.0
2328.224,3438.598,103.7715,100.000,25265.6
2328.724,3438.797,103.7698,100.000,25266.3
2328.724,3438.996,103.7723,100.000,25265.3
2329.224,3439.195,103.7710,100.000,25265.9
2329.224,3439.394,103.7715,100.000,25265.6
2329.224,3439.595,103.7698,100.000,25266.3
2329.724,3439.793,103.7672,100.000,25267.4
2329.724,3439.992,103.7760,100.000,25263.6
2330.224,3440.192,103.7681,100.000,25267.1
2330.224,3440.390,103.7757,100.000,25263.8
2330.224,3440.590,103.7736,100.000,25264.8
2330.724,3440.789,103.7752,100.000,25264.1
2330.724,3440.988,103.7796,100.000,25262.1
2331.224,3441.188,103.7744,100.000,25264.4
2331.224,3441.388,103.7768,100.000,25263.4
2331.224,3441.586,103.7777,100.000,25263.0
2331.724,3441.785,103.7757,100.000,25263.8
2331.724,3441.984,103.7760,100.000,25263.7
2332.224,3442.184,103.7842,100.000,25260.1
2332.224,3442.384,103.7754,100.000,25263.9
2332.224,3442.582,103.7829,100.000,25260.7
2332.724,3442.781,103.7809,100.000,25261.5
2332.724,3442.980,103.7793,100.000,25262.3
2333.224,3443.180,103.7788,100.000,25262.4
2333.224,3443.379,103.7790,100.000,25262.3
2333.224,3443.578,103.7778,100.000,25262.9
2333.724,3443.777,103.7804,100.000,25261.8
2333.724,3443.976,103.7817,100.000,25261.2
2334.224,3444.176,103.7812,100.000,25261.4
2334.224,3444.375,103.7868,100.000,25259.0
2334.224,3444.574,103.7876,100.000,25258.7
2334.724,3444.774,103.7865,100.000,25259.2
2334.725,3444.973,103.7866,100.000,25259.1
2335.224,3445.172,103.7840,100.000,25260.2
2335.224,3445.371,103.7866,100.000,25259.1
2335.224,3445.570,103.7948,100.000,25255.6
2335.724,3445.770,103.7920,100.000,25256.8
2335.724,3445.970,103.7908,100.000,25257.2
2336.223,3446.168,103.7912,100.000,25257.1
2336.224,3446.367,103.7926,100.000,25256.5
2336.224,3446.566,103.7915,100.000,25257.0
2336.724,3446.766,103.7967,100.000,25254.8
2336.724,3446.968,103.7938,100.000,25256.0
2337.224,3447.164,103.7948,100.000,25255.6
2337.224,3447.363,103.7982,100.000,25254.1
2337.224,3447.562,103.7988,100.000,25253.9
2337.724,3447.763,103.8018,100.000,25252.5
2337.724,3447.961,103.8035,100.000,25251.8
2338.224,3448.160,103.7998,100.000,25253.4
2338.224,3448.360,103.8122,100.000,25248.1
2338.224,3448.558,103.8074,100.000,25250.1
2338.724,3448.759,103.8110,100.000,25248.6
2338.724,3448.957,103.8149,100.000,25246.8
2339.224,3449.156,103.8074,100.000,25250.2
2339.224,3449.356,103.8144,100.000,25247.0
2339.224,3449.555,103.8164,100.000,25246.2
2339.724,3449.754,103.8091,100.000,25249.4
2339.724,3449.953,103.8169,100.000,25246.0
2340.224,3450.152,103.8169,100.000,25246.0
2340.224,3450.352,103.8156,100.000,25246.6
2340.224,3450.552,103.8184,100.000,25245.4
2340.724,3450.750,103.8245,100.000,25242.8
2340.725,3450.949,103.8247,100.000,25242.7
2341.224,3451.148,103.8216,100.000,25244.0
2341.224,3451.348,103.8252,100.000,25242.5
2341.224,3451.547,103.8306,100.000,25240.1
2341.723,3451.746,103.8265,100.000,25241.9
2341.724,3451.945,103.8312,100.000,25239.8
2342.224,3452.144,103.8296,100.000,25240.6
2342.224,3452.345,103.8309,100.000,25240.0
2342.224,3452.543,103.8418,100.000,25235.2
2342.724,3452.742,103.8345,100.000,25238.4
2342.724,3452.942,103.8359,100.000,25237.8
2343.224,3453.140,103.8398,100.000,25236.1
2343.224,3453.340,103.8374,100.000,25237.1
2343.224,3453.539,103.8429,100.000,25234.8
2343.724,3453.738,103.8467,100.000,25233.2
2343.724,3453.938,103.8473,100.000,25232.9
2344.224,3454.138,103.8421,100.000,25235.1
2344.224,3454.336,103.8413,100.000,25235.5
2344.224,3454.535,103.8486,100.000,25232.3
2344.724,3454.734,103.8475,100.000,25232.8
2344.724,3454.934,103.8576,100.000,25228.5
2345.224,3455.134,103.8555,100.000,25229.4
2345.224,3455.332,103.8498,100.000,25231.8
2345.224,3455.531,103.8631,100.000,25226.1
2345.724,3455.730,103.8613,100.000,25226.8
2345.725,3455.930,103.8579,100.000,25228.3
2346.224,3456.129,103.8581,100.000,25228.3
2346.224,3456.328,103.8641,100.000,25225.6
2346.224,3456.527,103.8656,100.000,25225.0
2346.724,3456.726,103.8664,100.000,25224.7
2346.725,3456.927,103.8688,100.000,25223.6
2347.223,3457.125,103.8696,100.000,25223.3
2347.224,3457.324,103.8789,100.000,25219.3
2347.224,3457.524,103.8726,100.000,25222.0
2347.724,3457.723,103.8708,100.000,25222.8
2347.724,3457.922,103.8833,100.000,25217.4
2348.224,3458.121,103.8740,100.000,25221.4
2348.224,3458.320,103.8844,100.000,25216.9
2348.224,3458.520,103.8818,100.000,25218.0
2348.724,3458.720,103.8885,100.000,25215.1
2348.724,3458.918,103.8826,100.000,25217.7
2348.724,3459.117,103.8833,100.000,25217.4
2349.224,3459.316,103.8948,100.000,25212.4
2349.224,3459.516,103.8846,100.000,25216.8
2349.724,3459.714,103.8866,100.000,25216.0
2349.724,3459.914,103.8905,100.000,25214.3
2349.724,3460.113,103.8882,100.000,25215.2
2350.224,3460.312,103.8921,100.000,25213.6
2350.224,3460.513,103.8965,100.000,25211.8
2350.724,3460.711,103.8988,100.000,25210.8
2350.724,3460.910,103.8948,100.000,25212.5
2350.724,3461.110,103.9033,100.000,25208.8
2351.223,3461.308,103.9032,100.000,25208.8
2351.224,3461.509,103.9038,100.000,25208.5
2351.723,3461.707,103.9080,100.000,25206.7
2351.723,3461.906,103.9048,100.000,25208.1
2351.723,3462.105,103.9077,100.000,25206.9
2352.223,3462.305,103.9111,100.000,25205.3
2352.223,3462.504,103.9142,100.000,25204.1
2352.724,3462.703,103.9092,100.000,25206.2
2352.724,3462.902,103.9160,100.000,25203.3
2352.724,3463.102,103.9181,100.000,25202.4
2353.224,3463.302,103.9191,100.000,25202.0
2353.224,3463.500,103.9142,100.000,25204.0
2353.724,3463.699,103.9183,100.000,25202.3
2353.724,3463.898,103.9261,100.000,25198.9
2353.724,3464.098,103.9255,100.000,25199.2
2354.224,3464.297,103.9266,100.000,25198.7
2354.225,3464.496,103.9253,100.000,25199.4
2354.724,3464.695,103.9297,100.000,25197.3
2354.724,3464.894,103.9308,100.000,25196.9
2354.724,3465.095,103.9352,100.000,25195.0
2355.224,3465.293,103.9303,100.000,25197.1
2355.224,3465.492,103.9380,100.000,25193.8
2355.724,3465.691,103.9411,100.000,25192.5
2355.724,3465.890,103.9419,100.000,25192.1
2355.724,3466.090,103.9365,100.000,25194.5
2356.224,3466.289,103.9380,100.000,25193.8
2356.224,3466.488,103.9448,100.000,25190.9
2356.723,3466.688,103.9460,100.000,25190.4
2356.723,3466.888,103.9468,100.000,25190.0
2356.723,3467.086,103.9463,100.000,25190.2
2357.224,3467.285,103.9522,100.000,25187.7
2357.224,3467.484,103.9536,100.000,25187.1
2357.724,3467.684,103.9546,100.000,25186.6
2357.724,3467.884,103.9507,100.000,25188.3
2357.724,3468.082,103.9502,100.000,25188.6
2358.224,3468.281,103.9580,100.000,25185.2
2358.224,3468.480,103.9590,100.000,25184.8
2358.724,3468.680,103.9562,100.000,25185.9
2358.724,3468.879,103.9574,100.000,25185.5
2358.724,3469.078,103.9601,100.000,25184.2
2359.224,3469.277,103.9617,100.000,25183.6
2359.224,3469.476,103.9600,100.000,25184.4
2359.724,3469.677,103.9574,100.000,25185.5
2359.725,3469.875,103.9673,100.000,25181.1
2359.725,3470.074,103.9686,100.000,25180.6
2360.224,3470.274,103.9684,100.000,25180.7
2360.224,3470.473,103.9704,100.000,25179.9
2360.724,3470.672,103.9684,100.000,25180.7
2360.724,3470.871,103.9705,100.000,25179.8
2360.724,3471.070,103.9696,100.000,25180.2
2361.224,3471.270,103.9731,100.000,25178.7
2361.224,3471.470,103.9731,100.000,25178.7
2361.724,3471.668,103.9800,100.000,25175.8
2361.725,3471.867,103.9775,100.000,25176.8
2361.725,3472.066,103.9746,100.000,25178.1
2362.224,3472.266,103.9723,100.000,25179.0
2362.225,3472.465,103.9727,100.000,25178.9
2362.724,3472.664,103.9767,100.000,25177.1
2362.725,3472.863,103.9811,100.000,25175.2
2362.725,3473.062,103.9775,100.000,25176.8
2363.224,3473.263,103.9792,100.000,25176.0
2363.224,3473.461,103.9759,100.000,25177.6
2363.724,3473.660,103.9849,100.000,25173.6
2363.724,3473.860,103.9759,100.000,25177.5
2363.724,3474.058,103.9826,100.000,25174.6
2364.224,3474.259,103.9806,100.000,25175.4
2364.224,3474.457,103.9808,100.000,25175.4
2364.724,3474.656,103.9845,100.000,25173.8
2364.724,3474.856,103.9790,100.000,25176.1
2364.725,3475.055,103.9806,100.000,25175.4
2365.224,3475.254,103.9811,100.000,25175.2
2365.224,3475.453,103.9819,100.000,25174.9
2365.724,3475.652,103.9836,100.000,25174.1
2365.724,3475.852,103.9891,100.000,25171.8
2365.724,3476.052,103.9811,100.000,25175.2
2366.224,3476.250,103.9912,100.000,25170.9
2366.225,3476.449,103.9818,100.000,25175.0
2366.724,3476.648,103.9868,100.000,25172.8
2366.724,3476.848,103.9917,100.000,25170.7
2366.724,3477.047,103.9932,100.000,25170.0
2367.223,3477.246,103.9902,100.000,25171.3
2367.223,3477.445,103.9909,100.000,25171.0
2367.724,3477.644,103.9834,100.000,25174.2
2367.725,3477.845,103.9847,100.000,25173.7
2367.725,3478.043,103.9946,100.000,25169.5
2368.224,3478.242,103.9912,100.000,25170.9
2368.225,3478.442,103.9961,100.000,25168.8
2368.724,3478.640,103.9933,100.000,25170.0
2368.724,3478.840,103.9912,100.000,25170.9
2368.724,3479.039,103.9990,100.000,25167.6
2369.224,3479.238,104.0024,100.000,25166.1
2369.225,3479.438,104.0020,100.000,25166.2
2369.724,3479.638,104.0041,100.000,25165.3
2369.724,3479.836,104.0059,100.000,25164.6
2369.724,3480.035,104.0015,100.000,25166.5
2370.224,3480.234,104.0049,100.000,25165.1
2370.225,3480.433,104.0166,100.000,25160.0
2370.724,3480.634,104.0054,100.000,25164.8
2370.724,3480.832,104.0094,100.000,25163.0
2370.725,3481.031,104.0103,100.000,25162.7
2371.224,3481.230,104.0093,100.000,25163.2
2371.224,3481.430,104.0055,100.000,25164.7
2371.724,3481.629,104.0132,100.000,25161.4
2371.725,3481.828,104.0080,100.000,25163.7
2371.725,3482.027,104.0146,100.000,25160.8
2372.224,3482.226,104.0119,100.000,25162.0
2372.224,3482.427,104.0155,100.000,25160.5
2372.724,3482.625,104.0112,100.000,25162.3
2372.725,3482.824,104.0156,100.000,25160.4
2372.725,3483.024,104.0207,100.000,25158.2
2373.224,3483.222,104.0181,100.000,25159.3
2373.224,3483.422,104.0223,100.000,25157.5
2373.724,3483.621,104.0251,100.000,25156.3
2373.725,3483.820,104.0213,100.000,25158.0
2373.725,3484.020,104.0205,100.000,25158.3
2374.223,3484.220,104.0197,100.000,25158.7
2374.224,3484.418,104.0239,100.000,25156.8
2374.224,3484.617,104.0244,100.000,25156.6
2374.724,3484.816,104.0267,100.000,25155.7
2374.725,3485.016,104.0262,100.000,25155.8
2375.224,3485.215,104.0277,100.000,25155.2
2375.224,3485.414,104.0278,100.000,25155.2
2375.224,3485.613,104.0286,100.000,25154.8
2375.724,3485.812,104.0296,100.000,25154.4
2375.724,3486.013,104.0350,100.000,25152.1
2376.224,3486.211,104.0332,100.000,25152.8
2376.224,3486.410,104.0395,100.000,25150.2
2376.224,3486.610,104.0379,100.000,25150.8
2376.724,3486.808,104.0317,100.000,25153.5
2376.725,3487.009,104.0308,100.000,25153.9
2377.224,3487.207,104.0298,100.000,25154.3
2377.224,3487.406,104.0395,100.000,25150.2
2377.224,3487.606,104.0404,100.000,25149.8
2377.724,3487.805,104.0415,100.000,25149.3
2377.724,3488.004,104.0361,100.000,25151.6
2378.224,3488.203,104.0392,100.000,25150.2
2378.224,3488.402,104.0408,100.000,25149.6
2378.224,3488.602,104.0399,100.000,25150.0
2378.724,3488.802,104.0449,100.000,25147.8
2378.724,3489.000,104.0439,100.000,25148.2
2379.224,3489.199,104.0428,100.000,25148.7
2379.224,3489.398,104.0444,100.000,25148.0
2379.225,3489.598,104.0452,100.000,25147.7
2379.724,3489.797,104.0451,100.000,25147.7
2379.724,3489.996,104.0459,100.000,25147.3
2380.224,3490.195,104.0508,100.000,25145.3
2380.224,3490.394,104.0570,100.000,25142.6
2380.224,3490.595,104.0451,100.000,25147.7
2380.724,3490.793,104.0535,100.000,25144.1
2380.724,3490.992,104.0542,100.000,25143.8
2381.224,3491.193,104.0542,100.000,25143.8
2381.224,3491.390,104.0581,100.000,25142.2
2381.224,3491.590,104.0628,100.000,25140.1
2381.724,3491.789,104.0610,100.000,25140.9
2381.724,3491.988,104.0531,100.000,25144.3
2382.224,3492.188,104.0640,100.000,25139.6
2382.224,3492.388,104.0596,100.000,25141.4
2382.224,3492.586,104.0592,100.000,25141.6
2382.723,3492.785,104.0581,100.000,25142.0
2382.724,3492.984,104.0633,100.000,25139.8
2383.224,3493.184,104.0615,100.000,25140.7
2383.225,3493.384,104.0672,100.000,25138.2
2383.225,3493.582,104.0632,100.000,25140.0
2383.724,3493.781,104.0614,100.000,25140.7
2383.725,3493.980,104.0654,100.000,25138.9
2384.224,3494.180,104.0708,100.000,25136.7
2384.225,3494.379,104.0592,100.000,25141.6
2384.225,3494.578,104.0705,100.000,25136.8
2384.724,3494.777,104.0767,100.000,25134.1
2384.725,3494.976,104.0771,100.000,25133.9
2385.224,3495.177,104.0744,100.000,25135.1
2385.225,3495.375,104.0713,100.000,25136.4
2385.225,3495.574,104.0811,100.000,25132.2
2385.724,3495.774,104.0825,100.000,25131.7
2385.724,3495.973,104.0708,100.000,25136.7
2386.224,3496.172,104.0755,100.000,25134.6
2386.224,3496.371,104.0786,100.000,25133.4
2386.224,3496.570,104.0890,100.000,25128.8
2386.724,3496.770,104.0843,100.000,25130.8
2386.724,3496.970,104.0771,100.000,25134.0
2387.224,3497.168,104.0890,100.000,25128.8
2387.225,3497.367,104.0863,100.000,25130.0
2387.225,3497.566,104.0869,100.000,25129.8
2387.724,3497.766,104.0882,100.000,25129.2
2387.724,3497.965,104.0938,100.000,25126.8
2388.224,3498.164,104.0897,100.000,25128.6
2388.224,3498.363,104.0906,100.000,25128.1
2388.224,3498.562,104.1011,100.000,25123.7
2388.724,3498.762,104.0972,100.000,25125.3
2388.724,3498.961,104.1030,100.000,25122.8
2389.224,3499.160,104.0983,100.000,25124.8
2389.224,3499.360,104.0964,100.000,25125.6
2389.225,3499.558,104.0942,100.000,25126.6
2389.724,3499.759,104.1025,100.000,25123.0
2389.724,3499.957,104.1066,100.000,25121.2
2390.224,3500.156,104.1084,100.000,25120.5
2390.225,3500.355,104.1046,100.000,25122.1
2390.225,3500.555,104.1071,100.000,25121.1
2390.724,3500.754,104.1066,100.000,25121.3
2390.725,3500.953,104.1046,100.000,25122.1
2391.224,3501.152,104.1092,100.000,25120.1
2391.225,3501.352,104.1126,100.000,25118.7
2391.225,3501.552,104.1108,100.000,25119.5
2391.724,3501.750,104.1221,100.000,25114.5
2391.725,3501.949,104.1169,100.000,25116.8
2392.224,3502.148,104.1169,100.000,25116.8
2392.224,3502.348,104.1201,100.000,25115.4
2392.224,3502.547,104.1252,100.000,25113.3
2392.724,3502.746,104.1229,100.000,25114.3
2392.724,3502.945,104.1209,100.000,25115.1
2393.223,3503.144,104.1253,100.000,25113.2
2393.224,3503.345,104.1281,100.000,25112.0
2393.224,3503.543,104.1217,100.000,25114.7
2393.724,3503.742,104.1250,100.000,25113.3
2393.724,3503.942,104.1248,100.000,25113.5
2394.224,3504.140,104.1307,100.000,25110.9
2394.225,3504.340,104.1276,100.000,25112.2
2394.225,3504.539,104.1400,100.000,25106.9
2394.723,3504.738,104.1382,100.000,25107.7
2394.723,3504.938,104.1343,100.000,25109.4
2395.224,3505.138,104.1375,100.000,25108.0
2395.225,3505.336,104.1419,100.000,25106.0
2395.225,3505.535,104.1403,100.000,25106.8
2395.724,3505.734,104.1370,100.000,25108.2
2395.725,3505.934,104.1450,100.000,25104.8
2396.224,3506.134,104.1455,100.000,25104.5
2396.225,3506.332,104.1480,100.000,25103.5
2396.225,3506.531,104.1422,100.000,25105.9
2396.724,3506.730,104.1489,100.000,25103.0
2396.725,3506.930,104.1588,100.000,25098.8
2397.224,3507.129,104.1545,100.000,25100.7
2397.225,3507.328,104.1584,100.000,25099.0
2397.225,3507.527,104.1549,100.000,25100.5
2397.724,3507.726,104.1641,100.000,25096.6
2397.725,3507.927,104.1592,100.000,25098.6
2398.224,3508.125,104.1582,100.000,25099.1
2398.225,3508.324,104.1558,100.000,25100.1
2398.225,3508.524,104.1615,100.000,25097.6
2398.724,3508.722,104.1663,100.000,25095.6
2398.725,3508.922,104.1675,100.000,25095.1
2399.224,3509.121,104.1631,100.000,25097.1
2399.225,3509.320,104.1678,100.000,25095.0
2399.225,3509.520,104.1616,100.000,25097.6
2399.724,3509.720,104.1753,100.000,25091.7
2399.724,3509.918,104.1768,100.000,25091.1
2399.724,3510.117,104.1755,100.000,25091.7
2400.224,3510.316,104.1787,100.000,25090.3
2400.224,3510.516,104.1746,100.000,25092.0
2400.724,3510.715,104.1774,100.000,25090.8
2400.724,3510.914,104.1836,100.000,25088.2
2400.724,3511.113,104.1790,100.000,25090.1
2401.224,3511.312,104.1816,100.000,25089.1
2401.224,3511.513,104.1839,100.000,25088.0
2401.724,3511.711,104.1847,100.000,25087.7
2401.724,3511.910,104.1856,100.000,25087.3
2401.724,3512.110,104.1883,100.000,25086.2
2402.224,3512.308,104.1890,100.000,25085.9
2402.224,3512.512,104.1953,100.000,25083.1
2402.724,3512.707,104.1966,100.000,25082.6
2402.724,3512.906,104.1958,100.000,25082.9
2402.724,3513.106,104.1857,100.000,25087.2
2403.224,3513.305,104.2002,100.000,25081.1
2403.224,3513.504,104.2008,100.000,25080.7
2403.724,3513.703,104.1938,100.000,25083.8
2403.725,3513.902,104.2043,100.000,25079.3
2403.725,3514.102,104.2007,100.000,25080.9
2404.224,3514.301,104.2021,100.000,25080.2
2404.224,3514.500,104.2101,100.000,25076.8
2404.724,3514.699,104.2108,100.000,25076.6
2404.725,3514.898,104.2054,100.000,25078.8
2404.725,3515.098,104.2065,100.000,25078.2
2405.224,3515.297,104.2070,100.000,25078.1
2405.224,3515.496,104.2148,100.000,25074.8
2405.724,3515.695,104.2148,100.000,25074.8
2405.724,3515.894,104.2093,100.000,25077.1
2405.724,3516.095,104.2238,100.000,25070.9
2406.224,3516.293,104.2187,100.000,25073.1
2406.225,3516.492,104.2217,100.000,25071.8
2406.724,3516.692,104.2241,100.000,25070.8
2406.724,3516.890,104.2246,100.000,25070.6
2406.724,3517.090,104.2166,100.000,25074.0
2407.224,3517.289,104.2217,100.000,25071.8
2407.225,3517.488,104.2168,100.000,25073.9
2407.724,3517.688,104.2259,100.000,25070.0
2407.725,3517.888,104.2293,100.000,25068.5
2407.725,3518.086,104.2266,100.000,25069.8
2408.223,3518.285,104.2285,100.000,25068.9
2408.224,3518.484,104.2305,100.000,25068.1
2408.724,3518.684,104.2310,100.000,25067.8
2408.724,3518.884,104.2375,100.000,25065.0
2408.724,3519.082,104.2326,100.000,25067.1
2409.224,3519.281,104.2323,100.000,25067.2
2409.224,3519.480,104.2378,100.000,25064.9
2409.724,3519.680,104.2360,100.000,25065.7
2409.724,3519.879,104.2345,100.000,25066.3
2409.724,3520.078,104.2394,100.000,25064.2
2410.224,3520.277,104.2445,100.000,25062.0
2410.225,3520.476,104.2410,100.000,25063.5
2410.724,3520.676,104.2344,100.000,25066.3
2410.725,3520.875,104.2373,100.000,25065.1
2410.725,3521.074,104.2451,100.000,25061.8
2411.224,3521.274,104.2441,100.000,25062.2
2411.225,3521.472,104.2484,100.000,25060.3
2411.724,3521.672,104.2409,100.000,25063.6
2411.724,3521.871,104.2446,100.000,25062.0
2411.724,3522.070,104.2467,100.000,25061.1
2412.224,3522.270,104.2537,100.000,25058.1
2412.225,3522.470,104.2463,100.000,25061.3
2412.724,3522.668,104.2490,100.000,25060.1
2412.725,3522.867,104.2482,100.000,25060.5
2412.725,3523.066,104.2526,100.000,25058.5
2413.224,3523.266,104.2451,100.000,25061.7
2413.224,3523.465,104.2495,100.000,25059.9
2413.724,3523.664,104.2454,100.000,25061.6
2413.724,3523.863,104.2510,100.000,25059.2
2413.724,3524.062,104.2549,100.000,25057.5
2414.224,3524.263,104.2500,100.000,25059.6
2414.224,3524.461,104.2515,100.000,25059.0
2414.723,3524.660,104.2515,100.000,25059.0
2414.724,3524.860,104.2612,100.000,25054.8
2414.724,3525.058,104.2519,100.000,25058.8
2415.224,3525.259,104.2558,100.000,25057.2
2415.224,3525.457,104.2516,100.000,25059.0
2415.724,3525.656,104.2550,100.000,25057.5
2415.724,3525.856,104.2560,100.000,25057.1
2415.724,3526.055,104.2568,100.000,25056.7
2416.224,3526.254,104.2573,100.000,25056.5
2416.224,3526.453,104.2590,100.000,25055.8
2416.723,3526.652,104.2550,100.000,25057.4
2416.723,3526.852,104.2622,100.000,25054.4
2416.723,3527.051,104.2612,100.000,25054.8
2417.223,3527.250,104.2602,100.000,25055.2
2417.224,3527.449,104.2609,100.000,25055.0
2417.724,3527.648,104.2558,100.000,25057.2
2417.724,3527.848,104.2529,100.000,25058.5
2417.724,3528.047,104.2554,100.000,25057.4
2418.224,3528.246,104.2594,100.000,25055.6
2418.225,3528.445,104.2585,100.000,25056.1
2418.724,3528.644,104.2578,100.000,25056.3
2418.724,3528.845,104.2604,100.000,25055.2
2418.724,3529.043,104.2590,100.000,25055.8
2419.224,3529.242,104.2620,100.000,25054.5
2419.224,3529.442,104.2568,100.000,25056.7
2419.724,3529.640,104.2573,100.000,25056.6
2419.725,3529.840,104.2583,100.000,25056.1
2419.725,3530.039,104.2585,100.000,25056.0
2420.224,3530.238,104.2598,100.000,25055.4
2420.224,3530.438,104.2620,100.000,25054.5
2420.724,3530.638,104.2614,100.000,25054.8
2420.724,3530.836,104.2594,100.000,25055.6
2420.724,3531.035,104.2629,100.000,25054.1
2421.224,3531.234,104.2632,100.000,25054.0
2421.224,3531.433,104.2643,100.000,25053.5
2421.724,3531.634,104.2642,100.000,25053.6
2421.725,3531.832,104.2570,100.000,25056.6
2421.725,3532.031,104.2666,100.000,25052.5
2422.224,3532.230,104.2601,100.000,25055.4
2422.224,3532.430,104.2684,100.000,25051.8
2422.724,3532.629,104.2637,100.000,25053.7
2422.724,3532.828,104.2601,100.000,25055.3
2422.724,3533.027,104.2643,100.000,25053.6
2423.224,3533.226,104.2643,100.000,25053.6
2423.224,3533.427,104.2653,100.000,25053.1
2423.724,3533.625,104.2637,100.000,25053.8
2423.724,3533.824,104.2633,100.000,25053.9
2423.724,3534.024,104.2682,100.000,25051.8
2424.224,3534.223,104.2672,100.000,25052.2
2424.225,3534.422,104.2679,100.000,25052.0
2424.724,3534.621,104.2687,100.000,25051.6
2424.724,3534.820,104.2643,100.000,25053.5
2424.724,3535.020,104.2690,100.000,25051.5
2425.224,3535.220,104.2686,100.000,25051.7
2425.224,3535.418,104.2676,100.000,25052.1
2425.225,3535.617,104.2705,100.000,25050.9
2425.724,3535.816,104.2700,100.000,25051.1
2425.724,3536.016,104.2716,100.000,25050.4
2426.224,3536.215,104.2723,100.000,25050.1
2426.224,3536.414,104.2749,100.000,25049.0
2426.224,3536.613,104.2751,100.000,25048.9
2426.724,3536.812,104.2767,100.000,25048.2
2426.725,3537.013,104.2778,100.000,25047.7
2427.223,3537.211,104.2707,100.000,25050.8
2427.224,3537.410,104.2770,100.000,25048.0
2427.224,3537.610,104.2716,100.000,25050.4
2427.724,3537.808,104.2765,100.000,25048.3
2427.724,3538.009,104.2700,100.000,25051.0
2428.224,3538.207,104.2681,100.000,25051.9
2428.224,3538.406,104.2783,100.000,25047.5
2428.224,3538.606,104.2749,100.000,25048.9
2428.724,3538.805,104.2773,100.000,25048.0
2428.724,3539.004,104.2786,100.000,25047.4
2429.224,3539.203,104.2712,100.000,25050.6
2429.225,3539.402,104.2731,100.000,25049.7
2429.225,3539.602,104.2695,100.000,25051.2
2429.724,3539.802,104.2773,100.000,25047.9
2429.724,3540.000,104.2775,100.000,25047.9
2430.224,3540.199,104.2765,100.000,25048.3
2430.224,3540.398,104.2806,100.000,25046.6
2430.224,3540.598,104.2842,100.000,25044.9
2430.724,3540.797,104.2734,100.000,25049.6
2430.724,3540.996,104.2858,100.000,25044.2
2431.224,3541.195,104.2759,100.000,25048.5
2431.224,3541.394,104.2742,100.000,25049.3
2431.225,3541.595,104.2762,100.000,25048.4
2431.724,3541.793,104.2837,100.000,25045.2
2431.724,3541.992,104.2842,100.000,25045.0
2432.224,3542.192,104.2892,100.000,25042.8
2432.225,3542.390,104.2887,100.000,25043.0
2432.225,3542.590,104.2793,100.000,25047.1
2432.724,3542.789,104.2817,100.000,25046.0
2432.724,3542.988,104.2917,100.000,25041.8
2433.224,3543.188,104.2829,100.000,25045.6
2433.225,3543.388,104.2861,100.000,25044.2
2433.225,3543.586,104.2907,100.000,25042.2
2433.724,3543.785,104.2842,100.000,25045.0
2433.724,3543.984,104.2812,100.000,25046.2
2434.224,3544.184,104.2920,100.000,25041.6
2434.224,3544.384,104.2923,100.000,25041.5
2434.224,3544.582,104.2944,100.000,25040.6
2434.724,3544.781,104.2861,100.000,25044.1
2434.724,3544.980,104.2850,100.000,25044.6
2435.224,3545.180,104.2881,100.000,25043.3
2435.224,3545.379,104.2899,100.000,25042.6
2435.224,3545.578,104.2842,100.000,25044.9
2435.724,3545.777,104.2956,100.000,25040.0
2435.724,3545.976,104.2969,100.000,25039.6
2436.224,3546.177,104.2881,100.000,25043.3
2436.224,3546.375,104.2943,100.000,25040.7
2436.224,3546.574,104.2933,100.000,25041.1
2436.724,3546.774,104.2920,100.000,25041.6
2436.724,3546.973,104.2939,100.000,25040.8
2437.224,3547.172,104.2925,100.000,25041.4
2437.224,3547.371,104.2978,100.000,25039.2
2437.224,3547.570,104.2933,100.000,25041.1
2437.724,3547.770,104.2948,100.000,25040.4
2437.724,3547.970,104.2954,100.000,25040.2
2438.224,3548.168,104.2977,100.000,25039.2
2438.224,3548.367,104.2983,100.000,25038.8
2438.224,3548.566,104.2983,100.000,25039.0
2438.724,3548.766,104.2930,100.000,25041.3
2438.724,3548.965,104.2993,100.000,25038.5
2439.224,3549.164,104.2983,100.000,25039.0
2439.225,3549.363,104.2954,100.000,25040.2
2439.225,3549.562,104.3013,100.000,25037.6
2439.724,3549.763,104.2964,100.000,25039.7
2439.724,3549.961,104.3026,100.000,25037.1
2440.224,3550.160,104.2990,100.000,25038.6
2440.225,3550.360,104.3000,100.000,25038.2
2440.225,3550.558,104.2988,100.000,25038.7
2440.724,3550.759,104.2998,100.000,25038.2
2440.724,3550.957,104.2978,100.000,25039.1
2441.224,3551.156,104.3009,100.000,25037.8
2441.225,3551.356,104.3045,100.000,25036.3
2441.225,3551.555,104.3003,100.000,25038.0
2441.724,3551.754,104.3062,100.000,25035.5
2441.724,3551.953,104.3032,100.000,25036.8
2442.224,3552.152,104.3022,100.000,25037.3
2442.224,3552.352,104.3003,100.000,25038.1
2442.224,3552.552,104.3048,100.000,25036.1
2442.724,3552.750,104.3026,100.000,25037.1
2442.725,3552.949,104.3014,100.000,25037.6
2443.223,3553.148,104.3006,100.000,25037.9
2443.224,3553.348,104.3078,100.000,25034.9
2443.224,3553.547,104.3014,100.000,25037.6
2443.724,3553.746,104.3018,100.000,25037.5
2443.724,3553.945,104.3050,100.000,25036.0
2444.224,3554.144,104.3062,100.000,25035.6
2444.224,3554.345,104.3047,100.000,25036.2
2444.225,3554.543,104.3031,100.000,25036.9
2444.724,3554.742,104.3105,100.000,25033.7
2444.725,3554.942,104.3062,100.000,25035.6
2445.224,3555.140,104.3032,100.000,25036.8
2445.224,3555.340,104.3070,100.000,25035.2
2445.224,3555.539,104.2993,100.000,25038.5
2445.724,3555.738,104.3022,100.000,25037.2
2445.724,3555.938,104.3050,100.000,25036.1
2446.224,3556.138,104.3037,100.000,25036.6
2446.225,3556.336,104.3091,100.000,25034.3
2446.225,3556.535,104.3084,100.000,25034.6
2446.724,3556.734,104.3042,100.000,25036.4
2446.725,3556.934,104.3086,100.000,25034.5
2447.223,3557.134,104.3066,100.000,25035.4
2447.224,3557.332,104.3078,100.000,25034.9
2447.224,3557.531,104.3071,100.000,25035.2
2447.724,3557.730,104.3094,100.000,25034.2
2447.724,3557.930,104.3120,100.000,25033.0
2448.224,3558.129,104.3102,100.000,25033.8
2448.224,3558.328,104.3066,100.000,25035.4
2448.224,3558.527,104.3106,100.000,25033.6
2448.724,3558.726,104.3047,100.000,25036.2
2448.725,3558.927,104.3076,100.000,25034.9
2449.224,3559.125,104.3066,100.000,25035.4
2449.225,3559.324,104.3048,100.000,25036.1
2449.225,3559.524,104.3062,100.000,25035.6
2449.724,3559.722,104.3086,100.000,25034.6
2449.725,3559.922,104.3086,100.000,25034.5
2450.224,3560.121,104.3081,100.000,25034.7
2450.224,3560.320,104.3094,100.000,25034.1
2450.224,3560.520,104.3092,100.000,25034.2
2450.724,3560.720,104.3078,100.000,25034.9
2450.724,3560.918,104.3073,100.000,25035.0
2450.725,3561.117,104.3092,100.000,25034.2
2451.224,3561.316,104.3065,100.000,25035.5
2451.225,3561.516,104.3047,100.000,25036.2
2451.724,3561.715,104.3031,100.000,25036.9
2451.725,3561.914,104.3105,100.000,25033.7
2451.725,3562.113,104.3057,100.000,25035.8
2452.224,3562.312,104.3112,100.000,25033.4
2452.224,3562.513,104.3073,100.000,25035.0
2452.724,3562.711,104.3115,100.000,25033.3
2452.724,3562.910,104.3105,100.000,25033.7
2452.724,3563.110,104.3034,100.000,25036.8
2453.224,3563.310,104.3050,100.000,25036.0
2453.224,3563.509,104.3073,100.000,25035.0
2453.724,3563.707,104.3013,100.000,25037.7
2453.724,3563.906,104.3097,100.000,25034.0
2453.724,3564.106,104.3061,100.000,25035.6
2454.224,3564.305,104.3140,100.000,25032.3
2454.225,3564.504,104.3057,100.000,25035.8
2454.724,3564.703,104.3029,100.000,25037.0
2454.725,3564.902,104.2990,100.000,25038.6
2454.725,3565.102,104.3078,100.000,25034.9
2455.224,3565.302,104.3408,100.000,25020.7
2455.225,3565.500,104.3436,100.000,25019.5
2455.724,3565.699,104.6615,100.000,24883.5
2455.724,3565.898,104.6087,100.000,24906.0
2455.725,3566.098,104.6050,100.000,24907.6
2456.224,3566.297,104.6206,100.000,24901.0
2456.225,3566.496,104.6016,100.000,24909.0
2456.724,3566.695,104.5916,100.000,24913.3
2456.725,3566.894,104.5714,100.000,24921.9
2456.725,3567.095,104.5752,100.000,24920.3
2457.224,3567.293,104.5032,100.000,24951.1
2457.225,3567.492,104.5142,100.000,24946.4
2457.724,3567.692,104.4521,100.000,24973.0
2457.725,3567.890,104.4989,100.000,24953.0
2457.725,3568.090,104.4188,100.000,24987.2
2458.224,3568.289,104.4048,100.000,24993.3
2458.225,3568.488,104.3962,100.000,24997.0
2458.723,3568.688,104.3939,100.000,24998.0
2458.724,3568.888,104.3647,100.000,25010.5
2458.724,3569.086,104.3765,100.000,25005.4
2459.224,3569.285,104.3950,100.000,24997.5
2459.225,3569.484,104.4351,100.000,24980.3
2459.723,3569.684,104.4375,100.000,24979.2
2459.724,3569.884,104.4564,100.000,24971.2
2459.724,3570.082,104.4552,100.000,24971.7
2460.223,3570.281,104.4486,100.000,24974.5
2460.224,3570.480,104.4842,100.000,24959.3
2460.724,3570.680,104.4788,100.000,24961.6
2460.725,3570.879,104.4953,100.000,24954.5
2460.725,3571.078,104.5252,100.000,24941.7
2461.224,3571.277,104.5366,100.000,24936.8
2461.225,3571.476,104.5386,100.000,24936.0
2461.724,3571.677,104.5316,100.000,24939.0
2461.725,3571.875,104.5161,100.000,24945.6
2461.725,3572.074,104.5145,100.000,24946.3
2462.224,3572.274,104.5072,100.000,24949.4
2462.224,3572.473,104.5474,100.000,24932.2
2462.724,3572.672,104.5736,100.000,24921.0
2462.725,3572.871,104.5492,100.000,24931.5
2462.725,3573.070,104.5408,100.000,24935.1
2463.223,3573.270,104.5547,100.000,24929.0
2463.224,3573.470,104.5420,100.000,24934.5
2463.724,3573.668,104.5630,100.000,24925.5
2463.725,3573.867,104.5503,100.000,24931.0
2463.725,3574.066,104.5703,100.000,24922.4
2464.224,3574.266,104.5859,100.000,24915.8
2464.225,3574.465,104.5884,100.000,24914.8
2464.724,3574.664,104.5854,100.000,24916.0
2464.725,3574.863,104.5859,100.000,24915.8
2464.725,3575.062,104.5928,100.000,24912.9
2465.224,3575.262,104.6201,100.000,24901.1
2465.225,3575.461,104.6164,100.000,24902.8
2465.723,3575.660,104.6304,100.000,24896.8
2465.724,3575.860,104.6338,100.000,24895.3
2465.724,3576.058,104.6346,100.000,24895.0
2466.224,3576.259,104.6504,100.000,24888.2
2466.225,3576.457,104.6457,100.000,24890.2
2466.724,3576.656,104.6507,100.000,24888.1
2466.725,3576.855,104.6509,100.000,24888.0
2466.725,3577.055,104.6634,100.000,24882.6
2467.224,3577.254,104.6691,100.000,24880.2
2467.224,3577.453,104.6776,100.000,24876.6
2467.724,3577.652,104.6872,100.000,24872.5
2467.725,3577.852,104.6924,100.000,24870.3
2467.725,3578.052,104.7033,100.000,24865.6
2468.224,3578.250,104.7121,100.000,24861.9
2468.225,3578.449,104.7266,100.000,24855.7
2468.724,3578.648,104.7339,100.000,24852.6
2468.725,3578.848,104.7448,100.000,24847.9
2468.725,3579.047,104.7585,100.000,24842.0
2469.224,3579.246,104.7637,100.000,24839.8
2469.225,3579.445,104.7730,100.000,24835.9
2469.724,3579.644,104.7886,100.000,24829.2
2469.724,3579.845,104.8052,100.000,24822.1
2469.724,3580.043,104.8223,100.000,24814.9
2470.224,3580.242,104.8356,100.000,24809.2
2470.225,3580.442,104.8491,100.000,24803.4
2470.724,3580.640,104.8581,100.000,24799.6
2470.725,3580.840,104.8799,100.000,24790.4
2470.725,3581.039,104.8926,100.000,24784.9
2471.224,3581.238,104.9092,100.000,24777.8
2471.224,3581.438,104.9140,100.000,24775.7
2471.724,3581.638,104.9287,100.000,24769.4
2471.725,3581.836,104.9492,100.000,24760.8
2471.725,3582.035,104.9544,100.000,24758.6
2472.224,3582.234,104.9718,100.000,24751.2
2472.225,3582.434,104.9889,100.000,24743.9
2472.724,3582.634,104.9943,100.000,24741.6
2472.725,3582.832,105.0080,100.000,24735.8
2472.725,3583.031,105.0146,100.000,24733.0
2473.224,3583.230,105.0295,100.000,24726.7
2473.224,3583.430,105.0433,100.000,24720.8
2473.724,3583.629,105.0488,100.000,24718.4
2473.724,3583.828,105.0620,100.000,24712.8
2473.724,3584.027,105.0734,100.000,24707.9
2474.224,3584.226,105.0763,100.000,24706.7
2474.224,3584.427,105.0947,100.000,24698.9
2474.724,3584.625,105.1030,100.000,24695.4
2474.724,3584.824,105.1177,100.000,24689.2
2474.724,3585.024,105.1302,100.000,24683.9
2475.223,3585.223,105.1494,100.000,24675.7
2475.223,3585.422,105.1614,100.000,24670.6
2475.724,3585.621,105.1821,100.000,24661.8
2475.724,3585.820,105.1919,100.000,24657.7
2475.724,3586.020,105.2016,100.000,24653.5
2476.224,3586.220,105.2090,100.000,24650.3
2476.225,3586.418,105.2165,100.000,24647.2
2476.225,3586.617,105.2296,100.000,24641.6
2476.724,3586.816,105.2432,100.000,24635.9
2476.724,3587.016,105.2506,100.000,24632.8
2477.224,3587.215,105.2611,100.000,24628.3
2477.224,3587.414,105.2721,100.000,24623.6
2477.225,3587.613,105.2741,100.000,24622.7
2477.724,3587.812,105.2866,100.000,24617.4
2477.725,3588.013,105.3027,100.000,24610.6
2478.224,3588.211,105.3158,100.000,24605.2
2478.225,3588.410,105.3262,100.000,24600.6
2478.225,3588.610,105.3324,100.000,24598.0
2478.724,3588.808,105.3455,100.000,24592.5
2478.724,3589.009,105.3472,100.000,24591.8
2479.224,3589.207,105.3550,100.000,24588.5
2479.225,3589.406,105.3691,100.000,24582.5
2479.225,3589.606,105.3674,100.000,24583.3
2479.724,3589.805,105.3823,100.000,24576.9
2479.725,3590.004,105.3862,100.000,24575.3
2480.223,3590.203,105.3922,100.000,24572.7
2480.224,3590.402,105.3953,100.000,24571.4
2480.224,3590.602,105.3953,100.000,24571.5
2480.724,3590.802,105.4014,100.000,24568.8
2480.725,3591.000,105.4009,100.000,24569.0
2481.224,3591.199,105.4046,100.000,24567.5
2481.224,3591.398,105.4023,100.000,24568.4
2481.224,3591.598,105.4087,100.000,24565.8
2481.724,3591.797,105.4058,100.000,24567.0
2481.724,3591.996,105.4087,100.000,24565.7
2482.224,3592.195,105.4097,100.000,24565.2
2482.225,3592.394,105.4111,100.000,24564.7
2482.225,3592.595,105.4098,100.000,24565.2
2482.724,3592.793,105.4110,100.000,24564.8
2482.725,3592.992,105.4136,100.000,24563.6
2483.224,3593.191,105.4132,100.000,24563.8
2483.225,3593.390,105.4108,100.000,24564.8
2483.225,3593.590,105.4131,100.000,24563.9
2483.724,3593.789,105.4172,100.000,24562.1
2483.724,3593.988,105.4196,100.000,24561.1
2484.224,3594.188,105.4186,100.000,24561.6
2484.224,3594.388,105.4224,100.000,24560.0
2484.225,3594.586,105.4266,100.000,24558.2
2484.724,3594.785,105.4289,100.000,24557.2
2484.725,3594.984,105.4305,100.000,24556.5
2485.224,3595.184,105.4354,100.000,24554.5
2485.224,3595.384,105.4448,100.000,24550.5
2485.224,3595.582,105.4492,100.000,24548.6
2485.724,3595.781,105.4600,100.000,24544.0
2485.725,3595.980,105.4699,100.000,24539.8
2486.224,3596.180,105.4798,100.000,24535.6
2486.225,3596.379,105.4907,100.000,24531.0
2486.225,3596.578,105.4979,100.000,24528.0
2486.724,3596.777,105.5073,100.000,24524.0
2486.724,3596.976,105.5176,100.000,24519.7
2487.224,3597.177,105.5268,100.000,24515.8
2487.224,3597.375,105.5272,100.000,24515.6
2487.224,3597.574,105.5443,100.000,24508.4
2487.724,3597.774,105.5547,100.000,24503.9
2487.724,3597.973,105.5627,100.000,24500.6
2488.224,3598.172,105.5716,100.000,24496.8
2488.224,3598.371,105.5858,100.000,24490.9
2488.224,3598.570,105.5889,100.000,24489.5
2488.724,3598.770,105.6001,100.000,24484.8
2488.724,3598.970,105.6089,100.000,24481.0
2489.224,3599.168,105.6211,100.000,24475.9
2489.224,3599.368,105.6240,100.000,24474.7
2489.225,3599.566,105.6377,100.000,24468.9
2489.724,3599.766,105.6436,100.000,24466.4
2489.724,3599.965,105.6592,100.000,24459.8
2490.224,3600.164,105.6694,100.000,24455.5
2490.224,3600.363,105.6862,100.000,24448.5
2490.224,3600.562,105.6911,100.000,24446.4
2490.724,3600.762,105.7139,100.000,24436.8
2490.724,3600.961,105.7202,100.000,24434.2
2491.224,3601.160,105.7319,100.000,24429.2
2491.224,3601.360,105.7436,100.000,24424.2
2491.224,3601.558,105.7601,100.000,24417.3
2491.724,3601.759,105.7666,100.000,24414.6
2491.724,3601.957,105.7725,100.000,24412.1
2492.224,3602.156,105.7873,100.000,24405.8
2492.224,3602.356,105.7949,100.000,24402.6
2492.224,3602.555,105.8055,100.000,24398.2
2492.724,3602.754,105.8164,100.000,24393.6
2492.725,3602.953,105.8228,100.000,24391.0
2493.224,3603.152,105.8335,100.000,24386.4
2493.224,3603.352,105.8460,100.000,24381.1
2493.225,3603.552,105.8550,100.000,24377.3
2493.724,3603.750,105.8651,100.000,24373.1
2493.724,3603.949,105.8719,100.000,24370.2
2494.224,3604.148,105.8874,100.000,24363.7
2494.224,3604.348,105.8887,100.000,24363.1
2494.224,3604.547,105.9009,100.000,24358.1
2494.723,3604.746,105.9126,100.000,24353.0
2494.724,3604.945,105.9245,100.000,24348.0
2495.224,3605.144,105.9326,100.000,24344.7
2495.224,3605.345,105.9438,100.000,24339.9
2495.224,3605.543,105.9512,100.000,24336.8
2495.724,3605.742,105.9661,100.000,24330.6
2495.724,3605.941,105.9785,100.000,24325.3
2496.224,3606.140,105.9805,100.000,24324.6
2496.224,3606.340,105.9930,100.000,24319.3
2496.224,3606.539,106.0010,100.000,24315.9
2496.724,3606.738,106.0169,100.000,24309.2
2496.724,3606.938,106.0283,100.000,24304.4
2497.223,3607.138,106.0425,100.000,24298.5
2497.223,3607.336,106.0550,100.000,24293.2
2497.223,3607.535,106.0728,100.000,24285.8
2497.724,3607.734,106.0869,100.000,24279.8
2497.724,3607.934,106.0884,100.000,24279.2
2498.224,3608.134,106.0938,100.000,24276.9
2498.224,3608.332,106.1206,100.000,24265.6
2498.224,3608.531,106.1372,100.000,24258.7
2498.723,3608.730,106.1341,100.000,24260.0
2498.724,3608.930,106.1501,100.000,24253.4
2499.224,3609.129,106.1592,100.000,24249.6
2499.224,3609.328,106.1634,100.000,24247.7
2499.224,3609.527,106.1693,100.000,24245.3
2499.724,3609.726,106.1772,100.000,24241.8
2499.724,3609.927,106.1934,100.000,24235.3
2500.224,3610.125,106.1982,100.000,24233.1
2500.224,3610.324,106.2186,100.000,24224.6
2500.224,3610.524,106.2295,100.000,24220.0
2500.724,3610.723,106.2497,100.000,24211.5
2500.724,3610.922,106.2612,100.000,24206.7
2501.224,3611.121,106.2827,100.000,24197.8
2501.225,3611.320,106.2944,100.000,24192.8
2501.225,3611.520,106.3154,100.000,24184.1
2501.724,3611.720,106.3418,100.000,24173.0
2501.725,3611.918,106.3613,100.000,24164.9
2501.725,3612.117,106.3535,100.000,24168.1
2502.224,3612.316,106.3612,100.000,24165.0
2502.224,3612.516,106.3644,100.000,24163.6
2502.724,3612.715,106.3817,100.000,24156.3
2502.724,3612.914,106.3878,100.000,24153.7
2502.724,3613.113,106.3792,100.000,24157.3
2503.224,3613.312,106.3882,100.000,24153.7
2503.224,3613.513,106.3914,100.000,24152.2
2503.723,3613.711,106.4024,100.000,24147.6
2503.724,3613.910,106.4238,100.000,24138.7
2503.724,3614.110,106.4435,100.000,24130.4
2504.224,3614.308,106.4453,100.000,24129.7
2504.224,3614.509,106.4523,100.000,24126.8
2504.724,3614.707,106.4723,100.000,24118.4
2504.724,3614.906,106.4735,100.000,24118.0
2504.724,3615.106,106.4666,100.000,24120.8
2505.224,3615.305,106.4971,100.000,24108.1
2505.224,3615.504,106.5104,100.000,24102.5
2505.724,3615.703,106.5200,100.000,24098.5
2505.724,3615.904,106.5259,100.000,24096.1
2505.725,3616.102,106.5215,100.000,24097.8
2506.224,3616.302,106.5293,100.000,24094.6
2506.224,3616.500,106.5352,100.000,24092.1
2506.724,3616.699,106.5363,100.000,24091.8
2506.725,3616.898,106.5425,100.000,24089.2
2506.725,3617.098,106.5478,100.000,24086.9
2507.223,3617.297,106.5589,100.000,24082.3
2507.223,3617.496,106.5610,100.000,24081.5
2507.724,3617.695,106.5566,100.000,24083.2
2507.724,3617.894,106.5693,100.000,24077.9
2507.724,3618.095,106.5824,100.000,24072.5
2508.224,3618.293,106.5942,100.000,24067.5
2508.224,3618.492,106.5869,100.000,24070.6
2508.724,3618.692,106.5928,100.000,24068.2
2508.724,3618.890,106.5970,100.000,24066.4
2508.724,3619.090,106.6025,100.000,24064.1
2509.223,3619.289,106.6029,100.000,24064.0
2509.223,3619.488,106.6167,100.000,24058.2
2509.723,3619.688,106.6230,100.000,24055.5
2509.724,3619.888,106.6434,100.000,24047.1
2509.724,3620.086,106.6572,100.000,24041.2
2510.224,3620.285,106.6582,100.000,24040.9
2510.225,3620.484,106.6764,100.000,24033.3
2510.723,3620.684,106.6802,100.000,24031.6
2510.723,3620.884,106.6875,100.000,24028.6
2510.723,3621.082,106.7057,100.000,24021.1
2511.224,3621.281,106.7270,100.000,24012.2
2511.225,3621.480,106.7345,100.000,24009.1
2511.724,3621.680,106.7441,100.000,24005.1
2511.724,3621.879,106.7637,100.000,23997.0
2511.724,3622.078,106.7627,100.000,23997.3
2512.224,3622.277,106.7728,100.000,23993.1
2512.224,3622.476,106.7708,100.000,23994.0
2512.724,3622.677,106.7803,100.000,23990.0
2512.725,3622.875,106.7873,100.000,23987.2
2512.725,3623.074,106.7978,100.000,23982.8
2513.224,3623.274,106.8039,100.000,23980.1
2513.225,3623.473,106.8138,100.000,23976.1
2513.724,3623.672,106.8198,100.000,23973.6
2513.724,3623.871,106.8595,100.000,23957.1
2513.724,3624.070,106.8582,100.000,23957.6
2514.224,3624.270,106.8981,100.000,23941.0
2514.224,3624.470,106.8574,100.000,23958.0
2514.724,3624.668,106.8402,100.000,23965.1
2514.725,3624.867,106.8457,100.000,23962.8
2514.725,3625.066,106.8628,100.000,23955.6
2515.224,3625.266,106.8721,100.000,23951.9
2515.225,3625.465,106.8797,100.000,23948.7
2515.724,3625.664,106.8892,100.000,23944.7
2515.724,3625.863,106.8835,100.000,23947.1
2515.724,3626.062,106.8980,100.000,23941.1
2516.224,3626.263,106.9113,100.000,23935.6
2516.225,3626.461,106.9193,100.000,23932.2
2516.724,3626.660,106.9212,100.000,23931.5
2516.724,3626.860,106.9346,100.000,23925.8
2516.724,3627.058,106.9448,100.000,23921.6
2517.224,3627.259,106.9601,100.000,23915.3
2517.224,3627.457,106.9732,100.000,23909.8
2517.724,3627.656,106.9863,100.000,23904.4
2517.724,3627.856,106.9891,100.000,23903.2
2517.724,3628.055,107.0024,100.000,23897.7
2518.224,3628.254,107.0015,100.000,23898.2
2518.224,3628.453,107.0063,100.000,23896.1
2518.724,3628.652,107.0099,100.000,23894.6
2518.724,3628.852,107.0251,100.000,23888.3
2518.724,3629.052,107.0239,100.000,23888.7
2519.224,3629.250,107.0259,100.000,23888.0
2519.224,3629.449,107.0254,100.000,23888.2
2519.724,3629.648,107.0364,100.000,23883.6
2519.724,3629.848,107.0456,100.000,23879.8
2519.724,3630.047,107.0542,100.000,23876.2
2520.223,3630.246,107.0596,100.000,23874.0
2520.224,3630.445,107.0614,100.000,23873.2
2520.723,3630.644,107.0775,100.000,23866.6
2520.723,3630.845,107.0815,100.000,23864.9
2520.723,3631.043,107.0942,100.000,23859.7
2521.223,3631.242,107.0918,100.000,23860.6
2521.223,3631.441,107.1012,100.000,23856.7
2521.724,3631.640,107.1121,100.000,23852.2
2521.725,3631.840,107.1258,100.000,23846.6
2521.725,3632.039,107.1221,100.000,23848.1
2522.224,3632.238,107.1258,100.000,23846.6
2522.224,3632.438,107.1198,100.000,23849.0
2522.724,3632.638,107.1302,100.000,23844.7
2522.724,3632.836,107.1294,100.000,23845.1
2522.725,3633.035,107.1348,100.000,23842.8
2523.224,3633.234,107.1434,100.000,23839.3
2523.224,3633.434,107.1501,100.000,23836.4
2523.724,3633.632,107.1685,100.000,23828.8
2523.724,3633.832,107.1841,100.000,23822.5
2523.724,3634.031,107.1856,100.000,23821.8
2524.224,3634.230,107.1973,100.000,23817.0
2524.224,3634.430,107.1882,100.000,23820.7
2524.724,3634.629,107.1969,100.000,23817.1
2524.724,3634.828,107.1909,100.000,23819.6
2524.724,3635.027,107.1885,100.000,23820.6
2525.224,3635.226,107.2065,100.000,23813.2
2525.224,3635.427,107.2070,100.000,23812.9
2525.724,3635.625,107.2270,100.000,23804.6
2525.725,3635.824,107.2212,100.000,23807.0
2525.725,3636.024,107.2329,100.000,23802.2
2526.224,3636.223,107.2412,100.000,23798.8
2526.224,3636.422,107.2492,100.000,23795.4
2526.724,3636.621,107.2612,100.000,23790.5
2526.724,3636.820,107.2724,100.000,23785.9
2526.724,3637.019,107.2754,100.000,23784.6
2527.224,3637.220,107.2853,100.000,23780.5
2527.225,3637.418,107.3081,100.000,23771.1
2527.225,3637.617,107.3296,100.000,23762.2
2527.724,3637.816,107.3431,100.000,23756.6
2527.725,3638.016,107.3462,100.000,23755.3
2528.224,3638.215,107.3488,100.000,23754.3
2528.225,3638.414,107.3490,100.000,23754.2
2528.225,3638.613,107.3468,100.000,23755.1
2528.724,3638.812,107.3607,100.000,23749.4
2528.724,3639.013,107.3786,100.000,23742.0
2529.224,3639.211,107.3823,100.000,23740.5
2529.225,3639.410,107.3765,100.000,23742.8
2529.225,3639.610,107.3752,100.000,23743.4
2529.724,3639.808,107.3792,100.000,23741.7
2529.725,3640.009,107.3805,100.000,23741.1
2530.224,3640.207,107.4025,100.000,23732.1
2530.225,3640.406,107.4111,100.000,23728.6
2530.225,3640.606,107.4204,100.000,23724.7
2530.724,3640.805,107.4342,100.000,23719.0
2530.725,3641.004,107.4386,100.000,23717.1
2531.224,3641.203,107.4487,100.000,23712.9
2531.225,3641.402,107.4342,100.000,23719.0
2531.225,3641.602,107.4461,100.000,23714.1
2531.724,3641.802,107.4504,100.000,23712.3
2531.725,3642.000,107.4585,100.000,23709.0
2532.224,3642.199,107.4590,100.000,23708.8
2532.224,3642.398,107.4606,100.000,23708.1
2532.224,3642.598,107.4450,100.000,23714.6
2532.724,3642.797,107.4380,100.000,23717.4
2532.724,3642.996,107.4458,100.000,23714.2
2533.224,3643.195,107.4478,100.000,23713.3
2533.224,3643.394,107.4600,100.000,23708.4
2533.224,3643.595,107.4754,100.000,23702.0
2533.724,3643.793,107.4849,100.000,23698.1
2533.724,3643.992,107.4775,100.000,23701.1
2534.224,3644.192,107.4806,100.000,23699.8
2534.225,3644.390,107.4899,100.000,23696.0
2534.225,3644.590,107.4922,100.000,23695.1
2534.724,3644.789,107.4881,100.000,23696.8
2534.725,3644.988,107.4868,100.000,23697.3
2535.224,3645.188,107.4761,100.000,23701.7
2535.225,3645.388,107.4806,100.000,23699.8
2535.225,3645.586,107.4831,100.000,23698.8
2535.724,3645.785,107.4824,100.000,23699.1
2535.724,3645.984,107.4936,100.000,23694.6
2536.224,3646.184,107.4868,100.000,23697.3
2536.225,3646.384,107.4849,100.000,23698.0
2536.225,3646.582,107.4894,100.000,23696.2
2536.724,3646.781,107.5015,100.000,23691.2
2536.725,3646.980,107.5076,100.000,23688.7
2537.224,3647.180,107.5130,100.000,23686.5
2537.224,3647.379,107.5256,100.000,23681.3
2537.224,3647.578,107.5176,100.000,23684.6
2537.724,3647.777,107.5142,100.000,23686.1
2537.725,3647.976,107.5176,100.000,23684.7
2538.224,3648.177,107.5190,100.000,23684.0
2538.225,3648.375,107.5316,100.000,23678.9
2538.225,3648.574,107.5244,100.000,23681.8
2538.724,3648.774,107.5312,100.000,23679.0
2538.725,3648.973,107.5524,100.000,23670.3
2539.224,3649.172,107.5426,100.000,23674.3
2539.224,3649.371,107.5438,100.000,23673.8
2539.224,3649.570,107.5592,100.000,23667.5
2539.724,3649.770,107.5562,100.000,23668.7
2539.725,3649.970,107.5635,100.000,23665.7
2540.224,3650.168,107.5635,100.000,23665.7
2540.224,3650.367,107.5754,100.000,23660.8
2540.224,3650.566,107.5843,100.000,23657.1
2540.724,3650.766,107.5824,100.000,23658.0
2540.724,3650.965,107.5837,100.000,23657.4
2541.224,3651.164,107.6006,100.000,23650.4
2541.225,3651.363,107.6040,100.000,23649.0
2541.225,3651.562,107.6118,100.000,23645.8
2541.724,3651.763,107.6211,100.000,23641.9
2541.724,3651.961,107.6172,100.000,23643.6
2542.224,3652.160,107.6296,100.000,23638.5
2542.224,3652.360,107.6284,100.000,23639.0
2542.224,3652.558,107.6330,100.000,23637.1
2542.724,3652.759,107.6405,100.000,23634.0
2542.724,3652.957,107.6378,100.000,23635.0
2543.224,3653.156,107.6460,100.000,23631.7
2543.224,3653.356,107.6602,100.000,23625.8
2543.225,3653.555,107.6616,100.000,23625.3
2543.723,3653.754,107.6610,100.000,23625.5
2543.723,3653.953,107.6650,100.000,23623.9
2544.224,3654.152,107.6663,100.000,23623.3
2544.224,3654.352,107.6782,100.000,23618.5
2544.224,3654.552,107.6815,100.000,23617.1
2544.723,3654.750,107.6875,100.000,23614.6
2544.723,3654.949,107.6890,100.000,23614.0
2545.224,3655.148,107.6964,100.000,23611.0
2545.225,3655.348,107.6955,100.000,23611.4
2545.225,3655.547,107.6992,100.000,23609.8
2545.724,3655.746,107.7148,100.000,23603.5
2545.725,3655.945,107.7181,100.000,23602.0
2546.224,3656.144,107.7192,100.000,23601.6
2546.225,3656.345,107.7241,100.000,23599.6
2546.225,3656.543,107.7272,100.000,23598.3
2546.724,3656.742,107.7334,100.000,23595.8
2546.725,3656.942,107.7398,100.000,23593.1
2547.224,3657.140,107.7388,100.000,23593.5
2547.225,3657.340,107.7510,100.000,23588.5
2547.225,3657.539,107.7620,100.000,23584.0
2547.724,3657.738,107.7679,100.000,23581.6
2547.724,3657.938,107.7674,100.000,23581.7
2548.224,3658.138,107.7720,100.000,23579.9
2548.225,3658.336,107.7842,100.000,23574.9
2548.225,3658.535,107.7847,100.000,23574.7
2548.724,3658.734,107.7858,100.000,23574.2
2548.725,3658.934,107.7874,100.000,23573.5
2549.224,3659.134,107.7961,100.000,23570.0
2549.225,3659.332,107.7992,100.000,23568.8
2549.225,3659.531,107.8086,100.000,23564.8
2549.724,3659.730,107.8047,100.000,23566.4
2549.725,3659.930,107.8079,100.000,23565.1
2550.224,3660.129,107.8182,100.000,23560.9
2550.225,3660.328,107.8159,100.000,23561.9
2550.225,3660.527,107.8218,100.000,23559.4
2550.724,3660.726,107.8141,100.000,23562.6
2550.725,3660.927,107.8184,100.000,23560.8
2551.224,3661.125,107.8345,100.000,23554.2
2551.225,3661.324,107.8395,100.000,23552.2
2551.225,3661.524,107.8398,100.000,23552.0
2551.724,3661.723,107.8506,100.000,23547.5
2551.724,3661.922,107.8623,100.000,23542.8
2552.223,3662.121,107.8633,100.000,23542.4
2552.224,3662.320,107.8755,100.000,23537.3
2552.224,3662.520,107.8652,100.000,23541.6
2552.724,3662.720,107.8838,100.000,23534.0
2552.725,3662.918,107.8952,100.000,23529.3
2552.725,3663.117,107.8877,100.000,23532.4
2553.224,3663.316,107.8981,100.000,23528.1
2553.224,3663.516,107.8937,100.000,23529.9
2553.724,3663.715,107.8983,100.000,23528.1
2553.724,3663.914,107.9058,100.000,23525.0
2553.725,3664.113,107.9194,100.000,23519.4
2554.223,3664.312,107.9167,100.000,23520.6
2554.224,3664.513,107.9185,100.000,23519.8
2554.724,3664.711,107.9391,100.000,23511.3
2554.724,3664.910,107.9443,100.000,23509.1
2554.725,3665.110,107.9507,100.000,23506.6
2555.224,3665.308,107.9536,100.000,23505.3
2555.225,3665.509,107.9678,100.000,23499.6
2555.724,3665.707,107.9632,100.000,23501.5
2555.725,3665.906,107.9699,100.000,23498.7
2555.725,3666.106,107.9814,100.000,23494.0
2556.224,3666.305,107.9814,100.000,23494.0
2556.224,3666.504,107.9907,100.000,23490.1
2556.724,3666.703,107.9927,100.000,23489.4
2556.725,3666.902,107.9976,100.000,23487.3
2556.725,3667.102,108.0063,100.000,23483.8
2557.224,3667.302,108.0122,100.000,23481.3
2557.224,3667.500,108.0161,100.000,23479.8
2557.724,3667.699,108.0112,100.000,23481.8
2557.725,3667.898,108.0086,100.000,23482.8
2557.725,3668.098,108.0249,100.000,23476.1
2558.224,3668.297,108.0312,100.000,23473.6
2558.225,3668.496,108.0327,100.000,23472.9
2558.724,3668.695,108.0451,100.000,23467.8
2558.725,3668.894,108.0501,100.000,23465.8
2558.725,3669.095,108.0588,100.000,23462.3
2559.224,3669.293,108.0718,100.000,23457.0
2559.225,3669.492,108.0806,100.000,23453.4
2559.724,3669.692,108.0854,100.000,23451.3
2559.724,3669.890,108.0874,100.000,23450.6
2559.724,3670.090,108.0666,100.000,23459.0
2560.224,3670.289,108.0632,100.000,23460.5
2560.225,3670.488,108.0693,100.000,23457.9
2560.724,3670.688,108.0874,100.000,23450.6
2560.725,3670.888,108.0825,100.000,23452.5
2560.725,3671.086,108.0942,100.000,23447.8
2561.224,3671.285,108.1148,100.000,23439.4
2561.225,3671.484,108.1200,100.000,23437.2
2561.724,3671.684,108.1069,100.000,23442.6
2561.725,3671.884,108.1082,100.000,23442.0
2561.725,3672.082,108.1261,100.000,23434.7
2562.224,3672.281,108.1294,100.000,23433.4
2562.224,3672.482,108.1364,100.000,23430.5
2562.724,3672.680,108.1473,100.000,23426.0
2562.724,3672.879,108.1361,100.000,23430.6
2562.725,3673.078,108.1160,100.000,23438.8
2563.224,3673.277,108.1094,100.000,23441.6
2563.224,3673.476,108.1226,100.000,23436.2
2563.724,3673.677,108.1348,100.000,23431.1
2563.724,3673.875,108.1465,100.000,23426.4
2563.724,3674.074,108.1440,100.000,23427.4
2564.224,3674.274,108.1556,100.000,23422.7
2564.225,3674.473,108.1387,100.000,23429.5
2564.724,3674.672,108.1416,100.000,23428.3
2564.724,3674.871,108.1484,100.000,23425.5
2564.724,3675.070,108.1545,100.000,23423.1
2565.224,3675.270,108.1408,100.000,23428.7
2565.224,3675.470,108.1401,100.000,23428.9
2565.724,3675.668,108.1414,100.000,23428.4
2565.724,3675.867,108.1522,100.000,23424.1
2565.724,3676.066,108.1657,100.000,23418.5
2566.223,3676.266,108.1640,100.000,23419.2
2566.224,3676.465,108.1768,100.000,23414.0
2566.723,3676.664,108.1986,100.000,23405.1
2566.723,3676.863,108.1992,100.000,23404.8
2566.723,3677.062,108.1978,100.000,23405.4
2567.224,3677.263,108.1989,100.000,23404.9
2567.224,3677.461,108.1968,100.000,23405.8
2567.724,3677.660,108.1872,100.000,23409.8
2567.724,3677.860,108.1942,100.000,23406.9
2567.724,3678.058,108.1982,100.000,23405.2
2568.224,3678.259,108.1990,100.000,23404.9
2568.224,3678.457,108.1953,100.000,23406.4
2568.724,3678.656,108.2041,100.000,23402.8
2568.724,3678.856,108.1982,100.000,23405.1
2568.724,3679.055,108.2072,100.000,23401.6
2569.224,3679.254,108.2008,100.000,23404.1
2569.225,3679.453,108.2209,100.000,23395.9
2569.724,3679.652,108.2212,100.000,23395.8
2569.724,3679.852,108.2275,100.000,23393.3
2569.725,3680.052,108.2270,100.000,23393.5
2570.224,3680.250,108.2295,100.000,23392.5
2570.225,3680.449,108.2362,100.000,23389.7
2570.724,3680.648,108.2490,100.000,23384.4
2570.724,3680.848,108.2480,100.000,23384.9
2570.725,3681.047,108.2461,100.000,23385.6
2571.224,3681.246,108.2573,100.000,23381.0
2571.224,3681.446,108.2583,100.000,23380.7
2571.724,3681.644,108.2700,100.000,23375.9
2571.725,3681.845,108.2746,100.000,23374.0
2571.725,3682.043,108.2917,100.000,23367.0
2572.224,3682.242,108.3032,100.000,23362.3
2572.224,3682.442,108.3203,100.000,23355.3
2572.724,3682.640,108.3247,100.000,23353.6
2572.725,3682.840,108.3291,100.000,23351.8
2572.725,3683.039,108.3272,100.000,23352.6
2573.224,3683.238,108.3402,100.000,23347.3
2573.224,3683.438,108.3432,100.000,23346.0
2573.724,3683.637,108.3462,100.000,23344.7
2573.724,3683.836,108.3439,100.000,23345.8
2573.724,3684.035,108.3454,100.000,23345.1
2574.224,3684.234,108.3488,100.000,23343.8
2574.224,3684.433,108.3428,100.000,23346.2
2574.724,3684.634,108.3452,100.000,23345.2
2574.724,3684.832,108.3485,100.000,23343.9
2574.724,3685.031,108.3467,100.000,23344.6
2575.224,3685.230,108.3543,100.000,23341.5
2575.224,3685.430,108.3577,100.000,23340.1
2575.724,3685.629,108.3677,100.000,23336.0
2575.724,3685.828,108.3799,100.000,23331.0
2575.724,3686.027,108.3822,100.000,23330.1
2576.224,3686.226,108.3740,100.000,23333.5
2576.225,3686.427,108.3724,100.000,23334.2
2576.724,3686.625,108.3700,100.000,23335.1
2576.724,3686.824,108.3740,100.000,23333.4
2576.724,3687.024,108.3680,100.000,23335.9
2577.224,3687.223,108.3721,100.000,23334.2
2577.224,3687.422,108.3763,100.000,23332.5
2577.724,3687.621,108.3814,100.000,23330.4
2577.724,3687.820,108.3875,100.000,23328.0
2577.724,3688.020,108.3862,100.000,23328.4
2578.224,3688.220,108.3896,100.000,23327.1
2578.225,3688.418,108.3980,100.000,23323.7
2578.225,3688.617,108.4014,100.000,23322.3
2578.724,3688.816,108.4004,100.000,23322.8
2578.724,3689.016,108.3980,100.000,23323.7
2579.223,3689.215,108.4088,100.000,23319.3
2579.224,3689.414,108.4062,100.000,23320.3
2579.224,3689.613,108.4038,100.000,23321.3
2579.724,3689.812,108.4134,100.000,23317.4
2579.724,3690.013,108.4188,100.000,23315.2
2580.224,3690.211,108.4184,100.000,23315.3
2580.224,3690.410,108.4315,100.000,23310.0
2580.224,3690.610,108.4272,100.000,23311.8
2580.724,3690.808,108.4347,100.000,23308.7
2580.724,3691.009,108.4362,100.000,23308.1
2581.224,3691.207,108.4409,100.000,23306.2
2581.224,3691.406,108.4394,100.000,23306.8
2581.224,3691.606,108.4416,100.000,23306.0
2581.724,3691.805,108.4424,100.000,23305.6
2581.724,3692.004,108.4427,100.000,23305.4
2582.224,3692.203,108.4399,100.000,23306.6
2582.224,3692.402,108.4466,100.000,23303.8
2582.224,3692.602,108.4507,100.000,23302.3
2582.724,3692.802,108.4536,100.000,23301.0
2582.724,3693.000,108.4574,100.000,23299.5
2583.224,3693.199,108.4507,100.000,23302.3
2583.225,3693.398,108.4616,100.000,23297.8
2583.225,3693.598,108.4574,100.000,23299.5
2583.724,3693.797,108.4691,100.000,23294.7
2583.724,3693.996,108.4687,100.000,23294.8
2584.224,3694.195,108.4811,100.000,23289.8
2584.224,3694.394,108.4844,100.000,23288.5
2584.224,3694.594,108.4920,100.000,23285.4
2584.724,3694.793,108.4958,100.000,23283.8
2584.724,3694.992,108.5049,100.000,23280.2
2585.224,3695.192,108.5052,100.000,23280.0
2585.224,3695.390,108.5153,100.000,23275.8
2585.224,3695.590,108.5151,100.000,23276.0
2585.724,3695.789,108.5220,100.000,23273.2
2585.724,3695.988,108.5314,100.000,23269.3
2586.224,3696.188,108.5314,100.000,23269.4
2586.224,3696.387,108.5389,100.000,23266.3
2586.224,3696.586,108.5408,100.000,23265.5
2586.724,3696.785,108.5425,100.000,23264.8
2586.724,3696.984,108.5405,100.000,23265.7
2587.224,3697.184,108.5519,100.000,23261.0
2587.224,3697.384,108.5508,100.000,23261.5
2587.225,3697.582,108.5527,100.000,23260.7
2587.724,3697.781,108.5545,100.000,23260.0
2587.725,3697.980,108.5562,100.000,23259.4
2588.224,3698.180,108.5692,100.000,23254.0
2588.225,3698.379,108.5644,100.000,23255.9
2588.225,3698.578,108.5705,100.000,23253.5
2588.724,3698.777,108.5648,100.000,23255.8
2588.725,3698.976,108.5772,100.000,23250.8
2589.224,3699.177,108.5711,100.000,23253.2
2589.225,3699.375,108.5765,100.000,23251.0
2589.225,3699.574,108.5810,100.000,23249.2
2589.723,3699.774,108.5892,100.000,23245.9
2589.724,3699.973,108.5801,100.000,23249.6
2590.224,3700.172,108.5830,100.000,23248.3
2590.224,3700.371,108.5869,100.000,23246.7
2590.224,3700.570,108.5846,100.000,23247.7
2590.724,3700.770,108.5934,100.000,23244.1
2590.724,3700.970,108.5900,100.000,23245.5
2591.224,3701.168,108.5903,100.000,23245.4
2591.224,3701.367,108.5957,100.000,23243.2
2591.224,3701.566,108.5959,100.000,23243.1
2591.724,3701.766,108.5973,100.000,23242.6
2591.724,3701.965,108.5982,100.000,23242.2
2592.223,3702.164,108.5986,100.000,23242.0
2592.224,3702.363,108.6046,100.000,23239.5
2592.224,3702.562,108.6027,100.000,23240.4
2592.723,3702.763,108.6131,100.000,23236.1
2592.723,3702.961,108.5973,100.000,23242.6
2593.224,3703.160,108.6020,100.000,23240.7
2593.224,3703.360,108.6128,100.000,23236.3
2593.224,3703.558,108.6090,100.000,23237.8
2593.724,3703.759,108.6079,100.000,23238.3
2593.725,3703.957,108.6138,100.000,23235.8
2594.224,3704.156,108.6229,100.000,23232.2
2594.224,3704.356,108.6182,100.000,23234.1
2594.224,3704.555,108.6183,100.000,23234.0
2594.724,3704.754,108.6185,100.000,23234.0
2594.724,3704.953,108.6221,100.000,23232.5
2595.224,3705.152,108.6299,100.000,23229.3
2595.224,3705.352,108.6282,100.000,23230.0
2595.224,3705.552,108.6284,100.000,23229.9
2595.724,3705.750,108.6320,100.000,23228.4
2595.725,3705.949,108.6315,100.000,23228.7
2596.224,3706.148,108.6268,100.000,23230.6
2596.224,3706.348,108.6312,100.000,23228.8
2596.224,3706.547,108.6393,100.000,23225.5
2596.724,3706.746,108.6357,100.000,23227.0
2596.724,3706.945,108.6375,100.000,23226.2
2597.224,3707.144,108.6445,100.000,23223.3
2597.225,3707.345,108.6421,100.000,23224.4
2597.225,3707.543,108.6450,100.000,23223.1
2597.724,3707.742,108.6530,100.000,23219.9
2597.724,3707.942,108.6440,100.000,23223.6
2598.224,3708.140,108.6484,100.000,23221.8
2598.224,3708.340,108.6473,100.000,23222.3
2598.224,3708.539,108.6514,100.000,23220.6
2598.724,3708.738,108.6473,100.000,23222.2
2598.724,3708.938,108.6600,100.000,23217.1
2599.224,3709.138,108.6590,100.000,23217.5
2599.225,3709.336,108.6621,100.000,23216.2
2599.225,3709.535,108.6597,100.000,23217.2
2599.724,3709.734,108.6608,100.000,23216.7
2599.724,3709.934,108.6670,100.000,23214.2
2600.224,3710.134,108.6667,100.000,23214.4
2600.224,3710.332,108.6735,100.000,23211.6
2600.224,3710.531,108.6691,100.000,23213.3
2600.724,3710.730,108.6740,100.000,23211.4
2600.724,3710.930,108.6685,100.000,23213.6
2601.224,3711.129,108.6754,100.000,23210.8
2601.224,3711.328,108.6722,100.000,23212.1
2601.224,3711.527,108.6787,100.000,23209.4
2601.724,3711.726,108.6829,100.000,23207.7
2601.724,3711.927,108.6855,100.000,23206.7
2602.224,3712.125,108.6838,100.000,23207.4
2602.224,3712.324,108.6852,100.000,23206.8
2602.224,3712.524,108.6938,100.000,23203.3
2602.724,3712.723,108.6904,100.000,23204.7
2602.724,3712.922,108.6924,100.000,23203.9
2603.224,3713.121,108.6922,100.000,23204.0
2603.224,3713.322,108.7005,100.000,23200.6
2603.224,3713.520,108.7075,100.000,23197.7
2603.724,3713.720,108.7021,100.000,23199.9
2603.724,3713.918,108.7054,100.000,23198.6
2603.724,3714.117,108.7119,100.000,23196.0
2604.224,3714.316,108.7048,100.000,23198.9
2604.224,3714.516,108.7132,100.000,23195.5
2604.724,3714.715,108.7163,100.000,23194.2
2604.724,3714.914,108.7108,100.000,23196.5
2604.724,3715.113,108.7226,100.000,23191.7
2605.224,3715.312,108.7205,100.000,23192.5
2605.225,3715.513,108.7270,100.000,23189.9
2605.724,3715.711,108.7305,100.000,23188.5
2605.724,3715.910,108.7207,100.000,23192.5
2605.724,3716.110,108.7256,100.000,23190.5
2606.223,3716.308,108.7266,100.000,23190.0
2606.223,3716.509,108.7282,100.000,23189.4
2606.723,3716.707,108.7324,100.000,23187.7
2606.723,3716.906,108.7319,100.000,23187.9
2606.723,3717.106,108.7360,100.000,23186.2
2607.224,3717.305,108.7360,100.000,23186.2
2607.225,3717.504,108.7391,100.000,23185.0
2607.723,3717.703,108.7354,100.000,23186.4
2607.724,3717.902,108.7461,100.000,23182.1
2607.724,3718.102,108.7384,100.000,23185.2
2608.224,3718.302,108.7407,100.000,23184.4
2608.224,3718.500,108.7469,100.000,23181.8
2608.723,3718.699,108.7476,100.000,23181.5
2608.723,3718.898,108.7466,100.000,23182.0
2608.723,3719.098,108.7564,100.000,23177.9
2609.223,3719.297,108.7515,100.000,23179.9
2609.224,3719.496,108.7531,100.000,23179.3
2609.724,3719.695,108.7604,100.000,23176.3
2609.724,3719.894,108.7564,100.000,23178.0
2609.724,3720.095,108.7651,100.000,23174.4
2610.223,3720.293,108.7712,100.000,23172.0
2610.224,3720.492,108.7705,100.000,23172.2
2610.724,3720.692,108.7736,100.000,23170.9
2610.724,3720.890,108.7687,100.000,23172.9
2610.724,3721.090,108.7664,100.000,23173.9
2611.224,3721.289,108.7676,100.000,23173.4
2611.225,3721.488,108.7754,100.000,23170.3
2611.724,3721.688,108.7733,100.000,23171.1
2611.724,3721.888,108.7808,100.000,23168.1
2611.724,3722.086,108.7803,100.000,23168.2
2612.224,3722.285,108.7808,100.000,23168.0
2612.224,3722.484,108.7814,100.000,23167.8
2612.724,3722.684,108.7770,100.000,23169.6
2612.724,3722.884,108.7946,100.000,23162.4
2612.724,3723.082,108.7843,100.000,23166.6
2613.224,3723.281,108.7874,100.000,23165.4
2613.224,3723.480,108.7809,100.000,23168.0
2613.724,3723.680,108.7894,100.000,23164.6
2613.724,3723.879,108.7974,100.000,23161.3
2613.724,3724.078,108.7988,100.000,23160.8
2614.224,3724.277,108.7889,100.000,23164.8
2614.224,3724.476,108.7949,100.000,23162.3
2614.724,3724.677,108.7900,100.000,23164.2
2614.724,3724.875,108.7993,100.000,23160.5
2614.724,3725.074,108.8055,100.000,23158.0
2615.223,3725.274,108.8083,100.000,23156.9
2615.224,3725.472,108.8039,100.000,23158.7
2615.723,3725.672,108.8125,100.000,23155.2
2615.723,3725.871,108.8162,100.000,23153.6
2615.724,3726.070,108.8169,100.000,23153.4
2616.223,3726.270,108.8162,100.000,23153.7
2616.223,3726.470,108.8266,100.000,23149.5
2616.724,3726.668,108.8162,100.000,23153.7
2616.724,3726.867,108.8180,100.000,23153.0
2616.724,3727.066,108.8267,100.000,23149.4
2617.224,3727.266,108.8265,100.000,23149.5
2617.225,3727.465,108.8255,100.000,23149.9
2617.724,3727.664,108.8309,100.000,23147.7
2617.725,3727.863,108.8296,100.000,23148.3
2617.725,3728.062,108.8428,100.000,23143.0
2618.224,3728.263,108.8438,100.000,23142.5
2618.225,3728.461,108.8488,100.000,23140.5
2618.724,3728.660,108.8574,100.000,23137.0
2618.725,3728.860,108.8551,100.000,23137.9
2618.725,3729.058,108.8455,100.000,23141.8
2619.224,3729.259,108.8546,100.000,23138.1
2619.224,3729.457,108.8690,100.000,23132.3
2619.724,3729.656,108.8644,100.000,23134.2
2619.724,3729.856,108.8696,100.000,23132.0
2619.724,3730.055,108.8641,100.000,23134.3
2620.224,3730.254,108.8701,100.000,23131.9
2620.224,3730.453,108.8706,100.000,23131.6
2620.724,3730.652,108.8742,100.000,23130.2
2620.725,3730.852,108.8701,100.000,23131.9
2620.725,3731.052,108.8690,100.000,23132.3
2621.224,3731.250,108.8787,100.000,23128.4
2621.224,3731.449,108.8765,100.000,23129.3
2621.724,3731.648,108.8818,100.000,23127.1
2621.725,3731.848,108.8716,100.000,23131.2
2621.725,3732.047,108.8818,100.000,23127.1
2622.224,3732.246,108.8867,100.000,23125.1
2622.225,3732.445,108.8885,100.000,23124.4
2622.724,3732.644,108.8931,100.000,23122.5
2622.724,3732.845,108.8869,100.000,23125.1
2622.724,3733.043,108.8922,100.000,23122.9
2623.224,3733.242,108.8965,100.000,23121.1
2623.225,3733.442,108.8885,100.000,23124.4
2623.724,3733.640,108.8924,100.000,23122.8
2623.725,3733.840,108.8994,100.000,23119.9
2623.725,3734.039,108.9018,100.000,23118.9
2624.224,3734.238,108.8960,100.000,23121.3
2624.224,3734.438,108.9072,100.000,23116.8
2624.724,3734.638,108.9043,100.000,23117.9
2624.724,3734.836,108.9076,100.000,23116.6
2624.724,3735.035,108.9004,100.000,23119.5
2625.224,3735.234,108.9056,100.000,23117.5
2625.224,3735.434,108.9076,100.000,23116.7
2625.724,3735.634,108.9085,100.000,23116.3
2625.725,3735.832,108.9136,100.000,23114.2
2625.725,3736.031,108.9128,100.000,23114.6
2626.224,3736.230,108.9100,100.000,23115.7
2626.225,3736.430,108.9184,100.000,23112.2
2626.724,3736.629,108.9165,100.000,23113.1
2626.724,3736.828,108.9180,100.000,23112.4
2626.724,3737.027,108.9235,100.000,23110.2
2627.224,3737.226,108.9160,100.000,23113.3
2627.224,3737.427,108.9219,100.000,23110.8
2627.724,3737.625,108.9160,100.000,23113.3
2627.725,3737.824,108.9219,100.000,23110.9
2627.725,3738.023,108.9183,100.000,23112.3
2628.223,3738.223,108.9206,100.000,23111.3
2628.224,3738.422,108.9209,100.000,23111.3
2628.724,3738.621,108.9261,100.000,23109.1
2628.725,3738.820,108.9310,100.000,23107.2
2628.725,3739.020,108.9289,100.000,23108.0
2629.224,3739.220,108.9282,100.000,23108.3
2629.224,3739.418,108.9318,100.000,23106.8
2629.225,3739.617,108.9331,100.000,23106.3
2629.724,3739.816,108.9303,100.000,23107.5
2629.725,3740.016,108.9341,100.000,23106.0
2630.224,3740.215,108.9424,100.000,23102.6
2630.225,3740.414,108.9396,100.000,23103.6
2630.225,3740.613,108.9427,100.000,23102.4
2630.724,3740.812,108.9396,100.000,23103.7
2630.724,3741.013,108.9429,100.000,23102.3
2631.224,3741.211,108.9362,100.000,23105.1
2631.225,3741.410,108.9416,100.000,23102.9
2631.225,3741.610,108.9373,100.000,23104.6
2631.724,3741.808,108.9411,100.000,23103.1
2631.724,3742.009,108.9505,100.000,23099.3
2632.223,3742.207,108.9518,100.000,23098.7
2632.224,3742.406,108.9385,100.000,23104.1
2632.224,3742.606,108.9456,100.000,23101.3
2632.724,3742.805,108.9520,100.000,23098.7
2632.724,3743.004,108.9500,100.000,23099.6
2633.223,3743.203,108.9554,100.000,23097.3
2633.224,3743.402,108.9510,100.000,23099.1
2633.224,3743.602,108.9570,100.000,23096.7
2633.724,3743.802,108.9554,100.000,23097.3
2633.724,3744.000,108.9543,100.000,23097.8
2634.224,3744.199,108.9578,100.000,23096.3
2634.224,3744.398,108.9541,100.000,23097.8
2634.224,3744.598,108.9629,100.000,23094.3
2634.724,3744.797,108.9653,100.000,23093.3
2634.724,3744.996,108.9609,100.000,23095.1
2635.224,3745.195,108.9619,100.000,23094.6
2635.224,3745.394,108.9570,100.000,23096.7
2635.224,3745.595,108.9683,100.000,23092.1
2635.724,3745.793,108.9683,100.000,23092.1
2635.724,3745.992,108.9635,100.000,23094.0
2636.224,3746.191,108.9712,100.000,23090.9
2636.224,3746.390,108.9759,100.000,23089.0
2636.225,3746.590,108.9704,100.000,23091.2
2636.724,3746.789,108.9725,100.000,23090.4
2636.724,3746.988,108.9728,100.000,23090.2
2637.224,3747.188,108.9741,100.000,23089.7
2637.224,3747.388,108.9707,100.000,23091.1
2637.224,3747.586,108.9780,100.000,23088.1
2637.724,3747.785,108.9805,100.000,23087.2
2637.725,3747.984,108.9810,100.000,23087.0
2638.224,3748.184,108.9728,100.000,23090.3
2638.225,3748.384,108.9810,100.000,23087.0
2638.225,3748.582,108.9811,100.000,23086.9
2638.724,3748.781,108.9857,100.000,23085.1
2638.724,3748.980,108.9845,100.000,23085.5
2639.224,3749.180,108.9845,100.000,23085.5
2639.224,3749.379,108.9774,100.000,23088.4
2639.224,3749.578,108.9819,100.000,23086.6
2639.723,3749.777,108.9777,100.000,23088.3
2639.723,3749.976,108.9824,100.000,23086.4
2640.224,3750.177,108.9857,100.000,23085.1
2640.224,3750.375,108.9868,100.000,23084.6
2640.224,3750.574,108.9875,100.000,23084.3
2640.723,3750.774,108.9909,100.000,23082.9
2640.724,3750.973,108.9854,100.000,23085.2
2641.224,3751.172,108.9878,100.000,23084.2
2641.224,3751.371,108.9922,100.000,23082.4
2641.224,3751.570,108.9901,100.000,23083.3
2641.724,3751.770,108.9912,100.000,23082.8
2641.725,3751.970,108.9985,100.000,23079.8
2642.224,3752.168,108.9984,100.000,23080.0
2642.225,3752.367,108.9930,100.000,23082.1
2642.225,3752.566,108.9901,100.000,23083.3
2642.724,3752.766,108.9927,100.000,23082.2
2642.724,3752.965,109.0020,100.000,23078.5
2643.224,3753.164,108.9961,100.000,23080.8
2643.224,3753.363,108.9919,100.000,23082.5
2643.224,3753.562,108.9976,100.000,23080.3
2643.724,3753.763,108.9985,100.000,23079.8
2643.724,3753.961,108.9976,100.000,23080.3
2644.224,3754.160,109.0085,100.000,23075.8
2644.225,3754.360,109.0028,100.000,23078.2
2644.225,3754.558,109.0028,100.000,23078.1
2644.724,3754.759,108.9998,100.000,23079.3
2644.725,3754.957,108.9979,100.000,23080.1
2645.224,3755.156,109.0010,100.000,23078.9
2645.224,3755.356,108.9990,100.000,23079.7
2645.224,3755.555,108.9964,100.000,23080.7
2645.724,3755.754,109.0023,100.000,23078.3
2645.725,3755.953,108.9967,100.000,23080.6
2646.224,3756.152,109.0000,100.000,23079.3
2646.225,3756.352,109.0028,100.000,23078.1
2646.225,3756.552,108.9935,100.000,23081.9
2646.724,3756.750,108.9969,100.000,23080.5
2646.724,3756.949,108.9995,100.000,23079.5
2647.224,3757.148,108.9985,100.000,23079.8
2647.224,3757.348,108.9994,100.000,23079.6
2647.224,3757.547,108.9995,100.000,23079.5
2647.724,3757.746,109.0058,100.000,23076.9
2647.725,3757.945,108.9967,100.000,23080.6
2648.224,3758.144,108.9909,100.000,23082.9
2648.225,3758.345,108.9964,100.000,23080.7
2648.225,3758.543,108.9979,100.000,23080.1
2648.724,3758.742,108.9904,100.000,23083.1
2648.725,3758.942,108.9907,100.000,23083.0
2649.224,3759.140,108.9951,100.000,23081.2
2649.225,3759.340,108.9961,100.000,23080.9
2649.225,3759.539,108.9987,100.000,23079.8
2649.724,3759.738,108.9995,100.000,23079.5
2649.724,3759.937,108.9971,100.000,23080.4
2650.224,3760.138,108.9912,100.000,23082.8
2650.224,3760.336,108.9941,100.000,23081.7
2650.224,3760.535,108.9948,100.000,23081.4
2650.724,3760.734,108.9884,100.000,23083.9
2650.724,3760.934,108.9927,100.000,23082.3
2651.224,3761.134,108.9920,100.000,23082.5
2651.225,3761.332,108.9875,100.000,23084.3
2651.225,3761.531,108.9878,100.000,23084.2
2651.724,3761.730,108.9818,100.000,23086.7
2651.724,3761.930,108.9863,100.000,23084.8
2652.223,3762.129,108.9901,100.000,23083.3
2652.224,3762.328,108.9839,100.000,23085.8
2652.224,3762.527,108.9782,100.000,23088.1
2652.724,3762.726,108.9805,100.000,23087.2
2652.724,3762.927,108.9842,100.000,23085.7
2653.224,3763.125,108.9834,100.000,23086.0
2653.224,3763.324,108.9834,100.000,23085.9
2653.224,3763.524,108.9834,100.000,23086.0
2653.724,3763.723,108.9800,100.000,23087.5
2653.725,3763.922,108.9844,100.000,23085.6
2654.224,3764.121,108.9800,100.000,23087.4
2654.225,3764.320,108.9829,100.000,23086.2
2654.225,3764.520,108.9726,100.000,23090.4
2654.724,3764.720,108.9722,100.000,23090.6
2654.725,3764.918,108.9744,100.000,23089.6
2654.725,3765.117,108.9766,100.000,23088.7
2655.224,3765.316,108.9790,100.000,23087.7
2655.224,3765.516,108.9754,100.000,23089.2
2655.724,3765.714,108.9700,100.000,23091.4
2655.725,3765.914,108.9796,100.000,23087.5
2655.725,3766.113,108.9702,100.000,23091.3
2656.224,3766.312,108.9756,100.000,23089.2
2656.224,3766.513,108.9717,100.000,23090.7
2656.724,3766.711,108.9736,100.000,23089.9
2656.724,3766.910,108.9702,100.000,23091.3
2656.724,3767.110,108.9730,100.000,23090.2
2657.224,3767.308,108.9687,100.000,23091.9
2657.224,3767.509,108.9702,100.000,23091.3
2657.724,3767.707,108.9663,100.000,23093.0
2657.724,3767.906,108.9598,100.000,23095.5
2657.724,3768.106,108.9673,100.000,23092.6
2658.224,3768.305,108.9681,100.000,23092.2
2658.224,3768.504,108.9681,100.000,23092.1
2658.724,3768.703,108.9590,100.000,23095.8
2658.724,3768.902,108.9614,100.000,23094.9
2658.724,3769.102,108.9644,100.000,23093.6
2659.224,3769.302,108.9564,100.000,23097.0
2659.224,3769.500,108.9601,100.000,23095.4
2659.724,3769.699,108.9592,100.000,23095.8
2659.725,3769.898,108.9565,100.000,23096.8
2659.725,3770.098,108.9560,100.000,23097.0
2660.224,3770.297,108.9642,100.000,23093.8
2660.224,3770.496,108.9619,100.000,23094.7
2660.724,3770.695,108.9609,100.000,23095.1
2660.724,3770.894,108.9565,100.000,23096.8
2660.724,3771.095,108.9640,100.000,23093.8
2661.224,3771.293,108.9556,100.000,23097.2
2661.224,3771.492,108.9614,100.000,23094.8
2661.724,3771.692,108.9489,100.000,23099.9
2661.724,3771.890,108.9666,100.000,23092.8
2661.724,3772.090,108.9593,100.000,23095.7
2662.224,3772.289,108.9510,100.000,23099.1
2662.224,3772.488,108.9616,100.000,23094.8
2662.724,3772.688,108.9523,100.000,23098.5
2662.724,3772.887,108.9533,100.000,23098.1
2662.724,3773.086,108.9500,100.000,23099.5
2663.224,3773.285,108.9521,100.000,23098.7
2663.224,3773.484,108.9557,100.000,23097.2
2663.724,3773.684,108.9575,100.000,23096.5
2663.724,3773.884,108.9500,100.000,23099.6
2663.724,3774.082,108.9512,100.000,23099.0
2664.224,3774.281,108.9494,100.000,23099.8
2664.224,3774.480,108.9456,100.000,23101.2
2664.724,3774.680,108.9531,100.000,23098.3
2664.724,3774.879,108.9536,100.000,23098.0
2664.724,3775.078,108.9453,100.000,23101.3
2665.224,3775.277,108.9429,100.000,23102.4
2665.224,3775.476,108.9505,100.000,23099.3
2665.724,3775.677,108.9505,100.000,23099.3
2665.724,3775.875,108.9473,100.000,23100.6
2665.724,3776.074,108.9448,100.000,23101.6
2666.224,3776.273,108.9450,100.000,23101.5
2666.224,3776.473,108.9393,100.000,23103.8
2666.724,3776.672,108.9476,100.000,23100.5
2666.724,3776.871,108.9512,100.000,23099.1
2666.724,3777.070,108.9468,100.000,23100.8
2667.224,3777.270,108.9448,100.000,23101.6
2667.225,3777.470,108.9482,100.000,23100.2
2667.724,3777.668,108.9490,100.000,23099.8
2667.724,3777.867,108.9429,100.000,23102.4
2667.724,3778.066,108.9434,100.000,23102.2
2668.224,3778.266,108.9434,100.000,23102.2
2668.224,3778.465,108.9429,100.000,23102.4
2668.724,3778.664,108.9453,100.000,23101.4
2668.724,3778.863,108.9434,100.000,23102.1
2668.725,3779.062,108.9458,100.000,23101.2
2669.224,3779.263,108.9461,100.000,23101.1
2669.224,3779.461,108.9478,100.000,23100.4
2669.724,3779.660,108.9430,100.000,23102.3
2669.724,3779.860,108.9453,100.000,23101.4
2669.725,3780.058,108.9468,100.000,23100.8
2670.224,3780.259,108.9463,100.000,23101.0
2670.224,3780.457,108.9445,100.000,23101.8
2670.724,3780.656,108.9471,100.000,23100.7
2670.725,3780.856,108.9422,100.000,23102.6
2670.725,3781.055,108.9445,100.000,23101.7
2671.224,3781.254,108.9434,100.000,23102.1
2671.224,3781.453,108.9478,100.000,23100.4
2671.724,3781.652,108.9468,100.000,23100.8
2671.724,3781.852,108.9442,100.000,23101.9
2671.725,3782.052,108.9463,100.000,23100.9
2672.224,3782.250,108.9468,100.000,23100.8
2672.224,3782.449,108.9525,100.000,23098.5
2672.724,3782.648,108.9450,100.000,23101.5
2672.724,3782.848,108.9473,100.000,23100.6
2672.724,3783.047,108.9474,100.000,23100.5
2673.224,3783.246,108.9523,100.000,23098.5
2673.224,3783.445,108.9489,100.000,23100.0
2673.724,3783.644,108.9490,100.000,23099.8
2673.724,3783.845,108.9512,100.000,23099.0
2673.724,3784.043,108.9560,100.000,23097.1
2674.224,3784.242,108.9534,100.000,23098.1
2674.224,3784.442,108.9512,100.000,23099.0
2674.724,3784.640,108.9554,100.000,23097.3
2674.724,3784.840,108.9497,100.000,23099.6
2674.724,3785.039,108.9546,100.000,23097.6
2675.224,3785.238,108.9526,100.000,23098.4
2675.224,3785.438,108.9556,100.000,23097.2
2675.724,3785.637,108.9494,100.000,23099.8
2675.724,3785.836,108.9629,100.000,23094.3
2675.724,3786.035,108.9587,100.000,23096.0
2676.224,3786.234,108.9556,100.000,23097.2
2676.224,3786.433,108.9543,100.000,23097.8
2676.724,3786.634,108.9600,100.000,23095.4
2676.724,3786.832,108.9598,100.000,23095.5
2676.724,3787.031,108.9650,100.000,23093.4
2677.224,3787.230,108.9647,100.000,23093.5
2677.224,3787.430,108.9614,100.000,23094.9
2677.724,3787.629,108.9629,100.000,23094.3
2677.724,3787.828,108.9700,100.000,23091.4
2677.724,3788.027,108.9644,100.000,23093.6
2678.224,3788.226,108.9634,100.000,23094.1
2678.224,3788.427,108.9694,100.000,23091.7
2678.724,3788.625,108.9570,100.000,23096.6
2678.724,3788.824,108.9730,100.000,23090.2
2678.724,3789.023,108.9630,100.000,23094.2
2679.224,3789.223,108.9714,100.000,23090.9
2679.224,3789.422,108.9696,100.000,23091.6
2679.724,3789.621,108.9689,100.000,23091.8
2679.724,3789.820,108.9702,100.000,23091.3
2679.724,3790.020,108.9653,100.000,23093.2
2680.224,3790.220,108.9647,100.000,23093.5
2680.224,3790.418,108.9722,100.000,23090.5
2680.224,3790.617,108.9658,100.000,23093.2
2680.724,3790.816,108.9751,100.000,23089.4
2680.725,3791.016,108.9740,100.000,23089.8
2681.224,3791.215,108.9748,100.000,23089.5
2681.224,3791.414,108.9730,100.000,23090.2
2681.224,3791.613,108.9824,100.000,23086.4
2681.724,3791.812,108.9795,100.000,23087.5
2681.724,3792.013,108.9733,100.000,23090.0
2682.224,3792.211,108.9766,100.000,23088.7
2682.224,3792.410,108.9751,100.000,23089.3
2682.224,3792.610,108.9808,100.000,23087.1
2682.724,3792.808,108.9710,100.000,23091.0
2682.724,3793.009,108.9723,100.000,23090.4
2683.224,3793.207,108.9766,100.000,23088.8
2683.224,3793.406,108.9779,100.000,23088.2
2683.224,3793.606,108.9810,100.000,23086.9
2683.724,3793.805,108.9795,100.000,23087.6
2683.724,3794.004,108.9792,100.000,23087.7
2684.224,3794.203,108.9821,100.000,23086.5
2684.224,3794.402,108.9764,100.000,23088.8
2684.224,3794.602,108.9821,100.000,23086.5
2684.724,3794.802,108.9793,100.000,23087.6
2684.724,3795.000,108.9740,100.000,23089.8
2685.224,3795.199,108.9730,100.000,23090.2
2685.224,3795.398,108.9736,100.000,23090.0
2685.224,3795.598,108.9792,100.000,23087.7
2685.724,3795.797,108.9722,100.000,23090.5
2685.724,3795.996,108.9722,100.000,23090.6
2686.224,3796.195,108.9751,100.000,23089.3
2686.224,3796.394,108.9810,100.000,23087.0
2686.224,3796.595,108.9740,100.000,23089.8
2686.724,3796.793,108.9766,100.000,23088.8
2686.724,3796.992,108.9754,100.000,23089.2
2687.224,3797.192,108.9710,100.000,23091.0
2687.224,3797.390,108.9766,100.000,23088.8
2687.224,3797.590,108.9759,100.000,23089.0
2687.724,3797.789,108.9726,100.000,23090.3
2687.724,3797.988,108.9722,100.000,23090.5
2688.224,3798.188,108.9679,100.000,23092.2
2688.224,3798.388,108.9702,100.000,23091.3
2688.224,3798.586,108.9634,100.000,23094.1
2688.724,3798.785,108.9715,100.000,23090.8
2688.724,3798.984,108.9603,100.000,23095.3
2689.224,3799.184,108.9635,100.000,23094.0
2689.224,3799.384,108.9650,100.000,23093.4
2689.224,3799.582,108.9593,100.000,23095.7
2689.724,3799.781,108.9567,100.000,23096.8
2689.724,3799.980,108.9585,100.000,23096.0
2690.224,3800.180,108.9549,100.000,23097.5
2690.224,3800.379,108.9554,100.000,23097.3
2690.224,3800.578,108.9526,100.000,23098.4
2690.724,3800.777,108.9440,100.000,23101.9
2690.724,3800.976,108.9401,100.000,23103.5
2691.224,3801.177,108.9424,100.000,23102.6
2691.224,3801.375,108.9408,100.000,23103.3
2691.224,3801.574,108.9443,100.000,23101.8
2691.724,3801.773,108.9326,100.000,23106.6
2691.724,3801.973,108.9394,100.000,23103.8
2692.224,3802.172,108.9318,100.000,23106.9
2692.224,3802.371,108.9346,100.000,23105.7
2692.225,3802.570,108.9341,100.000,23105.9
2692.724,3802.770,108.9315,100.000,23107.0
2692.725,3802.970,108.9233,100.000,23110.2
2693.224,3803.168,108.9302,100.000,23107.5
2693.224,3803.367,108.9282,100.000,23108.3
2693.225,3803.566,108.9250,100.000,23109.6
2693.724,3803.766,108.9254,100.000,23109.4
2693.724,3803.965,108.9272,100.000,23108.7
2694.224,3804.164,108.9100,100.000,23115.7
2694.224,3804.363,108.9162,100.000,23113.2
2694.224,3804.562,108.9225,100.000,23110.6
2694.724,3804.763,108.9111,100.000,23115.2
2694.724,3804.961,108.9106,100.000,23115.4
2695.224,3805.160,108.9102,100.000,23115.6
2695.224,3805.360,108.9076,100.000,23116.6
2695.224,3805.558,108.9092,100.000,23116.0
2695.724,3805.759,108.9087,100.000,23116.3
2695.724,3805.957,108.9059,100.000,23117.4
2696.224,3806.156,108.9030,100.000,23118.5
2696.224,3806.356,108.9012,100.000,23119.2
2696.224,3806.555,108.9033,100.000,23118.3
2696.724,3806.754,108.8992,100.000,23120.0
2696.724,3806.953,108.8962,100.000,23121.3
2697.224,3807.152,108.8955,100.000,23121.6
2697.224,3807.352,108.8962,100.000,23121.2
2697.224,3807.552,108.8854,100.000,23125.6
2697.724,3807.750,108.8966,100.000,23121.0
2697.724,3807.949,108.8952,100.000,23121.7
2698.224,3808.148,108.8896,100.000,23124.0
2698.224,3808.348,108.8875,100.000,23124.8
2698.224,3808.547,108.8872,100.000,23124.9
2698.724,3808.746,108.8862,100.000,23125.3
2698.724,3808.945,108.8901,100.000,23123.8
2699.224,3809.144,108.8856,100.000,23125.6
2699.224,3809.345,108.8903,100.000,23123.6
2699.224,3809.543,108.8885,100.000,23124.4
2699.724,3809.742,108.8869,100.000,23125.0
2699.724,3809.942,108.8765,100.000,23129.3
2700.224,3810.140,108.8835,100.000,23126.5
2700.224,3810.340,108.8820,100.000,23127.1
2700.224,3810.539,108.8820,100.000,23127.0
2700.724,3810.738,108.8809,100.000,23127.5
2700.724,3810.938,108.8802,100.000,23127.8
2701.224,3811.138,108.8840,100.000,23126.2
2701.224,3811.336,108.8791,100.000,23128.2
2701.224,3811.535,108.8789,100.000,23128.3
2701.724,3811.734,108.8848,100.000,23125.9
2701.724,3811.934,108.8804,100.000,23127.7
2702.224,3812.132,108.8805,100.000,23127.6
2702.224,3812.332,108.8770,100.000,23129.1
2702.224,3812.531,108.8870,100.000,23125.0
2702.724,3812.730,108.8857,100.000,23125.5
2702.724,3812.930,108.8854,100.000,23125.6
2703.224,3813.129,108.8864,100.000,23125.2
2703.224,3813.328,108.8750,100.000,23129.8
2703.224,3813.527,108.8760,100.000,23129.4
2703.724,3813.726,108.8820,100.000,23127.1
2703.724,3813.926,108.8716,100.000,23131.2
2704.224,3814.125,108.8810,100.000,23127.4
2704.224,3814.324,108.8690,100.000,23132.3
2704.224,3814.524,108.8782,100.000,23128.6
2704.724,3814.723,108.8742,100.000,23130.2
2704.724,3814.922,108.8906,100.000,23123.5
2705.224,3815.121,108.8773,100.000,23128.9
2705.224,3815.320,108.8831,100.000,23126.6
2705.224,3815.520,108.8768,100.000,23129.2
2705.724,3815.720,108.8809,100.000,23127.4
2705.724,3815.918,108.8857,100.000,23125.4
2705.724,3816.117,108.8779,100.000,23128.7
2706.224,3816.316,108.8838,100.000,23126.3
2706.224,3816.516,108.8779,100.000,23128.7
2706.724,3816.715,108.8989,100.000,23120.2
2706.724,3816.914,108.8918,100.000,23123.0
2706.724,3817.113,108.8945,100.000,23122.0
2707.224,3817.312,108.8929,100.000,23122.7
2707.224,3817.513,108.8926,100.000,23122.8
2707.724,3817.711,108.8851,100.000,23125.8
2707.724,3817.910,108.8857,100.000,23125.5
2707.724,3818.110,108.8874,100.000,23124.9
2708.224,3818.308,108.8807,100.000,23127.6
2708.224,3818.509,108.8862,100.000,23125.3
2708.724,3818.707,108.8828,100.000,23126.7
2708.724,3818.906,108.8880,100.000,23124.6
2708.724,3819.106,108.8875,100.000,23124.8
2709.224,3819.305,108.8892,100.000,23124.2
2709.225,3819.504,108.8833,100.000,23126.5
2709.724,3819.703,108.8820,100.000,23127.0
2709.724,3819.902,108.8789,100.000,23128.3
2709.724,3820.102,108.8825,100.000,23126.8
2710.224,3820.302,108.8779,100.000,23128.6
2710.224,3820.500,108.8794,100.000,23128.1
2710.724,3820.699,108.8796,100.000,23128.0
2710.724,3820.898,108.8867,100.000,23125.1
2710.724,3821.098,108.8838,100.000,23126.2
2711.224,3821.297,108.8773,100.000,23128.9
2711.224,3821.496,108.8730,100.000,23130.7
2711.724,3821.695,108.8738,100.000,23130.3
2711.724,3821.894,108.8693,100.000,23132.2
2711.724,3822.095,108.8779,100.000,23128.7
2712.224,3822.293,108.8701,100.000,23131.8
2712.224,3822.492,108.8745,100.000,23130.0
2712.724,3822.692,108.8742,100.000,23130.2
2712.724,3822.890,108.8782,100.000,23128.6
2712.724,3823.090,108.8755,100.000,23129.7
2713.224,3823.289,108.8726,100.000,23130.9
2713.224,3823.488,108.8721,100.000,23131.1
2713.724,3823.688,108.8709,100.000,23131.5
2713.724,3823.888,108.7345,100.000,23186.8
2713.724,3824.086,108.7398,100.000,23184.7
2714.224,3824.285,108.7373,100.000,23185.7
2714.224,3824.484,108.7331,100.000,23187.4
2714.724,3824.684,108.7222,100.000,23191.8
2714.724,3824.884,108.7344,100.000,23186.9
2714.724,3825.082,108.7305,100.000,23188.5
2715.224,3825.281,108.7339,100.000,23187.0
2715.224,3825.480,108.7373,100.000,23185.7
2715.724,3825.680,108.7334,100.000,23187.3
2715.724,3825.879,108.7365,100.000,23186.0
2715.724,3826.078,108.7443,100.000,23182.8
2716.224,3826.277,108.7347,100.000,23186.8
2716.224,3826.476,108.7322,100.000,23187.8
2716.724,3826.677,108.7310,100.000,23188.3
2716.724,3826.875,108.7277,100.000,23189.6
2716.724,3827.074,108.7290,100.000,23189.0
2717.224,3827.274,108.7368,100.000,23185.8
2717.224,3827.473,108.7376,100.000,23185.6
2717.724,3827.672,108.7331,100.000,23187.4
2717.724,3827.871,108.7373,100.000,23185.7
2717.724,3828.070,108.7313,100.000,23188.1
2718.224,3828.270,108.7378,100.000,23185.5
2718.224,3828.470,108.7332,100.000,23187.3
2718.724,3828.668,108.7290,100.000,23189.1
2718.724,3828.867,108.7262,100.000,23190.2
2718.724,3829.066,108.7378,100.000,23185.5
2719.224,3829.266,108.7314,100.000,23188.0
2719.224,3829.468,108.7336,100.000,23187.1
2719.724,3829.664,108.7368,100.000,23185.9
2719.724,3829.863,108.7376,100.000,23185.6
2719.724,3830.062,108.7290,100.000,23189.1
2720.224,3830.262,108.7314,100.000,23188.1
2720.224,3830.461,108.7295,100.000,23188.9
2720.724,3830.660,108.7300,100.000,23188.7
2720.724,3830.860,108.7280,100.000,23189.5
2720.724,3831.058,108.7270,100.000,23189.9
2721.224,3831.258,108.7314,100.000,23188.1
2721.224,3831.457,108.7155,100.000,23194.5
2721.724,3831.656,108.7313,100.000,23188.1
2721.724,3831.856,108.7287,100.000,23189.2
2721.724,3832.055,108.7249,100.000,23190.7
2722.224,3832.254,108.7170,100.000,23194.0
2722.224,3832.453,108.7293,100.000,23189.0
2722.724,3832.652,108.7233,100.000,23191.4
2722.724,3832.852,108.7173,100.000,23193.7
2722.724,3833.052,108.7129,100.000,23195.6
2723.224,3833.250,108.7158,100.000,23194.4
2723.224,3833.449,108.7178,100.000,23193.6
2723.724,3833.648,108.7072,100.000,23197.9
2723.724,3833.848,108.7144,100.000,23195.0
2723.724,3834.047,108.7129,100.000,23195.6
2724.224,3834.246,108.7075,100.000,23197.8
2724.224,3834.445,108.7075,100.000,23197.8
2724.724,3834.644,108.7070,100.000,23198.0
2724.724,3834.845,108.7016,100.000,23200.2
2724.724,3835.043,108.7010,100.000,23200.4
2725.224,3835.242,108.7059,100.000,23198.5
2725.224,3835.442,108.6961,100.000,23202.4
2725.724,3835.640,108.6979,100.000,23201.7
2725.724,3835.840,108.6925,100.000,23203.9
2725.724,3836.039,108.6997,100.000,23200.9
2726.224,3836.238,108.6964,100.000,23202.2
2726.224,3836.438,108.6945,100.000,23203.0
2726.724,3836.637,108.6956,100.000,23202.6
2726.724,3836.836,108.6919,100.000,23204.2
2726.724,3837.035,108.6877,100.000,23205.8
2727.224,3837.234,108.6860,100.000,23206.5
2727.224,3837.433,108.6834,100.000,23207.6
2727.724,3837.634,108.6847,100.000,23207.0
2727.724,3837.832,108.6810,100.000,23208.5
2727.724,3838.031,108.6818,100.000,23208.2
2728.224,3838.230,108.6816,100.000,23208.2
2728.224,3838.430,108.6831,100.000,23207.7
2728.724,3838.629,108.6841,100.000,23207.3
2728.725,3838.828,108.6777,100.000,23209.9
2728.725,3839.027,108.6753,100.000,23210.9
2729.224,3839.226,108.6730,100.000,23211.8
2729.224,3839.427,108.6810,100.000,23208.6
2729.724,3839.625,108.6711,100.000,23212.6
2729.724,3839.824,108.6821,100.000,23208.0
2729.724,3840.023,108.6673,100.000,23214.1
2730.224,3840.223,108.6815,100.000,23208.4
2730.224,3840.422,108.6779,100.000,23209.8
2730.724,3840.621,108.6787,100.000,23209.5
2730.724,3840.820,108.6787,100.000,23209.4
2730.724,3841.020,108.6694,100.000,23213.2
2731.224,3841.220,108.6733,100.000,23211.7
2731.224,3841.418,108.6820,100.000,23208.2
2731.224,3841.617,108.6795,100.000,23209.1
2731.724,3841.816,108.6803,100.000,23208.8
2731.724,3842.016,108.6789,100.000,23209.4
2732.224,3842.215,108.6800,100.000,23209.0
2732.224,3842.414,108.6792,100.000,23209.3
2732.224,3842.613,108.6743,100.000,23211.2
2732.724,3842.812,108.6771,100.000,23210.1
2732.724,3843.013,108.6891,100.000,23205.2
2733.224,3843.211,108.6815,100.000,23208.4
2733.224,3843.410,108.6784,100.000,23209.6
2733.224,3843.610,108.6716,100.000,23212.4
2733.724,3843.808,108.6728,100.000,23211.9
2733.724,3844.009,108.6824,100.000,23208.0
2734.224,3844.207,108.6706,100.000,23212.8
2734.224,3844.406,108.6792,100.000,23209.2
2734.224,3844.606,108.6772,100.000,23210.1
2734.724,3844.805,108.6780,100.000,23209.8
2734.724,3845.004,108.6807,100.000,23208.7
2735.224,3845.203,108.6842,100.000,23207.2
2735.224,3845.402,108.6821,100.000,23208.1
2735.224,3845.602,108.6779,100.000,23209.8
2735.724,3845.802,108.6780,100.000,23209.8
2735.724,3846.000,108.6758,100.000,23210.7
2736.224,3846.199,108.6855,100.000,23206.7
2736.224,3846.398,108.6771,100.000,23210.1
2736.224,3846.598,108.6898,100.000,23204.9
2736.724,3846.797,108.6732,100.000,23211.7
2736.724,3846.996,108.6870,100.000,23206.1
2737.224,3847.195,108.6842,100.000,23207.2
2737.224,3847.394,108.6803,100.000,23208.8
2737.224,3847.595,108.6836,100.000,23207.5
2737.724,3847.793,108.6737,100.000,23211.6
2737.724,3847.992,108.6810,100.000,23208.6
2738.224,3848.192,108.6844,100.000,23207.2
2738.224,3848.390,108.6748,100.000,23211.1
2738.224,3848.590,108.6754,100.000,23210.7
2738.724,3848.789,108.6724,100.000,23212.1
2738.724,3848.988,108.6842,100.000,23207.2
2739.224,3849.188,108.6831,100.000,23207.6
2739.224,3849.388,108.6838,100.000,23207.4
2739.224,3849.586,108.6807,100.000,23208.7
2739.724,3849.785,108.6771,100.000,23210.1
2739.724,3849.984,108.6852,100.000,23206.8
2740.224,3850.184,108.6748,100.000,23211.1
2740.224,3850.384,108.6761,100.000,23210.6
2740.224,3850.582,108.6782,100.000,23209.7
2740.724,3850.781,108.6728,100.000,23211.8
2740.724,3850.980,108.6882,100.000,23205.6
2741.224,3851.180,108.6864,100.000,23206.4
2741.224,3851.379,108.6877,100.000,23205.9
2741.224,3851.578,108.6821,100.000,23208.0
2741.724,3851.777,108.6842,100.000,23207.2
2741.724,3851.976,108.6802,100.000,23208.9
2742.224,3852.177,108.6810,100.000,23208.6
2742.224,3852.375,108.6870,100.000,23206.1
2742.224,3852.574,108.6836,100.000,23207.5
2742.724,3852.773,108.6803,100.000,23208.8
2742.724,3852.973,108.6772,100.000,23210.0
2743.224,3853.172,108.6890,100.000,23205.4
2743.224,3853.371,108.6891,100.000,23205.2
2743.224,3853.570,108.6862,100.000,23206.5
2743.724,3853.770,108.6852,100.000,23206.9
2743.724,3853.970,108.6849,100.000,23207.0
2744.224,3854.168,108.6929,100.000,23203.8
2744.224,3854.367,108.6846,100.000,23207.1
2744.224,3854.566,108.6901,100.000,23204.8
2744.724,3854.766,108.6782,100.000,23209.7
2744.724,3854.965,108.6878,100.000,23205.8
2745.224,3855.164,108.6821,100.000,23208.0
2745.224,3855.363,108.6934,100.000,23203.5
2745.224,3855.562,108.6883,100.000,23205.6
2745.724,3855.763,108.6973,100.000,23202.0
2745.724,3855.961,108.6888,100.000,23205.4
2746.224,3856.160,108.6852,100.000,23206.8
2746.224,3856.360,108.6802,100.000,23208.9
2746.224,3856.558,108.6831,100.000,23207.7
2746.724,3856.759,108.6782,100.000,23209.7
2746.724,3856.957,108.6847,100.000,23207.0
2747.224,3857.156,108.6838,100.000,23207.4
2747.224,3857.355,108.6908,100.000,23204.6
2747.224,3857.555,108.6934,100.000,23203.6
2747.724,3857.754,108.6777,100.000,23209.9
2747.724,3857.953,108.6864,100.000,23206.3
2748.224,3858.152,108.6859,100.000,23206.6
2748.224,3858.352,108.6772,100.000,23210.1
2748.224,3858.552,108.6908,100.000,23204.6
2748.724,3858.750,108.6810,100.000,23208.5
2748.724,3858.949,108.6934,100.000,23203.5
2749.224,3859.148,108.6813,100.000,23208.4
2749.224,3859.348,108.6859,100.000,23206.6
2749.224,3859.547,108.6849,100.000,23207.0
2749.724,3859.746,108.6934,100.000,23203.5
2749.724,3859.945,108.6758,100.000,23210.6
2750.224,3860.144,108.6826,100.000,23207.9
2750.224,3860.345,108.6758,100.000,23210.6
2750.224,3860.543,108.6847,100.000,23207.0
2750.724,3860.742,108.6768,100.000,23210.2
2750.724,3860.941,108.6730,100.000,23211.8
2751.224,3861.140,108.6797,100.000,23209.1
2751.224,3861.340,108.6865,100.000,23206.2
2751.224,3861.539,108.6847,100.000,23207.0
2751.724,3861.738,108.6701,100.000,23213.0
2751.724,3861.938,108.6733,100.000,23211.7
2752.224,3862.138,108.6824,100.000,23208.0
2752.224,3862.336,108.6717,100.000,23212.4
2752.224,3862.535,108.6717,100.000,23212.4
2752.724,3862.734,108.6779,100.000,23209.8
2752.724,3862.934,108.6728,100.000,23211.9
2753.224,3863.134,108.6737,100.000,23211.5
2753.224,3863.332,108.6743,100.000,23211.3
2753.224,3863.531,108.6740,100.000,23211.4
2753.724,3863.730,108.6641,100.000,23215.4
2753.724,3863.930,108.6750,100.000,23211.0
2754.224,3864.129,108.6711,100.000,23212.6
2754.224,3864.328,108.6706,100.000,23212.8
2754.224,3864.527,108.6706,100.000,23212.7
2754.724,3864.726,108.6698,100.000,23213.1
2754.724,3864.927,108.6641,100.000,23215.4
2755.224,3865.125,108.6619,100.000,23216.3
2755.224,3865.324,108.6701,100.000,23213.0
2755.224,3865.524,108.6650,100.000,23215.1
2755.724,3865.723,108.6628,100.000,23215.9
2755.724,3865.922,108.6616,100.000,23216.4
2756.224,3866.121,108.6676,100.000,23213.9
2756.224,3866.320,108.6646,100.000,23215.2
2756.224,3866.520,108.6645,100.000,23215.3
2756.723,3866.720,108.6597,100.000,23217.2
2756.724,3866.918,108.6657,100.000,23214.7
2756.724,3867.117,108.6626,100.000,23216.0
2757.224,3867.316,108.6592,100.000,23217.4
2757.224,3867.516,108.6690,100.000,23213.4
2757.724,3867.715,108.6628,100.000,23215.9
2757.724,3867.914,108.6593,100.000,23217.3
2757.724,3868.113,108.6631,100.000,23215.8
2758.224,3868.312,108.6637,100.000,23215.6
2758.224,3868.513,108.6642,100.000,23215.3
2758.724,3868.711,108.6582,100.000,23217.8
2758.724,3868.910,108.6597,100.000,23217.2
2758.724,3869.110,108.6631,100.000,23215.8
2759.224,3869.308,108.6541,100.000,23219.4
2759.224,3869.509,108.6690,100.000,23213.4
2759.724,3869.707,108.6642,100.000,23215.4
2759.724,3869.906,108.6538,100.000,23219.6
2759.724,3870.106,108.6611,100.000,23216.6
2760.224,3870.305,108.6504,100.000,23221.0
2760.224,3870.504,108.6657,100.000,23214.7
2760.724,3870.703,108.6646,100.000,23215.2
2760.724,3870.902,108.6556,100.000,23218.9
2760.724,3871.102,108.6686,100.000,23213.6
2761.224,3871.302,108.6593,100.000,23217.3
2761.224,3871.500,108.6571,100.000,23218.3
2761.724,3871.699,108.6548,100.000,23219.1
2761.724,3871.898,108.6672,100.000,23214.2
2761.724,3872.098,108.6614,100.000,23216.5
2762.224,3872.297,108.6603,100.000,23216.9
2762.224,3872.496,108.6624,100.000,23216.1
2762.724,3872.695,108.6522,100.000,23220.2
2762.724,3872.894,108.6600,100.000,23217.1
2762.724,3873.095,108.6556,100.000,23218.8
2763.224,3873.293,108.6660,100.000,23214.7
2763.224,3873.492,108.6538,100.000,23219.6
2763.724,3873.692,108.6631,100.000,23215.8
2763.724,3873.890,108.6616,100.000,23216.4
2763.724,3874.090,108.6616,100.000,23216.4
2764.224,3874.289,108.6631,100.000,23215.9
2764.224,3874.488,108.6562,100.000,23218.7
2764.724,3874.688,108.6662,100.000,23214.5
2764.724,3874.888,108.6668,100.000,23214.3
2764.724,3875.086,108.6613,100.000,23216.5
2765.224,3875.285,108.6626,100.000,23216.0
2765.224,3875.484,108.6650,100.000,23215.1
2765.724,3875.684,108.6634,100.000,23215.7
2765.724,3875.882,108.6616,100.000,23216.4
2765.724,3876.082,108.6623,100.000,23216.1
2766.223,3876.281,108.6668,100.000,23214.3
2766.224,3876.480,108.6613,100.000,23216.6
2766.724,3876.680,108.6642,100.000,23215.3
2766.724,3876.879,108.6701,100.000,23213.0
2766.724,3877.078,108.6650,100.000,23215.1
2767.224,3877.277,108.6652,100.000,23215.0
2767.224,3877.476,108.6680,100.000,23213.9
2767.724,3877.677,108.6652,100.000,23214.9
2767.724,3877.875,108.6587,100.000,23217.6
2767.724,3878.074,108.6619,100.000,23216.3
2768.223,3878.273,108.6614,100.000,23216.5
2768.224,3878.473,108.6631,100.000,23215.8
2768.724,3878.672,108.6691,100.000,23213.3
2768.724,3878.871,108.6579,100.000,23217.9
2768.724,3879.070,108.6720,100.000,23212.2
2769.224,3879.270,108.6676,100.000,23213.9
2769.224,3879.470,108.6672,100.000,23214.2
2769.723,3879.668,108.6717,100.000,23212.3
2769.724,3879.867,108.6608,100.000,23216.7
2769.724,3880.066,108.6619,100.000,23216.3
2770.224,3880.266,108.6657,100.000,23214.8
2770.224,3880.465,108.6619,100.000,23216.2
2770.724,3880.664,108.6722,100.000,23212.1
2770.724,3880.863,108.6690,100.000,23213.5
2770.724,3881.062,108.6701,100.000,23213.0
2771.224,3881.263,108.6670,100.000,23214.2
2771.224,3881.461,108.6606,100.000,23216.8
2771.724,3881.660,108.6676,100.000,23213.9
2771.724,3881.859,108.6740,100.000,23211.3
2771.724,3882.058,108.6548,100.000,23219.1
2772.224,3882.259,108.6597,100.000,23217.2
2772.224,3882.457,108.6567,100.000,23218.4
2772.723,3882.656,108.6631,100.000,23215.8
2772.724,3882.856,108.6668,100.000,23214.3
2772.724,3883.055,108.6624,100.000,23216.1
2773.224,3883.254,108.6636,100.000,23215.6
2773.224,3883.453,108.6738,100.000,23211.5
2773.724,3883.652,108.6668,100.000,23214.3
2773.724,3883.852,108.6650,100.000,23215.1
2773.724,3884.052,108.6750,100.000,23210.9
2774.224,3884.250,108.6587,100.000,23217.6
2774.224,3884.449,108.6654,100.000,23214.9
2774.723,3884.648,108.6688,100.000,23213.5
2774.724,3884.848,108.6619,100.000,23216.3
2774.724,3885.047,108.6675,100.000,23214.0
2775.223,3885.246,108.6654,100.000,23214.9
2775.224,3885.445,108.6690,100.000,23213.4
2775.724,3885.644,108.6668,100.000,23214.3
2775.724,3885.845,108.6795,100.000,23209.1
2775.724,3886.043,108.6728,100.000,23211.8
2776.224,3886.242,108.6733,100.000,23211.6
2776.224,3886.442,108.6724,100.000,23212.0
2776.724,3886.640,108.6706,100.000,23212.7
2776.724,3886.840,108.6637,100.000,23215.5
2776.724,3887.039,108.6706,100.000,23212.7
2777.224,3887.238,108.6769,100.000,23210.2
2777.224,3887.438,108.6722,100.000,23212.1
2777.723,3887.638,108.6750,100.000,23210.9
2777.724,3887.836,108.6815,100.000,23208.4
2777.724,3888.035,108.6675,100.000,23214.0
2778.224,3888.234,108.6764,100.000,23210.4
2778.224,3888.434,108.6709,100.000,23212.7
2778.723,3888.634,108.6691,100.000,23213.3
2778.724,3888.832,108.6706,100.000,23212.8
2778.724,3889.031,108.6826,100.000,23207.9
2779.223,3889.230,108.6807,100.000,23208.7
2779.224,3889.430,108.6728,100.000,23211.9
2779.723,3889.629,108.6782,100.000,23209.7
2779.724,3889.828,108.6743,100.000,23211.3
2779.724,3890.027,108.6717,100.000,23212.4
2780.223,3890.226,108.6824,100.000,23208.0
2780.224,3890.427,108.6777,100.000,23209.9
2780.723,3890.625,108.6719,100.000,23212.2
2780.724,3890.824,108.6916,100.000,23204.2
2780.724,3891.024,108.6873,100.000,23206.0
2781.223,3891.223,108.6785,100.000,23209.5
2781.224,3891.422,108.6914,100.000,23204.3
2781.724,3891.621,108.6787,100.000,23209.5
2781.724,3891.820,108.6824,100.000,23208.0
2781.724,3892.020,108.6807,100.000,23208.7
2782.223,3892.220,108.6891,100.000,23205.2
2782.224,3892.418,108.6987,100.000,23201.3
2782.224,3892.617,108.6859,100.000,23206.6
2782.724,3892.816,108.6952,100.000,23202.8
2782.724,3893.016,108.6880,100.000,23205.7
2783.223,3893.215,108.6870,100.000,23206.2
2783.224,3893.414,108.6930,100.000,23203.6
2783.224,3893.613,108.6849,100.000,23207.0
2783.723,3893.812,108.6922,100.000,23204.0
2783.724,3894.013,108.6961,100.000,23202.4
2784.223,3894.211,108.6896,100.000,23205.1
2784.224,3894.410,108.6865,100.000,23206.2
2784.224,3894.610,108.6971,100.000,23202.0
2784.723,3894.808,108.7031,100.000,23199.5
2784.724,3895.009,108.7074,100.000,23197.9
2785.223,3895.207,108.6968,100.000,23202.2
2785.224,3895.406,108.6968,100.000,23202.2
2785.224,3895.606,108.7010,100.000,23200.4
2785.723,3895.805,108.6974,100.000,23201.9
2785.724,3896.004,108.7109,100.000,23196.3
2786.223,3896.203,108.7119,100.000,23196.0
2786.224,3896.402,108.7026,100.000,23199.8
2786.224,3896.601,108.7025,100.000,23199.8
2786.723,3896.802,108.7023,100.000,23199.9
2786.724,3897.000,108.7080,100.000,23197.5
2787.223,3897.199,108.7010,100.000,23200.4
2787.224,3897.398,108.6950,100.000,23202.9
2787.224,3897.598,108.7088,100.000,23197.3
2787.723,3897.797,108.6978,100.000,23201.8
2787.724,3897.996,108.7153,100.000,23194.6
2788.223,3898.195,108.6968,100.000,23202.2
2788.224,3898.394,108.7095,100.000,23197.0
2788.224,3898.595,108.7049,100.000,23198.8
2788.723,3898.793,108.7043,100.000,23199.1
2788.723,3898.992,108.7049,100.000,23198.9
2789.223,3899.192,108.7007,100.000,23200.6
2789.224,3899.390,108.7124,100.000,23195.8
2789.224,3899.590,108.7080,100.000,23197.6
2789.723,3899.789,108.7103,100.000,23196.6
2789.724,3899.988,108.7046,100.000,23199.0
2790.223,3900.188,108.7148,100.000,23194.8
2790.223,3900.388,108.7184,100.000,23193.4
2790.224,3900.586,108.6953,100.000,23202.7
2790.723,3900.785,108.7080,100.000,23197.6
2790.724,3900.984,108.7005,100.000,23200.7
2791.223,3901.184,108.7007,100.000,23200.5
2791.223,3901.384,108.7056,100.000,23198.6
2791.224,3901.582,108.7013,100.000,23200.3
2791.723,3901.781,108.6912,100.000,23204.4
2791.724,3901.980,108.7031,100.000,23199.6
2792.223,3902.180,108.7065,100.000,23198.1
2792.224,3902.379,108.7031,100.000,23199.5
2792.224,3902.578,108.7026,100.000,23199.7
2792.723,3902.777,108.7002,100.000,23200.7
2792.724,3902.976,108.6911,100.000,23204.5
2793.223,3903.177,108.7005,100.000,23200.6
2793.224,3903.375,108.6956,100.000,23202.6
2793.224,3903.574,108.6964,100.000,23202.3
2793.723,3903.774,108.6925,100.000,23203.8
2793.724,3903.973,108.6898,100.000,23204.9
2794.224,3904.172,108.6987,100.000,23201.4
2794.224,3904.371,108.6815,100.000,23208.4
2794.224,3904.570,108.6846,100.000,23207.1
2794.724,3904.770,108.6789,100.000,23209.4
2794.724,3904.970,108.6849,100.000,23207.0
2795.223,3905.168,108.6938,100.000,23203.3
2795.224,3905.367,108.6859,100.000,23206.6
2795.224,3905.566,108.6919,100.000,23204.1
2795.724,3905.766,108.6833,100.000,23207.6
2795.724,3905.965,108.6875,100.000,23205.9
2796.223,3906.164,108.6880,100.000,23205.8
2796.223,3906.363,108.6844,100.000,23207.2
2796.223,3906.562,108.6851,100.000,23206.9
2796.723,3906.763,108.6787,100.000,23209.5
2796.723,3906.961,108.6864,100.000,23206.4
2797.223,3907.160,108.6769,100.000,23210.2
2797.223,3907.359,108.6769,100.000,23210.2
2797.224,3907.558,108.6785,100.000,23209.5
2797.723,3907.759,108.6815,100.000,23208.3
2797.723,3907.957,108.6750,100.000,23211.0
2798.223,3908.156,108.6838,100.000,23207.4
2798.223,3908.356,108.6851,100.000,23206.9
2798.223,3908.555,108.6844,100.000,23207.1
2798.723,3908.754,108.6894,100.000,23205.1
2798.724,3908.953,108.6758,100.000,23210.7
2799.223,3909.152,108.6714,100.000,23212.4
2799.224,3909.352,108.6816,100.000,23208.3
2799.224,3909.552,108.6785,100.000,23209.5
2799.723,3909.750,108.6737,100.000,23211.6
2799.723,3909.949,108.6792,100.000,23209.3
2800.223,3910.150,108.6761,100.000,23210.6
2800.223,3910.348,108.6701,100.000,23213.0
2800.223,3910.547,108.6761,100.000,23210.6
2800.723,3910.746,108.6740,100.000,23211.3
2800.723,3910.945,108.6772,100.000,23210.1
2801.223,3911.144,108.6772,100.000,23210.0
2801.223,3911.345,108.6750,100.000,23211.0
2801.224,3911.543,108.6772,100.000,23210.1
2801.723,3911.742,108.6654,100.000,23214.9
2801.723,3911.942,108.6716,100.000,23212.4
2802.223,3912.140,108.6683,100.000,23213.7
2802.224,3912.340,108.6803,100.000,23208.8
2802.224,3912.539,108.6784,100.000,23209.6
2802.723,3912.738,108.6636,100.000,23215.6
2802.723,3912.938,108.6657,100.000,23214.8
2803.223,3913.138,108.6754,100.000,23210.8
2803.223,3913.336,108.6754,100.000,23210.8
2803.224,3913.535,108.6785,100.000,23209.5
2803.723,3913.734,108.6685,100.000,23213.6
2803.724,3913.934,108.6711,100.000,23212.6
2804.223,3914.134,108.6810,100.000,23208.6
2804.223,3914.332,108.6774,100.000,23210.0
2804.224,3914.531,108.6792,100.000,23209.3
2804.723,3914.730,108.6815,100.000,23208.3
2804.724,3914.930,108.6673,100.000,23214.1
2805.223,3915.129,108.6730,100.000,23211.8
2805.223,3915.328,108.6846,100.000,23207.1
2805.223,3915.527,108.6724,100.000,23212.0
2805.723,3915.726,108.6771,100.000,23210.1
2805.724,3915.927,108.6743,100.000,23211.2
2806.223,3916.125,108.6743,100.000,23211.2
2806.223,3916.324,108.6667,100.000,23214.4
2806.223,3916.525,108.6758,100.000,23210.7
2806.723,3916.723,108.6676,100.000,23214.0
2806.724,3916.922,108.6699,100.000,23213.0
2807.223,3917.121,108.6807,100.000,23208.6
2807.224,3917.320,108.6754,100.000,23210.8
2807.224,3917.520,108.6743,100.000,23211.3
2807.723,3917.720,108.6748,100.000,23211.1
2807.723,3917.918,108.6738,100.000,23211.4
2807.723,3918.117,108.6660,100.000,23214.7
2808.223,3918.316,108.6694,100.000,23213.3
2808.224,3918.516,108.6758,100.000,23210.7
2808.723,3918.715,108.6768,100.000,23210.3
2808.724,3918.914,108.6750,100.000,23211.0
2808.724,3919.113,108.6690,100.000,23213.4
2809.223,3919.312,108.6738,100.000,23211.4
2809.224,3919.513,108.6706,100.000,23212.8
2809.724,3919.711,108.6738,100.000,23211.4
2809.724,3919.910,108.6680,100.000,23213.8
2809.724,3920.109,108.6676,100.000,23213.9
2810.224,3920.308,108.6603,100.000,23217.0
2810.224,3920.509,108.6657,100.000,23214.8
2810.723,3920.707,108.6592,100.000,23217.4
2810.724,3920.906,108.6738,100.000,23211.5
2810.724,3921.106,108.6684,100.000,23213.7
2811.223,3921.305,108.6649,100.000,23215.1
2811.224,3921.504,108.6637,100.000,23215.5
2811.723,3921.703,108.6724,100.000,23212.0
2811.724,3921.902,108.6639,100.000,23215.5
2811.724,3922.102,108.6593,100.000,23217.3
2812.223,3922.302,108.6628,100.000,23215.9
2812.223,3922.500,108.6694,100.000,23213.2
2812.723,3922.699,108.6597,100.000,23217.2
2812.724,3922.898,108.6566,100.000,23218.5
2812.724,3923.098,108.6525,100.000,23220.1
2813.223,3923.297,108.6548,100.000,23219.3
2813.223,3923.496,108.6592,100.000,23217.4
2813.723,3923.695,108.6587,100.000,23217.6
2813.723,3923.894,108.6566,100.000,23218.5
2813.724,3924.095,108.6556,100.000,23218.8
2814.223,3924.293,108.6533,100.000,23219.8
2814.224,3924.492,108.6572,100.000,23218.2
2814.723,3924.692,108.6523,100.000,23220.2
2814.724,3924.892,108.6509,100.000,23220.8
2814.724,3925.090,108.6522,100.000,23220.2
2815.223,3925.289,108.6611,100.000,23216.6
2815.223,3925.488,108.6460,100.000,23222.8
2815.723,3925.688,108.6494,100.000,23221.4
2815.723,3925.888,108.6540,100.000,23219.5
2815.723,3926.086,108.6445,100.000,23223.3
2816.224,3926.285,108.6514,100.000,23220.6
2816.224,3926.484,108.6577,100.000,23218.0
2816.723,3926.684,108.6559,100.000,23218.7
2816.724,3926.884,108.6533,100.000,23219.8
2816.724,3927.082,108.6462,100.000,23222.7
2817.223,3927.281,108.6474,100.000,23222.1
2817.223,3927.480,108.6462,100.000,23222.7
2817.723,3927.680,108.6538,100.000,23219.7
2817.724,3927.879,108.6478,100.000,23222.0
2817.724,3928.078,108.6445,100.000,23223.4
2818.223,3928.277,108.6514,100.000,23220.6
2818.224,3928.476,108.6393,100.000,23225.5
2818.723,3928.677,108.6440,100.000,23223.6
2818.724,3928.875,108.6401,100.000,23225.2
2818.724,3929.074,108.6406,100.000,23224.9
2819.224,3929.274,108.6444,100.000,23223.4
2819.224,3929.473,108.6517,100.000,23220.4
2819.723,3929.672,108.6375,100.000,23226.2
2819.724,3929.871,108.6494,100.000,23221.3
2819.724,3930.070,108.6491,100.000,23221.5
2820.224,3930.269,108.6470,100.000,23222.3
2820.224,3930.470,108.6419,100.000,23224.5
2820.723,3930.668,108.6387,100.000,23225.7
2820.724,3930.867,108.6447,100.000,23223.2
2820.724,3931.066,108.6398,100.000,23225.3
2821.223,3931.266,108.6455,100.000,23223.0
2821.224,3931.465,108.6439,100.000,23223.7
2821.723,3931.664,108.6408,100.000,23224.8
2821.724,3931.863,108.6357,100.000,23227.0
2821.724,3932.062,108.6326,100.000,23228.2
2822.224,3932.263,108.6426,100.000,23224.2
2822.224,3932.461,108.6364,100.000,23226.6
2822.723,3932.660,108.6445,100.000,23223.3
2822.723,3932.860,108.6343,100.000,23227.5
2822.723,3933.058,108.6304,100.000,23229.1
2823.223,3933.259,108.6341,100.000,23227.6
2823.224,3933.457,108.6421,100.000,23224.4
2823.723,3933.656,108.6380,100.000,23226.0
2823.724,3933.856,108.6352,100.000,23227.1
2823.724,3934.055,108.6352,100.000,23227.1
2824.223,3934.254,108.6328,100.000,23228.1
2824.223,3934.453,108.6312,100.000,23228.8
2824.723,3934.652,108.6396,100.000,23225.4
2824.724,3934.852,108.6419,100.000,23224.4
2824.724,3935.052,108.6328,100.000,23228.1
2825.223,3935.250,108.6318,100.000,23228.5
2825.223,3935.449,108.6401,100.000,23225.2
2825.723,3935.648,108.6418,100.000,23224.5
2825.723,3935.848,108.6341,100.000,23227.6
2825.724,3936.047,108.6364,100.000,23226.7
2826.223,3936.246,108.6431,100.000,23224.0
2826.223,3936.445,108.6380,100.000,23226.0
2826.723,3936.644,108.6387,100.000,23225.7
2826.723,3936.844,108.6343,100.000,23227.5
2826.723,3937.043,108.6349,100.000,23227.2
2827.223,3937.242,108.6326,100.000,23228.2
2827.223,3937.442,108.6294,100.000,23229.6
2827.723,3937.640,108.6369,100.000,23226.5
2827.724,3937.840,108.6352,100.000,23227.1
2827.724,3938.039,108.6320,100.000,23228.5
2828.223,3938.238,108.6377,100.000,23226.1
2828.224,3938.438,108.6372,100.000,23226.4
2828.723,3938.638,108.6323,100.000,23228.3
2828.724,3938.836,108.6372,100.000,23226.3
2828.724,3939.035,108.6326,100.000,23228.1
2829.223,3939.234,108.6390,100.000,23225.6
2829.224,3939.434,108.6348,100.000,23227.3
2829.723,3939.634,108.6392,100.000,23225.6
2829.724,3939.832,108.6310,100.000,23228.8
2829.724,3940.031,108.6401,100.000,23225.2
2830.223,3940.230,108.6338,100.000,23227.7
2830.223,3940.430,108.6413,100.000,23224.7
2830.723,3940.629,108.6439,100.000,23223.7
2830.723,3940.828,108.6338,100.000,23227.7
2830.723,3941.027,108.6278,100.000,23230.2
2831.223,3941.226,108.6330,100.000,23228.1
2831.223,3941.427,108.6372,100.000,23226.3
2831.723,3941.625,108.6418,100.000,23224.5
2831.723,3941.824,108.6484,100.000,23221.8
2831.723,3942.024,108.6331,100.000,23228.0
2832.223,3942.223,108.6366,100.000,23226.6
2832.224,3942.422,108.6408,100.000,23224.9
2832.723,3942.621,108.6377,100.000,23226.1
2832.724,3942.820,108.6338,100.000,23227.8
2832.724,3943.020,108.6406,100.000,23225.0
2833.223,3943.220,108.6401,100.000,23225.1
2833.223,3943.418,108.6384,100.000,23225.9
2833.224,3943.617,108.6366,100.000,23226.6
2833.723,3943.816,108.6478,100.000,23222.0
2833.724,3944.016,108.6377,100.000,23226.1
2834.223,3944.215,108.6405,100.000,23225.0
2834.223,3944.414,108.6488,100.000,23221.7
2834.223,3944.613,108.6462,100.000,23222.6
2834.723,3944.812,108.6465,100.000,23222.5
2834.723,3945.013,108.6414,100.000,23224.6
2835.223,3945.211,108.6436,100.000,23223.7
2835.223,3945.410,108.6510,100.000,23220.8
2835.223,3945.610,108.6450,100.000,23223.1
2835.723,3945.808,108.6533,100.000,23219.9
2835.724,3946.009,108.6457,100.000,23222.9
2836.223,3946.207,108.6494,100.000,23221.4
2836.223,3946.406,108.6499,100.000,23221.1
2836.223,3946.606,108.6579,100.000,23217.9
2836.723,3946.805,108.6585,100.000,23217.7
2836.723,3947.004,108.6499,100.000,23221.2
2837.223,3947.203,108.6525,100.000,23220.1
2837.223,3947.402,108.6540,100.000,23219.5
2837.223,3947.602,108.6564,100.000,23218.5
2837.723,3947.802,108.6538,100.000,23219.6
2837.723,3948.000,108.6623,100.000,23216.2
2838.223,3948.199,108.6530,100.000,23219.9
2838.223,3948.398,108.6688,100.000,23213.5
2838.223,3948.598,108.6564,100.000,23218.5
2838.723,3948.797,108.6543,100.000,23219.4
2838.723,3948.996,108.6600,100.000,23217.1
2839.223,3949.195,108.6641,100.000,23215.4
2839.223,3949.394,108.6611,100.000,23216.6
2839.223,3949.595,108.6582,100.000,23217.9
2839.723,3949.793,108.6611,100.000,23216.6
2839.723,3949.992,108.6642,100.000,23215.3
2840.223,3950.192,108.6686,100.000,23213.6
2840.223,3950.390,108.6668,100.000,23214.3
2840.224,3950.590,108.6639,100.000,23215.5
2840.723,3950.789,108.6631,100.000,23215.8
2840.723,3950.988,108.6650,100.000,23215.1
2841.223,3951.188,108.6636,100.000,23215.6
2841.223,3951.388,108.6680,100.000,23213.8
2841.223,3951.586,108.6626,100.000,23216.0
2841.724,3951.785,108.6582,100.000,23217.8
2841.725,3951.984,108.6603,100.000,23216.9
2842.223,3952.184,108.6641,100.000,23215.4
2842.223,3952.384,108.6750,100.000,23211.0
2842.223,3952.582,108.6636,100.000,23215.7
2842.723,3952.781,108.6646,100.000,23215.2
2842.723,3952.980,108.6694,100.000,23213.2
2843.224,3953.180,108.6645,100.000,23215.3
2843.224,3953.379,108.6714,100.000,23212.4
2843.224,3953.578,108.6706,100.000,23212.7
2843.723,3953.777,108.6706,100.000,23212.7
2843.724,3953.976,108.6652,100.000,23215.0
2844.223,3954.177,108.6621,100.000,23216.2
2844.224,3954.375,108.6735,100.000,23211.6
2844.224,3954.574,108.6675,100.000,23214.0
2844.723,3954.774,108.6709,100.000,23212.7
2844.724,3954.973,108.6706,100.000,23212.7
2845.223,3955.172,108.6719,100.000,23212.2
2845.223,3955.371,108.6758,100.000,23210.6
2845.224,3955.570,108.6686,100.000,23213.6
2845.723,3955.770,108.6798,100.000,23209.0
2845.723,3955.970,108.6683,100.000,23213.7
2846.223,3956.168,108.6780,100.000,23209.8
2846.223,3956.367,108.6735,100.000,23211.6
2846.223,3956.566,108.6758,100.000,23210.7
2846.723,3956.766,108.6826,100.000,23207.9
2846.723,3956.965,108.6803,100.000,23208.8
2847.223,3957.164,108.6743,100.000,23211.2
2847.223,3957.363,108.6763,100.000,23210.5
2847.223,3957.562,108.6803,100.000,23208.8
2847.723,3957.763,108.6877,100.000,23205.8
2847.723,3957.961,108.6785,100.000,23209.6
2848.223,3958.160,108.6829,100.000,23207.8
2848.223,3958.360,108.6864,100.000,23206.3
2848.223,3958.558,108.6735,100.000,23211.6
2848.723,3958.759,108.6878,100.000,23205.8
2848.723,3958.957,108.6826,100.000,23207.9
2849.223,3959.156,108.6782,100.000,23209.7
2849.224,3959.356,108.6890,100.000,23205.4
2849.224,3959.555,108.6852,100.000,23206.8
2849.723,3959.754,108.6841,100.000,23207.3
2849.723,3959.954,108.6882,100.000,23205.6
2850.223,3960.152,108.6896,100.000,23205.0
2850.223,3960.352,108.6864,100.000,23206.3
2850.223,3960.552,108.6979,100.000,23201.7
2850.723,3960.750,108.6899,100.000,23204.9
2850.723,3960.949,108.6934,100.000,23203.6
2851.223,3961.148,108.6896,100.000,23205.1
2851.224,3961.348,108.6919,100.000,23204.1
2851.224,3961.547,108.6924,100.000,23204.0
2851.723,3961.746,108.6908,100.000,23204.6
2851.723,3961.945,108.7051,100.000,23198.8
2852.223,3962.144,108.7002,100.000,23200.8
2852.223,3962.345,108.6875,100.000,23206.0
2852.223,3962.543,108.7020,100.000,23200.1
2852.723,3962.742,108.6953,100.000,23202.8
2852.723,3962.942,108.7036,100.000,23199.3
2853.223,3963.140,108.7016,100.000,23200.2
2853.223,3963.340,108.7031,100.000,23199.5
2853.223,3963.539,108.7114,100.000,23196.2
2853.723,3963.738,108.7100,100.000,23196.7
2853.723,3963.938,108.7092,100.000,23197.1
2854.223,3964.138,108.7069,100.000,23198.1
2854.223,3964.336,108.6976,100.000,23201.8
2854.223,3964.535,108.7103,100.000,23196.7
2854.723,3964.734,108.7057,100.000,23198.5
2854.723,3964.934,108.7118,100.000,23196.1
2855.223,3965.134,108.7209,100.000,23192.3
2855.223,3965.332,108.7150,100.000,23194.7
2855.223,3965.531,108.7192,100.000,23193.0
2855.723,3965.730,108.7080,100.000,23197.5
2855.723,3965.930,108.7173,100.000,23193.8
2856.224,3966.129,108.7114,100.000,23196.1
2856.225,3966.328,108.7178,100.000,23193.6
2856.225,3966.527,108.7244,100.000,23190.9
2856.723,3966.726,108.7223,100.000,23191.7
2856.723,3966.926,108.7253,100.000,23190.6
2857.224,3967.125,108.7181,100.000,23193.5
2857.224,3967.324,108.7279,100.000,23189.5
2857.224,3967.524,108.7329,100.000,23187.5
2857.724,3967.723,108.7249,100.000,23190.7
2857.724,3967.922,108.7212,100.000,23192.2
2858.224,3968.121,108.7336,100.000,23187.2
2858.224,3968.320,108.7290,100.000,23189.0
2858.224,3968.520,108.7310,100.000,23188.3
2858.724,3968.720,108.7256,100.000,23190.4
2858.724,3968.918,108.7331,100.000,23187.4
2858.725,3969.117,108.7275,100.000,23189.7
2859.224,3969.316,108.7241,100.000,23191.0
2859.225,3969.516,108.7336,100.000,23187.2
2859.724,3969.715,108.7396,100.000,23184.8
2859.724,3969.914,108.7322,100.000,23187.8
2859.724,3970.113,108.7402,100.000,23184.4
2860.224,3970.312,108.7371,100.000,23185.8
2860.224,3970.513,108.7362,100.000,23186.2
2860.724,3970.711,108.7412,100.000,23184.1
2860.724,3970.910,108.7412,100.000,23184.1
2860.725,3971.110,108.7391,100.000,23185.0
2861.224,3971.308,108.7505,100.000,23180.3
2861.224,3971.508,108.7459,100.000,23182.2
2861.724,3971.707,108.7425,100.000,23183.6
2861.724,3971.906,108.7510,100.000,23180.1
2861.724,3972.106,108.7560,100.000,23178.1
2862.224,3972.305,108.7492,100.000,23180.8
2862.224,3972.504,108.7510,100.000,23180.1
2862.724,3972.703,108.7554,100.000,23178.4
2862.724,3972.902,108.7549,100.000,23178.5
2862.724,3973.102,108.7505,100.000,23180.4
2863.224,3973.302,108.7552,100.000,23178.5
2863.225,3973.500,108.7630,100.000,23175.3
2863.724,3973.699,108.7541,100.000,23178.9
2863.725,3973.898,108.7534,100.000,23179.2
2863.725,3974.098,108.7583,100.000,23177.2
2864.224,3974.297,108.7612,100.000,23175.9
2864.224,3974.496,108.7537,100.000,23179.0
2864.724,3974.695,108.7564,100.000,23177.9
2864.724,3974.894,108.7573,100.000,23177.6
2864.724,3975.095,108.7694,100.000,23172.7
2865.224,3975.293,108.7616,100.000,23175.8
2865.224,3975.492,108.7637,100.000,23175.0
2865.724,3975.692,108.7645,100.000,23174.7
2865.724,3975.890,108.7575,100.000,23177.5
2865.724,3976.090,108.7609,100.000,23176.1
2866.224,3976.289,108.7648,100.000,23174.6
2866.225,3976.488,108.7635,100.000,23175.1
2866.724,3976.688,108.7658,100.000,23174.1
2866.724,3976.888,108.7619,100.000,23175.7
2866.724,3977.086,108.7655,100.000,23174.3
2867.224,3977.285,108.7612,100.000,23176.0
2867.224,3977.484,108.7632,100.000,23175.2
2867.724,3977.684,108.7690,100.000,23172.8
2867.724,3977.884,108.7651,100.000,23174.4
2867.724,3978.082,108.7754,100.000,23170.2
2868.224,3978.281,108.7656,100.000,23174.2
2868.224,3978.480,108.7724,100.000,23171.5
2868.724,3978.680,108.7616,100.000,23175.9
2868.724,3978.879,108.7718,100.000,23171.7
2868.724,3979.078,108.7803,100.000,23168.2
2869.224,3979.277,108.7668,100.000,23173.8
2869.224,3979.476,108.7803,100.000,23168.3
2869.724,3979.677,108.7762,100.000,23169.9
2869.724,3979.875,108.7754,100.000,23170.2
2869.725,3980.074,108.7747,100.000,23170.5
2870.224,3980.274,108.7774,100.000,23169.4
2870.224,3980.473,108.7819,100.000,23167.6
2870.724,3980.672,108.7783,100.000,23169.0
2870.724,3980.871,108.7842,100.000,23166.7
2870.724,3981.070,108.7856,100.000,23166.1
2871.224,3981.270,108.7762,100.000,23169.9
2871.224,3981.470,108.7757,100.000,23170.1
2871.724,3981.668,108.7803,100.000,23168.2
2871.724,3981.867,108.7791,100.000,23168.8
2871.724,3982.066,108.7830,100.000,23167.2
2872.224,3982.266,108.7783,100.000,23169.0
2872.224,3982.465,108.7759,100.000,23170.1
2872.724,3982.664,108.7760,100.000,23169.9
2872.724,3982.863,108.7768,100.000,23169.7
2872.724,3983.062,108.7774,100.000,23169.4
2873.223,3983.263,108.7803,100.000,23168.3
2873.224,3983.461,108.7832,100.000,23167.0
2873.724,3983.660,108.7791,100.000,23168.8
2873.724,3983.859,108.7817,100.000,23167.7
2873.724,3984.058,108.7788,100.000,23168.8
2874.224,3984.259,108.7860,100.000,23165.9
2874.224,3984.457,108.7762,100.000,23169.9
2874.724,3984.658,108.7944,100.000,23162.5
2874.724,3984.856,108.7791,100.000,23168.8
2874.724,3985.055,108.7803,100.000,23168.3
2875.224,3985.254,108.7798,100.000,23168.5
2875.224,3985.453,108.7845,100.000,23166.6
2875.723,3985.652,108.7832,100.000,23167.1
2875.723,3985.852,108.7782,100.000,23169.1
2875.724,3986.051,108.7882,100.000,23165.0
2876.224,3986.250,108.7871,100.000,23165.5
2876.224,3986.449,108.7922,100.000,23163.4
2876.724,3986.648,108.7827,100.000,23167.3
2876.724,3986.848,108.7964,100.000,23161.7
2876.725,3987.047,108.7954,100.000,23162.1
2877.224,3987.246,108.8013,100.000,23159.7
2877.224,3987.445,108.7890,100.000,23164.7
2877.724,3987.644,108.7943,100.000,23162.6
2877.724,3987.845,108.7928,100.000,23163.2
2877.725,3988.043,108.7930,100.000,23163.1
2878.224,3988.242,108.7992,100.000,23160.6
2878.224,3988.445,108.7705,0.000,23172.2
2878.724,3988.640,108.7856,0.000,23166.1
2878.724,3988.840,108.7882,0.000,23165.0
2878.724,3989.039,108.7910,0.000,23163.9
2879.224,3989.238,108.7923,0.000,23163.4
2879.224,3989.438,108.7910,0.000,23163.9
2879.724,3989.638,108.7972,0.000,23161.4
2879.724,3989.836,108.7900,0.000,23164.3
2879.724,3990.035,108.7987,0.000,23160.8
2880.224,3990.234,108.8004,0.000,23160.0
2880.224,3990.434,108.7922,0.000,23163.5
2880.724,3990.634,108.8088,0.000,23156.7
2880.724,3990.832,108.7961,0.000,23161.8
2880.724,3991.031,108.8013,0.000,23159.7
2881.224,3991.230,108.7858,0.000,23166.0
2881.225,3991.430,108.8062,0.000,23157.8
2881.724,3991.629,108.8052,0.000,23158.2
2881.725,3991.828,108.8013,0.000,23159.7
2881.725,3992.027,108.8060,0.000,23157.8
2882.224,3992.226,108.8091,0.000,23156.6
2882.224,3992.427,108.8174,0.000,23153.2
2882.724,3992.625,108.7975,0.000,23161.3
2882.725,3992.824,108.8073,0.000,23157.3
2882.725,3993.024,108.8102,0.000,23156.1
2883.224,3993.223,108.8120,0.000,23155.4
2883.224,3993.422,108.8151,0.000,23154.1
2883.724,3993.621,108.7964,0.000,23161.7
2883.725,3993.820,108.8114,0.000,23155.7
2883.725,3994.020,108.8042,0.000,23158.5
2884.224,3994.220,108.7982,0.000,23161.1
2884.224,3994.418,108.8105,0.000,23156.0
2884.224,3994.617,108.8037,0.000,23158.7
2884.724,3994.816,108.8003,0.000,23160.1
2884.724,3995.016,108.8114,0.000,23155.7
2885.224,3995.215,108.8133,0.000,23154.9
2885.224,3995.414,108.7972,0.000,23161.4
2885.224,3995.613,108.7918,0.000,23163.6
2885.724,3995.812,108.7998,0.000,23160.3
2885.724,3996.013,108.7959,0.000,23161.9
2886.224,3996.211,108.7967,0.000,23161.6
2886.224,3996.410,108.7972,0.000,23161.3
2886.224,3996.610,108.7874,0.000,23165.4
2886.724,3996.808,108.7925,0.000,23163.3
2886.724,3997.009,108.7817,0.000,23167.7
2887.224,3997.207,108.7819,0.000,23167.6
2887.224,3997.406,108.7843,0.000,23166.6
2887.224,3997.606,108.7712,0.000,23172.0
2887.724,3997.805,108.7803,0.000,23168.3
2887.724,3998.004,108.7703,0.000,23172.3
2888.224,3998.203,108.7651,0.000,23174.4
2888.225,3998.402,108.7546,0.000,23178.7
2888.225,3998.602,108.7515,0.000,23179.9
2888.724,3998.802,108.7461,0.000,23182.1
2888.725,3999.000,108.7446,0.000,23182.7
2889.224,3999.199,108.7410,0.000,23184.2
2889.224,3999.398,108.7396,0.000,23184.8
2889.224,3999.598,108.7376,0.000,23185.6
2889.724,3999.797,108.7270,0.000,23189.9
2889.724,3999.996,108.7152,0.000,23194.7
2890.224,4000.195,108.7166,0.000,23194.1
2890.224,4000.394,108.7017,0.000,23200.1
2890.224,4000.595,108.7039,0.000,23199.2
2890.724,4000.793,108.6961,0.000,23202.4
2890.724,4000.992,108.6929,0.000,23203.7
2891.224,4001.192,108.6833,0.000,23207.6
2891.224,4001.390,108.6754,0.000,23210.8
2891.224,4001.590,108.6680,0.000,23213.9
2891.724,4001.789,108.6603,0.000,23217.0
2891.724,4001.988,108.6631,0.000,23215.8
2892.224,4002.188,108.6533,0.000,23219.8
2892.224,4002.388,108.6458,0.000,23222.8
2892.225,4002.586,108.6299,0.000,23229.3
2892.724,4002.785,108.6266,0.000,23230.6
2892.724,4002.984,108.6120,0.000,23236.6
2893.224,4003.184,108.6131,0.000,23236.1
2893.224,4003.382,108.6008,0.000,23241.1
2893.224,4003.582,108.5960,0.000,23243.1
2893.724,4003.781,108.5825,0.000,23248.6
2893.725,4003.980,108.5745,0.000,23251.8
2894.224,4004.180,108.5643,0.000,23256.0
2894.224,4004.379,108.5606,0.000,23257.5
2894.224,4004.578,108.5488,0.000,23262.3
2894.724,4004.777,108.5376,0.000,23266.8
2894.724,4004.976,108.5202,0.000,23273.9
2895.224,4005.177,108.5150,0.000,23276.0
2895.225,4005.375,108.5006,0.000,23281.9
2895.225,4005.574,108.4770,0.000,23291.5
2895.724,4005.774,108.4842,0.000,23288.6
2895.724,4005.973,108.4600,0.000,23298.4
2896.224,4006.172,108.4492,0.000,23302.8
2896.224,4006.371,108.4443,0.000,23304.8
2896.224,4006.570,108.4346,0.000,23308.8
2896.724,4006.770,108.4243,0.000,23312.9
2896.724,4006.970,108.3999,0.000,23322.8
2897.224,4007.168,108.3950,0.000,23325.0
2897.224,4007.368,108.3867,0.000,23328.3
2897.224,4007.566,108.3770,0.000,23332.2
2897.724,4007.766,108.3586,0.000,23339.8
2897.724,4007.965,108.3423,0.000,23346.4
2898.224,4008.164,108.3324,0.000,23350.5
2898.224,4008.363,108.3234,0.000,23354.1
2898.224,4008.562,108.3086,0.000,23360.2
2898.724,4008.763,108.3027,0.000,23362.6
2898.724,4008.961,108.2848,0.000,23369.8
2899.224,4009.160,108.2690,0.000,23376.3
2899.224,4009.359,108.2529,0.000,23382.9
2899.225,4009.558,108.2368,0.000,23389.5
2899.724,4009.759,108.2258,0.000,23394.0
2899.724,4009.957,108.2080,0.000,23401.2
2900.224,4010.156,108.1890,0.000,23409.1
2900.225,4010.355,108.1758,0.000,23414.4
2900.225,4010.555,108.1514,0.000,23424.4
2900.724,4010.754,108.1265,0.000,23434.6
2900.724,4010.953,108.1147,0.000,23439.4
2901.224,4011.152,108.0968,0.000,23446.6
2901.225,4011.352,108.0806,0.000,23453.4
2901.225,4011.552,108.0708,0.000,23457.3
2901.724,4011.750,108.0490,0.000,23466.2
2901.725,4011.949,108.0415,0.000,23469.4
2902.224,4012.148,108.0189,0.000,23478.6
2902.224,4012.348,108.0044,0.000,23484.6
2902.225,4012.547,107.9795,0.000,23494.7
2902.724,4012.746,107.9692,0.000,23499.0
2902.724,4012.945,107.9466,0.000,23508.2
2903.224,4013.144,107.9323,0.000,23514.0
2903.224,4013.345,107.9103,0.000,23523.1
2903.224,4013.543,107.8994,0.000,23527.6
2903.724,4013.742,107.8771,0.000,23536.7
2903.724,4013.942,107.8545,0.000,23546.0
2904.224,4014.140,107.8327,0.000,23555.0
2904.224,4014.340,107.8079,0.000,23565.1
2904.224,4014.539,107.7874,0.000,23573.6
2904.724,4014.740,107.7669,0.000,23582.0
2904.724,4014.938,107.7391,0.000,23593.4
2905.224,4015.138,107.7336,0.000,23595.7
2905.225,4015.336,107.7188,0.000,23601.8
2905.225,4015.535,107.6890,0.000,23614.0
2905.724,4015.734,107.6701,0.000,23621.7
2905.724,4015.934,107.6530,0.000,23628.8
2906.223,4016.132,107.6390,0.000,23634.6
2906.224,4016.332,107.6151,0.000,23644.5
2906.224,4016.531,107.6008,0.000,23650.3
2906.724,4016.730,107.5729,0.000,23661.9
2906.724,4016.930,107.5319,0.000,23678.7
2907.224,4017.129,107.5186,0.000,23684.2
2907.224,4017.328,107.4979,0.000,23692.8
2907.224,4017.527,107.4808,0.000,23699.8
2907.724,4017.726,107.4598,0.000,23708.5
2907.725,4017.927,107.4297,0.000,23720.8
2908.224,4018.125,107.4176,0.000,23725.8
2908.224,4018.324,107.3970,0.000,23734.4
2908.224,4018.524,107.3686,0.000,23746.1
2908.724,4018.723,107.3462,0.000,23755.4
2908.724,4018.922,107.3337,0.000,23760.5
2909.224,4019.121,107.3097,0.000,23770.4
2909.224,4019.320,107.2819,0.000,23781.9
2909.224,4019.520,107.2598,0.000,23791.0
2909.724,4019.720,107.2261,0.000,23805.1
2909.724,4019.918,107.2145,0.000,23809.8
2909.724,4020.117,107.1862,0.000,23821.5
2910.224,4020.316,107.1662,0.000,23829.8
2910.224,4020.516,107.1497,0.000,23836.6
2910.724,4020.715,107.1121,0.000,23852.2
2910.724,4020.914,107.1020,0.000,23856.4
2910.725,4021.113,107.0771,0.000,23866.7
2911.224,4021.312,107.0430,0.000,23880.9
2911.224,4021.513,107.0259,0.000,23888.0
2911.724,4021.711,107.0015,0.000,23898.0
2911.724,4021.910,106.9717,0.000,23910.5
2911.724,4022.110,106.9525,0.000,23918.5
2912.224,4022.308,106.9230,0.000,23930.7
2912.224,4022.509,106.8852,0.000,23946.4
2912.724,4022.707,106.8616,0.000,23956.1
2912.725,4022.906,106.8356,0.000,23967.0
2912.725,4023.106,106.8125,0.000,23976.6
2913.224,4023.305,106.7900,0.000,23986.0
2913.224,4023.504,106.7643,0.000,23996.7
2913.724,4023.704,106.7438,0.000,24005.1
2913.724,4023.902,106.7114,0.000,24018.7
2913.724,4024.102,106.6989,0.000,24023.9
2914.224,4024.302,106.6660,0.000,24037.6
2914.224,4024.500,106.6406,0.000,24048.2
2914.724,4024.699,106.6069,0.000,24062.2
2914.724,4024.898,106.5750,0.000,24075.6
2914.724,4025.098,106.5606,0.000,24081.5
2915.224,4025.297,106.5353,0.000,24092.1
2915.224,4025.496,106.5090,0.000,24103.1
2915.724,4025.695,106.4800,0.000,24115.3
2915.724,4025.894,106.4639,0.000,24122.0
2915.724,4026.095,106.4346,0.000,24134.2
2916.224,4026.293,106.4027,0.000,24147.6
2916.224,4026.492,106.3770,0.000,24158.3
2916.724,4026.691,106.3408,0.000,24173.5
2916.724,4026.890,106.3200,0.000,24182.1
2916.725,4027.090,106.2808,0.000,24198.5
2917.224,4027.289,106.2555,0.000,24209.1
2917.224,4027.488,106.2300,0.000,24219.9
2917.724,4027.688,106.2043,0.000,24230.6
2917.724,4027.887,106.1769,0.000,24242.0
2917.725,4028.086,106.1533,0.000,24252.0
2918.224,4028.285,106.1340,0.000,24260.1
2918.224,4028.484,106.1009,0.000,24274.0
2918.724,4028.683,106.0724,0.000,24285.9
2918.724,4028.884,106.0425,0.000,24298.5
2918.724,4029.082,106.0137,0.000,24310.6
2919.224,4029.281,105.9862,0.000,24322.2
2919.224,4029.480,105.9565,0.000,24334.6
2919.724,4029.680,105.9282,0.000,24346.5
2919.724,4029.879,105.9043,0.000,24356.6
2919.724,4030.078,105.8794,0.000,24367.1
2920.224,4030.277,105.8457,0.000,24381.3
2920.224,4030.476,105.8216,0.000,24391.4
2920.724,4030.677,105.7954,0.000,24402.4
2920.725,4030.875,105.7637,0.000,24415.8
2920.725,4031.074,105.7349,0.000,24427.9
2921.224,4031.274,105.7016,0.000,24442.0
2921.224,4031.472,105.6641,0.000,24457.8
2921.724,4031.672,105.6426,0.000,24466.9
2921.724,4031.871,105.6148,0.000,24478.6
2921.724,4032.072,105.5889,0.000,24489.6
2922.224,4032.270,105.5688,0.000,24498.0
2922.225,4032.470,105.5426,0.000,24509.1
2922.724,4032.668,105.5158,0.000,24520.5
2922.724,4032.867,105.4910,0.000,24530.9
2922.725,4033.066,105.4700,0.000,24539.8
2923.224,4033.266,105.4429,0.000,24551.3
2923.224,4033.465,105.4336,0.000,24555.2
2923.724,4033.664,105.4233,0.000,24559.5
2923.725,4033.863,105.4188,0.000,24561.5
2923.725,4034.062,105.4183,0.000,24561.8
2924.224,4034.263,105.4116,0.000,24564.5
2924.225,4034.461,105.4129,0.000,24564.0
2924.724,4034.660,105.4062,0.000,24566.8
2924.724,4034.860,105.3974,0.000,24570.5
2924.725,4035.058,105.3962,0.000,24571.0
2925.225,4035.259,105.3862,0.000,24575.2
2925.225,4035.457,105.3730,0.000,24580.8
2925.724,4035.656,105.3508,0.000,24590.3
2925.725,4035.856,105.3312,0.000,24598.5
2925.725,4036.055,105.3026,0.000,24610.7
2926.224,4036.254,105.2741,0.000,24622.8
2926.224,4036.453,105.2521,0.000,24632.1
2926.724,4036.652,105.2210,0.000,24645.2
2926.725,4036.852,105.1856,0.000,24660.3
2926.725,4037.052,105.1675,0.000,24668.0
2927.224,4037.250,105.1174,0.000,24689.3
2927.225,4037.449,105.0952,0.000,24698.7
2927.724,4037.648,105.0640,0.000,24711.9
2927.725,4037.848,105.0352,0.000,24724.2
2927.725,4038.047,104.9980,0.000,24740.0
2928.224,4038.246,104.9722,0.000,24751.0
2928.225,4038.445,104.9370,0.000,24766.0
2928.724,4038.644,104.9123,0.000,24776.5
2928.725,4038.845,104.8766,0.000,24791.7
2928.725,4039.043,104.8493,0.000,24803.4
2929.225,4039.242,104.8221,0.000,24814.9
2929.225,4039.442,104.7866,0.000,24830.0
2929.724,4039.640,104.7563,0.000,24842.9
2929.725,4039.840,104.7256,0.000,24856.2
2929.725,4040.039,104.6867,0.000,24872.7
2930.224,4040.238,104.6533,0.000,24886.9
2930.224,4040.438,104.6245,0.000,24899.3
2930.724,4040.638,104.5939,0.000,24912.3
2930.724,4040.836,104.5659,0.000,24924.3
2930.725,4041.035,104.5288,0.000,24940.2
2931.224,4041.234,104.4941,0.000,24955.0
2931.224,4041.434,104.4585,0.000,24970.3
2931.724,4041.634,104.4302,0.000,24982.4
2931.724,4041.832,104.3979,0.000,24996.2
2931.724,4042.031,104.3586,0.000,25013.1
2932.224,4042.230,104.3247,0.000,25027.6
2932.224,4042.430,104.2995,0.000,25038.4
2932.724,4042.629,104.2617,0.000,25054.6
2932.724,4042.828,104.2349,0.000,25066.1
2932.724,4043.027,104.1932,0.000,25084.0
2933.224,4043.226,104.1572,0.000,25099.4
2933.224,4043.427,104.1265,0.000,25112.7
2933.724,4043.625,104.0938,0.000,25126.8
2933.724,4043.824,104.0692,0.000,25137.4
2933.724,4044.024,104.0347,0.000,25152.2
2934.224,4044.223,103.9977,0.000,25168.1
2934.224,4044.422,103.9616,0.000,25183.6
2934.724,4044.621,103.9308,0.000,25196.9
2934.724,4044.820,103.8913,0.000,25214.0
2934.724,4045.020,103.8592,0.000,25227.8
2935.224,4045.220,103.8291,0.000,25240.7
2935.224,4045.418,103.7892,0.000,25257.9
2935.224,4045.617,103.7646,0.000,25268.6
2935.724,4045.816,103.7246,0.000,25285.9
2935.725,4046.016,103.6908,0.000,25300.5
2936.224,4046.215,103.6606,0.000,25313.5
2936.224,4046.414,103.6234,0.000,25329.7
2936.224,4046.613,103.5933,0.000,25342.7
2936.724,4046.812,103.5531,0.000,25360.0
2936.724,4047.013,103.5103,0.000,25378.5
2937.224,4047.211,103.4844,0.000,25389.8
2937.224,4047.410,103.4464,0.000,25406.2
2937.224,4047.610,103.4243,0.000,25415.8
2937.724,4047.808,103.3861,0.000,25432.4
2937.725,4048.009,103.3522,0.000,25447.1
2938.224,4048.207,103.3136,0.000,25463.7
2938.224,4048.406,103.2736,0.000,25481.1
2938.224,4048.606,103.2415,0.000,25495.1
2938.724,4048.805,103.1960,0.000,25514.9
2938.725,4049.004,103.1717,0.000,25525.4
2939.224,4049.203,103.1414,0.000,25538.5
2939.224,4049.402,103.1123,0.000,25551.2
2939.224,4049.602,103.0762,0.000,25567.0
2939.724,4049.802,103.0342,0.000,25585.2
2939.724,4050.000,102.9936,0.000,25602.9
2940.224,4050.199,102.9587,0.000,25618.1
2940.225,4050.398,102.9227,0.000,25633.8
2940.225,4050.598,102.8835,0.000,25650.9
2940.724,4050.797,102.8556,0.000,25663.1
2940.724,4050.996,102.8175,0.000,25679.7
2941.224,4051.195,102.7817,0.000,25695.3
2941.224,4051.394,102.7436,0.000,25711.9
2941.224,4051.595,102.7008,0.000,25730.6
2941.724,4051.793,102.6742,0.000,25742.3
2941.725,4051.992,102.6354,0.000,25759.2
2942.224,4052.192,102.5981,0.000,25775.6
2942.224,4052.390,102.5703,0.000,25787.7
2942.225,4052.590,102.5326,0.000,25804.2
2942.724,4052.789,102.4966,0.000,25820.0
2942.724,4052.988,102.4561,0.000,25837.7
2943.224,4053.188,102.4250,0.000,25851.4
2943.224,4053.388,102.3823,0.000,25870.1
2943.224,4053.586,102.3452,0.000,25886.4
2943.724,4053.785,102.3175,0.000,25898.5
2943.724,4053.984,102.2842,0.000,25913.1
2944.224,4054.184,102.2490,0.000,25928.6
2944.224,4054.384,102.2069,0.000,25947.1
2944.224,4054.582,102.1694,0.000,25963.6
2944.724,4054.781,102.1289,0.000,25981.4
2944.724,4054.980,102.0913,0.000,25997.9
2945.224,4055.180,102.0586,0.000,26012.3
2945.224,4055.379,102.0153,0.000,26031.4
2945.224,4055.578,101.9891,0.000,26042.9
2945.724,4055.777,101.9538,0.000,26058.5
2945.724,4055.976,101.9040,0.000,26080.4
2946.224,4056.177,101.8766,0.000,26092.5
2946.224,4056.375,101.8306,0.000,26112.9
2946.224,4056.574,101.7943,0.000,26128.8
2946.724,4056.774,101.7578,0.000,26144.9
2946.724,4056.973,101.7296,0.000,26157.4
2947.224,4057.172,101.6924,0.000,26173.8
2947.224,4057.371,101.6584,0.000,26188.8
2947.224,4057.570,101.6193,0.000,26206.1
2947.724,4057.770,101.5732,0.000,26226.6
2947.724,4057.970,101.5386,0.000,26241.9
2948.224,4058.168,101.4990,0.000,26259.3
2948.224,4058.367,101.4689,0.000,26272.7
2948.224,4058.566,101.4285,0.000,26290.6
2948.724,4058.766,101.3921,0.000,26306.8
2948.725,4058.965,101.3511,0.000,26324.9
2949.224,4059.164,101.3214,0.000,26338.0
2949.225,4059.363,101.2773,0.000,26357.7
2949.225,4059.562,101.2392,0.000,26374.6
2949.724,4059.763,101.1995,0.000,26392.2
2949.724,4059.961,101.1670,0.000,26406.7
2950.224,4060.160,101.1336,0.000,26421.6
2950.224,4060.360,101.0894,0.000,26441.1
2950.224,4060.558,101.0550,0.000,26456.5
2950.724,4060.759,101.0212,0.000,26471.5
2950.724,4060.957,100.9816,0.000,26489.1
2951.224,4061.156,100.9370,0.000,26509.0
2951.224,4061.356,100.8940,0.000,26528.2
2951.225,4061.555,100.8571,0.000,26544.6
2951.724,4061.754,100.8275,0.000,26557.9
2951.724,4061.953,100.7856,0.000,26576.5
2952.224,4062.152,100.7492,0.000,26592.8
2952.224,4062.352,100.7069,0.000,26611.7
2952.224,4062.552,100.6587,0.000,26633.2
2952.724,4062.750,100.6214,0.000,26649.9
2952.725,4062.949,100.5840,0.000,26666.7
2953.224,4063.148,100.5466,0.000,26683.3
2953.224,4063.348,100.5034,0.000,26702.6
2953.224,4063.547,100.4722,0.000,26716.7
2953.724,4063.746,100.4250,0.000,26737.8
2953.724,4063.945,100.3825,0.000,26756.8
2954.224,4064.144,100.3464,0.000,26773.0
2954.225,4064.345,100.3037,0.000,26792.2
2954.225,4064.543,100.2739,0.000,26805.6
2954.724,4064.742,100.2360,0.000,26822.6
2954.724,4064.942,100.1997,0.000,26838.9
2955.224,4065.140,100.1502,0.000,26861.1
2955.224,4065.340,100.1116,0.000,26878.4
2955.225,4065.539,100.0723,0.000,26896.1
2955.724,4065.738,100.0374,0.000,26911.8
2955.724,4065.938,100.0015,0.000,26927.9
2956.223,4066.138,99.9520,0.000,26950.2
2956.223,4066.336,99.9258,0.000,26962.1
2956.223,4066.535,99.8887,0.000,26978.8
2956.724,4066.734,99.8447,0.000,26998.6
2956.724,4066.934,99.8047,0.000,27016.6
2957.224,4067.134,99.7593,0.000,27037.1
2957.224,4067.332,99.7319,0.000,27049.4
2957.224,4067.531,99.6875,0.000,27069.5
2957.724,4067.730,99.6525,0.000,27085.3
2957.724,4067.930,99.6089,0.000,27105.0
2958.224,4068.129,99.5671,0.000,27123.9
2958.225,4068.328,99.5234,0.000,27143.6
2958.225,4068.527,99.4806,0.000,27163.0
2958.724,4068.726,99.4482,0.000,27177.7
2958.724,4068.927,99.4129,0.000,27193.6
2959.224,4069.125,99.3745,0.000,27211.0
2959.224,4069.324,99.3372,0.000,27227.9
2959.224,4069.524,99.2944,0.000,27247.4
2959.724,4069.723,99.2503,0.000,27267.3
2959.724,4069.922,99.2056,0.000,27287.6
2960.224,4070.121,99.1670,0.000,27305.1
2960.224,4070.320,99.1304,0.000,27321.8
2960.224,4070.520,99.0939,0.000,27338.2
2960.724,4070.720,99.0547,0.000,27356.1
2960.725,4070.918,99.0059,0.000,27378.3
2960.725,4071.117,98.9723,0.000,27393.5
2961.224,4071.316,98.9214,0.000,27416.8
2961.225,4071.516,98.8880,0.000,27432.0
2961.724,4071.715,98.8628,0.000,27443.4
2961.724,4071.914,98.8179,0.000,27463.8
2961.724,4072.113,98.7734,0.000,27484.2
2962.224,4072.312,98.7244,0.000,27506.5
2962.225,4072.513,98.6823,0.000,27525.7
2962.724,4072.711,98.6398,0.000,27545.0
2962.724,4072.910,98.5955,0.000,27565.2
2962.724,4073.109,98.5635,0.000,27579.8
2963.224,4073.308,98.5234,0.000,27598.1
2963.224,4073.509,98.4878,0.000,27614.5
2963.724,4073.707,98.4479,0.000,27632.6
2963.725,4073.906,98.3877,0.000,27660.2
2963.725,4074.106,98.3569,0.000,27674.2
2964.224,4074.305,98.3232,0.000,27689.6
2964.224,4074.504,98.2764,0.000,27711.2
2964.724,4074.703,98.2451,0.000,27725.6
2964.724,4074.902,98.2041,0.000,27744.3
2964.724,4075.102,98.1533,0.000,27767.6
2965.224,4075.302,98.1112,0.000,27786.9
2965.224,4075.500,98.0644,0.000,27808.3
2965.724,4075.699,98.0317,0.000,27823.3
2965.724,4075.898,97.9919,0.000,27841.6
2965.724,4076.098,97.9531,0.000,27859.4
2966.224,4076.297,97.9059,0.000,27881.1
2966.224,4076.496,97.8706,0.000,27897.3
2966.724,4076.695,97.8218,0.000,27919.8
2966.724,4076.894,97.7874,0.000,27935.6
2966.724,4077.095,97.7476,0.000,27954.0
2967.224,4077.293,97.7061,0.000,27973.0
2967.224,4077.492,97.6813,0.000,27984.4
2967.724,4077.692,97.6273,0.000,28009.3
2967.724,4077.890,97.5802,0.000,28031.0
2967.724,4078.090,97.5348,0.000,28052.0
2968.224,4078.289,97.5000,0.000,28068.0
2968.224,4078.488,97.4601,0.000,28086.3
2968.724,4078.688,97.4214,0.000,28104.3
2968.724,4078.888,97.3789,0.000,28123.8
2968.725,4079.086,97.3338,0.000,28144.7
2969.224,4079.285,97.2928,0.000,28163.8
2969.224,4079.484,97.2441,0.000,28186.2
2969.724,4079.684,97.2098,0.000,28202.1
2969.724,4079.884,97.1684,0.000,28221.2
2969.724,4080.082,97.1431,0.000,28233.0
2970.224,4080.281,97.0908,0.000,28257.2
2970.224,4080.480,97.0405,0.000,28280.5
2970.724,4080.680,96.9997,0.000,28299.4
2970.724,4080.879,96.9679,0.000,28314.2
2970.724,4081.078,96.9232,0.000,28334.9
2971.224,4081.277,96.8906,0.000,28350.0
2971.224,4081.476,96.8421,0.000,28372.5
2971.724,4081.677,96.8011,0.000,28391.6
2971.724,4081.875,96.7585,0.000,28411.3
2971.725,4082.074,96.7142,0.000,28432.0
2972.224,4082.274,96.6787,0.000,28448.4
2972.224,4082.473,96.6314,0.000,28470.4
2972.724,4082.672,96.6020,0.000,28484.1
2972.724,4082.871,96.5553,0.000,28505.8
2972.724,4083.070,96.5119,0.000,28526.0
2973.224,4083.270,96.4688,0.000,28546.1
2973.224,4083.470,96.4290,0.000,28564.7
2973.724,4083.668,96.3885,0.000,28583.6
2973.724,4083.867,96.3429,0.000,28604.8
2973.724,4084.066,96.3066,0.000,28621.8
2974.224,4084.266,96.2578,0.000,28644.5
2974.224,4084.465,96.2121,0.000,28665.8
2974.724,4084.664,96.1722,0.000,28684.5
2974.724,4084.863,96.1336,0.000,28702.5
2974.724,4085.062,96.0947,0.000,28720.6
2975.224,4085.263,96.0513,0.000,28741.0
2975.225,4085.461,96.0050,0.000,28762.6
2975.724,4085.660,95.9770,0.000,28775.8
2975.724,4085.860,95.9194,0.000,28802.7
2975.725,4086.058,95.8716,0.000,28825.1
2976.224,4086.258,95.8423,0.000,28838.7
2976.225,4086.457,95.7985,0.000,28859.3
2976.724,4086.656,95.7583,0.000,28878.2
2976.725,4086.856,95.7257,0.000,28893.4
2976.725,4087.055,95.6758,0.000,28916.9
2977.224,4087.254,95.6284,0.000,28939.1
2977.225,4087.453,95.5952,0.000,28954.6
2977.724,4087.652,95.5537,0.000,28974.1
2977.725,4087.852,95.5138,0.000,28992.9
2977.725,4088.052,95.4710,0.000,29013.0
2978.224,4088.250,95.4263,0.000,29034.1
2978.224,4088.449,95.3838,0.000,29053.9
2978.725,4088.648,95.3462,0.000,29071.8
2978.725,4088.848,95.3042,0.000,29091.5
2978.725,4089.047,95.2593,0.000,29112.6
2979.224,4089.246,95.2222,0.000,29130.1
2979.225,4089.445,95.1870,0.000,29146.6
2979.724,4089.644,95.1439,0.000,29167.0
2979.724,4089.845,95.0895,0.000,29192.6
2979.725,4090.043,95.0506,0.000,29211.0
2980.224,4090.242,95.0168,0.000,29226.9
2980.225,4090.442,94.9827,0.000,29243.0
2980.724,4090.640,94.9320,0.000,29267.0
2980.724,4090.840,94.8989,0.000,29282.6
2980.724,4091.039,94.8421,0.000,29309.4
2981.224,4091.238,94.8006,0.000,29329.0
2981.224,4091.438,94.7617,0.000,29347.4
2981.724,4091.638,94.7220,0.000,29366.2
2981.724,4091.836,94.6873,0.000,29382.6
2981.724,4092.035,94.6484,0.000,29401.0
2982.224,4092.234,94.5949,0.000,29426.3
2982.224,4092.434,94.5550,0.000,29445.2
2982.724,4092.634,94.5093,0.000,29467.0
2982.725,4092.832,94.4785,0.000,29481.5
2982.725,4093.031,94.4336,0.000,29502.8
2983.224,4093.230,94.3892,0.000,29523.8
2983.224,4093.430,94.3486,0.000,29543.1
2983.724,4093.629,94.2982,0.000,29567.1
2983.724,4093.828,94.2549,0.000,29587.6
2983.724,4094.027,94.2170,0.000,29605.6
2984.224,4094.226,94.1728,0.000,29626.7
2984.225,4094.427,94.1361,0.000,29644.0
2984.724,4094.625,94.0929,0.000,29664.6
2984.725,4094.826,94.0522,0.000,29683.9
2984.725,4095.027,94.0046,0.000,29706.6
2985.223,4095.226,93.9624,0.000,29726.6
2985.224,4095.427,93.9219,0.000,29746.0
2985.724,4095.629,93.8848,0.000,29763.6
2985.724,4095.828,93.8389,0.000,29785.4
2985.724,4096.026,93.8018,0.000,29803.2
2986.224,4096.230,93.7505,0.000,29827.6
2986.224,4096.432,93.7109,0.000,29846.5
2986.724,4096.632,93.6740,0.000,29864.2
2986.725,4096.830,93.6343,0.000,29883.1
2986.725,4097.030,93.5923,0.000,29903.1
2987.223,4097.230,93.5505,0.000,29923.1
2987.224,4097.432,93.4976,0.000,29948.3
2987.724,4097.636,93.4600,0.000,29966.3
2987.725,4097.836,93.4141,0.000,29988.4
2987.725,4098.034,93.3774,0.000,30005.8
2988.224,4098.238,93.3457,0.000,30021.1
2988.225,4098.436,93.2954,0.000,30045.1
2988.724,4098.640,93.2537,0.000,30065.0
2988.725,4098.838,93.2067,0.000,30087.6
2988.725,4099.034,93.1720,0.000,30104.1
2989.224,4099.238,93.1224,0.000,30127.9
2989.225,4099.438,93.0879,0.000,30144.4
2989.725,4099.640,93.0449,0.000,30165.0
2989.725,4099.838,93.0062,0.000,30183.6
2989.725,4100.040,92.9619,0.000,30204.9
2990.224,4100.242,92.9224,0.000,30223.9
2990.224,4100.440,92.8726,0.000,30247.8
2990.724,4100.640,92.8351,0.000,30265.8
2990.724,4100.842,92.7920,0.000,30286.5
2990.724,4101.042,92.7489,0.000,30307.2
2991.224,4101.242,92.7075,0.000,30327.0
2991.224,4101.440,92.6619,0.000,30349.0
2991.724,4101.644,92.6196,0.000,30369.4
2991.725,4101.846,92.5806,0.000,30388.2
2991.725,4102.046,92.5376,0.000,30408.9
2992.224,4102.244,92.5003,0.000,30426.8
2992.224,4102.444,92.4520,0.000,30450.1
2992.724,4102.644,92.4160,0.000,30467.4
2992.724,4102.846,92.3721,0.000,30488.6
2992.724,4103.050,92.3338,0.000,30507.0
2993.224,4103.244,92.2930,0.000,30526.7
2993.224,4103.448,92.2519,0.000,30546.6
2993.724,4103.652,92.2126,0.000,30565.5
2993.724,4103.850,92.1554,0.000,30593.1
2993.725,4104.054,92.1133,0.000,30613.4
2994.224,4104.250,92.0736,0.000,30632.6
2994.225,4104.448,92.0368,0.000,30650.4
2994.724,4104.652,91.9951,0.000,30670.5
2994.724,4104.852,91.9521,0.000,30691.3
2994.724,4105.054,91.9033,0.000,30715.0
2995.224,4105.252,91.8587,0.000,30736.5
2995.224,4105.454,91.8138,0.000,30758.2
2995.724,4105.656,91.7744,0.000,30777.2
2995.724,4105.854,91.7305,0.000,30798.6
2995.724,4106.056,91.6960,0.000,30815.3
2996.223,4106.256,91.6406,0.000,30842.1
2996.224,4106.456,91.5972,0.000,30863.2
2996.724,4106.656,91.5604,0.000,30881.1
2996.724,4106.854,91.5098,0.000,30905.6
2996.724,4107.058,91.4792,0.000,30920.4
2997.224,4107.260,91.4313,0.000,30943.6
2997.224,4107.460,91.3877,0.000,30964.8
2997.724,4107.658,91.3516,0.000,30982.3
2997.724,4107.860,91.3097,0.000,31002.6
2997.724,4108.058,91.2627,0.000,31025.5
2998.223,4108.260,91.2298,0.000,31041.5
2998.223,4108.462,91.1885,0.000,31061.6
2998.724,4108.658,91.1436,0.000,31083.4
2998.724,4108.862,91.0900,0.000,31109.5
2998.724,4109.066,91.0482,0.000,31129.8
2999.224,4109.264,91.0122,0.000,31147.3
2999.224,4109.468,90.9707,0.000,31167.5
2999.724,4109.664,90.9372,0.000,31183.9
2999.724,4109.862,90.8997,0.000,31202.2
2999.724,4110.066,90.8454,0.000,31228.6
3000.224,4110.266,90.8008,0.000,31250.3
3000.224,4110.468,90.7664,0.000,31267.1
3000.724,4110.666,90.7287,0.000,31285.5
3000.724,4110.870,90.6859,0.000,31306.4
3000.724,4111.070,90.6393,0.000,31329.1
3001.224,4111.268,90.6016,0.000,31347.5
3001.225,4111.472,90.5532,0.000,31371.2
3001.724,4111.666,90.5073,0.000,31393.5
3001.724,4111.870,90.4705,0.000,31411.6
3001.724,4112.070,90.4282,0.000,31432.2
3002.224,4112.268,90.3968,0.000,31447.6
3002.224,4112.472,90.3543,0.000,31468.3
3002.724,4112.674,90.3052,0.000,31492.4
3002.724,4112.874,90.2524,0.000,31518.2
3002.724,4113.073,90.2179,0.000,31535.0
3003.223,4113.274,90.1800,0.000,31553.7
3003.224,4113.472,90.1434,0.000,31571.5
3003.724,4113.674,90.1035,0.000,31591.1
3003.724,4113.876,90.0529,0.000,31615.8
3003.724,4114.073,90.0060,0.000,31638.8
3004.224,4114.276,89.9705,0.000,31656.2
3004.224,4114.480,89.9315,0.000,31675.4
3004.724,4114.678,89.8916,0.000,31695.0
3004.724,4114.878,89.8498,0.000,31715.5
3004.724,4115.078,89.7904,0.000,31744.7
3005.224,4115.276,89.7542,0.000,31762.4
3005.224,4115.480,89.7139,0.000,31782.2
3005.724,4115.682,89.6724,0.000,31802.6
3005.724,4115.884,89.6390,0.000,31818.9
3005.724,4116.080,89.5923,0.000,31841.9
3006.224,4116.280,89.5581,0.000,31858.7
3006.224,4116.480,89.5081,0.000,31883.3
3006.723,4116.682,89.4617,0.000,31906.1
3006.724,4116.886,89.4243,0.000,31924.5
3006.724,4117.086,89.3857,0.000,31943.6
3007.224,4117.284,89.3359,0.000,31968.0
3007.224,4117.484,89.3029,0.000,31984.2
3007.724,4117.682,89.2546,0.000,32008.1
3007.725,4117.890,89.2134,0.000,32028.3
3007.725,4118.088,89.1616,0.000,32053.9
3008.223,4118.284,89.1411,0.000,32064.0
3008.224,4118.488,89.0980,0.000,32085.2
3008.724,4118.690,89.0482,0.000,32109.8
3008.725,4118.890,88.9964,0.000,32135.3
3008.725,4119.092,88.9619,0.000,32152.3
3009.224,4119.290,88.9211,0.000,32172.5
3009.224,4119.488,88.8726,0.000,32196.5
3009.724,4119.690,88.8450,0.000,32210.0
3009.724,4119.894,88.8045,0.000,32230.0
3009.724,4120.092,88.7554,0.000,32254.2
3010.224,4120.292,88.7103,0.000,32276.6
3010.224,4120.492,88.6724,0.000,32295.4
3010.724,4120.690,88.6362,0.000,32313.2
3010.724,4120.894,88.5923,0.000,32334.8
3010.724,4121.096,88.5532,0.000,32354.3
3011.224,4121.296,88.5130,0.000,32374.1
3011.224,4121.494,88.4613,0.000,32399.7
3011.724,4121.694,88.4227,0.000,32418.8
3011.724,4121.894,88.3857,0.000,32437.0
3011.725,4122.096,88.3398,0.000,32459.9
3012.224,4122.298,88.2998,0.000,32479.6
3012.225,4122.494,88.2622,0.000,32498.2
3012.723,4122.698,88.2194,0.000,32519.5
3012.724,4122.902,88.1826,0.000,32537.7
3012.724,4123.100,88.1414,0.000,32558.1
3013.224,4123.304,88.0942,0.000,32581.6
3013.225,4123.500,88.0606,0.000,32598.2
3013.723,4123.698,88.0181,0.000,32619.3
3013.724,4123.902,87.9710,0.000,32642.6
3013.724,4124.102,87.9289,0.000,32663.6
3014.224,4124.304,87.8771,0.000,32689.2
3014.224,4124.502,87.8374,0.000,32708.9
3014.724,4124.704,87.7824,0.000,32736.3
3014.724,4124.906,87.7124,0.000,32771.1
3014.724,4125.104,87.6646,0.000,32794.8
3015.224,4125.306,87.6229,0.000,32815.6
3015.224,4125.506,87.5903,0.000,32831.8
3015.723,4125.706,87.5402,0.000,32856.7
3015.723,4125.906,87.5085,0.000,32872.5
3015.723,4126.104,87.4520,0.000,32900.6
3016.223,4126.308,87.4106,0.000,32921.1
3016.224,4126.510,87.3771,0.000,32937.8
3016.724,4126.710,87.3324,0.000,32960.1
3016.725,4126.908,87.3013,0.000,32975.6
3016.725,4127.110,87.2581,0.000,32997.1
3017.224,4127.308,87.2171,0.000,33017.5
3017.224,4127.510,87.1650,0.000,33043.5
3017.724,4127.712,87.1333,0.000,33059.3
3017.724,4127.908,87.1019,0.000,33075.0
3017.724,4128.112,87.0555,0.000,33098.1
3018.224,4128.316,87.0184,0.000,33116.6
3018.224,4128.514,86.9707,0.000,33140.4
3018.723,4128.718,86.9269,0.000,33162.3
3018.724,4128.914,86.8841,0.000,33183.6
3018.724,4129.112,86.8506,0.000,33200.4
3019.224,4129.316,86.8081,0.000,33221.5
3019.225,4129.516,86.7729,0.000,33239.1
3019.724,4129.718,86.7310,0.000,33260.2
3019.724,4129.916,86.6855,0.000,33282.9
3019.724,4130.120,86.6527,0.000,33299.2
3020.224,4130.320,86.6086,0.000,33321.3
3020.224,4130.518,86.5703,0.000,33340.4
3020.724,4130.722,86.5381,0.000,33356.6
3020.724,4130.916,86.4997,0.000,33375.8
3021.224,4131.120,86.4448,0.000,33403.2
3021.224,4131.323,86.4062,0.000,33422.5
3021.224,4131.522,86.3724,0.000,33439.5
3021.724,4131.722,86.3250,0.000,33463.1
3021.725,4131.924,86.2975,0.000,33476.9
3022.224,4132.120,86.2539,0.000,33498.8
3022.225,4132.323,86.2144,0.000,33518.5
3022.225,4132.526,86.1655,0.000,33543.1
3022.724,4132.726,86.1230,0.000,33564.3
3022.725,4132.928,86.0884,0.000,33581.6
3023.224,4133.126,86.0509,0.000,33600.4
3023.225,4133.323,86.0151,0.000,33618.3
3023.225,4133.526,85.9709,0.000,33640.6
3023.724,4133.726,85.9287,0.000,33661.7
3023.725,4133.928,85.8906,0.000,33680.8
3024.224,4134.128,85.8468,0.000,33702.7
3024.224,4134.328,85.8096,0.000,33721.5
3024.224,4134.530,85.7661,0.000,33743.2
3024.724,4134.730,85.7308,0.000,33761.0
3024.724,4134.930,85.6909,0.000,33781.0
3025.224,4135.132,85.6476,0.000,33802.7
3025.225,4135.330,85.6103,0.000,33821.5
3025.225,4135.534,85.5732,0.000,33840.1
3025.724,4135.734,85.5358,0.000,33859.0
3025.725,4135.932,85.4951,0.000,33879.4
3026.224,4136.136,85.4512,0.000,33901.5
3026.225,4136.330,85.4131,0.000,33920.6
3026.225,4136.534,85.3667,0.000,33944.0
3026.724,4136.738,85.3310,0.000,33961.9
3026.724,4136.936,85.2974,0.000,33978.8
3027.223,4137.140,85.2520,0.000,34001.6
3027.224,4137.338,85.2207,0.000,34017.4
3027.224,4137.534,85.1776,0.000,34039.1
3027.724,4137.738,85.1343,0.000,34060.8
3027.724,4137.938,85.1001,0.000,34078.1
3028.224,4138.140,85.0625,0.000,34097.1
3028.225,4138.338,85.0256,0.000,34115.6
3028.225,4138.540,84.9842,0.000,34136.4
3028.724,4138.742,84.9481,0.000,34154.6
3028.725,4138.940,84.9061,0.000,34175.8
3029.223,4139.140,84.8581,0.000,34200.0
3029.224,4139.342,84.8236,0.000,34217.4
3029.224,4139.542,84.7817,0.000,34238.4
3029.724,4139.744,84.7506,0.000,34254.1
3029.725,4139.944,84.7087,0.000,34275.3
3030.224,4140.144,84.6740,0.000,34292.8
3030.225,4140.346,84.6261,0.000,34317.0
3030.225,4140.542,84.5913,0.000,34334.5
3030.724,4140.744,84.5522,0.000,34354.2
3030.725,4140.948,84.5142,0.000,34373.4
3031.224,4141.148,84.4767,0.000,34392.4
3031.224,4141.346,84.4346,0.000,34413.6
3031.224,4141.550,84.3914,0.000,34435.4
3031.724,4141.750,84.3520,0.000,34455.2
3031.724,4141.948,84.3125,0.000,34475.2
3032.224,4142.148,84.2741,0.000,34494.7
3032.225,4142.346,84.2427,0.000,34510.5
3032.225,4142.550,84.1987,0.000,34532.8
3032.723,4142.750,84.1632,0.000,34550.7
3032.724,4142.954,84.1180,0.000,34573.5
3033.223,4143.152,84.0772,0.000,34594.1
3033.224,4143.352,84.0462,0.000,34609.8
3033.224,4143.554,84.0142,0.000,34626.0
3033.724,4143.752,83.9710,0.000,34647.9
3033.725,4143.954,83.9312,0.000,34668.0
3034.224,4144.152,83.8908,0.000,34688.4
3034.225,4144.354,83.8509,0.000,34708.6
3034.225,4144.558,83.8122,0.000,34728.2
3034.724,4144.756,83.7728,0.000,34748.1
3034.725,4144.956,83.7422,0.000,34763.6
3035.223,4145.156,83.7020,0.000,34784.0
3035.224,4145.354,83.6492,0.000,34810.7
3035.224,4145.558,83.6138,0.000,34828.6
3035.723,4145.760,83.5677,0.000,34852.0
3035.724,4145.960,83.5396,0.000,34866.2
3036.224,4146.158,83.4979,0.000,34887.4
3036.225,4146.360,83.4591,0.000,34906.9
3036.225,4146.558,83.4191,0.000,34927.3
3036.724,4146.764,83.3721,0.000,34951.1
3036.725,4146.964,83.3374,0.000,34968.7
3037.224,4147.158,83.3034,0.000,34985.9
3037.225,4147.362,83.2593,0.000,35008.3
3037.225,4147.566,83.2301,0.000,35023.1
3037.724,4147.764,83.1894,0.000,35043.7
3037.724,4147.968,83.1515,0.000,35062.9
3038.223,4148.164,83.1141,0.000,35081.9
3038.224,4148.368,83.0692,0.000,35104.8
3038.224,4148.566,83.0382,0.000,35120.4
3038.723,4148.766,83.0032,0.000,35138.2
3038.723,4148.968,82.9614,0.000,35159.4
3039.224,4149.166,82.9297,0.000,35175.5
3039.225,4149.370,82.8771,0.000,35202.1
3039.225,4149.570,82.8511,0.000,35215.4
3039.724,4149.768,82.8092,0.000,35236.6
3039.724,4149.972,82.7773,0.000,35252.8
3040.224,4150.172,82.7329,0.000,35275.4
3040.225,4150.370,82.7020,0.000,35291.1
3040.225,4150.570,82.6593,0.000,35312.7
3040.723,4150.768,82.6170,0.000,35334.3
3040.724,4150.972,82.5806,0.000,35352.8
3041.223,4151.174,82.5488,0.000,35368.9
3041.224,4151.374,82.5064,0.000,35390.6
3041.224,4151.573,82.4736,0.000,35407.2
3041.724,4151.774,82.4318,0.000,35428.5
3041.725,4151.972,82.3975,0.000,35445.9
3042.224,4152.178,82.3481,0.000,35471.0
3042.225,4152.376,82.3179,0.000,35486.4
3042.225,4152.573,82.2806,0.000,35505.4
3042.724,4152.776,82.2406,0.000,35525.7
3042.724,4152.980,82.2147,0.000,35538.9
3043.224,4153.178,82.1722,0.000,35560.5
3043.224,4153.378,82.1245,0.000,35584.7
3043.224,4153.578,82.0882,0.000,35603.2
3043.724,4153.776,82.0488,0.000,35623.3
3043.725,4153.980,82.0246,0.000,35635.6
3044.224,4154.182,81.9862,0.000,35655.2
3044.225,4154.382,81.9412,0.000,35678.1
3044.225,4154.580,81.9092,0.000,35694.4
3044.724,4154.780,81.8656,0.000,35716.6
3044.725,4154.980,81.8267,0.000,35736.4
3045.224,4155.186,81.7855,0.000,35757.4
3045.225,4155.386,81.7593,0.000,35770.8
3045.225,4155.586,81.7240,0.000,35788.7
3045.724,4155.784,81.6813,0.000,35810.4
3045.724,4155.984,81.6442,0.000,35829.4
3046.224,4156.182,81.6016,0.000,35851.2
3046.225,4156.386,81.5644,0.000,35870.1
3046.225,4156.586,81.5298,0.000,35887.7
3046.724,4156.784,81.4956,0.000,35905.1
3046.724,4156.988,81.4639,0.000,35921.3
3047.224,4157.190,81.4202,0.000,35943.5
3047.224,4157.390,81.3758,0.000,35966.2
3047.225,4157.592,81.3367,0.000,35986.1
3047.724,4157.790,81.3001,0.000,36004.8
3047.724,4157.988,81.2725,0.000,36018.9
3048.224,4158.190,81.2292,0.000,36041.0
3048.225,4158.394,81.1964,0.000,36057.6
3048.225,4158.592,81.1582,0.000,36077.2
3048.724,4158.792,81.1188,0.000,36097.3
3048.724,4158.992,81.0723,0.000,36121.1
3049.224,4159.190,81.0404,0.000,36137.4
3049.225,4159.394,81.0041,0.000,36155.9
3049.225,4159.596,80.9679,0.000,36174.4
3049.724,4159.792,80.9394,0.000,36188.9
3049.724,4159.994,80.8986,0.000,36209.7
3050.224,4160.198,80.8545,0.000,36232.2
3050.225,4160.398,80.8270,0.000,36246.3
3050.225,4160.596,80.7832,0.000,36268.7
3050.724,4160.800,80.7443,0.000,36288.5
3050.724,4160.994,80.7165,0.000,36302.7
3051.224,4161.198,80.6698,0.000,36326.6
3051.224,4161.398,80.6416,0.000,36340.9
3051.224,4161.596,80.5993,0.000,36362.6
3051.724,4161.800,80.5666,0.000,36379.3
3051.724,4162.000,80.5275,0.000,36399.3
3052.224,4162.204,80.4878,0.000,36419.5
3052.224,4162.402,80.4595,0.000,36434.1
3052.224,4162.602,80.4180,0.000,36455.2
3052.724,4162.804,80.3740,0.000,36477.7
3052.725,4163.002,80.3328,0.000,36498.8
3053.224,4163.204,80.3021,0.000,36514.5
3053.225,4163.402,80.2622,0.000,36534.9
3053.225,4163.604,80.2264,0.000,36553.2
3053.724,4163.808,80.1943,0.000,36569.6
3053.724,4164.006,80.1538,0.000,36590.3
3054.224,4164.206,80.1136,0.000,36610.9
3054.224,4164.406,80.0765,0.000,36629.8
3054.224,4164.604,80.0487,0.000,36644.1
3054.724,4164.808,80.0078,0.000,36665.0
3054.724,4165.010,79.9741,0.000,36682.2
3055.224,4165.206,79.9326,0.000,36703.5
3055.224,4165.408,79.9006,0.000,36719.8
3055.224,4165.612,79.8507,0.000,36745.3
3055.724,4165.812,79.8242,0.000,36759.0
3055.724,4166.014,79.7827,0.000,36780.2
3056.224,4166.214,79.7425,0.000,36800.7
3056.224,4166.408,79.7186,0.000,36813.0
3056.224,4166.612,79.6782,0.000,36833.6
3056.724,4166.812,79.6299,0.000,36858.3
3056.724,4167.014,79.5986,0.000,36874.4
3057.223,4167.214,79.5568,0.000,36895.8
3057.223,4167.414,79.5317,0.000,36908.7
3057.223,4167.618,79.4896,0.000,36930.2
3057.724,4167.816,79.4543,0.000,36948.2
3057.724,4168.016,79.4173,0.000,36967.2
3058.224,4168.218,79.3735,0.000,36989.6
3058.224,4168.416,79.3293,0.000,37012.3
3058.224,4168.618,79.3018,0.000,37026.4
3058.724,4168.816,79.2637,0.000,37045.8
3058.724,4169.018,79.2262,0.000,37065.0
3059.224,4169.222,79.1909,0.000,37083.1
3059.225,4169.422,79.1541,0.000,37102.0
3059.225,4169.620,79.1195,0.000,37119.7
3059.724,4169.820,79.0814,0.000,37139.3
3059.725,4170.018,79.0410,0.000,37160.0
3060.224,4170.222,79.0114,0.000,37175.1
3060.224,4170.424,78.9722,0.000,37195.3
3060.723,4170.620,78.9362,0.000,37213.7
3060.723,4170.823,78.8994,0.000,37232.6
3060.723,4171.026,78.8574,0.000,37254.1
3061.224,4171.226,78.8184,0.000,37274.0
3061.225,4171.428,78.7812,0.000,37293.1
3061.724,4171.626,78.7503,0.000,37308.9
3061.724,4171.823,78.7124,0.000,37328.4
3061.724,4172.026,78.6805,0.000,37344.7
3062.224,4172.226,78.6341,0.000,37368.5
3062.224,4172.428,78.5981,0.000,37386.9
3062.724,4172.628,78.5605,0.000,37406.2
3062.724,4172.828,78.5210,0.000,37426.6
3062.725,4173.030,78.4883,0.000,37443.3
3063.224,4173.230,78.4526,0.000,37461.5
3063.225,4173.430,78.4185,0.000,37479.1
3063.724,4173.632,78.3758,0.000,37500.9
3063.725,4173.830,78.3337,0.000,37522.6
3063.725,4174.030,78.2993,0.000,37540.2
3064.224,4174.230,78.2671,0.000,37556.7
3064.224,4174.432,78.2318,0.000,37574.8
3064.724,4174.636,78.1924,0.000,37595.0
3064.724,4174.836,78.1540,0.000,37614.7
3064.724,4175.034,78.1185,0.000,37632.9
3065.224,4175.234,78.0786,0.000,37653.3
3065.225,4175.432,78.0461,0.000,37670.0
3065.724,4175.636,78.0059,0.000,37690.6
3065.724,4175.836,77.9730,0.000,37707.6
3065.724,4176.034,77.9474,0.000,37720.6
3066.224,4176.238,77.8992,0.000,37745.4
3066.224,4176.440,77.8646,0.000,37763.2
3066.724,4176.640,77.8249,0.000,37783.5
3066.724,4176.842,77.7856,0.000,37803.6
3066.724,4177.040,77.7534,0.000,37820.2
3067.224,4177.238,77.7168,0.000,37839.0
3067.224,4177.440,77.6797,0.000,37858.0
3067.724,4177.644,77.6366,0.000,37880.2
3067.724,4177.842,77.6014,0.000,37898.2
3067.724,4178.042,77.5703,0.000,37914.2
3068.224,4178.242,77.5322,0.000,37933.7
3068.224,4178.440,77.5008,0.000,37949.8
3068.724,4178.644,77.4624,0.000,37969.6
3068.724,4178.846,77.4282,0.000,37987.1
3068.724,4179.042,77.3955,0.000,38003.9
3069.224,4179.244,77.3428,0.000,38030.9
3069.224,4179.448,77.3247,0.000,38040.2
3069.724,4179.648,77.2746,0.000,38065.9
3069.724,4179.846,77.2456,0.000,38080.8
3069.724,4180.050,77.2103,0.000,38098.8
3070.224,4180.244,77.1789,0.000,38115.0
3070.224,4180.448,77.1409,0.000,38134.5
3070.724,4180.648,77.0983,0.000,38156.4
3070.724,4180.846,77.0659,0.000,38173.0
3070.724,4181.050,77.0334,0.000,38189.7
3071.224,4181.250,77.0019,0.000,38205.9
3071.224,4181.454,76.9622,0.000,38226.2
3071.724,4181.652,76.9324,0.000,38241.5
3071.724,4181.852,76.8901,0.000,38263.2
3071.724,4182.054,76.8501,0.000,38283.8
3072.224,4182.252,76.8193,0.000,38299.6
3072.224,4182.454,76.7791,0.000,38320.2
3072.724,4182.652,76.7489,0.000,38335.7
3072.725,4182.854,76.7137,0.000,38353.8
3072.725,4183.058,76.6816,0.000,38370.2
3073.224,4183.256,76.6401,0.000,38391.6
3073.224,4183.456,76.6099,0.000,38407.1
3073.724,4183.656,76.5731,0.000,38426.0
3073.724,4183.854,76.5430,0.000,38441.5
3073.724,4184.058,76.5068,0.000,38460.0
3074.224,4184.260,76.4694,0.000,38479.2
3074.224,4184.460,76.4360,0.000,38496.3
3074.724,4184.658,76.3994,0.000,38515.1
3074.725,4184.860,76.3574,0.000,38536.7
3074.725,4185.058,76.3258,0.000,38552.9
3075.224,4185.260,76.2904,0.000,38571.1
3075.224,4185.462,76.2572,0.000,38588.2
3075.724,4185.658,76.2212,0.000,38606.7
3075.724,4185.862,76.1909,0.000,38622.2
3075.724,4186.066,76.1598,0.000,38638.1
3076.224,4186.264,76.1252,0.000,38655.9
3076.224,4186.468,76.0863,0.000,38675.9
3076.724,4186.664,76.0509,0.000,38694.0
3076.725,4186.862,76.0130,0.000,38713.5
3076.725,4187.066,75.9805,0.000,38730.2
3077.223,4187.266,75.9541,0.000,38743.7
3077.224,4187.468,75.9152,0.000,38763.7
3077.724,4187.666,75.8779,0.000,38782.9
3077.724,4187.870,75.8428,0.000,38800.8
3077.725,4188.070,75.8035,0.000,38821.0
3078.224,4188.268,75.7614,0.000,38842.7
3078.225,4188.472,75.7407,0.000,38853.3
3078.724,4188.666,75.6958,0.000,38876.4
3078.725,4188.870,75.6623,0.000,38893.6
3078.725,4189.073,75.6226,0.000,38913.9
3079.224,4189.272,75.5874,0.000,38932.0
3079.224,4189.472,75.5487,0.000,38951.8
3079.723,4189.674,75.5146,0.000,38969.3
3079.724,4189.870,75.4826,0.000,38985.8
3079.724,4190.073,75.4435,0.000,39005.8
3080.224,4190.276,75.4137,0.000,39021.1
3080.224,4190.476,75.3724,0.000,39042.4
3080.724,4190.678,75.3319,0.000,39063.2
3080.724,4190.876,75.2983,0.000,39080.3
3080.725,4191.078,75.2703,0.000,39094.7
3081.224,4191.276,75.2339,0.000,39113.4
3081.225,4191.476,75.2049,0.000,39128.3
3081.724,4191.678,75.1709,0.000,39145.8
3081.725,4191.878,75.1294,0.000,39167.1
3081.725,4192.078,75.1024,0.000,39181.0
3082.224,4192.280,75.0535,0.000,39206.0
3082.225,4192.480,75.0308,0.000,39217.6
3082.724,4192.680,74.9998,0.000,39233.6
3082.724,4192.882,74.9585,0.000,39254.7
3082.724,4193.078,74.9269,0.000,39270.9
3083.223,4193.280,74.8932,0.000,39288.2
3083.223,4193.480,74.8525,0.000,39309.1
3083.724,4193.682,74.8223,0.000,39324.7
3083.724,4193.886,74.7865,0.000,39343.0
3083.724,4194.086,74.7622,0.000,39355.4
3084.224,4194.284,74.7199,0.000,39377.1
3084.224,4194.484,74.6906,0.000,39392.2
3084.724,4194.682,74.6571,0.000,39409.4
3084.724,4194.886,74.6094,0.000,39433.9
3084.724,4195.086,74.5884,0.000,39444.6
3085.224,4195.284,74.5558,0.000,39461.3
3085.224,4195.488,74.5198,0.000,39479.8
3085.724,4195.690,74.4842,0.000,39498.1
3085.725,4195.890,74.4419,0.000,39519.8
3085.725,4196.094,74.4189,0.000,39531.5
3086.224,4196.290,74.3810,0.000,39551.0
3086.225,4196.488,74.3411,0.000,39571.5
3086.724,4196.690,74.3074,0.000,39588.8
3086.724,4196.894,74.2746,0.000,39605.6
3086.725,4197.094,74.2378,0.000,39624.4
3087.224,4197.292,74.2064,0.000,39640.6
3087.224,4197.492,74.1732,0.000,39657.6
3087.724,4197.690,74.1375,0.000,39675.8
3087.724,4197.894,74.0957,0.000,39697.4
3087.724,4198.096,74.0588,0.000,39716.2
3088.224,4198.296,74.0215,0.000,39735.4
3088.224,4198.494,73.9974,0.000,39747.7
3088.723,4198.696,73.9632,0.000,39765.3
3088.724,4198.894,73.9261,0.000,39784.3
3088.724,4199.096,73.8864,0.000,39804.6
3089.223,4199.300,73.8540,0.000,39821.1
3089.224,4199.500,73.8154,0.000,39840.9
3089.723,4199.698,73.7861,0.000,39856.0
3089.723,4199.898,73.7482,0.000,39875.4
3089.723,4200.096,73.7331,0.000,39883.2
3090.224,4200.300,73.7013,0.000,39899.4
3090.225,4200.500,73.6681,0.000,39916.4
3090.723,4200.702,73.6243,0.000,39938.9
3090.723,4200.902,73.5851,0.000,39959.0
3090.724,4201.102,73.5487,0.000,39977.8
3091.223,4201.304,73.5215,0.000,39991.6
3091.223,4201.508,73.4757,0.000,40015.0
3091.724,4201.704,73.4551,0.000,40025.6
3091.724,4201.902,73.4147,0.000,40046.2
3091.724,4202.104,73.3830,0.000,40062.6
3092.224,4202.308,73.3410,0.000,40084.1
3092.225,4202.508,73.3011,0.000,40104.5
3092.724,4202.706,73.2681,0.000,40121.4
3092.725,4202.906,73.2441,0.000,40133.6
3092.725,4203.108,73.2183,0.000,40147.0
3093.223,4203.308,73.1872,0.000,40162.8
3093.224,4203.510,73.1502,0.000,40181.7
3093.724,4203.706,73.1209,0.000,40196.8
3093.724,4203.908,73.0863,0.000,40214.6
3093.725,4204.112,73.0638,0.000,40226.1
3094.224,4204.312,73.0221,0.000,40247.3
3094.224,4204.510,72.9974,0.000,40259.9
3094.724,4204.714,72.9606,0.000,40278.8
3094.724,4204.908,72.9255,0.000,40296.8
3094.724,4205.112,72.8862,0.000,40316.9
3095.224,4205.316,72.8525,0.000,40334.1
3095.224,4205.514,72.8177,0.000,40351.9
3095.724,4205.718,72.7852,0.000,40368.6
3095.724,4205.914,72.7549,0.000,40384.1
3095.725,4206.112,72.7284,0.000,40397.7
3096.224,4206.316,72.6896,0.000,40417.5
3096.224,4206.516,72.6572,0.000,40434.0
3096.724,4206.718,72.6142,0.000,40456.1
3096.725,4206.916,72.5814,0.000,40472.8
3096.725,4207.120,72.5503,0.000,40488.8
3097.224,4207.320,72.5203,0.000,40504.1
3097.225,4207.518,72.4853,0.000,40522.1
3097.724,4207.722,72.4630,0.000,40533.4
3097.724,4207.922,72.4233,0.000,40553.6
3097.725,4208.120,72.3883,0.000,40571.5
3098.224,4208.320,72.3411,0.000,40595.7
3098.224,4208.518,72.3115,0.000,40610.8
3098.723,4208.722,72.2838,0.000,40624.9
3098.723,4208.924,72.2476,0.000,40643.5
3099.224,4209.124,72.2171,0.000,40659.2
3099.224,4209.323,72.1833,0.000,40676.4
3099.224,4209.524,72.1440,0.000,40696.4
3099.723,4209.726,72.1118,0.000,40712.9
3099.723,4209.928,72.0801,0.000,40729.1
3100.224,4210.126,72.0503,0.000,40744.3
3100.224,4210.323,72.0083,0.000,40765.8
3100.224,4210.526,71.9824,0.000,40779.1
3100.724,4210.730,71.9476,0.000,40796.8
3100.725,4210.930,71.9076,0.000,40817.3
3101.224,4211.128,71.8755,0.000,40833.7
3101.225,4211.328,71.8436,0.000,40850.0
3101.225,4211.526,71.8092,0.000,40867.5
3101.723,4211.730,71.7759,0.000,40884.5
3101.723,4211.932,71.7461,0.000,40899.7
3102.224,4212.132,71.7171,0.000,40914.5
3102.225,4212.330,71.6877,0.000,40929.5
3102.225,4212.530,71.6704,0.000,40938.3
3102.724,4212.730,71.6554,0.000,40945.9
3102.724,4212.932,71.6502,0.000,40948.7
3103.224,4213.136,71.6462,0.000,40950.7
3103.224,4213.330,71.6409,0.000,40953.4
3103.224,4213.534,71.6372,0.000,40955.4
3103.724,4213.738,71.6348,0.000,40956.5
3103.725,4213.936,71.6318,0.000,40958.0
3104.223,4214.140,71.6118,0.000,40968.3
3104.224,4214.338,71.5884,0.000,40980.2
3104.224,4214.534,71.5643,0.000,40992.6
3104.724,4214.738,71.5389,0.000,41005.5
3104.724,4214.938,71.5054,0.000,41022.6
3105.223,4215.140,71.4793,0.000,41035.9
3105.223,4215.338,71.4447,0.000,41053.6
3105.223,4215.540,71.4077,0.000,41072.4
3105.723,4215.742,71.3727,0.000,41090.2
3105.723,4215.940,71.3382,0.000,41107.8
3106.224,4216.140,71.3130,0.000,41120.8
3106.224,4216.344,71.2676,0.000,41143.8
3106.224,4216.542,71.2422,0.000,41156.8
3106.724,4216.744,71.2148,0.000,41170.8
3106.724,4216.944,71.1833,0.000,41186.8
3107.224,4217.148,71.1466,0.000,41205.5
3107.225,4217.346,71.1157,0.000,41221.2
3107.225,4217.546,71.0864,0.000,41236.2
3107.724,4217.744,71.0487,0.000,41255.5
3107.724,4217.946,71.0256,0.000,41267.2
3108.223,4218.144,70.9863,0.000,41287.2
3108.224,4218.346,70.9505,0.000,41305.4
3108.224,4218.550,70.9284,0.000,41316.7
3108.724,4218.750,70.8895,0.000,41336.6
3108.724,4218.948,70.8555,0.000,41353.9
3109.224,4219.148,70.8232,0.000,41370.2
3109.225,4219.346,70.7878,0.000,41388.4
3109.225,4219.550,70.7547,0.000,41405.2
3109.724,4219.750,70.7248,0.000,41420.4
3109.724,4219.952,70.6929,0.000,41436.6
3110.224,4220.152,70.6647,0.000,41451.0
3110.224,4220.352,70.6305,0.000,41468.4
3110.224,4220.554,70.5990,0.000,41484.5
3110.724,4220.752,70.5632,0.000,41502.7
3110.725,4220.954,70.5332,0.000,41518.0
3111.224,4221.152,70.5060,0.000,41531.8
3111.224,4221.354,70.4731,0.000,41548.5
3111.224,4221.558,70.4464,0.000,41562.1
3111.725,4221.758,70.4071,0.000,41582.1
3111.725,4221.956,70.3696,0.000,41601.1
3112.224,4222.156,70.3322,0.000,41620.2
3112.224,4222.354,70.3065,0.000,41633.3
3112.225,4222.558,70.2739,0.000,41649.7
3112.723,4222.760,70.2539,0.000,41660.0
3112.724,4222.960,70.2178,0.000,41678.4
3113.224,4223.158,70.1766,0.000,41699.3
3113.224,4223.362,70.1527,0.000,41711.5
3113.224,4223.562,70.1172,0.000,41729.6
3113.724,4223.764,70.0783,0.000,41749.2
3113.724,4223.964,70.0485,0.000,41764.4
3114.224,4224.158,70.0267,0.000,41775.4
3114.224,4224.362,70.0008,0.000,41788.6
3114.224,4224.562,69.9622,0.000,41808.2
3114.724,4224.764,69.9365,0.000,41821.2
3114.725,4224.964,69.8994,0.000,41840.1
3115.225,4225.164,69.8717,0.000,41854.2
3115.225,4225.366,69.8408,0.000,41869.8
3115.225,4225.566,69.8042,0.000,41888.4
3115.725,4225.766,69.7769,0.000,41902.2
3115.725,4225.968,69.7383,0.000,41921.9
3116.224,4226.166,69.7166,0.000,41932.9
3116.224,4226.368,69.6772,0.000,41952.8
3116.224,4226.566,69.6496,0.000,41966.9
3116.724,4226.768,69.6162,0.000,41983.8
3116.725,4226.972,69.5732,0.000,42005.6
3117.224,4227.172,69.5503,0.000,42017.2
3117.225,4227.370,69.5176,0.000,42033.8
3117.225,4227.570,69.4849,0.000,42050.5
3117.724,4227.768,69.4590,0.000,42063.5
3117.724,4227.972,69.4302,0.000,42078.1
3118.224,4228.174,69.3909,0.000,42098.0
3118.224,4228.374,69.3620,0.000,42112.7
3118.224,4228.573,69.3286,0.000,42129.6
3118.724,4228.774,69.3026,0.000,42142.8
3118.724,4228.976,69.2715,0.000,42158.6
3119.224,4229.178,69.2402,0.000,42174.4
3119.225,4229.376,69.2041,0.000,42192.7
3119.225,4229.573,69.1784,0.000,42205.8
3119.724,4229.776,69.1510,0.000,42219.5
3119.724,4229.980,69.1118,0.000,42239.4
3120.224,4230.178,69.0838,0.000,42253.6
3120.225,4230.378,69.0588,0.000,42266.3
3120.225,4230.578,69.0268,0.000,42282.4
3120.724,4230.776,68.9958,0.000,42298.2
3120.724,4230.980,68.9634,0.000,42314.5
3121.224,4231.182,68.9292,0.000,42331.8
3121.225,4231.382,68.9038,0.000,42344.8
3121.225,4231.580,68.8701,0.000,42361.7
3121.724,4231.780,68.8350,0.000,42379.6
3121.724,4231.980,68.7974,0.000,42398.6
3122.224,4232.182,68.7747,0.000,42410.0
3122.224,4232.386,68.7440,0.000,42425.5
3122.224,4232.586,68.7176,0.000,42438.9
3122.724,4232.784,68.6899,0.000,42452.9
3122.724,4232.984,68.6605,0.000,42467.8
3123.224,4233.182,68.6190,0.000,42488.7
3123.225,4233.386,68.5879,0.000,42504.4
3123.225,4233.586,68.5553,0.000,42520.9
3123.724,4233.784,68.5298,0.000,42533.7
3123.724,4233.988,68.5063,0.000,42545.7
3124.224,4234.190,68.4736,0.000,42562.1
3124.224,4234.390,68.4412,0.000,42578.5
3124.224,4234.594,68.4154,0.000,42591.5
3124.724,4234.790,68.3804,0.000,42609.2
3124.724,4234.988,68.3481,0.000,42625.5
3125.224,4235.190,68.3092,0.000,42645.1
3125.224,4235.394,68.2821,0.000,42658.9
3125.224,4235.594,68.2642,0.000,42667.9
3125.724,4235.792,68.2311,0.000,42684.5
3125.724,4235.992,68.1982,0.000,42701.1
3126.224,4236.194,68.1709,0.000,42714.9
3126.224,4236.394,68.1418,0.000,42729.6
3126.225,4236.596,68.1038,0.000,42748.7
3126.724,4236.792,68.0745,0.000,42763.4
3126.725,4236.992,68.0524,0.000,42774.6
3127.224,4237.196,68.0164,0.000,42792.8
3127.224,4237.394,67.9853,0.000,42808.5
3127.224,4237.596,67.9582,0.000,42822.1
3127.724,4237.800,67.9264,0.000,42838.1
3127.724,4238.000,67.9043,0.000,42849.3
3128.224,4238.198,67.8686,0.000,42867.2
3128.224,4238.398,67.8315,0.000,42885.9
3128.224,4238.600,67.8058,0.000,42898.8
3128.724,4238.804,67.7700,0.000,42916.9
3128.724,4239.000,67.7451,0.000,42929.4
3129.223,4239.198,67.7158,0.000,42944.1
3129.224,4239.402,67.6785,0.000,42962.9
3129.224,4239.604,67.6569,0.000,42973.8
3129.723,4239.804,67.6252,0.000,42989.7
3129.724,4240.002,67.5894,0.000,43007.7
3130.223,4240.204,67.5503,0.000,43027.5
3130.223,4240.402,67.5225,0.000,43041.4
3130.223,4240.604,67.4893,0.000,43058.1
3130.724,4240.808,67.4722,0.000,43066.7
3130.724,4241.008,67.4421,0.000,43081.8
3131.224,4241.206,67.4170,0.000,43094.5
3131.225,4241.406,67.3792,0.000,43113.4
3131.225,4241.604,67.3449,0.000,43130.6
3131.724,4241.808,67.3140,0.000,43146.2
3131.725,4242.010,67.2905,0.000,43158.0
3132.224,4242.210,67.2603,0.000,43173.1
3132.225,4242.414,67.2365,0.000,43185.1
3132.225,4242.612,67.2061,0.000,43200.4
3132.724,4242.812,67.1768,0.000,43215.1
3132.725,4243.014,67.1532,0.000,43226.9
3133.224,4243.214,67.1157,0.000,43245.8
3133.224,4243.408,67.0928,0.000,43257.2
3133.224,4243.612,67.0591,0.000,43274.1
3133.724,4243.812,67.0282,0.000,43289.7
3133.724,4244.014,67.0005,0.000,43303.5
3134.224,4244.214,66.9744,0.000,43316.6
3134.224,4244.414,66.9512,0.000,43328.3
3134.224,4244.612,66.9180,0.000,43344.9
3134.724,4244.816,66.8926,0.000,43357.7
3134.724,4245.018,66.8605,0.000,43373.7
3135.224,4245.218,66.8240,0.000,43392.0
3135.224,4245.416,66.8005,0.000,43403.8
3135.224,4245.618,66.7695,0.000,43419.3
3135.724,4245.820,66.7422,0.000,43433.0
3135.724,4246.018,66.7179,0.000,43445.1
3136.224,4246.222,66.6883,0.000,43459.9
3136.224,4246.416,66.6465,0.000,43480.8
3136.724,4246.620,66.6269,0.000,43490.7
3136.724,4246.823,66.5986,0.000,43504.9
3136.724,4247.022,66.5731,0.000,43517.7
3137.224,4247.222,66.5335,0.000,43537.5
3137.224,4247.424,66.5107,0.000,43548.8
3137.724,4247.620,66.4785,0.000,43564.9
3137.724,4247.823,66.4598,0.000,43574.4
3137.724,4248.026,66.4281,0.000,43590.2
3138.224,4248.226,66.3989,0.000,43604.7
3138.224,4248.428,66.3706,0.000,43618.9
3138.724,4248.626,66.3395,0.000,43634.4
3138.724,4248.823,66.3008,0.000,43653.9
3138.724,4249.026,66.2809,0.000,43663.7
3139.223,4249.226,66.2476,0.000,43680.5
3139.223,4249.428,66.2272,0.000,43690.6
3139.724,4249.628,66.1968,0.000,43705.8
3139.724,4249.828,66.1642,0.000,43722.0
3139.724,4250.030,66.1424,0.000,43732.9
3140.224,4250.230,66.1113,0.000,43748.4
3140.224,4250.430,66.0806,0.000,43763.7
3140.723,4250.632,66.0526,0.000,43777.7
3140.723,4250.830,66.0317,0.000,43788.1
3140.724,4251.034,65.9897,0.000,43809.0
3141.224,4251.234,65.9692,0.000,43819.2
3141.224,4251.432,65.9383,0.000,43834.7
3141.724,4251.636,65.9160,0.000,43845.8
3141.724,4251.830,65.8918,0.000,43857.9
3141.724,4252.034,65.8633,0.000,43872.1
3142.224,4252.238,65.8346,0.000,43886.4
3142.224,4252.436,65.7902,0.000,43908.6
3142.724,4252.640,65.7651,0.000,43921.0
3142.724,4252.838,65.7362,0.000,43935.5
3142.724,4253.034,65.7135,0.000,43946.7
3143.224,4253.238,65.6885,0.000,43959.2
3143.224,4253.438,65.6562,0.000,43975.2
3143.724,4253.640,65.6248,0.000,43990.9
3143.724,4253.838,65.6081,0.000,43999.2
3143.724,4254.040,65.5703,0.000,44018.0
3144.224,4254.242,65.5482,0.000,44029.0
3144.224,4254.440,65.5117,0.000,44047.2
3144.724,4254.640,65.4896,0.000,44058.2
3144.724,4254.844,65.4621,0.000,44071.8
3144.724,4255.042,65.4342,0.000,44085.7
3145.224,4255.244,65.4108,0.000,44097.4
3145.224,4255.444,65.3797,0.000,44112.8
3145.724,4255.644,65.3454,0.000,44129.9
3145.724,4255.846,65.3247,0.000,44140.1
3145.724,4256.046,65.2869,0.000,44158.9
3146.223,4256.244,65.2637,0.000,44170.4
3146.223,4256.446,65.2326,0.000,44185.8
3146.723,4256.644,65.2036,0.000,44200.3
3146.723,4256.846,65.1746,0.000,44214.7
3146.723,4257.050,65.1480,0.000,44227.9
3147.224,4257.250,65.1273,0.000,44238.2
3147.224,4257.448,65.1038,0.000,44249.8
3147.724,4257.648,65.0711,0.000,44266.0
3147.724,4257.846,65.0472,0.000,44277.9
3147.724,4258.050,65.0120,0.000,44295.4
3148.224,4258.250,64.9853,0.000,44308.6
3148.224,4258.452,64.9640,0.000,44319.2
3148.724,4258.652,64.9297,0.000,44336.2
3148.724,4258.854,64.9062,0.000,44347.8
3148.724,4259.054,64.8833,0.000,44359.2
3149.224,4259.252,64.8553,0.000,44373.0
3149.225,4259.454,64.8319,0.000,44384.6
3149.723,4259.652,64.7993,0.000,44400.8
3149.723,4259.854,64.7642,0.000,44418.2
3149.723,4260.058,64.7415,0.000,44429.3
3150.224,4260.258,64.7077,0.000,44446.1
3150.224,4260.456,64.6820,0.000,44458.8
3150.724,4260.656,64.6512,0.000,44474.0
3150.725,4260.854,64.6307,0.000,44484.2
3150.725,4261.058,64.6038,0.000,44497.5
3151.224,4261.260,64.5705,0.000,44514.0
3151.224,4261.460,64.5493,0.000,44524.5
3151.724,4261.658,64.5163,0.000,44540.8
3151.724,4261.860,64.4827,0.000,44557.4
3151.724,4262.058,64.4653,0.000,44565.9
3152.224,4262.260,64.4398,0.000,44578.6
3152.224,4262.462,64.4088,0.000,44593.9
3152.724,4262.658,64.3818,0.000,44607.2
3152.724,4262.862,64.3481,0.000,44623.9
3152.724,4263.066,64.3291,0.000,44633.3
3153.224,4263.264,64.3035,0.000,44645.9
3153.224,4263.468,64.2712,0.000,44661.8
3153.723,4263.664,64.2329,0.000,44680.7
3153.724,4263.862,64.2160,0.000,44689.1
3153.724,4264.066,64.1929,0.000,44700.6
3154.224,4264.266,64.1556,0.000,44718.9
3154.224,4264.468,64.1361,0.000,44728.5
3154.724,4264.666,64.1074,0.000,44742.6
3154.724,4264.870,64.0835,0.000,44754.4
3154.724,4265.070,64.0566,0.000,44767.6
3155.223,4265.268,64.0337,0.000,44778.9
3155.224,4265.472,63.9976,0.000,44796.7
3155.723,4265.666,63.9764,0.000,44807.2
3155.723,4265.870,63.9409,0.000,44824.7
3155.723,4266.073,63.9204,0.000,44834.8
3156.224,4266.272,63.8883,0.000,44850.6
3156.224,4266.472,63.8649,0.000,44862.1
3156.723,4266.674,63.8314,0.000,44878.6
3156.723,4266.870,63.8063,0.000,44890.9
3156.723,4267.073,63.7822,0.000,44902.8
3157.224,4267.276,63.7511,0.000,44918.1
3157.224,4267.476,63.7283,0.000,44929.2
3157.724,4267.678,63.6886,0.000,44948.8
3157.724,4267.876,63.6595,0.000,44963.1
3157.724,4268.073,63.6367,0.000,44974.3
3158.224,4268.276,63.6131,0.000,44985.9
3158.224,4268.476,63.5938,0.000,44995.4
3158.724,4268.678,63.5703,0.000,45006.9
3158.724,4268.878,63.5392,0.000,45022.2
3158.724,4269.078,63.5156,0.000,45033.8
3159.224,4269.280,63.4800,0.000,45051.3
3159.224,4269.480,63.4587,0.000,45061.7
3159.724,4269.680,63.4290,0.000,45076.3
3159.725,4269.882,63.4023,0.000,45089.4
3159.725,4270.080,63.3779,0.000,45101.3
3160.224,4270.284,63.3489,0.000,45115.5
3160.224,4270.484,63.3328,0.000,45123.5
3160.724,4270.682,63.2936,0.000,45142.7
3160.725,4270.886,63.2773,0.000,45150.7
3160.725,4271.080,63.2490,0.000,45164.5
3161.224,4271.284,63.2188,0.000,45179.3
3161.224,4271.488,63.1963,0.000,45190.4
3161.724,4271.686,63.1559,0.000,45210.1
3161.724,4271.890,63.1330,0.000,45221.4
3161.724,4272.088,63.1108,0.000,45232.2
3162.224,4272.284,63.0889,0.000,45242.9
3162.224,4272.488,63.0635,0.000,45255.4
3162.724,4272.688,63.0325,0.000,45270.6
3162.724,4272.890,63.0174,0.000,45278.0
3162.724,4273.088,62.9855,0.000,45293.6
3163.224,4273.290,62.9521,0.000,45309.9
3163.224,4273.492,62.9241,0.000,45323.6
3163.723,4273.690,62.9051,0.000,45332.9
3163.723,4273.890,62.8794,0.000,45345.4
3163.723,4274.094,62.8509,0.000,45359.4
3164.224,4274.292,62.8309,0.000,45369.1
3164.224,4274.494,62.7925,0.000,45387.9
3164.724,4274.694,62.7681,0.000,45399.8
3164.725,4274.894,62.7361,0.000,45415.4
3164.725,4275.096,62.7098,0.000,45428.2
3165.223,4275.296,62.7004,0.000,45432.9
3165.223,4275.494,62.6647,0.000,45450.2
3165.724,4275.696,62.6370,0.000,45463.8
3165.725,4275.894,62.6064,0.000,45478.6
3165.725,4276.096,62.5823,0.000,45490.4
3166.224,4276.300,62.5516,0.000,45505.5
3166.224,4276.500,62.5304,0.000,45515.7
3166.724,4276.698,62.5010,0.000,45530.1
3166.725,4276.898,62.4775,0.000,45541.4
3166.725,4277.096,62.4482,0.000,45555.8
3167.223,4277.300,62.4157,0.000,45571.6
3167.224,4277.500,62.3879,0.000,45585.2
3167.724,4277.702,62.3730,0.000,45592.4
3167.725,4277.902,62.3366,0.000,45610.2
3167.725,4278.104,62.3260,0.000,45615.3
3168.224,4278.304,62.2978,0.000,45629.0
3168.224,4278.502,62.2617,0.000,45646.5
3168.724,4278.704,62.2384,0.000,45657.8
3168.724,4278.902,62.2179,0.000,45667.8
3168.724,4279.104,62.1868,0.000,45683.0
3169.224,4279.308,62.1610,0.000,45695.6
3169.224,4279.508,62.1388,0.000,45706.3
3169.724,4279.706,62.1061,0.000,45722.2
3169.724,4279.906,62.0799,0.000,45734.9
3169.724,4280.104,62.0692,0.000,45740.2
3170.224,4280.308,62.0478,0.000,45750.4
3170.225,4280.510,62.0203,0.000,45763.8
3170.724,4280.710,61.9927,0.000,45777.3
3170.725,4280.908,61.9590,0.000,45793.6
3170.725,4281.110,61.9453,0.000,45800.3
3171.224,4281.308,61.9194,0.000,45812.9
3171.224,4281.510,61.8944,0.000,45825.0
3171.724,4281.712,61.8594,0.000,45841.9
3171.724,4281.908,61.8388,0.000,45852.0
3171.724,4282.112,61.8117,0.000,45865.0
3172.224,4282.316,61.7895,0.000,45875.9
3172.224,4282.514,61.7642,0.000,45888.0
3172.724,4282.718,61.7387,0.000,45900.4
3172.724,4282.914,61.7155,0.000,45911.7
3172.724,4283.112,61.6907,0.000,45923.7
3173.224,4283.316,61.6619,0.000,45937.6
3173.224,4283.518,61.6299,0.000,45953.1
3173.724,4283.718,61.6089,0.000,45963.3
3173.724,4283.916,61.5856,0.000,45974.5
3173.725,4284.118,61.5565,0.000,45988.6
3174.224,4284.316,61.5285,0.000,46002.2
3174.224,4284.518,61.5112,0.000,46010.5
3174.724,4284.722,61.4829,0.000,46024.2
3174.724,4284.922,61.4678,0.000,46031.5
3174.725,4285.120,61.4352,0.000,46047.2
3175.224,4285.320,61.4077,0.000,46060.6
3175.224,4285.518,61.3809,0.000,46073.5
3175.724,4285.722,61.3501,0.000,46088.4
3175.724,4285.924,61.3205,0.000,46102.6
3176.224,4286.120,61.3021,0.000,46111.5
3176.224,4286.323,61.2806,0.000,46121.9
3176.224,4286.526,61.2534,0.000,46135.1
3176.724,4286.726,61.2283,0.000,46147.1
3176.724,4286.928,61.2080,0.000,46156.9
3177.224,4287.124,61.1780,0.000,46171.4
3177.224,4287.328,61.1528,0.000,46183.5
3177.224,4287.526,61.1377,0.000,46190.8
3177.724,4287.726,61.1012,0.000,46208.4
3177.724,4287.928,61.0822,0.000,46217.5
3178.224,4288.128,61.0569,0.000,46229.7
3178.224,4288.328,61.0301,0.000,46242.6
3178.224,4288.526,61.0161,0.000,46249.4
3178.724,4288.730,60.9777,0.000,46267.9
3178.724,4288.932,60.9466,0.000,46282.8
3179.224,4289.132,60.9312,0.000,46290.2
3179.224,4289.330,60.9136,0.000,46298.7
3179.224,4289.530,60.8892,0.000,46310.4
3179.724,4289.730,60.8608,0.000,46324.0
3179.724,4289.932,60.8379,0.000,46335.1
3180.224,4290.136,60.8065,0.000,46350.2
3180.224,4290.336,60.7785,0.000,46363.6
3180.224,4290.534,60.7610,0.000,46372.0
3180.724,4290.734,60.7358,0.000,46384.2
3180.724,4290.932,60.7083,0.000,46397.4
3181.224,4291.136,60.6851,0.000,46408.5
3181.224,4291.338,60.6629,0.000,46419.1
3181.224,4291.534,60.6440,0.000,46428.1
3181.724,4291.738,60.6194,0.000,46440.0
3181.724,4291.940,60.5906,0.000,46453.8
3182.224,4292.140,60.5688,0.000,46464.3
3182.224,4292.344,60.5382,0.000,46478.9
3182.224,4292.540,60.5107,0.000,46492.1
3182.724,4292.738,60.4808,0.000,46506.5
3182.724,4292.940,60.4617,0.000,46515.6
3183.224,4293.144,60.4357,0.000,46528.1
3183.224,4293.344,60.4180,0.000,46536.6
3183.224,4293.542,60.3926,0.000,46548.8
3183.724,4293.742,60.3633,0.000,46562.8
3183.724,4293.940,60.3481,0.000,46570.0
3184.224,4294.144,60.3130,0.000,46586.8
3184.224,4294.346,60.2834,0.000,46601.0
3184.224,4294.546,60.2640,0.000,46610.3
3184.724,4294.744,60.2361,0.000,46623.6
3184.724,4294.946,60.2104,0.000,46635.8
3185.224,4295.148,60.1873,0.000,46647.0
3185.224,4295.346,60.1686,0.000,46655.9
3185.224,4295.550,60.1382,0.000,46670.4
3185.723,4295.744,60.1247,0.000,46676.9
3185.723,4295.948,60.0880,0.000,46694.3
3186.224,4296.152,60.0734,0.000,46701.4
3186.224,4296.350,60.0451,0.000,46714.8
3186.224,4296.554,60.0172,0.000,46728.2
3186.724,4296.750,59.9922,0.000,46740.1
3186.724,4296.954,59.9687,0.000,46751.3
3187.225,4297.152,59.9477,0.000,46761.3
3187.225,4297.354,59.9206,0.000,46774.2
3187.225,4297.554,59.9030,0.000,46782.6
3187.724,4297.752,59.8760,0.000,46795.5
3187.724,4297.954,59.8574,0.000,46804.3
3188.224,4298.152,59.8298,0.000,46817.5
3188.225,4298.354,59.7961,0.000,46833.6
3188.225,4298.558,59.7838,0.000,46839.4
3188.724,4298.758,59.7583,0.000,46851.5
3188.724,4298.956,59.7300,0.000,46865.1
3189.224,4299.156,59.7012,0.000,46878.8
3189.224,4299.354,59.6846,0.000,46886.7
3189.224,4299.558,59.6592,0.000,46898.8
3189.724,4299.760,59.6340,0.000,46910.7
3189.724,4299.960,59.6176,0.000,46918.5
3190.224,4300.158,59.5936,0.000,46929.9
3190.225,4300.360,59.5667,0.000,46942.7
3190.225,4300.558,59.5452,0.000,46952.9
3190.724,4300.760,59.5184,0.000,46965.7
3190.724,4300.962,59.4925,0.000,46977.9
3191.224,4301.158,59.4674,0.000,46989.8
3191.224,4301.366,59.4533,0.000,46996.6
3191.224,4301.566,59.4165,0.000,47014.0
3191.724,4301.764,59.4015,0.000,47021.1
3191.724,4301.968,59.3743,0.000,47034.0
3192.224,4302.164,59.3600,0.000,47040.8
3192.224,4302.362,59.3338,0.000,47053.2
3192.224,4302.566,59.3154,0.000,47061.9
3192.724,4302.766,59.2874,0.000,47075.2
3192.724,4302.968,59.2552,0.000,47090.5
3193.224,4303.166,59.2241,0.000,47105.2
3193.224,4303.370,59.1943,0.000,47119.3
3193.225,4303.570,59.1733,0.000,47129.3
3193.724,4303.768,59.1504,0.000,47140.1
3193.724,4303.972,59.1191,0.000,47154.9
3194.224,4304.166,59.1035,0.000,47162.4
3194.224,4304.370,59.0742,0.000,47176.1
3194.224,4304.573,59.0562,0.000,47184.7
3194.723,4304.772,59.0316,0.000,47196.4
3194.724,4304.972,59.0081,0.000,47207.4
3195.224,4305.174,58.9804,0.000,47220.5
3195.224,4305.370,58.9525,0.000,47233.7
3195.224,4305.573,58.9329,0.000,47243.0
3195.723,4305.776,58.9033,0.000,47256.9
3195.724,4305.976,58.8789,0.000,47268.5
3196.223,4306.178,58.8589,0.000,47278.0
3196.224,4306.376,58.8344,0.000,47289.4
3196.224,4306.578,58.8152,0.000,47298.5
3196.724,4306.776,58.7903,0.000,47310.2
3196.724,4306.976,58.7730,0.000,47318.4
3197.224,4307.178,58.7526,0.000,47328.1
3197.224,4307.378,58.7275,0.000,47339.8
3197.224,4307.578,58.6964,0.000,47354.5
3197.723,4307.780,58.6670,0.000,47368.4
3197.724,4307.980,58.6444,0.000,47379.1
3198.224,4308.180,58.6229,0.000,47389.2
3198.225,4308.382,58.6025,0.000,47398.7
3198.225,4308.578,58.5820,0.000,47408.4
3198.724,4308.780,58.5539,0.000,47421.7
3198.724,4308.980,58.5298,0.000,47433.0
3199.224,4309.182,58.5137,0.000,47440.6
3199.225,4309.386,58.4892,0.000,47452.1
3199.225,4309.586,58.4702,0.000,47461.0
3199.724,4309.784,58.4367,0.000,47476.8
3199.725,4309.984,58.4204,0.000,47484.4
3200.224,4310.182,58.3997,0.000,47494.2
3200.225,4310.386,58.3686,0.000,47508.8
3200.225,4310.586,58.3538,0.000,47515.7
3200.724,4310.784,58.3239,0.000,47529.7
3200.724,4310.988,58.2978,0.000,47542.0
3201.224,4311.190,58.2767,0.000,47551.9
3201.224,4311.390,58.2550,0.000,47562.1
3201.224,4311.594,58.2388,0.000,47569.6
3201.724,4311.790,58.2158,0.000,47580.4
3201.724,4311.988,58.1898,0.000,47592.7
3202.223,4312.190,58.1631,0.000,47605.1
3202.224,4312.394,58.1440,0.000,47614.1
3202.224,4312.594,58.1162,0.000,47627.1
3202.724,4312.792,58.0937,0.000,47637.7
3202.724,4312.992,58.0798,0.000,47644.2
3203.224,4313.190,58.0516,0.000,47657.4
3203.225,4313.394,58.0244,0.000,47670.2
3203.225,4313.596,58.0054,0.000,47679.0
3203.724,4313.796,57.9778,0.000,47691.9
3203.725,4313.994,57.9585,0.000,47701.0
3204.224,4314.196,57.9443,0.000,47707.6
3204.225,4314.394,57.9217,0.000,47718.2
3204.225,4314.596,57.8936,0.000,47731.3
3204.724,4314.800,57.8774,0.000,47738.8
3204.724,4315.000,57.8590,0.000,47747.4
3205.224,4315.198,57.8262,0.000,47762.8
3205.225,4315.398,57.8052,0.000,47772.7
3205.225,4315.596,57.7803,0.000,47784.2
3205.724,4315.800,57.7617,0.000,47792.9
3205.724,4316.000,57.7331,0.000,47806.2
3206.223,4316.202,57.7056,0.000,47819.0
3206.223,4316.402,57.6860,0.000,47828.3
3206.224,4316.604,57.6646,0.000,47838.2
3206.723,4316.804,57.6489,0.000,47845.5
3206.723,4317.002,57.6294,0.000,47854.6
3207.224,4317.204,57.6001,0.000,47868.3
3207.224,4317.402,57.5710,0.000,47881.8
3207.224,4317.604,57.5395,0.000,47896.5
3207.724,4317.808,57.5236,0.000,47903.9
3207.724,4318.008,57.5010,0.000,47914.4
3208.224,4318.206,57.4956,0.000,47916.9
3208.224,4318.406,57.4751,0.000,47926.4
3208.224,4318.604,57.4481,0.000,47939.1
3208.724,4318.808,57.4170,0.000,47953.5
3208.724,4319.010,57.3970,0.000,47962.8
3209.224,4319.210,57.3879,0.000,47967.1
3209.224,4319.408,57.3672,0.000,47976.6
3209.224,4319.610,57.3413,0.000,47988.7
3209.724,4319.808,57.3135,0.000,48001.6
3209.724,4320.010,57.2933,0.000,48011.0
3210.224,4320.212,57.2726,0.000,48020.6
3210.224,4320.408,57.2500,0.000,48031.1
3210.224,4320.612,57.2280,0.000,48041.2
3210.724,4320.816,57.2087,0.000,48050.3
3210.725,4321.014,57.1907,0.000,48058.6
3211.224,4321.218,57.1670,0.000,48069.6
3211.224,4321.414,57.1408,0.000,48081.7
3211.224,4321.612,57.1206,0.000,48091.1
3211.724,4321.816,57.0957,0.000,48102.6
3211.724,4322.016,57.0749,0.000,48112.3
3212.223,4322.218,57.0472,0.000,48125.1
3212.224,4322.416,57.0231,0.000,48136.3
3212.224,4322.620,57.0075,0.000,48143.5
3212.723,4322.820,56.9829,0.000,48154.9
3212.723,4323.018,56.9539,0.000,48168.4
3213.223,4323.222,56.9388,0.000,48175.3
3213.224,4323.416,56.9129,0.000,48187.3
3213.723,4323.620,56.8975,0.000,48194.4
3213.724,4323.823,56.8740,0.000,48205.2
3213.724,4324.022,56.8553,0.000,48213.9
3214.224,4324.222,56.8208,0.000,48229.9
3214.224,4324.424,56.8058,0.000,48236.8
3214.724,4324.620,56.7786,0.000,48249.3
3214.724,4324.823,56.7591,0.000,48258.4
3214.724,4325.026,56.7290,0.000,48272.3
3215.224,4325.226,56.7119,0.000,48280.1
3215.225,4325.428,56.6940,0.000,48288.4
3215.724,4325.626,56.6706,0.000,48299.2
3215.724,4325.828,56.6460,0.000,48310.5
3215.724,4326.026,56.6300,0.000,48317.9
3216.224,4326.226,56.5984,0.000,48332.4
3216.225,4326.428,56.5815,0.000,48340.3
3216.724,4326.628,56.5579,0.000,48351.1
3216.725,4326.828,56.5425,0.000,48358.2
3216.725,4327.030,56.5179,0.000,48369.6
3217.224,4327.230,56.4982,0.000,48378.6
3217.225,4327.430,56.4785,0.000,48387.8
3217.723,4327.632,56.4515,0.000,48400.2
3217.723,4327.830,56.4274,0.000,48411.2
3217.724,4328.034,56.4097,0.000,48419.4
3218.223,4328.234,56.3955,0.000,48425.8
3218.223,4328.432,56.3603,0.000,48442.1
3218.724,4328.636,56.3467,0.000,48448.3
3218.724,4328.830,56.3286,0.000,48456.6
3218.724,4329.034,56.3024,0.000,48468.6
3219.224,4329.238,56.2827,0.000,48477.8
3219.224,4329.436,56.2646,0.000,48486.0
3219.723,4329.640,56.2451,0.000,48495.0
3219.724,4329.838,56.2165,0.000,48508.1
3219.724,4330.034,56.1909,0.000,48519.8
3220.224,4330.238,56.1681,0.000,48530.3
3220.225,4330.440,56.1475,0.000,48539.8
3220.724,4330.640,56.1270,0.000,48549.2
3220.724,4330.844,56.1064,0.000,48558.5
3220.725,4331.038,56.0835,0.000,48569.1
3221.224,4331.242,56.0680,0.000,48576.2
3221.224,4331.440,56.0542,0.000,48582.5
3221.724,4331.640,56.0285,0.000,48594.3
3221.725,4331.844,56.0127,0.000,48601.5
3221.725,4332.042,55.9858,0.000,48613.8
3222.223,4332.244,55.9608,0.000,48625.3
3222.224,4332.444,55.9319,0.000,48638.5
3222.724,4332.644,55.9173,0.000,48645.2
3222.724,4332.846,55.8976,0.000,48654.2
3222.724,4333.042,55.8760,0.000,48664.1
3223.224,4333.244,55.8599,0.000,48671.4
3223.224,4333.446,55.8298,0.000,48685.2
3223.724,4333.644,55.8135,0.000,48692.6
3223.724,4333.846,55.7920,0.000,48702.5
3223.724,4334.050,55.7716,0.000,48711.7
3224.224,4334.250,55.7520,0.000,48720.7
3224.224,4334.448,55.7241,0.000,48733.5
3224.724,4334.648,55.7077,0.000,48740.9
3224.724,4334.846,55.6902,0.000,48748.9
3224.724,4335.050,55.6626,0.000,48761.5
3225.224,4335.250,55.6419,0.000,48770.9
3225.224,4335.452,55.6084,0.000,48786.2
3225.723,4335.652,55.5884,0.000,48795.2
3225.723,4335.854,55.5771,0.000,48800.4
3225.723,4336.054,55.5513,0.000,48812.2
3226.224,4336.252,55.5272,0.000,48823.2
3226.224,4336.454,55.5098,0.000,48831.1
3226.724,4336.652,55.4964,0.000,48837.2
3226.724,4336.854,55.4783,0.000,48845.4
3226.724,4337.058,55.4502,0.000,48858.1
3227.223,4337.258,55.4329,0.000,48866.1
3227.223,4337.456,55.4077,0.000,48877.5
3227.724,4337.656,55.3774,0.000,48891.3
3227.724,4337.854,55.3558,0.000,48901.1
3227.724,4338.058,55.3433,0.000,48906.8
3228.224,4338.260,55.3159,0.000,48919.2
3228.225,4338.460,55.3034,0.000,48924.9
3228.723,4338.658,55.2809,0.000,48935.1
3228.723,4338.860,55.2510,0.000,48948.7
3228.723,4339.058,55.2278,0.000,48959.2
3229.224,4339.260,55.2210,0.000,48962.3
3229.225,4339.462,55.2013,0.000,48971.2
3229.723,4339.658,55.1733,0.000,48984.0
3229.724,4339.862,55.1523,0.000,48993.5
3229.724,4340.066,55.1413,0.000,48998.5
3230.224,4340.264,55.1137,0.000,49010.9
3230.224,4340.468,55.0845,0.000,49024.2
3230.724,4340.664,55.0667,0.000,49032.2
3230.725,4340.862,55.0439,0.000,49042.6
3230.725,4341.066,55.0195,0.000,49053.6
3231.223,4341.266,54.9982,0.000,49063.2
3231.224,4341.468,54.9826,0.000,49070.3
3231.724,4341.666,54.9679,0.000,49076.9
3231.725,4341.870,54.9448,0.000,49087.4
3231.725,4342.070,54.9185,0.000,49099.2
3232.224,4342.268,54.8950,0.000,49109.8
3232.224,4342.472,54.8726,0.000,49120.0
3232.724,4342.666,54.8476,0.000,49131.3
3232.725,4342.870,54.8242,0.000,49141.8
3232.725,4343.073,54.7866,0.000,49158.8
3233.223,4343.272,54.7725,0.000,49165.2
3233.224,4343.472,54.7433,0.000,49178.4
3233.723,4343.674,54.7314,0.000,49183.7
3233.723,4343.870,54.7077,0.000,49194.4
3233.723,4344.073,54.6865,0.000,49203.9
3234.223,4344.276,54.6675,0.000,49212.6
3234.223,4344.476,54.6484,0.000,49221.1
3234.724,4344.678,54.6245,0.000,49231.9
3234.724,4344.876,54.6071,0.000,49239.7
3234.724,4345.073,54.5894,0.000,49247.7
3235.224,4345.276,54.5610,0.000,49260.4
3235.224,4345.476,54.5459,0.000,49267.2
3235.724,4345.678,54.5226,0.000,49277.7
3235.724,4345.878,54.4980,0.000,49288.8
3235.724,4346.078,54.4806,0.000,49296.6
3236.224,4346.280,54.4643,0.000,49304.0
3236.224,4346.480,54.4385,0.000,49315.6
3236.724,4346.680,54.4222,0.000,49322.9
3236.724,4346.882,54.4077,0.000,49329.5
3236.724,4347.080,54.3812,0.000,49341.3
3237.224,4347.284,54.3676,0.000,49347.4
3237.224,4347.484,54.3559,0.000,49352.6
3237.724,4347.682,54.3291,0.000,49364.7
3237.725,4347.886,54.3008,0.000,49377.4
3237.725,4348.080,54.2770,0.000,49388.1
3238.224,4348.284,54.2550,0.000,49397.9
3238.224,4348.484,54.2314,0.000,49408.5
3238.724,4348.682,54.2314,0.000,49408.5
3238.724,4348.886,54.2054,0.000,49420.1
3238.725,4349.086,54.1823,0.000,49430.5
3239.224,4349.284,54.1662,0.000,49437.7
3239.225,4349.488,54.1501,0.000,49444.9
3239.724,4349.688,54.1274,0.000,49455.1
3239.724,4349.890,54.0998,0.000,49467.4
3239.724,4350.088,54.0895,0.000,49472.0
3240.224,4350.290,54.0640,0.000,49483.5
3240.224,4350.488,54.0425,0.000,49493.1
3240.724,4350.690,54.0298,0.000,49498.7
3240.724,4350.894,54.0189,0.000,49503.6
3240.725,4351.094,53.9868,0.000,49518.0
3241.223,4351.292,53.9709,0.000,49525.0
3241.224,4351.492,53.9463,0.000,49536.0
3241.724,4351.690,53.9216,0.000,49547.0
3241.725,4351.894,53.9030,0.000,49555.3
3241.725,4352.096,53.8809,0.000,49565.2
3242.224,4352.296,53.8537,0.000,49577.3
3242.225,4352.494,53.8467,0.000,49580.5
3242.724,4352.696,53.8196,0.000,49592.5
3242.724,4352.894,53.8055,0.000,49598.8
3242.724,4353.096,53.7925,0.000,49604.6
3243.224,4353.300,53.7671,0.000,49615.9
3243.224,4353.500,53.7448,0.000,49625.8
3243.724,4353.698,53.7360,0.000,49629.7
3243.724,4353.898,53.7103,0.000,49641.2
3243.724,4354.096,53.6953,0.000,49647.8
3244.224,4354.304,53.6650,0.000,49661.4
3244.224,4354.500,53.6504,0.000,49667.9
3244.724,4354.698,53.6265,0.000,49678.5
3244.724,4354.902,53.6102,0.000,49685.7
3244.724,4355.104,53.5903,0.000,49694.5
3245.224,4355.304,53.5685,0.000,49704.2
3245.224,4355.502,53.5563,0.000,49709.6
3245.724,4355.704,53.5337,0.000,49719.8
3245.724,4355.902,53.5247,0.000,49723.7
3245.724,4356.104,53.5049,0.000,49732.5
3246.223,4356.308,53.4770,0.000,49744.9
3246.223,4356.508,53.4591,0.000,49752.8
3246.723,4356.706,53.4394,0.000,49761.6
3246.724,4356.906,53.4189,0.000,49770.6
3246.724,4357.108,53.4009,0.000,49778.7
3247.223,4357.308,53.3701,0.000,49792.2
3247.224,4357.510,53.3608,0.000,49796.4
3247.723,4357.706,53.3333,0.000,49808.6
3247.724,4357.908,53.3096,0.000,49819.2
3247.724,4358.112,53.2842,0.000,49830.4
3248.224,4358.312,53.2817,0.000,49831.5
3248.225,4358.510,53.2585,0.000,49841.7
3248.724,4358.712,53.2326,0.000,49853.2
3248.725,4358.908,53.2163,0.000,49860.4
3248.725,4359.112,53.2041,0.000,49865.8
3249.223,4359.316,53.1772,0.000,49877.6
3249.223,4359.514,53.1626,0.000,49884.1
3249.724,4359.718,53.1458,0.000,49891.6
3249.725,4359.914,53.1284,0.000,49899.2
3249.725,4360.112,53.0983,0.000,49912.5
3250.224,4360.316,53.0788,0.000,49921.1
3250.225,4360.516,53.0644,0.000,49927.4
3250.724,4360.718,53.0376,0.000,49939.4
3250.725,4360.916,53.0252,0.000,49944.8
3250.725,4361.120,53.0058,0.000,49953.4
3251.224,4361.320,52.9819,0.000,49963.8
3251.224,4361.518,52.9687,0.000,49969.7
3251.723,4361.722,52.9565,0.000,49975.1
3251.723,4361.916,52.9336,0.000,49985.2
3252.224,4362.120,52.9106,0.000,49995.3
3252.225,4362.323,52.8983,0.000,50000.8
3252.225,4362.522,52.8735,0.000,50011.6
3252.724,4362.722,52.8589,0.000,50018.0
3252.724,4362.924,52.8317,0.000,50030.0
3253.224,4363.120,52.8179,0.000,50036.1
3253.225,4363.323,52.7964,0.000,50045.6
3253.225,4363.526,52.7752,0.000,50054.9
3253.724,4363.726,52.7580,0.000,50062.4
3253.724,4363.928,52.7391,0.000,50070.8
3254.224,4364.126,52.7272,0.000,50076.0
3254.225,4364.328,52.6964,0.000,50089.5
3254.225,4364.526,52.6803,0.000,50096.5
3254.723,4364.726,52.6608,0.000,50105.1
3254.723,4364.928,52.6489,0.000,50110.3
3255.224,4365.128,52.6225,0.000,50122.0
3255.224,4365.328,52.6144,0.000,50125.5
3255.224,4365.530,52.5929,0.000,50134.9
3255.723,4365.730,52.5749,0.000,50142.8
3255.723,4365.930,52.5486,0.000,50154.4
3256.224,4366.132,52.5329,0.000,50161.2
3256.224,4366.328,52.5057,0.000,50173.2
3256.224,4366.530,52.4980,0.000,50176.5
3256.723,4366.730,52.4756,0.000,50186.3
3256.724,4366.932,52.4555,0.000,50195.1
3257.224,4367.136,52.4329,0.000,50205.0
3257.225,4367.336,52.4126,0.000,50213.9
3257.225,4367.534,52.4017,0.000,50218.7
3257.724,4367.734,52.3808,0.000,50227.8
3257.724,4367.932,52.3625,0.000,50235.8
3258.224,4368.136,52.3551,0.000,50239.0
3258.224,4368.338,52.3306,0.000,50249.7
3258.224,4368.534,52.3086,0.000,50259.4
3258.724,4368.738,52.2954,0.000,50265.1
3258.724,4368.940,52.2707,0.000,50275.9
3259.224,4369.140,52.2482,0.000,50285.7
3259.224,4369.344,52.2321,0.000,50292.8
3259.224,4369.540,52.2088,0.000,50302.9
3259.724,4369.738,52.1919,0.000,50310.3
3259.724,4369.940,52.1663,0.000,50321.5
3260.226,4370.144,52.1523,0.000,50327.5
3260.226,4370.344,52.1365,0.000,50334.5
3260.226,4370.542,52.1138,0.000,50344.4
3260.724,4370.742,52.1032,0.000,50349.0
3260.724,4370.940,52.0788,0.000,50359.6
3261.223,4371.144,52.0639,0.000,50366.1
3261.224,4371.346,52.0454,0.000,50374.2
3261.224,4371.546,52.0293,0.000,50381.2
3261.724,4371.744,52.0052,0.000,50391.6
3261.724,4371.946,51.9824,0.000,50401.6
3262.224,4372.148,51.9707,0.000,50406.7
3262.224,4372.346,51.9522,0.000,50414.7
3262.224,4372.550,51.9344,0.000,50422.4
3262.724,4372.744,51.9147,0.000,50431.0
3262.725,4372.948,51.8991,0.000,50437.7
3263.224,4373.152,51.8704,0.000,50450.2
3263.225,4373.350,51.8608,0.000,50454.4
3263.225,4373.550,51.8394,0.000,50463.7
3263.724,4373.750,51.8270,0.000,50469.1
3263.724,4373.948,51.8071,0.000,50477.7
3264.224,4374.152,51.7892,0.000,50485.5
3264.225,4374.354,51.7692,0.000,50494.2
3264.225,4374.554,51.7500,0.000,50502.5
3264.724,4374.752,51.7370,0.000,50508.1
3264.725,4374.954,51.7270,0.000,50512.4
3265.224,4375.152,51.7002,0.000,50524.1
3265.225,4375.354,51.6790,0.000,50533.2
3265.225,4375.558,51.6558,0.000,50543.3
3265.724,4375.758,51.6323,0.000,50553.5
3265.724,4375.956,51.6187,0.000,50559.3
3266.224,4376.156,51.6054,0.000,50565.1
3266.224,4376.354,51.5820,0.000,50575.2
3266.224,4376.558,51.5635,0.000,50583.2
3266.724,4376.760,51.5513,0.000,50588.5
3266.725,4376.960,51.5302,0.000,50597.6
3267.224,4377.164,51.5081,0.000,50607.1
3267.224,4377.362,51.4914,0.000,50614.4
3267.225,4377.562,51.4746,0.000,50621.6
3267.723,4377.764,51.4614,0.000,50627.3
3267.723,4377.964,51.4368,0.000,50637.9
3268.224,4378.158,51.4204,0.000,50645.1
3268.224,4378.362,51.4030,0.000,50652.5
3268.224,4378.562,51.3846,0.000,50660.4
3268.724,4378.764,51.3716,0.000,50666.1
3268.724,4378.964,51.3457,0.000,50677.2
3269.224,4379.164,51.3312,0.000,50683.5
3269.225,4379.366,51.3086,0.000,50693.2
3269.225,4379.566,51.2900,0.000,50701.2
3269.724,4379.766,51.2781,0.000,50706.3
3269.724,4379.968,51.2500,0.000,50718.4
3270.224,4380.166,51.2363,0.000,50724.3
3270.224,4380.368,51.2155,0.000,50733.3
3270.224,4380.566,51.2012,0.000,50739.4
3270.724,4380.768,51.1912,0.000,50743.7
3270.724,4380.972,51.1660,0.000,50754.6
3271.224,4381.172,51.1528,0.000,50760.2
3271.224,4381.370,51.1299,0.000,50770.1
3271.224,4381.570,51.1137,0.000,50777.0
3271.724,4381.768,51.0911,0.000,50786.7
3271.724,4381.972,51.0828,0.000,50790.4
3272.224,4382.174,51.0615,0.000,50799.4
3272.225,4382.374,51.0412,0.000,50808.2
3272.225,4382.573,51.0197,0.000,50817.4
3272.724,4382.774,51.0127,0.000,50820.4
3272.724,4382.972,50.9837,0.000,50832.9
3273.224,4383.178,50.9736,0.000,50837.2
3273.224,4383.376,50.9437,0.000,50850.0
3273.225,4383.573,50.9282,0.000,50856.6
3273.724,4383.776,50.9162,0.000,50861.8
3273.725,4383.980,50.8926,0.000,50871.9
3274.224,4384.178,50.8794,0.000,50877.5
3274.224,4384.378,50.8670,0.000,50882.8
3274.224,4384.578,50.8496,0.000,50890.3
3274.724,4384.776,50.8281,0.000,50899.5
3274.725,4384.980,50.8135,0.000,50905.8
3275.224,4385.180,50.7964,0.000,50913.0
3275.225,4385.378,50.7747,0.000,50922.3
3275.225,4385.580,50.7480,0.000,50933.7
3275.724,4385.784,50.7376,0.000,50938.2
3275.724,4385.984,50.7173,0.000,50946.9
3276.224,4386.182,50.6976,0.000,50955.2
3276.224,4386.386,50.6873,0.000,50959.6
3276.224,4386.580,50.6702,0.000,50966.9
3276.724,4386.784,50.6543,0.000,50973.8
3276.725,4386.988,50.6396,0.000,50980.0
3277.224,4387.186,50.6183,0.000,50989.1
3277.224,4387.386,50.5970,0.000,50998.2
3277.224,4387.588,50.5786,0.000,51006.0
3277.724,4387.784,50.5557,0.000,51015.8
3277.725,4387.988,50.5565,0.000,51015.5
3278.224,4388.190,50.5355,0.000,51024.4
3278.225,4388.390,50.5146,0.000,51033.2
3278.225,4388.594,50.4971,0.000,51040.7
3278.724,4388.790,50.4783,0.000,51048.7
3278.724,4388.988,50.4585,0.000,51057.2
3279.224,4389.190,50.4404,0.000,51064.8
3279.224,4389.394,50.4119,0.000,51077.0
3279.224,4389.594,50.4018,0.000,51081.3
3279.724,4389.792,50.3852,0.000,51088.4
3279.724,4389.992,50.3611,0.000,51098.5
3280.224,4390.190,50.3415,0.000,51106.9
3280.224,4390.394,50.3247,0.000,51114.1
3280.224,4390.596,50.3073,0.000,51121.4
3280.724,4390.796,50.2944,0.000,51126.9
3280.725,4390.994,50.2781,0.000,51133.8
3281.224,4391.196,50.2708,0.000,51136.9
3281.225,4391.394,50.2368,0.000,51151.3
3281.225,4391.596,50.2266,0.000,51155.6
3281.724,4391.800,50.2085,0.000,51163.4
3281.724,4391.994,50.1865,0.000,51172.6
3282.224,4392.198,50.1733,0.000,51178.3
3282.224,4392.402,50.1457,0.000,51189.9
3282.224,4392.600,50.1188,0.000,51201.3
3282.724,4392.804,50.1128,0.000,51203.9
3282.724,4393.002,50.0827,0.000,51216.6
3283.224,4393.202,50.0635,0.000,51224.7
3283.224,4393.402,50.0548,0.000,51228.4
3283.224,4393.602,50.0302,0.000,51238.8
3283.724,4393.804,50.0176,0.000,51244.2
3283.725,4394.002,50.0024,0.000,51250.6
3284.224,4394.204,49.9884,0.000,51256.4
3284.225,4394.406,49.9639,0.000,51266.8
3284.225,4394.604,49.9414,0.000,51276.3
3284.724,4394.808,49.9336,0.000,51279.6
3284.725,4395.008,49.9160,0.000,51287.0
3285.224,4395.206,49.8919,0.000,51297.2
3285.224,4395.406,49.8768,0.000,51303.6
3285.224,4395.604,49.8646,0.000,51308.7
3285.723,4395.808,49.8493,0.000,51315.1
3285.724,4396.008,49.8276,0.000,51324.3
3286.224,4396.206,49.8061,0.000,51333.4
3286.224,4396.408,49.7907,0.000,51339.8
3286.224,4396.612,49.7752,0.000,51346.4
3286.724,4396.812,49.7527,0.000,51355.8
3286.724,4397.014,49.7368,0.000,51362.5
3287.224,4397.214,49.7260,0.000,51367.1
3287.225,4397.408,49.7093,0.000,51374.1
3287.225,4397.612,49.7038,0.000,51376.5
3287.724,4397.812,49.6728,0.000,51389.4
3287.724,4398.014,49.6606,0.000,51394.5
3288.224,4398.214,49.6424,0.000,51402.2
3288.225,4398.414,49.6336,0.000,51405.9
3288.225,4398.616,49.6147,0.000,51413.8
3288.724,4398.816,49.6020,0.000,51419.2
3288.725,4399.016,49.5820,0.000,51427.6
3289.224,4399.218,49.5680,0.000,51433.4
3289.224,4399.416,49.5435,0.000,51443.8
3289.224,4399.618,49.5293,0.000,51449.7
3289.724,4399.816,49.5184,0.000,51454.3
3289.725,4400.018,49.4897,0.000,51466.3
3290.224,4400.222,49.4733,0.000,51473.2
3290.225,4400.422,49.4575,0.000,51479.8
3290.225,4400.620,49.4437,0.000,51485.6
3290.724,4400.820,49.4241,0.000,51493.8
3290.724,4401.018,49.4101,0.000,51499.7
3291.224,4401.222,49.3974,0.000,51505.0
3291.225,4401.424,49.3740,0.000,51514.8
3291.724,4401.620,49.3607,0.000,51520.4
3291.725,4401.823,49.3472,0.000,51526.0
3291.725,4402.026,49.3340,0.000,51531.6
3292.224,4402.226,49.3222,0.000,51536.5
3292.224,4402.428,49.2939,0.000,51548.2
3292.724,4402.624,49.2817,0.000,51553.4
3292.725,4402.828,49.2624,0.000,51561.5
3292.725,4403.026,49.2524,0.000,51565.6
3293.224,4403.226,49.2244,0.000,51577.3
3293.224,4403.428,49.2178,0.000,51580.1
3293.724,4403.628,49.1948,0.000,51589.7
3293.724,4403.828,49.1685,0.000,51600.6
3293.724,4404.026,49.1546,0.000,51606.5
3294.224,4404.230,49.1347,0.000,51614.8
3294.225,4404.432,49.1229,0.000,51619.7
3294.724,4404.632,49.1165,0.000,51622.3
3294.725,4404.830,49.0924,0.000,51632.4
3294.725,4405.030,49.0765,0.000,51639.0
3295.224,4405.230,49.0641,0.000,51644.1
3295.224,4405.432,49.0457,0.000,51651.8
3295.724,4405.636,49.0339,0.000,51656.7
3295.724,4405.836,49.0114,0.000,51666.1
3295.724,4406.034,49.0005,0.000,51670.7
3296.223,4406.238,48.9863,0.000,51676.5
3296.224,4406.436,48.9640,0.000,51685.8
3296.724,4406.640,48.9494,0.000,51691.9
3296.724,4406.838,48.9308,0.000,51699.6
3296.725,4407.034,48.9136,0.000,51706.8
3297.224,4407.238,48.8921,0.000,51715.7
3297.224,4407.440,48.8761,0.000,51722.3
3297.724,4407.640,48.8657,0.000,51726.6
3297.724,4407.844,48.8498,0.000,51733.3
3297.724,4408.040,48.8337,0.000,51740.0
3298.224,4408.238,48.8237,0.000,51744.0
3298.224,4408.440,48.8005,0.000,51753.7
3298.724,4408.640,48.7908,0.000,51757.8
3298.725,4408.838,48.7622,0.000,51769.5
3298.725,4409.042,48.7437,0.000,51777.3
3299.224,4409.244,48.7358,0.000,51780.6
3299.224,4409.444,48.7181,0.000,51787.9
3299.724,4409.644,48.7145,0.000,51789.4
3299.724,4409.846,48.6985,0.000,51796.0
3299.724,4410.046,48.6813,0.000,51803.1
3300.224,4410.244,48.6670,0.000,51809.1
3300.224,4410.446,48.6460,0.000,51817.8
3300.724,4410.644,48.6240,0.000,51826.7
3300.725,4410.846,48.6064,0.000,51834.1
3300.725,4411.050,48.5967,0.000,51838.1
3301.224,4411.250,48.5597,0.000,51853.4
3301.225,4411.448,48.5547,0.000,51855.5
3301.724,4411.648,48.5425,0.000,51860.5
3301.725,4411.846,48.5220,0.000,51869.0
3301.725,4412.054,48.5058,0.000,51875.7
3302.224,4412.250,48.4919,0.000,51881.4
3302.225,4412.448,48.4684,0.000,51891.1
3302.724,4412.652,48.4652,0.000,51892.4
3302.725,4412.854,48.4471,0.000,51899.9
3302.725,4413.054,48.4302,0.000,51906.9
3303.224,4413.252,48.4185,0.000,51911.7
3303.224,4413.454,48.3931,0.000,51922.1
3303.724,4413.652,48.3856,0.000,51925.2
3303.724,4413.854,48.3693,0.000,51931.9
3303.724,4414.054,48.3476,0.000,51940.9
3304.224,4414.258,48.3384,0.000,51944.7
3304.224,4414.456,48.3210,0.000,51951.8
3304.724,4414.658,48.3088,0.000,51956.9
3304.725,4414.858,48.2959,0.000,51962.2
3304.725,4415.058,48.2705,0.000,51972.6
3305.224,4415.260,48.2602,0.000,51976.8
3305.225,4415.456,48.2383,0.000,51985.9
3305.724,4415.658,48.2354,0.000,51987.1
3305.725,4415.862,48.2048,0.000,51999.6
3305.725,4416.062,48.1885,0.000,52006.4
3306.224,4416.264,48.1676,0.000,52014.8
3306.225,4416.464,48.1595,0.000,52018.2
3306.724,4416.658,48.1458,0.000,52023.9
3306.725,4416.862,48.1268,0.000,52031.6
3306.725,4417.062,48.1247,0.000,52032.5
3307.224,4417.264,48.0945,0.000,52044.9
3307.224,4417.464,48.0767,0.000,52052.2
3307.724,4417.664,48.0646,0.000,52057.1
3307.724,4417.866,48.0435,0.000,52065.7
3307.725,4418.066,48.0322,0.000,52070.4
3308.223,4418.266,48.0124,0.000,52078.5
3308.224,4418.468,47.9987,0.000,52084.1
3308.724,4418.666,47.9891,0.000,52088.1
3308.725,4418.868,47.9725,0.000,52094.8
3308.725,4419.066,47.9517,0.000,52103.4
3309.224,4419.268,47.9331,0.000,52111.0
3309.225,4419.472,47.9155,0.000,52118.1
3309.724,4419.672,47.8945,0.000,52126.8
3309.724,4419.870,47.8776,0.000,52133.7
3309.724,4420.070,47.8584,0.000,52141.5
3310.223,4420.268,47.8441,0.000,52147.4
3310.224,4420.472,47.8402,0.000,52149.0
3310.724,4420.674,47.8177,0.000,52158.1
3310.724,4420.870,47.8040,0.000,52163.7
3310.724,4421.073,47.7939,0.000,52167.8
3311.224,4421.276,47.7730,0.000,52176.4
3311.224,4421.476,47.7620,0.000,52180.8
3311.723,4421.678,47.7471,0.000,52186.9
3311.723,4421.876,47.7269,0.000,52195.2
3311.723,4422.073,47.7122,0.000,52201.1
3312.224,4422.276,47.6987,0.000,52206.6
3312.224,4422.476,47.6904,0.000,52210.0
3312.724,4422.678,47.6618,0.000,52221.7
3312.725,4422.878,47.6520,0.000,52225.7
3312.725,4423.078,47.6356,0.000,52232.4
3313.224,4423.280,47.6229,0.000,52237.5
3313.224,4423.480,47.6128,0.000,52241.6
3313.724,4423.680,47.5890,0.000,52251.3
3313.725,4423.882,47.5688,0.000,52259.6
3313.725,4424.080,47.5627,0.000,52262.0
3314.224,4424.280,47.5464,0.000,52268.7
3314.225,4424.484,47.5346,0.000,52273.4
3314.723,4424.682,47.5078,0.000,52284.3
3314.724,4424.886,47.4997,0.000,52287.6
3314.724,4425.086,47.4827,0.000,52294.5
3315.224,4425.284,47.4611,0.000,52303.2
3315.225,4425.484,47.4526,0.000,52306.7
3315.724,4425.682,47.4372,0.000,52313.0
3315.724,4425.886,47.4238,0.000,52318.4
3315.724,4426.086,47.4111,0.000,52323.6
3316.224,4426.284,47.3950,0.000,52330.1
3316.225,4426.488,47.3892,0.000,52332.4
3316.724,4426.690,47.3613,0.000,52343.8
3316.724,4426.890,47.3644,0.000,52342.5
3316.724,4427.094,47.3356,0.000,52354.1
3317.224,4427.290,47.3208,0.000,52360.2
3317.225,4427.488,47.3055,0.000,52366.3
3317.724,4427.690,47.2846,0.000,52374.8
3317.724,4427.894,47.2700,0.000,52380.7
3317.725,4428.094,47.2549,0.000,52386.8
3318.223,4428.292,47.2402,0.000,52392.7
3318.223,4428.492,47.2297,0.000,52397.0
3318.724,4428.690,47.2129,0.000,52403.8
3318.724,4428.894,47.2036,0.000,52407.6
3318.724,4429.096,47.1953,0.000,52410.9
3319.224,4429.292,47.1733,0.000,52419.8
3319.224,4429.494,47.1587,0.000,52425.7
3319.723,4429.698,47.1426,0.000,52432.1
3319.724,4429.898,47.1390,0.000,52433.7
3319.724,4430.096,47.1173,0.000,52442.4
3320.224,4430.300,47.0980,0.000,52450.2
3320.225,4430.494,47.0884,0.000,52454.1
3320.724,4430.698,47.0739,0.000,52459.9
3320.725,4430.898,47.0617,0.000,52464.8
3320.725,4431.096,47.0405,0.000,52473.4
3321.224,4431.300,47.0190,0.000,52481.9
3321.225,4431.500,47.0068,0.000,52486.9
3321.724,4431.702,46.9976,0.000,52490.6
3321.725,4431.902,46.9821,0.000,52496.9
3321.725,4432.102,46.9538,0.000,52508.2
3322.224,4432.304,46.9521,0.000,52508.9
3322.224,4432.500,46.9428,0.000,52512.7
3322.724,4432.704,46.9313,0.000,52517.3
3322.724,4432.902,46.9184,0.000,52522.5
3322.724,4433.104,46.8926,0.000,52532.9
3323.223,4433.308,46.8737,0.000,52540.5
3323.224,4433.508,46.8660,0.000,52543.5
3323.724,4433.706,46.8548,0.000,52548.1
3323.725,4433.906,46.8398,0.000,52554.1
3323.725,4434.104,46.8178,0.000,52562.9
3324.224,4434.308,46.8115,0.000,52565.4
3324.225,4434.510,46.8056,0.000,52567.8
3324.724,4434.710,46.7726,0.000,52581.1
3324.725,4434.908,46.7599,0.000,52586.2
3324.725,4435.112,46.7459,0.000,52591.7
3325.223,4435.312,46.7283,0.000,52598.8
3325.224,4435.514,46.7231,0.000,52600.8
3325.724,4435.714,46.7109,0.000,52605.8
3325.724,4435.908,46.6863,0.000,52615.6
3325.724,4436.112,46.6709,0.000,52621.8
3326.223,4436.316,46.6523,0.000,52629.2
3326.223,4436.514,46.6320,0.000,52637.4
3326.724,4436.714,46.6300,0.000,52638.1
3326.725,4436.914,46.6061,0.000,52647.7
3326.725,4437.112,46.5913,0.000,52653.6
3327.224,4437.316,46.5763,0.000,52659.6
3327.224,4437.518,46.5537,0.000,52668.7
3327.724,4437.718,46.5534,0.000,52668.8
3327.724,4437.916,46.5356,0.000,52675.9
3327.724,4438.118,46.5166,0.000,52683.5
3328.224,4438.316,46.5076,0.000,52687.1
3328.224,4438.518,46.4922,0.000,52693.2
3328.724,4438.722,46.4751,0.000,52700.1
3328.725,4438.922,46.4687,0.000,52702.6
3328.725,4439.120,46.4609,0.000,52705.8
3329.224,4439.320,46.4504,0.000,52709.9
3329.225,4439.518,46.4341,0.000,52716.5
3329.724,4439.722,46.4126,0.000,52725.0
3329.725,4439.924,46.3945,0.000,52732.3
3330.224,4440.120,46.3823,0.000,52737.1
3330.224,4440.323,46.3664,0.000,52743.4
3330.225,4440.526,46.3506,0.000,52749.8
3330.724,4440.726,46.3288,0.000,52758.4
3330.725,4440.924,46.3169,0.000,52763.1
3331.224,4441.126,46.3148,0.000,52764.0
3331.225,4441.323,46.2920,0.000,52773.0
3331.225,4441.526,46.2799,0.000,52777.8
3331.724,4441.730,46.2734,0.000,52780.4
3331.725,4441.928,46.2492,0.000,52790.0
3332.224,4442.128,46.2358,0.000,52795.4
3332.225,4442.328,46.2261,0.000,52799.2
3332.225,4442.526,46.2139,0.000,52804.1
3332.723,4442.730,46.2043,0.000,52807.9
3332.724,4442.932,46.1811,0.000,52817.1
3333.224,4443.132,46.1655,0.000,52823.3
3333.224,4443.330,46.1509,0.000,52829.1
3333.224,4443.530,46.1426,0.000,52832.4
3333.724,4443.734,46.1201,0.000,52841.3
3333.725,4443.932,46.1164,0.000,52842.8
3334.224,4444.136,46.0900,0.000,52853.2
3334.224,4444.330,46.0854,0.000,52855.0
3334.224,4444.534,46.0652,0.000,52863.1
3334.724,4444.738,46.0491,0.000,52869.5
3334.725,4444.936,46.0425,0.000,52872.1
3335.224,4445.136,46.0276,0.000,52877.9
3335.225,4445.338,46.0020,0.000,52888.1
3335.225,4445.534,45.9941,0.000,52891.2
3335.724,4445.738,45.9720,0.000,52899.9
3335.724,4445.940,45.9692,0.000,52901.1
3336.224,4446.140,45.9485,0.000,52909.2
3336.225,4446.344,45.9380,0.000,52913.4
3336.225,4446.538,45.9215,0.000,52919.9
3336.724,4446.742,45.9092,0.000,52924.8
3336.725,4446.940,45.9015,0.000,52927.8
3337.224,4447.144,45.8979,0.000,52929.2
3337.224,4447.344,45.8799,0.000,52936.4
3337.225,4447.542,45.8779,0.000,52937.1
3337.724,4447.742,45.8516,0.000,52947.5
3337.725,4447.944,45.8361,0.000,52953.6
3338.224,4448.144,45.8122,0.000,52963.1
3338.224,4448.346,45.8091,0.000,52964.4
3338.225,4448.542,45.7964,0.000,52969.4
3338.724,4448.744,45.7824,0.000,52974.8
3338.725,4448.948,45.7730,0.000,52978.6
3339.224,4449.148,45.7542,0.000,52986.0
3339.224,4449.346,45.7337,0.000,52994.0
3339.224,4449.550,45.7228,0.000,52998.3
3339.724,4449.744,45.6976,0.000,53008.2
3339.725,4449.948,45.6940,0.000,53009.7
3340.224,4450.152,45.6730,0.000,53017.9
3340.224,4450.350,45.6646,0.000,53021.2
3340.225,4450.554,45.6543,0.000,53025.3
3340.724,4450.752,45.6335,0.000,53033.5
3340.725,4450.952,45.6287,0.000,53035.4
3341.224,4451.152,45.6056,0.000,53044.4
3341.225,4451.352,45.5892,0.000,53050.9
3341.225,4451.554,45.5822,0.000,53053.6
3341.724,4451.758,45.5662,0.000,53059.9
3341.725,4451.954,45.5511,0.000,53065.8
3342.224,4452.152,45.5400,0.000,53070.2
3342.225,4452.354,45.5264,0.000,53075.6
3342.225,4452.558,45.5220,0.000,53077.3
3342.724,4452.758,45.5063,0.000,53083.4
3342.725,4452.956,45.4883,0.000,53090.6
3343.224,4453.156,45.4656,0.000,53099.4
3343.225,4453.354,45.4666,0.000,53099.0
3343.225,4453.558,45.4430,0.000,53108.2
3343.724,4453.760,45.4316,0.000,53112.7
3343.724,4453.960,45.4061,0.000,53122.7
3344.224,4454.158,45.3893,0.000,53129.3
3344.224,4454.360,45.3862,0.000,53130.5
3344.224,4454.558,45.3722,0.000,53136.0
3344.724,4454.760,45.3618,0.000,53140.1
3344.724,4454.962,45.3438,0.000,53147.1
3345.224,4455.158,45.3312,0.000,53152.0
3345.225,4455.362,45.3154,0.000,53158.2
3345.225,4455.566,45.2978,0.000,53165.1
3345.723,4455.764,45.2814,0.000,53171.5
3345.724,4455.968,45.2773,0.000,53173.1
3346.224,4456.164,45.2666,0.000,53177.2
3346.225,4456.362,45.2553,0.000,53181.7
3346.225,4456.566,45.2407,0.000,53187.4
3346.724,4456.768,45.2275,0.000,53192.5
3346.725,4456.970,45.2083,0.000,53200.1
3347.224,4457.166,45.1995,0.000,53203.5
3347.225,4457.368,45.1797,0.000,53211.2
3347.225,4457.566,45.1767,0.000,53212.4
3347.724,4457.768,45.1600,0.000,53218.9
3347.725,4457.972,45.1489,0.000,53223.2
3348.223,4458.172,45.1260,0.000,53232.1
3348.224,4458.370,45.1211,0.000,53234.0
3348.224,4458.570,45.0984,0.000,53242.8
3348.724,4458.768,45.0859,0.000,53247.8
3348.725,4458.972,45.0740,0.000,53252.4
3349.224,4459.174,45.0683,0.000,53254.7
3349.224,4459.374,45.0366,0.000,53267.0
3349.225,4459.573,45.0185,0.000,53274.0
3349.724,4459.774,45.0119,0.000,53276.5
3349.725,4459.972,44.9970,0.000,53282.3
3350.224,4460.174,44.9834,0.000,53287.7
3350.225,4460.376,44.9663,0.000,53294.2
3350.225,4460.578,44.9536,0.000,53299.2
3350.724,4460.776,44.9391,0.000,53304.8
3350.725,4460.976,44.9437,0.000,53303.1
3351.224,4461.178,44.9297,0.000,53308.5
3351.225,4461.378,44.9180,0.000,53313.0
3351.225,4461.578,44.9092,0.000,53316.5
3351.724,4461.776,44.8987,0.000,53320.5
3351.725,4461.980,44.8828,0.000,53326.8
3352.224,4462.182,44.8677,0.000,53332.6
3352.224,4462.382,44.8473,0.000,53340.5
3352.224,4462.580,44.8387,0.000,53343.8
3352.724,4462.780,44.8245,0.000,53349.3
3352.724,4462.980,44.8104,0.000,53354.8
3353.224,4463.182,44.8062,0.000,53356.4
3353.225,4463.386,44.7873,0.000,53363.7
3353.225,4463.586,44.7664,0.000,53371.8
3353.724,4463.784,44.7472,0.000,53379.2
3353.724,4463.984,44.7344,0.000,53384.2
3354.224,4464.182,44.7114,0.000,53393.1
3354.225,4464.386,44.7100,0.000,53393.6
3354.225,4464.586,44.6819,0.000,53404.5
3354.724,4464.784,44.6756,0.000,53407.0
3354.725,4464.988,44.6543,0.000,53415.2
3355.224,4465.188,44.6592,0.000,53413.2
3355.224,4465.390,44.6440,0.000,53419.1
3355.224,4465.588,44.6224,0.000,53427.5
3355.724,4465.790,44.6141,0.000,53430.7
3355.724,4465.988,44.6061,0.000,53433.8
3356.223,4466.190,44.5964,0.000,53437.5
3356.224,4466.394,44.5749,0.000,53445.8
3356.224,4466.594,44.5669,0.000,53448.9
3356.724,4466.792,44.5547,0.000,53453.6
3356.725,4466.992,44.5376,0.000,53460.2
3357.224,4467.190,44.5233,0.000,53465.8
3357.225,4467.394,44.5267,0.000,53464.4
3357.225,4467.596,44.5059,0.000,53472.4
3357.724,4467.796,44.4930,0.000,53477.4
3357.725,4467.994,44.4678,0.000,53487.1
3358.224,4468.196,44.4594,0.000,53490.3
3358.224,4468.394,44.4435,0.000,53496.4
3358.225,4468.596,44.4385,0.000,53498.4
3358.724,4468.800,44.4172,0.000,53506.6
3358.724,4469.000,44.3935,0.000,53515.7
3359.224,4469.198,44.3914,0.000,53516.5
3359.225,4469.398,44.3756,0.000,53522.5
3359.225,4469.596,44.3597,0.000,53528.7
3359.724,4469.800,44.3455,0.000,53534.1
3359.725,4470.000,44.3408,0.000,53535.9
3360.224,4470.202,44.3306,0.000,53539.8
3360.225,4470.402,44.3182,0.000,53544.6
3360.225,4470.602,44.3069,0.000,53548.9
3360.724,4470.804,44.2842,0.000,53557.6
3360.724,4471.002,44.2762,0.000,53560.8
3361.224,4471.204,44.2630,0.000,53565.8
3361.225,4471.402,44.2433,0.000,53573.3
3361.225,4471.604,44.2326,0.000,53577.4
3361.724,4471.808,44.2238,0.000,53580.8
3361.724,4472.008,44.2152,0.000,53584.2
3362.224,4472.206,44.1977,0.000,53590.8
3362.224,4472.406,44.1821,0.000,53596.8
3362.224,4472.604,44.1797,0.000,53597.8
3362.724,4472.808,44.1650,0.000,53603.3
3362.724,4473.010,44.1608,0.000,53605.0
3363.224,4473.206,44.1382,0.000,53613.6
3363.224,4473.408,44.1269,0.000,53617.9
3363.224,4473.612,44.1115,0.000,53623.8
3363.724,4473.812,44.1060,0.000,53625.9
3363.725,4474.014,44.0941,0.000,53630.5
3364.224,4474.214,44.0739,0.000,53638.2
3364.225,4474.408,44.0690,0.000,53640.1
3364.225,4474.612,44.0483,0.000,53648.0
3364.724,4474.812,44.0311,0.000,53654.6
3364.724,4475.014,44.0208,0.000,53658.5
3365.224,4475.214,44.0205,0.000,53658.6
3365.224,4475.414,44.0156,0.000,53660.5
3365.224,4475.616,43.9944,0.000,53668.6
3365.724,4475.816,43.9870,0.000,53671.4
3365.724,4476.016,43.9645,0.000,53679.9
3366.224,4476.218,43.9433,0.000,53688.0
3366.224,4476.416,43.9513,0.000,53685.0
3366.224,4476.618,43.9346,0.000,53691.4
3366.724,4476.816,43.9106,0.000,53700.5
3366.725,4477.018,43.8940,0.000,53706.8
3367.224,4477.222,43.8857,0.000,53710.0
3367.225,4477.422,43.8720,0.000,53715.2
3367.225,4477.620,43.8770,0.000,53713.3
3367.723,4477.820,43.8713,0.000,53715.5
3367.724,4478.018,43.8574,0.000,53720.7
3368.224,4478.222,43.8379,0.000,53728.2
3368.224,4478.424,43.8309,0.000,53730.9
3368.724,4478.620,43.8179,0.000,53735.8
3368.724,4478.823,43.7923,0.000,53745.5
3368.724,4479.026,43.7993,0.000,53742.9
3369.224,4479.226,43.7811,0.000,53749.8
3369.224,4479.428,43.7619,0.000,53757.1
3369.724,4479.626,43.7526,0.000,53760.6
3369.725,4479.823,43.7510,0.000,53761.2
3369.725,4480.026,43.7290,0.000,53769.6
3370.224,4480.226,43.7126,0.000,53775.8
3370.225,4480.428,43.6981,0.000,53781.3
3370.724,4480.628,43.6880,0.000,53785.1
3370.724,4480.828,43.6833,0.000,53786.9
3370.724,4481.030,43.6650,0.000,53793.8
3371.224,4481.230,43.6538,0.000,53798.1
3371.225,4481.430,43.6372,0.000,53804.5
3371.724,4481.632,43.6268,0.000,53808.4
3371.725,4481.828,43.6247,0.000,53809.2
3371.725,4482.030,43.6131,0.000,53813.5
3372.224,4482.230,43.5994,0.000,53818.7
3372.224,4482.432,43.5825,0.000,53825.1
3372.724,4482.636,43.5713,0.000,53829.5
3372.725,4482.836,43.5620,0.000,53832.9
3372.725,4483.034,43.5581,0.000,53834.4
3373.224,4483.234,43.5239,0.000,53847.3
3373.224,4483.432,43.5189,0.000,53849.2
3373.724,4483.636,43.4937,0.000,53858.7
3373.725,4483.836,43.4709,0.000,53867.4
3373.725,4484.034,43.4804,0.000,53863.8
3374.224,4484.238,43.4639,0.000,53870.0
3374.224,4484.440,43.4510,0.000,53874.8
3374.725,4484.640,43.4342,0.000,53881.2
3374.725,4484.844,43.4280,0.000,53883.6
3374.725,4485.040,43.4184,0.000,53887.2
3375.223,4485.238,43.4001,0.000,53894.1
3375.224,4485.440,43.3812,0.000,53901.2
3375.724,4485.644,43.3769,0.000,53902.8
3375.724,4485.844,43.3650,0.000,53907.3
3375.724,4486.042,43.3633,0.000,53908.0
3376.224,4486.242,43.3473,0.000,53914.0
3376.224,4486.440,43.3257,0.000,53922.2
3376.723,4486.644,43.3275,0.000,53921.5
3376.724,4486.846,43.3118,0.000,53927.4
3376.724,4487.046,43.2973,0.000,53932.9
3377.224,4487.244,43.2915,0.000,53935.0
3377.225,4487.446,43.2843,0.000,53937.7
3377.724,4487.644,43.2718,0.000,53942.5
3377.724,4487.846,43.2492,0.000,53951.0
3377.725,4488.050,43.2520,0.000,53949.9
3378.224,4488.250,43.2342,0.000,53956.6
3378.225,4488.448,43.2280,0.000,53958.9
3378.724,4488.648,43.2182,0.000,53962.6
3378.724,4488.846,43.2073,0.000,53966.7
3378.724,4489.050,43.1886,0.000,53973.8
3379.224,4489.250,43.1723,0.000,53979.8
3379.225,4489.452,43.1641,0.000,53983.0
3379.724,4489.652,43.1395,0.000,53992.2
3379.725,4489.854,43.1269,0.000,53997.0
3379.725,4490.054,43.1111,0.000,54002.9
3380.224,4490.252,43.1150,0.000,54001.4
3380.224,4490.454,43.0918,0.000,54010.1
3380.724,4490.652,43.0749,0.000,54016.4
3380.724,4490.854,43.0643,0.000,54020.4
3380.725,4491.054,43.0464,0.000,54027.2
3381.224,4491.258,43.0308,0.000,54033.0
3381.224,4491.456,43.0207,0.000,54036.8
3381.724,4491.658,42.9993,0.000,54044.8
3381.724,4491.858,43.0021,0.000,54043.7
3381.725,4492.058,42.9855,0.000,54049.9
3382.224,4492.260,42.9818,0.000,54051.3
3382.225,4492.456,42.9674,0.000,54056.7
3382.724,4492.658,42.9593,0.000,54059.8
3382.725,4492.860,42.9500,0.000,54063.2
3382.725,4493.058,42.9272,0.000,54071.8
3383.224,4493.260,42.9263,0.000,54072.1
3383.224,4493.462,42.9147,0.000,54076.4
3383.724,4493.658,42.9030,0.000,54080.8
3383.724,4493.862,42.8952,0.000,54083.7
3383.724,4494.062,42.8874,0.000,54086.6
3384.224,4494.264,42.8636,0.000,54095.5
3384.225,4494.468,42.8655,0.000,54094.8
3384.724,4494.664,42.8659,0.000,54094.7
3384.724,4494.862,42.8442,0.000,54102.7
3384.724,4495.066,42.8276,0.000,54109.0
3385.224,4495.268,42.8115,0.000,54115.0
3385.224,4495.468,42.8061,0.000,54117.0
3385.724,4495.666,42.7847,0.000,54124.9
3385.724,4495.868,42.7788,0.000,54127.1
3385.724,4496.070,42.7643,0.000,54132.5
3386.224,4496.268,42.7516,0.000,54137.3
3386.225,4496.472,42.7387,0.000,54142.1
3386.724,4496.666,42.7324,0.000,54144.5
3386.725,4496.870,42.7234,0.000,54147.8
3386.725,4497.073,42.7056,0.000,54154.5
3387.224,4497.272,42.6836,0.000,54162.6
3387.225,4497.472,42.6776,0.000,54164.9
3387.724,4497.674,42.6660,0.000,54169.2
3387.724,4497.870,42.6587,0.000,54171.9
3387.724,4498.073,42.6470,0.000,54176.3
3388.224,4498.274,42.6310,0.000,54182.2
3388.225,4498.472,42.6164,0.000,54187.6
3388.724,4498.674,42.6059,0.000,54191.6
3388.724,4498.876,42.5885,0.000,54198.0
3388.724,4499.078,42.5918,0.000,54196.7
3389.225,4499.276,42.5705,0.000,54204.7
3389.225,4499.476,42.5630,0.000,54207.5
3389.725,4499.678,42.5434,0.000,54214.7
3389.726,4499.878,42.5436,0.000,54214.6
3389.726,4500.078,42.5225,0.000,54222.5
3390.225,4500.276,42.5125,0.000,54226.2
3390.226,4500.480,42.5151,0.000,54225.2
3390.725,4500.682,42.4990,0.000,54231.1
3390.725,4500.882,42.4819,0.000,54237.5
3390.725,4501.080,42.4714,0.000,54241.5
3391.225,4501.280,42.4600,0.000,54245.7
3391.225,4501.480,42.4492,0.000,54249.7
3391.725,4501.682,42.4319,0.000,54256.1
3391.725,4501.886,42.4326,0.000,54255.8
3391.726,4502.086,42.4072,0.000,54265.2
3392.225,4502.284,42.3924,0.000,54270.7
3392.226,4502.484,42.3895,0.000,54271.8
3392.725,4502.682,42.3745,0.000,54277.4
3392.726,4502.886,42.3699,0.000,54279.0
3392.726,4503.086,42.3421,0.000,54289.3
3393.225,4503.284,42.3333,0.000,54292.6
3393.226,4503.488,42.3306,0.000,54293.5
3393.725,4503.690,42.3166,0.000,54298.7
3393.726,4503.890,42.3193,0.000,54297.7
3393.726,4504.094,42.2956,0.000,54306.5
3394.225,4504.290,42.2856,0.000,54310.2
3394.225,4504.488,42.2702,0.000,54315.9
3394.725,4504.690,42.2620,0.000,54318.9
3394.726,4504.894,42.2432,0.000,54325.8
3394.726,4505.094,42.2461,0.000,54324.7
3395.224,4505.292,42.2309,0.000,54330.4
3395.224,4505.492,42.2217,0.000,54333.8
3395.725,4505.694,42.2090,0.000,54338.4
3395.725,4505.894,42.2065,0.000,54339.3
3395.725,4506.096,42.1813,0.000,54348.7
3396.225,4506.292,42.1738,0.000,54351.4
3396.226,4506.494,42.1653,0.000,54354.6
3396.725,4506.698,42.1523,0.000,54359.4
3396.726,4506.898,42.1333,0.000,54366.4
3396.726,4507.096,42.1313,0.000,54367.1
3397.225,4507.300,42.1147,0.000,54373.2
3397.226,4507.494,42.1030,0.000,54377.5
3397.723,4507.698,42.0942,0.000,54380.7
3397.724,4507.902,42.0802,0.000,54385.8
3397.724,4508.100,42.0625,0.000,54392.4
3398.225,4508.304,42.0601,0.000,54393.3
3398.225,4508.500,42.0301,0.000,54404.3
3398.725,4508.698,42.0293,0.000,54404.6
3398.725,4508.902,42.0293,0.000,54404.6
3398.726,4509.102,42.0093,0.000,54411.9
3399.225,4509.304,41.9914,0.000,54418.5
3399.226,4509.502,41.9858,0.000,54420.6
3399.725,4509.704,41.9744,0.000,54424.8
3399.725,4509.906,41.9614,0.000,54429.5
3399.726,4510.104,41.9445,0.000,54435.7
3400.225,4510.304,41.9432,0.000,54436.2
3400.225,4510.508,41.9253,0.000,54442.8
3400.723,4510.706,41.9259,0.000,54442.6
3400.724,4510.906,41.9082,0.000,54449.0
3400.724,4511.104,41.8937,0.000,54454.3
3401.225,4511.308,41.8906,0.000,54455.5
3401.226,4511.510,41.8862,0.000,54457.1
3401.725,4511.710,41.8524,0.000,54469.5
3401.726,4511.908,41.8566,0.000,54467.9
3401.726,4512.110,41.8618,0.000,54466.1
3402.225,4512.308,41.8289,0.000,54478.1
3402.226,4512.514,41.8286,0.000,54478.1
3402.725,4512.714,41.8149,0.000,54483.2
3402.725,4512.908,41.8073,0.000,54486.0
3402.725,4513.112,41.7954,0.000,54490.3
3403.225,4513.316,41.7803,0.000,54495.9
3403.226,4513.514,41.7705,0.000,54499.4
3403.724,4513.718,41.7453,0.000,54508.6
3403.725,4513.914,41.7539,0.000,54505.5
3403.725,4514.116,41.7430,0.000,54509.5
3404.225,4514.316,41.7171,0.000,54518.9
3404.226,4514.516,41.7138,0.000,54520.1
3404.724,4514.718,41.7020,0.000,54524.5
3404.724,4514.916,41.7020,0.000,54524.4
3404.724,4515.120,41.6888,0.000,54529.3
3405.225,4515.320,41.6592,0.000,54540.1
3405.226,4515.518,41.6474,0.000,54544.4
3405.724,4515.722,41.6496,0.000,54543.6
3405.725,4515.922,41.6326,0.000,54549.8
3405.725,4516.120,41.6165,0.000,54555.6
3406.225,4516.320,41.6137,0.000,54556.7
3406.226,4516.518,41.6007,0.000,54561.4
3406.725,4516.722,41.5882,0.000,54566.0
3406.726,4516.924,41.5771,0.000,54570.0
3407.225,4517.124,41.5594,0.000,54576.5
3407.226,4517.323,41.5446,0.000,54581.8
3407.226,4517.524,41.5511,0.000,54579.5
3407.723,4517.722,41.5239,0.000,54589.4
3407.724,4517.924,41.5237,0.000,54589.4
3408.224,4518.126,41.5085,0.000,54595.0
3408.224,4518.323,41.4985,0.000,54598.6
3408.224,4518.526,41.5020,0.000,54597.3
3408.724,4518.730,41.4757,0.000,54606.9
3408.724,4518.928,41.4650,0.000,54610.8
3409.224,4519.128,41.4663,0.000,54610.3
3409.224,4519.328,41.4502,0.000,54616.1
3409.224,4519.526,41.4404,0.000,54619.6
3409.724,4519.730,41.4331,0.000,54622.3
3409.724,4519.932,41.4197,0.000,54627.2
3410.224,4520.132,41.4028,0.000,54633.3
3410.224,4520.330,41.3843,0.000,54640.1
3410.224,4520.530,41.3752,0.000,54643.4
3410.724,4520.730,41.3540,0.000,54651.0
3410.725,4520.932,41.3486,0.000,54653.0
3411.224,4521.136,41.3405,0.000,54655.9
3411.225,4521.336,41.3301,0.000,54659.7
3411.225,4521.534,41.3113,0.000,54666.5
3411.724,4521.734,41.3101,0.000,54666.9
3411.725,4521.932,41.3003,0.000,54670.5
3412.224,4522.136,41.2765,0.000,54679.1
3412.224,4522.336,41.2705,0.000,54681.3
3412.224,4522.534,41.2472,0.000,54689.7
3412.724,4522.738,41.2529,0.000,54687.7
3412.725,4522.940,41.2275,0.000,54696.8
3413.224,4523.140,41.2182,0.000,54700.2
3413.224,4523.344,41.2057,0.000,54704.7
3413.224,4523.540,41.1958,0.000,54708.3
3413.724,4523.738,41.1953,0.000,54708.5
3413.724,4523.940,41.1762,0.000,54715.4
3414.224,4524.144,41.1732,0.000,54716.5
3414.224,4524.344,41.1519,0.000,54724.1
3414.224,4524.542,41.1538,0.000,54723.5
3414.724,4524.742,41.1432,0.000,54727.3
3414.725,4524.940,41.1313,0.000,54731.6
3415.224,4525.144,41.1147,0.000,54737.6
3415.224,4525.346,41.1159,0.000,54737.1
3415.224,4525.546,41.1015,0.000,54742.3
3415.724,4525.744,41.0846,0.000,54748.4
3415.724,4525.946,41.0827,0.000,54749.1
3416.224,4526.144,41.0666,0.000,54754.9
3416.224,4526.346,41.0574,0.000,54758.2
3416.224,4526.550,41.0431,0.000,54763.3
3416.724,4526.750,41.0426,0.000,54763.5
3416.724,4526.948,41.0291,0.000,54768.4
3417.224,4527.148,41.0154,0.000,54773.3
3417.224,4527.346,41.0146,0.000,54773.6
3417.224,4527.554,41.0039,0.000,54777.5
3417.724,4527.750,40.9829,0.000,54785.0
3417.724,4527.948,40.9798,0.000,54786.2
3418.223,4528.152,40.9660,0.000,54791.1
3418.224,4528.354,40.9538,0.000,54795.5
3418.224,4528.554,40.9460,0.000,54798.3
3418.724,4528.752,40.9201,0.000,54807.6
3418.724,4528.954,40.9233,0.000,54806.4
3419.224,4529.152,40.9048,0.000,54813.1
3419.224,4529.354,40.8927,0.000,54817.5
3419.224,4529.554,40.8879,0.000,54819.2
3419.724,4529.758,40.8706,0.000,54825.4
3419.724,4529.956,40.8677,0.000,54826.5
3420.224,4530.158,40.8468,0.000,54833.9
3420.224,4530.358,40.8426,0.000,54835.4
3420.224,4530.558,40.8382,0.000,54837.0
3420.724,4530.760,40.8330,0.000,54838.9
3420.724,4530.956,40.8089,0.000,54847.5
3421.223,4531.158,40.8058,0.000,54848.6
3421.224,4531.362,40.7949,0.000,54852.5
3421.224,4531.562,40.7931,0.000,54853.2
3421.723,4531.764,40.7807,0.000,54857.6
3421.723,4531.964,40.7661,0.000,54862.8
3422.224,4532.164,40.7594,0.000,54865.2
3422.224,4532.362,40.7425,0.000,54871.3
3422.224,4532.562,40.7378,0.000,54873.0
3422.724,4532.764,40.7332,0.000,54874.6
3422.725,4532.964,40.7176,0.000,54880.2
3423.224,4533.164,40.7056,0.000,54884.5
3423.225,4533.368,40.6909,0.000,54889.7
3423.225,4533.566,40.6826,0.000,54892.7
3423.724,4533.768,40.6745,0.000,54895.6
3423.724,4533.968,40.6650,0.000,54899.0
3424.224,4534.166,40.6452,0.000,54906.1
3424.225,4534.368,40.6369,0.000,54909.1
3424.225,4534.566,40.6279,0.000,54912.2
3424.724,4534.768,40.6025,0.000,54921.3
3424.725,4534.972,40.6020,0.000,54921.5
3425.224,4535.166,40.5825,0.000,54928.5
3425.224,4535.370,40.5767,0.000,54930.6
3425.225,4535.573,40.5648,0.000,54934.8
3425.724,4535.772,40.5519,0.000,54939.4
3425.725,4535.972,40.5345,0.000,54945.6
3426.224,4536.174,40.5288,0.000,54947.6
3426.225,4536.374,40.5268,0.000,54948.3
3426.225,4536.573,40.5208,0.000,54950.5
3426.724,4536.774,40.5093,0.000,54954.5
3426.725,4536.972,40.4858,0.000,54962.9
3427.224,4537.174,40.4738,0.000,54967.2
3427.224,4537.376,40.4707,0.000,54968.3
3427.224,4537.573,40.4663,0.000,54969.9
3427.724,4537.776,40.4513,0.000,54975.2
3427.725,4537.980,40.4355,0.000,54980.8
3428.224,4538.178,40.4360,0.000,54980.7
3428.224,4538.378,40.4219,0.000,54985.6
3428.224,4538.578,40.4209,0.000,54986.1
3428.723,4538.776,40.4121,0.000,54989.2
3428.724,4538.980,40.4100,0.000,54989.9
3429.224,4539.182,40.3838,0.000,54999.2
3429.225,4539.384,40.3803,0.000,55000.5
3429.225,4539.580,40.3696,0.000,55004.2
3429.724,4539.780,40.3569,0.000,55008.7
3429.725,4539.980,40.3413,0.000,55014.3
3430.224,4540.182,40.3298,0.000,55018.4
3430.224,4540.386,40.3219,0.000,55021.2
3430.224,4540.586,40.3188,0.000,55022.3
3430.724,4540.784,40.3091,0.000,55025.7
3430.725,4540.984,40.2942,0.000,55031.0
3431.224,4541.182,40.2785,0.000,55036.6
3431.224,4541.390,40.2676,0.000,55040.5
3431.224,4541.588,40.2593,0.000,55043.4
3431.724,4541.784,40.2493,0.000,55046.9
3431.724,4541.988,40.2373,0.000,55051.2
3432.224,4542.190,40.2251,0.000,55055.5
3432.224,4542.390,40.2257,0.000,55055.3
3432.224,4542.594,40.2100,0.000,55060.9
3432.724,4542.790,40.1906,0.000,55067.7
3432.725,4542.988,40.1878,0.000,55068.7
3433.224,4543.190,40.1945,0.000,55066.4
3433.225,4543.394,40.1732,0.000,55073.9
3433.225,4543.594,40.1611,0.000,55078.1
3433.723,4543.792,40.1538,0.000,55080.7
3433.723,4543.992,40.1282,0.000,55089.8
3434.224,4544.190,40.1374,0.000,55086.5
3434.224,4544.394,40.1216,0.000,55092.1
3434.224,4544.596,40.1139,0.000,55094.8
3434.724,4544.796,40.1016,0.000,55099.2
3434.724,4544.994,40.0949,0.000,55101.6
3435.224,4545.196,40.0928,0.000,55102.3
3435.224,4545.398,40.0791,0.000,55107.2
3435.224,4545.596,40.0776,0.000,55107.7
3435.724,4545.800,40.0662,0.000,55111.7
3435.724,4545.994,40.0477,0.000,55118.2
3436.223,4546.198,40.0452,0.000,55119.1
3436.224,4546.402,40.0312,0.000,55124.0
3436.224,4546.600,40.0281,0.000,55125.1
3436.723,4546.804,40.0078,0.000,55132.3
3436.724,4547.000,40.0021,0.000,55134.3
3437.224,4547.198,39.9951,0.000,55136.8
3437.224,4547.402,39.9845,0.000,55140.5
3437.224,4547.602,39.9707,0.000,55145.4
3437.723,4547.804,39.9743,0.000,55144.1
3437.723,4548.002,39.9622,0.000,55148.3
3438.224,4548.204,39.9468,0.000,55153.8
3438.224,4548.406,39.9315,0.000,55159.2
3438.224,4548.604,39.9207,0.000,55163.0
3438.724,4548.804,39.9095,0.000,55166.9
3438.724,4549.008,39.8926,0.000,55172.9
3439.224,4549.206,39.8828,0.000,55176.3
3439.224,4549.406,39.8833,0.000,55176.1
3439.224,4549.604,39.8631,0.000,55183.2
3439.724,4549.808,39.8405,0.000,55191.2
3439.724,4550.010,39.8385,0.000,55191.9
3440.224,4550.210,39.8258,0.000,55196.3
3440.225,4550.408,39.8120,0.000,55201.2
3440.225,4550.610,39.7957,0.000,55206.9
3440.724,4550.808,39.7790,0.000,55212.8
3440.724,4551.010,39.7795,0.000,55212.6
3441.224,4551.212,39.7666,0.000,55217.0
3441.225,4551.408,39.7603,0.000,55219.3
3441.225,4551.612,39.7470,0.000,55224.0
3441.724,4551.816,39.7363,0.000,55227.7
3441.724,4552.014,39.7274,0.000,55230.8
3442.224,4552.218,39.7134,0.000,55235.8
3442.225,4552.414,39.7171,0.000,55234.5
3442.225,4552.612,39.6964,0.000,55241.6
3442.724,4552.816,39.6877,0.000,55244.8
3442.724,4553.016,39.6761,0.000,55248.8
3443.224,4553.218,39.6564,0.000,55255.7
3443.224,4553.416,39.6663,0.000,55252.2
3443.224,4553.620,39.6447,0.000,55259.8
3443.724,4553.820,39.6307,0.000,55264.7
3443.724,4554.018,39.6196,0.000,55268.5
3444.224,4554.222,39.6242,0.000,55266.9
3444.224,4554.416,39.6162,0.000,55269.7
3444.224,4554.618,39.5906,0.000,55278.7
3444.724,4554.820,39.5747,0.000,55284.2
3444.724,4555.018,39.5781,0.000,55283.0
3445.224,4555.222,39.5589,0.000,55289.8
3445.224,4555.424,39.5680,0.000,55286.6
3445.724,4555.624,39.5449,0.000,55294.7
3445.724,4555.823,39.5378,0.000,55297.1
3445.724,4556.024,39.5262,0.000,55301.2
3446.224,4556.222,39.4970,0.000,55311.4
3446.224,4556.428,39.4963,0.000,55311.7
3446.724,4556.626,39.4935,0.000,55312.6
3446.725,4556.823,39.4839,0.000,55315.9
3446.725,4557.026,39.4678,0.000,55321.5
3447.224,4557.230,39.4485,0.000,55328.2
3447.224,4557.428,39.4393,0.000,55331.5
3447.724,4557.628,39.4404,0.000,55331.1
3447.725,4557.828,39.4435,0.000,55330.0
3447.725,4558.026,39.4307,0.000,55334.5
3448.224,4558.230,39.4132,0.000,55340.6
3448.224,4558.430,39.4136,0.000,55340.4
3448.724,4558.634,39.3918,0.000,55348.1
3448.725,4558.830,39.3918,0.000,55348.0
3448.725,4559.030,39.3737,0.000,55354.3
3449.224,4559.234,39.3779,0.000,55352.8
3449.224,4559.432,39.3589,0.000,55359.5
3449.724,4559.636,39.3509,0.000,55362.2
3449.724,4559.830,39.3486,0.000,55363.0
3449.724,4560.034,39.3403,0.000,55365.9
3450.224,4560.238,39.3232,0.000,55371.9
3450.224,4560.436,39.3348,0.000,55367.8
3450.724,4560.640,39.3102,0.000,55376.4
3450.724,4560.838,39.2975,0.000,55380.8
3450.724,4561.034,39.2812,0.000,55386.5
3451.224,4561.238,39.2788,0.000,55387.2
3451.225,4561.438,39.2819,0.000,55386.2
3451.724,4561.640,39.2633,0.000,55392.7
3451.724,4561.838,39.2482,0.000,55397.9
3451.724,4562.040,39.2397,0.000,55400.8
3452.224,4562.242,39.2412,0.000,55400.3
3452.225,4562.440,39.2248,0.000,55406.0
3452.724,4562.640,39.2135,0.000,55409.9
3452.725,4562.844,39.1938,0.000,55416.7
3452.725,4563.042,39.1860,0.000,55419.4
3453.224,4563.244,39.1679,0.000,55425.7
3453.225,4563.444,39.1476,0.000,55432.7
3453.724,4563.644,39.1465,0.000,55433.1
3453.725,4563.846,39.1462,0.000,55433.2
3453.725,4564.042,39.1351,0.000,55437.1
3454.224,4564.244,39.1095,0.000,55445.9
3454.225,4564.446,39.1001,0.000,55449.2
3454.724,4564.644,39.0864,0.000,55453.9
3454.725,4564.846,39.0874,0.000,55453.5
3454.725,4565.050,39.0818,0.000,55455.5
3455.224,4565.250,39.0713,0.000,55459.1
3455.225,4565.448,39.0557,0.000,55464.5
3455.723,4565.648,39.0636,0.000,55461.8
3455.723,4565.846,39.0439,0.000,55468.6
3455.724,4566.050,39.0403,0.000,55469.8
3456.224,4566.250,39.0382,0.000,55470.5
3456.225,4566.452,39.0212,0.000,55476.4
3456.723,4566.652,39.0181,0.000,55477.5
3456.724,4566.854,39.0054,0.000,55481.8
3456.724,4567.054,38.9943,0.000,55485.7
3457.224,4567.252,38.9826,0.000,55489.8
3457.225,4567.454,38.9770,0.000,55491.7
3457.724,4567.652,38.9800,0.000,55490.7
3457.725,4567.854,38.9536,0.000,55499.8
3457.725,4568.054,38.9624,0.000,55496.7
3458.224,4568.258,38.9442,0.000,55503.0
3458.225,4568.456,38.9331,0.000,55506.8
3458.724,4568.658,38.9295,0.000,55508.1
3458.724,4568.858,38.9048,0.000,55516.6
3458.724,4569.058,38.9056,0.000,55516.3
3459.224,4569.260,38.9035,0.000,55517.0
3459.224,4569.456,38.8984,0.000,55518.8
3459.724,4569.658,38.8882,0.000,55522.3
3459.724,4569.862,38.8625,0.000,55531.1
3459.725,4570.062,38.8618,0.000,55531.4
3460.224,4570.260,38.8540,0.000,55534.0
3460.225,4570.464,38.8411,0.000,55538.5
3460.724,4570.658,38.8345,0.000,55540.7
3460.725,4570.862,38.8143,0.000,55547.7
3460.725,4571.066,38.8187,0.000,55546.2
3461.224,4571.264,38.8027,0.000,55551.6
3461.225,4571.468,38.8034,0.000,55551.4
3461.724,4571.664,38.7913,0.000,55555.6
3461.725,4571.866,38.7721,0.000,55562.1
3461.725,4572.066,38.7656,0.000,55564.4
3462.224,4572.266,38.7617,0.000,55565.7
3462.224,4572.468,38.7440,0.000,55571.8
3462.724,4572.666,38.7446,0.000,55571.6
3462.725,4572.870,38.7287,0.000,55577.0
3462.725,4573.070,38.7212,0.000,55579.7
3463.224,4573.268,38.7139,0.000,55582.1
3463.224,4573.472,38.7104,0.000,55583.3
3463.724,4573.672,38.6859,0.000,55591.8
3463.724,4573.870,38.6885,0.000,55590.9
3463.725,4574.070,38.6722,0.000,55596.4
3464.224,4574.268,38.6691,0.000,55597.5
3464.225,4574.472,38.6546,0.000,55602.4
3464.724,4574.674,38.6637,0.000,55599.3
3464.724,4574.874,38.6466,0.000,55605.2
3464.725,4575.073,38.6302,0.000,55610.8
3465.224,4575.274,38.6323,0.000,55610.1
3465.225,4575.472,38.6199,0.000,55614.3
3465.724,4575.678,38.5976,0.000,55621.9
3465.725,4575.876,38.6081,0.000,55618.4
3465.725,4576.073,38.5976,0.000,55621.9
3466.224,4576.276,38.5827,0.000,55627.0
3466.224,4576.480,38.5796,0.000,55628.1
3466.724,4576.678,38.5625,0.000,55633.9
3466.725,4576.878,38.5601,0.000,55634.7
3466.725,4577.078,38.5620,0.000,55634.1
3467.224,4577.276,38.5526,0.000,55637.4
3467.224,4577.480,38.5422,0.000,55640.9
3467.724,4577.680,38.5308,0.000,55644.8
3467.725,4577.884,38.5212,0.000,55648.1
3467.725,4578.078,38.5141,0.000,55650.5
3468.224,4578.280,38.5117,0.000,55651.3
3468.225,4578.480,38.5039,0.000,55653.9
3468.724,4578.682,38.4840,0.000,55660.7
3468.725,4578.886,38.4770,0.000,55663.1
3468.725,4579.086,38.4818,0.000,55661.5
3469.224,4579.284,38.4652,0.000,55667.2
3469.224,4579.484,38.4564,0.000,55670.2
3469.723,4579.682,38.4507,0.000,55672.1
3469.724,4579.890,38.4302,0.000,55679.1
3469.724,4580.086,38.4189,0.000,55683.0
3470.224,4580.284,38.4207,0.000,55682.3
3470.224,4580.488,38.4126,0.000,55685.0
3470.724,4580.690,38.3975,0.000,55690.2
3470.724,4580.890,38.3874,0.000,55693.7
3470.724,4581.094,38.3821,0.000,55695.4
3471.224,4581.290,38.3667,0.000,55700.7
3471.225,4581.488,38.3665,0.000,55700.8
3471.724,4581.690,38.3527,0.000,55705.5
3471.725,4581.894,38.3556,0.000,55704.4
3471.725,4582.094,38.3276,0.000,55714.0
3472.224,4582.292,38.3330,0.000,55712.2
3472.224,4582.492,38.3240,0.000,55715.2
3472.724,4582.694,38.3061,0.000,55721.3
3472.724,4582.894,38.3092,0.000,55720.2
3472.724,4583.096,38.2858,0.000,55728.2
3473.224,4583.292,38.2897,0.000,55726.9
3473.224,4583.494,38.2775,0.000,55731.0
3473.724,4583.698,38.2710,0.000,55733.2
3473.725,4583.898,38.2642,0.000,55735.5
3473.725,4584.096,38.2552,0.000,55738.6
3474.224,4584.300,38.2380,0.000,55744.4
3474.224,4584.494,38.2275,0.000,55748.0
3474.724,4584.698,38.2280,0.000,55747.8
3474.725,4584.898,38.2183,0.000,55751.1
3474.725,4585.096,38.2207,0.000,55750.3
3475.224,4585.300,38.2046,0.000,55755.7
3475.224,4585.500,38.1969,0.000,55758.4
3475.724,4585.702,38.1935,0.000,55759.5
3475.724,4585.902,38.1743,0.000,55766.0
3475.724,4586.102,38.1762,0.000,55765.4
3476.224,4586.304,38.1538,0.000,55773.0
3476.224,4586.502,38.1601,0.000,55770.8
3476.724,4586.704,38.1514,0.000,55773.8
3476.725,4586.902,38.1323,0.000,55780.2
3476.725,4587.104,38.1250,0.000,55782.7
3477.224,4587.308,38.1235,0.000,55783.2
3477.224,4587.508,38.1121,0.000,55787.1
3477.724,4587.706,38.1035,0.000,55790.0
3477.724,4587.906,38.0957,0.000,55792.6
3477.724,4588.104,38.0871,0.000,55795.6
3478.224,4588.308,38.0779,0.000,55798.6
3478.224,4588.510,38.0731,0.000,55800.3
3478.724,4588.706,38.0527,0.000,55807.1
3478.725,4588.908,38.0480,0.000,55808.7
3478.725,4589.112,38.0441,0.000,55810.1
3479.224,4589.312,38.0335,0.000,55813.6
3479.224,4589.514,38.0234,0.000,55817.1
3479.724,4589.714,38.0156,0.000,55819.7
3479.725,4589.908,38.0063,0.000,55822.8
3479.725,4590.112,37.9982,0.000,55825.5
3480.224,4590.312,37.9829,0.000,55830.7
3480.224,4590.514,37.9863,0.000,55829.6
3480.724,4590.714,37.9810,0.000,55831.4
3480.725,4590.914,37.9668,0.000,55836.1
3480.725,4591.116,37.9525,0.000,55841.0
3481.224,4591.316,37.9455,0.000,55843.3
3481.224,4591.518,37.9357,0.000,55846.6
3481.724,4591.718,37.9339,0.000,55847.2
3481.724,4591.916,37.9289,0.000,55849.0
3481.724,4592.118,37.9175,0.000,55852.8
3482.224,4592.316,37.9033,0.000,55857.6
3482.224,4592.518,37.9019,0.000,55858.0
3482.724,4592.722,37.8812,0.000,55865.0
3482.725,4592.922,37.8774,0.000,55866.2
3482.725,4593.120,37.8735,0.000,55867.6
3483.224,4593.320,37.8729,0.000,55867.8
3483.225,4593.518,37.8662,0.000,55870.1
3483.724,4593.722,37.8657,0.000,55870.2
3483.725,4593.924,37.8459,0.000,55876.9
3484.224,4594.124,37.8338,0.000,55880.9
3484.224,4594.323,37.8315,0.000,55881.7
3484.224,4594.524,37.8341,0.000,55880.8
3484.724,4594.722,37.8289,0.000,55882.6
3484.725,4594.924,37.8139,0.000,55887.6
3485.224,4595.126,37.8037,0.000,55891.1
3485.224,4595.323,37.7830,0.000,55898.0
3485.224,4595.526,37.7876,0.000,55896.4
3485.724,4595.730,37.7715,0.000,55901.9
3485.724,4595.928,37.7686,0.000,55902.8
3486.224,4596.128,37.7559,0.000,55907.1
3486.224,4596.328,37.7463,0.000,55910.4
3486.224,4596.526,37.7458,0.000,55910.5
3486.724,4596.730,37.7253,0.000,55917.4
3486.724,4596.932,37.7052,0.000,55924.1
3487.223,4597.132,37.7020,0.000,55925.2
3487.224,4597.330,37.7008,0.000,55925.6
3487.224,4597.530,37.6813,0.000,55932.1
3487.724,4597.730,37.6758,0.000,55934.0
3487.724,4597.932,37.6758,0.000,55934.0
3488.224,4598.136,37.6728,0.000,55935.0
3488.225,4598.336,37.6692,0.000,55936.1
3488.225,4598.534,37.6621,0.000,55938.5
3488.724,4598.734,37.6429,0.000,55945.0
3488.724,4598.932,37.6406,0.000,55945.8
3489.224,4599.136,37.6277,0.000,55950.0
3489.224,4599.336,37.6069,0.000,55957.1
3489.224,4599.534,37.6020,0.000,55958.6
3489.724,4599.738,37.5981,0.000,55960.0
3489.724,4599.940,37.5937,0.000,55961.4
3490.224,4600.140,37.5882,0.000,55963.3
3490.224,4600.344,37.5649,0.000,55971.1
3490.224,4600.540,37.5537,0.000,55974.8
3490.724,4600.738,37.5550,0.000,55974.4
3490.725,4600.940,37.5465,0.000,55977.2
3491.224,4601.144,37.5364,0.000,55980.6
3491.224,4601.344,37.5314,0.000,55982.2
3491.224,4601.542,37.5335,0.000,55981.6
3491.724,4601.742,37.5195,0.000,55986.3
3491.724,4601.940,37.5107,0.000,55989.2
3492.224,4602.144,37.5067,0.000,55990.6
3492.224,4602.346,37.5057,0.000,55990.9
3492.224,4602.542,37.4814,0.000,55999.0
3492.724,4602.744,37.4767,0.000,56000.5
3492.724,4602.948,37.4765,0.000,56000.6
3493.223,4603.148,37.4507,0.000,56009.2
3493.224,4603.346,37.4394,0.000,56013.0
3493.224,4603.550,37.4450,0.000,56011.1
3493.724,4603.744,37.4305,0.000,56015.9
3493.724,4603.948,37.4250,0.000,56017.8
3494.224,4604.148,37.4223,0.000,56018.7
3494.224,4604.346,37.4223,0.000,56018.7
3494.224,4604.550,37.3975,0.000,56026.9
3494.723,4604.750,37.4132,0.000,56021.7
3494.724,4604.952,37.4092,0.000,56023.1
3495.224,4605.152,37.3865,0.000,56030.6
3495.224,4605.352,37.3784,0.000,56033.3
3495.224,4605.554,37.3823,0.000,56032.0
3495.724,4605.752,37.3836,0.000,56031.6
3495.724,4605.954,37.3669,0.000,56037.1
3496.224,4606.152,37.3636,0.000,56038.2
3496.224,4606.354,37.3503,0.000,56042.6
3496.224,4606.558,37.3389,0.000,56046.4
3496.724,4606.758,37.3354,0.000,56047.6
3496.724,4606.956,37.3377,0.000,56046.8
3497.224,4607.156,37.3262,0.000,56050.6
3497.225,4607.354,37.3102,0.000,56055.9
3497.225,4607.558,37.3012,0.000,56058.9
3497.724,4607.760,37.2930,0.000,56061.7
3497.724,4607.960,37.2882,0.000,56063.2
3498.224,4608.158,37.2871,0.000,56063.6
3498.224,4608.360,37.2637,0.000,56071.4
3498.224,4608.558,37.2642,0.000,56071.2
3498.723,4608.760,37.2599,0.000,56072.7
3498.724,4608.962,37.2487,0.000,56076.4
3499.224,4609.158,37.2368,0.000,56080.3
3499.224,4609.362,37.2249,0.000,56084.3
3499.224,4609.566,37.2303,0.000,56082.5
3499.723,4609.764,37.2212,0.000,56085.5
3499.724,4609.968,37.2090,0.000,56089.6
3500.224,4610.164,37.2010,0.000,56092.2
3500.225,4610.362,37.1813,0.000,56098.7
3500.225,4610.566,37.1870,0.000,56096.8
3500.724,4610.766,37.1904,0.000,56095.7
3500.724,4610.968,37.1730,0.000,56101.5
3501.224,4611.166,37.1600,0.000,56105.8
3501.224,4611.370,37.1499,0.000,56109.1
3501.225,4611.570,37.1481,0.000,56109.8
3501.724,4611.768,37.1390,0.000,56112.7
3501.724,4611.972,37.1289,0.000,56116.1
3502.223,4612.166,37.1238,0.000,56117.8
3502.223,4612.370,37.1250,0.000,56117.4
3502.224,4612.573,37.1081,0.000,56123.0
3502.724,4612.772,37.1027,0.000,56124.7
3502.724,4612.972,37.0986,0.000,56126.1
3503.223,4613.174,37.0941,0.000,56127.6
3503.223,4613.370,37.0742,0.000,56134.2
3503.224,4613.573,37.0772,0.000,56133.2
3503.724,4613.776,37.0620,0.000,56138.2
3503.725,4613.976,37.0708,0.000,56135.3
3504.224,4614.178,37.0625,0.000,56138.0
3504.225,4614.376,37.0343,0.000,56147.3
3504.225,4614.573,37.0348,0.000,56147.2
3504.724,4614.776,37.0228,0.000,56151.2
3504.724,4614.976,37.0213,0.000,56151.7
3505.224,4615.178,37.0122,0.000,56154.7
3505.224,4615.378,36.9951,0.000,56160.3
3505.224,4615.578,36.9904,0.000,56161.8
3505.724,4615.780,36.9811,0.000,56164.9
3505.725,4615.980,36.9780,0.000,56166.0
3506.224,4616.180,36.9785,0.000,56165.7
3506.225,4616.382,36.9594,0.000,56172.1
3506.225,4616.580,36.9534,0.000,56174.0
3506.723,4616.784,36.9297,0.000,56181.8
3506.724,4616.984,36.9411,0.000,56178.1
3507.224,4617.182,36.9329,0.000,56180.8
3507.225,4617.386,36.9261,0.000,56183.0
3507.225,4617.580,36.9228,0.000,56184.1
3507.724,4617.784,36.9009,0.000,56191.4
3507.724,4617.984,36.8908,0.000,56194.7
3508.224,4618.182,36.8812,0.000,56197.8
3508.225,4618.386,36.8809,0.000,56197.9
3508.225,4618.586,36.8498,0.000,56208.1
3508.724,4618.784,36.8572,0.000,56205.7
3508.724,4618.988,36.8457,0.000,56209.5
3509.224,4619.188,36.8257,0.000,56216.1
3509.224,4619.390,36.8279,0.000,56215.3
3509.224,4619.588,36.8120,0.000,56220.5
3509.723,4619.790,36.8157,0.000,56219.3
3509.724,4619.988,36.8024,0.000,56223.7
3510.224,4620.190,36.7876,0.000,56228.6
3510.224,4620.394,36.7848,0.000,56229.5
3510.224,4620.594,36.7878,0.000,56228.5
3510.724,4620.792,36.7695,0.000,56234.5
3510.725,4620.992,36.7686,0.000,56234.8
3511.224,4621.190,36.7539,0.000,56239.7
3511.225,4621.394,36.7485,0.000,56241.4
3511.225,4621.596,36.7430,0.000,56243.2
3511.724,4621.796,36.7287,0.000,56247.9
3511.724,4621.994,36.7381,0.000,56244.8
3512.224,4622.198,36.7259,0.000,56248.8
3512.225,4622.398,36.7148,0.000,56252.4
3512.225,4622.596,36.7065,0.000,56255.2
3512.724,4622.800,36.6885,0.000,56261.1
3512.725,4622.994,36.6824,0.000,56263.1
3513.224,4623.198,36.6728,0.000,56266.2
3513.225,4623.402,36.6722,0.000,56266.4
3513.225,4623.600,36.6597,0.000,56270.5
3513.724,4623.804,36.6662,0.000,56268.4
3513.725,4624.000,36.6570,0.000,56271.4
3514.224,4624.198,36.6484,0.000,56274.2
3514.225,4624.402,36.6313,0.000,56279.8
3514.225,4624.602,36.6353,0.000,56278.5
3514.724,4624.804,36.6313,0.000,56279.8
3514.725,4625.002,36.6110,0.000,56286.5
3515.224,4625.204,36.6077,0.000,56287.5
3515.224,4625.406,36.6025,0.000,56289.2
3515.224,4625.604,36.5989,0.000,56290.4
3515.724,4625.804,36.5939,0.000,56292.0
3515.724,4626.008,36.5757,0.000,56298.0
3516.224,4626.206,36.5763,0.000,56297.8
3516.224,4626.406,36.5649,0.000,56301.5
3516.224,4626.604,36.5566,0.000,56304.2
3516.724,4626.808,36.5586,0.000,56303.6
3516.724,4627.010,36.5293,0.000,56313.1
3517.224,4627.210,36.5366,0.000,56310.8
3517.225,4627.408,36.5205,0.000,56316.0
3517.225,4627.610,36.5093,0.000,56319.7
3517.724,4627.808,36.5143,0.000,56318.0
3517.724,4628.010,36.5015,0.000,56322.2
3518.224,4628.212,36.4860,0.000,56327.3
3518.224,4628.408,36.4941,0.000,56324.6
3518.225,4628.612,36.4875,0.000,56326.8
3518.724,4628.816,36.4658,0.000,56333.8
3518.725,4629.014,36.4548,0.000,56337.5
3519.224,4629.218,36.4478,0.000,56339.7
3519.224,4629.414,36.4434,0.000,56341.1
3519.224,4629.612,36.4378,0.000,56342.9
3519.724,4629.816,36.4363,0.000,56343.4
3519.724,4630.016,36.4206,0.000,56348.6
3520.224,4630.218,36.4054,0.000,56353.5
3520.224,4630.416,36.3983,0.000,56355.8
3520.224,4630.620,36.4012,0.000,56354.9
3520.724,4630.820,36.3987,0.000,56355.7
3520.724,4631.018,36.3843,0.000,56360.4
3521.224,4631.222,36.3642,0.000,56366.9
3521.224,4631.416,36.3647,0.000,56366.8
3521.224,4631.618,36.3589,0.000,56368.6
3521.724,4631.820,36.3548,0.000,56370.0
3521.724,4632.018,36.3553,0.000,56369.8
3522.224,4632.222,36.3374,0.000,56375.6
3522.225,4632.424,36.3442,0.000,56373.4
3522.724,4632.624,36.3340,0.000,56376.8
3522.724,4632.823,36.3344,0.000,56376.6
3522.724,4633.024,36.3187,0.000,56381.7
3523.224,4633.222,36.3097,0.000,56384.6
3523.224,4633.424,36.3125,0.000,56383.7
3523.724,4633.626,36.2959,0.000,56389.1
3523.724,4633.823,36.3003,0.000,56387.7
3523.724,4634.026,36.2869,0.000,56392.1
3524.224,4634.230,36.2760,0.000,56395.6
3524.224,4634.428,36.2733,0.000,56396.4
3524.724,4634.628,36.2822,0.000,56393.5
3524.724,4634.828,36.2684,0.000,56398.1
3524.724,4635.026,36.2656,0.000,56398.9
3525.224,4635.230,36.2549,0.000,56402.4
3525.224,4635.432,36.2396,0.000,56407.4
3525.724,4635.632,36.2438,0.000,56406.0
3525.724,4635.830,36.2305,0.000,56410.3
3525.724,4636.030,36.2226,0.000,56412.9
3526.224,4636.230,36.2166,0.000,56414.8
3526.224,4636.432,36.1942,0.000,56422.1
3526.724,4636.636,36.1987,0.000,56420.6
3526.724,4636.836,36.1834,0.000,56425.6
3526.724,4637.034,36.1642,0.000,56431.8
3527.224,4637.234,36.1818,0.000,56426.1
3527.224,4637.432,36.1712,0.000,56429.5
3527.724,4637.636,36.1660,0.000,56431.2
3527.724,4637.836,36.1567,0.000,56434.2
3527.724,4638.034,36.1303,0.000,56442.8
3528.224,4638.238,36.1360,0.000,56440.9
3528.225,4638.440,36.1229,0.000,56445.1
3528.724,4638.640,36.1294,0.000,56443.0
3528.725,4638.838,36.1100,0.000,56449.3
3528.725,4639.040,36.0941,0.000,56454.5
3529.224,4639.238,36.1025,0.000,56451.8
3529.225,4639.440,36.0837,0.000,56457.8
3529.724,4639.644,36.0874,0.000,56456.6
3529.724,4639.844,36.0698,0.000,56462.3
3529.725,4640.042,36.0656,0.000,56463.7
3530.224,4640.242,36.0600,0.000,56465.5
3530.225,4640.440,36.0576,0.000,56466.3
3530.724,4640.644,36.0506,0.000,56468.5
3530.725,4640.846,36.0307,0.000,56474.9
3530.725,4641.042,36.0303,0.000,56475.0
3531.224,4641.244,36.0210,0.000,56478.1
3531.224,4641.448,36.0218,0.000,56477.8
3531.724,4641.648,36.0060,0.000,56482.9
3531.725,4641.846,35.9897,0.000,56488.2
3531.725,4642.050,36.0122,0.000,56481.0
3532.224,4642.244,35.9645,0.000,56496.2
3532.224,4642.448,35.9694,0.000,56494.7
3532.724,4642.648,35.9682,0.000,56495.1
3532.725,4642.846,35.9512,0.000,56500.6
3532.725,4643.050,35.9634,0.000,56496.6
3533.223,4643.250,35.9482,0.000,56501.5
3533.224,4643.452,35.9407,0.000,56503.9
3533.724,4643.652,35.9377,0.000,56504.9
3533.724,4643.852,35.9359,0.000,56505.5
3533.724,4644.054,35.9305,0.000,56507.2
3534.224,4644.252,35.9111,0.000,56513.4
3534.224,4644.454,35.9238,0.000,56509.3
3534.724,4644.652,35.8999,0.000,56517.1
3534.724,4644.854,35.9142,0.000,56512.4
3534.724,4645.058,35.8974,0.000,56517.9
3535.224,4645.258,35.8953,0.000,56518.5
3535.225,4645.456,35.8869,0.000,56521.2
3535.724,4645.658,35.8904,0.000,56520.1
3535.724,4645.858,35.8703,0.000,56526.6
3535.724,4646.058,35.8670,0.000,56527.6
3536.224,4646.260,35.8662,0.000,56527.9
3536.224,4646.456,35.8572,0.000,56530.8
3536.724,4646.658,35.8512,0.000,56532.7
3536.724,4646.862,35.8506,0.000,56532.9
3536.724,4647.062,35.8306,0.000,56539.3
3537.224,4647.264,35.8208,0.000,56542.5
3537.224,4647.464,35.8273,0.000,56540.4
3537.724,4647.664,35.8222,0.000,56542.0
3537.724,4647.862,35.8069,0.000,56546.9
3537.724,4648.062,35.8008,0.000,56548.9
3538.223,4648.264,35.7969,0.000,56550.1
3538.223,4648.464,35.7851,0.000,56553.9
3538.724,4648.664,35.7788,0.000,56556.0
3538.724,4648.866,35.7869,0.000,56553.4
3538.724,4649.066,35.7693,0.000,56559.0
3539.224,4649.266,35.7627,0.000,56561.1
3539.224,4649.468,35.7629,0.000,56561.0
3539.724,4649.666,35.7415,0.000,56567.9
3539.724,4649.868,35.7454,0.000,56566.7
3539.724,4650.066,35.7295,0.000,56571.8
3540.224,4650.268,35.7244,0.000,56573.4
3540.224,4650.472,35.7231,0.000,56573.8
3540.724,4650.672,35.7222,0.000,56574.1
3540.725,4650.870,35.7090,0.000,56578.3
3540.725,4651.070,35.7041,0.000,56579.9
3541.224,4651.268,35.6857,0.000,56585.8
3541.225,4651.472,35.6909,0.000,56584.1
3541.724,4651.674,35.6758,0.000,56589.0
3541.724,4651.870,35.6570,0.000,56594.9
3541.724,4652.073,35.6562,0.000,56595.2
3542.224,4652.276,35.6551,0.000,56595.6
3542.224,4652.476,35.6523,0.000,56596.4
3542.724,4652.678,35.6383,0.000,56601.0
3542.724,4652.876,35.6333,0.000,56602.5
3542.724,4653.073,35.6294,0.000,56603.8
3543.224,4653.276,35.6260,0.000,56604.9
3543.224,4653.476,35.6217,0.000,56606.2
3543.724,4653.678,35.6055,0.000,56611.4
3543.724,4653.878,35.5998,0.000,56613.3
3543.725,4654.078,35.5947,0.000,56614.9
3544.223,4654.280,35.5732,0.000,56621.7
3544.224,4654.480,35.5701,0.000,56622.7
3544.724,4654.680,35.5620,0.000,56625.3
3544.724,4654.882,35.5556,0.000,56627.4
3544.725,4655.080,35.5620,0.000,56625.3
3545.224,4655.284,35.5500,0.000,56629.1
3545.224,4655.484,35.5396,0.000,56632.4
3545.724,4655.682,35.5334,0.000,56634.4
3545.725,4655.886,35.5386,0.000,56632.8
3545.725,4656.086,35.5229,0.000,56637.7
3546.224,4656.284,35.5182,0.000,56639.3
3546.225,4656.484,35.5122,0.000,56641.2
3546.724,4656.682,35.5145,0.000,56640.5
3546.724,4656.886,35.4963,0.000,56646.2
3546.724,4657.086,35.4844,0.000,56650.0
3547.224,4657.284,35.4850,0.000,56649.8
3547.225,4657.488,35.4743,0.000,56653.2
3547.724,4657.688,35.4712,0.000,56654.2
3547.725,4657.890,35.4759,0.000,56652.8
3547.725,4658.094,35.4578,0.000,56658.5
3548.224,4658.290,35.4525,0.000,56660.2
3548.225,4658.488,35.4520,0.000,56660.4
3548.724,4658.690,35.4345,0.000,56665.9
3548.725,4658.894,35.4427,0.000,56663.3
3548.725,4659.094,35.4287,0.000,56667.8
3549.224,4659.292,35.4259,0.000,56668.7
3549.224,4659.492,35.4150,0.000,56672.1
3549.724,4659.690,35.4170,0.000,56671.5
3549.725,4659.894,35.4001,0.000,56676.9
3549.725,4660.096,35.4162,0.000,56671.7
3550.224,4660.296,35.4089,0.000,56674.1
3550.225,4660.494,35.3955,0.000,56678.4
3550.724,4660.696,35.3857,0.000,56681.5
3550.725,4660.894,35.3853,0.000,56681.6
3550.725,4661.096,35.3808,0.000,56683.0
3551.224,4661.300,35.3690,0.000,56686.7
3551.225,4661.500,35.3594,0.000,56689.8
3551.724,4661.698,35.3568,0.000,56690.6
3551.725,4661.898,35.3438,0.000,56694.8
3551.725,4662.096,35.3418,0.000,56695.4
3552.224,4662.300,35.3226,0.000,56701.5
3552.225,4662.500,35.3328,0.000,56698.2
3552.724,4662.702,35.3156,0.000,56703.7
3552.725,4662.902,35.3151,0.000,56703.9
3552.725,4663.104,35.3169,0.000,56703.3
3553.224,4663.304,35.2925,0.000,56711.1
3553.225,4663.502,35.2853,0.000,56713.3
3553.724,4663.704,35.2896,0.000,56712.0
3553.725,4663.902,35.2730,0.000,56717.2
3553.725,4664.104,35.2677,0.000,56718.9
3554.224,4664.308,35.2622,0.000,56720.6
3554.224,4664.508,35.2658,0.000,56719.5
3554.724,4664.706,35.2532,0.000,56723.5
3554.725,4664.906,35.2568,0.000,56722.3
3554.725,4665.104,35.2310,0.000,56730.5
3555.224,4665.308,35.2218,0.000,56733.4
3555.225,4665.510,35.2212,0.000,56733.6
3555.724,4665.710,35.2202,0.000,56733.9
3555.725,4665.908,35.2231,0.000,56733.0
3555.725,4666.110,35.2007,0.000,56740.1
3556.224,4666.308,35.2065,0.000,56738.2
3556.225,4666.510,35.1960,0.000,56741.6
3556.724,4666.712,35.1855,0.000,56744.8
3556.724,4666.908,35.1767,0.000,56747.7
3556.724,4667.112,35.1722,0.000,56749.1
3557.224,4667.312,35.1676,0.000,56750.5
3557.225,4667.514,35.1543,0.000,56754.8
3557.724,4667.718,35.1582,0.000,56753.5
3557.725,4667.914,35.1509,0.000,56755.8
3557.725,4668.112,35.1351,0.000,56760.8
3558.223,4668.316,35.1426,0.000,56758.4
3558.223,4668.518,35.1284,0.000,56763.0
3558.724,4668.718,35.1245,0.000,56764.1
3558.724,4668.916,35.1139,0.000,56767.5
3558.724,4669.118,35.1098,0.000,56768.8
3559.224,4669.320,35.1051,0.000,56770.3
3559.225,4669.518,35.0993,0.000,56772.1
3559.724,4669.722,35.0923,0.000,56774.3
3559.725,4669.916,35.0784,0.000,56778.7
3559.725,4670.120,35.0849,0.000,56776.7
3560.224,4670.323,35.0825,0.000,56777.5
3560.225,4670.522,35.0722,0.000,56780.7
3560.724,4670.722,35.0710,0.000,56781.1
3560.724,4670.924,35.0693,0.000,56781.6
3561.224,4671.124,35.0382,0.000,56791.4
3561.224,4671.323,35.0457,0.000,56789.0
3561.224,4671.524,35.0457,0.000,56789.0
3561.724,4671.722,35.0322,0.000,56793.3
3561.725,4671.924,35.0215,0.000,56796.7
3562.224,4672.126,35.0218,0.000,56796.6
3562.224,4672.328,35.0218,0.000,56796.6
3562.224,4672.526,35.0052,0.000,56801.8
3562.724,4672.730,34.9935,0.000,56805.5
3562.725,4672.928,34.9958,0.000,56804.7
3563.223,4673.128,34.9777,0.000,56810.4
3563.224,4673.328,34.9840,0.000,56808.4
3563.224,4673.526,34.9705,0.000,56812.7
3563.724,4673.730,34.9564,0.000,56817.2
3563.724,4673.930,34.9684,0.000,56813.4
3564.224,4674.132,34.9490,0.000,56819.5
3564.225,4674.330,34.9430,0.000,56821.3
3564.225,4674.534,34.9372,0.000,56823.2
3564.724,4674.734,34.9209,0.000,56828.3
3564.724,4674.932,34.9272,0.000,56826.3
3565.224,4675.136,34.9140,0.000,56830.5
3565.224,4675.330,34.9132,0.000,56830.7
3565.224,4675.534,34.9015,0.000,56834.4
3565.724,4675.738,34.8945,0.000,56836.6
3565.724,4675.936,34.8875,0.000,56838.8
3566.224,4676.136,34.8904,0.000,56837.9
3566.225,4676.338,34.8732,0.000,56843.3
3566.225,4676.534,34.8694,0.000,56844.5
3566.724,4676.738,34.8423,0.000,56853.0
3566.724,4676.940,34.8283,0.000,56857.4
3567.224,4677.140,34.8288,0.000,56857.2
3567.224,4677.344,34.8208,0.000,56859.8
3567.224,4677.540,34.8169,0.000,56860.9
3567.724,4677.738,34.8074,0.000,56863.9
3567.725,4677.940,34.8113,0.000,56862.7
3568.223,4678.144,34.7972,0.000,56867.1
3568.223,4678.344,34.8055,0.000,56864.5
3568.223,4678.542,34.8132,0.000,56862.1
3568.724,4678.742,34.7900,0.000,56869.4
3568.724,4678.944,34.7944,0.000,56868.0
3569.224,4679.144,34.7778,0.000,56873.1
3569.225,4679.346,34.7593,0.000,56879.0
3569.225,4679.542,34.7708,0.000,56875.4
3569.724,4679.744,34.7612,0.000,56878.4
3569.724,4679.948,34.7485,0.000,56882.4
3570.224,4680.148,34.7448,0.000,56883.5
3570.224,4680.346,34.7417,0.000,56884.5
3570.224,4680.550,34.7373,0.000,56885.9
3570.723,4680.744,34.7334,0.000,56887.1
3570.724,4680.948,34.7407,0.000,56884.8
3571.224,4681.152,34.7274,0.000,56889.0
3571.224,4681.350,34.7244,0.000,56889.9
3571.224,4681.554,34.7168,0.000,56892.2
3571.724,4681.750,34.7080,0.000,56895.1
3571.724,4681.952,34.6995,0.000,56897.7
3572.224,4682.152,34.6955,0.000,56898.9
3572.225,4682.354,34.6844,0.000,56902.4
3572.225,4682.554,34.6712,0.000,56906.5
3572.723,4682.752,34.6803,0.000,56903.7
3572.724,4682.954,34.6696,0.000,56907.0
3573.224,4683.156,34.6691,0.000,56907.2
3573.224,4683.354,34.6785,0.000,56904.2
3573.224,4683.554,34.6562,0.000,56911.2
3573.724,4683.758,34.6528,0.000,56912.3
3573.724,4683.956,34.6460,0.000,56914.4
3574.224,4684.158,34.6353,0.000,56917.7
3574.224,4684.358,34.6185,0.000,56923.0
3574.224,4684.558,34.6357,0.000,56917.6
3574.723,4684.760,34.6133,0.000,56924.6
3574.724,4684.960,34.6074,0.000,56926.4
3575.223,4685.158,34.6054,0.000,56927.1
3575.224,4685.360,34.5980,0.000,56929.4
3575.224,4685.558,34.5908,0.000,56931.6
3575.723,4685.760,34.5877,0.000,56932.6
3575.724,4685.962,34.5895,0.000,56932.0
3576.224,4686.158,34.5735,0.000,56937.0
3576.225,4686.362,34.5599,0.000,56941.2
3576.225,4686.566,34.5700,0.000,56938.1
3576.724,4686.764,34.5584,0.000,56941.8
3576.725,4686.968,34.5498,0.000,56944.4
3577.224,4687.164,34.5133,0.000,56955.7
3577.225,4687.362,34.5259,0.000,56951.8
3577.225,4687.566,34.5185,0.000,56954.1
3577.724,4687.766,34.5132,0.000,56955.8
3577.725,4687.968,34.5125,0.000,56956.0
3578.224,4688.166,34.5060,0.000,56958.0
3578.225,4688.370,34.5053,0.000,56958.3
3578.225,4688.570,34.4953,0.000,56961.4
3578.724,4688.768,34.4886,0.000,56963.4
3578.725,4688.972,34.4790,0.000,56966.4
3579.224,4689.172,34.4762,0.000,56967.3
3579.224,4689.370,34.4734,0.000,56968.2
3579.224,4689.570,34.4642,0.000,56971.1
3579.724,4689.768,34.4482,0.000,56976.0
3579.724,4689.972,34.4583,0.000,56972.8
3580.224,4690.174,34.4393,0.000,56978.8
3580.224,4690.374,34.4365,0.000,56979.6
3580.224,4690.573,34.4464,0.000,56976.5
3580.724,4690.774,34.4360,0.000,56979.8
3580.724,4690.972,34.4300,0.000,56981.6
3581.224,4691.174,34.4204,0.000,56984.6
3581.225,4691.376,34.4165,0.000,56985.8
3581.225,4691.578,34.4111,0.000,56987.5
3581.725,4691.776,34.3992,0.000,56991.2
3581.725,4691.980,34.4066,0.000,56988.9
3582.224,4692.178,34.4022,0.000,56990.3
3582.224,4692.378,34.3901,0.000,56994.0
3582.225,4692.578,34.3864,0.000,56995.1
3582.723,4692.776,34.3787,0.000,56997.6
3582.724,4692.980,34.3696,0.000,57000.4
3583.224,4693.180,34.3713,0.000,56999.8
3583.225,4693.382,34.3685,0.000,57000.7
3583.225,4693.580,34.3639,0.000,57002.1
3583.723,4693.784,34.3522,0.000,57005.8
3583.724,4693.984,34.3511,0.000,57006.1
3584.224,4694.182,34.3354,0.000,57011.0
3584.224,4694.386,34.3395,0.000,57009.8
3584.224,4694.586,34.3314,0.000,57012.2
3584.725,4694.784,34.3166,0.000,57016.8
3584.725,4694.988,34.3135,0.000,57017.8
3585.224,4695.186,34.3177,0.000,57016.5
3585.224,4695.390,34.3107,0.000,57018.6
3585.224,4695.588,34.2985,0.000,57022.4
3585.724,4695.784,34.2995,0.000,57022.1
3585.725,4695.988,34.2930,0.000,57024.1
3586.224,4696.190,34.2926,0.000,57024.2
3586.224,4696.390,34.2817,0.000,57027.6
3586.224,4696.594,34.2770,0.000,57029.1
3586.724,4696.788,34.2695,0.000,57031.4
3586.724,4696.992,34.2606,0.000,57034.2
3587.224,4697.190,34.2620,0.000,57033.7
3587.224,4697.390,34.2441,0.000,57039.2
3587.224,4697.594,34.2438,0.000,57039.3
3587.724,4697.792,34.2502,0.000,57037.4
3587.724,4697.994,34.2275,0.000,57044.3
3588.224,4698.194,34.2334,0.000,57042.6
3588.224,4698.394,34.2227,0.000,57045.8
3588.224,4698.596,34.2218,0.000,57046.1
3588.724,4698.792,34.2173,0.000,57047.5
3588.724,4698.994,34.2103,0.000,57049.7
3589.224,4699.198,34.2083,0.000,57050.3
3589.225,4699.398,34.1968,0.000,57053.9
3589.225,4699.596,34.2000,0.000,57052.9
3589.724,4699.800,34.1933,0.000,57055.0
3589.724,4699.994,34.1855,0.000,57057.3
3590.224,4700.198,34.1719,0.000,57061.6
3590.224,4700.402,34.1621,0.000,57064.6
3590.224,4700.600,34.1548,0.000,57066.9
3590.724,4700.804,34.1589,0.000,57065.6
3590.724,4701.000,34.1509,0.000,57068.0
3591.224,4701.204,34.1317,0.000,57074.0
3591.225,4701.402,34.1413,0.000,57071.0
3591.225,4701.604,34.1256,0.000,57075.8
3591.723,4701.804,34.1255,0.000,57075.9
3591.724,4702.002,34.1196,0.000,57077.7
3592.223,4702.204,34.1175,0.000,57078.3
3592.223,4702.406,34.1094,0.000,57080.8
3592.223,4702.604,34.0965,0.000,57084.8
3592.724,4702.804,34.0962,0.000,57084.8
3592.725,4703.008,34.0902,0.000,57086.7
3593.224,4703.206,34.0805,0.000,57089.7
3593.225,4703.408,34.0884,0.000,57087.3
3593.225,4703.608,34.0766,0.000,57090.9
3593.724,4703.808,34.0718,0.000,57092.4
3593.725,4704.010,34.0671,0.000,57093.8
3594.224,4704.206,34.0532,0.000,57098.1
3594.225,4704.408,34.0498,0.000,57099.2
3594.225,4704.612,34.0408,0.000,57101.9
3594.724,4704.812,34.0327,0.000,57104.4
3594.725,4705.010,34.0317,0.000,57104.7
3595.224,4705.214,34.0203,0.000,57108.2
3595.224,4705.408,34.0151,0.000,57109.8
3595.224,4705.612,34.0098,0.000,57111.4
3595.724,4705.816,34.0071,0.000,57112.3
3595.725,4706.014,33.9980,0.000,57115.1
3596.224,4706.214,34.0044,0.000,57113.1
3596.224,4706.414,33.9932,0.000,57116.6
3596.225,4706.612,33.9741,0.000,57122.4
3596.724,4706.816,33.9749,0.000,57122.2
3596.724,4707.018,33.9660,0.000,57124.9
3597.224,4707.218,33.9707,0.000,57123.4
3597.224,4707.416,33.9526,0.000,57129.1
3597.224,4707.618,33.9521,0.000,57129.2
3597.723,4707.816,33.9472,0.000,57130.7
3597.723,4708.018,33.9331,0.000,57135.0
3598.224,4708.222,33.9458,0.000,57131.1
3598.224,4708.422,33.9404,0.000,57132.7
3598.224,4708.620,33.9300,0.000,57136.0
3598.724,4708.820,33.9232,0.000,57138.1
3598.724,4709.018,33.9233,0.000,57138.0
3599.224,4709.222,33.9131,0.000,57141.1
3599.224,4709.424,33.9040,0.000,57143.9
3599.724,4709.620,33.9062,0.000,57143.2
3599.724,4709.823,33.9006,0.000,57145.0
3599.724,4710.026,33.8926,0.000,57147.5
3600.224,4710.226,33.8893,0.000,57148.4
3600.224,4710.428,33.8906,0.000,57148.1
3600.724,4710.626,33.8730,0.000,57153.4
3600.724,4710.823,33.8618,0.000,57156.8
3600.724,4711.026,33.8642,0.000,57156.1
3601.224,4711.226,33.8584,0.000,57157.9
3601.225,4711.428,33.8524,0.000,57159.8
3601.724,4711.628,33.8519,0.000,57159.9
3601.724,4711.828,33.8486,0.000,57160.9
3601.724,4712.030,33.8428,0.000,57162.7
3602.223,4712.230,33.8335,0.000,57165.6
3602.224,4712.430,33.8275,0.000,57167.4
3602.724,4712.632,33.8273,0.000,57167.4
3602.724,4712.830,33.8218,0.000,57169.1
3602.724,4713.034,33.8003,0.000,57175.7
3603.224,4713.234,33.8057,0.000,57174.0
3603.224,4713.432,33.8084,0.000,57173.2
3603.723,4713.636,33.7920,0.000,57178.2
3603.724,4713.830,33.7816,0.000,57181.4
3603.724,4714.034,33.7871,0.000,57179.7
3604.224,4714.238,33.7778,0.000,57182.5
3604.224,4714.436,33.7666,0.000,57186.0
3604.724,4714.640,33.7653,0.000,57186.4
3604.725,4714.838,33.7641,0.000,57186.8
3604.725,4715.034,33.7497,0.000,57191.1
3605.223,4715.238,33.7520,0.000,57190.4
3605.224,4715.438,33.7479,0.000,57191.7
3605.724,4715.640,33.7393,0.000,57194.3
3605.724,4715.838,33.7339,0.000,57196.0
3605.724,4716.040,33.7298,0.000,57197.2
3606.224,4716.242,33.7179,0.000,57200.8
3606.224,4716.440,33.7119,0.000,57202.7
3606.724,4716.640,33.7129,0.000,57202.4
3606.724,4716.844,33.7008,0.000,57206.0
3606.724,4717.042,33.7036,0.000,57205.2
3607.223,4717.244,33.6999,0.000,57206.3
3607.224,4717.444,33.6784,0.000,57212.9
3607.723,4717.644,33.6885,0.000,57209.8
3607.724,4717.846,33.6854,0.000,57210.8
3607.724,4718.046,33.6692,0.000,57215.7
3608.224,4718.244,33.6699,0.000,57215.5
3608.224,4718.446,33.6738,0.000,57214.2
3608.724,4718.644,33.6452,0.000,57223.0
3608.724,4718.846,33.6479,0.000,57222.2
3608.725,4719.050,33.6372,0.000,57225.4
3609.224,4719.250,33.6302,0.000,57227.6
3609.224,4719.448,33.6217,0.000,57230.1
3609.724,4719.648,33.6260,0.000,57228.8
3609.724,4719.846,33.6279,0.000,57228.3
3609.724,4720.050,33.6157,0.000,57232.0
3610.224,4720.250,33.6128,0.000,57232.9
3610.224,4720.448,33.5941,0.000,57238.6
3610.724,4720.652,33.6040,0.000,57235.6
3610.725,4720.854,33.5998,0.000,57236.8
3610.725,4721.054,33.5871,0.000,57240.7
3611.224,4721.252,33.5874,0.000,57240.6
3611.224,4721.454,33.5789,0.000,57243.2
3611.724,4721.652,33.5581,0.000,57249.5
3611.724,4721.854,33.5683,0.000,57246.4
3611.724,4722.058,33.5640,0.000,57247.7
3612.224,4722.258,33.5535,0.000,57250.9
3612.224,4722.456,33.5508,0.000,57251.7
3612.724,4722.656,33.5485,0.000,57252.4
3612.724,4722.854,33.5490,0.000,57252.3
3612.724,4723.058,33.5345,0.000,57256.7
3613.224,4723.260,33.5339,0.000,57256.9
3613.224,4723.460,33.5268,0.000,57259.0
3613.723,4723.658,33.5223,0.000,57260.4
3613.723,4723.860,33.5143,0.000,57262.8
3613.724,4724.058,33.5136,0.000,57263.0
3614.224,4724.260,33.5073,0.000,57264.9
3614.225,4724.464,33.5039,0.000,57266.0
3614.724,4724.658,33.4951,0.000,57268.6
3614.724,4724.862,33.4946,0.000,57268.8
3614.725,4725.066,33.4930,0.000,57269.3
3615.224,4725.264,33.4761,0.000,57274.4
3615.224,4725.468,33.4804,0.000,57273.1
3615.724,4725.664,33.4751,0.000,57274.8
3615.724,4725.862,33.4761,0.000,57274.4
3615.724,4726.066,33.4609,0.000,57279.0
3616.224,4726.268,33.4562,0.000,57280.5
3616.224,4726.468,33.4637,0.000,57278.2
3616.723,4726.666,33.4575,0.000,57280.1
3616.723,4726.868,33.4338,0.000,57287.2
3616.724,4727.066,33.4434,0.000,57284.3
3617.224,4727.268,33.4313,0.000,57288.0
3617.224,4727.472,33.4326,0.000,57287.6
3617.724,4727.672,33.4277,0.000,57289.0
3617.724,4727.870,33.4233,0.000,57290.4
3617.724,4728.070,33.4149,0.000,57293.0
3618.223,4728.268,33.4215,0.000,57291.0
3618.224,4728.472,33.4131,0.000,57293.5
3618.724,4728.672,33.4160,0.000,57292.6
3618.724,4728.870,33.4015,0.000,57297.0
3618.724,4729.073,33.4046,0.000,57296.1
3619.224,4729.276,33.3900,0.000,57300.5
3619.225,4729.476,33.3893,0.000,57300.7
3619.723,4729.678,33.3883,0.000,57301.0
3619.723,4729.876,33.3777,0.000,57304.2
3619.723,4730.073,33.3764,0.000,57304.6
3620.224,4730.276,33.3701,0.000,57306.5
3620.224,4730.476,33.3664,0.000,57307.7
3620.723,4730.678,33.3589,0.000,57309.9
3620.724,4730.878,33.3628,0.000,57308.7
3620.724,4731.078,33.3652,0.000,57308.0
3621.224,4731.280,33.3459,0.000,57313.8
3621.224,4731.480,33.3506,0.000,57312.4
3621.724,4731.680,33.3452,0.000,57314.0
3621.724,4731.882,33.3377,0.000,57316.3
3621.724,4732.080,33.3338,0.000,57317.5
3622.224,4732.284,33.3312,0.000,57318.3
3622.224,4732.484,33.3276,0.000,57319.4
3622.724,4732.682,33.3267,0.000,57319.6
3622.724,4732.886,33.3254,0.000,57320.0
3622.725,4733.080,33.3213,0.000,57321.3
3623.224,4733.284,33.3120,0.000,57324.1
3623.224,4733.488,33.3123,0.000,57324.0
3623.724,4733.686,33.3057,0.000,57326.0
3623.725,4733.890,33.3047,0.000,57326.3
3623.725,4734.088,33.3068,0.000,57325.6
3624.224,4734.284,33.3003,0.000,57327.6
3624.224,4734.488,33.2959,0.000,57328.9
3624.724,4734.690,33.2941,0.000,57329.5
3624.725,4734.890,33.2884,0.000,57331.2
3624.725,4735.094,33.2930,0.000,57329.8
3625.224,4735.288,33.2913,0.000,57330.3
3625.225,4735.492,33.2876,0.000,57331.4
3625.724,4735.690,33.2781,0.000,57334.3
3625.724,4735.890,33.2824,0.000,57333.0
3625.725,4736.094,33.2798,0.000,57333.8
3626.224,4736.292,33.2780,0.000,57334.3
3626.224,4736.494,33.2708,0.000,57336.5
3626.724,4736.694,33.2752,0.000,57335.2
3626.724,4736.894,33.2680,0.000,57337.4
3626.724,4737.096,33.2788,0.000,57334.1
3627.224,4737.292,33.2752,0.000,57335.2
3627.224,4737.494,33.2721,0.000,57336.1
3627.724,4737.696,33.2710,0.000,57336.5
3627.725,4737.894,33.2695,0.000,57336.9
3627.725,4738.096,33.2707,0.000,57336.6
3628.224,4738.300,33.2679,0.000,57337.4
3628.225,4738.500,33.2615,0.000,57339.3
3628.724,4738.698,33.2642,0.000,57338.5
3628.724,4738.898,33.2656,0.000,57338.1
3628.724,4739.096,33.2641,0.000,57338.6
3629.224,4739.300,33.2630,0.000,57338.9
3629.224,4739.500,33.2659,0.000,57338.0
3629.724,4739.702,33.2638,0.000,57338.6
3629.724,4739.902,33.2555,0.000,57341.1
3629.724,4740.104,33.2651,0.000,57338.2
3630.223,4740.304,33.2607,0.000,57339.6
3630.223,4740.502,33.2607,0.000,57339.5
3630.724,4740.704,33.2630,0.000,57338.8
3630.725,4740.902,33.2593,0.000,57340.0
3630.725,4741.104,33.2578,0.000,57340.4
3631.224,4741.304,33.2609,0.000,57339.5
3631.224,4741.508,33.2553,0.000,57341.2
3631.724,4741.706,33.2573,0.000,57340.6
3631.724,4741.908,33.2645,0.000,57338.4
3631.724,4742.108,33.2532,0.000,57341.8
3632.224,4742.308,33.2547,0.000,57341.4
3632.224,4742.510,33.2596,0.000,57339.9
3632.724,4742.706,33.2537,0.000,57341.7
3632.724,4742.908,33.2558,0.000,57341.1
3632.724,4743.112,33.2552,0.000,57341.2
3633.224,4743.312,33.2541,0.000,57341.6
3633.224,4743.510,33.2544,0.000,57341.4
3633.724,4743.714,33.2539,0.000,57341.7
3633.724,4743.908,33.2531,0.000,57341.9
3633.724,4744.112,33.2552,0.000,57341.2
3634.224,4744.316,33.2555,0.000,57341.1
3634.224,4744.514,33.2520,0.000,57342.2
3634.723,4744.718,33.2505,0.000,57342.6
3634.723,4744.914,33.2520,0.000,57342.2
3634.724,4745.112,33.2497,0.000,57342.9
3635.223,4745.316,33.2511,0.000,57342.5
3635.224,4745.516,33.2498,0.000,57342.8
3635.724,4745.718,33.2488,0.000,57343.1
3635.724,4745.916,33.2472,0.000,57343.6
3635.724,4746.120,33.2510,0.000,57342.5
3636.223,4746.320,33.2480,0.000,57343.4
3636.224,4746.518,33.2488,0.000,57343.1
3636.724,4746.722,33.2475,0.000,57343.6
3636.724,4746.916,33.2480,0.000,57343.4
3636.724,4747.120,33.2480,0.000,57343.4
3637.224,4747.323,33.2464,0.000,57343.9
3637.224,4747.522,33.2461,0.000,57344.0
3637.724,4747.722,33.2441,0.000,57344.5
3637.724,4747.924,33.2435,0.000,57344.8
3638.224,4748.124,33.2409,0.000,57345.6
3638.224,4748.323,33.2456,0.000,57344.1
3638.224,4748.524,33.2436,0.000,57344.7
3638.723,4748.722,33.2412,0.000,57345.4
3638.723,4748.924,33.2432,0.000,57344.8
3639.224,4749.126,33.2414,0.000,57345.4
3639.225,4749.328,33.2380,0.000,57346.4
3639.225,4749.526,33.2373,0.000,57346.6
3639.723,4749.730,33.2378,0.000,57346.5
3639.723,4749.928,33.2321,0.000,57348.2
3640.224,4750.128,33.2368,0.000,57346.8
3640.225,4750.328,33.2310,0.000,57348.5
3640.225,4750.526,33.2275,0.000,57349.6
3640.724,4750.730,33.2269,0.000,57349.8
3640.724,4750.932,33.2295,0.000,57349.0
3641.224,4751.132,33.2270,0.000,57349.7
3641.224,4751.330,33.2272,0.000,57349.7
3641.224,4751.530,33.2236,0.000,57350.7
3641.723,4751.730,33.2234,0.000,57350.8
3641.723,4751.932,33.2212,0.000,57351.5
3642.223,4752.136,33.2160,0.000,57353.0
3642.223,4752.330,33.2119,0.000,57354.3
3642.223,4752.534,33.2205,0.000,57351.7
3642.724,4752.738,33.2161,0.000,57353.0
3642.724,4752.936,33.2127,0.000,57354.0
3643.224,4753.140,33.2116,0.000,57354.4
3643.224,4753.338,33.2065,0.000,57355.9
3643.225,4753.534,33.1958,0.000,57359.1
3643.724,4753.738,33.1982,0.000,57358.4
3643.725,4753.940,33.1968,0.000,57358.8
3644.224,4754.140,33.1943,0.000,57359.5
3644.224,4754.344,33.1826,0.000,57363.1
3644.224,4754.540,33.1842,0.000,57362.6
3644.724,4754.738,33.1870,0.000,57361.8
3644.725,4754.940,33.1787,0.000,57364.3
3645.224,4755.144,33.1717,0.000,57366.4
3645.224,4755.344,33.1728,0.000,57366.1
3645.224,4755.542,33.1624,0.000,57369.2
3645.724,4755.742,33.1639,0.000,57368.7
3645.725,4755.940,33.1466,0.000,57373.9
3646.224,4756.144,33.1437,0.000,57374.8
3646.225,4756.346,33.1340,0.000,57377.7
3646.225,4756.546,33.1418,0.000,57375.4
3646.724,4756.744,33.1315,0.000,57378.5
3646.725,4756.946,33.1396,0.000,57376.1
3647.224,4757.144,33.1213,0.000,57381.6
3647.225,4757.346,33.1284,0.000,57379.4
3647.225,4757.550,33.1211,0.000,57381.6
3647.724,4757.744,33.1240,0.000,57380.7
3647.724,4757.948,33.1154,0.000,57383.3
3648.224,4758.152,33.1169,0.000,57382.9
3648.225,4758.350,33.0981,0.000,57388.5
3648.225,4758.554,33.1084,0.000,57385.4
3648.724,4758.750,33.1006,0.000,57387.8
3648.725,4758.948,33.0885,0.000,57391.4
3649.224,4759.152,33.0934,0.000,57389.9
3649.225,4759.354,33.0957,0.000,57389.2
3649.225,4759.554,33.0996,0.000,57388.1
3649.724,4759.752,33.0920,0.000,57390.4
3649.724,4759.954,33.0788,0.000,57394.3
3650.224,4760.152,33.0731,0.000,57396.0
3650.224,4760.354,33.0679,0.000,57397.6
3650.225,4760.558,33.0693,0.000,57397.2
3650.723,4760.758,33.0708,0.000,57396.7
3650.724,4760.956,33.0547,0.000,57401.6
3651.224,4761.156,33.0454,0.000,57404.3
3651.225,4761.358,33.0512,0.000,57402.6
3651.225,4761.558,33.0469,0.000,57403.9
3651.724,4761.760,33.0496,0.000,57403.1
3651.725,4761.956,33.0376,0.000,57406.7
3652.224,4762.158,33.0395,0.000,57406.1
3652.225,4762.362,33.0237,0.000,57410.8
3652.225,4762.562,33.0259,0.000,57410.2
3652.724,4762.760,33.0117,0.000,57414.4
3652.725,4762.962,33.0142,0.000,57413.7
3653.223,4763.158,33.0138,0.000,57413.8
3653.224,4763.362,33.0090,0.000,57415.3
3653.224,4763.566,33.0112,0.000,57414.6
3653.724,4763.764,33.0041,0.000,57416.7
3653.725,4763.968,33.0010,0.000,57417.7
3654.224,4764.164,32.9873,0.000,57421.8
3654.225,4764.362,33.0062,0.000,57416.1
3654.225,4764.566,32.9953,0.000,57419.4
3654.724,4764.766,32.9889,0.000,57421.3
3654.724,4764.968,32.9829,0.000,57423.1
3655.224,4765.166,32.9814,0.000,57423.5
3655.224,4765.370,32.9653,0.000,57428.3
3655.225,4765.570,32.9637,0.000,57428.8
3655.724,4765.768,32.9656,0.000,57428.2
3655.725,4765.972,32.9624,0.000,57429.2
3656.224,4766.166,32.9538,0.000,57431.8
3656.224,4766.370,32.9419,0.000,57435.4
3656.224,4766.573,32.9407,0.000,57435.7
3656.724,4766.772,32.9350,0.000,57437.4
3656.724,4766.972,32.9463,0.000,57434.1
3657.223,4767.174,32.9355,0.000,57437.2
3657.224,4767.370,32.9241,0.000,57440.7
3657.224,4767.573,32.9321,0.000,57438.3
3657.724,4767.776,32.9250,0.000,57440.4
3657.725,4767.976,32.9227,0.000,57441.1
3658.224,4768.178,32.9111,0.000,57444.5
3658.224,4768.376,32.9236,0.000,57440.8
3658.224,4768.573,32.9131,0.000,57444.0
3658.724,4768.776,32.8994,0.000,57448.1
3658.724,4768.980,32.9057,0.000,57446.2
3659.224,4769.178,32.9110,0.000,57444.6
3659.224,4769.378,32.8975,0.000,57448.6
3659.224,4769.578,32.8886,0.000,57451.3
3659.724,4769.776,32.8853,0.000,57452.3
3659.724,4769.980,32.8883,0.000,57451.4
3660.224,4770.182,32.8843,0.000,57452.6
3660.224,4770.382,32.8704,0.000,57456.7
3660.224,4770.580,32.8698,0.000,57456.9
3660.724,4770.780,32.8618,0.000,57459.3
3660.724,4770.980,32.8667,0.000,57457.8
3661.224,4771.182,32.8595,0.000,57460.0
3661.224,4771.386,32.8532,0.000,57461.9
3661.224,4771.586,32.8460,0.000,57464.0
3661.724,4771.784,32.8320,0.000,57468.2
3661.724,4771.984,32.8309,0.000,57468.6
3662.224,4772.186,32.8235,0.000,57470.8
3662.224,4772.390,32.8799,0.000,57453.9
3662.224,4772.588,32.8633,0.000,57458.9
3662.724,4772.784,32.8740,0.000,57455.7
3662.725,4772.988,32.8626,0.000,57459.1
3663.224,4773.190,32.8434,0.000,57464.8
3663.224,4773.390,32.8398,0.000,57465.9
3663.224,4773.594,32.8483,0.000,57463.4
3663.724,4773.790,32.8515,0.000,57462.4
3663.725,4773.988,32.8389,0.000,57466.1
3664.224,4774.190,32.8413,0.000,57465.4
3664.224,4774.394,32.8306,0.000,57468.6
3664.224,4774.594,32.8276,0.000,57469.5
3664.724,4774.792,32.8152,0.000,57473.2
3664.725,4774.992,32.8135,0.000,57473.8
3665.224,4775.190,32.8146,0.000,57473.4
3665.224,4775.394,32.8019,0.000,57477.2
3665.224,4775.596,32.8019,0.000,57477.2
3665.724,4775.796,32.7933,0.000,57479.7
3665.725,4775.994,32.7957,0.000,57479.0
3666.224,4776.196,32.7853,0.000,57482.1
3666.224,4776.394,32.7842,0.000,57482.5
3666.225,4776.596,32.7778,0.000,57484.4
3666.724,4776.800,32.7671,0.000,57487.6
3666.724,4776.994,32.7734,0.000,57485.7
3667.224,4777.198,32.7656,0.000,57488.0
3667.224,4777.402,32.7508,0.000,57492.4
3667.224,4777.600,32.7531,0.000,57491.7
3667.724,4777.804,32.7513,0.000,57492.2
3667.724,4778.000,32.7449,0.000,57494.2
3668.224,4778.198,32.7451,0.000,57494.1
3668.224,4778.402,32.7352,0.000,57497.1
3668.224,4778.604,32.7264,0.000,57499.7
3668.724,4778.804,32.7378,0.000,57496.3
3668.725,4779.002,32.7321,0.000,57498.0
3669.224,4779.204,32.7231,0.000,57500.6
3669.225,4779.402,32.7178,0.000,57502.2
3669.225,4779.604,32.7163,0.000,57502.7
3669.724,4779.808,32.7095,0.000,57504.7
3669.725,4780.008,32.7134,0.000,57503.6
3670.224,4780.206,32.7020,0.000,57507.0
3670.225,4780.408,32.6953,0.000,57509.0
3670.225,4780.608,32.6982,0.000,57508.1
3670.724,4780.808,32.6981,0.000,57508.1
3670.724,4781.010,32.6859,0.000,57511.8
3671.224,4781.206,32.6875,0.000,57511.3
3671.224,4781.408,32.6828,0.000,57512.6
3671.224,4781.612,32.6785,0.000,57513.9
3671.724,4781.812,32.6750,0.000,57515.0
3671.724,4782.010,32.6730,0.000,57515.6
3672.224,4782.212,32.6699,0.000,57516.5
3672.224,4782.408,32.6557,0.000,57520.7
3672.224,4782.612,32.6589,0.000,57519.8
3672.724,4782.816,32.6551,0.000,57520.9
3672.724,4783.014,32.6422,0.000,57524.7
3673.224,4783.218,32.6336,0.000,57527.2
3673.224,4783.414,32.6333,0.000,57527.4
3673.224,4783.612,32.6370,0.000,57526.2
3673.723,4783.816,32.6260,0.000,57529.5
3673.724,4784.016,32.6372,0.000,57526.2
3674.224,4784.218,32.6284,0.000,57528.8
3674.224,4784.416,32.6198,0.000,57531.4
3674.224,4784.620,32.6090,0.000,57534.5
3674.724,4784.820,32.6110,0.000,57534.0
3674.724,4785.018,32.6126,0.000,57533.5
3675.224,4785.222,32.5998,0.000,57537.3
3675.224,4785.416,32.5952,0.000,57538.6
3675.224,4785.620,32.6054,0.000,57535.6
3675.724,4785.823,32.5971,0.000,57538.1
3675.725,4786.022,32.5845,0.000,57541.8
3676.224,4786.222,32.5843,0.000,57541.9
3676.224,4786.424,32.5737,0.000,57545.0
3676.724,4786.620,32.5752,0.000,57544.6
3676.724,4786.823,32.5749,0.000,57544.7
3676.724,4787.026,32.5770,0.000,57544.1
3677.224,4787.226,32.5688,0.000,57546.5
3677.224,4787.428,32.5537,0.000,57550.9
3677.724,4787.626,32.5527,0.000,57551.3
3677.724,4787.823,32.5474,0.000,57552.8
3677.724,4788.026,32.5456,0.000,57553.4
3678.224,4788.226,32.5431,0.000,57554.1
3678.224,4788.428,32.5350,0.000,57556.5
3678.724,4788.628,32.5332,0.000,57557.1
3678.724,4788.828,32.5324,0.000,57557.2
3678.724,4789.030,32.5382,0.000,57555.6
3679.224,4789.230,32.5229,0.000,57560.1
3679.224,4789.430,32.5207,0.000,57560.7
3679.724,4789.632,32.5190,0.000,57561.2
3679.724,4789.830,32.5097,0.000,57564.0
3679.724,4790.034,32.5156,0.000,57562.3
3680.224,4790.234,32.5046,0.000,57565.5
3680.224,4790.432,32.4967,0.000,57567.8
3680.724,4790.636,32.4956,0.000,57568.1
3680.724,4790.836,32.4878,0.000,57570.5
3680.724,4791.034,32.4852,0.000,57571.3
3681.224,4791.234,32.4937,0.000,57568.7
3681.224,4791.432,32.4917,0.000,57569.3
3681.723,4791.636,32.4775,0.000,57573.5
3681.724,4791.836,32.4811,0.000,57572.5
3681.724,4792.034,32.4730,0.000,57574.9
3682.224,4792.238,32.4718,0.000,57575.2
3682.224,4792.440,32.4658,0.000,57577.0
3682.724,4792.640,32.4556,0.000,57580.0
3682.724,4792.844,32.4536,0.000,57580.6
3682.724,4793.040,32.4516,0.000,57581.2
3683.224,4793.238,32.4416,0.000,57584.1
3683.225,4793.440,32.4460,0.000,57582.9
3683.724,4793.644,32.4373,0.000,57585.4
3683.724,4793.844,32.4277,0.000,57588.2
3683.724,4794.042,32.4279,0.000,57588.2
3684.224,4794.242,32.4204,0.000,57590.4
3684.224,4794.440,32.4139,0.000,57592.3
3684.724,4794.644,32.4152,0.000,57591.9
3684.725,4794.846,32.4085,0.000,57593.9
3684.725,4795.046,32.4235,0.000,57589.5
3685.224,4795.244,32.4026,0.000,57595.6
3685.225,4795.446,32.4072,0.000,57594.3
3685.724,4795.644,32.3955,0.000,57597.7
3685.724,4795.846,32.4033,0.000,57595.4
3685.724,4796.050,32.4019,0.000,57595.9
3686.224,4796.250,32.3797,0.000,57602.4
3686.225,4796.448,32.3747,0.000,57603.9
3686.724,4796.648,32.3796,0.000,57602.4
3686.725,4796.846,32.3800,0.000,57602.3
3686.725,4797.054,32.3685,0.000,57605.7
3687.224,4797.250,32.3599,0.000,57608.2
3687.224,4797.448,32.3595,0.000,57608.4
3687.724,4797.652,32.3670,0.000,57606.2
3687.725,4797.854,32.3499,0.000,57611.2
3687.725,4798.054,32.3467,0.000,57612.2
3688.224,4798.252,32.3457,0.000,57612.4
3688.225,4798.454,32.3345,0.000,57615.8
3688.724,4798.656,32.3468,0.000,57612.1
3688.725,4798.854,32.3406,0.000,57614.0
3688.725,4799.054,32.3088,0.000,57623.3
3689.224,4799.258,32.3242,0.000,57618.7
3689.224,4799.456,32.3266,0.000,57618.1
3689.724,4799.658,32.3198,0.000,57620.1
3689.724,4799.858,32.3107,0.000,57622.7
3689.724,4800.058,32.3065,0.000,57624.0
3690.224,4800.260,32.3094,0.000,57623.2
3690.225,4800.456,32.3066,0.000,57624.0
3690.724,4800.658,32.3146,0.000,57621.6
3690.725,4800.860,32.2910,0.000,57628.6
3690.725,4801.058,32.2902,0.000,57628.8
3691.224,4801.260,32.2802,0.000,57631.8
3691.224,4801.462,32.2941,0.000,57627.6
3691.724,4801.658,32.2817,0.000,57631.3
3691.724,4801.862,32.2648,0.000,57636.3
3691.724,4802.062,32.2773,0.000,57632.6
3692.224,4802.264,32.2693,0.000,57634.9
3692.224,4802.468,32.2674,0.000,57635.5
3692.724,4802.664,32.2607,0.000,57637.4
3692.724,4802.862,32.2544,0.000,57639.3
3692.724,4803.066,32.2597,0.000,57637.8
3693.223,4803.268,32.2593,0.000,57637.9
3693.224,4803.468,32.2505,0.000,57640.5
3693.724,4803.666,32.2485,0.000,57641.1
3693.724,4803.868,32.2389,0.000,57643.9
3693.724,4804.070,32.2422,0.000,57643.0
3694.224,4804.268,32.2381,0.000,57644.1
3694.224,4804.472,32.2360,0.000,57644.7
3694.724,4804.666,32.2304,0.000,57646.4
3694.724,4804.870,32.2321,0.000,57645.9
3694.724,4805.073,32.2215,0.000,57649.0
3695.224,4805.272,32.2158,0.000,57650.7
3695.225,4805.472,32.2064,0.000,57653.4
3695.724,4805.674,32.2109,0.000,57652.1
3695.724,4805.870,32.1961,0.000,57656.5
3695.725,4806.073,32.2055,0.000,57653.7
3696.224,4806.276,32.2036,0.000,57654.3
3696.224,4806.476,32.1906,0.000,57658.1
3696.724,4806.678,32.1909,0.000,57658.0
3696.725,4806.876,32.1846,0.000,57659.8
3696.725,4807.073,32.1811,0.000,57660.9
3697.224,4807.276,32.1870,0.000,57659.1
3697.224,4807.476,32.1873,0.000,57659.1
3697.724,4807.678,32.1753,0.000,57662.6
3697.724,4807.878,32.1704,0.000,57664.0
3697.724,4808.078,32.1745,0.000,57662.8
3698.224,4808.280,32.1558,0.000,57668.3
3698.224,4808.480,32.1650,0.000,57665.6
3698.724,4808.680,32.1502,0.000,57669.9
3698.724,4808.882,32.1513,0.000,57669.6
3698.724,4809.080,32.1416,0.000,57672.5
3699.224,4809.280,32.1494,0.000,57670.2
3699.224,4809.480,32.1302,0.000,57675.8
3699.724,4809.682,32.1426,0.000,57672.2
3699.724,4809.886,32.1328,0.000,57675.0
3699.724,4810.086,32.1255,0.000,57677.2
3700.223,4810.284,32.1392,0.000,57673.1
3700.223,4810.484,32.1253,0.000,57677.2
3700.724,4810.682,32.1147,0.000,57680.3
3700.724,4810.886,32.1142,0.000,57680.5
3700.724,4811.086,32.1230,0.000,57677.9
3701.224,4811.284,32.1138,0.000,57680.6
3701.224,4811.488,32.1125,0.000,57681.0
3701.724,4811.690,32.1104,0.000,57681.6
3701.724,4811.890,32.0957,0.000,57685.9
3701.724,4812.094,32.0908,0.000,57687.3
3702.224,4812.290,32.0957,0.000,57685.9
3702.225,4812.488,32.0888,0.000,57687.9
3702.724,4812.690,32.0882,0.000,57688.1
3702.724,4812.894,32.0838,0.000,57689.4
3702.724,4813.094,32.0825,0.000,57689.7
3703.224,4813.292,32.0766,0.000,57691.5
3703.225,4813.492,32.0703,0.000,57693.3
3703.724,4813.690,32.0591,0.000,57696.6
3703.725,4813.894,32.0687,0.000,57693.8
3703.725,4814.096,32.0556,0.000,57697.6
3704.224,4814.296,32.0516,0.000,57698.8
3704.225,4814.494,32.0636,0.000,57695.3
3704.724,4814.696,32.0496,0.000,57699.4
3704.725,4814.894,32.0561,0.000,57697.5
3704.725,4815.096,32.0376,0.000,57702.9
3705.224,4815.300,32.0434,0.000,57701.2
3705.225,4815.494,32.0342,0.000,57703.9
3705.724,4815.698,32.0327,0.000,57704.3
3705.725,4815.902,32.0286,0.000,57705.5
3705.725,4816.100,32.0195,0.000,57708.2
3706.224,4816.304,32.0259,0.000,57706.4
3706.224,4816.500,32.0130,0.000,57710.1
3706.724,4816.702,32.0112,0.000,57710.6
3706.724,4816.902,31.9987,0.000,57714.3
3706.724,4817.102,31.9998,0.000,57713.9
3707.224,4817.304,32.0031,0.000,57713.0
3707.224,4817.502,31.9943,0.000,57715.6
3707.724,4817.704,31.9936,0.000,57715.8
3707.724,4817.906,31.9848,0.000,57718.3
3707.724,4818.104,31.9832,0.000,57718.8
3708.224,4818.308,31.9865,0.000,57717.9
3708.224,4818.508,31.9849,0.000,57718.3
3708.724,4818.706,31.9692,0.000,57722.9
3708.725,4818.906,31.9656,0.000,57724.0
3708.725,4819.104,31.9604,0.000,57725.5
3709.224,4819.308,31.9624,0.000,57724.9
3709.224,4819.510,31.9565,0.000,57726.6
3709.724,4819.710,31.9554,0.000,57726.9
3709.725,4819.908,31.9448,0.000,57730.0
3709.725,4820.112,31.9438,0.000,57730.3
3710.224,4820.312,31.9395,0.000,57731.5
3710.224,4820.514,31.9321,0.000,57733.7
3710.724,4820.714,31.9222,0.000,57736.6
3710.724,4820.908,31.9287,0.000,57734.7
3710.724,4821.112,31.9310,0.000,57734.1
3711.224,4821.316,31.9199,0.000,57737.2
3711.225,4821.514,31.9204,0.000,57737.1
3711.724,4821.714,31.9191,0.000,57737.5
3711.725,4821.914,31.9082,0.000,57740.8
3711.725,4822.112,31.9126,0.000,57739.4
3712.224,4822.316,31.9168,0.000,57738.2
3712.225,4822.518,31.8836,0.000,57747.8
3712.724,4822.718,31.8963,0.000,57744.2
3712.724,4822.916,31.8882,0.000,57746.5
3712.724,4823.118,31.8891,0.000,57746.2
3713.224,4823.316,31.8835,0.000,57747.9
3713.224,4823.518,31.8716,0.000,57751.4
3713.724,4823.722,31.8737,0.000,57750.8
3713.724,4823.922,31.8699,0.000,57751.8
3713.724,4824.120,31.8740,0.000,57750.6
3714.224,4824.320,31.8618,0.000,57754.2
3714.224,4824.518,31.8652,0.000,57753.2
3714.724,4824.722,31.8516,0.000,57757.2
3714.725,4824.924,31.8491,0.000,57757.9
3715.224,4825.124,31.8525,0.000,57756.9
3715.224,4825.323,31.8537,0.000,57756.6
3715.224,4825.524,31.8393,0.000,57760.7
3715.724,4825.726,31.8447,0.000,57759.2
3715.724,4825.928,31.8335,0.000,57762.4
3716.224,4826.126,31.8332,0.000,57762.5
3716.224,4826.323,31.8376,0.000,57761.2
3716.224,4826.526,31.8353,0.000,57761.9
3716.723,4826.730,31.8293,0.000,57763.7
3716.723,4826.928,31.8117,0.000,57768.8
3717.224,4827.128,31.8185,0.000,57766.8
3717.225,4827.328,31.8097,0.000,57769.3
3717.225,4827.526,31.8638,0.000,57753.6
3717.724,4827.730,31.8439,0.000,57759.4
3717.724,4827.930,31.7988,0.000,57772.5
3718.224,4828.132,31.8131,0.000,57768.4
3718.224,4828.330,31.8034,0.000,57771.2
3718.224,4828.534,31.7860,0.000,57776.3
3718.724,4828.734,31.8003,0.000,57772.1
3718.725,4828.932,31.8008,0.000,57771.9
3719.223,4829.136,31.7505,0.000,57786.6
3719.223,4829.330,31.7589,0.000,57784.1
3719.223,4829.534,31.7819,0.000,57777.4
3719.724,4829.738,31.7708,0.000,57780.7
3719.725,4829.936,31.7703,0.000,57780.8
3720.224,4830.136,31.7505,0.000,57786.5
3720.224,4830.338,31.7451,0.000,57788.1
3720.224,4830.534,31.7490,0.000,57787.0
3720.724,4830.738,31.7331,0.000,57791.6
3720.725,4830.940,31.7305,0.000,57792.4
3721.224,4831.140,31.7249,0.000,57794.0
3721.225,4831.344,31.7207,0.000,57795.2
3721.225,4831.540,31.7313,0.000,57792.1
3721.724,4831.738,31.7225,0.000,57794.7
3721.725,4831.940,31.7319,0.000,57792.0
3722.224,4832.144,31.7438,0.000,57788.5
3722.225,4832.344,31.7212,0.000,57795.1
3722.225,4832.542,31.7316,0.000,57792.0
3722.724,4832.742,31.6992,0.000,57801.4
3722.724,4832.940,31.6999,0.000,57801.2
3723.224,4833.144,31.7438,0.000,57788.5
3723.224,4833.346,31.6963,0.000,57802.3
3723.224,4833.542,31.7184,0.000,57795.8
3723.724,4833.744,31.7135,0.000,57797.3
3723.725,4833.948,31.6865,0.000,57805.1
3724.224,4834.148,31.7036,0.000,57800.2
3724.225,4834.346,31.6974,0.000,57801.9
3724.225,4834.550,31.7050,0.000,57799.8
3724.724,4834.750,31.7083,0.000,57798.8
3724.724,4834.948,31.6792,0.000,57807.2
3725.224,4835.148,31.6995,0.000,57801.4
3725.224,4835.346,31.7012,0.000,57800.8
3725.225,4835.550,31.6789,0.000,57807.3
3725.724,4835.750,31.6543,0.000,57814.4
3725.725,4835.952,31.6458,0.000,57816.9
3726.224,4836.152,31.6584,0.000,57813.3
3726.225,4836.352,31.6606,0.000,57812.6
3726.225,4836.554,31.6445,0.000,57817.3
3726.723,4836.750,31.6396,0.000,57818.7
3726.724,4836.954,31.6411,0.000,57818.3
3727.224,4837.152,31.6256,0.000,57822.8
3727.224,4837.354,31.6382,0.000,57819.1
3727.224,4837.558,31.6320,0.000,57820.9
3727.724,4837.758,31.6265,0.000,57822.5
3727.725,4837.956,31.6411,0.000,57818.3
3728.223,4838.156,31.6274,0.000,57822.2
3728.224,4838.354,31.6100,0.000,57827.3
3728.224,4838.558,31.6252,0.000,57822.8
3728.724,4838.760,31.6252,0.000,57822.9
3728.725,4838.960,31.5996,0.000,57830.3
3729.224,4839.158,31.6302,0.000,57821.5
3729.224,4839.360,31.5952,0.000,57831.6
3729.225,4839.558,31.6015,0.000,57829.8
3729.724,4839.760,31.6338,0.000,57820.4
3729.724,4839.962,31.5784,0.000,57836.4
3730.224,4840.158,31.5592,0.000,57841.9
3730.225,4840.362,31.5527,0.000,57843.8
3730.225,4840.562,31.5483,0.000,57845.1
3730.724,4840.764,31.5438,0.000,57846.4
3730.724,4840.968,31.5491,0.000,57844.9
3731.224,4841.164,31.5358,0.000,57848.7
3731.224,4841.362,31.5298,0.000,57850.4
3731.224,4841.566,31.5431,0.000,57846.6
3731.724,4841.768,31.5467,0.000,57845.6
3731.724,4841.968,31.5215,0.000,57852.8
3732.223,4842.166,31.5312,0.000,57850.0
3732.223,4842.368,31.5355,0.000,57848.8
3732.223,4842.570,31.5145,0.000,57854.9
3732.724,4842.768,31.5024,0.000,57858.4
3732.724,4842.972,31.5150,0.000,57854.7
3733.224,4843.166,31.5186,0.000,57853.7
3733.225,4843.370,31.4992,0.000,57859.3
3733.225,4843.573,31.4993,0.000,57859.2
3733.723,4843.772,31.5021,0.000,57858.4
3733.723,4843.972,31.4954,0.000,57860.4
3734.224,4844.174,31.4871,0.000,57862.8
3734.225,4844.370,31.4822,0.000,57864.2
3734.225,4844.573,31.4959,0.000,57860.2
3734.724,4844.774,31.4777,0.000,57865.5
3734.724,4844.972,31.4751,0.000,57866.2
3735.224,4845.174,31.4792,0.000,57865.0
3735.225,4845.376,31.4686,0.000,57868.1
3735.225,4845.578,31.4644,0.000,57869.3
3735.724,4845.776,31.4626,0.000,57869.8
3735.725,4845.980,31.4590,0.000,57870.9
3736.224,4846.178,31.4600,0.000,57870.6
3736.225,4846.378,31.4536,0.000,57872.4
3736.225,4846.578,31.4598,0.000,57870.6
3736.724,4846.776,31.4533,0.000,57872.5
3736.724,4846.980,31.4484,0.000,57873.9
3737.224,4847.182,31.4505,0.000,57873.3
3737.225,4847.382,31.4460,0.000,57874.6
3737.225,4847.580,31.4336,0.000,57878.2
3737.723,4847.780,31.4323,0.000,57878.6
3737.724,4847.980,31.4363,0.000,57877.4
3738.224,4848.182,31.4342,0.000,57878.0
3738.225,4848.384,31.4233,0.000,57881.1
3738.225,4848.580,31.4204,0.000,57882.0
3738.723,4848.784,31.4310,0.000,57878.9
3738.724,4848.988,31.4105,0.000,57884.8
3739.223,4849.186,31.4201,0.000,57882.1
3739.223,4849.390,31.4100,0.000,57885.0
3739.223,4849.588,31.3971,0.000,57888.7
3739.724,4849.784,31.3983,0.000,57888.3
3739.724,4849.988,31.4102,0.000,57884.9
3740.224,4850.190,31.4038,0.000,57886.8
3740.224,4850.390,31.3965,0.000,57888.8
3740.224,4850.594,31.3797,0.000,57893.7
3740.724,4850.788,31.3965,0.000,57888.8
3740.724,4850.992,31.4010,0.000,57887.6
3741.224,4851.190,31.3996,0.000,57888.0
3741.224,4851.390,31.3693,0.000,57896.7
3741.224,4851.594,31.3810,0.000,57893.3
3741.724,4851.792,31.3768,0.000,57894.6
3741.724,4851.994,31.3607,0.000,57899.2
3742.224,4852.194,31.3677,0.000,57897.1
3742.224,4852.394,31.3696,0.000,57896.6
3742.224,4852.596,31.3543,0.000,57901.0
3742.724,4852.792,31.3512,0.000,57901.9
3742.724,4852.994,31.3467,0.000,57903.2
3743.224,4853.198,31.3558,0.000,57900.5
3743.224,4853.398,31.3424,0.000,57904.4
3743.224,4853.596,31.3423,0.000,57904.5
3743.724,4853.800,31.3438,0.000,57904.0
3743.725,4853.994,31.3379,0.000,57905.7
3744.224,4854.198,31.3330,0.000,57907.1
3744.225,4854.402,31.3228,0.000,57910.0
3744.225,4854.600,31.3247,0.000,57909.5
3744.723,4854.804,31.3239,0.000,57909.7
3744.723,4855.000,31.3257,0.000,57909.2
3745.224,4855.198,31.3133,0.000,57912.8
3745.224,4855.402,31.3237,0.000,57909.8
3745.224,4855.602,31.3037,0.000,57915.5
3745.724,4855.804,31.3110,0.000,57913.4
3745.724,4856.002,31.2905,0.000,57919.3
3746.224,4856.204,31.3066,0.000,57914.7
3746.225,4856.406,31.3061,0.000,57914.8
3746.225,4856.604,31.2866,0.000,57920.4
3746.724,4856.808,31.2933,0.000,57918.5
3746.724,4857.008,31.2695,0.000,57925.3
3747.224,4857.206,31.2978,0.000,57917.2
3747.225,4857.406,31.2808,0.000,57922.1
3747.225,4857.604,31.2929,0.000,57918.6
3747.724,4857.808,31.2926,0.000,57918.7
3747.724,4858.010,31.2850,0.000,57920.9
3748.224,4858.210,31.2734,0.000,57924.2
3748.225,4858.408,31.2705,0.000,57925.1
3748.225,4858.610,31.2505,0.000,57930.8
3748.724,4858.808,31.2702,0.000,57925.1
3748.724,4859.010,31.2729,0.000,57924.4
3749.224,4859.212,31.2594,0.000,57928.2
3749.224,4859.408,31.2471,0.000,57931.8
3749.224,4859.612,31.2532,0.000,57930.0
3749.724,4859.816,31.2495,0.000,57931.0
3749.724,4860.014,31.2454,0.000,57932.2
3750.224,4860.218,31.2426,0.000,57933.1
3750.225,4860.414,31.2405,0.000,57933.6
3750.225,4860.612,31.2466,0.000,57931.9
3750.724,4860.816,31.2357,0.000,57935.0
3750.724,4861.016,31.2296,0.000,57936.8
3751.224,4861.218,31.2212,0.000,57939.2
3751.225,4861.416,31.2311,0.000,57936.3
3751.225,4861.620,31.2212,0.000,57939.2
3751.724,4861.820,31.2003,0.000,57945.1
3751.725,4862.018,31.2264,0.000,57937.7
3752.224,4862.222,31.2133,0.000,57941.4
3752.224,4862.416,31.2195,0.000,57939.6
3752.224,4862.620,31.2109,0.000,57942.1
3752.724,4862.823,31.2080,0.000,57942.9
3752.725,4863.022,31.1976,0.000,57945.9
3753.224,4863.222,31.2070,0.000,57943.2
3753.224,4863.424,31.1953,0.000,57946.6
3753.724,4863.624,31.1907,0.000,57947.9
3753.724,4863.823,31.1945,0.000,57946.8
3753.724,4864.024,31.1884,0.000,57948.5
3754.224,4864.222,31.1764,0.000,57952.0
3754.224,4864.428,31.1772,0.000,57951.7
3754.724,4864.626,31.1844,0.000,57949.7
3754.724,4864.823,31.1676,0.000,57954.5
3754.724,4865.026,31.1701,0.000,57953.8
3755.224,4865.230,31.1588,0.000,57957.0
3755.224,4865.428,31.1724,0.000,57953.1
3755.724,4865.628,31.1535,0.000,57958.6
3755.724,4865.828,31.1588,0.000,57957.0
3755.725,4866.026,31.1655,0.000,57955.1
3756.224,4866.230,31.1450,0.000,57960.9
3756.225,4866.432,31.1465,0.000,57960.5
3756.724,4866.632,31.1460,0.000,57960.7
3756.725,4866.830,31.1362,0.000,57963.5
3756.725,4867.030,31.1289,0.000,57965.6
3757.224,4867.230,31.1313,0.000,57964.8
3757.225,4867.432,31.1307,0.000,57965.1
3757.724,4867.636,31.1185,0.000,57968.6
3757.724,4867.836,31.0996,0.000,57973.9
3757.724,4868.034,31.1063,0.000,57972.0
3758.224,4868.238,31.1147,0.000,57969.6
3758.225,4868.436,31.1050,0.000,57972.4
3758.724,4868.640,31.1064,0.000,57972.0
3758.725,4868.838,31.1030,0.000,57973.0
3758.725,4869.034,31.1009,0.000,57973.6
3759.224,4869.238,31.0882,0.000,57977.2
3759.225,4869.440,31.0902,0.000,57976.6
3759.724,4869.640,31.0921,0.000,57976.1
3759.725,4869.844,31.0991,0.000,57974.1
3759.725,4870.040,31.0828,0.000,57978.7
3760.224,4870.238,31.0900,0.000,57976.6
3760.224,4870.440,31.0758,0.000,57980.7
3760.724,4870.640,31.0968,0.000,57974.7
3760.725,4870.844,31.0716,0.000,57981.9
3760.725,4871.042,31.0703,0.000,57982.3
3761.224,4871.244,31.0360,0.000,57992.1
3761.224,4871.444,31.0605,0.000,57985.1
3761.724,4871.644,31.0413,0.000,57990.6
3761.725,4871.846,31.0304,0.000,57993.7
3761.725,4872.042,31.0396,0.000,57991.0
3762.224,4872.244,31.0225,0.000,57995.9
3762.225,4872.446,31.0290,0.000,57994.1
3762.724,4872.644,31.0273,0.000,57994.6
3762.724,4872.846,31.0382,0.000,57991.4
3762.724,4873.050,31.0242,0.000,57995.4
3763.224,4873.250,31.0280,0.000,57994.4
3763.224,4873.448,31.0200,0.000,57996.6
3763.724,4873.648,31.0132,0.000,57998.5
3763.724,4873.846,31.0268,0.000,57994.7
3763.724,4874.050,31.0096,0.000,57999.6
3764.224,4874.250,30.9943,0.000,58003.9
3764.225,4874.452,30.9923,0.000,58004.5
3764.724,4874.652,30.9953,0.000,58003.7
3764.724,4874.854,30.9785,0.000,58008.4
3764.724,4875.054,30.9832,0.000,58007.1
3765.224,4875.252,30.9931,0.000,58004.3
3765.224,4875.454,30.9702,0.000,58010.8
3765.724,4875.652,30.9637,0.000,58012.6
3765.724,4875.854,30.9629,0.000,58012.9
3765.724,4876.058,30.9752,0.000,58009.4
3766.224,4876.258,30.9555,0.000,58015.0
3766.224,4876.456,30.9652,0.000,58012.2
3766.724,4876.656,30.9647,0.000,58012.4
3766.724,4876.854,30.9508,0.000,58016.3
3766.724,4877.058,30.9505,0.000,58016.4
3767.224,4877.260,30.9435,0.000,58018.4
3767.224,4877.460,30.9463,0.000,58017.6
3767.724,4877.658,30.9451,0.000,58017.9
3767.724,4877.860,30.9521,0.000,58016.0
3767.725,4878.058,30.9463,0.000,58017.6
3768.224,4878.264,30.9321,0.000,58021.6
3768.224,4878.464,30.9336,0.000,58021.2
3768.724,4878.658,30.9259,0.000,58023.3
3768.725,4878.862,30.9256,0.000,58023.5
3768.725,4879.066,30.9163,0.000,58026.1
3769.224,4879.264,30.9183,0.000,58025.6
3769.224,4879.468,30.9228,0.000,58024.2
3769.724,4879.664,30.9082,0.000,58028.4
3769.724,4879.866,30.9186,0.000,58025.5
3769.724,4880.066,30.9233,0.000,58024.1
3770.224,4880.266,30.9147,0.000,58026.6
3770.225,4880.468,30.8955,0.000,58032.0
3770.724,4880.666,30.8996,0.000,58030.9
3770.724,4880.868,30.8847,0.000,58035.1
3770.724,4881.066,30.9012,0.000,58030.4
3771.224,4881.268,30.8847,0.000,58035.1
3771.224,4881.472,30.8896,0.000,58033.7
3771.724,4881.672,30.8981,0.000,58031.3
3771.725,4881.870,30.8708,0.000,58039.1
3771.725,4882.070,30.8875,0.000,58034.3
3772.224,4882.268,30.8768,0.000,58037.3
3772.224,4882.472,30.8590,0.000,58042.4
3772.724,4882.674,30.8690,0.000,58039.6
3772.724,4882.870,30.8677,0.000,58039.9
3772.724,4883.073,30.8574,0.000,58042.9
3773.224,4883.276,30.8647,0.000,58040.8
3773.225,4883.476,30.8563,0.000,58043.2
3773.724,4883.678,30.8545,0.000,58043.7
3773.724,4883.876,30.8618,0.000,58041.6
3773.725,4884.078,30.8408,0.000,58047.5
3774.224,4884.276,30.8491,0.000,58045.2
3774.224,4884.476,30.8457,0.000,58046.2
3774.724,4884.678,30.8410,0.000,58047.5
3774.724,4884.878,30.8253,0.000,58051.9
3774.724,4885.078,30.8554,0.000,58043.4
3775.224,4885.276,30.8364,0.000,58048.8
3775.224,4885.480,30.8327,0.000,58049.9
3775.724,4885.682,30.8286,0.000,58051.0
3775.724,4885.882,30.8330,0.000,58049.8
3775.724,4886.080,30.8190,0.000,58053.7
3776.224,4886.280,30.8057,0.000,58057.5
3776.225,4886.480,30.8161,0.000,58054.5
3776.724,4886.682,30.8123,0.000,58055.6
3776.724,4886.886,30.8055,0.000,58057.5
3776.724,4887.086,30.8055,0.000,58057.5
3777.224,4887.284,30.8115,0.000,58055.9
3777.224,4887.484,30.8024,0.000,58058.4
3777.724,4887.686,30.8172,0.000,58054.2
3777.724,4887.890,30.8022,0.000,58058.5
3777.724,4888.088,30.8053,0.000,58057.6
3778.224,4888.284,30.7907,0.000,58061.7
3778.225,4888.488,30.7881,0.000,58062.5
3778.724,4888.688,30.7896,0.000,58062.0
3778.724,4888.890,30.7803,0.000,58064.6
3778.724,4889.088,30.7642,0.000,58069.2
3779.224,4889.290,30.7687,0.000,58067.9
3779.224,4889.492,30.7718,0.000,58067.1
3779.724,4889.690,30.7758,0.000,58066.0
3779.725,4889.890,30.7677,0.000,58068.2
3779.725,4890.094,30.7591,0.000,58070.7
3780.224,4890.292,30.7622,0.000,58069.8
3780.225,4890.492,30.7705,0.000,58067.4
3780.724,4890.690,30.7555,0.000,58071.7
3780.725,4890.894,30.7563,0.000,58071.5
3780.725,4891.096,30.7514,0.000,58072.8
3781.224,4891.296,30.7430,0.000,58075.2
3781.225,4891.494,30.7552,0.000,58071.8
3781.724,4891.696,30.7449,0.000,58074.7
3781.725,4891.894,30.7459,0.000,58074.4
3781.725,4892.096,30.7527,0.000,58072.5
3782.224,4892.300,30.7360,0.000,58077.2
3782.224,4892.500,30.7298,0.000,58079.0
3782.724,4892.698,30.7314,0.000,58078.5
3782.725,4892.898,30.7176,0.000,58082.4
3782.725,4893.096,30.7319,0.000,58078.4
3783.224,4893.300,30.7292,0.000,58079.1
3783.225,4893.500,30.7344,0.000,58077.7
3783.724,4893.702,30.7349,0.000,58077.5
3783.725,4893.902,30.7192,0.000,58082.0
3783.725,4894.104,30.7122,0.000,58083.9
3784.224,4894.304,30.7070,0.000,58085.4
3784.225,4894.502,30.7233,0.000,58080.8
3784.724,4894.704,30.7026,0.000,58086.6
3784.724,4894.902,30.7057,0.000,58085.8
3784.724,4895.104,30.7103,0.000,58084.5
3785.224,4895.304,30.7124,0.000,58083.9
3785.224,4895.508,30.7075,0.000,58085.3
3785.724,4895.706,30.6776,0.000,58093.7
3785.725,4895.908,30.6859,0.000,58091.4
3785.725,4896.108,30.6736,0.000,58094.8
3786.224,4896.308,30.6851,0.000,58091.6
3786.224,4896.510,30.6580,0.000,58099.2
3786.724,4896.706,30.6689,0.000,58096.2
3786.724,4896.908,30.6683,0.000,58096.4
3786.724,4897.110,30.6738,0.000,58094.8
3787.223,4897.308,30.6616,0.000,58098.2
3787.224,4897.510,30.6425,0.000,58103.6
3787.723,4897.712,30.6552,0.000,58100.1
3787.723,4897.908,30.6694,0.000,58096.0
3787.723,4898.112,30.6497,0.000,58101.6
3788.224,4898.312,30.6484,0.000,58101.9
3788.225,4898.514,30.6536,0.000,58100.5
3788.724,4898.718,30.6414,0.000,58103.9
3788.725,4898.914,30.6406,0.000,58104.1
3788.725,4899.112,30.6104,0.000,58112.6
3789.224,4899.316,30.6287,0.000,58107.5
3789.225,4899.516,30.6419,0.000,58103.8
3789.724,4899.718,30.6317,0.000,58106.7
3789.725,4899.916,30.6191,0.000,58110.2
3789.725,4900.120,30.6221,0.000,58109.4
3790.224,4900.320,30.6273,0.000,58107.9
3790.225,4900.522,30.6090,0.000,58113.0
3790.724,4900.722,30.6235,0.000,58109.0
3790.725,4900.922,30.5996,0.000,58115.7
3790.725,4901.120,30.6069,0.000,58113.6
3791.224,4901.320,30.5963,0.000,58116.6
3791.225,4901.518,30.5776,0.000,58121.9
3791.724,4901.722,30.6074,0.000,58113.5
3791.725,4901.924,30.5918,0.000,58117.9
3792.224,4902.120,30.6035,0.000,58114.6
3792.224,4902.323,30.5933,0.000,58117.5
3792.225,4902.526,30.6064,0.000,58113.8
3792.724,4902.726,30.5920,0.000,58117.9
3792.725,4902.924,30.5867,0.000,58119.3
3793.224,4903.126,30.5812,0.000,58120.8
3793.225,4903.323,30.5830,0.000,58120.4
3793.225,4903.526,30.5649,0.000,58125.5
3793.724,4903.730,30.5669,0.000,58124.9
3793.725,4903.928,30.5796,0.000,58121.4
3794.224,4904.128,30.5630,0.000,58126.0
3794.225,4904.328,30.5628,0.000,58126.1
3794.225,4904.530,30.5638,0.000,58125.8
3794.724,4904.730,30.5503,0.000,58129.5
3794.724,4904.930,30.5669,0.000,58124.9
3795.224,4905.132,30.5462,0.000,58130.7
3795.225,4905.330,30.5390,0.000,58132.8
3795.225,4905.534,30.5299,0.000,58135.3
3795.724,4905.734,30.5356,0.000,58133.7
3795.724,4905.932,30.5366,0.000,58133.4
3796.224,4906.136,30.5231,0.000,58137.2
3796.225,4906.336,30.5327,0.000,58134.5
3796.225,4906.534,30.5262,0.000,58136.4
3796.724,4906.734,30.5316,0.000,58134.8
3796.725,4906.932,30.5124,0.000,58140.2
3797.224,4907.136,30.5195,0.000,58138.2
3797.225,4907.336,30.5190,0.000,58138.4
3797.225,4907.534,30.5065,0.000,58141.9
3797.724,4907.738,30.5083,0.000,58141.4
3797.724,4907.940,30.4964,0.000,58144.7
3798.224,4908.140,30.4959,0.000,58144.9
3798.224,4908.344,30.4975,0.000,58144.4
3798.224,4908.540,30.5102,0.000,58140.9
3798.724,4908.738,30.5006,0.000,58143.5
3798.724,4908.940,30.4899,0.000,58146.6
3799.224,4909.144,30.4931,0.000,58145.6
3799.225,4909.344,30.4839,0.000,58148.2
3799.225,4909.542,30.4845,0.000,58148.1
3799.724,4909.742,30.4765,0.000,58150.3
3799.725,4909.940,30.4863,0.000,58147.5
3800.224,4910.144,30.4834,0.000,58148.4
3800.225,4910.346,30.4749,0.000,58150.8
3800.225,4910.546,30.4837,0.000,58148.3
3800.724,4910.744,30.4734,0.000,58151.2
3800.725,4910.946,30.4601,0.000,58154.9
3801.224,4911.144,30.4717,0.000,58151.7
3801.224,4911.346,30.4785,0.000,58149.8
3801.224,4911.548,30.4676,0.000,58152.8
3801.724,4911.744,30.4582,0.000,58155.5
3801.725,4911.948,30.4561,0.000,58156.0
3802.223,4912.152,30.4612,0.000,58154.6
3802.224,4912.350,30.4552,0.000,58156.3
3802.224,4912.554,30.4455,0.000,58159.0
3802.724,4912.750,30.4404,0.000,58160.4
3802.725,4912.948,30.4359,0.000,58161.8
3803.224,4913.152,30.4386,0.000,58160.9
3803.225,4913.352,30.4391,0.000,58160.8
3803.225,4913.554,30.4490,0.000,58158.0
3803.724,4913.752,30.4360,0.000,58161.7
3803.725,4913.954,30.4300,0.000,58163.4
3804.224,4914.156,30.4370,0.000,58161.4
3804.225,4914.354,30.4277,0.000,58164.0
3804.225,4914.554,30.4191,0.000,58166.4
3804.724,4914.758,30.4422,0.000,58160.0
3804.724,4914.956,30.4264,0.000,58164.4
3805.224,4915.156,30.4373,0.000,58161.3
3805.224,4915.354,30.4214,0.000,58165.8
3805.224,4915.558,30.4326,0.000,58162.6
3805.724,4915.760,30.4326,0.000,58162.7
3805.725,4915.960,30.4277,0.000,58164.0
3806.224,4916.158,30.4264,0.000,58164.4
3806.224,4916.360,30.4297,0.000,58163.4
3806.225,4916.558,30.4178,0.000,58166.8
3806.724,4916.760,30.4251,0.000,58164.7
3806.725,4916.962,30.4246,0.000,58164.9
3807.224,4917.158,30.4180,0.000,58166.7
3807.225,4917.362,30.4077,0.000,58169.6
3807.225,4917.566,30.4093,0.000,58169.2
3807.724,4917.764,30.3960,0.000,58172.9
3807.724,4917.968,30.3927,0.000,58173.8
3808.224,4918.164,30.3890,0.000,58174.9
3808.224,4918.362,30.3818,0.000,58176.8
3808.225,4918.566,30.3882,0.000,58175.1
3808.724,4918.768,30.3740,0.000,58179.0
3808.724,4918.968,30.3771,0.000,58178.2
3809.224,4919.166,30.3667,0.000,58181.1
3809.224,4919.368,30.3844,0.000,58176.1
3809.224,4919.566,30.3687,0.000,58180.5
3809.724,4919.768,30.3825,0.000,58176.7
3809.724,4919.972,30.3962,0.000,58172.8
3810.224,4920.172,30.3813,0.000,58177.0
3810.225,4920.370,30.3696,0.000,58180.3
3810.225,4920.570,30.3636,0.000,58182.0
3810.724,4920.768,30.3608,0.000,58182.7
3810.724,4920.972,30.3800,0.000,58177.4
3811.224,4921.174,30.3507,0.000,58185.6
3811.224,4921.374,30.3626,0.000,58182.2
3811.225,4921.573,30.3604,0.000,58182.9
3811.724,4921.774,30.3550,0.000,58184.4
3811.725,4921.972,30.3520,0.000,58185.2
3812.224,4922.174,30.3359,0.000,58189.7
3812.224,4922.376,30.3504,0.000,58185.7
3812.225,4922.578,30.3633,0.000,58182.1
3812.724,4922.776,30.3472,0.000,58186.6
3812.724,4922.980,30.3442,0.000,58187.4
3813.224,4923.178,30.3379,0.000,58189.1
3813.224,4923.378,30.3257,0.000,58192.6
3813.224,4923.578,30.3400,0.000,58188.6
3813.724,4923.776,30.3302,0.000,58191.3
3813.724,4923.980,30.3405,0.000,58188.4
3814.224,4924.182,30.3276,0.000,58192.0
3814.224,4924.382,30.3203,0.000,58194.1
3814.224,4924.580,30.3149,0.000,58195.6
3814.724,4924.780,30.3182,0.000,58194.7
3814.724,4924.980,30.3053,0.000,58198.3
3815.224,4925.182,30.3100,0.000,58197.0
3815.224,4925.386,30.3083,0.000,58197.4
3815.224,4925.586,30.3063,0.000,58198.0
3815.724,4925.784,30.2931,0.000,58201.7
3815.724,4925.984,30.3089,0.000,58197.3
3816.224,4926.182,30.3076,0.000,58197.6
3816.224,4926.386,30.3055,0.000,58198.2
3816.224,4926.586,30.2881,0.000,58203.1
3816.724,4926.784,30.2897,0.000,58202.6
3816.724,4926.988,30.2947,0.000,58201.2
3817.224,4927.190,30.2786,0.000,58205.7
3817.224,4927.390,30.2837,0.000,58204.3
3817.225,4927.594,30.2853,0.000,58203.9
3817.724,4927.790,30.2837,0.000,58204.3
3817.724,4927.988,30.2752,0.000,58206.7
3818.224,4928.190,30.2650,0.000,58209.6
3818.224,4928.394,30.2806,0.000,58205.2
3818.224,4928.594,30.2493,0.000,58213.9
3818.724,4928.792,30.2817,0.000,58204.9
3818.724,4928.992,30.2698,0.000,58208.2
3819.224,4929.190,30.2580,0.000,58211.5
3819.225,4929.394,30.2558,0.000,58212.1
3819.225,4929.596,30.2685,0.000,58208.6
3819.724,4929.792,30.2609,0.000,58210.7
3819.724,4929.994,30.2606,0.000,58210.8
3820.224,4930.198,30.2480,0.000,58214.3
3820.224,4930.398,30.2514,0.000,58213.4
3820.224,4930.596,30.2448,0.000,58215.1
3820.724,4930.800,30.2376,0.000,58217.2
3820.724,4930.994,30.2495,0.000,58213.8
3821.224,4931.198,30.2497,0.000,58213.8
3821.224,4931.398,30.2332,0.000,58218.4
3821.225,4931.596,30.2373,0.000,58217.2
3821.724,4931.800,30.2256,0.000,58220.6
3821.724,4932.000,30.2295,0.000,58219.4
3822.224,4932.202,30.2355,0.000,58217.7
3822.225,4932.402,30.2228,0.000,58221.3
3822.225,4932.602,30.2160,0.000,58223.2
3822.724,4932.804,30.2155,0.000,58223.4
3822.724,4933.000,30.2274,0.000,58220.0
3823.224,4933.204,30.2090,0.000,58225.2
3823.224,4933.402,30.2091,0.000,58225.1
3823.224,4933.604,30.2023,0.000,58227.0
3823.724,4933.808,30.2067,0.000,58225.8
3823.724,4934.008,30.2080,0.000,58225.4
3824.224,4934.206,30.1943,0.000,58229.3
3824.224,4934.406,30.2109,0.000,58224.6
3824.224,4934.604,30.2031,0.000,58226.8
3824.724,4934.808,30.2129,0.000,58224.0
3824.724,4935.010,30.1992,0.000,58227.9
3825.224,4935.210,30.1701,0.000,58236.0
3825.224,4935.408,30.1810,0.000,58233.0
3825.224,4935.610,30.1862,0.000,58231.5
3825.724,4935.808,30.1847,0.000,58231.9
3825.724,4936.010,30.1880,0.000,58231.0
3826.224,4936.212,30.1877,0.000,58231.1
3826.224,4936.408,30.1746,0.000,58234.7
3826.224,4936.612,30.1650,0.000,58237.4
3826.724,4936.816,30.1756,0.000,58234.5
3826.724,4937.014,30.1549,0.000,58240.2
3827.224,4937.218,30.1585,0.000,58239.2
3827.224,4937.414,30.1579,0.000,58239.4
3827.224,4937.612,30.1328,0.000,58246.4
3827.724,4937.816,30.1663,0.000,58237.1
3827.724,4938.016,30.1592,0.000,58239.0
3828.224,4938.218,30.1508,0.000,58241.4
3828.224,4938.416,30.1424,0.000,58243.7
3828.224,4938.620,30.1201,0.000,58249.9
3828.724,4938.820,30.1172,0.000,58250.7
3828.724,4939.018,30.1199,0.000,58249.9
3829.224,4939.222,30.0981,0.000,58256.0
3829.224,4939.416,30.1090,0.000,58253.0
3829.224,4939.620,30.1092,0.000,58252.9
3829.724,4939.823,30.1089,0.000,58253.0
3829.725,4940.022,30.1055,0.000,58253.9
3830.224,4940.222,30.1113,0.000,58252.4
3830.225,4940.424,30.1035,0.000,58254.5
3830.724,4940.620,30.0883,0.000,58258.7
3830.725,4940.823,30.0900,0.000,58258.2
3830.725,4941.026,30.0952,0.000,58256.8
3831.224,4941.226,30.0714,0.000,58263.4
3831.224,4941.428,30.0744,0.000,58262.6
3831.724,4941.624,30.0822,0.000,58260.4
3831.724,4941.828,30.0825,0.000,58260.3
3831.725,4942.026,30.0966,0.000,58256.4
3832.224,4942.226,30.0796,0.000,58261.2
3832.224,4942.428,30.0817,0.000,58260.6
3832.724,4942.628,30.0840,0.000,58260.0
3832.724,4942.828,30.0590,0.000,58266.9
3832.724,4943.026,30.0557,0.000,58267.8
3833.224,4943.230,30.0522,0.000,58268.8
3833.224,4943.432,30.0781,0.000,58261.6
3833.724,4943.632,30.0693,0.000,58264.0
3833.724,4943.830,30.0522,0.000,58268.8
3833.724,4944.030,30.0529,0.000,58268.6
3834.224,4944.230,30.0597,0.000,58266.6
3834.224,4944.432,30.0378,0.000,58272.8
3834.724,4944.636,30.0436,0.000,58271.1
3834.724,4944.836,30.0373,0.000,58272.9
3834.724,4945.034,30.0464,0.000,58270.4
3835.224,4945.238,30.0396,0.000,58272.3
3835.224,4945.436,30.0456,0.000,58270.6
3835.724,4945.640,30.0360,0.000,58273.3
3835.724,4945.838,30.0303,0.000,58274.9
3835.724,4946.034,30.0182,0.000,58278.2
3836.224,4946.238,30.0226,0.000,58277.0
3836.225,4946.438,30.0270,0.000,58275.8
3836.724,4946.640,30.0348,0.000,58273.6
3836.724,4946.838,30.0148,0.000,58279.1
3836.725,4947.040,30.0184,0.000,58278.2
3837.224,4947.242,30.0353,0.000,58273.5
3837.224,4947.440,30.0386,0.000,58272.5
3837.724,4947.640,30.0308,0.000,58274.7
3837.724,4947.844,30.0276,0.000,58275.6
3837.724,4948.042,30.0364,0.000,58273.2
3838.224,4948.244,30.0220,0.000,58277.2
3838.224,4948.444,30.0047,0.000,58282.0
3838.724,4948.644,30.0203,0.000,58277.6
3838.724,4948.846,30.0187,0.000,58278.1
3838.724,4949.042,30.0210,0.000,58277.4
3839.224,4949.244,30.0009,0.000,58283.0
3839.224,4949.448,30.0174,0.000,58278.4
3839.724,4949.648,30.0151,0.000,58279.1
3839.724,4949.846,30.0220,0.000,58277.1
3839.724,4950.050,29.9930,0.000,58285.2
3840.224,4950.244,30.0086,0.000,58280.9
3840.224,4950.448,29.9990,0.000,58283.5
3840.724,4950.652,29.9822,0.000,58288.2
3840.724,4950.850,29.9914,0.000,58285.6
3840.724,4951.054,29.9796,0.000,58288.9
3841.224,4951.250,29.9782,0.000,58289.3
3841.224,4951.448,29.9922,0.000,58285.4
3841.724,4951.652,29.9995,0.000,58283.4
3841.724,4951.852,29.9876,0.000,58286.7
3841.724,4952.054,29.9822,0.000,58288.2
3842.224,4952.252,29.9889,0.000,58286.3
3842.224,4952.454,29.9855,0.000,58287.3
3842.724,4952.656,29.9665,0.000,58292.5
3842.724,4952.854,29.9775,0.000,58289.5
3842.724,4953.054,29.9749,0.000,58290.2
3843.224,4953.258,29.9678,0.000,58292.2
3843.224,4953.456,29.9749,0.000,58290.2
3843.724,4953.656,29.9601,0.000,58294.3
3843.724,4953.854,29.9577,0.000,58295.0
3843.724,4954.058,29.9629,0.000,58293.5
3844.224,4954.260,29.9538,0.000,58296.1
3844.224,4954.460,29.9656,0.000,58292.8
3844.724,4954.658,29.9557,0.000,58295.6
3844.724,4954.860,29.9660,0.000,58292.7
3844.724,4955.058,29.9490,0.000,58297.4
3845.224,4955.260,29.9575,0.000,58295.0
3845.224,4955.462,29.9578,0.000,58294.9
3845.724,4955.658,29.9394,0.000,58300.0
3845.724,4955.862,29.9544,0.000,58295.9
3845.724,4956.062,29.9402,0.000,58299.8
3846.224,4956.264,29.9600,0.000,58294.3
3846.224,4956.468,29.9355,0.000,58301.1
3846.724,4956.664,29.9424,0.000,58299.2
3846.724,4956.862,29.9157,0.000,58306.6
3846.724,4957.066,29.9171,0.000,58306.2
3847.224,4957.268,29.9263,0.000,58303.7
3847.224,4957.468,29.9153,0.000,58306.7
3847.724,4957.666,29.9044,0.000,58309.7
3847.724,4957.868,29.9118,0.000,58307.7
3847.724,4958.066,29.8932,0.000,58312.8
3848.224,4958.268,29.8940,0.000,58312.6
3848.224,4958.472,29.9087,0.000,58308.5
3848.724,4958.672,29.9048,0.000,58309.6
3848.724,4958.870,29.9067,0.000,58309.1
3848.724,4959.070,29.9038,0.000,58309.9
3849.224,4959.268,29.9026,0.000,58310.2
3849.224,4959.472,29.9132,0.000,58307.2
3849.724,4959.674,29.9111,0.000,58307.9
3849.724,4959.870,29.8916,0.000,58313.2
3849.724,4960.073,29.9014,0.000,58310.5
3850.224,4960.276,29.8950,0.000,58312.3
3850.224,4960.476,29.9053,0.000,58309.5
3850.724,4960.678,29.8882,0.000,58314.2
3850.724,4960.874,29.8968,0.000,58311.8
3850.724,4961.078,29.8690,0.000,58319.5
3851.224,4961.276,29.8909,0.000,58313.5
3851.224,4961.476,29.8825,0.000,58315.8
3851.724,4961.678,29.8945,0.000,58312.5
3851.724,4961.878,29.8770,0.000,58317.3
3851.724,4962.078,29.8618,0.000,58321.5
3852.224,4962.280,29.8738,0.000,58318.2
3852.225,4962.480,29.8691,0.000,58319.4
3852.724,4962.680,29.8491,0.000,58325.0
3852.724,4962.882,29.8548,0.000,58323.4
3852.724,4963.080,29.8694,0.000,58319.4
3853.224,4963.280,29.8579,0.000,58322.6
3853.224,4963.480,29.8633,0.000,58321.1
3853.724,4963.686,29.8590,0.000,58322.2
3853.724,4963.886,29.8662,0.000,58320.3
3853.724,4964.086,29.8600,0.000,58322.0
3854.224,4964.284,29.8501,0.000,58324.7
3854.224,4964.484,29.8616,0.000,58321.5
3854.724,4964.682,29.8582,0.000,58322.5
3854.724,4964.886,29.8489,0.000,58325.0
3854.724,4965.086,29.8582,0.000,58322.5
3855.224,4965.284,29.8413,0.000,58327.1
3855.224,4965.488,29.8340,0.000,58329.2
3855.724,4965.688,29.8311,0.000,58330.0
3855.724,4965.890,29.8447,0.000,58326.2
3855.724,4966.094,29.8306,0.000,58330.1
3856.224,4966.290,29.8309,0.000,58330.0
3856.224,4966.488,29.8335,0.000,58329.3
3856.724,4966.690,29.8379,0.000,58328.1
3856.724,4966.894,29.8222,0.000,58332.4
3856.724,4967.094,29.8198,0.000,58333.1
3857.224,4967.292,29.8071,0.000,58336.5
3857.224,4967.492,29.8247,0.000,58331.7
3857.724,4967.690,29.8237,0.000,58332.0
3857.724,4967.894,29.8170,0.000,58333.9
3857.724,4968.096,29.8185,0.000,58333.4
3858.224,4968.296,29.8183,0.000,58333.5
3858.225,4968.494,29.8027,0.000,58337.8
3858.724,4968.696,29.8213,0.000,58332.6
3858.724,4968.894,29.8105,0.000,58335.7
3858.724,4969.096,29.7998,0.000,58338.6
3859.224,4969.300,29.7998,0.000,58338.6
3859.224,4969.500,29.7935,0.000,58340.3
3859.724,4969.698,29.8131,0.000,58334.9
3859.724,4969.898,29.8008,0.000,58338.3
3859.724,4970.096,29.7985,0.000,58339.0
3860.224,4970.304,29.7912,0.000,58341.0
3860.224,4970.500,29.7855,0.000,58342.6
3860.724,4970.698,29.7832,0.000,58343.2
3860.724,4970.902,29.7939,0.000,58340.2
3860.724,4971.104,29.7764,0.000,58345.0
3861.224,4971.304,29.7847,0.000,58342.8
3861.224,4971.502,29.7737,0.000,58345.8
3861.724,4971.704,29.7741,0.000,58345.7
3861.724,4971.902,29.7615,0.000,58349.1
3861.724,4972.104,29.7677,0.000,58347.4
3862.224,4972.304,29.7659,0.000,58347.9
3862.224,4972.508,29.7593,0.000,58349.7
3862.724,4972.706,29.7622,0.000,58349.0
3862.724,4972.908,29.7666,0.000,58347.7
3862.724,4973.108,29.7580,0.000,58350.1
3863.224,4973.308,29.7656,0.000,58348.1
3863.224,4973.510,29.7637,0.000,58348.5
3863.724,4973.706,29.7559,0.000,58350.7
3863.724,4973.908,29.7601,0.000,58349.5
3863.724,4974.110,29.7471,0.000,58353.1
3864.224,4974.308,29.7449,0.000,58353.7
3864.225,4974.510,29.7497,0.000,58352.4
3864.724,4974.712,29.7446,0.000,58353.8
3864.724,4974.908,29.7329,0.000,58357.0
3864.724,4975.112,29.7316,0.000,58357.4
3865.224,4975.312,29.7464,0.000,58353.3
3865.224,4975.514,29.7251,0.000,58359.2
3865.724,4975.718,29.7339,0.000,58356.7
3865.724,4975.914,29.7174,0.000,58361.3
3865.724,4976.112,29.7350,0.000,58356.4
3866.224,4976.316,29.7344,0.000,58356.6
3866.225,4976.518,29.7191,0.000,58360.9
3866.724,4976.718,29.7262,0.000,58358.9
3866.725,4976.916,29.7152,0.000,58361.9
3866.725,4977.118,29.7104,0.000,58363.2
3867.224,4977.316,29.7143,0.000,58362.2
3867.225,4977.518,29.7104,0.000,58363.2
3867.724,4977.720,29.6938,0.000,58367.8
3867.724,4977.916,29.7095,0.000,58363.5
3867.724,4978.120,29.6974,0.000,58366.8
3868.223,4978.323,29.6948,0.000,58367.5
3868.224,4978.522,29.6860,0.000,58369.9
3868.724,4978.722,29.6948,0.000,58367.5
3868.724,4978.924,29.6842,0.000,58370.4
3869.224,4979.120,29.6759,0.000,58372.7
3869.225,4979.323,29.6855,0.000,58370.1
3869.225,4979.526,29.6890,0.000,58369.1
3869.724,4979.726,29.6840,0.000,58370.5
3869.724,4979.928,29.6821,0.000,58371.0
3870.224,4980.124,29.6764,0.000,58372.5
3870.224,4980.328,29.6754,0.000,58372.8
3870.224,4980.526,29.6602,0.000,58377.0
3870.724,4980.726,29.6803,0.000,58371.5
3870.724,4980.928,29.6719,0.000,58373.8
3871.224,4981.128,29.6566,0.000,58378.0
3871.224,4981.328,29.6587,0.000,58377.4
3871.224,4981.530,29.6635,0.000,58376.1
3871.724,4981.730,29.6653,0.000,58375.6
3871.725,4981.930,29.6639,0.000,58376.0
3872.224,4982.132,29.6496,0.000,58379.9
3872.225,4982.330,29.6598,0.000,58377.1
3872.225,4982.534,29.6575,0.000,58377.8
3872.724,4982.734,29.6611,0.000,58376.8
3872.724,4982.932,29.6465,0.000,58380.8
3873.224,4983.136,29.6554,0.000,58378.3
3873.224,4983.336,29.6393,0.000,58382.8
3873.224,4983.534,29.6554,0.000,58378.3
3873.724,4983.734,29.6512,0.000,58379.5
3873.724,4983.932,29.6303,0.000,58385.2
3874.224,4984.136,29.6304,0.000,58385.2
3874.224,4984.336,29.6308,0.000,58385.1
3874.224,4984.534,29.6113,0.000,58390.5
3874.724,4984.738,29.6289,0.000,58385.6
3874.724,4984.940,29.6431,0.000,58381.7
3875.224,4985.140,29.6367,0.000,58383.5
3875.224,4985.344,29.6271,0.000,58386.1
3875.224,4985.540,29.6230,0.000,58387.2
3875.723,4985.738,29.6404,0.000,58382.4
3875.724,4985.940,29.6147,0.000,58389.5
3876.223,4986.144,29.6118,0.000,58390.3
3876.223,4986.344,29.6170,0.000,58388.9
3876.224,4986.542,29.6107,0.000,58390.6
3876.723,4986.742,29.6094,0.000,58391.0
3876.723,4986.940,29.5998,0.000,58393.6
3877.223,4987.144,29.6095,0.000,58390.9
3877.223,4987.346,29.6221,0.000,58387.5
3877.224,4987.546,29.5844,0.000,58397.8
3877.724,4987.744,29.6006,0.000,58393.4
3877.724,4987.946,29.5952,0.000,58394.9
3878.224,4988.144,29.5952,0.000,58394.8
3878.224,4988.346,29.5998,0.000,58393.6
3878.224,4988.550,29.6012,0.000,58393.2
3878.724,4988.750,29.6097,0.000,58390.9
3878.724,4988.948,29.5835,0.000,58398.0
3879.224,4989.148,29.5920,0.000,58395.8
3879.224,4989.346,29.5838,0.000,58398.0
3879.224,4989.550,29.5911,0.000,58396.0
3879.724,4989.750,29.5913,0.000,58395.9
3879.724,4989.952,29.5988,0.000,58393.9
3880.224,4990.152,29.5859,0.000,58397.4
3880.224,4990.352,29.5796,0.000,58399.1
3880.224,4990.554,29.5804,0.000,58398.9
3880.724,4990.752,29.5776,0.000,58399.7
3880.724,4990.954,29.5770,0.000,58399.8
3881.224,4991.152,29.5551,0.000,58405.9
3881.224,4991.354,29.5747,0.000,58400.5
3881.224,4991.558,29.5394,0.000,58410.1
3881.724,4991.758,29.5684,0.000,58402.2
3881.724,4991.956,29.5402,0.000,58409.9
3882.223,4992.156,29.5649,0.000,58403.2
3882.224,4992.354,29.5496,0.000,58407.4
3882.224,4992.558,29.5462,0.000,58408.3
3882.724,4992.760,29.5449,0.000,58408.6
3882.724,4992.960,29.5276,0.000,58413.4
3883.224,4993.158,29.5483,0.000,58407.7
3883.224,4993.360,29.5460,0.000,58408.3
3883.224,4993.558,29.5462,0.000,58408.3
3883.724,4993.760,29.5249,0.000,58414.1
3883.724,4993.962,29.5346,0.000,58411.4
3884.224,4994.158,29.5299,0.000,58412.7
3884.224,4994.362,29.5115,0.000,58417.8
3884.224,4994.566,29.5337,0.000,58411.8
3884.724,4994.764,29.5193,0.000,58415.6
3884.724,4994.968,29.5252,0.000,58414.0
3885.224,4995.164,29.5221,0.000,58414.9
3885.224,4995.362,29.5230,0.000,58414.6
3885.224,4995.566,29.5230,0.000,58414.6
3885.724,4995.766,29.5190,0.000,58415.7
3885.724,4995.968,29.5176,0.000,58416.1
3886.224,4996.166,29.5128,0.000,58417.4
3886.224,4996.370,29.5145,0.000,58416.9
3886.224,4996.570,29.5166,0.000,58416.4
3886.724,4996.768,29.5059,0.000,58419.3
3886.724,4996.972,29.5089,0.000,58418.5
3887.224,4997.166,29.5015,0.000,58420.5
3887.224,4997.368,29.5135,0.000,58417.2
3887.224,4997.570,29.5009,0.000,58420.7
3887.724,4997.768,29.4900,0.000,58423.6
3887.724,4997.972,29.4912,0.000,58423.3
3888.224,4998.174,29.5058,0.000,58419.3
3888.224,4998.374,29.4941,0.000,58422.5
3888.224,4998.573,29.4718,0.000,58428.6
3888.724,4998.774,29.4910,0.000,58423.4
3888.724,4998.976,29.5005,0.000,58420.8
3889.224,4999.178,29.5005,0.000,58420.8
3889.224,4999.376,29.4907,0.000,58423.4
3889.224,4999.573,29.4728,0.000,58428.4
3889.724,4999.776,29.4976,0.000,58421.6
3889.725,4999.980,29.4811,0.000,58426.1
3890.224,5000.178,29.4914,0.000,58423.3
3890.224,5000.378,29.4801,0.000,58426.4
3890.224,5000.578,29.4775,0.000,58427.0
3890.724,5000.776,29.4549,0.000,58433.2
3890.724,5000.980,29.4608,0.000,58431.6
3891.224,5001.182,29.4653,0.000,58430.4
3891.224,5001.382,29.4573,0.000,58432.6
3891.224,5001.580,29.4529,0.000,58433.8
3891.724,5001.780,29.4503,0.000,58434.5
3891.724,5001.980,29.4474,0.000,58435.3
3892.224,5002.182,29.4458,0.000,58435.7
3892.224,5002.386,29.4258,0.000,58441.2
3892.224,5002.586,29.4541,0.000,58433.5
3892.724,5002.784,29.4658,0.000,58430.2
3892.724,5002.984,29.4551,0.000,58433.2
3893.224,5003.182,29.4473,0.000,58435.3
3893.224,5003.386,29.4585,0.000,58432.2
3893.224,5003.586,29.4746,0.000,58427.8
3893.724,5003.784,29.4702,0.000,58429.1
3893.724,5003.988,29.4593,0.000,58432.1
3894.224,5004.190,29.4552,0.000,58433.1
3894.224,5004.390,29.4502,0.000,58434.5
3894.224,5004.594,29.4262,0.000,58441.1
3894.724,5004.790,29.4310,0.000,58439.8
3894.724,5004.988,29.4476,0.000,58435.2
3895.224,5005.190,29.4165,0.000,58443.7
3895.224,5005.394,29.4490,0.000,58434.9
3895.224,5005.594,29.4323,0.000,58439.4
3895.724,5005.792,29.4354,0.000,58438.6
3895.725,5005.992,29.4227,0.000,58442.0
3896.224,5006.194,29.4204,0.000,58442.7
3896.224,5006.394,29.4336,0.000,58439.1
3896.224,5006.596,29.4326,0.000,58439.4
3896.724,5006.792,29.4101,0.000,58445.5
3896.725,5006.994,29.4199,0.000,58442.8
3897.224,5007.198,29.4146,0.000,58444.2
3897.225,5007.398,29.4178,0.000,58443.4
3897.225,5007.596,29.4084,0.000,58446.0
3897.724,5007.800,29.4087,0.000,58445.9
3897.724,5008.000,29.4069,0.000,58446.4
3898.224,5008.198,29.3797,0.000,58453.8
3898.225,5008.398,29.3958,0.000,58449.4
3898.225,5008.596,29.3882,0.000,58451.4
3898.724,5008.800,29.3867,0.000,58451.9
3898.724,5009.000,29.3800,0.000,58453.7
3899.224,5009.202,29.3848,0.000,58452.4
3899.224,5009.402,29.3753,0.000,58455.0
3899.224,5009.602,29.3753,0.000,58455.0
3899.724,5009.804,29.3673,0.000,58457.1
3899.724,5010.000,29.3652,0.000,58457.7
3900.224,5010.204,29.3608,0.000,58458.9
3900.225,5010.402,29.3753,0.000,58455.0
3900.225,5010.604,29.3528,0.000,58461.1
3900.724,5010.808,29.3519,0.000,58461.3
3900.724,5011.008,29.3528,0.000,58461.1
3901.224,5011.206,29.3576,0.000,58459.8
3901.224,5011.406,29.3511,0.000,58461.6
3901.225,5011.604,29.3454,0.000,58463.1
3901.724,5011.808,29.3493,0.000,58462.1
3901.724,5012.010,29.3442,0.000,58463.4
3902.224,5012.206,29.3566,0.000,58460.1
3902.225,5012.408,29.3361,0.000,58465.6
3902.225,5012.612,29.3592,0.000,58459.4
3902.724,5012.812,29.3525,0.000,58461.2
3902.725,5013.014,29.3525,0.000,58461.2
3903.224,5013.214,29.3376,0.000,58465.2
3903.224,5013.414,29.3434,0.000,58463.7
3903.225,5013.612,29.3397,0.000,58464.7
3903.724,5013.812,29.3418,0.000,58464.1
3903.724,5014.014,29.3328,0.000,58466.6
3904.224,5014.214,29.3382,0.000,58465.1
3904.224,5014.414,29.3426,0.000,58463.9
3904.224,5014.612,29.3437,0.000,58463.6
3904.724,5014.816,29.3330,0.000,58466.5
3904.724,5015.018,29.3245,0.000,58468.8
3905.223,5015.218,29.3125,0.000,58472.1
3905.224,5015.416,29.3229,0.000,58469.2
3905.224,5015.618,29.3255,0.000,58468.5
3905.724,5015.816,29.3102,0.000,58472.7
3905.724,5016.018,29.3179,0.000,58470.6
3906.224,5016.222,29.3092,0.000,58473.0
3906.224,5016.416,29.3060,0.000,58473.8
3906.225,5016.620,29.3087,0.000,58473.1
3906.724,5016.823,29.3130,0.000,58472.0
3906.724,5017.022,29.3044,0.000,58474.2
3907.224,5017.222,29.3105,0.000,58472.6
3907.224,5017.424,29.3110,0.000,58472.5
3907.724,5017.620,29.2954,0.000,58476.7
3907.724,5017.823,29.3146,0.000,58471.5
3907.724,5018.024,29.3112,0.000,58472.4
3908.224,5018.222,29.3074,0.000,58473.5
3908.224,5018.424,29.3055,0.000,58474.0
3908.724,5018.626,29.3201,0.000,58470.0
3908.724,5018.828,29.3065,0.000,58473.7
3908.724,5019.026,29.3154,0.000,58471.3
3909.223,5019.230,29.3081,0.000,58473.2
3909.224,5019.428,29.3081,0.000,58473.3
3909.724,5019.628,29.3110,0.000,58472.5
3909.724,5019.828,29.3081,0.000,58473.3
3909.725,5020.026,29.2956,0.000,58476.7
3910.224,5020.230,29.3047,0.000,58474.2
3910.224,5020.432,29.3118,0.000,58472.2
3910.724,5020.632,29.2944,0.000,58477.0
3910.724,5020.830,29.2850,0.000,58479.5
3910.724,5021.030,29.3013,0.000,58475.1
3911.224,5021.230,29.2728,0.000,58482.9
3911.225,5021.432,29.2846,0.000,58479.7
3911.724,5021.636,29.2812,0.000,58480.6
3911.724,5021.836,29.2781,0.000,58481.4
3911.724,5022.034,29.2607,0.000,58486.1
3912.224,5022.234,29.2601,0.000,58486.4
3912.224,5022.432,29.2793,0.000,58481.1
3912.724,5022.636,29.2614,0.000,58486.0
3912.724,5022.838,29.2583,0.000,58486.8
3912.724,5023.034,29.2687,0.000,58484.0
3913.224,5023.238,29.2617,0.000,58485.9
3913.224,5023.440,29.2703,0.000,58483.5
3913.724,5023.640,29.2620,0.000,58485.8
3913.724,5023.844,29.2617,0.000,58485.9
3913.724,5024.040,29.2593,0.000,58486.5
3914.224,5024.238,29.2448,0.000,58490.5
3914.224,5024.440,29.2586,0.000,58486.7
3914.724,5024.644,29.2472,0.000,58489.8
3914.724,5024.844,29.2650,0.000,58485.0
3914.724,5025.042,29.2554,0.000,58487.6
3915.224,5025.242,29.2425,0.000,58491.1
3915.224,5025.440,29.2322,0.000,58493.9
3915.724,5025.644,29.2228,0.000,58496.4
3915.724,5025.846,29.2519,0.000,58488.5
3915.724,5026.046,29.2336,0.000,58493.6
3916.224,5026.244,29.2407,0.000,58491.6
3916.224,5026.446,29.2331,0.000,58493.6
3916.724,5026.644,29.2329,0.000,58493.7
3916.724,5026.846,29.2378,0.000,58492.4
3916.724,5027.050,29.2241,0.000,58496.1
3917.224,5027.250,29.2129,0.000,58499.1
3917.224,5027.448,29.2280,0.000,58495.0
3917.724,5027.648,29.2199,0.000,58497.2
3917.724,5027.846,29.2332,0.000,58493.6
3917.724,5028.050,29.2243,0.000,58496.1
3918.224,5028.250,29.2026,0.000,58501.9
3918.224,5028.448,29.2257,0.000,58495.7
3918.724,5028.652,29.2192,0.000,58497.4
3918.724,5028.854,29.2060,0.000,58501.0
3918.724,5029.054,29.2049,0.000,58501.3
3919.224,5029.252,29.2010,0.000,58502.4
3919.224,5029.454,29.2119,0.000,58499.4
3919.724,5029.652,29.2104,0.000,58499.8
3919.724,5029.854,29.1914,0.000,58505.0
3919.724,5030.054,29.1976,0.000,58503.3
3920.224,5030.258,29.1943,0.000,58504.1
3920.224,5030.456,29.2031,0.000,58501.8
3920.724,5030.658,29.1885,0.000,58505.8
3920.724,5030.858,29.1919,0.000,58504.8
3920.724,5031.058,29.1933,0.000,58504.5
3921.224,5031.260,29.1845,0.000,58506.8
3921.224,5031.456,29.1880,0.000,58505.9
3921.724,5031.658,29.1789,0.000,58508.4
3921.724,5031.862,29.1759,0.000,58509.1
3921.724,5032.062,29.1671,0.000,58511.5
3922.224,5032.264,29.1675,0.000,58511.4
3922.224,5032.464,29.1694,0.000,58510.9
3922.724,5032.658,29.1688,0.000,58511.1
3922.724,5032.862,29.1689,0.000,58511.1
3922.724,5033.062,29.1579,0.000,58514.1
3923.224,5033.264,29.1631,0.000,58512.6
3923.224,5033.464,29.1624,0.000,58512.8
3923.724,5033.664,29.1709,0.000,58510.5
3923.724,5033.866,29.1525,0.000,58515.5
3923.724,5034.066,29.1559,0.000,58514.6
3924.224,5034.266,29.1522,0.000,58515.6
3924.224,5034.468,29.1457,0.000,58517.4
3924.724,5034.666,29.1522,0.000,58515.6
3924.724,5034.868,29.1499,0.000,58516.3
3924.724,5035.066,29.1443,0.000,58517.7
3925.224,5035.268,29.1406,0.000,58518.7
3925.224,5035.472,29.1382,0.000,58519.4
3925.724,5035.672,29.1364,0.000,58519.9
3925.724,5035.870,29.1388,0.000,58519.2
3925.724,5036.070,29.1352,0.000,58520.2
3926.224,5036.268,29.1250,0.000,58523.0
3926.224,5036.472,29.1201,0.000,58524.3
3926.724,5036.674,29.1367,0.000,58519.8
3926.724,5036.870,29.1181,0.000,58524.8
3926.724,5037.073,29.1279,0.000,58522.2
3927.224,5037.276,29.1295,0.000,58521.7
3927.224,5037.476,29.0998,0.000,58529.8
3927.724,5037.678,29.1250,0.000,58522.9
3927.724,5037.876,29.1191,0.000,58524.6
3927.724,5038.073,29.1191,0.000,58524.6
3928.224,5038.276,29.1123,0.000,58526.4
3928.224,5038.476,29.1020,0.000,58529.1
3928.724,5038.678,29.0934,0.000,58531.5
3928.724,5038.878,29.1177,0.000,58524.9
3928.724,5039.078,29.1131,0.000,58526.2
3929.224,5039.280,29.1022,0.000,58529.1
3929.224,5039.480,29.0947,0.000,58531.2
3929.724,5039.680,29.1072,0.000,58527.7
3929.724,5039.882,29.0937,0.000,58531.4
3929.725,5040.080,29.0916,0.000,58532.0
3930.224,5040.280,29.0944,0.000,58531.2
3930.224,5040.480,29.0893,0.000,58532.6
3930.724,5040.682,29.0942,0.000,58531.2
3930.724,5040.886,29.0926,0.000,58531.7
3930.724,5041.086,29.0866,0.000,58533.3
3931.224,5041.284,29.1017,0.000,58529.2
3931.224,5041.484,29.0874,0.000,58533.1
3931.724,5041.682,29.0793,0.000,58535.3
3931.724,5041.886,29.0770,0.000,58535.9
3931.724,5042.086,29.0858,0.000,58533.6
3932.224,5042.284,29.0688,0.000,58538.1
3932.224,5042.488,29.0768,0.000,58536.0
3932.724,5042.690,29.0666,0.000,58538.7
3932.724,5042.890,29.0770,0.000,58535.9
3932.724,5043.094,29.0693,0.000,58538.0
3933.224,5043.290,29.0718,0.000,58537.3
3933.224,5043.488,29.0794,0.000,58535.3
3933.724,5043.690,29.0586,0.000,58540.9
3933.724,5043.894,29.0586,0.000,58540.9
3933.724,5044.094,29.0638,0.000,58539.5
3934.224,5044.292,29.0571,0.000,58541.3
3934.224,5044.492,29.0548,0.000,58541.9
3934.723,5044.690,29.0640,0.000,58539.4
3934.724,5044.894,29.0535,0.000,58542.3
3934.724,5045.096,29.0568,0.000,58541.4
3935.224,5045.296,29.0547,0.000,58542.0
3935.224,5045.494,29.0415,0.000,58545.5
3935.724,5045.696,29.0371,0.000,58546.8
3935.724,5045.894,29.0464,0.000,58544.2
3935.724,5046.096,29.0596,0.000,58540.6
3936.224,5046.300,29.0356,0.000,58547.1
3936.224,5046.494,29.0298,0.000,58548.7
3936.724,5046.698,29.0161,0.000,58552.4
3936.724,5046.902,29.0213,0.000,58551.0
3936.724,5047.100,29.0107,0.000,58553.8
3937.224,5047.300,29.0159,0.000,58552.4
3937.224,5047.500,29.0171,0.000,58552.1
3937.724,5047.702,29.0156,0.000,58552.5
3937.724,5047.902,29.0117,0.000,58553.6
3937.724,5048.104,29.0153,0.000,58552.6
3938.224,5048.304,29.0112,0.000,58553.7
3938.224,5048.502,29.0107,0.000,58553.8
3938.724,5048.704,29.0096,0.000,58554.1
3938.724,5048.902,29.0382,0.000,58546.4
3938.724,5049.104,29.0092,0.000,58554.2
3939.224,5049.304,29.0133,0.000,58553.1
3939.224,5049.508,29.0273,0.000,58549.4
3939.724,5049.706,29.0219,0.000,58550.8
3939.724,5049.908,29.0212,0.000,58551.0
3939.724,5050.108,29.0089,0.000,58554.3
3940.224,5050.308,29.0083,0.000,58554.5
3940.224,5050.510,29.0044,0.000,58555.6
3940.724,5050.710,28.9980,0.000,58557.3
3940.724,5050.908,28.9962,0.000,58557.7
3940.724,5051.110,28.9997,0.000,58556.8
3941.224,5051.308,28.9946,0.000,58558.2
3941.224,5051.510,29.0092,0.000,58554.2
3941.724,5051.712,28.9897,0.000,58559.5
3941.725,5051.908,29.0089,0.000,58554.3
3941.725,5052.112,29.0156,0.000,58552.5
3942.224,5052.312,28.9974,0.000,58557.4
3942.224,5052.514,28.9886,0.000,58559.8
3942.724,5052.718,28.9951,0.000,58558.1
3942.724,5052.914,28.9980,0.000,58557.2
3942.724,5053.112,28.9912,0.000,58559.1
3943.224,5053.316,28.9875,0.000,58560.1
3943.224,5053.518,28.9971,0.000,58557.5
3943.724,5053.720,28.9702,0.000,58564.8
3943.724,5053.916,28.9971,0.000,58557.5
3943.724,5054.118,28.9970,0.000,58557.5
3944.224,5054.316,28.9731,0.000,58564.0
3944.224,5054.518,28.9920,0.000,58558.9
3944.724,5054.722,28.9933,0.000,58558.5
3944.724,5054.922,28.9844,0.000,58561.0
3944.724,5055.120,28.9803,0.000,58562.1
3945.224,5055.320,28.9770,0.000,58562.9
3945.224,5055.518,28.9766,0.000,58563.0
3945.724,5055.722,28.9658,0.000,58566.0
3945.724,5055.924,28.9647,0.000,58566.2
3946.224,5056.124,28.9726,0.000,58564.1
3946.224,5056.323,28.9772,0.000,58562.9
3946.224,5056.524,28.9756,0.000,58563.3
3946.724,5056.722,28.9598,0.000,58567.6
3946.724,5056.924,28.9622,0.000,58566.9
3947.224,5057.126,28.9559,0.000,58568.6
3947.224,5057.323,28.9726,0.000,58564.1
3947.224,5057.526,28.9567,0.000,58568.4
3947.724,5057.730,28.9502,0.000,58570.2
3947.724,5057.928,28.9702,0.000,58564.8
3948.223,5058.128,28.9482,0.000,58570.7
3948.224,5058.328,28.9522,0.000,58569.6
3948.224,5058.526,28.9520,0.000,58569.7
3948.724,5058.730,28.9463,0.000,58571.2
3948.724,5058.930,28.9485,0.000,58570.6
3949.224,5059.132,28.9463,0.000,58571.2
3949.224,5059.330,28.9406,0.000,58572.7
3949.224,5059.534,28.9419,0.000,58572.4
3949.724,5059.734,28.9390,0.000,58573.2
3949.724,5059.932,28.9355,0.000,58574.1
3950.224,5060.136,28.9416,0.000,58572.5
3950.224,5060.330,28.9359,0.000,58574.0
3950.224,5060.534,28.9375,0.000,58573.6
3950.724,5060.738,28.9214,0.000,58577.9
3950.724,5060.936,28.9375,0.000,58573.6
3951.224,5061.136,28.9396,0.000,58573.0
3951.224,5061.338,28.9347,0.000,58574.3
3951.224,5061.534,28.9417,0.000,58572.4
3951.724,5061.738,28.9189,0.000,58578.6
3951.724,5061.940,28.9199,0.000,58578.4
3952.224,5062.140,28.9240,0.000,58577.2
3952.224,5062.344,28.9233,0.000,58577.4
3952.224,5062.540,28.9209,0.000,58578.1
3952.724,5062.738,28.9284,0.000,58576.0
3952.724,5062.940,28.9116,0.000,58580.6
3953.224,5063.144,28.9199,0.000,58578.3
3953.224,5063.344,28.9196,0.000,58578.4
3953.224,5063.542,28.9183,0.000,58578.8
3953.724,5063.742,28.9192,0.000,58578.5
3953.724,5063.940,28.9194,0.000,58578.4
3954.224,5064.144,28.9118,0.000,58580.5
3954.224,5064.346,28.8989,0.000,58584.0
3954.224,5064.546,28.9074,0.000,58581.7
3954.724,5064.744,28.8947,0.000,58585.1
3954.724,5064.946,28.8965,0.000,58584.6
3955.224,5065.148,28.8940,0.000,58585.3
3955.224,5065.346,28.9041,0.000,58582.6
3955.224,5065.550,28.9019,0.000,58583.2
3955.724,5065.744,28.8966,0.000,58584.6
3955.724,5065.948,28.8968,0.000,58584.5
3956.224,5066.152,28.8530,0.000,58596.3
3956.224,5066.350,28.8447,0.000,58598.6
3956.224,5066.554,28.8644,0.000,58593.2
3956.724,5066.750,28.8532,0.000,58596.2
3956.724,5066.948,28.8647,0.000,58593.2
3957.224,5067.152,28.8527,0.000,58596.4
3957.224,5067.352,28.8647,0.000,58593.2
3957.224,5067.554,28.8431,0.000,58599.0
3957.724,5067.752,28.8491,0.000,58597.4
3957.724,5067.954,28.8439,0.000,58598.8
3958.224,5068.156,28.8465,0.000,58598.0
3958.224,5068.354,28.8372,0.000,58600.6
3958.224,5068.554,28.8434,0.000,58598.9
3958.724,5068.758,28.8465,0.000,58598.0
3958.724,5068.956,28.8550,0.000,58595.8
3959.224,5069.156,28.8235,0.000,58604.2
3959.224,5069.354,28.8533,0.000,58596.2
3959.224,5069.558,28.8359,0.000,58600.9
3959.724,5069.760,28.8388,0.000,58600.1
3959.724,5069.960,28.8393,0.000,58600.0
3960.224,5070.158,28.8301,0.000,58602.5
3960.224,5070.360,28.8420,0.000,58599.2
3960.224,5070.558,28.8569,0.000,58595.3
3960.724,5070.760,28.8685,0.000,58592.1
3960.724,5070.962,28.8556,0.000,58595.6
3961.224,5071.158,28.8607,0.000,58594.2
3961.224,5071.362,28.8643,0.000,58593.3
3961.224,5071.566,28.8593,0.000,58594.6
3961.724,5071.764,28.8791,0.000,58589.3
3961.724,5071.968,28.8571,0.000,58595.2
3962.224,5072.164,28.8589,0.000,58594.7
3962.224,5072.362,28.8502,0.000,58597.0
3962.224,5072.566,28.8543,0.000,58596.0
3962.724,5072.768,28.8486,0.000,58597.5
3962.724,5072.968,28.8377,0.000,58600.4
3963.224,5073.166,28.8517,0.000,58596.7
3963.224,5073.368,28.8460,0.000,58598.2
3963.224,5073.566,28.8388,0.000,58600.1
3963.724,5073.768,28.8454,0.000,58598.4
3963.724,5073.972,28.8637,0.000,58593.4
3964.224,5074.172,28.8437,0.000,58598.8
3964.224,5074.370,28.8545,0.000,58595.9
3964.224,5074.570,28.8454,0.000,58598.4
3964.724,5074.768,28.8410,0.000,58599.6
3964.724,5074.972,28.8384,0.000,58600.2
3965.224,5075.174,28.8237,0.000,58604.2
3965.224,5075.370,28.8240,0.000,58604.1
3965.224,5075.573,28.8115,0.000,58607.5
3965.724,5075.776,28.8231,0.000,58604.4
3965.725,5075.976,28.8130,0.000,58607.1
3966.224,5076.178,28.7803,0.000,58615.8
3966.225,5076.374,28.7734,0.000,58617.7
3966.225,5076.578,28.7666,0.000,58619.5
3966.724,5076.776,28.7772,0.000,58616.7
3966.725,5076.980,28.7924,0.000,58612.6
3967.224,5077.178,28.7804,0.000,58615.8
3967.224,5077.378,28.7959,0.000,58611.7
3967.225,5077.578,28.7907,0.000,58613.0
3967.724,5077.776,28.7680,0.000,58619.1
3967.724,5077.980,28.7741,0.000,58617.5
3968.224,5078.182,28.7653,0.000,58619.8
3968.224,5078.382,28.7617,0.000,58620.8
3968.224,5078.580,28.7776,0.000,58616.5
3968.724,5078.780,28.7767,0.000,58616.8
3968.724,5078.980,28.7710,0.000,58618.3
3969.224,5079.182,28.7606,0.000,58621.1
3969.224,5079.386,28.7485,0.000,58624.3
3969.224,5079.580,28.7690,0.000,58618.8
3969.724,5079.784,28.7633,0.000,58620.4
3969.724,5079.988,28.7558,0.000,58622.4
3970.224,5080.186,28.7661,0.000,58619.6
3970.224,5080.390,28.7534,0.000,58623.0
3970.224,5080.588,28.7437,0.000,58625.6
3970.724,5080.784,28.7405,0.000,58626.5
3970.724,5080.988,28.7480,0.000,58624.5
3971.224,5081.188,28.7405,0.000,58626.5
3971.224,5081.390,28.7293,0.000,58629.5
3971.224,5081.588,28.7493,0.000,58624.1
3971.724,5081.790,28.7337,0.000,58628.3
3971.724,5081.992,28.7515,0.000,58623.5
3972.224,5082.190,28.7381,0.000,58627.1
3972.224,5082.390,28.7451,0.000,58625.2
3972.224,5082.594,28.7388,0.000,58627.0
3972.724,5082.792,28.7278,0.000,58629.9
3972.724,5082.994,28.7370,0.000,58627.4
3973.224,5083.194,28.7260,0.000,58630.4
3973.224,5083.394,28.7244,0.000,58630.8
3973.224,5083.596,28.7319,0.000,58628.8
3973.724,5083.796,28.7186,0.000,58632.4
3973.724,5083.994,28.7217,0.000,58631.5
3974.224,5084.196,28.7251,0.000,58630.6
3974.224,5084.394,28.7174,0.000,58632.6
3974.224,5084.596,28.7264,0.000,58630.3
3974.724,5084.800,28.7145,0.000,58633.4
3974.724,5085.000,28.7381,0.000,58627.2
3975.224,5085.198,28.7109,0.000,58634.4
3975.224,5085.402,28.7217,0.000,58631.5
3975.224,5085.600,28.7192,0.000,58632.2
3975.724,5085.804,28.7026,0.000,58636.7
3975.725,5086.000,28.7178,0.000,58632.6
3976.224,5086.198,28.7221,0.000,58631.4
3976.224,5086.402,28.7043,0.000,58636.2
3976.224,5086.604,28.6992,0.000,58637.6
3976.724,5086.804,28.7100,0.000,58634.7
3976.724,5087.002,28.7109,0.000,58634.4
3977.224,5087.204,28.6981,0.000,58637.9
3977.224,5087.402,28.7046,0.000,58636.2
3977.224,5087.604,28.7033,0.000,58636.4
3977.724,5087.808,28.6890,0.000,58640.3
3977.725,5088.008,28.6935,0.000,58639.1
3978.224,5088.206,28.7100,0.000,58634.7
3978.224,5088.406,28.6865,0.000,58641.0
3978.224,5088.604,28.7129,0.000,58633.9
3978.724,5088.808,28.7054,0.000,58635.9
3978.724,5089.010,28.7062,0.000,58635.7
3979.224,5089.206,28.7137,0.000,58633.7
3979.225,5089.408,28.6987,0.000,58637.6
3979.225,5089.612,28.7082,0.000,58635.1
3979.724,5089.812,28.7241,0.000,58630.9
3979.725,5090.014,28.7347,0.000,58628.0
3980.224,5090.214,28.7251,0.000,58630.6
3980.224,5090.414,28.7256,0.000,58630.5
3980.224,5090.612,28.7036,0.000,58636.4
3980.724,5090.812,28.7152,0.000,58633.3
3980.724,5091.014,28.7173,0.000,58632.7
3981.223,5091.214,28.7021,0.000,58636.8
3981.224,5091.414,28.7033,0.000,58636.4
3981.224,5091.612,28.7259,0.000,58630.4
3981.724,5091.816,28.7158,0.000,58633.1
3981.724,5092.018,28.7435,0.000,58625.7
3982.224,5092.218,28.7171,0.000,58632.8
3982.224,5092.416,28.7114,0.000,58634.3
3982.224,5092.618,28.7072,0.000,58635.4
3982.724,5092.816,28.6971,0.000,58638.1
3982.724,5093.018,28.6999,0.000,58637.4
3983.224,5093.222,28.7098,0.000,58634.7
3983.224,5093.416,28.6971,0.000,58638.1
3983.224,5093.620,28.7005,0.000,58637.2
3983.724,5093.823,28.7156,0.000,58633.1
3983.724,5094.022,28.7033,0.000,58636.4
3984.224,5094.222,28.7147,0.000,58633.4
3984.224,5094.424,28.7003,0.000,58637.2
3984.724,5094.620,28.7034,0.000,58636.4
3984.724,5094.823,28.6992,0.000,58637.5
3984.724,5095.026,28.6929,0.000,58639.2
3985.224,5095.226,28.6992,0.000,58637.6
3985.224,5095.428,28.6909,0.000,58639.7
3985.724,5095.626,28.6797,0.000,58642.8
3985.724,5095.823,28.6855,0.000,58641.2
3985.724,5096.026,28.6875,0.000,58640.7
3986.224,5096.226,28.6844,0.000,58641.5
3986.224,5096.428,28.6870,0.000,58640.8
3986.724,5096.628,28.6836,0.000,58641.7
3986.724,5096.828,28.6789,0.000,58643.0
3986.724,5097.030,28.6740,0.000,58644.3
3987.224,5097.230,28.6802,0.000,58642.6
3987.225,5097.430,28.6787,0.000,58643.1
3987.724,5097.632,28.6769,0.000,58643.5
3987.724,5097.828,28.6598,0.000,58648.1
3987.725,5098.030,28.6681,0.000,58645.9
3988.224,5098.230,28.6592,0.000,58648.3
3988.224,5098.432,28.6673,0.000,58646.1
3988.724,5098.636,28.6735,0.000,58644.4
3988.724,5098.836,28.6658,0.000,58646.5
3988.724,5099.034,28.6743,0.000,58644.2
3989.224,5099.234,28.6645,0.000,58646.8
3989.224,5099.432,28.6624,0.000,58647.4
3989.724,5099.636,28.6468,0.000,58651.6
3989.724,5099.836,28.6436,0.000,58652.4
3989.724,5100.034,28.6681,0.000,58645.9
3990.223,5100.238,28.6479,0.000,58651.2
3990.224,5100.440,28.6667,0.000,58646.2
3990.724,5100.640,28.6494,0.000,58650.8
3990.724,5100.844,28.6432,0.000,58652.5
3990.724,5101.040,28.6501,0.000,58650.7
3991.224,5101.238,28.6567,0.000,58648.9
3991.224,5101.440,28.6452,0.000,58652.0
3991.724,5101.644,28.6357,0.000,58654.5
3991.724,5101.844,28.6427,0.000,58652.7
3991.724,5102.042,28.6494,0.000,58650.9
3992.224,5102.242,28.6390,0.000,58653.7
3992.224,5102.440,28.6279,0.000,58656.6
3992.723,5102.644,28.6357,0.000,58654.5
3992.724,5102.846,28.6284,0.000,58656.5
3992.724,5103.046,28.6338,0.000,58655.1
3993.223,5103.244,28.6323,0.000,58655.4
3993.224,5103.446,28.6299,0.000,58656.1
3993.723,5103.644,28.6533,0.000,58649.8
3993.723,5103.846,28.6247,0.000,58657.4
3993.724,5104.050,28.6279,0.000,58656.6
3994.223,5104.244,28.6196,0.000,58658.8
3994.224,5104.448,28.6173,0.000,58659.4
3994.723,5104.652,28.6128,0.000,58660.6
3994.723,5104.850,28.6224,0.000,58658.1
3994.723,5105.054,28.6125,0.000,58660.7
3995.224,5105.250,28.6196,0.000,58658.8
3995.224,5105.448,28.6138,0.000,58660.4
3995.724,5105.652,28.6167,0.000,58659.6
3995.724,5105.852,28.6175,0.000,58659.4
3995.724,5106.054,28.6092,0.000,58661.6
3996.224,5106.252,28.6342,0.000,58654.9
3996.224,5106.454,28.6089,0.000,58661.7
3996.723,5106.656,28.6211,0.000,58658.5
3996.724,5106.854,28.6108,0.000,58661.2
3996.724,5107.054,28.6079,0.000,58661.9
3997.224,5107.258,28.5942,0.000,58665.6
3997.224,5107.456,28.6132,0.000,58660.5
3997.724,5107.656,28.6064,0.000,58662.3
3997.724,5107.854,28.6089,0.000,58661.7
3997.724,5108.058,28.6149,0.000,58660.1
3998.224,5108.260,28.6188,0.000,58659.0
3998.224,5108.460,28.6077,0.000,58662.0
3998.724,5108.658,28.6024,0.000,58663.5
3998.724,5108.860,28.6147,0.000,58660.1
3998.724,5109.058,28.6084,0.000,58661.8
3999.223,5109.264,28.6084,0.000,58661.8
3999.224,5109.464,28.6059,0.000,58662.5
3999.724,5109.658,28.5926,0.000,58666.0
3999.724,5109.862,28.5846,0.000,58668.1
3999.724,5110.066,28.5962,0.000,58665.1
4000.224,5110.264,28.6056,0.000,58662.6
4000.224,5110.464,28.5911,0.000,58666.4
4000.724,5110.664,28.5983,0.000,58664.5
4000.724,5110.862,28.5880,0.000,58667.2
4000.724,5111.066,28.5825,0.000,58668.7
4001.224,5111.268,28.5903,0.000,58666.6
4001.224,5111.468,28.5970,0.000,58664.8
4001.724,5111.666,28.6054,0.000,58662.6
4001.724,5111.868,28.5801,0.000,58669.4
4001.724,5112.066,28.5905,0.000,58666.6
4002.224,5112.268,28.5859,0.000,58667.8
4002.224,5112.472,28.5924,0.000,58666.1
4002.724,5112.666,28.5783,0.000,58669.9
4002.724,5112.870,28.5742,0.000,58670.9
4002.724,5113.073,28.5830,0.000,58668.6
4003.224,5113.272,28.5558,0.000,58675.8
4003.224,5113.472,28.5823,0.000,58668.7
4003.724,5113.674,28.5724,0.000,58671.4
4003.724,5113.870,28.5718,0.000,58671.6
4003.724,5114.073,28.5762,0.000,58670.4
4004.224,5114.274,28.5667,0.000,58672.9
4004.224,5114.472,28.5649,0.000,58673.4
4004.724,5114.674,28.5641,0.000,58673.6
4004.724,5114.876,28.5649,0.000,58673.4
4004.724,5115.078,28.5690,0.000,58672.3
4005.224,5115.276,28.5633,0.000,58673.8
4005.224,5115.476,28.5623,0.000,58674.1
4005.724,5115.678,28.5672,0.000,58672.8
4005.724,5115.882,28.5517,0.000,58676.9
4005.724,5116.078,28.5566,0.000,58675.6
4006.224,5116.276,28.5552,0.000,58676.0
4006.224,5116.480,28.5635,0.000,58673.8
4006.724,5116.682,28.5594,0.000,58674.9
4006.724,5116.882,28.5454,0.000,58678.6
4006.724,5117.080,28.5586,0.000,58675.1
4007.224,5117.280,28.5640,0.000,58673.6
4007.224,5117.480,28.5436,0.000,58679.1
4007.724,5117.682,28.5618,0.000,58674.2
4007.724,5117.886,28.5601,0.000,58674.7
4007.724,5118.086,28.5612,0.000,58674.4
4008.224,5118.284,28.5311,0.000,58682.5
4008.224,5118.484,28.5338,0.000,58681.7
4008.724,5118.682,28.5356,0.000,58681.2
4008.724,5118.890,28.5395,0.000,58680.2
4008.724,5119.088,28.5325,0.000,58682.1
4009.224,5119.284,28.5495,0.000,58677.5
4009.224,5119.488,28.5338,0.000,58681.7
4009.724,5119.690,28.5386,0.000,58680.4
4009.724,5119.890,28.5301,0.000,58682.7
4009.724,5120.094,28.5180,0.000,58685.9
4010.223,5120.290,28.5366,0.000,58680.9
4010.224,5120.488,28.5524,0.000,58676.7
4010.724,5120.690,28.5473,0.000,58678.1
4010.724,5120.890,28.5399,0.000,58680.1
4010.724,5121.094,28.5312,0.000,58682.4
4011.224,5121.292,28.5355,0.000,58681.3
4011.224,5121.494,28.5285,0.000,58683.1
4011.724,5121.694,28.5302,0.000,58682.6
4011.724,5121.894,28.5460,0.000,58678.5
4011.724,5122.096,28.5312,0.000,58682.4
4012.224,5122.296,28.5272,0.000,58683.5
4012.224,5122.494,28.5223,0.000,58684.8
4012.724,5122.696,28.5251,0.000,58684.0
4012.724,5122.894,28.5247,0.000,58684.1
4012.724,5123.096,28.5403,0.000,58679.9
4013.223,5123.300,28.5218,0.000,58684.9
4013.224,5123.500,28.5101,0.000,58688.0
4013.724,5123.698,28.5122,0.000,58687.5
4013.724,5123.902,28.5190,0.000,58685.6
4013.724,5124.100,28.5027,0.000,58690.0
4014.224,5124.304,28.5190,0.000,58685.6
4014.224,5124.500,28.5247,0.000,58684.1
4014.723,5124.698,28.5005,0.000,58690.6
4014.724,5124.902,28.5169,0.000,58686.2
4014.724,5125.102,28.5210,0.000,58685.1
4015.223,5125.304,28.5195,0.000,58685.5
4015.224,5125.502,28.5156,0.000,58686.6
4015.723,5125.704,28.4941,0.000,58692.2
4015.724,5125.906,28.5044,0.000,58689.6
4015.724,5126.104,28.5058,0.000,58689.2
4016.223,5126.308,28.5054,0.000,58689.2
4016.224,5126.508,28.4977,0.000,58691.3
4016.724,5126.706,28.5031,0.000,58689.9
4016.724,5126.906,28.4795,0.000,58696.2
4016.724,5127.104,28.4933,0.000,58692.5
4017.224,5127.308,28.4944,0.000,58692.2
4017.224,5127.510,28.4891,0.000,58693.6
4017.724,5127.706,28.5045,0.000,58689.5
4017.724,5127.908,28.4884,0.000,58693.8
4017.724,5128.112,28.4896,0.000,58693.5
4018.224,5128.312,28.4782,0.000,58696.5
4018.224,5128.514,28.4863,0.000,58694.3
4018.724,5128.714,28.4951,0.000,58692.0
4018.724,5128.914,28.4970,0.000,58691.5
4018.724,5129.112,28.4764,0.000,58697.0
4019.224,5129.312,28.4834,0.000,58695.1
4019.224,5129.514,28.4770,0.000,58696.8
4019.723,5129.714,28.4754,0.000,58697.2
4019.724,5129.914,28.4728,0.000,58697.9
4019.724,5130.112,28.4992,0.000,58690.9
4020.224,5130.316,28.4656,0.000,58699.8
4020.224,5130.518,28.4640,0.000,58700.3
4020.724,5130.718,28.4845,0.000,58694.8
4020.724,5130.916,28.4543,0.000,58702.8
4020.724,5131.118,28.4733,0.000,58697.8
4021.223,5131.316,28.4575,0.000,58702.0
4021.224,5131.518,28.4593,0.000,58701.5
4021.723,5131.722,28.4712,0.000,58698.4
4021.724,5131.922,28.4663,0.000,58699.6
4021.724,5132.120,28.4674,0.000,58699.3
4022.224,5132.320,28.4609,0.000,58701.1
4022.224,5132.518,28.4409,0.000,58706.4
4022.724,5132.722,28.4368,0.000,58707.5
4022.724,5132.924,28.4517,0.000,58703.6
4023.224,5133.120,28.4380,0.000,58707.2
4023.224,5133.323,28.4274,0.000,58710.0
4023.224,5133.526,28.4438,0.000,58705.6
4023.724,5133.726,28.4396,0.000,58706.8
4023.724,5133.928,28.4585,0.000,58701.7
4024.223,5134.126,28.4604,0.000,58701.2
4024.224,5134.323,28.4536,0.000,58703.1
4024.224,5134.526,28.4612,0.000,58701.0
4024.723,5134.730,28.4472,0.000,58704.8
4024.724,5134.930,28.4606,0.000,58701.2
4025.224,5135.128,28.4445,0.000,58705.4
4025.224,5135.328,28.4539,0.000,58702.9
4025.224,5135.526,28.4354,0.000,58707.9
4025.724,5135.730,28.4351,0.000,58708.0
4025.724,5135.932,28.4518,0.000,58703.5
4026.223,5136.132,28.4460,0.000,58705.1
4026.224,5136.330,28.4539,0.000,58702.9
4026.224,5136.530,28.4393,0.000,58706.8
4026.724,5136.730,28.4443,0.000,58705.5
4026.724,5136.932,28.4523,0.000,58703.4
4027.223,5137.136,28.4248,0.000,58710.7
4027.224,5137.336,28.4468,0.000,58704.8
4027.224,5137.534,28.4485,0.000,58704.4
4027.723,5137.734,28.4298,0.000,58709.3
4027.724,5137.932,28.4396,0.000,58706.8
4028.224,5138.136,28.4179,0.000,58712.5
4028.224,5138.336,28.4355,0.000,58707.8
4028.224,5138.534,28.4217,0.000,58711.5
4028.723,5138.738,28.4233,0.000,58711.1
4028.724,5138.938,28.4302,0.000,58709.2
4029.224,5139.140,28.4235,0.000,58711.0
4029.224,5139.338,28.4142,0.000,58713.5
4029.224,5139.540,28.4240,0.000,58710.9
4029.723,5139.742,28.4100,0.000,58714.6
4029.724,5139.940,28.4191,0.000,58712.2
4030.223,5140.144,28.4085,0.000,58715.0
4030.223,5140.344,28.4105,0.000,58714.5
4030.224,5140.542,28.4274,0.000,58710.0
4030.723,5140.742,28.4220,0.000,58711.4
4030.724,5140.940,28.4238,0.000,58711.0
4031.223,5141.144,28.4235,0.000,58711.0
4031.224,5141.346,28.4067,0.000,58715.5
4031.224,5141.546,28.4222,0.000,58711.4
4031.724,5141.744,28.4043,0.000,58716.1
4031.724,5141.946,28.4183,0.000,58712.4
4032.223,5142.148,28.4009,0.000,58717.0
4032.224,5142.346,28.4201,0.000,58711.9
4032.224,5142.550,28.4001,0.000,58717.2
4032.724,5142.744,28.4054,0.000,58715.8
4032.724,5142.948,28.3934,0.000,58719.0
4033.224,5143.152,28.3939,0.000,58718.9
4033.224,5143.350,28.3952,0.000,58718.5
4033.224,5143.554,28.3880,0.000,58720.5
4033.724,5143.750,28.3893,0.000,58720.1
4033.724,5143.948,28.3890,0.000,58720.2
4034.224,5144.152,28.3901,0.000,58719.9
4034.224,5144.352,28.3820,0.000,58722.1
4034.224,5144.554,28.3980,0.000,58717.8
4034.724,5144.752,28.3857,0.000,58721.0
4034.724,5144.954,28.3838,0.000,58721.6
4035.224,5145.156,28.3752,0.000,58723.8
4035.224,5145.354,28.3786,0.000,58722.9
4035.224,5145.554,28.3662,0.000,58726.2
4035.723,5145.758,28.3586,0.000,58728.2
4035.724,5145.956,28.3522,0.000,58729.9
4036.224,5146.156,28.3483,0.000,58731.0
4036.225,5146.354,28.3452,0.000,58731.8
4036.225,5146.558,28.3394,0.000,58733.3
4036.724,5146.760,28.3584,0.000,58728.4
4036.724,5146.960,28.3568,0.000,58728.8
4037.224,5147.158,28.3345,0.000,58734.6
4037.224,5147.360,28.3509,0.000,58730.3
4037.224,5147.558,28.3400,0.000,58733.2
4037.723,5147.760,28.3343,0.000,58734.7
4037.724,5147.962,28.3312,0.000,58735.5
4038.224,5148.158,28.3511,0.000,58730.2
4038.224,5148.362,28.3428,0.000,58732.4
4038.224,5148.566,28.3506,0.000,58730.4
4038.724,5148.764,28.3359,0.000,58734.2
4038.725,5148.968,28.3354,0.000,58734.4
4039.224,5149.164,28.3383,0.000,58733.6
4039.224,5149.362,28.3423,0.000,58732.6
4039.224,5149.566,28.3406,0.000,58733.0
4039.723,5149.768,28.3400,0.000,58733.2
4039.724,5149.968,28.3217,0.000,58738.0
4040.224,5150.166,28.3335,0.000,58734.9
4040.225,5150.368,28.3403,0.000,58733.1
4040.225,5150.570,28.3214,0.000,58738.1
4040.724,5150.768,28.3296,0.000,58735.9
4040.724,5150.972,28.3356,0.000,58734.4
4041.223,5151.166,28.3447,0.000,58732.0
4041.224,5151.370,28.3299,0.000,58735.9
4041.224,5151.573,28.3231,0.000,58737.6
4041.723,5151.772,28.3083,0.000,58741.6
4041.724,5151.972,28.3134,0.000,58740.2
4042.224,5152.174,28.3237,0.000,58737.5
4042.224,5152.370,28.3208,0.000,58738.3
4042.224,5152.573,28.3149,0.000,58739.8
4042.724,5152.776,28.3167,0.000,58739.4
4042.724,5152.976,28.3076,0.000,58741.8
4043.223,5153.178,28.3068,0.000,58742.0
4043.224,5153.374,28.3112,0.000,58740.8
4043.224,5153.573,28.3127,0.000,58740.4
4043.724,5153.776,28.3122,0.000,58740.5
4043.724,5153.976,28.3081,0.000,58741.6
4044.223,5154.178,28.3095,0.000,58741.2
4044.224,5154.378,28.3009,0.000,58743.5
4044.224,5154.578,28.3122,0.000,58740.6
4044.724,5154.776,28.3034,0.000,58742.9
4044.724,5154.980,28.2886,0.000,58746.8
4045.223,5155.182,28.2879,0.000,58747.0
4045.224,5155.382,28.2962,0.000,58744.8
4045.224,5155.580,28.2891,0.000,58746.6
4045.723,5155.780,28.3027,0.000,58743.0
4045.724,5155.980,28.2957,0.000,58744.9
4046.223,5156.182,28.2822,0.000,58748.5
4046.224,5156.386,28.3029,0.000,58743.0
4046.224,5156.586,28.2772,0.000,58749.8
4046.724,5156.784,28.2967,0.000,58744.7
4046.724,5156.984,28.2871,0.000,58747.1
4047.223,5157.186,28.2809,0.000,58748.8
4047.224,5157.390,28.3017,0.000,58743.3
4047.224,5157.588,28.3042,0.000,58742.7
4047.723,5157.784,28.2896,0.000,58746.5
4047.724,5157.988,28.2923,0.000,58745.8
4048.224,5158.190,28.2822,0.000,58748.5
4048.224,5158.390,28.2933,0.000,58745.6
4048.224,5158.594,28.2980,0.000,58744.3
4048.724,5158.790,28.2990,0.000,58744.0
4048.724,5158.988,28.3039,0.000,58742.7
4049.223,5159.190,28.2884,0.000,58746.8
4049.224,5159.390,28.2733,0.000,58750.8
4049.224,5159.588,28.2855,0.000,58747.6
4049.723,5159.792,28.2791,0.000,58749.3
4049.723,5159.994,28.2628,0.000,58753.6
4050.223,5160.194,28.2824,0.000,58748.4
4050.224,5160.394,28.2718,0.000,58751.2
4050.224,5160.596,28.2759,0.000,58750.1
4050.723,5160.792,28.2747,0.000,58750.5
4050.724,5160.994,28.2664,0.000,58752.6
4051.223,5161.196,28.2793,0.000,58749.3
4051.224,5161.394,28.2583,0.000,58754.8
4051.224,5161.596,28.2646,0.000,58753.1
4051.723,5161.800,28.2622,0.000,58753.8
4051.723,5162.000,28.2568,0.000,58755.2
4052.223,5162.198,28.2591,0.000,58754.6
4052.224,5162.398,28.2622,0.000,58753.8
4052.224,5162.596,28.2861,0.000,58747.4
4052.723,5162.800,28.2866,0.000,58747.3
4052.723,5163.000,28.2855,0.000,58747.6
4053.224,5163.202,28.2947,0.000,58745.1
4053.224,5163.402,28.2809,0.000,58748.8
4053.224,5163.602,28.2739,0.000,58750.6
4053.723,5163.804,28.2598,0.000,58754.4
4053.724,5164.002,28.2845,0.000,58747.8
4054.223,5164.204,28.2861,0.000,58747.4
4054.223,5164.402,28.2798,0.000,58749.1
4054.224,5164.604,28.2812,0.000,58748.7
4054.723,5164.808,28.2668,0.000,58752.6
4054.723,5165.008,28.2749,0.000,58750.4
4055.223,5165.206,28.2695,0.000,58751.8
4055.223,5165.406,28.2601,0.000,58754.3
4055.223,5165.608,28.2710,0.000,58751.5
4055.723,5165.808,28.2721,0.000,58751.1
4055.723,5166.010,28.2624,0.000,58753.7
4056.223,5166.206,28.2599,0.000,58754.4
4056.224,5166.408,28.2642,0.000,58753.2
4056.224,5166.612,28.2594,0.000,58754.5
4056.723,5166.812,28.2544,0.000,58755.8
4056.723,5167.014,28.2552,0.000,58755.6
4057.223,5167.214,28.2568,0.000,58755.2
4057.224,5167.408,28.2554,0.000,58755.6
4057.224,5167.612,28.2560,0.000,58755.4
4057.723,5167.812,28.2529,0.000,58756.2
4057.723,5168.014,28.2384,0.000,58760.0
4058.223,5168.214,28.2637,0.000,58753.4
4058.224,5168.414,28.2633,0.000,58753.5
4058.224,5168.616,28.2550,0.000,58755.6
4058.723,5168.816,28.2529,0.000,58756.2
4058.724,5169.016,28.2516,0.000,58756.6
4059.224,5169.218,28.2290,0.000,58762.5
4059.224,5169.416,28.2633,0.000,58753.5
4059.224,5169.618,28.2435,0.000,58758.7
4059.724,5169.816,28.2350,0.000,58760.9
4059.724,5170.018,28.2303,0.000,58762.2
4060.223,5170.222,28.2352,0.000,58760.9
4060.223,5170.422,28.2278,0.000,58762.8
4060.223,5170.620,28.2275,0.000,58763.0
4060.723,5170.820,28.2361,0.000,58760.7
4060.723,5171.018,28.2264,0.000,58763.2
4061.224,5171.222,28.2285,0.000,58762.7
4061.224,5171.422,28.2592,0.000,58754.6
4061.224,5171.620,28.2239,0.000,58763.9
4061.723,5171.823,28.2415,0.000,58759.2
4061.724,5172.026,28.2329,0.000,58761.5
4062.223,5172.226,28.2231,0.000,58764.1
4062.223,5172.428,28.2270,0.000,58763.0
4062.723,5172.626,28.2262,0.000,58763.3
4062.724,5172.823,28.2202,0.000,58764.9
4062.724,5173.026,28.2111,0.000,58767.3
4063.223,5173.230,28.2098,0.000,58767.6
4063.224,5173.428,28.1994,0.000,58770.4
4063.723,5173.628,28.2124,0.000,58766.9
4063.724,5173.828,28.2243,0.000,58763.8
4063.724,5174.026,28.2111,0.000,58767.3
4064.223,5174.230,28.2212,0.000,58764.6
4064.224,5174.432,28.2202,0.000,58764.8
4064.724,5174.632,28.2112,0.000,58767.2
4064.724,5174.830,28.2161,0.000,58765.9
4064.724,5175.030,28.2161,0.000,58765.9
4065.224,5175.230,28.2117,0.000,58767.1
4065.225,5175.432,28.2212,0.000,58764.6
4065.723,5175.636,28.1966,0.000,58771.1
4065.724,5175.836,28.1990,0.000,58770.5
4065.724,5176.034,28.2093,0.000,58767.8
4066.223,5176.238,28.1948,0.000,58771.5
4066.224,5176.436,28.2029,0.000,58769.4
4066.723,5176.640,28.2043,0.000,58769.1
4066.724,5176.838,28.1924,0.000,58772.2
4066.724,5177.034,28.1950,0.000,58771.5
4067.223,5177.238,28.1995,0.000,58770.3
4067.224,5177.440,28.1979,0.000,58770.7
4067.724,5177.640,28.1912,0.000,58772.5
4067.724,5177.844,28.1798,0.000,58775.5
4067.724,5178.040,28.1782,0.000,58775.9
4068.223,5178.238,28.1948,0.000,58771.6
4068.224,5178.440,28.1834,0.000,58774.6
4068.724,5178.644,28.1963,0.000,58771.2
4068.724,5178.844,28.1865,0.000,58773.7
4068.724,5179.042,28.1816,0.000,58775.0
4069.224,5179.242,28.1863,0.000,58773.8
4069.224,5179.444,28.1803,0.000,58775.4
4069.724,5179.644,28.1833,0.000,58774.6
4069.725,5179.846,28.2052,0.000,58768.8
4069.725,5180.042,28.1933,0.000,58772.0
4070.224,5180.244,28.1911,0.000,58772.6
4070.225,5180.448,28.1955,0.000,58771.4
4070.724,5180.648,28.1958,0.000,58771.3
4070.725,5180.846,28.1877,0.000,58773.4
4070.725,5181.050,28.1982,0.000,58770.7
4071.224,5181.250,28.1989,0.000,58770.5
4071.224,5181.448,28.2022,0.000,58769.6
4071.724,5181.648,28.1896,0.000,58772.9
4071.724,5181.846,28.1821,0.000,58774.9
4071.724,5182.050,28.1806,0.000,58775.3
4072.224,5182.250,28.1870,0.000,58773.6
4072.224,5182.452,28.1862,0.000,58773.8
4072.724,5182.652,28.1925,0.000,58772.1
4072.724,5182.852,28.1823,0.000,58774.9
4072.724,5183.054,28.1995,0.000,58770.3
4073.223,5183.252,28.1720,0.000,58777.6
4073.224,5183.454,28.1753,0.000,58776.7
4073.723,5183.652,28.1877,0.000,58773.4
4073.723,5183.854,28.1782,0.000,58776.0
4073.723,5184.058,28.1725,0.000,58777.4
4074.223,5184.258,28.1803,0.000,58775.4
4074.224,5184.456,28.1667,0.000,58779.0
4074.723,5184.656,28.1748,0.000,58776.8
4074.724,5184.854,28.1797,0.000,58775.5
4074.724,5185.058,28.1738,0.000,58777.1
4075.223,5185.260,28.1580,0.000,58781.2
4075.223,5185.456,28.1567,0.000,58781.6
4075.723,5185.658,28.1753,0.000,58776.7
4075.724,5185.862,28.1746,0.000,58776.9
4075.724,5186.062,28.1593,0.000,58780.9
4076.223,5186.264,28.1562,0.000,58781.7
4076.224,5186.464,28.1611,0.000,58780.4
4076.723,5186.658,28.1551,0.000,58782.1
4076.724,5186.862,28.1667,0.000,58779.0
4076.724,5187.066,28.1660,0.000,58779.1
4077.223,5187.264,28.1709,0.000,58777.9
4077.223,5187.464,28.1596,0.000,58780.8
4077.723,5187.664,28.1579,0.000,58781.3
4077.723,5187.862,28.1628,0.000,58780.0
4077.723,5188.066,28.1512,0.000,58783.1
4078.223,5188.268,28.1718,0.000,58777.6
4078.223,5188.468,28.1489,0.000,58783.7
4078.723,5188.666,28.1624,0.000,58780.1
4078.723,5188.868,28.1587,0.000,58781.1
4078.724,5189.070,28.1536,0.000,58782.4
4079.223,5189.268,28.1647,0.000,58779.5
4079.223,5189.472,28.1574,0.000,58781.4
4079.723,5189.666,28.1514,0.000,58783.0
4079.724,5189.870,28.1418,0.000,58785.6
4079.724,5190.073,28.1377,0.000,58786.6
4080.223,5190.272,28.1335,0.000,58787.7
4080.223,5190.472,28.1562,0.000,58781.8
4080.723,5190.674,28.1427,0.000,58785.3
4080.723,5190.870,28.1328,0.000,58787.9
4080.723,5191.073,28.1305,0.000,58788.5
4081.223,5191.274,28.1577,0.000,58781.3
4081.224,5191.472,28.1308,0.000,58788.5
4081.724,5191.674,28.1351,0.000,58787.3
4081.725,5191.876,28.1468,0.000,58784.2
4081.725,5192.078,28.1432,0.000,58785.2
4082.223,5192.276,28.1137,0.000,58792.9
4082.224,5192.476,28.1523,0.000,58782.8
4082.724,5192.678,28.1403,0.000,58785.9
4082.725,5192.878,28.1330,0.000,58787.9
4082.725,5193.078,28.1357,0.000,58787.2
4083.224,5193.276,28.1408,0.000,58785.8
4083.224,5193.480,28.1375,0.000,58786.7
4083.724,5193.682,28.1196,0.000,58791.4
4083.725,5193.882,28.1312,0.000,58788.4
4083.725,5194.080,28.1245,0.000,58790.1
4084.224,5194.280,28.1181,0.000,58791.8
4084.225,5194.480,28.1266,0.000,58789.5
4084.723,5194.682,28.1222,0.000,58790.7
4084.724,5194.886,28.1194,0.000,58791.4
4084.724,5195.086,28.1167,0.000,58792.2
4085.223,5195.284,28.1152,0.000,58792.6
4085.223,5195.488,28.1054,0.000,58795.1
4085.723,5195.686,28.1118,0.000,58793.4
4085.723,5195.890,28.1279,0.000,58789.2
4085.724,5196.088,28.1125,0.000,58793.3
4086.223,5196.284,28.1196,0.000,58791.4
4086.223,5196.488,28.1217,0.000,58790.8
4086.723,5196.690,28.0994,0.000,58796.7
4086.724,5196.890,28.1154,0.000,58792.5
4086.724,5197.094,28.1056,0.000,58795.1
4087.223,5197.290,28.1152,0.000,58792.6
4087.223,5197.488,28.1035,0.000,58795.6
4087.723,5197.690,28.1125,0.000,58793.2
4087.723,5197.894,28.0983,0.000,58797.0
4087.724,5198.094,28.0929,0.000,58798.4
4088.223,5198.292,28.0849,0.000,58800.5
4088.223,5198.492,28.0983,0.000,58797.0
4088.723,5198.690,28.1138,0.000,58792.9
4088.723,5198.894,28.1028,0.000,58795.8
4088.723,5199.096,28.0933,0.000,58798.3
4089.223,5199.296,28.0984,0.000,58797.0
4089.223,5199.494,28.0945,0.000,58798.0
4089.723,5199.696,28.0781,0.000,58802.3
4089.723,5199.894,28.0820,0.000,58801.2
4089.723,5200.096,28.0927,0.000,58798.5
4090.223,5200.300,28.0849,0.000,58800.5
4090.223,5200.494,28.0991,0.000,58796.8
4090.723,5200.698,28.0947,0.000,58797.9
4090.723,5200.902,28.0918,0.000,58798.7
4090.723,5201.100,28.0717,0.000,58804.0
4091.223,5201.304,28.0853,0.000,58800.4
4091.224,5201.500,28.0864,0.000,58800.1
4091.723,5201.702,28.0918,0.000,58798.8
4091.723,5201.902,28.0825,0.000,58801.1
4091.723,5202.104,28.0894,0.000,58799.3
4092.223,5202.304,28.0903,0.000,58799.1
4092.223,5202.502,28.0908,0.000,58798.9
4092.723,5202.704,28.0830,0.000,58801.1
4092.723,5202.902,28.0703,0.000,58804.4
4092.724,5203.104,28.0718,0.000,58803.9
4093.223,5203.304,28.0944,0.000,58798.0
4093.223,5203.508,28.0879,0.000,58799.7
4093.723,5203.706,28.0773,0.000,58802.5
4093.724,5203.908,28.0667,0.000,58805.3
4093.724,5204.108,28.0724,0.000,58803.8
4094.223,5204.308,28.0678,0.000,58805.0
4094.223,5204.510,28.0652,0.000,58805.7
4094.723,5204.710,28.0732,0.000,58803.6
4094.723,5204.908,28.0807,0.000,58801.6
4094.724,5205.112,28.0688,0.000,58804.7
4095.223,5205.312,28.0583,0.000,58807.5
4095.223,5205.514,28.0693,0.000,58804.6
4095.723,5205.714,28.0551,0.000,58808.4
4095.723,5205.908,28.0859,0.000,58800.2
4095.723,5206.112,28.0752,0.000,58803.1
4096.223,5206.312,28.0739,0.000,58803.4
4096.223,5206.514,28.0744,0.000,58803.3
4096.723,5206.714,28.0576,0.000,58807.7
4096.723,5206.914,28.0613,0.000,58806.7
4096.723,5207.116,28.0584,0.000,58807.5
4097.223,5207.316,28.0400,0.000,58812.3
4097.223,5207.516,28.0589,0.000,58807.4
4097.724,5207.718,28.0537,0.000,58808.7
4097.724,5207.914,28.0659,0.000,58805.5
4097.724,5208.118,28.0599,0.000,58807.1
4098.224,5208.316,28.0566,0.000,58808.0
4098.225,5208.518,28.0579,0.000,58807.6
4098.724,5208.722,28.0472,0.000,58810.4
4098.724,5208.922,28.0470,0.000,58810.5
4098.725,5209.120,28.0591,0.000,58807.3
4099.224,5209.320,28.0723,0.000,58803.8
4099.225,5209.518,28.0551,0.000,58808.4
4099.724,5209.722,28.0589,0.000,58807.4
4099.725,5209.924,28.0498,0.000,58809.7
4099.725,5210.120,28.0518,0.000,58809.2
4100.224,5210.323,28.0506,0.000,58809.5
4100.225,5210.526,28.0687,0.000,58804.8
4100.724,5210.726,28.0504,0.000,58809.6
4100.724,5210.928,28.0431,0.000,58811.5
4101.224,5211.124,28.0584,0.000,58807.5
4101.225,5211.328,28.0495,0.000,58809.8
4101.225,5211.526,28.0364,0.000,58813.2
4101.724,5211.726,28.0415,0.000,58811.9
4101.725,5211.928,28.0382,0.000,58812.8
4102.224,5212.128,28.0518,0.000,58809.2
4102.224,5212.328,28.0454,0.000,58810.9
4102.224,5212.526,28.0403,0.000,58812.2
4102.724,5212.730,28.0230,0.000,58816.8
4102.725,5212.932,28.0373,0.000,58813.1
4103.224,5213.132,28.0467,0.000,58810.6
4103.225,5213.330,28.0361,0.000,58813.3
4103.225,5213.530,28.0272,0.000,58815.7
4103.724,5213.730,28.0403,0.000,58812.2
4103.725,5213.932,28.0244,0.000,58816.4
4104.224,5214.136,28.0334,0.000,58814.1
4104.225,5214.336,28.0399,0.000,58812.4
4104.225,5214.534,28.0324,0.000,58814.3
4104.724,5214.734,28.0358,0.000,58813.4
4104.725,5214.936,28.0435,0.000,58811.4
4105.224,5215.140,28.0193,0.000,58817.7
4105.225,5215.338,28.0410,0.000,58812.1
4105.225,5215.534,28.0280,0.000,58815.5
4105.724,5215.738,28.0228,0.000,58816.9
4105.725,5215.940,28.0275,0.000,58815.6
4106.224,5216.140,28.0407,0.000,58812.1
4106.225,5216.344,28.0216,0.000,58817.1
4106.225,5216.540,28.0272,0.000,58815.7
4106.724,5216.738,28.0213,0.000,58817.2
4106.725,5216.940,28.0254,0.000,58816.1
4107.224,5217.144,28.0138,0.000,58819.2
4107.225,5217.344,28.0169,0.000,58818.4
4107.225,5217.542,28.0241,0.000,58816.5
4107.724,5217.742,28.0503,0.000,58809.6
4107.725,5217.940,28.0262,0.000,58816.0
4108.224,5218.144,28.0281,0.000,58815.4
4108.225,5218.346,28.0501,0.000,58809.7
4108.225,5218.546,28.0186,0.000,58818.0
4108.724,5218.744,28.0203,0.000,58817.5
4108.724,5218.946,27.9974,0.000,58823.5
4109.224,5219.148,28.0031,0.000,58822.0
4109.224,5219.346,28.0065,0.000,58821.1
4109.224,5219.550,28.0049,0.000,58821.6
4109.724,5219.744,28.0107,0.000,58820.0
4109.724,5219.948,28.0106,0.000,58820.0
4110.224,5220.152,28.0018,0.000,58822.4
4110.224,5220.350,28.0013,0.000,58822.5
4110.225,5220.554,27.9964,0.000,58823.8
4110.724,5220.750,27.9977,0.000,58823.4
4110.725,5220.952,27.9977,0.000,58823.4
4111.224,5221.152,28.0127,0.000,58819.5
4111.225,5221.352,27.9956,0.000,58824.0
4111.225,5221.554,27.9900,0.000,58825.4
4111.724,5221.752,27.9775,0.000,58828.7
4111.725,5221.954,27.9634,0.000,58832.4
4112.224,5222.156,27.9656,0.000,58831.8
4112.225,5222.354,27.9531,0.000,58835.1
4112.225,5222.558,27.9590,0.000,58833.6
4112.724,5222.758,27.9819,0.000,58827.6
4112.725,5222.956,27.9559,0.000,58834.4
4113.224,5223.156,27.9555,0.000,58834.5
4113.224,5223.354,27.9478,0.000,58836.5
4113.224,5223.558,27.9658,0.000,58831.8
4113.724,5223.760,27.9565,0.000,58834.2
4113.724,5223.960,27.9709,0.000,58830.5
4114.224,5224.158,27.9697,0.000,58830.8
4114.225,5224.360,27.9852,0.000,58826.7
4114.225,5224.558,27.9648,0.000,58832.1
4114.724,5224.764,27.9609,0.000,58833.1
4114.725,5224.964,27.9585,0.000,58833.7
4115.224,5225.158,27.9798,0.000,58828.1
4115.225,5225.362,27.9655,0.000,58831.9
4115.225,5225.566,27.9686,0.000,58831.1
4115.724,5225.764,27.9599,0.000,58833.4
4115.725,5225.968,27.9757,0.000,58829.2
4116.224,5226.164,27.9617,0.000,58832.9
4116.225,5226.362,27.9600,0.000,58833.3
4116.225,5226.566,27.9552,0.000,58834.5
4116.724,5226.768,27.9531,0.000,58835.1
4116.725,5226.968,27.9665,0.000,58831.6
4117.224,5227.166,27.9448,0.000,58837.3
4117.225,5227.368,27.9570,0.000,58834.1
4117.225,5227.566,27.9531,0.000,58835.1
4117.724,5227.768,27.9647,0.000,58832.1
4117.725,5227.972,27.9373,0.000,58839.3
4118.224,5228.172,27.9621,0.000,58832.8
4118.224,5228.370,27.9555,0.000,58834.5
4118.225,5228.570,27.9437,0.000,58837.6
4118.724,5228.768,27.9481,0.000,58836.5
4118.724,5228.972,27.9360,0.000,58839.6
4119.224,5229.174,27.9453,0.000,58837.2
4119.225,5229.374,27.9433,0.000,58837.7
4119.225,5229.573,27.9478,0.000,58836.5
4119.724,5229.774,27.9481,0.000,58836.5
4119.725,5229.972,27.9383,0.000,58839.0
4120.224,5230.174,27.9427,0.000,58837.9
4120.225,5230.376,27.9316,0.000,58840.7
4120.225,5230.578,27.9596,0.000,58833.4
4120.724,5230.776,27.9428,0.000,58837.8
4120.725,5230.976,27.9585,0.000,58833.7
4121.224,5231.178,27.9518,0.000,58835.5
4121.224,5231.378,27.9388,0.000,58838.9
4121.225,5231.578,27.9276,0.000,58841.8
4121.724,5231.776,27.9301,0.000,58841.1
4121.724,5231.980,27.9419,0.000,58838.0
4122.224,5232.182,27.9298,0.000,58841.2
4122.225,5232.382,27.9282,0.000,58841.6
4122.225,5232.580,27.9458,0.000,58837.1
4122.724,5232.780,27.9402,0.000,58838.5
4122.725,5232.980,27.9331,0.000,58840.4
4123.224,5233.182,27.9380,0.000,58839.1
4123.225,5233.386,27.9272,0.000,58841.9
4123.225,5233.586,27.9312,0.000,58840.9
4123.724,5233.784,27.9209,0.000,58843.6
4123.724,5233.984,27.9341,0.000,58840.1
4124.224,5234.182,27.9303,0.000,58841.1
4124.225,5234.386,27.9316,0.000,58840.7
4124.225,5234.586,27.9280,0.000,58841.7
4124.724,5234.784,27.9402,0.000,58838.5
4124.725,5234.988,27.9399,0.000,58838.5
4125.224,5235.188,27.9352,0.000,58839.8
4125.225,5235.390,27.9204,0.000,58843.7
4125.225,5235.588,27.9158,0.000,58844.9
4125.724,5235.790,27.9201,0.000,58843.8
4125.725,5235.988,27.9167,0.000,58844.7
4126.224,5236.190,27.9250,0.000,58842.5
4126.225,5236.394,27.9180,0.000,58844.3
4126.225,5236.594,27.9232,0.000,58843.0
4126.724,5236.792,27.9197,0.000,58843.9
4126.725,5236.992,27.9136,0.000,58845.5
4127.224,5237.190,27.9204,0.000,58843.7
4127.224,5237.394,27.9197,0.000,58843.9
4127.224,5237.596,27.9067,0.000,58847.3
4127.724,5237.796,27.9277,0.000,58841.8
4127.724,5237.994,27.9258,0.000,58842.3
4128.224,5238.196,27.9264,0.000,58842.1
4128.224,5238.394,27.9150,0.000,58845.1
4128.224,5238.596,27.9251,0.000,58842.5
4128.724,5238.800,27.9054,0.000,58847.6
4128.724,5238.994,27.9054,0.000,58847.6
4129.224,5239.198,27.9157,0.000,58844.9
4129.225,5239.402,27.9241,0.000,58842.7
4129.225,5239.600,27.9131,0.000,58845.6
4129.724,5239.804,27.9033,0.000,58848.2
4129.725,5240.000,27.9295,0.000,58841.3
4130.224,5240.198,27.9220,0.000,58843.2
4130.225,5240.402,27.9116,0.000,58846.0
4130.225,5240.602,27.9152,0.000,58845.1
4130.724,5240.804,27.9058,0.000,58847.5
4130.724,5241.002,27.9023,0.000,58848.4
4131.224,5241.204,27.9048,0.000,58847.8
4131.224,5241.406,27.8943,0.000,58850.5
4131.224,5241.604,27.8955,0.000,58850.2
4131.724,5241.804,27.9129,0.000,58845.6
4131.725,5242.008,27.9064,0.000,58847.4
4132.224,5242.204,27.9048,0.000,58847.8
4132.225,5242.406,27.9020,0.000,58848.5
4132.225,5242.604,27.8862,0.000,58852.6
4132.724,5242.808,27.9025,0.000,58848.4
4132.725,5243.010,27.8828,0.000,58853.5
4133.224,5243.210,27.8862,0.000,58852.6
4133.224,5243.408,27.8867,0.000,58852.5
4133.224,5243.610,27.8804,0.000,58854.1
4133.724,5243.808,27.8906,0.000,58851.5
4133.724,5244.010,27.9004,0.000,58848.9
4134.224,5244.212,27.8828,0.000,58853.5
4134.225,5244.408,27.8942,0.000,58850.5
4134.225,5244.612,27.8958,0.000,58850.1
4134.724,5244.816,27.9061,0.000,58847.4
4134.725,5245.014,27.9026,0.000,58848.3
4135.224,5245.218,27.8870,0.000,58852.4
4135.224,5245.414,27.9070,0.000,58847.2
4135.225,5245.612,27.9004,0.000,58848.9
4135.724,5245.816,27.8940,0.000,58850.6
4135.725,5246.016,27.8782,0.000,58854.7
4136.224,5246.218,27.8981,0.000,58849.5
4136.225,5246.416,27.9008,0.000,58848.8
4136.225,5246.620,27.8945,0.000,58850.5
4136.724,5246.820,27.8880,0.000,58852.2
4136.724,5247.018,27.8937,0.000,58850.7
4137.224,5247.222,27.8795,0.000,58854.4
4137.224,5247.416,27.9004,0.000,58848.9
4137.224,5247.620,27.8841,0.000,58853.2
4137.724,5247.820,27.8838,0.000,58853.3
4137.724,5248.018,27.8848,0.000,58853.0
4138.224,5248.222,27.8846,0.000,58853.1
4138.224,5248.424,27.8782,0.000,58854.7
4138.723,5248.624,27.8750,0.000,58855.6
4138.724,5248.823,27.8795,0.000,58854.4
4138.724,5249.024,27.8882,0.000,58852.1
4139.223,5249.222,27.8738,0.000,58855.9
4139.224,5249.424,27.8725,0.000,58856.2
4139.724,5249.626,27.8846,0.000,58853.1
4139.724,5249.823,27.8725,0.000,58856.2
4139.724,5250.026,27.8637,0.000,58858.5
4140.224,5250.230,27.8706,0.000,58856.7
4140.225,5250.428,27.8872,0.000,58852.4
4140.724,5250.628,27.8694,0.000,58857.0
4140.724,5250.828,27.8673,0.000,58857.5
4140.725,5251.026,27.8703,0.000,58856.8
4141.224,5251.230,27.8652,0.000,58858.1
4141.224,5251.432,27.8634,0.000,58858.6
4141.724,5251.634,27.8669,0.000,58857.7
4141.724,5251.830,27.8717,0.000,58856.4
4141.725,5252.030,27.8815,0.000,58853.9
4142.224,5252.234,27.8729,0.000,58856.1
4142.224,5252.432,27.8577,0.000,58860.1
4142.723,5252.636,27.8643,0.000,58858.3
4142.723,5252.836,27.8696,0.000,58857.0
4142.724,5253.034,27.8750,0.000,58855.6
4143.223,5253.234,27.8616,0.000,58859.0
4143.224,5253.432,27.8550,0.000,58860.8
4143.724,5253.636,27.8652,0.000,58858.1
4143.724,5253.836,27.8471,0.000,58862.8
4143.724,5254.034,27.8607,0.000,58859.3
4144.224,5254.238,27.8599,0.000,58859.5
4144.224,5254.440,27.8657,0.000,58858.0
4144.723,5254.640,27.8593,0.000,58859.7
4144.724,5254.844,27.8566,0.000,58860.4
4144.724,5255.040,27.8489,0.000,58862.4
4145.224,5255.238,27.8748,0.000,58855.6
4145.225,5255.440,27.8714,0.000,58856.5
4145.723,5255.644,27.8564,0.000,58860.4
4145.724,5255.844,27.8512,0.000,58861.8
4145.724,5256.042,27.8520,0.000,58861.6
4146.224,5256.242,27.8524,0.000,58861.5
4146.224,5256.440,27.8563,0.000,58860.5
4146.724,5256.644,27.8569,0.000,58860.3
4146.725,5256.844,27.8561,0.000,58860.5
4146.725,5257.042,27.8472,0.000,58862.8
4147.224,5257.244,27.8641,0.000,58858.4
4147.225,5257.448,27.8593,0.000,58859.7
4147.724,5257.648,27.8587,0.000,58859.8
4147.725,5257.846,27.8581,0.000,58860.0
4147.725,5258.050,27.8449,0.000,58863.4
4148.224,5258.244,27.8499,0.000,58862.1
4148.224,5258.448,27.8499,0.000,58862.1
4148.724,5258.652,27.8413,0.000,58864.4
4148.725,5258.850,27.8261,0.000,58868.4
4148.725,5259.054,27.8501,0.000,58862.0
4149.224,5259.250,27.8335,0.000,58866.4
4149.225,5259.454,27.8471,0.000,58862.9
4149.724,5259.652,27.8439,0.000,58863.7
4149.724,5259.854,27.8322,0.000,58866.7
4149.724,5260.054,27.8350,0.000,58866.0
4150.224,5260.252,27.8315,0.000,58866.9
4150.225,5260.454,27.8300,0.000,58867.3
4150.724,5260.652,27.8579,0.000,58860.1
4150.725,5260.854,27.8228,0.000,58869.2
4150.725,5261.058,27.8250,0.000,58868.6
4151.224,5261.258,27.8354,0.000,58865.9
4151.224,5261.456,27.8374,0.000,58865.4
4151.724,5261.656,27.8362,0.000,58865.7
4151.725,5261.854,27.8144,0.000,58871.4
4151.725,5262.058,27.8281,0.000,58867.8
4152.224,5262.260,27.8079,0.000,58873.1
4152.225,5262.460,27.8006,0.000,58875.0
4152.724,5262.658,27.8312,0.000,58867.0
4152.724,5262.860,27.8180,0.000,58870.5
4152.724,5263.058,27.8157,0.000,58871.1
4153.223,5263.260,27.8130,0.000,58871.8
4153.224,5263.462,27.8138,0.000,58871.6
4153.724,5263.658,27.8203,0.000,58869.9
4153.725,5263.862,27.8211,0.000,58869.6
4153.725,5264.066,27.8188,0.000,58870.2
4154.224,5264.264,27.8226,0.000,58869.2
4154.224,5264.468,27.8167,0.000,58870.8
4154.723,5264.664,27.8208,0.000,58869.7
4154.724,5264.862,27.8102,0.000,58872.5
4154.724,5265.066,27.7975,0.000,58875.8
4155.224,5265.268,27.8211,0.000,58869.6
4155.225,5265.470,27.7993,0.000,58875.4
4155.724,5265.666,27.8117,0.000,58872.1
4155.725,5265.868,27.7982,0.000,58875.6
4155.725,5266.066,27.8037,0.000,58874.2
4156.224,5266.268,27.8008,0.000,58875.0
4156.225,5266.472,27.7993,0.000,58875.4
4156.724,5266.672,27.8066,0.000,58873.5
4156.724,5266.870,27.7928,0.000,58877.0
4156.724,5267.070,27.7903,0.000,58877.7
4157.224,5267.268,27.7975,0.000,58875.8
4157.225,5267.472,27.7993,0.000,58875.4
4157.724,5267.674,27.8042,0.000,58874.1
4157.724,5267.874,27.8026,0.000,58874.5
4157.725,5268.073,27.7846,0.000,58879.2
4158.224,5268.276,27.7824,0.000,58879.7
4158.224,5268.476,27.7920,0.000,58877.2
4158.724,5268.678,27.8051,0.000,58873.8
4158.725,5268.876,27.7824,0.000,58879.8
4158.725,5269.073,27.7970,0.000,58875.9
4159.224,5269.276,27.7861,0.000,58878.8
4159.225,5269.480,27.7754,0.000,58881.6
4159.724,5269.678,27.8097,0.000,58872.6
4159.725,5269.878,27.7941,0.000,58876.7
4159.725,5270.078,27.7876,0.000,58878.4
4160.224,5270.280,27.7884,0.000,58878.2
4160.225,5270.480,27.7855,0.000,58878.9
4160.724,5270.680,27.7783,0.000,58880.8
4160.725,5270.882,27.7970,0.000,58875.9
4160.725,5271.080,27.7642,0.000,58884.5
4161.224,5271.284,27.7788,0.000,58880.7
4161.225,5271.484,27.7710,0.000,58882.7
4161.724,5271.682,27.7697,0.000,58883.1
4161.725,5271.886,27.7690,0.000,58883.2
4161.725,5272.080,27.7705,0.000,58882.8
4162.224,5272.284,27.7695,0.000,58883.1
4162.225,5272.488,27.7793,0.000,58880.6
4162.724,5272.686,27.7689,0.000,58883.3
4162.725,5272.886,27.7650,0.000,58884.3
4162.725,5273.086,27.7799,0.000,58880.4
4163.224,5273.284,27.7769,0.000,58881.2
4163.225,5273.488,27.7760,0.000,58881.4
4163.724,5273.690,27.7641,0.000,58884.5
4163.724,5273.890,27.7650,0.000,58884.3
4163.724,5274.094,27.7654,0.000,58884.2
4164.224,5274.290,27.7589,0.000,58885.9
4164.224,5274.488,27.7733,0.000,58882.1
4164.724,5274.690,27.7671,0.000,58883.7
4164.725,5274.894,27.7560,0.000,58886.6
4164.725,5275.094,27.7454,0.000,58889.4
4165.224,5275.292,27.7539,0.000,58887.1
4165.225,5275.492,27.7555,0.000,58886.7
4165.724,5275.690,27.7552,0.000,58886.8
4165.725,5275.894,27.7641,0.000,58884.5
4165.725,5276.094,27.7635,0.000,58884.7
4166.224,5276.292,27.7440,0.000,58889.8
4166.224,5276.494,27.7622,0.000,58885.0
4166.724,5276.698,27.7526,0.000,58887.5
4166.725,5276.898,27.7513,0.000,58887.9
4166.725,5277.096,27.7549,0.000,58886.9
4167.223,5277.300,27.7680,0.000,58883.5
4167.224,5277.494,27.7607,0.000,58885.4
4167.724,5277.698,27.7480,0.000,58888.7
4167.725,5277.898,27.7485,0.000,58888.6
4167.725,5278.096,27.7334,0.000,58892.5
4168.224,5278.300,27.7366,0.000,58891.7
4168.225,5278.500,27.7309,0.000,58893.2
4168.724,5278.702,27.7191,0.000,58896.2
4168.724,5278.902,27.7153,0.000,58897.3
4168.724,5279.102,27.7270,0.000,58894.2
4169.224,5279.304,27.7502,0.000,58888.1
4169.224,5279.502,27.7384,0.000,58891.2
4169.724,5279.704,27.7274,0.000,58894.1
4169.725,5279.902,27.7236,0.000,58895.1
4169.725,5280.104,27.7282,0.000,58893.9
4170.224,5280.308,27.7194,0.000,58896.2
4170.225,5280.508,27.7191,0.000,58896.2
4170.724,5280.706,27.7195,0.000,58896.1
4170.725,5280.906,27.7059,0.000,58899.7
4170.725,5281.104,27.7173,0.000,58896.7
4171.224,5281.308,27.7282,0.000,58893.9
4171.224,5281.510,27.7295,0.000,58893.6
4171.723,5281.706,27.7140,0.000,58897.6
4171.724,5281.908,27.7140,0.000,58897.6
4171.724,5282.112,27.7067,0.000,58899.5
4172.224,5282.312,27.6999,0.000,58901.3
4172.224,5282.514,27.7122,0.000,58898.0
4172.724,5282.714,27.7093,0.000,58898.8
4172.725,5282.914,27.7207,0.000,58895.8
4172.725,5283.112,27.7202,0.000,58896.0
4173.224,5283.312,27.7031,0.000,58900.4
4173.225,5283.514,27.6982,0.000,58901.7
4173.724,5283.714,27.7129,0.000,58897.8
4173.725,5283.914,27.7051,0.000,58899.9
4173.725,5284.116,27.6935,0.000,58902.9
4174.224,5284.316,27.6963,0.000,58902.2
4174.224,5284.518,27.6916,0.000,58903.4
4174.724,5284.718,27.7044,0.000,58900.1
4174.725,5284.916,27.6925,0.000,58903.2
4174.725,5285.118,27.6855,0.000,58905.0
4175.224,5285.316,27.7047,0.000,58900.0
4175.225,5285.518,27.6934,0.000,58902.9
4175.724,5285.722,27.6896,0.000,58903.9
4175.725,5285.916,27.7025,0.000,58900.6
4175.725,5286.120,27.6763,0.000,58907.4
4176.224,5286.323,27.6974,0.000,58901.9
4176.225,5286.522,27.6948,0.000,58902.6
4176.724,5286.722,27.6813,0.000,58906.1
4176.724,5286.924,27.6950,0.000,58902.5
4177.224,5287.120,27.6850,0.000,58905.1
4177.225,5287.323,27.6902,0.000,58903.7
4177.225,5287.526,27.6836,0.000,58905.5
4177.724,5287.726,27.6873,0.000,58904.5
4177.724,5287.924,27.6899,0.000,58903.8
4178.224,5288.126,27.6904,0.000,58903.7
4178.225,5288.323,27.6800,0.000,58906.4
4178.225,5288.526,27.6901,0.000,58903.8
4178.724,5288.730,27.6694,0.000,58909.2
4178.725,5288.928,27.6751,0.000,58907.7
4179.224,5289.128,27.6761,0.000,58907.4
4179.225,5289.328,27.6689,0.000,58909.3
4179.225,5289.530,27.6732,0.000,58908.2
4179.724,5289.730,27.6842,0.000,58905.3
4179.724,5289.930,27.6733,0.000,58908.1
4180.224,5290.132,27.6916,0.000,58903.4
4180.225,5290.330,27.6616,0.000,58911.2
4180.225,5290.534,27.6614,0.000,58911.2
4180.724,5290.734,27.6597,0.000,58911.7
4180.725,5290.932,27.6771,0.000,58907.2
4181.224,5291.136,27.6740,0.000,58908.0
4181.225,5291.330,27.6758,0.000,58907.5
4181.225,5291.534,27.6720,0.000,58908.5
4181.724,5291.738,27.6471,0.000,58915.0
4181.725,5291.936,27.6689,0.000,58909.3
4182.224,5292.140,27.6706,0.000,58908.8
4182.225,5292.338,27.6616,0.000,58911.2
4182.225,5292.538,27.6662,0.000,58910.0
4182.723,5292.738,27.6611,0.000,58911.3
4182.723,5292.938,27.6833,0.000,58905.6
4183.224,5293.140,27.6448,0.000,58915.6
4183.224,5293.338,27.6475,0.000,58914.8
4183.224,5293.540,27.6689,0.000,58909.3
4183.724,5293.742,27.6499,0.000,58914.3
4183.724,5293.940,27.6536,0.000,58913.3
4184.224,5294.140,27.6535,0.000,58913.3
4184.224,5294.344,27.6653,0.000,58910.2
4184.224,5294.542,27.6567,0.000,58912.5
4184.724,5294.744,27.6582,0.000,58912.1
4184.725,5294.944,27.6427,0.000,58916.1
4185.224,5295.144,27.6494,0.000,58914.4
4185.224,5295.346,27.6447,0.000,58915.6
4185.224,5295.542,27.6514,0.000,58913.8
4185.724,5295.744,27.6339,0.000,58918.4
4185.725,5295.948,27.6559,0.000,58912.6
4186.224,5296.148,27.6487,0.000,58914.6
4186.225,5296.346,27.6600,0.000,58911.6
4186.225,5296.550,27.6543,0.000,58913.1
4186.724,5296.744,27.6242,0.000,58920.9
4186.724,5296.948,27.6323,0.000,58918.8
4187.224,5297.148,27.6440,0.000,58915.8
4187.225,5297.346,27.6460,0.000,58915.3
4187.225,5297.550,27.6259,0.000,58920.5
4187.724,5297.750,27.6367,0.000,58917.7
4187.725,5297.952,27.6439,0.000,58915.8
4188.224,5298.152,27.6259,0.000,58920.5
4188.224,5298.352,27.6462,0.000,58915.2
4188.224,5298.554,27.6383,0.000,58917.2
4188.724,5298.752,27.6388,0.000,58917.1
4188.724,5298.954,27.6362,0.000,58917.8
4189.224,5299.156,27.6455,0.000,58915.4
4189.224,5299.354,27.6273,0.000,58920.1
4189.225,5299.558,27.6360,0.000,58917.8
4189.724,5299.758,27.6406,0.000,58916.6
4189.725,5299.956,27.6353,0.000,58918.0
4190.224,5300.156,27.6240,0.000,58921.0
4190.225,5300.354,27.6365,0.000,58917.7
4190.225,5300.558,27.6188,0.000,58922.3
4190.724,5300.758,27.6225,0.000,58921.4
4190.724,5300.956,27.6320,0.000,58918.9
4191.224,5301.158,27.6079,0.000,58925.1
4191.225,5301.362,27.6224,0.000,58921.4
4191.225,5301.562,27.6299,0.000,58919.5
4191.724,5301.764,27.6128,0.000,58923.8
4191.724,5301.964,27.6323,0.000,58918.8
4192.223,5302.158,27.6191,0.000,58922.3
4192.224,5302.362,27.6214,0.000,58921.6
4192.224,5302.562,27.6131,0.000,58923.8
4192.724,5302.764,27.6100,0.000,58924.6
4192.725,5302.964,27.6084,0.000,58925.0
4193.224,5303.164,27.6294,0.000,58919.6
4193.225,5303.366,27.6237,0.000,58921.0
4193.225,5303.566,27.6188,0.000,58922.3
4193.724,5303.768,27.6191,0.000,58922.3
4193.725,5303.968,27.6131,0.000,58923.8
4194.224,5304.166,27.6147,0.000,58923.4
4194.225,5304.368,27.5989,0.000,58927.5
4194.225,5304.566,27.6038,0.000,58926.2
4194.724,5304.768,27.6204,0.000,58921.9
4194.724,5304.972,27.6138,0.000,58923.6
4195.224,5305.166,27.6121,0.000,58924.1
4195.225,5305.370,27.6152,0.000,58923.2
4195.225,5305.573,27.6245,0.000,58920.9
4195.724,5305.772,27.6113,0.000,58924.3
4195.725,5305.972,27.6126,0.000,58923.9
4196.224,5306.174,27.6261,0.000,58920.4
4196.225,5306.370,27.6142,0.000,58923.5
4196.225,5306.573,27.6081,0.000,58925.1
4196.724,5306.774,27.6120,0.000,58924.1
4196.725,5306.972,27.6123,0.000,58924.0
4197.224,5307.174,27.6040,0.000,58926.2
4197.225,5307.376,27.6144,0.000,58923.4
4197.225,5307.578,27.6038,0.000,58926.2
4197.724,5307.776,27.6084,0.000,58925.0
4197.724,5307.976,27.6142,0.000,58923.5
4198.224,5308.178,27.6245,0.000,58920.8
4198.225,5308.378,27.6360,0.000,58917.9
4198.225,5308.578,27.6188,0.000,58922.3
4198.724,5308.776,27.6178,0.000,58922.6
4198.724,5308.980,27.6050,0.000,58925.9
4199.224,5309.182,27.6068,0.000,58925.4
4199.224,5309.382,27.6110,0.000,58924.3
4199.224,5309.580,27.6185,0.000,58922.4
4199.724,5309.780,27.6177,0.000,58922.6
4199.724,5309.980,27.6025,0.000,58926.5
4200.224,5310.182,27.6014,0.000,58926.8
4200.224,5310.386,27.5998,0.000,58927.2
4200.224,5310.580,27.5835,0.000,58931.5
4200.724,5310.784,27.5851,0.000,58931.1
4200.724,5310.988,27.6014,0.000,58926.8
4201.224,5311.186,27.5991,0.000,58927.4
4201.225,5311.390,27.5835,0.000,58931.5
4201.225,5311.588,27.5996,0.000,58927.3
4201.724,5311.784,27.5835,0.000,58931.5
4201.724,5311.988,27.5871,0.000,58930.5
4202.224,5312.190,27.5928,0.000,58929.0
4202.224,5312.390,27.5799,0.000,58932.4
4202.225,5312.594,27.5757,0.000,58933.5
4202.724,5312.790,27.5714,0.000,58934.6
4202.724,5312.988,27.5732,0.000,58934.2
4203.224,5313.190,27.5765,0.000,58933.3
4203.224,5313.390,27.5799,0.000,58932.4
4203.224,5313.594,27.5854,0.000,58931.0
4203.724,5313.792,27.5752,0.000,58933.6
4203.724,5313.994,27.5703,0.000,58934.9
4204.224,5314.194,27.5871,0.000,58930.5
4204.225,5314.394,27.5742,0.000,58933.9
4204.225,5314.596,27.5836,0.000,58931.5
4204.724,5314.792,27.5796,0.000,58932.5
4204.724,5314.994,27.5630,0.000,58936.8
4205.224,5315.198,27.5723,0.000,58934.4
4205.224,5315.398,27.5767,0.000,58933.2
4205.224,5315.596,27.5666,0.000,58935.8
4205.724,5315.800,27.5786,0.000,58932.8
4205.724,5315.994,27.5747,0.000,58933.8
4206.224,5316.198,27.5669,0.000,58935.8
4206.225,5316.398,27.5695,0.000,58935.1
4206.225,5316.596,27.5781,0.000,58932.9
4206.724,5316.800,27.5627,0.000,58936.9
4206.724,5317.000,27.5656,0.000,58936.1
4207.224,5317.202,27.5757,0.000,58933.5
4207.224,5317.402,27.5576,0.000,58938.2
4207.224,5317.602,27.5615,0.000,58937.2
4207.724,5317.804,27.5713,0.000,58934.7
4207.725,5318.002,27.5605,0.000,58937.5
4208.224,5318.204,27.5595,0.000,58937.7
4208.225,5318.406,27.5695,0.000,58935.1
4208.225,5318.604,27.5407,0.000,58942.6
4208.724,5318.804,27.5613,0.000,58937.2
4208.724,5319.008,27.5527,0.000,58939.5
4209.224,5319.206,27.5659,0.000,58936.0
4209.225,5319.406,27.5524,0.000,58939.5
4209.225,5319.604,27.5498,0.000,58940.2
4209.724,5319.808,27.5508,0.000,58940.0
4209.724,5320.010,27.5766,0.000,58933.3
4210.224,5320.210,27.5569,0.000,58938.4
4210.224,5320.408,27.5506,0.000,58940.0
4210.225,5320.610,27.5548,0.000,58938.9
4210.724,5320.808,27.5462,0.000,58941.1
4210.725,5321.010,27.5382,0.000,58943.2
4211.224,5321.212,27.5545,0.000,58939.0
4211.224,5321.408,27.5627,0.000,58936.9
4211.224,5321.612,27.5456,0.000,58941.3
4211.724,5321.816,27.5545,0.000,58939.0
4211.724,5322.014,27.5446,0.000,58941.6
4212.224,5322.218,27.5615,0.000,58937.2
4212.224,5322.414,27.5488,0.000,58940.5
4212.224,5322.612,27.5576,0.000,58938.2
4212.724,5322.816,27.5542,0.000,58939.1
4212.724,5323.018,27.5542,0.000,58939.1
4213.224,5323.218,27.5500,0.000,58940.2
4213.224,5323.416,27.5350,0.000,58944.1
4213.224,5323.618,27.5517,0.000,58939.8
4213.724,5323.816,27.5581,0.000,58938.1
4213.724,5324.018,27.5496,0.000,58940.3
4214.224,5324.222,27.5630,0.000,58936.8
4214.224,5324.422,27.5517,0.000,58939.8
4214.224,5324.620,27.5337,0.000,58944.4
4214.723,5324.820,27.5473,0.000,58940.9
4214.723,5325.018,27.5449,0.000,58941.5
4215.224,5325.222,27.5480,0.000,58940.7
4215.224,5325.424,27.5468,0.000,58941.0
4215.724,5325.624,27.5501,0.000,58940.1
4215.724,5325.823,27.5371,0.000,58943.5
4215.724,5326.024,27.5402,0.000,58942.7
4216.224,5326.222,27.5389,0.000,58943.1
4216.224,5326.424,27.5490,0.000,58940.4
4216.724,5326.626,27.5296,0.000,58945.4
4216.724,5326.828,27.5400,0.000,58942.7
4216.724,5327.026,27.5464,0.000,58941.1
4217.224,5327.226,27.5462,0.000,58941.2
4217.224,5327.428,27.5371,0.000,58943.5
4217.724,5327.628,27.5353,0.000,58944.0
4217.724,5327.828,27.5395,0.000,58942.9
4217.724,5328.026,27.5449,0.000,58941.5
4218.224,5328.230,27.5332,0.000,58944.5
4218.224,5328.432,27.5298,0.000,58945.4
4218.724,5328.632,27.5154,0.000,58949.1
4218.724,5328.830,27.5203,0.000,58947.8
4218.724,5329.030,27.5159,0.000,58949.0
4219.224,5329.230,27.5335,0.000,58944.4
4219.225,5329.432,27.5197,0.000,58948.0
4219.724,5329.636,27.5288,0.000,58945.7
4219.724,5329.836,27.5283,0.000,58945.8
4219.724,5330.034,27.5263,0.000,58946.3
4220.224,5330.238,27.5212,0.000,58947.6
4220.224,5330.436,27.5122,0.000,58949.9
4220.724,5330.640,27.5190,0.000,58948.2
4220.725,5330.838,27.5327,0.000,58944.6
4220.725,5331.034,27.5208,0.000,58947.7
4221.224,5331.238,27.5254,0.000,58946.5
4221.224,5331.438,27.5071,0.000,58951.2
4221.724,5331.640,27.5195,0.000,58948.1
4221.725,5331.838,27.5234,0.000,58947.0
4221.725,5332.040,27.5212,0.000,58947.6
4222.224,5332.242,27.5228,0.000,58947.2
4222.224,5332.440,27.5210,0.000,58947.7
4222.724,5332.640,27.5164,0.000,58948.9
4222.724,5332.844,27.5133,0.000,58949.6
4222.724,5333.042,27.5076,0.000,58951.1
4223.224,5333.244,27.5049,0.000,58951.9
4223.224,5333.444,27.5013,0.000,58952.8
4223.723,5333.644,27.4951,0.000,58954.4
4223.724,5333.846,27.4954,0.000,58954.3
4223.724,5334.042,27.4997,0.000,58953.2
4224.224,5334.244,27.5000,0.000,58953.1
4224.225,5334.446,27.5092,0.000,58950.7
4224.724,5334.644,27.4926,0.000,58955.0
4224.724,5334.846,27.4858,0.000,58956.8
4224.724,5335.050,27.4944,0.000,58954.6
4225.224,5335.250,27.4860,0.000,58956.7
4225.224,5335.448,27.4987,0.000,58953.5
4225.724,5335.648,27.4827,0.000,58957.6
4225.724,5335.846,27.4922,0.000,58955.1
4225.725,5336.050,27.4878,0.000,58956.3
4226.224,5336.250,27.4975,0.000,58953.7
4226.224,5336.448,27.4928,0.000,58955.0
4226.724,5336.652,27.4946,0.000,58954.5
4226.725,5336.854,27.4902,0.000,58955.6
4226.725,5337.054,27.4967,0.000,58954.0
4227.228,5337.252,27.4969,0.000,58953.9
4227.228,5337.454,27.4801,0.000,58958.2
4227.724,5337.652,27.4972,0.000,58953.8
4227.724,5337.854,27.4987,0.000,58953.5
4227.724,5338.058,27.4863,0.000,58956.6
4228.224,5338.258,27.4739,0.000,58959.8
4228.225,5338.456,27.4819,0.000,58957.8
4228.724,5338.656,27.4783,0.000,58958.7
4228.725,5338.854,27.4666,0.000,58961.8
4228.725,5339.058,27.4754,0.000,58959.5
4229.224,5339.260,27.4811,0.000,58958.0
4229.225,5339.460,27.4870,0.000,58956.5
4229.724,5339.658,27.4692,0.000,58961.1
4229.725,5339.860,27.4795,0.000,58958.4
4229.725,5340.058,27.4751,0.000,58959.6
4230.224,5340.260,27.4762,0.000,58959.3
4230.224,5340.462,27.4663,0.000,58961.8
4230.724,5340.658,27.4731,0.000,58960.0
4230.725,5340.862,27.4702,0.000,58960.8
4230.725,5341.062,27.4692,0.000,58961.1
4231.224,5341.264,27.4795,0.000,58958.4
4231.224,5341.468,27.4746,0.000,58959.7
4231.724,5341.664,27.4772,0.000,58959.0
4231.725,5341.862,27.4601,0.000,58963.4
4231.725,5342.066,27.4608,0.000,58963.3
4232.224,5342.266,27.4691,0.000,58961.1
4232.224,5342.468,27.4666,0.000,58961.7
4232.724,5342.666,27.4766,0.000,58959.1
4232.725,5342.870,27.4995,0.000,58953.2
4232.725,5343.070,27.4394,0.000,58968.8
4233.224,5343.268,27.4736,0.000,58959.9
4233.224,5343.472,27.4702,0.000,58960.8
4233.724,5343.672,27.4749,0.000,58959.6
4233.724,5343.870,27.4635,0.000,58962.5
4233.724,5344.070,27.4829,0.000,58957.5
4234.224,5344.268,27.4600,0.000,58963.4
4234.225,5344.472,27.4688,0.000,58961.2
4234.724,5344.674,27.4642,0.000,58962.4
4234.725,5344.874,27.4549,0.000,58964.8
4234.725,5345.073,27.4626,0.000,58962.8
4235.223,5345.276,27.4536,0.000,58965.1
4235.224,5345.476,27.4487,0.000,58966.4
4235.724,5345.678,27.4416,0.000,58968.2
4235.724,5345.876,27.4552,0.000,58964.7
4235.724,5346.073,27.4507,0.000,58965.9
4236.224,5346.276,27.4668,0.000,58961.7
4236.224,5346.480,27.4570,0.000,58964.2
4236.724,5346.678,27.4316,0.000,58970.8
4236.724,5346.878,27.4578,0.000,58964.0
4236.724,5347.078,27.4497,0.000,58966.1
4237.224,5347.276,27.4389,0.000,58968.9
4237.224,5347.480,27.4666,0.000,58961.8
4237.724,5347.682,27.4383,0.000,58969.1
4237.724,5347.882,27.4492,0.000,58966.2
4237.724,5348.080,27.4502,0.000,58966.0
4238.224,5348.280,27.4557,0.000,58964.5
4238.225,5348.480,27.4612,0.000,58963.1
4238.724,5348.682,27.4443,0.000,58967.5
4238.724,5348.886,27.4386,0.000,58969.0
4238.724,5349.086,27.4390,0.000,58968.8
4239.224,5349.284,27.4521,0.000,58965.5
4239.225,5349.488,27.4550,0.000,58964.7
4239.724,5349.686,27.4419,0.000,58968.1
4239.724,5349.890,27.4485,0.000,58966.4
4239.724,5350.088,27.4437,0.000,58967.7
4240.224,5350.284,27.4443,0.000,58967.5
4240.225,5350.488,27.4467,0.000,58966.9
4240.724,5350.690,27.4349,0.000,58969.9
4240.724,5350.890,27.4617,0.000,58963.0
4240.724,5351.094,27.4536,0.000,58965.1
4241.224,5351.290,27.4570,0.000,58964.2
4241.225,5351.488,27.4484,0.000,58966.5
4241.724,5351.690,27.4350,0.000,58969.9
4241.725,5351.894,27.4429,0.000,58967.9
4241.725,5352.094,27.4321,0.000,58970.7
4242.224,5352.292,27.4456,0.000,58967.2
4242.225,5352.492,27.4394,0.000,58968.8
4242.724,5352.690,27.4372,0.000,58969.4
4242.724,5352.894,27.4261,0.000,58972.2
4242.724,5353.096,27.4430,0.000,58967.8
4243.224,5353.296,27.4316,0.000,58970.8
4243.224,5353.494,27.4346,0.000,58970.0
4243.724,5353.696,27.4240,0.000,58972.7
4243.724,5353.894,27.4383,0.000,58969.1
4243.724,5354.096,27.4219,0.000,58973.3
4244.224,5354.300,27.4168,0.000,58974.6
4244.224,5354.500,27.4180,0.000,58974.3
4244.724,5354.698,27.4009,0.000,58978.7
4244.724,5354.898,27.4228,0.000,58973.1
4244.724,5355.100,27.4194,0.000,58973.9
4245.224,5355.304,27.4224,0.000,58973.1
4245.224,5355.500,27.4210,0.000,58973.5
4245.724,5355.698,27.4294,0.000,58971.4
4245.724,5355.902,27.4360,0.000,58969.7
4245.724,5356.104,27.4214,0.000,58973.4
4246.224,5356.304,27.4210,0.000,58973.5
4246.224,5356.502,27.4144,0.000,58975.2
4246.724,5356.704,27.3979,0.000,58979.5
4246.725,5356.902,27.4129,0.000,58975.6
4246.725,5357.104,27.4126,0.000,58975.7
4247.224,5357.304,27.4153,0.000,58975.0
4247.224,5357.508,27.4022,0.000,58978.4
4247.724,5357.706,27.4121,0.000,58975.8
4247.724,5357.908,27.4168,0.000,58974.6
4247.724,5358.108,27.4033,0.000,58978.1
4248.224,5358.308,27.4056,0.000,58977.5
4248.224,5358.510,27.4049,0.000,58977.7
4248.724,5358.706,27.4191,0.000,58974.0
4248.724,5358.908,27.4269,0.000,58972.0
4248.725,5359.110,27.4038,0.000,58978.0
4249.224,5359.308,27.4263,0.000,58972.2
4249.224,5359.510,27.4030,0.000,58978.2
4249.724,5359.712,27.4264,0.000,58972.1
4249.724,5359.908,27.3945,0.000,58980.4
4249.724,5360.112,27.4062,0.000,58977.3
4250.224,5360.312,27.4106,0.000,58976.2
4250.224,5360.514,27.4121,0.000,58975.8
4250.724,5360.714,27.3962,0.000,58979.9
4250.724,5360.914,27.4007,0.000,58978.8
4250.724,5361.112,27.4025,0.000,58978.3
4251.224,5361.316,27.4023,0.000,58978.4
4251.224,5361.518,27.4019,0.000,58978.5
4251.724,5361.718,27.4052,0.000,58977.6
4251.724,5361.916,27.3886,0.000,58981.9
4251.724,5362.118,27.4043,0.000,58977.9
4252.224,5362.316,27.4097,0.000,58976.4
4252.224,5362.518,27.4174,0.000,58974.5
4252.724,5362.720,27.4017,0.000,58978.5
4252.725,5362.916,27.4146,0.000,58975.2
4252.725,5363.120,27.4072,0.000,58977.1
4253.224,5363.323,27.4157,0.000,58974.9
4253.224,5363.522,27.3901,0.000,58981.5
4253.724,5363.722,27.3918,0.000,58981.1
4253.725,5363.924,27.3691,0.000,58986.9
4253.725,5364.120,27.3896,0.000,58981.6
4254.224,5364.323,27.3755,0.000,58985.2
4254.225,5364.526,27.3750,0.000,58985.4
4254.724,5364.726,27.3807,0.000,58983.9
4254.724,5364.928,27.3797,0.000,58984.2
4255.224,5365.126,27.3807,0.000,58983.9
4255.225,5365.323,27.3683,0.000,58987.1
4255.225,5365.526,27.3966,0.000,58979.8
4255.724,5365.726,27.4070,0.000,58977.1
4255.724,5365.928,27.3725,0.000,58986.1
4256.224,5366.128,27.3947,0.000,58980.3
4256.225,5366.328,27.3833,0.000,58983.2
4256.225,5366.530,27.3981,0.000,58979.4
4256.724,5366.730,27.3672,0.000,58987.4
4256.725,5366.930,27.3701,0.000,58986.6
4257.224,5367.132,27.3818,0.000,58983.6
4257.224,5367.330,27.3846,0.000,58982.9
4257.224,5367.534,27.4725,0.000,58960.2
4257.724,5367.734,27.4557,0.000,58964.6
4257.725,5367.932,27.4463,0.000,58967.0
4258.224,5368.136,27.4603,0.000,58963.4
4258.225,5368.336,27.4511,0.000,58965.7
4258.225,5368.534,27.4520,0.000,58965.5
4258.724,5368.734,27.4770,0.000,58959.0
4258.725,5368.932,27.4726,0.000,58960.2
4259.224,5369.136,27.4801,0.000,58958.2
4259.225,5369.336,27.4699,0.000,58960.9
4259.225,5369.534,27.4432,0.000,58967.8
4259.724,5369.738,27.4635,0.000,58962.5
4259.725,5369.938,27.4787,0.000,58958.6
4260.224,5370.140,27.4541,0.000,58965.0
4260.225,5370.338,27.4749,0.000,58959.6
4260.225,5370.540,27.4738,0.000,58959.9
4260.724,5370.738,27.4365,0.000,58969.5
4260.725,5370.940,27.4482,0.000,58966.5
4261.224,5371.144,27.4785,0.000,58958.7
4261.225,5371.344,27.4564,0.000,58964.4
4261.225,5371.542,27.4590,0.000,58963.7
4261.724,5371.742,27.4637,0.000,58962.5
4261.725,5371.940,27.4575,0.000,58964.1
4262.224,5372.144,27.4564,0.000,58964.4
4262.225,5372.346,27.4308,0.000,58971.0
4262.225,5372.546,27.4471,0.000,58966.8
4262.724,5372.744,27.4390,0.000,58968.8
4262.725,5372.946,27.4355,0.000,58969.7
4263.224,5373.144,27.4395,0.000,58968.7
4263.225,5373.346,27.4456,0.000,58967.2
4263.225,5373.550,27.4290,0.000,58971.5
4263.724,5373.750,27.4599,0.000,58963.5
4263.725,5373.948,27.4422,0.000,58968.1
4264.224,5374.148,27.4321,0.000,58970.7
4264.225,5374.346,27.4214,0.000,58973.4
4264.225,5374.554,27.4487,0.000,58966.4
4264.724,5374.750,27.4494,0.000,58966.2
4264.725,5374.948,27.4254,0.000,58972.4
4265.224,5375.152,27.4224,0.000,58973.1
4265.224,5375.354,27.4033,0.000,58978.1
4265.225,5375.554,27.3940,0.000,58980.5
4265.724,5375.752,27.4101,0.000,58976.3
4265.725,5375.954,27.4277,0.000,58971.8
4266.224,5376.152,27.4218,0.000,58973.3
4266.224,5376.354,27.4199,0.000,58973.8
4266.225,5376.554,27.4365,0.000,58969.5
4266.724,5376.758,27.4228,0.000,58973.0
4266.725,5376.956,27.4134,0.000,58975.5
4267.224,5377.158,27.4336,0.000,58970.2
4267.224,5377.358,27.4114,0.000,58976.0
4267.224,5377.558,27.4121,0.000,58975.8
4267.723,5377.760,27.4144,0.000,58975.2
4267.724,5377.956,27.4328,0.000,58970.5
4268.224,5378.158,27.4386,0.000,58969.0
4268.225,5378.362,27.4043,0.000,58977.9
4268.225,5378.562,27.4194,0.000,58974.0
4268.724,5378.760,27.4258,0.000,58972.3
4268.724,5378.964,27.4233,0.000,58972.9
4269.224,5379.158,27.4031,0.000,58978.1
4269.224,5379.362,27.3926,0.000,58980.8
4269.225,5379.566,27.4279,0.000,58971.8
4269.724,5379.764,27.3766,0.000,58985.0
4269.725,5379.968,27.3833,0.000,58983.2
4270.224,5380.164,27.3960,0.000,58980.0
4270.224,5380.362,27.4015,0.000,58978.6
4270.225,5380.566,27.3987,0.000,58979.3
4270.724,5380.766,27.4116,0.000,58975.9
4270.725,5380.968,27.4167,0.000,58974.6
4271.224,5381.166,27.3792,0.000,58984.3
4271.225,5381.370,27.4013,0.000,58978.6
4271.225,5381.570,27.3758,0.000,58985.2
4271.724,5381.768,27.4061,0.000,58977.4
4271.725,5381.972,27.4072,0.000,58977.1
4272.224,5382.166,27.3918,0.000,58981.1
4272.224,5382.370,27.3625,0.000,58988.6
4272.224,5382.570,27.3999,0.000,58979.0
4272.724,5382.772,27.3672,0.000,58987.4
4272.724,5382.972,27.4141,0.000,58975.3
4273.224,5383.174,27.4136,0.000,58975.4
4273.224,5383.374,27.4251,0.000,58972.5
4273.224,5383.573,27.3916,0.000,58981.1
4273.724,5383.774,27.3996,0.000,58979.1
4273.724,5383.972,27.4095,0.000,58976.5
4274.224,5384.174,27.4007,0.000,58978.8
4274.224,5384.376,27.3870,0.000,58982.3
4274.224,5384.578,27.4121,0.000,58975.8
4274.724,5384.776,27.3965,0.000,58979.8
4274.724,5384.980,27.3886,0.000,58981.9
4275.224,5385.178,27.3737,0.000,58985.7
4275.224,5385.378,27.3823,0.000,58983.5
4275.224,5385.578,27.4149,0.000,58975.1
4275.724,5385.776,27.3955,0.000,58980.1
4275.724,5385.980,27.4126,0.000,58975.7
4276.224,5386.182,27.4095,0.000,58976.5
4276.225,5386.382,27.3882,0.000,58982.0
4276.225,5386.580,27.4009,0.000,58978.7
4276.724,5386.780,27.3901,0.000,58981.5
4276.724,5386.980,27.3934,0.000,58980.6
4277.224,5387.182,27.3860,0.000,58982.6
4277.224,5387.386,27.4030,0.000,58978.2
4277.224,5387.586,27.3950,0.000,58980.2
4277.723,5387.784,27.3782,0.000,58984.6
4277.723,5387.984,27.3906,0.000,58981.4
4278.224,5388.182,27.3641,0.000,58988.2
4278.225,5388.386,27.4043,0.000,58977.8
4278.225,5388.586,27.3592,0.000,58989.5
4278.724,5388.784,27.4015,0.000,58978.6
4278.725,5388.988,27.3950,0.000,58980.2
4279.224,5389.188,27.3886,0.000,58981.9
4279.224,5389.390,27.3753,0.000,58985.3
4279.224,5389.588,27.4046,0.000,58977.8
4279.724,5389.790,27.4013,0.000,58978.6
4279.724,5389.988,27.3984,0.000,58979.4
4280.224,5390.190,27.3896,0.000,58981.6
4280.224,5390.394,27.3971,0.000,58979.7
4280.224,5390.594,27.3589,0.000,58989.5
4280.723,5390.792,27.3758,0.000,58985.2
4280.723,5390.992,27.3843,0.000,58983.0
4281.224,5391.190,27.3930,0.000,58980.8
4281.224,5391.394,27.3922,0.000,58980.9
4281.224,5391.596,27.3734,0.000,58985.8
4281.724,5391.796,27.3818,0.000,58983.6
4281.724,5391.994,27.3862,0.000,58982.5
4282.224,5392.196,27.3848,0.000,58982.9
4282.224,5392.394,27.4043,0.000,58977.8
4282.224,5392.596,27.3885,0.000,58981.9
4282.724,5392.800,27.3890,0.000,58981.8
4282.724,5392.994,27.4053,0.000,58977.6
4283.223,5393.198,27.3597,0.000,58989.4
4283.224,5393.402,27.3929,0.000,58980.8
4283.224,5393.600,27.4019,0.000,58978.5
4283.724,5393.804,27.3803,0.000,58984.0
4283.725,5394.000,27.3872,0.000,58982.2
4284.224,5394.198,27.4022,0.000,58978.4
4284.224,5394.402,27.3747,0.000,58985.5
4284.224,5394.604,27.3725,0.000,58986.0
4284.724,5394.804,27.3737,0.000,58985.8
4284.724,5395.002,27.3530,0.000,58991.1
4285.224,5395.204,27.3874,0.000,58982.2
4285.224,5395.402,27.3403,0.000,58994.3
4285.225,5395.604,27.3828,0.000,58983.4
4285.724,5395.808,27.3600,0.000,58989.3
4285.724,5396.008,27.3807,0.000,58983.9
4286.224,5396.206,27.3494,0.000,58992.0
4286.224,5396.406,27.3966,0.000,58979.8
4286.224,5396.604,27.3634,0.000,58988.4
4286.724,5396.808,27.3657,0.000,58987.8
4286.724,5397.010,27.3574,0.000,58989.9
4287.224,5397.206,27.3579,0.000,58989.8
4287.224,5397.408,27.3501,0.000,58991.8
4287.225,5397.612,27.3865,0.000,58982.4
4287.724,5397.812,27.3706,0.000,58986.6
4287.724,5398.014,27.3540,0.000,58990.8
4288.224,5398.214,27.3759,0.000,58985.2
4288.224,5398.408,27.3504,0.000,58991.8
4288.224,5398.612,27.3447,0.000,58993.2
4288.724,5398.812,27.3720,0.000,58986.2
4288.724,5399.014,27.3594,0.000,58989.4
4289.223,5399.214,27.3626,0.000,58988.6
4289.223,5399.414,27.3284,0.000,58997.4
4289.223,5399.616,27.3512,0.000,58991.5
4289.724,5399.816,27.3362,0.000,58995.4
4289.724,5400.016,27.3276,0.000,58997.6
4290.224,5400.218,27.3725,0.000,58986.1
4290.224,5400.416,27.3335,0.000,58996.1
4290.225,5400.618,27.3354,0.000,58995.6
4290.724,5400.816,27.3361,0.000,58995.4
4290.724,5401.018,27.3408,0.000,58994.2
4291.224,5401.222,27.3293,0.000,58997.2
4291.225,5401.422,27.3278,0.000,58997.6
4291.225,5401.620,27.3257,0.000,58998.1
4291.724,5401.820,27.3325,0.000,58996.4
4291.724,5402.018,27.2931,0.000,59006.5
4292.224,5402.222,27.3402,0.000,58994.4
4292.225,5402.424,27.3128,0.000,59001.4
4292.724,5402.624,27.3066,0.000,59003.0
4292.724,5402.823,27.3249,0.000,58998.3
4292.725,5403.024,27.3398,0.000,58994.4
4293.224,5403.222,27.3161,0.000,59000.6
4293.224,5403.424,27.3057,0.000,59003.2
4293.724,5403.626,27.3024,0.000,59004.1
4293.724,5403.823,27.3289,0.000,58997.3
4293.725,5404.026,27.3136,0.000,59001.2
4294.224,5404.230,27.3213,0.000,58999.3
4294.225,5404.428,27.2825,0.000,59009.2
4294.724,5404.628,27.3107,0.000,59001.9
4294.724,5404.828,27.3372,0.000,58995.1
4294.724,5405.026,27.3110,0.000,59001.8
4295.224,5405.230,27.3074,0.000,59002.8
4295.224,5405.430,27.3040,0.000,59003.7
4295.724,5405.632,27.2726,0.000,59011.8
4295.724,5405.830,27.2931,0.000,59006.5
4295.725,5406.034,27.3003,0.000,59004.7
4296.224,5406.234,27.3151,0.000,59000.8
4296.225,5406.432,27.2853,0.000,59008.5
4296.724,5406.636,27.2793,0.000,59010.0
4296.724,5406.830,27.2651,0.000,59013.6
4296.725,5407.034,27.3154,0.000,59000.8
4297.224,5407.238,27.2830,0.000,59009.1
4297.224,5407.436,27.2692,0.000,59012.6
4297.724,5407.636,27.2954,0.000,59005.9
4297.724,5407.838,27.2791,0.000,59010.1
4297.724,5408.034,27.2910,0.000,59007.0
4298.224,5408.238,27.2947,0.000,59006.1
4298.224,5408.440,27.2892,0.000,59007.5
4298.724,5408.640,27.2848,0.000,59008.6
4298.724,5408.838,27.2964,0.000,59005.7
4298.724,5409.040,27.3047,0.000,59003.5
4299.224,5409.238,27.2573,0.000,59015.7
4299.224,5409.440,27.2563,0.000,59015.9
4299.724,5409.644,27.2695,0.000,59012.6
4299.724,5409.844,27.2531,0.000,59016.8
4299.724,5410.042,27.3011,0.000,59004.4
4300.224,5410.242,27.2952,0.000,59006.0
4300.225,5410.440,27.2578,0.000,59015.6
4300.724,5410.644,27.2596,0.000,59015.1
4300.725,5410.846,27.2967,0.000,59005.6
4300.725,5411.042,27.2703,0.000,59012.3
4301.224,5411.244,27.2614,0.000,59014.6
4301.225,5411.448,27.2734,0.000,59011.5
4301.724,5411.648,27.2661,0.000,59013.4
4301.725,5411.846,27.2640,0.000,59014.0
4301.725,5412.050,27.2715,0.000,59012.1
4302.224,5412.244,27.2939,0.000,59006.2
4302.225,5412.448,27.2627,0.000,59014.3
4302.724,5412.648,27.2780,0.000,59010.4
4302.725,5412.846,27.2428,0.000,59019.4
4302.725,5413.050,27.2448,0.000,59018.9
4303.224,5413.250,27.2661,0.000,59013.4
4303.224,5413.452,27.2785,0.000,59010.2
4303.724,5413.652,27.2808,0.000,59009.6
4303.725,5413.852,27.2695,0.000,59012.5
4303.725,5414.054,27.2598,0.000,59015.1
4304.224,5414.252,27.2643,0.000,59013.8
4304.224,5414.454,27.2690,0.000,59012.7
4304.724,5414.656,27.2544,0.000,59016.5
4304.724,5414.854,27.2685,0.000,59012.8
4304.724,5415.058,27.2604,0.000,59014.9
4305.224,5415.258,27.2993,0.000,59004.9
4305.224,5415.456,27.2658,0.000,59013.5
4305.724,5415.656,27.2637,0.000,59014.0
4305.724,5415.854,27.2610,0.000,59014.7
4305.724,5416.058,27.2581,0.000,59015.5
4306.224,5416.260,27.2946,0.000,59006.1
4306.225,5416.456,27.2882,0.000,59007.7
4306.724,5416.658,27.2793,0.000,59010.0
4306.724,5416.862,27.2874,0.000,59007.9
4306.724,5417.062,27.2632,0.000,59014.2
4307.224,5417.264,27.2568,0.000,59015.8
4307.224,5417.464,27.2588,0.000,59015.3
4307.724,5417.664,27.2254,0.000,59023.9
4307.724,5417.862,27.2189,0.000,59025.6
4307.724,5418.062,27.2304,0.000,59022.6
4308.224,5418.264,27.2441,0.000,59019.1
4308.224,5418.464,27.2669,0.000,59013.2
4308.724,5418.664,27.2568,0.000,59015.8
4308.724,5418.866,27.2505,0.000,59017.4
4308.724,5419.066,27.2482,0.000,59018.0
4309.224,5419.268,27.2776,0.000,59010.5
4309.224,5419.468,27.2557,0.000,59016.1
4309.724,5419.666,27.2173,0.000,59026.0
4309.724,5419.868,27.2500,0.000,59017.6
4309.725,5420.066,27.2560,0.000,59016.0
4310.224,5420.268,27.2531,0.000,59016.7
4310.224,5420.470,27.2300,0.000,59022.7
4310.724,5420.666,27.2347,0.000,59021.5
4310.724,5420.870,27.2516,0.000,59017.2
4310.725,5421.073,27.2451,0.000,59018.8
4311.224,5421.272,27.2640,0.000,59014.0
4311.224,5421.472,27.2461,0.000,59018.6
4311.724,5421.674,27.2371,0.000,59020.9
4311.724,5421.870,27.2641,0.000,59013.9
4311.724,5422.073,27.2471,0.000,59018.3
4312.224,5422.276,27.2724,0.000,59011.8
4312.224,5422.476,27.2580,0.000,59015.5
4312.724,5422.674,27.3047,0.000,59003.5
4312.724,5422.876,27.2607,0.000,59014.8
4312.724,5423.073,27.2910,0.000,59007.1
4313.224,5423.276,27.2632,0.000,59014.2
4313.224,5423.480,27.2437,0.000,59019.2
4313.724,5423.678,27.2589,0.000,59015.2
4313.724,5423.878,27.2537,0.000,59016.6
4313.724,5424.078,27.2516,0.000,59017.2
4314.224,5424.276,27.2666,0.000,59013.3
4314.224,5424.480,27.2472,0.000,59018.3
4314.724,5424.682,27.2300,0.000,59022.6
4314.724,5424.882,27.2181,0.000,59025.7
4314.724,5425.080,27.2754,0.000,59011.0
4315.224,5425.280,27.2387,0.000,59020.5
4315.224,5425.480,27.2189,0.000,59025.6
4315.724,5425.682,27.2441,0.000,59019.1
4315.725,5425.886,27.2604,0.000,59014.9
4315.725,5426.080,27.2651,0.000,59013.7
4316.223,5426.284,27.2139,0.000,59026.8
4316.223,5426.488,27.2111,0.000,59027.5
4316.724,5426.686,27.2444,0.000,59019.0
4316.724,5426.890,27.2402,0.000,59020.1
4316.724,5427.088,27.2126,0.000,59027.2
4317.224,5427.284,27.2368,0.000,59021.0
4317.224,5427.488,27.2446,0.000,59018.9
4317.724,5427.688,27.2700,0.000,59012.4
4317.724,5427.890,27.2588,0.000,59015.3
4317.724,5428.088,27.2910,0.000,59007.0
4318.224,5428.290,27.2402,0.000,59020.1
4318.224,5428.492,27.2799,0.000,59009.9
4318.724,5428.690,27.2474,0.000,59018.2
4318.724,5428.890,27.2466,0.000,59018.4
4318.725,5429.094,27.2371,0.000,59020.8
4319.224,5429.292,27.2495,0.000,59017.7
4319.225,5429.494,27.2270,0.000,59023.5
4319.724,5429.694,27.2400,0.000,59020.1
4319.724,5429.894,27.2080,0.000,59028.3
4319.724,5430.096,27.2005,0.000,59030.3
4320.224,5430.292,27.2324,0.000,59022.1
4320.224,5430.494,27.2327,0.000,59022.0
4320.724,5430.698,27.2202,0.000,59025.2
4320.725,5430.898,27.2334,0.000,59021.8
4320.725,5431.096,27.2062,0.000,59028.8
4321.224,5431.300,27.2202,0.000,59025.2
4321.224,5431.494,27.2379,0.000,59020.6
4321.724,5431.698,27.2410,0.000,59019.9
4321.724,5431.902,27.2150,0.000,59026.5
4321.725,5432.100,27.2387,0.000,59020.5
4322.224,5432.304,27.2620,0.000,59014.5
4322.224,5432.500,27.2479,0.000,59018.1
4322.724,5432.698,27.2363,0.000,59021.1
4322.724,5432.902,27.2170,0.000,59026.0
4322.725,5433.102,27.2456,0.000,59018.7
4323.224,5433.304,27.2282,0.000,59023.2
4323.225,5433.502,27.2344,0.000,59021.6
4323.724,5433.704,27.2261,0.000,59023.7
4323.724,5433.906,27.2415,0.000,59019.7
4323.724,5434.104,27.2103,0.000,59027.8
4324.224,5434.304,27.2318,0.000,59022.2
4324.225,5434.508,27.2361,0.000,59021.1
4324.724,5434.706,27.2192,0.000,59025.5
4324.724,5434.906,27.2479,0.000,59018.1
4324.724,5435.104,27.2329,0.000,59021.9
4325.224,5435.308,27.2378,0.000,59020.7
4325.225,5435.510,27.2368,0.000,59021.0
4325.724,5435.710,27.2309,0.000,59022.5
4325.724,5435.908,27.2036,0.000,59029.5
4325.724,5436.112,27.2319,0.000,59022.2
4326.224,5436.312,27.2482,0.000,59018.0
4326.224,5436.514,27.2187,0.000,59025.6
4326.724,5436.714,27.2220,0.000,59024.8
4326.724,5436.908,27.2254,0.000,59023.9
4326.724,5437.112,27.2295,0.000,59022.8
4327.223,5437.316,27.2358,0.000,59021.2
4327.224,5437.514,27.2187,0.000,59025.6
4327.724,5437.714,27.2288,0.000,59023.0
4327.724,5437.914,27.2111,0.000,59027.5
4327.724,5438.112,27.2062,0.000,59028.8
4328.224,5438.316,27.2241,0.000,59024.2
4328.224,5438.518,27.2274,0.000,59023.4
4328.724,5438.718,27.2200,0.000,59025.3
4328.724,5438.916,27.2254,0.000,59023.9
4328.724,5439.118,27.2099,0.000,59027.9
4329.224,5439.316,27.2168,0.000,59026.1
4329.224,5439.518,27.2461,0.000,59018.5
4329.724,5439.722,27.2378,0.000,59020.7
4329.724,5439.922,27.2383,0.000,59020.6
4329.724,5440.120,27.2204,0.000,59025.2
4330.224,5440.320,27.2223,0.000,59024.6
4330.225,5440.518,27.2189,0.000,59025.6
4330.724,5440.722,27.2339,0.000,59021.7
4330.724,5440.924,27.1955,0.000,59031.6
4330.724,5441.120,27.2217,0.000,59024.8
4331.224,5441.323,27.2197,0.000,59025.4
4331.224,5441.526,27.2363,0.000,59021.1
4331.724,5441.726,27.2441,0.000,59019.0
4331.724,5441.928,27.2270,0.000,59023.5
4332.224,5442.126,27.2016,0.000,59030.0
4332.224,5442.323,27.2130,0.000,59027.1
4332.224,5442.526,27.2316,0.000,59022.3
4332.724,5442.726,27.2409,0.000,59019.9
4332.724,5442.928,27.1933,0.000,59032.1
4333.224,5443.128,27.2230,0.000,59024.5
4333.224,5443.328,27.2116,0.000,59027.4
4333.224,5443.530,27.2272,0.000,59023.4
4333.724,5443.730,27.2431,0.000,59019.3
4333.724,5443.930,27.1978,0.000,59031.0
4334.224,5444.132,27.2156,0.000,59026.4
4334.224,5444.328,27.2026,0.000,59029.7
4334.224,5444.530,27.2197,0.000,59025.3
4334.724,5444.730,27.2138,0.000,59026.8
4334.725,5444.932,27.2072,0.000,59028.5
4335.224,5445.136,27.2007,0.000,59030.2
4335.225,5445.336,27.2010,0.000,59030.1
4335.225,5445.534,27.2051,0.000,59029.1
4335.724,5445.734,27.1911,0.000,59032.7
4335.724,5445.932,27.1884,0.000,59033.4
4336.224,5446.136,27.2022,0.000,59029.8
4336.224,5446.338,27.1763,0.000,59036.5
4336.225,5446.534,27.2129,0.000,59027.1
4336.724,5446.738,27.2147,0.000,59026.6
4336.725,5446.940,27.1831,0.000,59034.8
4337.224,5447.140,27.1859,0.000,59034.0
4337.224,5447.344,27.1934,0.000,59032.1
4337.224,5447.540,27.2013,0.000,59030.0
4337.724,5447.738,27.2267,0.000,59023.6
4337.724,5447.940,27.2300,0.000,59022.6
4338.224,5448.144,27.2041,0.000,59029.3
4338.225,5448.344,27.2103,0.000,59027.8
4338.225,5448.542,27.2137,0.000,59026.9
4338.724,5448.742,27.2104,0.000,59027.7
4338.724,5448.940,27.2422,0.000,59019.6
4339.224,5449.144,27.2246,0.000,59024.1
4339.224,5449.346,27.2200,0.000,59025.2
4339.224,5449.546,27.1840,0.000,59034.5
4339.724,5449.744,27.1929,0.000,59032.2
4339.724,5449.946,27.2033,0.000,59029.5
4340.224,5450.144,27.2116,0.000,59027.4
4340.225,5450.346,27.2129,0.000,59027.1
4340.225,5450.550,27.2075,0.000,59028.5
4340.724,5450.750,27.2166,0.000,59026.1
4340.724,5450.948,27.1821,0.000,59035.0
4341.224,5451.148,27.2057,0.000,59028.9
4341.224,5451.346,27.1888,0.000,59033.3
4341.224,5451.550,27.1995,0.000,59030.5
4341.724,5451.750,27.2150,0.000,59026.6
4341.724,5451.952,27.2085,0.000,59028.2
4342.224,5452.152,27.1865,0.000,59033.8
4342.224,5452.352,27.1891,0.000,59033.2
4342.224,5452.554,27.1932,0.000,59032.1
4342.724,5452.752,27.1807,0.000,59035.4
4342.724,5452.954,27.1753,0.000,59036.7
4343.224,5453.152,27.1808,0.000,59035.3
4343.224,5453.354,27.1816,0.000,59035.1
4343.224,5453.558,27.1927,0.000,59032.3
4343.724,5453.758,27.1720,0.000,59037.6
4343.724,5453.956,27.1740,0.000,59037.1
4344.224,5454.156,27.1709,0.000,59037.9
4344.224,5454.354,27.1951,0.000,59031.6
4344.224,5454.558,27.1850,0.000,59034.2
4344.724,5454.760,27.1808,0.000,59035.3
4344.724,5454.956,27.1566,0.000,59041.5
4345.224,5455.158,27.1805,0.000,59035.4
4345.224,5455.362,27.1810,0.000,59035.3
4345.224,5455.562,27.1953,0.000,59031.6
4345.724,5455.760,27.1901,0.000,59032.9
4345.724,5455.964,27.1821,0.000,59035.0
4346.224,5456.158,27.1933,0.000,59032.1
4346.225,5456.362,27.1674,0.000,59038.7
4346.225,5456.566,27.1956,0.000,59031.5
4346.724,5456.764,27.1618,0.000,59040.2
4346.725,5456.968,27.1492,0.000,59043.4
4347.224,5457.164,27.1536,0.000,59042.3
4347.225,5457.362,27.1383,0.000,59046.2
4347.225,5457.566,27.1849,0.000,59034.3
4347.723,5457.766,27.1307,0.000,59048.1
4347.724,5457.968,27.1597,0.000,59040.7
4348.224,5458.166,27.1255,0.000,59049.5
4348.225,5458.370,27.1390,0.000,59046.0
4348.225,5458.570,27.1421,0.000,59045.2
4348.724,5458.768,27.1487,0.000,59043.6
4348.725,5458.972,27.1590,0.000,59040.9
4349.224,5459.166,27.1522,0.000,59042.7
4349.224,5459.370,27.1489,0.000,59043.5
4349.224,5459.570,27.1483,0.000,59043.7
4349.724,5459.768,27.1696,0.000,59038.2
4349.725,5459.972,27.1619,0.000,59040.1
4350.224,5460.174,27.1310,0.000,59048.1
4350.225,5460.374,27.1776,0.000,59036.1
4350.225,5460.573,27.1462,0.000,59044.2
4350.724,5460.776,27.1570,0.000,59041.4
4350.724,5460.976,27.1653,0.000,59039.3
4351.224,5461.178,27.1367,0.000,59046.6
4351.224,5461.376,27.1543,0.000,59042.1
4351.224,5461.573,27.1709,0.000,59037.9
4351.723,5461.776,27.1629,0.000,59039.9
4351.723,5461.976,27.1780,0.000,59036.0
4352.224,5462.178,27.1540,0.000,59042.2
4352.224,5462.378,27.1644,0.000,59039.5
4352.224,5462.578,27.1696,0.000,59038.2
4352.723,5462.780,27.1805,0.000,59035.4
4352.724,5462.980,27.1552,0.000,59041.9
4353.224,5463.180,27.1515,0.000,59042.8
4353.225,5463.382,27.1707,0.000,59037.9
4353.225,5463.580,27.1567,0.000,59041.5
4353.724,5463.784,27.1974,0.000,59031.1
4353.725,5463.984,27.1699,0.000,59038.1
4354.224,5464.182,27.1580,0.000,59041.1
4354.224,5464.386,27.1619,0.000,59040.1
4354.224,5464.586,27.1688,0.000,59038.4
4354.724,5464.784,27.1702,0.000,59038.0
4354.724,5464.984,27.1907,0.000,59032.8
4355.224,5465.182,27.1471,0.000,59043.9
4355.224,5465.386,27.1460,0.000,59044.2
4355.224,5465.586,27.1353,0.000,59047.0
4355.724,5465.784,27.1431,0.000,59045.0
4355.724,5465.988,27.1611,0.000,59040.4
4356.224,5466.190,27.1499,0.000,59043.2
4356.224,5466.390,27.1639,0.000,59039.7
4356.224,5466.594,27.1531,0.000,59042.4
4356.723,5466.790,27.1250,0.000,59049.6
4356.724,5466.988,27.1377,0.000,59046.4
4357.224,5467.190,27.1696,0.000,59038.2
4357.224,5467.394,27.1499,0.000,59043.2
4357.224,5467.594,27.1390,0.000,59046.0
4357.724,5467.792,27.1562,0.000,59041.6
4357.724,5467.992,27.1523,0.000,59042.6
4358.224,5468.190,27.1546,0.000,59042.0
4358.224,5468.394,27.1504,0.000,59043.1
4358.224,5468.596,27.1377,0.000,59046.4
4358.724,5468.798,27.1535,0.000,59042.3
4358.724,5468.994,27.1470,0.000,59044.0
4359.224,5469.196,27.1279,0.000,59048.9
4359.224,5469.394,27.1562,0.000,59041.7
4359.224,5469.596,27.1147,0.000,59052.2
4359.723,5469.800,27.1245,0.000,59049.7
4359.724,5470.000,27.1460,0.000,59044.2
4360.224,5470.198,27.1194,0.000,59051.1
4360.225,5470.398,27.1054,0.000,59054.6
4360.225,5470.596,27.1307,0.000,59048.2
4360.724,5470.800,27.1169,0.000,59051.7
4360.725,5471.000,27.1326,0.000,59047.6
4361.224,5471.202,27.1194,0.000,59051.1
4361.225,5471.402,27.1256,0.000,59049.4
4361.225,5471.604,27.1245,0.000,59049.8
4361.724,5471.804,27.1104,0.000,59053.3
4361.725,5472.002,27.1554,0.000,59041.8
4362.224,5472.204,27.1172,0.000,59051.6
4362.224,5472.402,27.0938,0.000,59057.6
4362.224,5472.604,27.0920,0.000,59058.1
4362.724,5472.804,27.1058,0.000,59054.5
4362.724,5473.008,27.1064,0.000,59054.4
4363.224,5473.206,27.1095,0.000,59053.6
4363.224,5473.408,27.1138,0.000,59052.5
4363.224,5473.608,27.1143,0.000,59052.4
4363.724,5473.808,27.1144,0.000,59052.3
4363.725,5474.010,27.0971,0.000,59056.8
4364.224,5474.206,27.1473,0.000,59043.9
4364.225,5474.408,27.1118,0.000,59053.0
4364.225,5474.610,27.1338,0.000,59047.4
4364.724,5474.808,27.1225,0.000,59050.3
4364.725,5475.010,27.1172,0.000,59051.6
4365.224,5475.212,27.1497,0.000,59043.3
4365.225,5475.408,27.1484,0.000,59043.6
4365.225,5475.612,27.1273,0.000,59049.0
4365.724,5475.812,27.1431,0.000,59045.0
4365.724,5476.014,27.1353,0.000,59047.0
4366.224,5476.214,27.1356,0.000,59046.9
4366.224,5476.414,27.1048,0.000,59054.8
4366.224,5476.612,27.1297,0.000,59048.4
4366.724,5476.816,27.1225,0.000,59050.3
4366.725,5477.018,27.1268,0.000,59049.2
4367.224,5477.218,27.1439,0.000,59044.8
4367.224,5477.416,27.1442,0.000,59044.7
4367.224,5477.618,27.1353,0.000,59047.0
4367.724,5477.816,27.1259,0.000,59049.4
4367.724,5478.018,27.0916,0.000,59058.2
4368.224,5478.222,27.1281,0.000,59048.8
4368.224,5478.416,27.1102,0.000,59053.4
4368.224,5478.620,27.1042,0.000,59054.9
4368.724,5478.823,27.1147,0.000,59052.2
4368.724,5479.022,27.1270,0.000,59049.1
4369.224,5479.222,27.1172,0.000,59051.7
4369.225,5479.424,27.1154,0.000,59052.1
4369.724,5479.620,27.1014,0.000,59055.6
4369.725,5479.823,27.1098,0.000,59053.5
4369.725,5480.024,27.1167,0.000,59051.8
4370.224,5480.222,27.1104,0.000,59053.3
4370.225,5480.424,27.1074,0.000,59054.1
4370.724,5480.626,27.1187,0.000,59051.2
4370.725,5480.828,27.1071,0.000,59054.2
4370.725,5481.026,27.1172,0.000,59051.6
4371.224,5481.226,27.1317,0.000,59047.9
4371.224,5481.428,27.0796,0.000,59061.2
4371.724,5481.628,27.1063,0.000,59054.4
4371.724,5481.828,27.1474,0.000,59043.9
4371.725,5482.026,27.1071,0.000,59054.2
4372.224,5482.230,27.1165,0.000,59051.8
4372.225,5482.432,27.1064,0.000,59054.4
4372.724,5482.632,27.1255,0.000,59049.5
4372.724,5482.830,27.0920,0.000,59058.1
4372.725,5483.030,27.1258,0.000,59049.4
4373.224,5483.230,27.1060,0.000,59054.5
4373.224,5483.432,27.1211,0.000,59050.6
4373.724,5483.636,27.0799,0.000,59061.2
4373.724,5483.836,27.0950,0.000,59057.3
4373.724,5484.034,27.1069,0.000,59054.2
4374.224,5484.234,27.1313,0.000,59048.0
4374.224,5484.432,27.1102,0.000,59053.4
4374.724,5484.636,27.1104,0.000,59053.4
4374.724,5484.836,27.1238,0.000,59049.9
4374.725,5485.034,27.1064,0.000,59054.4
4375.224,5485.238,27.0996,0.000,59056.1
4375.225,5485.440,27.0833,0.000,59060.3
4375.724,5485.640,27.1081,0.000,59053.9
4375.725,5485.844,27.0942,0.000,59057.5
4375.725,5486.040,27.0853,0.000,59059.8
4376.224,5486.238,27.0923,0.000,59058.0
4376.225,5486.440,27.0835,0.000,59060.2
4376.724,5486.644,27.0796,0.000,59061.2
4376.725,5486.844,27.0988,0.000,59056.3
4376.725,5487.042,27.0913,0.000,59058.2
4377.224,5487.242,27.0822,0.000,59060.6
4377.225,5487.444,27.1020,0.000,59055.5
4377.724,5487.644,27.0591,0.000,59066.5
4377.724,5487.846,27.0793,0.000,59061.3
4377.725,5488.042,27.0802,0.000,59061.1
4378.224,5488.244,27.0980,0.000,59056.5
4378.225,5488.448,27.0918,0.000,59058.1
4378.724,5488.648,27.0874,0.000,59059.2
4378.725,5488.846,27.0858,0.000,59059.7
4378.725,5489.050,27.1077,0.000,59054.1
4379.224,5489.244,27.0864,0.000,59059.5
4379.225,5489.448,27.0931,0.000,59057.8
4379.724,5489.652,27.0877,0.000,59059.2
4379.725,5489.850,27.0862,0.000,59059.5
4379.725,5490.054,27.0883,0.000,59059.0
4380.223,5490.250,27.0843,0.000,59060.0
4380.224,5490.448,27.0931,0.000,59057.8
4380.724,5490.652,27.1011,0.000,59055.8
4380.724,5490.852,27.0888,0.000,59058.9
4380.724,5491.054,27.0773,0.000,59061.8
4381.224,5491.252,27.0747,0.000,59062.5
4381.224,5491.454,27.0797,0.000,59061.2
4381.724,5491.656,27.0830,0.000,59060.4
4381.724,5491.854,27.0902,0.000,59058.5
4381.725,5492.054,27.0892,0.000,59058.8
4382.224,5492.258,27.0768,0.000,59061.9
4382.225,5492.456,27.0981,0.000,59056.5
4382.724,5492.656,27.0794,0.000,59061.3
4382.725,5492.854,27.0977,0.000,59056.6
4382.725,5493.058,27.0923,0.000,59058.0
4383.224,5493.260,27.0696,0.000,59063.8
4383.225,5493.460,27.0862,0.000,59059.5
4383.723,5493.658,27.0674,0.000,59064.4
4383.723,5493.860,27.0601,0.000,59066.2
4383.723,5494.058,27.0610,0.000,59066.0
4384.224,5494.264,27.0524,0.000,59068.2
4384.224,5494.464,27.0459,0.000,59069.8
4384.723,5494.658,27.0534,0.000,59067.9
4384.723,5494.862,27.0822,0.000,59060.5
4384.723,5495.066,27.0825,0.000,59060.5
4385.224,5495.264,27.0765,0.000,59062.0
4385.224,5495.468,27.0696,0.000,59063.8
4385.724,5495.664,27.0796,0.000,59061.2
4385.724,5495.866,27.0752,0.000,59062.4
4385.725,5496.066,27.0661,0.000,59064.7
4386.224,5496.266,27.0618,0.000,59065.8
4386.224,5496.468,27.0633,0.000,59065.4
4386.724,5496.666,27.0402,0.000,59071.3
4386.724,5496.868,27.0645,0.000,59065.1
4386.724,5497.066,27.0557,0.000,59067.3
4387.224,5497.268,27.0729,0.000,59062.9
4387.225,5497.472,27.0685,0.000,59064.1
4387.724,5497.672,27.0426,0.000,59070.7
4387.725,5497.870,27.0566,0.000,59067.1
4387.725,5498.070,27.0682,0.000,59064.2
4388.224,5498.268,27.0804,0.000,59061.0
4388.224,5498.472,27.0735,0.000,59062.8
4388.724,5498.674,27.0592,0.000,59066.4
4388.725,5498.874,27.0595,0.000,59066.4
4388.725,5499.073,27.0634,0.000,59065.4
4389.224,5499.274,27.0613,0.000,59065.9
4389.225,5499.472,27.0361,0.000,59072.4
4389.724,5499.674,27.0342,0.000,59072.8
4389.725,5499.876,27.0378,0.000,59071.9
4389.725,5500.078,27.0641,0.000,59065.2
4390.224,5500.276,27.0288,0.000,59074.2
4390.225,5500.480,27.0498,0.000,59068.9
4390.724,5500.678,27.0278,0.000,59074.5
4390.725,5500.878,27.0325,0.000,59073.2
4390.725,5501.078,27.0483,0.000,59069.2
4391.224,5501.276,27.0363,0.000,59072.3
4391.224,5501.480,27.0519,0.000,59068.3
4391.724,5501.680,27.0423,0.000,59070.8
4391.724,5501.882,27.0424,0.000,59070.7
4391.724,5502.080,27.0737,0.000,59062.8
4392.224,5502.284,27.0562,0.000,59067.2
4392.225,5502.484,27.0620,0.000,59065.7
4392.724,5502.682,27.0175,0.000,59077.1
4392.725,5502.886,27.0405,0.000,59071.2
4392.725,5503.080,27.0464,0.000,59069.7
4393.224,5503.284,27.0270,0.000,59074.7
4393.225,5503.488,27.0488,0.000,59069.1
4393.724,5503.686,27.0451,0.000,59070.0
4393.725,5503.886,27.0244,0.000,59075.3
4393.725,5504.088,27.0581,0.000,59066.7
4394.224,5504.284,27.0672,0.000,59064.4
4394.225,5504.488,27.0371,0.000,59072.1
4394.724,5504.690,27.0356,0.000,59072.5
4394.725,5504.890,27.0578,0.000,59066.8
4394.725,5505.088,27.0268,0.000,59074.8
4395.224,5505.290,27.0316,0.000,59073.5
4395.225,5505.488,27.0278,0.000,59074.4
4395.723,5505.690,27.0397,0.000,59071.4
4395.724,5505.894,27.0456,0.000,59069.9
4395.724,5506.094,27.0338,0.000,59072.9
4396.223,5506.292,27.0092,0.000,59079.2
4396.224,5506.492,27.0148,0.000,59077.8
4396.724,5506.690,27.0378,0.000,59071.9
4396.724,5506.894,27.0329,0.000,59073.2
4396.724,5507.096,27.0376,0.000,59072.0
4397.224,5507.292,27.0065,0.000,59079.9
4397.224,5507.494,27.0259,0.000,59074.9
4397.724,5507.698,27.0233,0.000,59075.6
4397.725,5507.898,27.0412,0.000,59071.1
4397.725,5508.096,27.0498,0.000,59068.9
4398.224,5508.300,27.0296,0.000,59074.0
4398.225,5508.494,27.0302,0.000,59073.9
4398.724,5508.698,27.0334,0.000,59073.1
4398.725,5508.898,27.0382,0.000,59071.8
4398.725,5509.096,27.0566,0.000,59067.1
4399.224,5509.300,27.0325,0.000,59073.2
4399.224,5509.500,27.0302,0.000,59073.8
4399.724,5509.702,27.0441,0.000,59070.3
4399.724,5509.902,27.0159,0.000,59077.5
4399.724,5510.104,27.0151,0.000,59077.7
4400.224,5510.304,27.0314,0.000,59073.5
4400.225,5510.502,27.0042,0.000,59080.5
4400.724,5510.704,27.0607,0.000,59066.1
4400.725,5510.902,27.0395,0.000,59071.5
4400.725,5511.104,27.0161,0.000,59077.4
4401.224,5511.308,27.0386,0.000,59071.7
4401.225,5511.508,27.0314,0.000,59073.5
4401.724,5511.706,27.0283,0.000,59074.4
4401.725,5511.906,27.0225,0.000,59075.8
4401.725,5512.104,27.0456,0.000,59069.9
4402.224,5512.308,26.9990,0.000,59081.8
4402.225,5512.510,27.0047,0.000,59080.3
4402.724,5512.710,27.0053,0.000,59080.2
4402.725,5512.908,27.0342,0.000,59072.8
4402.725,5513.110,27.0239,0.000,59075.5
4403.224,5513.308,27.0350,0.000,59072.7
4403.224,5513.514,27.0430,0.000,59070.6
4403.724,5513.714,27.0067,0.000,59079.9
4403.724,5513.908,27.0239,0.000,59075.5
4403.724,5514.112,27.0142,0.000,59077.9
4404.224,5514.316,27.0176,0.000,59077.1
4404.225,5514.514,27.0257,0.000,59075.0
4404.724,5514.718,27.0101,0.000,59079.0
4404.725,5514.914,27.0356,0.000,59072.5
4404.725,5515.116,27.0150,0.000,59077.8
4405.224,5515.316,27.0078,0.000,59079.6
4405.224,5515.516,27.0270,0.000,59074.7
4405.724,5515.718,27.0219,0.000,59076.0
4405.724,5515.916,27.0041,0.000,59080.5
4405.724,5516.120,27.0239,0.000,59075.5
4406.224,5516.320,27.0195,0.000,59076.6
4406.225,5516.518,27.0013,0.000,59081.2
4406.724,5516.722,27.0275,0.000,59074.6
4406.724,5516.922,27.0003,0.000,59081.5
4406.725,5517.120,27.0373,0.000,59072.0
4407.224,5517.320,27.0076,0.000,59079.6
4407.225,5517.518,27.0097,0.000,59079.1
4407.724,5517.722,27.0037,0.000,59080.6
4407.725,5517.924,26.9883,0.000,59084.5
4408.224,5518.124,27.0034,0.000,59080.7
4408.225,5518.323,26.9899,0.000,59084.1
4408.225,5518.524,27.0168,0.000,59077.3
4408.724,5518.726,26.9962,0.000,59082.5
4408.725,5518.928,27.0172,0.000,59077.2
4409.224,5519.126,27.0136,0.000,59078.1
4409.225,5519.323,26.9891,0.000,59084.4
4409.225,5519.526,26.9893,0.000,59084.3
4409.724,5519.730,27.0060,0.000,59080.0
4409.725,5519.928,27.0000,0.000,59081.6
4410.224,5520.128,26.9839,0.000,59085.7
4410.225,5520.328,26.9868,0.000,59084.9
4410.225,5520.526,27.0164,0.000,59077.4
4410.724,5520.730,27.0244,0.000,59075.3
4410.725,5520.932,26.9760,0.000,59087.7
4411.223,5521.132,27.0117,0.000,59078.6
4411.224,5521.330,27.0185,0.000,59076.9
4411.224,5521.530,26.9943,0.000,59083.0
4411.724,5521.730,26.9855,0.000,59085.2
4411.725,5521.932,27.0055,0.000,59080.2
4412.224,5522.136,27.0145,0.000,59077.9
4412.224,5522.330,26.9905,0.000,59084.0
4412.225,5522.534,27.0047,0.000,59080.4
4412.724,5522.738,26.9873,0.000,59084.8
4412.724,5522.936,27.0148,0.000,59077.8
4413.224,5523.140,26.9922,0.000,59083.5
4413.224,5523.338,26.9932,0.000,59083.3
4413.224,5523.534,26.9907,0.000,59084.0
4413.724,5523.738,26.9793,0.000,59086.8
4413.724,5523.938,26.9816,0.000,59086.2
4414.224,5524.140,26.9594,0.000,59091.9
4414.224,5524.338,26.9702,0.000,59089.2
4414.225,5524.540,26.9725,0.000,59088.6
4414.724,5524.742,26.9761,0.000,59087.7
4414.724,5524.940,26.9858,0.000,59085.1
4415.224,5525.140,26.9959,0.000,59082.6
4415.224,5525.344,26.9881,0.000,59084.6
4415.224,5525.542,26.9770,0.000,59087.4
4415.724,5525.744,26.9644,0.000,59090.6
4415.725,5525.944,26.9578,0.000,59092.3
4416.224,5526.144,26.9809,0.000,59086.4
4416.225,5526.346,26.9721,0.000,59088.7
4416.225,5526.542,26.9604,0.000,59091.7
4416.724,5526.744,26.9940,0.000,59083.1
4416.724,5526.946,26.9990,0.000,59081.8
4417.224,5527.144,26.9923,0.000,59083.5
4417.224,5527.346,27.0000,0.000,59081.6
4417.224,5527.550,26.9995,0.000,59081.7
4417.724,5527.750,26.9882,0.000,59084.6
4417.724,5527.948,26.9731,0.000,59088.4
4418.224,5528.148,26.9819,0.000,59086.2
4418.225,5528.350,27.0099,0.000,59079.0
4418.225,5528.554,26.9897,0.000,59084.2
4418.724,5528.750,26.9673,0.000,59089.9
4418.724,5528.948,26.9661,0.000,59090.2
4419.224,5529.152,26.9677,0.000,59089.8
4419.224,5529.354,26.9599,0.000,59091.8
4419.224,5529.554,26.9915,0.000,59083.7
4419.724,5529.752,26.9808,0.000,59086.5
4419.724,5529.954,26.9897,0.000,59084.2
4420.224,5530.156,26.9824,0.000,59086.1
4420.224,5530.354,26.9935,0.000,59083.2
4420.225,5530.554,26.9665,0.000,59090.1
4420.724,5530.758,26.9971,0.000,59082.3
4420.724,5530.956,26.9723,0.000,59088.6
4421.224,5531.158,26.9650,0.000,59090.5
4421.224,5531.358,26.9608,0.000,59091.6
4421.225,5531.558,26.9765,0.000,59087.5
4421.724,5531.760,26.9738,0.000,59088.2
4421.724,5531.956,26.9769,0.000,59087.5
4422.223,5532.158,26.9728,0.000,59088.5
4422.223,5532.362,26.9531,0.000,59093.5
4422.223,5532.562,26.9478,0.000,59094.9
4422.724,5532.764,26.9769,0.000,59087.5
4422.724,5532.964,26.9458,0.000,59095.4
4423.224,5533.158,26.9526,0.000,59093.7
4423.224,5533.362,26.9717,0.000,59088.8
4423.224,5533.562,26.9603,0.000,59091.7
4423.724,5533.764,26.9632,0.000,59090.9
4423.724,5533.964,26.9596,0.000,59091.9
4424.224,5534.164,26.9660,0.000,59090.2
4424.225,5534.366,26.9546,0.000,59093.1
4424.225,5534.566,26.9541,0.000,59093.2
4424.724,5534.766,26.9541,0.000,59093.2
4424.725,5534.968,26.9554,0.000,59092.9
4425.224,5535.164,26.9715,0.000,59088.8
4425.225,5535.368,26.9682,0.000,59089.7
4425.225,5535.566,26.9674,0.000,59089.8
4425.723,5535.768,26.9346,0.000,59098.2
4425.724,5535.972,26.9510,0.000,59094.0
4426.224,5536.172,26.9396,0.000,59097.0
4426.225,5536.370,26.9640,0.000,59090.7
4426.225,5536.570,26.9238,0.000,59101.0
4426.724,5536.768,26.9424,0.000,59096.3
4426.724,5536.972,26.9645,0.000,59090.6
4427.224,5537.174,26.9528,0.000,59093.6
4427.224,5537.374,26.9186,0.000,59102.3
4427.225,5537.573,26.9500,0.000,59094.3
4427.724,5537.774,26.9336,0.000,59098.5
4427.724,5537.972,26.9570,0.000,59092.5
4428.224,5538.174,26.9883,0.000,59084.5
4428.224,5538.376,26.9712,0.000,59088.9
4428.224,5538.578,26.9442,0.000,59095.8
4428.724,5538.776,26.9375,0.000,59097.5
4428.725,5538.976,26.9473,0.000,59095.0
4429.224,5539.178,26.9337,0.000,59098.4
4429.225,5539.376,26.9414,0.000,59096.5
4429.225,5539.578,26.9380,0.000,59097.4
4429.724,5539.776,26.9355,0.000,59098.0
4429.724,5539.980,26.9451,0.000,59095.6
4430.224,5540.182,26.9500,0.000,59094.3
4430.224,5540.382,26.9337,0.000,59098.4
4430.224,5540.580,26.9282,0.000,59099.9
4430.723,5540.780,26.9468,0.000,59095.1
4430.723,5540.980,26.9287,0.000,59099.7
4431.224,5541.182,26.9503,0.000,59094.2
4431.224,5541.386,26.9388,0.000,59097.1
4431.224,5541.586,26.9262,0.000,59100.4
4431.724,5541.784,26.9209,0.000,59101.7
4431.724,5541.984,26.9308,0.000,59099.2
4432.224,5542.182,26.9326,0.000,59098.8
4432.224,5542.386,26.9282,0.000,59099.9
4432.224,5542.586,26.9324,0.000,59098.8
4432.724,5542.784,26.9432,0.000,59096.0
4432.724,5542.988,26.9446,0.000,59095.6
4433.224,5543.190,26.9614,0.000,59091.4
4433.224,5543.390,26.9305,0.000,59099.3
4433.224,5543.594,26.9373,0.000,59097.6
4433.724,5543.790,26.9108,0.000,59104.3
4433.725,5543.988,26.9502,0.000,59094.2
4434.224,5544.190,26.9201,0.000,59101.9
4434.225,5544.394,26.9250,0.000,59100.7
4434.225,5544.594,26.9201,0.000,59101.9
4434.724,5544.792,26.9469,0.000,59095.1
4434.724,5544.992,26.9121,0.000,59103.9
4435.224,5545.190,26.9067,0.000,59105.4
4435.224,5545.394,26.9126,0.000,59103.8
4435.224,5545.596,26.9311,0.000,59099.1
4435.723,5545.796,26.9329,0.000,59098.7
4435.723,5545.994,26.9306,0.000,59099.2
4436.224,5546.196,26.9326,0.000,59098.7
4436.224,5546.394,26.9287,0.000,59099.7
4436.224,5546.596,26.9194,0.000,59102.1
4436.724,5546.800,26.9432,0.000,59096.1
4436.724,5546.994,26.9235,0.000,59101.0
4437.224,5547.198,26.9179,0.000,59102.5
4437.224,5547.402,26.9038,0.000,59106.1
4437.225,5547.600,26.9350,0.000,59098.1
4437.724,5547.800,26.9010,0.000,59106.8
4437.725,5548.000,26.9181,0.000,59102.4
4438.224,5548.198,26.9458,0.000,59095.4
4438.225,5548.402,26.9062,0.000,59105.5
4438.225,5548.604,26.9446,0.000,59095.7
4438.724,5548.804,26.9258,0.000,59100.5
4438.724,5549.002,26.9308,0.000,59099.1
4439.224,5549.204,26.9012,0.000,59106.7
4439.224,5549.402,26.9108,0.000,59104.3
4439.224,5549.604,26.9189,0.000,59102.2
4439.724,5549.808,26.9175,0.000,59102.6
4439.724,5550.008,26.9092,0.000,59104.8
4440.224,5550.206,26.9334,0.000,59098.5
4440.224,5550.406,26.9002,0.000,59107.0
4440.225,5550.604,26.9287,0.000,59099.7
4440.724,5550.808,26.8862,0.000,59110.5
4440.724,5551.008,26.9142,0.000,59103.4
4441.224,5551.206,26.9224,0.000,59101.3
4441.225,5551.408,26.8989,0.000,59107.3
4441.225,5551.612,26.8963,0.000,59108.0
4441.724,5551.812,26.9184,0.000,59102.4
4441.724,5552.014,26.9095,0.000,59104.6
4442.224,5552.214,26.8966,0.000,59107.9
4442.224,5552.414,26.9106,0.000,59104.3
4442.224,5552.612,26.9118,0.000,59104.1
4442.724,5552.812,26.9194,0.000,59102.1
4442.724,5553.014,26.9002,0.000,59107.0
4443.223,5553.214,26.9054,0.000,59105.7
4443.223,5553.414,26.8911,0.000,59109.3
4443.224,5553.612,26.8916,0.000,59109.2
4443.724,5553.816,26.9262,0.000,59100.4
4443.724,5554.018,26.8893,0.000,59109.8
4444.224,5554.218,26.8970,0.000,59107.8
4444.225,5554.416,26.9009,0.000,59106.8
4444.225,5554.618,26.9054,0.000,59105.6
4444.724,5554.820,26.8958,0.000,59108.1
4444.724,5555.018,26.8838,0.000,59111.1
4445.223,5555.222,26.9058,0.000,59105.6
4445.224,5555.416,26.8698,0.000,59114.7
4445.224,5555.620,26.9004,0.000,59106.9
4445.724,5555.823,26.9052,0.000,59105.7
4445.724,5556.022,26.9033,0.000,59106.2
4446.224,5556.222,26.8911,0.000,59109.3
4446.225,5556.424,26.8976,0.000,59107.6
4446.724,5556.620,26.9165,0.000,59102.9
4446.724,5556.823,26.8818,0.000,59111.6
4446.724,5557.024,26.8900,0.000,59109.6
4447.224,5557.222,26.8773,0.000,59112.8
4447.224,5557.424,26.8771,0.000,59112.9
4447.724,5557.626,26.8753,0.000,59113.3
4447.724,5557.828,26.8835,0.000,59111.2
4447.724,5558.026,26.9077,0.000,59105.1
4448.224,5558.230,26.9020,0.000,59106.5
4448.225,5558.428,26.8838,0.000,59111.2
4448.724,5558.632,26.8711,0.000,59114.4
4448.724,5558.828,26.8847,0.000,59110.9
4448.725,5559.026,26.8926,0.000,59108.9
4449.224,5559.230,26.8779,0.000,59112.6
4449.224,5559.432,26.8945,0.000,59108.4
4449.724,5559.632,26.8818,0.000,59111.7
4449.724,5559.830,26.8934,0.000,59108.8
4449.724,5560.030,26.8773,0.000,59112.8
4450.224,5560.230,26.8962,0.000,59108.0
4450.224,5560.432,26.8950,0.000,59108.3
4450.723,5560.636,26.8670,0.000,59115.4
4450.724,5560.836,26.8842,0.000,59111.1
4450.724,5561.034,26.8913,0.000,59109.2
4451.224,5561.234,26.8782,0.000,59112.6
4451.224,5561.432,26.8720,0.000,59114.2
4451.724,5561.636,26.8922,0.000,59109.0
4451.724,5561.836,26.8670,0.000,59115.4
4451.724,5562.034,26.8833,0.000,59111.3
4452.224,5562.238,26.8563,0.000,59118.2
4452.224,5562.438,26.9020,0.000,59106.5
4452.723,5562.640,26.8701,0.000,59114.6
4452.723,5562.838,26.8853,0.000,59110.8
4452.723,5563.040,26.8921,0.000,59109.0
4453.224,5563.238,26.8560,0.000,59118.2
4453.224,5563.440,26.8803,0.000,59112.1
4453.724,5563.644,26.8535,0.000,59118.9
4453.724,5563.844,26.8642,0.000,59116.2
4453.724,5564.042,26.8618,0.000,59116.7
4454.224,5564.242,26.8717,0.000,59114.2
4454.224,5564.440,26.8499,0.000,59119.8
4454.723,5564.644,26.8719,0.000,59114.2
4454.723,5564.846,26.8621,0.000,59116.6
4454.723,5565.046,26.8782,0.000,59112.6
4455.224,5565.244,26.8672,0.000,59115.4
4455.224,5565.446,26.8709,0.000,59114.4
4455.724,5565.644,26.8812,0.000,59111.8
4455.724,5565.846,26.8618,0.000,59116.7
4455.724,5566.050,26.8394,0.000,59122.4
4456.224,5566.250,26.8611,0.000,59116.9
4456.224,5566.448,26.8554,0.000,59118.4
4456.724,5566.648,26.8525,0.000,59119.1
4456.724,5566.846,26.8642,0.000,59116.2
4456.724,5567.050,26.8429,0.000,59121.6
4457.223,5567.250,26.8527,0.000,59119.0
4457.224,5567.452,26.8506,0.000,59119.6
4457.724,5567.652,26.8646,0.000,59116.0
4457.724,5567.852,26.8356,0.000,59123.4
4457.724,5568.054,26.8413,0.000,59122.0
4458.224,5568.252,26.8690,0.000,59114.9
4458.224,5568.454,26.8808,0.000,59111.9
4458.724,5568.652,26.8477,0.000,59120.3
4458.724,5568.854,26.8444,0.000,59121.2
4458.724,5569.058,26.8524,0.000,59119.2
4459.224,5569.258,26.8408,0.000,59122.1
4459.225,5569.456,26.8397,0.000,59122.4
4459.724,5569.656,26.8542,0.000,59118.7
4459.724,5569.854,26.8245,0.000,59126.2
4459.724,5570.058,26.8390,0.000,59122.6
4460.224,5570.260,26.8366,0.000,59123.2
4460.224,5570.456,26.8317,0.000,59124.4
4460.724,5570.658,26.8149,0.000,59128.7
4460.724,5570.862,26.8217,0.000,59126.9
4460.724,5571.062,26.8427,0.000,59121.6
4461.224,5571.264,26.8340,0.000,59123.8
4461.224,5571.464,26.8219,0.000,59126.9
4461.724,5571.658,26.8542,0.000,59118.7
4461.724,5571.862,26.8252,0.000,59126.1
4461.724,5572.062,26.8488,0.000,59120.0
4462.223,5572.264,26.8494,0.000,59119.9
4462.224,5572.464,26.8501,0.000,59119.7
4462.724,5572.664,26.8320,0.000,59124.3
4462.725,5572.866,26.8262,0.000,59125.8
4462.725,5573.066,26.8299,0.000,59124.9
4463.224,5573.266,26.8045,0.000,59131.3
4463.224,5573.468,26.8439,0.000,59121.3
4463.724,5573.666,26.8510,0.000,59119.5
4463.724,5573.868,26.8554,0.000,59118.4
4463.724,5574.066,26.8493,0.000,59119.9
4464.224,5574.268,26.8291,0.000,59125.0
4464.224,5574.472,26.8358,0.000,59123.3
4464.724,5574.672,26.8180,0.000,59127.9
4464.725,5574.870,26.8413,0.000,59121.9
4464.725,5575.070,26.8149,0.000,59128.7
4465.224,5575.268,26.8027,0.000,59131.8
4465.225,5575.472,26.8154,0.000,59128.5
4465.724,5575.674,26.8026,0.000,59131.8
4465.724,5575.870,26.8101,0.000,59129.9
4465.725,5576.073,26.8315,0.000,59124.4
4466.223,5576.276,26.8320,0.000,59124.3
4466.224,5576.476,26.8154,0.000,59128.6
4466.724,5576.678,26.8086,0.000,59130.3
4466.724,5576.876,26.8079,0.000,59130.4
4466.724,5577.073,26.8188,0.000,59127.6
4467.224,5577.276,26.8081,0.000,59130.4
4467.225,5577.476,26.8122,0.000,59129.4
4467.724,5577.678,26.8312,0.000,59124.5
4467.725,5577.878,26.8139,0.000,59128.9
4467.725,5578.078,26.7920,0.000,59134.4
4468.224,5578.280,26.8134,0.000,59129.0
4468.225,5578.480,26.8136,0.000,59129.0
4468.724,5578.680,26.8141,0.000,59128.9
4468.725,5578.882,26.8161,0.000,59128.4
4468.725,5579.080,26.8144,0.000,59128.8
4469.224,5579.284,26.8253,0.000,59126.0
4469.225,5579.484,26.8013,0.000,59132.1
4469.724,5579.682,26.8115,0.000,59129.5
4469.725,5579.886,26.8018,0.000,59132.0
4469.725,5580.086,26.8193,0.000,59127.5
4470.224,5580.284,26.8366,0.000,59123.1
4470.224,5580.484,26.8172,0.000,59128.1
4470.724,5580.682,26.8214,0.000,59127.0
4470.724,5580.886,26.7993,0.000,59132.6
4470.724,5581.086,26.7939,0.000,59134.0
4471.223,5581.284,26.8249,0.000,59126.1
4471.224,5581.488,26.8252,0.000,59126.0
4471.724,5581.688,26.8343,0.000,59123.7
4471.724,5581.890,26.8172,0.000,59128.1
4471.724,5582.094,26.8050,0.000,59131.2
4472.224,5582.290,26.8312,0.000,59124.5
4472.224,5582.488,26.8227,0.000,59126.7
4472.724,5582.690,26.8076,0.000,59130.5
4472.724,5582.894,26.8185,0.000,59127.8
4472.724,5583.094,26.8224,0.000,59126.8
4473.224,5583.292,26.8224,0.000,59126.8
4473.224,5583.492,26.8115,0.000,59129.6
4473.724,5583.690,26.8089,0.000,59130.1
4473.725,5583.894,26.8330,0.000,59124.0
4473.725,5584.096,26.8062,0.000,59130.9
4474.224,5584.296,26.8257,0.000,59125.9
4474.224,5584.494,26.8076,0.000,59130.5
4474.724,5584.696,26.8159,0.000,59128.4
4474.725,5584.894,26.8104,0.000,59129.8
4474.725,5585.096,26.7878,0.000,59135.5
4475.224,5585.300,26.8309,0.000,59124.6
4475.224,5585.500,26.8188,0.000,59127.6
4475.724,5585.698,26.8032,0.000,59131.6
4475.725,5585.898,26.7917,0.000,59134.5
4475.725,5586.096,26.8433,0.000,59121.4
4476.224,5586.300,26.8058,0.000,59131.0
4476.224,5586.500,26.8149,0.000,59128.7
4476.724,5586.702,26.7956,0.000,59133.5
4476.724,5586.902,26.8110,0.000,59129.7
4476.724,5587.104,26.8027,0.000,59131.8
4477.224,5587.304,26.7811,0.000,59137.2
4477.224,5587.502,26.8130,0.000,59129.1
4477.724,5587.704,26.8027,0.000,59131.7
4477.724,5587.902,26.8249,0.000,59126.1
4477.724,5588.104,26.8013,0.000,59132.1
4478.224,5588.304,26.8257,0.000,59125.9
4478.225,5588.508,26.8127,0.000,59129.2
4478.724,5588.706,26.8045,0.000,59131.3
4478.724,5588.908,26.8022,0.000,59131.9
4478.724,5589.108,26.8018,0.000,59132.0
4479.224,5589.308,26.7861,0.000,59135.9
4479.224,5589.510,26.8018,0.000,59132.0
4479.724,5589.706,26.8062,0.000,59130.9
4479.724,5589.908,26.8120,0.000,59129.4
4479.724,5590.112,26.7868,0.000,59135.8
4480.224,5590.312,26.8398,0.000,59122.3
4480.224,5590.510,26.7739,0.000,59139.0
4480.724,5590.714,26.8024,0.000,59131.8
4480.724,5590.908,26.8035,0.000,59131.5
4480.724,5591.112,26.7866,0.000,59135.8
4481.224,5591.316,26.7808,0.000,59137.3
4481.224,5591.514,26.7946,0.000,59133.8
4481.724,5591.718,26.7891,0.000,59135.2
4481.724,5591.914,26.7954,0.000,59133.6
4481.725,5592.112,26.7968,0.000,59133.2
4482.224,5592.316,26.7851,0.000,59136.2
4482.225,5592.516,26.7924,0.000,59134.4
4482.723,5592.718,26.8026,0.000,59131.8
4482.723,5592.916,26.7949,0.000,59133.7
4482.723,5593.120,26.8125,0.000,59129.2
4483.224,5593.320,26.7643,0.000,59141.5
4483.224,5593.518,26.8037,0.000,59131.5
4483.724,5593.722,26.7599,0.000,59142.6
4483.724,5593.916,26.7776,0.000,59138.1
4483.725,5594.120,26.7783,0.000,59137.9
4484.224,5594.320,26.7730,0.000,59139.3
4484.225,5594.518,26.7552,0.000,59143.8
4484.724,5594.722,26.7861,0.000,59136.0
4484.725,5594.924,26.7672,0.000,59140.7
4485.224,5595.124,26.7973,0.000,59133.1
4485.224,5595.323,26.7917,0.000,59134.5
4485.224,5595.524,26.8166,0.000,59128.2
4485.724,5595.722,26.7944,0.000,59133.9
4485.724,5595.924,26.7747,0.000,59138.8
4486.224,5596.126,26.7786,0.000,59137.8
4486.224,5596.328,26.7882,0.000,59135.4
4486.224,5596.526,26.7939,0.000,59134.0
4486.724,5596.730,26.7563,0.000,59143.5
4486.724,5596.928,26.7686,0.000,59140.4
4487.224,5597.128,26.7822,0.000,59136.9
4487.224,5597.328,26.7827,0.000,59136.8
4487.224,5597.526,26.7751,0.000,59138.7
4487.724,5597.730,26.7646,0.000,59141.4
4487.724,5597.932,26.7887,0.000,59135.3
4488.224,5598.132,26.7700,0.000,59140.0
4488.224,5598.330,26.7856,0.000,59136.1
4488.224,5598.530,26.7809,0.000,59137.3
4488.724,5598.730,26.7695,0.000,59140.1
4488.724,5598.932,26.7689,0.000,59140.3
4489.224,5599.136,26.7834,0.000,59136.6
4489.224,5599.330,26.7663,0.000,59141.0
4489.224,5599.534,26.7785,0.000,59137.9
4489.724,5599.738,26.7573,0.000,59143.2
4489.724,5599.936,26.7900,0.000,59135.0
4490.224,5600.140,26.7767,0.000,59138.4
4490.224,5600.338,26.7773,0.000,59138.1
4490.224,5600.534,26.8035,0.000,59131.6
4490.724,5600.738,26.7680,0.000,59140.6
4490.724,5600.940,26.7944,0.000,59133.8
4491.223,5601.140,26.7866,0.000,59135.8
4491.223,5601.344,26.7596,0.000,59142.7
4491.223,5601.540,26.7615,0.000,59142.2
4491.723,5601.738,26.7614,0.000,59142.2
4491.723,5601.940,26.7461,0.000,59146.1
4492.224,5602.144,26.7746,0.000,59138.9
4492.224,5602.344,26.7641,0.000,59141.6
4492.224,5602.542,26.7806,0.000,59137.4
4492.724,5602.742,26.7518,0.000,59144.7
4492.724,5602.940,26.7583,0.000,59143.0
4493.224,5603.144,26.7884,0.000,59135.4
4493.224,5603.346,26.7627,0.000,59141.9
4493.224,5603.546,26.7388,0.000,59147.9
4493.724,5603.744,26.7498,0.000,59145.1
4493.724,5603.946,26.7677,0.000,59140.6
4494.223,5604.148,26.7641,0.000,59141.6
4494.223,5604.346,26.7578,0.000,59143.1
4494.224,5604.550,26.7772,0.000,59138.2
4494.724,5604.744,26.7638,0.000,59141.6
4494.724,5604.948,26.7534,0.000,59144.2
4495.224,5605.152,26.7381,0.000,59148.1
4495.224,5605.350,26.7423,0.000,59147.0
4495.224,5605.554,26.7378,0.000,59148.2
4495.724,5605.750,26.7417,0.000,59147.2
4495.724,5605.948,26.7614,0.000,59142.2
4496.224,5606.152,26.7568,0.000,59143.4
4496.225,5606.352,26.7597,0.000,59142.7
4496.225,5606.554,26.7720,0.000,59139.5
4496.724,5606.752,26.7519,0.000,59144.6
4496.724,5606.954,26.7676,0.000,59140.7
4497.224,5607.156,26.7786,0.000,59137.8
4497.224,5607.354,26.7663,0.000,59141.0
4497.224,5607.554,26.7532,0.000,59144.3
4497.724,5607.758,26.7552,0.000,59143.8
4497.724,5607.956,26.7614,0.000,59142.2
4498.223,5608.156,26.7495,0.000,59145.2
4498.224,5608.354,26.7308,0.000,59150.0
4498.224,5608.558,26.7475,0.000,59145.7
4498.724,5608.760,26.7402,0.000,59147.6
4498.724,5608.960,26.7392,0.000,59147.8
4499.224,5609.158,26.7392,0.000,59147.8
4499.224,5609.360,26.7454,0.000,59146.3
4499.224,5609.558,26.7375,0.000,59148.3
4499.724,5609.760,26.7466,0.000,59146.0
4499.724,5609.962,26.7371,0.000,59148.4
4500.224,5610.158,26.7376,0.000,59148.2
4500.225,5610.362,26.7407,0.000,59147.5
4500.225,5610.562,26.7431,0.000,59146.9
4500.724,5610.764,26.7477,0.000,59145.7
4500.724,5610.968,26.7354,0.000,59148.8
4501.224,5611.164,26.7431,0.000,59146.9
4501.224,5611.362,26.7534,0.000,59144.2
4501.224,5611.566,26.7659,0.000,59141.1
4501.724,5611.768,26.7443,0.000,59146.6
4501.724,5611.968,26.7497,0.000,59145.2
4502.224,5612.166,26.7311,0.000,59149.9
4502.224,5612.368,26.7340,0.000,59149.1
4502.224,5612.566,26.7391,0.000,59147.9
4502.724,5612.768,26.7368,0.000,59148.4
4502.724,5612.972,26.7405,0.000,59147.5
4503.224,5613.172,26.7627,0.000,59141.9
4503.224,5613.370,26.7419,0.000,59147.2
4503.224,5613.570,26.7248,0.000,59151.5
4503.724,5613.768,26.7361,0.000,59148.6
4503.724,5613.972,26.7422,0.000,59147.1
4504.224,5614.174,26.7443,0.000,59146.5
4504.224,5614.374,26.7378,0.000,59148.2
4504.224,5614.573,26.7431,0.000,59146.8
4504.724,5614.774,26.7448,0.000,59146.4
4504.724,5614.976,26.7340,0.000,59149.1
4505.224,5615.178,26.7575,0.000,59143.2
4505.224,5615.376,26.7391,0.000,59147.9
4505.224,5615.573,26.7586,0.000,59142.9
4505.724,5615.776,26.7261,0.000,59151.1
4505.724,5615.980,26.7484,0.000,59145.5
4506.224,5616.178,26.7314,0.000,59149.8
4506.224,5616.378,26.7436,0.000,59146.7
4506.224,5616.578,26.7414,0.000,59147.3
4506.724,5616.776,26.7559,0.000,59143.6
4506.724,5616.980,26.7497,0.000,59145.2
4507.224,5617.180,26.7336,0.000,59149.3
4507.224,5617.384,26.7640,0.000,59141.6
4507.225,5617.580,26.7438,0.000,59146.7
4507.724,5617.780,26.7204,0.000,59152.6
4507.725,5617.980,26.7100,0.000,59155.2
4508.224,5618.182,26.7319,0.000,59149.7
4508.225,5618.386,26.7378,0.000,59148.2
4508.225,5618.586,26.7441,0.000,59146.6
4508.724,5618.784,26.7298,0.000,59150.2
4508.725,5618.984,26.7262,0.000,59151.1
4509.224,5619.182,26.6958,0.000,59158.8
4509.224,5619.386,26.7352,0.000,59148.9
4509.224,5619.586,26.7194,0.000,59152.8
4509.724,5619.784,26.7365,0.000,59148.5
4509.724,5619.988,26.7347,0.000,59149.0
4510.224,5620.190,26.7384,0.000,59148.0
4510.224,5620.390,26.7246,0.000,59151.5
4510.224,5620.594,26.7223,0.000,59152.1
4510.724,5620.790,26.7277,0.000,59150.8
4510.725,5620.988,26.7505,0.000,59145.0
4511.224,5621.190,26.7404,0.000,59147.6
4511.224,5621.394,26.7344,0.000,59149.0
4511.224,5621.594,26.7422,0.000,59147.1
4511.724,5621.792,26.7305,0.000,59150.0
4511.725,5621.992,26.7324,0.000,59149.6
4512.224,5622.190,26.7329,0.000,59149.4
4512.224,5622.394,26.7331,0.000,59149.4
4512.224,5622.594,26.7331,0.000,59149.4
4512.724,5622.792,26.7405,0.000,59147.5
4512.724,5622.994,26.7246,0.000,59151.6
4513.224,5623.198,26.7188,0.000,59153.0
4513.224,5623.398,26.7300,0.000,59150.2
4513.225,5623.596,26.7132,0.000,59154.4
4513.724,5623.800,26.7223,0.000,59152.1
4513.724,5623.994,26.7233,0.000,59151.8
4514.224,5624.198,26.7241,0.000,59151.7
4514.225,5624.402,26.7290,0.000,59150.4
4514.225,5624.600,26.6969,0.000,59158.5
4514.724,5624.804,26.6932,0.000,59159.5
4514.725,5625.000,26.7173,0.000,59153.4
4515.224,5625.202,26.7103,0.000,59155.1
4515.225,5625.402,26.7050,0.000,59156.5
4515.225,5625.602,26.7213,0.000,59152.4
4515.724,5625.804,26.7412,0.000,59147.4
4515.724,5626.002,26.7479,0.000,59145.7
4516.224,5626.204,26.7353,0.000,59148.8
4516.224,5626.406,26.7148,0.000,59154.0
4516.225,5626.604,26.7269,0.000,59151.0
4516.724,5626.808,26.7160,0.000,59153.7
4516.725,5627.008,26.7283,0.000,59150.6
4517.224,5627.206,26.7100,0.000,59155.2
4517.225,5627.406,26.6934,0.000,59159.4
4517.225,5627.604,26.7106,0.000,59155.1
4517.724,5627.808,26.7155,0.000,59153.8
4517.724,5628.010,26.7090,0.000,59155.5
4518.224,5628.210,26.7114,0.000,59154.9
4518.225,5628.408,26.7100,0.000,59155.2
4518.225,5628.610,26.7078,0.000,59155.8
4518.724,5628.808,26.7047,0.000,59156.6
4518.724,5629.014,26.7275,0.000,59150.8
4519.224,5629.214,26.7234,0.000,59151.8
4519.224,5629.408,26.7259,0.000,59151.2
4519.224,5629.612,26.7378,0.000,59148.2
4519.724,5629.816,26.7191,0.000,59152.9
4519.724,5630.014,26.7238,0.000,59151.7
4520.224,5630.218,26.7354,0.000,59148.8
4520.224,5630.414,26.7305,0.000,59150.0
4520.224,5630.612,26.7216,0.000,59152.3
4520.724,5630.816,26.7197,0.000,59152.8
4520.725,5631.016,26.7075,0.000,59155.9
4521.224,5631.218,26.7231,0.000,59151.9
4521.224,5631.416,26.7204,0.000,59152.6
4521.224,5631.620,26.7007,0.000,59157.6
4521.724,5631.820,26.6862,0.000,59161.2
4521.724,5632.018,26.7194,0.000,59152.8
4522.224,5632.222,26.7236,0.000,59151.7
4522.225,5632.416,26.7179,0.000,59153.2
4522.225,5632.620,26.7274,0.000,59150.8
4522.724,5632.823,26.7070,0.000,59156.0
4522.725,5633.022,26.7007,0.000,59157.6
4523.224,5633.222,26.7140,0.000,59154.2
4523.224,5633.424,26.7028,0.000,59157.1
4523.224,5633.620,26.7191,0.000,59153.0
4523.724,5633.823,26.7209,0.000,59152.5
4523.725,5634.026,26.7257,0.000,59151.2
4524.224,5634.226,26.7210,0.000,59152.4
4524.225,5634.428,26.7305,0.000,59150.0
4524.724,5634.626,26.7334,0.000,59149.3
4524.724,5634.823,26.7144,0.000,59154.1
4524.725,5635.026,26.7210,0.000,59152.4
4525.224,5635.230,26.7204,0.000,59152.6
4525.224,5635.428,26.7248,0.000,59151.5
4525.724,5635.628,26.7094,0.000,59155.4
4525.725,5635.828,26.7344,0.000,59149.0
4525.725,5636.026,26.7220,0.000,59152.2
4526.224,5636.230,26.7108,0.000,59155.0
4526.224,5636.432,26.7038,0.000,59156.8
4526.724,5636.632,26.7144,0.000,59154.1
4526.725,5636.830,26.7060,0.000,59156.2
4526.725,5637.030,26.7161,0.000,59153.7
4527.224,5637.230,26.7117,0.000,59154.8
4527.224,5637.432,26.6665,0.000,59166.2
4527.724,5637.636,26.6774,0.000,59163.5
4527.724,5637.836,26.6653,0.000,59166.5
4527.724,5638.034,26.6857,0.000,59161.4
4528.224,5638.234,26.6681,0.000,59165.8
4528.224,5638.432,26.6570,0.000,59168.6
4528.724,5638.636,26.6870,0.000,59161.1
4528.725,5638.836,26.6883,0.000,59160.7
4528.725,5639.034,26.6845,0.000,59161.7
4529.224,5639.238,26.6792,0.000,59163.0
4529.225,5639.438,26.6772,0.000,59163.5
4529.724,5639.640,26.6839,0.000,59161.8
4529.724,5639.838,26.6678,0.000,59165.9
4529.724,5640.040,26.6818,0.000,59162.4
4530.224,5640.238,26.6679,0.000,59165.9
4530.224,5640.440,26.6728,0.000,59164.6
4530.724,5640.644,26.6899,0.000,59160.3
4530.724,5640.844,26.7018,0.000,59157.3
4530.725,5641.042,26.7029,0.000,59157.0
4531.224,5641.242,26.7056,0.000,59156.4
4531.224,5641.440,26.7085,0.000,59155.6
4531.724,5641.644,26.6907,0.000,59160.1
4531.724,5641.846,26.6982,0.000,59158.2
4531.724,5642.046,26.7036,0.000,59156.8
4532.224,5642.244,26.6782,0.000,59163.2
4532.224,5642.446,26.6777,0.000,59163.4
4532.724,5642.644,26.7070,0.000,59156.0
4532.724,5642.846,26.6774,0.000,59163.5
4532.724,5643.050,26.6692,0.000,59165.5
4533.223,5643.250,26.6603,0.000,59167.8
4533.224,5643.448,26.6658,0.000,59166.4
4533.724,5643.648,26.6764,0.000,59163.7
4533.724,5643.846,26.6558,0.000,59168.9
4533.724,5644.050,26.6753,0.000,59164.0
4534.224,5644.250,26.6647,0.000,59166.7
4534.225,5644.452,26.6833,0.000,59162.0
4534.724,5644.652,26.6772,0.000,59163.6
4534.725,5644.852,26.6611,0.000,59167.6
4534.725,5645.054,26.7010,0.000,59157.5
4535.224,5645.252,26.7011,0.000,59157.5
4535.224,5645.454,26.6850,0.000,59161.6
4535.724,5645.656,26.6907,0.000,59160.1
4535.724,5645.854,26.6769,0.000,59163.6
4535.724,5646.058,26.6818,0.000,59162.3
4536.224,5646.258,26.6816,0.000,59162.4
4536.224,5646.456,26.7103,0.000,59155.2
4536.724,5646.656,26.6564,0.000,59168.8
4536.725,5646.854,26.6992,0.000,59157.9
4536.725,5647.058,26.6904,0.000,59160.2
4537.224,5647.260,26.6956,0.000,59158.9
4537.225,5647.460,26.6878,0.000,59160.9
4537.724,5647.658,26.6674,0.000,59166.0
4537.724,5647.860,26.6951,0.000,59159.0
4537.725,5648.058,26.6723,0.000,59164.8
4538.224,5648.264,26.6943,0.000,59159.2
4538.224,5648.464,26.6829,0.000,59162.1
4538.724,5648.658,26.6762,0.000,59163.8
4538.724,5648.862,26.6902,0.000,59160.2
4538.724,5649.066,26.6732,0.000,59164.5
4539.224,5649.264,26.6738,0.000,59164.4
4539.225,5649.468,26.7003,0.000,59157.7
4539.724,5649.664,26.6777,0.000,59163.4
4539.725,5649.866,26.6922,0.000,59159.8
4539.725,5650.066,26.6955,0.000,59158.9
4540.224,5650.266,26.6712,0.000,59165.1
4540.225,5650.468,26.6803,0.000,59162.7
4540.724,5650.666,26.7016,0.000,59157.4
4540.724,5650.870,26.6575,0.000,59168.5
4540.724,5651.070,26.6738,0.000,59164.4
4541.224,5651.268,26.6724,0.000,59164.8
4541.225,5651.472,26.6806,0.000,59162.7
4541.724,5651.666,26.6772,0.000,59163.5
4541.724,5651.870,26.6743,0.000,59164.2
4541.725,5652.070,26.6684,0.000,59165.8
4542.224,5652.272,26.6632,0.000,59167.0
4542.225,5652.472,26.6574,0.000,59168.5
4542.724,5652.674,26.6845,0.000,59161.7
4542.725,5652.874,26.6722,0.000,59164.8
4542.725,5653.073,26.6833,0.000,59162.0
4543.224,5653.274,26.7134,0.000,59154.4
4543.224,5653.472,26.6997,0.000,59157.8
4543.724,5653.674,26.7202,0.000,59152.7
4543.724,5653.876,26.6943,0.000,59159.2
4543.725,5654.078,26.6999,0.000,59157.8
4544.224,5654.276,26.6766,0.000,59163.7
4544.225,5654.480,26.6919,0.000,59159.8
4544.724,5654.678,26.6982,0.000,59158.2
4544.724,5654.878,26.6982,0.000,59158.2
4544.724,5655.078,26.6862,0.000,59161.2
4545.224,5655.276,26.6982,0.000,59158.2
4545.224,5655.480,26.6925,0.000,59159.7
4545.724,5655.682,26.7033,0.000,59156.9
4545.724,5655.882,26.7132,0.000,59154.4
4545.724,5656.080,26.6964,0.000,59158.7
4546.224,5656.280,26.6880,0.000,59160.8
4546.224,5656.480,26.6907,0.000,59160.1
4546.724,5656.682,26.6875,0.000,59160.9
4546.724,5656.886,26.6821,0.000,59162.3
4546.724,5657.086,26.6868,0.000,59161.1
4547.224,5657.284,26.6704,0.000,59165.2
4547.224,5657.484,26.6907,0.000,59160.1
4547.724,5657.682,26.7047,0.000,59156.6
4547.724,5657.886,26.7049,0.000,59156.5
4547.724,5658.086,26.6890,0.000,59160.5
4548.224,5658.284,26.7002,0.000,59157.7
4548.224,5658.488,26.6743,0.000,59164.2
4548.724,5658.688,26.6865,0.000,59161.2
4548.724,5658.890,26.6801,0.000,59162.8
4548.724,5659.088,26.6738,0.000,59164.3
4549.224,5659.290,26.6875,0.000,59160.9
4549.224,5659.492,26.6896,0.000,59160.4
4549.724,5659.690,26.6872,0.000,59161.0
4549.724,5659.890,26.6686,0.000,59165.7
4549.724,5660.094,26.7075,0.000,59155.8
4550.224,5660.292,26.6885,0.000,59160.6
4550.224,5660.492,26.6816,0.000,59162.4
4550.724,5660.690,26.6787,0.000,59163.2
4550.725,5660.894,26.7114,0.000,59154.9
4550.725,5661.096,26.6694,0.000,59165.5
4551.224,5661.296,26.6840,0.000,59161.8
4551.225,5661.494,26.6628,0.000,59167.2
4551.724,5661.696,26.6953,0.000,59159.0
4551.725,5661.894,26.6893,0.000,59160.5
4551.725,5662.096,26.6972,0.000,59158.5
4552.224,5662.300,26.7029,0.000,59157.0
4552.224,5662.494,26.7020,0.000,59157.3
4552.724,5662.698,26.6816,0.000,59162.4
4552.724,5662.902,26.6898,0.000,59160.4
4552.724,5663.100,26.7026,0.000,59157.1
4553.224,5663.304,26.7023,0.000,59157.2
4553.225,5663.500,26.6929,0.000,59159.6
4553.724,5663.698,26.6917,0.000,59159.9
4553.725,5663.902,26.6702,0.000,59165.3
4553.725,5664.104,26.6818,0.000,59162.4
4554.224,5664.304,26.6728,0.000,59164.6
4554.224,5664.502,26.6762,0.000,59163.8
4554.723,5664.704,26.6904,0.000,59160.2
4554.724,5664.906,26.7031,0.000,59157.0
4554.724,5665.104,26.6899,0.000,59160.3
4555.224,5665.304,26.7033,0.000,59156.9
4555.225,5665.508,26.6738,0.000,59164.4
4555.724,5665.706,26.6938,0.000,59159.3
4555.724,5665.908,26.6816,0.000,59162.4
4555.724,5666.108,26.6824,0.000,59162.2
4556.224,5666.308,26.6658,0.000,59166.4
4556.225,5666.510,26.7022,0.000,59157.2
4556.724,5666.706,26.6893,0.000,59160.5
4556.724,5666.908,26.6766,0.000,59163.7
4556.725,5667.110,26.6860,0.000,59161.3
4557.224,5667.308,26.6642,0.000,59166.8
4557.225,5667.510,26.6824,0.000,59162.2
4557.724,5667.712,26.6938,0.000,59159.3
4557.724,5667.908,26.6738,0.000,59164.4
4557.724,5668.112,26.6655,0.000,59166.5
4558.224,5668.312,26.6763,0.000,59163.7
4558.225,5668.514,26.6772,0.000,59163.5
4558.724,5668.714,26.6847,0.000,59161.6
4558.725,5668.914,26.6840,0.000,59161.8
4558.725,5669.116,26.6837,0.000,59161.9
4559.223,5669.316,26.6787,0.000,59163.2
4559.223,5669.516,26.6797,0.000,59162.9
4559.724,5669.718,26.6870,0.000,59161.0
4559.725,5669.916,26.6686,0.000,59165.7
4559.725,5670.118,26.6868,0.000,59161.1
4560.224,5670.316,26.6851,0.000,59161.5
4560.225,5670.518,26.6834,0.000,59162.0
4560.724,5670.722,26.6912,0.000,59160.0
4560.725,5670.922,26.6826,0.000,59162.2
4560.725,5671.120,26.6920,0.000,59159.8
4561.224,5671.320,26.6719,0.000,59164.9
4561.225,5671.518,26.6852,0.000,59161.5
4561.724,5671.722,26.7080,0.000,59155.7
4561.725,5671.924,26.6762,0.000,59163.8
4562.224,5672.124,26.6738,0.000,59164.3
4562.225,5672.323,26.6828,0.000,59162.1
4562.225,5672.524,26.6592,0.000,59168.1
4562.724,5672.722,26.6647,0.000,59166.7
4562.724,5672.924,26.6670,0.000,59166.1
4563.224,5673.126,26.6748,0.000,59164.1
4563.225,5673.328,26.6875,0.000,59160.9
4563.225,5673.526,26.6671,0.000,59166.1
4563.724,5673.726,26.6598,0.000,59167.9
4563.725,5673.928,26.6647,0.000,59166.7
4564.224,5674.128,26.6878,0.000,59160.9
4564.224,5674.328,26.6642,0.000,59166.8
4564.224,5674.526,26.6792,0.000,59163.0
4564.724,5674.730,26.6658,0.000,59166.4
4564.724,5674.932,26.6735,0.000,59164.5
4565.224,5675.132,26.6792,0.000,59163.0
4565.224,5675.330,26.6507,0.000,59170.2
4565.224,5675.530,26.6777,0.000,59163.4
4565.724,5675.730,26.6963,0.000,59158.7
4565.724,5675.932,26.7130,0.000,59154.4
4566.224,5676.136,26.7075,0.000,59155.8
4566.224,5676.336,26.7060,0.000,59156.2
4566.224,5676.534,26.6997,0.000,59157.8
4566.724,5676.734,26.6714,0.000,59165.0
4566.724,5676.932,26.6777,0.000,59163.4
4567.224,5677.136,26.6745,0.000,59164.2
4567.224,5677.336,26.6758,0.000,59163.9
4567.224,5677.534,26.6667,0.000,59166.2
4567.724,5677.738,26.6808,0.000,59162.6
4567.724,5677.938,26.6878,0.000,59160.9
4568.224,5678.140,26.6608,0.000,59167.7
4568.225,5678.338,26.6616,0.000,59167.5
4568.225,5678.540,26.6789,0.000,59163.1
4568.724,5678.738,26.6523,0.000,59169.8
4568.724,5678.940,26.6684,0.000,59165.7
4569.224,5679.144,26.6628,0.000,59167.1
4569.224,5679.344,26.6667,0.000,59166.2
4569.224,5679.542,26.6772,0.000,59163.5
4569.724,5679.742,26.6930,0.000,59159.5
4569.725,5679.940,26.6999,0.000,59157.8
4570.224,5680.144,26.6579,0.000,59168.4
4570.224,5680.346,26.6562,0.000,59168.8
4570.225,5680.546,26.6738,0.000,59164.3
4570.724,5680.744,26.6300,0.000,59175.4
4570.724,5680.946,26.6556,0.000,59169.0
4571.224,5681.144,26.6859,0.000,59161.4
4571.224,5681.346,26.6762,0.000,59163.8
4571.224,5681.550,26.6776,0.000,59163.5
4571.724,5681.750,26.6803,0.000,59162.8
4571.725,5681.948,26.6834,0.000,59162.0
4572.224,5682.148,26.6722,0.000,59164.8
4572.225,5682.346,26.6792,0.000,59163.0
4572.225,5682.550,26.6806,0.000,59162.7
4572.724,5682.750,26.6704,0.000,59165.2
4572.725,5682.952,26.6463,0.000,59171.4
4573.224,5683.152,26.6699,0.000,59165.3
4573.225,5683.354,26.6634,0.000,59167.0
4573.225,5683.554,26.6699,0.000,59165.4
4573.724,5683.752,26.6653,0.000,59166.5
4573.725,5683.954,26.6652,0.000,59166.6
4574.224,5684.152,26.6437,0.000,59172.0
4574.225,5684.354,26.6634,0.000,59167.0
4574.225,5684.558,26.6660,0.000,59166.4
4574.724,5684.758,26.6704,0.000,59165.2
4574.725,5684.956,26.6564,0.000,59168.8
4575.224,5685.156,26.6543,0.000,59169.3
4575.224,5685.354,26.6536,0.000,59169.5
4575.225,5685.558,26.6733,0.000,59164.5
4575.724,5685.760,26.6645,0.000,59166.7
4575.725,5685.956,26.6509,0.000,59170.2
4576.224,5686.158,26.6644,0.000,59166.8
4576.225,5686.362,26.6689,0.000,59165.6
4576.225,5686.562,26.6579,0.000,59168.4
4576.724,5686.764,26.6562,0.000,59168.8
4576.725,5686.964,26.6584,0.000,59168.3
4577.224,5687.158,26.6652,0.000,59166.6
4577.225,5687.362,26.6543,0.000,59169.3
4577.225,5687.566,26.6724,0.000,59164.8
4577.724,5687.764,26.6473,0.000,59171.1
4577.724,5687.964,26.6792,0.000,59163.0
4578.224,5688.164,26.6671,0.000,59166.1
4578.225,5688.362,26.6387,0.000,59173.2
4578.225,5688.566,26.6603,0.000,59167.8
4578.724,5688.768,26.6457,0.000,59171.5
4578.725,5688.968,26.6572,0.000,59168.6
4579.224,5689.166,26.6789,0.000,59163.1
4579.225,5689.368,26.6704,0.000,59165.2
4579.225,5689.566,26.6699,0.000,59165.4
4579.724,5689.768,26.6484,0.000,59170.8
4579.724,5689.972,26.6343,0.000,59174.3
4580.224,5690.166,26.6504,0.000,59170.3
4580.225,5690.370,26.6455,0.000,59171.5
4580.225,5690.573,26.6519,0.000,59169.9
4580.724,5690.772,26.6519,0.000,59169.9
4580.724,5690.972,26.6538,0.000,59169.4
4581.224,5691.174,26.6668,0.000,59166.2
4581.224,5691.370,26.6728,0.000,59164.6
4581.224,5691.573,26.6647,0.000,59166.7
4581.724,5691.776,26.6526,0.000,59169.8
4581.724,5691.976,26.6395,0.000,59173.1
4582.224,5692.174,26.6478,0.000,59171.0
4582.224,5692.376,26.6507,0.000,59170.2
4582.224,5692.573,26.6414,0.000,59172.6
4582.724,5692.776,26.6724,0.000,59164.8
4582.724,5692.980,26.6465,0.000,59171.3
4583.224,5693.178,26.6336,0.000,59174.5
4583.224,5693.378,26.6391,0.000,59173.1
4583.224,5693.578,26.6533,0.000,59169.6
4583.724,5693.776,26.6496,0.000,59170.5
4583.724,5693.980,26.6556,0.000,59169.0
4584.224,5694.182,26.6434,0.000,59172.1
4584.224,5694.382,26.6416,0.000,59172.5
4584.224,5694.580,26.6517,0.000,59170.0
4584.724,5694.780,26.6567,0.000,59168.7
4584.724,5694.980,26.6304,0.000,59175.4
4585.224,5695.182,26.6343,0.000,59174.4
4585.224,5695.386,26.6561,0.000,59168.9
4585.224,5695.586,26.6387,0.000,59173.2
4585.724,5695.784,26.6533,0.000,59169.5
4585.724,5695.984,26.6450,0.000,59171.6
4586.224,5696.182,26.6186,0.000,59178.4
4586.225,5696.386,26.6264,0.000,59176.4
4586.225,5696.586,26.6230,0.000,59177.2
4586.724,5696.784,26.5980,0.000,59183.5
4586.724,5696.988,26.5884,0.000,59185.9
4587.224,5697.188,26.5791,0.000,59188.3
4587.224,5697.390,26.6089,0.000,59180.8
4587.224,5697.594,26.6216,0.000,59177.6
4587.724,5697.790,26.6105,0.000,59180.4
4587.725,5697.988,26.5975,0.000,59183.6
4588.224,5698.190,26.5867,0.000,59186.4
4588.225,5698.394,26.5923,0.000,59185.0
4588.225,5698.594,26.5932,0.000,59184.8
4588.724,5698.792,26.5942,0.000,59184.5
4588.724,5698.992,26.6108,0.000,59180.3
4589.224,5699.190,26.5898,0.000,59185.6
4589.225,5699.394,26.6020,0.000,59182.5
4589.225,5699.596,26.6269,0.000,59176.2
4589.724,5699.796,26.5963,0.000,59183.9
4589.724,5699.994,26.6033,0.000,59182.2
4590.224,5700.196,26.6335,0.000,59174.6
4590.224,5700.394,26.6198,0.000,59178.0
4590.224,5700.596,26.6232,0.000,59177.2
4590.724,5700.800,26.6286,0.000,59175.8
4590.725,5701.000,26.6270,0.000,59176.2
4591.224,5701.198,26.6269,0.000,59176.2
4591.225,5701.398,26.6411,0.000,59172.7
4591.225,5701.596,26.6367,0.000,59173.8
4591.724,5701.800,26.6357,0.000,59174.0
4591.725,5702.000,26.6406,0.000,59172.8
4592.224,5702.202,26.6323,0.000,59174.8
4592.225,5702.402,26.6360,0.000,59173.9
4592.225,5702.604,26.6406,0.000,59172.7
4592.724,5702.804,26.6282,0.000,59175.9
4592.725,5703.002,26.6450,0.000,59171.6
4593.224,5703.204,26.6353,0.000,59174.1
4593.225,5703.402,26.6556,0.000,59169.0
4593.225,5703.604,26.6359,0.000,59174.0
4593.724,5703.808,26.6369,0.000,59173.7
4593.724,5704.008,26.6256,0.000,59176.6
4594.224,5704.206,26.6312,0.000,59175.1
4594.225,5704.406,26.6341,0.000,59174.4
4594.225,5704.604,26.6328,0.000,59174.7
4594.724,5704.808,26.6234,0.000,59177.1
4594.725,5705.010,26.6169,0.000,59178.7
4595.224,5705.210,26.6274,0.000,59176.1
4595.225,5705.408,26.6172,0.000,59178.7
4595.225,5705.610,26.6113,0.000,59180.2
4595.724,5705.808,26.6226,0.000,59177.3
4595.725,5706.010,26.6214,0.000,59177.6
4596.224,5706.212,26.6203,0.000,59177.9
4596.224,5706.408,26.6292,0.000,59175.6
4596.224,5706.612,26.6276,0.000,59176.1
4596.724,5706.816,26.6312,0.000,59175.2
4596.725,5707.014,26.6304,0.000,59175.3
4597.224,5707.218,26.6289,0.000,59175.8
4597.225,5707.414,26.6250,0.000,59176.7
4597.225,5707.612,26.6313,0.000,59175.1
4597.724,5707.816,26.6196,0.000,59178.1
4597.725,5708.016,26.6113,0.000,59180.2
4598.224,5708.218,26.6330,0.000,59174.7
4598.225,5708.416,26.6234,0.000,59177.1
4598.225,5708.620,26.6343,0.000,59174.4
4598.724,5708.820,26.6564,0.000,59168.8
4598.724,5709.018,26.6346,0.000,59174.3
4599.224,5709.222,26.6528,0.000,59169.7
4599.225,5709.416,26.6321,0.000,59174.9
4599.225,5709.618,26.6226,0.000,59177.3
4599.724,5709.820,26.6266,0.000,59176.3
4599.724,5710.018,26.6269,0.000,59176.2
4600.224,5710.222,26.6125,0.000,59179.9
4600.224,5710.424,26.6250,0.000,59176.7
4600.724,5710.624,26.6349,0.000,59174.2
4600.725,5710.823,26.6224,0.000,59177.4
4600.725,5711.024,26.6230,0.000,59177.2
4601.224,5711.222,26.6129,0.000,59179.8
4601.224,5711.424,26.6313,0.000,59175.1
4601.724,5711.626,26.6132,0.000,59179.7
4601.725,5711.823,26.6157,0.000,59179.0
4601.725,5712.026,26.6086,0.000,59180.9
4602.224,5712.230,26.6015,0.000,59182.6
4602.225,5712.428,26.6098,0.000,59180.6
4602.724,5712.628,26.5945,0.000,59184.4
4602.724,5712.828,26.6146,0.000,59179.4
4602.724,5713.026,26.6079,0.000,59181.0
4603.224,5713.230,26.6064,0.000,59181.4
4603.225,5713.432,26.6055,0.000,59181.6
4603.724,5713.632,26.6050,0.000,59181.8
4603.724,5713.830,26.6009,0.000,59182.8
4603.725,5714.030,26.6121,0.000,59180.0
4604.224,5714.230,26.6006,0.000,59182.9
4604.225,5714.432,26.6035,0.000,59182.1
4604.724,5714.636,26.6261,0.000,59176.4
4604.725,5714.836,26.6060,0.000,59181.5
4604.725,5715.034,26.5929,0.000,59184.8
4605.224,5715.234,26.5879,0.000,59186.0
4605.225,5715.432,26.6128,0.000,59179.8
4605.724,5715.636,26.6045,0.000,59181.9
4605.724,5715.836,26.6028,0.000,59182.3
4605.725,5716.034,26.5981,0.000,59183.5
4606.224,5716.238,26.6139,0.000,59179.5
4606.225,5716.440,26.6294,0.000,59175.6
4606.724,5716.640,26.6007,0.000,59182.8
4606.725,5716.844,26.6025,0.000,59182.3
4606.725,5717.040,26.6129,0.000,59179.8
4607.223,5717.238,26.6240,0.000,59177.0
4607.224,5717.440,26.6206,0.000,59177.8
4607.724,5717.644,26.6102,0.000,59180.4
4607.724,5717.844,26.6185,0.000,59178.4
4607.725,5718.042,26.6143,0.000,59179.4
4608.224,5718.242,26.5835,0.000,59187.2
4608.224,5718.440,26.6011,0.000,59182.8
4608.724,5718.644,26.5986,0.000,59183.4
4608.725,5718.846,26.6167,0.000,59178.8
4608.725,5719.048,26.6001,0.000,59183.0
4609.223,5719.244,26.6175,0.000,59178.6
4609.224,5719.446,26.6294,0.000,59175.6
4609.724,5719.644,26.6138,0.000,59179.6
4609.725,5719.846,26.6177,0.000,59178.6
4609.725,5720.050,26.6411,0.000,59172.6
4610.224,5720.250,26.6312,0.000,59175.1
4610.225,5720.448,26.6264,0.000,59176.4
4610.724,5720.648,26.6155,0.000,59179.1
4610.725,5720.846,26.6416,0.000,59172.5
4610.725,5721.050,26.6276,0.000,59176.0
4611.224,5721.250,26.6255,0.000,59176.6
4611.225,5721.448,26.6102,0.000,59180.4
4611.724,5721.652,26.6214,0.000,59177.6
4611.725,5721.854,26.6229,0.000,59177.2
4611.725,5722.054,26.6209,0.000,59177.7
4612.224,5722.252,26.6191,0.000,59178.2
4612.225,5722.454,26.6157,0.000,59179.1
4612.724,5722.652,26.6138,0.000,59179.5
4612.725,5722.854,26.6079,0.000,59181.0
4612.725,5723.058,26.6289,0.000,59175.7
4613.224,5723.258,26.6204,0.000,59177.9
4613.225,5723.456,26.6074,0.000,59181.1
4613.724,5723.656,26.6113,0.000,59180.1
4613.725,5723.854,26.6136,0.000,59179.6
4613.725,5724.058,26.6225,0.000,59177.4
4614.224,5724.260,26.6286,0.000,59175.8
4614.224,5724.460,26.6053,0.000,59181.7
4614.724,5724.658,26.6025,0.000,59182.4
4614.725,5724.860,26.6164,0.000,59178.9
4614.725,5725.058,26.6292,0.000,59175.7
4615.224,5725.260,26.6211,0.000,59177.7
4615.225,5725.462,26.6059,0.000,59181.5
4615.724,5725.658,26.5971,0.000,59183.7
4615.724,5725.862,26.6128,0.000,59179.8
4615.725,5726.066,26.6191,0.000,59178.2
4616.224,5726.264,26.5947,0.000,59184.3
4616.224,5726.468,26.5952,0.000,59184.2
4616.724,5726.664,26.6051,0.000,59181.7
4616.725,5726.862,26.6030,0.000,59182.2
4616.725,5727.066,26.6063,0.000,59181.4
4617.224,5727.268,26.5902,0.000,59185.5
4617.225,5727.468,26.5879,0.000,59186.1
4617.724,5727.666,26.5853,0.000,59186.7
4617.724,5727.868,26.6043,0.000,59181.9
4617.724,5728.066,26.6045,0.000,59181.9
4618.224,5728.268,26.6125,0.000,59179.9
4618.225,5728.472,26.6045,0.000,59181.9
4618.724,5728.672,26.6245,0.000,59176.8
4618.725,5728.870,26.6252,0.000,59176.7
4618.725,5729.070,26.6071,0.000,59181.2
4619.223,5729.268,26.6380,0.000,59173.4
4619.224,5729.472,26.6074,0.000,59181.1
4619.724,5729.674,26.6118,0.000,59180.1
4619.725,5729.874,26.6147,0.000,59179.3
4619.725,5730.073,26.6071,0.000,59181.2
4620.224,5730.274,26.6093,0.000,59180.6
4620.225,5730.472,26.6113,0.000,59180.2
4620.724,5730.674,26.6014,0.000,59182.7
4620.725,5730.876,26.6095,0.000,59180.6
4620.725,5731.078,26.6007,0.000,59182.8
4621.224,5731.276,26.5984,0.000,59183.4
4621.225,5731.480,26.6289,0.000,59175.7
4621.723,5731.678,26.6045,0.000,59181.9
4621.724,5731.878,26.6234,0.000,59177.1
4621.724,5732.078,26.6128,0.000,59179.8
4622.224,5732.276,26.6274,0.000,59176.1
4622.225,5732.480,26.6064,0.000,59181.4
4622.724,5732.682,26.6169,0.000,59178.8
4622.724,5732.882,26.6321,0.000,59174.9
4622.724,5733.080,26.6011,0.000,59182.7
4623.224,5733.280,26.6387,0.000,59173.2
4623.225,5733.480,26.5999,0.000,59183.0
4623.724,5733.682,26.5996,0.000,59183.1
4623.725,5733.886,26.5959,0.000,59184.0
4623.725,5734.086,26.5934,0.000,59184.7
4624.224,5734.284,26.5999,0.000,59183.0
4624.225,5734.484,26.6020,0.000,59182.5
4624.724,5734.686,26.5887,0.000,59185.9
4624.724,5734.890,26.5944,0.000,59184.4
4624.724,5735.088,26.6019,0.000,59182.6
4625.224,5735.284,26.6237,0.000,59177.0
4625.225,5735.488,26.6177,0.000,59178.6
4625.724,5735.690,26.5986,0.000,59183.4
4625.725,5735.890,26.5952,0.000,59184.2
4625.725,5736.094,26.5734,0.000,59189.7
4626.224,5736.290,26.6059,0.000,59181.6
4626.225,5736.488,26.5971,0.000,59183.7
4626.724,5736.690,26.6235,0.000,59177.1
4626.725,5736.894,26.6090,0.000,59180.7
4626.725,5737.094,26.5932,0.000,59184.7
4627.224,5737.292,26.5967,0.000,59183.8
4627.224,5737.492,26.5781,0.000,59188.6
4627.724,5737.690,26.6035,0.000,59182.1
4627.725,5737.894,26.5986,0.000,59183.3
4627.725,5738.094,26.5615,0.000,59192.7
4628.224,5738.292,26.5768,0.000,59188.8
4628.224,5738.494,26.5934,0.000,59184.7
4628.724,5738.698,26.5934,0.000,59184.7
4628.725,5738.898,26.5887,0.000,59185.9
4628.725,5739.096,26.5867,0.000,59186.4
4629.224,5739.300,26.5838,0.000,59187.1
4629.225,5739.494,26.5888,0.000,59185.8
4629.724,5739.698,26.5711,0.000,59190.3
4629.725,5739.898,26.5898,0.000,59185.6
4629.725,5740.096,26.5931,0.000,59184.8
4630.224,5740.300,26.5752,0.000,59189.3
4630.225,5740.500,26.5882,0.000,59186.0
4630.724,5740.702,26.5884,0.000,59185.9
4630.725,5740.902,26.5835,0.000,59187.2
4630.725,5741.102,26.5882,0.000,59186.0
4631.224,5741.304,26.6028,0.000,59182.3
4631.225,5741.502,26.5840,0.000,59187.1
4631.724,5741.704,26.6131,0.000,59179.7
4631.724,5741.906,26.5848,0.000,59186.8
4631.724,5742.104,26.5910,0.000,59185.3
4632.223,5742.308,26.5921,0.000,59185.0
4632.223,5742.508,26.5815,0.000,59187.6
4632.724,5742.706,26.5989,0.000,59183.3
4632.724,5742.906,26.5928,0.000,59184.8
4632.724,5743.104,26.6050,0.000,59181.8
4633.224,5743.308,26.5998,0.000,59183.1
4633.225,5743.510,26.5828,0.000,59187.3
4633.724,5743.710,26.5908,0.000,59185.3
4633.724,5743.908,26.5871,0.000,59186.3
4633.724,5744.112,26.5413,0.000,59197.8
4634.224,5744.312,26.5456,0.000,59196.7
4634.225,5744.514,26.5508,0.000,59195.4
4634.724,5744.714,26.5661,0.000,59191.6
4634.725,5744.908,26.5698,0.000,59190.6
4634.725,5745.112,26.5685,0.000,59190.9
4635.224,5745.316,26.5586,0.000,59193.5
4635.225,5745.514,26.5613,0.000,59192.8
4635.724,5745.718,26.5555,0.000,59194.2
4635.725,5745.914,26.5623,0.000,59192.5
4635.725,5746.118,26.5392,0.000,59198.3
4636.224,5746.316,26.5504,0.000,59195.5
4636.225,5746.518,26.5501,0.000,59195.6
4636.724,5746.718,26.5644,0.000,59192.0
4636.725,5746.916,26.5835,0.000,59187.2
4636.725,5747.118,26.5613,0.000,59192.7
4637.224,5747.316,26.5605,0.000,59193.0
4637.225,5747.518,26.5674,0.000,59191.2
4637.724,5747.722,26.5664,0.000,59191.5
4637.724,5747.922,26.5560,0.000,59194.1
4637.724,5748.120,26.5490,0.000,59195.9
4638.224,5748.320,26.5550,0.000,59194.3
4638.225,5748.518,26.5649,0.000,59191.9
4638.724,5748.722,26.5617,0.000,59192.7
4638.724,5748.924,26.5605,0.000,59193.0
4639.224,5749.124,26.5374,0.000,59198.8
4639.225,5749.323,26.5488,0.000,59195.9
4639.225,5749.524,26.5473,0.000,59196.3
4639.724,5749.722,26.5384,0.000,59198.6
4639.725,5749.924,26.5586,0.000,59193.5
4640.224,5750.126,26.5423,0.000,59197.6
4640.225,5750.328,26.5597,0.000,59193.1
4640.225,5750.526,26.5483,0.000,59196.1
4640.724,5750.730,26.5607,0.000,59192.9
4640.725,5750.928,26.5296,0.000,59200.8
4641.224,5751.128,26.5744,0.000,59189.5
4641.224,5751.328,26.5477,0.000,59196.2
4641.224,5751.526,26.5267,0.000,59201.5
4641.724,5751.730,26.5768,0.000,59188.8
4641.725,5751.932,26.5392,0.000,59198.3
4642.224,5752.134,26.5529,0.000,59194.9
4642.224,5752.330,26.5421,0.000,59197.6
4642.225,5752.530,26.5337,0.000,59199.7
4642.724,5752.730,26.5483,0.000,59196.1
4642.724,5752.932,26.5501,0.000,59195.6
4643.224,5753.136,26.5555,0.000,59194.2
4643.224,5753.336,26.5469,0.000,59196.4
4643.224,5753.534,26.5403,0.000,59198.0
4643.724,5753.734,26.5613,0.000,59192.8
4643.725,5753.936,26.5500,0.000,59195.6
4644.224,5754.140,26.5586,0.000,59193.5
4644.225,5754.338,26.5568,0.000,59193.9
4644.225,5754.534,26.5420,0.000,59197.6
4644.724,5754.738,26.5429,0.000,59197.4
4644.725,5754.940,26.5530,0.000,59194.8
4645.223,5755.140,26.5431,0.000,59197.4
4645.224,5755.338,26.5488,0.000,59195.9
4645.224,5755.540,26.5508,0.000,59195.4
4645.723,5755.738,26.5478,0.000,59196.1
4645.724,5755.940,26.5418,0.000,59197.7
4646.224,5756.144,26.5464,0.000,59196.5
4646.224,5756.344,26.5446,0.000,59197.0
4646.224,5756.542,26.5516,0.000,59195.2
4646.724,5756.742,26.5483,0.000,59196.1
4646.725,5756.944,26.5493,0.000,59195.8
4647.224,5757.144,26.5534,0.000,59194.7
4647.225,5757.346,26.5644,0.000,59192.0
4647.225,5757.542,26.5590,0.000,59193.4
4647.724,5757.744,26.5509,0.000,59195.4
4647.725,5757.948,26.5360,0.000,59199.2
4648.224,5758.148,26.5468,0.000,59196.4
4648.224,5758.346,26.5464,0.000,59196.6
4648.224,5758.550,26.5361,0.000,59199.1
4648.724,5758.744,26.5521,0.000,59195.1
4648.725,5758.948,26.5568,0.000,59193.9
4649.224,5759.152,26.5278,0.000,59201.2
4649.225,5759.350,26.5581,0.000,59193.6
4649.225,5759.550,26.5493,0.000,59195.8
4649.724,5759.750,26.5498,0.000,59195.6
4649.725,5759.954,26.5350,0.000,59199.4
4650.224,5760.152,26.5444,0.000,59197.0
4650.225,5760.354,26.5522,0.000,59195.1
4650.225,5760.554,26.5529,0.000,59194.9
4650.724,5760.752,26.5467,0.000,59196.4
4650.724,5760.956,26.5472,0.000,59196.3
4651.224,5761.156,26.5376,0.000,59198.8
4651.224,5761.354,26.5508,0.000,59195.4
4651.225,5761.554,26.5478,0.000,59196.1
4651.723,5761.758,26.5392,0.000,59198.3
4651.724,5761.956,26.5557,0.000,59194.2
4652.224,5762.156,26.5413,0.000,59197.8
4652.225,5762.354,26.5451,0.000,59196.9
4652.225,5762.558,26.5529,0.000,59194.9
4652.724,5762.760,26.5595,0.000,59193.2
4652.725,5762.960,26.5366,0.000,59199.0
4653.224,5763.158,26.5503,0.000,59195.6
4653.224,5763.360,26.5175,0.000,59203.8
4653.224,5763.558,26.5314,0.000,59200.3
4653.724,5763.760,26.5379,0.000,59198.6
4653.725,5763.964,26.5386,0.000,59198.5
4654.224,5764.158,26.5464,0.000,59196.5
4654.225,5764.362,26.5418,0.000,59197.7
4654.225,5764.566,26.5325,0.000,59200.0
4654.724,5764.764,26.5478,0.000,59196.2
4654.724,5764.968,26.5522,0.000,59195.1
4655.224,5765.164,26.5522,0.000,59195.0
4655.224,5765.366,26.5366,0.000,59199.0
4655.225,5765.566,26.5446,0.000,59197.0
4655.724,5765.766,26.5361,0.000,59199.1
4655.725,5765.968,26.5364,0.000,59199.0
4656.224,5766.164,26.5400,0.000,59198.1
4656.224,5766.368,26.5288,0.000,59201.0
4656.224,5766.566,26.5410,0.000,59197.9
4656.724,5766.768,26.5394,0.000,59198.3
4656.724,5766.972,26.5396,0.000,59198.2
4657.224,5767.172,26.5405,0.000,59198.0
4657.225,5767.370,26.5312,0.000,59200.4
4657.225,5767.570,26.5379,0.000,59198.7
4657.724,5767.768,26.5491,0.000,59195.8
4657.725,5767.972,26.5351,0.000,59199.4
4658.224,5768.172,26.5379,0.000,59198.7
4658.225,5768.370,26.5490,0.000,59195.9
4658.225,5768.573,26.5203,0.000,59203.1
4658.724,5768.776,26.5332,0.000,59199.8
4658.725,5768.976,26.5483,0.000,59196.1
4659.223,5769.178,26.5298,0.000,59200.7
4659.224,5769.376,26.5374,0.000,59198.8
4659.224,5769.573,26.5309,0.000,59200.4
4659.724,5769.776,26.5319,0.000,59200.1
4659.724,5769.980,26.5324,0.000,59200.1
4660.224,5770.178,26.5329,0.000,59199.9
4660.224,5770.378,26.5130,0.000,59204.9
4660.224,5770.578,26.5280,0.000,59201.2
4660.724,5770.776,26.5098,0.000,59205.7
4660.725,5770.980,26.5230,0.000,59202.4
4661.224,5771.182,26.5335,0.000,59199.8
4661.224,5771.382,26.5346,0.000,59199.5
4661.225,5771.580,26.5363,0.000,59199.1
4661.724,5771.780,26.5190,0.000,59203.4
4661.725,5771.980,26.5446,0.000,59197.0
4662.224,5772.182,26.5161,0.000,59204.2
4662.225,5772.386,26.5031,0.000,59207.4
4662.225,5772.580,26.5041,0.000,59207.1
4662.724,5772.784,26.5166,0.000,59204.1
4662.725,5772.988,26.5446,0.000,59197.0
4663.224,5773.186,26.5215,0.000,59202.8
4663.225,5773.390,26.5153,0.000,59204.4
4663.225,5773.588,26.5122,0.000,59205.1
4663.724,5773.784,26.5112,0.000,59205.4
4663.724,5773.988,26.5180,0.000,59203.7
4664.224,5774.190,26.5410,0.000,59197.9
4664.224,5774.390,26.5373,0.000,59198.8
4664.224,5774.594,26.5262,0.000,59201.6
4664.724,5774.790,26.5308,0.000,59200.5
4664.725,5774.988,26.5145,0.000,59204.5
4665.224,5775.190,26.5268,0.000,59201.5
4665.225,5775.394,26.5369,0.000,59198.9
4665.225,5775.594,26.5073,0.000,59206.4
4665.724,5775.792,26.5421,0.000,59197.6
4665.725,5775.992,26.5337,0.000,59199.7
4666.224,5776.190,26.5150,0.000,59204.4
4666.225,5776.394,26.5338,0.000,59199.7
4666.225,5776.596,26.5371,0.000,59198.9
4666.724,5776.796,26.5569,0.000,59193.8
4666.724,5776.994,26.5296,0.000,59200.8
4667.223,5777.196,26.5231,0.000,59202.4
4667.224,5777.394,26.5283,0.000,59201.1
4667.224,5777.596,26.5091,0.000,59205.9
4667.724,5777.800,26.5166,0.000,59204.1
4667.724,5777.994,26.5273,0.000,59201.3
4668.224,5778.198,26.5254,0.000,59201.8
4668.224,5778.402,26.5415,0.000,59197.8
4668.224,5778.600,26.5408,0.000,59197.9
4668.724,5778.804,26.5540,0.000,59194.6
4668.725,5779.000,26.5465,0.000,59196.5
4669.224,5779.198,26.5553,0.000,59194.3
4669.224,5779.402,26.5464,0.000,59196.5
4669.224,5779.604,26.5773,0.000,59188.7
4669.724,5779.804,26.5343,0.000,59199.6
4669.725,5780.002,26.5527,0.000,59194.9
4670.224,5780.204,26.5571,0.000,59193.8
4670.224,5780.402,26.5563,0.000,59194.0
4670.224,5780.604,26.5645,0.000,59192.0
4670.723,5780.808,26.5490,0.000,59195.9
4670.723,5781.008,26.5552,0.000,59194.3
4671.223,5781.206,26.5595,0.000,59193.2
4671.223,5781.406,26.5495,0.000,59195.7
4671.223,5781.604,26.5495,0.000,59195.7
4671.723,5781.808,26.5566,0.000,59193.9
4671.723,5782.010,26.5503,0.000,59195.5
4672.223,5782.210,26.5501,0.000,59195.6
4672.223,5782.408,26.5439,0.000,59197.1
4672.223,5782.610,26.5651,0.000,59191.8
4672.723,5782.808,26.5574,0.000,59193.8
4672.723,5783.010,26.5391,0.000,59198.4
4673.224,5783.212,26.5547,0.000,59194.4
4673.224,5783.408,26.5529,0.000,59194.9
4673.224,5783.612,26.5683,0.000,59191.0
4673.724,5783.816,26.5486,0.000,59196.0
4673.725,5784.014,26.5527,0.000,59195.0
4674.224,5784.218,26.5511,0.000,59195.4
4674.225,5784.414,26.5400,0.000,59198.1
4674.225,5784.612,26.5459,0.000,59196.6
4674.724,5784.816,26.5379,0.000,59198.7
4674.725,5785.018,26.5547,0.000,59194.4
4675.224,5785.218,26.5493,0.000,59195.8
4675.225,5785.416,26.5516,0.000,59195.2
4675.225,5785.618,26.5379,0.000,59198.7
4675.724,5785.816,26.5283,0.000,59201.1
4675.724,5786.018,26.5385,0.000,59198.5
4676.224,5786.222,26.5361,0.000,59199.1
4676.225,5786.416,26.5329,0.000,59199.9
4676.225,5786.620,26.5324,0.000,59200.0
4676.723,5786.823,26.5483,0.000,59196.1
4676.723,5787.022,26.5400,0.000,59198.1
4677.224,5787.222,26.5381,0.000,59198.6
4677.225,5787.424,26.5486,0.000,59196.0
4677.724,5787.620,26.5592,0.000,59193.3
4677.725,5787.823,26.5478,0.000,59196.2
4677.725,5788.026,26.5485,0.000,59196.0
4678.224,5788.226,26.5547,0.000,59194.4
4678.224,5788.424,26.5389,0.000,59198.4
4678.724,5788.626,26.5309,0.000,59200.4
4678.725,5788.823,26.5376,0.000,59198.7
4678.725,5789.026,26.5400,0.000,59198.1
4679.224,5789.230,26.5402,0.000,59198.1
4679.224,5789.428,26.5334,0.000,59199.8
4679.724,5789.628,26.5405,0.000,59198.0
4679.725,5789.828,26.5386,0.000,59198.5
4679.725,5790.026,26.5429,0.000,59197.4
4680.224,5790.230,26.5392,0.000,59198.3
4680.225,5790.430,26.5392,0.000,59198.3
4680.724,5790.628,26.5530,0.000,59194.9
4680.725,5790.830,26.5391,0.000,59198.3
4680.725,5791.034,26.5415,0.000,59197.7
4681.223,5791.234,26.5200,0.000,59203.1
4681.223,5791.432,26.5299,0.000,59200.6
4681.724,5791.636,26.5374,0.000,59198.8
4681.724,5791.830,26.5478,0.000,59196.1
4681.725,5792.034,26.5193,0.000,59203.4
4682.224,5792.238,26.5415,0.000,59197.8
4682.224,5792.436,26.5141,0.000,59204.7
4682.724,5792.640,26.5324,0.000,59200.0
4682.724,5792.838,26.5249,0.000,59201.9
4682.725,5793.034,26.5337,0.000,59199.7
4683.224,5793.238,26.5385,0.000,59198.5
4683.225,5793.438,26.5351,0.000,59199.4
4683.724,5793.640,26.5364,0.000,59199.0
4683.725,5793.838,26.5247,0.000,59202.0
4683.725,5794.040,26.5542,0.000,59194.5
4684.224,5794.242,26.5478,0.000,59196.1
4684.225,5794.440,26.5230,0.000,59202.4
4684.724,5794.640,26.5350,0.000,59199.4
4684.724,5794.844,26.5166,0.000,59204.0
4684.724,5795.042,26.5360,0.000,59199.1
4685.224,5795.244,26.5252,0.000,59201.9
4685.224,5795.444,26.5242,0.000,59202.1
4685.724,5795.644,26.5202,0.000,59203.1
4685.725,5795.846,26.5379,0.000,59198.7
4685.725,5796.046,26.5402,0.000,59198.1
4686.224,5796.244,26.5228,0.000,59202.5
4686.225,5796.446,26.5441,0.000,59197.1
4686.724,5796.644,26.5252,0.000,59201.8
4686.725,5796.846,26.5234,0.000,59202.3
4686.725,5797.050,26.5396,0.000,59198.2
4687.224,5797.250,26.5373,0.000,59198.8
4687.225,5797.448,26.5130,0.000,59204.9
4687.724,5797.648,26.5391,0.000,59198.3
4687.725,5797.846,26.5456,0.000,59196.7
4687.725,5798.054,26.5504,0.000,59195.5
4688.224,5798.250,26.5267,0.000,59201.5
4688.225,5798.448,26.5345,0.000,59199.5
4688.724,5798.652,26.5503,0.000,59195.6
4688.725,5798.854,26.5402,0.000,59198.1
4688.725,5799.054,26.5348,0.000,59199.4
4689.224,5799.252,26.5454,0.000,59196.8
4689.225,5799.454,26.5258,0.000,59201.7
4689.724,5799.652,26.5338,0.000,59199.7
4689.724,5799.854,26.5215,0.000,59202.8
4689.725,5800.054,26.5298,0.000,59200.8
4690.223,5800.258,26.5387,0.000,59198.4
4690.223,5800.456,26.5439,0.000,59197.1
4690.724,5800.658,26.5420,0.000,59197.7
4690.724,5800.858,26.5239,0.000,59202.2
4690.725,5801.058,26.5259,0.000,59201.6
4691.224,5801.260,26.5128,0.000,59205.0
4691.225,5801.456,26.5467,0.000,59196.4
4691.724,5801.658,26.5272,0.000,59201.4
4691.725,5801.860,26.5189,0.000,59203.5
4691.725,5802.058,26.5342,0.000,59199.6
4692.224,5802.260,26.5376,0.000,59198.7
4692.225,5802.462,26.5252,0.000,59201.9
4692.724,5802.658,26.5309,0.000,59200.4
4692.725,5802.862,26.5252,0.000,59201.9
4692.725,5803.062,26.5308,0.000,59200.5
4693.224,5803.264,26.5309,0.000,59200.4
4693.224,5803.468,26.5415,0.000,59197.7
4693.724,5803.664,26.5242,0.000,59202.1
4693.725,5803.862,26.5366,0.000,59199.0
4693.725,5804.066,26.4961,0.000,59209.2
4694.224,5804.268,26.5220,0.000,59202.7
4694.225,5804.468,26.5239,0.000,59202.2
4694.724,5804.666,26.5275,0.000,59201.3
4694.724,5804.868,26.5205,0.000,59203.1
4694.725,5805.070,26.5257,0.000,59201.7
4695.224,5805.268,26.5161,0.000,59204.1
4695.224,5805.472,26.5212,0.000,59202.8
4695.724,5805.666,26.5156,0.000,59204.3
4695.724,5805.870,26.5128,0.000,59205.0
4695.725,5806.073,26.5228,0.000,59202.5
4696.224,5806.272,26.5093,0.000,59205.8
4696.225,5806.472,26.5159,0.000,59204.2
4696.724,5806.674,26.5307,0.000,59200.5
4696.725,5806.870,26.5181,0.000,59203.7
4696.725,5807.073,26.5255,0.000,59201.8
4697.224,5807.276,26.5166,0.000,59204.0
4697.225,5807.476,26.5133,0.000,59204.8
4697.724,5807.678,26.5312,0.000,59200.3
4697.724,5807.876,26.5219,0.000,59202.7
4697.725,5808.078,26.5031,0.000,59207.4
4698.224,5808.276,26.5092,0.000,59205.9
4698.225,5808.476,26.5268,0.000,59201.5
4698.724,5808.678,26.5076,0.000,59206.3
4698.724,5808.878,26.5128,0.000,59205.0
4698.725,5809.078,26.5229,0.000,59202.4
4699.224,5809.280,26.5255,0.000,59201.8
4699.224,5809.480,26.5317,0.000,59200.2
4699.724,5809.682,26.5163,0.000,59204.1
4699.725,5809.882,26.5050,0.000,59206.9
4699.725,5810.080,26.5446,0.000,59197.0
4700.224,5810.280,26.5309,0.000,59200.4
4700.224,5810.480,26.5076,0.000,59206.3
4700.724,5810.682,26.5060,0.000,59206.7
4700.724,5810.886,26.5073,0.000,59206.3
4700.724,5811.086,26.5213,0.000,59202.8
4701.224,5811.284,26.5039,0.000,59207.2
4701.225,5811.484,26.5026,0.000,59207.6
4701.724,5811.682,26.5092,0.000,59205.9
4701.724,5811.886,26.5039,0.000,59207.2
4701.724,5812.088,26.5092,0.000,59205.9
4702.224,5812.284,26.5231,0.000,59202.4
4702.225,5812.488,26.5034,0.000,59207.4
4702.724,5812.690,26.5078,0.000,59206.2
4702.725,5812.890,26.5262,0.000,59201.6
4702.725,5813.094,26.4926,0.000,59210.1
4703.224,5813.290,26.5063,0.000,59206.6
4703.225,5813.488,26.5182,0.000,59203.6
4703.724,5813.690,26.5036,0.000,59207.3
4703.725,5813.890,26.5169,0.000,59203.9
4703.725,5814.088,26.5117,0.000,59205.3
4704.224,5814.292,26.5210,0.000,59202.9
4704.225,5814.494,26.4902,0.000,59210.7
4704.724,5814.694,26.5185,0.000,59203.6
4704.725,5814.894,26.5154,0.000,59204.3
4704.725,5815.096,26.5103,0.000,59205.6
4705.223,5815.292,26.5180,0.000,59203.7
4705.224,5815.492,26.5011,0.000,59207.9
4705.724,5815.696,26.5205,0.000,59203.0
4705.724,5815.894,26.5145,0.000,59204.5
4705.724,5816.096,26.5258,0.000,59201.7
4706.224,5816.300,26.5117,0.000,59205.3
4706.224,5816.500,26.5200,0.000,59203.1
4706.724,5816.698,26.5094,0.000,59205.8
4706.724,5816.898,26.5146,0.000,59204.5
4706.724,5817.096,26.5120,0.000,59205.2
4707.224,5817.300,26.5132,0.000,59204.9
4707.225,5817.500,26.5071,0.000,59206.4
4707.724,5817.702,26.5166,0.000,59204.0
4707.725,5817.902,26.5117,0.000,59205.2
4707.725,5818.104,26.5259,0.000,59201.7
4708.224,5818.304,26.5138,0.000,59204.7
4708.225,5818.502,26.5345,0.000,59199.5
4708.724,5818.704,26.5195,0.000,59203.3
4708.724,5818.902,26.5325,0.000,59200.0
4708.724,5819.104,26.5071,0.000,59206.4
4709.224,5819.304,26.5073,0.000,59206.4
4709.225,5819.508,26.5179,0.000,59203.7
4709.724,5819.706,26.5132,0.000,59204.9
4709.725,5819.908,26.5185,0.000,59203.6
4709.725,5820.108,26.5128,0.000,59205.0
4710.224,5820.308,26.5093,0.000,59205.8
4710.225,5820.510,26.5205,0.000,59203.0
4710.724,5820.706,26.5117,0.000,59205.2
4710.724,5820.908,26.5234,0.000,59202.3
4710.724,5821.110,26.5166,0.000,59204.1
4711.224,5821.308,26.5117,0.000,59205.2
4711.225,5821.510,26.5154,0.000,59204.3
4711.724,5821.712,26.5376,0.000,59198.7
4711.725,5821.908,26.5200,0.000,59203.2
4711.725,5822.112,26.5166,0.000,59204.1
4712.224,5822.312,26.5258,0.000,59201.7
4712.224,5822.514,26.5132,0.000,59204.9
4712.724,5822.718,26.5252,0.000,59201.9
4712.725,5822.914,26.5200,0.000,59203.2
4712.725,5823.112,26.5379,0.000,59198.6
4713.224,5823.316,26.5168,0.000,59204.0
4713.224,5823.518,26.5269,0.000,59201.4
4713.724,5823.718,26.5138,0.000,59204.8
4713.724,5823.916,26.5218,0.000,59202.7
4713.725,5824.118,26.5210,0.000,59202.9
4714.224,5824.316,26.5181,0.000,59203.6
4714.225,5824.518,26.5205,0.000,59203.0
4714.724,5824.722,26.5215,0.000,59202.8
4714.725,5824.922,26.5221,0.000,59202.6
4714.725,5825.120,26.5086,0.000,59206.0
4715.224,5825.320,26.5103,0.000,59205.6
4715.225,5825.518,26.5171,0.000,59203.9
4715.724,5825.722,26.5249,0.000,59201.9
4715.724,5825.924,26.5128,0.000,59205.0
4715.724,5826.120,26.5221,0.000,59202.6
4716.224,5826.323,26.5060,0.000,59206.7
4716.225,5826.526,26.5092,0.000,59205.9
4716.724,5826.726,26.4971,0.000,59208.9
4716.725,5826.928,26.5337,0.000,59199.7
4717.224,5827.126,26.5050,0.000,59206.9
4717.224,5827.323,26.5142,0.000,59204.6
4717.225,5827.526,26.5102,0.000,59205.7
4717.724,5827.726,26.5193,0.000,59203.3
4717.725,5827.928,26.5120,0.000,59205.2
4718.224,5828.128,26.4980,0.000,59208.7
4718.225,5828.328,26.5181,0.000,59203.7
4718.225,5828.530,26.5205,0.000,59203.1
4718.724,5828.730,26.5182,0.000,59203.6
4718.725,5828.930,26.5138,0.000,59204.8
4719.224,5829.132,26.4969,0.000,59209.0
4719.224,5829.330,26.5337,0.000,59199.7
4719.224,5829.534,26.5107,0.000,59205.5
4719.724,5829.734,26.5268,0.000,59201.5
4719.725,5829.932,26.5237,0.000,59202.2
4720.224,5830.136,26.5259,0.000,59201.7
4720.224,5830.330,26.5244,0.000,59202.0
4720.224,5830.534,26.5143,0.000,59204.6
4720.724,5830.738,26.5075,0.000,59206.3
4720.724,5830.936,26.5063,0.000,59206.6
4721.224,5831.140,26.4988,0.000,59208.5
4721.225,5831.338,26.5180,0.000,59203.7
4721.225,5831.534,26.4969,0.000,59209.0
4721.724,5831.738,26.5080,0.000,59206.2
4721.725,5831.938,26.4962,0.000,59209.1
4722.224,5832.140,26.5024,0.000,59207.6
4722.225,5832.338,26.5221,0.000,59202.6
4722.225,5832.540,26.5138,0.000,59204.7
4722.724,5832.742,26.5067,0.000,59206.5
4722.724,5832.940,26.5041,0.000,59207.2
4723.224,5833.140,26.5106,0.000,59205.6
4723.224,5833.344,26.5062,0.000,59206.6
4723.224,5833.542,26.5135,0.000,59204.8
4723.724,5833.744,26.4754,0.000,59214.4
4723.724,5833.944,26.4971,0.000,59208.9
4724.224,5834.144,26.5018,0.000,59207.8
4724.224,5834.346,26.5027,0.000,59207.5
4724.225,5834.542,26.4814,0.000,59212.9
4724.724,5834.744,26.4894,0.000,59210.8
4724.725,5834.948,26.5068,0.000,59206.5
4725.223,5835.148,26.5039,0.000,59207.2
4725.224,5835.346,26.4936,0.000,59209.8
4725.224,5835.550,26.4930,0.000,59210.0
4725.724,5835.744,26.4842,0.000,59212.2
4725.725,5835.948,26.5058,0.000,59206.7
4726.224,5836.148,26.4868,0.000,59211.5
4726.224,5836.346,26.5125,0.000,59205.1
4726.224,5836.550,26.4923,0.000,59210.1
4726.724,5836.750,26.4788,0.000,59213.5
4726.725,5836.952,26.4796,0.000,59213.3
4727.224,5837.152,26.4843,0.000,59212.2
4727.225,5837.352,26.5014,0.000,59207.8
4727.225,5837.554,26.4891,0.000,59210.9
4727.724,5837.752,26.5230,0.000,59202.4
4727.725,5837.954,26.4974,0.000,59208.9
4728.224,5838.152,26.4993,0.000,59208.4
4728.224,5838.354,26.5016,0.000,59207.8
4728.225,5838.558,26.5006,0.000,59208.0
4728.724,5838.758,26.5031,0.000,59207.4
4728.725,5838.956,26.4976,0.000,59208.8
4729.224,5839.156,26.5058,0.000,59206.7
4729.224,5839.358,26.4852,0.000,59211.9
4729.225,5839.558,26.4980,0.000,59208.7
4729.724,5839.760,26.5190,0.000,59203.4
4729.725,5839.956,26.4990,0.000,59208.4
4730.224,5840.158,26.5000,0.000,59208.2
4730.225,5840.362,26.4971,0.000,59208.9
4730.225,5840.562,26.4977,0.000,59208.7
4730.724,5840.764,26.4962,0.000,59209.1
4730.725,5840.964,26.5098,0.000,59205.8
4731.224,5841.164,26.5014,0.000,59207.8
4731.225,5841.362,26.4879,0.000,59211.2
4731.225,5841.562,26.4894,0.000,59210.9
4731.724,5841.764,26.4775,0.000,59213.9
4731.725,5841.964,26.4971,0.000,59208.9
4732.224,5842.164,26.4904,0.000,59210.6
4732.225,5842.362,26.5000,0.000,59208.2
4732.225,5842.566,26.4760,0.000,59214.2
4732.724,5842.768,26.4919,0.000,59210.2
4732.724,5842.968,26.4925,0.000,59210.1
4733.224,5843.166,26.4772,0.000,59213.9
4733.225,5843.368,26.4891,0.000,59210.9
4733.225,5843.566,26.5185,0.000,59203.6
4733.724,5843.768,26.4941,0.000,59209.7
4733.725,5843.972,26.4995,0.000,59208.3
4734.224,5844.172,26.4980,0.000,59208.6
4734.225,5844.370,26.5133,0.000,59204.8
4734.225,5844.570,26.4837,0.000,59212.3
4734.723,5844.768,26.4852,0.000,59211.9
4734.724,5844.972,26.4974,0.000,59208.8
4735.224,5845.174,26.4940,0.000,59209.7
4735.225,5845.374,26.5073,0.000,59206.4
4735.225,5845.573,26.5026,0.000,59207.5
4735.724,5845.774,26.4765,0.000,59214.1
4735.724,5845.972,26.4424,0.000,59222.7
4736.224,5846.178,26.4606,0.000,59218.1
4736.225,5846.376,26.4412,0.000,59223.0
4736.225,5846.573,26.4562,0.000,59219.2
4736.724,5846.776,26.4393,0.000,59223.5
4736.725,5846.980,26.4552,0.000,59219.4
4737.224,5847.178,26.4451,0.000,59222.0
4737.225,5847.378,26.4384,0.000,59223.7
4737.225,5847.578,26.4443,0.000,59222.2
4737.724,5847.776,26.4377,0.000,59223.8
4737.725,5847.980,26.4297,0.000,59225.9
4738.224,5848.182,26.4456,0.000,59221.9
4738.225,5848.382,26.4598,0.000,59218.3
4738.225,5848.580,26.4583,0.000,59218.7
4738.724,5848.780,26.4670,0.000,59216.5
4738.725,5848.980,26.4534,0.000,59219.9
4739.224,5849.186,26.4796,0.000,59213.3
4739.225,5849.386,26.4793,0.000,59213.4
4739.225,5849.586,26.4543,0.000,59219.7
4739.724,5849.784,26.5110,0.000,59205.4
4739.725,5849.984,26.5019,0.000,59207.7
4740.224,5850.182,26.4969,0.000,59209.0
4740.224,5850.386,26.4926,0.000,59210.1
4740.225,5850.586,26.5257,0.000,59201.8
4740.724,5850.784,26.5175,0.000,59203.8
4740.725,5850.988,26.5226,0.000,59202.5
4741.224,5851.190,26.5225,0.000,59202.5
4741.225,5851.390,26.5286,0.000,59201.0
4741.225,5851.594,26.5150,0.000,59204.4
4741.724,5851.790,26.5050,0.000,59206.9
4741.725,5851.988,26.4653,0.000,59216.9
4742.224,5852.190,26.4677,0.000,59216.3
4742.225,5852.394,26.4923,0.000,59210.1
4742.225,5852.594,26.4704,0.000,59215.7
4742.723,5852.792,26.4831,0.000,59212.5
4742.723,5852.992,26.4876,0.000,59211.3
4743.224,5853.190,26.5068,0.000,59206.5
4743.224,5853.394,26.5298,0.000,59200.8
4743.224,5853.596,26.4801,0.000,59213.2
4743.724,5853.792,26.4536,0.000,59219.9
4743.724,5853.994,26.4785,0.000,59213.6
4744.224,5854.198,26.4443,0.000,59222.2
4744.224,5854.398,26.4596,0.000,59218.4
4744.224,5854.596,26.4682,0.000,59216.2
4744.725,5854.800,26.4697,0.000,59215.8
4744.726,5854.994,26.4554,0.000,59219.4
4745.259,5855.198,26.4590,0.000,59218.5
4745.259,5855.402,26.4762,0.000,59214.2
4745.259,5855.600,26.4562,0.000,59219.2
4745.724,5855.800,26.4642,0.000,59217.2
4745.724,5856.000,26.4643,0.000,59217.2
4746.224,5856.202,26.4720,0.000,59215.2
4746.224,5856.402,26.4643,0.000,59217.2
4746.225,5856.604,26.4746,0.000,59214.6
4746.724,5856.804,26.4655,0.000,59216.9
4746.724,5857.002,26.4710,0.000,59215.5
4747.224,5857.204,26.4746,0.000,59214.6
4747.225,5857.402,26.4681,0.000,59216.2
4747.225,5857.604,26.4780,0.000,59213.7
4747.724,5857.808,26.4601,0.000,59218.2
4747.724,5858.008,26.4766,0.000,59214.1
4748.224,5858.206,26.4717,0.000,59215.3
4748.224,5858.406,26.4845,0.000,59212.1
4748.225,5858.604,26.4603,0.000,59218.2
4748.725,5858.808,26.4801,0.000,59213.2
4748.725,5859.010,26.4606,0.000,59218.1
4749.224,5859.210,26.4647,0.000,59217.1
4749.224,5859.408,26.4556,0.000,59219.4
4749.225,5859.610,26.4677,0.000,59216.3
4749.724,5859.808,26.4525,0.000,59220.2
4749.724,5860.010,26.4743,0.000,59214.6
4750.240,5860.212,26.4840,0.000,59212.2
4750.240,5860.408,26.4831,0.000,59212.5
4750.240,5860.612,26.4756,0.000,59214.4
4750.724,5860.816,26.4661,0.000,59216.7
4750.725,5861.014,26.4624,0.000,59217.7
4751.224,5861.218,26.4751,0.000,59214.5
4751.225,5861.414,26.4678,0.000,59216.3
4751.225,5861.612,26.4630,0.000,59217.5
4751.724,5861.816,26.4801,0.000,59213.2
4751.725,5862.018,26.4568,0.000,59219.0
4752.224,5862.220,26.4598,0.000,59218.3
4752.224,5862.416,26.4800,0.000,59213.2
4752.224,5862.618,26.4593,0.000,59218.4
4752.724,5862.816,26.4741,0.000,59214.7
4752.724,5863.018,26.4673,0.000,59216.4
4753.225,5863.222,26.4681,0.000,59216.2
4753.226,5863.422,26.4694,0.000,59215.9
4753.226,5863.620,26.4760,0.000,59214.2
4753.724,5863.820,26.4796,0.000,59213.3
4753.724,5864.018,26.4762,0.000,59214.2
4754.225,5864.222,26.4590,0.000,59218.5
4754.225,5864.424,26.4849,0.000,59212.0
4754.724,5864.624,26.4777,0.000,59213.8
4754.724,5864.828,26.4804,0.000,59213.1
4754.724,5865.026,26.4796,0.000,59213.3
4755.224,5865.226,26.4926,0.000,59210.1
4755.224,5865.428,26.4774,0.000,59213.9
4755.730,5865.626,26.4860,0.000,59211.7
4755.730,5865.823,26.4855,0.000,59211.8
4755.730,5866.026,26.4871,0.000,59211.4
4756.224,5866.230,26.4783,0.000,59213.6
4756.225,5866.428,26.4777,0.000,59213.8
4756.724,5866.628,26.4805,0.000,59213.1
4756.725,5866.828,26.4790,0.000,59213.5
4756.725,5867.030,26.4813,0.000,59212.9
4757.224,5867.230,26.4964,0.000,59209.1
4757.224,5867.430,26.4813,0.000,59212.9
4757.724,5867.628,26.4926,0.000,59210.1
4757.725,5867.830,26.4806,0.000,59213.1
4757.725,5868.034,26.4873,0.000,59211.4
4758.224,5868.234,26.4811,0.000,59212.9
4758.224,5868.432,26.4800,0.000,59213.2
4758.724,5868.636,26.4692,0.000,59215.9
4758.724,5868.830,26.4809,0.000,59213.0
4758.724,5869.034,26.4902,0.000,59210.6
4759.224,5869.238,26.4894,0.000,59210.9
4759.225,5869.436,26.4883,0.000,59211.1
4759.724,5869.640,26.4810,0.000,59213.0
4759.725,5869.838,26.4726,0.000,59215.1
4759.725,5870.034,26.4995,0.000,59208.3
4760.224,5870.238,26.5237,0.000,59202.2
4760.225,5870.438,26.5254,0.000,59201.8
4760.724,5870.640,26.5058,0.000,59206.7
4760.725,5870.838,26.5158,0.000,59204.2
4760.725,5871.040,26.5242,0.000,59202.1
4761.224,5871.242,26.5156,0.000,59204.3
4761.224,5871.440,26.4961,0.000,59209.2
4761.724,5871.640,26.4824,0.000,59212.6
4761.724,5871.844,26.5154,0.000,59204.3
4761.724,5872.040,26.5018,0.000,59207.8
4762.224,5872.242,26.4824,0.000,59212.6
4762.224,5872.440,26.5013,0.000,59207.9
4762.724,5872.644,26.5210,0.000,59202.9
4762.725,5872.846,26.5103,0.000,59205.6
4762.725,5873.046,26.4844,0.000,59212.1
4763.224,5873.244,26.4937,0.000,59209.8
4763.225,5873.446,26.4878,0.000,59211.2
4763.724,5873.644,26.4822,0.000,59212.6
4763.725,5873.846,26.4964,0.000,59209.1
4763.725,5874.050,26.4892,0.000,59210.9
4764.224,5874.250,26.4861,0.000,59211.7
4764.224,5874.448,26.4734,0.000,59214.9
4764.724,5874.648,26.4839,0.000,59212.2
4764.724,5874.846,26.4975,0.000,59208.8
4764.724,5875.050,26.4917,0.000,59210.3
4765.224,5875.250,26.4834,0.000,59212.4
4765.224,5875.452,26.5011,0.000,59207.9
4765.724,5875.652,26.4871,0.000,59211.4
4765.725,5875.852,26.4922,0.000,59210.2
4765.725,5876.054,26.4894,0.000,59210.8
4766.224,5876.252,26.4954,0.000,59209.3
4766.225,5876.454,26.4900,0.000,59210.7
4766.724,5876.652,26.4849,0.000,59212.0
4766.725,5876.854,26.4834,0.000,59212.4
4766.725,5877.058,26.4988,0.000,59208.5
4767.224,5877.258,26.4658,0.000,59216.8
4767.225,5877.456,26.4854,0.000,59211.9
4767.724,5877.656,26.4834,0.000,59212.4
4767.725,5877.854,26.4683,0.000,59216.2
4767.725,5878.058,26.4757,0.000,59214.3
4768.224,5878.258,26.4853,0.000,59211.9
4768.225,5878.456,26.4821,0.000,59212.7
4768.724,5878.658,26.4837,0.000,59212.3
4768.725,5878.862,26.5024,0.000,59207.6
4768.725,5879.062,26.4767,0.000,59214.1
4769.224,5879.264,26.4871,0.000,59211.4
4769.224,5879.464,26.4775,0.000,59213.9
4769.723,5879.658,26.4681,0.000,59216.2
4769.724,5879.862,26.4845,0.000,59212.1
4769.724,5880.066,26.4777,0.000,59213.8
4770.223,5880.264,26.4757,0.000,59214.3
4770.223,5880.464,26.4868,0.000,59211.5
4770.728,5880.664,26.4782,0.000,59213.7
4770.728,5880.862,26.4658,0.000,59216.8
4770.728,5881.066,26.4858,0.000,59211.8
4771.228,5881.268,26.4881,0.000,59211.2
4771.228,5881.468,26.4884,0.000,59211.1
4771.723,5881.666,26.4848,0.000,59212.0
4771.723,5881.868,26.4717,0.000,59215.3
4771.723,5882.066,26.5024,0.000,59207.6
4772.223,5882.268,26.4914,0.000,59210.4
4772.223,5882.472,26.4697,0.000,59215.8
4772.723,5882.666,26.4626,0.000,59217.6
4772.723,5882.870,26.4716,0.000,59215.4
4772.723,5883.073,26.4642,0.000,59217.2
4773.223,5883.272,26.4907,0.000,59210.5
4773.223,5883.472,26.4652,0.000,59217.0
4773.724,5883.674,26.4796,0.000,59213.3
4773.724,5883.870,26.4863,0.000,59211.6
4773.724,5884.073,26.4891,0.000,59210.9
4774.225,5884.274,26.4849,0.000,59212.0
4774.225,5884.472,26.4787,0.000,59213.6
4774.724,5884.674,26.4840,0.000,59212.2
4774.725,5884.876,26.4984,0.000,59208.6
4774.725,5885.073,26.4839,0.000,59212.2
