host_elapsed_s,board_elapsed_s,temperature_c,duty_pct,adc_raw
0.254,45.409,29.5039,0.000,58419.9
0.755,45.610,29.5005,0.000,58420.8
0.755,45.809,29.5161,0.000,58416.5
0.755,46.009,29.4956,0.000,58422.1
1.256,46.209,29.5115,0.000,58417.8
1.256,46.409,29.4987,0.000,58421.3
1.756,46.608,29.5099,0.000,58418.2
1.756,46.808,29.5013,0.000,58420.6
1.756,47.009,29.4775,0.000,58427.1
2.256,47.210,29.5058,0.000,58419.4
2.256,47.408,29.5045,0.000,58419.7
2.764,47.608,29.4992,0.000,58421.1
2.764,47.809,29.4642,0.000,58430.7
2.764,48.008,29.5192,0.000,58415.7
3.285,48.209,29.5073,0.000,58418.9
3.285,48.408,29.5032,0.000,58420.1
3.756,48.609,29.4899,0.000,58423.7
3.756,48.808,29.5002,0.000,58420.9
3.756,49.008,29.5009,0.000,58420.7
4.259,49.209,29.4938,0.000,58422.6
4.259,49.411,29.4767,0.000,58427.3
4.755,49.608,29.5036,0.000,58420.0
4.756,49.808,29.5011,0.000,58420.6
4.756,50.009,29.5000,0.000,58420.9
5.258,50.209,29.4893,0.000,58423.8
5.259,50.408,29.4863,0.000,58424.7
5.755,50.609,29.4958,0.000,58422.1
5.755,50.810,29.4971,0.000,58421.7
5.755,51.010,29.4739,0.000,58428.1
6.256,51.209,29.4907,0.000,58423.4
6.257,51.408,29.4949,0.000,58422.3
6.758,51.609,29.5019,0.000,58420.4
6.759,51.809,29.4772,0.000,58427.2
6.759,52.008,29.4887,0.000,58424.0
7.255,52.209,29.4633,0.000,58431.0
7.255,52.408,29.4967,0.000,58421.8
7.756,52.609,29.4526,0.000,58433.8
7.756,52.810,29.4811,0.000,58426.1
7.756,53.008,29.4653,0.000,58430.4
8.255,53.210,29.4460,0.000,58435.7
8.256,53.408,29.4490,0.000,58434.9
8.759,53.608,29.4785,0.000,58426.8
8.759,53.809,29.4810,0.000,58426.1
8.759,54.008,29.4528,0.000,58433.8
9.255,54.209,29.4941,0.000,58422.5
9.256,54.408,29.4756,0.000,58427.6
9.755,54.609,29.4555,0.000,58433.1
9.756,54.808,29.4492,0.000,58434.8
9.756,55.008,29.4865,0.000,58424.6
10.255,55.209,29.4467,0.000,58435.5
10.255,55.409,29.4899,0.000,58423.7
10.756,55.608,29.4811,0.000,58426.1
10.756,55.808,29.4580,0.000,58432.4
10.756,56.009,29.4855,0.000,58424.9
11.256,56.209,29.4795,0.000,58426.5
11.256,56.408,29.4443,0.000,58436.1
11.756,56.609,29.4683,0.000,58429.6
11.756,56.808,29.4599,0.000,58431.9
11.756,57.008,29.4438,0.000,58436.2
12.256,57.209,29.4688,0.000,58429.5
12.256,57.409,29.4676,0.000,58429.8
12.756,57.608,29.4536,0.000,58433.6
12.756,57.808,29.4432,0.000,58436.5
12.756,58.009,29.4515,0.000,58434.2
13.256,58.209,29.4743,0.000,58428.0
13.256,58.408,29.4715,0.000,58428.7
13.755,58.609,29.4380,0.000,58437.9
13.756,58.809,29.4419,0.000,58436.8
13.756,59.008,29.4404,0.000,58437.2
14.256,59.209,29.4766,0.000,58427.3
14.256,59.409,29.4723,0.000,58428.5
14.756,59.609,29.4593,0.000,58432.1
14.756,59.809,29.4586,0.000,58432.2
14.756,60.008,29.4559,0.000,58433.0
15.256,60.209,29.4731,0.000,58428.3
15.256,60.409,29.4633,0.000,58431.0
15.759,60.609,29.4428,0.000,58436.5
15.759,60.808,29.4707,0.000,58428.9
15.760,61.008,29.4598,0.000,58431.9
16.255,61.209,29.4712,0.000,58428.8
16.256,61.409,29.4691,0.000,58429.4
16.755,61.608,29.4351,0.000,58438.6
16.756,61.808,29.4308,0.000,58439.8
16.756,62.009,29.4624,0.000,58431.2
17.255,62.210,29.4700,0.000,58429.1
17.255,62.408,29.4393,0.000,58437.5
17.755,62.608,29.4321,0.000,58439.5
17.755,62.809,29.4474,0.000,58435.3
17.756,63.008,29.4294,0.000,58440.2
18.255,63.209,29.4658,0.000,58430.2
18.255,63.409,29.4365,0.000,58438.3
18.756,63.609,29.4593,0.000,58432.0
18.756,63.808,29.4503,0.000,58434.5
18.756,64.008,29.4179,0.000,58443.4
19.255,64.209,29.4380,0.000,58437.9
19.256,64.409,29.4445,0.000,58436.1
19.755,64.608,29.4388,0.000,58437.7
19.756,64.808,29.4585,0.000,58432.2
19.756,65.009,29.4354,0.000,58438.6
20.256,65.209,29.4227,0.000,58442.0
20.256,65.408,29.4489,0.000,58434.9
20.756,65.609,29.4529,0.000,58433.8
20.756,65.809,29.4526,0.000,58433.8
20.757,66.008,29.4305,0.000,58439.9
21.255,66.209,29.4228,0.000,58442.0
21.256,66.409,29.4149,0.000,58444.2
21.755,66.609,29.4354,0.000,58438.6
21.755,66.808,29.4460,0.000,58435.7
21.755,67.008,29.4282,0.000,58440.6
22.255,67.210,29.4428,0.000,58436.6
22.256,67.408,29.4340,0.000,58438.9
22.755,67.608,29.4301,0.000,58440.0
22.756,67.808,29.4407,0.000,58437.1
22.756,68.009,29.4326,0.000,58439.3
23.255,68.209,29.4194,0.000,58442.9
23.255,68.408,29.4262,0.000,58441.1
23.755,68.609,29.4180,0.000,58443.3
23.755,68.808,29.4295,0.000,58440.2
23.755,69.008,29.4199,0.000,58442.8
24.255,69.209,29.4217,0.000,58442.3
24.255,69.409,29.3980,0.000,58448.8
24.755,69.608,29.4285,0.000,58440.5
24.755,69.808,29.4232,0.000,58441.9
24.755,70.009,29.4289,0.000,58440.4
25.255,70.209,29.4223,0.000,58442.2
25.255,70.407,29.4351,0.000,58438.6
25.755,70.609,29.4235,0.000,58441.8
25.755,70.808,29.4360,0.000,58438.4
25.755,71.007,29.4230,0.000,58441.9
26.255,71.208,29.4220,0.000,58442.2
26.255,71.408,29.4333,0.000,58439.2
26.758,71.608,29.3952,0.000,58449.5
26.758,71.807,29.4214,0.000,58442.4
26.758,72.007,29.4264,0.000,58441.0
27.255,72.209,29.4057,0.000,58446.7
27.256,72.407,29.4162,0.000,58443.8
27.755,72.607,29.4333,0.000,58439.1
27.756,72.808,29.4170,0.000,58443.6
27.756,73.008,29.4100,0.000,58445.5
28.255,73.208,29.4357,0.000,58438.5
28.256,73.407,29.3980,0.000,58448.8
28.755,73.608,29.4173,0.000,58443.5
28.756,73.807,29.3958,0.000,58449.4
28.756,74.007,29.4326,0.000,58439.4
29.255,74.208,29.3926,0.000,58450.2
29.256,74.408,29.3904,0.000,58450.8
29.755,74.608,29.4033,0.000,58447.3
29.755,74.807,29.4194,0.000,58442.9
29.756,75.007,29.4101,0.000,58445.5
30.255,75.209,29.4030,0.000,58447.4
30.255,75.408,29.4192,0.000,58443.0
30.755,75.607,29.3880,0.000,58451.5
30.755,75.807,29.4054,0.000,58446.7
30.755,76.008,29.4057,0.000,58446.7
31.255,76.208,29.4126,0.000,58444.8
31.255,76.407,29.4126,0.000,58444.8
31.755,76.608,29.3842,0.000,58452.5
31.755,76.807,29.4019,0.000,58447.7
31.755,77.007,29.4070,0.000,58446.3
32.255,77.209,29.4090,0.000,58445.8
32.255,77.407,29.3719,0.000,58455.9
32.755,77.607,29.3906,0.000,58450.8
32.755,77.808,29.3989,0.000,58448.6
32.756,78.008,29.3999,0.000,58448.3
33.255,78.208,29.4090,0.000,58445.8
33.255,78.407,29.4030,0.000,58447.4
33.755,78.608,29.3787,0.000,58454.0
33.756,78.807,29.3981,0.000,58448.8
33.756,79.007,29.3997,0.000,58448.3
34.255,79.209,29.3975,0.000,58448.9
34.255,79.407,29.3903,0.000,58450.9
34.755,79.607,29.4041,0.000,58447.1
34.755,79.807,29.3799,0.000,58453.8
34.755,80.008,29.4173,0.000,58443.5
35.255,80.208,29.3760,0.000,58454.8
35.255,80.407,29.4114,0.000,58445.1
35.755,80.608,29.3994,0.000,58448.4
35.756,80.807,29.3976,0.000,58448.9
35.756,81.007,29.4105,0.000,58445.4
36.255,81.208,29.4126,0.000,58444.8
36.255,81.408,29.4136,0.000,58444.5
36.755,81.608,29.4101,0.000,58445.5
36.755,81.807,29.4049,0.000,58446.8
36.756,82.007,29.3901,0.000,58450.9
37.258,82.209,29.4005,0.000,58448.1
37.258,82.407,29.4036,0.000,58447.2
37.755,82.607,29.4019,0.000,58447.7
37.755,82.807,29.4119,0.000,58445.0
37.756,83.008,29.3787,0.000,58454.1
38.259,83.208,29.3872,0.000,58451.8
38.259,83.407,29.4023,0.000,58447.6
38.755,83.608,29.3747,0.000,58455.2
38.755,83.807,29.4012,0.000,58447.9
38.756,84.007,29.3981,0.000,58448.8
39.255,84.208,29.3952,0.000,58449.5
39.256,84.408,29.3791,0.000,58453.9
39.755,84.608,29.3996,0.000,58448.4
39.756,84.807,29.3916,0.000,58450.5
39.756,85.007,29.3882,0.000,58451.5
40.255,85.209,29.3794,0.000,58453.9
40.255,85.407,29.3987,0.000,58448.6
40.755,85.607,29.4012,0.000,58447.9
40.755,85.808,29.3720,0.000,58455.8
40.755,86.008,29.3818,0.000,58453.2
41.255,86.208,29.3916,0.000,58450.5
41.255,86.407,29.3937,0.000,58449.9
41.755,86.608,29.3934,0.000,58450.1
41.756,86.807,29.3882,0.000,58451.4
41.756,87.007,29.3724,0.000,58455.8
42.255,87.209,29.3654,0.000,58457.6
42.255,87.407,29.3794,0.000,58453.8
42.755,87.607,29.4005,0.000,58448.1
42.756,87.808,29.3721,0.000,58455.8
42.756,88.008,29.3828,0.000,58452.9
43.255,88.208,29.3860,0.000,58452.1
43.255,88.407,29.3833,0.000,58452.8
43.755,88.607,29.3818,0.000,58453.2
43.755,88.806,29.3395,0.000,58464.7
43.756,89.006,29.3494,0.000,58462.0
44.255,89.208,29.3605,0.000,58459.0
44.255,89.406,29.3420,0.000,58464.0
44.755,89.606,29.3818,0.000,58453.2
44.755,89.807,29.3808,0.000,58453.5
44.755,90.007,29.3838,0.000,58452.7
45.255,90.207,29.3572,0.000,58459.9
45.255,90.406,29.3569,0.000,58460.0
45.755,90.607,29.3507,0.000,58461.7
45.755,90.806,29.3784,0.000,58454.1
45.756,91.006,29.3805,0.000,58453.6
46.255,91.207,29.3538,0.000,58460.8
46.255,91.407,29.3667,0.000,58457.3
46.755,91.607,29.3346,0.000,58466.1
46.755,91.806,29.3610,0.000,58458.9
46.755,92.006,29.3563,0.000,58460.2
47.255,92.208,29.3423,0.000,58464.0
47.255,92.406,29.3732,0.000,58455.5
47.755,92.606,29.3284,0.000,58467.8
47.755,92.806,29.3636,0.000,58458.2
47.755,93.006,29.3494,0.000,58462.0
48.255,93.206,29.3418,0.000,58464.1
48.255,93.405,29.3672,0.000,58457.2
48.755,93.606,29.3291,0.000,58467.6
48.755,93.805,29.3517,0.000,58461.4
48.755,94.005,29.3413,0.000,58464.2
49.255,94.207,29.3252,0.000,58468.6
49.255,94.405,29.3678,0.000,58457.0
49.756,94.605,29.3703,0.000,58456.3
49.756,94.806,29.3646,0.000,58457.9
49.756,95.006,29.3582,0.000,58459.6
50.256,95.206,29.3457,0.000,58463.1
50.256,95.405,29.3271,0.000,58468.1
50.756,95.606,29.3223,0.000,58469.4
50.756,95.805,29.3571,0.000,58459.9
50.756,96.005,29.3519,0.000,58461.3
51.256,96.207,29.3538,0.000,58460.8
51.256,96.406,29.3213,0.000,58469.7
51.756,96.605,29.3545,0.000,58460.6
51.756,96.805,29.3301,0.000,58467.3
51.756,97.005,29.3535,0.000,58460.9
52.256,97.205,29.3579,0.000,58459.7
52.256,97.404,29.3481,0.000,58462.4
52.756,97.605,29.3475,0.000,58462.5
52.756,97.805,29.3427,0.000,58463.8
52.756,98.005,29.3403,0.000,58464.5
53.256,98.205,29.3470,0.000,58462.7
53.256,98.405,29.3491,0.000,58462.1
53.756,98.605,29.3501,0.000,58461.8
53.756,98.804,29.3457,0.000,58463.1
53.756,99.005,29.3374,0.000,58465.2
54.256,99.205,29.3249,0.000,58468.7
54.256,99.404,29.3271,0.000,58468.1
54.756,99.604,29.3338,0.000,58466.3
54.756,99.805,29.3211,0.000,58469.7
54.756,100.005,29.3216,0.000,58469.6
55.255,100.205,29.3395,0.000,58464.7
55.255,100.405,29.3180,0.000,58470.6
55.756,100.604,29.3470,0.000,58462.7
55.756,100.804,29.3201,0.000,58470.0
55.756,101.004,29.3374,0.000,58465.3
56.256,101.204,29.3229,0.000,58469.2
56.256,101.403,29.3484,0.000,58462.3
56.755,101.603,29.3361,0.000,58465.6
56.756,101.804,29.3403,0.000,58464.5
56.756,102.004,29.3045,0.000,58474.2
57.255,102.203,29.3047,0.000,58474.2
57.255,102.404,29.3468,0.000,58462.7
57.755,102.604,29.3004,0.000,58475.4
57.755,102.803,29.3060,0.000,58473.9
57.756,103.004,29.3055,0.000,58474.0
58.255,103.204,29.2900,0.000,58478.2
58.256,103.404,29.3300,0.000,58467.3
58.756,103.603,29.3320,0.000,58466.7
58.756,103.803,29.3297,0.000,58467.4
58.756,104.004,29.3491,0.000,58462.1
59.256,104.204,29.3078,0.000,58473.4
59.256,104.403,29.3498,0.000,58461.9
59.756,104.603,29.3369,0.000,58465.4
59.756,104.804,29.3276,0.000,58468.0
59.756,105.004,29.3255,0.000,58468.5
60.256,105.202,29.3296,0.000,58467.4
60.256,105.403,29.3293,0.000,58467.5
60.756,105.603,29.3149,0.000,58471.4
60.756,105.802,29.3242,0.000,58468.9
60.756,106.003,29.3008,0.000,58475.2
61.256,106.203,29.3284,0.000,58467.8
61.256,106.403,29.3346,0.000,58466.0
61.756,106.602,29.2896,0.000,58478.3
61.756,106.802,29.3065,0.000,58473.7
61.756,107.003,29.3161,0.000,58471.1
62.256,107.203,29.3405,0.000,58464.4
62.256,107.403,29.3374,0.000,58465.3
62.755,107.602,29.3187,0.000,58470.4
62.756,107.802,29.3279,0.000,58467.9
62.756,108.004,29.3302,0.000,58467.2
63.256,108.203,29.3284,0.000,58467.7
63.256,108.402,29.3289,0.000,58467.6
63.755,108.602,29.3208,0.000,58469.8
63.755,108.803,29.3006,0.000,58475.3
63.756,109.003,29.3047,0.000,58474.2
64.255,109.201,29.2910,0.000,58477.9
64.255,109.402,29.3299,0.000,58467.4
64.755,109.602,29.3154,0.000,58471.3
64.755,109.801,29.3105,0.000,58472.6
64.755,110.002,29.3200,0.000,58470.1
65.255,110.202,29.3060,0.000,58473.8
65.255,110.402,29.2998,0.000,58475.5
65.755,110.601,29.3120,0.000,58472.2
65.755,110.801,29.3055,0.000,58474.0
65.755,111.003,29.3105,0.000,58472.6
66.255,111.202,29.3268,0.000,58468.2
66.255,111.401,29.2978,0.000,58476.0
66.756,111.601,29.2824,0.000,58480.2
66.756,111.802,29.3157,0.000,58471.2
66.756,112.002,29.3237,0.000,58469.0
67.256,112.201,29.3322,0.000,58466.7
67.256,112.402,29.3180,0.000,58470.6
67.756,112.601,29.3164,0.000,58471.0
67.756,112.801,29.3074,0.000,58473.5
67.756,113.002,29.3201,0.000,58470.0
68.256,113.202,29.3193,0.000,58470.2
68.256,113.400,29.3161,0.000,58471.1
68.756,113.600,29.3052,0.000,58474.1
68.756,113.801,29.2829,0.000,58480.1
68.756,114.002,29.3159,0.000,58471.1
69.256,114.200,29.3003,0.000,58475.4
69.256,114.400,29.3095,0.000,58472.9
69.756,114.601,29.2884,0.000,58478.6
69.756,114.800,29.3017,0.000,58475.0
69.756,115.001,29.2640,0.000,58485.2
70.256,115.201,29.2718,0.000,58483.1
70.256,115.401,29.2964,0.000,58476.4
70.756,115.600,29.3112,0.000,58472.4
70.756,115.800,29.3101,0.000,58472.7
70.756,116.002,29.2874,0.000,58478.9
71.256,116.200,29.2986,0.000,58475.9
71.256,116.400,29.3141,0.000,58471.6
71.756,116.601,29.2695,0.000,58483.8
71.756,116.801,29.3102,0.000,58472.7
71.756,117.001,29.2663,0.000,58484.7
72.256,117.200,29.2716,0.000,58483.2
72.256,117.400,29.3084,0.000,58473.2
72.756,117.599,29.3044,0.000,58474.2
72.756,117.799,29.3037,0.000,58474.5
72.756,118.001,29.2978,0.000,58476.1
73.255,118.200,29.2952,0.000,58476.8
73.256,118.399,29.3170,0.000,58470.9
73.756,118.599,29.2648,0.000,58485.1
73.756,118.800,29.2878,0.000,58478.8
73.756,119.000,29.2874,0.000,58478.9
74.256,119.199,29.2921,0.000,58477.6
74.256,119.400,29.3050,0.000,58474.1
74.756,119.599,29.2729,0.000,58482.9
74.756,119.799,29.2868,0.000,58479.1
74.756,120.001,29.2664,0.000,58484.6
75.256,120.200,29.2939,0.000,58477.2
75.256,120.399,29.2806,0.000,58480.8
75.755,120.599,29.3048,0.000,58474.1
75.756,120.800,29.2928,0.000,58477.4
75.756,121.000,29.2887,0.000,58478.5
76.256,121.199,29.2928,0.000,58477.4
76.256,121.399,29.2983,0.000,58475.9
76.756,121.598,29.2954,0.000,58476.7
76.756,121.798,29.3104,0.000,58472.7
76.756,121.999,29.3018,0.000,58475.0
77.256,122.199,29.2594,0.000,58486.5
77.256,122.398,29.2646,0.000,58485.1
77.755,122.598,29.2995,0.000,58475.6
77.755,122.798,29.2625,0.000,58485.6
77.756,123.000,29.2567,0.000,58487.3
78.256,123.198,29.2801,0.000,58480.9
78.256,123.398,29.2912,0.000,58477.9
78.756,123.599,29.2884,0.000,58478.6
78.756,123.798,29.2422,0.000,58491.2
78.756,123.999,29.2490,0.000,58489.4
79.256,124.199,29.2894,0.000,58478.4
79.256,124.399,29.2637,0.000,58485.3
79.755,124.598,29.2653,0.000,58484.9
79.756,124.798,29.2459,0.000,58490.2
79.756,125.000,29.2884,0.000,58478.6
80.256,125.198,29.2448,0.000,58490.5
80.256,125.398,29.2397,0.000,58491.8
80.756,125.598,29.2327,0.000,58493.8
80.756,125.797,29.2586,0.000,58486.7
80.756,125.998,29.2329,0.000,58493.7
81.256,126.198,29.2414,0.000,58491.4
81.256,126.397,29.2459,0.000,58490.2
81.755,126.597,29.2636,0.000,58485.4
81.755,126.797,29.2733,0.000,58482.7
81.755,126.999,29.2583,0.000,58486.8
82.255,127.197,29.2404,0.000,58491.7
82.255,127.397,29.2547,0.000,58487.8
82.755,127.598,29.2679,0.000,58484.2
82.755,127.797,29.2648,0.000,58485.1
82.755,127.998,29.2573,0.000,58487.1
83.255,128.197,29.2036,0.000,58501.6
83.255,128.398,29.2431,0.000,58490.9
83.755,128.597,29.2280,0.000,58495.1
83.755,128.797,29.2583,0.000,58486.8
83.755,128.999,29.2459,0.000,58490.2
84.255,129.197,29.2025,0.000,58502.0
84.255,129.397,29.2322,0.000,58493.9
84.755,129.597,29.2471,0.000,58489.9
84.755,129.797,29.2278,0.000,58495.1
84.755,129.997,29.2238,0.000,58496.2
85.257,130.196,29.2152,0.000,58498.5
85.257,130.397,29.2334,0.000,58493.6
85.757,130.596,29.2026,0.000,58501.9
85.757,130.797,29.2314,0.000,58494.1
85.757,130.997,29.2041,0.000,58501.5
86.257,131.196,29.2350,0.000,58493.1
86.257,131.396,29.2314,0.000,58494.1
86.757,131.597,29.2129,0.000,58499.2
86.757,131.797,29.2241,0.000,58496.1
86.757,131.997,29.2509,0.000,58488.8
87.257,132.196,29.2226,0.000,58496.5
87.257,132.397,29.2314,0.000,58494.1
87.755,132.596,29.2290,0.000,58494.8
87.756,132.797,29.2511,0.000,58488.8
87.756,132.997,29.2257,0.000,58495.7
88.257,133.197,29.2345,0.000,58493.2
88.257,133.396,29.2353,0.000,58493.1
88.757,133.596,29.1880,0.000,58505.9
88.757,133.797,29.2407,0.000,58491.6
88.757,133.995,29.2399,0.000,58491.8
89.256,134.195,29.2127,0.000,58499.2
89.257,134.396,29.2287,0.000,58494.9
89.757,134.596,29.2422,0.000,58491.2
89.757,134.796,29.2147,0.000,58498.6
89.757,134.995,29.2199,0.000,58497.2
90.257,135.196,29.2106,0.000,58499.8
90.257,135.395,29.2332,0.000,58493.6
90.757,135.595,29.2275,0.000,58495.1
90.757,135.796,29.2316,0.000,58494.0
90.757,135.996,29.2090,0.000,58500.2
91.257,136.195,29.2363,0.000,58492.8
91.257,136.395,29.2098,0.000,58500.0
91.757,136.596,29.2173,0.000,58497.9
91.757,136.796,29.2098,0.000,58500.0
91.757,136.995,29.1984,0.000,58503.1
92.257,137.196,29.2189,0.000,58497.5
92.257,137.395,29.2083,0.000,58500.4
92.756,137.595,29.2275,0.000,58495.2
92.756,137.796,29.1789,0.000,58508.4
92.756,137.995,29.2142,0.000,58498.8
93.257,138.195,29.2244,0.000,58496.0
93.257,138.394,29.2010,0.000,58502.4
93.757,138.594,29.1790,0.000,58508.4
93.757,138.796,29.1834,0.000,58507.1
93.757,138.995,29.2147,0.000,58498.6
94.257,139.195,29.1974,0.000,58503.3
94.257,139.394,29.2121,0.000,58499.4
94.757,139.594,29.1989,0.000,58502.9
94.757,139.796,29.1719,0.000,58510.2
94.757,139.995,29.1919,0.000,58504.8
95.257,140.195,29.2143,0.000,58498.8
95.257,140.394,29.1702,0.000,58510.7
95.756,140.594,29.1963,0.000,58503.7
95.756,140.796,29.2056,0.000,58501.1
95.756,140.995,29.1964,0.000,58503.6
96.257,141.194,29.2152,0.000,58498.5
96.257,141.394,29.1885,0.000,58505.8
96.757,141.595,29.1995,0.000,58502.8
96.757,141.795,29.1902,0.000,58505.3
96.757,141.993,29.1790,0.000,58508.3
97.257,142.194,29.1880,0.000,58505.9
97.257,142.393,29.1984,0.000,58503.1
97.757,142.593,29.1714,0.000,58510.4
97.757,142.795,29.1974,0.000,58503.3
97.757,142.994,29.2073,0.000,58500.6
98.255,143.193,29.1649,0.000,58512.1
98.255,143.393,29.1907,0.000,58505.1
98.756,143.594,29.1806,0.000,58507.9
98.756,143.794,29.2017,0.000,58502.2
98.756,143.993,29.2155,0.000,58498.4
99.257,144.194,29.2031,0.000,58501.8
99.257,144.394,29.2015,0.000,58502.2
99.757,144.593,29.1611,0.000,58513.2
99.757,144.794,29.1709,0.000,58510.6
99.757,144.994,29.1966,0.000,58503.6
100.255,145.193,29.1987,0.000,58503.0
100.256,145.393,29.2043,0.000,58501.5
100.755,145.594,29.1797,0.000,58508.1
100.755,145.794,29.1893,0.000,58505.5
100.755,145.992,29.1906,0.000,58505.2
101.257,146.193,29.1792,0.000,58508.3
101.257,146.393,29.1974,0.000,58503.3
101.756,146.592,29.1797,0.000,58508.1
101.756,146.793,29.1613,0.000,58513.1
101.756,146.993,29.1735,0.000,58509.8
102.255,147.192,29.1746,0.000,58509.5
102.256,147.392,29.1727,0.000,58510.1
102.757,147.592,29.1795,0.000,58508.2
102.757,147.794,29.1668,0.000,58511.6
102.757,147.992,29.1891,0.000,58505.6
103.257,148.192,29.1401,0.000,58518.8
103.257,148.392,29.1797,0.000,58508.1
103.755,148.593,29.1460,0.000,58517.3
103.755,148.793,29.1753,0.000,58509.3
103.756,148.992,29.1816,0.000,58507.6
104.257,149.193,29.1297,0.000,58521.7
104.257,149.392,29.1841,0.000,58506.9
104.757,149.592,29.1676,0.000,58511.4
104.757,149.793,29.1689,0.000,58511.1
104.757,149.992,29.1890,0.000,58505.6
105.256,150.192,29.1950,0.000,58504.0
105.256,150.391,29.1483,0.000,58516.7
105.756,150.591,29.1435,0.000,58518.0
105.756,150.793,29.1812,0.000,58507.7
105.756,150.991,29.1718,0.000,58510.3
106.256,151.191,29.1720,0.000,58510.2
106.256,151.392,29.1652,0.000,58512.1
106.756,151.592,29.1533,0.000,58515.3
106.756,151.792,29.1504,0.000,58516.0
106.756,151.991,29.1663,0.000,58511.7
107.256,152.192,29.1282,0.000,58522.1
107.256,152.391,29.1600,0.000,58513.5
107.756,152.591,29.1766,0.000,58509.0
107.756,152.793,29.1624,0.000,58512.8
107.756,152.991,29.1641,0.000,58512.4
108.256,153.191,29.1362,0.000,58519.9
108.256,153.391,29.1641,0.000,58512.4
108.756,153.592,29.1577,0.000,58514.1
108.756,153.792,29.1750,0.000,58509.4
108.756,153.991,29.1225,0.000,58523.6
109.256,154.191,29.1559,0.000,58514.6
109.256,154.390,29.1567,0.000,58514.4
109.756,154.590,29.1694,0.000,58510.9
109.756,154.792,29.1432,0.000,58518.0
109.756,154.991,29.1274,0.000,58522.3
110.256,155.190,29.1767,0.000,58508.9
110.256,155.390,29.1696,0.000,58510.9
110.756,155.591,29.1562,0.000,58514.5
110.756,155.791,29.1600,0.000,58513.5
110.756,155.990,29.1552,0.000,58514.8
111.256,156.191,29.1310,0.000,58521.3
111.256,156.390,29.1624,0.000,58512.8
111.756,156.590,29.1271,0.000,58522.4
111.756,156.792,29.1623,0.000,58512.9
111.756,156.990,29.1590,0.000,58513.8
112.256,157.190,29.1499,0.000,58516.2
112.256,157.390,29.1548,0.000,58514.9
112.756,157.591,29.1157,0.000,58525.5
112.756,157.791,29.1216,0.000,58523.9
112.756,157.990,29.1369,0.000,58519.8
113.256,158.190,29.1222,0.000,58523.7
113.256,158.389,29.1504,0.000,58516.0
113.756,158.589,29.1212,0.000,58524.0
113.756,158.791,29.1365,0.000,58519.8
113.756,158.989,29.1457,0.000,58517.3
114.256,159.189,29.1499,0.000,58516.2
114.256,159.390,29.1455,0.000,58517.4
114.756,159.590,29.1089,0.000,58527.3
114.756,159.790,29.1418,0.000,58518.4
114.756,159.989,29.1528,0.000,58515.4
115.256,160.190,29.1644,0.000,58512.3
115.256,160.389,29.1515,0.000,58515.8
115.756,160.589,29.1481,0.000,58516.7
115.756,160.791,29.1465,0.000,58517.1
115.756,160.989,29.1242,0.000,58523.2
116.256,161.189,29.1533,0.000,58515.3
116.256,161.390,29.1465,0.000,58517.1
116.755,161.589,29.1270,0.000,58522.4
116.755,161.790,29.1665,0.000,58511.7
116.755,161.989,29.1165,0.000,58525.2
117.256,162.190,29.1510,0.000,58515.9
117.256,162.389,29.1486,0.000,58516.6
117.756,162.589,29.1567,0.000,58514.3
117.756,162.789,29.1211,0.000,58524.0
117.756,162.988,29.1533,0.000,58515.3
118.256,163.188,29.1514,0.000,58515.8
118.256,163.389,29.1440,0.000,58517.8
118.756,163.589,29.1111,0.000,58526.7
118.756,163.789,29.1183,0.000,58524.8
118.756,163.988,29.1484,0.000,58516.6
119.256,164.189,29.1564,0.000,58514.4
119.256,164.388,29.1375,0.000,58519.6
119.756,164.589,29.1662,0.000,58511.8
119.756,164.789,29.1634,0.000,58512.5
119.756,164.988,29.1613,0.000,58513.1
120.256,165.188,29.1551,0.000,58514.8
120.256,165.389,29.1548,0.000,58514.9
120.756,165.589,29.1336,0.000,58520.6
120.756,165.789,29.1390,0.000,58519.2
120.756,165.988,29.1544,0.000,58515.0
121.256,166.189,29.1201,0.000,58524.2
121.256,166.388,29.1557,0.000,58514.6
121.756,166.588,29.1255,0.000,58522.8
121.756,166.788,29.1369,0.000,58519.8
121.756,166.987,29.1352,0.000,58520.2
122.256,167.187,29.1450,0.000,58517.5
122.256,167.388,29.1125,0.000,58526.4
122.756,167.588,29.1440,0.000,58517.8
122.756,167.787,29.1440,0.000,58517.8
122.756,167.988,29.1185,0.000,58524.7
123.256,168.187,29.1450,0.000,58517.5
123.256,168.387,29.1416,0.000,58518.5
123.756,168.589,29.1440,0.000,58517.8
123.756,168.788,29.1225,0.000,58523.6
123.756,168.987,29.1313,0.000,58521.3
124.256,169.187,29.1136,0.000,58526.0
124.256,169.388,29.1518,0.000,58515.7
124.756,169.588,29.1595,0.000,58513.6
124.756,169.787,29.1187,0.000,58524.7
124.756,169.988,29.1362,0.000,58519.9
125.256,170.188,29.1546,0.000,58514.9
125.256,170.387,29.1772,0.000,58508.8
125.756,170.588,29.1030,0.000,58528.9
125.756,170.787,29.0858,0.000,58533.6
125.756,170.986,29.1230,0.000,58523.5
126.256,171.186,29.1134,0.000,58526.1
126.256,171.387,29.1369,0.000,58519.8
126.755,171.587,29.1232,0.000,58523.4
126.755,171.786,29.0970,0.000,58530.5
126.755,171.987,29.1295,0.000,58521.7
127.256,172.187,29.0928,0.000,58531.7
127.256,172.386,29.1154,0.000,58525.6
127.755,172.587,29.1220,0.000,58523.8
127.756,172.787,29.1344,0.000,58520.4
127.756,172.986,29.0937,0.000,58531.4
128.256,173.186,29.0999,0.000,58529.7
128.256,173.387,29.1204,0.000,58524.2
128.756,173.587,29.0889,0.000,58532.7
128.756,173.786,29.1038,0.000,58528.7
128.756,173.987,29.1149,0.000,58525.7
129.256,174.187,29.0879,0.000,58533.0
129.256,174.386,29.1162,0.000,58525.4
129.756,174.587,29.0871,0.000,58533.2
129.756,174.786,29.1258,0.000,58522.8
129.756,174.985,29.1186,0.000,58524.7
130.256,175.185,29.1007,0.000,58529.5
130.256,175.385,29.1170,0.000,58525.1
130.756,175.587,29.0775,0.000,58535.8
130.756,175.785,29.1201,0.000,58524.3
130.756,175.985,29.0817,0.000,58534.7
131.256,176.185,29.1123,0.000,58526.4
131.256,176.386,29.0880,0.000,58533.0
131.756,176.586,29.1069,0.000,58527.8
131.756,176.785,29.1377,0.000,58519.5
131.756,176.986,29.0975,0.000,58530.4
132.256,177.185,29.0880,0.000,58533.0
132.256,177.385,29.0705,0.000,58537.7
132.756,177.587,29.0732,0.000,58537.0
132.756,177.786,29.0934,0.000,58531.5
132.756,177.985,29.1019,0.000,58529.2
133.256,178.185,29.0664,0.000,58538.8
133.256,178.386,29.0938,0.000,58531.4
133.755,178.586,29.1033,0.000,58528.8
133.756,178.784,29.0874,0.000,58533.2
133.756,178.985,29.1016,0.000,58529.3
134.255,179.185,29.0742,0.000,58536.7
134.256,179.384,29.0657,0.000,58539.0
134.756,179.585,29.0889,0.000,58532.7
134.756,179.785,29.0651,0.000,58539.1
134.756,179.984,29.0968,0.000,58530.6
135.256,180.184,29.0959,0.000,58530.8
135.256,180.385,29.0735,0.000,58536.9
135.756,180.586,29.0766,0.000,58536.1
135.756,180.784,29.1037,0.000,58528.7
135.756,180.984,29.0923,0.000,58531.8
136.256,181.184,29.0806,0.000,58535.0
136.256,181.385,29.0783,0.000,58535.6
136.756,181.585,29.0874,0.000,58533.1
136.756,181.784,29.0924,0.000,58531.8
136.756,181.985,29.1007,0.000,58529.5
137.256,182.184,29.0818,0.000,58534.6
137.256,182.384,29.0797,0.000,58535.2
137.756,182.586,29.0477,0.000,58543.9
137.756,182.785,29.0640,0.000,58539.4
137.756,182.983,29.0799,0.000,58535.2
138.256,183.183,29.0742,0.000,58536.7
138.256,183.384,29.0859,0.000,58533.5
138.755,183.584,29.0858,0.000,58533.6
138.756,183.783,29.0527,0.000,58542.5
138.756,183.984,29.0557,0.000,58541.7
139.256,184.183,29.0433,0.000,58545.0
139.256,184.383,29.0654,0.000,58539.1
139.756,184.584,29.0464,0.000,58544.2
139.756,184.784,29.0874,0.000,58533.1
139.756,184.983,29.0711,0.000,58537.6
140.256,185.183,29.0817,0.000,58534.6
140.256,185.384,29.0835,0.000,58534.2
140.756,185.585,29.0755,0.000,58536.4
140.756,185.783,29.0898,0.000,58532.5
140.756,185.983,29.0672,0.000,58538.6
141.256,186.184,29.0864,0.000,58533.4
141.256,186.383,29.0493,0.000,58543.4
141.756,186.584,29.0711,0.000,58537.6
141.756,186.784,29.0343,0.000,58547.5
141.756,186.982,29.0747,0.000,58536.6
142.256,187.182,29.0586,0.000,58540.9
142.256,187.383,29.0807,0.000,58535.0
142.756,187.584,29.0760,0.000,58536.2
142.756,187.782,29.0226,0.000,58550.6
142.756,187.982,29.0410,0.000,58545.7
143.256,188.182,29.0304,0.000,58548.5
143.256,188.383,29.0474,0.000,58543.9
143.756,188.583,29.0486,0.000,58543.6
143.756,188.782,29.0547,0.000,58542.0
143.756,188.983,29.0334,0.000,58547.7
144.256,189.182,29.0498,0.000,58543.3
144.256,189.382,29.0657,0.000,58539.0
144.756,189.584,29.0675,0.000,58538.5
144.756,189.782,29.0662,0.000,58538.9
144.757,189.982,29.0683,0.000,58538.3
145.256,190.182,29.0544,0.000,58542.1
145.256,190.383,29.0562,0.000,58541.6
145.756,190.583,29.0638,0.000,58539.5
145.756,190.782,29.0518,0.000,58542.7
145.756,190.982,29.0413,0.000,58545.6
146.256,191.181,29.0596,0.000,58540.7
146.256,191.381,29.0652,0.000,58539.1
146.756,191.583,29.0605,0.000,58540.4
146.756,191.781,29.0181,0.000,58551.8
146.756,191.981,29.0596,0.000,58540.6
147.256,192.181,29.0322,0.000,58548.0
147.256,192.382,29.0268,0.000,58549.5
147.756,192.582,29.0508,0.000,58543.0
147.756,192.781,29.0220,0.000,58550.8
147.756,192.982,29.0324,0.000,58548.0
148.256,193.182,29.0540,0.000,58542.1
148.256,193.381,29.0601,0.000,58540.5
148.756,193.582,29.0569,0.000,58541.4
148.756,193.782,29.0521,0.000,58542.7
148.756,193.981,29.0477,0.000,58543.9
149.256,194.181,29.0376,0.000,58546.6
149.256,194.381,29.0498,0.000,58543.3
149.756,194.583,29.0304,0.000,58548.5
149.756,194.781,29.0590,0.000,58540.8
149.756,194.981,29.0537,0.000,58542.2
150.256,195.181,29.0488,0.000,58543.6
150.256,195.381,29.0474,0.000,58543.9
150.756,195.581,29.0361,0.000,58547.0
150.756,195.780,29.0366,0.000,58546.8
150.756,195.981,29.0220,0.000,58550.8
151.256,196.180,29.0493,0.000,58543.4
151.256,196.380,29.0109,0.000,58553.8
151.756,196.582,29.0182,0.000,58551.8
151.756,196.781,29.0247,0.000,58550.1
151.756,196.980,29.0488,0.000,58543.5
152.256,197.180,29.0267,0.000,58549.5
152.256,197.381,29.0138,0.000,58553.0
152.756,197.581,29.0255,0.000,58549.8
152.756,197.780,29.0396,0.000,58546.0
152.756,197.981,29.0166,0.000,58552.3
153.256,198.181,29.0322,0.000,58548.1
153.256,198.380,29.0164,0.000,58552.3
153.755,198.581,29.0312,0.000,58548.3
153.755,198.781,29.0415,0.000,58545.5
153.756,198.980,29.0334,0.000,58547.7
154.256,199.180,29.0493,0.000,58543.4
154.256,199.380,29.0512,0.000,58542.9
154.756,199.581,29.0151,0.000,58552.7
154.756,199.779,29.0338,0.000,58547.6
154.756,199.979,29.0296,0.000,58548.8
155.255,200.180,29.0524,0.000,58542.6
155.256,200.380,29.0426,0.000,58545.2
155.756,200.580,29.0338,0.000,58547.6
155.756,200.780,29.0435,0.000,58545.0
155.756,200.979,29.0524,0.000,58542.6
156.256,201.179,29.0391,0.000,58546.2
156.256,201.380,29.0493,0.000,58543.4
156.756,201.581,29.0428,0.000,58545.2
156.756,201.779,29.0493,0.000,58543.4
156.756,201.979,29.0394,0.000,58546.1
157.256,202.180,29.0464,0.000,58544.2
157.256,202.380,29.0099,0.000,58554.1
157.755,202.580,29.0415,0.000,58545.5
157.755,202.780,29.0273,0.000,58549.4
157.755,202.980,29.0330,0.000,58547.8
158.256,203.179,29.0361,0.000,58547.0
158.256,203.379,29.0364,0.000,58546.9
158.755,203.579,29.0524,0.000,58542.6
158.756,203.778,29.0537,0.000,58542.3
158.756,203.978,29.0402,0.000,58545.9
159.256,204.179,29.0306,0.000,58548.5
159.256,204.379,29.0493,0.000,58543.4
159.756,204.578,29.0208,0.000,58551.1
159.756,204.779,29.0569,0.000,58541.4
159.756,204.979,29.0446,0.000,58544.7
160.256,205.178,29.0480,0.000,58543.8
160.256,205.379,29.0138,0.000,58553.0
160.756,205.579,29.0322,0.000,58548.0
160.756,205.778,29.0400,0.000,58545.9
160.756,205.978,29.0273,0.000,58549.4
161.256,206.178,29.0265,0.000,58549.6
161.256,206.380,29.0311,0.000,58548.4
161.756,206.578,29.0117,0.000,58553.6
161.756,206.778,29.0521,0.000,58542.7
161.756,206.979,29.0451,0.000,58544.6
162.256,207.179,29.0175,0.000,58552.0
162.256,207.379,29.0221,0.000,58550.7
162.756,207.577,29.0347,0.000,58547.4
162.756,207.778,29.0237,0.000,58550.3
162.756,207.977,29.0234,0.000,58550.4
163.256,208.177,28.9984,0.000,58557.2
163.256,208.379,29.0376,0.000,58546.6
163.756,208.577,29.0343,0.000,58547.5
163.756,208.777,29.0320,0.000,58548.1
163.756,208.977,29.0208,0.000,58551.1
164.256,209.178,29.0230,0.000,58550.5
164.256,209.378,29.0293,0.000,58548.8
164.755,209.577,29.0325,0.000,58548.0
164.755,209.778,28.9937,0.000,58558.4
164.755,209.977,29.0063,0.000,58555.0
165.256,210.177,29.0249,0.000,58550.0
165.256,210.378,29.0230,0.000,58550.5
165.756,210.578,28.9904,0.000,58559.3
165.756,210.777,29.0314,0.000,58548.3
165.756,210.977,29.0207,0.000,58551.2
166.256,211.178,29.0161,0.000,58552.4
166.256,211.379,29.0018,0.000,58556.3
166.756,211.576,29.0281,0.000,58549.1
166.756,211.776,29.0120,0.000,58553.5
166.756,211.976,29.0221,0.000,58550.7
167.256,212.177,29.0109,0.000,58553.8
167.256,212.377,29.0355,0.000,58547.2
167.756,212.576,28.9985,0.000,58557.1
167.756,212.777,29.0195,0.000,58551.5
167.756,212.976,29.0078,0.000,58554.6
168.255,213.176,28.9866,0.000,58560.4
168.255,213.377,28.9891,0.000,58559.7
168.756,213.577,29.0190,0.000,58551.6
168.756,213.776,29.0193,0.000,58551.5
168.756,213.976,29.0135,0.000,58553.1
169.256,214.177,28.9970,0.000,58557.5
169.256,214.378,29.0034,0.000,58555.8
169.756,214.576,29.0255,0.000,58549.8
169.756,214.777,28.9889,0.000,58559.7
169.756,214.977,29.0208,0.000,58551.1
170.256,215.176,29.0000,0.000,58556.8
170.256,215.377,29.0268,0.000,58549.5
170.756,215.577,28.9928,0.000,58558.7
170.756,215.776,28.9793,0.000,58562.3
170.756,215.976,29.0005,0.000,58556.6
171.256,216.177,28.9967,0.000,58557.6
171.256,216.378,28.9958,0.000,58557.9
171.756,216.576,28.9961,0.000,58557.8
171.756,216.777,28.9743,0.000,58563.6
171.756,216.977,28.9739,0.000,58563.8
172.256,217.176,28.9948,0.000,58558.1
172.256,217.377,28.9971,0.000,58557.5
172.756,217.577,28.9954,0.000,58558.0
172.756,217.776,28.9671,0.000,58565.6
172.756,217.976,28.9705,0.000,58564.7
173.256,218.177,28.9834,0.000,58561.2
173.256,218.378,28.9766,0.000,58563.1
173.756,218.576,28.9682,0.000,58565.3
173.756,218.777,29.0083,0.000,58554.5
173.756,218.977,29.0055,0.000,58555.2
174.256,219.176,28.9683,0.000,58565.3
174.256,219.377,28.9818,0.000,58561.7
174.756,219.577,29.0011,0.000,58556.4
174.756,219.776,29.0008,0.000,58556.5
174.756,219.976,28.9827,0.000,58561.4
175.256,220.177,28.9843,0.000,58561.0
175.256,220.378,28.9811,0.000,58561.8
175.756,220.576,28.9861,0.000,58560.5
175.756,220.777,28.9722,0.000,58564.2
175.756,220.978,28.9772,0.000,58562.9
176.256,221.177,28.9966,0.000,58557.7
176.256,221.378,28.9836,0.000,58561.2
176.756,221.578,28.9853,0.000,58560.7
176.756,221.777,28.9907,0.000,58559.2
176.756,221.977,28.9928,0.000,58558.7
177.256,222.178,28.9751,0.000,58563.5
177.256,222.379,29.0031,0.000,58555.9
177.756,222.577,28.9624,0.000,58566.9
177.756,222.777,28.9876,0.000,58560.1
177.756,222.978,28.9630,0.000,58566.7
178.256,223.177,28.9515,0.000,58569.8
178.256,223.378,28.9966,0.000,58557.6
178.755,223.578,28.9915,0.000,58559.0
178.755,223.778,28.9521,0.000,58569.6
178.755,223.977,28.9722,0.000,58564.2
179.256,224.177,28.9570,0.000,58568.3
179.256,224.379,28.9919,0.000,58558.9
179.756,224.577,28.9717,0.000,58564.4
179.756,224.777,28.9572,0.000,58568.3
179.756,224.978,28.9790,0.000,58562.4
180.256,225.177,28.9497,0.000,58570.3
180.256,225.378,28.9572,0.000,58568.3
180.756,225.578,28.9746,0.000,58563.6
180.756,225.777,28.9922,0.000,58558.8
180.756,225.977,28.9437,0.000,58572.0
181.256,226.177,28.9845,0.000,58560.9
181.256,226.379,28.9848,0.000,58560.8
181.756,226.577,28.9882,0.000,58559.9
181.756,226.777,28.9653,0.000,58566.1
181.756,226.978,28.9547,0.000,58568.9
182.256,227.179,28.9570,0.000,58568.3
182.256,227.379,28.9839,0.000,58561.1
182.756,227.578,28.9665,0.000,58565.8
182.756,227.779,28.9467,0.000,58571.1
182.756,227.978,28.9697,0.000,58564.9
183.256,228.178,28.9630,0.000,58566.7
183.256,228.380,28.9639,0.000,58566.5
183.756,228.578,28.9503,0.000,58570.1
183.756,228.778,28.9546,0.000,58569.0
183.756,228.978,28.9280,0.000,58576.1
184.255,229.179,28.9689,0.000,58565.1
184.255,229.379,28.9606,0.000,58567.3
184.756,229.578,28.9464,0.000,58571.2
184.756,229.779,28.9316,0.000,58575.2
184.756,229.978,28.9368,0.000,58573.8
185.256,230.178,28.9526,0.000,58569.5
185.256,230.379,28.9511,0.000,58569.9
185.756,230.579,28.9541,0.000,58569.1
185.756,230.778,28.9412,0.000,58572.6
185.756,230.978,28.9183,0.000,58578.8
186.256,231.179,28.9308,0.000,58575.4
186.256,231.379,28.9152,0.000,58579.6
186.756,231.578,28.9165,0.000,58579.3
186.756,231.779,28.9424,0.000,58572.2
186.756,231.978,28.9282,0.000,58576.1
187.256,232.178,28.9478,0.000,58570.8
187.256,232.379,28.9153,0.000,58579.6
187.756,232.579,28.9054,0.000,58582.2
187.756,232.778,28.9422,0.000,58572.3
187.756,232.979,28.9554,0.000,58568.8
188.256,233.179,28.9432,0.000,58572.1
188.256,233.380,28.9438,0.000,58571.9
188.756,233.580,28.9515,0.000,58569.8
188.756,233.780,28.9489,0.000,58570.5
188.756,233.979,28.9469,0.000,58571.0
189.256,234.179,28.9559,0.000,58568.6
189.256,234.380,28.9528,0.000,58569.5
189.755,234.581,28.9432,0.000,58572.1
189.756,234.779,28.9095,0.000,58581.1
189.756,234.979,28.9079,0.000,58581.5
190.256,235.180,28.9383,0.000,58573.4
190.256,235.380,28.9378,0.000,58573.5
190.755,235.580,28.8957,0.000,58584.8
190.755,235.779,28.9337,0.000,58574.6
190.755,235.980,28.9204,0.000,58578.2
191.256,236.179,28.9345,0.000,58574.4
191.256,236.380,28.9341,0.000,58574.5
191.756,236.580,28.8929,0.000,58585.6
191.756,236.779,28.9165,0.000,58579.2
191.756,236.979,28.9062,0.000,58582.0
192.255,237.180,28.9031,0.000,58582.8
192.255,237.380,28.9297,0.000,58575.7
192.756,237.580,28.9331,0.000,58574.7
192.756,237.779,28.9251,0.000,58576.9
192.756,237.980,28.9331,0.000,58574.8
193.256,238.179,28.9209,0.000,58578.1
193.256,238.380,28.9280,0.000,58576.1
193.756,238.580,28.9004,0.000,58583.6
193.756,238.780,28.8896,0.000,58586.4
193.756,238.980,28.9004,0.000,58583.6
194.256,239.179,28.9181,0.000,58578.8
194.256,239.381,28.9035,0.000,58582.7
194.755,239.581,28.9277,0.000,58576.2
194.755,239.780,28.9082,0.000,58581.4
194.755,239.981,28.9036,0.000,58582.7
195.255,240.181,28.9272,0.000,58576.3
195.255,240.380,28.9105,0.000,58580.9
195.756,240.581,28.9134,0.000,58580.1
195.756,240.781,28.9201,0.000,58578.3
195.756,240.980,28.8950,0.000,58585.0
196.256,241.180,28.9271,0.000,58576.4
196.256,241.380,28.9100,0.000,58581.0
196.756,241.582,28.9067,0.000,58581.9
196.756,241.780,28.9385,0.000,58573.3
196.756,241.980,28.9258,0.000,58576.7
197.256,242.180,28.9087,0.000,58581.4
197.256,242.381,28.9163,0.000,58579.3
197.756,242.581,28.8921,0.000,58585.8
197.756,242.780,28.9046,0.000,58582.5
197.756,242.981,28.9191,0.000,58578.5
198.256,243.181,28.8857,0.000,58587.5
198.256,243.380,28.9075,0.000,58581.7
198.756,243.581,28.9342,0.000,58574.5
198.756,243.781,28.9110,0.000,58580.7
198.756,243.980,28.9313,0.000,58575.2
199.256,244.180,28.9263,0.000,58576.6
199.256,244.381,28.9020,0.000,58583.1
199.756,244.582,28.9054,0.000,58582.2
199.756,244.780,28.9194,0.000,58578.4
199.756,244.981,28.8975,0.000,58584.4
200.256,245.180,28.8927,0.000,58585.6
200.256,245.382,28.9162,0.000,58579.3
200.756,245.583,28.9337,0.000,58574.6
200.756,245.781,28.9052,0.000,58582.3
200.756,245.981,28.8887,0.000,58586.7
201.256,246.182,28.9046,0.000,58582.4
201.256,246.381,28.9025,0.000,58583.0
201.756,246.582,28.8925,0.000,58585.7
201.756,246.782,28.8781,0.000,58589.6
201.756,246.981,28.9152,0.000,58579.6
202.256,247.181,28.8896,0.000,58586.5
202.256,247.381,28.9217,0.000,58577.8
202.755,247.583,28.9095,0.000,58581.1
202.755,247.781,28.8989,0.000,58584.0
202.756,247.981,28.9298,0.000,58575.6
203.256,248.182,28.9114,0.000,58580.6
203.256,248.382,28.9100,0.000,58581.0
203.756,248.582,28.9049,0.000,58582.3
203.756,248.781,28.9219,0.000,58577.8
203.756,248.982,28.9171,0.000,58579.1
204.256,249.181,28.9315,0.000,58575.2
204.256,249.381,28.9150,0.000,58579.6
204.756,249.583,28.9248,0.000,58577.0
204.756,249.781,28.8940,0.000,58585.2
204.756,249.981,28.8865,0.000,58587.3
205.256,250.182,28.9321,0.000,58575.0
205.256,250.382,28.9147,0.000,58579.7
205.756,250.582,28.9331,0.000,58574.8
205.756,250.781,28.9263,0.000,58576.6
205.756,250.983,28.9134,0.000,58580.1
206.255,251.181,28.9263,0.000,58576.6
206.255,251.382,28.8914,0.000,58586.0
206.755,251.584,28.8835,0.000,58588.1
206.755,251.781,28.9105,0.000,58580.9
206.755,251.982,28.8847,0.000,58587.8
207.256,252.183,28.9188,0.000,58578.6
207.256,252.383,28.9162,0.000,58579.3
207.755,252.583,28.8856,0.000,58587.6
207.755,252.782,28.8797,0.000,58589.1
207.755,252.983,28.9191,0.000,58578.5
208.256,253.182,28.9008,0.000,58583.5
208.256,253.382,28.9228,0.000,58577.5
208.756,253.584,28.9131,0.000,58580.1
208.756,253.782,28.9222,0.000,58577.7
208.756,253.982,28.9209,0.000,58578.1
209.255,254.183,28.9022,0.000,58583.1
209.255,254.383,28.9225,0.000,58577.6
209.756,254.583,28.9324,0.000,58574.9
209.756,254.782,28.9053,0.000,58582.2
209.756,254.983,28.9246,0.000,58577.1
210.256,255.182,28.8919,0.000,58585.8
210.256,255.382,28.8838,0.000,58588.0
210.756,255.584,28.8906,0.000,58586.2
210.756,255.782,28.9233,0.000,58577.4
210.756,255.982,28.9135,0.000,58580.0
211.256,256.183,28.9162,0.000,58579.3
211.256,256.383,28.9287,0.000,58575.9
211.756,256.583,28.8887,0.000,58586.7
211.756,256.782,28.9178,0.000,58578.9
211.756,256.983,28.9061,0.000,58582.1
212.256,257.182,28.8979,0.000,58584.2
212.256,257.382,28.9108,0.000,58580.8
212.756,257.585,28.9197,0.000,58578.4
212.756,257.782,28.9165,0.000,58579.3
212.756,257.983,28.9023,0.000,58583.0
213.256,258.184,28.8792,0.000,58589.2
213.256,258.384,28.8976,0.000,58584.3
213.756,258.584,28.9009,0.000,58583.4
213.756,258.783,28.9064,0.000,58581.9
213.756,258.984,28.9116,0.000,58580.6
214.256,259.183,28.9134,0.000,58580.1
214.256,259.383,28.8817,0.000,58588.6
214.756,259.585,28.9058,0.000,58582.1
214.756,259.783,28.9080,0.000,58581.5
214.756,259.983,28.8984,0.000,58584.1
215.256,260.184,28.9074,0.000,58581.7
215.256,260.384,28.8786,0.000,58589.4
215.756,260.584,28.8764,0.000,58590.0
215.756,260.783,28.8825,0.000,58588.4
215.756,260.984,28.8916,0.000,58586.0
216.256,261.183,28.8950,0.000,58585.1
216.256,261.383,28.8660,0.000,58592.8
216.756,261.585,28.8696,0.000,58591.9
216.756,261.783,28.8804,0.000,58588.9
216.756,261.983,28.8862,0.000,58587.4
217.256,262.184,28.8776,0.000,58589.7
217.256,262.384,28.9103,0.000,58580.9
217.756,262.584,28.9038,0.000,58582.6
217.756,262.783,28.8862,0.000,58587.4
217.756,262.984,28.8877,0.000,58587.0
218.256,263.183,28.9079,0.000,58581.6
218.256,263.383,28.8698,0.000,58591.8
218.755,263.586,28.8698,0.000,58591.8
218.755,263.783,28.8766,0.000,58589.9
218.755,263.984,28.8930,0.000,58585.6
219.256,264.184,28.8936,0.000,58585.4
219.256,264.385,28.8753,0.000,58590.3
219.756,264.585,28.8742,0.000,58590.6
219.756,264.784,28.8678,0.000,58592.3
219.756,264.985,28.8950,0.000,58585.0
220.256,265.185,28.8953,0.000,58584.9
220.256,265.384,28.8696,0.000,58591.8
220.756,265.585,28.8940,0.000,58585.2
220.756,265.785,28.8870,0.000,58587.2
220.756,265.984,28.8887,0.000,58586.7
221.256,266.184,28.8782,0.000,58589.5
221.256,266.385,28.8935,0.000,58585.4
221.755,266.586,28.8481,0.000,58597.6
221.756,266.784,28.8631,0.000,58593.6
221.756,266.984,28.8524,0.000,58596.5
222.256,267.185,28.8973,0.000,58584.4
222.256,267.384,28.8896,0.000,58586.5
222.756,267.585,28.8457,0.000,58598.2
222.756,267.785,28.8672,0.000,58592.5
222.756,267.984,28.8693,0.000,58591.9
223.256,268.184,28.8688,0.000,58592.0
223.256,268.385,28.8815,0.000,58588.6
223.756,268.586,28.8691,0.000,58592.0
223.756,268.784,28.8349,0.000,58601.2
223.756,268.984,28.8441,0.000,58598.7
224.255,269.185,28.8831,0.000,58588.2
224.256,269.384,28.8735,0.000,58590.8
224.756,269.586,28.8813,0.000,58588.7
224.756,269.785,28.8706,0.000,58591.6
224.756,269.985,28.8660,0.000,58592.8
225.256,270.185,28.8579,0.000,58595.0
225.256,270.386,28.8786,0.000,58589.4
225.756,270.587,28.8672,0.000,58592.5
225.756,270.785,28.8773,0.000,58589.8
225.756,270.985,28.8657,0.000,58592.9
226.256,271.186,28.8346,0.000,58601.2
226.256,271.386,28.8424,0.000,58599.1
226.756,271.586,28.8701,0.000,58591.7
226.756,271.785,28.8613,0.000,58594.1
226.756,271.986,28.8457,0.000,58598.3
227.255,272.185,28.8722,0.000,58591.1
227.255,272.385,28.8753,0.000,58590.3
227.756,272.587,28.8681,0.000,58592.3
227.756,272.785,28.8506,0.000,58597.0
227.756,272.985,28.8535,0.000,58596.2
228.256,273.186,28.8483,0.000,58597.6
228.256,273.386,28.8662,0.000,58592.8
228.756,273.586,28.8444,0.000,58598.6
228.756,273.785,28.8569,0.000,58595.3
228.756,273.986,28.8660,0.000,58592.8
229.256,274.185,28.8467,0.000,58598.0
229.256,274.385,28.8605,0.000,58594.3
229.756,274.587,28.8554,0.000,58595.7
229.756,274.785,28.8245,0.000,58604.0
229.756,274.985,28.8564,0.000,58595.4
230.256,275.186,28.8551,0.000,58595.8
230.256,275.386,28.8398,0.000,58599.8
230.756,275.586,28.8438,0.000,58598.8
230.756,275.785,28.8685,0.000,58592.1
230.756,275.987,28.8450,0.000,58598.5
231.256,276.186,28.8340,0.000,58601.4
231.256,276.386,28.8584,0.000,58594.9
231.756,276.588,28.8332,0.000,58601.6
231.756,276.786,28.8262,0.000,58603.5
231.756,276.986,28.8550,0.000,58595.8
232.256,277.187,28.8584,0.000,58594.8
232.256,277.387,28.8445,0.000,58598.6
232.756,277.587,28.8672,0.000,58592.5
232.756,277.786,28.8266,0.000,58603.4
232.756,277.987,28.8706,0.000,58591.6
233.256,278.186,28.8245,0.000,58604.0
233.256,278.386,28.8486,0.000,58597.5
233.756,278.588,28.8437,0.000,58598.8
233.756,278.786,28.8470,0.000,58597.9
233.756,278.986,28.8506,0.000,58597.0
234.256,279.186,28.8491,0.000,58597.4
234.256,279.387,28.8341,0.000,58601.4
234.756,279.588,28.8561,0.000,58595.5
234.756,279.786,28.8535,0.000,58596.2
234.756,279.986,28.8134,0.000,58607.0
235.256,280.187,28.8406,0.000,58599.6
235.256,280.386,28.8462,0.000,58598.1
235.756,280.587,28.8383,0.000,58600.3
235.756,280.787,28.8169,0.000,58606.0
235.756,280.986,28.8438,0.000,58598.8
236.256,281.186,28.8275,0.000,58603.2
236.256,281.387,28.8042,0.000,58609.4
236.756,281.588,28.8480,0.000,58597.7
236.756,281.786,28.8467,0.000,58598.0
236.756,281.986,28.8475,0.000,58597.8
237.256,282.188,28.8566,0.000,58595.4
237.256,282.387,28.8242,0.000,58604.0
237.756,282.588,28.8472,0.000,58597.8
237.756,282.787,28.8260,0.000,58603.6
237.756,282.988,28.8349,0.000,58601.2
238.256,283.187,28.8483,0.000,58597.6
238.256,283.387,28.8405,0.000,58599.7
238.756,283.589,28.8610,0.000,58594.1
238.756,283.787,28.8424,0.000,58599.1
238.756,283.987,28.8398,0.000,58599.8
239.255,284.187,28.8467,0.000,58598.0
239.255,284.388,28.8143,0.000,58606.7
239.756,284.588,28.8187,0.000,58605.5
239.756,284.787,28.8367,0.000,58600.7
239.756,284.988,28.7972,0.000,58611.3
240.256,285.187,28.8394,0.000,58600.0
240.256,285.387,28.8328,0.000,58601.7
240.756,285.589,28.8369,0.000,58600.6
240.756,285.788,28.8022,0.000,58610.0
240.756,285.987,28.8223,0.000,58604.6
241.256,286.187,28.8021,0.000,58610.0
241.256,286.388,28.8384,0.000,58600.2
241.756,286.589,28.8271,0.000,58603.3
241.756,286.787,28.8424,0.000,58599.1
241.756,286.987,28.8196,0.000,58605.3
242.256,287.188,28.8418,0.000,58599.3
242.256,287.387,28.8003,0.000,58610.5
242.756,287.588,28.8048,0.000,58609.2
242.756,287.788,28.8330,0.000,58601.7
242.756,287.987,28.8231,0.000,58604.4
243.256,288.188,28.8519,0.000,58596.6
243.256,288.388,28.8231,0.000,58604.4
243.756,288.589,28.8276,0.000,58603.1
243.756,288.789,28.8125,0.000,58607.2
243.756,288.988,28.8306,0.000,58602.3
244.256,289.189,28.8175,0.000,58605.8
244.256,289.389,28.7892,0.000,58613.4
244.756,289.589,28.8149,0.000,58606.5
244.756,289.789,28.8166,0.000,58606.1
244.756,289.989,28.7993,0.000,58610.7
245.256,290.188,28.8218,0.000,58604.7
245.256,290.388,28.8169,0.000,58606.0
245.756,290.589,28.8128,0.000,58607.1
245.756,290.790,28.8039,0.000,58609.5
245.756,290.988,28.8223,0.000,58604.6
246.256,291.188,28.8172,0.000,58605.9
246.256,291.389,28.8179,0.000,58605.7
246.756,291.589,28.8113,0.000,58607.5
246.756,291.789,28.8232,0.000,58604.3
246.756,291.988,28.8159,0.000,58606.2
247.256,292.189,28.7856,0.000,58614.4
247.256,292.388,28.8323,0.000,58601.8
247.756,292.589,28.8297,0.000,58602.6
247.756,292.789,28.8185,0.000,58605.6
247.756,292.989,28.8369,0.000,58600.6
248.256,293.188,28.8058,0.000,58609.0
248.256,293.388,28.8090,0.000,58608.1
248.755,293.589,28.8027,0.000,58609.8
248.755,293.789,28.8288,0.000,58602.8
248.755,293.988,28.8193,0.000,58605.4
249.256,294.190,28.8071,0.000,58608.6
249.256,294.388,28.8216,0.000,58604.8
249.756,294.589,28.8027,0.000,58609.8
249.756,294.791,28.8221,0.000,58604.6
249.756,294.990,28.7796,0.000,58616.0
250.255,295.189,28.8073,0.000,58608.6
250.256,295.389,28.7764,0.000,58616.9
250.756,295.590,28.8169,0.000,58606.0
250.756,295.790,28.8149,0.000,58606.6
250.756,295.989,28.8087,0.000,58608.2
251.256,296.190,28.8185,0.000,58605.6
251.256,296.389,28.8035,0.000,58609.6
251.756,296.589,28.8050,0.000,58609.2
251.756,296.790,28.8062,0.000,58608.9
251.756,296.990,28.8149,0.000,58606.6
252.255,297.189,28.8187,0.000,58605.5
252.255,297.389,28.7686,0.000,58618.9
252.756,297.590,28.7646,0.000,58620.1
252.756,297.790,28.7982,0.000,58611.0
252.756,297.989,28.7802,0.000,58615.9
253.256,298.190,28.7671,0.000,58619.4
253.256,298.390,28.8078,0.000,58608.4
253.756,298.589,28.8118,0.000,58607.4
253.756,298.790,28.7895,0.000,58613.4
253.756,298.990,28.8022,0.000,58609.9
254.256,299.189,28.8022,0.000,58610.0
254.256,299.389,28.8008,0.000,58610.3
254.756,299.590,28.7959,0.000,58611.6
254.756,299.790,28.8105,0.000,58607.7
254.756,299.989,28.7934,0.000,58612.3
255.256,300.191,28.7856,0.000,58614.4
255.256,300.389,28.8094,0.000,58608.0
255.756,300.590,28.7825,0.000,58615.2
255.756,300.791,28.8068,0.000,58608.7
255.756,300.991,28.8024,0.000,58609.9
256.256,301.190,28.7713,0.000,58618.2
256.256,301.390,28.7807,0.000,58615.7
256.756,301.591,28.7798,0.000,58616.0
256.756,301.791,28.7935,0.000,58612.3
256.756,301.990,28.7924,0.000,58612.6
257.256,302.190,28.8214,0.000,58604.8
257.256,302.391,28.8019,0.000,58610.0
257.756,302.590,28.7760,0.000,58617.0
257.756,302.791,28.8018,0.000,58610.1
257.756,302.991,28.7730,0.000,58617.7
258.256,303.190,28.7824,0.000,58615.2
258.256,303.390,28.7734,0.000,58617.6
258.756,303.591,28.7952,0.000,58611.8
258.756,303.791,28.7978,0.000,58611.1
258.756,303.990,28.8050,0.000,58609.2
259.255,304.190,28.7978,0.000,58611.1
259.255,304.391,28.8040,0.000,58609.5
259.756,304.590,28.7970,0.000,58611.3
259.756,304.791,28.7855,0.000,58614.4
259.756,304.991,28.7924,0.000,58612.6
260.256,305.190,28.7860,0.000,58614.3
260.256,305.390,28.7568,0.000,58622.1
260.756,305.591,28.7886,0.000,58613.6
260.756,305.792,28.7710,0.000,58618.3
260.756,305.990,28.7594,0.000,58621.4
261.256,306.190,28.7892,0.000,58613.4
261.256,306.391,28.7819,0.000,58615.4
261.756,306.591,28.7593,0.000,58621.5
261.756,306.792,28.7860,0.000,58614.3
261.756,306.990,28.8034,0.000,58609.6
262.256,307.192,28.7890,0.000,58613.5
262.256,307.392,28.7754,0.000,58617.2
262.756,307.591,28.7768,0.000,58616.7
262.756,307.792,28.7886,0.000,58613.6
262.756,307.992,28.7625,0.000,58620.6
263.256,308.191,28.7718,0.000,58618.1
263.256,308.391,28.7646,0.000,58620.0
263.756,308.592,28.7920,0.000,58612.7
263.756,308.792,28.7900,0.000,58613.2
263.756,308.991,28.7964,0.000,58611.5
264.256,309.192,28.7894,0.000,58613.4
264.256,309.391,28.7700,0.000,58618.6
264.756,309.591,28.7511,0.000,58623.6
264.756,309.792,28.7728,0.000,58617.8
264.756,309.992,28.7739,0.000,58617.6
265.256,310.191,28.7822,0.000,58615.3
265.256,310.391,28.7964,0.000,58611.5
265.756,310.592,28.7651,0.000,58619.9
265.756,310.792,28.7959,0.000,58611.6
265.756,310.991,28.7742,0.000,58617.5
266.256,311.192,28.7762,0.000,58616.9
266.256,311.392,28.7900,0.000,58613.2
266.756,311.591,28.7529,0.000,58623.1
266.756,311.792,28.7802,0.000,58615.9
266.757,311.992,28.7790,0.000,58616.2
267.256,312.191,28.7648,0.000,58620.0
267.256,312.391,28.7571,0.000,58622.0
267.756,312.592,28.7565,0.000,58622.2
267.756,312.793,28.7697,0.000,58618.7
267.756,312.991,28.7433,0.000,58625.7
268.256,313.193,28.7754,0.000,58617.1
268.256,313.393,28.7698,0.000,58618.6
268.756,313.592,28.7539,0.000,58622.9
268.756,313.793,28.7387,0.000,58627.0
268.756,313.993,28.7715,0.000,58618.2
269.256,314.192,28.7700,0.000,58618.6
269.256,314.392,28.7772,0.000,58616.7
269.756,314.593,28.7462,0.000,58625.0
269.756,314.793,28.7852,0.000,58614.5
269.756,314.992,28.7500,0.000,58624.0
270.256,315.193,28.7485,0.000,58624.3
270.256,315.393,28.7788,0.000,58616.3
270.756,315.592,28.7767,0.000,58616.8
270.756,315.793,28.7698,0.000,58618.6
270.756,315.993,28.7438,0.000,58625.6
271.256,316.192,28.7313,0.000,58629.0
271.256,316.392,28.7381,0.000,58627.2
271.756,316.593,28.7467,0.000,58624.8
271.756,316.793,28.7485,0.000,58624.4
271.756,316.992,28.7459,0.000,58625.1
272.256,317.192,28.7612,0.000,58621.0
272.256,317.392,28.7675,0.000,58619.2
272.756,317.593,28.7642,0.000,58620.1
272.756,317.793,28.7710,0.000,58618.3
272.756,317.992,28.7293,0.000,58629.5
273.256,318.192,28.7682,0.000,58619.1
273.256,318.393,28.7627,0.000,58620.6
273.756,318.592,28.7234,0.000,58631.0
273.756,318.794,28.7606,0.000,58621.1
273.756,318.993,28.7283,0.000,58629.7
274.256,319.193,28.7248,0.000,58630.7
274.256,319.393,28.7668,0.000,58619.4
274.756,319.594,28.7594,0.000,58621.4
274.756,319.794,28.7322,0.000,58628.7
274.756,319.993,28.7200,0.000,58632.0
275.256,320.193,28.7602,0.000,58621.2
275.256,320.394,28.7703,0.000,58618.5
275.756,320.594,28.7510,0.000,58623.7
275.756,320.794,28.7189,0.000,58632.3
275.756,320.993,28.7153,0.000,58633.2
276.256,321.194,28.7785,0.000,58616.3
276.256,321.393,28.7464,0.000,58624.9
276.756,321.593,28.7545,0.000,58622.7
276.756,321.794,28.7462,0.000,58625.0
276.756,321.994,28.7500,0.000,58623.9
277.256,322.193,28.7514,0.000,58623.6
277.256,322.393,28.7541,0.000,58622.9
277.756,322.594,28.7498,0.000,58624.0
277.756,322.794,28.7402,0.000,58626.6
277.756,322.993,28.7062,0.000,58635.6
278.256,323.193,28.7034,0.000,58636.4
278.256,323.394,28.7407,0.000,58626.4
278.756,323.594,28.7435,0.000,58625.7
278.756,323.794,28.7534,0.000,58623.0
278.756,323.993,28.7155,0.000,58633.2
279.256,324.194,28.7168,0.000,58632.8
279.256,324.394,28.7426,0.000,58625.9
279.756,324.593,28.7349,0.000,58628.0
279.756,324.794,28.7422,0.000,58626.1
279.756,324.994,28.7256,0.000,58630.5
280.255,325.194,28.7080,0.000,58635.2
280.255,325.394,28.7423,0.000,58626.0
280.755,325.595,28.7490,0.000,58624.2
280.755,325.795,28.7047,0.000,58636.1
280.755,325.994,28.7310,0.000,58629.0
281.256,326.194,28.7378,0.000,58627.2
281.256,326.395,28.7184,0.000,58632.4
281.756,326.594,28.7197,0.000,58632.0
281.756,326.795,28.7319,0.000,58628.8
281.756,326.995,28.7343,0.000,58628.1
282.256,327.194,28.7197,0.000,58632.1
282.256,327.394,28.7093,0.000,58634.8
282.756,327.595,28.7221,0.000,58631.4
282.756,327.796,28.7379,0.000,58627.2
282.756,327.994,28.7241,0.000,58630.9
283.256,328.194,28.7287,0.000,58629.6
283.256,328.395,28.7046,0.000,58636.1
283.756,328.595,28.7375,0.000,58627.3
283.756,328.795,28.7324,0.000,58628.7
283.756,328.994,28.7274,0.000,58630.0
284.255,329.195,28.7140,0.000,58633.6
284.255,329.395,28.7249,0.000,58630.6
284.756,329.594,28.7109,0.000,58634.4
284.756,329.795,28.7072,0.000,58635.4
284.756,329.995,28.7353,0.000,58627.9
285.256,330.194,28.7116,0.000,58634.2
285.256,330.394,28.7007,0.000,58637.2
285.756,330.595,28.7026,0.000,58636.7
285.756,330.795,28.7163,0.000,58633.0
285.756,330.994,28.6810,0.000,58642.4
286.256,331.194,28.6920,0.000,58639.5
286.256,331.396,28.7031,0.000,58636.5
286.756,331.594,28.7049,0.000,58636.0
286.756,331.796,28.7132,0.000,58633.8
286.756,331.995,28.7272,0.000,58630.1
287.256,332.196,28.7216,0.000,58631.5
287.256,332.395,28.6841,0.000,58641.6
287.756,332.595,28.7181,0.000,58632.5
287.756,332.797,28.6919,0.000,58639.5
287.756,332.995,28.7133,0.000,58633.8
288.256,333.195,28.7137,0.000,58633.7
288.256,333.396,28.7197,0.000,58632.1
288.756,333.595,28.7225,0.000,58631.3
288.756,333.796,28.7121,0.000,58634.1
288.756,333.995,28.7023,0.000,58636.7
289.256,334.196,28.7017,0.000,58636.9
289.256,334.395,28.6929,0.000,58639.2
289.764,334.595,28.6870,0.000,58640.8
289.764,334.797,28.7003,0.000,58637.2
289.764,334.995,28.6889,0.000,58640.3
290.256,335.195,28.7075,0.000,58635.3
290.256,335.396,28.7186,0.000,58632.4
290.756,335.596,28.7191,0.000,58632.2
290.756,335.796,28.7189,0.000,58632.3
290.756,335.995,28.7021,0.000,58636.8
291.256,336.196,28.7225,0.000,58631.3
291.256,336.396,28.6987,0.000,58637.7
291.756,336.595,28.7109,0.000,58634.4
291.756,336.796,28.6938,0.000,58638.9
291.756,336.996,28.7168,0.000,58632.8
292.256,337.195,28.7275,0.000,58630.0
292.256,337.396,28.6826,0.000,58642.0
292.756,337.596,28.6800,0.000,58642.7
292.756,337.797,28.6999,0.000,58637.4
292.756,337.997,28.6756,0.000,58643.9
293.256,338.197,28.6868,0.000,58640.8
293.256,338.396,28.7078,0.000,58635.2
293.756,338.596,28.6904,0.000,58639.9
293.756,338.797,28.6834,0.000,58641.8
293.756,338.998,28.7028,0.000,58636.6
294.256,339.196,28.6929,0.000,58639.2
294.256,339.396,28.7050,0.000,58636.0
294.756,339.597,28.6938,0.000,58638.9
294.756,339.797,28.7199,0.000,58632.0
294.756,339.997,28.6997,0.000,58637.5
295.255,340.196,28.6979,0.000,58637.9
295.255,340.397,28.6953,0.000,58638.6
295.756,340.596,28.6859,0.000,58641.1
295.756,340.797,28.7091,0.000,58634.9
295.756,340.997,28.6821,0.000,58642.1
296.256,341.196,28.6895,0.000,58640.1
296.256,341.396,28.7003,0.000,58637.2
296.756,341.597,28.6859,0.000,58641.1
296.756,341.797,28.6930,0.000,58639.2
296.756,341.997,28.6762,0.000,58643.7
297.256,342.196,28.6934,0.000,58639.1
297.256,342.397,28.6836,0.000,58641.7
297.756,342.597,28.7130,0.000,58633.8
297.756,342.797,28.7090,0.000,58635.0
297.756,342.997,28.6987,0.000,58637.7
298.256,343.196,28.7015,0.000,58637.0
298.256,343.398,28.6942,0.000,58638.9
298.756,343.596,28.6668,0.000,58646.2
298.756,343.797,28.6907,0.000,58639.8
298.756,343.998,28.6893,0.000,58640.2
299.256,344.198,28.6920,0.000,58639.5
299.256,344.397,28.6614,0.000,58647.6
299.756,344.597,28.6907,0.000,58639.8
299.756,344.798,28.6922,0.000,58639.4
299.756,344.998,28.7002,0.000,58637.3
300.256,345.197,28.7073,0.000,58635.4
300.256,345.398,28.6899,0.000,58640.0
300.756,345.598,28.6834,0.000,58641.8
300.756,345.797,28.6839,0.000,58641.6
300.756,345.998,28.6803,0.000,58642.6
301.256,346.197,28.7068,0.000,58635.5
301.256,346.398,28.6880,0.000,58640.6
301.756,346.597,28.6990,0.000,58637.6
301.756,346.797,28.6655,0.000,58646.6
301.756,346.999,28.7109,0.000,58634.4
302.255,347.197,28.6717,0.000,58644.9
302.255,347.397,28.7085,0.000,58635.1
302.756,347.598,28.6611,0.000,58647.8
302.756,347.798,28.6623,0.000,58647.4
302.756,347.998,28.6950,0.000,58638.7
303.256,348.197,28.6987,0.000,58637.7
303.256,348.398,28.7062,0.000,58635.7
303.756,348.597,28.6816,0.000,58642.2
303.756,348.797,28.6992,0.000,58637.6
303.756,348.999,28.6946,0.000,58638.8
304.256,349.197,28.6614,0.000,58647.6
304.256,349.397,28.6712,0.000,58645.0
304.756,349.598,28.6596,0.000,58648.2
304.756,349.799,28.7038,0.000,58636.3
304.756,349.999,28.6886,0.000,58640.4
305.256,350.197,28.6973,0.000,58638.1
305.256,350.399,28.7016,0.000,58636.9
305.756,350.599,28.6911,0.000,58639.7
305.756,350.798,28.7129,0.000,58633.9
305.756,350.999,28.7246,0.000,58630.8
306.256,351.199,28.7026,0.000,58636.6
306.256,351.398,28.7632,0.000,58620.4
306.756,351.598,28.7695,0.000,58618.7
306.756,351.799,28.7668,0.000,58619.5
306.756,351.999,28.7974,0.000,58611.2
307.256,352.198,28.7910,0.000,58613.0
307.256,352.399,28.8149,0.000,58606.6
307.756,352.599,28.8471,0.000,58597.9
307.756,352.798,28.8491,0.000,58597.4
307.756,352.999,28.8773,0.000,58589.8
308.256,353.199,28.8711,0.000,58591.5
308.256,353.398,28.9093,0.000,58581.2
308.756,353.598,28.9075,0.000,58581.6
308.756,353.799,28.9393,0.000,58573.1
308.756,353.999,28.9481,0.000,58570.7
309.256,354.198,28.9726,0.000,58564.1
309.256,354.398,28.9673,0.000,58565.6
309.756,354.599,28.9962,0.000,58557.8
309.756,354.798,29.0307,0.000,58548.4
309.756,354.999,29.0140,0.000,58552.9
310.256,355.198,29.0112,0.000,58553.7
310.256,355.399,29.0651,0.000,58539.1
310.756,355.598,29.0449,0.000,58544.6
310.756,355.798,29.0872,0.000,58533.2
310.756,356.001,29.0840,0.000,58534.1
311.256,356.198,29.0999,0.000,58529.8
311.256,356.399,29.1304,0.000,58521.5
311.756,356.599,29.1118,0.000,58526.5
311.756,356.800,29.1452,0.000,58517.5
311.756,357.000,29.1279,0.000,58522.1
312.256,357.199,29.1406,0.000,58518.7
312.256,357.400,29.1803,0.000,58508.0
312.756,357.600,29.1938,0.000,58504.3
312.756,357.799,29.1855,0.000,58506.5
312.756,358.000,29.1904,0.000,58505.2
313.256,358.199,29.2293,0.000,58494.7
313.256,358.400,29.2456,0.000,58490.3
313.756,358.599,29.2693,0.000,58483.8
313.756,358.799,29.2459,0.000,58490.2
313.756,359.001,29.2878,0.000,58478.8
314.256,359.199,29.2884,0.000,58478.6
314.256,359.399,29.3069,0.000,58473.6
314.756,359.600,29.3047,0.000,58474.2
314.756,359.800,29.3170,0.000,58470.9
314.756,360.000,29.3615,0.000,58458.7
315.255,360.199,29.3593,0.000,58459.3
315.255,360.400,29.3743,0.000,58455.2
315.756,360.599,29.3698,0.000,58456.5
315.756,360.799,29.3765,0.000,58454.6
315.756,361.001,29.3869,0.000,58451.8
316.256,361.199,29.3764,0.000,58454.7
316.256,361.399,29.4036,0.000,58447.2
316.756,361.600,29.4204,0.000,58442.7
316.756,361.800,29.4194,0.000,58443.0
316.756,362.001,29.3984,0.000,58448.6
317.255,362.199,29.4004,0.000,58448.1
317.255,362.401,29.4388,0.000,58437.7
317.756,362.601,29.4179,0.000,58443.4
317.756,362.800,29.4416,0.000,58436.9
317.756,363.001,29.4132,0.000,58444.6
318.256,363.201,29.4478,0.000,58435.2
318.256,363.400,29.4624,0.000,58431.2
318.756,363.600,29.4502,0.000,58434.5
318.756,363.801,29.4279,0.000,58440.6
318.756,364.001,29.4523,0.000,58433.9
319.255,364.200,29.4363,0.000,58438.3
319.256,364.400,29.4652,0.000,58430.5
319.756,364.601,29.4688,0.000,58429.5
319.756,364.800,29.4677,0.000,58429.7
319.756,365.001,29.4155,0.000,58444.0
320.256,365.200,29.4839,0.000,58425.4
320.256,365.401,29.4534,0.000,58433.7
320.756,365.600,29.4225,0.000,58442.1
320.756,365.800,29.4435,0.000,58436.4
320.756,366.002,29.4428,0.000,58436.6
321.255,366.200,29.4377,0.000,58438.0
321.255,366.400,29.4043,0.000,58447.1
321.756,366.601,29.3900,0.000,58451.0
321.756,366.801,29.3833,0.000,58452.8
321.756,367.001,29.3662,0.000,58457.4
322.256,367.200,29.3761,0.000,58454.7
322.256,367.401,29.3117,0.000,58472.3
322.756,367.600,29.3305,0.000,58467.2
322.756,367.800,29.3037,0.000,58474.5
322.756,368.003,29.2456,0.000,58490.2
323.256,368.200,29.2252,0.000,58495.8
323.256,368.401,29.2016,0.000,58502.2
323.756,368.601,29.1559,0.000,58514.6
323.756,368.802,29.1178,0.000,58524.9
323.756,369.002,29.0986,0.000,58530.1
324.256,369.201,29.0314,0.000,58548.2
324.256,369.402,29.0548,0.000,58541.9
324.756,369.602,28.9932,0.000,58558.6
324.756,369.801,28.9889,0.000,58559.7
324.756,370.002,28.8940,0.000,58585.3
325.256,370.202,28.8943,0.000,58585.2
325.256,370.401,28.8538,0.000,58596.1
325.755,370.601,28.7869,0.000,58614.1
325.755,370.802,28.7218,0.000,58631.5
325.755,371.002,28.7326,0.000,58628.6
326.256,371.201,28.6829,0.000,58641.9
326.256,371.402,28.6616,0.000,58647.6
326.756,371.602,28.6346,0.000,58654.8
326.756,371.801,28.5770,0.000,58670.2
326.756,372.002,28.5138,0.000,58687.0
327.256,372.201,28.5067,0.000,58688.9
327.256,372.402,28.4962,0.000,58691.7
327.756,372.601,28.4541,0.000,58702.9
327.756,372.801,28.4359,0.000,58707.7
327.756,373.003,28.3647,0.000,58726.6
328.256,373.201,28.3325,0.000,58735.2
328.256,373.401,28.3637,0.000,58726.9
328.756,373.602,28.3231,0.000,58737.6
328.756,373.802,28.2832,0.000,58748.2
328.756,374.002,28.2793,0.000,58749.2
329.256,374.201,28.2046,0.000,58769.0
329.256,374.403,28.2112,0.000,58767.2
329.756,374.603,28.1899,0.000,58772.8
329.756,374.802,28.1872,0.000,58773.6
329.756,375.004,28.1489,0.000,58783.6
330.256,375.203,28.1546,0.000,58782.2
330.256,375.402,28.1011,0.000,58796.2
330.756,375.602,28.0869,0.000,58800.0
330.756,375.803,28.0551,0.000,58808.4
330.756,376.003,28.0011,0.000,58822.5
331.256,376.202,28.0431,0.000,58811.5
331.256,376.403,28.0307,0.000,58814.8
331.755,376.603,27.9572,0.000,58834.0
331.756,376.802,27.9385,0.000,58839.0
331.756,377.003,27.9601,0.000,58833.3
332.256,377.203,27.9333,0.000,58840.3
332.256,377.402,27.9298,0.000,58841.2
332.756,377.602,27.9186,0.000,58844.2
332.756,377.803,27.8927,0.000,58850.9
332.756,378.003,27.8765,0.000,58855.2
333.256,378.202,27.8712,0.000,58856.5
333.256,378.402,27.8434,0.000,58863.8
333.756,378.603,27.8354,0.000,58865.9
333.756,378.802,27.8011,0.000,58874.9
333.756,379.003,27.8174,0.000,58870.6
334.256,379.202,27.7970,0.000,58875.9
334.256,379.403,27.7923,0.000,58877.2
334.756,379.603,27.7476,0.000,58888.8
334.756,379.802,27.7179,0.000,58896.6
334.756,380.003,27.7186,0.000,58896.4
335.256,380.202,27.7231,0.000,58895.2
335.256,380.404,27.6717,0.000,58908.6
335.756,380.604,27.7026,0.000,58900.6
335.756,380.802,27.6800,0.000,58906.4
335.756,381.004,27.6650,0.000,58910.3
336.256,381.203,27.6535,0.000,58913.3
336.256,381.404,27.6250,0.000,58920.7
336.756,381.603,27.5757,0.000,58933.5
336.756,381.803,27.5941,0.000,58928.7
336.756,382.005,27.5369,0.000,58943.5
337.256,382.203,27.5190,0.000,58948.1
337.256,382.403,27.5574,0.000,58938.2
337.756,382.603,27.5291,0.000,58945.6
337.756,382.804,27.4722,0.000,58960.3
337.756,383.004,27.4919,0.000,58955.2
338.256,383.203,27.4855,0.000,58956.8
338.256,383.404,27.4261,0.000,58972.2
338.756,383.604,27.4131,0.000,58975.6
338.756,383.803,27.4329,0.000,58970.5
338.756,384.004,27.3856,0.000,58982.7
339.256,384.204,27.4189,0.000,58974.1
339.256,384.403,27.3901,0.000,58981.5
339.756,384.603,27.3688,0.000,58987.0
339.756,384.804,27.3628,0.000,58988.5
339.756,385.004,27.3447,0.000,58993.2
340.255,385.203,27.3366,0.000,58995.3
340.255,385.403,27.2868,0.000,59008.1
340.756,385.604,27.2980,0.000,59005.2
340.756,385.803,27.3014,0.000,59004.3
340.756,386.004,27.2817,0.000,59009.4
341.256,386.203,27.2599,0.000,59015.0
341.256,386.403,27.2387,0.000,59020.5
341.756,386.605,27.1994,0.000,59030.6
341.756,386.803,27.2002,0.000,59030.4
341.756,387.005,27.2150,0.000,59026.6
342.256,387.205,27.1794,0.000,59035.7
342.256,387.404,27.1831,0.000,59034.7
342.755,387.605,27.2223,0.000,59024.7
342.756,387.804,27.1429,0.000,59045.0
342.756,388.005,27.1780,0.000,59036.1
343.256,388.205,27.1437,0.000,59044.8
343.256,388.404,27.1142,0.000,59052.4
343.756,388.605,27.1037,0.000,59055.1
343.756,388.804,27.1305,0.000,59048.2
343.756,389.005,27.1165,0.000,59051.8
344.256,389.205,27.1159,0.000,59051.9
344.256,389.404,27.0786,0.000,59061.5
344.756,389.604,27.0620,0.000,59065.7
344.756,389.804,27.0672,0.000,59064.4
344.756,390.005,27.0804,0.000,59061.0
345.256,390.205,27.0205,0.000,59076.3
345.256,390.404,26.9897,0.000,59084.2
345.756,390.605,26.9800,0.000,59086.7
345.756,390.805,26.9990,0.000,59081.8
345.756,391.005,26.9568,0.000,59092.6
346.256,391.205,26.9808,0.000,59086.5
346.256,391.405,26.9810,0.000,59086.4
346.756,391.605,26.9668,0.000,59090.0
346.756,391.804,26.9033,0.000,59106.1
346.756,392.005,26.9297,0.000,59099.5
347.256,392.205,26.9329,0.000,59098.7
347.256,392.405,26.9241,0.000,59100.9
347.755,392.605,26.9118,0.000,59104.0
347.755,392.804,26.9010,0.000,59106.8
347.756,393.005,26.8925,0.000,59108.9
348.256,393.207,26.8786,0.000,59112.5
348.256,393.405,26.8680,0.000,59115.2
348.756,393.605,26.8540,0.000,59118.8
348.756,393.806,26.8376,0.000,59122.9
348.756,394.005,26.8144,0.000,59128.8
349.256,394.206,26.8195,0.000,59127.5
349.256,394.405,26.7677,0.000,59140.6
349.756,394.606,26.7705,0.000,59139.9
349.756,394.805,26.7848,0.000,59136.3
349.756,395.005,26.7726,0.000,59139.4
350.256,395.206,26.8115,0.000,59129.5
350.256,395.406,26.7671,0.000,59140.8
350.755,395.605,26.7282,0.000,59150.6
350.755,395.805,26.6969,0.000,59158.6
350.755,396.006,26.7217,0.000,59152.3
351.256,396.207,26.7264,0.000,59151.1
351.256,396.405,26.7227,0.000,59152.0
351.756,396.605,26.6870,0.000,59161.1
351.756,396.806,26.7002,0.000,59157.7
351.756,397.005,26.6842,0.000,59161.7
352.256,397.206,26.6784,0.000,59163.2
352.256,397.406,26.6242,0.000,59176.9
352.756,397.605,26.6427,0.000,59172.2
352.756,397.805,26.6497,0.000,59170.5
352.756,398.006,26.6066,0.000,59181.3
353.256,398.207,26.6318,0.000,59175.0
353.256,398.405,26.5692,0.000,59190.8
353.756,398.606,26.5962,0.000,59184.0
353.756,398.806,26.5853,0.000,59186.7
353.756,399.006,26.5882,0.000,59186.0
354.256,399.207,26.5218,0.000,59202.7
354.256,399.406,26.5669,0.000,59191.4
354.756,399.607,26.5342,0.000,59199.6
354.756,399.806,26.5014,0.000,59207.8
354.756,400.006,26.5210,0.000,59202.9
355.256,400.207,26.5158,0.000,59204.2
355.256,400.407,26.4741,0.000,59214.7
355.756,400.606,26.4810,0.000,59213.0
355.756,400.806,26.4883,0.000,59211.1
355.756,401.006,26.4331,0.000,59225.0
356.256,401.208,26.4691,0.000,59216.0
356.256,401.406,26.4243,0.000,59227.2
356.756,401.606,26.3947,0.000,59234.6
356.756,401.807,26.4562,0.000,59219.2
356.756,402.006,26.3805,0.000,59238.2
357.256,402.207,26.3574,0.000,59244.0
357.256,402.407,26.3986,0.000,59233.6
357.756,402.607,26.3875,0.000,59236.4
357.756,402.806,26.3704,0.000,59240.7
357.756,403.006,26.3520,0.000,59245.3
358.256,403.207,26.3296,0.000,59250.9
358.256,403.407,26.3572,0.000,59244.0
358.756,403.606,26.3187,0.000,59253.7
358.756,403.806,26.2671,0.000,59266.5
358.756,404.006,26.2995,0.000,59258.5
359.256,404.208,26.2848,0.000,59262.1
359.256,404.406,26.2378,0.000,59273.9
359.756,404.606,26.2725,0.000,59265.2
359.756,404.807,26.2539,0.000,59269.9
359.756,405.007,26.2378,0.000,59273.9
360.256,405.208,26.2207,0.000,59278.1
360.256,405.408,26.2275,0.000,59276.4
360.756,405.608,26.1699,0.000,59290.8
360.756,405.807,26.2036,0.000,59282.4
360.756,406.007,26.1753,0.000,59289.5
361.256,406.209,26.1768,0.000,59289.1
361.256,406.407,26.1671,0.000,59291.5
361.756,406.607,26.1160,0.000,59304.2
361.756,406.808,26.1043,0.000,59307.1
361.756,407.007,26.0867,0.000,59311.5
362.256,407.208,26.1240,0.000,59302.2
362.256,407.408,26.1128,0.000,59305.0
362.756,407.608,26.0991,0.000,59308.4
362.756,407.807,26.0794,0.000,59313.3
362.757,408.007,26.0459,0.000,59321.6
363.256,408.209,26.0539,0.000,59319.6
363.256,408.407,26.0263,0.000,59326.5
363.756,408.607,26.0381,0.000,59323.6
363.756,408.808,26.0161,0.000,59329.0
363.756,409.008,26.0052,0.000,59331.7
364.256,409.208,25.9959,0.000,59334.0
364.256,409.407,25.9995,0.000,59333.1
364.756,409.608,25.9723,0.000,59339.9
364.756,409.807,26.0063,0.000,59331.4
364.756,410.007,25.9648,0.000,59341.7
365.255,410.208,25.9126,0.000,59354.7
365.255,410.408,25.9098,0.000,59355.4
365.756,410.608,25.8761,0.000,59363.7
365.756,410.807,25.8992,0.000,59358.0
365.756,411.007,25.8931,0.000,59359.5
366.256,411.210,25.8867,0.000,59361.0
366.256,411.407,25.8701,0.000,59365.2
366.756,411.608,25.8231,0.000,59376.8
366.756,411.809,25.8073,0.000,59380.6
366.756,412.008,25.7933,0.000,59384.1
367.256,412.209,25.7689,0.000,59390.1
367.256,412.408,25.7719,0.000,59389.4
367.756,412.609,25.7383,0.000,59397.6
367.756,412.808,25.7627,0.000,59391.6
367.756,413.008,25.7671,0.000,59390.5
368.256,413.209,25.7502,0.000,59394.7
368.256,413.409,25.7230,0.000,59401.4
368.756,413.609,25.6761,0.000,59412.9
368.756,413.808,25.7148,0.000,59403.4
368.756,414.008,25.6885,0.000,59409.9
369.256,414.210,25.6971,0.000,59407.8
369.256,414.408,25.6538,0.000,59418.4
369.756,414.608,25.6754,0.000,59413.1
369.756,414.809,25.6022,0.000,59431.0
369.756,415.009,25.6144,0.000,59428.0
370.256,415.209,25.6084,0.000,59429.5
370.256,415.408,25.6136,0.000,59428.2
370.756,415.609,25.6053,0.000,59430.3
370.756,415.808,25.6330,0.000,59423.5
370.756,416.008,25.5784,0.000,59436.9
371.256,416.209,25.5312,0.000,59448.4
371.256,416.409,25.5509,0.000,59443.6
371.755,416.609,25.5371,0.000,59447.0
371.755,416.808,25.5338,0.000,59447.8
371.755,417.008,25.4770,0.000,59461.7
372.256,417.211,25.4595,0.000,59465.9
372.256,417.408,25.4536,0.000,59467.3
372.756,417.609,25.4455,0.000,59469.4
372.756,417.810,25.3989,0.000,59480.7
372.756,418.010,25.3984,0.000,59480.8
373.256,418.210,25.3574,0.000,59490.8
373.256,418.409,25.3486,0.000,59492.9
373.756,418.610,25.3083,0.000,59502.7
373.756,418.809,25.2589,0.000,59514.7
373.756,419.009,25.2676,0.000,59512.6
374.255,419.210,25.2588,0.000,59514.7
374.255,419.410,25.2117,0.000,59526.1
374.756,419.610,25.1834,0.000,59533.0
374.756,419.809,25.1730,0.000,59535.5
374.756,420.009,25.1310,0.000,59545.7
375.256,420.210,25.0993,0.000,59553.3
375.256,420.410,25.1064,0.000,59551.6
375.755,420.610,25.0773,0.000,59558.6
375.755,420.809,25.0687,0.000,59560.7
375.755,421.009,25.0091,0.000,59575.1
376.255,421.211,25.0275,0.000,59570.6
376.255,421.409,24.9998,0.000,59577.3
376.756,421.609,25.0005,0.000,59577.2
376.756,421.810,24.9743,0.000,59583.5
376.756,422.009,24.9565,0.000,59587.7
377.256,422.210,24.9861,0.000,59580.6
377.256,422.409,24.9905,0.000,59579.6
377.756,422.610,24.9233,0.000,59595.7
377.756,422.809,24.9482,0.000,59589.7
377.756,423.009,24.9407,0.000,59591.5
378.256,423.211,24.9384,0.000,59592.1
378.256,423.410,24.9241,0.000,59595.5
378.756,423.610,24.9238,0.000,59595.6
378.756,423.810,24.8913,0.000,59603.4
378.756,424.010,24.9264,0.000,59594.9
379.256,424.212,24.9141,0.000,59597.9
379.256,424.410,24.9209,0.000,59596.3
379.756,424.610,24.9717,0.000,59584.1
379.756,424.811,24.9575,0.000,59587.5
379.756,425.010,24.9380,0.000,59592.2
380.256,425.211,24.9860,0.000,59580.6
380.256,425.411,25.0044,0.000,59576.2
380.756,425.611,25.0005,0.000,59577.1
380.756,425.810,25.0263,0.000,59571.0
380.756,426.010,25.0529,0.000,59564.5
381.255,426.212,25.0612,0.000,59562.5
381.256,426.410,25.0290,0.000,59570.3
381.756,426.610,25.0651,0.000,59561.6
381.756,426.811,25.0866,0.000,59556.4
381.756,427.011,25.0933,0.000,59554.8
382.256,427.211,25.1431,0.000,59542.8
382.256,427.410,25.1520,0.000,59540.6
382.756,427.611,25.1543,0.000,59540.1
382.756,427.810,25.1870,0.000,59532.1
382.756,428.010,25.2028,0.000,59528.3
383.256,428.211,25.2166,0.000,59525.0
383.256,428.411,25.1911,0.000,59531.1
383.756,428.611,25.2324,0.000,59521.1
383.756,428.810,25.2571,0.000,59515.1
383.756,429.010,25.2899,0.000,59507.2
384.256,429.213,25.2835,0.000,59508.7
384.256,429.410,25.2834,0.000,59508.8
384.756,429.611,25.3144,0.000,59501.2
384.756,429.812,25.3392,0.000,59495.2
384.756,430.011,25.3477,0.000,59493.2
385.256,430.212,25.3545,0.000,59491.5
385.256,430.412,25.3608,0.000,59490.0
385.756,430.612,25.3958,0.000,59481.4
385.756,430.811,25.4144,0.000,59476.9
385.756,431.011,25.4324,0.000,59472.5
386.256,431.213,25.4473,0.000,59468.9
386.256,431.411,25.4697,0.000,59463.4
386.756,431.611,25.4692,0.000,59463.5
386.756,431.812,25.4555,0.000,59466.9
386.756,432.011,25.5117,0.000,59453.1
387.255,432.212,25.4985,0.000,59456.4
387.255,432.412,25.5386,0.000,59446.6
387.756,432.612,25.5361,0.000,59447.2
387.756,432.811,25.5578,0.000,59441.9
387.756,433.011,25.5976,0.000,59432.2
388.255,433.212,25.6343,0.000,59423.2
388.255,433.412,25.6746,0.000,59413.3
388.756,433.611,25.6540,0.000,59418.3
388.756,433.811,25.6772,0.000,59412.7
388.756,434.011,25.6881,0.000,59410.0
389.256,434.213,25.7238,0.000,59401.2
389.256,434.411,25.7568,0.000,59393.1
389.755,434.611,25.7776,0.000,59387.9
389.755,434.812,25.7571,0.000,59393.0
389.756,435.011,25.8128,0.000,59379.3
390.256,435.212,25.7934,0.000,59384.1
390.256,435.412,25.8384,0.000,59373.0
390.756,435.612,25.8226,0.000,59376.9
390.756,435.812,25.8677,0.000,59365.7
390.756,436.011,25.8872,0.000,59360.9
391.256,436.214,25.8789,0.000,59363.0
391.256,436.412,25.8895,0.000,59360.4
391.756,436.612,25.9256,0.000,59351.5
391.756,436.813,25.9173,0.000,59353.5
391.756,437.012,25.9269,0.000,59351.1
392.255,437.213,25.9645,0.000,59341.8
392.255,437.412,25.9884,0.000,59335.9
392.756,437.613,26.0041,0.000,59332.0
392.756,437.812,25.9853,0.000,59336.7
392.756,438.012,25.9995,0.000,59333.1
393.256,438.213,25.9975,0.000,59333.6
393.256,438.413,26.0303,0.000,59325.5
393.756,438.612,26.0150,0.000,59329.3
393.756,438.812,26.0356,0.000,59324.2
393.756,439.013,26.0488,0.000,59320.9
394.256,439.214,26.0708,0.000,59315.4
394.256,439.412,26.0708,0.000,59315.4
394.756,439.612,26.0757,0.000,59314.2
394.756,439.813,26.1123,0.000,59305.1
394.756,440.012,26.1406,0.000,59298.1
395.256,440.213,26.1474,0.000,59296.4
395.256,440.413,26.1707,0.000,59290.6
395.755,440.612,26.1639,0.000,59292.3
395.756,440.812,26.1776,0.000,59288.9
395.756,441.012,26.1845,0.000,59287.2
396.256,441.214,26.2212,0.000,59278.1
396.256,441.412,26.2744,0.000,59264.7
396.756,441.612,26.2490,0.000,59271.1
396.756,441.814,26.3090,0.000,59256.1
396.756,442.012,26.3224,0.000,59252.8
397.256,442.214,26.3179,0.000,59253.8
397.256,442.414,26.3579,0.000,59243.8
397.756,442.614,26.3760,0.000,59239.3
397.756,442.813,26.4106,0.000,59230.6
397.756,443.013,26.4092,0.000,59231.0
398.256,443.214,26.4287,0.000,59226.1
398.256,443.414,26.4687,0.000,59216.1
398.756,443.613,26.4813,0.000,59212.9
398.756,443.814,26.4822,0.000,59212.7
398.756,444.013,26.5003,0.000,59208.1
399.256,444.214,26.5442,0.000,59197.1
399.256,444.414,26.5485,0.000,59196.0
399.756,444.613,26.5516,0.000,59195.2
399.756,444.813,26.6055,0.000,59181.6
399.757,445.014,26.6323,0.000,59174.9
400.256,445.214,26.6483,0.000,59170.8
400.256,445.414,26.6390,0.000,59173.2
400.756,445.613,26.6530,0.000,59169.6
400.756,445.814,26.6889,0.000,59160.6
400.756,446.013,26.7179,0.000,59153.2
401.256,446.214,26.7443,0.000,59146.6
401.256,446.414,26.7700,0.000,59140.1
401.755,446.614,26.7856,0.000,59136.1
401.755,446.813,26.8115,0.000,59129.5
401.756,447.013,26.8154,0.000,59128.6
402.256,447.214,26.8504,0.000,59119.7
402.256,447.414,26.8761,0.000,59113.1
402.756,447.614,26.9077,0.000,59105.1
402.756,447.814,26.9336,0.000,59098.5
402.756,448.013,26.9224,0.000,59101.3
403.256,448.215,26.9660,0.000,59090.2
403.256,448.416,26.9984,0.000,59082.0
403.756,448.614,26.9746,0.000,59088.0
403.756,448.814,27.0189,0.000,59076.8
403.756,449.015,27.0542,0.000,59067.7
404.256,449.214,27.0742,0.000,59062.6
404.256,449.415,27.0618,0.000,59065.8
404.756,449.615,27.1177,0.000,59051.5
404.756,449.814,27.1404,0.000,59045.7
404.756,450.014,27.1637,0.000,59039.7
405.256,450.214,27.1616,0.000,59040.2
405.256,450.416,27.2067,0.000,59028.7
405.756,450.615,27.2295,0.000,59022.8
405.756,450.814,27.2202,0.000,59025.2
405.756,451.014,27.2596,0.000,59015.1
406.256,451.215,27.2758,0.000,59010.9
406.256,451.415,27.3003,0.000,59004.6
406.756,451.614,27.3154,0.000,59000.7
406.756,451.815,27.3784,0.000,58984.5
406.757,452.014,27.3898,0.000,58981.6
407.256,452.214,27.3974,0.000,58979.6
407.256,452.415,27.4349,0.000,58969.9
407.756,452.615,27.4463,0.000,58967.0
407.756,452.814,27.4697,0.000,58961.0
407.756,453.014,27.4863,0.000,58956.7
408.256,453.214,27.4959,0.000,58954.2
408.256,453.416,27.5478,0.000,58940.7
408.756,453.614,27.5114,0.000,58950.1
408.756,453.814,27.5786,0.000,58932.7
408.757,454.014,27.5654,0.000,58936.2
409.256,454.216,27.6313,0.000,58919.0
409.256,454.416,27.6413,0.000,58916.5
409.756,454.614,27.6422,0.000,58916.2
409.756,454.816,27.6801,0.000,58906.4
409.756,455.015,27.7062,0.000,58899.6
410.256,455.215,27.7278,0.000,58894.0
410.256,455.417,27.7041,0.000,58900.2
410.755,455.616,27.7432,0.000,58890.0
410.755,455.815,27.7615,0.000,58885.2
410.756,456.015,27.7493,0.000,58888.4
411.256,456.216,27.7861,0.000,58878.8
411.256,456.416,27.8091,0.000,58872.8
411.756,456.615,27.8328,0.000,58866.6
411.756,456.816,27.8595,0.000,58859.6
411.756,457.015,27.8499,0.000,58862.1
412.256,457.215,27.8752,0.000,58855.5
412.256,457.417,27.8632,0.000,58858.6
412.756,457.616,27.8748,0.000,58855.6
412.756,457.815,27.9179,0.000,58844.4
412.756,458.015,27.9181,0.000,58844.3
413.256,458.216,27.9048,0.000,58847.8
413.256,458.416,27.9316,0.000,58840.8
413.756,458.615,27.9433,0.000,58837.7
413.756,458.816,27.9676,0.000,58831.3
413.756,459.015,27.9814,0.000,58827.7
414.256,459.215,28.0027,0.000,58822.1
414.256,459.417,27.9893,0.000,58825.6
414.755,459.616,28.0078,0.000,58820.8
414.755,459.815,28.0189,0.000,58817.9
414.755,460.015,28.0376,0.000,58812.9
415.256,460.217,28.0202,0.000,58817.5
415.256,460.417,28.0278,0.000,58815.5
415.756,460.615,28.0597,0.000,58807.1
415.756,460.817,28.0654,0.000,58805.7
415.756,461.017,28.0509,0.000,58809.5
416.256,461.216,28.0674,0.000,58805.1
416.256,461.417,28.1108,0.000,58793.7
416.756,461.617,28.0921,0.000,58798.6
416.756,461.816,28.0888,0.000,58799.5
416.756,462.016,28.0913,0.000,58798.8
417.256,462.216,28.0903,0.000,58799.1
417.256,462.418,28.1414,0.000,58785.6
417.756,462.617,28.1396,0.000,58786.1
417.756,462.816,28.1219,0.000,58790.8
417.756,463.016,28.1287,0.000,58789.0
418.256,463.217,28.1476,0.000,58784.0
418.256,463.417,28.1769,0.000,58776.3
418.756,463.616,28.1686,0.000,58778.5
418.757,463.817,28.1772,0.000,58776.2
418.757,464.016,28.2363,0.000,58760.6
419.256,464.216,28.2065,0.000,58768.5
419.256,464.418,28.2466,0.000,58757.9
419.756,464.616,28.2680,0.000,58752.2
419.756,464.816,28.2788,0.000,58749.4
419.756,465.017,28.2861,0.000,58747.4
420.256,465.217,28.2672,0.000,58752.4
420.256,465.417,28.2856,0.000,58747.6
420.756,465.616,28.3271,0.000,58736.6
420.756,465.817,28.3462,0.000,58731.6
420.756,466.016,28.3559,0.000,58728.9
421.256,466.216,28.3694,0.000,58725.4
421.256,466.419,28.3592,0.000,58728.1
421.756,466.617,28.4013,0.000,58716.9
421.756,466.817,28.4007,0.000,58717.1
421.756,467.017,28.3789,0.000,58722.9
422.256,467.218,28.3820,0.000,58722.1
422.256,467.418,28.4341,0.000,58708.2
422.756,467.617,28.3958,0.000,58718.4
422.756,467.818,28.4223,0.000,58711.4
422.756,468.017,28.4341,0.000,58708.2
423.256,468.217,28.4463,0.000,58704.9
423.256,468.419,28.3973,0.000,58718.0
423.756,468.618,28.4531,0.000,58703.2
423.756,468.817,28.4568,0.000,58702.2
423.756,469.018,28.4463,0.000,58705.0
424.256,469.218,28.4451,0.000,58705.3
424.256,469.418,28.4284,0.000,58709.7
424.756,469.617,28.4561,0.000,58702.4
424.756,469.818,28.4263,0.000,58710.3
424.756,470.017,28.4274,0.000,58710.0
425.256,470.217,28.4717,0.000,58698.2
425.256,470.419,28.4736,0.000,58697.7
425.756,470.618,28.4442,0.000,58705.6
425.756,470.817,28.4730,0.000,58697.9
425.756,471.017,28.4997,0.000,58690.8
426.256,471.218,28.4715,0.000,58698.3
426.256,471.418,28.4721,0.000,58698.1
426.755,471.617,28.4416,0.000,58706.2
426.756,471.819,28.4705,0.000,58698.5
426.756,472.019,28.4772,0.000,58696.8
427.256,472.218,28.4860,0.000,58694.4
427.256,472.419,28.4746,0.000,58697.5
427.755,472.619,28.4645,0.000,58700.1
427.756,472.818,28.4765,0.000,58696.9
427.756,473.019,28.4853,0.000,58694.6
428.255,473.219,28.4484,0.000,58704.4
428.255,473.421,28.4879,0.000,58693.9
428.755,473.620,28.4739,0.000,58697.6
428.755,473.819,28.4850,0.000,58694.7
428.755,474.020,28.4507,0.000,58703.8
429.255,474.221,28.4907,0.000,58693.2
429.255,474.421,28.4668,0.000,58699.6
429.756,474.620,28.4998,0.000,58690.7
429.756,474.821,28.4656,0.000,58699.8
429.756,475.021,28.4739,0.000,58697.6
430.256,475.221,28.5137,0.000,58687.1
430.256,475.422,28.5213,0.000,58685.0
430.756,475.623,28.5175,0.000,58686.0
430.756,475.821,28.4944,0.000,58692.2
430.756,476.022,28.5332,0.000,58681.9
431.256,476.223,28.5281,0.000,58683.2
431.256,476.422,28.5234,0.000,58684.5
431.756,476.623,28.5189,0.000,58685.7
431.756,476.823,28.4876,0.000,58694.0
431.756,477.023,28.5080,0.000,58688.6
432.256,477.223,28.5449,0.000,58678.8
432.256,477.423,28.5138,0.000,58687.0
432.756,477.625,28.5278,0.000,58683.3
432.756,477.823,28.5451,0.000,58678.7
432.756,478.024,28.5368,0.000,58680.9
433.256,478.225,28.5278,0.000,58683.3
433.256,478.424,28.5384,0.000,58680.5
433.756,478.625,28.5662,0.000,58673.1
433.756,478.824,28.5858,0.000,58667.9
433.756,479.026,28.5615,0.000,58674.3
434.256,479.225,28.5735,0.000,58671.1
434.256,479.425,28.6071,0.000,58662.1
434.756,479.627,28.6206,0.000,58658.6
434.756,479.825,28.6295,0.000,58656.1
434.756,480.026,28.6349,0.000,58654.7
435.256,480.226,28.6614,0.000,58647.6
435.256,480.427,28.7068,0.000,58635.5
435.756,480.627,28.6997,0.000,58637.4
435.756,480.826,28.7135,0.000,58633.7
435.756,481.028,28.7241,0.000,58630.9
436.256,481.227,28.7428,0.000,58625.9
436.256,481.427,28.7082,0.000,58635.1
436.756,481.629,28.7562,0.000,58622.3
436.756,481.828,28.7860,0.000,58614.3
436.756,482.027,28.7986,0.000,58610.9
437.256,482.228,28.8245,0.000,58604.0
437.256,482.429,28.8477,0.000,58597.8
437.756,482.629,28.8387,0.000,58600.1
437.756,482.828,28.8683,0.000,58592.2
437.756,483.029,28.8159,0.000,58606.3
438.256,483.229,nan,0.000,65533.0
438.256,483.429,28.8641,0.000,58593.3
438.756,483.630,28.8774,0.000,58589.8
438.756,483.831,28.8828,0.000,58588.3
438.756,484.029,28.8984,0.000,58584.1
439.256,484.230,28.8847,0.000,58587.8
439.256,484.431,28.8890,0.000,58586.6
439.756,484.631,28.9028,0.000,58582.9
439.756,484.832,28.9246,0.000,58577.1
439.756,485.030,28.8974,0.000,58584.4
440.256,485.231,28.9419,0.000,58572.4
440.256,485.432,29.0508,0.000,58543.0
440.756,485.632,28.9502,0.000,58570.1
440.756,485.832,28.9337,0.000,58574.6
440.756,486.031,28.9543,0.000,58569.1
441.256,486.233,28.9290,0.000,58575.9
441.256,486.432,28.9350,0.000,58574.2
441.756,486.632,nan,0.000,65533.2
441.756,486.834,nan,0.000,65533.4
441.756,487.032,nan,0.000,65533.4
442.256,487.233,36.0496,0.000,56468.8
442.256,487.434,28.9424,0.000,58572.3
442.755,487.633,28.9699,0.000,58564.8
442.756,487.834,28.8883,0.000,58586.8
442.756,488.034,28.9775,0.000,58562.8
443.256,488.235,28.9478,0.000,58570.8
443.256,488.434,28.9800,0.000,58562.2
443.756,488.634,28.9914,0.000,58559.1
443.756,488.836,28.9855,0.000,58560.6
443.756,489.034,29.0099,0.000,58554.1
444.256,489.235,28.9946,0.000,58558.2
444.256,489.435,29.0265,0.000,58549.6
444.756,489.636,29.0381,0.000,58546.4
444.756,489.836,29.0524,0.000,58542.6
444.756,490.035,29.0343,0.000,58547.5
445.255,490.237,29.0441,0.000,58544.8
445.256,490.436,29.0340,0.000,58547.6
445.756,490.636,29.0431,0.000,58545.1
445.756,490.837,29.0915,0.000,58532.0
445.756,491.037,29.0631,0.000,58539.7
446.256,491.236,29.0441,0.000,58544.8
446.256,491.437,29.0915,0.000,58532.0
446.756,491.637,29.0949,0.000,58531.1
446.756,491.839,29.0973,0.000,58530.4
446.756,492.037,29.1263,0.000,58522.6
447.256,492.237,29.1258,0.000,58522.8
447.256,492.439,29.1082,0.000,58527.5
447.756,492.639,29.1352,0.000,58520.2
447.756,492.839,29.1131,0.000,58526.2
447.756,493.039,29.1502,0.000,58516.1
448.256,493.239,29.1706,0.000,58510.6
448.256,493.439,29.1709,0.000,58510.6
448.756,493.639,29.1688,0.000,58511.1
448.756,493.840,29.1772,0.000,58508.8
448.756,494.041,29.1904,0.000,58505.2
449.256,494.240,29.1465,0.000,58517.2
449.256,494.440,29.1644,0.000,58512.3
449.756,494.640,29.1790,0.000,58508.3
449.756,494.841,29.1372,0.000,58519.6
449.756,495.041,29.1544,0.000,58515.0
450.256,495.240,29.1899,0.000,58505.4
450.256,495.442,29.1442,0.000,58517.8
450.756,495.642,29.1388,0.000,58519.2
450.756,495.841,29.1692,0.000,58511.0
451.255,496.042,29.1694,0.000,58510.9
451.255,496.242,29.1480,0.000,58516.7
451.255,496.442,29.1618,0.000,58513.0
451.756,496.642,29.1206,0.000,58524.2
451.756,496.842,29.1032,0.000,58528.9
452.256,497.044,29.0775,0.000,58535.8
452.256,497.242,29.0766,0.000,58536.1
452.256,497.443,29.0711,0.000,58537.5
452.756,497.643,29.0983,0.000,58530.2
452.756,497.844,29.0908,0.000,58532.2
453.256,498.044,29.0740,0.000,58536.8
453.256,498.243,29.0596,0.000,58540.6
453.256,498.445,29.0649,0.000,58539.2
453.756,498.644,29.0601,0.000,58540.5
453.756,498.844,29.0786,0.000,58535.5
454.256,499.045,29.0281,0.000,58549.1
454.256,499.245,29.0649,0.000,58539.2
454.256,499.444,29.0581,0.000,58541.1
454.756,499.645,29.0216,0.000,58550.9
454.756,499.846,29.0389,0.000,58546.2
455.256,500.047,29.0234,0.000,58550.4
455.256,500.245,29.0379,0.000,58546.5
455.256,500.446,29.0378,0.000,58546.5
455.756,500.647,29.0342,0.000,58547.5
455.756,500.846,29.0283,0.000,58549.1
456.256,501.047,28.9943,0.000,58558.3
456.256,501.247,28.9702,0.000,58564.8
456.256,501.446,29.0073,0.000,58554.8
456.756,501.647,28.9961,0.000,58557.8
456.756,501.847,28.9873,0.000,58560.1
457.256,502.048,28.9550,0.000,58568.9
457.256,502.248,28.9922,0.000,58558.8
457.256,502.447,28.9731,0.000,58564.0
457.756,502.649,28.9699,0.000,58564.8
457.756,502.848,28.9368,0.000,58573.8
458.256,503.048,nan,0.000,65533.6
458.256,503.250,nan,0.000,65532.8
458.256,503.448,nan,0.000,65532.6
458.756,503.649,nan,0.000,65532.6
458.756,503.850,nan,0.000,65532.4
459.256,504.049,nan,0.000,65533.2
459.256,504.251,nan,0.000,65532.0
459.256,504.449,nan,0.000,65533.4
459.756,504.650,nan,0.000,65533.5
459.756,504.851,nan,0.000,65532.0
460.256,505.050,nan,0.000,65532.0
460.256,505.251,nan,0.000,65530.0
460.256,505.450,nan,0.000,65532.4
460.756,505.651,nan,0.000,65532.1
460.756,505.851,nan,0.000,65530.5
461.256,506.052,nan,0.000,65533.1
461.256,506.252,nan,0.000,65532.0
461.256,506.452,nan,0.000,65532.2
461.756,506.652,nan,0.000,65531.4
461.756,506.852,nan,0.000,65533.1
462.256,507.053,nan,0.000,65532.8
462.256,507.253,nan,0.000,65534.0
462.256,507.452,nan,0.000,65532.2
462.756,507.654,nan,0.000,65533.1
462.756,507.853,nan,0.000,65532.6
463.256,508.053,nan,0.000,65533.1
463.256,508.254,nan,0.000,65531.6
463.256,508.453,nan,0.000,65532.6
463.756,508.654,nan,0.000,65532.5
463.756,508.854,nan,0.000,65533.2
464.256,509.054,nan,0.000,65531.9
464.256,509.255,nan,0.000,65532.1
464.256,509.455,nan,0.000,65531.4
464.756,509.654,nan,0.000,65532.9
464.756,509.855,nan,0.000,65529.5
465.256,510.055,nan,0.000,65530.9
465.256,510.256,nan,0.000,65530.9
465.256,510.456,nan,0.000,65531.4
465.756,510.655,nan,0.000,65532.5
465.756,510.857,nan,0.000,65530.1
466.256,511.056,nan,0.000,65530.1
466.256,511.256,nan,0.000,65533.2
466.256,511.457,nan,0.000,65532.8
466.756,511.656,nan,0.000,65529.5
466.756,511.858,nan,0.000,65527.7
467.256,512.057,nan,0.000,65530.2
467.256,512.257,nan,0.000,65529.3
467.256,512.459,nan,0.000,65531.8
467.756,512.657,nan,0.000,65531.5
467.756,512.858,nan,0.000,65527.5
468.256,513.058,nan,0.000,65529.5
468.256,513.258,nan,0.000,65527.4
468.256,513.460,nan,0.000,65529.7
468.756,513.658,nan,0.000,65530.7
468.756,513.859,nan,0.000,65525.4
469.256,514.059,33.2544,0.000,57341.4
469.256,514.260,28.5845,0.000,58668.2
469.256,514.460,28.5976,0.000,58664.7
469.756,514.659,28.5874,0.000,58667.4
469.756,514.861,28.5955,0.000,58665.2
470.256,515.060,28.5617,0.000,58674.3
470.256,515.260,28.6050,0.000,58662.7
470.256,515.462,28.5488,0.000,58677.7
470.756,515.661,28.5848,0.000,58668.1
470.756,515.860,28.5775,0.000,58670.1
471.256,516.061,28.5591,0.000,58675.0
471.256,516.262,28.5332,0.000,58681.9
471.256,516.463,28.5566,0.000,58675.6
471.756,516.661,28.5304,0.000,58682.6
471.756,516.861,28.5519,0.000,58676.9
472.256,517.063,28.4972,0.000,58691.5
472.256,517.262,28.5189,0.000,58685.7
472.256,517.463,28.5008,0.000,58690.5
472.756,517.662,28.5172,0.000,58686.1
472.756,517.863,28.5200,0.000,58685.4
473.256,518.063,28.4840,0.000,58694.9
473.256,518.263,28.5174,0.000,58686.1
473.256,518.464,28.4765,0.000,58697.0
473.756,518.664,28.4959,0.000,58691.8
473.756,518.863,28.4959,0.000,58691.8
474.256,519.065,28.4516,0.000,58703.6
474.256,519.265,28.4902,0.000,58693.3
474.256,519.464,28.4715,0.000,58698.3
474.755,519.665,28.4218,0.000,58711.5
474.755,519.865,28.4175,0.000,58712.6
475.256,520.065,28.4072,0.000,58715.3
475.256,520.265,28.4162,0.000,58713.0
475.257,520.466,28.3919,0.000,58719.4
475.756,520.667,28.3929,0.000,58719.2
475.756,520.865,28.4228,0.000,58711.2
476.256,521.066,28.4087,0.000,58714.9
476.256,521.267,28.4061,0.000,58715.6
476.256,521.466,28.3678,0.000,58725.8
476.756,521.667,28.3937,0.000,58718.9
476.756,521.867,28.3887,0.000,58720.3
477.256,522.067,28.3720,0.000,58724.7
477.256,522.267,28.3732,0.000,58724.4
477.256,522.468,28.3362,0.000,58734.2
477.756,522.669,28.3408,0.000,58732.9
477.756,522.867,28.3491,0.000,58730.8
478.256,523.068,28.3214,0.000,58738.1
478.256,523.268,28.2799,0.000,58749.1
478.256,523.469,28.3120,0.000,58740.6
478.756,523.670,28.2710,0.000,58751.4
478.756,523.868,28.2988,0.000,58744.1
479.256,524.070,28.2710,0.000,58751.4
479.256,524.270,28.2763,0.000,58750.1
479.256,524.469,28.3013,0.000,58743.4
479.756,524.670,28.2285,0.000,58762.7
479.756,524.870,28.2710,0.000,58751.4
480.256,525.069,28.2216,0.000,58764.5
480.256,525.270,28.2541,0.000,58755.9
480.256,525.471,28.2339,0.000,58761.2
480.756,525.672,28.1919,0.000,58772.3
480.756,525.870,28.1890,0.000,58773.1
481.256,526.070,28.2064,0.000,58768.5
481.256,526.272,28.1668,0.000,58779.0
481.256,526.471,28.1556,0.000,58781.9
481.756,526.672,28.1919,0.000,58772.3
481.756,526.872,28.1898,0.000,58772.9
482.256,527.071,28.1346,0.000,58787.4
482.256,527.272,28.1704,0.000,58778.0
482.256,527.472,28.1508,0.000,58783.1
482.756,527.673,28.1191,0.000,58791.5
482.756,527.873,28.1185,0.000,58791.7
483.256,528.072,28.1020,0.000,58796.0
483.256,528.274,28.1378,0.000,58786.6
483.256,528.474,28.1068,0.000,58794.8
483.756,528.673,28.1042,0.000,58795.5
483.756,528.874,28.0767,0.000,58802.7
484.256,529.074,28.1001,0.000,58796.5
484.256,529.274,28.0752,0.000,58803.1
484.256,529.474,28.1128,0.000,58793.2
484.756,529.674,28.0781,0.000,58802.3
484.756,529.876,28.0444,0.000,58811.1
485.256,530.074,28.0430,0.000,58811.5
485.256,530.275,28.0633,0.000,58806.2
485.256,530.475,28.0317,0.000,58814.5
485.756,530.676,28.0467,0.000,58810.6
485.756,530.876,28.0224,0.000,58816.9
486.256,531.075,28.0171,0.000,58818.4
486.256,531.277,28.0555,0.000,58808.2
486.256,531.476,28.0407,0.000,58812.1
486.756,531.676,28.0424,0.000,58811.7
486.756,531.877,28.0036,0.000,58821.9
487.256,532.077,27.9868,0.000,58826.3
487.256,532.277,28.0171,0.000,58818.4
487.256,532.477,27.9894,0.000,58825.6
487.756,532.678,28.0102,0.000,58820.1
487.756,532.879,27.9935,0.000,58824.5
488.256,533.077,27.9931,0.000,58824.6
488.256,533.277,27.9940,0.000,58824.4
488.256,533.479,27.9977,0.000,58823.4
488.756,533.678,27.9743,0.000,58829.6
488.756,533.879,27.9430,0.000,58837.7
489.256,534.079,27.9572,0.000,58834.1
489.256,534.278,27.9653,0.000,58831.9
489.256,534.479,27.9448,0.000,58837.3
489.756,534.680,27.9702,0.000,58830.6
489.756,534.880,27.9551,0.000,58834.6
490.256,535.081,27.9478,0.000,58836.5
490.256,535.279,27.9396,0.000,58838.7
490.256,535.480,27.9346,0.000,58839.9
490.756,535.681,27.9152,0.000,58845.0
490.756,535.880,27.9370,0.000,58839.3
491.256,536.081,27.9289,0.000,58841.5
491.256,536.281,27.9331,0.000,58840.4
491.256,536.482,27.9202,0.000,58843.7
491.756,536.681,27.8828,0.000,58853.5
491.756,536.881,27.8958,0.000,58850.1
492.256,537.083,27.9123,0.000,58845.8
492.256,537.281,27.9158,0.000,58844.9
492.256,537.482,27.9058,0.000,58847.5
492.756,537.683,27.8886,0.000,58852.0
492.756,537.883,27.8955,0.000,58850.2
493.256,538.083,27.8568,0.000,58860.3
493.256,538.282,27.8818,0.000,58853.7
493.256,538.484,27.8579,0.000,58860.1
493.756,538.684,27.8638,0.000,58858.5
493.756,538.883,27.8300,0.000,58867.3
494.256,539.084,27.8434,0.000,58863.8
494.256,539.284,27.8447,0.000,58863.5
494.256,539.484,27.8123,0.000,58871.9
494.756,539.684,27.8346,0.000,58866.1
494.756,539.885,27.8141,0.000,58871.5
495.256,540.086,27.8265,0.000,58868.2
495.256,540.284,27.8240,0.000,58868.9
495.256,540.485,27.7790,0.000,58880.6
495.756,540.686,27.8107,0.000,58872.4
495.756,540.885,27.8136,0.000,58871.6
496.256,541.086,27.7985,0.000,58875.6
496.256,541.286,27.7712,0.000,58882.7
496.256,541.485,27.7622,0.000,58885.1
496.755,541.686,27.7671,0.000,58883.7
496.755,541.886,27.7719,0.000,58882.5
497.256,542.088,27.7636,0.000,58884.7
497.256,542.286,27.7703,0.000,58882.9
497.257,542.486,27.7591,0.000,58885.8
497.756,542.688,27.7181,0.000,58896.5
497.756,542.887,27.7148,0.000,58897.4
498.256,543.088,27.7461,0.000,58889.2
498.256,543.288,27.7459,0.000,58889.3
498.256,543.488,27.7407,0.000,58890.6
498.755,543.688,27.7300,0.000,58893.4
498.755,543.888,27.7099,0.000,58898.6
499.256,544.089,27.7246,0.000,58894.8
499.256,544.289,27.7183,0.000,58896.4
499.256,544.488,27.6808,0.000,58906.2
499.756,544.689,27.6955,0.000,58902.4
499.756,544.890,27.6989,0.000,58901.5
500.256,545.090,27.6958,0.000,58902.3
500.256,545.290,27.6728,0.000,58908.3
500.256,545.489,27.6587,0.000,58912.0
500.756,545.691,27.6481,0.000,58914.7
500.756,545.890,27.6727,0.000,58908.3
501.256,546.090,27.6658,0.000,58910.1
501.256,546.292,27.6282,0.000,58919.9
501.256,546.490,27.6292,0.000,58919.6
501.756,546.691,27.6631,0.000,58910.8
501.756,546.891,27.6533,0.000,58913.4
502.256,547.092,27.6307,0.000,58919.2
502.256,547.293,27.6365,0.000,58917.7
502.256,547.491,27.6157,0.000,58923.1
502.756,547.692,27.6432,0.000,58916.0
502.756,547.893,27.6089,0.000,58924.9
503.256,548.092,27.5851,0.000,58931.0
503.256,548.293,27.5869,0.000,58930.6
503.257,548.493,27.6138,0.000,58923.6
503.756,548.694,27.6155,0.000,58923.2
503.756,548.893,27.6014,0.000,58926.8
504.256,549.093,27.5781,0.000,58932.8
504.256,549.295,27.6113,0.000,58924.3
504.256,549.494,27.5828,0.000,58931.6
504.756,549.693,27.5551,0.000,58938.8
504.756,549.894,27.5566,0.000,58938.5
505.255,550.095,27.5846,0.000,58931.2
505.255,550.296,27.5895,0.000,58929.9
505.255,550.494,27.5879,0.000,58930.3
505.756,550.694,27.5674,0.000,58935.7
505.756,550.895,27.5332,0.000,58944.5
506.256,551.096,27.5696,0.000,58935.1
506.256,551.297,27.5638,0.000,58936.6
506.256,551.495,27.5347,0.000,58944.1
506.755,551.695,27.5566,0.000,58938.4
506.755,551.897,27.5391,0.000,58943.0
507.256,552.096,27.5542,0.000,58939.1
507.256,552.297,27.5491,0.000,58940.4
507.256,552.497,27.5498,0.000,58940.2
507.755,552.697,27.5246,0.000,58946.7
507.755,552.897,27.5150,0.000,58949.2
508.256,553.097,27.5124,0.000,58949.9
508.256,553.298,27.5252,0.000,58946.6
508.256,553.499,27.5244,0.000,58946.8
508.755,553.697,27.5219,0.000,58947.4
508.755,553.898,27.5192,0.000,58948.1
509.256,554.099,27.5036,0.000,58952.2
509.256,554.299,27.4893,0.000,58955.9
509.256,554.500,27.5190,0.000,58948.2
509.756,554.698,27.4736,0.000,58960.0
509.756,554.899,27.4736,0.000,58960.0
510.256,555.100,27.5125,0.000,58949.9
510.256,555.300,27.4888,0.000,58956.0
510.256,555.501,27.4904,0.000,58955.6
510.756,555.699,27.5044,0.000,58952.0
510.756,555.900,27.5013,0.000,58952.8
511.255,556.101,27.4556,0.000,58964.6
511.255,556.301,27.4502,0.000,58966.0
511.255,556.501,27.4721,0.000,58960.3
511.756,556.700,27.4897,0.000,58955.8
511.756,556.902,27.4433,0.000,58967.8
512.255,557.102,27.5053,0.000,58951.8
512.256,557.301,27.4749,0.000,58959.6
512.256,557.502,27.4477,0.000,58966.6
512.756,557.702,27.4614,0.000,58963.1
512.756,557.903,27.4521,0.000,58965.5
513.256,558.102,27.4228,0.000,58973.1
513.256,558.302,27.4502,0.000,58966.0
513.256,558.504,27.4388,0.000,58968.9
513.756,558.702,27.4262,0.000,58972.2
513.756,558.902,27.4471,0.000,58966.8
514.256,559.103,27.4363,0.000,58969.6
514.256,559.304,27.4427,0.000,58967.9
514.256,559.505,27.4341,0.000,58970.1
514.756,559.703,27.4316,0.000,58970.8
514.756,559.903,27.4461,0.000,58967.1
515.256,560.104,27.4236,0.000,58972.8
515.256,560.305,27.4422,0.000,58968.1
515.256,560.505,27.4223,0.000,58973.2
515.756,560.705,27.4351,0.000,58969.9
515.756,560.904,27.4279,0.000,58971.7
516.256,561.105,27.4497,0.000,58966.1
516.256,561.306,27.4258,0.000,58972.3
516.256,561.506,27.4268,0.000,58972.0
516.756,561.706,27.4609,0.000,58963.2
516.756,561.905,27.4673,0.000,58961.6
517.256,562.106,27.4142,0.000,58975.3
517.256,562.307,27.4319,0.000,58970.7
517.256,562.507,27.4258,0.000,58972.3
517.756,562.707,27.4782,0.000,58958.7
517.756,562.906,27.4936,0.000,58954.7
518.256,563.107,27.4595,0.000,58963.6
518.256,563.308,27.4712,0.000,58960.6
518.256,563.508,27.4780,0.000,58958.8
518.756,563.708,27.4585,0.000,58963.8
518.756,563.907,27.4843,0.000,58957.2
519.256,564.108,27.4362,0.000,58969.6
519.256,564.309,27.4518,0.000,58965.6
519.256,564.509,27.4976,0.000,58953.7
519.755,564.710,27.4946,0.000,58954.5
519.755,564.908,27.4622,0.000,58962.9
520.256,565.109,27.4712,0.000,58960.6
520.256,565.310,27.4710,0.000,58960.6
520.256,565.510,27.5003,0.000,58953.0
520.756,565.710,27.4673,0.000,58961.6
520.756,565.909,27.4920,0.000,58955.2
521.256,566.111,27.5091,0.000,58950.7
521.256,566.310,27.5097,0.000,58950.6
521.256,566.510,27.5309,0.000,58945.1
521.755,566.712,27.5221,0.000,58947.4
521.755,566.911,27.4836,0.000,58957.4
522.256,567.110,27.4663,0.000,58961.8
522.256,567.311,27.4416,0.000,58968.2
522.256,567.512,27.4702,0.000,58960.8
522.756,567.712,27.4656,0.000,58962.0
522.756,567.911,27.4600,0.000,58963.5
523.255,568.112,27.5088,0.000,58950.8
523.256,568.313,27.4975,0.000,58953.7
523.256,568.512,27.4938,0.000,58954.7
523.755,568.713,27.4492,0.000,58966.2
523.755,568.913,27.4658,0.000,58961.9
524.256,569.112,27.4594,0.000,58963.6
524.256,569.313,27.4238,0.000,58972.8
524.256,569.514,27.4746,0.000,58959.7
524.756,569.714,27.4516,0.000,58965.6
524.756,569.914,27.4559,0.000,58964.5
525.256,570.113,27.3888,0.000,58981.8
525.256,570.315,27.3937,0.000,58980.6
525.256,570.514,27.4160,0.000,58974.8
525.756,570.714,27.3934,0.000,58980.7
525.756,570.916,27.3898,0.000,58981.6
526.256,571.114,27.3965,0.000,58979.8
526.256,571.315,27.3766,0.000,58985.0
526.256,571.516,27.3227,0.000,58998.9
526.755,571.716,27.3462,0.000,58992.8
526.756,571.916,27.3520,0.000,58991.3
527.256,572.115,27.3647,0.000,58988.0
527.256,572.317,27.3325,0.000,58996.4
527.256,572.516,27.3528,0.000,58991.1
527.756,572.716,27.2936,0.000,59006.4
527.756,572.918,27.3180,0.000,59000.1
528.256,573.116,27.2970,0.000,59005.5
528.256,573.317,27.2944,0.000,59006.1
528.256,573.518,27.2471,0.000,59018.3
528.756,573.718,27.2861,0.000,59008.2
528.756,573.918,27.2529,0.000,59016.8
529.256,574.117,27.2627,0.000,59014.3
529.256,574.319,27.2163,0.000,59026.2
529.256,574.518,27.2238,0.000,59024.3
529.756,574.718,27.2246,0.000,59024.1
529.756,574.920,27.1807,0.000,59035.4
530.256,575.118,27.2067,0.000,59028.7
530.256,575.318,27.2094,0.000,59028.0
530.256,575.519,27.2002,0.000,59030.3
530.756,575.720,27.2233,0.000,59024.4
530.756,575.920,27.1857,0.000,59034.1
531.256,576.119,27.2077,0.000,59028.4
531.256,576.320,27.2065,0.000,59028.7
531.256,576.520,27.1821,0.000,59035.0
531.756,576.720,27.1911,0.000,59032.7
531.756,576.921,27.1613,0.000,59040.3
532.256,577.121,27.1895,0.000,59033.1
532.256,577.320,27.1465,0.000,59044.1
532.256,577.521,27.1662,0.000,59039.0
532.756,577.722,27.1709,0.000,59037.8
532.756,577.922,27.1719,0.000,59037.6
533.256,578.122,27.1442,0.000,59044.7
533.256,578.322,27.1504,0.000,59043.1
533.256,578.523,27.1889,0.000,59033.2
533.756,578.722,27.1896,0.000,59033.1
533.756,578.922,27.1818,0.000,59035.1
534.256,579.124,27.1570,0.000,59041.4
534.256,579.322,27.1602,0.000,59040.6
534.256,579.523,27.1636,0.000,59039.7
534.756,579.724,27.1840,0.000,59034.5
534.756,579.924,27.1945,0.000,59031.8
535.256,580.124,27.1911,0.000,59032.7
535.256,580.323,27.2046,0.000,59029.2
535.256,580.524,27.2036,0.000,59029.5
535.756,580.725,27.1914,0.000,59032.6
535.756,580.924,27.2008,0.000,59030.2
536.256,581.125,27.1911,0.000,59032.7
536.256,581.325,27.1891,0.000,59033.1
536.256,581.526,27.2156,0.000,59026.4
536.756,581.725,27.1930,0.000,59032.2
536.756,581.925,27.2285,0.000,59023.1
537.256,582.127,27.2132,0.000,59027.0
537.256,582.325,27.2143,0.000,59026.7
537.256,582.526,27.2462,0.000,59018.5
537.756,582.727,27.2246,0.000,59024.1
537.756,582.926,27.2292,0.000,59022.9
538.256,583.127,27.2049,0.000,59029.2
538.256,583.326,27.2140,0.000,59026.8
538.256,583.528,27.2137,0.000,59026.9
538.756,583.727,27.2046,0.000,59029.2
538.756,583.927,27.2365,0.000,59021.0
539.255,584.129,27.2464,0.000,59018.5
539.255,584.327,27.2200,0.000,59025.2
539.255,584.527,27.2402,0.000,59020.1
539.755,584.729,27.2213,0.000,59024.9
539.756,584.929,27.2741,0.000,59011.4
540.256,585.129,27.2599,0.000,59015.0
540.256,585.328,27.2754,0.000,59011.1
540.256,585.529,27.2858,0.000,59008.3
540.756,585.730,27.2785,0.000,59010.2
540.756,585.929,27.2974,0.000,59005.4
541.255,586.130,27.3174,0.000,59000.2
541.255,586.330,27.3462,0.000,58992.8
541.255,586.529,27.3066,0.000,59003.0
541.756,586.730,27.3826,0.000,58983.4
541.756,586.930,27.3727,0.000,58986.0
542.256,587.131,27.4043,0.000,58977.8
542.256,587.331,27.3994,0.000,58979.1
542.256,587.530,27.4321,0.000,58970.7
542.756,587.732,27.4409,0.000,58968.4
542.756,587.932,27.4409,0.000,58968.4
543.256,588.131,27.4591,0.000,58963.7
543.256,588.332,27.4316,0.000,58970.8
543.256,588.532,27.4741,0.000,58959.8
543.755,588.732,27.4731,0.000,58960.0
543.756,588.932,27.5200,0.000,58947.9
544.256,589.133,27.5180,0.000,58948.5
544.256,589.334,27.4959,0.000,58954.2
544.256,589.532,27.5246,0.000,58946.8
544.756,589.733,27.5475,0.000,58940.8
544.756,589.934,27.5332,0.000,58944.5
545.256,590.134,27.5576,0.000,58938.2
545.256,590.334,27.5832,0.000,58931.5
545.256,590.533,27.6002,0.000,58927.1
545.756,590.734,27.5776,0.000,58933.0
545.756,590.935,27.6118,0.000,58924.1
546.256,591.134,27.6338,0.000,58918.4
546.256,591.335,27.6641,0.000,58910.5
546.256,591.535,27.6546,0.000,58913.0
546.756,591.735,27.6914,0.000,58903.5
546.756,591.935,27.6704,0.000,58908.9
547.256,592.135,27.7000,0.000,58901.2
547.256,592.337,27.6841,0.000,58905.3
547.256,592.535,27.6828,0.000,58905.7
547.756,592.735,27.7075,0.000,58899.3
547.756,592.937,27.7044,0.000,58900.1
548.256,593.137,27.7537,0.000,58887.2
548.256,593.337,27.7329,0.000,58892.7
548.256,593.536,27.7806,0.000,58880.2
548.756,593.737,27.7243,0.000,58894.9
548.756,593.937,27.7755,0.000,58881.5
549.256,594.137,27.7879,0.000,58878.3
549.256,594.339,27.7710,0.000,58882.7
549.256,594.537,27.7921,0.000,58877.2
549.756,594.737,27.7998,0.000,58875.2
549.756,594.939,27.7881,0.000,58878.3
550.256,595.139,27.7770,0.000,58881.1
550.256,595.339,27.8208,0.000,58869.7
550.256,595.539,27.8120,0.000,58872.0
550.756,595.738,27.8184,0.000,58870.4
550.756,595.940,27.8087,0.000,58872.9
551.256,596.140,27.8595,0.000,58859.6
551.256,596.340,27.8639,0.000,58858.5
551.256,596.540,27.8662,0.000,58857.9
551.756,596.739,27.8589,0.000,58859.8
551.756,596.941,27.8698,0.000,58856.9
552.256,597.141,27.8423,0.000,58864.1
552.256,597.340,27.8771,0.000,58855.0
552.256,597.541,27.8755,0.000,58855.4
552.755,597.741,27.8768,0.000,58855.1
552.755,597.941,27.8900,0.000,58851.6
553.255,598.141,27.8810,0.000,58854.0
553.255,598.342,27.9128,0.000,58845.7
553.755,598.543,27.9123,0.000,58845.8
553.755,598.741,27.9329,0.000,58840.4
553.755,598.942,27.9202,0.000,58843.8
554.255,599.143,27.9111,0.000,58846.1
554.255,599.343,27.9258,0.000,58842.3
554.755,599.543,27.9141,0.000,58845.3
554.755,599.742,27.9326,0.000,58840.5
554.755,599.944,27.9272,0.000,58841.9
555.256,600.143,27.9165,0.000,58844.7
555.256,600.343,27.8981,0.000,58849.5
555.756,600.545,27.9192,0.000,58844.0
555.756,600.744,27.9515,0.000,58835.5
555.756,600.943,27.9518,0.000,58835.5
556.256,601.144,27.9114,0.000,58846.0
556.256,601.345,27.9386,0.000,58838.9
556.755,601.545,27.9207,0.000,58843.6
556.755,601.744,27.9525,0.000,58835.3
556.755,601.945,27.9586,0.000,58833.7
557.256,602.146,27.9557,0.000,58834.4
557.256,602.345,27.9375,0.000,58839.2
557.756,602.546,27.9463,0.000,58836.9
557.756,602.746,27.9538,0.000,58834.9
557.756,602.945,27.9774,0.000,58828.8
558.256,603.146,27.9853,0.000,58826.7
558.256,603.347,27.9677,0.000,58831.3
558.756,603.547,27.9725,0.000,58830.1
558.756,603.747,27.9647,0.000,58832.1
558.756,603.946,27.9370,0.000,58839.4
559.256,604.148,27.9442,0.000,58837.5
559.256,604.347,27.9481,0.000,58836.4
559.755,604.547,27.9622,0.000,58832.7
559.755,604.749,27.9568,0.000,58834.1
559.755,604.947,27.9494,0.000,58836.1
560.255,605.148,27.9450,0.000,58837.2
560.255,605.349,27.9843,0.000,58826.9
560.756,605.549,27.9819,0.000,58827.5
560.756,605.749,27.9697,0.000,58830.8
560.756,605.948,27.9775,0.000,58828.8
561.256,606.150,27.9306,0.000,58841.0
561.256,606.349,27.9608,0.000,58833.1
561.755,606.549,27.9670,0.000,58831.5
561.756,606.751,27.9399,0.000,58838.6
561.756,606.949,27.9746,0.000,58829.5
562.256,607.150,27.9743,0.000,58829.6
562.256,607.350,27.9301,0.000,58841.2
562.756,607.551,27.9443,0.000,58837.4
562.756,607.751,27.8848,0.000,58853.0
562.756,607.950,27.8945,0.000,58850.4
563.255,608.152,27.9054,0.000,58847.6
563.255,608.352,27.8906,0.000,58851.5
563.756,608.552,27.8984,0.000,58849.5
563.756,608.752,27.8942,0.000,58850.6
563.756,608.951,27.8789,0.000,58854.5
564.256,609.153,27.8839,0.000,58853.2
564.256,609.352,27.8387,0.000,58865.1
564.756,609.552,27.8427,0.000,58864.0
564.756,609.754,27.8725,0.000,58856.2
564.756,609.953,27.8791,0.000,58854.5
565.256,610.152,27.8869,0.000,58852.5
565.256,610.353,27.8620,0.000,58859.0
565.756,610.554,27.8678,0.000,58857.4
565.756,610.754,27.9013,0.000,58848.7
565.756,610.953,27.8735,0.000,58856.0
566.256,611.154,27.8486,0.000,58862.4
566.256,611.354,27.8701,0.000,58856.8
566.756,611.554,27.8660,0.000,58857.9
566.756,611.755,27.8232,0.000,58869.1
566.756,611.956,27.8496,0.000,58862.2
567.256,612.154,27.8720,0.000,58856.4
567.256,612.355,27.8632,0.000,58858.6
567.756,612.556,27.8279,0.000,58867.9
567.756,612.755,27.8117,0.000,58872.1
567.756,612.956,27.8138,0.000,58871.6
568.256,613.156,27.8402,0.000,58864.7
568.256,613.356,27.8538,0.000,58861.1
568.755,613.556,27.8512,0.000,58861.8
568.756,613.757,27.8543,0.000,58861.0
568.756,613.958,27.8315,0.000,58866.9
569.256,614.156,27.8569,0.000,58860.3
569.256,614.357,27.8823,0.000,58853.7
569.756,614.558,27.8281,0.000,58867.8
569.756,614.757,27.8301,0.000,58867.3
569.756,614.958,27.8657,0.000,58858.0
570.256,615.158,27.8145,0.000,58871.4
570.256,615.358,27.8369,0.000,58865.5
570.755,615.558,27.8511,0.000,58861.8
570.756,615.759,27.8511,0.000,58861.8
570.756,615.960,27.8364,0.000,58865.7
571.256,616.158,27.8148,0.000,58871.3
571.256,616.359,27.8263,0.000,58868.3
571.756,616.560,27.8276,0.000,58868.0
571.756,616.759,27.7941,0.000,58876.7
571.756,616.960,27.7952,0.000,58876.4
572.255,617.160,27.7891,0.000,58878.0
572.255,617.361,27.7763,0.000,58881.3
572.756,617.560,27.7960,0.000,58876.2
572.756,617.760,27.8218,0.000,58869.5
572.756,617.962,27.8135,0.000,58871.6
573.256,618.160,27.8087,0.000,58872.8
573.256,618.360,27.8001,0.000,58875.1
573.756,618.562,27.7923,0.000,58877.2
573.756,618.761,27.7755,0.000,58881.5
573.756,618.962,27.7983,0.000,58875.6
574.256,619.161,27.7690,0.000,58883.2
574.256,619.362,27.7895,0.000,58877.9
574.756,619.562,27.7837,0.000,58879.4
574.756,619.762,27.7790,0.000,58880.6
574.756,619.964,27.7568,0.000,58886.4
575.256,620.163,27.7736,0.000,58882.1
575.256,620.362,27.7827,0.000,58879.6
575.756,620.563,27.7799,0.000,58880.4
575.756,620.764,27.7283,0.000,58893.8
575.756,620.964,27.7788,0.000,58880.7
576.256,621.164,27.7685,0.000,58883.4
576.256,621.363,27.7545,0.000,58887.0
576.756,621.565,27.7254,0.000,58894.6
576.756,621.764,27.7622,0.000,58885.0
576.756,621.964,27.7228,0.000,58895.3
577.256,622.166,27.7446,0.000,58889.6
577.256,622.364,27.7133,0.000,58897.8
577.756,622.565,27.7454,0.000,58889.4
577.756,622.766,27.7182,0.000,58896.5
577.756,622.965,27.7295,0.000,58893.5
578.256,623.166,27.7038,0.000,58900.2
578.256,623.365,27.7241,0.000,58895.0
578.756,623.567,27.7433,0.000,58889.9
578.756,623.767,27.7342,0.000,58892.3
578.756,623.966,27.7007,0.000,58901.1
579.256,624.167,27.7124,0.000,58898.0
579.256,624.367,27.6927,0.000,58903.1
579.756,624.567,27.7227,0.000,58895.3
579.756,624.767,27.6870,0.000,58904.6
579.756,624.968,27.7207,0.000,58895.8
580.256,625.168,27.7182,0.000,58896.5
580.256,625.367,27.7233,0.000,58895.2
580.756,625.569,27.7112,0.000,58898.3
580.756,625.769,27.7046,0.000,58900.0
580.756,625.968,27.7111,0.000,58898.3
581.256,626.169,27.7179,0.000,58896.6
581.256,626.369,27.6725,0.000,58908.4
581.755,626.568,27.7114,0.000,58898.2
581.755,626.769,27.7064,0.000,58899.6
581.755,626.970,27.6974,0.000,58901.9
582.256,627.171,27.6610,0.000,58911.4
582.256,627.369,27.6919,0.000,58903.3
582.756,627.569,27.6671,0.000,58909.8
582.756,627.771,27.6845,0.000,58905.2
582.756,627.970,27.6626,0.000,58910.9
583.255,628.171,27.6686,0.000,58909.4
583.255,628.371,27.6725,0.000,58908.4
583.756,628.570,27.6678,0.000,58909.6
583.756,628.771,27.6646,0.000,58910.4
583.756,628.972,27.6616,0.000,58911.2
584.256,629.172,27.6387,0.000,58917.2
584.256,629.372,27.6436,0.000,58915.9
584.756,629.571,27.6606,0.000,58911.4
584.756,629.773,27.6584,0.000,58912.0
584.756,629.972,27.6473,0.000,58914.9
585.256,630.172,27.6523,0.000,58913.6
585.256,630.374,27.6392,0.000,58917.0
585.756,630.572,27.6621,0.000,58911.1
585.756,630.773,27.6610,0.000,58911.4
585.756,630.973,27.6540,0.000,58913.2
586.255,631.174,27.6090,0.000,58924.8
586.255,631.374,27.6401,0.000,58916.8
586.756,631.573,27.6042,0.000,58926.1
586.756,631.775,27.6396,0.000,58916.9
586.756,631.974,27.6377,0.000,58917.4
587.256,632.174,27.6177,0.000,58922.6
587.256,632.376,27.6286,0.000,58919.8
587.755,632.574,27.6198,0.000,58922.1
587.755,632.775,27.6211,0.000,58921.7
587.755,632.975,27.6090,0.000,58924.9
588.256,633.176,27.5776,0.000,58933.0
588.256,633.376,27.5791,0.000,58932.6
588.756,633.575,27.5830,0.000,58931.6
588.756,633.777,27.5976,0.000,58927.8
588.756,633.977,27.5659,0.000,58936.0
589.256,634.176,27.5986,0.000,58927.6
589.256,634.377,27.5983,0.000,58927.6
589.756,634.577,27.5846,0.000,58931.2
589.756,634.777,27.5838,0.000,58931.4
589.756,634.977,27.5906,0.000,58929.6
590.256,635.178,27.5760,0.000,58933.4
590.256,635.378,27.5882,0.000,58930.3
590.756,635.577,27.5835,0.000,58931.5
590.756,635.779,27.5586,0.000,58938.0
590.756,635.979,27.5675,0.000,58935.6
591.256,636.178,27.5846,0.000,58931.2
591.256,636.379,27.5612,0.000,58937.2
591.756,636.579,27.5435,0.000,58941.8
591.756,636.779,27.5474,0.000,58940.8
591.756,636.979,27.5664,0.000,58935.9
592.256,637.179,27.5625,0.000,58936.9
592.256,637.380,27.5244,0.000,58946.8
592.756,637.580,27.5529,0.000,58939.4
592.756,637.779,27.5518,0.000,58939.7
592.756,637.981,27.5518,0.000,58939.7
593.256,638.181,27.5537,0.000,58939.2
593.256,638.380,27.5532,0.000,58939.4
593.756,638.581,27.5605,0.000,58937.4
593.756,638.780,27.5013,0.000,58952.8
593.756,638.982,27.5379,0.000,58943.3
594.256,639.182,27.5107,0.000,58950.3
594.256,639.381,27.5334,0.000,58944.5
594.756,639.582,27.5308,0.000,58945.1
594.756,639.781,27.5244,0.000,58946.8
594.756,639.983,27.5397,0.000,58942.8
595.255,640.182,27.5210,0.000,58947.7
595.255,640.382,27.5212,0.000,58947.6
595.756,640.584,27.5117,0.000,58950.1
595.756,640.782,27.5081,0.000,58951.0
595.756,640.983,27.4827,0.000,58957.6
596.255,641.183,27.5005,0.000,58953.0
596.255,641.384,27.5099,0.000,58950.6
596.756,641.584,27.4780,0.000,58958.8
596.756,641.783,27.4751,0.000,58959.6
596.756,641.985,27.4695,0.000,58961.0
597.255,642.185,27.4596,0.000,58963.5
597.256,642.384,27.4766,0.000,58959.2
597.756,642.585,27.5031,0.000,58952.3
597.756,642.784,27.4765,0.000,58959.2
597.756,642.986,27.4975,0.000,58953.7
598.256,643.185,27.4567,0.000,58964.3
598.256,643.385,27.4889,0.000,58956.0
598.756,643.587,27.4827,0.000,58957.6
598.756,643.785,27.4720,0.000,58960.4
598.756,643.985,27.4629,0.000,58962.7
599.256,644.186,27.4663,0.000,58961.8
599.256,644.387,27.4716,0.000,58960.5
599.756,644.587,27.4258,0.000,58972.3
599.756,644.786,27.4336,0.000,58970.2
599.756,644.987,27.4479,0.000,58966.6
600.256,645.188,27.4373,0.000,58969.3
600.256,645.387,27.4622,0.000,58962.9
600.756,645.588,27.4084,0.000,58976.8
600.756,645.788,27.4069,0.000,58977.2
600.756,645.987,27.4577,0.000,58964.1
601.256,646.188,27.4146,0.000,58975.2
601.256,646.388,27.4062,0.000,58977.3
601.756,646.589,27.4458,0.000,58967.1
601.756,646.789,27.4531,0.000,58965.2
601.756,646.988,27.4463,0.000,58967.0
602.256,647.190,27.4365,0.000,58969.5
602.256,647.390,27.4543,0.000,58964.9
602.756,647.589,27.4116,0.000,58975.9
602.756,647.790,27.4310,0.000,58970.9
602.756,647.990,27.4199,0.000,58973.8
603.256,648.190,27.4056,0.000,58977.5
603.256,648.390,27.4321,0.000,58970.6
603.756,648.591,27.3943,0.000,58980.4
603.756,648.792,27.4196,0.000,58973.9
603.756,648.990,27.3888,0.000,58981.8
604.256,649.191,27.4149,0.000,58975.1
604.256,649.392,27.4031,0.000,58978.1
604.756,649.591,27.3787,0.000,58984.4
604.756,649.792,27.3874,0.000,58982.2
604.756,649.992,27.3649,0.000,58988.0
605.256,650.193,27.4072,0.000,58977.1
605.256,650.392,27.3952,0.000,58980.2
605.756,650.592,27.3813,0.000,58983.8
605.756,650.794,27.3519,0.000,58991.4
605.756,650.992,27.3587,0.000,58989.6
606.256,651.193,27.3789,0.000,58984.4
606.256,651.394,27.3646,0.000,58988.1
606.756,651.593,27.3673,0.000,58987.4
606.756,651.794,27.3886,0.000,58981.9
606.756,651.994,27.3725,0.000,58986.1
607.256,652.194,27.3642,0.000,58988.2
607.256,652.394,27.3669,0.000,58987.5
607.756,652.594,27.3340,0.000,58995.9
607.756,652.795,27.3740,0.000,58985.6
607.756,652.995,27.3720,0.000,58986.2
608.256,653.194,27.3660,0.000,58987.7
608.256,653.395,27.3650,0.000,58988.0
608.756,653.596,27.3550,0.000,58990.6
608.756,653.797,27.3462,0.000,58992.8
608.756,653.995,27.3546,0.000,58990.6
609.256,654.195,27.3390,0.000,58994.7
609.256,654.397,27.3447,0.000,58993.2
609.756,654.596,27.3037,0.000,59003.7
609.756,654.797,27.3252,0.000,58998.2
609.756,654.997,27.2991,0.000,59004.9
610.256,655.197,27.3164,0.000,59000.5
610.256,655.397,27.3205,0.000,58999.4
610.756,655.597,27.3387,0.000,58994.8
610.756,655.798,27.3315,0.000,58996.6
610.756,655.998,27.2962,0.000,59005.7
611.256,656.197,27.3359,0.000,58995.5
611.256,656.399,27.3167,0.000,59000.4
611.756,656.599,27.3136,0.000,59001.2
611.756,656.798,27.3188,0.000,58999.8
611.756,656.999,27.2799,0.000,59009.9
612.256,657.199,27.3208,0.000,58999.4
612.256,657.399,27.3050,0.000,59003.4
612.756,657.599,27.3050,0.000,59003.4
612.756,657.800,27.3097,0.000,59002.2
612.756,658.001,27.2924,0.000,59006.7
613.256,658.199,27.2925,0.000,59006.6
613.256,658.400,27.2832,0.000,59009.0
613.755,658.601,27.2730,0.000,59011.7
613.756,658.800,27.2705,0.000,59012.3
613.756,659.001,27.2819,0.000,59009.4
614.256,659.201,27.2751,0.000,59011.1
614.256,659.402,27.2871,0.000,59008.1
614.756,659.601,27.2812,0.000,59009.6
614.756,659.801,27.2687,0.000,59012.8
614.756,660.003,27.2842,0.000,59008.8
615.256,660.202,27.2892,0.000,59007.5
615.256,660.402,27.2583,0.000,59015.4
615.756,660.602,27.2703,0.000,59012.3
615.756,660.803,27.2343,0.000,59021.6
615.756,661.003,27.2695,0.000,59012.6
616.256,661.202,27.2189,0.000,59025.6
616.256,661.404,27.2640,0.000,59014.0
616.756,661.604,27.2275,0.000,59023.3
616.756,661.803,27.2321,0.000,59022.2
616.756,662.004,27.2370,0.000,59020.9
617.256,662.204,27.2187,0.000,59025.6
617.256,662.403,27.2272,0.000,59023.4
617.756,662.604,27.2422,0.000,59019.5
617.756,662.805,27.2129,0.000,59027.1
617.756,663.005,27.2449,0.000,59018.8
618.255,663.205,27.2178,0.000,59025.8
618.255,663.404,27.2440,0.000,59019.1
618.756,663.606,27.2059,0.000,59028.9
618.756,663.805,27.2437,0.000,59019.1
618.756,664.005,27.2277,0.000,59023.3
619.256,664.206,27.2339,0.000,59021.7
619.256,664.406,27.2386,0.000,59020.5
619.756,664.607,27.2334,0.000,59021.8
619.756,664.806,27.2295,0.000,59022.9
619.756,665.006,27.2332,0.000,59021.9
620.255,665.208,27.2160,0.000,59026.3
620.255,665.407,27.2109,0.000,59027.6
620.756,665.607,27.1912,0.000,59032.6
620.756,665.807,27.1741,0.000,59037.0
620.756,666.008,27.2213,0.000,59024.9
621.256,666.208,27.1901,0.000,59032.9
621.256,666.407,27.1863,0.000,59033.9
621.756,666.609,27.2059,0.000,59028.9
621.756,666.809,27.1812,0.000,59035.2
621.756,667.008,27.1675,0.000,59038.7
622.256,667.209,27.2050,0.000,59029.1
622.256,667.409,27.1875,0.000,59033.6
622.756,667.609,27.2065,0.000,59028.7
622.756,667.809,27.1919,0.000,59032.5
622.756,668.010,27.1626,0.000,59040.0
623.256,668.211,27.1688,0.000,59038.4
623.256,668.409,27.1855,0.000,59034.1
623.756,668.610,27.1870,0.000,59033.7
623.756,668.811,27.1517,0.000,59042.8
623.756,669.010,27.1728,0.000,59037.4
624.256,669.211,27.1517,0.000,59042.8
624.256,669.410,27.1870,0.000,59033.7
624.755,669.612,27.1758,0.000,59036.6
624.755,669.811,27.1753,0.000,59036.7
624.755,670.011,27.1780,0.000,59036.1
625.256,670.213,27.1540,0.000,59042.2
625.256,670.411,27.1689,0.000,59038.4
625.755,670.611,27.1214,0.000,59050.5
625.755,670.812,27.1885,0.000,59033.4
625.755,671.013,27.1821,0.000,59035.0
626.256,671.213,27.1751,0.000,59036.8
626.256,671.412,27.1674,0.000,59038.8
626.756,671.613,27.1227,0.000,59050.2
626.756,671.814,27.1413,0.000,59045.5
626.756,672.013,27.1431,0.000,59045.0
627.256,672.214,27.1279,0.000,59048.9
627.256,672.414,27.1360,0.000,59046.8
627.756,672.613,27.1602,0.000,59040.6
627.756,672.814,27.1501,0.000,59043.2
627.756,673.015,27.1138,0.000,59052.5
628.256,673.214,27.1066,0.000,59054.3
628.256,673.415,27.1362,0.000,59046.7
628.756,673.615,27.1118,0.000,59053.0
628.756,673.816,27.1011,0.000,59055.8
628.756,674.015,27.1025,0.000,59055.3
629.256,674.215,27.1014,0.000,59055.6
629.256,674.417,27.1014,0.000,59055.6
629.756,674.615,27.1042,0.000,59054.9
629.756,674.816,27.1128,0.000,59052.8
629.756,675.017,27.1240,0.000,59049.9
630.256,675.217,27.1048,0.000,59054.8
630.256,675.417,27.1090,0.000,59053.7
630.755,675.616,27.0854,0.000,59059.8
630.755,675.818,27.1040,0.000,59055.0
630.755,676.017,27.0822,0.000,59060.5
631.256,676.217,27.1335,0.000,59047.4
631.256,676.418,27.1302,0.000,59048.3
631.756,676.618,27.0864,0.000,59059.5
631.756,676.819,27.1084,0.000,59053.9
631.756,677.018,27.0980,0.000,59056.5
632.256,677.218,27.1206,0.000,59050.7
632.256,677.420,27.1216,0.000,59050.5
632.756,677.618,27.1020,0.000,59055.5
632.756,677.818,27.1016,0.000,59055.6
632.756,678.020,27.0835,0.000,59060.2
633.255,678.220,27.0918,0.000,59058.1
633.255,678.420,27.1108,0.000,59053.2
633.756,678.619,27.1084,0.000,59053.8
633.756,678.820,27.0508,0.000,59068.6
633.756,679.021,27.0825,0.000,59060.5
634.256,679.220,27.0862,0.000,59059.5
634.256,679.421,27.0757,0.000,59062.2
634.756,679.620,27.0950,0.000,59057.3
634.756,679.821,27.0856,0.000,59059.7
634.756,680.021,27.0781,0.000,59061.6
635.256,680.221,27.0779,0.000,59061.7
635.256,680.422,27.0877,0.000,59059.1
635.756,680.623,27.0397,0.000,59071.4
635.756,680.821,27.0526,0.000,59068.2
635.756,681.022,27.0806,0.000,59061.0
636.256,681.223,27.0664,0.000,59064.6
636.256,681.422,27.0465,0.000,59069.7
636.756,681.623,27.0781,0.000,59061.6
636.756,681.823,27.0701,0.000,59063.7
636.756,682.024,27.0753,0.000,59062.3
637.256,682.223,27.0423,0.000,59070.8
637.256,682.423,27.0610,0.000,59066.0
637.756,682.624,27.0584,0.000,59066.7
637.756,682.824,27.0392,0.000,59071.6
637.756,683.024,27.0529,0.000,59068.1
638.256,683.224,27.0623,0.000,59065.6
638.256,683.425,27.0615,0.000,59065.9
638.755,683.626,27.0508,0.000,59068.6
638.755,683.824,27.0164,0.000,59077.4
638.755,684.025,27.0351,0.000,59072.6
639.256,684.226,27.0342,0.000,59072.8
639.256,684.425,27.0060,0.000,59080.0
639.756,684.626,27.0275,0.000,59074.5
639.756,684.826,26.9976,0.000,59082.1
639.756,685.027,27.0015,0.000,59081.2
640.256,685.226,27.0530,0.000,59068.0
640.256,685.426,27.0410,0.000,59071.1
640.756,685.627,27.0402,0.000,59071.3
640.756,685.827,27.0059,0.000,59080.1
640.756,686.028,27.0034,0.000,59080.7
641.256,686.227,27.0373,0.000,59072.1
641.256,686.427,27.0014,0.000,59081.2
641.756,686.629,26.9946,0.000,59083.0
641.756,686.827,26.9857,0.000,59085.2
641.756,687.027,26.9813,0.000,59086.3
642.256,687.229,26.9962,0.000,59082.5
642.256,687.428,27.0265,0.000,59074.8
642.756,687.629,27.0158,0.000,59077.5
642.756,687.829,27.0127,0.000,59078.3
642.756,688.029,26.9684,0.000,59089.6
643.256,688.230,26.9800,0.000,59086.7
643.256,688.429,27.0097,0.000,59079.1
643.756,688.630,27.0110,0.000,59078.8
643.756,688.830,26.9780,0.000,59087.2
643.756,689.030,26.9998,0.000,59081.6
644.255,689.230,26.9896,0.000,59084.2
644.255,689.430,26.9866,0.000,59085.0
644.755,689.631,27.0015,0.000,59081.1
644.755,689.831,27.0023,0.000,59081.0
644.755,690.030,26.9985,0.000,59082.0
645.256,690.232,26.9555,0.000,59092.9
645.256,690.432,26.9897,0.000,59084.2
645.756,690.631,26.9972,0.000,59082.3
645.756,690.832,26.9594,0.000,59091.9
645.756,691.032,26.9871,0.000,59084.8
646.256,691.233,26.9922,0.000,59083.6
646.256,691.432,26.9876,0.000,59084.8
646.755,691.632,26.9500,0.000,59094.3
646.756,691.833,26.9456,0.000,59095.4
646.756,692.033,26.9399,0.000,59096.8
647.256,692.233,26.9871,0.000,59084.8
647.256,692.433,26.9775,0.000,59087.3
647.756,692.634,26.9482,0.000,59094.8
647.756,692.834,26.9762,0.000,59087.6
647.756,693.033,26.9429,0.000,59096.1
648.256,693.234,26.9383,0.000,59097.3
648.256,693.435,26.9407,0.000,59096.6
648.756,693.634,26.9419,0.000,59096.4
648.756,693.835,26.9557,0.000,59092.8
648.756,694.035,26.9228,0.000,59101.2
649.256,694.236,26.9694,0.000,59089.4
649.256,694.435,26.9633,0.000,59090.9
649.756,694.635,26.9492,0.000,59094.5
649.756,694.837,26.9549,0.000,59093.1
649.756,695.035,26.9079,0.000,59105.0
650.256,695.235,26.9585,0.000,59092.2
650.256,695.437,26.9245,0.000,59100.8
650.756,695.637,26.9424,0.000,59096.2
650.756,695.837,26.9087,0.000,59104.8
650.756,696.036,26.9557,0.000,59092.8
651.256,696.237,26.9230,0.000,59101.2
651.256,696.437,26.9038,0.000,59106.1
651.756,696.637,26.9103,0.000,59104.4
651.756,696.838,26.9448,0.000,59095.6
651.756,697.038,26.8916,0.000,59109.2
652.256,697.237,26.9290,0.000,59099.7
652.256,697.438,26.8947,0.000,59108.4
652.756,697.639,26.9336,0.000,59098.5
652.756,697.839,26.9407,0.000,59096.6
652.756,698.039,26.9360,0.000,59097.8
653.256,698.238,26.9202,0.000,59101.9
653.256,698.440,26.9306,0.000,59099.2
653.756,698.639,26.9194,0.000,59102.1
653.756,698.839,26.8950,0.000,59108.3
653.756,699.041,26.8922,0.000,59109.0
654.256,699.239,26.9001,0.000,59107.0
654.256,699.440,26.9185,0.000,59102.4
654.756,699.640,26.9199,0.000,59102.0
654.756,699.841,26.9212,0.000,59101.6
654.756,700.041,26.9056,0.000,59105.6
655.256,700.240,26.8919,0.000,59109.1
655.256,700.442,26.9145,0.000,59103.4
655.756,700.641,26.8999,0.000,59107.1
655.756,700.841,26.9082,0.000,59105.0
656.256,701.043,26.9090,0.000,59104.8
656.256,701.242,26.8838,0.000,59111.2
656.256,701.442,26.9061,0.000,59105.5
656.756,701.642,26.9001,0.000,59107.0
656.756,701.843,26.8937,0.000,59108.6
657.256,702.043,26.8929,0.000,59108.8
657.256,702.242,26.8725,0.000,59114.0
657.256,702.444,26.9001,0.000,59107.0
657.756,702.644,26.8598,0.000,59117.2
657.756,702.843,26.8970,0.000,59107.8
658.256,703.044,26.8970,0.000,59107.8
658.256,703.244,26.8934,0.000,59108.7
658.256,703.444,26.8577,0.000,59117.8
658.756,703.644,26.8566,0.000,59118.1
658.756,703.844,26.8859,0.000,59110.6
659.256,704.045,26.8761,0.000,59113.1
659.256,704.245,26.8957,0.000,59108.1
659.256,704.444,26.8872,0.000,59110.3
659.756,704.645,26.8672,0.000,59115.4
659.756,704.846,26.8784,0.000,59112.5
660.256,705.046,26.8672,0.000,59115.4
660.256,705.245,26.8729,0.000,59113.9
660.256,705.446,26.8607,0.000,59117.0
660.755,705.647,26.8564,0.000,59118.1
660.755,705.846,26.8519,0.000,59119.3
661.256,706.047,26.8291,0.000,59125.0
661.256,706.247,26.8359,0.000,59123.3
661.256,706.447,26.8582,0.000,59117.7
661.756,706.647,26.8577,0.000,59117.8
661.756,706.847,26.8631,0.000,59116.4
662.256,707.047,26.8641,0.000,59116.2
662.256,707.249,26.8593,0.000,59117.4
662.256,707.447,26.8638,0.000,59116.2
662.756,707.648,26.8096,0.000,59130.0
662.756,707.849,26.8427,0.000,59121.6
663.256,708.048,26.8193,0.000,59127.5
663.256,708.249,26.8462,0.000,59120.7
663.256,708.448,26.8367,0.000,59123.1
663.756,708.650,26.8040,0.000,59131.4
663.756,708.849,26.7924,0.000,59134.3
664.256,709.049,26.8272,0.000,59125.5
664.256,709.250,26.8335,0.000,59123.9
664.256,709.450,26.8078,0.000,59130.5
664.756,709.651,26.8449,0.000,59121.0
664.756,709.850,26.8459,0.000,59120.8
665.256,710.050,26.8304,0.000,59124.7
665.256,710.252,26.8221,0.000,59126.8
665.256,710.450,26.8429,0.000,59121.5
665.756,710.651,26.8210,0.000,59127.1
665.756,710.852,26.7902,0.000,59134.9
666.255,711.052,26.8162,0.000,59128.3
666.255,711.252,26.8208,0.000,59127.1
666.255,711.451,26.8169,0.000,59128.1
666.756,711.653,26.8216,0.000,59127.0
666.756,711.852,26.8288,0.000,59125.1
667.255,712.052,26.7885,0.000,59135.3
667.255,712.254,26.8340,0.000,59123.8
667.255,712.452,26.7856,0.000,59136.1
667.755,712.652,26.8047,0.000,59131.2
667.756,712.854,26.8203,0.000,59127.3
668.256,713.054,26.8322,0.000,59124.3
668.256,713.254,26.8180,0.000,59127.9
668.256,713.453,26.7991,0.000,59132.7
668.756,713.654,26.7718,0.000,59139.6
668.756,713.854,26.7767,0.000,59138.4
669.256,714.054,26.7716,0.000,59139.6
669.256,714.255,26.7983,0.000,59132.9
669.256,714.456,26.8117,0.000,59129.5
669.756,714.654,26.8000,0.000,59132.4
669.756,714.856,26.7951,0.000,59133.7
670.256,715.056,26.7969,0.000,59133.2
670.256,715.255,26.7929,0.000,59134.2
670.256,715.456,26.7907,0.000,59134.8
670.756,715.656,26.7924,0.000,59134.4
670.756,715.856,26.7918,0.000,59134.5
671.256,716.056,26.7511,0.000,59144.8
671.256,716.256,26.7838,0.000,59136.5
671.256,716.458,26.7830,0.000,59136.7
671.756,716.657,26.7838,0.000,59136.5
671.756,716.857,26.7924,0.000,59134.3
672.256,717.057,26.7868,0.000,59135.8
672.256,717.258,26.7542,0.000,59144.0
672.256,717.458,26.7759,0.000,59138.5
672.756,717.657,26.7510,0.000,59144.8
672.756,717.859,26.8022,0.000,59131.8
673.256,718.059,26.7719,0.000,59139.6
673.256,718.258,26.7890,0.000,59135.2
673.256,718.459,26.7903,0.000,59134.9
673.756,718.659,26.7585,0.000,59143.0
673.756,718.859,26.7703,0.000,59140.0
674.256,719.059,26.7322,0.000,59149.6
674.256,719.259,26.7650,0.000,59141.3
674.256,719.461,26.7243,0.000,59151.6
674.756,719.659,26.7726,0.000,59139.4
674.756,719.860,26.7700,0.000,59140.0
675.256,720.061,26.7624,0.000,59142.0
675.256,720.260,26.7682,0.000,59140.5
675.256,720.461,26.7571,0.000,59143.3
675.756,720.661,26.7612,0.000,59142.3
675.756,720.861,26.7524,0.000,59144.5
676.256,721.061,26.7168,0.000,59153.5
676.256,721.261,26.7256,0.000,59151.3
676.256,721.462,26.7324,0.000,59149.6
676.756,721.662,26.7144,0.000,59154.1
676.756,721.862,26.7231,0.000,59151.9
677.256,722.062,26.7292,0.000,59150.4
677.256,722.262,26.7549,0.000,59143.9
677.256,722.464,26.7559,0.000,59143.6
677.756,722.662,26.7220,0.000,59152.2
677.756,722.862,26.7226,0.000,59152.1
678.256,723.064,26.7480,0.000,59145.6
678.256,723.263,26.7285,0.000,59150.6
678.256,723.464,26.7480,0.000,59145.6
678.756,723.664,26.7404,0.000,59147.5
678.756,723.864,26.7466,0.000,59146.0
679.256,724.064,26.7344,0.000,59149.1
679.256,724.264,26.7389,0.000,59147.9
679.256,724.464,26.7251,0.000,59151.4
679.756,724.666,26.6922,0.000,59159.7
679.756,724.865,26.7236,0.000,59151.8
680.256,725.065,26.7248,0.000,59151.5
680.256,725.265,26.7189,0.000,59153.0
680.256,725.466,26.7386,0.000,59148.0
680.756,725.666,26.7184,0.000,59153.1
680.756,725.865,26.6811,0.000,59162.6
681.256,726.067,26.7174,0.000,59153.3
681.256,726.267,26.7305,0.000,59150.0
681.256,726.466,26.6743,0.000,59164.2
681.756,726.667,26.7300,0.000,59150.2
681.756,726.867,26.7078,0.000,59155.8
682.256,727.067,26.6821,0.000,59162.3
682.256,727.267,26.7013,0.000,59157.4
682.256,727.468,26.7124,0.000,59154.6
682.756,727.668,26.7070,0.000,59156.0
682.756,727.867,26.7129,0.000,59154.5
683.256,728.069,26.6720,0.000,59164.8
683.256,728.269,26.6813,0.000,59162.5
683.256,728.468,26.7182,0.000,59153.1
683.756,728.669,26.6842,0.000,59161.7
683.756,728.869,26.6912,0.000,59160.0
684.256,729.068,26.6992,0.000,59157.9
684.256,729.269,26.6845,0.000,59161.7
684.256,729.470,26.6647,0.000,59166.7
684.756,729.670,26.6593,0.000,59168.0
684.756,729.869,26.6570,0.000,59168.6
685.256,730.069,26.6504,0.000,59170.3
685.256,730.271,26.6919,0.000,59159.8
685.256,730.470,26.6614,0.000,59167.5
685.756,730.671,26.6556,0.000,59169.0
685.756,730.871,26.6852,0.000,59161.5
686.256,731.071,26.6999,0.000,59157.8
686.256,731.271,26.6487,0.000,59170.7
686.256,731.471,26.6826,0.000,59162.2
686.756,731.672,26.6577,0.000,59168.4
686.756,731.872,26.6714,0.000,59165.0
687.256,732.071,26.6418,0.000,59172.5
687.256,732.273,26.6794,0.000,59163.0
687.256,732.473,26.6398,0.000,59173.0
687.756,732.672,26.6875,0.000,59160.9
687.756,732.873,26.6494,0.000,59170.6
688.256,733.073,26.6688,0.000,59165.6
688.256,733.273,26.6307,0.000,59175.3
688.256,733.473,26.6299,0.000,59175.5
688.810,733.673,26.6704,0.000,59165.2
688.810,733.875,26.6808,0.000,59162.6
688.810,734.073,26.6595,0.000,59168.0
689.256,734.274,26.6341,0.000,59174.4
689.256,734.474,26.6286,0.000,59175.8
689.756,734.675,26.6261,0.000,59176.4
689.756,734.875,26.6291,0.000,59175.7
690.256,735.074,26.6689,0.000,59165.6
690.256,735.276,26.6294,0.000,59175.6
690.256,735.475,26.6276,0.000,59176.0
690.756,735.675,26.6670,0.000,59166.1
690.756,735.877,26.6494,0.000,59170.5
691.256,736.076,26.6606,0.000,59167.7
691.256,736.276,26.6126,0.000,59179.8
691.256,736.476,26.6167,0.000,59178.8
691.756,736.677,26.6574,0.000,59168.5
691.756,736.877,26.6492,0.000,59170.6
692.256,737.076,26.6595,0.000,59168.0
692.256,737.278,26.6508,0.000,59170.2
692.256,737.478,26.6517,0.000,59170.0
692.756,737.677,26.6172,0.000,59178.6
692.756,737.878,26.6518,0.000,59169.9
693.256,738.078,26.6206,0.000,59177.8
693.256,738.278,26.5994,0.000,59183.1
693.256,738.478,26.6362,0.000,59173.8
693.756,738.678,26.6175,0.000,59178.6
693.756,738.880,26.6092,0.000,59180.7
694.256,739.079,26.6473,0.000,59171.1
694.256,739.278,26.6317,0.000,59175.1
694.256,739.479,26.6346,0.000,59174.3
694.756,739.680,26.6346,0.000,59174.3
694.756,739.880,26.6430,0.000,59172.2
695.256,740.080,26.5989,0.000,59183.3
695.256,740.280,26.6234,0.000,59177.1
695.256,740.481,26.6245,0.000,59176.8
695.756,740.680,26.6139,0.000,59179.5
695.756,740.880,26.6303,0.000,59175.4
696.256,741.082,26.6302,0.000,59175.4
696.256,741.280,26.6321,0.000,59174.9
696.256,741.481,26.6286,0.000,59175.8
696.756,741.681,26.6170,0.000,59178.7
696.756,741.882,26.6157,0.000,59179.1
697.256,742.082,26.6087,0.000,59180.8
697.256,742.281,26.5814,0.000,59187.7
697.256,742.483,26.5910,0.000,59185.3
697.756,742.683,26.6050,0.000,59181.8
697.756,742.882,26.6167,0.000,59178.8
698.256,743.083,26.6243,0.000,59176.9
698.256,743.283,26.6219,0.000,59177.5
698.256,743.483,26.6050,0.000,59181.8
698.756,743.683,26.6055,0.000,59181.6
698.756,743.883,26.6089,0.000,59180.7
699.256,744.085,26.6136,0.000,59179.6
699.256,744.284,26.6050,0.000,59181.8
699.256,744.484,26.6045,0.000,59181.9
699.756,744.684,26.5902,0.000,59185.5
699.756,744.885,26.5581,0.000,59193.6
700.256,745.085,26.6038,0.000,59182.1
700.256,745.284,26.5931,0.000,59184.8
700.256,745.486,26.5952,0.000,59184.2
700.756,745.685,26.5884,0.000,59185.9
700.756,745.885,26.5679,0.000,59191.1
701.256,746.086,26.5900,0.000,59185.5
701.256,746.286,26.5864,0.000,59186.4
701.256,746.485,26.5576,0.000,59193.7
701.756,746.686,26.5893,0.000,59185.7
701.756,746.886,26.5971,0.000,59183.7
702.256,747.088,26.5775,0.000,59188.7
702.256,747.286,26.5467,0.000,59196.5
702.256,747.486,26.5845,0.000,59186.9
702.756,747.688,26.5535,0.000,59194.7
702.756,747.887,26.5757,0.000,59189.2
703.256,748.088,26.5850,0.000,59186.8
703.256,748.287,26.5641,0.000,59192.1
703.256,748.488,26.5449,0.000,59196.9
703.756,748.688,26.5784,0.000,59188.5
703.756,748.888,26.5685,0.000,59190.9
704.256,749.089,26.5685,0.000,59190.9
704.256,749.290,26.5827,0.000,59187.4
704.256,749.488,26.5350,0.000,59199.4
704.756,749.689,26.5776,0.000,59188.6
704.756,749.889,26.5700,0.000,59190.6
705.256,750.090,26.5366,0.000,59199.0
705.256,750.290,26.5595,0.000,59193.2
705.256,750.489,26.5400,0.000,59198.1
705.756,750.691,26.5552,0.000,59194.3
705.756,750.890,26.5355,0.000,59199.3
706.256,751.090,26.5583,0.000,59193.5
706.256,751.292,26.5595,0.000,59193.2
706.257,751.491,26.5688,0.000,59190.9
706.756,751.691,26.5329,0.000,59199.9
706.756,751.891,26.5449,0.000,59196.9
707.255,752.092,26.5269,0.000,59201.4
707.256,752.293,26.5130,0.000,59204.9
707.256,752.491,26.5493,0.000,59195.8
707.756,752.692,26.5369,0.000,59198.9
707.756,752.893,26.5464,0.000,59196.6
708.256,753.092,26.5346,0.000,59199.5
708.256,753.293,26.5335,0.000,59199.8
708.256,753.493,26.5390,0.000,59198.4
708.756,753.693,26.5334,0.000,59199.8
708.756,753.893,26.5156,0.000,59204.3
709.256,754.093,26.5412,0.000,59197.8
709.256,754.295,26.5391,0.000,59198.3
709.256,754.493,26.5485,0.000,59196.0
709.756,754.693,26.4987,0.000,59208.5
709.756,754.895,26.5473,0.000,59196.3
710.257,755.094,26.5249,0.000,59201.9
710.257,755.295,26.5236,0.000,59202.2
710.257,755.494,26.5179,0.000,59203.7
710.756,755.695,26.5234,0.000,59202.3
710.756,755.895,26.5325,0.000,59200.0
711.255,756.095,26.5252,0.000,59201.8
711.255,756.297,26.5293,0.000,59200.9
711.255,756.496,26.5015,0.000,59207.8
711.755,756.695,26.5208,0.000,59203.0
711.755,756.896,26.5350,0.000,59199.4
712.257,757.097,26.5175,0.000,59203.8
712.257,757.297,26.5016,0.000,59207.8
712.257,757.497,26.5063,0.000,59206.6
712.757,757.696,26.4959,0.000,59209.2
712.757,757.898,26.5244,0.000,59202.0
713.257,758.097,26.5138,0.000,59204.7
713.257,758.297,26.5039,0.000,59207.2
713.257,758.499,26.5063,0.000,59206.6
713.757,758.698,26.5076,0.000,59206.3
713.757,758.898,26.5044,0.000,59207.1
714.257,759.098,26.5049,0.000,59207.0
714.257,759.299,26.4805,0.000,59213.1
714.257,759.499,26.4860,0.000,59211.7
714.757,759.698,26.5138,0.000,59204.7
714.757,759.900,26.4793,0.000,59213.4
715.257,760.100,26.5049,0.000,59207.0
715.257,760.299,26.4813,0.000,59212.9
715.257,760.500,26.4912,0.000,59210.4
715.757,760.700,26.4847,0.000,59212.1
715.757,760.900,26.5027,0.000,59207.5
716.257,761.100,26.4900,0.000,59210.7
716.257,761.300,26.4925,0.000,59210.1
716.257,761.502,26.4843,0.000,59212.2
716.757,761.700,26.4935,0.000,59209.8
716.757,761.901,26.4450,0.000,59222.0
717.257,762.101,26.4944,0.000,59209.6
717.257,762.302,26.4629,0.000,59217.5
717.258,762.502,26.4438,0.000,59222.3
717.755,762.701,26.4380,0.000,59223.8
717.756,762.903,26.4367,0.000,59224.1
718.257,763.103,26.4476,0.000,59221.4
718.257,763.302,26.4858,0.000,59211.8
718.257,763.503,26.4396,0.000,59223.4
718.757,763.703,26.4541,0.000,59219.7
718.757,763.902,26.4580,0.000,59218.8
719.257,764.103,26.4684,0.000,59216.1
719.257,764.304,26.4326,0.000,59225.1
719.257,764.505,26.4765,0.000,59214.1
719.757,764.703,26.4666,0.000,59216.6
719.757,764.904,26.4796,0.000,59213.3
720.257,765.105,26.4453,0.000,59222.0
720.257,765.304,26.4603,0.000,59218.2
720.257,765.505,26.4525,0.000,59220.1
720.757,765.705,26.4404,0.000,59223.1
720.757,765.904,26.4204,0.000,59228.2
721.257,766.105,26.4386,0.000,59223.6
721.257,766.305,26.4165,0.000,59229.1
721.257,766.506,26.4603,0.000,59218.2
721.755,766.707,26.4455,0.000,59221.9
721.755,766.905,26.4617,0.000,59217.8
722.257,767.106,26.4181,0.000,59228.7
722.257,767.307,26.4018,0.000,59232.8
722.257,767.507,26.4219,0.000,59227.8
722.757,767.707,26.4531,0.000,59220.0
722.757,767.906,26.4596,0.000,59218.3
723.257,768.108,26.4642,0.000,59217.2
723.257,768.307,26.4456,0.000,59221.9
723.257,768.507,26.4233,0.000,59227.5
723.755,768.709,26.4538,0.000,59219.8
723.755,768.907,26.4178,0.000,59228.9
724.257,769.108,26.4476,0.000,59221.4
724.257,769.308,26.4126,0.000,59230.2
724.257,769.509,26.4272,0.000,59226.5
724.757,769.709,26.4352,0.000,59224.5
724.757,769.908,26.4103,0.000,59230.7
725.257,770.110,26.4432,0.000,59222.5
725.257,770.310,26.4422,0.000,59222.7
725.257,770.509,26.4318,0.000,59225.3
725.757,770.710,26.4347,0.000,59224.6
725.757,770.910,26.4329,0.000,59225.1
726.257,771.110,26.4349,0.000,59224.5
726.257,771.310,26.4434,0.000,59222.4
726.257,771.510,26.3877,0.000,59236.4
726.756,771.712,26.3986,0.000,59233.6
726.756,771.910,26.4328,0.000,59225.1
727.257,772.110,26.4230,0.000,59227.5
727.257,772.311,26.3971,0.000,59234.0
727.257,772.512,26.4243,0.000,59227.2
727.757,772.712,26.4268,0.000,59226.6
727.757,772.911,26.4253,0.000,59227.0
728.257,773.112,26.3777,0.000,59238.9
728.257,773.312,26.4312,0.000,59225.5
728.257,773.512,26.4302,0.000,59225.7
728.757,773.714,26.4238,0.000,59227.3
728.757,773.913,26.4258,0.000,59226.8
729.256,774.112,26.3823,0.000,59237.8
729.256,774.313,26.4061,0.000,59231.8
729.256,774.514,26.3883,0.000,59236.2
729.757,774.714,26.4114,0.000,59230.4
729.757,774.914,26.4028,0.000,59232.6
730.257,775.114,26.3711,0.000,59240.5
730.257,775.315,26.4020,0.000,59232.8
730.257,775.514,26.4160,0.000,59229.3
730.757,775.714,26.4197,0.000,59228.4
730.757,775.916,26.4145,0.000,59229.7
731.257,776.114,26.3667,0.000,59241.6
731.257,776.315,26.3620,0.000,59242.8
731.257,776.516,26.3877,0.000,59236.4
731.755,776.715,26.3968,0.000,59234.1
731.755,776.916,26.4103,0.000,59230.7
732.256,777.116,26.3623,0.000,59242.7
732.256,777.317,26.3559,0.000,59244.4
732.256,777.516,26.3851,0.000,59237.1
732.757,777.716,26.3673,0.000,59241.5
732.757,777.918,26.3994,0.000,59233.4
733.256,778.116,26.3786,0.000,59238.7
733.256,778.317,26.4043,0.000,59232.2
733.257,778.518,26.3965,0.000,59234.2
733.757,778.718,26.3550,0.000,59244.6
733.757,778.918,26.3670,0.000,59241.6
734.255,779.117,26.3878,0.000,59236.3
734.256,779.319,26.3891,0.000,59236.1
734.256,779.518,26.3943,0.000,59234.8
734.756,779.718,26.3459,0.000,59246.9
734.756,779.920,26.3374,0.000,59249.0
735.257,780.118,26.3764,0.000,59239.2
735.257,780.318,26.3533,0.000,59245.0
735.257,780.520,26.3766,0.000,59239.2
735.755,780.719,26.3716,0.000,59240.4
735.755,780.920,26.3794,0.000,59238.5
736.257,781.119,26.3465,0.000,59246.7
736.257,781.320,26.3696,0.000,59240.9
736.257,781.520,26.3732,0.000,59240.0
736.757,781.720,26.3730,0.000,59240.1
736.757,781.922,26.3473,0.000,59246.5
737.256,782.120,26.3450,0.000,59247.1
737.256,782.320,26.3427,0.000,59247.6
737.256,782.522,26.3719,0.000,59240.4
737.755,782.722,26.3183,0.000,59253.8
737.756,782.922,26.3592,0.000,59243.5
738.255,783.122,26.3639,0.000,59242.3
738.255,783.322,26.3398,0.000,59248.4
738.255,783.522,26.3644,0.000,59242.2
738.757,783.722,26.3553,0.000,59244.5
738.757,783.923,26.3740,0.000,59239.8
739.257,784.123,26.3621,0.000,59242.8
739.257,784.322,26.3724,0.000,59240.2
739.257,784.524,26.3716,0.000,59240.4
739.757,784.724,26.3681,0.000,59241.3
739.757,784.923,26.3546,0.000,59244.6
740.257,785.124,26.3198,0.000,59253.4
740.257,785.324,26.3592,0.000,59243.5
740.257,785.525,26.3608,0.000,59243.1
740.757,785.724,26.3660,0.000,59241.8
740.757,785.924,26.3610,0.000,59243.1
741.257,786.126,26.3530,0.000,59245.1
741.257,786.324,26.3643,0.000,59242.2
741.257,786.525,26.3533,0.000,59245.0
741.757,786.725,26.3174,0.000,59254.0
741.757,786.926,26.3413,0.000,59248.0
742.257,787.127,26.3413,0.000,59248.0
742.257,787.325,26.3542,0.000,59244.8
742.257,787.526,26.3410,0.000,59248.1
742.757,787.727,26.3327,0.000,59250.2
742.757,787.927,26.3032,0.000,59257.6
743.257,788.127,26.3034,0.000,59257.5
743.257,788.326,26.2902,0.000,59260.8
743.257,788.528,26.3478,0.000,59246.4
743.757,788.727,26.3364,0.000,59249.2
743.757,788.927,26.3193,0.000,59253.5
744.257,789.129,26.3133,0.000,59255.0
744.257,789.328,26.2930,0.000,59260.1
744.257,789.527,26.3294,0.000,59251.0
744.757,789.728,26.3042,0.000,59257.3
744.757,789.929,26.3398,0.000,59248.4
745.257,790.130,26.3293,0.000,59251.0
745.257,790.328,26.3501,0.000,59245.8
745.257,790.528,26.3327,0.000,59250.2
745.757,790.730,26.2983,0.000,59258.7
745.757,790.929,26.3196,0.000,59253.4
746.255,791.130,26.2856,0.000,59261.9
746.256,791.330,26.3239,0.000,59252.4
746.256,791.530,26.3294,0.000,59251.0
746.757,791.730,26.3092,0.000,59256.1
746.757,791.930,26.3056,0.000,59257.0
747.257,792.131,26.3310,0.000,59250.6
747.257,792.331,26.3179,0.000,59253.8
747.257,792.530,26.3333,0.000,59250.0
747.757,792.732,26.3095,0.000,59256.0
747.757,792.932,26.3175,0.000,59253.9
748.256,793.131,26.3211,0.000,59253.1
748.257,793.332,26.2855,0.000,59262.0
748.257,793.532,26.3239,0.000,59252.4
748.863,793.732,26.2752,0.000,59264.5
748.863,793.932,26.2798,0.000,59263.4
748.863,794.133,26.3084,0.000,59256.2
749.327,794.334,26.3095,0.000,59256.0
749.327,794.532,26.2907,0.000,59260.7
749.757,794.733,26.2583,0.000,59268.8
749.757,794.933,26.2734,0.000,59265.0
750.258,795.134,26.3006,0.000,59258.2
750.258,795.334,26.3062,0.000,59256.8
750.259,795.533,26.2773,0.000,59264.0
750.757,795.735,26.2944,0.000,59259.7
750.757,795.935,26.2715,0.000,59265.5
751.257,796.134,26.2684,0.000,59266.2
751.257,796.335,26.2490,0.000,59271.1
751.257,796.535,26.2749,0.000,59264.6
751.758,796.735,26.2716,0.000,59265.4
751.758,796.935,26.2661,0.000,59266.8
752.378,797.136,26.3069,0.000,59256.6
752.378,797.336,26.2822,0.000,59262.8
752.378,797.535,26.2838,0.000,59262.4
752.756,797.737,26.2892,0.000,59261.0
752.756,797.937,26.2534,0.000,59270.0
753.256,798.136,26.2897,0.000,59260.9
753.256,798.337,26.2949,0.000,59259.6
753.256,798.537,26.2765,0.000,59264.2
753.757,798.736,26.2505,0.000,59270.7
753.757,798.937,26.2830,0.000,59262.6
754.257,799.137,26.2742,0.000,59264.8
754.257,799.339,26.2861,0.000,59261.8
754.257,799.537,26.2539,0.000,59269.9
754.757,799.737,26.2394,0.000,59273.5
754.757,799.939,26.2716,0.000,59265.4
755.256,800.139,26.2798,0.000,59263.4
755.256,800.339,26.2864,0.000,59261.8
755.256,800.539,26.2277,0.000,59276.4
755.757,800.739,26.2654,0.000,59267.0
755.757,800.939,26.2270,0.000,59276.6
756.257,801.139,26.2488,0.000,59271.1
756.257,801.339,26.2778,0.000,59263.9
756.257,801.541,26.2675,0.000,59266.5
756.757,801.739,26.2666,0.000,59266.7
756.757,801.940,26.2767,0.000,59264.2
757.257,802.141,26.2220,0.000,59277.8
757.257,802.340,26.2562,0.000,59269.3
757.257,802.541,26.2603,0.000,59268.3
757.757,802.741,26.2739,0.000,59264.8
757.757,802.942,26.2680,0.000,59266.3
758.257,803.141,26.2617,0.000,59267.9
758.258,803.341,26.2671,0.000,59266.6
758.258,803.543,26.2334,0.000,59275.0
758.757,803.741,26.2495,0.000,59271.0
758.757,803.942,26.2264,0.000,59276.7
759.257,804.142,26.2651,0.000,59267.1
759.257,804.343,26.2632,0.000,59267.6
759.757,804.544,26.2487,0.000,59271.2
759.757,804.742,26.2632,0.000,59267.6
759.758,804.943,26.2217,0.000,59277.9
760.257,805.143,26.2446,0.000,59272.2
760.257,805.344,26.2500,0.000,59270.8
760.757,805.544,26.2451,0.000,59272.0
760.757,805.743,26.2544,0.000,59269.7
760.757,805.945,26.2539,0.000,59269.9
761.257,806.144,26.2426,0.000,59272.7
761.257,806.344,26.2485,0.000,59271.2
761.757,806.545,26.2451,0.000,59272.1
761.757,806.745,26.2407,0.000,59273.1
761.757,806.944,26.2124,0.000,59280.2
762.256,807.145,26.2210,0.000,59278.1
762.256,807.346,26.2153,0.000,59279.5
762.757,807.547,26.2477,0.000,59271.4
762.757,807.746,26.2358,0.000,59274.4
762.757,807.945,26.2163,0.000,59279.2
763.257,808.146,26.2148,0.000,59279.6
763.257,808.346,26.2444,0.000,59272.2
763.755,808.547,26.2259,0.000,59276.9
763.755,808.748,26.2036,0.000,59282.4
763.755,808.946,26.2300,0.000,59275.9
764.257,809.147,26.1990,0.000,59283.6
764.257,809.348,26.2313,0.000,59275.5
764.756,809.547,26.2352,0.000,59274.5
764.757,809.748,26.2329,0.000,59275.1
764.757,809.948,26.2264,0.000,59276.7
765.256,810.148,26.2456,0.000,59271.9
765.256,810.348,26.1890,0.000,59286.1
765.757,810.549,26.2419,0.000,59272.9
765.757,810.750,26.2044,0.000,59282.2
765.757,810.948,26.1938,0.000,59284.8
766.256,811.149,26.2348,0.000,59274.7
766.256,811.350,26.1764,0.000,59289.2
766.755,811.550,26.2168,0.000,59279.1
766.755,811.750,26.2170,0.000,59279.1
766.755,811.950,26.2241,0.000,59277.3
767.257,812.151,26.2036,0.000,59282.4
767.257,812.350,26.2197,0.000,59278.4
767.755,812.550,26.2261,0.000,59276.8
767.755,812.752,26.2194,0.000,59278.5
767.755,812.950,26.2270,0.000,59276.5
768.257,813.151,26.2321,0.000,59275.3
768.257,813.352,26.1877,0.000,59286.4
768.757,813.552,26.1794,0.000,59288.4
768.757,813.753,26.2241,0.000,59277.3
768.757,813.951,26.1768,0.000,59289.1
769.256,814.152,26.1808,0.000,59288.1
769.256,814.353,26.1684,0.000,59291.2
769.757,814.552,26.1997,0.000,59283.4
769.757,814.753,26.2168,0.000,59279.1
769.757,814.953,26.2054,0.000,59282.0
770.257,815.153,26.2064,0.000,59281.7
770.257,815.353,26.1870,0.000,59286.6
770.756,815.553,26.1978,0.000,59283.8
770.756,815.755,26.1909,0.000,59285.6
770.756,815.953,26.1722,0.000,59290.2
771.257,816.153,26.1706,0.000,59290.7
771.257,816.354,26.2124,0.000,59280.2
771.757,816.555,26.2013,0.000,59282.9
771.757,816.755,26.1816,0.000,59287.9
771.757,816.955,26.1953,0.000,59284.5
772.255,817.154,26.2133,0.000,59280.0
772.256,817.356,26.2005,0.000,59283.2
772.757,817.555,26.2020,0.000,59282.8
772.757,817.755,26.2013,0.000,59282.9
772.757,817.956,26.1548,0.000,59294.6
773.257,818.156,26.1865,0.000,59286.7
773.257,818.356,26.1756,0.000,59289.4
773.757,818.556,26.1787,0.000,59288.6
773.757,818.756,26.1657,0.000,59291.9
773.757,818.958,26.1562,0.000,59294.2
774.256,819.156,26.1909,0.000,59285.6
774.256,819.357,26.2018,0.000,59282.8
774.757,819.558,26.1723,0.000,59290.2
774.757,819.758,26.1430,0.000,59297.5
774.757,819.959,26.1916,0.000,59285.4
775.257,820.157,26.1961,0.000,59284.3
775.257,820.358,26.1645,0.000,59292.2
775.758,820.558,26.1829,0.000,59287.6
775.758,820.759,26.1443,0.000,59297.2
775.759,820.960,26.1955,0.000,59284.4
776.257,821.158,26.1595,0.000,59293.4
776.257,821.359,26.1898,0.000,59285.8
776.756,821.560,26.1896,0.000,59285.9
776.757,821.759,26.1689,0.000,59291.1
776.757,821.960,26.1888,0.000,59286.1
777.257,822.160,26.1480,0.000,59296.3
777.257,822.360,26.1785,0.000,59288.7
777.757,822.560,26.1846,0.000,59287.1
777.757,822.760,26.1860,0.000,59286.8
777.757,822.962,26.1800,0.000,59288.3
778.256,823.160,26.1870,0.000,59286.5
778.256,823.360,26.1396,0.000,59298.3
778.757,823.562,26.1821,0.000,59287.8
778.757,823.761,26.1507,0.000,59295.6
778.757,823.962,26.1953,0.000,59284.5
779.256,824.162,26.1294,0.000,59300.9
779.256,824.362,26.1465,0.000,59296.6
779.755,824.562,26.1699,0.000,59290.8
779.756,824.762,26.1675,0.000,59291.4
779.756,824.964,26.1540,0.000,59294.8
780.255,825.162,26.1621,0.000,59292.8
780.256,825.362,26.1616,0.000,59292.9
780.755,825.563,26.1572,0.000,59293.9
780.755,825.764,26.1390,0.000,59298.5
780.755,825.964,26.1232,0.000,59302.4
781.256,826.164,26.1351,0.000,59299.5
781.256,826.363,26.1061,0.000,59306.7
781.756,826.565,26.1508,0.000,59295.6
781.756,826.764,26.1087,0.000,59306.0
781.756,826.964,26.1487,0.000,59296.1
782.256,827.166,26.1406,0.000,59298.1
782.256,827.364,26.1452,0.000,59297.0
782.756,827.565,26.1494,0.000,59295.9
782.756,827.765,26.1362,0.000,59299.2
782.756,827.966,26.0970,0.000,59308.9
783.256,828.166,26.1469,0.000,59296.6
783.256,828.365,26.1480,0.000,59296.3
783.756,828.567,26.1105,0.000,59305.6
783.756,828.767,26.1408,0.000,59298.1
783.756,828.966,26.0967,0.000,59309.0
784.256,829.167,26.1007,0.000,59308.0
784.256,829.367,26.1274,0.000,59301.4
784.756,829.567,26.1242,0.000,59302.2
784.756,829.767,26.1191,0.000,59303.5
784.756,829.968,26.1349,0.000,59299.5
785.256,830.168,26.1370,0.000,59299.0
785.256,830.367,26.1255,0.000,59301.8
785.756,830.568,26.1286,0.000,59301.1
785.756,830.769,26.1082,0.000,59306.2
785.756,830.968,26.1222,0.000,59302.6
786.256,831.169,26.1035,0.000,59307.3
786.256,831.369,26.1081,0.000,59306.2
786.756,831.568,26.1160,0.000,59304.2
786.756,831.769,26.1113,0.000,59305.4
786.756,831.970,26.0797,0.000,59313.2
787.255,832.171,26.0791,0.000,59313.4
787.256,832.369,26.1159,0.000,59304.2
787.756,832.569,26.1086,0.000,59306.1
787.756,832.771,26.1193,0.000,59303.4
787.756,832.970,26.0799,0.000,59313.2
788.256,833.171,26.0812,0.000,59312.8
788.256,833.371,26.1226,0.000,59302.6
788.756,833.570,26.0828,0.000,59312.5
788.756,833.771,26.0892,0.000,59310.9
788.756,833.972,26.0939,0.000,59309.7
789.256,834.172,26.1266,0.000,59301.6
789.256,834.372,26.0781,0.000,59313.6
789.756,834.571,26.0630,0.000,59317.4
789.756,834.773,26.1084,0.000,59306.1
789.756,834.972,26.0908,0.000,59310.5
790.256,835.172,26.0906,0.000,59310.5
790.256,835.373,26.0781,0.000,59313.6
790.756,835.573,26.1206,0.000,59303.1
790.756,835.773,26.0849,0.000,59312.0
790.756,835.973,26.1079,0.000,59306.2
791.256,836.174,26.1084,0.000,59306.1
791.256,836.374,26.0848,0.000,59312.0
791.756,836.573,26.1126,0.000,59305.1
791.756,836.774,26.1250,0.000,59302.0
791.756,836.975,26.0806,0.000,59313.0
792.256,837.175,26.0894,0.000,59310.8
792.256,837.375,26.1038,0.000,59307.2
792.756,837.574,26.1012,0.000,59307.9
792.756,837.776,26.1063,0.000,59306.6
792.756,837.975,26.0933,0.000,59309.8
793.256,838.175,26.1139,0.000,59304.7
793.256,838.377,26.1001,0.000,59308.2
793.756,838.576,26.0584,0.000,59318.6
793.756,838.776,26.0921,0.000,59310.1
793.756,838.976,26.0602,0.000,59318.1
794.256,839.177,26.0932,0.000,59309.9
794.256,839.378,26.0669,0.000,59316.4
794.756,839.576,26.0923,0.000,59310.1
794.756,839.777,26.1108,0.000,59305.5
794.756,839.978,26.1095,0.000,59305.8
795.256,840.178,26.0926,0.000,59310.0
795.256,840.378,26.0521,0.000,59320.1
795.756,840.577,26.0866,0.000,59311.5
795.756,840.779,26.0716,0.000,59315.3
795.756,840.978,26.0610,0.000,59317.9
796.256,841.178,26.0547,0.000,59319.5
796.256,841.379,26.0844,0.000,59312.1
796.756,841.579,26.0828,0.000,59312.5
796.756,841.778,26.0820,0.000,59312.6
796.756,841.979,26.0589,0.000,59318.4
797.256,842.180,26.0547,0.000,59319.4
797.256,842.380,26.0799,0.000,59313.2
797.756,842.580,26.0664,0.000,59316.5
797.756,842.779,26.0513,0.000,59320.3
797.756,842.981,26.0897,0.000,59310.8
798.256,843.180,26.0913,0.000,59310.4
798.256,843.380,26.0569,0.000,59318.9
798.756,843.581,26.0796,0.000,59313.2
798.756,843.781,26.0954,0.000,59309.4
798.756,843.981,26.0601,0.000,59318.1
799.256,844.181,26.0682,0.000,59316.1
799.256,844.382,26.0825,0.000,59312.5
799.756,844.582,26.0444,0.000,59322.0
799.756,844.781,26.1007,0.000,59308.0
799.756,844.982,26.0472,0.000,59321.3
800.255,845.183,26.0767,0.000,59314.0
800.255,845.383,26.0307,0.000,59325.4
800.756,845.583,26.0854,0.000,59311.8
800.756,845.782,26.0532,0.000,59319.8
800.756,845.984,26.0548,0.000,59319.4
801.256,846.183,26.0815,0.000,59312.8
801.256,846.383,26.0475,0.000,59321.2
801.756,846.585,26.0369,0.000,59323.9
801.756,846.783,26.0371,0.000,59323.8
801.756,846.984,26.0797,0.000,59313.2
802.256,847.184,26.0762,0.000,59314.1
802.256,847.385,26.0657,0.000,59316.7
802.756,847.585,26.0613,0.000,59317.8
802.756,847.784,26.0571,0.000,59318.8
802.756,847.985,26.0649,0.000,59316.9
803.255,848.186,26.0571,0.000,59318.8
803.255,848.385,26.0631,0.000,59317.3
803.756,848.586,26.0645,0.000,59317.0
803.756,848.786,26.0649,0.000,59316.9
803.757,848.985,26.0420,0.000,59322.6
804.255,849.186,26.0721,0.000,59315.2
804.255,849.387,26.0688,0.000,59316.0
804.756,849.588,26.0535,0.000,59319.7
804.756,849.786,26.0338,0.000,59324.6
804.756,849.986,26.0634,0.000,59317.3
805.255,850.188,26.0475,0.000,59321.2
805.255,850.388,26.0645,0.000,59317.0
805.756,850.588,26.0620,0.000,59317.7
805.756,850.787,26.0482,0.000,59321.1
805.756,850.988,26.0643,0.000,59317.1
806.256,851.188,26.0223,0.000,59327.5
806.256,851.388,26.0332,0.000,59324.8
806.756,851.589,26.0708,0.000,59315.5
806.756,851.789,26.0308,0.000,59325.4
806.756,851.988,26.0408,0.000,59322.9
807.256,852.189,26.0200,0.000,59328.0
807.256,852.390,26.0376,0.000,59323.7
807.756,852.590,26.0244,0.000,59327.0
807.756,852.790,26.0495,0.000,59320.7
807.756,852.989,26.0584,0.000,59318.5
808.256,853.190,26.0498,0.000,59320.7
808.256,853.391,26.0302,0.000,59325.5
808.756,853.591,26.0205,0.000,59328.0
808.756,853.791,26.0483,0.000,59321.0
808.756,853.990,26.0522,0.000,59320.1
809.256,854.192,26.0085,0.000,59330.9
809.256,854.392,26.0391,0.000,59323.3
809.756,854.591,26.0166,0.000,59328.9
809.756,854.792,26.0461,0.000,59321.6
809.756,854.992,26.0138,0.000,59329.6
810.256,855.192,26.0425,0.000,59322.5
810.256,855.392,26.0264,0.000,59326.5
810.756,855.593,26.0150,0.000,59329.3
810.756,855.794,26.0304,0.000,59325.5
810.756,855.992,26.0324,0.000,59325.0
811.256,856.193,26.0205,0.000,59327.9
811.256,856.394,26.0506,0.000,59320.5
811.756,856.594,26.0410,0.000,59322.8
811.756,856.794,26.0150,0.000,59329.3
811.756,856.993,26.0115,0.000,59330.2
812.256,857.193,26.0371,0.000,59323.8
812.256,857.395,25.9925,0.000,59334.9
812.756,857.595,26.0094,0.000,59330.7
812.756,857.795,26.0470,0.000,59321.3
812.756,857.994,26.0366,0.000,59324.0
813.256,858.195,25.9992,0.000,59333.2
813.256,858.395,26.0306,0.000,59325.4
813.756,858.595,26.0233,0.000,59327.3
813.756,858.797,25.9876,0.000,59336.1
813.756,858.995,26.0283,0.000,59326.0
814.256,859.195,26.0195,0.000,59328.2
814.256,859.396,26.0192,0.000,59328.2
814.755,859.597,26.0119,0.000,59330.1
814.755,859.797,26.0171,0.000,59328.8
814.755,859.997,25.9876,0.000,59336.1
815.256,860.196,26.0202,0.000,59328.0
815.256,860.398,26.0392,0.000,59323.3
815.756,860.597,26.0298,0.000,59325.6
815.756,860.797,26.0334,0.000,59324.8
815.756,860.999,26.0098,0.000,59330.6
816.256,861.198,26.0141,0.000,59329.5
816.256,861.398,26.0169,0.000,59328.8
816.756,861.598,26.0171,0.000,59328.8
816.756,861.799,25.9831,0.000,59337.2
816.756,861.999,26.0309,0.000,59325.4
817.256,862.198,26.0171,0.000,59328.8
817.256,862.400,26.0215,0.000,59327.7
817.756,862.600,25.9919,0.000,59335.0
817.756,862.799,26.0142,0.000,59329.5
817.756,863.000,26.0122,0.000,59330.0
818.256,863.200,26.0146,0.000,59329.4
818.256,863.400,26.0106,0.000,59330.4
818.756,863.600,26.0185,0.000,59328.4
818.756,863.800,26.0215,0.000,59327.7
818.756,864.002,26.0036,0.000,59332.2
819.256,864.200,26.0112,0.000,59330.2
819.256,864.401,25.9850,0.000,59336.7
819.756,864.602,26.0010,0.000,59332.8
819.756,864.802,26.0092,0.000,59330.7
819.756,865.002,25.9858,0.000,59336.6
820.256,865.201,25.9876,0.000,59336.1
820.256,865.403,26.0122,0.000,59330.0
820.756,865.603,26.0081,0.000,59331.0
820.756,865.802,26.0054,0.000,59331.7
820.756,866.003,25.9883,0.000,59335.9
821.256,866.203,26.0101,0.000,59330.5
821.256,866.402,25.9988,0.000,59333.3
821.756,866.603,26.0024,0.000,59332.4
821.756,866.803,25.9861,0.000,59336.5
821.756,867.005,25.9883,0.000,59335.9
822.256,867.203,25.9979,0.000,59333.5
822.256,867.403,25.9549,0.000,59344.2
822.756,867.605,25.9858,0.000,59336.5
822.756,867.805,25.9941,0.000,59334.5
822.756,868.005,25.9992,0.000,59333.2
823.256,868.205,25.9531,0.000,59344.6
823.256,868.405,26.0020,0.000,59332.5
823.756,868.605,26.0049,0.000,59331.8
823.756,868.805,25.9629,0.000,59342.2
823.756,869.006,25.9937,0.000,59334.6
824.256,869.207,25.9951,0.000,59334.2
824.256,869.405,25.9656,0.000,59341.5
824.756,869.606,26.0005,0.000,59332.9
824.756,869.807,25.9954,0.000,59334.2
824.756,870.006,25.9878,0.000,59336.0
825.256,870.207,25.9992,0.000,59333.2
825.256,870.407,25.9516,0.000,59345.0
825.756,870.608,25.9941,0.000,59334.5
825.756,870.807,25.9901,0.000,59335.5
825.756,871.007,25.9822,0.000,59337.4
826.256,871.209,25.9785,0.000,59338.4
826.256,871.407,25.9956,0.000,59334.1
826.756,871.608,25.9617,0.000,59342.5
826.756,871.809,25.9422,0.000,59347.3
826.756,872.009,25.9845,0.000,59336.8
827.255,872.209,25.9855,0.000,59336.6
827.256,872.408,25.9800,0.000,59338.0
827.756,872.610,25.9556,0.000,59344.0
827.756,872.809,25.9370,0.000,59348.6
827.756,873.009,25.9741,0.000,59339.4
828.256,873.211,25.9547,0.000,59344.2
828.256,873.410,25.9420,0.000,59347.4
828.756,873.610,25.9710,0.000,59340.2
828.756,873.810,25.9424,0.000,59347.3
828.756,874.011,25.9329,0.000,59349.6
829.256,874.211,25.9716,0.000,59340.1
829.256,874.410,25.9608,0.000,59342.7
829.756,874.610,25.9868,0.000,59336.3
829.756,874.812,25.9554,0.000,59344.1
829.756,875.011,25.9677,0.000,59341.0
830.255,875.212,25.9707,0.000,59340.3
830.256,875.411,25.9442,0.000,59346.9
830.755,875.612,25.9482,0.000,59345.8
830.755,875.812,25.9699,0.000,59340.5
830.755,876.012,25.9777,0.000,59338.5
831.256,876.214,25.9287,0.000,59350.7
831.256,876.412,25.9727,0.000,59339.8
831.755,876.612,25.9590,0.000,59343.2
831.755,876.814,25.9341,0.000,59349.4
831.755,877.014,25.9677,0.000,59341.0
832.256,877.214,25.9344,0.000,59349.3
832.256,877.414,25.9705,0.000,59340.3
832.756,877.614,25.9731,0.000,59339.6
832.756,877.815,25.9733,0.000,59339.6
832.756,878.014,25.9718,0.000,59340.0
833.256,878.214,25.9412,0.000,59347.6
833.256,878.416,25.9520,0.000,59344.9
833.756,878.614,25.9269,0.000,59351.1
833.756,878.815,25.9593,0.000,59343.1
833.756,879.016,25.9567,0.000,59343.7
834.256,879.215,25.9609,0.000,59342.7
834.256,879.416,25.9534,0.000,59344.6
834.755,879.615,25.9683,0.000,59340.9
834.755,879.817,25.9543,0.000,59344.3
834.755,880.017,25.9715,0.000,59340.1
835.255,880.216,25.9738,0.000,59339.5
835.255,880.417,25.9473,0.000,59346.1
835.756,880.617,25.9146,0.000,59354.2
835.756,880.817,25.9360,0.000,59348.9
835.756,881.017,25.9427,0.000,59347.2
836.256,881.218,25.9111,0.000,59355.0
836.256,881.419,25.9443,0.000,59346.8
836.756,881.617,25.9450,0.000,59346.6
836.756,881.818,25.9062,0.000,59356.2
836.756,882.019,25.9116,0.000,59354.9
837.256,882.218,25.9422,0.000,59347.3
837.256,882.419,25.9404,0.000,59347.8
837.756,882.618,25.9539,0.000,59344.5
837.756,882.820,25.9404,0.000,59347.8
837.756,883.019,25.9004,0.000,59357.7
838.256,883.219,25.9453,0.000,59346.6
838.256,883.421,25.9241,0.000,59351.8
838.756,883.619,25.9500,0.000,59345.4
838.756,883.819,25.9041,0.000,59356.8
838.756,884.021,25.9518,0.000,59344.9
839.256,884.220,25.9591,0.000,59343.1
839.256,884.421,25.9328,0.000,59349.7
839.756,884.621,25.9487,0.000,59345.7
839.756,884.821,25.9477,0.000,59346.0
839.756,885.021,25.9482,0.000,59345.8
840.256,885.221,25.9395,0.000,59348.0
840.256,885.422,25.9043,0.000,59356.7
840.756,885.622,25.9352,0.000,59349.1
840.756,885.821,25.9517,0.000,59345.0
840.756,886.023,25.9245,0.000,59351.7
841.256,886.223,25.9428,0.000,59347.2
841.256,886.422,25.9067,0.000,59356.1
841.756,886.623,25.9352,0.000,59349.1
841.756,886.823,25.9219,0.000,59352.3
841.756,887.023,25.9282,0.000,59350.8
842.256,887.223,25.9276,0.000,59351.0
842.256,887.424,25.9396,0.000,59348.0
842.756,887.625,25.9417,0.000,59347.4
842.756,887.823,25.9347,0.000,59349.2
842.756,888.024,25.9129,0.000,59354.6
843.256,888.225,25.9448,0.000,59346.7
843.256,888.424,25.9414,0.000,59347.5
843.756,888.625,25.9365,0.000,59348.7
843.756,888.825,25.9344,0.000,59349.3
843.756,889.025,25.9344,0.000,59349.3
844.256,889.225,25.9236,0.000,59351.9
844.256,889.425,25.9248,0.000,59351.6
844.756,889.627,25.8903,0.000,59360.1
844.756,889.825,25.9215,0.000,59352.4
844.756,890.026,25.8729,0.000,59364.5
845.256,890.227,25.8983,0.000,59358.2
845.256,890.427,25.9253,0.000,59351.6
845.755,890.627,25.9349,0.000,59349.2
845.755,890.826,25.9331,0.000,59349.6
845.755,891.028,25.8883,0.000,59360.6
846.256,891.228,25.9165,0.000,59353.7
846.256,891.427,25.9035,0.000,59356.9
846.756,891.628,25.9175,0.000,59353.4
846.756,891.828,25.9272,0.000,59351.0
846.756,892.027,25.9222,0.000,59352.3
847.256,892.228,25.8974,0.000,59358.4
847.256,892.429,25.8948,0.000,59359.0
847.755,892.629,25.8994,0.000,59357.9
847.755,892.828,25.8978,0.000,59358.3
847.755,893.028,25.9245,0.000,59351.7
848.256,893.230,25.9352,0.000,59349.1
848.256,893.429,25.8734,0.000,59364.3
848.756,893.630,25.9023,0.000,59357.2
848.756,893.830,25.8745,0.000,59364.1
848.756,894.029,25.9033,0.000,59357.0
849.256,894.230,25.9191,0.000,59353.1
849.256,894.430,25.9285,0.000,59350.7
849.756,894.631,25.8865,0.000,59361.1
849.756,894.831,25.8833,0.000,59361.9
849.756,895.030,25.9134,0.000,59354.5
850.255,895.232,25.9243,0.000,59351.8
850.255,895.431,25.9158,0.000,59353.9
850.756,895.631,25.9072,0.000,59356.0
850.756,895.832,25.9220,0.000,59352.3
850.756,896.032,25.8847,0.000,59361.6
851.256,896.232,25.9052,0.000,59356.5
851.256,896.432,25.8872,0.000,59360.9
851.756,896.633,25.8856,0.000,59361.4
851.756,896.833,25.9108,0.000,59355.1
851.756,897.032,25.8878,0.000,59360.8
852.256,897.234,25.9010,0.000,59357.5
852.256,897.434,25.9258,0.000,59351.4
852.756,897.633,25.9170,0.000,59353.5
852.756,897.834,25.9092,0.000,59355.5
852.756,898.033,25.9098,0.000,59355.4
853.256,898.235,25.8960,0.000,59358.8
853.256,898.435,25.8838,0.000,59361.8
853.756,898.634,25.8729,0.000,59364.5
853.756,898.835,25.9030,0.000,59357.0
853.756,899.034,25.8680,0.000,59365.7
854.256,899.236,25.8655,0.000,59366.3
854.256,899.436,25.9134,0.000,59354.4
854.755,899.636,25.8916,0.000,59359.8
854.755,899.836,25.8830,0.000,59362.0
854.755,900.035,25.8971,0.000,59358.5
855.256,900.237,25.9126,0.000,59354.6
855.256,900.436,25.9170,0.000,59353.6
855.756,900.636,25.8859,0.000,59361.2
855.756,900.838,25.9018,0.000,59357.3
855.756,901.037,25.9018,0.000,59357.3
856.256,901.236,25.8779,0.000,59363.2
856.256,901.437,25.8693,0.000,59365.4
856.756,901.638,25.9005,0.000,59357.6
856.757,901.838,25.8735,0.000,59364.3
856.757,902.037,25.8999,0.000,59357.8
857.256,902.237,25.8904,0.000,59360.1
857.256,902.439,25.8913,0.000,59359.9
857.756,902.638,25.8950,0.000,59359.0
857.756,902.839,25.8867,0.000,59361.0
857.756,903.039,25.9185,0.000,59353.2
858.256,903.238,25.8950,0.000,59359.0
858.256,903.439,25.8450,0.000,59371.4
858.756,903.639,25.9106,0.000,59355.2
858.756,903.840,25.9053,0.000,59356.4
858.756,904.040,25.8657,0.000,59366.2
859.256,904.239,25.9023,0.000,59357.2
859.256,904.441,25.9023,0.000,59357.2
859.756,904.641,25.8818,0.000,59362.2
859.756,904.840,25.8773,0.000,59363.4
859.756,905.041,25.8652,0.000,59366.4
860.256,905.240,25.9052,0.000,59356.5
860.256,905.442,25.8483,0.000,59370.5
860.756,905.642,25.8750,0.000,59363.9
860.756,905.841,25.8987,0.000,59358.1
861.256,906.042,25.8579,0.000,59368.1
861.256,906.241,25.8773,0.000,59363.4
861.256,906.443,25.8937,0.000,59359.3
861.756,906.642,25.8613,0.000,59367.3
861.756,906.842,25.8969,0.000,59358.5
862.256,907.043,25.8848,0.000,59361.5
862.256,907.243,25.8413,0.000,59372.2
862.256,907.443,25.8610,0.000,59367.4
862.756,907.643,25.8600,0.000,59367.6
862.756,907.844,25.8859,0.000,59361.2
863.256,908.044,25.8605,0.000,59367.5
863.256,908.243,25.8429,0.000,59371.8
863.256,908.443,25.8842,0.000,59361.7
863.756,908.645,25.8494,0.000,59370.3
863.756,908.844,25.8699,0.000,59365.2
864.256,909.045,25.8870,0.000,59361.0
864.256,909.245,25.8704,0.000,59365.1
864.256,909.444,25.8766,0.000,59363.5
864.756,909.645,25.8686,0.000,59365.5
864.756,909.846,25.8841,0.000,59361.7
865.255,910.047,25.8784,0.000,59363.1
865.255,910.245,25.8516,0.000,59369.7
865.255,910.445,25.8691,0.000,59365.4
865.756,910.647,25.8735,0.000,59364.3
865.756,910.847,25.8877,0.000,59360.8
866.256,911.047,25.8803,0.000,59362.6
866.256,911.247,25.8477,0.000,59370.7
866.256,911.447,25.8420,0.000,59372.1
866.756,911.647,25.8476,0.000,59370.7
866.756,911.847,25.8860,0.000,59361.2
867.256,912.048,25.8730,0.000,59364.4
867.256,912.249,25.8672,0.000,59365.9
867.256,912.447,25.8533,0.000,59369.3
867.756,912.648,25.8809,0.000,59362.5
867.756,912.849,25.8759,0.000,59363.7
868.256,913.048,25.8261,0.000,59376.0
868.256,913.249,25.8577,0.000,59368.2
868.256,913.448,25.8916,0.000,59359.8
868.756,913.650,25.8703,0.000,59365.1
868.756,913.849,25.8779,0.000,59363.2
869.256,914.049,25.8317,0.000,59374.6
869.256,914.251,25.8691,0.000,59365.4
869.256,914.450,25.8968,0.000,59358.6
869.756,914.650,25.8872,0.000,59360.9
869.756,914.850,25.8763,0.000,59363.6
870.255,915.051,25.8366,0.000,59373.4
870.255,915.251,25.8468,0.000,59370.9
870.255,915.450,25.8369,0.000,59373.4
870.756,915.652,25.8786,0.000,59363.1
870.756,915.852,25.8809,0.000,59362.5
871.256,916.051,25.8408,0.000,59372.4
871.256,916.252,25.8408,0.000,59372.4
871.256,916.452,25.8947,0.000,59359.1
871.756,916.652,25.8839,0.000,59361.7
871.756,916.852,25.8960,0.000,59358.8
872.256,917.053,25.8843,0.000,59361.6
872.256,917.254,25.8904,0.000,59360.1
872.256,917.452,25.8432,0.000,59371.8
872.756,917.652,25.8882,0.000,59360.7
872.756,917.854,25.8787,0.000,59363.0
873.256,918.053,25.8799,0.000,59362.7
873.256,918.254,25.8395,0.000,59372.7
873.256,918.453,25.8401,0.000,59372.6
873.756,918.654,25.8797,0.000,59362.8
873.756,918.854,25.8608,0.000,59367.4
874.256,919.054,25.8481,0.000,59370.6
874.256,919.255,25.8372,0.000,59373.3
874.256,919.455,25.8974,0.000,59358.4
874.756,919.654,25.8501,0.000,59370.1
874.756,919.856,25.8520,0.000,59369.6
875.256,920.056,25.8550,0.000,59368.9
875.256,920.255,25.8401,0.000,59372.6
875.256,920.456,25.8621,0.000,59367.1
875.756,920.656,25.8799,0.000,59362.7
875.756,920.857,25.8872,0.000,59360.9
876.256,921.057,25.8947,0.000,59359.1
876.256,921.256,25.8882,0.000,59360.7
876.256,921.457,25.8877,0.000,59360.8
876.757,921.657,25.8389,0.000,59372.8
876.757,921.857,25.8512,0.000,59369.8
877.257,922.057,25.8916,0.000,59359.9
877.257,922.258,25.8564,0.000,59368.5
877.257,922.459,25.8877,0.000,59360.8
877.757,922.657,25.8354,0.000,59373.7
877.757,922.858,25.8719,0.000,59364.7
878.256,923.059,25.8472,0.000,59370.8
878.257,923.258,25.8750,0.000,59364.0
878.257,923.459,25.8556,0.000,59368.7
878.757,923.659,25.8579,0.000,59368.2
878.757,923.859,25.8631,0.000,59366.9
879.257,924.059,25.8900,0.000,59360.2
879.257,924.260,25.8631,0.000,59366.9
879.257,924.461,25.8605,0.000,59367.5
879.756,924.659,25.8566,0.000,59368.5
879.756,924.860,25.8662,0.000,59366.1
880.257,925.061,25.8203,0.000,59377.4
880.257,925.260,25.8338,0.000,59374.1
880.257,925.461,25.8393,0.000,59372.8
880.756,925.660,25.8364,0.000,59373.4
880.756,925.862,25.8616,0.000,59367.2
881.257,926.061,25.8472,0.000,59370.8
881.257,926.261,25.8593,0.000,59367.8
881.257,926.463,25.8623,0.000,59367.1
881.757,926.661,25.8597,0.000,59367.7
881.757,926.861,25.8613,0.000,59367.3
882.256,927.063,25.8291,0.000,59375.3
882.257,927.263,25.8397,0.000,59372.7
882.257,927.463,25.8686,0.000,59365.5
882.757,927.662,25.8568,0.000,59368.5
882.757,927.863,25.8740,0.000,59364.2
883.257,928.064,25.8809,0.000,59362.5
883.257,928.263,25.8332,0.000,59374.3
883.257,928.464,25.8712,0.000,59364.9
883.757,928.664,25.8604,0.000,59367.6
883.757,928.864,25.8127,0.000,59379.4
884.257,929.064,25.8110,0.000,59379.7
884.257,929.264,25.8491,0.000,59370.3
884.257,929.465,25.8151,0.000,59378.7
884.757,929.665,25.8779,0.000,59363.2
884.757,929.864,25.8047,0.000,59381.3
885.257,930.066,25.8660,0.000,59366.1
885.257,930.266,25.8366,0.000,59373.4
885.257,930.465,25.8315,0.000,59374.6
885.757,930.666,25.8712,0.000,59364.9
885.757,930.866,25.8918,0.000,59359.8
886.257,931.067,25.8605,0.000,59367.5
886.257,931.266,25.8323,0.000,59374.5
886.257,931.466,25.8332,0.000,59374.3
886.757,931.668,25.8044,0.000,59381.4
886.757,931.866,25.8063,0.000,59380.9
887.257,932.067,25.8050,0.000,59381.2
887.257,932.267,25.8120,0.000,59379.5
887.257,932.468,25.8647,0.000,59366.5
887.757,932.668,25.8514,0.000,59369.8
887.757,932.867,25.8152,0.000,59378.7
888.255,933.069,25.8481,0.000,59370.6
888.255,933.269,25.8620,0.000,59367.1
888.256,933.468,25.8481,0.000,59370.6
888.756,933.669,25.8449,0.000,59371.4
888.756,933.868,25.8520,0.000,59369.6
889.257,934.070,25.8449,0.000,59371.4
889.257,934.269,25.8247,0.000,59376.4
889.257,934.469,25.8265,0.000,59375.9
889.757,934.671,25.8110,0.000,59379.7
889.757,934.869,25.8590,0.000,59367.9
890.257,935.069,25.8019,0.000,59382.0
890.257,935.270,25.8532,0.000,59369.3
890.257,935.471,25.8473,0.000,59370.8
890.757,935.671,25.8646,0.000,59366.5
890.757,935.870,25.8463,0.000,59371.0
891.257,936.071,25.8643,0.000,59366.6
891.257,936.272,25.8179,0.000,59378.0
891.257,936.471,25.8532,0.000,59369.4
891.757,936.672,25.8083,0.000,59380.4
891.757,936.872,25.8511,0.000,59369.8
892.257,937.071,25.8525,0.000,59369.5
892.257,937.272,25.8362,0.000,59373.5
892.257,937.473,25.8128,0.000,59379.3
892.756,937.672,25.8520,0.000,59369.6
892.756,937.873,25.8206,0.000,59377.4
893.255,938.072,25.8415,0.000,59372.2
893.256,938.274,25.8279,0.000,59375.6
893.256,938.473,25.8076,0.000,59380.6
893.757,938.673,25.7926,0.000,59384.2
893.757,938.874,25.7982,0.000,59382.9
894.257,939.074,25.8486,0.000,59370.5
894.257,939.275,25.8109,0.000,59379.8
894.257,939.475,25.8320,0.000,59374.6
894.757,939.674,25.8247,0.000,59376.4
894.757,939.875,25.7900,0.000,59384.9
895.257,940.075,25.8120,0.000,59379.5
895.257,940.276,25.8123,0.000,59379.4
895.257,940.475,25.8445,0.000,59371.5
895.757,940.675,25.8213,0.000,59377.2
895.757,940.877,25.8213,0.000,59377.2
896.257,941.075,25.8486,0.000,59370.4
896.257,941.276,25.8341,0.000,59374.0
896.257,941.476,25.8016,0.000,59382.1
896.757,941.677,25.8247,0.000,59376.4
896.757,941.877,25.8042,0.000,59381.4
897.257,942.076,25.8091,0.000,59380.2
897.257,942.278,25.8017,0.000,59382.0
897.257,942.478,25.8026,0.000,59381.8
897.757,942.677,25.8263,0.000,59375.9
897.757,942.878,25.7763,0.000,59388.3
898.257,943.077,25.8166,0.000,59378.4
898.257,943.279,25.8257,0.000,59376.1
898.257,943.478,25.8325,0.000,59374.4
898.757,943.678,25.7775,0.000,59388.0
898.757,943.880,25.8311,0.000,59374.8
899.257,944.078,25.8649,0.000,59366.4
899.257,944.278,25.7684,0.000,59390.2
899.257,944.480,25.7819,0.000,59386.9
899.757,944.680,25.7885,0.000,59385.3
899.757,944.880,25.8208,0.000,59377.3
900.255,945.080,25.8208,0.000,59377.3
900.255,945.280,25.8388,0.000,59372.9
900.255,945.481,25.8011,0.000,59382.2
900.755,945.680,25.7842,0.000,59386.3
900.756,945.880,25.7767,0.000,59388.2
901.257,946.082,25.7964,0.000,59383.3
901.257,946.281,25.7856,0.000,59386.0
901.257,946.481,25.8270,0.000,59375.8
901.757,946.681,25.8279,0.000,59375.6
901.757,946.882,25.8276,0.000,59375.6
902.257,947.082,25.8195,0.000,59377.6
902.257,947.281,25.8257,0.000,59376.1
902.257,947.483,25.7737,0.000,59388.9
902.757,947.683,25.7676,0.000,59390.4
902.757,947.882,25.7876,0.000,59385.5
903.255,948.083,25.7752,0.000,59388.6
903.255,948.283,25.8027,0.000,59381.8
903.255,948.484,25.7995,0.000,59382.6
903.757,948.683,25.7853,0.000,59386.1
903.757,948.883,25.7972,0.000,59383.1
904.257,949.084,25.7949,0.000,59383.7
904.257,949.284,25.7599,0.000,59392.3
904.257,949.485,25.7871,0.000,59385.6
904.757,949.684,25.8149,0.000,59378.8
904.757,949.884,25.8097,0.000,59380.1
905.257,950.086,25.7603,0.000,59392.2
905.257,950.284,25.7832,0.000,59386.6
905.257,950.485,25.8086,0.000,59380.3
905.757,950.686,25.7632,0.000,59391.5
905.757,950.885,25.7798,0.000,59387.5
906.257,951.086,25.8216,0.000,59377.1
906.257,951.286,25.8101,0.000,59379.9
906.257,951.486,25.7527,0.000,59394.1
906.757,951.686,25.8100,0.000,59380.0
906.757,951.886,25.8099,0.000,59380.0
907.257,952.088,25.7710,0.000,59389.6
907.257,952.286,25.7988,0.000,59382.7
907.257,952.486,25.7746,0.000,59388.7
907.757,952.688,25.7934,0.000,59384.1
907.757,952.888,25.7952,0.000,59383.6
908.256,953.088,25.8091,0.000,59380.2
908.257,953.287,25.8107,0.000,59379.8
908.257,953.488,25.7967,0.000,59383.3
908.757,953.689,25.8079,0.000,59380.5
908.757,953.888,25.7628,0.000,59391.6
909.256,954.089,25.7855,0.000,59386.0
909.256,954.289,25.7664,0.000,59390.7
909.256,954.489,25.8011,0.000,59382.2
909.757,954.689,25.7840,0.000,59386.4
909.757,954.889,25.8000,0.000,59382.4
910.257,955.090,25.7573,0.000,59393.0
910.257,955.290,25.7965,0.000,59383.3
910.257,955.489,25.7715,0.000,59389.4
910.757,955.690,25.7754,0.000,59388.5
910.757,955.891,25.7845,0.000,59386.3
911.257,956.090,25.8019,0.000,59382.0
911.257,956.291,25.8079,0.000,59380.5
911.257,956.491,25.7645,0.000,59391.2
911.756,956.692,25.7427,0.000,59396.5
911.756,956.891,25.7495,0.000,59394.9
912.257,957.091,25.7887,0.000,59385.2
912.257,957.292,25.7796,0.000,59387.5
912.257,957.492,25.8050,0.000,59381.2
912.757,957.692,25.7705,0.000,59389.7
912.757,957.892,25.7881,0.000,59385.4
913.257,958.093,25.7603,0.000,59392.2
913.257,958.293,25.7461,0.000,59395.7
913.257,958.492,25.8018,0.000,59382.0
913.757,958.693,25.7451,0.000,59396.0
913.757,958.894,25.7979,0.000,59383.0
914.257,959.093,25.7547,0.000,59393.6
914.257,959.294,25.8001,0.000,59382.4
914.257,959.494,25.7876,0.000,59385.5
914.757,959.694,25.7783,0.000,59387.8
914.757,959.894,25.7998,0.000,59382.5
915.257,960.094,25.7762,0.000,59388.3
915.257,960.295,25.7783,0.000,59387.8
915.257,960.495,25.7776,0.000,59387.9
915.757,960.695,25.7371,0.000,59397.9
915.757,960.895,25.7853,0.000,59386.1
916.257,961.095,25.7700,0.000,59389.8
916.257,961.296,25.7851,0.000,59386.1
916.257,961.496,25.7656,0.000,59390.9
916.757,961.695,25.7920,0.000,59384.4
916.757,961.896,25.7736,0.000,59388.9
917.256,962.097,25.7352,0.000,59398.4
917.257,962.297,25.7835,0.000,59386.5
917.257,962.497,25.7746,0.000,59388.7
917.756,962.696,25.7599,0.000,59392.3
917.756,962.898,25.7529,0.000,59394.0
918.257,963.097,25.7534,0.000,59393.9
918.257,963.297,25.7598,0.000,59392.4
918.257,963.499,25.7827,0.000,59386.7
918.756,963.697,25.7885,0.000,59385.2
918.757,963.898,25.7939,0.000,59383.9
919.257,964.099,25.7336,0.000,59398.8
919.257,964.299,25.7840,0.000,59386.4
919.257,964.499,25.7822,0.000,59386.8
919.757,964.698,25.7798,0.000,59387.5
919.757,964.900,25.7730,0.000,59389.1
920.257,965.099,25.7776,0.000,59387.9
920.257,965.299,25.7178,0.000,59402.7
920.257,965.501,25.7397,0.000,59397.3
920.757,965.700,25.7585,0.000,59392.7
920.757,965.900,25.7274,0.000,59400.4
921.257,966.100,25.7462,0.000,59395.7
921.257,966.301,25.7775,0.000,59388.0
921.257,966.501,25.7309,0.000,59399.5
921.757,966.700,25.7563,0.000,59393.2
921.757,966.902,25.7614,0.000,59392.0
922.257,967.101,25.7204,0.000,59402.0
922.257,967.301,25.7754,0.000,59388.5
922.257,967.502,25.7780,0.000,59387.9
922.757,967.702,25.7624,0.000,59391.7
922.757,967.903,25.7431,0.000,59396.5
923.257,968.102,25.7739,0.000,59388.9
923.257,968.302,25.7207,0.000,59402.0
923.257,968.503,25.7278,0.000,59400.2
923.755,968.703,25.7698,0.000,59389.9
923.756,968.902,25.7568,0.000,59393.1
924.257,969.103,25.7617,0.000,59391.8
924.257,969.304,25.7506,0.000,59394.6
924.257,969.505,25.7630,0.000,59391.5
924.757,969.703,25.7798,0.000,59387.4
924.757,969.903,25.7415,0.000,59396.8
925.257,970.105,25.7239,0.000,59401.1
925.257,970.304,25.7368,0.000,59398.0
925.257,970.505,25.7700,0.000,59389.8
925.756,970.705,25.7736,0.000,59388.9
925.756,970.905,25.7349,0.000,59398.5
926.257,971.105,25.7431,0.000,59396.5
926.257,971.305,25.7811,0.000,59387.1
926.257,971.505,25.7581,0.000,59392.7
926.757,971.707,25.7222,0.000,59401.6
926.757,971.905,25.7352,0.000,59398.4
927.257,972.106,25.7422,0.000,59396.7
927.257,972.307,25.7725,0.000,59389.2
927.257,972.506,25.7591,0.000,59392.5
927.757,972.707,25.7636,0.000,59391.4
927.757,972.906,25.7524,0.000,59394.2
928.257,973.108,25.7194,0.000,59402.3
928.257,973.307,25.7559,0.000,59393.3
928.257,973.507,25.7124,0.000,59404.0
928.757,973.709,25.7641,0.000,59391.3
928.757,973.908,25.7270,0.000,59400.4
929.257,974.108,25.7461,0.000,59395.7
929.257,974.308,25.7350,0.000,59398.4
929.257,974.509,25.7222,0.000,59401.6
929.756,974.709,25.7376,0.000,59397.8
929.756,974.908,25.7593,0.000,59392.4
930.257,975.110,25.7264,0.000,59400.6
930.257,975.310,25.7173,0.000,59402.8
930.257,975.509,25.7034,0.000,59406.2
930.757,975.710,25.7225,0.000,59401.5
930.757,975.910,25.7417,0.000,59396.8
931.257,976.111,25.7256,0.000,59400.8
931.257,976.310,25.7026,0.000,59406.4
931.257,976.510,25.7282,0.000,59400.1
931.757,976.712,25.7386,0.000,59397.6
931.757,976.910,25.7383,0.000,59397.6
932.257,977.110,25.7446,0.000,59396.1
932.257,977.312,25.7327,0.000,59399.0
932.257,977.512,25.7282,0.000,59400.1
932.757,977.712,25.7124,0.000,59404.0
932.757,977.911,25.7290,0.000,59399.9
933.256,978.112,25.7257,0.000,59400.7
933.256,978.312,25.7296,0.000,59399.8
933.256,978.512,25.7415,0.000,59396.8
933.757,978.713,25.6859,0.000,59410.5
933.757,978.913,25.7288,0.000,59399.9
934.257,979.113,25.6945,0.000,59408.4
934.257,979.313,25.6862,0.000,59410.5
934.258,979.513,25.7510,0.000,59394.5
934.757,979.714,25.7451,0.000,59396.0
934.757,979.914,25.6841,0.000,59411.0
935.257,980.113,25.7062,0.000,59405.5
935.257,980.315,25.6961,0.000,59408.0
935.257,980.515,25.7261,0.000,59400.7
935.756,980.714,25.6974,0.000,59407.6
935.756,980.915,25.7277,0.000,59400.2
936.257,981.115,25.6920,0.000,59409.0
936.257,981.315,25.7226,0.000,59401.5
936.257,981.515,25.7290,0.000,59399.9
936.756,981.716,25.6969,0.000,59407.8
936.756,981.917,25.7187,0.000,59402.5
937.257,982.115,25.7173,0.000,59402.8
937.257,982.316,25.7221,0.000,59401.6
937.257,982.517,25.6894,0.000,59409.6
937.757,982.716,25.7121,0.000,59404.1
937.757,982.917,25.7412,0.000,59396.9
938.257,983.117,25.7301,0.000,59399.6
938.257,983.317,25.7251,0.000,59400.8
938.258,983.516,25.7366,0.000,59398.1
938.757,983.716,25.7044,0.000,59406.0
938.757,983.918,25.6945,0.000,59408.4
939.257,984.117,25.6797,0.000,59412.1
939.257,984.316,25.7264,0.000,59400.6
939.257,984.515,25.7379,0.000,59397.7
939.757,984.717,25.6945,0.000,59408.4
939.757,984.916,25.7204,0.000,59402.0
940.257,985.115,25.7072,0.000,59405.3
940.257,985.316,25.7007,0.000,59406.9
940.258,985.516,25.7373,0.000,59397.9
940.757,985.715,25.6813,0.000,59411.6
940.757,985.916,25.6852,0.000,59410.7
941.257,986.116,25.7357,0.000,59398.3
941.257,986.314,25.7161,0.000,59403.1
941.257,986.514,25.6919,0.000,59409.1
941.757,986.715,25.7277,0.000,59400.2
941.757,986.915,25.7295,0.000,59399.8
942.257,987.114,25.7221,0.000,59401.6
942.257,987.315,25.7165,0.000,59403.0
942.257,987.515,25.6753,0.000,59413.1
942.757,987.714,25.6880,0.000,59410.0
942.757,987.914,25.7188,0.000,59402.4
943.255,988.114,25.7324,0.000,59399.1
943.255,988.314,25.6743,0.000,59413.4
943.255,988.513,25.7174,0.000,59402.8
943.757,988.714,25.7134,0.000,59403.8
943.757,988.914,25.7277,0.000,59400.2
944.257,989.114,25.7166,0.000,59403.0
944.257,989.312,25.7140,0.000,59403.6
944.257,989.512,25.7261,0.000,59400.6
944.757,989.714,25.6780,0.000,59412.4
944.757,989.912,25.6937,0.000,59408.6
945.257,990.112,25.7207,0.000,59402.0
945.257,990.313,25.6916,0.000,59409.1
945.257,990.513,25.7238,0.000,59401.2
945.757,990.713,25.6888,0.000,59409.8
945.757,990.911,25.7217,0.000,59401.7
946.257,991.112,25.7114,0.000,59404.2
946.257,991.311,25.7212,0.000,59401.8
946.257,991.511,25.6782,0.000,59412.4
946.757,991.713,25.7049,0.000,59405.8
946.757,991.911,25.6683,0.000,59414.8
947.257,992.111,25.7121,0.000,59404.1
947.257,992.310,25.6795,0.000,59412.1
947.257,992.512,25.7044,0.000,59406.0
947.757,992.711,25.7015,0.000,59406.7
947.757,992.910,25.7039,0.000,59406.1
948.257,993.111,25.6955,0.000,59408.1
948.257,993.311,25.6616,0.000,59416.5
948.257,993.510,25.7138,0.000,59403.7
948.757,993.711,25.6764,0.000,59412.8
948.757,993.911,25.7082,0.000,59405.1
949.257,994.109,25.6934,0.000,59408.6
949.257,994.309,25.7177,0.000,59402.7
949.257,994.510,25.7031,0.000,59406.3
949.756,994.711,25.7029,0.000,59406.3
949.756,994.909,25.6934,0.000,59408.7
950.255,995.109,25.7039,0.000,59406.1
950.256,995.309,25.7080,0.000,59405.1
950.256,995.508,25.6790,0.000,59412.2
950.757,995.709,25.7088,0.000,59404.9
950.757,995.909,25.7111,0.000,59404.3
951.257,996.108,25.7194,0.000,59402.3
951.257,996.308,25.6894,0.000,59409.7
951.257,996.508,25.6924,0.000,59408.9
951.757,996.709,25.6974,0.000,59407.7
951.757,996.908,25.6964,0.000,59407.9
952.257,997.106,25.6692,0.000,59414.6
952.257,997.309,25.7129,0.000,59403.9
952.258,997.507,25.6792,0.000,59412.2
952.757,997.708,25.6958,0.000,59408.1
952.757,997.907,25.6992,0.000,59407.3
953.257,998.108,25.7144,0.000,59403.5
953.257,998.306,25.6849,0.000,59410.8
953.258,998.506,25.7016,0.000,59406.7
953.757,998.708,25.6580,0.000,59417.4
953.757,998.907,25.6531,0.000,59418.6
954.257,999.106,25.7015,0.000,59406.7
954.257,999.306,25.6591,0.000,59417.1
954.257,999.506,25.6968,0.000,59407.8
954.757,999.707,25.7033,0.000,59406.2
954.757,999.906,25.6999,0.000,59407.1
955.257,1000.104,25.6646,0.000,59415.7
955.257,1000.307,25.6789,0.000,59412.2
955.257,1000.505,25.6938,0.000,59408.5
955.757,1000.706,25.6961,0.000,59408.0
955.757,1000.905,25.6948,0.000,59408.4
956.256,1001.106,25.6655,0.000,59415.5
956.256,1001.305,25.6787,0.000,59412.3
956.256,1001.505,25.7050,0.000,59405.8
956.757,1001.705,25.6977,0.000,59407.6
956.757,1001.905,25.7008,0.000,59406.8
957.257,1002.104,25.6702,0.000,59414.4
957.257,1002.304,25.6958,0.000,59408.1
957.257,1002.505,25.6982,0.000,59407.5
957.757,1002.705,25.6870,0.000,59410.2
957.757,1002.905,25.6807,0.000,59411.8
958.257,1003.103,25.6533,0.000,59418.5
958.257,1003.303,25.6704,0.000,59414.3
958.257,1003.504,25.6868,0.000,59410.3
958.757,1003.704,25.6558,0.000,59417.9
958.757,1003.904,25.6519,0.000,59418.8
959.257,1004.103,25.6877,0.000,59410.1
959.257,1004.303,25.6717,0.000,59414.0
959.257,1004.504,25.6816,0.000,59411.6
959.757,1004.703,25.6512,0.000,59419.0
959.757,1004.902,25.6764,0.000,59412.8
960.257,1005.102,25.6854,0.000,59410.6
960.257,1005.302,25.6933,0.000,59408.7
960.257,1005.504,25.6411,0.000,59421.5
960.757,1005.702,25.6850,0.000,59410.7
960.757,1005.902,25.6570,0.000,59417.6
961.257,1006.101,25.6867,0.000,59410.3
961.257,1006.301,25.6479,0.000,59419.8
961.257,1006.503,25.6815,0.000,59411.6
961.757,1006.702,25.6764,0.000,59412.8
961.757,1006.901,25.6831,0.000,59411.2
962.257,1007.101,25.6924,0.000,59408.9
962.257,1007.301,25.6549,0.000,59418.1
962.257,1007.502,25.6546,0.000,59418.2
962.757,1007.702,25.6413,0.000,59421.5
962.757,1007.900,25.6372,0.000,59422.5
963.256,1008.100,25.7161,0.000,59403.1
963.256,1008.300,25.6836,0.000,59411.1
963.256,1008.502,25.6812,0.000,59411.7
963.757,1008.700,25.6657,0.000,59415.5
963.757,1008.900,25.6279,0.000,59424.8
964.257,1009.100,25.6284,0.000,59424.6
964.257,1009.300,25.6758,0.000,59413.0
964.257,1009.500,25.6772,0.000,59412.7
964.757,1009.699,25.6418,0.000,59421.4
964.757,1009.900,25.6801,0.000,59411.9
965.257,1010.099,25.6613,0.000,59416.6
965.257,1010.299,25.6509,0.000,59419.1
965.257,1010.500,25.6538,0.000,59418.4
965.757,1010.700,25.6474,0.000,59420.0
965.757,1010.897,25.6849,0.000,59410.8
966.255,1011.098,25.6614,0.000,59416.5
966.256,1011.298,25.6626,0.000,59416.2
966.256,1011.500,25.6863,0.000,59410.4
966.757,1011.699,25.6772,0.000,59412.6
966.757,1011.897,25.6665,0.000,59415.3
967.257,1012.097,25.6725,0.000,59413.8
967.257,1012.297,25.6740,0.000,59413.4
967.257,1012.499,25.6785,0.000,59412.4
967.757,1012.698,25.6691,0.000,59414.6
967.757,1012.897,25.6772,0.000,59412.6
968.257,1013.097,25.6606,0.000,59416.7
968.257,1013.297,25.6367,0.000,59422.6
968.258,1013.498,25.6588,0.000,59417.1
968.757,1013.698,25.6342,0.000,59423.2
968.757,1013.896,25.6569,0.000,59417.6
969.257,1014.096,25.6670,0.000,59415.2
969.257,1014.297,25.6206,0.000,59426.5
969.257,1014.497,25.6582,0.000,59417.3
969.757,1014.697,25.6801,0.000,59411.9
969.757,1014.896,25.6422,0.000,59421.2
970.257,1015.096,25.6392,0.000,59422.0
970.257,1015.297,25.6678,0.000,59415.0
970.257,1015.496,25.6494,0.000,59419.5
970.757,1015.695,25.6649,0.000,59415.7
970.757,1015.895,25.6670,0.000,59415.1
971.256,1016.095,25.6771,0.000,59412.7
971.256,1016.297,25.6626,0.000,59416.2
971.256,1016.495,25.6557,0.000,59417.9
971.757,1016.695,25.6642,0.000,59415.8
971.757,1016.894,25.6631,0.000,59416.1
972.255,1017.094,25.6642,0.000,59415.8
972.256,1017.296,25.6339,0.000,59423.3
972.256,1017.495,25.6714,0.000,59414.1
972.757,1017.694,25.6113,0.000,59428.8
972.757,1017.894,25.6556,0.000,59418.0
973.257,1018.094,25.6614,0.000,59416.5
973.257,1018.295,25.6663,0.000,59415.3
973.257,1018.494,25.6193,0.000,59426.8
973.757,1018.693,25.6598,0.000,59416.9
973.757,1018.893,25.6496,0.000,59419.4
974.257,1019.093,25.6523,0.000,59418.8
974.257,1019.295,25.6515,0.000,59418.9
974.257,1019.493,25.6616,0.000,59416.5
974.756,1019.693,25.6287,0.000,59424.5
974.756,1019.892,25.6273,0.000,59424.9
975.257,1020.094,25.6193,0.000,59426.9
975.257,1020.294,25.6243,0.000,59425.6
975.257,1020.493,25.6551,0.000,59418.1
975.756,1020.692,25.6460,0.000,59420.3
975.756,1020.892,25.6452,0.000,59420.5
976.257,1021.092,25.6152,0.000,59427.8
976.257,1021.293,25.6706,0.000,59414.2
976.257,1021.493,25.6450,0.000,59420.6
976.757,1021.691,25.6702,0.000,59414.4
976.757,1021.891,25.6610,0.000,59416.6
977.257,1022.091,25.6492,0.000,59419.5
977.257,1022.293,25.6621,0.000,59416.4
977.257,1022.491,25.6406,0.000,59421.6
977.757,1022.691,25.6439,0.000,59420.8
977.757,1022.890,25.6064,0.000,59430.0
978.256,1023.090,25.6162,0.000,59427.6
978.257,1023.292,25.6291,0.000,59424.5
978.257,1023.490,25.6291,0.000,59424.4
978.757,1023.690,25.6234,0.000,59425.9
978.757,1023.890,25.6046,0.000,59430.4
979.257,1024.091,25.6372,0.000,59422.5
979.257,1024.291,25.6439,0.000,59420.8
979.257,1024.490,25.6222,0.000,59426.1
979.757,1024.689,25.6406,0.000,59421.6
979.757,1024.889,25.6699,0.000,59414.5
980.257,1025.089,25.6339,0.000,59423.2
980.257,1025.290,25.6133,0.000,59428.3
980.257,1025.490,25.6002,0.000,59431.5
980.757,1025.689,25.6240,0.000,59425.7
980.757,1025.889,25.6151,0.000,59427.9
981.256,1026.089,25.6367,0.000,59422.6
981.256,1026.290,25.6439,0.000,59420.8
981.256,1026.488,25.6391,0.000,59422.0
981.757,1026.688,25.6245,0.000,59425.6
981.757,1026.889,25.6173,0.000,59427.4
982.257,1027.089,25.6577,0.000,59417.4
982.257,1027.289,25.6084,0.000,59429.5
982.257,1027.488,25.6180,0.000,59427.2
982.757,1027.688,25.6037,0.000,59430.7
982.757,1027.888,25.6349,0.000,59423.0
983.257,1028.088,25.6339,0.000,59423.2
983.257,1028.287,25.6318,0.000,59423.8
983.257,1028.488,25.6519,0.000,59418.9
983.757,1028.687,25.6357,0.000,59422.8
983.757,1028.887,25.5947,0.000,59432.8
984.257,1029.088,25.6499,0.000,59419.3
984.257,1029.287,25.6396,0.000,59421.9
984.257,1029.486,25.6300,0.000,59424.2
984.757,1029.686,25.6519,0.000,59418.8
984.758,1029.886,25.6227,0.000,59426.0
985.257,1030.088,25.6133,0.000,59428.3
985.257,1030.286,25.5983,0.000,59432.0
985.257,1030.486,25.6535,0.000,59418.5
985.757,1030.685,25.6142,0.000,59428.1
985.757,1030.885,25.6294,0.000,59424.4
986.255,1031.087,25.6434,0.000,59420.9
986.255,1031.285,25.6460,0.000,59420.3
986.255,1031.486,25.6487,0.000,59419.6
986.757,1031.685,25.6325,0.000,59423.6
986.757,1031.886,25.6097,0.000,59429.2
987.257,1032.086,25.6476,0.000,59419.9
987.257,1032.284,25.6110,0.000,59428.9
987.257,1032.486,25.6328,0.000,59423.6
987.757,1032.685,25.6413,0.000,59421.5
987.757,1032.884,25.6203,0.000,59426.6
988.257,1033.085,25.6543,0.000,59418.2
988.257,1033.285,25.6375,0.000,59422.4
988.258,1033.486,25.6489,0.000,59419.6
988.757,1033.683,25.5962,0.000,59432.5
988.757,1033.883,25.6584,0.000,59417.3
989.257,1034.085,25.5942,0.000,59433.0
989.257,1034.284,25.6378,0.000,59422.3
989.257,1034.484,25.6416,0.000,59421.4
989.755,1034.683,25.6141,0.000,59428.1
989.756,1034.884,25.6289,0.000,59424.5
990.257,1035.085,25.6414,0.000,59421.4
990.257,1035.284,25.6046,0.000,59430.4
990.257,1035.482,25.6392,0.000,59422.0
990.757,1035.682,25.6425,0.000,59421.2
990.757,1035.883,25.6277,0.000,59424.8
991.256,1036.084,25.5918,0.000,59433.6
991.257,1036.282,25.6387,0.000,59422.1
991.257,1036.482,25.6325,0.000,59423.6
991.756,1036.681,25.6359,0.000,59422.8
991.756,1036.883,25.6538,0.000,59418.4
992.257,1037.083,25.6310,0.000,59424.0
992.257,1037.281,25.6123,0.000,59428.6
992.257,1037.480,25.6378,0.000,59422.3
992.757,1037.682,25.6269,0.000,59425.0
992.757,1037.881,25.6243,0.000,59425.6
993.256,1038.082,25.5911,0.000,59433.7
993.256,1038.282,25.6059,0.000,59430.1
993.256,1038.480,25.6216,0.000,59426.2
993.755,1038.680,25.6232,0.000,59425.9
993.755,1038.880,25.5965,0.000,59432.4
994.257,1039.082,25.6353,0.000,59422.9
994.257,1039.280,25.6212,0.000,59426.4
994.257,1039.480,25.6038,0.000,59430.7
994.756,1039.680,25.6354,0.000,59422.9
994.756,1039.880,25.6264,0.000,59425.1
995.257,1040.081,25.5989,0.000,59431.8
995.257,1040.279,25.6206,0.000,59426.5
995.257,1040.478,25.6084,0.000,59429.5
995.758,1040.679,25.5820,0.000,59436.0
995.758,1040.880,25.5960,0.000,59432.6
996.257,1041.080,25.6099,0.000,59429.1
996.257,1041.279,25.6240,0.000,59425.7
996.257,1041.478,25.6142,0.000,59428.1
996.757,1041.680,25.6377,0.000,59422.3
996.757,1041.879,25.6188,0.000,59427.0
997.257,1042.078,25.5850,0.000,59435.2
997.257,1042.279,25.6123,0.000,59428.6
997.257,1042.478,25.6061,0.000,59430.1
997.757,1042.678,25.5963,0.000,59432.5
997.757,1042.879,25.6313,0.000,59423.9
998.257,1043.077,25.6390,0.000,59422.0
998.257,1043.279,25.5977,0.000,59432.1
998.257,1043.477,25.5968,0.000,59432.4
998.757,1043.677,25.5884,0.000,59434.4
998.757,1043.878,25.6294,0.000,59424.4
999.257,1044.078,25.6167,0.000,59427.5
999.257,1044.277,25.5977,0.000,59432.1
999.257,1044.476,25.6292,0.000,59424.4
999.757,1044.678,25.6370,0.000,59422.5
999.757,1044.878,25.6499,0.000,59419.3
1000.257,1045.077,25.6137,0.000,59428.2
1000.257,1045.277,25.6143,0.000,59428.1
1000.257,1045.476,25.6333,0.000,59423.4
1000.757,1045.677,25.6230,0.000,59425.9
1000.757,1045.878,25.5854,0.000,59435.1
1001.256,1046.076,25.5742,0.000,59437.9
1001.256,1046.275,25.6086,0.000,59429.5
1001.256,1046.476,25.6271,0.000,59424.9
1001.757,1046.675,25.6144,0.000,59428.0
1001.757,1046.876,25.6093,0.000,59429.3
1002.257,1047.075,25.6059,0.000,59430.1
1002.257,1047.277,25.6089,0.000,59429.4
1002.258,1047.474,25.6387,0.000,59422.1
1002.757,1047.674,25.6120,0.000,59428.6
1002.757,1047.875,25.5980,0.000,59432.1
1003.257,1048.075,25.6015,0.000,59431.2
1003.257,1048.275,25.6224,0.000,59426.1
1003.257,1048.474,25.6107,0.000,59429.0
1003.756,1048.674,25.6100,0.000,59429.1
1003.756,1048.875,25.5838,0.000,59435.5
1004.257,1049.074,25.6252,0.000,59425.4
1004.257,1049.273,25.6010,0.000,59431.4
1004.258,1049.473,25.6084,0.000,59429.6
1004.757,1049.674,25.5884,0.000,59434.4
1004.757,1049.875,25.6196,0.000,59426.8
1005.257,1050.074,25.6155,0.000,59427.8
1005.257,1050.273,25.5828,0.000,59435.8
1005.257,1050.472,25.5800,0.000,59436.5
1005.757,1050.674,25.5679,0.000,59439.4
1005.757,1050.874,25.6147,0.000,59428.0
1006.257,1051.072,25.5678,0.000,59439.5
1006.257,1051.272,25.5698,0.000,59439.0
1006.257,1051.472,25.6087,0.000,59429.4
1006.755,1051.673,25.5851,0.000,59435.2
1006.755,1051.874,25.5984,0.000,59431.9
1007.256,1052.072,25.5994,0.000,59431.7
1007.257,1052.271,25.5986,0.000,59431.9
1007.257,1052.471,25.6004,0.000,59431.5
1007.757,1052.672,25.6094,0.000,59429.2
1007.757,1052.873,25.5761,0.000,59437.4
1008.257,1053.072,25.5548,0.000,59442.6
1008.257,1053.271,25.5645,0.000,59440.3
1008.257,1053.471,25.5535,0.000,59443.0
1008.757,1053.672,25.5750,0.000,59437.7
1008.757,1053.871,25.5947,0.000,59432.8
1009.257,1054.070,25.6097,0.000,59429.2
1009.257,1054.270,25.5950,0.000,59432.8
1009.257,1054.471,25.5783,0.000,59436.9
1009.757,1054.672,25.5521,0.000,59443.3
1009.757,1054.870,25.6079,0.000,59429.7
1010.257,1055.070,25.5892,0.000,59434.2
1010.257,1055.269,25.5633,0.000,59440.6
1010.257,1055.471,25.5452,0.000,59445.0
1010.757,1055.671,25.6010,0.000,59431.4
1010.757,1055.869,25.5601,0.000,59441.4
1011.257,1056.070,25.5950,0.000,59432.8
1011.257,1056.270,25.6144,0.000,59428.1
1011.257,1056.469,25.5532,0.000,59443.0
1011.756,1056.670,25.5692,0.000,59439.1
1011.756,1056.868,25.5968,0.000,59432.4
1012.257,1057.070,25.5931,0.000,59433.3
1012.257,1057.268,25.5548,0.000,59442.6
1012.257,1057.468,25.5519,0.000,59443.3
1012.757,1057.670,25.5661,0.000,59439.9
1012.757,1057.868,25.5872,0.000,59434.7
1013.257,1058.068,25.5980,0.000,59432.1
1013.257,1058.267,25.5920,0.000,59433.6
1013.257,1058.469,25.5954,0.000,59432.7
1013.757,1058.669,25.5664,0.000,59439.8
1013.757,1058.867,25.6012,0.000,59431.3
1014.257,1059.068,25.5576,0.000,59442.0
1014.257,1059.268,25.5604,0.000,59441.3
1014.258,1059.468,25.5491,0.000,59444.0
1014.757,1059.668,25.5811,0.000,59436.2
1014.757,1059.867,25.5848,0.000,59435.3
1015.257,1060.068,25.5877,0.000,59434.6
1015.257,1060.266,25.5498,0.000,59443.9
1015.257,1060.466,25.5920,0.000,59433.6
1015.757,1060.668,25.5747,0.000,59437.8
1015.757,1060.867,25.5591,0.000,59441.6
1016.257,1061.066,25.6010,0.000,59431.4
1016.257,1061.265,25.5669,0.000,59439.7
1016.257,1061.465,25.5711,0.000,59438.7
1016.757,1061.667,25.6014,0.000,59431.2
1016.757,1061.865,25.5555,0.000,59442.5
1017.259,1062.064,25.5838,0.000,59435.6
1017.259,1062.265,25.5633,0.000,59440.6
1017.259,1062.466,25.5797,0.000,59436.5
1017.757,1062.666,25.5610,0.000,59441.1
1017.757,1062.865,25.5877,0.000,59434.6
1018.257,1063.064,25.5971,0.000,59432.3
1018.257,1063.266,25.5561,0.000,59442.3
1018.257,1063.464,25.5459,0.000,59444.8
1018.757,1063.665,25.5962,0.000,59432.5
1018.757,1063.864,25.5965,0.000,59432.4
1019.257,1064.064,25.5903,0.000,59433.9
1019.257,1064.264,25.5672,0.000,59439.6
1019.257,1064.464,25.5931,0.000,59433.3
1019.756,1064.664,25.5737,0.000,59438.0
1019.756,1064.864,25.5726,0.000,59438.3
1020.257,1065.062,25.5854,0.000,59435.2
1020.257,1065.263,25.5666,0.000,59439.8
1020.257,1065.464,25.6097,0.000,59429.2
1020.757,1065.665,25.5994,0.000,59431.7
1020.757,1065.863,25.5527,0.000,59443.1
1021.257,1066.062,25.5775,0.000,59437.1
1021.257,1066.264,25.5461,0.000,59444.8
1021.257,1066.464,25.5851,0.000,59435.2
1021.757,1066.662,25.5470,0.000,59444.6
1021.757,1066.862,25.5827,0.000,59435.8
1022.256,1067.062,25.5514,0.000,59443.5
1022.257,1067.263,25.6024,0.000,59431.0
1022.257,1067.464,25.5503,0.000,59443.8
1022.757,1067.661,25.5908,0.000,59433.8
1022.757,1067.861,25.5509,0.000,59443.6
1023.257,1068.060,25.5893,0.000,59434.2
1023.257,1068.262,25.5753,0.000,59437.6
1023.257,1068.463,25.5806,0.000,59436.3
1023.757,1068.660,25.6019,0.000,59431.1
1023.757,1068.861,25.5980,0.000,59432.1
1024.257,1069.060,25.5864,0.000,59434.9
1024.257,1069.262,25.5929,0.000,59433.3
1024.257,1069.461,25.5352,0.000,59447.4
1024.757,1069.660,25.5811,0.000,59436.2
1024.757,1069.861,25.5685,0.000,59439.3
1025.256,1070.060,25.5755,0.000,59437.6
1025.256,1070.260,25.5849,0.000,59435.3
1025.256,1070.461,25.5783,0.000,59436.9
1025.755,1070.661,25.5869,0.000,59434.8
1025.756,1070.859,25.5576,0.000,59442.0
1026.257,1071.059,25.5908,0.000,59433.9
1026.257,1071.259,25.5908,0.000,59433.8
1026.257,1071.461,25.5859,0.000,59435.0
1026.757,1071.659,25.5915,0.000,59433.7
1026.757,1071.859,25.5706,0.000,59438.8
1027.257,1072.058,25.5664,0.000,59439.8
1027.257,1072.260,25.5558,0.000,59442.4
1027.257,1072.459,25.5887,0.000,59434.3
1027.756,1072.658,25.5682,0.000,59439.4
1027.756,1072.859,25.5908,0.000,59433.8
1028.257,1073.059,25.5439,0.000,59445.3
1028.257,1073.258,25.5389,0.000,59446.6
1028.257,1073.459,25.5701,0.000,59438.9
1028.755,1073.659,25.5802,0.000,59436.4
1028.756,1073.859,25.5721,0.000,59438.4
1029.257,1074.057,25.5332,0.000,59448.0
1029.257,1074.257,25.5620,0.000,59440.9
1029.257,1074.459,25.5710,0.000,59438.7
1029.757,1074.658,25.5771,0.000,59437.2
1029.757,1074.857,25.5752,0.000,59437.6
1030.257,1075.056,25.5924,0.000,59433.4
1030.257,1075.258,25.5703,0.000,59438.9
1030.257,1075.457,25.5239,0.000,59450.2
1030.757,1075.656,25.5581,0.000,59441.9
1030.757,1075.856,25.5783,0.000,59436.9
1031.257,1076.057,25.5620,0.000,59440.9
1031.257,1076.257,25.5674,0.000,59439.6
1031.257,1076.457,25.5649,0.000,59440.2
1031.756,1076.656,25.5641,0.000,59440.4
1031.756,1076.855,25.5272,0.000,59449.4
1032.257,1077.057,25.5356,0.000,59447.3
1032.258,1077.256,25.5595,0.000,59441.5
1032.258,1077.456,25.5213,0.000,59450.8
1032.757,1077.656,25.5462,0.000,59444.8
1032.757,1077.856,25.5739,0.000,59438.0
1033.257,1078.055,25.5447,0.000,59445.1
1033.257,1078.255,25.5747,0.000,59437.8
1033.257,1078.456,25.5885,0.000,59434.4
1033.757,1078.656,25.5252,0.000,59449.9
1033.757,1078.854,25.5747,0.000,59437.8
1034.257,1079.054,25.5796,0.000,59436.6
1034.257,1079.255,25.5734,0.000,59438.1
1034.258,1079.456,25.5718,0.000,59438.5
1034.757,1079.654,25.5371,0.000,59447.0
1034.757,1079.853,25.5485,0.000,59444.2
1035.257,1080.055,25.5680,0.000,59439.4
1035.257,1080.255,25.5737,0.000,59438.0
1035.257,1080.453,25.5615,0.000,59441.0
1035.757,1080.654,25.5410,0.000,59446.0
1035.757,1080.853,25.5648,0.000,59440.2
1036.257,1081.054,25.5781,0.000,59437.0
1036.257,1081.255,25.5622,0.000,59440.8
1036.258,1081.452,25.5436,0.000,59445.4
1036.757,1081.652,25.5714,0.000,59438.6
1036.757,1081.852,25.5382,0.000,59446.7
1037.257,1082.053,25.5291,0.000,59448.9
1037.257,1082.254,25.5578,0.000,59441.9
1037.257,1082.451,25.5597,0.000,59441.4
1037.757,1082.652,25.5275,0.000,59449.3
1037.757,1082.852,25.5262,0.000,59449.6
1038.257,1083.052,25.5428,0.000,59445.6
1038.257,1083.253,25.5302,0.000,59448.7
1038.257,1083.451,25.5752,0.000,59437.7
1038.757,1083.652,25.5542,0.000,59442.8
1038.757,1083.852,25.5659,0.000,59439.9
1039.257,1084.052,25.5337,0.000,59447.8
1039.258,1084.253,25.5483,0.000,59444.2
1039.258,1084.451,25.5796,0.000,59436.6
1039.755,1084.650,25.5163,0.000,59452.1
1039.755,1084.851,25.5605,0.000,59441.3
1040.255,1085.051,25.5527,0.000,59443.1
1040.256,1085.251,25.5547,0.000,59442.6
1040.256,1085.450,25.5728,0.000,59438.2
1040.757,1085.650,25.5552,0.000,59442.5
1040.757,1085.850,25.5680,0.000,59439.4
1041.258,1086.049,25.5532,0.000,59443.1
1041.259,1086.250,25.5583,0.000,59441.8
1041.259,1086.450,25.5140,0.000,59452.6
1041.757,1086.650,25.5381,0.000,59446.7
1041.757,1086.849,25.5553,0.000,59442.5
1042.255,1087.049,25.5249,0.000,59450.0
1042.255,1087.250,25.5482,0.000,59444.3
1042.255,1087.449,25.5294,0.000,59448.8
1042.757,1087.648,25.5482,0.000,59444.2
1042.757,1087.850,25.5601,0.000,59441.4
1043.257,1088.049,25.5239,0.000,59450.2
1043.257,1088.249,25.5153,0.000,59452.3
1043.258,1088.448,25.5512,0.000,59443.5
1043.757,1088.648,25.5143,0.000,59452.5
1043.757,1088.849,25.5150,0.000,59452.4
1044.257,1089.049,25.5649,0.000,59440.2
1044.257,1089.248,25.5688,0.000,59439.2
1044.257,1089.447,25.5576,0.000,59441.9
1044.757,1089.646,25.5508,0.000,59443.6
1044.757,1089.848,25.5617,0.000,59441.0
1045.255,1090.048,25.5634,0.000,59440.5
1045.256,1090.248,25.5080,0.000,59454.1
1045.256,1090.447,25.5478,0.000,59444.3
1045.757,1090.646,25.5620,0.000,59440.9
1045.757,1090.848,25.5258,0.000,59449.7
1046.257,1091.047,25.5215,0.000,59450.8
1046.257,1091.247,25.5325,0.000,59448.1
1046.257,1091.446,25.5566,0.000,59442.2
1046.757,1091.646,25.5350,0.000,59447.5
1046.757,1091.847,25.5558,0.000,59442.4
1047.257,1092.047,25.5544,0.000,59442.8
1047.257,1092.246,25.5089,0.000,59453.8
1047.257,1092.445,25.5169,0.000,59451.9
1047.757,1092.644,25.5185,0.000,59451.5
1047.757,1092.846,25.5584,0.000,59441.8
1048.257,1093.047,25.5306,0.000,59448.6
1048.257,1093.244,25.5316,0.000,59448.4
1048.257,1093.445,25.5399,0.000,59446.3
1048.757,1093.644,25.5338,0.000,59447.8
1048.757,1093.845,25.5408,0.000,59446.1
1049.257,1094.046,25.5208,0.000,59451.0
1049.257,1094.244,25.5078,0.000,59454.1
1049.257,1094.445,25.5128,0.000,59452.9
1049.757,1094.644,25.5421,0.000,59445.7
1049.757,1094.845,25.5386,0.000,59446.6
1050.256,1095.045,25.5444,0.000,59445.2
1050.256,1095.243,25.5486,0.000,59444.1
1050.256,1095.443,25.5019,0.000,59455.6
1050.756,1095.644,25.5420,0.000,59445.8
1050.756,1095.844,25.5348,0.000,59447.5
1051.257,1096.044,25.5237,0.000,59450.2
1051.257,1096.242,25.5615,0.000,59441.0
1051.257,1096.443,25.5186,0.000,59451.5
1051.757,1096.643,25.5403,0.000,59446.2
1051.757,1096.843,25.5172,0.000,59451.8
1052.257,1097.043,25.5654,0.000,59440.1
1052.257,1097.242,25.5316,0.000,59448.3
1052.257,1097.443,25.5441,0.000,59445.3
1052.757,1097.643,25.5501,0.000,59443.8
1052.757,1097.843,25.5530,0.000,59443.1
1053.256,1098.043,25.5000,0.000,59456.0
1053.256,1098.242,25.5483,0.000,59444.2
1053.256,1098.441,25.5115,0.000,59453.2
1053.757,1098.642,25.5613,0.000,59441.1
1053.757,1098.841,25.5434,0.000,59445.4
1053.757,1099.042,25.5389,0.000,59446.5
1054.257,1099.242,25.5015,0.000,59455.7
1054.257,1099.443,25.5151,0.000,59452.4
1054.757,1099.640,25.5136,0.000,59452.7
1054.757,1099.840,25.5508,0.000,59443.6
1054.757,1100.042,25.5327,0.000,59448.0
1055.257,1100.242,25.5468,0.000,59444.6
1055.257,1100.440,25.5477,0.000,59444.4
1055.757,1100.640,25.5478,0.000,59444.3
1055.757,1100.841,25.5234,0.000,59450.3
1055.757,1101.042,25.5558,0.000,59442.4
1056.257,1101.240,25.5524,0.000,59443.2
1056.257,1101.439,25.5361,0.000,59447.2
1056.757,1101.641,25.5451,0.000,59445.0
1056.757,1101.840,25.5258,0.000,59449.7
1056.757,1102.040,25.5312,0.000,59448.4
1057.257,1102.240,25.5389,0.000,59446.5
1057.257,1102.440,25.5269,0.000,59449.5
1057.757,1102.640,25.5293,0.000,59448.9
1057.757,1102.840,25.5400,0.000,59446.2
1057.757,1103.039,25.5348,0.000,59447.5
1058.257,1103.238,25.5420,0.000,59445.8
1058.257,1103.439,25.5332,0.000,59448.0
1058.757,1103.638,25.5190,0.000,59451.4
1058.757,1103.839,25.5220,0.000,59450.7
1058.757,1104.039,25.5228,0.000,59450.5
1059.257,1104.240,25.5156,0.000,59452.2
1059.257,1104.437,25.5246,0.000,59450.0
1059.755,1104.637,25.5376,0.000,59446.9
1059.756,1104.839,25.5428,0.000,59445.6
1059.756,1105.037,25.5306,0.000,59448.6
1060.257,1105.238,25.5244,0.000,59450.1
1060.257,1105.437,25.5415,0.000,59445.9
1060.757,1105.638,25.4893,0.000,59458.6
1060.757,1105.838,25.5364,0.000,59447.1
1060.757,1106.036,25.5249,0.000,59449.9
1061.257,1106.236,25.5286,0.000,59449.1
1061.257,1106.437,25.5260,0.000,59449.7
1061.757,1106.637,25.5254,0.000,59449.8
1061.757,1106.837,25.5296,0.000,59448.8
1061.757,1107.035,25.4892,0.000,59458.7
1062.256,1107.236,25.5303,0.000,59448.6
1062.256,1107.436,25.4961,0.000,59457.0
1062.757,1107.636,25.5254,0.000,59449.8
1062.757,1107.836,25.5184,0.000,59451.6
1062.757,1108.035,25.4850,0.000,59459.7
1063.259,1108.236,25.4798,0.000,59461.0
1063.259,1108.436,25.5228,0.000,59450.5
1063.757,1108.635,25.5029,0.000,59455.3
1063.757,1108.836,25.5259,0.000,59449.7
1063.757,1109.036,25.5083,0.000,59454.0
1064.257,1109.236,25.4961,0.000,59457.0
1064.257,1109.434,25.4970,0.000,59456.8
1064.757,1109.634,25.5428,0.000,59445.6
1064.757,1109.836,25.4844,0.000,59459.8
1064.757,1110.034,25.4769,0.000,59461.7
1065.257,1110.234,25.4956,0.000,59457.1
1065.257,1110.433,25.4795,0.000,59461.1
1065.757,1110.635,25.4813,0.000,59460.6
1065.757,1110.834,25.4889,0.000,59458.8
1065.757,1111.033,25.5291,0.000,59448.9
1066.257,1111.234,25.4972,0.000,59456.7
1066.257,1111.434,25.4943,0.000,59457.4
1066.757,1111.634,25.5352,0.000,59447.4
1066.757,1111.834,25.5096,0.000,59453.7
1066.757,1112.033,25.4798,0.000,59461.0
1067.257,1112.234,25.5215,0.000,59450.8
1067.257,1112.432,25.5208,0.000,59451.0
1067.757,1112.632,25.4778,0.000,59461.5
1067.757,1112.833,25.5083,0.000,59454.0
1067.757,1113.033,25.5081,0.000,59454.1
1068.257,1113.232,25.5203,0.000,59451.1
1068.257,1113.431,25.4979,0.000,59456.6
1068.757,1113.633,25.5112,0.000,59453.3
1068.757,1113.833,25.5200,0.000,59451.1
1068.757,1114.031,25.5063,0.000,59454.5
1069.257,1114.230,25.4751,0.000,59462.1
1069.257,1114.432,25.4736,0.000,59462.5
1069.756,1114.631,25.4993,0.000,59456.2
1069.757,1114.832,25.5140,0.000,59452.7
1069.757,1115.031,25.4956,0.000,59457.1
1070.255,1115.230,25.4727,0.000,59462.7
1070.255,1115.430,25.5047,0.000,59454.9
1070.757,1115.630,25.5136,0.000,59452.7
1070.757,1115.832,25.5195,0.000,59451.2
1070.757,1116.031,25.5029,0.000,59455.3
1071.257,1116.230,25.5239,0.000,59450.2
1071.257,1116.430,25.5172,0.000,59451.8
1071.757,1116.630,25.5200,0.000,59451.2
1071.757,1116.830,25.4849,0.000,59459.7
1071.757,1117.029,25.5325,0.000,59448.1
1072.257,1117.230,25.5117,0.000,59453.2
1072.257,1117.430,25.5005,0.000,59455.9
1072.756,1117.630,25.5050,0.000,59454.8
1072.756,1117.830,25.5054,0.000,59454.7
1072.756,1118.029,25.5132,0.000,59452.8
1073.257,1118.228,25.4783,0.000,59461.3
1073.257,1118.428,25.5298,0.000,59448.8
1073.759,1118.629,25.5177,0.000,59451.7
1073.759,1118.829,25.5251,0.000,59449.9
1073.759,1119.029,25.4731,0.000,59462.6
1074.257,1119.228,25.5374,0.000,59446.9
1074.257,1119.428,25.5086,0.000,59453.9
1074.757,1119.629,25.5054,0.000,59454.7
1074.757,1119.827,25.5215,0.000,59450.8
1074.757,1120.027,25.5283,0.000,59449.1
1075.257,1120.226,25.4795,0.000,59461.0
1075.257,1120.428,25.5296,0.000,59448.8
1075.757,1120.628,25.5263,0.000,59449.6
1075.757,1120.826,25.5000,0.000,59456.0
1075.757,1121.027,25.5140,0.000,59452.6
1076.257,1121.226,25.5104,0.000,59453.5
1076.257,1121.427,25.5273,0.000,59449.4
1076.757,1121.627,25.5490,0.000,59444.1
1076.757,1121.826,25.5203,0.000,59451.1
1076.757,1122.027,25.5176,0.000,59451.8
1077.257,1122.226,25.4712,0.000,59463.1
1077.257,1122.427,25.4941,0.000,59457.5
1077.757,1122.627,25.5233,0.000,59450.4
1077.757,1122.826,25.5013,0.000,59455.7
1077.757,1123.027,25.5081,0.000,59454.1
1078.257,1123.226,25.4798,0.000,59461.0
1078.257,1123.426,25.5309,0.000,59448.5
1078.757,1123.626,25.4975,0.000,59456.7
1078.757,1123.826,25.5140,0.000,59452.6
1078.757,1124.027,25.5180,0.000,59451.6
1079.257,1124.225,25.5213,0.000,59450.8
1079.257,1124.424,25.5239,0.000,59450.2
1079.757,1124.625,25.4746,0.000,59462.2
1079.757,1124.824,25.5085,0.000,59454.0
1079.757,1125.025,25.4767,0.000,59461.7
1080.257,1125.225,25.5154,0.000,59452.2
1080.257,1125.424,25.5244,0.000,59450.1
1080.757,1125.625,25.4842,0.000,59459.9
1080.757,1125.824,25.5104,0.000,59453.5
1080.757,1126.025,25.5089,0.000,59453.8
1081.256,1126.224,25.5205,0.000,59451.0
1081.256,1126.423,25.4774,0.000,59461.6
1081.757,1126.624,25.5177,0.000,59451.7
1081.757,1126.824,25.5019,0.000,59455.6
1081.757,1127.025,25.5225,0.000,59450.5
1082.257,1127.223,25.5008,0.000,59455.8
1082.257,1127.422,25.4634,0.000,59465.0
1082.755,1127.623,25.4700,0.000,59463.4
1082.756,1127.822,25.4944,0.000,59457.4
1082.756,1128.023,25.5190,0.000,59451.4
1083.257,1128.223,25.4736,0.000,59462.5
1083.257,1128.422,25.5192,0.000,59451.3
1083.757,1128.623,25.5088,0.000,59453.9
1083.757,1128.822,25.5016,0.000,59455.7
1083.757,1129.022,25.5060,0.000,59454.6
1084.257,1129.222,25.5089,0.000,59453.8
1084.257,1129.422,25.5106,0.000,59453.5
1084.757,1129.622,25.5158,0.000,59452.2
1084.757,1129.822,25.4866,0.000,59459.3
1084.757,1130.022,25.5174,0.000,59451.8
1085.256,1130.222,25.4715,0.000,59463.0
1085.256,1130.422,25.4674,0.000,59464.0
1085.757,1130.621,25.4665,0.000,59464.2
1085.757,1130.820,25.4691,0.000,59463.6
1085.757,1131.021,25.4962,0.000,59457.0
1086.257,1131.221,25.5218,0.000,59450.7
1086.257,1131.421,25.5003,0.000,59456.0
1086.757,1131.619,25.5068,0.000,59454.4
1086.757,1131.820,25.4746,0.000,59462.2
1086.757,1132.020,25.5010,0.000,59455.8
1087.257,1132.220,25.5039,0.000,59455.1
1087.257,1132.420,25.5063,0.000,59454.5
1087.757,1132.619,25.4997,0.000,59456.1
1087.757,1132.820,25.5106,0.000,59453.5
1087.757,1133.019,25.5143,0.000,59452.6
1088.257,1133.219,25.4676,0.000,59464.0
1088.257,1133.420,25.4842,0.000,59459.9
1088.758,1133.619,25.4985,0.000,59456.4
1088.758,1133.818,25.4736,0.000,59462.5
1088.758,1134.018,25.4487,0.000,59468.5
1089.257,1134.219,25.5029,0.000,59455.3
1089.257,1134.420,25.5133,0.000,59452.8
1089.757,1134.617,25.4673,0.000,59464.0
1089.757,1134.818,25.4800,0.000,59460.9
1089.757,1135.018,25.5014,0.000,59455.7
1090.256,1135.218,25.4783,0.000,59461.4
1090.256,1135.418,25.4554,0.000,59466.9
1090.757,1135.617,25.4933,0.000,59457.7
1090.757,1135.818,25.4938,0.000,59457.6
1090.757,1136.018,25.4931,0.000,59457.7
1091.257,1136.217,25.5285,0.000,59449.1
1091.257,1136.418,25.5122,0.000,59453.1
1091.757,1136.617,25.4531,0.000,59467.5
1091.757,1136.818,25.4883,0.000,59458.9
1091.757,1137.017,25.4886,0.000,59458.8
1092.257,1137.216,25.4757,0.000,59462.0
1092.257,1137.417,25.4568,0.000,59466.6
1092.757,1137.616,25.4800,0.000,59460.9
1092.757,1137.818,25.4650,0.000,59464.6
1092.757,1138.016,25.4892,0.000,59458.7
1093.257,1138.215,25.4783,0.000,59461.4
1093.257,1138.416,25.4847,0.000,59459.8
1093.757,1138.615,25.4463,0.000,59469.2
1093.757,1138.816,25.4588,0.000,59466.1
1093.757,1139.016,25.4653,0.000,59464.5
1094.257,1139.215,25.5223,0.000,59450.6
1094.257,1139.416,25.4512,0.000,59467.9
1094.756,1139.615,25.4910,0.000,59458.2
1094.757,1139.814,25.4905,0.000,59458.4
1094.757,1140.015,25.5070,0.000,59454.3
1095.257,1140.214,25.4619,0.000,59465.3
1095.257,1140.415,25.4704,0.000,59463.2
1095.757,1140.614,25.4857,0.000,59459.5
1095.757,1140.814,25.4834,0.000,59460.1
1095.757,1141.015,25.4827,0.000,59460.3
1096.257,1141.214,25.4803,0.000,59460.9
1096.257,1141.414,25.4787,0.000,59461.2
1096.757,1141.613,25.4940,0.000,59457.5
1096.757,1141.814,25.5059,0.000,59454.6
1096.757,1142.014,25.4495,0.000,59468.4
1097.256,1142.214,25.5060,0.000,59454.6
1097.256,1142.414,25.4590,0.000,59466.1
1097.756,1142.613,25.4873,0.000,59459.1
1097.756,1142.812,25.4946,0.000,59457.4
1097.756,1143.013,25.4507,0.000,59468.1
1098.257,1143.213,25.4751,0.000,59462.1
1098.257,1143.412,25.4997,0.000,59456.1
1098.757,1143.613,25.4679,0.000,59463.9
1098.757,1143.812,25.4704,0.000,59463.3
1098.757,1144.012,25.4914,0.000,59458.2
1099.257,1144.213,25.4448,0.000,59469.5
1099.257,1144.412,25.4713,0.000,59463.0
1099.755,1144.612,25.4606,0.000,59465.7
1099.755,1144.810,25.5062,0.000,59454.5
1099.755,1145.011,25.5005,0.000,59455.9
1100.257,1145.213,25.4907,0.000,59458.3
1100.257,1145.411,25.4829,0.000,59460.2
1100.757,1145.611,25.4819,0.000,59460.4
1100.757,1145.810,25.4795,0.000,59461.0
1100.757,1146.012,25.4461,0.000,59469.2
1101.257,1146.212,25.4923,0.000,59457.9
1101.257,1146.410,25.4847,0.000,59459.8
1101.756,1146.611,25.4728,0.000,59462.7
1101.756,1146.810,25.4640,0.000,59464.8
1101.756,1147.010,25.4543,0.000,59467.2
1102.256,1147.211,25.4463,0.000,59469.2
1102.256,1147.409,25.5059,0.000,59454.6
1102.758,1147.611,25.4695,0.000,59463.5
1102.758,1147.810,25.4990,0.000,59456.3
1102.758,1148.009,25.4419,0.000,59470.2
1103.257,1148.210,25.4619,0.000,59465.4
1103.257,1148.410,25.4937,0.000,59457.6
1103.757,1148.609,25.4395,0.000,59470.8
1103.757,1148.808,25.4780,0.000,59461.4
1103.757,1149.010,25.4730,0.000,59462.6
1104.257,1149.210,25.4738,0.000,59462.4
1104.257,1149.408,25.4914,0.000,59458.2
1104.757,1149.609,25.4832,0.000,59460.1
1104.757,1149.809,25.4926,0.000,59457.8
1104.758,1150.009,25.4774,0.000,59461.6
1105.257,1150.209,25.4580,0.000,59466.3
1105.257,1150.408,25.4897,0.000,59458.6
1105.757,1150.609,25.4949,0.000,59457.3
1105.757,1150.808,25.5210,0.000,59450.9
1105.757,1151.007,25.4679,0.000,59463.9
1106.257,1151.208,25.4455,0.000,59469.4
1106.257,1151.408,25.4464,0.000,59469.1
1106.756,1151.609,25.4922,0.000,59457.9
1106.756,1151.806,25.4751,0.000,59462.1
1106.756,1152.006,25.4785,0.000,59461.2
1107.257,1152.207,25.4980,0.000,59456.5
1107.257,1152.406,25.4928,0.000,59457.8
1107.757,1152.607,25.4783,0.000,59461.4
1107.757,1152.806,25.4953,0.000,59457.2
1107.757,1153.006,25.4629,0.000,59465.1
1108.257,1153.207,25.4949,0.000,59457.3
1108.257,1153.408,25.4954,0.000,59457.2
1108.757,1153.605,25.4712,0.000,59463.1
1108.757,1153.805,25.4774,0.000,59461.6
1108.757,1154.006,25.4438,0.000,59469.8
1109.257,1154.207,25.4414,0.000,59470.4
1109.257,1154.406,25.4601,0.000,59465.8
1109.757,1154.605,25.4668,0.000,59464.2
1109.757,1154.806,25.4634,0.000,59465.0
1109.757,1155.006,25.4365,0.000,59471.6
1110.257,1155.205,25.4688,0.000,59463.6
1110.257,1155.404,25.4525,0.000,59467.6
1110.757,1155.605,25.4788,0.000,59461.2
1110.757,1155.804,25.4800,0.000,59460.9
1110.757,1156.005,25.4709,0.000,59463.1
1111.256,1156.206,25.4764,0.000,59461.8
1111.256,1156.404,25.4962,0.000,59456.9
1111.757,1156.603,25.4949,0.000,59457.3
1111.757,1156.805,25.4819,0.000,59460.4
1111.757,1157.004,25.4843,0.000,59459.9
1112.257,1157.203,25.4684,0.000,59463.7
1112.257,1157.404,25.4575,0.000,59466.4
1112.759,1157.604,25.4857,0.000,59459.5
1112.759,1157.803,25.4555,0.000,59466.9
1112.759,1158.004,25.4902,0.000,59458.4
1113.257,1158.202,25.4783,0.000,59461.3
1113.257,1158.404,25.4914,0.000,59458.1
1113.757,1158.603,25.4889,0.000,59458.7
1113.757,1158.802,25.4958,0.000,59457.1
1113.757,1159.003,25.4541,0.000,59467.2
1114.257,1159.201,25.4834,0.000,59460.1
1114.257,1159.404,25.4599,0.000,59465.8
1114.757,1159.602,25.4399,0.000,59470.7
1114.757,1159.801,25.4704,0.000,59463.2
1114.757,1160.002,25.4863,0.000,59459.4
1115.256,1160.201,25.4328,0.000,59472.4
1115.256,1160.402,25.4478,0.000,59468.8
1115.756,1160.602,25.4427,0.000,59470.1
1115.756,1160.801,25.4749,0.000,59462.2
1115.756,1161.002,25.4866,0.000,59459.3
1116.257,1161.201,25.4331,0.000,59472.3
1116.257,1161.402,25.4417,0.000,59470.2
1116.757,1161.601,25.4677,0.000,59463.9
1116.757,1161.800,25.4949,0.000,59457.3
1116.757,1162.001,25.4926,0.000,59457.8
1117.255,1162.200,25.4461,0.000,59469.2
1117.255,1162.402,25.4879,0.000,59459.0
1117.755,1162.600,25.4521,0.000,59467.8
1117.756,1162.799,25.4279,0.000,59473.7
1117.756,1163.000,25.4686,0.000,59463.7
1118.257,1163.200,25.4562,0.000,59466.7
1118.257,1163.400,25.4844,0.000,59459.8
1118.756,1163.599,25.4832,0.000,59460.1
1118.756,1163.800,25.4806,0.000,59460.8
1118.756,1164.001,25.4873,0.000,59459.2
1119.256,1164.199,25.4617,0.000,59465.4
1119.256,1164.398,25.4331,0.000,59472.4
1119.757,1164.600,25.4440,0.000,59469.7
1119.757,1164.798,25.4402,0.000,59470.6
1119.757,1164.999,25.4337,0.000,59472.2
1120.257,1165.198,25.4694,0.000,59463.5
1120.257,1165.400,25.4682,0.000,59463.8
1120.757,1165.597,25.4764,0.000,59461.8
1120.757,1165.797,25.4511,0.000,59468.0
1120.757,1165.998,25.4568,0.000,59466.6
1121.257,1166.198,25.4282,0.000,59473.6
1121.257,1166.396,25.4259,0.000,59474.1
1121.757,1166.597,25.4804,0.000,59460.8
1121.757,1166.797,25.4391,0.000,59470.9
1121.757,1166.998,25.4751,0.000,59462.1
1122.257,1167.197,25.4700,0.000,59463.4
1122.257,1167.396,25.4394,0.000,59470.8
1122.757,1167.598,25.4565,0.000,59466.6
1122.757,1167.797,25.4590,0.000,59466.1
1122.757,1167.997,25.4399,0.000,59470.7
1123.257,1168.196,25.4736,0.000,59462.5
1123.257,1168.396,25.4749,0.000,59462.2
1123.757,1168.597,25.4614,0.000,59465.5
1123.757,1168.797,25.4531,0.000,59467.5
1123.757,1168.996,25.4414,0.000,59470.3
1124.257,1169.196,25.4450,0.000,59469.5
1124.257,1169.396,25.4804,0.000,59460.8
1124.757,1169.595,25.4818,0.000,59460.5
1124.757,1169.796,25.4780,0.000,59461.4
1124.757,1169.994,25.4687,0.000,59463.7
1125.257,1170.196,25.4751,0.000,59462.1
1125.257,1170.394,25.4593,0.000,59466.0
1125.757,1170.594,25.4614,0.000,59465.5
1125.757,1170.796,25.4798,0.000,59461.0
1125.757,1170.995,25.4741,0.000,59462.4
1126.257,1171.195,25.4783,0.000,59461.4
1126.257,1171.394,25.4834,0.000,59460.1
1126.757,1171.595,25.4697,0.000,59463.4
1126.757,1171.796,25.4878,0.000,59459.1
1126.757,1171.993,25.4783,0.000,59461.4
1127.257,1172.193,25.4189,0.000,59475.8
1127.257,1172.394,25.4666,0.000,59464.2
1127.757,1172.593,25.4704,0.000,59463.3
1127.757,1172.794,25.4712,0.000,59463.1
1127.757,1172.992,25.4805,0.000,59460.8
1128.257,1173.195,25.4739,0.000,59462.4
1128.257,1173.392,25.4827,0.000,59460.3
1128.757,1173.592,25.4717,0.000,59462.9
1128.757,1173.793,25.4829,0.000,59460.2
1128.757,1173.993,25.4561,0.000,59466.8
1129.257,1174.193,25.4591,0.000,59466.0
1129.257,1174.392,25.4857,0.000,59459.5
1129.757,1174.592,25.4411,0.000,59470.4
1129.757,1174.793,25.4809,0.000,59460.7
1129.757,1174.993,25.4609,0.000,59465.6
1130.257,1175.193,25.4345,0.000,59472.0
1130.257,1175.391,25.4467,0.000,59469.1
1130.757,1175.591,25.4663,0.000,59464.2
1130.757,1175.792,25.4601,0.000,59465.8
1130.757,1175.992,25.4767,0.000,59461.7
1131.257,1176.193,25.4599,0.000,59465.8
1131.257,1176.390,25.4516,0.000,59467.9
1131.757,1176.590,25.4731,0.000,59462.6
1131.757,1176.791,25.4276,0.000,59473.7
1131.757,1176.992,25.4665,0.000,59464.2
1132.255,1177.191,25.4214,0.000,59475.2
1132.256,1177.390,25.4495,0.000,59468.4
1132.757,1177.590,25.4533,0.000,59467.4
1132.757,1177.791,25.4718,0.000,59462.9
1132.757,1177.992,25.4394,0.000,59470.8
1133.257,1178.189,25.4806,0.000,59460.8
1133.257,1178.389,25.4839,0.000,59460.0
1133.757,1178.589,25.4642,0.000,59464.8
1133.758,1178.791,25.4505,0.000,59468.1
1133.758,1178.990,25.4774,0.000,59461.6
1134.258,1179.189,25.4443,0.000,59469.6
1134.258,1179.390,25.4614,0.000,59465.5
1134.757,1179.590,25.4233,0.000,59474.8
1134.757,1179.789,25.4372,0.000,59471.4
1134.757,1179.988,25.4726,0.000,59462.7
1135.255,1180.189,25.4611,0.000,59465.6
1135.256,1180.388,25.4568,0.000,59466.6
1135.757,1180.589,25.4404,0.000,59470.6
1135.757,1180.789,25.4665,0.000,59464.2
1135.757,1180.990,25.4775,0.000,59461.5
1136.257,1181.187,25.4684,0.000,59463.8
1136.257,1181.387,25.4640,0.000,59464.8
1136.757,1181.588,25.4783,0.000,59461.3
1136.757,1181.788,25.4368,0.000,59471.5
1136.757,1181.988,25.4727,0.000,59462.7
1137.256,1182.187,25.4472,0.000,59468.9
1137.256,1182.388,25.4473,0.000,59468.9
1137.757,1182.589,25.4712,0.000,59463.1
1137.757,1182.786,25.4472,0.000,59468.9
1137.757,1182.986,25.4725,0.000,59462.8
1138.257,1183.187,25.4744,0.000,59462.3
1138.257,1183.386,25.4245,0.000,59474.5
1138.757,1183.587,25.4312,0.000,59472.8
1138.757,1183.785,25.4590,0.000,59466.1
1138.757,1183.988,25.4235,0.000,59474.7
1139.257,1184.185,25.4272,0.000,59473.8
1139.257,1184.385,25.4658,0.000,59464.4
1139.757,1184.586,25.4266,0.000,59473.9
1139.757,1184.786,25.4316,0.000,59472.7
1139.757,1184.986,25.4412,0.000,59470.4
1140.257,1185.185,25.4633,0.000,59465.0
1140.257,1185.385,25.4285,0.000,59473.5
1140.757,1185.586,25.4438,0.000,59469.8
1140.757,1185.786,25.4673,0.000,59464.0
1140.757,1185.986,25.4734,0.000,59462.5
1141.257,1186.184,25.4873,0.000,59459.1
1141.257,1186.384,25.4448,0.000,59469.5
1141.757,1186.585,25.4384,0.000,59471.1
1141.757,1186.785,25.4691,0.000,59463.6
1141.757,1186.986,25.4460,0.000,59469.2
1142.257,1187.183,25.4319,0.000,59472.6
1142.257,1187.383,25.4312,0.000,59472.8
1142.757,1187.585,25.4464,0.000,59469.1
1142.757,1187.783,25.4539,0.000,59467.3
1142.757,1187.984,25.4222,0.000,59475.1
1143.257,1188.183,25.4329,0.000,59472.4
1143.257,1188.384,25.4637,0.000,59464.9
1143.757,1188.584,25.4277,0.000,59473.7
1143.757,1188.783,25.4458,0.000,59469.3
1143.757,1188.984,25.4319,0.000,59472.6
1144.257,1189.183,25.4639,0.000,59464.9
1144.257,1189.382,25.4302,0.000,59473.1
1144.755,1189.583,25.4228,0.000,59474.9
1144.755,1189.783,25.4468,0.000,59469.0
1144.756,1189.982,25.4142,0.000,59477.0
1145.257,1190.181,25.4236,0.000,59474.6
1145.257,1190.381,25.4525,0.000,59467.6
1145.755,1190.583,25.4679,0.000,59463.9
1145.755,1190.781,25.4658,0.000,59464.4
1145.755,1190.980,25.4478,0.000,59468.8
1146.257,1191.182,25.4510,0.000,59468.0
1146.257,1191.382,25.4487,0.000,59468.5
1146.757,1191.582,25.4463,0.000,59469.2
1146.757,1191.781,25.4688,0.000,59463.6
1146.757,1191.980,25.4053,0.000,59479.1
1147.256,1192.180,25.4414,0.000,59470.3
1147.257,1192.380,25.4233,0.000,59474.7
1147.757,1192.581,25.4582,0.000,59466.2
1147.757,1192.781,25.4141,0.000,59477.0
1147.757,1192.980,25.4460,0.000,59469.2
1148.257,1193.180,25.3970,0.000,59481.2
1148.257,1193.380,25.4145,0.000,59476.9
1148.757,1193.581,25.4474,0.000,59468.8
1148.757,1193.779,25.4414,0.000,59470.4
1148.757,1193.978,25.4395,0.000,59470.8
1149.257,1194.180,25.4455,0.000,59469.4
1149.257,1194.380,25.4378,0.000,59471.2
1149.757,1194.580,25.4663,0.000,59464.3
1149.757,1194.779,25.4490,0.000,59468.5
1149.757,1194.978,25.4282,0.000,59473.6
1150.257,1195.178,25.4451,0.000,59469.4
1150.257,1195.379,25.4391,0.000,59470.9
1150.757,1195.579,25.4541,0.000,59467.2
1150.757,1195.779,25.4053,0.000,59479.1
1150.757,1195.978,25.4113,0.000,59477.7
1151.257,1196.178,25.3966,0.000,59481.2
1151.257,1196.379,25.4511,0.000,59468.0
1151.757,1196.578,25.4534,0.000,59467.4
1151.757,1196.779,25.4575,0.000,59466.4
1151.757,1196.976,25.4521,0.000,59467.7
1152.256,1197.177,25.4381,0.000,59471.1
1152.256,1197.378,25.4590,0.000,59466.1
1152.757,1197.578,25.4601,0.000,59465.8
1152.757,1197.779,25.4478,0.000,59468.8
1152.757,1197.976,25.4349,0.000,59471.9
1153.257,1198.176,25.4134,0.000,59477.2
1153.257,1198.377,25.4191,0.000,59475.8
1153.757,1198.577,25.4302,0.000,59473.1
1153.757,1198.777,25.4515,0.000,59467.9
1153.757,1198.976,25.4100,0.000,59478.0
1154.257,1199.176,25.4033,0.000,59479.6
1154.257,1199.377,25.4271,0.000,59473.8
1154.757,1199.576,25.4121,0.000,59477.5
1154.757,1199.775,25.4103,0.000,59477.9
1154.757,1199.975,25.4515,0.000,59467.9
1155.257,1200.176,25.4385,0.000,59471.0
1155.257,1200.376,25.4534,0.000,59467.4
1155.757,1200.576,25.4116,0.000,59477.6
1155.757,1200.777,25.3908,0.000,59482.7
1155.757,1200.975,25.4458,0.000,59469.3
1156.257,1201.174,25.3955,0.000,59481.5
1156.257,1201.375,25.3978,0.000,59481.0
1156.757,1201.576,25.4434,0.000,59469.9
1156.757,1201.775,25.4049,0.000,59479.2
1156.757,1201.974,25.4451,0.000,59469.4
1157.257,1202.174,25.4321,0.000,59472.6
1157.257,1202.375,25.4368,0.000,59471.4
1157.757,1202.576,25.3978,0.000,59481.0
1157.757,1202.773,25.4503,0.000,59468.2
1157.757,1202.973,25.4411,0.000,59470.4
1158.257,1203.173,25.4424,0.000,59470.1
1158.257,1203.375,25.3901,0.000,59482.9
1158.756,1203.574,25.4378,0.000,59471.2
1158.757,1203.773,25.3989,0.000,59480.7
1158.757,1203.974,25.3872,0.000,59483.5
1159.257,1204.174,25.4321,0.000,59472.6
1159.257,1204.373,25.4484,0.000,59468.6
1159.757,1204.572,25.4096,0.000,59478.1
1159.757,1204.773,25.4279,0.000,59473.6
1159.757,1204.972,25.4326,0.000,59472.5
1160.257,1205.172,25.4202,0.000,59475.5
1160.257,1205.373,25.3926,0.000,59482.2
1160.757,1205.574,25.4082,0.000,59478.5
1160.757,1205.771,25.4230,0.000,59474.8
1160.757,1205.971,25.4385,0.000,59471.0
1161.257,1206.172,25.4331,0.000,59472.4
1161.257,1206.372,25.4485,0.000,59468.6
1161.755,1206.572,25.4438,0.000,59469.7
1161.756,1206.771,25.4103,0.000,59477.9
1161.756,1206.971,25.4116,0.000,59477.6
1162.257,1207.172,25.3987,0.000,59480.7
1162.257,1207.371,25.4381,0.000,59471.1
1162.757,1207.572,25.4448,0.000,59469.5
1162.757,1207.770,25.4134,0.000,59477.2
1162.757,1207.970,25.4180,0.000,59476.0
1163.257,1208.172,25.4352,0.000,59471.8
1163.257,1208.370,25.4307,0.000,59473.0
1163.757,1208.570,25.3997,0.000,59480.5
1163.757,1208.769,25.4170,0.000,59476.3
1163.757,1208.971,25.4223,0.000,59475.0
1164.257,1209.170,25.4119,0.000,59477.5
1164.257,1209.369,25.3987,0.000,59480.7
1164.757,1209.570,25.3891,0.000,59483.1
1164.757,1209.769,25.4398,0.000,59470.8
1164.757,1209.969,25.4412,0.000,59470.4
1165.257,1210.170,25.4368,0.000,59471.5
1165.257,1210.369,25.4043,0.000,59479.4
1165.757,1210.570,25.4440,0.000,59469.7
1165.757,1210.768,25.3994,0.000,59480.6
1165.757,1210.968,25.3996,0.000,59480.6
1166.257,1211.170,25.4331,0.000,59472.3
1166.257,1211.368,25.4077,0.000,59478.6
1166.757,1211.568,25.4067,0.000,59478.8
1166.757,1211.767,25.4438,0.000,59469.7
1166.757,1211.967,25.4282,0.000,59473.6
1167.256,1212.169,25.4417,0.000,59470.2
1167.257,1212.367,25.4128,0.000,59477.3
1167.757,1212.568,25.4082,0.000,59478.4
1167.757,1212.767,25.4360,0.000,59471.6
1167.758,1212.968,25.4385,0.000,59471.0
1168.256,1213.168,25.4091,0.000,59478.2
1168.256,1213.367,25.4445,0.000,59469.6
1168.757,1213.566,25.4518,0.000,59467.8
1168.757,1213.767,25.3883,0.000,59483.3
1168.757,1213.966,25.4420,0.000,59470.2
1169.257,1214.167,25.3955,0.000,59481.5
1169.257,1214.367,25.4049,0.000,59479.2
1169.757,1214.568,25.4236,0.000,59474.7
1169.757,1214.765,25.3999,0.000,59480.5
1169.757,1214.965,25.4214,0.000,59475.2
1170.257,1215.167,25.4292,0.000,59473.3
1170.257,1215.366,25.3913,0.000,59482.6
1170.757,1215.564,25.4450,0.000,59469.5
1170.757,1215.765,25.3989,0.000,59480.7
1170.757,1215.965,25.3968,0.000,59481.2
1171.257,1216.166,25.3921,0.000,59482.3
1171.257,1216.366,25.4357,0.000,59471.7
1171.757,1216.564,25.4337,0.000,59472.2
1171.757,1216.764,25.4516,0.000,59467.9
1171.757,1216.964,25.4461,0.000,59469.2
1172.257,1217.166,25.4367,0.000,59471.5
1172.257,1217.365,25.3980,0.000,59480.9
1172.757,1217.564,25.4453,0.000,59469.4
1172.757,1217.764,25.4280,0.000,59473.6
1172.757,1217.964,25.4312,0.000,59472.8
1173.257,1218.165,25.4118,0.000,59477.6
1173.257,1218.364,25.4406,0.000,59470.5
1173.757,1218.562,25.4367,0.000,59471.5
1173.757,1218.763,25.3921,0.000,59482.3
1173.757,1218.964,25.4282,0.000,59473.6
1174.257,1219.164,25.4176,0.000,59476.1
1174.257,1219.364,25.4365,0.000,59471.6
1174.757,1219.562,25.4331,0.000,59472.3
1174.757,1219.762,25.4189,0.000,59475.8
1174.758,1219.963,25.4378,0.000,59471.2
1175.256,1220.163,25.4438,0.000,59469.7
1175.257,1220.363,25.3980,0.000,59480.9
1175.757,1220.562,25.4140,0.000,59477.1
1175.757,1220.762,25.3857,0.000,59483.9
1175.757,1220.963,25.4331,0.000,59472.4
1176.257,1221.162,25.4412,0.000,59470.4
1176.257,1221.362,25.4062,0.000,59478.9
1176.757,1221.560,25.4248,0.000,59474.4
1176.757,1221.761,25.4183,0.000,59476.0
1176.757,1221.963,25.4329,0.000,59472.4
1177.257,1222.161,25.3909,0.000,59482.6
1177.257,1222.361,25.4321,0.000,59472.6
1177.757,1222.560,25.4289,0.000,59473.4
1177.757,1222.760,25.3916,0.000,59482.4
1177.757,1222.962,25.3859,0.000,59483.9
1178.257,1223.161,25.4427,0.000,59470.1
1178.257,1223.361,25.4020,0.000,59479.9
1178.757,1223.560,25.4355,0.000,59471.7
1178.757,1223.760,25.3981,0.000,59480.9
1178.757,1223.961,25.3940,0.000,59481.9
1179.257,1224.160,25.4347,0.000,59472.0
1179.257,1224.359,25.4429,0.000,59470.0
1179.757,1224.560,25.4336,0.000,59472.3
1179.757,1224.759,25.4339,0.000,59472.2
1179.757,1224.960,25.4269,0.000,59473.9
1180.257,1225.160,25.4287,0.000,59473.4
1180.257,1225.361,25.4391,0.000,59470.9
1180.757,1225.558,25.4360,0.000,59471.6
1180.757,1225.758,25.4380,0.000,59471.2
1180.757,1225.959,25.4463,0.000,59469.1
1181.257,1226.159,25.3821,0.000,59484.8
1181.257,1226.359,25.3936,0.000,59482.0
1181.757,1226.558,25.4134,0.000,59477.2
1181.757,1226.758,25.3831,0.000,59484.6
1181.757,1226.959,25.4346,0.000,59472.0
1182.257,1227.159,25.4307,0.000,59472.9
1182.257,1227.357,25.4328,0.000,59472.4
1182.758,1227.557,25.4059,0.000,59479.0
1182.759,1227.757,25.4419,0.000,59470.2
1182.759,1227.959,25.4360,0.000,59471.7
1183.257,1228.158,25.4362,0.000,59471.6
1183.257,1228.357,25.4176,0.000,59476.1
1183.757,1228.556,25.4287,0.000,59473.4
1183.757,1228.758,25.4373,0.000,59471.4
1183.757,1228.957,25.4360,0.000,59471.7
1184.257,1229.156,25.4326,0.000,59472.5
1184.257,1229.357,25.3976,0.000,59481.0
1184.757,1229.557,25.4319,0.000,59472.6
1184.757,1229.756,25.4307,0.000,59472.9
1184.757,1229.957,25.4341,0.000,59472.1
1185.257,1230.158,25.3919,0.000,59482.4
1185.257,1230.355,25.4196,0.000,59475.7
1185.757,1230.555,25.4186,0.000,59475.9
1185.757,1230.755,25.4033,0.000,59479.6
1185.757,1230.957,25.4204,0.000,59475.5
1186.257,1231.156,25.3999,0.000,59480.5
1186.257,1231.355,25.4144,0.000,59476.9
1186.757,1231.555,25.4345,0.000,59472.0
1186.757,1231.755,25.4292,0.000,59473.4
1186.757,1231.956,25.4046,0.000,59479.3
1187.257,1232.154,25.4279,0.000,59473.6
1187.257,1232.354,25.4170,0.000,59476.3
1187.757,1232.555,25.4183,0.000,59476.0
1187.757,1232.755,25.4152,0.000,59476.7
1187.758,1232.955,25.4040,0.000,59479.4
1188.257,1233.154,25.4129,0.000,59477.3
1188.257,1233.354,25.4305,0.000,59473.0
1188.757,1233.553,25.4316,0.000,59472.7
1188.757,1233.754,25.3799,0.000,59485.4
1188.757,1233.953,25.4170,0.000,59476.3
1189.257,1234.154,25.4175,0.000,59476.2
1189.257,1234.353,25.4152,0.000,59476.7
1189.757,1234.553,25.4186,0.000,59475.9
1189.757,1234.754,25.3823,0.000,59484.7
1189.757,1234.953,25.3903,0.000,59482.8
1190.257,1235.152,25.4173,0.000,59476.2
1190.257,1235.352,25.3860,0.000,59483.8
1190.757,1235.552,25.4121,0.000,59477.5
1190.757,1235.754,25.4306,0.000,59473.0
1190.757,1235.952,25.4175,0.000,59476.2
1191.257,1236.152,25.4316,0.000,59472.7
1191.257,1236.351,25.4186,0.000,59475.9
1191.756,1236.553,25.3839,0.000,59484.3
1191.757,1236.753,25.4194,0.000,59475.7
1191.757,1236.951,25.3952,0.000,59481.6
1192.257,1237.152,25.3714,0.000,59487.4
1192.257,1237.351,25.3948,0.000,59481.7
1192.757,1237.552,25.4170,0.000,59476.3
1192.757,1237.752,25.4202,0.000,59475.5
1192.757,1237.951,25.4274,0.000,59473.7
1193.257,1238.152,25.4307,0.000,59473.0
1193.257,1238.351,25.4225,0.000,59474.9
1193.757,1238.550,25.4267,0.000,59473.9
1193.757,1238.751,25.4301,0.000,59473.1
1193.757,1238.951,25.3893,0.000,59483.0
1194.257,1239.150,25.4312,0.000,59472.8
1194.257,1239.349,25.4146,0.000,59476.9
1194.757,1239.549,25.4219,0.000,59475.1
1194.757,1239.751,25.4225,0.000,59474.9
1194.757,1239.950,25.4105,0.000,59477.9
1195.257,1240.150,25.4140,0.000,59477.0
1195.257,1240.349,25.4147,0.000,59476.8
1195.757,1240.550,25.4253,0.000,59474.2
1195.757,1240.750,25.4030,0.000,59479.7
1195.757,1240.949,25.4150,0.000,59476.8
1196.256,1241.150,25.4175,0.000,59476.1
1196.257,1241.349,25.4236,0.000,59474.6
1196.757,1241.548,25.4031,0.000,59479.7
1196.757,1241.749,25.4150,0.000,59476.8
1196.757,1241.949,25.3931,0.000,59482.1
1197.257,1242.148,25.4375,0.000,59471.3
1197.257,1242.347,25.4179,0.000,59476.1
1197.755,1242.547,25.4110,0.000,59477.8
1197.756,1242.749,25.3732,0.000,59486.9
1197.756,1242.947,25.4146,0.000,59476.9
1198.257,1243.146,25.4093,0.000,59478.2
1198.257,1243.348,25.4129,0.000,59477.3
1198.757,1243.548,25.4141,0.000,59477.0
1198.757,1243.748,25.4062,0.000,59478.9
1198.757,1243.947,25.4178,0.000,59476.1
1199.257,1244.146,25.3926,0.000,59482.2
1199.257,1244.346,25.3968,0.000,59481.2
1199.757,1244.547,25.3691,0.000,59487.9
1199.757,1244.747,25.4294,0.000,59473.3
1199.757,1244.947,25.4206,0.000,59475.4
1200.257,1245.146,25.4183,0.000,59476.0
1200.257,1245.346,25.3704,0.000,59487.6
1200.757,1245.547,25.4010,0.000,59480.2
1200.757,1245.746,25.4271,0.000,59473.8
1200.757,1245.945,25.3779,0.000,59485.8
1201.257,1246.144,25.4547,0.000,59467.1
1201.257,1246.345,25.4235,0.000,59474.7
1201.757,1246.547,25.4163,0.000,59476.5
1201.757,1246.745,25.4235,0.000,59474.7
1201.757,1246.945,25.4287,0.000,59473.4
1202.255,1247.144,25.4067,0.000,59478.8
1202.256,1247.346,25.4188,0.000,59475.9
1202.757,1247.546,25.4209,0.000,59475.3
1202.757,1247.744,25.4253,0.000,59474.3
1202.757,1247.945,25.4248,0.000,59474.4
1203.257,1248.144,25.3810,0.000,59485.0
1203.257,1248.345,25.3789,0.000,59485.6
1203.757,1248.545,25.4092,0.000,59478.2
1203.757,1248.743,25.3979,0.000,59480.9
1203.757,1248.945,25.3833,0.000,59484.5
1204.257,1249.143,25.4262,0.000,59474.1
1204.257,1249.343,25.4236,0.000,59474.6
1204.757,1249.544,25.3787,0.000,59485.6
1204.758,1249.744,25.4048,0.000,59479.3
1204.758,1249.943,25.4067,0.000,59478.8
1205.257,1250.142,25.4258,0.000,59474.2
1205.257,1250.342,25.3847,0.000,59484.2
1205.757,1250.544,25.4180,0.000,59476.0
1205.757,1250.742,25.4141,0.000,59477.0
1205.757,1250.943,25.3851,0.000,59484.1
1206.256,1251.143,25.4258,0.000,59474.1
1206.257,1251.343,25.3857,0.000,59483.9
1206.757,1251.543,25.4152,0.000,59476.7
1206.757,1251.742,25.4137,0.000,59477.1
1206.757,1251.943,25.3642,0.000,59489.1
1207.257,1252.141,25.3740,0.000,59486.8
1207.257,1252.341,25.3711,0.000,59487.4
1207.257,1252.542,25.4236,0.000,59474.7
1207.757,1252.742,25.3997,0.000,59480.5
1207.757,1252.941,25.3792,0.000,59485.5
1208.255,1253.140,25.4091,0.000,59478.2
1208.255,1253.342,25.4145,0.000,59476.9
1208.757,1253.542,25.4062,0.000,59478.9
1208.757,1253.740,25.4058,0.000,59479.0
1208.757,1253.940,25.4038,0.000,59479.5
1209.257,1254.141,25.3987,0.000,59480.7
1209.257,1254.340,25.4062,0.000,59478.9
1209.257,1254.541,25.3994,0.000,59480.6
1209.756,1254.742,25.4048,0.000,59479.3
1209.756,1254.940,25.4020,0.000,59479.9
1210.257,1255.139,25.4121,0.000,59477.5
1210.257,1255.339,25.4108,0.000,59477.8
1210.257,1255.541,25.4235,0.000,59474.7
1210.757,1255.740,25.4188,0.000,59475.8
1210.757,1255.939,25.4106,0.000,59477.8
1211.256,1256.139,25.3896,0.000,59482.9
1211.256,1256.339,25.3936,0.000,59482.0
1211.256,1256.540,25.4170,0.000,59476.3
1211.757,1256.738,25.4049,0.000,59479.2
1211.757,1256.938,25.3647,0.000,59489.0
1212.256,1257.138,25.4075,0.000,59478.6
1212.257,1257.339,25.3745,0.000,59486.6
1212.257,1257.540,25.3701,0.000,59487.7
1212.756,1257.738,25.4025,0.000,59479.8
1212.757,1257.937,25.4017,0.000,59480.0
1213.257,1258.137,25.3833,0.000,59484.5
1213.257,1258.339,25.4074,0.000,59478.6
1213.257,1258.538,25.4061,0.000,59478.9
1213.757,1258.738,25.3958,0.000,59481.4
1213.757,1258.937,25.3833,0.000,59484.5
1214.257,1259.137,25.3807,0.000,59485.1
1214.257,1259.338,25.4238,0.000,59474.6
1214.257,1259.537,25.3994,0.000,59480.6
1214.757,1259.736,25.3667,0.000,59488.5
1214.757,1259.936,25.4147,0.000,59476.8
1215.256,1260.137,25.3533,0.000,59491.8
1215.257,1260.338,25.3799,0.000,59485.4
1215.257,1260.536,25.4157,0.000,59476.6
1215.757,1260.736,25.4043,0.000,59479.4
1215.757,1260.935,25.4080,0.000,59478.5
1216.257,1261.135,25.4121,0.000,59477.5
1216.257,1261.337,25.3828,0.000,59484.6
1216.257,1261.535,25.4110,0.000,59477.8
1216.757,1261.736,25.3623,0.000,59489.6
1216.757,1261.935,25.3862,0.000,59483.8
1217.257,1262.136,25.4101,0.000,59478.0
1217.257,1262.337,25.3991,0.000,59480.6
1217.257,1262.534,25.4131,0.000,59477.2
1217.756,1262.734,25.3613,0.000,59489.8
1217.757,1262.934,25.3688,0.000,59488.0
1218.257,1263.135,25.4160,0.000,59476.5
1218.257,1263.336,25.3973,0.000,59481.1
1218.257,1263.534,25.4246,0.000,59474.4
1218.757,1263.734,25.4534,0.000,59467.4
1218.758,1263.933,25.4053,0.000,59479.1
1219.257,1264.135,25.3779,0.000,59485.8
1219.257,1264.335,25.3989,0.000,59480.7
1219.257,1264.533,25.3965,0.000,59481.3
1219.757,1264.734,25.3755,0.000,59486.4
1219.757,1264.933,25.4087,0.000,59478.4
1220.257,1265.134,25.4137,0.000,59477.1
1220.257,1265.335,25.4077,0.000,59478.5
1220.258,1265.533,25.4033,0.000,59479.7
1220.757,1265.732,25.4023,0.000,59479.9
1220.757,1265.932,25.4402,0.000,59470.6
1221.257,1266.133,25.3911,0.000,59482.6
1221.257,1266.334,25.3810,0.000,59485.0
1221.257,1266.532,25.3936,0.000,59482.0
1221.757,1266.732,25.4105,0.000,59477.9
1221.757,1266.933,25.3932,0.000,59482.1
1222.257,1267.133,25.3986,0.000,59480.8
1222.257,1267.332,25.3939,0.000,59481.9
1222.257,1267.531,25.3936,0.000,59482.0
1222.757,1267.732,25.4066,0.000,59478.8
1222.757,1267.931,25.3716,0.000,59487.4
1223.256,1268.131,25.4038,0.000,59479.5
1223.256,1268.332,25.3943,0.000,59481.8
1223.256,1268.532,25.4079,0.000,59478.5
1223.757,1268.730,25.4066,0.000,59478.8
1223.757,1268.930,25.4150,0.000,59476.8
1224.257,1269.131,25.4069,0.000,59478.8
1224.257,1269.332,25.3966,0.000,59481.2
1224.257,1269.530,25.3729,0.000,59487.0
1224.757,1269.730,25.4070,0.000,59478.7
1224.757,1269.931,25.3925,0.000,59482.2
1225.256,1270.131,25.4074,0.000,59478.6
1225.256,1270.330,25.3514,0.000,59492.2
1225.256,1270.529,25.3817,0.000,59484.9
1225.757,1270.730,25.4058,0.000,59479.0
1225.757,1270.930,25.3708,0.000,59487.6
1226.257,1271.130,25.4140,0.000,59477.0
1226.257,1271.330,25.3755,0.000,59486.4
1226.257,1271.530,25.4002,0.000,59480.4
1226.757,1271.728,25.3942,0.000,59481.8
1226.757,1271.928,25.4046,0.000,59479.3
1227.257,1272.130,25.3714,0.000,59487.4
1227.257,1272.329,25.3991,0.000,59480.6
1227.257,1272.529,25.4072,0.000,59478.7
1227.757,1272.728,25.4072,0.000,59478.6
1227.757,1272.929,25.3711,0.000,59487.5
1228.257,1273.130,25.4062,0.000,59478.9
1228.257,1273.327,25.3706,0.000,59487.6
1228.257,1273.527,25.3784,0.000,59485.7
1228.757,1273.728,25.3598,0.000,59490.2
1228.757,1273.928,25.3833,0.000,59484.5
1229.257,1274.128,25.4070,0.000,59478.7
1229.257,1274.326,25.4090,0.000,59478.2
1229.257,1274.529,25.3618,0.000,59489.7
1229.757,1274.726,25.4137,0.000,59477.1
1229.757,1274.926,25.3581,0.000,59490.6
1230.255,1275.127,25.3851,0.000,59484.1
1230.256,1275.327,25.3939,0.000,59481.9
1230.256,1275.527,25.3895,0.000,59483.0
1230.760,1275.726,25.3584,0.000,59490.5
1230.760,1275.927,25.4058,0.000,59479.0
1231.257,1276.128,25.3872,0.000,59483.5
1231.257,1276.326,25.3963,0.000,59481.4
1231.257,1276.525,25.3551,0.000,59491.3
1231.757,1276.725,25.3916,0.000,59482.5
1231.757,1276.926,25.3577,0.000,59490.7
1232.257,1277.126,25.3885,0.000,59483.2
1232.257,1277.326,25.4009,0.000,59480.2
1232.257,1277.525,25.4082,0.000,59478.4
1232.757,1277.725,25.4046,0.000,59479.3
1232.757,1277.924,25.3592,0.000,59490.4
1233.257,1278.125,25.3945,0.000,59481.8
1233.257,1278.324,25.4072,0.000,59478.7
1233.258,1278.525,25.3594,0.000,59490.3
1233.757,1278.724,25.3572,0.000,59490.8
1233.757,1278.924,25.3750,0.000,59486.5
1234.257,1279.125,25.3979,0.000,59480.9
1234.257,1279.326,25.3929,0.000,59482.1
1234.257,1279.523,25.3896,0.000,59482.9
1234.757,1279.723,25.3888,0.000,59483.2
1234.757,1279.923,25.3968,0.000,59481.2
1235.257,1280.125,25.3857,0.000,59483.9
1235.257,1280.324,25.3947,0.000,59481.7
1235.257,1280.523,25.3833,0.000,59484.5
1235.757,1280.722,25.3872,0.000,59483.5
1235.757,1280.924,25.3921,0.000,59482.4
1236.257,1281.124,25.4031,0.000,59479.7
1236.257,1281.322,25.3574,0.000,59490.8
1236.257,1281.522,25.3678,0.000,59488.2
1236.757,1281.723,25.3853,0.000,59484.0
1236.757,1281.923,25.3875,0.000,59483.5
1237.257,1282.123,25.3916,0.000,59482.5
1237.257,1282.322,25.4070,0.000,59478.7
1237.257,1282.521,25.4015,0.000,59480.1
1237.757,1282.723,25.4054,0.000,59479.1
1237.757,1282.922,25.3813,0.000,59485.0
1238.257,1283.122,25.4075,0.000,59478.6
1238.257,1283.322,25.4123,0.000,59477.4
1238.257,1283.521,25.3891,0.000,59483.1
1238.756,1283.722,25.4049,0.000,59479.2
1238.756,1283.922,25.3724,0.000,59487.2
1239.257,1284.121,25.4070,0.000,59478.7
1239.258,1284.322,25.3831,0.000,59484.6
1239.258,1284.521,25.3828,0.000,59484.6
1239.755,1284.720,25.3550,0.000,59491.4
1239.756,1284.921,25.3893,0.000,59483.0
1240.257,1285.121,25.3634,0.000,59489.3
1240.257,1285.322,25.3649,0.000,59489.0
1240.257,1285.519,25.3950,0.000,59481.6
1240.756,1285.719,25.3740,0.000,59486.8
1240.757,1285.921,25.3919,0.000,59482.4
1241.255,1286.119,25.3875,0.000,59483.5
1241.256,1286.320,25.3807,0.000,59485.2
1241.256,1286.519,25.3904,0.000,59482.7
1241.757,1286.720,25.3900,0.000,59482.9
1241.757,1286.921,25.4087,0.000,59478.3
1242.257,1287.118,25.3906,0.000,59482.7
1242.257,1287.318,25.4026,0.000,59479.8
1242.257,1287.518,25.3737,0.000,59486.8
1242.757,1287.719,25.4056,0.000,59479.1
1242.757,1287.920,25.3983,0.000,59480.9
1243.257,1288.117,25.3929,0.000,59482.2
1243.257,1288.318,25.3957,0.000,59481.5
1243.257,1288.518,25.3709,0.000,59487.5
1243.757,1288.717,25.4057,0.000,59479.1
1243.757,1288.918,25.3618,0.000,59489.7
1244.257,1289.117,25.3589,0.000,59490.4
1244.257,1289.318,25.3877,0.000,59483.4
1244.257,1289.517,25.4066,0.000,59478.8
1244.757,1289.717,25.4082,0.000,59478.4
1244.757,1289.918,25.3543,0.000,59491.6
1245.257,1290.118,25.4110,0.000,59477.8
1245.257,1290.316,25.3730,0.000,59487.0
1245.257,1290.516,25.4093,0.000,59478.2
1245.757,1290.717,25.4093,0.000,59478.1
1245.757,1290.918,25.4062,0.000,59478.9
1246.257,1291.116,25.3906,0.000,59482.7
1246.257,1291.316,25.4202,0.000,59475.5
1246.257,1291.516,25.4056,0.000,59479.1
1246.757,1291.716,25.3934,0.000,59482.1
1246.757,1291.916,25.3950,0.000,59481.7
1247.257,1292.115,25.3831,0.000,59484.6
1247.257,1292.314,25.4352,0.000,59471.8
1247.257,1292.516,25.3761,0.000,59486.2
1247.757,1292.716,25.4049,0.000,59479.2
1247.757,1292.916,25.3708,0.000,59487.5
1248.257,1293.115,25.3996,0.000,59480.6
1248.257,1293.314,25.4080,0.000,59478.5
1248.257,1293.516,25.3714,0.000,59487.4
1248.757,1293.715,25.4105,0.000,59477.9
1248.757,1293.915,25.4096,0.000,59478.1
1249.257,1294.114,25.4155,0.000,59476.7
1249.257,1294.314,25.3983,0.000,59480.9
1249.257,1294.515,25.4124,0.000,59477.4
1249.757,1294.715,25.3660,0.000,59488.7
1249.757,1294.914,25.3626,0.000,59489.5
1250.257,1295.113,25.4030,0.000,59479.7
1250.257,1295.312,25.4123,0.000,59477.4
1250.257,1295.514,25.3882,0.000,59483.3
1250.757,1295.714,25.3867,0.000,59483.7
1250.757,1295.914,25.3784,0.000,59485.7
1251.257,1296.113,25.3737,0.000,59486.8
1251.257,1296.312,25.3776,0.000,59485.9
1251.257,1296.513,25.3927,0.000,59482.2
1251.756,1296.713,25.3865,0.000,59483.7
1251.756,1296.912,25.3572,0.000,59490.8
1252.257,1297.113,25.3940,0.000,59481.9
1252.257,1297.312,25.4020,0.000,59479.9
1252.257,1297.512,25.4028,0.000,59479.7
1252.757,1297.713,25.3950,0.000,59481.6
1252.757,1297.912,25.3560,0.000,59491.1
1253.255,1298.111,25.4170,0.000,59476.3
1253.255,1298.310,25.4150,0.000,59476.8
1253.255,1298.512,25.4013,0.000,59480.1
1253.755,1298.713,25.3537,0.000,59491.7
1253.756,1298.910,25.3579,0.000,59490.7
1254.257,1299.111,25.4067,0.000,59478.8
1254.257,1299.310,25.3872,0.000,59483.6
1254.257,1299.511,25.3808,0.000,59485.1
1254.757,1299.711,25.3913,0.000,59482.6
1254.757,1299.910,25.4126,0.000,59477.4
1255.257,1300.111,25.4209,0.000,59475.3
1255.257,1300.310,25.3613,0.000,59489.8
1255.257,1300.510,25.3755,0.000,59486.4
1255.758,1300.711,25.4307,0.000,59472.9
1255.759,1300.911,25.3980,0.000,59480.9
1256.257,1301.109,25.3945,0.000,59481.8
1256.257,1301.309,25.3987,0.000,59480.7
1256.257,1301.510,25.3800,0.000,59485.3
1256.757,1301.711,25.3948,0.000,59481.7
1256.757,1301.909,25.4090,0.000,59478.2
1257.257,1302.109,25.4069,0.000,59478.8
1257.257,1302.309,25.3774,0.000,59485.9
1257.257,1302.509,25.3768,0.000,59486.1
1257.757,1302.709,25.3559,0.000,59491.2
1257.757,1302.908,25.4067,0.000,59478.8
1258.257,1303.109,25.3830,0.000,59484.6
1258.257,1303.309,25.3966,0.000,59481.2
1258.257,1303.509,25.4160,0.000,59476.5
1258.757,1303.709,25.4023,0.000,59479.9
1258.757,1303.908,25.4038,0.000,59479.5
1259.257,1304.107,25.3574,0.000,59490.8
1259.257,1304.309,25.3730,0.000,59487.0
1259.257,1304.508,25.4119,0.000,59477.5
1259.755,1304.708,25.3613,0.000,59489.8
1259.756,1304.908,25.3906,0.000,59482.7
1260.257,1305.107,25.3975,0.000,59481.0
1260.257,1305.308,25.4096,0.000,59478.1
1260.257,1305.508,25.4118,0.000,59477.6
1260.757,1305.707,25.4284,0.000,59473.5
1260.757,1305.906,25.4049,0.000,59479.2
1261.257,1306.106,25.4098,0.000,59478.0
1261.257,1306.307,25.3969,0.000,59481.2
1261.257,1306.507,25.4079,0.000,59478.5
1261.757,1306.707,25.4145,0.000,59476.9
1261.757,1306.906,25.3694,0.000,59487.9
1262.257,1307.105,25.3860,0.000,59483.8
1262.257,1307.307,25.4111,0.000,59477.7
1262.257,1307.506,25.3760,0.000,59486.3
1262.757,1307.706,25.3844,0.000,59484.2
1262.757,1307.906,25.4204,0.000,59475.5
1263.257,1308.105,25.3823,0.000,59484.7
1263.257,1308.306,25.4165,0.000,59476.4
1263.257,1308.506,25.3969,0.000,59481.2
1263.756,1308.705,25.3672,0.000,59488.4
1263.756,1308.904,25.3936,0.000,59482.0
1264.257,1309.104,25.4046,0.000,59479.3
1264.257,1309.305,25.3857,0.000,59483.9
1264.257,1309.505,25.3875,0.000,59483.5
1264.757,1309.705,25.3745,0.000,59486.7
1264.757,1309.904,25.3611,0.000,59489.9
1265.257,1310.103,25.3740,0.000,59486.8
1265.257,1310.305,25.3799,0.000,59485.3
1265.257,1310.505,25.3965,0.000,59481.3
1265.757,1310.703,25.3631,0.000,59489.4
1265.757,1310.904,25.4069,0.000,59478.8
1266.257,1311.104,25.3936,0.000,59482.0
1266.257,1311.304,25.3698,0.000,59487.8
1266.257,1311.504,25.3925,0.000,59482.2
1266.757,1311.702,25.3582,0.000,59490.6
1266.757,1311.902,25.4033,0.000,59479.6
1267.256,1312.103,25.4056,0.000,59479.1
1267.256,1312.303,25.3496,0.000,59492.7
1267.256,1312.503,25.3634,0.000,59489.3
1267.757,1312.701,25.3936,0.000,59482.0
1267.757,1312.902,25.3672,0.000,59488.4
1268.257,1313.102,25.3646,0.000,59489.1
1268.257,1313.302,25.3496,0.000,59492.7
1268.257,1313.502,25.3545,0.000,59491.5
1268.757,1313.701,25.3789,0.000,59485.6
1268.757,1313.902,25.3989,0.000,59480.7
1269.257,1314.102,25.4070,0.000,59478.7
1269.257,1314.302,25.3911,0.000,59482.6
1269.257,1314.502,25.3864,0.000,59483.8
1269.757,1314.701,25.3848,0.000,59484.1
1269.757,1314.902,25.3856,0.000,59483.9
1270.257,1315.100,25.3864,0.000,59483.7
1270.257,1315.300,25.3970,0.000,59481.1
1270.257,1315.502,25.4025,0.000,59479.8
1270.757,1315.701,25.3936,0.000,59482.0
1270.757,1315.900,25.3618,0.000,59489.7
1271.256,1316.099,25.3916,0.000,59482.5
1271.256,1316.301,25.3999,0.000,59480.5
1271.256,1316.500,25.3592,0.000,59490.4
1271.756,1316.699,25.3860,0.000,59483.8
1271.757,1316.900,25.3452,0.000,59493.8
1272.257,1317.100,25.3844,0.000,59484.2
1272.257,1317.299,25.3851,0.000,59484.1
1272.258,1317.500,25.3657,0.000,59488.8
1272.757,1317.699,25.3787,0.000,59485.6
1272.757,1317.900,25.3782,0.000,59485.7
1273.257,1318.098,25.3953,0.000,59481.6
1273.257,1318.298,25.3826,0.000,59484.7
1273.257,1318.500,25.3491,0.000,59492.8
1273.757,1318.698,25.4022,0.000,59479.9
1273.757,1318.898,25.3994,0.000,59480.6
1274.257,1319.097,25.3551,0.000,59491.3
1274.257,1319.299,25.3752,0.000,59486.5
1274.257,1319.498,25.3963,0.000,59481.4
1274.757,1319.697,25.3891,0.000,59483.1
1274.757,1319.898,25.3970,0.000,59481.2
1275.256,1320.098,25.3909,0.000,59482.6
1275.256,1320.297,25.3936,0.000,59482.0
1275.256,1320.498,25.3886,0.000,59483.2
1275.757,1320.697,25.3888,0.000,59483.1
1275.757,1320.896,25.3734,0.000,59486.9
1276.255,1321.097,25.3602,0.000,59490.1
1276.255,1321.297,25.3974,0.000,59481.1
1276.255,1321.497,25.3989,0.000,59480.7
1276.757,1321.696,25.3862,0.000,59483.8
1276.757,1321.896,25.3445,0.000,59493.9
1277.255,1322.097,25.3466,0.000,59493.4
1277.256,1322.297,25.3974,0.000,59481.1
1277.256,1322.496,25.3975,0.000,59481.1
1277.757,1322.695,25.3870,0.000,59483.6
1277.757,1322.896,25.3486,0.000,59493.0
1278.256,1323.096,25.3724,0.000,59487.2
1278.256,1323.297,25.3452,0.000,59493.8
1278.257,1323.494,25.3431,0.000,59494.3
1278.757,1323.695,25.3880,0.000,59483.4
1278.757,1323.894,25.3459,0.000,59493.6
1279.257,1324.096,25.4020,0.000,59480.0
1279.257,1324.295,25.3618,0.000,59489.8
1279.257,1324.494,25.3914,0.000,59482.6
1279.757,1324.695,25.3940,0.000,59481.9
1279.757,1324.894,25.3865,0.000,59483.7
1280.258,1325.095,25.3978,0.000,59481.0
1280.258,1325.295,25.3839,0.000,59484.4
1280.258,1325.493,25.3665,0.000,59488.6
1280.757,1325.693,25.4040,0.000,59479.5
1280.757,1325.894,25.3483,0.000,59493.0
1281.257,1326.094,25.3929,0.000,59482.1
1281.257,1326.294,25.4096,0.000,59478.1
1281.257,1326.492,25.3975,0.000,59481.1
1281.757,1326.695,25.3432,0.000,59494.2
1281.757,1326.893,25.3532,0.000,59491.8
1282.257,1327.092,25.3887,0.000,59483.2
1282.257,1327.293,25.3852,0.000,59484.0
1282.258,1327.493,25.3672,0.000,59488.4
1282.757,1327.693,25.4090,0.000,59478.2
1282.757,1327.892,25.3989,0.000,59480.7
1283.257,1328.092,25.4018,0.000,59480.0
1283.257,1328.293,25.3926,0.000,59482.2
1283.257,1328.493,25.3673,0.000,59488.4
1283.757,1328.691,25.3735,0.000,59486.9
1283.757,1328.891,25.3506,0.000,59492.5
1284.257,1329.092,25.3634,0.000,59489.3
1284.257,1329.292,25.3821,0.000,59484.8
1284.257,1329.492,25.3634,0.000,59489.3
1284.757,1329.691,25.3510,0.000,59492.4
1284.757,1329.891,25.4014,0.000,59480.1
1285.257,1330.090,25.3708,0.000,59487.5
1285.257,1330.291,25.3989,0.000,59480.7
1285.257,1330.490,25.3675,0.000,59488.4
1285.757,1330.691,25.4035,0.000,59479.6
1285.757,1330.890,25.3984,0.000,59480.8
1286.257,1331.090,25.3939,0.000,59481.9
1286.257,1331.291,25.3936,0.000,59482.0
1286.257,1331.490,25.3999,0.000,59480.4
1286.757,1331.689,25.3560,0.000,59491.1
1286.757,1331.889,25.3642,0.000,59489.2
1287.257,1332.090,25.4152,0.000,59476.7
1287.257,1332.290,25.4098,0.000,59478.0
1287.257,1332.490,25.4067,0.000,59478.8
1287.757,1332.690,25.3867,0.000,59483.7
1287.757,1332.889,25.3524,0.000,59492.0
1288.255,1333.089,25.3958,0.000,59481.4
1288.256,1333.289,25.4075,0.000,59478.6
1288.256,1333.490,25.3638,0.000,59489.2
1288.757,1333.688,25.3525,0.000,59492.0
1288.757,1333.888,25.3898,0.000,59482.9
1289.257,1334.089,25.3582,0.000,59490.6
1289.257,1334.290,25.3413,0.000,59494.7
1289.257,1334.488,25.3727,0.000,59487.1
1289.757,1334.687,25.3966,0.000,59481.2
1289.757,1334.889,25.3745,0.000,59486.6
1290.257,1335.088,25.3997,0.000,59480.5
1290.257,1335.287,25.3882,0.000,59483.3
1290.258,1335.488,25.3636,0.000,59489.3
1290.757,1335.688,25.3867,0.000,59483.7
1290.757,1335.888,25.3639,0.000,59489.2
1291.257,1336.088,25.3761,0.000,59486.2
1291.257,1336.286,25.4121,0.000,59477.5
1291.257,1336.486,25.3914,0.000,59482.5
1291.757,1336.687,25.3750,0.000,59486.5
1291.757,1336.887,25.4129,0.000,59477.3
1292.257,1337.087,25.3996,0.000,59480.6
1292.257,1337.285,25.4192,0.000,59475.7
1292.257,1337.486,25.3921,0.000,59482.4
1292.757,1337.686,25.4186,0.000,59475.9
1292.757,1337.886,25.4144,0.000,59476.9
1293.257,1338.086,25.4036,0.000,59479.5
1293.257,1338.285,25.3667,0.000,59488.5
1293.257,1338.486,25.4119,0.000,59477.5
1293.757,1338.686,25.4036,0.000,59479.5
1293.757,1338.886,25.3748,0.000,59486.6
1294.257,1339.086,25.3908,0.000,59482.7
1294.257,1339.284,25.3970,0.000,59481.1
1294.257,1339.486,25.3554,0.000,59491.3
1294.756,1339.685,25.3574,0.000,59490.8
1294.756,1339.884,25.4019,0.000,59480.0
1295.257,1340.085,25.4082,0.000,59478.4
1295.257,1340.284,25.4030,0.000,59479.7
1295.257,1340.486,25.3896,0.000,59483.0
1295.757,1340.684,25.3870,0.000,59483.6
1295.757,1340.883,25.4245,0.000,59474.5
1296.257,1341.084,25.3820,0.000,59484.8
1296.257,1341.283,25.3857,0.000,59483.9
1296.257,1341.484,25.3973,0.000,59481.1
1296.757,1341.684,25.3633,0.000,59489.4
1296.757,1341.883,25.3960,0.000,59481.4
1297.257,1342.084,25.3970,0.000,59481.1
1297.257,1342.283,25.3556,0.000,59491.2
1297.257,1342.484,25.3504,0.000,59492.5
1297.757,1342.683,25.3564,0.000,59491.1
1297.757,1342.882,25.3931,0.000,59482.1
1298.257,1343.083,25.3598,0.000,59490.2
1298.257,1343.282,25.3870,0.000,59483.6
1298.258,1343.484,25.3901,0.000,59482.8
1298.757,1343.681,25.3807,0.000,59485.2
1298.757,1343.881,25.4009,0.000,59480.2
1299.257,1344.082,25.4036,0.000,59479.6
1299.257,1344.282,25.4009,0.000,59480.2
1299.257,1344.480,25.3867,0.000,59483.7
1299.757,1344.681,25.3805,0.000,59485.2
1299.758,1344.881,25.3765,0.000,59486.1
1300.257,1345.082,25.3685,0.000,59488.1
1300.257,1345.281,25.4053,0.000,59479.1
1300.258,1345.480,25.3618,0.000,59489.7
1300.757,1345.682,25.3989,0.000,59480.7
1300.757,1345.881,25.4009,0.000,59480.2
1301.257,1346.081,25.3860,0.000,59483.8
1301.257,1346.280,25.4192,0.000,59475.7
1301.257,1346.480,25.3688,0.000,59488.0
1301.757,1346.680,25.3999,0.000,59480.4
1301.757,1346.880,25.3851,0.000,59484.1
1302.257,1347.081,25.3812,0.000,59485.0
1302.257,1347.279,25.3839,0.000,59484.3
1302.257,1347.478,25.3823,0.000,59484.7
1302.757,1347.679,25.3932,0.000,59482.1
1302.757,1347.880,25.3963,0.000,59481.4
1303.257,1348.080,25.3530,0.000,59491.9
1303.257,1348.279,25.3470,0.000,59493.3
1303.257,1348.478,25.3698,0.000,59487.8
1303.757,1348.679,25.3932,0.000,59482.1
1303.757,1348.879,25.3787,0.000,59485.6
1304.257,1349.078,25.3477,0.000,59493.2
1304.257,1349.279,25.4043,0.000,59479.4
1304.257,1349.478,25.3488,0.000,59492.9
1304.757,1349.678,25.3818,0.000,59484.8
1304.757,1349.879,25.3670,0.000,59488.5
1305.257,1350.078,25.3727,0.000,59487.1
1305.257,1350.277,25.3891,0.000,59483.1
1305.257,1350.476,25.3831,0.000,59484.6
1305.757,1350.677,25.3747,0.000,59486.6
1305.757,1350.879,25.3833,0.000,59484.5
1306.255,1351.076,25.3929,0.000,59482.1
1306.255,1351.277,25.3975,0.000,59481.1
1306.255,1351.476,25.3846,0.000,59484.2
1306.757,1351.678,25.3898,0.000,59482.9
1306.757,1351.877,25.3466,0.000,59493.4
1307.257,1352.076,25.3839,0.000,59484.3
1307.257,1352.277,25.3420,0.000,59494.5
1307.257,1352.476,25.4080,0.000,59478.5
1307.757,1352.676,25.4017,0.000,59480.0
1307.757,1352.877,25.3779,0.000,59485.8
1308.257,1353.076,25.3813,0.000,59485.0
1308.257,1353.277,25.3628,0.000,59489.5
1308.257,1353.475,25.3924,0.000,59482.3
1308.755,1353.675,25.3970,0.000,59481.2
1308.755,1353.876,25.3968,0.000,59481.2
1309.257,1354.076,25.3584,0.000,59490.5
1309.257,1354.275,25.3939,0.000,59481.9
1309.257,1354.474,25.3662,0.000,59488.6
1309.757,1354.676,25.3903,0.000,59482.8
1309.757,1354.876,25.3509,0.000,59492.4
1310.257,1355.074,25.4012,0.000,59480.1
1310.257,1355.275,25.3916,0.000,59482.5
1310.257,1355.475,25.3533,0.000,59491.8
1310.757,1355.674,25.3896,0.000,59483.0
1310.757,1355.875,25.3327,0.000,59496.8
1311.257,1356.074,25.3808,0.000,59485.1
1311.257,1356.275,25.3747,0.000,59486.6
1311.257,1356.473,25.3553,0.000,59491.3
1311.757,1356.673,25.3564,0.000,59491.1
1311.757,1356.874,25.3888,0.000,59483.1
1312.256,1357.074,25.3800,0.000,59485.3
1312.256,1357.273,25.3413,0.000,59494.7
1312.256,1357.472,25.3444,0.000,59493.9
1312.757,1357.674,25.3745,0.000,59486.7
1312.758,1357.874,25.3924,0.000,59482.3
1313.257,1358.072,25.3416,0.000,59494.6
1313.257,1358.272,25.3618,0.000,59489.7
1313.257,1358.473,25.3540,0.000,59491.6
1313.757,1358.672,25.3804,0.000,59485.2
1313.757,1358.873,25.3740,0.000,59486.8
1314.256,1359.072,25.3644,0.000,59489.1
1314.256,1359.272,25.3791,0.000,59485.5
1314.256,1359.471,25.3960,0.000,59481.4
1314.757,1359.672,25.3611,0.000,59489.9
1314.757,1359.872,25.3698,0.000,59487.8
1315.257,1360.072,25.3582,0.000,59490.6
1315.257,1360.272,25.3604,0.000,59490.1
1315.257,1360.471,25.3891,0.000,59483.1
1315.756,1360.672,25.3787,0.000,59485.6
1315.756,1360.871,25.3436,0.000,59494.1
1316.257,1361.072,25.3770,0.000,59486.0
1316.257,1361.271,25.3618,0.000,59489.7
1316.257,1361.470,25.3803,0.000,59485.2
1316.757,1361.671,25.3532,0.000,59491.8
1316.757,1361.869,25.3851,0.000,59484.1
1317.257,1362.072,25.3809,0.000,59485.1
1317.257,1362.270,25.3704,0.000,59487.6
1317.257,1362.469,25.3986,0.000,59480.8
1317.757,1362.670,25.3550,0.000,59491.4
1317.757,1362.869,25.3852,0.000,59484.0
1318.257,1363.070,25.3302,0.000,59497.4
1318.257,1363.270,25.3571,0.000,59490.9
1318.257,1363.469,25.3685,0.000,59488.1
1318.757,1363.670,25.3913,0.000,59482.6
1318.757,1363.868,25.3374,0.000,59495.7
1319.257,1364.070,25.3398,0.000,59495.0
1319.257,1364.269,25.3914,0.000,59482.5
1319.257,1364.468,25.3654,0.000,59488.9
1319.757,1364.669,25.3742,0.000,59486.7
1319.757,1364.867,25.3459,0.000,59493.6
1320.255,1365.070,25.3445,0.000,59493.9
1320.255,1365.267,25.3904,0.000,59482.8
1320.256,1365.467,25.3735,0.000,59486.9
1320.757,1365.668,25.3770,0.000,59486.0
1320.757,1365.868,25.3595,0.000,59490.3
1321.257,1366.068,25.3426,0.000,59494.4
1321.257,1366.267,25.3677,0.000,59488.3
1321.257,1366.468,25.3426,0.000,59494.4
1321.757,1366.669,25.3750,0.000,59486.5
1321.757,1366.867,25.3906,0.000,59482.7
1322.257,1367.066,25.3405,0.000,59494.9
1322.257,1367.267,25.3953,0.000,59481.6
1322.257,1367.466,25.3975,0.000,59481.0
1322.757,1367.667,25.3499,0.000,59492.6
1322.757,1367.866,25.3654,0.000,59488.9
1323.257,1368.068,25.3644,0.000,59489.1
1323.257,1368.266,25.4040,0.000,59479.4
1323.257,1368.465,25.3957,0.000,59481.5
1323.757,1368.666,25.3821,0.000,59484.8
1323.757,1368.866,25.3598,0.000,59490.2
1324.257,1369.066,25.3620,0.000,59489.7
1324.257,1369.265,25.3383,0.000,59495.4
1324.257,1369.465,25.3791,0.000,59485.5
1324.756,1369.666,25.3880,0.000,59483.4
1324.756,1369.866,25.3514,0.000,59492.3
1325.257,1370.064,25.3975,0.000,59481.1
1325.257,1370.264,25.3784,0.000,59485.7
1325.257,1370.464,25.3657,0.000,59488.8
1325.759,1370.665,25.3843,0.000,59484.2
1325.759,1370.865,25.3975,0.000,59481.1
1326.256,1371.064,25.3937,0.000,59482.0
1326.256,1371.264,25.3604,0.000,59490.1
1326.256,1371.464,25.3481,0.000,59493.0
1326.757,1371.664,25.3489,0.000,59492.8
1326.757,1371.864,25.3421,0.000,59494.5
1327.256,1372.062,25.3852,0.000,59484.0
1327.256,1372.263,25.3818,0.000,59484.9
1327.256,1372.464,25.3965,0.000,59481.3
1327.757,1372.664,25.3572,0.000,59490.8
1327.757,1372.863,25.3807,0.000,59485.1
1328.257,1373.062,25.3874,0.000,59483.5
1328.257,1373.264,25.3787,0.000,59485.6
1328.257,1373.463,25.3460,0.000,59493.6
1328.756,1373.662,25.3815,0.000,59484.9
1328.757,1373.863,25.3763,0.000,59486.2
1329.257,1374.062,25.3810,0.000,59485.0
1329.258,1374.262,25.3771,0.000,59486.0
1329.258,1374.463,25.3805,0.000,59485.2
1329.757,1374.661,25.3843,0.000,59484.2
1329.757,1374.862,25.3587,0.000,59490.5
1330.257,1375.060,25.3976,0.000,59481.0
1330.257,1375.261,25.3520,0.000,59492.1
1330.257,1375.463,25.3991,0.000,59480.6
1330.757,1375.661,25.3600,0.000,59490.1
1330.757,1375.861,25.3507,0.000,59492.4
1331.257,1376.060,25.4090,0.000,59478.2
1331.257,1376.262,25.3800,0.000,59485.3
1331.257,1376.461,25.3970,0.000,59481.2
1331.757,1376.660,25.3659,0.000,59488.7
1331.757,1376.861,25.3877,0.000,59483.4
1332.257,1377.060,25.3397,0.000,59495.1
1332.257,1377.260,25.3957,0.000,59481.5
1332.257,1377.461,25.3807,0.000,59485.2
1332.757,1377.661,25.3781,0.000,59485.8
1332.757,1377.861,25.3496,0.000,59492.7
1333.257,1378.059,25.3978,0.000,59481.0
1333.257,1378.259,25.3888,0.000,59483.1
1333.257,1378.460,25.3800,0.000,59485.3
1333.757,1378.660,25.3882,0.000,59483.3
1333.757,1378.861,25.3593,0.000,59490.3
1334.257,1379.058,25.3628,0.000,59489.5
1334.258,1379.258,25.4017,0.000,59480.0
1334.258,1379.459,25.3833,0.000,59484.5
1334.757,1379.659,25.3662,0.000,59488.7
1334.757,1379.859,25.3756,0.000,59486.4
1335.257,1380.058,25.3462,0.000,59493.5
1335.257,1380.258,25.3945,0.000,59481.8
1335.257,1380.459,25.3559,0.000,59491.2
1335.757,1380.659,25.3786,0.000,59485.6
1335.757,1380.859,25.3745,0.000,59486.7
1336.256,1381.057,25.3803,0.000,59485.2
1336.257,1381.257,25.4090,0.000,59478.2
1336.257,1381.458,25.4149,0.000,59476.8
1336.757,1381.658,25.3423,0.000,59494.5
1336.757,1381.859,25.3936,0.000,59482.0
1337.257,1382.056,25.3950,0.000,59481.6
1337.257,1382.256,25.4017,0.000,59480.0
1337.257,1382.457,25.3442,0.000,59494.0
1337.757,1382.658,25.4023,0.000,59479.9
1337.757,1382.857,25.3809,0.000,59485.1
1338.257,1383.056,25.3712,0.000,59487.4
1338.257,1383.256,25.3708,0.000,59487.6
1338.257,1383.457,25.3970,0.000,59481.1
1338.757,1383.658,25.3937,0.000,59482.0
1338.757,1383.856,25.3999,0.000,59480.4
1339.257,1384.055,25.3997,0.000,59480.5
1339.257,1384.255,25.3812,0.000,59485.0
1339.257,1384.456,25.3838,0.000,59484.4
1339.757,1384.656,25.3831,0.000,59484.6
1339.757,1384.856,25.3918,0.000,59482.4
1340.257,1385.055,25.3857,0.000,59483.9
1340.257,1385.255,25.3496,0.000,59492.7
1340.258,1385.455,25.3626,0.000,59489.5
1340.757,1385.656,25.3730,0.000,59487.0
1340.757,1385.855,25.3611,0.000,59489.9
1341.257,1386.054,25.3906,0.000,59482.7
1341.257,1386.255,25.3815,0.000,59484.9
1341.257,1386.455,25.3810,0.000,59485.1
1341.757,1386.656,25.3618,0.000,59489.8
1341.757,1386.853,25.3550,0.000,59491.4
1342.257,1387.053,25.3821,0.000,59484.8
1342.257,1387.255,25.3792,0.000,59485.5
1342.257,1387.454,25.4189,0.000,59475.8
1342.757,1387.654,25.3979,0.000,59480.9
1342.757,1387.853,25.3874,0.000,59483.5
1343.256,1388.054,25.3517,0.000,59492.2
1343.257,1388.254,25.3968,0.000,59481.2
1343.257,1388.452,25.3888,0.000,59483.2
1343.757,1388.652,25.4057,0.000,59479.1
1343.757,1388.853,25.3672,0.000,59488.4
1344.257,1389.052,25.3891,0.000,59483.1
1344.257,1389.253,25.4007,0.000,59480.2
1344.257,1389.451,25.3887,0.000,59483.2
1344.756,1389.654,25.3660,0.000,59488.7
1344.756,1389.851,25.3488,0.000,59492.9
1345.257,1390.051,25.3750,0.000,59486.5
1345.257,1390.252,25.3623,0.000,59489.6
1345.257,1390.452,25.3828,0.000,59484.6
1345.756,1390.652,25.3818,0.000,59484.8
1345.756,1390.851,25.3628,0.000,59489.5
1346.256,1391.051,25.3533,0.000,59491.8
1346.256,1391.252,25.4007,0.000,59480.3
1346.256,1391.452,25.3830,0.000,59484.6
1346.757,1391.652,25.3821,0.000,59484.8
1346.757,1391.850,25.3896,0.000,59483.0
1347.257,1392.050,25.3997,0.000,59480.5
1347.257,1392.251,25.3442,0.000,59494.0
1347.257,1392.451,25.3530,0.000,59491.9
1347.757,1392.652,25.4062,0.000,59478.9
1347.757,1392.849,25.3694,0.000,59487.9
1348.258,1393.049,25.3921,0.000,59482.3
1348.258,1393.250,25.4072,0.000,59478.7
1348.258,1393.450,25.3632,0.000,59489.4
1348.756,1393.650,25.3896,0.000,59482.9
1348.756,1393.849,25.3688,0.000,59488.0
1349.257,1394.050,25.3980,0.000,59480.9
1349.257,1394.251,25.3644,0.000,59489.1
1349.257,1394.449,25.3809,0.000,59485.1
1349.757,1394.648,25.3703,0.000,59487.7
1349.757,1394.850,25.3782,0.000,59485.7
1350.257,1395.048,25.3603,0.000,59490.1
1350.257,1395.249,25.4001,0.000,59480.4
1350.257,1395.448,25.3807,0.000,59485.2
1350.757,1395.650,25.3909,0.000,59482.6
1350.757,1395.847,25.3957,0.000,59481.5
1351.257,1396.047,25.3906,0.000,59482.7
1351.257,1396.248,25.3852,0.000,59484.0
1351.257,1396.448,25.3662,0.000,59488.6
1351.757,1396.648,25.3937,0.000,59482.0
1351.757,1396.847,25.3616,0.000,59489.8
1352.257,1397.047,25.3936,0.000,59482.0
1352.257,1397.248,25.3774,0.000,59485.9
1352.257,1397.448,25.3942,0.000,59481.8
1352.757,1397.646,25.3795,0.000,59485.4
1352.757,1397.846,25.4017,0.000,59480.0
1353.257,1398.047,25.3527,0.000,59491.9
1353.257,1398.247,25.3870,0.000,59483.6
1353.257,1398.447,25.3509,0.000,59492.4
1353.757,1398.646,25.3607,0.000,59490.0
1353.757,1398.846,25.3817,0.000,59484.9
1354.257,1399.047,25.4345,0.000,59472.0
1354.257,1399.246,25.3963,0.000,59481.4
1354.257,1399.446,25.3694,0.000,59487.9
1354.757,1399.644,25.4017,0.000,59480.0
1354.757,1399.845,25.3631,0.000,59489.4
1355.257,1400.046,25.3893,0.000,59483.0
1355.257,1400.246,25.3833,0.000,59484.5
1355.257,1400.446,25.3965,0.000,59481.3
1355.757,1400.644,25.3613,0.000,59489.8
1355.757,1400.844,25.3802,0.000,59485.2
1356.255,1401.046,25.3655,0.000,59488.8
1356.256,1401.245,25.4046,0.000,59479.3
1356.256,1401.445,25.3980,0.000,59480.9
1356.757,1401.644,25.3980,0.000,59480.9
1356.757,1401.845,25.3966,0.000,59481.2
1357.257,1402.046,25.3488,0.000,59492.9
1357.257,1402.243,25.3678,0.000,59488.2
1357.257,1402.443,25.3563,0.000,59491.1
1357.757,1402.644,25.3818,0.000,59484.9
1357.757,1402.844,25.3542,0.000,59491.6
1358.257,1403.044,25.3947,0.000,59481.7
1358.257,1403.242,25.3885,0.000,59483.2
1358.257,1403.445,25.4153,0.000,59476.7
1358.757,1403.642,25.3696,0.000,59487.8
1358.757,1403.842,25.4035,0.000,59479.6
1359.257,1404.043,25.3857,0.000,59483.9
1359.257,1404.243,25.3800,0.000,59485.3
1359.257,1404.443,25.3569,0.000,59490.9
1359.757,1404.642,25.3914,0.000,59482.6
1359.757,1404.842,25.3738,0.000,59486.8
1360.257,1405.043,25.3851,0.000,59484.1
1360.257,1405.242,25.3444,0.000,59493.9
1360.257,1405.441,25.3657,0.000,59488.8
1360.755,1405.641,25.3803,0.000,59485.2
1360.755,1405.842,25.3808,0.000,59485.1
1361.257,1406.042,25.3924,0.000,59482.3
1361.257,1406.242,25.3895,0.000,59483.0
1361.257,1406.441,25.3642,0.000,59489.1
1361.757,1406.641,25.3960,0.000,59481.4
1361.757,1406.840,25.3777,0.000,59485.8
1361.757,1407.041,25.3818,0.000,59484.8
1362.257,1407.242,25.3491,0.000,59492.8
1362.257,1407.441,25.4017,0.000,59480.0
1362.757,1407.640,25.3865,0.000,59483.7
1362.757,1407.840,25.4416,0.000,59470.3
1362.757,1408.041,25.3830,0.000,59484.6
1363.257,1408.242,25.3823,0.000,59484.7
1363.257,1408.439,25.3937,0.000,59482.0
1363.755,1408.639,25.3851,0.000,59484.1
1363.755,1408.839,25.3947,0.000,59481.7
1364.257,1409.041,25.3843,0.000,59484.2
1364.257,1409.240,25.3857,0.000,59483.9
1364.257,1409.439,25.3836,0.000,59484.4
1364.756,1409.639,25.3730,0.000,59487.0
1364.756,1409.839,25.4114,0.000,59477.7
1364.756,1410.040,25.3530,0.000,59491.8
1365.257,1410.240,25.3748,0.000,59486.6
1365.257,1410.438,25.3934,0.000,59482.0
1365.757,1410.638,25.3528,0.000,59491.9
1365.757,1410.839,25.4018,0.000,59480.0
1365.757,1411.039,25.3737,0.000,59486.8
1366.257,1411.238,25.3680,0.000,59488.2
1366.258,1411.437,25.3960,0.000,59481.4
1366.757,1411.639,25.3665,0.000,59488.6
1366.757,1411.839,25.3831,0.000,59484.6
1366.757,1412.037,25.3763,0.000,59486.2
1367.256,1412.238,25.3823,0.000,59484.7
1367.256,1412.438,25.3532,0.000,59491.8
1367.757,1412.638,25.3929,0.000,59482.1
1367.757,1412.838,25.3471,0.000,59493.3
1367.757,1413.036,25.3844,0.000,59484.2
1368.257,1413.238,25.4014,0.000,59480.1
1368.257,1413.436,25.3852,0.000,59484.0
1368.757,1413.636,25.3947,0.000,59481.7
1368.757,1413.837,25.3860,0.000,59483.8
1368.757,1414.037,25.4005,0.000,59480.3
1369.256,1414.238,25.3773,0.000,59486.0
1369.256,1414.435,25.4114,0.000,59477.6
1369.757,1414.635,25.3667,0.000,59488.6
1369.757,1414.837,25.3496,0.000,59492.7
1369.757,1415.036,25.3821,0.000,59484.8
1370.255,1415.236,25.3906,0.000,59482.7
1370.256,1415.435,25.3807,0.000,59485.2
1370.756,1415.635,25.3940,0.000,59481.9
1370.756,1415.836,25.3877,0.000,59483.4
1370.756,1416.036,25.3831,0.000,59484.6
1371.257,1416.234,25.3727,0.000,59487.1
1371.257,1416.434,25.4062,0.000,59478.9
1371.757,1416.634,25.3904,0.000,59482.8
1371.757,1416.836,25.3546,0.000,59491.5
1371.757,1417.034,25.3963,0.000,59481.3
1372.257,1417.234,25.4041,0.000,59479.4
1372.257,1417.433,25.3476,0.000,59493.2
1372.757,1417.635,25.3859,0.000,59483.9
1372.757,1417.834,25.4121,0.000,59477.5
1372.757,1418.033,25.3669,0.000,59488.5
1373.256,1418.234,25.3833,0.000,59484.5
1373.256,1418.434,25.3911,0.000,59482.6
1373.757,1418.633,25.3887,0.000,59483.2
1373.757,1418.834,25.4023,0.000,59479.9
1373.757,1419.034,25.3449,0.000,59493.8
1374.257,1419.232,25.4251,0.000,59474.3
1374.257,1419.432,25.3844,0.000,59484.2
1374.757,1419.632,25.3462,0.000,59493.6
1374.757,1419.834,25.3882,0.000,59483.3
1374.757,1420.033,25.3581,0.000,59490.6
1375.257,1420.232,25.3997,0.000,59480.5
1375.257,1420.431,25.3748,0.000,59486.6
1375.757,1420.633,25.3449,0.000,59493.8
1375.757,1420.832,25.3978,0.000,59481.0
1375.757,1421.031,25.3693,0.000,59487.9
1376.257,1421.232,25.4053,0.000,59479.2
1376.257,1421.432,25.3745,0.000,59486.6
1376.757,1421.631,25.3605,0.000,59490.1
1376.757,1421.832,25.3961,0.000,59481.4
1376.757,1422.032,25.3994,0.000,59480.6
1377.257,1422.230,25.3940,0.000,59481.9
1377.257,1422.430,25.3989,0.000,59480.7
1377.757,1422.630,25.3690,0.000,59488.0
1377.757,1422.832,25.4033,0.000,59479.6
1377.758,1423.031,25.3955,0.000,59481.5
1378.257,1423.230,25.3468,0.000,59493.3
1378.257,1423.430,25.3514,0.000,59492.3
1378.756,1423.630,25.4312,0.000,59472.8
1378.756,1423.831,25.3984,0.000,59480.8
1378.756,1424.029,25.3603,0.000,59490.1
1379.257,1424.228,25.3687,0.000,59488.1
1379.257,1424.430,25.3494,0.000,59492.7
1379.757,1424.630,25.4123,0.000,59477.4
1379.757,1424.830,25.3615,0.000,59489.8
1379.757,1425.029,25.4114,0.000,59477.7
1380.257,1425.228,25.3825,0.000,59484.7
1380.257,1425.428,25.3908,0.000,59482.7
1380.757,1425.629,25.4202,0.000,59475.5
1380.757,1425.828,25.3843,0.000,59484.2
1380.757,1426.029,25.4345,0.000,59472.0
1381.257,1426.228,25.3530,0.000,59491.8
1381.257,1426.428,25.3693,0.000,59487.9
1381.757,1426.629,25.3730,0.000,59487.0
1381.757,1426.828,25.3986,0.000,59480.8
1381.757,1427.027,25.3955,0.000,59481.5
1382.257,1427.226,25.4067,0.000,59478.8
1382.257,1427.427,25.3909,0.000,59482.6
1382.757,1427.629,25.4067,0.000,59478.8
1382.757,1427.827,25.3921,0.000,59482.4
1382.757,1428.027,25.3761,0.000,59486.2
1383.257,1428.226,25.3545,0.000,59491.5
1383.257,1428.426,25.3924,0.000,59482.3
1383.757,1428.628,25.3841,0.000,59484.3
1383.757,1428.827,25.3494,0.000,59492.7
1383.757,1429.027,25.3872,0.000,59483.6
1384.257,1429.226,25.3600,0.000,59490.2
1384.257,1429.427,25.3856,0.000,59483.9
1384.756,1429.627,25.3833,0.000,59484.5
1384.757,1429.826,25.3911,0.000,59482.6
1384.757,1430.025,25.4236,0.000,59474.7
1385.257,1430.226,25.4080,0.000,59478.5
1385.257,1430.425,25.3849,0.000,59484.1
1385.757,1430.626,25.3589,0.000,59490.5
1385.757,1430.826,25.3906,0.000,59482.7
1385.757,1431.027,25.3892,0.000,59483.1
1386.257,1431.224,25.3472,0.000,59493.2
1386.257,1431.424,25.3877,0.000,59483.4
1386.757,1431.626,25.3904,0.000,59482.8
1386.757,1431.826,25.3854,0.000,59484.0
1386.757,1432.025,25.4022,0.000,59479.9
1387.257,1432.224,25.3887,0.000,59483.2
1387.257,1432.424,25.3558,0.000,59491.2
1387.757,1432.625,25.3973,0.000,59481.1
1387.757,1432.826,25.3590,0.000,59490.4
1387.757,1433.023,25.4087,0.000,59478.4
1388.257,1433.223,25.3963,0.000,59481.3
1388.257,1433.423,25.4082,0.000,59478.4
1388.757,1433.625,25.3911,0.000,59482.6
1388.757,1433.824,25.4049,0.000,59479.2
1388.757,1434.023,25.3667,0.000,59488.6
1389.256,1434.222,25.4101,0.000,59478.0
1389.256,1434.424,25.4048,0.000,59479.3
1389.757,1434.623,25.4067,0.000,59478.8
1389.757,1434.822,25.4048,0.000,59479.3
1389.758,1435.023,25.4010,0.000,59480.2
1390.257,1435.223,25.4199,0.000,59475.6
1390.257,1435.422,25.3550,0.000,59491.4
1390.757,1435.623,25.4111,0.000,59477.7
1390.757,1435.824,25.4096,0.000,59478.1
1390.757,1436.021,25.3545,0.000,59491.5
1391.257,1436.221,25.4140,0.000,59477.1
1391.257,1436.422,25.3895,0.000,59483.0
1391.756,1436.622,25.3688,0.000,59488.0
1391.757,1436.822,25.4090,0.000,59478.2
1391.757,1437.021,25.3810,0.000,59485.0
1392.257,1437.221,25.3634,0.000,59489.3
1392.257,1437.422,25.3950,0.000,59481.6
1392.757,1437.621,25.3975,0.000,59481.1
1392.757,1437.820,25.3860,0.000,59483.8
1392.757,1438.020,25.3895,0.000,59483.0
1393.257,1438.220,25.4121,0.000,59477.5
1393.257,1438.422,25.4126,0.000,59477.4
1393.757,1438.620,25.4007,0.000,59480.3
1393.757,1438.820,25.3515,0.000,59492.2
1393.757,1439.019,25.3659,0.000,59488.7
1394.256,1439.219,25.4135,0.000,59477.1
1394.256,1439.421,25.4007,0.000,59480.3
1394.757,1439.619,25.3613,0.000,59489.8
1394.757,1439.820,25.3924,0.000,59482.3
1394.757,1440.020,25.3577,0.000,59490.7
1395.257,1440.220,25.3909,0.000,59482.6
1395.257,1440.420,25.3883,0.000,59483.3
1395.757,1440.618,25.3613,0.000,59489.8
1395.757,1440.820,25.4059,0.000,59479.0
1395.757,1441.019,25.3791,0.000,59485.5
1396.257,1441.218,25.4131,0.000,59477.2
1396.257,1441.419,25.3961,0.000,59481.4
1396.757,1441.619,25.3750,0.000,59486.6
1396.757,1441.820,25.3706,0.000,59487.6
1396.757,1442.017,25.3670,0.000,59488.5
1397.256,1442.217,25.4001,0.000,59480.4
1397.256,1442.419,25.4070,0.000,59478.7
1397.757,1442.617,25.3847,0.000,59484.1
1397.757,1442.818,25.3761,0.000,59486.2
1397.757,1443.017,25.3999,0.000,59480.4
1398.257,1443.217,25.3759,0.000,59486.3
1398.257,1443.418,25.4040,0.000,59479.5
1398.756,1443.617,25.3980,0.000,59480.9
1398.757,1443.816,25.4139,0.000,59477.1
1398.757,1444.016,25.3999,0.000,59480.5
1399.257,1444.217,25.3924,0.000,59482.3
1399.257,1444.417,25.3900,0.000,59482.9
1399.757,1444.616,25.3758,0.000,59486.3
1399.757,1444.816,25.3590,0.000,59490.4
1399.757,1445.016,25.3904,0.000,59482.7
1400.257,1445.215,25.4070,0.000,59478.7
1400.257,1445.416,25.4077,0.000,59478.6
1400.757,1445.616,25.4020,0.000,59479.9
1400.757,1445.816,25.3802,0.000,59485.2
1400.757,1446.015,25.3888,0.000,59483.1
1401.257,1446.215,25.3947,0.000,59481.7
1401.257,1446.416,25.4020,0.000,59480.0
1401.757,1446.616,25.4052,0.000,59479.2
1401.757,1446.814,25.3880,0.000,59483.4
1401.757,1447.014,25.3717,0.000,59487.3
1402.256,1447.215,25.4046,0.000,59479.3
1402.256,1447.416,25.3916,0.000,59482.5
1402.756,1447.614,25.3629,0.000,59489.4
1402.756,1447.814,25.3860,0.000,59483.8
1402.756,1448.015,25.3750,0.000,59486.5
1403.257,1448.215,25.3594,0.000,59490.3
1403.257,1448.414,25.3813,0.000,59485.0
1403.758,1448.613,25.4087,0.000,59478.3
1403.758,1448.814,25.3952,0.000,59481.6
1403.758,1449.014,25.3924,0.000,59482.3
1404.257,1449.214,25.3554,0.000,59491.3
1404.257,1449.414,25.4041,0.000,59479.4
1404.757,1449.614,25.3847,0.000,59484.1
1404.757,1449.812,25.3584,0.000,59490.5
1404.757,1450.012,25.3851,0.000,59484.1
1405.257,1450.213,25.3771,0.000,59486.0
1405.257,1450.413,25.4235,0.000,59474.7
1405.756,1450.612,25.3628,0.000,59489.5
1405.756,1450.812,25.4001,0.000,59480.4
1405.756,1451.012,25.4043,0.000,59479.4
1406.257,1451.213,25.4258,0.000,59474.2
1406.257,1451.412,25.3797,0.000,59485.4
1406.757,1451.611,25.3520,0.000,59492.1
1406.757,1451.810,25.3950,0.000,59481.6
1406.757,1452.011,25.4113,0.000,59477.7
1407.257,1452.213,25.4119,0.000,59477.5
1407.257,1452.410,25.4062,0.000,59478.9
1407.757,1452.611,25.4009,0.000,59480.2
1407.757,1452.810,25.3791,0.000,59485.5
1407.757,1453.012,25.4067,0.000,59478.8
1408.257,1453.211,25.3688,0.000,59488.0
1408.257,1453.410,25.3535,0.000,59491.8
1408.757,1453.611,25.4256,0.000,59474.2
1408.757,1453.810,25.4075,0.000,59478.6
1408.757,1454.010,25.3984,0.000,59480.8
1409.257,1454.211,25.4160,0.000,59476.5
1409.257,1454.411,25.4023,0.000,59479.8
1409.757,1454.609,25.3691,0.000,59488.0
1409.757,1454.809,25.4101,0.000,59478.0
1409.757,1455.009,25.4142,0.000,59476.9
1410.257,1455.211,25.3489,0.000,59492.9
1410.257,1455.410,25.3604,0.000,59490.1
1410.756,1455.609,25.3862,0.000,59483.8
1410.756,1455.808,25.3560,0.000,59491.1
1410.756,1456.008,25.3870,0.000,59483.6
1411.256,1456.210,25.3978,0.000,59481.0
1411.256,1456.408,25.3958,0.000,59481.4
1411.757,1456.609,25.3987,0.000,59480.7
1411.757,1456.809,25.4262,0.000,59474.0
1411.757,1457.009,25.3525,0.000,59491.9
1412.257,1457.209,25.3971,0.000,59481.1
1412.257,1457.408,25.3750,0.000,59486.5
1412.757,1457.609,25.3750,0.000,59486.5
1412.757,1457.807,25.4070,0.000,59478.7
1412.757,1458.007,25.4067,0.000,59478.8
1413.257,1458.208,25.3994,0.000,59480.6
1413.257,1458.408,25.3685,0.000,59488.1
1413.757,1458.607,25.3696,0.000,59487.8
1413.757,1458.806,25.3843,0.000,59484.2
1413.757,1459.006,25.3807,0.000,59485.1
1414.257,1459.208,25.4053,0.000,59479.1
1414.257,1459.406,25.3569,0.000,59490.9
1414.757,1459.606,25.3621,0.000,59489.6
1414.757,1459.806,25.3787,0.000,59485.6
1414.757,1460.007,25.4160,0.000,59476.6
1415.256,1460.208,25.3642,0.000,59489.1
1415.256,1460.406,25.3981,0.000,59480.9
1415.757,1460.605,25.3727,0.000,59487.1
1415.757,1460.805,25.3896,0.000,59483.0
1415.757,1461.006,25.3486,0.000,59493.0
1416.257,1461.207,25.3726,0.000,59487.1
1416.258,1461.406,25.3864,0.000,59483.7
1416.757,1461.605,25.3901,0.000,59482.8
1416.757,1461.805,25.3975,0.000,59481.0
1416.757,1462.005,25.3901,0.000,59482.8
1417.256,1462.206,25.3916,0.000,59482.4
1417.261,1462.404,25.3460,0.000,59493.6
1417.756,1462.604,25.3362,0.000,59495.9
1417.756,1462.804,25.3397,0.000,59495.1
1417.756,1463.005,25.3493,0.000,59492.8
1418.256,1463.206,25.3991,0.000,59480.6
1418.256,1463.404,25.3887,0.000,59483.2
1418.756,1463.603,25.3577,0.000,59490.7
1418.756,1463.803,25.3818,0.000,59484.9
1418.756,1464.005,25.3779,0.000,59485.8
1419.256,1464.204,25.3496,0.000,59492.7
1419.256,1464.404,25.3745,0.000,59486.7
1419.757,1464.603,25.3853,0.000,59484.0
1419.757,1464.804,25.3633,0.000,59489.4
1419.757,1465.005,25.3896,0.000,59483.0
1420.256,1465.203,25.3843,0.000,59484.2
1420.256,1465.402,25.3698,0.000,59487.8
1420.756,1465.602,25.3820,0.000,59484.8
1420.756,1465.803,25.3452,0.000,59493.8
1420.756,1466.004,25.3555,0.000,59491.2
1421.256,1466.201,25.3800,0.000,59485.3
1421.256,1466.402,25.3515,0.000,59492.2
1421.756,1466.601,25.4030,0.000,59479.7
1421.756,1466.803,25.3947,0.000,59481.7
1421.756,1467.003,25.3891,0.000,59483.1
1422.256,1467.201,25.3496,0.000,59492.7
1422.256,1467.402,25.3921,0.000,59482.4
1422.756,1467.601,25.3665,0.000,59488.6
1422.756,1467.802,25.3542,0.000,59491.6
1422.756,1468.003,25.3916,0.000,59482.4
1423.256,1468.201,25.3675,0.000,59488.4
1423.256,1468.400,25.3906,0.000,59482.7
1423.755,1468.600,25.3594,0.000,59490.3
1423.756,1468.801,25.4152,0.000,59476.7
1423.756,1469.002,25.4175,0.000,59476.1
1424.256,1469.200,25.3623,0.000,59489.6
1424.256,1469.400,25.3991,0.000,59480.6
1424.756,1469.599,25.4102,0.000,59478.0
1424.756,1469.801,25.3844,0.000,59484.2
1424.756,1470.001,25.4118,0.000,59477.6
1425.256,1470.199,25.3833,0.000,59484.5
1425.256,1470.400,25.3984,0.000,59480.8
1425.756,1470.599,25.3667,0.000,59488.6
1425.756,1470.800,25.4009,0.000,59480.2
1425.756,1471.000,25.3966,0.000,59481.2
1426.256,1471.199,25.3761,0.000,59486.2
1426.256,1471.400,25.3833,0.000,59484.5
1426.756,1471.598,25.4174,0.000,59476.2
1426.756,1471.798,25.4165,0.000,59476.4
1426.756,1471.999,25.3825,0.000,59484.7
1427.256,1472.199,25.4080,0.000,59478.5
1427.256,1472.398,25.3716,0.000,59487.3
1427.756,1472.597,25.4129,0.000,59477.3
1427.756,1472.799,25.3817,0.000,59484.9
1427.756,1472.999,25.3631,0.000,59489.4
1428.256,1473.197,25.3729,0.000,59487.0
1428.256,1473.396,25.4004,0.000,59480.3
1428.756,1473.597,25.4036,0.000,59479.6
1428.756,1473.798,25.4046,0.000,59479.3
1428.756,1473.999,25.4091,0.000,59478.2
1429.256,1474.197,25.3719,0.000,59487.3
1429.256,1474.396,25.3685,0.000,59488.1
1429.756,1474.598,25.4077,0.000,59478.5
1429.756,1474.797,25.3647,0.000,59489.0
1429.756,1474.997,25.3847,0.000,59484.1
1430.256,1475.196,25.4137,0.000,59477.1
1430.256,1475.396,25.4215,0.000,59475.2
1430.756,1475.596,25.4031,0.000,59479.7
1430.756,1475.797,25.3847,0.000,59484.2
1430.756,1475.996,25.3887,0.000,59483.2
1431.257,1476.196,25.3864,0.000,59483.7
1431.257,1476.394,25.4069,0.000,59478.8
1431.757,1476.595,25.4119,0.000,59477.5
1431.757,1476.797,25.4030,0.000,59479.7
1431.757,1476.995,25.3701,0.000,59487.7
1432.257,1477.195,25.4139,0.000,59477.1
1432.257,1477.394,25.4378,0.000,59471.2
1432.757,1477.596,25.4163,0.000,59476.5
1432.757,1477.796,25.4149,0.000,59476.8
1432.757,1477.994,25.4066,0.000,59478.8
1433.257,1478.195,25.4033,0.000,59479.6
1433.257,1478.394,25.3709,0.000,59487.5
1433.757,1478.594,25.4010,0.000,59480.1
1433.757,1478.795,25.3726,0.000,59487.1
1433.757,1478.993,25.4186,0.000,59475.9
1434.257,1479.195,25.4233,0.000,59474.8
1434.257,1479.393,25.4150,0.000,59476.8
1434.757,1479.593,25.4023,0.000,59479.8
1434.757,1479.795,25.4040,0.000,59479.4
1434.757,1479.993,25.3764,0.000,59486.1
1435.256,1480.193,25.3810,0.000,59485.0
1435.256,1480.392,25.4096,0.000,59478.1
1435.756,1480.594,25.4224,0.000,59475.0
1435.756,1480.794,25.4041,0.000,59479.4
1435.756,1480.992,25.4110,0.000,59477.8
1436.257,1481.193,25.4155,0.000,59476.6
1436.257,1481.392,25.4355,0.000,59471.7
1436.757,1481.593,25.3813,0.000,59485.0
1436.757,1481.794,25.4160,0.000,59476.5
1436.757,1481.992,25.3804,0.000,59485.2
1437.257,1482.191,25.3823,0.000,59484.7
1437.257,1482.392,25.4171,0.000,59476.2
1437.757,1482.591,25.4271,0.000,59473.8
1437.757,1482.792,25.4036,0.000,59479.6
1437.757,1482.992,25.4209,0.000,59475.4
1438.257,1483.193,25.4204,0.000,59475.5
1438.257,1483.390,25.4192,0.000,59475.8
1438.757,1483.590,25.4070,0.000,59478.7
1438.757,1483.792,25.3815,0.000,59484.9
1438.757,1483.990,25.3813,0.000,59484.9
1439.257,1484.190,25.4155,0.000,59476.6
1439.257,1484.391,25.4212,0.000,59475.3
1439.757,1484.591,25.3860,0.000,59483.8
1439.757,1484.791,25.4326,0.000,59472.5
1439.757,1484.990,25.4236,0.000,59474.7
1440.257,1485.189,25.4238,0.000,59474.6
1440.257,1485.391,25.4289,0.000,59473.4
1440.757,1485.589,25.4212,0.000,59475.2
1440.757,1485.790,25.3748,0.000,59486.6
1440.757,1485.990,25.4090,0.000,59478.2
1441.257,1486.189,25.4077,0.000,59478.6
1441.257,1486.389,25.4399,0.000,59470.7
1441.757,1486.589,25.4389,0.000,59471.0
1441.757,1486.790,25.4131,0.000,59477.2
1441.757,1486.988,25.3774,0.000,59485.9
1442.257,1487.188,25.4248,0.000,59474.4
1442.257,1487.389,25.4158,0.000,59476.6
1442.757,1487.589,25.4067,0.000,59478.8
1442.757,1487.789,25.4272,0.000,59473.8
1442.757,1487.988,25.4345,0.000,59472.0
1443.257,1488.187,25.4141,0.000,59477.0
1443.257,1488.389,25.3921,0.000,59482.4
1443.757,1488.588,25.3945,0.000,59481.8
1443.757,1488.787,25.4282,0.000,59473.6
1443.757,1488.988,25.3893,0.000,59483.0
1444.257,1489.187,25.4458,0.000,59469.2
1444.257,1489.387,25.4302,0.000,59473.1
1444.757,1489.588,25.4067,0.000,59478.8
1444.757,1489.787,25.4158,0.000,59476.6
1444.757,1489.986,25.3831,0.000,59484.6
1445.257,1490.186,25.4204,0.000,59475.5
1445.257,1490.386,25.4167,0.000,59476.4
1445.757,1490.588,25.4188,0.000,59475.9
1445.757,1490.786,25.4235,0.000,59474.7
1445.757,1490.988,25.4305,0.000,59473.0
1446.257,1491.185,25.4375,0.000,59471.3
1446.257,1491.385,25.4227,0.000,59474.9
1446.757,1491.587,25.4284,0.000,59473.5
1446.757,1491.786,25.3867,0.000,59483.7
1446.757,1491.986,25.4189,0.000,59475.8
1447.257,1492.185,25.3984,0.000,59480.8
1447.257,1492.386,25.3823,0.000,59484.7
1447.757,1492.587,25.3893,0.000,59483.0
1447.757,1492.784,25.4355,0.000,59471.8
1447.758,1492.984,25.4342,0.000,59472.1
1448.257,1493.185,25.4478,0.000,59468.8
1448.257,1493.385,25.4206,0.000,59475.4
1448.755,1493.586,25.4248,0.000,59474.4
1448.755,1493.784,25.4100,0.000,59478.0
1448.755,1493.984,25.4211,0.000,59475.3
1449.256,1494.184,25.3882,0.000,59483.3
1449.256,1494.384,25.4290,0.000,59473.4
1449.757,1494.585,25.3969,0.000,59481.2
1449.757,1494.783,25.4219,0.000,59475.1
1449.757,1494.984,25.4262,0.000,59474.1
1450.257,1495.184,25.4336,0.000,59472.3
1450.257,1495.384,25.4414,0.000,59470.4
1450.755,1495.585,25.3916,0.000,59482.5
1450.755,1495.783,25.3989,0.000,59480.7
1450.755,1495.982,25.4170,0.000,59476.3
1451.257,1496.184,25.4052,0.000,59479.2
1451.257,1496.383,25.4209,0.000,59475.4
1451.757,1496.583,25.4219,0.000,59475.1
1451.757,1496.782,25.4380,0.000,59471.2
1451.757,1496.982,25.4046,0.000,59479.3
1452.257,1497.183,25.4385,0.000,59471.1
1452.257,1497.383,25.4368,0.000,59471.4
1452.757,1497.582,25.4334,0.000,59472.3
1452.757,1497.781,25.4305,0.000,59473.0
1452.757,1497.980,25.3831,0.000,59484.6
1453.257,1498.182,25.4352,0.000,59471.9
1453.257,1498.382,25.4268,0.000,59473.9
1453.757,1498.582,25.4383,0.000,59471.1
1453.757,1498.781,25.4305,0.000,59473.0
1453.757,1498.980,25.3969,0.000,59481.2
1454.257,1499.182,25.4019,0.000,59480.0
1454.257,1499.381,25.4375,0.000,59471.3
1454.757,1499.581,25.4478,0.000,59468.8
1454.757,1499.780,25.4192,0.000,59475.8
1454.757,1499.980,25.4141,0.000,59477.0
1455.257,1500.181,25.4232,0.000,59474.8
1455.257,1500.380,25.3969,0.000,59481.2
1455.757,1500.580,25.4261,0.000,59474.1
1455.757,1500.780,25.4199,0.000,59475.6
1455.757,1500.978,25.4326,0.000,59472.5
1456.257,1501.179,25.4282,0.000,59473.6
1456.257,1501.380,25.3975,0.000,59481.0
1456.757,1501.581,25.3911,0.000,59482.6
1456.757,1501.779,25.4168,0.000,59476.3
1456.757,1501.978,25.4207,0.000,59475.4
1457.257,1502.180,25.4155,0.000,59476.6
1457.257,1502.379,25.4070,0.000,59478.7
1457.756,1502.578,25.4388,0.000,59471.0
1457.756,1502.779,25.4385,0.000,59471.0
1457.756,1502.978,25.4466,0.000,59469.1
1458.257,1503.178,25.4398,0.000,59470.8
1458.257,1503.379,25.4048,0.000,59479.3
1458.757,1503.578,25.4414,0.000,59470.4
1458.757,1503.779,25.4424,0.000,59470.1
1458.757,1503.976,25.4209,0.000,59475.4
1459.257,1504.177,25.3906,0.000,59482.7
1459.257,1504.379,25.4316,0.000,59472.7
1459.757,1504.576,25.4373,0.000,59471.3
1459.757,1504.777,25.4510,0.000,59468.0
1459.757,1504.976,25.4331,0.000,59472.4
1460.257,1505.178,25.3875,0.000,59483.5
1460.257,1505.378,25.3968,0.000,59481.2
1460.757,1505.576,25.4316,0.000,59472.7
1460.757,1505.777,25.3975,0.000,59481.0
1460.758,1505.976,25.4229,0.000,59474.9
1461.257,1506.177,25.4484,0.000,59468.6
1461.257,1506.377,25.4525,0.000,59467.6
1461.757,1506.576,25.4422,0.000,59470.2
1461.757,1506.775,25.4092,0.000,59478.2
1461.757,1506.976,25.4380,0.000,59471.1
1462.257,1507.176,25.3955,0.000,59481.5
1462.257,1507.376,25.4241,0.000,59474.6
1462.757,1507.576,25.4266,0.000,59473.9
1462.757,1507.775,25.4132,0.000,59477.2
1462.757,1507.975,25.4303,0.000,59473.0
1463.257,1508.175,25.4497,0.000,59468.4
1463.257,1508.375,25.3914,0.000,59482.5
1463.757,1508.574,25.3937,0.000,59482.0
1463.757,1508.775,25.3903,0.000,59482.8
1463.757,1508.975,25.4053,0.000,59479.1
1464.257,1509.175,25.4014,0.000,59480.1
1464.257,1509.375,25.4482,0.000,59468.7
1464.756,1509.574,25.4170,0.000,59476.3
1464.756,1509.773,25.4702,0.000,59463.3
1464.756,1509.975,25.4368,0.000,59471.4
1465.257,1510.173,25.4507,0.000,59468.1
1465.257,1510.374,25.4503,0.000,59468.2
1465.757,1510.574,25.4075,0.000,59478.6
1465.757,1510.775,25.4067,0.000,59478.8
1465.757,1510.972,25.4277,0.000,59473.7
1466.257,1511.172,25.4072,0.000,59478.6
1466.257,1511.374,25.4297,0.000,59473.2
1466.757,1511.574,25.3934,0.000,59482.0
1466.757,1511.772,25.4259,0.000,59474.1
1466.757,1511.972,25.4478,0.000,59468.8
1467.257,1512.173,25.4365,0.000,59471.6
1467.257,1512.373,25.4316,0.000,59472.7
1467.757,1512.572,25.4054,0.000,59479.1
1467.757,1512.771,25.4098,0.000,59478.0
1467.757,1512.973,25.4258,0.000,59474.1
1468.257,1513.172,25.4277,0.000,59473.7
1468.257,1513.372,25.4357,0.000,59471.7
1468.757,1513.572,25.4235,0.000,59474.7
1468.757,1513.772,25.3960,0.000,59481.4
1468.757,1513.971,25.4092,0.000,59478.2
1469.257,1514.172,25.3975,0.000,59481.1
1469.257,1514.371,25.4505,0.000,59468.1
1469.757,1514.570,25.4378,0.000,59471.2
1469.757,1514.770,25.4354,0.000,59471.8
1469.757,1514.971,25.4526,0.000,59467.6
1470.257,1515.172,25.3973,0.000,59481.1
1470.257,1515.369,25.4372,0.000,59471.4
1470.757,1515.570,25.4236,0.000,59474.6
1470.757,1515.770,25.4466,0.000,59469.1
1470.757,1515.969,25.4474,0.000,59468.9
1471.257,1516.170,25.4395,0.000,59470.8
1471.257,1516.369,25.4046,0.000,59479.3
1471.757,1516.570,25.4331,0.000,59472.3
1471.757,1516.769,25.4036,0.000,59479.6
1471.757,1516.969,25.4282,0.000,59473.6
1472.257,1517.170,25.4362,0.000,59471.6
1472.257,1517.369,25.3957,0.000,59481.5
1472.757,1517.568,25.4402,0.000,59470.6
1472.757,1517.768,25.4202,0.000,59475.5
1472.757,1517.969,25.3980,0.000,59480.9
1473.257,1518.170,25.4478,0.000,59468.8
1473.257,1518.367,25.4430,0.000,59469.9
1473.757,1518.568,25.4121,0.000,59477.5
1473.757,1518.768,25.4409,0.000,59470.5
1473.757,1518.968,25.4399,0.000,59470.7
1474.255,1519.168,25.4215,0.000,59475.2
1474.256,1519.367,25.4235,0.000,59474.7
1474.757,1519.568,25.3913,0.000,59482.6
1474.757,1519.768,25.4528,0.000,59467.6
1474.757,1519.968,25.4544,0.000,59467.2
1475.257,1520.168,25.4289,0.000,59473.4
1475.257,1520.367,25.3916,0.000,59482.5
1475.757,1520.566,25.4306,0.000,59473.0
1475.757,1520.767,25.3924,0.000,59482.3
1475.757,1520.967,25.4406,0.000,59470.5
1476.257,1521.167,25.4467,0.000,59469.1
1476.257,1521.366,25.3973,0.000,59481.1
1476.757,1521.566,25.4248,0.000,59474.4
1476.757,1521.766,25.4395,0.000,59470.8
1476.757,1521.965,25.4165,0.000,59476.4
1477.257,1522.166,25.4448,0.000,59469.5
1477.257,1522.365,25.4271,0.000,59473.8
1477.757,1522.564,25.3969,0.000,59481.2
1477.757,1522.766,25.4254,0.000,59474.2
1477.757,1522.965,25.4372,0.000,59471.4
1478.256,1523.166,25.4435,0.000,59469.8
1478.257,1523.365,25.4443,0.000,59469.6
1478.757,1523.564,25.4069,0.000,59478.7
1478.757,1523.764,25.4395,0.000,59470.8
1478.757,1523.964,25.4458,0.000,59469.3
1479.257,1524.166,25.4521,0.000,59467.7
1479.258,1524.364,25.4023,0.000,59479.9
1479.757,1524.564,25.4323,0.000,59472.6
1479.757,1524.764,25.4419,0.000,59470.2
1479.757,1524.964,25.4339,0.000,59472.2
1480.257,1525.164,25.4160,0.000,59476.5
1480.257,1525.363,25.4321,0.000,59472.6
1480.757,1525.564,25.4442,0.000,59469.7
1480.758,1525.764,25.4489,0.000,59468.5
1480.758,1525.964,25.4298,0.000,59473.2
1481.257,1526.164,25.4087,0.000,59478.3
1481.257,1526.363,25.4341,0.000,59472.2
1481.755,1526.562,25.4541,0.000,59467.3
1481.755,1526.763,25.4552,0.000,59467.0
1481.755,1526.963,25.4344,0.000,59472.1
1482.257,1527.162,25.4228,0.000,59474.9
1482.257,1527.363,25.4137,0.000,59477.1
1482.757,1527.562,25.4404,0.000,59470.6
1482.757,1527.762,25.4267,0.000,59473.9
1482.757,1527.963,25.4070,0.000,59478.7
1483.257,1528.162,25.4357,0.000,59471.7
1483.257,1528.361,25.4186,0.000,59475.9
1483.757,1528.560,25.4121,0.000,59477.5
1483.757,1528.761,25.4467,0.000,59469.1
1483.757,1528.963,25.4059,0.000,59479.0
1484.257,1529.160,25.4155,0.000,59476.6
1484.257,1529.361,25.4297,0.000,59473.2
1484.757,1529.560,25.4287,0.000,59473.4
1484.757,1529.762,25.3991,0.000,59480.6
1484.757,1529.961,25.4298,0.000,59473.1
1485.257,1530.160,25.3939,0.000,59481.9
1485.257,1530.361,25.3965,0.000,59481.3
1485.757,1530.560,25.4276,0.000,59473.7
1485.757,1530.760,25.4324,0.000,59472.5
1485.757,1530.961,25.4442,0.000,59469.7
1486.257,1531.161,25.4334,0.000,59472.3
1486.257,1531.359,25.4219,0.000,59475.1
1486.757,1531.559,25.4188,0.000,59475.9
1486.757,1531.760,25.4137,0.000,59477.1
1486.757,1531.961,25.4272,0.000,59473.8
1487.257,1532.159,25.4345,0.000,59472.0
1487.257,1532.359,25.4481,0.000,59468.7
1487.757,1532.559,25.4318,0.000,59472.7
1487.757,1532.759,25.4271,0.000,59473.8
1487.757,1532.959,25.4066,0.000,59478.8
1488.257,1533.158,25.4417,0.000,59470.2
1488.257,1533.359,25.4121,0.000,59477.5
1488.757,1533.559,25.4518,0.000,59467.8
1488.757,1533.758,25.4448,0.000,59469.5
1488.757,1533.959,25.3997,0.000,59480.5
1489.257,1534.159,25.4499,0.000,59468.2
1489.258,1534.357,25.4492,0.000,59468.5
1489.757,1534.557,25.4129,0.000,59477.3
1489.757,1534.758,25.4229,0.000,59474.8
1489.757,1534.959,25.4110,0.000,59477.8
1490.257,1535.158,25.4173,0.000,59476.2
1490.257,1535.357,25.4033,0.000,59479.6
1490.757,1535.558,25.4362,0.000,59471.6
1490.757,1535.757,25.4326,0.000,59472.5
1490.757,1535.957,25.3854,0.000,59484.0
1491.257,1536.156,25.3926,0.000,59482.2
1491.257,1536.357,25.4482,0.000,59468.7
1491.757,1536.556,25.4380,0.000,59471.2
1491.757,1536.756,25.4388,0.000,59471.0
1491.757,1536.957,25.4342,0.000,59472.1
1492.257,1537.158,25.4303,0.000,59473.0
1492.257,1537.355,25.3940,0.000,59481.9
1492.755,1537.555,25.4471,0.000,59469.0
1492.756,1537.756,25.4534,0.000,59467.4
1492.756,1537.957,25.4091,0.000,59478.2
1493.257,1538.156,25.4412,0.000,59470.4
1493.257,1538.355,25.4393,0.000,59470.8
1493.757,1538.556,25.4373,0.000,59471.4
1493.757,1538.755,25.3999,0.000,59480.4
1493.757,1538.955,25.4443,0.000,59469.6
1494.257,1539.154,25.4328,0.000,59472.4
1494.257,1539.355,25.4036,0.000,59479.6
1494.757,1539.555,25.4510,0.000,59468.0
1494.757,1539.755,25.4229,0.000,59474.8
1494.757,1539.955,25.4238,0.000,59474.6
1495.257,1540.154,25.4179,0.000,59476.1
1495.257,1540.354,25.4568,0.000,59466.6
1495.757,1540.553,25.4033,0.000,59479.6
1495.757,1540.754,25.4538,0.000,59467.3
1495.757,1540.954,25.4355,0.000,59471.8
1496.257,1541.154,25.4116,0.000,59477.6
1496.257,1541.353,25.4424,0.000,59470.1
1496.757,1541.553,25.4650,0.000,59464.6
1496.757,1541.754,25.4404,0.000,59470.6
1496.757,1541.952,25.4601,0.000,59465.8
1497.257,1542.152,25.4492,0.000,59468.5
1497.257,1542.353,25.4393,0.000,59470.8
1497.757,1542.553,25.4402,0.000,59470.6
1497.757,1542.753,25.4326,0.000,59472.5
1497.757,1542.951,25.4517,0.000,59467.8
1498.255,1543.154,25.4442,0.000,59469.7
1498.256,1543.352,25.3989,0.000,59480.7
1498.757,1543.551,25.4153,0.000,59476.7
1498.757,1543.752,25.4373,0.000,59471.4
1498.757,1543.952,25.4380,0.000,59471.2
1499.257,1544.152,25.4028,0.000,59479.7
1499.257,1544.351,25.4347,0.000,59472.0
1499.757,1544.551,25.4407,0.000,59470.5
1499.757,1544.752,25.4350,0.000,59471.9
1499.757,1544.951,25.4414,0.000,59470.3
1500.257,1545.150,25.4328,0.000,59472.4
1500.257,1545.351,25.3974,0.000,59481.1
1500.757,1545.551,25.4178,0.000,59476.1
1500.757,1545.751,25.4150,0.000,59476.8
1500.757,1545.950,25.4324,0.000,59472.5
1501.257,1546.152,25.4180,0.000,59476.0
1501.257,1546.350,25.4238,0.000,59474.6
1501.757,1546.549,25.4096,0.000,59478.1
1501.757,1546.750,25.4422,0.000,59470.2
1501.757,1546.949,25.4212,0.000,59475.2
1502.256,1547.150,25.4183,0.000,59476.0
1502.256,1547.349,25.4499,0.000,59468.2
1502.757,1547.549,25.4075,0.000,59478.6
1502.757,1547.750,25.4508,0.000,59468.1
1502.757,1547.950,25.4393,0.000,59470.9
1503.257,1548.148,25.4191,0.000,59475.8
1503.257,1548.348,25.4609,0.000,59465.6
1503.757,1548.549,25.4508,0.000,59468.0
1503.757,1548.750,25.4209,0.000,59475.3
1503.757,1548.948,25.4550,0.000,59467.0
1504.257,1549.148,25.4531,0.000,59467.5
1504.257,1549.349,25.4225,0.000,59474.9
1504.757,1549.549,25.4378,0.000,59471.2
1504.757,1549.748,25.4046,0.000,59479.3
1504.757,1549.947,25.4507,0.000,59468.1
1505.257,1550.148,25.4227,0.000,59474.9
1505.257,1550.348,25.4389,0.000,59471.0
1505.757,1550.547,25.4146,0.000,59476.9
1505.757,1550.748,25.4562,0.000,59466.7
1505.757,1550.947,25.4497,0.000,59468.3
1506.257,1551.146,25.4160,0.000,59476.5
1506.257,1551.347,25.4303,0.000,59473.0
1506.757,1551.547,25.4390,0.000,59470.9
1506.757,1551.747,25.4546,0.000,59467.2
1506.757,1551.946,25.4084,0.000,59478.4
1507.257,1552.146,25.4502,0.000,59468.2
1507.257,1552.347,25.4601,0.000,59465.8
1507.756,1552.547,25.4499,0.000,59468.3
1507.757,1552.746,25.4507,0.000,59468.1
1507.757,1552.946,25.4580,0.000,59466.3
1508.257,1553.146,25.4385,0.000,59471.1
1508.257,1553.346,25.4442,0.000,59469.7
1508.757,1553.546,25.4510,0.000,59468.0
1508.757,1553.744,25.4168,0.000,59476.3
1508.758,1553.946,25.4404,0.000,59470.6
1509.256,1554.144,25.4511,0.000,59468.0
1509.256,1554.344,25.4593,0.000,59466.0
1509.757,1554.545,25.4378,0.000,59471.2
1509.757,1554.744,25.4368,0.000,59471.5
1509.757,1554.945,25.4385,0.000,59471.1
1510.257,1555.144,25.4604,0.000,59465.7
1510.257,1555.344,25.4399,0.000,59470.7
1510.757,1555.545,25.4381,0.000,59471.1
1510.757,1555.743,25.4541,0.000,59467.3
1510.757,1555.945,25.4811,0.000,59460.6
1511.257,1556.144,25.4401,0.000,59470.7
1511.257,1556.343,25.4442,0.000,59469.7
1511.756,1556.544,25.4102,0.000,59478.0
1511.756,1556.742,25.4555,0.000,59466.9
1511.756,1556.945,25.4256,0.000,59474.2
1512.257,1557.143,25.4606,0.000,59465.7
1512.257,1557.342,25.4088,0.000,59478.3
1512.756,1557.543,25.4458,0.000,59469.2
1512.757,1557.742,25.4214,0.000,59475.2
1512.757,1557.943,25.4616,0.000,59465.4
1513.257,1558.143,25.4443,0.000,59469.6
1513.257,1558.342,25.4585,0.000,59466.2
1513.757,1558.543,25.4414,0.000,59470.3
1513.757,1558.742,25.4135,0.000,59477.1
1513.757,1558.943,25.4612,0.000,59465.5
1514.257,1559.142,25.4451,0.000,59469.4
1514.258,1559.341,25.4482,0.000,59468.7
1514.258,1559.542,25.4033,0.000,59479.6
1514.757,1559.742,25.4243,0.000,59474.5
1514.757,1559.943,25.4529,0.000,59467.5
1515.257,1560.141,25.4568,0.000,59466.6
1515.257,1560.340,25.4591,0.000,59466.0
1515.257,1560.541,25.4570,0.000,59466.5
1515.757,1560.742,25.4158,0.000,59476.6
1515.757,1560.941,25.4538,0.000,59467.3
1516.257,1561.141,25.4590,0.000,59466.1
1516.257,1561.340,25.4635,0.000,59464.9
1516.257,1561.541,25.4080,0.000,59478.5
1516.757,1561.740,25.4630,0.000,59465.1
1516.758,1561.940,25.4192,0.000,59475.7
1517.257,1562.139,25.4414,0.000,59470.4
1517.257,1562.339,25.4046,0.000,59479.3
1517.257,1562.540,25.4253,0.000,59474.3
1517.757,1562.740,25.4552,0.000,59467.0
1517.757,1562.939,25.4536,0.000,59467.3
1518.257,1563.139,25.4551,0.000,59467.0
1518.257,1563.339,25.4588,0.000,59466.1
1518.257,1563.539,25.4264,0.000,59474.0
1518.757,1563.738,25.4546,0.000,59467.2
1518.757,1563.939,25.4126,0.000,59477.4
1519.257,1564.139,25.4557,0.000,59466.8
1519.257,1564.339,25.4302,0.000,59473.1
1519.257,1564.539,25.4555,0.000,59466.9
1519.757,1564.740,25.4594,0.000,59465.9
1519.757,1564.938,25.4228,0.000,59474.9
1520.257,1565.137,25.4464,0.000,59469.1
1520.257,1565.338,25.4209,0.000,59475.3
1520.257,1565.538,25.4375,0.000,59471.3
1520.757,1565.738,25.4124,0.000,59477.4
1520.757,1565.937,25.4302,0.000,59473.1
1521.257,1566.137,25.4578,0.000,59466.4
1521.257,1566.338,25.4290,0.000,59473.4
1521.258,1566.536,25.4223,0.000,59475.0
1521.756,1566.736,25.4175,0.000,59476.2
1521.756,1566.937,25.4528,0.000,59467.6
1522.257,1567.137,25.4381,0.000,59471.1
1522.257,1567.337,25.4736,0.000,59462.5
1522.257,1567.535,25.4502,0.000,59468.2
1522.757,1567.738,25.4412,0.000,59470.4
1522.757,1567.936,25.4258,0.000,59474.2
1523.257,1568.135,25.4251,0.000,59474.3
1523.257,1568.336,25.4266,0.000,59474.0
1523.257,1568.535,25.4352,0.000,59471.8
1523.757,1568.736,25.4521,0.000,59467.7
1523.758,1568.935,25.4389,0.000,59471.0
1524.257,1569.135,25.4219,0.000,59475.1
1524.257,1569.336,25.4446,0.000,59469.6
1524.257,1569.536,25.4591,0.000,59466.0
1524.757,1569.734,25.4562,0.000,59466.7
1524.757,1569.934,25.4067,0.000,59478.8
1525.257,1570.135,25.4412,0.000,59470.4
1525.257,1570.336,25.4199,0.000,59475.6
1525.257,1570.534,25.4054,0.000,59479.1
1525.757,1570.734,25.4331,0.000,59472.4
1525.757,1570.934,25.4541,0.000,59467.3
1526.256,1571.133,25.4643,0.000,59464.8
1526.257,1571.334,25.3975,0.000,59481.0
1526.257,1571.533,25.4105,0.000,59477.9
1526.757,1571.734,25.4373,0.000,59471.3
1526.757,1571.933,25.4401,0.000,59470.7
1527.257,1572.133,25.4580,0.000,59466.3
1527.257,1572.334,25.4619,0.000,59465.3
1527.257,1572.534,25.4565,0.000,59466.6
1527.755,1572.734,25.4637,0.000,59464.9
1527.756,1572.932,25.4435,0.000,59469.8
1528.257,1573.132,25.4534,0.000,59467.4
1528.257,1573.334,25.4152,0.000,59476.7
1528.257,1573.533,25.4536,0.000,59467.3
1528.757,1573.732,25.4153,0.000,59476.7
1528.757,1573.931,25.4414,0.000,59470.3
1529.257,1574.133,25.4687,0.000,59463.7
1529.257,1574.332,25.4487,0.000,59468.5
1529.258,1574.531,25.4460,0.000,59469.2
1529.757,1574.732,25.4206,0.000,59475.4
1529.757,1574.932,25.4521,0.000,59467.7
1530.257,1575.131,25.4668,0.000,59464.1
1530.257,1575.332,25.4555,0.000,59466.9
1530.257,1575.532,25.4469,0.000,59469.0
1530.757,1575.730,25.4381,0.000,59471.1
1530.757,1575.930,25.4536,0.000,59467.4
1531.257,1576.130,25.4478,0.000,59468.8
1531.257,1576.332,25.4463,0.000,59469.1
1531.257,1576.531,25.4096,0.000,59478.1
1531.757,1576.730,25.4160,0.000,59476.6
1531.757,1576.930,25.4598,0.000,59465.8
1532.257,1577.130,25.4552,0.000,59467.0
1532.257,1577.330,25.4546,0.000,59467.1
1532.257,1577.529,25.4627,0.000,59465.1
1532.757,1577.730,25.4717,0.000,59462.9
1532.757,1577.930,25.4534,0.000,59467.4
1533.257,1578.130,25.4653,0.000,59464.5
1533.257,1578.330,25.4448,0.000,59469.5
1533.257,1578.530,25.4575,0.000,59466.4
1533.757,1578.728,25.4630,0.000,59465.1
1533.757,1578.928,25.4712,0.000,59463.1
1534.257,1579.130,25.4754,0.000,59462.1
1534.257,1579.329,25.4717,0.000,59462.9
1534.257,1579.529,25.3989,0.000,59480.7
1534.757,1579.728,25.4140,0.000,59477.0
1534.757,1579.929,25.4647,0.000,59464.7
1535.257,1580.129,25.4594,0.000,59465.9
1535.257,1580.327,25.4578,0.000,59466.4
1535.257,1580.527,25.4585,0.000,59466.2
1535.756,1580.728,25.4677,0.000,59463.9
1535.756,1580.927,25.4326,0.000,59472.5
1536.257,1581.128,25.4525,0.000,59467.6
1536.257,1581.326,25.4556,0.000,59466.9
1536.258,1581.529,25.4251,0.000,59474.3
1536.757,1581.726,25.4658,0.000,59464.4
1536.757,1581.926,25.4517,0.000,59467.8
1537.257,1582.127,25.4783,0.000,59461.4
1537.257,1582.327,25.4474,0.000,59468.8
1537.257,1582.527,25.4499,0.000,59468.3
1537.757,1582.726,25.4648,0.000,59464.6
1537.757,1582.926,25.4345,0.000,59472.0
1538.257,1583.127,25.4171,0.000,59476.2
1538.257,1583.326,25.4709,0.000,59463.2
1538.257,1583.525,25.4583,0.000,59466.2
1538.755,1583.726,25.4642,0.000,59464.8
1538.756,1583.926,25.4551,0.000,59467.0
1539.257,1584.126,25.4734,0.000,59462.5
1539.257,1584.326,25.4688,0.000,59463.6
1539.258,1584.527,25.4547,0.000,59467.1
1539.757,1584.725,25.4624,0.000,59465.2
1539.757,1584.924,25.4534,0.000,59467.4
1540.257,1585.125,25.4593,0.000,59466.0
1540.257,1585.326,25.4744,0.000,59462.3
1540.257,1585.525,25.4321,0.000,59472.6
1540.757,1585.724,25.4399,0.000,59470.7
1540.757,1585.924,25.4559,0.000,59466.8
1541.257,1586.125,25.4132,0.000,59477.2
1541.257,1586.326,25.4282,0.000,59473.6
1541.257,1586.523,25.4811,0.000,59460.6
1541.757,1586.723,25.4746,0.000,59462.2
1541.757,1586.924,25.4752,0.000,59462.1
1542.257,1587.125,25.4261,0.000,59474.1
1542.257,1587.324,25.4751,0.000,59462.1
1542.257,1587.523,25.4616,0.000,59465.4
1542.757,1587.724,25.4818,0.000,59460.5
1542.757,1587.924,25.4818,0.000,59460.5
1543.257,1588.123,25.4674,0.000,59464.0
1543.257,1588.322,25.4726,0.000,59462.7
1543.257,1588.523,25.4793,0.000,59461.1
1543.757,1588.722,25.4668,0.000,59464.2
1543.757,1588.922,25.4873,0.000,59459.1
1544.257,1589.123,25.4910,0.000,59458.2
1544.258,1589.324,25.4886,0.000,59458.8
1544.258,1589.522,25.4499,0.000,59468.3
1544.757,1589.721,25.4342,0.000,59472.1
1544.757,1589.922,25.4882,0.000,59458.9
1545.257,1590.122,25.4626,0.000,59465.2
1545.257,1590.322,25.4759,0.000,59461.9
1545.257,1590.521,25.4306,0.000,59473.0
1545.758,1590.721,25.4497,0.000,59468.3
1545.758,1590.922,25.4795,0.000,59461.1
1546.257,1591.121,25.4795,0.000,59461.1
1546.257,1591.320,25.4840,0.000,59459.9
1546.257,1591.520,25.4484,0.000,59468.6
1546.757,1591.721,25.4858,0.000,59459.5
1546.757,1591.921,25.4912,0.000,59458.2
1547.257,1592.119,25.4788,0.000,59461.2
1547.257,1592.320,25.4531,0.000,59467.5
1547.257,1592.520,25.4464,0.000,59469.1
1547.757,1592.719,25.4653,0.000,59464.5
1547.757,1592.920,25.4814,0.000,59460.6
1548.257,1593.119,25.4676,0.000,59464.0
1548.257,1593.320,25.4749,0.000,59462.2
1548.257,1593.519,25.4734,0.000,59462.5
1548.757,1593.719,25.4502,0.000,59468.2
1548.757,1593.920,25.4489,0.000,59468.5
1549.257,1594.119,25.4902,0.000,59458.4
1549.257,1594.320,25.4582,0.000,59466.2
1549.257,1594.518,25.4345,0.000,59472.0
1549.757,1594.718,25.4824,0.000,59460.4
1549.757,1594.920,25.4591,0.000,59466.0
1550.257,1595.117,25.4676,0.000,59464.0
1550.257,1595.318,25.4676,0.000,59464.0
1550.257,1595.518,25.4324,0.000,59472.5
1550.757,1595.718,25.4819,0.000,59460.5
1550.757,1595.918,25.4860,0.000,59459.5
1551.257,1596.117,25.4494,0.000,59468.4
1551.257,1596.318,25.4731,0.000,59462.6
1551.257,1596.517,25.4883,0.000,59458.9
1551.757,1596.717,25.4901,0.000,59458.5
1551.757,1596.918,25.4863,0.000,59459.4
1552.257,1597.118,25.4302,0.000,59473.1
1552.257,1597.318,25.4616,0.000,59465.4
1552.257,1597.516,25.4653,0.000,59464.5
1552.757,1597.716,25.4760,0.000,59461.9
1552.757,1597.917,25.4868,0.000,59459.3
1553.256,1598.117,25.4650,0.000,59464.6
1553.256,1598.316,25.4806,0.000,59460.8
1553.257,1598.515,25.4630,0.000,59465.1
1553.757,1598.717,25.4630,0.000,59465.0
1553.757,1598.917,25.4479,0.000,59468.7
1554.257,1599.115,25.4827,0.000,59460.3
1554.257,1599.314,25.4342,0.000,59472.1
1554.257,1599.516,25.4731,0.000,59462.6
1554.757,1599.716,25.4868,0.000,59459.3
1554.757,1599.916,25.4780,0.000,59461.4
1555.257,1600.115,25.4770,0.000,59461.6
1555.257,1600.314,25.4591,0.000,59466.0
1555.257,1600.514,25.4928,0.000,59457.8
1555.757,1600.714,25.4674,0.000,59464.0
1555.757,1600.915,25.4778,0.000,59461.5
1556.257,1601.115,25.4855,0.000,59459.6
1556.257,1601.314,25.4925,0.000,59457.9
1556.257,1601.514,25.4836,0.000,59460.1
1556.757,1601.714,25.4492,0.000,59468.5
1556.757,1601.915,25.4399,0.000,59470.7
1557.256,1602.114,25.4723,0.000,59462.8
1557.256,1602.312,25.4731,0.000,59462.6
1557.256,1602.513,25.4712,0.000,59463.1
1557.756,1602.714,25.4744,0.000,59462.3
1557.757,1602.915,25.4598,0.000,59465.9
1558.257,1603.113,25.4891,0.000,59458.7
1558.257,1603.312,25.4707,0.000,59463.2
1558.257,1603.514,25.4502,0.000,59468.2
1558.757,1603.713,25.4720,0.000,59462.9
1558.757,1603.912,25.4739,0.000,59462.4
1559.257,1604.112,25.4710,0.000,59463.1
1559.257,1604.312,25.4385,0.000,59471.1
1559.258,1604.512,25.4638,0.000,59464.9
1559.755,1604.713,25.4502,0.000,59468.2
1559.756,1604.911,25.4424,0.000,59470.1
1560.257,1605.112,25.4746,0.000,59462.2
1560.257,1605.310,25.4940,0.000,59457.5
1560.257,1605.511,25.4352,0.000,59471.8
1560.758,1605.712,25.4466,0.000,59469.1
1560.758,1605.912,25.4456,0.000,59469.3
1561.257,1606.112,25.4757,0.000,59462.0
1561.257,1606.310,25.4665,0.000,59464.2
1561.257,1606.510,25.4811,0.000,59460.6
1561.756,1606.711,25.4390,0.000,59470.9
1561.757,1606.911,25.4819,0.000,59460.4
1562.257,1607.111,25.4752,0.000,59462.1
1562.257,1607.310,25.5080,0.000,59454.1
1562.257,1607.510,25.4850,0.000,59459.7
1562.757,1607.711,25.4677,0.000,59463.9
1562.757,1607.911,25.4827,0.000,59460.3
1563.257,1608.109,25.4541,0.000,59467.2
1563.257,1608.309,25.4863,0.000,59459.4
1563.257,1608.509,25.4639,0.000,59464.8
1563.756,1608.711,25.4585,0.000,59466.2
1563.756,1608.909,25.5039,0.000,59455.1
1564.257,1609.109,25.4640,0.000,59464.8
1564.257,1609.309,25.4788,0.000,59461.2
1564.257,1609.509,25.4775,0.000,59461.5
1564.757,1609.709,25.5110,0.000,59453.4
1564.757,1609.908,25.4941,0.000,59457.5
1565.257,1610.109,25.4775,0.000,59461.5
1565.257,1610.309,25.4795,0.000,59461.1
1565.257,1610.508,25.4901,0.000,59458.5
1565.757,1610.709,25.4468,0.000,59469.0
1565.757,1610.908,25.4907,0.000,59458.3
1566.257,1611.109,25.4663,0.000,59464.3
1566.257,1611.307,25.4902,0.000,59458.4
1566.257,1611.507,25.4793,0.000,59461.1
1566.757,1611.709,25.5008,0.000,59455.8
1566.757,1611.908,25.4608,0.000,59465.6
1567.257,1612.107,25.4889,0.000,59458.8
1567.257,1612.306,25.4935,0.000,59457.6
1567.257,1612.506,25.4624,0.000,59465.2
1567.756,1612.708,25.4653,0.000,59464.5
1567.756,1612.908,25.4889,0.000,59458.8
1568.257,1613.106,25.4648,0.000,59464.6
1568.257,1613.306,25.4463,0.000,59469.2
1568.257,1613.507,25.4707,0.000,59463.2
1568.757,1613.708,25.4920,0.000,59458.0
1568.757,1613.906,25.4546,0.000,59467.2
1569.255,1614.105,25.4668,0.000,59464.1
1569.256,1614.307,25.4764,0.000,59461.8
1569.256,1614.506,25.4873,0.000,59459.1
1569.757,1614.706,25.4897,0.000,59458.5
1569.757,1614.906,25.4914,0.000,59458.2
1570.257,1615.106,25.4433,0.000,59469.9
1570.257,1615.305,25.4881,0.000,59458.9
1570.257,1615.505,25.4728,0.000,59462.7
1570.757,1615.705,25.4609,0.000,59465.6
1570.757,1615.906,25.4472,0.000,59468.9
1571.257,1616.104,25.4634,0.000,59465.0
1571.257,1616.304,25.5026,0.000,59455.4
1571.257,1616.505,25.4575,0.000,59466.4
1571.757,1616.705,25.4850,0.000,59459.7
1571.757,1616.906,25.4936,0.000,59457.6
1572.257,1617.103,25.4844,0.000,59459.8
1572.257,1617.303,25.4751,0.000,59462.1
1572.257,1617.504,25.4770,0.000,59461.7
1572.757,1617.704,25.4811,0.000,59460.6
1572.757,1617.904,25.5018,0.000,59455.6
1573.256,1618.103,25.4871,0.000,59459.2
1573.256,1618.303,25.4525,0.000,59467.6
1573.256,1618.504,25.4482,0.000,59468.7
1573.756,1618.703,25.4770,0.000,59461.7
1573.756,1618.904,25.4891,0.000,59458.7
1574.257,1619.102,25.4944,0.000,59457.4
1574.257,1619.302,25.4638,0.000,59464.9
1574.257,1619.503,25.4804,0.000,59460.8
1574.757,1619.703,25.5107,0.000,59453.4
1574.757,1619.904,25.5024,0.000,59455.4
1575.257,1620.101,25.4736,0.000,59462.4
1575.257,1620.301,25.4870,0.000,59459.2
1575.257,1620.503,25.4927,0.000,59457.8
1575.755,1620.702,25.4818,0.000,59460.5
1575.755,1620.902,25.4389,0.000,59471.0
1576.257,1621.101,25.4883,0.000,59458.9
1576.257,1621.301,25.5070,0.000,59454.3
1576.257,1621.502,25.4601,0.000,59465.8
1576.756,1621.702,25.4770,0.000,59461.6
1576.756,1621.900,25.4762,0.000,59461.8
1577.257,1622.100,25.4836,0.000,59460.1
1577.257,1622.300,25.4365,0.000,59471.5
1577.257,1622.502,25.4836,0.000,59460.1
1577.757,1622.700,25.4842,0.000,59459.9
1577.757,1622.900,25.4585,0.000,59466.2
1578.257,1623.100,25.4380,0.000,59471.2
1578.257,1623.299,25.4843,0.000,59459.9
1578.257,1623.500,25.4777,0.000,59461.5
1578.757,1623.700,25.4780,0.000,59461.4
1578.757,1623.900,25.4754,0.000,59462.0
1579.257,1624.099,25.4798,0.000,59461.0
1579.257,1624.299,25.4962,0.000,59456.9
1579.257,1624.500,25.4560,0.000,59466.8
1579.757,1624.700,25.4419,0.000,59470.2
1579.757,1624.898,25.4748,0.000,59462.2
1580.257,1625.098,25.4770,0.000,59461.7
1580.257,1625.299,25.4578,0.000,59466.4
1580.257,1625.500,25.4448,0.000,59469.5
1580.757,1625.698,25.4970,0.000,59456.8
1580.757,1625.900,25.4760,0.000,59461.9
1581.257,1626.098,25.4754,0.000,59462.1
1581.257,1626.297,25.4505,0.000,59468.1
1581.257,1626.498,25.4891,0.000,59458.7
1581.757,1626.698,25.4917,0.000,59458.1
1581.757,1626.898,25.4792,0.000,59461.1
1582.257,1627.097,25.4980,0.000,59456.5
1582.257,1627.297,25.4806,0.000,59460.8
1582.257,1627.498,25.4757,0.000,59462.0
1582.757,1627.698,25.4557,0.000,59466.8
1582.757,1627.896,25.4450,0.000,59469.4
1583.257,1628.096,25.4824,0.000,59460.4
1583.257,1628.297,25.4917,0.000,59458.1
1583.257,1628.497,25.4766,0.000,59461.8
1583.757,1628.697,25.4818,0.000,59460.5
1583.757,1628.896,25.4458,0.000,59469.3
1584.257,1629.096,25.4946,0.000,59457.4
1584.257,1629.297,25.4614,0.000,59465.4
1584.257,1629.496,25.4805,0.000,59460.8
1584.757,1629.696,25.4769,0.000,59461.7
1584.757,1629.894,25.4888,0.000,59458.8
1585.257,1630.095,25.4767,0.000,59461.7
1585.257,1630.297,25.5094,0.000,59453.7
1585.257,1630.495,25.4798,0.000,59461.0
1585.757,1630.696,25.4752,0.000,59462.1
1585.757,1630.894,25.4852,0.000,59459.7
1586.257,1631.094,25.4518,0.000,59467.8
1586.257,1631.296,25.4688,0.000,59463.6
1586.257,1631.495,25.4756,0.000,59462.0
1586.757,1631.695,25.5027,0.000,59455.4
1586.757,1631.894,25.4639,0.000,59464.8
1587.257,1632.094,25.4800,0.000,59460.9
1587.257,1632.295,25.5013,0.000,59455.7
1587.257,1632.494,25.4653,0.000,59464.5
1587.757,1632.693,25.4834,0.000,59460.1
1587.757,1632.893,25.4956,0.000,59457.1
1588.257,1633.093,25.5153,0.000,59452.3
1588.257,1633.295,25.5010,0.000,59455.8
1588.257,1633.493,25.4860,0.000,59459.4
1588.757,1633.693,25.4824,0.000,59460.3
1588.757,1633.892,25.4752,0.000,59462.1
1589.257,1634.092,25.4909,0.000,59458.3
1589.257,1634.294,25.4788,0.000,59461.2
1589.258,1634.493,25.4661,0.000,59464.3
1589.757,1634.693,25.4638,0.000,59464.9
1589.757,1634.892,25.4798,0.000,59461.0
1590.257,1635.093,25.4907,0.000,59458.3
1590.257,1635.293,25.4606,0.000,59465.6
1590.257,1635.492,25.5119,0.000,59453.1
1590.757,1635.691,25.4930,0.000,59457.8
1590.757,1635.892,25.4941,0.000,59457.5
1591.256,1636.091,25.4863,0.000,59459.4
1591.256,1636.292,25.4897,0.000,59458.5
1591.256,1636.492,25.4575,0.000,59466.4
1591.757,1636.693,25.5002,0.000,59456.0
1591.757,1636.890,25.4800,0.000,59460.9
1592.255,1637.090,25.4915,0.000,59458.1
1592.256,1637.292,25.4795,0.000,59461.0
1592.256,1637.492,25.5005,0.000,59455.9
1592.757,1637.690,25.4614,0.000,59465.4
1592.757,1637.890,25.4944,0.000,59457.4
1593.257,1638.091,25.4970,0.000,59456.8
1593.258,1638.292,25.4461,0.000,59469.2
1593.258,1638.492,25.4857,0.000,59459.6
1593.757,1638.689,25.4936,0.000,59457.6
1593.757,1638.889,25.4546,0.000,59467.1
1594.257,1639.089,25.5133,0.000,59452.8
1594.257,1639.291,25.4899,0.000,59458.5
1594.257,1639.490,25.4956,0.000,59457.1
1594.757,1639.689,25.4482,0.000,59468.7
1594.757,1639.889,25.5156,0.000,59452.2
1595.257,1640.089,25.5080,0.000,59454.1
1595.257,1640.290,25.4840,0.000,59459.9
1595.258,1640.490,25.4730,0.000,59462.6
1595.757,1640.688,25.4648,0.000,59464.6
1595.757,1640.888,25.4887,0.000,59458.8
1596.257,1641.089,25.4536,0.000,59467.4
1596.257,1641.290,25.4632,0.000,59465.0
1596.257,1641.488,25.5014,0.000,59455.7
1596.756,1641.687,25.5075,0.000,59454.2
1596.756,1641.889,25.5010,0.000,59455.8
1597.257,1642.089,25.4694,0.000,59463.5
1597.257,1642.287,25.4992,0.000,59456.2
1597.257,1642.488,25.4668,0.000,59464.2
1597.757,1642.688,25.5018,0.000,59455.6
1597.757,1642.887,25.4980,0.000,59456.5
1598.257,1643.088,25.4995,0.000,59456.2
1598.257,1643.286,25.4712,0.000,59463.1
1598.257,1643.488,25.4593,0.000,59466.0
1598.756,1643.686,25.4878,0.000,59459.0
1598.756,1643.886,25.5137,0.000,59452.7
1599.257,1644.088,25.4572,0.000,59466.5
1599.257,1644.286,25.4834,0.000,59460.1
1599.257,1644.486,25.4517,0.000,59467.8
1599.756,1644.685,25.4959,0.000,59457.1
1599.756,1644.885,25.4878,0.000,59459.0
1600.257,1645.087,25.5049,0.000,59454.9
1600.257,1645.286,25.5073,0.000,59454.2
1600.258,1645.486,25.4686,0.000,59463.7
1600.757,1645.685,25.4944,0.000,59457.4
1600.757,1645.886,25.4767,0.000,59461.7
1601.257,1646.086,25.4741,0.000,59462.4
1601.257,1646.284,25.4621,0.000,59465.3
1601.257,1646.484,25.5053,0.000,59454.7
1601.757,1646.685,25.4920,0.000,59458.0
1601.757,1646.884,25.5166,0.000,59452.0
1602.257,1647.085,25.5009,0.000,59455.8
1602.257,1647.285,25.5000,0.000,59456.0
1602.257,1647.486,25.4975,0.000,59456.6
1602.757,1647.683,25.4977,0.000,59456.6
1602.757,1647.883,25.4824,0.000,59460.4
1603.257,1648.085,25.4975,0.000,59456.7
1603.257,1648.283,25.5029,0.000,59455.3
1603.257,1648.484,25.5103,0.000,59453.5
1603.755,1648.683,25.4967,0.000,59456.8
1603.755,1648.883,25.5080,0.000,59454.1
1604.256,1649.084,25.4604,0.000,59465.7
1604.256,1649.283,25.4949,0.000,59457.3
1604.256,1649.482,25.5029,0.000,59455.3
1604.757,1649.682,25.5026,0.000,59455.4
1604.757,1649.883,25.5023,0.000,59455.5
1605.257,1650.084,25.5005,0.000,59455.9
1605.257,1650.282,25.5013,0.000,59455.7
1605.257,1650.482,25.4819,0.000,59460.5
1605.757,1650.681,25.5052,0.000,59454.8
1605.757,1650.883,25.4884,0.000,59458.9
1606.257,1651.083,25.4611,0.000,59465.5
1606.257,1651.281,25.4917,0.000,59458.1
1606.257,1651.480,25.4855,0.000,59459.6
1606.757,1651.681,25.4746,0.000,59462.2
1606.757,1651.882,25.5037,0.000,59455.1
1607.257,1652.083,25.4829,0.000,59460.2
1607.257,1652.281,25.4736,0.000,59462.5
1607.257,1652.480,25.4883,0.000,59458.9
1607.757,1652.680,25.5005,0.000,59455.9
1607.757,1652.881,25.4691,0.000,59463.6
1608.255,1653.082,25.5010,0.000,59455.8
1608.256,1653.280,25.4478,0.000,59468.8
1608.256,1653.480,25.5140,0.000,59452.6
1608.755,1653.680,25.4694,0.000,59463.5
1608.755,1653.880,25.4536,0.000,59467.4
1609.257,1654.081,25.4814,0.000,59460.6
1609.257,1654.279,25.5045,0.000,59454.9
1609.257,1654.478,25.4961,0.000,59457.0
1609.757,1654.679,25.4627,0.000,59465.2
1609.757,1654.880,25.4731,0.000,59462.6
1610.257,1655.081,25.4917,0.000,59458.1
1610.257,1655.279,25.4616,0.000,59465.4
1610.257,1655.478,25.4731,0.000,59462.6
1610.758,1655.680,25.5166,0.000,59452.0
1610.758,1655.879,25.4914,0.000,59458.1
1611.257,1656.078,25.4746,0.000,59462.2
1611.257,1656.279,25.4580,0.000,59466.3
1611.257,1656.478,25.5106,0.000,59453.5
1611.757,1656.678,25.4922,0.000,59457.9
1611.757,1656.879,25.5081,0.000,59454.1
1612.257,1657.078,25.5003,0.000,59456.0
1612.257,1657.279,25.5179,0.000,59451.7
1612.257,1657.476,25.5034,0.000,59455.2
1612.757,1657.677,25.4974,0.000,59456.7
1612.757,1657.879,25.4783,0.000,59461.4
1613.257,1658.077,25.4731,0.000,59462.6
1613.257,1658.279,25.4565,0.000,59466.6
1613.257,1658.476,25.5143,0.000,59452.6
1613.757,1658.676,25.5070,0.000,59454.3
1613.757,1658.877,25.4878,0.000,59459.0
1614.257,1659.077,25.4853,0.000,59459.6
1614.257,1659.277,25.4995,0.000,59456.2
1614.258,1659.476,25.4982,0.000,59456.5
1614.757,1659.676,25.4985,0.000,59456.4
1614.757,1659.877,25.5103,0.000,59453.5
1615.256,1660.077,25.4783,0.000,59461.3
1615.257,1660.275,25.4699,0.000,59463.4
1615.257,1660.475,25.5132,0.000,59452.8
1615.757,1660.676,25.5042,0.000,59455.0
1615.757,1660.877,25.5102,0.000,59453.6
1616.257,1661.076,25.4608,0.000,59465.6
1616.257,1661.275,25.4546,0.000,59467.1
1616.257,1661.474,25.4752,0.000,59462.1
1616.756,1661.676,25.5067,0.000,59454.4
1616.757,1661.876,25.5089,0.000,59453.8
1617.255,1662.074,25.4914,0.000,59458.2
1617.256,1662.275,25.4821,0.000,59460.4
1617.256,1662.474,25.5374,0.000,59446.9
1617.757,1662.675,25.4868,0.000,59459.2
1617.757,1662.876,25.4827,0.000,59460.3
1618.255,1663.074,25.5003,0.000,59456.0
1618.256,1663.273,25.4668,0.000,59464.2
1618.256,1663.473,25.4937,0.000,59457.6
1618.757,1663.674,25.4673,0.000,59464.0
1618.757,1663.875,25.5000,0.000,59456.0
1619.257,1664.074,25.4941,0.000,59457.5
1619.257,1664.273,25.4962,0.000,59457.0
1619.257,1664.472,25.5263,0.000,59449.6
1619.757,1664.674,25.5086,0.000,59453.9
1619.757,1664.873,25.4733,0.000,59462.6
1620.257,1665.072,25.4796,0.000,59461.0
1620.257,1665.272,25.5078,0.000,59454.2
1620.257,1665.473,25.5065,0.000,59454.5
1620.757,1665.672,25.4811,0.000,59460.6
1620.757,1665.873,25.5078,0.000,59454.1
1621.257,1666.072,25.5136,0.000,59452.7
1621.257,1666.272,25.4907,0.000,59458.3
1621.257,1666.471,25.4790,0.000,59461.1
1621.757,1666.672,25.5083,0.000,59454.0
1621.757,1666.872,25.4723,0.000,59462.8
1622.257,1667.072,25.4808,0.000,59460.7
1622.257,1667.271,25.4997,0.000,59456.1
1622.257,1667.471,25.4775,0.000,59461.5
1622.757,1667.672,25.4728,0.000,59462.7
1622.757,1667.871,25.4785,0.000,59461.2
1623.256,1668.070,25.4977,0.000,59456.6
1623.256,1668.270,25.5086,0.000,59453.9
1623.256,1668.471,25.5159,0.000,59452.2
1623.757,1668.671,25.4922,0.000,59458.0
1623.757,1668.869,25.5067,0.000,59454.4
1624.257,1669.070,25.4805,0.000,59460.8
1624.257,1669.270,25.5179,0.000,59451.7
1624.257,1669.469,25.4928,0.000,59457.8
1624.757,1669.670,25.4970,0.000,59456.8
1624.757,1669.869,25.4697,0.000,59463.4
1625.257,1670.070,25.5044,0.000,59455.0
1625.257,1670.269,25.4956,0.000,59457.1
1625.257,1670.469,25.4670,0.000,59464.1
1625.757,1670.670,25.5104,0.000,59453.5
1625.757,1670.868,25.5120,0.000,59453.1
1626.257,1671.068,25.5094,0.000,59453.7
1626.257,1671.268,25.5195,0.000,59451.3
1626.257,1671.469,25.4707,0.000,59463.2
1626.757,1671.670,25.5172,0.000,59451.8
1626.757,1671.867,25.5075,0.000,59454.2
1627.257,1672.068,25.5150,0.000,59452.4
1627.257,1672.267,25.5026,0.000,59455.4
1627.257,1672.469,25.5059,0.000,59454.6
1627.757,1672.669,25.4795,0.000,59461.0
1627.757,1672.867,25.5143,0.000,59452.6
1628.257,1673.068,25.5234,0.000,59450.4
1628.257,1673.268,25.4868,0.000,59459.2
1628.257,1673.468,25.5137,0.000,59452.7
1628.757,1673.668,25.4839,0.000,59460.0
1628.757,1673.867,25.5104,0.000,59453.5
1629.257,1674.068,25.5263,0.000,59449.6
1629.257,1674.266,25.5112,0.000,59453.3
1629.257,1674.466,25.5158,0.000,59452.2
1629.757,1674.667,25.5202,0.000,59451.1
1629.757,1674.867,25.5013,0.000,59455.7
1630.257,1675.066,25.5220,0.000,59450.7
1630.257,1675.265,25.5366,0.000,59447.1
1630.257,1675.467,25.5036,0.000,59455.2
1630.757,1675.667,25.4878,0.000,59459.0
1630.757,1675.865,25.4997,0.000,59456.1
1631.257,1676.064,25.5045,0.000,59454.9
1631.257,1676.265,25.4780,0.000,59461.4
1631.257,1676.466,25.5045,0.000,59454.9
1631.756,1676.667,25.5269,0.000,59449.5
1631.756,1676.865,25.5301,0.000,59448.7
1632.257,1677.064,25.5233,0.000,59450.4
1632.257,1677.264,25.5166,0.000,59451.9
1632.257,1677.465,25.5081,0.000,59454.1
1632.757,1677.666,25.5153,0.000,59452.3
1632.757,1677.864,25.4857,0.000,59459.5
1633.255,1678.064,25.5159,0.000,59452.1
1633.256,1678.264,25.5119,0.000,59453.1
1633.256,1678.464,25.5169,0.000,59451.9
1633.757,1678.664,25.4943,0.000,59457.4
1633.757,1678.863,25.5153,0.000,59452.3
1634.257,1679.064,25.4803,0.000,59460.9
1634.257,1679.263,25.5257,0.000,59449.8
1634.257,1679.464,25.5187,0.000,59451.5
1634.757,1679.664,25.5110,0.000,59453.4
1634.757,1679.864,25.5041,0.000,59455.1
1635.255,1680.062,25.5237,0.000,59450.2
1635.256,1680.262,25.5020,0.000,59455.6
1635.256,1680.463,25.4826,0.000,59460.3
1635.757,1680.663,25.4839,0.000,59460.0
1635.757,1680.862,25.4912,0.000,59458.2
1636.257,1681.062,25.5146,0.000,59452.4
1636.257,1681.262,25.5255,0.000,59449.8
1636.257,1681.463,25.5225,0.000,59450.6
1636.757,1681.661,25.5177,0.000,59451.7
1636.757,1681.861,25.5177,0.000,59451.7
1637.257,1682.060,25.5215,0.000,59450.8
1637.257,1682.262,25.5036,0.000,59455.2
1637.257,1682.463,25.4962,0.000,59457.0
1637.756,1682.660,25.4814,0.000,59460.6
1637.756,1682.861,25.5254,0.000,59449.8
1638.257,1683.060,25.5177,0.000,59451.7
1638.257,1683.262,25.4944,0.000,59457.4
1638.257,1683.462,25.5317,0.000,59448.3
1638.755,1683.660,25.5171,0.000,59451.9
1638.755,1683.861,25.4907,0.000,59458.3
1639.255,1684.060,25.5288,0.000,59449.0
1639.255,1684.261,25.5200,0.000,59451.1
1639.255,1684.462,25.4993,0.000,59456.2
1639.757,1684.659,25.4974,0.000,59456.7
1639.757,1684.859,25.4765,0.000,59461.8
1640.257,1685.059,25.5114,0.000,59453.2
1640.257,1685.260,25.5081,0.000,59454.1
1640.257,1685.461,25.5213,0.000,59450.8
1640.757,1685.659,25.5132,0.000,59452.8
1640.757,1685.859,25.5166,0.000,59452.0
1641.256,1686.058,25.5136,0.000,59452.7
1641.257,1686.260,25.5063,0.000,59454.5
1641.257,1686.460,25.4975,0.000,59456.7
1641.757,1686.658,25.4982,0.000,59456.5
1641.757,1686.859,25.5226,0.000,59450.5
1642.257,1687.058,25.4865,0.000,59459.3
1642.257,1687.259,25.5106,0.000,59453.5
1642.257,1687.460,25.5296,0.000,59448.8
1642.757,1687.658,25.5122,0.000,59453.0
1642.757,1687.857,25.5327,0.000,59448.0
1643.257,1688.057,25.4925,0.000,59457.9
1643.257,1688.258,25.5073,0.000,59454.2
1643.257,1688.459,25.5073,0.000,59454.2
1643.757,1688.658,25.5156,0.000,59452.2
1643.757,1688.857,25.4783,0.000,59461.3
1644.258,1689.056,25.5107,0.000,59453.4
1644.258,1689.258,25.5542,0.000,59442.8
1644.258,1689.458,25.4984,0.000,59456.5
1644.757,1689.656,25.5252,0.000,59449.9
1644.757,1689.856,25.5062,0.000,59454.5
1645.257,1690.057,25.5083,0.000,59454.0
1645.257,1690.257,25.5225,0.000,59450.6
1645.257,1690.457,25.4920,0.000,59458.0
1645.757,1690.656,25.4780,0.000,59461.4
1645.757,1690.855,25.4814,0.000,59460.6
1646.257,1691.057,25.5106,0.000,59453.5
1646.257,1691.256,25.4751,0.000,59462.1
1646.257,1691.456,25.5023,0.000,59455.5
1646.756,1691.656,25.5065,0.000,59454.5
1646.756,1691.856,25.5034,0.000,59455.2
1647.257,1692.056,25.5182,0.000,59451.6
1647.257,1692.255,25.5103,0.000,59453.5
1647.257,1692.455,25.4995,0.000,59456.1
1647.757,1692.656,25.4822,0.000,59460.4
1647.757,1692.854,25.5136,0.000,59452.7
1648.256,1693.054,25.4933,0.000,59457.6
1648.257,1693.255,25.5210,0.000,59450.9
1648.257,1693.456,25.5203,0.000,59451.1
1648.757,1693.654,25.4902,0.000,59458.4
1648.757,1693.853,25.5120,0.000,59453.1
1649.255,1694.055,25.5161,0.000,59452.1
1649.256,1694.255,25.5210,0.000,59450.9
1649.256,1694.453,25.4907,0.000,59458.3
1649.757,1694.654,25.5225,0.000,59450.6
1649.757,1694.854,25.5093,0.000,59453.8
1650.257,1695.054,25.4814,0.000,59460.6
1650.257,1695.254,25.4734,0.000,59462.5
1650.257,1695.452,25.5049,0.000,59454.8
1650.756,1695.654,25.4837,0.000,59460.0
1650.756,1695.852,25.4834,0.000,59460.1
1651.257,1696.052,25.5208,0.000,59451.0
1651.257,1696.253,25.5141,0.000,59452.6
1651.257,1696.453,25.5309,0.000,59448.5
1651.757,1696.652,25.5166,0.000,59452.0
1651.757,1696.851,25.4804,0.000,59460.8
1652.257,1697.051,25.5296,0.000,59448.8
1652.257,1697.253,25.5269,0.000,59449.5
1652.257,1697.451,25.5346,0.000,59447.6
1652.757,1697.652,25.5314,0.000,59448.4
1652.757,1697.851,25.5169,0.000,59451.9
1653.257,1698.052,25.5219,0.000,59450.7
1653.257,1698.253,25.5042,0.000,59455.0
1653.257,1698.451,25.5143,0.000,59452.5
1653.757,1698.650,25.5309,0.000,59448.5
1653.757,1698.851,25.4795,0.000,59461.1
1654.257,1699.051,25.5327,0.000,59448.0
1654.257,1699.252,25.5244,0.000,59450.1
1654.257,1699.450,25.5225,0.000,59450.6
1654.757,1699.650,25.5174,0.000,59451.8
1654.757,1699.850,25.5246,0.000,59450.0
1655.257,1700.050,25.4839,0.000,59460.0
1655.257,1700.250,25.5293,0.000,59448.9
1655.257,1700.449,25.5390,0.000,59446.5
1655.757,1700.650,25.5230,0.000,59450.4
1655.757,1700.850,25.5172,0.000,59451.8
1656.257,1701.049,25.4962,0.000,59457.0
1656.257,1701.250,25.5141,0.000,59452.6
1656.257,1701.450,25.4962,0.000,59457.0
1656.757,1701.648,25.5304,0.000,59448.6
1656.757,1701.848,25.5122,0.000,59453.0
1657.257,1702.048,25.5400,0.000,59446.3
1657.257,1702.250,25.4951,0.000,59457.2
1657.258,1702.448,25.5208,0.000,59451.0
1657.757,1702.648,25.5006,0.000,59455.9
1657.757,1702.847,25.5381,0.000,59446.8
1658.257,1703.049,25.5356,0.000,59447.3
1658.257,1703.248,25.5368,0.000,59447.1
1658.257,1703.447,25.4875,0.000,59459.1
1658.757,1703.646,25.4946,0.000,59457.4
1658.757,1703.848,25.5146,0.000,59452.5
1659.257,1704.048,25.5246,0.000,59450.1
1659.257,1704.248,25.4837,0.000,59460.0
1659.257,1704.447,25.4819,0.000,59460.4
1659.756,1704.646,25.5153,0.000,59452.3
1659.756,1704.848,25.5244,0.000,59450.1
1660.257,1705.047,25.4995,0.000,59456.1
1660.257,1705.247,25.5281,0.000,59449.2
1660.257,1705.446,25.4882,0.000,59458.9
1660.757,1705.646,25.4907,0.000,59458.3
1660.757,1705.847,25.5225,0.000,59450.5
1661.255,1706.047,25.5223,0.000,59450.6
1661.256,1706.246,25.5252,0.000,59449.9
1661.256,1706.445,25.5551,0.000,59442.6
1661.757,1706.646,25.5294,0.000,59448.8
1661.757,1706.846,25.5316,0.000,59448.3
1662.257,1707.047,25.5278,0.000,59449.2
1662.257,1707.244,25.4980,0.000,59456.5
1662.257,1707.445,25.5231,0.000,59450.4
1662.757,1707.644,25.5356,0.000,59447.4
1662.757,1707.845,25.4987,0.000,59456.4
1663.257,1708.046,25.5257,0.000,59449.8
1663.257,1708.244,25.5093,0.000,59453.8
1663.257,1708.445,25.5234,0.000,59450.3
1663.757,1708.644,25.5382,0.000,59446.7
1663.757,1708.845,25.5195,0.000,59451.2
1664.258,1709.045,25.5319,0.000,59448.2
1664.258,1709.243,25.5221,0.000,59450.6
1664.258,1709.445,25.5312,0.000,59448.4
1664.756,1709.644,25.5063,0.000,59454.5
1664.756,1709.843,25.4930,0.000,59457.8
1665.257,1710.044,25.5215,0.000,59450.8
1665.257,1710.244,25.5275,0.000,59449.3
1665.257,1710.445,25.5182,0.000,59451.6
1665.756,1710.642,25.5281,0.000,59449.2
1665.756,1710.842,25.5408,0.000,59446.1
1666.257,1711.044,25.5299,0.000,59448.7
1666.257,1711.242,25.5273,0.000,59449.4
1666.257,1711.443,25.5371,0.000,59447.0
1666.757,1711.642,25.5576,0.000,59442.0
1666.757,1711.843,25.5175,0.000,59451.8
1667.257,1712.043,25.5234,0.000,59450.3
1667.257,1712.242,25.5337,0.000,59447.8
1667.257,1712.441,25.4866,0.000,59459.3
1667.755,1712.642,25.5308,0.000,59448.5
1667.756,1712.842,25.5302,0.000,59448.6
1668.257,1713.042,25.4946,0.000,59457.3
1668.257,1713.242,25.5078,0.000,59454.1
1668.257,1713.441,25.4844,0.000,59459.8
1668.757,1713.641,25.5415,0.000,59445.9
1668.757,1713.841,25.5190,0.000,59451.4
1668.757,1714.041,25.5408,0.000,59446.1
1669.257,1714.240,25.5335,0.000,59447.9
1669.257,1714.440,25.5371,0.000,59447.0
1669.757,1714.641,25.5290,0.000,59448.9
1669.758,1714.841,25.4933,0.000,59457.7
1669.758,1715.041,25.5269,0.000,59449.5
1670.257,1715.240,25.5239,0.000,59450.2
1670.257,1715.439,25.4922,0.000,59458.0
1670.757,1715.641,25.4879,0.000,59459.0
1670.757,1715.840,25.5385,0.000,59446.6
1670.757,1716.040,25.5400,0.000,59446.3
1671.257,1716.240,25.5023,0.000,59455.5
1671.257,1716.440,25.4878,0.000,59459.1
1671.755,1716.639,25.5249,0.000,59450.0
1671.756,1716.839,25.5369,0.000,59447.0
1671.756,1717.039,25.4970,0.000,59456.8
1672.257,1717.240,25.5053,0.000,59454.8
1672.257,1717.438,25.5109,0.000,59453.4
1672.757,1717.638,25.5342,0.000,59447.7
1672.757,1717.839,25.4860,0.000,59459.5
1672.758,1718.039,25.5128,0.000,59452.9
1673.257,1718.238,25.5439,0.000,59445.3
1673.257,1718.437,25.5371,0.000,59447.0
1673.757,1718.637,25.5269,0.000,59449.5
1673.757,1718.839,25.4873,0.000,59459.1
1673.757,1719.037,25.5203,0.000,59451.1
1674.257,1719.238,25.5304,0.000,59448.6
1674.257,1719.438,25.5029,0.000,59455.4
1674.757,1719.638,25.4959,0.000,59457.1
1674.757,1719.838,25.4919,0.000,59458.0
1674.757,1720.036,25.5381,0.000,59446.7
1675.257,1720.236,25.5200,0.000,59451.2
1675.257,1720.437,25.5239,0.000,59450.2
1675.756,1720.637,25.5112,0.000,59453.3
1675.756,1720.837,25.5366,0.000,59447.1
1675.756,1721.035,25.5059,0.000,59454.6
1676.257,1721.236,25.5501,0.000,59443.8
1676.257,1721.436,25.5379,0.000,59446.8
1676.757,1721.635,25.5044,0.000,59455.0
1676.757,1721.836,25.5296,0.000,59448.8
1676.757,1722.035,25.5233,0.000,59450.4
1677.257,1722.236,25.5351,0.000,59447.5
1677.257,1722.435,25.4943,0.000,59457.4
1677.757,1722.635,25.5215,0.000,59450.8
1677.757,1722.836,25.5376,0.000,59446.9
1677.757,1723.036,25.4953,0.000,59457.2
1678.257,1723.234,25.4923,0.000,59457.9
1678.257,1723.434,25.5415,0.000,59445.9
1678.757,1723.635,25.5420,0.000,59445.8
1678.757,1723.836,25.5285,0.000,59449.1
1678.757,1724.034,25.5376,0.000,59446.9
1679.257,1724.234,25.5654,0.000,59440.1
1679.257,1724.434,25.5410,0.000,59446.0
1679.757,1724.634,25.5078,0.000,59454.2
1679.757,1724.834,25.5210,0.000,59450.9
1679.757,1725.033,25.5433,0.000,59445.5
1680.257,1725.234,25.4984,0.000,59456.5
1680.257,1725.434,25.5386,0.000,59446.6
1680.757,1725.633,25.4852,0.000,59459.7
1680.757,1725.834,25.5202,0.000,59451.1
1680.757,1726.033,25.5500,0.000,59443.8
1681.257,1726.234,25.5385,0.000,59446.6
1681.257,1726.432,25.5356,0.000,59447.4
1681.756,1726.632,25.5368,0.000,59447.1
1681.756,1726.834,25.5091,0.000,59453.8
1681.756,1727.032,25.4850,0.000,59459.7
1682.257,1727.232,25.5208,0.000,59451.0
1682.257,1727.431,25.5483,0.000,59444.2
1682.757,1727.633,25.5369,0.000,59447.0
1682.757,1727.832,25.5421,0.000,59445.7
1682.757,1728.031,25.5461,0.000,59444.8
1683.257,1728.230,25.5239,0.000,59450.2
1683.257,1728.432,25.5335,0.000,59447.9
1683.757,1728.631,25.4855,0.000,59459.6
1683.757,1728.832,25.5382,0.000,59446.7
1683.757,1729.031,25.5338,0.000,59447.8
1684.257,1729.230,25.5003,0.000,59456.0
1684.257,1729.431,25.5403,0.000,59446.2
1684.756,1729.630,25.5410,0.000,59446.0
1684.756,1729.831,25.5059,0.000,59454.6
1684.756,1730.031,25.4962,0.000,59457.0
1685.257,1730.230,25.5171,0.000,59451.9
1685.257,1730.430,25.5239,0.000,59450.2
1685.757,1730.630,25.5312,0.000,59448.4
1685.757,1730.831,25.5535,0.000,59443.0
1685.757,1731.029,25.4977,0.000,59456.6
1686.257,1731.228,25.5029,0.000,59455.4
1686.257,1731.430,25.5423,0.000,59445.7
1686.757,1731.630,25.5430,0.000,59445.5
1686.757,1731.830,25.5439,0.000,59445.3
1686.757,1732.029,25.4937,0.000,59457.6
1687.257,1732.228,25.5055,0.000,59454.7
1687.257,1732.429,25.5358,0.000,59447.3
1687.756,1732.629,25.5302,0.000,59448.7
1687.756,1732.828,25.4956,0.000,59457.1
1687.756,1733.029,25.5273,0.000,59449.4
1688.258,1733.228,25.4928,0.000,59457.8
1688.259,1733.428,25.5019,0.000,59455.6
1688.756,1733.629,25.5177,0.000,59451.7
1688.757,1733.828,25.5444,0.000,59445.2
1688.757,1734.027,25.5081,0.000,59454.1
1689.257,1734.226,25.5219,0.000,59450.7
1689.257,1734.427,25.5010,0.000,59455.8
1689.757,1734.629,25.5293,0.000,59448.9
1689.757,1734.826,25.5010,0.000,59455.8
1689.757,1735.027,25.5469,0.000,59444.6
1690.257,1735.226,25.5102,0.000,59453.6
1690.257,1735.428,25.4905,0.000,59458.3
1690.757,1735.627,25.5203,0.000,59451.1
1690.758,1735.826,25.5797,0.000,59436.5
1690.758,1736.027,25.5459,0.000,59444.8
1691.257,1736.226,25.5429,0.000,59445.5
1691.257,1736.426,25.5281,0.000,59449.2
1691.757,1736.627,25.5327,0.000,59448.0
1691.757,1736.826,25.5413,0.000,59445.9
1691.757,1737.027,25.5011,0.000,59455.8
1692.257,1737.225,25.5148,0.000,59452.4
1692.257,1737.425,25.5394,0.000,59446.4
1692.757,1737.627,25.5442,0.000,59445.2
1692.758,1737.826,25.5503,0.000,59443.8
1692.758,1738.025,25.5428,0.000,59445.6
1693.257,1738.224,25.5508,0.000,59443.6
1693.257,1738.426,25.4990,0.000,59456.2
1693.757,1738.625,25.5195,0.000,59451.2
1693.757,1738.824,25.5215,0.000,59450.8
1693.757,1739.025,25.5338,0.000,59447.8
1694.257,1739.225,25.5265,0.000,59449.5
1694.257,1739.424,25.5298,0.000,59448.7
1694.757,1739.625,25.5151,0.000,59452.4
1694.757,1739.824,25.5133,0.000,59452.8
1694.757,1740.025,25.5172,0.000,59451.8
1695.257,1740.224,25.5350,0.000,59447.5
1695.257,1740.423,25.5181,0.000,59451.6
1695.757,1740.624,25.5374,0.000,59446.9
1695.757,1740.824,25.5346,0.000,59447.6
1695.757,1741.025,25.5435,0.000,59445.4
1696.256,1741.223,25.5586,0.000,59441.7
1696.256,1741.422,25.5146,0.000,59452.5
1696.757,1741.623,25.5417,0.000,59445.9
1696.757,1741.824,25.5003,0.000,59456.0
1696.757,1742.023,25.5317,0.000,59448.3
1697.257,1742.222,25.5449,0.000,59445.1
1697.257,1742.422,25.5508,0.000,59443.7
1697.757,1742.623,25.5545,0.000,59442.7
1697.757,1742.822,25.5527,0.000,59443.1
1697.757,1743.021,25.5296,0.000,59448.8
1698.257,1743.221,25.5464,0.000,59444.7
1698.257,1743.422,25.5281,0.000,59449.2
1698.757,1743.622,25.5747,0.000,59437.8
1698.757,1743.822,25.5120,0.000,59453.1
1698.757,1744.021,25.5522,0.000,59443.2
1699.257,1744.222,25.5412,0.000,59446.0
1699.257,1744.422,25.5449,0.000,59445.1
1699.757,1744.621,25.5386,0.000,59446.6
1699.757,1744.820,25.5415,0.000,59445.9
1699.757,1745.021,25.5346,0.000,59447.6
1700.257,1745.221,25.5714,0.000,59438.6
1700.257,1745.421,25.5664,0.000,59439.8
1700.757,1745.619,25.5586,0.000,59441.7
1700.757,1745.822,25.5623,0.000,59440.8
1700.757,1746.020,25.5711,0.000,59438.7
1701.257,1746.219,25.5442,0.000,59445.2
1701.257,1746.420,25.5081,0.000,59454.1
1701.757,1746.620,25.5343,0.000,59447.6
1701.757,1746.820,25.5545,0.000,59442.7
1701.757,1747.019,25.5498,0.000,59443.9
1702.257,1747.219,25.5527,0.000,59443.1
1702.257,1747.420,25.5316,0.000,59448.4
1702.757,1747.618,25.5562,0.000,59442.3
1702.757,1747.818,25.5693,0.000,59439.1
1702.757,1748.019,25.5457,0.000,59444.9
1703.257,1748.218,25.5439,0.000,59445.3
1703.257,1748.419,25.5683,0.000,59439.3
1703.757,1748.617,25.5556,0.000,59442.4
1703.757,1748.820,25.5747,0.000,59437.8
1703.757,1749.017,25.5215,0.000,59450.8
1704.258,1749.217,25.5498,0.000,59443.9
1704.258,1749.418,25.5669,0.000,59439.7
1704.757,1749.618,25.5180,0.000,59451.6
1704.757,1749.818,25.5195,0.000,59451.2
1704.757,1750.017,25.5112,0.000,59453.3
1705.257,1750.217,25.5511,0.000,59443.6
1705.257,1750.418,25.5558,0.000,59442.4
1705.757,1750.617,25.5244,0.000,59450.1
1705.757,1750.816,25.5483,0.000,59444.2
1705.757,1751.017,25.5454,0.000,59445.0
1706.256,1751.217,25.5107,0.000,59453.4
1706.256,1751.417,25.5431,0.000,59445.5
1706.757,1751.616,25.5503,0.000,59443.8
1706.757,1751.818,25.5625,0.000,59440.7
1706.757,1752.016,25.5285,0.000,59449.1
1707.257,1752.215,25.5551,0.000,59442.6
1707.257,1752.416,25.5729,0.000,59438.2
1707.757,1752.615,25.5615,0.000,59441.0
1707.757,1752.816,25.5789,0.000,59436.8
1707.757,1753.016,25.5296,0.000,59448.8
1708.257,1753.215,25.5628,0.000,59440.7
1708.257,1753.416,25.5610,0.000,59441.1
1708.757,1753.615,25.5343,0.000,59447.7
1708.757,1753.814,25.5612,0.000,59441.1
1708.757,1754.014,25.5473,0.000,59444.5
1709.257,1754.214,25.5612,0.000,59441.1
1709.257,1754.416,25.5547,0.000,59442.7
1709.756,1754.614,25.5654,0.000,59440.1
1709.756,1754.814,25.5459,0.000,59444.8
1709.757,1755.014,25.5500,0.000,59443.8
1710.257,1755.214,25.5459,0.000,59444.8
1710.257,1755.414,25.5483,0.000,59444.2
1710.756,1755.613,25.5669,0.000,59439.7
1710.756,1755.812,25.5558,0.000,59442.4
1710.757,1756.014,25.5436,0.000,59445.4
1711.257,1756.214,25.5425,0.000,59445.6
1711.257,1756.414,25.5670,0.000,59439.6
1711.755,1756.613,25.5698,0.000,59439.0
1711.756,1756.812,25.5584,0.000,59441.8
1711.756,1757.012,25.5527,0.000,59443.1
1712.257,1757.213,25.5491,0.000,59444.0
1712.257,1757.412,25.5302,0.000,59448.7
1712.755,1757.613,25.5762,0.000,59437.4
1712.755,1757.812,25.5633,0.000,59440.6
1712.756,1758.012,25.5591,0.000,59441.6
1713.257,1758.213,25.5670,0.000,59439.6
1713.258,1758.411,25.5810,0.000,59436.2
1713.757,1758.612,25.5791,0.000,59436.7
1713.757,1758.812,25.5464,0.000,59444.7
1713.757,1759.011,25.5662,0.000,59439.8
1714.257,1759.212,25.5620,0.000,59440.9
1714.257,1759.410,25.5306,0.000,59448.6
1714.757,1759.612,25.5634,0.000,59440.5
1714.757,1759.810,25.5220,0.000,59450.7
1714.757,1760.010,25.5477,0.000,59444.4
1715.257,1760.211,25.5441,0.000,59445.3
1715.257,1760.410,25.5740,0.000,59437.9
1715.757,1760.611,25.5327,0.000,59448.1
1715.757,1760.810,25.5767,0.000,59437.2
1715.757,1761.010,25.5717,0.000,59438.5
1716.257,1761.211,25.5472,0.000,59444.5
1716.257,1761.409,25.5605,0.000,59441.2
1716.757,1761.611,25.5898,0.000,59434.1
1716.757,1761.810,25.5770,0.000,59437.2
1716.757,1762.009,25.5441,0.000,59445.3
1717.257,1762.210,25.5449,0.000,59445.1
1717.257,1762.409,25.5366,0.000,59447.1
1717.757,1762.611,25.5757,0.000,59437.5
1717.757,1762.808,25.5343,0.000,59447.7
1717.757,1763.008,25.5890,0.000,59434.3
1718.257,1763.209,25.5558,0.000,59442.4
1718.257,1763.409,25.5456,0.000,59444.9
1718.757,1763.609,25.5308,0.000,59448.5
1718.757,1763.808,25.5478,0.000,59444.4
1718.757,1764.009,25.5680,0.000,59439.4
1719.255,1764.210,25.5356,0.000,59447.3
1719.255,1764.408,25.5778,0.000,59437.0
1719.756,1764.607,25.5812,0.000,59436.2
1719.756,1764.809,25.5669,0.000,59439.7
1719.756,1765.007,25.5789,0.000,59436.8
1720.257,1765.208,25.5509,0.000,59443.6
1720.257,1765.408,25.5800,0.000,59436.5
1720.757,1765.609,25.5710,0.000,59438.7
1720.757,1765.807,25.5742,0.000,59437.9
1720.757,1766.006,25.5869,0.000,59434.8
1721.257,1766.207,25.5718,0.000,59438.5
1721.257,1766.408,25.5436,0.000,59445.4
1721.757,1766.607,25.5371,0.000,59447.0
1721.757,1766.806,25.5444,0.000,59445.2
1721.757,1767.006,25.5713,0.000,59438.6
1722.257,1767.207,25.5695,0.000,59439.0
1722.257,1767.408,25.5900,0.000,59434.0
1722.757,1767.606,25.5685,0.000,59439.3
1722.757,1767.805,25.5688,0.000,59439.2
1722.757,1768.005,25.5688,0.000,59439.2
1723.257,1768.206,25.5474,0.000,59444.5
1723.257,1768.406,25.5578,0.000,59441.9
1723.756,1768.606,25.5781,0.000,59437.0
1723.756,1768.805,25.5903,0.000,59433.9
1723.756,1769.005,25.5770,0.000,59437.2
1724.257,1769.205,25.5439,0.000,59445.3
1724.257,1769.406,25.5581,0.000,59441.8
1724.757,1769.605,25.5739,0.000,59438.0
1724.757,1769.804,25.5405,0.000,59446.1
1724.757,1770.005,25.5392,0.000,59446.4
1725.257,1770.205,25.5513,0.000,59443.5
1725.257,1770.406,25.5898,0.000,59434.1
1725.757,1770.604,25.5615,0.000,59441.0
1725.757,1770.803,25.5750,0.000,59437.7
1725.757,1771.004,25.5415,0.000,59445.9
1726.257,1771.203,25.5786,0.000,59436.8
1726.257,1771.404,25.5713,0.000,59438.6
1726.757,1771.604,25.5706,0.000,59438.8
1726.757,1771.803,25.5376,0.000,59446.8
1726.757,1772.004,25.5742,0.000,59437.9
1727.257,1772.202,25.5926,0.000,59433.4
1727.257,1772.404,25.5815,0.000,59436.1
1727.757,1772.602,25.5535,0.000,59443.0
1727.757,1772.802,25.5807,0.000,59436.3
1727.757,1773.003,25.5770,0.000,59437.2
1728.257,1773.203,25.5718,0.000,59438.5
1728.257,1773.402,25.5389,0.000,59446.6
1728.757,1773.601,25.5714,0.000,59438.6
1728.757,1773.801,25.5791,0.000,59436.7
1728.757,1774.003,25.5426,0.000,59445.6
1729.257,1774.201,25.5462,0.000,59444.7
1729.257,1774.402,25.5903,0.000,59433.9
1729.757,1774.602,25.5479,0.000,59444.3
1729.757,1774.802,25.5405,0.000,59446.2
1729.757,1775.002,25.5851,0.000,59435.2
1730.257,1775.201,25.5887,0.000,59434.4
1730.257,1775.402,25.5586,0.000,59441.7
1730.757,1775.600,25.5750,0.000,59437.7
1730.757,1775.800,25.5674,0.000,59439.6
1730.757,1776.001,25.5800,0.000,59436.5
1731.257,1776.201,25.5814,0.000,59436.1
1731.257,1776.400,25.5625,0.000,59440.8
1731.757,1776.599,25.5859,0.000,59435.0
1731.757,1776.801,25.5998,0.000,59431.6
1731.757,1777.001,25.5850,0.000,59435.2
1732.257,1777.199,25.5861,0.000,59435.0
1732.257,1777.400,25.5818,0.000,59436.0
1732.757,1777.600,25.5493,0.000,59444.0
1732.757,1777.799,25.5966,0.000,59432.4
1732.757,1778.000,25.5932,0.000,59433.2
1733.257,1778.199,25.5789,0.000,59436.8
1733.257,1778.400,25.5757,0.000,59437.6
1733.757,1778.598,25.5415,0.000,59445.9
1733.758,1778.798,25.5973,0.000,59432.2
1733.758,1779.000,25.5963,0.000,59432.5
1734.257,1779.199,25.5864,0.000,59434.9
1734.257,1779.398,25.5491,0.000,59444.0
1734.757,1779.597,25.5683,0.000,59439.3
1734.757,1779.799,25.5468,0.000,59444.6
1734.757,1779.998,25.5395,0.000,59446.4
1735.258,1780.197,25.5908,0.000,59433.8
1735.258,1780.396,25.5571,0.000,59442.1
1735.757,1780.598,25.5874,0.000,59434.7
1735.757,1780.797,25.5986,0.000,59431.9
1735.757,1780.998,25.5835,0.000,59435.6
1736.257,1781.197,25.5900,0.000,59434.0
1736.257,1781.396,25.6004,0.000,59431.5
1736.757,1781.596,25.5364,0.000,59447.1
1736.757,1781.797,25.5479,0.000,59444.3
1736.757,1781.997,25.5442,0.000,59445.2
1737.257,1782.197,25.5983,0.000,59432.0
1737.257,1782.396,25.5684,0.000,59439.3
1737.757,1782.596,25.5717,0.000,59438.5
1737.758,1782.797,25.6069,0.000,59429.9
1737.758,1782.996,25.6006,0.000,59431.4
1738.257,1783.196,25.5970,0.000,59432.3
1738.257,1783.396,25.6042,0.000,59430.6
1738.757,1783.595,25.5976,0.000,59432.2
1738.757,1783.796,25.5482,0.000,59444.2
1738.757,1783.994,25.5645,0.000,59440.2
1739.257,1784.196,25.5625,0.000,59440.8
1739.257,1784.394,25.5767,0.000,59437.3
1739.757,1784.594,25.5436,0.000,59445.4
1739.757,1784.795,25.5854,0.000,59435.1
1739.757,1784.995,25.5617,0.000,59441.0
1740.257,1785.195,25.5970,0.000,59432.3
1740.257,1785.394,25.5618,0.000,59440.9
1740.757,1785.594,25.5885,0.000,59434.4
1740.757,1785.795,25.5905,0.000,59433.9
1740.757,1785.993,25.6066,0.000,59430.0
1741.257,1786.195,25.5954,0.000,59432.7
1741.257,1786.393,25.5827,0.000,59435.8
1741.757,1786.593,25.5778,0.000,59437.0
1741.757,1786.794,25.5882,0.000,59434.5
1741.757,1786.994,25.5927,0.000,59433.4
1742.257,1787.195,25.5986,0.000,59431.9
1742.258,1787.392,25.5854,0.000,59435.1
1742.757,1787.592,25.5885,0.000,59434.4
1742.757,1787.793,25.5983,0.000,59432.0
1742.757,1787.993,25.5845,0.000,59435.4
1743.257,1788.193,25.6045,0.000,59430.5
1743.257,1788.392,25.5693,0.000,59439.1
1743.757,1788.592,25.5988,0.000,59431.9
1743.757,1788.793,25.5983,0.000,59432.0
1743.757,1788.993,25.5760,0.000,59437.5
1744.257,1789.193,25.5890,0.000,59434.2
1744.257,1789.391,25.5827,0.000,59435.8
1744.757,1789.591,25.5721,0.000,59438.4
1744.757,1789.792,25.6006,0.000,59431.4
1744.757,1789.992,25.5900,0.000,59434.0
1745.258,1790.191,25.5705,0.000,59438.8
1745.258,1790.390,25.5747,0.000,59437.8
1745.756,1790.592,25.6053,0.000,59430.3
1745.756,1790.791,25.5461,0.000,59444.8
1745.756,1790.990,25.6006,0.000,59431.5
1746.257,1791.191,25.5827,0.000,59435.8
1746.257,1791.391,25.5830,0.000,59435.7
1746.757,1791.590,25.6308,0.000,59424.0
1746.757,1791.791,25.5965,0.000,59432.4
1746.757,1791.992,25.5840,0.000,59435.5
1747.258,1792.190,25.6007,0.000,59431.4
1747.258,1792.389,25.5843,0.000,59435.4
1747.757,1792.589,25.6020,0.000,59431.1
1747.757,1792.791,25.5488,0.000,59444.1
1747.757,1792.990,25.6292,0.000,59424.4
1748.257,1793.190,25.6017,0.000,59431.1
1748.257,1793.389,25.6046,0.000,59430.4
1748.757,1793.589,25.6017,0.000,59431.2
1748.757,1793.790,25.5724,0.000,59438.3
1748.757,1793.990,25.5887,0.000,59434.4
1749.257,1794.188,25.5844,0.000,59435.4
1749.257,1794.388,25.5903,0.000,59434.0
1749.757,1794.589,25.6382,0.000,59422.2
1749.757,1794.790,25.5822,0.000,59435.9
1749.757,1794.988,25.6010,0.000,59431.3
1750.257,1795.187,25.6042,0.000,59430.6
1750.257,1795.389,25.6212,0.000,59426.4
1750.757,1795.588,25.5859,0.000,59435.0
1750.757,1795.787,25.5971,0.000,59432.3
1750.757,1795.988,25.6097,0.000,59429.2
1751.257,1796.188,25.5791,0.000,59436.7
1751.257,1796.387,25.6170,0.000,59427.4
1751.757,1796.588,25.5560,0.000,59442.4
1751.757,1796.787,25.5714,0.000,59438.6
1751.757,1796.988,25.6040,0.000,59430.6
1752.257,1797.186,25.6069,0.000,59429.8
1752.257,1797.386,25.5966,0.000,59432.4
1752.756,1797.587,25.5983,0.000,59432.0
1752.756,1797.787,25.5913,0.000,59433.7
1752.757,1797.988,25.6028,0.000,59430.9
1753.257,1798.185,25.6173,0.000,59427.3
1753.257,1798.385,25.5944,0.000,59432.9
1753.757,1798.586,25.5977,0.000,59432.1
1753.757,1798.786,25.5561,0.000,59442.4
1753.757,1798.986,25.5977,0.000,59432.1
1754.257,1799.185,25.6064,0.000,59430.0
1754.257,1799.385,25.6001,0.000,59431.6
1754.757,1799.586,25.5620,0.000,59440.9
1754.757,1799.786,25.6120,0.000,59428.7
1754.757,1799.986,25.6050,0.000,59430.4
1755.257,1800.184,25.5789,0.000,59436.8
1755.257,1800.384,25.6129,0.000,59428.4
1755.755,1800.585,25.5781,0.000,59437.0
1755.756,1800.785,25.6126,0.000,59428.5
1755.756,1800.986,25.5887,0.000,59434.3
1756.257,1801.183,25.5960,0.000,59432.6
1756.257,1801.383,25.6015,0.000,59431.2
1756.757,1801.584,25.6126,0.000,59428.5
1756.757,1801.784,25.6141,0.000,59428.1
1756.757,1801.984,25.5664,0.000,59439.8
1757.257,1802.183,25.6054,0.000,59430.2
1757.257,1802.383,25.6108,0.000,59428.9
1757.757,1802.584,25.6160,0.000,59427.7
1757.757,1802.783,25.6100,0.000,59429.1
1757.757,1802.982,25.6014,0.000,59431.2
1758.256,1803.184,25.6048,0.000,59430.4
1758.256,1803.383,25.5991,0.000,59431.8
1758.757,1803.583,25.6230,0.000,59426.0
1758.757,1803.782,25.6154,0.000,59427.8
1758.757,1803.984,25.6058,0.000,59430.2
1759.257,1804.181,25.6126,0.000,59428.5
1759.257,1804.381,25.6181,0.000,59427.1
1759.757,1804.582,25.6048,0.000,59430.4
1759.757,1804.782,25.6016,0.000,59431.2
1759.757,1804.980,25.6033,0.000,59430.8
1760.257,1805.181,25.5993,0.000,59431.8
1760.257,1805.381,25.6265,0.000,59425.1
1760.757,1805.582,25.6020,0.000,59431.1
1760.757,1805.782,25.6271,0.000,59424.9
1760.757,1805.980,25.6142,0.000,59428.1
1761.257,1806.180,25.6017,0.000,59431.1
1761.257,1806.380,25.5771,0.000,59437.2
1761.757,1806.582,25.6084,0.000,59429.5
1761.757,1806.781,25.6125,0.000,59428.5
1761.757,1806.980,25.6191,0.000,59426.9
1762.255,1807.180,25.5880,0.000,59434.5
1762.255,1807.380,25.6279,0.000,59424.7
1762.757,1807.580,25.5918,0.000,59433.6
1762.757,1807.779,25.6009,0.000,59431.4
1762.757,1807.980,25.6087,0.000,59429.5
1763.257,1808.180,25.6211,0.000,59426.4
1763.257,1808.380,25.5721,0.000,59438.4
1763.757,1808.580,25.5977,0.000,59432.1
1763.757,1808.780,25.6136,0.000,59428.2
1763.757,1808.978,25.5986,0.000,59431.9
1764.257,1809.178,25.5862,0.000,59435.0
1764.257,1809.379,25.6294,0.000,59424.4
1764.757,1809.579,25.6216,0.000,59426.3
1764.757,1809.779,25.6185,0.000,59427.1
1764.757,1809.978,25.6022,0.000,59431.0
1765.255,1810.178,25.6147,0.000,59428.0
1765.255,1810.379,25.6084,0.000,59429.5
1765.757,1810.578,25.5950,0.000,59432.8
1765.757,1810.779,25.5858,0.000,59435.1
1765.757,1810.976,25.5939,0.000,59433.1
1766.257,1811.177,25.6240,0.000,59425.7
1766.257,1811.378,25.6108,0.000,59428.9
1766.757,1811.578,25.6234,0.000,59425.9
1766.757,1811.779,25.6064,0.000,59430.0
1766.757,1811.976,25.6294,0.000,59424.4
1767.257,1812.176,25.6300,0.000,59424.2
1767.257,1812.377,25.5810,0.000,59436.2
1767.757,1812.577,25.6030,0.000,59430.8
1767.757,1812.777,25.6072,0.000,59429.8
1767.757,1812.976,25.6155,0.000,59427.8
1768.257,1813.176,25.6090,0.000,59429.3
1768.257,1813.377,25.6214,0.000,59426.3
1768.756,1813.577,25.6116,0.000,59428.7
1768.756,1813.777,25.5721,0.000,59438.4
1768.756,1813.975,25.5786,0.000,59436.8
1769.257,1814.175,25.5755,0.000,59437.6
1769.257,1814.376,25.6326,0.000,59423.6
1769.757,1814.576,25.5781,0.000,59436.9
1769.757,1814.775,25.6187,0.000,59427.0
1769.757,1814.974,25.5800,0.000,59436.5
1770.257,1815.176,25.6232,0.000,59425.9
1770.257,1815.376,25.5871,0.000,59434.7
1770.757,1815.574,25.5962,0.000,59432.5
1770.757,1815.775,25.6263,0.000,59425.1
1770.757,1815.975,25.5928,0.000,59433.3
1771.257,1816.174,25.6240,0.000,59425.7
1771.257,1816.375,25.6194,0.000,59426.8
1771.757,1816.574,25.5778,0.000,59437.0
1771.757,1816.775,25.6137,0.000,59428.2
1771.757,1816.974,25.5820,0.000,59436.0
1772.256,1817.173,25.6175,0.000,59427.3
1772.256,1817.374,25.6144,0.000,59428.0
1772.757,1817.574,25.6173,0.000,59427.3
1772.757,1817.773,25.5890,0.000,59434.2
1772.757,1817.972,25.5861,0.000,59435.0
1773.256,1818.172,25.6276,0.000,59424.8
1773.257,1818.374,25.6221,0.000,59426.2
1773.756,1818.574,25.6201,0.000,59426.7
1773.757,1818.772,25.6204,0.000,59426.6
1773.757,1818.972,25.5838,0.000,59435.5
1774.257,1819.172,25.5770,0.000,59437.2
1774.257,1819.373,25.6060,0.000,59430.1
1774.756,1819.574,25.5804,0.000,59436.4
1774.757,1819.771,25.6136,0.000,59428.2
1774.757,1819.971,25.6128,0.000,59428.4
1775.257,1820.172,25.6191,0.000,59426.9
1775.257,1820.373,25.6342,0.000,59423.2
1775.756,1820.572,25.5776,0.000,59437.1
1775.756,1820.771,25.6258,0.000,59425.3
1775.756,1820.972,25.5977,0.000,59432.1
1776.256,1821.172,25.6326,0.000,59423.6
1776.256,1821.371,25.6273,0.000,59424.9
1776.757,1821.570,25.6252,0.000,59425.4
1776.757,1821.771,25.6050,0.000,59430.4
1776.757,1821.970,25.6050,0.000,59430.4
1777.257,1822.171,25.6235,0.000,59425.8
1777.257,1822.371,25.6212,0.000,59426.4
1777.757,1822.572,25.6276,0.000,59424.8
1777.757,1822.769,25.5923,0.000,59433.5
1777.757,1822.969,25.6235,0.000,59425.8
1778.257,1823.171,25.6255,0.000,59425.4
1778.257,1823.369,25.6038,0.000,59430.6
1778.757,1823.570,25.5971,0.000,59432.3
1778.757,1823.769,25.6354,0.000,59422.9
1778.757,1823.970,25.5933,0.000,59433.2
1779.257,1824.170,25.5835,0.000,59435.7
1779.257,1824.368,25.6250,0.000,59425.4
1779.757,1824.570,25.6196,0.000,59426.8
1779.757,1824.768,25.6198,0.000,59426.7
1779.757,1824.968,25.6226,0.000,59426.1
1780.256,1825.169,25.6302,0.000,59424.2
1780.256,1825.369,25.6186,0.000,59427.0
1780.757,1825.570,25.6069,0.000,59429.9
1780.757,1825.768,25.5858,0.000,59435.1
1780.757,1825.967,25.6380,0.000,59422.3
1781.295,1826.168,25.6418,0.000,59421.3
1781.296,1826.367,25.5799,0.000,59436.5
1781.296,1826.568,25.6152,0.000,59427.8
1781.759,1826.767,25.6303,0.000,59424.2
1781.759,1826.967,25.5804,0.000,59436.4
1782.257,1827.168,25.6040,0.000,59430.6
1782.257,1827.368,25.6377,0.000,59422.4
1782.757,1827.566,25.6299,0.000,59424.2
1782.757,1827.766,25.6401,0.000,59421.8
1782.757,1827.966,25.5984,0.000,59431.9
1783.257,1828.168,25.5957,0.000,59432.6
1783.257,1828.367,25.5947,0.000,59432.9
1783.757,1828.566,25.6224,0.000,59426.1
1783.757,1828.765,25.6040,0.000,59430.6
1783.757,1828.965,25.5854,0.000,59435.2
1784.298,1829.167,25.6079,0.000,59429.7
1784.298,1829.366,25.6172,0.000,59427.4
1784.298,1829.564,25.6107,0.000,59429.0
1784.757,1829.765,25.6445,0.000,59420.6
1784.757,1829.965,25.6380,0.000,59422.3
1785.257,1830.166,25.6400,0.000,59421.8
1785.257,1830.366,25.6383,0.000,59422.2
1785.757,1830.564,25.6064,0.000,59430.0
1785.757,1830.764,25.6308,0.000,59424.0
1785.757,1830.964,25.5939,0.000,59433.1
1786.257,1831.166,25.6440,0.000,59420.8
1786.257,1831.364,25.6460,0.000,59420.4
1786.757,1831.564,25.6020,0.000,59431.1
1786.757,1831.764,25.6204,0.000,59426.6
1786.757,1831.964,25.6256,0.000,59425.3
1787.257,1832.164,25.6162,0.000,59427.6
1787.257,1832.363,25.5962,0.000,59432.5
1787.757,1832.564,25.6469,0.000,59420.1
1787.757,1832.764,25.5867,0.000,59434.8
1787.757,1832.964,25.6463,0.000,59420.2
1788.257,1833.164,25.6226,0.000,59426.0
1788.257,1833.364,25.5859,0.000,59435.0
1788.757,1833.562,25.6214,0.000,59426.3
1788.757,1833.762,25.6038,0.000,59430.6
1788.757,1833.963,25.6409,0.000,59421.6
1789.257,1834.163,25.6028,0.000,59430.9
1789.257,1834.362,25.6077,0.000,59429.7
1789.757,1834.562,25.6434,0.000,59420.9
1789.757,1834.762,25.6478,0.000,59419.9
1789.757,1834.963,25.6416,0.000,59421.4
1790.256,1835.162,25.5947,0.000,59432.9
1790.256,1835.361,25.6007,0.000,59431.4
1790.757,1835.560,25.6317,0.000,59423.8
1790.757,1835.761,25.6066,0.000,59430.0
1790.757,1835.963,25.6579,0.000,59417.4
1791.257,1836.161,25.6440,0.000,59420.8
1791.257,1836.361,25.6439,0.000,59420.8
1791.757,1836.560,25.6255,0.000,59425.3
1791.757,1836.760,25.6390,0.000,59422.0
1791.757,1836.962,25.6211,0.000,59426.4
1792.257,1837.161,25.6699,0.000,59414.4
1792.257,1837.361,25.6232,0.000,59425.9
1792.757,1837.560,25.5950,0.000,59432.8
1792.757,1837.760,25.5898,0.000,59434.1
1792.757,1837.961,25.5908,0.000,59433.8
1793.257,1838.160,25.6360,0.000,59422.7
1793.257,1838.359,25.5862,0.000,59435.0
1793.757,1838.560,25.6113,0.000,59428.8
1793.757,1838.760,25.6549,0.000,59418.1
1793.757,1838.960,25.6172,0.000,59427.4
1794.257,1839.159,25.6408,0.000,59421.6
1794.257,1839.361,25.6406,0.000,59421.6
1794.757,1839.558,25.6299,0.000,59424.3
1794.757,1839.758,25.6473,0.000,59420.0
1794.757,1839.959,25.6436,0.000,59420.9
1795.257,1840.159,25.6260,0.000,59425.2
1795.257,1840.359,25.6258,0.000,59425.3
1795.757,1840.558,25.6514,0.000,59419.0
1795.757,1840.758,25.6353,0.000,59422.9
1795.757,1840.959,25.6504,0.000,59419.2
1796.257,1841.159,25.6404,0.000,59421.7
1796.257,1841.357,25.6455,0.000,59420.4
1796.757,1841.557,25.6531,0.000,59418.6
1796.757,1841.757,25.6432,0.000,59421.0
1796.757,1841.959,25.6481,0.000,59419.8
1797.257,1842.158,25.6299,0.000,59424.3
1797.257,1842.357,25.6522,0.000,59418.8
1797.756,1842.556,25.6142,0.000,59428.1
1797.757,1842.758,25.6548,0.000,59418.1
1797.757,1842.958,25.6045,0.000,59430.5
1798.257,1843.158,25.6422,0.000,59421.2
1798.257,1843.356,25.6450,0.000,59420.6
1798.757,1843.556,25.5918,0.000,59433.6
1798.757,1843.757,25.5973,0.000,59432.2
1798.757,1843.958,25.6333,0.000,59423.4
1799.256,1844.158,25.5996,0.000,59431.7
1799.256,1844.355,25.6274,0.000,59424.8
1799.757,1844.555,25.6501,0.000,59419.3
1799.757,1844.756,25.6497,0.000,59419.4
1799.757,1844.957,25.6196,0.000,59426.8
1800.257,1845.156,25.6309,0.000,59424.0
1800.257,1845.355,25.6274,0.000,59424.9
1800.757,1845.555,25.6050,0.000,59430.4
1800.757,1845.755,25.6385,0.000,59422.1
1800.758,1845.956,25.6364,0.000,59422.7
1801.257,1846.154,25.6357,0.000,59422.8
1801.257,1846.354,25.5983,0.000,59432.0
1801.757,1846.554,25.6175,0.000,59427.3
1801.757,1846.755,25.6465,0.000,59420.2
1801.757,1846.956,25.6439,0.000,59420.8
1802.257,1847.154,25.6436,0.000,59420.9
1802.257,1847.353,25.6505,0.000,59419.2
1802.757,1847.553,25.6471,0.000,59420.0
1802.757,1847.755,25.6310,0.000,59424.0
1802.757,1847.953,25.6536,0.000,59418.4
1803.257,1848.154,25.6422,0.000,59421.2
1803.257,1848.353,25.6642,0.000,59415.8
1803.757,1848.554,25.6282,0.000,59424.7
1803.757,1848.754,25.6543,0.000,59418.3
1803.757,1848.952,25.6318,0.000,59423.8
1804.256,1849.154,25.5957,0.000,59432.6
1804.256,1849.353,25.6362,0.000,59422.7
1804.757,1849.552,25.6577,0.000,59417.4
1804.757,1849.753,25.6595,0.000,59417.0
1804.757,1849.953,25.6465,0.000,59420.1
1805.257,1850.154,25.6396,0.000,59421.9
1805.257,1850.351,25.6321,0.000,59423.7
1805.757,1850.551,25.6027,0.000,59430.9
1805.757,1850.753,25.6380,0.000,59422.3
1805.757,1850.951,25.6053,0.000,59430.3
1806.257,1851.152,25.6074,0.000,59429.8
1806.257,1851.351,25.6230,0.000,59425.9
1806.756,1851.552,25.6512,0.000,59419.0
1806.757,1851.752,25.6715,0.000,59414.0
1806.757,1851.951,25.6382,0.000,59422.2
1807.256,1852.152,25.6030,0.000,59430.8
1807.256,1852.351,25.5963,0.000,59432.5
1807.757,1852.550,25.6526,0.000,59418.7
1807.757,1852.751,25.6108,0.000,59428.9
1807.757,1852.951,25.6063,0.000,59430.1
1808.257,1853.150,25.6601,0.000,59416.8
1808.257,1853.349,25.6556,0.000,59417.9
1808.757,1853.549,25.6307,0.000,59424.1
1808.757,1853.751,25.6097,0.000,59429.2
1808.757,1853.950,25.6536,0.000,59418.4
1809.257,1854.150,25.6040,0.000,59430.6
1809.257,1854.349,25.6418,0.000,59421.4
1809.757,1854.550,25.6216,0.000,59426.3
1809.757,1854.751,25.6658,0.000,59415.4
1809.757,1854.949,25.6040,0.000,59430.6
1810.257,1855.148,25.6209,0.000,59426.5
1810.257,1855.350,25.6479,0.000,59419.8
1810.757,1855.548,25.6526,0.000,59418.7
1810.757,1855.749,25.6513,0.000,59419.0
1810.757,1855.948,25.6413,0.000,59421.5
1811.257,1856.150,25.6107,0.000,59429.0
1811.257,1856.347,25.6388,0.000,59422.1
1811.757,1856.547,25.6590,0.000,59417.1
1811.757,1856.749,25.6712,0.000,59414.1
1811.757,1856.948,25.6133,0.000,59428.3
1812.257,1857.146,25.6261,0.000,59425.2
1812.257,1857.347,25.6138,0.000,59428.2
1812.757,1857.548,25.6435,0.000,59420.9
1812.757,1857.749,25.6538,0.000,59418.4
1812.757,1857.947,25.6273,0.000,59424.9
1813.257,1858.146,25.6582,0.000,59417.3
1813.257,1858.348,25.6455,0.000,59420.4
1813.757,1858.547,25.6108,0.000,59428.9
1813.757,1858.747,25.6562,0.000,59417.8
1813.757,1858.946,25.6649,0.000,59415.7
1814.257,1859.146,25.6585,0.000,59417.2
1814.257,1859.346,25.6597,0.000,59416.9
1814.757,1859.547,25.6071,0.000,59429.8
1814.757,1859.746,25.6247,0.000,59425.5
1814.757,1859.946,25.6575,0.000,59417.5
1815.257,1860.144,25.6512,0.000,59419.0
1815.257,1860.345,25.6645,0.000,59415.8
1815.757,1860.547,25.6187,0.000,59427.0
1815.757,1860.744,25.6502,0.000,59419.3
1815.757,1860.945,25.6222,0.000,59426.1
1816.257,1861.144,25.6224,0.000,59426.1
1816.257,1861.344,25.6512,0.000,59419.0
1816.757,1861.546,25.6461,0.000,59420.3
1816.757,1861.744,25.6528,0.000,59418.6
1816.758,1861.945,25.6600,0.000,59416.9
1817.257,1862.144,25.6491,0.000,59419.6
1817.257,1862.345,25.6570,0.000,59417.6
1817.756,1862.545,25.6396,0.000,59421.8
1817.756,1862.743,25.6263,0.000,59425.2
1817.756,1862.945,25.6176,0.000,59427.2
1818.257,1863.144,25.6077,0.000,59429.7
1818.257,1863.343,25.6484,0.000,59419.7
1818.757,1863.544,25.6557,0.000,59417.9
1818.757,1863.744,25.6473,0.000,59420.0
1818.757,1863.943,25.6157,0.000,59427.7
1819.257,1864.142,25.6242,0.000,59425.6
1819.257,1864.342,25.5996,0.000,59431.7
1819.757,1864.544,25.6489,0.000,59419.6
1819.757,1864.742,25.6369,0.000,59422.6
1819.757,1864.943,25.6035,0.000,59430.7
1820.256,1865.143,25.6310,0.000,59424.0
1820.256,1865.343,25.6242,0.000,59425.6
1820.757,1865.543,25.6504,0.000,59419.2
1820.757,1865.742,25.6201,0.000,59426.6
1820.757,1865.943,25.6173,0.000,59427.4
1821.260,1866.142,25.6110,0.000,59428.9
1821.261,1866.341,25.6103,0.000,59429.1
1821.261,1866.542,25.6385,0.000,59422.1
1821.756,1866.742,25.6442,0.000,59420.7
1821.757,1866.941,25.6259,0.000,59425.2
1822.256,1867.140,25.6323,0.000,59423.6
1822.256,1867.340,25.6282,0.000,59424.6
1822.756,1867.542,25.6360,0.000,59422.7
1822.756,1867.740,25.5993,0.000,59431.8
1822.756,1867.940,25.6377,0.000,59422.4
1823.256,1868.140,25.6037,0.000,59430.7
1823.256,1868.341,25.6318,0.000,59423.8
1823.756,1868.542,25.6530,0.000,59418.6
1823.756,1868.742,25.6452,0.000,59420.5
1823.756,1868.940,25.6132,0.000,59428.4
1824.256,1869.140,25.6289,0.000,59424.5
1824.256,1869.339,25.5900,0.000,59434.0
1824.256,1869.540,25.6068,0.000,59429.9
1824.756,1869.740,25.6198,0.000,59426.7
1824.756,1869.939,25.6559,0.000,59417.9
1825.256,1870.139,25.6509,0.000,59419.1
1825.256,1870.339,25.6353,0.000,59422.9
1825.256,1870.540,25.6219,0.000,59426.2
1825.756,1870.738,25.6118,0.000,59428.7
1825.756,1870.938,25.6427,0.000,59421.1
1826.256,1871.138,25.5996,0.000,59431.7
1826.256,1871.339,25.6593,0.000,59417.0
1826.256,1871.540,25.6074,0.000,59429.8
1826.756,1871.738,25.6284,0.000,59424.6
1826.756,1871.937,25.6401,0.000,59421.7
1827.256,1872.139,25.6541,0.000,59418.3
1827.256,1872.338,25.6274,0.000,59424.8
1827.256,1872.537,25.6330,0.000,59423.5
1827.756,1872.738,25.6395,0.000,59421.9
1827.756,1872.938,25.6318,0.000,59423.8
1828.256,1873.137,25.6538,0.000,59418.4
1828.256,1873.338,25.6406,0.000,59421.6
1828.256,1873.537,25.6514,0.000,59419.0
1828.756,1873.736,25.5882,0.000,59434.5
1828.756,1873.936,25.6060,0.000,59430.1
1829.256,1874.136,25.6162,0.000,59427.6
1829.256,1874.338,25.6050,0.000,59430.4
1829.256,1874.535,25.5908,0.000,59433.8
1829.756,1874.736,25.5661,0.000,59439.9
1829.756,1874.935,25.5882,0.000,59434.5
1830.256,1875.137,25.6151,0.000,59427.9
1830.256,1875.337,25.6137,0.000,59428.2
1830.256,1875.535,25.5771,0.000,59437.1
1830.756,1875.736,25.5752,0.000,59437.7
1830.756,1875.936,25.6082,0.000,59429.6
1831.256,1876.136,25.6243,0.000,59425.6
1831.256,1876.336,25.5727,0.000,59438.3
1831.256,1876.534,25.6165,0.000,59427.5
1831.756,1876.736,25.5906,0.000,59433.9
1831.756,1876.934,25.5692,0.000,59439.1
1832.255,1877.134,25.6162,0.000,59427.6
1832.255,1877.335,25.5757,0.000,59437.5
1832.255,1877.535,25.5664,0.000,59439.8
1832.756,1877.734,25.6152,0.000,59427.8
1832.756,1877.933,25.6064,0.000,59430.0
1833.256,1878.133,25.6079,0.000,59429.7
1833.256,1878.335,25.6068,0.000,59429.9
1833.256,1878.533,25.5641,0.000,59440.4
1833.756,1878.734,25.5908,0.000,59433.9
1833.756,1878.933,25.6093,0.000,59429.3
1834.256,1879.134,25.5933,0.000,59433.2
1834.256,1879.335,25.6120,0.000,59428.6
1834.256,1879.533,25.5962,0.000,59432.5
1834.756,1879.732,25.5965,0.000,59432.4
1834.756,1879.932,25.5683,0.000,59439.4
1835.256,1880.133,25.6030,0.000,59430.8
1835.256,1880.334,25.6279,0.000,59424.7
1835.256,1880.532,25.6020,0.000,59431.1
1835.756,1880.732,25.6074,0.000,59429.8
1835.756,1880.933,25.5652,0.000,59440.1
1836.256,1881.133,25.6273,0.000,59424.9
1836.256,1881.333,25.6084,0.000,59429.5
1836.256,1881.531,25.6046,0.000,59430.4
1836.756,1881.730,25.6113,0.000,59428.8
1836.756,1881.932,25.5708,0.000,59438.7
1837.255,1882.132,25.5841,0.000,59435.4
1837.255,1882.333,25.5698,0.000,59439.0
1837.255,1882.531,25.6279,0.000,59424.7
1837.756,1882.730,25.5714,0.000,59438.6
1837.756,1882.932,25.5825,0.000,59435.9
1838.255,1883.131,25.6025,0.000,59431.0
1838.255,1883.331,25.6011,0.000,59431.3
1838.255,1883.530,25.6160,0.000,59427.7
1838.756,1883.730,25.6115,0.000,59428.8
1838.756,1883.930,25.6089,0.000,59429.4
1839.256,1884.130,25.6015,0.000,59431.2
1839.256,1884.330,25.6162,0.000,59427.6
1839.256,1884.530,25.5718,0.000,59438.5
1839.756,1884.728,25.6190,0.000,59426.9
1839.756,1884.929,25.5701,0.000,59438.9
1840.256,1885.130,25.6270,0.000,59425.0
1840.256,1885.330,25.6429,0.000,59421.1
1840.256,1885.529,25.6147,0.000,59428.0
1840.756,1885.728,25.5851,0.000,59435.2
1840.756,1885.930,25.5825,0.000,59435.8
1841.256,1886.130,25.6188,0.000,59427.0
1841.256,1886.328,25.5776,0.000,59437.1
1841.256,1886.529,25.6165,0.000,59427.5
1841.756,1886.728,25.6077,0.000,59429.7
1841.756,1886.928,25.5775,0.000,59437.1
1842.256,1887.129,25.6076,0.000,59429.7
1842.256,1887.328,25.6183,0.000,59427.1
1842.256,1887.529,25.5866,0.000,59434.9
1842.756,1887.726,25.6082,0.000,59429.6
1842.756,1887.927,25.6157,0.000,59427.7
1843.256,1888.129,25.5789,0.000,59436.7
1843.256,1888.326,25.6211,0.000,59426.4
1843.256,1888.527,25.6276,0.000,59424.8
1843.756,1888.726,25.5742,0.000,59437.9
1843.756,1888.928,25.5726,0.000,59438.3
