host_elapsed_s,board_elapsed_s,temperature_c,duty_pct,adc_raw
0.265,2.010,25.6170,0.000,59427.4
0.767,2.209,25.6476,0.000,59419.9
0.767,2.408,25.6582,0.000,59417.4
0.767,2.608,25.6657,0.000,59415.5
1.267,2.809,25.6546,0.000,59418.2
1.267,3.010,25.6291,0.000,59424.5
1.767,3.208,25.6538,0.000,59418.4
1.767,3.408,25.6673,0.000,59415.1
1.767,3.609,25.6694,0.000,59414.5
2.267,3.809,25.6579,0.000,59417.4
2.267,4.009,25.6715,0.000,59414.0
2.766,4.208,25.6626,0.000,59416.2
2.767,4.409,25.6295,0.000,59424.3
2.767,4.608,25.6549,0.000,59418.1
3.267,4.808,25.6333,0.000,59423.4
3.267,5.010,25.6445,0.000,59420.7
3.767,5.209,25.6754,0.000,59413.1
3.767,5.408,25.6510,0.000,59419.1
3.767,5.608,25.6369,0.000,59422.5
4.266,5.809,25.6660,0.000,59415.4
4.267,6.009,25.6691,0.000,59414.6
4.767,6.208,25.6610,0.000,59416.6
4.767,6.408,25.6596,0.000,59417.0
4.767,6.609,25.6644,0.000,59415.8
5.267,6.809,25.6642,0.000,59415.8
5.267,7.009,25.6507,0.000,59419.1
5.767,7.208,25.6530,0.000,59418.6
5.767,7.409,25.6722,0.000,59413.9
5.767,7.608,25.6395,0.000,59421.9
6.267,7.808,25.6619,0.000,59416.4
6.267,8.010,25.6597,0.000,59416.9
6.767,8.209,25.6697,0.000,59414.5
6.767,8.408,25.6387,0.000,59422.1
6.768,8.608,25.6668,0.000,59415.2
7.267,8.809,25.6741,0.000,59413.4
7.267,9.009,25.6762,0.000,59412.9
7.767,9.208,25.6842,0.000,59410.9
7.767,9.408,25.6676,0.000,59415.0
7.767,9.609,25.6738,0.000,59413.5
8.267,9.809,25.6561,0.000,59417.8
8.268,10.009,25.6692,0.000,59414.6
8.767,10.208,25.6727,0.000,59413.8
8.768,10.409,25.6660,0.000,59415.4
8.768,10.608,25.6460,0.000,59420.4
9.267,10.808,25.6670,0.000,59415.2
9.268,11.010,25.6660,0.000,59415.4
9.767,11.209,25.6544,0.000,59418.2
9.767,11.408,25.6378,0.000,59422.3
9.768,11.608,25.6413,0.000,59421.5
10.267,11.809,25.6556,0.000,59418.0
10.267,12.009,25.6479,0.000,59419.8
10.767,12.208,25.6772,0.000,59412.7
10.768,12.408,25.6352,0.000,59423.0
10.768,12.609,25.6714,0.000,59414.1
11.267,12.809,25.6465,0.000,59420.2
11.267,13.009,25.6665,0.000,59415.3
11.767,13.208,25.6828,0.000,59411.3
11.767,13.409,25.6369,0.000,59422.6
11.768,13.608,25.6442,0.000,59420.7
12.267,13.808,25.6507,0.000,59419.1
12.268,14.010,25.6378,0.000,59422.3
12.767,14.209,25.6349,0.000,59423.0
12.768,14.408,25.6697,0.000,59414.5
12.768,14.608,25.6538,0.000,59418.4
13.267,14.809,25.6720,0.000,59413.9
13.267,15.009,25.6624,0.000,59416.3
13.767,15.208,25.6489,0.000,59419.6
13.768,15.408,25.6400,0.000,59421.8
13.768,15.609,25.6750,0.000,59413.2
14.267,15.808,25.6764,0.000,59412.8
14.267,16.009,25.6680,0.000,59414.9
14.767,16.208,25.6626,0.000,59416.2
14.767,16.409,25.6933,0.000,59408.7
14.768,16.608,25.6837,0.000,59411.0
15.267,16.808,25.6662,0.000,59415.3
15.267,17.010,25.6831,0.000,59411.2
15.767,17.208,25.6427,0.000,59421.1
15.768,17.408,25.6712,0.000,59414.1
15.768,17.608,25.6667,0.000,59415.2
16.267,17.809,25.6567,0.000,59417.7
16.267,18.009,25.6572,0.000,59417.6
16.767,18.208,25.6601,0.000,59416.8
16.767,18.408,25.6629,0.000,59416.2
16.767,18.609,25.6631,0.000,59416.1
17.267,18.808,25.6552,0.000,59418.1
17.267,19.009,25.6805,0.000,59411.8
17.766,19.208,25.6396,0.000,59421.8
17.767,19.409,25.6343,0.000,59423.1
17.767,19.608,25.6436,0.000,59420.9
18.267,19.808,25.6461,0.000,59420.3
18.267,20.010,25.6248,0.000,59425.5
18.767,20.208,25.6579,0.000,59417.4
18.768,20.408,25.6471,0.000,59420.0
18.768,20.609,25.6725,0.000,59413.8
19.267,20.809,25.6610,0.000,59416.6
19.267,21.009,25.6382,0.000,59422.2
19.767,21.208,25.6398,0.000,59421.8
19.767,21.409,25.6226,0.000,59426.1
19.768,21.608,25.6436,0.000,59420.9
20.267,21.808,25.6701,0.000,59414.4
20.267,22.010,25.6679,0.000,59414.9
20.767,22.208,25.6826,0.000,59411.3
20.767,22.408,25.6805,0.000,59411.8
20.767,22.609,25.6440,0.000,59420.8
21.266,22.809,25.6776,0.000,59412.6
21.266,23.009,25.6614,0.000,59416.5
21.767,23.208,25.6646,0.000,59415.7
21.767,23.408,25.6652,0.000,59415.6
21.768,23.609,25.6841,0.000,59410.9
22.267,23.808,25.6797,0.000,59412.0
22.267,24.009,25.6849,0.000,59410.8
22.767,24.211,25.6624,5.000,59416.3
22.768,24.409,25.6748,5.000,59413.2
22.768,24.608,25.6924,5.000,59408.9
23.267,24.808,25.6899,5.000,59409.5
23.268,25.010,25.6741,5.000,59413.4
23.767,25.208,25.6812,5.000,59411.7
23.768,25.408,25.7010,5.000,59406.8
23.768,25.609,25.6956,5.000,59408.1
24.267,25.809,25.6948,5.000,59408.3
24.267,26.009,25.7612,5.000,59392.0
24.767,26.208,25.6929,5.000,59408.8
24.767,26.408,25.6805,5.000,59411.8
24.768,26.609,25.6964,5.000,59407.9
25.267,26.808,25.6855,5.000,59410.6
25.267,27.009,25.6992,5.000,59407.3
25.767,27.208,25.7020,5.000,59406.6
25.767,27.409,25.7078,5.000,59405.1
25.767,27.608,25.6968,5.000,59407.8
26.267,27.808,25.7188,5.000,59402.4
26.268,28.010,25.6899,5.000,59409.5
26.767,28.208,25.7033,5.000,59406.2
26.767,28.408,25.6872,5.000,59410.2
26.767,28.608,25.6792,5.000,59412.2
27.267,28.809,25.6927,5.000,59408.8
27.267,29.009,25.7077,5.000,59405.2
27.766,29.208,25.7134,5.000,59403.7
27.767,29.409,25.7104,5.000,59404.5
27.767,29.609,25.6546,5.000,59418.2
28.267,29.808,25.7173,5.000,59402.8
28.267,30.009,25.7151,5.000,59403.3
28.767,30.208,25.6943,5.000,59408.5
28.767,30.409,25.7126,5.000,59404.0
28.767,30.609,25.7392,5.000,59397.4
29.267,30.808,25.7251,5.000,59400.9
29.267,31.009,25.7480,5.000,59395.2
29.767,31.208,25.7055,5.000,59405.7
29.767,31.409,25.7015,5.000,59406.7
29.767,31.608,25.7275,5.000,59400.3
30.267,31.808,25.7368,5.000,59398.0
30.267,32.010,25.7007,5.000,59406.9
30.767,32.208,25.7456,5.000,59395.8
30.767,32.408,25.7080,5.000,59405.1
30.768,32.609,25.7095,5.000,59404.7
31.267,32.809,25.6694,5.000,59414.5
31.267,33.009,25.7264,5.000,59400.6
31.767,33.208,25.7311,5.000,59399.4
31.767,33.409,25.7373,5.000,59397.9
31.767,33.609,25.7438,5.000,59396.3
32.267,33.808,25.7524,5.000,59394.2
32.267,34.009,25.7417,5.000,59396.8
32.767,34.208,25.7471,5.000,59395.5
32.767,34.409,25.7433,5.000,59396.4
32.768,34.608,25.7661,5.000,59390.8
33.267,34.808,25.7497,5.000,59394.8
33.267,35.010,25.7676,5.000,59390.4
33.767,35.208,25.7508,5.000,59394.6
33.767,35.408,25.7876,5.000,59385.5
33.767,35.609,25.7702,5.000,59389.8
34.267,35.809,25.7802,5.000,59387.3
34.268,36.009,25.7924,5.000,59384.3
34.767,36.208,25.8044,5.000,59381.4
34.767,36.409,25.8029,5.000,59381.7
34.768,36.609,25.8271,5.000,59375.8
35.267,36.808,25.7954,5.000,59383.6
35.267,37.009,25.8283,5.000,59375.5
35.767,37.209,25.8183,5.000,59377.9
35.767,37.408,25.8343,5.000,59374.0
35.768,37.608,25.8433,5.000,59371.8
36.267,37.808,25.8078,5.000,59380.5
36.267,38.010,25.8484,5.000,59370.5
36.766,38.208,25.8276,5.000,59375.6
36.766,38.408,25.8252,5.000,59376.2
36.766,38.609,25.8369,5.000,59373.3
37.266,38.809,25.8374,5.000,59373.2
37.266,39.009,25.8672,5.000,59365.8
37.767,39.209,25.8350,5.000,59373.8
37.767,39.410,25.8587,5.000,59368.0
37.767,39.610,25.8418,5.000,59372.1
38.267,39.809,25.8774,5.000,59363.3
38.268,40.010,25.8525,5.000,59369.5
38.768,40.210,25.8943,5.000,59359.1
38.768,40.409,25.9149,5.000,59354.1
38.768,40.609,25.8921,5.000,59359.7
39.268,40.810,25.8501,5.000,59370.1
39.268,41.011,25.8877,5.000,59360.8
39.768,41.209,25.9111,5.000,59355.1
39.768,41.409,25.9108,5.000,59355.1
39.769,41.610,25.9189,5.000,59353.1
40.268,41.809,25.9219,5.000,59352.4
40.268,42.010,25.9131,5.000,59354.6
40.768,42.209,25.9404,5.000,59347.8
40.768,42.410,25.9219,5.000,59352.4
40.769,42.609,25.9541,5.000,59344.4
41.268,42.809,25.9562,5.000,59343.9
41.268,43.011,25.9565,5.000,59343.8
41.768,43.209,25.9673,5.000,59341.1
41.768,43.409,25.9297,5.000,59350.4
41.769,43.609,25.9373,5.000,59348.5
42.268,43.810,25.9726,5.000,59339.8
42.268,44.010,25.9651,5.000,59341.7
42.768,44.209,26.0045,5.000,59331.9
42.768,44.410,25.9754,5.000,59339.1
42.769,44.610,25.9692,5.000,59340.6
43.268,44.809,25.9727,5.000,59339.8
43.269,45.010,25.9832,5.000,59337.2
43.768,45.209,25.9984,5.000,59333.4
43.768,45.410,26.0175,5.000,59328.7
43.768,45.609,26.0008,5.000,59332.8
44.267,45.809,25.9912,5.000,59335.2
44.267,46.011,26.0137,5.000,59329.6
44.768,46.209,26.0283,5.000,59326.0
44.768,46.409,26.0569,5.000,59318.9
44.768,46.610,26.0800,5.000,59313.2
45.268,46.810,26.0330,5.000,59324.8
45.268,47.010,26.0527,5.000,59319.9
45.768,47.209,26.0498,5.000,59320.6
45.768,47.410,26.1216,5.000,59302.8
45.769,47.610,26.0645,5.000,59317.0
46.268,47.809,26.0959,5.000,59309.2
46.268,48.010,26.1022,5.000,59307.7
46.768,48.210,26.1089,5.000,59306.0
46.769,48.410,26.1276,5.000,59301.3
46.769,48.609,26.1247,5.000,59302.1
47.267,48.809,26.1292,5.000,59300.9
47.267,49.011,26.1343,5.000,59299.7
47.768,49.209,26.2003,5.000,59283.2
47.768,49.409,26.2021,5.000,59282.8
47.768,49.609,26.1518,5.000,59295.3
48.268,49.810,26.1295,5.000,59300.8
48.268,50.010,26.2003,5.000,59283.2
48.768,50.209,26.1748,5.000,59289.6
48.768,50.410,26.1743,5.000,59289.7
48.768,50.610,26.1572,5.000,59293.9
49.268,50.809,26.1771,5.000,59289.0
49.268,51.010,26.2007,5.000,59283.1
49.768,51.210,26.1930,5.000,59285.0
49.768,51.409,26.1851,5.000,59287.0
49.768,51.609,26.2033,5.000,59282.5
50.268,51.809,26.2246,5.000,59277.2
50.268,52.011,26.2407,5.000,59273.2
50.768,52.209,26.2470,5.000,59271.6
50.768,52.409,26.2549,5.000,59269.6
50.768,52.610,26.2759,5.000,59264.3
51.268,52.810,26.2541,5.000,59269.8
51.268,53.010,26.3232,5.000,59252.5
51.768,53.209,26.2752,5.000,59264.5
51.768,53.410,26.2931,5.000,59260.1
51.768,53.610,26.2734,5.000,59265.0
52.268,53.810,26.3062,5.000,59256.8
52.268,54.010,26.2894,5.000,59261.0
52.768,54.209,26.2703,5.000,59265.8
52.768,54.410,26.2990,5.000,59258.6
52.769,54.610,26.3437,5.000,59247.4
53.268,54.810,26.3294,5.000,59251.0
53.269,55.010,26.3566,5.000,59244.2
53.768,55.209,26.3589,5.000,59243.6
53.768,55.411,26.3519,5.000,59245.4
53.769,55.611,26.4624,5.000,59217.7
54.268,55.811,26.3906,5.000,59235.7
54.268,56.011,26.3847,5.000,59237.2
54.768,56.210,26.4043,5.000,59232.2
54.768,56.411,26.3872,5.000,59236.6
54.769,56.611,26.4192,5.000,59228.5
55.268,56.810,26.4316,5.000,59225.4
55.268,57.011,26.4204,5.000,59228.2
55.766,57.210,26.4228,5.000,59227.6
55.767,57.411,26.4580,5.000,59218.8
55.767,57.610,26.4292,5.000,59226.0
56.268,57.810,26.4355,5.000,59224.4
56.268,58.012,26.4674,5.000,59216.4
56.767,58.210,26.4531,5.000,59220.0
56.767,58.410,26.4844,5.000,59212.1
56.768,58.611,26.4970,5.000,59209.0
57.267,58.811,26.4937,5.000,59209.8
57.267,59.011,26.4980,5.000,59208.7
57.768,59.210,26.5319,5.000,59200.1
57.768,59.411,26.5473,5.000,59196.3
57.769,59.611,26.5361,5.000,59199.1
58.266,59.810,26.5350,5.000,59199.4
58.267,60.011,26.5387,5.000,59198.5
58.766,60.210,26.5659,5.000,59191.6
58.767,60.411,26.6147,5.000,59179.3
58.767,60.610,26.5703,5.000,59190.5
59.268,60.810,26.5854,5.000,59186.7
59.268,61.012,26.5838,5.000,59187.1
59.768,61.210,26.5898,5.000,59185.6
59.768,61.410,26.5971,5.000,59183.8
59.769,61.610,26.6105,5.000,59180.4
60.267,61.811,26.6580,5.000,59168.4
60.267,62.011,26.6567,5.000,59168.7
60.768,62.210,26.6487,5.000,59170.7
60.768,62.411,26.6685,5.000,59165.7
60.768,62.611,26.6487,5.000,59170.7
61.267,62.810,26.6906,5.000,59160.2
61.267,63.011,26.6851,5.000,59161.5
61.768,63.210,26.6787,5.000,59163.1
61.768,63.411,26.7158,5.000,59153.7
61.769,63.610,26.7348,5.000,59149.0
62.268,63.810,26.7129,5.000,59154.5
62.268,64.012,26.7363,5.000,59148.6
62.768,64.210,26.7282,5.000,59150.6
62.768,64.410,26.7383,5.000,59148.1
62.769,64.611,26.7419,5.000,59147.2
63.268,64.810,26.7798,5.000,59137.6
63.268,65.011,26.7568,5.000,59143.3
63.768,65.210,26.8071,5.000,59130.6
63.768,65.411,26.8089,5.000,59130.2
63.769,65.611,26.8593,5.000,59117.4
64.268,65.810,26.9294,5.000,59099.6
64.269,66.011,26.8302,5.000,59124.8
64.768,66.211,26.8144,5.000,59128.8
64.768,66.411,26.8509,5.000,59119.5
64.768,66.610,26.8415,5.000,59121.9
65.267,66.810,26.8706,5.000,59114.5
65.267,67.012,26.8765,5.000,59113.0
65.768,67.210,26.8641,5.000,59116.2
65.768,67.410,26.8948,5.000,59108.3
65.769,67.611,26.9312,5.000,59099.1
66.268,67.810,26.9171,5.000,59102.7
66.268,68.011,26.9140,5.000,59103.5
66.768,68.210,26.9294,5.000,59099.5
66.768,68.411,26.9508,5.000,59094.1
66.768,68.610,26.9837,5.000,59085.7
67.268,68.810,26.9713,5.000,59088.9
67.269,69.012,26.9609,5.000,59091.5
67.768,69.210,26.9912,5.000,59083.8
67.769,69.410,26.9803,5.000,59086.6
67.769,69.611,27.0099,5.000,59079.0
68.268,69.811,27.0137,5.000,59078.0
68.268,70.011,27.0218,5.000,59076.0
68.768,70.210,27.0636,5.000,59065.3
68.768,70.411,27.0548,5.000,59067.6
68.769,70.611,27.0553,5.000,59067.4
69.268,70.810,27.1079,5.000,59054.0
69.269,71.011,27.0903,5.000,59058.5
69.768,71.211,27.0708,5.000,59063.5
69.768,71.411,27.0959,5.000,59057.1
69.768,71.611,27.0854,5.000,59059.7
70.268,71.810,27.1157,5.000,59052.0
70.268,72.011,27.1660,5.000,59039.1
70.768,72.211,27.1360,5.000,59046.8
70.768,72.411,27.1634,5.000,59039.8
70.769,72.610,27.1685,5.000,59038.5
71.268,72.810,27.1590,5.000,59040.9
71.268,73.012,27.1805,5.000,59035.4
71.768,73.209,27.1940,5.000,59031.9
71.768,73.409,27.2075,5.000,59028.5
71.769,73.611,27.2246,5.000,59024.1
72.267,73.809,27.2165,5.000,59026.2
72.267,74.010,27.2523,5.000,59017.0
72.768,74.209,27.2444,5.000,59019.0
72.768,74.410,27.2964,5.000,59005.6
72.768,74.610,27.2861,5.000,59008.2
73.268,74.809,27.3148,5.000,59000.9
73.268,75.010,27.3691,5.000,58986.9
73.766,75.209,27.3156,5.000,59000.7
73.767,75.410,27.3115,5.000,59001.7
73.767,75.609,27.3247,5.000,58998.4
74.268,75.809,27.3468,5.000,58992.6
74.268,76.011,27.3520,5.000,58991.3
74.768,76.210,27.3766,5.000,58985.0
74.768,76.409,27.3753,5.000,58985.3
74.769,76.609,27.3828,5.000,58983.4
75.268,76.810,27.4103,5.000,58976.3
75.268,77.010,27.3867,5.000,58982.4
75.768,77.209,27.4267,5.000,58972.1
75.768,77.410,27.4362,5.000,58969.6
75.769,77.610,27.4253,5.000,58972.4
76.268,77.809,27.4585,5.000,58963.8
76.269,78.010,27.4424,5.000,58968.0
76.768,78.210,27.4497,5.000,58966.1
76.768,78.409,27.5065,5.000,58951.4
76.769,78.609,27.4717,5.000,58960.4
77.268,78.810,27.4949,5.000,58954.4
77.268,79.011,27.4998,5.000,58953.2
77.768,79.209,27.5215,5.000,58947.5
77.769,79.409,27.5063,5.000,58951.5
77.769,79.610,27.5845,5.000,58931.2
78.268,79.809,27.5701,5.000,58934.9
78.268,80.010,27.5908,5.000,58929.6
78.768,80.210,27.5532,5.000,58939.4
78.769,80.410,27.6419,5.000,58916.3
78.769,80.610,27.6020,5.000,58926.7
79.268,80.809,27.6274,5.000,58920.1
79.269,81.010,27.6353,5.000,58918.0
79.768,81.210,27.6587,5.000,58912.0
79.768,81.410,27.6313,5.000,58919.1
79.768,81.610,27.6587,5.000,58912.0
80.268,81.809,27.6818,5.000,58905.9
80.268,82.010,27.6961,5.000,58902.2
80.768,82.210,27.6870,5.000,58904.6
80.768,82.409,27.7011,5.000,58901.0
80.768,82.609,27.7324,5.000,58892.8
81.268,82.810,27.7152,5.000,58897.3
81.269,83.011,27.7249,5.000,58894.7
81.768,83.209,27.7682,5.000,58883.5
81.769,83.409,27.7737,5.000,58882.0
81.769,83.610,27.7607,5.000,58885.4
82.268,83.810,27.7698,5.000,58883.0
82.269,84.010,27.8045,5.000,58874.0
82.768,84.209,27.8332,5.000,58866.5
82.769,84.410,27.8275,5.000,58868.0
82.769,84.609,27.8078,5.000,58873.1
83.268,84.809,27.8589,5.000,58859.8
83.269,85.010,27.8491,5.000,58862.3
83.768,85.210,27.8930,5.000,58850.9
83.769,85.409,27.8732,5.000,58856.0
83.769,85.609,27.8986,5.000,58849.4
84.268,85.810,27.9179,5.000,58844.3
84.268,86.010,27.9276,5.000,58841.8
84.768,86.209,27.9043,5.000,58847.9
84.768,86.409,27.9251,5.000,58842.4
84.768,86.610,27.9660,5.000,58831.7
85.266,86.809,27.9546,5.000,58834.7
85.267,87.010,27.9902,5.000,58825.4
85.768,87.210,27.9744,5.000,58829.5
85.769,87.409,28.0174,5.000,58818.2
85.769,87.609,28.0008,5.000,58822.6
86.268,87.810,28.0075,5.000,58820.8
86.269,88.010,28.0436,5.000,58811.4
86.768,88.209,28.0399,5.000,58812.4
86.769,88.409,28.0678,5.000,58805.0
86.769,88.610,28.0827,5.000,58801.1
87.268,88.809,28.0892,5.000,58799.4
87.268,89.010,28.1051,5.000,58795.2
87.768,89.210,28.1167,5.000,58792.2
87.769,89.410,28.1256,5.000,58789.8
87.769,89.609,28.1133,5.000,58793.0
88.268,89.809,28.1424,5.000,58785.4
88.269,90.010,28.1570,5.000,58781.5
88.768,90.210,28.1507,5.000,58783.2
88.768,90.409,28.1849,5.000,58774.2
88.768,90.609,28.1872,5.000,58773.6
89.268,90.810,28.2182,5.000,58765.4
89.269,91.010,28.2077,5.000,58768.2
89.768,91.209,28.2348,5.000,58761.0
89.769,91.409,28.2594,5.000,58754.5
89.769,91.610,28.2682,5.000,58752.2
90.268,91.809,28.2788,5.000,58749.4
90.268,92.010,28.2847,5.000,58747.8
90.766,92.210,28.2783,5.000,58749.5
90.767,92.409,28.2972,5.000,58744.5
90.767,92.609,28.3314,5.000,58735.5
91.267,92.810,28.3086,5.000,58741.5
91.267,93.011,28.3429,5.000,58732.4
91.768,93.209,28.3353,5.000,58734.4
91.769,93.409,28.3515,5.000,58730.1
91.769,93.610,28.4261,5.000,58710.4
92.268,93.809,28.3818,5.000,58722.1
92.268,94.010,28.4162,5.000,58713.0
92.767,94.210,28.4590,5.000,58701.6
92.767,94.410,28.4422,5.000,58706.1
92.767,94.609,28.4458,5.000,58705.1
93.267,94.809,28.4539,5.000,58702.9
93.267,95.010,28.4536,5.000,58703.0
93.768,95.210,28.4803,5.000,58695.9
93.769,95.410,28.4668,5.000,58699.5
93.769,95.609,28.4946,5.000,58692.1
94.268,95.809,28.5219,5.000,58684.9
94.269,96.010,28.5967,5.000,58664.9
94.768,96.210,28.5259,5.000,58683.8
94.769,96.409,28.5566,5.000,58675.6
94.769,96.609,28.5405,5.000,58679.9
95.268,96.810,28.5376,5.000,58680.7
95.269,97.010,28.5853,5.000,58668.0
95.768,97.209,28.5996,5.000,58664.1
95.769,97.410,28.6004,5.000,58663.9
95.769,97.610,28.6208,5.000,58658.5
96.268,97.809,28.6356,5.000,58654.6
96.269,98.010,28.6277,5.000,58656.6
96.767,98.209,28.6600,5.000,58648.0
96.768,98.409,28.6670,5.000,58646.2
96.768,98.608,28.7000,5.000,58637.3
97.268,98.808,28.7072,5.000,58635.4
97.269,99.009,28.6689,5.000,58645.6
97.768,99.209,28.7414,5.000,58626.3
97.768,99.408,28.7054,5.000,58635.9
97.768,99.608,28.7287,5.000,58629.6
98.268,99.809,28.7529,5.000,58623.2
98.269,100.009,28.7534,5.000,58623.1
98.768,100.208,28.7619,5.000,58620.8
98.769,100.408,28.8096,5.000,58608.0
98.769,100.609,28.8000,5.000,58610.5
99.268,100.808,28.7993,5.000,58610.7
99.269,101.009,28.8369,5.000,58600.7
99.768,101.209,28.8271,5.000,58603.3
99.769,101.409,28.8626,5.000,58593.7
99.769,101.608,28.8569,5.000,58595.3
100.268,101.808,28.8662,5.000,58592.8
100.268,102.009,28.8839,5.000,58588.0
100.768,102.209,28.8925,5.000,58585.7
100.769,102.409,28.8838,5.000,58588.0
100.769,102.608,28.9007,5.000,58583.5
101.268,102.808,28.9271,5.000,58576.4
101.269,103.009,28.9482,5.000,58570.7
101.768,103.209,28.9687,5.000,58565.2
101.768,103.408,28.9642,5.000,58566.4
101.768,103.608,28.9836,5.000,58561.2
102.268,103.809,29.0042,5.000,58555.6
102.268,104.009,29.0163,5.000,58552.4
102.768,104.208,29.0083,5.000,58554.5
102.769,104.409,29.0049,5.000,58555.4
102.769,104.609,29.0488,5.000,58543.5
103.268,104.808,29.0693,5.000,58538.0
103.269,105.009,29.0683,5.000,58538.3
103.768,105.209,29.0910,5.000,58532.1
103.769,105.409,29.1019,5.000,58529.2
103.769,105.608,29.0822,5.000,58534.5
104.268,105.808,29.1308,5.000,58521.4
104.269,106.009,29.1302,5.000,58521.6
104.768,106.209,29.1279,5.000,58522.2
104.769,106.408,29.1302,5.000,58521.6
104.769,106.608,29.1730,5.000,58509.9
105.268,106.809,29.1821,5.000,58507.5
105.269,107.009,29.1831,5.000,58507.2
105.768,107.208,29.1733,5.000,58509.9
105.769,107.409,29.2018,5.000,58502.1
105.769,107.609,29.2565,5.000,58487.3
106.268,107.808,29.2485,5.000,58489.5
106.269,108.009,29.2558,5.000,58487.5
106.768,108.209,29.2612,5.000,58486.0
106.769,108.409,29.3042,5.000,58474.4
106.769,108.608,29.3177,5.000,58470.7
107.268,108.808,29.3213,5.000,58469.7
107.269,109.010,29.3340,5.000,58466.2
107.768,109.209,29.3358,5.000,58465.8
107.769,109.408,29.3524,5.000,58461.2
107.769,109.608,29.3618,5.000,58458.7
108.268,109.809,29.3896,5.000,58451.0
108.269,110.009,29.3770,5.000,58454.5
108.768,110.208,29.4131,5.000,58444.7
108.769,110.409,29.4004,5.000,58448.1
108.769,110.609,29.4137,5.000,58444.5
109.268,110.808,29.4538,5.000,58433.6
109.268,111.009,29.4344,5.000,58438.8
109.768,111.209,29.4775,5.000,58427.0
109.769,111.409,29.4746,5.000,58427.9
109.769,111.608,29.4813,5.000,58426.0
110.267,111.808,29.4910,5.000,58423.4
110.267,112.009,29.5013,5.000,58420.6
110.768,112.209,29.5407,5.000,58409.8
110.769,112.409,29.5516,5.000,58406.8
110.769,112.608,29.5562,5.000,58405.5
111.268,112.808,29.5602,5.000,58404.4
111.269,113.010,29.5435,5.000,58409.0
111.766,113.209,29.5923,5.000,58395.7
111.767,113.408,29.6037,5.000,58392.5
111.767,113.608,29.5981,5.000,58394.1
112.268,113.809,29.6055,5.000,58392.0
112.269,114.009,29.6286,5.000,58385.7
112.768,114.208,29.7407,5.000,58354.9
112.769,114.409,29.6566,5.000,58378.0
112.769,114.609,29.6430,5.000,58381.8
113.268,114.808,29.6723,5.000,58373.7
113.269,115.009,29.6928,5.000,58368.0
113.768,115.209,29.7143,5.000,58362.1
113.769,115.409,29.7170,5.000,58361.4
113.769,115.608,29.7241,5.000,58359.5
114.267,115.808,29.7666,5.000,58347.7
114.267,116.010,29.7509,5.000,58352.1
114.768,116.209,29.7770,5.000,58344.9
114.769,116.408,29.7825,5.000,58343.4
114.769,116.608,29.8027,5.000,58337.8
115.268,116.809,29.7863,5.000,58342.3
115.269,117.009,29.8156,5.000,58334.2
115.768,117.208,29.8223,5.000,58332.4
115.769,117.409,29.8371,5.000,58328.3
115.769,117.609,29.8538,5.000,58323.7
116.268,117.808,29.8698,5.000,58319.3
116.268,118.009,29.8759,5.000,58317.6
116.768,118.209,29.8615,5.000,58321.6
116.769,118.408,29.8892,5.000,58313.9
116.769,118.608,29.9214,5.000,58305.0
117.268,118.808,29.9225,5.000,58304.7
117.269,119.010,29.9860,5.000,58287.1
117.768,119.209,29.9365,5.000,58300.9
117.769,119.408,29.9756,5.000,58290.1
117.769,119.608,29.9731,5.000,58290.7
118.266,119.809,29.9959,5.000,58284.4
118.267,120.009,29.9941,5.000,58284.9
118.768,120.208,30.0228,5.000,58276.9
118.769,120.409,30.0701,5.000,58263.8
118.769,120.608,30.0293,5.000,58275.1
119.268,120.808,30.0928,5.000,58257.5
119.269,121.009,30.0605,5.000,58266.5
119.768,121.209,30.0874,5.000,58259.0
119.769,121.408,30.0802,5.000,58261.0
119.769,121.608,30.1001,5.000,58255.5
120.267,121.808,30.0927,5.000,58257.5
120.267,122.010,30.1279,5.000,58247.7
120.768,122.208,30.1287,5.000,58247.5
120.769,122.407,30.1590,5.000,58239.1
120.769,122.607,30.1501,5.000,58241.6
121.268,122.808,30.1807,5.000,58233.0
121.269,123.008,30.1717,5.000,58235.5
121.768,123.207,30.1860,5.000,58231.6
121.768,123.408,30.2342,5.000,58218.1
121.768,123.608,30.2480,5.000,58214.2
122.267,123.807,30.2614,5.000,58210.5
122.267,124.008,30.2573,5.000,58211.7
122.767,124.208,30.2846,5.000,58204.1
122.767,124.407,30.2947,5.000,58201.2
122.767,124.607,30.2915,5.000,58202.1
123.268,124.807,30.3206,5.000,58194.0
123.269,125.009,30.3052,5.000,58198.3
123.768,125.207,30.3237,5.000,58193.1
123.769,125.407,30.3457,5.000,58187.0
123.769,125.608,30.3600,5.000,58183.0
124.268,125.808,30.3584,5.000,58183.4
124.269,126.008,30.3864,5.000,58175.6
124.768,126.207,30.3730,5.000,58179.3
124.769,126.408,30.3989,5.000,58172.1
124.769,126.607,30.4246,5.000,58164.9
125.268,126.807,30.4180,5.000,58166.7
125.269,127.009,30.4202,5.000,58166.1
125.767,127.208,30.4612,5.000,58154.6
125.767,127.407,30.4652,5.000,58153.5
125.767,127.607,30.4751,5.000,58150.7
126.268,127.807,30.4843,5.000,58148.1
126.268,128.009,30.5000,5.000,58143.7
126.768,128.208,30.5348,5.000,58133.9
126.768,128.407,30.5358,5.000,58133.7
126.769,128.607,30.6025,5.000,58114.8
127.266,128.807,30.5685,5.000,58124.5
127.267,129.009,30.5597,5.000,58126.9
127.768,129.208,30.5996,5.000,58115.7
127.768,129.407,30.5942,5.000,58117.2
127.769,129.607,30.6181,5.000,58110.5
128.267,129.807,30.6286,5.000,58107.5
128.267,130.009,30.6582,5.000,58099.2
128.768,130.208,30.6294,5.000,58107.3
128.769,130.407,30.6590,5.000,58099.0
128.769,130.607,30.7331,5.000,58078.0
129.268,130.807,30.7112,5.000,58084.2
129.269,131.007,30.7094,5.000,58084.7
129.768,131.206,30.7290,5.000,58079.1
129.769,131.406,30.7363,5.000,58077.1
129.769,131.606,30.7260,5.000,58080.1
130.268,131.807,30.7734,5.000,58066.6
130.269,132.007,30.7607,5.000,58070.2
130.768,132.206,30.7873,5.000,58062.7
130.769,132.407,30.8107,5.000,58056.0
130.769,132.606,30.7850,5.000,58063.4
131.268,132.807,30.8418,5.000,58047.2
131.269,133.007,30.8348,5.000,58049.2
131.768,133.207,30.8477,5.000,58045.6
131.769,133.406,30.8621,5.000,58041.5
131.769,133.606,30.8669,5.000,58040.1
132.268,133.807,30.8978,5.000,58031.4
132.269,134.007,30.9069,5.000,58028.8
132.768,134.206,30.9183,5.000,58025.5
132.770,134.406,30.9306,5.000,58022.0
132.770,134.606,30.9131,5.000,58027.0
133.268,134.807,30.9635,5.000,58012.7
133.269,135.005,30.9653,5.000,58012.2
133.768,135.205,30.9665,5.000,58011.9
133.769,135.406,31.0029,5.000,58001.5
133.769,135.605,31.0148,5.000,57998.1
134.267,135.806,31.0280,5.000,57994.4
134.268,136.005,31.0203,5.000,57996.5
134.766,136.206,31.0299,5.000,57993.8
134.767,136.405,31.0449,5.000,57989.5
134.767,136.605,31.0586,5.000,57985.6
135.268,136.807,31.0605,5.000,57985.1
135.269,137.006,31.1076,5.000,57971.6
135.768,137.205,31.0820,5.000,57979.0
135.769,137.405,31.1066,5.000,57971.9
135.769,137.606,31.1517,5.000,57959.1
136.268,137.807,31.1522,5.000,57959.0
136.269,138.005,31.1644,5.000,57955.5
136.768,138.205,31.1665,5.000,57954.8
136.769,138.406,31.1946,5.000,57946.8
136.769,138.605,31.2091,5.000,57942.6
137.268,138.806,31.2007,5.000,57945.0
137.269,139.005,31.2212,5.000,57939.2
137.768,139.204,31.2373,5.000,57934.5
137.769,139.404,31.2679,5.000,57925.8
137.769,139.604,31.2310,5.000,57936.4
138.268,139.806,31.2856,5.000,57920.7
138.269,140.005,31.2840,5.000,57921.2
138.766,140.204,31.2907,5.000,57919.2
138.767,140.404,31.3223,5.000,57910.2
138.767,140.605,31.3392,5.000,57905.3
139.268,140.805,31.3520,5.000,57901.6
139.269,141.004,31.3457,5.000,57903.4
139.768,141.205,31.3820,5.000,57893.0
139.768,141.405,31.3740,5.000,57895.3
139.769,141.604,31.4238,5.000,57881.0
140.268,141.805,31.3672,5.000,57897.3
140.269,142.005,31.4284,5.000,57879.7
140.767,142.204,31.4429,5.000,57875.5
140.768,142.404,31.4570,5.000,57871.4
140.768,142.605,31.4723,5.000,57867.0
141.266,142.806,31.5175,5.000,57854.0
141.267,143.003,31.4775,5.000,57865.6
141.767,143.204,31.4800,5.000,57864.8
141.767,143.404,31.4933,5.000,57861.0
141.767,143.603,31.5303,5.000,57850.3
142.268,143.804,31.5905,5.000,57832.9
142.268,144.004,31.5459,5.000,57845.8
142.768,144.203,31.5516,5.000,57844.2
142.769,144.403,31.5841,5.000,57834.8
142.769,144.603,31.5833,5.000,57835.0
143.268,144.805,31.5971,5.000,57831.0
143.269,145.004,31.6201,5.000,57824.4
143.768,145.203,31.6431,5.000,57817.7
143.768,145.403,31.6118,5.000,57826.8
143.768,145.604,31.6523,5.000,57815.0
144.268,145.804,31.6795,5.000,57807.2
144.269,146.003,31.6335,5.000,57820.5
144.768,146.204,31.6953,5.000,57802.6
144.769,146.404,31.7021,5.000,57800.6
144.769,146.603,31.7199,5.000,57795.4
145.268,146.804,31.7332,5.000,57791.6
145.269,147.004,31.7407,5.000,57789.4
145.768,147.202,31.7545,5.000,57785.4
145.769,147.402,31.7573,5.000,57784.6
145.769,147.603,31.7847,5.000,57776.6
146.268,147.803,31.7920,5.000,57774.5
146.269,148.002,31.8217,5.000,57765.9
146.768,148.202,31.8029,5.000,57771.3
146.769,148.403,31.8327,5.000,57762.7
146.769,148.602,31.8579,5.000,57755.3
147.268,148.803,31.8516,5.000,57757.2
147.268,149.003,31.8691,5.000,57752.1
147.768,149.202,31.8672,5.000,57752.6
147.768,149.402,31.8239,5.000,57765.2
147.768,149.602,31.9145,5.000,57738.8
148.268,149.804,31.9328,5.000,57733.5
148.269,150.002,32.0003,5.000,57713.8
148.768,150.202,31.9268,5.000,57735.2
148.769,150.402,31.9564,5.000,57726.6
148.769,150.603,31.9671,5.000,57723.5
149.268,150.803,31.9958,5.000,57715.1
149.269,151.002,31.9813,5.000,57719.4
149.768,151.202,32.0225,5.000,57707.3
149.769,151.401,32.0063,5.000,57712.0
149.769,151.601,32.0518,5.000,57698.7
150.268,151.803,32.0355,5.000,57703.5
150.269,152.002,32.0693,5.000,57693.6
150.768,152.201,32.0775,5.000,57691.2
150.769,152.401,32.0766,5.000,57691.5
150.769,152.602,32.1084,5.000,57682.2
151.268,152.802,32.1194,5.000,57678.9
151.269,153.001,32.0784,5.000,57691.0
151.768,153.202,32.1562,5.000,57668.2
151.769,153.402,32.1480,5.000,57670.6
151.769,153.601,32.1353,5.000,57674.3
152.268,153.802,32.1850,5.000,57659.8
152.269,154.002,32.2026,5.000,57654.5
152.768,154.201,32.1938,5.000,57657.1
152.769,154.401,32.2358,5.000,57644.8
152.769,154.601,32.2603,5.000,57637.6
153.268,154.803,32.2558,5.000,57638.9
153.269,155.001,32.2734,5.000,57633.7
153.766,155.201,32.2500,5.000,57640.6
153.767,155.401,32.2889,5.000,57629.2
153.767,155.600,32.2817,5.000,57631.3
154.266,155.801,32.2835,5.000,57630.8
154.267,156.000,32.2959,5.000,57627.1
154.768,156.201,32.3066,5.000,57623.9
154.769,156.400,32.3348,5.000,57615.7
154.769,156.600,32.3420,5.000,57613.6
155.268,156.802,32.3532,5.000,57610.2
155.269,157.000,32.3885,5.000,57599.8
155.768,157.200,32.4069,5.000,57594.4
155.769,157.400,32.4378,5.000,57585.3
155.769,157.601,32.4264,5.000,57588.6
156.269,157.801,32.4204,5.000,57590.5
156.270,158.000,32.4290,5.000,57587.9
156.768,158.201,32.4629,5.000,57577.8
156.769,158.400,32.4549,5.000,57580.2
156.769,158.600,32.4785,5.000,57573.2
157.268,158.802,32.4941,5.000,57568.6
157.269,159.001,32.5161,5.000,57562.1
157.768,159.200,32.5309,5.000,57557.7
157.769,159.399,32.5677,5.000,57546.8
157.769,159.600,32.5382,5.000,57555.5
158.268,159.800,32.5352,5.000,57556.4
158.269,159.999,32.5710,5.000,57545.8
158.768,160.200,32.5652,5.000,57547.6
158.769,160.399,32.5991,5.000,57537.5
158.769,160.599,32.5654,5.000,57547.5
159.268,160.801,32.6193,5.000,57531.5
159.269,160.999,32.6126,5.000,57533.5
159.768,161.199,32.6448,5.000,57523.9
159.768,161.399,32.6637,5.000,57518.3
159.769,161.600,32.6815,5.000,57513.1
160.268,161.800,32.6753,5.000,57514.9
160.269,161.999,32.6950,5.000,57509.0
160.768,162.200,32.6851,5.000,57512.0
160.769,162.399,32.6925,5.000,57509.7
160.769,162.599,32.7555,5.000,57491.0
161.268,162.801,32.7410,5.000,57495.3
161.269,162.999,32.7407,5.000,57495.4
161.768,163.199,32.7635,5.000,57488.6
161.769,163.399,32.7547,5.000,57491.2
161.769,163.599,32.7866,5.000,57481.7
162.268,163.799,32.7767,5.000,57484.7
162.269,163.999,32.7876,5.000,57481.4
162.768,164.198,32.8379,5.000,57466.4
162.768,164.398,32.8200,5.000,57471.8
162.769,164.599,32.8813,5.000,57453.5
163.268,164.799,32.8450,5.000,57464.3
163.268,164.998,32.8846,5.000,57452.5
163.768,165.199,32.8965,5.000,57448.9
163.768,165.399,32.9017,5.000,57447.4
163.769,165.599,32.9307,5.000,57438.7
164.268,165.799,32.9233,5.000,57440.9
164.269,165.999,32.9555,5.000,57431.3
164.768,166.198,32.9743,5.000,57425.7
164.769,166.398,32.9717,5.000,57426.4
164.769,166.599,32.9617,5.000,57429.4
165.268,166.800,32.9935,5.000,57419.9
165.268,166.998,33.0020,5.000,57417.3
165.768,167.198,33.0208,5.000,57411.7
165.769,167.398,33.0228,5.000,57411.1
165.769,167.598,33.0376,5.000,57406.6
166.268,167.797,33.0586,5.000,57400.4
166.269,167.998,33.0711,5.000,57396.6
166.768,168.197,33.0771,5.000,57394.8
166.769,168.397,33.1001,5.000,57388.0
166.769,168.598,33.1006,5.000,57387.8
167.268,168.798,33.0949,5.000,57389.5
167.269,168.997,33.1510,5.000,57372.6
167.767,169.197,33.1367,5.000,57376.9
167.767,169.398,33.1685,5.000,57367.4
167.767,169.599,33.1707,5.000,57366.7
168.268,169.797,33.1990,5.000,57358.2
168.269,169.997,33.1816,5.000,57363.4
168.768,170.198,33.1878,5.000,57361.5
168.768,170.397,33.1933,5.000,57359.9
168.768,170.598,33.2350,5.000,57347.3
169.268,170.798,33.2274,5.000,57349.6
169.269,170.997,33.2466,5.000,57343.8
169.768,171.197,33.2764,5.000,57334.8
169.768,171.398,33.2905,5.000,57330.6
169.769,171.599,33.3833,5.000,57302.5
170.268,171.797,33.2910,5.000,57330.4
170.269,171.996,33.3517,5.000,57312.1
170.768,172.196,33.3333,5.000,57317.6
170.769,172.397,33.3554,5.000,57311.0
170.769,172.597,33.3890,5.000,57300.8
171.268,172.796,33.4023,5.000,57296.8
171.268,172.997,33.3927,5.000,57299.7
171.768,173.197,33.4077,5.000,57295.2
171.769,173.396,33.4201,5.000,57291.4
171.769,173.597,33.4401,5.000,57285.4
172.267,173.797,33.4541,5.000,57281.0
172.268,173.996,33.4765,5.000,57274.3
172.768,174.196,33.4795,5.000,57273.4
172.769,174.396,33.4933,5.000,57269.2
172.769,174.598,33.5003,5.000,57267.1
173.268,174.796,33.5101,5.000,57264.1
173.269,174.996,33.5352,5.000,57256.5
173.768,175.197,33.5140,5.000,57262.9
173.769,175.397,33.5516,5.000,57251.5
173.769,175.597,33.5607,5.000,57248.7
174.268,175.795,33.5934,5.000,57238.8
174.269,175.996,33.5560,5.000,57250.2
174.768,176.195,33.5915,5.000,57239.4
174.769,176.395,33.5897,5.000,57239.9
174.769,176.597,33.6126,5.000,57232.9
175.268,176.796,33.6335,5.000,57226.6
175.268,176.995,33.6445,5.000,57223.2
175.768,177.195,33.6447,5.000,57223.2
175.769,177.396,33.6704,5.000,57215.4
175.769,177.596,33.6797,5.000,57212.5
176.268,177.795,33.6902,5.000,57209.3
176.269,177.996,33.6945,5.000,57208.0
176.768,178.195,33.7067,5.000,57204.2
176.769,178.395,33.7104,5.000,57203.1
176.769,178.596,33.7443,5.000,57192.8
177.266,178.796,33.7546,5.000,57189.6
177.267,178.995,33.7827,5.000,57181.1
177.768,179.195,33.7703,5.000,57184.8
177.769,179.396,33.7827,5.000,57181.1
177.769,179.596,33.7988,5.000,57176.2
178.268,179.794,33.7931,5.000,57177.9
178.269,179.995,33.8398,5.000,57163.6
178.768,180.194,33.8408,5.000,57163.3
178.769,180.394,33.8618,5.000,57156.9
178.769,180.595,33.8657,5.000,57155.6
179.268,180.795,33.8686,5.000,57154.8
179.269,180.994,33.8823,5.000,57150.6
179.768,181.194,33.9373,5.000,57133.7
179.768,181.395,33.9067,5.000,57143.1
179.769,181.596,33.9272,5.000,57136.8
180.269,181.794,33.9390,5.000,57133.2
180.269,181.994,33.9380,5.000,57133.5
180.768,182.195,33.9377,5.000,57133.6
180.769,182.394,33.9497,5.000,57129.9
180.769,182.595,33.9863,5.000,57118.7
181.268,182.795,33.9850,5.000,57119.1
181.269,182.995,33.9686,5.000,57124.1
181.768,183.194,33.9891,5.000,57117.8
181.769,183.394,34.0115,5.000,57110.9
181.769,183.596,34.0382,5.000,57102.7
182.268,183.794,34.0545,5.000,57097.7
182.268,183.993,34.0762,5.000,57091.1
182.766,184.193,34.0762,5.000,57091.0
182.767,184.394,34.0581,5.000,57096.6
182.767,184.594,34.0936,5.000,57085.7
183.268,184.793,34.1077,5.000,57081.4
183.269,184.993,34.0850,5.000,57088.3
183.768,185.194,34.1113,5.000,57080.2
183.769,185.393,34.1452,5.000,57069.8
183.769,185.594,34.1379,5.000,57072.0
184.268,185.794,34.1719,5.000,57061.5
184.269,185.993,34.1863,5.000,57057.1
184.768,186.193,34.1929,5.000,57055.1
184.769,186.394,34.2061,5.000,57051.0
184.769,186.595,34.2065,5.000,57050.8
185.266,186.793,34.2098,5.000,57049.8
185.267,186.993,34.2270,5.000,57044.5
185.768,187.193,34.2497,5.000,57037.5
185.769,187.394,34.2751,5.000,57029.6
185.769,187.594,34.2539,5.000,57036.2
186.268,187.793,34.2856,5.000,57026.4
186.269,187.993,34.2811,5.000,57027.8
186.768,188.192,34.2900,5.000,57025.1
186.768,188.392,34.3462,5.000,57007.7
186.769,188.594,34.3320,5.000,57012.1
187.268,188.792,34.3379,5.000,57010.2
187.269,188.992,34.3338,5.000,57011.5
187.768,189.193,34.3659,5.000,57001.5
187.769,189.393,34.3608,5.000,57003.1
187.769,189.593,34.3810,5.000,56996.8
188.268,189.792,34.3687,5.000,57000.6
188.269,189.993,34.3797,5.000,56997.3
188.768,190.192,34.4253,5.000,56983.1
188.769,190.392,34.4375,5.000,56979.3
188.769,190.594,34.4492,5.000,56975.7
189.267,190.793,34.4917,5.000,56962.5
189.267,190.992,34.4471,5.000,56976.3
189.768,191.192,34.4495,5.000,56975.6
189.769,191.393,34.4969,5.000,56960.9
189.769,191.594,34.4824,5.000,56965.4
190.268,191.792,34.5093,5.000,56957.0
190.268,191.992,34.5298,5.000,56950.6
190.767,192.192,34.5136,5.000,56955.7
190.768,192.392,34.5493,5.000,56944.6
190.768,192.592,34.5744,5.000,56936.7
191.268,192.791,34.5794,5.000,56935.2
191.269,192.992,34.6201,5.000,56922.5
191.768,193.191,34.5871,5.000,56932.8
191.768,193.391,34.6416,5.000,56915.8
191.768,193.593,34.6047,5.000,56927.3
192.267,193.791,34.6331,5.000,56918.4
192.267,193.991,34.6473,5.000,56914.0
192.768,194.192,34.6621,5.000,56909.4
192.769,194.392,34.6426,5.000,56915.5
192.769,194.592,34.6836,5.000,56902.6
193.268,194.791,34.6854,5.000,56902.1
193.269,194.992,34.7048,5.000,56896.1
193.768,195.191,34.6792,5.000,56904.0
193.768,195.391,34.7168,5.000,56892.2
193.768,195.593,34.7256,5.000,56889.5
194.268,195.791,34.7490,5.000,56882.2
194.268,195.991,34.7363,5.000,56886.2
194.768,196.191,34.7648,5.000,56877.3
194.768,196.391,34.7835,5.000,56871.4
194.769,196.591,34.7930,5.000,56868.5
195.268,196.790,34.7972,5.000,56867.1
195.269,196.990,34.8113,5.000,56862.7
195.768,197.191,34.8105,5.000,56862.9
195.768,197.391,34.8343,5.000,56855.5
195.769,197.591,34.8540,5.000,56849.4
196.268,197.790,34.8599,5.000,56847.4
196.269,197.991,34.8577,5.000,56848.1
196.768,198.191,34.8620,5.000,56846.8
196.769,198.391,34.8916,5.000,56837.5
196.769,198.591,34.9040,5.000,56833.6
197.268,198.791,34.8940,5.000,56836.7
197.269,198.990,34.9351,5.000,56823.8
197.768,199.190,34.9445,5.000,56820.9
197.769,199.391,34.9443,5.000,56821.0
197.769,199.591,34.9645,5.000,56814.6
198.268,199.790,34.9663,5.000,56814.0
198.269,199.990,34.9821,5.000,56809.1
198.767,200.190,34.9699,5.000,56813.0
198.768,200.391,35.0011,5.000,56803.0
198.768,200.589,35.0085,5.000,56800.8
199.268,200.789,35.0679,5.000,56782.0
199.268,200.990,35.0351,5.000,56792.4
199.768,201.189,35.0524,5.000,56786.9
199.769,201.390,35.1396,5.000,56759.4
199.769,201.590,35.0483,5.000,56788.2
200.268,201.789,35.0763,5.000,56779.4
200.269,201.989,35.0649,5.000,56783.0
200.768,202.190,35.1022,5.000,56771.2
200.769,202.391,35.0615,5.000,56784.0
200.769,202.589,35.1175,5.000,56766.4
201.268,202.789,35.1382,5.000,56759.8
201.268,202.990,35.1224,5.000,56764.9
201.768,203.189,35.1318,5.000,56761.9
201.769,203.390,35.1364,5.000,56760.4
201.769,203.590,35.2168,5.000,56735.0
202.268,203.790,35.1623,5.000,56752.3
202.269,203.989,35.1955,5.000,56741.8
202.768,204.189,35.2108,5.000,56736.9
202.769,204.390,35.2041,5.000,56739.0
202.769,204.588,35.2048,5.000,56738.8
203.268,204.788,35.2397,5.000,56727.7
203.269,204.988,35.2409,5.000,56727.4
203.768,205.189,35.2503,5.000,56724.4
203.768,205.389,35.2520,5.000,56723.9
203.769,205.588,35.2744,5.000,56716.8
204.267,205.789,35.2850,5.000,56713.4
204.267,205.989,35.2878,5.000,56712.5
204.766,206.188,35.2933,5.000,56710.8
204.767,206.389,35.3374,5.000,56696.8
204.767,206.589,35.3332,5.000,56698.1
205.268,206.788,35.3445,5.000,56694.5
205.269,206.988,35.3323,5.000,56698.4
205.768,207.189,35.3364,5.000,56697.1
205.769,207.390,35.3779,5.000,56684.0
205.769,207.588,35.3987,5.000,56677.3
206.268,207.788,35.3963,5.000,56678.1
206.269,207.989,35.3892,5.000,56680.3
206.767,208.188,35.4155,5.000,56671.9
206.768,208.389,35.4315,5.000,56666.9
206.768,208.588,35.4446,5.000,56662.7
207.268,208.787,35.4438,5.000,56662.9
207.269,208.987,35.4666,5.000,56655.7
207.768,209.188,35.4199,5.000,56670.6
207.769,209.389,35.4739,5.000,56653.4
207.769,209.587,35.4727,5.000,56653.8
208.267,209.787,35.4653,5.000,56656.1
208.267,209.988,35.5181,5.000,56639.3
208.768,210.188,35.5316,5.000,56635.0
208.768,210.388,35.5094,5.000,56642.1
208.768,210.587,35.5584,5.000,56626.5
209.268,210.788,35.5547,5.000,56627.7
209.269,210.988,35.5423,5.000,56631.6
209.768,211.187,35.5604,5.000,56625.8
209.769,211.388,35.5778,5.000,56620.2
209.769,211.588,35.5862,5.000,56617.6
210.268,211.787,35.5964,5.000,56614.4
210.269,211.987,35.6084,5.000,56610.5
210.768,212.188,35.6416,5.000,56599.9
210.769,212.388,35.6234,5.000,56605.7
210.769,212.586,35.6476,5.000,56597.9
211.269,212.786,35.6621,5.000,56593.4
211.269,212.987,35.6748,5.000,56589.3
211.768,213.186,35.6888,5.000,56584.8
211.769,213.387,35.6948,5.000,56582.8
211.769,213.587,35.6930,5.000,56583.4
212.268,213.786,35.6995,5.000,56581.3
212.268,213.986,35.6989,5.000,56581.5
212.768,214.187,35.6987,5.000,56581.6
212.769,214.388,35.7451,5.000,56566.8
212.769,214.586,35.7437,5.000,56567.2
213.268,214.786,35.7659,5.000,56560.1
213.269,214.987,35.7796,5.000,56555.7
213.768,215.187,35.7700,5.000,56558.8
213.769,215.387,35.7933,5.000,56551.3
213.769,215.586,35.8135,5.000,56544.8
214.268,215.787,35.7934,5.000,56551.3
214.269,215.986,35.8205,5.000,56542.6
214.768,216.186,35.8302,5.000,56539.4
214.768,216.388,35.8501,5.000,56533.1
214.768,216.586,35.8323,5.000,56538.7
215.268,216.785,35.8559,5.000,56531.2
215.268,216.986,35.8719,5.000,56526.1
215.768,217.186,35.8821,5.000,56522.8
215.769,217.386,35.8808,5.000,56523.2
215.769,217.585,35.8831,5.000,56522.4
216.268,217.786,35.9212,5.000,56510.2
216.268,217.985,35.9284,5.000,56507.9
216.768,218.185,35.9235,5.000,56509.5
216.769,218.387,35.8952,5.000,56518.6
216.769,218.586,35.9632,5.000,56496.7
217.268,218.785,35.9499,5.000,56501.0
217.269,218.985,35.9746,5.000,56493.0
217.768,219.186,35.9883,5.000,56488.6
217.769,219.386,35.9819,5.000,56490.6
217.769,219.585,35.9905,5.000,56487.9
218.268,219.786,36.0156,5.000,56479.8
218.269,219.985,36.0049,5.000,56483.2
218.768,220.185,36.0263,5.000,56476.3
218.769,220.386,36.0298,5.000,56475.2
218.769,220.586,36.0537,5.000,56467.5
219.268,220.784,36.0965,5.000,56453.7
219.269,220.984,36.0848,5.000,56457.5
219.768,221.185,36.1177,5.000,56446.8
219.769,221.385,36.0949,5.000,56454.2
219.769,221.584,36.1144,5.000,56447.9
220.267,221.784,36.1187,5.000,56446.5
220.267,221.985,36.1165,5.000,56447.2
220.768,222.185,36.1269,5.000,56443.8
220.769,222.385,36.1054,5.000,56450.8
220.769,222.584,36.1619,5.000,56432.5
221.268,222.785,36.1787,5.000,56427.1
221.268,222.984,36.1792,5.000,56426.9
221.768,223.184,36.1960,5.000,56421.5
221.769,223.386,36.1880,5.000,56424.1
221.769,223.584,36.2073,5.000,56417.8
222.268,223.784,36.2013,5.000,56419.8
222.269,223.985,36.2339,5.000,56409.2
222.768,224.185,36.2430,5.000,56406.2
222.769,224.385,36.2544,5.000,56402.6
222.769,224.584,36.2456,5.000,56405.4
223.268,224.784,36.2576,5.000,56401.5
223.269,224.983,36.2757,5.000,56395.7
223.768,225.183,36.2751,5.000,56395.8
223.769,225.385,36.2858,5.000,56392.4
223.769,225.583,36.3250,5.000,56379.6
224.268,225.783,36.3195,5.000,56381.4
224.269,225.984,36.3657,5.000,56366.5
224.768,226.184,36.3262,5.000,56379.2
224.769,226.384,36.3468,5.000,56372.6
224.769,226.583,36.3579,5.000,56369.0
225.268,226.784,36.3743,5.000,56363.6
225.269,226.983,36.3675,5.000,56365.8
225.768,227.183,36.3690,5.000,56365.4
225.769,227.385,36.3906,5.000,56358.3
225.769,227.583,36.4043,5.000,56353.9
226.266,227.783,36.4536,5.000,56337.9
226.266,227.983,36.4178,5.000,56349.5
226.768,228.184,36.4215,5.000,56348.2
226.769,228.384,36.4456,5.000,56340.4
226.769,228.583,36.4442,5.000,56340.9
227.268,228.784,36.4561,5.000,56337.0
227.268,228.983,36.4451,5.000,56340.6
227.768,229.182,36.4780,5.000,56329.9
227.769,229.383,36.4695,5.000,56332.6
227.769,229.583,36.4990,5.000,56323.0
228.268,229.782,36.4868,5.000,56327.0
228.269,229.982,36.4988,5.000,56323.1
228.768,230.183,36.5046,5.000,56321.2
228.769,230.383,36.5234,5.000,56315.1
228.769,230.582,36.5415,5.000,56309.2
229.267,230.783,36.5257,5.000,56314.3
229.267,230.983,36.5444,5.000,56308.2
229.768,231.182,36.5688,5.000,56300.2
229.769,231.383,36.5972,5.000,56290.9
229.769,231.583,36.5690,5.000,56300.1
230.268,231.782,36.5711,5.000,56299.5
230.268,231.982,36.6229,5.000,56282.6
230.768,232.183,36.5947,5.000,56291.8
230.769,232.384,36.6095,5.000,56286.9
230.769,232.582,36.6657,5.000,56268.6
231.266,232.782,36.6370,5.000,56277.9
231.267,232.982,36.6595,5.000,56270.6
231.768,233.182,36.6665,5.000,56268.3
231.768,233.382,36.6647,5.000,56268.8
231.768,233.581,36.6692,5.000,56267.4
232.268,233.782,36.6717,5.000,56266.6
232.269,233.981,36.7244,5.000,56249.3
232.768,234.182,36.7078,5.000,56254.8
232.769,234.382,36.7070,5.000,56255.0
232.769,234.581,36.7062,5.000,56255.3
233.268,234.781,36.7144,5.000,56252.6
233.269,234.982,36.7458,5.000,56242.3
233.768,235.182,36.7651,5.000,56236.0
233.769,235.382,36.7506,5.000,56240.7
233.769,235.581,36.7770,5.000,56232.0
234.268,235.782,36.7820,5.000,56230.4
234.269,235.981,36.7896,5.000,56228.0
234.768,236.182,36.8073,5.000,56222.1
234.768,236.382,36.8089,5.000,56221.6
234.768,236.581,36.8218,5.000,56217.4
235.268,236.781,36.8320,5.000,56214.0
235.268,236.981,36.8431,5.000,56210.4
235.768,237.182,36.8605,5.000,56204.6
235.768,237.380,36.8542,5.000,56206.7
235.769,237.580,36.8515,5.000,56207.6
236.268,237.781,36.8901,5.000,56194.9
236.268,237.981,36.8895,5.000,56195.1
236.768,238.181,36.9033,5.000,56190.5
236.769,238.380,36.9028,5.000,56190.7
236.769,238.580,36.8975,5.000,56192.4
237.268,238.781,36.9306,5.000,56181.5
237.268,238.980,36.9422,5.000,56177.7
237.768,239.181,36.9966,5.000,56159.8
237.769,239.381,36.9451,5.000,56176.8
237.769,239.580,36.9668,5.000,56169.7
238.268,239.780,36.9873,5.000,56162.8
238.269,239.981,36.9759,5.000,56166.6
238.768,240.182,37.0405,5.000,56145.3
238.769,240.380,37.0075,5.000,56156.2
238.769,240.580,36.9936,5.000,56160.8
239.268,240.781,37.0205,5.000,56151.9
239.269,240.981,37.0376,5.000,56146.2
239.768,241.181,37.0539,5.000,56140.9
239.769,241.379,37.0693,5.000,56135.8
239.769,241.580,37.0618,5.000,56138.2
240.268,241.780,37.0771,5.000,56133.2
240.269,241.980,37.0933,5.000,56127.9
240.269,242.180,37.0973,5.000,56126.5
240.768,242.379,37.1074,5.000,56123.2
240.769,242.580,37.1079,5.000,56123.0
241.268,242.780,37.1216,5.000,56118.5
241.269,242.980,37.1340,5.000,56114.4
241.269,243.180,37.1299,5.000,56115.7
241.768,243.379,37.1492,5.000,56109.3
241.769,243.580,37.1657,5.000,56103.9
242.268,243.780,37.1794,5.000,56099.4
242.268,243.979,37.1794,5.000,56099.3
242.268,244.180,37.1976,5.000,56093.4
242.768,244.380,37.1772,5.000,56100.1
242.769,244.579,37.1995,5.000,56092.7
243.268,244.779,37.1973,5.000,56093.4
243.269,244.980,37.2309,5.000,56082.3
243.269,245.180,37.2380,5.000,56079.9
243.768,245.378,37.2583,5.000,56073.2
243.769,245.579,37.2593,5.000,56072.9
244.268,245.779,37.2700,5.000,56069.3
244.269,245.979,37.2744,5.000,56067.8
244.269,246.179,37.2846,5.000,56064.5
244.768,246.378,37.3066,5.000,56057.1
244.769,246.579,37.2965,5.000,56060.5
245.268,246.778,37.3130,5.000,56055.1
245.268,246.978,37.3512,5.000,56042.3
245.268,247.180,37.3172,5.000,56053.6
245.768,247.379,37.3314,5.000,56048.9
245.769,247.578,37.3431,5.000,56045.0
246.268,247.778,37.3639,5.000,56038.1
246.269,247.979,37.3711,5.000,56035.7
246.269,248.179,37.3579,5.000,56040.1
246.768,248.378,37.3843,5.000,56031.3
246.769,248.579,37.4258,5.000,56017.5
247.268,248.779,37.4321,5.000,56015.4
247.268,248.979,37.4186,5.000,56019.9
247.268,249.179,37.4228,5.000,56018.5
247.768,249.377,37.4233,5.000,56018.3
247.769,249.578,37.4523,5.000,56008.7
248.268,249.777,37.4653,5.000,56004.4
248.268,249.977,37.4624,5.000,56005.3
248.268,250.179,37.4721,5.000,56002.1
248.767,250.378,37.4665,5.000,56003.9
248.768,250.577,37.5164,5.000,55987.3
249.268,250.777,37.5145,5.000,55987.9
249.269,250.978,37.4931,5.000,55995.1
249.269,251.178,37.5299,5.000,55982.8
249.768,251.377,37.5015,5.000,55992.3
249.769,251.578,37.5293,5.000,55982.9
250.268,251.778,37.5496,5.000,55976.2
250.269,251.977,37.5609,5.000,55972.4
250.269,252.178,37.5558,5.000,55974.1
250.768,252.377,37.5835,5.000,55964.9
250.768,252.578,37.5706,5.000,55969.2
251.268,252.777,37.6095,5.000,55956.1
251.269,252.977,37.6204,5.000,55952.5
251.269,253.179,37.6250,5.000,55951.0
251.768,253.377,37.6196,5.000,55952.8
251.769,253.576,37.6372,5.000,55946.9
252.267,253.776,37.6450,5.000,55944.3
252.268,253.977,37.6668,5.000,55937.0
252.268,254.177,37.6740,5.000,55934.6
252.768,254.376,37.6777,5.000,55933.3
252.769,254.577,37.6904,5.000,55929.0
253.267,254.777,37.6990,5.000,55926.2
253.267,254.976,37.7174,5.000,55920.0
253.267,255.177,37.7184,5.000,55919.7
253.768,255.377,37.7101,5.000,55922.5
253.769,255.577,37.7342,5.000,55914.4
254.268,255.776,37.7658,5.000,55903.8
254.268,255.976,37.8384,5.000,55879.4
254.268,256.179,37.7751,5.000,55900.6
254.768,256.376,37.7724,5.000,55901.6
254.769,256.577,37.7801,5.000,55899.0
255.268,256.778,37.7969,5.000,55893.4
255.268,256.978,37.7775,5.000,55899.8
255.269,257.178,37.8027,5.000,55891.4
255.767,257.377,37.8157,5.000,55887.0
255.767,257.578,37.8423,5.000,55878.1
256.268,257.778,37.8384,5.000,55879.4
256.269,257.977,37.8318,5.000,55881.6
256.269,258.178,37.8298,5.000,55882.3
256.768,258.377,37.8730,5.000,55867.7
256.769,258.578,37.8975,5.000,55859.5
257.268,258.777,37.8864,5.000,55863.2
257.269,258.977,37.8934,5.000,55860.9
257.269,259.179,37.9051,5.000,55856.9
257.768,259.377,37.9211,5.000,55851.6
257.769,259.577,37.9043,5.000,55857.2
258.268,259.777,37.9414,5.000,55844.8
258.269,259.978,37.9118,5.000,55854.7
258.269,260.178,37.9402,5.000,55845.1
258.768,260.377,37.9492,5.000,55842.1
258.769,260.578,37.9754,5.000,55833.3
259.268,260.778,37.9793,5.000,55831.9
259.269,260.977,37.9774,5.000,55832.6
259.269,261.178,37.9697,5.000,55835.2
259.768,261.377,37.9954,5.000,55826.5
259.769,261.578,38.0054,5.000,55823.1
260.268,261.777,38.0249,5.000,55816.6
260.268,261.977,38.0234,5.000,55817.1
260.268,262.180,38.0317,5.000,55814.3
260.768,262.377,38.0306,5.000,55814.6
260.769,262.578,38.0509,5.000,55807.7
261.267,262.778,38.0576,5.000,55805.5
261.267,262.979,38.0688,5.000,55801.7
261.267,263.179,38.0771,5.000,55798.9
261.768,263.378,38.0823,5.000,55797.2
261.769,263.579,38.1024,5.000,55790.4
262.269,263.779,38.0902,5.000,55794.5
262.269,263.978,38.1035,5.000,55790.0
262.269,264.179,38.0903,5.000,55794.5
262.768,264.378,38.1056,5.000,55789.2
262.769,264.579,38.1400,5.000,55777.7
263.268,264.779,38.1552,5.000,55772.5
263.268,264.978,38.1518,5.000,55773.7
263.268,265.179,38.1382,5.000,55778.2
263.768,265.378,38.1750,5.000,55765.8
263.769,265.579,38.1592,5.000,55771.1
264.268,265.778,38.1706,5.000,55767.3
264.269,265.978,38.1950,5.000,55759.0
264.269,266.180,38.1868,5.000,55761.8
264.768,266.378,38.2153,5.000,55752.1
264.769,266.578,38.2630,5.000,55736.0
265.268,266.779,38.2017,5.000,55756.7
265.269,266.979,38.2324,5.000,55746.4
265.269,267.179,38.2604,5.000,55736.8
265.768,267.378,38.2686,5.000,55734.0
265.768,267.579,38.2663,5.000,55734.8
266.268,267.778,38.2557,5.000,55738.4
266.269,267.978,38.2663,5.000,55734.8
266.269,268.181,38.2686,5.000,55734.0
266.768,268.378,38.3178,5.000,55717.3
266.769,268.579,38.2902,5.000,55726.7
267.268,268.779,38.3057,5.000,55721.4
267.269,268.980,38.3294,5.000,55713.4
267.269,269.180,38.3384,5.000,55710.4
267.768,269.379,38.3511,5.000,55706.0
267.769,269.580,38.3467,5.000,55707.5
268.268,269.780,38.3735,5.000,55698.3
268.268,269.979,38.3727,5.000,55698.7
268.269,270.180,38.3823,5.000,55695.4
268.768,270.379,38.3672,5.000,55700.5
268.768,270.580,38.3921,5.000,55692.1
269.268,270.780,38.4049,5.000,55687.7
269.269,270.979,38.3937,5.000,55691.5
269.269,271.180,38.4341,5.000,55677.8
269.768,271.379,38.4357,5.000,55677.2
269.768,271.580,38.4370,5.000,55676.8
270.266,271.779,38.4541,5.000,55671.0
270.267,271.979,38.4678,5.000,55666.3
270.769,272.180,38.4692,5.000,55665.8
270.769,272.380,38.4782,5.000,55662.8
270.769,272.579,38.4912,5.000,55658.3
271.268,272.779,38.5039,5.000,55654.0
271.269,272.980,38.5078,5.000,55652.6
271.269,273.180,38.5159,5.000,55649.8
271.768,273.379,38.5560,5.000,55636.2
271.769,273.580,38.5249,5.000,55646.8
272.268,273.780,38.5169,5.000,55649.5
272.268,273.979,38.5517,5.000,55637.6
272.269,274.180,38.5913,5.000,55624.1
272.768,274.379,38.5451,5.000,55639.9
272.769,274.581,38.5837,5.000,55626.7
273.268,274.780,38.5758,5.000,55629.4
273.268,274.979,38.6196,5.000,55614.4
273.768,275.182,38.5856,5.000,55626.1
273.769,275.381,38.5978,5.000,55621.9
273.769,275.580,38.6126,5.000,55616.8
274.268,275.780,38.6204,5.000,55614.1
274.269,275.981,38.6253,5.000,55612.5
274.768,276.181,38.6377,5.000,55608.2
274.769,276.380,38.6460,5.000,55605.4
274.769,276.581,38.6556,5.000,55602.1
275.268,276.781,38.6530,5.000,55603.0
275.269,276.980,38.6711,5.000,55596.8
275.768,277.181,38.6621,5.000,55599.9
275.769,277.380,38.6819,5.000,55593.1
275.769,277.581,38.6823,5.000,55593.0
276.268,277.780,38.6928,5.000,55589.3
276.269,277.980,38.7604,5.000,55566.2
276.768,278.182,38.7339,5.000,55575.2
276.769,278.380,38.7173,5.000,55581.0
276.769,278.580,38.7360,5.000,55574.6
277.268,278.780,38.7316,5.000,55576.0
277.269,278.981,38.7339,5.000,55575.3
277.768,279.181,38.7653,5.000,55564.5
277.769,279.380,38.7651,5.000,55564.6
277.769,279.581,38.7812,5.000,55559.0
278.268,279.781,38.7822,5.000,55558.7
278.269,279.980,38.7951,5.000,55554.2
278.768,280.181,38.7747,5.000,55561.2
278.769,280.380,38.7913,5.000,55555.6
278.769,280.581,38.8224,5.000,55544.9
279.268,280.781,38.8235,5.000,55544.5
279.269,280.980,38.8330,5.000,55541.2
279.768,281.182,38.8582,5.000,55532.6
279.769,281.382,38.8633,5.000,55530.8
279.769,281.581,38.8646,5.000,55530.4
280.268,281.782,38.8483,5.000,55536.0
280.269,281.981,38.8742,5.000,55527.1
280.768,282.182,38.8846,5.000,55523.5
280.768,282.382,38.8987,5.000,55518.7
280.768,282.582,38.8968,5.000,55519.3
281.267,282.781,38.8890,5.000,55522.0
281.268,282.981,38.9062,5.000,55516.0
281.768,283.182,38.9279,5.000,55508.6
281.769,283.383,38.9183,5.000,55511.9
281.769,283.581,38.9658,5.000,55495.6
282.268,283.781,38.9305,5.000,55507.7
282.269,283.982,38.9438,5.000,55503.1
282.767,284.182,38.9507,5.000,55500.8
282.767,284.382,38.9819,5.000,55490.0
282.767,284.582,38.9845,5.000,55489.1
283.268,284.782,38.9925,5.000,55486.3
283.269,284.981,39.0023,5.000,55483.0
283.768,285.182,39.0029,5.000,55482.7
283.769,285.382,38.9787,5.000,55491.1
283.769,285.582,39.0166,5.000,55478.0
284.268,285.781,39.0117,5.000,55479.7
284.268,285.981,39.0215,5.000,55476.3
284.768,286.182,39.0340,5.000,55472.0
284.769,286.383,39.0312,5.000,55473.0
284.769,286.581,39.0566,5.000,55464.2
285.268,286.782,39.0540,5.000,55465.1
285.269,286.982,39.0602,5.000,55463.0
285.767,287.182,39.0651,5.000,55461.3
285.767,287.383,39.0900,5.000,55452.6
285.767,287.583,39.0820,5.000,55455.5
286.268,287.783,39.1076,5.000,55446.6
286.269,287.982,39.1027,5.000,55448.2
286.767,288.182,39.1341,5.000,55437.4
286.767,288.383,39.1632,5.000,55427.3
286.767,288.583,39.1486,5.000,55432.4
287.268,288.782,39.1387,5.000,55435.8
287.268,288.982,39.1626,5.000,55427.5
287.768,289.183,39.1764,5.000,55422.7
287.769,289.384,39.1631,5.000,55427.4
287.769,289.582,39.1842,5.000,55420.1
288.268,289.782,39.1898,5.000,55418.1
288.269,289.983,39.2026,5.000,55413.6
288.768,290.182,39.2023,5.000,55413.8
288.769,290.383,39.2244,5.000,55406.1
288.769,290.583,39.2090,5.000,55411.5
289.268,290.783,39.2104,5.000,55410.9
289.269,290.982,39.2437,5.000,55399.4
289.767,291.182,39.2552,5.000,55395.4
289.767,291.383,39.2565,5.000,55395.0
289.767,291.583,39.2607,5.000,55393.5
290.268,291.782,39.2721,5.000,55389.6
290.269,291.982,39.2681,5.000,55391.0
290.767,292.183,39.2723,5.000,55389.6
290.768,292.384,39.2825,5.000,55386.0
290.768,292.582,39.3055,5.000,55378.0
291.268,292.783,39.2858,5.000,55384.8
291.268,292.983,39.3113,5.000,55375.9
291.768,293.183,39.3278,5.000,55370.2
291.769,293.384,39.3205,5.000,55372.8
291.769,293.583,39.3262,5.000,55370.8
292.268,293.784,39.3470,5.000,55363.6
292.269,293.983,39.3262,5.000,55370.8
292.768,294.183,39.3641,5.000,55357.6
292.769,294.384,39.4199,5.000,55338.2
292.769,294.584,39.3579,5.000,55359.8
293.268,294.783,39.3786,5.000,55352.6
293.268,294.983,39.3932,5.000,55347.5
293.768,295.184,39.3805,5.000,55351.9
293.769,295.384,39.4035,5.000,55343.9
293.769,295.583,39.4168,5.000,55339.3
294.268,295.783,39.4209,5.000,55337.9
294.268,295.984,39.4001,5.000,55345.1
294.768,296.183,39.4567,5.000,55325.4
294.769,296.384,39.4294,5.000,55334.9
294.769,296.584,39.4548,5.000,55326.1
295.268,296.784,39.4684,5.000,55321.3
295.269,296.983,39.4544,5.000,55326.2
295.768,297.183,39.4663,5.000,55322.0
295.769,297.384,39.4785,5.000,55317.8
295.769,297.584,39.4849,5.000,55315.6
296.268,297.783,39.4800,5.000,55317.3
296.269,297.983,39.4797,5.000,55317.4
296.768,298.184,39.5005,5.000,55310.2
296.769,298.384,39.5252,5.000,55301.5
296.769,298.583,39.5265,5.000,55301.1
297.268,298.783,39.5231,5.000,55302.2
297.269,298.984,39.5449,5.000,55294.6
297.768,299.184,39.5545,5.000,55291.3
297.769,299.385,39.5488,5.000,55293.3
297.769,299.585,39.5534,5.000,55291.6
298.267,299.785,39.5667,5.000,55287.1
298.267,299.984,39.6211,5.000,55268.0
298.767,300.184,39.5508,5.000,55292.6
298.768,300.385,39.5732,5.000,55284.8
298.768,300.585,39.6024,5.000,55274.6
299.268,300.784,39.5724,5.000,55285.0
299.269,300.984,39.6201,5.000,55268.4
299.768,301.185,39.6172,5.000,55269.4
299.769,301.386,39.6418,5.000,55260.8
299.769,301.584,39.6377,5.000,55262.3
300.268,301.784,39.6545,5.000,55256.4
300.269,301.985,39.6343,5.000,55263.4
300.768,302.184,39.6660,5.000,55252.4
300.768,302.385,39.6504,5.000,55257.8
300.769,302.585,39.6714,5.000,55250.4
301.268,302.785,39.6868,5.000,55245.1
301.269,302.984,39.7026,5.000,55239.5
301.768,303.184,39.7072,5.000,55237.9
301.769,303.385,39.6914,5.000,55243.4
301.769,303.585,39.7080,5.000,55237.6
302.268,303.784,39.7386,5.000,55226.9
302.269,303.984,39.7246,5.000,55231.8
302.768,304.185,39.6792,5.000,55247.8
302.768,304.386,39.7339,5.000,55228.6
302.768,304.584,39.7520,5.000,55222.2
303.268,304.784,39.8076,5.000,55202.7
303.269,304.985,39.7804,5.000,55212.2
303.766,305.184,39.7962,5.000,55206.7
303.767,305.386,39.7703,5.000,55215.8
303.767,305.585,39.7882,5.000,55209.5
304.268,305.786,39.7676,5.000,55216.7
304.269,305.985,39.8071,5.000,55202.8
304.768,306.185,39.8201,5.000,55198.3
304.769,306.386,39.8130,5.000,55200.8
304.769,306.586,39.8154,5.000,55200.0
305.268,306.785,39.8266,5.000,55196.0
305.269,306.985,39.8301,5.000,55194.8
305.768,307.186,39.8310,5.000,55194.5
305.769,307.387,39.8450,5.000,55189.6
305.769,307.585,39.8213,5.000,55197.8
306.268,307.785,39.8809,5.000,55177.0
306.269,307.986,39.8848,5.000,55175.6
306.768,308.185,39.8480,5.000,55188.5
306.769,308.386,39.8997,5.000,55170.4
306.769,308.586,39.8848,5.000,55175.6
307.268,308.786,39.9035,5.000,55169.0
307.269,308.985,39.8838,5.000,55176.0
307.768,309.185,39.9240,5.000,55161.8
307.769,309.386,39.9339,5.000,55158.3
307.769,309.586,39.9250,5.000,55161.5
308.268,309.785,39.9554,5.000,55150.7
308.268,309.985,39.9473,5.000,55153.6
308.768,310.186,39.9453,5.000,55154.3
308.769,310.386,39.9417,5.000,55155.6
308.769,310.585,39.9759,5.000,55143.5
309.268,310.786,39.9731,5.000,55144.5
309.269,310.986,39.9931,5.000,55137.5
309.768,311.185,39.9946,5.000,55136.9
309.769,311.387,40.0002,5.000,55135.0
309.769,311.586,40.0146,5.000,55129.9
310.268,311.786,39.9948,5.000,55136.8
310.269,311.986,40.0231,5.000,55126.8
310.768,312.187,40.0301,5.000,55124.4
310.769,312.387,40.0422,5.000,55120.2
310.769,312.586,40.0146,5.000,55129.9
311.268,312.786,40.0594,5.000,55114.1
311.269,312.987,40.0342,5.000,55122.9
311.768,313.186,40.0752,5.000,55108.5
311.769,313.387,40.0700,5.000,55110.3
311.769,313.587,40.0805,5.000,55106.6
312.268,313.787,40.0327,5.000,55123.5
312.268,313.986,40.0641,5.000,55112.4
312.768,314.186,40.1019,5.000,55099.1
312.769,314.387,40.0967,5.000,55100.9
312.769,314.587,40.1160,5.000,55094.1
313.268,314.786,40.0913,5.000,55102.8
313.268,314.986,40.1054,5.000,55097.8
313.768,315.187,40.1274,5.000,55090.0
313.769,315.388,40.1343,5.000,55087.6
313.769,315.586,40.1421,5.000,55084.9
314.267,315.786,40.1310,5.000,55088.8
314.268,315.987,40.1422,5.000,55084.8
314.768,316.186,40.1572,5.000,55079.5
314.768,316.387,40.1776,5.000,55072.3
314.769,316.587,40.1566,5.000,55079.7
315.268,316.786,40.1828,5.000,55070.5
315.269,316.986,40.2031,5.000,55063.3
315.768,317.187,40.1982,5.000,55065.0
315.769,317.389,40.1982,5.000,55065.1
315.769,317.586,40.1797,5.000,55071.5
316.267,317.787,40.2148,5.000,55059.2
316.267,317.988,40.2188,5.000,55057.7
316.768,318.187,40.2034,5.000,55063.2
316.768,318.388,40.2388,5.000,55050.6
316.769,318.588,40.2345,5.000,55052.2
317.266,318.788,40.2251,5.000,55055.6
317.267,318.987,40.2586,5.000,55043.6
317.768,319.187,40.2757,5.000,55037.6
317.769,319.388,40.2609,5.000,55042.8
317.769,319.588,40.2555,5.000,55044.7
318.268,319.787,40.2816,5.000,55035.5
318.269,319.987,40.2676,5.000,55040.5
318.768,320.188,40.2765,5.000,55037.3
318.768,320.388,40.3006,5.000,55028.7
318.769,320.587,40.2891,5.000,55032.8
319.267,320.788,40.3128,5.000,55024.4
319.267,320.988,40.3057,5.000,55026.9
319.768,321.187,40.3335,5.000,55017.1
319.768,321.388,40.3318,5.000,55017.6
319.769,321.588,40.3275,5.000,55019.2
320.268,321.787,40.3221,5.000,55021.1
320.269,321.987,40.3364,5.000,55016.1
320.768,322.188,40.3411,5.000,55014.4
320.769,322.389,40.3599,5.000,55007.7
320.769,322.587,40.4481,5.000,54976.4
321.268,322.787,40.3726,5.000,55003.2
321.269,322.988,40.3636,5.000,55006.4
321.768,323.187,40.3996,5.000,54993.6
321.768,323.388,40.3830,5.000,54999.5
321.768,323.588,40.3808,5.000,55000.3
322.268,323.789,40.4114,5.000,54989.4
322.268,323.988,40.4038,5.000,54992.1
322.768,324.188,40.4442,5.000,54977.7
322.768,324.389,40.3963,5.000,54994.8
322.769,324.589,40.4129,5.000,54988.9
323.268,324.788,40.4357,5.000,54980.7
323.269,324.988,40.4367,5.000,54980.4
323.768,325.189,40.4437,5.000,54977.9
323.769,325.390,40.4648,5.000,54970.4
323.769,325.588,40.4720,5.000,54967.8
324.267,325.788,40.4772,5.000,54966.0
324.267,325.989,40.4889,5.000,54961.8
324.768,326.188,40.4878,5.000,54962.2
324.768,326.389,40.4829,5.000,54964.0
324.768,326.589,40.4810,5.000,54964.6
325.268,326.789,40.5106,5.000,54954.1
325.268,326.988,40.5273,5.000,54948.2
325.768,327.188,40.5293,5.000,54947.4
325.769,327.390,40.5065,5.000,54955.5
325.769,327.589,40.5335,5.000,54946.0
326.268,327.788,40.5257,5.000,54948.7
326.269,327.988,40.5537,5.000,54938.7
326.768,328.189,40.5542,5.000,54938.6
326.768,328.389,40.5708,5.000,54932.7
326.768,328.588,40.5703,5.000,54932.8
327.268,328.788,40.5562,5.000,54937.9
327.269,328.989,40.5796,5.000,54929.6
327.768,329.188,40.5898,5.000,54925.8
327.769,329.389,40.5921,5.000,54925.0
327.769,329.589,40.6255,5.000,54913.1
328.268,329.788,40.5970,5.000,54923.3
328.269,329.989,40.6224,5.000,54914.2
328.767,330.190,40.6134,5.000,54917.4
328.767,330.390,40.6199,5.000,54915.1
328.767,330.589,40.6424,5.000,54907.1
329.268,330.789,40.6382,5.000,54908.6
329.268,330.990,40.6340,5.000,54910.1
329.768,331.190,40.6535,5.000,54903.1
329.769,331.390,40.6663,5.000,54898.5
329.769,331.589,40.6611,5.000,54900.4
330.268,331.790,40.6795,5.000,54893.8
330.268,331.990,40.6645,5.000,54899.2
330.768,332.189,40.6963,5.000,54887.8
330.769,332.390,40.6834,5.000,54892.5
330.769,332.590,40.7015,5.000,54886.0
331.266,332.789,40.7183,5.000,54880.0
331.267,332.989,40.7112,5.000,54882.5
331.768,333.190,40.7259,5.000,54877.2
331.769,333.390,40.7178,5.000,54880.2
331.769,333.589,40.7220,5.000,54878.6
332.268,333.790,40.7417,5.000,54871.6
332.268,333.990,40.7388,5.000,54872.6
332.768,334.189,40.7500,5.000,54868.6
332.769,334.390,40.7961,5.000,54852.1
332.769,334.590,40.7594,5.000,54865.3
333.267,334.789,40.7642,5.000,54863.6
333.267,334.989,40.8156,5.000,54845.1
333.768,335.190,40.7817,5.000,54857.2
333.768,335.390,40.7659,5.000,54862.9
333.769,335.589,40.7824,5.000,54857.0
334.268,335.790,40.8086,5.000,54847.6
334.268,335.991,40.7679,5.000,54862.2
334.768,336.189,40.8260,5.000,54841.4
334.768,336.391,40.8797,5.000,54822.1
334.768,336.591,40.8327,5.000,54839.0
335.268,336.791,40.8102,5.000,54847.1
335.269,336.990,40.8325,5.000,54839.1
335.768,337.190,40.8494,5.000,54833.0
335.769,337.391,40.8900,5.000,54818.5
335.769,337.591,40.8670,5.000,54826.7
336.268,337.790,40.8646,5.000,54827.6
336.269,337.990,40.8574,5.000,54830.1
336.768,338.191,40.8618,5.000,54828.6
336.769,338.391,40.8830,5.000,54820.9
336.769,338.591,40.8976,5.000,54815.7
337.268,338.790,40.8843,5.000,54820.5
337.269,338.991,40.8524,5.000,54831.9
337.768,339.190,40.8965,5.000,54816.1
337.769,339.391,40.9146,5.000,54809.6
337.769,339.591,40.8963,5.000,54816.2
338.268,339.791,40.9079,5.000,54812.0
338.268,339.990,40.9209,5.000,54807.4
338.767,340.190,40.9904,5.000,54782.4
338.767,340.391,40.9236,5.000,54806.3
338.767,340.591,40.9342,5.000,54802.5
339.268,340.790,40.9538,5.000,54795.5
339.268,340.990,40.9360,5.000,54801.9
339.768,341.191,40.9769,5.000,54787.2
339.769,341.391,40.9624,5.000,54792.4
339.769,341.591,40.9575,5.000,54794.2
340.268,341.791,40.9722,5.000,54788.9
340.269,341.992,40.9681,5.000,54790.4
340.768,342.190,40.9886,5.000,54783.0
340.769,342.391,41.0015,5.000,54778.4
340.769,342.593,41.0090,5.000,54775.6
341.268,342.791,41.0000,5.000,54778.9
341.269,342.991,41.0166,5.000,54772.9
341.768,343.192,41.0027,5.000,54777.9
341.769,343.392,41.0309,5.000,54767.7
341.769,343.592,41.0335,5.000,54766.8
342.268,343.791,41.0470,5.000,54761.9
342.269,343.992,41.0330,5.000,54767.0
342.768,344.191,41.0814,5.000,54749.6
342.769,344.391,41.0446,5.000,54762.8
342.769,344.593,41.0516,5.000,54760.4
343.268,344.791,41.0524,5.000,54760.0
343.269,344.991,41.0635,5.000,54756.0
343.768,345.192,41.0724,5.000,54752.8
343.769,345.392,41.0710,5.000,54753.3
343.769,345.592,41.0920,5.000,54745.8
344.268,345.791,41.0864,5.000,54747.8
344.268,345.992,41.1155,5.000,54737.3
344.768,346.191,41.0996,5.000,54743.0
344.768,346.391,41.0876,5.000,54747.4
344.769,346.593,41.1326,5.000,54731.1
345.268,346.792,41.1662,5.000,54719.0
345.269,346.991,41.1395,5.000,54728.6
345.768,347.191,41.1325,5.000,54731.1
345.769,347.392,41.1269,5.000,54733.2
345.769,347.593,41.1411,5.000,54728.1
346.268,347.792,41.1372,5.000,54729.4
346.269,347.991,41.1608,5.000,54720.9
346.768,348.191,41.1689,5.000,54718.0
346.769,348.393,41.1782,5.000,54714.6
346.769,348.594,41.1723,5.000,54716.8
347.268,348.791,41.2068,5.000,54704.3
347.269,348.992,41.1958,5.000,54708.2
347.768,349.193,41.1982,5.000,54707.4
347.769,349.393,41.2109,5.000,54702.8
347.769,349.593,41.1912,5.000,54710.0
348.268,349.792,41.2119,5.000,54702.5
348.269,349.993,41.2130,5.000,54702.1
348.768,350.192,41.2274,5.000,54696.8
348.769,350.392,41.2220,5.000,54698.8
348.769,350.594,41.2749,5.000,54679.7
349.268,350.793,41.2147,5.000,54701.5
349.269,350.992,41.2373,5.000,54693.3
349.766,351.192,41.2432,5.000,54691.2
349.766,351.393,41.2363,5.000,54693.7
349.766,351.594,41.2822,5.000,54677.0
350.268,351.792,41.2744,5.000,54679.9
350.269,351.992,41.2565,5.000,54686.4
350.768,352.193,41.2505,5.000,54688.5
350.769,352.392,41.2802,5.000,54677.8
350.769,352.593,41.2778,5.000,54678.6
351.268,352.793,41.2954,5.000,54672.3
351.269,352.993,41.2908,5.000,54673.9
351.768,353.192,41.3206,5.000,54663.2
351.769,353.392,41.2990,5.000,54671.0
351.769,353.594,41.3188,5.000,54663.8
352.268,353.792,41.3682,5.000,54645.9
352.269,353.992,41.3288,5.000,54660.2
352.768,354.193,41.3281,5.000,54660.4
352.769,354.392,41.3535,5.000,54651.2
352.769,354.594,41.3623,5.000,54648.0
353.268,354.792,41.3506,5.000,54652.3
353.269,354.994,41.3823,5.000,54640.8
353.768,355.193,41.4067,5.000,54631.8
353.768,355.393,41.4674,5.000,54609.9
353.768,355.595,41.3898,5.000,54638.1
354.268,355.793,41.3803,5.000,54641.5
354.269,355.993,41.3986,5.000,54634.9
354.768,356.193,41.3934,5.000,54636.7
354.768,356.394,41.4110,5.000,54630.4
354.769,356.595,41.4438,5.000,54618.5
355.268,356.793,41.4064,5.000,54632.0
355.269,356.993,41.4116,5.000,54630.1
355.768,357.193,41.4450,5.000,54618.0
355.769,357.394,41.4567,5.000,54613.8
355.769,357.594,41.4504,5.000,54616.1
356.268,357.793,41.4445,5.000,54618.2
356.269,357.994,41.4474,5.000,54617.1
356.768,358.193,41.4683,5.000,54609.6
356.769,358.393,41.4733,5.000,54607.7
356.769,358.595,41.4744,5.000,54607.3
357.268,358.793,41.4714,5.000,54608.4
357.269,358.993,41.4736,5.000,54607.6
357.768,359.194,41.5016,5.000,54597.4
357.769,359.393,41.5000,5.000,54598.1
357.769,359.594,41.5018,5.000,54597.4
358.268,359.793,41.5382,5.000,54584.1
358.268,359.994,41.5115,5.000,54593.8
358.768,360.193,41.5269,5.000,54588.2
358.769,360.393,41.5239,5.000,54589.4
358.769,360.596,41.5197,5.000,54590.9
359.267,360.793,41.5503,5.000,54579.7
359.267,360.994,41.5542,5.000,54578.4
359.768,361.195,41.5498,5.000,54579.9
359.769,361.395,41.5649,5.000,54574.4
359.769,361.595,41.5612,5.000,54575.8
360.268,361.794,41.5722,5.000,54571.8
360.269,361.995,41.5586,5.000,54576.7
360.768,362.194,41.5719,5.000,54571.9
360.769,362.394,41.5786,5.000,54569.4
360.769,362.596,41.5639,5.000,54574.8
361.268,362.794,41.5975,5.000,54562.6
361.269,362.994,41.5822,5.000,54568.1
361.768,363.195,41.6072,5.000,54559.0
361.769,363.395,41.6904,5.000,54528.6
361.769,363.595,41.6010,5.000,54561.3
362.268,363.794,41.6019,5.000,54561.0
362.269,363.995,41.6411,5.000,54546.6
362.768,364.194,41.6348,5.000,54549.0
362.769,364.394,41.6245,5.000,54552.8
362.769,364.596,41.6302,5.000,54550.6
363.268,364.795,41.6504,5.000,54543.3
363.269,364.994,41.6670,5.000,54537.2
363.768,365.194,41.6554,5.000,54541.4
363.768,365.395,41.6753,5.000,54534.1
363.768,365.596,41.6826,5.000,54531.6
364.268,365.794,41.6798,5.000,54532.6
364.269,365.994,41.6715,5.000,54535.6
364.768,366.195,41.6844,5.000,54530.9
364.769,366.394,41.6968,5.000,54526.4
364.769,366.596,41.7044,5.000,54523.6
365.268,366.795,41.7129,5.000,54520.5
365.269,366.996,41.7546,5.000,54505.2
365.768,367.195,41.7153,5.000,54519.6
365.769,367.395,41.7251,5.000,54516.1
365.769,367.597,41.7270,5.000,54515.3
366.268,367.795,41.7233,5.000,54516.7
366.269,367.995,41.7217,5.000,54517.3
366.768,368.196,41.7514,5.000,54506.4
366.769,368.395,41.7340,5.000,54512.7
366.769,368.596,41.7681,5.000,54500.3
367.267,368.795,41.7808,5.000,54495.7
367.268,368.996,41.7775,5.000,54496.8
367.768,369.195,41.7852,5.000,54494.1
367.769,369.395,41.7871,5.000,54493.4
367.769,369.597,41.8006,5.000,54488.4
368.268,369.795,41.8006,5.000,54488.4
368.269,369.995,41.7918,5.000,54491.6
368.768,370.195,41.8177,5.000,54482.2
368.769,370.396,41.8143,5.000,54483.4
368.769,370.597,41.8120,5.000,54484.2
369.268,370.795,41.8242,5.000,54479.8
369.269,370.995,41.8293,5.000,54477.9
369.768,371.195,41.8467,5.000,54471.6
369.768,371.396,41.8496,5.000,54470.5
369.768,371.597,41.8506,5.000,54470.1
370.268,371.795,41.8540,5.000,54468.9
370.269,371.995,41.8613,5.000,54466.2
370.768,372.196,41.8512,5.000,54469.9
370.769,372.396,41.8362,5.000,54475.4
370.769,372.596,41.8787,5.000,54459.8
371.268,372.795,41.8784,5.000,54459.9
371.268,372.997,41.8874,5.000,54456.7
371.768,373.196,41.8760,5.000,54460.9
371.769,373.396,41.9036,5.000,54450.7
371.769,373.598,41.8979,5.000,54452.8
372.268,373.796,41.9123,5.000,54447.6
372.268,373.996,41.9228,5.000,54443.7
372.768,374.196,41.9134,5.000,54447.1
372.769,374.397,41.9256,5.000,54442.7
372.769,374.598,41.9292,5.000,54441.3
373.268,374.796,41.9411,5.000,54437.0
373.268,374.996,41.9287,5.000,54441.5
373.768,375.197,41.9350,5.000,54439.2
373.769,375.396,41.9608,5.000,54429.8
373.769,375.597,41.9591,5.000,54430.3
374.268,375.797,41.9714,5.000,54425.9
374.269,375.996,41.9232,5.000,54443.6
374.768,376.196,41.9780,5.000,54423.4
374.769,376.396,41.9770,5.000,54423.7
374.769,376.598,41.9985,5.000,54415.9
375.267,376.796,42.0020,5.000,54414.6
375.267,376.996,42.0016,5.000,54414.7
375.768,377.197,42.0387,5.000,54401.1
375.769,377.396,42.0039,5.000,54413.9
375.769,377.597,42.0456,5.000,54398.6
376.268,377.796,42.0154,5.000,54409.7
376.269,377.997,42.0256,5.000,54406.0
376.768,378.196,42.0345,5.000,54402.7
376.769,378.396,42.0180,5.000,54408.7
376.769,378.598,42.0373,5.000,54401.6
377.268,378.797,42.0429,5.000,54399.6
377.269,378.996,42.0685,5.000,54390.2
377.768,379.197,42.0714,5.000,54389.1
377.769,379.398,42.0918,5.000,54381.7
377.769,379.599,42.0833,5.000,54384.7
378.268,379.797,42.0838,5.000,54384.6
378.269,379.997,42.0613,5.000,54392.8
378.768,380.198,42.1011,5.000,54378.2
378.769,380.397,42.0884,5.000,54382.9
378.769,380.598,42.1051,5.000,54376.7
379.268,380.797,42.1193,5.000,54371.5
379.269,380.998,42.1211,5.000,54370.8
379.768,381.197,42.1198,5.000,54371.3
379.769,381.397,42.1294,5.000,54367.7
379.769,381.599,42.1398,5.000,54363.9
380.266,381.797,42.1317,5.000,54366.9
380.267,381.997,42.1413,5.000,54363.4
380.767,382.198,42.1631,5.000,54355.4
380.767,382.398,42.1587,5.000,54357.0
380.767,382.598,42.1719,5.000,54352.2
381.268,382.797,42.1610,5.000,54356.2
381.269,382.998,42.1810,5.000,54348.8
381.768,383.197,42.1831,5.000,54348.0
381.769,383.397,42.1985,5.000,54342.3
381.769,383.599,42.1953,5.000,54343.5
382.268,383.797,42.2012,5.000,54341.3
382.268,383.997,42.1882,5.000,54346.1
382.768,384.197,42.2075,5.000,54339.0
382.769,384.398,42.2087,5.000,54338.6
382.769,384.599,42.2129,5.000,54337.0
383.268,384.797,42.2147,5.000,54336.4
383.269,384.997,42.1924,5.000,54344.6
383.768,385.199,42.2404,5.000,54326.8
383.768,385.397,42.2399,5.000,54327.0
383.769,385.599,42.2547,5.000,54321.6
384.268,385.799,42.2669,5.000,54317.1
384.269,385.998,42.2929,5.000,54307.5
384.768,386.198,42.2606,5.000,54319.4
384.769,386.398,42.2474,5.000,54324.3
384.769,386.599,42.2607,5.000,54319.4
385.268,386.799,42.2834,5.000,54311.0
385.269,386.998,42.2762,5.000,54313.7
385.767,387.199,42.2939,5.000,54307.1
385.767,387.399,42.2952,5.000,54306.6
385.767,387.599,42.3120,5.000,54300.4
386.268,387.799,42.2928,5.000,54307.5
386.269,387.999,42.3188,5.000,54297.9
386.768,388.198,42.3229,5.000,54296.4
386.769,388.398,42.3258,5.000,54295.3
386.769,388.599,42.3097,5.000,54301.3
387.268,388.799,42.3242,5.000,54296.0
387.269,388.998,42.3379,5.000,54290.8
387.768,389.198,42.3301,5.000,54293.8
387.769,389.399,42.3330,5.000,54292.7
387.769,389.599,42.3528,5.000,54285.4
388.266,389.799,42.3428,5.000,54289.0
388.267,389.998,42.3457,5.000,54288.0
388.767,390.199,42.3792,5.000,54275.6
388.767,390.398,42.3555,5.000,54284.3
388.767,390.599,42.3704,5.000,54278.8
389.268,390.799,42.3770,5.000,54276.4
389.269,390.999,42.3685,5.000,54279.5
389.768,391.199,42.3815,5.000,54274.7
389.769,391.398,42.4093,5.000,54264.4
389.769,391.600,42.4326,5.000,54255.8
390.268,391.801,42.4108,5.000,54263.9
390.269,391.999,42.4106,5.000,54263.9
390.769,392.199,42.3838,5.000,54273.9
390.770,392.400,42.4300,5.000,54256.8
390.770,392.600,42.4126,5.000,54263.2
391.268,392.800,42.4136,5.000,54262.9
391.269,392.999,42.4315,5.000,54256.2
391.768,393.200,42.4380,5.000,54253.8
391.768,393.400,42.4373,5.000,54254.0
391.769,393.599,42.4624,5.000,54244.8
392.268,393.800,42.4594,5.000,54245.9
392.269,394.000,42.4481,5.000,54250.1
392.768,394.199,42.4582,5.000,54246.4
392.769,394.399,42.4655,5.000,54243.6
392.769,394.600,42.4678,5.000,54242.8
393.268,394.801,42.4746,5.000,54240.2
393.269,394.999,42.4743,5.000,54240.4
393.767,395.199,42.4849,5.000,54236.4
393.768,395.400,42.4873,5.000,54235.5
393.768,395.600,42.5117,5.000,54226.5
394.268,395.800,42.4907,5.000,54234.2
394.268,395.999,42.5215,5.000,54222.9
394.766,396.200,42.5080,5.000,54227.9
394.767,396.399,42.5229,5.000,54222.4
394.767,396.599,42.5381,5.000,54216.8
395.268,396.801,42.5296,5.000,54219.8
395.269,396.999,42.5264,5.000,54221.0
395.768,397.199,42.5368,5.000,54217.2
395.769,397.399,42.5249,5.000,54221.6
395.769,397.601,42.5356,5.000,54217.6
396.268,397.801,42.5456,5.000,54213.9
396.269,397.999,42.5469,5.000,54213.4
396.768,398.200,42.5537,5.000,54210.9
396.768,398.401,42.5496,5.000,54212.5
396.769,398.600,42.5639,5.000,54207.1
397.268,398.801,42.5754,5.000,54202.9
397.268,399.001,42.5569,5.000,54209.7
397.768,399.200,42.5895,5.000,54197.6
397.769,399.400,42.5754,5.000,54202.9
397.769,399.601,42.5911,5.000,54197.0
398.268,399.802,42.6216,5.000,54185.7
398.269,400.000,42.6068,5.000,54191.2
398.768,400.200,42.5957,5.000,54195.3
398.769,400.401,42.6167,5.000,54187.5
398.769,400.601,42.6194,5.000,54186.5
399.268,400.801,42.6507,5.000,54174.9
399.269,401.000,42.6193,5.000,54186.5
399.768,401.200,42.6118,5.000,54189.4
399.769,401.401,42.6276,5.000,54183.5
399.769,401.600,42.6318,5.000,54181.9
400.268,401.801,42.6509,5.000,54174.8
400.268,402.001,42.6333,5.000,54181.4
400.768,402.200,42.6465,5.000,54176.5
400.769,402.400,42.6907,5.000,54160.0
400.769,402.601,42.6624,5.000,54170.5
401.268,402.802,42.6776,5.000,54164.9
401.269,403.000,42.6798,5.000,54164.0
401.768,403.200,42.6823,5.000,54163.1
401.769,403.401,42.6846,5.000,54162.2
401.769,403.601,42.6751,5.000,54165.8
402.268,403.802,42.7051,5.000,54154.7
402.269,404.000,42.7012,5.000,54156.1
402.768,404.202,42.7603,5.000,54134.1
402.769,404.402,42.6935,5.000,54158.9
402.769,404.601,42.6985,5.000,54157.1
403.268,404.802,42.7033,5.000,54155.3
403.268,405.002,42.7277,5.000,54146.2
403.768,405.201,42.6989,5.000,54156.9
403.768,405.401,42.7672,5.000,54131.4
403.768,405.601,42.7523,5.000,54137.1
404.268,405.803,42.7552,5.000,54136.0
404.269,406.001,42.7534,5.000,54136.6
404.768,406.201,42.7428,5.000,54140.6
404.769,406.402,42.7742,5.000,54128.9
404.769,406.602,42.7891,5.000,54123.3
405.268,406.802,42.7433,5.000,54140.4
405.269,407.001,42.7808,5.000,54126.4
405.768,407.202,42.7661,5.000,54131.8
405.769,407.402,42.7684,5.000,54131.0
405.769,407.601,42.8027,5.000,54118.2
406.268,407.802,42.8101,5.000,54115.5
406.269,408.002,42.8008,5.000,54118.9
406.768,408.201,42.8109,5.000,54115.2
406.769,408.401,42.8097,5.000,54115.6
406.769,408.602,42.8133,5.000,54114.3
407.268,408.803,42.8169,5.000,54112.9
407.269,409.001,42.8219,5.000,54111.0
407.768,409.201,42.8528,5.000,54099.5
407.769,409.402,42.8340,5.000,54106.6
407.769,409.602,42.8387,5.000,54104.8
408.268,409.803,42.8452,5.000,54102.4
408.269,410.001,42.8258,5.000,54109.6
408.768,410.203,42.8421,5.000,54103.6
408.769,410.402,42.8452,5.000,54102.4
408.769,410.602,42.8620,5.000,54096.1
409.268,410.804,42.8618,5.000,54096.2
409.269,411.003,42.8420,5.000,54103.6
409.768,411.202,42.8646,5.000,54095.1
409.768,411.402,42.8542,5.000,54099.1
409.768,411.603,42.8782,5.000,54090.1
410.268,411.803,42.8703,5.000,54093.0
410.269,412.002,42.8768,5.000,54090.6
410.767,412.202,42.8916,5.000,54085.0
410.768,412.403,42.8971,5.000,54083.0
410.768,412.603,42.8883,5.000,54086.3
411.268,412.803,42.9416,5.000,54066.4
411.269,413.002,42.8883,5.000,54086.3
411.768,413.203,42.9116,5.000,54077.6
411.769,413.402,42.9038,5.000,54080.5
411.769,413.602,42.9219,5.000,54073.7
412.268,413.804,42.9632,5.000,54058.3
412.269,414.003,42.9464,5.000,54064.6
412.767,414.202,42.9282,5.000,54071.4
412.767,414.402,42.9433,5.000,54065.8
412.767,414.603,42.9464,5.000,54064.6
413.268,414.803,42.9321,5.000,54069.9
413.268,415.002,42.9572,5.000,54060.6
413.768,415.203,42.9551,5.000,54061.3
413.769,415.403,42.9424,5.000,54066.1
413.769,415.602,42.9485,5.000,54063.7
414.268,415.804,42.9712,5.000,54055.2
414.268,416.003,42.9761,5.000,54053.4
414.768,416.203,42.9653,5.000,54057.5
414.769,416.403,42.9876,5.000,54049.2
414.769,416.604,42.9731,5.000,54054.5
415.267,416.804,42.9808,5.000,54051.7
415.267,417.003,42.9927,5.000,54047.3
415.768,417.203,43.0065,5.000,54042.1
415.769,417.404,43.0093,5.000,54041.0
415.769,417.604,43.0115,5.000,54040.2
416.268,417.804,43.0125,5.000,54039.8
416.269,418.003,43.0039,5.000,54043.0
416.768,418.203,43.0169,5.000,54038.2
416.769,418.404,43.0308,5.000,54033.0
416.769,418.603,43.0449,5.000,54027.7
417.268,418.804,43.0400,5.000,54029.6
417.269,419.004,43.0552,5.000,54023.8
417.768,419.203,43.0325,5.000,54032.4
417.769,419.403,43.0518,5.000,54025.1
417.769,419.603,43.0784,5.000,54015.1
418.268,419.805,43.0553,5.000,54023.8
418.269,420.003,43.0747,5.000,54016.5
418.768,420.203,43.0750,5.000,54016.4
418.769,420.404,43.0874,5.000,54011.7
418.769,420.604,43.0690,5.000,54018.7
419.268,420.804,43.0742,5.000,54016.7
419.269,421.003,43.1108,5.000,54002.9
419.768,421.204,43.1071,5.000,54004.4
419.769,421.403,43.0837,5.000,54013.2
419.769,421.603,43.1142,5.000,54001.7
420.268,421.804,43.1243,5.000,53997.9
420.269,422.004,43.1261,5.000,53997.2
420.768,422.204,43.1265,5.000,53997.1
420.768,422.404,43.1208,5.000,53999.2
420.768,422.605,43.1289,5.000,53996.1
421.268,422.806,43.1281,5.000,53996.5
421.269,423.004,43.1252,5.000,53997.6
421.767,423.204,43.1543,5.000,53986.7
421.767,423.405,43.1839,5.000,53975.5
421.767,423.605,43.1660,5.000,53982.3
422.267,423.805,43.1526,5.000,53987.2
422.267,424.004,43.1767,5.000,53978.2
422.768,424.205,43.1748,5.000,53978.9
422.769,424.404,43.1802,5.000,53976.8
422.769,424.604,43.1831,5.000,53975.8
423.268,424.806,43.1692,5.000,53981.1
423.269,425.005,43.1777,5.000,53977.9
423.768,425.204,43.2051,5.000,53967.5
423.769,425.404,43.2111,5.000,53965.3
423.769,425.605,43.1960,5.000,53971.0
424.268,425.805,43.1942,5.000,53971.7
424.269,426.004,43.2160,5.000,53963.5
424.768,426.205,43.2204,5.000,53961.8
424.769,426.405,43.2222,5.000,53961.1
424.769,426.604,43.2205,5.000,53961.7
425.268,426.805,43.2171,5.000,53963.0
425.269,427.005,43.2231,5.000,53960.8
425.768,427.204,43.2288,5.000,53958.6
425.769,427.404,43.2358,5.000,53956.0
425.769,427.605,43.2825,5.000,53938.4
426.268,427.805,43.2666,5.000,53944.4
426.269,428.004,43.2638,5.000,53945.5
426.767,428.204,43.2567,5.000,53948.2
426.767,428.406,43.2741,5.000,53941.6
426.767,428.604,43.2790,5.000,53939.7
427.268,428.806,43.2795,5.000,53939.5
427.268,429.005,43.2949,5.000,53933.7
427.768,429.206,43.2923,5.000,53934.7
427.769,429.405,43.3068,5.000,53929.3
427.769,429.605,43.3089,5.000,53928.5
428.267,429.807,43.2767,5.000,53940.6
428.267,430.006,43.3069,5.000,53929.2
428.768,430.205,43.3113,5.000,53927.6
428.769,430.405,43.3291,5.000,53920.8
428.769,430.606,43.3265,5.000,53921.9
429.268,430.807,43.3428,5.000,53915.7
429.269,431.005,43.3405,5.000,53916.5
429.768,431.205,43.3737,5.000,53904.0
429.769,431.406,43.3603,5.000,53909.1
429.769,431.605,43.3493,5.000,53913.2
430.268,431.806,43.3464,5.000,53914.4
430.269,432.005,43.3747,5.000,53903.7
430.768,432.206,43.3794,5.000,53901.9
430.769,432.405,43.4061,5.000,53891.8
430.769,432.605,43.3846,5.000,53900.0
431.266,432.807,43.3921,5.000,53897.2
431.267,433.006,43.4056,5.000,53892.0
431.768,433.205,43.3997,5.000,53894.2
431.768,433.405,43.3921,5.000,53897.1
431.768,433.606,43.3880,5.000,53898.7
432.267,433.807,43.4227,5.000,53885.6
432.267,434.005,43.4250,5.000,53884.7
432.768,434.205,43.4025,5.000,53893.2
432.769,434.407,43.4150,5.000,53888.5
432.769,434.605,43.4380,5.000,53879.8
433.268,434.807,43.4312,5.000,53882.4
433.269,435.007,43.4440,5.000,53877.5
433.769,435.207,43.4604,5.000,53871.4
433.769,435.406,43.4536,5.000,53873.9
433.769,435.606,43.4582,5.000,53872.1
434.268,435.807,43.4629,5.000,53870.4
434.269,436.007,43.4697,5.000,53867.8
434.768,436.206,43.4861,5.000,53861.6
434.769,436.406,43.4852,5.000,53862.0
434.769,436.607,43.4797,5.000,53864.1
435.268,436.807,43.4783,5.000,53864.5
435.269,437.007,43.4850,5.000,53862.1
435.768,437.207,43.5062,5.000,53854.1
435.769,437.407,43.5098,5.000,53852.7
435.769,437.606,43.4972,5.000,53857.4
436.268,437.807,43.5161,5.000,53850.3
436.269,438.007,43.5280,5.000,53845.8
436.768,438.206,43.5171,5.000,53849.9
436.769,438.406,43.5150,5.000,53850.7
436.769,438.607,43.5265,5.000,53846.3
437.268,438.807,43.5516,5.000,53836.9
437.269,439.007,43.5532,5.000,53836.2
437.768,439.206,43.5306,5.000,53844.8
437.769,439.407,43.5470,5.000,53838.6
437.769,439.607,43.5666,5.000,53831.2
438.268,439.807,43.5661,5.000,53831.4
438.269,440.007,43.5796,5.000,53826.2
438.768,440.207,43.5505,5.000,53837.3
438.769,440.408,43.5913,5.000,53821.8
438.769,440.606,43.5825,5.000,53825.1
439.268,440.807,43.5911,5.000,53821.9
439.269,441.009,43.6714,5.000,53791.5
439.768,441.207,43.6007,5.000,53818.2
439.769,441.407,43.5996,5.000,53818.7
439.769,441.608,43.6050,5.000,53816.7
440.267,441.808,43.6136,5.000,53813.4
440.267,442.008,43.6198,5.000,53811.0
440.768,442.207,43.6266,5.000,53808.5
440.769,442.408,43.5962,5.000,53820.0
440.769,442.608,43.6138,5.000,53813.3
441.268,442.807,43.6431,5.000,53802.2
441.269,443.008,43.6494,5.000,53799.8
441.768,443.207,43.6484,5.000,53800.2
441.769,443.408,43.6382,5.000,53804.1
441.769,443.607,43.6484,5.000,53800.2
442.268,443.807,43.6455,5.000,53801.3
442.269,444.009,43.6538,5.000,53798.1
442.768,444.207,43.6741,5.000,53790.4
442.769,444.407,43.6670,5.000,53793.2
442.769,444.608,43.6819,5.000,53787.4
443.268,444.808,43.6863,5.000,53785.8
443.269,445.008,43.6792,5.000,53788.5
443.767,445.207,43.6730,5.000,53790.8
443.767,445.408,43.6746,5.000,53790.2
443.767,445.608,43.7029,5.000,53779.5
444.268,445.807,43.7080,5.000,53777.6
444.268,446.008,43.7068,5.000,53778.0
444.768,446.208,43.7189,5.000,53773.4
444.769,446.409,43.7138,5.000,53775.4
444.769,446.607,43.7319,5.000,53768.5
445.268,446.808,43.7306,5.000,53768.9
445.269,447.010,43.7393,5.000,53765.7
445.768,447.208,43.7410,5.000,53765.1
445.769,447.408,43.7345,5.000,53767.5
445.769,447.608,43.7376,5.000,53766.4
446.268,447.809,43.7557,5.000,53759.5
446.269,448.009,43.7651,5.000,53755.9
446.767,448.208,43.7703,5.000,53753.9
446.767,448.409,43.7588,5.000,53758.3
446.767,448.609,43.7648,5.000,53756.0
447.268,448.808,43.7684,5.000,53754.6
447.269,449.009,43.7778,5.000,53751.1
447.768,449.209,43.7661,5.000,53755.5
447.769,449.409,43.7796,5.000,53750.4
447.769,449.608,43.7975,5.000,53743.6
448.268,449.808,43.7829,5.000,53749.1
448.269,450.010,43.8009,5.000,53742.2
448.768,450.208,43.8174,5.000,53736.1
448.768,450.408,43.8060,5.000,53740.4
448.768,450.609,43.8885,5.000,53708.9
449.268,450.809,43.8133,5.000,53737.6
449.269,451.009,43.8171,5.000,53736.1
449.768,451.208,43.8301,5.000,53731.2
449.769,451.409,43.8445,5.000,53725.7
449.769,451.608,43.8288,5.000,53731.7
450.268,451.808,43.8366,5.000,53728.7
450.269,452.010,43.8496,5.000,53723.7
450.768,452.208,43.8527,5.000,53722.6
450.769,452.408,43.8608,5.000,53719.5
450.769,452.608,43.8717,5.000,53715.3
451.268,452.810,43.8892,5.000,53708.6
451.269,453.010,43.8738,5.000,53714.6
451.768,453.208,43.8831,5.000,53711.0
451.769,453.410,43.8817,5.000,53711.6
451.769,453.610,43.8955,5.000,53706.3
452.268,453.809,43.8857,5.000,53710.0
452.268,454.010,43.8838,5.000,53710.7
452.768,454.209,43.8846,5.000,53710.4
452.769,454.410,43.8986,5.000,53705.1
452.769,454.609,43.8927,5.000,53707.3
453.268,454.809,43.9211,5.000,53696.5
453.269,455.011,43.9175,5.000,53697.9
453.768,455.209,43.9266,5.000,53694.5
453.769,455.409,43.9245,5.000,53695.3
453.769,455.610,43.9245,5.000,53695.3
454.268,455.809,43.9333,5.000,53691.9
454.269,456.010,43.9575,5.000,53682.6
454.768,456.209,43.9769,5.000,53675.2
454.769,456.410,43.9419,5.000,53688.6
454.769,456.610,43.9689,5.000,53678.3
455.266,456.809,43.9604,5.000,53681.5
455.267,457.010,43.9726,5.000,53676.9
455.767,457.209,43.9603,5.000,53681.6
455.767,457.410,43.9847,5.000,53672.3
455.767,457.609,43.9816,5.000,53673.4
456.268,457.809,44.0027,5.000,53665.4
456.269,458.011,43.9976,5.000,53667.3
456.768,458.209,43.9896,5.000,53670.4
456.768,458.409,44.0039,5.000,53664.9
456.769,458.610,44.0020,5.000,53665.7
457.268,458.810,44.0247,5.000,53657.0
457.269,459.011,44.0026,5.000,53665.4
457.768,459.209,44.0073,5.000,53663.6
457.769,459.411,44.0299,5.000,53655.0
457.769,459.611,44.0381,5.000,53651.8
458.268,459.810,44.0308,5.000,53654.6
458.269,460.011,44.0506,5.000,53647.1
458.768,460.211,44.0444,5.000,53649.5
458.769,460.410,44.0461,5.000,53648.8
458.769,460.610,44.0862,5.000,53633.5
459.268,460.811,44.0620,5.000,53642.8
459.269,461.012,44.0506,5.000,53647.1
459.767,461.210,44.0588,5.000,53644.0
459.767,461.410,44.0778,5.000,53636.7
459.767,461.611,44.0889,5.000,53632.5
460.268,461.810,44.0900,5.000,53632.0
460.269,462.011,44.0916,5.000,53631.4
460.766,462.211,44.0945,5.000,53630.3
460.767,462.411,44.0888,5.000,53632.5
460.767,462.610,44.1149,5.000,53622.5
461.268,462.810,44.1315,5.000,53616.2
461.269,463.012,44.1006,5.000,53628.1
461.766,463.210,44.1243,5.000,53618.9
461.767,463.410,44.1157,5.000,53622.2
461.767,463.611,44.1321,5.000,53615.9
462.268,463.810,44.1216,5.000,53619.9
462.268,464.011,44.1421,5.000,53612.1
462.767,464.211,44.1857,5.000,53595.4
462.767,464.411,44.1526,5.000,53608.1
462.767,464.610,44.1424,5.000,53612.0
463.268,464.810,44.1694,5.000,53601.7
463.269,465.013,44.1523,5.000,53608.2
463.768,465.210,44.1665,5.000,53602.7
463.769,465.411,44.1732,5.000,53600.2
463.769,465.612,44.1738,5.000,53600.0
464.268,465.811,44.1870,5.000,53594.9
464.269,466.012,44.1720,5.000,53600.6
464.768,466.211,44.1857,5.000,53595.4
464.769,466.412,44.2007,5.000,53589.6
464.769,466.612,44.1885,5.000,53594.4
465.268,466.811,44.2261,5.000,53579.9
465.269,467.012,44.1982,5.000,53590.6
465.768,467.211,44.1880,5.000,53594.5
465.769,467.412,44.2026,5.000,53588.9
465.769,467.612,44.2025,5.000,53589.0
466.268,467.811,44.2285,5.000,53579.1
466.269,468.012,44.2435,5.000,53573.3
466.767,468.212,44.2202,5.000,53582.2
466.768,468.411,44.2283,5.000,53579.1
466.768,468.611,44.2371,5.000,53575.7
467.268,468.812,44.2573,5.000,53568.0
467.268,469.013,44.2490,5.000,53571.1
467.768,469.211,44.2524,5.000,53569.8
467.769,469.411,44.2567,5.000,53568.2
467.769,469.612,44.2562,5.000,53568.4
468.266,469.811,44.2629,5.000,53565.8
468.267,470.012,44.2487,5.000,53571.2
468.768,470.212,44.2629,5.000,53565.8
468.769,470.412,44.2610,5.000,53566.6
468.769,470.611,44.2946,5.000,53553.7
469.268,470.811,44.2879,5.000,53556.2
469.269,471.014,44.2878,5.000,53556.3
469.768,471.211,44.2832,5.000,53558.0
469.769,471.412,44.3005,5.000,53551.4
469.769,471.613,44.3110,5.000,53547.4
470.268,471.813,44.3130,5.000,53546.6
470.268,472.013,44.3195,5.000,53544.1
470.768,472.212,44.3234,5.000,53542.6
470.769,472.413,44.2965,5.000,53552.9
470.769,472.613,44.3244,5.000,53542.3
471.268,472.812,44.3359,5.000,53537.8
471.269,473.013,44.3714,5.000,53524.2
471.768,473.213,44.3379,5.000,53537.1
471.769,473.413,44.3550,5.000,53530.5
471.769,473.612,44.3628,5.000,53527.5
472.268,473.812,44.3633,5.000,53527.2
472.269,474.014,44.3547,5.000,53530.6
472.768,474.212,44.3667,5.000,53525.9
472.769,474.412,44.3726,5.000,53523.7
472.769,474.613,44.3659,5.000,53526.3
473.266,474.813,44.3794,5.000,53521.1
473.267,475.013,44.3716,5.000,53524.2
473.767,475.212,44.3914,5.000,53516.5
473.767,475.413,44.3965,5.000,53514.5
473.767,475.612,44.4028,5.000,53512.1
474.267,475.812,44.4111,5.000,53508.9
474.268,476.014,44.4070,5.000,53510.5
474.768,476.213,44.4015,5.000,53512.6
474.769,476.412,44.3764,5.000,53522.2
474.769,476.612,44.4539,5.000,53492.4
475.268,476.813,44.4119,5.000,53508.6
475.268,477.013,44.4111,5.000,53508.9
475.768,477.212,44.4297,5.000,53501.8
475.769,477.414,44.4409,5.000,53497.4
475.769,477.614,44.4590,5.000,53490.5
476.268,477.813,44.4471,5.000,53495.1
476.269,478.014,44.4474,5.000,53494.9
476.768,478.214,44.4678,5.000,53487.2
476.769,478.413,44.4489,5.000,53494.4
476.769,478.613,44.4525,5.000,53493.0
477.267,478.814,44.4709,5.000,53485.9
477.267,479.015,44.4806,5.000,53482.2
477.768,479.213,44.4849,5.000,53480.5
477.769,479.413,44.5020,5.000,53473.9
477.769,479.614,44.4775,5.000,53483.4
478.268,479.813,44.5010,5.000,53474.3
478.268,480.014,44.5058,5.000,53472.5
478.768,480.214,44.5482,5.000,53456.2
478.769,480.413,44.4946,5.000,53476.8
478.769,480.613,44.4993,5.000,53474.9
479.268,480.814,44.5263,5.000,53464.5
479.269,481.015,44.4993,5.000,53475.0
479.768,481.213,44.5124,5.000,53469.9
479.769,481.413,44.5327,5.000,53462.1
479.769,481.614,44.5224,5.000,53466.1
480.268,481.813,44.5412,5.000,53458.8
480.268,482.014,44.5295,5.000,53463.3
480.768,482.214,44.5527,5.000,53454.4
480.769,482.413,44.5597,5.000,53451.7
480.769,482.613,44.6303,5.000,53424.4
481.268,482.814,44.5620,5.000,53450.8
481.269,483.015,44.5723,5.000,53446.8
481.768,483.213,44.5547,5.000,53453.6
481.769,483.413,44.6004,5.000,53436.0
481.769,483.615,44.5823,5.000,53442.9
482.268,483.813,44.5561,5.000,53453.1
482.269,484.015,44.5918,5.000,53439.3
482.768,484.215,44.6022,5.000,53435.3
482.769,484.415,44.5994,5.000,53436.4
482.769,484.614,44.5888,5.000,53440.5
483.268,484.814,44.6538,5.000,53415.4
483.269,485.016,44.6418,5.000,53420.0
483.766,485.214,44.6128,5.000,53431.2
483.767,485.414,44.6268,5.000,53425.8
483.767,485.615,44.6297,5.000,53424.6
484.268,485.815,44.6694,5.000,53409.4
484.269,486.015,44.6208,5.000,53428.1
484.768,486.214,44.6455,5.000,53418.6
484.768,486.415,44.6504,5.000,53416.7
484.768,486.614,44.6313,5.000,53424.0
485.268,486.814,44.6509,5.000,53416.5
485.269,487.016,44.6486,5.000,53417.4
485.768,487.214,44.6670,5.000,53410.3
485.768,487.414,44.6797,5.000,53405.3
485.768,487.614,44.6777,5.000,53406.1
486.268,487.815,44.6779,5.000,53406.1
486.269,488.015,44.6680,5.000,53409.9
486.768,488.214,44.6538,5.000,53415.3
486.769,488.415,44.6782,5.000,53405.9
486.769,488.614,44.6738,5.000,53407.6
487.268,488.814,44.7233,5.000,53388.5
487.269,489.016,44.6968,5.000,53398.7
487.768,489.214,44.6961,5.000,53399.0
487.768,489.414,44.7036,5.000,53396.1
487.769,489.615,44.7130,5.000,53392.4
488.268,489.815,44.7280,5.000,53386.7
488.269,490.016,44.7642,5.000,53372.6
488.768,490.216,44.7130,5.000,53392.4
488.769,490.415,44.7431,5.000,53380.8
488.769,490.616,44.7476,5.000,53379.1
489.268,490.815,44.7412,5.000,53381.6
489.269,491.016,44.7350,5.000,53384.0
489.768,491.216,44.7695,5.000,53370.6
489.769,491.415,44.7433,5.000,53380.7
489.769,491.615,44.7425,5.000,53381.1
490.268,491.816,44.7593,5.000,53374.6
490.269,492.016,44.7845,5.000,53364.8
490.768,492.216,44.7627,5.000,53373.3
490.768,492.415,44.7908,5.000,53362.4
490.769,492.616,44.7832,5.000,53365.3
491.268,492.815,44.7915,5.000,53362.1
491.269,493.016,44.7926,5.000,53361.7
491.768,493.216,44.7876,5.000,53363.6
491.769,493.415,44.8101,5.000,53354.9
491.769,493.615,44.8384,5.000,53343.9
492.268,493.816,44.8123,5.000,53354.0
492.269,494.016,44.8258,5.000,53348.8
492.768,494.216,44.8255,5.000,53348.9
492.768,494.415,44.8289,5.000,53347.6
492.768,494.616,44.8182,5.000,53351.7
493.268,494.815,44.8182,5.000,53351.7
493.268,495.016,44.7776,5.000,53367.5
493.768,495.216,44.8369,5.000,53344.5
493.769,495.415,44.8364,5.000,53344.7
493.769,495.616,44.8372,5.000,53344.4
494.268,495.815,44.8636,5.000,53334.2
494.269,496.017,44.8660,5.000,53333.2
494.766,496.217,44.8587,5.000,53336.1
494.767,496.416,44.8644,5.000,53333.8
494.767,496.617,44.8763,5.000,53329.3
495.268,496.816,44.8867,5.000,53325.2
495.269,497.016,44.8867,5.000,53325.2
495.768,497.218,44.9012,5.000,53319.6
495.769,497.417,44.8911,5.000,53323.4
495.769,497.617,44.8981,5.000,53320.8
496.268,497.816,44.9002,5.000,53319.9
496.269,498.016,44.8931,5.000,53322.7
496.768,498.218,44.9927,5.000,53284.0
496.769,498.416,44.9199,5.000,53312.3
496.769,498.617,44.9344,5.000,53306.7
497.268,498.816,44.8869,5.000,53325.1
497.269,499.016,44.9160,5.000,53313.8
497.768,499.218,44.9388,5.000,53305.0
497.769,499.416,44.9311,5.000,53307.9
497.769,499.616,44.9396,5.000,53304.6
498.268,499.817,44.9481,5.000,53301.4
498.269,500.017,44.9541,5.000,53299.1
498.767,500.217,44.9450,5.000,53302.6
498.768,500.416,44.9614,5.000,53296.2
498.768,500.617,44.9606,5.000,53296.5
499.268,500.816,44.9525,5.000,53299.6
499.268,501.016,44.9652,5.000,53294.7
499.768,501.218,44.9790,5.000,53289.3
499.769,501.417,44.9609,5.000,53296.3
499.769,501.616,44.9863,5.000,53286.5
500.268,501.816,44.9964,5.000,53282.6
500.269,502.018,44.9798,5.000,53289.0
500.768,502.218,44.9853,5.000,53286.9
500.769,502.416,45.0739,5.000,53252.5
500.769,502.617,45.0057,5.000,53279.0
501.267,502.818,44.9559,5.000,53298.4
501.268,503.017,45.0014,5.000,53280.6
501.768,503.218,45.0249,5.000,53271.5
501.768,503.418,45.0216,5.000,53272.8
501.769,503.618,45.0288,5.000,53270.0
502.268,503.817,45.0302,5.000,53269.4
502.269,504.017,45.0299,5.000,53269.5
502.768,504.219,45.0203,5.000,53273.2
502.769,504.417,45.0172,5.000,53274.5
502.769,504.617,45.0355,5.000,53267.4
503.268,504.817,45.0322,5.000,53268.7
503.269,505.018,45.0389,5.000,53266.1
503.768,505.218,45.0290,5.000,53269.9
503.768,505.417,45.0400,5.000,53265.6
503.768,505.618,45.0571,5.000,53258.9
504.268,505.817,45.0728,5.000,53252.9
504.269,506.017,45.0638,5.000,53256.4
504.768,506.219,45.1424,5.000,53225.8
504.769,506.418,45.0796,5.000,53250.2
504.769,506.617,45.0773,5.000,53251.1
505.268,506.817,45.0939,5.000,53244.6
505.269,507.018,45.0924,5.000,53245.2
505.768,507.218,45.0942,5.000,53244.5
505.769,507.417,45.1009,5.000,53241.9
505.769,507.618,45.1025,5.000,53241.3
506.268,507.817,45.1014,5.000,53241.8
506.269,508.017,45.1123,5.000,53237.5
506.768,508.219,45.0929,5.000,53245.0
506.769,508.418,45.1248,5.000,53232.6
506.769,508.619,45.1260,5.000,53232.1
507.268,508.818,45.1194,5.000,53234.7
507.269,509.018,45.1219,5.000,53233.8
507.768,509.220,45.1268,5.000,53231.8
507.769,509.418,45.1302,5.000,53230.5
507.769,509.618,45.1274,5.000,53231.6
508.268,509.819,45.1359,5.000,53228.3
508.268,510.019,45.1479,5.000,53223.6
508.768,510.219,45.1475,5.000,53223.8
508.769,510.418,45.1562,5.000,53220.4
508.769,510.619,45.1567,5.000,53220.2
509.268,510.818,45.1535,5.000,53221.4
509.268,511.018,45.1501,5.000,53222.7
509.768,511.219,45.1704,5.000,53214.8
509.769,511.419,45.1704,5.000,53214.8
509.769,511.620,45.1701,5.000,53214.9
510.267,511.819,45.1692,5.000,53215.3
510.268,512.019,45.1841,5.000,53209.5
510.767,512.220,45.1909,5.000,53206.8
510.767,512.420,45.2078,5.000,53200.2
510.767,512.621,45.2026,5.000,53202.2
511.268,512.820,45.2264,5.000,53193.0
511.269,513.020,45.2383,5.000,53188.3
511.768,513.221,45.2083,5.000,53200.1
511.769,513.421,45.1891,5.000,53207.5
511.769,513.621,45.2130,5.000,53198.2
512.267,513.821,45.2215,5.000,53194.9
512.268,514.021,45.2344,5.000,53189.8
512.768,514.222,45.2285,5.000,53192.1
512.769,514.422,45.2108,5.000,53199.1
512.769,514.622,45.2305,5.000,53191.4
513.268,514.822,45.2331,5.000,53190.4
513.269,515.022,45.1966,5.000,53204.6
513.768,515.223,45.2524,5.000,53182.9
513.769,515.423,45.2500,5.000,53183.8
513.769,515.622,45.2510,5.000,53183.4
514.267,515.823,45.3009,5.000,53163.9
514.268,516.024,45.2653,5.000,53177.8
514.768,516.224,45.2733,5.000,53174.7
514.769,516.424,45.2808,5.000,53171.8
514.769,516.623,45.2498,5.000,53183.8
515.268,516.825,45.2705,5.000,53175.7
515.269,517.024,45.2803,5.000,53171.9
515.768,517.224,45.2819,5.000,53171.3
515.769,517.426,45.2830,5.000,53170.8
515.769,517.624,45.2767,5.000,53173.4
516.268,517.825,45.2905,5.000,53168.0
516.269,518.025,45.2832,5.000,53170.8
516.768,518.226,45.2900,5.000,53168.1
516.768,518.426,45.3017,5.000,53163.6
516.769,518.625,45.3069,5.000,53161.5
517.268,518.827,45.2729,5.000,53174.8
517.269,519.027,45.3235,5.000,53155.0
517.768,519.226,45.3862,5.000,53130.5
517.769,519.427,45.3252,5.000,53154.4
517.769,519.627,45.3101,5.000,53160.3
518.268,519.827,45.3657,5.000,53138.5
518.269,520.027,45.3218,5.000,53155.7
518.767,520.227,45.3364,5.000,53150.0
518.767,520.429,45.3146,5.000,53158.5
518.767,520.628,45.3843,5.000,53131.2
519.268,520.828,45.3389,5.000,53149.0
519.269,521.028,45.3507,5.000,53144.4
519.768,521.229,45.3488,5.000,53145.2
519.769,521.429,45.3367,5.000,53149.9
519.769,521.628,45.3537,5.000,53143.3
520.268,521.830,45.3620,5.000,53140.0
520.269,522.030,45.3682,5.000,53137.6
520.768,522.229,45.3605,5.000,53140.6
520.768,522.430,45.3621,5.000,53139.9
520.768,522.630,45.3678,5.000,53137.7
521.268,522.830,45.3844,5.000,53131.2
521.269,523.030,45.3883,5.000,53129.7
521.768,523.230,45.3550,5.000,53142.8
521.769,523.432,45.3888,5.000,53129.5
521.769,523.630,45.3903,5.000,53128.8
522.268,523.830,45.4497,5.000,53105.7
522.268,524.032,45.3869,5.000,53130.2
522.768,524.232,45.3922,5.000,53128.1
522.769,524.432,45.3760,5.000,53134.6
522.769,524.632,45.4002,5.000,53125.0
523.268,524.832,45.3849,5.000,53131.0
523.268,525.032,45.4089,5.000,53121.7
523.768,525.232,45.4051,5.000,53123.1
523.769,525.432,45.4054,5.000,53123.0
523.769,525.634,45.3975,5.000,53126.0
524.268,525.832,45.4095,5.000,53121.4
524.269,526.033,45.4064,5.000,53122.6
524.768,526.233,45.4142,5.000,53119.5
524.769,526.434,45.4199,5.000,53117.3
524.769,526.634,45.4240,5.000,53115.7
525.268,526.833,45.4282,5.000,53114.0
525.269,527.035,45.4580,5.000,53102.3
525.768,527.234,45.4303,5.000,53113.2
525.769,527.434,45.4338,5.000,53111.9
525.769,527.635,45.3885,5.000,53129.6
526.268,527.835,45.4476,5.000,53106.5
526.268,528.035,45.4318,5.000,53112.7
526.768,528.235,45.4455,5.000,53107.3
526.769,528.436,45.3940,5.000,53127.5
526.769,528.637,45.4370,5.000,53110.6
527.268,528.835,45.4531,5.000,53104.3
527.268,529.036,45.4583,5.000,53102.3
527.768,529.237,45.4437,5.000,53108.0
527.769,529.436,45.4137,5.000,53119.7
527.769,529.637,45.4725,5.000,53096.7
528.268,529.837,45.4561,5.000,53103.1
528.269,530.038,45.4660,5.000,53099.3
528.768,530.237,45.4484,5.000,53106.1
528.769,530.437,45.4731,5.000,53096.5
528.769,530.639,45.4595,5.000,53101.8
529.267,530.838,45.4611,5.000,53101.2
529.268,531.037,45.4653,5.000,53099.6
529.768,531.238,45.4710,5.000,53097.3
529.768,531.439,45.4887,5.000,53090.4
529.769,531.639,45.4889,5.000,53090.2
530.268,531.838,45.4860,5.000,53091.4
530.269,532.039,45.4870,5.000,53091.0
530.768,532.239,45.4414,5.000,53108.9
530.768,532.439,45.4951,5.000,53087.8
530.768,532.640,45.5020,5.000,53085.1
531.267,532.840,45.4653,5.000,53099.6
531.267,533.039,45.4980,5.000,53086.6
531.768,533.240,45.5080,5.000,53082.8
531.769,533.440,45.4837,5.000,53092.3
531.769,533.641,45.4904,5.000,53089.7
532.266,533.841,45.4805,5.000,53093.6
532.267,534.040,45.5140,5.000,53080.4
532.767,534.242,45.5073,5.000,53083.1
532.767,534.442,45.5071,5.000,53083.1
532.767,534.641,45.5195,5.000,53078.3
533.268,534.842,45.4813,5.000,53093.3
533.269,535.042,45.5269,5.000,53075.4
533.768,535.242,45.5210,5.000,53077.7
533.769,535.442,45.5290,5.000,53074.5
533.769,535.642,45.4819,5.000,53093.0
534.268,535.844,45.5343,5.000,53072.5
534.270,536.042,45.5339,5.000,53072.7
534.767,536.243,45.5444,5.000,53068.4
534.767,536.443,45.5428,5.000,53069.1
534.767,536.644,45.5366,5.000,53071.6
535.268,536.844,45.5257,5.000,53075.8
535.269,537.043,45.5329,5.000,53073.0
535.768,537.245,45.5269,5.000,53075.4
535.769,537.444,45.5478,5.000,53067.1
535.769,537.644,45.5386,5.000,53070.8
536.268,537.846,45.5576,5.000,53063.3
536.269,538.045,45.5618,5.000,53061.6
536.768,538.245,45.5558,5.000,53064.0
536.769,538.445,45.5405,5.000,53070.0
536.769,538.645,45.5588,5.000,53062.8
537.268,538.847,45.5539,5.000,53064.7
537.269,539.045,45.5325,5.000,53073.1
537.768,539.245,45.5563,5.000,53063.8
537.769,539.446,45.5744,5.000,53056.7
537.769,539.647,45.5519,5.000,53065.5
538.268,539.847,45.5464,5.000,53067.8
538.268,540.046,45.5786,5.000,53055.0
538.768,540.247,45.5818,5.000,53053.8
538.769,540.447,45.5772,5.000,53055.6
538.769,540.647,45.6557,5.000,53024.7
539.268,540.849,45.5767,5.000,53055.8
539.269,541.048,45.5897,5.000,53050.7
539.768,541.247,45.5745,5.000,53056.6
539.769,541.448,45.5844,5.000,53052.8
539.769,541.649,45.5942,5.000,53048.9
540.267,541.849,45.5962,5.000,53048.1
540.267,542.049,45.6479,5.000,53027.8
540.767,542.249,45.6030,5.000,53045.4
540.767,542.450,45.5885,5.000,53051.2
540.767,542.649,45.5825,5.000,53053.5
541.268,542.849,45.5928,5.000,53049.5
541.269,543.051,45.6136,5.000,53041.4
541.767,543.249,45.6157,5.000,53040.5
541.767,543.450,45.6099,5.000,53042.7
541.767,543.651,45.6182,5.000,53039.5
542.268,543.851,45.6225,5.000,53037.8
542.269,544.051,45.6131,5.000,53041.5
542.768,544.250,45.6020,5.000,53045.9
542.769,544.452,45.6058,5.000,53044.4
542.769,544.651,45.6255,5.000,53036.7
543.268,544.851,45.6196,5.000,53038.9
543.269,545.053,45.6346,5.000,53033.1
543.768,545.252,45.6362,5.000,53032.4
543.769,545.452,45.6079,5.000,53043.5
543.769,545.652,45.6336,5.000,53033.4
544.268,545.852,45.6408,5.000,53030.6
544.269,546.054,45.6901,5.000,53011.2
544.768,546.252,45.6499,5.000,53027.1
544.769,546.453,45.6453,5.000,53028.8
544.769,546.653,45.6473,5.000,53028.1
545.268,546.854,45.6325,5.000,53033.9
545.269,547.054,45.6499,5.000,53027.0
545.768,547.253,45.6572,5.000,53024.1
545.769,547.455,45.6445,5.000,53029.2
545.769,547.654,45.6377,5.000,53031.8
546.268,547.854,45.6673,5.000,53020.2
546.269,548.056,45.6692,5.000,53019.4
546.768,548.255,45.6714,5.000,53018.6
546.768,548.454,45.6629,5.000,53021.9
546.769,548.655,45.6655,5.000,53020.9
547.267,548.855,45.6753,5.000,53017.0
547.267,549.057,45.6624,5.000,53022.1
547.768,549.255,45.6707,5.000,53018.8
547.769,549.455,45.6689,5.000,53019.6
547.769,549.656,45.6859,5.000,53012.9
548.268,549.857,45.6852,5.000,53013.1
548.269,550.057,45.6904,5.000,53011.1
548.768,550.257,45.6973,5.000,53008.4
548.769,550.457,45.6961,5.000,53008.9
548.769,550.658,45.6961,5.000,53008.9
549.268,550.857,45.7051,5.000,53005.3
549.269,551.057,45.6969,5.000,53008.5
549.768,551.259,45.7142,5.000,53001.7
549.769,551.457,45.7083,5.000,53004.0
549.769,551.658,45.7104,5.000,53003.2
550.268,551.858,45.7129,5.000,53002.2
550.269,552.059,45.7073,5.000,53004.4
550.768,552.260,45.7222,5.000,52998.6
550.769,552.458,45.7218,5.000,52998.7
550.769,552.659,45.7259,5.000,52997.1
551.268,552.860,45.7344,5.000,52993.8
551.269,553.059,45.7297,5.000,52995.6
551.767,553.260,45.7280,5.000,52996.2
551.767,553.459,45.7221,5.000,52998.6
551.767,553.661,45.7366,5.000,52992.9
552.268,553.860,45.7524,5.000,52986.6
552.269,554.060,45.7430,5.000,52990.4
552.768,554.262,45.7532,5.000,52986.3
552.769,554.461,45.7470,5.000,52988.8
552.769,554.661,45.7645,5.000,52981.9
553.268,554.861,45.7642,5.000,52982.0
553.269,555.062,45.7536,5.000,52986.2
553.768,555.262,45.7820,5.000,52975.0
553.769,555.461,45.7658,5.000,52981.4
553.769,555.663,45.7879,5.000,52972.7
554.268,555.862,45.7700,5.000,52979.7
554.269,556.062,45.7879,5.000,52972.7
554.768,556.263,45.7762,5.000,52977.3
554.769,556.463,45.7837,5.000,52974.4
554.769,556.662,45.7920,5.000,52971.0
555.268,556.863,45.7798,5.000,52975.8
555.268,557.064,45.8078,5.000,52964.8
555.768,557.265,45.8047,5.000,52966.0
555.768,557.463,45.8112,5.000,52963.5
555.768,557.663,45.7908,5.000,52971.5
556.268,557.865,45.8019,5.000,52967.2
556.269,558.064,45.8037,5.000,52966.5
556.768,558.265,45.8008,5.000,52967.6
556.769,558.464,45.8257,5.000,52957.8
556.769,558.665,45.8276,5.000,52957.1
557.267,558.865,45.8379,5.000,52953.0
557.267,559.065,45.8222,5.000,52959.1
557.768,559.266,45.8006,5.000,52967.6
557.769,559.467,45.8499,5.000,52948.2
557.769,559.665,45.7942,5.000,52970.2
558.269,559.866,45.8545,5.000,52946.5
558.269,560.066,45.8540,5.000,52946.6
558.768,560.267,45.8618,5.000,52943.5
558.769,560.467,45.8468,5.000,52949.4
558.769,560.666,45.8672,5.000,52941.4
559.268,560.868,45.8642,5.000,52942.6
559.269,561.068,45.8719,5.000,52939.6
559.768,561.267,45.8852,5.000,52934.3
559.769,561.468,45.8820,5.000,52935.6
559.769,561.668,45.8594,5.000,52944.5
560.268,561.868,45.8867,5.000,52933.6
560.269,562.068,45.8931,5.000,52931.2
560.768,562.268,45.8722,5.000,52939.4
560.768,562.470,45.8892,5.000,52932.7
560.768,562.668,45.9228,5.000,52919.4
561.268,562.869,45.9074,5.000,52925.5
561.269,563.070,45.9033,5.000,52927.1
561.768,563.269,45.9041,5.000,52926.8
561.769,563.470,45.9155,5.000,52922.3
561.769,563.670,45.9170,5.000,52921.7
562.268,563.871,45.9126,5.000,52923.5
562.268,564.070,45.9258,5.000,52918.2
562.768,564.270,45.9250,5.000,52918.6
562.769,564.472,45.9359,5.000,52914.3
562.769,564.670,45.9261,5.000,52918.1
563.268,564.870,45.9324,5.000,52915.6
563.269,565.071,45.9840,5.000,52895.2
563.767,565.272,45.9375,5.000,52913.7
563.767,565.473,45.9419,5.000,52911.9
563.767,565.671,45.9531,5.000,52907.4
564.268,565.872,45.9440,5.000,52911.0
564.269,566.073,45.9510,5.000,52908.3
564.768,566.272,45.9663,5.000,52902.2
564.769,566.473,45.9687,5.000,52901.2
564.769,566.673,45.9215,5.000,52919.9
565.268,566.872,45.9681,5.000,52901.5
565.269,567.073,45.9588,5.000,52905.2
565.768,567.273,45.9733,5.000,52899.4
565.769,567.474,45.9541,5.000,52907.1
565.769,567.675,45.9845,5.000,52895.0
566.268,567.873,45.9883,5.000,52893.6
566.269,568.074,45.9849,5.000,52894.9
566.768,568.275,45.9878,5.000,52893.7
566.769,568.474,45.9743,5.000,52899.1
566.769,568.675,46.0088,5.000,52885.4
567.268,568.875,45.9948,5.000,52890.9
567.269,569.076,45.9933,5.000,52891.5
567.768,569.275,46.0055,5.000,52886.7
567.769,569.475,46.0065,5.000,52886.3
567.769,569.677,46.0050,5.000,52886.9
568.267,569.875,45.9977,5.000,52889.8
568.267,570.076,46.0086,5.000,52885.5
568.768,570.277,46.0477,5.000,52870.0
568.768,570.477,46.0234,5.000,52879.6
568.769,570.677,46.0251,5.000,52878.9
569.268,570.876,46.0361,5.000,52874.6
569.269,571.078,46.0181,5.000,52881.8
569.768,571.277,46.0181,5.000,52881.7
569.769,571.477,46.0231,5.000,52879.7
569.769,571.678,46.0589,5.000,52865.6
570.268,571.878,46.0591,5.000,52865.5
570.269,572.078,46.0391,5.000,52873.4
570.768,572.278,46.0561,5.000,52866.7
570.769,572.479,46.0903,5.000,52853.1
570.769,572.680,46.0573,5.000,52866.2
571.268,572.878,46.0512,5.000,52868.6
571.269,573.079,46.0744,5.000,52859.5
571.768,573.279,46.0648,5.000,52863.2
571.768,573.480,46.0862,5.000,52854.7
572.267,573.680,46.0775,5.000,52858.2
572.268,573.879,46.0876,5.000,52854.2
572.268,574.081,46.0680,5.000,52861.9
572.768,574.281,46.0850,5.000,52855.2
572.769,574.480,46.1040,5.000,52847.7
573.268,574.681,46.0802,5.000,52857.1
573.269,574.881,46.1068,5.000,52846.6
573.269,575.080,46.1045,5.000,52847.5
573.768,575.281,46.0851,5.000,52855.2
573.769,575.482,46.1187,5.000,52841.9
574.268,575.682,46.1022,5.000,52848.5
574.269,575.883,46.1248,5.000,52839.4
574.269,576.081,46.1108,5.000,52844.9
574.768,576.283,46.1727,5.000,52820.4
574.768,576.483,46.1307,5.000,52837.1
575.268,576.682,46.1629,5.000,52824.3
575.269,576.883,46.1388,5.000,52833.9
575.269,577.083,46.1369,5.000,52834.6
575.766,577.283,46.1515,5.000,52828.8
575.767,577.483,46.1401,5.000,52833.4
576.268,577.683,46.1494,5.000,52829.7
576.269,577.885,46.1655,5.000,52823.2
576.269,578.083,46.1636,5.000,52824.1
576.767,578.284,46.1577,5.000,52826.4
576.767,578.485,46.1523,5.000,52828.5
577.266,578.685,46.1658,5.000,52823.2
577.267,578.886,46.1802,5.000,52817.5
577.267,579.084,46.1811,5.000,52817.1
577.766,579.285,46.1917,5.000,52812.9
577.767,579.486,46.1852,5.000,52815.5
578.266,579.685,46.2022,5.000,52808.7
578.267,579.886,46.2020,5.000,52808.8
578.267,580.086,46.2028,5.000,52808.5
578.768,580.287,46.2055,5.000,52807.4
578.769,580.486,46.1885,5.000,52814.1
579.268,580.686,46.1990,5.000,52810.0
579.269,580.888,46.2085,5.000,52806.2
579.269,581.086,46.2021,5.000,52808.8
579.768,581.287,46.2085,5.000,52806.2
579.769,581.487,46.2075,5.000,52806.6
580.268,581.688,46.2046,5.000,52807.8
580.268,581.889,46.2082,5.000,52806.4
580.269,582.087,46.2324,5.000,52796.7
580.768,582.287,46.2184,5.000,52802.2
580.768,582.488,46.2292,5.000,52798.0
581.268,582.689,46.2412,5.000,52793.2
581.269,582.890,46.2080,5.000,52806.4
581.269,583.088,46.2534,5.000,52788.4
581.768,583.288,46.2475,5.000,52790.8
581.769,583.490,46.2161,5.000,52803.2
582.268,583.689,46.2417,5.000,52793.1
582.269,583.890,46.3312,5.000,52757.5
582.269,584.089,46.2583,5.000,52786.4
582.768,584.290,46.2150,5.000,52803.7
582.769,584.490,46.2686,5.000,52782.3
583.266,584.690,46.2895,5.000,52774.0
583.267,584.891,46.2720,5.000,52780.9
583.267,585.092,46.2816,5.000,52777.2
583.768,585.290,46.2700,5.000,52781.7
583.769,585.491,46.2715,5.000,52781.2
584.268,585.692,46.2847,5.000,52776.0
584.269,585.892,46.2864,5.000,52775.2
584.269,586.092,46.2918,5.000,52773.1
584.768,586.291,46.2799,5.000,52777.8
584.769,586.492,46.2983,5.000,52770.6
585.268,586.693,46.2983,5.000,52770.5
585.269,586.892,46.2915,5.000,52773.3
585.269,587.093,46.3105,5.000,52765.7
585.768,587.293,46.2819,5.000,52777.0
585.768,587.493,46.2983,5.000,52770.5
586.267,587.693,46.3201,5.000,52761.8
586.267,587.893,46.3169,5.000,52763.1
586.267,588.095,46.3221,5.000,52761.1
586.768,588.293,46.3265,5.000,52759.3
586.769,588.494,46.3088,5.000,52766.4
587.266,588.695,46.3298,5.000,52758.0
587.267,588.895,46.3055,5.000,52767.7
587.267,589.096,46.3384,5.000,52754.6
587.768,589.294,46.3096,5.000,52766.0
587.769,589.495,46.3416,5.000,52753.3
588.268,589.696,46.3452,5.000,52751.9
588.269,589.895,46.3432,5.000,52752.6
588.269,590.096,46.3279,5.000,52758.8
588.768,590.296,46.3366,5.000,52755.2
588.769,590.495,46.3380,5.000,52754.7
589.268,590.696,46.3607,5.000,52745.8
589.269,590.896,46.3595,5.000,52746.1
589.269,591.098,46.3611,5.000,52745.5
589.766,591.296,46.3642,5.000,52744.3
589.767,591.496,46.3610,5.000,52745.6
590.268,591.697,46.3846,5.000,52736.2
590.269,591.898,46.3936,5.000,52732.6
590.269,592.098,46.3804,5.000,52737.9
590.767,592.297,46.3659,5.000,52743.6
590.767,592.498,46.3550,5.000,52748.0
591.268,592.699,46.3770,5.000,52739.2
591.269,592.898,46.3647,5.000,52744.0
591.269,593.099,46.3918,5.000,52733.3
591.768,593.299,46.3891,5.000,52734.4
591.769,593.498,46.3849,5.000,52736.0
592.268,593.699,46.3825,5.000,52737.0
592.269,593.900,46.4481,5.000,52710.9
592.269,594.100,46.4167,5.000,52723.4
592.768,594.300,46.4108,5.000,52725.8
592.768,594.499,46.3711,5.000,52741.5
593.268,594.701,46.4232,5.000,52720.8
593.269,594.900,46.4259,5.000,52719.7
593.269,595.100,46.4248,5.000,52720.1
593.768,595.302,46.4319,5.000,52717.3
593.769,595.501,46.4223,5.000,52721.1
594.268,595.701,46.4178,5.000,52722.9
594.269,595.901,46.4329,5.000,52717.0
594.269,596.102,46.4382,5.000,52714.8
594.768,596.302,46.4215,5.000,52721.4
594.769,596.501,46.5119,5.000,52685.4
595.268,596.702,46.4464,5.000,52711.5
595.269,596.903,46.4341,5.000,52716.5
595.269,597.103,46.4536,5.000,52708.6
595.768,597.303,46.4679,5.000,52702.9
595.769,597.502,46.4484,5.000,52710.7
596.267,597.704,46.4482,5.000,52710.8
596.267,597.904,46.4741,5.000,52700.5
596.267,598.103,46.4635,5.000,52704.7
596.768,598.305,46.4858,5.000,52695.8
596.769,598.504,46.4829,5.000,52697.0
597.268,598.704,46.4717,5.000,52701.5
597.269,598.904,46.4883,5.000,52694.8
597.269,599.105,46.4899,5.000,52694.2
597.768,599.305,46.4834,5.000,52696.7
597.769,599.504,46.4936,5.000,52692.7
598.267,599.704,46.5041,5.000,52688.5
598.267,599.906,46.5036,5.000,52688.7
598.267,600.105,46.4923,5.000,52693.2
598.768,600.306,46.4727,5.000,52701.0
598.769,600.506,46.5091,5.000,52686.5
599.268,600.705,46.5189,5.000,52682.6
599.268,600.906,46.5200,5.000,52682.1
599.268,601.106,46.5193,5.000,52682.4
599.768,601.307,46.5168,5.000,52683.5
599.769,601.507,46.5257,5.000,52679.9
600.268,601.706,46.5205,5.000,52682.0
600.268,601.907,46.5212,5.000,52681.7
600.269,602.108,46.5229,5.000,52681.0
600.768,602.307,46.5391,5.000,52674.5
600.768,602.508,46.5444,5.000,52672.4
601.268,602.707,46.5505,5.000,52670.0
601.268,602.909,46.5488,5.000,52670.6
601.269,603.108,46.5456,5.000,52671.9
601.768,603.308,46.5657,5.000,52663.9
601.769,603.510,46.5630,5.000,52665.0
602.267,603.708,46.5718,5.000,52661.5
602.267,603.909,46.5703,5.000,52662.0
602.267,604.109,46.5588,5.000,52666.7
602.768,604.310,46.5877,5.000,52655.1
602.768,604.510,46.5693,5.000,52662.5
603.268,604.709,46.6216,5.000,52641.5
603.269,604.910,46.5810,5.000,52657.8
603.269,605.111,46.5920,5.000,52653.4
603.768,605.311,46.5799,5.000,52658.2
603.769,605.511,46.5853,5.000,52656.1
604.268,605.710,46.5884,5.000,52654.8
604.269,605.912,46.5882,5.000,52654.9
604.269,606.111,46.5934,5.000,52652.8
604.768,606.311,46.6110,5.000,52645.7
604.769,606.513,46.6164,5.000,52643.6
605.268,606.712,46.6206,5.000,52641.9
605.268,606.912,46.6211,5.000,52641.7
605.268,607.112,46.6090,5.000,52646.6
605.767,607.313,46.6146,5.000,52644.3
605.768,607.513,46.6287,5.000,52638.7
606.268,607.712,46.6271,5.000,52639.3
606.269,607.914,46.6395,5.000,52634.4
606.269,608.114,46.6400,5.000,52634.2
606.767,608.313,46.6851,5.000,52616.1
606.767,608.514,46.6439,5.000,52632.6
607.268,608.714,46.6489,5.000,52630.6
607.269,608.913,46.6552,5.000,52628.1
607.269,609.114,46.6688,5.000,52622.7
607.768,609.315,46.6606,5.000,52625.9
607.769,609.516,46.6738,5.000,52620.6
608.268,609.714,46.6728,5.000,52621.0
608.269,609.914,46.6543,5.000,52628.4
608.269,610.116,46.6605,5.000,52626.0
608.768,610.316,46.6545,5.000,52628.4
608.769,610.516,46.6868,5.000,52615.5
609.268,610.716,46.7099,5.000,52606.2
609.269,610.916,46.6694,5.000,52622.4
609.269,611.116,46.7025,5.000,52609.1
609.768,611.316,46.6901,5.000,52614.1
609.769,611.516,46.6976,5.000,52611.1
610.268,611.718,46.6990,5.000,52610.5
610.269,611.916,46.6956,5.000,52611.9
610.269,612.117,46.6895,5.000,52614.4
610.768,612.318,46.7129,5.000,52605.0
610.769,612.518,46.7238,5.000,52600.6
611.268,612.718,46.7160,5.000,52603.8
611.269,612.917,46.7212,5.000,52601.7
611.269,613.119,46.7187,5.000,52602.6
611.768,613.318,46.7290,5.000,52598.6
611.789,613.518,46.7344,5.000,52596.4
612.268,613.719,46.7127,5.000,52605.1
612.268,613.919,46.7394,5.000,52594.3
612.269,614.119,46.7441,5.000,52592.5
612.768,614.319,46.7441,5.000,52592.5
612.768,614.520,46.7417,5.000,52593.4
613.268,614.720,46.7705,5.000,52581.9
613.269,614.919,46.7573,5.000,52587.1
613.269,615.120,46.7547,5.000,52588.2
613.768,615.321,46.7547,5.000,52588.3
613.768,615.520,46.7737,5.000,52580.6
614.268,615.721,46.7319,5.000,52597.4
614.269,615.921,46.7570,5.000,52587.3
614.269,616.120,46.7832,5.000,52576.8
614.768,616.321,46.7523,5.000,52589.2
614.769,616.521,46.7606,5.000,52585.9
615.267,616.723,46.7431,5.000,52592.9
615.267,616.921,46.7759,5.000,52579.8
615.267,617.121,46.7622,5.000,52585.2
615.768,617.322,46.7827,5.000,52577.0
615.768,617.523,46.7871,5.000,52575.2
616.268,617.723,46.7615,5.000,52585.5
616.269,617.922,46.7791,5.000,52578.5
616.269,618.122,46.7866,5.000,52575.4
616.768,618.324,46.7913,5.000,52573.5
616.769,618.524,46.7983,5.000,52570.7
617.268,618.724,46.8696,5.000,52542.1
617.269,618.924,46.7998,5.000,52570.2
617.269,619.124,46.7918,5.000,52573.3
617.768,619.324,46.7986,5.000,52570.6
617.769,619.524,46.7925,5.000,52573.1
618.268,619.725,46.8084,5.000,52566.7
618.269,619.925,46.8104,5.000,52565.9
618.269,620.124,46.8057,5.000,52567.8
618.768,620.325,46.8152,5.000,52563.9
618.769,620.526,46.8252,5.000,52560.0
619.268,620.725,46.8066,5.000,52567.5
619.269,620.926,46.8174,5.000,52563.1
619.269,621.126,46.8296,5.000,52558.1
619.768,621.326,46.8255,5.000,52559.8
619.768,621.526,46.8058,5.000,52567.7
620.269,621.726,46.8157,5.000,52563.8
620.269,621.928,46.8283,5.000,52558.7
620.269,622.126,46.8107,5.000,52565.7
620.768,622.327,46.8341,5.000,52556.4
620.769,622.528,46.8310,5.000,52557.6
621.268,622.728,46.8289,5.000,52558.4
621.269,622.928,46.8429,5.000,52552.8
621.269,623.127,46.8442,5.000,52552.3
621.768,623.328,46.8595,5.000,52546.2
621.769,623.529,46.8576,5.000,52547.0
622.268,623.728,46.8470,5.000,52551.2
622.269,623.929,46.8638,5.000,52544.4
622.269,624.129,46.8904,5.000,52533.7
622.768,624.329,46.9036,5.000,52528.5
622.769,624.529,46.8555,5.000,52547.7
623.268,624.729,46.8314,5.000,52557.4
623.269,624.931,46.8520,5.000,52549.2
623.269,625.129,46.8717,5.000,52541.2
623.768,625.329,46.8807,5.000,52537.7
623.769,625.531,46.9201,5.000,52521.8
624.268,625.731,46.8395,5.000,52554.2
624.268,625.931,46.8634,5.000,52544.6
624.269,626.130,46.8729,5.000,52540.8
624.768,626.331,46.8809,5.000,52537.6
624.769,626.532,46.8646,5.000,52544.1
625.268,626.731,46.8932,5.000,52532.6
625.269,626.932,46.8875,5.000,52534.9
625.269,627.132,46.8945,5.000,52532.1
625.768,627.331,46.8926,5.000,52532.9
625.769,627.532,46.8833,5.000,52536.6
626.268,627.733,46.8846,5.000,52536.1
626.269,627.932,46.9041,5.000,52528.2
626.269,628.133,46.9155,5.000,52523.7
626.768,628.332,46.9084,5.000,52526.5
626.769,628.534,46.9036,5.000,52528.5
627.268,628.734,46.9199,5.000,52521.8
627.269,628.933,46.9185,5.000,52522.5
627.269,629.134,46.9069,5.000,52527.1
627.768,629.334,46.9106,5.000,52525.6
627.769,629.534,46.9290,5.000,52518.2
628.267,629.734,46.9294,5.000,52518.1
628.267,629.935,46.9328,5.000,52516.7
628.267,630.136,46.9209,5.000,52521.5
628.768,630.334,46.9347,5.000,52515.9
628.769,630.535,46.9378,5.000,52514.7
629.268,630.736,46.9352,5.000,52515.7
629.269,630.936,46.9456,5.000,52511.6
629.269,631.136,46.9316,5.000,52517.2
629.766,631.335,46.9526,5.000,52508.8
629.767,631.536,46.9585,5.000,52506.4
630.268,631.737,46.9590,5.000,52506.1
630.269,631.936,46.9647,5.000,52503.9
630.269,632.137,46.9484,5.000,52510.4
630.767,632.337,46.9697,5.000,52501.9
630.768,632.538,46.9546,5.000,52507.9
631.268,632.737,46.9736,5.000,52500.3
631.269,632.937,46.9731,5.000,52500.5
631.269,633.139,46.9782,5.000,52498.4
631.768,633.337,46.9795,5.000,52497.9
631.769,633.537,46.9414,5.000,52513.2
632.268,633.739,46.9754,5.000,52499.6
632.268,633.939,46.9645,5.000,52503.9
632.268,634.139,46.9889,5.000,52494.1
632.768,634.338,46.9979,5.000,52490.5
632.768,634.539,46.9951,5.000,52491.6
633.268,634.739,46.9984,5.000,52490.3
633.268,634.939,46.9997,5.000,52489.8
633.268,635.141,47.0068,5.000,52486.9
633.768,635.340,46.9971,5.000,52490.8
633.769,635.539,47.0143,5.000,52483.9
634.268,635.740,47.0055,5.000,52487.5
634.269,635.941,47.0156,5.000,52483.3
634.269,636.141,47.0161,5.000,52483.2
634.768,636.341,47.0185,5.000,52482.2
634.768,636.540,47.0156,5.000,52483.4
635.268,636.742,47.0268,5.000,52478.9
635.269,636.941,47.0355,5.000,52475.4
635.269,637.141,47.0423,5.000,52472.6
635.767,637.343,47.0532,5.000,52468.2
635.767,637.541,47.0436,5.000,52472.1
636.268,637.742,47.0382,5.000,52474.2
636.268,637.942,47.0522,5.000,52468.6
636.268,638.143,47.0405,5.000,52473.3
636.768,638.343,47.0540,5.000,52467.9
636.769,638.542,47.0588,5.000,52466.0
637.268,638.744,47.0729,5.000,52460.3
637.268,638.944,47.0696,5.000,52461.6
637.269,639.143,47.0610,5.000,52465.0
637.768,639.344,47.0749,5.000,52459.5
637.769,639.543,47.0762,5.000,52458.9
638.268,639.745,47.0718,5.000,52460.7
638.269,639.945,47.0861,5.000,52454.9
638.269,640.144,47.0815,5.000,52456.8
638.768,640.345,47.0708,5.000,52461.1
638.769,640.545,47.0902,5.000,52453.4
639.268,640.745,47.0916,5.000,52452.8
639.269,640.945,47.0825,5.000,52456.4
639.269,641.146,47.0981,5.000,52450.1
639.766,641.347,47.0998,5.000,52449.5
639.767,641.545,47.1154,5.000,52443.2
640.268,641.745,47.1108,5.000,52445.0
640.269,641.947,47.1087,5.000,52445.8
640.269,642.147,47.1089,5.000,52445.8
640.768,642.347,47.1144,5.000,52443.5
640.768,642.546,47.1025,5.000,52448.3
641.268,642.747,47.1194,5.000,52441.5
641.268,642.948,47.1020,5.000,52448.5
641.268,643.147,47.1282,5.000,52438.0
641.768,643.348,47.1291,5.000,52437.6
641.769,643.548,47.1471,5.000,52430.3
642.266,643.747,47.1299,5.000,52437.3
642.267,643.948,47.1072,5.000,52446.4
642.267,644.148,47.1465,5.000,52430.6
642.768,644.349,47.1587,5.000,52425.7
642.769,644.549,47.1499,5.000,52429.2
643.268,644.748,47.1660,5.000,52422.7
643.269,644.950,47.1678,5.000,52422.0
643.269,645.150,47.1515,5.000,52428.6
643.768,645.349,47.1618,5.000,52424.4
643.768,645.550,47.1821,5.000,52416.2
644.267,645.750,47.1614,5.000,52424.6
644.267,645.951,47.1696,5.000,52421.3
644.267,646.150,47.1759,5.000,52418.7
644.768,646.350,47.1738,5.000,52419.6
644.769,646.552,47.1812,5.000,52416.6
645.268,646.750,47.1714,5.000,52420.6
645.268,646.951,47.1723,5.000,52420.2
645.268,647.152,47.1929,5.000,52411.8
645.768,647.351,47.1732,5.000,52419.8
645.768,647.552,47.1784,5.000,52417.7
646.268,647.752,47.1943,5.000,52411.3
646.269,647.953,47.2178,5.000,52401.7
646.269,648.152,47.1974,5.000,52410.0
646.768,648.352,47.2324,5.000,52395.9
646.768,648.554,47.2090,5.000,52405.4
647.268,648.752,47.2010,5.000,52408.6
647.268,648.953,47.1891,5.000,52413.4
647.268,649.154,47.1792,5.000,52417.4
647.768,649.353,47.1982,5.000,52409.6
647.769,649.554,47.2192,5.000,52401.2
648.268,649.753,47.2297,5.000,52397.0
648.269,649.955,47.2189,5.000,52401.3
648.269,650.154,47.2238,5.000,52399.4
648.766,650.354,47.2298,5.000,52396.9
648.767,650.556,47.2324,5.000,52395.9
649.268,650.754,47.2441,5.000,52391.2
649.269,650.954,47.2324,5.000,52395.9
649.269,651.156,47.2205,5.000,52400.7
649.768,651.356,47.2441,5.000,52391.2
649.769,651.556,47.2329,5.000,52395.7
650.268,651.755,47.2363,5.000,52394.3
650.269,651.956,47.2544,5.000,52387.0
650.269,652.156,47.2472,5.000,52389.9
650.768,652.356,47.2441,5.000,52391.2
650.768,652.557,47.2575,5.000,52385.7
651.268,652.757,47.2435,5.000,52391.4
651.268,652.956,47.2519,5.000,52388.1
651.269,653.158,47.2668,5.000,52382.0
651.767,653.358,47.2668,5.000,52382.0
651.767,653.557,47.2798,5.000,52376.7
652.268,653.758,47.3132,5.000,52363.2
652.269,653.958,47.2676,5.000,52381.6
652.269,654.158,47.3081,5.000,52365.3
652.767,654.358,47.2878,5.000,52373.5
652.767,654.559,47.2729,5.000,52379.5
653.268,654.760,47.2887,5.000,52373.1
653.269,654.958,47.3016,5.000,52367.9
653.269,655.159,47.3053,5.000,52366.4
653.768,655.360,47.3056,5.000,52366.3
653.769,655.559,47.3302,5.000,52356.3
654.269,655.760,47.3219,5.000,52359.6
654.269,655.960,47.3105,5.000,52364.3
654.269,656.161,47.3100,5.000,52364.5
654.768,656.361,47.3192,5.000,52360.8
654.769,656.560,47.3184,5.000,52361.1
655.268,656.761,47.3332,5.000,52355.1
655.268,656.961,47.3296,5.000,52356.6
655.268,657.161,47.3356,5.000,52354.1
655.768,657.361,47.3210,5.000,52360.1
655.768,657.562,47.3362,5.000,52353.9
656.268,657.763,47.3633,5.000,52343.0
656.268,657.961,47.3333,5.000,52355.1
656.269,658.162,47.3447,5.000,52350.5
656.768,658.363,47.3642,5.000,52342.6
656.769,658.562,47.3353,5.000,52354.3
657.266,658.763,47.3530,5.000,52347.1
657.267,658.962,47.3545,5.000,52346.5
657.267,659.164,47.3628,5.000,52343.1
657.768,659.363,47.3555,5.000,52346.1
657.769,659.563,47.3784,5.000,52336.8
658.268,659.764,47.3613,5.000,52343.8
658.269,659.964,47.4209,5.000,52319.5
658.269,660.163,47.3605,5.000,52344.1
658.768,660.364,47.3613,5.000,52343.8
658.769,660.565,47.3799,5.000,52336.2
659.268,660.765,47.3667,5.000,52341.5
659.269,660.964,47.3763,5.000,52337.7
659.269,661.165,47.3974,5.000,52329.1
659.768,661.366,47.3642,5.000,52342.6
659.769,661.565,47.3895,5.000,52332.3
660.268,661.766,47.3763,5.000,52337.6
660.269,661.966,47.4103,5.000,52323.8
660.269,662.165,47.4077,5.000,52325.0
660.768,662.366,47.4179,5.000,52320.8
660.769,662.567,47.4106,5.000,52323.7
661.268,662.766,47.4258,5.000,52317.6
661.269,662.967,47.4175,5.000,52320.9
661.269,663.167,47.4155,5.000,52321.8
661.768,663.368,47.4263,5.000,52317.4
661.769,663.567,47.4316,5.000,52315.2
662.268,663.767,47.4424,5.000,52310.9
662.269,663.969,47.4380,5.000,52312.6
662.269,664.167,47.4240,5.000,52318.3
662.768,664.368,47.4206,5.000,52319.7
662.769,664.568,47.4224,5.000,52319.0
663.268,664.769,47.4521,5.000,52306.9
663.269,664.969,47.4546,5.000,52305.9
663.269,665.168,47.4416,5.000,52311.2
663.767,665.370,47.4580,5.000,52304.6
663.768,665.569,47.4619,5.000,52303.0
664.268,665.769,47.4726,5.000,52298.6
664.269,665.971,47.4704,5.000,52299.5
664.269,666.170,47.4810,5.000,52295.2
664.768,666.371,47.4757,5.000,52297.3
664.769,666.570,47.4245,5.000,52318.1
665.266,666.770,47.4556,5.000,52305.5
665.267,666.971,47.5257,5.000,52277.1
665.267,667.171,47.4876,5.000,52292.5
665.768,667.370,47.4695,5.000,52299.8
665.769,667.571,47.4829,5.000,52294.4
666.268,667.772,47.4800,5.000,52295.6
666.269,667.972,47.4892,5.000,52291.9
666.269,668.171,47.4995,5.000,52287.6
666.768,668.372,47.4966,5.000,52288.8
666.769,668.573,47.5263,5.000,52276.8
667.268,668.772,47.4980,5.000,52288.2
667.269,668.973,47.5106,5.000,52283.2
667.269,669.173,47.4995,5.000,52287.7
667.768,669.372,47.5132,5.000,52282.1
667.769,669.573,47.5264,5.000,52276.7
668.268,669.774,47.5202,5.000,52279.3
668.269,669.974,47.5102,5.000,52283.3
668.269,670.174,47.5220,5.000,52278.6
668.768,670.373,47.5389,5.000,52271.7
668.769,670.575,47.5342,5.000,52273.6
669.268,670.774,47.5361,5.000,52272.8
669.268,670.974,47.5529,5.000,52266.0
669.269,671.175,47.5269,5.000,52276.6
669.768,671.375,47.5400,5.000,52271.2
669.769,671.576,47.5589,5.000,52263.5
670.268,671.775,47.5542,5.000,52265.5
670.269,671.975,47.5574,5.000,52264.1
670.269,672.176,47.5703,5.000,52258.9
670.768,672.376,47.5566,5.000,52264.4
670.768,672.577,47.5657,5.000,52260.8
671.268,672.776,47.5684,5.000,52259.7
671.269,672.976,47.5708,5.000,52258.8
671.269,673.178,47.5740,5.000,52257.4
671.768,673.376,47.5812,5.000,52254.5
671.769,673.577,47.5796,5.000,52255.2
672.268,673.778,47.5928,5.000,52249.8
672.268,673.978,47.6155,5.000,52240.5
672.269,674.178,47.5674,5.000,52260.1
672.768,674.377,47.5981,5.000,52247.6
672.769,674.579,47.6059,5.000,52244.4
673.268,674.779,47.5960,5.000,52248.5
673.269,674.978,47.5552,5.000,52265.0
673.269,675.179,47.5916,5.000,52250.2
673.768,675.379,47.6028,5.000,52245.7
673.768,675.580,47.5884,5.000,52251.5
674.268,675.779,47.6037,5.000,52245.4
674.269,675.979,47.5776,5.000,52255.9
674.768,676.181,47.6113,5.000,52242.2
674.769,676.379,47.6058,5.000,52244.5
674.769,676.579,47.6323,5.000,52233.7
675.268,676.780,47.6365,5.000,52232.0
675.269,676.981,47.6303,5.000,52234.5
675.768,677.181,47.6201,5.000,52238.6
675.768,677.380,47.6235,5.000,52237.2
675.769,677.581,47.6240,5.000,52237.0
676.268,677.782,47.6391,5.000,52230.9
676.269,677.981,47.6416,5.000,52229.9
676.768,678.182,47.6299,5.000,52234.7
676.768,678.382,47.6470,5.000,52227.7
676.768,678.582,47.6486,5.000,52227.0
677.268,678.782,47.6466,5.000,52227.8
677.269,678.982,47.6219,5.000,52238.0
677.768,679.183,47.6528,5.000,52225.4
677.769,679.384,47.6367,5.000,52231.9
677.769,679.582,47.6512,5.000,52226.0
678.268,679.784,47.6206,5.000,52238.4
678.269,679.984,47.6644,5.000,52220.6
678.768,680.183,47.6660,5.000,52220.0
678.769,680.384,47.6626,5.000,52221.4
678.769,680.584,47.6517,5.000,52225.8
679.267,680.784,47.6597,5.000,52222.5
679.267,680.984,47.6587,5.000,52223.0
679.768,681.184,47.6719,5.000,52217.6
679.769,681.386,47.6704,5.000,52218.1
679.769,681.584,47.6689,5.000,52218.8
680.268,681.785,47.6746,5.000,52216.5
680.269,681.986,47.6808,5.000,52213.9
680.768,682.185,47.6738,5.000,52216.8
680.769,682.386,47.6660,5.000,52220.0
680.769,682.585,47.6745,5.000,52216.5
681.267,682.787,47.6777,5.000,52215.2
681.267,682.986,47.7036,5.000,52204.7
681.768,683.186,47.6841,5.000,52212.6
681.768,683.387,47.6933,5.000,52208.9
681.768,683.587,47.6860,5.000,52211.8
682.268,683.788,47.6953,5.000,52208.1
682.268,683.987,47.6819,5.000,52213.5
682.768,684.187,47.7029,5.000,52204.9
682.769,684.388,47.6978,5.000,52207.0
682.769,684.588,47.6904,5.000,52210.1
683.268,684.788,47.7056,5.000,52203.8
683.269,684.988,47.7129,5.000,52200.9
683.768,685.188,47.7207,5.000,52197.7
683.769,685.390,47.7022,5.000,52205.2
683.769,685.588,47.7239,5.000,52196.4
684.268,685.788,47.7139,5.000,52200.5
684.268,685.990,47.7072,5.000,52203.2
684.768,686.190,47.7251,5.000,52195.9
684.769,686.390,47.7739,5.000,52176.1
684.769,686.589,47.7290,5.000,52194.3
685.268,686.790,47.7280,5.000,52194.8
685.269,686.990,47.7534,5.000,52184.3
685.768,687.190,47.7446,5.000,52187.9
685.769,687.391,47.7510,5.000,52185.4
685.769,687.591,47.8032,5.000,52164.1
686.268,687.791,47.7381,5.000,52190.6
686.269,687.991,47.7305,5.000,52193.7
686.768,688.191,47.7319,5.000,52193.1
686.769,688.392,47.7417,5.000,52189.1
686.769,688.592,47.7479,5.000,52186.6
687.266,688.791,47.7419,5.000,52189.1
687.267,688.993,47.7636,5.000,52180.2
687.768,689.192,47.7422,5.000,52189.0
687.769,689.392,47.7553,5.000,52183.6
687.769,689.594,47.7495,5.000,52185.9
688.268,689.793,47.7687,5.000,52178.1
688.269,689.993,47.7697,5.000,52177.7
688.767,690.193,47.7646,5.000,52179.8
688.767,690.394,47.7763,5.000,52175.0
688.767,690.594,47.7693,5.000,52177.9
689.268,690.793,47.7666,5.000,52178.9
689.269,690.995,47.7808,5.000,52173.2
689.768,691.195,47.7861,5.000,52171.0
689.768,691.394,47.7935,5.000,52168.0
689.768,691.595,47.7900,5.000,52169.4
690.268,691.795,47.7978,5.000,52166.3
690.269,691.996,47.7998,5.000,52165.4
690.768,692.195,47.7476,5.000,52186.7
690.768,692.395,47.7881,5.000,52170.2
690.768,692.596,47.7563,5.000,52183.1
691.268,692.796,47.7889,5.000,52169.8
691.268,692.995,47.7882,5.000,52170.1
691.768,693.196,47.8123,5.000,52160.3
691.769,693.397,47.8149,5.000,52159.2
691.769,693.597,47.8045,5.000,52163.5
692.268,693.796,47.8183,5.000,52157.9
692.269,693.996,47.8237,5.000,52155.7
692.768,694.198,47.8159,5.000,52158.8
692.769,694.397,47.8008,5.000,52165.1
692.769,694.598,47.8061,5.000,52162.9
693.268,694.798,47.8196,5.000,52157.3
693.269,694.997,47.8311,5.000,52152.6
693.768,695.198,47.8315,5.000,52152.4
693.769,695.399,47.8196,5.000,52157.4
693.769,695.599,47.8247,5.000,52155.4
694.268,695.799,47.8034,5.000,52164.0
694.269,695.998,47.8520,5.000,52144.1
694.767,696.200,47.8369,5.000,52150.3
694.768,696.399,47.8503,5.000,52144.8
694.768,696.599,47.8480,5.000,52145.8
695.268,696.801,47.8452,5.000,52146.8
695.269,697.000,47.8423,5.000,52148.1
695.768,697.200,47.8389,5.000,52149.5
695.768,697.400,47.8584,5.000,52141.5
695.768,697.601,47.8397,5.000,52149.1
696.268,697.801,47.8559,5.000,52142.5
696.269,698.000,47.8364,5.000,52150.5
696.768,698.202,47.8599,5.000,52140.9
696.768,698.402,47.8688,5.000,52137.2
696.768,698.601,47.8688,5.000,52137.2
697.268,698.802,47.8696,5.000,52137.0
697.269,699.002,47.8574,5.000,52141.9
697.768,699.203,47.8760,5.000,52134.3
697.769,699.402,47.8833,5.000,52131.3
697.769,699.602,47.8862,5.000,52130.2
698.268,699.804,47.8862,5.000,52130.2
698.269,700.002,47.8823,5.000,52131.8
698.768,700.203,47.8602,5.000,52140.8
698.769,700.403,47.8996,5.000,52124.7
698.769,700.604,47.8730,5.000,52135.5
699.266,700.804,47.8813,5.000,52132.1
699.267,701.003,47.8973,5.000,52125.6
699.768,701.205,47.9033,5.000,52123.1
699.769,701.405,47.8965,5.000,52126.0
699.769,701.604,47.8945,5.000,52126.7
700.268,701.805,47.8973,5.000,52125.6
700.268,702.005,47.9101,5.000,52120.4
700.768,702.205,47.8975,5.000,52125.5
700.769,702.405,47.8672,5.000,52137.9
700.769,702.605,47.8999,5.000,52124.6
701.268,702.807,47.8999,5.000,52124.6
701.269,703.006,47.9033,5.000,52123.1
701.766,703.206,47.9202,5.000,52116.2
701.767,703.406,47.9331,5.000,52111.0
701.767,703.606,47.9131,5.000,52119.1
702.268,703.807,47.9147,5.000,52118.5
702.268,704.008,47.9377,5.000,52109.1
702.768,704.206,47.9316,5.000,52111.6
702.769,704.407,47.9390,5.000,52108.5
702.769,704.608,47.9399,5.000,52108.2
703.268,704.807,47.9389,5.000,52108.6
703.268,705.008,47.9487,5.000,52104.6
703.767,705.207,47.9373,5.000,52109.3
703.767,705.409,47.9591,5.000,52100.3
703.767,705.608,47.9517,5.000,52103.4
704.268,705.808,47.9463,5.000,52105.6
704.268,706.010,47.9692,5.000,52096.2
704.768,706.209,47.9635,5.000,52098.5
704.769,706.409,47.9551,5.000,52102.0
704.769,706.609,47.9513,5.000,52103.5
705.267,706.810,47.9715,5.000,52095.2
705.267,707.010,47.9787,5.000,52092.3
705.768,707.209,47.9813,5.000,52091.3
705.769,707.411,47.9720,5.000,52095.1
705.769,707.611,47.9712,5.000,52095.4
706.268,707.810,48.0290,5.000,52071.7
706.269,708.011,47.9761,5.000,52093.4
706.768,708.211,47.9883,5.000,52088.4
706.769,708.411,48.0000,5.000,52083.6
706.769,708.611,47.9728,5.000,52094.7
707.268,708.811,48.0010,5.000,52083.3
707.269,709.013,47.9871,5.000,52088.9
707.768,709.211,48.0114,5.000,52079.0
707.769,709.412,48.0193,5.000,52075.7
707.769,709.613,48.0159,5.000,52077.1
708.266,709.812,48.0003,5.000,52083.5
708.267,710.013,48.0320,5.000,52070.5
708.768,710.212,48.0212,5.000,52074.9
708.768,710.414,48.0068,5.000,52080.8
708.768,710.613,48.0346,5.000,52069.5
709.268,710.813,48.0332,5.000,52070.0
709.269,711.014,48.0530,5.000,52061.9
709.768,711.214,48.0307,5.000,52071.0
709.769,711.414,48.0198,5.000,52075.5
709.769,711.614,48.0325,5.000,52070.3
710.268,711.814,48.0236,5.000,52073.9
710.269,712.016,48.0459,5.000,52064.8
710.768,712.214,48.0596,5.000,52059.2
710.769,712.414,48.0351,5.000,52069.2
710.769,712.616,48.0539,5.000,52061.6
711.268,712.816,48.0500,5.000,52063.1
711.269,713.016,48.0379,5.000,52068.1
711.768,713.216,48.0439,5.000,52065.6
711.768,713.416,48.0701,5.000,52054.9
711.768,713.617,48.0754,5.000,52052.7
712.268,713.816,48.0767,5.000,52052.2
712.269,714.016,48.0234,5.000,52073.9
712.768,714.218,48.0791,5.000,52051.2
712.769,714.417,48.0638,5.000,52057.5
712.769,714.617,48.0773,5.000,52051.9
713.268,714.817,48.0867,5.000,52048.1
713.269,715.017,48.0830,5.000,52049.6
713.768,715.219,48.0856,5.000,52048.5
713.769,715.417,48.0835,5.000,52049.4
713.769,715.618,48.0833,5.000,52049.5
714.268,715.818,48.0876,5.000,52047.7
714.268,716.019,48.1260,5.000,52032.0
714.768,716.219,48.0772,5.000,52052.0
714.769,716.418,48.0850,5.000,52048.8
714.769,716.620,48.0864,5.000,52048.2
715.268,716.820,48.1025,5.000,52041.6
715.269,717.019,48.1113,5.000,52037.9
715.767,717.220,48.0835,5.000,52049.4
715.767,717.420,48.1069,5.000,52039.8
715.767,717.620,48.1118,5.000,52037.8
716.268,717.820,48.1022,5.000,52041.7
716.269,718.021,48.1040,5.000,52040.9
716.768,718.222,48.1094,5.000,52038.8
716.769,718.420,48.1097,5.000,52038.7
716.769,718.620,48.1258,5.000,52032.1
717.268,718.822,48.1276,5.000,52031.3
717.269,719.021,48.1279,5.000,52031.2
717.768,719.222,48.1289,5.000,52030.8
717.769,719.422,48.1408,5.000,52025.9
717.769,719.621,48.1745,5.000,52012.1
718.268,719.822,48.1468,5.000,52023.4
718.269,720.022,48.1492,5.000,52022.4
718.768,720.224,48.1328,5.000,52029.1
718.769,720.423,48.1354,5.000,52028.1
718.769,720.622,48.1386,5.000,52026.8
719.268,720.823,48.1391,5.000,52026.6
719.269,721.024,48.1558,5.000,52019.8
719.768,721.224,48.1538,5.000,52020.6
719.769,721.424,48.1317,5.000,52029.6
719.769,721.624,48.1460,5.000,52023.7
720.268,721.825,48.1470,5.000,52023.3
720.269,722.024,48.1519,5.000,52021.3
720.768,722.224,48.1296,5.000,52030.5
720.769,722.426,48.1762,5.000,52011.4
720.769,722.624,48.1489,5.000,52022.6
721.268,722.825,48.1535,5.000,52020.7
721.268,723.025,48.1777,5.000,52010.8
721.768,723.226,48.1733,5.000,52012.6
721.769,723.426,48.1746,5.000,52012.0
721.769,723.625,48.1463,5.000,52023.6
722.268,723.827,48.1877,5.000,52006.6
722.268,724.026,48.1764,5.000,52011.3
722.768,724.226,48.1772,5.000,52010.9
722.768,724.428,48.1728,5.000,52012.7
722.769,724.627,48.1589,5.000,52018.5
723.268,724.827,48.2144,5.000,51995.7
723.268,725.027,48.1790,5.000,52010.2
723.768,725.227,48.1961,5.000,52003.2
723.768,725.429,48.1870,5.000,52006.9
723.769,725.627,48.1930,5.000,52004.4
724.269,725.828,48.2031,5.000,52000.3
724.269,726.028,48.2036,5.000,52000.1
724.768,726.229,48.2043,5.000,51999.8
724.769,726.429,48.1849,5.000,52007.8
724.769,726.628,48.1927,5.000,52004.6
725.268,726.830,48.2246,5.000,51991.5
725.269,727.030,48.2012,5.000,52001.1
725.768,727.229,48.2153,5.000,51995.2
725.769,727.430,48.2480,5.000,51981.8
725.769,727.630,48.2298,5.000,51989.4
726.268,727.829,48.2607,5.000,51976.6
726.269,728.030,48.2124,5.000,51996.5
726.767,728.230,48.2310,5.000,51988.8
726.767,728.432,48.2363,5.000,51986.6
726.767,728.630,48.2207,5.000,51993.1
727.268,728.830,48.2371,5.000,51986.4
727.269,729.032,48.2352,5.000,51987.1
727.768,729.231,48.2275,5.000,51990.3
727.769,729.432,48.2472,5.000,51982.2
727.769,729.632,48.2275,5.000,51990.2
728.268,729.832,48.2456,5.000,51982.8
728.269,730.032,48.2529,5.000,51979.9
728.767,730.232,48.2617,5.000,51976.2
728.767,730.433,48.2539,5.000,51979.4
728.767,730.634,48.2606,5.000,51976.7
729.268,730.832,48.2586,5.000,51977.5
729.269,731.033,48.2588,5.000,51977.4
729.767,731.234,48.2793,5.000,51969.0
729.767,731.433,48.2674,5.000,51973.9
729.767,731.634,48.2671,5.000,51974.0
730.267,731.834,48.2674,5.000,51973.9
730.267,732.035,48.2734,5.000,51971.4
730.767,732.234,48.2674,5.000,51973.9
730.767,732.434,48.2778,5.000,51969.6
730.768,732.636,48.2785,5.000,51969.4
731.268,732.834,48.2598,5.000,51977.0
731.269,733.035,48.2798,5.000,51968.8
731.768,733.235,48.2708,5.000,51972.5
731.769,733.436,48.2882,5.000,51965.3
731.769,733.636,48.2900,5.000,51964.6
732.268,733.835,48.2806,5.000,51968.5
732.268,734.037,48.2705,5.000,51972.6
732.768,734.236,48.2746,5.000,51970.9
732.769,734.436,48.2944,5.000,51962.7
732.769,734.637,48.2912,5.000,51964.1
733.268,734.837,48.2808,5.000,51968.4
733.269,735.037,48.3706,5.000,51931.4
733.768,735.237,48.2905,5.000,51964.4
733.769,735.437,48.3605,5.000,51935.6
733.769,735.639,48.3062,5.000,51957.9
734.268,735.837,48.3095,5.000,51956.6
734.269,736.037,48.2998,5.000,51960.6
734.768,736.239,48.2998,5.000,51960.6
734.768,736.439,48.3024,5.000,51959.5
734.769,736.639,48.3086,5.000,51957.0
735.268,736.838,48.3078,5.000,51957.3
735.268,737.039,48.3184,5.000,51952.9
735.768,737.239,48.3156,5.000,51954.1
735.768,737.439,48.3235,5.000,51950.8
735.769,737.641,48.3105,5.000,51956.2
736.266,737.840,48.3185,5.000,51952.8
736.266,738.039,48.3323,5.000,51947.2
736.768,738.240,48.3286,5.000,51948.7
736.769,738.440,48.3226,5.000,51951.2
736.769,738.641,48.3201,5.000,51952.2
737.268,738.841,48.3361,5.000,51945.6
737.269,739.040,48.3374,5.000,51945.1
737.768,739.242,48.3388,5.000,51944.5
737.769,739.441,48.3302,5.000,51948.0
737.769,739.641,48.4111,5.000,51914.7
738.268,739.842,48.3398,5.000,51944.1
738.268,740.042,48.3540,5.000,51938.3
738.767,740.242,48.3136,5.000,51954.8
738.768,740.442,48.3631,5.000,51934.5
738.768,740.643,48.3125,5.000,51955.4
739.269,740.844,48.3416,5.000,51943.4
739.269,741.042,48.3512,5.000,51939.4
739.768,741.243,48.3349,5.000,51946.1
739.769,741.444,48.3613,5.000,51935.2
739.769,741.643,48.3359,5.000,51945.7
740.268,741.844,48.3576,5.000,51936.8
740.269,742.044,48.3608,5.000,51935.4
740.768,742.244,48.3441,5.000,51942.3
740.768,742.444,48.3525,5.000,51938.9
740.768,742.645,48.3512,5.000,51939.4
741.268,742.846,48.3439,5.000,51942.4
741.269,743.044,48.3572,5.000,51936.9
741.768,743.245,48.3809,5.000,51927.2
741.768,743.446,48.3566,5.000,51937.1
741.768,743.645,48.3774,5.000,51928.6
742.267,743.846,48.3618,5.000,51935.0
742.268,744.046,48.3779,5.000,51928.4
742.768,744.246,48.3867,5.000,51924.8
742.768,744.446,48.4017,5.000,51918.6
742.769,744.646,48.3909,5.000,51923.1
743.268,744.848,48.3875,5.000,51924.5
743.269,745.046,48.3898,5.000,51923.5
743.768,745.246,48.3882,5.000,51924.2
743.769,745.447,48.3937,5.000,51921.9
743.769,745.648,48.3940,5.000,51921.8
744.268,745.848,48.3950,5.000,51921.4
744.269,746.047,48.4072,5.000,51916.4
744.768,746.248,48.4075,5.000,51916.2
744.769,746.448,48.4009,5.000,51918.9
744.769,746.648,48.3893,5.000,51923.7
745.268,746.849,48.4006,5.000,51919.1
745.269,747.049,48.4059,5.000,51916.8
745.768,747.248,48.4141,5.000,51913.4
745.769,747.449,48.4142,5.000,51913.4
745.769,747.649,48.4059,5.000,51916.8
746.267,747.850,48.3960,5.000,51920.9
746.267,748.050,48.4052,5.000,51917.2
746.768,748.249,48.4121,5.000,51914.4
746.768,748.451,48.4090,5.000,51915.6
746.768,748.651,48.4199,5.000,51911.1
747.268,748.850,48.4162,5.000,51912.6
747.269,749.051,48.4150,5.000,51913.1
747.768,749.251,48.4395,5.000,51903.0
747.769,749.451,48.4404,5.000,51902.6
747.769,749.651,48.4445,5.000,51901.0
748.268,749.851,48.4433,5.000,51901.4
748.268,750.053,48.4473,5.000,51899.8
748.768,750.251,48.4294,5.000,51907.2
748.768,750.452,48.4536,5.000,51897.2
748.768,750.653,48.4606,5.000,51894.3
749.268,750.853,48.4695,5.000,51890.6
749.268,751.053,48.4653,5.000,51892.4
749.768,751.252,48.4312,5.000,51906.4
749.769,751.454,48.4656,5.000,51892.2
749.769,751.654,48.4598,5.000,51894.7
750.268,751.853,48.4697,5.000,51890.5
750.268,752.054,48.4377,5.000,51903.7
750.768,752.254,48.4741,5.000,51888.8
750.769,752.454,48.4873,5.000,51883.4
750.769,752.654,48.4686,5.000,51891.1
751.268,752.854,48.4695,5.000,51890.6
751.268,753.056,48.4634,5.000,51893.1
751.767,753.255,48.4818,5.000,51885.6
751.767,753.454,48.4948,5.000,51880.2
751.767,753.655,48.5181,5.000,51870.6
752.268,753.856,48.4845,5.000,51884.5
752.269,754.057,48.4961,5.000,51879.7
752.768,754.255,48.4915,5.000,51881.6
752.769,754.455,48.4941,5.000,51880.4
752.769,754.657,48.5032,5.000,51876.7
753.267,754.856,48.5965,5.000,51838.2
753.267,755.057,48.5023,5.000,51877.1
753.768,755.257,48.5085,5.000,51874.5
753.768,755.457,48.4946,5.000,51880.2
753.768,755.657,48.5226,5.000,51868.7
754.267,755.857,48.5203,5.000,51869.7
754.267,756.058,48.5231,5.000,51868.5
754.768,756.259,48.4857,5.000,51884.0
754.768,756.457,48.5317,5.000,51864.9
754.769,756.658,48.5124,5.000,51872.9
755.268,756.858,48.5337,5.000,51864.1
755.268,757.059,48.5356,5.000,51863.4
755.768,757.259,48.5231,5.000,51868.5
755.768,757.458,48.5369,5.000,51862.8
755.769,757.660,48.5254,5.000,51867.6
756.268,757.860,48.5418,5.000,51860.8
756.269,758.059,48.5529,5.000,51856.2
756.768,758.260,48.4966,5.000,51879.5
756.768,758.460,48.5470,5.000,51858.6
756.769,758.660,48.5607,5.000,51853.0
757.268,758.860,48.5316,5.000,51865.0
757.269,759.061,48.5363,5.000,51863.1
757.768,759.262,48.5508,5.000,51857.1
757.769,759.460,48.5534,5.000,51856.0
757.769,759.661,48.5601,5.000,51853.2
758.268,759.861,48.5679,5.000,51850.0
758.269,760.062,48.5221,5.000,51868.9
758.767,760.262,48.5454,5.000,51859.3
758.768,760.461,48.5562,5.000,51854.8
758.768,760.663,48.5462,5.000,51858.9
759.268,760.862,48.5638,5.000,51851.7
759.269,761.062,48.5848,5.000,51843.1
759.768,761.263,48.5688,5.000,51849.6
759.769,761.463,48.5724,5.000,51848.1
759.769,761.662,48.5646,5.000,51851.4
760.268,761.863,48.5823,5.000,51844.0
760.269,762.064,48.5947,5.000,51838.9
760.768,762.265,48.5882,5.000,51841.6
760.768,762.464,48.5902,5.000,51840.8
760.768,762.663,48.5885,5.000,51841.5
761.268,762.864,48.5933,5.000,51839.5
761.268,763.065,48.5965,5.000,51838.2
761.768,763.265,48.5967,5.000,51838.1
761.769,763.464,48.6250,5.000,51826.4
761.769,763.665,48.5981,5.000,51837.6
762.268,763.866,48.5820,5.000,51844.2
762.269,764.065,48.6030,5.000,51835.5
762.768,764.266,48.6167,5.000,51829.9
762.769,764.466,48.6087,5.000,51833.2
762.769,764.665,48.6123,5.000,51831.6
763.268,764.866,48.6206,5.000,51828.2
763.268,765.067,48.6001,5.000,51836.7
763.768,765.267,48.6051,5.000,51834.6
763.768,765.468,48.6279,5.000,51825.1
763.769,765.666,48.6222,5.000,51827.6
764.268,765.867,48.6344,5.000,51822.5
764.269,766.068,48.6237,5.000,51826.9
764.768,766.268,48.6313,5.000,51823.8
764.768,766.468,48.6313,5.000,51823.7
764.769,766.667,48.6213,5.000,51828.0
765.268,766.869,48.6418,5.000,51819.5
765.269,767.068,48.6245,5.000,51826.6
765.768,767.268,48.6221,5.000,51827.6
765.769,767.470,48.6326,5.000,51823.2
765.769,767.668,48.6510,5.000,51815.6
766.268,767.869,48.6556,5.000,51813.8
766.269,768.069,48.6577,5.000,51812.8
766.767,768.270,48.6471,5.000,51817.2
766.768,768.470,48.6603,5.000,51811.8
766.768,768.669,48.6743,5.000,51806.0
767.268,768.870,48.6642,5.000,51810.2
767.269,769.071,48.6589,5.000,51812.4
767.768,769.270,48.6652,5.000,51809.8
767.768,769.471,48.6658,5.000,51809.5
767.768,769.671,48.6487,5.000,51816.6
768.268,769.870,48.6862,5.000,51801.1
768.268,770.071,48.6559,5.000,51813.6
768.768,770.271,48.6826,5.000,51802.6
768.769,770.473,48.6828,5.000,51802.5
768.769,770.671,48.6929,5.000,51798.3
769.268,770.871,48.7002,5.000,51795.3
769.269,771.072,48.6968,5.000,51796.7
769.768,771.273,48.6596,5.000,51812.1
769.769,771.473,48.6982,5.000,51796.1
769.769,771.672,48.6981,5.000,51796.2
770.268,771.873,48.7007,5.000,51795.1
770.269,772.073,48.7048,5.000,51793.4
770.768,772.273,48.7165,5.000,51788.6
770.768,772.474,48.6811,5.000,51803.2
770.768,772.674,48.7194,5.000,51787.3
771.268,772.873,48.7383,5.000,51779.5
771.269,773.074,48.7016,5.000,51794.7
771.768,773.275,48.6865,5.000,51800.9
771.768,773.475,48.7243,5.000,51785.3
771.769,773.676,48.7082,5.000,51791.9
772.268,773.874,48.7082,5.000,51792.0
772.269,774.075,48.7324,5.000,51782.0
772.768,774.276,48.7225,5.000,51786.1
772.769,774.475,48.7226,5.000,51786.0
772.769,774.676,48.7392,5.000,51779.1
773.268,774.876,48.7472,5.000,51775.8
773.269,775.077,48.7225,5.000,51786.1
773.768,775.276,48.7387,5.000,51779.3
773.769,775.476,48.7314,5.000,51782.4
773.769,775.678,48.7477,5.000,51775.6
774.268,775.876,48.7506,5.000,51774.4
774.269,776.077,48.7264,5.000,51784.4
774.768,776.278,48.7472,5.000,51775.8
774.769,776.478,48.7562,5.000,51772.1
774.769,776.679,48.7567,5.000,51771.9
775.268,776.877,48.7669,5.000,51767.7
775.268,777.078,48.7563,5.000,51772.0
775.768,777.279,48.7715,5.000,51765.7
775.769,777.479,48.7575,5.000,51771.6
775.769,777.679,48.7642,5.000,51768.7
776.268,777.878,48.7754,5.000,51764.1
776.269,778.080,48.7876,5.000,51759.1
776.768,778.279,48.7682,5.000,51767.1
776.769,778.479,48.7671,5.000,51767.5
776.769,778.680,48.7974,5.000,51755.0
777.268,778.880,48.7788,5.000,51762.8
777.269,779.079,48.7754,5.000,51764.1
777.768,779.280,48.7630,5.000,51769.3
777.769,779.481,48.7873,5.000,51759.2
778.267,779.682,48.7881,5.000,51758.8
778.267,779.880,48.7861,5.000,51759.7
778.267,780.080,48.7768,5.000,51763.6
778.768,780.282,48.7908,5.000,51757.7
778.768,780.481,48.7770,5.000,51763.4
779.267,780.682,48.7954,5.000,51755.9
779.268,780.882,48.7920,5.000,51757.3
779.268,781.082,48.7956,5.000,51755.8
779.768,781.282,48.8449,5.000,51735.3
779.768,781.482,48.7951,5.000,51756.0
780.268,781.683,48.8073,5.000,51750.9
780.269,781.883,48.8032,5.000,51752.6
780.269,782.082,48.7908,5.000,51757.8
780.767,782.284,48.7863,5.000,51759.6
780.767,782.484,48.7998,5.000,51754.0
781.268,782.683,48.7983,5.000,51754.6
781.269,782.884,48.8086,5.000,51750.4
781.269,783.084,48.8159,5.000,51747.4
781.768,783.284,48.8222,5.000,51744.7
781.769,783.484,48.8198,5.000,51745.8
782.268,783.685,48.8066,5.000,51751.2
782.269,783.886,48.8371,5.000,51738.6
782.269,784.084,48.8026,5.000,51752.9
782.768,784.285,48.8032,5.000,51752.6
782.769,784.486,48.8270,5.000,51742.7
783.268,784.686,48.8283,5.000,51742.2
783.269,784.886,48.8286,5.000,51742.1
783.269,785.085,48.8657,5.000,51726.7
783.768,785.287,48.8144,5.000,51748.0
783.769,785.486,48.8169,5.000,51746.9
784.268,785.686,48.8335,5.000,51740.0
784.269,785.888,48.8335,5.000,51740.0
784.269,786.087,48.8315,5.000,51740.8
784.768,786.287,48.8432,5.000,51736.0
784.769,786.487,48.8437,5.000,51735.8
785.268,786.688,48.8395,5.000,51737.5
785.269,786.888,48.8262,5.000,51743.1
785.269,787.087,48.8511,5.000,51732.7
785.768,787.289,48.8501,5.000,51733.1
785.769,787.489,48.8564,5.000,51730.6
786.268,787.688,48.8374,5.000,51738.4
786.268,787.889,48.8462,5.000,51734.8
786.268,788.089,48.8442,5.000,51735.6
786.767,788.288,48.8569,5.000,51730.3
786.767,788.489,48.8642,5.000,51727.3
787.268,788.690,48.9028,5.000,51711.3
787.269,788.891,48.8680,5.000,51725.8
787.269,789.089,48.8590,5.000,51729.4
787.768,789.289,48.8724,5.000,51723.9
787.769,789.491,48.8678,5.000,51725.8
788.268,789.691,48.8685,5.000,51725.6
788.269,789.891,48.8716,5.000,51724.3
788.269,790.091,48.8673,5.000,51726.0
788.768,790.291,48.8791,5.000,51721.1
788.768,790.491,48.8720,5.000,51724.1
789.268,790.691,48.8784,5.000,51721.4
789.269,790.892,48.8770,5.000,51722.0
789.269,791.093,48.8724,5.000,51723.9
789.768,791.291,48.8960,5.000,51714.1
789.769,791.492,48.8939,5.000,51715.0
790.268,791.693,48.8782,5.000,51721.5
790.269,791.893,48.9129,5.000,51707.0
790.269,792.093,48.8918,5.000,51715.8
790.768,792.292,48.8548,5.000,51731.2
790.769,792.494,48.8690,5.000,51725.3
791.267,792.693,48.8669,5.000,51726.2
791.267,792.893,48.8891,5.000,51717.0
791.268,793.095,48.9075,5.000,51709.3
791.767,793.294,48.9062,5.000,51709.8
791.767,793.494,48.9074,5.000,51709.4
792.268,793.694,48.8916,5.000,51716.0
792.269,793.895,48.9128,5.000,51707.1
792.269,794.095,48.8970,5.000,51713.7
792.768,794.294,48.9155,5.000,51705.9
792.769,794.495,48.9106,5.000,51708.0
793.268,794.696,48.9089,5.000,51708.8
793.268,794.896,48.9147,5.000,51706.3
793.269,795.096,48.9144,5.000,51706.5
793.768,795.295,48.9074,5.000,51709.4
793.769,795.497,48.9136,5.000,51706.8
794.268,795.696,48.9057,5.000,51710.1
794.269,795.896,48.9250,5.000,51702.0
794.269,796.097,48.9128,5.000,51707.1
794.768,796.297,48.9287,5.000,51700.5
794.769,796.496,48.9346,5.000,51698.0
795.268,796.697,48.9404,5.000,51695.7
795.269,796.898,48.9324,5.000,51699.0
795.269,797.099,48.9627,5.000,51686.4
795.768,797.297,48.9339,5.000,51698.4
795.769,797.497,48.9277,5.000,51700.9
796.268,797.699,48.9199,5.000,51704.2
796.268,797.898,48.9092,5.000,51708.6
796.268,798.099,48.9395,5.000,51696.0
796.768,798.299,48.9588,5.000,51688.0
796.769,798.498,48.9394,5.000,51696.1
797.268,798.699,48.9461,5.000,51693.3
797.269,798.899,48.9321,5.000,51699.0
797.269,799.100,48.9468,5.000,51693.0
797.768,799.300,48.9494,5.000,51691.9
797.769,799.499,48.9477,5.000,51692.6
798.268,799.700,48.9282,5.000,51700.8
798.269,799.901,48.9477,5.000,51692.6
798.269,800.100,48.9556,5.000,51689.3
798.768,800.301,48.9560,5.000,51689.1
798.769,800.501,48.9531,5.000,51690.3
799.268,800.702,48.9380,5.000,51696.6
799.269,800.901,48.9568,5.000,51688.8
799.269,801.101,48.9565,5.000,51689.0
799.768,801.303,48.9588,5.000,51688.0
799.769,801.501,48.9559,5.000,51689.2
800.267,801.702,48.9643,5.000,51685.7
800.267,801.903,48.9513,5.000,51691.1
800.267,802.103,48.9634,5.000,51686.1
800.768,802.303,48.9562,5.000,51689.1
800.769,802.502,48.9555,5.000,51689.4
801.268,802.703,48.9559,5.000,51689.2
801.269,802.904,48.9507,5.000,51691.4
801.269,803.104,48.9627,5.000,51686.3
801.768,803.304,48.9443,5.000,51694.0
801.769,803.503,48.9549,5.000,51689.6
802.268,803.704,48.9536,5.000,51690.1
802.269,803.905,48.9684,5.000,51684.0
802.269,804.104,48.9595,5.000,51687.7
802.768,804.305,48.9712,5.000,51682.8
802.769,804.504,48.9665,5.000,51684.8
803.267,804.706,48.9736,5.000,51681.8
803.267,804.905,48.9627,5.000,51686.4
803.267,805.105,48.9687,5.000,51683.9
803.767,805.307,48.9583,5.000,51688.2
803.767,805.505,49.0137,5.000,51665.1
804.268,805.705,48.9746,5.000,51681.4
804.268,805.907,48.9778,5.000,51680.1
804.269,806.107,48.9722,5.000,51682.4
804.768,806.307,48.9434,5.000,51694.4
804.768,806.507,48.9344,5.000,51698.1
805.268,806.706,48.9684,5.000,51684.0
805.269,806.908,48.9774,5.000,51680.3
805.269,807.107,48.9599,5.000,51687.5
805.768,807.307,48.9803,5.000,51679.0
805.769,807.509,48.9629,5.000,51686.3
806.268,807.707,48.9658,5.000,51685.0
806.268,807.908,48.9759,5.000,51680.9
806.268,808.108,48.9873,5.000,51676.1
806.768,808.309,48.9881,5.000,51675.8
806.769,808.509,48.9951,5.000,51672.9
807.268,808.708,48.9892,5.000,51675.4
807.268,808.910,48.9824,5.000,51678.2
807.268,809.110,48.9751,5.000,51681.2
807.768,809.309,48.9380,5.000,51696.7
807.768,809.510,48.9937,5.000,51673.5
808.268,809.710,48.9966,5.000,51672.2
808.268,809.910,48.9790,5.000,51679.6
808.269,810.110,48.9873,5.000,51676.2
808.768,810.311,48.9951,5.000,51672.8
808.769,810.512,48.9980,5.000,51671.6
809.268,810.710,48.9997,5.000,51671.0
809.269,810.911,49.0010,5.000,51670.5
809.269,811.112,49.0005,5.000,51670.7
809.768,811.312,48.9936,5.000,51673.6
809.769,811.512,49.0018,5.000,51670.1
810.268,811.711,48.9836,5.000,51677.6
810.269,811.912,49.0060,5.000,51668.4
810.269,812.113,49.0055,5.000,51668.6
810.768,812.313,48.9821,5.000,51678.3
810.769,812.513,48.9923,5.000,51674.0
811.268,812.712,48.9873,5.000,51676.1
811.269,812.914,49.0002,5.000,51670.8
811.269,813.114,48.9956,5.000,51672.7
811.768,813.313,49.0088,5.000,51667.2
811.769,813.514,49.0029,5.000,51669.6
812.268,813.714,49.0063,5.000,51668.2
812.269,813.913,49.0112,5.000,51666.2
812.269,814.114,49.0081,5.000,51667.5
812.768,814.315,49.0135,5.000,51665.2
812.769,814.515,49.0026,5.000,51669.8
813.268,814.714,49.0115,5.000,51666.0
813.269,814.914,49.0150,5.000,51664.6
813.269,815.116,49.0136,5.000,51665.2
813.768,815.316,49.0172,5.000,51663.7
813.768,815.516,49.0189,5.000,51663.0
814.268,815.716,49.0208,5.000,51662.2
814.269,815.915,48.9897,5.000,51675.1
814.269,816.117,49.0171,5.000,51663.7
814.768,816.317,49.0020,5.000,51670.0
814.769,816.516,49.0229,5.000,51661.3
815.268,816.717,49.0189,5.000,51663.0
815.269,816.916,49.0166,5.000,51664.0
815.269,817.118,49.0024,5.000,51669.8
815.768,817.318,49.0207,5.000,51662.2
815.768,817.518,49.0189,5.000,51663.0
816.268,817.718,49.0080,5.000,51667.5
816.269,817.917,49.0322,5.000,51657.4
816.269,818.119,49.0189,5.000,51663.0
816.768,818.319,49.0316,5.000,51657.8
816.769,818.519,49.0268,5.000,51659.7
817.268,818.719,49.0130,5.000,51665.5
817.269,818.918,49.0268,5.000,51659.7
817.269,819.120,49.0319,5.000,51657.6
817.768,819.319,49.0364,5.000,51655.7
817.769,819.519,49.0104,5.000,51666.5
818.268,819.720,49.0187,5.000,51663.1
818.269,819.920,49.0290,5.000,51658.8
818.269,820.120,49.0402,5.000,51654.1
818.767,820.320,49.0412,5.000,51653.7
818.768,820.521,49.0431,5.000,51652.9
819.268,820.722,49.0519,5.000,51649.2
819.269,820.920,49.0291,5.000,51658.8
819.269,821.120,49.0386,5.000,51654.8
819.768,821.322,49.0439,5.000,51652.6
819.769,821.522,49.0422,5.000,51653.3
820.268,821.722,49.0415,5.000,51653.6
820.269,821.921,49.0264,5.000,51659.8
820.269,822.122,49.0441,5.000,51652.5
820.767,822.323,49.0402,5.000,51654.1
820.768,822.523,49.0601,5.000,51645.8
821.268,822.723,49.0671,5.000,51642.9
821.269,822.922,49.0645,5.000,51644.0
821.269,823.123,49.0675,5.000,51642.7
821.768,823.324,49.0591,5.000,51646.2
821.769,823.523,49.0408,5.000,51653.8
822.268,823.724,49.0643,5.000,51644.1
822.269,823.924,49.0589,5.000,51646.3
822.269,824.123,49.1094,5.000,51625.3
822.768,824.324,49.0724,5.000,51640.7
822.769,824.524,49.0671,5.000,51642.9
823.268,824.725,49.0871,5.000,51634.6
823.269,824.925,49.0688,5.000,51642.2
823.269,825.124,49.0796,5.000,51637.7
823.768,825.326,49.0695,5.000,51641.9
823.769,825.525,49.0892,5.000,51633.7
824.268,825.725,49.0579,5.000,51646.8
824.268,825.926,49.0884,5.000,51634.0
824.269,826.126,49.0773,5.000,51638.6
824.768,826.326,49.0706,5.000,51641.5
824.769,826.526,49.0732,5.000,51640.3
825.268,826.727,49.0991,5.000,51629.5
825.269,826.928,49.0675,5.000,51642.8
825.269,827.126,49.0862,5.000,51634.9
825.768,827.327,49.0941,5.000,51631.7
825.769,827.528,49.0516,5.000,51649.4
826.267,827.727,49.0967,5.000,51630.5
826.268,827.928,49.1014,5.000,51628.6
826.268,828.127,49.1050,5.000,51627.1
826.768,828.329,49.1019,5.000,51628.5
826.769,828.529,49.1055,5.000,51626.9
827.268,828.728,49.1017,5.000,51628.5
827.269,828.929,49.0810,5.000,51637.2
827.269,829.128,49.0861,5.000,51635.0
827.768,829.330,49.1022,5.000,51628.3
827.769,829.529,49.1069,5.000,51626.4
828.268,829.729,49.0965,5.000,51630.6
828.269,829.931,49.1017,5.000,51628.5
828.269,830.130,49.1030,5.000,51627.9
828.768,830.329,49.1260,5.000,51618.4
828.769,830.530,49.1214,5.000,51620.3
829.268,830.731,49.1164,5.000,51622.4
829.269,830.931,49.1266,5.000,51618.1
829.269,831.130,49.1172,5.000,51622.0
829.768,831.331,49.1364,5.000,51614.1
829.769,831.532,49.1328,5.000,51615.6
830.268,831.731,49.1216,5.000,51620.2
830.269,831.932,49.1356,5.000,51614.4
830.269,832.132,49.1170,5.000,51622.1
830.768,832.332,49.1605,5.000,51604.0
830.769,832.532,49.1255,5.000,51618.6
831.268,832.732,49.1447,5.000,51610.5
831.269,832.933,49.1424,5.000,51611.5
831.269,833.133,49.1453,5.000,51610.3
831.768,833.332,49.1255,5.000,51618.6
831.769,833.534,49.1302,5.000,51616.6
832.268,833.734,49.1353,5.000,51614.5
832.269,833.933,49.1554,5.000,51606.1
832.269,834.134,49.1419,5.000,51611.7
832.768,834.333,49.1611,5.000,51603.7
832.769,834.535,49.1308,5.000,51616.4
833.268,834.735,49.1504,5.000,51608.2
833.269,834.934,49.1406,5.000,51612.3
833.269,835.135,49.1623,5.000,51603.2
833.768,835.335,49.1553,5.000,51606.2
833.769,835.535,49.1473,5.000,51609.5
834.268,835.735,49.1471,5.000,51609.6
834.269,835.935,49.1344,5.000,51614.9
834.269,836.137,49.1675,5.000,51601.1
834.768,836.335,49.1642,5.000,51602.4
834.769,836.536,49.1606,5.000,51603.9
835.267,836.737,49.2106,5.000,51583.1
835.267,836.937,49.1821,5.000,51595.0
835.267,837.137,49.1735,5.000,51598.6
835.768,837.336,49.1655,5.000,51601.9
835.768,837.538,49.1811,5.000,51595.4
836.268,837.738,49.1868,5.000,51593.0
836.269,837.937,49.1883,5.000,51592.4
836.269,838.138,49.1906,5.000,51591.4
836.768,838.338,49.1621,5.000,51603.3
836.769,838.537,49.1723,5.000,51599.1
837.268,838.738,49.2025,5.000,51586.5
837.268,838.939,49.1917,5.000,51591.0
837.268,839.140,49.1580,5.000,51605.0
837.768,839.338,49.1999,5.000,51587.5
837.769,839.538,49.1948,5.000,51589.7
838.268,839.740,49.1914,5.000,51591.1
838.269,839.939,49.1976,5.000,51588.6
838.269,840.140,49.2085,5.000,51583.9
838.768,840.340,49.2078,5.000,51584.2
838.768,840.540,49.2173,5.000,51580.3
839.268,840.740,49.1968,5.000,51588.9
839.269,840.940,49.2241,5.000,51577.4
839.269,841.141,49.2034,5.000,51586.1
839.768,841.341,49.2225,5.000,51578.2
839.769,841.540,49.2126,5.000,51582.3
840.268,841.742,49.2114,5.000,51582.8
840.268,841.941,49.2168,5.000,51580.4
840.269,842.141,49.2227,5.000,51578.0
840.766,842.342,49.2326,5.000,51573.9
840.767,842.542,49.2265,5.000,51576.5
841.268,842.743,49.2200,5.000,51579.2
841.269,842.942,49.2246,5.000,51577.3
841.269,843.142,49.2463,5.000,51568.1
841.768,843.343,49.2456,5.000,51568.4
841.769,843.543,49.2344,5.000,51573.1
842.268,843.743,49.2459,5.000,51568.3
842.268,843.943,49.2508,5.000,51566.3
842.268,844.144,49.2693,5.000,51558.6
842.768,844.344,49.2223,5.000,51578.2
842.769,844.543,49.2539,5.000,51565.0
843.268,844.745,49.2502,5.000,51566.6
843.268,844.945,49.2542,5.000,51564.9
843.268,845.144,49.2524,5.000,51565.6
843.768,845.345,49.2521,5.000,51565.8
843.769,845.544,49.2510,5.000,51566.2
844.268,845.746,49.2819,5.000,51553.3
844.269,845.945,49.2594,5.000,51562.6
844.269,846.145,49.2553,5.000,51564.4
844.768,846.346,49.2568,5.000,51563.8
844.769,846.546,49.2575,5.000,51563.5
845.268,846.745,49.2277,5.000,51575.9
845.269,846.946,49.2458,5.000,51568.4
845.269,847.147,49.2586,5.000,51563.1
845.768,847.347,49.2495,5.000,51566.8
845.768,847.546,49.2269,5.000,51576.3
846.268,847.747,49.2376,5.000,51571.8
846.269,847.948,49.2583,5.000,51563.2
846.269,848.147,49.2515,5.000,51566.0
846.768,848.348,49.2583,5.000,51563.1
846.768,848.548,49.2682,5.000,51559.0
847.268,848.747,49.2598,5.000,51562.5
847.269,848.948,49.2380,5.000,51571.7
847.269,849.149,49.2344,5.000,51573.2
847.768,849.349,49.2680,5.000,51559.1
847.769,849.549,49.2739,5.000,51556.6
848.268,849.748,49.2529,5.000,51565.4
848.269,849.950,49.2666,5.000,51559.7
848.269,850.149,49.2594,5.000,51562.7
848.768,850.349,49.2549,5.000,51564.6
848.769,850.550,49.2610,5.000,51562.0
849.268,850.750,49.2783,5.000,51554.8
849.269,850.951,49.2692,5.000,51558.6
849.269,851.150,49.2656,5.000,51560.1
849.768,851.350,49.2568,5.000,51563.8
849.768,851.552,49.2648,5.000,51560.5
850.268,851.750,49.2762,5.000,51555.7
850.269,851.951,49.2650,5.000,51560.4
850.269,852.152,49.2656,5.000,51560.1
850.767,852.352,49.2847,5.000,51552.1
850.767,852.552,49.2799,5.000,51554.1
851.268,852.751,49.2720,5.000,51557.5
851.269,852.953,49.2643,5.000,51560.6
851.269,853.153,49.2853,5.000,51551.9
851.768,853.352,49.2607,5.000,51562.2
851.768,853.553,49.2884,5.000,51550.6
852.267,853.753,49.2726,5.000,51557.2
852.268,853.954,49.2765,5.000,51555.6
852.268,854.153,49.2868,5.000,51551.2
852.768,854.353,49.2856,5.000,51551.8
852.769,854.555,49.2856,5.000,51551.7
853.268,854.753,49.2863,5.000,51551.5
853.269,854.954,49.2656,5.000,51560.1
853.269,855.155,49.2752,5.000,51556.1
853.768,855.355,49.2816,5.000,51553.4
853.768,855.555,49.2658,5.000,51560.0
854.268,855.754,49.2811,5.000,51553.7
854.269,855.956,49.2803,5.000,51553.9
854.269,856.155,49.2822,5.000,51553.1
854.768,856.355,49.2739,5.000,51556.7
854.768,856.557,49.3169,5.000,51538.7
855.268,856.756,49.2873,5.000,51551.1
855.269,856.955,49.2698,5.000,51558.4
855.269,857.156,49.3120,5.000,51540.7
855.768,857.357,49.2907,5.000,51549.6
855.769,857.557,49.3354,5.000,51530.9
856.268,857.757,49.3055,5.000,51543.5
856.268,857.957,49.2983,5.000,51546.5
856.269,858.158,49.3052,5.000,51543.6
856.768,858.357,49.3014,5.000,51545.1
856.769,858.557,49.3066,5.000,51542.9
857.268,858.758,49.3120,5.000,51540.8
857.268,858.958,49.2803,5.000,51554.0
857.269,859.158,49.3008,5.000,51545.5
857.768,859.358,49.2978,5.000,51546.7
857.769,859.558,49.3132,5.000,51540.2
858.268,859.760,49.2855,5.000,51551.8
858.269,859.958,49.3044,5.000,51543.9
858.269,860.159,49.2957,5.000,51547.5
858.768,860.360,49.3174,5.000,51538.5
858.769,860.560,49.3218,5.000,51536.6
859.269,860.760,49.3149,5.000,51539.6
859.269,860.959,49.3132,5.000,51540.2
859.269,861.161,49.3232,5.000,51536.1
859.768,861.360,49.3159,5.000,51539.1
859.769,861.560,49.3452,5.000,51526.8
860.269,861.762,49.3764,5.000,51513.8
860.269,861.960,49.3185,5.000,51538.0
860.269,862.161,49.3436,5.000,51527.5
860.768,862.362,49.3389,5.000,51529.5
860.768,862.562,49.3376,5.000,51530.0
861.268,862.762,49.3335,5.000,51531.7
861.269,862.961,49.3323,5.000,51532.3
861.269,863.163,49.3441,5.000,51527.3
861.768,863.363,49.3408,5.000,51528.7
861.768,863.562,49.3239,5.000,51535.7
862.268,863.763,49.3467,5.000,51526.3
862.269,863.963,49.3327,5.000,51532.1
862.269,864.163,49.3291,5.000,51533.5
862.768,864.364,49.3369,5.000,51530.3
862.769,864.563,49.3371,5.000,51530.2
863.268,864.764,49.3445,5.000,51527.1
863.269,864.963,49.3325,5.000,51532.2
863.269,865.164,49.3494,5.000,51525.1
863.768,865.365,49.3765,5.000,51513.8
863.769,865.564,49.3359,5.000,51530.7
864.268,865.765,49.3489,5.000,51525.3
864.268,865.964,49.3568,5.000,51522.0
864.268,866.165,49.3512,5.000,51524.3
864.768,866.366,49.3535,5.000,51523.3
864.769,866.565,49.3520,5.000,51524.0
865.268,866.766,49.3584,5.000,51521.3
865.269,866.966,49.3618,5.000,51519.9
865.269,867.166,49.3660,5.000,51518.1
865.768,867.367,49.3481,5.000,51525.6
865.769,867.566,49.3633,5.000,51519.3
866.268,867.766,49.3714,5.000,51515.9
866.269,867.967,49.3633,5.000,51519.3
866.269,868.167,49.3701,5.000,51516.4
866.768,868.368,49.3685,5.000,51517.1
866.769,868.567,49.3892,5.000,51508.4
867.268,868.767,49.3470,5.000,51526.1
867.269,868.969,49.3708,5.000,51516.1
867.269,869.167,49.3693,5.000,51516.8
867.768,869.368,49.3716,5.000,51515.8
867.769,869.569,49.3752,5.000,51514.3
868.268,869.769,49.3812,5.000,51511.8
868.268,869.969,49.3716,5.000,51515.8
868.269,870.168,49.3843,5.000,51510.4
868.767,870.370,49.3725,5.000,51515.5
868.767,870.569,49.3879,5.000,51509.0
869.267,870.769,49.3792,5.000,51512.6
869.267,870.970,49.3579,5.000,51521.5
869.268,871.170,49.3950,5.000,51506.0
869.766,871.371,49.3738,5.000,51514.8
869.767,871.570,49.3916,5.000,51507.4
870.268,871.770,49.3896,5.000,51508.2
870.268,871.972,49.3994,5.000,51504.2
870.269,872.170,49.4146,5.000,51497.8
870.768,872.370,49.3911,5.000,51507.6
870.768,872.572,49.3879,5.000,51509.0
871.268,872.771,49.3927,5.000,51506.9
871.269,872.972,49.4033,5.000,51502.6
871.269,873.172,49.3952,5.000,51505.9
871.767,873.372,49.4096,5.000,51499.9
871.768,873.572,49.4096,5.000,51499.9
872.268,873.772,49.4033,5.000,51502.5
872.269,873.974,49.4004,5.000,51503.8
872.269,874.172,49.3916,5.000,51507.4
872.768,874.372,49.4126,5.000,51498.6
872.768,874.574,49.4158,5.000,51497.3
873.268,874.774,49.4123,5.000,51498.8
873.269,874.974,49.4023,5.000,51502.9
873.269,875.174,49.4212,5.000,51495.0
873.768,875.374,49.4326,5.000,51490.2
873.768,875.575,49.4111,5.000,51499.3
874.268,875.774,49.3927,5.000,51507.0
874.269,875.974,49.4282,5.000,51492.1
874.269,876.176,49.4285,5.000,51492.0
874.768,876.375,49.4404,5.000,51487.0
874.769,876.575,49.4266,5.000,51492.8
875.268,876.775,49.4453,5.000,51484.9
875.268,876.976,49.4289,5.000,51491.8
875.269,877.176,49.4241,5.000,51493.8
875.767,877.375,49.4323,5.000,51490.4
875.768,877.577,49.4303,5.000,51491.2
876.268,877.777,49.5097,5.000,51457.9
876.269,877.976,49.4316,5.000,51490.6
876.269,878.177,49.4396,5.000,51487.3
876.766,878.377,49.4241,5.000,51493.8
876.767,878.578,49.4546,5.000,51481.1
877.268,878.777,49.4360,5.000,51488.8
877.268,878.977,49.4575,5.000,51479.8
877.268,879.178,49.4292,5.000,51491.6
877.768,879.378,49.4489,5.000,51483.4
877.769,879.578,49.4600,5.000,51478.8
878.268,879.778,49.4494,5.000,51483.2
878.269,879.979,49.4336,5.000,51489.8
878.269,880.179,49.4588,5.000,51479.3
878.768,880.378,49.4534,5.000,51481.5
878.768,880.579,49.4536,5.000,51481.5
879.268,880.780,49.5000,5.000,51462.0
879.269,880.979,49.4619,5.000,51477.9
879.768,881.180,49.4525,5.000,51481.9
879.769,881.380,49.4525,5.000,51482.0
879.769,881.580,49.4728,5.000,51473.4
880.268,881.780,49.4723,5.000,51473.6
880.268,881.980,49.4614,5.000,51478.2
880.768,882.182,49.4734,5.000,51473.1
880.769,882.381,49.4642,5.000,51477.0
880.769,882.580,49.4782,5.000,51471.2
881.268,882.781,49.4787,5.000,51471.0
881.269,882.982,49.4827,5.000,51469.2
881.768,883.182,49.4853,5.000,51468.2
881.769,883.382,49.4809,5.000,51470.0
881.769,883.582,49.4541,5.000,51481.2
882.268,883.783,49.4956,5.000,51463.8
882.269,883.982,49.4936,5.000,51464.7
882.768,884.182,49.4951,5.000,51464.1
882.768,884.384,49.4878,5.000,51467.2
882.768,884.582,49.4914,5.000,51465.6
883.268,884.783,49.4902,5.000,51466.1
883.269,884.984,49.4975,5.000,51463.1
883.767,885.184,49.4917,5.000,51465.5
883.768,885.384,49.5230,5.000,51452.4
883.768,885.583,49.5047,5.000,51460.1
884.268,885.785,49.4860,5.000,51467.9
884.269,885.984,49.5041,5.000,51460.3
884.768,886.184,49.5120,5.000,51457.0
884.768,886.386,49.4760,5.000,51472.1
884.768,886.585,49.5200,5.000,51453.6
885.268,886.785,49.5174,5.000,51454.8
885.269,886.985,49.4930,5.000,51465.0
885.768,887.186,49.5071,5.000,51459.1
885.769,887.386,49.5288,5.000,51449.9
885.769,887.585,49.5114,5.000,51457.2
886.268,887.787,49.5203,5.000,51453.5
886.269,887.986,49.5226,5.000,51452.5
886.768,888.186,49.4967,5.000,51463.3
886.769,888.387,49.5200,5.000,51453.6
886.769,888.587,49.5161,5.000,51455.2
887.268,888.788,49.5408,5.000,51444.8
887.269,888.987,49.4990,5.000,51462.4
887.768,889.187,49.5224,5.000,51452.6
887.769,889.389,49.5268,5.000,51450.8
887.769,889.587,49.5192,5.000,51453.9
888.268,889.787,49.5233,5.000,51452.2
888.268,889.989,49.5405,5.000,51445.0
888.768,890.189,49.5205,5.000,51453.4
888.769,890.389,49.5350,5.000,51447.4
888.769,890.588,49.5332,5.000,51448.1
889.268,890.789,49.5330,5.000,51448.2
889.269,890.989,49.5273,5.000,51450.6
889.768,891.189,49.5324,5.000,51448.4
889.769,891.390,49.5273,5.000,51450.6
889.769,891.590,49.5420,5.000,51444.4
890.268,891.789,49.5556,5.000,51438.7
890.269,891.990,49.5461,5.000,51442.7
890.768,892.191,49.5425,5.000,51444.2
890.768,892.391,49.5417,5.000,51444.6
890.768,892.591,49.5389,5.000,51445.7
891.268,892.791,49.5622,5.000,51435.9
891.269,892.992,49.5474,5.000,51442.1
891.767,893.191,49.5566,5.000,51438.2
891.767,893.391,49.5381,5.000,51446.0
891.767,893.593,49.5596,5.000,51437.0
892.268,893.792,49.5612,5.000,51436.3
892.268,893.992,49.5581,5.000,51437.6
892.768,894.192,49.5727,5.000,51431.5
892.769,894.393,49.5478,5.000,51441.9
892.769,894.593,49.5571,5.000,51438.0
893.267,894.792,49.5661,5.000,51434.3
893.268,894.994,49.5605,5.000,51436.6
893.768,895.193,49.5605,5.000,51436.6
893.769,895.393,49.5664,5.000,51434.1
893.769,895.595,49.5698,5.000,51432.7
894.266,895.794,49.5597,5.000,51436.9
894.266,895.994,49.5874,5.000,51425.4
894.767,896.194,49.5793,5.000,51428.8
894.767,896.395,49.5508,5.000,51440.7
894.767,896.595,49.6157,5.000,51413.5
895.268,896.794,49.5973,5.000,51421.1
895.269,896.996,49.5964,5.000,51421.6
895.768,897.196,49.6074,5.000,51416.9
895.769,897.395,49.5908,5.000,51423.9
895.769,897.596,49.5835,5.000,51427.0
896.268,897.796,49.5747,5.000,51430.7
896.269,897.996,49.6033,5.000,51418.7
896.768,898.196,49.5962,5.000,51421.7
896.769,898.396,49.6040,5.000,51418.4
896.769,898.598,49.5962,5.000,51421.6
897.268,898.796,49.5998,5.000,51420.2
897.269,898.996,49.6162,5.000,51413.2
897.768,899.198,49.6165,5.000,51413.1
897.769,899.398,49.6011,5.000,51419.6
897.769,899.598,49.6870,5.000,51383.5
898.268,899.797,49.6160,5.000,51413.3
898.269,899.998,49.6266,5.000,51408.8
898.768,900.198,49.6250,5.000,51409.5
898.769,900.398,49.6211,5.000,51411.1
898.769,900.599,49.6299,5.000,51407.5
899.268,900.799,49.5993,5.000,51420.4
899.269,900.999,49.6090,5.000,51416.2
899.768,901.199,49.6291,5.000,51407.8
899.769,901.399,49.6234,5.000,51410.2
899.769,901.600,49.6182,5.000,51412.4
900.267,901.800,49.6286,5.000,51408.1
900.267,901.999,49.6331,5.000,51406.2
900.768,902.201,49.6431,5.000,51401.9
900.769,902.401,49.6102,5.000,51415.8
900.769,902.600,49.6442,5.000,51401.5
901.268,902.801,49.6375,5.000,51404.4
901.269,903.001,49.6435,5.000,51401.8
901.768,903.201,49.6386,5.000,51403.8
901.768,903.401,49.6492,5.000,51399.4
901.768,903.601,49.6558,5.000,51396.6
902.268,903.803,49.6540,5.000,51397.3
902.269,904.002,49.6460,5.000,51400.7
902.768,904.202,49.6497,5.000,51399.1
902.769,904.402,49.6360,5.000,51404.9
902.769,904.603,49.6382,5.000,51403.9
903.267,904.803,49.6562,5.000,51396.4
903.267,905.002,49.6530,5.000,51397.8
903.768,905.203,49.6564,5.000,51396.3
903.769,905.404,49.6455,5.000,51400.9
903.769,905.603,49.6707,5.000,51390.4
904.268,905.804,49.6645,5.000,51393.0
904.269,906.004,49.6592,5.000,51395.2
904.767,906.205,49.6732,5.000,51389.3
904.768,906.404,49.6619,5.000,51394.1
904.768,906.604,49.6670,5.000,51391.9
905.268,906.806,49.7202,5.000,51369.5
905.269,907.005,49.6619,5.000,51394.0
905.768,907.204,49.6220,5.000,51410.8
905.769,907.405,49.6523,5.000,51398.1
905.769,907.605,49.6728,5.000,51389.4
906.268,907.807,49.6772,5.000,51387.6
906.269,908.006,49.6904,5.000,51382.1
906.767,908.205,49.6596,5.000,51395.0
906.767,908.406,49.6637,5.000,51393.2
906.767,908.607,49.6794,5.000,51386.7
907.268,908.807,49.6655,5.000,51392.6
907.269,909.007,49.6665,5.000,51392.1
907.768,909.206,49.6902,5.000,51382.1
907.768,909.408,49.6943,5.000,51380.4
907.768,909.607,49.6852,5.000,51384.2
908.268,909.807,49.6883,5.000,51382.9
908.269,910.009,49.6821,5.000,51385.5
908.768,910.208,49.6847,5.000,51384.4
908.769,910.408,49.6919,5.000,51381.4
908.769,910.608,49.6958,5.000,51379.8
909.268,910.808,49.6946,5.000,51380.2
909.269,911.010,49.6925,5.000,51381.1
909.768,911.208,49.6982,5.000,51378.8
909.769,911.409,49.6893,5.000,51382.5
909.769,911.609,49.6948,5.000,51380.2
910.268,911.810,49.6868,5.000,51383.6
910.269,912.010,49.7054,5.000,51375.8
910.767,912.209,49.7054,5.000,51375.7
910.767,912.411,49.7087,5.000,51374.4
910.767,912.611,49.7070,5.000,51375.0
911.268,912.810,49.6891,5.000,51382.6
911.269,913.011,49.7186,5.000,51370.2
911.768,913.211,49.7152,5.000,51371.7
911.769,913.411,49.7344,5.000,51363.6
911.769,913.611,49.6981,5.000,51378.8
912.266,913.812,49.7018,5.000,51377.3
912.267,914.012,49.7129,5.000,51372.6
912.768,914.211,49.7143,5.000,51372.0
912.769,914.413,49.7124,5.000,51372.8
912.769,914.613,49.7410,5.000,51360.8
913.268,914.812,49.7225,5.000,51368.6
913.269,915.013,49.7008,5.000,51377.6
913.768,915.213,49.6932,5.000,51380.9
913.769,915.412,49.7334,5.000,51363.9
913.769,915.613,49.7295,5.000,51365.6
914.268,915.813,49.7340,5.000,51363.7
914.269,916.015,49.7290,5.000,51365.8
914.768,916.213,49.7606,5.000,51352.5
914.769,916.413,49.7340,5.000,51363.7
914.769,916.615,49.7432,5.000,51359.8
915.268,916.814,49.7430,5.000,51359.9
915.268,917.015,49.7427,5.000,51360.0
915.768,917.215,49.7510,5.000,51356.6
915.769,917.415,49.7425,5.000,51360.1
915.769,917.615,49.7096,5.000,51373.9
916.268,917.815,49.7422,5.000,51360.2
916.268,918.016,49.7397,5.000,51361.3
916.768,918.217,49.7536,5.000,51355.5
916.768,918.415,49.7448,5.000,51359.2
916.769,918.616,49.7552,5.000,51354.8
917.267,918.817,49.7461,5.000,51358.6
917.267,919.016,49.7470,5.000,51358.2
917.768,919.217,49.7287,5.000,51366.0
917.769,919.416,49.7440,5.000,51359.5
917.769,919.618,49.7365,5.000,51362.7
918.267,919.817,49.7648,5.000,51350.8
918.267,920.017,49.7502,5.000,51356.9
918.768,920.219,49.7622,5.000,51351.8
918.768,920.417,49.7513,5.000,51356.5
918.768,920.618,49.7423,5.000,51360.2
919.268,920.818,49.7536,5.000,51355.4
919.269,921.019,49.7861,5.000,51341.8
919.768,921.219,49.7596,5.000,51353.0
919.769,921.418,49.7814,5.000,51343.7
919.769,921.620,49.7835,5.000,51342.8
920.268,921.819,49.7705,5.000,51348.4
920.269,922.019,49.7629,5.000,51351.5
920.768,922.221,49.7788,5.000,51344.8
920.769,922.420,49.7744,5.000,51346.7
920.769,922.620,49.7855,5.000,51342.1
921.268,922.820,49.8266,5.000,51324.7
921.269,923.021,49.7703,5.000,51348.4
921.768,923.221,49.7747,5.000,51346.6
921.768,923.420,49.7850,5.000,51342.3
921.769,923.622,49.7368,5.000,51362.5
922.268,923.822,49.7817,5.000,51343.6
922.269,924.021,49.7835,5.000,51342.8
922.768,924.222,49.8006,5.000,51335.7
922.769,924.422,49.7996,5.000,51336.1
922.769,924.622,49.7829,5.000,51343.1
923.268,924.822,49.7962,5.000,51337.5
923.269,925.022,49.8123,5.000,51330.8
923.768,925.224,49.8048,5.000,51333.9
923.769,925.423,49.8019,5.000,51335.1
923.769,925.622,49.7516,5.000,51356.2
924.268,925.823,49.8011,5.000,51335.5
924.269,926.024,49.7974,5.000,51337.0
924.768,926.224,49.8110,5.000,51331.3
924.768,926.424,49.8139,5.000,51330.1
924.768,926.624,49.8115,5.000,51331.0
925.268,926.825,49.8032,5.000,51334.6
925.269,927.024,49.8095,5.000,51331.9
925.768,927.224,49.8169,5.000,51328.8
925.769,927.426,49.8161,5.000,51329.1
925.769,927.625,49.8223,5.000,51326.6
926.268,927.825,49.8216,5.000,51326.8
926.269,928.025,49.8249,5.000,51325.4
926.768,928.226,49.8079,5.000,51332.6
926.769,928.427,49.8249,5.000,51325.4
926.769,928.626,49.8196,5.000,51327.7
927.266,928.826,49.8188,5.000,51328.0
927.266,929.026,49.8115,5.000,51331.1
927.768,929.227,49.8403,5.000,51318.9
927.769,929.427,49.8247,5.000,51325.5
927.769,929.626,49.8480,5.000,51315.7
928.268,929.828,49.8154,5.000,51329.5
928.269,930.028,49.8325,5.000,51322.2
928.768,930.227,49.8457,5.000,51316.7
928.768,930.428,49.8389,5.000,51319.5
928.769,930.628,49.8351,5.000,51321.1
929.268,930.828,49.8471,5.000,51316.1
929.269,931.028,49.8467,5.000,51316.3
929.768,931.229,49.8454,5.000,51316.8
929.768,931.429,49.8472,5.000,51316.0
929.769,931.628,49.8478,5.000,51315.8
930.268,931.830,49.8457,5.000,51316.7
930.269,932.030,49.8586,5.000,51311.2
930.768,932.229,49.8473,5.000,51316.0
930.769,932.430,49.8608,5.000,51310.3
930.769,932.630,49.8694,5.000,51306.7
931.268,932.829,49.8616,5.000,51310.0
931.268,933.030,49.8488,5.000,51315.4
931.767,933.230,49.8496,5.000,51315.0
931.767,933.432,49.8639,5.000,51309.0
931.767,933.630,49.8709,5.000,51306.1
932.268,933.830,49.8421,5.000,51318.2
932.269,934.031,49.8423,5.000,51318.1
932.768,934.232,49.8662,5.000,51308.0
932.769,934.432,49.8758,5.000,51304.0
932.769,934.632,49.8646,5.000,51308.7
933.268,934.832,49.8597,5.000,51310.8
933.269,935.032,49.8771,5.000,51303.4
933.768,935.232,49.8687,5.000,51307.0
933.769,935.433,49.8662,5.000,51308.0
933.769,935.634,49.8563,5.000,51312.2
934.268,935.832,49.9233,5.000,51283.9
934.269,936.033,49.8841,5.000,51300.5
934.768,936.233,49.8599,5.000,51310.7
934.769,936.434,49.8598,5.000,51310.7
934.769,936.634,49.8637,5.000,51309.1
935.268,936.833,49.8755,5.000,51304.1
935.269,937.035,49.8784,5.000,51303.0
935.767,937.234,49.8678,5.000,51307.4
935.767,937.434,49.8846,5.000,51300.3
935.767,937.635,49.8763,5.000,51303.8
936.267,937.835,49.8693,5.000,51306.7
936.267,938.035,49.8877,5.000,51298.9
936.767,938.235,49.8966,5.000,51295.2
936.767,938.436,49.8846,5.000,51300.3
936.768,938.637,49.8937,5.000,51296.4
937.267,938.835,49.8893,5.000,51298.3
937.267,939.036,49.8579,5.000,51311.5
937.767,939.237,49.9080,5.000,51290.4
937.768,939.436,49.8773,5.000,51303.4
937.768,939.637,49.8935,5.000,51296.5
938.267,939.837,49.9087,5.000,51290.2
938.267,940.037,49.9150,5.000,51287.4
938.766,940.237,49.8862,5.000,51299.5
938.767,940.437,49.8906,5.000,51297.7
938.767,940.639,49.9056,5.000,51291.4
939.267,940.837,49.8650,5.000,51308.5
939.267,941.037,49.9062,5.000,51291.1
939.767,941.239,49.9134,5.000,51288.1
939.768,941.440,49.8887,5.000,51298.6
939.768,941.639,49.9116,5.000,51288.8
940.267,941.838,49.9062,5.000,51291.1
940.267,942.039,49.8952,5.000,51295.8
940.766,942.239,49.8999,5.000,51293.8
940.766,942.439,49.9043,5.000,51291.9
940.766,942.641,49.9067,5.000,51291.0
941.267,942.839,49.8984,5.000,51294.5
941.267,943.039,49.9199,5.000,51285.3
941.767,943.240,49.9141,5.000,51287.8
941.767,943.441,49.9126,5.000,51288.4
941.767,943.641,49.9168,5.000,51286.7
942.267,943.841,49.9121,5.000,51288.7
942.267,944.041,49.9126,5.000,51288.5
942.767,944.241,49.9162,5.000,51287.0
942.767,944.441,49.9549,5.000,51270.6
942.767,944.642,49.9070,5.000,51290.8
943.267,944.843,49.9219,5.000,51284.5
943.267,945.041,49.9196,5.000,51285.5
943.805,945.242,49.9102,5.000,51289.5
943.805,945.442,49.9126,5.000,51288.4
943.805,945.643,49.8962,5.000,51295.4
944.267,945.843,49.9110,5.000,51289.1
944.267,946.042,49.8991,5.000,51294.2
944.767,946.244,49.9209,5.000,51285.0
944.767,946.443,49.8963,5.000,51295.3
944.767,946.643,49.8919,5.000,51297.2
945.267,946.845,49.8970,5.000,51295.0
945.267,947.044,49.9051,5.000,51291.6
945.767,947.244,49.9048,5.000,51291.7
945.768,947.444,49.9036,5.000,51292.3
945.768,947.645,49.8833,5.000,51300.8
946.267,947.846,49.9145,5.000,51287.6
946.267,948.044,49.8650,5.000,51308.5
946.767,948.245,49.8857,5.000,51299.8
946.768,948.445,49.9036,5.000,51292.2
946.768,948.646,49.8833,5.000,51300.8
947.267,948.847,49.8997,5.000,51293.9
947.268,949.045,49.8984,5.000,51294.4
947.767,949.245,49.8867,5.000,51299.4
947.767,949.446,49.8953,5.000,51295.8
947.768,949.647,49.8962,5.000,51295.4
948.267,949.848,49.8857,5.000,51299.8
948.267,950.046,49.8667,5.000,51307.8
948.767,950.246,49.8916,5.000,51297.4
948.767,950.448,49.8743,5.000,51304.6
948.768,950.647,49.8968,5.000,51295.1
949.267,950.848,49.8735,5.000,51305.0
949.267,951.048,49.8929,5.000,51296.8
949.767,951.247,49.8997,5.000,51293.9
949.768,951.448,49.8862,5.000,51299.5
949.768,951.648,49.9015,5.000,51293.1
950.267,951.849,49.8877,5.000,51299.0
950.267,952.050,49.9004,5.000,51293.6
950.767,952.248,49.8916,5.000,51297.4
950.768,952.449,49.8901,5.000,51297.9
950.768,952.650,49.8704,5.000,51306.3
951.267,952.849,49.9188,5.000,51285.9
951.268,953.050,49.8771,5.000,51303.4
951.767,953.250,49.8903,5.000,51297.8
951.767,953.450,49.8810,5.000,51301.8
951.767,953.650,49.8851,5.000,51300.1
952.267,953.850,49.8888,5.000,51298.5
952.267,954.052,49.8841,5.000,51300.5
952.767,954.250,49.8799,5.000,51302.2
952.767,954.451,49.8682,5.000,51307.2
952.768,954.652,49.8792,5.000,51302.5
953.267,954.852,49.8828,5.000,51301.0
953.267,955.052,49.8761,5.000,51303.8
953.767,955.251,49.8916,5.000,51297.4
953.767,955.453,49.8960,5.000,51295.4
953.767,955.652,49.8870,5.000,51299.2
954.267,955.852,49.8847,5.000,51300.2
954.267,956.053,49.8935,5.000,51296.5
954.767,956.253,49.9409,5.000,51276.5
954.768,956.453,49.8673,5.000,51307.6
954.768,956.653,49.8885,5.000,51298.6
955.267,956.854,49.8849,5.000,51300.2
955.267,957.055,49.8724,5.000,51305.5
955.767,957.253,49.8966,5.000,51295.2
955.767,957.454,49.8891,5.000,51298.4
955.768,957.655,49.8994,5.000,51294.0
956.267,957.854,49.8892,5.000,51298.3
956.267,958.055,49.8919,5.000,51297.2
956.767,958.255,49.8611,5.000,51310.2
956.767,958.454,49.9004,5.000,51293.6
956.767,958.655,49.9054,5.000,51291.5
957.267,958.855,49.8556,5.000,51312.5
957.267,959.057,49.9030,5.000,51292.5
957.767,959.255,49.9113,5.000,51289.0
957.767,959.455,49.9357,5.000,51278.7
957.767,959.657,49.9116,5.000,51288.8
958.267,959.857,49.8838,5.000,51300.6
958.267,960.057,49.8952,5.000,51295.8
958.767,960.257,49.9006,5.000,51293.5
958.767,960.457,49.9145,5.000,51287.7
958.768,960.657,49.9180,5.000,51286.2
959.267,960.857,49.9036,5.000,51292.2
959.267,961.058,49.9152,5.000,51287.4
959.767,961.258,49.9126,5.000,51288.5
959.768,961.457,49.8974,5.000,51294.9
959.768,961.659,49.9106,5.000,51289.4
960.267,961.859,49.9103,5.000,51289.4
960.268,962.058,49.9141,5.000,51287.9
960.767,962.259,49.8922,5.000,51297.0
960.767,962.459,49.9274,5.000,51282.2
960.767,962.659,49.9311,5.000,51280.7
961.267,962.859,49.9106,5.000,51289.2
961.267,963.060,49.9207,5.000,51285.1
961.767,963.261,49.9212,5.000,51284.8
961.768,963.459,49.9111,5.000,51289.1
961.768,963.660,49.9390,5.000,51277.3
962.267,963.861,49.9367,5.000,51278.2
962.268,964.061,49.9404,5.000,51276.7
962.767,964.261,49.9393,5.000,51277.2
962.767,964.460,49.9349,5.000,51279.1
962.768,964.662,49.9131,5.000,51288.3
963.267,964.861,49.9412,5.000,51276.4
963.268,965.061,49.9460,5.000,51274.3
963.766,965.263,49.9302,5.000,51281.0
963.767,965.462,49.9456,5.000,51274.6
963.767,965.662,49.9211,5.000,51284.9
964.267,965.862,49.9440,5.000,51275.2
964.267,966.063,49.9228,5.000,51284.1
964.767,966.263,49.9289,5.000,51281.6
964.767,966.462,49.9440,5.000,51275.2
964.768,966.662,49.9425,5.000,51275.8
965.267,966.864,49.9268,5.000,51282.5
965.268,967.063,49.9499,5.000,51272.7
965.767,967.264,49.9272,5.000,51282.2
965.768,967.464,49.9517,5.000,51272.0
965.768,967.663,49.9272,5.000,51282.2
966.267,967.864,49.9417,5.000,51276.2
966.267,968.064,49.9375,5.000,51278.0
966.767,968.266,49.9658,5.000,51266.0
966.767,968.464,49.9472,5.000,51273.8
966.768,968.664,49.9398,5.000,51277.0
967.267,968.865,49.9300,5.000,51281.1
967.268,969.066,49.9484,5.000,51273.3
967.767,969.266,49.9396,5.000,51277.1
967.768,969.466,49.9363,5.000,51278.4
967.768,969.665,49.9251,5.000,51283.2
968.267,969.867,49.9248,5.000,51283.4
968.267,970.066,49.9565,5.000,51269.9
968.767,970.266,49.9331,5.000,51279.8
968.768,970.468,49.9443,5.000,51275.1
968.768,970.666,49.9512,5.000,51272.1
969.267,970.867,49.9401,5.000,51276.8
969.268,971.067,49.9315,5.000,51280.5
969.767,971.268,49.9399,5.000,51276.9
969.767,971.468,49.9417,5.000,51276.2
969.767,971.667,49.9478,5.000,51273.6
970.267,971.869,49.9402,5.000,51276.8
970.268,972.068,49.9323,5.000,51280.1
970.767,972.268,49.9507,5.000,51272.4
970.767,972.469,49.9536,5.000,51271.1
970.767,972.669,49.9297,5.000,51281.3
971.267,972.869,49.9709,5.000,51263.9
971.268,973.069,49.9308,5.000,51280.8
971.767,973.270,49.9300,5.000,51281.1
971.768,973.471,49.9424,5.000,51275.9
971.768,973.669,49.9443,5.000,51275.0
972.267,973.870,49.9460,5.000,51274.4
972.268,974.071,49.9522,5.000,51271.8
972.767,974.270,49.9617,5.000,51267.7
972.768,974.471,49.9507,5.000,51272.4
972.768,974.671,49.9473,5.000,51273.8
973.267,974.870,49.9388,5.000,51277.4
973.267,975.071,49.9451,5.000,51274.7
973.767,975.272,49.9487,5.000,51273.2
973.767,975.473,49.9277,5.000,51282.0
973.768,975.671,49.9388,5.000,51277.4
974.267,975.871,49.9341,5.000,51279.4
974.268,976.073,49.9925,5.000,51254.7
974.767,976.273,49.9359,5.000,51278.6
974.768,976.473,49.9401,5.000,51276.8
974.768,976.672,49.9386,5.000,51277.4
975.267,976.873,49.9172,5.000,51286.5
975.268,977.073,49.9349,5.000,51279.1
975.767,977.273,49.9377,5.000,51277.9
975.767,977.474,49.9433,5.000,51275.5
975.767,977.674,49.9424,5.000,51275.9
976.267,977.873,49.9388,5.000,51277.4
976.268,978.074,49.9345,5.000,51279.2
976.767,978.275,49.9326,5.000,51280.0
976.768,978.474,49.9639,5.000,51266.8
976.768,978.675,49.9453,5.000,51274.7
977.267,978.875,49.9365,5.000,51278.3
977.268,979.076,49.9627,5.000,51267.3
977.767,979.275,49.9398,5.000,51277.0
977.767,979.475,49.9302,5.000,51281.0
977.767,979.677,49.9368,5.000,51278.2
978.267,979.875,49.9150,5.000,51287.4
978.267,980.076,49.9041,5.000,51292.1
978.767,980.277,49.9305,5.000,51280.9
978.768,980.477,49.9347,5.000,51279.1
978.768,980.677,49.9289,5.000,51281.6
979.267,980.876,49.9258,5.000,51282.8
979.268,981.077,49.8784,5.000,51302.9
979.767,981.278,49.9341,5.000,51279.4
979.767,981.477,49.9930,5.000,51254.5
979.768,981.678,49.9219,5.000,51284.5
980.267,981.877,49.9306,5.000,51280.9
980.268,982.079,49.9215,5.000,51284.7
980.767,982.278,49.9303,5.000,51281.0
980.767,982.478,49.9250,5.000,51283.2
981.267,982.680,49.9211,5.000,51284.8
981.267,982.878,49.9262,5.000,51282.7
981.268,983.079,49.9175,5.000,51286.4
981.767,983.280,49.9443,5.000,51275.0
981.767,983.480,49.9298,5.000,51281.1
982.267,983.680,49.9220,5.000,51284.4
982.268,983.879,49.9185,5.000,51286.0
982.268,984.081,49.9245,5.000,51283.4
982.767,984.280,49.9466,5.000,51274.1
982.767,984.480,49.9067,5.000,51290.9
983.267,984.682,49.9168,5.000,51286.7
983.267,984.880,49.9308,5.000,51280.8
983.268,985.080,49.9318,5.000,51280.4
983.767,985.281,49.9082,5.000,51290.3
983.767,985.482,49.9331,5.000,51279.8
984.267,985.682,49.9184,5.000,51286.1
984.267,985.882,49.9310,5.000,51280.7
984.267,986.081,49.9338,5.000,51279.6
984.767,986.283,49.9352,5.000,51278.9
984.768,986.484,49.9280,10.000,51282.0
985.267,986.682,49.9139,10.000,51287.9
985.268,986.883,49.9464,10.000,51274.1
985.268,987.083,49.9168,10.000,51286.7
985.767,987.283,49.9324,10.000,51280.1
985.767,987.483,49.9312,10.000,51280.6
986.267,987.684,49.9329,10.000,51279.9
986.267,987.884,49.9980,10.000,51252.4
986.268,988.083,49.9433,10.000,51275.5
986.767,988.284,49.9250,10.000,51283.3
986.768,988.485,49.9339,10.000,51279.4
987.267,988.684,49.9126,10.000,51288.4
987.268,988.885,49.9253,10.000,51283.1
987.268,989.085,49.9167,10.000,51286.7
987.767,989.285,49.9487,10.000,51273.2
987.767,989.485,49.9487,10.000,51273.1
988.267,989.685,49.9370,10.000,51278.1
988.268,989.887,49.9401,10.000,51276.8
988.268,990.085,49.9347,10.000,51279.1
988.767,990.286,49.9526,10.000,51271.6
988.767,990.487,49.9522,10.000,51271.7
989.267,990.687,49.9522,10.000,51271.8
989.267,990.887,49.9883,10.000,51256.5
989.268,991.086,49.9484,10.000,51273.4
989.767,991.288,49.9499,10.000,51272.7
989.767,991.488,49.9539,10.000,51271.1
990.267,991.687,49.9568,10.000,51269.8
990.267,991.888,49.9419,10.000,51276.1
990.268,992.087,49.9554,10.000,51270.4
990.767,992.289,49.9528,10.000,51271.5
990.767,992.489,49.9617,10.000,51267.7
991.267,992.688,49.9609,10.000,51268.0
991.268,992.889,49.9474,10.000,51273.7
991.268,993.089,49.9582,10.000,51269.2
991.767,993.288,50.0464,10.000,51231.9
991.767,993.489,49.9718,10.000,51263.4
992.267,993.690,49.9736,10.000,51262.7
992.268,993.891,49.9829,10.000,51258.8
992.268,994.089,49.9798,10.000,51260.1
992.767,994.289,49.9863,10.000,51257.4
992.768,994.491,49.9866,10.000,51257.2
993.267,994.690,49.9871,10.000,51257.0
993.267,994.891,49.9824,10.000,51259.0
993.268,995.091,49.9969,10.000,51252.8
993.766,995.290,49.9891,10.000,51256.2
993.767,995.491,49.9963,10.000,51253.1
994.267,995.691,49.9958,10.000,51253.4
994.268,995.892,50.0011,10.000,51251.1
994.268,996.092,49.9940,10.000,51254.1
994.767,996.291,50.0044,10.000,51249.7
994.768,996.493,50.0094,10.000,51247.5
995.267,996.693,49.9980,10.000,51252.4
995.267,996.892,49.9876,10.000,51256.8
995.268,997.093,50.0205,10.000,51242.9
995.767,997.293,50.0198,10.000,51243.1
995.767,997.493,50.0195,10.000,51243.3
996.267,997.693,50.0172,10.000,51244.2
996.267,997.893,50.0156,10.000,51244.9
996.267,998.095,50.0366,10.000,51236.0
996.767,998.293,50.0410,10.000,51234.2
996.767,998.494,50.0441,10.000,51232.9
997.267,998.695,50.0522,10.000,51229.4
997.268,998.894,50.0571,10.000,51227.4
997.268,999.095,50.0422,10.000,51233.7
997.767,999.294,50.0596,10.000,51226.4
997.767,999.496,50.0879,10.000,51214.4
998.267,999.695,50.0705,10.000,51221.8
998.267,999.895,50.0718,10.000,51221.2
998.268,1000.097,50.0646,10.000,51224.2
998.767,1000.296,50.0965,10.000,51210.7
998.768,1000.495,50.0700,10.000,51221.9
999.267,1000.696,50.0880,10.000,51214.3
999.268,1000.897,50.0786,10.000,51218.3
999.268,1001.098,50.0794,10.000,51218.0
999.767,1001.296,50.0844,10.000,51215.9
999.767,1001.496,50.0897,10.000,51213.7
1000.267,1001.698,50.1043,10.000,51207.4
1000.267,1001.898,50.1169,10.000,51202.1
1000.268,1002.098,50.1929,10.000,51169.9
1000.767,1002.297,50.1037,10.000,51207.7
1000.767,1002.497,50.1391,10.000,51192.7
1001.267,1002.699,50.1199,10.000,51200.9
1001.267,1002.899,50.1421,10.000,51191.5
1001.267,1003.099,50.1343,10.000,51194.7
1001.767,1003.299,50.1740,10.000,51178.0
1001.767,1003.498,50.1318,10.000,51195.8
1002.267,1003.700,50.1388,10.000,51192.8
1002.268,1003.900,50.1683,10.000,51180.4
1002.268,1004.099,50.1496,10.000,51188.2
1002.767,1004.300,50.1595,10.000,51184.1
1002.768,1004.500,50.1709,10.000,51179.2
1003.267,1004.700,50.1240,10.000,51199.1
1003.268,1004.900,50.1829,10.000,51174.2
1003.268,1005.100,50.2375,10.000,51151.0
1003.767,1005.302,50.2046,10.000,51165.0
1003.767,1005.500,50.2139,10.000,51161.1
1004.267,1005.701,50.2061,10.000,51164.4
1004.267,1005.901,50.2112,10.000,51162.2
1004.268,1006.102,50.2256,10.000,51156.1
1004.767,1006.302,50.2130,10.000,51161.4
1004.767,1006.501,50.2171,10.000,51159.7
1005.267,1006.702,50.2370,10.000,51151.2
1005.267,1006.903,50.2192,10.000,51158.8
1005.268,1007.103,50.3094,10.000,51120.6
1005.767,1007.303,50.2563,10.000,51143.0
1005.768,1007.502,50.2459,10.000,51147.5
1006.267,1007.703,50.2195,10.000,51158.7
1006.268,1007.904,50.2679,10.000,51138.1
1006.268,1008.104,50.2796,10.000,51133.2
1006.767,1008.304,50.2829,10.000,51131.8
1006.767,1008.503,50.2947,10.000,51126.8
1007.267,1008.705,50.2986,10.000,51125.0
1007.268,1008.905,50.2923,10.000,51127.8
1007.268,1009.104,50.2985,10.000,51125.1
1007.767,1009.305,50.2944,10.000,51126.9
1007.767,1009.505,50.3239,10.000,51114.4
1008.267,1009.704,50.3166,10.000,51117.4
1008.268,1009.905,50.3309,10.000,51111.4
1008.268,1010.105,50.3390,10.000,51107.9
1008.767,1010.307,50.3501,10.000,51103.2
1008.767,1010.505,50.3579,10.000,51099.9
1009.267,1010.705,50.3439,10.000,51105.9
1009.268,1010.906,50.3467,10.000,51104.6
1009.268,1011.107,50.3787,10.000,51091.1
1009.766,1011.307,50.4368,10.000,51066.4
1009.767,1011.507,50.3765,10.000,51092.0
1010.267,1011.706,50.3781,10.000,51091.3
1010.267,1011.908,50.3989,10.000,51082.5
1010.267,1012.108,50.4248,10.000,51071.5
1010.767,1012.307,50.3984,10.000,51082.7
1010.767,1012.508,50.4289,10.000,51069.7
1011.267,1012.707,50.4295,10.000,51069.5
1011.267,1012.909,50.4295,10.000,51069.5
1011.267,1013.109,50.4546,10.000,51058.8
1011.767,1013.308,50.4339,10.000,51067.7
1011.767,1013.509,50.4476,10.000,51061.8
1012.267,1013.708,50.4409,10.000,51064.7
1012.268,1013.910,50.4772,10.000,51049.2
1012.268,1014.110,50.4743,10.000,51050.4
1012.767,1014.309,50.4795,10.000,51048.2
1012.767,1014.510,50.4971,10.000,51040.7
1013.267,1014.710,50.4811,10.000,51047.5
1013.267,1014.911,50.5154,10.000,51033.0
1013.267,1015.110,50.5187,10.000,51031.5
1013.767,1015.310,50.5283,10.000,51027.4
1013.767,1015.512,50.5260,10.000,51028.4
1014.267,1015.710,50.5459,10.000,51019.9
1014.267,1015.911,50.5636,10.000,51012.4
1014.268,1016.111,50.5610,10.000,51013.5
1014.767,1016.312,50.5703,10.000,51009.5
1014.768,1016.512,50.5547,10.000,51016.2
1015.267,1016.711,50.5811,10.000,51004.9
1015.268,1016.912,50.5742,10.000,51007.8
1015.268,1017.113,50.5939,10.000,50999.4
1015.767,1017.312,50.5941,10.000,50999.4
1015.767,1017.513,50.6134,10.000,50991.1
1016.267,1017.712,50.6248,10.000,50986.3
1016.268,1017.914,50.6419,10.000,50979.1
1016.268,1018.113,50.6416,10.000,50979.1
1016.767,1018.313,50.6443,10.000,50978.0
1016.767,1018.514,50.6572,10.000,50972.5
1017.267,1018.714,50.6614,10.000,50970.7
1017.267,1018.913,50.6445,10.000,50977.8
1017.267,1019.114,50.6732,10.000,50965.7
1017.767,1019.315,50.6802,10.000,50962.7
1017.767,1019.516,50.6958,10.000,50956.0
1018.267,1019.714,50.7126,10.000,50948.8
1018.268,1019.914,50.7064,10.000,50951.5
1018.268,1020.116,50.6955,10.000,50956.2
1018.767,1020.316,50.7061,10.000,50951.6
1018.767,1020.516,50.7205,10.000,50945.5
1019.267,1020.716,50.7339,10.000,50939.8
1019.268,1020.915,50.7480,10.000,50933.6
1019.268,1021.117,50.7381,10.000,50937.9
1019.767,1021.317,50.7375,10.000,50938.2
1019.767,1021.516,50.7241,10.000,50944.0
1020.267,1021.717,50.7876,10.000,50916.8
1020.268,1021.917,50.8208,10.000,50902.6
1020.268,1022.117,50.7990,10.000,50911.9
1020.767,1022.317,50.7951,10.000,50913.6
1020.767,1022.517,50.7970,10.000,50912.8
1021.267,1022.719,50.8228,10.000,50901.8
1021.267,1022.917,50.8289,10.000,50899.1
1021.268,1023.117,50.8340,10.000,50897.0
1021.767,1023.317,50.8358,10.000,50896.2
1021.767,1023.518,50.8577,10.000,50886.8
1022.267,1023.718,50.8442,10.000,50892.6
1022.267,1023.917,50.8765,10.000,50878.8
1022.267,1024.115,50.8791,10.000,50877.7
1022.767,1024.318,50.8786,10.000,50877.9
1022.768,1024.516,50.8965,10.000,50870.2
1023.267,1024.717,50.9058,10.000,50866.2
1023.268,1024.916,50.9035,10.000,50867.2
1023.268,1025.117,50.9028,10.000,50867.5
1023.766,1025.316,50.9375,10.000,50852.6
1023.767,1025.516,50.9453,10.000,50849.3
1024.267,1025.716,50.9468,10.000,50848.6
1024.268,1025.915,50.9608,10.000,50842.7
1024.268,1026.115,50.9678,10.000,50839.7
1024.767,1026.316,50.9772,10.000,50835.6
1024.767,1026.516,50.9748,10.000,50836.7
1025.267,1026.716,50.9995,10.000,50826.0
1025.267,1026.915,51.0042,10.000,50824.1
1025.267,1027.115,51.0179,10.000,50818.1
1025.767,1027.314,51.0252,10.000,50815.0
1025.767,1027.516,51.0306,10.000,50812.8
1026.267,1027.714,51.0389,10.000,50809.1
1026.267,1027.914,51.0456,10.000,50806.3
1026.267,1028.115,51.0472,10.000,50805.6
1026.767,1028.314,51.0765,10.000,50793.0
1026.767,1028.516,51.0737,10.000,50794.3
1027.267,1028.713,51.0745,10.000,50793.9
1027.267,1028.913,51.1116,10.000,50777.9
1027.268,1029.113,51.0874,10.000,50788.3
1027.767,1029.314,51.1296,10.000,50770.3
1027.768,1029.514,51.1198,10.000,50774.4
1028.267,1029.712,51.1596,10.000,50757.3
1028.268,1029.914,51.1318,10.000,50769.3
1028.268,1030.113,51.1582,10.000,50757.9
1028.767,1030.312,51.1681,10.000,50753.7
1028.767,1030.513,51.1733,10.000,50751.4
1029.267,1030.712,51.2583,10.000,50714.9
1029.267,1030.913,51.1943,10.000,50742.4
1029.267,1031.113,51.1873,10.000,50745.4
1029.767,1031.312,51.2228,10.000,50730.2
1029.768,1031.513,51.2096,10.000,50735.8
1030.267,1031.711,51.2308,10.000,50726.7
1030.267,1031.912,51.2467,10.000,50719.8
1030.267,1032.111,51.2394,10.000,50723.0
1030.767,1032.311,51.2493,10.000,50718.8
1030.767,1032.512,51.2733,10.000,50708.4
1031.267,1032.711,51.2773,10.000,50706.7
1031.267,1032.912,51.2907,10.000,50700.9
1031.267,1033.111,51.2983,10.000,50697.6
1031.767,1033.310,51.2871,10.000,50702.5
1031.767,1033.511,51.3152,10.000,50690.4
1032.267,1033.710,51.3156,10.000,50690.2
1032.267,1033.911,51.3388,10.000,50680.2
1032.268,1034.109,51.3467,10.000,50676.8
1032.767,1034.310,51.3564,10.000,50672.6
1032.767,1034.511,51.3621,10.000,50670.2
1033.267,1034.710,51.3628,10.000,50669.8
1033.267,1034.908,51.3670,10.000,50668.1
1033.267,1035.109,51.3980,10.000,50654.7
1033.767,1035.310,51.4077,10.000,50650.5
1033.767,1035.510,51.4064,10.000,50651.0
1034.267,1035.709,51.4305,10.000,50640.6
1034.267,1035.908,51.4352,10.000,50638.6
1034.267,1036.109,51.4414,10.000,50636.0
1034.767,1036.309,51.4487,10.000,50632.8
1034.768,1036.509,51.4536,10.000,50630.6
1035.267,1036.708,51.4647,10.000,50625.9
1035.267,1036.908,51.4849,10.000,50617.1
1035.268,1037.109,51.5311,10.000,50597.2
1035.767,1037.308,51.5050,10.000,50608.5
1035.767,1037.509,51.4853,10.000,50617.0
1036.267,1037.708,51.5231,10.000,50600.6
1036.267,1037.908,51.5762,10.000,50577.7
1036.268,1038.107,51.5343,10.000,50595.8
1036.767,1038.307,51.5521,10.000,50588.1
1036.767,1038.508,51.5527,10.000,50587.9
1037.267,1038.707,51.5632,10.000,50583.3
1037.268,1038.908,51.5688,10.000,50580.9
1037.268,1039.107,51.6585,10.000,50542.1
1037.767,1039.307,51.5952,10.000,50569.5
1037.768,1039.507,51.6072,10.000,50564.3
1038.267,1039.707,51.6017,10.000,50566.7
1038.268,1039.906,51.6413,10.000,50549.6
1038.268,1040.107,51.6310,10.000,50554.0
1038.767,1040.307,51.6528,10.000,50544.5
1038.768,1040.507,51.6177,10.000,50559.8
1039.267,1040.707,51.6823,10.000,50531.8
1039.267,1040.906,51.6608,10.000,50541.1
1039.268,1041.105,51.7119,10.000,50519.0
1039.767,1041.306,51.7200,10.000,50515.5
1039.767,1041.505,51.7277,10.000,50512.1
1040.267,1041.706,51.7441,10.000,50505.0
1040.267,1041.906,51.7427,10.000,50505.6
1040.268,1042.105,51.7342,10.000,50509.3
1040.767,1042.306,51.7661,10.000,50495.5
1040.768,1042.504,51.7907,10.000,50484.8
1041.267,1042.705,51.7920,10.000,50484.2
1041.268,1042.904,51.7896,10.000,50485.2
1041.268,1043.104,51.7985,10.000,50481.4
1041.767,1043.305,51.8208,10.000,50471.8
1041.767,1043.503,51.8284,10.000,50468.5
1042.266,1043.705,51.8488,10.000,50459.6
1042.267,1043.904,51.8393,10.000,50463.7
1042.267,1044.103,51.8494,10.000,50459.4
1042.767,1044.304,51.8687,10.000,50451.0
1042.768,1044.503,51.8687,10.000,50451.0
1043.267,1044.704,51.8994,10.000,50437.6
1043.267,1044.904,51.9121,10.000,50432.2
1043.267,1045.103,51.9191,10.000,50429.1
1043.767,1045.304,51.9232,10.000,50427.3
1043.768,1045.503,51.9194,10.000,50428.9
1044.267,1045.703,51.9326,10.000,50423.2
1044.267,1045.902,51.9634,10.000,50409.8
1044.267,1046.102,51.9774,10.000,50403.8
1044.767,1046.303,51.9803,10.000,50402.5
1044.768,1046.502,51.9998,10.000,50394.0
1045.267,1046.703,51.9897,10.000,50398.3
1045.267,1046.902,51.9824,10.000,50401.6
1045.267,1047.101,52.0019,10.000,50393.1
1045.767,1047.302,52.0306,10.000,50380.7
1045.768,1047.501,52.0364,10.000,50378.0
1046.267,1047.702,52.0503,10.000,50372.1
1046.267,1047.902,52.0698,10.000,50363.5
1046.267,1048.101,52.0509,10.000,50371.7
1046.767,1048.302,52.1001,10.000,50350.3
1046.767,1048.501,52.0932,10.000,50353.3
1047.267,1048.701,52.1154,10.000,50343.7
1047.268,1048.900,52.1377,10.000,50333.9
1047.268,1049.100,52.1243,10.000,50339.8
1047.767,1049.301,52.1310,10.000,50336.9
1047.767,1049.500,52.1455,10.000,50330.5
1048.267,1049.701,52.1784,10.000,50316.2
1048.267,1049.900,52.1768,10.000,50316.9
1048.267,1050.100,52.2004,10.000,50306.6
1048.767,1050.300,52.2278,10.000,50294.6
1048.767,1050.500,52.2527,10.000,50283.8
1049.267,1050.699,52.2166,10.000,50299.5
1049.268,1050.898,52.2407,10.000,50289.0
1049.268,1051.100,52.2612,10.000,50280.0
1049.767,1051.300,52.2632,10.000,50279.2
1049.768,1051.499,52.2820,10.000,50271.0
1050.267,1051.697,52.2773,10.000,50273.0
1050.267,1051.898,52.2903,10.000,50267.3
1050.267,1052.100,52.3140,10.000,50257.1
1050.767,1052.299,52.3255,10.000,50252.0
1050.768,1052.498,52.3284,10.000,50250.7
1051.267,1052.699,52.3442,10.000,50243.8
1051.268,1052.898,52.3537,10.000,50239.7
1051.268,1053.100,52.3681,10.000,50233.4
1051.767,1053.298,52.3807,10.000,50227.9
1051.768,1053.498,52.4059,10.000,50216.8
1052.267,1053.697,52.4136,10.000,50213.6
1052.268,1053.896,52.4020,10.000,50218.6
1052.268,1054.100,52.3973,10.000,50220.6
1052.767,1054.297,52.4399,10.000,50201.9
1052.767,1054.497,52.4557,10.000,50195.0
1053.267,1054.695,52.4538,10.000,50195.9
1053.267,1054.898,52.4644,10.000,50191.2
1053.267,1055.098,52.4894,10.000,50180.2
1053.767,1055.296,52.4912,10.000,50179.5
1053.768,1055.496,52.5023,10.000,50174.7
1054.267,1055.697,52.4976,10.000,50176.7
1054.268,1055.896,52.5132,10.000,50169.8
1054.268,1056.098,52.5444,10.000,50156.2
1054.767,1056.295,52.5511,10.000,50153.2
1054.768,1056.496,52.5596,10.000,50149.6
1055.267,1056.695,52.5610,10.000,50148.9
1055.268,1056.894,52.5744,10.000,50143.0
1055.268,1057.096,52.5841,10.000,50138.8
1055.767,1057.294,52.6045,10.000,50129.8
1055.767,1057.496,52.6089,10.000,50127.9
1056.267,1057.695,52.6279,10.000,50119.6
1056.267,1057.894,52.6287,10.000,50119.2
1056.267,1058.095,52.6587,10.000,50106.1
1056.767,1058.295,52.6650,10.000,50103.3
1056.768,1058.495,52.6758,10.000,50098.6
1057.267,1058.695,52.6946,10.000,50090.3
1057.268,1058.894,52.7029,10.000,50086.6
1057.268,1059.095,52.7022,10.000,50087.0
1057.767,1059.294,52.7090,10.000,50084.0
1057.768,1059.494,52.7290,10.000,50075.2
1058.267,1059.693,52.7352,10.000,50072.5
1058.267,1059.893,52.7749,10.000,50055.0
1058.267,1060.094,52.7700,10.000,50057.1
1058.767,1060.294,52.7820,10.000,50051.8
1058.767,1060.494,52.7846,10.000,50050.8
1059.267,1060.691,52.8135,10.000,50038.1
1059.267,1060.892,52.8013,10.000,50043.4
1059.267,1061.094,52.8484,10.000,50022.7
1059.767,1061.293,52.8325,10.000,50029.7
1059.768,1061.492,52.8940,10.000,50002.7
1060.267,1061.691,52.8642,10.000,50015.7
1060.267,1061.893,52.8893,10.000,50004.7
1060.267,1062.093,52.9014,10.000,49999.4
1060.767,1062.292,52.8994,10.000,50000.2
1060.767,1062.490,52.9158,10.000,49993.0
1061.267,1062.693,52.9323,10.000,49985.7
1061.268,1062.891,52.9389,10.000,49982.8
1061.268,1063.092,52.9559,10.000,49975.4
1061.767,1063.291,52.9539,10.000,49976.2
1061.767,1063.492,52.9819,10.000,49963.9
1062.267,1063.691,52.9944,10.000,49958.4
1062.267,1063.891,53.0065,10.000,49953.0
1062.267,1064.091,53.0096,10.000,49951.7
1062.767,1064.291,53.0168,10.000,49948.6
1062.767,1064.490,53.0425,10.000,49937.2
1063.267,1064.690,53.0346,10.000,49940.6
1063.267,1064.891,53.0596,10.000,49929.6
1063.267,1065.091,53.0747,10.000,49922.9
1063.767,1065.291,53.0928,10.000,49914.9
1063.767,1065.488,53.0887,10.000,49916.8
1064.267,1065.689,53.1090,10.000,49907.8
1064.267,1065.890,53.1354,10.000,49896.1
1064.267,1066.090,53.1216,10.000,49902.2
1064.767,1066.289,53.1489,10.000,49890.1
1064.768,1066.488,53.1533,10.000,49888.2
1065.267,1066.690,53.1577,10.000,49886.3
1065.267,1066.891,53.1831,10.000,49875.1
1065.267,1067.088,53.1943,10.000,49870.1
1065.767,1067.288,53.2020,10.000,49866.8
1065.768,1067.488,53.2205,10.000,49858.5
1066.267,1067.689,53.2300,10.000,49854.3
1066.267,1067.889,53.2373,10.000,49851.1
1066.267,1068.087,53.2340,10.000,49852.5
1066.766,1068.289,53.2635,10.000,49839.5
1066.767,1068.486,53.2674,10.000,49837.7
1067.267,1068.687,53.2791,10.000,49832.6
1067.267,1068.888,53.2822,10.000,49831.2
1067.267,1069.088,53.3073,10.000,49820.1
1067.767,1069.288,53.3275,10.000,49811.1
1067.768,1069.486,53.3332,10.000,49808.7
1068.267,1069.687,53.3188,10.000,49815.0
1068.268,1069.888,53.3594,10.000,49797.1
1068.268,1070.088,53.3613,10.000,49796.2
1068.767,1070.287,53.3527,10.000,49800.0
1068.767,1070.486,53.4043,10.000,49777.1
1069.267,1070.686,53.4095,10.000,49774.9
1069.267,1070.887,53.4189,10.000,49770.6
1069.267,1071.087,53.4365,10.000,49762.9
1069.767,1071.287,53.4380,10.000,49762.2
1069.767,1071.484,53.4350,10.000,49763.5
1070.267,1071.685,53.4526,10.000,49755.7
1070.268,1071.886,53.4754,10.000,49745.6
1070.268,1072.086,53.4848,10.000,49741.4
1070.767,1072.286,53.5171,10.000,49727.1
1070.767,1072.484,53.5176,10.000,49726.8
1071.267,1072.685,53.5268,10.000,49722.8
1071.267,1072.886,53.5498,10.000,49712.6
1071.268,1073.086,53.5671,10.000,49704.9
1071.767,1073.285,53.5729,10.000,49702.3
1071.767,1073.484,53.5936,10.000,49693.1
1072.266,1073.684,53.5947,10.000,49692.5
1072.267,1073.886,53.5765,10.000,49700.7
1072.267,1074.084,53.6024,10.000,49689.2
1072.767,1074.283,53.6260,10.000,49678.7
1072.767,1074.482,53.6435,10.000,49670.9
1073.267,1074.685,53.6507,10.000,49667.7
1073.267,1074.884,53.6556,10.000,49665.6
1073.268,1075.083,53.6751,10.000,49656.8
1073.767,1075.283,53.6902,10.000,49650.1
1073.767,1075.484,53.7002,10.000,49645.7
1074.267,1075.684,53.7173,10.000,49638.1
1074.267,1075.884,53.7254,10.000,49634.5
1074.268,1076.084,53.7500,10.000,49623.6
1074.767,1076.283,53.7757,10.000,49612.1
1074.767,1076.482,53.7681,10.000,49615.4
1075.267,1076.682,53.7837,10.000,49608.5
1075.267,1076.883,53.7918,10.000,49604.9
1075.268,1077.083,53.8066,10.000,49598.3
1075.767,1077.283,53.8154,10.000,49594.3
1075.767,1077.482,53.8356,10.000,49585.4
1076.267,1077.682,53.8320,10.000,49587.0
1076.267,1077.882,53.8515,10.000,49578.3
1076.268,1078.082,53.8542,10.000,49577.1
1076.767,1078.281,53.8957,10.000,49558.6
1076.767,1078.480,53.8980,10.000,49557.5
1077.267,1078.682,53.8950,10.000,49558.9
1077.267,1078.882,53.9245,10.000,49545.8
1077.267,1079.082,53.9360,10.000,49540.5
1077.767,1079.281,53.9588,10.000,49530.4
1077.768,1079.480,53.9599,10.000,49529.9
1078.266,1079.682,53.9751,10.000,49523.2
1078.267,1079.881,53.9818,10.000,49520.2
1078.267,1080.081,54.0068,10.000,49508.9
1078.767,1080.279,54.0187,10.000,49503.6
1078.767,1080.480,54.0122,10.000,49506.5
1079.267,1080.682,54.0521,10.000,49488.7
1079.268,1080.880,54.0556,10.000,49487.2
1079.268,1081.080,54.0754,10.000,49478.3
1079.767,1081.279,54.0845,10.000,49474.2
1079.767,1081.478,54.0781,10.000,49477.1
1080.267,1081.680,54.1020,10.000,49466.4
1080.267,1081.880,54.1230,10.000,49457.0
1080.267,1082.080,54.1274,10.000,49455.1
1080.766,1082.277,54.1401,10.000,49449.4
1080.766,1082.478,54.1606,10.000,49440.2
1081.267,1082.680,54.1761,10.000,49433.3
1081.267,1082.879,54.1953,10.000,49424.7
1081.267,1083.078,54.2067,10.000,49419.6
1081.767,1083.277,54.2147,10.000,49416.0
1081.767,1083.478,54.2187,10.000,49414.2
1082.267,1083.679,54.2329,10.000,49407.8
1082.267,1083.878,54.2511,10.000,49399.7
1082.267,1084.077,54.2571,10.000,49396.9
1082.767,1084.277,54.2874,10.000,49383.4
1082.767,1084.476,54.2903,10.000,49382.1
1082.768,1084.678,54.2974,10.000,49378.9
1083.267,1084.878,54.3245,10.000,49366.7
1083.267,1085.078,54.3242,10.000,49366.9
1083.767,1085.275,54.3354,10.000,49361.8
1083.768,1085.476,54.3589,10.000,49351.3
1083.768,1085.677,54.3572,10.000,49352.0
1084.267,1085.877,54.3711,10.000,49345.9
1084.267,1086.077,54.3802,10.000,49341.7
1084.767,1086.275,54.4155,10.000,49325.8
1084.767,1086.476,54.4285,10.000,49320.0
1084.767,1086.677,54.4453,10.000,49312.5
1085.267,1086.877,54.4583,10.000,49306.7
1085.267,1087.076,54.4705,10.000,49301.2
1085.767,1087.275,54.4793,10.000,49297.2
1085.768,1087.475,54.5020,10.000,49287.0
1085.768,1087.676,54.5270,10.000,49275.7
1086.267,1087.876,54.5325,10.000,49273.3
1086.267,1088.076,54.5337,10.000,49272.8
1086.767,1088.274,54.5586,10.000,49261.6
1086.768,1088.474,54.5682,10.000,49257.2
1086.768,1088.676,54.5889,10.000,49247.9
1087.267,1088.875,54.6139,10.000,49236.6
1087.267,1089.074,54.6165,10.000,49235.5
1087.767,1089.274,54.6430,10.000,49223.6
1087.767,1089.474,54.6382,10.000,49225.8
1087.767,1089.675,54.6720,10.000,49210.5
1088.267,1089.875,54.6911,10.000,49201.9
1088.268,1090.072,54.6764,10.000,49208.5
1088.767,1090.273,54.7078,10.000,49194.4
1088.768,1090.474,54.7212,10.000,49188.3
1088.768,1090.674,54.7227,10.000,49187.6
1089.267,1090.874,54.7383,10.000,49180.6
1089.268,1091.072,54.7698,10.000,49166.4
1089.767,1091.273,54.7002,10.000,49197.8
1089.768,1091.474,54.7829,10.000,49160.5
1089.768,1091.673,54.7947,10.000,49155.1
1090.267,1091.872,54.8307,10.000,49138.9
1090.268,1092.072,54.8525,10.000,49129.1
1090.767,1092.272,54.8885,10.000,49112.8
1090.767,1092.474,54.8948,10.000,49110.0
1090.768,1092.671,54.9022,10.000,49106.6
1091.267,1092.872,54.8965,10.000,49109.3
1091.268,1093.070,54.9217,10.000,49097.8
1091.767,1093.273,54.9407,10.000,49089.2
1091.768,1093.472,54.9512,10.000,49084.5
1091.768,1093.671,54.9780,10.000,49072.4
1092.267,1093.872,54.9873,10.000,49068.2
1092.268,1094.072,54.9922,10.000,49066.0
1092.767,1094.271,55.0275,10.000,49050.0
1092.768,1094.472,55.0229,10.000,49052.1
1092.768,1094.671,55.0805,10.000,49026.0
1093.267,1094.871,55.0698,10.000,49030.8
1093.268,1095.070,55.0843,10.000,49024.2
1093.767,1095.270,55.0638,10.000,49033.6
1093.768,1095.471,55.1046,10.000,49015.0
1093.768,1095.671,55.1133,10.000,49011.2
1094.267,1095.871,55.1377,10.000,49000.0
1094.268,1096.068,55.1426,10.000,48997.9
1094.767,1096.269,55.1653,10.000,48987.6
1094.768,1096.470,55.1878,10.000,48977.4
1094.768,1096.670,55.1766,10.000,48982.5
1095.267,1096.869,55.2166,10.000,48964.3
1095.268,1097.068,55.2292,10.000,48958.6
1095.767,1097.270,55.2321,10.000,48957.2
1095.768,1097.470,55.3056,10.000,48924.0
1095.768,1097.669,55.2790,10.000,48936.0
1096.267,1097.868,55.2773,10.000,48936.8
1096.268,1098.068,55.3018,10.000,48925.7
1096.767,1098.268,55.3108,10.000,48921.5
1096.767,1098.469,55.3128,10.000,48920.6
1096.767,1098.668,55.3100,10.000,48921.9
1097.266,1098.869,55.3454,10.000,48905.8
1097.266,1099.066,55.3628,10.000,48898.0
1097.767,1099.268,55.3883,10.000,48886.3
1097.767,1099.469,55.3950,10.000,48883.3
1097.767,1099.668,55.4131,10.000,48875.1
1098.267,1099.867,55.4334,10.000,48865.9
1098.267,1100.066,55.4440,10.000,48861.0
1098.767,1100.268,55.4555,10.000,48855.8
1098.767,1100.468,55.4717,10.000,48848.5
1098.768,1100.668,55.4853,10.000,48842.2
1099.267,1100.865,55.5018,10.000,48834.8
1099.268,1101.066,55.5122,10.000,48830.0
1099.767,1101.266,55.5350,10.000,48819.7
1099.767,1101.468,55.5493,10.000,48813.1
1099.767,1101.667,55.5430,10.000,48816.0
1100.267,1101.865,55.5801,10.000,48799.1
1100.267,1102.066,55.5915,10.000,48793.9
1100.767,1102.266,55.6072,10.000,48786.8
1100.767,1102.466,55.6190,10.000,48781.4
1100.767,1102.665,55.6333,10.000,48774.9
1101.267,1102.865,55.6377,10.000,48772.8
1101.268,1103.066,55.6414,10.000,48771.1
1101.767,1103.266,55.6634,10.000,48761.1
1101.768,1103.466,55.6937,10.000,48747.3
1101.768,1103.665,55.7188,10.000,48735.9
1102.267,1103.865,55.7402,10.000,48726.1
1102.267,1104.064,55.7500,10.000,48721.6
1102.767,1104.266,55.7661,10.000,48714.2
1102.767,1104.465,55.7630,10.000,48715.7
1102.767,1104.665,55.7933,10.000,48701.9
1103.267,1104.863,55.8148,10.000,48692.1
1103.268,1105.064,55.8301,10.000,48685.1
1103.767,1105.266,55.8488,10.000,48676.5
1103.768,1105.464,55.8388,10.000,48681.1
1103.768,1105.664,55.8782,10.000,48663.1
1104.266,1105.863,55.8945,10.000,48655.6
1104.267,1106.062,55.9463,10.000,48631.9
1104.767,1106.264,55.9267,10.000,48640.9
1104.768,1106.464,55.9368,10.000,48636.2
1104.768,1106.663,55.9775,10.000,48617.7
1105.267,1106.861,55.9324,10.000,48638.3
1105.267,1107.064,55.9832,10.000,48615.0
1105.767,1107.264,55.9697,10.000,48621.2
1105.768,1107.462,56.0207,10.000,48597.8
1105.768,1107.662,56.0439,10.000,48587.2
1106.267,1107.863,56.0802,10.000,48570.6
1106.267,1108.062,56.0754,10.000,48572.8
1106.767,1108.263,56.0854,10.000,48568.2
1106.767,1108.461,56.1077,10.000,48558.1
1106.767,1108.662,56.1105,10.000,48556.7
1107.266,1108.861,56.1346,10.000,48545.7
1107.267,1109.060,56.1567,10.000,48535.6
1107.767,1109.262,56.1711,10.000,48528.9
1107.767,1109.462,56.1994,10.000,48516.0
1107.767,1109.662,56.1964,10.000,48517.4
1108.267,1109.859,56.2233,10.000,48505.0
1108.268,1110.060,56.2449,10.000,48495.1
1108.767,1110.262,56.2661,10.000,48485.4
1108.767,1110.461,56.2754,10.000,48481.1
1108.767,1110.660,56.2925,10.000,48473.3
1109.267,1110.859,56.3250,10.000,48458.3
1109.267,1111.060,56.3286,10.000,48456.6
1109.767,1111.262,56.3600,10.000,48442.2
1109.767,1111.460,56.3649,10.000,48440.0
1109.767,1111.658,56.3966,10.000,48425.3
1110.267,1111.861,56.4810,10.000,48386.5
1110.268,1112.059,56.4263,10.000,48411.7
1110.767,1112.260,56.4538,10.000,48399.1
1110.768,1112.460,56.4580,10.000,48397.2
1110.768,1112.660,56.4720,10.000,48390.7
1111.267,1112.857,56.5000,10.000,48377.9
1111.267,1113.058,56.5127,10.000,48372.0
1111.767,1113.260,56.5381,10.000,48360.3
1111.767,1113.458,56.5488,10.000,48355.3
1111.768,1113.658,56.5581,10.000,48351.1
1112.267,1113.857,56.5898,10.000,48336.5
1112.267,1114.059,56.6015,10.000,48331.0
1112.767,1114.259,56.6162,10.000,48324.3
1112.767,1114.458,56.6331,10.000,48316.5
1112.767,1114.656,56.6601,10.000,48304.0
1113.267,1114.859,56.6768,10.000,48296.4
1113.268,1115.057,56.6974,10.000,48286.8
1113.767,1115.258,56.7195,10.000,48276.6
1113.768,1115.458,56.7319,10.000,48270.9
1113.768,1115.658,56.7571,10.000,48259.3
1114.267,1115.857,56.8083,10.000,48235.7
1114.267,1116.057,56.8034,10.000,48238.0
1114.767,1116.258,56.8184,10.000,48231.0
1114.768,1116.457,56.8442,10.000,48219.0
1114.768,1116.656,56.8512,10.000,48215.8
1115.267,1116.856,56.8704,10.000,48206.9
1115.267,1117.057,56.8874,10.000,48199.1
1115.799,1117.257,56.8975,10.000,48194.4
1115.799,1117.457,56.8955,10.000,48195.2
1115.799,1117.654,56.9398,10.000,48174.8
1116.267,1117.855,56.9548,10.000,48167.9
1116.267,1118.056,56.9938,10.000,48149.8
1116.767,1118.256,56.9941,10.000,48149.7
1116.767,1118.456,57.0136,10.000,48140.6
1116.767,1118.654,57.0508,10.000,48123.4
1117.267,1118.855,57.0563,10.000,48120.8
1117.267,1119.056,57.0544,10.000,48121.8
1117.767,1119.255,57.0784,10.000,48110.7
1117.767,1119.454,57.1033,10.000,48099.1
1117.768,1119.654,57.1289,10.000,48087.3
1118.267,1119.854,57.1265,10.000,48088.3
1118.267,1120.056,57.1629,10.000,48071.5
1118.797,1120.254,57.1807,10.000,48063.2
1118.797,1120.454,57.1582,10.000,48073.7
1118.797,1120.652,57.2051,10.000,48051.9
1119.267,1120.853,57.2350,10.000,48038.0
1119.268,1121.055,57.2475,10.000,48032.2
1119.767,1121.253,57.2546,10.000,48028.9
1119.767,1121.453,57.2781,10.000,48018.0
1119.767,1121.654,57.2935,10.000,48010.9
1120.267,1121.854,57.3144,10.000,48001.2
1120.267,1122.054,57.3480,10.000,47985.6
1120.767,1122.253,57.3574,10.000,47981.2
1120.767,1122.453,57.3794,10.000,47970.9
1120.767,1122.652,57.4131,10.000,47955.4
1121.267,1122.852,57.4300,10.000,47947.4
1121.267,1123.053,57.4497,10.000,47938.3
1121.767,1123.253,57.4687,10.000,47929.5
1121.767,1123.452,57.4775,10.000,47925.3
1121.767,1123.650,57.5032,10.000,47913.3
1122.267,1123.852,57.5101,10.000,47910.2
1122.267,1124.053,57.5436,10.000,47894.6
1122.767,1124.251,57.5596,10.000,47887.1
1122.767,1124.451,57.5840,10.000,47875.7
1122.767,1124.652,57.6069,10.000,47865.1
1123.267,1124.852,57.6108,10.000,47863.3
1123.267,1125.052,57.6416,10.000,47848.9
1123.767,1125.251,57.6597,10.000,47840.5
1123.767,1125.451,57.6838,10.000,47829.2
1123.767,1125.650,57.7056,10.000,47819.0
1124.267,1125.850,57.7200,10.000,47812.4
1124.267,1126.051,57.7443,10.000,47801.0
1124.767,1126.251,57.7939,10.000,47777.9
1124.767,1126.449,57.7718,10.000,47788.2
1124.767,1126.648,57.8166,10.000,47767.3
1125.267,1126.850,57.8014,10.000,47774.4
1125.267,1127.051,57.8351,10.000,47758.7
1125.767,1127.250,57.8595,10.000,47747.2
1125.767,1127.449,57.8792,10.000,47738.1
1125.767,1127.648,57.9028,10.000,47727.0
1126.267,1127.850,57.9116,10.000,47722.9
1126.267,1128.051,57.9269,10.000,47715.7
1126.767,1128.250,57.9712,10.000,47695.1
1126.768,1128.447,57.9880,10.000,47687.2
1126.768,1128.648,57.9920,10.000,47685.2
1127.267,1128.850,58.0099,10.000,47676.9
1127.268,1129.050,58.0278,10.000,47668.6
1127.767,1129.249,58.0547,10.000,47656.0
1127.767,1129.447,58.0724,10.000,47647.7
1127.768,1129.648,58.1001,10.000,47634.6
1128.267,1129.850,58.1160,10.000,47627.3
1128.268,1130.048,58.1369,10.000,47617.5
1128.767,1130.247,58.1628,10.000,47605.4
1128.768,1130.447,58.1725,10.000,47600.7
1128.768,1130.646,58.1792,10.000,47597.7
1129.267,1130.850,58.2075,10.000,47584.3
1129.268,1131.047,58.2363,10.000,47570.9
1129.767,1131.247,58.2502,10.000,47564.4
1129.768,1131.445,58.2707,10.000,47554.7
1129.768,1131.646,58.2970,10.000,47542.3
1130.267,1131.848,58.2988,10.000,47541.5
1130.268,1132.047,58.3330,10.000,47525.5
1130.767,1132.246,58.3450,10.000,47519.8
1130.768,1132.445,58.3669,10.000,47509.6
1130.768,1132.646,58.3814,10.000,47502.8
1131.267,1132.848,58.3934,10.000,47497.1
1131.268,1133.046,58.4150,10.000,47487.0
1131.767,1133.245,58.4472,10.000,47471.8
1131.768,1133.445,58.5532,10.000,47421.9
1131.768,1133.644,58.5005,10.000,47446.8
1132.267,1133.848,58.5112,10.000,47441.8
1132.268,1134.044,58.5140,10.000,47440.4
1132.767,1134.245,58.5356,10.000,47430.2
1132.768,1134.443,58.5493,10.000,47423.9
1132.768,1134.644,58.5610,10.000,47418.2
1133.267,1134.846,58.6063,10.000,47397.0
1133.268,1135.045,58.6188,10.000,47391.1
1133.767,1135.244,58.6518,10.000,47375.6
1133.768,1135.443,58.6699,10.000,47367.0
1133.768,1135.644,58.6875,10.000,47358.7
1134.267,1135.845,58.7205,10.000,47343.2
1134.268,1136.044,58.7239,10.000,47341.6
1134.766,1136.243,58.7404,10.000,47333.8
1134.767,1136.443,58.7599,10.000,47324.6
1134.767,1136.644,58.7663,10.000,47321.6
1135.267,1136.844,58.8013,10.000,47305.1
1135.267,1137.043,58.8200,10.000,47296.2
1135.767,1137.244,58.8216,10.000,47295.5
1135.767,1137.443,58.8550,10.000,47279.7
1135.768,1137.642,58.8844,10.000,47265.9
1136.267,1137.843,58.8906,10.000,47263.0
1136.267,1138.043,58.9172,10.000,47250.4
1136.767,1138.242,58.9451,10.000,47237.2
1136.767,1138.441,58.9644,10.000,47228.1
1136.768,1138.642,58.9936,10.000,47214.3
1137.267,1138.843,59.0050,10.000,47208.9
1137.267,1139.043,59.0086,10.000,47207.1
1137.767,1139.240,59.0430,10.000,47190.9
1137.767,1139.441,59.0467,10.000,47189.1
1137.767,1139.642,59.0766,10.000,47175.1
1138.267,1139.843,59.0880,10.000,47169.6
1138.267,1140.042,59.1094,10.000,47159.5
1138.767,1140.240,59.1336,10.000,47148.1
1138.767,1140.441,59.1566,10.000,47137.2
1138.768,1140.641,59.1714,10.000,47130.2
1139.267,1140.842,59.1966,10.000,47118.2
1139.268,1141.040,59.2111,10.000,47111.4
1139.767,1141.240,59.2292,10.000,47102.8
1139.768,1141.440,59.2583,10.000,47089.1
1139.768,1141.641,59.2775,10.000,47079.9
1140.267,1141.842,59.2998,10.000,47069.4
1140.267,1142.040,59.3009,10.000,47068.8
1140.767,1142.238,59.3452,10.000,47047.8
1140.768,1142.441,59.3437,10.000,47048.6
1140.768,1142.640,59.3753,10.000,47033.6
1141.267,1142.839,59.3856,10.000,47028.7
1141.267,1143.040,59.4077,10.000,47018.2
1141.767,1143.238,59.4290,10.000,47008.1
1141.768,1143.439,59.4559,10.000,46995.3
1141.768,1143.640,59.4645,10.000,46991.3
1142.267,1143.839,59.4764,10.000,46985.6
1142.268,1144.038,59.4731,10.000,46987.2
1142.767,1144.238,59.5215,10.000,46964.2
1142.768,1144.438,59.5457,10.000,46952.7
1142.768,1144.640,59.5692,10.000,46941.6
1143.267,1144.837,59.5722,10.000,46940.1
1143.267,1145.038,59.5926,10.000,46930.4
1143.767,1145.236,59.6229,10.000,46916.0
1143.767,1145.437,59.6382,10.000,46908.6
1143.767,1145.639,59.6386,10.000,46908.6
1144.267,1145.838,59.6719,10.000,46892.6
1144.268,1146.037,59.6655,10.000,46895.7
1144.767,1146.236,59.7055,10.000,46876.6
1144.768,1146.437,59.7218,10.000,46868.9
1144.768,1146.638,59.7269,10.000,46866.5
1145.267,1146.838,59.7422,10.000,46859.3
1145.267,1147.036,59.7270,10.000,46866.5
1145.767,1147.236,59.7861,10.000,46838.3
1145.768,1147.436,59.8040,10.000,46829.8
1145.768,1147.638,59.8198,10.000,46822.2
1146.267,1147.836,59.8432,10.000,46811.1
1146.267,1148.036,59.8556,10.000,46805.1
1146.767,1148.236,59.8613,10.000,46802.6
1146.767,1148.436,59.8852,10.000,46791.1
1146.768,1148.636,59.8906,10.000,46788.5
1147.267,1148.835,59.9123,10.000,46778.2
1147.268,1149.036,59.9316,10.000,46768.9
1147.767,1149.234,59.9585,10.000,46756.1
1147.768,1149.435,59.9606,10.000,46755.2
1147.768,1149.636,59.9775,10.000,46747.1
1148.267,1149.836,59.9943,10.000,46739.1
1148.268,1150.033,59.9975,10.000,46737.6
1148.767,1150.234,60.0264,10.000,46723.8
1148.767,1150.434,60.0234,10.000,46725.2
1148.767,1150.636,60.0557,10.000,46709.7
1149.267,1150.834,60.0581,10.000,46708.6
1149.267,1151.033,60.0923,10.000,46692.3
1149.767,1151.232,60.0994,10.000,46688.9
1149.767,1151.435,60.1126,10.000,46682.6
1149.767,1151.635,60.1325,10.000,46673.1
1150.267,1151.833,60.1328,10.000,46673.0
1150.267,1152.033,60.1513,10.000,46664.2
1150.767,1152.234,60.1762,10.000,46652.3
1150.767,1152.434,60.1950,10.000,46643.2
1150.767,1152.634,60.1882,10.000,46646.6
1151.267,1152.833,60.2132,10.000,46634.6
1151.267,1153.033,60.2337,10.000,46624.8
1151.767,1153.232,60.2505,10.000,46616.7
1151.767,1153.432,60.2256,10.000,46628.6
1151.767,1153.633,60.2822,10.000,46601.6
1152.267,1153.833,60.2716,10.000,46606.6
1152.267,1154.031,60.3016,10.000,46592.3
1152.767,1154.232,60.3115,10.000,46587.5
1152.767,1154.432,60.3310,10.000,46578.2
1152.767,1154.633,60.3298,10.000,46578.8
1153.267,1154.831,60.3418,10.000,46573.1
1153.267,1155.031,60.3633,10.000,46562.8
1153.767,1155.230,60.3777,10.000,46555.9
1153.767,1155.432,60.3853,10.000,46552.2
1153.767,1155.633,60.4048,10.000,46542.9
1154.267,1155.831,60.4972,10.000,46498.6
1154.267,1156.029,60.4411,10.000,46525.5
1154.767,1156.232,60.4565,10.000,46518.1
1154.767,1156.432,60.4751,10.000,46509.2
1154.767,1156.630,60.4663,10.000,46513.5
1155.267,1156.831,60.4938,10.000,46500.3
1155.267,1157.031,60.5348,10.000,46480.6
1155.767,1157.230,60.5208,10.000,46487.3
1155.767,1157.432,60.5474,10.000,46474.5
1155.767,1157.630,60.5408,10.000,46477.7
1156.267,1157.829,60.5468,10.000,46474.8
1156.267,1158.029,60.5830,10.000,46457.5
1156.767,1158.228,60.5913,10.000,46453.4
1156.767,1158.432,60.6356,10.000,46432.3
1156.767,1158.628,60.6025,10.000,46448.0
1157.267,1158.829,60.6255,10.000,46437.1
1157.267,1159.027,60.6452,10.000,46427.6
1157.767,1159.230,60.6484,10.000,46426.1
1157.767,1159.430,60.6562,10.000,46422.4
1157.767,1159.629,60.6707,10.000,46415.4
1158.267,1159.828,60.7004,10.000,46401.1
1158.267,1160.027,60.7249,10.000,46389.4
1158.767,1160.228,60.7178,10.000,46392.7
1158.767,1160.429,60.7234,10.000,46390.1
1158.767,1160.628,60.7424,10.000,46381.0
1159.267,1160.827,60.7546,10.000,46375.1
1159.267,1161.027,60.7710,10.000,46367.3
1159.767,1161.228,60.7900,10.000,46358.1
1159.767,1161.429,60.8017,10.000,46352.5
1159.767,1161.627,60.8182,10.000,46344.6
1160.267,1161.827,60.8262,10.000,46340.8
1160.267,1162.025,60.8306,10.000,46338.6
1160.767,1162.228,60.8522,10.000,46328.2
1160.767,1162.428,60.8579,10.000,46325.5
1160.767,1162.626,60.8787,10.000,46315.5
1161.267,1162.826,60.8799,10.000,46315.0
1161.267,1163.027,60.8997,10.000,46305.4
1161.767,1163.226,60.9036,10.000,46303.5
1161.767,1163.427,60.9263,10.000,46292.6
1161.767,1163.626,60.9385,10.000,46286.7
1162.267,1163.826,60.9302,10.000,46290.7
1162.267,1164.025,60.9526,10.000,46280.0
1162.767,1164.225,60.9687,10.000,46272.1
1162.767,1164.426,60.9831,10.000,46265.3
1162.767,1164.626,61.0018,10.000,46256.3
1163.267,1164.824,61.0093,10.000,46252.7
1163.267,1165.024,60.9977,10.000,46258.2
1163.767,1165.226,61.0373,10.000,46239.2
1163.767,1165.426,61.0247,10.000,46245.2
1163.767,1165.624,61.0381,10.000,46238.8
1164.267,1165.824,61.0547,10.000,46230.8
1164.267,1166.024,61.1235,10.000,46197.6
1164.767,1166.225,61.0752,10.000,46220.9
1164.767,1166.426,61.0954,10.000,46211.2
1164.767,1166.624,61.1121,10.000,46203.1
1165.267,1166.822,61.1250,10.000,46197.0
1165.267,1167.023,61.1142,10.000,46202.1
1165.767,1167.224,61.1387,10.000,46190.2
1165.767,1167.425,61.1525,10.000,46183.7
1165.767,1167.623,61.1554,10.000,46182.3
1166.267,1167.822,61.1776,10.000,46171.6
1166.267,1168.023,61.1807,10.000,46170.1
1166.767,1168.224,61.2077,10.000,46157.0
1166.767,1168.423,61.1953,10.000,46163.0
1166.767,1168.622,61.2122,10.000,46154.9
1167.267,1168.822,61.2085,10.000,46156.6
1167.268,1169.022,61.1942,10.000,46163.6
1167.767,1169.224,61.2349,10.000,46143.8
1167.767,1169.421,61.2440,10.000,46139.6
1167.767,1169.622,61.2375,10.000,46142.7
1168.267,1169.820,61.2674,10.000,46128.2
1168.267,1170.023,61.2850,10.000,46119.8
1168.767,1170.222,61.2847,10.000,46119.9
1168.767,1170.421,61.2938,10.000,46115.5
1168.767,1170.622,61.3266,10.000,46099.7
1169.267,1170.822,61.3221,10.000,46101.9
1169.267,1171.021,61.3354,10.000,46095.4
1169.767,1171.222,61.3366,10.000,46094.9
1169.767,1171.421,61.3393,10.000,46093.5
1169.767,1171.620,61.3402,10.000,46093.2
1170.267,1171.820,61.3704,10.000,46078.6
1170.267,1172.021,61.3717,10.000,46077.9
1170.767,1172.222,61.3937,10.000,46067.3
1170.767,1172.419,61.3848,10.000,46071.6
1170.767,1172.620,61.3847,10.000,46071.6
1171.267,1172.818,61.4077,10.000,46060.6
1171.267,1173.021,61.4297,10.000,46050.0
1171.767,1173.221,61.4176,10.000,46055.7
1171.767,1173.419,61.4280,10.000,46050.7
1171.767,1173.619,61.4385,10.000,46045.7
1172.267,1173.820,61.4421,10.000,46043.9
1172.267,1174.019,61.4541,10.000,46038.1
1172.767,1174.220,61.4494,10.000,46040.4
1172.768,1174.419,61.4796,10.000,46025.8
1172.768,1174.619,61.4790,10.000,46026.0
1173.267,1174.818,61.4870,10.000,46022.2
1173.267,1175.018,61.4924,10.000,46019.6
1173.767,1175.220,61.5027,10.000,46014.6
1173.767,1175.418,61.5059,10.000,46013.0
1173.768,1175.618,61.5444,10.000,45994.4
1174.267,1175.816,61.5330,10.000,45999.9
1174.268,1176.019,61.5327,10.000,46000.1
1174.767,1176.218,61.5456,10.000,45993.9
1174.767,1176.417,61.5606,10.000,45986.6
1174.768,1176.617,61.5530,10.000,45990.3
1175.267,1176.818,61.5776,10.000,45978.4
1175.267,1177.018,61.5677,10.000,45983.2
1175.767,1177.218,61.5825,10.000,45976.0
1175.768,1177.417,61.5894,10.000,45972.7
1175.768,1177.617,61.6035,10.000,45965.8
1176.267,1177.816,61.6395,10.000,45948.4
1176.267,1178.016,61.6125,10.000,45961.5
1176.767,1178.218,61.6260,10.000,45955.0
1176.767,1178.417,61.6266,10.000,45954.6
1176.767,1178.615,61.6271,10.000,45954.4
1177.267,1178.816,61.6403,10.000,45948.0
1177.268,1179.016,61.6549,10.000,45941.0
1177.767,1179.217,61.6291,10.000,45953.5
1177.767,1179.415,61.6738,10.000,45931.8
1177.767,1179.615,61.6753,10.000,45931.1
1178.267,1179.816,61.6720,10.000,45932.7
1178.267,1180.016,61.6984,10.000,45919.9
1178.767,1180.217,61.6963,10.000,45921.0
1178.767,1180.415,61.7046,10.000,45917.0
1178.767,1180.613,61.6976,10.000,45920.4
1179.267,1180.816,61.7638,10.000,45888.2
1179.268,1181.016,61.7314,10.000,45903.9
1179.767,1181.214,61.7345,10.000,45902.4
1179.767,1181.414,61.7570,10.000,45891.6
1179.768,1181.613,61.7523,10.000,45893.8
1180.267,1181.814,61.7668,10.000,45886.8
1180.267,1182.016,61.7760,10.000,45882.3
1180.767,1182.213,61.7817,10.000,45879.6
1180.768,1182.413,61.7944,10.000,45873.4
1180.768,1182.613,61.7896,10.000,45875.8
1181.267,1182.814,61.8154,10.000,45863.2
1181.268,1183.016,61.8105,10.000,45865.6
1181.767,1183.212,61.8174,10.000,45862.3
1181.767,1183.413,61.8242,10.000,45858.9
1181.767,1183.611,61.8203,10.000,45860.9
1182.267,1183.814,61.8362,10.000,45853.1
1182.267,1184.014,61.8403,10.000,45851.2
1182.767,1184.212,61.8498,10.000,45846.6
1182.768,1184.412,61.8535,10.000,45844.8
1182.768,1184.613,61.8667,10.000,45838.3
1183.267,1184.812,61.8713,10.000,45836.2
1183.267,1185.013,61.8735,10.000,45835.0
1183.767,1185.211,61.8844,10.000,45829.7
1183.767,1185.412,61.8994,10.000,45822.5
1183.767,1185.611,61.9040,10.000,45820.3
1184.267,1185.810,61.9129,10.000,45816.0
1184.268,1186.013,61.9030,10.000,45820.8
1184.767,1186.211,61.9224,10.000,45811.4
1184.768,1186.411,61.9178,10.000,45813.6
1184.768,1186.609,61.9668,10.000,45789.8
1185.267,1186.812,61.9412,10.000,45802.2
1185.267,1187.011,61.9575,10.000,45794.4
1185.767,1187.210,61.9575,10.000,45794.3
1185.767,1187.410,61.9715,10.000,45787.6
1185.768,1187.611,61.9714,10.000,45787.7
1186.267,1187.810,61.9754,10.000,45785.7
1186.267,1188.011,61.9800,10.000,45783.5
1186.767,1188.211,61.9969,10.000,45775.2
1186.767,1188.408,62.0058,10.000,45770.9
1186.767,1188.609,62.0083,10.000,45769.7
1187.267,1188.809,62.0168,10.000,45765.5
1187.267,1189.011,62.0198,10.000,45764.1
1187.767,1189.210,62.0361,10.000,45756.2
1187.767,1189.408,62.0360,10.000,45756.3
1187.767,1189.607,62.0508,10.000,45749.1
1188.267,1189.810,62.0630,10.000,45743.2
1188.267,1190.010,62.0608,10.000,45744.2
1188.767,1190.208,62.0669,10.000,45741.3
1188.768,1190.408,62.0744,10.000,45737.6
1188.768,1190.609,62.0749,10.000,45737.4
1189.267,1190.809,62.0817,10.000,45734.1
1189.268,1191.009,62.0876,10.000,45731.2
1189.767,1191.208,62.0918,10.000,45729.1
1189.768,1191.408,62.0758,10.000,45736.9
1189.768,1191.607,62.1048,10.000,45722.8
1190.267,1191.807,62.1276,10.000,45711.8
1190.267,1192.008,62.1225,10.000,45714.3
1190.767,1192.208,62.0906,10.000,45729.7
1190.767,1192.406,62.1362,10.000,45707.5
1190.767,1192.607,62.1450,10.000,45703.2
1191.267,1192.807,62.1429,10.000,45704.4
1191.267,1193.008,62.2199,10.000,45666.9
1191.767,1193.206,62.1636,10.000,45694.3
1191.767,1193.406,62.1567,10.000,45697.7
1191.767,1193.606,62.1748,10.000,45688.9
1192.267,1193.807,62.1857,10.000,45683.5
1192.267,1194.008,62.1924,10.000,45680.3
1192.767,1194.206,62.2002,10.000,45676.5
1192.767,1194.404,62.1614,10.000,45695.3
1192.767,1194.607,62.2244,10.000,45664.7
1193.267,1194.807,62.2218,10.000,45666.0
1193.267,1195.005,62.2293,10.000,45662.4
1193.767,1195.205,62.2402,10.000,45657.1
1193.767,1195.404,62.2282,10.000,45662.9
1193.767,1195.606,62.2469,10.000,45653.8
1194.267,1195.807,62.2505,10.000,45652.1
1194.267,1196.004,62.2497,10.000,45652.4
1194.767,1196.204,62.2633,10.000,45645.8
1194.767,1196.404,62.2736,10.000,45640.7
1194.767,1196.605,62.2763,10.000,45639.4
1195.267,1196.806,62.2756,10.000,45639.9
1195.267,1197.003,62.2788,10.000,45638.2
1195.767,1197.204,62.2827,10.000,45636.4
1195.767,1197.402,62.3169,10.000,45619.7
1195.767,1197.605,62.3052,10.000,45625.4
1196.267,1197.805,62.3091,10.000,45623.5
1196.268,1198.003,62.3252,10.000,45615.6
1196.767,1198.203,62.3096,10.000,45623.3
1196.767,1198.402,62.3304,10.000,45613.1
1196.767,1198.604,62.2905,10.000,45632.6
1197.267,1198.805,62.3428,10.000,45607.1
1197.267,1199.003,62.3503,10.000,45603.5
1197.767,1199.202,62.3457,10.000,45605.7
1197.767,1199.402,62.3510,10.000,45603.1
1197.767,1199.603,62.3597,10.000,45598.9
1198.267,1199.804,62.3667,10.000,45595.5
1198.267,1200.002,62.3696,10.000,45594.0
1198.767,1200.202,62.3864,10.000,45585.9
1198.767,1200.402,62.3768,10.000,45590.6
1198.767,1200.602,62.3818,10.000,45588.1
1199.267,1200.803,62.3916,10.000,45583.4
1199.267,1201.001,62.3994,10.000,45579.6
1199.767,1201.201,62.3973,10.000,45580.6
1199.767,1201.402,62.4401,10.000,45559.7
1199.767,1201.602,62.3802,10.000,45588.9
1200.267,1201.803,62.4082,10.000,45575.3
1200.267,1202.001,62.4253,10.000,45566.9
1200.767,1202.199,62.4406,10.000,45559.5
1200.767,1202.402,62.4274,10.000,45565.9
1200.767,1202.602,62.4437,10.000,45558.0
1201.267,1202.802,62.4482,10.000,45555.8
1201.267,1203.000,62.4414,10.000,45559.1
1201.767,1203.199,62.4531,10.000,45553.5
1201.767,1203.400,62.4477,10.000,45556.0
1201.767,1203.602,62.4523,10.000,45553.8
1202.267,1203.800,62.4440,10.000,45557.8
1202.267,1203.999,62.4165,10.000,45571.3
1202.767,1204.199,62.4658,10.000,45547.2
1202.767,1204.400,62.4606,10.000,45549.8
1202.767,1204.600,62.4875,10.000,45536.7
1203.267,1204.800,62.4956,10.000,45532.8
1203.267,1204.999,62.4917,10.000,45534.6
1203.767,1205.199,62.5005,10.000,45530.4
1203.767,1205.398,62.5023,10.000,45529.4
1203.767,1205.600,62.4946,10.000,45533.2
1204.267,1205.799,62.5107,10.000,45525.4
1204.267,1205.999,62.5023,10.000,45529.5
1204.767,1206.197,62.5158,10.000,45522.8
1204.767,1206.398,62.5345,10.000,45513.8
1204.767,1206.600,62.5330,10.000,45514.4
1205.267,1206.798,62.5381,10.000,45512.0
1205.267,1206.997,62.5381,10.000,45512.0
1205.767,1207.197,62.5417,10.000,45510.2
1205.767,1207.398,62.5324,10.000,45514.8
1205.767,1207.600,62.5400,10.000,45511.1
1206.267,1207.796,62.5509,10.000,45505.7
1206.267,1207.997,62.5556,10.000,45503.5
1206.767,1208.197,62.5563,10.000,45503.1
1206.767,1208.396,62.5740,10.000,45494.5
1206.767,1208.598,62.5762,10.000,45493.5
1207.267,1208.797,62.5736,10.000,45494.7
1207.267,1208.997,62.5861,10.000,45488.6
1207.767,1209.195,62.5848,10.000,45489.2
1207.767,1209.396,62.6102,10.000,45476.8
1207.767,1209.598,62.5932,10.000,45485.1
1208.267,1209.796,62.5975,10.000,45483.0
1208.267,1209.995,62.6017,10.000,45480.9
1208.767,1210.195,62.5936,10.000,45485.0
1208.767,1210.394,62.6121,10.000,45475.9
1208.767,1210.598,62.6058,10.000,45479.0
1209.267,1210.794,62.6147,10.000,45474.6
1209.267,1210.995,62.6131,10.000,45475.4
1209.767,1211.193,62.6299,10.000,45467.3
1209.767,1211.396,62.6058,10.000,45479.0
1209.767,1211.595,62.6416,10.000,45461.5
1210.267,1211.794,62.6167,10.000,45473.7
1210.267,1211.994,62.6123,10.000,45475.9
1210.767,1212.195,62.6186,10.000,45472.8
1210.767,1212.394,62.6318,10.000,45466.3
1210.767,1212.595,62.6479,10.000,45458.5
1211.267,1212.794,62.6434,10.000,45460.7
1211.267,1212.993,62.6310,10.000,45466.7
1211.767,1213.193,62.6479,10.000,45458.5
1211.767,1213.393,62.6396,10.000,45462.4
1211.767,1213.594,62.6497,10.000,45457.6
1212.267,1213.794,62.6588,10.000,45453.1
1212.267,1213.994,62.6531,10.000,45455.9
1212.766,1214.191,62.6429,10.000,45460.9
1212.767,1214.392,62.6551,10.000,45454.9
1212.767,1214.594,62.6676,10.000,45448.8
1213.267,1214.792,62.6689,10.000,45448.3
1213.267,1214.992,62.6761,10.000,45444.7
1213.767,1215.191,62.6777,10.000,45443.9
1213.767,1215.393,62.6746,10.000,45445.4
1213.767,1215.593,62.6771,10.000,45444.2
1214.266,1215.792,62.6889,10.000,45438.4
1214.267,1215.990,62.6826,10.000,45441.5
1214.767,1216.193,62.6826,10.000,45441.5
1214.767,1216.391,62.6885,10.000,45438.6
1214.767,1216.592,62.6891,10.000,45438.3
1215.267,1216.791,62.7012,10.000,45432.5
1215.267,1216.992,62.6865,10.000,45439.6
1215.767,1217.191,62.6977,10.000,45434.2
1215.767,1217.391,62.6990,10.000,45433.5
1215.767,1217.591,62.6976,10.000,45434.2
1216.267,1217.791,62.7033,10.000,45431.4
1216.267,1217.990,62.6810,10.000,45442.3
1216.767,1218.190,62.7034,10.000,45431.3
1216.767,1218.391,62.7139,10.000,45426.3
1216.767,1218.592,62.7088,10.000,45428.8
1217.267,1218.790,62.7139,10.000,45426.2
1217.267,1218.988,62.6997,10.000,45433.2
1217.767,1219.191,62.7290,10.000,45418.9
1217.767,1219.391,62.7280,10.000,45419.4
1217.767,1219.589,62.7368,10.000,45415.1
1218.267,1219.789,62.7218,10.000,45422.4
1218.267,1219.990,62.6958,10.000,45435.1
1218.767,1220.190,62.7156,10.000,45425.4
1218.767,1220.391,62.7239,10.000,45421.4
1218.767,1220.588,62.7350,10.000,45415.9
1219.267,1220.788,62.7234,10.000,45421.6
1219.267,1220.988,62.7306,10.000,45418.1
1219.766,1221.189,62.7148,10.000,45425.8
1219.767,1221.389,62.7305,10.000,45418.1
1219.767,1221.587,62.7340,10.000,45416.3
1220.267,1221.788,62.7404,10.000,45413.3
1220.267,1221.988,62.7443,10.000,45411.4
1220.767,1222.188,62.7339,10.000,45416.5
1220.767,1222.388,62.7349,10.000,45416.0
1220.767,1222.587,62.7402,10.000,45413.4
1221.267,1222.787,62.7347,10.000,45416.1
1221.267,1222.988,62.7334,10.000,45416.8
1221.767,1223.188,62.7293,10.000,45418.8
1221.767,1223.388,62.7542,10.000,45406.6
1221.767,1223.586,62.7518,10.000,45407.8
1222.267,1223.786,62.7472,10.000,45410.0
1222.267,1223.986,62.7510,10.000,45408.2
1222.767,1224.187,62.7640,10.000,45401.8
1222.767,1224.387,62.7199,10.000,45423.3
1222.767,1224.586,62.7464,10.000,45410.4
1223.267,1224.786,62.7524,10.000,45407.5
1223.267,1224.986,62.7433,10.000,45411.8
1223.767,1225.186,62.7109,10.000,45427.7
1223.767,1225.386,62.7399,10.000,45413.5
1223.767,1225.585,62.7635,10.000,45402.0
1224.267,1225.785,62.7590,10.000,45404.2
1224.267,1225.986,62.7576,10.000,45404.9
1224.767,1226.186,62.7915,10.000,45388.4
1224.767,1226.386,62.7635,10.000,45402.1
1224.767,1226.585,62.7629,10.000,45402.4
1225.267,1226.783,62.7546,10.000,45406.4
1225.267,1226.986,62.7866,10.000,45390.8
1225.767,1227.184,62.7650,10.000,45401.3
1225.767,1227.385,62.7773,10.000,45395.2
1225.767,1227.584,62.7632,10.000,45402.2
1226.267,1227.785,62.7633,10.000,45402.1
1226.267,1227.982,62.7610,10.000,45403.2
1226.767,1228.184,62.7669,10.000,45400.4
1226.767,1228.385,62.7565,10.000,45405.4
1226.767,1228.584,62.7754,10.000,45396.2
1227.267,1228.783,62.7635,10.000,45402.1
1227.267,1228.982,62.7651,10.000,45401.3
1227.767,1229.184,62.7905,10.000,45388.8
1227.767,1229.385,62.7679,10.000,45399.9
1227.767,1229.583,62.7763,10.000,45395.8
1228.267,1229.781,62.7783,10.000,45394.8
1228.267,1229.984,62.7834,10.000,45392.3
1228.767,1230.184,62.7695,10.000,45399.1
1228.767,1230.383,62.7809,10.000,45393.5
1228.768,1230.582,62.7664,10.000,45400.6
1229.267,1230.783,62.7934,10.000,45387.5
1229.267,1230.982,62.7710,10.000,45398.4
1229.767,1231.182,62.7882,10.000,45389.9
1229.767,1231.382,62.7879,10.000,45390.1
1229.768,1231.581,62.7786,10.000,45394.6
1230.267,1231.781,62.7757,10.000,45396.1
1230.267,1231.980,62.7850,10.000,45391.5
1230.767,1232.182,62.7892,10.000,45389.5
1230.767,1232.382,62.7817,10.000,45393.1
1230.768,1232.582,62.7832,10.000,45392.5
1231.267,1232.779,62.7878,10.000,45390.2
1231.267,1232.980,62.7851,10.000,45391.5
1231.767,1233.182,62.7949,10.000,45386.7
1231.767,1233.380,62.7868,10.000,45390.6
1231.767,1233.580,62.7930,10.000,45387.6
1232.267,1233.781,62.7972,10.000,45385.6
1232.267,1233.980,62.7990,10.000,45384.7
1232.767,1234.182,62.7951,10.000,45386.6
1232.767,1234.379,62.8047,10.000,45381.9
1232.767,1234.579,62.7863,10.000,45390.9
1233.267,1234.779,62.7995,10.000,45384.5
1233.267,1234.978,62.7913,10.000,45388.4
1233.767,1235.180,62.8071,10.000,45380.7
1233.767,1235.378,62.8047,10.000,45382.0
1233.767,1235.580,62.8060,10.000,45381.2
1234.267,1235.777,62.8117,10.000,45378.5
1234.267,1235.978,62.8042,10.000,45382.2
1234.767,1236.180,62.7993,10.000,45384.6
1234.767,1236.379,62.8113,10.000,45378.7
1234.767,1236.578,62.7978,10.000,45385.3
1235.267,1236.777,62.8084,10.000,45380.1
1235.267,1236.978,62.8192,10.000,45374.8
1235.767,1237.180,62.8169,10.000,45376.0
1235.767,1237.378,62.8069,10.000,45380.8
1235.767,1237.577,62.8203,10.000,45374.2
1236.267,1237.777,62.8320,10.000,45368.5
1236.267,1237.978,62.8232,10.000,45372.8
1236.767,1238.178,62.8249,10.000,45372.0
1236.767,1238.377,62.8201,10.000,45374.4
1236.767,1238.577,62.8208,10.000,45374.0
1237.267,1238.777,62.8161,10.000,45376.4
1237.267,1238.976,62.8344,10.000,45367.4
1237.267,1239.177,62.8821,10.000,45344.1
1237.767,1239.376,62.8304,10.000,45369.4
1237.767,1239.576,62.8314,10.000,45368.9
1238.267,1239.777,62.8266,10.000,45371.3
1238.267,1239.976,62.8320,10.000,45368.7
1238.267,1240.177,62.8362,10.000,45366.5
1238.766,1240.376,62.8236,10.000,45372.8
1238.767,1240.574,62.8462,10.000,45361.7
1239.267,1240.777,62.8467,10.000,45361.4
1239.267,1240.976,62.8315,10.000,45368.8
1239.268,1241.176,62.8405,10.000,45364.4
1239.767,1241.375,62.8628,10.000,45353.5
1239.767,1241.576,62.8543,10.000,45357.6
1240.267,1241.775,62.8494,10.000,45360.0
1240.267,1241.974,62.8901,10.000,45340.2
1240.268,1242.175,62.8628,10.000,45353.5
1240.767,1242.375,62.8677,10.000,45351.1
1240.767,1242.574,62.8520,10.000,45358.8
1241.268,1242.774,62.8551,10.000,45357.3
1241.269,1242.974,62.8520,10.000,45358.8
1241.269,1243.175,62.8535,10.000,45358.1
1241.767,1243.374,62.8682,10.000,45350.8
1241.767,1243.572,62.8670,10.000,45351.5
1242.267,1243.773,62.8764,10.000,45346.9
1242.267,1243.974,62.8766,10.000,45346.8
1242.267,1244.174,62.8768,10.000,45346.7
1242.767,1244.373,62.8865,10.000,45341.9
1242.767,1244.574,62.8752,10.000,45347.4
1243.267,1244.774,62.8825,10.000,45343.8
1243.267,1244.974,62.8784,10.000,45346.0
1243.267,1245.173,62.8952,10.000,45337.7
1243.767,1245.373,62.8939,10.000,45338.3
1243.767,1245.572,62.9002,10.000,45335.2
1244.267,1245.772,62.9259,10.000,45322.7
1244.267,1245.974,62.8955,10.000,45337.6
1244.267,1246.172,62.8947,10.000,45337.9
1244.767,1246.372,62.8758,10.000,45347.2
1244.767,1246.570,62.9082,10.000,45331.4
1245.267,1246.773,62.8950,10.000,45337.7
1245.267,1246.973,62.9111,10.000,45329.9
1245.267,1247.171,62.9038,10.000,45333.5
1245.767,1247.371,62.9056,10.000,45332.6
1245.767,1247.572,62.9080,10.000,45331.4
1246.267,1247.771,62.9126,10.000,45329.1
1246.267,1247.972,62.9321,10.000,45319.7
1246.267,1248.170,62.9220,10.000,45324.6
1246.767,1248.371,62.9321,10.000,45319.7
1246.767,1248.570,62.9147,10.000,45328.1
1247.267,1248.770,62.9227,10.000,45324.3
1247.267,1248.972,62.9282,10.000,45321.6
1247.267,1249.170,62.9321,10.000,45319.6
1247.767,1249.370,62.9255,10.000,45322.9
1247.767,1249.568,62.9307,10.000,45320.4
1248.267,1249.771,62.9373,10.000,45317.1
1248.267,1249.970,62.9324,10.000,45319.5
1248.267,1250.169,62.9386,10.000,45316.5
1248.767,1250.370,62.9473,10.000,45312.2
1248.768,1250.570,62.9520,10.000,45309.9
1249.267,1250.769,62.9424,10.000,45314.6
1249.267,1250.970,62.9492,10.000,45311.3
1249.267,1251.169,62.9469,10.000,45312.4
1249.767,1251.369,62.9425,10.000,45314.6
1249.767,1251.568,62.9541,10.000,45308.9
1250.267,1251.768,62.9433,10.000,45314.2
1250.267,1251.970,62.9517,10.000,45310.1
1250.267,1252.169,62.9604,10.000,45305.9
1250.767,1252.368,62.9705,10.000,45300.9
1250.767,1252.566,62.9681,10.000,45302.1
1251.267,1252.769,62.9541,10.000,45308.9
1251.267,1252.968,62.9697,10.000,45301.4
1251.267,1253.167,62.9736,10.000,45299.4
1251.767,1253.367,62.9648,10.000,45303.6
1251.767,1253.568,62.9323,10.000,45319.6
1252.267,1253.768,62.9785,10.000,45297.0
1252.267,1253.968,62.9922,10.000,45290.3
1252.267,1254.168,62.9849,10.000,45293.8
1252.767,1254.367,63.0205,10.000,45276.4
1252.767,1254.566,62.9814,10.000,45295.5
1253.267,1254.766,62.9464,10.000,45312.6
1253.267,1254.968,62.9873,10.000,45292.7
1253.267,1255.166,63.0014,10.000,45285.8
1253.767,1255.365,63.0003,10.000,45286.3
1253.767,1255.566,63.0210,10.000,45276.2
1254.267,1255.766,62.9974,10.000,45287.7
1254.267,1255.966,63.0000,10.000,45286.4
1254.267,1256.165,63.0059,10.000,45283.5
1254.767,1256.365,63.0059,10.000,45283.5
1254.767,1256.566,63.0205,10.000,45276.4
1255.267,1256.766,63.0303,10.000,45271.6
1255.267,1256.966,63.0037,10.000,45284.7
1255.267,1257.165,63.0156,10.000,45278.8
1255.767,1257.365,63.0249,10.000,45274.3
1255.767,1257.564,63.0225,10.000,45275.5
1256.267,1257.766,63.0177,10.000,45277.8
1256.267,1257.964,63.0302,10.000,45271.7
1256.267,1258.164,63.0298,10.000,45271.9
1256.767,1258.365,63.0376,10.000,45268.1
1256.767,1258.564,63.0185,10.000,45277.5
1257.267,1258.766,63.0286,10.000,45272.4
1257.267,1258.963,63.0276,10.000,45272.9
1257.267,1259.163,63.0522,10.000,45260.9
1257.767,1259.363,63.0275,10.000,45273.0
1257.767,1259.564,63.0518,10.000,45261.1
1258.267,1259.764,63.0558,10.000,45259.2
1258.267,1259.962,63.0584,10.000,45257.9
1258.267,1260.163,63.0569,10.000,45258.6
1258.767,1260.363,63.0039,10.000,45284.6
1258.767,1260.562,63.0684,10.000,45253.0
1259.267,1260.763,63.0687,10.000,45252.8
1259.267,1260.962,63.0859,10.000,45244.4
1259.267,1261.163,63.0972,10.000,45238.9
1259.767,1261.361,63.0747,10.000,45249.9
1259.767,1261.562,63.0806,10.000,45247.0
1260.267,1261.763,63.0649,10.000,45254.7
1260.267,1261.963,63.0726,10.000,45250.9
1260.267,1262.161,63.0771,10.000,45248.7
1260.767,1262.361,63.0791,10.000,45247.7
1260.767,1262.560,63.0885,10.000,45243.2
1261.267,1262.763,63.0928,10.000,45241.0
1261.267,1262.961,63.0877,10.000,45243.6
1261.267,1263.161,63.0775,10.000,45248.6
1261.767,1263.361,63.0952,10.000,45239.8
1261.767,1263.560,63.0965,10.000,45239.2
1262.267,1263.761,63.1033,10.000,45235.9
1262.267,1263.960,63.1077,10.000,45233.7
1262.267,1264.161,63.1155,10.000,45229.9
1262.767,1264.361,63.1178,10.000,45228.7
1262.767,1264.560,63.1066,10.000,45234.3
1263.267,1264.761,63.1320,10.000,45221.9
1263.267,1264.960,63.1116,10.000,45231.8
1263.267,1265.160,63.1115,10.000,45231.9
1263.767,1265.359,63.1323,10.000,45221.7
1263.767,1265.559,63.1183,10.000,45228.5
1264.267,1265.760,63.1338,10.000,45221.0
1264.267,1265.959,63.1230,10.000,45226.2
1264.267,1266.160,63.1474,10.000,45214.3
1264.767,1266.357,63.1331,10.000,45221.3
1264.767,1266.558,63.1411,10.000,45217.5
1265.267,1266.760,63.1494,10.000,45213.4
1265.267,1266.958,63.1646,10.000,45205.9
1265.267,1267.158,63.1574,10.000,45209.4
1265.767,1267.357,63.1907,10.000,45193.1
1265.767,1267.559,63.1523,10.000,45211.9
1266.267,1267.759,63.1935,10.000,45191.7
1266.267,1267.958,63.1636,10.000,45206.4
1266.267,1268.158,63.1696,10.000,45203.5
1266.767,1268.357,63.1673,10.000,45204.6
1266.768,1268.557,63.1841,10.000,45196.4
1267.267,1268.758,63.1846,10.000,45196.1
1267.267,1268.958,63.1768,10.000,45199.9
1267.267,1269.158,63.1787,10.000,45199.0
1267.767,1269.357,63.1870,10.000,45195.0
1267.767,1269.557,63.1616,10.000,45207.3
1268.267,1269.758,63.2101,10.000,45183.6
1268.267,1269.956,63.2202,10.000,45178.7
1268.267,1270.156,63.2163,10.000,45180.6
1268.767,1270.357,63.2143,10.000,45181.6
1268.767,1270.557,63.2017,10.000,45187.7
1269.267,1270.757,63.2171,10.000,45180.2
1269.267,1270.956,63.2319,10.000,45173.0
1269.267,1271.156,63.2441,10.000,45166.9
1269.767,1271.355,63.2303,10.000,45173.7
1269.767,1271.556,63.2347,10.000,45171.6
1270.267,1271.755,63.2244,10.000,45176.6
1270.268,1271.956,63.2476,10.000,45165.2
1270.268,1272.156,63.2451,10.000,45166.4
1270.767,1272.355,63.2560,10.000,45161.1
1270.767,1272.556,63.2606,10.000,45158.9
1271.267,1272.754,63.2570,10.000,45160.6
1271.267,1272.955,63.2531,10.000,45162.6
1271.267,1273.154,63.2664,10.000,45156.0
1271.767,1273.354,63.2606,10.000,45158.9
1271.767,1273.555,63.2715,10.000,45153.6
1272.267,1273.753,63.2868,10.000,45146.0
1272.267,1273.955,63.2876,10.000,45145.6
1272.267,1274.152,63.2677,10.000,45155.4
1272.767,1274.353,63.2957,10.000,45141.6
1272.767,1274.554,63.2843,10.000,45147.2
1273.267,1274.754,63.2788,10.000,45149.9
1273.268,1274.953,63.3008,10.000,45139.2
1273.268,1275.152,63.3044,10.000,45137.4
1273.767,1275.354,63.3120,10.000,45133.6
1273.767,1275.555,63.3135,10.000,45132.9
1274.267,1275.753,63.3226,10.000,45128.5
1274.268,1275.952,63.3210,10.000,45129.2
1274.268,1276.152,63.3117,10.000,45133.8
1274.767,1276.353,63.3262,10.000,45126.7
1274.767,1276.553,63.3247,10.000,45127.4
1275.267,1276.752,63.3223,10.000,45128.6
1275.267,1276.953,63.3325,10.000,45123.6
1275.268,1277.152,63.3442,10.000,45117.8
1275.767,1277.352,63.3424,10.000,45118.8
1275.767,1277.552,63.3522,10.000,45114.0
1276.267,1277.751,63.3535,10.000,45113.3
1276.267,1277.952,63.3550,10.000,45112.6
1276.268,1278.152,63.3582,10.000,45111.0
1276.767,1278.352,63.3597,10.000,45110.3
1276.767,1278.552,63.3586,10.000,45110.8
1277.267,1278.751,63.3616,10.000,45109.3
1277.267,1278.951,63.3794,10.000,45100.6
1277.267,1279.150,63.3830,10.000,45098.8
1277.767,1279.350,63.3789,10.000,45100.8
1277.767,1279.551,63.3428,10.000,45118.6
1278.267,1279.751,63.3856,10.000,45097.6
1278.268,1279.951,63.4022,10.000,45089.5
1278.268,1280.150,63.3913,10.000,45094.8
1278.767,1280.350,63.3970,10.000,45092.0
1278.768,1280.550,63.4816,10.000,45050.5
1279.267,1280.750,63.4058,10.000,45087.7
1279.268,1280.949,63.4139,10.000,45083.7
1279.268,1281.148,63.4144,10.000,45083.5
1279.767,1281.350,63.4262,10.000,45077.6
1279.768,1281.550,63.4113,10.000,45084.9
1280.267,1281.749,63.4297,10.000,45076.0
1280.268,1281.947,63.4368,10.000,45072.5
1280.268,1282.150,63.4375,10.000,45072.1
1280.767,1282.350,63.4189,10.000,45081.2
1280.767,1282.549,63.4277,10.000,45077.0
1281.267,1282.748,63.4352,10.000,45073.3
1281.267,1282.949,63.4445,10.000,45068.7
1281.267,1283.148,63.4477,10.000,45067.1
1281.767,1283.350,63.4551,10.000,45063.4
1281.767,1283.548,63.4551,10.000,45063.5
1282.267,1283.748,63.4518,10.000,45065.1
1282.267,1283.947,63.4687,10.000,45056.8
1282.267,1284.146,63.4748,10.000,45053.8
1282.767,1284.348,63.5066,10.000,45038.1
1282.767,1284.546,63.4754,10.000,45053.5
1283.267,1284.748,63.4640,10.000,45059.1
1283.267,1284.947,63.4982,10.000,45042.3
1283.267,1285.146,63.4878,10.000,45047.5
1283.767,1285.348,63.4919,10.000,45045.4
1283.767,1285.546,63.5068,10.000,45038.1
1284.267,1285.747,63.5042,10.000,45039.4
1284.267,1285.947,63.5029,10.000,45040.0
1284.267,1286.146,63.5076,10.000,45037.7
1284.767,1286.348,63.5006,10.000,45041.2
1284.767,1286.545,63.5081,10.000,45037.5
1285.267,1286.746,63.5164,10.000,45033.4
1285.267,1286.945,63.5205,10.000,45031.4
1285.267,1287.144,63.5138,10.000,45034.7
1285.767,1287.346,63.5283,10.000,45027.6
1285.767,1287.544,63.5264,10.000,45028.5
1286.267,1287.746,63.5306,10.000,45026.4
1286.267,1287.945,63.5269,10.000,45028.2
1286.267,1288.144,63.5312,10.000,45026.1
1286.767,1288.345,63.5307,10.000,45026.4
1286.767,1288.544,63.5425,10.000,45020.6
1287.267,1288.745,63.5405,10.000,45021.6
1287.267,1288.945,63.5397,10.000,45021.9
1287.267,1289.144,63.5436,10.000,45020.0
1287.767,1289.345,63.5498,10.000,45016.9
1287.767,1289.544,63.5597,10.000,45012.1
1288.267,1289.744,63.5680,10.000,45008.0
1288.267,1289.943,63.5680,10.000,45008.0
1288.267,1290.143,63.5804,10.000,45001.9
1288.767,1290.344,63.5763,10.000,45003.9
1288.767,1290.543,63.5859,10.000,44999.2
1289.267,1290.744,63.5840,10.000,45000.2
1289.267,1290.943,63.5894,10.000,44997.5
1289.267,1291.142,63.5877,10.000,44998.4
1289.767,1291.343,63.5929,10.000,44995.8
1289.767,1291.543,63.5973,10.000,44993.7
1290.267,1291.743,63.6063,10.000,44989.3
1290.267,1291.943,63.6066,10.000,44989.1
1290.267,1292.142,63.6147,10.000,44985.1
1290.767,1292.343,63.6068,10.000,44989.0
1290.767,1292.543,63.6155,10.000,44984.7
1291.266,1292.742,63.6038,10.000,44990.5
1291.266,1292.941,63.6284,10.000,44978.5
1291.266,1293.141,63.6569,10.000,44964.4
1291.767,1293.342,63.6782,10.000,44954.0
1291.767,1293.542,63.6631,10.000,44961.3
1292.267,1293.742,63.6385,10.000,44973.4
1292.267,1293.941,63.6370,10.000,44974.2
1292.267,1294.141,63.6445,10.000,44970.4
1292.767,1294.341,63.6435,10.000,44971.0
1292.767,1294.541,63.6554,10.000,44965.1
1293.267,1294.740,63.6590,10.000,44963.4
1293.267,1294.940,63.6624,10.000,44961.7
1293.267,1295.141,63.6691,10.000,44958.4
1293.767,1295.341,63.6238,10.000,44980.6
1293.767,1295.541,63.6732,10.000,44956.4
1294.267,1295.738,63.6816,10.000,44952.2
1294.267,1295.939,63.6911,10.000,44947.6
1294.268,1296.141,63.6927,10.000,44946.8
1294.767,1296.339,63.6855,10.000,44950.3
1294.767,1296.539,63.6907,10.000,44947.8
1295.267,1296.738,63.7104,10.000,44938.1
1295.267,1296.940,63.7119,10.000,44937.3
1295.268,1297.140,63.7444,10.000,44921.4
1295.767,1297.338,63.7012,10.000,44942.6
1295.767,1297.538,63.7036,10.000,44941.5
1296.267,1297.738,63.7112,10.000,44937.6
1296.267,1297.938,63.7295,10.000,44928.7
1296.268,1298.139,63.7267,10.000,44930.0
1296.767,1298.337,63.7396,10.000,44923.7
1296.768,1298.539,63.7386,10.000,44924.2
1297.267,1298.738,63.7314,10.000,44927.7
1297.267,1298.937,63.7420,10.000,44922.6
1297.268,1299.138,63.7544,10.000,44916.4
1297.767,1299.337,63.7485,10.000,44919.3
1297.767,1299.538,63.7456,10.000,44920.8
1298.267,1299.738,63.7607,10.000,44913.4
1298.267,1299.937,63.7715,10.000,44908.1
1298.268,1300.138,63.7632,10.000,44912.1
1298.767,1300.336,63.7773,10.000,44905.2
1298.767,1300.537,63.7729,10.000,44907.3
1299.267,1300.736,63.7938,10.000,44897.1
1299.267,1300.936,63.7759,10.000,44905.8
1299.267,1301.137,63.7966,10.000,44895.7
1299.767,1301.336,63.7968,10.000,44895.6
1299.767,1301.537,63.8061,10.000,44891.0
1300.267,1301.734,63.8037,10.000,44892.2
1300.267,1301.935,63.7856,10.000,44901.0
1300.268,1302.136,63.8140,10.000,44887.1
1300.767,1302.336,63.8304,10.000,44879.0
1300.767,1302.536,63.8332,10.000,44877.7
1301.267,1302.734,63.8296,10.000,44879.4
1301.267,1302.935,63.8299,10.000,44879.4
1301.268,1303.136,63.8402,10.000,44874.2
1301.767,1303.336,63.8325,10.000,44878.0
1301.767,1303.535,63.8364,10.000,44876.1
1302.266,1303.734,63.8245,10.000,44882.0
1302.267,1303.934,63.8415,10.000,44873.6
1302.267,1304.135,63.8515,10.000,44868.7
1302.767,1304.335,63.8590,10.000,44865.0
1302.767,1304.535,63.8706,10.000,44859.2
1303.267,1304.732,63.8644,10.000,44862.3
1303.268,1304.934,63.8740,10.000,44857.6
1303.268,1305.134,63.8816,10.000,44853.8
1303.767,1305.334,63.8777,10.000,44855.8
1303.767,1305.533,63.8901,10.000,44849.7
1304.266,1305.732,63.8742,10.000,44857.5
1304.267,1305.934,63.9019,10.000,44843.9
1304.267,1306.134,63.9074,10.000,44841.2
1304.767,1306.334,63.9026,10.000,44843.5
1304.767,1306.533,63.8987,10.000,44845.4
1305.266,1306.732,63.9207,10.000,44834.6
1305.267,1306.932,63.9101,10.000,44839.8
1305.267,1307.133,63.9329,10.000,44828.6
1305.766,1307.333,63.9207,10.000,44834.6
1305.767,1307.533,63.9375,10.000,44826.4
1306.267,1307.732,63.9433,10.000,44823.5
1306.267,1307.932,63.9409,10.000,44824.7
1306.267,1308.133,63.9419,10.000,44824.1
1306.767,1308.332,63.9551,10.000,44817.7
1306.767,1308.531,63.9656,10.000,44812.5
1307.267,1308.730,63.9474,10.000,44821.4
1307.267,1308.932,63.9668,10.000,44811.9
1307.267,1309.132,63.9679,10.000,44811.4
1307.767,1309.332,63.9707,10.000,44810.0
1307.767,1309.531,63.9731,10.000,44808.8
1308.267,1309.730,63.9853,10.000,44802.8
1308.267,1309.932,63.9919,10.000,44799.6
1308.267,1310.130,63.9988,10.000,44796.1
1308.767,1310.331,63.9831,10.000,44803.9
1308.767,1310.531,64.0591,10.000,44766.5
1309.267,1310.730,64.0068,10.000,44792.2
1309.267,1310.932,64.0122,10.000,44789.6
1309.267,1311.130,64.0286,10.000,44781.5
1309.767,1311.329,64.0270,10.000,44782.2
1309.767,1311.529,64.0264,10.000,44782.6
1310.267,1311.728,64.0386,10.000,44776.5
1310.267,1311.932,64.0295,10.000,44781.0
1310.267,1312.128,64.0446,10.000,44773.6
1310.767,1312.329,64.0438,10.000,44774.0
1310.767,1312.527,64.0591,10.000,44766.5
1311.267,1312.730,64.0467,10.000,44772.5
1311.277,1312.929,64.0576,10.000,44767.1
1311.277,1313.128,64.0644,10.000,44763.8
1311.767,1313.329,64.0679,10.000,44762.1
1311.767,1313.529,64.0679,10.000,44762.1
1312.267,1313.728,64.0845,10.000,44754.0
1312.267,1313.929,64.0879,10.000,44752.4
1312.267,1314.128,64.0877,10.000,44752.4
1312.767,1314.328,64.0962,10.000,44748.2
1312.767,1314.527,64.1001,10.000,44746.2
1313.267,1314.726,64.1141,10.000,44739.3
1313.267,1314.928,64.1104,10.000,44741.1
1313.267,1315.128,64.1232,10.000,44734.8
1313.767,1315.328,64.1178,10.000,44737.4
1313.767,1315.525,64.1206,10.000,44736.1
1314.267,1315.726,64.1178,10.000,44737.4
1314.267,1315.927,64.1186,10.000,44737.1
1314.267,1316.127,64.1356,10.000,44728.8
1314.767,1316.327,64.1382,10.000,44727.5
1314.767,1316.525,64.1548,10.000,44719.3
1315.267,1316.726,64.1567,10.000,44718.3
1315.267,1316.927,64.1436,10.000,44724.8
1315.267,1317.127,64.1499,10.000,44721.6
1315.767,1317.326,64.1688,10.000,44712.4
1315.767,1317.525,64.1670,10.000,44713.2
1316.267,1317.725,64.1821,10.000,44705.8
1316.267,1317.926,64.1777,10.000,44707.9
1316.267,1318.126,64.1831,10.000,44705.3
1316.767,1318.326,64.1717,10.000,44710.9
1316.767,1318.524,64.2031,10.000,44695.5
1317.267,1318.724,64.2013,10.000,44696.3
1317.267,1318.925,64.1899,10.000,44701.9
1317.267,1319.125,64.2080,10.000,44693.0
1317.767,1319.324,64.2080,10.000,44693.1
1317.767,1319.524,64.2013,10.000,44696.3
1318.267,1319.724,64.2065,10.000,44693.8
1318.267,1319.925,64.2145,10.000,44689.8
1318.267,1320.125,64.2166,10.000,44688.7
1318.767,1320.324,64.2340,10.000,44680.1
1318.767,1320.523,64.2225,10.000,44685.9
1319.267,1320.724,64.2415,10.000,44676.5
1319.267,1320.924,64.2443,10.000,44675.1
1319.267,1321.124,64.2549,10.000,44669.9
1319.767,1321.322,64.2591,10.000,44667.8
1319.767,1321.523,64.2534,10.000,44670.6
1320.267,1321.724,64.2598,10.000,44667.4
1320.267,1321.922,64.2637,10.000,44665.5
1320.267,1322.122,64.2549,10.000,44669.9
1320.767,1322.322,64.2710,10.000,44662.0
1320.767,1322.523,64.2764,10.000,44659.3
1321.267,1322.723,64.2842,10.000,44655.5
1321.267,1322.921,64.2775,10.000,44658.7
1321.267,1323.122,64.2760,10.000,44659.5
1321.767,1323.322,64.2871,10.000,44653.9
1321.767,1323.521,64.2816,10.000,44656.7
1322.267,1323.722,64.3013,10.000,44647.1
1322.267,1323.922,64.3014,10.000,44646.9
1322.267,1324.122,64.3013,10.000,44647.0
1322.767,1324.320,64.2978,10.000,44648.6
1322.767,1324.521,64.2949,10.000,44650.2
1323.267,1324.722,64.2936,10.000,44650.7
1323.267,1324.921,64.3193,10.000,44638.1
1323.267,1325.121,64.3154,10.000,44640.0
1323.767,1325.320,64.3096,10.000,44643.0
1323.767,1325.520,64.3120,10.000,44641.7
1324.267,1325.721,64.3426,10.000,44626.6
1324.267,1325.921,64.3276,10.000,44633.9
1324.267,1326.121,64.3418,10.000,44626.9
1324.767,1326.318,64.3387,10.000,44628.5
1324.767,1326.519,64.3672,10.000,44614.4
1325.267,1326.720,64.3426,10.000,44626.6
1325.267,1326.920,64.3356,10.000,44630.0
1325.267,1327.120,64.3498,10.000,44623.1
1325.767,1327.320,64.3473,10.000,44624.2
1325.767,1327.519,64.3434,10.000,44626.1
1326.267,1327.720,64.3530,10.000,44621.4
1326.267,1327.920,64.3558,10.000,44620.1
1326.267,1328.118,64.3491,10.000,44623.4
1326.767,1328.318,64.3618,10.000,44617.1
1326.767,1328.519,64.3579,10.000,44619.1
1327.267,1328.720,64.3745,10.000,44610.8
1327.267,1328.918,64.3765,10.000,44609.9
1327.267,1329.118,64.3800,10.000,44608.1
1327.767,1329.318,64.3763,10.000,44609.9
1327.767,1329.518,64.3838,10.000,44606.3
1328.267,1329.718,64.3905,10.000,44603.0
1328.267,1329.917,64.3843,10.000,44606.0
1328.267,1330.118,64.3852,10.000,44605.6
1328.766,1330.316,64.3867,10.000,44604.8
1328.767,1330.518,64.4002,10.000,44598.1
1329.267,1330.718,64.4097,10.000,44593.5
1329.267,1330.918,64.4014,10.000,44597.5
1329.267,1331.117,64.4189,10.000,44588.9
1329.767,1331.316,64.4110,10.000,44592.8
1329.767,1331.516,64.4216,10.000,44587.6
1330.266,1331.718,64.4243,10.000,44586.2
1330.267,1331.917,64.4165,10.000,44590.1
1330.267,1332.115,64.4062,10.000,44595.2
1330.767,1332.316,64.4323,10.000,44582.3
1330.767,1332.516,64.4365,10.000,44580.2
1331.267,1332.717,64.4333,10.000,44581.8
1331.267,1332.915,64.4521,10.000,44572.5
1331.267,1333.115,64.4543,10.000,44571.4
1331.767,1333.316,64.4626,10.000,44567.3
1331.767,1333.516,64.4253,10.000,44585.7
1332.267,1333.716,64.4600,10.000,44568.6
1332.267,1333.916,64.4583,10.000,44569.4
1332.267,1334.115,64.4756,10.000,44561.0
1332.767,1334.314,64.4692,10.000,44564.0
1332.767,1334.516,64.4873,10.000,44555.1
1333.267,1334.715,64.4850,10.000,44556.2
1333.267,1334.915,64.4909,10.000,44553.3
1333.267,1335.113,64.4963,10.000,44550.7
1333.767,1335.314,64.5015,10.000,44548.2
1333.768,1335.516,64.4565,10.000,44570.3
1334.267,1335.714,64.5107,10.000,44543.5
1334.267,1335.914,64.4992,10.000,44549.2
1334.268,1336.113,64.5156,10.000,44541.1
1334.767,1336.312,64.5135,10.000,44542.2
1334.768,1336.514,64.5205,10.000,44538.7
1335.267,1336.714,64.5322,10.000,44532.9
1335.267,1336.914,64.5233,10.000,44537.4
1335.267,1337.111,64.5381,10.000,44530.0
1335.766,1337.312,64.5514,10.000,44523.4
1335.767,1337.514,64.5703,10.000,44514.1
1336.267,1337.712,64.5553,10.000,44521.5
1336.267,1337.912,64.5461,10.000,44526.0
1336.267,1338.111,64.5609,10.000,44518.7
1336.766,1338.312,64.5643,10.000,44517.0
1336.767,1338.513,64.5679,10.000,44515.3
1337.267,1338.711,64.5739,10.000,44512.3
1337.268,1338.912,64.5669,10.000,44515.7
1337.268,1339.111,64.5864,10.000,44506.1
1337.767,1339.310,64.5796,10.000,44509.5
1337.767,1339.512,64.5876,10.000,44505.5
1338.267,1339.712,64.5970,10.000,44500.9
1338.267,1339.911,64.5967,10.000,44501.0
1338.267,1340.109,64.5915,10.000,44503.6
1338.767,1340.310,64.6001,10.000,44499.3
1338.767,1340.512,64.6126,10.000,44493.2
1339.266,1340.710,64.6118,10.000,44493.5
1339.267,1340.910,64.6278,10.000,44485.7
1339.267,1341.111,64.6279,10.000,44485.6
1339.767,1341.310,64.6343,10.000,44482.5
1339.767,1341.511,64.6304,10.000,44484.4
1340.267,1341.710,64.6393,10.000,44479.9
1340.267,1341.910,64.6447,10.000,44477.2
1340.267,1342.109,64.6396,10.000,44479.8
1340.767,1342.309,64.6535,10.000,44473.0
1340.767,1342.510,64.6655,10.000,44467.0
1341.267,1342.710,64.6948,10.000,44452.4
1341.268,1342.908,64.6618,10.000,44468.8
1341.268,1343.107,64.6602,10.000,44469.6
1341.767,1343.308,64.6717,10.000,44463.9
1341.767,1343.510,64.6696,10.000,44464.9
1342.266,1343.708,64.6999,10.000,44450.0
1342.267,1343.908,64.6904,10.000,44454.6
1342.267,1344.109,64.7013,10.000,44449.2
1342.767,1344.309,64.7038,10.000,44448.0
1342.767,1344.509,64.7057,10.000,44447.1
1343.267,1344.708,64.7205,10.000,44439.8
1343.267,1344.908,64.7220,10.000,44439.1
1343.267,1345.107,64.7293,10.000,44435.4
1343.766,1345.307,64.7324,10.000,44433.9
1343.767,1345.508,64.7254,10.000,44437.4
1344.267,1345.708,64.7386,10.000,44430.8
1344.267,1345.906,64.7510,10.000,44424.8
1344.267,1346.107,64.7581,10.000,44421.1
1344.767,1346.307,64.7471,10.000,44426.7
1344.767,1346.508,64.7726,10.000,44413.9
1345.267,1346.707,64.7716,10.000,44414.4
1345.267,1346.906,64.7736,10.000,44413.5
1345.267,1347.106,64.7793,10.000,44410.6
1345.767,1347.307,64.7819,10.000,44409.4
1345.767,1347.507,64.7954,10.000,44402.7
1346.267,1347.707,64.7747,10.000,44413.0
1346.268,1347.904,64.7964,10.000,44402.2
1346.268,1348.105,64.8066,10.000,44397.2
1346.767,1348.306,64.7961,10.000,44402.3
1346.768,1348.506,64.8008,10.000,44400.0
1347.267,1348.706,64.8203,10.000,44390.3
1347.268,1348.904,64.8192,10.000,44391.0
1347.268,1349.105,64.8257,10.000,44387.6
1347.767,1349.306,64.8460,10.000,44377.6
1347.767,1349.505,64.8462,10.000,44377.6
1348.267,1349.705,64.8460,10.000,44377.6
1348.267,1349.904,64.8903,10.000,44355.7
1348.267,1350.104,64.8520,10.000,44374.6
1348.767,1350.305,64.8608,10.000,44370.3
1348.767,1350.505,64.8560,10.000,44372.7
1349.267,1350.705,64.8739,10.000,44363.8
1349.267,1350.902,64.8719,10.000,44364.8
1349.267,1351.103,64.8755,10.000,44363.0
1349.767,1351.304,64.8898,10.000,44355.9
1349.768,1351.504,64.9002,10.000,44350.7
1350.267,1351.704,64.9111,10.000,44345.4
1350.267,1351.902,64.8921,10.000,44354.8
1350.268,1352.103,64.9074,10.000,44347.2
1350.767,1352.304,64.9142,10.000,44343.8
1350.768,1352.504,64.9217,10.000,44340.1
1351.267,1352.703,64.9285,10.000,44336.7
1351.267,1352.902,64.8890,10.000,44356.3
1351.267,1353.102,64.9388,10.000,44331.6
1351.767,1353.304,64.9487,10.000,44326.8
1351.767,1353.503,64.9394,10.000,44331.3
1352.267,1353.702,64.9534,10.000,44324.4
1352.267,1353.900,64.9556,10.000,44323.4
1352.267,1354.102,64.9556,10.000,44323.4
1352.767,1354.303,64.9653,10.000,44318.5
1352.767,1354.502,64.9784,10.000,44312.1
1353.267,1354.701,64.9709,10.000,44315.8
1353.268,1354.900,64.9784,10.000,44312.1
1353.268,1355.102,64.9889,10.000,44306.7
1353.767,1355.302,65.0049,10.000,44298.8
1353.767,1355.502,64.9998,10.000,44301.4
1354.267,1355.699,65.0081,10.000,44297.2
1354.268,1355.900,64.9969,10.000,44302.9
1354.268,1356.100,65.0068,10.000,44297.9
1354.767,1356.302,65.0260,10.000,44288.4
1354.768,1356.501,65.0194,10.000,44291.7
1355.266,1356.699,65.0376,10.000,44282.7
1355.267,1356.898,65.0239,10.000,44289.4
1355.267,1357.100,65.0571,10.000,44272.9
1355.767,1357.301,65.0395,10.000,44281.7
1355.768,1357.500,65.0561,10.000,44273.4
1356.267,1357.699,65.0521,10.000,44275.5
1356.267,1357.898,65.0684,10.000,44267.4
1356.267,1358.100,65.0588,10.000,44272.1
1356.767,1358.300,65.0658,10.000,44268.7
1356.767,1358.500,65.0688,10.000,44267.2
1357.267,1358.697,65.0903,10.000,44256.5
1357.267,1358.898,65.0950,10.000,44254.1
1357.267,1359.100,65.0835,10.000,44259.8
1357.767,1359.299,65.0988,10.000,44252.3
1357.767,1359.499,65.1269,10.000,44238.4
1358.285,1359.697,65.1183,10.000,44242.6
1358.286,1359.898,65.1073,10.000,44248.1
1358.306,1360.100,65.1240,10.000,44239.7
1358.767,1360.298,65.1217,10.000,44240.9
1358.767,1360.497,65.1294,10.000,44237.1
1359.267,1360.697,65.1475,10.000,44228.2
1359.267,1360.898,65.1489,10.000,44227.4
1359.267,1361.100,65.1553,10.000,44224.3
1359.766,1361.296,65.1558,10.000,44224.0
1359.767,1361.497,65.1580,10.000,44222.9
1360.267,1361.697,65.1712,10.000,44216.4
1360.268,1361.896,65.1782,10.000,44212.9
1360.268,1362.098,65.1717,10.000,44216.1
1360.767,1362.296,65.1943,10.000,44205.0
1360.767,1362.497,65.1886,10.000,44207.7
1361.267,1362.695,65.1938,10.000,44205.2
1361.268,1362.896,65.1960,10.000,44204.1
1361.268,1363.098,65.2103,10.000,44197.0
1361.767,1363.296,65.2186,10.000,44192.9
1361.768,1363.495,65.2248,10.000,44189.8
1362.267,1363.695,65.2267,10.000,44188.7
1362.268,1363.894,65.2402,10.000,44182.0
1362.268,1364.098,65.2388,10.000,44182.8
1362.767,1364.295,65.2448,10.000,44179.8
1362.767,1364.495,65.2427,10.000,44181.0
1363.267,1364.693,65.2531,10.000,44175.7
1363.268,1364.894,65.2590,10.000,44172.8
1363.268,1365.096,65.2617,10.000,44171.4
1363.767,1365.295,65.2624,10.000,44171.1
1363.767,1365.494,65.2834,10.000,44160.6
1364.267,1365.693,65.2842,10.000,44160.2
1364.267,1365.894,65.2876,10.000,44158.5
1364.268,1366.096,65.2917,10.000,44156.6
1364.767,1366.294,65.3039,10.000,44150.5
1364.768,1366.493,65.3141,10.000,44145.4
1365.266,1366.693,65.3223,10.000,44141.4
1365.267,1366.893,65.3219,10.000,44141.5
1365.267,1367.094,65.3320,10.000,44136.4
1365.766,1367.293,65.3428,10.000,44131.1
1365.767,1367.494,65.3418,10.000,44131.7
1366.267,1367.691,65.3467,10.000,44129.2
1366.268,1367.892,65.3369,10.000,44134.1
1366.268,1368.094,65.3504,10.000,44127.4
1366.767,1368.293,65.3608,10.000,44122.1
1366.768,1368.492,65.3729,10.000,44116.2
1367.267,1368.691,65.3765,10.000,44114.4
1367.268,1368.892,65.3781,10.000,44113.6
1367.268,1369.093,65.3892,10.000,44108.1
1367.767,1369.293,65.3931,10.000,44106.1
1367.768,1369.490,65.4009,10.000,44102.3
1368.267,1369.691,65.3862,10.000,44109.7
1368.268,1369.891,65.4097,10.000,44097.9
1368.268,1370.093,65.4111,10.000,44097.1
1368.767,1370.292,65.4128,10.000,44096.4
1368.767,1370.490,65.4237,10.000,44091.0
1369.267,1370.691,65.4209,10.000,44092.3
1369.268,1370.891,65.4308,10.000,44087.4
1369.268,1371.092,65.4365,10.000,44084.5
1369.767,1371.291,65.4634,10.000,44071.2
1369.768,1371.490,65.4473,10.000,44079.2
1370.266,1371.690,65.4554,10.000,44075.2
1370.267,1371.891,65.4516,10.000,44077.1
1370.267,1372.092,65.4650,10.000,44070.4
1370.766,1372.290,65.4663,10.000,44069.7
1370.767,1372.488,65.4824,10.000,44061.7
1371.267,1372.691,65.4857,10.000,44060.2
1371.267,1372.890,65.4927,10.000,44056.6
1371.267,1373.089,65.4876,10.000,44059.1
1371.767,1373.289,65.4959,10.000,44055.0
1371.767,1373.490,65.5054,10.000,44050.4
1372.267,1373.689,65.5109,10.000,44047.5
1372.267,1373.890,65.5116,10.000,44047.2
1372.267,1374.088,65.5198,10.000,44043.2
1372.767,1374.289,65.5273,10.000,44039.4
1372.767,1374.488,65.5360,10.000,44035.2
1373.267,1374.688,65.5223,10.000,44041.9
1373.267,1374.890,65.5029,10.000,44051.5
1373.267,1375.088,65.5439,10.000,44031.2
1373.767,1375.288,65.5451,10.000,44030.6
1373.768,1375.486,65.5542,10.000,44026.0
1374.267,1375.687,65.5617,10.000,44022.3
1374.267,1375.889,65.5649,10.000,44020.7
1374.267,1376.087,65.5828,10.000,44011.8
1374.767,1376.287,65.5859,10.000,44010.2
1374.768,1376.486,65.5861,10.000,44010.1
1375.267,1376.688,65.5952,10.000,44005.7
1375.268,1376.888,65.6027,10.000,44001.9
1375.268,1377.086,65.6045,10.000,44001.1
1375.767,1377.287,65.6006,10.000,44002.9
1375.768,1377.486,65.6144,10.000,43996.0
1376.267,1377.686,65.6263,10.000,43990.2
1376.268,1377.887,65.6353,10.000,43985.7
1376.268,1378.086,65.6255,10.000,43990.6
1376.767,1378.287,65.6419,10.000,43982.4
1376.768,1378.484,65.6610,10.000,43972.9
1377.267,1378.685,65.6419,10.000,43982.4
1377.268,1378.887,65.6610,10.000,43972.9
1377.268,1379.086,65.6349,10.000,43985.9
1377.767,1379.285,65.6665,10.000,43970.1
1377.768,1379.484,65.6787,10.000,43964.1
1378.267,1379.685,65.6872,10.000,43959.8
1378.268,1379.886,65.6927,10.000,43957.1
1378.268,1380.086,65.6995,10.000,43953.7
1378.767,1380.283,65.7036,10.000,43951.7
1378.768,1380.484,65.7114,10.000,43947.7
1379.267,1380.684,65.6681,10.000,43969.3
1379.267,1380.886,65.7275,10.000,43939.8
1379.267,1381.085,65.7376,10.000,43934.8
1379.767,1381.283,65.7448,10.000,43931.2
1379.767,1381.482,65.7513,10.000,43928.0
1380.267,1381.684,65.7485,10.000,43929.3
1380.268,1381.885,65.7360,10.000,43935.5
1380.268,1382.083,65.7622,10.000,43922.5
1380.766,1382.283,65.7661,10.000,43920.5
1380.766,1382.482,65.7852,10.000,43911.1
1381.267,1382.684,65.7725,10.000,43917.4
1381.268,1382.884,65.8031,10.000,43902.1
1381.268,1383.083,65.7721,10.000,43917.5
1381.767,1383.283,65.8071,10.000,43900.1
1381.767,1383.482,65.8081,10.000,43899.6
1382.267,1383.682,65.8193,10.000,43894.0
1382.267,1383.883,65.8366,10.000,43885.4
1382.268,1384.083,65.8403,10.000,43883.6
1382.767,1384.283,65.8442,10.000,43881.6
1382.768,1384.482,65.8444,10.000,43881.6
1383.267,1384.682,65.8662,10.000,43870.7
1383.267,1384.883,65.8737,10.000,43867.0
1383.267,1385.081,65.8748,10.000,43866.4
1383.767,1385.281,65.8750,10.000,43866.2
1383.767,1385.480,65.8698,10.000,43868.9
1384.266,1385.682,65.8903,10.000,43858.6
1384.267,1385.883,65.8965,10.000,43855.6
1384.267,1386.081,65.9049,10.000,43851.4
1384.766,1386.279,65.9082,10.000,43849.7
1384.767,1386.480,65.9258,10.000,43841.0
1385.266,1386.682,65.9228,10.000,43842.5
1385.267,1386.881,65.9311,10.000,43838.4
1385.267,1387.080,65.8800,10.000,43863.8
1385.766,1387.279,65.9469,10.000,43830.4
1385.767,1387.480,65.9601,10.000,43823.8
1386.266,1387.682,65.9391,10.000,43834.3
1386.267,1387.879,65.9766,10.000,43815.7
1386.267,1388.080,65.9691,10.000,43819.4
1386.766,1388.279,65.9507,10.000,43828.6
1386.767,1388.478,65.9842,10.000,43811.8
1387.266,1388.680,65.9840,10.000,43811.9
1387.267,1388.880,65.9471,10.000,43830.4
1387.267,1389.079,65.9971,10.000,43805.4
1387.767,1389.277,66.0002,10.000,43803.9
1387.767,1389.478,66.0264,10.000,43790.8
1388.267,1389.680,66.0148,10.000,43796.6
1388.268,1389.878,66.0197,10.000,43794.1
1388.268,1390.078,66.0060,10.000,43800.9
1388.767,1390.277,66.0379,10.000,43785.0
1388.768,1390.478,66.0391,10.000,43784.4
1389.267,1390.680,66.0454,10.000,43781.3
1389.268,1390.878,66.0459,10.000,43781.0
1389.268,1391.078,66.0475,10.000,43780.2
1389.767,1391.277,66.0625,10.000,43772.7
1389.768,1391.476,66.0693,10.000,43769.4
1390.267,1391.678,66.0679,10.000,43770.1
1390.268,1391.877,66.0807,10.000,43763.7
1390.268,1392.078,66.0742,10.000,43766.8
1390.767,1392.275,66.0775,10.000,43765.3
1390.767,1392.476,66.0947,10.000,43756.8
1390.768,1392.677,66.0968,10.000,43755.6
1391.266,1392.877,66.1182,10.000,43745.0
1391.266,1393.076,66.1017,10.000,43753.2
1391.766,1393.275,66.1060,10.000,43751.1
1391.767,1393.476,66.1110,10.000,43748.5
1391.767,1393.677,66.1343,10.000,43737.0
1392.266,1393.876,66.1385,10.000,43734.9
1392.267,1394.074,66.1418,10.000,43733.2
1392.766,1394.275,66.1515,10.000,43728.4
1392.767,1394.476,66.1488,10.000,43729.7
1392.767,1394.677,66.1496,10.000,43729.2
1393.267,1394.875,66.1719,10.000,43718.2
1393.267,1395.074,66.1665,10.000,43720.8
1393.766,1395.274,66.1743,10.000,43716.9
1393.766,1395.476,66.1841,10.000,43712.1
1393.767,1395.676,66.1968,10.000,43705.7
1394.266,1395.874,66.2012,10.000,43703.6
1394.266,1396.074,66.2083,10.000,43700.0
1394.767,1396.275,66.1990,10.000,43704.6
1394.768,1396.474,66.2062,10.000,43701.1
1394.768,1396.675,66.2093,10.000,43699.6
1395.266,1396.875,66.2295,10.000,43689.5
1395.267,1397.074,66.2244,10.000,43691.9
1395.766,1397.273,66.2388,10.000,43684.7
1395.767,1397.474,66.2461,10.000,43681.2
1395.767,1397.674,66.2593,10.000,43674.5
1396.267,1397.873,66.2593,10.000,43674.5
1396.268,1398.072,66.2552,10.000,43676.6
1396.766,1398.273,66.2598,10.000,43674.2
1396.766,1398.474,66.2760,10.000,43666.2
1396.766,1398.673,66.2783,10.000,43665.0
1397.266,1398.872,66.2954,10.000,43656.5
1397.266,1399.072,66.2930,10.000,43657.7
1397.766,1399.272,66.3029,10.000,43652.7
1397.767,1399.474,66.3042,10.000,43652.2
1397.767,1399.672,66.3144,10.000,43646.9
1398.266,1399.872,66.3315,10.000,43638.5
1398.266,1400.070,66.3289,10.000,43639.8
1398.766,1400.273,66.3367,10.000,43635.8
1398.766,1400.473,66.3394,10.000,43634.5
1398.766,1400.671,66.3392,10.000,43634.6
1399.267,1400.871,66.3677,10.000,43620.4
1399.267,1401.072,66.3571,10.000,43625.6
1399.770,1401.272,66.3599,10.000,43624.3
1399.770,1401.472,66.4046,10.000,43601.9
1399.770,1401.670,66.3822,10.000,43613.2
1400.271,1401.871,66.3882,10.000,43610.0
1400.271,1402.070,66.3849,10.000,43611.7
1400.768,1402.270,66.3857,10.000,43611.3
1400.768,1402.471,66.3939,10.000,43607.3
1400.768,1402.671,66.4019,10.000,43603.3
1401.267,1402.870,66.4145,10.000,43597.0
1401.268,1403.068,66.4212,10.000,43593.6
1401.767,1403.271,66.4228,10.000,43592.8
1401.767,1403.471,66.3740,10.000,43617.2
1401.767,1403.669,66.4344,10.000,43587.0
1402.267,1403.869,66.4394,10.000,43584.6
1402.267,1404.070,66.4368,10.000,43585.8
1402.766,1404.270,66.4394,10.000,43584.5
1402.767,1404.470,66.4587,10.000,43574.8
1402.767,1404.669,66.4552,10.000,43576.6
1403.267,1404.869,66.4757,10.000,43566.4
1403.267,1405.068,66.4613,10.000,43573.6
1403.766,1405.268,66.4346,10.000,43586.9
1403.766,1405.469,66.4888,10.000,43559.8
1403.766,1405.669,66.5132,10.000,43547.7
1404.266,1405.868,66.4924,10.000,43558.0
1404.266,1406.066,66.5078,10.000,43550.4
1404.766,1406.269,66.5107,10.000,43548.9
1404.766,1406.469,66.5101,10.000,43549.1
1404.766,1406.667,66.5286,10.000,43539.9
1405.266,1406.867,66.5384,10.000,43535.0
1405.267,1407.066,66.5049,10.000,43551.7
1405.767,1407.268,66.5392,10.000,43534.6
1405.767,1407.469,66.5485,10.000,43529.9
1405.768,1407.667,66.5396,10.000,43534.4
1406.267,1407.865,66.5658,10.000,43521.3
1406.267,1408.066,66.5601,10.000,43524.1
1406.767,1408.268,66.5758,10.000,43516.2
1406.767,1408.468,66.5767,10.000,43515.8
1406.767,1408.666,66.5796,10.000,43514.4
1407.267,1408.865,66.5934,10.000,43507.5
1407.267,1409.066,66.5895,10.000,43509.4
1407.767,1409.266,66.5923,10.000,43508.0
1407.767,1409.467,66.6152,10.000,43496.6
1407.767,1409.665,66.6045,10.000,43501.8
1408.267,1409.865,66.6289,10.000,43489.7
1408.267,1410.064,66.6201,10.000,43494.1
1408.767,1410.266,66.6284,10.000,43489.9
1408.767,1410.467,66.6279,10.000,43490.2
1408.767,1410.665,66.6406,10.000,43483.8
1409.267,1410.863,66.6567,10.000,43475.8
1409.267,1411.064,66.6548,10.000,43476.7
1409.767,1411.266,66.6597,10.000,43474.3
1409.767,1411.465,66.6748,10.000,43466.8
1409.767,1411.664,66.6751,10.000,43466.6
1410.267,1411.863,66.6855,10.000,43461.4
1410.267,1412.064,66.6849,10.000,43461.7
1410.767,1412.266,66.6849,10.000,43461.7
1410.767,1412.464,66.7056,10.000,43451.3
1410.768,1412.663,66.7056,10.000,43451.4
1411.267,1412.863,66.7008,10.000,43453.6
1411.268,1413.062,66.7153,10.000,43446.4
1411.767,1413.266,66.7254,10.000,43441.4
1411.767,1413.463,66.7139,10.000,43447.1
1411.768,1413.663,66.7331,10.000,43437.6
1412.267,1413.861,66.7241,10.000,43442.0
1412.267,1414.062,66.7342,10.000,43437.0
1412.767,1414.264,66.7576,10.000,43425.3
1412.767,1414.462,66.7891,10.000,43409.6
1412.768,1414.662,66.7528,10.000,43427.8
1413.266,1414.861,66.7695,10.000,43419.2
1413.267,1415.062,66.7812,10.000,43413.4
1413.767,1415.264,66.7822,10.000,43412.9
1413.767,1415.461,66.7513,10.000,43428.4
1413.768,1415.661,66.7889,10.000,43409.6
1414.267,1415.861,66.7938,10.000,43407.2
1414.267,1416.062,66.8006,10.000,43403.7
1414.767,1416.263,66.8068,10.000,43400.6
1414.767,1416.461,66.8092,10.000,43399.4
1414.767,1416.661,66.7948,10.000,43406.7
1415.267,1416.859,66.8118,10.000,43398.1
1415.268,1417.062,66.8488,10.000,43379.6
1415.767,1417.262,66.8267,10.000,43390.6
1415.767,1417.460,66.8504,10.000,43378.8
1415.767,1417.660,66.8503,10.000,43378.8
1416.267,1417.859,66.8493,10.000,43379.4
1416.267,1418.060,66.8626,10.000,43372.7
1416.767,1418.262,66.9010,10.000,43353.3
1416.767,1418.460,66.8623,10.000,43372.8
1416.768,1418.658,66.8682,10.000,43369.9
1417.267,1418.859,66.8921,10.000,43357.8
1417.268,1419.060,66.8872,10.000,43360.3
1417.767,1419.261,66.8927,10.000,43357.5
1417.767,1419.459,66.9212,10.000,43343.3
1417.768,1419.658,66.9202,10.000,43343.8
1418.267,1419.857,66.9214,10.000,43343.1
1418.268,1420.060,66.9204,10.000,43343.6
1418.767,1420.260,66.9253,10.000,43341.3
1418.767,1420.458,66.9394,10.000,43334.1
1418.768,1420.658,66.9351,10.000,43336.3
1419.267,1420.857,66.9466,10.000,43330.6
1419.268,1421.059,66.9544,10.000,43326.7
1419.767,1421.260,66.9455,10.000,43331.1
1419.768,1421.458,66.9543,10.000,43326.7
1419.768,1421.656,66.9686,10.000,43319.6
1420.267,1421.857,66.9658,10.000,43320.9
1420.267,1422.058,66.9796,10.000,43314.0
1420.767,1422.259,66.9808,10.000,43313.4
1420.767,1422.457,66.9936,10.000,43306.9
1420.768,1422.656,66.9924,10.000,43307.6
1421.266,1422.857,66.9897,10.000,43308.9
1421.266,1423.057,67.0034,10.000,43302.0
1421.766,1423.258,67.0026,10.000,43302.4
1421.766,1423.456,67.0163,10.000,43295.6
1421.766,1423.656,67.0293,10.000,43289.1
1422.266,1423.857,67.0216,10.000,43292.9
1422.266,1424.057,67.0376,10.000,43285.0
1422.766,1424.258,67.1006,10.000,43253.2
1422.766,1424.456,67.0415,10.000,43283.0
1422.766,1424.654,67.0573,10.000,43275.1
1423.266,1424.857,67.0614,10.000,43273.0
1423.266,1425.057,67.0677,10.000,43269.8
1423.766,1425.255,67.0544,10.000,43276.5
1423.766,1425.455,67.0833,10.000,43262.0
1423.766,1425.654,67.0833,10.000,43262.0
1424.266,1425.856,67.0716,10.000,43267.9
1424.266,1426.056,67.0869,10.000,43260.2
1424.766,1426.254,67.0920,10.000,43257.6
1424.766,1426.455,67.0983,10.000,43254.5
1424.767,1426.654,67.1043,10.000,43251.5
1425.266,1426.854,67.0996,10.000,43253.8
1425.266,1427.055,67.1152,10.000,43246.0
1425.766,1427.255,67.1274,10.000,43239.8
1425.766,1427.455,67.1211,10.000,43243.0
1425.766,1427.652,67.1333,10.000,43236.9
1426.266,1427.853,67.1274,10.000,43239.9
1426.266,1428.055,67.1374,10.000,43234.9
1426.766,1428.253,67.1361,10.000,43235.5
1426.766,1428.453,67.1608,10.000,43223.1
1426.767,1428.652,67.1556,10.000,43225.7
1427.266,1428.854,67.1465,10.000,43230.3
1427.266,1429.055,67.1650,10.000,43221.0
1427.766,1429.253,67.1794,10.000,43213.8
1427.766,1429.452,67.1935,10.000,43206.7
1427.767,1429.652,67.1942,10.000,43206.4
1428.266,1429.852,67.1850,10.000,43211.0
1428.266,1430.053,67.1851,10.000,43210.9
1428.766,1430.252,67.2069,10.000,43200.0
1428.766,1430.453,67.2093,10.000,43198.8
1428.766,1430.650,67.2192,10.000,43193.8
1429.266,1430.852,67.2153,10.000,43195.8
1429.266,1431.053,67.2314,10.000,43187.6
1429.766,1431.252,67.2334,10.000,43186.6
1429.766,1431.451,67.2653,10.000,43170.7
1429.767,1431.650,67.2241,10.000,43191.3
1430.267,1431.852,67.2484,10.000,43179.1
1430.267,1432.053,67.2489,10.000,43178.9
1430.767,1432.251,67.2692,10.000,43168.6
1430.767,1432.449,67.2547,10.000,43175.9
1430.767,1432.650,67.2817,10.000,43162.4
1431.267,1432.852,67.2720,10.000,43167.3
1431.267,1433.051,67.2822,10.000,43162.1
1431.767,1433.250,67.2822,10.000,43162.1
1431.767,1433.449,67.2966,10.000,43154.9
1431.767,1433.650,67.3037,10.000,43151.3
1432.271,1433.850,67.3081,10.000,43149.1
1432.271,1434.050,67.3174,10.000,43144.5
1432.771,1434.250,67.3086,10.000,43148.8
1432.771,1434.449,67.3223,10.000,43141.9
1432.771,1434.648,67.3242,10.000,43141.1
1433.266,1434.850,67.3465,10.000,43129.8
1433.267,1435.050,67.3384,10.000,43133.9
1433.767,1435.249,67.3384,10.000,43134.0
1433.767,1435.447,67.3415,10.000,43132.4
1433.767,1435.650,67.3760,10.000,43115.1
1434.267,1435.850,67.3630,10.000,43121.6
1434.267,1436.049,67.3709,10.000,43117.6
1434.771,1436.248,67.3846,10.000,43110.7
1434.771,1436.449,67.3685,10.000,43118.8
1434.771,1436.648,67.3776,10.000,43114.2
1435.267,1436.850,67.3830,10.000,43111.5
1435.267,1437.048,67.3896,10.000,43108.2
1435.770,1437.248,67.4009,10.000,43102.5
1435.770,1437.447,67.4087,10.000,43098.6
1435.770,1437.646,67.4038,10.000,43101.1
1436.270,1437.850,67.4167,10.000,43094.6
1436.270,1438.047,67.4313,10.000,43087.2
1436.771,1438.247,67.4593,10.000,43073.1
1436.771,1438.445,67.4338,10.000,43085.9
1436.771,1438.648,67.4479,10.000,43078.9
1437.267,1438.848,67.4463,10.000,43079.7
1437.267,1439.046,67.4448,10.000,43080.4
1437.767,1439.246,67.4626,10.000,43071.5
1437.767,1439.447,67.4513,10.000,43077.2
1437.768,1439.646,67.4640,10.000,43070.8
1438.271,1439.848,67.4536,10.000,43075.9
1438.271,1440.046,67.4854,10.000,43060.0
1438.770,1440.246,67.4871,10.000,43059.2
1438.770,1440.445,67.4873,10.000,43059.0
1438.770,1440.644,67.4974,10.000,43054.1
1439.267,1440.848,67.4897,10.000,43057.9
1439.267,1441.045,67.4910,10.000,43057.2
1439.767,1441.245,67.5055,10.000,43049.9
1439.768,1441.443,67.5159,10.000,43044.7
1439.768,1441.646,67.4993,10.000,43053.1
1440.267,1441.846,67.5198,10.000,43042.7
1440.267,1442.044,67.5272,10.000,43039.1
1440.767,1442.244,67.5609,10.000,43022.1
1440.767,1442.443,67.5397,10.000,43032.8
1440.768,1442.644,67.5496,10.000,43027.7
1441.267,1442.846,67.5561,10.000,43024.5
1441.268,1443.044,67.5729,10.000,43016.1
1441.767,1443.243,67.5230,10.000,43041.2
1441.767,1443.443,67.5706,10.000,43017.2
1441.768,1443.644,67.5770,10.000,43014.0
1442.267,1443.844,67.5752,10.000,43014.9
1442.268,1444.043,67.5854,10.000,43009.6
1442.767,1444.244,67.6107,10.000,42997.1
1442.768,1444.441,67.5918,10.000,43006.5
1442.768,1444.642,67.5941,10.000,43005.4
1443.267,1444.844,67.6113,10.000,42996.8
1443.267,1445.043,67.6201,10.000,42992.4
1443.767,1445.242,67.6240,10.000,42990.3
1443.767,1445.441,67.6261,10.000,42989.2
1443.768,1445.643,67.6092,10.000,42997.8
1444.267,1445.844,67.6452,10.000,42979.7
1444.268,1446.042,67.6486,10.000,42978.0
1444.767,1446.240,67.6416,10.000,42981.5
1444.767,1446.443,67.6642,10.000,42970.1
1444.767,1446.642,67.6569,10.000,42973.8
1445.267,1446.842,67.6714,10.000,42966.5
1445.267,1447.041,67.6899,10.000,42957.2
1445.767,1447.242,67.6989,10.000,42952.7
1445.767,1447.441,67.6860,10.000,42959.2
1445.767,1447.641,67.6878,10.000,42958.2
1446.267,1447.841,67.6948,10.000,42954.7
1446.267,1448.041,67.7069,10.000,42948.7
1446.767,1448.240,67.7179,10.000,42943.1
1446.767,1448.440,67.6992,10.000,42952.5
1446.768,1448.641,67.7326,10.000,42935.7
1447.266,1448.841,67.6875,10.000,42958.4
1447.267,1449.040,67.7197,10.000,42942.1
1447.767,1449.238,67.7210,10.000,42941.6
1447.767,1449.441,67.7259,10.000,42939.1
1447.768,1449.641,67.6898,10.000,42957.2
1448.267,1449.839,67.7422,10.000,42930.9
1448.267,1450.039,67.7526,10.000,42925.7
1448.767,1450.238,67.7474,10.000,42928.3
1448.767,1450.440,67.7607,10.000,42921.6
1448.768,1450.641,67.7749,10.000,42914.4
1449.267,1450.838,67.7700,10.000,42916.9
1449.267,1451.038,67.7590,10.000,42922.4
1449.767,1451.238,67.7795,10.000,42912.1
1449.767,1451.439,67.7768,10.000,42913.4
1449.768,1451.640,67.7902,10.000,42906.7
1450.267,1451.837,67.7871,10.000,42908.2
1450.267,1452.038,67.8005,10.000,42901.6
1450.767,1452.238,67.8179,10.000,42892.7
1450.767,1452.437,67.8356,10.000,42883.9
1450.767,1452.638,67.8154,10.000,42894.0
1451.267,1452.837,67.8244,10.000,42889.5
1451.268,1453.038,67.8262,10.000,42888.6
1451.767,1453.236,67.8314,10.000,42886.0
1451.767,1453.437,67.8244,10.000,42889.5
1451.767,1453.638,67.8403,10.000,42881.5
1452.267,1453.838,67.8540,10.000,42874.6
1452.267,1454.036,67.8415,10.000,42880.9
1452.767,1454.236,67.8525,10.000,42875.3
1452.767,1454.437,67.8682,10.000,42867.5
1452.768,1454.638,67.8677,10.000,42867.7
1453.267,1454.836,67.8411,10.000,42881.1
1453.267,1455.036,67.8796,10.000,42861.7
1453.767,1455.236,67.8843,10.000,42859.3
1453.768,1455.436,67.8955,10.000,42853.7
1453.768,1455.636,67.8966,10.000,42853.1
1454.267,1455.835,67.9019,10.000,42850.5
1454.267,1456.035,67.9076,10.000,42847.7
1454.767,1456.236,67.9158,10.000,42843.5
1454.767,1456.436,67.9268,10.000,42837.9
1454.767,1456.636,67.9250,10.000,42838.8
1455.267,1456.835,67.9264,10.000,42838.1
1455.267,1457.033,67.9344,10.000,42834.1
1455.767,1457.236,67.9326,10.000,42835.0
1455.767,1457.435,67.9438,10.000,42829.3
1455.768,1457.635,67.9368,10.000,42832.9
1456.267,1457.834,67.9544,10.000,42824.0
1456.267,1458.035,67.9588,10.000,42821.8
1456.767,1458.232,67.9598,10.000,42821.3
1456.767,1458.434,67.9722,10.000,42815.1
1456.768,1458.634,67.9769,10.000,42812.7
1457.267,1458.834,67.9779,10.000,42812.1
1457.267,1459.033,67.9523,10.000,42825.1
1457.767,1459.232,67.9966,10.000,42802.8
1457.767,1459.434,68.0020,10.000,42800.0
1457.768,1459.634,67.9941,10.000,42804.0
1458.267,1459.833,68.0132,10.000,42794.4
1458.267,1460.031,68.0203,10.000,42790.8
1458.767,1460.232,68.0262,10.000,42787.9
1458.767,1460.434,68.0254,10.000,42788.2
1458.768,1460.633,68.0186,10.000,42791.7
1459.267,1460.832,68.0376,10.000,42782.0
1459.267,1461.031,68.0439,10.000,42778.9
1459.767,1461.232,68.0469,10.000,42777.5
1459.768,1461.434,68.0444,10.000,42778.6
1459.768,1461.632,68.0391,10.000,42781.4
1460.267,1461.831,68.0726,10.000,42764.5
1460.267,1462.031,68.0672,10.000,42767.2
1460.767,1462.232,68.0732,10.000,42764.1
1460.767,1462.432,68.0947,10.000,42753.3
1460.768,1462.632,68.1099,10.000,42745.6
1461.267,1462.831,68.0889,10.000,42756.3
1461.267,1463.029,68.0867,10.000,42757.4
1461.767,1463.232,68.0887,10.000,42756.4
1461.767,1463.432,68.0754,10.000,42763.0
1461.767,1463.630,68.1165,10.000,42742.4
1462.267,1463.830,68.1206,10.000,42740.2
1462.268,1464.031,68.1279,10.000,42736.6
1462.767,1464.230,68.1297,10.000,42735.7
1462.767,1464.432,68.1385,10.000,42731.2
1462.768,1464.629,68.1191,10.000,42741.0
1463.267,1464.830,68.1335,10.000,42733.8
1463.267,1465.029,68.1484,10.000,42726.2
1463.767,1465.228,68.1509,10.000,42725.1
1463.767,1465.430,68.1598,10.000,42720.4
1463.767,1465.630,68.1675,10.000,42716.7
1464.267,1465.829,68.1755,10.000,42712.6
1464.267,1466.027,68.1704,10.000,42715.1
1464.767,1466.228,68.1870,10.000,42706.8
1464.767,1466.430,68.1854,10.000,42707.6
1464.767,1466.628,68.1875,10.000,42706.6
1465.267,1466.828,68.1699,10.000,42715.4
1465.267,1467.029,68.1856,10.000,42707.5
1465.767,1467.228,68.2225,10.000,42688.9
1465.767,1467.429,68.2069,10.000,42696.7
1465.768,1467.628,68.2060,10.000,42697.1
1466.267,1467.827,68.2192,10.000,42690.5
1466.267,1468.027,68.2127,10.000,42693.8
1466.767,1468.228,68.2197,10.000,42690.2
1466.768,1468.428,68.2550,10.000,42672.5
1466.768,1468.627,68.2425,10.000,42678.8
1467.267,1468.827,68.2427,10.000,42678.7
1467.267,1469.027,68.2511,10.000,42674.4
1467.767,1469.226,68.2554,10.000,42672.3
1467.767,1469.427,68.2581,10.000,42670.9
1467.768,1469.626,68.2528,10.000,42673.6
1468.267,1469.826,68.2713,10.000,42664.2
1468.267,1470.027,68.2739,10.000,42662.8
1468.767,1470.226,68.2715,10.000,42664.2
1468.768,1470.427,68.2733,10.000,42663.2
1468.768,1470.626,68.2925,10.000,42653.6
1469.267,1470.826,68.2957,10.000,42651.9
1469.267,1471.025,68.3027,10.000,42648.4
1469.767,1471.225,68.2938,10.000,42653.0
1469.767,1471.426,68.3057,10.000,42646.9
1469.768,1471.626,68.3141,10.000,42642.6
1470.267,1471.824,68.3120,10.000,42643.7
1470.268,1472.024,68.3234,10.000,42637.9
1470.767,1472.226,68.3263,10.000,42636.4
1470.767,1472.426,68.3314,10.000,42633.9
1470.767,1472.624,68.3151,10.000,42642.1
1471.267,1472.824,68.3446,10.000,42627.2
1471.267,1473.025,68.3481,10.000,42625.4
1471.767,1473.224,68.3530,10.000,42623.0
1471.768,1473.425,68.3389,10.000,42630.1
1471.768,1473.624,68.3641,10.000,42617.4
1472.267,1473.822,68.3652,10.000,42616.9
1472.268,1474.025,68.3683,10.000,42615.3
1472.767,1474.224,68.3833,10.000,42607.7
1472.767,1474.424,68.3862,10.000,42606.2
1472.768,1474.623,68.3867,10.000,42606.0
1473.267,1474.824,68.4019,10.000,42598.3
1473.267,1475.023,68.4056,10.000,42596.5
1473.767,1475.224,68.4111,10.000,42593.8
1473.768,1475.423,68.4119,10.000,42593.3
1473.768,1475.622,68.4211,10.000,42588.7
1474.267,1475.822,68.4284,10.000,42585.0
1474.267,1476.022,68.4292,10.000,42584.5
1474.767,1476.224,68.4331,10.000,42582.5
1474.767,1476.421,68.4424,10.000,42578.0
1474.768,1476.622,68.4365,10.000,42580.9
1475.267,1476.820,68.4575,10.000,42570.3
1475.267,1477.023,68.4447,10.000,42576.8
1475.767,1477.222,68.4652,10.000,42566.4
1475.767,1477.421,68.4492,10.000,42574.4
1475.768,1477.622,68.4614,10.000,42568.2
1476.267,1477.822,68.4761,10.000,42560.9
1476.267,1478.021,68.4658,10.000,42566.1
1476.767,1478.222,68.4881,10.000,42554.8
1476.767,1478.421,68.5036,10.000,42546.9
1476.768,1478.621,68.4954,10.000,42551.2
1477.266,1478.820,68.5010,10.000,42548.3
1477.266,1479.020,68.5120,10.000,42542.7
1477.767,1479.222,68.4993,10.000,42549.1
1477.767,1479.419,68.5171,10.000,42540.1
1477.768,1479.620,68.5233,10.000,42537.1
1478.267,1479.818,68.5306,10.000,42533.4
1478.267,1480.021,68.5410,10.000,42528.1
1478.767,1480.220,68.5451,10.000,42526.0
1478.768,1480.419,68.5478,10.000,42524.7
1478.768,1480.619,68.5451,10.000,42526.0
1479.267,1480.820,68.5522,10.000,42522.5
1479.268,1481.019,68.5312,10.000,42533.0
1479.767,1481.220,68.5561,10.000,42520.5
1479.767,1481.419,68.5745,10.000,42511.2
1479.768,1481.619,68.5793,10.000,42508.8
1480.267,1481.818,68.5804,10.000,42508.2
1480.267,1482.018,68.5845,10.000,42506.1
1480.766,1482.220,68.5863,10.000,42505.2
1480.767,1482.419,68.5990,10.000,42498.9
1480.767,1482.618,68.6066,10.000,42495.0
1481.267,1482.816,68.6099,10.000,42493.2
1481.268,1483.019,68.6136,10.000,42491.4
1481.767,1483.219,68.6149,10.000,42490.8
1481.767,1483.417,68.6255,10.000,42485.4
1481.768,1483.617,68.6237,10.000,42486.3
1482.266,1483.818,68.6222,10.000,42487.1
1482.267,1484.018,68.6302,10.000,42483.0
1482.766,1484.218,68.6551,10.000,42470.4
1482.767,1484.417,68.6359,10.000,42480.2
1482.767,1484.615,68.6538,10.000,42471.2
1483.266,1484.818,68.6605,10.000,42467.7
1483.267,1485.016,68.6639,10.000,42466.0
1483.766,1485.217,68.6763,10.000,42459.7
1483.766,1485.416,68.6668,10.000,42464.5
1483.767,1485.617,68.7031,10.000,42446.2
1484.266,1485.816,68.6699,10.000,42462.9
1484.267,1486.016,68.6802,10.000,42457.8
1484.766,1486.217,68.6898,10.000,42453.0
1484.767,1486.415,68.6982,10.000,42448.7
1484.767,1486.615,68.7057,10.000,42444.8
1485.266,1486.814,68.7044,10.000,42445.5
1485.267,1487.016,68.7139,10.000,42440.8
1485.766,1487.216,68.7246,10.000,42435.4
1485.767,1487.415,68.7300,10.000,42432.6
1485.767,1487.613,68.7378,10.000,42428.7
1486.266,1487.816,68.7451,10.000,42425.0
1486.267,1488.016,68.7456,10.000,42424.7
1486.766,1488.214,68.7456,10.000,42424.7
1486.767,1488.415,68.7720,10.000,42411.4
1486.767,1488.615,68.7544,10.000,42420.3
1487.267,1488.814,68.7524,10.000,42421.2
1487.267,1489.016,68.7713,10.000,42411.7
1487.767,1489.214,68.7804,10.000,42407.1
1487.767,1489.413,68.7773,10.000,42408.7
1487.768,1489.613,68.7952,10.000,42399.6
1488.267,1489.814,68.7905,10.000,42402.1
1488.268,1490.016,68.7966,10.000,42399.0
1488.767,1490.212,68.7987,10.000,42397.9
1488.768,1490.413,68.8130,10.000,42390.6
1488.768,1490.613,68.8097,10.000,42392.2
1489.266,1490.812,68.8240,10.000,42385.1
1489.267,1491.013,68.8203,10.000,42387.0
1489.766,1491.212,68.8337,10.000,42380.1
1489.767,1491.413,68.8465,10.000,42373.7
1489.767,1491.613,68.8481,10.000,42372.8
1490.266,1491.812,68.8488,10.000,42372.5
1490.267,1492.013,68.8532,10.000,42370.3
1490.766,1492.211,68.8657,10.000,42363.9
1490.767,1492.411,68.8737,10.000,42359.9
1490.767,1492.611,68.8739,10.000,42359.9
1491.266,1492.812,68.8781,10.000,42357.7
1491.267,1493.012,68.8846,10.000,42354.5
1491.766,1493.211,68.8953,10.000,42349.0
1491.767,1493.412,68.8921,10.000,42350.7
1491.767,1493.611,68.9102,10.000,42341.4
1492.266,1493.810,68.9087,10.000,42342.2
1492.267,1494.011,68.9224,10.000,42335.4
1492.766,1494.210,68.8968,10.000,42348.2
1492.767,1494.411,68.9842,10.000,42304.0
1492.767,1494.609,68.9390,10.000,42326.9
1493.266,1494.810,68.9450,10.000,42323.8
1493.267,1495.011,68.9552,10.000,42318.6
1493.766,1495.210,68.9534,10.000,42319.6
1493.767,1495.408,68.9679,10.000,42312.2
1493.767,1495.611,68.9603,10.000,42316.1
1494.267,1495.810,68.9665,10.000,42313.0
1494.267,1496.010,68.9795,10.000,42306.4
1494.767,1496.209,68.9671,10.000,42312.7
1494.767,1496.410,68.9839,10.000,42304.2
1494.768,1496.609,68.9945,10.000,42298.9
1495.267,1496.808,68.9953,10.000,42298.4
1495.267,1497.009,69.0059,10.000,42293.0
1495.767,1497.209,69.0098,10.000,42291.1
1495.768,1497.408,69.0120,10.000,42290.0
1495.768,1497.607,69.0208,10.000,42285.5
1496.267,1497.808,69.0280,10.000,42281.8
1496.268,1498.009,69.0693,10.000,42260.9
1496.767,1498.208,69.0327,10.000,42279.5
1496.768,1498.406,69.0428,10.000,42274.4
1496.768,1498.609,69.0379,10.000,42276.8
1497.267,1498.808,69.0230,10.000,42284.4
1497.268,1499.008,69.0752,10.000,42258.1
1497.767,1499.207,69.0667,10.000,42262.3
1497.768,1499.408,69.0623,10.000,42264.5
1497.768,1499.607,69.0740,10.000,42258.6
1498.267,1499.807,69.0843,10.000,42253.4
1498.268,1500.007,69.0996,10.000,42245.7
1498.767,1500.206,69.0905,10.000,42250.2
1498.768,1500.406,69.1064,10.000,42242.1
1498.768,1500.607,69.1011,10.000,42244.9
1499.267,1500.807,69.1103,10.000,42240.2
1499.268,1501.007,69.1035,10.000,42243.6
1499.767,1501.206,69.1240,10.000,42233.3
1499.768,1501.406,69.1203,10.000,42235.1
1499.768,1501.606,69.1445,10.000,42222.8
1500.267,1501.806,69.1297,10.000,42230.4
1500.268,1502.005,69.1489,10.000,42220.7
1500.766,1502.205,69.1382,10.000,42226.1
1500.767,1502.406,69.1613,10.000,42214.4
1500.767,1502.606,69.1680,10.000,42211.0
1501.266,1502.806,69.1696,10.000,42210.2
1501.267,1503.004,69.1733,10.000,42208.2
1501.767,1503.204,69.1815,10.000,42204.2
1501.767,1503.404,69.1916,10.000,42199.1
1501.767,1503.605,69.1865,10.000,42201.6
1502.267,1503.805,69.2004,10.000,42194.6
1502.267,1504.003,69.1921,10.000,42198.8
1502.767,1504.204,69.2054,10.000,42192.1
1502.767,1504.404,69.1963,10.000,42196.7
1502.767,1504.603,69.2080,10.000,42190.7
1503.267,1504.804,69.2319,10.000,42178.6
1503.268,1505.003,69.2233,10.000,42183.0
1503.767,1505.204,69.2144,10.000,42187.5
1503.768,1505.404,69.2451,10.000,42171.9
1503.768,1505.603,69.2290,10.000,42180.1
1504.267,1505.804,69.2381,10.000,42175.5
1504.268,1506.003,69.2585,10.000,42165.2
1504.767,1506.203,69.2519,10.000,42168.5
1504.768,1506.402,69.2671,10.000,42160.8
1504.768,1506.602,69.2627,10.000,42163.1
1505.267,1506.803,69.2856,10.000,42151.4
1505.267,1507.002,69.2822,10.000,42153.1
1505.767,1507.203,69.2956,10.000,42146.4
1505.767,1507.402,69.2861,10.000,42151.1
1505.768,1507.602,69.2988,10.000,42144.7
1506.267,1507.802,69.2912,10.000,42148.6
1506.267,1508.001,69.3115,10.000,42138.2
1506.767,1508.202,69.3034,10.000,42142.4
1506.767,1508.402,69.3291,10.000,42129.4
1506.767,1508.602,69.3192,10.000,42134.4
1507.267,1508.802,69.3288,10.000,42129.5
1507.268,1509.001,69.3324,10.000,42127.7
1507.767,1509.201,69.3439,10.000,42121.9
1507.768,1509.400,69.3498,10.000,42118.9
1507.768,1509.600,69.3577,10.000,42114.8
1508.267,1509.801,69.3892,10.000,42099.0
1508.268,1510.000,69.3682,10.000,42109.5
1508.767,1510.201,69.3794,10.000,42103.9
1508.768,1510.398,69.3913,10.000,42097.8
1508.768,1510.600,69.3952,10.000,42095.9
1509.267,1510.800,69.3939,10.000,42096.5
1509.267,1511.000,69.3921,10.000,42097.4
1509.767,1511.199,69.3957,10.000,42095.6
1509.768,1511.398,69.4014,10.000,42092.7
1509.768,1511.600,69.4206,10.000,42083.0
1510.267,1511.800,69.4281,10.000,42079.2
1510.267,1511.999,69.4250,10.000,42080.8
1510.767,1512.197,69.4390,10.000,42073.7
1510.767,1512.400,69.4372,10.000,42074.5
1510.768,1512.600,69.4468,10.000,42069.7
1511.267,1512.799,69.4521,10.000,42067.0
1511.267,1512.998,69.4434,10.000,42071.4
1511.767,1513.199,69.4530,10.000,42066.6
1511.767,1513.398,69.4722,10.000,42056.8
1511.768,1513.600,69.4617,10.000,42062.1
1512.266,1513.798,69.4847,10.000,42050.5
1512.266,1513.998,69.4844,10.000,42050.7
1512.766,1514.197,69.4814,10.000,42052.2
1512.767,1514.396,69.4958,10.000,42044.8
1512.767,1514.598,69.5064,10.000,42039.5
1513.266,1514.798,69.4893,10.000,42048.1
1513.267,1514.997,69.5088,10.000,42038.3
1513.766,1515.195,69.5189,10.000,42033.2
1513.767,1515.396,69.5244,10.000,42030.4
1513.767,1515.598,69.5249,10.000,42030.2
1514.266,1515.796,69.5288,10.000,42028.1
1514.266,1515.996,69.5436,10.000,42020.6
1514.766,1516.197,69.5505,10.000,42017.1
1514.767,1516.396,69.5412,10.000,42021.8
1514.767,1516.598,69.5632,10.000,42010.7
1515.266,1516.795,69.5633,10.000,42010.7
1515.266,1516.996,69.5815,10.000,42001.4
1515.766,1517.195,69.5583,10.000,42013.1
1515.767,1517.394,69.5810,10.000,42001.7
1515.767,1517.596,69.5840,10.000,42000.2
1516.266,1517.794,69.5815,10.000,42001.4
1516.266,1517.996,69.5920,10.000,41996.1
1516.766,1518.193,69.5986,10.000,41992.7
1516.766,1518.394,69.6032,10.000,41990.4
1516.767,1518.595,69.6121,10.000,41985.8
1517.267,1518.795,69.6105,10.000,41986.7
1517.267,1518.994,69.6092,10.000,41987.4
1517.767,1519.193,69.6357,10.000,41973.9
1517.768,1519.394,69.6167,10.000,41983.6
1517.768,1519.595,69.6336,10.000,41975.0
1518.267,1519.794,69.6357,10.000,41973.9
1518.268,1519.993,69.6427,10.000,41970.3
1518.767,1520.193,69.6375,10.000,41973.1
1518.768,1520.394,69.6636,10.000,41959.8
1518.768,1520.594,69.6540,10.000,41964.7
1519.267,1520.793,69.6854,10.000,41948.7
1519.267,1520.994,69.6632,10.000,41960.0
1519.767,1521.191,69.6395,10.000,41972.0
1519.767,1521.392,69.6719,10.000,41955.6
1519.768,1521.593,69.6882,10.000,41947.3
1520.267,1521.792,69.6860,10.000,41948.3
1520.267,1521.993,69.7028,10.000,41939.9
1520.767,1522.191,69.7041,10.000,41939.2
1520.768,1522.392,69.6963,10.000,41943.2
1520.768,1522.593,69.7119,10.000,41935.2
1521.267,1522.793,69.7233,10.000,41929.5
1521.268,1522.990,69.7113,10.000,41935.6
1521.767,1523.191,69.7025,10.000,41940.0
1521.768,1523.392,69.7285,10.000,41926.8
1521.768,1523.593,69.7360,10.000,41923.0
1522.267,1523.791,69.7313,10.000,41925.5
1522.268,1523.990,69.7432,10.000,41919.4
1522.767,1524.191,69.7558,10.000,41913.0
1522.767,1524.391,69.7456,10.000,41918.1
1522.768,1524.591,69.7534,10.000,41914.2
1523.267,1524.790,69.7733,10.000,41904.1
1523.267,1524.990,69.7798,10.000,41900.7
1523.767,1525.190,69.7749,10.000,41903.3
1523.768,1525.391,69.7856,10.000,41897.8
1523.768,1525.591,69.7873,10.000,41897.0
1524.267,1525.791,69.7826,10.000,41899.5
1524.267,1525.988,69.8019,10.000,41889.6
1524.767,1526.189,69.8074,10.000,41886.8
1524.767,1526.391,69.7975,10.000,41891.8
1524.768,1526.589,69.8044,10.000,41888.3
1525.267,1526.789,69.8091,10.000,41886.0
1525.267,1526.988,69.8296,10.000,41875.5
1525.767,1527.190,69.8340,10.000,41873.4
1525.768,1527.390,69.8330,10.000,41873.8
1525.768,1527.588,69.8312,10.000,41874.7
1526.267,1527.789,69.8283,10.000,41876.2
1526.267,1527.988,69.8496,10.000,41865.3
1526.767,1528.188,69.8573,10.000,41861.5
1526.767,1528.389,69.8530,10.000,41863.6
1526.768,1528.587,69.8975,10.000,41841.1
1527.267,1528.789,69.8719,10.000,41854.1
1527.267,1528.988,69.8820,10.000,41849.0
1527.767,1529.187,69.8794,10.000,41850.2
1527.768,1529.388,69.8906,10.000,41844.5
1527.768,1529.587,69.8867,10.000,41846.5
1528.267,1529.788,69.8841,10.000,41847.8
1528.267,1529.988,69.8905,10.000,41844.6
1528.767,1530.187,69.9144,10.000,41832.5
1528.768,1530.388,69.9131,10.000,41833.1
1528.768,1530.586,69.9062,10.000,41836.6
1529.267,1530.787,69.9751,10.000,41801.6
1529.268,1530.986,69.9224,10.000,41828.4
1529.767,1531.186,69.9180,10.000,41830.8
1529.768,1531.387,69.9098,10.000,41834.8
1529.768,1531.586,69.9284,10.000,41825.3
1530.267,1531.787,69.9709,10.000,41803.8
1530.267,1531.986,69.9421,10.000,41818.5
1530.767,1532.185,69.9421,10.000,41818.5
1530.768,1532.386,69.9606,10.000,41809.0
1530.768,1532.585,69.9647,10.000,41807.0
1531.267,1532.786,69.9634,10.000,41807.6
1531.267,1532.986,69.9754,10.000,41801.6
1531.767,1533.185,69.9881,10.000,41795.1
1531.767,1533.386,69.9784,10.000,41800.0
1531.768,1533.585,69.9920,10.000,41793.1
1532.267,1533.785,69.9912,10.000,41793.4
1532.267,1533.984,70.0010,10.000,41788.5
1532.767,1534.184,69.9951,10.000,41791.5
1532.767,1534.385,70.0259,10.000,41775.9
1532.767,1534.584,69.9974,10.000,41790.4
1533.267,1534.785,70.0256,10.000,41776.1
1533.267,1534.982,70.0286,10.000,41774.5
1533.767,1535.184,70.0256,10.000,41776.0
1533.767,1535.384,70.0425,10.000,41767.5
1533.768,1535.584,70.0415,10.000,41767.9
1534.267,1535.783,70.0519,10.000,41762.6
1534.267,1535.982,70.0311,10.000,41773.2
1534.767,1536.184,70.0485,10.000,41764.4
1534.767,1536.384,70.0485,10.000,41764.4
1534.767,1536.584,70.0516,10.000,41762.8
1535.267,1536.783,70.0666,10.000,41755.2
1535.267,1536.982,70.0697,10.000,41753.6
1535.767,1537.182,70.0599,10.000,41758.6
1535.767,1537.383,70.0713,10.000,41752.8
1535.767,1537.583,70.0822,10.000,41747.2
1536.266,1537.783,70.0866,10.000,41745.0
1536.267,1537.982,70.0810,10.000,41747.9
1536.767,1538.182,70.0950,10.000,41740.8
1536.768,1538.382,70.0895,10.000,41743.5
1536.768,1538.582,70.1108,10.000,41732.7
1537.267,1538.781,70.1084,10.000,41734.0
1537.267,1538.980,70.1167,10.000,41729.8
1537.767,1539.182,70.1105,10.000,41732.9
1537.768,1539.383,70.1255,10.000,41725.2
1537.768,1539.581,70.1284,10.000,41723.7
1538.267,1539.779,70.1768,10.000,41699.2
1538.267,1539.982,70.1408,10.000,41717.5
1538.767,1540.182,70.1366,10.000,41719.6
1538.767,1540.380,70.1598,10.000,41707.8
1538.767,1540.580,70.1520,10.000,41711.8
1539.267,1540.781,70.1546,10.000,41710.5
1539.267,1540.980,70.1681,10.000,41703.6
1539.767,1541.182,70.1698,10.000,41702.7
1539.767,1541.379,70.1357,10.000,41720.1
1539.768,1541.580,70.1805,10.000,41697.3
1540.267,1541.779,70.1798,10.000,41697.6
1540.267,1541.978,70.1857,10.000,41694.6
1540.767,1542.180,70.2386,10.000,41667.8
1540.767,1542.378,70.2017,10.000,41686.6
1540.768,1542.580,70.1856,10.000,41694.7
1541.267,1542.779,70.2048,10.000,41685.0
1541.267,1542.978,70.1992,10.000,41687.7
1541.767,1543.179,70.2142,10.000,41680.2
1541.767,1543.378,70.2095,10.000,41682.6
1541.768,1543.579,70.2231,10.000,41675.6
1542.267,1543.779,70.2266,10.000,41673.9
1542.267,1543.978,70.2596,10.000,41657.1
1542.767,1544.179,70.2318,10.000,41671.2
1542.767,1544.378,70.2186,10.000,41677.9
1542.768,1544.578,70.2440,10.000,41665.0
1543.267,1544.777,70.2524,10.000,41660.8
1543.267,1544.976,70.2546,10.000,41659.6
1543.767,1545.178,70.2563,10.000,41658.8
1543.768,1545.378,70.2542,10.000,41659.8
1543.768,1545.578,70.2635,10.000,41655.1
1544.267,1545.775,70.2739,10.000,41649.8
1544.267,1545.976,70.2651,10.000,41654.2
1544.268,1546.177,70.2847,10.000,41644.3
1544.767,1546.377,70.2656,10.000,41654.1
1544.767,1546.577,70.2840,10.000,41644.7
1545.267,1546.775,70.2780,10.000,41647.8
1545.267,1546.976,70.2905,10.000,41641.4
1545.267,1547.177,70.3193,10.000,41626.7
1545.767,1547.377,70.3027,10.000,41635.2
1545.767,1547.576,70.3294,10.000,41621.6
1546.267,1547.775,70.3016,10.000,41635.8
1546.268,1547.975,70.3097,10.000,41631.6
1546.268,1548.176,70.3164,10.000,41628.2
1546.767,1548.376,70.3110,10.000,41631.0
1546.768,1548.576,70.3110,10.000,41630.9
1547.267,1548.774,70.3268,10.000,41622.9
1547.267,1548.974,70.3301,10.000,41621.3
1547.268,1549.175,70.3394,10.000,41616.5
1547.767,1549.375,70.3359,10.000,41618.2
1547.767,1549.574,70.3367,10.000,41617.9
1548.267,1549.774,70.3367,10.000,41617.9
1548.267,1549.974,70.3447,10.000,41613.9
1548.268,1550.175,70.3468,10.000,41612.7
1548.767,1550.375,70.3252,10.000,41623.8
1548.768,1550.572,70.3579,10.000,41607.1
1549.267,1550.773,70.4023,10.000,41584.5
1549.267,1550.974,70.3745,10.000,41598.6
1549.268,1551.174,70.3350,10.000,41618.7
1549.767,1551.373,70.3669,10.000,41602.6
1549.768,1551.572,70.3903,10.000,41590.6
1550.267,1551.774,70.3833,10.000,41594.2
1550.267,1551.974,70.3947,10.000,41588.3
1550.268,1552.173,70.3895,10.000,41591.1
1550.767,1552.372,70.3989,10.000,41586.2
1550.767,1552.572,70.4027,10.000,41584.3
1551.267,1552.772,70.3808,10.000,41595.4
1551.268,1552.973,70.4092,10.000,41581.0
1551.268,1553.171,70.4129,10.000,41579.1
1551.767,1553.373,70.4255,10.000,41572.7
1551.767,1553.570,70.4320,10.000,41569.5
1552.267,1553.771,70.4307,10.000,41570.1
1552.267,1553.972,70.4421,10.000,41564.3
1552.268,1554.172,70.4341,10.000,41568.4
1552.767,1554.371,70.4653,10.000,41552.4
1552.768,1554.570,70.4567,10.000,41556.8
1553.267,1554.772,70.4487,10.000,41561.0
1553.267,1554.973,70.4655,10.000,41552.4
1553.268,1555.170,70.4707,10.000,41549.7
1553.767,1555.370,70.4748,10.000,41547.7
1553.768,1555.570,70.4603,10.000,41555.1
1554.267,1555.770,70.4780,10.000,41545.9
1554.267,1555.971,70.4777,10.000,41546.2
1554.267,1556.169,70.4798,10.000,41545.1
1554.767,1556.371,70.4907,10.000,41539.6
1554.767,1556.568,70.5210,10.000,41524.2
1555.267,1556.769,70.5010,10.000,41534.4
1555.267,1556.970,70.4946,10.000,41537.5
1555.267,1557.170,70.5083,10.000,41530.6
1555.767,1557.369,70.5096,10.000,41529.9
1555.768,1557.568,70.5099,10.000,41529.7
1556.267,1557.769,70.5155,10.000,41527.0
1556.267,1557.970,70.5360,10.000,41516.6
1556.268,1558.169,70.5356,10.000,41516.7
1556.767,1558.368,70.5337,10.000,41517.7
1556.767,1558.568,70.5342,10.000,41517.4
1557.267,1558.769,70.5330,10.000,41518.0
1557.267,1558.969,70.5395,10.000,41514.8
1557.268,1559.168,70.5506,10.000,41509.0
1557.767,1559.369,70.5638,10.000,41502.4
1557.767,1559.568,70.5658,10.000,41501.4
1558.267,1559.768,70.5651,10.000,41501.7
1558.267,1559.968,70.5723,10.000,41498.1
1558.267,1560.168,70.5732,10.000,41497.6
1558.767,1560.368,70.5791,10.000,41494.6
1558.767,1560.566,70.5667,10.000,41500.9
1559.267,1560.768,70.5936,10.000,41487.2
1559.267,1560.968,70.5872,10.000,41490.4
1559.268,1561.168,70.5957,10.000,41486.2
1559.767,1561.365,70.5998,10.000,41484.1
1559.767,1561.566,70.6007,10.000,41483.5
1560.267,1561.766,70.5933,10.000,41487.4
1560.267,1561.968,70.6055,10.000,41481.2
1560.267,1562.167,70.6071,10.000,41480.4
1560.767,1562.365,70.6121,10.000,41477.8
1560.767,1562.566,70.6182,10.000,41474.7
1561.267,1562.766,70.6475,10.000,41459.8
1561.267,1562.967,70.6390,10.000,41464.1
1561.268,1563.165,70.6421,10.000,41462.6
1561.767,1563.365,70.6354,10.000,41466.0
1561.767,1563.566,70.6440,10.000,41461.5
1562.267,1563.766,70.6704,10.000,41448.0
1562.267,1563.966,70.6623,10.000,41452.2
1562.267,1564.165,70.6658,10.000,41450.4
1562.767,1564.365,70.6530,10.000,41457.0
1562.767,1564.564,70.6746,10.000,41445.9
1563.267,1564.766,70.6658,10.000,41450.5
1563.267,1564.965,70.6790,10.000,41443.7
1563.268,1565.165,70.6753,10.000,41445.7
1563.767,1565.363,70.6854,10.000,41440.5
1563.767,1565.564,70.6789,10.000,41443.8
1564.267,1565.766,70.6971,10.000,41434.6
1564.267,1565.964,70.6922,10.000,41437.1
1564.267,1566.163,70.7020,10.000,41432.1
1564.767,1566.363,70.6992,10.000,41433.5
1564.767,1566.562,70.7074,10.000,41429.3
1565.267,1566.766,70.6903,10.000,41438.0
1565.267,1566.962,70.7117,10.000,41427.1
1565.268,1567.163,70.7441,10.000,41410.6
1565.767,1567.361,70.7334,10.000,41416.0
1565.767,1567.564,70.7218,10.000,41421.8
1566.267,1567.763,70.7235,10.000,41421.0
1566.267,1567.962,70.7354,10.000,41415.0
1566.268,1568.162,70.7399,10.000,41412.7
1566.767,1568.363,70.7233,10.000,41421.2
1566.767,1568.562,70.7544,10.000,41405.4
1567.267,1568.763,70.7599,10.000,41402.6
1567.267,1568.961,70.7568,10.000,41404.1
1567.267,1569.162,70.7500,10.000,41407.7
1567.767,1569.361,70.7559,10.000,41404.6
1567.767,1569.560,70.7852,10.000,41389.7
1568.267,1569.762,70.7759,10.000,41394.4
1568.267,1569.962,70.7788,10.000,41392.9
1568.268,1570.162,70.7710,10.000,41396.9
1568.767,1570.359,70.7881,10.000,41388.2
1568.768,1570.560,70.7847,10.000,41390.0
1569.267,1570.762,70.7896,10.000,41387.5
1569.267,1570.961,70.7933,10.000,41385.6
1569.267,1571.160,70.8091,10.000,41377.5
1569.767,1571.359,70.7939,10.000,41385.1
1569.767,1571.560,70.8016,10.000,41381.3
1570.267,1571.762,70.8174,10.000,41373.2
1570.267,1571.960,70.8182,10.000,41372.9
1570.268,1572.158,70.8115,10.000,41376.2
1570.767,1572.361,70.8304,10.000,41366.6
1570.767,1572.559,70.8231,10.000,41370.4
1571.267,1572.760,70.8276,10.000,41368.1
1571.267,1572.960,70.8397,10.000,41361.9
1571.268,1573.160,70.8438,10.000,41359.8
1571.767,1573.357,70.8400,10.000,41361.7
1571.767,1573.558,70.8424,10.000,41360.6
1572.267,1573.760,70.8534,10.000,41355.0
1572.267,1573.959,70.8542,10.000,41354.5
1572.267,1574.158,70.8589,10.000,41352.1
1572.767,1574.357,70.8613,10.000,41350.8
1572.767,1574.559,70.8696,10.000,41346.6
1573.267,1574.760,70.8732,10.000,41344.8
1573.267,1574.958,70.8677,10.000,41347.6
1573.268,1575.156,70.8779,10.000,41342.4
1573.767,1575.359,70.8927,10.000,41334.9
1573.767,1575.557,70.8828,10.000,41339.9
1574.267,1575.758,70.8914,10.000,41335.6
1574.267,1575.957,70.8968,10.000,41332.8
1574.268,1576.158,70.9038,10.000,41329.2
1574.767,1576.357,70.9128,10.000,41324.7
1574.768,1576.557,70.9201,10.000,41321.0
1575.267,1576.757,70.9289,10.000,41316.5
1575.267,1576.957,70.9248,10.000,41318.6
1575.267,1577.156,70.9242,10.000,41318.9
1575.767,1577.356,70.9302,10.000,41315.8
1575.767,1577.557,70.9312,10.000,41315.2
1576.267,1577.757,70.9378,10.000,41311.9
1576.267,1577.957,70.9305,10.000,41315.7
1576.267,1578.154,70.9528,10.000,41304.3
1576.767,1578.355,70.9536,10.000,41303.8
1576.768,1578.556,70.9214,10.000,41320.2
1577.267,1578.756,70.9468,10.000,41307.4
1577.267,1578.956,70.9600,10.000,41300.6
1577.268,1579.154,70.9582,10.000,41301.6
1577.767,1579.355,70.9743,10.000,41293.3
1577.767,1579.556,70.9762,10.000,41292.4
1578.267,1579.755,70.9800,10.000,41290.5
1578.267,1579.954,70.9712,10.000,41295.0
1578.267,1580.154,70.9712,10.000,41295.0
1578.767,1580.355,70.9805,10.000,41290.3
1578.768,1580.556,70.9814,10.000,41289.7
1579.267,1580.753,70.9964,10.000,41282.1
1579.267,1580.954,70.9956,10.000,41282.6
1579.268,1581.154,71.0075,10.000,41276.4
1579.767,1581.353,70.9980,10.000,41281.2
1579.767,1581.554,71.0338,10.000,41263.0
1580.267,1581.753,70.9964,10.000,41282.1
1580.268,1581.954,70.9780,10.000,41291.5
1580.268,1582.152,71.0203,10.000,41269.9
1580.767,1582.353,71.0122,10.000,41274.0
1580.767,1582.554,71.0195,10.000,41270.3
1581.267,1582.754,71.0277,10.000,41266.2
1581.267,1582.953,71.0288,10.000,41265.5
1581.268,1583.152,71.0405,10.000,41259.6
1581.767,1583.352,71.0483,10.000,41255.7
1581.767,1583.554,71.0495,10.000,41255.0
1582.267,1583.753,71.0454,10.000,41257.2
1582.267,1583.952,71.0661,10.000,41246.6
1582.268,1584.150,71.0532,10.000,41253.1
1582.767,1584.353,71.0557,10.000,41251.9
1582.768,1584.553,71.0503,10.000,41254.7
1583.267,1584.751,71.0863,10.000,41236.3
1583.267,1584.951,71.0692,10.000,41245.0
1583.268,1585.152,71.0586,10.000,41250.4
1583.767,1585.352,70.9840,10.000,41288.4
1583.767,1585.552,71.0596,10.000,41249.8
1584.267,1585.751,71.0630,10.000,41248.2
1584.267,1585.951,71.0864,10.000,41236.3
1584.268,1586.150,71.0723,10.000,41243.5
1584.767,1586.350,71.0731,10.000,41243.1
1584.768,1586.552,71.0941,10.000,41232.3
1585.267,1586.751,71.0863,10.000,41236.3
1585.267,1586.949,71.0889,10.000,41235.0
1585.268,1587.148,71.1014,10.000,41228.6
1585.767,1587.350,71.1200,10.000,41219.1
1585.768,1587.551,71.1011,10.000,41228.7
1586.267,1587.750,71.1084,10.000,41225.0
1586.267,1587.949,71.1089,10.000,41224.7
1586.268,1588.148,71.1055,10.000,41226.4
1586.767,1588.350,71.1191,10.000,41219.5
1586.767,1588.550,71.1069,10.000,41225.7
1587.267,1588.749,71.1214,10.000,41218.4
1587.267,1588.947,71.1177,10.000,41220.3
1587.268,1589.150,71.1377,10.000,41210.1
1587.767,1589.350,71.1328,10.000,41212.5
1587.768,1589.549,71.1413,10.000,41208.2
1588.267,1589.748,71.1514,10.000,41203.1
1588.267,1589.949,71.1460,10.000,41205.8
1588.267,1590.148,71.1468,10.000,41205.5
1588.767,1590.350,71.1466,10.000,41205.5
1588.768,1590.548,71.1885,10.000,41184.2
1589.267,1590.748,71.1551,10.000,41201.2
1589.267,1590.947,71.1356,10.000,41211.2
1589.267,1591.146,71.1496,10.000,41204.0
1589.767,1591.350,71.1724,10.000,41192.4
1589.768,1591.547,71.1785,10.000,41189.2
1590.267,1591.747,71.1867,10.000,41185.1
1590.268,1591.945,71.1777,10.000,41189.6
1590.268,1592.148,71.1934,10.000,41181.7
1590.767,1592.348,71.1899,10.000,41183.5
1590.767,1592.546,71.2056,10.000,41175.4
1591.267,1592.746,71.2007,10.000,41177.9
1591.267,1592.947,71.1551,10.000,41201.2
1591.268,1593.146,71.1925,10.000,41182.1
1591.767,1593.348,71.2080,10.000,41174.2
1591.767,1593.545,71.2127,10.000,41171.9
1592.267,1593.746,71.2085,10.000,41173.9
1592.268,1593.945,71.2222,10.000,41167.0
1592.268,1594.144,71.2166,10.000,41169.8
1592.767,1594.348,71.2282,10.000,41164.0
1592.767,1594.545,71.2192,10.000,41168.4
1593.267,1594.745,71.2282,10.000,41163.9
1593.267,1594.943,71.2327,10.000,41161.6
1593.267,1595.146,71.2428,10.000,41156.4
1593.767,1595.345,71.2397,10.000,41158.2
1593.768,1595.544,71.2550,10.000,41150.3
1594.267,1595.744,71.2611,10.000,41147.2
1594.267,1595.945,71.2638,10.000,41145.8
1594.268,1596.144,71.2642,10.000,41145.6
1594.767,1596.345,71.2627,10.000,41146.3
1594.767,1596.544,71.2568,10.000,41149.3
1595.267,1596.744,71.2769,10.000,41139.1
1595.268,1596.943,71.2773,10.000,41138.9
1595.268,1597.143,71.2725,10.000,41141.3
1595.767,1597.345,71.2826,10.000,41136.2
1595.767,1597.544,71.2876,10.000,41133.6
1596.267,1597.743,71.3013,10.000,41126.7
1596.267,1597.941,71.2847,10.000,41135.1
1596.268,1598.142,71.3008,10.000,41127.0
1596.767,1598.344,71.3052,10.000,41124.7
1596.767,1598.543,71.2967,10.000,41129.1
1597.267,1598.742,71.3136,10.000,41120.4
1597.268,1598.941,71.2913,10.000,41131.7
1597.268,1599.142,71.3218,10.000,41116.2
1597.767,1599.343,71.3130,10.000,41120.8
1597.767,1599.543,71.3353,10.000,41109.3
1598.267,1599.740,71.3245,10.000,41114.9
1598.268,1599.941,71.3335,10.000,41110.2
1598.268,1600.141,71.3354,10.000,41109.2
1598.767,1600.343,71.3351,10.000,41109.4
1598.767,1600.542,71.3351,10.000,41109.5
1599.267,1600.740,71.3550,10.000,41099.4
1599.267,1600.941,71.3379,10.000,41108.1
1599.267,1601.141,71.3545,10.000,41099.5
1599.767,1601.342,71.3452,10.000,41104.3
1599.767,1601.541,71.3535,10.000,41100.1
1600.267,1601.740,71.3582,10.000,41097.6
1600.267,1601.940,71.3587,10.000,41097.4
1600.267,1602.141,71.3686,10.000,41092.3
1600.766,1602.342,71.3885,10.000,41082.2
1600.766,1602.540,71.3807,10.000,41086.2
1601.267,1602.738,71.3840,10.000,41084.5
1601.267,1602.941,71.3940,10.000,41079.4
1601.267,1603.141,71.3564,10.000,41098.6
1601.767,1603.339,71.3660,10.000,41093.7
1601.767,1603.539,71.3862,10.000,41083.4
1602.267,1603.740,71.3833,10.000,41084.9
1602.267,1603.939,71.3936,10.000,41079.7
1602.267,1604.140,71.4150,10.000,41068.6
1602.767,1604.339,71.4204,10.000,41065.9
1602.767,1604.539,71.4141,10.000,41069.1
1603.267,1604.738,71.4285,10.000,41061.7
1603.267,1604.938,71.4232,10.000,41064.5
1603.267,1605.140,71.4460,10.000,41052.9
1603.768,1605.338,71.4329,10.000,41059.5
1603.768,1605.538,71.4394,10.000,41056.2
1604.267,1605.736,71.4271,10.000,41062.5
1604.267,1605.939,71.4487,10.000,41051.4
1604.267,1606.138,71.4425,10.000,41054.6
1604.767,1606.337,71.4536,10.000,41049.0
1604.767,1606.537,71.4497,10.000,41050.9
1605.267,1606.738,71.4518,10.000,41049.9
1605.267,1606.937,71.4668,10.000,41042.2
1605.267,1607.138,71.4665,10.000,41042.4
1605.767,1607.338,71.4644,10.000,41043.5
1605.767,1607.537,71.4731,10.000,41039.1
1606.267,1607.736,71.4199,10.000,41066.1
1606.267,1607.936,71.4762,10.000,41037.4
1606.267,1608.138,71.4687,10.000,41041.3
1606.767,1608.337,71.4880,10.000,41031.5
1606.768,1608.536,71.4850,10.000,41033.0
1607.267,1608.734,71.4785,10.000,41036.2
1607.267,1608.937,71.4842,10.000,41033.3
1607.267,1609.137,71.5010,10.000,41024.8
1607.767,1609.335,71.4971,10.000,41026.8
1607.767,1609.535,71.5117,10.000,41019.3
1608.266,1609.736,71.5042,10.000,41023.1
1608.266,1609.935,71.5200,10.000,41015.1
1608.266,1610.136,71.5254,10.000,41012.4
1608.767,1610.335,71.5202,10.000,41015.0
1608.767,1610.535,71.5474,10.000,41001.2
1609.267,1610.734,71.5306,10.000,41009.7
1609.267,1610.934,71.5317,10.000,41009.1
1609.267,1611.136,71.5490,10.000,41000.3
1609.767,1611.335,71.5369,10.000,41006.5
1609.767,1611.533,71.5381,10.000,41005.8
1610.267,1611.732,71.5589,10.000,40995.2
1610.267,1611.934,71.5524,10.000,40998.5
1610.267,1612.135,71.5728,10.000,40988.1
1610.767,1612.333,71.5562,10.000,40996.7
1610.767,1612.533,71.5729,10.000,40988.1
1611.267,1612.732,71.5609,10.000,40994.2
1611.267,1612.934,71.5750,10.000,40987.0
1611.267,1613.134,71.5734,10.000,40987.8
1611.767,1613.333,71.5802,10.000,40984.3
1611.767,1613.533,71.5903,10.000,40979.2
1612.267,1613.732,71.5952,10.000,40976.7
1612.267,1613.932,71.6009,10.000,40973.9
1612.267,1614.133,71.5600,10.000,40994.7
1612.767,1614.333,71.5920,10.000,40978.4
1612.767,1614.533,71.5960,10.000,40976.3
1613.267,1614.732,71.6224,10.000,40962.8
1613.267,1614.932,71.6245,10.000,40961.8
1613.267,1615.133,71.6063,10.000,40971.1
1613.767,1615.331,71.6328,10.000,40957.5
1613.767,1615.531,71.6577,10.000,40944.9
1614.267,1615.730,71.6518,10.000,40947.8
1614.267,1615.932,71.6577,10.000,40944.8
1614.267,1616.133,71.6699,10.000,40938.6
1614.767,1616.331,71.6812,10.000,40932.8
1614.767,1616.529,71.6785,10.000,40934.2
1615.267,1616.732,71.6688,10.000,40939.2
1615.268,1616.932,71.7109,10.000,40917.6
1615.268,1617.130,71.6865,10.000,40930.2
1615.767,1617.330,71.6813,10.000,40932.7
1615.767,1617.531,71.7117,10.000,40917.2
1616.267,1617.730,71.7090,10.000,40918.7
1616.267,1617.932,71.7256,10.000,40910.2
1616.267,1618.129,71.7217,10.000,40912.2
1616.767,1618.330,71.7370,10.000,40904.3
1616.767,1618.529,71.7383,10.000,40903.7
1617.267,1618.728,71.7292,10.000,40908.3
1617.267,1618.932,71.7448,10.000,40900.4
1617.267,1619.128,71.7404,10.000,40902.6
1617.767,1619.329,71.7456,10.000,40900.0
1617.767,1619.527,71.7588,10.000,40893.2
1618.267,1619.730,71.7565,10.000,40894.4
1618.267,1619.929,71.7487,10.000,40898.4
1618.268,1620.128,71.7586,10.000,40893.3
1618.767,1620.329,71.7692,10.000,40887.9
1618.767,1620.529,71.7744,10.000,40885.2
1619.267,1620.728,71.7729,10.000,40886.0
1619.268,1620.929,71.7759,10.000,40884.5
1619.268,1621.129,71.7773,10.000,40883.7
1619.767,1621.328,71.7432,10.000,40901.3
1619.767,1621.527,71.7925,10.000,40876.0
1620.267,1621.726,71.7894,10.000,40877.6
1620.267,1621.929,71.7926,10.000,40875.9
1620.268,1622.128,71.8027,10.000,40870.8
1620.767,1622.327,71.7881,10.000,40878.3
1620.768,1622.525,71.8005,10.000,40871.9
1621.267,1622.726,71.8018,10.000,40871.3
1621.267,1622.928,71.8079,10.000,40868.2
1621.267,1623.127,71.8198,10.000,40862.1
1621.767,1623.326,71.8216,10.000,40861.1
1621.767,1623.525,71.8185,10.000,40862.7
1622.267,1623.726,71.8185,10.000,40862.7
1622.267,1623.928,71.8249,10.000,40859.4
1622.267,1624.127,71.8332,10.000,40855.2
1622.767,1624.324,71.8268,10.000,40858.5
1622.767,1624.525,71.8257,10.000,40859.0
1623.267,1624.726,71.8327,10.000,40855.5
1623.267,1624.927,71.8268,10.000,40858.5
1623.267,1625.125,71.8498,10.000,40846.8
1623.767,1625.324,71.8475,10.000,40847.9
1623.767,1625.524,71.8551,10.000,40844.0
1624.267,1625.724,71.8477,10.000,40847.9
1624.267,1625.926,71.8748,10.000,40834.0
1624.267,1626.124,71.8599,10.000,40841.6
1624.767,1626.324,71.8509,10.000,40846.1
1624.768,1626.524,71.8639,10.000,40839.5
1625.267,1626.724,71.8851,10.000,40828.7
1625.268,1626.925,71.8503,10.000,40846.5
1625.268,1627.124,71.8589,10.000,40842.1
1625.767,1627.322,71.8499,10.000,40846.8
1625.767,1627.523,71.8794,10.000,40831.8
1626.267,1627.724,71.8774,10.000,40832.6
1626.267,1627.925,71.9058,10.000,40818.2
1626.267,1628.123,71.8893,10.000,40826.6
1626.767,1628.322,71.8877,10.000,40827.4
1626.767,1628.523,71.8857,10.000,40828.4
1627.267,1628.724,71.8940,10.000,40824.1
1627.267,1628.922,71.8997,10.000,40821.3
1627.267,1629.122,71.8962,10.000,40823.1
1627.767,1629.322,71.9093,10.000,40816.4
1627.768,1629.523,71.9152,10.000,40813.3
1628.267,1629.724,71.9093,10.000,40816.4
1628.267,1629.921,71.9367,10.000,40802.4
1628.267,1630.122,71.9212,10.000,40810.3
1628.767,1630.322,71.9180,10.000,40812.0
1628.767,1630.521,71.9237,10.000,40809.1
1629.267,1630.722,71.9290,10.000,40806.4
1629.267,1630.921,71.9368,10.000,40802.3
1629.267,1631.122,71.9362,10.000,40802.6
1629.767,1631.320,71.9233,10.000,40809.2
1629.767,1631.521,71.9072,10.000,40817.4
1630.267,1631.722,71.9474,10.000,40796.9
1630.267,1631.921,71.9533,10.000,40793.9
1630.267,1632.120,71.9508,10.000,40795.1
1630.766,1632.320,71.9564,10.000,40792.4
1630.766,1632.521,71.9531,10.000,40793.9
1631.267,1632.722,71.9647,10.000,40788.1
1631.267,1632.919,71.9544,10.000,40793.3
1631.267,1633.120,71.9640,10.000,40788.5
1631.767,1633.320,71.9658,10.000,40787.6
1631.767,1633.519,71.9587,10.000,40791.2
1632.267,1633.720,71.9779,10.000,40781.4
1632.268,1633.919,71.9800,10.000,40780.3
1632.268,1634.120,71.9712,10.000,40784.7
1632.767,1634.318,71.9712,10.000,40784.8
1632.767,1634.519,71.9928,10.000,40773.6
1633.267,1634.720,71.9849,10.000,40777.8
1633.268,1634.920,71.9919,10.000,40774.2
1633.268,1635.118,71.9831,10.000,40778.6
1633.768,1635.318,71.9940,10.000,40773.2
1633.768,1635.519,71.9971,10.000,40771.5
1634.267,1635.720,72.0018,10.000,40769.2
1634.267,1635.918,72.0122,10.000,40763.8
1634.267,1636.118,71.9810,10.000,40779.8
1634.767,1636.318,72.0075,10.000,40766.2
1634.767,1636.518,71.9821,10.000,40779.2
1635.267,1636.718,72.0168,10.000,40761.4
1635.267,1636.917,72.0244,10.000,40757.6
1635.267,1637.118,72.0220,10.000,40758.8
1635.767,1637.316,72.0137,10.000,40763.0
1635.767,1637.518,72.0342,10.000,40752.6
1636.267,1637.718,72.0256,10.000,40757.0
1636.268,1637.918,72.0270,10.000,40756.2
1636.268,1638.115,72.0181,10.000,40760.8
1636.767,1638.316,72.0381,10.000,40750.6
1636.767,1638.516,72.0478,10.000,40745.6
1637.267,1638.718,72.0288,10.000,40755.4
1637.268,1638.916,72.0423,10.000,40748.4
1637.268,1639.115,72.0360,10.000,40751.7
1637.767,1639.316,72.0527,10.000,40743.1
1637.768,1639.516,72.0342,10.000,40752.6
1638.267,1639.717,72.0596,10.000,40739.6
1638.267,1639.915,72.0571,10.000,40740.8
1638.267,1640.115,72.0503,10.000,40744.3
1638.767,1640.314,72.0288,10.000,40755.3
1638.768,1640.516,72.0640,10.000,40737.5
1639.267,1640.717,72.0238,10.000,40757.9
1639.268,1640.915,72.0864,10.000,40725.9
1639.268,1641.113,72.0723,10.000,40733.2
1639.767,1641.314,72.0809,10.000,40728.7
1639.767,1641.516,72.0772,10.000,40730.6
1640.267,1641.715,72.0835,10.000,40727.5
1640.268,1641.914,72.1366,10.000,40700.2
1640.268,1642.113,72.0906,10.000,40723.7
1640.767,1642.314,72.0737,10.000,40732.4
1640.767,1642.516,72.0962,10.000,40720.8
1641.267,1642.714,72.0874,10.000,40725.4
1641.267,1642.913,72.0703,10.000,40734.1
1641.268,1643.113,72.1017,10.000,40718.0
1641.767,1643.314,72.0820,10.000,40728.1
1641.767,1643.516,72.1043,10.000,40716.8
1642.267,1643.712,72.0911,10.000,40723.5
1642.268,1643.913,72.1055,10.000,40716.1
1642.268,1644.111,72.0819,10.000,40728.2
1642.767,1644.314,72.1074,10.000,40715.2
1642.768,1644.514,72.1104,10.000,40713.7
1643.267,1644.712,72.1133,10.000,40712.2
1643.268,1644.912,72.1169,10.000,40710.3
1643.268,1645.113,72.1198,10.000,40708.8
1643.767,1645.312,72.1782,10.000,40679.0
1643.767,1645.513,72.1245,10.000,40706.4
1644.267,1645.711,72.1118,10.000,40712.9
1644.267,1645.912,72.1191,10.000,40709.1
1644.267,1646.111,72.1232,10.000,40707.1
1644.767,1646.310,72.1289,10.000,40704.1
1644.767,1646.513,72.1282,10.000,40704.5
1645.267,1646.712,72.1318,10.000,40702.7
1645.267,1646.911,72.1377,10.000,40699.7
1645.267,1647.109,72.1157,10.000,40711.0
1645.767,1647.312,72.1302,10.000,40703.5
1645.768,1647.512,72.1390,10.000,40699.1
1646.267,1647.710,72.1333,10.000,40701.9
1646.268,1647.910,72.1514,10.000,40692.8
1646.268,1648.111,72.1478,10.000,40694.5
1646.767,1648.310,72.1478,10.000,40694.6
1646.767,1648.511,72.1372,10.000,40699.9
1647.267,1648.711,72.1518,10.000,40692.4
1647.267,1648.910,72.1478,10.000,40694.5
1647.267,1649.109,72.1540,10.000,40691.4
1647.767,1649.309,72.1600,10.000,40688.3
1647.768,1649.511,72.1558,10.000,40690.5
1648.267,1649.709,72.1600,10.000,40688.3
1648.268,1649.908,72.1562,10.000,40690.2
1648.268,1650.107,72.1623,10.000,40687.1
1648.767,1650.310,72.1828,10.000,40676.7
1648.767,1650.509,72.1577,10.000,40689.4
1649.267,1650.708,72.1722,10.000,40682.1
1649.267,1650.908,72.1807,10.000,40677.8
1649.268,1651.109,72.1738,10.000,40681.2
1649.767,1651.308,72.1738,10.000,40681.3
1649.768,1651.509,72.1730,10.000,40681.7
1650.267,1651.708,72.1842,10.000,40675.9
1650.268,1651.908,72.1709,10.000,40682.7
1650.268,1652.107,72.1802,10.000,40678.0
1650.767,1652.307,72.1953,10.000,40670.2
1650.768,1652.508,72.1899,10.000,40673.1
1651.267,1652.708,72.1956,10.000,40670.1
1651.268,1652.906,72.1947,10.000,40670.6
1651.268,1653.107,72.1859,10.000,40675.1
1651.767,1653.307,72.2069,10.000,40664.4
1651.768,1653.508,72.2091,10.000,40663.2
1652.267,1653.706,72.2085,10.000,40663.6
1652.267,1653.906,72.2031,10.000,40666.2
1652.267,1654.106,72.2025,10.000,40666.6
1652.767,1654.307,72.2127,10.000,40661.4
1652.768,1654.507,72.2129,10.000,40661.2
1653.267,1654.706,72.2026,10.000,40666.4
1653.268,1654.904,72.2144,10.000,40660.5
1653.268,1655.107,72.2230,10.000,40656.1
1653.767,1655.306,72.2101,10.000,40662.6
1653.767,1655.505,72.1816,10.000,40677.3
1654.266,1655.706,72.2217,10.000,40656.8
1654.267,1655.906,72.2337,10.000,40650.6
1654.267,1656.105,72.2226,10.000,40656.3
1654.767,1656.306,72.2220,10.000,40656.6
1654.768,1656.505,72.2215,10.000,40656.9
1655.267,1656.705,72.2248,10.000,40655.1
1655.268,1656.904,72.2458,10.000,40644.4
1655.268,1657.104,72.2318,10.000,40651.6
1655.767,1657.306,72.2436,10.000,40645.6
1655.768,1657.503,72.2428,10.000,40645.9
1656.267,1657.704,72.2490,10.000,40642.8
1656.267,1657.902,72.2370,10.000,40648.9
1656.268,1658.105,72.2422,10.000,40646.3
1656.767,1658.305,72.2549,10.000,40639.8
1656.767,1658.503,72.2451,10.000,40644.7
1657.267,1658.703,72.2554,10.000,40639.6
1657.268,1658.902,72.2603,10.000,40637.0
1657.268,1659.104,72.2637,10.000,40635.2
1657.767,1659.305,72.2593,10.000,40637.6
1657.767,1659.503,72.2523,10.000,40641.1
1658.267,1659.702,72.2539,10.000,40640.3
1658.268,1659.902,72.2580,10.000,40638.2
1658.268,1660.103,72.2658,10.000,40634.2
1658.767,1660.303,72.2773,10.000,40628.3
1658.767,1660.502,72.2738,10.000,40630.2
1659.267,1660.703,72.2674,10.000,40633.4
1659.267,1660.902,72.2803,10.000,40626.9
1659.268,1661.102,72.2837,10.000,40625.1
1659.767,1661.302,72.3114,10.000,40610.9
1659.767,1661.502,72.2886,10.000,40622.5
1660.267,1661.702,72.2808,10.000,40626.6
1660.268,1661.902,72.2944,10.000,40619.6
1660.268,1662.102,72.2925,10.000,40620.6
1660.767,1662.302,72.2879,10.000,40622.9
1660.767,1662.502,72.3008,10.000,40616.3
1661.267,1662.701,72.3032,10.000,40615.1
1661.267,1662.900,72.3018,10.000,40615.9
1661.267,1663.100,72.3128,10.000,40610.2
1661.767,1663.302,72.3001,10.000,40616.7
1661.767,1663.500,72.3187,10.000,40607.2
1662.267,1663.699,72.2967,10.000,40618.5
1662.268,1663.898,72.3159,10.000,40608.6
1662.268,1664.102,72.3162,10.000,40608.4
1662.767,1664.301,72.3120,10.000,40610.6
1662.767,1664.499,72.3216,10.000,40605.7
1663.267,1664.699,72.3128,10.000,40610.2
1663.267,1664.900,72.3322,10.000,40600.3
1663.267,1665.100,72.3244,10.000,40604.3
1663.767,1665.300,72.2842,10.000,40624.8
1663.767,1665.499,72.3167,10.000,40608.2
1664.267,1665.699,72.3364,10.000,40598.1
1664.267,1665.898,72.3394,10.000,40596.6
1664.267,1666.100,72.3311,10.000,40600.8
1664.767,1666.299,72.3376,10.000,40597.6
1664.767,1666.499,72.3441,10.000,40594.2
1665.267,1666.697,72.3447,10.000,40593.8
1665.268,1666.898,72.3350,10.000,40598.8
1665.268,1667.100,72.3439,10.000,40594.3
1665.767,1667.297,72.3389,10.000,40596.9
1665.767,1667.497,72.3573,10.000,40587.4
1666.267,1667.697,72.3452,10.000,40593.6
1666.267,1667.898,72.3481,10.000,40592.1
1666.268,1668.100,72.3494,10.000,40591.5
1666.767,1668.296,72.3571,10.000,40587.6
1666.767,1668.497,72.3550,10.000,40588.6
1667.267,1668.697,72.3680,10.000,40582.0
1667.267,1668.896,72.3717,10.000,40580.0
1667.268,1669.098,72.3563,10.000,40587.9
1667.767,1669.296,72.3660,10.000,40582.9
1667.767,1669.497,72.3584,10.000,40586.9
1668.267,1669.697,72.3797,10.000,40576.0
1668.267,1669.896,72.3742,10.000,40578.8
1668.268,1670.098,72.3706,10.000,40580.6
1668.767,1670.296,72.3696,10.000,40581.1
1668.767,1670.495,72.3760,10.000,40577.9
1669.267,1670.695,72.3869,10.000,40572.3
1669.268,1670.894,72.3828,10.000,40574.4
1669.268,1671.098,72.3869,10.000,40572.2
1669.767,1671.294,72.3903,10.000,40570.6
1669.768,1671.495,72.3841,10.000,40573.7
1670.267,1671.693,72.3799,10.000,40575.9
1670.267,1671.896,72.3965,10.000,40567.4
1670.267,1672.095,72.3922,10.000,40569.5
1670.767,1672.294,72.3929,10.000,40569.3
1670.767,1672.495,72.4033,10.000,40563.9
1671.267,1672.695,72.4023,10.000,40564.4
1671.268,1672.894,72.3768,10.000,40577.5
1671.268,1673.095,72.3958,10.000,40567.8
1671.767,1673.294,72.4041,10.000,40563.5
1671.767,1673.494,72.4102,10.000,40560.4
1672.267,1673.693,72.4023,10.000,40564.4
1672.268,1673.893,72.4170,10.000,40556.9
1672.268,1674.095,72.4131,10.000,40558.9
1672.767,1674.294,72.4238,10.000,40553.4
1672.767,1674.493,72.4261,10.000,40552.3
1673.267,1674.691,72.4255,10.000,40552.6
1673.268,1674.894,72.4165,10.000,40557.2
1673.268,1675.094,72.4315,10.000,40549.6
1673.767,1675.292,72.4268,10.000,40551.9
1673.767,1675.492,72.3966,10.000,40567.3
1674.267,1675.693,72.4272,10.000,40551.8
1674.267,1675.893,72.4679,10.000,40530.8
1674.267,1676.094,72.4062,10.000,40562.4
1674.767,1676.292,72.4368,10.000,40546.8
1674.768,1676.490,72.4370,10.000,40546.7
1675.267,1676.693,72.4481,10.000,40541.1
1675.268,1676.892,72.4434,10.000,40543.4
1675.268,1677.092,72.4479,10.000,40541.1
1675.767,1677.291,72.4411,10.000,40544.6
1675.767,1677.492,72.4458,10.000,40542.2
1676.267,1677.691,72.4421,10.000,40544.1
1676.268,1677.891,72.4585,10.000,40535.6
1676.268,1678.091,72.4385,10.000,40546.0
1676.767,1678.291,72.4507,10.000,40539.7
1676.767,1678.490,72.4518,10.000,40539.0
1677.267,1678.690,72.4656,10.000,40532.0
1677.267,1678.891,72.4600,10.000,40535.0
1677.268,1679.092,72.4438,10.000,40543.3
1677.767,1679.290,72.4639,10.000,40533.0
1677.767,1679.488,72.4639,10.000,40532.9
1678.267,1679.691,72.4694,10.000,40530.1
1678.267,1679.891,72.4723,10.000,40528.6
1678.268,1680.089,72.4621,10.000,40533.9
1678.767,1680.289,72.4696,10.000,40530.1
1678.768,1680.488,72.4600,10.000,40534.9
1679.267,1680.690,72.4762,10.000,40526.7
1679.268,1680.891,72.4705,10.000,40529.6
1679.268,1681.088,72.4710,10.000,40529.3
1679.767,1681.288,72.4743,10.000,40527.6
1679.768,1681.488,72.4824,10.000,40523.5
1680.267,1681.689,72.4842,10.000,40522.5
1680.268,1681.890,72.4860,10.000,40521.7
1680.268,1682.087,72.4784,10.000,40525.6
1680.767,1682.288,72.4897,10.000,40519.8
1680.768,1682.486,72.5176,10.000,40505.5
1681.267,1682.689,72.4897,10.000,40519.6
1681.267,1682.889,72.4875,10.000,40520.9
1681.268,1683.087,72.4956,10.000,40516.7
1681.767,1683.287,72.4990,10.000,40515.0
1681.768,1683.486,72.4946,10.000,40517.2
1682.267,1683.688,72.4924,10.000,40518.4
1682.268,1683.889,72.4917,10.000,40518.7
1682.268,1684.086,72.5171,10.000,40505.7
1682.767,1684.286,72.5044,10.000,40512.2
1682.768,1684.486,72.5088,10.000,40510.0
1683.267,1684.687,72.5106,10.000,40509.1
1683.267,1684.888,72.5098,10.000,40509.5
1683.268,1685.086,72.4757,10.000,40526.9
1683.767,1685.286,72.5182,10.000,40505.2
1683.768,1685.486,72.5254,10.000,40501.5
1684.267,1685.686,72.5138,10.000,40507.4
1684.268,1685.886,72.5254,10.000,40501.4
1684.268,1686.085,72.5335,10.000,40497.3
1684.767,1686.285,72.5102,10.000,40509.3
1684.767,1686.486,72.5171,10.000,40505.7
1685.267,1686.686,72.5293,10.000,40499.4
1685.267,1686.886,72.5356,10.000,40496.3
1685.267,1687.085,72.5434,10.000,40492.2
1685.767,1687.283,72.5182,10.000,40505.2
1685.768,1687.486,72.5389,10.000,40494.6
1686.267,1687.685,72.5352,10.000,40496.4
1686.267,1687.885,72.5378,10.000,40495.2
1686.268,1688.084,72.5396,10.000,40494.2
1686.767,1688.285,72.5378,10.000,40495.1
1686.768,1688.482,72.5391,10.000,40494.4
1687.267,1688.684,72.5557,10.000,40486.1
1687.268,1688.884,72.5503,10.000,40488.8
1687.268,1689.084,72.5410,10.000,40493.5
1687.767,1689.283,72.5534,10.000,40487.1
1687.768,1689.482,72.5552,10.000,40486.3
1688.267,1689.684,72.5503,10.000,40488.7
1688.268,1689.884,72.5576,10.000,40485.1
1688.268,1690.083,72.5391,10.000,40494.6
1688.767,1690.281,72.5727,10.000,40477.3
1688.768,1690.484,72.5684,10.000,40479.5
1689.267,1690.684,72.5659,10.000,40480.8
1689.268,1690.883,72.5563,10.000,40485.7
1689.268,1691.082,72.5723,10.000,40477.5
1689.767,1691.281,72.5669,10.000,40480.2
1689.767,1691.482,72.5677,10.000,40479.9
1690.267,1691.684,72.5754,10.000,40475.9
1690.268,1691.882,72.5706,10.000,40478.4
1690.268,1692.081,72.5822,10.000,40472.5
1690.767,1692.281,72.5700,10.000,40478.7
1690.767,1692.480,72.5721,10.000,40477.7
1691.267,1692.682,72.5719,10.000,40477.7
1691.268,1692.882,72.5851,10.000,40470.9
1691.268,1693.082,72.5915,10.000,40467.7
1691.767,1693.279,72.5812,10.000,40473.0
1691.768,1693.480,72.5949,10.000,40465.9
1692.267,1693.682,72.5879,10.000,40469.6
1692.268,1693.881,72.5894,10.000,40468.8
1692.268,1694.080,72.6022,10.000,40462.3
1692.767,1694.279,72.6304,10.000,40447.7
1692.768,1694.480,72.5900,10.000,40468.5
1693.267,1694.682,72.6050,10.000,40460.9
1693.268,1694.879,72.5737,10.000,40476.8
1693.268,1695.079,72.6090,10.000,40458.7
1693.767,1695.279,72.6069,10.000,40459.8
1693.767,1695.480,72.6090,10.000,40458.8
1694.267,1695.682,72.6089,10.000,40458.8
1694.267,1695.878,72.6201,10.000,40453.1
1694.267,1696.079,72.6240,10.000,40451.1
1694.767,1696.279,72.6261,10.000,40450.0
1694.767,1696.478,72.6245,10.000,40450.7
1695.267,1696.679,72.6245,10.000,40450.7
1695.268,1696.878,72.6292,10.000,40448.4
1695.268,1697.079,72.6266,10.000,40449.7
1695.769,1697.277,72.6292,10.000,40448.4
1695.769,1697.478,72.6328,10.000,40446.5
1695.769,1697.679,72.6372,10.000,40444.3
1696.268,1697.879,72.6340,10.000,40446.0
1696.268,1698.077,72.6273,10.000,40449.4
1696.768,1698.277,72.6772,10.000,40423.8
1696.768,1698.476,72.6291,10.000,40448.4
1696.768,1698.679,72.6442,10.000,40440.7
1697.268,1698.877,72.6385,10.000,40443.6
1697.268,1699.077,72.6448,10.000,40440.4
1697.768,1699.275,72.6509,10.000,40437.3
1697.768,1699.478,72.6506,10.000,40437.4
1697.768,1699.677,72.6532,10.000,40436.1
1698.267,1699.876,72.6499,10.000,40437.8
1698.268,1700.076,72.6558,10.000,40434.8
1698.767,1700.277,72.6532,10.000,40436.2
1698.767,1700.476,72.6538,10.000,40435.9
1698.768,1700.677,72.6468,10.000,40439.4
1699.267,1700.876,72.6499,10.000,40437.8
1699.267,1701.076,72.6533,10.000,40436.1
1699.767,1701.275,72.6549,10.000,40435.2
1699.767,1701.475,72.6644,10.000,40430.4
1699.767,1701.677,72.6792,10.000,40422.8
1700.267,1701.876,72.6598,10.000,40432.8
1700.267,1702.074,72.6672,10.000,40428.9
1700.767,1702.274,72.6598,10.000,40432.8
1700.768,1702.476,72.6642,10.000,40430.5
1700.768,1702.676,72.6641,10.000,40430.6
1701.266,1702.874,72.6655,10.000,40429.7
1701.267,1703.074,72.6745,10.000,40425.2
1701.768,1703.275,72.6763,10.000,40424.3
1701.768,1703.474,72.6785,10.000,40423.2
1701.768,1703.675,72.6706,10.000,40427.2
1702.267,1703.874,72.6606,10.000,40432.3
1702.267,1704.072,72.6792,10.000,40422.9
1702.767,1704.275,72.6716,10.000,40426.8
1702.767,1704.474,72.6831,10.000,40420.8
1702.768,1704.674,72.6816,10.000,40421.6
1703.267,1704.873,72.6868,10.000,40418.9
1703.267,1705.074,72.6882,10.000,40418.2
1703.767,1705.273,72.6888,10.000,40418.0
1703.768,1705.474,72.6834,10.000,40420.6
1703.768,1705.673,72.6997,10.000,40412.4
1704.267,1705.872,72.6917,10.000,40416.5
1704.267,1706.072,72.6904,10.000,40417.1
1704.767,1706.272,72.6899,10.000,40417.3
1704.768,1706.474,72.6932,10.000,40415.7
1704.768,1706.671,72.6958,10.000,40414.2
1705.267,1706.872,72.6930,10.000,40415.8
1705.267,1707.070,72.7004,10.000,40412.0
1705.767,1707.273,72.6922,10.000,40416.2
1705.768,1707.472,72.6973,10.000,40413.5
1705.768,1707.671,72.6999,10.000,40412.2
1706.267,1707.872,72.7034,10.000,40410.4
1706.267,1708.072,72.6875,10.000,40418.6
1706.767,1708.271,72.6999,10.000,40412.2
1706.768,1708.472,72.7060,10.000,40409.1
1706.768,1708.671,72.7082,10.000,40408.0
1707.267,1708.870,72.7088,10.000,40407.7
1707.268,1709.070,72.7039,10.000,40410.1
1707.767,1709.270,72.7134,10.000,40405.3
1707.768,1709.472,72.7080,10.000,40408.1
1707.768,1709.669,72.7134,10.000,40405.4
1708.267,1709.870,72.7087,10.000,40407.8
1708.267,1710.068,72.7174,10.000,40403.2
1708.767,1710.271,72.7207,10.000,40401.6
1708.768,1710.470,72.7173,10.000,40403.3
1708.768,1710.669,72.7196,10.000,40402.2
1709.267,1710.870,72.7274,10.000,40398.2
1709.268,1711.068,72.7156,10.000,40404.2
1709.767,1711.269,72.7212,10.000,40401.3
1709.768,1711.470,72.7298,10.000,40397.0
1709.768,1711.670,72.7366,10.000,40393.5
1710.267,1711.868,72.7314,10.000,40396.1
1710.268,1712.068,72.7270,10.000,40398.4
1710.767,1712.269,72.7292,10.000,40397.2
1710.768,1712.470,72.7277,10.000,40398.0
1710.768,1712.668,72.7414,10.000,40391.0
1711.267,1712.868,72.7516,10.000,40385.8
1711.268,1713.068,72.7661,10.000,40378.4
1711.767,1713.268,72.7365,10.000,40393.5
1711.767,1713.468,72.7480,10.000,40387.5
1711.767,1713.667,72.7698,10.000,40376.5
1712.267,1713.868,72.7381,10.000,40392.7
1712.267,1714.066,72.7427,10.000,40390.4
1712.767,1714.268,72.7484,10.000,40387.4
1712.767,1714.468,72.7392,10.000,40392.1
1712.767,1714.668,72.7824,10.000,40370.0
1713.267,1714.865,72.7424,10.000,40390.5
1713.267,1715.066,72.7609,10.000,40381.0
1713.767,1715.268,72.7581,10.000,40382.4
1713.767,1715.468,72.7594,10.000,40381.7
1713.767,1715.666,72.7697,10.000,40376.5
1714.267,1715.865,72.7627,10.000,40380.1
1714.267,1716.066,72.7783,10.000,40372.1
1714.767,1716.268,72.7897,10.000,40366.2
1714.767,1716.466,72.7671,10.000,40377.9
1714.767,1716.665,72.7669,10.000,40377.9
1715.267,1716.865,72.7720,10.000,40375.4
1715.267,1717.066,72.7716,10.000,40375.5
1715.767,1717.266,72.7658,10.000,40378.5
1715.767,1717.466,72.7798,10.000,40371.4
1715.768,1717.665,72.7900,10.000,40366.1
1716.267,1717.865,72.7827,10.000,40369.8
1716.267,1718.064,72.7879,10.000,40367.2
1716.767,1718.266,72.7878,10.000,40367.3
1716.768,1718.464,72.7936,10.000,40364.2
1716.768,1718.664,72.7871,10.000,40367.6
1717.267,1718.865,72.7987,10.000,40361.7
1717.267,1719.064,72.7998,10.000,40361.2
1717.766,1719.266,72.7913,10.000,40365.5
1717.766,1719.463,72.7847,10.000,40368.8
1717.766,1719.664,72.7936,10.000,40364.3
1718.267,1719.863,72.7974,10.000,40362.4
1718.268,1720.064,72.8065,10.000,40357.7
1718.767,1720.264,72.8039,10.000,40359.0
1718.767,1720.462,72.8135,10.000,40354.1
1718.768,1720.663,72.8177,10.000,40351.9
1719.267,1720.863,72.8109,10.000,40355.5
1719.267,1721.062,72.8122,10.000,40354.8
1719.767,1721.263,72.8042,10.000,40358.9
1719.767,1721.462,72.8130,10.000,40354.4
1719.767,1721.662,72.8032,10.000,40359.4
1720.267,1721.863,72.8128,10.000,40354.4
1720.267,1722.062,72.8127,10.000,40354.5
1720.766,1722.263,72.8218,10.000,40349.9
1720.767,1722.461,72.8047,10.000,40358.6
1720.767,1722.661,72.8286,10.000,40346.4
1721.267,1722.861,72.8310,10.000,40345.2
1721.267,1723.062,72.8312,10.000,40345.0
1721.766,1723.262,72.8306,10.000,40345.3
1721.766,1723.461,72.8657,10.000,40327.3
1721.766,1723.661,72.8398,10.000,40340.7
1722.267,1723.861,72.8506,10.000,40335.2
1722.267,1724.060,72.8343,10.000,40343.5
1722.767,1724.261,72.8338,10.000,40343.7
1722.767,1724.460,72.8353,10.000,40343.0
1722.768,1724.661,72.8560,10.000,40332.4
1723.267,1724.861,72.8519,10.000,40334.5
1723.267,1725.060,72.8476,10.000,40336.6
1723.767,1725.261,72.8616,10.000,40329.5
1723.767,1725.460,72.8545,10.000,40333.2
1723.767,1725.660,72.8467,10.000,40337.1
1724.267,1725.859,72.8421,10.000,40339.5
1724.267,1726.059,72.8573,10.000,40331.7
1724.767,1726.260,72.8626,10.000,40329.0
1724.768,1726.460,72.8656,10.000,40327.4
1724.768,1726.658,72.8818,10.000,40319.1
1725.267,1726.857,72.8906,10.000,40314.6
1725.267,1727.060,72.8693,10.000,40325.6
1725.767,1727.260,72.8672,10.000,40326.7
1725.767,1727.458,72.8599,10.000,40330.3
1725.767,1727.658,72.8814,10.000,40319.4
1726.267,1727.859,72.8843,10.000,40317.9
1726.267,1728.058,72.8686,10.000,40325.9
1726.767,1728.259,72.8808,10.000,40319.7
1726.768,1728.458,72.8726,10.000,40323.9
1726.768,1728.658,72.8896,10.000,40315.1
1727.267,1728.857,72.8947,10.000,40312.5
1727.268,1729.057,72.8906,10.000,40314.7
1727.767,1729.258,72.8905,10.000,40314.8
1727.768,1729.457,72.8939,10.000,40313.0
1727.768,1729.658,72.8887,10.000,40315.7
1728.267,1729.857,72.8922,10.000,40313.8
1728.268,1730.057,72.9082,10.000,40305.7
1728.767,1730.257,72.9019,10.000,40308.9
1728.768,1730.456,72.9077,10.000,40305.9
1728.768,1730.656,72.9082,10.000,40305.7
1729.267,1730.857,72.8940,10.000,40312.9
1729.267,1731.057,72.9001,10.000,40309.8
1729.767,1731.257,72.9152,10.000,40302.0
1729.767,1731.456,72.9180,10.000,40300.6
1729.767,1731.656,72.9128,10.000,40303.3
1730.267,1731.856,72.9300,10.000,40294.5
1730.267,1732.056,72.9251,10.000,40297.0
1730.767,1732.255,72.9289,10.000,40295.1
1730.767,1732.455,72.9281,10.000,40295.5
1730.767,1732.656,72.9264,10.000,40296.3
1731.266,1732.856,72.9285,10.000,40295.2
1731.266,1733.056,72.9251,10.000,40297.0
1731.767,1733.254,72.9378,10.000,40290.5
1731.768,1733.454,72.9349,10.000,40291.9
1731.768,1733.654,72.9355,10.000,40291.7
1732.266,1733.854,72.9398,10.000,40289.5
1732.266,1734.055,72.9308,10.000,40294.1
1732.767,1734.255,72.9294,10.000,40294.8
1732.768,1734.455,72.9525,10.000,40283.0
1732.768,1734.652,72.9346,10.000,40292.2
1733.267,1734.853,72.9427,10.000,40288.0
1733.268,1735.055,72.9478,10.000,40285.3
1733.767,1735.253,72.9482,10.000,40285.1
1733.768,1735.453,72.9494,10.000,40284.5
1733.768,1735.652,72.9551,10.000,40281.6
1734.267,1735.854,72.9565,10.000,40280.9
1734.268,1736.054,72.9564,10.000,40281.0
1734.767,1736.253,72.9751,10.000,40271.4
1734.768,1736.452,72.9556,10.000,40281.4
1734.768,1736.652,72.9637,10.000,40277.2
1735.267,1736.852,72.9718,10.000,40273.1
1735.268,1737.053,72.9762,10.000,40270.8
1735.767,1737.252,72.9582,10.000,40280.0
1735.767,1737.453,72.9707,10.000,40273.7
1735.768,1737.652,72.9663,10.000,40275.9
1736.267,1737.852,72.9551,10.000,40281.8
1736.268,1738.052,72.9728,10.000,40272.6
1736.767,1738.251,72.9688,10.000,40274.6
1736.768,1738.452,72.9880,10.000,40264.8
1736.768,1738.652,72.9722,10.000,40272.9
1737.267,1738.852,72.9813,10.000,40268.2
1737.267,1739.052,72.9871,10.000,40265.2
1737.767,1739.252,72.9922,10.000,40262.6
1737.767,1739.449,72.9774,10.000,40270.2
1737.767,1739.650,72.9774,10.000,40270.2
1738.267,1739.850,72.9857,10.000,40266.0
1738.267,1740.052,72.9800,10.000,40269.0
1738.767,1740.250,72.9902,10.000,40263.6
1738.767,1740.449,72.9889,10.000,40264.4
1738.768,1740.650,72.9858,10.000,40265.9
1739.267,1740.852,72.9985,10.000,40259.4
1739.268,1741.050,72.9961,10.000,40260.6
1739.767,1741.249,72.9917,10.000,40262.9
1739.768,1741.449,72.9946,10.000,40261.4
1739.768,1741.648,73.0015,10.000,40258.0
1740.267,1741.850,73.0088,10.000,40254.2
1740.267,1742.050,73.0063,10.000,40255.4
1740.767,1742.249,72.9932,10.000,40262.1
1740.768,1742.449,72.9995,10.000,40258.8
1740.768,1742.648,72.9743,10.000,40271.8
1741.267,1742.850,73.0156,10.000,40250.6
1741.267,1743.049,72.9767,10.000,40270.6
1741.767,1743.248,73.0112,10.000,40253.0
1741.768,1743.449,73.0059,10.000,40255.7
1741.768,1743.648,73.0205,10.000,40248.2
1742.267,1743.850,73.0213,10.000,40247.7
1742.267,1744.048,73.0238,10.000,40246.6
1742.767,1744.248,73.0246,10.000,40246.0
1742.767,1744.447,73.0368,10.000,40239.8
1742.768,1744.646,73.0317,10.000,40242.4
1743.267,1744.848,73.0241,10.000,40246.4
1743.267,1745.048,73.0142,10.000,40251.4
1743.766,1745.247,73.0282,10.000,40244.2
1743.766,1745.445,73.0334,10.000,40241.6
1743.766,1745.646,73.0371,10.000,40239.7
1744.267,1745.848,73.0308,10.000,40242.8
1744.267,1746.046,73.0425,10.000,40236.9
1744.767,1746.246,73.0298,10.000,40243.4
1744.767,1746.445,73.0386,10.000,40238.9
1744.767,1746.646,73.0389,10.000,40238.7
1745.267,1746.848,73.0415,10.000,40237.5
1745.267,1747.045,73.0434,10.000,40236.5
1745.767,1747.245,73.0459,10.000,40235.1
1745.767,1747.445,73.0610,10.000,40227.4
1745.767,1747.644,73.0400,10.000,40238.2
1746.267,1747.846,73.0708,10.000,40222.4
1746.267,1748.044,73.0539,10.000,40231.1
1746.767,1748.246,73.0547,10.000,40230.6
1746.767,1748.445,73.0332,10.000,40241.7
1746.767,1748.644,73.0553,10.000,40230.3
1747.267,1748.845,73.0565,10.000,40229.7
1747.267,1749.044,73.0483,10.000,40234.0
1747.767,1749.245,73.0557,10.000,40230.2
1747.767,1749.445,73.0615,10.000,40227.2
1747.768,1749.644,73.0356,10.000,40240.4
1748.267,1749.845,73.0701,10.000,40222.7
1748.267,1750.044,73.0728,10.000,40221.4
1748.767,1750.244,73.0760,10.000,40219.8
1748.767,1750.443,73.0775,10.000,40219.0
1748.768,1750.643,73.0671,10.000,40224.3
1749.267,1750.844,73.0791,10.000,40218.2
1749.268,1751.043,73.0755,10.000,40220.0
1749.767,1751.244,73.0967,10.000,40209.1
1749.767,1751.441,73.0762,10.000,40219.7
1749.768,1751.642,73.0693,10.000,40223.1
1750.267,1751.843,73.0815,10.000,40217.0
1750.267,1752.043,73.0898,10.000,40212.6
1750.767,1752.242,73.0824,10.000,40216.5
1750.767,1752.441,73.0861,10.000,40214.6
1750.767,1752.643,73.0882,10.000,40213.5
1751.267,1752.844,73.0957,10.000,40209.7
1751.268,1753.042,73.0889,10.000,40213.2
1751.767,1753.240,73.0898,10.000,40212.7
1751.768,1753.443,73.0858,10.000,40214.8
1751.768,1753.641,73.0973,10.000,40208.8
1752.267,1753.842,73.0939,10.000,40210.5
1752.268,1754.041,73.1016,10.000,40206.7
1752.767,1754.242,73.1089,10.000,40202.9
1752.768,1754.441,73.0903,10.000,40212.4
1752.768,1754.641,73.1001,10.000,40207.4
1753.267,1754.841,73.1069,10.000,40203.9
1753.267,1755.040,73.0999,10.000,40207.5
1753.767,1755.240,73.1149,10.000,40199.8
1753.767,1755.440,73.1115,10.000,40201.6
1753.768,1755.641,73.1196,10.000,40197.4
1754.267,1755.841,73.1170,10.000,40198.7
1754.267,1756.041,73.1118,10.000,40201.4
1754.767,1756.238,73.1222,10.000,40196.1
1754.768,1756.439,73.1209,10.000,40196.8
1754.768,1756.641,73.1195,10.000,40197.5
1755.267,1756.840,73.1349,10.000,40189.6
1755.267,1757.039,73.1196,10.000,40197.4
1755.767,1757.238,73.1320,10.000,40191.1
1755.767,1757.440,73.1312,10.000,40191.5
1755.767,1757.640,73.1440,10.000,40184.9
1756.267,1757.838,73.1279,10.000,40193.2
1756.267,1758.039,73.1349,10.000,40189.6
1756.767,1758.238,73.1269,10.000,40193.7
1756.768,1758.438,73.1349,10.000,40189.6
1756.768,1758.639,73.1320,10.000,40191.0
1757.267,1758.837,73.1274,10.000,40193.5
1757.267,1759.039,73.1284,10.000,40192.9
1757.767,1759.236,73.1455,10.000,40184.2
1757.768,1759.437,73.1597,10.000,40176.9
1757.768,1759.638,73.1436,10.000,40185.2
1758.267,1759.838,73.1323,10.000,40190.9
1758.267,1760.037,73.1403,10.000,40186.8
1758.767,1760.236,73.1724,10.000,40170.4
1758.768,1760.437,73.1595,10.000,40177.0
1758.768,1760.638,73.1401,10.000,40186.9
1759.267,1760.837,73.1528,10.000,40180.5
1759.267,1761.036,73.1484,10.000,40182.6
1759.767,1761.236,73.1499,10.000,40181.9
1759.767,1761.437,73.1588,10.000,40177.3
1759.767,1761.637,73.1519,10.000,40181.0
1760.267,1761.836,73.1626,10.000,40175.4
1760.268,1762.037,73.1683,10.000,40172.5
1760.767,1762.236,73.1611,10.000,40176.2
1760.767,1762.435,73.1644,10.000,40174.5
1760.767,1762.636,73.1707,10.000,40171.2
1761.267,1762.836,73.1764,10.000,40168.3
1761.268,1763.036,73.1328,10.000,40190.6
1761.767,1763.236,73.1684,10.000,40172.4
1761.767,1763.435,73.1668,10.000,40173.3
1761.767,1763.636,73.1772,10.000,40168.0
1762.267,1763.835,73.1602,10.000,40176.6
1762.268,1764.035,73.1821,10.000,40165.4
1762.767,1764.234,73.1751,10.000,40169.0
1762.768,1764.434,73.1480,10.000,40182.9
1762.768,1764.635,73.1826,10.000,40165.1
1763.267,1764.835,73.1818,10.000,40165.6
1763.268,1765.035,73.1694,10.000,40171.9
1763.767,1765.234,73.1826,10.000,40165.1
1763.768,1765.434,73.1781,10.000,40167.5
1763.768,1765.634,73.1732,10.000,40170.0
1764.267,1765.834,73.1890,10.000,40161.9
1764.267,1766.033,73.1738,10.000,40169.6
1764.767,1766.232,73.1880,10.000,40162.4
1764.768,1766.434,73.1714,10.000,40170.9
1764.768,1766.634,73.1958,10.000,40158.4
1765.267,1766.834,73.1838,10.000,40164.6
1765.268,1767.031,73.1899,10.000,40161.4
1765.767,1767.232,73.1807,10.000,40166.2
1765.768,1767.432,73.1836,10.000,40164.6
1765.768,1767.634,73.1953,10.000,40158.7
1766.267,1767.832,73.1873,10.000,40162.8
1766.268,1768.031,73.1940,10.000,40159.3
1766.767,1768.232,73.1958,10.000,40158.4
1766.768,1768.434,73.1917,10.000,40160.5
1766.768,1768.632,73.2023,10.000,40155.0
1767.267,1768.831,73.1942,10.000,40159.2
1767.268,1769.031,73.1914,10.000,40160.6
1767.767,1769.230,73.1955,10.000,40158.6
1767.768,1769.432,73.1683,10.000,40172.5
1767.768,1769.632,73.1990,10.000,40156.8
1768.267,1769.832,73.1872,10.000,40162.8
1768.267,1770.031,73.1987,10.000,40156.8
1768.767,1770.230,73.1904,10.000,40161.1
1768.768,1770.432,73.1994,10.000,40156.6
1768.768,1770.630,73.2033,10.000,40154.6
1769.267,1770.831,73.2296,10.000,40141.1
1769.267,1771.029,73.2002,10.000,40156.1
1769.767,1771.230,73.1912,10.000,40160.7
1769.768,1771.432,73.1969,10.000,40157.7
1769.768,1771.629,73.2113,10.000,40150.5
1770.267,1771.829,73.2049,10.000,40153.8
1770.268,1772.029,73.1987,10.000,40156.9
1770.767,1772.230,73.2135,10.000,40149.3
1770.768,1772.430,73.2010,10.000,40155.7
1770.768,1772.628,73.1969,10.000,40157.8
1771.267,1772.829,73.2082,10.000,40152.1
1771.268,1773.029,73.1880,10.000,40162.4
1771.767,1773.228,73.2052,10.000,40153.6
1771.768,1773.429,73.1969,10.000,40157.7
1771.768,1773.629,73.1956,10.000,40158.5
1772.267,1773.829,73.2122,10.000,40150.1
1772.268,1774.027,73.2062,10.000,40153.1
1772.767,1774.228,73.2013,10.000,40155.6
1772.767,1774.429,73.2030,10.000,40154.8
1772.767,1774.629,73.2090,10.000,40151.6
1773.267,1774.827,73.2134,10.000,40149.4
1773.267,1775.027,73.2165,10.000,40147.8
1773.767,1775.228,73.2091,10.000,40151.5
1773.767,1775.429,73.2415,10.000,40135.0
1773.767,1775.627,73.2183,10.000,40147.0
1774.267,1775.827,73.2100,10.000,40151.2
1774.267,1776.027,73.2144,10.000,40148.9
1774.767,1776.226,73.2137,10.000,40149.2
1774.767,1776.427,73.2217,10.000,40145.2
1774.768,1776.627,73.2039,10.000,40154.3
1775.267,1776.827,73.1644,10.000,40174.4
1775.267,1777.025,73.2155,10.000,40148.4
1775.767,1777.226,73.1724,10.000,40170.4
1775.767,1777.427,73.2075,10.000,40152.5
1775.767,1777.627,73.2791,10.000,40115.7
1776.267,1777.826,73.2202,10.000,40145.9
1776.267,1778.025,73.2233,10.000,40144.3
1776.767,1778.225,73.2137,10.000,40149.2
1776.767,1778.426,73.2275,10.000,40142.1
1776.768,1778.626,73.2204,10.000,40145.8
1777.267,1778.826,73.2137,10.000,40149.2
1777.267,1779.024,73.2334,10.000,40139.2
1777.767,1779.224,73.2344,10.000,40138.6
1777.768,1779.425,73.2207,10.000,40145.7
1777.768,1779.625,73.2261,10.000,40142.9
1778.267,1779.824,73.2192,10.000,40146.4
1778.267,1780.024,73.2176,10.000,40147.2
1778.767,1780.224,73.2292,10.000,40141.3
1778.768,1780.425,73.2270,10.000,40142.4
1778.768,1780.625,73.2127,10.000,40149.8
1779.267,1780.824,73.2396,10.000,40135.9
1779.267,1781.023,73.2420,10.000,40134.7
1779.767,1781.224,73.2378,10.000,40136.9
1779.767,1781.424,73.2314,10.000,40140.1
1779.768,1781.624,73.2246,10.000,40143.6
1780.267,1781.822,73.2339,10.000,40138.9
1780.268,1782.023,73.2399,10.000,40135.8
1780.767,1782.224,73.2380,10.000,40136.8
1780.767,1782.423,73.2300,10.000,40140.8
1780.767,1782.622,73.2448,10.000,40133.3
1781.267,1782.822,73.2354,10.000,40138.1
1781.268,1783.023,73.2407,10.000,40135.4
1781.767,1783.224,73.2435,10.000,40134.0
1781.767,1783.421,73.2438,10.000,40133.8
1781.767,1783.622,73.2471,10.000,40132.2
1782.267,1783.822,73.2443,10.000,40133.6
1782.268,1784.022,73.2515,10.000,40130.0
1782.767,1784.222,73.2493,10.000,40131.1
1782.768,1784.421,73.2607,10.000,40125.2
1782.768,1784.622,73.2463,10.000,40132.5
1783.267,1784.822,73.2521,10.000,40129.6
1783.268,1785.021,73.2510,10.000,40130.2
1783.767,1785.222,73.2650,10.000,40123.0
1783.767,1785.421,73.2847,10.000,40113.0
1783.767,1785.621,73.2633,10.000,40123.8
1784.267,1785.820,73.2645,10.000,40123.2
1784.268,1786.020,73.2560,10.000,40127.6
1784.767,1786.221,73.2529,10.000,40129.2
1784.767,1786.421,73.2643,10.000,40123.3
1784.767,1786.621,73.2954,10.000,40107.4
1785.267,1786.818,73.2537,10.000,40128.7
1785.268,1787.019,73.2725,10.000,40119.1
1785.767,1787.220,73.2568,10.000,40127.1
1785.768,1787.420,73.2692,10.000,40120.8
1785.768,1787.620,73.2651,10.000,40122.9
1786.267,1787.818,73.2671,10.000,40121.9
1786.268,1788.019,73.2703,10.000,40120.2
1786.767,1788.220,73.2780,10.000,40116.3
1786.768,1788.419,73.2542,10.000,40128.5
1786.768,1788.618,73.2686,10.000,40121.1
1787.267,1788.818,73.2773,10.000,40116.6
1787.268,1789.019,73.2653,10.000,40122.8
1787.767,1789.219,73.2752,10.000,40117.7
1787.768,1789.418,73.2992,10.000,40105.5
1787.768,1789.619,73.2655,10.000,40122.7
1788.267,1789.818,73.2866,10.000,40111.9
1788.268,1790.018,73.2747,10.000,40118.0
1788.767,1790.218,73.2856,10.000,40112.4
1788.768,1790.418,73.2832,10.000,40113.7
1788.768,1790.618,73.2690,10.000,40120.8
1789.267,1790.816,73.2837,10.000,40113.4
1789.268,1791.018,73.2739,10.000,40118.4
1789.767,1791.218,73.2832,10.000,40113.7
1789.768,1791.417,73.2767,10.000,40116.9
1789.768,1791.615,73.2845,10.000,40113.0
1790.267,1791.816,73.2925,10.000,40108.9
1790.268,1792.018,73.2889,10.000,40110.7
1790.767,1792.217,73.2886,10.000,40110.8
1790.767,1792.416,73.2988,10.000,40105.7
1790.767,1792.617,73.2985,10.000,40105.8
1791.267,1792.816,73.2544,10.000,40128.4
1791.268,1793.016,73.2959,10.000,40107.2
1791.767,1793.216,73.3018,10.000,40104.1
1791.768,1793.416,73.3008,10.000,40104.6
1791.768,1793.615,73.2773,10.000,40116.7
1792.267,1793.814,73.3055,10.000,40102.3
1792.268,1794.016,73.3101,10.000,40099.9
1792.767,1794.216,73.3088,10.000,40100.6
1792.768,1794.416,73.3195,10.000,40095.0
1792.768,1794.613,73.3107,10.000,40099.6
1793.267,1794.814,73.3011,10.000,40104.5
1793.268,1795.016,73.3079,10.000,40101.0
1793.767,1795.215,73.3101,10.000,40099.8
1793.768,1795.414,73.3158,10.000,40097.0
1793.768,1795.613,73.3000,10.000,40105.1
1794.267,1795.814,73.3057,10.000,40102.1
1794.267,1796.016,73.2928,10.000,40108.7
1794.767,1796.213,73.2643,10.000,40123.3
1794.767,1796.413,73.3057,10.000,40102.1
1794.767,1796.613,73.3236,10.000,40093.0
1795.267,1796.814,73.3055,10.000,40102.2
1795.268,1797.014,73.3184,10.000,40095.7
1795.767,1797.212,73.3584,10.000,40075.2
1795.768,1797.414,73.3184,10.000,40095.6
1795.768,1797.611,73.3141,10.000,40097.8
1796.267,1797.812,73.3169,10.000,40096.4
1796.268,1798.013,73.3263,10.000,40091.6
1796.767,1798.213,73.3267,10.000,40091.4
1796.768,1798.413,73.3278,10.000,40090.8
1796.768,1798.611,73.3276,10.000,40091.0
1797.267,1798.812,73.3359,10.000,40086.6
1797.268,1799.013,73.3223,10.000,40093.7
1797.767,1799.213,73.3327,10.000,40088.3
1797.768,1799.412,73.3350,10.000,40087.1
1797.768,1799.611,73.3311,10.000,40089.1
1798.267,1799.810,73.3405,10.000,40084.3
1798.267,1800.012,73.3597,10.000,40074.5
1798.767,1800.212,73.3299,10.000,40089.7
1798.767,1800.412,73.3304,10.000,40089.5
1798.767,1800.611,73.3369,10.000,40086.1
1799.266,1800.810,73.3118,10.000,40099.0
1799.266,1801.011,73.3379,10.000,40085.6
1799.767,1801.211,73.3343,10.000,40087.5
1799.768,1801.411,73.3263,10.000,40091.5
1799.768,1801.609,73.3356,10.000,40086.8
1800.267,1801.810,73.3457,10.000,40081.7
1800.267,1802.011,73.3452,10.000,40082.0
1800.767,1802.211,73.3379,10.000,40085.6
1800.768,1802.410,73.3459,10.000,40081.6
1800.768,1802.609,73.3485,10.000,40080.2
1801.266,1802.809,73.3314,10.000,40088.9
1801.267,1803.010,73.3478,10.000,40080.5
1801.767,1803.210,73.3420,10.000,40083.5
1801.767,1803.410,73.3447,10.000,40082.1
1801.767,1803.607,73.3450,10.000,40082.0
1802.267,1803.808,73.3413,10.000,40083.8
1802.268,1804.010,73.3418,10.000,40083.7
1802.767,1804.209,73.3532,10.000,40077.8
1802.768,1804.408,73.3540,10.000,40077.3
1802.768,1804.607,73.3597,10.000,40074.5
1803.267,1804.808,73.3620,10.000,40073.3
1803.268,1805.009,73.3586,10.000,40075.1
1803.767,1805.209,73.3561,10.000,40076.3
1803.768,1805.408,73.3579,10.000,40075.4
1803.768,1805.607,73.3496,10.000,40079.6
1804.266,1805.807,73.3485,10.000,40080.3
1804.267,1806.009,73.3579,10.000,40075.5
1804.767,1806.208,73.3667,10.000,40070.9
1804.767,1806.406,73.3633,10.000,40072.6
1804.768,1806.607,73.3634,10.000,40072.5
1805.267,1806.807,73.3848,10.000,40061.6
1805.268,1807.008,73.3628,10.000,40072.9
1805.767,1807.207,73.3799,10.000,40064.1
1805.768,1807.406,73.3561,10.000,40076.3
1805.768,1807.606,73.3232,10.000,40093.1
1806.267,1807.807,73.3713,10.000,40068.6
1806.268,1808.007,73.3558,10.000,40076.5
1806.766,1808.207,73.3670,10.000,40070.7
1806.767,1808.404,73.3730,10.000,40067.6
1806.767,1808.605,73.3724,10.000,40068.0
1807.267,1808.806,73.3760,10.000,40066.2
1807.268,1809.006,73.3805,10.000,40063.7
1807.767,1809.206,73.3926,10.000,40057.6
1807.767,1809.404,73.3818,10.000,40063.2
1807.767,1809.605,73.3797,10.000,40064.2
1808.267,1809.806,73.3843,10.000,40061.9
1808.268,1810.005,73.3828,10.000,40062.7
1808.767,1810.204,73.3773,10.000,40065.5
1808.767,1810.404,73.3818,10.000,40063.1
1808.768,1810.605,73.3849,10.000,40061.5
1809.267,1810.806,73.3735,10.000,40067.3
1809.268,1811.003,73.3867,10.000,40060.7
1809.767,1811.204,73.3901,10.000,40058.9
1809.768,1811.404,73.4246,10.000,40041.2
1809.768,1811.603,73.3844,10.000,40061.8
1810.267,1811.804,73.3992,10.000,40054.2
1810.268,1812.003,73.3760,10.000,40066.1
1810.767,1812.204,73.3867,10.000,40060.6
1810.768,1812.402,73.3848,10.000,40061.6
1810.768,1812.603,73.3857,10.000,40061.2
1811.267,1812.804,73.3488,10.000,40080.0
1811.268,1813.004,73.3892,10.000,40059.4
1811.767,1813.203,73.3911,10.000,40058.5
1811.768,1813.402,73.3916,10.000,40058.1
1811.768,1813.602,73.4004,10.000,40053.6
1812.267,1813.803,73.3875,10.000,40060.2
1812.268,1814.003,73.4027,10.000,40052.5
1812.767,1814.203,73.3916,10.000,40058.2
1812.768,1814.400,73.3919,10.000,40058.0
1812.768,1814.602,73.4106,10.000,40048.4
1813.267,1814.803,73.4103,10.000,40048.5
1813.267,1815.002,73.4049,10.000,40051.2
1813.767,1815.201,73.4058,10.000,40050.8
1813.767,1815.400,73.3696,10.000,40069.4
1813.767,1815.602,73.3866,10.000,40060.7
1814.267,1815.802,73.3970,10.000,40055.4
1814.267,1816.002,73.4080,10.000,40049.7
1814.767,1816.199,73.4059,10.000,40050.8
1814.768,1816.400,73.4007,10.000,40053.5
1814.768,1816.600,73.4124,10.000,40047.5
1815.267,1816.802,73.4049,10.000,40051.4
1815.267,1817.001,73.4219,10.000,40042.7
1815.767,1817.199,73.4040,10.000,40051.8
1815.768,1817.398,73.3932,10.000,40057.3
1815.768,1817.602,73.4191,10.000,40044.1
1816.267,1817.800,73.4253,10.000,40040.9
1816.268,1817.999,73.4284,10.000,40039.3
1816.767,1818.199,73.4217,10.000,40042.7
1816.768,1818.400,73.4152,10.000,40046.0
1816.768,1818.600,73.4287,10.000,40039.1
1817.267,1818.800,73.4424,10.000,40032.1
1817.267,1819.000,73.4502,10.000,40028.1
1817.767,1819.197,73.4630,10.000,40021.5
1817.768,1819.398,73.4295,10.000,40038.7
1817.768,1819.600,73.4214,10.000,40042.9
1818.267,1819.799,73.4180,10.000,40044.6
1818.268,1819.999,73.4263,10.000,40040.4
1818.767,1820.197,73.4072,10.000,40050.2
1818.768,1820.398,73.4196,10.000,40043.8
1818.768,1820.600,73.4272,10.000,40039.8
1819.267,1820.798,73.4424,10.000,40032.2
1819.267,1820.997,73.4536,10.000,40026.4
1819.767,1821.197,73.4307,10.000,40038.1
1819.767,1821.396,73.4318,10.000,40037.5
1819.767,1821.600,73.4442,10.000,40031.2
1820.267,1821.796,73.4324,10.000,40037.2
1820.267,1821.997,73.4302,10.000,40038.4
1820.767,1822.197,73.4429,10.000,40031.8
1820.767,1822.396,73.4469,10.000,40029.8
1820.767,1822.598,73.4487,10.000,40028.8
1821.267,1822.796,73.4442,10.000,40031.2
1821.267,1822.997,73.4333,10.000,40036.8
1821.767,1823.195,73.4443,10.000,40031.1
1821.768,1823.396,73.4531,10.000,40026.6
1821.768,1823.598,73.4502,10.000,40028.1
1822.267,1823.796,73.4490,10.000,40028.7
1822.267,1823.996,73.4642,10.000,40021.0
1822.767,1824.195,73.4489,10.000,40028.8
1822.768,1824.394,73.4560,10.000,40025.2
1822.768,1824.598,73.4518,10.000,40027.3
1823.267,1824.795,73.4442,10.000,40031.2
1823.267,1824.995,73.4419,10.000,40032.4
1823.767,1825.193,73.4461,10.000,40030.3
1823.768,1825.394,73.4642,10.000,40021.0
1823.768,1825.596,73.4588,10.000,40023.7
1824.267,1825.795,73.4632,10.000,40021.4
1824.267,1825.994,73.4650,10.000,40020.5
1824.770,1826.193,73.4482,10.000,40029.1
1824.770,1826.394,73.4648,10.000,40020.6
1824.770,1826.595,73.4683,10.000,40018.8
1825.267,1826.794,73.4653,10.000,40020.3
1825.267,1826.993,73.4624,10.000,40021.9
1825.767,1827.193,73.4683,10.000,40018.9
1825.767,1827.393,73.4658,10.000,40020.1
1825.767,1827.594,73.4639,10.000,40021.1
1826.266,1827.794,73.4502,10.000,40028.2
1826.267,1827.994,73.4785,10.000,40013.6
1826.767,1828.191,73.4697,10.000,40018.2
1826.768,1828.392,73.4609,10.000,40022.7
1826.768,1828.594,73.4712,10.000,40017.4
1827.268,1828.793,73.4793,10.000,40013.2
1827.268,1828.992,73.4810,10.000,40012.3
1827.767,1829.191,73.4873,10.000,40009.1
1827.767,1829.393,73.4766,10.000,40014.6
1827.767,1829.592,73.4831,10.000,40011.3
1828.266,1829.793,73.4782,10.000,40013.8
1828.266,1829.990,73.4868,10.000,40009.3
1828.767,1830.191,73.4907,10.000,40007.3
1828.767,1830.391,73.4912,10.000,40007.1
1828.767,1830.593,73.4935,10.000,40006.0
1829.267,1830.792,73.4819,10.000,40011.9
1829.268,1830.990,73.4907,10.000,40007.4
1829.767,1831.191,73.4827,10.000,40011.5
1829.768,1831.391,73.4912,10.000,40007.1
1829.768,1831.591,73.4909,10.000,40007.3
1830.267,1831.790,73.5003,10.000,40002.5
1830.268,1831.990,73.5011,10.000,40002.0
1830.767,1832.191,73.4943,10.000,40005.6
1830.768,1832.391,73.4985,10.000,40003.4
1830.768,1832.591,73.4985,10.000,40003.5
1831.266,1832.791,73.4912,10.000,40007.1
1831.267,1832.990,73.4984,10.000,40003.5
1831.766,1833.189,73.5032,10.000,40001.0
1831.766,1833.390,73.5088,10.000,39998.1
1831.766,1833.590,73.5137,10.000,39995.6
1832.267,1833.789,73.5015,10.000,40001.9
1832.268,1833.988,73.4992,10.000,40003.0
1832.767,1834.189,73.4932,10.000,40006.2
1832.768,1834.390,73.5093,10.000,39997.9
1832.768,1834.589,73.5135,10.000,39995.7
1833.267,1834.788,73.4824,10.000,40011.7
1833.267,1834.988,73.5024,10.000,40001.3
1833.767,1835.188,73.5054,10.000,39999.8
1833.768,1835.390,73.5159,10.000,39994.5
1833.768,1835.587,73.5104,10.000,39997.3
1834.267,1835.788,73.5153,10.000,39994.8
1834.267,1835.988,73.5788,10.000,39962.2
1834.767,1836.188,73.5221,10.000,39991.2
1834.767,1836.388,73.5181,10.000,39993.4
1834.767,1836.587,73.5148,10.000,39995.0
1835.267,1836.788,73.5285,10.000,39988.0
1835.268,1836.986,73.5283,10.000,39988.1
1835.767,1837.187,73.5225,10.000,39991.2
1835.768,1837.388,73.5168,10.000,39994.1
1835.768,1837.588,73.5487,10.000,39977.7
1836.267,1837.786,73.5688,10.000,39967.4
1836.267,1837.986,73.5262,10.000,39989.2
1836.767,1838.186,73.5142,10.000,39995.4
1836.767,1838.388,73.5347,10.000,39984.8
1836.768,1838.587,73.5200,10.000,39992.3
1837.267,1838.786,73.5329,10.000,39985.7
1837.268,1838.984,73.5241,10.000,39990.2
1837.767,1839.187,73.5186,10.000,39993.1
1837.768,1839.386,73.4902,10.000,40007.6
1837.768,1839.585,73.5415,10.000,39981.4
1838.267,1839.786,73.5404,10.000,39981.9
1838.267,1839.986,73.5389,10.000,39982.7
1838.767,1840.185,73.5280,10.000,39988.2
1838.767,1840.386,73.5176,10.000,39993.5
1838.767,1840.586,73.5407,10.000,39981.8
1839.267,1840.785,73.5381,10.000,39983.1
1839.267,1840.984,73.5407,10.000,39981.7
1839.767,1841.184,73.5457,10.000,39979.2
1839.767,1841.386,73.5413,10.000,39981.5
1839.767,1841.585,73.5314,10.000,39986.5
1840.267,1841.783,73.5366,10.000,39983.9
1840.268,1841.982,73.5434,10.000,39980.4
1840.767,1842.184,73.5605,10.000,39971.6
1840.768,1842.385,73.5176,10.000,39993.6
1840.768,1842.584,73.5547,10.000,39974.7
1841.267,1842.783,73.5537,10.000,39975.1
1841.267,1842.982,73.5521,10.000,39976.0
1841.767,1843.184,73.5387,10.000,39982.8
1841.767,1843.384,73.5511,10.000,39976.4
1841.767,1843.584,73.5459,10.000,39979.1
1842.267,1843.781,73.5566,10.000,39973.6
1842.268,1843.982,73.5597,10.000,39971.9
1842.767,1844.184,73.5550,10.000,39974.4
1842.767,1844.384,73.5630,10.000,39970.4
1842.768,1844.582,73.5430,10.000,39980.6
1843.267,1844.781,73.5656,10.000,39969.0
1843.267,1844.982,73.5638,10.000,39970.0
1843.767,1845.182,73.5732,10.000,39965.1
1843.767,1845.382,73.5521,10.000,39975.9
1843.767,1845.581,73.5548,10.000,39974.5
1844.267,1845.781,73.5661,10.000,39968.8
1844.268,1845.980,73.5654,10.000,39969.1
1844.767,1846.182,73.5669,10.000,39968.3
1844.767,1846.382,73.5534,10.000,39975.3
1844.768,1846.582,73.5843,10.000,39959.5
1845.267,1846.779,73.5737,10.000,39964.9
1845.268,1846.980,73.5581,10.000,39972.9
1845.767,1847.182,73.5869,10.000,39958.1
1845.767,1847.381,73.5656,10.000,39969.0
1845.767,1847.580,73.5750,10.000,39964.2
1846.267,1847.779,73.5879,10.000,39957.5
1846.267,1847.980,73.5701,10.000,39966.6
1846.793,1848.182,73.5747,10.000,39964.4
1846.793,1848.379,73.5791,10.000,39962.1
1846.794,1848.579,73.5729,10.000,39965.2
1847.267,1848.779,73.5775,10.000,39962.9
1847.268,1848.980,73.5804,10.000,39961.5
1847.767,1849.180,73.5845,10.000,39959.2
1847.767,1849.378,73.5708,10.000,39966.4
1847.767,1849.580,73.5581,10.000,39972.9
1848.267,1849.777,73.5830,10.000,39960.0
1848.267,1849.978,73.5789,10.000,39962.2
1848.767,1850.179,73.5815,10.000,39960.9
1848.767,1850.379,73.5985,10.000,39952.1
1848.767,1850.578,73.5859,10.000,39958.6
1849.267,1850.777,73.5822,10.000,39960.5
1849.267,1850.978,73.5854,10.000,39958.8
1849.767,1851.179,73.5864,10.000,39958.4
1849.768,1851.379,73.5732,10.000,39965.1
1849.768,1851.577,73.5643,10.000,39969.7
1850.267,1851.777,73.5825,10.000,39960.3
1850.267,1851.978,73.5960,10.000,39953.4
1850.767,1852.179,73.5866,10.000,39958.2
1850.767,1852.377,73.5843,10.000,39959.4
1850.767,1852.577,73.5936,10.000,39954.7
1851.267,1852.777,73.5898,10.000,39956.5
1851.268,1852.976,73.5889,10.000,39957.1
1851.268,1853.177,73.5962,10.000,39953.4
1851.767,1853.376,73.6029,10.000,39949.9
1851.768,1853.577,73.5869,10.000,39958.0
1852.267,1853.775,73.5998,10.000,39951.5
1852.267,1853.976,73.5990,10.000,39951.9
1852.267,1854.177,73.6016,10.000,39950.5
1852.767,1854.377,73.6143,10.000,39944.0
1852.767,1854.574,73.6094,10.000,39946.6
1853.267,1854.775,73.6050,10.000,39948.8
1853.267,1854.976,73.5977,10.000,39952.6
1853.267,1855.176,73.6099,10.000,39946.2
1853.767,1855.375,73.6019,10.000,39950.4
1853.767,1855.574,73.5898,10.000,39956.6
1854.267,1855.775,73.6016,10.000,39950.6
1854.267,1855.975,73.6077,10.000,39947.4
1854.267,1856.175,73.6060,10.000,39948.3
1854.766,1856.375,73.6138,10.000,39944.3
1854.767,1856.574,73.6032,10.000,39949.7
1855.283,1856.774,73.6069,10.000,39947.8
1855.283,1856.974,73.5967,10.000,39953.1
1855.283,1857.175,73.6131,10.000,39944.7
1855.766,1857.375,73.6144,10.000,39944.0
1855.767,1857.572,73.6138,10.000,39944.3
1856.267,1857.773,73.6079,10.000,39947.3
1856.267,1857.974,73.6060,10.000,39948.3
1856.267,1858.174,73.6297,10.000,39936.2
1856.767,1858.373,73.6011,10.000,39950.8
1856.767,1858.572,73.6149,10.000,39943.8
1857.267,1858.773,73.6123,10.000,39945.2
1857.268,1858.974,73.6066,10.000,39947.9
1857.268,1859.173,73.6084,10.000,39947.1
1857.767,1859.372,73.6084,10.000,39947.1
1857.767,1859.572,73.6146,10.000,39943.9
1858.267,1859.772,73.6060,10.000,39948.4
1858.267,1859.974,73.6203,10.000,39941.0
1858.267,1860.172,73.6142,10.000,39944.1
1858.767,1860.372,73.6211,10.000,39940.6
1858.767,1860.570,73.6201,10.000,39941.1
1859.267,1860.771,73.5991,10.000,39951.9
1859.267,1860.973,73.6214,10.000,39940.4
1859.268,1861.172,73.6104,10.000,39946.0
1859.767,1861.371,73.6094,10.000,39946.6
1859.768,1861.570,73.6252,10.000,39938.5
1860.267,1861.771,73.6159,10.000,39943.2
1860.267,1861.972,73.6248,10.000,39938.7
1860.267,1862.171,73.6201,10.000,39941.1
1860.767,1862.370,73.6190,10.000,39941.7
1860.767,1862.570,73.6234,10.000,39939.4
1861.267,1862.771,73.6234,10.000,39939.4
1861.267,1862.972,73.6159,10.000,39943.2
1861.267,1863.169,73.6689,10.000,39916.1
1861.767,1863.370,73.6245,10.000,39938.8
1861.767,1863.570,73.6206,10.000,39940.8
1862.266,1863.769,73.6261,10.000,39938.0
1862.266,1863.970,73.5947,10.000,39954.1
1862.266,1864.170,73.6196,10.000,39941.4
1862.767,1864.370,73.6338,10.000,39934.0
1862.767,1864.568,73.6274,10.000,39937.3
1863.267,1864.769,73.6299,10.000,39936.1
1863.267,1864.970,73.6313,10.000,39935.4
1863.267,1865.169,73.6338,10.000,39934.1
1863.767,1865.368,73.6287,10.000,39936.7
1863.767,1865.568,73.6248,10.000,39938.7
1864.267,1865.769,73.6323,10.000,39934.9
1864.267,1865.969,73.6424,10.000,39929.6
1864.267,1866.168,73.6340,10.000,39934.0
1864.767,1866.368,73.6276,10.000,39937.2
1864.767,1866.568,73.6273,10.000,39937.4
1865.267,1866.768,73.6566,10.000,39922.4
1865.267,1866.968,73.6439,10.000,39928.9
1865.267,1867.168,73.6480,10.000,39926.8
1865.768,1867.368,73.6445,10.000,39928.5
1865.768,1867.566,73.6458,10.000,39927.9
1866.267,1867.768,73.6457,10.000,39928.0
1866.267,1867.968,73.6494,10.000,39926.1
1866.267,1868.167,73.6343,10.000,39933.8
1866.767,1868.365,73.6408,10.000,39930.5
1866.767,1868.566,73.6466,10.000,39927.4
1867.267,1868.768,73.6434,10.000,39929.2
1867.267,1868.968,73.6440,10.000,39928.8
1867.267,1869.166,73.6343,10.000,39933.8
1867.767,1869.365,73.6453,10.000,39928.1
1867.767,1869.566,73.6157,10.000,39943.3
1868.267,1869.766,73.6501,10.000,39925.7
1868.267,1869.967,73.6484,10.000,39926.6
1868.267,1870.165,73.6318,10.000,39935.0
1868.767,1870.365,73.6523,10.000,39924.6
1868.767,1870.564,73.6540,10.000,39923.7
1869.267,1870.766,73.6574,10.000,39921.9
1869.267,1870.967,73.6470,10.000,39927.3
1869.267,1871.165,73.6566,10.000,39922.4
1869.767,1871.363,73.6564,10.000,39922.5
1869.767,1871.564,73.6657,10.000,39917.7
1870.267,1871.766,73.6450,10.000,39928.4
1870.267,1871.964,73.6549,10.000,39923.2
1870.267,1872.164,73.6536,10.000,39923.9
1870.767,1872.363,73.6584,10.000,39921.5
1870.767,1872.564,73.6602,10.000,39920.5
1871.267,1872.766,73.6658,10.000,39917.6
1871.268,1872.963,73.6973,10.000,39901.4
1871.268,1873.164,73.6626,10.000,39919.3
1871.767,1873.363,73.6675,10.000,39916.7
1871.767,1873.562,73.6755,10.000,39912.7
1872.267,1873.764,73.6597,10.000,39920.8
1872.267,1873.964,73.6761,10.000,39912.4
1872.267,1874.163,73.6873,10.000,39906.6
1872.767,1874.361,73.6670,10.000,39917.0
1872.767,1874.562,73.6776,10.000,39911.6
1873.267,1874.764,73.6794,10.000,39910.6
1873.267,1874.962,73.6772,10.000,39911.9
1873.267,1875.162,73.6781,10.000,39911.4
1873.767,1875.363,73.6792,10.000,39910.8
1873.767,1875.562,73.6816,10.000,39909.6
1874.267,1875.763,73.6751,10.000,39912.9
1874.267,1875.961,73.6868,10.000,39906.9
1874.267,1876.162,73.6844,10.000,39908.1
1874.767,1876.361,73.6888,10.000,39905.9
1874.767,1876.560,73.6637,10.000,39918.7
1875.267,1876.762,73.6652,10.000,39918.0
1875.267,1876.962,73.6781,10.000,39911.4
1875.268,1877.161,73.6852,10.000,39907.7
1875.767,1877.359,73.6867,10.000,39906.9
1875.767,1877.562,73.6994,10.000,39900.5
1876.267,1877.762,73.6981,10.000,39901.1
1876.267,1877.960,73.7134,10.000,39893.2
1876.267,1878.160,73.6958,10.000,39902.3
1876.767,1878.361,73.7077,10.000,39896.2
1876.767,1878.560,73.6883,10.000,39906.1
1877.267,1878.761,73.7057,10.000,39897.2
1877.267,1878.960,73.7153,10.000,39892.3
1877.267,1879.160,73.7580,10.000,39870.4
1877.767,1879.359,73.7152,10.000,39892.4
1877.767,1879.559,73.7147,10.000,39892.6
1878.267,1879.761,73.7111,10.000,39894.5
1878.267,1879.960,73.7039,10.000,39898.1
1878.267,1880.158,73.7025,10.000,39898.9
1878.767,1880.357,73.7290,10.000,39885.3
1878.767,1880.560,73.7179,10.000,39890.9
1879.267,1880.759,73.7282,10.000,39885.7
1879.267,1880.958,73.7148,10.000,39892.6
1879.267,1881.158,73.7197,10.000,39890.0
1879.767,1881.359,73.6947,10.000,39902.9
1879.767,1881.558,73.7256,10.000,39887.1
1880.267,1881.759,73.7314,10.000,39884.0
1880.267,1881.959,73.7095,10.000,39895.3
1880.267,1882.158,73.7140,10.000,39892.9
1880.767,1882.357,73.7345,10.000,39882.5
1880.767,1882.557,73.7412,10.000,39879.1
1881.267,1882.759,73.7334,10.000,39883.0
1881.267,1882.957,73.7368,10.000,39881.2
1881.267,1883.156,73.7420,10.000,39878.6
1881.767,1883.357,73.7358,10.000,39881.8
1881.767,1883.557,73.7417,10.000,39878.8
1882.267,1883.758,73.7441,10.000,39877.5
1882.267,1883.956,73.7432,10.000,39878.0
1882.267,1884.156,73.7332,10.000,39883.1
1882.767,1884.357,73.7368,10.000,39881.3
1882.767,1884.557,73.7520,10.000,39873.5
1883.267,1884.757,73.7453,10.000,39877.0
1883.267,1884.957,73.7451,10.000,39877.0
1883.267,1885.156,73.7838,10.000,39857.1
1883.767,1885.355,73.7539,10.000,39872.5
1883.767,1885.556,73.7555,10.000,39871.7
1884.267,1885.756,73.7606,10.000,39869.2
1884.267,1885.956,73.7573,10.000,39870.7
1884.267,1886.154,73.7638,10.000,39867.4
1884.767,1886.355,73.7560,10.000,39871.4
1884.767,1886.556,73.7520,10.000,39873.5
1885.267,1886.755,73.7655,10.000,39866.5
1885.267,1886.954,73.7637,10.000,39867.4
1885.268,1887.154,73.7642,10.000,39867.2
1885.767,1887.355,73.7606,10.000,39869.1
1885.768,1887.556,73.7567,10.000,39871.1
1886.267,1887.754,73.7492,10.000,39874.9
1886.267,1887.954,73.7734,10.000,39862.5
1886.267,1888.152,73.7676,10.000,39865.5
1886.767,1888.355,73.7620,10.000,39868.3
1886.767,1888.555,73.7793,10.000,39859.5
1887.267,1888.754,73.7653,10.000,39866.7
1887.267,1888.953,73.7799,10.000,39859.1
1887.267,1889.152,73.7690,10.000,39864.7
1887.767,1889.354,73.7759,10.000,39861.3
1887.767,1889.555,73.7803,10.000,39859.0
1888.267,1889.753,73.7858,10.000,39856.2
1888.267,1889.952,73.7780,10.000,39860.2
1888.267,1890.152,73.7749,10.000,39861.8
1888.767,1890.353,73.7871,10.000,39855.4
1888.767,1890.553,73.7759,10.000,39861.3
1889.267,1890.752,73.7856,10.000,39856.3
1889.267,1890.953,73.7946,10.000,39851.6
1889.268,1891.152,73.7860,10.000,39856.1
1889.767,1891.352,73.7905,10.000,39853.8
1889.768,1891.552,73.7838,10.000,39857.2
1890.267,1891.752,73.8278,10.000,39834.6
1890.267,1891.951,73.7798,10.000,39859.3
1890.267,1892.150,73.7920,10.000,39853.0
1890.767,1892.352,73.7944,10.000,39851.8
1890.767,1892.552,73.7925,10.000,39852.7
1891.267,1892.751,73.7969,10.000,39850.5
1891.267,1892.949,73.7830,10.000,39857.6
1891.267,1893.152,73.7982,10.000,39849.8
1891.767,1893.352,73.7866,10.000,39855.8
1891.767,1893.551,73.7838,10.000,39857.1
1892.267,1893.750,73.7878,10.000,39855.2
1892.267,1893.951,73.7614,10.000,39868.7
1892.267,1894.148,73.8052,10.000,39846.3
1892.767,1894.350,73.8135,10.000,39841.9
1892.768,1894.550,73.7966,10.000,39850.6
1893.267,1894.750,73.7576,10.000,39870.6
1893.267,1894.949,73.8158,10.000,39840.8
1893.268,1895.148,73.8053,10.000,39846.1
1893.767,1895.350,73.7894,10.000,39854.3
1893.767,1895.551,73.7987,10.000,39849.6
1894.267,1895.749,73.7985,10.000,39849.6
1894.267,1895.947,73.7962,10.000,39850.8
1894.267,1896.150,73.8120,10.000,39842.7
1894.767,1896.350,73.8022,10.000,39847.8
1894.767,1896.549,73.8061,10.000,39845.8
1895.267,1896.748,73.8247,10.000,39836.1
1895.267,1896.949,73.8151,10.000,39841.2
1895.267,1897.148,73.7910,10.000,39853.5
1895.767,1897.350,73.7905,10.000,39853.7
1895.767,1897.548,73.8029,10.000,39847.4
1896.267,1897.748,73.8086,10.000,39844.6
1896.267,1897.947,73.8060,10.000,39845.8
1896.267,1898.146,73.8068,10.000,39845.4
1896.767,1898.350,73.8104,10.000,39843.6
1896.768,1898.547,73.8200,10.000,39838.7
1897.267,1898.747,73.7952,10.000,39851.3
1897.267,1898.945,73.8058,10.000,39845.9
1897.267,1899.148,73.7959,10.000,39850.9
1897.766,1899.348,73.8227,10.000,39837.2
1897.767,1899.546,73.8086,10.000,39844.4
1898.267,1899.746,73.8144,10.000,39841.5
1898.267,1899.945,73.8184,10.000,39839.4
1898.267,1900.146,73.8281,10.000,39834.4
1898.767,1900.348,73.8097,10.000,39843.9
1898.767,1900.545,73.8193,10.000,39839.0
1899.267,1900.745,73.8114,10.000,39843.1
1899.267,1900.945,73.8193,10.000,39839.0
1899.267,1901.146,73.8187,10.000,39839.3
1899.767,1901.348,73.8100,10.000,39843.7
1899.767,1901.544,73.8159,10.000,39840.8
1900.267,1901.745,73.8164,10.000,39840.5
1900.267,1901.943,73.8164,10.000,39840.5
1900.268,1902.146,73.8138,10.000,39841.8
1900.767,1902.345,73.8094,10.000,39844.1
1900.767,1902.544,73.8228,10.000,39837.2
1901.267,1902.744,73.8184,10.000,39839.5
1901.267,1902.945,73.8115,10.000,39842.9
1901.267,1903.144,73.8177,10.000,39839.8
1901.767,1903.345,73.8221,10.000,39837.6
1901.767,1903.545,73.8228,10.000,39837.2
1902.267,1903.744,73.8236,10.000,39836.8
1902.267,1903.943,73.8151,10.000,39841.2
1902.267,1904.143,73.8200,10.000,39838.6
1902.767,1904.345,73.8332,10.000,39831.8
1902.768,1904.544,73.8296,10.000,39833.8
1903.267,1904.743,73.8286,10.000,39834.2
1903.268,1904.941,73.8166,10.000,39840.4
1903.268,1905.144,73.8193,10.000,39838.9
1903.767,1905.344,73.8192,10.000,39839.1
1903.767,1905.542,73.8272,10.000,39834.9
1904.267,1905.742,73.8135,10.000,39841.9
1904.267,1905.943,73.8294,10.000,39833.8
1904.267,1906.143,73.8242,10.000,39836.5
1904.767,1906.344,73.8148,10.000,39841.3
1904.768,1906.542,73.8100,10.000,39843.8
1905.267,1906.740,73.8330,10.000,39832.0
1905.268,1906.943,73.8247,10.000,39836.3
1905.268,1907.142,73.8114,10.000,39843.1
1905.767,1907.342,73.8340,10.000,39831.4
1905.768,1907.541,73.8239,10.000,39836.6
1906.267,1907.740,73.8254,10.000,39835.9
1906.268,1907.941,73.8242,10.000,39836.5
1906.268,1908.142,73.8192,10.000,39839.1
1906.767,1908.341,73.8327,10.000,39832.2
1906.767,1908.540,73.8367,10.000,39830.1
1907.267,1908.740,73.8726,10.000,39811.6
1907.267,1908.941,73.8359,10.000,39830.4
1907.268,1909.141,73.8380,10.000,39829.4
1907.767,1909.341,73.8252,10.000,39836.0
1907.767,1909.540,73.8394,10.000,39828.7
1908.267,1909.738,73.8185,10.000,39839.4
1908.268,1909.941,73.8255,10.000,39835.8
1908.268,1910.141,73.8228,10.000,39837.2
1908.767,1910.339,73.8340,10.000,39831.5
1908.767,1910.539,73.8428,10.000,39826.9
1909.267,1910.738,73.8418,10.000,39827.5
1909.267,1910.940,73.8244,10.000,39836.4
1909.268,1911.141,73.8410,10.000,39827.9
1909.767,1911.338,73.8340,10.000,39831.4
1909.767,1911.538,73.8350,10.000,39831.0
1910.267,1911.738,73.8400,10.000,39828.3
1910.267,1911.939,73.8364,10.000,39830.2
1910.267,1912.140,73.8214,10.000,39837.8
1910.767,1912.337,73.8460,10.000,39825.3
1910.768,1912.538,73.8359,10.000,39830.4
1911.267,1912.736,73.8267,10.000,39835.2
1911.267,1912.939,73.8493,10.000,39823.6
1911.267,1913.138,73.8392,10.000,39828.8
1911.767,1913.337,73.8380,10.000,39829.4
1911.767,1913.538,73.8385,10.000,39829.1
1912.267,1913.736,73.8431,10.000,39826.8
1912.267,1913.937,73.8319,10.000,39832.5
1912.267,1914.138,73.8340,10.000,39831.5
1912.767,1914.338,73.8312,10.000,39832.9
1912.767,1914.536,73.8472,10.000,39824.7
1913.267,1914.736,73.8359,10.000,39830.4
1913.267,1914.936,73.8550,10.000,39820.7
1913.267,1915.138,73.8503,10.000,39823.1
1913.767,1915.336,73.8496,10.000,39823.5
1913.767,1915.536,73.8481,10.000,39824.2
1914.267,1915.736,73.8499,10.000,39823.3
1914.267,1915.936,73.8433,10.000,39826.8
1914.267,1916.136,73.8491,10.000,39823.7
1914.767,1916.335,73.8452,10.000,39825.7
1914.767,1916.536,73.8379,10.000,39829.4
1915.267,1916.736,73.8384,10.000,39829.2
1915.267,1916.935,73.8447,10.000,39826.0
1915.267,1917.136,73.8618,10.000,39817.2
1915.767,1917.336,73.8560,10.000,39820.1
1915.768,1917.533,73.8538,10.000,39821.3
1916.267,1917.734,73.8558,10.000,39820.3
1916.268,1917.935,73.8574,10.000,39819.4
1916.268,1918.136,73.8400,10.000,39828.3
1916.767,1918.334,73.8579,10.000,39819.1
1916.767,1918.533,73.8550,10.000,39820.8
1917.267,1918.734,73.8542,10.000,39821.1
1917.268,1918.935,73.8550,10.000,39820.8
1917.268,1919.134,73.8577,10.000,39819.4
1917.767,1919.333,73.8638,10.000,39816.2
1917.767,1919.533,73.8599,10.000,39818.2
1918.267,1919.732,73.8693,10.000,39813.4
1918.268,1919.934,73.8558,10.000,39820.3
1918.268,1920.134,73.8525,10.000,39821.9
1918.767,1920.334,73.8564,10.000,39820.0
1918.767,1920.531,73.8608,10.000,39817.7
1919.267,1920.732,73.8563,10.000,39820.1
1919.267,1920.934,73.8613,10.000,39817.4
1919.267,1921.134,73.8704,10.000,39812.8
1919.767,1921.332,73.8569,10.000,39819.7
1919.768,1921.531,73.8612,10.000,39817.5
1920.267,1921.732,73.8592,10.000,39818.5
1920.267,1921.932,73.8293,10.000,39833.8
1920.268,1922.132,73.8592,10.000,39818.6
1920.767,1922.331,73.8644,10.000,39815.8
1920.767,1922.531,73.8603,10.000,39818.0
1921.267,1922.730,73.8616,10.000,39817.3
1921.267,1922.932,73.8740,10.000,39810.9
1921.267,1923.132,73.8745,10.000,39810.7
1921.767,1923.332,73.8770,10.000,39809.4
1921.767,1923.529,73.8529,10.000,39821.8
1922.267,1923.730,73.8674,10.000,39814.4
1922.268,1923.932,73.8784,10.000,39808.8
1922.268,1924.130,73.8765,10.000,39809.7
1922.767,1924.330,73.8649,10.000,39815.6
1922.767,1924.531,73.8620,10.000,39817.1
1923.267,1924.730,73.8625,10.000,39816.8
1923.267,1924.932,73.8825,10.000,39806.6
1923.267,1925.129,73.8975,10.000,39799.0
1923.767,1925.329,73.8678,10.000,39814.1
1923.767,1925.529,73.8739,10.000,39811.1
1924.267,1925.728,73.8823,10.000,39806.7
1924.267,1925.930,73.8721,10.000,39811.9
1924.267,1926.130,73.8724,10.000,39811.8
1924.767,1926.329,73.8817,10.000,39807.1
1924.768,1926.527,73.8771,10.000,39809.4
1925.267,1926.728,73.8901,10.000,39802.7
1925.267,1926.930,73.8682,10.000,39814.0
1925.267,1927.128,73.8693,10.000,39813.3
1925.767,1927.328,73.8691,10.000,39813.5
1925.768,1927.529,73.8843,10.000,39805.7
1926.267,1927.728,73.8916,10.000,39802.0
1926.267,1927.929,73.8770,10.000,39809.4
1926.267,1928.128,73.8779,10.000,39809.0
1926.767,1928.327,73.8717,10.000,39812.1
1926.768,1928.527,73.8979,10.000,39798.7
1927.267,1928.728,73.8786,10.000,39808.6
1927.267,1928.928,73.8805,10.000,39807.6
1927.267,1929.127,73.8911,10.000,39802.1
1927.767,1929.327,73.8745,10.000,39810.6
1927.768,1929.527,73.8916,10.000,39801.9
1928.267,1929.726,73.8892,10.000,39803.2
1928.267,1929.927,73.8470,10.000,39824.9
1928.267,1930.127,73.8940,10.000,39800.7
1928.767,1930.326,73.8690,10.000,39813.6
1928.768,1930.525,73.8890,10.000,39803.3
1929.267,1930.726,73.8880,10.000,39803.7
1929.267,1930.927,73.8960,10.000,39799.7
1929.267,1931.126,73.8872,10.000,39804.2
1929.767,1931.324,73.8846,10.000,39805.6
1929.767,1931.527,73.8835,10.000,39806.1
1930.267,1931.726,73.8814,10.000,39807.2
1930.267,1931.926,73.8965,10.000,39799.4
1930.267,1932.125,73.8950,10.000,39800.2
1930.767,1932.326,73.8926,10.000,39801.4
1930.767,1932.525,73.8916,10.000,39802.0
1931.267,1932.724,73.8966,10.000,39799.3
1931.267,1932.925,73.8931,10.000,39801.2
1931.267,1933.124,73.8875,10.000,39804.0
1931.767,1933.324,73.8975,10.000,39798.9
1931.767,1933.524,73.8864,10.000,39804.6
1932.268,1933.724,73.8984,10.000,39798.4
1932.268,1933.925,73.8965,10.000,39799.4
1932.268,1934.124,73.8965,10.000,39799.4
1932.767,1934.322,73.8838,10.000,39806.0
1932.767,1934.523,73.9103,10.000,39792.3
1933.267,1934.724,73.9038,10.000,39795.6
1933.267,1934.924,73.8984,10.000,39798.4
1933.267,1935.123,73.8965,10.000,39799.4
1933.767,1935.322,73.8799,10.000,39808.0
1933.767,1935.524,73.9009,10.000,39797.1
1934.267,1935.724,73.8931,10.000,39801.2
1934.268,1935.923,73.9137,10.000,39790.6
1934.268,1936.122,73.8965,10.000,39799.4
1934.767,1936.322,73.9079,10.000,39793.6
1934.767,1936.522,73.9098,10.000,39792.5
1935.267,1936.723,73.9183,10.000,39788.3
1935.267,1936.921,73.9154,10.000,39789.8
1935.267,1937.123,73.9036,10.000,39795.8
1935.767,1937.320,73.9129,10.000,39791.1
1935.767,1937.521,73.8874,10.000,39804.1
1936.267,1937.723,73.9184,10.000,39788.2
1936.268,1937.922,73.9202,10.000,39787.2
1936.268,1938.121,73.9196,10.000,39787.6
1936.767,1938.320,73.9224,10.000,39786.1
1936.767,1938.522,73.9056,10.000,39794.8
1937.267,1938.723,73.9198,10.000,39787.6
1937.267,1938.920,73.9189,10.000,39788.0
1937.267,1939.120,73.9575,10.000,39768.2
1937.767,1939.320,73.9736,10.000,39759.9
1937.768,1939.521,73.9118,10.000,39791.6
1938.267,1939.721,73.9043,10.000,39795.4
1938.268,1939.919,73.9194,10.000,39787.7
1938.268,1940.120,73.9289,10.000,39782.8
1938.767,1940.320,73.9313,10.000,39781.6
1938.768,1940.519,73.9305,10.000,39782.0
1939.267,1940.720,73.9316,10.000,39781.4
1939.267,1940.920,73.9668,10.000,39763.4
1939.268,1941.120,73.9333,10.000,39780.6
1939.767,1941.318,73.9256,10.000,39784.5
1939.767,1941.519,73.9326,10.000,39780.9
1940.267,1941.720,73.9298,10.000,39782.3
1940.267,1941.919,73.9331,10.000,39780.7
1940.267,1942.118,73.9323,10.000,39781.0
1940.767,1942.318,73.9287,10.000,39782.9
1940.767,1942.519,73.8838,10.000,39805.8
1941.267,1942.719,73.9261,10.000,39784.3
1941.267,1942.918,73.9416,10.000,39776.3
1941.267,1943.119,73.9354,10.000,39779.5
1941.767,1943.318,73.9422,10.000,39776.0
1941.767,1943.518,73.9388,10.000,39777.8
1942.267,1943.718,73.9341,10.000,39780.2
1942.267,1943.917,73.9121,10.000,39791.4
1942.267,1944.118,73.9388,10.000,39777.7
1942.766,1944.318,73.9443,10.000,39774.9
1942.767,1944.518,73.9430,10.000,39775.5
1943.267,1944.718,73.9585,10.000,39767.7
1943.268,1944.917,73.9401,10.000,39777.1
1943.268,1945.115,73.9469,10.000,39773.6
1943.767,1945.318,73.9530,10.000,39770.4
1943.767,1945.516,73.9489,10.000,39772.6
1944.267,1945.717,73.9248,10.000,39785.0
1944.267,1945.916,73.9409,10.000,39776.8
1944.268,1946.117,73.9530,10.000,39770.5
1944.766,1946.316,73.9364,10.000,39779.0
1944.767,1946.516,73.9525,10.000,39770.7
1945.267,1946.716,73.9448,10.000,39774.6
1945.267,1946.916,73.9456,10.000,39774.2
1945.267,1947.115,73.9499,10.000,39772.1
1945.767,1947.314,73.9497,10.000,39772.2
1945.768,1947.516,73.9945,10.000,39749.2
1946.267,1947.716,73.9600,10.000,39766.9
1946.267,1947.915,73.9548,10.000,39769.6
1946.268,1948.113,73.9489,10.000,39772.6
1946.768,1948.316,73.9559,10.000,39769.0
1946.768,1948.516,73.9546,10.000,39769.6
1947.266,1948.714,73.9458,10.000,39774.1
1947.266,1948.915,73.9463,10.000,39773.9
1947.266,1949.115,73.9463,10.000,39773.8
1947.768,1949.314,73.9473,10.000,39773.4
1947.768,1949.516,73.9440,10.000,39775.1
1948.267,1949.714,73.9468,10.000,39773.6
1948.267,1949.913,73.9453,10.000,39774.4
1948.267,1950.113,73.9875,10.000,39752.7
1948.767,1950.312,73.9629,10.000,39765.4
1948.767,1950.516,73.9434,10.000,39775.4
1949.267,1950.712,73.9429,10.000,39775.7
1949.268,1950.913,73.9619,10.000,39766.0
1949.268,1951.111,73.9653,10.000,39764.1
1949.767,1951.314,73.9601,10.000,39766.8
1949.768,1951.513,73.9632,10.000,39765.3
1950.266,1951.712,73.9575,10.000,39768.2
1950.266,1951.912,73.9394,10.000,39777.5
1950.266,1952.115,73.9497,10.000,39772.1
1950.766,1952.312,73.9539,10.000,39770.0
1950.766,1952.513,73.9443,10.000,39775.0
1951.267,1952.711,73.9539,10.000,39770.0
1951.268,1952.912,73.9596,10.000,39767.1
1951.268,1953.111,73.9567,10.000,39768.6
1951.767,1953.310,73.9546,10.000,39769.7
1951.768,1953.513,73.9601,10.000,39766.8
1952.267,1953.712,73.9715,10.000,39761.0
1952.267,1953.911,73.9700,10.000,39761.7
1952.267,1954.109,73.9593,10.000,39767.3
1952.767,1954.312,74.0042,10.000,39744.2
1952.768,1954.512,73.9552,10.000,39769.3
1953.267,1954.710,73.9538,10.000,39770.1
1953.268,1954.910,73.9580,10.000,39767.9
1953.268,1955.111,74.0132,10.000,39739.7
1953.767,1955.310,73.9762,10.000,39758.5
1953.768,1955.511,73.9482,10.000,39772.9
1954.267,1955.710,73.9621,10.000,39765.8
1954.267,1955.910,73.9676,10.000,39763.0
1954.268,1956.109,73.9692,10.000,39762.2
1954.767,1956.309,73.9652,10.000,39764.2
1954.767,1956.510,73.9653,10.000,39764.2
1955.267,1956.710,73.9683,10.000,39762.6
1955.268,1956.908,73.9800,10.000,39756.7
1955.268,1957.107,73.9567,10.000,39768.6
1955.767,1957.310,73.9637,10.000,39765.0
1955.767,1957.510,73.9767,10.000,39758.3
1956.267,1957.708,73.9811,10.000,39756.1
1956.267,1957.908,73.9648,10.000,39764.4
1956.267,1958.109,73.9326,10.000,39780.9
1956.767,1958.308,73.9819,10.000,39755.7
1956.767,1958.509,73.9705,10.000,39761.6
1957.266,1958.708,73.9728,10.000,39760.3
1957.267,1958.908,73.9855,10.000,39753.8
1957.267,1959.107,73.9850,10.000,39754.1
1957.767,1959.307,73.9858,10.000,39753.6
1957.767,1959.508,73.9800,10.000,39756.7
1958.266,1959.707,73.9912,10.000,39750.9
1958.267,1959.908,73.9893,10.000,39751.8
1958.267,1960.107,73.9821,10.000,39755.6
1958.767,1960.307,73.9800,10.000,39756.6
1958.767,1960.507,73.9951,10.000,39749.0
1959.266,1960.706,73.9951,10.000,39748.9
1959.267,1960.906,74.0021,10.000,39745.2
1959.267,1961.107,73.9920,10.000,39750.5
1959.766,1961.307,73.9993,10.000,39746.7
1959.767,1961.507,73.9964,10.000,39748.3
1960.266,1961.706,73.9907,10.000,39751.1
1960.266,1961.906,73.9935,10.000,39749.7
1960.267,1962.106,74.0130,10.000,39739.7
1960.767,1962.306,74.0161,10.000,39738.1
1960.767,1962.505,74.0000,10.000,39746.4
1961.266,1962.705,74.0078,10.000,39742.4
1961.267,1962.906,74.0106,10.000,39740.9
1961.267,1963.106,74.0031,10.000,39744.8
1961.766,1963.306,74.0064,10.000,39743.1
1961.767,1963.504,74.0120,10.000,39740.2
1962.267,1963.704,74.0143,10.000,39739.0
1962.268,1963.904,74.0132,10.000,39739.6
1962.268,1964.105,74.0109,10.000,39740.7
1962.767,1964.305,74.0195,10.000,39736.4
1962.767,1964.503,74.0156,10.000,39738.4
1963.267,1964.704,74.0168,10.000,39737.8
1963.267,1964.904,74.0288,10.000,39731.6
1963.267,1965.103,74.0109,10.000,39740.8
1963.767,1965.304,74.0120,10.000,39740.2
1963.767,1965.504,74.0280,10.000,39732.0
1964.267,1965.704,74.0146,10.000,39738.8
1964.267,1965.902,74.0296,10.000,39731.2
1964.267,1966.103,74.0391,10.000,39726.3
1964.767,1966.304,74.0423,10.000,39724.7
1964.767,1966.504,74.0376,10.000,39727.1
1965.267,1966.702,74.0400,10.000,39725.8
1965.268,1966.902,74.0296,10.000,39731.2
1965.268,1967.103,74.0371,10.000,39727.3
1965.766,1967.304,74.0415,10.000,39725.1
1965.767,1967.502,74.0309,10.000,39730.6
1966.267,1967.702,74.0216,10.000,39735.2
1966.267,1967.902,74.0347,10.000,39728.6
1966.267,1968.102,74.0239,10.000,39734.2
1966.767,1968.302,74.0277,10.000,39732.2
1966.767,1968.501,74.0272,10.000,39732.5
1967.267,1968.702,74.0278,10.000,39732.1
1967.268,1968.902,74.0317,10.000,39730.0
1967.268,1969.102,74.0418,10.000,39725.0
1967.767,1969.302,74.0537,10.000,39718.8
1967.767,1969.501,74.0506,10.000,39720.4
1968.267,1969.701,74.0496,10.000,39720.9
1968.267,1969.900,74.0448,10.000,39723.5
1968.268,1970.100,74.0542,10.000,39718.6
1968.767,1970.301,74.0334,10.000,39729.2
1968.767,1970.500,74.0407,10.000,39725.5
1969.267,1970.701,74.0423,10.000,39724.8
1969.267,1970.900,74.0356,10.000,39728.1
1969.267,1971.100,74.0457,10.000,39722.9
1969.767,1971.300,74.0511,10.000,39720.2
1969.767,1971.499,74.0412,10.000,39725.2
1970.267,1971.699,74.0353,10.000,39728.3
1970.267,1971.898,74.0500,10.000,39720.8
1970.267,1972.100,74.0519,10.000,39719.8
1970.767,1972.300,74.0529,10.000,39719.2
1970.767,1972.499,74.0342,10.000,39728.9
1971.267,1972.697,74.0500,10.000,39720.8
1971.267,1972.898,74.0443,10.000,39723.7
1971.268,1973.100,74.0369,10.000,39727.5
1971.767,1973.300,74.0449,10.000,39723.3
1971.768,1973.498,74.0508,10.000,39720.4
1972.267,1973.697,74.0306,10.000,39730.7
1972.267,1973.898,74.0478,10.000,39721.8
1972.267,1974.100,74.0537,10.000,39718.8
1972.766,1974.298,74.0501,10.000,39720.7
1972.767,1974.497,74.0579,10.000,39716.7
1973.267,1974.697,74.0488,10.000,39721.4
1973.268,1974.898,74.0389,10.000,39726.4
1973.268,1975.098,74.0519,10.000,39719.8
1973.767,1975.296,74.0560,10.000,39717.7
1973.767,1975.497,74.0474,10.000,39722.1
1974.267,1975.697,74.0483,10.000,39721.5
1974.267,1975.896,74.0568,10.000,39717.2
1974.267,1976.098,74.0464,10.000,39722.7
1974.767,1976.296,74.0435,10.000,39724.1
1974.767,1976.496,74.0581,10.000,39716.6
1975.267,1976.697,74.0659,10.000,39712.6
1975.268,1976.896,74.0654,10.000,39712.8
1975.268,1977.098,74.0586,10.000,39716.4
1975.767,1977.295,74.0640,10.000,39713.6
1975.768,1977.496,74.0527,10.000,39719.4
1976.267,1977.695,74.0560,10.000,39717.7
1976.268,1977.894,74.0664,10.000,39712.3
1976.268,1978.096,74.0623,10.000,39714.4
1976.767,1978.294,74.0728,10.000,39709.0
1976.767,1978.496,74.0566,10.000,39717.3
1977.267,1978.693,74.0568,10.000,39717.2
1977.267,1978.894,74.0581,10.000,39716.6
1977.268,1979.095,74.0527,10.000,39719.4
1977.767,1979.295,74.0714,10.000,39709.7
1977.767,1979.495,74.0643,10.000,39713.4
1978.267,1979.693,74.0661,10.000,39712.5
1978.267,1979.894,74.0682,10.000,39711.4
1978.267,1980.095,74.0239,10.000,39734.1
1978.767,1980.294,74.0632,10.000,39714.0
1978.767,1980.493,74.0732,10.000,39708.9
1979.267,1980.693,74.0731,10.000,39708.9
1979.268,1980.894,74.0641,10.000,39713.5
1979.268,1981.094,74.0382,10.000,39726.7
1979.767,1981.293,74.0723,10.000,39709.4
1979.767,1981.493,74.0566,10.000,39717.3
1980.267,1981.693,74.0732,10.000,39708.8
1980.267,1981.892,74.0576,10.000,39716.7
1980.268,1982.093,74.0755,10.000,39707.7
1980.767,1982.292,74.0666,10.000,39712.2
1980.767,1982.493,74.0768,10.000,39707.0
1981.267,1982.693,74.0252,10.000,39733.4
1981.268,1982.892,74.0708,10.000,39710.0
1981.268,1983.093,74.0698,10.000,39710.5
1981.767,1983.292,74.0456,10.000,39723.0
1981.767,1983.492,74.0719,10.000,39709.5
1982.266,1983.691,74.0703,10.000,39710.3
1982.267,1983.891,74.0765,10.000,39707.2
1982.267,1984.093,74.0825,10.000,39704.1
1982.767,1984.292,74.0972,10.000,39696.6
1982.767,1984.490,74.0770,10.000,39706.9
1983.267,1984.691,74.0884,10.000,39701.1
1983.267,1984.891,74.0615,10.000,39714.8
1983.267,1985.092,74.0760,10.000,39707.4
1983.767,1985.290,74.0671,10.000,39712.0
1983.767,1985.490,74.0783,10.000,39706.2
1984.267,1985.691,74.0859,10.000,39702.3
1984.267,1985.891,74.0755,10.000,39707.6
1984.268,1986.091,74.0828,10.000,39703.8
1984.767,1986.290,74.0801,10.000,39705.4
1984.767,1986.490,74.0705,10.000,39710.3
1985.267,1986.689,74.0630,10.000,39714.1
1985.267,1986.890,74.0854,10.000,39702.6
1985.268,1987.089,74.0658,10.000,39712.7
1985.767,1987.290,74.0924,10.000,39699.0
1985.767,1987.490,74.0853,10.000,39702.6
1986.267,1987.689,74.0820,10.000,39704.3
1986.267,1987.890,74.0801,10.000,39705.4
1986.268,1988.088,74.0851,10.000,39702.7
1986.767,1988.289,74.1317,10.000,39678.9
1986.768,1988.488,74.0879,10.000,39701.4
1987.267,1988.688,74.0864,10.000,39702.0
1987.267,1988.889,74.0887,10.000,39700.9
1987.267,1989.087,74.0884,10.000,39701.1
1987.767,1989.289,74.0845,10.000,39703.1
1987.767,1989.488,74.0781,10.000,39706.3
1988.267,1989.687,74.0669,10.000,39712.1
1988.268,1989.888,74.0938,10.000,39698.3
1988.268,1990.087,74.0806,10.000,39705.0
1988.767,1990.288,74.0854,10.000,39702.5
1988.768,1990.488,74.0933,10.000,39698.5
1989.267,1990.687,74.0900,10.000,39700.2
1989.268,1990.888,74.0793,10.000,39705.7
1989.268,1991.086,74.0916,10.000,39699.4
1989.767,1991.287,74.0872,10.000,39701.7
1989.768,1991.486,74.0947,10.000,39697.8
1990.267,1991.687,74.1050,10.000,39692.6
1990.268,1991.888,74.1211,10.000,39684.3
1990.268,1992.086,74.0809,10.000,39704.9
1990.767,1992.286,74.0941,10.000,39698.1
1990.768,1992.486,74.1323,10.000,39678.5
1991.267,1992.685,74.1051,10.000,39692.5
1991.268,1992.886,74.0980,10.000,39696.1
1991.268,1993.085,74.0928,10.000,39698.8
1991.767,1993.286,74.0924,10.000,39699.0
1991.767,1993.486,74.1141,10.000,39687.9
1992.267,1993.685,74.1382,10.000,39675.5
1992.268,1993.886,74.0872,10.000,39701.7
1992.268,1994.085,74.1034,10.000,39693.4
1992.767,1994.285,74.0864,10.000,39702.2
1992.767,1994.484,74.0820,10.000,39704.3
1993.267,1994.684,74.0972,10.000,39696.6
1993.268,1994.885,74.1011,10.000,39694.6
1993.268,1995.084,74.1058,10.000,39692.1
1993.767,1995.285,74.0944,10.000,39697.9
1993.767,1995.484,74.0993,10.000,39695.4
1994.267,1995.684,74.1034,10.000,39693.4
1994.267,1995.884,74.1242,10.000,39682.7
1994.268,1996.084,74.0949,10.000,39697.8
1994.767,1996.283,74.1071,10.000,39691.4
1994.768,1996.482,74.1051,10.000,39692.5
1995.267,1996.684,74.0962,10.000,39697.1
1995.268,1996.884,74.1149,10.000,39687.5
1995.268,1997.084,74.1528,10.000,39668.0
1995.767,1997.283,74.0996,10.000,39695.4
1995.768,1997.482,74.0941,10.000,39698.1
1996.267,1997.682,74.1097,10.000,39690.1
1996.267,1997.884,74.1095,10.000,39690.2
1996.267,1998.082,74.1113,10.000,39689.3
1996.767,1998.281,74.1020,10.000,39694.1
1996.767,1998.482,74.1043,10.000,39692.9
1997.267,1998.682,74.1099,10.000,39690.0
1997.268,1998.882,74.1201,10.000,39684.7
1997.268,1999.081,74.0511,10.000,39720.2
1997.767,1999.281,74.1154,10.000,39687.2
1997.768,1999.482,74.1294,10.000,39680.0
1998.267,1999.682,74.1068,10.000,39691.7
1998.268,1999.882,74.1169,10.000,39686.5
1998.268,2000.082,74.1105,10.000,39689.7
1998.767,2000.281,74.1164,10.000,39686.7
1998.768,2000.480,74.0786,10.000,39706.0
1999.267,2000.682,74.1069,10.000,39691.6
1999.268,2000.880,74.1235,10.000,39683.0
1999.268,2001.081,74.1125,10.000,39688.6
1999.767,2001.279,74.1133,10.000,39688.3
1999.767,2001.480,74.1294,10.000,39680.0
2000.267,2001.682,74.1196,10.000,39685.0
2000.268,2001.880,74.1146,10.000,39687.6
2000.268,2002.079,74.0986,10.000,39695.8
2000.766,2002.279,74.1172,10.000,39686.2
2000.767,2002.480,74.1255,10.000,39682.1
2001.267,2002.680,74.1156,10.000,39687.1
2001.268,2002.878,74.1452,10.000,39671.9
2001.268,2003.079,74.1326,10.000,39678.4
2001.767,2003.279,74.1235,10.000,39683.1
2001.768,2003.478,74.1216,10.000,39684.1
2002.267,2003.679,74.1255,10.000,39682.0
2002.268,2003.878,74.1201,10.000,39684.8
2002.268,2004.079,74.1224,10.000,39683.6
2002.767,2004.279,74.1346,10.000,39677.4
2002.768,2004.478,74.1248,10.000,39682.4
2003.267,2004.679,74.1305,10.000,39679.5
2003.268,2004.879,74.1314,10.000,39679.0
2003.268,2005.078,74.1322,10.000,39678.7
2003.767,2005.277,74.1263,10.000,39681.6
2003.768,2005.476,74.1348,10.000,39677.3
2004.266,2005.678,74.1255,10.000,39682.1
2004.267,2005.878,74.1170,10.000,39686.4
2004.267,2006.078,74.1294,10.000,39680.0
2004.766,2006.275,74.1344,10.000,39677.4
2004.767,2006.476,74.1305,10.000,39679.4
2005.266,2006.678,74.1255,10.000,39682.1
2005.267,2006.877,74.1393,10.000,39674.9
2005.267,2007.076,74.1369,10.000,39676.2
2005.767,2007.275,74.1523,10.000,39668.2
2005.768,2007.476,74.1427,10.000,39673.2
2005.768,2007.677,74.1380,10.000,39675.7
2006.267,2007.876,74.1379,10.000,39675.7
2006.268,2008.074,74.1497,10.000,39669.6
2006.767,2008.277,74.1217,10.000,39683.9
2006.768,2008.475,74.1426,10.000,39673.4
2006.768,2008.676,74.1421,10.000,39673.5
2007.267,2008.876,74.1447,10.000,39672.2
2007.268,2009.076,74.1367,10.000,39676.3
2007.767,2009.274,74.1414,10.000,39673.9
2007.768,2009.474,74.1406,10.000,39674.3
2007.768,2009.676,74.1439,10.000,39672.6
2008.267,2009.874,74.1377,10.000,39675.8
2008.268,2010.074,74.1314,10.000,39679.0
2008.767,2010.274,74.1326,10.000,39678.4
2008.768,2010.475,74.1348,10.000,39677.4
2008.768,2010.675,74.1481,10.000,39670.4
2009.267,2010.874,74.1479,10.000,39670.6
2009.268,2011.074,74.1439,10.000,39672.7
2009.767,2011.274,74.1440,10.000,39672.6
2009.768,2011.474,74.1546,10.000,39667.1
2009.768,2011.674,74.1475,10.000,39670.8
2010.267,2011.874,74.1380,10.000,39675.6
2010.268,2012.074,74.1421,10.000,39673.5
2010.767,2012.273,74.1716,10.000,39658.4
2010.768,2012.474,74.1551,10.000,39666.9
2010.768,2012.673,74.1574,10.000,39665.7
2011.267,2012.873,74.1571,10.000,39665.8
2011.267,2013.072,74.1567,10.000,39666.0
2011.766,2013.272,74.1475,10.000,39670.8
2011.767,2013.473,74.1352,10.000,39677.1
2011.767,2013.671,74.1585,10.000,39665.1
2012.266,2013.873,74.1564,10.000,39666.2
2012.266,2014.070,74.1545,10.000,39667.2
2012.767,2014.271,74.1572,10.000,39665.8
2012.767,2014.472,74.1574,10.000,39665.6
2012.768,2014.671,74.1606,10.000,39664.0
2013.266,2014.872,74.1494,10.000,39669.8
2013.266,2015.070,74.1631,10.000,39662.8
2013.766,2015.271,74.1629,10.000,39662.9
2013.767,2015.472,74.1823,10.000,39652.9
2013.767,2015.671,74.1507,10.000,39669.1
2014.266,2015.870,74.1676,10.000,39660.5
2014.266,2016.070,74.1753,10.000,39656.5
2014.766,2016.271,74.1597,10.000,39664.5
2014.767,2016.472,74.1699,10.000,39659.3
2014.767,2016.669,74.1517,10.000,39668.6
2015.266,2016.870,74.1632,10.000,39662.7
2015.267,2017.070,74.1510,10.000,39668.9
2015.766,2017.270,74.1616,10.000,39663.5
2015.767,2017.470,74.1590,10.000,39664.9
2015.767,2017.669,74.1551,10.000,39666.8
2016.266,2017.870,74.1657,10.000,39661.4
2016.267,2018.068,74.1668,10.000,39660.8
2016.766,2018.269,74.1738,10.000,39657.2
2016.767,2018.470,74.1828,10.000,39652.7
2016.767,2018.670,74.1650,10.000,39661.9
2017.266,2018.868,74.1790,10.000,39654.6
2017.267,2019.068,74.1769,10.000,39655.6
2017.767,2019.269,74.1795,10.000,39654.4
2017.767,2019.469,74.1434,10.000,39672.9
2017.767,2019.668,74.1776,10.000,39655.4
2018.266,2019.868,74.1743,10.000,39657.1
2018.267,2020.068,74.1868,10.000,39650.6
2018.766,2020.268,74.1838,10.000,39652.2
2018.767,2020.468,74.1912,10.000,39648.4
2018.767,2020.668,74.1769,10.000,39655.7
2019.266,2020.868,74.1857,10.000,39651.1
2019.266,2021.066,74.1909,10.000,39648.5
2019.766,2021.268,74.1877,10.000,39650.1
2019.766,2021.468,74.1771,10.000,39655.6
2019.766,2021.668,74.1875,10.000,39650.3
2020.266,2021.867,74.1956,10.000,39646.1
2020.267,2022.066,74.1894,10.000,39649.2
2020.766,2022.266,74.1961,10.000,39645.8
2020.766,2022.467,74.1888,10.000,39649.6
2020.766,2022.667,74.1942,10.000,39646.9
2021.266,2022.867,74.2013,10.000,39643.1
2021.267,2023.066,74.1987,10.000,39644.5
2021.766,2023.266,74.1930,10.000,39647.4
2021.767,2023.466,74.2067,10.000,39640.4
2021.767,2023.666,74.2038,10.000,39641.9
2022.266,2023.865,74.1960,10.000,39645.9
2022.267,2024.064,74.2088,10.000,39639.3
2022.766,2024.266,74.2048,10.000,39641.4
2022.767,2024.466,74.1875,10.000,39650.2
2022.767,2024.666,74.2191,10.000,39634.1
2023.266,2024.865,74.2117,10.000,39637.8
2023.267,2025.064,74.2134,10.000,39636.9
2023.766,2025.266,74.2409,10.000,39622.8
2023.766,2025.464,74.2176,10.000,39634.8
2023.766,2025.665,74.2163,10.000,39635.5
2024.266,2025.863,74.2181,10.000,39634.5
2024.266,2026.064,74.2108,10.000,39638.4
2024.766,2026.266,74.2251,10.000,39630.9
2024.766,2026.464,74.2236,10.000,39631.7
2024.766,2026.664,74.2106,10.000,39638.4
2025.266,2026.863,74.2222,10.000,39632.4
2025.266,2027.062,74.2147,10.000,39636.3
2025.766,2027.264,74.2292,10.000,39628.8
2025.767,2027.464,74.2487,10.000,39618.9
2025.767,2027.664,74.2300,10.000,39628.5
2026.266,2027.861,74.2340,10.000,39626.4
2026.267,2028.062,74.2305,10.000,39628.2
2026.768,2028.263,74.2313,10.000,39627.8
2026.768,2028.463,74.2337,10.000,39626.6
2026.768,2028.663,74.2184,10.000,39634.4
2027.266,2028.861,74.2342,10.000,39626.4
2027.267,2029.062,74.2378,10.000,39624.4
2027.767,2029.263,74.2324,10.000,39627.3
2027.767,2029.463,74.2349,10.000,39626.0
2027.767,2029.662,74.2349,10.000,39626.0
2028.267,2029.861,74.2645,10.000,39610.8
2028.267,2030.060,74.2378,10.000,39624.4
2028.767,2030.262,74.2365,10.000,39625.1
2028.767,2030.462,74.2329,10.000,39627.0
2028.767,2030.661,74.2409,10.000,39622.9
2029.267,2030.859,74.2347,10.000,39626.0
2029.267,2031.062,74.2508,10.000,39617.7
2029.767,2031.261,74.2505,10.000,39617.9
2029.767,2031.460,74.2520,10.000,39617.2
2029.767,2031.660,74.3245,10.000,39580.0
2030.271,2031.861,74.2515,10.000,39617.4
2030.271,2032.060,74.2371,10.000,39624.8
2030.767,2032.261,74.2578,10.000,39614.2
2030.767,2032.460,74.2642,10.000,39611.0
2030.767,2032.660,74.2502,10.000,39618.1
2031.267,2032.859,74.2456,10.000,39620.4
2031.267,2033.059,74.2632,10.000,39611.4
2031.767,2033.261,74.2653,10.000,39610.3
2031.767,2033.460,74.2559,10.000,39615.2
2031.767,2033.660,74.2638,10.000,39611.1
2032.292,2033.857,74.2539,10.000,39616.1
2032.292,2034.058,74.2523,10.000,39617.0
2032.767,2034.260,74.2619,10.000,39612.1
2032.767,2034.459,74.2690,10.000,39608.5
2032.767,2034.658,74.2568,10.000,39614.6
2033.267,2034.857,74.2588,10.000,39613.8
2033.267,2035.059,74.3278,10.000,39578.2
2033.766,2035.260,74.2752,10.000,39605.3
2033.767,2035.458,74.2733,10.000,39606.2
2033.767,2035.656,74.2697,10.000,39608.1
2034.268,2035.859,74.2612,10.000,39612.5
2034.268,2036.057,74.2817,10.000,39602.0
2034.767,2036.258,74.2865,10.000,39599.5
2034.767,2036.458,74.2638,10.000,39611.1
2034.767,2036.658,74.2681,10.000,39609.0
2035.267,2036.857,74.2842,10.000,39600.7
2035.268,2037.057,74.2783,10.000,39603.7
2035.767,2037.258,74.2788,10.000,39603.5
2035.767,2037.457,74.2767,10.000,39604.5
2035.767,2037.656,74.2926,10.000,39596.3
2036.267,2037.856,74.2852,10.000,39600.1
2036.268,2038.057,74.2957,10.000,39594.7
2036.767,2038.257,74.2899,10.000,39597.8
2036.767,2038.457,74.2956,10.000,39594.8
2036.767,2038.654,74.3018,10.000,39591.6
2037.267,2038.855,74.2778,10.000,39603.8
2037.268,2039.056,74.2895,10.000,39597.9
2037.767,2039.256,74.3045,10.000,39590.2
2037.767,2039.456,74.3016,10.000,39591.7
2037.767,2039.654,74.3058,10.000,39589.6
2038.267,2039.855,74.3016,10.000,39591.7
2038.267,2040.056,74.2985,10.000,39593.3
2038.767,2040.255,74.2798,10.000,39602.9
2038.768,2040.454,74.3120,10.000,39586.4
2038.768,2040.654,74.3079,10.000,39588.5
2039.267,2040.854,74.3115,10.000,39586.7
2039.267,2041.056,74.2783,10.000,39603.6
2039.766,2041.253,74.3039,10.000,39590.6
2039.767,2041.454,74.3164,10.000,39584.2
2039.767,2041.654,74.3078,10.000,39588.6
2040.267,2041.854,74.3125,10.000,39586.2
2040.267,2042.054,74.3083,10.000,39588.3
2040.767,2042.253,74.3750,10.000,39554.2
2040.768,2042.454,74.3032,10.000,39590.9
2040.768,2042.654,74.3312,10.000,39576.6
2041.267,2042.853,74.3252,10.000,39579.6
2041.267,2043.054,74.3205,10.000,39582.1
2041.767,2043.254,74.3088,10.000,39588.0
2041.768,2043.453,74.2935,10.000,39595.9
2041.768,2043.652,74.3437,10.000,39570.1
2042.267,2043.852,74.3205,10.000,39582.0
2042.268,2044.054,74.3272,10.000,39578.6
2042.767,2044.253,74.3144,10.000,39585.1
2042.767,2044.452,74.3232,10.000,39580.6
2042.767,2044.650,74.3265,10.000,39579.0
2043.267,2044.853,74.3231,10.000,39580.7
2043.268,2045.052,74.3301,10.000,39577.1
2043.767,2045.251,74.3237,10.000,39580.3
2043.767,2045.451,74.3385,10.000,39572.8
2043.767,2045.652,74.2938,10.000,39595.7
2044.267,2045.852,74.3330,10.000,39575.6
2044.268,2046.052,74.3309,10.000,39576.7
2044.767,2046.251,74.3428,10.000,39570.6
2044.768,2046.451,74.3434,10.000,39570.3
2044.768,2046.650,74.3364,10.000,39573.9
2045.267,2046.852,74.3491,10.000,39567.4
2045.268,2047.051,74.3480,10.000,39568.0
2045.767,2047.252,74.3421,10.000,39571.0
2045.767,2047.449,74.3558,10.000,39564.0
2045.767,2047.648,74.3449,10.000,39569.5
2046.267,2047.850,74.3520,10.000,39565.8
2046.268,2048.047,74.3467,10.000,39568.6
2046.767,2048.247,74.3467,10.000,39568.7
2046.767,2048.445,74.3468,10.000,39568.5
2046.767,2048.644,74.3621,10.000,39560.7
2047.267,2048.845,74.3597,10.000,39562.0
2047.267,2049.043,74.3382,10.000,39573.0
2047.767,2049.242,74.3457,10.000,39569.1
2047.767,2049.441,74.3564,10.000,39563.6
2047.768,2049.641,74.3604,10.000,39561.6
2048.267,2049.841,74.3599,10.000,39561.9
2048.267,2050.040,74.3685,10.000,39557.4
2048.767,2050.238,74.3730,10.000,39555.1
2048.767,2050.438,74.3626,10.000,39560.5
2048.768,2050.640,74.3691,10.000,39557.1
2049.267,2050.836,74.3685,10.000,39557.4
2049.267,2051.035,74.3732,10.000,39555.0
2049.767,2051.234,74.3745,10.000,39554.3
2049.767,2051.435,74.3633,10.000,39560.1
2049.767,2051.633,74.3659,10.000,39558.7
2050.267,2051.832,74.3478,10.000,39568.1
2050.267,2052.032,74.3672,10.000,39558.0
2050.767,2052.232,74.3791,10.000,39552.0
2050.767,2052.431,74.3706,10.000,39556.3
2050.767,2052.629,74.3794,10.000,39551.8
2051.267,2052.829,74.3822,10.000,39550.5
2051.267,2053.027,74.3893,10.000,39546.8
2051.766,2053.226,74.3812,10.000,39550.9
2051.766,2053.426,74.3722,10.000,39555.5
2051.766,2053.626,74.3901,10.000,39546.3
2052.267,2053.824,74.3789,10.000,39552.0
2052.267,2054.024,74.3693,10.000,39557.0
2052.767,2054.224,74.3893,10.000,39546.7
2052.768,2054.422,74.3936,10.000,39544.5
2052.768,2054.621,74.4430,10.000,39519.2
2053.267,2054.820,74.3888,10.000,39546.9
2053.267,2055.021,74.3862,10.000,39548.3
2053.767,2055.220,74.3940,10.000,39544.3
2053.767,2055.418,74.3911,10.000,39545.8
2053.767,2055.618,74.3916,10.000,39545.6
2054.267,2055.818,74.3916,10.000,39545.6
2054.267,2056.016,74.4059,10.000,39538.2
2054.767,2056.215,74.3830,10.000,39550.0
2054.768,2056.415,74.4023,10.000,39540.1
2054.768,2056.614,74.4059,10.000,39538.2
2055.267,2056.812,74.3909,10.000,39545.9
2055.267,2057.013,74.4102,10.000,39536.1
2055.767,2057.211,74.3927,10.000,39545.0
2055.768,2057.410,74.3975,10.000,39542.6
2055.768,2057.609,74.3960,10.000,39543.4
2056.267,2057.809,74.3846,10.000,39549.2
2056.267,2058.009,74.3628,10.000,39560.4
2056.767,2058.208,74.4131,10.000,39534.6
2056.767,2058.406,74.4040,10.000,39539.2
2056.767,2058.606,74.4180,10.000,39532.1
2057.267,2058.808,74.4224,10.000,39529.7
2057.268,2059.004,74.4038,10.000,39539.2
2057.767,2059.203,74.4294,10.000,39526.2
2057.767,2059.402,74.4105,10.000,39535.9
2057.767,2059.603,74.4076,10.000,39537.4
2058.267,2059.801,74.4189,10.000,39531.5
2058.267,2060.000,74.4183,10.000,39531.9
2058.767,2060.200,74.4235,10.000,39529.2
2058.767,2060.398,74.4211,10.000,39530.4
2058.768,2060.599,74.4294,10.000,39526.2
2059.267,2060.797,74.4263,10.000,39527.8
2059.267,2060.997,74.4272,10.000,39527.3
2059.767,2061.195,74.4198,10.000,39531.1
2059.768,2061.394,74.4354,10.000,39523.1
2059.768,2061.597,74.4380,10.000,39521.7
2060.267,2061.793,74.4412,10.000,39520.1
2060.267,2061.992,74.4312,10.000,39525.3
2060.766,2062.191,74.4569,10.000,39512.1
2060.767,2062.391,74.4718,10.000,39504.4
2060.767,2062.591,74.4365,10.000,39522.5
2061.267,2062.789,74.4341,10.000,39523.8
2061.267,2062.988,74.4458,10.000,39517.8
2061.767,2063.189,74.4443,10.000,39518.6
2061.768,2063.388,74.4443,10.000,39518.5
2061.768,2063.586,74.4416,10.000,39520.0
2062.267,2063.785,74.4528,10.000,39514.2
2062.267,2063.986,74.4751,10.000,39502.8
2062.767,2064.184,74.4456,10.000,39517.9
2062.768,2064.383,74.4515,10.000,39514.8
2062.768,2064.583,74.4492,10.000,39516.1
2063.267,2064.781,74.4487,10.000,39516.2
2063.267,2064.980,74.4557,10.000,39512.7
2063.767,2065.181,74.4593,10.000,39510.9
2063.768,2065.379,74.4398,10.000,39520.9
2063.768,2065.578,74.4557,10.000,39512.6
2064.266,2065.777,74.4569,10.000,39512.1
2064.266,2065.976,74.4741,10.000,39503.2
2064.767,2066.180,74.4609,10.000,39510.0
2064.767,2066.375,74.4587,10.000,39511.2
2064.768,2066.574,74.4696,10.000,39505.6
2065.267,2066.774,74.4627,10.000,39509.1
2065.267,2066.974,74.4626,10.000,39509.2
2065.267,2067.172,74.4614,10.000,39509.9
2065.767,2067.371,74.4793,10.000,39500.6
2065.768,2067.570,74.4798,10.000,39500.3
2066.267,2067.770,74.4715,10.000,39504.6
2066.267,2067.972,74.4844,10.000,39498.0
2066.268,2068.168,74.4718,10.000,39504.4
2066.767,2068.367,74.4447,10.000,39518.4
2066.767,2068.566,74.4813,10.000,39499.6
2067.267,2068.767,74.4824,10.000,39498.9
2067.267,2068.965,74.4862,10.000,39497.1
2067.268,2069.164,74.4883,10.000,39496.1
2067.767,2069.364,74.4857,10.000,39497.3
2067.767,2069.562,74.4891,10.000,39495.6
2068.267,2069.763,74.4806,10.000,39499.9
2068.267,2069.961,74.4956,10.000,39492.3
2068.267,2070.161,74.4963,10.000,39491.9
2068.767,2070.359,74.4987,10.000,39490.6
2068.767,2070.559,74.5047,10.000,39487.6
2069.267,2070.758,74.4831,10.000,39498.6
2069.267,2070.958,74.5046,10.000,39487.7
2069.268,2071.156,74.5010,10.000,39489.4
2069.767,2071.356,74.5050,10.000,39487.4
2069.768,2071.556,74.5046,10.000,39487.7
2070.267,2071.754,74.5055,10.000,39487.1
2070.268,2071.953,74.5036,10.000,39488.1
2070.268,2072.152,74.4881,10.000,39496.1
2070.767,2072.352,74.5003,10.000,39489.8
2070.768,2072.554,74.5098,10.000,39484.9
2071.267,2072.750,74.5125,10.000,39483.6
2071.267,2072.949,74.5202,10.000,39479.6
2071.268,2073.150,74.5260,10.000,39476.6
2071.767,2073.349,74.5254,10.000,39477.0
2071.768,2073.547,74.5244,10.000,39477.5
2072.267,2073.746,74.5426,10.000,39468.1
2072.267,2073.946,74.5338,10.000,39472.6
2072.268,2074.144,74.5194,10.000,39480.1
2072.767,2074.345,74.5915,10.000,39443.0
2072.767,2074.543,74.5381,10.000,39470.5
2073.267,2074.742,74.5288,10.000,39475.2
2073.267,2074.941,74.5275,10.000,39475.8
2073.268,2075.141,74.5415,10.000,39468.8
2073.767,2075.341,74.5361,10.000,39471.4
2073.767,2075.540,74.5212,10.000,39479.1
2074.267,2075.738,74.5293,10.000,39474.9
2074.267,2075.938,74.5441,10.000,39467.4
2074.268,2076.140,74.5413,10.000,39468.8
2074.767,2076.336,74.5601,10.000,39459.1
2074.768,2076.535,74.5435,10.000,39467.6
2075.267,2076.734,74.5410,10.000,39468.9
2075.268,2076.935,74.5405,10.000,39469.2
2075.268,2077.133,74.5732,10.000,39452.5
2075.767,2077.332,74.5558,10.000,39461.3
2075.768,2077.532,74.5391,10.000,39469.9
2076.267,2077.730,74.5614,10.000,39458.6
2076.267,2077.931,74.5503,10.000,39464.2
2076.267,2078.129,74.5606,10.000,39458.9
2076.767,2078.329,74.5594,10.000,39459.5
2076.767,2078.527,74.5586,10.000,39459.9
2077.267,2078.726,74.5693,10.000,39454.4
2077.268,2078.930,74.5671,10.000,39455.6
2077.268,2079.125,74.5625,10.000,39457.9
2077.767,2079.324,74.5513,10.000,39463.7
2077.767,2079.524,74.5799,10.000,39449.0
2078.267,2079.724,74.5627,10.000,39457.8
2078.268,2079.923,74.5539,10.000,39462.3
2078.268,2080.121,74.5778,10.000,39450.1
2078.767,2080.320,74.5698,10.000,39454.2
2078.767,2080.520,74.5817,10.000,39448.1
2079.267,2080.722,74.5548,10.000,39461.9
2079.268,2080.918,74.5757,10.000,39451.2
2079.268,2081.117,74.5871,10.000,39445.3
2079.767,2081.318,74.5841,10.000,39446.8
2079.768,2081.516,74.5798,10.000,39449.1
2080.267,2081.715,74.5947,10.000,39441.4
2080.268,2081.914,74.6097,10.000,39433.7
2080.268,2082.114,74.6230,10.000,39426.9
2080.767,2082.312,74.5820,10.000,39447.9
2080.767,2082.513,74.5915,10.000,39443.1
2081.266,2082.711,74.6006,10.000,39438.5
2081.266,2082.910,74.5998,10.000,39438.8
2081.267,2083.109,74.5812,10.000,39448.3
2081.767,2083.310,74.6367,10.000,39419.8
2081.767,2083.509,74.6012,10.000,39438.1
2082.267,2083.707,74.5993,10.000,39439.0
2082.267,2083.906,74.5770,10.000,39450.6
2082.267,2084.107,74.6079,10.000,39434.7
2082.766,2084.308,74.6064,10.000,39435.4
2082.767,2084.504,74.6022,10.000,39437.5
2083.266,2084.703,74.6159,10.000,39430.5
2083.267,2084.904,74.6152,10.000,39430.9
2083.267,2085.102,74.6191,10.000,39428.9
2083.767,2085.301,74.6151,10.000,39431.0
2083.767,2085.501,74.6079,10.000,39434.6
2084.267,2085.700,74.6162,10.000,39430.3
2084.267,2085.898,74.6136,10.000,39431.7
2084.267,2086.099,74.6151,10.000,39431.0
2084.767,2086.297,74.6318,10.000,39422.4
2084.767,2086.496,74.6509,10.000,39412.7
2085.267,2086.695,74.6260,10.000,39425.3
2085.267,2086.894,74.6315,10.000,39422.4
2085.267,2087.097,74.6273,10.000,39424.7
2085.767,2087.293,74.6024,10.000,39437.5
2085.768,2087.492,74.6289,10.000,39423.8
2086.267,2087.691,74.6025,10.000,39437.4
2086.268,2087.892,74.6256,10.000,39425.5
2086.268,2088.091,74.6261,10.000,39425.3
2086.767,2088.290,74.6325,10.000,39422.0
2086.767,2088.488,74.6235,10.000,39426.7
2087.267,2088.688,74.6326,10.000,39422.0
2087.267,2088.890,74.6377,10.000,39419.3
2087.268,2089.086,74.6387,10.000,39418.8
2087.767,2089.285,74.6255,10.000,39425.6
2087.768,2089.484,74.6343,10.000,39421.1
2088.267,2089.685,74.6527,10.000,39411.7
2088.268,2089.883,74.6343,10.000,39421.1
2088.268,2090.082,74.6393,10.000,39418.5
2088.766,2090.282,74.6387,10.000,39418.8
2088.767,2090.480,74.6514,10.000,39412.3
2089.266,2090.681,74.6484,10.000,39413.8
2089.267,2090.879,74.6522,10.000,39411.9
2089.267,2091.079,74.6483,10.000,39413.9
2089.767,2091.277,74.6374,10.000,39419.5
2089.767,2091.476,74.6491,10.000,39413.5
2090.267,2091.680,74.6532,10.000,39411.4
2090.268,2091.875,74.6445,10.000,39415.8
2090.268,2092.074,74.6484,10.000,39413.8
2090.767,2092.274,74.6769,10.000,39399.2
2090.768,2092.474,74.6554,10.000,39410.2
2090.768,2092.673,74.6676,10.000,39404.0
2091.267,2092.871,74.6501,10.000,39413.0
