host_s,board_s,temperature_c,board_duty_pct,command_pct,heating,cycle,bias_pct,relay_d_pct
0.325,132.811,59.9831,0.000,100.000,1,0,50.0000,50.0000
0.325,133.011,59.9614,0.000,100.000,1,0,50.0000,50.0000
0.526,133.217,59.9248,100.000,100.000,1,0,50.0000,50.0000
0.727,133.412,59.9012,100.000,100.000,1,0,50.0000,50.0000
0.927,133.611,59.8799,100.000,100.000,1,0,50.0000,50.0000
1.127,133.811,59.8577,100.000,100.000,1,0,50.0000,50.0000
1.327,134.011,59.8349,100.000,100.000,1,0,50.0000,50.0000
1.526,134.212,59.8136,100.000,100.000,1,0,50.0000,50.0000
1.727,134.411,59.7922,100.000,100.000,1,0,50.0000,50.0000
1.926,134.611,59.7659,100.000,100.000,1,0,50.0000,50.0000
2.126,134.811,59.7400,100.000,100.000,1,0,50.0000,50.0000
2.327,135.011,59.7108,100.000,100.000,1,0,50.0000,50.0000
2.527,135.211,59.6938,100.000,100.000,1,0,50.0000,50.0000
2.727,135.410,59.6686,100.000,100.000,1,0,50.0000,50.0000
2.927,135.610,59.6475,100.000,100.000,1,0,50.0000,50.0000
3.127,135.810,59.6305,100.000,100.000,1,0,50.0000,50.0000
3.370,136.010,59.6043,100.000,100.000,1,0,50.0000,50.0000
3.526,136.211,59.5882,100.000,100.000,1,0,50.0000,50.0000
3.727,136.410,59.5594,100.000,100.000,1,0,50.0000,50.0000
3.927,136.610,59.5353,100.000,100.000,1,0,50.0000,50.0000
4.127,136.810,59.5080,100.000,100.000,1,0,50.0000,50.0000
4.327,137.010,59.4810,100.000,100.000,1,0,50.0000,50.0000
4.527,137.211,59.4604,100.000,100.000,1,0,50.0000,50.0000
4.726,137.410,59.4377,100.000,100.000,1,0,50.0000,50.0000
4.927,137.610,59.4157,100.000,100.000,1,0,50.0000,50.0000
5.127,137.810,59.3892,100.000,100.000,1,0,50.0000,50.0000
5.326,138.010,59.3681,100.000,100.000,1,0,50.0000,50.0000
5.527,138.211,59.3426,100.000,100.000,1,0,50.0000,50.0000
5.727,138.410,59.3263,100.000,100.000,1,0,50.0000,50.0000
5.927,138.610,59.3000,100.000,100.000,1,0,50.0000,50.0000
6.127,138.810,59.2809,100.000,100.000,1,0,50.0000,50.0000
6.327,139.010,59.2541,100.000,100.000,1,0,50.0000,50.0000
6.527,139.210,59.2309,100.000,100.000,1,0,50.0000,50.0000
6.727,139.409,59.2007,100.000,100.000,1,0,50.0000,50.0000
6.927,139.609,59.1808,100.000,100.000,1,0,50.0000,50.0000
7.127,139.809,59.1501,100.000,100.000,1,0,50.0000,50.0000
7.327,140.009,59.1382,100.000,100.000,1,0,50.0000,50.0000
7.527,140.210,59.1152,100.000,100.000,1,0,50.0000,50.0000
7.727,140.409,59.0957,100.000,100.000,1,0,50.0000,50.0000
7.926,140.608,59.0750,100.000,100.000,1,0,50.0000,50.0000
8.127,140.809,59.0552,100.000,100.000,1,0,50.0000,50.0000
8.327,141.009,59.0402,100.000,100.000,1,0,50.0000,50.0000
8.527,141.210,59.0158,100.000,100.000,1,0,50.0000,50.0000
8.727,141.409,58.9912,100.000,100.000,1,0,50.0000,50.0000
8.927,141.609,58.9694,100.000,100.000,1,0,50.0000,50.0000
9.127,141.809,58.9533,100.000,100.000,1,0,50.0000,50.0000
9.326,142.009,58.9258,100.000,100.000,1,0,50.0000,50.0000
9.527,142.210,58.9140,100.000,100.000,1,0,50.0000,50.0000
9.727,142.409,58.8792,100.000,100.000,1,0,50.0000,50.0000
9.927,142.609,58.8714,100.000,100.000,1,0,50.0000,50.0000
10.127,142.809,58.8516,100.000,100.000,1,0,50.0000,50.0000
10.327,143.009,58.8366,100.000,100.000,1,0,50.0000,50.0000
10.527,143.210,58.8216,100.000,100.000,1,0,50.0000,50.0000
10.727,143.408,58.8030,100.000,100.000,1,0,50.0000,50.0000
10.927,143.608,58.7866,100.000,100.000,1,0,50.0000,50.0000
11.126,143.808,58.7705,100.000,100.000,1,0,50.0000,50.0000
11.327,144.008,58.7573,100.000,100.000,1,0,50.0000,50.0000
11.527,144.209,58.7376,100.000,100.000,1,0,50.0000,50.0000
11.727,144.408,58.7228,100.000,100.000,1,0,50.0000,50.0000
11.927,144.608,58.7049,100.000,100.000,1,0,50.0000,50.0000
12.127,144.808,58.6784,100.000,100.000,1,0,50.0000,50.0000
12.327,145.008,58.6600,100.000,100.000,1,0,50.0000,50.0000
12.527,145.209,58.6489,100.000,100.000,1,0,50.0000,50.0000
12.727,145.408,58.6349,100.000,100.000,1,0,50.0000,50.0000
12.927,145.608,58.6206,100.000,100.000,1,0,50.0000,50.0000
13.126,145.808,58.6086,100.000,100.000,1,0,50.0000,50.0000
13.327,146.008,58.5921,100.000,100.000,1,0,50.0000,50.0000
13.527,146.209,58.5711,100.000,100.000,1,0,50.0000,50.0000
13.727,146.408,58.5644,100.000,100.000,1,0,50.0000,50.0000
13.927,146.608,58.5513,100.000,100.000,1,0,50.0000,50.0000
14.126,146.808,58.5361,100.000,100.000,1,0,50.0000,50.0000
14.327,147.008,58.5268,100.000,100.000,1,0,50.0000,50.0000
14.527,147.209,58.5161,100.000,100.000,1,0,50.0000,50.0000
14.727,147.407,58.4946,100.000,100.000,1,0,50.0000,50.0000
14.927,147.607,58.4899,100.000,100.000,1,0,50.0000,50.0000
15.126,147.807,58.4670,100.000,100.000,1,0,50.0000,50.0000
15.327,148.008,58.4590,100.000,100.000,1,0,50.0000,50.0000
15.527,148.208,58.4407,100.000,100.000,1,0,50.0000,50.0000
15.727,148.407,58.4279,100.000,100.000,1,0,50.0000,50.0000
15.926,148.607,58.4149,100.000,100.000,1,0,50.0000,50.0000
16.127,148.807,58.4103,100.000,100.000,1,0,50.0000,50.0000
16.327,149.008,58.3857,100.000,100.000,1,0,50.0000,50.0000
16.527,149.208,58.3812,100.000,100.000,1,0,50.0000,50.0000
16.727,149.407,58.3633,100.000,100.000,1,0,50.0000,50.0000
16.927,149.607,58.3587,100.000,100.000,1,0,50.0000,50.0000
17.127,149.807,58.3486,100.000,100.000,1,0,50.0000,50.0000
17.327,150.008,58.3345,100.000,100.000,1,0,50.0000,50.0000
17.527,150.208,58.3201,100.000,100.000,1,0,50.0000,50.0000
17.727,150.407,58.3115,100.000,100.000,1,0,50.0000,50.0000
17.927,150.607,58.3071,100.000,100.000,1,0,50.0000,50.0000
18.127,150.807,58.2905,100.000,100.000,1,0,50.0000,50.0000
18.327,151.008,58.2882,100.000,100.000,1,0,50.0000,50.0000
18.527,151.208,58.2798,100.000,100.000,1,0,50.0000,50.0000
18.727,151.407,58.2642,100.000,100.000,1,0,50.0000,50.0000
18.927,151.606,58.2617,100.000,100.000,1,0,50.0000,50.0000
19.127,151.806,58.2527,100.000,100.000,1,0,50.0000,50.0000
19.327,152.007,58.2480,100.000,100.000,1,0,50.0000,50.0000
19.527,152.206,58.2425,100.000,100.000,1,0,50.0000,50.0000
19.727,152.406,58.2331,100.000,100.000,1,0,50.0000,50.0000
19.927,152.606,58.2212,100.000,100.000,1,0,50.0000,50.0000
20.126,152.806,58.2163,100.000,100.000,1,0,50.0000,50.0000
20.326,153.007,58.2122,100.000,100.000,1,0,50.0000,50.0000
20.527,153.207,58.2029,100.000,100.000,1,0,50.0000,50.0000
20.727,153.406,58.2023,100.000,100.000,1,0,50.0000,50.0000
20.927,153.606,58.2005,100.000,100.000,1,0,50.0000,50.0000
21.126,153.806,58.1938,100.000,100.000,1,0,50.0000,50.0000
21.327,154.007,58.1771,100.000,100.000,1,0,50.0000,50.0000
21.527,154.206,58.1766,100.000,100.000,1,0,50.0000,50.0000
21.727,154.406,58.1619,100.000,100.000,1,0,50.0000,50.0000
21.927,154.606,58.1564,100.000,100.000,1,0,50.0000,50.0000
22.127,154.806,58.1484,100.000,100.000,1,0,50.0000,50.0000
22.327,155.007,58.1549,100.000,100.000,1,0,50.0000,50.0000
22.527,155.207,58.1484,100.000,100.000,1,0,50.0000,50.0000
22.727,155.406,58.1357,100.000,100.000,1,0,50.0000,50.0000
22.927,155.605,58.1296,100.000,100.000,1,0,50.0000,50.0000
23.127,155.805,58.1222,100.000,100.000,1,0,50.0000,50.0000
23.327,156.006,58.1185,100.000,100.000,1,0,50.0000,50.0000
23.527,156.205,58.1138,100.000,100.000,1,0,50.0000,50.0000
23.727,156.405,58.1115,100.000,100.000,1,0,50.0000,50.0000
23.927,156.605,58.1024,100.000,100.000,1,0,50.0000,50.0000
24.126,156.805,58.1038,100.000,100.000,1,0,50.0000,50.0000
24.327,157.007,58.1050,100.000,100.000,1,0,50.0000,50.0000
24.527,157.206,58.0986,100.000,100.000,1,0,50.0000,50.0000
24.727,157.405,58.0949,100.000,100.000,1,0,50.0000,50.0000
24.927,157.605,58.0892,100.000,100.000,1,0,50.0000,50.0000
25.127,157.805,58.0854,100.000,100.000,1,0,50.0000,50.0000
25.327,158.006,58.0835,100.000,100.000,1,0,50.0000,50.0000
25.527,158.205,58.0794,100.000,100.000,1,0,50.0000,50.0000
25.727,158.405,58.0859,100.000,100.000,1,0,50.0000,50.0000
25.927,158.605,58.0789,100.000,100.000,1,0,50.0000,50.0000
26.127,158.805,58.0742,100.000,100.000,1,0,50.0000,50.0000
26.326,159.006,58.0719,100.000,100.000,1,0,50.0000,50.0000
26.527,159.205,58.0801,100.000,100.000,1,0,50.0000,50.0000
26.727,159.405,58.0703,100.000,100.000,1,0,50.0000,50.0000
26.927,159.605,58.0688,100.000,100.000,1,0,50.0000,50.0000
27.127,159.804,58.0674,100.000,100.000,1,0,50.0000,50.0000
27.327,160.005,58.0672,100.000,100.000,1,0,50.0000,50.0000
27.527,160.204,58.0667,100.000,100.000,1,0,50.0000,50.0000
27.727,160.404,58.0674,100.000,100.000,1,0,50.0000,50.0000
27.927,160.604,58.0589,100.000,100.000,1,0,50.0000,50.0000
28.127,160.804,58.0679,100.000,100.000,1,0,50.0000,50.0000
28.326,161.005,58.0718,100.000,100.000,1,0,50.0000,50.0000
28.527,161.204,58.0644,100.000,100.000,1,0,50.0000,50.0000
28.726,161.404,58.0695,100.000,100.000,1,0,50.0000,50.0000
28.927,161.604,58.0737,100.000,100.000,1,0,50.0000,50.0000
29.127,161.804,58.0692,100.000,100.000,1,0,50.0000,50.0000
29.327,162.005,58.0693,100.000,100.000,1,0,50.0000,50.0000
29.526,162.204,58.0713,100.000,100.000,1,0,50.0000,50.0000
29.727,162.404,58.0744,100.000,100.000,1,0,50.0000,50.0000
29.926,162.604,58.0667,100.000,100.000,1,0,50.0000,50.0000
30.126,162.804,58.0754,100.000,100.000,1,0,50.0000,50.0000
30.327,163.005,58.0708,100.000,100.000,1,0,50.0000,50.0000
30.527,163.204,58.0688,100.000,100.000,1,0,50.0000,50.0000
30.727,163.404,58.0726,100.000,100.000,1,0,50.0000,50.0000
30.926,163.604,58.0869,100.000,100.000,1,0,50.0000,50.0000
31.127,163.803,58.0807,100.000,100.000,1,0,50.0000,50.0000
31.327,164.004,58.0763,100.000,100.000,1,0,50.0000,50.0000
31.527,164.203,58.0903,100.000,100.000,1,0,50.0000,50.0000
31.726,164.403,58.0983,100.000,100.000,1,0,50.0000,50.0000
31.927,164.603,58.0968,100.000,100.000,1,0,50.0000,50.0000
32.127,164.803,58.0916,100.000,100.000,1,0,50.0000,50.0000
32.327,165.004,58.1007,100.000,100.000,1,0,50.0000,50.0000
32.527,165.203,58.1024,100.000,100.000,1,0,50.0000,50.0000
32.727,165.403,58.1046,100.000,100.000,1,0,50.0000,50.0000
32.926,165.603,58.1100,100.000,100.000,1,0,50.0000,50.0000
33.127,165.803,58.1076,100.000,100.000,1,0,50.0000,50.0000
33.327,166.004,58.1191,100.000,100.000,1,0,50.0000,50.0000
33.527,166.203,58.1287,100.000,100.000,1,0,50.0000,50.0000
33.727,166.403,58.1252,100.000,100.000,1,0,50.0000,50.0000
33.927,166.603,58.1264,100.000,100.000,1,0,50.0000,50.0000
34.127,166.803,58.1289,100.000,100.000,1,0,50.0000,50.0000
34.327,167.004,58.1398,100.000,100.000,1,0,50.0000,50.0000
34.527,167.203,58.1475,100.000,100.000,1,0,50.0000,50.0000
34.727,167.403,58.1453,100.000,100.000,1,0,50.0000,50.0000
34.927,167.603,58.1419,100.000,100.000,1,0,50.0000,50.0000
35.127,167.803,58.1559,100.000,100.000,1,0,50.0000,50.0000
35.327,168.003,58.1577,100.000,100.000,1,0,50.0000,50.0000
35.527,168.202,58.1636,100.000,100.000,1,0,50.0000,50.0000
35.726,168.402,58.1727,100.000,100.000,1,0,50.0000,50.0000
35.927,168.602,58.1812,100.000,100.000,1,0,50.0000,50.0000
36.127,168.802,58.1885,100.000,100.000,1,0,50.0000,50.0000
36.327,169.003,58.1896,100.000,100.000,1,0,50.0000,50.0000
36.527,169.202,58.1964,100.000,100.000,1,0,50.0000,50.0000
36.727,169.402,58.1992,100.000,100.000,1,0,50.0000,50.0000
36.927,169.602,58.2119,100.000,100.000,1,0,50.0000,50.0000
37.127,169.802,58.2153,100.000,100.000,1,0,50.0000,50.0000
37.327,170.003,58.2227,100.000,100.000,1,0,50.0000,50.0000
37.527,170.202,58.2225,100.000,100.000,1,0,50.0000,50.0000
37.727,170.402,58.2342,100.000,100.000,1,0,50.0000,50.0000
37.927,170.602,58.2361,100.000,100.000,1,0,50.0000,50.0000
38.127,170.802,58.2451,100.000,100.000,1,0,50.0000,50.0000
38.327,171.003,58.2443,100.000,100.000,1,0,50.0000,50.0000
38.527,171.201,58.2558,100.000,100.000,1,0,50.0000,50.0000
38.727,171.402,58.2682,100.000,100.000,1,0,50.0000,50.0000
38.927,171.602,58.2724,100.000,100.000,1,0,50.0000,50.0000
39.127,171.802,58.2816,100.000,100.000,1,0,50.0000,50.0000
39.326,172.002,58.2837,100.000,100.000,1,0,50.0000,50.0000
39.527,172.201,58.2968,100.000,100.000,1,0,50.0000,50.0000
39.727,172.401,58.2974,100.000,100.000,1,0,50.0000,50.0000
39.927,172.601,58.3021,100.000,100.000,1,0,50.0000,50.0000
40.127,172.801,58.3110,100.000,100.000,1,0,50.0000,50.0000
40.326,173.002,58.3213,100.000,100.000,1,0,50.0000,50.0000
40.527,173.201,58.3268,100.000,100.000,1,0,50.0000,50.0000
40.727,173.401,58.3390,100.000,100.000,1,0,50.0000,50.0000
40.927,173.601,58.3426,100.000,100.000,1,0,50.0000,50.0000
41.127,173.801,58.3525,100.000,100.000,1,0,50.0000,50.0000
41.326,174.002,58.3569,100.000,100.000,1,0,50.0000,50.0000
41.527,174.201,58.3667,100.000,100.000,1,0,50.0000,50.0000
41.727,174.401,58.3747,100.000,100.000,1,0,50.0000,50.0000
41.926,174.601,58.3815,100.000,100.000,1,0,50.0000,50.0000
42.127,174.801,58.3962,100.000,100.000,1,0,50.0000,50.0000
42.327,175.002,58.4126,100.000,100.000,1,0,50.0000,50.0000
42.527,175.201,58.4181,100.000,100.000,1,0,50.0000,50.0000
42.726,175.401,58.4328,100.000,100.000,1,0,50.0000,50.0000
42.927,175.601,58.4419,100.000,100.000,1,0,50.0000,50.0000
43.127,175.801,58.4556,100.000,100.000,1,0,50.0000,50.0000
43.327,176.002,58.4630,100.000,100.000,1,0,50.0000,50.0000
43.527,176.200,58.4756,100.000,100.000,1,0,50.0000,50.0000
43.726,176.400,58.4816,100.000,100.000,1,0,50.0000,50.0000
43.927,176.600,58.4922,100.000,100.000,1,0,50.0000,50.0000
44.127,176.800,58.5119,100.000,100.000,1,0,50.0000,50.0000
44.326,177.001,58.5146,100.000,100.000,1,0,50.0000,50.0000
44.527,177.200,58.5263,100.000,100.000,1,0,50.0000,50.0000
44.727,177.400,58.5303,100.000,100.000,1,0,50.0000,50.0000
44.926,177.600,58.5417,100.000,100.000,1,0,50.0000,50.0000
45.127,177.800,58.5527,100.000,100.000,1,0,50.0000,50.0000
45.327,178.001,58.5617,100.000,100.000,1,0,50.0000,50.0000
45.526,178.200,58.5711,100.000,100.000,1,0,50.0000,50.0000
45.727,178.400,58.5851,100.000,100.000,1,0,50.0000,50.0000
45.926,178.600,58.5967,100.000,100.000,1,0,50.0000,50.0000
46.127,178.800,58.6063,100.000,100.000,1,0,50.0000,50.0000
46.327,179.001,58.6110,100.000,100.000,1,0,50.0000,50.0000
46.527,179.200,58.6289,100.000,100.000,1,0,50.0000,50.0000
46.726,179.400,58.6377,100.000,100.000,1,0,50.0000,50.0000
46.927,179.600,58.6522,100.000,100.000,1,0,50.0000,50.0000
47.126,179.800,58.6536,100.000,100.000,1,0,50.0000,50.0000
47.327,180.001,58.6707,100.000,100.000,1,0,50.0000,50.0000
47.526,180.199,58.6933,100.000,100.000,1,0,50.0000,50.0000
47.727,180.399,58.6987,100.000,100.000,1,0,50.0000,50.0000
47.926,180.599,58.7205,100.000,100.000,1,0,50.0000,50.0000
48.127,180.800,58.7254,100.000,100.000,1,0,50.0000,50.0000
48.327,181.000,58.7417,100.000,100.000,1,0,50.0000,50.0000
48.527,181.199,58.7527,100.000,100.000,1,0,50.0000,50.0000
48.727,181.399,58.7625,100.000,100.000,1,0,50.0000,50.0000
48.927,181.599,58.7742,100.000,100.000,1,0,50.0000,50.0000
49.127,181.800,58.7978,100.000,100.000,1,0,50.0000,50.0000
49.327,182.000,58.8022,100.000,100.000,1,0,50.0000,50.0000
49.526,182.199,58.8143,100.000,100.000,1,0,50.0000,50.0000
49.727,182.399,58.8237,100.000,100.000,1,0,50.0000,50.0000
49.927,182.599,58.8372,100.000,100.000,1,0,50.0000,50.0000
50.127,182.800,58.8525,100.000,100.000,1,0,50.0000,50.0000
50.327,183.000,58.8660,100.000,100.000,1,0,50.0000,50.0000
50.526,183.198,58.8789,100.000,100.000,1,0,50.0000,50.0000
50.727,183.399,58.8914,100.000,100.000,1,0,50.0000,50.0000
50.927,183.599,58.9062,100.000,100.000,1,0,50.0000,50.0000
51.127,183.800,58.9199,100.000,100.000,1,0,50.0000,50.0000
51.327,184.000,58.9331,100.000,100.000,1,0,50.0000,50.0000
51.527,184.198,58.9472,100.000,100.000,1,0,50.0000,50.0000
51.727,184.398,58.9665,100.000,100.000,1,0,50.0000,50.0000
51.927,184.598,58.9822,100.000,100.000,1,0,50.0000,50.0000
52.127,184.799,59.0010,100.000,100.000,1,0,50.0000,50.0000
52.327,184.998,59.0184,100.000,100.000,1,0,50.0000,50.0000
52.527,185.198,59.0338,100.000,100.000,1,0,50.0000,50.0000
52.727,185.398,59.0418,100.000,100.000,1,0,50.0000,50.0000
52.927,185.597,59.0644,100.000,100.000,1,0,50.0000,50.0000
53.127,185.799,59.0727,100.000,100.000,1,0,50.0000,50.0000
53.327,185.998,59.0928,100.000,100.000,1,0,50.0000,50.0000
53.527,186.198,59.1043,100.000,100.000,1,0,50.0000,50.0000
53.727,186.398,59.1167,100.000,100.000,1,0,50.0000,50.0000
53.926,186.598,59.1391,100.000,100.000,1,0,50.0000,50.0000
54.127,186.799,59.1427,100.000,100.000,1,0,50.0000,50.0000
54.327,186.998,59.1582,100.000,100.000,1,0,50.0000,50.0000
54.527,187.198,59.1766,100.000,100.000,1,0,50.0000,50.0000
54.727,187.398,59.1909,100.000,100.000,1,0,50.0000,50.0000
54.927,187.598,59.2124,100.000,100.000,1,0,50.0000,50.0000
55.127,187.799,59.2227,100.000,100.000,1,0,50.0000,50.0000
55.327,187.998,59.2469,100.000,100.000,1,0,50.0000,50.0000
55.527,188.198,59.2689,100.000,100.000,1,0,50.0000,50.0000
55.727,188.397,59.2873,100.000,100.000,1,0,50.0000,50.0000
55.926,188.597,59.2978,100.000,100.000,1,0,50.0000,50.0000
56.127,188.798,59.3174,100.000,100.000,1,0,50.0000,50.0000
56.326,188.997,59.3317,100.000,100.000,1,0,50.0000,50.0000
56.526,189.197,59.3506,100.000,100.000,1,0,50.0000,50.0000
56.726,189.397,59.3621,100.000,100.000,1,0,50.0000,50.0000
56.927,189.597,59.3800,100.000,100.000,1,0,50.0000,50.0000
57.127,189.798,59.3887,100.000,100.000,1,0,50.0000,50.0000
57.327,189.997,59.4090,100.000,100.000,1,0,50.0000,50.0000
57.527,190.197,59.4206,100.000,100.000,1,0,50.0000,50.0000
57.727,190.397,59.4435,100.000,100.000,1,0,50.0000,50.0000
57.927,190.597,59.4531,100.000,100.000,1,0,50.0000,50.0000
58.127,190.798,59.4792,100.000,100.000,1,0,50.0000,50.0000
58.327,190.997,59.4966,100.000,100.000,1,0,50.0000,50.0000
58.527,191.197,59.5034,100.000,100.000,1,0,50.0000,50.0000
58.726,191.397,59.5312,100.000,100.000,1,0,50.0000,50.0000
58.927,191.597,59.5511,100.000,100.000,1,0,50.0000,50.0000
59.127,191.798,59.5649,100.000,100.000,1,0,50.0000,50.0000
59.327,191.997,59.5858,100.000,100.000,1,0,50.0000,50.0000
59.527,192.197,59.6025,100.000,100.000,1,0,50.0000,50.0000
59.727,192.397,59.6113,100.000,100.000,1,0,50.0000,50.0000
59.927,192.596,59.6274,100.000,100.000,1,0,50.0000,50.0000
60.127,192.797,59.6496,100.000,100.000,1,0,50.0000,50.0000
60.327,192.997,59.6618,100.000,100.000,1,0,50.0000,50.0000
60.527,193.196,59.6808,100.000,100.000,1,0,50.0000,50.0000
60.727,193.396,59.6928,100.000,100.000,1,0,50.0000,50.0000
60.926,193.596,59.7078,100.000,100.000,1,0,50.0000,50.0000
61.126,193.797,59.7207,100.000,100.000,1,0,50.0000,50.0000
61.327,193.996,59.7466,100.000,100.000,1,0,50.0000,50.0000
61.527,194.196,59.7627,100.000,100.000,1,0,50.0000,50.0000
61.727,194.396,59.7871,100.000,100.000,1,0,50.0000,50.0000
61.927,194.596,59.8078,100.000,100.000,1,0,50.0000,50.0000
62.127,194.797,59.8266,100.000,100.000,1,0,50.0000,50.0000
62.327,194.996,59.8403,100.000,100.000,1,0,50.0000,50.0000
62.527,195.196,59.8494,100.000,100.000,1,0,50.0000,50.0000
62.727,195.396,59.8711,100.000,100.000,1,0,50.0000,50.0000
62.927,195.596,59.8867,100.000,100.000,1,0,50.0000,50.0000
63.127,195.797,59.9040,100.000,100.000,1,0,50.0000,50.0000
63.327,195.996,59.9168,100.000,100.000,1,0,50.0000,50.0000
63.527,196.196,59.9398,100.000,100.000,1,0,50.0000,50.0000
63.727,196.396,59.9552,100.000,100.000,1,0,50.0000,50.0000
63.927,196.595,59.9741,100.000,100.000,1,0,50.0000,50.0000
64.127,196.796,59.9944,100.000,100.000,1,0,50.0000,50.0000
64.327,196.995,60.0146,100.000,100.000,1,0,50.0000,50.0000
64.527,197.195,60.0335,100.000,100.000,1,0,50.0000,50.0000
64.726,197.395,60.0560,100.000,100.000,1,0,50.0000,50.0000
64.927,197.595,60.0758,100.000,100.000,1,0,50.0000,50.0000
65.127,197.796,60.0957,100.000,100.000,1,0,50.0000,50.0000
65.327,197.995,60.1180,100.000,100.000,1,0,50.0000,50.0000
65.527,198.195,60.1316,100.000,100.000,1,0,50.0000,50.0000
65.727,198.395,60.1499,100.000,100.000,1,0,50.0000,50.0000
65.927,198.595,60.1631,100.000,100.000,1,0,50.0000,50.0000
66.127,198.796,60.1873,100.000,100.000,1,0,50.0000,50.0000
66.327,198.995,60.2090,100.000,100.000,1,0,50.0000,50.0000
66.527,199.195,60.2212,100.000,100.000,1,0,50.0000,50.0000
66.727,199.395,60.2410,100.000,100.000,1,0,50.0000,50.0000
66.927,199.595,60.2585,100.000,100.000,1,0,50.0000,50.0000
67.127,199.796,60.2759,100.000,100.000,1,0,50.0000,50.0000
67.327,199.995,60.2975,100.000,100.000,1,0,50.0000,50.0000
67.527,200.195,60.3120,100.000,100.000,1,0,50.0000,50.0000
67.727,200.395,60.3397,100.000,100.000,1,0,50.0000,50.0000
67.927,200.595,60.3576,100.000,100.000,1,0,50.0000,50.0000
68.127,200.795,60.3789,100.000,100.000,1,0,50.0000,50.0000
68.327,200.994,60.3978,100.000,100.000,1,0,50.0000,50.0000
68.527,201.194,60.4132,100.000,100.000,1,0,50.0000,50.0000
68.727,201.394,60.4300,100.000,100.000,1,0,50.0000,50.0000
68.927,201.594,60.4490,100.000,100.000,1,0,50.0000,50.0000
69.126,201.795,60.4670,100.000,100.000,1,0,50.0000,50.0000
69.327,201.994,60.4863,100.000,100.000,1,0,50.0000,50.0000
69.527,202.194,60.5050,100.000,100.000,1,0,50.0000,50.0000
69.727,202.394,60.5213,100.000,100.000,1,0,50.0000,50.0000
69.927,202.594,60.5454,100.000,100.000,1,0,50.0000,50.0000
70.127,202.795,60.5675,100.000,100.000,1,0,50.0000,50.0000
70.326,202.994,60.5889,100.000,100.000,1,0,50.0000,50.0000
70.526,203.195,60.6169,100.000,100.000,1,0,50.0000,50.0000
70.727,203.394,60.6383,100.000,100.000,1,0,50.0000,50.0000
70.926,203.594,60.6606,100.000,100.000,1,0,50.0000,50.0000
71.127,203.795,60.6686,100.000,100.000,1,0,50.0000,50.0000
71.327,203.994,60.6960,100.000,100.000,1,0,50.0000,50.0000
71.527,204.194,60.7163,100.000,100.000,1,0,50.0000,50.0000
71.727,204.394,60.7331,100.000,100.000,1,0,50.0000,50.0000
71.927,204.594,60.7568,100.000,100.000,1,0,50.0000,50.0000
72.127,204.794,60.7764,100.000,100.000,1,0,50.0000,50.0000
72.327,204.993,60.7942,100.000,100.000,1,0,50.0000,50.0000
72.526,205.193,60.8107,100.000,100.000,1,0,50.0000,50.0000
72.727,205.393,60.8351,100.000,100.000,1,0,50.0000,50.0000
72.926,205.593,60.8568,100.000,100.000,1,0,50.0000,50.0000
73.127,205.794,60.8843,100.000,100.000,1,0,50.0000,50.0000
73.326,205.993,60.9058,100.000,100.000,1,0,50.0000,50.0000
73.527,206.193,60.9280,100.000,100.000,1,0,50.0000,50.0000
73.727,206.393,60.9399,100.000,100.000,1,0,50.0000,50.0000
73.927,206.593,60.9619,100.000,100.000,1,0,50.0000,50.0000
74.127,206.794,60.9819,100.000,100.000,1,0,50.0000,50.0000
74.327,206.993,61.0011,100.000,100.000,1,0,50.0000,50.0000
74.527,207.192,61.0215,100.000,100.000,1,0,50.0000,50.0000
74.727,207.393,61.0386,100.000,100.000,1,0,50.0000,50.0000
74.927,207.593,61.0672,100.000,100.000,1,0,50.0000,50.0000
75.127,207.794,61.0788,100.000,100.000,1,0,50.0000,50.0000
75.327,207.993,61.1064,100.000,100.000,1,0,50.0000,50.0000
75.527,208.193,61.1328,100.000,100.000,1,0,50.0000,50.0000
75.727,208.393,61.1525,100.000,100.000,1,0,50.0000,50.0000
75.927,208.593,61.1782,100.000,100.000,1,0,50.0000,50.0000
76.127,208.794,61.1963,100.000,100.000,1,0,50.0000,50.0000
76.327,208.992,61.2197,100.000,100.000,1,0,50.0000,50.0000
76.527,209.192,61.2389,100.000,100.000,1,0,50.0000,50.0000
76.726,209.392,61.2624,100.000,100.000,1,0,50.0000,50.0000
76.927,209.592,61.2829,100.000,100.000,1,0,50.0000,50.0000
77.127,209.793,61.2920,100.000,100.000,1,0,50.0000,50.0000
77.327,209.992,61.3138,100.000,100.000,1,0,50.0000,50.0000
77.527,210.192,61.3362,100.000,100.000,1,0,50.0000,50.0000
77.727,210.392,61.3652,100.000,100.000,1,0,50.0000,50.0000
77.927,210.592,61.3896,100.000,100.000,1,0,50.0000,50.0000
78.127,210.793,61.4194,100.000,100.000,1,0,50.0000,50.0000
78.327,210.992,61.4344,100.000,100.000,1,0,50.0000,50.0000
78.527,211.192,61.4609,100.000,100.000,1,0,50.0000,50.0000
78.727,211.392,61.4778,100.000,100.000,1,0,50.0000,50.0000
78.927,211.592,61.5018,100.000,100.000,1,0,50.0000,50.0000
79.127,211.793,61.5259,100.000,100.000,1,0,50.0000,50.0000
79.327,211.992,61.5405,100.000,100.000,1,0,50.0000,50.0000
79.527,212.192,61.5560,100.000,100.000,1,0,50.0000,50.0000
79.727,212.392,61.5866,100.000,100.000,1,0,50.0000,50.0000
79.927,212.592,61.6084,100.000,100.000,1,0,50.0000,50.0000
80.127,212.793,61.6416,100.000,100.000,1,0,50.0000,50.0000
80.327,212.991,61.6598,100.000,100.000,1,0,50.0000,50.0000
80.527,213.191,61.6803,100.000,100.000,1,0,50.0000,50.0000
80.727,213.391,61.7106,100.000,100.000,1,0,50.0000,50.0000
80.927,213.592,61.7296,100.000,100.000,1,0,50.0000,50.0000
81.127,213.792,61.7440,100.000,100.000,1,0,50.0000,50.0000
81.327,213.991,61.7807,100.000,100.000,1,0,50.0000,50.0000
81.527,214.191,61.7899,100.000,100.000,1,0,50.0000,50.0000
81.727,214.391,61.8063,100.000,100.000,1,0,50.0000,50.0000
81.927,214.592,61.8278,100.000,100.000,1,0,50.0000,50.0000
82.127,214.792,61.8564,100.000,100.000,1,0,50.0000,50.0000
82.327,214.991,61.8770,100.000,100.000,1,0,50.0000,50.0000
82.527,215.191,61.8962,100.000,100.000,1,0,50.0000,50.0000
82.726,215.391,61.9238,100.000,100.000,1,0,50.0000,50.0000
82.927,215.592,61.9451,100.000,100.000,1,0,50.0000,50.0000
83.127,215.792,61.9676,100.000,100.000,1,0,50.0000,50.0000
83.327,215.991,61.9920,100.000,100.000,1,0,50.0000,50.0000
83.526,216.191,62.0207,100.000,100.000,1,0,50.0000,50.0000
83.727,216.391,62.0295,100.000,100.000,1,0,50.0000,50.0000
83.927,216.592,62.0563,100.000,100.000,1,0,50.0000,50.0000
84.127,216.792,62.0768,100.000,100.000,1,0,50.0000,50.0000
84.327,216.990,62.1024,100.000,100.000,1,0,50.0000,50.0000
84.527,217.190,62.1180,100.000,100.000,1,0,50.0000,50.0000
84.727,217.390,62.1416,100.000,100.000,1,0,50.0000,50.0000
84.927,217.590,62.1699,100.000,100.000,1,0,50.0000,50.0000
85.127,217.790,62.1948,100.000,100.000,1,0,50.0000,50.0000
85.327,217.990,62.2205,100.000,100.000,1,0,50.0000,50.0000
85.527,218.190,62.2458,100.000,100.000,1,0,50.0000,50.0000
85.727,218.390,62.2653,100.000,100.000,1,0,50.0000,50.0000
85.927,218.591,62.2900,100.000,100.000,1,0,50.0000,50.0000
86.127,218.790,62.3174,100.000,100.000,1,0,50.0000,50.0000
86.327,218.990,62.3354,100.000,100.000,1,0,50.0000,50.0000
86.527,219.190,62.3564,100.000,100.000,1,0,50.0000,50.0000
86.727,219.390,62.3808,100.000,100.000,1,0,50.0000,50.0000
86.927,219.590,62.4025,100.000,100.000,1,0,50.0000,50.0000
87.127,219.790,62.4256,100.000,100.000,1,0,50.0000,50.0000
87.327,219.990,62.4551,100.000,100.000,1,0,50.0000,50.0000
87.526,220.190,62.4822,100.000,100.000,1,0,50.0000,50.0000
87.727,220.390,62.5020,100.000,100.000,1,0,50.0000,50.0000
87.927,220.591,62.5195,100.000,100.000,1,0,50.0000,50.0000
88.126,220.790,62.5470,100.000,100.000,1,0,50.0000,50.0000
88.327,220.990,62.5682,100.000,100.000,1,0,50.0000,50.0000
88.527,221.189,62.5947,100.000,100.000,1,0,50.0000,50.0000
88.727,221.389,62.6133,100.000,100.000,1,0,50.0000,50.0000
88.927,221.590,62.6338,100.000,100.000,1,0,50.0000,50.0000
89.127,221.789,62.6642,100.000,100.000,1,0,50.0000,50.0000
89.327,221.989,62.6992,100.000,100.000,1,0,50.0000,50.0000
89.527,222.189,62.7130,100.000,100.000,1,0,50.0000,50.0000
89.727,222.389,62.7424,100.000,100.000,1,0,50.0000,50.0000
89.927,222.590,62.7707,100.000,100.000,1,0,50.0000,50.0000
90.127,222.789,62.8001,100.000,100.000,1,0,50.0000,50.0000
90.327,222.989,62.8190,100.000,100.000,1,0,50.0000,50.0000
90.527,223.189,62.8476,100.000,100.000,1,0,50.0000,50.0000
90.727,223.389,62.8711,100.000,100.000,1,0,50.0000,50.0000
90.927,223.590,62.8909,100.000,100.000,1,0,50.0000,50.0000
91.127,223.790,62.9305,100.000,100.000,1,0,50.0000,50.0000
91.327,223.989,62.9464,100.000,100.000,1,0,50.0000,50.0000
91.527,224.189,62.9800,100.000,100.000,1,0,50.0000,50.0000
91.727,224.389,63.0064,100.000,100.000,1,0,50.0000,50.0000
91.927,224.590,63.0197,100.000,100.000,1,0,50.0000,50.0000
92.127,224.789,63.0552,100.000,100.000,1,0,50.0000,50.0000
92.327,224.989,63.0747,100.000,100.000,1,0,50.0000,50.0000
92.527,225.189,63.0938,100.000,100.000,1,0,50.0000,50.0000
92.727,225.388,63.1209,100.000,100.000,1,0,50.0000,50.0000
92.926,225.588,63.1548,100.000,100.000,1,0,50.0000,50.0000
93.127,225.788,63.1704,100.000,100.000,1,0,50.0000,50.0000
93.326,225.988,63.2051,100.000,100.000,1,0,50.0000,50.0000
93.527,226.188,63.2360,100.000,100.000,1,0,50.0000,50.0000
93.727,226.388,63.2627,100.000,100.000,1,0,50.0000,50.0000
93.927,226.589,63.2882,100.000,100.000,1,0,50.0000,50.0000
94.126,226.788,63.3100,100.000,100.000,1,0,50.0000,50.0000
94.327,226.988,63.3394,100.000,100.000,1,0,50.0000,50.0000
94.527,227.188,63.3577,100.000,100.000,1,0,50.0000,50.0000
94.727,227.388,63.3844,100.000,100.000,1,0,50.0000,50.0000
94.927,227.589,63.4126,100.000,100.000,1,0,50.0000,50.0000
95.127,227.788,63.4328,100.000,100.000,1,0,50.0000,50.0000
95.327,227.988,63.4629,100.000,100.000,1,0,50.0000,50.0000
95.527,228.189,63.4971,100.000,100.000,1,0,50.0000,50.0000
95.727,228.388,63.5249,100.000,100.000,1,0,50.0000,50.0000
95.927,228.589,63.5542,100.000,100.000,1,0,50.0000,50.0000
96.127,228.788,63.5775,100.000,100.000,1,0,50.0000,50.0000
96.327,228.988,63.6030,100.000,100.000,1,0,50.0000,50.0000
96.527,229.188,63.6268,100.000,100.000,1,0,50.0000,50.0000
96.727,229.387,63.6566,100.000,100.000,1,0,50.0000,50.0000
96.927,229.588,63.6826,100.000,100.000,1,0,50.0000,50.0000
97.127,229.787,63.7070,100.000,100.000,1,0,50.0000,50.0000
97.327,229.987,63.7407,100.000,100.000,1,0,50.0000,50.0000
97.527,230.187,63.7708,100.000,100.000,1,0,50.0000,50.0000
97.727,230.387,63.7977,100.000,100.000,1,0,50.0000,50.0000
97.927,230.588,63.8167,100.000,100.000,1,0,50.0000,50.0000
98.127,230.787,63.8477,100.000,100.000,1,0,50.0000,50.0000
98.327,230.987,63.8737,100.000,100.000,1,0,50.0000,50.0000
98.527,231.187,63.8981,100.000,100.000,1,0,50.0000,50.0000
98.727,231.387,63.9277,100.000,100.000,1,0,50.0000,50.0000
98.927,231.588,63.9541,100.000,100.000,1,0,50.0000,50.0000
99.127,231.787,63.9751,100.000,100.000,1,0,50.0000,50.0000
99.327,231.987,64.0127,100.000,100.000,1,0,50.0000,50.0000
99.527,232.187,64.0426,100.000,100.000,1,0,50.0000,50.0000
99.727,232.387,64.0592,100.000,100.000,1,0,50.0000,50.0000
99.927,232.588,64.0902,100.000,100.000,1,0,50.0000,50.0000
100.126,232.787,64.1160,100.000,100.000,1,0,50.0000,50.0000
100.327,232.987,64.1422,100.000,100.000,1,0,50.0000,50.0000
100.527,233.187,64.1616,100.000,100.000,1,0,50.0000,50.0000
100.727,233.387,64.1890,100.000,100.000,1,0,50.0000,50.0000
100.927,233.587,64.2238,100.000,100.000,1,0,50.0000,50.0000
101.126,233.786,64.2515,100.000,100.000,1,0,50.0000,50.0000
101.327,233.986,64.2842,100.000,100.000,1,0,50.0000,50.0000
101.527,234.186,64.3118,100.000,100.000,1,0,50.0000,50.0000
101.727,234.386,64.3423,100.000,100.000,1,0,50.0000,50.0000
101.926,234.587,64.3672,100.000,100.000,1,0,50.0000,50.0000
102.127,234.786,64.3882,100.000,100.000,1,0,50.0000,50.0000
102.327,234.986,64.4189,100.000,100.000,1,0,50.0000,50.0000
102.527,235.186,64.4368,100.000,100.000,1,0,50.0000,50.0000
102.727,235.386,64.4616,100.000,100.000,1,0,50.0000,50.0000
102.927,235.587,64.4997,100.000,100.000,1,0,50.0000,50.0000
103.127,235.786,64.5312,100.000,100.000,1,0,50.0000,50.0000
103.327,235.986,64.5579,100.000,100.000,1,0,50.0000,50.0000
103.527,236.186,64.5851,100.000,100.000,1,0,50.0000,50.0000
103.727,236.386,64.6226,100.000,100.000,1,0,50.0000,50.0000
103.926,236.586,64.6445,100.000,100.000,1,0,50.0000,50.0000
104.126,236.785,64.6712,100.000,100.000,1,0,50.0000,50.0000
104.327,236.986,64.6929,100.000,100.000,1,0,50.0000,50.0000
104.527,237.186,64.7209,100.000,100.000,1,0,50.0000,50.0000
104.727,237.386,64.7414,100.000,100.000,1,0,50.0000,50.0000
104.927,237.586,64.7725,100.000,100.000,1,0,50.0000,50.0000
105.127,237.785,64.8081,100.000,100.000,1,0,50.0000,50.0000
105.327,237.985,64.8351,100.000,100.000,1,0,50.0000,50.0000
105.527,238.185,64.8587,100.000,100.000,1,0,50.0000,50.0000
105.727,238.385,64.8947,100.000,100.000,1,0,50.0000,50.0000
105.927,238.586,64.9211,100.000,100.000,1,0,50.0000,50.0000
106.127,238.785,64.9450,100.000,100.000,1,0,50.0000,50.0000
106.327,238.985,64.9697,100.000,100.000,1,0,50.0000,50.0000
106.527,239.185,64.9917,100.000,100.000,1,0,50.0000,50.0000
106.727,239.385,65.0251,100.000,100.000,1,0,50.0000,50.0000
106.927,239.586,65.0565,100.000,100.000,1,0,50.0000,50.0000
107.127,239.785,65.0791,100.000,100.000,1,0,50.0000,50.0000
107.327,239.985,65.1131,100.000,100.000,1,0,50.0000,50.0000
107.527,240.185,65.1351,100.000,100.000,1,0,50.0000,50.0000
107.726,240.385,65.1636,100.000,100.000,1,0,50.0000,50.0000
107.927,240.586,65.1856,100.000,100.000,1,0,50.0000,50.0000
108.127,240.785,65.2166,100.000,100.000,1,0,50.0000,50.0000
108.327,240.985,65.2358,100.000,100.000,1,0,50.0000,50.0000
108.527,241.185,65.2607,100.000,100.000,1,0,50.0000,50.0000
108.726,241.385,65.3026,100.000,100.000,1,0,50.0000,50.0000
108.927,241.585,65.3247,100.000,100.000,1,0,50.0000,50.0000
109.126,241.784,65.3589,100.000,100.000,1,0,50.0000,50.0000
109.327,241.984,65.3828,100.000,100.000,1,0,50.0000,50.0000
109.527,242.184,65.4088,100.000,100.000,1,0,50.0000,50.0000
109.727,242.384,65.4333,100.000,100.000,1,0,50.0000,50.0000
109.927,242.585,65.4561,100.000,100.000,1,0,50.0000,50.0000
110.127,242.784,65.4868,100.000,100.000,1,0,50.0000,50.0000
110.326,242.984,65.5150,100.000,100.000,1,0,50.0000,50.0000
110.527,243.184,65.5501,100.000,100.000,1,0,50.0000,50.0000
110.727,243.384,65.5747,100.000,100.000,1,0,50.0000,50.0000
110.927,243.585,65.6074,100.000,100.000,1,0,50.0000,50.0000
111.126,243.784,65.6336,100.000,100.000,1,0,50.0000,50.0000
111.327,243.984,65.6548,100.000,100.000,1,0,50.0000,50.0000
111.527,244.184,65.6821,100.000,100.000,1,0,50.0000,50.0000
111.726,244.384,65.7104,100.000,100.000,1,0,50.0000,50.0000
111.927,244.585,65.7363,100.000,100.000,1,0,50.0000,50.0000
112.127,244.784,65.7598,100.000,100.000,1,0,50.0000,50.0000
112.327,244.984,65.7915,100.000,100.000,1,0,50.0000,50.0000
112.527,245.184,65.8188,100.000,100.000,1,0,50.0000,50.0000
112.726,245.384,65.8483,100.000,100.000,1,0,50.0000,50.0000
112.927,245.585,65.8750,100.000,100.000,1,0,50.0000,50.0000
113.127,245.783,65.9053,100.000,100.000,1,0,50.0000,50.0000
113.327,245.983,65.9310,100.000,100.000,1,0,50.0000,50.0000
113.527,246.183,65.9562,100.000,100.000,1,0,50.0000,50.0000
113.727,246.383,65.9829,100.000,100.000,1,0,50.0000,50.0000
113.927,246.584,66.0039,100.000,100.000,1,0,50.0000,50.0000
114.127,246.783,66.0322,100.000,100.000,1,0,50.0000,50.0000
114.327,246.983,66.0640,100.000,100.000,1,0,50.0000,50.0000
114.527,247.182,66.0924,100.000,100.000,1,0,50.0000,50.0000
114.727,247.383,66.1240,100.000,100.000,1,0,50.0000,50.0000
114.927,247.584,66.1475,100.000,100.000,1,0,50.0000,50.0000
115.127,247.783,66.1698,100.000,100.000,1,0,50.0000,50.0000
115.327,247.983,66.2051,100.000,100.000,1,0,50.0000,50.0000
115.527,248.183,66.2233,100.000,100.000,1,0,50.0000,50.0000
115.727,248.383,66.2521,100.000,100.000,1,0,50.0000,50.0000
115.926,248.584,66.2762,100.000,100.000,1,0,50.0000,50.0000
116.127,248.783,66.3076,100.000,100.000,1,0,50.0000,50.0000
116.327,248.983,66.3364,100.000,100.000,1,0,50.0000,50.0000
116.527,249.183,66.3713,100.000,100.000,1,0,50.0000,50.0000
116.727,249.383,66.3962,100.000,100.000,1,0,50.0000,50.0000
116.927,249.584,66.4290,100.000,100.000,1,0,50.0000,50.0000
117.127,249.782,66.4536,100.000,100.000,1,0,50.0000,50.0000
117.327,249.982,66.4785,100.000,100.000,1,0,50.0000,50.0000
117.527,250.182,66.5024,100.000,100.000,1,0,50.0000,50.0000
117.727,250.383,66.5254,100.000,100.000,1,0,50.0000,50.0000
117.926,250.583,66.5635,100.000,100.000,1,0,50.0000,50.0000
118.126,250.782,66.5936,100.000,100.000,1,0,50.0000,50.0000
118.327,250.982,66.6255,100.000,100.000,1,0,50.0000,50.0000
118.527,251.182,66.6475,100.000,100.000,1,0,50.0000,50.0000
118.727,251.383,66.6759,100.000,100.000,1,0,50.0000,50.0000
118.927,251.583,66.6990,100.000,100.000,1,0,50.0000,50.0000
119.127,251.782,66.7241,100.000,100.000,1,0,50.0000,50.0000
119.326,251.982,66.7578,100.000,100.000,1,0,50.0000,50.0000
119.527,252.182,66.7768,100.000,100.000,1,0,50.0000,50.0000
119.727,252.383,66.8062,100.000,100.000,1,0,50.0000,50.0000
119.927,252.583,66.8372,100.000,100.000,1,0,50.0000,50.0000
120.127,252.782,66.8704,100.000,100.000,1,0,50.0000,50.0000
120.327,252.982,66.9020,100.000,100.000,1,0,50.0000,50.0000
120.526,253.182,66.9282,100.000,100.000,1,0,50.0000,50.0000
120.727,253.382,66.9526,100.000,100.000,1,0,50.0000,50.0000
120.927,253.583,66.9813,100.000,100.000,1,0,50.0000,50.0000
121.127,253.781,67.0078,100.000,100.000,1,0,50.0000,50.0000
121.327,253.981,67.0317,100.000,100.000,1,0,50.0000,50.0000
121.526,254.181,67.0635,100.000,100.000,1,0,50.0000,50.0000
121.727,254.382,67.0924,100.000,100.000,1,0,50.0000,50.0000
121.927,254.581,67.1208,100.000,100.000,1,0,50.0000,50.0000
122.127,254.781,67.1523,100.000,100.000,1,0,50.0000,50.0000
122.327,254.981,67.1738,100.000,100.000,1,0,50.0000,50.0000
122.526,255.181,67.2031,100.000,100.000,1,0,50.0000,50.0000
122.727,255.382,67.2282,100.000,100.000,1,0,50.0000,50.0000
122.927,255.582,67.2541,100.000,100.000,1,0,50.0000,50.0000
123.127,255.781,67.2809,100.000,100.000,1,0,50.0000,50.0000
123.327,255.981,67.3175,100.000,100.000,1,0,50.0000,50.0000
123.527,256.181,67.3390,100.000,100.000,1,0,50.0000,50.0000
123.727,256.383,67.3812,100.000,100.000,1,0,50.0000,50.0000
123.927,256.583,67.4017,100.000,100.000,1,0,50.0000,50.0000
124.127,256.782,67.4382,100.000,100.000,1,0,50.0000,50.0000
124.327,256.982,67.4624,100.000,100.000,1,0,50.0000,50.0000
124.527,257.182,67.4883,100.000,100.000,1,0,50.0000,50.0000
124.727,257.383,67.5179,100.000,100.000,1,0,50.0000,50.0000
124.927,257.583,67.5459,100.000,100.000,1,0,50.0000,50.0000
125.127,257.782,67.5772,100.000,100.000,1,0,50.0000,50.0000
125.327,257.982,67.6053,100.000,100.000,1,0,50.0000,50.0000
125.527,258.182,67.6450,100.000,100.000,1,0,50.0000,50.0000
125.727,258.383,67.6790,100.000,100.000,1,0,50.0000,50.0000
125.927,258.583,67.7015,100.000,100.000,1,0,50.0000,50.0000
126.127,258.782,67.7300,100.000,100.000,1,0,50.0000,50.0000
126.327,258.981,67.7598,100.000,100.000,1,0,50.0000,50.0000
126.527,259.182,67.7853,100.000,100.000,1,0,50.0000,50.0000
126.727,259.383,67.8088,100.000,100.000,1,0,50.0000,50.0000
126.927,259.583,67.8478,100.000,100.000,1,0,50.0000,50.0000
127.127,259.782,67.8804,100.000,100.000,1,0,50.0000,50.0000
127.327,259.982,67.9056,100.000,100.000,1,0,50.0000,50.0000
127.527,260.182,67.9385,100.000,100.000,1,0,50.0000,50.0000
127.727,260.383,67.9670,100.000,100.000,1,0,50.0000,50.0000
127.927,260.583,67.9948,100.000,100.000,1,0,50.0000,50.0000
128.127,260.782,68.0208,100.000,100.000,1,0,50.0000,50.0000
128.327,260.981,68.0469,100.000,100.000,1,0,50.0000,50.0000
128.527,261.182,68.0776,100.000,100.000,1,0,50.0000,50.0000
128.727,261.383,68.1121,100.000,100.000,1,0,50.0000,50.0000
128.927,261.583,68.1340,100.000,100.000,1,0,50.0000,50.0000
129.127,261.782,68.1724,100.000,100.000,1,0,50.0000,50.0000
129.327,261.982,68.1958,100.000,100.000,1,0,50.0000,50.0000
129.527,262.182,68.2218,100.000,100.000,1,0,50.0000,50.0000
129.727,262.383,68.2542,100.000,100.000,1,0,50.0000,50.0000
129.927,262.584,68.2798,100.000,100.000,1,0,50.0000,50.0000
130.127,262.783,68.3071,100.000,100.000,1,0,50.0000,50.0000
130.327,262.983,68.3366,100.000,100.000,1,0,50.0000,50.0000
130.527,263.183,68.3696,100.000,100.000,1,0,50.0000,50.0000
130.726,263.383,68.4041,100.000,100.000,1,0,50.0000,50.0000
130.927,263.584,68.4303,100.000,100.000,1,0,50.0000,50.0000
131.127,263.783,68.4593,100.000,100.000,1,0,50.0000,50.0000
131.327,263.983,68.4868,100.000,100.000,1,0,50.0000,50.0000
131.527,264.183,68.5098,100.000,100.000,1,0,50.0000,50.0000
131.727,264.383,68.5467,100.000,100.000,1,0,50.0000,50.0000
131.927,264.584,68.5708,100.000,100.000,1,0,50.0000,50.0000
132.127,264.782,68.5972,100.000,100.000,1,0,50.0000,50.0000
132.327,264.983,68.6343,100.000,100.000,1,0,50.0000,50.0000
132.527,265.183,68.6699,100.000,100.000,1,0,50.0000,50.0000
132.727,265.383,68.6955,100.000,100.000,1,0,50.0000,50.0000
132.927,265.584,68.7228,100.000,100.000,1,0,50.0000,50.0000
133.127,265.783,68.7513,100.000,100.000,1,0,50.0000,50.0000
133.327,265.983,68.7783,100.000,100.000,1,0,50.0000,50.0000
133.527,266.183,68.8014,100.000,100.000,1,0,50.0000,50.0000
133.727,266.383,68.8310,100.000,100.000,1,0,50.0000,50.0000
133.927,266.584,68.8686,100.000,100.000,1,0,50.0000,50.0000
134.127,266.783,68.9041,100.000,100.000,1,0,50.0000,50.0000
134.327,266.983,68.9329,100.000,100.000,1,0,50.0000,50.0000
134.526,267.183,68.9637,100.000,100.000,1,0,50.0000,50.0000
134.727,267.383,68.9932,100.000,100.000,1,0,50.0000,50.0000
134.927,267.584,69.0120,100.000,100.000,1,0,50.0000,50.0000
135.127,267.783,69.0459,100.000,100.000,1,0,50.0000,50.0000
135.327,267.983,69.0736,100.000,100.000,1,0,50.0000,50.0000
135.527,268.183,69.0983,100.000,100.000,1,0,50.0000,50.0000
135.727,268.384,69.1325,100.000,100.000,1,0,50.0000,50.0000
135.927,268.585,69.1663,100.000,100.000,1,0,50.0000,50.0000
136.127,268.784,69.1912,100.000,100.000,1,0,50.0000,50.0000
136.327,268.984,69.2181,100.000,100.000,1,0,50.0000,50.0000
136.527,269.184,69.2484,100.000,100.000,1,0,50.0000,50.0000
136.727,269.384,69.2728,100.000,100.000,1,0,50.0000,50.0000
136.927,269.585,69.3081,100.000,100.000,1,0,50.0000,50.0000
137.126,269.784,69.3369,100.000,100.000,1,0,50.0000,50.0000
137.327,269.984,69.3708,100.000,100.000,1,0,50.0000,50.0000
137.527,270.184,69.3991,100.000,100.000,1,0,50.0000,50.0000
137.727,270.384,69.4367,100.000,100.000,1,0,50.0000,50.0000
137.927,270.585,69.4624,100.000,100.000,1,0,50.0000,50.0000
138.126,270.784,69.4858,100.000,100.000,1,0,50.0000,50.0000
138.327,270.984,69.5132,100.000,100.000,1,0,50.0000,50.0000
138.527,271.184,69.5412,100.000,100.000,1,0,50.0000,50.0000
138.727,271.384,69.5737,100.000,100.000,1,0,50.0000,50.0000
138.927,271.585,69.5999,100.000,100.000,1,0,50.0000,50.0000
139.126,271.784,69.6398,100.000,100.000,1,0,50.0000,50.0000
139.327,271.984,69.6748,100.000,100.000,1,0,50.0000,50.0000
139.527,272.184,69.7017,100.000,100.000,1,0,50.0000,50.0000
139.727,272.384,69.7326,100.000,100.000,1,0,50.0000,50.0000
139.927,272.585,69.7598,100.000,100.000,1,0,50.0000,50.0000
140.127,272.784,69.7856,100.000,100.000,1,0,50.0000,50.0000
140.327,272.984,69.8110,100.000,100.000,1,0,50.0000,50.0000
140.527,273.184,69.8475,100.000,100.000,1,0,50.0000,50.0000
140.727,273.384,69.8766,100.000,100.000,1,0,50.0000,50.0000
140.927,273.585,69.9079,100.000,100.000,1,0,50.0000,50.0000
141.127,273.784,69.9458,100.000,100.000,1,0,50.0000,50.0000
141.326,273.984,69.9683,100.000,100.000,1,0,50.0000,50.0000
141.526,274.184,70.0024,100.000,100.000,1,0,50.0000,50.0000
141.727,274.385,70.0296,100.000,100.000,1,0,50.0000,50.0000
141.927,274.586,70.0578,100.000,100.000,1,0,50.0000,50.0000
142.127,274.783,70.0874,100.000,100.000,1,0,50.0000,50.0000
142.326,274.985,70.1239,100.000,100.000,1,0,50.0000,50.0000
142.527,275.185,70.1507,100.000,100.000,1,0,50.0000,50.0000
142.727,275.385,70.1821,100.000,100.000,1,0,50.0000,50.0000
142.927,275.586,70.2108,100.000,100.000,1,0,50.0000,50.0000
143.127,275.785,70.2407,100.000,100.000,1,0,50.0000,50.0000
143.327,275.985,70.2739,100.000,0.000,0,0,50.0000,50.0000
143.527,276.190,70.3065,0.000,0.000,0,0,50.0000,50.0000
143.727,276.385,70.3413,0.000,0.000,0,0,50.0000,50.0000
143.927,276.586,70.3771,0.000,0.000,0,0,50.0000,50.0000
144.127,276.785,70.4038,0.000,0.000,0,0,50.0000,50.0000
144.327,276.985,70.4297,0.000,0.000,0,0,50.0000,50.0000
144.527,277.185,70.4722,0.000,0.000,0,0,50.0000,50.0000
144.727,277.385,70.4941,0.000,0.000,0,0,50.0000,50.0000
144.927,277.586,70.5303,0.000,0.000,0,0,50.0000,50.0000
145.127,277.785,70.5579,0.000,0.000,0,0,50.0000,50.0000
145.327,277.985,70.5701,0.000,0.000,0,0,50.0000,50.0000
145.527,278.185,70.6159,0.000,0.000,0,0,50.0000,50.0000
145.728,278.385,70.6457,0.000,0.000,0,0,50.0000,50.0000
145.927,278.586,70.6714,0.000,0.000,0,0,50.0000,50.0000
146.127,278.785,70.7067,0.000,0.000,0,0,50.0000,50.0000
146.327,278.985,70.7397,0.000,0.000,0,0,50.0000,50.0000
146.527,279.185,70.7601,0.000,0.000,0,0,50.0000,50.0000
146.727,279.385,70.7943,0.000,0.000,0,0,50.0000,50.0000
146.927,279.586,70.8166,0.000,0.000,0,0,50.0000,50.0000
147.127,279.785,70.8460,0.000,0.000,0,0,50.0000,50.0000
147.327,279.985,70.8786,0.000,0.000,0,0,50.0000,50.0000
147.527,280.185,70.9093,0.000,0.000,0,0,50.0000,50.0000
147.727,280.385,70.9497,0.000,0.000,0,0,50.0000,50.0000
147.927,280.586,70.9717,0.000,0.000,0,0,50.0000,50.0000
148.127,280.785,70.9950,0.000,0.000,0,0,50.0000,50.0000
148.326,280.986,71.0308,0.000,0.000,0,0,50.0000,50.0000
148.527,281.186,71.0545,0.000,0.000,0,0,50.0000,50.0000
148.727,281.386,71.0799,0.000,0.000,0,0,50.0000,50.0000
148.927,281.587,71.1105,0.000,0.000,0,0,50.0000,50.0000
149.127,281.786,71.1429,0.000,0.000,0,0,50.0000,50.0000
149.327,281.986,71.1735,0.000,0.000,0,0,50.0000,50.0000
149.527,282.186,71.1922,0.000,0.000,0,0,50.0000,50.0000
149.727,282.386,71.2225,0.000,0.000,0,0,50.0000,50.0000
149.927,282.587,71.2599,0.000,0.000,0,0,50.0000,50.0000
150.127,282.786,71.2804,0.000,0.000,0,0,50.0000,50.0000
150.326,282.986,71.3055,0.000,0.000,0,0,50.0000,50.0000
150.527,283.186,71.3294,0.000,0.000,0,0,50.0000,50.0000
150.726,283.386,71.3644,0.000,0.000,0,0,50.0000,50.0000
150.926,283.587,71.3936,0.000,0.000,0,0,50.0000,50.0000
151.126,283.786,71.4160,0.000,0.000,0,0,50.0000,50.0000
151.326,283.986,71.4390,0.000,0.000,0,0,50.0000,50.0000
151.527,284.186,71.4674,0.000,0.000,0,0,50.0000,50.0000
151.727,284.386,71.4956,0.000,0.000,0,0,50.0000,50.0000
151.927,284.587,71.5195,0.000,0.000,0,0,50.0000,50.0000
152.127,284.786,71.5457,0.000,0.000,0,0,50.0000,50.0000
152.327,284.986,71.5578,0.000,0.000,0,0,50.0000,50.0000
152.527,285.186,71.5863,0.000,0.000,0,0,50.0000,50.0000
152.727,285.386,71.5933,0.000,0.000,0,0,50.0000,50.0000
152.927,285.587,71.6201,0.000,0.000,0,0,50.0000,50.0000
153.127,285.786,71.6243,0.000,0.000,0,0,50.0000,50.0000
153.327,285.986,71.6263,0.000,0.000,0,0,50.0000,50.0000
153.527,286.186,71.6335,0.000,0.000,0,0,50.0000,50.0000
153.727,286.386,71.6421,0.000,0.000,0,0,50.0000,50.0000
153.927,286.587,71.6421,0.000,0.000,0,0,50.0000,50.0000
154.127,286.786,71.6414,0.000,0.000,0,0,50.0000,50.0000
154.327,286.987,71.6414,0.000,0.000,0,0,50.0000,50.0000
154.527,287.187,71.6426,0.000,0.000,0,0,50.0000,50.0000
154.727,287.387,71.6481,0.000,0.000,0,0,50.0000,50.0000
154.927,287.588,71.6491,0.000,0.000,0,0,50.0000,50.0000
155.127,287.787,71.6567,0.000,0.000,0,0,50.0000,50.0000
155.327,287.987,71.6680,0.000,0.000,0,0,50.0000,50.0000
155.527,288.187,71.6724,0.000,0.000,0,0,50.0000,50.0000
155.727,288.387,71.6922,0.000,0.000,0,0,50.0000,50.0000
155.927,288.588,71.7082,0.000,0.000,0,0,50.0000,50.0000
156.127,288.787,71.7257,0.000,0.000,0,0,50.0000,50.0000
156.327,288.986,71.7375,0.000,0.000,0,0,50.0000,50.0000
156.527,289.187,71.7573,0.000,0.000,0,0,50.0000,50.0000
156.727,289.387,71.7765,0.000,0.000,0,0,50.0000,50.0000
156.927,289.588,71.7941,0.000,0.000,0,0,50.0000,50.0000
157.127,289.787,71.8092,0.000,0.000,0,0,50.0000,50.0000
157.327,289.987,71.8242,0.000,0.000,0,0,50.0000,50.0000
157.527,290.187,71.8452,0.000,0.000,0,0,50.0000,50.0000
157.727,290.387,71.8691,0.000,0.000,0,0,50.0000,50.0000
157.927,290.588,71.8864,0.000,0.000,0,0,50.0000,50.0000
158.127,290.787,71.8991,0.000,0.000,0,0,50.0000,50.0000
158.327,290.987,71.9219,0.000,0.000,0,0,50.0000,50.0000
158.526,291.187,71.9414,0.000,0.000,0,0,50.0000,50.0000
158.726,291.387,71.9712,0.000,0.000,0,0,50.0000,50.0000
158.927,291.588,71.9878,0.000,0.000,0,0,50.0000,50.0000
159.127,291.787,71.9924,0.000,0.000,0,0,50.0000,50.0000
159.327,291.987,72.0145,0.000,0.000,0,0,50.0000,50.0000
159.527,292.187,72.0373,0.000,0.000,0,0,50.0000,50.0000
159.726,292.387,72.0408,0.000,0.000,0,0,50.0000,50.0000
159.927,292.588,72.0589,0.000,0.000,0,0,50.0000,50.0000
160.127,292.787,72.0801,0.000,0.000,0,0,50.0000,50.0000
160.327,292.988,72.0954,0.000,0.000,0,0,50.0000,50.0000
160.527,293.188,72.1115,0.000,0.000,0,0,50.0000,50.0000
160.726,293.388,72.1273,0.000,0.000,0,0,50.0000,50.0000
160.927,293.589,72.1457,0.000,0.000,0,0,50.0000,50.0000
161.127,293.788,72.1606,0.000,0.000,0,0,50.0000,50.0000
161.327,293.988,72.1820,0.000,0.000,0,0,50.0000,50.0000
161.527,294.188,72.1919,0.000,0.000,0,0,50.0000,50.0000
161.726,294.388,72.2095,0.000,0.000,0,0,50.0000,50.0000
161.927,294.589,72.2181,0.000,0.000,0,0,50.0000,50.0000
162.127,294.788,72.2254,0.000,0.000,0,0,50.0000,50.0000
162.327,294.988,72.2531,0.000,0.000,0,0,50.0000,50.0000
162.527,295.188,72.2682,0.000,0.000,0,0,50.0000,50.0000
162.727,295.388,72.2746,0.000,0.000,0,0,50.0000,50.0000
162.927,295.589,72.2878,0.000,0.000,0,0,50.0000,50.0000
163.127,295.788,72.3081,0.000,0.000,0,0,50.0000,50.0000
163.327,295.987,72.3146,0.000,0.000,0,0,50.0000,50.0000
163.527,296.188,72.3299,0.000,0.000,0,0,50.0000,50.0000
163.727,296.388,72.3452,0.000,0.000,0,0,50.0000,50.0000
163.927,296.589,72.3599,0.000,0.000,0,0,50.0000,50.0000
164.127,296.788,72.3652,0.000,0.000,0,0,50.0000,50.0000
164.327,296.988,72.3916,0.000,0.000,0,0,50.0000,50.0000
164.527,297.188,72.3901,0.000,0.000,0,0,50.0000,50.0000
164.727,297.388,72.4069,0.000,0.000,0,0,50.0000,50.0000
164.927,297.589,72.4310,0.000,0.000,0,0,50.0000,50.0000
165.127,297.788,72.4434,0.000,0.000,0,0,50.0000,50.0000
165.327,297.988,72.4531,0.000,0.000,0,0,50.0000,50.0000
165.526,298.188,72.4759,0.000,0.000,0,0,50.0000,50.0000
165.727,298.388,72.4741,0.000,0.000,0,0,50.0000,50.0000
165.927,298.589,72.4849,0.000,0.000,0,0,50.0000,50.0000
166.127,298.788,72.5034,0.000,0.000,0,0,50.0000,50.0000
166.327,298.989,72.5075,0.000,0.000,0,0,50.0000,50.0000
166.527,299.189,72.5259,0.000,0.000,0,0,50.0000,50.0000
166.727,299.389,72.5397,0.000,0.000,0,0,50.0000,50.0000
166.927,299.590,72.5531,0.000,0.000,0,0,50.0000,50.0000
167.127,299.789,72.5552,0.000,0.000,0,0,50.0000,50.0000
167.327,299.989,72.5713,0.000,0.000,0,0,50.0000,50.0000
167.527,300.189,72.5832,0.000,0.000,0,0,50.0000,50.0000
167.727,300.389,72.5894,0.000,0.000,0,0,50.0000,50.0000
167.927,300.590,72.6133,0.000,0.000,0,0,50.0000,50.0000
168.127,300.789,72.6074,0.000,0.000,0,0,50.0000,50.0000
168.327,300.989,72.6235,0.000,0.000,0,0,50.0000,50.0000
168.527,301.189,72.6318,0.000,0.000,0,0,50.0000,50.0000
168.727,301.389,72.6424,0.000,0.000,0,0,50.0000,50.0000
168.927,301.590,72.6567,0.000,0.000,0,0,50.0000,50.0000
169.127,301.789,72.6688,0.000,0.000,0,0,50.0000,50.0000
169.327,301.990,72.6758,0.000,0.000,0,0,50.0000,50.0000
169.527,302.189,72.6890,0.000,0.000,0,0,50.0000,50.0000
169.727,302.389,72.6958,0.000,0.000,0,0,50.0000,50.0000
169.927,302.590,72.7061,0.000,0.000,0,0,50.0000,50.0000
170.127,302.789,72.7160,0.000,0.000,0,0,50.0000,50.0000
170.327,302.989,72.7171,0.000,0.000,0,0,50.0000,50.0000
170.527,303.189,72.7306,0.000,0.000,0,0,50.0000,50.0000
170.727,303.389,72.7311,0.000,0.000,0,0,50.0000,50.0000
170.927,303.590,72.7427,0.000,0.000,0,0,50.0000,50.0000
171.127,303.789,72.7523,0.000,0.000,0,0,50.0000,50.0000
171.327,303.989,72.7642,0.000,0.000,0,0,50.0000,50.0000
171.527,304.189,72.7666,0.000,0.000,0,0,50.0000,50.0000
171.727,304.389,72.7710,0.000,0.000,0,0,50.0000,50.0000
171.926,304.590,72.7795,0.000,0.000,0,0,50.0000,50.0000
172.127,304.789,72.7897,0.000,0.000,0,0,50.0000,50.0000
172.327,304.989,72.7871,0.000,0.000,0,0,50.0000,50.0000
172.527,305.190,72.7977,0.000,0.000,0,0,50.0000,50.0000
172.727,305.389,72.7978,0.000,0.000,0,0,50.0000,50.0000
172.927,305.591,72.8060,0.000,0.000,0,0,50.0000,50.0000
173.127,305.790,72.8144,0.000,0.000,0,0,50.0000,50.0000
173.327,305.990,72.8203,0.000,0.000,0,0,50.0000,50.0000
173.526,306.190,72.8185,0.000,0.000,0,0,50.0000,50.0000
173.726,306.390,72.8324,0.000,0.000,0,0,50.0000,50.0000
173.926,306.591,72.8354,0.000,0.000,0,0,50.0000,50.0000
174.127,306.790,72.8384,0.000,0.000,0,0,50.0000,50.0000
174.327,306.990,72.8394,0.000,0.000,0,0,50.0000,50.0000
174.527,307.190,72.8530,0.000,0.000,0,0,50.0000,50.0000
174.727,307.390,72.8579,0.000,0.000,0,0,50.0000,50.0000
174.926,307.591,72.8568,0.000,0.000,0,0,50.0000,50.0000
175.127,307.790,72.8721,0.000,0.000,0,0,50.0000,50.0000
175.327,307.990,72.8688,0.000,0.000,0,0,50.0000,50.0000
175.527,308.190,72.8660,0.000,0.000,0,0,50.0000,50.0000
175.727,308.390,72.8747,0.000,0.000,0,0,50.0000,50.0000
175.927,308.591,72.8869,0.000,0.000,0,0,50.0000,50.0000
176.127,308.790,72.8822,0.000,0.000,0,0,50.0000,50.0000
176.327,308.990,72.8892,0.000,0.000,0,0,50.0000,50.0000
176.527,309.190,72.8836,0.000,0.000,0,0,50.0000,50.0000
176.727,309.390,72.8931,0.000,0.000,0,0,50.0000,50.0000
176.927,309.591,72.9014,0.000,0.000,0,0,50.0000,50.0000
177.127,309.790,72.9001,0.000,0.000,0,0,50.0000,50.0000
177.326,309.990,72.8957,0.000,0.000,0,0,50.0000,50.0000
177.527,310.190,72.9115,0.000,0.000,0,0,50.0000,50.0000
177.726,310.390,72.9110,0.000,0.000,0,0,50.0000,50.0000
177.927,310.591,72.8975,0.000,0.000,0,0,50.0000,50.0000
178.126,310.790,72.9180,0.000,0.000,0,0,50.0000,50.0000
178.327,310.989,72.9072,0.000,0.000,0,0,50.0000,50.0000
178.526,311.190,72.9097,0.000,0.000,0,0,50.0000,50.0000
178.727,311.390,72.9137,0.000,0.000,0,0,50.0000,50.0000
178.927,311.592,72.9053,0.000,0.000,0,0,50.0000,50.0000
179.128,311.792,72.9126,0.000,0.000,0,0,50.0000,50.0000
179.327,311.991,72.9116,0.000,0.000,0,0,50.0000,50.0000
179.527,312.191,72.8994,0.000,0.000,0,0,50.0000,50.0000
179.727,312.391,72.9115,0.000,0.000,0,0,50.0000,50.0000
179.927,312.592,72.9015,0.000,0.000,0,0,50.0000,50.0000
180.126,312.792,72.9045,0.000,0.000,0,0,50.0000,50.0000
180.327,312.991,72.9020,0.000,0.000,0,0,50.0000,50.0000
180.526,313.191,72.9062,0.000,0.000,0,0,50.0000,50.0000
180.727,313.391,72.9041,0.000,0.000,0,0,50.0000,50.0000
180.927,313.592,72.9053,0.000,0.000,0,0,50.0000,50.0000
181.127,313.792,72.9025,0.000,0.000,0,0,50.0000,50.0000
181.327,313.991,72.8955,0.000,0.000,0,0,50.0000,50.0000
181.527,314.191,72.8979,0.000,0.000,0,0,50.0000,50.0000
181.726,314.391,72.8926,0.000,0.000,0,0,50.0000,50.0000
181.927,314.592,72.8859,0.000,0.000,0,0,50.0000,50.0000
182.127,314.792,72.8818,0.000,0.000,0,0,50.0000,50.0000
182.327,314.991,72.8804,0.000,0.000,0,0,50.0000,50.0000
182.527,315.191,72.8729,0.000,0.000,0,0,50.0000,50.0000
182.726,315.391,72.8652,0.000,0.000,0,0,50.0000,50.0000
182.927,315.592,72.8678,0.000,0.000,0,0,50.0000,50.0000
183.127,315.792,72.8667,0.000,0.000,0,0,50.0000,50.0000
183.327,315.991,72.8638,0.000,0.000,0,0,50.0000,50.0000
183.527,316.191,72.8587,0.000,0.000,0,0,50.0000,50.0000
183.726,316.391,72.8516,0.000,0.000,0,0,50.0000,50.0000
183.927,316.591,72.8537,0.000,0.000,0,0,50.0000,50.0000
184.127,316.791,72.8475,0.000,0.000,0,0,50.0000,50.0000
184.327,316.991,72.8364,0.000,0.000,0,0,50.0000,50.0000
184.526,317.191,72.8306,0.000,0.000,0,0,50.0000,50.0000
184.727,317.391,72.8408,0.000,0.000,0,0,50.0000,50.0000
184.927,317.592,72.8408,0.000,0.000,0,0,50.0000,50.0000
185.127,317.793,72.8350,0.000,0.000,0,0,50.0000,50.0000
185.327,317.992,72.8379,0.000,0.000,0,0,50.0000,50.0000
185.624,318.192,72.8332,0.000,0.000,0,0,50.0000,50.0000
185.822,318.392,72.8252,0.000,0.000,0,0,50.0000,50.0000
185.995,318.592,72.8193,0.000,0.000,0,0,50.0000,50.0000
186.221,318.794,72.8138,0.000,0.000,0,0,50.0000,50.0000
186.422,318.992,72.8066,0.000,0.000,0,0,50.0000,50.0000
186.619,319.192,72.8037,0.000,0.000,0,0,50.0000,50.0000
186.822,319.392,72.7975,0.000,0.000,0,0,50.0000,50.0000
187.022,319.592,72.7943,0.000,0.000,0,0,50.0000,50.0000
187.215,319.793,72.7910,0.000,0.000,0,0,50.0000,50.0000
187.422,319.992,72.7806,0.000,0.000,0,0,50.0000,50.0000
187.622,320.192,72.7749,0.000,0.000,0,0,50.0000,50.0000
187.815,320.392,72.7720,0.000,0.000,0,0,50.0000,50.0000
188.022,320.592,72.7663,0.000,0.000,0,0,50.0000,50.0000
188.224,320.793,72.7619,0.000,0.000,0,0,50.0000,50.0000
188.412,320.992,72.7542,0.000,0.000,0,0,50.0000,50.0000
188.819,321.193,72.7505,0.000,0.000,0,0,50.0000,50.0000
188.819,321.392,72.7459,0.000,0.000,0,0,50.0000,50.0000
189.056,321.592,72.7422,0.000,0.000,0,0,50.0000,50.0000
189.056,321.793,72.7318,0.000,0.000,0,0,50.0000,50.0000
189.252,321.992,72.7243,0.000,0.000,0,0,50.0000,50.0000
189.452,322.192,72.7173,0.000,0.000,0,0,50.0000,50.0000
189.822,322.392,72.7072,0.000,0.000,0,0,50.0000,50.0000
190.023,322.592,72.7101,0.000,0.000,0,0,50.0000,50.0000
190.241,322.793,72.7008,0.000,0.000,0,0,50.0000,50.0000
190.465,322.992,72.6894,0.000,0.000,0,0,50.0000,50.0000
190.465,323.192,72.6860,0.000,0.000,0,0,50.0000,50.0000
190.663,323.392,72.6732,0.000,0.000,0,0,50.0000,50.0000
190.876,323.593,72.6616,0.000,0.000,0,0,50.0000,50.0000
191.077,323.794,72.6680,0.000,0.000,0,0,50.0000,50.0000
191.284,323.992,72.6564,0.000,0.000,0,0,50.0000,50.0000
191.491,324.193,72.6462,0.000,0.000,0,0,50.0000,50.0000
191.696,324.393,72.6308,0.000,0.000,0,0,50.0000,50.0000
191.881,324.593,72.6266,0.000,0.000,0,0,50.0000,50.0000
192.081,324.794,72.6180,0.000,0.000,0,0,50.0000,50.0000
192.284,324.993,72.6099,0.000,0.000,0,0,50.0000,50.0000
192.483,325.194,72.6034,0.000,0.000,0,0,50.0000,50.0000
192.699,325.393,72.5952,0.000,0.000,0,0,50.0000,50.0000
192.860,325.593,72.5921,0.000,0.000,0,0,50.0000,50.0000
193.069,325.794,72.5884,0.000,0.000,0,0,50.0000,50.0000
193.275,325.993,72.5814,0.000,0.000,0,0,50.0000,50.0000
193.463,326.193,72.5651,0.000,0.000,0,0,50.0000,50.0000
193.652,326.393,72.5605,0.000,0.000,0,0,50.0000,50.0000
193.852,326.593,72.5475,0.000,0.000,0,0,50.0000,50.0000
194.251,326.794,72.5413,0.000,0.000,0,0,50.0000,50.0000
194.251,326.993,72.5299,0.000,0.000,0,0,50.0000,50.0000
194.481,327.193,72.5254,0.000,0.000,0,0,50.0000,50.0000
194.668,327.393,72.5171,0.000,0.000,0,0,50.0000,50.0000
194.851,327.593,72.5075,0.000,0.000,0,0,50.0000,50.0000
195.229,327.794,72.5018,0.000,0.000,0,0,50.0000,50.0000
195.429,327.993,72.4901,0.000,0.000,0,0,50.0000,50.0000
195.643,328.193,72.4883,0.000,0.000,0,0,50.0000,50.0000
195.836,328.393,72.4821,0.000,0.000,0,0,50.0000,50.0000
196.045,328.593,72.4681,0.000,0.000,0,0,50.0000,50.0000
196.242,328.794,72.4600,0.000,0.000,0,0,50.0000,50.0000
196.430,328.993,72.4523,0.000,0.000,0,0,50.0000,50.0000
196.623,329.193,72.4424,0.000,0.000,0,0,50.0000,50.0000
196.826,329.393,72.4269,0.000,0.000,0,0,50.0000,50.0000
197.024,329.593,72.4184,0.000,0.000,0,0,50.0000,50.0000
197.226,329.795,72.4144,0.000,0.000,0,0,50.0000,50.0000
197.434,329.993,72.4014,0.000,0.000,0,0,50.0000,50.0000
197.622,330.194,72.3908,0.000,0.000,0,0,50.0000,50.0000
197.822,330.394,72.3815,0.000,0.000,0,0,50.0000,50.0000
198.032,330.594,72.3709,0.000,0.000,0,0,50.0000,50.0000
198.227,330.795,72.3571,0.000,0.000,0,0,50.0000,50.0000
198.443,330.994,72.3446,0.000,0.000,0,0,50.0000,50.0000
198.643,331.193,72.3335,0.000,0.000,0,0,50.0000,50.0000
198.841,331.394,72.3273,0.000,0.000,0,0,50.0000,50.0000
199.045,331.594,72.3169,0.000,0.000,0,0,50.0000,50.0000
199.266,331.795,72.3112,0.000,0.000,0,0,50.0000,50.0000
199.266,331.994,72.2900,0.000,0.000,0,0,50.0000,50.0000
199.481,332.194,72.2845,0.000,0.000,0,0,50.0000,50.0000
199.821,332.394,72.2726,0.000,0.000,0,0,50.0000,50.0000
200.022,332.594,72.2694,0.000,0.000,0,0,50.0000,50.0000
200.223,332.795,72.2562,0.000,0.000,0,0,50.0000,50.0000
200.448,332.994,72.2464,0.000,0.000,0,0,50.0000,50.0000
200.676,333.194,72.2378,0.000,0.000,0,0,50.0000,50.0000
200.676,333.394,72.2253,0.000,0.000,0,0,50.0000,50.0000
201.044,333.593,72.2065,0.000,0.000,0,0,50.0000,50.0000
201.240,333.794,72.2044,0.000,0.000,0,0,50.0000,50.0000
201.447,333.994,72.1927,0.000,0.000,0,0,50.0000,50.0000
201.657,334.194,72.1684,0.000,0.000,0,0,50.0000,50.0000
201.657,334.394,72.1691,0.000,0.000,0,0,50.0000,50.0000
201.851,334.594,72.1553,0.000,0.000,0,0,50.0000,50.0000
202.226,334.795,72.1398,0.000,0.000,0,0,50.0000,50.0000
202.428,334.994,72.1268,0.000,0.000,0,0,50.0000,50.0000
202.630,335.194,72.1130,0.000,0.000,0,0,50.0000,50.0000
202.827,335.394,72.1007,0.000,0.000,0,0,50.0000,50.0000
203.026,335.594,72.0931,0.000,0.000,0,0,50.0000,50.0000
203.231,335.795,72.0708,0.000,0.000,0,0,50.0000,50.0000
203.433,335.994,72.0649,0.000,0.000,0,0,50.0000,50.0000
203.628,336.195,72.0542,0.000,0.000,0,0,50.0000,50.0000
203.826,336.395,72.0404,0.000,0.000,0,0,50.0000,50.0000
204.047,336.595,72.0225,0.000,0.000,0,0,50.0000,50.0000
204.246,336.797,72.0150,0.000,0.000,0,0,50.0000,50.0000
204.457,336.995,72.0005,0.000,0.000,0,0,50.0000,50.0000
204.458,337.195,71.9857,0.000,0.000,0,0,50.0000,50.0000
204.668,337.395,71.9740,0.000,0.000,0,0,50.0000,50.0000
204.866,337.595,71.9726,0.000,0.000,0,0,50.0000,50.0000
205.140,337.796,71.9512,0.000,0.000,0,0,50.0000,50.0000
205.407,337.995,71.9377,0.000,0.000,0,0,50.0000,50.0000
205.624,338.195,71.9272,0.000,0.000,0,0,50.0000,50.0000
205.831,338.395,71.9084,0.000,0.000,0,0,50.0000,50.0000
206.068,338.595,71.8936,0.000,0.000,0,0,50.0000,50.0000
206.068,338.796,71.8843,0.000,0.000,0,0,50.0000,50.0000
206.297,338.995,71.8607,0.000,0.000,0,0,50.0000,50.0000
206.483,339.195,71.8524,0.000,0.000,0,0,50.0000,50.0000
206.679,339.395,71.8356,0.000,0.000,0,0,50.0000,50.0000
206.876,339.595,71.8201,0.000,0.000,0,0,50.0000,50.0000
207.252,339.796,71.8115,0.000,0.000,0,0,50.0000,50.0000
207.253,339.995,71.7959,0.000,0.000,0,0,50.0000,50.0000
207.622,340.195,71.7852,0.000,0.000,0,0,50.0000,50.0000
207.847,340.394,71.7736,0.000,0.000,0,0,50.0000,50.0000
208.031,340.595,71.7580,0.000,0.000,0,0,50.0000,50.0000
208.226,340.796,71.7467,0.000,0.000,0,0,50.0000,50.0000
208.421,340.995,71.7349,0.000,0.000,0,0,50.0000,50.0000
208.639,341.195,71.7197,0.000,0.000,0,0,50.0000,50.0000
208.826,341.395,71.7090,0.000,0.000,0,0,50.0000,50.0000
209.049,341.595,71.6934,0.000,0.000,0,0,50.0000,50.0000
209.251,341.796,71.6802,0.000,0.000,0,0,50.0000,50.0000
209.251,341.995,71.6841,0.000,0.000,0,0,50.0000,50.0000
209.467,342.196,71.6634,0.000,0.000,0,0,50.0000,50.0000
209.676,342.396,71.6608,0.000,0.000,0,0,50.0000,50.0000
209.891,342.596,71.6533,0.000,0.000,0,0,50.0000,50.0000
210.111,342.797,71.6499,0.000,0.000,0,0,50.0000,50.0000
210.279,342.996,71.6488,0.000,0.000,0,0,50.0000,50.0000
210.481,343.196,71.6458,0.000,0.000,0,0,50.0000,50.0000
210.718,343.396,71.6431,0.000,0.000,0,0,50.0000,50.0000
210.984,343.596,71.6431,0.000,0.000,0,0,50.0000,50.0000
211.222,343.797,71.6422,0.000,0.000,0,0,50.0000,50.0000
211.424,343.996,71.6400,0.000,0.000,0,0,50.0000,50.0000
211.620,344.196,71.6403,0.000,0.000,0,0,50.0000,50.0000
211.822,344.396,71.6390,0.000,0.000,0,0,50.0000,50.0000
212.021,344.596,71.6375,0.000,0.000,0,0,50.0000,50.0000
212.222,344.797,71.6361,0.000,0.000,0,0,50.0000,50.0000
212.424,344.996,71.6348,0.000,0.000,0,0,50.0000,50.0000
212.624,345.196,71.6299,0.000,0.000,0,0,50.0000,50.0000
212.826,345.396,71.6255,0.000,0.000,0,0,50.0000,50.0000
213.024,345.596,71.6195,0.000,0.000,0,0,50.0000,50.0000
213.222,345.797,71.6165,0.000,0.000,0,0,50.0000,50.0000
213.424,345.996,71.6045,0.000,0.000,0,0,50.0000,50.0000
213.626,346.196,71.5981,0.000,0.000,0,0,50.0000,50.0000
213.853,346.397,71.5846,0.000,0.000,0,0,50.0000,50.0000
213.853,346.596,71.5695,0.000,0.000,0,0,50.0000,50.0000
214.076,346.797,71.5511,0.000,0.000,0,0,50.0000,50.0000
214.316,346.996,71.5361,0.000,0.000,0,0,50.0000,50.0000
214.482,347.196,71.5304,0.000,0.000,0,0,50.0000,50.0000
214.700,347.396,71.5124,0.000,0.000,0,0,50.0000,50.0000
214.895,347.596,71.5019,0.000,0.000,0,0,50.0000,50.0000
215.074,347.797,71.4806,0.000,0.000,0,0,50.0000,50.0000
215.294,347.996,71.4644,0.000,0.000,0,0,50.0000,50.0000
215.464,348.197,71.4546,0.000,0.000,0,0,50.0000,50.0000
215.661,348.397,71.4338,0.000,0.000,0,0,50.0000,50.0000
216.049,348.597,71.4204,0.000,0.000,0,0,50.0000,50.0000
216.251,348.798,71.3994,0.000,0.000,0,0,50.0000,50.0000
216.444,348.997,71.3929,0.000,0.000,0,0,50.0000,50.0000
216.622,349.197,71.3634,0.000,0.000,0,0,50.0000,50.0000
216.823,349.397,71.3537,0.000,0.000,0,0,50.0000,50.0000
217.026,349.597,71.3341,0.000,0.000,0,0,50.0000,50.0000
217.254,349.798,71.3179,0.000,0.000,0,0,50.0000,50.0000
217.255,349.997,71.2975,0.000,0.000,0,0,50.0000,50.0000
217.623,350.197,71.2869,0.000,0.000,0,0,50.0000,50.0000
217.824,350.397,71.2775,0.000,0.000,0,0,50.0000,50.0000
218.048,350.597,71.2568,0.000,0.000,0,0,50.0000,50.0000
218.247,350.798,71.2373,0.000,0.000,0,0,50.0000,50.0000
218.452,350.997,71.2222,0.000,0.000,0,0,50.0000,50.0000
218.647,351.197,71.2021,0.000,0.000,0,0,50.0000,50.0000
218.861,351.397,71.1937,0.000,0.000,0,0,50.0000,50.0000
218.862,351.597,71.1689,0.000,0.000,0,0,50.0000,50.0000
219.249,351.798,71.1626,0.000,0.000,0,0,50.0000,50.0000
219.465,351.997,71.1359,0.000,0.000,0,0,50.0000,50.0000
219.465,352.197,71.1239,0.000,0.000,0,0,50.0000,50.0000
219.690,352.397,71.0986,0.000,0.000,0,0,50.0000,50.0000
219.910,352.597,71.0874,0.000,0.000,0,0,50.0000,50.0000
220.093,352.799,71.0716,0.000,0.000,0,0,50.0000,50.0000
220.285,352.996,71.0534,0.000,0.000,0,0,50.0000,50.0000
220.500,353.197,71.0400,0.000,0.000,0,0,50.0000,50.0000
220.700,353.397,71.0200,0.000,0.000,0,0,50.0000,50.0000
220.856,353.597,71.0093,0.000,0.000,0,0,50.0000,50.0000
221.223,353.798,70.9936,0.000,0.000,0,0,50.0000,50.0000
221.401,353.997,70.9726,0.000,0.000,0,0,50.0000,50.0000
221.622,354.197,70.9655,0.000,0.000,0,0,50.0000,50.0000
221.822,354.397,70.9396,0.000,0.000,0,0,50.0000,50.0000
222.036,354.598,70.9204,0.000,0.000,0,0,50.0000,50.0000
222.234,354.799,70.8971,0.000,0.000,0,0,50.0000,50.0000
222.483,354.998,70.8864,0.000,0.000,0,0,50.0000,50.0000
222.483,355.198,70.8642,0.000,0.000,0,0,50.0000,50.0000
222.696,355.398,70.8462,0.000,0.000,0,0,50.0000,50.0000
222.861,355.598,70.8304,0.000,0.000,0,0,50.0000,50.0000
223.078,355.799,70.8115,0.000,0.000,0,0,50.0000,50.0000
223.277,355.998,70.8034,0.000,0.000,0,0,50.0000,50.0000
223.501,356.198,70.7847,0.000,0.000,0,0,50.0000,50.0000
223.708,356.398,70.7622,0.000,0.000,0,0,50.0000,50.0000
223.891,356.598,70.7531,0.000,0.000,0,0,50.0000,50.0000
224.077,356.799,70.7370,0.000,0.000,0,0,50.0000,50.0000
224.456,356.998,70.7246,0.000,0.000,0,0,50.0000,50.0000
224.457,357.198,70.7031,0.000,0.000,0,0,50.0000,50.0000
224.875,357.398,70.6812,0.000,0.000,0,0,50.0000,50.0000
224.875,357.598,70.6587,0.000,0.000,0,0,50.0000,50.0000
225.091,357.799,70.6455,0.000,0.000,0,0,50.0000,50.0000
225.279,357.998,70.6252,0.000,0.000,0,0,50.0000,50.0000
225.478,358.198,70.6094,0.000,0.000,0,0,50.0000,50.0000
225.679,358.398,70.5955,0.000,0.000,0,0,50.0000,50.0000
225.858,358.598,70.5752,0.000,0.000,0,0,50.0000,50.0000
226.256,358.799,70.5498,0.000,0.000,0,0,50.0000,50.0000
226.256,358.998,70.5358,0.000,0.000,0,0,50.0000,50.0000
226.650,359.198,70.5205,0.000,0.000,0,0,50.0000,50.0000
226.860,359.398,70.4961,0.000,0.000,0,0,50.0000,50.0000
226.860,359.598,70.4736,0.000,0.000,0,0,50.0000,50.0000
227.223,359.799,70.4639,0.000,0.000,0,0,50.0000,50.0000
227.424,359.998,70.4484,0.000,0.000,0,0,50.0000,50.0000
227.623,360.198,70.4232,0.000,0.000,0,0,50.0000,50.0000
227.833,360.398,70.4017,0.000,0.000,0,0,50.0000,50.0000
228.035,360.598,70.3908,0.000,0.000,0,0,50.0000,50.0000
228.249,360.800,70.3750,0.000,0.000,0,0,50.0000,50.0000
228.468,361.000,70.3481,0.000,0.000,0,0,50.0000,50.0000
228.468,361.199,70.3310,0.000,0.000,0,0,50.0000,50.0000
228.693,361.399,70.3154,0.000,0.000,0,0,50.0000,50.0000
228.896,361.599,70.2944,0.000,0.000,0,0,50.0000,50.0000
229.228,361.800,70.2746,0.000,0.000,0,0,50.0000,50.0000
229.426,362.000,70.2555,0.000,0.000,0,0,50.0000,50.0000
229.624,362.199,70.2340,0.000,0.000,0,0,50.0000,50.0000
229.727,362.399,70.2231,0.000,0.000,0,0,50.0000,50.0000
229.927,362.599,70.2057,0.000,0.000,0,0,50.0000,50.0000
230.127,362.800,70.1800,0.000,0.000,0,0,50.0000,50.0000
230.327,363.000,70.1706,0.000,0.000,0,0,50.0000,50.0000
230.527,363.199,70.1403,0.000,0.000,0,0,50.0000,50.0000
230.727,363.399,70.1268,0.000,0.000,0,0,50.0000,50.0000
230.927,363.599,70.1071,0.000,0.000,0,0,50.0000,50.0000
231.126,363.800,70.0850,0.000,0.000,0,0,50.0000,50.0000
231.327,364.000,70.0635,0.000,0.000,0,0,50.0000,50.0000
231.527,364.199,70.0555,0.000,0.000,0,0,50.0000,50.0000
231.727,364.399,70.0301,0.000,0.000,0,0,50.0000,50.0000
231.926,364.599,70.0062,0.000,0.000,0,0,50.0000,50.0000
232.127,364.800,69.9956,0.000,0.000,0,0,50.0000,50.0000
232.326,365.000,69.9722,0.000,0.000,0,0,50.0000,50.0000
232.527,365.199,69.9624,0.000,0.000,0,0,50.0000,50.0000
232.727,365.399,69.9370,0.000,0.000,0,0,50.0000,50.0000
232.926,365.599,69.9240,0.000,0.000,0,0,50.0000,50.0000
233.127,365.800,69.9038,0.000,0.000,0,0,50.0000,50.0000
233.327,366.000,69.8776,0.000,0.000,0,0,50.0000,50.0000
233.527,366.199,69.8594,0.000,0.000,0,0,50.0000,50.0000
233.726,366.399,69.8428,0.000,0.000,0,0,50.0000,50.0000
233.927,366.599,69.8179,0.000,0.000,0,0,50.0000,50.0000
234.127,366.800,69.7983,0.000,0.000,0,0,50.0000,50.0000
234.327,367.001,69.7840,0.000,0.000,0,0,50.0000,50.0000
234.527,367.200,69.7632,0.000,0.000,0,0,50.0000,50.0000
234.727,367.400,69.7422,0.000,71.788,1,1,56.7879,15.0000
234.927,367.605,69.7170,71.788,71.788,1,1,56.7879,15.0000
235.127,367.800,69.6904,71.788,71.788,1,1,56.7879,15.0000
235.327,368.001,69.6758,71.788,71.788,1,1,56.7879,15.0000
235.527,368.200,69.6572,71.788,71.788,1,1,56.7879,15.0000
235.726,368.400,69.6282,71.788,71.788,1,1,56.7879,15.0000
235.927,368.600,69.6118,71.788,71.788,1,1,56.7879,15.0000
236.126,368.800,69.5841,71.788,71.788,1,1,56.7879,15.0000
236.327,369.001,69.5649,71.788,71.788,1,1,56.7879,15.0000
236.527,369.200,69.5462,71.788,71.788,1,1,56.7879,15.0000
236.727,369.400,69.5386,71.788,71.788,1,1,56.7879,15.0000
236.927,369.600,69.5155,71.788,71.788,1,1,56.7879,15.0000
237.127,369.800,69.4910,71.788,71.788,1,1,56.7879,15.0000
237.327,370.001,69.4762,71.788,71.788,1,1,56.7879,15.0000
237.527,370.199,69.4658,71.788,71.788,1,1,56.7879,15.0000
237.726,370.400,69.4414,71.788,71.788,1,1,56.7879,15.0000
237.927,370.600,69.4131,71.788,71.788,1,1,56.7879,15.0000
238.126,370.800,69.4040,71.788,71.788,1,1,56.7879,15.0000
238.327,371.001,69.3753,71.788,71.788,1,1,56.7879,15.0000
238.527,371.200,69.3501,71.788,71.788,1,1,56.7879,15.0000
238.727,371.400,69.3306,71.788,71.788,1,1,56.7879,15.0000
238.927,371.600,69.3127,71.788,71.788,1,1,56.7879,15.0000
239.127,371.800,69.2882,71.788,71.788,1,1,56.7879,15.0000
239.327,372.001,69.2812,71.788,71.788,1,1,56.7879,15.0000
239.527,372.200,69.2598,71.788,71.788,1,1,56.7879,15.0000
239.727,372.400,69.2445,71.788,71.788,1,1,56.7879,15.0000
239.926,372.600,69.2218,71.788,71.788,1,1,56.7879,15.0000
240.127,372.801,69.2095,71.788,71.788,1,1,56.7879,15.0000
240.327,373.002,69.1850,71.788,71.788,1,1,56.7879,15.0000
240.527,373.199,69.1675,71.788,71.788,1,1,56.7879,15.0000
240.727,373.402,69.1548,71.788,71.788,1,1,56.7879,15.0000
240.927,373.601,69.1400,71.788,71.788,1,1,56.7879,15.0000
241.127,373.801,69.1125,71.788,71.788,1,1,56.7879,15.0000
241.327,374.002,69.0916,71.788,71.788,1,1,56.7879,15.0000
241.527,374.201,69.0739,71.788,71.788,1,1,56.7879,15.0000
241.727,374.401,69.0596,71.788,71.788,1,1,56.7879,15.0000
241.927,374.601,69.0356,71.788,71.788,1,1,56.7879,15.0000
242.126,374.801,69.0200,71.788,71.788,1,1,56.7879,15.0000
242.326,375.002,69.0019,71.788,71.788,1,1,56.7879,15.0000
242.527,375.201,68.9894,71.788,71.788,1,1,56.7879,15.0000
242.727,375.401,68.9761,71.788,71.788,1,1,56.7879,15.0000
242.927,375.601,68.9526,71.788,71.788,1,1,56.7879,15.0000
243.127,375.801,68.9316,71.788,71.788,1,1,56.7879,15.0000
243.326,376.002,68.9189,71.788,71.788,1,1,56.7879,15.0000
243.527,376.201,68.9006,71.788,71.788,1,1,56.7879,15.0000
243.727,376.401,68.8769,71.788,71.788,1,1,56.7879,15.0000
243.927,376.601,68.8525,71.788,71.788,1,1,56.7879,15.0000
244.127,376.801,68.8374,71.788,71.788,1,1,56.7879,15.0000
244.326,377.002,68.8167,71.788,71.788,1,1,56.7879,15.0000
244.526,377.201,68.8068,71.788,71.788,1,1,56.7879,15.0000
244.727,377.401,68.7866,71.788,71.788,1,1,56.7879,15.0000
244.927,377.601,68.7738,71.788,71.788,1,1,56.7879,15.0000
245.127,377.801,68.7583,71.788,71.788,1,1,56.7879,15.0000
245.327,378.002,68.7456,71.788,71.788,1,1,56.7879,15.0000
245.527,378.201,68.7287,71.788,71.788,1,1,56.7879,15.0000
245.727,378.401,68.7046,71.788,71.788,1,1,56.7879,15.0000
245.927,378.601,68.6912,71.788,71.788,1,1,56.7879,15.0000
246.127,378.801,68.6894,71.788,71.788,1,1,56.7879,15.0000
246.326,379.002,68.6667,71.788,71.788,1,1,56.7879,15.0000
246.527,379.201,68.6567,71.788,71.788,1,1,56.7879,15.0000
246.727,379.402,68.6294,71.788,71.788,1,1,56.7879,15.0000
246.926,379.602,68.6099,71.788,71.788,1,1,56.7879,15.0000
247.127,379.802,68.6066,71.788,71.788,1,1,56.7879,15.0000
247.327,380.003,68.5835,71.788,71.788,1,1,56.7879,15.0000
247.527,380.202,68.5638,71.788,71.788,1,1,56.7879,15.0000
247.727,380.402,68.5444,71.788,71.788,1,1,56.7879,15.0000
247.927,380.602,68.5400,71.788,71.788,1,1,56.7879,15.0000
248.127,380.802,68.5252,71.788,71.788,1,1,56.7879,15.0000
248.327,381.003,68.5039,71.788,71.788,1,1,56.7879,15.0000
248.527,381.201,68.4912,71.788,71.788,1,1,56.7879,15.0000
248.727,381.402,68.4823,71.788,71.788,1,1,56.7879,15.0000
248.927,381.602,68.4670,71.788,71.788,1,1,56.7879,15.0000
249.127,381.802,68.4531,71.788,71.788,1,1,56.7879,15.0000
249.326,382.003,68.4365,71.788,71.788,1,1,56.7879,15.0000
249.527,382.202,68.4272,71.788,71.788,1,1,56.7879,15.0000
249.727,382.402,68.4160,71.788,71.788,1,1,56.7879,15.0000
249.927,382.602,68.4041,71.788,71.788,1,1,56.7879,15.0000
250.127,382.802,68.3973,71.788,71.788,1,1,56.7879,15.0000
250.326,383.003,68.3726,71.788,71.788,1,1,56.7879,15.0000
250.527,383.202,68.3545,71.788,71.788,1,1,56.7879,15.0000
250.727,383.402,68.3423,71.788,71.788,1,1,56.7879,15.0000
250.927,383.602,68.3257,71.788,71.788,1,1,56.7879,15.0000
251.127,383.802,68.3140,71.788,71.788,1,1,56.7879,15.0000
251.327,384.003,68.2959,71.788,71.788,1,1,56.7879,15.0000
251.527,384.202,68.2878,71.788,71.788,1,1,56.7879,15.0000
251.727,384.402,68.2759,71.788,71.788,1,1,56.7879,15.0000
251.927,384.602,68.2607,71.788,71.788,1,1,56.7879,15.0000
252.126,384.802,68.2629,71.788,71.788,1,1,56.7879,15.0000
252.327,385.003,68.2397,71.788,71.788,1,1,56.7879,15.0000
252.527,385.202,68.2311,71.788,71.788,1,1,56.7879,15.0000
252.727,385.403,68.2191,71.788,71.788,1,1,56.7879,15.0000
252.927,385.603,68.2090,71.788,71.788,1,1,56.7879,15.0000
253.127,385.802,68.1995,71.788,71.788,1,1,56.7879,15.0000
253.326,386.004,68.1831,71.788,71.788,1,1,56.7879,15.0000
253.526,386.203,68.1795,71.788,71.788,1,1,56.7879,15.0000
253.727,386.403,68.1680,71.788,71.788,1,1,56.7879,15.0000
253.927,386.603,68.1619,71.788,71.788,1,1,56.7879,15.0000
254.126,386.803,68.1444,71.788,71.788,1,1,56.7879,15.0000
254.327,387.004,68.1380,71.788,71.788,1,1,56.7879,15.0000
254.527,387.203,68.1232,71.788,71.788,1,1,56.7879,15.0000
254.727,387.403,68.1074,71.788,71.788,1,1,56.7879,15.0000
254.927,387.603,68.1066,71.788,71.788,1,1,56.7879,15.0000
255.127,387.803,68.0923,71.788,71.788,1,1,56.7879,15.0000
255.327,388.004,68.0811,71.788,71.788,1,1,56.7879,15.0000
255.527,388.203,68.0677,71.788,71.788,1,1,56.7879,15.0000
255.727,388.403,68.0698,71.788,71.788,1,1,56.7879,15.0000
255.927,388.603,68.0539,71.788,71.788,1,1,56.7879,15.0000
256.127,388.803,68.0368,71.788,71.788,1,1,56.7879,15.0000
256.327,389.004,68.0356,71.788,71.788,1,1,56.7879,15.0000
256.527,389.203,68.0301,71.788,71.788,1,1,56.7879,15.0000
256.727,389.403,68.0169,71.788,71.788,1,1,56.7879,15.0000
256.927,389.603,68.0107,71.788,71.788,1,1,56.7879,15.0000
257.127,389.803,68.0016,71.788,71.788,1,1,56.7879,15.0000
257.326,390.004,67.9858,71.788,71.788,1,1,56.7879,15.0000
257.527,390.203,67.9897,71.788,71.788,1,1,56.7879,15.0000
257.727,390.403,67.9681,71.788,71.788,1,1,56.7879,15.0000
257.927,390.603,67.9622,71.788,71.788,1,1,56.7879,15.0000
258.126,390.803,67.9587,71.788,71.788,1,1,56.7879,15.0000
258.327,391.004,67.9575,71.788,71.788,1,1,56.7879,15.0000
258.527,391.202,67.9583,71.788,71.788,1,1,56.7879,15.0000
258.727,391.404,67.9354,71.788,71.788,1,1,56.7879,15.0000
258.927,391.604,67.9324,71.788,71.788,1,1,56.7879,15.0000
259.127,391.804,67.9264,71.788,71.788,1,1,56.7879,15.0000
259.327,392.005,67.9154,71.788,71.788,1,1,56.7879,15.0000
259.527,392.204,67.9043,71.788,71.788,1,1,56.7879,15.0000
259.727,392.404,67.8994,71.788,71.788,1,1,56.7879,15.0000
259.926,392.604,67.8945,71.788,71.788,1,1,56.7879,15.0000
260.126,392.804,67.8843,71.788,71.788,1,1,56.7879,15.0000
260.327,393.005,67.8835,71.788,71.788,1,1,56.7879,15.0000
260.527,393.204,67.8654,71.788,71.788,1,1,56.7879,15.0000
260.727,393.404,67.8462,71.788,71.788,1,1,56.7879,15.0000
260.926,393.604,67.8564,71.788,71.788,1,1,56.7879,15.0000
261.127,393.804,67.8413,71.788,71.788,1,1,56.7879,15.0000
261.326,394.005,67.8315,71.788,71.788,1,1,56.7879,15.0000
261.527,394.204,67.8188,71.788,71.788,1,1,56.7879,15.0000
261.727,394.404,67.8187,71.788,71.788,1,1,56.7879,15.0000
261.926,394.604,67.8171,71.788,71.788,1,1,56.7879,15.0000
262.126,394.803,67.8151,71.788,71.788,1,1,56.7879,15.0000
262.327,395.005,67.7974,71.788,71.788,1,1,56.7879,15.0000
262.526,395.204,67.8003,71.788,71.788,1,1,56.7879,15.0000
262.727,395.404,67.7930,71.788,71.788,1,1,56.7879,15.0000
262.927,395.604,67.7923,71.788,71.788,1,1,56.7879,15.0000
263.127,395.804,67.7869,71.788,71.788,1,1,56.7879,15.0000
263.327,396.005,67.7777,71.788,71.788,1,1,56.7879,15.0000
263.527,396.204,67.7788,71.788,71.788,1,1,56.7879,15.0000
263.727,396.404,67.7739,71.788,71.788,1,1,56.7879,15.0000
263.927,396.604,67.7638,71.788,71.788,1,1,56.7879,15.0000
264.127,396.804,67.7590,71.788,71.788,1,1,56.7879,15.0000
264.327,397.005,67.7557,71.788,71.788,1,1,56.7879,15.0000
264.527,397.204,67.7524,71.788,71.788,1,1,56.7879,15.0000
264.727,397.405,67.7500,71.788,71.788,1,1,56.7879,15.0000
264.927,397.604,67.7440,71.788,71.788,1,1,56.7879,15.0000
265.127,397.805,67.7363,71.788,71.788,1,1,56.7879,15.0000
265.327,398.006,67.7407,71.788,71.788,1,1,56.7879,15.0000
265.527,398.205,67.7368,71.788,71.788,1,1,56.7879,15.0000
265.727,398.405,67.7336,71.788,71.788,1,1,56.7879,15.0000
265.927,398.605,67.7257,71.788,71.788,1,1,56.7879,15.0000
266.127,398.805,67.7227,71.788,71.788,1,1,56.7879,15.0000
266.327,399.006,67.7196,71.788,71.788,1,1,56.7879,15.0000
266.527,399.205,67.7194,71.788,71.788,1,1,56.7879,15.0000
266.726,399.405,67.7173,71.788,71.788,1,1,56.7879,15.0000
266.927,399.605,67.7056,71.788,71.788,1,1,56.7879,15.0000
267.127,399.805,67.7080,71.788,71.788,1,1,56.7879,15.0000
267.327,400.006,67.7026,71.788,71.788,1,1,56.7879,15.0000
267.527,400.205,67.6979,71.788,71.788,1,1,56.7879,15.0000
267.727,400.405,67.6992,71.788,71.788,1,1,56.7879,15.0000
267.927,400.605,67.6951,71.788,71.788,1,1,56.7879,15.0000
268.127,400.805,67.6838,71.788,71.788,1,1,56.7879,15.0000
268.327,401.006,67.6958,71.788,71.788,1,1,56.7879,15.0000
268.527,401.205,67.6829,71.788,71.788,1,1,56.7879,15.0000
268.727,401.405,67.6899,71.788,71.788,1,1,56.7879,15.0000
268.927,401.605,67.6839,71.788,71.788,1,1,56.7879,15.0000
269.127,401.804,67.6802,71.788,71.788,1,1,56.7879,15.0000
269.326,402.006,67.6735,71.788,71.788,1,1,56.7879,15.0000
269.527,402.205,67.6772,71.788,71.788,1,1,56.7879,15.0000
269.727,402.405,67.6699,71.788,71.788,1,1,56.7879,15.0000
269.927,402.605,67.6660,71.788,71.788,1,1,56.7879,15.0000
270.126,402.805,67.6616,71.788,71.788,1,1,56.7879,15.0000
270.327,403.006,67.6562,71.788,71.788,1,1,56.7879,15.0000
270.527,403.205,67.6626,71.788,71.788,1,1,56.7879,15.0000
270.727,403.405,67.6506,71.788,71.788,1,1,56.7879,15.0000
270.927,403.605,67.6538,71.788,71.788,1,1,56.7879,15.0000
271.126,403.806,67.6595,71.788,71.788,1,1,56.7879,15.0000
271.327,404.007,67.6460,71.788,71.788,1,1,56.7879,15.0000
271.527,404.207,67.6522,71.788,71.788,1,1,56.7879,15.0000
271.727,404.406,67.6509,71.788,71.788,1,1,56.7879,15.0000
271.927,404.606,67.6471,71.788,71.788,1,1,56.7879,15.0000
272.127,404.806,67.6406,71.788,71.788,1,1,56.7879,15.0000
272.327,405.007,67.6448,71.788,71.788,1,1,56.7879,15.0000
272.527,405.206,67.6457,71.788,71.788,1,1,56.7879,15.0000
272.727,405.406,67.6401,71.788,71.788,1,1,56.7879,15.0000
272.927,405.606,67.6374,71.788,71.788,1,1,56.7879,15.0000
273.127,405.806,67.6353,71.788,71.788,1,1,56.7879,15.0000
273.327,406.006,67.6411,71.788,71.788,1,1,56.7879,15.0000
273.527,406.206,67.6387,71.788,71.788,1,1,56.7879,15.0000
273.727,406.406,67.6367,71.788,71.788,1,1,56.7879,15.0000
273.927,406.606,67.6323,71.788,71.788,1,1,56.7879,15.0000
274.127,406.806,67.6314,71.788,71.788,1,1,56.7879,15.0000
274.327,407.007,67.6401,71.788,71.788,1,1,56.7879,15.0000
274.527,407.206,67.6266,71.788,71.788,1,1,56.7879,15.0000
274.727,407.406,67.6314,71.788,71.788,1,1,56.7879,15.0000
274.927,407.606,67.6261,71.788,71.788,1,1,56.7879,15.0000
275.127,407.806,67.6226,71.788,71.788,1,1,56.7879,15.0000
275.327,408.007,67.6265,71.788,71.788,1,1,56.7879,15.0000
275.527,408.206,67.6219,71.788,71.788,1,1,56.7879,15.0000
275.727,408.406,67.6297,71.788,71.788,1,1,56.7879,15.0000
275.927,408.606,67.6297,71.788,71.788,1,1,56.7879,15.0000
276.127,408.806,67.6429,71.788,71.788,1,1,56.7879,15.0000
276.327,409.007,67.6226,71.788,71.788,1,1,56.7879,15.0000
276.612,409.206,67.6284,71.788,71.788,1,1,56.7879,15.0000
276.820,409.406,67.6260,71.788,71.788,1,1,56.7879,15.0000
277.021,409.606,67.6245,71.788,71.788,1,1,56.7879,15.0000
277.222,409.806,67.6279,71.788,71.788,1,1,56.7879,15.0000
277.393,410.008,67.6193,71.788,71.788,1,1,56.7879,15.0000
277.622,410.208,67.6260,71.788,71.788,1,1,56.7879,15.0000
277.822,410.407,67.6182,71.788,71.788,1,1,56.7879,15.0000
278.011,410.607,67.6162,71.788,71.788,1,1,56.7879,15.0000
278.222,410.807,67.6213,71.788,71.788,1,1,56.7879,15.0000
278.421,411.008,67.6165,71.788,71.788,1,1,56.7879,15.0000
278.605,411.208,67.6271,71.788,71.788,1,1,56.7879,15.0000
278.823,411.407,67.6322,71.788,71.788,1,1,56.7879,15.0000
279.022,411.607,67.6338,71.788,71.788,1,1,56.7879,15.0000
279.210,411.807,67.6289,71.788,71.788,1,1,56.7879,15.0000
279.422,412.008,67.6196,71.788,71.788,1,1,56.7879,15.0000
279.622,412.208,67.6172,71.788,71.788,1,1,56.7879,15.0000
279.810,412.407,67.6118,71.788,71.788,1,1,56.7879,15.0000
280.022,412.607,67.6146,71.788,71.788,1,1,56.7879,15.0000
280.223,412.807,67.6227,71.788,71.788,1,1,56.7879,15.0000
280.415,413.008,67.6232,71.788,71.788,1,1,56.7879,15.0000
280.627,413.207,67.6175,71.788,71.788,1,1,56.7879,15.0000
280.821,413.407,67.6185,71.788,71.788,1,1,56.7879,15.0000
281.012,413.607,67.6258,71.788,71.788,1,1,56.7879,15.0000
281.221,413.807,67.6245,71.788,71.788,1,1,56.7879,15.0000
281.424,414.008,67.6274,71.788,71.788,1,1,56.7879,15.0000
281.612,414.208,67.6133,71.788,71.788,1,1,56.7879,15.0000
281.822,414.407,67.6258,71.788,71.788,1,1,56.7879,15.0000
282.022,414.607,67.6230,71.788,71.788,1,1,56.7879,15.0000
282.212,414.807,67.6253,71.788,71.788,1,1,56.7879,15.0000
282.422,415.008,67.6224,71.788,71.788,1,1,56.7879,15.0000
282.622,415.208,67.6217,71.788,71.788,1,1,56.7879,15.0000
282.814,415.407,67.6297,71.788,71.788,1,1,56.7879,15.0000
283.022,415.607,67.6318,71.788,71.788,1,1,56.7879,15.0000
283.222,415.807,67.6369,71.788,71.788,1,1,56.7879,15.0000
283.414,416.008,67.6320,71.788,71.788,1,1,56.7879,15.0000
283.622,416.209,67.6279,71.788,71.788,1,1,56.7879,15.0000
283.835,416.408,67.6444,71.788,71.788,1,1,56.7879,15.0000
284.044,416.607,67.6489,71.788,71.788,1,1,56.7879,15.0000
284.221,416.808,67.6405,71.788,71.788,1,1,56.7879,15.0000
284.422,417.008,67.6426,71.788,71.788,1,1,56.7879,15.0000
284.622,417.209,67.6421,71.788,71.788,1,1,56.7879,15.0000
284.821,417.408,67.6392,71.788,71.788,1,1,56.7879,15.0000
285.022,417.608,67.6475,71.788,71.788,1,1,56.7879,15.0000
285.222,417.808,67.6475,71.788,71.788,1,1,56.7879,15.0000
285.422,418.008,67.6507,71.788,71.788,1,1,56.7879,15.0000
285.622,418.209,67.6509,71.788,71.788,1,1,56.7879,15.0000
285.822,418.408,67.6567,71.788,71.788,1,1,56.7879,15.0000
286.021,418.608,67.6641,71.788,71.788,1,1,56.7879,15.0000
286.223,418.808,67.6613,71.788,71.788,1,1,56.7879,15.0000
286.421,419.008,67.6621,71.788,71.788,1,1,56.7879,15.0000
286.622,419.209,67.6590,71.788,71.788,1,1,56.7879,15.0000
286.822,419.408,67.6685,71.788,71.788,1,1,56.7879,15.0000
287.022,419.608,67.6689,71.788,71.788,1,1,56.7879,15.0000
287.222,419.807,67.6699,71.788,71.788,1,1,56.7879,15.0000
287.422,420.008,67.6712,71.788,71.788,1,1,56.7879,15.0000
287.623,420.209,67.6797,71.788,71.788,1,1,56.7879,15.0000
287.823,420.408,67.6797,71.788,71.788,1,1,56.7879,15.0000
288.021,420.608,67.6877,71.788,71.788,1,1,56.7879,15.0000
288.222,420.808,67.6851,71.788,71.788,1,1,56.7879,15.0000
288.422,421.008,67.6877,71.788,71.788,1,1,56.7879,15.0000
288.622,421.209,67.6919,71.788,71.788,1,1,56.7879,15.0000
288.822,421.408,67.7015,71.788,71.788,1,1,56.7879,15.0000
289.021,421.608,67.6880,71.788,71.788,1,1,56.7879,15.0000
289.222,421.808,67.7012,71.788,71.788,1,1,56.7879,15.0000
289.422,422.009,67.7069,71.788,71.788,1,1,56.7879,15.0000
289.628,422.209,67.7090,71.788,71.788,1,1,56.7879,15.0000
289.822,422.409,67.7137,71.788,71.788,1,1,56.7879,15.0000
290.022,422.609,67.7178,71.788,71.788,1,1,56.7879,15.0000
290.222,422.809,67.7217,71.788,71.788,1,1,56.7879,15.0000
290.421,423.009,67.7228,71.788,71.788,1,1,56.7879,15.0000
290.623,423.210,67.7241,71.788,71.788,1,1,56.7879,15.0000
290.822,423.409,67.7256,71.788,71.788,1,1,56.7879,15.0000
291.022,423.609,67.7285,71.788,71.788,1,1,56.7879,15.0000
291.223,423.809,67.7230,71.788,71.788,1,1,56.7879,15.0000
291.422,424.009,67.7366,71.788,71.788,1,1,56.7879,15.0000
291.638,424.210,67.7324,71.788,71.788,1,1,56.7879,15.0000
291.830,424.409,67.7422,71.788,71.788,1,1,56.7879,15.0000
292.022,424.609,67.7436,71.788,71.788,1,1,56.7879,15.0000
292.222,424.809,67.7490,71.788,71.788,1,1,56.7879,15.0000
292.422,425.009,67.7521,71.788,71.788,1,1,56.7879,15.0000
292.621,425.210,67.7567,71.788,71.788,1,1,56.7879,15.0000
292.822,425.409,67.7575,71.788,71.788,1,1,56.7879,15.0000
293.021,425.609,67.7650,71.788,71.788,1,1,56.7879,15.0000
293.222,425.809,67.7578,71.788,71.788,1,1,56.7879,15.0000
293.445,426.009,67.7656,71.788,71.788,1,1,56.7879,15.0000
293.627,426.210,67.7677,71.788,71.788,1,1,56.7879,15.0000
293.823,426.409,67.7702,71.788,71.788,1,1,56.7879,15.0000
294.071,426.609,67.7788,71.788,71.788,1,1,56.7879,15.0000
294.071,426.808,67.7874,71.788,71.788,1,1,56.7879,15.0000
294.435,427.008,67.7892,71.788,71.788,1,1,56.7879,15.0000
294.638,427.210,67.7943,71.788,71.788,1,1,56.7879,15.0000
294.838,427.409,67.8031,71.788,71.788,1,1,56.7879,15.0000
295.032,427.609,67.7948,71.788,71.788,1,1,56.7879,15.0000
295.222,427.809,67.8057,71.788,71.788,1,1,56.7879,15.0000
295.427,428.010,67.8138,71.788,71.788,1,1,56.7879,15.0000
295.622,428.211,67.8161,71.788,71.788,1,1,56.7879,15.0000
295.822,428.409,67.8185,71.788,71.788,1,1,56.7879,15.0000
296.020,428.610,67.8195,71.788,71.788,1,1,56.7879,15.0000
296.222,428.810,67.8249,71.788,71.788,1,1,56.7879,15.0000
296.422,429.010,67.8351,71.788,71.788,1,1,56.7879,15.0000
296.620,429.211,67.8390,71.788,71.788,1,1,56.7879,15.0000
296.824,429.410,67.8447,71.788,71.788,1,1,56.7879,15.0000
297.021,429.610,67.8476,71.788,71.788,1,1,56.7879,15.0000
297.221,429.809,67.8550,71.788,71.788,1,1,56.7879,15.0000
297.421,430.009,67.8621,71.788,71.788,1,1,56.7879,15.0000
297.621,430.211,67.8820,71.788,71.788,1,1,56.7879,15.0000
297.821,430.410,67.8693,71.788,71.788,1,1,56.7879,15.0000
298.021,430.610,67.8800,71.788,71.788,1,1,56.7879,15.0000
298.222,430.810,67.8877,71.788,71.788,1,1,56.7879,15.0000
298.421,431.010,67.8906,71.788,71.788,1,1,56.7879,15.0000
298.623,431.211,67.8944,71.788,71.788,1,1,56.7879,15.0000
298.821,431.410,67.8983,71.788,71.788,1,1,56.7879,15.0000
299.021,431.610,67.9067,71.788,71.788,1,1,56.7879,15.0000
299.222,431.810,67.9116,71.788,71.788,1,1,56.7879,15.0000
299.421,432.010,67.9237,71.788,71.788,1,1,56.7879,15.0000
299.622,432.211,67.9214,71.788,71.788,1,1,56.7879,15.0000
299.822,432.410,67.9297,71.788,71.788,1,1,56.7879,15.0000
300.021,432.609,67.9297,71.788,71.788,1,1,56.7879,15.0000
300.223,432.809,67.9438,71.788,71.788,1,1,56.7879,15.0000
300.422,433.010,67.9396,71.788,71.788,1,1,56.7879,15.0000
300.622,433.211,67.9272,71.788,71.788,1,1,56.7879,15.0000
300.822,433.410,67.9495,71.788,71.788,1,1,56.7879,15.0000
301.021,433.610,67.9565,71.788,71.788,1,1,56.7879,15.0000
301.223,433.810,67.9666,71.788,71.788,1,1,56.7879,15.0000
301.438,434.010,67.9642,71.788,71.788,1,1,56.7879,15.0000
301.659,434.211,67.9785,71.788,71.788,1,1,56.7879,15.0000
301.867,434.410,67.9756,71.788,71.788,1,1,56.7879,15.0000
301.867,434.611,67.9775,71.788,71.788,1,1,56.7879,15.0000
302.081,434.811,67.9896,71.788,71.788,1,1,56.7879,15.0000
302.295,435.011,67.9844,71.788,71.788,1,1,56.7879,15.0000
302.663,435.212,67.9977,71.788,71.788,1,1,56.7879,15.0000
302.864,435.411,68.0044,71.788,71.788,1,1,56.7879,15.0000
303.083,435.611,68.0078,71.788,71.788,1,1,56.7879,15.0000
303.083,435.811,68.0138,71.788,71.788,1,1,56.7879,15.0000
303.453,436.010,68.0158,71.788,71.788,1,1,56.7879,15.0000
303.659,436.212,68.0184,71.788,71.788,1,1,56.7879,15.0000
303.880,436.411,68.0288,71.788,71.788,1,1,56.7879,15.0000
303.880,436.611,68.0254,71.788,71.788,1,1,56.7879,15.0000
304.256,436.811,68.0381,71.788,71.788,1,1,56.7879,15.0000
304.447,437.011,68.0368,71.788,71.788,1,1,56.7879,15.0000
304.636,437.212,68.0425,71.788,71.788,1,1,56.7879,15.0000
304.835,437.411,68.0474,71.788,71.788,1,1,56.7879,15.0000
305.031,437.611,68.0596,71.788,71.788,1,1,56.7879,15.0000
305.221,437.811,68.0688,71.788,71.788,1,1,56.7879,15.0000
305.421,438.011,68.0664,71.788,71.788,1,1,56.7879,15.0000
305.633,438.212,68.0671,71.788,71.788,1,1,56.7879,15.0000
305.838,438.411,68.0815,71.788,71.788,1,1,56.7879,15.0000
306.023,438.611,68.0814,71.788,71.788,1,1,56.7879,15.0000
306.243,438.810,68.0859,71.788,71.788,1,1,56.7879,15.0000
306.455,439.010,68.0934,71.788,71.788,1,1,56.7879,15.0000
306.697,439.212,68.1063,71.788,71.788,1,1,56.7879,15.0000
306.697,439.411,68.1146,71.788,71.788,1,1,56.7879,15.0000
307.045,439.611,68.1157,71.788,71.788,1,1,56.7879,15.0000
307.262,439.811,68.1191,71.788,71.788,1,1,56.7879,15.0000
307.427,440.011,68.1252,71.788,71.788,1,1,56.7879,15.0000
307.649,440.212,68.1271,71.788,71.788,1,1,56.7879,15.0000
307.827,440.411,68.1406,71.788,71.788,1,1,56.7879,15.0000
308.035,440.612,68.1457,71.788,71.788,1,1,56.7879,15.0000
308.236,440.812,68.1504,71.788,71.788,1,1,56.7879,15.0000
308.454,441.012,68.1494,71.788,71.788,1,1,56.7879,15.0000
308.716,441.213,68.1587,71.788,71.788,1,1,56.7879,15.0000
308.716,441.412,68.1587,71.788,71.788,1,1,56.7879,15.0000
309.020,441.611,68.1712,71.788,71.788,1,1,56.7879,15.0000
309.244,441.811,68.1800,71.788,71.788,1,1,56.7879,15.0000
309.421,442.011,68.1846,71.788,71.788,1,1,56.7879,15.0000
309.627,442.213,68.1917,71.788,71.788,1,1,56.7879,15.0000
309.826,442.412,68.1969,71.788,71.788,1,1,56.7879,15.0000
310.022,442.612,68.2023,71.788,71.788,1,1,56.7879,15.0000
310.221,442.812,68.2026,71.788,71.788,1,1,56.7879,15.0000
310.426,443.012,68.2130,71.788,71.788,1,1,56.7879,15.0000
310.622,443.213,68.2243,71.788,71.788,1,1,56.7879,15.0000
310.823,443.412,68.2218,71.788,71.788,1,1,56.7879,15.0000
311.025,443.612,68.2355,71.788,71.788,1,1,56.7879,15.0000
311.225,443.812,68.2316,71.788,71.788,1,1,56.7879,15.0000
311.422,444.012,68.2461,71.788,71.788,1,1,56.7879,15.0000
311.622,444.213,68.2503,71.788,71.788,1,1,56.7879,15.0000
311.821,444.412,68.2573,71.788,71.788,1,1,56.7879,15.0000
312.022,444.612,68.2637,71.788,71.788,1,1,56.7879,15.0000
312.221,444.812,68.2668,71.788,71.788,1,1,56.7879,15.0000
312.425,445.012,68.2819,71.788,71.788,1,1,56.7879,15.0000
312.626,445.213,68.2852,71.788,71.788,1,1,56.7879,15.0000
312.827,445.412,68.2861,71.788,71.788,1,1,56.7879,15.0000
313.022,445.612,68.2988,71.788,71.788,1,1,56.7879,15.0000
313.226,445.811,68.3055,71.788,71.788,1,1,56.7879,15.0000
313.431,446.012,68.3167,71.788,71.788,1,1,56.7879,15.0000
313.621,446.213,68.3146,71.788,71.788,1,1,56.7879,15.0000
313.823,446.412,68.3319,71.788,71.788,1,1,56.7879,15.0000
314.023,446.613,68.3428,71.788,71.788,1,1,56.7879,15.0000
314.232,446.813,68.3341,71.788,71.788,1,1,56.7879,15.0000
314.464,447.013,68.3506,71.788,71.788,1,1,56.7879,15.0000
314.680,447.214,68.3613,71.788,71.788,1,1,56.7879,15.0000
314.680,447.413,68.3717,71.788,71.788,1,1,56.7879,15.0000
314.879,447.613,68.3818,71.788,71.788,1,1,56.7879,15.0000
315.085,447.813,68.3906,71.788,71.788,1,1,56.7879,15.0000
315.290,448.013,68.3975,71.788,71.788,1,1,56.7879,15.0000
315.664,448.214,68.4048,71.788,71.788,1,1,56.7879,15.0000
315.858,448.413,68.4170,71.788,71.788,1,1,56.7879,15.0000
316.061,448.613,68.4258,71.788,71.788,1,1,56.7879,15.0000
316.251,448.813,68.4329,71.788,71.788,1,1,56.7879,15.0000
316.448,449.012,68.4346,71.788,71.788,1,1,56.7879,15.0000
316.642,449.214,68.4435,71.788,71.788,1,1,56.7879,15.0000
316.849,449.413,68.4534,71.788,71.788,1,1,56.7879,15.0000
317.053,449.613,68.4569,71.788,71.788,1,1,56.7879,15.0000
317.247,449.813,68.4601,71.788,71.788,1,1,56.7879,15.0000
317.422,450.013,68.4715,71.788,71.788,1,1,56.7879,15.0000
317.677,450.214,68.4818,71.788,71.788,1,1,56.7879,15.0000
317.677,450.413,68.4810,71.788,71.788,1,1,56.7879,15.0000
318.024,450.613,68.4919,71.788,71.788,1,1,56.7879,15.0000
318.221,450.813,68.4998,71.788,71.788,1,1,56.7879,15.0000
318.426,451.013,68.5049,71.788,71.788,1,1,56.7879,15.0000
318.648,451.214,68.5244,71.788,71.788,1,1,56.7879,15.0000
318.929,451.413,68.5249,71.788,71.788,1,1,56.7879,15.0000
318.930,451.613,68.5280,71.788,71.788,1,1,56.7879,15.0000
319.222,451.813,68.5330,71.788,71.788,1,1,56.7879,15.0000
319.424,452.013,68.5492,71.788,71.788,1,1,56.7879,15.0000
319.693,452.214,68.5570,71.788,71.788,1,1,56.7879,15.0000
319.693,452.413,68.5636,71.788,71.788,1,1,56.7879,15.0000
319.876,452.614,68.5752,71.788,71.788,1,1,56.7879,15.0000
320.261,452.813,68.5832,71.788,71.788,1,1,56.7879,15.0000
320.443,453.014,68.5874,71.788,71.788,1,1,56.7879,15.0000
320.635,453.215,68.5946,71.788,71.788,1,1,56.7879,15.0000
320.830,453.414,68.6024,71.788,71.788,1,1,56.7879,15.0000
321.035,453.614,68.6142,71.788,71.788,1,1,56.7879,15.0000
321.267,453.814,68.6268,71.788,71.788,1,1,56.7879,15.0000
321.482,454.014,68.6348,71.788,71.788,1,1,56.7879,15.0000
321.482,454.215,68.6424,71.788,71.788,1,1,56.7879,15.0000
321.676,454.414,68.6398,71.788,71.788,1,1,56.7879,15.0000
321.881,454.614,68.6546,71.788,71.788,1,1,56.7879,15.0000
322.248,454.814,68.6750,71.788,71.788,1,1,56.7879,15.0000
322.427,455.014,68.6798,71.788,71.788,1,1,56.7879,15.0000
322.643,455.215,68.6891,71.788,71.788,1,1,56.7879,15.0000
322.822,455.414,68.6937,71.788,71.788,1,1,56.7879,15.0000
322.927,455.614,68.6953,71.788,71.788,1,1,56.7879,15.0000
323.127,455.814,68.7091,71.788,71.788,1,1,56.7879,15.0000
323.327,456.014,68.7238,71.788,71.788,1,1,56.7879,15.0000
323.527,456.215,68.7238,71.788,71.788,1,1,56.7879,15.0000
323.727,456.414,68.7329,71.788,71.788,1,1,56.7879,15.0000
323.927,456.613,68.7407,71.788,71.788,1,1,56.7879,15.0000
324.127,456.814,68.7459,71.788,71.788,1,1,56.7879,15.0000
324.327,457.014,68.7568,71.788,71.788,1,1,56.7879,15.0000
324.527,457.215,68.7624,71.788,71.788,1,1,56.7879,15.0000
324.727,457.414,68.7804,71.788,71.788,1,1,56.7879,15.0000
324.927,457.614,68.7723,71.788,71.788,1,1,56.7879,15.0000
325.127,457.814,68.7881,71.788,71.788,1,1,56.7879,15.0000
325.327,458.014,68.8008,71.788,71.788,1,1,56.7879,15.0000
325.527,458.215,68.8120,71.788,71.788,1,1,56.7879,15.0000
325.727,458.414,68.8213,71.788,71.788,1,1,56.7879,15.0000
325.927,458.613,68.8299,71.788,71.788,1,1,56.7879,15.0000
326.127,458.814,68.8434,71.788,71.788,1,1,56.7879,15.0000
326.327,459.015,68.8509,71.788,71.788,1,1,56.7879,15.0000
326.527,459.216,68.8646,71.788,71.788,1,1,56.7879,15.0000
326.727,459.415,68.8739,71.788,71.788,1,1,56.7879,15.0000
326.927,459.615,68.8861,71.788,71.788,1,1,56.7879,15.0000
327.127,459.815,68.8869,71.788,71.788,1,1,56.7879,15.0000
327.327,460.015,68.9071,71.788,71.788,1,1,56.7879,15.0000
327.527,460.216,68.9204,71.788,71.788,1,1,56.7879,15.0000
327.727,460.415,68.9240,71.788,71.788,1,1,56.7879,15.0000
327.927,460.615,68.9295,71.788,71.788,1,1,56.7879,15.0000
328.127,460.814,68.9443,71.788,71.788,1,1,56.7879,15.0000
328.327,461.015,68.9450,71.788,71.788,1,1,56.7879,15.0000
328.527,461.216,68.9578,71.788,71.788,1,1,56.7879,15.0000
328.727,461.415,68.9689,71.788,71.788,1,1,56.7879,15.0000
328.927,461.615,68.9673,71.788,71.788,1,1,56.7879,15.0000
329.126,461.815,68.9766,71.788,71.788,1,1,56.7879,15.0000
329.327,462.015,68.9845,71.788,71.788,1,1,56.7879,15.0000
329.527,462.216,68.9922,71.788,71.788,1,1,56.7879,15.0000
329.727,462.415,68.9972,71.788,71.788,1,1,56.7879,15.0000
329.927,462.615,69.0063,71.788,71.788,1,1,56.7879,15.0000
330.127,462.815,69.0212,71.788,71.788,1,1,56.7879,15.0000
330.327,463.015,69.0337,71.788,71.788,1,1,56.7879,15.0000
330.527,463.216,69.0241,71.788,71.788,1,1,56.7879,15.0000
330.727,463.415,69.0480,71.788,71.788,1,1,56.7879,15.0000
330.927,463.615,69.0454,71.788,71.788,1,1,56.7879,15.0000
331.127,463.815,69.0635,71.788,71.788,1,1,56.7879,15.0000
331.327,464.015,69.0596,71.788,71.788,1,1,56.7879,15.0000
331.527,464.216,69.0669,71.788,71.788,1,1,56.7879,15.0000
331.727,464.416,69.0737,71.788,71.788,1,1,56.7879,15.0000
331.927,464.615,69.0898,71.788,71.788,1,1,56.7879,15.0000
332.127,464.815,69.0913,71.788,71.788,1,1,56.7879,15.0000
332.327,465.015,69.1138,71.788,71.788,1,1,56.7879,15.0000
332.527,465.217,69.1079,71.788,71.788,1,1,56.7879,15.0000
332.727,465.417,69.1186,71.788,71.788,1,1,56.7879,15.0000
332.927,465.616,69.1317,71.788,71.788,1,1,56.7879,15.0000
333.127,465.815,69.1429,71.788,71.788,1,1,56.7879,15.0000
333.327,466.016,69.1460,71.788,71.788,1,1,56.7879,15.0000
333.527,466.217,69.1509,71.788,71.788,1,1,56.7879,15.0000
333.726,466.417,69.1763,71.788,71.788,1,1,56.7879,15.0000
333.927,466.616,69.1823,71.788,71.788,1,1,56.7879,15.0000
334.127,466.816,69.1816,71.788,71.788,1,1,56.7879,15.0000
334.327,467.016,69.1906,71.788,71.788,1,1,56.7879,15.0000
334.527,467.217,69.1960,71.788,71.788,1,1,56.7879,15.0000
334.727,467.417,69.2101,71.788,71.788,1,1,56.7879,15.0000
334.926,467.616,69.2126,71.788,71.788,1,1,56.7879,15.0000
335.127,467.816,69.2223,71.788,71.788,1,1,56.7879,15.0000
335.326,468.016,69.2270,71.788,71.788,1,1,56.7879,15.0000
335.527,468.217,69.2362,71.788,71.788,1,1,56.7879,15.0000
335.727,468.417,69.2427,71.788,71.788,1,1,56.7879,15.0000
335.927,468.616,69.2480,71.788,71.788,1,1,56.7879,15.0000
336.127,468.816,69.2602,71.788,71.788,1,1,56.7879,15.0000
336.327,469.016,69.2638,71.788,71.788,1,1,56.7879,15.0000
336.527,469.217,69.2865,71.788,71.788,1,1,56.7879,15.0000
336.727,469.417,69.2838,71.788,71.788,1,1,56.7879,15.0000
336.927,469.616,69.2917,71.788,71.788,1,1,56.7879,15.0000
337.127,469.816,69.2990,71.788,71.788,1,1,56.7879,15.0000
337.327,470.016,69.3182,71.788,71.788,1,1,56.7879,15.0000
337.527,470.217,69.3242,71.788,71.788,1,1,56.7879,15.0000
337.726,470.417,69.3249,71.788,71.788,1,1,56.7879,15.0000
337.927,470.616,69.3366,71.788,71.788,1,1,56.7879,15.0000
338.127,470.816,69.3431,71.788,71.788,1,1,56.7879,15.0000
338.326,471.016,69.3537,71.788,71.788,1,1,56.7879,15.0000
338.527,471.217,69.3628,71.788,71.788,1,1,56.7879,15.0000
338.726,471.418,69.3808,71.788,71.788,1,1,56.7879,15.0000
338.927,471.617,69.3830,71.788,71.788,1,1,56.7879,15.0000
339.127,471.817,69.3984,71.788,71.788,1,1,56.7879,15.0000
339.327,472.017,69.4079,71.788,71.788,1,1,56.7879,15.0000
339.527,472.217,69.4123,71.788,71.788,1,1,56.7879,15.0000
339.726,472.418,69.4230,71.788,71.788,1,1,56.7879,15.0000
339.927,472.617,69.4403,71.788,71.788,1,1,56.7879,15.0000
340.127,472.817,69.4463,71.788,71.788,1,1,56.7879,15.0000
340.327,473.017,69.4492,71.788,71.788,1,1,56.7879,15.0000
340.526,473.217,69.4596,71.788,71.788,1,1,56.7879,15.0000
340.726,473.418,69.4665,71.788,71.788,1,1,56.7879,15.0000
340.927,473.617,69.4681,71.788,71.788,1,1,56.7879,15.0000
341.126,473.817,69.4793,71.788,71.788,1,1,56.7879,15.0000
341.326,474.017,69.4964,71.788,71.788,1,1,56.7879,15.0000
341.527,474.217,69.4967,71.788,71.788,1,1,56.7879,15.0000
341.726,474.418,69.5015,71.788,71.788,1,1,56.7879,15.0000
341.926,474.617,69.5094,71.788,71.788,1,1,56.7879,15.0000
342.126,474.817,69.5228,71.788,71.788,1,1,56.7879,15.0000
342.326,475.017,69.5268,71.788,71.788,1,1,56.7879,15.0000
342.526,475.217,69.5332,71.788,71.788,1,1,56.7879,15.0000
342.726,475.418,69.5404,71.788,71.788,1,1,56.7879,15.0000
342.926,475.617,69.5493,71.788,71.788,1,1,56.7879,15.0000
343.127,475.817,69.5488,71.788,71.788,1,1,56.7879,15.0000
343.327,476.017,69.5671,71.788,71.788,1,1,56.7879,15.0000
343.526,476.217,69.5745,71.788,71.788,1,1,56.7879,15.0000
343.727,476.418,69.5791,71.788,71.788,1,1,56.7879,15.0000
343.926,476.617,69.5747,71.788,71.788,1,1,56.7879,15.0000
344.127,476.817,69.5947,71.788,71.788,1,1,56.7879,15.0000
344.326,477.018,69.6012,71.788,71.788,1,1,56.7879,15.0000
344.527,477.217,69.6050,71.788,71.788,1,1,56.7879,15.0000
344.726,477.418,69.6177,71.788,71.788,1,1,56.7879,15.0000
344.926,477.618,69.6308,71.788,71.788,1,1,56.7879,15.0000
345.126,477.819,69.6403,71.788,71.788,1,1,56.7879,15.0000
345.326,478.018,69.6463,71.788,71.788,1,1,56.7879,15.0000
345.526,478.218,69.6592,71.788,71.788,1,1,56.7879,15.0000
345.726,478.419,69.6701,71.788,71.788,1,1,56.7879,15.0000
345.926,478.618,69.6673,71.788,71.788,1,1,56.7879,15.0000
346.126,478.818,69.6888,71.788,71.788,1,1,56.7879,15.0000
346.326,479.018,69.6916,71.788,71.788,1,1,56.7879,15.0000
346.526,479.218,69.7025,71.788,71.788,1,1,56.7879,15.0000
346.726,479.419,69.7135,71.788,71.788,1,1,56.7879,15.0000
346.926,479.618,69.7166,71.788,71.788,1,1,56.7879,15.0000
347.126,479.818,69.7261,71.788,71.788,1,1,56.7879,15.0000
347.326,480.018,69.7236,71.788,71.788,1,1,56.7879,15.0000
347.526,480.217,69.7404,71.788,71.788,1,1,56.7879,15.0000
347.726,480.419,69.7627,71.788,71.788,1,1,56.7879,15.0000
347.926,480.618,69.7632,71.788,71.788,1,1,56.7879,15.0000
348.126,480.818,69.7698,71.788,71.788,1,1,56.7879,15.0000
348.326,481.018,69.7742,71.788,71.788,1,1,56.7879,15.0000
348.526,481.218,69.7889,71.788,71.788,1,1,56.7879,15.0000
348.727,481.419,69.7904,71.788,71.788,1,1,56.7879,15.0000
348.926,481.618,69.8037,71.788,71.788,1,1,56.7879,15.0000
349.126,481.818,69.8146,71.788,71.788,1,1,56.7879,15.0000
349.327,482.018,69.8262,71.788,71.788,1,1,56.7879,15.0000
349.526,482.218,69.8351,71.788,71.788,1,1,56.7879,15.0000
349.726,482.419,69.8472,71.788,71.788,1,1,56.7879,15.0000
349.927,482.618,69.8543,71.788,71.788,1,1,56.7879,15.0000
350.126,482.818,69.8560,71.788,71.788,1,1,56.7879,15.0000
350.327,483.018,69.8646,71.788,71.788,1,1,56.7879,15.0000
350.526,483.218,69.8815,71.788,71.788,1,1,56.7879,15.0000
350.726,483.419,69.8921,71.788,71.788,1,1,56.7879,15.0000
350.926,483.617,69.9116,71.788,71.788,1,1,56.7879,15.0000
351.127,483.819,69.9196,71.788,71.788,1,1,56.7879,15.0000
351.327,484.019,69.9277,71.788,71.788,1,1,56.7879,15.0000
351.527,484.219,69.9412,71.788,71.788,1,1,56.7879,15.0000
351.727,484.420,69.9531,71.788,71.788,1,1,56.7879,15.0000
351.927,484.619,69.9518,71.788,71.788,1,1,56.7879,15.0000
352.127,484.819,69.9671,71.788,71.788,1,1,56.7879,15.0000
352.327,485.019,69.9775,71.788,71.788,1,1,56.7879,15.0000
352.527,485.219,69.9761,71.788,71.788,1,1,56.7879,15.0000
352.727,485.420,69.9974,71.788,71.788,1,1,56.7879,15.0000
352.927,485.619,70.0005,71.788,71.788,1,1,56.7879,15.0000
353.127,485.819,70.0052,71.788,71.788,1,1,56.7879,15.0000
353.327,486.019,70.0244,71.788,71.788,1,1,56.7879,15.0000
353.527,486.219,70.0322,71.788,71.788,1,1,56.7879,15.0000
353.727,486.420,70.0397,71.788,71.788,1,1,56.7879,15.0000
353.927,486.619,70.0561,71.788,71.788,1,1,56.7879,15.0000
354.126,486.818,70.0600,71.788,71.788,1,1,56.7879,15.0000
354.327,487.019,70.0727,71.788,71.788,1,1,56.7879,15.0000
354.527,487.219,70.0908,71.788,71.788,1,1,56.7879,15.0000
354.727,487.420,70.1011,71.788,71.788,1,1,56.7879,15.0000
354.927,487.619,70.1042,71.788,71.788,1,1,56.7879,15.0000
355.127,487.819,70.1196,71.788,71.788,1,1,56.7879,15.0000
355.327,488.019,70.1299,71.788,71.788,1,1,56.7879,15.0000
355.526,488.219,70.1460,71.788,71.788,1,1,56.7879,15.0000
355.727,488.420,70.1585,71.788,71.788,1,1,56.7879,15.0000
355.927,488.619,70.1694,71.788,71.788,1,1,56.7879,15.0000
356.127,488.819,70.1807,71.788,71.788,1,1,56.7879,15.0000
356.327,489.019,70.1930,71.788,71.788,1,1,56.7879,15.0000
356.527,489.219,70.2017,71.788,71.788,1,1,56.7879,15.0000
356.727,489.420,70.2150,71.788,71.788,1,1,56.7879,15.0000
356.927,489.619,70.2243,71.788,71.788,1,1,56.7879,15.0000
357.127,489.820,70.2314,71.788,71.788,1,1,56.7879,15.0000
357.327,490.020,70.2308,71.788,71.788,1,1,56.7879,15.0000
357.527,490.220,70.2515,71.788,41.788,0,1,56.7879,15.0000
357.726,490.425,70.2637,41.788,41.788,0,1,56.7879,15.0000
357.927,490.621,70.2757,41.788,41.788,0,1,56.7879,15.0000
358.127,490.820,70.2894,41.788,41.788,0,1,56.7879,15.0000
358.327,491.020,70.2959,41.788,41.788,0,1,56.7879,15.0000
358.527,491.220,70.3104,41.788,41.788,0,1,56.7879,15.0000
358.726,491.421,70.3166,41.788,41.788,0,1,56.7879,15.0000
358.927,491.620,70.3266,41.788,41.788,0,1,56.7879,15.0000
359.127,491.820,70.3491,41.788,41.788,0,1,56.7879,15.0000
359.327,492.020,70.3516,41.788,41.788,0,1,56.7879,15.0000
359.527,492.220,70.3727,41.788,41.788,0,1,56.7879,15.0000
359.727,492.421,70.3794,41.788,41.788,0,1,56.7879,15.0000
359.927,492.620,70.3901,41.788,41.788,0,1,56.7879,15.0000
360.127,492.820,70.4108,41.788,41.788,0,1,56.7879,15.0000
360.327,493.020,70.4193,41.788,41.788,0,1,56.7879,15.0000
360.527,493.220,70.4289,41.788,41.788,0,1,56.7879,15.0000
360.727,493.421,70.4419,41.788,41.788,0,1,56.7879,15.0000
360.927,493.620,70.4468,41.788,41.788,0,1,56.7879,15.0000
361.127,493.820,70.4619,41.788,41.788,0,1,56.7879,15.0000
361.326,494.020,70.4775,41.788,41.788,0,1,56.7879,15.0000
361.527,494.220,70.4793,41.788,41.788,0,1,56.7879,15.0000
361.727,494.421,70.4969,41.788,41.788,0,1,56.7879,15.0000
361.927,494.620,70.5070,41.788,41.788,0,1,56.7879,15.0000
362.127,494.820,70.5161,41.788,41.788,0,1,56.7879,15.0000
362.326,495.020,70.5205,41.788,41.788,0,1,56.7879,15.0000
362.527,495.220,70.5509,41.788,41.788,0,1,56.7879,15.0000
362.727,495.420,70.5516,41.788,41.788,0,1,56.7879,15.0000
362.927,495.620,70.5636,41.788,41.788,0,1,56.7879,15.0000
363.126,495.821,70.5682,41.788,41.788,0,1,56.7879,15.0000
363.326,496.021,70.5776,41.788,41.788,0,1,56.7879,15.0000
363.527,496.221,70.5926,41.788,41.788,0,1,56.7879,15.0000
363.727,496.422,70.6121,41.788,41.788,0,1,56.7879,15.0000
363.927,496.621,70.6130,41.788,41.788,0,1,56.7879,15.0000
364.127,496.821,70.6188,41.788,41.788,0,1,56.7879,15.0000
364.327,497.021,70.6392,41.788,41.788,0,1,56.7879,15.0000
364.527,497.221,70.6453,41.788,41.788,0,1,56.7879,15.0000
364.727,497.422,70.6543,41.788,41.788,0,1,56.7879,15.0000
364.927,497.621,70.6733,41.788,41.788,0,1,56.7879,15.0000
365.127,497.821,70.6868,41.788,41.788,0,1,56.7879,15.0000
365.327,498.021,70.6940,41.788,41.788,0,1,56.7879,15.0000
365.527,498.221,70.7010,41.788,41.788,0,1,56.7879,15.0000
365.727,498.422,70.7173,41.788,41.788,0,1,56.7879,15.0000
365.927,498.621,70.7305,41.788,41.788,0,1,56.7879,15.0000
366.127,498.821,70.7371,41.788,41.788,0,1,56.7879,15.0000
366.327,499.021,70.7450,41.788,41.788,0,1,56.7879,15.0000
366.527,499.221,70.7601,41.788,41.788,0,1,56.7879,15.0000
366.727,499.422,70.7658,41.788,41.788,0,1,56.7879,15.0000
366.927,499.621,70.7741,41.788,41.788,0,1,56.7879,15.0000
367.127,499.821,70.7904,41.788,41.788,0,1,56.7879,15.0000
367.326,500.021,70.7957,41.788,41.788,0,1,56.7879,15.0000
367.527,500.221,70.8115,41.788,41.788,0,1,56.7879,15.0000
367.727,500.422,70.8179,41.788,41.788,0,1,56.7879,15.0000
367.927,500.621,70.8179,41.788,41.788,0,1,56.7879,15.0000
368.127,500.821,70.8512,41.788,41.788,0,1,56.7879,15.0000
368.327,501.021,70.8418,41.788,41.788,0,1,56.7879,15.0000
368.527,501.221,70.8630,41.788,41.788,0,1,56.7879,15.0000
368.727,501.422,70.8704,41.788,41.788,0,1,56.7879,15.0000
368.927,501.621,70.8830,41.788,41.788,0,1,56.7879,15.0000
369.127,501.822,70.8900,41.788,41.788,0,1,56.7879,15.0000
369.327,502.022,70.8934,41.788,41.788,0,1,56.7879,15.0000
369.527,502.222,70.9121,41.788,41.788,0,1,56.7879,15.0000
369.727,502.423,70.9274,41.788,41.788,0,1,56.7879,15.0000
369.927,502.621,70.9356,41.788,41.788,0,1,56.7879,15.0000
370.127,502.822,70.9375,41.788,41.788,0,1,56.7879,15.0000
370.327,503.022,70.9587,41.788,41.788,0,1,56.7879,15.0000
370.527,503.222,70.9624,41.788,41.788,0,1,56.7879,15.0000
370.727,503.423,70.9736,41.788,41.788,0,1,56.7879,15.0000
370.927,503.622,70.9834,41.788,41.788,0,1,56.7879,15.0000
371.127,503.822,70.9844,41.788,41.788,0,1,56.7879,15.0000
371.327,504.022,70.9995,41.788,41.788,0,1,56.7879,15.0000
371.527,504.222,71.0083,41.788,41.788,0,1,56.7879,15.0000
371.726,504.423,71.0161,41.788,41.788,0,1,56.7879,15.0000
371.926,504.622,71.0202,41.788,41.788,0,1,56.7879,15.0000
372.127,504.822,71.0334,41.788,41.788,0,1,56.7879,15.0000
372.327,505.022,71.0340,41.788,41.788,0,1,56.7879,15.0000
372.527,505.222,71.0477,41.788,41.788,0,1,56.7879,15.0000
372.727,505.423,71.0470,41.788,41.788,0,1,56.7879,15.0000
372.927,505.622,71.0570,41.788,41.788,0,1,56.7879,15.0000
373.127,505.822,71.0716,41.788,41.788,0,1,56.7879,15.0000
373.327,506.022,71.0762,41.788,41.788,0,1,56.7879,15.0000
373.527,506.222,71.0768,41.788,41.788,0,1,56.7879,15.0000
373.727,506.423,71.0898,41.788,41.788,0,1,56.7879,15.0000
373.927,506.622,71.1050,41.788,41.788,0,1,56.7879,15.0000
374.127,506.822,71.1048,41.788,41.788,0,1,56.7879,15.0000
374.326,507.022,71.1265,41.788,41.788,0,1,56.7879,15.0000
374.527,507.222,71.1221,41.788,41.788,0,1,56.7879,15.0000
374.727,507.423,71.1328,41.788,41.788,0,1,56.7879,15.0000
374.927,507.622,71.1406,41.788,41.788,0,1,56.7879,15.0000
375.127,507.822,71.1592,41.788,41.788,0,1,56.7879,15.0000
375.327,508.022,71.1646,41.788,41.788,0,1,56.7879,15.0000
375.527,508.223,71.1675,41.788,41.788,0,1,56.7879,15.0000
375.727,508.424,71.1748,41.788,41.788,0,1,56.7879,15.0000
375.927,508.623,71.1748,41.788,41.788,0,1,56.7879,15.0000
376.127,508.823,71.1862,41.788,41.788,0,1,56.7879,15.0000
376.327,509.023,71.1919,41.788,41.788,0,1,56.7879,15.0000
376.527,509.223,71.2004,41.788,41.788,0,1,56.7879,15.0000
376.727,509.424,71.2100,41.788,41.788,0,1,56.7879,15.0000
376.927,509.623,71.2100,41.788,41.788,0,1,56.7879,15.0000
377.127,509.823,71.2174,41.788,41.788,0,1,56.7879,15.0000
377.327,510.023,71.2259,41.788,41.788,0,1,56.7879,15.0000
377.527,510.223,71.2342,41.788,41.788,0,1,56.7879,15.0000
377.727,510.424,71.2427,41.788,41.788,0,1,56.7879,15.0000
377.927,510.623,71.2477,41.788,41.788,0,1,56.7879,15.0000
378.127,510.823,71.2471,41.788,41.788,0,1,56.7879,15.0000
378.326,511.023,71.2640,41.788,41.788,0,1,56.7879,15.0000
378.527,511.223,71.2638,41.788,41.788,0,1,56.7879,15.0000
378.727,511.424,71.2692,41.788,41.788,0,1,56.7879,15.0000
378.926,511.623,71.2767,41.788,41.788,0,1,56.7879,15.0000
379.126,511.823,71.2868,41.788,41.788,0,1,56.7879,15.0000
379.327,512.024,71.2977,41.788,41.788,0,1,56.7879,15.0000
379.527,512.224,71.2980,41.788,41.788,0,1,56.7879,15.0000
379.727,512.425,71.2998,41.788,41.788,0,1,56.7879,15.0000
379.927,512.625,71.3144,41.788,41.788,0,1,56.7879,15.0000
380.127,512.825,71.3254,41.788,41.788,0,1,56.7879,15.0000
380.327,513.025,71.3231,41.788,41.788,0,1,56.7879,15.0000
380.527,513.225,71.3262,41.788,41.788,0,1,56.7879,15.0000
380.727,513.425,71.3361,41.788,41.788,0,1,56.7879,15.0000
380.926,513.626,71.3358,41.788,41.788,0,1,56.7879,15.0000
381.127,513.826,71.3439,41.788,41.788,0,1,56.7879,15.0000
381.326,514.026,71.3553,41.788,41.788,0,1,56.7879,15.0000
381.527,514.226,71.3590,41.788,41.788,0,1,56.7879,15.0000
381.727,514.426,71.3670,41.788,41.788,0,1,56.7879,15.0000
381.926,514.627,71.3680,41.788,41.788,0,1,56.7879,15.0000
382.127,514.827,71.3765,41.788,41.788,0,1,56.7879,15.0000
382.327,515.027,71.3900,41.788,41.788,0,1,56.7879,15.0000
382.526,515.227,71.4038,41.788,41.788,0,1,56.7879,15.0000
382.727,515.427,71.3948,41.788,41.788,0,1,56.7879,15.0000
382.926,515.628,71.4064,41.788,41.788,0,1,56.7879,15.0000
383.127,515.827,71.4085,41.788,41.788,0,1,56.7879,15.0000
383.327,516.028,71.4242,41.788,41.788,0,1,56.7879,15.0000
383.527,516.228,71.4184,41.788,41.788,0,1,56.7879,15.0000
383.727,516.428,71.4388,41.788,41.788,0,1,56.7879,15.0000
383.927,516.629,71.4391,41.788,41.788,0,1,56.7879,15.0000
384.127,516.829,71.4549,41.788,41.788,0,1,56.7879,15.0000
384.327,517.029,71.4473,41.788,41.788,0,1,56.7879,15.0000
384.527,517.229,71.4536,41.788,41.788,0,1,56.7879,15.0000
384.727,517.429,71.4608,41.788,41.788,0,1,56.7879,15.0000
384.927,517.630,71.4652,41.788,41.788,0,1,56.7879,15.0000
385.127,517.830,71.4666,41.788,41.788,0,1,56.7879,15.0000
385.327,518.030,71.4767,41.788,41.788,0,1,56.7879,15.0000
385.527,518.230,71.4810,41.788,41.788,0,1,56.7879,15.0000
385.727,518.430,71.4731,41.788,41.788,0,1,56.7879,15.0000
385.927,518.631,71.4893,41.788,41.788,0,1,56.7879,15.0000
386.127,518.831,71.4930,41.788,41.788,0,1,56.7879,15.0000
386.326,519.031,71.5010,41.788,41.788,0,1,56.7879,15.0000
386.527,519.231,71.5029,41.788,41.788,0,1,56.7879,15.0000
386.727,519.431,71.5094,41.788,41.788,0,1,56.7879,15.0000
386.927,519.632,71.5057,41.788,41.788,0,1,56.7879,15.0000
387.126,519.831,71.5195,41.788,41.788,0,1,56.7879,15.0000
387.327,520.032,71.5166,41.788,41.788,0,1,56.7879,15.0000
387.527,520.232,71.5195,41.788,41.788,0,1,56.7879,15.0000
387.727,520.432,71.5223,41.788,41.788,0,1,56.7879,15.0000
387.927,520.633,71.5182,41.788,41.788,0,1,56.7879,15.0000
388.127,520.833,71.5332,41.788,41.788,0,1,56.7879,15.0000
388.327,521.033,71.5425,41.788,41.788,0,1,56.7879,15.0000
388.527,521.233,71.5439,41.788,41.788,0,1,56.7879,15.0000
388.726,521.433,71.5506,41.788,41.788,0,1,56.7879,15.0000
388.927,521.633,71.5509,41.788,41.788,0,1,56.7879,15.0000
389.127,521.834,71.5566,41.788,41.788,0,1,56.7879,15.0000
389.327,522.034,71.5576,41.788,41.788,0,1,56.7879,15.0000
389.527,522.234,71.5615,41.788,41.788,0,1,56.7879,15.0000
389.726,522.434,71.5656,41.788,41.788,0,1,56.7879,15.0000
389.926,522.634,71.5698,41.788,41.788,0,1,56.7879,15.0000
390.127,522.835,71.5757,41.788,41.788,0,1,56.7879,15.0000
390.326,523.035,71.5740,41.788,41.788,0,1,56.7879,15.0000
390.527,523.235,71.5830,41.788,41.788,0,1,56.7879,15.0000
390.727,523.435,71.5806,41.788,41.788,0,1,56.7879,15.0000
390.927,523.635,71.5841,41.788,41.788,0,1,56.7879,15.0000
391.127,523.836,71.5854,41.788,41.788,0,1,56.7879,15.0000
391.327,524.036,71.5915,41.788,41.788,0,1,56.7879,15.0000
391.526,524.236,71.5980,41.788,41.788,0,1,56.7879,15.0000
391.727,524.436,71.5942,41.788,41.788,0,1,56.7879,15.0000
391.927,524.636,71.5986,41.788,41.788,0,1,56.7879,15.0000
392.127,524.837,71.5976,41.788,41.788,0,1,56.7879,15.0000
392.327,525.037,71.6027,41.788,41.788,0,1,56.7879,15.0000
392.526,525.237,71.6134,41.788,41.788,0,1,56.7879,15.0000
392.727,525.436,71.6104,41.788,41.788,0,1,56.7879,15.0000
392.926,525.637,71.6174,41.788,41.788,0,1,56.7879,15.0000
393.127,525.838,71.6156,41.788,41.788,0,1,56.7879,15.0000
393.340,526.038,71.6183,41.788,41.788,0,1,56.7879,15.0000
393.527,526.238,71.6201,41.788,41.788,0,1,56.7879,15.0000
393.727,526.438,71.6180,41.788,41.788,0,1,56.7879,15.0000
393.927,526.638,71.6252,41.788,41.788,0,1,56.7879,15.0000
394.127,526.839,71.6224,41.788,41.788,0,1,56.7879,15.0000
394.327,527.039,71.6250,41.788,41.788,0,1,56.7879,15.0000
394.527,527.239,71.6312,41.788,41.788,0,1,56.7879,15.0000
394.727,527.439,71.6289,41.788,41.788,0,1,56.7879,15.0000
394.927,527.639,71.6307,41.788,41.788,0,1,56.7879,15.0000
395.127,527.840,71.6312,41.788,41.788,0,1,56.7879,15.0000
395.327,528.039,71.6318,41.788,41.788,0,1,56.7879,15.0000
395.527,528.240,71.6284,41.788,41.788,0,1,56.7879,15.0000
395.727,528.440,71.6304,41.788,41.788,0,1,56.7879,15.0000
395.927,528.640,71.6195,41.788,41.788,0,1,56.7879,15.0000
396.127,528.841,71.6349,41.788,41.788,0,1,56.7879,15.0000
396.327,529.040,71.6344,41.788,41.788,0,1,56.7879,15.0000
396.611,529.241,71.6364,41.788,41.788,0,1,56.7879,15.0000
396.822,529.441,71.6370,41.788,41.788,0,1,56.7879,15.0000
397.024,529.641,71.6330,41.788,41.788,0,1,56.7879,15.0000
397.225,529.842,71.6383,41.788,41.788,0,1,56.7879,15.0000
397.398,530.042,71.6379,41.788,41.788,0,1,56.7879,15.0000
397.621,530.242,71.6375,41.788,41.788,0,1,56.7879,15.0000
397.824,530.442,71.6457,41.788,41.788,0,1,56.7879,15.0000
398.019,530.642,71.6369,41.788,41.788,0,1,56.7879,15.0000
398.225,530.842,71.6413,41.788,41.788,0,1,56.7879,15.0000
398.424,531.043,71.6366,41.788,41.788,0,1,56.7879,15.0000
398.620,531.243,71.6398,41.788,41.788,0,1,56.7879,15.0000
398.824,531.443,71.6406,41.788,41.788,0,1,56.7879,15.0000
399.024,531.643,71.6426,41.788,41.788,0,1,56.7879,15.0000
399.221,531.843,71.6392,41.788,41.788,0,1,56.7879,15.0000
399.425,532.044,71.6396,41.788,41.788,0,1,56.7879,15.0000
399.623,532.244,71.6479,41.788,41.788,0,1,56.7879,15.0000
399.823,532.444,71.6484,41.788,41.788,0,1,56.7879,15.0000
400.026,532.644,71.6434,41.788,41.788,0,1,56.7879,15.0000
400.221,532.844,71.6392,41.788,41.788,0,1,56.7879,15.0000
400.423,533.045,71.6396,41.788,41.788,0,1,56.7879,15.0000
400.623,533.245,71.6416,41.788,41.788,0,1,56.7879,15.0000
400.823,533.445,71.6426,41.788,41.788,0,1,56.7879,15.0000
401.023,533.645,71.6413,41.788,41.788,0,1,56.7879,15.0000
401.224,533.844,71.6405,41.788,41.788,0,1,56.7879,15.0000
401.419,534.046,71.6431,41.788,41.788,0,1,56.7879,15.0000
401.624,534.246,71.6489,41.788,41.788,0,1,56.7879,15.0000
401.822,534.446,71.6424,41.788,41.788,0,1,56.7879,15.0000
402.019,534.646,71.6344,41.788,41.788,0,1,56.7879,15.0000
402.224,534.846,71.6462,41.788,41.788,0,1,56.7879,15.0000
402.425,535.047,71.6439,41.788,41.788,0,1,56.7879,15.0000
402.643,535.247,71.6440,41.788,41.788,0,1,56.7879,15.0000
402.826,535.447,71.6447,41.788,41.788,0,1,56.7879,15.0000
403.024,535.646,71.6440,41.788,41.788,0,1,56.7879,15.0000
403.127,535.847,71.6447,41.788,41.788,0,1,56.7879,15.0000
403.327,536.048,71.6439,41.788,41.788,0,1,56.7879,15.0000
403.527,536.248,71.6427,41.788,41.788,0,1,56.7879,15.0000
403.726,536.448,71.6440,41.788,41.788,0,1,56.7879,15.0000
403.927,536.648,71.6421,41.788,41.788,0,1,56.7879,15.0000
404.127,536.848,71.6406,41.788,41.788,0,1,56.7879,15.0000
404.327,537.049,71.6448,41.788,41.788,0,1,56.7879,15.0000
404.527,537.249,71.6431,41.788,41.788,0,1,56.7879,15.0000
404.727,537.449,71.6484,41.788,41.788,0,1,56.7879,15.0000
404.927,537.649,71.6442,41.788,41.788,0,1,56.7879,15.0000
405.126,537.849,71.6426,41.788,41.788,0,1,56.7879,15.0000
405.327,538.050,71.6465,41.788,41.788,0,1,56.7879,15.0000
405.526,538.250,71.6519,41.788,41.788,0,1,56.7879,15.0000
405.727,538.450,71.6436,41.788,41.788,0,1,56.7879,15.0000
405.927,538.650,71.6392,41.788,41.788,0,1,56.7879,15.0000
406.127,538.850,71.6445,41.788,41.788,0,1,56.7879,15.0000
406.327,539.050,71.6475,41.788,41.788,0,1,56.7879,15.0000
406.621,539.251,71.6489,41.788,41.788,0,1,56.7879,15.0000
406.821,539.451,71.6453,41.788,41.788,0,1,56.7879,15.0000
407.141,539.651,71.6510,41.788,41.788,0,1,56.7879,15.0000
407.141,539.851,71.6450,41.788,41.788,0,1,56.7879,15.0000
407.425,540.051,71.6466,41.788,41.788,0,1,56.7879,15.0000
407.624,540.252,71.6460,41.788,41.788,0,1,56.7879,15.0000
407.806,540.452,71.6437,41.788,41.788,0,1,56.7879,15.0000
408.065,540.652,71.6491,41.788,41.788,0,1,56.7879,15.0000
408.247,540.852,71.6475,41.788,41.788,0,1,56.7879,15.0000
408.421,541.052,71.6512,41.788,41.788,0,1,56.7879,15.0000
408.621,541.253,71.6408,41.788,41.788,0,1,56.7879,15.0000
408.824,541.453,71.6506,41.788,41.788,0,1,56.7879,15.0000
409.020,541.653,71.6520,41.788,41.788,0,1,56.7879,15.0000
409.219,541.853,71.6533,41.788,41.788,0,1,56.7879,15.0000
409.425,542.053,71.6484,41.788,41.788,0,1,56.7879,15.0000
409.621,542.255,71.6496,41.788,41.788,0,1,56.7879,15.0000
409.824,542.454,71.6475,41.788,41.788,0,1,56.7879,15.0000
410.024,542.654,71.6517,41.788,41.788,0,1,56.7879,15.0000
410.219,542.854,71.6466,41.788,41.788,0,1,56.7879,15.0000
410.426,543.054,71.6483,41.788,41.788,0,1,56.7879,15.0000
410.623,543.255,71.6462,41.788,41.788,0,1,56.7879,15.0000
410.819,543.455,71.6492,41.788,41.788,0,1,56.7879,15.0000
411.023,543.655,71.6566,41.788,41.788,0,1,56.7879,15.0000
411.226,543.855,71.6510,41.788,41.788,0,1,56.7879,15.0000
411.419,544.055,71.6528,41.788,41.788,0,1,56.7879,15.0000
411.626,544.257,71.6499,41.788,41.788,0,1,56.7879,15.0000
411.825,544.456,71.6509,41.788,41.788,0,1,56.7879,15.0000
412.022,544.656,71.6554,41.788,41.788,0,1,56.7879,15.0000
412.224,544.856,71.6551,41.788,41.788,0,1,56.7879,15.0000
412.425,545.056,71.6499,41.788,41.788,0,1,56.7879,15.0000
412.622,545.257,71.6562,41.788,41.788,0,1,56.7879,15.0000
412.826,545.456,71.6525,41.788,41.788,0,1,56.7879,15.0000
413.024,545.657,71.6519,41.788,41.788,0,1,56.7879,15.0000
413.224,545.857,71.6533,41.788,41.788,0,1,56.7879,15.0000
413.423,546.057,71.6603,41.788,41.788,0,1,56.7879,15.0000
413.624,546.258,71.6562,41.788,41.788,0,1,56.7879,15.0000
413.822,546.458,71.6502,41.788,41.788,0,1,56.7879,15.0000
414.026,546.658,71.6564,41.788,41.788,0,1,56.7879,15.0000
414.223,546.858,71.6540,41.788,41.788,0,1,56.7879,15.0000
414.419,547.058,71.6572,41.788,41.788,0,1,56.7879,15.0000
414.623,547.258,71.6645,41.788,41.788,0,1,56.7879,15.0000
414.823,547.459,71.6590,41.788,41.788,0,1,56.7879,15.0000
415.020,547.659,71.6584,41.788,41.788,0,1,56.7879,15.0000
415.219,547.859,71.6602,41.788,41.788,0,1,56.7879,15.0000
415.422,548.059,71.6610,41.788,41.788,0,1,56.7879,15.0000
415.623,548.259,71.6572,41.788,41.788,0,1,56.7879,15.0000
415.821,548.460,71.6618,41.788,41.788,0,1,56.7879,15.0000
416.019,548.660,71.6579,41.788,41.788,0,1,56.7879,15.0000
416.225,548.860,71.6629,41.788,41.788,0,1,56.7879,15.0000
416.425,549.060,71.6577,41.788,41.788,0,1,56.7879,15.0000
416.622,549.260,71.6615,41.788,41.788,0,1,56.7879,15.0000
416.824,549.461,71.6590,41.788,41.788,0,1,56.7879,15.0000
417.022,549.660,71.6595,41.788,41.788,0,1,56.7879,15.0000
417.225,549.861,71.6587,41.788,41.788,0,1,56.7879,15.0000
417.422,550.061,71.6631,41.788,41.788,0,1,56.7879,15.0000
417.623,550.261,71.6611,41.788,41.788,0,1,56.7879,15.0000
417.822,550.462,71.6514,41.788,41.788,0,1,56.7879,15.0000
418.021,550.662,71.6590,41.788,41.788,0,1,56.7879,15.0000
418.225,550.862,71.6681,41.788,41.788,0,1,56.7879,15.0000
418.426,551.062,71.6611,41.788,41.788,0,1,56.7879,15.0000
418.622,551.262,71.6582,41.788,41.788,0,1,56.7879,15.0000
418.822,551.462,71.6629,41.788,41.788,0,1,56.7879,15.0000
419.020,551.663,71.6562,41.788,41.788,0,1,56.7879,15.0000
419.219,551.863,71.6709,41.788,41.788,0,1,56.7879,15.0000
419.423,552.063,71.6579,41.788,41.788,0,1,56.7879,15.0000
419.623,552.263,71.6595,41.788,41.788,0,1,56.7879,15.0000
419.822,552.464,71.6650,41.788,41.788,0,1,56.7879,15.0000
420.022,552.664,71.6665,41.788,41.788,0,1,56.7879,15.0000
420.222,552.864,71.6602,41.788,41.788,0,1,56.7879,15.0000
420.426,553.064,71.6605,41.788,41.788,0,1,56.7879,15.0000
420.624,553.265,71.6590,41.788,41.788,0,1,56.7879,15.0000
420.824,553.465,71.6562,41.788,41.788,0,1,56.7879,15.0000
421.025,553.664,71.6564,41.788,41.788,0,1,56.7879,15.0000
421.225,553.865,71.6548,41.788,41.788,0,1,56.7879,15.0000
421.423,554.065,71.6597,41.788,41.788,0,1,56.7879,15.0000
421.626,554.265,71.6611,41.788,41.788,0,1,56.7879,15.0000
421.823,554.466,71.6590,41.788,41.788,0,1,56.7879,15.0000
422.024,554.665,71.6590,41.788,41.788,0,1,56.7879,15.0000
422.224,554.866,71.6587,41.788,41.788,0,1,56.7879,15.0000
422.423,555.066,71.6606,41.788,41.788,0,1,56.7879,15.0000
422.624,555.266,71.6626,41.788,41.788,0,1,56.7879,15.0000
422.823,555.467,71.6577,41.788,41.788,0,1,56.7879,15.0000
423.025,555.667,71.6582,41.788,41.788,0,1,56.7879,15.0000
423.226,555.867,71.6515,41.788,41.788,0,1,56.7879,15.0000
423.423,556.067,71.6606,41.788,41.788,0,1,56.7879,15.0000
423.625,556.268,71.6605,41.788,41.788,0,1,56.7879,15.0000
423.822,556.467,71.6641,41.788,41.788,0,1,56.7879,15.0000
424.025,556.668,71.6600,41.788,41.788,0,1,56.7879,15.0000
424.225,556.868,71.6616,41.788,41.788,0,1,56.7879,15.0000
424.442,557.068,71.6629,41.788,41.788,0,1,56.7879,15.0000
424.637,557.268,71.6595,41.788,41.788,0,1,56.7879,15.0000
424.836,557.468,71.6610,41.788,41.788,0,1,56.7879,15.0000
425.041,557.669,71.6603,41.788,41.788,0,1,56.7879,15.0000
425.254,557.869,71.6616,41.788,41.788,0,1,56.7879,15.0000
425.456,558.069,71.6587,41.788,41.788,0,1,56.7879,15.0000
425.678,558.270,71.6582,41.788,41.788,0,1,56.7879,15.0000
425.887,558.469,71.6631,41.788,41.788,0,1,56.7879,15.0000
425.984,558.670,71.6602,41.788,41.788,0,1,56.7879,15.0000
426.127,558.870,71.6615,41.788,41.788,0,1,56.7879,15.0000
426.327,559.070,71.6611,41.788,41.788,0,1,56.7879,15.0000
426.527,559.270,71.6613,41.788,41.788,0,1,56.7879,15.0000
426.727,559.470,71.6611,41.788,41.788,0,1,56.7879,15.0000
426.927,559.671,71.6574,41.788,41.788,0,1,56.7879,15.0000
427.327,559.871,71.6574,41.788,41.788,0,1,56.7879,15.0000
427.527,560.071,71.6629,41.788,41.788,0,1,56.7879,15.0000
427.727,560.272,71.6577,41.788,41.788,0,1,56.7879,15.0000
427.727,560.471,71.6561,41.788,41.788,0,1,56.7879,15.0000
428.127,560.672,71.6621,41.788,41.788,0,1,56.7879,15.0000
428.327,560.872,71.6546,41.788,41.788,0,1,56.7879,15.0000
428.527,561.072,71.6675,41.788,41.788,0,1,56.7879,15.0000
428.727,561.272,71.6587,41.788,41.788,0,1,56.7879,15.0000
428.927,561.472,71.6567,41.788,41.788,0,1,56.7879,15.0000
429.127,561.673,71.6548,41.788,41.788,0,1,56.7879,15.0000
429.327,561.873,71.6588,41.788,41.788,0,1,56.7879,15.0000
429.527,562.073,71.6637,41.788,41.788,0,1,56.7879,15.0000
429.726,562.273,71.6602,41.788,41.788,0,1,56.7879,15.0000
429.927,562.473,71.6584,41.788,41.788,0,1,56.7879,15.0000
430.127,562.674,71.6592,41.788,41.788,0,1,56.7879,15.0000
430.327,562.873,71.6602,41.788,41.788,0,1,56.7879,15.0000
430.527,563.074,71.6595,41.788,41.788,0,1,56.7879,15.0000
430.727,563.274,71.6567,41.788,41.788,0,1,56.7879,15.0000
430.926,563.474,71.6584,41.788,41.788,0,1,56.7879,15.0000
431.127,563.675,71.6523,41.788,41.788,0,1,56.7879,15.0000
431.327,563.875,71.6564,41.788,41.788,0,1,56.7879,15.0000
431.527,564.075,71.6590,41.788,41.788,0,1,56.7879,15.0000
431.727,564.275,71.6553,41.788,41.788,0,1,56.7879,15.0000
431.927,564.475,71.6561,41.788,41.788,0,1,56.7879,15.0000
432.127,564.675,71.6562,41.788,41.788,0,1,56.7879,15.0000
432.327,564.876,71.6476,41.788,41.788,0,1,56.7879,15.0000
432.527,565.076,71.6569,41.788,41.788,0,1,56.7879,15.0000
432.727,565.276,71.6613,41.788,41.788,0,1,56.7879,15.0000
432.927,565.476,71.6572,41.788,41.788,0,1,56.7879,15.0000
433.127,565.676,71.6615,41.788,41.788,0,1,56.7879,15.0000
433.327,565.877,71.6588,41.788,41.788,0,1,56.7879,15.0000
433.527,566.077,71.6579,41.788,41.788,0,1,56.7879,15.0000
433.727,566.277,71.6576,41.788,41.788,0,1,56.7879,15.0000
433.927,566.477,71.6616,41.788,41.788,0,1,56.7879,15.0000
434.127,566.677,71.6590,41.788,41.788,0,1,56.7879,15.0000
434.327,566.878,71.6631,41.788,41.788,0,1,56.7879,15.0000
434.527,567.078,71.6618,41.788,41.788,0,1,56.7879,15.0000
434.727,567.278,71.6611,41.788,41.788,0,1,56.7879,15.0000
434.927,567.478,71.6636,41.788,41.788,0,1,56.7879,15.0000
435.127,567.678,71.6616,41.788,41.788,0,1,56.7879,15.0000
435.327,567.879,71.6590,41.788,41.788,0,1,56.7879,15.0000
435.527,568.079,71.6584,41.788,41.788,0,1,56.7879,15.0000
435.727,568.279,71.6611,41.788,41.788,0,1,56.7879,15.0000
435.927,568.479,71.6615,41.788,41.788,0,1,56.7879,15.0000
436.127,568.679,71.6600,41.788,41.788,0,1,56.7879,15.0000
436.327,568.880,71.6650,41.788,41.788,0,1,56.7879,15.0000
436.527,569.079,71.6613,41.788,41.788,0,1,56.7879,15.0000
436.727,569.280,71.6646,41.788,41.788,0,1,56.7879,15.0000
436.927,569.480,71.6616,41.788,41.788,0,1,56.7879,15.0000
437.127,569.680,71.6684,41.788,41.788,0,1,56.7879,15.0000
437.327,569.881,71.6652,41.788,41.788,0,1,56.7879,15.0000
437.527,570.081,71.6636,41.788,41.788,0,1,56.7879,15.0000
437.727,570.281,71.6636,41.788,41.788,0,1,56.7879,15.0000
437.927,570.481,71.6675,41.788,41.788,0,1,56.7879,15.0000
438.127,570.681,71.6675,41.788,41.788,0,1,56.7879,15.0000
438.327,570.881,71.6654,41.788,41.788,0,1,56.7879,15.0000
438.527,571.081,71.6688,41.788,41.788,0,1,56.7879,15.0000
438.727,571.282,71.6675,41.788,41.788,0,1,56.7879,15.0000
438.927,571.482,71.6685,41.788,41.788,0,1,56.7879,15.0000
439.127,571.682,71.6696,41.788,41.788,0,1,56.7879,15.0000
439.327,571.883,71.6668,41.788,41.788,0,1,56.7879,15.0000
439.527,572.083,71.6738,41.788,41.788,0,1,56.7879,15.0000
439.727,572.283,71.6670,41.788,41.788,0,1,56.7879,15.0000
439.927,572.483,71.6714,41.788,41.788,0,1,56.7879,15.0000
440.127,572.683,71.6663,41.788,41.788,0,1,56.7879,15.0000
440.327,572.883,71.6685,41.788,41.788,0,1,56.7879,15.0000
440.527,573.084,71.6688,41.788,41.788,0,1,56.7879,15.0000
440.727,573.284,71.6683,41.788,41.788,0,1,56.7879,15.0000
440.926,573.484,71.6738,41.788,41.788,0,1,56.7879,15.0000
441.127,573.684,71.6675,41.788,41.788,0,1,56.7879,15.0000
441.327,573.884,71.6706,41.788,41.788,0,1,56.7879,15.0000
441.527,574.085,71.6680,41.788,41.788,0,1,56.7879,15.0000
441.727,574.285,71.6699,41.788,41.788,0,1,56.7879,15.0000
441.926,574.485,71.6650,41.788,41.788,0,1,56.7879,15.0000
442.127,574.685,71.6644,41.788,41.788,0,1,56.7879,15.0000
442.327,574.885,71.6611,41.788,41.788,0,1,56.7879,15.0000
442.527,575.086,71.6621,41.788,41.788,0,1,56.7879,15.0000
442.727,575.286,71.6602,41.788,41.788,0,1,56.7879,15.0000
442.926,575.486,71.6532,41.788,41.788,0,1,56.7879,15.0000
443.127,575.686,71.6631,41.788,41.788,0,1,56.7879,15.0000
443.327,575.886,71.6615,41.788,41.788,0,1,56.7879,15.0000
443.527,576.087,71.6668,41.788,41.788,0,1,56.7879,15.0000
443.727,576.287,71.6584,41.788,41.788,0,1,56.7879,15.0000
443.927,576.487,71.6626,41.788,41.788,0,1,56.7879,15.0000
444.127,576.687,71.6626,41.788,41.788,0,1,56.7879,15.0000
444.327,576.887,71.6566,41.788,41.788,0,1,56.7879,15.0000
444.527,577.088,71.6587,41.788,41.788,0,1,56.7879,15.0000
444.727,577.288,71.6551,41.788,41.788,0,1,56.7879,15.0000
444.927,577.488,71.6554,41.788,41.788,0,1,56.7879,15.0000
445.127,577.688,71.6523,41.788,41.788,0,1,56.7879,15.0000
445.327,577.888,71.6600,41.788,41.788,0,1,56.7879,15.0000
445.527,578.089,71.6535,41.788,41.788,0,1,56.7879,15.0000
445.727,578.289,71.6567,41.788,41.788,0,1,56.7879,15.0000
445.927,578.489,71.6514,41.788,41.788,0,1,56.7879,15.0000
446.127,578.689,71.6514,41.788,41.788,0,1,56.7879,15.0000
446.327,578.889,71.6554,41.788,41.788,0,1,56.7879,15.0000
446.527,579.090,71.6551,41.788,41.788,0,1,56.7879,15.0000
446.727,579.289,71.6489,41.788,41.788,0,1,56.7879,15.0000
446.927,579.490,71.6460,41.788,41.788,0,1,56.7879,15.0000
447.127,579.690,71.6517,41.788,41.788,0,1,56.7879,15.0000
447.327,579.890,71.6442,41.788,41.788,0,1,56.7879,15.0000
447.527,580.091,71.6558,41.788,41.788,0,1,56.7879,15.0000
447.727,580.290,71.6523,41.788,41.788,0,1,56.7879,15.0000
447.927,580.491,71.6499,41.788,41.788,0,1,56.7879,15.0000
448.127,580.691,71.6584,41.788,41.788,0,1,56.7879,15.0000
448.327,580.891,71.6470,41.788,41.788,0,1,56.7879,15.0000
448.527,581.092,71.6426,41.788,41.788,0,1,56.7879,15.0000
448.727,581.292,71.6462,41.788,41.788,0,1,56.7879,15.0000
448.927,581.492,71.6455,41.788,41.788,0,1,56.7879,15.0000
449.127,581.692,71.6455,41.788,41.788,0,1,56.7879,15.0000
449.327,581.892,71.6476,41.788,41.788,0,1,56.7879,15.0000
449.527,582.092,71.6440,41.788,41.788,0,1,56.7879,15.0000
449.727,582.293,71.6478,41.788,41.788,0,1,56.7879,15.0000
449.927,582.493,71.6453,41.788,41.788,0,1,56.7879,15.0000
450.127,582.693,71.6457,41.788,41.788,0,1,56.7879,15.0000
450.327,582.893,71.6489,41.788,41.788,0,1,56.7879,15.0000
450.527,583.093,71.6424,41.788,41.788,0,1,56.7879,15.0000
450.727,583.294,71.6418,41.788,41.788,0,1,56.7879,15.0000
450.927,583.494,71.6422,41.788,41.788,0,1,56.7879,15.0000
451.127,583.694,71.6439,41.788,41.788,0,1,56.7879,15.0000
451.327,583.894,71.6453,41.788,41.788,0,1,56.7879,15.0000
451.527,584.094,71.6416,41.788,41.788,0,1,56.7879,15.0000
451.727,584.295,71.6426,41.788,41.788,0,1,56.7879,15.0000
451.927,584.495,71.6414,41.788,41.788,0,1,56.7879,15.0000
452.127,584.695,71.6353,41.788,41.788,0,1,56.7879,15.0000
452.327,584.894,71.6426,41.788,41.788,0,1,56.7879,15.0000
452.527,585.095,71.6414,41.788,41.788,0,1,56.7879,15.0000
452.727,585.296,71.6401,41.788,41.788,0,1,56.7879,15.0000
452.927,585.496,71.6421,41.788,41.788,0,1,56.7879,15.0000
453.127,585.696,71.6421,41.788,41.788,0,1,56.7879,15.0000
453.327,585.896,71.6422,41.788,41.788,0,1,56.7879,15.0000
453.527,586.096,71.6445,41.788,41.788,0,1,56.7879,15.0000
453.727,586.297,71.6377,41.788,41.788,0,1,56.7879,15.0000
453.927,586.497,71.6353,41.788,41.788,0,1,56.7879,15.0000
454.127,586.697,71.6408,41.788,41.788,0,1,56.7879,15.0000
454.327,586.897,71.6439,41.788,41.788,0,1,56.7879,15.0000
454.527,587.097,71.6390,41.788,41.788,0,1,56.7879,15.0000
454.727,587.297,71.6406,41.788,41.788,0,1,56.7879,15.0000
454.927,587.498,71.6377,41.788,41.788,0,1,56.7879,15.0000
455.127,587.698,71.6382,41.788,41.788,0,1,56.7879,15.0000
455.327,587.898,71.6421,41.788,41.788,0,1,56.7879,15.0000
455.527,588.098,71.6388,41.788,41.788,0,1,56.7879,15.0000
455.727,588.299,71.6392,41.788,41.788,0,1,56.7879,15.0000
455.927,588.498,71.6333,41.788,41.788,0,1,56.7879,15.0000
456.127,588.699,71.6356,41.788,41.788,0,1,56.7879,15.0000
456.327,588.899,71.6382,41.788,41.788,0,1,56.7879,15.0000
456.527,589.099,71.6348,41.788,41.788,0,1,56.7879,15.0000
456.727,589.300,71.6370,41.788,41.788,0,1,56.7879,15.0000
456.926,589.500,71.6377,41.788,41.788,0,1,56.7879,15.0000
457.127,589.700,71.6396,41.788,41.788,0,1,56.7879,15.0000
457.327,589.900,71.6330,41.788,41.788,0,1,56.7879,15.0000
457.527,590.100,71.6268,41.788,41.788,0,1,56.7879,15.0000
457.727,590.300,71.6372,41.788,41.788,0,1,56.7879,15.0000
457.927,590.501,71.6343,41.788,41.788,0,1,56.7879,15.0000
458.127,590.701,71.6357,41.788,41.788,0,1,56.7879,15.0000
458.327,590.901,71.6333,41.788,41.788,0,1,56.7879,15.0000
458.527,591.101,71.6320,41.788,41.788,0,1,56.7879,15.0000
458.727,591.301,71.6245,41.788,41.788,0,1,56.7879,15.0000
458.927,591.502,71.6279,41.788,41.788,0,1,56.7879,15.0000
459.127,591.702,71.6372,41.788,41.788,0,1,56.7879,15.0000
459.327,591.902,71.6279,41.788,41.788,0,1,56.7879,15.0000
459.527,592.102,71.6276,41.788,41.788,0,1,56.7879,15.0000
459.727,592.302,71.6221,41.788,41.788,0,1,56.7879,15.0000
459.927,592.503,71.6230,41.788,41.788,0,1,56.7879,15.0000
460.127,592.703,71.6213,41.788,41.788,0,1,56.7879,15.0000
460.327,592.903,71.6196,41.788,41.788,0,1,56.7879,15.0000
460.527,593.103,71.6160,41.788,41.788,0,1,56.7879,15.0000
460.727,593.303,71.6138,41.788,41.788,0,1,56.7879,15.0000
460.926,593.504,71.6123,41.788,41.788,0,1,56.7879,15.0000
461.127,593.704,71.6045,41.788,41.788,0,1,56.7879,15.0000
461.326,593.905,71.6064,41.788,41.788,0,1,56.7879,15.0000
461.527,594.104,71.6060,41.788,41.788,0,1,56.7879,15.0000
461.727,594.304,71.5986,41.788,41.788,0,1,56.7879,15.0000
461.927,594.505,71.5926,41.788,41.788,0,1,56.7879,15.0000
462.127,594.705,71.5905,41.788,41.788,0,1,56.7879,15.0000
462.326,594.905,71.5898,41.788,41.788,0,1,56.7879,15.0000
462.527,595.105,71.5833,41.788,41.788,0,1,56.7879,15.0000
462.727,595.305,71.5811,41.788,41.788,0,1,56.7879,15.0000
462.927,595.506,71.5757,41.788,41.788,0,1,56.7879,15.0000
463.127,595.706,71.5749,41.788,41.788,0,1,56.7879,15.0000
463.327,595.906,71.5677,41.788,41.788,0,1,56.7879,15.0000
463.527,596.105,71.5679,41.788,41.788,0,1,56.7879,15.0000
463.727,596.306,71.5620,41.788,41.788,0,1,56.7879,15.0000
463.927,596.507,71.5565,41.788,41.788,0,1,56.7879,15.0000
464.127,596.706,71.5581,41.788,41.788,0,1,56.7879,15.0000
464.327,596.907,71.5524,41.788,41.788,0,1,56.7879,15.0000
464.526,597.107,71.5469,41.788,41.788,0,1,56.7879,15.0000
464.727,597.307,71.5404,41.788,41.788,0,1,56.7879,15.0000
464.927,597.508,71.5361,41.788,41.788,0,1,56.7879,15.0000
465.127,597.708,71.5312,41.788,41.788,0,1,56.7879,15.0000
465.327,597.908,71.5246,41.788,41.788,0,1,56.7879,15.0000
465.526,598.108,71.5270,41.788,41.788,0,1,56.7879,15.0000
465.726,598.308,71.5169,41.788,41.788,0,1,56.7879,15.0000
465.927,598.508,71.5182,41.788,41.788,0,1,56.7879,15.0000
466.127,598.709,71.5090,41.788,41.788,0,1,56.7879,15.0000
466.327,598.909,71.5054,41.788,41.788,0,1,56.7879,15.0000
466.526,599.109,71.4995,41.788,41.788,0,1,56.7879,15.0000
466.726,599.309,71.4971,41.788,41.788,0,1,56.7879,15.0000
466.927,599.509,71.4980,41.788,41.788,0,1,56.7879,15.0000
467.127,599.710,71.4912,41.788,41.788,0,1,56.7879,15.0000
467.327,599.910,71.4909,41.788,41.788,0,1,56.7879,15.0000
467.526,600.110,71.4821,41.788,41.788,0,1,56.7879,15.0000
467.726,600.310,71.4705,41.788,41.788,0,1,56.7879,15.0000
467.927,600.510,71.4670,41.788,41.788,0,1,56.7879,15.0000
468.127,600.711,71.4725,41.788,41.788,0,1,56.7879,15.0000
468.327,600.911,71.4647,41.788,41.788,0,1,56.7879,15.0000
468.526,601.111,71.4587,41.788,41.788,0,1,56.7879,15.0000
468.727,601.311,71.4515,41.788,41.788,0,1,56.7879,15.0000
468.927,601.511,71.4567,41.788,41.788,0,1,56.7879,15.0000
469.127,601.712,71.4390,41.788,41.788,0,1,56.7879,15.0000
469.327,601.912,71.4383,41.788,41.788,0,1,56.7879,15.0000
469.527,602.112,71.4382,41.788,41.788,0,1,56.7879,15.0000
469.727,602.312,71.4308,41.788,41.788,0,1,56.7879,15.0000
469.927,602.512,71.4321,41.788,41.788,0,1,56.7879,15.0000
470.127,602.713,71.4271,41.788,41.788,0,1,56.7879,15.0000
470.326,602.913,71.4175,41.788,41.788,0,1,56.7879,15.0000
470.527,603.113,71.4170,41.788,41.788,0,1,56.7879,15.0000
470.727,603.313,71.4128,41.788,41.788,0,1,56.7879,15.0000
470.927,603.513,71.3950,41.788,41.788,0,1,56.7879,15.0000
471.127,603.714,71.4028,41.788,41.788,0,1,56.7879,15.0000
471.327,603.914,71.3906,41.788,41.788,0,1,56.7879,15.0000
471.527,604.114,71.3924,41.788,41.788,0,1,56.7879,15.0000
471.727,604.314,71.3887,41.788,41.788,0,1,56.7879,15.0000
471.926,604.514,71.3807,41.788,41.788,0,1,56.7879,15.0000
472.126,604.715,71.3825,41.788,41.788,0,1,56.7879,15.0000
472.326,604.914,71.3708,41.788,41.788,0,1,56.7879,15.0000
472.527,605.115,71.3709,41.788,41.788,0,1,56.7879,15.0000
472.726,605.315,71.3652,41.788,41.788,0,1,56.7879,15.0000
472.927,605.515,71.3545,41.788,41.788,0,1,56.7879,15.0000
473.126,605.716,71.3558,41.788,41.788,0,1,56.7879,15.0000
473.326,605.915,71.3511,41.788,41.788,0,1,56.7879,15.0000
473.527,606.116,71.3446,41.788,41.788,0,1,56.7879,15.0000
473.727,606.316,71.3488,41.788,41.788,0,1,56.7879,15.0000
473.927,606.516,71.3348,41.788,41.788,0,1,56.7879,15.0000
474.126,606.717,71.3302,41.788,41.788,0,1,56.7879,15.0000
474.326,606.917,71.3254,41.788,41.788,0,1,56.7879,15.0000
474.526,607.117,71.3182,41.788,41.788,0,1,56.7879,15.0000
474.727,607.317,71.3210,41.788,41.788,0,1,56.7879,15.0000
474.926,607.517,71.3247,41.788,41.788,0,1,56.7879,15.0000
475.126,607.717,71.3132,41.788,41.788,0,1,56.7879,15.0000
475.326,607.918,71.3073,41.788,41.788,0,1,56.7879,15.0000
475.526,608.118,71.3076,41.788,41.788,0,1,56.7879,15.0000
475.726,608.318,71.2920,41.788,41.788,0,1,56.7879,15.0000
475.926,608.518,71.2939,41.788,41.788,0,1,56.7879,15.0000
476.127,608.718,71.2983,41.788,41.788,0,1,56.7879,15.0000
476.326,608.919,71.2939,41.788,41.788,0,1,56.7879,15.0000
476.526,609.119,71.2827,41.788,41.788,0,1,56.7879,15.0000
476.726,609.319,71.2798,41.788,41.788,0,1,56.7879,15.0000
476.926,609.519,71.2785,41.788,41.788,0,1,56.7879,15.0000
477.126,609.719,71.2728,41.788,41.788,0,1,56.7879,15.0000
477.326,609.920,71.2705,41.788,41.788,0,1,56.7879,15.0000
477.526,610.119,71.2671,41.788,41.788,0,1,56.7879,15.0000
477.727,610.320,71.2671,41.788,41.788,0,1,56.7879,15.0000
477.926,610.520,71.2599,41.788,41.788,0,1,56.7879,15.0000
478.126,610.720,71.2485,41.788,41.788,0,1,56.7879,15.0000
478.326,610.921,71.2547,41.788,41.788,0,1,56.7879,15.0000
478.526,611.121,71.2443,41.788,41.788,0,1,56.7879,15.0000
478.727,611.321,71.2593,41.788,41.788,0,1,56.7879,15.0000
478.926,611.521,71.2383,41.788,41.788,0,1,56.7879,15.0000
479.127,611.721,71.2371,41.788,41.788,0,1,56.7879,15.0000
479.326,611.922,71.2292,41.788,41.788,0,1,56.7879,15.0000
479.527,612.122,71.2277,41.788,41.788,0,1,56.7879,15.0000
479.726,612.322,71.2171,41.788,41.788,0,1,56.7879,15.0000
479.926,612.522,71.2134,41.788,41.788,0,1,56.7879,15.0000
480.126,612.722,71.2153,41.788,41.788,0,1,56.7879,15.0000
480.327,612.923,71.2082,41.788,41.788,0,1,56.7879,15.0000
480.526,613.123,71.2064,41.788,41.788,0,1,56.7879,15.0000
480.726,613.323,71.2004,41.788,41.788,0,1,56.7879,15.0000
480.926,613.523,71.2012,41.788,41.788,0,1,56.7879,15.0000
481.127,613.722,71.1906,41.788,41.788,0,1,56.7879,15.0000
481.326,613.924,71.1802,41.788,41.788,0,1,56.7879,15.0000
481.526,614.123,71.1919,41.788,41.788,0,1,56.7879,15.0000
481.726,614.324,71.1787,41.788,41.788,0,1,56.7879,15.0000
481.927,614.524,71.1769,41.788,41.788,0,1,56.7879,15.0000
482.126,614.724,71.1821,41.788,41.788,0,1,56.7879,15.0000
482.326,614.925,71.1686,41.788,41.788,0,1,56.7879,15.0000
482.526,615.125,71.1548,41.788,41.788,0,1,56.7879,15.0000
482.726,615.325,71.1628,41.788,41.788,0,1,56.7879,15.0000
482.926,615.525,71.1468,41.788,41.788,0,1,56.7879,15.0000
483.126,615.725,71.1520,41.788,41.788,0,1,56.7879,15.0000
483.326,615.925,71.1426,41.788,41.788,0,1,56.7879,15.0000
483.526,616.126,71.1375,41.788,41.788,0,1,56.7879,15.0000
483.726,616.326,71.1390,41.788,41.788,0,1,56.7879,15.0000
483.927,616.526,71.1314,41.788,41.788,0,1,56.7879,15.0000
484.126,616.726,71.1209,41.788,41.788,0,1,56.7879,15.0000
484.326,616.926,71.1230,41.788,41.788,0,1,56.7879,15.0000
484.526,617.127,71.1157,41.788,41.788,0,1,56.7879,15.0000
484.726,617.327,71.1112,41.788,41.788,0,1,56.7879,15.0000
484.926,617.527,71.1121,41.788,41.788,0,1,56.7879,15.0000
485.127,617.727,71.1066,41.788,41.788,0,1,56.7879,15.0000
485.326,617.927,71.0973,41.788,41.788,0,1,56.7879,15.0000
485.527,618.128,71.1027,41.788,41.788,0,1,56.7879,15.0000
485.822,618.328,71.0988,41.788,41.788,0,1,56.7879,15.0000
485.822,618.528,71.0955,41.788,41.788,0,1,56.7879,15.0000
486.024,618.728,71.0869,41.788,41.788,0,1,56.7879,15.0000
486.229,618.927,71.0762,41.788,41.788,0,1,56.7879,15.0000
486.467,619.129,71.0786,41.788,41.788,0,1,56.7879,15.0000
486.714,619.329,71.0718,41.788,41.788,0,1,56.7879,15.0000
486.896,619.529,71.0697,41.788,41.788,0,1,56.7879,15.0000
487.054,619.729,71.0698,41.788,41.788,0,1,56.7879,15.0000
487.231,619.929,71.0615,41.788,41.788,0,1,56.7879,15.0000
487.445,620.130,71.0617,41.788,41.788,0,1,56.7879,15.0000
487.664,620.330,71.0503,41.788,41.788,0,1,56.7879,15.0000
487.865,620.530,71.0508,41.788,41.788,0,1,56.7879,15.0000
488.071,620.730,71.0513,41.788,41.788,0,1,56.7879,15.0000
488.245,620.930,71.0405,41.788,41.788,0,1,56.7879,15.0000
488.426,621.131,71.0386,41.788,41.788,0,1,56.7879,15.0000
488.652,621.331,71.0298,41.788,41.788,0,1,56.7879,15.0000
488.877,621.531,71.0343,41.788,41.788,0,1,56.7879,15.0000
489.080,621.731,71.0317,41.788,41.788,0,1,56.7879,15.0000
489.260,621.931,71.0268,41.788,41.788,0,1,56.7879,15.0000
489.478,622.132,71.0251,41.788,41.788,0,1,56.7879,15.0000
489.675,622.331,71.0179,41.788,41.788,0,1,56.7879,15.0000
489.882,622.532,71.0130,41.788,41.788,0,1,56.7879,15.0000
490.071,622.732,71.0098,41.788,41.788,0,1,56.7879,15.0000
490.239,622.932,71.0109,41.788,41.788,0,1,56.7879,15.0000
490.460,623.133,70.9964,41.788,41.788,0,1,56.7879,15.0000
490.665,623.333,71.0008,41.788,41.788,0,1,56.7879,15.0000
490.870,623.533,70.9964,41.788,41.788,0,1,56.7879,15.0000
491.059,623.733,70.9971,41.788,41.788,0,1,56.7879,15.0000
491.254,623.933,70.9800,41.788,41.788,0,1,56.7879,15.0000
491.458,624.133,70.9821,41.788,41.788,0,1,56.7879,15.0000
491.671,624.333,70.9697,41.788,41.788,0,1,56.7879,15.0000
491.881,624.534,70.9674,41.788,41.788,0,1,56.7879,15.0000
492.096,624.734,70.9637,41.788,41.788,0,1,56.7879,15.0000
492.293,624.934,70.9650,41.788,41.788,0,1,56.7879,15.0000
492.459,625.134,70.9637,41.788,41.788,0,1,56.7879,15.0000
492.674,625.335,70.9505,41.788,41.788,0,1,56.7879,15.0000
492.859,625.535,70.9455,41.788,41.788,0,1,56.7879,15.0000
493.097,625.735,70.9549,41.788,41.788,0,1,56.7879,15.0000
493.293,625.935,70.9497,41.788,41.788,0,1,56.7879,15.0000
493.480,626.135,70.9412,41.788,41.788,0,1,56.7879,15.0000
493.693,626.336,70.9409,41.788,41.788,0,1,56.7879,15.0000
493.883,626.535,70.9323,41.788,41.788,0,1,56.7879,15.0000
494.074,626.736,70.9414,41.788,41.788,0,1,56.7879,15.0000
494.263,626.936,70.9256,41.788,41.788,0,1,56.7879,15.0000
494.459,627.136,70.9240,41.788,41.788,0,1,56.7879,15.0000
494.677,627.337,70.9165,41.788,41.788,0,1,56.7879,15.0000
494.849,627.537,70.9183,41.788,41.788,0,1,56.7879,15.0000
495.020,627.737,70.9092,41.788,41.788,0,1,56.7879,15.0000
495.223,627.937,70.9074,41.788,41.788,0,1,56.7879,15.0000
495.421,628.137,70.8996,41.788,41.788,0,1,56.7879,15.0000
495.620,628.337,70.8958,41.788,41.788,0,1,56.7879,15.0000
495.820,628.538,70.8918,41.788,41.788,0,1,56.7879,15.0000
496.020,628.738,70.8857,41.788,41.788,0,1,56.7879,15.0000
496.222,628.938,70.8859,41.788,41.788,0,1,56.7879,15.0000
496.441,629.138,70.8909,41.788,41.788,0,1,56.7879,15.0000
496.641,629.339,70.8826,41.788,41.788,0,1,56.7879,15.0000
496.826,629.539,70.8778,41.788,41.788,0,1,56.7879,15.0000
497.049,629.739,70.8781,41.788,41.788,0,1,56.7879,15.0000
497.247,629.939,70.8711,41.788,41.788,0,1,56.7879,15.0000
497.422,630.139,70.8642,41.788,41.788,0,1,56.7879,15.0000
497.626,630.340,70.8641,41.788,41.788,0,1,56.7879,15.0000
497.826,630.540,70.8602,41.788,41.788,0,1,56.7879,15.0000
498.029,630.740,70.8512,41.788,41.788,0,1,56.7879,15.0000
498.242,630.940,70.8421,41.788,41.788,0,1,56.7879,15.0000
498.478,631.140,70.8400,41.788,41.788,0,1,56.7879,15.0000
498.697,631.341,70.8437,41.788,41.788,0,1,56.7879,15.0000
498.934,631.540,70.8354,41.788,41.788,0,1,56.7879,15.0000
499.151,631.741,70.8416,41.788,41.788,0,1,56.7879,15.0000
499.427,631.941,70.8288,41.788,41.788,0,1,56.7879,15.0000
499.428,632.141,70.8310,41.788,41.788,0,1,56.7879,15.0000
499.647,632.342,70.8304,41.788,41.788,0,1,56.7879,15.0000
499.867,632.542,70.8180,41.788,41.788,0,1,56.7879,15.0000
500.085,632.743,70.8216,41.788,41.788,0,1,56.7879,15.0000
500.300,632.942,70.8027,41.788,41.788,0,1,56.7879,15.0000
500.518,633.142,70.8013,41.788,41.788,0,1,56.7879,15.0000
500.761,633.342,70.8027,41.788,41.788,0,1,56.7879,15.0000
501.020,633.543,70.8050,41.788,41.788,0,1,56.7879,15.0000
501.020,633.743,70.7930,41.788,41.788,0,1,56.7879,15.0000
501.249,633.943,70.7910,41.788,41.788,0,1,56.7879,15.0000
501.465,634.143,70.7915,41.788,41.788,0,1,56.7879,15.0000
501.659,634.343,70.7905,41.788,41.788,0,1,56.7879,15.0000
501.861,634.544,70.7868,41.788,41.788,0,1,56.7879,15.0000
502.054,634.744,70.7764,41.788,41.788,0,1,56.7879,15.0000
502.244,634.943,70.7908,41.788,41.788,0,1,56.7879,15.0000
502.446,635.144,70.7751,41.788,41.788,0,1,56.7879,15.0000
502.628,635.344,70.7725,41.788,41.788,0,1,56.7879,15.0000
502.844,635.545,70.7674,41.788,41.788,0,1,56.7879,15.0000
503.021,635.745,70.7620,41.788,41.788,0,1,56.7879,15.0000
503.220,635.945,70.7607,41.788,41.788,0,1,56.7879,15.0000
503.420,636.145,70.7464,41.788,41.788,0,1,56.7879,15.0000
503.620,636.345,70.7516,41.788,41.788,0,1,56.7879,15.0000
503.820,636.546,70.7572,41.788,41.788,0,1,56.7879,15.0000
504.021,636.746,70.7340,41.788,41.788,0,1,56.7879,15.0000
504.220,636.947,70.7319,41.788,41.788,0,1,56.7879,15.0000
504.420,637.146,70.7393,41.788,41.788,0,1,56.7879,15.0000
504.621,637.346,70.7339,41.788,41.788,0,1,56.7879,15.0000
504.820,637.547,70.7251,41.788,41.788,0,1,56.7879,15.0000
505.023,637.747,70.7217,41.788,41.788,0,1,56.7879,15.0000
505.295,637.947,70.7218,41.788,41.788,0,1,56.7879,15.0000
505.432,638.147,70.7139,41.788,41.788,0,1,56.7879,15.0000
505.625,638.347,70.7080,41.788,41.788,0,1,56.7879,15.0000
505.820,638.548,70.7139,41.788,41.788,0,1,56.7879,15.0000
506.024,638.748,70.7051,41.788,41.788,0,1,56.7879,15.0000
506.221,638.948,70.7080,41.788,41.788,0,1,56.7879,15.0000
506.423,639.148,70.6969,41.788,41.788,0,1,56.7879,15.0000
506.619,639.348,70.6862,41.788,41.788,0,1,56.7879,15.0000
506.820,639.549,70.6890,41.788,41.788,0,1,56.7879,15.0000
507.023,639.748,70.6860,41.788,41.788,0,1,56.7879,15.0000
507.219,639.949,70.6748,41.788,41.788,0,1,56.7879,15.0000
507.422,640.149,70.6771,41.788,41.788,0,1,56.7879,15.0000
507.620,640.349,70.6711,41.788,41.788,0,1,56.7879,15.0000
507.820,640.550,70.6787,41.788,41.788,0,1,56.7879,15.0000
508.020,640.750,70.6580,41.788,41.788,0,1,56.7879,15.0000
508.220,640.950,70.6522,41.788,41.788,0,1,56.7879,15.0000
508.420,641.150,70.6593,41.788,41.788,0,1,56.7879,15.0000
508.621,641.350,70.6392,41.788,41.788,0,1,56.7879,15.0000
508.820,641.550,70.6348,41.788,41.788,0,1,56.7879,15.0000
509.022,641.751,70.6370,41.788,41.788,0,1,56.7879,15.0000
509.220,641.951,70.6289,41.788,41.788,0,1,56.7879,15.0000
509.420,642.151,70.6230,41.788,41.788,0,1,56.7879,15.0000
509.621,642.351,70.6208,41.788,41.788,0,1,56.7879,15.0000
509.822,642.551,70.6162,41.788,41.788,0,1,56.7879,15.0000
510.021,642.752,70.6216,41.788,41.788,0,1,56.7879,15.0000
510.219,642.952,70.6126,41.788,41.788,0,1,56.7879,15.0000
510.419,643.152,70.6165,41.788,41.788,0,1,56.7879,15.0000
510.625,643.352,70.5977,41.788,41.788,0,1,56.7879,15.0000
510.821,643.552,70.5993,41.788,41.788,0,1,56.7879,15.0000
511.021,643.753,70.5900,41.788,41.788,0,1,56.7879,15.0000
511.220,643.953,70.5864,41.788,41.788,0,1,56.7879,15.0000
511.420,644.153,70.5841,41.788,41.788,0,1,56.7879,15.0000
511.624,644.353,70.5789,41.788,41.788,0,1,56.7879,15.0000
511.820,644.553,70.5747,41.788,41.788,0,1,56.7879,15.0000
512.021,644.754,70.5721,41.788,41.788,0,1,56.7879,15.0000
512.222,644.954,70.5718,41.788,41.788,0,1,56.7879,15.0000
512.426,645.154,70.5527,41.788,41.788,0,1,56.7879,15.0000
512.630,645.354,70.5532,41.788,41.788,0,1,56.7879,15.0000
512.828,645.554,70.5509,41.788,41.788,0,1,56.7879,15.0000
513.024,645.755,70.5459,41.788,41.788,0,1,56.7879,15.0000
513.221,645.955,70.5430,41.788,41.788,0,1,56.7879,15.0000
513.421,646.155,70.5368,41.788,41.788,0,1,56.7879,15.0000
513.627,646.355,70.5366,41.788,41.788,0,1,56.7879,15.0000
513.841,646.555,70.5268,41.788,41.788,0,1,56.7879,15.0000
514.056,646.756,70.5236,41.788,41.788,0,1,56.7879,15.0000
514.242,646.956,70.5176,41.788,41.788,0,1,56.7879,15.0000
514.476,647.157,70.5166,41.788,41.788,0,1,56.7879,15.0000
514.676,647.356,70.5125,41.788,41.788,0,1,56.7879,15.0000
514.885,647.556,70.5137,41.788,41.788,0,1,56.7879,15.0000
515.083,647.757,70.5054,41.788,41.788,0,1,56.7879,15.0000
515.266,647.956,70.4967,41.788,41.788,0,1,56.7879,15.0000
515.481,648.157,70.4959,41.788,41.788,0,1,56.7879,15.0000
515.630,648.357,70.4852,41.788,41.788,0,1,56.7879,15.0000
515.821,648.557,70.4740,41.788,41.788,0,1,56.7879,15.0000
516.022,648.758,70.4806,41.788,41.788,0,1,56.7879,15.0000
516.223,648.958,70.4726,41.788,41.788,0,1,56.7879,15.0000
516.421,649.158,70.4749,41.788,41.788,0,1,56.7879,15.0000
516.620,649.358,70.4704,41.788,41.788,0,1,56.7879,15.0000
516.826,649.558,70.4632,41.788,41.788,0,1,56.7879,15.0000
517.022,649.758,70.4578,41.788,41.788,0,1,56.7879,15.0000
517.220,649.959,70.4515,41.788,41.788,0,1,56.7879,15.0000
517.422,650.159,70.4451,41.788,41.788,0,1,56.7879,15.0000
517.624,650.359,70.4463,41.788,41.788,0,1,56.7879,15.0000
517.824,650.559,70.4341,41.788,41.788,0,1,56.7879,15.0000
518.022,650.759,70.4263,41.788,41.788,0,1,56.7879,15.0000
518.279,650.960,70.4144,41.788,41.788,0,1,56.7879,15.0000
518.479,651.160,70.4347,41.788,41.788,0,1,56.7879,15.0000
518.656,651.360,70.4033,41.788,41.788,0,1,56.7879,15.0000
518.845,651.560,70.4017,41.788,41.788,0,1,56.7879,15.0000
519.023,651.760,70.4067,41.788,41.788,0,1,56.7879,15.0000
519.226,651.961,70.3896,41.788,41.788,0,1,56.7879,15.0000
519.425,652.161,70.3916,41.788,41.788,0,1,56.7879,15.0000
519.620,652.360,70.3867,41.788,41.788,0,1,56.7879,15.0000
519.825,652.561,70.3814,41.788,41.788,0,1,56.7879,15.0000
520.025,652.761,70.3763,41.788,41.788,0,1,56.7879,15.0000
520.228,652.962,70.3618,41.788,41.788,0,1,56.7879,15.0000
520.440,653.162,70.3620,41.788,41.788,0,1,56.7879,15.0000
520.633,653.362,70.3594,41.788,41.788,0,1,56.7879,15.0000
520.821,653.562,70.3486,41.788,41.788,0,1,56.7879,15.0000
521.025,653.762,70.3462,41.788,41.788,0,1,56.7879,15.0000
521.225,653.963,70.3384,41.788,41.788,0,1,56.7879,15.0000
521.429,654.163,70.3319,41.788,41.788,0,1,56.7879,15.0000
521.629,654.363,70.3310,41.788,41.788,0,1,56.7879,15.0000
521.829,654.563,70.3166,41.788,41.788,0,1,56.7879,15.0000
522.031,654.763,70.3068,41.788,41.788,0,1,56.7879,15.0000
522.231,654.964,70.3099,41.788,41.788,0,1,56.7879,15.0000
522.438,655.164,70.3003,41.788,41.788,0,1,56.7879,15.0000
522.633,655.364,70.3073,41.788,41.788,0,1,56.7879,15.0000
522.825,655.564,70.2961,41.788,41.788,0,1,56.7879,15.0000
523.062,655.764,70.2871,41.788,41.788,0,1,56.7879,15.0000
523.278,655.965,70.2817,41.788,41.788,0,1,56.7879,15.0000
523.515,656.164,70.2812,41.788,41.788,0,1,56.7879,15.0000
523.704,656.365,70.2690,41.788,41.788,0,1,56.7879,15.0000
523.968,656.565,70.2695,41.788,41.788,0,1,56.7879,15.0000
524.159,656.765,70.2651,41.788,41.788,0,1,56.7879,15.0000
524.425,656.966,70.2672,41.788,41.788,0,1,56.7879,15.0000
524.425,657.166,70.2568,41.788,41.788,0,1,56.7879,15.0000
524.697,657.366,70.2568,41.788,41.788,0,1,56.7879,15.0000
524.850,657.566,70.2493,41.788,41.788,0,1,56.7879,15.0000
525.069,657.766,70.2476,41.788,41.788,0,1,56.7879,15.0000
525.306,657.967,70.2366,41.788,41.788,0,1,56.7879,15.0000
525.481,658.167,70.2296,41.788,41.788,0,1,56.7879,15.0000
525.700,658.367,70.2349,41.788,41.788,0,1,56.7879,15.0000
525.869,658.567,70.2277,41.788,41.788,0,1,56.7879,15.0000
526.127,658.767,70.2139,41.788,41.788,0,1,56.7879,15.0000
526.327,658.967,70.2139,41.788,41.788,0,1,56.7879,15.0000
526.527,659.168,70.2098,41.788,41.788,0,1,56.7879,15.0000
526.727,659.368,70.2072,41.788,41.788,0,1,56.7879,15.0000
526.927,659.568,70.2031,41.788,41.788,0,1,56.7879,15.0000
527.127,659.768,70.2017,41.788,41.788,0,1,56.7879,15.0000
527.327,659.968,70.1937,41.788,41.788,0,1,56.7879,15.0000
527.527,660.168,70.1870,41.788,41.788,0,1,56.7879,15.0000
527.727,660.368,70.1771,41.788,41.788,0,1,56.7879,15.0000
527.927,660.569,70.1785,41.788,41.788,0,1,56.7879,15.0000
528.126,660.769,70.1733,41.788,41.788,0,1,56.7879,15.0000
528.327,660.969,70.1689,41.788,41.788,0,1,56.7879,15.0000
528.527,661.170,70.1650,41.788,41.788,0,1,56.7879,15.0000
528.727,661.370,70.1592,41.788,41.788,0,1,56.7879,15.0000
528.927,661.570,70.1518,41.788,41.788,0,1,56.7879,15.0000
529.127,661.770,70.1414,41.788,41.788,0,1,56.7879,15.0000
529.327,661.970,70.1395,41.788,41.788,0,1,56.7879,15.0000
529.526,662.171,70.1352,41.788,41.788,0,1,56.7879,15.0000
529.726,662.371,70.1200,41.788,41.788,0,1,56.7879,15.0000
529.927,662.571,70.1226,41.788,41.788,0,1,56.7879,15.0000
530.127,662.771,70.1113,41.788,41.788,0,1,56.7879,15.0000
530.327,662.971,70.1099,41.788,41.788,0,1,56.7879,15.0000
530.526,663.172,70.1076,41.788,41.788,0,1,56.7879,15.0000
530.727,663.372,70.0999,41.788,41.788,0,1,56.7879,15.0000
530.927,663.572,70.0950,41.788,41.788,0,1,56.7879,15.0000
531.127,663.772,70.0898,41.788,41.788,0,1,56.7879,15.0000
531.327,663.972,70.0812,41.788,41.788,0,1,56.7879,15.0000
531.527,664.173,70.0850,41.788,41.788,0,1,56.7879,15.0000
531.727,664.373,70.0718,41.788,41.788,0,1,56.7879,15.0000
531.927,664.573,70.0708,41.788,41.788,0,1,56.7879,15.0000
532.127,664.773,70.0765,41.788,41.788,0,1,56.7879,15.0000
532.326,664.973,70.0679,41.788,41.788,0,1,56.7879,15.0000
532.527,665.174,70.0597,41.788,41.788,0,1,56.7879,15.0000
532.726,665.373,70.0454,41.788,41.788,0,1,56.7879,15.0000
532.927,665.574,70.0480,41.788,41.788,0,1,56.7879,15.0000
533.127,665.774,70.0474,41.788,41.788,0,1,56.7879,15.0000
533.327,665.974,70.0434,41.788,41.788,0,1,56.7879,15.0000
533.527,666.175,70.0324,41.788,41.788,0,1,56.7879,15.0000
533.727,666.375,70.0338,41.788,41.788,0,1,56.7879,15.0000
533.927,666.575,70.0278,41.788,41.788,0,1,56.7879,15.0000
534.127,666.775,70.0200,41.788,41.788,0,1,56.7879,15.0000
534.326,666.975,70.0236,41.788,41.788,0,1,56.7879,15.0000
534.527,667.175,70.0140,41.788,41.788,0,1,56.7879,15.0000
534.727,667.376,70.0019,41.788,41.788,0,1,56.7879,15.0000
534.927,667.576,70.0078,41.788,41.788,0,1,56.7879,15.0000
535.127,667.776,69.9917,41.788,41.788,0,1,56.7879,15.0000
535.327,667.976,69.9950,41.788,41.788,0,1,56.7879,15.0000
535.527,668.176,69.9959,41.788,41.788,0,1,56.7879,15.0000
535.727,668.377,69.9902,41.788,41.788,0,1,56.7879,15.0000
535.927,668.577,69.9941,41.788,41.788,0,1,56.7879,15.0000
536.127,668.777,69.9827,41.788,41.788,0,1,56.7879,15.0000
536.327,668.977,69.9767,41.788,41.788,0,1,56.7879,15.0000
536.527,669.177,69.9683,41.788,41.788,0,1,56.7879,15.0000
536.727,669.378,69.9727,41.788,41.788,0,1,56.7879,15.0000
536.927,669.578,69.9688,41.788,41.788,0,1,56.7879,15.0000
537.127,669.778,69.9689,41.788,41.788,0,1,56.7879,15.0000
537.327,669.978,69.9614,41.788,41.788,0,1,56.7879,15.0000
537.527,670.178,69.9614,41.788,41.788,0,1,56.7879,15.0000
537.727,670.379,69.9520,41.788,41.788,0,1,56.7879,15.0000
537.927,670.579,69.9528,41.788,41.788,0,1,56.7879,15.0000
538.127,670.778,69.9474,41.788,41.788,0,1,56.7879,15.0000
538.326,670.979,69.9394,41.788,41.788,0,1,56.7879,15.0000
538.527,671.179,69.9383,41.788,41.788,0,1,56.7879,15.0000
538.727,671.380,69.9430,41.788,41.788,0,1,56.7879,15.0000
538.927,671.580,69.9451,41.788,41.788,0,1,56.7879,15.0000
539.127,671.780,69.9305,41.788,41.788,0,1,56.7879,15.0000
539.326,671.980,69.9281,41.788,41.788,0,1,56.7879,15.0000
539.527,672.180,69.9255,41.788,41.788,0,1,56.7879,15.0000
539.726,672.381,69.9172,41.788,41.788,0,1,56.7879,15.0000
539.927,672.581,69.9170,41.788,41.788,0,1,56.7879,15.0000
540.127,672.781,69.9053,41.788,41.788,0,1,56.7879,15.0000
540.326,672.981,69.8965,41.788,41.788,0,1,56.7879,15.0000
540.527,673.181,69.9045,41.788,41.788,0,1,56.7879,15.0000
540.727,673.382,69.9074,41.788,41.788,0,1,56.7879,15.0000
540.926,673.581,69.8924,41.788,41.788,0,1,56.7879,15.0000
541.127,673.782,69.8820,41.788,41.788,0,1,56.7879,15.0000
541.327,673.982,69.8823,41.788,41.788,0,1,56.7879,15.0000
541.527,674.182,69.8859,41.788,41.788,0,1,56.7879,15.0000
541.727,674.383,69.8765,41.788,41.788,0,1,56.7879,15.0000
541.927,674.583,69.8727,41.788,41.788,0,1,56.7879,15.0000
542.127,674.783,69.8721,41.788,41.788,0,1,56.7879,15.0000
542.327,674.983,69.8696,41.788,41.788,0,1,56.7879,15.0000
542.527,675.183,69.8636,41.788,41.788,0,1,56.7879,15.0000
542.727,675.383,69.8520,41.788,41.788,0,1,56.7879,15.0000
542.927,675.584,69.8491,41.788,41.788,0,1,56.7879,15.0000
543.127,675.784,69.8509,41.788,41.788,0,1,56.7879,15.0000
543.327,675.984,69.8447,41.788,41.788,0,1,56.7879,15.0000
543.527,676.184,69.8397,41.788,41.788,0,1,56.7879,15.0000
543.727,676.384,69.8389,41.788,41.788,0,1,56.7879,15.0000
543.927,676.585,69.8263,41.788,41.788,0,1,56.7879,15.0000
544.127,676.785,69.8310,41.788,41.788,0,1,56.7879,15.0000
544.327,676.985,69.8314,41.788,41.788,0,1,56.7879,15.0000
544.527,677.185,69.8192,41.788,41.788,0,1,56.7879,15.0000
544.727,677.385,69.8140,41.788,41.788,0,1,56.7879,15.0000
544.927,677.586,69.8177,41.788,41.788,0,1,56.7879,15.0000
545.127,677.786,69.8125,41.788,41.788,0,1,56.7879,15.0000
545.327,677.986,69.8050,41.788,41.788,0,1,56.7879,15.0000
545.527,678.185,69.8073,41.788,41.788,0,1,56.7879,15.0000
545.726,678.386,69.7930,41.788,41.788,0,1,56.7879,15.0000
545.926,678.587,69.7923,41.788,41.788,0,1,56.7879,15.0000
546.127,678.787,69.7941,41.788,41.788,0,1,56.7879,15.0000
546.327,678.987,69.7866,41.788,41.788,0,1,56.7879,15.0000
546.527,679.187,69.7835,41.788,41.788,0,1,56.7879,15.0000
546.727,679.387,69.7866,41.788,41.788,0,1,56.7879,15.0000
546.926,679.588,69.7848,41.788,41.788,0,1,56.7879,15.0000
547.126,679.788,69.7716,41.788,41.788,0,1,56.7879,15.0000
547.327,679.988,69.7671,41.788,41.788,0,1,56.7879,15.0000
547.527,680.188,69.7658,41.788,41.788,0,1,56.7879,15.0000
547.727,680.388,69.7598,41.788,41.788,0,1,56.7879,15.0000
547.927,680.589,69.7617,41.788,41.788,0,1,56.7879,15.0000
548.126,680.789,69.7500,41.788,41.788,0,1,56.7879,15.0000
548.327,680.989,69.7448,41.788,68.535,1,2,53.5353,15.0000
548.527,681.194,69.7404,68.535,68.535,1,2,53.5353,15.0000
548.727,681.389,69.7373,68.535,68.535,1,2,53.5353,15.0000
548.927,681.590,69.7454,68.535,68.535,1,2,53.5353,15.0000
549.126,681.789,69.7298,68.535,68.535,1,2,53.5353,15.0000
549.327,681.990,69.7218,68.535,68.535,1,2,53.5353,15.0000
549.527,682.190,69.7184,68.535,68.535,1,2,53.5353,15.0000
549.726,682.390,69.7192,68.535,68.535,1,2,53.5353,15.0000
549.927,682.591,69.7168,68.535,68.535,1,2,53.5353,15.0000
550.127,682.790,69.7153,68.535,68.535,1,2,53.5353,15.0000
550.327,682.991,69.7030,68.535,68.535,1,2,53.5353,15.0000
550.527,683.191,69.7039,68.535,68.535,1,2,53.5353,15.0000
550.727,683.391,69.6938,68.535,68.535,1,2,53.5353,15.0000
550.926,683.592,69.6911,68.535,68.535,1,2,53.5353,15.0000
551.127,683.792,69.6870,68.535,68.535,1,2,53.5353,15.0000
551.326,683.992,69.6797,68.535,68.535,1,2,53.5353,15.0000
551.527,684.192,69.6849,68.535,68.535,1,2,53.5353,15.0000
551.726,684.392,69.6670,68.535,68.535,1,2,53.5353,15.0000
551.927,684.592,69.6691,68.535,68.535,1,2,53.5353,15.0000
552.126,684.793,69.6623,68.535,68.535,1,2,53.5353,15.0000
552.327,684.993,69.6595,68.535,68.535,1,2,53.5353,15.0000
552.526,685.193,69.6502,68.535,68.535,1,2,53.5353,15.0000
552.727,685.393,69.6523,68.535,68.535,1,2,53.5353,15.0000
552.926,685.593,69.6379,68.535,68.535,1,2,53.5353,15.0000
553.127,685.794,69.6299,68.535,68.535,1,2,53.5353,15.0000
553.326,685.994,69.6274,68.535,68.535,1,2,53.5353,15.0000
553.527,686.194,69.6252,68.535,68.535,1,2,53.5353,15.0000
553.727,686.394,69.6226,68.535,68.535,1,2,53.5353,15.0000
553.927,686.594,69.6395,68.535,68.535,1,2,53.5353,15.0000
554.126,686.795,69.6196,68.535,68.535,1,2,53.5353,15.0000
554.327,686.995,69.6115,68.535,68.535,1,2,53.5353,15.0000
554.526,687.195,69.6073,68.535,68.535,1,2,53.5353,15.0000
554.726,687.395,69.6012,68.535,68.535,1,2,53.5353,15.0000
554.926,687.595,69.6055,68.535,68.535,1,2,53.5353,15.0000
555.127,687.796,69.5911,68.535,68.535,1,2,53.5353,15.0000
555.326,687.996,69.5882,68.535,68.535,1,2,53.5353,15.0000
555.527,688.196,69.5949,68.535,68.535,1,2,53.5353,15.0000
555.726,688.396,69.5835,68.535,68.535,1,2,53.5353,15.0000
555.926,688.597,69.5876,68.535,68.535,1,2,53.5353,15.0000
556.126,688.797,69.5789,68.535,68.535,1,2,53.5353,15.0000
556.326,688.997,69.5742,68.535,68.535,1,2,53.5353,15.0000
556.526,689.197,69.5649,68.535,68.535,1,2,53.5353,15.0000
556.726,689.397,69.5737,68.535,68.535,1,2,53.5353,15.0000
556.926,689.597,69.5710,68.535,68.535,1,2,53.5353,15.0000
557.126,689.798,69.5597,68.535,68.535,1,2,53.5353,15.0000
557.326,689.998,69.5664,68.535,68.535,1,2,53.5353,15.0000
557.527,690.198,69.5581,68.535,68.535,1,2,53.5353,15.0000
557.726,690.398,69.5516,68.535,68.535,1,2,53.5353,15.0000
557.927,690.598,69.5552,68.535,68.535,1,2,53.5353,15.0000
558.126,690.799,69.5535,68.535,68.535,1,2,53.5353,15.0000
558.326,690.999,69.5480,68.535,68.535,1,2,53.5353,15.0000
558.526,691.199,69.5444,68.535,68.535,1,2,53.5353,15.0000
558.727,691.399,69.5478,68.535,68.535,1,2,53.5353,15.0000
558.927,691.599,69.5347,68.535,68.535,1,2,53.5353,15.0000
559.126,691.800,69.5430,68.535,68.535,1,2,53.5353,15.0000
559.327,692.000,69.5396,68.535,68.535,1,2,53.5353,15.0000
559.526,692.200,69.5386,68.535,68.535,1,2,53.5353,15.0000
559.726,692.400,69.5395,68.535,68.535,1,2,53.5353,15.0000
559.926,692.600,69.5295,68.535,68.535,1,2,53.5353,15.0000
560.126,692.800,69.5321,68.535,68.535,1,2,53.5353,15.0000
560.326,693.001,69.5293,68.535,68.535,1,2,53.5353,15.0000
560.526,693.201,69.5256,68.535,68.535,1,2,53.5353,15.0000
560.726,693.401,69.5306,68.535,68.535,1,2,53.5353,15.0000
560.926,693.601,69.5257,68.535,68.535,1,2,53.5353,15.0000
561.126,693.801,69.5247,68.535,68.535,1,2,53.5353,15.0000
561.326,694.002,69.5264,68.535,68.535,1,2,53.5353,15.0000
561.526,694.202,69.5238,68.535,68.535,1,2,53.5353,15.0000
561.726,694.402,69.5242,68.535,68.535,1,2,53.5353,15.0000
561.926,694.602,69.5190,68.535,68.535,1,2,53.5353,15.0000
562.126,694.802,69.5230,68.535,68.535,1,2,53.5353,15.0000
562.326,695.003,69.5179,68.535,68.535,1,2,53.5353,15.0000
562.526,695.203,69.5212,68.535,68.535,1,2,53.5353,15.0000
562.726,695.403,69.5156,68.535,68.535,1,2,53.5353,15.0000
562.926,695.602,69.5080,68.535,68.535,1,2,53.5353,15.0000
563.126,695.803,69.5076,68.535,68.535,1,2,53.5353,15.0000
563.327,696.004,69.5058,68.535,68.535,1,2,53.5353,15.0000
563.526,696.204,69.5088,68.535,68.535,1,2,53.5353,15.0000
563.726,696.404,69.5098,68.535,68.535,1,2,53.5353,15.0000
563.926,696.604,69.5088,68.535,68.535,1,2,53.5353,15.0000
564.126,696.804,69.5122,68.535,68.535,1,2,53.5353,15.0000
564.326,697.005,69.5050,68.535,68.535,1,2,53.5353,15.0000
564.526,697.205,69.5037,68.535,68.535,1,2,53.5353,15.0000
564.726,697.405,69.5032,68.535,68.535,1,2,53.5353,15.0000
564.926,697.605,69.5057,68.535,68.535,1,2,53.5353,15.0000
565.126,697.805,69.5008,68.535,68.535,1,2,53.5353,15.0000
565.327,698.006,69.5091,68.535,68.535,1,2,53.5353,15.0000
565.526,698.206,69.5054,68.535,68.535,1,2,53.5353,15.0000
565.726,698.406,69.5111,68.535,68.535,1,2,53.5353,15.0000
565.926,698.606,69.5028,68.535,68.535,1,2,53.5353,15.0000
566.126,698.806,69.4940,68.535,68.535,1,2,53.5353,15.0000
566.326,699.007,69.4998,68.535,68.535,1,2,53.5353,15.0000
566.526,699.206,69.4792,68.535,68.535,1,2,53.5353,15.0000
566.726,699.406,69.5018,68.535,68.535,1,2,53.5353,15.0000
566.926,699.607,69.4997,68.535,68.535,1,2,53.5353,15.0000
567.126,699.807,69.5088,68.535,68.535,1,2,53.5353,15.0000
567.326,700.008,69.4980,68.535,68.535,1,2,53.5353,15.0000
567.526,700.208,69.5041,68.535,68.535,1,2,53.5353,15.0000
567.726,700.408,69.5044,68.535,68.535,1,2,53.5353,15.0000
567.926,700.608,69.5099,68.535,68.535,1,2,53.5353,15.0000
568.127,700.808,69.5031,68.535,68.535,1,2,53.5353,15.0000
568.326,701.008,69.5085,68.535,68.535,1,2,53.5353,15.0000
568.526,701.209,69.4997,68.535,68.535,1,2,53.5353,15.0000
568.726,701.409,69.4992,68.535,68.535,1,2,53.5353,15.0000
568.926,701.609,69.5020,68.535,68.535,1,2,53.5353,15.0000
569.126,701.809,69.5032,68.535,68.535,1,2,53.5353,15.0000
569.326,702.009,69.5112,68.535,68.535,1,2,53.5353,15.0000
569.526,702.210,69.5002,68.535,68.535,1,2,53.5353,15.0000
569.726,702.410,69.5112,68.535,68.535,1,2,53.5353,15.0000
569.926,702.610,69.5132,68.535,68.535,1,2,53.5353,15.0000
570.126,702.810,69.5091,68.535,68.535,1,2,53.5353,15.0000
570.326,703.010,69.5133,68.535,68.535,1,2,53.5353,15.0000
570.526,703.211,69.5174,68.535,68.535,1,2,53.5353,15.0000
570.726,703.412,69.5213,68.535,68.535,1,2,53.5353,15.0000
570.926,703.611,69.5088,68.535,68.535,1,2,53.5353,15.0000
571.126,703.811,69.5200,68.535,68.535,1,2,53.5353,15.0000
571.326,704.011,69.5146,68.535,68.535,1,2,53.5353,15.0000
571.526,704.212,69.5174,68.535,68.535,1,2,53.5353,15.0000
571.726,704.412,69.5238,68.535,68.535,1,2,53.5353,15.0000
571.926,704.612,69.5215,68.535,68.535,1,2,53.5353,15.0000
572.126,704.812,69.5244,68.535,68.535,1,2,53.5353,15.0000
572.326,705.012,69.5290,68.535,68.535,1,2,53.5353,15.0000
572.526,705.213,69.5234,68.535,68.535,1,2,53.5353,15.0000
572.726,705.413,69.5184,68.535,68.535,1,2,53.5353,15.0000
572.926,705.613,69.5332,68.535,68.535,1,2,53.5353,15.0000
573.126,705.813,69.5303,68.535,68.535,1,2,53.5353,15.0000
573.326,706.013,69.5342,68.535,68.535,1,2,53.5353,15.0000
573.526,706.214,69.5347,68.535,68.535,1,2,53.5353,15.0000
573.727,706.414,69.5381,68.535,68.535,1,2,53.5353,15.0000
573.926,706.614,69.5389,68.535,68.535,1,2,53.5353,15.0000
574.126,706.814,69.5410,68.535,68.535,1,2,53.5353,15.0000
574.326,707.014,69.5470,68.535,68.535,1,2,53.5353,15.0000
574.526,707.215,69.5452,68.535,68.535,1,2,53.5353,15.0000
574.726,707.414,69.5448,68.535,68.535,1,2,53.5353,15.0000
574.926,707.615,69.5461,68.535,68.535,1,2,53.5353,15.0000
575.126,707.815,69.5558,68.535,68.535,1,2,53.5353,15.0000
575.326,708.015,69.5544,68.535,68.535,1,2,53.5353,15.0000
575.526,708.216,69.5609,68.535,68.535,1,2,53.5353,15.0000
575.726,708.415,69.5596,68.535,68.535,1,2,53.5353,15.0000
575.926,708.615,69.5649,68.535,68.535,1,2,53.5353,15.0000
576.126,708.816,69.5635,68.535,68.535,1,2,53.5353,15.0000
576.326,709.016,69.5731,68.535,68.535,1,2,53.5353,15.0000
576.526,709.217,69.5679,68.535,68.535,1,2,53.5353,15.0000
576.726,709.417,69.5675,68.535,68.535,1,2,53.5353,15.0000
576.926,709.617,69.5749,68.535,68.535,1,2,53.5353,15.0000
577.126,709.817,69.5796,68.535,68.535,1,2,53.5353,15.0000
577.326,710.017,69.5796,68.535,68.535,1,2,53.5353,15.0000
577.526,710.217,69.5811,68.535,68.535,1,2,53.5353,15.0000
577.726,710.418,69.5874,68.535,68.535,1,2,53.5353,15.0000
577.926,710.618,69.5894,68.535,68.535,1,2,53.5353,15.0000
578.126,710.818,69.5897,68.535,68.535,1,2,53.5353,15.0000
578.326,711.018,69.5962,68.535,68.535,1,2,53.5353,15.0000
578.526,711.218,69.6016,68.535,68.535,1,2,53.5353,15.0000
578.726,711.419,69.6066,68.535,68.535,1,2,53.5353,15.0000
578.926,711.619,69.6081,68.535,68.535,1,2,53.5353,15.0000
579.126,711.819,69.6099,68.535,68.535,1,2,53.5353,15.0000
579.326,712.019,69.6191,68.535,68.535,1,2,53.5353,15.0000
579.526,712.219,69.6178,68.535,68.535,1,2,53.5353,15.0000
579.726,712.420,69.6284,68.535,68.535,1,2,53.5353,15.0000
579.926,712.620,69.6255,68.535,68.535,1,2,53.5353,15.0000
580.126,712.820,69.6278,68.535,68.535,1,2,53.5353,15.0000
580.326,713.020,69.6294,68.535,68.535,1,2,53.5353,15.0000
580.526,713.220,69.6473,68.535,68.535,1,2,53.5353,15.0000
580.726,713.421,69.6489,68.535,68.535,1,2,53.5353,15.0000
580.926,713.621,69.6440,68.535,68.535,1,2,53.5353,15.0000
581.126,713.821,69.6514,68.535,68.535,1,2,53.5353,15.0000
581.326,714.021,69.6597,68.535,68.535,1,2,53.5353,15.0000
581.526,714.221,69.6642,68.535,68.535,1,2,53.5353,15.0000
581.726,714.422,69.6709,68.535,68.535,1,2,53.5353,15.0000
581.926,714.622,69.6689,68.535,68.535,1,2,53.5353,15.0000
582.126,714.822,69.6836,68.535,68.535,1,2,53.5353,15.0000
582.326,715.022,69.6865,68.535,68.535,1,2,53.5353,15.0000
582.526,715.222,69.6758,68.535,68.535,1,2,53.5353,15.0000
582.726,715.423,69.6883,68.535,68.535,1,2,53.5353,15.0000
582.926,715.623,69.7049,68.535,68.535,1,2,53.5353,15.0000
583.126,715.823,69.6958,68.535,68.535,1,2,53.5353,15.0000
583.326,716.023,69.7007,68.535,68.535,1,2,53.5353,15.0000
583.526,716.223,69.7049,68.535,68.535,1,2,53.5353,15.0000
583.726,716.424,69.7012,68.535,68.535,1,2,53.5353,15.0000
583.926,716.623,69.7103,68.535,68.535,1,2,53.5353,15.0000
584.126,716.824,69.7095,68.535,68.535,1,2,53.5353,15.0000
584.326,717.024,69.7225,68.535,68.535,1,2,53.5353,15.0000
584.526,717.224,69.7241,68.535,68.535,1,2,53.5353,15.0000
584.726,717.425,69.7209,68.535,68.535,1,2,53.5353,15.0000
584.926,717.625,69.7305,68.535,68.535,1,2,53.5353,15.0000
585.126,717.825,69.7432,68.535,68.535,1,2,53.5353,15.0000
585.326,718.025,69.7391,68.535,68.535,1,2,53.5353,15.0000
585.526,718.225,69.7404,68.535,68.535,1,2,53.5353,15.0000
585.726,718.425,69.7495,68.535,68.535,1,2,53.5353,15.0000
585.926,718.626,69.7448,68.535,68.535,1,2,53.5353,15.0000
586.126,718.826,69.7487,68.535,68.535,1,2,53.5353,15.0000
586.326,719.026,69.7500,68.535,68.535,1,2,53.5353,15.0000
586.526,719.226,69.7656,68.535,68.535,1,2,53.5353,15.0000
586.726,719.426,69.7576,68.535,68.535,1,2,53.5353,15.0000
586.926,719.627,69.7764,68.535,68.535,1,2,53.5353,15.0000
587.126,719.827,69.7785,68.535,68.535,1,2,53.5353,15.0000
587.326,720.027,69.7812,68.535,68.535,1,2,53.5353,15.0000
587.526,720.227,69.7829,68.535,68.535,1,2,53.5353,15.0000
587.726,720.427,69.7904,68.535,68.535,1,2,53.5353,15.0000
587.926,720.628,69.7925,68.535,68.535,1,2,53.5353,15.0000
588.126,720.828,69.7834,68.535,68.535,1,2,53.5353,15.0000
588.326,721.028,69.8003,68.535,68.535,1,2,53.5353,15.0000
588.526,721.228,69.8065,68.535,68.535,1,2,53.5353,15.0000
588.726,721.428,69.8148,68.535,68.535,1,2,53.5353,15.0000
588.926,721.629,69.8132,68.535,68.535,1,2,53.5353,15.0000
589.126,721.829,69.8193,68.535,68.535,1,2,53.5353,15.0000
589.326,722.029,69.8276,68.535,68.535,1,2,53.5353,15.0000
589.526,722.229,69.8345,68.535,68.535,1,2,53.5353,15.0000
589.726,722.429,69.8322,68.535,68.535,1,2,53.5353,15.0000
589.927,722.630,69.8511,68.535,68.535,1,2,53.5353,15.0000
590.126,722.830,69.8490,68.535,68.535,1,2,53.5353,15.0000
590.326,723.030,69.8535,68.535,68.535,1,2,53.5353,15.0000
590.526,723.230,69.8667,68.535,68.535,1,2,53.5353,15.0000
590.726,723.430,69.8657,68.535,68.535,1,2,53.5353,15.0000
590.926,723.631,69.8696,68.535,68.535,1,2,53.5353,15.0000
591.126,723.831,69.8805,68.535,68.535,1,2,53.5353,15.0000
591.326,724.030,69.8859,68.535,68.535,1,2,53.5353,15.0000
591.526,724.231,69.8939,68.535,68.535,1,2,53.5353,15.0000
591.726,724.431,69.8994,68.535,68.535,1,2,53.5353,15.0000
591.926,724.632,69.9030,68.535,68.535,1,2,53.5353,15.0000
592.126,724.831,69.9072,68.535,68.535,1,2,53.5353,15.0000
592.326,725.032,69.9157,68.535,68.535,1,2,53.5353,15.0000
592.526,725.232,69.9232,68.535,68.535,1,2,53.5353,15.0000
592.726,725.432,69.9206,68.535,68.535,1,2,53.5353,15.0000
592.926,725.633,69.9316,68.535,68.535,1,2,53.5353,15.0000
593.126,725.833,69.9386,68.535,68.535,1,2,53.5353,15.0000
593.326,726.033,69.9434,68.535,68.535,1,2,53.5353,15.0000
593.526,726.233,69.9469,68.535,68.535,1,2,53.5353,15.0000
593.726,726.433,69.9645,68.535,68.535,1,2,53.5353,15.0000
593.926,726.633,69.9556,68.535,68.535,1,2,53.5353,15.0000
594.126,726.834,69.9683,68.535,68.535,1,2,53.5353,15.0000
594.326,727.033,69.9717,68.535,68.535,1,2,53.5353,15.0000
594.526,727.234,69.9679,68.535,68.535,1,2,53.5353,15.0000
594.726,727.434,69.9824,68.535,68.535,1,2,53.5353,15.0000
594.926,727.634,69.9897,68.535,68.535,1,2,53.5353,15.0000
595.126,727.835,69.9969,68.535,68.535,1,2,53.5353,15.0000
595.326,728.035,69.9948,68.535,68.535,1,2,53.5353,15.0000
595.526,728.235,70.0044,68.535,68.535,1,2,53.5353,15.0000
595.726,728.435,70.0137,68.535,68.535,1,2,53.5353,15.0000
595.926,728.635,70.0143,68.535,68.535,1,2,53.5353,15.0000
596.126,728.836,70.0111,68.535,68.535,1,2,53.5353,15.0000
596.326,729.037,70.0239,68.535,68.535,1,2,53.5353,15.0000
596.526,729.236,70.0355,68.535,68.535,1,2,53.5353,15.0000
596.726,729.436,70.0415,68.535,68.535,1,2,53.5353,15.0000
596.926,729.636,70.0399,68.535,68.535,1,2,53.5353,15.0000
597.126,729.837,70.0487,68.535,68.535,1,2,53.5353,15.0000
597.326,730.037,70.0581,68.535,68.535,1,2,53.5353,15.0000
597.526,730.237,70.0622,68.535,68.535,1,2,53.5353,15.0000
597.726,730.437,70.0714,68.535,68.535,1,2,53.5353,15.0000
597.926,730.637,70.0758,68.535,68.535,1,2,53.5353,15.0000
598.126,730.838,70.0793,68.535,68.535,1,2,53.5353,15.0000
598.326,731.038,70.0854,68.535,68.535,1,2,53.5353,15.0000
598.526,731.237,70.0884,68.535,68.535,1,2,53.5353,15.0000
598.726,731.438,70.0977,68.535,68.535,1,2,53.5353,15.0000
598.926,731.638,70.1009,68.535,68.535,1,2,53.5353,15.0000
599.126,731.839,70.1099,68.535,68.535,1,2,53.5353,15.0000
599.326,732.039,70.1240,68.535,68.535,1,2,53.5353,15.0000
599.526,732.239,70.1213,68.535,68.535,1,2,53.5353,15.0000
599.726,732.439,70.1255,68.535,68.535,1,2,53.5353,15.0000
599.926,732.639,70.1348,68.535,68.535,1,2,53.5353,15.0000
600.126,732.840,70.1504,68.535,68.535,1,2,53.5353,15.0000
600.326,733.039,70.1445,68.535,68.535,1,2,53.5353,15.0000
600.526,733.240,70.1522,68.535,68.535,1,2,53.5353,15.0000
600.726,733.440,70.1606,68.535,68.535,1,2,53.5353,15.0000
600.926,733.640,70.1712,68.535,68.535,1,2,53.5353,15.0000
601.126,733.841,70.1792,68.535,68.535,1,2,53.5353,15.0000
601.326,734.040,70.1787,68.535,68.535,1,2,53.5353,15.0000
601.526,734.241,70.1831,68.535,68.535,1,2,53.5353,15.0000
601.726,734.441,70.1961,68.535,68.535,1,2,53.5353,15.0000
601.926,734.641,70.2049,68.535,68.535,1,2,53.5353,15.0000
602.126,734.842,70.2016,68.535,68.535,1,2,53.5353,15.0000
602.326,735.042,70.2114,68.535,68.535,1,2,53.5353,15.0000
602.526,735.242,70.2087,68.535,68.535,1,2,53.5353,15.0000
602.726,735.442,70.2176,68.535,68.535,1,2,53.5353,15.0000
602.926,735.642,70.2295,68.535,68.535,1,2,53.5353,15.0000
603.126,735.842,70.2352,68.535,68.535,1,2,53.5353,15.0000
603.326,736.043,70.2490,68.535,68.535,1,2,53.5353,15.0000
603.526,736.243,70.2441,68.535,68.535,1,2,53.5353,15.0000
603.726,736.443,70.2480,68.535,68.535,1,2,53.5353,15.0000
603.926,736.643,70.2612,68.535,38.535,0,2,53.5353,15.0000
604.126,736.848,70.2575,38.535,38.535,0,2,53.5353,15.0000
604.326,737.045,70.2744,38.535,38.535,0,2,53.5353,15.0000
604.526,737.244,70.2931,38.535,38.535,0,2,53.5353,15.0000
604.726,737.444,70.2730,38.535,38.535,0,2,53.5353,15.0000
604.926,737.644,70.2884,38.535,38.535,0,2,53.5353,15.0000
605.126,737.844,70.3022,38.535,38.535,0,2,53.5353,15.0000
605.326,738.045,70.3003,38.535,38.535,0,2,53.5353,15.0000
605.526,738.245,70.3140,38.535,38.535,0,2,53.5353,15.0000
605.726,738.445,70.3161,38.535,38.535,0,2,53.5353,15.0000
605.926,738.645,70.3239,38.535,38.535,0,2,53.5353,15.0000
606.126,738.845,70.3276,38.535,38.535,0,2,53.5353,15.0000
606.326,739.046,70.3389,38.535,38.535,0,2,53.5353,15.0000
606.526,739.246,70.3472,38.535,38.535,0,2,53.5353,15.0000
606.726,739.446,70.3481,38.535,38.535,0,2,53.5353,15.0000
606.926,739.646,70.3530,38.535,38.535,0,2,53.5353,15.0000
607.126,739.846,70.3680,38.535,38.535,0,2,53.5353,15.0000
607.326,740.047,70.3732,38.535,38.535,0,2,53.5353,15.0000
607.526,740.247,70.3808,38.535,38.535,0,2,53.5353,15.0000
607.726,740.447,70.3867,38.535,38.535,0,2,53.5353,15.0000
607.926,740.647,70.3981,38.535,38.535,0,2,53.5353,15.0000
608.126,740.847,70.3952,38.535,38.535,0,2,53.5353,15.0000
608.326,741.048,70.4158,38.535,38.535,0,2,53.5353,15.0000
608.526,741.248,70.4199,38.535,38.535,0,2,53.5353,15.0000
608.726,741.448,70.4324,38.535,38.535,0,2,53.5353,15.0000
608.926,741.647,70.4356,38.535,38.535,0,2,53.5353,15.0000
609.126,741.848,70.4386,38.535,38.535,0,2,53.5353,15.0000
609.326,742.049,70.4508,38.535,38.535,0,2,53.5353,15.0000
609.526,742.248,70.4634,38.535,38.535,0,2,53.5353,15.0000
609.726,742.449,70.4648,38.535,38.535,0,2,53.5353,15.0000
609.926,742.649,70.4686,38.535,38.535,0,2,53.5353,15.0000
610.126,742.849,70.4741,38.535,38.535,0,2,53.5353,15.0000
610.326,743.050,70.4853,38.535,38.535,0,2,53.5353,15.0000
610.526,743.250,70.4971,38.535,38.535,0,2,53.5353,15.0000
610.726,743.450,70.4990,38.535,38.535,0,2,53.5353,15.0000
610.926,743.650,70.5063,38.535,38.535,0,2,53.5353,15.0000
611.126,743.850,70.5148,38.535,38.535,0,2,53.5353,15.0000
611.326,744.050,70.5184,38.535,38.535,0,2,53.5353,15.0000
611.526,744.251,70.5278,38.535,38.535,0,2,53.5353,15.0000
611.726,744.451,70.5324,38.535,38.535,0,2,53.5353,15.0000
611.926,744.651,70.5444,38.535,38.535,0,2,53.5353,15.0000
612.126,744.851,70.5475,38.535,38.535,0,2,53.5353,15.0000
612.326,745.051,70.5487,38.535,38.535,0,2,53.5353,15.0000
612.526,745.252,70.5552,38.535,38.535,0,2,53.5353,15.0000
612.726,745.452,70.5724,38.535,38.535,0,2,53.5353,15.0000
612.926,745.652,70.5698,38.535,38.535,0,2,53.5353,15.0000
613.126,745.852,70.5697,38.535,38.535,0,2,53.5353,15.0000
613.326,746.052,70.5817,38.535,38.535,0,2,53.5353,15.0000
613.526,746.253,70.5880,38.535,38.535,0,2,53.5353,15.0000
613.726,746.453,70.5967,38.535,38.535,0,2,53.5353,15.0000
613.926,746.653,70.6069,38.535,38.535,0,2,53.5353,15.0000
614.126,746.853,70.6113,38.535,38.535,0,2,53.5353,15.0000
614.326,747.053,70.6113,38.535,38.535,0,2,53.5353,15.0000
614.526,747.254,70.6289,38.535,38.535,0,2,53.5353,15.0000
614.726,747.453,70.6328,38.535,38.535,0,2,53.5353,15.0000
614.926,747.654,70.6471,38.535,38.535,0,2,53.5353,15.0000
615.126,747.854,70.6486,38.535,38.535,0,2,53.5353,15.0000
615.326,748.054,70.6543,38.535,38.535,0,2,53.5353,15.0000
615.526,748.255,70.6654,38.535,38.535,0,2,53.5353,15.0000
615.726,748.455,70.6684,38.535,38.535,0,2,53.5353,15.0000
615.926,748.655,70.6724,38.535,38.535,0,2,53.5353,15.0000
616.126,748.855,70.6821,38.535,38.535,0,2,53.5353,15.0000
616.326,749.055,70.6857,38.535,38.535,0,2,53.5353,15.0000
616.526,749.256,70.6964,38.535,38.535,0,2,53.5353,15.0000
616.726,749.456,70.7046,38.535,38.535,0,2,53.5353,15.0000
616.926,749.656,70.7085,38.535,38.535,0,2,53.5353,15.0000
617.127,749.856,70.7065,38.535,38.535,0,2,53.5353,15.0000
617.327,750.056,70.7215,38.535,38.535,0,2,53.5353,15.0000
617.526,750.256,70.7313,38.535,38.535,0,2,53.5353,15.0000
617.726,750.456,70.7301,38.535,38.535,0,2,53.5353,15.0000
617.926,750.657,70.7306,38.535,38.535,0,2,53.5353,15.0000
618.126,750.857,70.7407,38.535,38.535,0,2,53.5353,15.0000
618.326,751.057,70.7441,38.535,38.535,0,2,53.5353,15.0000
618.526,751.258,70.7524,38.535,38.535,0,2,53.5353,15.0000
618.726,751.458,70.7544,38.535,38.535,0,2,53.5353,15.0000
618.926,751.658,70.7590,38.535,38.535,0,2,53.5353,15.0000
619.126,751.858,70.7671,38.535,38.535,0,2,53.5353,15.0000
619.326,752.058,70.7710,38.535,38.535,0,2,53.5353,15.0000
619.526,752.258,70.7764,38.535,38.535,0,2,53.5353,15.0000
619.726,752.459,70.7744,38.535,38.535,0,2,53.5353,15.0000
619.926,752.659,70.7812,38.535,38.535,0,2,53.5353,15.0000
620.126,752.859,70.7876,38.535,38.535,0,2,53.5353,15.0000
620.326,753.059,70.7912,38.535,38.535,0,2,53.5353,15.0000
620.526,753.259,70.7992,38.535,38.535,0,2,53.5353,15.0000
620.726,753.460,70.8048,38.535,38.535,0,2,53.5353,15.0000
620.926,753.660,70.8092,38.535,38.535,0,2,53.5353,15.0000
621.126,753.860,70.8159,38.535,38.535,0,2,53.5353,15.0000
621.326,754.060,70.8105,38.535,38.535,0,2,53.5353,15.0000
621.526,754.260,70.8198,38.535,38.535,0,2,53.5353,15.0000
621.726,754.461,70.8244,38.535,38.535,0,2,53.5353,15.0000
621.926,754.661,70.8296,38.535,38.535,0,2,53.5353,15.0000
622.126,754.861,70.8384,38.535,38.535,0,2,53.5353,15.0000
622.326,755.061,70.8348,38.535,38.535,0,2,53.5353,15.0000
622.526,755.260,70.8364,38.535,38.535,0,2,53.5353,15.0000
622.726,755.461,70.8481,38.535,38.535,0,2,53.5353,15.0000
622.926,755.661,70.8468,38.535,38.535,0,2,53.5353,15.0000
623.126,755.862,70.8548,38.535,38.535,0,2,53.5353,15.0000
623.326,756.062,70.8569,38.535,38.535,0,2,53.5353,15.0000
623.526,756.262,70.8696,38.535,38.535,0,2,53.5353,15.0000
623.726,756.463,70.8698,38.535,38.535,0,2,53.5353,15.0000
623.926,756.663,70.8747,38.535,38.535,0,2,53.5353,15.0000
624.126,756.863,70.8822,38.535,38.535,0,2,53.5353,15.0000
624.326,757.063,70.8804,38.535,38.535,0,2,53.5353,15.0000
624.526,757.263,70.8918,38.535,38.535,0,2,53.5353,15.0000
624.726,757.464,70.8843,38.535,38.535,0,2,53.5353,15.0000
624.926,757.664,70.8901,38.535,38.535,0,2,53.5353,15.0000
625.126,757.864,70.8936,38.535,38.535,0,2,53.5353,15.0000
625.326,758.064,70.9046,38.535,38.535,0,2,53.5353,15.0000
625.526,758.264,70.9004,38.535,38.535,0,2,53.5353,15.0000
625.726,758.465,70.9062,38.535,38.535,0,2,53.5353,15.0000
625.926,758.664,70.9160,38.535,38.535,0,2,53.5353,15.0000
626.126,758.865,70.9175,38.535,38.535,0,2,53.5353,15.0000
626.326,759.065,70.9175,38.535,38.535,0,2,53.5353,15.0000
626.526,759.265,70.9253,38.535,38.535,0,2,53.5353,15.0000
626.726,759.466,70.9181,38.535,38.535,0,2,53.5353,15.0000
626.926,759.665,70.9251,38.535,38.535,0,2,53.5353,15.0000
627.126,759.866,70.9297,38.535,38.535,0,2,53.5353,15.0000
627.326,760.066,70.9338,38.535,38.535,0,2,53.5353,15.0000
627.526,760.266,70.9344,38.535,38.535,0,2,53.5353,15.0000
627.726,760.467,70.9390,38.535,38.535,0,2,53.5353,15.0000
627.926,760.667,70.9399,38.535,38.535,0,2,53.5353,15.0000
628.126,760.867,70.9474,38.535,38.535,0,2,53.5353,15.0000
628.326,761.067,70.9464,38.535,38.535,0,2,53.5353,15.0000
628.526,761.267,70.9492,38.535,38.535,0,2,53.5353,15.0000
628.726,761.467,70.9546,38.535,38.535,0,2,53.5353,15.0000
628.926,761.668,70.9487,38.535,38.535,0,2,53.5353,15.0000
629.126,761.868,70.9541,38.535,38.535,0,2,53.5353,15.0000
629.326,762.068,70.9536,38.535,38.535,0,2,53.5353,15.0000
629.526,762.268,70.9575,38.535,38.535,0,2,53.5353,15.0000
629.726,762.468,70.9557,38.535,38.535,0,2,53.5353,15.0000
629.926,762.669,70.9644,38.535,38.535,0,2,53.5353,15.0000
630.126,762.869,70.9629,38.535,38.535,0,2,53.5353,15.0000
630.326,763.069,70.9653,38.535,38.535,0,2,53.5353,15.0000
630.526,763.269,70.9683,38.535,38.535,0,2,53.5353,15.0000
630.726,763.469,70.9726,38.535,38.535,0,2,53.5353,15.0000
630.926,763.670,70.9598,38.535,38.535,0,2,53.5353,15.0000
631.126,763.870,70.9629,38.535,38.535,0,2,53.5353,15.0000
631.326,764.070,70.9730,38.535,38.535,0,2,53.5353,15.0000
631.526,764.270,70.9766,38.535,38.535,0,2,53.5353,15.0000
631.726,764.470,70.9722,38.535,38.535,0,2,53.5353,15.0000
631.926,764.671,70.9751,38.535,38.535,0,2,53.5353,15.0000
632.326,764.871,70.9736,38.535,38.535,0,2,53.5353,15.0000
632.526,765.071,70.9840,38.535,38.535,0,2,53.5353,15.0000
632.726,765.271,70.9764,38.535,38.535,0,2,53.5353,15.0000
632.926,765.471,70.9787,38.535,38.535,0,2,53.5353,15.0000
633.126,765.671,70.9917,38.535,38.535,0,2,53.5353,15.0000
633.326,765.872,70.9842,38.535,38.535,0,2,53.5353,15.0000
633.526,766.072,70.9715,38.535,38.535,0,2,53.5353,15.0000
633.726,766.272,70.9761,38.535,38.535,0,2,53.5353,15.0000
633.926,766.472,70.9834,38.535,38.535,0,2,53.5353,15.0000
634.126,766.673,70.9849,38.535,38.535,0,2,53.5353,15.0000
634.326,766.873,70.9893,38.535,38.535,0,2,53.5353,15.0000
634.526,767.073,70.9826,38.535,38.535,0,2,53.5353,15.0000
634.726,767.273,70.9928,38.535,38.535,0,2,53.5353,15.0000
634.926,767.473,70.9922,38.535,38.535,0,2,53.5353,15.0000
635.126,767.674,70.9785,38.535,38.535,0,2,53.5353,15.0000
635.326,767.874,70.9850,38.535,38.535,0,2,53.5353,15.0000
635.526,768.074,70.9959,38.535,38.535,0,2,53.5353,15.0000
635.726,768.274,70.9902,38.535,38.535,0,2,53.5353,15.0000
635.926,768.474,70.9915,38.535,38.535,0,2,53.5353,15.0000
636.226,768.675,70.9945,38.535,38.535,0,2,53.5353,15.0000
636.226,768.875,70.9987,38.535,38.535,0,2,53.5353,15.0000
636.426,769.075,70.9936,38.535,38.535,0,2,53.5353,15.0000
636.631,769.275,70.9936,38.535,38.535,0,2,53.5353,15.0000
636.826,769.475,70.9936,38.535,38.535,0,2,53.5353,15.0000
637.026,769.675,70.9878,38.535,38.535,0,2,53.5353,15.0000
637.226,769.876,70.9928,38.535,38.535,0,2,53.5353,15.0000
637.426,770.076,70.9941,38.535,38.535,0,2,53.5353,15.0000
637.626,770.276,70.9910,38.535,38.535,0,2,53.5353,15.0000
637.831,770.476,70.9888,38.535,38.535,0,2,53.5353,15.0000
638.031,770.676,70.9936,38.535,38.535,0,2,53.5353,15.0000
638.239,770.878,70.9951,38.535,38.535,0,2,53.5353,15.0000
638.438,771.077,71.0063,38.535,38.535,0,2,53.5353,15.0000
638.626,771.277,71.0028,38.535,38.535,0,2,53.5353,15.0000
638.859,771.477,70.9995,38.535,38.535,0,2,53.5353,15.0000
639.026,771.677,70.9951,38.535,38.535,0,2,53.5353,15.0000
639.226,771.878,70.9967,38.535,38.535,0,2,53.5353,15.0000
639.426,772.077,70.9922,38.535,38.535,0,2,53.5353,15.0000
639.626,772.278,70.9980,38.535,38.535,0,2,53.5353,15.0000
639.826,772.478,70.9936,38.535,38.535,0,2,53.5353,15.0000
640.026,772.678,71.0018,38.535,38.535,0,2,53.5353,15.0000
640.226,772.879,70.9956,38.535,38.535,0,2,53.5353,15.0000
640.426,773.079,70.9915,38.535,38.535,0,2,53.5353,15.0000
640.626,773.279,71.0020,38.535,38.535,0,2,53.5353,15.0000
640.826,773.479,70.9943,38.535,38.535,0,2,53.5353,15.0000
641.026,773.679,70.9946,38.535,38.535,0,2,53.5353,15.0000
641.226,773.881,70.9928,38.535,38.535,0,2,53.5353,15.0000
641.426,774.080,70.9945,38.535,38.535,0,2,53.5353,15.0000
641.637,774.280,70.9945,38.535,38.535,0,2,53.5353,15.0000
641.845,774.480,70.9979,38.535,38.535,0,2,53.5353,15.0000
642.026,774.680,70.9943,38.535,38.535,0,2,53.5353,15.0000
642.226,774.881,70.9935,38.535,38.535,0,2,53.5353,15.0000
642.426,775.081,70.9972,38.535,38.535,0,2,53.5353,15.0000
642.626,775.281,70.9917,38.535,38.535,0,2,53.5353,15.0000
642.826,775.481,70.9948,38.535,38.535,0,2,53.5353,15.0000
643.026,775.681,70.9936,38.535,38.535,0,2,53.5353,15.0000
643.226,775.882,70.9914,38.535,38.535,0,2,53.5353,15.0000
643.426,776.081,70.9893,38.535,38.535,0,2,53.5353,15.0000
643.626,776.282,70.9932,38.535,38.535,0,2,53.5353,15.0000
643.826,776.482,70.9849,38.535,38.535,0,2,53.5353,15.0000
644.026,776.682,70.9709,38.535,38.535,0,2,53.5353,15.0000
644.236,776.883,70.9888,38.535,38.535,0,2,53.5353,15.0000
644.453,777.083,70.9849,38.535,38.535,0,2,53.5353,15.0000
644.645,777.283,70.9827,38.535,38.535,0,2,53.5353,15.0000
644.826,777.482,70.9756,38.535,38.535,0,2,53.5353,15.0000
645.026,777.683,70.9784,38.535,38.535,0,2,53.5353,15.0000
645.226,777.883,70.9784,38.535,38.535,0,2,53.5353,15.0000
645.426,778.084,70.9720,38.535,38.535,0,2,53.5353,15.0000
645.626,778.284,70.9748,38.535,38.535,0,2,53.5353,15.0000
645.835,778.484,70.9795,38.535,38.535,0,2,53.5353,15.0000
646.045,778.684,70.9779,38.535,38.535,0,2,53.5353,15.0000
646.226,778.885,70.9770,38.535,38.535,0,2,53.5353,15.0000
646.426,779.085,70.9694,38.535,38.535,0,2,53.5353,15.0000
646.626,779.285,70.9707,38.535,38.535,0,2,53.5353,15.0000
646.826,779.485,70.9663,38.535,38.535,0,2,53.5353,15.0000
647.026,779.685,70.9683,38.535,38.535,0,2,53.5353,15.0000
647.226,779.885,70.9699,38.535,38.535,0,2,53.5353,15.0000
647.426,780.087,70.9619,38.535,38.535,0,2,53.5353,15.0000
647.626,780.286,70.9609,38.535,38.535,0,2,53.5353,15.0000
647.826,780.486,70.9626,38.535,38.535,0,2,53.5353,15.0000
648.026,780.686,70.9575,38.535,38.535,0,2,53.5353,15.0000
648.226,780.886,70.9575,38.535,38.535,0,2,53.5353,15.0000
648.426,781.087,70.9565,38.535,38.535,0,2,53.5353,15.0000
648.626,781.287,70.9549,38.535,38.535,0,2,53.5353,15.0000
648.826,781.486,70.9474,38.535,38.535,0,2,53.5353,15.0000
649.043,781.687,70.9448,38.535,38.535,0,2,53.5353,15.0000
649.239,781.887,70.9478,38.535,38.535,0,2,53.5353,15.0000
649.443,782.088,70.9434,38.535,38.535,0,2,53.5353,15.0000
649.626,782.288,70.9425,38.535,38.535,0,2,53.5353,15.0000
649.845,782.488,70.9404,38.535,38.535,0,2,53.5353,15.0000
650.042,782.688,70.9263,38.535,38.535,0,2,53.5353,15.0000
650.226,782.889,70.9305,38.535,38.535,0,2,53.5353,15.0000
650.426,783.089,70.9290,38.535,38.535,0,2,53.5353,15.0000
650.626,783.289,70.9302,38.535,38.535,0,2,53.5353,15.0000
650.826,783.489,70.9324,38.535,38.535,0,2,53.5353,15.0000
651.026,783.689,70.9316,38.535,38.535,0,2,53.5353,15.0000
651.226,783.889,70.9232,38.535,38.535,0,2,53.5353,15.0000
651.426,784.090,70.9165,38.535,38.535,0,2,53.5353,15.0000
651.626,784.289,70.9092,38.535,38.535,0,2,53.5353,15.0000
651.828,784.490,70.9150,38.535,38.535,0,2,53.5353,15.0000
652.027,784.690,70.9087,38.535,38.535,0,2,53.5353,15.0000
652.225,784.890,70.9102,38.535,38.535,0,2,53.5353,15.0000
652.426,785.091,70.9087,38.535,38.535,0,2,53.5353,15.0000
652.626,785.290,70.9001,38.535,38.535,0,2,53.5353,15.0000
652.826,785.491,70.9028,38.535,38.535,0,2,53.5353,15.0000
653.026,785.691,70.8973,38.535,38.535,0,2,53.5353,15.0000
653.226,785.891,70.8945,38.535,38.535,0,2,53.5353,15.0000
653.425,786.092,70.8981,38.535,38.535,0,2,53.5353,15.0000
653.625,786.292,70.8931,38.535,38.535,0,2,53.5353,15.0000
653.826,786.492,70.8836,38.535,38.535,0,2,53.5353,15.0000
654.025,786.693,70.8913,38.535,38.535,0,2,53.5353,15.0000
654.226,786.892,70.8840,38.535,38.535,0,2,53.5353,15.0000
654.426,787.092,70.8818,38.535,38.535,0,2,53.5353,15.0000
654.626,787.293,70.8678,38.535,38.535,0,2,53.5353,15.0000
654.826,787.493,70.8724,38.535,38.535,0,2,53.5353,15.0000
655.026,787.693,70.8729,38.535,38.535,0,2,53.5353,15.0000
655.226,787.894,70.8677,38.535,38.535,0,2,53.5353,15.0000
655.426,788.093,70.8599,38.535,38.535,0,2,53.5353,15.0000
655.742,788.294,70.8594,38.535,38.535,0,2,53.5353,15.0000
656.026,788.494,70.8610,38.535,38.535,0,2,53.5353,15.0000
656.026,788.694,70.8491,38.535,38.535,0,2,53.5353,15.0000
656.251,788.894,70.8538,38.535,38.535,0,2,53.5353,15.0000
656.450,789.094,70.8540,38.535,38.535,0,2,53.5353,15.0000
656.626,789.295,70.8509,38.535,38.535,0,2,53.5353,15.0000
656.849,789.495,70.8481,38.535,38.535,0,2,53.5353,15.0000
657.026,789.694,70.8509,38.535,38.535,0,2,53.5353,15.0000
657.226,789.895,70.8465,38.535,38.535,0,2,53.5353,15.0000
657.425,790.095,70.8311,38.535,38.535,0,2,53.5353,15.0000
657.625,790.296,70.8397,38.535,38.535,0,2,53.5353,15.0000
657.826,790.496,70.8403,38.535,38.535,0,2,53.5353,15.0000
658.026,790.696,70.8185,38.535,38.535,0,2,53.5353,15.0000
658.226,790.896,70.8258,38.535,38.535,0,2,53.5353,15.0000
658.426,791.096,70.8223,38.535,38.535,0,2,53.5353,15.0000
658.626,791.296,70.8159,38.535,38.535,0,2,53.5353,15.0000
658.826,791.497,70.8185,38.535,38.535,0,2,53.5353,15.0000
659.026,791.697,70.8200,38.535,38.535,0,2,53.5353,15.0000
659.225,791.897,70.8138,38.535,38.535,0,2,53.5353,15.0000
659.426,792.097,70.8130,38.535,38.535,0,2,53.5353,15.0000
659.626,792.298,70.7993,38.535,38.535,0,2,53.5353,15.0000
659.825,792.498,70.8062,38.535,38.535,0,2,53.5353,15.0000
660.026,792.698,70.8029,38.535,38.535,0,2,53.5353,15.0000
660.225,792.898,70.8042,38.535,38.535,0,2,53.5353,15.0000
660.426,793.098,70.7949,38.535,38.535,0,2,53.5353,15.0000
660.626,793.299,70.7920,38.535,38.535,0,2,53.5353,15.0000
660.826,793.498,70.7886,38.535,38.535,0,2,53.5353,15.0000
661.037,793.699,70.7821,38.535,38.535,0,2,53.5353,15.0000
661.228,793.898,70.7795,38.535,38.535,0,2,53.5353,15.0000
661.426,794.099,70.7817,38.535,38.535,0,2,53.5353,15.0000
661.626,794.300,70.7834,38.535,38.535,0,2,53.5353,15.0000
661.826,794.500,70.7676,38.535,38.535,0,2,53.5353,15.0000
662.080,794.700,70.7733,38.535,38.535,0,2,53.5353,15.0000
662.248,794.900,70.7676,38.535,38.535,0,2,53.5353,15.0000
662.428,795.100,70.7720,38.535,38.535,0,2,53.5353,15.0000
662.626,795.300,70.7645,38.535,38.535,0,2,53.5353,15.0000
662.826,795.501,70.7578,38.535,38.535,0,2,53.5353,15.0000
663.511,795.701,70.7552,38.535,38.535,0,2,53.5353,15.0000
663.511,795.901,70.7505,38.535,38.535,0,2,53.5353,15.0000
663.511,796.101,70.7495,38.535,38.535,0,2,53.5353,15.0000
663.642,796.301,70.7539,38.535,38.535,0,2,53.5353,15.0000
663.826,796.502,70.7362,38.535,38.535,0,2,53.5353,15.0000
664.025,796.702,70.7363,38.535,38.535,0,2,53.5353,15.0000
664.314,796.902,70.7393,38.535,38.535,0,2,53.5353,15.0000
664.461,797.102,70.7342,38.535,38.535,0,2,53.5353,15.0000
664.651,797.302,70.7269,38.535,38.535,0,2,53.5353,15.0000
664.835,797.503,70.7217,38.535,38.535,0,2,53.5353,15.0000
665.025,797.703,70.7256,38.535,38.535,0,2,53.5353,15.0000
665.226,797.903,70.7122,38.535,38.535,0,2,53.5353,15.0000
665.425,798.103,70.7137,38.535,38.535,0,2,53.5353,15.0000
665.626,798.303,70.7161,38.535,38.535,0,2,53.5353,15.0000
665.825,798.504,70.7147,38.535,38.535,0,2,53.5353,15.0000
666.026,798.704,70.6986,38.535,38.535,0,2,53.5353,15.0000
666.226,798.904,70.7122,38.535,38.535,0,2,53.5353,15.0000
666.425,799.104,70.7085,38.535,38.535,0,2,53.5353,15.0000
666.811,799.304,70.6977,38.535,38.535,0,2,53.5353,15.0000
666.811,799.505,70.6977,38.535,38.535,0,2,53.5353,15.0000
667.126,799.705,70.6908,38.535,38.535,0,2,53.5353,15.0000
667.326,799.905,70.6854,38.535,38.535,0,2,53.5353,15.0000
667.526,800.105,70.6930,38.535,38.535,0,2,53.5353,15.0000
667.726,800.305,70.6737,38.535,38.535,0,2,53.5353,15.0000
667.926,800.505,70.6784,38.535,38.535,0,2,53.5353,15.0000
668.126,800.706,70.6751,38.535,38.535,0,2,53.5353,15.0000
668.327,800.906,70.6693,38.535,38.535,0,2,53.5353,15.0000
668.527,801.106,70.6680,38.535,38.535,0,2,53.5353,15.0000
668.727,801.306,70.6724,38.535,38.535,0,2,53.5353,15.0000
668.927,801.507,70.6684,38.535,38.535,0,2,53.5353,15.0000
669.127,801.706,70.6618,38.535,38.535,0,2,53.5353,15.0000
669.327,801.907,70.6481,38.535,38.535,0,2,53.5353,15.0000
669.526,802.107,70.6582,38.535,38.535,0,2,53.5353,15.0000
669.727,802.307,70.6514,38.535,38.535,0,2,53.5353,15.0000
669.926,802.508,70.6380,38.535,38.535,0,2,53.5353,15.0000
670.127,802.708,70.6401,38.535,38.535,0,2,53.5353,15.0000
670.327,802.908,70.6370,38.535,38.535,0,2,53.5353,15.0000
670.527,803.108,70.6442,38.535,38.535,0,2,53.5353,15.0000
670.726,803.308,70.6304,38.535,38.535,0,2,53.5353,15.0000
670.927,803.508,70.6224,38.535,38.535,0,2,53.5353,15.0000
671.127,803.709,70.6245,38.535,38.535,0,2,53.5353,15.0000
671.326,803.909,70.6240,38.535,38.535,0,2,53.5353,15.0000
671.527,804.109,70.6172,38.535,38.535,0,2,53.5353,15.0000
671.727,804.309,70.6136,38.535,38.535,0,2,53.5353,15.0000
671.926,804.509,70.6182,38.535,38.535,0,2,53.5353,15.0000
672.127,804.710,70.6001,38.535,38.535,0,2,53.5353,15.0000
672.327,804.910,70.6020,38.535,38.535,0,2,53.5353,15.0000
672.526,805.110,70.6024,38.535,38.535,0,2,53.5353,15.0000
672.727,805.310,70.5913,38.535,38.535,0,2,53.5353,15.0000
672.927,805.510,70.5866,38.535,38.535,0,2,53.5353,15.0000
673.127,805.711,70.5840,38.535,38.535,0,2,53.5353,15.0000
673.327,805.911,70.5918,38.535,38.535,0,2,53.5353,15.0000
673.527,806.111,70.5835,38.535,38.535,0,2,53.5353,15.0000
673.726,806.311,70.5806,38.535,38.535,0,2,53.5353,15.0000
673.927,806.511,70.5806,38.535,38.535,0,2,53.5353,15.0000
674.127,806.712,70.5802,38.535,38.535,0,2,53.5353,15.0000
674.326,806.912,70.5729,38.535,38.535,0,2,53.5353,15.0000
674.527,807.112,70.5721,38.535,38.535,0,2,53.5353,15.0000
674.727,807.312,70.5693,38.535,38.535,0,2,53.5353,15.0000
674.927,807.512,70.5628,38.535,38.535,0,2,53.5353,15.0000
675.127,807.713,70.5571,38.535,38.535,0,2,53.5353,15.0000
675.326,807.913,70.5659,38.535,38.535,0,2,53.5353,15.0000
675.527,808.113,70.5632,38.535,38.535,0,2,53.5353,15.0000
675.726,808.313,70.5508,38.535,38.535,0,2,53.5353,15.0000
675.926,808.513,70.5514,38.535,38.535,0,2,53.5353,15.0000
676.127,808.714,70.5410,38.535,38.535,0,2,53.5353,15.0000
676.327,808.913,70.5475,38.535,38.535,0,2,53.5353,15.0000
676.527,809.114,70.5405,38.535,38.535,0,2,53.5353,15.0000
676.726,809.314,70.5391,38.535,38.535,0,2,53.5353,15.0000
676.926,809.514,70.5392,38.535,38.535,0,2,53.5353,15.0000
677.126,809.715,70.5399,38.535,38.535,0,2,53.5353,15.0000
677.340,809.914,70.5363,38.535,38.535,0,2,53.5353,15.0000
677.526,810.115,70.5352,38.535,38.535,0,2,53.5353,15.0000
677.727,810.315,70.5249,38.535,38.535,0,2,53.5353,15.0000
677.926,810.515,70.5231,38.535,38.535,0,2,53.5353,15.0000
678.126,810.716,70.5298,38.535,38.535,0,2,53.5353,15.0000
678.326,810.915,70.5176,38.535,38.535,0,2,53.5353,15.0000
678.526,811.116,70.5194,38.535,38.535,0,2,53.5353,15.0000
678.726,811.316,70.5156,38.535,38.535,0,2,53.5353,15.0000
678.926,811.516,70.5145,38.535,38.535,0,2,53.5353,15.0000
679.126,811.717,70.5145,38.535,38.535,0,2,53.5353,15.0000
679.326,811.917,70.5099,38.535,38.535,0,2,53.5353,15.0000
679.526,812.117,70.4997,38.535,38.535,0,2,53.5353,15.0000
679.726,812.317,70.5098,38.535,38.535,0,2,53.5353,15.0000
679.926,812.517,70.5016,38.535,38.535,0,2,53.5353,15.0000
680.126,812.717,70.5090,38.535,38.535,0,2,53.5353,15.0000
680.326,812.918,70.5018,38.535,38.535,0,2,53.5353,15.0000
680.526,813.118,70.4774,38.535,38.535,0,2,53.5353,15.0000
680.726,813.318,70.5024,38.535,38.535,0,2,53.5353,15.0000
680.926,813.518,70.5039,38.535,38.535,0,2,53.5353,15.0000
681.126,813.718,70.4927,38.535,38.535,0,2,53.5353,15.0000
681.326,813.919,70.4914,38.535,38.535,0,2,53.5353,15.0000
681.526,814.119,70.4936,38.535,38.535,0,2,53.5353,15.0000
681.726,814.319,70.4982,38.535,38.535,0,2,53.5353,15.0000
681.926,814.519,70.4917,38.535,38.535,0,2,53.5353,15.0000
682.126,814.719,70.4907,38.535,38.535,0,2,53.5353,15.0000
682.326,814.920,70.4910,38.535,38.535,0,2,53.5353,15.0000
682.526,815.120,70.4924,38.535,38.535,0,2,53.5353,15.0000
682.726,815.320,70.4836,38.535,38.535,0,2,53.5353,15.0000
682.926,815.520,70.4881,38.535,38.535,0,2,53.5353,15.0000
683.126,815.720,70.4878,38.535,38.535,0,2,53.5353,15.0000
683.326,815.921,70.4795,38.535,38.535,0,2,53.5353,15.0000
683.526,816.121,70.4795,38.535,38.535,0,2,53.5353,15.0000
683.726,816.321,70.4715,38.535,38.535,0,2,53.5353,15.0000
683.926,816.521,70.4730,38.535,38.535,0,2,53.5353,15.0000
684.126,816.721,70.4718,38.535,38.535,0,2,53.5353,15.0000
684.326,816.922,70.4683,38.535,38.535,0,2,53.5353,15.0000
684.526,817.122,70.4666,38.535,38.535,0,2,53.5353,15.0000
684.726,817.322,70.4585,38.535,38.535,0,2,53.5353,15.0000
684.926,817.522,70.4617,38.535,38.535,0,2,53.5353,15.0000
685.127,817.722,70.4705,38.535,38.535,0,2,53.5353,15.0000
685.327,817.923,70.4647,38.535,38.535,0,2,53.5353,15.0000
685.527,818.123,70.4508,38.535,38.535,0,2,53.5353,15.0000
685.727,818.323,70.4525,38.535,38.535,0,2,53.5353,15.0000
685.927,818.523,70.4531,38.535,38.535,0,2,53.5353,15.0000
686.127,818.723,70.4604,38.535,38.535,0,2,53.5353,15.0000
686.327,818.924,70.4414,38.535,38.535,0,2,53.5353,15.0000
686.527,819.123,70.4414,38.535,38.535,0,2,53.5353,15.0000
686.727,819.324,70.4388,38.535,38.535,0,2,53.5353,15.0000
686.927,819.523,70.4409,38.535,38.535,0,2,53.5353,15.0000
687.127,819.724,70.4219,38.535,38.535,0,2,53.5353,15.0000
687.327,819.925,70.4346,38.535,38.535,0,2,53.5353,15.0000
687.527,820.125,70.4390,38.535,38.535,0,2,53.5353,15.0000
687.727,820.325,70.4282,38.535,38.535,0,2,53.5353,15.0000
687.926,820.525,70.4326,38.535,38.535,0,2,53.5353,15.0000
688.127,820.725,70.4310,38.535,38.535,0,2,53.5353,15.0000
688.326,820.925,70.4126,38.535,38.535,0,2,53.5353,15.0000
688.527,821.126,70.4102,38.535,38.535,0,2,53.5353,15.0000
688.727,821.326,70.4040,38.535,38.535,0,2,53.5353,15.0000
688.927,821.526,70.4097,38.535,38.535,0,2,53.5353,15.0000
689.127,821.726,70.4023,38.535,38.535,0,2,53.5353,15.0000
689.327,821.926,70.4001,38.535,38.535,0,2,53.5353,15.0000
689.527,822.127,70.3892,38.535,38.535,0,2,53.5353,15.0000
689.726,822.326,70.3950,38.535,38.535,0,2,53.5353,15.0000
689.927,822.526,70.3916,38.535,38.535,0,2,53.5353,15.0000
690.127,822.727,70.3828,38.535,38.535,0,2,53.5353,15.0000
690.326,822.927,70.3823,38.535,38.535,0,2,53.5353,15.0000
690.527,823.128,70.3734,38.535,38.535,0,2,53.5353,15.0000
690.727,823.328,70.3722,38.535,38.535,0,2,53.5353,15.0000
690.926,823.528,70.3714,38.535,38.535,0,2,53.5353,15.0000
691.127,823.728,70.3734,38.535,38.535,0,2,53.5353,15.0000
691.327,823.928,70.3670,38.535,38.535,0,2,53.5353,15.0000
691.527,824.129,70.3564,38.535,38.535,0,2,53.5353,15.0000
691.726,824.329,70.3600,38.535,38.535,0,2,53.5353,15.0000
691.926,824.528,70.3472,38.535,38.535,0,2,53.5353,15.0000
692.127,824.729,70.3535,38.535,38.535,0,2,53.5353,15.0000
692.327,824.929,70.3543,38.535,38.535,0,2,53.5353,15.0000
692.527,825.130,70.3459,38.535,38.535,0,2,53.5353,15.0000
692.727,825.330,70.3486,38.535,38.535,0,2,53.5353,15.0000
692.927,825.530,70.3413,38.535,38.535,0,2,53.5353,15.0000
693.127,825.730,70.3374,38.535,38.535,0,2,53.5353,15.0000
693.327,825.930,70.3335,38.535,38.535,0,2,53.5353,15.0000
693.527,826.131,70.3325,38.535,38.535,0,2,53.5353,15.0000
693.727,826.331,70.3286,38.535,38.535,0,2,53.5353,15.0000
693.927,826.531,70.3325,38.535,38.535,0,2,53.5353,15.0000
694.127,826.731,70.3247,38.535,38.535,0,2,53.5353,15.0000
694.326,826.931,70.3200,38.535,38.535,0,2,53.5353,15.0000
694.527,827.132,70.3257,38.535,38.535,0,2,53.5353,15.0000
694.727,827.331,70.3257,38.535,38.535,0,2,53.5353,15.0000
694.927,827.531,70.3203,38.535,38.535,0,2,53.5353,15.0000
695.126,827.732,70.3174,38.535,38.535,0,2,53.5353,15.0000
695.327,827.932,70.3135,38.535,38.535,0,2,53.5353,15.0000
695.527,828.133,70.3143,38.535,38.535,0,2,53.5353,15.0000
695.727,828.333,70.3104,38.535,38.535,0,2,53.5353,15.0000
695.927,828.533,70.3092,38.535,38.535,0,2,53.5353,15.0000
696.127,828.733,70.3073,38.535,38.535,0,2,53.5353,15.0000
696.327,828.933,70.3114,38.535,38.535,0,2,53.5353,15.0000
696.527,829.133,70.3032,38.535,38.535,0,2,53.5353,15.0000
696.727,829.334,70.3008,38.535,38.535,0,2,53.5353,15.0000
696.927,829.534,70.2969,38.535,38.535,0,2,53.5353,15.0000
697.127,829.734,70.2951,38.535,38.535,0,2,53.5353,15.0000
697.327,829.934,70.3011,38.535,38.535,0,2,53.5353,15.0000
697.527,830.134,70.2978,38.535,38.535,0,2,53.5353,15.0000
697.727,830.335,70.2868,38.535,38.535,0,2,53.5353,15.0000
697.927,830.535,70.2856,38.535,38.535,0,2,53.5353,15.0000
698.127,830.735,70.2821,38.535,38.535,0,2,53.5353,15.0000
698.327,830.935,70.2847,38.535,38.535,0,2,53.5353,15.0000
698.527,831.135,70.2842,38.535,38.535,0,2,53.5353,15.0000
698.727,831.336,70.2863,38.535,38.535,0,2,53.5353,15.0000
698.927,831.536,70.2812,38.535,38.535,0,2,53.5353,15.0000
699.127,831.736,70.2835,38.535,38.535,0,2,53.5353,15.0000
699.327,831.936,70.2723,38.535,38.535,0,2,53.5353,15.0000
699.526,832.136,70.2889,38.535,38.535,0,2,53.5353,15.0000
699.727,832.337,70.2778,38.535,38.535,0,2,53.5353,15.0000
699.927,832.537,70.2757,38.535,38.535,0,2,53.5353,15.0000
700.127,832.737,70.2756,38.535,38.535,0,2,53.5353,15.0000
700.327,832.937,70.2676,38.535,38.535,0,2,53.5353,15.0000
700.526,833.137,70.2756,38.535,38.535,0,2,53.5353,15.0000
700.727,833.338,70.2689,38.535,38.535,0,2,53.5353,15.0000
700.927,833.538,70.2689,38.535,38.535,0,2,53.5353,15.0000
701.127,833.738,70.2648,38.535,38.535,0,2,53.5353,15.0000
701.327,833.938,70.2524,38.535,38.535,0,2,53.5353,15.0000
701.527,834.138,70.2659,38.535,38.535,0,2,53.5353,15.0000
701.727,834.339,70.2629,38.535,38.535,0,2,53.5353,15.0000
701.927,834.539,70.2617,38.535,38.535,0,2,53.5353,15.0000
702.127,834.739,70.2557,38.535,38.535,0,2,53.5353,15.0000
702.327,834.939,70.2593,38.535,38.535,0,2,53.5353,15.0000
702.527,835.139,70.2562,38.535,38.535,0,2,53.5353,15.0000
702.727,835.340,70.2520,38.535,38.535,0,2,53.5353,15.0000
702.927,835.539,70.2510,38.535,38.535,0,2,53.5353,15.0000
703.127,835.740,70.2590,38.535,38.535,0,2,53.5353,15.0000
703.327,835.940,70.2524,38.535,38.535,0,2,53.5353,15.0000
703.527,836.140,70.2502,38.535,38.535,0,2,53.5353,15.0000
703.727,836.341,70.2500,38.535,38.535,0,2,53.5353,15.0000
703.927,836.540,70.2583,38.535,38.535,0,2,53.5353,15.0000
704.127,836.741,70.2516,38.535,38.535,0,2,53.5353,15.0000
704.327,836.941,70.2529,38.535,38.535,0,2,53.5353,15.0000
704.527,837.141,70.2622,38.535,38.535,0,2,53.5353,15.0000
704.727,837.341,70.2539,38.535,38.535,0,2,53.5353,15.0000
704.927,837.542,70.2451,38.535,38.535,0,2,53.5353,15.0000
705.127,837.742,70.2474,38.535,38.535,0,2,53.5353,15.0000
705.327,837.942,70.2436,38.535,38.535,0,2,53.5353,15.0000
705.527,838.142,70.2466,38.535,38.535,0,2,53.5353,15.0000
705.727,838.342,70.2446,38.535,38.535,0,2,53.5353,15.0000
705.926,838.543,70.2450,38.535,38.535,0,2,53.5353,15.0000
706.127,838.743,70.2378,38.535,38.535,0,2,53.5353,15.0000
706.327,838.943,70.2435,38.535,38.535,0,2,53.5353,15.0000
706.527,839.143,70.2370,38.535,38.535,0,2,53.5353,15.0000
706.727,839.343,70.2376,38.535,38.535,0,2,53.5353,15.0000
706.927,839.544,70.2451,38.535,38.535,0,2,53.5353,15.0000
707.127,839.744,70.2357,38.535,38.535,0,2,53.5353,15.0000
707.327,839.944,70.2381,38.535,38.535,0,2,53.5353,15.0000
707.527,840.144,70.2344,38.535,38.535,0,2,53.5353,15.0000
707.727,840.344,70.2326,38.535,38.535,0,2,53.5353,15.0000
707.927,840.545,70.2366,38.535,38.535,0,2,53.5353,15.0000
708.127,840.745,70.2319,38.535,38.535,0,2,53.5353,15.0000
708.327,840.945,70.2282,38.535,38.535,0,2,53.5353,15.0000
708.527,841.145,70.2303,38.535,38.535,0,2,53.5353,15.0000
708.727,841.345,70.2240,38.535,38.535,0,2,53.5353,15.0000
708.927,841.546,70.2296,38.535,38.535,0,2,53.5353,15.0000
709.127,841.746,70.2261,38.535,38.535,0,2,53.5353,15.0000
709.327,841.945,70.2254,38.535,38.535,0,2,53.5353,15.0000
709.527,842.146,70.2248,38.535,38.535,0,2,53.5353,15.0000
709.727,842.346,70.2235,38.535,38.535,0,2,53.5353,15.0000
709.927,842.547,70.2179,38.535,38.535,0,2,53.5353,15.0000
710.127,842.747,70.2225,38.535,38.535,0,2,53.5353,15.0000
710.327,842.947,70.2178,38.535,38.535,0,2,53.5353,15.0000
710.527,843.147,70.2196,38.535,38.535,0,2,53.5353,15.0000
710.727,843.347,70.2114,38.535,38.535,0,2,53.5353,15.0000
710.927,843.548,70.2153,38.535,38.535,0,2,53.5353,15.0000
711.127,843.748,70.2137,38.535,38.535,0,2,53.5353,15.0000
711.327,843.948,70.2145,38.535,38.535,0,2,53.5353,15.0000
711.527,844.148,70.2160,38.535,38.535,0,2,53.5353,15.0000
711.727,844.348,70.1992,38.535,38.535,0,2,53.5353,15.0000
711.927,844.549,70.2160,38.535,38.535,0,2,53.5353,15.0000
712.127,844.748,70.2109,38.535,38.535,0,2,53.5353,15.0000
712.327,844.949,70.2119,38.535,38.535,0,2,53.5353,15.0000
712.527,845.149,70.2087,38.535,38.535,0,2,53.5353,15.0000
712.727,845.349,70.2036,38.535,38.535,0,2,53.5353,15.0000
712.927,845.550,70.1987,38.535,38.535,0,2,53.5353,15.0000
713.127,845.750,70.2041,38.535,38.535,0,2,53.5353,15.0000
713.327,845.950,70.1914,38.535,38.535,0,2,53.5353,15.0000
713.527,846.150,70.1997,38.535,38.535,0,2,53.5353,15.0000
713.727,846.350,70.1841,38.535,38.535,0,2,53.5353,15.0000
713.927,846.550,70.1953,38.535,38.535,0,2,53.5353,15.0000
714.127,846.751,70.1885,38.535,38.535,0,2,53.5353,15.0000
714.327,846.951,70.1921,38.535,38.535,0,2,53.5353,15.0000
714.527,847.151,70.1893,38.535,38.535,0,2,53.5353,15.0000
714.727,847.351,70.1851,38.535,38.535,0,2,53.5353,15.0000
714.927,847.551,70.1842,38.535,38.535,0,2,53.5353,15.0000
715.127,847.752,70.1792,38.535,38.535,0,2,53.5353,15.0000
715.327,847.952,70.1841,38.535,38.535,0,2,53.5353,15.0000
715.527,848.152,70.1823,38.535,38.535,0,2,53.5353,15.0000
715.727,848.352,70.1719,38.535,38.535,0,2,53.5353,15.0000
715.927,848.552,70.1800,38.535,38.535,0,2,53.5353,15.0000
716.126,848.753,70.1759,38.535,38.535,0,2,53.5353,15.0000
716.327,848.953,70.1792,38.535,38.535,0,2,53.5353,15.0000
716.527,849.153,70.1742,38.535,38.535,0,2,53.5353,15.0000
716.727,849.352,70.1753,38.535,38.535,0,2,53.5353,15.0000
716.927,849.553,70.1631,38.535,38.535,0,2,53.5353,15.0000
717.126,849.754,70.1650,38.535,38.535,0,2,53.5353,15.0000
717.327,849.954,70.1587,38.535,38.535,0,2,53.5353,15.0000
717.527,850.154,70.1572,38.535,38.535,0,2,53.5353,15.0000
717.727,850.354,70.1636,38.535,38.535,0,2,53.5353,15.0000
717.927,850.554,70.1535,38.535,38.535,0,2,53.5353,15.0000
718.127,850.755,70.1533,38.535,38.535,0,2,53.5353,15.0000
718.327,850.955,70.1465,38.535,38.535,0,2,53.5353,15.0000
718.527,851.155,70.1496,38.535,38.535,0,2,53.5353,15.0000
718.727,851.355,70.1460,38.535,38.535,0,2,53.5353,15.0000
718.927,851.555,70.1392,38.535,38.535,0,2,53.5353,15.0000
719.127,851.756,70.1468,38.535,38.535,0,2,53.5353,15.0000
719.327,851.956,70.1323,38.535,38.535,0,2,53.5353,15.0000
719.526,852.156,70.1348,38.535,38.535,0,2,53.5353,15.0000
719.727,852.356,70.1335,38.535,38.535,0,2,53.5353,15.0000
719.927,852.556,70.1294,38.535,38.535,0,2,53.5353,15.0000
720.127,852.757,70.1216,38.535,38.535,0,2,53.5353,15.0000
720.327,852.956,70.1299,38.535,38.535,0,2,53.5353,15.0000
720.527,853.157,70.1221,38.535,38.535,0,2,53.5353,15.0000
720.727,853.357,70.1261,38.535,38.535,0,2,53.5353,15.0000
720.927,853.556,70.1165,38.535,38.535,0,2,53.5353,15.0000
721.127,853.758,70.1180,38.535,38.535,0,2,53.5353,15.0000
721.327,853.958,70.1130,38.535,38.535,0,2,53.5353,15.0000
721.527,854.158,70.1113,38.535,38.535,0,2,53.5353,15.0000
721.727,854.358,70.1082,38.535,38.535,0,2,53.5353,15.0000
721.926,854.558,70.1032,38.535,38.535,0,2,53.5353,15.0000
722.127,854.758,70.1056,38.535,38.535,0,2,53.5353,15.0000
722.327,854.959,70.0959,38.535,38.535,0,2,53.5353,15.0000
722.527,855.159,70.1030,38.535,38.535,0,2,53.5353,15.0000
722.727,855.359,70.0955,38.535,38.535,0,2,53.5353,15.0000
722.927,855.559,70.0942,38.535,38.535,0,2,53.5353,15.0000
723.127,855.759,70.0924,38.535,38.535,0,2,53.5353,15.0000
723.327,855.960,70.0936,38.535,38.535,0,2,53.5353,15.0000
723.526,856.160,70.0874,38.535,38.535,0,2,53.5353,15.0000
723.727,856.360,70.0828,38.535,38.535,0,2,53.5353,15.0000
723.927,856.560,70.0798,38.535,38.535,0,2,53.5353,15.0000
724.126,856.760,70.0767,38.535,38.535,0,2,53.5353,15.0000
724.327,856.961,70.0742,38.535,38.535,0,2,53.5353,15.0000
724.527,857.161,70.0809,38.535,38.535,0,2,53.5353,15.0000
724.726,857.361,70.0685,38.535,38.535,0,2,53.5353,15.0000
724.927,857.561,70.0698,38.535,38.535,0,2,53.5353,15.0000
725.127,857.761,70.0684,38.535,38.535,0,2,53.5353,15.0000
725.327,857.962,70.0664,38.535,38.535,0,2,53.5353,15.0000
725.527,858.162,70.0679,38.535,38.535,0,2,53.5353,15.0000
725.727,858.362,70.0674,38.535,38.535,0,2,53.5353,15.0000
725.927,858.562,70.0614,38.535,38.535,0,2,53.5353,15.0000
726.126,858.762,70.0632,38.535,38.535,0,2,53.5353,15.0000
726.327,858.963,70.0649,38.535,38.535,0,2,53.5353,15.0000
726.527,859.163,70.0518,38.535,38.535,0,2,53.5353,15.0000
726.727,859.363,70.0537,38.535,38.535,0,2,53.5353,15.0000
726.926,859.563,70.0574,38.535,38.535,0,2,53.5353,15.0000
727.127,859.763,70.0591,38.535,38.535,0,2,53.5353,15.0000
727.327,859.964,70.0516,38.535,38.535,0,2,53.5353,15.0000
727.527,860.164,70.0454,38.535,38.535,0,2,53.5353,15.0000
727.727,860.364,70.0539,38.535,38.535,0,2,53.5353,15.0000
727.926,860.564,70.0430,38.535,38.535,0,2,53.5353,15.0000
728.127,860.764,70.0459,38.535,38.535,0,2,53.5353,15.0000
728.327,860.965,70.0391,38.535,38.535,0,2,53.5353,15.0000
728.527,861.164,70.0391,38.535,38.535,0,2,53.5353,15.0000
728.727,861.365,70.0338,38.535,38.535,0,2,53.5353,15.0000
728.927,861.565,70.0353,38.535,38.535,0,2,53.5353,15.0000
729.127,861.765,70.0361,38.535,38.535,0,2,53.5353,15.0000
729.327,861.966,70.0337,38.535,38.535,0,2,53.5353,15.0000
729.527,862.165,70.0334,38.535,38.535,0,2,53.5353,15.0000
729.727,862.366,70.0298,38.535,38.535,0,2,53.5353,15.0000
729.927,862.566,70.0352,38.535,38.535,0,2,53.5353,15.0000
730.127,862.766,70.0249,38.535,38.535,0,2,53.5353,15.0000
730.327,862.967,70.0319,38.535,38.535,0,2,53.5353,15.0000
730.527,863.167,70.0340,38.535,38.535,0,2,53.5353,15.0000
730.727,863.367,70.0234,38.535,38.535,0,2,53.5353,15.0000
730.927,863.567,70.0200,38.535,38.535,0,2,53.5353,15.0000
731.127,863.767,70.0298,38.535,38.535,0,2,53.5353,15.0000
731.326,863.967,70.0272,38.535,38.535,0,2,53.5353,15.0000
731.526,864.168,70.0239,38.535,38.535,0,2,53.5353,15.0000
731.727,864.368,70.0299,38.535,38.535,0,2,53.5353,15.0000
731.927,864.568,70.0179,38.535,38.535,0,2,53.5353,15.0000
732.127,864.768,70.0221,38.535,38.535,0,2,53.5353,15.0000
732.327,864.968,70.0124,38.535,38.535,0,2,53.5353,15.0000
732.526,865.169,70.0205,38.535,38.535,0,2,53.5353,15.0000
732.726,865.369,70.0288,38.535,38.535,0,2,53.5353,15.0000
732.927,865.569,70.0176,38.535,38.535,0,2,53.5353,15.0000
733.127,865.769,70.0112,38.535,38.535,0,2,53.5353,15.0000
733.326,865.969,70.0210,38.535,38.535,0,2,53.5353,15.0000
733.527,866.170,70.0177,38.535,38.535,0,2,53.5353,15.0000
733.726,866.370,70.0172,38.535,38.535,0,2,53.5353,15.0000
733.927,866.570,70.0215,38.535,38.535,0,2,53.5353,15.0000
734.127,866.770,70.0068,38.535,38.535,0,2,53.5353,15.0000
734.327,866.970,70.0044,38.535,38.535,0,2,53.5353,15.0000
734.527,867.171,70.0098,38.535,38.535,0,2,53.5353,15.0000
734.726,867.371,70.0143,38.535,38.535,0,2,53.5353,15.0000
734.926,867.571,70.0135,38.535,38.535,0,2,53.5353,15.0000
735.126,867.771,70.0130,38.535,38.535,0,2,53.5353,15.0000
735.327,867.971,70.0101,38.535,38.535,0,2,53.5353,15.0000
735.527,868.172,70.0049,38.535,38.535,0,2,53.5353,15.0000
735.727,868.372,70.0072,38.535,38.535,0,2,53.5353,15.0000
735.927,868.572,70.0101,38.535,38.535,0,2,53.5353,15.0000
736.126,868.772,70.0059,38.535,38.535,0,2,53.5353,15.0000
736.326,868.972,69.9990,38.535,38.535,0,2,53.5353,15.0000
736.527,869.173,70.0083,38.535,38.535,0,2,53.5353,15.0000
736.727,869.373,69.9974,38.535,38.535,0,2,53.5353,15.0000
736.927,869.573,70.0037,38.535,38.535,0,2,53.5353,15.0000
737.127,869.773,69.9938,38.535,38.535,0,2,53.5353,15.0000
737.327,869.973,69.9992,38.535,38.535,0,2,53.5353,15.0000
737.527,870.174,69.9938,38.535,38.535,0,2,53.5353,15.0000
737.726,870.373,69.9979,38.535,38.535,0,2,53.5353,15.0000
737.927,870.574,69.9963,38.535,38.535,0,2,53.5353,15.0000
738.127,870.774,69.9932,38.535,38.535,0,2,53.5353,15.0000
738.327,870.974,69.9868,38.535,38.535,0,2,53.5353,15.0000
738.527,871.175,69.9990,38.535,38.535,0,2,53.5353,15.0000
738.727,871.375,69.9810,38.535,38.535,0,2,53.5353,15.0000
738.927,871.575,69.9977,38.535,38.535,0,2,53.5353,15.0000
739.127,871.775,69.9894,38.535,38.535,0,2,53.5353,15.0000
739.327,871.975,69.9917,38.535,38.535,0,2,53.5353,15.0000
739.527,872.175,69.9803,38.535,38.535,0,2,53.5353,15.0000
739.727,872.376,69.9897,38.535,38.535,0,2,53.5353,15.0000
739.927,872.576,69.9902,38.535,38.535,0,2,53.5353,15.0000
740.127,872.776,69.9977,38.535,38.535,0,2,53.5353,15.0000
740.327,872.976,69.9875,38.535,38.535,0,2,53.5353,15.0000
740.527,873.176,69.9891,38.535,38.535,0,2,53.5353,15.0000
740.727,873.377,69.9785,38.535,38.535,0,2,53.5353,15.0000
740.927,873.577,69.9814,38.535,38.535,0,2,53.5353,15.0000
741.127,873.777,69.9873,38.535,38.535,0,2,53.5353,15.0000
741.327,873.977,69.9766,38.535,38.535,0,2,53.5353,15.0000
741.527,874.177,69.9868,38.535,38.535,0,2,53.5353,15.0000
741.727,874.378,69.9784,38.535,38.535,0,2,53.5353,15.0000
741.927,874.577,69.9770,38.535,38.535,0,2,53.5353,15.0000
742.127,874.777,69.9819,38.535,38.535,0,2,53.5353,15.0000
742.327,874.978,69.9746,38.535,38.535,0,2,53.5353,15.0000
742.527,875.178,69.9774,38.535,38.535,0,2,53.5353,15.0000
742.727,875.379,69.9821,38.535,38.535,0,2,53.5353,15.0000
742.927,875.579,69.9683,38.535,38.535,0,2,53.5353,15.0000
743.126,875.779,69.9741,38.535,38.535,0,2,53.5353,15.0000
743.327,875.979,69.9717,38.535,38.535,0,2,53.5353,15.0000
743.527,876.179,69.9694,38.535,38.535,0,2,53.5353,15.0000
743.727,876.380,69.9757,38.535,38.535,0,2,53.5353,15.0000
743.927,876.580,69.9756,38.535,38.535,0,2,53.5353,15.0000
744.127,876.780,69.9673,38.535,38.535,0,2,53.5353,15.0000
744.327,876.980,69.9697,38.535,38.535,0,2,53.5353,15.0000
744.527,877.180,69.9676,38.535,38.535,0,2,53.5353,15.0000
744.727,877.381,69.9630,38.535,38.535,0,2,53.5353,15.0000
744.927,877.581,69.9647,38.535,38.535,0,2,53.5353,15.0000
745.127,877.781,69.9604,38.535,38.535,0,2,53.5353,15.0000
745.327,877.981,69.9617,38.535,38.535,0,2,53.5353,15.0000
745.527,878.181,69.9556,38.535,38.535,0,2,53.5353,15.0000
745.727,878.382,69.9583,38.535,38.535,0,2,53.5353,15.0000
745.926,878.581,69.9661,38.535,38.535,0,2,53.5353,15.0000
746.127,878.782,69.9648,38.535,38.535,0,2,53.5353,15.0000
746.327,878.982,69.9578,38.535,38.535,0,2,53.5353,15.0000
746.527,879.182,69.9487,38.535,38.535,0,2,53.5353,15.0000
746.727,879.383,69.9512,38.535,38.535,0,2,53.5353,15.0000
746.927,879.583,69.9531,38.535,38.535,0,2,53.5353,15.0000
747.127,879.783,69.9582,38.535,38.535,0,2,53.5353,15.0000
747.327,879.983,69.9494,38.535,38.535,0,2,53.5353,15.0000
747.527,880.183,69.9521,38.535,38.535,0,2,53.5353,15.0000
747.726,880.383,69.9451,38.535,38.535,0,2,53.5353,15.0000
747.927,880.584,69.9474,38.535,38.535,0,2,53.5353,15.0000
748.127,880.784,69.9443,38.535,38.535,0,2,53.5353,15.0000
748.327,880.984,69.9435,38.535,38.535,0,2,53.5353,15.0000
748.527,881.184,69.9447,38.535,38.535,0,2,53.5353,15.0000
748.727,881.384,69.9364,38.535,38.535,0,2,53.5353,15.0000
748.927,881.585,69.9272,38.535,38.535,0,2,53.5353,15.0000
749.126,881.785,69.9307,38.535,38.535,0,2,53.5353,15.0000
749.326,881.985,69.9297,38.535,38.535,0,2,53.5353,15.0000
749.527,882.185,69.9233,38.535,38.535,0,2,53.5353,15.0000
749.726,882.385,69.9219,38.535,38.535,0,2,53.5353,15.0000
749.927,882.586,69.9186,38.535,38.535,0,2,53.5353,15.0000
750.127,882.786,69.9136,38.535,38.535,0,2,53.5353,15.0000
750.326,882.986,69.9128,38.535,38.535,0,2,53.5353,15.0000
750.527,883.186,69.9134,38.535,38.535,0,2,53.5353,15.0000
750.727,883.386,69.9097,38.535,38.535,0,2,53.5353,15.0000
750.926,883.586,69.9064,38.535,38.535,0,2,53.5353,15.0000
751.127,883.787,69.8953,38.535,38.535,0,2,53.5353,15.0000
751.327,883.987,69.8947,38.535,38.535,0,2,53.5353,15.0000
751.526,884.187,69.8944,38.535,38.535,0,2,53.5353,15.0000
751.727,884.387,69.8976,38.535,38.535,0,2,53.5353,15.0000
751.926,884.588,69.8872,38.535,38.535,0,2,53.5353,15.0000
752.126,884.788,69.8854,38.535,38.535,0,2,53.5353,15.0000
752.327,884.988,69.8843,38.535,38.535,0,2,53.5353,15.0000
752.527,885.188,69.8701,38.535,38.535,0,2,53.5353,15.0000
752.727,885.388,69.8724,38.535,38.535,0,2,53.5353,15.0000
752.927,885.589,69.8748,38.535,38.535,0,2,53.5353,15.0000
753.127,885.789,69.8763,38.535,38.535,0,2,53.5353,15.0000
753.327,885.989,69.8739,38.535,38.535,0,2,53.5353,15.0000
753.526,886.189,69.8628,38.535,38.535,0,2,53.5353,15.0000
753.727,886.389,69.8579,38.535,38.535,0,2,53.5353,15.0000
753.927,886.589,69.8491,38.535,38.535,0,2,53.5353,15.0000
754.127,886.788,69.8499,38.535,38.535,0,2,53.5353,15.0000
754.326,886.990,69.8423,38.535,38.535,0,2,53.5353,15.0000
754.527,887.190,69.8424,38.535,38.535,0,2,53.5353,15.0000
754.726,887.390,69.8364,38.535,38.535,0,2,53.5353,15.0000
754.927,887.591,69.8413,38.535,38.535,0,2,53.5353,15.0000
755.127,887.790,69.8255,38.535,38.535,0,2,53.5353,15.0000
755.327,887.991,69.8325,38.535,38.535,0,2,53.5353,15.0000
755.527,888.191,69.8276,38.535,38.535,0,2,53.5353,15.0000
755.727,888.391,69.8175,38.535,38.535,0,2,53.5353,15.0000
755.927,888.592,69.8184,38.535,38.535,0,2,53.5353,15.0000
756.127,888.792,69.8205,38.535,38.535,0,2,53.5353,15.0000
756.327,888.992,69.8127,38.535,38.535,0,2,53.5353,15.0000
756.527,889.192,69.8079,38.535,38.535,0,2,53.5353,15.0000
756.727,889.392,69.8092,38.535,38.535,0,2,53.5353,15.0000
756.927,889.592,69.8078,38.535,38.535,0,2,53.5353,15.0000
757.127,889.793,69.8048,38.535,38.535,0,2,53.5353,15.0000
757.327,889.993,69.7993,38.535,38.535,0,2,53.5353,15.0000
757.527,890.193,69.7939,38.535,38.535,0,2,53.5353,15.0000
757.727,890.393,69.7895,38.535,38.535,0,2,53.5353,15.0000
757.927,890.593,69.7856,38.535,38.535,0,2,53.5353,15.0000
758.127,890.794,69.7834,38.535,38.535,0,2,53.5353,15.0000
758.327,890.994,69.7865,38.535,38.535,0,2,53.5353,15.0000
758.527,891.194,69.7837,38.535,38.535,0,2,53.5353,15.0000
758.727,891.394,69.7669,38.535,38.535,0,2,53.5353,15.0000
758.927,891.594,69.7783,38.535,38.535,0,2,53.5353,15.0000
759.127,891.795,69.7671,38.535,38.535,0,2,53.5353,15.0000
759.327,891.995,69.7712,38.535,38.535,0,2,53.5353,15.0000
759.527,892.195,69.7651,38.535,38.535,0,2,53.5353,15.0000
759.726,892.395,69.7642,38.535,38.535,0,2,53.5353,15.0000
759.927,892.595,69.7599,38.535,38.535,0,2,53.5353,15.0000
760.127,892.796,69.7523,38.535,38.535,0,2,53.5353,15.0000
760.327,892.996,69.7541,38.535,38.535,0,2,53.5353,15.0000
760.527,893.196,69.7546,38.535,38.535,0,2,53.5353,15.0000
760.727,893.396,69.7500,38.535,38.535,0,2,53.5353,15.0000
760.927,893.596,69.7490,38.535,61.381,1,3,46.3810,15.0000
761.126,893.801,69.7446,61.381,61.381,1,3,46.3810,15.0000
761.327,893.998,69.7365,61.381,61.381,1,3,46.3810,15.0000
761.526,894.197,69.7360,61.381,61.381,1,3,46.3810,15.0000
761.727,894.397,69.7305,61.381,61.381,1,3,46.3810,15.0000
761.927,894.597,69.7246,61.381,61.381,1,3,46.3810,15.0000
762.127,894.798,69.7306,61.381,61.381,1,3,46.3810,15.0000
762.327,894.998,69.7251,61.381,61.381,1,3,46.3810,15.0000
762.527,895.198,69.7202,61.381,61.381,1,3,46.3810,15.0000
762.727,895.397,69.7147,61.381,61.381,1,3,46.3810,15.0000
762.927,895.598,69.7197,61.381,61.381,1,3,46.3810,15.0000
763.127,895.798,69.7098,61.381,61.381,1,3,46.3810,15.0000
763.327,895.998,69.7070,61.381,61.381,1,3,46.3810,15.0000
763.527,896.199,69.7070,61.381,61.381,1,3,46.3810,15.0000
763.727,896.399,69.7021,61.381,61.381,1,3,46.3810,15.0000
763.927,896.599,69.7085,61.381,61.381,1,3,46.3810,15.0000
764.127,896.800,69.7041,61.381,61.381,1,3,46.3810,15.0000
764.327,897.000,69.6948,61.381,61.381,1,3,46.3810,15.0000
764.527,897.200,69.6940,61.381,61.381,1,3,46.3810,15.0000
764.727,897.400,69.6842,61.381,61.381,1,3,46.3810,15.0000
764.926,897.600,69.6890,61.381,61.381,1,3,46.3810,15.0000
765.127,897.800,69.6883,61.381,61.381,1,3,46.3810,15.0000
765.327,898.001,69.6872,61.381,61.381,1,3,46.3810,15.0000
765.527,898.201,69.6932,61.381,61.381,1,3,46.3810,15.0000
765.727,898.401,69.6880,61.381,61.381,1,3,46.3810,15.0000
765.926,898.600,69.6777,61.381,61.381,1,3,46.3810,15.0000
766.127,898.801,69.6772,61.381,61.381,1,3,46.3810,15.0000
766.327,899.002,69.6870,61.381,61.381,1,3,46.3810,15.0000
766.527,899.202,69.6748,61.381,61.381,1,3,46.3810,15.0000
766.727,899.402,69.6764,61.381,61.381,1,3,46.3810,15.0000
766.927,899.602,69.6717,61.381,61.381,1,3,46.3810,15.0000
767.127,899.802,69.6725,61.381,61.381,1,3,46.3810,15.0000
767.327,900.003,69.6720,61.381,61.381,1,3,46.3810,15.0000
767.527,900.203,69.6652,61.381,61.381,1,3,46.3810,15.0000
767.727,900.403,69.6684,61.381,61.381,1,3,46.3810,15.0000
767.927,900.603,69.6510,61.381,61.381,1,3,46.3810,15.0000
768.127,900.803,69.6634,61.381,61.381,1,3,46.3810,15.0000
768.327,901.004,69.6582,61.381,61.381,1,3,46.3810,15.0000
768.526,901.204,69.6587,61.381,61.381,1,3,46.3810,15.0000
768.727,901.404,69.6577,61.381,61.381,1,3,46.3810,15.0000
768.927,901.604,69.6528,61.381,61.381,1,3,46.3810,15.0000
769.127,901.804,69.6567,61.381,61.381,1,3,46.3810,15.0000
769.327,902.005,69.6509,61.381,61.381,1,3,46.3810,15.0000
769.526,902.205,69.6480,61.381,61.381,1,3,46.3810,15.0000
769.727,902.405,69.6502,61.381,61.381,1,3,46.3810,15.0000
769.927,902.605,69.6499,61.381,61.381,1,3,46.3810,15.0000
770.127,902.805,69.6491,61.381,61.381,1,3,46.3810,15.0000
770.327,903.006,69.6484,61.381,61.381,1,3,46.3810,15.0000
770.527,903.206,69.6523,61.381,61.381,1,3,46.3810,15.0000
770.727,903.406,69.6403,61.381,61.381,1,3,46.3810,15.0000
770.927,903.606,69.6411,61.381,61.381,1,3,46.3810,15.0000
771.127,903.806,69.6401,61.381,61.381,1,3,46.3810,15.0000
771.327,904.007,69.6426,61.381,61.381,1,3,46.3810,15.0000
771.527,904.207,69.6335,61.381,61.381,1,3,46.3810,15.0000
771.727,904.407,69.6411,61.381,61.381,1,3,46.3810,15.0000
771.927,904.607,69.6414,61.381,61.381,1,3,46.3810,15.0000
772.127,904.807,69.6270,61.381,61.381,1,3,46.3810,15.0000
772.327,905.008,69.6341,61.381,61.381,1,3,46.3810,15.0000
772.526,905.208,69.6274,61.381,61.381,1,3,46.3810,15.0000
772.727,905.408,69.6344,61.381,61.381,1,3,46.3810,15.0000
772.926,905.608,69.6369,61.381,61.381,1,3,46.3810,15.0000
773.127,905.808,69.6357,61.381,61.381,1,3,46.3810,15.0000
773.327,906.008,69.6335,61.381,61.381,1,3,46.3810,15.0000
773.527,906.209,69.6372,61.381,61.381,1,3,46.3810,15.0000
773.727,906.409,69.6349,61.381,61.381,1,3,46.3810,15.0000
773.927,906.609,69.6323,61.381,61.381,1,3,46.3810,15.0000
774.127,906.809,69.6328,61.381,61.381,1,3,46.3810,15.0000
774.327,907.009,69.6248,61.381,61.381,1,3,46.3810,15.0000
774.527,907.210,69.6191,61.381,61.381,1,3,46.3810,15.0000
774.727,907.410,69.6224,61.381,61.381,1,3,46.3810,15.0000
774.927,907.610,69.6232,61.381,61.381,1,3,46.3810,15.0000
775.127,907.810,69.6297,61.381,61.381,1,3,46.3810,15.0000
775.327,908.011,69.6253,61.381,61.381,1,3,46.3810,15.0000
775.527,908.211,69.6247,61.381,61.381,1,3,46.3810,15.0000
775.727,908.411,69.6300,61.381,61.381,1,3,46.3810,15.0000
775.927,908.611,69.6322,61.381,61.381,1,3,46.3810,15.0000
776.127,908.811,69.6266,61.381,61.381,1,3,46.3810,15.0000
776.327,909.011,69.6211,61.381,61.381,1,3,46.3810,15.0000
776.527,909.212,69.6349,61.381,61.381,1,3,46.3810,15.0000
776.727,909.412,69.6282,61.381,61.381,1,3,46.3810,15.0000
776.927,909.612,69.6263,61.381,61.381,1,3,46.3810,15.0000
777.127,909.812,69.6226,61.381,61.381,1,3,46.3810,15.0000
777.327,910.012,69.6270,61.381,61.381,1,3,46.3810,15.0000
777.527,910.214,69.6304,61.381,61.381,1,3,46.3810,15.0000
777.727,910.413,69.6245,61.381,61.381,1,3,46.3810,15.0000
777.927,910.613,69.6343,61.381,61.381,1,3,46.3810,15.0000
778.127,910.813,69.6362,61.381,61.381,1,3,46.3810,15.0000
778.327,911.013,69.6317,61.381,61.381,1,3,46.3810,15.0000
778.527,911.214,69.6348,61.381,61.381,1,3,46.3810,15.0000
778.727,911.414,69.6353,61.381,61.381,1,3,46.3810,15.0000
778.927,911.614,69.6313,61.381,61.381,1,3,46.3810,15.0000
779.127,911.814,69.6343,61.381,61.381,1,3,46.3810,15.0000
779.327,912.014,69.6348,61.381,61.381,1,3,46.3810,15.0000
779.527,912.215,69.6304,61.381,61.381,1,3,46.3810,15.0000
779.727,912.414,69.6300,61.381,61.381,1,3,46.3810,15.0000
779.927,912.615,69.6291,61.381,61.381,1,3,46.3810,15.0000
780.127,912.815,69.6341,61.381,61.381,1,3,46.3810,15.0000
780.327,913.015,69.6323,61.381,61.381,1,3,46.3810,15.0000
780.527,913.217,69.6335,61.381,61.381,1,3,46.3810,15.0000
780.727,913.416,69.6314,61.381,61.381,1,3,46.3810,15.0000
780.927,913.616,69.6357,61.381,61.381,1,3,46.3810,15.0000
781.127,913.816,69.6372,61.381,61.381,1,3,46.3810,15.0000
781.327,914.016,69.6379,61.381,61.381,1,3,46.3810,15.0000
781.526,914.217,69.6515,61.381,61.381,1,3,46.3810,15.0000
781.727,914.417,69.6465,61.381,61.381,1,3,46.3810,15.0000
781.927,914.617,69.6445,61.381,61.381,1,3,46.3810,15.0000
782.127,914.817,69.6450,61.381,61.381,1,3,46.3810,15.0000
782.327,915.017,69.6382,61.381,61.381,1,3,46.3810,15.0000
782.526,915.217,69.6367,61.381,61.381,1,3,46.3810,15.0000
782.727,915.418,69.6431,61.381,61.381,1,3,46.3810,15.0000
782.927,915.618,69.6439,61.381,61.381,1,3,46.3810,15.0000
783.126,915.818,69.6230,61.381,61.381,1,3,46.3810,15.0000
783.327,916.018,69.6372,61.381,61.381,1,3,46.3810,15.0000
783.526,916.218,69.6434,61.381,61.381,1,3,46.3810,15.0000
783.727,916.419,69.6444,61.381,61.381,1,3,46.3810,15.0000
783.927,916.619,69.6501,61.381,61.381,1,3,46.3810,15.0000
784.127,916.819,69.6398,61.381,61.381,1,3,46.3810,15.0000
784.327,917.019,69.6364,61.381,61.381,1,3,46.3810,15.0000
784.526,917.219,69.6405,61.381,61.381,1,3,46.3810,15.0000
784.727,917.420,69.6414,61.381,61.381,1,3,46.3810,15.0000
784.927,917.620,69.6484,61.381,61.381,1,3,46.3810,15.0000
785.127,917.820,69.6416,61.381,61.381,1,3,46.3810,15.0000
785.327,918.020,69.6470,61.381,61.381,1,3,46.3810,15.0000
785.527,918.220,69.6453,61.381,61.381,1,3,46.3810,15.0000
785.727,918.421,69.6440,61.381,61.381,1,3,46.3810,15.0000
785.927,918.621,69.6480,61.381,61.381,1,3,46.3810,15.0000
786.127,918.821,69.6496,61.381,61.381,1,3,46.3810,15.0000
786.327,919.021,69.6528,61.381,61.381,1,3,46.3810,15.0000
786.527,919.221,69.6492,61.381,61.381,1,3,46.3810,15.0000
786.727,919.422,69.6538,61.381,61.381,1,3,46.3810,15.0000
786.927,919.622,69.6528,61.381,61.381,1,3,46.3810,15.0000
787.127,919.822,69.6533,61.381,61.381,1,3,46.3810,15.0000
787.327,920.022,69.6466,61.381,61.381,1,3,46.3810,15.0000
787.527,920.222,69.6523,61.381,61.381,1,3,46.3810,15.0000
787.727,920.423,69.6587,61.381,61.381,1,3,46.3810,15.0000
787.927,920.623,69.6546,61.381,61.381,1,3,46.3810,15.0000
788.127,920.823,69.6587,61.381,61.381,1,3,46.3810,15.0000
788.327,921.023,69.6606,61.381,61.381,1,3,46.3810,15.0000
788.527,921.223,69.6597,61.381,61.381,1,3,46.3810,15.0000
788.726,921.424,69.6606,61.381,61.381,1,3,46.3810,15.0000
788.927,921.623,69.6637,61.381,61.381,1,3,46.3810,15.0000
789.127,921.824,69.6595,61.381,61.381,1,3,46.3810,15.0000
789.327,922.024,69.6554,61.381,61.381,1,3,46.3810,15.0000
789.527,922.224,69.6655,61.381,61.381,1,3,46.3810,15.0000
789.727,922.425,69.6771,61.381,61.381,1,3,46.3810,15.0000
789.927,922.625,69.6646,61.381,61.381,1,3,46.3810,15.0000
790.127,922.825,69.6660,61.381,61.381,1,3,46.3810,15.0000
790.327,923.025,69.6650,61.381,61.381,1,3,46.3810,15.0000
790.527,923.225,69.6740,61.381,61.381,1,3,46.3810,15.0000
790.727,923.425,69.6634,61.381,61.381,1,3,46.3810,15.0000
790.927,923.626,69.6667,61.381,61.381,1,3,46.3810,15.0000
791.127,923.825,69.6812,61.381,61.381,1,3,46.3810,15.0000
791.327,924.026,69.6850,61.381,61.381,1,3,46.3810,15.0000
791.527,924.226,69.6768,61.381,61.381,1,3,46.3810,15.0000
791.727,924.426,69.6698,61.381,61.381,1,3,46.3810,15.0000
791.927,924.627,69.6717,61.381,61.381,1,3,46.3810,15.0000
792.126,924.827,69.6774,61.381,61.381,1,3,46.3810,15.0000
792.327,925.027,69.6812,61.381,61.381,1,3,46.3810,15.0000
792.527,925.227,69.6769,61.381,61.381,1,3,46.3810,15.0000
792.727,925.427,69.6847,61.381,61.381,1,3,46.3810,15.0000
792.927,925.628,69.6894,61.381,61.381,1,3,46.3810,15.0000
793.126,925.828,69.6836,61.381,61.381,1,3,46.3810,15.0000
793.327,926.028,69.6849,61.381,61.381,1,3,46.3810,15.0000
793.527,926.228,69.6844,61.381,61.381,1,3,46.3810,15.0000
793.727,926.428,69.6842,61.381,61.381,1,3,46.3810,15.0000
793.927,926.629,69.6919,61.381,61.381,1,3,46.3810,15.0000
794.127,926.829,69.6963,61.381,61.381,1,3,46.3810,15.0000
794.327,927.029,69.6847,61.381,61.381,1,3,46.3810,15.0000
794.527,927.229,69.6875,61.381,61.381,1,3,46.3810,15.0000
794.726,927.429,69.6968,61.381,61.381,1,3,46.3810,15.0000
794.927,927.630,69.7017,61.381,61.381,1,3,46.3810,15.0000
795.127,927.830,69.7088,61.381,61.381,1,3,46.3810,15.0000
795.327,928.030,69.7083,61.381,61.381,1,3,46.3810,15.0000
795.527,928.230,69.7065,61.381,61.381,1,3,46.3810,15.0000
795.727,928.430,69.7043,61.381,61.381,1,3,46.3810,15.0000
795.927,928.631,69.7069,61.381,61.381,1,3,46.3810,15.0000
796.127,928.831,69.7070,61.381,61.381,1,3,46.3810,15.0000
796.327,929.031,69.7145,61.381,61.381,1,3,46.3810,15.0000
796.527,929.231,69.7116,61.381,61.381,1,3,46.3810,15.0000
796.727,929.431,69.7082,61.381,61.381,1,3,46.3810,15.0000
796.926,929.632,69.7007,61.381,61.381,1,3,46.3810,15.0000
797.127,929.831,69.7098,61.381,61.381,1,3,46.3810,15.0000
797.327,930.032,69.7186,61.381,61.381,1,3,46.3810,15.0000
797.526,930.232,69.7173,61.381,61.381,1,3,46.3810,15.0000
797.727,930.432,69.7178,61.381,61.381,1,3,46.3810,15.0000
797.927,930.633,69.7238,61.381,61.381,1,3,46.3810,15.0000
798.127,930.833,69.7108,61.381,61.381,1,3,46.3810,15.0000
798.327,931.033,69.7178,61.381,61.381,1,3,46.3810,15.0000
798.527,931.233,69.7095,61.381,61.381,1,3,46.3810,15.0000
798.727,931.433,69.7279,61.381,61.381,1,3,46.3810,15.0000
798.927,931.633,69.7188,61.381,61.381,1,3,46.3810,15.0000
799.126,931.834,69.7202,61.381,61.381,1,3,46.3810,15.0000
799.327,932.034,69.7269,61.381,61.381,1,3,46.3810,15.0000
799.527,932.234,69.7217,61.381,61.381,1,3,46.3810,15.0000
799.727,932.434,69.7280,61.381,61.381,1,3,46.3810,15.0000
799.927,932.634,69.7233,61.381,61.381,1,3,46.3810,15.0000
800.126,932.835,69.7256,61.381,61.381,1,3,46.3810,15.0000
800.327,933.034,69.7269,61.381,61.381,1,3,46.3810,15.0000
800.527,933.235,69.7256,61.381,61.381,1,3,46.3810,15.0000
800.727,933.435,69.7207,61.381,61.381,1,3,46.3810,15.0000
800.927,933.635,69.7295,61.381,61.381,1,3,46.3810,15.0000
801.126,933.836,69.7251,61.381,61.381,1,3,46.3810,15.0000
801.327,934.036,69.7308,61.381,61.381,1,3,46.3810,15.0000
801.527,934.236,69.7292,61.381,61.381,1,3,46.3810,15.0000
801.727,934.436,69.7275,61.381,61.381,1,3,46.3810,15.0000
801.927,934.636,69.7347,61.381,61.381,1,3,46.3810,15.0000
802.127,934.837,69.7212,61.381,61.381,1,3,46.3810,15.0000
802.327,935.037,69.7305,61.381,61.381,1,3,46.3810,15.0000
802.527,935.237,69.7301,61.381,61.381,1,3,46.3810,15.0000
802.727,935.437,69.7274,61.381,61.381,1,3,46.3810,15.0000
802.926,935.637,69.7253,61.381,61.381,1,3,46.3810,15.0000
803.127,935.838,69.7290,61.381,61.381,1,3,46.3810,15.0000
803.327,936.038,69.7275,61.381,61.381,1,3,46.3810,15.0000
803.527,936.238,69.7296,61.381,61.381,1,3,46.3810,15.0000
803.727,936.438,69.7305,61.381,61.381,1,3,46.3810,15.0000
803.926,936.638,69.7363,61.381,61.381,1,3,46.3810,15.0000
804.127,936.839,69.7256,61.381,61.381,1,3,46.3810,15.0000
804.327,937.039,69.7290,61.381,61.381,1,3,46.3810,15.0000
804.527,937.239,69.7292,61.381,61.381,1,3,46.3810,15.0000
804.727,937.439,69.7295,61.381,61.381,1,3,46.3810,15.0000
804.927,937.639,69.7230,61.381,61.381,1,3,46.3810,15.0000
805.127,937.840,69.7274,61.381,61.381,1,3,46.3810,15.0000
805.327,938.039,69.7262,61.381,61.381,1,3,46.3810,15.0000
805.527,938.240,69.7285,61.381,61.381,1,3,46.3810,15.0000
805.727,938.440,69.7236,61.381,61.381,1,3,46.3810,15.0000
805.927,938.640,69.7308,61.381,61.381,1,3,46.3810,15.0000
806.127,938.841,69.7435,61.381,61.381,1,3,46.3810,15.0000
806.327,939.040,69.7345,61.381,61.381,1,3,46.3810,15.0000
806.527,939.241,69.7375,61.381,61.381,1,3,46.3810,15.0000
806.727,939.441,69.7389,61.381,61.381,1,3,46.3810,15.0000
806.927,939.641,69.7396,61.381,61.381,1,3,46.3810,15.0000
807.126,939.842,69.7233,61.381,61.381,1,3,46.3810,15.0000
807.327,940.041,69.7397,61.381,61.381,1,3,46.3810,15.0000
807.527,940.242,69.7370,61.381,61.381,1,3,46.3810,15.0000
807.727,940.442,69.7441,61.381,61.381,1,3,46.3810,15.0000
807.927,940.642,69.7419,61.381,61.381,1,3,46.3810,15.0000
808.127,940.842,69.7300,61.381,61.381,1,3,46.3810,15.0000
808.327,941.043,69.7419,61.381,61.381,1,3,46.3810,15.0000
808.527,941.243,69.7472,61.381,61.381,1,3,46.3810,15.0000
808.727,941.443,69.7471,61.381,61.381,1,3,46.3810,15.0000
808.927,941.643,69.7479,61.381,61.381,1,3,46.3810,15.0000
809.127,941.843,69.7495,61.381,61.381,1,3,46.3810,15.0000
809.327,942.044,69.7508,61.381,61.381,1,3,46.3810,15.0000
809.527,942.244,69.7518,61.381,61.381,1,3,46.3810,15.0000
809.727,942.444,69.7559,61.381,61.381,1,3,46.3810,15.0000
809.927,942.644,69.7476,61.381,61.381,1,3,46.3810,15.0000
810.127,942.844,69.7590,61.381,61.381,1,3,46.3810,15.0000
810.327,943.045,69.7581,61.381,61.381,1,3,46.3810,15.0000
810.527,943.245,69.7607,61.381,61.381,1,3,46.3810,15.0000
810.727,943.445,69.7686,61.381,61.381,1,3,46.3810,15.0000
810.927,943.645,69.7682,61.381,61.381,1,3,46.3810,15.0000
811.126,943.844,69.7746,61.381,61.381,1,3,46.3810,15.0000
811.327,944.046,69.7759,61.381,61.381,1,3,46.3810,15.0000
811.527,944.246,69.7773,61.381,61.381,1,3,46.3810,15.0000
811.727,944.446,69.7795,61.381,61.381,1,3,46.3810,15.0000
811.927,944.646,69.7856,61.381,61.381,1,3,46.3810,15.0000
812.127,944.846,69.7816,61.381,61.381,1,3,46.3810,15.0000
812.327,945.047,69.7808,61.381,61.381,1,3,46.3810,15.0000
812.527,945.247,69.7834,61.381,61.381,1,3,46.3810,15.0000
812.727,945.447,69.7907,61.381,61.381,1,3,46.3810,15.0000
812.927,945.647,69.7948,61.381,61.381,1,3,46.3810,15.0000
813.127,945.847,69.7900,61.381,61.381,1,3,46.3810,15.0000
813.327,946.048,69.7956,61.381,61.381,1,3,46.3810,15.0000
813.527,946.249,69.7930,61.381,61.381,1,3,46.3810,15.0000
813.727,946.448,69.8092,61.381,61.381,1,3,46.3810,15.0000
813.927,946.648,69.7969,61.381,61.381,1,3,46.3810,15.0000
814.127,946.848,69.7939,61.381,61.381,1,3,46.3810,15.0000
814.327,947.048,69.7988,61.381,61.381,1,3,46.3810,15.0000
814.527,947.248,69.8063,61.381,61.381,1,3,46.3810,15.0000
814.727,947.449,69.8076,61.381,61.381,1,3,46.3810,15.0000
814.927,947.649,69.7922,61.381,61.381,1,3,46.3810,15.0000
815.127,947.849,69.8135,61.381,61.381,1,3,46.3810,15.0000
815.327,948.050,69.8110,61.381,61.381,1,3,46.3810,15.0000
815.527,948.250,69.8106,61.381,61.381,1,3,46.3810,15.0000
815.726,948.450,69.8097,61.381,61.381,1,3,46.3810,15.0000
815.927,948.650,69.8171,61.381,61.381,1,3,46.3810,15.0000
816.127,948.850,69.8203,61.381,61.381,1,3,46.3810,15.0000
816.327,949.050,69.8172,61.381,61.381,1,3,46.3810,15.0000
816.526,949.251,69.8094,61.381,61.381,1,3,46.3810,15.0000
816.726,949.451,69.8066,61.381,61.381,1,3,46.3810,15.0000
816.927,949.651,69.8035,61.381,61.381,1,3,46.3810,15.0000
817.127,949.851,69.8125,61.381,61.381,1,3,46.3810,15.0000
817.327,950.051,69.8140,61.381,61.381,1,3,46.3810,15.0000
817.527,950.252,69.8088,61.381,61.381,1,3,46.3810,15.0000
817.727,950.452,69.8115,61.381,61.381,1,3,46.3810,15.0000
817.927,950.652,69.8037,61.381,61.381,1,3,46.3810,15.0000
818.126,950.852,69.8184,61.381,61.381,1,3,46.3810,15.0000
818.327,951.052,69.8167,61.381,61.381,1,3,46.3810,15.0000
818.527,951.253,69.8074,61.381,61.381,1,3,46.3810,15.0000
818.727,951.453,69.8117,61.381,61.381,1,3,46.3810,15.0000
818.927,951.653,69.8140,61.381,61.381,1,3,46.3810,15.0000
819.126,951.853,69.8140,61.381,61.381,1,3,46.3810,15.0000
819.327,952.053,69.8216,61.381,61.381,1,3,46.3810,15.0000
819.527,952.254,69.8143,61.381,61.381,1,3,46.3810,15.0000
819.727,952.454,69.8101,61.381,61.381,1,3,46.3810,15.0000
819.927,952.654,69.8171,61.381,61.381,1,3,46.3810,15.0000
820.127,952.854,69.8115,61.381,61.381,1,3,46.3810,15.0000
820.327,953.054,69.8167,61.381,61.381,1,3,46.3810,15.0000
820.527,953.255,69.8107,61.381,61.381,1,3,46.3810,15.0000
820.727,953.455,69.8144,61.381,61.381,1,3,46.3810,15.0000
820.927,953.655,69.8094,61.381,61.381,1,3,46.3810,15.0000
821.127,953.855,69.8125,61.381,61.381,1,3,46.3810,15.0000
821.327,954.055,69.8094,61.381,61.381,1,3,46.3810,15.0000
821.527,954.256,69.8136,61.381,61.381,1,3,46.3810,15.0000
821.727,954.456,69.8117,61.381,61.381,1,3,46.3810,15.0000
821.927,954.656,69.8130,61.381,61.381,1,3,46.3810,15.0000
822.127,954.856,69.8120,61.381,61.381,1,3,46.3810,15.0000
822.327,955.056,69.8153,61.381,61.381,1,3,46.3810,15.0000
822.527,955.257,69.8074,61.381,61.381,1,3,46.3810,15.0000
822.727,955.456,69.8094,61.381,61.381,1,3,46.3810,15.0000
822.927,955.657,69.8162,61.381,61.381,1,3,46.3810,15.0000
823.128,955.857,69.8146,61.381,61.381,1,3,46.3810,15.0000
823.327,956.057,69.8203,61.381,61.381,1,3,46.3810,15.0000
823.527,956.258,69.8175,61.381,61.381,1,3,46.3810,15.0000
823.727,956.458,69.8193,61.381,61.381,1,3,46.3810,15.0000
823.927,956.657,69.8151,61.381,61.381,1,3,46.3810,15.0000
824.127,956.857,69.8239,61.381,61.381,1,3,46.3810,15.0000
824.326,957.057,69.8208,61.381,61.381,1,3,46.3810,15.0000
824.527,957.258,69.8252,61.381,61.381,1,3,46.3810,15.0000
824.727,957.459,69.8364,61.381,61.381,1,3,46.3810,15.0000
824.927,957.659,69.8437,61.381,61.381,1,3,46.3810,15.0000
825.126,957.859,69.8335,61.381,61.381,1,3,46.3810,15.0000
825.327,958.059,69.8333,61.381,61.381,1,3,46.3810,15.0000
825.527,958.259,69.8359,61.381,61.381,1,3,46.3810,15.0000
825.727,958.460,69.8465,61.381,61.381,1,3,46.3810,15.0000
825.927,958.660,69.8361,61.381,61.381,1,3,46.3810,15.0000
826.126,958.860,69.8496,61.381,61.381,1,3,46.3810,15.0000
826.327,959.060,69.8504,61.381,61.381,1,3,46.3810,15.0000
826.527,959.260,69.8519,61.381,61.381,1,3,46.3810,15.0000
826.727,959.461,69.8600,61.381,61.381,1,3,46.3810,15.0000
826.926,959.661,69.8745,61.381,61.381,1,3,46.3810,15.0000
827.127,959.861,69.8605,61.381,61.381,1,3,46.3810,15.0000
827.327,960.061,69.8690,61.381,61.381,1,3,46.3810,15.0000
827.527,960.261,69.8727,61.381,61.381,1,3,46.3810,15.0000
827.726,960.462,69.8875,61.381,61.381,1,3,46.3810,15.0000
827.927,960.662,69.8875,61.381,61.381,1,3,46.3810,15.0000
828.127,960.862,69.8851,61.381,61.381,1,3,46.3810,15.0000
828.326,961.062,69.8896,61.381,61.381,1,3,46.3810,15.0000
828.527,961.262,69.8926,61.381,61.381,1,3,46.3810,15.0000
828.727,961.463,69.9074,61.381,61.381,1,3,46.3810,15.0000
828.927,961.663,69.9106,61.381,61.381,1,3,46.3810,15.0000
829.126,961.863,69.9141,61.381,61.381,1,3,46.3810,15.0000
829.327,962.063,69.9136,61.381,61.381,1,3,46.3810,15.0000
829.527,962.263,69.9245,61.381,61.381,1,3,46.3810,15.0000
829.727,962.464,69.9188,61.381,61.381,1,3,46.3810,15.0000
829.927,962.664,69.9308,61.381,61.381,1,3,46.3810,15.0000
830.127,962.864,69.9336,61.381,61.381,1,3,46.3810,15.0000
830.327,963.064,69.9394,61.381,61.381,1,3,46.3810,15.0000
830.527,963.264,69.9429,61.381,61.381,1,3,46.3810,15.0000
830.727,963.465,69.9495,61.381,61.381,1,3,46.3810,15.0000
830.927,963.664,69.9598,61.381,61.381,1,3,46.3810,15.0000
831.126,963.865,69.9507,61.381,61.381,1,3,46.3810,15.0000
831.326,964.065,69.9564,61.381,61.381,1,3,46.3810,15.0000
831.527,964.265,69.9653,61.381,61.381,1,3,46.3810,15.0000
831.727,964.466,69.9684,61.381,61.381,1,3,46.3810,15.0000
831.926,964.665,69.9697,61.381,61.381,1,3,46.3810,15.0000
832.127,964.866,69.9827,61.381,61.381,1,3,46.3810,15.0000
832.327,965.066,69.9800,61.381,61.381,1,3,46.3810,15.0000
832.527,965.266,69.9832,61.381,61.381,1,3,46.3810,15.0000
832.727,965.467,69.9810,61.381,61.381,1,3,46.3810,15.0000
832.927,965.667,69.9888,61.381,61.381,1,3,46.3810,15.0000
833.127,965.867,70.0032,61.381,61.381,1,3,46.3810,15.0000
833.327,966.067,70.0024,61.381,61.381,1,3,46.3810,15.0000
833.527,966.267,70.0083,61.381,61.381,1,3,46.3810,15.0000
833.727,966.467,70.0065,61.381,61.381,1,3,46.3810,15.0000
833.927,966.668,70.0104,61.381,61.381,1,3,46.3810,15.0000
834.127,966.868,70.0093,61.381,61.381,1,3,46.3810,15.0000
834.326,967.068,70.0197,61.381,61.381,1,3,46.3810,15.0000
834.527,967.268,70.0226,61.381,61.381,1,3,46.3810,15.0000
834.727,967.468,70.0155,61.381,61.381,1,3,46.3810,15.0000
834.927,967.669,70.0260,61.381,61.381,1,3,46.3810,15.0000
835.127,967.869,70.0283,61.381,61.381,1,3,46.3810,15.0000
835.326,968.069,70.0352,61.381,61.381,1,3,46.3810,15.0000
835.527,968.269,70.0311,61.381,61.381,1,3,46.3810,15.0000
835.727,968.469,70.0342,61.381,61.381,1,3,46.3810,15.0000
835.927,968.670,70.0381,61.381,61.381,1,3,46.3810,15.0000
836.127,968.870,70.0374,61.381,61.381,1,3,46.3810,15.0000
836.327,969.070,70.0433,61.381,61.381,1,3,46.3810,15.0000
836.527,969.270,70.0381,61.381,61.381,1,3,46.3810,15.0000
836.727,969.470,70.0462,61.381,61.381,1,3,46.3810,15.0000
836.927,969.671,70.0500,61.381,61.381,1,3,46.3810,15.0000
837.127,969.871,70.0478,61.381,61.381,1,3,46.3810,15.0000
837.327,970.071,70.0552,61.381,61.381,1,3,46.3810,15.0000
837.727,970.271,70.0456,61.381,61.381,1,3,46.3810,15.0000
837.727,970.471,70.0600,61.381,61.381,1,3,46.3810,15.0000
837.927,970.672,70.0555,61.381,61.381,1,3,46.3810,15.0000
838.127,970.872,70.0561,61.381,61.381,1,3,46.3810,15.0000
838.327,971.072,70.0574,61.381,61.381,1,3,46.3810,15.0000
838.727,971.272,70.0589,61.381,61.381,1,3,46.3810,15.0000
838.927,971.472,70.0635,61.381,61.381,1,3,46.3810,15.0000
839.126,971.673,70.0672,61.381,61.381,1,3,46.3810,15.0000
839.327,971.873,70.0628,61.381,61.381,1,3,46.3810,15.0000
839.527,972.073,70.0605,61.381,61.381,1,3,46.3810,15.0000
839.727,972.273,70.0708,61.381,61.381,1,3,46.3810,15.0000
839.927,972.473,70.0674,61.381,61.381,1,3,46.3810,15.0000
840.127,972.673,70.0732,61.381,61.381,1,3,46.3810,15.0000
840.327,972.873,70.0732,61.381,61.381,1,3,46.3810,15.0000
840.527,973.074,70.0772,61.381,61.381,1,3,46.3810,15.0000
840.727,973.274,70.0770,61.381,61.381,1,3,46.3810,15.0000
840.927,973.474,70.0806,61.381,61.381,1,3,46.3810,15.0000
841.127,973.675,70.0708,61.381,61.381,1,3,46.3810,15.0000
841.327,973.875,70.0806,61.381,61.381,1,3,46.3810,15.0000
841.527,974.075,70.0869,61.381,61.381,1,3,46.3810,15.0000
841.727,974.275,70.0775,61.381,61.381,1,3,46.3810,15.0000
841.927,974.475,70.0840,61.381,61.381,1,3,46.3810,15.0000
842.127,974.675,70.0794,61.381,61.381,1,3,46.3810,15.0000
842.326,974.876,70.0915,61.381,61.381,1,3,46.3810,15.0000
842.527,975.076,70.0933,61.381,61.381,1,3,46.3810,15.0000
842.727,975.276,70.0952,61.381,61.381,1,3,46.3810,15.0000
842.927,975.476,70.0889,61.381,61.381,1,3,46.3810,15.0000
843.127,975.676,70.0892,61.381,61.381,1,3,46.3810,15.0000
843.327,975.877,70.0991,61.381,61.381,1,3,46.3810,15.0000
843.527,976.077,70.0957,61.381,61.381,1,3,46.3810,15.0000
843.727,976.277,70.0986,61.381,61.381,1,3,46.3810,15.0000
843.927,976.477,70.1017,61.381,61.381,1,3,46.3810,15.0000
844.127,976.677,70.1040,61.381,61.381,1,3,46.3810,15.0000
844.327,976.878,70.1100,61.381,61.381,1,3,46.3810,15.0000
844.527,977.078,70.1092,61.381,61.381,1,3,46.3810,15.0000
844.727,977.278,70.1084,61.381,61.381,1,3,46.3810,15.0000
844.927,977.478,70.1092,61.381,61.381,1,3,46.3810,15.0000
845.127,977.678,70.1185,61.381,61.381,1,3,46.3810,15.0000
845.327,977.879,70.1123,61.381,61.381,1,3,46.3810,15.0000
845.527,978.079,70.1188,61.381,61.381,1,3,46.3810,15.0000
845.727,978.279,70.1245,61.381,61.381,1,3,46.3810,15.0000
845.927,978.479,70.1203,61.381,61.381,1,3,46.3810,15.0000
846.127,978.679,70.1312,61.381,61.381,1,3,46.3810,15.0000
846.327,978.880,70.1377,61.381,61.381,1,3,46.3810,15.0000
846.527,979.080,70.1356,61.381,61.381,1,3,46.3810,15.0000
846.726,979.280,70.1445,61.381,61.381,1,3,46.3810,15.0000
846.927,979.480,70.1470,61.381,61.381,1,3,46.3810,15.0000
847.127,979.680,70.1450,61.381,61.381,1,3,46.3810,15.0000
847.327,979.881,70.1484,61.381,61.381,1,3,46.3810,15.0000
847.527,980.081,70.1558,61.381,61.381,1,3,46.3810,15.0000
847.727,980.281,70.1571,61.381,61.381,1,3,46.3810,15.0000
847.927,980.481,70.1655,61.381,61.381,1,3,46.3810,15.0000
848.126,980.681,70.1654,61.381,61.381,1,3,46.3810,15.0000
848.327,980.882,70.1772,61.381,61.381,1,3,46.3810,15.0000
848.527,981.081,70.1768,61.381,61.381,1,3,46.3810,15.0000
848.727,981.282,70.1807,61.381,61.381,1,3,46.3810,15.0000
848.927,981.482,70.1821,61.381,61.381,1,3,46.3810,15.0000
849.127,981.682,70.1842,61.381,61.381,1,3,46.3810,15.0000
849.327,981.883,70.2028,61.381,61.381,1,3,46.3810,15.0000
849.527,982.083,70.1938,61.381,61.381,1,3,46.3810,15.0000
849.727,982.283,70.2008,61.381,61.381,1,3,46.3810,15.0000
849.927,982.483,70.1987,61.381,61.381,1,3,46.3810,15.0000
850.127,982.683,70.1987,61.381,61.381,1,3,46.3810,15.0000
850.327,982.883,70.2072,61.381,61.381,1,3,46.3810,15.0000
850.527,983.084,70.2238,61.381,61.381,1,3,46.3810,15.0000
850.727,983.284,70.2316,61.381,61.381,1,3,46.3810,15.0000
850.927,983.484,70.2332,61.381,61.381,1,3,46.3810,15.0000
851.127,983.684,70.2355,61.381,61.381,1,3,46.3810,15.0000
851.327,983.884,70.2396,61.381,61.381,1,3,46.3810,15.0000
851.527,984.085,70.2469,61.381,61.381,1,3,46.3810,15.0000
851.727,984.285,70.2484,61.381,61.381,1,3,46.3810,15.0000
851.927,984.485,70.2578,61.381,31.381,0,3,46.3810,15.0000
852.127,984.685,70.2515,61.381,31.381,0,3,46.3810,15.0000
852.327,984.890,70.2607,31.381,31.381,0,3,46.3810,15.0000
852.527,985.087,70.2695,31.381,31.381,0,3,46.3810,15.0000
852.727,985.286,70.2686,31.381,31.381,0,3,46.3810,15.0000
852.927,985.486,70.2759,31.381,31.381,0,3,46.3810,15.0000
853.127,985.686,70.2718,31.381,31.381,0,3,46.3810,15.0000
853.327,985.886,70.2853,31.381,31.381,0,3,46.3810,15.0000
853.527,986.087,70.2826,31.381,31.381,0,3,46.3810,15.0000
853.727,986.287,70.2869,31.381,31.381,0,3,46.3810,15.0000
853.926,986.487,70.2931,31.381,31.381,0,3,46.3810,15.0000
854.127,986.687,70.2990,31.381,31.381,0,3,46.3810,15.0000
854.327,986.886,70.3040,31.381,31.381,0,3,46.3810,15.0000
854.527,987.088,70.3117,31.381,31.381,0,3,46.3810,15.0000
854.727,987.288,70.3048,31.381,31.381,0,3,46.3810,15.0000
854.926,987.488,70.3128,31.381,31.381,0,3,46.3810,15.0000
855.127,987.688,70.3060,31.381,31.381,0,3,46.3810,15.0000
855.327,987.888,70.3174,31.381,31.381,0,3,46.3810,15.0000
855.527,988.089,70.3252,31.381,31.381,0,3,46.3810,15.0000
855.727,988.289,70.3249,31.381,31.381,0,3,46.3810,15.0000
855.926,988.489,70.3257,31.381,31.381,0,3,46.3810,15.0000
856.127,988.689,70.3237,31.381,31.381,0,3,46.3810,15.0000
856.327,988.889,70.3239,31.381,31.381,0,3,46.3810,15.0000
856.527,989.090,70.3379,31.381,31.381,0,3,46.3810,15.0000
856.727,989.289,70.3410,31.381,31.381,0,3,46.3810,15.0000
856.927,989.490,70.3424,31.381,31.381,0,3,46.3810,15.0000
857.127,989.689,70.3447,31.381,31.381,0,3,46.3810,15.0000
857.327,989.890,70.3520,31.381,31.381,0,3,46.3810,15.0000
857.527,990.091,70.3651,31.381,31.381,0,3,46.3810,15.0000
857.727,990.290,70.3608,31.381,31.381,0,3,46.3810,15.0000
857.927,990.491,70.3695,31.381,31.381,0,3,46.3810,15.0000
858.127,990.691,70.3750,31.381,31.381,0,3,46.3810,15.0000
858.327,990.891,70.3838,31.381,31.381,0,3,46.3810,15.0000
858.527,991.092,70.3815,31.381,31.381,0,3,46.3810,15.0000
858.727,991.292,70.3802,31.381,31.381,0,3,46.3810,15.0000
858.927,991.492,70.3875,31.381,31.381,0,3,46.3810,15.0000
859.127,991.692,70.3872,31.381,31.381,0,3,46.3810,15.0000
859.330,991.892,70.3911,31.381,31.381,0,3,46.3810,15.0000
859.527,992.092,70.3936,31.381,31.381,0,3,46.3810,15.0000
859.727,992.293,70.3970,31.381,31.381,0,3,46.3810,15.0000
859.927,992.492,70.4027,31.381,31.381,0,3,46.3810,15.0000
860.127,992.693,70.4006,31.381,31.381,0,3,46.3810,15.0000
860.329,992.893,70.3979,31.381,31.381,0,3,46.3810,15.0000
860.527,993.093,70.4004,31.381,31.381,0,3,46.3810,15.0000
860.727,993.294,70.4059,31.381,31.381,0,3,46.3810,15.0000
860.927,993.494,70.4106,31.381,31.381,0,3,46.3810,15.0000
861.127,993.694,70.4106,31.381,31.381,0,3,46.3810,15.0000
861.327,993.894,70.4158,31.381,31.381,0,3,46.3810,15.0000
861.527,994.094,70.4077,31.381,31.381,0,3,46.3810,15.0000
861.727,994.295,70.4255,31.381,31.381,0,3,46.3810,15.0000
861.927,994.495,70.4225,31.381,31.381,0,3,46.3810,15.0000
862.127,994.695,70.4214,31.381,31.381,0,3,46.3810,15.0000
862.327,994.895,70.4237,31.381,31.381,0,3,46.3810,15.0000
862.527,995.095,70.4194,31.381,31.381,0,3,46.3810,15.0000
862.727,995.296,70.4222,31.381,31.381,0,3,46.3810,15.0000
862.927,995.496,70.4302,31.381,31.381,0,3,46.3810,15.0000
863.127,995.696,70.4206,31.381,31.381,0,3,46.3810,15.0000
863.327,995.896,70.4360,31.381,31.381,0,3,46.3810,15.0000
863.527,996.096,70.4312,31.381,31.381,0,3,46.3810,15.0000
863.727,996.297,70.4419,31.381,31.381,0,3,46.3810,15.0000
863.927,996.497,70.4347,31.381,31.381,0,3,46.3810,15.0000
864.127,996.697,70.4458,31.381,31.381,0,3,46.3810,15.0000
864.327,996.897,70.4393,31.381,31.381,0,3,46.3810,15.0000
864.527,997.097,70.4474,31.381,31.381,0,3,46.3810,15.0000
864.727,997.298,70.4432,31.381,31.381,0,3,46.3810,15.0000
864.926,997.498,70.4455,31.381,31.381,0,3,46.3810,15.0000
865.127,997.698,70.4463,31.381,31.381,0,3,46.3810,15.0000
865.327,997.898,70.4515,31.381,31.381,0,3,46.3810,15.0000
865.527,998.098,70.4507,31.381,31.381,0,3,46.3810,15.0000
865.727,998.299,70.4520,31.381,31.381,0,3,46.3810,15.0000
865.927,998.498,70.4611,31.381,31.381,0,3,46.3810,15.0000
866.127,998.699,70.4673,31.381,31.381,0,3,46.3810,15.0000
866.327,998.899,70.4525,31.381,31.381,0,3,46.3810,15.0000
866.527,999.099,70.4538,31.381,31.381,0,3,46.3810,15.0000
866.727,999.300,70.4528,31.381,31.381,0,3,46.3810,15.0000
866.927,999.500,70.4598,31.381,31.381,0,3,46.3810,15.0000
867.127,999.700,70.4658,31.381,31.381,0,3,46.3810,15.0000
867.326,999.899,70.4551,31.381,31.381,0,3,46.3810,15.0000
867.526,1000.099,70.4604,31.381,31.381,0,3,46.3810,15.0000
867.727,1000.300,70.4603,31.381,31.381,0,3,46.3810,15.0000
867.927,1000.501,70.4609,31.381,31.381,0,3,46.3810,15.0000
868.127,1000.701,70.4666,31.381,31.381,0,3,46.3810,15.0000
868.327,1000.901,70.4614,31.381,31.381,0,3,46.3810,15.0000
868.527,1001.101,70.4683,31.381,31.381,0,3,46.3810,15.0000
868.727,1001.301,70.4670,31.381,31.381,0,3,46.3810,15.0000
868.927,1001.502,70.4652,31.381,31.381,0,3,46.3810,15.0000
869.126,1001.702,70.4647,31.381,31.381,0,3,46.3810,15.0000
869.326,1001.902,70.4609,31.381,31.381,0,3,46.3810,15.0000
869.527,1002.102,70.4660,31.381,31.381,0,3,46.3810,15.0000
869.727,1002.302,70.4692,31.381,31.381,0,3,46.3810,15.0000
869.927,1002.503,70.4655,31.381,31.381,0,3,46.3810,15.0000
870.127,1002.703,70.4681,31.381,31.381,0,3,46.3810,15.0000
870.327,1002.903,70.4728,31.381,31.381,0,3,46.3810,15.0000
870.526,1003.103,70.4608,31.381,31.381,0,3,46.3810,15.0000
870.727,1003.303,70.4653,31.381,31.381,0,3,46.3810,15.0000
870.928,1003.504,70.4582,31.381,31.381,0,3,46.3810,15.0000
871.127,1003.704,70.4652,31.381,31.381,0,3,46.3810,15.0000
871.327,1003.904,70.4627,31.381,31.381,0,3,46.3810,15.0000
871.527,1004.104,70.4810,31.381,31.381,0,3,46.3810,15.0000
871.727,1004.304,70.4603,31.381,31.381,0,3,46.3810,15.0000
871.926,1004.505,70.4715,31.381,31.381,0,3,46.3810,15.0000
872.127,1004.705,70.4648,31.381,31.381,0,3,46.3810,15.0000
872.327,1004.905,70.4624,31.381,31.381,0,3,46.3810,15.0000
872.527,1005.105,70.4632,31.381,31.381,0,3,46.3810,15.0000
872.727,1005.305,70.4575,31.381,31.381,0,3,46.3810,15.0000
872.926,1005.507,70.4621,31.381,31.381,0,3,46.3810,15.0000
873.127,1005.706,70.4741,31.381,31.381,0,3,46.3810,15.0000
873.327,1005.906,70.4614,31.381,31.381,0,3,46.3810,15.0000
873.527,1006.106,70.4598,31.381,31.381,0,3,46.3810,15.0000
873.727,1006.306,70.4595,31.381,31.381,0,3,46.3810,15.0000
873.926,1006.507,70.4536,31.381,31.381,0,3,46.3810,15.0000
874.127,1006.706,70.4536,31.381,31.381,0,3,46.3810,15.0000
874.326,1006.907,70.4497,31.381,31.381,0,3,46.3810,15.0000
874.526,1007.107,70.4525,31.381,31.381,0,3,46.3810,15.0000
874.727,1007.307,70.4595,31.381,31.381,0,3,46.3810,15.0000
874.927,1007.508,70.4510,31.381,31.381,0,3,46.3810,15.0000
875.126,1007.708,70.4382,31.381,31.381,0,3,46.3810,15.0000
875.327,1007.908,70.4490,31.381,31.381,0,3,46.3810,15.0000
875.527,1008.108,70.4490,31.381,31.381,0,3,46.3810,15.0000
875.727,1008.308,70.4429,31.381,31.381,0,3,46.3810,15.0000
875.926,1008.508,70.4356,31.381,31.381,0,3,46.3810,15.0000
876.126,1008.709,70.4370,31.381,31.381,0,3,46.3810,15.0000
876.335,1008.909,70.4453,31.381,31.381,0,3,46.3810,15.0000
882.457,1009.109,70.4377,31.381,31.381,0,3,46.3810,15.0000
882.458,1009.309,70.4338,31.381,31.381,0,3,46.3810,15.0000
882.459,1009.509,70.4334,31.381,31.381,0,3,46.3810,15.0000
882.459,1009.710,70.4328,31.381,31.381,0,3,46.3810,15.0000
882.459,1009.910,70.4266,31.381,31.381,0,3,46.3810,15.0000
882.459,1010.110,70.4290,31.381,31.381,0,3,46.3810,15.0000
882.459,1010.310,70.4277,31.381,31.381,0,3,46.3810,15.0000
882.459,1010.509,70.4224,31.381,31.381,0,3,46.3810,15.0000
882.459,1010.711,70.4222,31.381,31.381,0,3,46.3810,15.0000
882.459,1010.911,70.4126,31.381,31.381,0,3,46.3810,15.0000
882.459,1011.111,70.4173,31.381,31.381,0,3,46.3810,15.0000
882.459,1011.311,70.4141,31.381,31.381,0,3,46.3810,15.0000
882.459,1011.511,70.4061,31.381,31.381,0,3,46.3810,15.0000
882.459,1011.712,70.4035,31.381,31.381,0,3,46.3810,15.0000
882.459,1011.912,70.4053,31.381,31.381,0,3,46.3810,15.0000
882.459,1012.112,70.4049,31.381,31.381,0,3,46.3810,15.0000
882.459,1012.312,70.4020,31.381,31.381,0,3,46.3810,15.0000
882.459,1012.512,70.3944,31.381,31.381,0,3,46.3810,15.0000
882.459,1012.713,70.4035,31.381,31.381,0,3,46.3810,15.0000
882.459,1012.913,70.3953,31.381,31.381,0,3,46.3810,15.0000
882.459,1013.113,70.4051,31.381,31.381,0,3,46.3810,15.0000
882.459,1013.313,70.3900,31.381,31.381,0,3,46.3810,15.0000
882.459,1013.513,70.3999,31.381,31.381,0,3,46.3810,15.0000
882.459,1013.714,70.3926,31.381,31.381,0,3,46.3810,15.0000
882.459,1013.914,70.4022,31.381,31.381,0,3,46.3810,15.0000
882.459,1014.114,70.3944,31.381,31.381,0,3,46.3810,15.0000
882.459,1014.314,70.3955,31.381,31.381,0,3,46.3810,15.0000
882.459,1014.514,70.3892,31.381,31.381,0,3,46.3810,15.0000
882.459,1014.715,70.4023,31.381,31.381,0,3,46.3810,15.0000
882.459,1014.914,70.3989,31.381,31.381,0,3,46.3810,15.0000
882.459,1015.115,70.3852,31.381,31.381,0,3,46.3810,15.0000
883.025,1015.315,70.3857,31.381,31.381,0,3,46.3810,15.0000
883.025,1015.515,70.3800,31.381,31.381,0,3,46.3810,15.0000
883.025,1015.716,70.3838,31.381,31.381,0,3,46.3810,15.0000
883.260,1015.915,70.3833,31.381,31.381,0,3,46.3810,15.0000
883.463,1016.116,70.3813,31.381,31.381,0,3,46.3810,15.0000
883.676,1016.316,70.3846,31.381,31.381,0,3,46.3810,15.0000
883.902,1016.516,70.3753,31.381,31.381,0,3,46.3810,15.0000
884.062,1016.717,70.3851,31.381,31.381,0,3,46.3810,15.0000
884.270,1016.917,70.3835,31.381,31.381,0,3,46.3810,15.0000
884.497,1017.117,70.3730,31.381,31.381,0,3,46.3810,15.0000
884.693,1017.317,70.3778,31.381,31.381,0,3,46.3810,15.0000
884.903,1017.517,70.3802,31.381,31.381,0,3,46.3810,15.0000
885.099,1017.717,70.3784,31.381,31.381,0,3,46.3810,15.0000
885.292,1017.918,70.3823,31.381,31.381,0,3,46.3810,15.0000
885.515,1018.118,70.3815,31.381,31.381,0,3,46.3810,15.0000
885.713,1018.318,70.3735,31.381,31.381,0,3,46.3810,15.0000
885.917,1018.518,70.3711,31.381,31.381,0,3,46.3810,15.0000
886.106,1018.718,70.3743,31.381,31.381,0,3,46.3810,15.0000
886.317,1018.919,70.3638,31.381,31.381,0,3,46.3810,15.0000
886.545,1019.119,70.3667,31.381,31.381,0,3,46.3810,15.0000
887.605,1019.319,70.3706,31.381,31.381,0,3,46.3810,15.0000
887.605,1019.519,70.3647,31.381,31.381,0,3,46.3810,15.0000
887.605,1019.719,70.3789,31.381,31.381,0,3,46.3810,15.0000
887.605,1019.920,70.3667,31.381,31.381,0,3,46.3810,15.0000
887.605,1020.120,70.3620,31.381,31.381,0,3,46.3810,15.0000
887.605,1020.320,70.3615,31.381,31.381,0,3,46.3810,15.0000
887.825,1020.520,70.3545,31.381,31.381,0,3,46.3810,15.0000
888.025,1020.720,70.3574,31.381,31.381,0,3,46.3810,15.0000
888.231,1020.921,70.3486,31.381,31.381,0,3,46.3810,15.0000
888.481,1021.121,70.3467,31.381,31.381,0,3,46.3810,15.0000
888.731,1021.321,70.3389,31.381,31.381,0,3,46.3810,15.0000
889.025,1021.521,70.3392,31.381,31.381,0,3,46.3810,15.0000
889.025,1021.721,70.3398,31.381,31.381,0,3,46.3810,15.0000
889.237,1021.922,70.3363,31.381,31.381,0,3,46.3810,15.0000
889.425,1022.122,70.3447,31.381,31.381,0,3,46.3810,15.0000
889.625,1022.322,70.3271,31.381,31.381,0,3,46.3810,15.0000
889.825,1022.522,70.3299,31.381,31.381,0,3,46.3810,15.0000
890.037,1022.722,70.3242,31.381,31.381,0,3,46.3810,15.0000
890.241,1022.923,70.3257,31.381,31.381,0,3,46.3810,15.0000
890.458,1023.122,70.3302,31.381,31.381,0,3,46.3810,15.0000
890.660,1023.322,70.3180,31.381,31.381,0,3,46.3810,15.0000
890.864,1023.522,70.3172,31.381,31.381,0,3,46.3810,15.0000
891.068,1023.722,70.3208,31.381,31.381,0,3,46.3810,15.0000
891.295,1023.923,70.3068,31.381,31.381,0,3,46.3810,15.0000
891.481,1024.121,70.3061,31.381,31.381,0,3,46.3810,15.0000
891.691,1024.321,70.3112,31.381,31.381,0,3,46.3810,15.0000
891.901,1024.521,70.2954,31.381,31.381,0,3,46.3810,15.0000
892.083,1024.721,70.3024,31.381,31.381,0,3,46.3810,15.0000
892.288,1024.922,70.3042,31.381,31.381,0,3,46.3810,15.0000
892.486,1025.120,70.2980,31.381,31.381,0,3,46.3810,15.0000
892.692,1025.320,70.2905,31.381,31.381,0,3,46.3810,15.0000
892.857,1025.520,70.2908,31.381,31.381,0,3,46.3810,15.0000
893.065,1025.721,70.2920,31.381,31.381,0,3,46.3810,15.0000
893.259,1025.921,70.2827,31.381,31.381,0,3,46.3810,15.0000
893.460,1026.120,70.2817,31.381,31.381,0,3,46.3810,15.0000
893.654,1026.320,70.2915,31.381,31.381,0,3,46.3810,15.0000
893.847,1026.520,70.2785,31.381,31.381,0,3,46.3810,15.0000
894.036,1026.721,70.2861,31.381,31.381,0,3,46.3810,15.0000
894.226,1026.921,70.2788,31.381,31.381,0,3,46.3810,15.0000
894.427,1027.119,70.2646,31.381,31.381,0,3,46.3810,15.0000
894.625,1027.319,70.2695,31.381,31.381,0,3,46.3810,15.0000
894.825,1027.519,70.2690,31.381,31.381,0,3,46.3810,15.0000
895.025,1027.719,70.2580,31.381,31.381,0,3,46.3810,15.0000
895.225,1027.920,70.2664,31.381,31.381,0,3,46.3810,15.0000
895.442,1028.119,70.2609,31.381,31.381,0,3,46.3810,15.0000
895.638,1028.319,70.2609,31.381,31.381,0,3,46.3810,15.0000
895.825,1028.518,70.2607,31.381,31.381,0,3,46.3810,15.0000
896.027,1028.719,70.2515,31.381,31.381,0,3,46.3810,15.0000
896.227,1028.919,70.2524,31.381,31.381,0,3,46.3810,15.0000
896.425,1029.118,70.2578,31.381,31.381,0,3,46.3810,15.0000
896.625,1029.318,70.2497,31.381,31.381,0,3,46.3810,15.0000
896.825,1029.517,70.2436,31.381,31.381,0,3,46.3810,15.0000
897.025,1029.719,70.2407,31.381,31.381,0,3,46.3810,15.0000
897.225,1029.919,70.2436,31.381,31.381,0,3,46.3810,15.0000
897.425,1030.117,70.2466,31.381,31.381,0,3,46.3810,15.0000
897.625,1030.316,70.2355,31.381,31.381,0,3,46.3810,15.0000
897.843,1030.517,70.2347,31.381,31.381,0,3,46.3810,15.0000
898.043,1030.717,70.2396,31.381,31.381,0,3,46.3810,15.0000
898.236,1030.918,70.2352,31.381,31.381,0,3,46.3810,15.0000
898.425,1031.117,70.2269,31.381,31.381,0,3,46.3810,15.0000
898.625,1031.316,70.2288,31.381,31.381,0,3,46.3810,15.0000
898.825,1031.517,70.2316,31.381,31.381,0,3,46.3810,15.0000
899.025,1031.717,70.2262,31.381,31.381,0,3,46.3810,15.0000
899.245,1031.917,70.2100,31.381,31.381,0,3,46.3810,15.0000
899.433,1032.115,70.2230,31.381,31.381,0,3,46.3810,15.0000
899.625,1032.316,70.2220,31.381,31.381,0,3,46.3810,15.0000
899.841,1032.516,70.2150,31.381,31.381,0,3,46.3810,15.0000
900.031,1032.717,70.2246,31.381,31.381,0,3,46.3810,15.0000
900.225,1032.917,70.2088,31.381,31.381,0,3,46.3810,15.0000
900.430,1033.115,70.2098,31.381,31.381,0,3,46.3810,15.0000
900.625,1033.314,70.2100,31.381,31.381,0,3,46.3810,15.0000
900.825,1033.516,70.2065,31.381,31.381,0,3,46.3810,15.0000
901.026,1033.717,70.2008,31.381,31.381,0,3,46.3810,15.0000
901.225,1033.915,70.1958,31.381,31.381,0,3,46.3810,15.0000
901.442,1034.115,70.1966,31.381,31.381,0,3,46.3810,15.0000
901.638,1034.314,70.1921,31.381,31.381,0,3,46.3810,15.0000
901.830,1034.516,70.1914,31.381,31.381,0,3,46.3810,15.0000
902.036,1034.717,70.1909,31.381,31.381,0,3,46.3810,15.0000
902.225,1034.914,70.1833,31.381,31.381,0,3,46.3810,15.0000
902.425,1035.114,70.1841,31.381,31.381,0,3,46.3810,15.0000
902.641,1035.314,70.1841,31.381,31.381,0,3,46.3810,15.0000
902.854,1035.514,70.1834,31.381,31.381,0,3,46.3810,15.0000
903.058,1035.715,70.1766,31.381,31.381,0,3,46.3810,15.0000
903.244,1035.913,70.1650,31.381,31.381,0,3,46.3810,15.0000
903.456,1036.114,70.1605,31.381,31.381,0,3,46.3810,15.0000
903.634,1036.312,70.1619,31.381,31.381,0,3,46.3810,15.0000
903.859,1036.514,70.1532,31.381,31.381,0,3,46.3810,15.0000
904.059,1036.714,70.1523,31.381,31.381,0,3,46.3810,15.0000
904.266,1036.913,70.1479,31.381,31.381,0,3,46.3810,15.0000
904.441,1037.113,70.1460,31.381,31.381,0,3,46.3810,15.0000
904.640,1037.312,70.1356,31.381,31.381,0,3,46.3810,15.0000
904.832,1037.514,70.1338,31.381,31.381,0,3,46.3810,15.0000
905.036,1037.714,70.1317,31.381,31.381,0,3,46.3810,15.0000
905.225,1037.911,70.1232,31.381,31.381,0,3,46.3810,15.0000
905.447,1038.112,70.1237,31.381,31.381,0,3,46.3810,15.0000
905.639,1038.312,70.1144,31.381,31.381,0,3,46.3810,15.0000
905.846,1038.512,70.1162,31.381,31.381,0,3,46.3810,15.0000
906.033,1038.713,70.1061,31.381,31.381,0,3,46.3810,15.0000
906.225,1038.911,70.1004,31.381,31.381,0,3,46.3810,15.0000
906.441,1039.112,70.0991,31.381,31.381,0,3,46.3810,15.0000
906.639,1039.311,70.0879,31.381,31.381,0,3,46.3810,15.0000
906.850,1039.512,70.0921,31.381,31.381,0,3,46.3810,15.0000
907.059,1039.712,70.0869,31.381,31.381,0,3,46.3810,15.0000
907.259,1039.911,70.0765,31.381,31.381,0,3,46.3810,15.0000
907.474,1040.111,70.0679,31.381,31.381,0,3,46.3810,15.0000
907.678,1040.311,70.0737,31.381,31.381,0,3,46.3810,15.0000
907.870,1040.512,70.0721,31.381,31.381,0,3,46.3810,15.0000
908.114,1040.712,70.0644,31.381,31.381,0,3,46.3810,15.0000
908.303,1040.910,70.0602,31.381,31.381,0,3,46.3810,15.0000
908.472,1041.109,70.0555,31.381,31.381,0,3,46.3810,15.0000
908.671,1041.310,70.0478,31.381,31.381,0,3,46.3810,15.0000
908.841,1041.510,70.0485,31.381,31.381,0,3,46.3810,15.0000
909.028,1041.711,70.0415,31.381,31.381,0,3,46.3810,15.0000
909.240,1041.910,70.0342,31.381,31.381,0,3,46.3810,15.0000
909.443,1042.109,70.0317,31.381,31.381,0,3,46.3810,15.0000
909.655,1042.309,70.0342,31.381,31.381,0,3,46.3810,15.0000
909.864,1042.510,70.0324,31.381,31.381,0,3,46.3810,15.0000
910.060,1042.710,70.0225,31.381,31.381,0,3,46.3810,15.0000
910.248,1042.909,70.0109,31.381,31.381,0,3,46.3810,15.0000
910.446,1043.109,70.0145,31.381,31.381,0,3,46.3810,15.0000
910.630,1043.309,70.0021,31.381,31.381,0,3,46.3810,15.0000
910.828,1043.510,70.0052,31.381,31.381,0,3,46.3810,15.0000
911.028,1043.708,69.9902,31.381,31.381,0,3,46.3810,15.0000
911.225,1043.909,69.9936,31.381,31.381,0,3,46.3810,15.0000
911.425,1044.107,69.9806,31.381,31.381,0,3,46.3810,15.0000
911.625,1044.309,69.9906,31.381,31.381,0,3,46.3810,15.0000
911.825,1044.508,69.9814,31.381,31.381,0,3,46.3810,15.0000
912.082,1044.709,69.9668,31.381,31.381,0,3,46.3810,15.0000
912.280,1044.908,69.9614,31.381,31.381,0,3,46.3810,15.0000
912.457,1045.106,69.9562,31.381,31.381,0,3,46.3810,15.0000
912.658,1045.308,69.9616,31.381,31.381,0,3,46.3810,15.0000
912.878,1045.508,69.9526,31.381,31.381,0,3,46.3810,15.0000
913.089,1045.708,69.9521,31.381,31.381,0,3,46.3810,15.0000
913.274,1045.907,69.9453,31.381,31.381,0,3,46.3810,15.0000
913.474,1046.107,69.9336,31.381,31.381,0,3,46.3810,15.0000
913.688,1046.307,69.9409,31.381,31.381,0,3,46.3810,15.0000
913.864,1046.508,69.9303,31.381,31.381,0,3,46.3810,15.0000
914.057,1046.707,69.9230,31.381,31.381,0,3,46.3810,15.0000
914.247,1046.907,69.9100,31.381,31.381,0,3,46.3810,15.0000
914.425,1047.106,69.9095,31.381,31.381,0,3,46.3810,15.0000
914.625,1047.306,69.8937,31.381,31.381,0,3,46.3810,15.0000
914.830,1047.508,69.8984,31.381,31.381,0,3,46.3810,15.0000
915.026,1047.706,69.8903,31.381,31.381,0,3,46.3810,15.0000
915.225,1047.906,69.8820,31.381,31.381,0,3,46.3810,15.0000
915.430,1048.106,69.8740,31.381,31.381,0,3,46.3810,15.0000
915.625,1048.306,69.8716,31.381,31.381,0,3,46.3810,15.0000
915.829,1048.506,69.8488,31.381,31.381,0,3,46.3810,15.0000
916.040,1048.705,69.8468,31.381,31.381,0,3,46.3810,15.0000
916.240,1048.905,69.8496,31.381,31.381,0,3,46.3810,15.0000
916.443,1049.106,69.8341,31.381,31.381,0,3,46.3810,15.0000
916.651,1049.305,69.8437,31.381,31.381,0,3,46.3810,15.0000
916.868,1049.506,69.8359,31.381,31.381,0,3,46.3810,15.0000
917.092,1049.704,69.8258,31.381,31.381,0,3,46.3810,15.0000
917.300,1049.904,69.8228,31.381,31.381,0,3,46.3810,15.0000
917.507,1050.103,69.8158,31.381,31.381,0,3,46.3810,15.0000
917.686,1050.305,69.8097,31.381,31.381,0,3,46.3810,15.0000
917.918,1050.504,69.8018,31.381,31.381,0,3,46.3810,15.0000
918.097,1050.704,69.7982,31.381,31.381,0,3,46.3810,15.0000
918.284,1050.904,69.7944,31.381,31.381,0,3,46.3810,15.0000
918.489,1051.103,69.7878,31.381,31.381,0,3,46.3810,15.0000
918.675,1051.305,69.7803,31.381,31.381,0,3,46.3810,15.0000
918.878,1051.504,69.7757,31.381,31.381,0,3,46.3810,15.0000
919.084,1051.703,69.7562,31.381,31.381,0,3,46.3810,15.0000
919.272,1051.903,69.7645,31.381,31.381,0,3,46.3810,15.0000
919.464,1052.103,69.7567,31.381,31.381,0,3,46.3810,15.0000
919.657,1052.303,69.7541,31.381,31.381,0,3,46.3810,15.0000
919.843,1052.504,69.7469,31.381,63.560,1,4,48.5599,15.0000
920.037,1052.708,69.7396,63.560,63.560,1,4,48.5599,15.0000
920.236,1052.902,69.7347,63.560,63.560,1,4,48.5599,15.0000
920.444,1053.102,69.7314,63.560,63.560,1,4,48.5599,15.0000
920.649,1053.303,69.7310,63.560,63.560,1,4,48.5599,15.0000
920.841,1053.503,69.7051,63.560,63.560,1,4,48.5599,15.0000
921.043,1053.702,69.7158,63.560,63.560,1,4,48.5599,15.0000
921.247,1053.902,69.7065,63.560,63.560,1,4,48.5599,15.0000
921.454,1054.102,69.6950,63.560,63.560,1,4,48.5599,15.0000
921.654,1054.303,69.7028,63.560,63.560,1,4,48.5599,15.0000
921.845,1054.502,69.6932,63.560,63.560,1,4,48.5599,15.0000
922.105,1054.702,69.6694,63.560,63.560,1,4,48.5599,15.0000
922.287,1054.900,69.6698,63.560,63.560,1,4,48.5599,15.0000
922.496,1055.102,69.6590,63.560,63.560,1,4,48.5599,15.0000
922.635,1055.301,69.6634,63.560,63.560,1,4,48.5599,15.0000
922.837,1055.502,69.6406,63.560,63.560,1,4,48.5599,15.0000
923.056,1055.701,69.6390,63.560,63.560,1,4,48.5599,15.0000
923.251,1055.900,69.6353,63.560,63.560,1,4,48.5599,15.0000
923.452,1056.100,69.6297,63.560,63.560,1,4,48.5599,15.0000
923.676,1056.301,69.6138,63.560,63.560,1,4,48.5599,15.0000
923.910,1056.501,69.6011,63.560,63.560,1,4,48.5599,15.0000
924.093,1056.700,69.5998,63.560,63.560,1,4,48.5599,15.0000
924.276,1056.900,69.5850,63.560,63.560,1,4,48.5599,15.0000
924.510,1057.100,69.5918,63.560,63.560,1,4,48.5599,15.0000
924.695,1057.301,69.5703,63.560,63.560,1,4,48.5599,15.0000
924.855,1057.501,69.5723,63.560,63.560,1,4,48.5599,15.0000
925.053,1057.700,69.5552,63.560,63.560,1,4,48.5599,15.0000
925.243,1057.898,69.5638,63.560,63.560,1,4,48.5599,15.0000
925.449,1058.100,69.5544,63.560,63.560,1,4,48.5599,15.0000
925.639,1058.301,69.5338,63.560,63.560,1,4,48.5599,15.0000
925.839,1058.500,69.5299,63.560,63.560,1,4,48.5599,15.0000
926.027,1058.699,69.5264,63.560,63.560,1,4,48.5599,15.0000
926.495,1058.898,69.5198,63.560,63.560,1,4,48.5599,15.0000
926.495,1059.100,69.5163,63.560,63.560,1,4,48.5599,15.0000
926.709,1059.299,69.5094,63.560,63.560,1,4,48.5599,15.0000
926.877,1059.498,69.5008,63.560,63.560,1,4,48.5599,15.0000
927.041,1059.698,69.4863,63.560,63.560,1,4,48.5599,15.0000
927.237,1059.898,69.4805,63.560,63.560,1,4,48.5599,15.0000
927.438,1060.098,69.4759,63.560,63.560,1,4,48.5599,15.0000
927.629,1060.299,69.4679,63.560,63.560,1,4,48.5599,15.0000
927.829,1060.498,69.4629,63.560,63.560,1,4,48.5599,15.0000
928.025,1060.698,69.4536,63.560,63.560,1,4,48.5599,15.0000
928.225,1060.896,69.4473,63.560,63.560,1,4,48.5599,15.0000
928.426,1061.098,69.4281,63.560,63.560,1,4,48.5599,15.0000
928.625,1061.299,69.4277,63.560,63.560,1,4,48.5599,15.0000
928.834,1061.497,69.4207,63.560,63.560,1,4,48.5599,15.0000
929.079,1061.697,69.4035,63.560,63.560,1,4,48.5599,15.0000
929.275,1061.896,69.4072,63.560,63.560,1,4,48.5599,15.0000
929.474,1062.098,69.4022,63.560,63.560,1,4,48.5599,15.0000
929.677,1062.296,69.3908,63.560,63.560,1,4,48.5599,15.0000
929.898,1062.496,69.3755,63.560,63.560,1,4,48.5599,15.0000
930.085,1062.696,69.3682,63.560,63.560,1,4,48.5599,15.0000
930.308,1062.896,69.3626,63.560,63.560,1,4,48.5599,15.0000
930.470,1063.096,69.3493,63.560,63.560,1,4,48.5599,15.0000
930.700,1063.297,69.3379,63.560,63.560,1,4,48.5599,15.0000
930.891,1063.496,69.3340,63.560,63.560,1,4,48.5599,15.0000
931.091,1063.696,69.3310,63.560,63.560,1,4,48.5599,15.0000
931.296,1063.894,69.3197,63.560,63.560,1,4,48.5599,15.0000
931.508,1064.096,69.3117,63.560,63.560,1,4,48.5599,15.0000
931.682,1064.296,69.3105,63.560,63.560,1,4,48.5599,15.0000
931.908,1064.495,69.2948,63.560,63.560,1,4,48.5599,15.0000
932.096,1064.695,69.2951,63.560,63.560,1,4,48.5599,15.0000
932.179,1064.894,69.2837,63.560,63.560,1,4,48.5599,15.0000
932.527,1065.096,69.2713,63.560,63.560,1,4,48.5599,15.0000
932.727,1065.296,69.2684,63.560,63.560,1,4,48.5599,15.0000
932.926,1065.494,69.2549,63.560,63.560,1,4,48.5599,15.0000
933.127,1065.694,69.2505,63.560,63.560,1,4,48.5599,15.0000
933.327,1065.894,69.2417,63.560,63.560,1,4,48.5599,15.0000
933.527,1066.094,69.2399,63.560,63.560,1,4,48.5599,15.0000
933.727,1066.295,69.2344,63.560,63.560,1,4,48.5599,15.0000
933.927,1066.494,69.2212,63.560,63.560,1,4,48.5599,15.0000
934.127,1066.693,69.2085,63.560,63.560,1,4,48.5599,15.0000
934.327,1066.893,69.2034,63.560,63.560,1,4,48.5599,15.0000
934.527,1067.094,69.2077,63.560,63.560,1,4,48.5599,15.0000
934.727,1067.294,69.1981,63.560,63.560,1,4,48.5599,15.0000
934.927,1067.493,69.1906,63.560,63.560,1,4,48.5599,15.0000
935.127,1067.693,69.1828,63.560,63.560,1,4,48.5599,15.0000
935.327,1067.893,69.1772,63.560,63.560,1,4,48.5599,15.0000
935.527,1068.094,69.1724,63.560,63.560,1,4,48.5599,15.0000
935.727,1068.294,69.1631,63.560,63.560,1,4,48.5599,15.0000
935.927,1068.493,69.1626,63.560,63.560,1,4,48.5599,15.0000
936.127,1068.691,69.1453,63.560,63.560,1,4,48.5599,15.0000
936.327,1068.892,69.1362,63.560,63.560,1,4,48.5599,15.0000
936.527,1069.092,69.1302,63.560,63.560,1,4,48.5599,15.0000
936.727,1069.293,69.1240,63.560,63.560,1,4,48.5599,15.0000
936.927,1069.492,69.1201,63.560,63.560,1,4,48.5599,15.0000
937.127,1069.691,69.1126,63.560,63.560,1,4,48.5599,15.0000
937.327,1069.892,69.0996,63.560,63.560,1,4,48.5599,15.0000
937.527,1070.092,69.1012,63.560,63.560,1,4,48.5599,15.0000
937.727,1070.292,69.0950,63.560,63.560,1,4,48.5599,15.0000
937.926,1070.491,69.0791,63.560,63.560,1,4,48.5599,15.0000
938.127,1070.691,69.0814,63.560,63.560,1,4,48.5599,15.0000
938.326,1070.891,69.0706,63.560,63.560,1,4,48.5599,15.0000
938.527,1071.092,69.0700,63.560,63.560,1,4,48.5599,15.0000
938.726,1071.292,69.0659,63.560,63.560,1,4,48.5599,15.0000
938.927,1071.490,69.0576,63.560,63.560,1,4,48.5599,15.0000
939.127,1071.690,69.0532,63.560,63.560,1,4,48.5599,15.0000
939.326,1071.890,69.0428,63.560,63.560,1,4,48.5599,15.0000
939.527,1072.092,69.0435,63.560,63.560,1,4,48.5599,15.0000
939.726,1072.290,69.0329,63.560,63.560,1,4,48.5599,15.0000
939.927,1072.490,69.0293,63.560,63.560,1,4,48.5599,15.0000
940.127,1072.690,69.0207,63.560,63.560,1,4,48.5599,15.0000
940.327,1072.890,69.0137,63.560,63.560,1,4,48.5599,15.0000
940.527,1073.092,69.0075,63.560,63.560,1,4,48.5599,15.0000
940.727,1073.289,69.0019,63.560,63.560,1,4,48.5599,15.0000
940.927,1073.489,68.9990,63.560,63.560,1,4,48.5599,15.0000
941.127,1073.689,69.0005,63.560,63.560,1,4,48.5599,15.0000
941.327,1073.889,68.9774,63.560,63.560,1,4,48.5599,15.0000
941.527,1074.090,68.9810,63.560,63.560,1,4,48.5599,15.0000
941.727,1074.288,68.9696,63.560,63.560,1,4,48.5599,15.0000
941.927,1074.489,68.9671,63.560,63.560,1,4,48.5599,15.0000
942.126,1074.688,68.9593,63.560,63.560,1,4,48.5599,15.0000
942.327,1074.888,68.9588,63.560,63.560,1,4,48.5599,15.0000
942.527,1075.088,68.9487,63.560,63.560,1,4,48.5599,15.0000
942.727,1075.288,68.9473,63.560,63.560,1,4,48.5599,15.0000
942.927,1075.488,68.9406,63.560,63.560,1,4,48.5599,15.0000
943.127,1075.688,68.9331,63.560,63.560,1,4,48.5599,15.0000
943.327,1075.888,68.9338,63.560,63.560,1,4,48.5599,15.0000
943.527,1076.088,68.9298,63.560,63.560,1,4,48.5599,15.0000
943.727,1076.287,68.9146,63.560,63.560,1,4,48.5599,15.0000
943.927,1076.487,68.9136,63.560,63.560,1,4,48.5599,15.0000
944.127,1076.687,68.9043,63.560,63.560,1,4,48.5599,15.0000
944.327,1076.887,68.9019,63.560,63.560,1,4,48.5599,15.0000
944.527,1077.088,68.9004,63.560,63.560,1,4,48.5599,15.0000
944.727,1077.287,68.8789,63.560,63.560,1,4,48.5599,15.0000
944.927,1077.487,68.8792,63.560,63.560,1,4,48.5599,15.0000
945.127,1077.686,68.8677,63.560,63.560,1,4,48.5599,15.0000
945.327,1077.887,68.8761,63.560,63.560,1,4,48.5599,15.0000
945.527,1078.086,68.8665,63.560,63.560,1,4,48.5599,15.0000
945.727,1078.286,68.8594,63.560,63.560,1,4,48.5599,15.0000
945.927,1078.486,68.8597,63.560,63.560,1,4,48.5599,15.0000
946.127,1078.685,68.8420,63.560,63.560,1,4,48.5599,15.0000
946.327,1078.887,68.8410,63.560,63.560,1,4,48.5599,15.0000
946.527,1079.086,68.8397,63.560,63.560,1,4,48.5599,15.0000
946.727,1079.285,68.8275,63.560,63.560,1,4,48.5599,15.0000
946.927,1079.484,68.8310,63.560,63.560,1,4,48.5599,15.0000
947.127,1079.685,68.8187,63.560,63.560,1,4,48.5599,15.0000
947.327,1079.885,68.8127,63.560,63.560,1,4,48.5599,15.0000
947.527,1080.086,68.8144,63.560,63.560,1,4,48.5599,15.0000
947.727,1080.285,68.8076,63.560,63.560,1,4,48.5599,15.0000
947.927,1080.484,68.8052,63.560,63.560,1,4,48.5599,15.0000
948.127,1080.685,68.8018,63.560,63.560,1,4,48.5599,15.0000
948.327,1080.885,68.7969,63.560,63.560,1,4,48.5599,15.0000
948.527,1081.085,68.7948,63.560,63.560,1,4,48.5599,15.0000
948.727,1081.284,68.7764,63.560,63.560,1,4,48.5599,15.0000
948.927,1081.484,68.7832,63.560,63.560,1,4,48.5599,15.0000
949.127,1081.684,68.7762,63.560,63.560,1,4,48.5599,15.0000
949.327,1081.885,68.7726,63.560,63.560,1,4,48.5599,15.0000
949.527,1082.085,68.7698,63.560,63.560,1,4,48.5599,15.0000
949.727,1082.284,68.7646,63.560,63.560,1,4,48.5599,15.0000
949.926,1082.482,68.7638,63.560,63.560,1,4,48.5599,15.0000
950.127,1082.684,68.7646,63.560,63.560,1,4,48.5599,15.0000
950.327,1082.883,68.7594,63.560,63.560,1,4,48.5599,15.0000
950.527,1083.084,68.7536,63.560,63.560,1,4,48.5599,15.0000
950.727,1083.283,68.7471,63.560,63.560,1,4,48.5599,15.0000
950.927,1083.482,68.7435,63.560,63.560,1,4,48.5599,15.0000
951.127,1083.684,68.7466,63.560,63.560,1,4,48.5599,15.0000
951.327,1083.883,68.7248,63.560,63.560,1,4,48.5599,15.0000
951.527,1084.083,68.7422,63.560,63.560,1,4,48.5599,15.0000
951.727,1084.282,68.7321,63.560,63.560,1,4,48.5599,15.0000
951.927,1084.482,68.7248,63.560,63.560,1,4,48.5599,15.0000
952.127,1084.682,68.7272,63.560,63.560,1,4,48.5599,15.0000
952.327,1084.883,68.7230,63.560,63.560,1,4,48.5599,15.0000
952.527,1085.083,68.7103,63.560,63.560,1,4,48.5599,15.0000
952.727,1085.282,68.7225,63.560,63.560,1,4,48.5599,15.0000
952.927,1085.480,68.7117,63.560,63.560,1,4,48.5599,15.0000
953.127,1085.682,68.7217,63.560,63.560,1,4,48.5599,15.0000
953.327,1085.883,68.7139,63.560,63.560,1,4,48.5599,15.0000
953.526,1086.081,68.7108,63.560,63.560,1,4,48.5599,15.0000
953.727,1086.281,68.6955,63.560,63.560,1,4,48.5599,15.0000
953.927,1086.480,68.7108,63.560,63.560,1,4,48.5599,15.0000
954.127,1086.682,68.7038,63.560,63.560,1,4,48.5599,15.0000
954.327,1086.883,68.6994,63.560,63.560,1,4,48.5599,15.0000
954.527,1087.081,68.6956,63.560,63.560,1,4,48.5599,15.0000
954.727,1087.280,68.6986,63.560,63.560,1,4,48.5599,15.0000
954.927,1087.480,68.6938,63.560,63.560,1,4,48.5599,15.0000
955.127,1087.680,68.6885,63.560,63.560,1,4,48.5599,15.0000
955.327,1087.881,68.6912,63.560,63.560,1,4,48.5599,15.0000
955.527,1088.079,68.6919,63.560,63.560,1,4,48.5599,15.0000
955.727,1088.280,68.6846,63.560,63.560,1,4,48.5599,15.0000
955.927,1088.478,68.6792,63.560,63.560,1,4,48.5599,15.0000
956.127,1088.680,68.6777,63.560,63.560,1,4,48.5599,15.0000
956.327,1088.880,68.6820,63.560,63.560,1,4,48.5599,15.0000
956.527,1089.079,68.6857,63.560,63.560,1,4,48.5599,15.0000
956.727,1089.279,68.6755,63.560,63.560,1,4,48.5599,15.0000
956.927,1089.478,68.6756,63.560,63.560,1,4,48.5599,15.0000
957.127,1089.680,68.6709,63.560,63.560,1,4,48.5599,15.0000
957.326,1089.880,68.6714,63.560,63.560,1,4,48.5599,15.0000
957.527,1090.078,68.6716,63.560,63.560,1,4,48.5599,15.0000
957.727,1090.278,68.6707,63.560,63.560,1,4,48.5599,15.0000
957.927,1090.478,68.6750,63.560,63.560,1,4,48.5599,15.0000
958.127,1090.678,68.6611,63.560,63.560,1,4,48.5599,15.0000
958.326,1090.879,68.6717,63.560,63.560,1,4,48.5599,15.0000
958.527,1091.078,68.6663,63.560,63.560,1,4,48.5599,15.0000
958.727,1091.278,68.6645,63.560,63.560,1,4,48.5599,15.0000
958.926,1091.476,68.6629,63.560,63.560,1,4,48.5599,15.0000
959.127,1091.678,68.6616,63.560,63.560,1,4,48.5599,15.0000
959.327,1091.878,68.6616,63.560,63.560,1,4,48.5599,15.0000
959.527,1092.077,68.6588,63.560,63.560,1,4,48.5599,15.0000
959.727,1092.277,68.6519,63.560,63.560,1,4,48.5599,15.0000
959.927,1092.476,68.6592,63.560,63.560,1,4,48.5599,15.0000
960.127,1092.678,68.6631,63.560,63.560,1,4,48.5599,15.0000
960.326,1092.878,68.6413,63.560,63.560,1,4,48.5599,15.0000
960.527,1093.076,68.6519,63.560,63.560,1,4,48.5599,15.0000
960.727,1093.275,68.6408,63.560,63.560,1,4,48.5599,15.0000
960.926,1093.476,68.6447,63.560,63.560,1,4,48.5599,15.0000
961.127,1093.676,68.6457,63.560,63.560,1,4,48.5599,15.0000
961.327,1093.877,68.6484,63.560,63.560,1,4,48.5599,15.0000
961.527,1094.076,68.6393,63.560,63.560,1,4,48.5599,15.0000
961.727,1094.275,68.6333,63.560,63.560,1,4,48.5599,15.0000
961.927,1094.475,68.6369,63.560,63.560,1,4,48.5599,15.0000
962.127,1094.676,68.6333,63.560,63.560,1,4,48.5599,15.0000
962.327,1094.876,68.6341,63.560,63.560,1,4,48.5599,15.0000
962.526,1095.075,68.6307,63.560,63.560,1,4,48.5599,15.0000
962.727,1095.275,68.6341,63.560,63.560,1,4,48.5599,15.0000
962.927,1095.474,68.6276,63.560,63.560,1,4,48.5599,15.0000
963.127,1095.676,68.6338,63.560,63.560,1,4,48.5599,15.0000
963.327,1095.876,68.6370,63.560,63.560,1,4,48.5599,15.0000
963.527,1096.074,68.6362,63.560,63.560,1,4,48.5599,15.0000
963.727,1096.275,68.6308,63.560,63.560,1,4,48.5599,15.0000
963.927,1096.475,68.6372,63.560,63.560,1,4,48.5599,15.0000
964.127,1096.676,68.6354,63.560,63.560,1,4,48.5599,15.0000
964.326,1096.875,68.6317,63.560,63.560,1,4,48.5599,15.0000
964.527,1097.074,68.6274,63.560,63.560,1,4,48.5599,15.0000
964.727,1097.274,68.6255,63.560,63.560,1,4,48.5599,15.0000
964.927,1097.474,68.6328,63.560,63.560,1,4,48.5599,15.0000
965.127,1097.674,68.6315,63.560,63.560,1,4,48.5599,15.0000
965.327,1097.873,68.6256,63.560,63.560,1,4,48.5599,15.0000
965.527,1098.073,68.6284,63.560,63.560,1,4,48.5599,15.0000
965.727,1098.273,68.6206,63.560,63.560,1,4,48.5599,15.0000
965.927,1098.473,68.6208,63.560,63.560,1,4,48.5599,15.0000
966.127,1098.674,68.6190,63.560,63.560,1,4,48.5599,15.0000
966.127,1098.872,68.6201,63.560,63.560,1,4,48.5599,15.0000
966.327,1099.072,68.6216,63.560,63.560,1,4,48.5599,15.0000
966.527,1099.272,68.6255,63.560,63.560,1,4,48.5599,15.0000
966.927,1099.472,68.6097,63.560,63.560,1,4,48.5599,15.0000
966.927,1099.672,68.6191,63.560,63.560,1,4,48.5599,15.0000
967.127,1099.872,68.6172,63.560,63.560,1,4,48.5599,15.0000
967.327,1100.072,68.6183,63.560,63.560,1,4,48.5599,15.0000
967.727,1100.272,68.6162,63.560,63.560,1,4,48.5599,15.0000
967.926,1100.472,68.6167,63.560,63.560,1,4,48.5599,15.0000
967.926,1100.670,68.6177,63.560,63.560,1,4,48.5599,15.0000
968.126,1100.871,68.6121,63.560,63.560,1,4,48.5599,15.0000
968.326,1101.071,68.6190,63.560,63.560,1,4,48.5599,15.0000
968.527,1101.271,68.6190,63.560,63.560,1,4,48.5599,15.0000
968.927,1101.471,68.6151,63.560,63.560,1,4,48.5599,15.0000
968.927,1101.672,68.6079,63.560,63.560,1,4,48.5599,15.0000
969.127,1101.871,68.6144,63.560,63.560,1,4,48.5599,15.0000
969.327,1102.071,68.6191,63.560,63.560,1,4,48.5599,15.0000
969.527,1102.270,68.6186,63.560,63.560,1,4,48.5599,15.0000
969.727,1102.471,68.6330,63.560,63.560,1,4,48.5599,15.0000
969.927,1102.670,68.6221,63.560,63.560,1,4,48.5599,15.0000
970.127,1102.869,68.6266,63.560,63.560,1,4,48.5599,15.0000
970.327,1103.070,68.6133,63.560,63.560,1,4,48.5599,15.0000
970.527,1103.270,68.6159,63.560,63.560,1,4,48.5599,15.0000
970.727,1103.471,68.6294,63.560,63.560,1,4,48.5599,15.0000
970.927,1103.670,68.6255,63.560,63.560,1,4,48.5599,15.0000
971.126,1103.869,68.6265,63.560,63.560,1,4,48.5599,15.0000
971.327,1104.069,68.6326,63.560,63.560,1,4,48.5599,15.0000
971.527,1104.269,68.6315,63.560,63.560,1,4,48.5599,15.0000
971.727,1104.469,68.6323,63.560,63.560,1,4,48.5599,15.0000
971.927,1104.670,68.6346,63.560,63.560,1,4,48.5599,15.0000
972.127,1104.869,68.6292,63.560,63.560,1,4,48.5599,15.0000
972.327,1105.069,68.6377,63.560,63.560,1,4,48.5599,15.0000
972.527,1105.268,68.6315,63.560,63.560,1,4,48.5599,15.0000
972.727,1105.469,68.6289,63.560,63.560,1,4,48.5599,15.0000
972.927,1105.669,68.6393,63.560,63.560,1,4,48.5599,15.0000
973.126,1105.868,68.6362,63.560,63.560,1,4,48.5599,15.0000
973.326,1106.068,68.6401,63.560,63.560,1,4,48.5599,15.0000
973.527,1106.268,68.6323,63.560,63.560,1,4,48.5599,15.0000
973.727,1106.469,68.6375,63.560,63.560,1,4,48.5599,15.0000
973.927,1106.669,68.6429,63.560,63.560,1,4,48.5599,15.0000
974.127,1106.867,68.6538,63.560,63.560,1,4,48.5599,15.0000
974.327,1107.066,68.6533,63.560,63.560,1,4,48.5599,15.0000
974.527,1107.268,68.6499,63.560,63.560,1,4,48.5599,15.0000
974.727,1107.467,68.6577,63.560,63.560,1,4,48.5599,15.0000
974.926,1107.668,68.6590,63.560,63.560,1,4,48.5599,15.0000
975.127,1107.867,68.6655,63.560,63.560,1,4,48.5599,15.0000
975.327,1108.064,68.6681,63.560,63.560,1,4,48.5599,15.0000
975.527,1108.268,68.6675,63.560,63.560,1,4,48.5599,15.0000
975.727,1108.467,68.6681,63.560,63.560,1,4,48.5599,15.0000
975.926,1108.667,68.6824,63.560,63.560,1,4,48.5599,15.0000
976.127,1108.865,68.6934,63.560,63.560,1,4,48.5599,15.0000
976.327,1109.066,68.6903,63.560,63.560,1,4,48.5599,15.0000
976.527,1109.266,68.7021,63.560,63.560,1,4,48.5599,15.0000
976.727,1109.467,68.6903,63.560,63.560,1,4,48.5599,15.0000
976.926,1109.667,68.6899,63.560,63.560,1,4,48.5599,15.0000
977.127,1109.866,68.7017,63.560,63.560,1,4,48.5599,15.0000
977.327,1110.064,68.7126,63.560,63.560,1,4,48.5599,15.0000
977.527,1110.266,68.7060,63.560,63.560,1,4,48.5599,15.0000
977.727,1110.467,68.7108,63.560,63.560,1,4,48.5599,15.0000
977.927,1110.666,68.7085,63.560,63.560,1,4,48.5599,15.0000
978.137,1110.865,68.7163,63.560,63.560,1,4,48.5599,15.0000
978.327,1111.064,68.7217,63.560,63.560,1,4,48.5599,15.0000
978.526,1111.266,68.7256,63.560,63.560,1,4,48.5599,15.0000
978.726,1111.467,68.7295,63.560,63.560,1,4,48.5599,15.0000
978.926,1111.665,68.7287,63.560,63.560,1,4,48.5599,15.0000
979.127,1111.864,68.7410,63.560,63.560,1,4,48.5599,15.0000
979.327,1112.064,68.7399,63.560,63.560,1,4,48.5599,15.0000
979.527,1112.264,68.7378,63.560,63.560,1,4,48.5599,15.0000
979.727,1112.465,68.7534,63.560,63.560,1,4,48.5599,15.0000
979.927,1112.664,68.7520,63.560,63.560,1,4,48.5599,15.0000
980.127,1112.864,68.7590,63.560,63.560,1,4,48.5599,15.0000
980.327,1113.062,68.7495,63.560,63.560,1,4,48.5599,15.0000
980.527,1113.264,68.7690,63.560,63.560,1,4,48.5599,15.0000
980.726,1113.464,68.7591,63.560,63.560,1,4,48.5599,15.0000
980.926,1113.663,68.7695,63.560,63.560,1,4,48.5599,15.0000
981.127,1113.863,68.7795,63.560,63.560,1,4,48.5599,15.0000
981.327,1114.062,68.7891,63.560,63.560,1,4,48.5599,15.0000
981.527,1114.264,68.7847,63.560,63.560,1,4,48.5599,15.0000
981.727,1114.464,68.7913,63.560,63.560,1,4,48.5599,15.0000
981.926,1114.662,68.7900,63.560,63.560,1,4,48.5599,15.0000
982.127,1114.862,68.8008,63.560,63.560,1,4,48.5599,15.0000
982.326,1115.062,68.8019,63.560,63.560,1,4,48.5599,15.0000
982.527,1115.262,68.8091,63.560,63.560,1,4,48.5599,15.0000
982.726,1115.463,68.8164,63.560,63.560,1,4,48.5599,15.0000
982.927,1115.662,68.8153,63.560,63.560,1,4,48.5599,15.0000
983.127,1115.862,68.8245,63.560,63.560,1,4,48.5599,15.0000
983.327,1116.060,68.8289,63.560,63.560,1,4,48.5599,15.0000
983.527,1116.262,68.8262,63.560,63.560,1,4,48.5599,15.0000
983.727,1116.462,68.8470,63.560,63.560,1,4,48.5599,15.0000
983.927,1116.661,68.8444,63.560,63.560,1,4,48.5599,15.0000
984.127,1116.861,68.8571,63.560,63.560,1,4,48.5599,15.0000
984.327,1117.060,68.8511,63.560,63.560,1,4,48.5599,15.0000
984.527,1117.262,68.8665,63.560,63.560,1,4,48.5599,15.0000
984.727,1117.462,68.8600,63.560,63.560,1,4,48.5599,15.0000
984.927,1117.661,68.8709,63.560,63.560,1,4,48.5599,15.0000
985.127,1117.859,68.8768,63.560,63.560,1,4,48.5599,15.0000
985.327,1118.060,68.8823,63.560,63.560,1,4,48.5599,15.0000
985.527,1118.260,68.8962,63.560,63.560,1,4,48.5599,15.0000
985.726,1118.461,68.8989,63.560,63.560,1,4,48.5599,15.0000
985.927,1118.660,68.8887,63.560,63.560,1,4,48.5599,15.0000
986.127,1118.861,68.9090,63.560,63.560,1,4,48.5599,15.0000
986.327,1119.059,68.9118,63.560,63.560,1,4,48.5599,15.0000
986.527,1119.260,68.9173,63.560,63.560,1,4,48.5599,15.0000
986.727,1119.460,68.9204,63.560,63.560,1,4,48.5599,15.0000
986.927,1119.659,68.9246,63.560,63.560,1,4,48.5599,15.0000
987.127,1119.859,68.9352,63.560,63.560,1,4,48.5599,15.0000
987.327,1120.059,68.9382,63.560,63.560,1,4,48.5599,15.0000
987.527,1120.260,68.9434,63.560,63.560,1,4,48.5599,15.0000
987.727,1120.460,68.9429,63.560,63.560,1,4,48.5599,15.0000
987.927,1120.658,68.9512,63.560,63.560,1,4,48.5599,15.0000
988.127,1120.857,68.9700,63.560,63.560,1,4,48.5599,15.0000
988.327,1121.058,68.9663,63.560,63.560,1,4,48.5599,15.0000
988.527,1121.258,68.9780,63.560,63.560,1,4,48.5599,15.0000
988.727,1121.459,68.9748,63.560,63.560,1,4,48.5599,15.0000
988.927,1121.658,68.9893,63.560,63.560,1,4,48.5599,15.0000
989.127,1121.857,68.9899,63.560,63.560,1,4,48.5599,15.0000
989.326,1122.058,69.0052,63.560,63.560,1,4,48.5599,15.0000
989.527,1122.258,69.0023,63.560,63.560,1,4,48.5599,15.0000
989.727,1122.458,69.0212,63.560,63.560,1,4,48.5599,15.0000
989.927,1122.657,69.0111,63.560,63.560,1,4,48.5599,15.0000
990.127,1122.857,69.0151,63.560,63.560,1,4,48.5599,15.0000
990.327,1123.057,69.0249,63.560,63.560,1,4,48.5599,15.0000
990.526,1123.258,69.0291,63.560,63.560,1,4,48.5599,15.0000
990.727,1123.457,69.0428,63.560,63.560,1,4,48.5599,15.0000
990.927,1123.657,69.0428,63.560,63.560,1,4,48.5599,15.0000
991.127,1123.856,69.0441,63.560,63.560,1,4,48.5599,15.0000
991.327,1124.056,69.0529,63.560,63.560,1,4,48.5599,15.0000
991.527,1124.258,69.0640,63.560,63.560,1,4,48.5599,15.0000
991.727,1124.457,69.0728,63.560,63.560,1,4,48.5599,15.0000
991.926,1124.656,69.0610,63.560,63.560,1,4,48.5599,15.0000
992.127,1124.856,69.0835,63.560,63.560,1,4,48.5599,15.0000
992.327,1125.056,69.0861,63.560,63.560,1,4,48.5599,15.0000
992.527,1125.258,69.1090,63.560,63.560,1,4,48.5599,15.0000
992.727,1125.456,69.1128,63.560,63.560,1,4,48.5599,15.0000
992.927,1125.655,69.1079,63.560,63.560,1,4,48.5599,15.0000
993.127,1125.855,69.1191,63.560,63.560,1,4,48.5599,15.0000
993.327,1126.055,69.1296,63.560,63.560,1,4,48.5599,15.0000
993.527,1126.256,69.1270,63.560,63.560,1,4,48.5599,15.0000
993.727,1126.455,69.1489,63.560,63.560,1,4,48.5599,15.0000
993.927,1126.655,69.1440,63.560,63.560,1,4,48.5599,15.0000
994.127,1126.854,69.1553,63.560,63.560,1,4,48.5599,15.0000
994.327,1127.055,69.1628,63.560,63.560,1,4,48.5599,15.0000
994.527,1127.254,69.1704,63.560,63.560,1,4,48.5599,15.0000
994.727,1127.454,69.1763,63.560,63.560,1,4,48.5599,15.0000
994.926,1127.654,69.1836,63.560,63.560,1,4,48.5599,15.0000
995.127,1127.854,69.1873,63.560,63.560,1,4,48.5599,15.0000
995.327,1128.055,69.1987,63.560,63.560,1,4,48.5599,15.0000
995.526,1128.254,69.1984,63.560,63.560,1,4,48.5599,15.0000
995.727,1128.453,69.2049,63.560,63.560,1,4,48.5599,15.0000
995.927,1128.653,69.2139,63.560,63.560,1,4,48.5599,15.0000
996.127,1128.853,69.2196,63.560,63.560,1,4,48.5599,15.0000
996.327,1129.053,69.2292,63.560,63.560,1,4,48.5599,15.0000
996.526,1129.254,69.2300,63.560,63.560,1,4,48.5599,15.0000
996.727,1129.454,69.2288,63.560,63.560,1,4,48.5599,15.0000
996.927,1129.652,69.2521,63.560,63.560,1,4,48.5599,15.0000
997.126,1129.852,69.2596,63.560,63.560,1,4,48.5599,15.0000
997.327,1130.053,69.2611,63.560,63.560,1,4,48.5599,15.0000
997.527,1130.253,69.2656,63.560,63.560,1,4,48.5599,15.0000
997.727,1130.453,69.2803,63.560,63.560,1,4,48.5599,15.0000
997.926,1130.652,69.2803,63.560,63.560,1,4,48.5599,15.0000
998.127,1130.852,69.2764,63.560,63.560,1,4,48.5599,15.0000
998.327,1131.053,69.2850,63.560,63.560,1,4,48.5599,15.0000
998.527,1131.252,69.2954,63.560,63.560,1,4,48.5599,15.0000
998.727,1131.452,69.3128,63.560,63.560,1,4,48.5599,15.0000
998.927,1131.650,69.3057,63.560,63.560,1,4,48.5599,15.0000
999.127,1131.852,69.3094,63.560,63.560,1,4,48.5599,15.0000
999.327,1132.051,69.3153,63.560,63.560,1,4,48.5599,15.0000
999.527,1132.252,69.3223,63.560,63.560,1,4,48.5599,15.0000
999.727,1132.451,69.3267,63.560,63.560,1,4,48.5599,15.0000
999.927,1132.650,69.3333,63.560,63.560,1,4,48.5599,15.0000
1000.127,1132.850,69.3418,63.560,63.560,1,4,48.5599,15.0000
1000.327,1133.051,69.3493,63.560,63.560,1,4,48.5599,15.0000
1000.527,1133.251,69.3540,63.560,63.560,1,4,48.5599,15.0000
1000.727,1133.450,69.3597,63.560,63.560,1,4,48.5599,15.0000
1000.926,1133.650,69.3581,63.560,63.560,1,4,48.5599,15.0000
1001.127,1133.850,69.3716,63.560,63.560,1,4,48.5599,15.0000
1001.327,1134.051,69.3696,63.560,63.560,1,4,48.5599,15.0000
1001.527,1134.250,69.3867,63.560,63.560,1,4,48.5599,15.0000
1001.727,1134.450,69.3944,63.560,63.560,1,4,48.5599,15.0000
1001.927,1134.648,69.3970,63.560,63.560,1,4,48.5599,15.0000
1002.127,1134.850,69.4023,63.560,63.560,1,4,48.5599,15.0000
1002.327,1135.051,69.4154,63.560,63.560,1,4,48.5599,15.0000
1002.527,1135.250,69.4198,63.560,63.560,1,4,48.5599,15.0000
1002.727,1135.449,69.4253,63.560,63.560,1,4,48.5599,15.0000
1002.927,1135.648,69.4328,63.560,63.560,1,4,48.5599,15.0000
1003.127,1135.850,69.4336,63.560,63.560,1,4,48.5599,15.0000
1003.327,1136.051,69.4396,63.560,63.560,1,4,48.5599,15.0000
1003.527,1136.249,69.4515,63.560,63.560,1,4,48.5599,15.0000
1003.727,1136.448,69.4530,63.560,63.560,1,4,48.5599,15.0000
1003.926,1136.648,69.4590,63.560,63.560,1,4,48.5599,15.0000
1004.127,1136.848,69.4590,63.560,63.560,1,4,48.5599,15.0000
1004.327,1137.049,69.4756,63.560,63.560,1,4,48.5599,15.0000
1004.527,1137.247,69.4785,63.560,63.560,1,4,48.5599,15.0000
1004.726,1137.447,69.4849,63.560,63.560,1,4,48.5599,15.0000
1004.927,1137.646,69.4840,63.560,63.560,1,4,48.5599,15.0000
1005.127,1137.848,69.5008,63.560,63.560,1,4,48.5599,15.0000
1005.327,1138.049,69.5129,63.560,63.560,1,4,48.5599,15.0000
1005.527,1138.247,69.5057,63.560,63.560,1,4,48.5599,15.0000
1005.727,1138.447,69.5114,63.560,63.560,1,4,48.5599,15.0000
1005.927,1138.646,69.5298,63.560,63.560,1,4,48.5599,15.0000
1006.127,1138.848,69.5182,63.560,63.560,1,4,48.5599,15.0000
1006.327,1139.049,69.5363,63.560,63.560,1,4,48.5599,15.0000
1006.527,1139.246,69.5425,63.560,63.560,1,4,48.5599,15.0000
1006.727,1139.446,69.5459,63.560,63.560,1,4,48.5599,15.0000
1006.926,1139.646,69.5547,63.560,63.560,1,4,48.5599,15.0000
1007.127,1139.846,69.5591,63.560,63.560,1,4,48.5599,15.0000
1007.327,1140.047,69.5684,63.560,63.560,1,4,48.5599,15.0000
1007.527,1140.245,69.5675,63.560,63.560,1,4,48.5599,15.0000
1007.727,1140.446,69.5784,63.560,63.560,1,4,48.5599,15.0000
1007.927,1140.644,69.5830,63.560,63.560,1,4,48.5599,15.0000
1008.127,1140.846,69.5903,63.560,63.560,1,4,48.5599,15.0000
1008.326,1141.046,69.5981,63.560,63.560,1,4,48.5599,15.0000
1008.527,1141.245,69.6061,63.560,63.560,1,4,48.5599,15.0000
1008.726,1141.445,69.6060,63.560,63.560,1,4,48.5599,15.0000
1008.927,1141.644,69.6159,63.560,63.560,1,4,48.5599,15.0000
1009.127,1141.846,69.6256,63.560,63.560,1,4,48.5599,15.0000
1009.327,1142.046,69.6328,63.560,63.560,1,4,48.5599,15.0000
1009.527,1142.244,69.6388,63.560,63.560,1,4,48.5599,15.0000
1009.727,1142.444,69.6440,63.560,63.560,1,4,48.5599,15.0000
1009.927,1142.644,69.6538,63.560,63.560,1,4,48.5599,15.0000
1010.127,1142.844,69.6514,63.560,63.560,1,4,48.5599,15.0000
1010.327,1143.045,69.6535,63.560,63.560,1,4,48.5599,15.0000
1010.527,1143.244,69.6665,63.560,63.560,1,4,48.5599,15.0000
1010.727,1143.444,69.6694,63.560,63.560,1,4,48.5599,15.0000
1010.927,1143.643,69.6821,63.560,63.560,1,4,48.5599,15.0000
1011.126,1143.844,69.6927,63.560,63.560,1,4,48.5599,15.0000
1011.327,1144.044,69.6898,63.560,63.560,1,4,48.5599,15.0000
1011.527,1144.243,69.6990,63.560,63.560,1,4,48.5599,15.0000
1011.726,1144.443,69.7028,63.560,63.560,1,4,48.5599,15.0000
1011.927,1144.643,69.7098,63.560,63.560,1,4,48.5599,15.0000
1012.126,1144.844,69.7150,63.560,63.560,1,4,48.5599,15.0000
1012.326,1145.044,69.7140,63.560,63.560,1,4,48.5599,15.0000
1012.527,1145.242,69.7231,63.560,63.560,1,4,48.5599,15.0000
1012.727,1145.441,69.7300,63.560,63.560,1,4,48.5599,15.0000
1012.927,1145.642,69.7308,63.560,63.560,1,4,48.5599,15.0000
1013.126,1145.842,69.7352,63.560,63.560,1,4,48.5599,15.0000
1013.327,1146.043,69.7461,63.560,63.560,1,4,48.5599,15.0000
1013.527,1146.242,69.7550,63.560,63.560,1,4,48.5599,15.0000
1013.727,1146.441,69.7575,63.560,63.560,1,4,48.5599,15.0000
1013.926,1146.642,69.7653,63.560,63.560,1,4,48.5599,15.0000
1014.127,1146.842,69.7671,63.560,63.560,1,4,48.5599,15.0000
1014.327,1147.042,69.7700,63.560,63.560,1,4,48.5599,15.0000
1014.526,1147.241,69.7832,63.560,63.560,1,4,48.5599,15.0000
1014.727,1147.441,69.7834,63.560,63.560,1,4,48.5599,15.0000
1014.927,1147.641,69.7850,63.560,63.560,1,4,48.5599,15.0000
1015.127,1147.842,69.7974,63.560,63.560,1,4,48.5599,15.0000
1015.327,1148.042,69.7978,63.560,63.560,1,4,48.5599,15.0000
1015.527,1148.240,69.8039,63.560,63.560,1,4,48.5599,15.0000
1015.727,1148.440,69.8140,63.560,63.560,1,4,48.5599,15.0000
1015.927,1148.640,69.8171,63.560,63.560,1,4,48.5599,15.0000
1016.127,1148.842,69.8227,63.560,63.560,1,4,48.5599,15.0000
1016.327,1149.040,69.8286,63.560,63.560,1,4,48.5599,15.0000
1016.527,1149.240,69.8320,63.560,63.560,1,4,48.5599,15.0000
1016.727,1149.440,69.8314,63.560,63.560,1,4,48.5599,15.0000
1016.927,1149.640,69.8403,63.560,63.560,1,4,48.5599,15.0000
1017.127,1149.842,69.8561,63.560,63.560,1,4,48.5599,15.0000
1017.327,1150.039,69.8475,63.560,63.560,1,4,48.5599,15.0000
1017.527,1150.239,69.8603,63.560,63.560,1,4,48.5599,15.0000
1017.726,1150.439,69.8628,63.560,63.560,1,4,48.5599,15.0000
1017.927,1150.639,69.8672,63.560,63.560,1,4,48.5599,15.0000
1018.126,1150.840,69.8755,63.560,63.560,1,4,48.5599,15.0000
1018.327,1151.038,69.8820,63.560,63.560,1,4,48.5599,15.0000
1018.527,1151.238,69.8820,63.560,63.560,1,4,48.5599,15.0000
1018.726,1151.438,69.8947,63.560,63.560,1,4,48.5599,15.0000
1018.927,1151.639,69.8984,63.560,63.560,1,4,48.5599,15.0000
1019.127,1151.838,69.9032,63.560,63.560,1,4,48.5599,15.0000
1019.327,1152.038,69.9136,63.560,63.560,1,4,48.5599,15.0000
1019.527,1152.238,69.9162,63.560,63.560,1,4,48.5599,15.0000
1019.727,1152.438,69.9316,63.560,63.560,1,4,48.5599,15.0000
1019.927,1152.638,69.9311,63.560,63.560,1,4,48.5599,15.0000
1020.127,1152.838,69.9338,63.560,63.560,1,4,48.5599,15.0000
1020.326,1153.037,69.9399,63.560,63.560,1,4,48.5599,15.0000
1020.526,1153.237,69.9453,63.560,63.560,1,4,48.5599,15.0000
1020.727,1153.437,69.9468,63.560,63.560,1,4,48.5599,15.0000
1020.927,1153.638,69.9523,63.560,63.560,1,4,48.5599,15.0000
1021.127,1153.838,69.9613,63.560,63.560,1,4,48.5599,15.0000
1021.327,1154.037,69.9692,63.560,63.560,1,4,48.5599,15.0000
1021.527,1154.237,69.9629,63.560,63.560,1,4,48.5599,15.0000
1021.727,1154.436,69.9652,63.560,63.560,1,4,48.5599,15.0000
1021.927,1154.637,69.9798,63.560,63.560,1,4,48.5599,15.0000
1022.127,1154.836,69.9829,63.560,63.560,1,4,48.5599,15.0000
1022.326,1155.036,69.9881,63.560,63.560,1,4,48.5599,15.0000
1022.527,1155.236,69.9920,63.560,63.560,1,4,48.5599,15.0000
1022.727,1155.436,70.0016,63.560,63.560,1,4,48.5599,15.0000
1022.927,1155.637,69.9985,63.560,63.560,1,4,48.5599,15.0000
1023.127,1155.836,70.0023,63.560,63.560,1,4,48.5599,15.0000
1023.327,1156.035,70.0072,63.560,63.560,1,4,48.5599,15.0000
1023.526,1156.234,70.0093,63.560,63.560,1,4,48.5599,15.0000
1023.727,1156.435,70.0205,63.560,63.560,1,4,48.5599,15.0000
1023.927,1156.635,70.0176,63.560,63.560,1,4,48.5599,15.0000
1024.127,1156.836,70.0215,63.560,63.560,1,4,48.5599,15.0000
1024.326,1157.035,70.0317,63.560,63.560,1,4,48.5599,15.0000
1024.527,1157.234,70.0332,63.560,63.560,1,4,48.5599,15.0000
1024.727,1157.435,70.0397,63.560,63.560,1,4,48.5599,15.0000
1024.926,1157.635,70.0371,63.560,63.560,1,4,48.5599,15.0000
1025.127,1157.835,70.0496,63.560,63.560,1,4,48.5599,15.0000
1025.327,1158.034,70.0457,63.560,63.560,1,4,48.5599,15.0000
1025.526,1158.234,70.0562,63.560,63.560,1,4,48.5599,15.0000
1025.727,1158.434,70.0552,63.560,63.560,1,4,48.5599,15.0000
1025.927,1158.635,70.0632,63.560,63.560,1,4,48.5599,15.0000
1026.127,1158.835,70.0714,63.560,63.560,1,4,48.5599,15.0000
1026.424,1159.034,70.0723,63.560,63.560,1,4,48.5599,15.0000
1026.652,1159.232,70.0745,63.560,63.560,1,4,48.5599,15.0000
1026.904,1159.434,70.0767,63.560,63.560,1,4,48.5599,15.0000
1026.904,1159.633,70.0854,63.560,63.560,1,4,48.5599,15.0000
1027.271,1159.834,70.0933,63.560,63.560,1,4,48.5599,15.0000
1027.476,1160.033,70.0988,63.560,63.560,1,4,48.5599,15.0000
1027.652,1160.232,70.1113,63.560,63.560,1,4,48.5599,15.0000
1027.852,1160.434,70.1063,63.560,63.560,1,4,48.5599,15.0000
1028.049,1160.633,70.1079,63.560,63.560,1,4,48.5599,15.0000
1028.261,1160.832,70.1204,63.560,63.560,1,4,48.5599,15.0000
1028.464,1161.032,70.1141,63.560,63.560,1,4,48.5599,15.0000
1028.674,1161.232,70.1138,63.560,63.560,1,4,48.5599,15.0000
1028.879,1161.432,70.1245,63.560,63.560,1,4,48.5599,15.0000
1029.089,1161.633,70.1201,63.560,63.560,1,4,48.5599,15.0000
1029.090,1161.832,70.1338,63.560,63.560,1,4,48.5599,15.0000
1029.323,1162.032,70.1444,63.560,63.560,1,4,48.5599,15.0000
1029.624,1162.230,70.1460,63.560,63.560,1,4,48.5599,15.0000
1029.850,1162.432,70.1541,63.560,63.560,1,4,48.5599,15.0000
1030.054,1162.633,70.1706,63.560,63.560,1,4,48.5599,15.0000
1030.265,1162.831,70.1654,63.560,63.560,1,4,48.5599,15.0000
1030.488,1163.031,70.1738,63.560,63.560,1,4,48.5599,15.0000
1030.488,1163.230,70.1719,63.560,63.560,1,4,48.5599,15.0000
1030.694,1163.432,70.1917,63.560,63.560,1,4,48.5599,15.0000
1030.910,1163.633,70.1880,63.560,63.560,1,4,48.5599,15.0000
1031.298,1163.830,70.1893,63.560,63.560,1,4,48.5599,15.0000
1031.298,1164.030,70.2033,63.560,63.560,1,4,48.5599,15.0000
1031.494,1164.230,70.1978,63.560,63.560,1,4,48.5599,15.0000
1031.702,1164.430,70.2150,63.560,63.560,1,4,48.5599,15.0000
1031.918,1164.631,70.2179,63.560,63.560,1,4,48.5599,15.0000
1032.104,1164.830,70.2174,63.560,63.560,1,4,48.5599,15.0000
1032.298,1165.030,70.2171,63.560,63.560,1,4,48.5599,15.0000
1032.498,1165.228,70.2246,63.560,63.560,1,4,48.5599,15.0000
1033.598,1165.430,70.2261,63.560,63.560,1,4,48.5599,15.0000
1033.598,1165.630,70.2380,63.560,63.560,1,4,48.5599,15.0000
1033.598,1165.829,70.2436,63.560,63.560,1,4,48.5599,15.0000
1033.598,1166.029,70.2427,63.560,63.560,1,4,48.5599,15.0000
1033.598,1166.228,70.2510,63.560,33.560,0,4,48.5599,15.0000
1033.869,1166.434,70.2622,33.560,33.560,0,4,48.5599,15.0000
1034.136,1166.629,70.2620,33.560,33.560,0,4,48.5599,15.0000
1034.136,1166.827,70.2602,33.560,33.560,0,4,48.5599,15.0000
1034.361,1167.028,70.2721,33.560,33.560,0,4,48.5599,15.0000
1034.624,1167.228,70.2721,33.560,33.560,0,4,48.5599,15.0000
1034.824,1167.428,70.2803,33.560,33.560,0,4,48.5599,15.0000
1034.927,1167.629,70.2796,33.560,33.560,0,4,48.5599,15.0000
1035.127,1167.828,70.2788,33.560,33.560,0,4,48.5599,15.0000
1035.327,1168.028,70.2837,33.560,33.560,0,4,48.5599,15.0000
1035.527,1168.226,70.2970,33.560,33.560,0,4,48.5599,15.0000
1035.727,1168.428,70.3065,33.560,33.560,0,4,48.5599,15.0000
1035.927,1168.629,70.3008,33.560,33.560,0,4,48.5599,15.0000
1036.127,1168.827,70.3027,33.560,33.560,0,4,48.5599,15.0000
1036.327,1169.027,70.3162,33.560,33.560,0,4,48.5599,15.0000
1036.527,1169.226,70.3185,33.560,33.560,0,4,48.5599,15.0000
1036.727,1169.428,70.3213,33.560,33.560,0,4,48.5599,15.0000
1036.927,1169.627,70.3288,33.560,33.560,0,4,48.5599,15.0000
1037.127,1169.827,70.3320,33.560,33.560,0,4,48.5599,15.0000
1037.327,1170.025,70.3411,33.560,33.560,0,4,48.5599,15.0000
1037.527,1170.226,70.3405,33.560,33.560,0,4,48.5599,15.0000
1037.727,1170.426,70.3491,33.560,33.560,0,4,48.5599,15.0000
1037.927,1170.627,70.3447,33.560,33.560,0,4,48.5599,15.0000
1038.126,1170.826,70.3556,33.560,33.560,0,4,48.5599,15.0000
1038.327,1171.025,70.3574,33.560,33.560,0,4,48.5599,15.0000
1038.527,1171.225,70.3713,33.560,33.560,0,4,48.5599,15.0000
1038.727,1171.426,70.3711,33.560,33.560,0,4,48.5599,15.0000
1038.927,1171.626,70.3721,33.560,33.560,0,4,48.5599,15.0000
1039.127,1171.825,70.3753,33.560,33.560,0,4,48.5599,15.0000
1039.327,1172.025,70.3896,33.560,33.560,0,4,48.5599,15.0000
1039.527,1172.225,70.3926,33.560,33.560,0,4,48.5599,15.0000
1039.726,1172.426,70.3996,33.560,33.560,0,4,48.5599,15.0000
1039.927,1172.626,70.3983,33.560,33.560,0,4,48.5599,15.0000
1040.127,1172.824,70.4077,33.560,33.560,0,4,48.5599,15.0000
1040.327,1173.024,70.4087,33.560,33.560,0,4,48.5599,15.0000
1040.527,1173.224,70.4211,33.560,33.560,0,4,48.5599,15.0000
1040.727,1173.426,70.4106,33.560,33.560,0,4,48.5599,15.0000
1040.927,1173.625,70.4295,33.560,33.560,0,4,48.5599,15.0000
1041.126,1173.824,70.4266,33.560,33.560,0,4,48.5599,15.0000
1041.327,1174.024,70.4360,33.560,33.560,0,4,48.5599,15.0000
1041.526,1174.224,70.4391,33.560,33.560,0,4,48.5599,15.0000
1041.727,1174.426,70.4399,33.560,33.560,0,4,48.5599,15.0000
1041.927,1174.624,70.4476,33.560,33.560,0,4,48.5599,15.0000
1042.127,1174.823,70.4484,33.560,33.560,0,4,48.5599,15.0000
1042.327,1175.023,70.4598,33.560,33.560,0,4,48.5599,15.0000
1042.527,1175.223,70.4663,33.560,33.560,0,4,48.5599,15.0000
1042.727,1175.424,70.4624,33.560,33.560,0,4,48.5599,15.0000
1042.927,1175.623,70.4740,33.560,33.560,0,4,48.5599,15.0000
1043.126,1175.823,70.4699,33.560,33.560,0,4,48.5599,15.0000
1043.327,1176.022,70.4751,33.560,33.560,0,4,48.5599,15.0000
1043.526,1176.222,70.4746,33.560,33.560,0,4,48.5599,15.0000
1043.727,1176.424,70.4827,33.560,33.560,0,4,48.5599,15.0000
1043.927,1176.622,70.4829,33.560,33.560,0,4,48.5599,15.0000
1044.127,1176.822,70.4880,33.560,33.560,0,4,48.5599,15.0000
1044.327,1177.022,70.4924,33.560,33.560,0,4,48.5599,15.0000
1044.527,1177.222,70.4920,33.560,33.560,0,4,48.5599,15.0000
1044.727,1177.424,70.4504,33.560,33.560,0,4,48.5599,15.0000
1044.927,1177.620,70.5161,33.560,33.560,0,4,48.5599,15.0000
1045.127,1177.821,70.4982,33.560,33.560,0,4,48.5599,15.0000
1045.327,1178.021,70.4980,33.560,33.560,0,4,48.5599,15.0000
1045.527,1178.221,70.5031,33.560,33.560,0,4,48.5599,15.0000
1045.727,1178.422,70.5016,33.560,33.560,0,4,48.5599,15.0000
1045.927,1178.621,70.5073,33.560,33.560,0,4,48.5599,15.0000
1046.127,1178.821,70.5143,33.560,33.560,0,4,48.5599,15.0000
1046.327,1179.020,70.5112,33.560,33.560,0,4,48.5599,15.0000
1046.526,1179.221,70.5142,33.560,33.560,0,4,48.5599,15.0000
1046.727,1179.420,70.5161,33.560,33.560,0,4,48.5599,15.0000
1046.926,1179.620,70.5230,33.560,33.560,0,4,48.5599,15.0000
1047.127,1179.820,70.5273,33.560,33.560,0,4,48.5599,15.0000
1047.328,1180.019,70.5171,33.560,33.560,0,4,48.5599,15.0000
1047.528,1180.221,70.5252,33.560,33.560,0,4,48.5599,15.0000
1047.727,1180.420,70.5278,33.560,33.560,0,4,48.5599,15.0000
1047.928,1180.619,70.5264,33.560,33.560,0,4,48.5599,15.0000
1048.127,1180.819,70.5322,33.560,33.560,0,4,48.5599,15.0000
1048.326,1181.019,70.5265,33.560,33.560,0,4,48.5599,15.0000
1048.527,1181.219,70.5329,33.560,33.560,0,4,48.5599,15.0000
1048.727,1181.420,70.5405,33.560,33.560,0,4,48.5599,15.0000
1048.926,1181.619,70.5288,33.560,33.560,0,4,48.5599,15.0000
1049.126,1181.819,70.5418,33.560,33.560,0,4,48.5599,15.0000
1049.326,1182.018,70.5412,33.560,33.560,0,4,48.5599,15.0000
1049.527,1182.219,70.5412,33.560,33.560,0,4,48.5599,15.0000
1049.726,1182.419,70.5444,33.560,33.560,0,4,48.5599,15.0000
1049.927,1182.618,70.5562,33.560,33.560,0,4,48.5599,15.0000
1050.127,1182.818,70.5505,33.560,33.560,0,4,48.5599,15.0000
1050.327,1183.018,70.5493,33.560,33.560,0,4,48.5599,15.0000
1050.527,1183.219,70.5547,33.560,33.560,0,4,48.5599,15.0000
1050.726,1183.419,70.5594,33.560,33.560,0,4,48.5599,15.0000
1050.927,1183.617,70.5535,33.560,33.560,0,4,48.5599,15.0000
1051.127,1183.816,70.5574,33.560,33.560,0,4,48.5599,15.0000
1051.327,1184.018,70.5566,33.560,33.560,0,4,48.5599,15.0000
1051.527,1184.217,70.5570,33.560,33.560,0,4,48.5599,15.0000
1051.727,1184.418,70.5659,33.560,33.560,0,4,48.5599,15.0000
1051.927,1184.617,70.5576,33.560,33.560,0,4,48.5599,15.0000
1052.126,1184.816,70.5606,33.560,33.560,0,4,48.5599,15.0000
1052.327,1185.018,70.5606,33.560,33.560,0,4,48.5599,15.0000
1052.527,1185.217,70.5610,33.560,33.560,0,4,48.5599,15.0000
1052.727,1185.416,70.5664,33.560,33.560,0,4,48.5599,15.0000
1052.927,1185.616,70.5597,33.560,33.560,0,4,48.5599,15.0000
1053.127,1185.816,70.5688,33.560,33.560,0,4,48.5599,15.0000
1053.326,1186.016,70.5584,33.560,33.560,0,4,48.5599,15.0000
1053.527,1186.217,70.5620,33.560,33.560,0,4,48.5599,15.0000
1053.726,1186.417,70.5708,33.560,33.560,0,4,48.5599,15.0000
1053.927,1186.615,70.5661,33.560,33.560,0,4,48.5599,15.0000
1054.127,1186.814,70.5672,33.560,33.560,0,4,48.5599,15.0000
1054.327,1187.016,70.5628,33.560,33.560,0,4,48.5599,15.0000
1054.527,1187.217,70.5659,33.560,33.560,0,4,48.5599,15.0000
1054.727,1187.415,70.5680,33.560,33.560,0,4,48.5599,15.0000
1054.926,1187.615,70.5755,33.560,33.560,0,4,48.5599,15.0000
1055.127,1187.814,70.5591,33.560,33.560,0,4,48.5599,15.0000
1055.327,1188.016,70.5562,33.560,33.560,0,4,48.5599,15.0000
1055.527,1188.217,70.5635,33.560,33.560,0,4,48.5599,15.0000
1055.727,1188.414,70.5711,33.560,33.560,0,4,48.5599,15.0000
1055.927,1188.614,70.5623,33.560,33.560,0,4,48.5599,15.0000
1056.127,1188.814,70.5596,33.560,33.560,0,4,48.5599,15.0000
1056.327,1189.014,70.5632,33.560,33.560,0,4,48.5599,15.0000
1056.527,1189.215,70.5659,33.560,33.560,0,4,48.5599,15.0000
1056.727,1189.413,70.5557,33.560,33.560,0,4,48.5599,15.0000
1056.927,1189.614,70.5667,33.560,33.560,0,4,48.5599,15.0000
1057.127,1189.812,70.5586,33.560,33.560,0,4,48.5599,15.0000
1057.327,1190.014,70.5612,33.560,33.560,0,4,48.5599,15.0000
1057.527,1190.214,70.5623,33.560,33.560,0,4,48.5599,15.0000
1057.727,1190.413,70.5553,33.560,33.560,0,4,48.5599,15.0000
1057.927,1190.613,70.5562,33.560,33.560,0,4,48.5599,15.0000
1058.127,1190.812,70.5591,33.560,33.560,0,4,48.5599,15.0000
1058.327,1191.014,70.5566,33.560,33.560,0,4,48.5599,15.0000
1058.527,1191.214,70.5527,33.560,33.560,0,4,48.5599,15.0000
1058.727,1191.412,70.5594,33.560,33.560,0,4,48.5599,15.0000
1058.927,1191.612,70.5592,33.560,33.560,0,4,48.5599,15.0000
1059.127,1191.812,70.5490,33.560,33.560,0,4,48.5599,15.0000
1059.326,1192.012,70.5534,33.560,33.560,0,4,48.5599,15.0000
1059.527,1192.213,70.5454,33.560,33.560,0,4,48.5599,15.0000
1059.727,1192.412,70.5609,33.560,33.560,0,4,48.5599,15.0000
1059.927,1192.612,70.5485,33.560,33.560,0,4,48.5599,15.0000
1060.127,1192.810,70.5492,33.560,33.560,0,4,48.5599,15.0000
1060.326,1193.012,70.5470,33.560,33.560,0,4,48.5599,15.0000
1060.527,1193.212,70.5386,33.560,33.560,0,4,48.5599,15.0000
1060.727,1193.411,70.5439,33.560,33.560,0,4,48.5599,15.0000
1060.927,1193.611,70.5428,33.560,33.560,0,4,48.5599,15.0000
1061.127,1193.810,70.5441,33.560,33.560,0,4,48.5599,15.0000
1061.327,1194.012,70.5343,33.560,33.560,0,4,48.5599,15.0000
1061.527,1194.211,70.5483,33.560,33.560,0,4,48.5599,15.0000
1061.726,1194.411,70.5412,33.560,33.560,0,4,48.5599,15.0000
1061.926,1194.609,70.5371,33.560,33.560,0,4,48.5599,15.0000
1062.127,1194.810,70.5376,33.560,33.560,0,4,48.5599,15.0000
1062.327,1195.010,70.5317,33.560,33.560,0,4,48.5599,15.0000
1062.527,1195.211,70.5376,33.560,33.560,0,4,48.5599,15.0000
1062.727,1195.410,70.5342,33.560,33.560,0,4,48.5599,15.0000
1062.927,1195.609,70.5368,33.560,33.560,0,4,48.5599,15.0000
1063.127,1195.809,70.5352,33.560,33.560,0,4,48.5599,15.0000
1063.327,1196.010,70.5303,33.560,33.560,0,4,48.5599,15.0000
1063.526,1196.210,70.5288,33.560,33.560,0,4,48.5599,15.0000
1063.727,1196.409,70.5273,33.560,33.560,0,4,48.5599,15.0000
1063.926,1196.609,70.5314,33.560,33.560,0,4,48.5599,15.0000
1064.126,1196.809,70.5293,33.560,33.560,0,4,48.5599,15.0000
1064.326,1197.010,70.5225,33.560,33.560,0,4,48.5599,15.0000
1064.527,1197.210,70.5195,33.560,33.560,0,4,48.5599,15.0000
1064.727,1197.408,70.5236,33.560,33.560,0,4,48.5599,15.0000
1064.926,1197.607,70.5198,33.560,33.560,0,4,48.5599,15.0000
1065.126,1197.808,70.5228,33.560,33.560,0,4,48.5599,15.0000
1065.327,1198.008,70.5337,33.560,33.560,0,4,48.5599,15.0000
1065.526,1198.209,70.5140,33.560,33.560,0,4,48.5599,15.0000
1065.727,1198.407,70.5254,33.560,33.560,0,4,48.5599,15.0000
1065.926,1198.607,70.5116,33.560,33.560,0,4,48.5599,15.0000
1066.126,1198.808,70.5195,33.560,33.560,0,4,48.5599,15.0000
1066.326,1199.008,70.5225,33.560,33.560,0,4,48.5599,15.0000
1066.526,1199.208,70.5231,33.560,33.560,0,4,48.5599,15.0000
1066.727,1199.407,70.5119,33.560,33.560,0,4,48.5599,15.0000
1066.926,1199.607,70.5091,33.560,33.560,0,4,48.5599,15.0000
1067.127,1199.807,70.5127,33.560,33.560,0,4,48.5599,15.0000
1067.326,1200.008,70.5070,33.560,33.560,0,4,48.5599,15.0000
1067.526,1200.207,70.5099,33.560,33.560,0,4,48.5599,15.0000
1067.727,1200.407,70.5083,33.560,33.560,0,4,48.5599,15.0000
1067.927,1200.606,70.5093,33.560,33.560,0,4,48.5599,15.0000
1068.126,1200.806,70.5042,33.560,33.560,0,4,48.5599,15.0000
1068.326,1201.008,70.5088,33.560,33.560,0,4,48.5599,15.0000
1068.526,1201.206,70.5083,33.560,33.560,0,4,48.5599,15.0000
1068.726,1201.406,70.5023,33.560,33.560,0,4,48.5599,15.0000
1068.926,1201.606,70.5088,33.560,33.560,0,4,48.5599,15.0000
1069.127,1201.806,70.4948,33.560,33.560,0,4,48.5599,15.0000
1069.326,1202.006,70.5028,33.560,33.560,0,4,48.5599,15.0000
1069.526,1202.205,70.4998,33.560,33.560,0,4,48.5599,15.0000
1069.726,1202.405,70.5046,33.560,33.560,0,4,48.5599,15.0000
1069.926,1202.605,70.5039,33.560,33.560,0,4,48.5599,15.0000
1070.127,1202.805,70.4893,33.560,33.560,0,4,48.5599,15.0000
1070.327,1203.006,70.4920,33.560,33.560,0,4,48.5599,15.0000
1070.526,1203.204,70.4987,33.560,33.560,0,4,48.5599,15.0000
1070.726,1203.404,70.4961,33.560,33.560,0,4,48.5599,15.0000
1070.926,1203.604,70.4917,33.560,33.560,0,4,48.5599,15.0000
1071.126,1203.805,70.4924,33.560,33.560,0,4,48.5599,15.0000
1071.326,1204.004,70.4959,33.560,33.560,0,4,48.5599,15.0000
1071.526,1204.204,70.4990,33.560,33.560,0,4,48.5599,15.0000
1071.726,1204.404,70.4971,33.560,33.560,0,4,48.5599,15.0000
1071.927,1204.604,70.4922,33.560,33.560,0,4,48.5599,15.0000
1072.127,1204.805,70.4888,33.560,33.560,0,4,48.5599,15.0000
1072.327,1205.004,70.4868,33.560,33.560,0,4,48.5599,15.0000
1072.526,1205.203,70.4967,33.560,33.560,0,4,48.5599,15.0000
1072.727,1205.403,70.4953,33.560,33.560,0,4,48.5599,15.0000
1072.927,1205.603,70.4849,33.560,33.560,0,4,48.5599,15.0000
1073.127,1205.803,70.4873,33.560,33.560,0,4,48.5599,15.0000
1073.327,1206.004,70.4928,33.560,33.560,0,4,48.5599,15.0000
1073.527,1206.203,70.4858,33.560,33.560,0,4,48.5599,15.0000
1073.727,1206.403,70.4888,33.560,33.560,0,4,48.5599,15.0000
1073.927,1206.602,70.4801,33.560,33.560,0,4,48.5599,15.0000
1074.127,1206.803,70.4884,33.560,33.560,0,4,48.5599,15.0000
1074.327,1207.003,70.4866,33.560,33.560,0,4,48.5599,15.0000
1074.527,1207.202,70.4933,33.560,33.560,0,4,48.5599,15.0000
1074.727,1207.402,70.4852,33.560,33.560,0,4,48.5599,15.0000
1074.927,1207.602,70.4829,33.560,33.560,0,4,48.5599,15.0000
1075.127,1207.803,70.4858,33.560,33.560,0,4,48.5599,15.0000
1075.327,1208.001,70.4862,33.560,33.560,0,4,48.5599,15.0000
1075.527,1208.202,70.4881,33.560,33.560,0,4,48.5599,15.0000
1075.727,1208.400,70.4881,33.560,33.560,0,4,48.5599,15.0000
1075.927,1208.602,70.4805,33.560,33.560,0,4,48.5599,15.0000
1076.126,1208.801,70.4795,33.560,33.560,0,4,48.5599,15.0000
1076.327,1209.002,70.4813,33.560,33.560,0,4,48.5599,15.0000
1076.527,1209.201,70.4871,33.560,33.560,0,4,48.5599,15.0000
1076.727,1209.400,70.4870,33.560,33.560,0,4,48.5599,15.0000
1076.927,1209.600,70.4836,33.560,33.560,0,4,48.5599,15.0000
1077.126,1209.801,70.4795,33.560,33.560,0,4,48.5599,15.0000
1077.327,1210.001,70.4766,33.560,33.560,0,4,48.5599,15.0000
1077.527,1210.200,70.4683,33.560,33.560,0,4,48.5599,15.0000
1077.727,1210.400,70.4715,33.560,33.560,0,4,48.5599,15.0000
1077.927,1210.600,70.4707,33.560,33.560,0,4,48.5599,15.0000
1078.127,1210.801,70.4766,33.560,33.560,0,4,48.5599,15.0000
1078.327,1211.001,70.4647,33.560,33.560,0,4,48.5599,15.0000
1078.527,1211.199,70.4702,33.560,33.560,0,4,48.5599,15.0000
1078.727,1211.398,70.4748,33.560,33.560,0,4,48.5599,15.0000
1078.927,1211.600,70.4743,33.560,33.560,0,4,48.5599,15.0000
1079.126,1211.801,70.4663,33.560,33.560,0,4,48.5599,15.0000
1079.328,1212.000,70.4743,33.560,33.560,0,4,48.5599,15.0000
1079.528,1212.199,70.4663,33.560,33.560,0,4,48.5599,15.0000
1079.728,1212.398,70.4652,33.560,33.560,0,4,48.5599,15.0000
1079.928,1212.600,70.4741,33.560,33.560,0,4,48.5599,15.0000
1080.127,1212.801,70.4714,33.560,33.560,0,4,48.5599,15.0000
1080.328,1212.999,70.4780,33.560,33.560,0,4,48.5599,15.0000
1080.528,1213.198,70.4660,33.560,33.560,0,4,48.5599,15.0000
1080.728,1213.398,70.4674,33.560,33.560,0,4,48.5599,15.0000
1080.928,1213.598,70.4648,33.560,33.560,0,4,48.5599,15.0000
1081.126,1213.799,70.4691,33.560,33.560,0,4,48.5599,15.0000
1081.328,1213.998,70.4629,33.560,33.560,0,4,48.5599,15.0000
1081.528,1214.198,70.4507,33.560,33.560,0,4,48.5599,15.0000
1081.727,1214.396,70.4604,33.560,33.560,0,4,48.5599,15.0000
1081.928,1214.598,70.4468,33.560,33.560,0,4,48.5599,15.0000
1082.126,1214.799,70.4688,33.560,33.560,0,4,48.5599,15.0000
1082.327,1214.997,70.4516,33.560,33.560,0,4,48.5599,15.0000
1082.528,1215.197,70.4434,33.560,33.560,0,4,48.5599,15.0000
1082.726,1215.396,70.4508,33.560,33.560,0,4,48.5599,15.0000
1082.928,1215.598,70.4630,33.560,33.560,0,4,48.5599,15.0000
1083.126,1215.799,70.4508,33.560,33.560,0,4,48.5599,15.0000
1083.328,1215.995,70.4492,33.560,33.560,0,4,48.5599,15.0000
1083.527,1216.196,70.4543,33.560,33.560,0,4,48.5599,15.0000
1083.728,1216.396,70.4543,33.560,33.560,0,4,48.5599,15.0000
1083.928,1216.596,70.4554,33.560,33.560,0,4,48.5599,15.0000
1084.128,1216.797,70.4544,33.560,33.560,0,4,48.5599,15.0000
1084.328,1216.995,70.4600,33.560,33.560,0,4,48.5599,15.0000
1084.528,1217.196,70.4520,33.560,33.560,0,4,48.5599,15.0000
1084.728,1217.394,70.4626,33.560,33.560,0,4,48.5599,15.0000
1084.927,1217.596,70.4422,33.560,33.560,0,4,48.5599,15.0000
1085.127,1217.796,70.4468,33.560,33.560,0,4,48.5599,15.0000
1085.327,1217.995,70.4435,33.560,33.560,0,4,48.5599,15.0000
1085.528,1218.195,70.4595,33.560,33.560,0,4,48.5599,15.0000
1085.727,1218.394,70.4460,33.560,33.560,0,4,48.5599,15.0000
1085.928,1218.596,70.4494,33.560,33.560,0,4,48.5599,15.0000
1086.128,1218.796,70.4546,33.560,33.560,0,4,48.5599,15.0000
1086.328,1218.994,70.4440,33.560,33.560,0,4,48.5599,15.0000
1086.528,1219.194,70.4494,33.560,33.560,0,4,48.5599,15.0000
1086.728,1219.394,70.4487,33.560,33.560,0,4,48.5599,15.0000
1086.928,1219.594,70.4536,33.560,33.560,0,4,48.5599,15.0000
1087.128,1219.795,70.4492,33.560,33.560,0,4,48.5599,15.0000
1087.326,1219.994,70.4448,33.560,33.560,0,4,48.5599,15.0000
1087.528,1220.194,70.4507,33.560,33.560,0,4,48.5599,15.0000
1087.728,1220.393,70.4447,33.560,33.560,0,4,48.5599,15.0000
1087.927,1220.594,70.4391,33.560,33.560,0,4,48.5599,15.0000
1088.128,1220.794,70.4404,33.560,33.560,0,4,48.5599,15.0000
1088.328,1220.993,70.4382,33.560,33.560,0,4,48.5599,15.0000
1088.528,1221.193,70.4401,33.560,33.560,0,4,48.5599,15.0000
1088.727,1221.392,70.4435,33.560,33.560,0,4,48.5599,15.0000
1088.928,1221.594,70.4404,33.560,33.560,0,4,48.5599,15.0000
1089.128,1221.794,70.4375,33.560,33.560,0,4,48.5599,15.0000
1089.328,1221.993,70.4382,33.560,33.560,0,4,48.5599,15.0000
1089.526,1222.191,70.4354,33.560,33.560,0,4,48.5599,15.0000
1089.728,1222.392,70.4388,33.560,33.560,0,4,48.5599,15.0000
1089.928,1222.594,70.4303,33.560,33.560,0,4,48.5599,15.0000
1090.128,1222.793,70.4294,33.560,33.560,0,4,48.5599,15.0000
1090.328,1222.992,70.4298,33.560,33.560,0,4,48.5599,15.0000
1090.528,1223.191,70.4375,33.560,33.560,0,4,48.5599,15.0000
1090.728,1223.392,70.4312,33.560,33.560,0,4,48.5599,15.0000
1090.928,1223.592,70.4233,33.560,33.560,0,4,48.5599,15.0000
1091.127,1223.792,70.4341,33.560,33.560,0,4,48.5599,15.0000
1091.328,1223.991,70.4341,33.560,33.560,0,4,48.5599,15.0000
1091.526,1224.191,70.4285,33.560,33.560,0,4,48.5599,15.0000
1091.728,1224.391,70.4216,33.560,33.560,0,4,48.5599,15.0000
1091.928,1224.592,70.4240,33.560,33.560,0,4,48.5599,15.0000
1092.128,1224.792,70.4272,33.560,33.560,0,4,48.5599,15.0000
1092.327,1224.990,70.4326,33.560,33.560,0,4,48.5599,15.0000
1092.528,1225.190,70.4219,33.560,33.560,0,4,48.5599,15.0000
1092.728,1225.390,70.4149,33.560,33.560,0,4,48.5599,15.0000
1092.928,1225.592,70.4194,33.560,33.560,0,4,48.5599,15.0000
1093.128,1225.790,70.4090,33.560,33.560,0,4,48.5599,15.0000
1093.326,1225.990,70.4173,33.560,33.560,0,4,48.5599,15.0000
1093.528,1226.190,70.4137,33.560,33.560,0,4,48.5599,15.0000
1093.728,1226.390,70.4040,33.560,33.560,0,4,48.5599,15.0000
1093.928,1226.592,70.4090,33.560,33.560,0,4,48.5599,15.0000
1094.127,1226.790,70.4048,33.560,33.560,0,4,48.5599,15.0000
1094.328,1226.989,70.4115,33.560,33.560,0,4,48.5599,15.0000
1094.528,1227.189,70.4023,33.560,33.560,0,4,48.5599,15.0000
1094.727,1227.389,70.3991,33.560,33.560,0,4,48.5599,15.0000
1094.928,1227.590,70.3968,33.560,33.560,0,4,48.5599,15.0000
1095.128,1227.788,70.3992,33.560,33.560,0,4,48.5599,15.0000
1095.326,1227.988,70.3926,33.560,33.560,0,4,48.5599,15.0000
1095.528,1228.188,70.3896,33.560,33.560,0,4,48.5599,15.0000
1095.726,1228.388,70.3976,33.560,33.560,0,4,48.5599,15.0000
1095.928,1228.588,70.3828,33.560,33.560,0,4,48.5599,15.0000
1096.128,1228.788,70.3843,33.560,33.560,0,4,48.5599,15.0000
1096.326,1228.988,70.3872,33.560,33.560,0,4,48.5599,15.0000
1096.528,1229.188,70.3722,33.560,33.560,0,4,48.5599,15.0000
1096.728,1229.388,70.3784,33.560,33.560,0,4,48.5599,15.0000
1096.927,1229.586,70.3696,33.560,33.560,0,4,48.5599,15.0000
1097.128,1229.788,70.3691,33.560,33.560,0,4,48.5599,15.0000
1097.328,1229.987,70.3732,33.560,33.560,0,4,48.5599,15.0000
1097.528,1230.187,70.3662,33.560,33.560,0,4,48.5599,15.0000
1097.727,1230.387,70.3768,33.560,33.560,0,4,48.5599,15.0000
1097.928,1230.588,70.3574,33.560,33.560,0,4,48.5599,15.0000
1098.127,1230.787,70.3574,33.560,33.560,0,4,48.5599,15.0000
1098.328,1230.987,70.3512,33.560,33.560,0,4,48.5599,15.0000
1098.528,1231.186,70.3486,33.560,33.560,0,4,48.5599,15.0000
1098.727,1231.387,70.3535,33.560,33.560,0,4,48.5599,15.0000
1098.928,1231.586,70.3501,33.560,33.560,0,4,48.5599,15.0000
1099.127,1231.786,70.3263,33.560,33.560,0,4,48.5599,15.0000
1099.328,1231.986,70.3403,33.560,33.560,0,4,48.5599,15.0000
1099.528,1232.186,70.3438,33.560,33.560,0,4,48.5599,15.0000
1099.728,1232.387,70.3428,33.560,33.560,0,4,48.5599,15.0000
1099.928,1232.586,70.3337,33.560,33.560,0,4,48.5599,15.0000
1100.128,1232.786,70.3348,33.560,33.560,0,4,48.5599,15.0000
1100.328,1232.984,70.3301,33.560,33.560,0,4,48.5599,15.0000
1100.527,1233.185,70.3263,33.560,33.560,0,4,48.5599,15.0000
1100.728,1233.385,70.3203,33.560,33.560,0,4,48.5599,15.0000
1100.928,1233.586,70.3218,33.560,33.560,0,4,48.5599,15.0000
1101.126,1233.785,70.3221,33.560,33.560,0,4,48.5599,15.0000
1101.327,1233.984,70.3120,33.560,33.560,0,4,48.5599,15.0000
1101.527,1234.184,70.3042,33.560,33.560,0,4,48.5599,15.0000
1101.726,1234.385,70.3130,33.560,33.560,0,4,48.5599,15.0000
1101.928,1234.585,70.3133,33.560,33.560,0,4,48.5599,15.0000
1102.126,1234.784,70.2988,33.560,33.560,0,4,48.5599,15.0000
1102.326,1234.984,70.3011,33.560,33.560,0,4,48.5599,15.0000
1102.528,1235.184,70.3016,33.560,33.560,0,4,48.5599,15.0000
1102.728,1235.385,70.2878,33.560,33.560,0,4,48.5599,15.0000
1102.928,1235.583,70.2878,33.560,33.560,0,4,48.5599,15.0000
1103.127,1235.784,70.2915,33.560,33.560,0,4,48.5599,15.0000
1103.326,1235.982,70.2988,33.560,33.560,0,4,48.5599,15.0000
1103.528,1236.184,70.2894,33.560,33.560,0,4,48.5599,15.0000
1103.727,1236.383,70.2798,33.560,33.560,0,4,48.5599,15.0000
1103.928,1236.584,70.2793,33.560,33.560,0,4,48.5599,15.0000
1104.128,1236.783,70.2876,33.560,33.560,0,4,48.5599,15.0000
1104.327,1236.982,70.2695,33.560,33.560,0,4,48.5599,15.0000
1104.526,1237.184,70.2723,33.560,33.560,0,4,48.5599,15.0000
1104.728,1237.383,70.2721,33.560,33.560,0,4,48.5599,15.0000
1104.928,1237.583,70.2646,33.560,33.560,0,4,48.5599,15.0000
1105.127,1237.782,70.2744,33.560,33.560,0,4,48.5599,15.0000
1105.326,1237.982,70.2620,33.560,33.560,0,4,48.5599,15.0000
1105.528,1238.182,70.2599,33.560,33.560,0,4,48.5599,15.0000
1105.728,1238.383,70.2515,33.560,33.560,0,4,48.5599,15.0000
1105.928,1238.583,70.2502,33.560,33.560,0,4,48.5599,15.0000
1106.128,1238.782,70.2500,33.560,33.560,0,4,48.5599,15.0000
1106.327,1238.980,70.2422,33.560,33.560,0,4,48.5599,15.0000
1106.528,1239.182,70.2189,33.560,33.560,0,4,48.5599,15.0000
1106.728,1239.383,70.2368,33.560,33.560,0,4,48.5599,15.0000
1106.928,1239.581,70.2388,33.560,33.560,0,4,48.5599,15.0000
1107.128,1239.781,70.2373,33.560,33.560,0,4,48.5599,15.0000
1107.328,1239.980,70.2305,33.560,33.560,0,4,48.5599,15.0000
1107.528,1240.182,70.2334,33.560,33.560,0,4,48.5599,15.0000
1107.728,1240.383,70.2290,33.560,33.560,0,4,48.5599,15.0000
1107.928,1240.580,70.2222,33.560,33.560,0,4,48.5599,15.0000
1108.128,1240.780,70.2233,33.560,33.560,0,4,48.5599,15.0000
1108.328,1240.978,70.2225,33.560,33.560,0,4,48.5599,15.0000
1108.528,1241.180,70.2142,33.560,33.560,0,4,48.5599,15.0000
1108.728,1241.381,70.2178,33.560,33.560,0,4,48.5599,15.0000
1108.926,1241.579,70.2186,33.560,33.560,0,4,48.5599,15.0000
1109.128,1241.779,70.2165,33.560,33.560,0,4,48.5599,15.0000
1109.328,1241.978,70.2070,33.560,33.560,0,4,48.5599,15.0000
1109.527,1242.180,70.2043,33.560,33.560,0,4,48.5599,15.0000
1109.727,1242.380,70.2031,33.560,33.560,0,4,48.5599,15.0000
1109.928,1242.579,70.1938,33.560,33.560,0,4,48.5599,15.0000
1110.128,1242.779,70.1929,33.560,33.560,0,4,48.5599,15.0000
1110.328,1242.978,70.1929,33.560,33.560,0,4,48.5599,15.0000
1110.528,1243.180,70.1844,33.560,33.560,0,4,48.5599,15.0000
1110.728,1243.379,70.1839,33.560,33.560,0,4,48.5599,15.0000
1110.927,1243.579,70.1755,33.560,33.560,0,4,48.5599,15.0000
1111.127,1243.778,70.1719,33.560,33.560,0,4,48.5599,15.0000
1111.327,1243.978,70.1772,33.560,33.560,0,4,48.5599,15.0000
1111.527,1244.178,70.1716,33.560,33.560,0,4,48.5599,15.0000
1111.727,1244.379,70.1751,33.560,33.560,0,4,48.5599,15.0000
1111.927,1244.578,70.1642,33.560,33.560,0,4,48.5599,15.0000
1112.127,1244.778,70.1641,33.560,33.560,0,4,48.5599,15.0000
1112.327,1244.976,70.1558,33.560,33.560,0,4,48.5599,15.0000
1112.527,1245.178,70.1535,33.560,33.560,0,4,48.5599,15.0000
1112.727,1245.378,70.1457,33.560,33.560,0,4,48.5599,15.0000
1112.927,1245.577,70.1506,33.560,33.560,0,4,48.5599,15.0000
1113.126,1245.777,70.1408,33.560,33.560,0,4,48.5599,15.0000
1113.327,1245.976,70.1387,33.560,33.560,0,4,48.5599,15.0000
1113.527,1246.178,70.1374,33.560,33.560,0,4,48.5599,15.0000
1113.727,1246.378,70.1226,33.560,33.560,0,4,48.5599,15.0000
1113.927,1246.576,70.1247,33.560,33.560,0,4,48.5599,15.0000
1114.127,1246.775,70.1243,33.560,33.560,0,4,48.5599,15.0000
1114.326,1246.976,70.1151,33.560,33.560,0,4,48.5599,15.0000
1114.527,1247.176,70.1090,33.560,33.560,0,4,48.5599,15.0000
1114.727,1247.377,70.1063,33.560,33.560,0,4,48.5599,15.0000
1114.926,1247.576,70.1016,33.560,33.560,0,4,48.5599,15.0000
1115.127,1247.775,70.1012,33.560,33.560,0,4,48.5599,15.0000
1115.326,1247.975,70.0850,33.560,33.560,0,4,48.5599,15.0000
1115.527,1248.176,70.0921,33.560,33.560,0,4,48.5599,15.0000
1115.727,1248.376,70.0772,33.560,33.560,0,4,48.5599,15.0000
1115.927,1248.575,70.0775,33.560,33.560,0,4,48.5599,15.0000
1116.127,1248.775,70.0718,33.560,33.560,0,4,48.5599,15.0000
1116.327,1248.975,70.0649,33.560,33.560,0,4,48.5599,15.0000
1116.527,1249.176,70.0635,33.560,33.560,0,4,48.5599,15.0000
1116.727,1249.376,70.0586,33.560,33.560,0,4,48.5599,15.0000
1116.927,1249.574,70.0488,33.560,33.560,0,4,48.5599,15.0000
1117.126,1249.774,70.0508,33.560,33.560,0,4,48.5599,15.0000
1117.327,1249.975,70.0338,33.560,33.560,0,4,48.5599,15.0000
1117.527,1250.176,70.0347,33.560,33.560,0,4,48.5599,15.0000
1117.726,1250.375,70.0293,33.560,33.560,0,4,48.5599,15.0000
1117.927,1250.574,70.0252,33.560,33.560,0,4,48.5599,15.0000
1118.127,1250.774,70.0168,33.560,33.560,0,4,48.5599,15.0000
1118.327,1250.974,70.0166,33.560,33.560,0,4,48.5599,15.0000
1118.527,1251.176,70.0104,33.560,33.560,0,4,48.5599,15.0000
1118.727,1251.374,70.0060,33.560,33.560,0,4,48.5599,15.0000
1118.926,1251.573,69.9980,33.560,33.560,0,4,48.5599,15.0000
1119.126,1251.773,69.9924,33.560,33.560,0,4,48.5599,15.0000
1119.327,1251.973,69.9888,33.560,33.560,0,4,48.5599,15.0000
1119.527,1252.174,69.9839,33.560,33.560,0,4,48.5599,15.0000
1119.727,1252.372,69.9726,33.560,33.560,0,4,48.5599,15.0000
1119.926,1252.572,69.9717,33.560,33.560,0,4,48.5599,15.0000
1120.127,1252.772,69.9642,33.560,33.560,0,4,48.5599,15.0000
1120.327,1252.973,69.9517,33.560,33.560,0,4,48.5599,15.0000
1120.527,1253.174,69.9574,33.560,33.560,0,4,48.5599,15.0000
1120.727,1253.372,69.9478,33.560,33.560,0,4,48.5599,15.0000
1120.926,1253.572,69.9414,33.560,33.560,0,4,48.5599,15.0000
1121.126,1253.772,69.9370,33.560,33.560,0,4,48.5599,15.0000
1121.327,1253.972,69.9298,33.560,33.560,0,4,48.5599,15.0000
1121.526,1254.174,69.9385,33.560,33.560,0,4,48.5599,15.0000
1121.726,1254.371,69.9263,33.560,33.560,0,4,48.5599,15.0000
1121.926,1254.571,69.9149,33.560,33.560,0,4,48.5599,15.0000
1122.127,1254.771,69.9105,33.560,33.560,0,4,48.5599,15.0000
1122.327,1254.971,69.9121,33.560,33.560,0,4,48.5599,15.0000
1122.527,1255.172,69.9066,33.560,33.560,0,4,48.5599,15.0000
1122.727,1255.371,69.8916,33.560,33.560,0,4,48.5599,15.0000
1122.927,1255.571,69.8926,33.560,33.560,0,4,48.5599,15.0000
1123.127,1255.770,69.8840,33.560,33.560,0,4,48.5599,15.0000
1123.327,1255.971,69.8789,33.560,33.560,0,4,48.5599,15.0000
1123.527,1256.170,69.8732,33.560,33.560,0,4,48.5599,15.0000
1123.726,1256.370,69.8701,33.560,33.560,0,4,48.5599,15.0000
1123.927,1256.570,69.8675,33.560,33.560,0,4,48.5599,15.0000
1124.127,1256.770,69.8558,33.560,33.560,0,4,48.5599,15.0000
1124.327,1256.971,69.8631,33.560,33.560,0,4,48.5599,15.0000
1124.527,1257.170,69.8573,33.560,33.560,0,4,48.5599,15.0000
1124.727,1257.369,69.8477,33.560,33.560,0,4,48.5599,15.0000
1124.927,1257.569,69.8335,33.560,33.560,0,4,48.5599,15.0000
1125.127,1257.769,69.8394,33.560,33.560,0,4,48.5599,15.0000
1125.327,1257.969,69.8330,33.560,33.560,0,4,48.5599,15.0000
1125.527,1258.169,69.8335,33.560,33.560,0,4,48.5599,15.0000
1125.727,1258.369,69.8281,33.560,33.560,0,4,48.5599,15.0000
1125.927,1258.569,69.8266,33.560,33.560,0,4,48.5599,15.0000
1126.126,1258.768,69.8169,33.560,33.560,0,4,48.5599,15.0000
1126.327,1258.969,69.8167,33.560,33.560,0,4,48.5599,15.0000
1126.527,1259.169,69.8029,33.560,33.560,0,4,48.5599,15.0000
1126.727,1259.368,69.8096,33.560,33.560,0,4,48.5599,15.0000
1126.927,1259.568,69.8008,33.560,33.560,0,4,48.5599,15.0000
1127.127,1259.768,69.7951,33.560,33.560,0,4,48.5599,15.0000
1127.327,1259.969,69.7941,33.560,33.560,0,4,48.5599,15.0000
1127.527,1260.169,69.7811,33.560,33.560,0,4,48.5599,15.0000
1127.727,1260.368,69.7852,33.560,33.560,0,4,48.5599,15.0000
1127.926,1260.566,69.7808,33.560,33.560,0,4,48.5599,15.0000
1128.126,1260.768,69.7658,33.560,33.560,0,4,48.5599,15.0000
1128.326,1260.967,69.7751,33.560,33.560,0,4,48.5599,15.0000
1128.527,1261.168,69.7694,33.560,33.560,0,4,48.5599,15.0000
1128.727,1261.367,69.7703,33.560,33.560,0,4,48.5599,15.0000
1128.927,1261.566,69.7646,33.560,33.560,0,4,48.5599,15.0000
1129.126,1261.768,69.7568,33.560,33.560,0,4,48.5599,15.0000
1129.327,1261.967,69.7500,33.560,33.560,0,4,48.5599,15.0000
1129.527,1262.167,69.7655,33.560,33.560,0,4,48.5599,15.0000
1129.726,1262.366,69.7397,33.560,64.820,1,5,49.8197,15.0000
1129.927,1262.571,69.7409,64.820,64.820,1,5,49.8197,15.0000
1130.127,1262.766,69.7329,64.820,64.820,1,5,49.8197,15.0000
1130.327,1262.967,69.7339,64.820,64.820,1,5,49.8197,15.0000
1130.526,1263.167,69.7270,64.820,64.820,1,5,49.8197,15.0000
1130.727,1263.365,69.7093,64.820,64.820,1,5,49.8197,15.0000
1130.927,1263.564,69.7254,64.820,64.820,1,5,49.8197,15.0000
1131.126,1263.766,69.7083,64.820,64.820,1,5,49.8197,15.0000
1131.327,1263.967,69.7111,64.820,64.820,1,5,49.8197,15.0000
1131.527,1264.165,69.7067,64.820,64.820,1,5,49.8197,15.0000
1131.727,1264.365,69.6971,64.820,64.820,1,5,49.8197,15.0000
1131.926,1264.564,69.6896,64.820,64.820,1,5,49.8197,15.0000
1132.127,1264.766,69.6883,64.820,64.820,1,5,49.8197,15.0000
1132.327,1264.964,69.6880,64.820,64.820,1,5,49.8197,15.0000
1132.527,1265.164,69.6849,64.820,64.820,1,5,49.8197,15.0000
1132.727,1265.364,69.6748,64.820,64.820,1,5,49.8197,15.0000
1132.927,1265.564,69.6680,64.820,64.820,1,5,49.8197,15.0000
1133.126,1265.764,69.6649,64.820,64.820,1,5,49.8197,15.0000
1133.326,1265.965,69.6561,64.820,64.820,1,5,49.8197,15.0000
1133.527,1266.163,69.6587,64.820,64.820,1,5,49.8197,15.0000
1133.726,1266.363,69.6424,64.820,64.820,1,5,49.8197,15.0000
1133.926,1266.562,69.6432,64.820,64.820,1,5,49.8197,15.0000
1134.127,1266.764,69.6406,64.820,64.820,1,5,49.8197,15.0000
1134.327,1266.964,69.6416,64.820,64.820,1,5,49.8197,15.0000
1134.527,1267.163,69.6328,64.820,64.820,1,5,49.8197,15.0000
1134.727,1267.363,69.6240,64.820,64.820,1,5,49.8197,15.0000
1134.926,1267.562,69.6216,64.820,64.820,1,5,49.8197,15.0000
1135.127,1267.764,69.6143,64.820,64.820,1,5,49.8197,15.0000
1135.327,1267.964,69.6126,64.820,64.820,1,5,49.8197,15.0000
1135.527,1268.162,69.6087,64.820,64.820,1,5,49.8197,15.0000
1135.726,1268.362,69.6177,64.820,64.820,1,5,49.8197,15.0000
1135.927,1268.562,69.6016,64.820,64.820,1,5,49.8197,15.0000
1136.127,1268.762,69.5957,64.820,64.820,1,5,49.8197,15.0000
1136.326,1268.963,69.5947,64.820,64.820,1,5,49.8197,15.0000
1136.526,1269.162,69.5918,64.820,64.820,1,5,49.8197,15.0000
1136.727,1269.362,69.5918,64.820,64.820,1,5,49.8197,15.0000
1136.927,1269.560,69.5902,64.820,64.820,1,5,49.8197,15.0000
1137.126,1269.762,69.5837,64.820,64.820,1,5,49.8197,15.0000
1137.327,1269.962,69.5736,64.820,64.820,1,5,49.8197,15.0000
1137.527,1270.161,69.5837,64.820,64.820,1,5,49.8197,15.0000
1137.727,1270.361,69.5791,64.820,64.820,1,5,49.8197,15.0000
1137.927,1270.560,69.5714,64.820,64.820,1,5,49.8197,15.0000
1138.127,1270.762,69.5692,64.820,64.820,1,5,49.8197,15.0000
1138.327,1270.961,69.5667,64.820,64.820,1,5,49.8197,15.0000
1138.527,1271.161,69.5661,64.820,64.820,1,5,49.8197,15.0000
1138.727,1271.359,69.5615,64.820,64.820,1,5,49.8197,15.0000
1138.927,1271.560,69.5552,64.820,64.820,1,5,49.8197,15.0000
1139.127,1271.762,69.5568,64.820,64.820,1,5,49.8197,15.0000
1139.326,1271.961,69.5540,64.820,64.820,1,5,49.8197,15.0000
1139.527,1272.160,69.5483,64.820,64.820,1,5,49.8197,15.0000
1139.727,1272.359,69.5474,64.820,64.820,1,5,49.8197,15.0000
1139.927,1272.559,69.5505,64.820,64.820,1,5,49.8197,15.0000
1140.127,1272.760,69.5404,64.820,64.820,1,5,49.8197,15.0000
1140.327,1272.960,69.5334,64.820,64.820,1,5,49.8197,15.0000
1140.527,1273.159,69.5376,64.820,64.820,1,5,49.8197,15.0000
1140.727,1273.359,69.5428,64.820,64.820,1,5,49.8197,15.0000
1140.927,1273.559,69.5306,64.820,64.820,1,5,49.8197,15.0000
1141.127,1273.760,69.5286,64.820,64.820,1,5,49.8197,15.0000
1141.327,1273.958,69.5282,64.820,64.820,1,5,49.8197,15.0000
1141.527,1274.159,69.5205,64.820,64.820,1,5,49.8197,15.0000
1141.727,1274.357,69.5303,64.820,64.820,1,5,49.8197,15.0000
1141.927,1274.558,69.5195,64.820,64.820,1,5,49.8197,15.0000
1142.126,1274.758,69.5168,64.820,64.820,1,5,49.8197,15.0000
1142.327,1274.959,69.5150,64.820,64.820,1,5,49.8197,15.0000
1142.526,1275.158,69.5138,64.820,64.820,1,5,49.8197,15.0000
1142.727,1275.357,69.5072,64.820,64.820,1,5,49.8197,15.0000
1142.926,1275.558,69.5010,64.820,64.820,1,5,49.8197,15.0000
1143.127,1275.758,69.5078,64.820,64.820,1,5,49.8197,15.0000
1143.327,1275.958,69.4956,64.820,64.820,1,5,49.8197,15.0000
1143.527,1276.157,69.5015,64.820,64.820,1,5,49.8197,15.0000
1143.727,1276.357,69.4945,64.820,64.820,1,5,49.8197,15.0000
1143.927,1276.557,69.4953,64.820,64.820,1,5,49.8197,15.0000
1144.127,1276.758,69.4945,64.820,64.820,1,5,49.8197,15.0000
1144.327,1276.958,69.4849,64.820,64.820,1,5,49.8197,15.0000
1144.527,1277.156,69.4849,64.820,64.820,1,5,49.8197,15.0000
1144.727,1277.356,69.4850,64.820,64.820,1,5,49.8197,15.0000
1144.927,1277.556,69.4839,64.820,64.820,1,5,49.8197,15.0000
1145.127,1277.758,69.4722,64.820,64.820,1,5,49.8197,15.0000
1145.327,1277.956,69.4712,64.820,64.820,1,5,49.8197,15.0000
1145.527,1278.156,69.4647,64.820,64.820,1,5,49.8197,15.0000
1145.727,1278.356,69.4735,64.820,64.820,1,5,49.8197,15.0000
1145.927,1278.556,69.4723,64.820,64.820,1,5,49.8197,15.0000
1146.127,1278.754,69.4717,64.820,64.820,1,5,49.8197,15.0000
1146.326,1278.955,69.4507,64.820,64.820,1,5,49.8197,15.0000
1146.527,1279.155,69.4560,64.820,64.820,1,5,49.8197,15.0000
1146.726,1279.355,69.4530,64.820,64.820,1,5,49.8197,15.0000
1146.926,1279.555,69.4567,64.820,64.820,1,5,49.8197,15.0000
1147.127,1279.756,69.4494,64.820,64.820,1,5,49.8197,15.0000
1147.327,1279.954,69.4507,64.820,64.820,1,5,49.8197,15.0000
1147.527,1280.154,69.4526,64.820,64.820,1,5,49.8197,15.0000
1147.726,1280.354,69.4489,64.820,64.820,1,5,49.8197,15.0000
1147.926,1280.555,69.4505,64.820,64.820,1,5,49.8197,15.0000
1148.127,1280.754,69.4443,64.820,64.820,1,5,49.8197,15.0000
1148.327,1280.954,69.4463,64.820,64.820,1,5,49.8197,15.0000
1148.527,1281.154,69.4403,64.820,64.820,1,5,49.8197,15.0000
1148.727,1281.353,69.4468,64.820,64.820,1,5,49.8197,15.0000
1148.927,1281.555,69.4437,64.820,64.820,1,5,49.8197,15.0000
1149.127,1281.754,69.4502,64.820,64.820,1,5,49.8197,15.0000
1149.327,1281.953,69.4466,64.820,64.820,1,5,49.8197,15.0000
1149.526,1282.154,69.4336,64.820,64.820,1,5,49.8197,15.0000
1149.727,1282.353,69.4425,64.820,64.820,1,5,49.8197,15.0000
1149.927,1282.553,69.4510,64.820,64.820,1,5,49.8197,15.0000
1150.127,1282.754,69.4399,64.820,64.820,1,5,49.8197,15.0000
1150.327,1282.953,69.4390,64.820,64.820,1,5,49.8197,15.0000
1150.527,1283.152,69.4429,64.820,64.820,1,5,49.8197,15.0000
1150.727,1283.352,69.4416,64.820,64.820,1,5,49.8197,15.0000
1150.927,1283.553,69.4375,64.820,64.820,1,5,49.8197,15.0000
1151.127,1283.753,69.4377,64.820,64.820,1,5,49.8197,15.0000
1151.327,1283.952,69.4341,64.820,64.820,1,5,49.8197,15.0000
1151.527,1284.152,69.4364,64.820,64.820,1,5,49.8197,15.0000
1151.727,1284.352,69.4294,64.820,64.820,1,5,49.8197,15.0000
1151.926,1284.553,69.4356,64.820,64.820,1,5,49.8197,15.0000
1152.127,1284.752,69.4629,64.820,64.820,1,5,49.8197,15.0000
1152.326,1284.952,69.4419,64.820,64.820,1,5,49.8197,15.0000
1152.527,1285.150,69.4468,64.820,64.820,1,5,49.8197,15.0000
1152.726,1285.352,69.4455,64.820,64.820,1,5,49.8197,15.0000
1152.927,1285.551,69.4424,64.820,64.820,1,5,49.8197,15.0000
1153.127,1285.753,69.4419,64.820,64.820,1,5,49.8197,15.0000
1153.327,1285.951,69.4445,64.820,64.820,1,5,49.8197,15.0000
1153.527,1286.150,69.4390,64.820,64.820,1,5,49.8197,15.0000
1153.727,1286.350,69.4482,64.820,64.820,1,5,49.8197,15.0000
1153.926,1286.551,69.4417,64.820,64.820,1,5,49.8197,15.0000
1154.127,1286.751,69.4495,64.820,64.820,1,5,49.8197,15.0000
1154.327,1286.950,69.4435,64.820,64.820,1,5,49.8197,15.0000
1154.527,1287.150,69.4416,64.820,64.820,1,5,49.8197,15.0000
1154.727,1287.350,69.4414,64.820,64.820,1,5,49.8197,15.0000
1154.927,1287.551,69.4406,64.820,64.820,1,5,49.8197,15.0000
1155.127,1287.751,69.4425,64.820,64.820,1,5,49.8197,15.0000
1155.327,1287.949,69.4394,64.820,64.820,1,5,49.8197,15.0000
1155.527,1288.148,69.4403,64.820,64.820,1,5,49.8197,15.0000
1155.727,1288.350,69.4434,64.820,64.820,1,5,49.8197,15.0000
1155.927,1288.551,69.4375,64.820,64.820,1,5,49.8197,15.0000
1156.127,1288.750,69.4513,64.820,64.820,1,5,49.8197,15.0000
1156.327,1288.949,69.4424,64.820,64.820,1,5,49.8197,15.0000
1156.527,1289.148,69.4403,64.820,64.820,1,5,49.8197,15.0000
1156.727,1289.350,69.4437,64.820,64.820,1,5,49.8197,15.0000
1156.927,1289.551,69.4434,64.820,64.820,1,5,49.8197,15.0000
1157.127,1289.749,69.4333,64.820,64.820,1,5,49.8197,15.0000
1157.327,1289.948,69.4425,64.820,64.820,1,5,49.8197,15.0000
1157.527,1290.148,69.4435,64.820,64.820,1,5,49.8197,15.0000
1157.727,1290.348,69.4435,64.820,64.820,1,5,49.8197,15.0000
1157.926,1290.549,69.4450,64.820,64.820,1,5,49.8197,15.0000
1158.127,1290.747,69.4419,64.820,64.820,1,5,49.8197,15.0000
1158.327,1290.947,69.4447,64.820,64.820,1,5,49.8197,15.0000
1158.527,1291.146,69.4429,64.820,64.820,1,5,49.8197,15.0000
1158.727,1291.348,69.4522,64.820,64.820,1,5,49.8197,15.0000
1158.926,1291.549,69.4476,64.820,64.820,1,5,49.8197,15.0000
1159.127,1291.747,69.4430,64.820,64.820,1,5,49.8197,15.0000
1159.327,1291.947,69.4424,64.820,64.820,1,5,49.8197,15.0000
1159.527,1292.146,69.4505,64.820,64.820,1,5,49.8197,15.0000
1159.726,1292.348,69.4419,64.820,64.820,1,5,49.8197,15.0000
1159.927,1292.547,69.4531,64.820,64.820,1,5,49.8197,15.0000
1160.127,1292.746,69.4517,64.820,64.820,1,5,49.8197,15.0000
1160.327,1292.946,69.4604,64.820,64.820,1,5,49.8197,15.0000
1160.527,1293.146,69.4567,64.820,64.820,1,5,49.8197,15.0000
1160.726,1293.346,69.4546,64.820,64.820,1,5,49.8197,15.0000
1160.927,1293.547,69.4595,64.820,64.820,1,5,49.8197,15.0000
1161.127,1293.745,69.4663,64.820,64.820,1,5,49.8197,15.0000
1161.326,1293.945,69.4683,64.820,64.820,1,5,49.8197,15.0000
1161.527,1294.144,69.4650,64.820,64.820,1,5,49.8197,15.0000
1161.726,1294.346,69.4722,64.820,64.820,1,5,49.8197,15.0000
1161.927,1294.546,69.4710,64.820,64.820,1,5,49.8197,15.0000
1162.127,1294.745,69.4803,64.820,64.820,1,5,49.8197,15.0000
1162.327,1294.945,69.4757,64.820,64.820,1,5,49.8197,15.0000
1162.526,1295.144,69.4803,64.820,64.820,1,5,49.8197,15.0000
1162.726,1295.346,69.4857,64.820,64.820,1,5,49.8197,15.0000
1162.927,1295.545,69.4936,64.820,64.820,1,5,49.8197,15.0000
1163.127,1295.745,69.4946,64.820,64.820,1,5,49.8197,15.0000
1163.327,1295.944,69.4912,64.820,64.820,1,5,49.8197,15.0000
1163.527,1296.144,69.4946,64.820,64.820,1,5,49.8197,15.0000
1163.727,1296.344,69.4922,64.820,64.820,1,5,49.8197,15.0000
1163.927,1296.545,69.5034,64.820,64.820,1,5,49.8197,15.0000
1164.127,1296.744,69.5124,64.820,64.820,1,5,49.8197,15.0000
1164.327,1296.944,69.5102,64.820,64.820,1,5,49.8197,15.0000
1164.526,1297.143,69.5107,64.820,64.820,1,5,49.8197,15.0000
1164.727,1297.344,69.4961,64.820,64.820,1,5,49.8197,15.0000
1164.927,1297.544,69.5117,64.820,64.820,1,5,49.8197,15.0000
1165.127,1297.743,69.5254,64.820,64.820,1,5,49.8197,15.0000
1165.327,1297.943,69.5200,64.820,64.820,1,5,49.8197,15.0000
1165.527,1298.143,69.5198,64.820,64.820,1,5,49.8197,15.0000
1165.727,1298.344,69.5312,64.820,64.820,1,5,49.8197,15.0000
1165.927,1298.544,69.5329,64.820,64.820,1,5,49.8197,15.0000
1166.127,1298.742,69.5298,64.820,64.820,1,5,49.8197,15.0000
1166.326,1298.941,69.5303,64.820,64.820,1,5,49.8197,15.0000
1166.527,1299.142,69.5360,64.820,64.820,1,5,49.8197,15.0000
1166.727,1299.342,69.5423,64.820,64.820,1,5,49.8197,15.0000
1166.927,1299.543,69.5522,64.820,64.820,1,5,49.8197,15.0000
1167.127,1299.742,69.5483,64.820,64.820,1,5,49.8197,15.0000
1167.327,1299.941,69.5513,64.820,64.820,1,5,49.8197,15.0000
1167.526,1300.140,69.5496,64.820,64.820,1,5,49.8197,15.0000
1167.726,1300.342,69.5483,64.820,64.820,1,5,49.8197,15.0000
1167.927,1300.542,69.5456,64.820,64.820,1,5,49.8197,15.0000
1168.127,1300.741,69.5574,64.820,64.820,1,5,49.8197,15.0000
1168.326,1300.941,69.5581,64.820,64.820,1,5,49.8197,15.0000
1168.526,1301.141,69.5623,64.820,64.820,1,5,49.8197,15.0000
1168.727,1301.342,69.5654,64.820,64.820,1,5,49.8197,15.0000
1168.927,1301.542,69.5684,64.820,64.820,1,5,49.8197,15.0000
1169.127,1301.740,69.5687,64.820,64.820,1,5,49.8197,15.0000
1169.327,1301.940,69.5744,64.820,64.820,1,5,49.8197,15.0000
1169.527,1302.140,69.5737,64.820,64.820,1,5,49.8197,15.0000
1169.727,1302.342,69.5701,64.820,64.820,1,5,49.8197,15.0000
1169.927,1302.540,69.5706,64.820,64.820,1,5,49.8197,15.0000
1170.127,1302.740,69.5798,64.820,64.820,1,5,49.8197,15.0000
1170.327,1302.940,69.5679,64.820,64.820,1,5,49.8197,15.0000
1170.527,1303.140,69.5700,64.820,64.820,1,5,49.8197,15.0000
1170.727,1303.342,69.5807,64.820,64.820,1,5,49.8197,15.0000
1170.926,1303.539,69.5762,64.820,64.820,1,5,49.8197,15.0000
1171.127,1303.739,69.5819,64.820,64.820,1,5,49.8197,15.0000
1171.327,1303.939,69.5766,64.820,64.820,1,5,49.8197,15.0000
1171.527,1304.139,69.5843,64.820,64.820,1,5,49.8197,15.0000
1171.727,1304.340,69.5794,64.820,64.820,1,5,49.8197,15.0000
1171.927,1304.538,69.5804,64.820,64.820,1,5,49.8197,15.0000
1172.127,1304.738,69.5771,64.820,64.820,1,5,49.8197,15.0000
1172.326,1304.938,69.5754,64.820,64.820,1,5,49.8197,15.0000
1172.527,1305.138,69.5825,64.820,64.820,1,5,49.8197,15.0000
1172.727,1305.338,69.5786,64.820,64.820,1,5,49.8197,15.0000
1172.927,1305.538,69.5812,64.820,64.820,1,5,49.8197,15.0000
1173.127,1305.738,69.5806,64.820,64.820,1,5,49.8197,15.0000
1173.327,1305.938,69.5848,64.820,64.820,1,5,49.8197,15.0000
1173.527,1306.138,69.5806,64.820,64.820,1,5,49.8197,15.0000
1173.727,1306.340,69.5828,64.820,64.820,1,5,49.8197,15.0000
1173.927,1306.537,69.5815,64.820,64.820,1,5,49.8197,15.0000
1174.127,1306.737,69.5837,64.820,64.820,1,5,49.8197,15.0000
1174.327,1306.937,69.5900,64.820,64.820,1,5,49.8197,15.0000
1174.527,1307.137,69.5853,64.820,64.820,1,5,49.8197,15.0000
1174.727,1307.338,69.5923,64.820,64.820,1,5,49.8197,15.0000
1174.927,1307.537,69.5903,64.820,64.820,1,5,49.8197,15.0000
1175.127,1307.737,69.5833,64.820,64.820,1,5,49.8197,15.0000
1175.326,1307.936,69.5889,64.820,64.820,1,5,49.8197,15.0000
1175.527,1308.137,69.5947,64.820,64.820,1,5,49.8197,15.0000
1175.726,1308.336,69.5947,64.820,64.820,1,5,49.8197,15.0000
1175.927,1308.536,69.5983,64.820,64.820,1,5,49.8197,15.0000
1176.127,1308.737,69.5903,64.820,64.820,1,5,49.8197,15.0000
1176.326,1308.935,69.5999,64.820,64.820,1,5,49.8197,15.0000
1176.527,1309.137,69.6001,64.820,64.820,1,5,49.8197,15.0000
1176.727,1309.336,69.6035,64.820,64.820,1,5,49.8197,15.0000
1176.927,1309.535,69.5882,64.820,64.820,1,5,49.8197,15.0000
1177.127,1309.734,69.5924,64.820,64.820,1,5,49.8197,15.0000
1177.326,1309.935,69.6007,64.820,64.820,1,5,49.8197,15.0000
1177.527,1310.135,69.6066,64.820,64.820,1,5,49.8197,15.0000
1177.727,1310.336,69.6104,64.820,64.820,1,5,49.8197,15.0000
1177.926,1310.535,69.6025,64.820,64.820,1,5,49.8197,15.0000
1178.127,1310.734,69.6092,64.820,64.820,1,5,49.8197,15.0000
1178.327,1310.934,69.6064,64.820,64.820,1,5,49.8197,15.0000
1178.527,1311.135,69.6133,64.820,64.820,1,5,49.8197,15.0000
1178.727,1311.335,69.6208,64.820,64.820,1,5,49.8197,15.0000
1178.927,1311.534,69.6134,64.820,64.820,1,5,49.8197,15.0000
1179.127,1311.734,69.6157,64.820,64.820,1,5,49.8197,15.0000
1179.327,1311.934,69.6260,64.820,64.820,1,5,49.8197,15.0000
1179.526,1312.135,69.6255,64.820,64.820,1,5,49.8197,15.0000
1179.727,1312.335,69.6201,64.820,64.820,1,5,49.8197,15.0000
1179.927,1312.533,69.6230,64.820,64.820,1,5,49.8197,15.0000
1180.127,1312.732,69.6245,64.820,64.820,1,5,49.8197,15.0000
1180.327,1312.934,69.6294,64.820,64.820,1,5,49.8197,15.0000
1180.527,1313.133,69.6284,64.820,64.820,1,5,49.8197,15.0000
1180.727,1313.334,69.6308,64.820,64.820,1,5,49.8197,15.0000
1180.927,1313.533,69.6336,64.820,64.820,1,5,49.8197,15.0000
1181.127,1313.732,69.6413,64.820,64.820,1,5,49.8197,15.0000
1181.327,1313.934,69.6393,64.820,64.820,1,5,49.8197,15.0000
1181.527,1314.133,69.6463,64.820,64.820,1,5,49.8197,15.0000
1181.727,1314.333,69.6492,64.820,64.820,1,5,49.8197,15.0000
1181.926,1314.532,69.6458,64.820,64.820,1,5,49.8197,15.0000
1182.127,1314.732,69.6558,64.820,64.820,1,5,49.8197,15.0000
1182.327,1314.932,69.6532,64.820,64.820,1,5,49.8197,15.0000
1182.526,1315.133,69.6572,64.820,64.820,1,5,49.8197,15.0000
1182.727,1315.333,69.6714,64.820,64.820,1,5,49.8197,15.0000
1182.926,1315.531,69.6642,64.820,64.820,1,5,49.8197,15.0000
1183.127,1315.730,69.6559,64.820,64.820,1,5,49.8197,15.0000
1183.327,1315.932,69.6681,64.820,64.820,1,5,49.8197,15.0000
1183.527,1316.131,69.6696,64.820,64.820,1,5,49.8197,15.0000
1183.727,1316.331,69.6665,64.820,64.820,1,5,49.8197,15.0000
1183.927,1316.531,69.6727,64.820,64.820,1,5,49.8197,15.0000
1184.126,1316.730,69.6785,64.820,64.820,1,5,49.8197,15.0000
1184.326,1316.932,69.6750,64.820,64.820,1,5,49.8197,15.0000
1184.527,1317.133,69.6824,64.820,64.820,1,5,49.8197,15.0000
1184.726,1317.331,69.6880,64.820,64.820,1,5,49.8197,15.0000
1184.927,1317.530,69.6859,64.820,64.820,1,5,49.8197,15.0000
1185.127,1317.730,69.6898,64.820,64.820,1,5,49.8197,15.0000
1185.327,1317.930,69.6836,64.820,64.820,1,5,49.8197,15.0000
1185.527,1318.131,69.6916,64.820,64.820,1,5,49.8197,15.0000
1185.727,1318.329,69.6919,64.820,64.820,1,5,49.8197,15.0000
1185.927,1318.529,69.6934,64.820,64.820,1,5,49.8197,15.0000
1186.127,1318.728,69.6953,64.820,64.820,1,5,49.8197,15.0000
1186.327,1318.930,69.7004,64.820,64.820,1,5,49.8197,15.0000
1186.527,1319.130,69.6992,64.820,64.820,1,5,49.8197,15.0000
1186.727,1319.329,69.7100,64.820,64.820,1,5,49.8197,15.0000
1186.926,1319.529,69.7021,64.820,64.820,1,5,49.8197,15.0000
1187.127,1319.728,69.7059,64.820,64.820,1,5,49.8197,15.0000
1187.326,1319.930,69.7082,64.820,64.820,1,5,49.8197,15.0000
1187.527,1320.130,69.7116,64.820,64.820,1,5,49.8197,15.0000
1187.727,1320.327,69.7153,64.820,64.820,1,5,49.8197,15.0000
1187.927,1320.528,69.7132,64.820,64.820,1,5,49.8197,15.0000
1188.127,1320.728,69.7165,64.820,64.820,1,5,49.8197,15.0000
1188.327,1320.928,69.7197,64.820,64.820,1,5,49.8197,15.0000
1188.526,1321.129,69.7231,64.820,64.820,1,5,49.8197,15.0000
1188.726,1321.327,69.7319,64.820,64.820,1,5,49.8197,15.0000
1188.927,1321.528,69.7274,64.820,64.820,1,5,49.8197,15.0000
1189.127,1321.726,69.7313,64.820,64.820,1,5,49.8197,15.0000
1189.327,1321.928,69.7353,64.820,64.820,1,5,49.8197,15.0000
1189.527,1322.128,69.7365,64.820,64.820,1,5,49.8197,15.0000
1189.727,1322.327,69.7301,64.820,64.820,1,5,49.8197,15.0000
1189.926,1322.527,69.7344,64.820,64.820,1,5,49.8197,15.0000
1190.127,1322.726,69.7422,64.820,64.820,1,5,49.8197,15.0000
1190.327,1322.928,69.7334,64.820,64.820,1,5,49.8197,15.0000
1190.527,1323.128,69.7544,64.820,64.820,1,5,49.8197,15.0000
1190.727,1323.326,69.7476,64.820,64.820,1,5,49.8197,15.0000
1190.926,1323.525,69.7544,64.820,64.820,1,5,49.8197,15.0000
1191.126,1323.726,69.7637,64.820,64.820,1,5,49.8197,15.0000
1191.327,1323.926,69.7568,64.820,64.820,1,5,49.8197,15.0000
1191.527,1324.127,69.7598,64.820,64.820,1,5,49.8197,15.0000
1191.727,1324.326,69.7549,64.820,64.820,1,5,49.8197,15.0000
1191.926,1324.525,69.7715,64.820,64.820,1,5,49.8197,15.0000
1192.127,1324.725,69.7655,64.820,64.820,1,5,49.8197,15.0000
1192.327,1324.926,69.7648,64.820,64.820,1,5,49.8197,15.0000
1192.527,1325.126,69.7671,64.820,64.820,1,5,49.8197,15.0000
1192.727,1325.325,69.7698,64.820,64.820,1,5,49.8197,15.0000
1192.927,1325.525,69.7760,64.820,64.820,1,5,49.8197,15.0000
1193.127,1325.725,69.7773,64.820,64.820,1,5,49.8197,15.0000
1193.327,1325.926,69.7707,64.820,64.820,1,5,49.8197,15.0000
1193.527,1326.126,69.7707,64.820,64.820,1,5,49.8197,15.0000
1193.727,1326.324,69.7852,64.820,64.820,1,5,49.8197,15.0000
1193.927,1326.524,69.7866,64.820,64.820,1,5,49.8197,15.0000
1194.127,1326.724,69.7834,64.820,64.820,1,5,49.8197,15.0000
1194.327,1326.926,69.7843,64.820,64.820,1,5,49.8197,15.0000
1194.527,1327.125,69.7925,64.820,64.820,1,5,49.8197,15.0000
1194.727,1327.324,69.8106,64.820,64.820,1,5,49.8197,15.0000
1194.927,1327.524,69.7959,64.820,64.820,1,5,49.8197,15.0000
1195.127,1327.724,69.7962,64.820,64.820,1,5,49.8197,15.0000
1195.327,1327.926,69.7931,64.820,64.820,1,5,49.8197,15.0000
1195.527,1328.124,69.8081,64.820,64.820,1,5,49.8197,15.0000
1195.727,1328.323,69.8057,64.820,64.820,1,5,49.8197,15.0000
1195.927,1328.523,69.8062,64.820,64.820,1,5,49.8197,15.0000
1196.127,1328.723,69.8179,64.820,64.820,1,5,49.8197,15.0000
1196.327,1328.924,69.8127,64.820,64.820,1,5,49.8197,15.0000
1196.527,1329.123,69.8231,64.820,64.820,1,5,49.8197,15.0000
1196.727,1329.323,69.8198,64.820,64.820,1,5,49.8197,15.0000
1196.926,1329.522,69.8118,64.820,64.820,1,5,49.8197,15.0000
1197.127,1329.722,69.8288,64.820,64.820,1,5,49.8197,15.0000
1197.327,1329.924,69.8345,64.820,64.820,1,5,49.8197,15.0000
1197.527,1330.122,69.8380,64.820,64.820,1,5,49.8197,15.0000
1197.727,1330.322,69.8406,64.820,64.820,1,5,49.8197,15.0000
1197.926,1330.522,69.8478,64.820,64.820,1,5,49.8197,15.0000
1198.127,1330.722,69.8438,64.820,64.820,1,5,49.8197,15.0000
1198.327,1330.924,69.8496,64.820,64.820,1,5,49.8197,15.0000
1198.527,1331.121,69.8475,64.820,64.820,1,5,49.8197,15.0000
1198.727,1331.321,69.8616,64.820,64.820,1,5,49.8197,15.0000
1198.927,1331.521,69.8564,64.820,64.820,1,5,49.8197,15.0000
1199.127,1331.721,69.8631,64.820,64.820,1,5,49.8197,15.0000
1199.327,1331.922,69.8760,64.820,64.820,1,5,49.8197,15.0000
1199.527,1332.120,69.8703,64.820,64.820,1,5,49.8197,15.0000
1199.727,1332.321,69.8779,64.820,64.820,1,5,49.8197,15.0000
1199.927,1332.520,69.8789,64.820,64.820,1,5,49.8197,15.0000
1200.127,1332.721,69.8773,64.820,64.820,1,5,49.8197,15.0000
1200.327,1332.920,69.8947,64.820,64.820,1,5,49.8197,15.0000
1200.527,1333.120,69.9009,64.820,64.820,1,5,49.8197,15.0000
1200.727,1333.320,69.9033,64.820,64.820,1,5,49.8197,15.0000
1200.926,1333.520,69.9014,64.820,64.820,1,5,49.8197,15.0000
1201.127,1333.721,69.9020,64.820,64.820,1,5,49.8197,15.0000
1201.327,1333.920,69.9088,64.820,64.820,1,5,49.8197,15.0000
1201.527,1334.120,69.9170,64.820,64.820,1,5,49.8197,15.0000
1201.726,1334.319,69.9154,64.820,64.820,1,5,49.8197,15.0000
1201.927,1334.519,69.9259,64.820,64.820,1,5,49.8197,15.0000
1202.127,1334.719,69.9246,64.820,64.820,1,5,49.8197,15.0000
1202.327,1334.920,69.9312,64.820,64.820,1,5,49.8197,15.0000
1202.527,1335.119,69.9354,64.820,64.820,1,5,49.8197,15.0000
1202.726,1335.318,69.9290,64.820,64.820,1,5,49.8197,15.0000
1202.926,1335.518,69.9455,64.820,64.820,1,5,49.8197,15.0000
1203.127,1335.719,69.9422,64.820,64.820,1,5,49.8197,15.0000
1203.327,1335.919,69.9445,64.820,64.820,1,5,49.8197,15.0000
1203.527,1336.118,69.9406,64.820,64.820,1,5,49.8197,15.0000
1203.727,1336.318,69.9499,64.820,64.820,1,5,49.8197,15.0000
1203.927,1336.518,69.9512,64.820,64.820,1,5,49.8197,15.0000
1204.127,1336.719,69.9512,64.820,64.820,1,5,49.8197,15.0000
1204.327,1336.919,69.9658,64.820,64.820,1,5,49.8197,15.0000
1204.527,1337.117,69.9635,64.820,64.820,1,5,49.8197,15.0000
1204.727,1337.316,69.9697,64.820,64.820,1,5,49.8197,15.0000
1204.927,1337.518,69.9743,64.820,64.820,1,5,49.8197,15.0000
1205.127,1337.717,69.9653,64.820,64.820,1,5,49.8197,15.0000
1205.327,1337.918,69.9738,64.820,64.820,1,5,49.8197,15.0000
1205.527,1338.117,69.9705,64.820,64.820,1,5,49.8197,15.0000
1205.727,1338.316,69.9784,64.820,64.820,1,5,49.8197,15.0000
1205.927,1338.518,69.9858,64.820,64.820,1,5,49.8197,15.0000
1206.127,1338.717,69.9824,64.820,64.820,1,5,49.8197,15.0000
1206.327,1338.917,69.9834,64.820,64.820,1,5,49.8197,15.0000
1206.527,1339.116,69.9827,64.820,64.820,1,5,49.8197,15.0000
1206.727,1339.316,69.9906,64.820,64.820,1,5,49.8197,15.0000
1206.927,1339.516,69.9995,64.820,64.820,1,5,49.8197,15.0000
1207.127,1339.717,69.9990,64.820,64.820,1,5,49.8197,15.0000
1207.327,1339.917,69.9967,64.820,64.820,1,5,49.8197,15.0000
1207.526,1340.115,70.0057,64.820,64.820,1,5,49.8197,15.0000
1207.726,1340.314,70.0088,64.820,64.820,1,5,49.8197,15.0000
1207.927,1340.516,70.0133,64.820,64.820,1,5,49.8197,15.0000
1208.127,1340.717,70.0176,64.820,64.820,1,5,49.8197,15.0000
1208.327,1340.915,70.0189,64.820,64.820,1,5,49.8197,15.0000
1208.526,1341.115,70.0236,64.820,64.820,1,5,49.8197,15.0000
1208.727,1341.314,70.0259,64.820,64.820,1,5,49.8197,15.0000
1208.926,1341.516,70.0273,64.820,64.820,1,5,49.8197,15.0000
1209.127,1341.717,70.0228,64.820,64.820,1,5,49.8197,15.0000
1209.327,1341.914,70.0252,64.820,64.820,1,5,49.8197,15.0000
1209.527,1342.113,70.0293,64.820,64.820,1,5,49.8197,15.0000
1209.727,1342.314,70.0394,64.820,64.820,1,5,49.8197,15.0000
1209.927,1342.514,70.0435,64.820,64.820,1,5,49.8197,15.0000
1210.127,1342.715,70.0457,64.820,64.820,1,5,49.8197,15.0000
1210.327,1342.913,70.0433,64.820,64.820,1,5,49.8197,15.0000
1210.527,1343.114,70.0508,64.820,64.820,1,5,49.8197,15.0000
1210.726,1343.312,70.0513,64.820,64.820,1,5,49.8197,15.0000
1210.927,1343.514,70.0552,64.820,64.820,1,5,49.8197,15.0000
1211.127,1343.714,70.0602,64.820,64.820,1,5,49.8197,15.0000
1211.327,1343.913,70.0684,64.820,64.820,1,5,49.8197,15.0000
1211.527,1344.113,70.0658,64.820,64.820,1,5,49.8197,15.0000
1211.727,1344.312,70.0799,64.820,64.820,1,5,49.8197,15.0000
1211.927,1344.514,70.0723,64.820,64.820,1,5,49.8197,15.0000
1212.127,1344.714,70.0718,64.820,64.820,1,5,49.8197,15.0000
1212.327,1344.912,70.0791,64.820,64.820,1,5,49.8197,15.0000
1212.527,1345.112,70.0806,64.820,64.820,1,5,49.8197,15.0000
1212.726,1345.312,70.0809,64.820,64.820,1,5,49.8197,15.0000
1212.927,1345.512,70.0859,64.820,64.820,1,5,49.8197,15.0000
1213.127,1345.713,70.0863,64.820,64.820,1,5,49.8197,15.0000
1213.327,1345.912,70.0918,64.820,64.820,1,5,49.8197,15.0000
1213.527,1346.111,70.0921,64.820,64.820,1,5,49.8197,15.0000
1213.726,1346.310,70.0942,64.820,64.820,1,5,49.8197,15.0000
1213.927,1346.512,70.0959,64.820,64.820,1,5,49.8197,15.0000
1214.127,1346.712,70.0996,64.820,64.820,1,5,49.8197,15.0000
1214.327,1346.911,70.1048,64.820,64.820,1,5,49.8197,15.0000
1214.527,1347.111,70.1073,64.820,64.820,1,5,49.8197,15.0000
1214.726,1347.310,70.0990,64.820,64.820,1,5,49.8197,15.0000
1214.927,1347.512,70.1097,64.820,64.820,1,5,49.8197,15.0000
1215.127,1347.712,70.1035,64.820,64.820,1,5,49.8197,15.0000
1215.327,1347.910,70.1182,64.820,64.820,1,5,49.8197,15.0000
1215.527,1348.109,70.1167,64.820,64.820,1,5,49.8197,15.0000
1215.727,1348.310,70.1284,64.820,64.820,1,5,49.8197,15.0000
1215.927,1348.510,70.1211,64.820,64.820,1,5,49.8197,15.0000
1216.127,1348.711,70.1304,64.820,64.820,1,5,49.8197,15.0000
1216.327,1348.910,70.1229,64.820,64.820,1,5,49.8197,15.0000
1216.527,1349.109,70.1304,64.820,64.820,1,5,49.8197,15.0000
1216.727,1349.309,70.1364,64.820,64.820,1,5,49.8197,15.0000
1216.926,1349.510,70.1421,64.820,64.820,1,5,49.8197,15.0000
1217.127,1349.710,70.1432,64.820,64.820,1,5,49.8197,15.0000
1217.327,1349.909,70.1468,64.820,64.820,1,5,49.8197,15.0000
1217.527,1350.109,70.1504,64.820,64.820,1,5,49.8197,15.0000
1217.727,1350.309,70.1590,64.820,64.820,1,5,49.8197,15.0000
1217.926,1350.510,70.1562,64.820,64.820,1,5,49.8197,15.0000
1218.126,1350.710,70.1536,64.820,64.820,1,5,49.8197,15.0000
1218.327,1350.908,70.1636,64.820,64.820,1,5,49.8197,15.0000
1218.527,1351.107,70.1660,64.820,64.820,1,5,49.8197,15.0000
1218.727,1351.308,70.1728,64.820,64.820,1,5,49.8197,15.0000
1218.926,1351.508,70.1716,64.820,64.820,1,5,49.8197,15.0000
1219.127,1351.709,70.1768,64.820,64.820,1,5,49.8197,15.0000
1219.326,1351.908,70.1790,64.820,64.820,1,5,49.8197,15.0000
1219.527,1352.107,70.1997,64.820,64.820,1,5,49.8197,15.0000
1219.727,1352.308,70.1893,64.820,64.820,1,5,49.8197,15.0000
1219.927,1352.508,70.1934,64.820,64.820,1,5,49.8197,15.0000
1220.127,1352.708,70.1930,64.820,64.820,1,5,49.8197,15.0000
1220.327,1352.907,70.2004,64.820,64.820,1,5,49.8197,15.0000
1220.527,1353.107,70.2113,64.820,64.820,1,5,49.8197,15.0000
1220.727,1353.307,70.2057,64.820,64.820,1,5,49.8197,15.0000
1220.927,1353.508,70.2111,64.820,64.820,1,5,49.8197,15.0000
1221.126,1353.708,70.2207,64.820,64.820,1,5,49.8197,15.0000
1221.327,1353.906,70.2187,64.820,64.820,1,5,49.8197,15.0000
1221.527,1354.106,70.2270,64.820,64.820,1,5,49.8197,15.0000
1221.727,1354.306,70.2248,64.820,64.820,1,5,49.8197,15.0000
1221.927,1354.508,70.2334,64.820,64.820,1,5,49.8197,15.0000
1222.126,1354.706,70.2300,64.820,64.820,1,5,49.8197,15.0000
1222.327,1354.906,70.2422,64.820,64.820,1,5,49.8197,15.0000
1222.527,1355.105,70.2450,64.820,64.820,1,5,49.8197,15.0000
1222.727,1355.306,70.2472,64.820,64.820,1,5,49.8197,15.0000
1222.927,1355.508,70.2466,64.820,64.820,1,5,49.8197,15.0000
1223.126,1355.705,70.2630,64.820,34.820,0,5,49.8197,15.0000
1223.327,1355.911,70.2513,34.820,34.820,0,5,49.8197,15.0000
1223.527,1356.105,70.2588,34.820,34.820,0,5,49.8197,15.0000
1223.727,1356.305,70.2653,34.820,34.820,0,5,49.8197,15.0000
1223.927,1356.506,70.2700,34.820,34.820,0,5,49.8197,15.0000
1224.127,1356.705,70.2751,34.820,34.820,0,5,49.8197,15.0000
1224.327,1356.905,70.2861,34.820,34.820,0,5,49.8197,15.0000
1224.527,1357.104,70.2826,34.820,34.820,0,5,49.8197,15.0000
1224.727,1357.305,70.2881,34.820,34.820,0,5,49.8197,15.0000
1224.927,1357.504,70.2951,34.820,34.820,0,5,49.8197,15.0000
1225.127,1357.704,70.3013,34.820,34.820,0,5,49.8197,15.0000
1225.327,1357.904,70.3024,34.820,34.820,0,5,49.8197,15.0000
1225.527,1358.104,70.3061,34.820,34.820,0,5,49.8197,15.0000
1225.727,1358.305,70.3166,34.820,34.820,0,5,49.8197,15.0000
1225.927,1358.504,70.3242,34.820,34.820,0,5,49.8197,15.0000
1226.127,1358.704,70.3343,34.820,34.820,0,5,49.8197,15.0000
1226.326,1358.903,70.3280,34.820,34.820,0,5,49.8197,15.0000
1226.527,1359.103,70.3376,34.820,34.820,0,5,49.8197,15.0000
1226.727,1359.303,70.3438,34.820,34.820,0,5,49.8197,15.0000
1226.927,1359.504,70.3527,34.820,34.820,0,5,49.8197,15.0000
1227.127,1359.703,70.3509,34.820,34.820,0,5,49.8197,15.0000
1227.327,1359.903,70.3652,34.820,34.820,0,5,49.8197,15.0000
1227.527,1360.102,70.3633,34.820,34.820,0,5,49.8197,15.0000
1227.727,1360.303,70.3784,34.820,34.820,0,5,49.8197,15.0000
1227.926,1360.503,70.3735,34.820,34.820,0,5,49.8197,15.0000
1228.127,1360.702,70.3914,34.820,34.820,0,5,49.8197,15.0000
1228.326,1360.902,70.3864,34.820,34.820,0,5,49.8197,15.0000
1228.527,1361.102,70.3970,34.820,34.820,0,5,49.8197,15.0000
1228.727,1361.303,70.3882,34.820,34.820,0,5,49.8197,15.0000
1228.927,1361.503,70.4102,34.820,34.820,0,5,49.8197,15.0000
1229.127,1361.701,70.4071,34.820,34.820,0,5,49.8197,15.0000
1229.326,1361.900,70.4189,34.820,34.820,0,5,49.8197,15.0000
1229.527,1362.102,70.4157,34.820,34.820,0,5,49.8197,15.0000
1229.727,1362.301,70.4266,34.820,34.820,0,5,49.8197,15.0000
1229.927,1362.502,70.4321,34.820,34.820,0,5,49.8197,15.0000
1230.126,1362.701,70.4344,34.820,34.820,0,5,49.8197,15.0000
1230.327,1362.900,70.4419,34.820,34.820,0,5,49.8197,15.0000
1230.527,1363.100,70.4495,34.820,34.820,0,5,49.8197,15.0000
1230.727,1363.301,70.4616,34.820,34.820,0,5,49.8197,15.0000
1230.927,1363.501,70.4567,34.820,34.820,0,5,49.8197,15.0000
1231.127,1363.700,70.4652,34.820,34.820,0,5,49.8197,15.0000
1231.327,1363.900,70.4687,34.820,34.820,0,5,49.8197,15.0000
1231.527,1364.100,70.4741,34.820,34.820,0,5,49.8197,15.0000
1231.727,1364.301,70.4715,34.820,34.820,0,5,49.8197,15.0000
1231.926,1364.501,70.4795,34.820,34.820,0,5,49.8197,15.0000
1232.127,1364.699,70.4902,34.820,34.820,0,5,49.8197,15.0000
1232.327,1364.898,70.4928,34.820,34.820,0,5,49.8197,15.0000
1232.527,1365.100,70.5010,34.820,34.820,0,5,49.8197,15.0000
1232.727,1365.301,70.4980,34.820,34.820,0,5,49.8197,15.0000
1232.927,1365.500,70.5091,34.820,34.820,0,5,49.8197,15.0000
1233.127,1365.699,70.5101,34.820,34.820,0,5,49.8197,15.0000
1233.326,1365.898,70.5249,34.820,34.820,0,5,49.8197,15.0000
1233.526,1366.100,70.5184,34.820,34.820,0,5,49.8197,15.0000
1233.727,1366.301,70.5181,34.820,34.820,0,5,49.8197,15.0000
1233.927,1366.499,70.5308,34.820,34.820,0,5,49.8197,15.0000
1234.127,1366.698,70.5352,34.820,34.820,0,5,49.8197,15.0000
1234.327,1366.898,70.5392,34.820,34.820,0,5,49.8197,15.0000
1234.527,1367.098,70.5439,34.820,34.820,0,5,49.8197,15.0000
1234.726,1367.299,70.5483,34.820,34.820,0,5,49.8197,15.0000
1234.927,1367.497,70.5508,34.820,34.820,0,5,49.8197,15.0000
1235.126,1367.697,70.5430,34.820,34.820,0,5,49.8197,15.0000
1235.327,1367.896,70.5622,34.820,34.820,0,5,49.8197,15.0000
1235.527,1368.098,70.5609,34.820,34.820,0,5,49.8197,15.0000
1235.726,1368.299,70.5714,34.820,34.820,0,5,49.8197,15.0000
1235.927,1368.497,70.5687,34.820,34.820,0,5,49.8197,15.0000
1236.127,1368.697,70.5732,34.820,34.820,0,5,49.8197,15.0000
1236.327,1368.896,70.5762,34.820,34.820,0,5,49.8197,15.0000
1236.527,1369.098,70.5802,34.820,34.820,0,5,49.8197,15.0000
1236.726,1369.299,70.5908,34.820,34.820,0,5,49.8197,15.0000
1236.927,1369.496,70.5918,34.820,34.820,0,5,49.8197,15.0000
1237.127,1369.696,70.5947,34.820,34.820,0,5,49.8197,15.0000
1237.327,1369.896,70.5983,34.820,34.820,0,5,49.8197,15.0000
1237.527,1370.096,70.6014,34.820,34.820,0,5,49.8197,15.0000
1237.727,1370.297,70.6178,34.820,34.820,0,5,49.8197,15.0000
1237.927,1370.495,70.6222,34.820,34.820,0,5,49.8197,15.0000
1238.127,1370.696,70.6248,34.820,34.820,0,5,49.8197,15.0000
1238.327,1370.894,70.6314,34.820,34.820,0,5,49.8197,15.0000
1238.527,1371.096,70.6338,34.820,34.820,0,5,49.8197,15.0000
1238.727,1371.296,70.6434,34.820,34.820,0,5,49.8197,15.0000
1238.927,1371.495,70.6421,34.820,34.820,0,5,49.8197,15.0000
1239.127,1371.695,70.6393,34.820,34.820,0,5,49.8197,15.0000
1239.327,1371.894,70.6476,34.820,34.820,0,5,49.8197,15.0000
1239.527,1372.096,70.6566,34.820,34.820,0,5,49.8197,15.0000
1239.726,1372.296,70.6600,34.820,34.820,0,5,49.8197,15.0000
1239.927,1372.494,70.6680,34.820,34.820,0,5,49.8197,15.0000
1240.127,1372.694,70.6621,34.820,34.820,0,5,49.8197,15.0000
1240.327,1372.894,70.6641,34.820,34.820,0,5,49.8197,15.0000
1240.527,1373.094,70.6737,34.820,34.820,0,5,49.8197,15.0000
1240.727,1373.295,70.6856,34.820,34.820,0,5,49.8197,15.0000
1240.927,1373.494,70.6792,34.820,34.820,0,5,49.8197,15.0000
1241.127,1373.691,70.6784,34.820,34.820,0,5,49.8197,15.0000
1241.327,1373.893,70.6896,34.820,34.820,0,5,49.8197,15.0000
1241.527,1374.094,70.6875,34.820,34.820,0,5,49.8197,15.0000
1241.727,1374.294,70.6958,34.820,34.820,0,5,49.8197,15.0000
1241.926,1374.493,70.7054,34.820,34.820,0,5,49.8197,15.0000
1242.127,1374.693,70.7010,34.820,34.820,0,5,49.8197,15.0000
1242.327,1374.893,70.7085,34.820,34.820,0,5,49.8197,15.0000
1242.527,1375.094,70.7100,34.820,34.820,0,5,49.8197,15.0000
1242.727,1375.294,70.7142,34.820,34.820,0,5,49.8197,15.0000
1242.927,1375.492,70.7129,34.820,34.820,0,5,49.8197,15.0000
1243.127,1375.691,70.7095,34.820,34.820,0,5,49.8197,15.0000
1243.327,1375.892,70.7163,34.820,34.820,0,5,49.8197,15.0000
1243.526,1376.092,70.7204,34.820,34.820,0,5,49.8197,15.0000
1243.727,1376.293,70.7248,34.820,34.820,0,5,49.8197,15.0000
1243.927,1376.492,70.7300,34.820,34.820,0,5,49.8197,15.0000
1244.127,1376.691,70.7327,34.820,34.820,0,5,49.8197,15.0000
1244.327,1376.892,70.7311,34.820,34.820,0,5,49.8197,15.0000
1244.527,1377.092,70.7353,34.820,34.820,0,5,49.8197,15.0000
1244.727,1377.292,70.7388,34.820,34.820,0,5,49.8197,15.0000
1244.926,1377.490,70.7349,34.820,34.820,0,5,49.8197,15.0000
1245.127,1377.691,70.7420,34.820,34.820,0,5,49.8197,15.0000
1245.327,1377.891,70.7451,34.820,34.820,0,5,49.8197,15.0000
1245.527,1378.092,70.7492,34.820,34.820,0,5,49.8197,15.0000
1245.727,1378.292,70.7474,34.820,34.820,0,5,49.8197,15.0000
1245.927,1378.490,70.7495,34.820,34.820,0,5,49.8197,15.0000
1246.127,1378.690,70.7607,34.820,34.820,0,5,49.8197,15.0000
1246.327,1378.891,70.7629,34.820,34.820,0,5,49.8197,15.0000
1246.527,1379.092,70.7585,34.820,34.820,0,5,49.8197,15.0000
1246.727,1379.290,70.7585,34.820,34.820,0,5,49.8197,15.0000
1246.927,1379.490,70.7666,34.820,34.820,0,5,49.8197,15.0000
1247.127,1379.690,70.7697,34.820,34.820,0,5,49.8197,15.0000
1247.327,1379.890,70.7725,34.820,34.820,0,5,49.8197,15.0000
1247.527,1380.092,70.7723,34.820,34.820,0,5,49.8197,15.0000
1247.727,1380.290,70.7768,34.820,34.820,0,5,49.8197,15.0000
1247.927,1380.489,70.7777,34.820,34.820,0,5,49.8197,15.0000
1248.127,1380.689,70.7759,34.820,34.820,0,5,49.8197,15.0000
1248.327,1380.889,70.7845,34.820,34.820,0,5,49.8197,15.0000
1248.527,1381.090,70.7834,34.820,34.820,0,5,49.8197,15.0000
1248.727,1381.288,70.7845,34.820,34.820,0,5,49.8197,15.0000
1248.927,1381.488,70.7838,34.820,34.820,0,5,49.8197,15.0000
1249.127,1381.688,70.7861,34.820,34.820,0,5,49.8197,15.0000
1249.327,1381.888,70.7868,34.820,34.820,0,5,49.8197,15.0000
1249.527,1382.088,70.7931,34.820,34.820,0,5,49.8197,15.0000
1249.727,1382.288,70.7913,34.820,34.820,0,5,49.8197,15.0000
1249.927,1382.488,70.7949,34.820,34.820,0,5,49.8197,15.0000
1250.127,1382.688,70.7905,34.820,34.820,0,5,49.8197,15.0000
1250.326,1382.888,70.8091,34.820,34.820,0,5,49.8197,15.0000
1250.527,1383.088,70.8057,34.820,34.820,0,5,49.8197,15.0000
1250.727,1383.288,70.8045,34.820,34.820,0,5,49.8197,15.0000
1250.927,1383.487,70.8037,34.820,34.820,0,5,49.8197,15.0000
1251.127,1383.687,70.8167,34.820,34.820,0,5,49.8197,15.0000
1251.326,1383.887,70.8136,34.820,34.820,0,5,49.8197,15.0000
1251.527,1384.088,70.8151,34.820,34.820,0,5,49.8197,15.0000
1251.727,1384.287,70.8180,34.820,34.820,0,5,49.8197,15.0000
1251.927,1384.487,70.8174,34.820,34.820,0,5,49.8197,15.0000
1252.127,1384.686,70.8169,34.820,34.820,0,5,49.8197,15.0000
1252.326,1384.887,70.8227,34.820,34.820,0,5,49.8197,15.0000
1252.527,1385.086,70.8325,34.820,34.820,0,5,49.8197,15.0000
1252.727,1385.287,70.8262,34.820,34.820,0,5,49.8197,15.0000
1252.927,1385.486,70.8311,34.820,34.820,0,5,49.8197,15.0000
1253.127,1385.686,70.8200,34.820,34.820,0,5,49.8197,15.0000
1253.327,1385.887,70.8268,34.820,34.820,0,5,49.8197,15.0000
1253.527,1386.086,70.8301,34.820,34.820,0,5,49.8197,15.0000
1253.727,1386.285,70.8327,34.820,34.820,0,5,49.8197,15.0000
1253.926,1386.484,70.8301,34.820,34.820,0,5,49.8197,15.0000
1254.127,1386.685,70.8332,34.820,34.820,0,5,49.8197,15.0000
1254.327,1386.885,70.8319,34.820,34.820,0,5,49.8197,15.0000
1254.527,1387.085,70.8341,34.820,34.820,0,5,49.8197,15.0000
1254.727,1387.285,70.8325,34.820,34.820,0,5,49.8197,15.0000
1254.927,1387.484,70.8310,34.820,34.820,0,5,49.8197,15.0000
1255.127,1387.684,70.8380,34.820,34.820,0,5,49.8197,15.0000
1255.327,1387.885,70.8330,34.820,34.820,0,5,49.8197,15.0000
1255.527,1388.085,70.8306,34.820,34.820,0,5,49.8197,15.0000
1255.726,1388.284,70.8317,34.820,34.820,0,5,49.8197,15.0000
1255.927,1388.484,70.8397,34.820,34.820,0,5,49.8197,15.0000
1256.127,1388.684,70.8390,34.820,34.820,0,5,49.8197,15.0000
1256.327,1388.885,70.8354,34.820,34.820,0,5,49.8197,15.0000
1256.527,1389.084,70.8380,34.820,34.820,0,5,49.8197,15.0000
1256.727,1389.284,70.8309,34.820,34.820,0,5,49.8197,15.0000
1256.927,1389.482,70.8394,34.820,34.820,0,5,49.8197,15.0000
1257.126,1389.684,70.8346,34.820,34.820,0,5,49.8197,15.0000
1257.326,1389.885,70.8384,34.820,34.820,0,5,49.8197,15.0000
1257.527,1390.084,70.8345,34.820,34.820,0,5,49.8197,15.0000
1257.727,1390.283,70.8367,34.820,34.820,0,5,49.8197,15.0000
1257.927,1390.482,70.8312,34.820,34.820,0,5,49.8197,15.0000
1258.127,1390.684,70.8382,34.820,34.820,0,5,49.8197,15.0000
1258.326,1390.883,70.8325,34.820,34.820,0,5,49.8197,15.0000
1258.527,1391.083,70.8366,34.820,34.820,0,5,49.8197,15.0000
1258.727,1391.282,70.8389,34.820,34.820,0,5,49.8197,15.0000
1258.926,1391.482,70.8428,34.820,34.820,0,5,49.8197,15.0000
1259.127,1391.682,70.8280,34.820,34.820,0,5,49.8197,15.0000
1259.327,1391.883,70.8346,34.820,34.820,0,5,49.8197,15.0000
1259.527,1392.081,70.8335,34.820,34.820,0,5,49.8197,15.0000
1259.727,1392.282,70.8364,34.820,34.820,0,5,49.8197,15.0000
1259.927,1392.480,70.8239,34.820,34.820,0,5,49.8197,15.0000
1260.127,1392.682,70.8247,34.820,34.820,0,5,49.8197,15.0000
1260.327,1392.883,70.8309,34.820,34.820,0,5,49.8197,15.0000
1260.526,1393.082,70.8296,34.820,34.820,0,5,49.8197,15.0000
1260.727,1393.281,70.8239,34.820,34.820,0,5,49.8197,15.0000
1260.927,1393.480,70.8242,34.820,34.820,0,5,49.8197,15.0000
1261.127,1393.682,70.8185,34.820,34.820,0,5,49.8197,15.0000
1261.327,1393.883,70.8214,34.820,34.820,0,5,49.8197,15.0000
1261.527,1394.081,70.8236,34.820,34.820,0,5,49.8197,15.0000
1261.727,1394.280,70.8291,34.820,34.820,0,5,49.8197,15.0000
1261.927,1394.480,70.8174,34.820,34.820,0,5,49.8197,15.0000
1262.127,1394.680,70.8193,34.820,34.820,0,5,49.8197,15.0000
1262.326,1394.881,70.8151,34.820,34.820,0,5,49.8197,15.0000
1262.526,1395.080,70.8130,34.820,34.820,0,5,49.8197,15.0000
1262.726,1395.280,70.8153,34.820,34.820,0,5,49.8197,15.0000
1262.927,1395.478,70.8214,34.820,34.820,0,5,49.8197,15.0000
1263.126,1395.680,70.8169,34.820,34.820,0,5,49.8197,15.0000
1263.327,1395.880,70.8153,34.820,34.820,0,5,49.8197,15.0000
1263.527,1396.079,70.8102,34.820,34.820,0,5,49.8197,15.0000
1263.727,1396.279,70.8102,34.820,34.820,0,5,49.8197,15.0000
1263.927,1396.478,70.8138,34.820,34.820,0,5,49.8197,15.0000
1264.127,1396.680,70.8071,34.820,34.820,0,5,49.8197,15.0000
1264.326,1396.880,70.8052,34.820,34.820,0,5,49.8197,15.0000
1264.526,1397.078,70.8115,34.820,34.820,0,5,49.8197,15.0000
1264.727,1397.278,70.8065,34.820,34.820,0,5,49.8197,15.0000
1264.926,1397.476,70.8057,34.820,34.820,0,5,49.8197,15.0000
1265.127,1397.678,70.8040,34.820,34.820,0,5,49.8197,15.0000
1265.327,1397.879,70.8037,34.820,34.820,0,5,49.8197,15.0000
1265.527,1398.078,70.7985,34.820,34.820,0,5,49.8197,15.0000
1265.727,1398.278,70.8037,34.820,34.820,0,5,49.8197,15.0000
1265.926,1398.476,70.7951,34.820,34.820,0,5,49.8197,15.0000
1266.127,1398.678,70.8016,34.820,34.820,0,5,49.8197,15.0000
1266.327,1398.878,70.7990,34.820,34.820,0,5,49.8197,15.0000
1266.527,1399.077,70.7765,34.820,34.820,0,5,49.8197,15.0000
1266.726,1399.277,70.7939,34.820,34.820,0,5,49.8197,15.0000
1266.926,1399.475,70.7868,34.820,34.820,0,5,49.8197,15.0000
1267.127,1399.678,70.7917,34.820,34.820,0,5,49.8197,15.0000
1267.327,1399.878,70.7902,34.820,34.820,0,5,49.8197,15.0000
1267.527,1400.076,70.7871,34.820,34.820,0,5,49.8197,15.0000
1267.727,1400.275,70.7824,34.820,34.820,0,5,49.8197,15.0000
1267.927,1400.476,70.7834,34.820,34.820,0,5,49.8197,15.0000
1268.126,1400.676,70.7838,34.820,34.820,0,5,49.8197,15.0000
1268.327,1400.877,70.7759,34.820,34.820,0,5,49.8197,15.0000
1268.526,1401.076,70.7811,34.820,34.820,0,5,49.8197,15.0000
1268.727,1401.275,70.7686,34.820,34.820,0,5,49.8197,15.0000
1268.927,1401.475,70.7725,34.820,34.820,0,5,49.8197,15.0000
1269.127,1401.676,70.7686,34.820,34.820,0,5,49.8197,15.0000
1269.327,1401.876,70.7671,34.820,34.820,0,5,49.8197,15.0000
1269.527,1402.075,70.7687,34.820,34.820,0,5,49.8197,15.0000
1269.727,1402.275,70.7552,34.820,34.820,0,5,49.8197,15.0000
1269.927,1402.474,70.7603,34.820,34.820,0,5,49.8197,15.0000
1270.127,1402.676,70.7627,34.820,34.820,0,5,49.8197,15.0000
1270.327,1402.876,70.7555,34.820,34.820,0,5,49.8197,15.0000
1270.526,1403.074,70.7557,34.820,34.820,0,5,49.8197,15.0000
1270.727,1403.274,70.7521,34.820,34.820,0,5,49.8197,15.0000
1270.926,1403.474,70.7477,34.820,34.820,0,5,49.8197,15.0000
1271.127,1403.676,70.7451,34.820,34.820,0,5,49.8197,15.0000
1271.327,1403.875,70.7456,34.820,34.820,0,5,49.8197,15.0000
1271.527,1404.074,70.7371,34.820,34.820,0,5,49.8197,15.0000
1271.527,1404.273,70.7440,34.820,34.820,0,5,49.8197,15.0000
1271.927,1404.474,70.7349,34.820,34.820,0,5,49.8197,15.0000
1272.126,1404.676,70.7279,34.820,34.820,0,5,49.8197,15.0000
1272.327,1404.874,70.7300,34.820,34.820,0,5,49.8197,15.0000
1272.527,1405.073,70.7282,34.820,34.820,0,5,49.8197,15.0000
1272.527,1405.273,70.7275,34.820,34.820,0,5,49.8197,15.0000
1272.926,1405.473,70.7173,34.820,34.820,0,5,49.8197,15.0000
1273.127,1405.674,70.7204,34.820,34.820,0,5,49.8197,15.0000
1273.127,1405.872,70.7212,34.820,34.820,0,5,49.8197,15.0000
1273.327,1406.072,70.7137,34.820,34.820,0,5,49.8197,15.0000
1273.527,1406.272,70.7007,34.820,34.820,0,5,49.8197,15.0000
1273.727,1406.472,70.6999,34.820,34.820,0,5,49.8197,15.0000
1273.927,1406.674,70.6966,34.820,34.820,0,5,49.8197,15.0000
1274.127,1406.872,70.6940,34.820,34.820,0,5,49.8197,15.0000
1274.327,1407.072,70.6903,34.820,34.820,0,5,49.8197,15.0000
1274.527,1407.272,70.6675,34.820,34.820,0,5,49.8197,15.0000
1274.727,1407.472,70.6815,34.820,34.820,0,5,49.8197,15.0000
1274.927,1407.674,70.6746,34.820,34.820,0,5,49.8197,15.0000
1275.126,1407.871,70.6746,34.820,34.820,0,5,49.8197,15.0000
1275.327,1408.071,70.6698,34.820,34.820,0,5,49.8197,15.0000
1275.527,1408.271,70.6590,34.820,34.820,0,5,49.8197,15.0000
1275.727,1408.471,70.6468,34.820,34.820,0,5,49.8197,15.0000
1275.927,1408.670,70.6453,34.820,34.820,0,5,49.8197,15.0000
1276.127,1408.869,70.6392,34.820,34.820,0,5,49.8197,15.0000
1276.327,1409.070,70.6421,34.820,34.820,0,5,49.8197,15.0000
1276.527,1409.270,70.6296,34.820,34.820,0,5,49.8197,15.0000
1276.727,1409.471,70.6240,34.820,34.820,0,5,49.8197,15.0000
1276.927,1409.670,70.6172,34.820,34.820,0,5,49.8197,15.0000
1277.127,1409.870,70.6016,34.820,34.820,0,5,49.8197,15.0000
1277.327,1410.070,70.6045,34.820,34.820,0,5,49.8197,15.0000
1277.527,1410.269,70.6017,34.820,34.820,0,5,49.8197,15.0000
1277.727,1410.471,70.5981,34.820,34.820,0,5,49.8197,15.0000
1277.927,1410.670,70.5897,34.820,34.820,0,5,49.8197,15.0000
1278.127,1410.869,70.5863,34.820,34.820,0,5,49.8197,15.0000
1278.327,1411.069,70.5661,34.820,34.820,0,5,49.8197,15.0000
1278.527,1411.269,70.5772,34.820,34.820,0,5,49.8197,15.0000
1278.727,1411.469,70.5804,34.820,34.820,0,5,49.8197,15.0000
1278.927,1411.670,70.5586,34.820,34.820,0,5,49.8197,15.0000
1279.127,1411.869,70.5649,34.820,34.820,0,5,49.8197,15.0000
1279.327,1412.069,70.5508,34.820,34.820,0,5,49.8197,15.0000
1279.526,1412.268,70.5552,34.820,34.820,0,5,49.8197,15.0000
1279.727,1412.469,70.5448,34.820,34.820,0,5,49.8197,15.0000
1279.927,1412.669,70.5397,34.820,34.820,0,5,49.8197,15.0000
1280.127,1412.868,70.5361,34.820,34.820,0,5,49.8197,15.0000
1280.326,1413.068,70.5288,34.820,34.820,0,5,49.8197,15.0000
1280.526,1413.268,70.5278,34.820,34.820,0,5,49.8197,15.0000
1280.727,1413.469,70.5205,34.820,34.820,0,5,49.8197,15.0000
1280.926,1413.669,70.5179,34.820,34.820,0,5,49.8197,15.0000
1281.127,1413.867,70.5003,34.820,34.820,0,5,49.8197,15.0000
1281.327,1414.066,70.5039,34.820,34.820,0,5,49.8197,15.0000
1281.526,1414.268,70.5006,34.820,34.820,0,5,49.8197,15.0000
1281.727,1414.467,70.4956,34.820,34.820,0,5,49.8197,15.0000
1281.927,1414.668,70.4919,34.820,34.820,0,5,49.8197,15.0000
1282.127,1414.867,70.4893,34.820,34.820,0,5,49.8197,15.0000
1282.326,1415.066,70.4946,34.820,34.820,0,5,49.8197,15.0000
1282.527,1415.268,70.4736,34.820,34.820,0,5,49.8197,15.0000
1282.726,1415.467,70.4644,34.820,34.820,0,5,49.8197,15.0000
1282.926,1415.667,70.4648,34.820,34.820,0,5,49.8197,15.0000
1283.127,1415.866,70.4616,34.820,34.820,0,5,49.8197,15.0000
1283.327,1416.066,70.4562,34.820,34.820,0,5,49.8197,15.0000
1283.527,1416.266,70.4518,34.820,34.820,0,5,49.8197,15.0000
1283.727,1416.467,70.4508,34.820,34.820,0,5,49.8197,15.0000
1283.927,1416.667,70.4463,34.820,34.820,0,5,49.8197,15.0000
1284.126,1416.866,70.4313,34.820,34.820,0,5,49.8197,15.0000
1284.327,1417.064,70.4360,34.820,34.820,0,5,49.8197,15.0000
1284.527,1417.266,70.4268,34.820,34.820,0,5,49.8197,15.0000
1284.727,1417.467,70.4167,34.820,34.820,0,5,49.8197,15.0000
1284.927,1417.665,70.4251,34.820,34.820,0,5,49.8197,15.0000
1285.127,1417.864,70.4150,34.820,34.820,0,5,49.8197,15.0000
1285.326,1418.064,70.4038,34.820,34.820,0,5,49.8197,15.0000
1285.527,1418.266,70.4020,34.820,34.820,0,5,49.8197,15.0000
1285.727,1418.467,70.3965,34.820,34.820,0,5,49.8197,15.0000
1285.927,1418.664,70.3831,34.820,34.820,0,5,49.8197,15.0000
1286.127,1418.863,70.3771,34.820,34.820,0,5,49.8197,15.0000
1286.327,1419.064,70.3843,34.820,34.820,0,5,49.8197,15.0000
1286.527,1419.264,70.3714,34.820,34.820,0,5,49.8197,15.0000
1286.727,1419.465,70.3608,34.820,34.820,0,5,49.8197,15.0000
1286.927,1419.663,70.3530,34.820,34.820,0,5,49.8197,15.0000
1287.127,1419.864,70.3494,34.820,34.820,0,5,49.8197,15.0000
1287.326,1420.062,70.3418,34.820,34.820,0,5,49.8197,15.0000
1287.527,1420.264,70.3418,34.820,34.820,0,5,49.8197,15.0000
1287.727,1420.464,70.3301,34.820,34.820,0,5,49.8197,15.0000
1287.926,1420.663,70.3332,34.820,34.820,0,5,49.8197,15.0000
1288.127,1420.862,70.3265,34.820,34.820,0,5,49.8197,15.0000
1288.327,1421.062,70.3179,34.820,34.820,0,5,49.8197,15.0000
1288.527,1421.264,70.3076,34.820,34.820,0,5,49.8197,15.0000
1288.727,1421.464,70.2935,34.820,34.820,0,5,49.8197,15.0000
1288.927,1421.662,70.3009,34.820,34.820,0,5,49.8197,15.0000
1289.127,1421.861,70.2878,34.820,34.820,0,5,49.8197,15.0000
1289.327,1422.062,70.2892,34.820,34.820,0,5,49.8197,15.0000
1289.527,1422.262,70.2752,34.820,34.820,0,5,49.8197,15.0000
1289.727,1422.463,70.2837,34.820,34.820,0,5,49.8197,15.0000
1289.927,1422.662,70.2716,34.820,34.820,0,5,49.8197,15.0000
1290.127,1422.861,70.2692,34.820,34.820,0,5,49.8197,15.0000
1290.327,1423.060,70.2674,34.820,34.820,0,5,49.8197,15.0000
1290.527,1423.262,70.2546,34.820,34.820,0,5,49.8197,15.0000
1290.727,1423.462,70.2484,34.820,34.820,0,5,49.8197,15.0000
1290.927,1423.661,70.2529,34.820,34.820,0,5,49.8197,15.0000
1291.126,1423.861,70.2417,34.820,34.820,0,5,49.8197,15.0000
1291.327,1424.060,70.2384,34.820,34.820,0,5,49.8197,15.0000
1291.527,1424.262,70.2394,34.820,34.820,0,5,49.8197,15.0000
1291.727,1424.462,70.2362,34.820,34.820,0,5,49.8197,15.0000
1291.927,1424.660,70.2231,34.820,34.820,0,5,49.8197,15.0000
1292.127,1424.859,70.2093,34.820,34.820,0,5,49.8197,15.0000
1292.327,1425.060,70.2122,34.820,34.820,0,5,49.8197,15.0000
1292.527,1425.260,70.1976,34.820,34.820,0,5,49.8197,15.0000
1292.727,1425.461,70.2056,34.820,34.820,0,5,49.8197,15.0000
1292.927,1425.660,70.1785,34.820,34.820,0,5,49.8197,15.0000
1293.126,1425.859,70.1821,34.820,34.820,0,5,49.8197,15.0000
1293.327,1426.059,70.1800,34.820,34.820,0,5,49.8197,15.0000
1293.527,1426.260,70.1662,34.820,34.820,0,5,49.8197,15.0000
1293.727,1426.460,70.1639,34.820,34.820,0,5,49.8197,15.0000
1293.927,1426.659,70.1504,34.820,34.820,0,5,49.8197,15.0000
1294.126,1426.859,70.1475,34.820,34.820,0,5,49.8197,15.0000
1294.326,1427.059,70.1439,34.820,34.820,0,5,49.8197,15.0000
1294.527,1427.260,70.1348,34.820,34.820,0,5,49.8197,15.0000
1294.727,1427.460,70.1143,34.820,34.820,0,5,49.8197,15.0000
1294.927,1427.658,70.1226,34.820,34.820,0,5,49.8197,15.0000
1295.126,1427.857,70.1126,34.820,34.820,0,5,49.8197,15.0000
1295.327,1428.058,70.1108,34.820,34.820,0,5,49.8197,15.0000
1295.527,1428.258,70.1069,34.820,34.820,0,5,49.8197,15.0000
1295.726,1428.459,70.0967,34.820,34.820,0,5,49.8197,15.0000
1295.927,1428.658,70.0884,34.820,34.820,0,5,49.8197,15.0000
1296.127,1428.857,70.0864,34.820,34.820,0,5,49.8197,15.0000
1296.327,1429.058,70.0784,34.820,34.820,0,5,49.8197,15.0000
1296.526,1429.258,70.0747,34.820,34.820,0,5,49.8197,15.0000
1296.727,1429.458,70.0630,34.820,34.820,0,5,49.8197,15.0000
1296.927,1429.657,70.0573,34.820,34.820,0,5,49.8197,15.0000
1297.127,1429.857,70.0610,34.820,34.820,0,5,49.8197,15.0000
1297.327,1430.057,70.0448,34.820,34.820,0,5,49.8197,15.0000
1297.527,1430.258,70.0539,34.820,34.820,0,5,49.8197,15.0000
1297.727,1430.458,70.0327,34.820,34.820,0,5,49.8197,15.0000
1297.927,1430.657,70.0231,34.820,34.820,0,5,49.8197,15.0000
1298.127,1430.856,70.0195,34.820,34.820,0,5,49.8197,15.0000
1298.327,1431.056,70.0177,34.820,34.820,0,5,49.8197,15.0000
1298.527,1431.258,70.0153,34.820,34.820,0,5,49.8197,15.0000
1298.727,1431.456,70.0029,34.820,34.820,0,5,49.8197,15.0000
1298.927,1431.656,70.0072,34.820,34.820,0,5,49.8197,15.0000
1299.126,1431.856,69.9979,34.820,34.820,0,5,49.8197,15.0000
1299.327,1432.056,69.9906,34.820,34.820,0,5,49.8197,15.0000
1299.527,1432.258,69.9785,34.820,34.820,0,5,49.8197,15.0000
1299.727,1432.455,69.9795,34.820,34.820,0,5,49.8197,15.0000
1299.927,1432.655,69.9746,34.820,34.820,0,5,49.8197,15.0000
1300.127,1432.855,69.9674,34.820,34.820,0,5,49.8197,15.0000
1300.327,1433.055,69.9574,34.820,34.820,0,5,49.8197,15.0000
1300.527,1433.256,69.9482,34.820,34.820,0,5,49.8197,15.0000
1300.727,1433.455,69.9455,34.820,34.820,0,5,49.8197,15.0000
1300.927,1433.655,69.9521,34.820,34.820,0,5,49.8197,15.0000
1301.127,1433.854,69.9380,34.820,34.820,0,5,49.8197,15.0000
1301.327,1434.055,69.9391,34.820,34.820,0,5,49.8197,15.0000
1301.527,1434.254,69.9163,34.820,34.820,0,5,49.8197,15.0000
1301.727,1434.454,69.9188,34.820,34.820,0,5,49.8197,15.0000
1301.927,1434.654,69.9250,34.820,34.820,0,5,49.8197,15.0000
1302.127,1434.854,69.9189,34.820,34.820,0,5,49.8197,15.0000
1302.327,1435.055,69.8984,34.820,34.820,0,5,49.8197,15.0000
1302.527,1435.254,69.8960,34.820,34.820,0,5,49.8197,15.0000
1302.727,1435.453,69.8862,34.820,34.820,0,5,49.8197,15.0000
1302.927,1435.653,69.8778,34.820,34.820,0,5,49.8197,15.0000
1303.127,1435.853,69.8823,34.820,34.820,0,5,49.8197,15.0000
1303.327,1436.053,69.8561,34.820,34.820,0,5,49.8197,15.0000
1303.527,1436.254,69.8608,34.820,34.820,0,5,49.8197,15.0000
1303.727,1436.453,69.8561,34.820,34.820,0,5,49.8197,15.0000
1303.927,1436.653,69.8525,34.820,34.820,0,5,49.8197,15.0000
1304.127,1436.852,69.8374,34.820,34.820,0,5,49.8197,15.0000
1304.327,1437.053,69.8374,34.820,34.820,0,5,49.8197,15.0000
1304.527,1437.253,69.8330,34.820,34.820,0,5,49.8197,15.0000
1304.727,1437.452,69.8232,34.820,34.820,0,5,49.8197,15.0000
1304.927,1437.652,69.8188,34.820,34.820,0,5,49.8197,15.0000
1305.127,1437.852,69.8110,34.820,34.820,0,5,49.8197,15.0000
1305.327,1438.053,69.8060,34.820,34.820,0,5,49.8197,15.0000
1305.527,1438.253,69.7961,34.820,34.820,0,5,49.8197,15.0000
1305.726,1438.452,69.7969,34.820,34.820,0,5,49.8197,15.0000
1305.927,1438.650,69.7878,34.820,34.820,0,5,49.8197,15.0000
1306.127,1438.852,69.7788,34.820,34.820,0,5,49.8197,15.0000
1306.327,1439.051,69.7749,34.820,34.820,0,5,49.8197,15.0000
1306.527,1439.252,69.7765,34.820,34.820,0,5,49.8197,15.0000
1306.726,1439.451,69.7645,34.820,34.820,0,5,49.8197,15.0000
1306.927,1439.650,69.7598,34.820,34.820,0,5,49.8197,15.0000
1307.127,1439.850,69.7590,34.820,34.820,0,5,49.8197,15.0000
1307.327,1440.051,69.7544,34.820,34.820,0,5,49.8197,15.0000
1307.527,1440.251,69.7384,34.820,65.579,1,6,50.5789,15.0000
1307.726,1440.455,69.7383,65.579,65.579,1,6,50.5789,15.0000
1307.927,1440.650,69.7386,65.579,65.579,1,6,50.5789,15.0000
1308.127,1440.850,69.7261,65.579,65.579,1,6,50.5789,15.0000
1308.327,1441.051,69.7282,65.579,65.579,1,6,50.5789,15.0000
1308.527,1441.251,69.7145,65.579,65.579,1,6,50.5789,15.0000
1308.727,1441.450,69.7165,65.579,65.579,1,6,50.5789,15.0000
1308.927,1441.648,69.7074,65.579,65.579,1,6,50.5789,15.0000
1309.127,1441.850,69.6979,65.579,65.579,1,6,50.5789,15.0000
1309.327,1442.051,69.6916,65.579,65.579,1,6,50.5789,15.0000
1309.527,1442.250,69.6821,65.579,65.579,1,6,50.5789,15.0000
1309.726,1442.449,69.6842,65.579,65.579,1,6,50.5789,15.0000
1309.927,1442.648,69.6673,65.579,65.579,1,6,50.5789,15.0000
1310.127,1442.848,69.6727,65.579,65.579,1,6,50.5789,15.0000
1310.327,1443.051,69.6699,65.579,65.579,1,6,50.5789,15.0000
1310.527,1443.249,69.6436,65.579,65.579,1,6,50.5789,15.0000
1310.727,1443.448,69.6419,65.579,65.579,1,6,50.5789,15.0000
1310.927,1443.648,69.6320,65.579,65.579,1,6,50.5789,15.0000
1311.127,1443.848,69.6284,65.579,65.579,1,6,50.5789,15.0000
1311.327,1444.049,69.6214,65.579,65.579,1,6,50.5789,15.0000
1311.526,1444.247,69.6136,65.579,65.579,1,6,50.5789,15.0000
1311.726,1444.447,69.5981,65.579,65.579,1,6,50.5789,15.0000
1311.927,1444.646,69.6025,65.579,65.579,1,6,50.5789,15.0000
1312.126,1444.848,69.5938,65.579,65.579,1,6,50.5789,15.0000
1312.327,1445.049,69.5830,65.579,65.579,1,6,50.5789,15.0000
1312.527,1445.247,69.5794,65.579,65.579,1,6,50.5789,15.0000
1312.727,1445.447,69.5778,65.579,65.579,1,6,50.5789,15.0000
1312.927,1445.646,69.5742,65.579,65.579,1,6,50.5789,15.0000
1313.127,1445.848,69.5632,65.579,65.579,1,6,50.5789,15.0000
1313.327,1446.047,69.5632,65.579,65.579,1,6,50.5789,15.0000
1313.526,1446.246,69.5454,65.579,65.579,1,6,50.5789,15.0000
1313.727,1446.446,69.5404,65.579,65.579,1,6,50.5789,15.0000
1313.927,1446.646,69.5430,65.579,65.579,1,6,50.5789,15.0000
1314.127,1446.846,69.5234,65.579,65.579,1,6,50.5789,15.0000
1314.327,1447.047,69.5303,65.579,65.579,1,6,50.5789,15.0000
1314.527,1447.246,69.5146,65.579,65.579,1,6,50.5789,15.0000
1314.726,1447.446,69.5172,65.579,65.579,1,6,50.5789,15.0000
1314.927,1447.644,69.5085,65.579,65.579,1,6,50.5789,15.0000
1315.127,1447.846,69.5137,65.579,65.579,1,6,50.5789,15.0000
1315.327,1448.046,69.4966,65.579,65.579,1,6,50.5789,15.0000
1315.527,1448.245,69.4971,65.579,65.579,1,6,50.5789,15.0000
1315.727,1448.445,69.4959,65.579,65.579,1,6,50.5789,15.0000
1315.927,1448.644,69.4793,65.579,65.579,1,6,50.5789,15.0000
1316.127,1448.846,69.4748,65.579,65.579,1,6,50.5789,15.0000
1316.327,1449.046,69.4832,65.579,65.579,1,6,50.5789,15.0000
1316.526,1449.244,69.4650,65.579,65.579,1,6,50.5789,15.0000
1316.727,1449.444,69.4574,65.579,65.579,1,6,50.5789,15.0000
1316.927,1449.644,69.4578,65.579,65.579,1,6,50.5789,15.0000
1317.127,1449.844,69.4551,65.579,65.579,1,6,50.5789,15.0000
1317.327,1450.045,69.4429,65.579,65.579,1,6,50.5789,15.0000
1317.527,1450.244,69.4443,65.579,65.579,1,6,50.5789,15.0000
1317.727,1450.444,69.4282,65.579,65.579,1,6,50.5789,15.0000
1317.927,1450.643,69.4333,65.579,65.579,1,6,50.5789,15.0000
1318.127,1450.844,69.4251,65.579,65.579,1,6,50.5789,15.0000
1318.327,1451.044,69.4189,65.579,65.579,1,6,50.5789,15.0000
1318.527,1451.243,69.4178,65.579,65.579,1,6,50.5789,15.0000
1318.727,1451.443,69.4079,65.579,65.579,1,6,50.5789,15.0000
1318.927,1451.643,69.4048,65.579,65.579,1,6,50.5789,15.0000
1319.127,1451.844,69.3905,65.579,65.579,1,6,50.5789,15.0000
1319.327,1452.044,69.3838,65.579,65.579,1,6,50.5789,15.0000
1319.527,1452.243,69.3939,65.579,65.579,1,6,50.5789,15.0000
1319.726,1452.441,69.3852,65.579,65.579,1,6,50.5789,15.0000
1319.927,1452.642,69.3745,65.579,65.579,1,6,50.5789,15.0000
1320.127,1452.842,69.3732,65.579,65.579,1,6,50.5789,15.0000
1320.326,1453.043,69.3636,65.579,65.579,1,6,50.5789,15.0000
1320.527,1453.242,69.3517,65.579,65.579,1,6,50.5789,15.0000
1320.727,1453.441,69.3550,65.579,65.579,1,6,50.5789,15.0000
1320.927,1453.642,69.3476,65.579,65.579,1,6,50.5789,15.0000
1321.127,1453.842,69.3410,65.579,65.579,1,6,50.5789,15.0000
1321.326,1454.042,69.3382,65.579,65.579,1,6,50.5789,15.0000
1321.527,1454.241,69.3299,65.579,65.579,1,6,50.5789,15.0000
1321.727,1454.441,69.3319,65.579,65.579,1,6,50.5789,15.0000
1321.927,1454.641,69.3231,65.579,65.579,1,6,50.5789,15.0000
1322.126,1454.842,69.3198,65.579,65.579,1,6,50.5789,15.0000
1322.326,1455.041,69.3132,65.579,65.579,1,6,50.5789,15.0000
1322.527,1455.241,69.3184,65.579,65.579,1,6,50.5789,15.0000
1322.727,1455.440,69.3047,65.579,65.579,1,6,50.5789,15.0000
1322.926,1455.640,69.2980,65.579,65.579,1,6,50.5789,15.0000
1323.127,1455.842,69.3109,65.579,65.579,1,6,50.5789,15.0000
1323.326,1456.040,69.2993,65.579,65.579,1,6,50.5789,15.0000
1323.526,1456.240,69.3019,65.579,65.579,1,6,50.5789,15.0000
1323.727,1456.438,69.2855,65.579,65.579,1,6,50.5789,15.0000
1323.927,1456.640,69.2879,65.579,65.579,1,6,50.5789,15.0000
1324.127,1456.842,69.2910,65.579,65.579,1,6,50.5789,15.0000
1324.327,1457.039,69.2822,65.579,65.579,1,6,50.5789,15.0000
1324.527,1457.239,69.2738,65.579,65.579,1,6,50.5789,15.0000
1324.727,1457.439,69.2803,65.579,65.579,1,6,50.5789,15.0000
1324.927,1457.639,69.2806,65.579,65.579,1,6,50.5789,15.0000
1325.127,1457.840,69.2764,65.579,65.579,1,6,50.5789,15.0000
1325.327,1458.038,69.2751,65.579,65.579,1,6,50.5789,15.0000
1325.527,1458.238,69.2686,65.579,65.579,1,6,50.5789,15.0000
1325.727,1458.438,69.2619,65.579,65.579,1,6,50.5789,15.0000
1325.927,1458.638,69.2580,65.579,65.579,1,6,50.5789,15.0000
1326.127,1458.838,69.2532,65.579,65.579,1,6,50.5789,15.0000
1326.327,1459.038,69.2580,65.579,65.579,1,6,50.5789,15.0000
1326.527,1459.238,69.2617,65.579,65.579,1,6,50.5789,15.0000
1326.727,1459.438,69.2554,65.579,65.579,1,6,50.5789,15.0000
1326.927,1459.638,69.2625,65.579,65.579,1,6,50.5789,15.0000
1327.127,1459.836,69.2463,65.579,65.579,1,6,50.5789,15.0000
1327.327,1460.038,69.2467,65.579,65.579,1,6,50.5789,15.0000
1327.527,1460.237,69.2495,65.579,65.579,1,6,50.5789,15.0000
1327.727,1460.437,69.2461,65.579,65.579,1,6,50.5789,15.0000
1327.927,1460.638,69.2490,65.579,65.579,1,6,50.5789,15.0000
1328.127,1460.838,69.2350,65.579,65.579,1,6,50.5789,15.0000
1328.326,1461.037,69.2469,65.579,65.579,1,6,50.5789,15.0000
1328.527,1461.237,69.2386,65.579,65.579,1,6,50.5789,15.0000
1328.727,1461.436,69.2392,65.579,65.579,1,6,50.5789,15.0000
1328.927,1461.637,69.2396,65.579,65.579,1,6,50.5789,15.0000
1329.127,1461.836,69.2287,65.579,65.579,1,6,50.5789,15.0000
1329.327,1462.036,69.2366,65.579,65.579,1,6,50.5789,15.0000
1329.527,1462.236,69.2397,65.579,65.579,1,6,50.5789,15.0000
1329.727,1462.436,69.2427,65.579,65.579,1,6,50.5789,15.0000
1329.927,1462.637,69.2347,65.579,65.579,1,6,50.5789,15.0000
1330.127,1462.835,69.2279,65.579,65.579,1,6,50.5789,15.0000
1330.327,1463.036,69.2171,65.579,65.579,1,6,50.5789,15.0000
1330.527,1463.234,69.2394,65.579,65.579,1,6,50.5789,15.0000
1330.727,1463.435,69.2321,65.579,65.579,1,6,50.5789,15.0000
1330.927,1463.635,69.2240,65.579,65.579,1,6,50.5789,15.0000
1331.127,1463.836,69.2279,65.579,65.579,1,6,50.5789,15.0000
1331.327,1464.035,69.2394,65.579,65.579,1,6,50.5789,15.0000
1331.527,1464.234,69.2324,65.579,65.579,1,6,50.5789,15.0000
1331.727,1464.434,69.2331,65.579,65.579,1,6,50.5789,15.0000
1331.927,1464.635,69.2319,65.579,65.579,1,6,50.5789,15.0000
1332.127,1464.835,69.2419,65.579,65.579,1,6,50.5789,15.0000
1332.327,1465.034,69.2376,65.579,65.579,1,6,50.5789,15.0000
1332.527,1465.234,69.2397,65.579,65.579,1,6,50.5789,15.0000
1332.727,1465.434,69.2254,65.579,65.579,1,6,50.5789,15.0000
1332.927,1465.635,69.2344,65.579,65.579,1,6,50.5789,15.0000
1333.127,1465.835,69.2295,65.579,65.579,1,6,50.5789,15.0000
1333.327,1466.033,69.2422,65.579,65.579,1,6,50.5789,15.0000
1333.527,1466.232,69.2319,65.579,65.579,1,6,50.5789,15.0000
1333.727,1466.434,69.2409,65.579,65.579,1,6,50.5789,15.0000
1333.926,1466.633,69.2355,65.579,65.579,1,6,50.5789,15.0000
1334.127,1466.834,69.2381,65.579,65.579,1,6,50.5789,15.0000
1334.327,1467.033,69.2453,65.579,65.579,1,6,50.5789,15.0000
1334.527,1467.232,69.2427,65.579,65.579,1,6,50.5789,15.0000
1334.726,1467.434,69.2464,65.579,65.579,1,6,50.5789,15.0000
1334.926,1467.633,69.2451,65.579,65.579,1,6,50.5789,15.0000
1335.127,1467.833,69.2487,65.579,65.579,1,6,50.5789,15.0000
1335.327,1468.032,69.2493,65.579,65.579,1,6,50.5789,15.0000
1335.527,1468.232,69.2505,65.579,65.579,1,6,50.5789,15.0000
1335.727,1468.432,69.2532,65.579,65.579,1,6,50.5789,15.0000
1335.926,1468.633,69.2516,65.579,65.579,1,6,50.5789,15.0000
1336.127,1468.833,69.2541,65.579,65.579,1,6,50.5789,15.0000
1336.327,1469.032,69.2570,65.579,65.579,1,6,50.5789,15.0000
1336.527,1469.230,69.2555,65.579,65.579,1,6,50.5789,15.0000
1336.727,1469.432,69.2622,65.579,65.579,1,6,50.5789,15.0000
1336.927,1469.633,69.2638,65.579,65.579,1,6,50.5789,15.0000
1337.127,1469.831,69.2616,65.579,65.579,1,6,50.5789,15.0000
1337.326,1470.031,69.2663,65.579,65.579,1,6,50.5789,15.0000
1337.527,1470.230,69.2632,65.579,65.579,1,6,50.5789,15.0000
1337.727,1470.432,69.2690,65.579,65.579,1,6,50.5789,15.0000
1337.927,1470.633,69.2676,65.579,65.579,1,6,50.5789,15.0000
1338.127,1470.830,69.2790,65.579,65.579,1,6,50.5789,15.0000
1338.327,1471.030,69.2712,65.579,65.579,1,6,50.5789,15.0000
1338.527,1471.230,69.2681,65.579,65.579,1,6,50.5789,15.0000
1338.727,1471.430,69.2785,65.579,65.579,1,6,50.5789,15.0000
1338.926,1471.631,69.2752,65.579,65.579,1,6,50.5789,15.0000
1339.127,1471.829,69.2777,65.579,65.579,1,6,50.5789,15.0000
1339.327,1472.030,69.2842,65.579,65.579,1,6,50.5789,15.0000
1339.527,1472.228,69.2812,65.579,65.579,1,6,50.5789,15.0000
1339.727,1472.430,69.2886,65.579,65.579,1,6,50.5789,15.0000
1339.926,1472.630,69.2967,65.579,65.579,1,6,50.5789,15.0000
1340.127,1472.829,69.2848,65.579,65.579,1,6,50.5789,15.0000
1340.326,1473.029,69.2954,65.579,65.579,1,6,50.5789,15.0000
1340.527,1473.228,69.3000,65.579,65.579,1,6,50.5789,15.0000
1340.727,1473.430,69.3003,65.579,65.579,1,6,50.5789,15.0000
1340.927,1473.630,69.2980,65.579,65.579,1,6,50.5789,15.0000
1341.127,1473.828,69.3091,65.579,65.579,1,6,50.5789,15.0000
1341.327,1474.028,69.3037,65.579,65.579,1,6,50.5789,15.0000
1341.527,1474.228,69.3031,65.579,65.579,1,6,50.5789,15.0000
1341.726,1474.428,69.3149,65.579,65.579,1,6,50.5789,15.0000
1341.927,1474.629,69.3091,65.579,65.579,1,6,50.5789,15.0000
1342.127,1474.828,69.3106,65.579,65.579,1,6,50.5789,15.0000
1342.327,1475.028,69.3174,65.579,65.579,1,6,50.5789,15.0000
1342.527,1475.226,69.3138,65.579,65.579,1,6,50.5789,15.0000
1342.727,1475.428,69.3226,65.579,65.579,1,6,50.5789,15.0000
1342.927,1475.628,69.3314,65.579,65.579,1,6,50.5789,15.0000
1343.127,1475.827,69.3236,65.579,65.579,1,6,50.5789,15.0000
1343.327,1476.027,69.3192,65.579,65.579,1,6,50.5789,15.0000
1343.527,1476.226,69.3354,65.579,65.579,1,6,50.5789,15.0000
1343.727,1476.428,69.3266,65.579,65.579,1,6,50.5789,15.0000
1343.927,1476.628,69.3309,65.579,65.579,1,6,50.5789,15.0000
1344.127,1476.826,69.3408,65.579,65.579,1,6,50.5789,15.0000
1344.327,1477.027,69.3415,65.579,65.579,1,6,50.5789,15.0000
1344.526,1477.226,69.3384,65.579,65.579,1,6,50.5789,15.0000
1344.727,1477.426,69.3439,65.579,65.579,1,6,50.5789,15.0000
1344.927,1477.627,69.3517,65.579,65.579,1,6,50.5789,15.0000
1345.127,1477.826,69.3454,65.579,65.579,1,6,50.5789,15.0000
1345.326,1478.025,69.3395,65.579,65.579,1,6,50.5789,15.0000
1345.527,1478.226,69.3555,65.579,65.579,1,6,50.5789,15.0000
1345.727,1478.426,69.3564,65.579,65.579,1,6,50.5789,15.0000
1345.926,1478.626,69.3597,65.579,65.579,1,6,50.5789,15.0000
1346.127,1478.824,69.3561,65.579,65.579,1,6,50.5789,15.0000
1346.327,1479.025,69.3634,65.579,65.579,1,6,50.5789,15.0000
1346.527,1479.225,69.3664,65.579,65.579,1,6,50.5789,15.0000
1346.727,1479.426,69.3730,65.579,65.579,1,6,50.5789,15.0000
1346.926,1479.624,69.3690,65.579,65.579,1,6,50.5789,15.0000
1347.126,1479.825,69.3755,65.579,65.579,1,6,50.5789,15.0000
1347.327,1480.024,69.3872,65.579,65.579,1,6,50.5789,15.0000
1347.526,1480.224,69.3787,65.579,65.579,1,6,50.5789,15.0000
1347.727,1480.426,69.3892,65.579,65.579,1,6,50.5789,15.0000
1347.927,1480.625,69.3841,65.579,65.579,1,6,50.5789,15.0000
1348.127,1480.824,69.3848,65.579,65.579,1,6,50.5789,15.0000
1348.327,1481.024,69.3973,65.579,65.579,1,6,50.5789,15.0000
1348.527,1481.224,69.3980,65.579,65.579,1,6,50.5789,15.0000
1348.727,1481.424,69.3950,65.579,65.579,1,6,50.5789,15.0000
1348.927,1481.623,69.4082,65.579,65.579,1,6,50.5789,15.0000
1349.126,1481.823,69.4062,65.579,65.579,1,6,50.5789,15.0000
1349.327,1482.023,69.4106,65.579,65.579,1,6,50.5789,15.0000
1349.527,1482.223,69.4062,65.579,65.579,1,6,50.5789,15.0000
1349.727,1482.424,69.4105,65.579,65.579,1,6,50.5789,15.0000
1349.927,1482.622,69.4198,65.579,65.579,1,6,50.5789,15.0000
1350.127,1482.822,69.4154,65.579,65.579,1,6,50.5789,15.0000
1350.326,1483.022,69.4321,65.579,65.579,1,6,50.5789,15.0000
1350.527,1483.222,69.4259,65.579,65.579,1,6,50.5789,15.0000
1350.727,1483.424,69.4297,65.579,65.579,1,6,50.5789,15.0000
1350.927,1483.622,69.4328,65.579,65.579,1,6,50.5789,15.0000
1351.127,1483.821,69.4372,65.579,65.579,1,6,50.5789,15.0000
1351.327,1484.022,69.4486,65.579,65.579,1,6,50.5789,15.0000
1351.526,1484.222,69.4438,65.579,65.579,1,6,50.5789,15.0000
1351.727,1484.424,69.4360,65.579,65.579,1,6,50.5789,15.0000
1351.927,1484.621,69.4489,65.579,65.579,1,6,50.5789,15.0000
1352.127,1484.821,69.4499,65.579,65.579,1,6,50.5789,15.0000
1352.327,1485.021,69.4489,65.579,65.579,1,6,50.5789,15.0000
1352.526,1485.221,69.4455,65.579,65.579,1,6,50.5789,15.0000
1352.727,1485.422,69.4559,65.579,65.579,1,6,50.5789,15.0000
1352.927,1485.620,69.4640,65.579,65.579,1,6,50.5789,15.0000
1353.127,1485.820,69.4652,65.579,65.579,1,6,50.5789,15.0000
1353.327,1486.020,69.4673,65.579,65.579,1,6,50.5789,15.0000
1353.527,1486.221,69.4712,65.579,65.579,1,6,50.5789,15.0000
1353.727,1486.420,69.4727,65.579,65.579,1,6,50.5789,15.0000
1353.927,1486.620,69.4749,65.579,65.579,1,6,50.5789,15.0000
1354.127,1486.820,69.4788,65.579,65.579,1,6,50.5789,15.0000
1354.326,1487.020,69.4741,65.579,65.579,1,6,50.5789,15.0000
1354.527,1487.221,69.4880,65.579,65.579,1,6,50.5789,15.0000
1354.726,1487.420,69.4899,65.579,65.579,1,6,50.5789,15.0000
1354.927,1487.618,69.4844,65.579,65.579,1,6,50.5789,15.0000
1355.127,1487.819,69.4946,65.579,65.579,1,6,50.5789,15.0000
1355.327,1488.019,69.4897,65.579,65.579,1,6,50.5789,15.0000
1355.527,1488.219,69.4935,65.579,65.579,1,6,50.5789,15.0000
1355.727,1488.420,69.5016,65.579,65.579,1,6,50.5789,15.0000
1355.927,1488.618,69.5133,65.579,65.579,1,6,50.5789,15.0000
1356.127,1488.819,69.5127,65.579,65.579,1,6,50.5789,15.0000
1356.327,1489.018,69.5146,65.579,65.579,1,6,50.5789,15.0000
1356.527,1489.219,69.5198,65.579,65.579,1,6,50.5789,15.0000
1356.726,1489.419,69.5151,65.579,65.579,1,6,50.5789,15.0000
1356.927,1489.618,69.5190,65.579,65.579,1,6,50.5789,15.0000
1357.127,1489.818,69.5220,65.579,65.579,1,6,50.5789,15.0000
1357.327,1490.018,69.5309,65.579,65.579,1,6,50.5789,15.0000
1357.527,1490.219,69.5282,65.579,65.579,1,6,50.5789,15.0000
1357.727,1490.419,69.5273,65.579,65.579,1,6,50.5789,15.0000
1357.927,1490.618,69.5369,65.579,65.579,1,6,50.5789,15.0000
1358.127,1490.816,69.5459,65.579,65.579,1,6,50.5789,15.0000
1358.327,1491.018,69.5461,65.579,65.579,1,6,50.5789,15.0000
1358.526,1491.217,69.5444,65.579,65.579,1,6,50.5789,15.0000
1358.726,1491.418,69.5557,65.579,65.579,1,6,50.5789,15.0000
1358.927,1491.617,69.5644,65.579,65.579,1,6,50.5789,15.0000
1359.127,1491.816,69.5566,65.579,65.579,1,6,50.5789,15.0000
1359.326,1492.018,69.5710,65.579,65.579,1,6,50.5789,15.0000
1359.527,1492.217,69.5723,65.579,65.579,1,6,50.5789,15.0000
1359.727,1492.416,69.5762,65.579,65.579,1,6,50.5789,15.0000
1359.927,1492.616,69.5854,65.579,65.579,1,6,50.5789,15.0000
1360.127,1492.816,69.5850,65.579,65.579,1,6,50.5789,15.0000
1360.327,1493.016,69.5859,65.579,65.579,1,6,50.5789,15.0000
1360.527,1493.217,69.5928,65.579,65.579,1,6,50.5789,15.0000
1360.727,1493.417,69.5970,65.579,65.579,1,6,50.5789,15.0000
1360.927,1493.615,69.5954,65.579,65.579,1,6,50.5789,15.0000
1361.127,1493.814,69.5980,65.579,65.579,1,6,50.5789,15.0000
1361.327,1494.016,69.6017,65.579,65.579,1,6,50.5789,15.0000
1361.527,1494.217,69.6160,65.579,65.579,1,6,50.5789,15.0000
1361.727,1494.415,69.6120,65.579,65.579,1,6,50.5789,15.0000
1361.927,1494.615,69.6230,65.579,65.579,1,6,50.5789,15.0000
1362.127,1494.814,69.6196,65.579,65.579,1,6,50.5789,15.0000
1362.327,1495.016,69.6338,65.579,65.579,1,6,50.5789,15.0000
1362.527,1495.217,69.6281,65.579,65.579,1,6,50.5789,15.0000
1362.727,1495.414,69.6331,65.579,65.579,1,6,50.5789,15.0000
1362.927,1495.614,69.6403,65.579,65.579,1,6,50.5789,15.0000
1363.127,1495.814,69.6432,65.579,65.579,1,6,50.5789,15.0000
1363.327,1496.014,69.6478,65.579,65.579,1,6,50.5789,15.0000
1363.526,1496.215,69.6528,65.579,65.579,1,6,50.5789,15.0000
1363.727,1496.413,69.6567,65.579,65.579,1,6,50.5789,15.0000
1363.927,1496.613,69.6603,65.579,65.579,1,6,50.5789,15.0000
1364.127,1496.812,69.6670,65.579,65.579,1,6,50.5789,15.0000
1364.327,1497.014,69.6719,65.579,65.579,1,6,50.5789,15.0000
1364.527,1497.214,69.6725,65.579,65.579,1,6,50.5789,15.0000
1364.726,1497.413,69.6854,65.579,65.579,1,6,50.5789,15.0000
1364.927,1497.613,69.6894,65.579,65.579,1,6,50.5789,15.0000
1365.127,1497.812,69.6891,65.579,65.579,1,6,50.5789,15.0000
1365.327,1498.014,69.6971,65.579,65.579,1,6,50.5789,15.0000
1365.527,1498.214,69.6924,65.579,65.579,1,6,50.5789,15.0000
1365.727,1498.412,69.7012,65.579,65.579,1,6,50.5789,15.0000
1365.927,1498.612,69.6912,65.579,65.579,1,6,50.5789,15.0000
1366.127,1498.812,69.7067,65.579,65.579,1,6,50.5789,15.0000
1366.327,1499.012,69.7156,65.579,65.579,1,6,50.5789,15.0000
1366.527,1499.213,69.7305,65.579,65.579,1,6,50.5789,15.0000
1366.727,1499.412,69.7192,65.579,65.579,1,6,50.5789,15.0000
1366.927,1499.612,69.7266,65.579,65.579,1,6,50.5789,15.0000
1367.126,1499.810,69.7274,65.579,65.579,1,6,50.5789,15.0000
1367.327,1500.012,69.7324,65.579,65.579,1,6,50.5789,15.0000
1367.527,1500.212,69.7394,65.579,65.579,1,6,50.5789,15.0000
1367.726,1500.411,69.7454,65.579,65.579,1,6,50.5789,15.0000
1367.927,1500.611,69.7529,65.579,65.579,1,6,50.5789,15.0000
1368.126,1500.810,69.7546,65.579,65.579,1,6,50.5789,15.0000
1368.327,1501.012,69.7427,65.579,65.579,1,6,50.5789,15.0000
1368.527,1501.212,69.7612,65.579,65.579,1,6,50.5789,15.0000
1368.727,1501.410,69.7564,65.579,65.579,1,6,50.5789,15.0000
1368.927,1501.609,69.7686,65.579,65.579,1,6,50.5789,15.0000
1369.126,1501.810,69.7775,65.579,65.579,1,6,50.5789,15.0000
1369.327,1502.010,69.7822,65.579,65.579,1,6,50.5789,15.0000
1369.527,1502.211,69.7848,65.579,65.579,1,6,50.5789,15.0000
1369.726,1502.410,69.7881,65.579,65.579,1,6,50.5789,15.0000
1369.927,1502.609,69.7959,65.579,65.579,1,6,50.5789,15.0000
1370.126,1502.809,69.8084,65.579,65.579,1,6,50.5789,15.0000
1370.326,1503.010,69.8022,65.579,65.579,1,6,50.5789,15.0000
1370.527,1503.210,69.8092,65.579,65.579,1,6,50.5789,15.0000
1370.727,1503.409,69.8109,65.579,65.579,1,6,50.5789,15.0000
1370.927,1503.609,69.8187,65.579,65.579,1,6,50.5789,15.0000
1371.127,1503.810,69.8114,65.579,65.579,1,6,50.5789,15.0000
1371.327,1504.010,69.8385,65.579,65.579,1,6,50.5789,15.0000
1371.527,1504.210,69.8364,65.579,65.579,1,6,50.5789,15.0000
1371.727,1504.408,69.8392,65.579,65.579,1,6,50.5789,15.0000
1371.927,1504.607,69.8429,65.579,65.579,1,6,50.5789,15.0000
1372.127,1504.808,69.8486,65.579,65.579,1,6,50.5789,15.0000
1372.327,1505.008,69.8424,65.579,65.579,1,6,50.5789,15.0000
1372.527,1505.209,69.8587,65.579,65.579,1,6,50.5789,15.0000
1372.727,1505.408,69.8667,65.579,65.579,1,6,50.5789,15.0000
1372.926,1505.607,69.8662,65.579,65.579,1,6,50.5789,15.0000
1373.127,1505.808,69.8807,65.579,65.579,1,6,50.5789,15.0000
1373.326,1506.008,69.8906,65.579,65.579,1,6,50.5789,15.0000
1373.526,1506.208,69.8882,65.579,65.579,1,6,50.5789,15.0000
1373.726,1506.407,69.8991,65.579,65.579,1,6,50.5789,15.0000
1373.927,1506.607,69.9051,65.579,65.579,1,6,50.5789,15.0000
1374.127,1506.807,69.9064,65.579,65.579,1,6,50.5789,15.0000
1374.327,1507.008,69.9245,65.579,65.579,1,6,50.5789,15.0000
1374.527,1507.208,69.9119,65.579,65.579,1,6,50.5789,15.0000
1374.727,1507.406,69.9175,65.579,65.579,1,6,50.5789,15.0000
1374.927,1507.606,69.9129,65.579,65.579,1,6,50.5789,15.0000
1375.127,1507.806,69.9341,65.579,65.579,1,6,50.5789,15.0000
1375.327,1508.008,69.9427,65.579,65.579,1,6,50.5789,15.0000
1375.527,1508.206,69.9435,65.579,65.579,1,6,50.5789,15.0000
1375.727,1508.406,69.9482,65.579,65.579,1,6,50.5789,15.0000
1375.927,1508.604,69.9530,65.579,65.579,1,6,50.5789,15.0000
1376.127,1508.806,69.9608,65.579,65.579,1,6,50.5789,15.0000
1376.327,1509.008,69.9600,65.579,65.579,1,6,50.5789,15.0000
1376.527,1509.205,69.9582,65.579,65.579,1,6,50.5789,15.0000
1376.727,1509.405,69.9683,65.579,65.579,1,6,50.5789,15.0000
1376.926,1509.605,69.9814,65.579,65.579,1,6,50.5789,15.0000
1377.127,1509.805,69.9757,65.579,65.579,1,6,50.5789,15.0000
1377.327,1510.006,69.9788,65.579,65.579,1,6,50.5789,15.0000
1377.527,1510.204,70.0008,65.579,65.579,1,6,50.5789,15.0000
1377.727,1510.405,69.9943,65.579,65.579,1,6,50.5789,15.0000
1377.926,1510.604,69.9891,65.579,65.579,1,6,50.5789,15.0000
1378.127,1510.805,70.0080,65.579,65.579,1,6,50.5789,15.0000
1378.326,1511.004,69.9990,65.579,65.579,1,6,50.5789,15.0000
1378.527,1511.204,70.0104,65.579,65.579,1,6,50.5789,15.0000
1378.727,1511.404,70.0212,65.579,65.579,1,6,50.5789,15.0000
1378.927,1511.604,70.0230,65.579,65.579,1,6,50.5789,15.0000
1379.126,1511.805,70.0241,65.579,65.579,1,6,50.5789,15.0000
1379.327,1512.004,70.0273,65.579,65.579,1,6,50.5789,15.0000
1379.527,1512.203,70.0386,65.579,65.579,1,6,50.5789,15.0000
1379.727,1512.403,70.0408,65.579,65.579,1,6,50.5789,15.0000
1379.927,1512.603,70.0474,65.579,65.579,1,6,50.5789,15.0000
1380.127,1512.803,70.0490,65.579,65.579,1,6,50.5789,15.0000
1380.327,1513.004,70.0552,65.579,65.579,1,6,50.5789,15.0000
1380.527,1513.203,70.0558,65.579,65.579,1,6,50.5789,15.0000
1380.727,1513.403,70.0610,65.579,65.579,1,6,50.5789,15.0000
1380.927,1513.602,70.0666,65.579,65.579,1,6,50.5789,15.0000
1381.127,1513.803,70.0710,65.579,65.579,1,6,50.5789,15.0000
1381.327,1514.003,70.0809,65.579,65.579,1,6,50.5789,15.0000
1381.527,1514.202,70.0828,65.579,65.579,1,6,50.5789,15.0000
1381.727,1514.402,70.0928,65.579,65.579,1,6,50.5789,15.0000
1381.927,1514.602,70.0962,65.579,65.579,1,6,50.5789,15.0000
1382.127,1514.801,70.1061,65.579,65.579,1,6,50.5789,15.0000
1382.327,1515.003,70.1032,65.579,65.579,1,6,50.5789,15.0000
1382.526,1515.201,70.1130,65.579,65.579,1,6,50.5789,15.0000
1382.726,1515.400,70.1128,65.579,65.579,1,6,50.5789,15.0000
1382.927,1515.602,70.1276,65.579,65.579,1,6,50.5789,15.0000
1383.127,1515.801,70.1359,65.579,65.579,1,6,50.5789,15.0000
1383.326,1516.002,70.1328,65.579,65.579,1,6,50.5789,15.0000
1383.527,1516.201,70.1403,65.579,65.579,1,6,50.5789,15.0000
1383.726,1516.400,70.1481,65.579,65.579,1,6,50.5789,15.0000
1383.927,1516.600,70.1475,65.579,65.579,1,6,50.5789,15.0000
1384.127,1516.801,70.1699,65.579,65.579,1,6,50.5789,15.0000
1384.327,1517.001,70.1649,65.579,65.579,1,6,50.5789,15.0000
1384.527,1517.200,70.1709,65.579,65.579,1,6,50.5789,15.0000
1384.726,1517.400,70.1873,65.579,65.579,1,6,50.5789,15.0000
1384.927,1517.600,70.1842,65.579,65.579,1,6,50.5789,15.0000
1385.127,1517.801,70.1963,65.579,65.579,1,6,50.5789,15.0000
1385.327,1518.001,70.2057,65.579,65.579,1,6,50.5789,15.0000
1385.526,1518.200,70.2098,65.579,65.579,1,6,50.5789,15.0000
1385.727,1518.398,70.2104,65.579,65.579,1,6,50.5789,15.0000
1385.927,1518.600,70.2226,65.579,65.579,1,6,50.5789,15.0000
1386.127,1518.801,70.2396,65.579,65.579,1,6,50.5789,15.0000
1386.327,1519.000,70.2337,65.579,65.579,1,6,50.5789,15.0000
1386.526,1519.199,70.2471,65.579,65.579,1,6,50.5789,15.0000
1386.727,1519.398,70.2490,65.579,65.579,1,6,50.5789,15.0000
1386.926,1519.600,70.2560,65.579,35.579,0,6,50.5789,15.0000
1387.127,1519.805,70.2716,35.579,35.579,0,6,50.5789,15.0000
1387.327,1519.999,70.2749,35.579,35.579,0,6,50.5789,15.0000
1387.527,1520.198,70.2803,35.579,35.579,0,6,50.5789,15.0000
1387.727,1520.398,70.2821,35.579,35.579,0,6,50.5789,15.0000
1387.927,1520.598,70.2959,35.579,35.579,0,6,50.5789,15.0000
1388.127,1520.799,70.3058,35.579,35.579,0,6,50.5789,15.0000
1388.327,1520.997,70.3117,35.579,35.579,0,6,50.5789,15.0000
1388.527,1521.198,70.3302,35.579,35.579,0,6,50.5789,15.0000
1388.726,1521.396,70.3224,35.579,35.579,0,6,50.5789,15.0000
1388.926,1521.598,70.3411,35.579,35.579,0,6,50.5789,15.0000
1389.127,1521.799,70.3506,35.579,35.579,0,6,50.5789,15.0000
1389.327,1521.997,70.3566,35.579,35.579,0,6,50.5789,15.0000
1389.526,1522.197,70.3713,35.579,35.579,0,6,50.5789,15.0000
1389.727,1522.396,70.3791,35.579,35.579,0,6,50.5789,15.0000
1389.926,1522.598,70.3914,35.579,35.579,0,6,50.5789,15.0000
1390.127,1522.799,70.4045,35.579,35.579,0,6,50.5789,15.0000
1390.327,1522.995,70.4121,35.579,35.579,0,6,50.5789,15.0000
1390.526,1523.196,70.4232,35.579,35.579,0,6,50.5789,15.0000
1390.727,1523.396,70.4320,35.579,35.579,0,6,50.5789,15.0000
1390.926,1523.596,70.4383,35.579,35.579,0,6,50.5789,15.0000
1391.127,1523.797,70.4523,35.579,35.579,0,6,50.5789,15.0000
1391.327,1523.995,70.4492,35.579,35.579,0,6,50.5789,15.0000
1391.527,1524.196,70.4671,35.579,35.579,0,6,50.5789,15.0000
1391.727,1524.394,70.4753,35.579,35.579,0,6,50.5789,15.0000
1391.927,1524.596,70.4761,35.579,35.579,0,6,50.5789,15.0000
1392.127,1524.796,70.4936,35.579,35.579,0,6,50.5789,15.0000
1392.327,1524.995,70.4892,35.579,35.579,0,6,50.5789,15.0000
1392.527,1525.195,70.5039,35.579,35.579,0,6,50.5789,15.0000
1392.727,1525.394,70.5200,35.579,35.579,0,6,50.5789,15.0000
1392.927,1525.596,70.5268,35.579,35.579,0,6,50.5789,15.0000
1393.127,1525.796,70.5293,35.579,35.579,0,6,50.5789,15.0000
1393.327,1525.994,70.5379,35.579,35.579,0,6,50.5789,15.0000
1393.527,1526.194,70.5438,35.579,35.579,0,6,50.5789,15.0000
1393.727,1526.394,70.5610,35.579,35.579,0,6,50.5789,15.0000
1393.927,1526.594,70.5618,35.579,35.579,0,6,50.5789,15.0000
1394.127,1526.795,70.5527,35.579,35.579,0,6,50.5789,15.0000
1394.326,1526.994,70.5723,35.579,35.579,0,6,50.5789,15.0000
1394.527,1527.193,70.5850,35.579,35.579,0,6,50.5789,15.0000
1394.727,1527.393,70.5861,35.579,35.579,0,6,50.5789,15.0000
1394.927,1527.594,70.6107,35.579,35.579,0,6,50.5789,15.0000
1395.127,1527.794,70.6009,35.579,35.579,0,6,50.5789,15.0000
1395.327,1527.993,70.6130,35.579,35.579,0,6,50.5789,15.0000
1395.527,1528.193,70.6174,35.579,35.579,0,6,50.5789,15.0000
1395.727,1528.393,70.6193,35.579,35.579,0,6,50.5789,15.0000
1395.927,1528.594,70.6348,35.579,35.579,0,6,50.5789,15.0000
1396.127,1528.794,70.6362,35.579,35.579,0,6,50.5789,15.0000
1396.327,1528.992,70.6452,35.579,35.579,0,6,50.5789,15.0000
1396.527,1529.191,70.6507,35.579,35.579,0,6,50.5789,15.0000
1396.727,1529.392,70.6623,35.579,35.579,0,6,50.5789,15.0000
1396.927,1529.592,70.6662,35.579,35.579,0,6,50.5789,15.0000
1397.127,1529.793,70.6854,35.579,35.579,0,6,50.5789,15.0000
1397.327,1529.992,70.6849,35.579,35.579,0,6,50.5789,15.0000
1397.527,1530.190,70.6842,35.579,35.579,0,6,50.5789,15.0000
1397.727,1530.392,70.6927,35.579,35.579,0,6,50.5789,15.0000
1397.927,1530.592,70.6999,35.579,35.579,0,6,50.5789,15.0000
1398.127,1530.792,70.7057,35.579,35.579,0,6,50.5789,15.0000
1398.327,1530.991,70.7127,35.579,35.579,0,6,50.5789,15.0000
1398.527,1531.191,70.7199,35.579,35.579,0,6,50.5789,15.0000
1398.727,1531.391,70.7296,35.579,35.579,0,6,50.5789,15.0000
1398.927,1531.592,70.7420,35.579,35.579,0,6,50.5789,15.0000
1399.127,1531.792,70.7412,35.579,35.579,0,6,50.5789,15.0000
1399.327,1531.990,70.7329,35.579,35.579,0,6,50.5789,15.0000
1399.527,1532.190,70.7397,35.579,35.579,0,6,50.5789,15.0000
1399.727,1532.391,70.7490,35.579,35.579,0,6,50.5789,15.0000
1399.927,1532.592,70.7552,35.579,35.579,0,6,50.5789,15.0000
1400.126,1532.790,70.7539,35.579,35.579,0,6,50.5789,15.0000
1400.327,1532.990,70.7786,35.579,35.579,0,6,50.5789,15.0000
1400.527,1533.190,70.7679,35.579,35.579,0,6,50.5789,15.0000
1400.727,1533.390,70.7720,35.579,35.579,0,6,50.5789,15.0000
1400.927,1533.588,70.7795,35.579,35.579,0,6,50.5789,15.0000
1401.127,1533.789,70.7882,35.579,35.579,0,6,50.5789,15.0000
1401.326,1533.989,70.7948,35.579,35.579,0,6,50.5789,15.0000
1401.527,1534.189,70.7886,35.579,35.579,0,6,50.5789,15.0000
1401.726,1534.389,70.7983,35.579,35.579,0,6,50.5789,15.0000
1401.927,1534.590,70.8009,35.579,35.579,0,6,50.5789,15.0000
1402.127,1534.788,70.8094,35.579,35.579,0,6,50.5789,15.0000
1402.326,1534.988,70.8159,35.579,35.579,0,6,50.5789,15.0000
1402.526,1535.188,70.8151,35.579,35.579,0,6,50.5789,15.0000
1402.727,1535.388,70.8208,35.579,35.579,0,6,50.5789,15.0000
1402.927,1535.588,70.8244,35.579,35.579,0,6,50.5789,15.0000
1403.126,1535.788,70.8301,35.579,35.579,0,6,50.5789,15.0000
1403.327,1535.988,70.8278,35.579,35.579,0,6,50.5789,15.0000
1403.527,1536.188,70.8340,35.579,35.579,0,6,50.5789,15.0000
1403.727,1536.388,70.8390,35.579,35.579,0,6,50.5789,15.0000
1403.927,1536.588,70.8411,35.579,35.579,0,6,50.5789,15.0000
1404.127,1536.788,70.8477,35.579,35.579,0,6,50.5789,15.0000
1404.327,1536.987,70.8535,35.579,35.579,0,6,50.5789,15.0000
1404.527,1537.187,70.8633,35.579,35.579,0,6,50.5789,15.0000
1404.727,1537.387,70.8630,35.579,35.579,0,6,50.5789,15.0000
1404.927,1537.588,70.8584,35.579,35.579,0,6,50.5789,15.0000
1405.127,1537.787,70.8620,35.579,35.579,0,6,50.5789,15.0000
1405.327,1537.987,70.8734,35.579,35.579,0,6,50.5789,15.0000
1405.527,1538.186,70.8804,35.579,35.579,0,6,50.5789,15.0000
1405.727,1538.387,70.8750,35.579,35.579,0,6,50.5789,15.0000
1405.927,1538.586,70.8822,35.579,35.579,0,6,50.5789,15.0000
1406.127,1538.786,70.8892,35.579,35.579,0,6,50.5789,15.0000
1406.327,1538.986,70.8838,35.579,35.579,0,6,50.5789,15.0000
1406.527,1539.186,70.8927,35.579,35.579,0,6,50.5789,15.0000
1406.727,1539.387,70.8994,35.579,35.579,0,6,50.5789,15.0000
1406.926,1539.586,70.9076,35.579,35.579,0,6,50.5789,15.0000
1407.127,1539.786,70.9017,35.579,35.579,0,6,50.5789,15.0000
1407.326,1539.984,70.9053,35.579,35.579,0,6,50.5789,15.0000
1407.527,1540.185,70.9227,35.579,35.579,0,6,50.5789,15.0000
1407.727,1540.385,70.9059,35.579,35.579,0,6,50.5789,15.0000
1407.927,1540.586,70.9219,35.579,35.579,0,6,50.5789,15.0000
1408.126,1540.785,70.9186,35.579,35.579,0,6,50.5789,15.0000
1408.327,1540.984,70.9141,35.579,35.579,0,6,50.5789,15.0000
1408.526,1541.184,70.9118,35.579,35.579,0,6,50.5789,15.0000
1408.727,1541.385,70.9137,35.579,35.579,0,6,50.5789,15.0000
1408.927,1541.585,70.9219,35.579,35.579,0,6,50.5789,15.0000
1409.127,1541.784,70.9224,35.579,35.579,0,6,50.5789,15.0000
1409.327,1541.984,70.9224,35.579,35.579,0,6,50.5789,15.0000
1409.527,1542.184,70.9194,35.579,35.579,0,6,50.5789,15.0000
1409.727,1542.385,70.9274,35.579,35.579,0,6,50.5789,15.0000
1409.927,1542.584,70.9268,35.579,35.579,0,6,50.5789,15.0000
1410.127,1542.784,70.9248,35.579,35.579,0,6,50.5789,15.0000
1410.327,1542.982,70.9295,35.579,35.579,0,6,50.5789,15.0000
1410.527,1543.184,70.9324,35.579,35.579,0,6,50.5789,15.0000
1410.727,1543.383,70.9289,35.579,35.579,0,6,50.5789,15.0000
1410.926,1543.584,70.9318,35.579,35.579,0,6,50.5789,15.0000
1411.127,1543.783,70.9261,35.579,35.579,0,6,50.5789,15.0000
1411.327,1543.982,70.9329,35.579,35.579,0,6,50.5789,15.0000
1411.527,1544.184,70.9334,35.579,35.579,0,6,50.5789,15.0000
1411.727,1544.383,70.9326,35.579,35.579,0,6,50.5789,15.0000
1411.927,1544.583,70.9328,35.579,35.579,0,6,50.5789,15.0000
1412.127,1544.782,70.9370,35.579,35.579,0,6,50.5789,15.0000
1412.327,1544.982,70.9323,35.579,35.579,0,6,50.5789,15.0000
1412.527,1545.182,70.9331,35.579,35.579,0,6,50.5789,15.0000
1412.726,1545.383,70.9323,35.579,35.579,0,6,50.5789,15.0000
1412.927,1545.582,70.9326,35.579,35.579,0,6,50.5789,15.0000
1413.127,1545.782,70.9375,35.579,35.579,0,6,50.5789,15.0000
1413.327,1545.980,70.9368,35.579,35.579,0,6,50.5789,15.0000
1413.527,1546.182,70.9370,35.579,35.579,0,6,50.5789,15.0000
1413.727,1546.383,70.9311,35.579,35.579,0,6,50.5789,15.0000
1413.927,1546.582,70.9360,35.579,35.579,0,6,50.5789,15.0000
1414.127,1546.781,70.9281,35.579,35.579,0,6,50.5789,15.0000
1414.327,1546.980,70.9268,35.579,35.579,0,6,50.5789,15.0000
1414.526,1547.182,70.9311,35.579,35.579,0,6,50.5789,15.0000
1414.726,1547.383,70.9329,35.579,35.579,0,6,50.5789,15.0000
1414.927,1547.580,70.9294,35.579,35.579,0,6,50.5789,15.0000
1415.127,1547.780,70.9307,35.579,35.579,0,6,50.5789,15.0000
1415.327,1547.980,70.9333,35.579,35.579,0,6,50.5789,15.0000
1415.527,1548.180,70.9346,35.579,35.579,0,6,50.5789,15.0000
1415.727,1548.381,70.9292,35.579,35.579,0,6,50.5789,15.0000
1415.926,1548.579,70.9311,35.579,35.579,0,6,50.5789,15.0000
1416.127,1548.779,70.9232,35.579,35.579,0,6,50.5789,15.0000
1416.327,1548.978,70.9268,35.579,35.579,0,6,50.5789,15.0000
1416.527,1549.180,70.9295,35.579,35.579,0,6,50.5789,15.0000
1416.727,1549.380,70.9207,35.579,35.579,0,6,50.5789,15.0000
1416.926,1549.579,70.9188,35.579,35.579,0,6,50.5789,15.0000
1417.126,1549.779,70.9237,35.579,35.579,0,6,50.5789,15.0000
1417.327,1549.978,70.9158,35.579,35.579,0,6,50.5789,15.0000
1417.527,1550.180,70.9217,35.579,35.579,0,6,50.5789,15.0000
1417.727,1550.380,70.9147,35.579,35.579,0,6,50.5789,15.0000
1417.926,1550.578,70.9191,35.579,35.579,0,6,50.5789,15.0000
1418.127,1550.778,70.9160,35.579,35.579,0,6,50.5789,15.0000
1418.327,1550.978,70.9181,35.579,35.579,0,6,50.5789,15.0000
1418.527,1551.178,70.9196,35.579,35.579,0,6,50.5789,15.0000
1418.727,1551.379,70.9172,35.579,35.579,0,6,50.5789,15.0000
1418.927,1551.577,70.9051,35.579,35.579,0,6,50.5789,15.0000
1419.127,1551.778,70.8952,35.579,35.579,0,6,50.5789,15.0000
1419.327,1551.976,70.9087,35.579,35.579,0,6,50.5789,15.0000
1419.527,1552.178,70.9058,35.579,35.579,0,6,50.5789,15.0000
1419.727,1552.378,70.8971,35.579,35.579,0,6,50.5789,15.0000
1419.926,1552.577,70.9009,35.579,35.579,0,6,50.5789,15.0000
1420.127,1552.777,70.8973,35.579,35.579,0,6,50.5789,15.0000
1420.327,1552.976,70.8887,35.579,35.579,0,6,50.5789,15.0000
1420.527,1553.178,70.8989,35.579,35.579,0,6,50.5789,15.0000
1420.726,1553.378,70.8870,35.579,35.579,0,6,50.5789,15.0000
1420.927,1553.576,70.8887,35.579,35.579,0,6,50.5789,15.0000
1421.127,1553.775,70.8823,35.579,35.579,0,6,50.5789,15.0000
1421.327,1553.976,70.8901,35.579,35.579,0,6,50.5789,15.0000
1421.527,1554.178,70.8844,35.579,35.579,0,6,50.5789,15.0000
1421.726,1554.377,70.8797,35.579,35.579,0,6,50.5789,15.0000
1421.927,1554.576,70.8740,35.579,35.579,0,6,50.5789,15.0000
1422.127,1554.775,70.8786,35.579,35.579,0,6,50.5789,15.0000
1422.327,1554.976,70.8711,35.579,35.579,0,6,50.5789,15.0000
1422.527,1555.176,70.8703,35.579,35.579,0,6,50.5789,15.0000
1422.727,1555.376,70.8779,35.579,35.579,0,6,50.5789,15.0000
1422.927,1555.575,70.8555,35.579,35.579,0,6,50.5789,15.0000
1423.127,1555.775,70.8599,35.579,35.579,0,6,50.5789,15.0000
1423.327,1555.975,70.8633,35.579,35.579,0,6,50.5789,15.0000
1423.527,1556.176,70.8569,35.579,35.579,0,6,50.5789,15.0000
1423.727,1556.376,70.8690,35.579,35.579,0,6,50.5789,15.0000
1423.927,1556.574,70.8517,35.579,35.579,0,6,50.5789,15.0000
1424.127,1556.774,70.8509,35.579,35.579,0,6,50.5789,15.0000
1424.326,1556.974,70.8569,35.579,35.579,0,6,50.5789,15.0000
1424.527,1557.176,70.8579,35.579,35.579,0,6,50.5789,15.0000
1424.727,1557.375,70.8473,35.579,35.579,0,6,50.5789,15.0000
1424.927,1557.574,70.8418,35.579,35.579,0,6,50.5789,15.0000
1425.127,1557.773,70.8465,35.579,35.579,0,6,50.5789,15.0000
1425.327,1557.974,70.8394,35.579,35.579,0,6,50.5789,15.0000
1425.527,1558.176,70.8380,35.579,35.579,0,6,50.5789,15.0000
1425.726,1558.374,70.8304,35.579,35.579,0,6,50.5789,15.0000
1425.927,1558.573,70.8384,35.579,35.579,0,6,50.5789,15.0000
1426.127,1558.773,70.8306,35.579,35.579,0,6,50.5789,15.0000
1426.327,1558.973,70.8211,35.579,35.579,0,6,50.5789,15.0000
1426.527,1559.174,70.8281,35.579,35.579,0,6,50.5789,15.0000
1426.727,1559.372,70.8179,35.579,35.579,0,6,50.5789,15.0000
1426.927,1559.572,70.8149,35.579,35.579,0,6,50.5789,15.0000
1427.127,1559.772,70.8107,35.579,35.579,0,6,50.5789,15.0000
1427.327,1559.972,70.8065,35.579,35.579,0,6,50.5789,15.0000
1427.527,1560.174,70.8112,35.579,35.579,0,6,50.5789,15.0000
1427.727,1560.372,70.8091,35.579,35.579,0,6,50.5789,15.0000
1427.927,1560.572,70.8091,35.579,35.579,0,6,50.5789,15.0000
1428.127,1560.772,70.8079,35.579,35.579,0,6,50.5789,15.0000
1428.327,1560.972,70.7977,35.579,35.579,0,6,50.5789,15.0000
1428.527,1561.174,70.7966,35.579,35.579,0,6,50.5789,15.0000
1428.727,1561.371,70.7949,35.579,35.579,0,6,50.5789,15.0000
1428.927,1561.571,70.7939,35.579,35.579,0,6,50.5789,15.0000
1429.127,1561.771,70.7902,35.579,35.579,0,6,50.5789,15.0000
1429.327,1561.971,70.7896,35.579,35.579,0,6,50.5789,15.0000
1429.527,1562.174,70.7853,35.579,35.579,0,6,50.5789,15.0000
1429.727,1562.371,70.7856,35.579,35.579,0,6,50.5789,15.0000
1429.927,1562.571,70.7866,35.579,35.579,0,6,50.5789,15.0000
1430.127,1562.770,70.7746,35.579,35.579,0,6,50.5789,15.0000
1430.327,1562.971,70.7812,35.579,35.579,0,6,50.5789,15.0000
1430.527,1563.172,70.7671,35.579,35.579,0,6,50.5789,15.0000
1430.727,1563.370,70.7715,35.579,35.579,0,6,50.5789,15.0000
1430.927,1563.570,70.7738,35.579,35.579,0,6,50.5789,15.0000
1431.127,1563.770,70.7617,35.579,35.579,0,6,50.5789,15.0000
1431.327,1563.971,70.7620,35.579,35.579,0,6,50.5789,15.0000
1431.527,1564.172,70.7552,35.579,35.579,0,6,50.5789,15.0000
1431.726,1564.369,70.7575,35.579,35.579,0,6,50.5789,15.0000
1431.927,1564.569,70.7489,35.579,35.579,0,6,50.5789,15.0000
1432.127,1564.769,70.7487,35.579,35.579,0,6,50.5789,15.0000
1432.327,1564.969,70.7456,35.579,35.579,0,6,50.5789,15.0000
1432.526,1565.170,70.7541,35.579,35.579,0,6,50.5789,15.0000
1432.726,1565.369,70.7319,35.579,35.579,0,6,50.5789,15.0000
1432.927,1565.566,70.7358,35.579,35.579,0,6,50.5789,15.0000
1433.126,1565.768,70.7305,35.579,35.579,0,6,50.5789,15.0000
1433.327,1565.969,70.7266,35.579,35.579,0,6,50.5789,15.0000
1433.526,1566.169,70.7249,35.579,35.579,0,6,50.5789,15.0000
1433.727,1566.368,70.7191,35.579,35.579,0,6,50.5789,15.0000
1433.927,1566.568,70.7197,35.579,35.579,0,6,50.5789,15.0000
1434.127,1566.768,70.7101,35.579,35.579,0,6,50.5789,15.0000
1434.327,1566.969,70.7100,35.579,35.579,0,6,50.5789,15.0000
1434.526,1567.169,70.7065,35.579,35.579,0,6,50.5789,15.0000
1434.727,1567.368,70.7007,35.579,35.579,0,6,50.5789,15.0000
1434.927,1567.566,70.7002,35.579,35.579,0,6,50.5789,15.0000
1435.127,1567.768,70.6922,35.579,35.579,0,6,50.5789,15.0000
1435.327,1567.967,70.7008,35.579,35.579,0,6,50.5789,15.0000
1435.526,1568.168,70.6914,35.579,35.579,0,6,50.5789,15.0000
1435.727,1568.367,70.6860,35.579,35.579,0,6,50.5789,15.0000
1435.927,1568.566,70.6833,35.579,35.579,0,6,50.5789,15.0000
1436.127,1568.768,70.6777,35.579,35.579,0,6,50.5789,15.0000
1436.327,1568.967,70.6797,35.579,35.579,0,6,50.5789,15.0000
1436.527,1569.167,70.6650,35.579,35.579,0,6,50.5789,15.0000
1436.727,1569.366,70.6711,35.579,35.579,0,6,50.5789,15.0000
1436.927,1569.566,70.6613,35.579,35.579,0,6,50.5789,15.0000
1437.127,1569.766,70.6562,35.579,35.579,0,6,50.5789,15.0000
1437.327,1569.967,70.6626,35.579,35.579,0,6,50.5789,15.0000
1437.527,1570.166,70.6520,35.579,35.579,0,6,50.5789,15.0000
1437.727,1570.366,70.6462,35.579,35.579,0,6,50.5789,15.0000
1437.927,1570.564,70.6440,35.579,35.579,0,6,50.5789,15.0000
1438.127,1570.766,70.6408,35.579,35.579,0,6,50.5789,15.0000
1438.327,1570.967,70.6362,35.579,35.579,0,6,50.5789,15.0000
1438.527,1571.165,70.6304,35.579,35.579,0,6,50.5789,15.0000
1438.727,1571.365,70.6250,35.579,35.579,0,6,50.5789,15.0000
1438.926,1571.564,70.6255,35.579,35.579,0,6,50.5789,15.0000
1439.127,1571.766,70.6183,35.579,35.579,0,6,50.5789,15.0000
1439.327,1571.965,70.6086,35.579,35.579,0,6,50.5789,15.0000
1439.526,1572.164,70.6053,35.579,35.579,0,6,50.5789,15.0000
1439.727,1572.364,70.6074,35.579,35.579,0,6,50.5789,15.0000
1439.927,1572.564,70.6077,35.579,35.579,0,6,50.5789,15.0000
1440.127,1572.764,70.6050,35.579,35.579,0,6,50.5789,15.0000
1440.327,1572.965,70.5991,35.579,35.579,0,6,50.5789,15.0000
1440.527,1573.163,70.5890,35.579,35.579,0,6,50.5789,15.0000
1440.727,1573.363,70.5871,35.579,35.579,0,6,50.5789,15.0000
1440.927,1573.562,70.5812,35.579,35.579,0,6,50.5789,15.0000
1441.127,1573.764,70.5819,35.579,35.579,0,6,50.5789,15.0000
1441.327,1573.964,70.5729,35.579,35.579,0,6,50.5789,15.0000
1441.527,1574.163,70.5786,35.579,35.579,0,6,50.5789,15.0000
1441.727,1574.363,70.5739,35.579,35.579,0,6,50.5789,15.0000
1441.927,1574.562,70.5758,35.579,35.579,0,6,50.5789,15.0000
1442.127,1574.764,70.5762,35.579,35.579,0,6,50.5789,15.0000
1442.327,1574.964,70.5703,35.579,35.579,0,6,50.5789,15.0000
1442.527,1575.162,70.5661,35.579,35.579,0,6,50.5789,15.0000
1442.727,1575.362,70.5522,35.579,35.579,0,6,50.5789,15.0000
1442.926,1575.562,70.5501,35.579,35.579,0,6,50.5789,15.0000
1443.127,1575.762,70.5498,35.579,35.579,0,6,50.5789,15.0000
1443.327,1575.963,70.5376,35.579,35.579,0,6,50.5789,15.0000
1443.527,1576.162,70.5373,35.579,35.579,0,6,50.5789,15.0000
1443.727,1576.362,70.5410,35.579,35.579,0,6,50.5789,15.0000
1443.927,1576.560,70.5358,35.579,35.579,0,6,50.5789,15.0000
1444.127,1576.762,70.5352,35.579,35.579,0,6,50.5789,15.0000
1444.327,1576.962,70.5303,35.579,35.579,0,6,50.5789,15.0000
1444.527,1577.161,70.5410,35.579,35.579,0,6,50.5789,15.0000
1444.727,1577.361,70.5273,35.579,35.579,0,6,50.5789,15.0000
1444.927,1577.560,70.5355,35.579,35.579,0,6,50.5789,15.0000
1445.127,1577.762,70.5225,35.579,35.579,0,6,50.5789,15.0000
1445.326,1577.962,70.5293,35.579,35.579,0,6,50.5789,15.0000
1445.527,1578.160,70.5228,35.579,35.579,0,6,50.5789,15.0000
1445.727,1578.359,70.5127,35.579,35.579,0,6,50.5789,15.0000
1445.927,1578.560,70.5078,35.579,35.579,0,6,50.5789,15.0000
1446.127,1578.760,70.5130,35.579,35.579,0,6,50.5789,15.0000
1446.327,1578.961,70.5088,35.579,35.579,0,6,50.5789,15.0000
1446.527,1579.159,70.5107,35.579,35.579,0,6,50.5789,15.0000
1446.727,1579.359,70.5005,35.579,35.579,0,6,50.5789,15.0000
1446.927,1579.559,70.5068,35.579,35.579,0,6,50.5789,15.0000
1447.127,1579.760,70.5028,35.579,35.579,0,6,50.5789,15.0000
1447.327,1579.960,70.4917,35.579,35.579,0,6,50.5789,15.0000
1447.527,1580.159,70.4945,35.579,35.579,0,6,50.5789,15.0000
1447.727,1580.359,70.4964,35.579,35.579,0,6,50.5789,15.0000
1447.927,1580.558,70.5000,35.579,35.579,0,6,50.5789,15.0000
1448.127,1580.760,70.4974,35.579,35.579,0,6,50.5789,15.0000
1448.327,1580.960,70.4770,35.579,35.579,0,6,50.5789,15.0000
1448.527,1581.158,70.4839,35.579,35.579,0,6,50.5789,15.0000
1448.727,1581.357,70.4769,35.579,35.579,0,6,50.5789,15.0000
1448.927,1581.559,70.4831,35.579,35.579,0,6,50.5789,15.0000
1449.126,1581.758,70.4881,35.579,35.579,0,6,50.5789,15.0000
1449.327,1581.959,70.4780,35.579,35.579,0,6,50.5789,15.0000
1449.527,1582.158,70.4697,35.579,35.579,0,6,50.5789,15.0000
1449.727,1582.357,70.4712,35.579,35.579,0,6,50.5789,15.0000
1449.927,1582.558,70.4697,35.579,35.579,0,6,50.5789,15.0000
1450.126,1582.758,70.4697,35.579,35.579,0,6,50.5789,15.0000
1450.327,1582.958,70.4686,35.579,35.579,0,6,50.5789,15.0000
1450.527,1583.157,70.4652,35.579,35.579,0,6,50.5789,15.0000
1450.727,1583.357,70.4562,35.579,35.579,0,6,50.5789,15.0000
1450.927,1583.557,70.4541,35.579,35.579,0,6,50.5789,15.0000
1451.126,1583.758,70.4528,35.579,35.579,0,6,50.5789,15.0000
1451.326,1583.958,70.4476,35.579,35.579,0,6,50.5789,15.0000
1451.527,1584.156,70.4448,35.579,35.579,0,6,50.5789,15.0000
1451.727,1584.356,70.4416,35.579,35.579,0,6,50.5789,15.0000
1451.927,1584.557,70.4297,35.579,35.579,0,6,50.5789,15.0000
1452.127,1584.758,70.4365,35.579,35.579,0,6,50.5789,15.0000
1452.327,1584.956,70.4238,35.579,35.579,0,6,50.5789,15.0000
1452.527,1585.156,70.4287,35.579,35.579,0,6,50.5789,15.0000
1452.727,1585.355,70.4224,35.579,35.579,0,6,50.5789,15.0000
1452.927,1585.556,70.4202,35.579,35.579,0,6,50.5789,15.0000
1453.127,1585.758,70.4167,35.579,35.579,0,6,50.5789,15.0000
1453.326,1585.955,70.4128,35.579,35.579,0,6,50.5789,15.0000
1453.527,1586.154,70.4076,35.579,35.579,0,6,50.5789,15.0000
1453.727,1586.355,70.4053,35.579,35.579,0,6,50.5789,15.0000
1453.927,1586.555,70.3968,35.579,35.579,0,6,50.5789,15.0000
1454.127,1586.756,70.3895,35.579,35.579,0,6,50.5789,15.0000
1454.326,1586.954,70.3952,35.579,35.579,0,6,50.5789,15.0000
1454.526,1587.155,70.3804,35.579,35.579,0,6,50.5789,15.0000
1454.727,1587.354,70.3727,35.579,35.579,0,6,50.5789,15.0000
1454.927,1587.555,70.3704,35.579,35.579,0,6,50.5789,15.0000
1455.127,1587.754,70.3647,35.579,35.579,0,6,50.5789,15.0000
1455.327,1587.954,70.3686,35.579,35.579,0,6,50.5789,15.0000
1455.527,1588.154,70.3597,35.579,35.579,0,6,50.5789,15.0000
1455.727,1588.354,70.3545,35.579,35.579,0,6,50.5789,15.0000
1455.927,1588.555,70.3465,35.579,35.579,0,6,50.5789,15.0000
1456.127,1588.754,70.3410,35.579,35.579,0,6,50.5789,15.0000
1456.327,1588.954,70.3394,35.579,35.579,0,6,50.5789,15.0000
1456.527,1589.153,70.3304,35.579,35.579,0,6,50.5789,15.0000
1456.727,1589.353,70.3315,35.579,35.579,0,6,50.5789,15.0000
1456.927,1589.555,70.3301,35.579,35.579,0,6,50.5789,15.0000
1457.127,1589.754,70.3169,35.579,35.579,0,6,50.5789,15.0000
1457.327,1589.953,70.3172,35.579,35.579,0,6,50.5789,15.0000
1457.527,1590.153,70.3132,35.579,35.579,0,6,50.5789,15.0000
1457.727,1590.352,70.3086,35.579,35.579,0,6,50.5789,15.0000
1457.927,1590.553,70.3037,35.579,35.579,0,6,50.5789,15.0000
1458.127,1590.753,70.2931,35.579,35.579,0,6,50.5789,15.0000
1458.327,1590.952,70.2923,35.579,35.579,0,6,50.5789,15.0000
1458.527,1591.152,70.2905,35.579,35.579,0,6,50.5789,15.0000
1458.726,1591.352,70.2832,35.579,35.579,0,6,50.5789,15.0000
1458.927,1591.553,70.2773,35.579,35.579,0,6,50.5789,15.0000
1459.127,1591.753,70.2791,35.579,35.579,0,6,50.5789,15.0000
1459.327,1591.951,70.2679,35.579,35.579,0,6,50.5789,15.0000
1459.527,1592.150,70.2672,35.579,35.579,0,6,50.5789,15.0000
1459.726,1592.352,70.2549,35.579,35.579,0,6,50.5789,15.0000
1459.926,1592.551,70.2557,35.579,35.579,0,6,50.5789,15.0000
1460.127,1592.752,70.2560,35.579,35.579,0,6,50.5789,15.0000
1460.326,1592.951,70.2480,35.579,35.579,0,6,50.5789,15.0000
1460.527,1593.150,70.2440,35.579,35.579,0,6,50.5789,15.0000
1460.727,1593.350,70.2466,35.579,35.579,0,6,50.5789,15.0000
1460.926,1593.551,70.2202,35.579,35.579,0,6,50.5789,15.0000
1461.127,1593.751,70.2305,35.579,35.579,0,6,50.5789,15.0000
1461.327,1593.950,70.2295,35.579,35.579,0,6,50.5789,15.0000
1461.527,1594.150,70.2176,35.579,35.579,0,6,50.5789,15.0000
1461.727,1594.350,70.2207,35.579,35.579,0,6,50.5789,15.0000
1461.927,1594.551,70.2246,35.579,35.579,0,6,50.5789,15.0000
1462.127,1594.751,70.2145,35.579,35.579,0,6,50.5789,15.0000
1462.327,1594.949,70.2012,35.579,35.579,0,6,50.5789,15.0000
1462.527,1595.148,70.2028,35.579,35.579,0,6,50.5789,15.0000
1462.727,1595.350,70.2020,35.579,35.579,0,6,50.5789,15.0000
1462.927,1595.551,70.1880,35.579,35.579,0,6,50.5789,15.0000
1463.127,1595.750,70.1886,35.579,35.579,0,6,50.5789,15.0000
1463.327,1595.949,70.1847,35.579,35.579,0,6,50.5789,15.0000
1463.527,1596.148,70.1792,35.579,35.579,0,6,50.5789,15.0000
1463.727,1596.350,70.1763,35.579,35.579,0,6,50.5789,15.0000
1463.927,1596.551,70.1709,35.579,35.579,0,6,50.5789,15.0000
1464.127,1596.749,70.1712,35.579,35.579,0,6,50.5789,15.0000
1464.327,1596.948,70.1579,35.579,35.579,0,6,50.5789,15.0000
1464.527,1597.148,70.1610,35.579,35.579,0,6,50.5789,15.0000
1464.727,1597.348,70.1523,35.579,35.579,0,6,50.5789,15.0000
1464.927,1597.549,70.1465,35.579,35.579,0,6,50.5789,15.0000
1465.127,1597.747,70.1333,35.579,35.579,0,6,50.5789,15.0000
1465.327,1597.947,70.1382,35.579,35.579,0,6,50.5789,15.0000
1465.527,1598.146,70.1269,35.579,35.579,0,6,50.5789,15.0000
1465.727,1598.348,70.1294,35.579,35.579,0,6,50.5789,15.0000
1465.927,1598.549,70.1245,35.579,35.579,0,6,50.5789,15.0000
1466.127,1598.747,70.1108,35.579,35.579,0,6,50.5789,15.0000
1466.327,1598.947,70.1050,35.579,35.579,0,6,50.5789,15.0000
1466.527,1599.146,70.0957,35.579,35.579,0,6,50.5789,15.0000
1466.726,1599.348,70.0976,35.579,35.579,0,6,50.5789,15.0000
1466.926,1599.549,70.0965,35.579,35.579,0,6,50.5789,15.0000
1467.127,1599.745,70.0981,35.579,35.579,0,6,50.5789,15.0000
1467.327,1599.946,70.0864,35.579,35.579,0,6,50.5789,15.0000
1467.527,1600.146,70.0815,35.579,35.579,0,6,50.5789,15.0000
1467.726,1600.346,70.0692,35.579,35.579,0,6,50.5789,15.0000
1467.926,1600.547,70.0762,35.579,35.579,0,6,50.5789,15.0000
1468.127,1600.746,70.0688,35.579,35.579,0,6,50.5789,15.0000
1468.327,1600.946,70.0680,35.579,35.579,0,6,50.5789,15.0000
1468.526,1601.144,70.0600,35.579,35.579,0,6,50.5789,15.0000
1468.727,1601.346,70.0519,35.579,35.579,0,6,50.5789,15.0000
1468.927,1601.546,70.0503,35.579,35.579,0,6,50.5789,15.0000
1469.126,1601.745,70.0412,35.579,35.579,0,6,50.5789,15.0000
1469.327,1601.945,70.0347,35.579,35.579,0,6,50.5789,15.0000
1469.527,1602.144,70.0327,35.579,35.579,0,6,50.5789,15.0000
1469.727,1602.346,70.0389,35.579,35.579,0,6,50.5789,15.0000
1469.927,1602.546,70.0230,35.579,35.579,0,6,50.5789,15.0000
1470.127,1602.744,70.0242,35.579,35.579,0,6,50.5789,15.0000
1470.327,1602.944,70.0200,35.579,35.579,0,6,50.5789,15.0000
1470.527,1603.144,70.0099,35.579,35.579,0,6,50.5789,15.0000
1470.727,1603.344,70.0168,35.579,35.579,0,6,50.5789,15.0000
1470.927,1603.545,70.0020,35.579,35.579,0,6,50.5789,15.0000
1471.127,1603.744,70.0065,35.579,35.579,0,6,50.5789,15.0000
1471.326,1603.944,69.9938,35.579,35.579,0,6,50.5789,15.0000
1471.527,1604.143,69.9868,35.579,35.579,0,6,50.5789,15.0000
1471.727,1604.344,69.9798,35.579,35.579,0,6,50.5789,15.0000
1471.927,1604.544,69.9785,35.579,35.579,0,6,50.5789,15.0000
1472.127,1604.743,69.9795,35.579,35.579,0,6,50.5789,15.0000
1472.327,1604.943,69.9749,35.579,35.579,0,6,50.5789,15.0000
1472.527,1605.143,69.9684,35.579,35.579,0,6,50.5789,15.0000
1472.727,1605.344,69.9570,35.579,35.579,0,6,50.5789,15.0000
1472.927,1605.544,69.9613,35.579,35.579,0,6,50.5789,15.0000
1473.127,1605.743,69.9502,35.579,35.579,0,6,50.5789,15.0000
1473.327,1605.941,69.9499,35.579,35.579,0,6,50.5789,15.0000
1473.527,1606.142,69.9453,35.579,35.579,0,6,50.5789,15.0000
1473.727,1606.342,69.9385,35.579,35.579,0,6,50.5789,15.0000
1473.927,1606.543,69.9339,35.579,35.579,0,6,50.5789,15.0000
1474.127,1606.742,69.9228,35.579,35.579,0,6,50.5789,15.0000
1474.327,1606.941,69.9194,35.579,35.579,0,6,50.5789,15.0000
1474.527,1607.142,69.9128,35.579,35.579,0,6,50.5789,15.0000
1474.727,1607.342,69.9098,35.579,35.579,0,6,50.5789,15.0000
1474.927,1607.542,69.9009,35.579,35.579,0,6,50.5789,15.0000
1475.127,1607.741,69.8966,35.579,35.579,0,6,50.5789,15.0000
1475.327,1607.941,69.8978,35.579,35.579,0,6,50.5789,15.0000
1475.527,1608.141,69.8882,35.579,35.579,0,6,50.5789,15.0000
1475.727,1608.342,69.8892,35.579,35.579,0,6,50.5789,15.0000
1475.927,1608.541,69.8823,35.579,35.579,0,6,50.5789,15.0000
1476.127,1608.741,69.8698,35.579,35.579,0,6,50.5789,15.0000
1476.327,1608.940,69.8729,35.579,35.579,0,6,50.5789,15.0000
1476.527,1609.140,69.8642,35.579,35.579,0,6,50.5789,15.0000
1476.727,1609.342,69.8586,35.579,35.579,0,6,50.5789,15.0000
1476.927,1609.540,69.8525,35.579,35.579,0,6,50.5789,15.0000
1477.127,1609.740,69.8442,35.579,35.579,0,6,50.5789,15.0000
1477.327,1609.940,69.8389,35.579,35.579,0,6,50.5789,15.0000
1477.526,1610.140,69.8333,35.579,35.579,0,6,50.5789,15.0000
1477.727,1610.342,69.8379,35.579,35.579,0,6,50.5789,15.0000
1477.927,1610.539,69.8346,35.579,35.579,0,6,50.5789,15.0000
1478.126,1610.739,69.8174,35.579,35.579,0,6,50.5789,15.0000
1478.327,1610.939,69.8117,35.579,35.579,0,6,50.5789,15.0000
1478.527,1611.139,69.8065,35.579,35.579,0,6,50.5789,15.0000
1478.727,1611.340,69.8138,35.579,35.579,0,6,50.5789,15.0000
1478.926,1611.538,69.7966,35.579,35.579,0,6,50.5789,15.0000
1479.127,1611.738,69.8008,35.579,35.579,0,6,50.5789,15.0000
1479.327,1611.938,69.7952,35.579,35.579,0,6,50.5789,15.0000
1479.527,1612.139,69.7946,35.579,35.579,0,6,50.5789,15.0000
1479.727,1612.338,69.7826,35.579,35.579,0,6,50.5789,15.0000
1479.927,1612.538,69.7686,35.579,35.579,0,6,50.5789,15.0000
1480.127,1612.738,69.7812,35.579,35.579,0,6,50.5789,15.0000
1480.327,1612.938,69.7698,35.579,35.579,0,6,50.5789,15.0000
1480.527,1613.138,69.7646,35.579,35.579,0,6,50.5789,15.0000
1480.727,1613.338,69.7646,35.579,35.579,0,6,50.5789,15.0000
1480.927,1613.537,69.7695,35.579,35.579,0,6,50.5789,15.0000
1481.127,1613.737,69.7539,35.579,35.579,0,6,50.5789,15.0000
1481.326,1613.937,69.7430,35.579,0.000,1,7,49.2843,15.0000
1481.527,1614.141,69.7505,0.000,0.000,1,7,49.2843,15.0000
1481.727,1614.338,69.7432,0.000,0.000,1,7,49.2843,15.0000
1481.927,1614.537,69.7375,0.000,0.000,1,7,49.2843,15.0000
1482.127,1614.737,69.7425,0.000,0.000,1,7,49.2843,15.0000
1482.326,1614.936,69.7298,0.000,0.000,1,7,49.2843,15.0000
1482.527,1615.137,69.7288,0.000,0.000,1,7,49.2843,15.0000
1482.726,1615.336,69.7256,0.000,0.000,1,7,49.2843,15.0000
1482.927,1615.535,69.7241,0.000,0.000,1,7,49.2843,15.0000
1483.127,1615.736,69.7204,0.000,0.000,1,7,49.2843,15.0000
1483.326,1615.936,69.7135,0.000,0.000,1,7,49.2843,15.0000
1483.527,1616.137,69.7044,0.000,0.000,1,7,49.2843,15.0000
1483.727,1616.336,69.7082,0.000,0.000,1,7,49.2843,15.0000
1483.927,1616.535,69.7072,0.000,0.000,1,7,49.2843,15.0000
1484.127,1616.734,69.7031,0.000,0.000,1,7,49.2843,15.0000
1484.327,1616.935,69.7017,0.000,0.000,1,7,49.2843,15.0000
1484.526,1617.135,69.7036,0.000,0.000,1,7,49.2843,15.0000
1484.727,1617.336,69.6995,0.000,0.000,1,7,49.2843,15.0000
1484.927,1617.535,69.6940,0.000,0.000,1,7,49.2843,15.0000
1485.127,1617.734,69.6857,0.000,0.000,1,7,49.2843,15.0000
1485.327,1617.934,69.6846,0.000,0.000,1,7,49.2843,15.0000
1485.527,1618.135,69.6816,0.000,0.000,1,7,49.2843,15.0000
1485.727,1618.335,69.6779,0.000,0.000,1,7,49.2843,15.0000
1485.926,1618.534,69.6797,0.000,0.000,1,7,49.2843,15.0000
1486.127,1618.734,69.6704,0.000,0.000,1,7,49.2843,15.0000
1486.327,1618.934,69.6663,0.000,0.000,1,7,49.2843,15.0000
1486.527,1619.135,69.6606,0.000,0.000,1,7,49.2843,15.0000
1486.727,1619.334,69.6619,0.000,0.000,1,7,49.2843,15.0000
1486.927,1619.534,69.6577,0.000,0.000,1,7,49.2843,15.0000
1487.127,1619.732,69.6515,0.000,0.000,1,7,49.2843,15.0000
1487.327,1619.934,69.6517,0.000,0.000,1,7,49.2843,15.0000
1487.527,1620.133,69.6413,0.000,0.000,1,7,49.2843,15.0000
1487.727,1620.334,69.6340,0.000,0.000,1,7,49.2843,15.0000
1487.927,1620.533,69.6401,0.000,0.000,1,7,49.2843,15.0000
1488.127,1620.732,69.6252,0.000,0.000,1,7,49.2843,15.0000
1488.327,1620.934,69.6208,0.000,0.000,1,7,49.2843,15.0000
1488.527,1621.133,69.6237,0.000,0.000,1,7,49.2843,15.0000
1488.727,1621.333,69.6138,0.000,0.000,1,7,49.2843,15.0000
1488.927,1621.532,69.6040,0.000,0.000,1,7,49.2843,15.0000
1489.127,1621.732,69.6090,0.000,0.000,1,7,49.2843,15.0000
1489.327,1621.932,69.6074,0.000,0.000,1,7,49.2843,15.0000
1489.527,1622.133,69.5952,0.000,0.000,1,7,49.2843,15.0000
1489.727,1622.333,69.5923,0.000,0.000,1,7,49.2843,15.0000
1489.927,1622.532,69.5833,0.000,0.000,1,7,49.2843,15.0000
1490.127,1622.730,69.5732,0.000,0.000,1,7,49.2843,15.0000
1490.327,1622.932,69.5721,0.000,0.000,1,7,49.2843,15.0000
1490.526,1623.133,69.5658,0.000,0.000,1,7,49.2843,15.0000
1490.726,1623.331,69.5627,0.000,0.000,1,7,49.2843,15.0000
1490.927,1623.532,69.5654,0.000,0.000,1,7,49.2843,15.0000
1491.127,1623.730,69.5571,0.000,0.000,1,7,49.2843,15.0000
1491.327,1623.932,69.5542,0.000,0.000,1,7,49.2843,15.0000
1491.527,1624.133,69.5454,0.000,0.000,1,7,49.2843,15.0000
1491.727,1624.330,69.5365,0.000,0.000,1,7,49.2843,15.0000
1491.927,1624.530,69.5366,0.000,0.000,1,7,49.2843,15.0000
1492.127,1624.730,69.5350,0.000,0.000,1,7,49.2843,15.0000
1492.327,1624.930,69.5330,0.000,0.000,1,7,49.2843,15.0000
1492.527,1625.131,69.5215,0.000,0.000,1,7,49.2843,15.0000
1492.726,1625.330,69.5181,0.000,0.000,1,7,49.2843,15.0000
1492.926,1625.530,69.5142,0.000,0.000,1,7,49.2843,15.0000
1493.127,1625.728,69.5058,0.000,0.000,1,7,49.2843,15.0000
1493.327,1625.930,69.5002,0.000,0.000,1,7,49.2843,15.0000
1493.527,1626.130,69.4953,0.000,0.000,1,7,49.2843,15.0000
1493.727,1626.329,69.4892,0.000,0.000,1,7,49.2843,15.0000
1493.927,1626.529,69.4814,0.000,0.000,1,7,49.2843,15.0000
1494.127,1626.728,69.4740,0.000,0.000,1,7,49.2843,15.0000
1494.327,1626.930,69.4694,0.000,0.000,1,7,49.2843,15.0000
1494.527,1627.130,69.4681,0.000,0.000,1,7,49.2843,15.0000
1494.727,1627.328,69.4606,0.000,0.000,1,7,49.2843,15.0000
1494.927,1627.528,69.4561,0.000,0.000,1,7,49.2843,15.0000
1495.127,1627.728,69.4448,0.000,0.000,1,7,49.2843,15.0000
1495.327,1627.928,69.4360,0.000,0.000,1,7,49.2843,15.0000
1495.527,1628.129,69.4365,0.000,0.000,1,7,49.2843,15.0000
1495.727,1628.328,69.4237,0.000,0.000,1,7,49.2843,15.0000
1495.926,1628.528,69.4141,0.000,0.000,1,7,49.2843,15.0000
1496.127,1628.726,69.4134,0.000,0.000,1,7,49.2843,15.0000
1496.327,1628.928,69.4049,0.000,0.000,1,7,49.2843,15.0000
1496.526,1629.128,69.3937,0.000,0.000,1,7,49.2843,15.0000
1496.727,1629.327,69.3867,0.000,0.000,1,7,49.2843,15.0000
1496.926,1629.527,69.3867,0.000,0.000,1,7,49.2843,15.0000
1497.126,1629.726,69.3852,0.000,0.000,1,7,49.2843,15.0000
1497.327,1629.928,69.3740,0.000,0.000,1,7,49.2843,15.0000
1497.527,1630.128,69.3644,0.000,0.000,1,7,49.2843,15.0000
1497.727,1630.326,69.3498,0.000,0.000,1,7,49.2843,15.0000
1497.927,1630.525,69.3491,0.000,0.000,1,7,49.2843,15.0000
1498.126,1630.726,69.3403,0.000,0.000,1,7,49.2843,15.0000
1498.326,1630.926,69.3275,0.000,0.000,1,7,49.2843,15.0000
1498.527,1631.127,69.3257,0.000,0.000,1,7,49.2843,15.0000
1498.727,1631.326,69.3132,0.000,0.000,1,7,49.2843,15.0000
1498.927,1631.525,69.3115,0.000,0.000,1,7,49.2843,15.0000
1499.127,1631.725,69.3061,0.000,0.000,1,7,49.2843,15.0000
1499.327,1631.926,69.2974,0.000,0.000,1,7,49.2843,15.0000
1499.526,1632.126,69.2915,0.000,0.000,1,7,49.2843,15.0000
1499.727,1632.325,69.2848,0.000,0.000,1,7,49.2843,15.0000
1499.927,1632.525,69.2790,0.000,0.000,1,7,49.2843,15.0000
1500.127,1632.725,69.2734,0.000,0.000,1,7,49.2843,15.0000
1500.327,1632.926,69.2640,0.000,0.000,1,7,49.2843,15.0000
1500.527,1633.126,69.2573,0.000,0.000,1,7,49.2843,15.0000
1500.727,1633.325,69.2489,0.000,0.000,1,7,49.2843,15.0000
1500.927,1633.524,69.2386,0.000,0.000,1,7,49.2843,15.0000
1501.127,1633.724,69.2324,0.000,0.000,1,7,49.2843,15.0000
1501.327,1633.926,69.2230,0.000,0.000,1,7,49.2843,15.0000
1501.526,1634.125,69.2148,0.000,0.000,1,7,49.2843,15.0000
1501.727,1634.324,69.2078,0.000,0.000,1,7,49.2843,15.0000
1501.927,1634.523,69.1982,0.000,0.000,1,7,49.2843,15.0000
1502.127,1634.724,69.1963,0.000,0.000,1,7,49.2843,15.0000
1502.327,1634.926,69.1782,0.000,0.000,1,7,49.2843,15.0000
1502.526,1635.124,69.1782,0.000,0.000,1,7,49.2843,15.0000
1502.727,1635.323,69.1637,0.000,0.000,1,7,49.2843,15.0000
1502.927,1635.523,69.1514,0.000,0.000,1,7,49.2843,15.0000
1503.126,1635.723,69.1494,0.000,0.000,1,7,49.2843,15.0000
1503.327,1635.924,69.1375,0.000,0.000,1,7,49.2843,15.0000
1503.527,1636.122,69.1214,0.000,0.000,1,7,49.2843,15.0000
1503.727,1636.322,69.1160,0.000,0.000,1,7,49.2843,15.0000
1503.927,1636.522,69.1043,0.000,0.000,1,7,49.2843,15.0000
1504.127,1636.723,69.0934,0.000,0.000,1,7,49.2843,15.0000
1504.327,1636.924,69.0820,0.000,0.000,1,7,49.2843,15.0000
1504.527,1637.122,69.0654,0.000,0.000,1,7,49.2843,15.0000
1504.727,1637.322,69.0614,0.000,0.000,1,7,49.2843,15.0000
1504.927,1637.522,69.0493,0.000,0.000,1,7,49.2843,15.0000
1505.127,1637.722,69.0379,0.000,0.000,1,7,49.2843,15.0000
1505.327,1637.924,69.0350,0.000,0.000,1,7,49.2843,15.0000
1505.527,1638.121,69.0288,0.000,0.000,1,7,49.2843,15.0000
1505.727,1638.321,69.0099,0.000,0.000,1,7,49.2843,15.0000
1505.927,1638.521,68.9971,0.000,0.000,1,7,49.2843,15.0000
1506.127,1638.721,68.9866,0.000,0.000,1,7,49.2843,15.0000
1506.327,1638.922,68.9784,0.000,0.000,1,7,49.2843,15.0000
1506.527,1639.120,68.9658,0.000,0.000,1,7,49.2843,15.0000
1506.727,1639.320,68.9569,0.000,0.000,1,7,49.2843,15.0000
1506.926,1639.520,68.9451,0.000,0.000,1,7,49.2843,15.0000
1507.127,1639.721,68.9277,0.000,0.000,1,7,49.2843,15.0000
1507.327,1639.920,68.9209,0.000,0.000,1,7,49.2843,15.0000
1507.527,1640.120,68.9061,0.000,0.000,1,7,49.2843,15.0000
1507.727,1640.320,68.8950,0.000,0.000,1,7,49.2843,15.0000
1507.927,1640.520,68.8828,0.000,0.000,1,7,49.2843,15.0000
1508.127,1640.721,68.8657,0.000,0.000,1,7,49.2843,15.0000
1508.327,1640.919,68.8491,0.000,0.000,1,7,49.2843,15.0000
1508.527,1641.120,68.8397,0.000,0.000,1,7,49.2843,15.0000
1508.727,1641.319,68.8265,0.000,0.000,1,7,49.2843,15.0000
1508.927,1641.519,68.8143,0.000,0.000,1,7,49.2843,15.0000
1509.127,1641.719,68.7969,0.000,0.000,1,7,49.2843,15.0000
1509.327,1641.920,68.7899,0.000,0.000,1,7,49.2843,15.0000
1509.527,1642.119,68.7739,0.000,0.000,1,7,49.2843,15.0000
1509.727,1642.319,68.7606,0.000,0.000,1,7,49.2843,15.0000
1509.927,1642.518,68.7552,0.000,0.000,1,7,49.2843,15.0000
1510.127,1642.719,68.7347,0.000,0.000,1,7,49.2843,15.0000
1510.327,1642.919,68.7253,0.000,0.000,1,7,49.2843,15.0000
1510.526,1643.118,68.7109,0.000,0.000,1,7,49.2843,15.0000
1510.727,1643.318,68.7070,0.000,0.000,1,7,49.2843,15.0000
1510.926,1643.518,68.6914,0.000,0.000,1,7,49.2843,15.0000
1511.126,1643.719,68.6724,0.000,0.000,1,7,49.2843,15.0000
1511.326,1643.919,68.6637,0.000,0.000,1,7,49.2843,15.0000
1511.527,1644.117,68.6431,0.000,0.000,1,7,49.2843,15.0000
1511.727,1644.316,68.6370,0.000,0.000,1,7,49.2843,15.0000
1511.927,1644.518,68.6190,0.000,0.000,1,7,49.2843,15.0000
1512.127,1644.717,68.6040,0.000,0.000,1,7,49.2843,15.0000
1512.327,1644.918,68.5972,0.000,0.000,1,7,49.2843,15.0000
1512.526,1645.117,68.5672,0.000,0.000,1,7,49.2843,15.0000
1512.727,1645.316,68.5654,0.000,0.000,1,7,49.2843,15.0000
1512.926,1645.518,68.5505,0.000,0.000,1,7,49.2843,15.0000
1513.127,1645.717,68.5384,0.000,0.000,1,7,49.2843,15.0000
1513.327,1645.917,68.5259,0.000,0.000,1,7,49.2843,15.0000
1513.526,1646.116,68.5088,0.000,0.000,1,7,49.2843,15.0000
1513.727,1646.316,68.4958,0.000,0.000,1,7,49.2843,15.0000
1513.927,1646.516,68.4792,0.000,0.000,1,7,49.2843,15.0000
1514.127,1646.717,68.4715,0.000,0.000,1,7,49.2843,15.0000
1514.327,1646.916,68.4541,0.000,0.000,1,7,49.2843,15.0000
1514.526,1647.116,68.4435,0.000,0.000,1,7,49.2843,15.0000
1514.726,1647.314,68.4331,0.000,0.000,1,7,49.2843,15.0000
1514.927,1647.516,68.4158,0.000,0.000,1,7,49.2843,15.0000
1515.127,1647.717,68.4067,0.000,0.000,1,7,49.2843,15.0000
1515.327,1647.915,68.3844,0.000,0.000,1,7,49.2843,15.0000
1515.527,1648.115,68.3706,0.000,0.000,1,7,49.2843,15.0000
1515.727,1648.314,68.3560,0.000,0.000,1,7,49.2843,15.0000
1515.927,1648.516,68.3330,0.000,0.000,1,7,49.2843,15.0000
1516.127,1648.717,68.3203,0.000,0.000,1,7,49.2843,15.0000
1516.327,1648.914,68.3071,0.000,0.000,1,7,49.2843,15.0000
1516.527,1649.114,68.2876,0.000,0.000,1,7,49.2843,15.0000
1516.727,1649.314,68.2861,0.000,0.000,1,7,49.2843,15.0000
1516.927,1649.514,68.2703,0.000,0.000,1,7,49.2843,15.0000
1517.126,1649.715,68.2541,0.000,0.000,1,7,49.2843,15.0000
1517.326,1649.913,68.2412,0.000,0.000,1,7,49.2843,15.0000
1517.527,1650.113,68.2277,0.000,0.000,1,7,49.2843,15.0000
1517.727,1650.314,68.2103,0.000,0.000,1,7,49.2843,15.0000
1517.926,1650.514,68.2002,0.000,0.000,1,7,49.2843,15.0000
1518.127,1650.714,68.1888,0.000,0.000,1,7,49.2843,15.0000
1518.327,1650.913,68.1738,0.000,0.000,1,7,49.2843,15.0000
1518.527,1651.113,68.1660,0.000,0.000,1,7,49.2843,15.0000
1518.727,1651.312,68.1393,0.000,0.000,1,7,49.2843,15.0000
1518.927,1651.514,68.1308,0.000,0.000,1,7,49.2843,15.0000
1519.127,1651.714,68.1138,0.000,0.000,1,7,49.2843,15.0000
1519.327,1651.912,68.0934,0.000,0.000,1,7,49.2843,15.0000
1519.527,1652.112,68.0784,0.000,0.000,1,7,49.2843,15.0000
1519.726,1652.312,68.0664,0.000,0.000,1,7,49.2843,15.0000
1519.927,1652.512,68.0534,0.000,0.000,1,7,49.2843,15.0000
1520.127,1652.713,68.0337,0.000,0.000,1,7,49.2843,15.0000
1520.327,1652.912,68.0223,0.000,0.000,1,7,49.2843,15.0000
1520.527,1653.112,68.0029,0.000,0.000,1,7,49.2843,15.0000
1520.727,1653.310,67.9844,0.000,0.000,1,7,49.2843,15.0000
1520.927,1653.512,67.9756,0.000,0.000,1,7,49.2843,15.0000
1521.127,1653.712,67.9562,0.000,0.000,1,7,49.2843,15.0000
1521.327,1653.911,67.9406,0.000,0.000,1,7,49.2843,15.0000
1521.527,1654.111,67.9258,0.000,0.000,1,7,49.2843,15.0000
1521.727,1654.310,67.9150,0.000,0.000,1,7,49.2843,15.0000
1521.927,1654.512,67.8921,0.000,0.000,1,7,49.2843,15.0000
1522.127,1654.712,67.8818,0.000,0.000,1,7,49.2843,15.0000
1522.327,1654.911,67.8555,0.000,0.000,1,7,49.2843,15.0000
1522.527,1655.109,67.8418,0.000,0.000,1,7,49.2843,15.0000
1522.727,1655.310,67.8267,0.000,0.000,1,7,49.2843,15.0000
1522.927,1655.510,67.7995,0.000,0.000,1,7,49.2843,15.0000
1523.127,1655.711,67.7821,0.000,0.000,1,7,49.2843,15.0000
1523.327,1655.910,67.7720,0.000,0.000,1,7,49.2843,15.0000
1523.527,1656.109,67.7601,0.000,0.000,1,7,49.2843,15.0000
1523.727,1656.309,67.7409,0.000,0.000,1,7,49.2843,15.0000
1523.927,1656.510,67.7243,0.000,0.000,1,7,49.2843,15.0000
1524.127,1656.710,67.7049,0.000,0.000,1,7,49.2843,15.0000
1524.326,1656.909,67.6873,0.000,0.000,1,7,49.2843,15.0000
1524.526,1657.109,67.6689,0.000,0.000,1,7,49.2843,15.0000
1524.727,1657.309,67.6551,0.000,0.000,1,7,49.2843,15.0000
1524.927,1657.510,67.6379,0.000,0.000,1,7,49.2843,15.0000
1525.127,1657.710,67.6245,0.000,0.000,1,7,49.2843,15.0000
1525.326,1657.908,67.5894,0.000,0.000,1,7,49.2843,15.0000
1525.526,1658.107,67.5656,0.000,0.000,1,7,49.2843,15.0000
1525.727,1658.309,67.5495,0.000,0.000,1,7,49.2843,15.0000
1525.927,1658.508,67.5404,0.000,0.000,1,7,49.2843,15.0000
1526.127,1658.709,67.5114,0.000,0.000,1,7,49.2843,15.0000
1526.327,1658.908,67.5049,0.000,0.000,1,7,49.2843,15.0000
1526.527,1659.106,67.4845,0.000,0.000,1,7,49.2843,15.0000
1526.727,1659.308,67.4714,0.000,0.000,1,7,49.2843,15.0000
1526.927,1659.508,67.4456,0.000,0.000,1,7,49.2843,15.0000
1527.127,1659.708,67.4281,0.000,0.000,1,7,49.2843,15.0000
1527.327,1659.907,67.4051,0.000,0.000,1,7,49.2843,15.0000
1527.526,1660.107,67.3869,0.000,0.000,1,7,49.2843,15.0000
1527.727,1660.307,67.3662,0.000,0.000,1,7,49.2843,15.0000
1527.926,1660.508,67.3535,0.000,0.000,1,7,49.2843,15.0000
1528.127,1660.707,67.3291,0.000,0.000,1,7,49.2843,15.0000
1528.327,1660.907,67.3102,0.000,0.000,1,7,49.2843,15.0000
1528.527,1661.106,67.2943,0.000,0.000,1,7,49.2843,15.0000
1528.726,1661.306,67.2770,0.000,0.000,1,7,49.2843,15.0000
1528.927,1661.508,67.2568,0.000,0.000,1,7,49.2843,15.0000
1529.126,1661.706,67.2425,0.000,0.000,1,7,49.2843,15.0000
1529.327,1661.906,67.2212,0.000,0.000,1,7,49.2843,15.0000
1529.527,1662.106,67.2046,0.000,0.000,1,7,49.2843,15.0000
1529.727,1662.306,67.1839,0.000,0.000,1,7,49.2843,15.0000
1529.927,1662.508,67.1670,0.000,0.000,1,7,49.2843,15.0000
1530.126,1662.706,67.1517,0.000,0.000,1,7,49.2843,15.0000
1530.327,1662.905,67.1377,0.000,0.000,1,7,49.2843,15.0000
1530.527,1663.105,67.1239,0.000,0.000,1,7,49.2843,15.0000
1530.726,1663.305,67.0996,0.000,0.000,1,7,49.2843,15.0000
1530.927,1663.508,67.0760,0.000,0.000,1,7,49.2843,15.0000
1531.126,1663.705,67.0505,0.000,0.000,1,7,49.2843,15.0000
1531.326,1663.905,67.0334,0.000,0.000,1,7,49.2843,15.0000
1531.527,1664.104,67.0181,0.000,0.000,1,7,49.2843,15.0000
1531.727,1664.305,66.9995,0.000,0.000,1,7,49.2843,15.0000
1531.926,1664.504,66.9819,0.000,0.000,1,7,49.2843,15.0000
1532.126,1664.704,66.9614,0.000,0.000,1,7,49.2843,15.0000
1532.327,1664.904,66.9440,0.000,0.000,1,7,49.2843,15.0000
1532.527,1665.104,66.9360,0.000,0.000,1,7,49.2843,15.0000
1532.727,1665.305,66.9043,0.000,0.000,1,7,49.2843,15.0000
1532.927,1665.504,66.9023,0.000,0.000,1,7,49.2843,15.0000
1533.127,1665.704,66.8714,0.000,0.000,1,7,49.2843,15.0000
1533.327,1665.903,66.8525,0.000,0.000,1,7,49.2843,15.0000
1533.526,1666.103,66.8354,0.000,0.000,1,7,49.2843,15.0000
1533.727,1666.303,66.8052,0.000,0.000,1,7,49.2843,15.0000
1533.927,1666.504,66.7817,0.000,0.000,1,7,49.2843,15.0000
1534.127,1666.703,66.7651,0.000,0.000,1,7,49.2843,15.0000
1534.327,1666.903,66.7464,0.000,0.000,1,7,49.2843,15.0000
1534.526,1667.102,66.7293,0.000,0.000,1,7,49.2843,15.0000
1534.727,1667.303,66.7114,0.000,0.000,1,7,49.2843,15.0000
1534.927,1667.503,66.6968,0.000,0.000,1,7,49.2843,15.0000
1535.127,1667.702,66.6756,0.000,0.000,1,7,49.2843,15.0000
1535.327,1667.902,66.6553,0.000,0.000,1,7,49.2843,15.0000
1535.527,1668.102,66.6408,0.000,0.000,1,7,49.2843,15.0000
1535.727,1668.303,66.6216,0.000,0.000,1,7,49.2843,15.0000
1535.927,1668.502,66.6014,0.000,0.000,1,7,49.2843,15.0000
1536.127,1668.702,66.5780,0.000,0.000,1,7,49.2843,15.0000
1536.327,1668.900,66.5592,0.000,0.000,1,7,49.2843,15.0000
1536.527,1669.102,66.5387,0.000,0.000,1,7,49.2843,15.0000
1536.727,1669.301,66.5122,0.000,0.000,1,7,49.2843,15.0000
1536.927,1669.502,66.4974,0.000,0.000,1,7,49.2843,15.0000
1537.127,1669.701,66.4796,0.000,0.000,1,7,49.2843,15.0000
1537.327,1669.900,66.4609,0.000,0.000,1,7,49.2843,15.0000
1537.527,1670.100,66.4453,0.000,0.000,1,7,49.2843,15.0000
1537.727,1670.301,66.4181,0.000,0.000,1,7,49.2843,15.0000
1537.927,1670.501,66.4036,0.000,0.000,1,7,49.2843,15.0000
1538.127,1670.700,66.3862,0.000,0.000,1,7,49.2843,15.0000
1538.327,1670.900,66.3543,0.000,0.000,1,7,49.2843,15.0000
1538.527,1671.100,66.3384,0.000,0.000,1,7,49.2843,15.0000
1538.726,1671.301,66.3245,0.000,0.000,1,7,49.2843,15.0000
1538.927,1671.501,66.2992,0.000,0.000,1,7,49.2843,15.0000
1539.127,1671.699,66.2783,0.000,0.000,1,7,49.2843,15.0000
1539.327,1671.898,66.2612,0.000,0.000,1,7,49.2843,15.0000
1539.527,1672.100,66.2375,0.000,0.000,1,7,49.2843,15.0000
1539.726,1672.299,66.2222,0.000,0.000,1,7,49.2843,15.0000
1539.927,1672.500,66.1981,0.000,0.000,1,7,49.2843,15.0000
1540.127,1672.699,66.1873,0.000,0.000,1,7,49.2843,15.0000
1540.327,1672.898,66.1642,0.000,0.000,1,7,49.2843,15.0000
1540.527,1673.100,66.1392,0.000,0.000,1,7,49.2843,15.0000
1540.726,1673.301,66.1291,0.000,0.000,1,7,49.2843,15.0000
1540.927,1673.499,66.1034,0.000,0.000,1,7,49.2843,15.0000
1541.127,1673.698,66.0905,0.000,0.000,1,7,49.2843,15.0000
1541.327,1673.898,66.0638,0.000,0.000,1,7,49.2843,15.0000
1541.527,1674.098,66.0438,0.000,0.000,1,7,49.2843,15.0000
1541.726,1674.299,66.0220,0.000,0.000,1,7,49.2843,15.0000
1541.927,1674.497,66.0029,0.000,0.000,1,7,49.2843,15.0000
1542.127,1674.697,65.9853,0.000,0.000,1,7,49.2843,15.0000
1542.327,1674.896,65.9678,0.000,0.000,1,7,49.2843,15.0000
1542.526,1675.098,65.9508,0.000,0.000,1,7,49.2843,15.0000
1542.727,1675.299,65.9204,0.000,0.000,1,7,49.2843,15.0000
1542.926,1675.497,65.9095,0.000,0.000,1,7,49.2843,15.0000
1543.127,1675.697,65.8877,0.000,0.000,1,7,49.2843,15.0000
1543.327,1675.896,65.8667,0.000,0.000,1,7,49.2843,15.0000
1543.527,1676.098,65.8520,0.000,0.000,1,7,49.2843,15.0000
1543.727,1676.299,65.8307,0.000,0.000,1,7,49.2843,15.0000
1543.927,1676.496,65.8066,0.000,0.000,1,7,49.2843,15.0000
1544.127,1676.696,65.7811,0.000,0.000,1,7,49.2843,15.0000
1544.327,1676.896,65.7627,0.000,0.000,1,7,49.2843,15.0000
1544.527,1677.096,65.7435,0.000,0.000,1,7,49.2843,15.0000
1544.727,1677.297,65.7231,0.000,0.000,1,7,49.2843,15.0000
1544.926,1677.495,65.7038,0.000,0.000,1,7,49.2843,15.0000
1545.127,1677.695,65.6839,0.000,0.000,1,7,49.2843,15.0000
1545.327,1677.894,65.6631,0.000,0.000,1,7,49.2843,15.0000
1545.527,1678.096,65.6398,0.000,0.000,1,7,49.2843,15.0000
1545.727,1678.296,65.6256,0.000,0.000,1,7,49.2843,15.0000
1545.927,1678.495,65.6071,0.000,0.000,1,7,49.2843,15.0000
1546.127,1678.695,65.5819,0.000,0.000,1,7,49.2843,15.0000
1546.327,1678.894,65.5610,0.000,0.000,1,7,49.2843,15.0000
1546.527,1679.096,65.5371,0.000,0.000,1,7,49.2843,15.0000
1546.727,1679.295,65.5117,0.000,0.000,1,7,49.2843,15.0000
1546.927,1679.495,65.4943,0.000,0.000,1,7,49.2843,15.0000
1547.127,1679.694,65.4730,0.000,0.000,1,7,49.2843,15.0000
1547.327,1679.894,65.4549,0.000,0.000,1,7,49.2843,15.0000
1547.527,1680.094,65.4339,0.000,0.000,1,7,49.2843,15.0000
1547.727,1680.295,65.4126,0.000,0.000,1,7,49.2843,15.0000
1547.927,1680.494,65.3940,0.000,0.000,1,7,49.2843,15.0000
1548.126,1680.694,65.3704,0.000,0.000,1,7,49.2843,15.0000
1548.327,1680.893,65.3574,0.000,0.000,1,7,49.2843,15.0000
1548.527,1681.094,65.3267,0.000,0.000,1,7,49.2843,15.0000
1548.727,1681.294,65.2983,0.000,0.000,1,7,49.2843,15.0000
1548.927,1681.493,65.2819,0.000,0.000,1,7,49.2843,15.0000
1549.127,1681.693,65.2550,0.000,0.000,1,7,49.2843,15.0000
1549.327,1681.893,65.2396,0.000,0.000,1,7,49.2843,15.0000
1549.527,1682.094,65.2114,0.000,0.000,1,7,49.2843,15.0000
1549.727,1682.294,65.1919,0.000,0.000,1,7,49.2843,15.0000
1549.927,1682.492,65.1781,0.000,0.000,1,7,49.2843,15.0000
1550.127,1682.691,65.1580,0.000,0.000,1,7,49.2843,15.0000
1550.327,1682.892,65.1364,0.000,0.000,1,7,49.2843,15.0000
1550.527,1683.092,65.1206,0.000,0.000,1,7,49.2843,15.0000
1550.727,1683.293,65.0933,0.000,0.000,1,7,49.2843,15.0000
1550.927,1683.492,65.0732,0.000,0.000,1,7,49.2843,15.0000
1551.127,1683.693,65.0495,0.000,0.000,1,7,49.2843,15.0000
1551.327,1683.891,65.0233,0.000,0.000,1,7,49.2843,15.0000
1551.527,1684.092,65.0019,0.000,0.000,1,7,49.2843,15.0000
1551.727,1684.292,64.9769,0.000,0.000,1,7,49.2843,15.0000
1551.927,1684.491,64.9621,0.000,0.000,1,7,49.2843,15.0000
1552.127,1684.691,64.9390,0.000,0.000,1,7,49.2843,15.0000
1552.327,1684.891,64.9173,0.000,0.000,1,7,49.2843,15.0000
1552.527,1685.092,64.8911,0.000,0.000,1,7,49.2843,15.0000
1552.727,1685.292,64.8796,0.000,0.000,1,7,49.2843,15.0000
1552.927,1685.490,64.8599,0.000,0.000,1,7,49.2843,15.0000
1553.127,1685.690,64.8403,0.000,0.000,1,7,49.2843,15.0000
1553.327,1685.890,64.8162,0.000,0.000,1,7,49.2843,15.0000
1553.527,1686.092,64.7934,0.000,0.000,1,7,49.2843,15.0000
1553.727,1686.290,64.7684,0.000,0.000,1,7,49.2843,15.0000
1553.926,1686.490,64.7446,0.000,0.000,1,7,49.2843,15.0000
1554.127,1686.689,64.7197,0.000,0.000,1,7,49.2843,15.0000
1554.327,1686.890,64.7020,0.000,0.000,1,7,49.2843,15.0000
1554.527,1687.092,64.6769,0.000,0.000,1,7,49.2843,15.0000
1554.727,1687.289,64.6572,0.000,0.000,1,7,49.2843,15.0000
1554.927,1687.489,64.6413,0.000,0.000,1,7,49.2843,15.0000
1555.127,1687.689,64.6247,0.000,0.000,1,7,49.2843,15.0000
1555.326,1687.889,64.6055,0.000,0.000,1,7,49.2843,15.0000
1555.526,1688.090,64.5838,0.000,0.000,1,7,49.2843,15.0000
1555.726,1688.288,64.5565,0.000,0.000,1,7,49.2843,15.0000
1555.926,1688.488,64.5379,0.000,0.000,1,7,49.2843,15.0000
1556.127,1688.688,64.5057,0.000,0.000,1,7,49.2843,15.0000
1556.326,1688.888,64.4953,0.000,0.000,1,7,49.2843,15.0000
1556.526,1689.088,64.4640,0.000,0.000,1,7,49.2843,15.0000
1556.727,1689.288,64.4512,0.000,0.000,1,7,49.2843,15.0000
1556.927,1689.488,64.4326,0.000,0.000,1,7,49.2843,15.0000
1557.127,1689.688,64.4082,0.000,0.000,1,7,49.2843,15.0000
1557.326,1689.888,64.3887,0.000,0.000,1,7,49.2843,15.0000
1557.527,1690.088,64.3662,0.000,0.000,1,7,49.2843,15.0000
1557.727,1690.288,64.3530,0.000,0.000,1,7,49.2843,15.0000
1557.926,1690.487,64.3325,0.000,0.000,1,7,49.2843,15.0000
1558.127,1690.687,64.3100,0.000,0.000,1,7,49.2843,15.0000
1558.327,1690.887,64.2891,0.000,0.000,1,7,49.2843,15.0000
1558.527,1691.088,64.2588,0.000,0.000,1,7,49.2843,15.0000
1558.727,1691.287,64.2404,0.000,0.000,1,7,49.2843,15.0000
1558.927,1691.487,64.2257,0.000,0.000,1,7,49.2843,15.0000
1559.126,1691.686,64.1992,0.000,0.000,1,7,49.2843,15.0000
1559.327,1691.887,64.1844,0.000,0.000,1,7,49.2843,15.0000
1559.527,1692.086,64.1628,0.000,0.000,1,7,49.2843,15.0000
1559.727,1692.286,64.1468,0.000,0.000,1,7,49.2843,15.0000
1559.927,1692.486,64.1260,0.000,0.000,1,7,49.2843,15.0000
1560.127,1692.687,64.1060,0.000,0.000,1,7,49.2843,15.0000
1560.327,1692.887,64.0853,0.000,0.000,1,7,49.2843,15.0000
1560.527,1693.086,64.0537,0.000,0.000,1,7,49.2843,15.0000
1560.726,1693.285,64.0373,0.000,0.000,1,7,49.2843,15.0000
1560.927,1693.484,64.0140,0.000,0.000,1,7,49.2843,15.0000
1561.127,1693.686,63.9920,0.000,0.000,1,7,49.2843,15.0000
1561.327,1693.885,63.9673,0.000,0.000,1,7,49.2843,15.0000
1561.527,1694.086,63.9526,0.000,0.000,1,7,49.2843,15.0000
1561.727,1694.285,63.9336,0.000,0.000,1,7,49.2843,15.0000
1561.927,1694.484,63.9079,0.000,0.000,1,7,49.2843,15.0000
1562.127,1694.685,63.8939,0.000,0.000,1,7,49.2843,15.0000
1562.327,1694.885,63.8745,0.000,0.000,1,7,49.2843,15.0000
1562.527,1695.085,63.8501,0.000,0.000,1,7,49.2843,15.0000
1562.727,1695.284,63.8223,0.000,0.000,1,7,49.2843,15.0000
1562.927,1695.484,63.8133,0.000,0.000,1,7,49.2843,15.0000
1563.127,1695.684,63.7871,0.000,0.000,1,7,49.2843,15.0000
1563.327,1695.885,63.7651,0.000,0.000,1,7,49.2843,15.0000
1563.526,1696.084,63.7288,0.000,0.000,1,7,49.2843,15.0000
1563.727,1696.284,63.7138,0.000,0.000,1,7,49.2843,15.0000
1563.927,1696.482,63.6907,0.000,0.000,1,7,49.2843,15.0000
1564.127,1696.684,63.6639,0.000,0.000,1,7,49.2843,15.0000
1564.327,1696.883,63.6514,0.000,0.000,1,7,49.2843,15.0000
1564.527,1697.084,63.6203,0.000,0.000,1,7,49.2843,15.0000
1564.727,1697.283,63.5978,0.000,0.000,1,7,49.2843,15.0000
1564.927,1697.482,63.5833,0.000,0.000,1,7,49.2843,15.0000
1565.127,1697.684,63.5604,0.000,0.000,1,7,49.2843,15.0000
1565.327,1697.883,63.5337,0.000,0.000,1,7,49.2843,15.0000
1565.527,1698.083,63.5085,0.000,0.000,1,7,49.2843,15.0000
1565.726,1698.282,63.4850,0.000,0.000,1,7,49.2843,15.0000
1565.927,1698.482,63.4687,0.000,0.000,1,7,49.2843,15.0000
1566.127,1698.682,63.4458,0.000,0.000,1,7,49.2843,15.0000
1566.327,1698.883,63.4255,0.000,0.000,1,7,49.2843,15.0000
1566.527,1699.082,63.4025,0.000,0.000,1,7,49.2843,15.0000
1566.727,1699.282,63.3784,0.000,0.000,1,7,49.2843,15.0000
1566.927,1699.480,63.3581,0.000,0.000,1,7,49.2843,15.0000
1567.127,1699.682,63.3356,0.000,0.000,1,7,49.2843,15.0000
1567.327,1699.883,63.3086,0.000,0.000,1,7,49.2843,15.0000
1567.527,1700.081,63.2910,0.000,0.000,1,7,49.2843,15.0000
1567.727,1700.281,63.2666,0.000,0.000,1,7,49.2843,15.0000
1567.927,1700.480,63.2565,0.000,0.000,1,7,49.2843,15.0000
1568.127,1700.682,63.2117,0.000,0.000,1,7,49.2843,15.0000
1568.327,1700.883,63.1933,0.000,0.000,1,7,49.2843,15.0000
1568.527,1701.080,63.1631,0.000,0.000,1,7,49.2843,15.0000
1568.727,1701.280,63.1419,0.000,0.000,1,7,49.2843,15.0000
1568.927,1701.480,63.1253,0.000,0.000,1,7,49.2843,15.0000
1569.127,1701.680,63.1003,0.000,0.000,1,7,49.2843,15.0000
1569.327,1701.881,63.0719,0.000,0.000,1,7,49.2843,15.0000
1569.527,1702.079,63.0468,0.000,0.000,1,7,49.2843,15.0000
1569.727,1702.279,63.0228,0.000,0.000,1,7,49.2843,15.0000
1569.927,1702.478,62.9914,0.000,0.000,1,7,49.2843,15.0000
1570.127,1702.680,62.9591,0.000,0.000,1,7,49.2843,15.0000
1570.327,1702.880,62.9248,0.000,0.000,1,7,49.2843,15.0000
1570.526,1703.079,62.8999,0.000,0.000,1,7,49.2843,15.0000
1570.727,1703.279,62.8794,0.000,0.000,1,7,49.2843,15.0000
1570.927,1703.478,62.8496,0.000,0.000,1,7,49.2843,15.0000
1571.127,1703.680,62.8273,0.000,0.000,1,7,49.2843,15.0000
1571.327,1703.880,62.7964,0.000,0.000,1,7,49.2843,15.0000
1571.527,1704.078,62.7568,0.000,0.000,1,7,49.2843,15.0000
1571.727,1704.278,62.7192,0.000,0.000,1,7,49.2843,15.0000
1571.927,1704.478,62.6753,0.000,0.000,1,7,49.2843,15.0000
1572.127,1704.678,62.6426,0.000,0.000,1,7,49.2843,15.0000
1572.327,1704.879,62.6079,0.000,0.000,1,7,49.2843,15.0000
1572.527,1705.078,62.5687,0.000,0.000,1,7,49.2843,15.0000
1572.727,1705.277,62.5360,0.000,0.000,1,7,49.2843,15.0000
1572.926,1705.476,62.4919,0.000,0.000,1,7,49.2843,15.0000
1573.127,1705.678,62.4515,0.000,0.000,1,7,49.2843,15.0000
1573.327,1705.878,62.3975,0.000,0.000,1,7,49.2843,15.0000
1573.527,1706.077,62.3572,0.000,0.000,1,7,49.2843,15.0000
1573.727,1706.277,62.3100,0.000,0.000,1,7,49.2843,15.0000
1573.926,1706.476,62.2676,0.000,0.000,1,7,49.2843,15.0000
1574.127,1706.678,62.2160,0.000,0.000,1,7,49.2843,15.0000
1574.327,1706.878,62.1489,0.000,0.000,1,7,49.2843,15.0000
1574.527,1707.076,62.0957,0.000,0.000,1,7,49.2843,15.0000
1574.727,1707.275,62.0425,0.000,0.000,1,7,49.2843,15.0000
1574.926,1707.476,61.9985,0.000,0.000,1,7,49.2843,15.0000
1575.127,1707.676,61.9433,0.000,0.000,1,7,49.2843,15.0000
1575.327,1707.877,61.8810,0.000,0.000,1,7,49.2843,15.0000
1575.527,1708.076,61.8244,0.000,0.000,1,7,49.2843,15.0000
1575.727,1708.275,61.7731,0.000,0.000,1,7,49.2843,15.0000
1575.927,1708.476,61.7094,0.000,0.000,1,7,49.2843,15.0000
1576.127,1708.676,61.6380,0.000,0.000,1,7,49.2843,15.0000
1576.327,1708.876,61.5723,0.000,0.000,1,7,49.2843,15.0000
1576.527,1709.075,61.5146,0.000,0.000,1,7,49.2843,15.0000
1576.727,1709.275,61.4516,0.000,0.000,1,7,49.2843,15.0000
1576.927,1709.475,61.3825,0.000,0.000,1,7,49.2843,15.0000
1577.127,1709.676,61.3110,0.000,0.000,1,7,49.2843,15.0000
1577.327,1709.876,61.2552,0.000,0.000,1,7,49.2843,15.0000
1577.527,1710.074,61.1942,0.000,0.000,1,7,49.2843,15.0000
1577.727,1710.274,61.1138,0.000,0.000,1,7,49.2843,15.0000
1577.927,1710.474,61.0490,0.000,0.000,1,7,49.2843,15.0000
1578.126,1710.676,60.9785,0.000,0.000,1,7,49.2843,15.0000
1578.327,1710.875,60.9121,0.000,0.000,1,7,49.2843,15.0000
1578.527,1711.074,60.8464,0.000,0.000,1,7,49.2843,15.0000
1578.527,1711.273,60.7638,0.000,0.000,1,7,49.2843,15.0000
1578.927,1711.474,60.6981,0.000,0.000,1,7,49.2843,15.0000
1579.126,1711.676,60.6328,0.000,0.000,1,7,49.2843,15.0000
1579.327,1711.874,60.5547,0.000,0.000,1,7,49.2843,15.0000
1579.327,1712.073,60.4816,0.000,0.000,1,7,49.2843,15.0000
1579.527,1712.273,60.4183,0.000,0.000,1,7,49.2843,15.0000
1579.727,1712.473,60.3496,0.000,0.000,1,7,49.2843,15.0000
1580.127,1712.674,60.2690,0.000,0.000,1,7,49.2843,15.0000
1580.127,1712.872,60.1976,0.000,0.000,1,7,49.2843,15.0000
1580.326,1713.072,60.1330,0.000,0.000,1,7,49.2843,15.0000
1580.527,1713.272,60.0581,0.000,0.000,1,7,49.2843,15.0000
1580.727,1713.472,59.9741,0.000,0.000,1,7,49.2843,15.0000
1580.927,1713.674,59.9098,0.000,0.000,1,7,49.2843,15.0000
1581.127,1713.872,59.8445,0.000,0.000,1,7,49.2843,15.0000
1581.327,1714.072,59.7659,0.000,0.000,1,7,49.2843,15.0000
1581.527,1714.270,59.6968,0.000,0.000,1,7,49.2843,15.0000
1581.727,1714.472,59.6243,0.000,0.000,1,7,49.2843,15.0000
1581.926,1714.674,59.5522,0.000,0.000,1,7,49.2843,15.0000
1582.127,1714.871,59.4679,0.000,0.000,1,7,49.2843,15.0000
1582.327,1715.071,59.4028,0.000,0.000,1,7,49.2843,15.0000
1582.526,1715.271,59.3270,0.000,0.000,1,7,49.2843,15.0000
1582.727,1715.471,59.2414,0.000,0.000,1,7,49.2843,15.0000
1582.926,1715.672,59.1621,0.000,0.000,1,7,49.2843,15.0000
1583.127,1715.871,59.0890,0.000,0.000,1,7,49.2843,15.0000
1583.327,1716.071,59.0210,0.000,0.000,1,7,49.2843,15.0000
1583.527,1716.270,58.9507,0.000,0.000,1,7,49.2843,15.0000
1583.727,1716.471,58.8675,0.000,0.000,1,7,49.2843,15.0000
1583.927,1716.670,58.7995,0.000,0.000,1,7,49.2843,15.0000
1584.127,1716.870,58.7272,0.000,0.000,1,7,49.2843,15.0000
1584.327,1717.070,58.6558,0.000,0.000,1,7,49.2843,15.0000
1584.527,1717.268,58.5893,0.000,0.000,1,7,49.2843,15.0000
1584.727,1717.471,58.5098,0.000,0.000,1,7,49.2843,15.0000
1584.927,1717.670,58.4339,0.000,0.000,1,7,49.2843,15.0000
1585.127,1717.869,58.3665,0.000,0.000,1,7,49.2843,15.0000
1585.327,1718.069,58.2968,0.000,0.000,1,7,49.2843,15.0000
1585.527,1718.269,58.2221,0.000,0.000,1,7,49.2843,15.0000
1585.727,1718.469,58.1533,0.000,0.000,1,7,49.2843,15.0000
1585.927,1718.670,58.0806,0.000,0.000,1,7,49.2843,15.0000
1586.126,1718.869,58.0091,0.000,0.000,1,7,49.2843,15.0000
1586.327,1719.069,57.9482,0.000,0.000,1,7,49.2843,15.0000
1586.527,1719.268,57.8542,0.000,0.000,1,7,49.2843,15.0000
1586.727,1719.469,57.7972,0.000,0.000,1,7,49.2843,15.0000
1586.926,1719.669,57.7144,0.000,0.000,1,7,49.2843,15.0000
1587.127,1719.868,57.6426,0.000,0.000,1,7,49.2843,15.0000
1587.327,1720.068,57.5718,0.000,0.000,1,7,49.2843,15.0000
1587.527,1720.268,57.5039,0.000,0.000,1,7,49.2843,15.0000
1587.727,1720.469,57.4438,0.000,0.000,1,7,49.2843,15.0000
1587.927,1720.669,57.3758,0.000,0.000,1,7,49.2843,15.0000
1588.127,1720.867,57.2908,0.000,0.000,1,7,49.2843,15.0000
1588.327,1721.066,57.2249,0.000,0.000,1,7,49.2843,15.0000
1588.527,1721.268,57.1554,0.000,0.000,1,7,49.2843,15.0000
1588.727,1721.467,57.0884,0.000,0.000,1,7,49.2843,15.0000
1588.926,1721.668,57.0186,0.000,0.000,1,7,49.2843,15.0000
1589.127,1721.867,56.9401,0.000,0.000,1,7,49.2843,15.0000
1589.327,1722.066,56.8820,0.000,0.000,1,7,49.2843,15.0000
1589.527,1722.268,56.8091,0.000,0.000,1,7,49.2843,15.0000
1589.727,1722.467,56.7376,0.000,0.000,1,7,49.2843,15.0000
1589.927,1722.667,56.6668,0.000,0.000,1,7,49.2843,15.0000
1590.127,1722.866,56.6001,0.000,0.000,1,7,49.2843,15.0000
1590.327,1723.066,56.5356,0.000,0.000,1,7,49.2843,15.0000
1590.527,1723.266,56.4653,0.000,0.000,1,7,49.2843,15.0000
1590.727,1723.467,56.3922,0.000,0.000,1,7,49.2843,15.0000
1590.927,1723.666,56.3278,0.000,0.000,1,7,49.2843,15.0000
1591.127,1723.866,56.2681,0.000,0.000,1,7,49.2843,15.0000
1591.327,1724.064,56.1942,0.000,0.000,1,7,49.2843,15.0000
1591.527,1724.266,56.1391,0.000,0.000,1,7,49.2843,15.0000
1591.727,1724.467,56.0514,0.000,0.000,1,7,49.2843,15.0000
1591.927,1724.666,56.0064,0.000,0.000,1,7,49.2843,15.0000
1592.127,1724.865,55.9298,0.000,0.000,1,7,49.2843,15.0000
1592.327,1725.064,55.8703,0.000,0.000,1,7,49.2843,15.0000
1592.527,1725.266,55.8039,0.000,0.000,1,7,49.2843,15.0000
1592.727,1725.467,55.7516,0.000,0.000,1,7,49.2843,15.0000
1592.927,1725.665,55.6968,0.000,0.000,1,7,49.2843,15.0000
1593.127,1725.864,55.6165,0.000,0.000,1,7,49.2843,15.0000
1593.326,1726.064,55.5405,0.000,0.000,1,7,49.2843,15.0000
1593.526,1726.264,55.5010,0.000,0.000,1,7,49.2843,15.0000
1593.726,1726.465,55.4181,0.000,0.000,1,7,49.2843,15.0000
1593.927,1726.663,55.3618,0.000,0.000,1,7,49.2843,15.0000
1594.127,1726.864,55.3061,0.000,0.000,1,7,49.2843,15.0000
1594.327,1727.062,55.2402,0.000,0.000,1,7,49.2843,15.0000
1594.526,1727.264,55.1929,0.000,0.000,1,7,49.2843,15.0000
1594.726,1727.464,55.1263,0.000,0.000,1,7,49.2843,15.0000
1594.926,1727.663,55.0678,0.000,0.000,1,7,49.2843,15.0000
1595.127,1727.864,54.9886,0.000,0.000,1,7,49.2843,15.0000
1595.327,1728.062,54.9394,0.000,0.000,1,7,49.2843,15.0000
1595.527,1728.264,54.8825,0.000,0.000,1,7,49.2843,15.0000
1595.727,1728.464,54.8139,0.000,0.000,1,7,49.2843,15.0000
1595.927,1728.662,54.7296,0.000,0.000,1,7,49.2843,15.0000
1596.213,1728.862,54.6755,0.000,0.000,1,7,49.2843,15.0000
1596.444,1729.060,54.6216,0.000,0.000,1,7,49.2843,15.0000
1596.703,1729.262,54.5588,0.000,0.000,1,7,49.2843,15.0000
1596.898,1729.463,54.5013,0.000,0.000,1,7,49.2843,15.0000
1597.125,1729.662,54.4432,0.000,0.000,1,7,49.2843,15.0000
1597.126,1729.862,54.3926,0.000,0.000,1,7,49.2843,15.0000
1597.378,1730.060,54.3403,0.000,0.000,1,7,49.2843,15.0000
1597.633,1730.262,54.2783,0.000,0.000,1,7,49.2843,15.0000
1597.880,1730.462,54.2202,0.000,0.000,1,7,49.2843,15.0000
1598.111,1730.661,54.1697,0.000,0.000,1,7,49.2843,15.0000
1598.306,1730.861,54.1316,0.000,0.000,1,7,49.2843,15.0000
1598.522,1731.060,54.0722,0.000,0.000,1,7,49.2843,15.0000
1598.523,1731.262,54.0273,0.000,0.000,1,7,49.2843,15.0000
1598.821,1731.462,53.9595,0.000,0.000,1,7,49.2843,15.0000
1599.053,1731.660,53.9057,0.000,0.000,1,7,49.2843,15.0000
1599.308,1731.859,53.8527,0.000,0.000,1,7,49.2843,15.0000
1599.509,1732.060,53.8037,0.000,0.000,1,7,49.2843,15.0000
1599.736,1732.260,53.7629,0.000,0.000,1,7,49.2843,15.0000
1599.736,1732.461,53.7005,0.000,0.000,1,7,49.2843,15.0000
1600.001,1732.660,53.6506,0.000,0.000,1,7,49.2843,15.0000
1600.246,1732.857,53.5892,0.000,0.000,1,7,49.2843,15.0000
1600.446,1733.060,53.5415,0.000,0.000,1,7,49.2843,15.0000
1600.659,1733.260,53.5046,0.000,0.000,1,7,49.2843,15.0000
1600.823,1733.460,53.4525,0.000,0.000,1,7,49.2843,15.0000
1601.024,1733.659,53.3965,0.000,0.000,1,7,49.2843,15.0000
1601.221,1733.859,53.3418,0.000,0.000,1,7,49.2843,15.0000
1601.442,1734.058,53.3022,0.000,0.000,1,7,49.2843,15.0000
1601.673,1734.260,53.2575,0.000,0.000,1,7,49.2843,15.0000
1601.922,1734.460,53.2008,0.000,0.000,1,7,49.2843,15.0000
1601.922,1734.658,53.1585,0.000,0.000,1,7,49.2843,15.0000
1602.221,1734.857,53.1095,0.000,0.000,1,7,49.2843,15.0000
1602.462,1735.058,53.0576,0.000,0.000,1,7,49.2843,15.0000
1602.706,1735.258,53.0080,0.000,0.000,1,7,49.2843,15.0000
1602.914,1735.459,52.9655,0.000,0.000,1,7,49.2843,15.0000
1602.914,1735.658,52.9023,0.000,0.000,1,7,49.2843,15.0000
1603.143,1735.857,52.8597,0.000,0.000,1,7,49.2843,15.0000
1603.399,1736.058,52.8071,0.000,0.000,1,7,49.2843,15.0000
1603.634,1736.258,52.7705,0.000,0.000,1,7,49.2843,15.0000
1603.890,1736.458,52.7073,0.000,0.000,1,7,49.2843,15.0000
1604.142,1736.657,52.6826,0.000,0.000,1,7,49.2843,15.0000
1604.142,1736.857,52.6307,0.000,0.000,1,7,49.2843,15.0000
1604.421,1737.057,52.5768,0.000,0.000,1,7,49.2843,15.0000
1604.664,1737.258,52.5397,0.000,0.000,1,7,49.2843,15.0000
1604.883,1737.459,52.4824,0.000,0.000,1,7,49.2843,15.0000
1605.124,1737.657,52.4261,0.000,0.000,1,7,49.2843,15.0000
1605.125,1737.856,52.3968,0.000,0.000,1,7,49.2843,15.0000
1605.396,1738.056,52.3543,0.000,0.000,1,7,49.2843,15.0000
1605.624,1738.258,52.3076,0.000,0.000,1,7,49.2843,15.0000
1605.856,1738.457,52.2619,0.000,0.000,1,7,49.2843,15.0000
1606.051,1738.656,52.2117,0.000,0.000,1,7,49.2843,15.0000
1606.255,1738.856,52.1694,0.000,0.000,1,7,49.2843,15.0000
1606.482,1739.056,52.1206,0.000,0.000,1,7,49.2843,15.0000
1606.683,1739.258,52.0801,0.000,0.000,1,7,49.2843,15.0000
1606.896,1739.455,52.0319,0.000,0.000,1,7,49.2843,15.0000
1607.083,1739.655,51.9870,0.000,0.000,1,7,49.2843,15.0000
1607.287,1739.855,51.9424,0.000,0.000,1,7,49.2843,15.0000
1607.512,1740.055,51.8913,0.000,0.000,1,7,49.2843,15.0000
1607.512,1740.256,51.8542,0.000,0.000,1,7,49.2843,15.0000
1607.739,1740.454,51.8171,0.000,0.000,1,7,49.2843,15.0000
1607.977,1740.655,51.7594,0.000,0.000,1,7,49.2843,15.0000
1608.220,1740.854,51.7306,0.000,0.000,1,7,49.2843,15.0000
1608.428,1741.055,51.6785,0.000,0.000,1,7,49.2843,15.0000
1608.700,1741.254,51.6325,0.000,0.000,1,7,49.2843,15.0000
1608.926,1741.453,51.5869,0.000,0.000,1,7,49.2843,15.0000
1608.926,1741.654,51.5491,0.000,0.000,1,7,49.2843,15.0000
1609.202,1741.854,51.5006,0.000,0.000,1,7,49.2843,15.0000
1609.421,1742.055,51.4585,0.000,0.000,1,7,49.2843,15.0000
1609.658,1742.254,51.4101,0.000,0.000,1,7,49.2843,15.0000
1609.918,1742.452,51.3872,0.000,0.000,1,7,49.2843,15.0000
1609.918,1742.653,51.3268,0.000,0.000,1,7,49.2843,15.0000
1610.221,1742.853,51.2908,0.000,0.000,1,7,49.2843,15.0000
1610.480,1743.053,51.2578,0.000,0.000,1,7,49.2843,15.0000
1610.720,1743.254,51.1904,0.000,0.000,1,7,49.2843,15.0000
1610.720,1743.453,51.1589,0.000,0.000,1,7,49.2843,15.0000
1611.021,1743.652,51.1237,0.000,0.000,1,7,49.2843,15.0000
1611.270,1743.852,51.0714,0.000,0.000,1,7,49.2843,15.0000
1611.514,1744.053,51.0417,0.000,0.000,1,7,49.2843,15.0000
1611.514,1744.253,50.9900,0.000,0.000,1,7,49.2843,15.0000
1611.736,1744.452,50.9601,0.000,0.000,1,7,49.2843,15.0000
1612.015,1744.652,50.9204,0.000,0.000,1,7,49.2843,15.0000
1612.226,1744.852,50.8618,0.000,0.000,1,7,49.2843,15.0000
1612.397,1745.053,50.8354,0.000,0.000,1,7,49.2843,15.0000
1612.622,1745.253,50.7835,0.000,0.000,1,7,49.2843,15.0000
1612.858,1745.452,50.7557,0.000,0.000,1,7,49.2843,15.0000
1613.174,1745.650,50.7192,0.000,0.000,1,7,49.2843,15.0000
1613.175,1745.852,50.6580,0.000,0.000,1,7,49.2843,15.0000
1613.422,1746.051,50.6282,0.000,0.000,1,7,49.2843,15.0000
1613.623,1746.252,50.5735,0.000,0.000,1,7,49.2843,15.0000
1613.726,1746.451,50.5412,0.000,0.000,1,7,49.2843,15.0000
1613.927,1746.650,50.5085,0.000,0.000,1,7,49.2843,15.0000
1614.126,1746.852,50.4526,0.000,0.000,1,7,49.2843,15.0000
1614.327,1747.051,50.4183,0.000,0.000,1,7,49.2843,15.0000
1614.527,1747.251,50.3566,0.000,0.000,1,7,49.2843,15.0000
1614.727,1747.450,50.3232,0.000,0.000,1,7,49.2843,15.0000
1614.927,1747.650,50.2803,0.000,0.000,1,7,49.2843,15.0000
1615.127,1747.850,50.2383,0.000,0.000,1,7,49.2843,15.0000
1615.327,1748.051,50.2124,0.000,0.000,1,7,49.2843,15.0000
1615.527,1748.251,50.1440,0.000,0.000,1,7,49.2843,15.0000
1615.727,1748.449,50.1079,0.000,0.000,1,7,49.2843,15.0000
1615.927,1748.648,50.0532,0.000,0.000,1,7,49.2843,15.0000
1616.127,1748.850,50.0230,0.000,0.000,1,7,49.2843,15.0000
1616.327,1749.051,49.9777,0.000,0.000,1,7,49.2843,15.0000
1616.526,1749.250,49.9438,0.000,0.000,1,7,49.2843,15.0000
1616.727,1749.449,49.8978,0.000,0.000,1,7,49.2843,15.0000
1616.927,1749.648,49.8672,0.000,0.000,1,7,49.2843,15.0000
1617.126,1749.850,49.8244,0.000,0.000,1,7,49.2843,15.0000
1617.327,1750.051,49.7578,0.000,0.000,1,7,49.2843,15.0000
